<?xml version="1.0" encoding="UTF-8"?>
<patent-document ucid="EP-2958776-A1" country="EP" doc-number="2958776" kind="A1" date="20151230" family-id="50238355" file-reference-id="318326" date-produced="20180825" status="corrected" lang="DE"><bibliographic-data><publication-reference fvid="160453353" ucid="EP-2958776-A1"><document-id><country>EP</country><doc-number>2958776</doc-number><kind>A1</kind><date>20151230</date><lang>DE</lang></document-id></publication-reference><application-reference ucid="EP-14708498-A" is-representative="NO"><document-id mxw-id="PAPP193869674" load-source="patent-office" format="original"><country>EP</country><doc-number>14708498.2</doc-number><date>20140218</date><lang>DE</lang></document-id><document-id mxw-id="PAPP193869675" load-source="docdb" format="epo"><country>EP</country><doc-number>14708498</doc-number><kind>A</kind><date>20140218</date><lang>DE</lang></document-id></application-reference><priority-claims><priority-claim mxw-id="PPC162030279" ucid="DE-102013202846-A" load-source="docdb"><document-id format="epo"><country>DE</country><doc-number>102013202846</doc-number><kind>A</kind><date>20130221</date></document-id></priority-claim><priority-claim mxw-id="PPC162028768" ucid="EP-2014053129-W" linkage-type="W" load-source="docdb"><document-id format="epo"><country>EP</country><doc-number>2014053129</doc-number><kind>W</kind><date>20140218</date></document-id></priority-claim></priority-claims><technical-data><classifications-ipcr><classification-ipcr mxw-id="PCL-1988520433" load-source="docdb">B60R  21/217       20110101ALI20140912BHEP        </classification-ipcr><classification-ipcr mxw-id="PCL-1988527281" load-source="docdb">B60R  21/239       20060101AFI20140912BHEP        </classification-ipcr></classifications-ipcr><classifications-cpc><classification-cpc mxw-id="PCL-1987774083" load-source="docdb" scheme="CPC">B60R  21/276       20130101 LI20151207BHEP        </classification-cpc><classification-cpc mxw-id="PCL-1987788785" load-source="docdb" scheme="CPC">B60R2021/2765      20130101 LA20151207BHEP        </classification-cpc><classification-cpc mxw-id="PCL-1987789713" load-source="docdb" scheme="CPC">B60R  21/217       20130101 FI20151207BHEP        </classification-cpc></classifications-cpc><invention-title mxw-id="PT165551525" lang="DE" load-source="patent-office">AIRBAGMODUL FÜR EIN KRAFTFAHRZEUG</invention-title><invention-title mxw-id="PT165551526" lang="EN" load-source="patent-office">AIRBAG MODULE FOR A MOTOR VEHICLE</invention-title><invention-title mxw-id="PT165551527" lang="FR" load-source="patent-office">MODULE DE COUSSIN DE SÉCURITÉ GONFLABLE POUR VÉHICULE AUTOMOBILE</invention-title></technical-data><parties><applicants><applicant mxw-id="PPAR1103315169" load-source="docdb" sequence="1" format="epo"><addressbook><last-name>Takata AG</last-name><address><country>DE</country></address></addressbook></applicant><applicant mxw-id="PPAR1103303017" load-source="docdb" sequence="1" format="intermediate"><addressbook><last-name>Takata AG</last-name></addressbook></applicant><applicant mxw-id="PPAR1101642916" load-source="patent-office" sequence="1" format="original"><addressbook><last-name>Takata AG</last-name><iid>101310010</iid><address><street>Bahnweg 1</street><city>63743 Aschaffenburg</city><country>DE</country></address></addressbook></applicant></applicants><inventors><inventor mxw-id="PPAR1103317074" load-source="docdb" sequence="1" format="epo"><addressbook><last-name>FECHNER TOBIAS</last-name><address><country>DE</country></address></addressbook></inventor><inventor mxw-id="PPAR1103319735" load-source="docdb" sequence="1" format="intermediate"><addressbook><last-name>FECHNER, TOBIAS</last-name></addressbook></inventor><inventor mxw-id="PPAR1101653566" load-source="patent-office" sequence="1" format="original"><addressbook><last-name>FECHNER, TOBIAS</last-name><address><street>Gailbacher Straße 10</street><city>63743 Aschaffenburg</city><country>DE</country></address></addressbook></inventor><inventor mxw-id="PPAR1103319164" load-source="docdb" sequence="2" format="epo"><addressbook><last-name>BUCHHOLZ ANDRE</last-name><address><country>DE</country></address></addressbook></inventor><inventor mxw-id="PPAR1103341735" load-source="docdb" sequence="2" format="intermediate"><addressbook><last-name>BUCHHOLZ, ANDRE</last-name></addressbook></inventor><inventor mxw-id="PPAR1101639697" load-source="patent-office" sequence="2" format="original"><addressbook><last-name>BUCHHOLZ, ANDRE</last-name><address><street>Strassmannstraße 8</street><city>10249 Berlin</city><country>DE</country></address></addressbook></inventor><inventor mxw-id="PPAR1103342516" load-source="docdb" sequence="3" format="epo"><addressbook><last-name>WEIS PETER</last-name><address><country>DE</country></address></addressbook></inventor><inventor mxw-id="PPAR1103327055" load-source="docdb" sequence="3" format="intermediate"><addressbook><last-name>WEIS, PETER</last-name></addressbook></inventor><inventor mxw-id="PPAR1101650378" load-source="patent-office" sequence="3" format="original"><addressbook><last-name>WEIS, PETER</last-name><address><street>Frühlingsstraße 4</street><city>63874 Dammbach</city><country>DE</country></address></addressbook></inventor></inventors><agents><agent mxw-id="PPAR1101649134" load-source="patent-office" sequence="1" format="original"><addressbook><last-name>Maikowski &amp; Ninnemann</last-name><iid>101537572</iid><address><street>Postfach 15 09 20</street><city>10671 Berlin</city><country>DE</country></address></addressbook></agent></agents></parties><international-convention-data><pct-or-regional-filing-data ucid="EP-2014053129-W"><document-id><country>EP</country><doc-number>2014053129</doc-number><kind>W</kind><date>20140218</date><lang>DE</lang></document-id></pct-or-regional-filing-data><pct-or-regional-publishing-data ucid="WO-2014128121-A1"><document-id><country>WO</country><doc-number>2014128121</doc-number><kind>A1</kind><date>20140828</date><lang>DE</lang></document-id></pct-or-regional-publishing-data><designated-states><ep-contracting-states><country mxw-id="DS660718688" load-source="docdb">AL</country><country mxw-id="DS660715943" load-source="docdb">AT</country><country mxw-id="DS660718690" load-source="docdb">BE</country><country mxw-id="DS660635668" load-source="docdb">BG</country><country mxw-id="DS660639385" load-source="docdb">CH</country><country mxw-id="DS660747642" load-source="docdb">CY</country><country mxw-id="DS660715944" load-source="docdb">CZ</country><country mxw-id="DS660718695" load-source="docdb">DE</country><country mxw-id="DS660747647" load-source="docdb">DK</country><country mxw-id="DS660747648" load-source="docdb">EE</country><country mxw-id="DS660792832" load-source="docdb">ES</country><country mxw-id="DS660635669" load-source="docdb">FI</country><country mxw-id="DS660635670" load-source="docdb">FR</country><country mxw-id="DS660718696" load-source="docdb">GB</country><country mxw-id="DS660747649" load-source="docdb">GR</country><country mxw-id="DS660718697" load-source="docdb">HR</country><country mxw-id="DS660715945" load-source="docdb">HU</country><country mxw-id="DS660639386" load-source="docdb">IE</country><country mxw-id="DS660718698" load-source="docdb">IS</country><country mxw-id="DS660635683" load-source="docdb">IT</country><country mxw-id="DS660747650" load-source="docdb">LI</country><country mxw-id="DS660637070" load-source="docdb">LT</country><country mxw-id="DS660715946" load-source="docdb">LU</country><country mxw-id="DS660637075" load-source="docdb">LV</country><country mxw-id="DS660637076" load-source="docdb">MC</country><country mxw-id="DS660726077" load-source="docdb">MK</country><country mxw-id="DS660726078" load-source="docdb">MT</country><country mxw-id="DS660715951" load-source="docdb">NL</country><country mxw-id="DS660792833" load-source="docdb">NO</country><country mxw-id="DS660639395" load-source="docdb">PL</country><country mxw-id="DS660637078" load-source="docdb">PT</country><country mxw-id="DS660715952" load-source="docdb">RO</country><country mxw-id="DS660637087" load-source="docdb">RS</country><country mxw-id="DS660715953" load-source="docdb">SE</country><country mxw-id="DS660637088" load-source="docdb">SI</country><country mxw-id="DS660792834" load-source="docdb">SK</country><country mxw-id="DS660639396" load-source="docdb">SM</country><country mxw-id="DS660726087" load-source="docdb">TR</country></ep-contracting-states><ep-extended-states><ep-extended-state-data><country>BA</country></ep-extended-state-data><ep-extended-state-data><country>ME</country></ep-extended-state-data></ep-extended-states></designated-states></international-convention-data><office-specific-data><eptags><ep-no-a-document-published>*</ep-no-a-document-published></eptags></office-specific-data></bibliographic-data><abstract mxw-id="PA139078741" ref-ucid="WO-2014128121-A1" lang="DE" load-source="patent-office"><p num="0000">Die Erfindung betrifft ein Airbagmodul für ein Kraftfahrzeug, mit einem Gassack (2), der zum Schutz einer Person mittels eines Gasgenerators (6) aufblasbar ist, mit einem Modulgehäuse (7) zur Aufnahme des Gassackes (2), das einen Fortsatz aufweist, der von einer den Gassack (2) aufnehmenden Hauptkammer des Modulgehäuses (7) absteht, mit einer Gassackhalterung (5) zur Festlegung des Gassackes am Modulgehäuse (7), mit einem aufblasbaren Element (1) zur Regulierung des Gasdrucks im Gassack (2), das an der Gassackhalterung (5) festgelegt ist und das im aufgeblasenen Zustand mit einer Entlüftungsöffnung zusammenwirkt, durch die hindurch aus dem Airbagmodul stammendes Gas entweichen kann, und mit einer Auslöseeinheit (4) zum Befüllen des aufblasbaren Elementes mit Gas, die innerhalb des Modulgehäuses (7) in dem Fortsatz (70) des Modulgehäuses (7) angeordnet ist, und einem Befestigungselement (3), mittels dem die Auslöseeinheit (4) am Modulgehäuse (7) fixiert ist. Das Befestigungselement (3) greift mit einem Grundkörper (30), mit dem es die Auslöseeinheit (4) zumindest abschnittsweise umfasst, in den Fortsatz (70) des Modulgehäuses (7) ein.</p></abstract><abstract mxw-id="PA139545296" ref-ucid="WO-2014128121-A1" lang="DE" source="national office" load-source="docdb"><p>Die Erfindung betrifft ein Airbagmodul für ein Kraftfahrzeug, mit einem Gassack (2), der zum Schutz einer Person mittels eines Gasgenerators (6) aufblasbar ist, mit einem Modulgehäuse (7) zur Aufnahme des Gassackes (2), das einen Fortsatz aufweist, der von einer den Gassack (2) aufnehmenden Hauptkammer des Modulgehäuses (7) absteht, mit einer Gassackhalterung (5) zur Festlegung des Gassackes am Modulgehäuse (7), mit einem aufblasbaren Element (1) zur Regulierung des Gasdrucks im Gassack (2), das an der Gassackhalterung (5) festgelegt ist und das im aufgeblasenen Zustand mit einer Entlüftungsöffnung zusammenwirkt, durch die hindurch aus dem Airbagmodul stammendes Gas entweichen kann, und mit einer Auslöseeinheit (4) zum Befüllen des aufblasbaren Elementes mit Gas, die innerhalb des Modulgehäuses (7) in dem Fortsatz (70) des Modulgehäuses (7) angeordnet ist, und einem Befestigungselement (3), mittels dem die Auslöseeinheit (4) am Modulgehäuse (7) fixiert ist. Das Befestigungselement (3) greift mit einem Grundkörper (30), mit dem es die Auslöseeinheit (4) zumindest abschnittsweise umfasst, in den Fortsatz (70) des Modulgehäuses (7) ein.</p></abstract><abstract mxw-id="PA139078742" ref-ucid="WO-2014128121-A1" lang="EN" load-source="patent-office"><p num="0000">The invention relates to an airbag module for a motor vehicle, comprising a gas bag (2) that can be inflated using a gas generator (6) in order to protect a person, a module housing (7) that receives said gas bag (2) and has a projection protruding from a module housing (7) main chamber which receives the gas bag (2), a gas bag holder (5) for securing said gas bag to the module housing (7), an inflatable element (1) which regulates the gas pressure in the gas bag (2), is secured to the gas bag holder (5), and interacts, when inflated, with a deflation opening through which gas coming from the airbag module is able to escape, a triggering unit (4) that fills the inflatable element with gas and is arranged inside the module housing (7) in the projection (70) thereof, and a securing element (3) which fixes the triggering unit (4) to the module housing (7). The securing element (3) engages with the projection (70) of the module housing (7) by means of a main element (30) with which it encompasses at least some sections of the triggering unit (4).</p></abstract><abstract mxw-id="PA139545297" ref-ucid="WO-2014128121-A1" lang="EN" source="national office" load-source="docdb"><p>The invention relates to an airbag module for a motor vehicle, comprising a gas bag (2) that can be inflated using a gas generator (6) in order to protect a person, a module housing (7) that receives said gas bag (2) and has a projection protruding from a module housing (7) main chamber which receives the gas bag (2), a gas bag holder (5) for securing said gas bag to the module housing (7), an inflatable element (1) which regulates the gas pressure in the gas bag (2), is secured to the gas bag holder (5), and interacts, when inflated, with a deflation opening through which gas coming from the airbag module is able to escape, a triggering unit (4) that fills the inflatable element with gas and is arranged inside the module housing (7) in the projection (70) thereof, and a securing element (3) which fixes the triggering unit (4) to the module housing (7). The securing element (3) engages with the projection (70) of the module housing (7) by means of a main element (30) with which it encompasses at least some sections of the triggering unit (4).</p></abstract><abstract mxw-id="PA139078743" ref-ucid="WO-2014128121-A1" lang="FR" load-source="patent-office"><p num="0000">L'invention concerne un module de coussin de sécurité gonflable destiné un véhicule automobile, comprenant un coussin gonflable (2) qui peut être gonflé au moyen d'un générateur de gaz (6) afin de protéger une personne ; un boîtier de module (7) destiné à recevoir le coussin gonflable (2) et possédant un prolongement qui dépasse d'une chambre principale du boîtier de module (7) dans laquelle le coussin gonflable (2) est logé ; un support de coussin gonflable (5) destiné à fixer le coussin gonflable au boîtier de module (7) ; un élément gonflable (1), destiné à réguler la pression du gaz dans le coussin gonflable (2), qui est fixé sur le support de coussin gonflable (5) et coopère à l'état gonflé avec un évent par lequel le gaz provenant du module de coussin de sécurité gonflable peut s'échapper ; un ensemble de déclenchement (4), destiné à remplir de gaz l'élément gonflable et disposé à l'intérieur du boîtier de module (7) dans le prolongement (70) du boîtier de module (7) ; et un élément de fixation (3) au moyen duquel l'ensemble de déclenchement (4) est fixé au boîtier de module (7). L'élément de fixation (3) vient en prise, dans le prolongement (70) du boîtier de module (7), avec un corps de base (30) avec lequel il entoure au moins par endroits l'ensemble de déclenchement (4).</p></abstract><abstract mxw-id="PA139545298" ref-ucid="WO-2014128121-A1" lang="FR" source="national office" load-source="docdb"><p>L'invention concerne un module de coussin de sécurité gonflable destiné un véhicule automobile, comprenant un coussin gonflable (2) qui peut être gonflé au moyen d'un générateur de gaz (6) afin de protéger une personne ; un boîtier de module (7) destiné à recevoir le coussin gonflable (2) et possédant un prolongement qui dépasse d'une chambre principale du boîtier de module (7) dans laquelle le coussin gonflable (2) est logé ; un support de coussin gonflable (5) destiné à fixer le coussin gonflable au boîtier de module (7) ; un élément gonflable (1), destiné à réguler la pression du gaz dans le coussin gonflable (2), qui est fixé sur le support de coussin gonflable (5) et coopère à l'état gonflé avec un évent par lequel le gaz provenant du module de coussin de sécurité gonflable peut s'échapper ; un ensemble de déclenchement (4), destiné à remplir de gaz l'élément gonflable et disposé à l'intérieur du boîtier de module (7) dans le prolongement (70) du boîtier de module (7) ; et un élément de fixation (3) au moyen duquel l'ensemble de déclenchement (4) est fixé au boîtier de module (7). L'élément de fixation (3) vient en prise, dans le prolongement (70) du boîtier de module (7), avec un corps de base (30) avec lequel il entoure au moins par endroits l'ensemble de déclenchement (4).</p></abstract><description mxw-id="PDES78477681" ref-ucid="WO-2014128121-A1" lang="DE" load-source="patent-office"><!-- EPO <DP n="3"/>--><p id="p0001" num="0001"> Airbagmodul für ein Kraftfahrzeug </p><p id="p0002" num="0002">Beschreibung </p><p id="p0003" num="0003">Die Erfindung betrifft ein Airbagmodul für ein Kraftfahrzeug nach dem Oberbegriff des Anspruchs 1 . </p><p id="p0004" num="0004">Ein derartiges Airbagmodul umfasst einen Gassack, der zum Schutz einer Person, insbesondere eines Fahrzeuginsassen, mittels eines Gasgenerators aufblasbar ist, sowie ein Modulgehäuse zur Aufnahme des Gassackes und eine Gassackhalterung zur Festlegung des Gassackes am Modulgehäuse, welche üblicherweise mit letzterem verbunden ist, z. B. über mindestens eine Schraube. </p><p id="p0005" num="0005">Das Airbagmodul weist regelmäßig weiterhin eine Entlüftungsöffnung auf, durch die hindurch aus dem Airbagmodul stammendes Gas, welches vom Gasgenerator zum Aufblasen des Gassackes freigesetzt wurde, aus dem Airbagmodul entweichen kann, wobei zur Regulierung des Gasdrucks im Gassack der Austrittsquerschnitt der Entlüftungsöffnung steuerbar ist. Hierzu ist ein (von dem Gassack verschiedenes) aufblasbares Element vorgesehen, das an der Gassackhalterung festgelegt ist und das im aufgeblasenen Zustand mit einer Entlüftungsöffnung des Airbagmodules zusammenwirkt, um deren Austrittsquerschnitt zu steuern, also insbesondere verändern zu können. </p><p id="p0006" num="0006">Dem aufblasbaren Element ist eine (von dem zum Aufblasen des Gassackes dienenden Gasgenerator verschiedene) Auslöseeinheit zugeordnet, über die das aufblasbare Element, z.B. sensorgesteuert, mit Gas befüllbar ist, um eine gewünschte Steuerung 
<!-- EPO <DP n="4"/>-->
 bzw. Veränderung des Austrittsquerschnitts der zugeordneten Entlüftungsöffnung des Airbagmodules herbeizuführen. </p><p id="p0007" num="0007">Mit einer derartigen Vorrichtung ist es möglich, das sogenannte Entlüften eines Gassackes, d. h., das Ablassen derjenigen Gase, welche zum Schutz eines Fahrzeuginsassen von einem Gasgenerator freigesetzt und in den Gassack eingebracht wurden, gezielt zu steuern, etwa in Abhängigkeit von der Art und Schwere eines Unfalls sowie von der Größe und/oder dem Gewicht und/oder der Sitzposition einer zu schützenden Person, was insbesondere mittels Sensoren erfasst werden kann. </p><p id="p0008" num="0008">Zum gezielten Befüllen des aufblasbaren Elementes mit einem Gas, um die gewünschte Regulierung des Gasdruckes im Gassack bzw. eine gewünschte Steuerung des Austrittsquerschnittes der zugehörigen Entlüftungsöffnung herbei zu führen, umfasst die Auslöseeinheit einer Gasquelle, welche beispielsweise pyrotechnisch gezündet werden kann und sodann ein Gas freisetzt, mit dem das aufblasbare Element befüllt wird, so dass es mit der besagten Belüftungsöffnung zusammenwirkt und deren Austrittsquerschnitt steuert (ändert). </p><p id="p0009" num="0009">Dabei kann gemäß einer Variante die Entlüftungsöffnung ursprünglich von einem Abdeckteil überdeckt sein, so dass die Steuerung des Austrittsquerschnitts mittels des aufblasbaren Elementes in der Weise erfolgt, dass das aufblasbare Element eine zumindest teilweise Freigabe der Entlüftungsöffnung bewirkt, z.B. durch entsprechende Einwirkung auf das Abdeckteil. Nach einer anderen Variante kann die Entlüftungsöffnung ursprünglich frei liegen und erst beim Befüllen des aufblasbaren Elementes mit Gas zumindest teilweise überdeckt werden. Auch ist es möglich, dass die Entlüftungsöffnung anfänglich durch ein Abdeckteil teilweise überdeckt ist und durch Einwirkung des aufblasbaren Elementes der Überdeckungsgrad geändert wird. </p><p id="p0010" num="0010">Ein Airbagmodul mit einem derartigen Mechanismus zur Regulierung des Gasdruckes im Gassack ist aus der WO 201 1 /157 631 A1 bekannt. Auf diese Druckschrift wird vorliegend insbesondere hinsichtlich des Befüllens des aufblasbaren Elementes mit einem Gas sowie hinsichtlich des Zusammenwirkens des aufblasbaren Elementes mit einer Entlüftungsöffnung des Airbagmodules vollumfänglich Bezug genommen. Gemäß der WO 201 1 /157 631 A1 ist die dem aufblasbaren Element zugeordnete Auslöseeinheit unterhalb des Bodens des Modulgehäuses angeordnet und im Gehäuseboden ein Durchlass ausgebildet, durch den hindurch die von der 
<!-- EPO <DP n="5"/>-->
 Auslöseeinheit freigesetzten Gase in das hiermit zu befüllende aufblasbare Element eingeleitet werden können. </p><p id="p0011" num="0011">Der Erfindung liegt das Problem zugrunde, ein Airbagmodul der eingangs genannten Art weiter zu verbessern. </p><p id="p0012" num="0012">Dieses Problem wird erfindungsgemäß durch die Schaffung eines Airbagmodules mit den Merkmalen des Anspruchs 1 gelöst. Danach ist die Auslöseeinheit innerhalb des Modulgehäuses in einem Fortsatz des Modulgehäuses, der von einer den Gassack aufnehmenden Hauptkammer des Modulgehäuses absteht, angeordnet ist. Die Auslöseeinheit lässt sich dabei in einfacher Weise mittels eines, z.B. aus Kunststoff bestehenden, Befestigungselementes, insbesondere mittels genau eines einzelnen Befestigungselementes, im Modulgehäuse bzw. genauer in dessen Fortsatz fixieren. Hierzu kann die Auslöseeinheit formschlüssig mit dem Befestigungselement in Verbindung stehen, insbesondere in der Weise, dass sich die Auslöseeinheit an ihrer Au ßenseite am Befestigungselement abstützt, gegebenenfalls auch über die gesamte Ausdehnung der Außenseite. So greift das Befestigungselement in den Fortsatz ein und umfasst dort die Auslöseeinheit zumindest abschnittsweise. </p><p id="p0013" num="0013">Hierdurch wird einerseits die Auslöseeinheit vor Umwelteinflüssen geschützt und andererseits ist auch die Umgebung des Airbagmoduls vor Einwirkungen der Auslöseeinheit beim Zünden der zugehörigen Gasquelle geschützt. </p><p id="p0014" num="0014">Der erfindungsgemäßen Lösung scheint die Schwierigkeit entgegenzustehen, dass das Modulgehäuse durch den in einem zusammengestauchten bzw. gefalteten Zustand hierin untergebrachten Gassack belegt ist und daher im Modulgehäuse kein Raum für die Anordnung der dem aufblasbaren Element zugeordneten Auslöseeinheit zur Verfügung steht. </p><p id="p0015" num="0015">Es wurde jedoch erkannt, dass vorliegend eine Anordnung der Auslöseeinheit in einem Fortsatz des Modulgehäuses technisch möglich und vorteilhaft ist, der von der den gefalteten Gassack aufnehmenden Kammer („Hauptkammer") des Modulgehäuses absteht und einstückig mit dieser geformt ist. Hierdurch kann erreicht werden, dass die Auslöseeinheit einerseits in einem von den Wänden des Modulgehäuses begrenzten 
<!-- EPO <DP n="6"/>-->
 (und geschützten) Raum aufgenommen ist, gleichzeitig aber separat von dem im Modulgehäuse vorgesehenen Gassack untergebracht werden kann. </p><p id="p0016" num="0016">Gemäß einer Ausführungsform ist jener Fortsatz längs (axial) erstreckt und im Querschnitt ringförmig, insbesondere kreisringförmig umlaufend ausgeführt. </p><p id="p0017" num="0017">Konkret kann die Auslöseeinheit zwischen dem Befestigungselement und einem Anschlag des Modulgehäuses, insbesondere einem Anschlag an einem zur Aufnahme der Auslöseeinheit vorgesehenen Fortsatz des Modulgehäuses, gehalten sein. </p><p id="p0018" num="0018">Ferner kann das Befestigungselement (z. B. in Form eines Befestigungsclips) mindestens einen Rasthaken aufweisen, der an dem Modulgehäuse und/oder der Gassackhalterung verrastbar ist, um die Fixierung der Auslöseeinheit am Modulgehäuse zu erreichen; also entweder eine direkte Fixierung oder eine indirekte Fixierung über die mit dem Modulgehäuse verbundene Gassackhalterung. </p><p id="p0019" num="0019">Die Anordnung kann dabei derart ausgeführt sein, dass der mindestens eine Rasthaken des Befestigungselementes im verrasteten Zustand durch die Auslöseeinheit an einer Entrastung gehindert wird, z. B. indem der Rasthaken mit der Auslöseeinheit in Kontakt gerät, wenn er derart verformt wird, dass er mit der Gassackhalterung außer Eingriff geraten könnte und hierdurch eine weitere Verformung des Rasthakens verhindert wird. </p><p id="p0020" num="0020">Bei einem Auslösen der der Auslöseeinheit zugeordneten Gasquelle und einem hiermit verbundenen (radialen) Ausdehnen der Auslöseeinheit können zudem die Rasthaken des Befestigungselementes tendenziell noch derart weggedrückt werden, dass hierdurch die Verbindung zwischen Befestigungselement bzw. Rasthaken einerseits und Gassackhalterung andererseits sogar noch verstärkt wird. </p><p id="p0021" num="0021">Das mittels der Auslöseeinheit mit Gas befüllbare aufblasbare Element, welches z. B. als ein aufblasbarer Schlauch („Druckschlauch") ausgeführt sein kann, ist vorteilhaft innerhalb des zugeordneten Gassackes angeordnet; es kann jedoch auch außerhalb des Gassackes liegen. </p><p id="p0022" num="0022">Das zur Fixierung der Auslöseeinheit im Modulgehäuse dienende Befestigungselement kann dabei weiterhin auch zur Festlegung des aufblasbaren Elementes dienen, z. B. indem der mindestens eine Rasthaken und/oder ein Kopf des Befestigungselementes zur Fixierung des aufblasbaren Elementes an der Gassackhalterung vorgesehen ist. 
<!-- EPO <DP n="7"/>-->
 Die Anordnung und Befestigung einerseits der Auslöseeinheit innerhalb des Modulgehäuses und andererseits des aufblasbaren Elementes innerhalb des Gassackes kann dann mittels der Gassackhalterung und des Befestigungselementes in einem Arbeitsgang erfolgen. </p><p id="p0023" num="0023">Weitere Einzelheiten und Vorteile der Erfindung werden bei der nachfolgenden Beschreibung eines Ausführungsbeispieles anhand der Figuren deutlich werden. Es zeigen: </p><p id="p0024" num="0024">Fig. 1 einen Ausschnitt eines Airbagmodules, das einen Gassack, einen Gasgenerator zum Aufblasen des Gassackes sowie ein Modulgehäuse zur Aufnahme des Gassackes umfasst; </p><p id="p0025" num="0025">Fig. 2 ein Detail des Airbagmodules aus Figur 1 im Bereich eines </p><p id="p0026" num="0026"> Befestigungselementes, über das ein zur Regulierung des Innendruckes des Gassackes vorgesehenes aufblasbares Element sowie eine zugehörige Auslöseeinheit am Airbagmodul festgelegt sind; </p><p id="p0027" num="0027">Fig. 3 einen Ausschnitt des Bodenbereiches des Modulgehäuses aus Figur 1 . </p><p id="p0028" num="0028">Figur 1 zeigt in einer perspektivischen Darstellung einen Ausschnitt eines Airbagmodules für ein Kraftfahrzeug, das einen in einem Modulgehäuse 7 angeordneten, zum Schutz eines Fahrzeuginsassen aufblasbaren Gassack 2 sowie einen am Modulgehäuse 7 angeordneten Gasgenerator 6 zum Aufblasen des Gassackes 2 umfasst. Zur Festlegung des Gassackes 2 am Modulgehäuse 7 ist dabei eine Gassackhalterung 5, hier in Form eines Haltebleches, vorgesehen, welche durch geeignete Befestigungsmittel 58, hier in Form von Schrauben und zugeordneten Muttern, am Modulgehäuse 7, genauer an dessen Boden befestigt ist, wobei der Gassack 2 z.B. zwischen der Gassackhalterung 5 und dem Modulgehäuse 7 verklemmt wird. </p><p id="p0029" num="0029">Der Gassack 2 eines derartigen Airbagmodules kann, in der Regel sensorgesteuert, mittels des Gasgenerators 6 mit Gas befüllt werden, so dass er aus dem Modulgehäuse 7 austritt und im entfalteten, aufgeblasenen Zustand ein Gaskissen zum Schutz eines Fahrzeuginsassen (oder gegebenenfalls auch einer außerhalb des Kraftfahrzeugs befindlichen Person) bildet. 
<!-- EPO <DP n="8"/>-->
 Je nach Art und Schwere des Unfalls sowie in Abhängigkeit von Gewicht, Größe und Position der zu schützenden Person können dabei unterschiedliche Druckverhältnisse innerhalb des Gassackes 2 vorteilhaft sein. Es ist daher bekannt, vergleiche etwa WO 201 1 /157 631 A1 , den Innendruck des Gassackes 2 bei und/oder nach dem Befüllen mit Gas aus dem Gasgenerator 6 gezielt zu steuern. Hierzu kann gemäß der WO 201 1 /157 631 A1 z. B. ein aufblasbares Element, insbesondere in Form eines Schlauches, dienen, dem eine (von dem Gasgenerator verschiedene) Gasquelle zugeordnet ist und das im mit Gas befüllten Zustand in definierter Weise mit einer Entlüftungsöffnung des Airbagmodules zusammenwirkt, um den Innendruck des Gassackes zu steuern. Dies kann insbesondere in der Weise erfolgen, dass durch das Befüllen des aufblasbaren Elementes mit Gas der Austrittsquerschnitt der Entlüftungsöffnung veränderbar ist, z. B., in dem das aufblasbare Element in definierter Weise mit einem der Entlüftungsöffnung zugeordneten Abdeckteil zusammenwirkt bzw. selbst ein solches Abdeckteil bildet. Die Entlüftungsöffnung kann dabei am Gassack selbst vorgesehen sein. </p><p id="p0030" num="0030">Für weitere Einzelheiten zum Aufbau und zur Funktion einer solchen Vorrichtung sei auf die WO 201 1 /157 631 A1 verwiesen, auf die in dieser Hinsicht vollumfänglich Bezug genommen wird. </p><p id="p0031" num="0031">Vorliegend geht es im Weiteren vor allem um die Anordnung und Fixierung des aufblasbaren Elementes 1 sowie der zugehörigen Auslöseeinheit 4 am bzw. im Airbagmodul, was nachfolgend anhand der Figur 1 sowie der Detaildarstellungen gemäß Figur 2 und 3 erläutert werden wird. </p><p id="p0032" num="0032">Figur 2 zeigt dabei einen Ausschnitt des Airbagmodules aus Figur 1 im Bereich der Auslöseeinheit 4 und eines zugehörigen Befestigungselementes 3, wobei zur besseren Erkennbarkeit einzelner Details der Gassack 2 sowie das aufblasbare Element 1 nicht mit dargestellt sind. Und Figur 3 zeigt einen Teil des Modulgehäuses 7 aus Figur 1 , und zwar konkret einen Ausschnitt des Bodenbereichs jenes Gehäuses, an welchem der Gassack 2 und der Gasgenerator 6 sowie das aufblasbare Element 1 und die Auslöseeinheit 4 angeordnet sind. Wie in den Figuren 1 und 2 erkennbar, ist die Auslöseeinheit 4 innerhalb des Modulgehäuses 7 angeordnet, so dass sie von Wänden des Modulgehäuses 7 umgeben ist. Konkret befindet sich die Auslöseeinheit 4 in einem Fortsatz 70 des Modulgehäuses, 
<!-- EPO <DP n="9"/>-->
 der von der Hauptkammer des Modulgehäuses 7 absteht, in welcher der (gefaltete) Gassack 2 angeordnet ist und in welche der zum Aufblasen des Gassackes 2 dienende Gasgenerator 6 hineinragt. Der Fortsatz 70 des Modulgehäuses 7 ist (axial) längserstreckt und weist einen ringförmigen, insbesondere kreisringförmigen, Querschnitt auf, so dass die Auslöseeinheit 4 axial in den Fortsatz 70 einführbar ist. Er ist im Ausführungsbeispiel einstückig an der Wandung der Hauptkammer des Modulgehäuses 7, genauer an deren Boden, angeformt. </p><p id="p0033" num="0033">Eine definierte (axiale) Positionierung der Auslöseeinheit 4 in dem Fortsatz 70 des Modulgehäuses 7 erfolgt durch einander zugeordnete Anschläge 42, 72 der Auslöseeinheit 4 einerseits und des Fortsatzes 70 andererseits, über welche sich die Auslöseeinheit 4 (axial) an dem Fortsatz 70 des Modulgehäuses 7 abstützt. Einander radial zugewandte (ebene) Anschläge 41 , 71 der Auslöseeinheit 4 und des Fortsatzes 70 bewirken eine (radiale) Lagesicherung der Auslöseeinheit 4. </p><p id="p0034" num="0034">Eine verliersichere Fixierung der Auslöseeinheit 4 in dem Modulgehäuse 7 bzw. im Ausführungsbeispiel genauer im Fortsatz 70 wird durch ein Befestigungselement 3 erreicht. Dieses ragt in den Fortsatz 70 hinein und greift mit einem (im Querschnitt ringförmigen, hohlen) Grundkörper 30 zwischen die ringförmig umlaufende Wand des Fortsatzes 70 und die Auslöseeinheit 4, derart, dass sich die Auslöseeinheit 4 radial an dem Grundkörper 30 des Befestigungselementes 3 abstützen kann. In dem Bereich des Modulgehäuses 7 bzw. genauer des Bodens des Modulgehäuses 7, in welchem der Fortsatz 70 in die den Gassack 2 aufnehmende Hauptkammer des Modulgehäuses 7 übergeht, weist die am Boden des Modulgehäuses anliegende, im Ausführungsbeispiel durch ein Halteblech gebildete, Gassackhalterung 5 eine Öffnung auf, deren Rand 52 von Rasthaken 32 des Befestigungselementes 3 hintergriffen wird; es kann dabei insbesondere eine Rastverbindung vorliegen. Hierdurch ist das Befestigungselement 3 in einer Position verriegelt, in der es die Auslöseeinheit 4 in dem Fortsatz 70 des Modulgehäuses 7 hält. Hierzu ist an dem Befestigungselement 3 mindestens einen Anschlag 34 vorgesehen, der mit einem zugeordneten Anschlag 44 der Auslöseeinheit 4 zusammenwirkt und zwar axial und dem ersten Anschlagspaar 42, 72 von Auslöseeinheit 4 und Fortsatz 70 gegenüberliegend. 
<!-- EPO <DP n="10"/>-->
 Über die beiden Anschlagspaare 34, 44 und 42, 72 ist daher die Auslöseeinheit 4 axial in dem Fortsatz 70 des Modulgehäuses 7 fixiert. Und senkrecht hierzu (in radialer Richtung) wird sie durch die ringförmig umlaufende Wandung des Fortsatzes 70 sowie durch den in den Fortsatz 70 hineinragenden Grundkörper 30 des Befestigungselementes 3 gehalten. </p><p id="p0035" num="0035">Die Auslöseeinheit 4 hat zudem die Tendenz, sich beim Auslösen der zugeordneten Gasquelle (in radialer Richtung R) auszudehnen, wodurch die Rasthaken 32 nach außen gedrückt und die Rastwirkung noch verstärkt wird. In Figur 2 ist weiterhin ein Zwischenraum Z1 zwischen dem Modulgehäuse 7, genauer dessen Boden, einerseits und der daran befestigten Gassackhalterung 5 andererseits angedeutet. Dieser Zwischenraum Z1 resultiert daraus, dass in Figur 2 der im Modulgehäuse 7 anzuordnende Gassack nicht mit dargestellt ist. In dem Zwischenraum Z1 ist der Gassack 2 bei bestimmungsgemäßer Anordnung im Modulgehäuse 7 in üblicher Weise im Bereich seiner Einblasöffnung zwischen dem Gehäuseboden und der Gassackhalterung 5 eingeklemmt. </p><p id="p0036" num="0036">Anhand einer Zusammenschau der Figuren 1 und 2 wird weiter deutlich, dass die Auslöseeinheit 4 einer Entriegelung des Befestigungselementes 3, genauer der Haken 32 des Befestigungselementes 3 entgegenwirkt. Denn für eine Entriegelung des Befestigungselementes 3 müssten die den Rand 52 der Gassackhalterung hintergreifenden Rasthaken 32 zusammengedrückt bzw. nach innen gedrückt werden, was aber durch die Auslöseeinheit 4 verhindert wird, deren Au ßenwand einen dem Zusammendrücken der Rasthaken 32 entgegenwirkende Anschlagfläche bildet. </p><p id="p0037" num="0037">Gemäß den Figuren 1 und 2 weist das Befestigungselement 3 außerdem einen Kopf 38 auf, der den Rand 52 der Öffnung in der Gassackhalterung 5 übergreift. Hierdurch ist in einem zwischen dem Kopf 38 des Befestigungselementes 3 und der Gassackhalterung 5 gebildeten Zwischenraum Z2 das durch einen Druckschlauch gebildete aufblasbare Element 1 im Bereich seiner Einlassöffnung formschlüssig und/oder klemmend festlegbar. </p><p id="p0038" num="0038">Das Befestigungselement 3 definiert dabei im Bereich des Kopfes 38 einen Durchlass 36, durch den hindurch von der Auslöseeinheit 4 freigesetztes Gas in das aufblasbare Element 1 gelangen kann. 
<!-- EPO <DP n="11"/>-->
 Im Ergebnis dient also ein einzelnes Befestigungselement 3 sowohl zur Festlegung der Auslöseeinheit 4 im Modulgehäuse 7 bzw. genauer in einem Fortsatz 70 des Modulgehäuses 7 als auch zur Fixierung des aufblasbaren Elementes 1 am Modulgehäuse, und zwar derart, dass dieses innerhalb des Gassackes 2 verläuft. </p><p id="p0039" num="0039">Figur 3 lässt dabei zusätzliche Einzelheiten des Bodens des Modulgehäuses 7 erkennen, an welchem der Fortsatz 70 angeformt ist und an welchem die Gassackhalterung 5 anliegt, vergleiche Figuren 1 und 2. Danach weist der Boden des Modulgehäuses 7 eine Mehrzahl Befestigungsöffnungen 76 auf, durch die hindurch das Modulgehäuse 7 mit der Gassackhalterung 5 verbindbar ist, wie in den Figuren 1 und 2 dargestellt. </p><p id="p0040" num="0040">Ferner ist ein großflächiger Ausschnitt 75 vorgesehen, durch den hindurch der Gasgenerator 6 in die Hauptkammer des Modulgehäuses 7 ragt, wie ebenfalls in Figur 1 gezeigt. </p><p id="p0041" num="0041">Das gemäß dem Ausführungsbeispiel innerhalb des Gassackes 2 angeordnete aufblasbare Element 1 kann alternativ auch außerhalb des Gassackes 2 vorgesehen sein, wie in Figur 2 gestrichelt angedeutet. 
</p></description><claims mxw-id="PCLM70077961" ref-ucid="WO-2014128121-A1" lang="DE" load-source="patent-office"><claim id="clm-0001" num="1"><!-- EPO <DP n="12"/>--><claim-text/><claim-text>Patentansprüche </claim-text><claim-text>Airbagmodul für ein Kraftfahrzeug, mit </claim-text><claim-text>- einem Gassack (2), der zum Schutz einer Person mittels eines Gasgenerators</claim-text><claim-text>(6) aufblasbar ist, </claim-text><claim-text>- einem Modulgehäuse (7) zur Aufnahme des Gassackes (2), das einen Fortsatz aufweist, der von einer den Gassack (2) aufnehmenden Hauptkammer des Modulgehäuses (7) absteht, </claim-text><claim-text>- einer Gassackhalterung (5) zur Festlegung des Gassackes am Modulgehäuse</claim-text><claim-text>(7) , </claim-text><claim-text>- einem aufblasbaren Element (1 ) zur Regulierung des Gasdrucks im Gassack (2), das an der Gassackhalterung (5) festgelegt ist und das vorgesehen ist, im aufgeblasenen Zustand mit einer Entlüftungsöffnung zusammenzuwirken, durch die hindurch aus dem Airbagmodul stammendes Gas entweichen kann, </claim-text><claim-text>- einer Auslöseeinheit (4) zum Befüllen des aufblasbaren Elementes mit Gas, die innerhalb des Modulgehäuses (7) in dem Fortsatz (70) des Modulgehäuses (7) angeordnet ist, und </claim-text><claim-text>- einem Befestigungselement (3), mittels dem die Auslöseeinheit (4) am Modulgehäuse (7) fixiert ist, dadurch gekennzeichnet, dass das Befestigungselement (3) mit einem Grundkörper (30), mit dem es die Auslöseeinheit (4) zumindest abschnittsweise umfasst, in den Fortsatz (70) des Modulgehäuses (7) eingreift. 
<!-- EPO <DP n="13"/>-->
</claim-text></claim><claim id="clm-0002" num="2"><claim-text>2. Airbagmodul nach Anspruch 1 , dadurch gekennzeichnet, dass die Auslöseeinheit (4) in einem von den Wänden des Modulgehäuses (7) begrenzten Raum angeordnet ist. </claim-text></claim><claim id="clm-0003" num="3"><claim-text>3. Airbagmodul nach Anspruch 1 , dadurch gekennzeichnet, dass der Fortsatz (70) des Modulgehäuses (7) eine im Querschnitt ringförmig umlaufende Begrenzungswand aufweist. </claim-text></claim><claim id="clm-0004" num="4"><claim-text>4. Airbagmodul nach Anspruch 1 , dadurch gekennzeichnet, dass die Auslöseeinheit (4) mittels des Befestigungselementes (3) formschlüssig am Modulgehäuse fixiert ist. </claim-text></claim><claim id="clm-0005" num="5"><claim-text>5. Airbagmodul nach einem der Ansprüche 1 bis 4, dadurch gekennzeichnet, dass das Befestigungselement (3) mindestens einen Rasthaken (32) aufweist, mit dem es an der Gassackhalterung (5) und/oder dem Modulgehäuse (7) verrastbar ist. </claim-text></claim><claim id="clm-0006" num="6"><claim-text>6. Airbagmodul nach Anspruch 5, dadurch gekennzeichnet, dass der mindestens eine Rasthaken (32) des Befestigungselementes (3) durch die Auslöseeinheit (4) an einer Entrastung gehindert wird. </claim-text></claim><claim id="clm-0007" num="7"><claim-text>7. Airbagmodul nach Anspruch 6, dadurch gekennzeichnet, dass der mindestens eine Rasthaken (32) des Befestigungselementes (3) bei einer Deformation, die zu einem Entrasten führen würde, mit einer Anschlagfläche der Auslöseeinheit (4) zur Anlage gerät, so dass einer weiteren Deformation und damit Entriegelung des Rasthakens entgegengewirkt wird. </claim-text></claim><claim id="clm-0008" num="8"><claim-text>8. Airbagmodul nach einem der vorhergehenden Ansprüche, dadurch gekennzeichnet, dass das Befestigungselement (3) einen Durchlass (36) aufweist, durch den hindurch von der Auslöseeinheit (4) freigesetztes Gas in das aufblasbare Element (1 ) strömen kann. 
<!-- EPO <DP n="14"/>-->
</claim-text></claim><claim id="clm-0009" num="9"><claim-text>9. Airbagmodul nach einem der vorhergehenden Ansprüche, dadurch gekennzeichnet, dass die Auslöseeinheit (4) zwischen dem Befestigungselement (3) und einem Anschlag (72) des Modulgehäuses (7) gehalten wird. </claim-text></claim><claim id="clm-0010" num="10"><claim-text>10. Airbagmodul nach Anspruch 9, dadurch gekennzeichnet, dass der Anschlag (72) am Fortsatz (70) des Modulgehäuses (7) ausgebildet ist. </claim-text></claim><claim id="clm-0011" num="11"><claim-text>1 1 . Airbagmodul nach einem der vorhergehenden Ansprüche, dadurch gekennzeichnet, dass das aufblasbare Element (1 ) als ein aufblasbarer Schlauch ausgeführt ist. </claim-text></claim><claim id="clm-0012" num="12"><claim-text>12. Airbagmodul nach einem der vorhergehenden Ansprüche, dadurch gekennzeichnet, dass das aufblasbare Element (1 ) innerhalb des Gassackes (2) angeordnet ist. </claim-text></claim><claim id="clm-0013" num="13"><claim-text>13. Airbagmodul nach einem der vorhergehenden Ansprüche, dadurch gekennzeichnet, dass das Befestigungselement (3) zusätzlich zur Festlegung des aufblasbaren Elementes (1 ) an der Gassackhalterung (5) dient. </claim-text></claim><claim id="clm-0014" num="14"><claim-text>14. Airbagmodul nach Anspruch 13, dadurch gekennzeichnet, dass das aufblasbare Element (1 ) zwischen einem Kopf (38) des Befestigungselementes (3) und der Gassackhalterung (5) verklemmt ist. </claim-text></claim><claim id="clm-0015" num="15"><claim-text>15. Airbagmodul nach einem der vorhergehenden Ansprüche, dadurch gekennzeichnet, dass die Auslöseeinheit (4) eine Gasquelle zum Befüllen des aufblasbaren Elementes (1 ) mit Gas umfasst. </claim-text></claim><claim id="clm-0016" num="16"><claim-text>16. Airbagmodul nach Anspruch 15, dadurch gekennzeichnet, dass die Gasquelle von dem Gasgenerator (6) verschieden ist. 
<!-- EPO <DP n="15"/>-->
</claim-text></claim><claim id="clm-0017" num="17"><claim-text>17. Airbagmodul nach einem der vorhergehenden Ansprüche, dadurch gekennzeichnet, dass der Austrittsquerschnitt der Entlüftungsöffnung durch Befüllen des aufblasbaren Elementes (1 ) mit Gas vergrößert oder verkleinert wird. 
</claim-text></claim></claims><copyright>User acknowledges that Fairview Research LLC and its third party providers retain all right, title and interest in and to this xml under applicable copyright laws.  User acquires no ownership rights to this xml including but not limited to its format.  User hereby accepts the terms and conditions of the Licence Agreement</copyright></patent-document>
