<?xml version="1.0" encoding="UTF-8"?>
<patent-document ucid="EP-2678299-A1" country="EP" doc-number="2678299" kind="A1" date="20140101" family-id="45815964" file-reference-id="285200" date-produced="20180826" status="corrected" lang="EN"><bibliographic-data><publication-reference fvid="146551196" ucid="EP-2678299-A1"><document-id><country>EP</country><doc-number>2678299</doc-number><kind>A1</kind><date>20140101</date><lang>EN</lang></document-id></publication-reference><application-reference ucid="EP-12708434-A" is-representative="NO"><document-id mxw-id="PAPP154825119" load-source="docdb" format="epo"><country>EP</country><doc-number>12708434</doc-number><kind>A</kind><date>20120221</date><lang>EN</lang></document-id><document-id mxw-id="PAPP220438331" load-source="docdb" format="original"><country>EP</country><doc-number>12708434.1</doc-number><date>20120221</date></document-id></application-reference><priority-claims><priority-claim mxw-id="PPC140454709" ucid="US-201161444868-P" load-source="docdb"><document-id format="epo"><country>US</country><doc-number>201161444868</doc-number><kind>P</kind><date>20110221</date></document-id></priority-claim><priority-claim mxw-id="PPC140445877" ucid="US-2012025881-W" linkage-type="W" load-source="docdb"><document-id format="epo"><country>US</country><doc-number>2012025881</doc-number><kind>W</kind><date>20120221</date></document-id></priority-claim></priority-claims><technical-data><classifications-ipcr><classification-ipcr mxw-id="PCL1988100306" load-source="docdb">C07C  21/18        20060101ALI20120913BHEP        </classification-ipcr><classification-ipcr mxw-id="PCL1988100388" load-source="docdb">C07C  19/01        20060101ALI20120913BHEP        </classification-ipcr><classification-ipcr mxw-id="PCL1988127137" load-source="docdb">B01J  21/18        20060101ALI20120913BHEP        </classification-ipcr><classification-ipcr mxw-id="PCL1988136533" load-source="docdb">C07C  17/25        20060101AFI20120913BHEP        </classification-ipcr><classification-ipcr mxw-id="PCL1988137794" load-source="docdb">C07C  19/10        20060101ALI20120913BHEP        </classification-ipcr></classifications-ipcr><classifications-cpc><classification-cpc mxw-id="PCL-2137522965" load-source="docdb" scheme="CPC">C07C  17/25        20130101 FI20141112BHEP        </classification-cpc><classification-cpc mxw-id="PCL-2137525039" load-source="docdb" scheme="CPC">B01J  37/06        20130101 LI20141112BHEP        </classification-cpc><classification-cpc mxw-id="PCL-2137528351" load-source="docdb" scheme="CPC">B01J  37/084       20130101 LI20141112BHEP        </classification-cpc><classification-cpc mxw-id="PCL-2137533938" load-source="docdb" scheme="CPC">B01J  21/18        20130101 LI20141112BHEP        </classification-cpc></classifications-cpc><invention-title mxw-id="PT132186072" lang="DE" load-source="patent-office">SELEKTIVE KATALYTISCHE DEHYDROCHLORIERUNG VON FLUORCHLORKOHLENWASSERSTOFFEN</invention-title><invention-title mxw-id="PT132186073" lang="EN" load-source="patent-office">SELECTIVE CATALYTIC DEHYDROCHLORINATION OF HYDROCHLOROFLUOROCARBONS</invention-title><invention-title mxw-id="PT132186074" lang="FR" load-source="patent-office">DÉSHYDROCHLORATION CATALYTIQUE SÉLECTIVE D'HYDROCHLOROFLUOROCARBURES</invention-title></technical-data><parties><applicants><applicant mxw-id="PPAR918162541" load-source="docdb" sequence="1" format="epo"><addressbook><last-name>DU PONT</last-name><address><country>US</country></address></addressbook></applicant><applicant mxw-id="PPAR918149359" load-source="docdb" sequence="1" format="intermediate"><addressbook><last-name>E.I. DU PONT DE NEMOURS AND COMPANY</last-name></addressbook></applicant><applicant mxw-id="PPAR918994410" load-source="patent-office" sequence="1" format="original"><addressbook><last-name>E.I. Du Pont De Nemours And Company</last-name><iid>101251627</iid><address><street>1007 Market Street</street><city>Wilmington, Delaware 19898</city><country>US</country></address></addressbook></applicant></applicants><inventors><inventor mxw-id="PPAR918165507" load-source="docdb" sequence="1" format="epo"><addressbook><last-name>SUN XUEHUI</last-name><address><country>US</country></address></addressbook></inventor><inventor mxw-id="PPAR918146846" load-source="docdb" sequence="1" format="intermediate"><addressbook><last-name>SUN, XUEHUI</last-name></addressbook></inventor><inventor mxw-id="PPAR918992439" load-source="patent-office" sequence="1" format="original"><addressbook><last-name>SUN, XUEHUI</last-name><address><street>44 Fredrick Boulevard</street><city>Swedesboro, New Jersey 08085</city><country>US</country></address></addressbook></inventor><inventor mxw-id="PPAR918160823" load-source="docdb" sequence="2" format="epo"><addressbook><last-name>NAPPA MARIO JOSEPH</last-name><address><country>US</country></address></addressbook></inventor><inventor mxw-id="PPAR918140375" load-source="docdb" sequence="2" format="intermediate"><addressbook><last-name>NAPPA, MARIO, JOSEPH</last-name></addressbook></inventor><inventor mxw-id="PPAR918988368" load-source="patent-office" sequence="2" format="original"><addressbook><last-name>NAPPA, MARIO, JOSEPH</last-name><address><street>3 Oakridge Court</street><city>Newark, Delaware 19711</city><country>US</country></address></addressbook></inventor></inventors><agents><agent mxw-id="PPAR918988312" load-source="patent-office" sequence="1" format="original"><addressbook><last-name>Dannenberger, Oliver Andre</last-name><suffix>et al</suffix><iid>101390331</iid><address><street>Abitz &amp; Partner Arabellastrasse 17</street><city>81925 Munich</city><country>DE</country></address></addressbook></agent></agents></parties><international-convention-data><pct-or-regional-filing-data ucid="US-2012025881-W"><document-id><country>US</country><doc-number>2012025881</doc-number><kind>W</kind><date>20120221</date><lang>EN</lang></document-id></pct-or-regional-filing-data><pct-or-regional-publishing-data ucid="WO-2012115934-A1"><document-id><country>WO</country><doc-number>2012115934</doc-number><kind>A1</kind><date>20120830</date><lang>EN</lang></document-id></pct-or-regional-publishing-data><designated-states><ep-contracting-states><country mxw-id="DS548933839" load-source="docdb">AL</country><country mxw-id="DS548836735" load-source="docdb">AT</country><country mxw-id="DS548933840" load-source="docdb">BE</country><country mxw-id="DS548912321" load-source="docdb">BG</country><country mxw-id="DS548815554" load-source="docdb">CH</country><country mxw-id="DS548928302" load-source="docdb">CY</country><country mxw-id="DS548836736" load-source="docdb">CZ</country><country mxw-id="DS548933841" load-source="docdb">DE</country><country mxw-id="DS548928303" load-source="docdb">DK</country><country mxw-id="DS548928304" load-source="docdb">EE</country><country mxw-id="DS548864875" load-source="docdb">ES</country><country mxw-id="DS548912394" load-source="docdb">FI</country><country mxw-id="DS548912395" load-source="docdb">FR</country><country mxw-id="DS548933842" load-source="docdb">GB</country><country mxw-id="DS548928305" load-source="docdb">GR</country><country mxw-id="DS548933843" load-source="docdb">HR</country><country mxw-id="DS548836737" load-source="docdb">HU</country><country mxw-id="DS548815555" load-source="docdb">IE</country><country mxw-id="DS548933844" load-source="docdb">IS</country><country mxw-id="DS548912396" load-source="docdb">IT</country><country mxw-id="DS548928314" load-source="docdb">LI</country><country mxw-id="DS548925307" load-source="docdb">LT</country><country mxw-id="DS548836738" load-source="docdb">LU</country><country mxw-id="DS548925308" load-source="docdb">LV</country><country mxw-id="DS548925309" load-source="docdb">MC</country><country mxw-id="DS548926052" load-source="docdb">MK</country><country mxw-id="DS548926053" load-source="docdb">MT</country><country mxw-id="DS548912397" load-source="docdb">NL</country><country mxw-id="DS548864876" load-source="docdb">NO</country><country mxw-id="DS548815556" load-source="docdb">PL</country><country mxw-id="DS548926062" load-source="docdb">PT</country><country mxw-id="DS548912406" load-source="docdb">RO</country><country mxw-id="DS548926063" load-source="docdb">RS</country><country mxw-id="DS548912407" load-source="docdb">SE</country><country mxw-id="DS548926064" load-source="docdb">SI</country><country mxw-id="DS548864877" load-source="docdb">SK</country><country mxw-id="DS548815557" load-source="docdb">SM</country><country mxw-id="DS548925310" load-source="docdb">TR</country></ep-contracting-states></designated-states></international-convention-data><office-specific-data><eptags><ep-no-a-document-published>*</ep-no-a-document-published></eptags></office-specific-data></bibliographic-data><abstract mxw-id="PA99619152" ref-ucid="WO-2012115934-A1" lang="EN" load-source="patent-office"><p num="0000">A dehydrochlorination process is disclosed. The process involves contacting R<sub>1</sub>CHClCH<sub>2</sub> with a carbon catalyst in a reaction zone to produce a product mixture comprising R<sub>1</sub>CCl=CH<sub>2</sub>, wherein R<sub>f</sub> is a perfluorinated alkyl group.</p></abstract><abstract mxw-id="PA99818833" ref-ucid="WO-2012115934-A1" lang="EN" source="national office" load-source="docdb"><p>A dehydrochlorination process is disclosed. The process involves contacting R1CHClCH2 with a carbon catalyst in a reaction zone to produce a product mixture comprising R1CCl=CH2, wherein Rf is a perfluorinated alkyl group.</p></abstract><abstract mxw-id="PA99619153" ref-ucid="WO-2012115934-A1" lang="FR" load-source="patent-office"><p num="0000">L'invention concerne un procédé de déshydrochloration. Ce procédé comprend la mise en contact de R<sub>1</sub>CHClCH<sub>2</sub> avec un catalyseur sur charbon dans une zone réactionnelle afin d'obtenir un mélange de produits comprenant du R<sub>1</sub>CCl=CH<sub>2</sub>, R<sub>f</sub> étant un groupe alkyle perfluoré.</p></abstract><abstract mxw-id="PA99818834" ref-ucid="WO-2012115934-A1" lang="FR" source="national office" load-source="docdb"><p>L'invention concerne un procédé de déshydrochloration. Ce procédé comprend la mise en contact de R1CHClCH2 avec un catalyseur sur charbon dans une zone réactionnelle afin d'obtenir un mélange de produits comprenant du R1CCl=CH2, Rf étant un groupe alkyle perfluoré.</p></abstract><description mxw-id="PDES50930122" ref-ucid="WO-2012115934-A1" lang="EN" load-source="patent-office"><!-- EPO <DP n="2"/>--><p id="p0001" num="0001"> TITLE </p><p id="p0002" num="0002"> SELECTIVE CATALYTIC DEHYDROCHLORINATION OF HYDROCHLOROFLUOROCARBONS BACKGROUND </p><p id="p0003" num="0003"> Field of the Disclosure </p><p id="p0004" num="0004"> This disclosure relates in general to the selective catalytic dehydrochlorination of hydrochlorofluorocarbons (HCFCs) to make hydrochlorofluoroolefins (HCFOs). More specifically, the catalysts are carbons. </p><p id="p0005" num="0005"> Description of Related Art </p><p id="p0006" num="0006"> Hydrochlorofluoroolefins (HCFOs), having low ozone depletion potential and low global warming potentials, are regarded as candidates for replacing saturated CFCs (chlorofluorocarbons) and HCFCs </p><p id="p0007" num="0007">(hydrochlorofluorocarbons). HCFOs can be employed in a wide range of applications, including their use as refrigerants, solvents, foam expansion agents, cleaning agents, aerosol propellants, dielectrics, fire </p><p id="p0008" num="0008">extinguishants and power cycle working fluids. For example, HCFO- 1233xf (CF<sub>3</sub>CCI=CH<sub>2</sub>) can be used as a foam expansion agent, fire extinguishant, refrigerant, et al. HCFO-1233xf is also an intermediate in the production of 2,3,3, 3-tetrafluoropropene (HFO-1234yf) which is a refrigerant with zero ozone depletion potential and low global warming potential. BRIEF SUMMARY OF THE DISCLOSURE </p><p id="p0009" num="0009"> The present disclosure provides a dehydrochlorination process. The process comprises contacting R<sub>f</sub>CHCICH<sub>2</sub>CI with a carbon catalyst in a reaction zone to produce a product mixture comprising R<sub>f</sub>CCI=CH<sub>2</sub>, wherein R<sub>f</sub> is a perfluorinated alkyl group. 
<!-- EPO <DP n="3"/>-->
 DETAILED DESCRIPTION </p><p id="p0010" num="0010"> The foregoing general description and the following detailed description are exemplary and explanatory only and are not restrictive of the invention, as defined in the appended claims. Other features and benefits of any one or more of the embodiments will be apparent from the following detailed description, and from the claims. </p><p id="p0011" num="0011"> As used herein, the terms "comprises," "comprising," "includes," "including," "has," "having" or any other variation thereof, are intended to cover a non-exclusive inclusion. For example, a process, method, article, or apparatus that comprises a list of elements is not necessarily limited to only those elements but may include other elements not expressly listed or inherent to such process, method, article, or apparatus. Further, unless expressly stated to the contrary, "or" refers to an inclusive or and not to an exclusive or. For example, a condition A or B is satisfied by any one of the following: A is true (or present) and B is false (or not present), A is false (or not present) and B is true (or present), and both A and B are true (or present). </p><p id="p0012" num="0012"> Also, use of "a" or "an" are employed to describe elements and components described herein. This is done merely for convenience and to give a general sense of the scope of the invention. This description should be read to include one or at least one and the singular also includes the plural unless it is obvious that it is meant otherwise. </p><p id="p0013" num="0013"> Unless otherwise defined, all technical and scientific terms used herein have the same meaning as commonly understood by one of ordinary skill in the art to which this invention belongs. Although methods and materials similar or equivalent to those described herein can be used in the practice or testing of embodiments of the present invention, suitable methods and materials are described below. All publications, patent applications, patents, and other references mentioned herein are incorporated by reference in their entirety, unless a particular passage is cited. In case of conflict, the present specification, including definitions, 
<!-- EPO <DP n="4"/>-->
 will control. In addition, the materials, methods, and examples are illustrative only and not intended to be limiting. </p><p id="p0014" num="0014"> When an amount, concentration, or other value or parameter is given as either a range, preferred range or a list of upper preferable values and/or lower preferable values, this is to be understood as specifically disclosing all ranges formed from any pair of any upper range limit or preferred value and any lower range limit or preferred value, regardless of whether ranges are separately disclosed. Where a range of numerical values is recited herein, unless otherwise stated, the range is intended to include the endpoints thereof, and all integers and fractions within the range. </p><p id="p0015" num="0015"> The term "dehydrochlorination", as used herein, means a process during which hydrogen and chlorine on adjacent carbons in a molecule are removed. </p><p id="p0016" num="0016"> The term "hydrochlorofluoroolefin", as used herein, means a molecule containing hydrogen, carbon, fluorine, chlorine, and at least one carbon-carbon double bond. Exemplary hydrochlorofluoroolefins in this disclosure include HCFO-1233xf. </p><p id="p0017" num="0017"> The term "alkyl", as used herein, either alone or in compound words such as "perfluorinated alkyl group", includes cyclic or acyclic and straight- chain or branched alkyl groups, such as, methyl, ethyl, n-propyl, /<sup>'</sup>-propyl, or the different isomers thereof. </p><p id="p0018" num="0018"> The term "perfluorinated alkyl group", as used herein, means an alkyl group wherein all hydrogens on carbon atoms have been substituted by fluorines. Examples of a perfluorinated alkyl group include -CF<sub>3</sub> and - </p><p id="p0019" num="0019">The term "product selectivity to R<sub>f</sub>CCI=CH<sub>2</sub>", as used herein, means the molar percentage of R<sub>f</sub>CCI=CH<sub>2</sub> obtained in the process compared to the total molar amounts of all products obtained. </p><p id="p0020" num="0020"> The term "dehydrochlorination selectivity to R<sub>f</sub>CCI=CH<sub>2</sub>", as used herein, means the molar percentage of R<sub>f</sub>CCI=CH<sub>2</sub> based on the total 
<!-- EPO <DP n="5"/>-->
 molar amount of R<sub>f</sub>CCI=CH<sub>2</sub> and R<sub>f</sub>CH=CHCI obtained in the </p><p id="p0021" num="0021">dehydrochlorination reaction of R<sub>f</sub>CHCICH<sub>2</sub>CI. </p><p id="p0022" num="0022"> The term "an elevated temperature", as used herein, means a temperature higher than the room temperature. </p><p id="p0023" num="0023"> Disclosed is a dehydrochlorination process comprising contacting</p><p id="p0024" num="0024">R<sub>f</sub>CHCICH<sub>2</sub>CI with a carbon catalyst in a reaction zone to produce a product mixture comprising R<sub>f</sub>CCI=CH<sub>2</sub>, wherein R<sub>f</sub> is a perfluorinated alkyl group. </p><p id="p0025" num="0025"> In some embodiments of this invention, R<sub>f</sub> is -CF<sub>3</sub> or -CF<sub>2</sub>CF<sub>3</sub>. In some embodiments of this invention, R<sub>f</sub>CHCICH<sub>2</sub>CI is CF<sub>3</sub>CHCICH<sub>2</sub>CI (HCFC-243db), and R<sub>f</sub>CCI=CH<sub>2</sub> is CF<sub>3</sub>CCI=CH<sub>2</sub> (HCFO-1233xf). </p><p id="p0026" num="0026"> Some hydrochlorofluoroolefins of this disclosure, e.g., </p><p id="p0027" num="0027">CF<sub>3</sub>CH=CHCI (HCFO-1233zd), exist as different configurational isomers or stereoisomers. When the specific isomer is not designated, the present disclosure is intended to include all single configurational isomers, single stereoisomers, or any combination thereof. For instance, HCFO-1233zd is meant to represent the E-isomer, Z-isomer, or any combination or mixture of both isomers in any ratio. </p><p id="p0028" num="0028"> The starting materials for the dehydrochlorination processes in this disclosure, i.e., R<sub>f</sub>CHCICH<sub>2</sub>CI, can be synthesized by methods known in the art. For example, HCFC-243db may be prepared by chlorinating CF<sub>3</sub>CH=CH<sub>2</sub> or by the addition reaction of CF<sub>2</sub>=CHCI with CFCIH<sub>2</sub>. </p><p id="p0029" num="0029"> The dehydrochlorination process can be carried out in liquid phase or vapor phase using well-known chemical engineering practice, which includes continuous, semi-continuous or batch operations. The </p><p id="p0030" num="0030">temperature in the reaction zone is typically from about 300° C to about 500° C. In some embodiments of this invention, the temperature in the reaction zone is from about 325° C to about 450° C. The </p><p id="p0031" num="0031">dehydrochlorination process can be conducted at superatmospheric, atmospheric, or subatmospheric pressures. The contact time of the starting material R<sub>f</sub>CHCICH<sub>2</sub>CI with the catalyst can be largely varied. Typically, the contact time is from about 10 seconds to about 150 
<!-- EPO <DP n="6"/>-->
 seconds. In some embodiments of this invention, the contact time is from about 20 seconds to about 80 seconds. </p><p id="p0032" num="0032"> The contacting step of this invention may be carried out by methods known in the art. In some embodiments of this invention, starting material R<sub>f</sub>CHCICH<sub>2</sub>CI, optionally with an inert gas, is fed to a reactor containing the catalyst. In some embodiments of this invention, starting material R<sub>f</sub>CHCICH<sub>2</sub>CI, optionally with an inert gas, is passed through the catalyst bed in a reactor. In some embodiments of this invention, starting material R<sub>f</sub>CHCICH<sub>2</sub>CI, optionally with an inert gas, may be mixed with the catalyst in a reactor with stir or agitation. </p><p id="p0033" num="0033"> The dehydrochlorination process may be conducted in the presence of an inert gas such as He, Ar, or N<sub>2</sub>. In some embodiments of this invention, the inert gas is co-fed into the reactor with the starting material. </p><p id="p0034" num="0034"> It was found through experiments that carbons are suitable for selective dehydrochlorination process of this disclosure. Carbon used in the embodiments of this invention may come from any of the following sources: wood, peat, coal, coconut shells, bones, lignite, petroleum-based residues and sugar. Commercially available carbons which may be used include those sold under the following trademarks: Barneby &amp; Sutcliffe™, Darco™, Nucharm, Columbia JXN™, Columbia LCK™, Calgon™ PCB, Calgon™ BPL, Westvaco™, Norit™, Takeda™ and Barnaby Cheny NB™. </p><p id="p0035" num="0035"> The carbon also includes three dimensional matrix porous carbonaceous materials. Examples are those described in U.S. Pat. No. 4,978,649. In one embodiment of the invention, carbon includes three dimensional matrix carbonaceous materials which are obtained by introducing gaseous or vaporous carbon-containing compounds (e.g., hydrocarbons) into a mass of granules of a carbonaceous material (e.g., carbon black); decomposing the carbon-containing compounds to deposit carbon on the surface of the granules; and treating the resulting material with an activator gas comprising steam to provide a porous carbonaceous material. A carbon-carbon composite material is thus formed. 
<!-- EPO <DP n="7"/>-->
 Embodiments of carbon in this invention include both non-acid washed and acid-washed carbons. In some embodiments of this invention, suitable carbon catalysts may be prepared by treating the carbon with acids such as HNO<sub>3</sub>, HCI, HF, H<sub>2</sub>SO<sub>4</sub>, HCIO<sub>4</sub>, CH<sub>3</sub>COOH, and </p><p id="p0036" num="0036">combinations thereof. Acid treatment is typically sufficient to provide carbon that contains less than 1000 ppm of ash. Some suitable acid treatments of carbon are described in U.S. Patent No. 5,136,1 13. In some embodiments of this invention, an activated carbon is dried at an elevated temperature and then is soaked for 8 to 24 hours with occasional stirring in 1 to 12 weight percent of HNO3. The soaking process can be conducted at temperatures ranging from room temperature to 80° C. The activated carbon is then filtered and washed with deionized water until the washings have a pH greater than 4.0 or until the pH of the washings does not change. Finally, the activated carbon is dried at an elevated temperature. </p><p id="p0037" num="0037"> In some embodiments of this invention, carbon is an activated carbon. In some embodiments of this invention, carbon is a non-acid washed activated carbon. In some embodiments of this invention, carbon is an acid washed activated carbon. The carbon can be in the form of powder, granules, or pellets, et al. </p><p id="p0038" num="0038"> The effluent from the reaction zone typically includes residual starting materials R<sub>f</sub>CHCICH<sub>2</sub>CI, desired hydrochlorofluoroolefin product R<sub>f</sub>CCI=CH<sub>2</sub>, dehydrochlorination byproduct R<sub>f</sub>CH=CHCI and some other byproducts. The desired product R<sub>f</sub>CCI=CH<sub>2</sub> may be recovered from the product mixture by conventional methods. In some embodiments of this invention, product R<sub>f</sub>CCI=CH<sub>2</sub> may be purified or recovered by distillation. </p><p id="p0039" num="0039"> It was found through experiments that the catalytic </p><p id="p0040" num="0040">dehydrochlorination processes of this disclosure produced desired products with high selectivity. In some embodiments of this invention, the product selectivity to R<sub>f</sub>CCI=CH<sub>2</sub> is at least 90 mole %. </p><p id="p0041" num="0041"> It was also found through experiments that the dehydrochlorination reaction of this disclosure is highly selective. The dehydrochlorination reaction of R<sub>f</sub>CHCICH<sub>2</sub>CI may generate both isomers R<sub>f</sub>CCI=CH<sub>2</sub> and 
<!-- EPO <DP n="8"/>-->
 R<sub>f</sub>CH=CHCI. It was found that the dehydrochlorination processes of this disclosure generate substantially more R<sub>f</sub>CCI=CH<sub>2</sub> than R<sub>f</sub>CH=CHCI. In some embodiments of this invention, the dehydrochlorination selectivity to R<sub>f</sub>CCI=CH<sub>2</sub> is at least 95 mole %. </p><p id="p0042" num="0042"> The reactors, distillation columns, and their associated feed lines, effluent lines, and associated units used in applying the processes of embodiments of this invention may be constructed of materials resistant to corrosion. Typical materials of construction include TeflonTM and glass. Typical materials of construction also include stainless steels, in particular of the austenitic type, the well-known high nickel alloys, such as MonelT nickel-copper alloys, HastelloyTM nickel-based alloys and, InconelTM nickel-chromium alloys, and copper-clad steel. </p><p id="p0043" num="0043"> Many aspects and embodiments have been described above and are merely exemplary and not limiting. After reading this specification, skilled artisans appreciate that other aspects and embodiments are possible without departing from the scope of the invention. </p><p id="p0044" num="0044">EXAMPLES </p><p id="p0045" num="0045"> The concepts described herein will be further described in the following examples, which do not limit the scope of the invention described in the claims. </p><p id="p0046" num="0046"> Example 1 </p><p id="p0047" num="0047"> Example 1 demonstrates that contacting HCFC-243db with carbon generates HCFO-1233xf. </p><p id="p0048" num="0048"> 5 cc (cubic centimeter) (2.78 gm) of Calgon™ non-acid washed</p><p id="p0049" num="0049">PCB carbon (an activated carbon with surface area ranging from about 900 m<sup>2</sup>/g to about 1200 m<sup>2</sup>/g) (12-30 mesh) were filled into an Inconel™ reactor tube (0.43 inch ID) to form a catalyst bed. </p><p id="p0050" num="0050"> The reactor tube temperature was then raised to about 400° C. HCFC-243db was fed into a vaporizer at 1 .62 ml/hour and was vaporized at 94° C. Nitrogen was flowed through the vaporizer at 3.6 seem and carried vaporized HCFC-243db to the reactor tube. Product samples were 
<!-- EPO <DP n="9"/>-->
 taken at one hour intervals and analyzed by GC-MS and tabulated as mole percentage. The remaining percentages were unknown byproducts. </p><p id="p0051" num="0051"> Table 1 </p><p id="p0052" num="0052"><img id="imgf000009_0001" he="31" wi="142" file="imgf000009_0001.tif" img-format="tif" img-content="table" orientation="portrait" inline="yes"/></p><p id="p0053" num="0053">Note: Temp = Temperature; ml = milliliter; hr = hour; C T = Contact Time; Conv = Conversion; Sel = Selectivity; Prod = Product; DHC = </p><p id="p0054" num="0054">Dehydrochlorination; 243db = HCFC-243db; 1233xf = HCFO-1233xf; 1233zd = HCFO-1233zd; 253fb = HCFC-253fb = CH<sub>2</sub>CICH<sub>2</sub>CF3. Note that not all of the activities described above in the general description or the examples are required, that a portion of a specific activity may not be required, and that one or more further activities may be performed in addition to those described. Still further, the order in which activities are listed are not necessarily the order in which they are performed. </p><p id="p0055" num="0055"> In the foregoing specification, the concepts have been described with reference to specific embodiments. However, one of ordinary skill in the art appreciates that various modifications and changes can be made without departing from the scope of the invention as set forth in the claims below. Accordingly, the specification is to be regarded in an illustrative rather than a restrictive sense, and all such modifications are intended to be included within the scope of invention. </p><p id="p0056" num="0056"> Benefits, other advantages, and solutions to problems have been described above with regard to specific embodiments. However, the benefits, advantages, solutions to problems, and any feature(s) that may cause any benefit, advantage, or solution to occur or become more pronounced are not to be construed as a critical, required, or essential feature of any or all the claims. 
<!-- EPO <DP n="10"/>-->
 It is to be appreciated that certain features are, for clarity, described herein in the context of separate embodiments, may also be provided in combination in a single embodiment. Conversely, various features that are, for brevity, described in the context of a single embodiment, may also be provided separately or in any subcombination. 
</p></description><claims mxw-id="PCLM44726042" ref-ucid="WO-2012115934-A1" lang="EN" load-source="patent-office"><claim-statement><!-- EPO <DP n="11"/>-->CLAIM(S) What is claimed is: </claim-statement><claim id="clm-0001" num="1"><claim-text> 1 . A dehydrochlonnation process comprising contacting R<sub>f</sub>CHCICH<sub>2</sub>CI with a carbon catalyst in a reaction zone to produce a product mixture comprising R<sub>f</sub>CCI=CH<sub>2</sub>, wherein R<sub>f</sub> is a perfluorinated alkyl group. </claim-text></claim><claim id="clm-0002" num="2"><claim-text>2. The dehydrochlorination process of claim 1 wherein the carbon catalyst is an activated carbon. </claim-text></claim><claim id="clm-0003" num="3"><claim-text>3. The dehydrochlorination process of claim 2 wherein the carbon catalyst is an acid washed activated carbon. </claim-text></claim><claim id="clm-0004" num="4"><claim-text>4. The dehydrochlorination process of claim 2 wherein the carbon catalyst is a non-acid washed activated carbon. </claim-text></claim><claim id="clm-0005" num="5"><claim-text>5. The dehydrochlorination process of claim 1 wherein R<sub>f</sub> is CF<sub>3</sub>. </claim-text></claim><claim id="clm-0006" num="6"><claim-text>6. The dehydrochlorination process of claim 1 wherein the </claim-text><claim-text> temperature in the reaction zone is from about 300° C to about 500°</claim-text><claim-text>C. </claim-text></claim><claim id="clm-0007" num="7"><claim-text>7. The dehydrochlorination process of claim 6 wherein the </claim-text><claim-text> temperature in the reaction zone is from about 325° C to about 450° C. </claim-text></claim><claim id="clm-0008" num="8"><claim-text>8. The dehydrochlorination process of claim 1 wherein the product selectivity to R<sub>f</sub>CCI=CH<sub>2</sub> is at least 90 mole %. </claim-text></claim><claim id="clm-0009" num="9"><claim-text>9. The dehydrochlorination process of claim 1 wherein the </claim-text><claim-text> dehydrochlorination selectivity to R<sub>f</sub>CCI=CH<sub>2</sub> is at least 95 mole %. </claim-text></claim></claims><copyright>User acknowledges that Fairview Research LLC and its third party providers retain all right, title and interest in and to this xml under applicable copyright laws.  User acquires no ownership rights to this xml including but not limited to its format.  User hereby accepts the terms and conditions of the Licence Agreement</copyright></patent-document>
