<?xml version="1.0" encoding="UTF-8"?>
<patent-document ucid="EP-2678140-A1" country="EP" doc-number="2678140" kind="A1" date="20140101" family-id="46758327" file-reference-id="313846" date-produced="20180823" status="corrected" lang="EN"><bibliographic-data><publication-reference fvid="146551930" ucid="EP-2678140-A1"><document-id><country>EP</country><doc-number>2678140</doc-number><kind>A1</kind><date>20140101</date><lang>EN</lang></document-id></publication-reference><application-reference ucid="EP-12752147-A" is-representative="NO"><document-id mxw-id="PAPP154825853" load-source="docdb" format="epo"><country>EP</country><doc-number>12752147</doc-number><kind>A</kind><date>20120221</date><lang>EN</lang></document-id><document-id mxw-id="PAPP175460613" load-source="docdb" format="original"><country>EP</country><doc-number>12752147.4</doc-number><date>20120221</date><lang>EN</lang></document-id></application-reference><priority-claims><priority-claim mxw-id="PPC140451138" ucid="ZA-201101355-A" load-source="docdb"><document-id format="epo"><country>ZA</country><doc-number>201101355</doc-number><kind>A</kind><date>20110221</date></document-id></priority-claim><priority-claim mxw-id="PPC140450774" ucid="ZA-2012000009-W" linkage-type="W" load-source="docdb"><document-id format="epo"><country>ZA</country><doc-number>2012000009</doc-number><kind>W</kind><date>20120221</date></document-id></priority-claim></priority-claims><technical-data><classifications-ipcr><classification-ipcr mxw-id="PCL-1832250325" load-source="docdb">C03B  19/02        20060101ALI20170325BHEP        </classification-ipcr><classification-ipcr mxw-id="PCL-1832250326" load-source="docdb">C03B   9/48        20060101ALI20170325BHEP        </classification-ipcr><classification-ipcr mxw-id="PCL-1832250327" load-source="docdb">C03B   9/38        20060101ALI20170325BHEP        </classification-ipcr><classification-ipcr mxw-id="PCL-1832250328" load-source="docdb">C03B   9/347       20060101ALI20170325BHEP        </classification-ipcr><classification-ipcr mxw-id="PCL-1832250329" load-source="docdb">B29C  39/26        20060101ALI20170325BHEP        </classification-ipcr><classification-ipcr mxw-id="PCL-1832250330" load-source="docdb">B29C  33/30        20060101ALI20170325BHEP        </classification-ipcr><classification-ipcr mxw-id="PCL-1832250331" load-source="docdb">B29C  33/12        20060101AFI20170325BHEP        </classification-ipcr><classification-ipcr mxw-id="PCL-1832250332" load-source="docdb">B29C  33/04        20060101ALI20170325BHEP        </classification-ipcr></classifications-ipcr><classifications-cpc><classification-cpc mxw-id="PCL-1793407986" load-source="docdb" scheme="CPC">C03B   9/48        20130101 LI20170707BHEP        </classification-cpc><classification-cpc mxw-id="PCL-1793407987" load-source="docdb" scheme="CPC">C03B   9/3875      20130101 FI20170707BHEP        </classification-cpc><classification-cpc mxw-id="PCL-1793407988" load-source="docdb" scheme="CPC">C03B   9/347       20130101 LI20170707BHEP        </classification-cpc><classification-cpc mxw-id="PCL-1793407989" load-source="docdb" scheme="CPC">B29C  33/12        20130101 LI20170707BHEP        </classification-cpc><classification-cpc mxw-id="PCL-2102486648" load-source="docdb" scheme="CPC">Y10T  29/49826     20130101 LA20150123BCEP        </classification-cpc><classification-cpc mxw-id="PCL1988097991" load-source="docdb" scheme="CPC">B29C  33/306       20130101 LI20130311BHEP        </classification-cpc><classification-cpc mxw-id="PCL1988126480" load-source="docdb" scheme="CPC">B29C  33/04        20130101 LI20130311BHEP        </classification-cpc><classification-cpc mxw-id="PCL2039499710" load-source="docdb" scheme="CPC">C03B  19/02        20130101 LI20140228BHEP        </classification-cpc></classifications-cpc><invention-title mxw-id="PT132188274" lang="DE" load-source="patent-office">FORMANORDNUNG</invention-title><invention-title mxw-id="PT132188275" lang="EN" load-source="patent-office">A MOULD ASSEMBLY</invention-title><invention-title mxw-id="PT132188276" lang="FR" load-source="patent-office">ENSEMBLE MOULE</invention-title></technical-data><parties><applicants><applicant mxw-id="PPAR918141861" load-source="docdb" sequence="1" format="epo"><addressbook><last-name>GRAIL INV S PTY LTD</last-name><address><country>ZA</country></address></addressbook></applicant><applicant mxw-id="PPAR918132005" load-source="docdb" sequence="1" format="intermediate"><addressbook><last-name>GRAIL INVENTIONS (PTY) LTD.</last-name></addressbook></applicant><applicant mxw-id="PPAR918986106" load-source="patent-office" sequence="1" format="original"><addressbook><last-name>Grail Inventions (Pty) Ltd.</last-name><iid>101401024</iid><address><street>3A kariga Street Stikland</street><city>BELLVILLE, 7530</city><country>ZA</country></address></addressbook></applicant></applicants><inventors><inventor mxw-id="PPAR918140724" load-source="docdb" sequence="1" format="epo"><addressbook><last-name>BENNETT STANLEY WILLIAM</last-name><address><country>ZA</country></address></addressbook></inventor><inventor mxw-id="PPAR918147819" load-source="docdb" sequence="1" format="intermediate"><addressbook><last-name>BENNETT, Stanley William</last-name></addressbook></inventor><inventor mxw-id="PPAR918987317" load-source="patent-office" sequence="1" format="original"><addressbook><last-name>BENNETT, Stanley William</last-name><address><street>27 Hawk Road, Langebert Ridge</street><city>7550 Durbanville</city><country>ZA</country></address></addressbook></inventor></inventors><agents><agent mxw-id="PPAR918989743" load-source="patent-office" sequence="1" format="original"><addressbook><last-name>Pidgeon, Robert John</last-name><iid>100026882</iid><address><street>Appleyard Lees 15 Clare Road</street><city>Halifax HX1 2HY</city><country>GB</country></address></addressbook></agent></agents></parties><international-convention-data><pct-or-regional-filing-data ucid="ZA-2012000009-W"><document-id><country>ZA</country><doc-number>2012000009</doc-number><kind>W</kind><date>20120221</date><lang>EN</lang></document-id></pct-or-regional-filing-data><pct-or-regional-publishing-data ucid="WO-2012119159-A1"><document-id><country>WO</country><doc-number>2012119159</doc-number><kind>A1</kind><date>20120907</date><lang>EN</lang></document-id></pct-or-regional-publishing-data><designated-states><ep-contracting-states><country mxw-id="DS548871093" load-source="docdb">AL</country><country mxw-id="DS548842753" load-source="docdb">AT</country><country mxw-id="DS548871094" load-source="docdb">BE</country><country mxw-id="DS548952013" load-source="docdb">BG</country><country mxw-id="DS548819847" load-source="docdb">CH</country><country mxw-id="DS548944575" load-source="docdb">CY</country><country mxw-id="DS548842754" load-source="docdb">CZ</country><country mxw-id="DS548871095" load-source="docdb">DE</country><country mxw-id="DS548944576" load-source="docdb">DK</country><country mxw-id="DS548944577" load-source="docdb">EE</country><country mxw-id="DS548941186" load-source="docdb">ES</country><country mxw-id="DS548952014" load-source="docdb">FI</country><country mxw-id="DS548929075" load-source="docdb">FR</country><country mxw-id="DS548871096" load-source="docdb">GB</country><country mxw-id="DS548944662" load-source="docdb">GR</country><country mxw-id="DS548871097" load-source="docdb">HR</country><country mxw-id="DS548842755" load-source="docdb">HU</country><country mxw-id="DS548819848" load-source="docdb">IE</country><country mxw-id="DS548944663" load-source="docdb">IS</country><country mxw-id="DS548929076" load-source="docdb">IT</country><country mxw-id="DS548944664" load-source="docdb">LI</country><country mxw-id="DS548952015" load-source="docdb">LT</country><country mxw-id="DS548940751" load-source="docdb">LU</country><country mxw-id="DS548952016" load-source="docdb">LV</country><country mxw-id="DS548952017" load-source="docdb">MC</country><country mxw-id="DS548940752" load-source="docdb">MK</country><country mxw-id="DS548940753" load-source="docdb">MT</country><country mxw-id="DS548819849" load-source="docdb">NL</country><country mxw-id="DS548941187" load-source="docdb">NO</country><country mxw-id="DS548819850" load-source="docdb">PL</country><country mxw-id="DS548940758" load-source="docdb">PT</country><country mxw-id="DS548929077" load-source="docdb">RO</country><country mxw-id="DS548940759" load-source="docdb">RS</country><country mxw-id="DS548819851" load-source="docdb">SE</country><country mxw-id="DS548842756" load-source="docdb">SI</country><country mxw-id="DS548941188" load-source="docdb">SK</country><country mxw-id="DS548819852" load-source="docdb">SM</country><country mxw-id="DS548952018" load-source="docdb">TR</country></ep-contracting-states></designated-states></international-convention-data><office-specific-data><eptags><ep-no-a-document-published>*</ep-no-a-document-published></eptags></office-specific-data></bibliographic-data><abstract mxw-id="PA99830808" ref-ucid="WO-2012119159-A1" lang="EN" load-source="patent-office"><p num="0000">A method of forming a mould assembly (10) is provided. The method includes providing a mould body (12) defining a mould insert receiving zone (14). The method includes providing a mould insert (16), defining opposed sides (18, 20). One side (18) defines a mould cavity surface (21), against which an article is to be moulded, and the opposed side (20) defines a mould body seating arrangement (22) for seating the mould insert (16) in the mould insert receiving zone (14). The method further includes positioning the mould insert 16 in the mould insert receiving zone (14) of the mould body (12).</p></abstract><abstract mxw-id="PA100327632" ref-ucid="WO-2012119159-A1" lang="EN" source="national office" load-source="docdb"><p>A method of forming a mould assembly (10) is provided. The method includes providing a mould body (12) defining a mould insert receiving zone (14). The method includes providing a mould insert (16), defining opposed sides (18, 20). One side (18) defines a mould cavity surface (21), against which an article is to be moulded, and the opposed side (20) defines a mould body seating arrangement (22) for seating the mould insert (16) in the mould insert receiving zone (14). The method further includes positioning the mould insert 16 in the mould insert receiving zone (14) of the mould body (12).</p></abstract><abstract mxw-id="PA99830809" ref-ucid="WO-2012119159-A1" lang="FR" load-source="patent-office"><p num="0000">Cette invention concerne un procédé de formation d'un ensemble moule (10). Ledit procédé comprend les étapes consistant à : utiliser un corps de moule (12) définissant une zone de réception (14) d'empreinte rapportée et utiliser une empreinte rapportée (16) définissant des côtés opposés (18, 20). Un premier côté (18) définit une surface de cavité de moule (21) contre laquelle un article sera moulé, et le côté opposé (20) définit un agencement de logement de corps de moule (22) pour loger l'empreinte rapportée (16) dans la zone de réception (14) d'empreinte rapportée. Ledit procédé comprend en outre l'étape consistant à positionner l'empreinte rapportée (16) dans la zone de réception (14) d'empreinte rapportée du corps de moule (12).</p></abstract><abstract mxw-id="PA100327633" ref-ucid="WO-2012119159-A1" lang="FR" source="national office" load-source="docdb"><p>Cette invention concerne un procédé de formation d'un ensemble moule (10). Ledit procédé comprend les étapes consistant à : utiliser un corps de moule (12) définissant une zone de réception (14) d'empreinte rapportée et utiliser une empreinte rapportée (16) définissant des côtés opposés (18, 20). Un premier côté (18) définit une surface de cavité de moule (21) contre laquelle un article sera moulé, et le côté opposé (20) définit un agencement de logement de corps de moule (22) pour loger l'empreinte rapportée (16) dans la zone de réception (14) d'empreinte rapportée. Ledit procédé comprend en outre l'étape consistant à positionner l'empreinte rapportée (16) dans la zone de réception (14) d'empreinte rapportée du corps de moule (12).</p></abstract><description mxw-id="PDES51232352" ref-ucid="WO-2012119159-A1" lang="EN" load-source="patent-office"><!-- EPO <DP n="3"/>--><p id="p0001" num="0001"> Title: </p><p id="p0002" num="0002"> A Mould Assembly. </p><p id="p0003" num="0003">Field of the invention: </p><p id="p0004" num="0004">THIS INVENTION relates to a mould assembly. In particular, the invention relates to a method of forming a mould assembly, to a mould assembly, to a mould assembly body and to a mould assembly insert. </p><p id="p0005" num="0005">Background of the invention: </p><p id="p0006" num="0006">Moulds are used in a variety of different industries to produce moulded articles. In many industries, such as the glass moulding industry, for example, the moulds used to mould glass articles are subject to relatively high temperatures. Typically, moulds used in the glass industry include two cast iron mould halves which are held together releasably to define an internal mould cavity. Cast iron is used because of its resistance to deformation at elevated temperatures and its wear resistant properties. Glass heated to a fluid state, or GOB, as it is colloquially referred to, is then introduced into the mould cavity and allowed to cool to form a glass article, such as, a glass bottle, for example. The mould halves are then separated from each other so as to enable the glass article to be removed. The mould halves are then again held together to define the mould cavity and the process is repeated to form another similarly shaped glass article. </p><p id="p0007" num="0007">The GOB when introduced into the mould cavity can be at a temperature of anywhere between 450°C and 1050°C. The introduction of the GOB at these temperatures causes thermal shock to the mould. To compensate for the thermal shock, forced cooling is provided. This is achieved by passing a cooling fluid, such as, air, or the like, for example, through cooling passages defined by the mould halves. In addition, the mould halves are robust and are formed from a relatively large amount of material, to accommodate the cooling passages as well as to cope with the temperature shock. Typically, these cooling passages are in the form of straight bores extending generally parallel relative to one another in spaced apart relationship surrounding the mould cavity. 
<!-- EPO <DP n="4"/>-->
 It has been found that, the current moulds used in industries, such as the glass moulding industry, for example, give rise to certain disadvantages. Firstly, internal surfaces of the mould halves are subjected to wear. A carbon solution is applied periodically to the surfaces to inhibit an outer surface of the glass article from being rough as a result of such surface wear. The carbon solution used is carcinogenic. Accordingly, the use of such a carbon solution is detrimental to people's health. Secondly, should it be desired to apply moulded shapes, such as, decals, trade-marks, icons, or the like, for example, to a surface of a glass article, there are limitations to doing so because of the characteristics of cast iron. Thirdly, the internal surface, of the mould halves which together define the mould cavity, are periodically polished to even wear on the surfaces and to remove carbon build up. This interrupts production resulting in loss of production. Fourthly, the mould cavity grows due to wear. Accordingly, when the mould is used to form glass articles, such as bottles, for example, a greater amount of GOB has to be used to maintain consistent internal volumes of the bottles. Fifthly, where the surfaces defining the mould cavity are irregularly shaped to produce irregularly shaped glass articles, such as bottles defining neck portions, for example, the glass articles are subjected to irregular cooling since the distance between the mould surfaces and the cooling passages vary because of such an irregular shape. This can lead to weak areas of the glass article and breakage during production. </p><p id="p0008" num="0008">It is an object of the invention to provide a mould assembly arranged at least to inhibit, or reduce, the disadvantages referred to above. </p><p id="p0009" num="0009">Summary of the invention: </p><p id="p0010" num="0010">According to a first aspect of the invention, there is provided a method of forming a mould assembly, the method including: </p><p id="p0011" num="0011"> providing a mould body defining a mould insert receiving zone; </p><p id="p0012" num="0012"> providing a mould insert defining opposed sides, one side of which defines a mould cavity surface against which an article is to be moulded, the opposed side of which defines a mold body seating arrangement for seating the mould insert in the mould insert receiving zone; and </p><p id="p0013" num="0013"> positioning the mould insert in the mould insert receiving zone of the mould body. 
<!-- EPO <DP n="5"/>-->
 The mould body may be in the form of a plurality of mould body parts, the method including locating the mould body parts together. </p><p id="p0014" num="0014">The mould insert may be defined by a plurality of mould insert parts, the method including positioning the mould insert parts in the mould insert receiving zones defined by each mould body part prior to locating the mould body parts together.</p><p id="p0015" num="0015">The mould body and the mould insert may be arranged to define cooling passages, positioning the mould insert in the mould insert receiving zone of the mould body then including positioning the mould insert in the mould insert receiving zone of the mould body to define cooling passages extending along the mould cavity surface. </p><p id="p0016" num="0016">The mould cavity surface may be irregularly shaped, positioning the mould insert in the mould insert receiving zone of the mould body to define cooling passages extending along the mould cavity surface, then including positioning the mould insert in the mould insert receiving zone of the mould body to define cooling passages which extend generally equidistantly from the mould cavity surface. </p><p id="p0017" num="0017">The mould body and the mould insert may be arranged to define the cooling passages at an interface between the mould insert and the mould body, positioning the mould insert in the mould insert receiving zone of the mould body to define cooling passages extending along the mould cavity surface then including positioning the mould insert in the mould insert receiving zone such that each cooling passage is defined partially by the mould body and partially by the mould insert. The mould body may define a mould body insert receiving surface between which the mould body insert receiving zone is defined, the method including positioning the mould insert in the mould insert receiving zone against the mould body insert receiving surface. In one embodiment, the mould insert defines spaced apart rib formations defining extreme end portions, the extreme end portions being arranged to seat against the mould body insert receiving surface in the mould body insert receiving zone so as to 
<!-- EPO <DP n="6"/>-->
 define the cooling passages between the mould body insert receiving surface and the spaced apart rib formations. </p><p id="p0018" num="0018">The mould body insert receiving surface may extend regularly along the mould body and the extreme end portions of the spaced apart rib formations may extend regularly along the mould body insert, positioning the mould insert in the mould insert receiving zone against mould body insert receiving surface then including positioning the extreme end portions of the spaced apart rib formations longitudinally to abut against the mould body insert receiving surface. </p><p id="p0019" num="0019">The mould body insert receiving surface may extend irregularly along the mould body and the extreme end portions of the spaced apart rib formations may extend irregularly along the mould body insert, positioning the mould insert in the mould insert receiving zone against the mould body insert receiving surface then including positioning the extreme end portions of the spaced apart rib formations longitudinally to abut against the mould body insert receiving surface. </p><p id="p0020" num="0020">In another embodiment, the mould body defines spaced apart rib formations defining extreme end portions, the extreme end portions being arranged to seat against the mould body insert in the mould insert receiving zone so as to define the cooling passages between the mould body insert and the spaced apart rib formations. </p><p id="p0021" num="0021">The extreme end portions of the spaced apart rib formations may extend irregularly along the mould body and the mould body insert may define an irregularly extending outer surface, positioning the mould insert in the mould insert receiving zone against the mould body then including positioning the extreme end portions of the spaced apart rib formations longitudinally to abut against the irregularly extending outer surface of the mould body insert. The mould body insert may define opposed flange formations and the mould body may define opposed flange seat formations, positioning the mould insert in the mould insert receiving zone of the mould body then including seating the opposed flange formations in the opposed flange seat formations. 
<!-- EPO <DP n="7"/>-->
 The mould body insert may define securing means for securing the opposed flange formations in the opposed flange seat formations, the method including securing the opposed flange formations in the opposed flange seat formations. </p><p id="p0022" num="0022">The securing means may define apertures and the mould body may define internally screw-threaded holes, securing the opposed flange formations in the opposed flange seat formations then including screw threadedly securing screw-threaded fasteners through the apertures in the flange formations into screw-threaded engagement with the internally screw-threaded holes in the mould body. </p><p id="p0023" num="0023">According to another aspect of the invention, there is provided a mould assembly, the mould assembly including: </p><p id="p0024" num="0024"> a mould body defining a mould insert receiving zone; and </p><p id="p0025" num="0025"> a mould insert defining opposed sides, one side of which defines a mould cavity surface against which an article is to be moulded, the opposed side of which defines a mould body seating arrangement for seating the mould insert in the mould insert receiving zone, the mould insert being positioned in the mould insert receiving zone of the mould body. </p><p id="p0026" num="0026">The mould body may be in the form of a plurality of mould body parts, the plurality of mould body parts being arranged to be located together to define the mould body. </p><p id="p0027" num="0027">The mould insert may be defined by a plurality of mould insert parts, the plurality of mould insert parts being arranged to be positioned together to define the mould cavity when positioned in the mould body parts and the mould body parts are located together. </p><p id="p0028" num="0028">At least one of the mould body and the mould insert may be arranged to define cooling passages. </p><p id="p0029" num="0029">Typically, the mould body and the mould insert together define the cooling passages. 
<!-- EPO <DP n="8"/>-->
 The mould cavity surface may be irregularly shaped. The cooling passages may extend generally equidistantly from the mould cavity surface. </p><p id="p0030" num="0030">The mould body and the mould insert may be arranged to define the cooling passages at an interface between the mould insert and the mould body such that each cooling passage is defined partially by the mould body and partially by the mould insert. </p><p id="p0031" num="0031">The mould body may define a mould body insert receiving surface between which the mould body insert receiving zone is defined, the mould insert being positioned in the mould insert receiving zone against the mould body insert receiving surface. </p><p id="p0032" num="0032">In one embodiment, the mould insert defines spaced apart rib formations defining extreme end portions, the extreme end portions being arranged to seat against the mould body insert receiving surface in the mould body insert receiving zone so as to define the cooling passages between the mould body insert receiving surface and the spaced apart rib formations. </p><p id="p0033" num="0033">The mould body insert receiving surface may extend regularly along the mould body and the extreme end portions of the spaced apart rib formations may extend regularly along the mould body insert the spaced apart rib formations being positioned longitudinally to abut against the mould body insert receiving surface. </p><p id="p0034" num="0034">The mould body insert receiving surface may extend irregularly along the mould body and the extreme end portions of the spaced apart rib formations may extend irregularly along the mould body insert the spaced apart rib formations being positioned longitudinally to abut against the mould body insert receiving surface. </p><p id="p0035" num="0035">In another embodiment, the mould body defines spaced apart rib formations defining extreme end portions, the extreme end portions being arranged to seat against the mould body insert in the mould insert receiving zone so as to define the cooling passages between the mould body insert and the spaced apart rib formations. 
<!-- EPO <DP n="9"/>-->
 The extreme end portions of the spaced apart rib formations may extend irregularly along the mould body and the mould body insert may define an irregularly extending outer surface, the mould insert being positioned in the mould insert receiving zone longitudinally to abut against the extreme end portions of the rib formations. </p><p id="p0036" num="0036">The mould body insert may define opposed flange formations and the mould body may define opposed flange seat formations, the opposed flange formations being seated in the opposed flange seat formations. </p><p id="p0037" num="0037">The mould body insert may define securing means for securing the opposed flange formations in the opposed flange seat formations. </p><p id="p0038" num="0038">The securing means may define apertures and the mould body may define internally screw-threaded holes, the opposed flange formations being secured in the opposed flange seat formations by screw-threaded fasteners extending through the apertures into screw-threaded engagement with the internally screw-threaded holes in the mould body. </p><p id="p0039" num="0039">According to another aspect of the invention, there is provided a mould assembly including a mould body as described above. </p><p id="p0040" num="0040">According to another aspect of the invention, there is provided a mould assembly including a mould insert as described above. </p><p id="p0041" num="0041">Brief Description of the Drawings: </p><p id="p0042" num="0042">Embodiments of the invention will now be described, by way of example, with reference to the accompanying diagrammatic drawings, in which: </p><p id="p0043" num="0043">Figure 1 shows a schematic three dimensional view of a mould body part in accordance with an embodiment of the invention; </p><p id="p0044" num="0044">Figure 2 shows a schematic three dimensional view of a mould insert part for use with the mould body part as shown in Figure 1 of the drawings; 
<!-- EPO <DP n="10"/>-->
 Figure 3 shows schematic plan view of a mould body part and a mould insert part, in accordance with a similar embodiment of the invention; </p><p id="p0045" num="0045">Figure 3A shows a schematic sectional exploded side view along arrows I in Figure 3 of the drawings; </p><p id="p0046" num="0046">Figure 3B shows schematic end view along arrows II in Figure 3 of the drawings; </p><p id="p0047" num="0047">Figure 4 shows a schematic plan view of a mould body part and a mould insert part, in accordance with another embodiment of the invention; </p><p id="p0048" num="0048">Figure 4A shows a schematic sectional exploded side view along arrows III in Figure 4 of the drawings; </p><p id="p0049" num="0049">Figure 4B shows a schematic end view along arrows IV in Figure 4 of the drawings; </p><p id="p0050" num="0050">Figure 5 shows a schematic plan view of a mould body part and a mould insert part, in accordance with a further embodiment of the invention; </p><p id="p0051" num="0051">Figure 5A shows a schematic sectional exploded side view along arrows V in Figure 5 of the drawings; and </p><p id="p0052" num="0052">Figure 5B shows a schematic end view along arrows VI in Figure 5 of the drawings. </p><p id="p0053" num="0053">Detailed Description of Preferred Embodiments: </p><p id="p0054" num="0054">Referring to Figures 1, 3, 3 A and 3B of the drawings, part of a mould assembly in accordance with ata embodiment of the invention, is generally indicated by reference numeral 10. It will be appreciated that the mould assembly includes two of the mould assembly parts 10 positioned together to define an internal moulding cavity. 
<!-- EPO <DP n="11"/>-->
 In the embodiments shown in the drawings, the mould assembly is arranged for moulding glass bottles. However, it will be appreciated that the scope of the invention is not limited to the moulding of glass bottles only, but extends to moulding other glass articles and moulding articles in general. </p><p id="p0055" num="0055">The part of the mould assembly 10 includes a mould body part 12. The mould body part 12 defines a mould insert receiving zone 14. In addition, the part of the mould assembly 10 includes a mould insert 16. The mould insert 16 defines opposed sides 18, 20. One side 18 defines a mould cavity surface 21 against which an article is to be moulded. The opposed side 20 defines a mould body seating arrangement 22 for seating the mould insert 16 in the mould insert receiving zone 14 so as to be positioned in the mould insert receiving zone 14 of the mould body 12. </p><p id="p0056" num="0056">The mould body can be in the form of a plurality of mould body parts. In the embodiments shown in the drawings, the mould body is made up of two similar mould body halves, only one of which is shown in each of the drawings. It will be appreciated that the mould body can be made up of more than two body parts, for example. The mould body parts are arranged to be located together to define the mould body. </p><p id="p0057" num="0057">The mould insert can be defined by a plurality of mould insert parts. The plurality of mould insert parts are then arranged to be positioned together to define the mould cavity when positioned in the mould body parts and the mould body parts are located together. Although, in the drawings, the mould insert is made up of two similar mould insert halves, only one of which is shown in each of the drawings, it will be appreciated that the mould insert can be made up of more than two mould insert parts, for example. . </p><p id="p0058" num="0058">At least one of the mould body and the mould insert is arranged to define cooling passages. The cooling passages are positioned generally equidistantly from the mould cavity surface. It has been found that by providing cooling passages to extend generally equidistantly from the mould cavity surface, a more uniform cooling is provided during moulding of an article. 
<!-- EPO <DP n="12"/>-->
 In Figures 1 to 3 of the drawings, the mould body part 12 and the mould insert 16 together define cooling passages 24. The mould cavity surface 21 is irregularly shaped, for example, where a bottle is to be moulded from glass. As can best be seen with reference to Figure 3A of the drawings, the cooling passages 24 extend generally equidistantly from the mould cavity surface 21, as indicated by arrow A. </p><p id="p0059" num="0059">The mould body part 12 and the mould insert part 16 are arranged to define the cooling passages 24 at an interface 26 between the mould insert part 16 and the mould body part 12. Accordingly, each cooling passage 24 is defined partially by the mould body part 12 and partially by the mould insert part 16. </p><p id="p0060" num="0060">The mould body part 12 defines a mould insert receiving surface 28 between which the mould insert receiving zone 14 is defined. In use, the mould insert part 16 is positioned in the mould insert receiving zone 14 against the mould body insert receiving surface 28. </p><p id="p0061" num="0061">The mould insert part 16 defines spaced apart rib formations 30 defining extreme end portions 30.1. The extreme end portions 30.1 are arranged to seat against the mould body insert receiving surface 28 in the mould body insert receiving zone 14 so as to define the cooling passages 24 between the mould body insert receiving surface 28 and the spaced apart rib formations 30. The extreme end portions 30.1 of the rib formations 30 define the mould body seating arrangement 22. The extreme end portions 30.1 of the spaced apart rib formations 30 extend regularly along the mould body insert 16. The spaced apart rib formations 30 are positioned longitudinally to abut against the mould body insert receiving surface 28. </p><p id="p0062" num="0062">The mould body insert part 16 defines opposed flange formations 30 and the mould body part 12 defines opposed flange seat formations 32. The opposed flange formations 30 are seated in the opposed flange seat formations 32 to locate the mould body insert part 16 on the mould body part 12. 
<!-- EPO <DP n="13"/>-->
 The mould body insert part 16 defines securing means, generally indicated by reference numeral 34, for securing the opposed flange formations 30 in the opposed flange seat formations 32. The securing means 34 can define apertures 36 and the mould body part 12 can define internally screw-threaded holes. The opposed flange formations 30 can then be secured in the opposed flange seat formations 32 by screw- threaded fasteners extending through the apertures 36 into screw- threaded engagement with the internally screw-threaded holes in the mould body part 12. </p><p id="p0063" num="0063">Referring now to Figures 4, 4A and 4B of the drawings, in which like reference numerals have been used to designate similar parts, or features, unless otherwise stated, part of a mould assembly in accordance with another embodiment of the invention, is generally indicated by reference numeral 110. The part of the mould assembly 110 is similar to the part of the mould assembly 10, save that the mould body insert receiving surface 128 extends irregularly along the mould body part 1 12. Accordingly, the extreme end portions 130.1 of the spaced apart rib formations 130 extend irregularly along the mould body insert part 116 so as longitudinally to abut against the mould body insert receiving surface 128. </p><p id="p0064" num="0064">Referring now to Figure 5, 5A and 5B of the drawings, in which like reference numerals have been used to designate similar parts, or features, unless otherwise stated, part of a mould assembly in accordance with yet another embodiment of the invention, is generally indicated by reference numeral 210. The mould body part 212 defines the spaced apart rib formations 230 defining extreme end portions 230.1. The extreme end portions 230.1 are arranged to seat against the mould body insert part 216 in the mould insert receiving zone 214, so as to define the cooling passages 224 between the mould body insert part 216 and the spaced apart rib formations 230. </p><p id="p0065" num="0065">The extreme end portions 230.1 of the spaced apart rib formations 230 extend irregularly along the mould body part 212. The mould body insert part 216 defines an irregularly extending outer surface 216.1. The mould insert part 216 is, in use, positioned in the mould insert receiving zone 214 longitudinally to abut against the irregularly extending extreme end portions 230.1 of the spaced apart rib formations 230. 
<!-- EPO <DP n="14"/>-->
 By providing a mould cavity insert, or mould body insert part, as described above, the mould cavity insert can simply be replaced upon becoming worn, or no longer usable. In this way, replacing an entire mould body would not be required. In addition, by providing cooling passages which extend generally equidistantly from an irregular mould cavity surface, a more uniform cooling is provided to an article when moulded. The mould cavity insert can include materials such as, beryllium, nickel, boron and/or manganese, for example. 
</p></description><claims mxw-id="PCLM44851490" ref-ucid="WO-2012119159-A1" lang="EN" load-source="patent-office"><claim-statement><!-- EPO <DP n="15"/>-->Claims: </claim-statement><claim id="clm-0001" num="1"><claim-text>1. A method of forming a mould assembly, the method including: </claim-text><claim-text> providing a mould body defining a mould insert receiving zone; </claim-text><claim-text> providing a mould insert defining opposed sides, one side of which defines a mould cavity surface against which an article is to be moulded, the opposed side of which defines a mould body seating arrangement for seating the mould insert in the mould insert receiving zone; and </claim-text><claim-text> positioning the mould insert in the mould insert receiving zone of the mould body. </claim-text></claim><claim id="clm-0002" num="2"><claim-text>2. The method of forming a mould assembly as claimed in claim 1, in which the mould body is in the form of a plurality of mould body parts, the method including locating the mould body parts together. </claim-text></claim><claim id="clm-0003" num="3"><claim-text>3. The method of forming a mould assembly as claimed in claim 2, in which the mould insert is defined by a plurality of mould insert parts, the method including positioning the mould insert parts in the mould insert receiving zones defined by each mould body part prior to locating the mould body parts together. </claim-text></claim><claim id="clm-0004" num="4"><claim-text>4. The method of forming a mould assembly as claimed in claim 3, in which the mould body and the mould insert are arranged to define cooling passages, positioning the mould insert in the mould insert receiving zone of the mould body then including positioning the mould insert in the mould insert receiving zone of the mould body to define cooling passages extending along the mould cavity surface. </claim-text></claim><claim id="clm-0005" num="5"><claim-text>5. The method of forming a mould assembly as claimed in claim 4, in which the mould cavity surface is irregularly shaped, positioning the mould insert in the mould insert receiving zone of the mould body to define cooling passages extending along the mould cavity surface, then including positioning the mould insert in the mould insert receiving zone of the mould body to define cooling passages which extend generally equidistantly from the mould cavity surface. <!-- EPO <DP n="16"/>--> </claim-text></claim><claim id="clm-0006" num="6"><claim-text>6. The method of forming a mould assembly as claimed in claim 5, in which the mould body and the mould insert are arranged to define the cooling passages at an interface between the mould insert and the mould body, positioning the mould insert in the mould insert receiving zone of the mould body to define cooling passages extending along the mould cavity surface then including positioning the mould insert in the mould insert receiving zone such that each cooling passage is defined partially by the mould body and partially by the mould insert. </claim-text></claim><claim id="clm-0007" num="7"><claim-text>7. The method of forming a mould assembly as claimed in claim 5, in which the mould body defines a mould body insert receiving surface between which the mould body insert receiving zone is defined, the method including positioning the mould insert in the mould insert receiving zone against the mould body insert receiving surface. </claim-text></claim><claim id="clm-0008" num="8"><claim-text>8. The method of forming a mould assembly as claimed in claim 7, in which the mould insert defines spaced apart rib formations defining extreme end portions, the extreme end portions being arranged to seat against the mould body insert receiving surface in the mould body insert receiving zone so as to define the cooling passages between the mould body insert receiving surface and the spaced apart rib formations. </claim-text></claim><claim id="clm-0009" num="9"><claim-text>9. The method of forming a mould assembly as claimed in claim 8, in which the mould body insert receiving surface extends regularly along the mould body and the extreme end portions of the spaced apart rib formations extend regularly along the mould body insert, positioning the mould insert in the mould insert receiving zone against mould body insert receiving surface then including positioning the extreme end portions of the spaced apart rib formations longitudinally to abut against the mould body insert receiving surface. </claim-text></claim><claim id="clm-0010" num="10"><claim-text>10. The method of forming a mould assembly as claimed in claim 8, in which the mould body insert receiving surface extends irregularly along the mould body and the extreme end portions of the spaced apart rib formations extend irregularly <!-- EPO <DP n="17"/>--> along the mould body insert, positioning the mould insert in the mould insert receiving zone against the mould body insert receiving surface then including positioning the extreme end portions of the spaced apart rib formations longitudinally to abut against the mould body insert receiving surface. </claim-text></claim><claim id="clm-0011" num="11"><claim-text>11. The method of forming a mould assembly as claimed in claim 7, in which the mould body defines spaced apart rib formations defining extreme end portions, the extreme end portions being arranged to seat against the mould body insert in the mould insert receiving zone so as to define the cooling passages between the mould body insert and the spaced apart rib formations. </claim-text></claim><claim id="clm-0012" num="12"><claim-text>12. The method of forming a mould assembly as claimed in claim 11, in which the extreme end portions of the spaced apart rib formations extend irregularly along the mould body and the mould body insert defines an irregularly extending outer surface, positioning the mould insert in the mould insert receiving zone against the mould body then including positioning the extreme end portions of the spaced apart rib formations longitudinally to abut against the irregularly extending outer surface of the mould body insert. </claim-text></claim><claim id="clm-0013" num="13"><claim-text>13. A mould assembly, the mould assembly including: </claim-text><claim-text> a mould body defining a mould insert receiving zone; and </claim-text><claim-text> a mould insert defining opposed sides, one side of which defines a mould cavity surface against which an article is to be moulded, the opposed side of which defines a mould body seating arrangement for seating the mould insert in the mould insert receiving zone, the mould insert being positioned in the mould insert receiving zone of the mould body. </claim-text></claim><claim id="clm-0014" num="14"><claim-text>14. The mould assembly as claimed in claim 13, in which the mould body is in the form of a plurality of mould body parts, the plurality of mould body parts being arranged to be located together to define the mould body. <!-- EPO <DP n="18"/>--> </claim-text></claim><claim id="clm-0015" num="15"><claim-text>15. The mould assembly as claimed in claim 14, in which the mould insert is defined by a plurality of mould insert parts, the plurality of mould insert parts being arranged to be positioned together to define the mould cavity when positioned in the mould body parts and the mould body parts are located together. </claim-text></claim><claim id="clm-0016" num="16"><claim-text>16. The mould assembly as claimed in claim 15, in which at least one of the mould body and the mould insert is arranged to define cooling passages. </claim-text></claim><claim id="clm-0017" num="17"><claim-text>17. The mould assembly as claimed in claim 16, in which the mould body and the mould insert together define the cooling passages. </claim-text></claim><claim id="clm-0018" num="18"><claim-text>18. The mould assembly as claimed in claim 17, in which the mould cavity surface is irregularly shaped and the cooling passages extend generally equidistantly from the mould cavity surface. </claim-text></claim><claim id="clm-0019" num="19"><claim-text>19. The mould assembly as claimed in claim 18, in which the mould body and the mould insert are arranged to define the cooling passages at an interface between the mould insert and the mould body such that each cooling passage is defined partially by the mould body and partially by the mould insert. </claim-text></claim><claim id="clm-0020" num="20"><claim-text>20. The mould assembly as claimed in claim 19, in which the mould body defines a mould body insert receiving surface between which the mould body insert receiving zone is defined, the mould insert being positioned in the mould insert receiving zone against the mould body insert receiving surface. </claim-text></claim><claim id="clm-0021" num="21"><claim-text>21. The mould assembly as claimed in claim 20, in which the mould insert defines spaced apart rib formations defining extreme end portions, the extreme end portions being arranged to seat against the mould body insert receiving surface in the mould body insert receiving zone so as to define the cooling passages between the mould body insert receiving surface and the spaced apart rib formations. <!-- EPO <DP n="19"/>--> </claim-text></claim><claim id="clm-0022" num="22"><claim-text>22. The mould assembly as claimed in claim 21, in which the mould body insert receiving surface extends regularly along the mould body and the extreme end portions of the spaced apart rib formations extend regularly along the mould body insert, the spaced apart rib formations being positioned longitudinally to abut against the mould body insert receiving surface. </claim-text></claim><claim id="clm-0023" num="23"><claim-text>23. The mould assembly as claimed in claim 22, in which the mould body insert receiving surface extends irregularly along the mould body and the extreme end portions of the spaced apart rib formations extend irregularly along the mould body insert the spaced apart rib formations being positioned longitudinally to abut against the mould body insert receiving surface. </claim-text></claim><claim id="clm-0024" num="24"><claim-text>24. The mould assembly as claimed in claim 20, in which the mould body defines spaced apart rib formations defining extreme end portions, the extreme end portions being arranged to seat against the mould body insert in the mould insert receiving zone so as to define the cooling passages between the mould body insert and the spaced apart rib formations. </claim-text></claim><claim id="clm-0025" num="25"><claim-text>25. The mould assembly as claimed in claim 24, in which the extreme end portions of the spaced apart rib formations extend irregularly along the mould body and the mould body insert defines an irregularly extending outer surface, the mould insert being positioned in the mould insert receiving zone longitudinally to abut against the extreme end portions of the rib formations. </claim-text></claim><claim id="clm-0026" num="26"><claim-text>26. A mould assembly including a mould body as claimed in any one of claims 13 to 25 inclusive. </claim-text></claim><claim id="clm-0027" num="27"><claim-text>27. A mould assembly including a mould insert as claimed in any one of claims 13 to 25 inclusive. </claim-text></claim></claims><copyright>User acknowledges that Fairview Research LLC and its third party providers retain all right, title and interest in and to this xml under applicable copyright laws.  User acquires no ownership rights to this xml including but not limited to its format.  User hereby accepts the terms and conditions of the Licence Agreement</copyright></patent-document>
