<?xml version="1.0" encoding="UTF-8"?>
<patent-document ucid="EP-2681312-A1" country="EP" doc-number="2681312" kind="A1" date="20140108" family-id="43904473" file-reference-id="294917" date-produced="20180823" status="corrected" lang="EN"><bibliographic-data><publication-reference fvid="146586954" ucid="EP-2681312-A1"><document-id><country>EP</country><doc-number>2681312</doc-number><kind>A1</kind><date>20140108</date><lang>EN</lang></document-id></publication-reference><application-reference ucid="EP-12709144-A" is-representative="NO"><document-id mxw-id="PAPP154849146" load-source="docdb" format="epo"><country>EP</country><doc-number>12709144</doc-number><kind>A</kind><date>20120228</date><lang>EN</lang></document-id><document-id mxw-id="PAPP197861091" load-source="docdb" format="original"><country>EP</country><doc-number>12709144.5</doc-number><date>20120228</date></document-id></application-reference><priority-claims><priority-claim mxw-id="PPC140550805" ucid="GB-201103600-A" load-source="docdb"><document-id format="epo"><country>GB</country><doc-number>201103600</doc-number><kind>A</kind><date>20110301</date></document-id></priority-claim><priority-claim mxw-id="PPC140550557" ucid="GB-2012050447-W" linkage-type="W" load-source="docdb"><document-id format="epo"><country>GB</country><doc-number>2012050447</doc-number><kind>W</kind><date>20120228</date></document-id></priority-claim></priority-claims><technical-data><classifications-ipcr><classification-ipcr mxw-id="PCL1989316316" load-source="docdb">C12N   5/0784      20100101AFI20121009BHEP        </classification-ipcr><classification-ipcr mxw-id="PCL1989317738" load-source="docdb">C12N   5/074       20100101ALI20121009BHEP        </classification-ipcr></classifications-ipcr><classifications-cpc><classification-cpc mxw-id="PCL-1884766621" load-source="docdb" scheme="CPC">C12N2506/45        20130101 LA20161026BHEP        </classification-cpc><classification-cpc mxw-id="PCL-1884766622" load-source="docdb" scheme="CPC">C12N2501/25        20130101 LA20161026BHEP        </classification-cpc><classification-cpc mxw-id="PCL-1884766623" load-source="docdb" scheme="CPC">C12N2501/24        20130101 LA20161026BHEP        </classification-cpc><classification-cpc mxw-id="PCL-1884766624" load-source="docdb" scheme="CPC">C12N2501/2304      20130101 LA20161026BHEP        </classification-cpc><classification-cpc mxw-id="PCL-1884766625" load-source="docdb" scheme="CPC">C12N2501/2301      20130101 LA20161026BHEP        </classification-cpc><classification-cpc mxw-id="PCL-1884766626" load-source="docdb" scheme="CPC">C12N2501/22        20130101 LA20161026BHEP        </classification-cpc><classification-cpc mxw-id="PCL-1884766627" load-source="docdb" scheme="CPC">C12N2501/165       20130101 LA20161026BHEP        </classification-cpc><classification-cpc mxw-id="PCL-1884766628" load-source="docdb" scheme="CPC">C12N2501/155       20130101 LA20161026BHEP        </classification-cpc><classification-cpc mxw-id="PCL-1884766629" load-source="docdb" scheme="CPC">C12N2501/125       20130101 LA20161026BHEP        </classification-cpc><classification-cpc mxw-id="PCL-1884766630" load-source="docdb" scheme="CPC">C12N2501/02        20130101 LA20161026BHEP        </classification-cpc><classification-cpc mxw-id="PCL2032328710" load-source="docdb" scheme="CPC">C12N   5/0639      20130101 FI20140221BHEP        </classification-cpc></classifications-cpc><invention-title mxw-id="PT132365495" lang="DE" load-source="patent-office">DENDRITISCHE ZELLEN AUS INDUZIERTEN PLURIPOTENTEN STAMMZELLEN (IPSCS)</invention-title><invention-title mxw-id="PT132365496" lang="EN" load-source="patent-office">DENDRITIC CELLS OBTAINED FROM INDUCED PLURIPOTENT STEM CELLS (IPSCS)</invention-title><invention-title mxw-id="PT132365497" lang="FR" load-source="patent-office">CELLULES DENDRITIQUES OBTENUES À PARTIR DE CELLULES SOUCHES PLURIPOTENTES INDUITES (IPSC)</invention-title></technical-data><parties><applicants><applicant mxw-id="PPAR919536751" load-source="docdb" sequence="1" format="epo"><addressbook><last-name>ISIS INNOVATION</last-name><address><country>GB</country></address></addressbook></applicant><applicant mxw-id="PPAR919535086" load-source="docdb" sequence="1" format="intermediate"><addressbook><last-name>ISIS INNOVATION LIMITED</last-name></addressbook></applicant><applicant mxw-id="PPAR919014131" load-source="patent-office" sequence="1" format="original"><addressbook><last-name>Isis Innovation Limited</last-name><iid>101290168</iid><address><street>Ewert House Ewert Place Summertown</street><city>Oxford, Oxfordshire OX2 7SG</city><country>GB</country></address></addressbook></applicant></applicants><inventors><inventor mxw-id="PPAR919538205" load-source="docdb" sequence="1" format="epo"><addressbook><last-name>SILK KATHRYN</last-name><address><country>GB</country></address></addressbook></inventor><inventor mxw-id="PPAR919532359" load-source="docdb" sequence="1" format="intermediate"><addressbook><last-name>SILK, Kathryn</last-name></addressbook></inventor><inventor mxw-id="PPAR919010845" load-source="patent-office" sequence="1" format="original"><addressbook><last-name>SILK, Kathryn</last-name><address><street>Sir William Dunn School of Pathology University of Oxford South Parks Road</street><city>Oxford Oxfordshire OX1 3RE</city><country>GB</country></address></addressbook></inventor><inventor mxw-id="PPAR919517330" load-source="docdb" sequence="2" format="epo"><addressbook><last-name>FAIRCHILD PAUL</last-name><address><country>GB</country></address></addressbook></inventor><inventor mxw-id="PPAR919541884" load-source="docdb" sequence="2" format="intermediate"><addressbook><last-name>FAIRCHILD, PAUL</last-name></addressbook></inventor><inventor mxw-id="PPAR919007579" load-source="patent-office" sequence="2" format="original"><addressbook><last-name>FAIRCHILD, PAUL</last-name><address><street>Sir William Dunn School of Pathology University of Oxford South Parks Road</street><city>Oxford Oxfordshire OX1 3RE</city><country>GB</country></address></addressbook></inventor></inventors><agents><agent mxw-id="PPAR919011670" load-source="patent-office" sequence="1" format="original"><addressbook><last-name>Chapman, Lee Phillip</last-name><iid>100959571</iid><address><street>J A Kemp 14 South Square Gray's Inn</street><city>LONDON WC1R 5JJ</city><country>GB</country></address></addressbook></agent></agents></parties><international-convention-data><pct-or-regional-filing-data ucid="GB-2012050447-W"><document-id><country>GB</country><doc-number>2012050447</doc-number><kind>W</kind><date>20120228</date><lang>EN</lang></document-id></pct-or-regional-filing-data><pct-or-regional-publishing-data ucid="WO-2012127206-A1"><document-id><country>WO</country><doc-number>2012127206</doc-number><kind>A1</kind><date>20120927</date><lang>EN</lang></document-id></pct-or-regional-publishing-data><designated-states><ep-contracting-states><country mxw-id="DS549849083" load-source="docdb">AL</country><country mxw-id="DS549846557" load-source="docdb">AT</country><country mxw-id="DS549862820" load-source="docdb">BE</country><country mxw-id="DS549917334" load-source="docdb">BG</country><country mxw-id="DS549779011" load-source="docdb">CH</country><country mxw-id="DS549862821" load-source="docdb">CY</country><country mxw-id="DS549848510" load-source="docdb">CZ</country><country mxw-id="DS549849084" load-source="docdb">DE</country><country mxw-id="DS549862826" load-source="docdb">DK</country><country mxw-id="DS549862827" load-source="docdb">EE</country><country mxw-id="DS549767087" load-source="docdb">ES</country><country mxw-id="DS549917335" load-source="docdb">FI</country><country mxw-id="DS549917336" load-source="docdb">FR</country><country mxw-id="DS549849085" load-source="docdb">GB</country><country mxw-id="DS549862828" load-source="docdb">GR</country><country mxw-id="DS549849106" load-source="docdb">HR</country><country mxw-id="DS549848511" load-source="docdb">HU</country><country mxw-id="DS549779012" load-source="docdb">IE</country><country mxw-id="DS549862829" load-source="docdb">IS</country><country mxw-id="DS549917337" load-source="docdb">IT</country><country mxw-id="DS549862834" load-source="docdb">LI</country><country mxw-id="DS549917338" load-source="docdb">LT</country><country mxw-id="DS549846562" load-source="docdb">LU</country><country mxw-id="DS549917339" load-source="docdb">LV</country><country mxw-id="DS549917340" load-source="docdb">MC</country><country mxw-id="DS549846563" load-source="docdb">MK</country><country mxw-id="DS549846564" load-source="docdb">MT</country><country mxw-id="DS549846565" load-source="docdb">NL</country><country mxw-id="DS549848512" load-source="docdb">NO</country><country mxw-id="DS549846570" load-source="docdb">PL</country><country mxw-id="DS549862835" load-source="docdb">PT</country><country mxw-id="DS549766754" load-source="docdb">RO</country><country mxw-id="DS549862836" load-source="docdb">RS</country><country mxw-id="DS549846571" load-source="docdb">SE</country><country mxw-id="DS549849107" load-source="docdb">SI</country><country mxw-id="DS549848513" load-source="docdb">SK</country><country mxw-id="DS549848518" load-source="docdb">SM</country><country mxw-id="DS549767088" load-source="docdb">TR</country></ep-contracting-states></designated-states></international-convention-data><office-specific-data><eptags><ep-no-a-document-published>*</ep-no-a-document-published></eptags></office-specific-data></bibliographic-data><abstract mxw-id="PA100477992" ref-ucid="WO-2012127206-A1" lang="EN" load-source="patent-office"><p num="0000">The invention relates to dendritic cells produced from human induced pluripotent stems cells (iPSC). The invention also relates to methods for making and methods of using the dendritic cells of the invention.</p></abstract><abstract mxw-id="PA100683467" ref-ucid="WO-2012127206-A1" lang="EN" source="national office" load-source="docdb"><p>The invention relates to dendritic cells produced from human induced pluripotent stems cells (iPSC). The invention also relates to methods for making and methods of using the dendritic cells of the invention.</p></abstract><abstract mxw-id="PA100477993" ref-ucid="WO-2012127206-A1" lang="FR" load-source="patent-office"><p num="0000">Cette invention concerne des cellules dendritiques obtenues à partir de cellules souches pluripotentes induites (iPSC) humaines. Cette invention concerne également des procédés de préparation et des procédés d'utilisation des cellules dendritiques selon l'invention.</p></abstract><abstract mxw-id="PA100683468" ref-ucid="WO-2012127206-A1" lang="FR" source="national office" load-source="docdb"><p>Cette invention concerne des cellules dendritiques obtenues à partir de cellules souches pluripotentes induites (iPSC) humaines. Cette invention concerne également des procédés de préparation et des procédés d'utilisation des cellules dendritiques selon l'invention.</p></abstract><description mxw-id="PDES51559944" ref-ucid="WO-2012127206-A1" lang="EN" load-source="patent-office"><!-- EPO <DP n="2"/>--><p id="p0001" num="0001"> DENDRITIC CELLS OBTAINED FROM INDUCED PLURI POTENT STEM CELLS </p><p id="p0002" num="0002"> (IPSCS) </p><p id="p0003" num="0003">Field of the Invention </p><p id="p0004" num="0004"> The invention relates to dendritic cells (DCs) produced from human induced pluripotent stems cells (iPSCs). The invention also relates to methods for making and methods of using the DCs of the invention. </p><p id="p0005" num="0005">Background to the Invention </p><p id="p0006" num="0006"> The use of dendritic cells (DCs) to prime responses to tumor-associated antigens (TAAs) provides a promising approach to cancer immunotherapy (Palucka et al, Immunity 33, 464-478 (2010)), but clinically-relevant responses have frequently been disappointing (Engell-Noerregaard et al, Cancer Immunol. Immunother. 58, 1-14 (2009); and Robson et al. , Curr. Opin. Immunol. 22, 137-144 (2010)). This is partly due to the properties of the DCs most commonly used. Currently, autologous DC, differentiated in vitro from the patient's own peripheral blood monocytes, remain the preferred source of cells for cancer immunotherapy. These monocyte -derived DCs (MoDCs) show significant donor-to- donor variation, which is frequently compounded by the side-effects of chemotherapy. Furthermore, moDCs display a limited capacity for cross-priming of antigen specific CD8<sup>+</sup> cytotoxic T lymphocytes (CTLs), creating a dependence on the use of exogenous peptides derived from TAAs and further restricting the scope of such an approach to those HLA haplotypes for which the immunodominant epitopes are known. Since CD8a<sup>+</sup> DC in mice are peculiarly capable of cross-presentation, the recent identification of CD141<sup>+</sup>XCR1<sup>+</sup> DC as their functional equivalent in humans (Bachem et al., J. Exp. Med. 207, 1273-1281 (2010); and Crozat et al., J. Exp. Med. 207, 1283-1292 (2010)) has suggested that this subset may be better suited to the induction of anti-tumor responses (Gallois &amp; Bhardwaj, Nature Med. 16, 854-856 (2010)). However, such cells are only present in trace numbers in peripheral blood and low yields are obtained following the culture of progenitors from cord blood (Poulin et al., J. Exp. Med. 207, 1261 -1271 (2010)). As a result, they do not represent a feasible treatment for cancer. </p><p id="p0007" num="0007">Summary of the Invention </p><p id="p0008" num="0008"> The inventors have surprisingly demonstrated that large numbers of dendritic cells (DCs) capable of cross presenting antigens to naive cytotoxic T lymphocytes (CTLs) can be produced from human induced pluripotent stem cells (iPSCs). The invention therefore provides a dendritic cell produced from a human induced pluripotent stem cell (iPSC), wherein the dendritic cell is capable of cross presenting an antigen to naive CD8<sup>+</sup> T lymphocytes. 
<!-- EPO <DP n="3"/>-->
 The invention also provides: </p><p id="p0009" num="0009"> a population comprising two or more dendritic cells of the invention; </p><p id="p0010" num="0010"> a population comprising more than 5.1 x 10<sup>5</sup> dendritic cells of the invention; </p><p id="p0011" num="0011"> a pharmaceutical composition comprising (a) a dendritic cell of the invention or a population of the invention and (b) a pharmaceutically acceptable carrier or diluent; </p><p id="p0012" num="0012"> a method of producing a population of dendritic cells of the invention, comprising culturing human iPSCs under conditions which induce the iPSCs to differentiate into dendritic cells; a method of inducing a CTL response to an antigen in a patient in need thereof, comprising administering to the patient an immunologically effective number of dendritic cells of the invention which are loaded or transfected with the antigen and thereby inducing a CTL response to the antigen in the patient; and </p><p id="p0013" num="0013"> a method of inducing tolerance to an antigen in a patient in need thereof, comprising administering to the patient an immunologically effective number of immature dendritic cells produced using the method of the invention or dendritic cells of the invention which have been treated to render then tolerogenic and thereby inducing tolerance to the antigen in the patient, wherein the DCs are loaded or transfected with the antigen. </p><p id="p0014" num="0014">Brief Description of the Figures </p><p id="p0015" num="0015"> Fig. 1 shows the pluripotency of the C19 hiPSC line, (a) Phase contrast micrograph of an hiPSC colony, the individual cells of which display a prominent nucleus, similar to hESC and other hiPSC lines. Scale bar: 40μηι. (b) CI 9 cells were stained for the surface markers SSEA-4 and TRA1- 60 and for the transcription factors Oct-4 and Nanog, known to play an important role in conferring pluripotency. Viable cells were analysed by using 7-AAD to exclude dead cells, (c) C19 hiPSC have the capacity to differentiate into cell types derived from each of the three embryonic germ layers. Embryo id bodies (EB) were generated by culturing clusters of hiPSC in suspension for 4-12 days before being plated onto tissue culture plastic for a further 14-19 days to promote their spontaneous differentiation. Cultures were fixed at room temperature for 20 min in 4% paraformaldehyde (v/v), washed and stained with antibodies against SOX17 conjugated to NorthernLights-557 (polyclonal goat IgG; R&amp;D Systems), CD34 (clone AC136; Miltenyi Biotec), βΙΙΙ tubulin (clone SDL.3D10; Sigma- Aldrich Ltd) and appropriate Alexa-conjugated secondary antibodies (Invitrogen Ltd.) according to the manufacturer's instructions. SOX17 is a transcription factor important in the development of endoderm, CD34 is expressed by haematopoietic and endothelial progenitor cells of mesodermal origin and βΙΙΙ-tubulin stains neurons that are ectodermally-derived. Scale bar: ΙΟΟμηι. 
<!-- EPO <DP n="4"/>-->
 Fig. 2 shows the characterisation of DC differentiated from hiPSC. (a) Phase contrast micrograph showing a cluster of ipDC and the morphology of individual cells (inset). Scale bar: 40μηι.</p><p id="p0016" num="0016">(b) Expression of DC-associated markers by ipDC (blue histograms) compared to isotype matched controls (red histograms), (c) Comparison of the phenotype of ipDC and moDC following maturation with a cytokine cocktail. DC were gated as the CD1 lc<sup>hl</sup> population and dead cells excluded using 7- AAD. (d) ipDC stimulate proliferative responses among naive allogeneic T cells. DC were mitomycin C (MMC) treated, washed and titrated into cultures of PBL from an allogeneic donor at a top stimulatonresponder ratio of 1 : 10. Wells were pulsed with <sup>3</sup>H-thymidine on day 4 and harvested 18h later. Values of cpm represent the average of triplicate cultures ± S.D. Data are representative of 3 independent experiments. </p><p id="p0017" num="0017"> Fig. 3 shows cross-presentation of TAA by ipDC. (a) Cultures of ipDC, but not moDC, contain cells co-expressing CD141 and XCR1. DC were gated on the CD1 lc<sup>hl</sup> population, (b) Top panel: (i) OnM Melan A<sub>26</sub>-35 peptide, (ii) ΙΟ<sup>η</sup>Μ Melan A<sub>26</sub>-35 peptide and (iii) ΙΟΟΟ<sup>η</sup>Μ Melan A<sub>26</sub>-35 peptide. Botttom panel: (i) fixed without Melan A26-35 peptide, (ii) fixed with Melan A26-35 peptide and (iii) live with Melan A<sub>26</sub>-35 peptide. Whereas both HLA-A*0201<sup>+</sup> ipDC and moDC pulsed with the Melan A<sub>26</sub>-35 peptide elicited IFN-γ production from the CD8<sup>+</sup> T cell clone 2D 10 (top panel), when incubated with 1 μΜ Melan A protein, only ipDC were able to cross-present the epitope to 2D 10 (bottom panel). Bars represent the mean of replicate cultures + S.D. Data are representative of 3 independent experiments.</p><p id="p0018" num="0018">(c) ipDC are able to cross-prime naive Melan A-specific T cells from an HLA-A*0201<sup>+</sup> donor. T cells were co-stained on dl4 for CD8 and the relevant TCR using a HLA-A*0201 -Melan A26-35 tetramer.</p><p id="p0019" num="0019">Data are representative of 3 independent experiments, (d) Priming of CD8<sup>+</sup> T cells by ipDC elicits IFN-γ production. Following in vitro culture of naive T cells with either unpulsed or Melan A26-35 pulsed DC, cells were re-stimulated with tetramer and peptide and stained for surface CD8 and intracellular IFN-γ. Dead cells were excluded using 7-AAD. </p><p id="p0020" num="0020"> Fig. 4 shows that ipDC secrete IL-6 upon maturation in response to a cocktail of inflammatory cytokines or TLR ligands. From left to right, the columns represent unstimulated, TLR2/lLs, TLR4L, TLR3Ls, TLR7/8L and cytokines. Both ipDC and moDC were treated with the maturation cocktail or stimulated with the TLR2/1 ligand Pam3CysSerLys4 (Pam3CSK4) at 1 μg/ml; TLR2 ligand heat killed L. monocytogenes (HKLM, 5 x 10<sup>4</sup> cells/ml); TLR4 ligand is. coli K12 lipopolysaccharide (1 μg/ml); TLR3 ligands Poly(I:C) and Poly(I:C) low molecular weight (LMW), both at 10 μg/ml, and the TLR7/8 ligand R848 at 2.5 μg/ml. Supernatants were collected after 40 h and IL-6 content was measured by ELISA. 
<!-- EPO <DP n="5"/>-->
 Fig. 5 shows naive tumor-specific CTL primed by ipDC express perforin. DC were either pulsed with Melan A26-35 peptide or left unpulsed and cultured with naive T cells for 14 days. T cells were restimulated with tetramer and peptide followed by CD8 surface staining and intracellular staining for perforin expression. Dead cells were excluded from the analysis using 7-AAD. </p><p id="p0021" num="0021">Detailed Description of the Invention </p><p id="p0022" num="0022"> It is to be understood that different applications of the disclosed methods may be tailored to the specific needs in the art. It is also to be understood that the terminology used herein is for the purpose of describing particular embodiments of the invention only, and is not intended to be limiting. </p><p id="p0023" num="0023"> In addition, as used in this specification and the appended claims, the singular forms "a", "an", and "the" include plural referents unless the content clearly dictates otherwise. Thus, for example, reference to "a cell" includes "cells", reference to "an antigen" includes two or more such antigens, reference to "a patient" includes two or more such patients, and the like. </p><p id="p0024" num="0024"> All publications, patents and patent applications cited herein, whether supra or infra, are hereby incorporated by reference in their entirety. </p><p id="p0025" num="0025">DCs of the invention </p><p id="p0026" num="0026"> The present invention provides a dendritic cell (DC) produced from a human induced pluripotent stem cell (iPSC), wherein the DC is capable of cross presenting an antigen to na<sup>'</sup>ive CD8<sup>+</sup> T lymphocytes. The DCs of the invention have numerous advantages. The key advantages will be summarized here. However, further advantages will become apparent from the discussion below. </p><p id="p0027" num="0027"> The DCs of the invention may advantageously be used to induce CTL responses to a particular antigen in a human patient. The DCs may therefore be used for the effective treatment of a variety of diseases in which CTL responses are preferred, such as cancer or infections by a pathogen. </p><p id="p0028" num="0028"> As discussed in more detail below, human iPSCs are produced from somatic cells, such as dermal fibroblasts, taken from a human individual. Since the DCs are produced from iPSCs, they may be autologous for the patient to be treated and thereby avoid the risk of immunological rejection by the patient. The immunological response to the antigen in the patient is also improved relative to non- autologous DCs. </p><p id="p0029" num="0029"> It is possible, in principle, to produce an unlimited number of iPSCs from a single individual, since iPSC are capable of indefinite self-renewal. It is certainly possible to produce very large numbers of iPSCs from a single individual. The DCs of the invention can therefore be made in large numbers. It is advantageously possible to provide many more antigen cross-presenting DCs using the invention 
<!-- EPO <DP n="6"/>-->
 than by isolating the relevant cells from the peripheral blood of a patient. This is explained in more detail below. </p><p id="p0030" num="0030"> iPSCs can be maintained in culture indefinitely as a renewable bank from which DCs of the invention can be produced. Numerous populations of the DCs of the invention can be made from one population of iPSCs. This facilitates repeated treatment of the patient without the need to take numerous samples of peripheral blood. </p><p id="p0031" num="0031"> The DCs of the invention are produced in clinically relevant conditions, for instance in the absence of trace amounts of endotoxins and other environmental contaminants, as well as animal products such as fetal calf serum. This makes the DCs of the invention particularly suitable for administration to patients. </p><p id="p0032" num="0032"> Since the DCs of the invention are produced from iPSCs, they are substantially homologous and may be autologous. They also avoid donor-to-donor variation, which frequently occurs with monocyte - derived DCs (moDCs). Numerous populations of DCs of the invention can be produced from a single sample take from the patient before any other cancer therapy, such as chemotherapy or radiotherapy, has begun. Therefore, the DCs of the invention can avoid any of the detrimental effects of those treatments. However, even if the DCs are derived from a sample taken after cancer therapy has begun, they are still largely unaffected because the cells (e.g. skin cells) from which they are ultimately derived are in general not affected by such therapy. </p><p id="p0033" num="0033"> The DCs of the invention can also be made much more quickly than DCs from other populations of pluripotent cells, such as human embryonic stem cells (hESCs). DCs can be produced from iPSCs in less than 30 days, rather than the 30 to 40 days it takes to produce DCs from hESCs. </p><p id="p0034" num="0034"> The production of DCs from iPSCs avoids the moral and ethical implications involved with using other types of stem cells, such human embryonic stem cells (hESCs). </p><p id="p0035" num="0035"> As discussed in more detail below, the DCs of the invention are surprisingly responsive to ligands of various Toll-like receptors (TLRs), especially TLR2, TLR3, TLR4, TLR7 and TLR9, and so their ability to cross present antigens in vivo may be fine-tuned. </p><p id="p0036" num="0036"> The DCs of the invention are produced from human iPSCs. The DCs of the invention are therefore human. </p><p id="p0037" num="0037"> DCs have different stages in their development during which they, for example, predominately take up antigen, rather than present it. For example, it is thought that DCs may have immature stages characterised by the uptake of large amounts of potential antigens and more mature stages characterised by lower amounts of antigen uptake, but increased amounts of antigen presentation of the antigens they acquired previously. The DCs of the invention are initially immature but may be induced to mature as 
<!-- EPO <DP n="7"/>-->
 evidenced by their ability to cross present antigen to naive or memory CD8<sup>+</sup> T cells. Methods for making mature DCs are disclosed in more detail below. The DCs may of course be manipulated in vitro and this may allow control of whether the cells are exposed to stimuli which promote dendritic cell maturation. Thus, by ensuring that the cells are exposed to stimuli responsible for inducing maturation, the resultant cells may be used to promote an immune response when they are transferred to a patient. </p><p id="p0038" num="0038"> The DCs of the invention can be identified as dendritic cells using standard methods known in the art, including expression of lineage restricted markers, structural and functional characteristics. The DCs will express detectable levels of cell surface markers known to be characteristic of dendritic cells. In particular the DCs may express detectable levels of any one of CD1 lc, CD209 (also known as DC sign), CD13, low levels of CD200R, CD1 lb, CD83 and CD40. The cells may be CD14<sup>10</sup>. In some cases the cells may express all of CDl lc, CD209 and CD13 and may also be CD14<sup>10</sup>. </p><p id="p0039" num="0039"> The DCs of the invention typically express MHC molecules. The DCs of the invention typically express both MHC class I and MHC class II. The DCs of the invention preferably express detectable levels of MHC class II. Any of the HLA haplotypes may be present on the DCs of the invention. </p><p id="p0040" num="0040"> In response to a maturation cocktail, such an one comprising tumor necrosis factor-a (TNFa), prostaglandin^ (PGE<sub>2</sub>), interleukin-ΐβ (IL-Ιβ) and interferon-γ (IFNy), the DCs of the invention will secrete high concentrations of the pro-inflammatory cytokine IL-6. </p><p id="p0041" num="0041"> Morphologically, DCs are typically characterised by extensive veils of cytoplasm and individual cells with many dendrites. Another defining characteristic of DCs is their ability to stimulate an allogeneic T cell response in a mixed leukocyte reaction (MLR). In an MLR, DCs are cultured together with allogeneic lymphocytes. Due to the histocompatibility mismatch between the cells, T cells recognise allogeneic MHC molecules expressed by DC as foreign and respond by proliferating vigorously in culture. </p><p id="p0042" num="0042"> The DCs of the invention are distinguished from known DCs, such as moDCs, in various ways. The DCs of the invention preferably express detectable levels of XCR1. This cell surface antigen is typically expressed by cells capable of antigen cross presentation. </p><p id="p0043" num="0043"> The DCs of the invention lack significant expression of the plasmacytoid DC markers CD123 and BDCA-2. They also display a CD1 lb<sup>lo</sup>CD141<sup>M</sup> phenotype. </p><p id="p0044" num="0044"> The DCs of the invention preferably either express detectable levels of certain Toll-like receptors (TLRs) or respond to ligands of particular TLRs. TLRs are pattern recognition receptors that bind to moieties that are conserved amongst microbes known as pathogen associated molecular patterns 
<!-- EPO <DP n="8"/>-->
 (PAMPs). Binding of TLR ligands to TLRs initiates signalling cascades inside DCs that result in the production of inflammatory mediators and up-regulation of co-stimulatory molecules important in initiating immune responses. The ability of the DCs of the invention to respond to various TLR ligands is advantageous because it allows the ability of the DCs to cross present antigen to naive CD8<sup>+</sup> T cells in vivo to be improved by ligands of TLRs. </p><p id="p0045" num="0045"> The DCs of the invention preferably express detectable levels of TLR9. TLR9 recognizes unmethylated 2'-deoxyribo(cytidine-phospho-guanosine) (CpG) DNA motifs that are frequently present in bacteria and viruses, but are rare in mammalian cells. Since the DCs of the invention express TLR9, they are capable of recognising CpG DNA motifs. The DCs of the invention may be used to treat bacterial or viral infections. The therapeutic methods of the invention may also involve combined therapy with DCs of the invention and one or more CpG motifs. CD141<sup>+</sup>XCR1<sup>+</sup> DCs isolated from human peripheral blood do not express detectable levels of TLR9 (Bachem et al., J. Exp. Med. 207, 1273-1281 (2010); and Crozat et al, J. Exp. Med. 207, 1283-1292 (2010)). </p><p id="p0046" num="0046"> The DCs of the invention preferably express detectable levels of TLR3. TLR3 was originally identified as recognizing a synthetic analog of double-stranded RNA (dsRNA), namely polyinosinic- polycytidylic acid (poly(LC)), which mimics viral infection and induces antiviral immune responses by promoting the production of both type I interferon and inflammatory cytokines (Choe et al., Science 309, 581-585 (2005)). The DCs of the invention may be used to treat viral infections. The therapeutic methods of the invention may involve combined therapy with DCs of the invention and one or more poly(I:C)s. </p><p id="p0047" num="0047"> The DCs of the invention preferably express detectable levels of TLR7. TLR7 recognises RNA viruses in a replication-independent manner. </p><p id="p0048" num="0048"> The DCs of invention preferably express low levels of TLR2 and TLR4 when determined by flow cytometry. In any case, the DCs of the invention preferably respond to ligands of TLR2 and TLR4 in functional assays, such as the secretion of IL-6, detected by ELISA assays. TLR-2 (also known as CD282) is a surface membrane receptor protein which plays a fundamental role in pathogen recognition and activation of innate immunity. This protein is expressed most abundantly in peripheral blood leukocytes, and mediates host response to Gram-positive bacteria and yeast via stimulation of NF-KB. TLR2 is involved in the recognition of a wide range of PAMPs derived from bacteria, fungi, parasites and viruses (Akira, et al., Cell 124, 783-801 (2006)). These include lipopeptides from bacteria, peptidoglycan and lipoteichoic acid from Gram-positive bacteria, lipoarabinomannan from mycobacteria, zymosan from fungi, tGPI-mucin from Trypanosoma cruzi and the hemagglutinin protein from measles virus. TLR2 generally forms heterodimers with TLRl or TLR6. Specifically, the 
<!-- EPO <DP n="9"/>-->
 TLR2-TL 1 heterodimer recognizes triacylated lipopeptides from Gram-negative bacteria and mycoplasma, whereas the TLR2-TLR6 heterodimer recognizes diacylated lipopeptides from Gram positive bacteria and mycoplasma. The DCs of the invention may be used to treat chronic infections by bacteria, fungi, parasites and viruses. The therapeutic methods of the invention may involve combined therapy with DCs of the invention and one or more lipopeptide, peptidoglycan, lipoteichoic acid, lipoarabinomannan, zymosan, tGPI-mucin and hemagglutinin protein. . </p><p id="p0049" num="0049"> TLR4 (also known as CD284; Akira, et al, Cell 124, 783-801 (2006)) is a cell surface protein that detects lipopolysaccharide on Gram-negative bacteria and is thus important in the activation of the innate immune system. The DCs of the invention may be used to treat Gram-negative bacterial infections. The therapeutic methods of the invention may involve combined therapy with DCs of the invention and one or more bacterial lipopolysaccharides. </p><p id="p0050" num="0050"> Standard methods known in the art may be used to determine the detectable expression, low expression or lack thereof of the various markers discussed above. Suitable methods include, but are not limited to, immunocytochemistry, flow cytometry and quantitative PCR. DC responses to TLR ligands may also be measured using standard assays known in the art. Suitable methods include, but are not limited to, enzyme-linked immunosorbent assays (ELISA) for the secretion of cytokines, enhanced mixed leukocyte reactions and up-regulation of co-stimulatory molecules and maturation markers, measured by flow cytometry. Specific methods that may be used are disclosed in the Example. </p><p id="p0051" num="0051"> The DCs of the invention are capable of cross presenting antigen to naive CD8<sup>+</sup> T cells. The classical pathways of antigen processing and presentation in DCs are the exogenous pathway (involving MHC class II) and the endogenous pathway (dependent on MHC class I). CD4<sup>+</sup> T lymphocyte responses are directed by antigen presentation on MHC class II molecules, whereas CD8<sup>+</sup> CTL responses are directed by antigen presentation on MHC class I molecules. DCs are capable of taking up exogenous antigen, processing it and presenting the resulting peptides on their cell surfaces via</p><p id="p0052" num="0052">MHC class II molecules to stimulate CD4<sup>+</sup> T lymphocyte responses. Endogenous antigens that may be derived from the DCs themselves, or from intracellular pathogens such as viruses, are processed and presented on the surfaces of the DCs via MHC class I molecules to stimulate CD8<sup>+</sup> CTLs. </p><p id="p0053" num="0053"> CD8<sup>+</sup> CTL responses are particularly important in anti-viral and anti-tumor immunity because the CTL cells are capable of killing the infected or tumor cells. However, using the classical endogenous pathway of antigen presentation, DCs will only activate CTL-based responses if they themselves become infected with the incriminating viral pathogen or become transformed. Many DCs, 
<!-- EPO <DP n="10"/>-->
 including moDC, have very limited capacity to process and present exogenous antigens via MHC class I and thereby stimulate anti-tumor or anti-viral CTL responses. </p><p id="p0054" num="0054"> Cross-presentation is a phenomenon whereby a limited subset of DCs is capable of taking up, processing and presenting exogenous antigen on MHC class I and thereby stimulating CTL responses. In this context, "exogenous" antigen particularly includes proteins, polypeptides or peptides (e.g. </p><p id="p0055" num="0055">synthetic polypeptides and peptides) which are not derived from the DCs themselves. The DCs of the invention are capable of cross presenting antigen to naive CD8<sup>+</sup> T cells. The DCs of the invention are therefore capable of taking up, processing and presenting exogenous antigen via MHC class I molecules. The cells may, therefore, be loaded or transfected with a tumor-derived or pathogen-derived antigen and used in vivo to induce CTL responses against the tumor or pathogen. This is discussed in more detail below. </p><p id="p0056" num="0056"> The antigen, or peptides derived from it, will be presented via MHC I. In some instances, the antigen may be presented by both MHC class I and MHC class II. </p><p id="p0057" num="0057"> The ability of the DCs of the invention to cross-present antigen may be tested using any assay known in the art. The DCs of the invention may be loaded or transfected with the antigen as discussed in more detail below. The DCs of the invention are typically loaded with or cultured in the presence of a test antigen and the ability of the cells to present a peptide derived from the test antigen using MHC class I molecules is determined. Presentation may be measured by culturing the cross-presenting DCs with appropriate CD8<sup>+</sup> HLA-restricted T lymphocytes which have been primed with the antigen in question and determining whether or not such T lymphocytes produce IFN-γ. Alternatively, well- characterised MHC class I-restricted T cell clones of known antigen specificity may be used as a readout for cross-presentation of whole exogenous antigen. A specific assay is disclosed in the Example. </p><p id="p0058" num="0058"> A DC of the invention may be isolated, substantially isolated, purified or substantially purified. The DC is isolated or purified if it is completely free of any other components, such as culture medium, other cells of the invention or other cell types. The DC is substantially isolated if it is mixed with carriers or diluents, such as culture medium, which will not interfere with its intended use. </p><p id="p0059" num="0059">Alternatively, the DC of the invention may be present in a growth matrix or immobilized on a surface as discussed below. </p><p id="p0060" num="0060"> DCs of the invention may be isolated using a variety of techniques including antibody-based techniques. Cells may be isolated using negative and positive selection techniques based on the binding of monoclonal antibodies to those surface markers which are present on the DC. Hence, the 
<!-- EPO <DP n="11"/>-->
 DCs may be separated using any antibody-based technique, including FACS and magnetic bead separation. </p><p id="p0061" num="0061"> As discussed in more detail below, the DCs may be treated ex vivo. Thus the cells may be loaded or transfected with antigen and then used therapeutically in the methods of the invention. The invention therefore provides a DC of the invention loaded or transfected with an antigen. Suitable antigens are discussed below. The invention further provides a DC of the invention which comprises a nucleic acid encoding an antigen. The invention also provides a DC of the invention which has been infected by a virus particle or another vector capable of expressing an antigen. Population of the invention </p><p id="p0062" num="0062"> The invention also provides a population of two or more DC cells of the invention. Any number of cells may be present in the population. </p><p id="p0063" num="0063"> In a preferred embodiment of the invention, the population comprises more cross-presenting DCs than can be obtained from one unit of human peripheral blood. The number of peripheral blood mononuclear cells (PBMCs) obtained from the peripheral blood of an adult human is 2-3 x 10<sup>6</sup>/ml. The maximum volume of blood that can be taken from a human being for donation is 568 ml (1 pint). </p><p id="p0064" num="0064">Therefore, the number of PBMCs in a unit of donated blood is 1.14-1.7 x 10<sup>9</sup>. The percentage of CD141<sup>+</sup> DCs in human PBMCs is -0.03% (Jongbloed, S.L. et al. J. Exp. Med. 207, 1247-1260 (2010)). Therefore, the total number of CD141<sup>+</sup> DCs that can be obtained from a unit of donated blood is 3.4-5.1 x 10<sup>5</sup>. Hence, in a preferred embodiment, the population of the invention comprises more than 5.1 x 10<sup>5</sup> DCs of the invention. The population more preferably comprises at least 5.2 x 10<sup>5</sup>, at least 5.5 x 10<sup>5</sup>, at least 6.0 x 10<sup>5</sup>, at least 6.5 x 10<sup>5</sup>, at least 7.0 x 10<sup>5</sup>, at least 7.5 x 10<sup>5</sup>, at least 8.0 x 10<sup>5</sup>, at least 8.5 x 10<sup>5</sup>, at least 9.0 x 10<sup>5</sup>, at least 9.5 x 10<sup>5</sup> or at least 1.0 x 10<sup>6</sup> DCs of the invention. In some instance, the population may comprise at least 1.0 x 10<sup>7</sup>, at least 1.0 x 10<sup>8</sup>, at least 1.0 x 10<sup>9</sup>, at least 1.0 x 10<sup>10</sup>, at least 1.0 x 10<sup>11</sup> or at least 1.0 x 10<sup>12</sup> DCs of the invention. </p><p id="p0065" num="0065"> Such numbers can be achieved using the invention. For instance, using the method of the invention described below, an average yield of non-adherent cells following differentiation is ~2 x 10<sup>5</sup> cells/well. The average percentage of DCs of the invention (defined CDl lc<sup>M</sup>CD141<sup>+</sup>XC l<sup>+</sup>) is 9.26%- 37.6%. Therefore, the number of DCs of the invention is 1.1-4.5 x 10<sup>4</sup> per well. This equates to 6.6 x 10<sup>4</sup>-2.7 x 10<sup>5</sup>/plate or 6.6xl0<sup>5</sup>-2.7xl0<sup>6</sup>/10 plates. As a result, any number of DCs of the invention may be generated by scaling up the number of culture plates used in the method. The scalability of the method is merely dependent on the number of human iPSCs that may be obtained. That number is virtually unlimited. Methods for obtaining iPSCs from humans are discussed in more detail below. 
<!-- EPO <DP n="12"/>-->
 The populations of the invention are advantageous for therapy as discussed below. This ability to produce populations comprising large numbers of cross presenting DCs is one of the key advantages of the invention. The invention allows the generation of sustainable populations of DCs in sufficient numbers to allow several cycles of effective therapy in a patient. </p><p id="p0066" num="0066"> The population of the invention is preferably homologous. In other words, all of the DCs in the population are preferably genotypically and phenotypically identical. The population is preferably autologous. However, the population can also be semi-allogeneic. Semi-allogeneic populations are typically produced from the differentiation of partially-matched, clinically-approved iPSC lines, obtained from a public bank. In other words, all of the cells in the population are preferably genetically identical or sufficiently genetically identical that the population is immunologically compatible with a patient into which the population will be administered. Since the DCs of the invention may be derived from a patient via iPSCs, they may be autologous with the patient to be treated (i.e. genetically identical with the patient or sufficiently genetically identical that they are compatible for administration to the patient). </p><p id="p0067" num="0067"> The population of the invention may be isolated, substantially isolated, purified or substantially purified. A population is isolated or purified if it is completely free of any other components, such as culture medium and other cells. A population is substantially isolated if it is mixed with carriers or diluents, such as culture medium, which will not interfere with its intended use. Other carriers and diluents are discussed in more detail below. A substantially isolated or substantially purified population does not comprise cells other than the DCs of the invention. In some embodiments, the population of the invention may be present in a growth matrix or immobilized on a surface as discussed below. </p><p id="p0068" num="0068"> The population is typically cultured in vitro. Techniques for culturing cells are well known to a person skilled in the art. The cells are typically cultured under standard conditions of 37°C, 5% C0<sub>2</sub> in medium without serum. The cells may be cultured in any suitable flask or vessel, including wells of a flat plate such as a standard 6 well plate. Such plates are commercially available from Fisher scientific, VW suppliers, Nunc, Starstedt or Falcon. The wells typically have a capacity of from about 1ml to about 4ml. As discussed above, the number of DCs per well is typically 1.1-4.5 x 10<sup>4</sup>. </p><p id="p0069" num="0069"> The flask, vessel or wells within which the population is contained or cultured may be modified to facilitate handling of the iPSCs and/or DCs. For instance, the flask, vessel or wells maybe modified to facilitate culture of the cells, for instance by including a growth matrix. The flask, vessel or wells may be modified to allow attachment of the iPSCs and/or DCs or to allow immobilization of the DCs onto a surface. One or more surfaces may be coated with extracellular matrix proteins such as 
<!-- EPO <DP n="13"/>-->
 laminin or collagen or any other capture molecules that bind to the cells and immobilize or capture them on the surface(s). </p><p id="p0070" num="0070"> The population may be modified ex vivo using any of the techniques described herein. The population may then be used in the methods of treatment discussed in more detail below. The invention therefore provides a population of DCs of the invention loaded or transfected with an antigen. The invention further provides a population of DCs of the invention which comprise a nucleic acid encoding an antigen. The invention also provides a population of DCs of the invention which have been infected by a virus particle or another vector capable of expressing an antigen. Method of producing a DC of the invention </p><p id="p0071" num="0071"> The invention also provides a method for producing a population of the invention, i.e. a population of two or more DCs of the invention. The method involves culturing human iPSCs under conditions which induce the iPSCs to differentiate into DCs and thereby producing a population of the invention. </p><p id="p0072" num="0072"> Induced pluripotent stem cells and methods of producing them are known in the art. A method for inducing pluripotency of differentiated cells, such as somatic cells, was first disclosed by Yamanaka (WO 2007/069666). In this method, somatic cells are reprogrammed using three main nuclear reprogramming factors, namely an Oct family gene, a Klf family gene and a Sox family gene </p><p id="p0073" num="0073">(preferably Sox2). The factors are preferably Oct3/4, Klf4 and Sox2. A fourth reprogramming factor, namely the product of a Myc family gene (preferably c-Myc), may also be used. Numerous different methods have since been disclosed for inducing pluripotency in somatic cells. Such methods are reviewed in Hanna et al, Cell. 2010 Nov 12; 143(4):508-25; and Stadtfeld &amp; Hochedlinger, Genes Dev. 2010 Oct 15;24(20):2239-63. A preferred method is described in Carpenter, L. et al. Blood In Press (2011). </p><p id="p0074" num="0074"> The iPSCs cells typically display the characteristic morphology of human embryonic stem cells</p><p id="p0075" num="0075">(hESCs), express the pluripotency-associated markers SSEA-4 and TRA1-60, the transcription factors Oct-4 and Nanog and differentiate in vitro into cell types derived from each of the three embryonic germ layers. The iPSCs may be an established cell line. More preferably, the iPSCs are produced from somatic cells taken from a patient to be treated in accordance with the invention. </p><p id="p0076" num="0076"> The iPSCs may be derived from any human somatic cell. Suitable cells include, but are not limited to, keratinocytes, dermal fibroblasts or leukocytes derived from peripheral blood. The iPSCs are preferably derived from dermal fibroblasts. 
<!-- EPO <DP n="14"/>-->
 Techniques for culturing iPSCs are well known to a person skilled in the art. Suitable conditions are discussed above. </p><p id="p0077" num="0077"> Conditions suitable for inducing stem cells to differentiate into DCs are known in the art. For instance, suitable conditions are disclosed in Tseng, S-Y. et al. Regen.Med. 4, 513-526 (2009). </p><p id="p0078" num="0078">However, it is surprising that culturing human iPSCs under these condition results in DCs that are capable of cross presenting an antigen to naive CD8<sup>+</sup> T lymphocytes. </p><p id="p0079" num="0079"> In a preferred embodiment, the method comprises (a) culturing the iPSCs in a medium comprising granulocyte macrophage-colony stimulating factor (GM-CSF) for sufficient time to produce monocytic cells, (b) culturing the monocytic cells under conditions that induce the formation of immature dendritic cells and (c) culturing the immature dendritic cells in a medium comprising growth factors that induce maturation of the dendritic cells. </p><p id="p0080" num="0080"> The sufficient time in step (a) is typically from 13 to 17 days. In step (a), the medium preferably further comprises one or more of stem cell factor (SCF), vascular endothelial growth factor (VEGF) and bone morphogenic protein (BMP-4). The medium more preferably initially comprises all three of SCF, VEGF and BMP-4 and each is successively removed. Step (a) most preferably comprises initially culturing the iPSCs in a medium comprising GM-CSF, SCF, VEGF and BMP-4, removing BMP-4 from day 5 onwards, removing VEGF from day 14 onwards and removing SCF from day 19 onwards until monocytic cells are produced. </p><p id="p0081" num="0081"> The sufficient time in step (b) is typically from 9 to 15 days. Suitable conditions for forming immature DCs from monocytic cells are known in the art. Step (b) preferably involves culturing the monocytic cells in a medium comprising GM-CSF and interleukin-4 (IL-4) for sufficient time to produce immature DCs. </p><p id="p0082" num="0082"> Step (c) takes from 36 hours to 4 days, preferably about 2 days (48 hours). The medium in step (c) preferably comprises GM-CSF, tumor necrosis factor-a (TNFa), prostaglandin^ (PGE<sub>2</sub>), interleukin-ΐβ (IL-Ιβ) and interferon-γ (IFNy). </p><p id="p0083" num="0083"> Steps (a) to (c) typically take from 21 to 32 days. </p><p id="p0084" num="0084"> Preferred concentrations of the various growth factors are as follows: </p><p id="p0085" num="0085"> GM-CSF - from 25 to 75 ng/ml, more preferably 50 ng/ml; </p><p id="p0086" num="0086"> SCF - from 10 to 30ng/ml, more preferably 20 ng/ml; </p><p id="p0087" num="0087"> VEGF - from 25 to 75 ng/ml, more preferably 50 ng/ml; </p><p id="p0088" num="0088"> BMP-4 - from 25 to 75 ng/ml, more preferably 50 ng/ml; </p><p id="p0089" num="0089"> IL-4 - from 10 to 150 ng/ml, more preferably 25 or 100 ng/ml; </p><p id="p0090" num="0090"> TNFa - from 10 to 30ng/ml, more preferably 20 ng/ml; 
<!-- EPO <DP n="15"/>-->
 PGE<sub>2</sub>- from 0.5 to 1.5 ng/ml, more preferably 1.0 ng/ml; </p><p id="p0091" num="0091"> IL-Ι β - from 5 to 15 ng/ml, more preferably 10 ng/ml; and </p><p id="p0092" num="0092"> IFNy - from 10 to 20 ng/ml, more preferably 15 ng/ml. </p><p id="p0093" num="0093"> The growth factors used in the method of the invention are typically the human forms. The growth factors used in the method of the invention are typically recombinant. The use of such factors means that the DCs of the invention are produced in clinically relevant conditions, i.e. in the absence of trace amounts of endotoxins and other environmental contaminants, such as lipopolysaccharides, lipopeptides and peptidoglycans, etc. This makes the DCs of the invention particularly suitable for administration to patients. </p><p id="p0094" num="0094"> The method preferably further comprises isolating the DCs of the invention. Any of the methods discussed above may be used. </p><p id="p0095" num="0095"> The invention also provides a method for producing a population of the invention that is suitable for administration to a patient, wherein the method comprises producing iPSCs from somatic cells obtained from the patient and producing a population of the invention from those iPSCs using the method of the invention described above. The population will be autologous with the patient and therefore will not be rejected upon implantation. The invention also provides a population of the invention that is suitable for administration to a patient and is produced in this manner. Alternatively, the invention provides a method for producing a population of the invention that is suitable for administration to a patient, wherein the method comprises the differentiation of partially-matched iPSCs obtained from a public bank of clinically-approved lines. </p><p id="p0096" num="0096">Medicaments, methods and therapeutic use </p><p id="p0097" num="0097"> The DCs of the invention may be used in a method of therapy of the human or animal body. Thus the invention provides a DC of the invention or a population of the invention for use in a method of treatment of the human or animal body by therapy. In particular, the invention concerns using the DCs of the invention to induce a CTL response to an antigen in a patient. The antigen maybe derived from a tumor or a pathogen. In one embodiment, the induced CTL response will help to remove the tumor or the pathogen from the patient (i.e. the CTL response is therapeutic). </p><p id="p0098" num="0098"> In all instances, the DCs of the invention are preferably derived from the patient or an individual that is matched with the patient at one or more of the MHC restriction elements required for presentation of the antigen. Deriving the DCs of the invention from the patient (via iPSCs) should ensure that the DCs are themselves not rejected by the patient's immune system. Any difference 
<!-- EPO <DP n="16"/>-->
 between the donor and recipient will ultimately cause clearance of the DCs, but not before they have stimulated a potent antigen-specific response </p><p id="p0099" num="0099"> The invention provides a method of inducing a CTL response to an antigen in a patient in need thereof, comprising administering to the patient an immunologically effective number of DCs of the invention which are loaded or transfected with the antigen and thereby inducing a CTL response to the antigen in the patient. An immunologically effective number is a number which induces a CTL response to the antigen in the patient. The invention also provides a DC of the invention or a population of the invention for use in a method of inducing a CTL response to an antigen in a patient in need thereof, wherein the DC(s) are loaded or transfected with the antigen. The invention also provides use of a DC of the invention or a population of the invention in the manufacture of a medicament for inducing a CTL response to an antigen in a patient in need thereof, wherein the DC(s) are loaded or transfected with the antigen. The antigen may be any protein, polypeptide or peptide. Suitable antigens are discussed below with reference to tumors and pathogens. In all embodiments, the CTL response is preferably a CD8<sup>+</sup> CTL response. In all embodiments, the CTL response may be therapeutic (i.e. treating a disease or condition in the patient). </p><p id="p0100" num="0100"> In one embodiment, the antigen is a tumor antigen and the method is for treating or preventing a tumor in the patient. Hence, the invention provides a method of treating a tumor in a patient in need thereof, comprising administering to the patient a therapeutically effective number of DCs of the invention which are loaded or transfected with an antigen from the tumor and thereby inducing a CTL response to the antigen in the patient and treating the tumor. A therapeutically effective number is a number effective to ameliorate one or more symptoms of the tumor. Typically, such a number removes the tumor from the patient. </p><p id="p0101" num="0101"> The invention also provides a DC of the invention or a population of the invention for use in a method of treating a tumor in a patient in need thereof by inducing a CTL response to an antigen from the tumor in the patient, wherein the DC(s) are loaded or transfected with the antigen. The invention also provides use of a DC of the invention or a population of the invention in the manufacture of a medicament for treating a tumor in a patient in need thereof by inducing a CTL response to an antigen from the tumor in the patient, wherein the DC(s) are loaded or transfected with the antigen. </p><p id="p0102" num="0102"> Tumors from which the antigen may be derived include, but are not limited to, melanoma, lymphoma and leukaemia or tumors of the lung, prostate, breast, colon and ovary,. Suitable tumor antigens include, but are not limited to, Melan-A, tyrosinase, p97, beta-HCG, GalNAc, MAGE-1, MAGE-2, MAGE -4, MAGE-12, MUC1, MUC2, MUC3, MUC4, MUC18, CEA, DDC, P1A, EpCam, melanoma antigen gp75, Hker 8, high molecular weight melanoma antigen,K19, Tyrl, Tyr2, members 
<!-- EPO <DP n="17"/>-->
 of the pMel 17 gene family, c-Met, PSA (prostate antigen), PSM (prostate mucin antigen), PSMA </p><p id="p0103" num="0103">(prostate specific membrane antigen), prostate secretary protein, alpha-fetoprotein, CA125, CA19.9, TAG-72, BPvCA-1 and B CA-2 antigens. If the invention concerns treating a tumor in a patient, the antigen I is preferably obtained from the tumor itself, for instance extracted by biopsy and identified in vitro. </p><p id="p0104" num="0104"> In another embodiment, the antigen is from a pathogen and the method is for treating an infection by the pathogen in the patient. Hence, the invention provides a method of treating a pathogenic infection in a patient in need thereof, comprising administering to the patient a </p><p id="p0105" num="0105">therapeutically effective number of DCs of the invention which are loaded or transfected with an antigen from the pathogen and thereby inducing a CTL response to the antigen in the patient and treating the infection. A therapeutically effective number is a number effective to ameliorate one or more symptoms of the infection. Typically, such a number removes the pathogen from the patient. </p><p id="p0106" num="0106"> The invention also provides a DC of the invention or a population of the invention for use in a method of treating a pathogenic infection in a patient in need thereof by inducing a CTL response to an antigen from the pathogen in the patient, wherein the DC(s) are loaded or transfected with the antigen. The invention also provides use of a DC of the invention or a population of the invention in the manufacture of a medicament for treating a pathogenic infection in a patient in need thereof by inducing a CTL response to an antigen from the pathogen in the patient, wherein the DC(s) are loaded or transfected with the antigen. Suitable pathogens that may be treated or prevented in accordance with the invention include, but are not limited to, bacteria, such as Mycobacterium tuberculosis, viruses, such as HIV, parasites, protozoans, such as Plasmodium falciparum and fungi. Typically, such microorganisms will establish chronic infections that are resistant to conventional treatment. </p><p id="p0107" num="0107"> In another embodiment, the method is for removing immunological tolerance to the antigen. The antigen is typically a self antigen or a tumor antigen. The antigen may be any of the tumor antigens discussed above. One of the main barriers to inducing an effective immune response to tumor antigens is self tolerance since tumor antigens are self molecules rather than pathogen derived. This self tolerance is often maintained by regulatory T cells (Treg) specific for the antigens which inhibit the priming of effector T cells specific for the same antigens. Nevertheless, Treg are relatively unstable and may, in response to IL-6, convert to Thl7 cells, which are strongly pro-inflammatory. Thl7 cells secrete IL-17. Since the DCs of the invention secrete high levels of IL-6 upon maturation, they are capable of bypassing the Treg barrier, converting Treg to Thl7 cells and thereby removing </p><p id="p0108" num="0108">immunological tolerance to the antigen. 
<!-- EPO <DP n="18"/>-->
 In another embodiment, the invention provides a method of inducing tolerance to an antigen in a patient in need thereof, comprising administering to the patient an immunologically effective number of immature DCs produced using the method of the invention or DCs of the invention which have been treated to render them tolerogenic and thereby inducing tolerance to the antigen in the patient, wherein the DCs are loaded or transfected with the antigen. Immature DCs produced using the invention can be used for the induction of tolerance, for example to autoantigens or therapeutic proteins. The immature DCs are produced by (a) culturing iPSCs in a medium comprising granulocyte macrophage- colony stimulating factor (GM-CSF) for sufficient time to produce monocytic cells and (b) culturing the monocytic cells under conditions that induce formation of immature dendritic cells. Any of the embodiments discussed above may be used. Similarly, DCs of the invention can be used to induce tolerance to the antigen following treatment to render them tolerogenic, such as with vitamin D3, dexamethasone, IL-10 or rapamycin. The immature DCs or pharmacologically-treated DCs of the invention induce the polarisation of naive T cells towards a Treg phenotype which will maintain the tolerant state. An immunologically effective number is a number which induces tolerance to the antigen in the patient. </p><p id="p0109" num="0109"> The invention also provides (a) an immature DC or immature DCs produced using the method of the invention or (b) a DC of the invention or DCs of the invention which have been treated to render them tolerogenic for use in a method of inducing tolerance to an antigen in a patient in need thereof, wherein the DC(s) are loaded or transfected with the antigen. The invention also provides use of (a) an immature DC or immature DCs produced using the method of the invention or (b) a DC of the invention or DCs of the invention which have been treated to render them tolerogenic in the manufacture of a medicament for inducing tolerance to an antigen in a patient in need thereof, wherein the DC(s) are loaded or transfected with the antigen. The antigen is preferably involved in an autoimmune disease in the patient or will facilitate cell replacement therapy for the correction of a congenital condition in the patient. </p><p id="p0110" num="0110"> Immunisation results in promoting an immune response against the chosen antigen. Any of the effects resulting from the loaded or transfected DCs mentioned herein may be promoted or achieved. In particular, the level of presentation of the chosen antigen will be increased in the patient. An increase in presentation via MHC I and/or MHC II molecules and in particular via MHC I molecules in the patient will typically be seen. In a preferred case, the level of antigen presentation achieved may be such that when the same antigen is encountered again an increased immune response is seen in comparison to the situation in which the initial immunisation had not taken place. In particular, a therapeutic and/or protective immune response is raised. The invention may, therefore, ensure that a 
<!-- EPO <DP n="19"/>-->
 higher level of immune response is seen when the antigen is next encountered, for instance, upon serial administration of the population of DCs, in order to further boost responses to the antigen. </p><p id="p0111" num="0111"> The invention may be used to enhance the level of antigen presentation or of any of the downstream effects thereof, such as any of those mentioned herein, in comparison to administration of an equivalent amount of antigen in the absence of loaded or transfected DCs. The increase may be double, treble, or more fold, in some cases it may be at least ten-fold, preferably at least twenty-fold and even more preferably at least 100 fold, or 1000 fold or more. It may be that a therapeutic response is seen whereas, in the absence of the use of loaded or transfected DCs, it is not. </p><p id="p0112" num="0112"> The loaded or transfected DCs may be administered to any suitable patient. The patient is generally a human patient. The patient may be an infant, a juvenile or an adult. In one embodiment, the patient is susceptible to, or at risk from, the relevant disease. For instance, the patient may be genetically predisposed to developing the tumor. Alternatively, the patient may have been exposed, or will be in a region where there is a risk of exposure, to a particular antigen and in particular a pathogen, for example, the vertical transmission of HIV-1 from mother to child. </p><p id="p0113" num="0113"> The invention may be used in combination with other means of, and substances for, immunisation. In some cases the loaded or transfected DCs may be administered simultaneously, sequentially or separately with antigen which is not present in loaded or transfected DCs (i.e. free antigen). The loaded or transfected DCs may be used in combination with existing vaccines for a particular antigen and may, for example, be simply mixed with such vaccines. Thus the invention may be used to increase the efficacy of existing vaccines including, for example, peptide, polypeptide, protein, nucleic acid, viral and/or bacterial based antigens. </p><p id="p0114" num="0114"> In a preferred embodiment, the loaded or transfected DCs are administered simultaneously, sequentially or separately with one or more ligands of the Toll-like receptors (TLRs). This will improve the ability of the DCs to cross present antigen in vivo. Suitable ligands include, but are not limited to, 2'-deoxyribo(cytidine-phosphoguanosine) (CpG) DNA motifs, polyinosinic-polycytidylic acids (poly(I:Cs)), lipopeptides, peptidoglycans, lipoteichoic acid, lipoarabinomannan, zymosan, tGPI- mucin, hemagglutinin protein and lipopolysaccharides. </p><p id="p0115" num="0115"> The invention concerns the use of loaded or transfected DCs. The DCs may be loaded or transfected using any method known in the art. The loading of DCs may be performed in vitro or ex vivo. In each case, the DCs may simply be in contact with the antigen in culture. The DCs of the invention are capable of endocytosing, phagocytosing or otherwise taking up exogenous peptide polypeptide or protein antigens and, after internalisation and processing, presenting antigenic peptide fragments on their surface, bound to products of the MHC. Alternatively, the DCs may be loaded with 
<!-- EPO <DP n="20"/>-->
 antigen using monoclonal antibodies specific for surface molecules, such as CD205 and DNGR-1. Such molecules are known in the art. </p><p id="p0116" num="0116"> The transfection of DCs may be performed in vitro or ex vivo. Alternatively, stable transfection may be perfomed at the iPSC stage allowing DCs expressing the transgene to be differentiated from them. The DCs are transfected with a nucleic acid encoding the antigen. For instance, viral particles or other vectors encoding the antigen may be employed. Methods for doing this are known in the art. </p><p id="p0117" num="0117"> The nucleic acid gives rise to expression of the antigen in the DCs and to the subsequent presentation of the antigen by the cells. The nucleic acid molecule will preferably comprise a promoter which is operably linked to the sequences encoding the antigen and which is active in the DCs or which can be induced in the DCs. </p><p id="p0118" num="0118"> In a particularly preferred embodiment, the nucleic acid encoding the antigen may be delivered via a viral particle. The viral particle may comprise a targeting molecule to ensure efficient transfection. The targeting molecule will typically be provided wholly or partly on the surface of the virus in order for the molecule to be able to target the virus to the DCs. </p><p id="p0119" num="0119"> Any suitable virus may be used in such embodiments. The virus may, for example, be a retrovirus, a lentivirus, an adenovirus, an adeno-associated virus, a vaccinia virus or a herpes simplex virus. In a particularly preferred embodiment the virus may be a lentivirus. The lentivirus maybe a modified HIV virus suitable for use in delivering genes. The lentivirus may be a SIV, FIV, or equine infectious anemia virus (EQIA) based vector. The virus may be a moloney murine leukaemia virus (MMLV). The viruses used in the invention are preferably replication deficient. </p><p id="p0120" num="0120"> Viral particles do not have to be used. Any vector capable of transfecting the DCs of the invention may be used, such as conventional plasmid DNA or RNA transfection. </p><p id="p0121" num="0121"> The nucleic acid molecule may also encode other sequences, for example the nucleic acid may comprise sequences which express proteins which boost the immune response to the antigen. The nucleic acid may encode a cytokine, including any of those mentioned herein and in particular IL-1, IL-2 and/or IL-12. The nucleic acid may also encode a costimulatory molecule such as a cell-surface molecule which enhances the immune response. The nucleic acid may encode, for example, CD80 and/or CD86. The nucleic acid molecule preferably encodes one or more of the Toll-like receptor ligands disclosed herein. </p><p id="p0122" num="0122"> Uptake of nucleic acid constructs may be enhanced by several known transfection techniques, for example those including the use of transfection agents. Examples of these agents includes cationic agents, for example, calcium phosphate and DEAE-Dextran and lipofectants, for example, </p><p id="p0123" num="0123">lipofectAmine, fugene and transfectam. 
<!-- EPO <DP n="21"/>-->
 The cell may be loaded or tranfected under suitable conditions. The cell and antigen or vector may, for example, be contacted for between five minutes and ten days, preferably from an hour to five days, more preferably from five hours to two days and even more preferably from twelve hours to one day. </p><p id="p0124" num="0124"> The invention also provides DCs which have been loaded or transfected with an antigen. Such</p><p id="p0125" num="0125">DCs may be used in the therapeutic embodiments of the invention. The loaded or transfected cells may comprise epitopes of the antigen. The cells may also comprise a targeting molecule and/or breakdown products thereof. The invention provides such cells in an isolated form as discussed above. The tranfected cells may comprise a nucleic acid encoding the antigen and, in particular, may comprise a viral vector encoding the antigen. Preferably, the viral vector will be replication deficient. </p><p id="p0126" num="0126"> Generally the loaded or transfected DCs carry peptides, and in particular an antigenic epitope derived from the chosen antigen on their surface in conjunction with an MHC class I or class II molecule and in particular in conjunction with an MHC I molecule. In one embodiment each DC has at least 100, preferably at least 200, for example at least or about 500 or 1000, class I and/or class II molecules on its surface loaded with the product and in particular class I molecules. In some cases, the DCs may carry a label or be labelled, such as, for example, with a fluorescent molecule such as green fluorescent protein (GFP). </p><p id="p0127" num="0127"> In some embodiments, somatic cells may be recovered from the patient, converted into DCs using the invention, loaded or transfected in vitro and then returned to the same subject. In such instances, the DCs employed in the invention, will be autologous cells and fully matched with the patient for MHC class I HLA-A or HLA-B; and/or for MHC class II type. In a preferred case, the cells employed in the invention are recovered from a patient and utilised ex vivo and subsequently returned to the same patient. </p><p id="p0128" num="0128"> In another embodiment, iPSCs may be selected from a public bank of clinically-approved lines in order to ensure that they share with the patient one or more MHC molecules required for presentation of the designated antigen to the immune system of the recipient. </p><p id="p0129" num="0129">Pharmaceutical compositions, vaccines and administration </p><p id="p0130" num="0130"> The invention additionally provides a pharmaceutical composition comprising (a) a DC of the invention or a population of DCs of the invention and (b) a pharmaceutically acceptable carrier or diluent. The present invention also provides a vaccine composition comprising a DC or population of DCs of the invention. The vaccines and compositions may comprise any of the DCs or populations mentioned herein and, in come embodiments, the nucleic acid molecules, vectors, viruses or antigens 
<!-- EPO <DP n="22"/>-->
 described herein. The invention provides a method of vaccination comprising administering to a patient an effective amount of a vaccine composition of the invention. </p><p id="p0131" num="0131"> The various compositions and vaccines of the invention may be formulated using any suitable method. Formulation of cells with standard pharmaceutically acceptable carriers and/or excipients may be carried out using routine methods in the pharmaceutical art. The exact nature of a formulation will depend upon several factors including the cells to be administered and the desired route of </p><p id="p0132" num="0132">administration. Suitable types of formulation are fully described in Remington's Pharmaceutical Sciences, 19<sup>th</sup> Edition, Mack Publishing Company, Eastern Pennsylvania, USA. </p><p id="p0133" num="0133"> The cells may be administered by any route. Suitable routes include, but are not limited to, , intravenous, intramuscular, intraperitoneal or other appropriate administration routes. The cells are preferably administered to sites of antigen presentation, such as draining lymph nodes. </p><p id="p0134" num="0134"> Compositions and vaccines may be prepared together with a physiologically acceptable carrier or diluent. Typically, such compositions and vaccines are prepared as liquid suspensions of cells. The cells may be mixed with an excipient which is pharmaceutically acceptable and compatible with the active ingredient. Suitable excipients are, for example, water, saline, dextrose, glycerol, of the like and combinations thereof. </p><p id="p0135" num="0135"> In addition, if desired, the vaccine and/or pharmaceutical compositions of the invention may contain minor amounts of auxiliary substances such as wetting or emulsifying agents, pH buffering agents, and/or adjuvants which enhance effectiveness. </p><p id="p0136" num="0136"> In some embodiments, the pharmaceutical composition or vaccine may comprise an adjuvant.</p><p id="p0137" num="0137">In other words, an adjuvant may be present in the various formulations of the invention or be administered simultaneously, separately or sequentially with them. Suitable adjuvants include, for example, any substance that enhances the immune response of the subject to the antigen (including when delivered by the polynucleotide of the invention). They may enhance the immune response by affecting any number of pathways, for example, by stabilizing the antigen/MHC complex, by causing more antigen/MHC complex to be present on the cell surface, by enhancing maturation of DCs, or by prolonging the life of APCs (e. g., inhibiting apoptosis). </p><p id="p0138" num="0138"> Examples of adjuvants that may be employed include cytokines. Certain cytokines, for example TRANCE, flt-3L, or agents such as CD40L, enhance the immunostimulatory capacity of antigen presenting cells and may be employed. Non-limiting examples of cytokines which may be used alone or in combination include, interleukin-2 (IL-2), interleukin-3 (IL-3), interleukin 6 (IL-6), interleukin- 12 (IL-12), G-CSF, granulocyte macrophage-colony stimulating factor (GM-CSF), interleukin- la (IL-la), interleukin- 11 (IL-11), c-kit ligand, thrombopoietin (TPO), CD40 ligand (CD40L), tumor necrosis 
<!-- EPO <DP n="23"/>-->
 factor-related activation-induced cytokine (TRANCE) and flt3 ligand (flt-3L). Further examples of adjuvants which may be effective include but are not limited to: aluminium hydroxide, N-acetyl- muramyl-L-threonyl-D-isoglutamine (thr-MDP), N-acetyl-nor-muramyl-L-alanyl-D-isoglutamine (CGP 11637, referred to as nor-MDP), N-acetylmuramyl-L-alanyl-D-isoglutaminyl-L-alanine-2-(l'-2'- dipalmitoyl-sn-glycero-3 -hydro xyphosphoryloxy)-ethylamine (CGP 19835A, referred to as MTP-PE), and RIBI, which contains three components extracted from bacteria, monophosphoryl lipid A, trehalose dimycolate and cell wall skeleton (MPL+TDM+CWS) in a 2% squalene/Tween 80 emulsion. </p><p id="p0139" num="0139">Especially preferred adjuvants include the ligands of the Toll-like receptors discussed above. </p><p id="p0140" num="0140"> In cases where the invention uses DCs transfected with a nucleic acid which encodes an antigen, the nucleic acid may also encode molecules capable of acting as an adjuvant. Thus the nucleic acid may lead to the production of any of the adjuvants mentioned herein and in particular a cytokine or costimulatory molecule. The cytokine may, for example be, IL-1, IL-2, and/or IL-12 which will preferably be secreted from the antigen presenting cell. The costimulatory molecule may, for example, be CD80 or CD86 which will be preferably expressed on the cell surface of the DCs. </p><p id="p0141" num="0141"> The DCs are administered in a manner compatible with the dosage formulation and in such amount will be immunologically, prophylactically and/or therapeutically effective. The quantity to be administered depends on the subject to be treated, capacity of the subject's immune system to respond to the antigen, and the degree of CTL response desired. Precise amounts of DCs required to be administered may depend on the judgement of the practitioner and may be peculiar to each subject. </p><p id="p0142" num="0142"> The methods described herein are preferably carried out in conjunction with standard chemotherapy or radiotherapy. Such therapies have been shown to act synergistically with cell vaccination strategies, such as the methods of the invention. Dying tumor cells release a source of the tumor antigens helping to sustain the immune response generated by cell vaccination. </p><p id="p0143" num="0143"> Any suitable number of cells may be administered to a subject. For example, at least, or about, 10<sup>5</sup>, 10<sup>6</sup>, 10<sup>7</sup>, 10<sup>8</sup>, 10<sup>9</sup> cells may be administered. As a guide, the number of cells of the invention to be administered may be from 10<sup>5</sup> to 10<sup>9</sup>, preferably from 10<sup>6</sup> to 10<sup>8</sup>. Any of the specific numbers discussed above with reference to the populations of the invention may be administered. In such cases where cells are administered or present, culture medium may be present to facilitate the survival of the cells. In some cases the cells of the invention may be provided in frozen aliquots and substances such as DMSO may be present to facilitate survival during freezing. Such frozen cells will typically be thawed and then placed in a buffer or medium either for maintenance or for administration. </p><p id="p0144" num="0144"> The following Example illustrates the invention. 
<!-- EPO <DP n="24"/>-->
 Example </p><p id="p0145" num="0145">Materials and Methods Derivation and culture of human induced pluripotent stem cells </p><p id="p0146" num="0146"> Human iPSC were derived, maintained and their pluripotency assessed. Cells were cultured in 6 well plates in a volume of 4 ml per well and the medium replaced daily, except on the day following their passage. Plates were coated with matrigel (BD Biosciences) diluted 1 :30 and stored at 4°C until use. hiPSC cultured in mTeSRl (StemCell Technologies) were routinely passaged every 6-7 days at a 1 : 12 dilution, while hiPSC maintained in TeSR2 (StemCell Technologies) were passaged every 5-6 days at a dilution of 1 : 12 - 1 : 15. </p><p id="p0147" num="0147">Directed differentiation of DC </p><p id="p0148" num="0148"> Briefly, the differentiation medium consisted of XVIVO-15 (Lonza) supplemented with non- essential amino acids, 2 mM L-glutamine, 1 mM sodium pyruvate (PAA Laboratories GmbH), 5 x 10<sup>"5</sup> M 2-mercaptoethanol (Sigma), granulocyte macrophage-colony stimulating factor (GM-CSF; 50 ng/ml) (Peprotech), stem cell factor (SCF; 20 ng/ml) (R&amp;D Systems), vascular endothelial growth factor (VEGF; 50 ng/ml) (Peprotech) and bone morphogenetic protein-4 (BMP -4; 50 ng/ml) (R&amp;D Systems) that were successively removed from cultures until only GM-CSF remained. BMP -4 was removed from day 5 onwards, followed by VEGF (day 14) and SCF (day 19). On days 13-17 of culture, the medium was supplemented with 25 ng/ml of recombinant human interleukin-4 (rhIL-4) (Peprotech). The concentration of IL-4 in the medium was increased to 100 ng/ml as numbers of DC accumulated in the cultures (days 20-24). DC were harvested on days 24-28 using gentle pipetting, passed through a 70 μηι cell strainer (BD Falcon) and plated at 5 x 10<sup>5</sup> - 1 x 10<sup>6</sup> per well of a 6-well CellBind plate (Corning) in complete XVIVO-15 medium containing 50 ng/ml GM-CSF and 100 ng/ml IL-4. After 2- 4 days, DC were matured for the final 48 h of culture, as described<sup>10</sup> with a cocktail of cytokines consisting of TNFa (50 ng/ml), PGE<sub>2</sub> (1 μg/ml), IL-Ιβ (10 ng/ml) and IFN-γ (20 ng/ml). </p><p id="p0149" num="0149">Isolation and culture of primary cells </p><p id="p0150" num="0150"> Monocytes and naive T cells were isolated from the peripheral blood mononuclear cells (PBMC) of buffy coats (NHS blood transfusion service) or the fresh blood of volunteers using CD14-coated beads or a pan T cell selection kit followed by depletion of CD45RO<sup>+</sup> memory cells using the relevant selection kits/beads (Miltenyi Biotech). AutoMACs separation was used to either positively select or 
<!-- EPO <DP n="25"/>-->
 deplete labelled populations of PBMC according to the manufacturer's instructions. Following removal of CD14<sup>+</sup> monocytes, peripheral blood lymphocytes (PBL) were cultured in RPMI supplemented with 10% fetal calf serum (FCS), 50 U/ml penicillin, 50 μg/ml streptomycin and 2mM L-glutamine (PAA Laboratories GmbH) (R10). Monocyte derived DC (moDC) were differentiated by culturing CD14<sup>+</sup> monocytes in R10 containing 50 ng/ml GM-CSF and 100 ng/ml IL-4 for 6-8 days. </p><p id="p0151" num="0151">Flow cytometry </p><p id="p0152" num="0152"> DC or hiPSC were incubated for 15 min on ice in blocking buffer (PBS, 5% normal rabbit serum, 0.5% bovine serum albumin (BSA), 0.1% NaN<sub>3</sub>) and washed twice. Cells were stained on ice in PBS/2% FCS for 30 min with one of the following antibodies: TRA1-60 (Millipore), SSEA-4 (clone: MC-813-70, R&amp;D Systems), HLA-A2 (BB7.2), CDl lc (BU15), CDl lb (ICRF44), HLA-DR/DQ/DP (WR18), CD40 (LOB7/6) (AbD Serotec), CD123 (9F5, BD Pharmingen), BDCA-4 (446921), BDCA-2 (polyclonal goat lgG), BDCA-3 (501733) (R&amp;D Systems), CD83 (HB 15e), CD80 (MEM-233), CD86 (BU63), CD14 (MEM18), CD54 (15.2, AbD Serotec), CCR7 (3D12, eBioscience), XCR1 (polyclonal goat IgG; R&amp;D Systems). For the final 10 min, 7-AAD was added at a concentration of 250 ng/ml. Cells were washed twice and fixed in 2% formaldehyde. </p><p id="p0153" num="0153"> Intranuclear staining was performed using commercial permeabilisation and fixation buffers (eBiosciences), according to the manufacturer's instructions together with antibodies specific for the transcription factors Oct-4 (240408) or Nanog (polyclonal goat IgG; R&amp;D Systems). T cells were labelled with tetramer as described<sup>14</sup> and stained for intracellular cytokines. Briefly, T cells were first labelled with HLA-A*0201 -MelanA<sub>2</sub>6-35 tetramer and were untreated or stimulated with either 20 μΜ Melan A26-35 peptide or 50 ng/ml PMA and 500 μg/ml ionomycin (Sigma) for 6 h, as a positive control. For the final 4 h of culture, 10 μg/ml Brefeldin A (Sigma) was added. Cells were washed, surface stained for CD8 and fixed in 2% paraformaldehyde. Buffer containing saponin (PBS, 0.5% saponin, 0.5% BSA, NaN<sub>3</sub>; Sigma) was used to wash cells twice before staining for IFN-γ (25723, R&amp;D </p><p id="p0154" num="0154">Systems) or perforin (dG9, eBioscience). Cells were washed twice before analysis on a Beckton Dickinson FACSCalibur. </p><p id="p0155" num="0155">Antigen processing and presentation assay </p><p id="p0156" num="0156"> DC were harvested and either untreated or fixed with 0.5% paraformaldehyde for 10 min at room temperature. DC were plated at 1 -1.5 x 10<sup>4</sup> cells per well in a 96-well flat bottomed plate. Fixed or unfixed cells were left untreated or incubated with either 1 μΜ Melan A (AMS Biotechnology) or, as a positive control for antigen presentation, pulsed with either 10 nM or 1 μΜ Melan A26-35 peptide 
<!-- EPO <DP n="26"/>-->
 (ELAGIGILTV)<sup>14</sup>. The CD8<sup>+</sup> T cell clone, 2D10, which is specific for the HLA-A*0201 -Melan A<sub>26</sub>_<sub>3</sub> complex, was plated at a 1 :5 ratio of DC:T cells. Co-cultures were incubated at 37°C, 5% C0<sub>2</sub> for 40 h, before supernatants were harvested. </p><p id="p0157" num="0157">ELlSAs </p><p id="p0158" num="0158"> IFN-γ and IL-6 ready-SET-go ELISA kits and immunosorb plates were purchased from eBiosciences and ELlSAs were performed according to the manufacturer's instructions. ELlSAs read at 450nm using a BioTek EL<sub>X</sub>808 plate reader. In vitro priming of naive antigen specific T cells </p><p id="p0159" num="0159"> Harvested HLA-A*0201<sup>+</sup> moDC and ipDC were either untreated or pulsed with 1 μΜ Melan A<sub>26</sub>_ <sub>35</sub> peptide for 2 ½ -3 h and washed. DC were plated at 4 x 10<sup>4</sup> per well of a 48-well plate or 1 x 10<sup>5</sup> per well of a 24-well plate and unpulsed cells were either treated with 1 μΜ whole Melan A protein or left untreated. DC were cultured together with HLA-A*0201 -restricted naive T cells from a different donor to the moDC to yield a ratio of 1 : 10 DC:T cells. Cells were cultured at 37°C, 5% C0<sub>2</sub> for 13-14 days in RPMI containing 5% human male AB serum (Sigma), 50 U/ml penicillin, 50 μg/ml streptomycin and 2 mM L-glutamine. Recombinant human interleukin-2 (rhIL-2) was added at 10 U/ml from days 4- 7 and T cells were expanded using 500 U/ml rhIL-2 for the remainder of the culture period. Results </p><p id="p0160" num="0160"> The CI 9 iPSC line was derived from the dermal fibroblasts of an HLA-A2<sup>+</sup> donor as described (Carpenter, L. et al. Blood In Press (2011)) and was maintained long-term under feeder- and serum-free conditions. </p><p id="p0161" num="0161"> Undifferentiated C19 cells displayed the characteristic morphology of human embryonic stem cells (hESC), expressed the pluripotency-associated markers SSEA-4 and TRAl -60, the transcription factors Oct-4 and Nanog, and differentiated in vitro into cell types derived from each of the three embryonic germ layers (Fig. 1). We directed the differentiation of CI 9 towards the DC lineage by adapting protocols we had established previously for the differentiation of clinical grade DC from hESC. </p><p id="p0162" num="0162"> After 19-24d, cultures contained cells with distinctive dendritic morphology (Fig. 2a), expressing</p><p id="p0163" num="0163">CD1 lc and low levels of both MHC class II and CD40, suggestive of an immature phenotype (Fig. 2b). In response to a maturation cocktail consisting of tumor necrosis factor-a (TNFa), prostaglandin-E<sub>2</sub> (PGE<sub>2</sub>), interleukin-ΐβ (IL-Ιβ) and interferon-γ (IFNy), ipDC secreted high concentrations of the pro- 
<!-- EPO <DP n="27"/>-->
 inflammatory cytokine IL-6 (Fig. 4). Furthermore, upon maturation, ipDC lost expression of CD 14 while up-regulating MHC class II, CD83, conventional co-stimulatory molecules and the chemokine receptor, CCR7, yielding a phenotype similar to that of mature moDC (Fig. 2c). Indeed, like their counterparts, ipDC stimulated potent proliferative responses among naive allogeneic T cells (Fig. 2d). Despite these similarities, ipDC differed phenotypically from moDC in other respects: while they lacked significant expression of the plasmacytoid DC markers CD123 and BDCA-2, ipDC displayed a CD1 lb<sup>lo</sup>CD141<sup>M</sup> phenotype, reminiscent of the recently-described population of cross-presenting DC in human blood and secondary lymphoid organs. Furthermore, these cells expressed intracellular Toll like receptors (TLR) 3 and 9 (Fig. 2b), the ligation of which promotes cross-presentation of antigen by mouse DC. </p><p id="p0164" num="0164"> Given these findings, we investigated expression of the chemokine receptor XCRl . Although various DC populations are known to up-regulate CD141 in culture, XCRl expression has been shown to be highly specific for cross-presenting DC in both mouse and human and to augment the antigen- driven expansion of CD8<sup>+</sup> CTL. Although moDC failed to express this chemokine receptor, ipDC consistently contained a population of cells co-expressing CD141 and XCRl (Fig. 3a). </p><p id="p0165" num="0165"> When pulsed with the HLA-A*0201 -restricted peptide from the TAA Melan A (Melan A26-35), both moDC and ipDC stimulated IFN-γ production by the CD8<sup>+</sup> T cell clone, 2D 10, in a dose- dependent manner. However, when pulsed with recombinant Melan A protein as a source of unprocessed antigen, only ipDC were able to cross-present the Melan A26-35 epitope (Fig. 3b), consistent with their XCR1<sup>+</sup> phenotype. To determine whether ipDC could prime TAA-specific responses among na<sup>'</sup>ive T cells, we pulsed moDC and ipDC with Melan A26-35 peptide and cultured them with T cells depleted of CD45RO<sup>+</sup> memory cells, purified from an HLA-A2<sup>+</sup> donor. After 14d, T cells were stained for CD8 and with HLA-A*0201 -Melan A26-35 tetramers to detect antigen-specific T cells<sup>14</sup>. Whereas both moDC and ipDC primed Melan A-specific CD8<sup>+</sup> T cells when pulsed with the immunodominant epitope, only ipDC elicited a small but reproducible response when pulsed with whole Melan A protein, consistent with their capacity to cross-prime (Fig. 3c). Importantly, T cells stimulated with ipDC expressed IFN-γ (Fig. 3d) and up-regulated perforin, as evidence of their cytolytic potential (Fig. 5). </p><p id="p0166" num="0166"> While identification of the human equivalent of murine CD8a<sup>+</sup> DC offers promise for their use in cancer immunotherapy, their presence in peripheral blood at a frequency of 1 : 10,000 mononuclear cells has so far posed an insurmountable barrier to their clinical application. We have employed human iPSC, capable of indefinite self-renewal, to generate potentially-unlimited numbers of such cells in 
<!-- EPO <DP n="28"/>-->
 vitro, using protocols compatible with their future clinical use. The ongoing construction of extensive banks of clinically-approved iPSC lines, covering the common HLA haplotypes, may permit the matching of individual patients with lines expressing appropriate MHC restriction elements for the relevant TAA. Semi-allogeneic DC differentiated from mouse ESC have been shown to stimulate potent anti-tumor responses in mice: indeed the stimulation of alloreactive T cells may provide a cytokine milieu conducive to the priming of naive T cells specific for TAA. In this respect, the secretion of high levels of IL-6 by ipDC in response to the maturation cocktail, augurs well for breaking the regulatory T cell barrier that constitutes one of the greatest obstacles to the induction of anti-tumor responses. Although the selection of iPSC lines from a pre-existing bank may prove to be the most pragmatic approach to their clinical application, where appropriate lines are not available, iPSC technology offers the additional prospect of generating CD141<sup>+</sup>XCR1<sup>+</sup> DC in a fully-autologous manner. 
</p></description><claims mxw-id="PCLM45194506" ref-ucid="WO-2012127206-A1" lang="EN" load-source="patent-office"><claim-statement><!-- EPO <DP n="29"/>-->CLAIMS </claim-statement><claim id="clm-0001" num="1"><claim-text>1. A dendritic cell produced from a human induced pluripotent stem cell (iPSC), wherein the dendritic cell is capable of cross presenting an antigen to naive CD8<sup>+</sup> T lymphocytes. </claim-text></claim><claim id="clm-0002" num="2"><claim-text>2. A dendritic cell according to claim 1, wherein the dendritic cell expresses detectable levels of XCR1. </claim-text></claim><claim id="clm-0003" num="3"><claim-text>3. A dendritic cell according to claim 1 or 2, wherein the dendritic cell expresses detectable levels of Toll-like receptor 9 (TLR9). </claim-text></claim><claim id="clm-0004" num="4"><claim-text>4. A dendritic cell according to any one of claims 1 to 3, wherein the dendritic cells expresses detectable levels of TLR3 and TLR7. </claim-text></claim><claim id="clm-0005" num="5"><claim-text>5. A dendritic cell according to any one of the preceding claims, wherein the dendritic cell expresses detectable levels of MHC class II. </claim-text></claim><claim id="clm-0006" num="6"><claim-text>6. A dendritic cell according to any one of the preceding claims, wherein the dendritic cell is loaded or transfected with an antigen. </claim-text></claim><claim id="clm-0007" num="7"><claim-text>7. A population comprising two or more dendritic cells according to any one of claims 1 to 6. </claim-text></claim><claim id="clm-0008" num="8"><claim-text>8. A population comprising more than 5.1 x 10<sup>5</sup> dendritic cells according to any one of claims 1 to 6. </claim-text></claim><claim id="clm-0009" num="9"><claim-text>9. A population according to claim 7 or 8, wherein the population is autologous. </claim-text></claim><claim id="clm-0010" num="10"><claim-text>10. A population according to claim 7 or 8, wherein the population is semi-allogeneic and is optionally derived from partially matched iPSCs obtained from a public bank of clinically-approved lines. <!-- EPO <DP n="30"/>--> </claim-text></claim><claim id="clm-0011" num="11"><claim-text>11. A pharmaceutical composition comprising (a) a dendritic cell according to any one of claims 1 to 6 or a population of dendritic cells according to any one of claims 7 to 10 and (b) a pharmaceutically acceptable carrier or diluent. </claim-text></claim><claim id="clm-0012" num="12"><claim-text>12. A method of producing a population of dendritic cells according to any one of claims 7 to 10, comprising culturing human iPSCs under conditions which induce the iPSCs to differentiate into dendritic cells. </claim-text></claim><claim id="clm-0013" num="13"><claim-text>13. A method according to claim 12, wherein the conditions are feeder free and serum free </claim-text></claim><claim id="clm-0014" num="14"><claim-text>14. A method according to claim 12 or 13, wherein the method comprises: </claim-text><claim-text> (a) culturing the iPSCs in a medium comprising granulocyte macrophage-colony stimulating factor (GM-CSF) for sufficient time to produce monocytic cells; </claim-text><claim-text> (b) culturing the monocytic cells under conditions that induce the formation of immature </claim-text><claim-text> dendritic cells; and </claim-text><claim-text> (c) culturing the immature dendritic cells in a medium comprising various growth factors that induce maturation of the dendritic cells. </claim-text></claim><claim id="clm-0015" num="15"><claim-text>15. A method according to claim 14, wherein the method further comprises isolating the population of dendritic cells according to any one of claims 7 to 10. </claim-text></claim><claim id="clm-0016" num="16"><claim-text>16. A method of inducing a CTL response to an antigen in a patient in need thereof, comprising administering to the patient an immunologically effective number of dendritic cells according to any one of claims 1 to 6 which are loaded or transfected with the antigen and thereby inducing a CTL response to the antigen in the patient. </claim-text></claim><claim id="clm-0017" num="17"><claim-text>17. A method according to claim 16, wherein the antigen is a tumor antigen and the method is for treating cancer in the patient. </claim-text></claim><claim id="clm-0018" num="18"><claim-text>18. A method according to claim 16, wherein the antigen is from a pathogen and the method is for treating an infection by the pathogen in the patient. <!-- EPO <DP n="31"/>--> </claim-text></claim><claim id="clm-0019" num="19"><claim-text>19. A method according to claim 16, wherein the method is for removing immunological tolerance to the antigen. </claim-text></claim><claim id="clm-0020" num="20"><claim-text>20. A method of inducing tolerance to an antigen in a patient in need thereof, comprising administering to the patient an immunologically effective number of immature dendritic cells produced using the method as defined in claim 14 or dendritic cells according to any one of claims 1 to 6 which have been treated to render then tolerogenic and thereby inducing tolerance to the antigen in the patient, wherein the DCs are loaded or transfected with the antigen. </claim-text></claim><claim id="clm-0021" num="21"><claim-text>21. A method according to claim 20, wherein the antigen is involved in an autoimmune disease in the patient or will facilitate cell replacement therapy for the correction of a congenital condition in the patient. </claim-text></claim><claim id="clm-0022" num="22"><claim-text>22. A method according to any one of claims 16 to 21, wherein the iPSC is derived from the patient or an individual that is appropriately matched with respect to expression of one or more of the MHC restriction elements required for the presentation of the antigen. </claim-text></claim></claims><copyright>User acknowledges that Fairview Research LLC and its third party providers retain all right, title and interest in and to this xml under applicable copyright laws.  User acquires no ownership rights to this xml including but not limited to its format.  User hereby accepts the terms and conditions of the Licence Agreement</copyright></patent-document>
