<?xml version="1.0" encoding="UTF-8"?>
<patent-document ucid="EP-2681010-A1" country="EP" doc-number="2681010" kind="A1" date="20140108" family-id="45937227" file-reference-id="318301" date-produced="20180823" status="corrected" lang="DE"><bibliographic-data><publication-reference fvid="146586758" ucid="EP-2681010-A1"><document-id><country>EP</country><doc-number>2681010</doc-number><kind>A1</kind><date>20140108</date><lang>DE</lang></document-id></publication-reference><application-reference ucid="EP-12712974-A" is-representative="NO"><document-id mxw-id="PAPP154848950" load-source="docdb" format="epo"><country>EP</country><doc-number>12712974</doc-number><kind>A</kind><date>20120228</date><lang>DE</lang></document-id><document-id mxw-id="PAPP173226915" load-source="docdb" format="original"><country>EP</country><doc-number>12712974.0</doc-number><date>20120228</date></document-id></application-reference><priority-claims><priority-claim mxw-id="PPC140553921" ucid="DE-102011001074-A" load-source="docdb"><document-id format="epo"><country>DE</country><doc-number>102011001074</doc-number><kind>A</kind><date>20110303</date></document-id></priority-claim><priority-claim mxw-id="PPC140554017" ucid="EP-2012053382-W" linkage-type="W" load-source="docdb"><document-id format="epo"><country>EP</country><doc-number>2012053382</doc-number><kind>W</kind><date>20120228</date></document-id></priority-claim></priority-claims><technical-data><classifications-ipcr><classification-ipcr mxw-id="PCL2122915279" load-source="docdb">H04Q   9/00        20060101ALI20140925BHEP        </classification-ipcr><classification-ipcr mxw-id="PCL2122915690" load-source="docdb">H04L  12/64        20060101ALI20140925BHEP        </classification-ipcr><classification-ipcr mxw-id="PCL2122919128" load-source="docdb">G01D   9/00        20060101AFI20140925BHEP        </classification-ipcr><classification-ipcr mxw-id="PCL2122921013" load-source="docdb">G01L  25/00        20060101ALI20140925BHEP        </classification-ipcr><classification-ipcr mxw-id="PCL2122922031" load-source="docdb">B25B  23/142       20060101ALI20140925BHEP        </classification-ipcr></classifications-ipcr><classifications-cpc><classification-cpc mxw-id="PCL-1623805839" load-source="docdb" scheme="CPC">H04Q2209/84        20130101 LA20180626BHEP        </classification-cpc><classification-cpc mxw-id="PCL-1623805840" load-source="docdb" scheme="CPC">H04Q   9/00        20130101 LI20180626BHEP        </classification-cpc><classification-cpc mxw-id="PCL-1623805841" load-source="docdb" scheme="CPC">H04L  12/6418      20130101 LI20180626BHEP        </classification-cpc><classification-cpc mxw-id="PCL-1623805842" load-source="docdb" scheme="CPC">G01L  25/003       20130101 LI20180626BHEP        </classification-cpc><classification-cpc mxw-id="PCL-1623805843" load-source="docdb" scheme="CPC">G01D   9/005       20130101 LI20180626BHEP        </classification-cpc><classification-cpc mxw-id="PCL-1623805844" load-source="docdb" scheme="CPC">B25B  23/1425      20130101 LI20180626BHEP        </classification-cpc><classification-cpc mxw-id="PCL2060960303" load-source="docdb" scheme="CPC">G01D   9/00        20130101 FI20140227BHEP        </classification-cpc></classifications-cpc><invention-title mxw-id="PT132364907" lang="DE" load-source="patent-office">SYSTEM ZUR VERARBEITUNG VON MESSDATEN- UND/ODER MESSPARAMETERDATEN</invention-title><invention-title mxw-id="PT132364908" lang="EN" load-source="patent-office">SYSTEM FOR PROCESSING MEASUREMENT DATA AND/OR MEASUREMENT PARAMETER DATA</invention-title><invention-title mxw-id="PT132364909" lang="FR" load-source="patent-office">SYSTÈME DE TRAITEMENT DE DONNÉES DE MESURE ET/OU DE DONNÉES DE PARAMÈTRES DE MESURE</invention-title></technical-data><parties><applicants><applicant mxw-id="PPAR919521785" load-source="docdb" sequence="1" format="epo"><addressbook><last-name>WILLE GMBH &amp; CO KG EDUARD</last-name><address><country>DE</country></address></addressbook></applicant><applicant mxw-id="PPAR919519019" load-source="docdb" sequence="1" format="intermediate"><addressbook><last-name>EDUARD WILLE GMBH &amp; CO KG</last-name></addressbook></applicant><applicant mxw-id="PPAR919017512" load-source="patent-office" sequence="1" format="original"><addressbook><last-name>Eduard Wille GmbH &amp; Co KG</last-name><iid>100115006</iid><address><street>Lindenallee 27</street><city>42349 Wuppertal</city><country>DE</country></address></addressbook></applicant></applicants><inventors><inventor mxw-id="PPAR919545616" load-source="docdb" sequence="1" format="epo"><addressbook><last-name>PAPE KLAUS</last-name><address><country>DE</country></address></addressbook></inventor><inventor mxw-id="PPAR919532677" load-source="docdb" sequence="1" format="intermediate"><addressbook><last-name>PAPE, KLAUS</last-name></addressbook></inventor><inventor mxw-id="PPAR919014909" load-source="patent-office" sequence="1" format="original"><addressbook><last-name>PAPE, KLAUS</last-name><address><street>Talsperrenstraße 66E</street><city>42369 Wuppertal</city><country>DE</country></address></addressbook></inventor><inventor mxw-id="PPAR919522997" load-source="docdb" sequence="2" format="epo"><addressbook><last-name>WAIND DAVID</last-name><address><country>DE</country></address></addressbook></inventor><inventor mxw-id="PPAR919515692" load-source="docdb" sequence="2" format="intermediate"><addressbook><last-name>WAIND, DAVID</last-name></addressbook></inventor><inventor mxw-id="PPAR919019176" load-source="patent-office" sequence="2" format="original"><addressbook><last-name>WAIND, DAVID</last-name><address><street>Kölner Straße 64</street><city>51503 Rösrath</city><country>DE</country></address></addressbook></inventor><inventor mxw-id="PPAR919516068" load-source="docdb" sequence="3" format="epo"><addressbook><last-name>BUTANOWITZ HORST</last-name><address><country>DE</country></address></addressbook></inventor><inventor mxw-id="PPAR919508358" load-source="docdb" sequence="3" format="intermediate"><addressbook><last-name>BUTANOWITZ, HORST</last-name></addressbook></inventor><inventor mxw-id="PPAR919007941" load-source="patent-office" sequence="3" format="original"><addressbook><last-name>BUTANOWITZ, HORST</last-name><address><street>Pastoratsbenden 14</street><city>47906 Kempen</city><country>DE</country></address></addressbook></inventor><inventor mxw-id="PPAR919519496" load-source="docdb" sequence="4" format="epo"><addressbook><last-name>BACKHAUS MICHAEL</last-name><address><country>DE</country></address></addressbook></inventor><inventor mxw-id="PPAR919506352" load-source="docdb" sequence="4" format="intermediate"><addressbook><last-name>BACKHAUS, MICHAEL</last-name></addressbook></inventor><inventor mxw-id="PPAR919019202" load-source="patent-office" sequence="4" format="original"><addressbook><last-name>BACKHAUS, MICHAEL</last-name><address><street>Bövinghauser Dorfstraße 150</street><city>44388 Dortmund</city><country>DE</country></address></addressbook></inventor></inventors><agents><agent mxw-id="PPAR919010927" load-source="patent-office" sequence="1" format="original"><addressbook><last-name>Richter, Werdermann, Gerbaulet &amp; Hofmann</last-name><iid>100060280</iid><address><street>Patentanwälte Neuer Wall 10</street><city>20354 Hamburg</city><country>DE</country></address></addressbook></agent></agents></parties><international-convention-data><pct-or-regional-filing-data ucid="EP-2012053382-W"><document-id><country>EP</country><doc-number>2012053382</doc-number><kind>W</kind><date>20120228</date><lang>DE</lang></document-id></pct-or-regional-filing-data><pct-or-regional-publishing-data ucid="WO-2012116998-A1"><document-id><country>WO</country><doc-number>2012116998</doc-number><kind>A1</kind><date>20120907</date><lang>DE</lang></document-id></pct-or-regional-publishing-data><designated-states><ep-contracting-states><country mxw-id="DS549916401" load-source="docdb">AL</country><country mxw-id="DS549858987" load-source="docdb">AT</country><country mxw-id="DS549846027" load-source="docdb">BE</country><country mxw-id="DS549775822" load-source="docdb">BG</country><country mxw-id="DS549764775" load-source="docdb">CH</country><country mxw-id="DS549846028" load-source="docdb">CY</country><country mxw-id="DS549858988" load-source="docdb">CZ</country><country mxw-id="DS549916402" load-source="docdb">DE</country><country mxw-id="DS549846029" load-source="docdb">DK</country><country mxw-id="DS549846034" load-source="docdb">EE</country><country mxw-id="DS549764409" load-source="docdb">ES</country><country mxw-id="DS549775823" load-source="docdb">FI</country><country mxw-id="DS549764776" load-source="docdb">FR</country><country mxw-id="DS549916403" load-source="docdb">GB</country><country mxw-id="DS549846035" load-source="docdb">GR</country><country mxw-id="DS549916404" load-source="docdb">HR</country><country mxw-id="DS549858989" load-source="docdb">HU</country><country mxw-id="DS549764781" load-source="docdb">IE</country><country mxw-id="DS549846036" load-source="docdb">IS</country><country mxw-id="DS549775824" load-source="docdb">IT</country><country mxw-id="DS549846037" load-source="docdb">LI</country><country mxw-id="DS549775837" load-source="docdb">LT</country><country mxw-id="DS549844708" load-source="docdb">LU</country><country mxw-id="DS549775838" load-source="docdb">LV</country><country mxw-id="DS549775839" load-source="docdb">MC</country><country mxw-id="DS549844709" load-source="docdb">MK</country><country mxw-id="DS549844714" load-source="docdb">MT</country><country mxw-id="DS549764410" load-source="docdb">NL</country><country mxw-id="DS549843925" load-source="docdb">NO</country><country mxw-id="DS549764411" load-source="docdb">PL</country><country mxw-id="DS549844715" load-source="docdb">PT</country><country mxw-id="DS549764782" load-source="docdb">RO</country><country mxw-id="DS549844716" load-source="docdb">RS</country><country mxw-id="DS549764412" load-source="docdb">SE</country><country mxw-id="DS549858994" load-source="docdb">SI</country><country mxw-id="DS549843930" load-source="docdb">SK</country><country mxw-id="DS549843931" load-source="docdb">SM</country><country mxw-id="DS549775840" load-source="docdb">TR</country></ep-contracting-states></designated-states></international-convention-data><office-specific-data><eptags><ep-no-a-document-published>*</ep-no-a-document-published></eptags></office-specific-data></bibliographic-data><abstract mxw-id="PA99836275" ref-ucid="WO-2012116998-A1" lang="DE" load-source="patent-office"><p num="0000">Ein System (100) zur Verarbeitung von Messdaten- und/oder Messparameterdaten, die aus einem kalibrierbaren Werkzeug ausgelesen werden, ist gekennzeichnet durch eine Datenumwandlungsvorrichtung (11) bzw. Protokollumwandlungsvorrichtung, die einerseits über eine Schnittstelle mit einem Werkzeug (10) verbindbar ist, um Messdaten aus dem Werkzeug (10) auszulesen, und die andererseits über dieselbe Schnittstelle oder über eine weitere Schnittstelle mit einer Datenverarbeitungseinrichtung (12) verbindbar ist, wobei die Datenumwandlungsvorrichtung (11) eine Protokollumwandlung und/oder eine Prüfung der Messwerte vornimmt, so dass Messdaten aus verschiedenen Werkzeugen (10b, 10c, 10d) mit unterschiedlichen Schnittstellen und/oder Protokollen durch die Datenumwandlungsvorrichtung (11) lesbar sind, so dass das System den Einsatz von Werkzeugen mit unterschiedlichen Protokollen erlaubt.</p></abstract><abstract mxw-id="PA100332047" ref-ucid="WO-2012116998-A1" lang="DE" source="national office" load-source="docdb"><p>Ein System (100) zur Verarbeitung von Messdaten- und/oder Messparameterdaten, die aus einem kalibrierbaren Werkzeug ausgelesen werden, ist gekennzeichnet durch eine Datenumwandlungsvorrichtung (11) bzw. Protokollumwandlungsvorrichtung, die einerseits über eine Schnittstelle mit einem Werkzeug (10) verbindbar ist, um Messdaten aus dem Werkzeug (10) auszulesen, und die andererseits über dieselbe Schnittstelle oder über eine weitere Schnittstelle mit einer Datenverarbeitungseinrichtung (12) verbindbar ist, wobei die Datenumwandlungsvorrichtung (11) eine Protokollumwandlung und/oder eine Prüfung der Messwerte vornimmt, so dass Messdaten aus verschiedenen Werkzeugen (10b, 10c, 10d) mit unterschiedlichen Schnittstellen und/oder Protokollen durch die Datenumwandlungsvorrichtung (11) lesbar sind, so dass das System den Einsatz von Werkzeugen mit unterschiedlichen Protokollen erlaubt.</p></abstract><abstract mxw-id="PA99836276" ref-ucid="WO-2012116998-A1" lang="EN" load-source="patent-office"><p num="0000">The invention relates to a system (100) for processing measurement data and/or measurement parameter data which are read from a calibratable tool. The invention is characterized in that said system comprises a data conversion device (11) or protocol conversion device which, on the one hand, can be connected to a tool (10) via an interface in order to read the measurement data from the tool (10), and which, on the other hand, can be connected to a data processing device (12) via the same interface or an additional interface, wherein the data conversion device (11) performs a protocol conversion and/or a check of the measurement values so that measurement data from the different tools (10b, 10c, 10d) can be read with the aid of different interfaces and/or protocols by the data conversion device (11), the system thus allowing the use of tools with different protocols.</p></abstract><abstract mxw-id="PA100332048" ref-ucid="WO-2012116998-A1" lang="EN" source="national office" load-source="docdb"><p>The invention relates to a system (100) for processing measurement data and/or measurement parameter data which are read from a calibratable tool. The invention is characterized in that said system comprises a data conversion device (11) or protocol conversion device which, on the one hand, can be connected to a tool (10) via an interface in order to read the measurement data from the tool (10), and which, on the other hand, can be connected to a data processing device (12) via the same interface or an additional interface, wherein the data conversion device (11) performs a protocol conversion and/or a check of the measurement values so that measurement data from the different tools (10b, 10c, 10d) can be read with the aid of different interfaces and/or protocols by the data conversion device (11), the system thus allowing the use of tools with different protocols.</p></abstract><abstract mxw-id="PA99836277" ref-ucid="WO-2012116998-A1" lang="FR" load-source="patent-office"><p num="0000">Système (100) de traitement de données de mesure et/ou de données de paramètres de mesure lues à partir d'un outil étalonnable. L'invention est caractérisée en ce que le système comporte un dispositif de conversion de données (11) ou un dispositif de conversion de protocoles qui, d'une part, peut être mis en liaison avec un outil (10) par l'intermédiaire d'une interface pour lire des données de mesure de l'outil (10) et, d'autre part, peut être relié à un dispositif de traitement de données (12) par l'intermédiaire de la même interface ou d'une autre interface, le dispositif de conversion de données (11) exécutant une conversion de protocole et/ou une vérification des valeurs de mesure de sorte que des données de mesure provenant de différents outils (10b, 10c, 10d) puissent être lues au moyen de différentes interfaces et/ou protocoles par le dispositif de conversion de données (11), le système permettant ainsi l'utilisation d'outils avec différents protocoles.</p></abstract><abstract mxw-id="PA100332049" ref-ucid="WO-2012116998-A1" lang="FR" source="national office" load-source="docdb"><p>Système (100) de traitement de données de mesure et/ou de données de paramètres de mesure lues à partir d'un outil étalonnable. L'invention est caractérisée en ce que le système comporte un dispositif de conversion de données (11) ou un dispositif de conversion de protocoles qui, d'une part, peut être mis en liaison avec un outil (10) par l'intermédiaire d'une interface pour lire des données de mesure de l'outil (10) et, d'autre part, peut être relié à un dispositif de traitement de données (12) par l'intermédiaire de la même interface ou d'une autre interface, le dispositif de conversion de données (11) exécutant une conversion de protocole et/ou une vérification des valeurs de mesure de sorte que des données de mesure provenant de différents outils (10b, 10c, 10d) puissent être lues au moyen de différentes interfaces et/ou protocoles par le dispositif de conversion de données (11), le système permettant ainsi l'utilisation d'outils avec différents protocoles.</p></abstract><description mxw-id="PDES51233233" ref-ucid="WO-2012116998-A1" lang="DE" load-source="patent-office"><!-- EPO <DP n="3"/>--><p id="p0001" num="0001"> System zur Verarbeitung von Messdaten- und/oder Messparameterdaten </p><p id="p0002" num="0002">Beschreibung </p><p id="p0003" num="0003"> Technisches Gebiet </p><p id="p0004" num="0004"> Die Erfindung betrifft ein System nach dem Oberbegriff des Anspruches 1. </p><p id="p0005" num="0005"> Beim Auslesen von Daten aus verschiedenen Werkzeugen besteht das Problem, dass unterschiedliche Schnittstellen erforderlich sind. Ebenfalls können unterschiedliche Protokolle bei der Datenverbindung problematisch sein, so dass Systeme untereinander nicht kompatibel sind. </p><p id="p0006" num="0006"> Stand der Technik </p><p id="p0007" num="0007"> Aus der DE 198 54 062 Cl ist ein Verfahren und eine Vorrichtung zur Ermittlung der Vorspannkraft bei Schraubverbindungen bekannt. Diese wird in sicherheitsrelevanten Anlagen, wie in Kernkraftwerken eingesetzt, in denen eine genaue Einhaltung der Vorspannkraft und eine Protokollierung des Anziehvorgangs oftmals gewünscht ist. Hierfür wird ein kapazitiver Sensor eingesetzt, wobei die elektrische Verbindung des Sensors mit einer Messelektronik über einen Stecker realisiert wird. Ein Mikroprozessor-System ist mit einer Standard-PC- Schnittstelle für eine Übertragung der Messdaten an ein PC bzw. Laptop ausge- rüstet. </p><p id="p0008" num="0008"> In der DE 199 61 374 AI wird eine Vorrichtung zum Herstellen von Schraubverbindungen beschrieben. Diese umfasst eine Einrichtung zum Vorgeben eines Parameters der Schraubverbindung sowie eine Messeinrichtung zum Erfassen und Einhalten des Parameters. Weiterhin ist eine externe Datenverar- beitungs- und Datenspeichereinrichtung und eine Übertragungsstrecke zwischen der Vorrichtung und der Datenverarbeitungs- und Datenspeichereinrichtung vorhanden, wobei durch die Datenverarbeitungs- und Datenspeichereinrichtung der Parameter für die Schraubverbindung über die Übertragungsstrecke übermittelt wird. </p><p id="p0009" num="0009"> Darstellung der Erfindung: Aufgabe, Lösung, Vorteile </p><p id="p0010" num="0010"> Der Erfindung liegt die Aufgabe zugrunde, ein System zu schaffen, das den Einsatz von Werkzeugen mit unterschiedlichen Protokollen erlaubt. 
<!-- EPO <DP n="4"/>-->
 Diese Aufgabe wird durch ein System mit den kennzeichnenden Merkmalen des Anspruches 1 in Verbindung mit seinen Oberbegriffsmerkmalen erreicht. </p><p id="p0011" num="0011"> Das erfindungsgemäße System erlaubt die Ausführung eines Verfah- rens quasi eines„Werkzeugbenutzungsverfahrens" zum Sammeln, Verarbeiten und/oder Weiterleiten von Daten aus verschiedenen Werkzeugen mit unterschiedlichen Schnittstellen und Protokollen. Die Datenübertragung bzw. Daten- weiterleitung kann bidirektional erfolgen. Die Werkzeuge erzeugen Messwerte und/oder speichern diese im Werkzeug selbst. Außerdem können die Werkzeu- ge einem Kalibrierintervall unterliegen. Das Sammeln, Verarbeiten und/oder Weiterleiten (bidirektional) der Daten erfolgt über die Datenverarbeitungsvorrichtung. </p><p id="p0012" num="0012"> Die Erfindung kann auch als universeller Hub, Access Point oder Protokollwandler bezeichnet werden. Eingesetzt wird praktisch ein Gerät bzw. ein Zusatzgerät zur Protokollwandlung bzw. eine Prüfeinrichtung. </p><p id="p0013" num="0013"> Durch die Erfindung können Einstellfehler durch einen Anwender oder Übertragungsfehler durch eine Prüfung mittels der Prüfeinrichtung aufgedeckt werden. </p><p id="p0014" num="0014"> Außerdem können Messwerte und sonstige Daten automatisch doku- mentiert und weiter ausgewertet werden. Durch die erfindungsgemäße Automatisierung bzw. des erfindungsgemäßen elektronischen Produkts wird die Effizienz gesteigert. </p><p id="p0015" num="0015"> Ein weiterer Vorteil der Erfindung ist, dass Messfehler, eine Ermittlung der Messgenauigkeit und Messunsicherheitseinflüsse durch die Verwendung von Kalibrierdaten und direkt ermittelten Ergebnissen von Prüfungen am Einsatzort reduziert werden. Eine weitere Erhöhung des Schutzes ist möglich, wenn die Prüfung am Einsatzort vor und nach der Anwendung stattfindet und bewertet wird. </p><p id="p0016" num="0016"> Die Erfindung kann bei Vorrichtungen zur Ermittlung der Vorspann- kraft bei Schraubverbindungen eingesetzt werden. Insbesondere ist eine Verwendung in sicherheitsrelevanten Anlagen, insbesondere in Kernkraftwerken oder in der Luft- und Raumfahrt sehr vorteilhaft. Dort ist nämlich eine genaue Einhaltung der Vorspannkraft und eine Protokollierung des Anziehvorgangs ge- 
<!-- EPO <DP n="5"/>-->
 wünscht. Es können Mikroprozessor-Systeme mit einer Standard-PC- Schnittstelle für eine Übertragung der Messdaten an einem PC bzw. Laptop benutzt werden. </p><p id="p0017" num="0017"> Eine Messeinrichtung zum Erfassen und Einhalten eines Parameters kann im erfindungsgemäßen System eingesetzt werden. Das System kann eine externe Datenverarbeitungs- und Datenspeichereinrichtung und eine Übertragungsstrecke zwischen der Vorrichtung und der Datenverarbeitungs- und Datenspeichereinrichtung umfassen. </p><p id="p0018" num="0018"> Das erfindungsgemäße Gerät kann nach Prozessvorschriften vor sei- nem Einsatz zusätzlich mit einer Prüfeinrichtung überprüft werden. Zuvor werden die zuvor übermittelten Einstellungen und/oder Sollwerte erfasst und über die Datenverarbeitungseinrichtung geprüft und zurückgemeldet. Es kann geprüft werden, ob ein Anwender das Werkzeug korrekt eingestellt hat oder ob Werte korrekt elektronisch übernommen worden sind. </p><p id="p0019" num="0019"> Daten können umgewandelt und an die Datenverarbeitungseinrichtung weitergeleitet werden. Diese dokumentiert und wertet diese Daten aus und trifft Entscheidungen über weitere Maßnahmen und/oder Prozessschritte auf Basis der vorliegenden Daten. Die Datenverarbeitungseinrichtung gibt dann eine Meldung an die relevanten Anwender zurück. </p><p id="p0020" num="0020"> Das erfindungsgemäße Gerät kann Kalibriervorschriften unterliegen.</p><p id="p0021" num="0021">Weitere vorteilhafte Ausgestaltungen der Erfindung sind in den Unteransprüchen gekennzeichnet. </p><p id="p0022" num="0022"> In einer vorteilhaften Weiterbildung des erfindungsgemäßen Systems ist vorgesehen, dass die Datenverarbeitungseinrichtung mit einer Datenbank und/oder weiteren Datenverarbeitungseinrichtungen insbesondere verbunden ist. Dadurch kann eine zentrale Datenbank, die beispielsweise über das Internet zugänglich ist, geschaffen werden, so dass eine zentrale Überwachung möglich ist. </p><p id="p0023" num="0023"> Damit die Daten in einfacher und bequemer Weise ausgelesen werden können, werden in einer bevorzugten Ausführungsform der Erfindung die in die Datenumwandlungsvorrichtung eingelesenen Messdaten des Werkzeugs durch einen Hub, z.B. USB-Hub, ausgelesen. Alternativ kann diese Übertragung per Funk, z.B. Bluetooth oder W-LAN erfolgen. Es können also Daten des Gerätes an 
<!-- EPO <DP n="6"/>-->
 den HUB leitungsgeführt und/oder per Funk kontinuierlich und/oder diskontinuierlich während bzw. nach Abschluss des Einsatzes übertragen werden. Weiterhin können mehrere Geräte zeitgleich Daten bereitstellen, beispielsweise durch mehrere Anwender. </p><p id="p0024" num="0024"> Die Daten aus dem Einsatz des Werkzeuges liegen im HUB vor.</p><p id="p0025" num="0025">Um Übertragungsfehler zu vermeiden bzw. aufzudecken, ist es sehr vorteilhaft, dass Messdaten in der Datenverarbeitungsvorrichtung geprüft werden. Dadurch können z.B. Schraubverbindungen mit zu geringem Drehmoment und eine unsichere Funktion vermieden werden. </p><p id="p0026" num="0026"> Die Daten können also vor der Verwendung, z.B. einer Schraubverbindung, auf Übereinstimmung überprüft werden. Hierzu werden die Daten z.B. durch den Hub ausgelesen und in der Datenverarbeitungseinrichtung geprüft. Die Datenverarbeitungseinrichtung kann an den Anwender nach einer vorteilhaften Ausführungsform der Erfindung den Gerätestatus melden. Der Gerä- testatus kann ein Zustand wie Bereitschaft, gesperrt und/oder OK oder nicht OK sein. Der Gerätestatus wird an den Anwender zurückgemeldet, so dass dieser die Anlage zur Verwendung freigeben kann, wenn z.B. ein Status„OK" gemeldet worden ist. </p><p id="p0027" num="0027"> Wesentlich ist, dass eine Prüfung des Werkzeugs bzw. von Einstellwer- ten des Werkzeugs mit einem Prüfgerät auf korrekte Einstellungen erfolgt, wobei eine Überprüfung durch die Datenverarbeitungseinrichtung (EDV) mit einer Rückmeldung an den Anwender bzw. an das Fachpersonal stattfindet. </p><p id="p0028" num="0028"> In einer vorteilhaften Weiterbildung des erfindungsgemäßen Systems ist vorgesehen, dass die Datenumwandlungsvorrichtung Einstellungen und/oder Sollwerte erfasst, wobei die Einstellungen und/oder Sollwerte durch die Datenverarbeitungseinrichtung geprüft werden. Durch diese zusätzliche Prüfung werden Übertragungsfehler entdeckt. </p><p id="p0029" num="0029"> Zweckmäßigerweise erfolgt ein Datenabgleich von Kalibrierungsdaten durch die Datenverarbeitungseinrichtung. Die Datenverarbeitungseinrichtung kann dann die Daten der letzten Kalibrierung mit den Daten der Prüfung abgleichen und über eine Verwendung entscheiden und diese rückmeiden. Dadurch ist eine erweiterte Qualitätsüberprüfung möglich. 
<!-- EPO <DP n="7"/>-->
 Besonders günstig ist es, dass die Datenumwandlungsvorrichtung Sollwerte, Messwerte, Zeitstempel, Identifikationsdaten und/oder Bewertungen erzeugt und/oder speichert. Die Erfassung dieser Daten ist im Zusammenhang von sicherheitsrelevanten Bereichen wichtig. </p><p id="p0030" num="0030"> Bei einer weiteren vorteilhaften Ausführung der Erfindung sind die</p><p id="p0031" num="0031">Messdaten Drehmomente von Schraubverbindungen. Die zu verwendenden Daten, wie beispielsweise Schraubfallparameter können (in Abhängigkeit der Ausführung des erfindungsgemäßen Gerätes) entweder direkt an das erfindungsgemäße Gerät übermittelt werden und/oder auf einem Display für den Anwender dargestellt werden. </p><p id="p0032" num="0032"> Eine besonders bevorzugte Weiterbildung der Erfindung zeichnet sich dadurch aus, dass ein Werkzeug zum Herstellen einer Schraubverbindung vorhanden ist, der die Messdaten erzeugt, insbesondere ein Drehmomentschlüssel. Mit der Erfindung können falsche Schraubparameter vermieden werden. </p><p id="p0033" num="0033"> Das erfindungsgemäße System wird insbesondere zur Überwachung der Benutzung eines Werkzeuges eingesetzt. Durch dieses Verfahren ist nachkontrollierbar, wer welches Werkzeug benutzt hat und ob das Werkzeug kalibriert wurde. Auch kann festgestellt werden, ob sich das Werkzeug in einem richtigen Kalibrierzustand befindet und ob die Handhabung des Werkzeuges bei- spielsweise bei einem Schraubvorgang zutreffend durchgeführt wurde. </p><p id="p0034" num="0034"> Kurze Beschreibung der Zeichnung </p><p id="p0035" num="0035"> Ein Ausführungsbeispiel wird anhand der Zeichnung näher erläutert, wobei weitere vorteilhafte Weiterbildungen der Erfindung und Vorteile derselben beschrieben sind. </p><p id="p0036" num="0036"> Bester Weg zur Ausführung der Erfindung </p><p id="p0037" num="0037"> Die Fig. 1 zeigt ein erfindungsgemäßes System 100. Dieses dient zur Verarbeitung von Messdaten- und/oder Messparameterdaten, die aus einem kalibrierbaren Werkzeug 10 ausgelesen werden. Das Werkzeug 10 ist ein Werkzeug zum Herstellen einer Schraubverbindung, der die Drehmoment-Messdaten erzeugt. Insbesondere ist das Werkzeug 10 ein Drehmomentschlüssel. Die Messdaten sind also Drehmomente von Schraubverbindungen. </p><p id="p0038" num="0038"> Das System 100 umfasst eine Datenumwandlungsvorrichtung 11 bzw. Protokollumwandlungsvorrichtung. Diese ist einerseits über eine Schnittstelle 
<!-- EPO <DP n="8"/>-->
 mit dem Werkzeug 10 datenmäßig verbunden. Dadurch können die Messdaten aus dem Werkzeug 10 ausgelesen werden. Über eine weitere Schnittstelle ist die Datenumwandlungsvorrichtung 11 mit einer Datenverarbeitungseinrichtung 12 datenmäßig verbunden. Die Datenumwandlungsvorrichtung 11 ist quasi ein Zusatzgerät. </p><p id="p0039" num="0039"> Die Datenumwandlungsvorrichtung 11 kann eine Protokollumwandlung und/oder eine Prüfung der Messwerte vornehmen, so dass Messdaten aus verschiedenen Werkzeugen 10b, 10c, lOd mit unterschiedlichen Schnittstellen und/oder Protokollen durch die Datenumwandlungsvorrichtung 11 lesbar sind. </p><p id="p0040" num="0040"> Die Datenverarbeitungseinrichtung 12 ist mit einer Datenbank 13 und/oder weiteren Datenverarbeitungseinrichtungen, insbesondere bidirektional, verbunden, wie die Figur veranschaulicht. </p><p id="p0041" num="0041"> Die in die Datenumwandlungsvorrichtung 11 eingelesenen Messdaten des Werkzeugs 10 bzw. lOb-d können durch einen Hub, z.B. USB-Hub, oder per Funk ausgelesen werden. Die Messdaten werden in der Datenverarbeitungseinrichtung 12 geprüft, wobei dann die Datenverarbeitungseinrichtung ein Gerätestatus wie OK oder nicht OK meldet. Außerdem erfasst die Datenumwandlungsvorrichtung 11 Einstellungen und/oder Sollwerte. Die Einstellungen und/oder Sollwerte werden anschließend durch die Datenverarbeitungseinrich- tung 12 geprüft. Zudem erfolgt ein Datenabgleich von Kalibrierungsdaten durch die Datenverarbeitungseinrichtung 12. Die Datenumwandlungsvorrichtung 11 kann Sollwerte, Messwerte, Zeitstempel, Identifikationsdaten und/oder Bewertungen erzeugen und/oder speichern. </p><p id="p0042" num="0042"> Die Erfindung ist nicht auf Drehmomentschlüssel beschränkt. Es kön- nen auch andere Werkzeuge an die Datenumwandlungsvorrichtung 11 angeschlossen werden. </p><p id="p0043" num="0043"> Ein Werkzeug kann grundsätzlich jedes kalibrierpflichtige Werkzeug sein, dazu gehören insbesondere Drehmomentschlüssel, Drehmomentschraubendreher (hand- oder maschinenbetätigt) sowie Drehmomentsensoren als Prüfling oder als eine Referenz für die Kalibriereinrichtung. </p><p id="p0044" num="0044"> Die Erfindung kann auch auf andere Verfahren angewendet werden, beispielsweise Ultraschallverfahren oder andere zerstörungsfreie Prüfvorgänge. 
<!-- EPO <DP n="9"/>-->
 Bezugszeichenliste 100 System </p><p id="p0045" num="0045">10 Werkzeug </p><p id="p0046" num="0046"> 11 Datenumwandlungsvorrichtung</p><p id="p0047" num="0047">12 Datenverarbeitungseinrichtung</p><p id="p0048" num="0048">13 Datenbank 
</p></description><claims mxw-id="PCLM44852405" ref-ucid="WO-2012116998-A1" lang="DE" load-source="patent-office"><claim-statement><!-- EPO <DP n="10"/>-->Patentansprüche </claim-statement><claim id="clm-0001" num="1"><claim-text>1. System (100) zur Verarbeitung von Messdaten- und/oder Messpa- rameterdaten, die aus einem kalibrierbaren Werkzeug ausgelesen werden, gekennzeichnet durch eine Datenumwandlungsvorrichtung (11) bzw. Protokollumwandlungsvorrichtung, die einerseits über eine Schnittstelle mit einem Werkzeug (10) verbindbar ist, um Messdaten aus dem Werkzeug (10) auszulesen, und die andererseits über dieselbe Schnittstelle oder über eine weitere Schnittstelle mit einer Datenverarbeitungseinrichtung (12) verbindbar ist, wobei die Datenumwandlungsvorrichtung (11) eine Protokollumwandlung und/oder eine Prüfung der Messwerte vornimmt, so dass Messdaten aus verschiedenen Werkzeugen (10b, 10c, lOd) mit unterschiedlichen Schnittstellen und/oder Protokollen durch die Datenumwandlungsvorrichtung (11) lesbar sind. </claim-text></claim><claim id="clm-0002" num="2"><claim-text>2. System nach Anspruch 1, dadurch gekennzeichnet, dass die Datenverarbeitungseinrichtung (12) mit einer Datenbank (13) und/oder weiteren Datenverarbeitungseinrichtungen, insbesondere bidirektional, verbunden ist. </claim-text></claim><claim id="clm-0003" num="3"><claim-text>3. System nach Anspruch 1 oder 2, dadurch gekennzeichnet, dass die in die Datenumwandlungsvorrichtung (11) eingelesenen Messdaten des Werkzeugs (10) durch einen Hub oder per Funk ausgelesen werden. </claim-text></claim><claim id="clm-0004" num="4"><claim-text> 4. System nach einem der vorhergehenden Ansprüche, dadurch gekennzeichnet, dass Messdaten in der Datenverarbeitungseinrichtung (12) ge- prüft werden. </claim-text></claim><claim id="clm-0005" num="5"><claim-text>5. System nach einem der vorhergehenden Ansprüche, dadurch gekennzeichnet, dass die Datenverarbeitungseinrichtung (12) einen Gerätestatus meldet. </claim-text></claim><claim id="clm-0006" num="6"><claim-text>6. System nach einem der vorhergehenden Ansprüche, dadurch gekennzeichnet, dass ein Datenabgleich von Kalibrierungsdaten durch die Datenverarbeitungseinrichtung (12) erfolgt. <!-- EPO <DP n="11"/>--> </claim-text></claim><claim id="clm-0007" num="7"><claim-text>7. System nach einem der vorhergehenden Ansprüche, dadurch gekennzeichnet, dass die Datenumwandlungsvorrichtung (11) Einstellungen und/oder Sollwerte erfasst, wobei die Einstellungen und/oder Sollwerte durch die Datenverarbeitungseinrichtung (12) geprüft werden. </claim-text></claim><claim id="clm-0008" num="8"><claim-text>8. System nach einem der vorhergehenden Ansprüche, dadurch gekennzeichnet, dass eine Prüfung des Werkzeugs (10) bzw. von Einstellwerten des Werkzeugs (10) mit einem Prüfgerät auf korrekte Einstellungen erfolgt, wo- bei eine Überprüfung durch die Datenverarbeitungseinrichtung (12) mit einer Rückmeldung stattfindet. </claim-text></claim><claim id="clm-0009" num="9"><claim-text>9. System nach einem der vorhergehenden Ansprüche, dadurch gekennzeichnet, dass die Datenumwandlungsvorrichtung (11) Sollwerte, Messwer- te, Zeitstempel, Identifikationsdaten und/oder Bewertungen erzeugt und/oder speichert. </claim-text></claim><claim id="clm-0010" num="10"><claim-text>10. System nach einem der vorhergehenden Ansprüche, dadurch gekennzeichnet, dass die Messdaten Drehmomente von Schraubverbindungen sind. </claim-text></claim><claim id="clm-0011" num="11"><claim-text>11. System nach einem der vorhergehenden Ansprüche, gekennzeichnet durch ein Werkzeug (10) zum Herstellen einer Schraubverbindung, der die Messdaten erzeugt, insbesondere einen Drehmomentschlüssel. </claim-text></claim><claim id="clm-0012" num="12"><claim-text>12. Verfahren zur Überwachung der Benutzung eines Werkzeuges mit einem System nach einem der vorhergehenden Ansprüche. </claim-text></claim></claims><copyright>User acknowledges that Fairview Research LLC and its third party providers retain all right, title and interest in and to this xml under applicable copyright laws.  User acquires no ownership rights to this xml including but not limited to its format.  User hereby accepts the terms and conditions of the Licence Agreement</copyright></patent-document>
