<?xml version="1.0" encoding="UTF-8"?>
<patent-document ucid="EP-2678377-A1" country="EP" doc-number="2678377" kind="A1" date="20140101" family-id="45757407" file-reference-id="318301" date-produced="20180826" status="corrected" lang="EN"><bibliographic-data><publication-reference fvid="146551690" ucid="EP-2678377-A1"><document-id><country>EP</country><doc-number>2678377</doc-number><kind>A1</kind><date>20140101</date><lang>EN</lang></document-id></publication-reference><application-reference ucid="EP-12705836-A" is-representative="NO"><document-id mxw-id="PAPP154825613" load-source="docdb" format="epo"><country>EP</country><doc-number>12705836</doc-number><kind>A</kind><date>20120216</date><lang>EN</lang></document-id><document-id mxw-id="PAPP220438451" load-source="docdb" format="original"><country>EP</country><doc-number>12705836.0</doc-number><date>20120216</date></document-id></application-reference><priority-claims><priority-claim mxw-id="PPC140445100" ucid="EP-2012052714-W" linkage-type="W" load-source="docdb"><document-id format="epo"><country>EP</country><doc-number>2012052714</doc-number><kind>W</kind><date>20120216</date></document-id></priority-claim><priority-claim mxw-id="PPC140446702" ucid="US-201113032883-A" load-source="docdb"><document-id format="epo"><country>US</country><doc-number>201113032883</doc-number><kind>A</kind><date>20110223</date></document-id></priority-claim></priority-claims><technical-data><classifications-ipcr><classification-ipcr mxw-id="PCL2093535484" load-source="docdb">C08G  77/46        20060101AFI20140630BHEP        </classification-ipcr><classification-ipcr mxw-id="PCL2093536537" load-source="docdb">C08L  83/12        20060101ALI20140630BHEP        </classification-ipcr></classifications-ipcr><classifications-cpc><classification-cpc mxw-id="PCL1988099608" load-source="docdb" scheme="CPC">A61Q  19/00        20130101 LI20130503BHEP        </classification-cpc><classification-cpc mxw-id="PCL1988110976" load-source="docdb" scheme="CPC">C08G  77/46        20130101 FI20130817BHEP        </classification-cpc><classification-cpc mxw-id="PCL1988112975" load-source="docdb" scheme="CPC">C08G  77/80        20130101 LA20130817BHEP        </classification-cpc><classification-cpc mxw-id="PCL1988117399" load-source="docdb" scheme="CPC">C08L  83/12        20130101 LI20130817BHEP        </classification-cpc><classification-cpc mxw-id="PCL1988120904" load-source="docdb" scheme="CPC">A61K   8/894       20130101 LI20130101BHEP        </classification-cpc></classifications-cpc><invention-title mxw-id="PT132187554" lang="DE" load-source="patent-office">AMPHIPHILE ORGANOPOLYSILOXANE MIT HOHEM BRECHUNGSINDEX</invention-title><invention-title mxw-id="PT132187555" lang="EN" load-source="patent-office">AMPHIPHILIC HIGH REFRACTIVE INDEX ORGANOPOLYSILOXANES</invention-title><invention-title mxw-id="PT132187556" lang="FR" load-source="patent-office">ORGANOPOLYSILOXANES AMPHIPHILES À INDICE DE RÉFRACTION ÉLEVÉ</invention-title><citations><non-patent-citations><nplcit><text>See references of WO 2012113714A1</text><sources><source mxw-id="PNPL67452097" load-source="docdb" name="SEA"/></sources></nplcit></non-patent-citations></citations></technical-data><parties><applicants><applicant mxw-id="PPAR918138546" load-source="docdb" sequence="1" format="epo"><addressbook><last-name>WACKER CHEMIE AG</last-name><address><country>DE</country></address></addressbook></applicant><applicant mxw-id="PPAR918166184" load-source="docdb" sequence="1" format="intermediate"><addressbook><last-name>WACKER CHEMIE AG</last-name></addressbook></applicant><applicant mxw-id="PPAR918990183" load-source="patent-office" sequence="1" format="original"><addressbook><last-name>Wacker Chemie AG</last-name><iid>101145032</iid><address><street>Hanns-Seidel-Platz 4</street><city>81737 München</city><country>DE</country></address></addressbook></applicant></applicants><inventors><inventor mxw-id="PPAR918145773" load-source="docdb" sequence="1" format="epo"><addressbook><last-name>ROY AROOP KUMAR</last-name><address><country>US</country></address></addressbook></inventor><inventor mxw-id="PPAR918168208" load-source="docdb" sequence="1" format="intermediate"><addressbook><last-name>ROY, AROOP KUMAR</last-name></addressbook></inventor><inventor mxw-id="PPAR918993837" load-source="patent-office" sequence="1" format="original"><addressbook><last-name>ROY, AROOP KUMAR</last-name><address><street>20, Gladstone Circle</street><city>Mechanicville NY 12118</city><country>US</country></address></addressbook></inventor><inventor mxw-id="PPAR918147298" load-source="docdb" sequence="2" format="epo"><addressbook><last-name>COFFEY MICHAEL</last-name><address><country>US</country></address></addressbook></inventor><inventor mxw-id="PPAR918131903" load-source="docdb" sequence="2" format="intermediate"><addressbook><last-name>COFFEY, MICHAEL</last-name></addressbook></inventor><inventor mxw-id="PPAR918990507" load-source="patent-office" sequence="2" format="original"><addressbook><last-name>COFFEY, MICHAEL</last-name><address><street>685 Budlong</street><city>Adrian, Michigan 49221</city><country>US</country></address></addressbook></inventor></inventors><agents><agent mxw-id="PPAR918991858" load-source="patent-office" sequence="1" format="original"><addressbook><last-name>Mieskes, Klaus Theoderich</last-name><suffix>et al</suffix><iid>101074818</iid><address><street>Wacker Chemie AG Intellectual Property Hanns-Seidel-Platz 4</street><city>81737 München</city><country>DE</country></address></addressbook></agent></agents></parties><international-convention-data><pct-or-regional-filing-data ucid="EP-2012052714-W"><document-id><country>EP</country><doc-number>2012052714</doc-number><kind>W</kind><date>20120216</date><lang>EN</lang></document-id></pct-or-regional-filing-data><pct-or-regional-publishing-data ucid="WO-2012113714-A1"><document-id><country>WO</country><doc-number>2012113714</doc-number><kind>A1</kind><date>20120830</date><lang>EN</lang></document-id></pct-or-regional-publishing-data><designated-states><ep-contracting-states><country mxw-id="DS548841288" load-source="docdb">AL</country><country mxw-id="DS548937921" load-source="docdb">AT</country><country mxw-id="DS548841289" load-source="docdb">BE</country><country mxw-id="DS548869175" load-source="docdb">BG</country><country mxw-id="DS548947120" load-source="docdb">CH</country><country mxw-id="DS548935072" load-source="docdb">CY</country><country mxw-id="DS548937922" load-source="docdb">CZ</country><country mxw-id="DS548939249" load-source="docdb">DE</country><country mxw-id="DS548841290" load-source="docdb">DK</country><country mxw-id="DS548935073" load-source="docdb">EE</country><country mxw-id="DS548923492" load-source="docdb">ES</country><country mxw-id="DS548869176" load-source="docdb">FI</country><country mxw-id="DS548869177" load-source="docdb">FR</country><country mxw-id="DS548939250" load-source="docdb">GB</country><country mxw-id="DS548841291" load-source="docdb">GR</country><country mxw-id="DS548939251" load-source="docdb">HR</country><country mxw-id="DS548935078" load-source="docdb">HU</country><country mxw-id="DS548947121" load-source="docdb">IE</country><country mxw-id="DS548841292" load-source="docdb">IS</country><country mxw-id="DS548869178" load-source="docdb">IT</country><country mxw-id="DS548841293" load-source="docdb">LI</country><country mxw-id="DS548939252" load-source="docdb">LT</country><country mxw-id="DS548937923" load-source="docdb">LU</country><country mxw-id="DS548939253" load-source="docdb">LV</country><country mxw-id="DS548939254" load-source="docdb">MC</country><country mxw-id="DS548937924" load-source="docdb">MK</country><country mxw-id="DS548937925" load-source="docdb">MT</country><country mxw-id="DS548937926" load-source="docdb">NL</country><country mxw-id="DS548935079" load-source="docdb">NO</country><country mxw-id="DS548937927" load-source="docdb">PL</country><country mxw-id="DS548841294" load-source="docdb">PT</country><country mxw-id="DS548937928" load-source="docdb">RO</country><country mxw-id="DS548841295" load-source="docdb">RS</country><country mxw-id="DS548937929" load-source="docdb">SE</country><country mxw-id="DS548939255" load-source="docdb">SI</country><country mxw-id="DS548935080" load-source="docdb">SK</country><country mxw-id="DS548935081" load-source="docdb">SM</country><country mxw-id="DS548923493" load-source="docdb">TR</country></ep-contracting-states></designated-states></international-convention-data><office-specific-data><eptags><ep-no-a-document-published>*</ep-no-a-document-published></eptags></office-specific-data></bibliographic-data><abstract mxw-id="PA99626583" ref-ucid="WO-2012113714-A1" lang="EN" load-source="patent-office"><p num="0000">Amphiphilic silicons which are dispersible or self-dispersing in water, have a high refractive index, and are prepared by a hydrosilylation reaction, resulting in products which are free of cyclic organopolysiloxanes. The high refractive index and dispersibility make the amphiphilic silicones useful in personal care and cosmetics where high shine or gloss is desired.</p></abstract><abstract mxw-id="PA99825102" ref-ucid="WO-2012113714-A1" lang="EN" source="national office" load-source="docdb"><p>Amphiphilic silicons which are dispersible or self-dispersing in water, have a high refractive index, and are prepared by a hydrosilylation reaction, resulting in products which are free of cyclic organopolysiloxanes. The high refractive index and dispersibility make the amphiphilic silicones useful in personal care and cosmetics where high shine or gloss is desired.</p></abstract><abstract mxw-id="PA99626584" ref-ucid="WO-2012113714-A1" lang="FR" load-source="patent-office"><p num="0000">L'invention concerne des silicones amphiphiles qui sont dispersibles ou auto-dispersibles dans l'eau, possèdent un indice de réfraction élevé et sont préparées par une réaction d'hydrosilylation, résultant en des produits qui sont exempts d'organopolysiloxanes cycliques. L'indice de réfraction élevé et la dispersibilité rendent les silicones amphiphiles utiles dans les produits d'hygiène personnelle et cosmétiques lorsqu'une brillance élevée est souhaitée.</p></abstract><abstract mxw-id="PA99825103" ref-ucid="WO-2012113714-A1" lang="FR" source="national office" load-source="docdb"><p>L'invention concerne des silicones amphiphiles qui sont dispersibles ou auto-dispersibles dans l'eau, possèdent un indice de réfraction élevé et sont préparées par une réaction d'hydrosilylation, résultant en des produits qui sont exempts d'organopolysiloxanes cycliques. L'indice de réfraction élevé et la dispersibilité rendent les silicones amphiphiles utiles dans les produits d'hygiène personnelle et cosmétiques lorsqu'une brillance élevée est souhaitée.</p></abstract><description mxw-id="PDES50931655" ref-ucid="WO-2012113714-A1" lang="EN" load-source="patent-office"><!-- EPO <DP n="2"/>--><p id="p0001" num="0001"> Amphophilic High Refractive Index Organopolysiloxanes </p><p id="p0002" num="0002">The present invention pertains to amphiphilic </p><p id="p0003" num="0003">organopolysiloxanes having a high refractive index, which readily emulsify or self -emulsify in aqueous preparations to form micro- or macro-emulsions, are free of cyclic </p><p id="p0004" num="0004">organopolysiloxanes, and bear arylalkyl, long chain alkyl, and hydrophilic groups along the polymer chain. Polydimethylsilicones , optionally functionalized, have long been used in a variety of applications including cosmetics and personal care products such as shampoos and conditioners. </p><p id="p0005" num="0005">Unfortunately, such silicones suffer from a relatively low refractive index. In the personal care sector especially, there is an increasing emphasis on high gloss in hair care products. Such products also have uses in cleaning products such as waxes and polishes. </p><p id="p0006" num="0006">Personal care consumer products such as shampoos, conditioners, skin care formulations and color cosmetics articles often derive high or higher aesthetic and commercial value from the shine and/or gloss benefits that they impart. Ingredients with a refractive index (=RI) of greater than about 1.44 can lead to distinct/discernible shine/gloss perception on keratinous and skin surfaces. Aryl (=Ar) substituents in both small molecules and polymers are a preferred way to raise the RI of ingredients used for shine in personal care formulations . High-RI arylated silicones (both homo- and copolymers with dimethylsiloxane) containing either Ar-Si moieties or aralkyl substitution on silicon are widely known in the literature and the personal care industry, although molecules with the Ar-Si unit are most commonly used in personal care, particularly, ingredients such as phenyl trimethicone (INCI nomenclature) and sold in the market, e.g., as Dow Corning<sup>®</sup> 556 Fluid. 
<!-- EPO <DP n="3"/>-->
 Arylalkylsilicones of high refractive index are known from U.S. 5,384,383, and are prepared by hydrolytic condensation of 2- phenylpropylmethyldichlorosilanes . However, the preparation leads to high quantities of cyclic products which may be environmentally or toxicologically suspect. A comparative preparation by hydrosilylation of a-methylstyrene is taught by U.S. Patent No. 5,384,383 to be deficient in that the product has a strong odor of a-methylstyrene. </p><p id="p0007" num="0007">It is of note that the above arylated and arylalkylated </p><p id="p0008" num="0008">silicones are primarily used in the oil phase of the </p><p id="p0009" num="0009">formulation due to their compatibility with common formulation ingredients such as natural oils, synthetic esters and </p><p id="p0010" num="0010">hydrocarbons . The trend toward water-based formulations and especially clear, water-based formulations in personal care is steadily increasing, following the desire of the consumer to use more "natural" and "organic" products. There is, therefore, a distinct need to provide the benefit of shine/gloss via aryl- containing siloxanes that are compatible with or readily compatibilized in polar formulation media, particularly water, without significantly compromising oil compatibility. Such amphiphilic and versatile, arylalkyl containing silicones of general utility have not been available commercially. U.S. 6,133,370 discloses the preparation of silicones which contain both arylalkyl moieties and polyether moieties. </p><p id="p0011" num="0011">However, the preparation methods enabled by the '370 patent all involve either a cohydrolytic condensation of appropriately substituted chlorosilanes or the use of an equilibration reaction, and thus the products all contain a significant proportion of suspect cyclic compounds. Only the introduction of the polyether moieties is achieved by hydrosilylation. In the process of the '370 patent, it is exceptionally difficult to remove arylalkylated cyclic species from the reaction product. There is no indication that the products of the 370 
<!-- EPO <DP n="4"/>-->
patent are capable of either self-emulsification in water or micro-emulsion formation, nor would they be expected to be. </p><p id="p0012" num="0012">Applicants have surprisingly and unexpectedly discovered that organopolysiloxanes with high refractive index which are free of cyclic organopolysiloxanes can be prepared in a one pot synthesis by hydrosilylation of an arylalkene, an ethylenically unsaturated polyether, and a long chain alkene, by reaction with a Si-H functional organopolysiloxane , with no </p><p id="p0013" num="0013">equilibration or hydrolytic condensation being necessary. The resulting ter (or higher) olymers are dispersible in aqueous formulations to provide macro- or micro-emulsions, and are preferably self-emulsifying . They also, surprisingly, have no strong odor of arylalkenes . </p><p id="p0014" num="0014">The organopolysiloxanes of the present invention contain arylalkylsiloxy moieties, siloxy moieties bearing at least one long chain alkyl group, siloxy moieties bearing a hydrophilic group, optionally lower dialkylsiloxy moieties, and are prepared by hydrosilylation, not by cohydrolysis or </p><p id="p0015" num="0015">equilibration. Thus, they contain no objectionable quantity of cyclic organopolysiloxanes . </p><p id="p0016" num="0016">The organopolysiloxanes of the present invention generally correspond to the structural formula (I) : </p><p id="p0017" num="0017">R<sub>3</sub>SiO (R^SiO),, (R<sup>1</sup>JSiO)<sub>x</sub> (R'KSiO<sub>y</sub> (R^LSiO^ SiR<sub>3</sub> (I) wherein each R, independently of each other, is a C<sub>1-30</sub> </p><p id="p0018" num="0018">hydrocarbon group, preferably an alkyl, cycloalkyl, aryl, arylalkyl, or alkaryl group having 1 to 30 carbon atoms, and in the case of R containing aryl groups, containing at least 5 ring atoms, in addition to which the aryl rings of the aryl, alkaryl, or arylalkyl group may also contain heteroatoms selected from the group of oxygen, sulfur, nitrogen, and 
<!-- EPO <DP n="5"/>-->
 phosphorus, or R may be another organic group or inorganic group which is substantially unreactive in hydrosilylation reactions or will not inhibit hydrosilylation, for example a hydroxyl group, acyloxy group, or alkoxy group, the alcohol moiety of the alkoxy group containing preferably from 1 to 4 carbon atoms, most preferably a methoxy or ethoxy group, or R is an L group. R is preferably a Ci-<sub>6</sub> alkyl group, phenyl, phenylethyl, 2 -phenylpropyl , or naphthylethyl group, and most preferably for reasons of economy, a methyl group. </p><p id="p0019" num="0019">R<sup>1</sup> each independently may be a Ci-<sub>30</sub> hydrocarbon group, </p><p id="p0020" num="0020">preferably an alkyl group, a cycloalkyl group, aryl group, arylalkyl group, or alkaryl group, wherein the aryl groups may contain heteroatoms as for R, more preferably a Ci_<sub>4</sub> alkyl group, a phenyl group, or oxyalkyl group and most preferably a methyl group. R<sup>1</sup> may also be hydrogen, as a result of excess Si-H bound hydrogen in the H-siloxane reactant, or as a result of incomplete reaction. The group J is an arylalkyl moiety which is the residue of a compound able to be attached to the organopolysiloxane backbone by a hydrosilylation reaction. J is preferably phenylethyl, 2- phenylpropyl , 3 -phenylbutyl , or naphthylethyl. Most </p><p id="p0021" num="0021">preferably, J is 2 -phenylpropyl . It is preferred that the R<sup>1</sup> moiety in the R<sup>1</sup>JSiO siloxy units is methyl or phenyl, and the R<sup>1</sup>JSiO siloxy units are preferably substituted such that the starting organohydrogen-polysiloxane does not need to contain any substantial quantities of H<sub>2</sub>SiO groups, or siloxy groups bearing both Si-H bound hydrogen and an organic group other than methyl or phenyl, which would increase expense. In the preferred polymers, in the R<sup>1</sup>JSiO siloxy groups, R<sup>1</sup> is phenyl or C<sub>1-4</sub> alkyl, preferably methyl. Groups J preferably have 8-30 carbon atoms, more preferably 9-13 carbon atoms. 
<!-- EPO <DP n="6"/>-->
 K is a long chain alkyl group having at least 6 carbon atoms, preferably at least 8 carbon atoms, and preferably not more than 45 carbon atoms, more preferably not more than 30 carbon atoms. K is preferably a C<sub>8</sub> to C<sub>20</sub> alkyl group, more preferably a C<sub>8</sub> to Ci8 alkyl group. The K groups are derived from </p><p id="p0022" num="0022">hydrosilylation of the appropriate alkene, such as 1-octene, 1- dodecene, 1-octadecene, etc. As with the ^JSiO siloxy units, in the ^KSiO siloxy units, it is preferred that R<sup>1</sup> is methyl or phenyl . </p><p id="p0023" num="0023">The group L is a hydrophilic species, which, in conjunction with the hydrophobic species J, K, and when present, R or R<sup>1</sup> species which are aryl, cycloalkyl, arylalkyl, or alkaryl, confer amphiphilic properties, in particular ready emulsifying properties and/or self-emulsifying properties. In the </p><p id="p0024" num="0024">amphiphilic silicones L may be independently selected from Si- C-bonded polyoxyalkylene polyethers having the formula (II) </p><p id="p0025" num="0025">-R<sup>a</sup>-0- (R<sup>b</sup>O) c-X (II) wherein R<sup>a</sup> is an alkylene or alkenylene radical which is Si-C bonded, R<sup>b</sup> is a divalent hydrocarbon radical, and X is a terminal group which does not interfere with hydrosilylation, and c is such that the polyoxyalkylene polyether has a </p><p id="p0026" num="0026">molecular weight of from 300-6000; </p><p id="p0027" num="0027">a polyhydroxy compound of the formula (III) </p><p id="p0028" num="0028">-R<sup>a</sup>-0- (glyceryl or polyglyceryl) (III) ; a saccharidyl group of the formula (IV) </p><p id="p0029" num="0029"> -R<sup>a</sup>-0- (monosaccharide or polysaccharide) (IV) ; and a polyvinylalcohol homopolymer or copolymer of the formula (V) </p><p id="p0030" num="0030"> -R<sup>a</sup>- (polyvinylalcohol homo or copolymer) (V) . 
<!-- EPO <DP n="7"/>-->
 The groups L are, independently of one another, hydrophilic species which contain a plurality of hydroxyl groups or are polyether groups, or mixtures thereof. L are bonded through an alkylene or alkylenyl group derived from hydrosilylation of an alkenyl or alkynyl group bonded to the hydrophilic moiety of the L group, and are preferably selected from polyoxyalkylene polyethers terminated on one end with a hydrosilylatable group, preferably a vinyl or allyl group, and terminated on the other end by alkyl, aryl, alkaryl, aralkyl, hydroxyl, alkoxy, </p><p id="p0031" num="0031">carboxy, or other groups such as sulfate ester, phosphate ester, or other terminating groups which do not interfere with a hydrosilylation reaction. L may also contain a glyceryl or polyglyceryl species, a monosaccaridyl or polysaccharidyl species or polyvinylalcohol species, for example. The groups L are groups derived from hydrosilylation of an unsaturated compound containing the hydrophilic moiety. </p><p id="p0032" num="0032">For example, and by preference, the L group may be an </p><p id="p0033" num="0033">alkylpolyether moiety -R<sup>2</sup>-0 (CH<sub>2</sub>CH<sub>2</sub>) <sub>p</sub> - (C<sub>3</sub>H<sub>6</sub>0)<sub>q</sub> (C<sub>n</sub>H<sub>n+2</sub>0)<sub>r</sub> - R<sup>b</sup> wherein R<sup>2</sup> is a C<sub>2</sub>-C<sub>20</sub> divalent hydrocarbon group, n is 4-10, and</p><p id="p0034" num="0034">R<sup>b</sup> is preferably a C-^ g hydrocarbon, more preferably an alkyl, cycloalkyl, aryl, arylalkyl, or alkaryl group or a hydroxyl or acyl group, and most preferably a hydroxyl, methyl, butyl, or acetyl group. To be hydrophilic, the p and q groups must dominate, preferably the p groups. The variables p and q have values in the range of 0-30, preferably 0-20 but at least one p, q, or r group must be present. Most preferably, r is less than 4 and preferably 0, q is less than or equal to about 20 (on average) . The sum of p+q+r must be about 6 or higher, and the molecular weight of L preferably ranges from about 300 to about 6000. The p, q, and r units may be present randomly distributed, as homopolymeric blocks, as heteric blocks, or in any desired distribution. If homopolymeric oxypropylene or oxy (higher alkylene) blocks are employed, such blocks cannot be so long as to confer hydrophobicity rather than hydrophilicity 
<!-- EPO <DP n="8"/>-->
 or a combination of hydrophilicity and oleophilicity . For example, it is relatively well known that polyoxypropylene homopolymer polyethers with molecular weights above 400-500 Daltons are oily and hydrophobic, whereas low molecular weight analogues such as propylene glycol, dipropylene glycol, and tripropylene glycol are quite hydrophilic . In the case of higher polyoxyalkylenes such as polybutylene glycol, e.g., polytetramethylene glycol, the higher carbon to oxygen ratio renders such oligoethers and polyethers hydrophobic at yet lower molecular weights. Thus, homopolyoxyethylene glycol and copoly (oxyethylene/oxypropylene) glycols , </p><p id="p0035" num="0035">copoly (oxyethylene/oxybutylene) glycols, or </p><p id="p0036" num="0036">terpoly (oxyethylene/oxy-propylene/oxybutylene) glycols are preferred. Again, it is the ready dispersibility of the product which is of paramount importance. This dispersibility is easily assessed, as indicated subsequently. The use of block copolyethers or block/heteric copolyethers derived from ethylene oxide and propylene oxide may be particularly useful, as these groups are known not only to be hydrophilic, but also to provide emulsification (i.e. surface-active) properties. </p><p id="p0037" num="0037">L may also contain a glyceryl or other highly hydroxyl group- containing species such as a derivative of pentaerythritol, polyglycerine, a saccharide or polysaccharide, or the like. Glycosyl species are particularly preferred. Species such as glycerine, polyglycols, polyglycerols , oligo and </p><p id="p0038" num="0038">polysaccharides, and polyvinyl alcohol, all hydrophilic species, may be derivatized by conventional techniques in organic chemistry to generate a derivative having at least one and preferably substantially only one ethylenically (or ethylynically) unsaturated, hydrosilylatable group. Thus, for example, vinyl groups, allyl groups, acrylato or methacrylato groups may be present in these derivatives . In the case of the polyethers, the polyethers may be synthesized by oxyalkylation of allyl alcohol or another unsaturated alcohol. In the case 
<!-- EPO <DP n="9"/>-->
 of hydroxyl-functional hydrophilic groups such as glyceryl, polyglyceryl , saccharidyl, or polyvinyl alcohol, the base substances can be etherified or esterified with unsaturated groups, or reacted with unsaturated isocyanates or the like, to introduce the necessary ethylenic or ethylynic unsaturation . </p><p id="p0039" num="0039">The polyvinylalcohol hydrophilic moieties may be homopolymeric or copolymeric . Polyvinylalcohols are generally prepared by hydrolysis of polyvinyl esters, predominately polyvinyl acetate, polyvinylpropionate , and mixed </p><p id="p0040" num="0040">polyvinyl (acetate/propionate) . The hydrolysis may be </p><p id="p0041" num="0041">substantially complete, i.e. from 95-99 mol percent or more complete, or may be partial. The greater the content of remaining ester groups, the less hydrophilic is the resulting polymer. The polyvinyl alcohols, whether completely hydrolyzed or not, may also be modified, for example by acetalization with aldehydes such as formaldehyde, acetaldehyde , propionaldehyde , or butyraldehyde . The higher the degree of acetalization, the less hydrophilic the copolymer. In addition, copolymer </p><p id="p0042" num="0042">polyvinyl alcohols may be prepared by hydrolyzing a mixed polyvinyl ester polymer such as a copolymer of ethylene and vinyl acetate. The more ethylene units are present, the less hydrophilic is the copolymer following hydrolysis. Other monomers which result in groups which do not interfere with a hydrosilylation reaction may also be present. Whether a particular group interferes with hydrosilylation can be </p><p id="p0043" num="0043">routinely determined by hydrosilylating the copolymer, bearing an unsaturated carbon-carbon bond as described previously, in a test hydrosilylation of this one component with an Si-H </p><p id="p0044" num="0044">functional organopolysiloxane . By choice of appropriate comonomers, derivatization (such as by acetalization), and by adjusting the degree of hydrolysis of vinyl ester groups, a wide range of hydrophilicity can be obtained. 
<!-- EPO <DP n="10"/>-->
The amphiphilic silicones of the invention may also contain chain extending groups and crosslinking or branching groups containing a silicon-carbon bonded hydrocarbon radical or hydrophilic group. The chain extending groups may be prepared, for example, by reaction of an H-siloxane containing SiH- functional terminal groups with a compound bearing two </p><p id="p0045" num="0045">hydrosilylatable unsaturated groups. Examples of such </p><p id="p0046" num="0046">compounds are divinylbenzene , α,ω-dienes, and α,ω-allyl- terminated polyoxyalkylene polyethers . Essentially, these bis- unsaturated groups correspond to the R, R<sup>1</sup>, J, K, and L groups discussed previously, but containing at least two sites of carbon-carbon unsaturation. </p><p id="p0047" num="0047">Thus, the preferred chain extending groups correspond to those of the formula 
<img id="imgf000010_0001" he="6" wi="133" file="imgf000010_0001.tif" img-format="tif" img-content="drawing" orientation="portrait" inline="no"/>
 where t is 0 - 100, preferably 0 - 50, more preferably 0 - 20, yet more preferably 0 - 5, and most preferably 0 - 3. </p><p id="p0048" num="0048"> Preferably, no chain extending groups are present, except as unavoidable linkages formed from impurities in the reactive components. R' is a hydrocarbon radical having 4 - 30 carbon atoms SiC bonded to both silicon atoms of the chain extending group, or a hydrophilic group SiC bonded to both silicon atoms through a C2-20 hydrocarbon linkage, preferably a C2-4 </p><p id="p0049" num="0049">hydrocarbon linkage. The R" units may also be defined as J<sup>"</sup> , K" , and L" groups, as may also be the R' groups of branching structures described above, these J", K" , and h" groups </p><p id="p0050" num="0050">corresponding to the definitions of the J, K, and L groups, but carrying an additional site of hydrosilylatable unsaturation. 
<!-- EPO <DP n="11"/>-->
The branching or crosslinking groups preferably are those the formula (VII) </p><p id="p0051" num="0051"><img id="imgf000011_0001" he="20" wi="90" file="imgf000011_0001.tif" img-format="tif" img-content="drawing" orientation="portrait" inline="no"/></p><p id="p0052" num="0052">where u is 0 - 100, preferably 0 - 50, more preferably 0 - 20, yet more preferably 0 - 5, and most preferably 0 - 3. In the branching groups, R" is a divalent branching moiety which links the branching unit via R" with at least one other siloxy group so as to form a branch in the organopolysiloxane at this point. The at least one other siloxy group may be the terminus of an organopolysiloxane chain, or may be a siloxy group within an organopolysiloxane chain. Thus, dendrimer and ladder like branched and crosslinked polymers may be formed. </p><p id="p0053" num="0053">The chain extension may be used to control the molecular weight, but it is difficult to do so without also increasing the amount of branching and crosslinking. The larger the amount of chain extension, the higher the molecular weight and viscosity. Increasing branching also in general leads to higher viscosities, while crosslinking can render the silicones swellable but insoluble in oil phases. Thus, both chain extension and branching/crosslinking can be used to tailor polymer properties. </p><p id="p0054" num="0054">The bis-hydrosilylatable compounds which ultimately form the R" groups of the chain extending and branching/crosslinking groups can be added at any time during preparation of the amphiphilic silicones of the invention. Unless added in very small </p><p id="p0055" num="0055">amounts, however, it is desirable that they be added toward the end of the synthesis, since branching and crosslinking may interfere with the ease of hydrosilylation or may cause </p><p id="p0056" num="0056">solubility problems. The R" group precursors may be added both at the beginning and toward the end of the reaction. When 
<!-- EPO <DP n="12"/>-->
 branching groups or chain extending groups are present, it is preferred that the R' groups be derived from bis (alkenyl or alkynyl) hydrophilic moieties. One such preferred moiety is an a, ω-bis (allyl) terminated polyoxyalkylene polyether, as </p><p id="p0057" num="0057">described earlier for the L groups of the amphiphilic silicone. </p><p id="p0058" num="0058">The preparation of such hydrosilylatable derivatives containing hydrophilic groups and hydrosilyatable carbon-carbon multiple unsaturation is known from conventional organic chemistry and well known to those skilled in the art. Preferably, L is an oxygen-containing, Si-C bonded hydrophilic group having a molecular weight of 100 Daltons or more. In a preferred embodiment, the inventive amphiphilic silicones are those which are preparable by reacting hydrosilylatable compounds which will supply the groups J, K, and L, with a polysiloxane whose internal repeating units are substantially dimethylsiloxy, methylhydrogensiloxy, and optionally but not preferably, dihydrogensiloxy units. The H-siloxane may or may not contain Si-H bound hydrogen in its terminal units as well. </p><p id="p0059" num="0059">Polysiloxanes containing methylphenylsiloxy, diphenylsiloxy, and phenylhydrogen siloxy groups in addition or in lieu of to the groups just mentioned are also preferred. The terminal groups are preferably trimethylsilyl groups, but any suitable terminal group which does not interfere with hydrosilation may be used, for example dimethylphenylsiloxy, </p><p id="p0060" num="0060">hydrogendimethylsiloxy, hydroxyldimethylsiloxy, etc. Such Si- H-containing siloxanes, sometimes termed "H-siloxanes" are readily available commercially, or can be synthesized by methods well known in organosilicon chemistry. For reasons or economy, the H-siloxanes are preferably </p><p id="p0061" num="0061">poly (methylhydrogensiloxy/dimethylsiloxy) silicones with trimethylsilyl termination, for example those of the formula </p><p id="p0062" num="0062">A- [OSiMeJ <sub>d</sub> [OSiHMe] <sub>e</sub> O-A 
<!-- EPO <DP n="13"/>-->
where A independently is HMe<sub>2</sub>Si or Me<sub>3</sub>Si, and </p><p id="p0063" num="0063">where e is preferably equal to the sum of x, y, and z, and the sum of d and e is such that the desired molecular weight and/or chain length is obtained. In other words, preferably </p><p id="p0064" num="0064">substantially all of the groups J, K. and L are bonded to the amphiphilic silicone by hydrosilylation with the H-siloxane. However, it is also possible that the H-siloxane may contain some of the groups J, K. and L already as R<sup>1</sup> groups, i.e. prior to hydrosilylation. For reasons of economy, this is not preferable. </p><p id="p0065" num="0065">The amphiphilic silicones of the subject invention are prepared through hydrosilylation of J, K . and L precursors, these precursors containing a hydrosilylatable carbon-carbon multiple bond. The hydrosilylation may be concerted, pseudoconcerted, or completely stepwise relative to the addition of reactants, but is preferably stepwise. The order of hydrosilylation is not critical, but it is preferred that the arylalkene be reacted first, followed by the alkene, and finally by the alkenyl-functional hydrophilic species. It has been found that when the alkene is reacted last, that significant isomerization may occur, requiring a higher amount of alkene. </p><p id="p0066" num="0066">The hydrosilylation catalyst may be any useful hydrosilylation catalyst. Most hydrosilylation catalysts are noble metals, or compounds or complexes of noble metals, e.g., rhodium, iridium, palladium or platinum, but platinum compounds are generally preferred due to their generally higher activity. For example, as hydrosilylation catalysts it is possible to use metals and their compounds, such as platinum, rhodium, </p><p id="p0067" num="0067">palladium, ruthenium, and iridium, preferably platinum and rhodium. The metals may optionally be fixed to finely divided support materials, such as activated carbon, metal oxides, such as aluminum oxide or silicon dioxide. Preference is given to 
<!-- EPO <DP n="14"/>-->
 using platinum and platinum compounds. Particular preference is given to those platinum compounds which are soluble in </p><p id="p0068" num="0068">polyorganosiloxanes . Soluble platinum compounds that can be used include, for example, the platinum-olefin complexes of the formulae (PtCl<sub>2</sub>. olefin) <sub>2</sub> and H (PtCl<sub>3</sub>. olefin) , preference being given in this context to the use of alkenes having 2 to 8 carbon atoms, such as ethylene, propylene, isomers of butene and of octene, or cycloalkenes having 5 to 7 carbon atoms, such as cyclopentene, cyclohexene, and cycloheptene . Other soluble platinum catalysts are the reaction products of </p><p id="p0069" num="0069">hexachloroplatinic acid with alcohols, ethers, and aldehydes or mixtures thereof, or the reaction product of hexachloroplatinic acid with methylvinylcyclotetrasiloxane in the presence of sodium bicarbonate in ethanolic solution. Platinum catalysts with phosphorus, sulfur, and amine ligands can be used as well, e.g., (Ph<sub>3</sub>P) <sub>2</sub>PtCl<sub>2</sub>. Particularly preferred are complexes of platinum with vinylsiloxanes , such as sym </p><p id="p0070" num="0070">divinyltetramethyldisiloxane . Other hydrosilylation catalysts are known from the patent and non-patent literature. </p><p id="p0071" num="0071">The hydrosilylation catalyst may be all initially present at the onset of the reaction, may be partially present initially with additional catalyst metered in or may be added </p><p id="p0072" num="0072">incrementally, preferably added incrementally corresponding to the addition steps of the various reactants . The amounts of catalyst are conventional, for example 1 to 5000 ppm relative to the final product weight and based on elemental noble metal, more preferably 10 to 500 ppm, and most preferably about 50-250 ppm. The amounts are easily adjusted by one skilled in the art, for example by observing the rate of reaction or by measuring unreacted starting materials. Selection of an appropriate amount of catalyst is well within the skill of the art . 
<!-- EPO <DP n="15"/>-->
 The hydrosilylation reaction may take place neat, or in organic solvent. Neat preparation is preferred. The temperature is conventional, and may range, for example, from 20 °C to 200°C, preferably 50 °C to 180 °C. Following the reaction, the product may be stripped of residual solvents and other volatiles by stripping under vacuum or with an inert gas such as nitrogen, or by use of conventional processing, for example by employing a falling film evaporator or wiped film evaporator. The convenient, one pot chemistry to prepare the products of this invention preferably involves sequential hydrosilation reactions with a poly (methylsiloxane) or a poly (methylsiloxane co dimethylsiloxane) using an aralkene, alkene, and typically a monoallyl ether of a polyalkyleneoxide and/or other polyhydroxy compound as the unsaturated substrates. Preferred </p><p id="p0073" num="0073">hydrosilation catalysts are platinum compounds or complexes, such as Speier's catalyst or Karstedt's catalyst or modified versions of these. The ratio w:x:y:z in formula I can be important with respect to producing a liquid or solid product vs. a gel like and </p><p id="p0074" num="0074">unprocessable material, depending on the hydrosiloxane used for the hydrosilation. For those skilled in the art, a more </p><p id="p0075" num="0075">desirable liquid product or a soft solid can be ensured via routine experimentation. In the amphiphilic silicones, w is 0 to 200, preferably 0 to 100, and more preferably 0 to 50; x is from 1-100, preferably 1 to 50, and more preferably 1 to 25; y is 1 to 50, preferably 1 to 25, and more preferably 1 to 10; and z is 1-50, preferably 1 to 25, and more preferably 1 to 10. </p><p id="p0076" num="0076">Silicone-in-water (Si/W) emulsions can be readily prepared with the compositions of this invention. Particularly, Si/W micro- emulsions of the internal silicone phase particle size of 30-55 nm were achievable using common and commercially available 
<!-- EPO <DP n="16"/>-->
 surfactants and mixtures of surfactants. Silicone content of these emulsions can be 15-20% w/w or higher. </p><p id="p0077" num="0077">Even more surprisingly, compositions of this invention were self-emulsifying in water at 15% w/w or higher, depending on the ratio w:x:y:z and the nature of the long-chain hydrocarbyl and polar polyoxyalkylene or polyhydroxy substituents , which can be determined through routine experimentation by one skilled in the art. </p><p id="p0078" num="0078">Of equal surprise was the ability to add the amphiphilic silicones of this invention directly at 2-5% w/w levels to multiple commercial, water-clear shampoos from several </p><p id="p0079" num="0079">manufacturers without producing any haze to the commercial formulations. Although thinning of these shampoos was observed, this can be addressed via multiple means by those skilled in the art. The same compatibility with the commercial shampoos was observed with micro emulsions produced from the amphiphilic silicones . </p><p id="p0080" num="0080">Bleached European hair swatches sprayed with a simple pump- spray formulation containing 2% amphiphilic silicone of this invention showed distinct gloss vs. an untreated hair swatch and one treated with the solvent alone. </p><p id="p0081" num="0081">Thus, the compositions of this invention offer a new class of shine/gloss-enhancing amphiphilic silicones that have not been previously available. As such, these are suitable for use in oil or water-based hair care, skin care, and color cosmetics formulations, such as shampoos, conditioners, hair shine sprays, pomades, mousses, gels, creams, skin care lotions and creams, moisturizers, bath oils, body washes, soaps, after shave products, lipsticks, lip colors, lip glosses, eyeshadows, mascaras, eyeliners, blushes, foundations and other facial make ups, pressed powders and various make up removers, either as 
<!-- EPO <DP n="17"/>-->
 straight fluids or in emulsion form. They are also suitable for use in waxes, polishes, tire glosses and other uses. </p><p id="p0082" num="0082">An advantage of the amphiphilic silicones of the invention and their preparation process is that they are substantially free of low molecular weight cyclosiloxanes , and these in fact are generally undetectable. A further advantage is that the products do not have the strong odor of arylalkanes such as styrene or a-methylstyrene, despite the use of hydrosilylation to prepare the silicones. By "free of cyclics means that the content of volatile cyclics is less than 0.5 weight percent based on the total weight of the amphiphilic silicone. More preferably, the cyclics content is less than 0.1 weight percent and yet more preferably less than 0.05 weight percent. Most preferably no volatile cyclosiloxanes are detectable by <sup>1</sup>H-NMR or <sup>9</sup>Si-NMR. By "low molecular weight" is meant cyclosiloxanes which have a significant vapor pressure at 25 - 37°C, in particular cyclosiloxanes with 5 silicon atoms or less, such as cyclotrisiloxanes , cyclotetrasiloxanes , and cyclopentasiloxanes Low molecular weight linear species such as oligosiloxanes containing four silicon atoms or less are also preferably absent or at very low concentrations . </p><p id="p0083" num="0083">The invention will now be illustrated by examples, which are not to be construed as limiting the invention in any way. </p><p id="p0084" num="0084">General apparatus set up: </p><p id="p0085" num="0085">A 4 neck round-bottomed flask, equipped with various neck adapters and stopcock equipped bypass adapter and Teflon<sup>®</sup> PTFE neck-sleeves to accommodate a mechanical stirrer, thermocouple, addition funnel, water condenser, nitrogen gas inlet and outlet, and rubber septum was used for the hydrosilation . A heating mantle was used for heating the flask. An electronic thermostat was used in conjunction with the thermocouple to 
<!-- EPO <DP n="18"/>-->
 control heating of the flask and contents. The preparation was conducted under a mild flow of dry nitrogen gas. Upon </p><p id="p0086" num="0086">completion of reaction, the water condenser was by-passed or removed and any volatiles were removed under vacuum. The product was cooled to 40°C and filtered under air or nitrogen pressure using a 0.45-1 pm nylon or Teflon membrane filter with or without a pre filter. </p><p id="p0087" num="0087">Example 1 </p><p id="p0088" num="0088">The reaction flask was charged with a poly (methylsiloxane co dimethylsiloxane) [300g, H content 0.642% w/w] . The flask was heated to 80 °C, alpha-methylstyrene (AMS, 112.6 g) was charged to the addition funnel and approx. one- third of the AMS was added to the flask while raising the temperature of the flask contents to about 120-125 °C. At 125°C, a solution of </p><p id="p0089" num="0089">chloroplatinic acid in cyciohexanol (1% Pt w/w in the </p><p id="p0090" num="0090">cyclohexanol solution, 120 L) was added quickly to the </p><p id="p0091" num="0091">stirring (200-250 rpm) mixture in the flask via a syringe. A rapid exotherm ensued and AMS addition from the funnel was continued to keep the temperature in the range 140-160 °C from the heat of reaction. Upon completion of AMS addition, a further aliquot of Pt catalyst (120 L) was added and the mixture heated at 145 'C for 30 minutes. The temperature was then lowered to 125-130 °C, and 1-octene (54.5 g) was added slowly from the addition funnel to maintain the temperature below about 140°C. The mixture was heated for 30 minutes at 140 °C. The temperature was then set to 150 °C and </p><p id="p0092" num="0092">poly (ethyleneoxide) monoallyl ether, 10 mol EO, (249.5 g) addition was begun. A further aliquot of catalyst (120 μΙ_ ) was added following start of polyether addition, the temperature was raised to 155 °C halfway through the addition and the polyether addition was completed without allowing the </p><p id="p0093" num="0093">temperature to drop below about 150 °C. A fourth aliquot of catalyst (120 L) was added, the mixture heated for one hour, a half aliquot of catalyst (60 μΐι ) was added and the mixture 
<!-- EPO <DP n="19"/>-->
 heated for an additional hour, maintaining the temperature preferably in the range 150-155 °C throughout the 2 hour mixing. The reaction mixture was then stripped under vacuum (10-15 mm Hg) at about 155 °C to remove any residual volatile olefin. The off-white to straw yellow product was then filtered after cooling to 40 °C to yield a nearly colorless and transparent liquid. <sup>1</sup>H NMR analysis showed the expected product. GC MS analysis showed residual AMS content to be below 100 ppm. </p><p id="p0094" num="0094">Viscosity, 268 mPa.s. Refractive Index, 1.4615. Volatiles, 0.03% w/w. </p><p id="p0095" num="0095">Example 2 </p><p id="p0096" num="0096"> Using a procedure very similar to that of Example 1, a </p><p id="p0097" num="0097">poly (methylsiloxane-co-dimethylsiloxane) [58.5 g, 0.64% w/w H content] was allowed to react with AMS (21.8 g) , 1 octadecene (24.4 g) and allyl- terminated polyethyleneoxide , 10 mol EO (48.8 g) , in that order of addition. The addition temperature for octadecene addition was 145 °C and the Pt catalyst used was hexachloroplatinic acid in propylene glycol (0.5% w/w Pt, total catalyst volume 216 pL) . The crude product was stripped under vacuum at 20 mm Hg and 160 °C and filtered to yield a clear, nearly colorless liquid. NMR analysis showed the expected product. Viscosity, 290 mPa.s. Refractive Index, 1.4603. </p><p id="p0098" num="0098">Example 3 </p><p id="p0099" num="0099"> Using a procedure very similar to that of Example 1, a </p><p id="p0100" num="0100">poly (methylsiloxane-co-dimethylsiloxane) [83 g, 0.64% w/w H content] was allowed to react with AMS (15.6 g) , 1 octene (15.1 g) and monoallyl- terminated polyethyleneoxide, 10 mol EO (137.4 g) , in that order of addition. The start temperature for octene addition was 130 °C and the Pt catalyst used was </p><p id="p0101" num="0101">hexachloroplatinic acid in propylene glycol (0.5% w/w Pt, total catalyst solution volume 276 pL) . The crude product was stripped under vacuum at 18 mm Hg and 160-166 °C and filtered to yield a clear, nearly colorless liquid. NMR analysis showed 
<!-- EPO <DP n="20"/>-->
 the expected product. Viscosity, 757 mPa.s. Refractive Index, 1.4572. </p><p id="p0102" num="0102">Example 4 </p><p id="p0103" num="0103">Using a procedure very similar to that of Example 1, a </p><p id="p0104" num="0104">poly (methylsiloxane-co-dimethylsiloxane) [105 g, 0.656% w/w H content] was allowed to react with AMS (40.2 g) , 1 octene (19.5 g) and monoallyl-terminated poly (ethyleneoxide co </p><p id="p0105" num="0105">propyleneoxide) , 20 mol EO-20 mol PO (316.6 g) , in that order of addition. The start temperature for octene addition was 130 °C and the Pt catalyst used was chloroplatinic acid in </p><p id="p0106" num="0106">cyclohexanol (1% w/w Pt, total catalyst volume 194 pL) . The addition of the polyether was started at 155 "C, half was added at this temperature and half was added at 160 'C. Following completion of polyether addition, the mixture was stirred for two hours (at 160 °C in this example) as in Examples 1-3. The crude product was stripped under vacuum at 20 mm Hg and 160 <sup>°</sup>C and filtered (0.8 μιη Nylon membrane filter) to yield a clear, colorless liquid. NMR analysis showed the expected product. Viscosity, 410 mPa.s. Refractive Index, 1.4580. Volatiles, 0.03% w/w. </p><p id="p0107" num="0107">Example 5 </p><p id="p0108" num="0108"> Using a procedure very similar to that of Example 1, a </p><p id="p0109" num="0109">poly (methylsiloxane) [34.6 g, 1.6 w/w H content] was allowed to react with AMS (11.6 g) , 1 dodecene (58.3 g) and monoallyl- terminated polyethyleneoxide, 10 mol EO, (58.8 g) , in that order of addition. The start temperature for dodecene addition was 145 °C and the Pt catalyst used was a modified version of Karstedt's catalyst diluted 50% v/v with AMS (0.5% w/w Pt, total catalyst volume 365 pL) . The crude product was stripped under vacuum at 18 mm Hg and 160-168 'C and filtered to yield a slightly hazy, nearly colorless liquid. NMR analysis showed the expected product. Viscosity, 4100 mPa.s. Refractive </p><p id="p0110" num="0110">Index, 1.4629. 
<!-- EPO <DP n="21"/>-->
 Example 6 </p><p id="p0111" num="0111"> Using the product of Example 2, a silicone in water (Si/W) micro emulsion was prepared. Thus, into a beaker containing de ionized water (7.32 g) , were added with constant shearing, the surfactants Genapol X 100 (8.78 g) , Lutensol T05 (1.0 g) , Lutensol AT25 (1.0 g) in that order, followed by the silicone fluid (15 g) , glycerin (1.0 g) and water (65.9 g) . The wall of the beaker was scraped as needed to ensure complete </p><p id="p0112" num="0112">incorporation of the grease phase into the emulsion, and the temperature of the mixture was not allowed to rise above about 60 °C. The emulsion was filtered after cooling as needed. </p><p id="p0113" num="0113">This yielded a completely transparent micro emulsion of the silicone fluid. Particle size of internal silicone phase, 33 nm (Malvern, Z average) . </p><p id="p0114" num="0114">Example 7 </p><p id="p0115" num="0115"> Using a procedure identical to Example 6, a silicone fluid of the structure and composition of Example 1 yielded a </p><p id="p0116" num="0116">translucent micro emulsion. Particle size of internal phase, 55 nm (Malvern, Z average) . </p><p id="p0117" num="0117">Example 8 </p><p id="p0118" num="0118"> In a manner similar to Example 6, the silicone fluid of Example 7 yielded a macro emulsion using the composition: water - 7.32 g, Genapol X 100 - 11.18 g, Lutensol T05 - 1.3 g, Lutensol AT25 - 1.3 g, silicone fluid - 15 g, glycerin - 1.3 g, and water - 62.6 g. Particle size of internal phase, 87 nm (Malvern, Z average) . </p><p id="p0119" num="0119">Example 9 </p><p id="p0120" num="0120"> The silicone fluid of Example 3 readily self emulsified at 15% w/w in deionized water to a translucent emulsion. 
<!-- EPO <DP n="22"/>-->
 Example 10 </p><p id="p0121" num="0121"> The silicone fluid of Example 4 readily self emulsified at 10% w/w in de ionized water to a translucent emulsion. </p><p id="p0122" num="0122">Solubility of Wacker<sup>®</sup> TN (an alkyl-aralkyl silicone fluid) and compositions of present invention at 10% w/w at room </p><p id="p0123" num="0123"> temperature in various common personal care solvents . S - soluble, I = insoluble, SC = slightly cloudy. </p><p id="p0124" num="0124"><img id="imgf000022_0001" he="137" wi="158" file="imgf000022_0001.tif" img-format="tif" img-content="table" orientation="portrait" inline="yes"/></p><p id="p0125" num="0125">While embodiments of the invention have been illustrated and described, it is not intended that these embodiments illustrate 
<!-- EPO <DP n="23"/>-->
and describe all possible forms of the invention. Rather, the words used in the specification are words of description rather than limitation, and it is understood that various changes may<sup>¬</sup> be made without departing from the spirit and scope of the invention. 
</p></description><claims mxw-id="PCLM44727614" ref-ucid="WO-2012113714-A1" lang="EN" load-source="patent-office"><claim-statement><!-- EPO <DP n="24"/>-->Claims </claim-statement><claim id="clm-0001" num="1"><claim-text>1. Amphiphilic silicone compositions, comprising at least one amphiphilic silicone comprising groups of the formulae: </claim-text><claim-text>R<sub>3</sub>SiO, (R<sup>1</sup><sub>2</sub>SiO)<sub>w</sub>, (RSjSiO),,, (^KSiOj<sub>y</sub>, (R'LSiO),, and SiR<sub>3</sub> wherein </claim-text><claim-text> R is a group L or a C_<sub>30</sub> hydrocarbon group, one R of the R<sub>3</sub>SiO-or -SiR<sup>3</sup> group is optionally a hydroxyl group, and one or more R of the R<sub>3</sub>SiO- or -SiR<sup>3</sup> group is/are optionally a 0<sub>Χ</sub>.<sub>8</sub> alkoxy group; </claim-text><claim-text> R<sup>1</sup> is hydrogen or a C^<sub>30</sub> hydrocarbon group; </claim-text><claim-text> J is an arylalkyl group; </claim-text><claim-text> K is a long chain C<sub>6</sub>„<sub>45</sub> alkyl group; </claim-text><claim-text> L is an Si-C bonded, oxygen-containing hydrophilic group having a molecular weight greater than 100 Daltons; </claim-text><claim-text> w is from 0 to 200; </claim-text><claim-text> x is from 1-100; </claim-text><claim-text> y is from 1 to 50; and </claim-text><claim-text> z is from 1 to 50, </claim-text><claim-text>with the proviso that the amphiphilic silicones may contain less than 5 mol percent, based on the total mols of w,x,y, and z, of RSi0<sub>3/2</sub> groups and Si0<sub>4/2</sub> groups which form branching sites, and wherein the amphiphilic silicone has a refractive index greater than 1.42, with the further proviso that the </claim-text><claim-text>amphiphilic silicones are emulsifyable in water, and are </claim-text><claim-text>substantially free of low molecular weight cyclosiloxanes . </claim-text></claim><claim id="clm-0002" num="2"><claim-text>2. The amphiphilic silicone of claim 1, wherein R is </claim-text><claim-text>independently selected from the group consisting of methyl, ethyl, C<sub>x</sub>_<sub>4</sub> alkoxy, hydroxyl, and phenyl. <!-- EPO <DP n="25"/>--> </claim-text></claim><claim id="clm-0003" num="3"><claim-text>3. The amphiphilic silicone of claim 1, wherein R<sup>1</sup> are methyl or phenyl . </claim-text></claim><claim id="clm-0004" num="4"><claim-text>4. The amphiphilic silicone of claim 1, wherein J is selected from the group consisting of 2 -phenylethyl , 2 -phenylpropyl , 3- phenylbutyl, 2 -naphthylethyl , and mixtures thereof. </claim-text></claim><claim id="clm-0005" num="5"><claim-text>5. The amphiphilic silicone of claim 1, wherein K is a C<sub>8</sub>_<sub>2</sub>6 alkyl group . </claim-text></claim><claim id="clm-0006" num="6"><claim-text>6. The amphiphilic silicone of claim 1, wherein L is </claim-text><claim-text>independently selected from the group consisting of Si-C-bonded polyoxyalkylene polyethers having the formula (II) -R<sup>a</sup>-0- (R<sup>b</sup>O)<sub>c</sub>-X (II) wherein </claim-text><claim-text> R<sup>a</sup> is an alkylene or alkynylene radical which is Si-C bonded, </claim-text><claim-text> R<sup>b</sup> is a divalent hydrocarbon radical, and X is a terminal group which does not interfere with hydrosilylation, and the polyoxyalkylene polyether has a molecular weight of from 300- 6000; </claim-text><claim-text>a polyhydroxy compound of the formula </claim-text><claim-text>-R<sup>a</sup>-0- (glyceryl or polyglyceryl) ; a saccharidyl group of the formula </claim-text><claim-text> -R<sup>a</sup>-0- (monosaccharide or polysaccharide) ; </claim-text><claim-text>and a polyvinylalcohol homopolymer or copolymer of the formula </claim-text><claim-text> -R<sup>a</sup>- (polyvinylalcohol homo or copolymer) . </claim-text></claim><claim id="clm-0007" num="7"><claim-text>7. The amphiphilic silicone of claim 6, wherein at least one group L is selected from the group consisting of hydrophilic alkylene-bonded polyoxyalkylene polyethers containing <!-- EPO <DP n="26"/>--> oxyethylene repeating groups and optionally oxypropylene repeating units. </claim-text></claim><claim id="clm-0008" num="8"><claim-text>8. The amphiphilic silicone of claim 7, wherein R and R<sup>1</sup> are methyl or phenyl, with the proviso that R<sup>1</sup> is also optionally silicon-bonded hydrogen in an amount of less than 10 mol percent based on the mols of w,x,y, and z repeating units. </claim-text></claim><claim id="clm-0009" num="9"><claim-text>9. The amphiphilic silicone of claim 1 which is self- dispersible in water. </claim-text></claim><claim id="clm-0010" num="10"><claim-text>10. The amphiphilic silicone composition of claim 1, which is in the form of an aqueous dispersion. </claim-text></claim><claim id="clm-0011" num="11"><claim-text>11. The amphiphilic silicone composition of claim 1, which is in the form of a silicone- in-water micro-emulsion. </claim-text></claim><claim id="clm-0012" num="12"><claim-text>The amphiphilic silicone of claim 1, wherein </claim-text><claim-text> w is from 3 to 200, </claim-text><claim-text> x is from 5 to 100, </claim-text><claim-text> is 5-40, and </claim-text><claim-text> z is 3-20. </claim-text></claim><claim id="clm-0013" num="13"><claim-text>13. The amphiphilic silicone composition of claim 1, wherein the amphiphilic silicone further comprises at least one group of the formulae <img id="imgf000026_0001" he="6" wi="133" file="imgf000026_0001.tif" img-format="tif" img-content="drawing" orientation="portrait" inline="no"/> </claim-text><claim-text>or </claim-text><claim-text>(VI I )</claim-text><claim-text><img id="imgf000026_0002" he="20" wi="21" file="imgf000026_0002.tif" img-format="tif" img-content="drawing" orientation="portrait" inline="no"/><!-- EPO <DP n="27"/>--> where R' is an Si-C bonded divalent hydrocarbon radical having from 4 to 30 carbon atoms, or hydrophilic group SiC bonded through a C<sub>2</sub>-<sub>2</sub>o hydrocarbon linkage. </claim-text></claim><claim id="clm-0014" num="14"><claim-text>14. A process for the preparation of an amphiphilic silicone composition of claim 1, comprising reacting an Si-H containing organopolysiloxanes of the formula </claim-text><claim-text>R<sub>3</sub>_<sub>c</sub>H<sub>c</sub>Si-0- (R<sup>x</sup><sub>2</sub>SiO) i- (R'HSiO) - (H<sub>2</sub>SiO)<sub>k</sub>-Si R<sub>3</sub>_<sub>C</sub>H<sub>C</sub> wherein c is 1 or 2 , </claim-text><claim-text>in a hydrosilylation reaction, wherein i, j, and k are such that following hydrosilylation a product of the formula (I) is obtained; </claim-text><claim-text> with hydrosilylatable reactants comprising </claim-text><claim-text> (a) at least one arylalkene; </claim-text><claim-text> (b) at least one long chain alkene having 6 to 45 carbon atoms ; and </claim-text><claim-text> (c) at least one oxygen-containing hydrophilic group having a molecular weight greater than 100 Daltons and bearing at least one hydrosilylatable hydrocarbon group, </claim-text><claim-text>the reaction of the Si-H containing organopolysiloxanes and hydrosilylatable compounds (a) , (b) , and (c) taking place together or in any order, neat or in the presence of an organic solvent, and in the presence of at least one hydrosilylation catalyst to form an amphiphilic silicone of formula (I) . </claim-text></claim><claim id="clm-0015" num="15"><claim-text>15. The process of claim 14, wherein (a), (b) , and (c) are reacted in at least two steps, a first step including (a) . </claim-text></claim><claim id="clm-0016" num="16"><claim-text>16. The process of claim 14, wherein each of (a), (b) , and (c) are added stepwise. </claim-text></claim><claim id="clm-0017" num="17"><claim-text>17. The process of claim 16, wherein the order of the stepwise additions is (a) , then (b) , then (c) . <!-- EPO <DP n="28"/>--> </claim-text></claim><claim id="clm-0018" num="18"><claim-text>18. The process of claim 14, wherein the Si-H-containing organopolysiloxane is an organopolysiloxane containing </claim-text><claim-text>methylhydrogensiloxy units, phenylhydrogensiloxy units, or mixtures thereof, and optionally dihydrogensiloxy units. </claim-text></claim><claim id="clm-0019" num="19"><claim-text>19. The process of claim 18, wherein the Si-H-containing organopolysiloxane further contains dimethylsiloxy groups, diphenylsiloxy groups, phenylmethylsiloxy groups, or mixtures thereof, and has at least one -SiR<sub>3</sub> group selected from the group consisting of trimethylsilyl, dimethylhydrogensilyl, and hydroxydimethylsilyl . </claim-text></claim><claim id="clm-0020" num="20"><claim-text>20. The process of claim 14, wherein the at least one </claim-text><claim-text>arylalkene (a) is selected from the group consisting of styrene, a-methylstyrene, and vinylnaphthalene . </claim-text></claim><claim id="clm-0021" num="21"><claim-text>21. The process of claim 14, wherein the at least one long chain alkene (b) contains from 8 to 26 carbon atoms. </claim-text></claim><claim id="clm-0022" num="22"><claim-text>22. The process of claim 14, wherein the reactant (c) </claim-text><claim-text>comprises an alkenyl -group terminated polyoxyalkylene polyether selected from the group consisting of homopolyoxyethylene glycols, homopolyoxypropylene glycols, and copolymeric </claim-text><claim-text>poly (oxyethylene/oxypropylene) polyethers, the polyoxyalkylene polyethers also bearing a terminal group selected from Ci-30 alkyl, hydroxyl, and groups other than Ci-<sub>30</sub> alkyl and hydroxyl which do not interfere with hydrosilylation of the reactant (c) . </claim-text></claim><claim id="clm-0023" num="23"><claim-text>23. The process of claim 14, further comprising also reacting at least one of a hydrocarbon having 4 to 30 carbon atoms and two sites of ethylenic unsaturation or a hydrophilic group bearing two sites of ethylenic unsaturation. <!-- EPO <DP n="29"/>--> </claim-text></claim><claim id="clm-0024" num="24"><claim-text>24. The process of claim 14, further comprising admixing the amphiphilic silicone with ingredients of a personal care product . </claim-text></claim><claim id="clm-0025" num="25"><claim-text>25. The process of claim 24, wherein the personal care product is selected from the group consisting of hair shampoos, hair conditioners, hair shine sprays, hair pomades, hair mousses, hair gels, hair creams, skin care lotions and creams, lip stick, lip gloss, and other cosmetics for the face or eye area where shine/gloss is desired. </claim-text></claim></claims><copyright>User acknowledges that Fairview Research LLC and its third party providers retain all right, title and interest in and to this xml under applicable copyright laws.  User acquires no ownership rights to this xml including but not limited to its format.  User hereby accepts the terms and conditions of the Licence Agreement</copyright></patent-document>
