<?xml version="1.0" encoding="UTF-8"?>
<patent-document ucid="EP-2678196-A1" country="EP" doc-number="2678196" kind="A1" date="20140101" family-id="45757404" file-reference-id="318301" date-produced="20180826" status="corrected" lang="DE"><bibliographic-data><publication-reference fvid="146551352" ucid="EP-2678196-A1"><document-id><country>EP</country><doc-number>2678196</doc-number><kind>A1</kind><date>20140101</date><lang>DE</lang></document-id></publication-reference><application-reference ucid="EP-12705833-A" is-representative="NO"><document-id mxw-id="PAPP154825275" load-source="docdb" format="epo"><country>EP</country><doc-number>12705833</doc-number><kind>A</kind><date>20120216</date><lang>DE</lang></document-id><document-id mxw-id="PAPP220438385" load-source="docdb" format="original"><country>EP</country><doc-number>12705833.7</doc-number><date>20120216</date><lang>DE</lang></document-id></application-reference><priority-claims><priority-claim mxw-id="PPC140445571" ucid="DE-102011004646-A" load-source="docdb"><document-id format="epo"><country>DE</country><doc-number>102011004646</doc-number><kind>A</kind><date>20110224</date></document-id></priority-claim><priority-claim mxw-id="PPC140447350" ucid="EP-2012052701-W" linkage-type="W" load-source="docdb"><document-id format="epo"><country>EP</country><doc-number>2012052701</doc-number><kind>W</kind><date>20120216</date></document-id></priority-claim></priority-claims><technical-data><classifications-ipcr><classification-ipcr mxw-id="PCL1988121711" load-source="docdb">B60S   1/38        20060101AFI20120910BHEP        </classification-ipcr></classifications-ipcr><classifications-cpc><classification-cpc mxw-id="PCL2065210433" load-source="docdb" scheme="CPC">B60S2001/3898      20130101 LA20140328BHEP        </classification-cpc><classification-cpc mxw-id="PCL2065211037" load-source="docdb" scheme="CPC">B60S   1/3855      20130101 LI20140328BHEP        </classification-cpc><classification-cpc mxw-id="PCL2065213908" load-source="docdb" scheme="CPC">B60S   1/3879      20130101 FI20140328BHEP        </classification-cpc><classification-cpc mxw-id="PCL2065217003" load-source="docdb" scheme="CPC">B60S   1/3896      20130101 LA20140328BHEP        </classification-cpc></classifications-cpc><invention-title mxw-id="PT132186540" lang="DE" load-source="patent-office">WISCHBLATT SOWIE EIN VERFAHREN ZUM HERSTELLEN EINES WISCHBLATTS</invention-title><invention-title mxw-id="PT132186541" lang="EN" load-source="patent-office">WIPER BLADE AND METHOD FOR PRODUCING A WIPER BLADE</invention-title><invention-title mxw-id="PT132186542" lang="FR" load-source="patent-office">BALAI D'ESSUIE-GLACE ET PROCÉDÉ DE PRODUCTION D'UN BALAI D'ESSUIE-GLACE</invention-title></technical-data><parties><applicants><applicant mxw-id="PPAR918140310" load-source="docdb" sequence="1" format="epo"><addressbook><last-name>BOSCH GMBH ROBERT</last-name><address><country>DE</country></address></addressbook></applicant><applicant mxw-id="PPAR918156207" load-source="docdb" sequence="1" format="intermediate"><addressbook><last-name>ROBERT BOSCH GMBH</last-name></addressbook></applicant><applicant mxw-id="PPAR918980242" load-source="patent-office" sequence="1" format="original"><addressbook><last-name>Robert Bosch GmbH</last-name><iid>101244499</iid><address><street>Postfach 30 02 20</street><city>70442 Stuttgart</city><country>DE</country></address></addressbook></applicant></applicants><inventors><inventor mxw-id="PPAR918147570" load-source="docdb" sequence="1" format="epo"><addressbook><last-name>CRIEL PAUL</last-name><address><country>BE</country></address></addressbook></inventor><inventor mxw-id="PPAR918147829" load-source="docdb" sequence="1" format="intermediate"><addressbook><last-name>CRIEL, PAUL</last-name></addressbook></inventor><inventor mxw-id="PPAR918982243" load-source="patent-office" sequence="1" format="original"><addressbook><last-name>CRIEL, PAUL</last-name><address><street>Tongersesteenweg 356</street><city>B-3800 St. Truiden</city><country>BE</country></address></addressbook></inventor><inventor mxw-id="PPAR918171613" load-source="docdb" sequence="2" format="epo"><addressbook><last-name>BEELEN HANS</last-name><address><country>BE</country></address></addressbook></inventor><inventor mxw-id="PPAR918164308" load-source="docdb" sequence="2" format="intermediate"><addressbook><last-name>BEELEN, HANS</last-name></addressbook></inventor><inventor mxw-id="PPAR918979085" load-source="patent-office" sequence="2" format="original"><addressbook><last-name>BEELEN, HANS</last-name><address><street>St. Jorislaan 213</street><city>B-3540 Herk de Stad</city><country>BE</country></address></addressbook></inventor><inventor mxw-id="PPAR918140814" load-source="docdb" sequence="3" format="epo"><addressbook><last-name>VANDERHEYDEN GERT</last-name><address><country>BE</country></address></addressbook></inventor><inventor mxw-id="PPAR918171622" load-source="docdb" sequence="3" format="intermediate"><addressbook><last-name>VANDERHEYDEN, Gert</last-name></addressbook></inventor><inventor mxw-id="PPAR918982957" load-source="patent-office" sequence="3" format="original"><addressbook><last-name>VANDERHEYDEN, Gert</last-name><address><street>Terbankstraat 37</street><city>B-3150 Tildonk</city><country>BE</country></address></addressbook></inventor></inventors></parties><international-convention-data><pct-or-regional-filing-data ucid="EP-2012052701-W"><document-id><country>EP</country><doc-number>2012052701</doc-number><kind>W</kind><date>20120216</date><lang>DE</lang></document-id></pct-or-regional-filing-data><pct-or-regional-publishing-data ucid="WO-2012113709-A1"><document-id><country>WO</country><doc-number>2012113709</doc-number><kind>A1</kind><date>20120830</date><lang>DE</lang></document-id></pct-or-regional-publishing-data><designated-states><ep-contracting-states><country mxw-id="DS548930435" load-source="docdb">AL</country><country mxw-id="DS548816455" load-source="docdb">AT</country><country mxw-id="DS548930436" load-source="docdb">BE</country><country mxw-id="DS548932408" load-source="docdb">BG</country><country mxw-id="DS548935357" load-source="docdb">CH</country><country mxw-id="DS548930437" load-source="docdb">CY</country><country mxw-id="DS548866242" load-source="docdb">CZ</country><country mxw-id="DS548837870" load-source="docdb">DE</country><country mxw-id="DS548930442" load-source="docdb">DK</country><country mxw-id="DS548930443" load-source="docdb">EE</country><country mxw-id="DS548927708" load-source="docdb">ES</country><country mxw-id="DS548932409" load-source="docdb">FI</country><country mxw-id="DS548932414" load-source="docdb">FR</country><country mxw-id="DS548837871" load-source="docdb">GB</country><country mxw-id="DS548930444" load-source="docdb">GR</country><country mxw-id="DS548837872" load-source="docdb">HR</country><country mxw-id="DS548866243" load-source="docdb">HU</country><country mxw-id="DS548935358" load-source="docdb">IE</country><country mxw-id="DS548930445" load-source="docdb">IS</country><country mxw-id="DS548932415" load-source="docdb">IT</country><country mxw-id="DS548930514" load-source="docdb">LI</country><country mxw-id="DS548837873" load-source="docdb">LT</country><country mxw-id="DS548816456" load-source="docdb">LU</country><country mxw-id="DS548932416" load-source="docdb">LV</country><country mxw-id="DS548837874" load-source="docdb">MC</country><country mxw-id="DS548816457" load-source="docdb">MK</country><country mxw-id="DS548816458" load-source="docdb">MT</country><country mxw-id="DS548930515" load-source="docdb">NL</country><country mxw-id="DS548837875" load-source="docdb">NO</country><country mxw-id="DS548930516" load-source="docdb">PL</country><country mxw-id="DS548932417" load-source="docdb">PT</country><country mxw-id="DS548866244" load-source="docdb">RO</country><country mxw-id="DS548932626" load-source="docdb">RS</country><country mxw-id="DS548930517" load-source="docdb">SE</country><country mxw-id="DS548935359" load-source="docdb">SI</country><country mxw-id="DS548837876" load-source="docdb">SK</country><country mxw-id="DS548837877" load-source="docdb">SM</country><country mxw-id="DS548816459" load-source="docdb">TR</country></ep-contracting-states></designated-states></international-convention-data><office-specific-data><eptags><ep-no-a-document-published>*</ep-no-a-document-published></eptags></office-specific-data></bibliographic-data><abstract mxw-id="PA99626597" ref-ucid="WO-2012113709-A1" lang="DE" load-source="patent-office"><p num="0000">Die Erfindung betrifft ein Wischblatt sowie ein Verfahren zum Herstellen eines Wischblatts, mit einem Tragelement (12) zum Aufnehmen einer Wischleiste (14), an dem eine Anschlussvorrichtung (20) befestigt ist, die ein wischblattseitiges Teil (15) mit krallenartigen Aufnahmen (32, 34) aufweist, die das Tragelement (12) zumindest bereichsweise umgreifen und zwischen dem Tragelement (12) und zumindest einer Aufnahme (32, 34) ein Spalt (42) vorgesehen ist. Es wird vorgeschlagen, dass nach dem positionieren des Tragelements (12) in den Aufnahmen (32, 34) der Anschlussvorrichtung (20) eine Masse (44) in den Spalt (42) eingebracht wird, die sich im Spalt (42) verfestigt.</p></abstract><abstract mxw-id="PA99825116" ref-ucid="WO-2012113709-A1" lang="DE" source="national office" load-source="docdb"><p>Die Erfindung betrifft ein Wischblatt sowie ein Verfahren zum Herstellen eines Wischblatts, mit einem Tragelement (12) zum Aufnehmen einer Wischleiste (14), an dem eine Anschlussvorrichtung (20) befestigt ist, die ein wischblattseitiges Teil (15) mit krallenartigen Aufnahmen (32, 34) aufweist, die das Tragelement (12) zumindest bereichsweise umgreifen und zwischen dem Tragelement (12) und zumindest einer Aufnahme (32, 34) ein Spalt (42) vorgesehen ist. Es wird vorgeschlagen, dass nach dem positionieren des Tragelements (12) in den Aufnahmen (32, 34) der Anschlussvorrichtung (20) eine Masse (44) in den Spalt (42) eingebracht wird, die sich im Spalt (42) verfestigt.</p></abstract><abstract mxw-id="PA99626598" ref-ucid="WO-2012113709-A1" lang="EN" load-source="patent-office"><p num="0000">The invention relates to a wiper blade and to a method for producing a wiper blade, comprising a support element (12) for receiving a wiper strip (14), to which support element a connecting device (20) is attached, which has a wiper blade-side part (15) having claw-like receptacles (32, 34) surrounding the support element (12) at least in some regions. A gap (42) is provided between the support element (12) and at least one receptacle (32, 34). After the support element (12) is positioned in the receptacles (32, 34) of the connecting device (20), a compound (44) is introduced into the gap (42), said compound hardening in the gap (42).</p></abstract><abstract mxw-id="PA99825117" ref-ucid="WO-2012113709-A1" lang="EN" source="national office" load-source="docdb"><p>The invention relates to a wiper blade and to a method for producing a wiper blade, comprising a support element (12) for receiving a wiper strip (14), to which support element a connecting device (20) is attached, which has a wiper blade-side part (15) having claw-like receptacles (32, 34) surrounding the support element (12) at least in some regions. A gap (42) is provided between the support element (12) and at least one receptacle (32, 34). After the support element (12) is positioned in the receptacles (32, 34) of the connecting device (20), a compound (44) is introduced into the gap (42), said compound hardening in the gap (42).</p></abstract><abstract mxw-id="PA99626599" ref-ucid="WO-2012113709-A1" lang="FR" load-source="patent-office"><p num="0000">L'invention concerne un balai d'essuie-glace et un procédé de production d'un balai d'essuie-glace, comprenant un élément support (12) destiné à la réception d'une raclette d'essuie-glace (14), à laquelle est fixé un dispositif de liaison (20), qui présente une partie côté balai d'essuie-glace (15) présentant des logements (32, 34) du type à griffes qui enserrent, au moins partiellement, l'élément support (12), une fente (42) étant prévue entre l'élément support (12) et au moins un logement (32, 34). L'invention est caractérisée en ce qu'après le positionnement de l'élément support (12) dans les logements (32, 34) du dispositif de liaison (20), une substance (44) est introduite dans la fente (42), et en ce que la substance se durcit dans la fente (42).</p></abstract><abstract mxw-id="PA99825118" ref-ucid="WO-2012113709-A1" lang="FR" source="national office" load-source="docdb"><p>L'invention concerne un balai d'essuie-glace et un procédé de production d'un balai d'essuie-glace, comprenant un élément support (12) destiné à la réception d'une raclette d'essuie-glace (14), à laquelle est fixé un dispositif de liaison (20), qui présente une partie côté balai d'essuie-glace (15) présentant des logements (32, 34) du type à griffes qui enserrent, au moins partiellement, l'élément support (12), une fente (42) étant prévue entre l'élément support (12) et au moins un logement (32, 34). L'invention est caractérisée en ce qu'après le positionnement de l'élément support (12) dans les logements (32, 34) du dispositif de liaison (20), une substance (44) est introduite dans la fente (42), et en ce que la substance se durcit dans la fente (42).</p></abstract><description mxw-id="PDES50931660" ref-ucid="WO-2012113709-A1" lang="DE" load-source="patent-office"><!-- EPO <DP n="2"/>--><p id="p0001" num="0001"> Beschreibung Titel </p><p id="p0002" num="0002"> WISCHBLATT SOWIE EIN VERFAHREN ZUM HERSTELLEN EINES WISCHBLATTS </p><p id="p0003" num="0003">Stand der Technik </p><p id="p0004" num="0004">Bei Wischblättern der im Oberbegriff des Anspruchs 1 bezeichneten Art soll das Tragelement über das gesamte vom Wischblatt bestrichene Wischfeld eine möglichst gleichmäßige Verteilung des vom Wischerarm ausgehenden Wischblatt-Anpressdrucks an der Scheibe gewährleisten. Durch eine entsprechende Krümmung des unbelasteten Tragelements - also wenn das Wischblatt nicht an der Scheibe anliegt - werden die Enden der im Betrieb des Wischblatts vollständig an der Scheibe angelegten Wischleiste durch das dann gespannte Tragelement zur Scheibe belastet, auch wenn sich die Krümmungsradien von sphärische gekrümmten Fahrzeugscheiben bei jeder Wischblattposition ändern. Die Krümmung des Wischblatts muss also etwas stärker sein als die im Wischfeld an der zu wischenden </p><p id="p0005" num="0005">Scheibe gemessene stärkste Krümmung. Am Tragelement ist eine Anschlussvorrichtung befestigt, über die die Verbindung zum Wischerarm hergestellt wird. </p><p id="p0006" num="0006">Aus der EP 0914269 Bl ist es bekannt, die Anschlussvorrichtung mittels einer </p><p id="p0007" num="0007">Schweißverbindung am Tragelement zu befestigen. Dazu wird das entweder aus Metall oder einem Kunststoff bestehende wischblattseitige Verbindungselement auf das Tragelement aufgebracht oder aufgeschoben und mittels einer Widerstandsschweißung im Falle eines metallenen Verbindungselements oder mittels einer Ultraschallschweißung im Falle eines Kunststoff- Verbindungselements stoffschlüssig mit dem Tragelement verbunden. Diese Schweißverbindung ist im Alltag extremen Bedingungen ausgesetzt und muss hohen Drehmomenten und Vibrationen auch bei unterschiedlichen Witterungsbedingungen standhalten Insbesondere bei den in großen Stückzahlen hergestellten Wischblättern stellt eine Schweißverbindung hohe Qualitätsanforderungen an die Prozessführung und verteuert damit das Wischblatt, was gerade bei Massenprodukten zu vermeiden ist. </p><p id="p0008" num="0008">Vorteile der Erfindung 
<!-- EPO <DP n="3"/>-->
 Das erfindungsgemäße Wischblatt mit den Merkmalen des Hauptanspruchs hat den Vorteil, dass durch die zusätzliche Masse Toleranzen zwischen dem Tragelement und der </p><p id="p0009" num="0009">Anschlussvorrichtung vollständig ausgeglichen werden und ein fester Verbund entsteht. Weder das Tragelement noch die Anschlussvorrichtung müssen hierbei bis in einen flüssigen Zustand erwärmt werden, so dass die mechanischen Eigenschaften nicht verändert werden. </p><p id="p0010" num="0010">Durch die in den Unteransprüchen angegebenen Merkmale sind vorteilhafte Weiterbildungen des Wischblatts nach dem Hauptanspruch möglich. So kann die Ausdehnung der Masse im Spalt effektiv dadurch eingeschränkt werden, wenn der Spalt zumindest in Richtung der Wischleiste begrenzt ist. Die Wischleiste wird also von der Masse nicht beeinflusst. </p><p id="p0011" num="0011">Um dennoch ein flächenhaft des Anliegen des Tragelements an den Aufnahmen der Anschlussvorrichtung zu ermöglichen, kann vorgesehen sein, den Spalt nur über zwei Seiten des Tragelements zu erstrecken. Dies kann beispielsweise eine konvexe Oberseite bzw. die konkave Unterseite des Tragelements sowie dessen schmale Längsseite sein. </p><p id="p0012" num="0012">Vorteilhaft ist eine separate Öffnung zum Einbringen der Masse an der zumindest ein Aufnahme vorgesehen, die an einer oberen Seite oder einer unteren Seite eingebracht sein kann, je nachdem, ob später eine zusätzliche Abdeckkappe verwendet wird oder nicht. Es ist jedoch auch denkbar, die Öffnung an einer schmalen Längsseite vorzusehen. </p><p id="p0013" num="0013">Um die Masse problemlos in den Spalt einbringen zu können, ist es von Vorteil, wenn die Masse vor dem Einbringen fließfähig ist und sich erst im Spalt verfestigt. Hierzu kann die Masse als Flüssigkeit oder Gel bereitgestellt werden. Es ist jedoch auch möglich, die Masse als Pulver oder Granulat zu verarbeiten. Welche Darreichungsform zu wählen ist, hängt zum einen vom Material der Masse selbst ab und zum anderen von der Prozessumgebung. So wird man in einer feuchten Umgebung eher eine Flüssigkeit oder ein Gel verwenden. </p><p id="p0014" num="0014">Bevorzugt ist die Masse ein 2- Komponentenklebstoff und/oder ein Harz, weil diese Stoffe nach dem Vermengen der Komponenten eine definierte Zeitspanne verarbeitbar sind, vor dem Vermengen jedoch fast unbegrenzt gelagert werden können. </p><p id="p0015" num="0015">Verschließt die Masse die zum Einbringen vorgesehene Öffnung zumindest teilweise, kann dadurch beim späteren Betrieb des Wischblatts vermieden werden, dass sich Schmutz und Wasser verstärkt dort ansammeln. Außerdem verbesserte es die Ästhetik, für den Fall dass die Öffnungen sichtbar bleiben. 
<!-- EPO <DP n="4"/>-->
 Der Verbund zwischen Tragelement und Anschlussvorrichtung kann verbessert werden, wenn das Tragelement eine Ausnehmung aufweist, durch die sich die Masse erstreckt. Bleibt dann auch ein Teil der Masse in der für das Einbringen vorgesehenen Öffnung, ergibt sich eine Verbindung, die die Anschlussvorrichtung formschlüssig auf dem Tragelement positioniert. </p><p id="p0016" num="0016">Mit dem erfindungsgemäßen Verfahren zum Herstellen eines Wischblatts ist es möglich, einfach und ohne exzessive Wärmezufuhr die Anschlussvorrichtung auf dem Tragelement zu sichern. Besonders effektiv gelingt dies, wenn sich die durch eine Öffnung eingebrachte Masse entlang des Spaltes verteilt. Dies kann besonders einfach erreicht werden, wenn die Masse mittels eines Kolbens oder Stempel eingepresst wird. </p><p id="p0017" num="0017">Fließverhalten und Verfestigung können verbessert werden, wenn die Masse vor dem Einbringen erwärmt wird und sich nach dem Einbringen abkühlt. Je nach Material der Masse, ist es auch möglich, die Masse erst im Spalt zu erwärmen und dann beispielsweise durch chemische Reaktionen zu verfestigen. </p><p id="p0018" num="0018">Zeichnung </p><p id="p0019" num="0019">In der Zeichnung zeigen: Figur 1 ein erfindungsgemäßes Wischblatt in perspektivischer Darstellung mit strichpunktiert angedeutetem Wischerarm und strichpunktiert angedeuteter Oberfläche einer Windschutzscheibe, Fig. 2 zeigt eine Ansicht nach II-II in Fig. 1, Fig. 3 eine schematische Darstellung der Ansicht nach Fig. 2 mit nur einer Federschiene, Fig. 4 eine schematische Ansicht in Blickrichtung IV in Fig. 1 mit nur einer Endkappe und die Figuren 5 ist 9 jeweils eine Aufnahme im Schnitt zu unterschiedlichen Ausführungsbeispielen. </p><p id="p0020" num="0020">Beschreibung der Ausführungsbeispiele </p><p id="p0021" num="0021">Ein in Figur 1 gezeigtes Wischblatt 10 weist ein bandartig langgestrecktes, federelastisches Tragelement 12 auf (Figuren 1 und 2), an dessen unteren, der Scheibe zugewandten Bandseite 13 eine langgestreckte, gummielastische Wischleiste 14 längsachsenparallel befestigt ist. An der oberen, von der Scheibe abgewandten Bandseite 11 des auch als Federschiene zu bezeichnenden Tragelements 12 ist in dessen Mittelabschnitt das wischblattseitige Teil 15 einer Anschlussvorrichtung angeordnet, mit deren Hilfe das </p><p id="p0022" num="0022">Wischblatt 10 gelenkig mit einem in Figur 1 strichpunktiert angedeuteten Wischerarm 16 lösbar verbunden werden kann. Der in Richtung eines Doppelpfeils 18 in Figur 1 pendelnd angetriebenen Wischerarm 16 ist in Richtung eines Pfeils 24 zur zu wischenden Scheibe - 
<!-- EPO <DP n="5"/>-->
 beispielsweise zur Windschutzscheibe eines Kraftfahrzeugs belastet - deren Oberfläche in Figur 1 durch eine strichpunktierte Linie 22 angedeutet ist. Da die Linie 22 die stärkste Krümmung der Scheibenoberfläche darstellen soll ist klar ersichtlich, dass die Krümmung des mit seinen beiden Enden an der Scheibe anliegenden, noch unbelasteten Wischblatts stärker ist als die maximale Scheibenkrümmung (Figur 1). Unter dem Anpressdruck (Pfeil 24) legt sich das Wischblatt 10 mit seiner Wischlippe 26 über seine gesamte Länge an der Scheibenoberfläche 22 an. Dabei baut sich im aus Metall gefertigten, federelastischen Tragelement 12 eine Spannung auf, welche für eine ordnungsgemäße Anlage der </p><p id="p0023" num="0023">Wischleiste 14 beziehungsweise der Wischlippe 26 über deren gesamte Länge an der Scheibenoberfläche 22 sowie für eine gleichmäßige Verteilung des Anpressdrucks (Pfeil 24) sorgt. </p><p id="p0024" num="0024">Im Folgenden soll nun auf die besondere Ausgestaltung des erfindungsgemäßen Wischblatts näher eingegangen werden. </p><p id="p0025" num="0025">In Fig. 2 ist erkennbar, dass das Tragelement 12 aus zwei, voneinander getrennten </p><p id="p0026" num="0026">Federschienen 28 und 30 aufgebaut ist, die zueinander beabstandet sind und einen Spalt 32 begründen. Die Anschlussvorrichtung 15 weist in einem unteren Bereich zwei u-förmige Aufnahmen 34 und 36 auf, in denen die Federschienen 28 und 30 aufgenommen sind. Die Aufnahmen 34 und 36 umfassen die Federschienen 28 und 30 jeweils über einen größeren Teil ihres Querschnitt, wobei der mit dem Wischerarm 16 korrespondierende Teil der Anschlussvorrichtung 15 auf der konvexen Seite 29 des Tragelements 12 angeordnet ist, während die konkave Seite 31 dieser gegenüberliegt. </p><p id="p0027" num="0027">In Fig. 3 ist die Anschlussvorrichtung 15 schematisch dargestellt, wobei in der Aufnahme 34 die entsprechende Federschiene 28 eingezeichnet ist, während die Federschiene 30, nicht in der entsprechenden Aufnahme 36 liegt. Es ist erkennbar, dass die Aufnahmen 34 und 36 die Federschienen 28 und 30 passend umgreifen. Im Bereich oberhalb der Federschienen 28 und 30 sowie oberhalb des Spalts 32 weist die Anschlussvorrichtung 15 eine Aussparung 40 auf, in die, wenn das Wischblatt 10 zusammengebaut ist, ein Kopfteil einer Wischleiste zu liegen kommt. </p><p id="p0028" num="0028">Das in Fig. 4 von unten dargestellte Wischblatt 10, das ohne die Wischleiste 14 bzw. </p><p id="p0029" num="0029">Wischerlippe 26 gezeichnet ist, zeigt die Federschienen 28 und 30, den Spalt 32 sowie die Aufnahmen 34 und 36 der Anschlussvorrichtung 15. Es ist erkennbar, dass bei dieser Ausführungsform des Wischblatts 10 die Federschienen 28 und 30 vollständig voneinander 
<!-- EPO <DP n="6"/>-->
 getrennt sind und lediglich durch die Anschlussvorrichtung 15 bzw. über Endkappen 38, von denen in Fig. 4 nur eine an einem Ende gezeichnet ist, zusammengehalten werden. </p><p id="p0030" num="0030">In Fig. 5 ist ein Schnittbild der Aufnahme 34 dargestellt, in der eine Federschiene 28 des Tragelements 12 liegt. Zwischen der Aufnahme 34 und der Federschiene 28 des </p><p id="p0031" num="0031">Tragelements 12 befindet sich ein kleiner Spalt 42, der sich in diesem Ausführungsbeispiel an der konvexe Oberseite 29 und an der seitlichen Längsseite 46 erstreckt. Die konkave untere Seite 31 liegt direkt in der Aufnahme 34 auf. An einer der Wischleiste 14 (in Fig. 5 nicht dargestellt) zugewandten Seite ist der Spalt 42 durch einen Kragen 52 begrenzt. Ein solcher Kragen 52 kann sich auch im Bereich der unteren Seite befinden, für den Fall dass sich der Spalt 42 auch dort erstreckt. </p><p id="p0032" num="0032">In einem oberen Bereich der Aufnahme 34 befindet sich eine Öffnung 48, durch die eine Masse 44 einbringbar ist. Dazu befindet sich oberhalb der Masse 44 in der Öffnung 48 ein Stempel 50, der in der angedeuteten Pfeilrichtung nach unten bewegbar ist. </p><p id="p0033" num="0033">In den Figuren 6, 7 und 8 ist angedeutet, wie die Masse 44 mit Hilfe des Stempels 50 im Spalt 42 verteilt wird. Die Masse wird hierzu, wie in Fig. 5 angedeutet, zuerst in die Öffnung eingebracht, beispielsweise als Pulver eingerieselt oder eingeblasen oder in gepresster Tablettenform direkt mit dem Stempel 50 eingeschoben. Es ist auch denkbar, die Masse in flüssiger oder gelförmiger Konsistenz einzuleiten. </p><p id="p0034" num="0034">Der Stempel 50 wird dann in Pfeilrichtung 54 bewegt, so dass, wie in Figuren 6 und 7 zu erkennen, die Masse 44 sich entlang des Spaltes 42 ausbreitet und den Spalt 42 ausfüllt. Falls in den Figuren 6 bis 8 dargestellt, kein Kragen 52 vorgesehen ist, ist die Menge der Masse 44 so vorzusehen, dass ein Überlaufen vermieden ist. Ist die Masse 44 vollständig eingepresst (Fig. 8), wird der Stempel 50 dann herausgezogen, wenn das Verfestigen der Masse 44 zumindest begonnen hat. Je nach Material der Masse 44 kann das Verfestigen beschleunigt werden, indem Wärme 58 oder ultraviolettes Licht in den Bereich des Spaltes zugeführt wird. </p><p id="p0035" num="0035">Ein weiteres Ausführungsbeispiel ist in Fig. 9 dargestellt, bei dem das Einbringen der Masse 44 bereits vollendet und der Stempel 50 entfernt ist. Bei dieser Variante weist die </p><p id="p0036" num="0036">Federschiene 28 eine Ausnehmung 56 auf, die vollständig von der Masse 44 durchdrungen ist. Ferner verbleibt ein Teil der Masse 44 in der Öffnung 48. Auf diese Weise ergibt sich nach dem Verfestigen der Masse 44 ein formschlüssiger Verbund zwischen der 
<!-- EPO <DP n="7"/>-->
 Federschiene 28 und der Aufnahme 34. Um den Verbund weiter zu verstärken, kann die Öffnung 48 auch in einen unteren Bereich der Aufnahme 34 zumindest teilweise fortgesetzt sein. Die Ausnehmung 56 kann auch am Rand der Federschiene 28, 30 eingebracht sein. Ferner ist es möglich mehrere Ausnehmungen 56 vorzusehen. </p><p id="p0037" num="0037">Ein erfindungsgemäßes Wischblatt 10 wird nun folgendermaßen hergestellt: </p><p id="p0038" num="0038">Die Federschienen 28, 30 des Tragelements 12 werden in die Aufnahmen 34, 36 der Anschlussvorrichtung 20 eingeführt, so dass sich ein Spalt 44 zwischen den Aufnahmen 34, 36 und den Federschienen 28, 30 einstellt. Die Federschienen 28, 30 werden relativ zur Anschlussvorrichtung 20 fixiert. In die Öffnungen 48 wird die Masse 44 eingebracht und mittels Stempel 50 in die Spalte 44 eingepresst. Nach dem Verfestigen der Masse 44 werden die Stempel 50 herausgezogen und die Wischleiste 14 eingefädelt. Nach dem sich anschließenden Aufbringen der Endkappen 38 kann auch eine Abdeckkappe über die Anschlussvorrichtung 20 gestülpt werden, sofern dies vorgesehen ist. </p><p id="p0039" num="0039">Als Masse 44 können beispielsweise schmelzbare Polymere vorgesehen werden, die in erwärmter Form in die Öffnungen 48 eingebracht werden und in den Spalten 42 abkühlen und erhärten. Es ist jedoch auch möglich, als Masse 44 Duroplaste vorzusehen, die in den Spalten 42 ausvulkanisieren und erhärten. Zur Reaktionsbeschleunigung kann vorgesehen sein, diesen Bereich zu erwärmen oder mit ultraviolettem Licht zu bestrahlen. </p><p id="p0040" num="0040">Es ist auch möglich, die Masse 44 als Teil des wischblattseitigen Teils 15 vorzusehen, das dann in einem ersten Schritt durch die Sonotroden aufgeschmolzen und in den Spalt eingepresst wird. Dadurch entfällt ein separates Handling mit Pulver, Gel oder Flüssigkeit. Die Masse 44 wäre dann analog zu Figur 6 als eine Art Boden in der Öffnung 48 </p><p id="p0041" num="0041">vorgesehen. 
</p></description><claims mxw-id="PCLM44727619" ref-ucid="WO-2012113709-A1" lang="DE" load-source="patent-office"><claim-statement><!-- EPO <DP n="8"/>-->Patentansprüche </claim-statement><claim id="clm-0001" num="1"><claim-text>1. Wischblatt zum Wischen von Scheiben, insbesondere von Kraftfahrzeugscheiben, mit einem Tragelement (12) zum Aufnehmen einer Wischleiste (14), an dem eine </claim-text><claim-text>Anschlussvorrichtung (20) befestigt ist, die ein wischblattseitiges Teil (15) mit krallenartigen Aufnahmen (32, 34) aufweist, die das Tragelement (12) zumindest bereichsweise umgreifen, dadurch gekennzeichnet, dass zwischen dem Tragelement (12) und zumindest einer Aufnahme (32, 34) ein Spalt (42) vorgesehen ist, der mit einer Masse (44) ausgefüllt ist. </claim-text></claim><claim id="clm-0002" num="2"><claim-text>2. Wischblatt nach Anspruch 1, dadurch gekennzeichnet, dass der Spalt (42) zumindest in Richtung auf die Wischleiste (14) zu begrenzt ist. </claim-text></claim><claim id="clm-0003" num="3"><claim-text>3. Wischblatt nach einem der vorhergehenden Ansprüche, dadurch gekennzeichnet, dass sich der Spalt (42) nur über zwei Seiten des Tragelements (12) erstreckt. </claim-text></claim><claim id="clm-0004" num="4"><claim-text>4. Wischblatt nach einem der vorhergehenden Ansprüche, dadurch gekennzeichnet, dass die zumindest eine Aufnahme (32, 34) zumindest eine Öffnung (48) zum Einbringen der Masse (44) aufweist. </claim-text></claim><claim id="clm-0005" num="5"><claim-text>5. Wischblatt nach einem der vorhergehenden Ansprüche, dadurch gekennzeichnet, dass die Masse (44) vor dem Einbringen in den Spalt (42) fließfähig ist und sich im Spalt (42) verfestigt. </claim-text></claim><claim id="clm-0006" num="6"><claim-text>6. Wischblatt nach einem der vorhergehenden Ansprüche, dadurch gekennzeichnet, dass die Masse (44) eine Flüssigkeit oder ein Gel ist. </claim-text></claim><claim id="clm-0007" num="7"><claim-text>7. Wischblatt nach einem der Ansprüche 1 bis 5, dadurch gekennzeichnet, dass die Masse (44) ein Pulver oder ein Granulat ist. </claim-text></claim><claim id="clm-0008" num="8"><claim-text>8. Wischblatt nach einem der vorhergehenden Ansprüche, dadurch gekennzeichnet, dass die Masse (44) ein 2- Komponentenklebstoff und/oder Harz ist. <!-- EPO <DP n="9"/>--> </claim-text></claim><claim id="clm-0009" num="9"><claim-text>9. Wischblatt nach einem der vorhergehenden Ansprüche, dadurch gekennzeichnet, dass die Masse (44) die zum Einbringen vorgesehene Öffnung (58) zumindest teilweise verschließt. </claim-text></claim><claim id="clm-0010" num="10"><claim-text>10. Wischblatt nach einem der vorhergehenden Ansprüche, dadurch gekennzeichnet, dass das Tragelement eine Ausnehmung (56) aufweist, durch die sich die Masse (44) erstreckt. </claim-text></claim><claim id="clm-0011" num="11"><claim-text>11. Verfahren zum Herstellen eines Wischblatts, mit einem Tragelement (12) zum </claim-text><claim-text>Aufnehmen einer Wischleiste (14), an dem eine Anschlussvorrichtung (20) befestigt ist, die ein wischblattseitiges Teil (15) mit krallenartigen Aufnahmen (32, 34) aufweist, die das Tragelement (12) zumindest bereichsweise umgreifen und zwischen dem Tragelement (12) und zumindest einer Aufnahme (32, 34) ein Spalt (42) vorgesehen ist, insbesondere nach einem der vorhergehenden Ansprüche, dadurch gekennzeichnet, dass nach dem positionieren des Tragelements (12) in den Aufnahmen (32, 34) der Anschlussvorrichtung (20) eine Masse (44) in den Spalt (42) eingebracht wird, die sich im Spalt (42) verfestigt. </claim-text></claim><claim id="clm-0012" num="12"><claim-text>12. Verfahren nach Anspruch 11, dadurch gekennzeichnet, dass die Masse (44) durch eine Öffnung (48) eingebracht wird und sich entlang des Spalts (42) verteilt. </claim-text></claim><claim id="clm-0013" num="13"><claim-text>13. Verfahren nach einem der vorhergehenden Ansprüche, dadurch gekennzeichnet, dass die Masse (44) mithilfe eines Kolbens oder Stempels (50) eingepresst wird. </claim-text></claim><claim id="clm-0014" num="14"><claim-text>14. Verfahren nach einem der vorhergehenden Ansprüche, dadurch gekennzeichnet, dass die Masse (44) vor dem Einbringen erwärmt wird und sich nach dem Einbringen abkühlt. </claim-text></claim><claim id="clm-0015" num="15"><claim-text>15. Verfahren nach einem der Ansprüche 11 bis 13, dadurch gekennzeichnet, dass sich die Masse (44) im Spalt (42) erwärmt und dadurch verfestigt. </claim-text></claim></claims><copyright>User acknowledges that Fairview Research LLC and its third party providers retain all right, title and interest in and to this xml under applicable copyright laws.  User acquires no ownership rights to this xml including but not limited to its format.  User hereby accepts the terms and conditions of the Licence Agreement</copyright></patent-document>
