<?xml version="1.0" encoding="UTF-8"?>
<patent-document ucid="EP-2678190-A1" country="EP" doc-number="2678190" kind="A1" date="20140101" family-id="44971081" file-reference-id="252638" date-produced="20180826" status="corrected" lang="EN"><bibliographic-data><publication-reference fvid="146551358" ucid="EP-2678190-A1"><document-id><country>EP</country><doc-number>2678190</doc-number><kind>A1</kind><date>20140101</date><lang>EN</lang></document-id></publication-reference><application-reference ucid="EP-11782487-A" is-representative="NO"><document-id mxw-id="PAPP154825281" load-source="docdb" format="epo"><country>EP</country><doc-number>11782487</doc-number><kind>A</kind><date>20111024</date><lang>EN</lang></document-id><document-id mxw-id="PAPP220439774" load-source="docdb" format="original"><country>EP</country><doc-number>11782487.0</doc-number><date>20111024</date></document-id></application-reference><priority-claims><priority-claim mxw-id="PPC140449083" ucid="PL-2011050042-W" linkage-type="W" load-source="docdb"><document-id format="epo"><country>PL</country><doc-number>2011050042</doc-number><kind>W</kind><date>20111024</date></document-id></priority-claim><priority-claim mxw-id="PPC140447716" ucid="PL-39356111-A" load-source="docdb"><document-id format="epo"><country>PL</country><doc-number>39356111</doc-number><kind>A</kind><date>20110104</date></document-id></priority-claim></priority-claims><technical-data><classifications-ipcr><classification-ipcr mxw-id="PCL1988136342" load-source="docdb">B60R  19/26        20060101AFI20120723BHEP        </classification-ipcr></classifications-ipcr><classifications-cpc><classification-cpc mxw-id="PCL1988112442" load-source="docdb" scheme="CPC">B60R  19/26        20130101 LA20130117BHEP        </classification-cpc><classification-cpc mxw-id="PCL1988128760" load-source="docdb" scheme="CPC">B60R   5/00        20130101 LI20130423BHEP        </classification-cpc></classifications-cpc><invention-title mxw-id="PT132186558" lang="DE" load-source="patent-office">AUFPRALLENERGIEUMWANDLUNGSVORRICHTUNG, INSBESONDERE FÜR STOSSSTANGEN VON KRAFTFAHRZEUGEN</invention-title><invention-title mxw-id="PT132186559" lang="EN" load-source="patent-office">IMPACT ENERGY CONVERTING DEVICE, ESPECIALLY FOR BUMPERS IN AUTOMOTIVE VEHICLES</invention-title><invention-title mxw-id="PT132186560" lang="FR" load-source="patent-office">DISPOSITIF DE CONVERSION D'ÉNERGIE D'IMPACT, EN PARTICULIER POUR PARE-CHOCS DANS DES VÉHICULES AUTOMOBILES</invention-title><citations><non-patent-citations><nplcit><text>See references of WO 2012093945A1</text><sources><source mxw-id="PNPL67455386" load-source="docdb" name="SEA"/></sources></nplcit></non-patent-citations></citations></technical-data><parties><applicants><applicant mxw-id="PPAR918147307" load-source="docdb" sequence="1" format="epo"><addressbook><last-name>CT BADAWCZO ROZWOJOWE EPAR SP Z O O</last-name><address><country>PL</country></address></addressbook></applicant><applicant mxw-id="PPAR918167147" load-source="docdb" sequence="1" format="intermediate"><addressbook><last-name>CENTRUM BADAWCZO-ROZWOJOWE "EPAR" SP.Z O.O.</last-name></addressbook></applicant><applicant mxw-id="PPAR918993706" load-source="patent-office" sequence="1" format="original"><addressbook><last-name>Centrum Badawczo-Rozwojowe "EPAR" Sp.z o.o.</last-name><iid>101328329</iid><address><street>ul. Szkolna 2</street><city>58-530 Kowary</city><country>PL</country></address></addressbook></applicant></applicants><inventors><inventor mxw-id="PPAR918160969" load-source="docdb" sequence="1" format="epo"><addressbook><last-name>LAGIEWKA PRZEMYSLAW</last-name><address><country>PL</country></address></addressbook></inventor><inventor mxw-id="PPAR918156193" load-source="docdb" sequence="1" format="intermediate"><addressbook><last-name>LAGIEWKA, PRZEMYSLAW</last-name></addressbook></inventor><inventor mxw-id="PPAR918992648" load-source="patent-office" sequence="1" format="original"><addressbook><last-name>LAGIEWKA, PRZEMYSLAW</last-name><address><street>ul. Laczna 1</street><city>PL-58-540 Karpacz</city><country>PL</country></address></addressbook></inventor><inventor mxw-id="PPAR918160076" load-source="docdb" sequence="2" format="epo"><addressbook><last-name>GUMULA STANISLAW</last-name><address><country>PL</country></address></addressbook></inventor><inventor mxw-id="PPAR918150578" load-source="docdb" sequence="2" format="intermediate"><addressbook><last-name>GUMULA, STANISLAW</last-name></addressbook></inventor><inventor mxw-id="PPAR918979044" load-source="patent-office" sequence="2" format="original"><addressbook><last-name>GUMULA, STANISLAW</last-name><address><street>Al. Kijowska 48/40</street><city>PL-30-079 Kraków</city><country>PL</country></address></addressbook></inventor></inventors></parties><international-convention-data><pct-or-regional-filing-data ucid="PL-2011050042-W"><document-id><country>PL</country><doc-number>2011050042</doc-number><kind>W</kind><date>20111024</date><lang>EN</lang></document-id></pct-or-regional-filing-data><pct-or-regional-publishing-data ucid="WO-2012093945-A1"><document-id><country>WO</country><doc-number>2012093945</doc-number><kind>A1</kind><date>20120712</date><lang>EN</lang></document-id></pct-or-regional-publishing-data><designated-states><ep-contracting-states><country mxw-id="DS548932646" load-source="docdb">AL</country><country mxw-id="DS548927741" load-source="docdb">AT</country><country mxw-id="DS548932647" load-source="docdb">BE</country><country mxw-id="DS548930566" load-source="docdb">BG</country><country mxw-id="DS548915832" load-source="docdb">CH</country><country mxw-id="DS548837912" load-source="docdb">CY</country><country mxw-id="DS548927742" load-source="docdb">CZ</country><country mxw-id="DS548932648" load-source="docdb">DE</country><country mxw-id="DS548837913" load-source="docdb">DK</country><country mxw-id="DS548837914" load-source="docdb">EE</country><country mxw-id="DS548816484" load-source="docdb">ES</country><country mxw-id="DS548930567" load-source="docdb">FI</country><country mxw-id="DS548930568" load-source="docdb">FR</country><country mxw-id="DS548932649" load-source="docdb">GB</country><country mxw-id="DS548837915" load-source="docdb">GR</country><country mxw-id="DS548932650" load-source="docdb">HR</country><country mxw-id="DS548927743" load-source="docdb">HU</country><country mxw-id="DS548915833" load-source="docdb">IE</country><country mxw-id="DS548837916" load-source="docdb">IS</country><country mxw-id="DS548930569" load-source="docdb">IT</country><country mxw-id="DS548837917" load-source="docdb">LI</country><country mxw-id="DS548866272" load-source="docdb">LT</country><country mxw-id="DS548935386" load-source="docdb">LU</country><country mxw-id="DS548866273" load-source="docdb">LV</country><country mxw-id="DS548866274" load-source="docdb">MC</country><country mxw-id="DS548935387" load-source="docdb">MK</country><country mxw-id="DS548935388" load-source="docdb">MT</country><country mxw-id="DS548816485" load-source="docdb">NL</country><country mxw-id="DS548927744" load-source="docdb">NO</country><country mxw-id="DS548935389" load-source="docdb">PL</country><country mxw-id="DS548837918" load-source="docdb">PT</country><country mxw-id="DS548816486" load-source="docdb">RO</country><country mxw-id="DS548837919" load-source="docdb">RS</country><country mxw-id="DS548935390" load-source="docdb">SE</country><country mxw-id="DS548932651" load-source="docdb">SI</country><country mxw-id="DS548927745" load-source="docdb">SK</country><country mxw-id="DS548935391" load-source="docdb">SM</country><country mxw-id="DS548915834" load-source="docdb">TR</country></ep-contracting-states></designated-states></international-convention-data><office-specific-data><eptags><ep-no-a-document-published>*</ep-no-a-document-published></eptags></office-specific-data></bibliographic-data><abstract mxw-id="PA97749527" ref-ucid="WO-2012093945-A1" lang="EN" load-source="patent-office"><p num="0000">A device has a ram element (1) engaged with at least one longitudinal rack (2) transferring impact energy to at least one kinetic energy rotary accumulator (13) converting 5 kinetic energy of progressive motion into kinetic energy of rotary motion. A solution is characterized by that at least one longitudinal rack (2) is engaged by at least one toothed wheel (7) with a crosswise rack (9) having its sliding direction inclined in relation to a sliding 10 direction of the longitudinal rack (2), wherein the crosswise rack (9) drives the kinetic energy rotary accumulator (13) by a transmission (12) increasing a rotation speed.</p></abstract><abstract mxw-id="PA97968900" ref-ucid="WO-2012093945-A1" lang="EN" source="national office" load-source="docdb"><p>A device has a ram element (1) engaged with at least one longitudinal rack (2) transferring impact energy to at least one kinetic energy rotary accumulator (13) converting 5 kinetic energy of progressive motion into kinetic energy of rotary motion. A solution is characterized by that at least one longitudinal rack (2) is engaged by at least one toothed wheel (7) with a crosswise rack (9) having its sliding direction inclined in relation to a sliding 10 direction of the longitudinal rack (2), wherein the crosswise rack (9) drives the kinetic energy rotary accumulator (13) by a transmission (12) increasing a rotation speed.</p></abstract><abstract mxw-id="PA97749528" ref-ucid="WO-2012093945-A1" lang="FR" load-source="patent-office"><p num="0000">L'invention porte sur un dispositif qui possède un élément de vérin (1) en prise avec au moins un rail longitudinal (2) transférant l'énergie d'impact vers au moins un accumulateur rotatif d'énergie cinétique (13) convertissant l'énergie cinétique d'un mouvement progressif en énergie cinétique d'un mouvement rotatif. Une solution est caractérisée en ce qu'au moins un rail longitudinal (2) est mis en prise par au moins une roue dentée (7) muni d'un rail transversal (9) ayant sa direction de coulissement inclinée, par rapport à une direction de coulissement du rail longitudinal (2), le rail transversal (9) entraînant l'accumulateur rotatif d'énergie cinétique (13) par une transmission (12) augmentant la vitesse de rotation.</p></abstract><abstract mxw-id="PA97968901" ref-ucid="WO-2012093945-A1" lang="FR" source="national office" load-source="docdb"><p>L'invention porte sur un dispositif qui possède un élément de vérin (1) en prise avec au moins un rail longitudinal (2) transférant l'énergie d'impact vers au moins un accumulateur rotatif d'énergie cinétique (13) convertissant l'énergie cinétique d'un mouvement progressif en énergie cinétique d'un mouvement rotatif. Une solution est caractérisée en ce qu'au moins un rail longitudinal (2) est mis en prise par au moins une roue dentée (7) muni d'un rail transversal (9) ayant sa direction de coulissement inclinée, par rapport à une direction de coulissement du rail longitudinal (2), le rail transversal (9) entraînant l'accumulateur rotatif d'énergie cinétique (13) par une transmission (12) augmentant la vitesse de rotation.</p></abstract><description mxw-id="PDES47740163" ref-ucid="WO-2012093945-A1" lang="EN" load-source="patent-office"><!-- EPO <DP n="3"/>--><p id="p0001" num="0001"> Impact energy converting device, </p><p id="p0002" num="0002"> especially for bumpers in automotive vehicles </p><p id="p0003" num="0003">An object of this invention is an impact energy converting device, especially for bumpers in automotive vehicles, destined to convert kinetic energy of progressive motion created during a collision into kinetic energy of rotary motion. The invention is applied especially in automotive vehicles and in other objects exposed to sudden impact effects. </p><p id="p0004" num="0004"> From patent application WO2004028864 a device protecting vehicles against impact effects is known, in which kinetic energy of progressive motion suddenly created as collision effect is converted into kinetic energy of spinning masses. To protect vehicles against impact effects in the known solution, a ram element is used which is connected with a rack cooperating with toothed wheels driving spinning masses. During a collision the ram element shifting direction is parallel to a direction in which the rack is shifted. </p><p id="p0005" num="0005"> From patent application WO2005121593 a device converting kinetic energy is also known comprising a ram element in cooperation by means of a compressed fluid chamber with an impact energy dissipating unit constructed as a rack moving spinning masses in order to smoothly convert kinetic energy of progressive motion created by an impact into kinetic energy of rotary motion. </p><p id="p0006" num="0006"> By using these known solutions, a substantial part of kinetic energy of progressive motion is converted during 
<!-- EPO <DP n="4"/>-->
collision into kinetic energy of rotary motion, whereas the remaining part of non-converted kinetic energy of progressive motion is transferred according to an impact direction onto a body of a vehicle. </p><p id="p0007" num="0007"> The aim of this invention is to obtain more effective impact energy dissipation by appropriate orientation of a part of non-converted kinetic energy of progressive motion so as to minimize energy transferred in direction of the impact onto a body of a protected vehicle. </p><p id="p0008" num="0008"> A device according to the invention comprises a ram element coupled with at least one longitudinal rack transferring impact energy onto at least one kinetic energy rotary accumulator in which kinetic energy of progressive motion is converted into kinetic energy of rotary motion. This solution is characterized in that at least one said longitudinal rack is engaged by means of at least one toothed wheel with a crosswise rack having its direction of motion inclined from a direction of motion of the longitudinal rack, the said crosswise rack driving the kinetic energy rotary accumulator by a transmission increasing the rotation speed. </p><p id="p0009" num="0009"> In an advantageous solution the toothed wheel transferring driving motion from the longitudinal rack onto the crosswise rack drives an additional kinetic energy rotary accumulator. </p><p id="p0010" num="0010"> The direction in which the crosswise rack moves is </p><p id="p0011" num="0011"> o </p><p id="p0012" num="0012">advantageously inclined at an angle of 90 m relation to a direction in which the longitudinal rack is shifted. 
<!-- EPO <DP n="5"/>-->
 Advantageously, the crosswise rack drives the kinetic energy rotary accumulator by means of a band transmission. </p><p id="p0013" num="0013"> Advantageously, a cushion member is located between the longitudinal rack and the ram element. </p><p id="p0014" num="0014"> In an advantageous solution the device according to the invention comprises one longitudinal rack engaged with the crosswise rack by the toothed wheel. </p><p id="p0015" num="0015"> In a more advantageous solution the device according to the invention comprises two parallel longitudinal racks engaged by toothed wheels with two crosswise racks, the said crosswise racks when shifting the longitudinal racks are driven in opposite directions in relation to one another . </p><p id="p0016" num="0016"> Greater effectiveness of converting kinetic energy of progressive motion into kinetic energy of rotary motion is achieved when a crosswise rack is located at an angle in relation to the longitudinal rack, and moreover a greater ability is achieved to direct the substantial remaining part of kinetic energy of progressive motion in a suitable side without converting it into kinetic energy of rotary motion depending on a position of the device according to the invention in relation to a vehicle. </p><p id="p0017" num="0017"> When the direction in which the crosswise rack is inclined by an angle approximately equal to 90 degrees in relation to a direction in which the longitudinal rack is shifted, the most advantageous protection of a vehicle or another protected object against collision is achieved. Especially advantageous results are achieved when using two longitudinal racks engaged by toothed wheels with two 
<!-- EPO <DP n="6"/>-->
crosswise racks in a case when crosswise racks are driven in opposite directions. In such a solution, a part of kinetic energy of progressive motion of crosswise racks is mutually neutralized. </p><p id="p0018" num="0018"> A term "longitudinal rack" used in this patent specification means a rack situated in the device according to the invention substantially parallel to the direction in which an expected impact force acts, whereas a term "crosswise rack" relates to a rack having its shift direction inclined in relation to the longitudinal rack. According to the invention, the longitudinal rack is a driving one, and the crosswise rack is a driven one. </p><p id="p0019" num="0019"> An object of the invention is schematically shown in its embodiments in the drawing, in which: </p><p id="p0020" num="0020"> Fig. 1 shows a device having two longitudinal racks driving two perpendicular racks in perspective view; </p><p id="p0021" num="0021"> Fig. 2 shows the device in top view; </p><p id="p0022" num="0022"> Fig. 3 shows the device in rear view; </p><p id="p0023" num="0023"> Fig. 4 shows the device in side view with a cross- section through a ram element and a body plate; </p><p id="p0024" num="0024"> Fig. 5 shows the device in cross-section along the line A-A shown in Fig. 2; </p><p id="p0025" num="0025"> Fig. 6 shows the device in cross-section through the axes of a band transmission, </p><p id="p0026" num="0026"> Fig. 7 shows the device in cross-section through the axis of a toothed wheel engaged with two racks, </p><p id="p0027" num="0027"> Fig. 8 shows a magnified cross-section of the rotary accumulator of kinetic energy, 
<!-- EPO <DP n="7"/>-->
 Fig. 9 shows perspective view of the device having one longitudinal rack driving one crosswise rack, and </p><p id="p0028" num="0028"> Fig. 10 shows the device of Fig. 1 in perspective view during converting impact energy together with the indicated directions in which particular elements of the device are rotated and shifted in action. </p><p id="p0029" num="0029"> In Fig. 1 an embodiment of the device according to the invention is shown having a ram element 1 formed as a beam and connected with two longitudinal racks 2 located on runners 3 which are fastened to a body plate 4 to be mounted in a load-bearing structure of an object exposed to the results of an unexpected impact. The object exposed to the results of the unexpected impact is not shown in the drawing . </p><p id="p0030" num="0030"> Each of the longitudinal racks 2 has a sliding part 5 located slidably in a through opening of the runner 3, as well as a toothed part 6 meshed with a toothed wheel 7 rotary mounted on an axis 8 mounted on the body plate 4. </p><p id="p0031" num="0031"> Each of the toothed wheels 7 drives a crosswise rack 9 located slidably in a crosswise runner 10 permanently fastened to the body plate 4, and the crosswise rack 9 cooperates with a toothed wheel 11 which by means of a band transmission 12 increasing rotational speed drives a rotary kinetic energy accumulator 13. Transmitting kinetic energy of rotary motion from the band transmissions 12 onto the kinetic energy rotary accumulators 13 is carried on by means of driven wheels 14 in the band transmissions 12, sleeves 15 and one-way clutches 16, whereas the sleeves 15 
<!-- EPO <DP n="8"/>-->
are fastened rotatably on axles 17 fastened in the body plate 4. </p><p id="p0032" num="0032"> Moreover, in the embodiment shown in Fig. 1, the toothed wheels 7 are connected through one-way clutches 18 with additional kinetic energy rotary accumulators 19. </p><p id="p0033" num="0033"> When the device according to the invention works, the one-way clutches 16, 18 of known structure transmit a torque onto the kinetic energy rotary accumulators 13, 19. After taking over the impact energy, when angular velocities of the driven wheels 14 in the band transmissions 12 or respectively the toothed wheels 7 are lower than angular velocities of the speeding kinetic energy rotary accumulators 13, 19, the one-way clutches 16, 18 are disconnected to enable free and long-lasting rotation of the said kinetic energy rotary accumulators until gathered kinetic energy is completely dissipated. </p><p id="p0034" num="0034"> The longitudinal racks 2 used in the device according to the invention as driving racks are mounted perpendicularly to the ram element 1 and simultaneously perpendicularly to the driven crosswise racks 9. </p><p id="p0035" num="0035"> The device according to the invention comprises moreover cushioning elements 20 situated between the longitudinal racks 2 and the ram element 1. In one embodiment the cushioning elements 20 are made of rubber. Other elastic plastics may be used too, as well as metals with a lower compression strength. Fluid, elastomer or spring shock absorbers may be also used as cushioning elements 20. An object of cushioning elements 20 is to initially dampen the kinetic energy in order to obtain 
<!-- EPO <DP n="9"/>-->
lower impact load in gear transmissions transferring the kinetic energy. </p><p id="p0036" num="0036"> As it is shown in the embodiment in Fig. 2, the device has an additional spring shock absorbing unit 21 placed in the sliding elements 5 of the longitudinal racks 2 inside the runners 3. The runners 3 of the longitudinal racks 2 and the runners 10 of the crosswise racks 9 are fastened to the body plate 4 perpendicularly one to another. Moreover, the runners 3 of the longitudinal racks 2 are situated perpendicularly to the ram element 1. </p><p id="p0037" num="0037"> In order to enable receiving the impact energy by the device according to the invention, the body plate 4 is fastened to a load-bearing structure of a protected object, for example a car (not shown in the drawing) by means of fastening elements 22. Depending on the expected value of impact energy possible to be converted by the device according to the invention, the fastening elements 22 may be realized by means of welding, riveting, gluing, screwing, as well as by other connecting methods which may be used in a structure of an object protected against impact effects. </p><p id="p0038" num="0038"> Arrows perpendicular to an outer surface of the ram element 1 show an expected direction of the impact force. Each angular deviation of the impact force from the expected impact direction increases probability of damages to the device and is a cause of decrease in impact energy taking over and dissipating effectiveness. Thus, the device according to the invention should be used in objects exposed to unexpected impacts in such a way that the 
<!-- EPO <DP n="10"/>-->
expected impact force is substantially perpendicular to the outer surface of the ram element 1. </p><p id="p0039" num="0039"> In Fig. 3, Fig. 4 and Fig. 5 there are precisely shown the details connected with the arrangement and cooperation of particular elements of the device according to the invention having two longitudinal racks 2 driving two crosswise racks 9. </p><p id="p0040" num="0040"> In Fig. 6 there is schematically shown a section across axes of the band transmission 12. The toothed wheel 11 driven by the crosswise rack 9 is connected axially by a bush 23 with the driving wheel 24 of the band transmission 12, and the driven wheel 14 of this transmission is connected axially by the bush 15 and the one-way clutch 16 with the kinetic energy rotary accumulator 13. In this embodiment the belt transmission with a driving belt 25 is shown as the band transmission 12. When greater impact energy has to be transferred, the toothed belt transmission or chain transmission may be used, and for still greater energies - gear transmissions may be used instead of the band transmissions 12. </p><p id="p0041" num="0041"> Fig. 7 shows an axial section through the toothed wheel 7 fastened rotatably on the axis 8. A bush part of the toothed wheel 7 is connected by the one-way clutch 18 with an additional kinetic energy rotary accumulator 19. </p><p id="p0042" num="0042"> According to Fig. 8, the one-way clutch 18 of the known structure is placed between a bush part of the toothed wheel 7 and an inner surface of the kinetic energy rotary accumulator 19. By using the one-way clutch 18 in the device according to the invention, the kinetic energy 
<!-- EPO <DP n="11"/>-->
rotary accumulator can freely rotate after receiving impact energy, what makes it possible to dissipate the energy gathered in it. </p><p id="p0043" num="0043"> The device for converting and accumulating impact energy shown in Fig. 9 is an embodiment of the invention, where one longitudinal rack 2 cooperates by means of the toothed wheel 7 with one crosswise rack 9. The runner 3 of the longitudinal rack 2 is perpendicular to the runner 10 of the crosswise rack 9, and both runners 3, 10 are fastened to the body plate 4. In order to increase the shape rigidity of the device according to the invention, in the embodiment shown in Fig. 9 two runners 26 for the ram element are used, fastened to the body plate 4 on both sides of the longitudinal rack 2. The ram element 1 is guided by means of guiding tangs 27 mounted slidably in the runners 26, whereas the guiding tangs 27 are fastened perpendicularly to the ram element 1 and simultaneously parallel to the longitudinal rack 2. The crosswise rack 9, driven by the longitudinal rack cooperating with the toothed wheel 7, rotates the kinetic energy rotary accumulator 13 by means of the toothed wheel 11 and the band transmission 12. Moreover, the toothed wheel 7 is axially engaged with an additional kinetic energy rotary accumulator 19. </p><p id="p0044" num="0044"> Fig. 10 shows in perspective view the device according to the invention having two longitudinal racks driving two crosswise racks during receiving impact energy. Sliding and rotary motions of particular parts of the device are marked by corresponding arrows in this figure. The body plate 4 is 
<!-- EPO <DP n="12"/>-->
fastened to a load-bearing structure of a car (not shown in the drawing) by means of the fastening means 22 in order to enable receiving impact energy by the device according to the invention. Kinetic energy of progressive motion acting during collision onto the ram element 1 is initially cushioned by the rubber cushioning elements 20, and is transferred onto the kinetic energy rotary accumulators 13 by the longitudinal racks, the toothed wheels 7, the crosswise racks 9, the toothed wheels 11 and the band transmission 12. Moreover, a part of kinetic energy of progressive motion is transferred onto the additional kinetic energy rotary accumulators 19 driven by the longitudinal racks 2 and the toothed wheels 7. In this way, the kinetic energy accumulated in a short time during an impact has a possibility to dissipate in a substantially longer time. </p><p id="p0045" num="0045"> When receiving greater impact energies, the speeding crosswise racks 9 after disengaging from the toothed wheels 7 and 11 may have yet substantial kinetic energy. In such a case, forces transferred onto the body plate 4, caused by braking the speeding crosswise racks 9, are balanced because during an impact the crosswise racks 9 of equal masses are driven in opposite directions, and have substantially the same speed. 
</p></description><claims mxw-id="PCLM43180222" ref-ucid="WO-2012093945-A1" lang="EN" load-source="patent-office"><claim-statement><!-- EPO <DP n="13"/>--> Claims </claim-statement><claim id="clm-0001" num="1"><claim-text>1. Impact energy converting device, especially for bumpers in automotive vehicles, comprising a ram element engaged with at least one longitudinal rack transferring impact energy to at least one kinetic energy rotary accumulator, where kinetic energy of progressive motion is converted into kinetic energy of rotary motion, characterized in that at least one said longitudinal rack (2) is engaged by at least one toothed wheel (7) with a crosswise rack (9) having its sliding direction inclined in relation to the sliding direction of the longitudinal rack (2), whereas the crosswise rack (9) drives the kinetic energy rotary accumulator (13) by a transmission (12) increasing its rotation speed. </claim-text></claim><claim id="clm-0002" num="2"><claim-text>2. Impact energy converting device according to Claim 1, characterized in that the toothed wheel (7) transferring drive energy from the longitudinal rack (2) onto the crosswise rack (9) drives an additional kinetic energy rotary accumulator (19). </claim-text></claim><claim id="clm-0003" num="3"><claim-text>3. Impact energy converting device according to Claim 1 or 2, characterized in that a direction in which the crosswise rack (9) is shifted is inclined at an angle of o </claim-text><claim-text> 90 from a direction m which the longitudinal rack (2) is shifted . </claim-text></claim><claim id="clm-0004" num="4"><claim-text> 4. Impact energy converting device according to Claim 1 or 2 or 3, characterized in that the crosswise rack (9) <!-- EPO <DP n="14"/>--> drives the kinetic energy rotary accumulator (13) by means of a band transmission (12) . </claim-text></claim><claim id="clm-0005" num="5"><claim-text>5. Impact energy converting device according to Claim 1 - 4, characterized in that a cushioning element (20) is mounted between the longitudinal rack (2) and the ram element ( 1 ) . </claim-text></claim><claim id="clm-0006" num="6"><claim-text>6. Impact energy converting device according to Claim 1 - 5, characterized in that it comprises one longitudinal rack</claim-text><claim-text>(2) engaged by the toothed wheel (7) with the crosswise rack ( 9) . </claim-text></claim><claim id="clm-0007" num="7"><claim-text>7. Impact energy converting device according to Claim 1 - 5, characterized in that it comprises two parallel longitudinal racks (2) engaged by the toothed wheels (7) with two crosswise racks (9), wherein when longitudinal racks are shifted, the crosswise racks (9) are driven in the opposite directions. </claim-text></claim></claims><copyright>User acknowledges that Fairview Research LLC and its third party providers retain all right, title and interest in and to this xml under applicable copyright laws.  User acquires no ownership rights to this xml including but not limited to its format.  User hereby accepts the terms and conditions of the Licence Agreement</copyright></patent-document>
