<?xml version="1.0" encoding="UTF-8"?>
<patent-document ucid="EP-2681107-A1" country="EP" doc-number="2681107" kind="A1" date="20140108" family-id="46584537" file-reference-id="240580" date-produced="20180823" status="corrected" lang="EN"><bibliographic-data><publication-reference fvid="146586649" ucid="EP-2681107-A1"><document-id><country>EP</country><doc-number>2681107</doc-number><kind>A1</kind><date>20140108</date><lang>EN</lang></document-id></publication-reference><application-reference ucid="EP-12752022-A" is-representative="NO"><document-id mxw-id="PAPP154848841" load-source="docdb" format="epo"><country>EP</country><doc-number>12752022</doc-number><kind>A</kind><date>20120302</date><lang>EN</lang></document-id><document-id mxw-id="PAPP191080977" load-source="docdb" format="original"><country>EP</country><doc-number>12752022.9</doc-number><date>20120302</date></document-id></application-reference><priority-claims><priority-claim mxw-id="PPC140549199" ucid="NO-20110334-A" load-source="docdb"><document-id format="epo"><country>NO</country><doc-number>20110334</doc-number><kind>A</kind><date>20110303</date></document-id></priority-claim><priority-claim mxw-id="PPC140556619" ucid="NO-2012000020-W" linkage-type="W" load-source="docdb"><document-id format="epo"><country>NO</country><doc-number>2012000020</doc-number><kind>W</kind><date>20120302</date></document-id></priority-claim></priority-claims><technical-data><classifications-ipcr><classification-ipcr mxw-id="PCL-1934605962" load-source="docdb">B63B  57/02        20060101ALI20160520BHEP        </classification-ipcr><classification-ipcr mxw-id="PCL-1934608410" load-source="docdb">B63J   2/12        20060101ALI20160520BHEP        </classification-ipcr><classification-ipcr mxw-id="PCL-1934609092" load-source="docdb">B63J   2/14        20060101AFI20160520BHEP        </classification-ipcr></classifications-ipcr><classifications-cpc><classification-cpc mxw-id="PCL1989620735" load-source="docdb" scheme="CPC">B63J2002/125       20130101 LA20130610BHEP        </classification-cpc><classification-cpc mxw-id="PCL1989621055" load-source="docdb" scheme="CPC">Y02T  70/72        20130101 LA20130809BHEP        </classification-cpc><classification-cpc mxw-id="PCL1989641756" load-source="docdb" scheme="CPC">B63J   2/14        20130101 FI20130420BHEP        </classification-cpc></classifications-cpc><invention-title mxw-id="PT132364580" lang="DE" load-source="patent-office">VERFAHREN UND SYSTEM ZUM ERWÄRMEN EINES FLUIDS IN MEHREREN TANKS</invention-title><invention-title mxw-id="PT132364581" lang="EN" load-source="patent-office">A METHOD AND SYSTEM FOR HEATING OF A FLUID INSIDE A PLURALITY OF TANKS</invention-title><invention-title mxw-id="PT132364582" lang="FR" load-source="patent-office">PROCÉDÉ ET SYSTÈME POUR CHAUFFER UN FLUIDE À L'INTÉRIEUR DE PLUSIEURS RÉSERVOIRS</invention-title></technical-data><parties><applicants><applicant mxw-id="PPAR919510539" load-source="docdb" sequence="1" format="epo"><addressbook><last-name>ULMATEC PYRO AS</last-name><address><country>NO</country></address></addressbook></applicant><applicant mxw-id="PPAR919538795" load-source="docdb" sequence="1" format="intermediate"><addressbook><last-name>ULMATEC PYRO AS</last-name></addressbook></applicant><applicant mxw-id="PPAR919014825" load-source="patent-office" sequence="1" format="original"><addressbook><last-name>Ulmatec Pyro AS</last-name><iid>101336206</iid><address><street>Gamlern</street><city>6280 Søvik</city><country>NO</country></address></addressbook></applicant></applicants><inventors><inventor mxw-id="PPAR919504633" load-source="docdb" sequence="1" format="epo"><addressbook><last-name>URKE JAN PETTER</last-name><address><country>NO</country></address></addressbook></inventor><inventor mxw-id="PPAR919510441" load-source="docdb" sequence="1" format="intermediate"><addressbook><last-name>URKE, Jan, Petter</last-name></addressbook></inventor><inventor mxw-id="PPAR919018732" load-source="patent-office" sequence="1" format="original"><addressbook><last-name>URKE, Jan, Petter</last-name><address><street>Flem 2</street><city>N-6293 Longva</city><country>NO</country></address></addressbook></inventor></inventors><agents><agent mxw-id="PPAR919019046" load-source="patent-office" sequence="1" format="original"><addressbook><last-name>Acapo AS</last-name><iid>101191731</iid><address><street>P.O. Box 1880 Nordnes</street><city>5817 Bergen</city><country>NO</country></address></addressbook></agent></agents></parties><international-convention-data><pct-or-regional-filing-data ucid="NO-2012000020-W"><document-id><country>NO</country><doc-number>2012000020</doc-number><kind>W</kind><date>20120302</date><lang>EN</lang></document-id></pct-or-regional-filing-data><pct-or-regional-publishing-data ucid="WO-2012118381-A1"><document-id><country>WO</country><doc-number>2012118381</doc-number><kind>A1</kind><date>20120907</date><lang>EN</lang></document-id></pct-or-regional-publishing-data><designated-states><ep-contracting-states><country mxw-id="DS549842683" load-source="docdb">AL</country><country mxw-id="DS549842918" load-source="docdb">AT</country><country mxw-id="DS549842778" load-source="docdb">BE</country><country mxw-id="DS549763150" load-source="docdb">BG</country><country mxw-id="DS549763423" load-source="docdb">CH</country><country mxw-id="DS549842779" load-source="docdb">CY</country><country mxw-id="DS549856353" load-source="docdb">CZ</country><country mxw-id="DS549842684" load-source="docdb">DE</country><country mxw-id="DS549842780" load-source="docdb">DK</country><country mxw-id="DS549842781" load-source="docdb">EE</country><country mxw-id="DS549774223" load-source="docdb">ES</country><country mxw-id="DS549763151" load-source="docdb">FI</country><country mxw-id="DS549763152" load-source="docdb">FR</country><country mxw-id="DS549842685" load-source="docdb">GB</country><country mxw-id="DS549842786" load-source="docdb">GR</country><country mxw-id="DS549842686" load-source="docdb">HR</country><country mxw-id="DS549856358" load-source="docdb">HU</country><country mxw-id="DS549763424" load-source="docdb">IE</country><country mxw-id="DS549842787" load-source="docdb">IS</country><country mxw-id="DS549763157" load-source="docdb">IT</country><country mxw-id="DS549842788" load-source="docdb">LI</country><country mxw-id="DS549763158" load-source="docdb">LT</country><country mxw-id="DS549842919" load-source="docdb">LU</country><country mxw-id="DS549763159" load-source="docdb">LV</country><country mxw-id="DS549763160" load-source="docdb">MC</country><country mxw-id="DS549842920" load-source="docdb">MK</country><country mxw-id="DS549842921" load-source="docdb">MT</country><country mxw-id="DS549774224" load-source="docdb">NL</country><country mxw-id="DS549915891" load-source="docdb">NO</country><country mxw-id="DS549774233" load-source="docdb">PL</country><country mxw-id="DS549763165" load-source="docdb">PT</country><country mxw-id="DS549856359" load-source="docdb">RO</country><country mxw-id="DS549763166" load-source="docdb">RS</country><country mxw-id="DS549774234" load-source="docdb">SE</country><country mxw-id="DS549763437" load-source="docdb">SI</country><country mxw-id="DS549915892" load-source="docdb">SK</country><country mxw-id="DS549915893" load-source="docdb">SM</country><country mxw-id="DS549842926" load-source="docdb">TR</country></ep-contracting-states></designated-states></international-convention-data><office-specific-data><eptags><ep-no-a-document-published>*</ep-no-a-document-published></eptags></office-specific-data></bibliographic-data><abstract mxw-id="PA99833162" ref-ucid="WO-2012118381-A1" lang="EN" load-source="patent-office"><p num="0000">A heating system and a method for heating a plurality of tanks (11) intended to contain a liquid onboard marine installations or vessels, based on circulation of a thermal liquid, such as water and/or glycol. Each tanks (11) is provided with at least one heating element (17) and associated piping system (20,21 ) for supply and discharge of the thermal fluid, and an inlet (12) for loading the fluid to be stores and an outlet (13) for discharging the stored fluid. Further, each tank is preferably also being provided with a primary circulation system including a pipe system with at least a valve and pumping unit (14,16) associated with said inlet (12) and outlet (13) for circulation of the liquid in the tank (11). The at least one heating element (17) and associated piping circulation system (20,21 ) is a closed circulation system, comprising a heat delivering heat exchange (23), a circulation pipeline system (20) delivering heat to at least one heating element (17) in the tank (11) and an actuated valve (22) arranged in the supply line (20) for each tank (11) for separately controlling the rate of circulation of heated liquid through the heating element (17), the heating element (17) comprising at least one small sized, high performance removable heating coil, and that the system includes a system for controlling the volume of heat delivered separately to each tank (11).</p></abstract><abstract mxw-id="PA100329573" ref-ucid="WO-2012118381-A1" lang="EN" source="national office" load-source="docdb"><p>A heating system and a method for heating a plurality of tanks (11) intended to contain a liquid onboard marine installations or vessels, based on circulation of a thermal liquid, such as water and/or glycol. Each tanks (11) is provided with at least one heating element (17) and associated piping system (20,21 ) for supply and discharge of the thermal fluid, and an inlet (12) for loading the fluid to be stores and an outlet (13) for discharging the stored fluid. Further, each tank is preferably also being provided with a primary circulation system including a pipe system with at least a valve and pumping unit (14,16) associated with said inlet (12) and outlet (13) for circulation of the liquid in the tank (11). The at least one heating element (17) and associated piping circulation system (20,21 ) is a closed circulation system, comprising a heat delivering heat exchange (23), a circulation pipeline system (20) delivering heat to at least one heating element (17) in the tank (11) and an actuated valve (22) arranged in the supply line (20) for each tank (11) for separately controlling the rate of circulation of heated liquid through the heating element (17), the heating element (17) comprising at least one small sized, high performance removable heating coil, and that the system includes a system for controlling the volume of heat delivered separately to each tank (11).</p></abstract><abstract mxw-id="PA99833163" ref-ucid="WO-2012118381-A1" lang="FR" load-source="patent-office"><p num="0000">L'invention concerne un système de chauffage et un procédé pour chauffer une pluralité de réservoirs (11) destinés à contenir un liquide à bord d'installations marines ou de navires, fondé sur la circulation d'un liquide thermique, tel que de l'eau et/ou un glycol. Chaque réservoir (11) comprend un élément de chauffage (17) et un système de conduites associé (20, 21) pour l'alimentation en fluide thermique et l'évacuation de celui-ci, ainsi qu'une admission (12) servant à charger le fluide à stocker et une évacuation (13) servant à évacuer le fluide stocké. De plus, chaque réservoir comprend de préférence également un système de circulation primaire comportant un système de conduites avec au moins une valve et une unité de pompape (14, 16) qui sont associées à l'admission (12) et à l'évacuation (13) pour permettre la circulation du liquide dans le réservoir (11). Le(s) élément(s) de chauffage (17) et le système de circulation à conduites (20, 21) associé se présentent sous la forme d'un système de circulation fermé, comprenant un échange thermique (23) fournissant de la chaleur, un système de conduites de circulation (20) fournissant de la chaleur à au moins un élément de chauffage (17) dans le réservoir (11) et une valve actionnée (22) qui est agencée dans la ligne d'alimentation (20) pour chaque réservoir (11) en vue de réguler séparément le débit de circulation de liquide chauffé dans l'élément de chauffage (17). Cet élément de chauffage (17) comprend au moins une bobine de chauffage amovible, haute performance, présentant de petites dimensions, et le système comprend en outre un système pour réguler la quantité de chaleur fournie séparément à chaque réservoir (11).</p></abstract><abstract mxw-id="PA100329574" ref-ucid="WO-2012118381-A1" lang="FR" source="national office" load-source="docdb"><p>L'invention concerne un système de chauffage et un procédé pour chauffer une pluralité de réservoirs (11) destinés à contenir un liquide à bord d'installations marines ou de navires, fondé sur la circulation d'un liquide thermique, tel que de l'eau et/ou un glycol. Chaque réservoir (11) comprend un élément de chauffage (17) et un système de conduites associé (20, 21) pour l'alimentation en fluide thermique et l'évacuation de celui-ci, ainsi qu'une admission (12) servant à charger le fluide à stocker et une évacuation (13) servant à évacuer le fluide stocké. De plus, chaque réservoir comprend de préférence également un système de circulation primaire comportant un système de conduites avec au moins une valve et une unité de pompape (14, 16) qui sont associées à l'admission (12) et à l'évacuation (13) pour permettre la circulation du liquide dans le réservoir (11). Le(s) élément(s) de chauffage (17) et le système de circulation à conduites (20, 21) associé se présentent sous la forme d'un système de circulation fermé, comprenant un échange thermique (23) fournissant de la chaleur, un système de conduites de circulation (20) fournissant de la chaleur à au moins un élément de chauffage (17) dans le réservoir (11) et une valve actionnée (22) qui est agencée dans la ligne d'alimentation (20) pour chaque réservoir (11) en vue de réguler séparément le débit de circulation de liquide chauffé dans l'élément de chauffage (17). Cet élément de chauffage (17) comprend au moins une bobine de chauffage amovible, haute performance, présentant de petites dimensions, et le système comprend en outre un système pour réguler la quantité de chaleur fournie séparément à chaque réservoir (11).</p></abstract><description mxw-id="PDES51232822" ref-ucid="WO-2012118381-A1" lang="EN" load-source="patent-office"><!-- EPO <DP n="2"/>--><p id="p0001" num="0001"> A METHOD AND SYSTEM FOR HEATING OF A FLUID INSIDE A PLURALITY OF TANKS </p><p id="p0002" num="0002">Technical Field of the Invention </p><p id="p0003" num="0003"> The present invention relates to a heating system and a method for heating a liquid of any type contained in at least one tank on marine installations or vessels, based on circulation of a thermal liquid, such as water and/or glycol. Each tanks is provided with at least one heating element and associated piping system for supply and discharge of the thermal fluid, and an inlet for loading the fluid to be stored and an outlet for discharging the stored fluid. Further, each tank is preferably provided with a primary circulation system including a pipe system with at least a valve and pumping unit associated with said inlet and outlet for circulation of the fluid in the tank, and with an interconnecting pipe system for secondary circulation of the thermal liquid in order to heat the liquid in the tank. </p><p id="p0004" num="0004">Background for the Invention </p><p id="p0005" num="0005"> On vessels and on board offshore platforms there is a need for storing fluids, such as oil or other types of liquids, either for transport and storage and/or for consumption. Such liquids have a tendency to have a low viscosity, reducing the pumping ability of the liquid. In such tanks, it is well known to apply a primary and a secondary circulation system. The primary circulation system is applied for filling and emptying the tank of its liquid content and also for circulating the liquid while stored inside the tank. As a consequence, it is also well known to heat the liquid while stored in the tank by circulating a heated liquid, such as water through a piping system inside the tank. Said circulating system of a heated liquid is through relatively long pipelines inside the tank. Thus, the circulation pipeline system of the tanks functions as heating elements, said pipes being plain pipes arranged on the bottom of the tank. For connecting said pipeline to a central, main circulation pipeline system onboard the vessel, the tank is provided with an inlet and an outlet. </p><p id="p0006" num="0006"> For circulating the heated liquid in the pipeline system inside the tank, the pipeline system comprises a pump and valve(s) and a loop connecting the inlet and 
<!-- EPO <DP n="3"/>-->
 the outlet, so that the fluid in the tank may be circulated through the system, for example during heating. The circulation system is a closed system, making it possible to circulate hot fluid to each tank for individual heating by opening and closing the valves associated with each tank. The hot fluid may for example be steam, hot water, glycol, or thermal oil. One circulation pump is also usually introduced in the circulation system and the circulation pipeline system is connected to a heat exchanger for supply of heat from an external source to the liquid circulating through the system. Also, a conventional expansion tank is incorporated into the closed circulation system. For heating of ORO cargo (Oil Recovery </p><p id="p0007" num="0007">Operation cargo) steam delivered by a steam generator system is the most common medium for heating the tank fluid, such steam being introduced directly into the tank. </p><p id="p0008" num="0008"> As an alternative for circulating a hot fluid through a closed piping system inside the tank, steam may be injected directly into the content of the tank. Summary of the Invention </p><p id="p0009" num="0009"> An object of the present invention is to provide an improved heating system for tanks containing a fluid, and an improved method for heating fluids contained in tanks. </p><p id="p0010" num="0010"> A further object of the present invention is to provide a system using "green energy", i.e. energy recovered from one or more cooling systems on the marine installation, such energy otherwise would have been lost or wasted. </p><p id="p0011" num="0011"> Another object of the present invention is to provide a system which effectively and quickly may be installed in and removed from a tank without any significant installation activity. </p><p id="p0012" num="0012"> Another object of the present invention is to provide a solution enhancing the cleaning process of the tank, allowing the region around the heating element to be thoroughly cleaned, without leaving any un-accessible area of the tank to be cleaned. </p><p id="p0013" num="0013"> According to the present invention highly effective spiral coils may be used for heating the fluid in the tanks, said coils being of a type and being configured in such way that they quickly may be installed and removed from the tank in an efficient and cost effective manner. The coils are preferably attached to the tank wall, thus 
<!-- EPO <DP n="4"/>-->
 avoiding any detrimental permanent fixing or attachment brackets or other types of attaching means fixed to the tank bottom. </p><p id="p0014" num="0014"> Further, according to the present invention an efficient control system is provided, enabling use of "green energy" and individual control and monitoring of the heating of each tank by individual regulation of the opening of each of the valves for supply of heated fluid on an individual basis for circulation through each separate heating coil. The control of the valves may be on an open/closed basis. </p><p id="p0015" num="0015"> The objects of the present invention are achieved by means of a heating system and a method as further defined in the independent claims while alternatives and embodiments of the invention are defined by the dependent claims. </p><p id="p0016" num="0016"> The heating system is provided with a secondary circulation system in a closed circulation system, comprising a heat delivering heat exchanger, a circulation pipeline system delivering heat to at least one heating element in a tank and an actuated valve arranged in the supply line for each tank for separately controlling the rate of circulation of heated liquid through the heating element, the heating element comprising at least one small sized, high performance removable heating coil, and that the system includes a system for controlling the volume of heat delivered separately and independently to each tank. </p><p id="p0017" num="0017"> According to one embodiment, the heating element is in the form of a plain, smooth coil provided with a flange arrangement for attachment to the tank wall, above the tank floor. </p><p id="p0018" num="0018"> Further, one or more temperature sensing sensors are provided in the system, measuring the temperature of the heating fluid delivered to the tank(s), the valves being preferably individually controlled by the control system, opening or closing the valve individually based on temperature measurements compared with </p><p id="p0019" num="0019">corresponding set values stored in the control system. </p><p id="p0020" num="0020"> According to the method proposed herein, green energy in the form of recovered heat, is delivered from heat producing units, such as cooling liquid for cooling engines, exhaust gas, combustors and incinerators used for heating the liquid in said tank(s). </p><p id="p0021" num="0021"> Said heated liquid is preferably circulated in a closed system where heat is delivered by a heat exchanger, supplying heat from said cooling liquid to said tanks 
<!-- EPO <DP n="5"/>-->
 individually. The volume of heated liquid circulating through one or more tanks may preferably be individually controlled by regulating the opening of an actuated valve, based on signals from a control unit, the unit comparing temperature measurements from one or more temperature sensors and comparing said registered temperature with predefined set values for the required temperature. </p><p id="p0022" num="0022"> According to one embodiment of the method described, the valve opening is regulated such that the volume of heat energy supplied to all tanks are equal. </p><p id="p0023" num="0023"> By providing one or more temperature measuring sensors in main circulation line system it is possible to control the positions of the various valves, such valves preferably, but not exclusively, being of the open/close type, and/or to regulate the speed of the main circulation pump, based on comparison of the registered values with set values. Hence an automatically controlled system is obtained. </p><p id="p0024" num="0024"> The system according to the present invention may be connected directly to the main heating system onboard the vessel, making it possible to supply heat from the heat recovery system, i.e. using heat which otherwise would have been wasted. </p><p id="p0025" num="0025"> It should be noted that it is not always necessary to circulate the liquid inside the tank during heating, if the liquid is of a low viscosity type. Further, according to the present invention, it is not necessary to use a large number of temperature measuring sensors inside the tank. When measuring the temperature, the circulation pump may be stopped for a certain period of time, and also stopping then heating of the liquid in the tank, allowing the heated liquid to mix with the </p><p id="p0026" num="0026">surrounding liquid, and then restart the circulation, measuring the temperature in the circulation pipeline. Short Description of the Drawings </p><p id="p0027" num="0027"> In the following one embodiment of the invention will be described in detail, referring to the accompanying drawing, wherein: </p><p id="p0028" num="0028"> Figure 1 shows a system diagram of one embodiment of a rank heating system according to the invention. </p><p id="p0029" num="0029">Detailed Description of the Invention </p><p id="p0030" num="0030"> Figure 1 shows a system diagram of one embodiment of a tank heating system 10 according to the invention. The system comprises a plurality of tanks 1 1 
<!-- EPO <DP n="6"/>-->
 provided with an inlet 12 for loading a fluid, such as oil, into the tank. It should be noted that the system according to the present invention also may be applicable in respect to only one tankl . Further, the tank 1 1 is also provided with an outlet for discharging the liquid from the tank. The inlet 12 and the outlet of each tank 1 1 are associated with a main piping system (not shown) for loading or discharging liquid from the tank system 1 1 . According to the embodiment shown, each tank is also provided with a discharge and circulation pump 14 and a circulation pipeline 15, configured to allow circulation of the liquid stored in a tank in a closed loop from the tank 1 1 through the outlet 13, the circulation pump 14, the circulation pipeline 15, the inlet 12 and back to the tank 1 1 . A valve 16 is provided in the circulation pipeline 15. Such circulation system is not always required, if the liquid inside the tank has a low viscosity. </p><p id="p0031" num="0031"> According to the present invention the tank is provided with a heating system comprising two heating element 17 arranged inside the tank 1 1 . The tank heating system according to the embodiment shown is a closed pressurized heating system for maritime installations based on thermal fluid (water) circulation and a working temperature up to 100 °C. The working pressure is normally up to 2 Bar. Even though two heating elements 17 are shown in the Figure, the number of heating elements 17 may be one or more, depending on the size of the tank 1 1 and the type of fluid to be stored in the tank 1 1 and the required heating in order to provide a liquid having a viscosity which enable pumping of the liquid.. </p><p id="p0032" num="0032"> The heating elements 17 in the tank 1 1 are preferably made of "small size" high performance heating coils with capacity normally up to 200kW and are flanged to the tank 1 1 close to the suction outlet line for easy and fast mounting and dismantling. If the liquid in the tank 1 1 is of low viscosity type, the pump 14 connected to the tank 1 1 could be used for circulation internally in the tank 1 1 . This will give more effective heat exchange. For example two coils of 200 kW may be used for each tank 1 1 , provided with flange arrangement for enabling welding to the tank wall and with use of flexible hoses for enabling quick and cost effective connection. </p><p id="p0033" num="0033"> As disclosed the heating elements 7 are connected to an inlet pipeline 8 and an outlet pipeline 19 and all heating elements 17 being connected to a main 
<!-- EPO <DP n="7"/>-->
 circulation load pipeline 20 and discharging pipeline 21 . In the inlet pipelines 18, branched off the main inlet pipeline 19, an actuated valve 22 is arranged for flow control to individual heating coils 17/tank 1 1. </p><p id="p0034" num="0034"> The thermal fluid circulating through the system is heated by a heat exchanger 23, connected to the central heating system (not shown). This gives an opportunity to utilize "green energy" from heat recovery system in HT-cooling system and/or exhaust gas economizer in the exhaust gas system. Such central heating system is disclosed in the applicant's co-pending Norwegian application No. 201 10336, filed on the same date as the present application, the content of which hereby being included by the reference. An expander tank 24 for thermal expansion between 10 and 100 degrees Celsius and a thermal fluid circulation pump or pumps 25 are connected to the main inlet and outlet circulation pipeline system. One or more actuated valves 26 are also incorporated into the main circulation system. Preferably two equal pumps 25, mounted on skid may be used, one running and one stand-by. Each pump 25 may preferably have capacity for delivering thermal fluid sufficient to meet the total heat consumption required. The pumps 25 may preferably be arranged in parallel with associated valve and piping system, always allowing one of the pumps to be in a stand-by mode. At the inlet and outlet side of the heat exchanger sensors for measuring the temperature of the thermal fluid in the closed loop entering and leaving the heat exchanger are arranged. The sensed temperature is sent to a control cabinet 28 through a signal line system 29. </p><p id="p0035" num="0035"> The system according to the invention is automatically controlled and monitored by a control system on an on/off basis from the control cabinet 28 and can be interfaced to the main computer system (IAS). Manual control is standard features. The control system also control supply of power to the actuated valves</p><p id="p0036" num="0036">22,26, the status and the position of the actuated valves 22,26 also being controlled and monitored from the control cabinet 28. The control cabinet may for example be in the form of a 5,7" touch screen disclosing mimic diagram for the main pipeline 20,21 and all main components. The system may also have user interface for system operation and parameter setting, also displaying temperatures and valve status. 
<!-- EPO <DP n="8"/>-->
 Further, the system may also have an alarm display and an acknowledge system, interfacing and/or optionally being controlled by an Integrated Automation System (IAS) 31 on board the vessel. </p><p id="p0037" num="0037"> The system is automatically controlled and monitored by a control system 30 and can be interfaced to the main computer system (IAS) 31 . Manual control is standard features. 
</p></description><claims mxw-id="PCLM44851978" ref-ucid="WO-2012118381-A1" lang="EN" load-source="patent-office"><claim-statement><!-- EPO <DP n="9"/>-->Claims </claim-statement><claim id="clm-0001" num="1"><claim-text>1 . A heating system for heating a plurality of tanks (1 1 ) intended to contain a liquid onboard marine installations or vessels, based on circulation of a thermal liquid, such as water and/or glycol, each tanks (1 1 ) being provided with at least one heating element (17) and associated piping system (20,21 ) for supply and discharge of the thermal fluid, and an inlet (12) for loading the fluid to be stores and an outlet (13) for discharging the stored fluid, each tank preferably also being provided with a primary circulation system including a pipe system with at least a valve and pumping unit (14, 16) associated with said inlet (12) and outlet (13) for circulation of the liquid in the tank (1 1 ), </claim-text><claim-text>c h a r a c t e r i z e d i n that the at least one heating element (17) and associated piping circulation system (20,21 ) is a closed circulation system, comprising a heat delivering heat exchange (23), a circulation pipeline system (20) delivering heat to at least one heating element (17) in the tank (1 1 ) and an actuated valve (22) arranged in the supply line (20) for each tank (1 1 ) for separately controlling the rate of circulation of heated liquid through the heating element (17), the heating element (17) comprising at least one small sized, high performance removable heating coil, and that the system includes a system for controlling the volume of heat delivered separately to each tank (1 1 ). </claim-text></claim><claim id="clm-0002" num="2"><claim-text>2. Heating system according to claim 1 , wherein the heating element (17) is in the form of a plain, smooth coil provided with a flange arrangement for attachment to the tank wall, above the tank floor. </claim-text></claim><claim id="clm-0003" num="3"><claim-text>3. Heating system according to claim 1 or 2, wherein one or more temperature sensing sensors(27) is provided in the system, measuring the temperature of the heating fluid delivered to the tank(s) (1 1 ). </claim-text></claim><claim id="clm-0004" num="4"><claim-text>4. Heating system according to one of the claims 1 -3, wherein the valves (22) are individually controlled by the control system, opening or closing each valve (22) individually based on temperature measurements compared with corresponding set values stored in the control system. <!-- EPO <DP n="10"/>--> </claim-text></claim><claim id="clm-0005" num="5"><claim-text>5. Method for heating liquid stored in one or more tanks (1 1 ) on marine installations or vessels, based on circulation of a thermal liquid, such as water and/or glycol, each tanks (1 1 ) being provided with at least one heating element (17) and associated piping system for supply and discharge of the thermal fluid, and an inlet (12) for loading the fluid to be stored and an outlet (13) for discharging the stored fluid, each tank (1 1 ) preferably being provided with a primary circulation system including a pipe system with at least a valve ( 6) and pumping unit (14) associated with said inlet (12) and outlet (13) for circulation of the liquid in the tank (1 1 ), and with an interconnecting pipe system (20,21 ) for secondary circulation of the thermal liquid in order to heat the liquid in the tank (1 1 ), </claim-text><claim-text>c h a r a c t e r i z e d i n that green energy in the form of heat, delivered from heat producing units, such as cooling liquid for cooling engines, exhaust gas, combustors and incinerators is used for heating the liquid in said tank(s) (1 1 ). </claim-text></claim><claim id="clm-0006" num="6"><claim-text>6. Method according to claim 5, wherein the heated liquid is circulated in a closed system where heat is delivered by a heat exchanger (23), supplying heat from said cooling liquid said tanks(1 1 ) individually. , </claim-text></claim><claim id="clm-0007" num="7"><claim-text>7. Method according to claim 5 or 6, wherein said the volume of heated liquid circulating through one or more tanks (1 1 ) are individually controlled by regulating the opening of an actuated valve (22), based on signals from a control unit (28), the unit (28) comparing temperature measurements from one or more temperature sensors(27) and comparing said registered temperature with predefined set values for the required temperature. </claim-text></claim><claim id="clm-0008" num="8"><claim-text>8. Method according to one of the claims 5-7, wherein the valve(22) opening is regulated such that the volume of heat energy supplied to all tanks (1 1 )are equal. </claim-text></claim></claims><copyright>User acknowledges that Fairview Research LLC and its third party providers retain all right, title and interest in and to this xml under applicable copyright laws.  User acquires no ownership rights to this xml including but not limited to its format.  User hereby accepts the terms and conditions of the Licence Agreement</copyright></patent-document>
