<?xml version="1.0" encoding="UTF-8"?>
<patent-document ucid="EP-2958880-A1" country="EP" doc-number="2958880" kind="A1" date="20151230" family-id="51351685" file-reference-id="280353" date-produced="20180822" status="corrected" lang="EN"><bibliographic-data><publication-reference fvid="160453798" ucid="EP-2958880-A1"><document-id><country>EP</country><doc-number>2958880</doc-number><kind>A1</kind><date>20151230</date><lang>EN</lang></document-id></publication-reference><application-reference ucid="EP-14754946-A" is-representative="NO"><document-id mxw-id="PAPP193870564" load-source="patent-office" format="original"><country>EP</country><doc-number>14754946.3</doc-number><date>20140218</date><lang>EN</lang></document-id><document-id mxw-id="PAPP193870565" load-source="docdb" format="epo"><country>EP</country><doc-number>14754946</doc-number><kind>A</kind><date>20140218</date><lang>EN</lang></document-id></application-reference><priority-claims><priority-claim mxw-id="PPC162033650" ucid="US-201361766405-P" load-source="docdb"><document-id format="epo"><country>US</country><doc-number>201361766405</doc-number><kind>P</kind><date>20130219</date></document-id></priority-claim><priority-claim mxw-id="PPC162027637" ucid="US-2014016873-W" linkage-type="W" load-source="docdb"><document-id format="epo"><country>US</country><doc-number>2014016873</doc-number><kind>W</kind><date>20140218</date></document-id></priority-claim><priority-claim mxw-id="PPC162035916" ucid="US-201414181769-A" load-source="docdb"><document-id format="epo"><country>US</country><doc-number>201414181769</doc-number><kind>A</kind><date>20140217</date></document-id></priority-claim></priority-claims><technical-data><classifications-ipcr><classification-ipcr mxw-id="PCL-1897317691" load-source="docdb">C07C  21/04        20060101ALI20160908BHEP        </classification-ipcr><classification-ipcr mxw-id="PCL-1897317692" load-source="docdb">C07C  17/383       20060101ALI20160908BHEP        </classification-ipcr><classification-ipcr mxw-id="PCL-1897317693" load-source="docdb">C07C  17/25        20060101AFI20160908BHEP        </classification-ipcr></classifications-ipcr><classifications-cpc><classification-cpc mxw-id="PCL-1987776823" load-source="docdb" scheme="CPC">C07C  17/04        20130101 FI20140821BHEP        </classification-cpc><classification-cpc mxw-id="PCL-1987787077" load-source="docdb" scheme="CPC">C07C  17/25        20130101 LI20140821BHEP        </classification-cpc></classifications-cpc><invention-title mxw-id="PT165552860" lang="DE" load-source="patent-office">VERFAHREN ZUR HERSTELLUNG VON 1,1,2,3-TETRACHLORPROPEN AUS 1,1,3-TRICHLOROPROPEN UND/ODER 3,3,3-TRICHLOROPROPEN</invention-title><invention-title mxw-id="PT165552861" lang="EN" load-source="patent-office">PROCESS TO MAKE 1,1,2,3-TETRACHLOROPROPENE FROM 1,1,3-TRICHLOROPROPENE AND/OR 3,3,3- TRICHLOROPROPENE</invention-title><invention-title mxw-id="PT165552862" lang="FR" load-source="patent-office">PROCÉDÉ DE FABRICATION DE 1,1,2,3-TÉTRACHLOROPROPÈNE À PARTIR DE 1,1,3-TRICHLOROPROPÈNE ET/OU DE 3,3,3-TRICHLOROPROPÈNE</invention-title></technical-data><parties><applicants><applicant mxw-id="PPAR1103338365" load-source="docdb" sequence="1" format="epo"><addressbook><last-name>HONEYWELL INT INC</last-name><address><country>US</country></address></addressbook></applicant><applicant mxw-id="PPAR1103337025" load-source="docdb" sequence="1" format="intermediate"><addressbook><last-name>HONEYWELL INTERNATIONAL INC.</last-name></addressbook></applicant><applicant mxw-id="PPAR1101646300" load-source="patent-office" sequence="1" format="original"><addressbook><last-name>Honeywell International Inc.</last-name><iid>101557600</iid><address><street>115 Tabor Road</street><city>Morris Plains, NJ 07950</city><country>US</country></address></addressbook></applicant></applicants><inventors><inventor mxw-id="PPAR1103343984" load-source="docdb" sequence="1" format="epo"><addressbook><last-name>YANG TERRIS</last-name><address><country>US</country></address></addressbook></inventor><inventor mxw-id="PPAR1103334523" load-source="docdb" sequence="1" format="intermediate"><addressbook><last-name>YANG, Terris</last-name></addressbook></inventor><inventor mxw-id="PPAR1101641700" load-source="patent-office" sequence="1" format="original"><addressbook><last-name>YANG, Terris</last-name><address><street>193 Meadow Spring Lane</street><city>East Amherst, New York 14051</city><country>US</country></address></addressbook></inventor><inventor mxw-id="PPAR1103316662" load-source="docdb" sequence="2" format="epo"><addressbook><last-name>TUNG HSUEH SUNG</last-name><address><country>US</country></address></addressbook></inventor><inventor mxw-id="PPAR1103342727" load-source="docdb" sequence="2" format="intermediate"><addressbook><last-name>TUNG, HSUEH SUNG</last-name></addressbook></inventor><inventor mxw-id="PPAR1101649235" load-source="patent-office" sequence="2" format="original"><addressbook><last-name>TUNG, HSUEH SUNG</last-name><address><street>16 Vassar Drive</street><city>Getzville, New York 14068</city><country>US</country></address></addressbook></inventor></inventors><agents><agent mxw-id="PPAR1101640023" load-source="patent-office" sequence="1" format="original"><addressbook><last-name>Hucker, Charlotte Jane</last-name><suffix>et al</suffix><iid>101150814</iid><address><street>Kilburn &amp; Strode LLP 20 Red Lion Street</street><city>London WC1R 4PJ</city><country>GB</country></address></addressbook></agent></agents></parties><international-convention-data><pct-or-regional-filing-data ucid="US-2014016873-W"><document-id><country>US</country><doc-number>2014016873</doc-number><kind>W</kind><date>20140218</date><lang>EN</lang></document-id></pct-or-regional-filing-data><pct-or-regional-publishing-data ucid="WO-2014130445-A1"><document-id><country>WO</country><doc-number>2014130445</doc-number><kind>A1</kind><date>20140828</date><lang>EN</lang></document-id></pct-or-regional-publishing-data><designated-states><ep-contracting-states><country mxw-id="DS660646609" load-source="docdb">AL</country><country mxw-id="DS660734929" load-source="docdb">AT</country><country mxw-id="DS660795055" load-source="docdb">BE</country><country mxw-id="DS660641866" load-source="docdb">BG</country><country mxw-id="DS660643104" load-source="docdb">CH</country><country mxw-id="DS660795056" load-source="docdb">CY</country><country mxw-id="DS660734930" load-source="docdb">CZ</country><country mxw-id="DS660646615" load-source="docdb">DE</country><country mxw-id="DS660795057" load-source="docdb">DK</country><country mxw-id="DS660795058" load-source="docdb">EE</country><country mxw-id="DS660724821" load-source="docdb">ES</country><country mxw-id="DS660641879" load-source="docdb">FI</country><country mxw-id="DS660643105" load-source="docdb">FR</country><country mxw-id="DS660646616" load-source="docdb">GB</country><country mxw-id="DS660795059" load-source="docdb">GR</country><country mxw-id="DS660646617" load-source="docdb">HR</country><country mxw-id="DS660734935" load-source="docdb">HU</country><country mxw-id="DS660643106" load-source="docdb">IE</country><country mxw-id="DS660795060" load-source="docdb">IS</country><country mxw-id="DS660641880" load-source="docdb">IT</country><country mxw-id="DS660795061" load-source="docdb">LI</country><country mxw-id="DS660641881" load-source="docdb">LT</country><country mxw-id="DS660724118" load-source="docdb">LU</country><country mxw-id="DS660641882" load-source="docdb">LV</country><country mxw-id="DS660641895" load-source="docdb">MC</country><country mxw-id="DS660724123" load-source="docdb">MK</country><country mxw-id="DS660724124" load-source="docdb">MT</country><country mxw-id="DS660641896" load-source="docdb">NL</country><country mxw-id="DS660643111" load-source="docdb">NO</country><country mxw-id="DS660641897" load-source="docdb">PL</country><country mxw-id="DS660724822" load-source="docdb">PT</country><country mxw-id="DS660646623" load-source="docdb">RO</country><country mxw-id="DS660724827" load-source="docdb">RS</country><country mxw-id="DS660641898" load-source="docdb">SE</country><country mxw-id="DS660759201" load-source="docdb">SI</country><country mxw-id="DS660643112" load-source="docdb">SK</country><country mxw-id="DS660643113" load-source="docdb">SM</country><country mxw-id="DS660795062" load-source="docdb">TR</country></ep-contracting-states><ep-extended-states><ep-extended-state-data><country>BA</country></ep-extended-state-data><ep-extended-state-data><country>ME</country></ep-extended-state-data></ep-extended-states></designated-states></international-convention-data><office-specific-data><eptags><ep-no-a-document-published>*</ep-no-a-document-published></eptags></office-specific-data></bibliographic-data><abstract mxw-id="PA139073417" ref-ucid="WO-2014130445-A1" lang="EN" load-source="patent-office"><p num="0000">Disclosed is a process for the synthesis of 1,1,2,3-tetrachloropropene (HCC- 1230xa) using 1,1,3-trichloropropene (HCC-1240za) and/or 3,3,3-trichloropropene (HCC-1240zf) and Cl<sub>2</sub> gas as the reactants, wherein the process takes place in a single reactor system. Before this invention, HCC-1230xa was made in a two-step process using HCC-1240za/HCC-1240zf and Cl<sub>2</sub> gas, and the processing was conducted using two separate reactors.</p></abstract><abstract mxw-id="PA139541066" ref-ucid="WO-2014130445-A1" lang="EN" source="national office" load-source="docdb"><p>Disclosed is a process for the synthesis of 1,1,2,3-tetrachloropropene (HCC- 1230xa) using 1,1,3-trichloropropene (HCC-1240za) and/or 3,3,3-trichloropropene (HCC-1240zf) and Cl2 gas as the reactants, wherein the process takes place in a single reactor system. Before this invention, HCC-1230xa was made in a two-step process using HCC-1240za/HCC-1240zf and Cl2 gas, and the processing was conducted using two separate reactors.</p></abstract><abstract mxw-id="PA139073418" ref-ucid="WO-2014130445-A1" lang="FR" load-source="patent-office"><p num="0000">L'invention concerne un procédé de synthèse de 1,1,2,3-tétrachloropropène (HCC-1230xa) à l'aide de 1,1,3-trichloropropène (HCC-1240za) et/ou de 3,3,3-trichloropropène (HCC-1240zf) et de Cl<sub>2</sub> gazeux en tant que réactifs ; le procédé étant mis en œuvre dans un système à réacteur unique. Avant cette invention, le HCC-1230xa était fabriqué dans un procédé en deux étapes faisant intervenir du HCC-1240za/HCC-1240zf et du Cl<sub>2</sub> gazeux, et le traitement était effectué au moyen de deux réacteurs séparés.</p></abstract><abstract mxw-id="PA139541067" ref-ucid="WO-2014130445-A1" lang="FR" source="national office" load-source="docdb"><p>L'invention concerne un procédé de synthèse de 1,1,2,3-tétrachloropropène (HCC-1230xa) à l'aide de 1,1,3-trichloropropène (HCC-1240za) et/ou de 3,3,3-trichloropropène (HCC-1240zf) et de Cl2 gazeux en tant que réactifs ; le procédé étant mis en œuvre dans un système à réacteur unique. Avant cette invention, le HCC-1230xa était fabriqué dans un procédé en deux étapes faisant intervenir du HCC-1240za/HCC-1240zf et du Cl2 gazeux, et le traitement était effectué au moyen de deux réacteurs séparés.</p></abstract><description mxw-id="PDES78476952" ref-ucid="WO-2014130445-A1" lang="EN" load-source="patent-office"><!-- EPO <DP n="3"/>--><p id="p0001" num="0001"> PROCESS TO MAKE 1, 1,2,3-TETRACHLOROPROPENE </p><p id="p0002" num="0002">FROM 1, 1,3-TRICHLOROPROPENE AND/OR 3,3,3- TRICHLOROPROPENE </p><p id="p0003" num="0003">PRIORITY CLAIMS </p><p id="p0004" num="0004">This application claims benefit of U.S. Patent Application Serial No. </p><p id="p0005" num="0005">14/181,769 filed February 17, 2014, the disclosure of which is hereby incorporated herein by reference. </p><p id="p0006" num="0006">This application also claims benefit of U.S. Provisional Patent Application Serial No. 61/766,405 filed February 19, 2013, the disclosure of which is hereby incorporated herein by reference. </p><p id="p0007" num="0007">BACKGROUND OF THE INVENTION </p><p id="p0008" num="0008">As disclosed in U.S. Patent No. 8,058,486, the compound 1, 1,2,3-tetrachloro- propene (HCC-1230xa) is an important precursor that can be used for the production of 2,3,3,3-tetrafluoropropene (HFO-1234yf), which is a low GWP molecule that can be used as an effective refrigerant, fire extinguishing agent, heat transfer medium, propellant, foaming agent, blowing agent, gaseous dielectric agent, sterilant carrier, polymerization medium, particulate removal fluid, carrier fluid, buffing abrasive agent, displacement drying agent and power cycle working fluid, to name but a few. 
<!-- EPO <DP n="4"/>-->
 In normal practice, HCC-1230xa can be made in a two-step process using 1, 1,3-trichloropropene (HCC-1240za or 1240za) and/or 3,3,3-trichloropropene (HCC- 1240zf or 1240zf) as the starting material. In the first step, 1240za and/or 1240zf are chlorinated by Cl<sub>2</sub> in one reactor to form the intermediate product 1, 1,1, 2,3 -penta- chloropropane (HCC-240db or 240db) under certain reaction conditions: </p><p id="p0009" num="0009">CC1<sub>2</sub>=CH-CH<sub>2</sub>C1 (1240za) + Cl<sub>2</sub> --&gt; CC1<sub>3</sub>-CHC1-CH<sub>2</sub>C1 (240db) </p><p id="p0010" num="0010">CH<sub>2</sub>=CH-CC1<sub>3</sub> (1240zf) + Cl<sub>2</sub> -&gt; CC1<sub>3</sub>-CHC1-CH<sub>2</sub>C1 (240db) </p><p id="p0011" num="0011">Next, the 240db is fed into another reactor and dehydrochlorinated by a catalyst (such as FeCy to form HCC-1230xa and HC1: </p><p id="p0012" num="0012">CCI<sub>3</sub>-CHCI-CHCI (240db) -&gt; CC1<sub>2</sub>=CC1-CH<sub>2</sub>C1 (1230xa) + HC1 </p><p id="p0013" num="0013">The present invention improves this two-reactor process by consolidating these two reactions into a single reactor, thus saving capital costs, simplifying the operation and improving both reaction times and product yield. </p><p id="p0014" num="0014">SUMMARY OF THE INVENTION </p><p id="p0015" num="0015">The process described herein combines two reactions for the formation of HCC-1230xa into one reactor, which will reduce the operational steps from two to one. The present invention consolidates the two-step process into one reactor which can significantly simplify the operation, and reduce both the operation and maintenance costs. </p><p id="p0016" num="0016">Thus, one embodiment of the invention is directed to a process for the synthesis of HCC-1230xa using HCC-1240za and/or HCC-1240zf and Cl<sub>2</sub> gas as the reactants with a dehydrochlorination catalyst, such as an iron halide catalyst or an equivalent, wherein the process takes place in a single reactor system. </p><p id="p0017" num="0017">In certain embodiments, the process is conducted in a single reactor system which comprises a continuous stirred-tank reactor (CSTR) equipped with a total condenser, combined with a reaction column and a total condenser. </p><p id="p0018" num="0018">In certain embodiments, the reaction column can be separated into four zones 
<!-- EPO <DP n="5"/>-->
 comprising (a) a CI2 feed zone, (b) a reaction zone, (c) an organic feed zone and (d) a clean-up zone. In certain embodiments, the starting material containing 1240za and/or 1240zf is fed into the reaction column via the organic feed zone. In certain embodiments, the C¾ gas is fed into the reaction column via the CI2 feed zone. In certain embodiments, the material used to build the reaction column comprises a chlorine-resistant material. In certain embodiments, the reaction column can be empty. In certain embodiments, the reaction column can be packed with chlorine- resistant material or equipped with trays/plates or a stirring device to enhance gas/liquid contact. </p><p id="p0019" num="0019">It should be appreciated by those persons having ordinary skill in the art to which the present invention relates that any of the features described herein in respect of any particular aspect and/or embodiment of the present invention can be combined with one or more of any of the other features of any other aspects and/or embodiments of the present invention described herein, with modifications as appropriate to ensure compatibility of the combinations. Such combinations are considered to be part of the present invention contemplated by this disclosure. </p><p id="p0020" num="0020">It is to be understood that both the foregoing general description and the following detailed description are exemplary and explanatory only and are not restrictive of the invention as claimed. Other embodiments will be apparent to those skilled in the art from consideration of the specification and practice of the invention disclosed herein. </p><p id="p0021" num="0021">BRIEF DESCRIPTION OF THE DRAWINGS </p><p id="p0022" num="0022">Figure 1 shows a schematic of one embodiment of a single reactor design, useful in this invention for the production of HCC-1230xa. </p><p id="p0023" num="0023">DETAILED DESCRIPTION OF THE INVENTION </p><p id="p0024" num="0024">As shown in Figure 1, the process of this invention is carried out in an apparatus including a CSTR (equipped with a total condenser) which connects to a reaction column equipped with a total condenser, and a distillation column. The reaction column can be separated into four zones, i.e., from the bottom to top, (1) a 
<!-- EPO <DP n="6"/>-->
 CI2 feed zone, (2) a reaction zone, (3) an organic feed zone and (4) a clean-up zone, as shown in Fig.1. </p><p id="p0025" num="0025">During the operation, the starting material (1240za and/or 1240zf) is fed into the organic feed zone of the reaction column and flow downward via a liquid distributor, while an excess amount of CI2 gas is fed into the C¾ feed zone of the reaction column and flow upward via a gas distributor. Downward flowing </p><p id="p0026" num="0026">1240za/1240zf reacts with reversed flow of CI2 gas in the reaction zone to produce 1, 1,1,2,3-pentachloropropane (HCC-240db). Un-reacted CI2 moves further up and continues to react with 1240za/1240zf in the vapor phase and/or in the liquid phase in the clean-up zone. Excess C¾ gas with organic vapor containing 1240za/1240zf and 240db passes through the total condenser, where 1240za/1240zf and 240db are condensed and returned back into the top of the reaction column as reflux. Excess CI2 is captured by a downstream scrubber. </p><p id="p0027" num="0027">HCC-240db produced in the reaction column moves downwards into the CSTR and is dehydrochlorinated to HCC-1230xa there by a dehydrochlorination catalyst (such as FeCy at a controlled reaction temperature, residence time and FeCl<sub>3</sub>/240db ratio. HC1 and the organic vapor containing mainly HCC-240db and HCC-1230xa produced in the CSTR pass through the total condenser, where the organic vapor is condensed and returned back into the reactor and HC1 is either captured as a byproduct or neutralized by a downstream scrubber. </p><p id="p0028" num="0028">The crude HCC-1230xa product is continuously discharged from the bottom of the CSTR, with the FeCl<sub>3</sub> catalyst removed by filtration, and fed into the distillation column, where the un-reacted intermediate HCC-240db and other high boiling compounds are separated as heavies and HCC-1230xa collected from the top of the column as the final product. </p><p id="p0029" num="0029">EXAMPLE 1 </p><p id="p0030" num="0030">A jacketed Monel pipe (namely, Reaction Column or Pipe Reactor) with 1- inch ID and 28-inch long is connected to a 1000 ml round-bottom glass flask via a RCV valve. The pipe reactor can be either heated by steam or cooled by cooling water via the jacket side to control the reaction temperature. The pipe reactor is packed with 
<!-- EPO <DP n="7"/>-->
 structured PFA packing (20 inches in length), and equipped with a water-cooled total condenser. An organic feed line (located at 16 inches above the bottom of the pipe reactor) is connected to the 1240za supply container to feed the organic into the pipe reactor. Two inches above the organic feed port, an organic recycle line with a liquid seal loop is connected to a 2000 ml glass receiver to maintain a maximum liquid level of 18 inches inside the pipe reactor. The 1000 ml round-bottom glass flask is equipped with an agitator (namely, CSTR) and a water-cooled total condenser, and heated by an oil bath. </p><p id="p0031" num="0031">At the start-up, after the pipe reactor is filled with about 240g of 1240za (&gt;99.5 wt%), the pipe reactor is heated up to 80°C by 30# steam. CI2 is fed into the pipe reactor via the CI2 dispenser located at the bottom of the pipe reactor. When the pipe reactor temperature starts to rise, the steam supply to the pipe reactor jacket is switched to cooling water to control the pipe reactor temperature at 80 ± 5°C. The CI2 feed rate is controlled via a mass flow meter so that a total of 139 g of CI2 (about 120 mol% of 1240za) is fed into the pipe reactor in about 4 hours. Thereafter, continuous 1240za and CI2 feeds are started at flow rates of about 60 g/hr and about 12 std. L/hr for 1240za and CI2, respectively. At the same time, the generated 240db in the pipe reactor is transferred into the CSTR via RCV valve, with the transfer rate being controlled in such a way that the liquid level in the pipe reactor is stable (indicated by a side tube installed between organic feed and recycle ports). </p><p id="p0032" num="0032">After 4 hours, the feeds to the pipe reactor and the transfer of 240db from the pipe reactor to CSTR are stopped, and the CSTR is agitated and heated to 120°C. After the CSTR temperature reaches 120°C, 3.5 g of anhydrous FeCl<sub>3</sub> is added into the CSTR via the FeCl<sub>3</sub> loading port, which initiates the 4 hours of batching of the material in the CSTR. After 4 hours, the CSTR is well batched, and a continuous operation is resumed by restarting 1240za and CI2 feeds into the pipe reactor, and 240db transfer from the pipe reactor to the CSTR at previous rates. The crude product of 1230xa is continuously pumped off the CSTR at a rate of about 74 g/hr and filtered for further purification. 1.7-2.2 g of anhydrous FeCi<sub>3</sub> is added into the CSTR every two hours to maintain the concentration of FeCi<sub>3</sub> in the range of 1.0-1.2 wt% in the CSTR. 
<!-- EPO <DP n="8"/>-->
 EXAMPLE 2 </p><p id="p0033" num="0033">This example uses the same apparatus as described in Example 1. At the startup, the pipe reactor is filled with about 280 g of 240db (&gt;99 wt%) and the CSTR is filled with 350 g of 240db (&gt;99 wt%). The CSTR is agitated and heated to 120°C. After the CSTR temperature reaches 120°C, 3.5 g of anhydrous FeCl<sub>3</sub> is added into the CSTR via the FeCl<sub>3</sub> loading port, which initiates the 4 hours of batching of the material in the CSTR. Twenty minutes before the end of 4 hour batching, the pipe reactor is heated up to 80°C by 30# steam and ready for continuous operation. After 4 hours, the material in the CSTR is well batched, the continuous operation begins by: Initiating feeds to the pipe reactor at flow rates of about 60 g/hr and about 12 std. L/hr for 1240za and CI2, starting 240db transfer from the pipe reactor to the CSTR at a rate that maintains the liquid level in the pipe reactor stable, and pumping off the crude 1230xa from the CSTR at a rate of about 74 g/hr. </p><p id="p0034" num="0034">During the operation, the temperature in the pipe reactor is maintained at 80 ± 5°C, and the temperature in the CSTR is maintained at 120 ± 2°C. The crude 1230xa product off the CSTR is filtered for future purification. 1.7-2.2 g of anhydrous FeCi<sub>3</sub> is added into the CSTR every two hours to maintain the concentration of FeCi<sub>3</sub> in the range of 1.0-1.2 wt% in the CSTR. </p><p id="p0035" num="0035">For the examples described herein, the liquid transferred from the pipe reactor into the CSTR usually contains the following components: 1240za: 0-0.5 wt%, 1230xa: 1.0-2.0 wt%, 240db: 96.5-98.5 wt%, 230da/230ab: 0.2-0.5 wt%, balanced with other impurities. The crude 1230xa product flow from the CSTR contains the following components: 1230xa: 97.5-98.5 wt%, 240db: 0.5-1.0 wt%; 230da/230ab: 0.2-0.5 wt%, 1230xa dimers: 0.1-0.5 wt%, balanced with other impurities. </p><p id="p0036" num="0036">As used herein, the singular forms "a", "an" and "the" include plural unless the context clearly dictates otherwise. Moreover, when an amount, concentration, or other value or parameter is given as either a range, preferred range, or a list of upper preferable values and lower preferable values, this is to be understood as specifically disclosing all ranges formed from any pair of any upper range limit or preferred value and any lower range limit or preferred value, regardless of whether ranges are 
<!-- EPO <DP n="9"/>-->
 separately disclosed. Where a range of numerical values is recited herein, unless otherwise stated, the range is intended to include the endpoints thereof, and all integers and fractions within the range. It is not intended that the scope of the invention be limited to the specific values recited when defining a range. </p><p id="p0037" num="0037">It should be understood that the foregoing description is only illustrative of the present invention. Various alternatives and modifications can be devised by those skilled in the art without departing from the invention. Accordingly, the present invention is intended to embrace all such alternatives, modifications and variances that fall within the scope of the appended claims. </p><p id="p0038" num="0038">REMAINDER OF PAGE INTENTIONALLY BLANK 
</p></description><claims mxw-id="PCLM70077216" ref-ucid="WO-2014130445-A1" lang="EN" load-source="patent-office"><claim-statement><!-- EPO <DP n="10"/>-->CLAIMS </claim-statement><claim id="clm-0001" num="1"><claim-text>1. A process for the synthesis of 1, 1,2,3-tetrachloropropene (HCC- 1230xa) using 1,1,3-trichloropropene, and/or 3,3,3-trichloropropene and C¾ gas as the reactants, with a dehydrochlorination catalyst, wherein the process takes place in a single reactor system. </claim-text></claim><claim id="clm-0002" num="2"><claim-text>2. The process of Claim 1, wherein the dehydrochlorination catalyst comprises one or more iron halide compounds. </claim-text></claim><claim id="clm-0003" num="3"><claim-text>3. The process of Claim 2, wherein the iron halide compounds comprise one or more chloride compounds. </claim-text></claim><claim id="clm-0004" num="4"><claim-text>4. The process of Claim 3, wherein the catalyst comprises FeCi<sub>3</sub>. </claim-text></claim><claim id="clm-0005" num="5"><claim-text>5. The process of Claim 1, wherein the single reactor system comprises a CSTR, a reaction column and a total condenser. </claim-text></claim><claim id="clm-0006" num="6"><claim-text>6. The process of Claim 5, wherein the reaction column can be separated into four zones comprising (a) a CI2 feed zone, (b) a reaction zone, (c) an organic feed zone and (d) a clean-up zone. </claim-text></claim><claim id="clm-0007" num="7"><claim-text>7. The process of Claim 6, wherein the 1, 1,3-trichloropropene is fed into the reaction column via the organic feed zone. </claim-text></claim><claim id="clm-0008" num="8"><claim-text>8. The process of Claim 6, wherein the CI2 gas is fed into the reaction column via the CI2 feed zone. </claim-text></claim><claim id="clm-0009" num="9"><claim-text>9. The process of Claim 6, wherein the reaction column can be empty. </claim-text></claim><claim id="clm-0010" num="10"><claim-text>10. The process of Claim 6, wherein the reaction column can be packed with chlorine-resistant material or equipped with trays/plates or stirring device to enhance gas/liquid contact. 
</claim-text></claim></claims><copyright>User acknowledges that Fairview Research LLC and its third party providers retain all right, title and interest in and to this xml under applicable copyright laws.  User acquires no ownership rights to this xml including but not limited to its format.  User hereby accepts the terms and conditions of the Licence Agreement</copyright></patent-document>
