<?xml version="1.0" encoding="UTF-8"?>
<patent-document ucid="EP-2958730-A1" country="EP" doc-number="2958730" kind="A1" date="20151230" family-id="50033505" file-reference-id="301869" date-produced="20180825" status="corrected" lang="DE"><bibliographic-data><publication-reference fvid="160453399" ucid="EP-2958730-A1"><document-id><country>EP</country><doc-number>2958730</doc-number><kind>A1</kind><date>20151230</date><lang>DE</lang></document-id></publication-reference><application-reference ucid="EP-14702515-A" is-representative="NO"><document-id mxw-id="PAPP193869766" load-source="patent-office" format="original"><country>EP</country><doc-number>14702515.9</doc-number><date>20140128</date><lang>DE</lang></document-id><document-id mxw-id="PAPP193869767" load-source="docdb" format="epo"><country>EP</country><doc-number>14702515</doc-number><kind>A</kind><date>20140128</date><lang>DE</lang></document-id></application-reference><priority-claims><priority-claim mxw-id="PPC162027451" ucid="DE-102013202799-A" load-source="docdb"><document-id format="epo"><country>DE</country><doc-number>102013202799</doc-number><kind>A</kind><date>20130221</date></document-id></priority-claim><priority-claim mxw-id="PPC162034469" ucid="EP-2014051605-W" linkage-type="W" load-source="docdb"><document-id format="epo"><country>EP</country><doc-number>2014051605</doc-number><kind>W</kind><date>20140128</date></document-id></priority-claim></priority-claims><technical-data><classifications-ipcr><classification-ipcr mxw-id="PCL-1988522270" load-source="docdb">B29C  47/08        20060101ALI20140911BHEP        </classification-ipcr><classification-ipcr mxw-id="PCL-1988523020" load-source="docdb">B29C  47/28        20060101ALI20140911BHEP        </classification-ipcr><classification-ipcr mxw-id="PCL-1988523557" load-source="docdb">B29C  47/02        20060101ALI20140911BHEP        </classification-ipcr><classification-ipcr mxw-id="PCL-1988525225" load-source="docdb">B29C  47/24        20060101AFI20140911BHEP        </classification-ipcr></classifications-ipcr><classifications-cpc><classification-cpc mxw-id="PCL-1984696984" load-source="docdb" scheme="CPC">B29L2023/22        20130101 LA20160107BHEP        </classification-cpc><classification-cpc mxw-id="PCL-1984698982" load-source="docdb" scheme="CPC">B29C  47/20        20130101 FI20160108BHEP        </classification-cpc><classification-cpc mxw-id="PCL-1984699090" load-source="docdb" scheme="CPC">B29C  47/0852      20130101 LI20160108BHEP        </classification-cpc><classification-cpc mxw-id="PCL-1987768882" load-source="docdb" scheme="CPC">B29C  47/0828      20130101 LA20140519BHEP        </classification-cpc><classification-cpc mxw-id="PCL-1987771282" load-source="docdb" scheme="CPC">B29C  47/025       20130101 LA20140521BHEP        </classification-cpc><classification-cpc mxw-id="PCL-1987772438" load-source="docdb" scheme="CPC">B29C  47/24        20130101 LI20140825BHEP        </classification-cpc><classification-cpc mxw-id="PCL-1987780529" load-source="docdb" scheme="CPC">B29C  47/0023      20130101 LA20140520BHEP        </classification-cpc><classification-cpc mxw-id="PCL-1987798687" load-source="docdb" scheme="CPC">B29C  47/28        20130101 LA20140521BHEP        </classification-cpc></classifications-cpc><invention-title mxw-id="PT165551663" lang="DE" load-source="patent-office">VORRICHTUNG ZUR HERSTELLUNG VON KUNSTSTOFFROHREN</invention-title><invention-title mxw-id="PT165551664" lang="EN" load-source="patent-office">DEVICE FOR PRODUCING PLASTIC PIPES</invention-title><invention-title mxw-id="PT165551665" lang="FR" load-source="patent-office">DISPOSITIF DE FABRICATION DE TUYAUX EN MATIÈRE PLASTIQUE</invention-title><citations><non-patent-citations><nplcit><text>See references of WO 2014127959A1</text><sources><source mxw-id="PNPL67568221" load-source="docdb" name="SEA"/></sources></nplcit></non-patent-citations></citations></technical-data><parties><applicants><applicant mxw-id="PPAR1103320092" load-source="docdb" sequence="1" format="epo"><addressbook><last-name>BATTENFELD CINCINNATI GERMANY</last-name><address><country>DE</country></address></addressbook></applicant><applicant mxw-id="PPAR1103319416" load-source="docdb" sequence="1" format="intermediate"><addressbook><last-name>BATTENFELD-CINCINNATI GERMANY GMBH</last-name></addressbook></applicant><applicant mxw-id="PPAR1101643199" load-source="patent-office" sequence="1" format="original"><addressbook><last-name>battenfeld-cincinnati Germany GmbH</last-name><iid>101250225</iid><address><street>Königstrasse 53</street><city>32547 Bad Oeynhausen</city><country>DE</country></address></addressbook></applicant></applicants><inventors><inventor mxw-id="PPAR1103332253" load-source="docdb" sequence="1" format="epo"><addressbook><last-name>DOHMANN HEINRICH</last-name><address><country>DE</country></address></addressbook></inventor><inventor mxw-id="PPAR1103337732" load-source="docdb" sequence="1" format="intermediate"><addressbook><last-name>DOHMANN, HEINRICH</last-name></addressbook></inventor><inventor mxw-id="PPAR1101647309" load-source="patent-office" sequence="1" format="original"><addressbook><last-name>DOHMANN, HEINRICH</last-name><address><street>Peckelsberg 1 A</street><city>37671 Höxter</city><country>DE</country></address></addressbook></inventor><inventor mxw-id="PPAR1103338995" load-source="docdb" sequence="2" format="epo"><addressbook><last-name>STIEGLITZ HENNING</last-name><address><country>DE</country></address></addressbook></inventor><inventor mxw-id="PPAR1103340110" load-source="docdb" sequence="2" format="intermediate"><addressbook><last-name>STIEGLITZ, HENNING</last-name></addressbook></inventor><inventor mxw-id="PPAR1101653377" load-source="patent-office" sequence="2" format="original"><addressbook><last-name>STIEGLITZ, HENNING</last-name><address><street>Abraham-Jacobi-Str. 12</street><city>32425 Minden</city><country>DE</country></address></addressbook></inventor></inventors></parties><international-convention-data><pct-or-regional-filing-data ucid="EP-2014051605-W"><document-id><country>EP</country><doc-number>2014051605</doc-number><kind>W</kind><date>20140128</date><lang>DE</lang></document-id></pct-or-regional-filing-data><pct-or-regional-publishing-data ucid="WO-2014127959-A1"><document-id><country>WO</country><doc-number>2014127959</doc-number><kind>A1</kind><date>20140828</date><lang>DE</lang></document-id></pct-or-regional-publishing-data><designated-states><ep-contracting-states><country mxw-id="DS660749442" load-source="docdb">AL</country><country mxw-id="DS660637682" load-source="docdb">AT</country><country mxw-id="DS660749448" load-source="docdb">BE</country><country mxw-id="DS660727155" load-source="docdb">BG</country><country mxw-id="DS660716766" load-source="docdb">CH</country><country mxw-id="DS660636143" load-source="docdb">CY</country><country mxw-id="DS660637695" load-source="docdb">CZ</country><country mxw-id="DS660749449" load-source="docdb">DE</country><country mxw-id="DS660636144" load-source="docdb">DK</country><country mxw-id="DS660636145" load-source="docdb">EE</country><country mxw-id="DS660640146" load-source="docdb">ES</country><country mxw-id="DS660727156" load-source="docdb">FI</country><country mxw-id="DS660727157" load-source="docdb">FR</country><country mxw-id="DS660749450" load-source="docdb">GB</country><country mxw-id="DS660636146" load-source="docdb">GR</country><country mxw-id="DS660749455" load-source="docdb">HR</country><country mxw-id="DS660637696" load-source="docdb">HU</country><country mxw-id="DS660716775" load-source="docdb">IE</country><country mxw-id="DS660749456" load-source="docdb">IS</country><country mxw-id="DS660727158" load-source="docdb">IT</country><country mxw-id="DS660636151" load-source="docdb">LI</country><country mxw-id="DS660719359" load-source="docdb">LT</country><country mxw-id="DS660637697" load-source="docdb">LU</country><country mxw-id="DS660719360" load-source="docdb">LV</country><country mxw-id="DS660719361" load-source="docdb">MC</country><country mxw-id="DS660793060" load-source="docdb">MK</country><country mxw-id="DS660793061" load-source="docdb">MT</country><country mxw-id="DS660640155" load-source="docdb">NL</country><country mxw-id="DS660727175" load-source="docdb">NO</country><country mxw-id="DS660793062" load-source="docdb">PL</country><country mxw-id="DS660716776" load-source="docdb">PT</country><country mxw-id="DS660640156" load-source="docdb">RO</country><country mxw-id="DS660716777" load-source="docdb">RS</country><country mxw-id="DS660640157" load-source="docdb">SE</country><country mxw-id="DS660716778" load-source="docdb">SI</country><country mxw-id="DS660793063" load-source="docdb">SK</country><country mxw-id="DS660793064" load-source="docdb">SM</country><country mxw-id="DS660636152" load-source="docdb">TR</country></ep-contracting-states><ep-extended-states><ep-extended-state-data><country>BA</country></ep-extended-state-data><ep-extended-state-data><country>ME</country></ep-extended-state-data></ep-extended-states></designated-states></international-convention-data><office-specific-data><eptags><ep-no-a-document-published>*</ep-no-a-document-published></eptags></office-specific-data></bibliographic-data><abstract mxw-id="PA139080737" ref-ucid="WO-2014127959-A1" lang="DE" load-source="patent-office"><p num="0000">Die Erfindung betrifft eine Vorrichtung zur Herstellung von Kunststoffroh- ren im Extrusionsverfahren mit einem Extruder (1), einem sich in Produk- tionsrichtung an den Extruder anschließenden Rohrkopf (2) bestehend aus einem Grundwerkstoff mit mindestens einem Dorn (7) und einer Hülse (8), wobeisich zwischen dem Dorn (7) und der Hülse (8) ein Schmelzeka- nal (17) bildet, dermindestens am Dornende (9) des Dornes (7) und am Hülsenende (10) der Hülse (8) in Produktionsrichtung (11) gesehen strö- mungsgünstig ausgebildetist,wobei der Dorn (7) und die Hülse (8) relativ zueinander vor und zurück verstellbar sind, wobei die Außenfläche des Dornes (12) und/oder die Innenfläche der Hülse (13) mindestens partiell aus einem Werkstoff besteht/bestehen der eine höhere Gleitfähigkeit auf- weist als der Grundwerkstoff. Erfindungsgemäß ist dabei vorgesehen, dass sich der Durchmesser des Dornes (7) am Dornende (9) konisch vergrößert oderverkleinert und/oder das Dornende (9) des Dornes (7) mit einer Rundung oder einem Radius versehen ist und sich dadurch der Durchmesser vergrößert oder verkleinert oder stetig ausläuftundsich der Innendurchmesser der Hülse (8) am Hül- senende (10) konisch vergrößert oder verkleinert oder stetig ausläuft und/oder das Hülsenende (10) der Hülse (8) mit einer Rundung oder einem Radius versehen ist und sich dadurch der Durchmesser vergrößert oder verkleinert, oderdass sich am Dorn-und Hülsenende zusätzlich zwei Flä- chenabschnitte (18, 19) erstrecken, die parallel und zylindrisch ausgeführt sind.</p></abstract><abstract mxw-id="PA139547190" ref-ucid="WO-2014127959-A1" lang="DE" source="national office" load-source="docdb"><p>Die Erfindung betrifft eine Vorrichtung zur Herstellung von Kunststoffroh- ren im Extrusionsverfahren mit einem Extruder (1), einem sich in Produk- tionsrichtung an den Extruder anschließenden Rohrkopf (2) bestehend aus einem Grundwerkstoff mit mindestens einem Dorn (7) und einer Hülse (8), wobeisich zwischen dem Dorn (7) und der Hülse (8) ein Schmelzeka- nal (17) bildet, dermindestens am Dornende (9) des Dornes (7) und am Hülsenende (10) der Hülse (8) in Produktionsrichtung (11) gesehen strö- mungsgünstig ausgebildetist,wobei der Dorn (7) und die Hülse (8) relativ zueinander vor und zurück verstellbar sind, wobei die Außenfläche des Dornes (12) und/oder die Innenfläche der Hülse (13) mindestens partiell aus einem Werkstoff besteht/bestehen der eine höhere Gleitfähigkeit auf- weist als der Grundwerkstoff. Erfindungsgemäß ist dabei vorgesehen, dass sich der Durchmesser des Dornes (7) am Dornende (9) konisch vergrößert oderverkleinert und/oder das Dornende (9) des Dornes (7) mit einer Rundung oder einem Radius versehen ist und sich dadurch der Durchmesser vergrößert oder verkleinert oder stetig ausläuftundsich der Innendurchmesser der Hülse (8) am Hül- senende (10) konisch vergrößert oder verkleinert oder stetig ausläuft und/oder das Hülsenende (10) der Hülse (8) mit einer Rundung oder einem Radius versehen ist und sich dadurch der Durchmesser vergrößert oder verkleinert, oderdass sich am Dorn-und Hülsenende zusätzlich zwei Flä- chenabschnitte (18, 19) erstrecken, die parallel und zylindrisch ausgeführt sind.</p></abstract><abstract mxw-id="PA139080738" ref-ucid="WO-2014127959-A1" lang="EN" load-source="patent-office"><p num="0000">The invention relates to a device for producing plastic pipes using the extrusion method, comprising an extruder (1), a pipe head (2) which connects to the extruder in the production direction, consists of a base material and has at least one mandrel (7) and one sheath (8). A melt channel (17) is formed between the mandrel (7) and the sheath (8) which, viewed in the production direction (11), is designed to promote flow at least at the mandrel end (9) of the mandrel (7) and at the sheath end (10) of the sheath (8), said mandrel (7) and sheath (8) being adjustable forwards and backwards relative to one another, and the outer surface of the mandrel (12) and/or the inner surface of the sheath (13) at least partially consisting of a material that has a greater capacity for sliding than the base material. According to the invention, the diameter of the mandrel (7) at the mandrel end (9) conically widens or narrows, and/or the mandrel end (9) of the mandrel (7) is provided with a curvature or a radius such that the diameter widens or narrows or remains constant, and the inner diameter of the sheath (8) at the sheath end (10) conically widens or narrows or remains constant, and/or the sheath end (10) of the sheath (8) is provided with a curvature or a radius such that the diameter widens or narrows, or two surface sections (18, 19) that are parallel and cylindrical additionally extend at the mandrel end and sheath end.</p></abstract><abstract mxw-id="PA139547191" ref-ucid="WO-2014127959-A1" lang="EN" source="national office" load-source="docdb"><p>The invention relates to a device for producing plastic pipes using the extrusion method, comprising an extruder (1), a pipe head (2) which connects to the extruder in the production direction, consists of a base material and has at least one mandrel (7) and one sheath (8). A melt channel (17) is formed between the mandrel (7) and the sheath (8) which, viewed in the production direction (11), is designed to promote flow at least at the mandrel end (9) of the mandrel (7) and at the sheath end (10) of the sheath (8), said mandrel (7) and sheath (8) being adjustable forwards and backwards relative to one another, and the outer surface of the mandrel (12) and/or the inner surface of the sheath (13) at least partially consisting of a material that has a greater capacity for sliding than the base material. According to the invention, the diameter of the mandrel (7) at the mandrel end (9) conically widens or narrows, and/or the mandrel end (9) of the mandrel (7) is provided with a curvature or a radius such that the diameter widens or narrows or remains constant, and the inner diameter of the sheath (8) at the sheath end (10) conically widens or narrows or remains constant, and/or the sheath end (10) of the sheath (8) is provided with a curvature or a radius such that the diameter widens or narrows, or two surface sections (18, 19) that are parallel and cylindrical additionally extend at the mandrel end and sheath end.</p></abstract><abstract mxw-id="PA139080739" ref-ucid="WO-2014127959-A1" lang="FR" load-source="patent-office"><p num="0000">L'invention concerne un dispositif de fabrication de tuyaux en matière plastique par un procédé d'extrusion, comprenant une extrudeuse (1), une tête d'extrusion de tuyaux (2) qui se raccorde à l'extrudeuse dans le sens de production, constituée d'un matériau de base et comprenant au moins un mandrin (7) et un fourreau (8). Entre le mandrin (7) et le fourreau (8) se forme un canal de matière en fusion (17) qui, vu dans le sens de production (11), possède au moins à l'extrémité (9) du mandrin (7) et à l'extrémité (10) du fourreau (8) une configuration qui favorise l'écoulement. Le mandrin (7) et le fourreau (8) peuvent se déplacer en avant et en arrière l'un par rapport à l'autre. La face externe du mandrin (12) et/ou la face interne du fourreau (13) est/sont constituée(s) au moins en partie d'un matériau dont l'aptitude au glissement est supérieure à celle du matériau de base. Selon l'invention, le diamètre du mandrin (7) augmente ou diminue coniquement à l'extrémité (9) du mandrin et/ou l'extrémité (9) du mandrin (7) possède un arrondi ou un rayon, de sorte que le diamètre augmente ou diminue ou s'évase constamment, et le diamètre intérieur du fourreau (8) augmente ou diminue coniquement ou s'évase constamment à l'extrémité (10) du fourreau et/ou l'extrémité (10) du fourreau (8) possède un arrondi ou un rayon, de sorte que le diamètre augmente ou diminue, ou, en plus, deux portions de surface (18, 19) parallèles et cylindriques s'étendent à l'extrémité du mandrin et du fourreau.</p></abstract><abstract mxw-id="PA139547192" ref-ucid="WO-2014127959-A1" lang="FR" source="national office" load-source="docdb"><p>L'invention concerne un dispositif de fabrication de tuyaux en matière plastique par un procédé d'extrusion, comprenant une extrudeuse (1), une tête d'extrusion de tuyaux (2) qui se raccorde à l'extrudeuse dans le sens de production, constituée d'un matériau de base et comprenant au moins un mandrin (7) et un fourreau (8). Entre le mandrin (7) et le fourreau (8) se forme un canal de matière en fusion (17) qui, vu dans le sens de production (11), possède au moins à l'extrémité (9) du mandrin (7) et à l'extrémité (10) du fourreau (8) une configuration qui favorise l'écoulement. Le mandrin (7) et le fourreau (8) peuvent se déplacer en avant et en arrière l'un par rapport à l'autre. La face externe du mandrin (12) et/ou la face interne du fourreau (13) est/sont constituée(s) au moins en partie d'un matériau dont l'aptitude au glissement est supérieure à celle du matériau de base. Selon l'invention, le diamètre du mandrin (7) augmente ou diminue coniquement à l'extrémité (9) du mandrin et/ou l'extrémité (9) du mandrin (7) possède un arrondi ou un rayon, de sorte que le diamètre augmente ou diminue ou s'évase constamment, et le diamètre intérieur du fourreau (8) augmente ou diminue coniquement ou s'évase constamment à l'extrémité (10) du fourreau et/ou l'extrémité (10) du fourreau (8) possède un arrondi ou un rayon, de sorte que le diamètre augmente ou diminue, ou, en plus, deux portions de surface (18, 19) parallèles et cylindriques s'étendent à l'extrémité du mandrin et du fourreau.</p></abstract><description mxw-id="PDES78478384" ref-ucid="WO-2014127959-A1" lang="DE" load-source="patent-office"><!-- EPO <DP n="3"/>--><p id="p0001" num="0001"> Vorrichtung zur Herstellung von Kunststoffrohren </p><p id="p0002" num="0002">Beschreibung: </p><p id="p0003" num="0003"> Die Erfindung betrifft eine Vorrichtung zur Herstellung von Kunststoffrohren im Extrusionsverfahren mit einem Extruder, einem sich in Produktions- richtung an den Extruder anschließenden Rohrkopf bestehend aus einem Grundwerkstoff mit mindestens einem Dorn und einer Hülse, wobei sich zwischen dem Dorn und der Hülse ein Schmelzekanal bildet, der mindestens am Dornende des Domes und am Hülsenende der Hülse in Produktionsrichtung gesehen strömungsgünstig ausgebildet ist, wobei der Dom und die Hülse relativ zueinander vor und zurück verstellbar sind, wobei die Außenfläche des Domes und/oder die Innenfläche der Hülse mindestens partiell aus einem Werkstoff besteht/bestehen der eine höhere Gleitfähigkeit aufweist als der Grundwerkstoff. </p><p id="p0004" num="0004">Im Stand der Technik ist eine Vielzahl an Vorrichtungen zum Herstellen von Kunststoffrohren bekannt. Darunter sind auch Rohrköpfe mit Schmelzeleitungen die eine verbesserte Gleiteigenschaft aufweisen. </p><p id="p0005" num="0005">So offenbart zum Beispiel die DE 102 05 210 B4 einen Rohrkopf bestehend aus Dom und Hülse bei dem sowohl der Dom als auch die Hülse aus Segmenten aufgebaut ist. Diese Segmente sind aus unterschiedlichen Werkstoffen gefertigt, wodurch im Bereich des Schmelzekanals unterschiedliche Gleiteigenschaften vorherrschen. </p><p id="p0006" num="0006">A u f g a b e der vorliegenden Erfindung ist es, die bekannten Rohrköpfe weiterzubilden. 
<!-- EPO <DP n="4"/>-->
 Die L ö s u n g der Aufgabe ist in Verbindung mit dem Oberbegriff des Anspruches 1 ist dadurch gekennzeichnet, dass sich der Durchmesser des Domes am Domende konisch vergrößert oder verkleinert und/oder das Domende des Domes mit einer Rundung oder einem Radius versehen ist und sich dadurch der Durchmesser vergrößert oder verkleinert oder stetig ausläuft und sich der Innendurchmesser der Hülse am Hülsenende konisch vergrößert oder verkleinert oder stetig ausläuft und/oder das Hülsenende der Hülse mit einer Rundung oder einem Radius versehen ist und sich dadurch der Durchmesser vergrößert oder verkleinert oder, dass sich am Dom- und Hülsenende zusätzlich zwei Flächenabschnitte erstrecken, die parallel und zylindrisch ausgeführt sind. </p><p id="p0007" num="0007">Durch diese erfindungsgemäßen Ausgestaltungen des Rohrkopfes wird es möglich die Gleiteigenschaften des Schmelzekanals individuell anzupassen und damit den unterschiedlichen Erfordernissen bei der Produktion von Kunststoffrohren gerecht zu werden. </p><p id="p0008" num="0008">Die strömungsgünstige Ausbildung kann auf das jeweils zu verarbeitende Produkt (Schmelzetyp) bezogen werden, da es nicht bei allen Schmelzetypen gleich ist. Der Stahl kann auch partiell wärmebehandelt und/oder besser poliert werden, um die unterschiedlichen Gleiteigenschaften zu errei- chen. </p><p id="p0009" num="0009">Es wird damit erst möglich, den Schmelzekanal im Rohrkopf, zum Beispiel in Abhängigkeit des zu verarbeitenden Materials bzw. unterschiedliche Materialien bei Mehrschichtextmsion, mit einer darauf abgestimmten Gleiteigenschaft zu versehen, die bestmögliche Ergebnisse, bezogen auf: 1. Das Schmelzeströmungsprofil über die Fließspaltweite und somit auf ein minimales Verstrecken der Schmelze im Fleißquerschnitt zu erzielen. </p><p id="p0010" num="0010"> Dieses kann bei Umlenkungen, Kompress- und Dekompressionen der Schmelze im Fleißkanal Sinnvoll sein. Das Verweilzeitfenster der Schmelzepartikel kann so gezielt minimiert werden. Das ist insbesondere bei Verweilzeitkritischen Materialien ober auch bei einem 
<!-- EPO <DP n="5"/>-->
 Farbwechsel der Schmelze im Fleißkanal von Bedeutung. Auch in Bereichen wo unterschiedliche Schmelzeströme auf einander treffen, können durch gezielte Verbesserung der Fließeigenschaften an den Fließoberflächen der Schmelzezusammenfluss optimiert werden. Des Weiteren kann das Fleißverhalten der bereits zusammen geführten</p><p id="p0011" num="0011">Schmelzeströme in nachfolgenden kritischen Fleißabschnitte durch eine entsprechende Verbesserung der Fließeigenschaften an den Fleißoberflächen analog zu den Verweilzeitkritischen Materialien verbessert werden und somit die Gefahr der Schmelzevermischung minimiert werden. </p><p id="p0012" num="0012">2. Die Oberflächenbeschaffenheit des zu produzierenden Rohres zu erreichen. </p><p id="p0013" num="0013"> Wenn die Haftung zwischen der Schmelze und der Fleißoberfläche am Düsenaustritt minimal ist, werden auch die Schubspannungen im Schmelzestrom minimiert und somit auch das Aufreißen der Schmelze am Austritt des Schmelzekanales. Die nicht bzw. nur minimal beschädigte Schmelzestromoberfläche, kann somit die bestmögliche Rohroberflächenbeschaffenheit erzielen. </p><p id="p0014" num="0014">Die unter Bezug genommen Flächen können z.B. mit PTFE beschichtet werden oder Bereiche des Rohrkopfes direkt aus einem Material gefertigt sein dessen Gleiteigenschaft per se besser als das des Grundmaterials ist. Die Polierqualität d.h. die Rauhtiefe hat auch Einfluss auf des Fließverhalten der Schmelze Bedingt durch Wärmebehandlung des Grundmaterials kann die Gitterstruktur verändert werden und somit auch die Oberflächen- güte verbessert werden. Mit Grundmaterial wird das bei der Herstellung von Rohrköpfen üblich verwendete Material Stahl wie z.B. CK 45 oder CeMo 4 verstanden. </p><p id="p0015" num="0015">Die Ausgestaltung des Rohrkopfes kann sehr individuell sein. Die höheren Gleiteigenschaften gegenüber dem Grundwerkstoff können sich sowohl über die Innenseite der Hülse, also auch über die Außenseite des Dorns gleichbleibend erstrecken. Ebenso kann die Gleiteigenschaft in Produktionsrichtig gesehen auf der Innenseite der Hülse oder auf der Außenseite 
<!-- EPO <DP n="6"/>-->
 des Doms oder auf beiden stetig besser werden. Die höhere Gleiteigenschaft kann sich auch sprunghaft oder sinusförmig verändern. In einer Alternativen Ausgestallten ist weiterhin vorgesehen nur die Gleiteigenschaft auf der Stirnseiten des Dors und/oder der Hülse zu verbessern. Die Erhöhung der Gleiteigenschaft wird durch Beschichtung oder dem Einsatz spezieller Ringe erreicht. </p><p id="p0016" num="0016">Weiter Möglichkeiten zur Erhöhung der Gleiteigenschaften sind in den Unteransprüchen wiedergegeben. </p><p id="p0017" num="0017">Die geometrische Gestaltung des Fließkanals unterliegt den jeweiligen An- forderungen an die Schmelzeführung im Werkzeug und an den Übergangsbereich von dem Werkzeugaustritt in den Eintrittsbereiches der Kalibrierhülse. Im Werkzeug sind kann beispielsweise für bestimmte Schmelzematerialien ein Kompressionsbereich vor den Austritt der Schmelze vorteilhaft für die spätere Rohrqualität haben. Auch notwendige Umlenkungen des Schmelzestromes sollten bei verweilzeitkritischen Materialien möglichst mit großen Radien realisiert und mit minimierter Kompressionsveränderung vorgenommen werden. </p><p id="p0018" num="0018">Weitere vorteilhafte Weiterbildungen sind in den Unteransprüchen wiedergegeben. </p><p id="p0019" num="0019">In den Zeichnungen wird schematisch die erfindungsgemäße Vorrichtung wiedergegeben: </p><p id="p0020" num="0020">Fig. 1 zeigt eine typische Extrusionslinie Fig. 2 einen Längsschnitt durch den Rohrkopf, </p><p id="p0021" num="0021">Fig. 3 einen Halbschnitt gemäß Fig. 2, </p><p id="p0022" num="0022">Fig. 4 einen Halbschnitt durch die Hülse mit Diagramm, </p><p id="p0023" num="0023">Fig. 5 eine Alternative zu Fig. 4, 
<!-- EPO <DP n="7"/>-->
 Fig. 6 eine weitere Alternative zu Fig. 4, </p><p id="p0024" num="0024">Fig. 7 noch eine Alternativ zu Fig. 3, </p><p id="p0025" num="0025">Fig. 8 eine Kombination von Dorn und Hülse in zwei unterschiedlichen Stellungen zueinander, </p><p id="p0026" num="0026">Fig. 9 und </p><p id="p0027" num="0027">Fig. 10 sind weitere alternative Ausführungen und </p><p id="p0028" num="0028">Fig. 11 zeigt eine Ergänzung, die bei allen Ausführungen </p><p id="p0029" num="0029"> umsetzbar ist. </p><p id="p0030" num="0030">Figur 1 zeigt eine typische Extrusionslinie, wie sie heute für die Pro- filextrusion, egal, ob für die Produktion von Fensterprofilen oder Rohren, zum Einsatz kommt. Sie zeigt einen Extruder 1, in dem Kunststoff aufgeschmolzen wird, und kontinuierlich zur Formgebung ins Extrusionswerk- zeug 2 gefördert wird. Daran schließt sich eine Kalibrier- und Kühlstation 3 an, je nach Profil können weitere Kühlstationen eingesetzt werden. Nach den Kühlstationen schließt sich eine Abzugsvorrichtung 4 an. Um die End- losprofile 6 auf die gewünschte Länge abzuschneiden ist anschließend eine Trennvorrichtung 5 angeordnet. </p><p id="p0031" num="0031">Figur 2 zeigt einen Teilbereich eines Längsschnittes entlang der Extrusi- onsmittelachse durch das Werkzeug 2, dem Rohrkopf. Dargestellt ist, wie in allen weiteren Figuren, immer nur schematisch der Endbereich der Hülse bzw. des Dorns, weitere Anbauteile sind nicht gezeigt. Gemäß der Darstellung ist ein Dorn 7 in der Hülse 8 zu sehen. Der Durchmesser des Dorns 7 am Dornende 9 vergrößert sich konisch und der Innendurchmesser der Hüls 8 am Hülsenende 10 vergrößert sich ebenfalls konisch. Je nach Ausprägung der Winkel im jeweiligen Konus kann der Schmelzekanal 17 am Ausgang des Rohrkopfes beeinflusst werden. Die Beeinflussung wird aber auch durch eine Verschiebung des Dorns 7 relativ zur Hülse 8 möglich, wobei es hier unerheblich ist, ob die Hülse 8 gegenüber dem Dorn 7 oder umgekehrt verschoben wird. Beide Varianten können vorgesehen werden. Sowohl die Außenseite 12 des Dorns 7, als auch die Innenseite 13 
<!-- EPO <DP n="8"/>-->
 der Hülse 8 sind mit einer Beschichtung 14 versehen. Die Produktionsrichtung des Rohres 6 ist durch den Pfeil 11 angezeigt. </p><p id="p0032" num="0032">Figur 3 zeigt nur noch einen Halbschnitt der Figur 2 in einer Vergrößerten Darstellung, wodurch die Beschichtung 14 auf den Flächen der Hülse 8 und des Dorns 7 verdeutlicht wird. Gleiche Teile sind auch mit gleichen Bezugszeichen versehen. </p><p id="p0033" num="0033">In Figur 4 ist nur noch die Hülse 8 im Halbschnitt dargestellt und darunter der prinzipielle Verlauf der Gleiteigenschaft über die Strecke der dargestellten Längsachse der Hülse gezeigt. Die Hülse 8 verfügt über eine Be- Schichtung 14 deren Gleiteigenschaft in Produktionsrichtung 11 besser wird. Diese Verbesserung wird durch in Produktionsrichtung stetig steigenden Graphen verdeutlicht. </p><p id="p0034" num="0034">Figur 5 und 6 zeigt weitere Verläufe der Gleiteigenschaft gemäß der Figur 4, auch hier wurden wieder gleiche Teile mit gleichen Bezugsziffern versehen. Als Verlauf der Gleiteigenschaft wurden hier einmal ein sprunghafter (Figur 6) und einmal ein sinusförmiger (Figur 5) Verlauf dargestellt. Selbstverständlich kann die Gleiteigenschaft auch einen anderen Verlauf haben. Nicht dargestellt ist der Anfang des Rohrkopfes, über den gesamten Rohrkopf wäre der Verlauf der Gleiteigenschaft dann zum Beispiel im Mit- tel parabelförmig, also am Anfang besser in der Mitte schlechter und am Ende wieder besser. Dieser mittlere Verlauf kann dann natürlich wieder eine Sinusform oder jede anderen Form haben. </p><p id="p0035" num="0035">Wie in Figur 6 dargestellt, kann die Beschichtung 14 auch nur partiell sein, wodurch ein stufenförmiger Verlauf der Gleiteigenschaft entsteht. Bei der Ausführung nach Figur 7 ist die Beschichtung 14 nur auf den</p><p id="p0036" num="0036">Stirnseiten 15 und 16 der Hülse 8 und des Dorns 7 aufgebracht. Hier wird die Ablagerung von Ausscheidungen aus den Schmelzestrom beim Verlassen der Schmelze am Ende des Rohrkopfes erreicht. Es muss nicht zwingend in jeden Anwendungsfall notwendig sein, dass beide Stirnseiten zu Beschichten sind, es kann auch, je nach Anwendung genügen, dass nur die 
<!-- EPO <DP n="9"/>-->
 Stirnseite der Hülse 8 oder des Dorns 7 beschichtet wird. Es kann auch ein Material oder eine Beschichtung vorgesehen werden das analoge Haft und/oder Gleiteigenschaften aufweist. </p><p id="p0037" num="0037">Wie bereits ausgeführt, kann das Ziel der Veränderung der Gleiteigen- schaft auch durch die geeignete Wahl des Werkstoffes oder durch unterschiedliche Werkstoffe sowie Polierqualität und oder Wärmebehandlung des Grundmaterials erreicht werden und die Beschichtung dadurch ersetzen. In den dargestellten Figuren ist immer nur eine Ausführungsform des Rohrkopfes mit Dorn 7 und Hülse 8 dargestellt worden, erfindungsgemäß kann dies aber auch auf alle weiteren Formgestaltungen des Dorns 7 und der Hülse 8 angewendet werden. </p><p id="p0038" num="0038">Nur beispielhaft ist in Figur 8 ein Fall dargestellt, bei dem der Innendurchmesser der Hülse 8 am Hülsenende 10 sich konisch verkleinert und sich der Durchmesser des Dorns 7 am Dornende 9 konisch vergrößert. In der oberen Darstellung ist der Schmelzekanal 17 am Ende des Rohrkopfes fast geschlossen und in der unteren Darstellung, bedingt durch die relative Verschiebung von Dorn 7 zur Hülse 8 entsprechend weit geöffnet. Die in den Figuren 2 bis 7 gezeigte Beschichtung gilt hier analog, ist hier jedoch nicht dargestellt. Figur 9 zeigt eine Ausführungsvariante bei der das Hülsenende 10 und das Dornende 9 mit einem Radius auslaufen. Es muss aber nicht zwingend ein Radius sein, genauso ist ein Kurve oder die Anordnung unterschiedlicher Radien nebeneinander denkbar. Es wird in jedem Fall über einen Bogen- auslauf der Durchmesser des Dorns 7 und der Durchmesser der Hülse 8 zum Ende vergrößert. </p><p id="p0039" num="0039">Bei der Ausführungsvariante nach Figur 10 ist der Durchmesser der Hül-se 8 unverändert und der Durchmesser des Dorns 7 vergrößert sich. Hier ist dies über ein konisches Dornende 9 realisier. Es kann aber genauso mit einem Dornende 9 gemäß Figur 9 (rund) umgesetzt werden. 
<!-- EPO <DP n="10"/>-->
 Bei der Figur 11 wurde die Ausführung gemäß der Figur 9 dahingehend verändert, dass nach der Durchmesseränderung über den Auslauf als Radius sich ein Teilstück anschließt, dass wieder gerade, also einen Verlauf parallel zur Mittelachse aufweist. Der Flächenabschnitt 18 der Hülse 8 und der Flächenabschnitt 19 des Dorns 7 sind demzufolge zylindrisch und bilden das Ende des Schmelzekanals 17. </p><p id="p0040" num="0040">Dieses zylindrische Ende kann natürlich bei allen ausführungsvarianten umgesetzt werden. 
<!-- EPO <DP n="11"/>-->
</p><p id="p0041" num="0041">Bezugszeichenliste : </p><p id="p0042" num="0042"> 1 Extruder </p><p id="p0043" num="0043"> 2 Extrusionswerkzeug </p><p id="p0044" num="0044"> 3 Kalibrier- und Kühlstation</p><p id="p0045" num="0045">4 Abzugsvorrichtung </p><p id="p0046" num="0046"> 5 Trennvorrichtung </p><p id="p0047" num="0047"> 6 Profil </p><p id="p0048" num="0048"> 7 Dorn </p><p id="p0049" num="0049"> 8 Hülse </p><p id="p0050" num="0050"> 9 Ende von 7 </p><p id="p0051" num="0051"> 10 Ende von 8 </p><p id="p0052" num="0052"> 11 Produktionsrichtung </p><p id="p0053" num="0053"> 12 Außenfläche von 7 </p><p id="p0054" num="0054"> 13 Innenfläche von 8 </p><p id="p0055" num="0055"> 14 Beschichtung </p><p id="p0056" num="0056"> 15 Stirnseite von 7 </p><p id="p0057" num="0057"> 16 Stirnseite von 8 </p><p id="p0058" num="0058"> 17 Schmelzekanal </p><p id="p0059" num="0059"> 18 Flächenabschnitt der Hülse 8</p><p id="p0060" num="0060">19 Flächenabschnitt des Dorns 7 
</p></description><claims mxw-id="PCLM70078673" ref-ucid="WO-2014127959-A1" lang="DE" load-source="patent-office"><claim-statement><!-- EPO <DP n="12"/>--> Patentansprüche; </claim-statement><claim id="clm-0001" num="1"><claim-text>1. Vorrichtung zur Herstellung von Kunststoffrohren im Extrusionsver- fahren mit einem Extruder (1), </claim-text><claim-text> einem sich in Produktionsrichtung an den Extruder anschließenden Rohrkopf (2) bestehend aus einem Grundwerkstoff mit mindestens einem Dorn (7) und einer Hülse (8), </claim-text><claim-text> wobei sich zwischen dem Dorn (7) und der Hülse (8) ein Schmelzekanal (17) bildet, der mindestens am Dornende (9) des Domes (7) und am Hülsenende (10) der Hülse (8) in Produktionsrichtung (11) gesehen strömungsgünstig ausgebildet ist, </claim-text><claim-text> wobei der Dom (7) und die Hülse (8) relativ zueinander vor und zurück verstellbar sind, </claim-text><claim-text> wobei die Außenfläche des Domes (12) und/oder die Innenfläche der Hülse (13) mindestens partiell aus einem Werkstoff besteht/bestehen der eine höhere Gleitfähigkeit aufweist als der Grundwerkstoff, dadurch gekennzeichnet, dass sich der Durchmesser des Domes (7) am Domende (9) konisch vergrößert oder verkleinert und/oder </claim-text><claim-text> das Domende (9) des Domes (7) mit einer Rundung oder einem Radius versehen ist und sich dadurch der Durchmesser vergrößert oder verkleinert oder stetig ausläuft </claim-text><claim-text> und </claim-text><claim-text> sich der Innendurchmesser der Hülse (8) am Hülsenende (10) konisch vergrößert oder verkleinert oder stetig ausläuft und/oder das Hülsenende (10) der Hülse (8) mit einer Rundung oder einem Radius versehen ist und sich dadurch der Durchmesser vergrößert oder verkleinert, oder </claim-text><claim-text> dass sich am Dom- und Hülsenende zusätzlich zwei Flächenabschnitte (18, 19) erstrecken, die parallel und zylindrisch ausgeführt sind. 
<!-- EPO <DP n="13"/>-->
</claim-text></claim><claim id="clm-0002" num="2"><claim-text>2. Vorrichtung nach Anspruch 1, dadurch gekennzeichnet, dass die Außen- und/oder die Innenfläche mit einer in Produktionsrichtung (11) gleichbleibenden Beschichtung (14) versehen ist. </claim-text></claim><claim id="clm-0003" num="3"><claim-text>3. Vorrichtung nach Anspruch 1, dadurch gekennzeichnet, dass die Außen- und/oder die Innenfläche mit einer Beschichtung (14) versehen ist deren Gleiteigenschaft in Produktionsrichtung (11) stetig besser wird. </claim-text></claim><claim id="clm-0004" num="4"><claim-text>4. Vorrichtung nach Anspruch 1, dadurch gekennzeichnet, dass die Außen- und/oder die Innenfläche mit einer Beschichtung (14) versehen ist deren Gleiteigenschaft in Produktionsrichtung (11) abwechselnd besser und wieder schlechter wird. </claim-text></claim><claim id="clm-0005" num="5"><claim-text>5. Vorrichtung nach Anspruch 1, dadurch gekennzeichnet, dass die Außen- und/oder die Innenfläche partiell mit einer Beschichtung (14) versehen ist. </claim-text></claim><claim id="clm-0006" num="6"><claim-text>6. Vorrichtung nach Anspruch 1, dadurch gekennzeichnet, dass die </claim-text><claim-text> Stirnseiten des Domes (15) und/oder die Stirnseite der Hülse (16) mit einer Beschichtung (14) versehen ist/sind. </claim-text></claim><claim id="clm-0007" num="7"><claim-text>7. Vorrichtung nach einem der Ansprüche 1 bis 6, dadurch gekennzeichnet, dass die Beschichtung aus PTFE besteht. </claim-text></claim><claim id="clm-0008" num="8"><claim-text>8. Vorrichtung nach einem der Ansprüche 1 bis 8, dadurch gekennzeichnet, dass die höheren Gleiteigenschaften mittels eingelegter Ringe erfolgt wobei diese aus anderem Material als das Grundmaterial bestehen oder Beschichtet sind. 
</claim-text></claim></claims><copyright>User acknowledges that Fairview Research LLC and its third party providers retain all right, title and interest in and to this xml under applicable copyright laws.  User acquires no ownership rights to this xml including but not limited to its format.  User hereby accepts the terms and conditions of the Licence Agreement</copyright></patent-document>
