<?xml version="1.0" encoding="UTF-8"?>
<patent-document ucid="EP-2958528-A1" country="EP" doc-number="2958528" kind="A1" date="20151230" family-id="50151387" file-reference-id="317510" date-produced="20180822" status="corrected" lang="EN"><bibliographic-data><publication-reference fvid="160453656" ucid="EP-2958528-A1"><document-id><country>EP</country><doc-number>2958528</doc-number><kind>A1</kind><date>20151230</date><lang>EN</lang></document-id></publication-reference><application-reference ucid="EP-14705921-A" is-representative="NO"><document-id mxw-id="PAPP193870280" load-source="docdb" format="epo"><country>EP</country><doc-number>14705921</doc-number><kind>A</kind><date>20140204</date><lang>EN</lang></document-id><document-id mxw-id="PAPP193870281" load-source="patent-office" format="original"><country>EP</country><doc-number>14705921.6</doc-number><date>20140204</date><lang>EN</lang></document-id></application-reference><priority-claims><priority-claim mxw-id="PPC162031981" ucid="US-201313773152-A" load-source="docdb"><document-id format="epo"><country>US</country><doc-number>201313773152</doc-number><kind>A</kind><date>20130221</date></document-id></priority-claim><priority-claim mxw-id="PPC162033963" ucid="US-2014014712-W" linkage-type="W" load-source="docdb"><document-id format="epo"><country>US</country><doc-number>2014014712</doc-number><kind>W</kind><date>20140204</date></document-id></priority-claim></priority-claims><technical-data><classifications-ipcr><classification-ipcr mxw-id="PCL-1988520177" load-source="docdb">A61F   2/966       20130101AFI20140911BHEP        </classification-ipcr></classifications-ipcr><classifications-cpc><classification-cpc mxw-id="PCL-1718544863" load-source="docdb" scheme="CPC">A61F2002/9511      20130101 LA20171221BHEP        </classification-cpc><classification-cpc mxw-id="PCL-1987765720" load-source="docdb" scheme="CPC">A61F   2/89        20130101 LA20150406BHEP        </classification-cpc><classification-cpc mxw-id="PCL-1987769331" load-source="docdb" scheme="CPC">A61F2002/9534      20130101 LA20150406BHEP        </classification-cpc><classification-cpc mxw-id="PCL-1987772903" load-source="docdb" scheme="CPC">A61F   2/962       20130101 FI20141223BHEP        </classification-cpc><classification-cpc mxw-id="PCL-1987773214" load-source="docdb" scheme="CPC">A61F2002/9665      20130101 LA20150406BHEP        </classification-cpc><classification-cpc mxw-id="PCL-1987793754" load-source="docdb" scheme="CPC">A61F   2/966       20130101 LI20150406BHEP        </classification-cpc></classifications-cpc><invention-title mxw-id="PT165552434" lang="DE" load-source="patent-office">STENTTRANSPLANTATEINFÜHRUNGSSYSTEM MIT EINEM SPITZENERFASSUNGSMECHANIMUS MIT VERLÄNGERTEN KABELN ZUR SCHRITTWEISEN EINFÜHRUNG UND NEUPOSITIONIERUNG</invention-title><invention-title mxw-id="PT165552435" lang="EN" load-source="patent-office">STENT-GRAFT DELIVERY SYSTEM HAVING A TIP CAPTURE MECHANISM WITH ELONGATED CABLES FOR GRADUAL DEPLOYMENT AND REPOSITIONING</invention-title><invention-title mxw-id="PT165552436" lang="FR" load-source="patent-office">SYSTÈME D'ADMINISTRATION D'UNE ENDOPROTHÈSE COMPORTANT UN MÉCANISME DE CAPTURE D'EXTRÉMITÉ AVEC CÂBLES ALLONGÉS POUR LE DÉPLOIEMENT PROGRESSIF ET LE REPOSITIONNEMENT DE L'ENDOPROTHÈSE</invention-title></technical-data><parties><applicants><applicant mxw-id="PPAR1103330261" load-source="docdb" sequence="1" format="epo"><addressbook><last-name>MEDTRONIC VASCULAR INC</last-name><address><country>US</country></address></addressbook></applicant><applicant mxw-id="PPAR1103315537" load-source="docdb" sequence="1" format="intermediate"><addressbook><last-name>MEDTRONIC VASCULAR INC.</last-name></addressbook></applicant><applicant mxw-id="PPAR1101641888" load-source="patent-office" sequence="1" format="original"><addressbook><last-name>Medtronic Vascular Inc.</last-name><iid>101393421</iid><address><street>3576 Unocal Place</street><city>Santa Rosa, CA 95403</city><country>US</country></address></addressbook></applicant></applicants><inventors><inventor mxw-id="PPAR1103306478" load-source="docdb" sequence="1" format="epo"><addressbook><last-name>ARGENTINE JEFFERY</last-name><address><country>US</country></address></addressbook></inventor><inventor mxw-id="PPAR1103335468" load-source="docdb" sequence="1" format="intermediate"><addressbook><last-name>ARGENTINE, JEFFERY</last-name></addressbook></inventor><inventor mxw-id="PPAR1101653853" load-source="patent-office" sequence="1" format="original"><addressbook><last-name>ARGENTINE, JEFFERY</last-name><address><street>c/o IP Legal Department Medtronic Vascular Inc. 3576 Unocal Place</street><city>Santa Rosa, CA 95403</city><country>US</country></address></addressbook></inventor><inventor mxw-id="PPAR1103339122" load-source="docdb" sequence="2" format="epo"><addressbook><last-name>SCHMITT JOSHUA</last-name><address><country>US</country></address></addressbook></inventor><inventor mxw-id="PPAR1103331349" load-source="docdb" sequence="2" format="intermediate"><addressbook><last-name>SCHMITT, Joshua</last-name></addressbook></inventor><inventor mxw-id="PPAR1101646560" load-source="patent-office" sequence="2" format="original"><addressbook><last-name>SCHMITT, Joshua</last-name><address><street>c/o IP Legal Department Medtronic Vascular Inc. 3576 Unocal Place</street><city>Santa Rosa, CA 95403</city><country>US</country></address></addressbook></inventor><inventor mxw-id="PPAR1103305467" load-source="docdb" sequence="3" format="epo"><addressbook><last-name>STIGER MARK</last-name><address><country>US</country></address></addressbook></inventor><inventor mxw-id="PPAR1103344540" load-source="docdb" sequence="3" format="intermediate"><addressbook><last-name>STIGER, MARK</last-name></addressbook></inventor><inventor mxw-id="PPAR1101641909" load-source="patent-office" sequence="3" format="original"><addressbook><last-name>STIGER, MARK</last-name><address><street>c/o IP Legal Department Medtronic Vascular Inc. 3576 Unocal Place</street><city>Santa Rosa, CA 95403</city><country>US</country></address></addressbook></inventor><inventor mxw-id="PPAR1103333463" load-source="docdb" sequence="4" format="epo"><addressbook><last-name>WOLL BRANDON</last-name><address><country>US</country></address></addressbook></inventor><inventor mxw-id="PPAR1103341888" load-source="docdb" sequence="4" format="intermediate"><addressbook><last-name>WOLL, BRANDON</last-name></addressbook></inventor><inventor mxw-id="PPAR1101645490" load-source="patent-office" sequence="4" format="original"><addressbook><last-name>WOLL, BRANDON</last-name><address><street>c/o IP Legal Department Medtronic Vascular Inc. 3576 Unocal Place</street><city>Santa Rosa, CA 95403</city><country>US</country></address></addressbook></inventor></inventors><agents><agent mxw-id="PPAR1101645890" load-source="patent-office" sequence="1" format="original"><addressbook><last-name>Zimmermann &amp; Partner Patentanwälte mbB</last-name><iid>101526593</iid><address><street>Josephspitalstr. 15</street><city>80331 München</city><country>DE</country></address></addressbook></agent></agents></parties><international-convention-data><pct-or-regional-filing-data ucid="US-2014014712-W"><document-id><country>US</country><doc-number>2014014712</doc-number><kind>W</kind><date>20140204</date><lang>EN</lang></document-id></pct-or-regional-filing-data><pct-or-regional-publishing-data ucid="WO-2014130235-A1"><document-id><country>WO</country><doc-number>2014130235</doc-number><kind>A1</kind><date>20140828</date><lang>EN</lang></document-id></pct-or-regional-publishing-data><designated-states><ep-contracting-states><country mxw-id="DS660731986" load-source="docdb">AL</country><country mxw-id="DS660644707" load-source="docdb">AT</country><country mxw-id="DS660721719" load-source="docdb">BE</country><country mxw-id="DS660722789" load-source="docdb">BG</country><country mxw-id="DS660755743" load-source="docdb">CH</country><country mxw-id="DS660721720" load-source="docdb">CY</country><country mxw-id="DS660644708" load-source="docdb">CZ</country><country mxw-id="DS660732008" load-source="docdb">DE</country><country mxw-id="DS660721721" load-source="docdb">DK</country><country mxw-id="DS660721722" load-source="docdb">EE</country><country mxw-id="DS660639795" load-source="docdb">ES</country><country mxw-id="DS660722790" load-source="docdb">FI</country><country mxw-id="DS660755744" load-source="docdb">FR</country><country mxw-id="DS660732009" load-source="docdb">GB</country><country mxw-id="DS660721727" load-source="docdb">GR</country><country mxw-id="DS660732010" load-source="docdb">HR</country><country mxw-id="DS660644709" load-source="docdb">HU</country><country mxw-id="DS660755745" load-source="docdb">IE</country><country mxw-id="DS660721728" load-source="docdb">IS</country><country mxw-id="DS660722795" load-source="docdb">IT</country><country mxw-id="DS660721729" load-source="docdb">LI</country><country mxw-id="DS660722796" load-source="docdb">LT</country><country mxw-id="DS660794354" load-source="docdb">LU</country><country mxw-id="DS660722797" load-source="docdb">LV</country><country mxw-id="DS660722798" load-source="docdb">MC</country><country mxw-id="DS660794355" load-source="docdb">MK</country><country mxw-id="DS660794356" load-source="docdb">MT</country><country mxw-id="DS660794357" load-source="docdb">NL</country><country mxw-id="DS660644710" load-source="docdb">NO</country><country mxw-id="DS660794358" load-source="docdb">PL</country><country mxw-id="DS660721730" load-source="docdb">PT</country><country mxw-id="DS660641214" load-source="docdb">RO</country><country mxw-id="DS660721739" load-source="docdb">RS</country><country mxw-id="DS660794359" load-source="docdb">SE</country><country mxw-id="DS660732016" load-source="docdb">SI</country><country mxw-id="DS660644723" load-source="docdb">SK</country><country mxw-id="DS660644724" load-source="docdb">SM</country><country mxw-id="DS660639796" load-source="docdb">TR</country></ep-contracting-states><ep-extended-states><ep-extended-state-data><country>BA</country></ep-extended-state-data><ep-extended-state-data><country>ME</country></ep-extended-state-data></ep-extended-states></designated-states></international-convention-data><office-specific-data><eptags><ep-no-a-document-published>*</ep-no-a-document-published></eptags></office-specific-data></bibliographic-data><abstract mxw-id="PA139072627" ref-ucid="WO-2014130235-A1" lang="EN" load-source="patent-office"><p num="0000">Stent-graft delivery systems having a tip capture mechanism with a plurality of elongated cables that allow for gradual deployment and repositioning of a stent-graft prosthesis. The tip capture mechanism includes a guiding assembly, a distal tip assembly, and a plurality of cables. In a first relative position, the distal tip assembly extends the guiding assembly to temporarily constrain the distal ends of the cables and an intermediate portion of each cable constrains an endmost crown of the prosthesis. In this first relative position, tension on the cables may be selectively adjusted to allow for both gradual continuous radial expansion and contraction of the endmost crowns of the stent-graft prosthesis. In a second relative position, the distal tip assembly does not extend over the guiding assembly and thus does not constrain the distal ends of the cables, and thereby the cables do not constrain the endmost crowns.</p></abstract><abstract mxw-id="PA139540276" ref-ucid="WO-2014130235-A1" lang="EN" source="national office" load-source="docdb"><p>Stent-graft delivery systems having a tip capture mechanism with a plurality of elongated cables that allow for gradual deployment and repositioning of a stent-graft prosthesis. The tip capture mechanism includes a guiding assembly, a distal tip assembly, and a plurality of cables. In a first relative position, the distal tip assembly extends the guiding assembly to temporarily constrain the distal ends of the cables and an intermediate portion of each cable constrains an endmost crown of the prosthesis. In this first relative position, tension on the cables may be selectively adjusted to allow for both gradual continuous radial expansion and contraction of the endmost crowns of the stent-graft prosthesis. In a second relative position, the distal tip assembly does not extend over the guiding assembly and thus does not constrain the distal ends of the cables, and thereby the cables do not constrain the endmost crowns.</p></abstract><abstract mxw-id="PA139072628" ref-ucid="WO-2014130235-A1" lang="FR" load-source="patent-office"><p num="0000">L'invention concerne des systèmes d'administration d'une endoprothèse comportant un mécanisme de capture d'extrémité avec plusieurs câbles allongés qui permettent le déploiement progressif et le repositionnement de l'endoprothèse. Le mécanisme de capture d'extrémité comprend un ensemble de guidage, une extrémité distale et plusieurs câbles. Dans une première position relative, l'extrémité distale étend l'ensemble de guidage et contraint provisoirement les extrémités distales des câbles et une portion intermédiaire de chaque câble contraint une couronne la plus externe de l'endoprothèse. Dans cette première position relative, la tension exercée sur les câbles peut être ajustée de manière sélective pour permettre le déploiement radial continu progressif et la contraction de l'endoprothèse. Dans une seconde position relative, l'extrémité distale ne recouvre pas l'ensemble de guidage et ne contraint donc pas les extrémités distales des câbles, les câbles ne contraignent donc pas les couronnes les plus externes de l'endoprothèse.</p></abstract><abstract mxw-id="PA139540277" ref-ucid="WO-2014130235-A1" lang="FR" source="national office" load-source="docdb"><p>L'invention concerne des systèmes d'administration d'une endoprothèse comportant un mécanisme de capture d'extrémité avec plusieurs câbles allongés qui permettent le déploiement progressif et le repositionnement de l'endoprothèse. Le mécanisme de capture d'extrémité comprend un ensemble de guidage, une extrémité distale et plusieurs câbles. Dans une première position relative, l'extrémité distale étend l'ensemble de guidage et contraint provisoirement les extrémités distales des câbles et une portion intermédiaire de chaque câble contraint une couronne la plus externe de l'endoprothèse. Dans cette première position relative, la tension exercée sur les câbles peut être ajustée de manière sélective pour permettre le déploiement radial continu progressif et la contraction de l'endoprothèse. Dans une seconde position relative, l'extrémité distale ne recouvre pas l'ensemble de guidage et ne contraint donc pas les extrémités distales des câbles, les câbles ne contraignent donc pas les couronnes les plus externes de l'endoprothèse.</p></abstract><description mxw-id="PDES78476650" ref-ucid="WO-2014130235-A1" lang="EN" load-source="patent-office"><!-- EPO <DP n="2"/>--><p id="p0001" num="0001"> STENT-GRAFT DELIVERY SYSTEM HAVING A TIP CAPTURE MECHANISM WITH ELONGATED CABLES FOR GRADUAL DEPLOYMENT AND</p><p id="p0002" num="0002">REPOSITIONING </p><p id="p0003" num="0003">FIELD OF THE INVENTION </p><p id="p0004" num="0004"> [0001] The invention is related in general to implantable prostheses and in particular to self-expanding stent-grafts. </p><p id="p0005" num="0005">BACKGROUND OF THE INVENTION </p><p id="p0006" num="0006"> [0002] Prostheses for implantation in blood vessels or other similar organs of the living body are, in general, well known in the medical art. For example, prosthetic vascular grafts constructed of biocompatible materials have been employed to replace or bypass damaged or occluded natural blood vessels. In general, endovascular grafts typically include a graft anchoring component that operates to hold a tubular graft component of a suitable graft material in its intended position within the blood vessel. Most commonly, the graft anchoring component is one or more radially compressible stents that are radially expanded in situ to anchor the tubular graft component to the wall of a blood vessel or anatomical conduit. Thus, endovascular grafts are typically held in place by mechanical engagement and friction due to the opposition forces provided by the radially expandable stents. </p><p id="p0007" num="0007">[0003] Grafting procedures are also known for treating aneurysms. Aneurysms result from weak, thinned blood vessel walls that "balloon" or expand due to aging, disease and/or blood pressure in the vessel. Consequently, aneurysmal vessels have a potential to rupture, causing internal bleeding and potentially life threatening conditions. Grafts are often used to isolate aneurysms or other blood vessel abnormalities from normal blood pressure, reducing pressure on the weakened vessel wall and reducing the chance of vessel rupture. As such, a tubular endovascular graft may be placed within the aneurysmal blood vessel to create a new flow path and an artificial flow conduit through the aneurysm, thereby reducing if not nearly eliminating the exertion of blood pressure on the aneurysm. </p><p id="p0008" num="0008">[0004] In general, rather than performing an open surgical procedure to implant a bypass graft that may be traumatic and invasive, endovascular grafts which may be referred to as stent-grafts may be deployed through a less invasive intraluminal delivery procedure. More particularly, a lumen or vasculature is accessed 
<!-- EPO <DP n="3"/>-->
 percutaneously at a convenient and less traumatic entry point, and the stent-graft is routed through the vasculature to the site where the prosthesis is to be deployed. Intraluminal deployment is typically effected using a delivery catheter with coaxial inner and outer tubes arranged for relative axial movement. For example, a self- expanding stent-graft may be compressed and disposed within the distal end of an outer catheter tube distal of a stop fixed to the inner member. The catheter is then maneuvered, typically routed through a body lumen until the end of the catheter and the stent-graft are positioned at the intended treatment site. The stop on the inner member is then held stationary while the outer tube of the delivery catheter is withdrawn. The stop prevents the stent-graft from being withdrawn with the sheath. As the sheath is withdrawn, the stent-graft is released from the confines of the sheath and radially self-expands so that at least a portion of it contacts and substantially conforms to a portion of the surrounding interior of the lumen, e.g., the blood vessel wall or anatomical conduit. </p><p id="p0009" num="0009"> [0005] In recent years, to improve optimal control and alignment during deployment and positioning of a stent-graft, various tip capture spindles have been incorporated into the delivery system utilized for percutaneously delivering the stent- graft prosthesis. Tip capture involves restraining the proximal end stent of the stent- graft in a radially compressed configuration in conjunction with the main body restraint achieved by other delivery system components, such as a tubular cover shaft or sheath. The tip capture spindle can be activated at any time during stent- graft deployment to suit any number of system characteristics driven by the therapy type, stent-graft type, or specific anatomical conditions that may prescribe the release timing. Typically, the tip capture release is activated after some or all the main stent-graft body release, and thus provides a mean of restraining the stent-graft during positioning and any re-positioning. Additional restraint of the stent-graft is a key characteristic when the operator is attempting to accurately position the stent- graft relative to an anatomical target. The tip capture restraint also aids in reducing an abrupt force of expansion when the stent-graft is released from the graft cover or sheath. </p><p id="p0010" num="0010"> [0006] For example, U.S. Patent Application Publication No. 2006/0276872 to Arbefuielle et al. and U.S. Patent Application Publication No. 2009/0276027 to Glynn et al., both herein incorporated by reference in their entirety, describe tip capture 
<!-- EPO <DP n="4"/>-->
 mechanisms that restrain the proximal end stent of the stent-graft while the remainder of the stent-graft expands, then releases the proximal end stent. The proximal end stent (sometimes also referred to as the anchor stent) is attached to the graft material of the stent-graft so as to have an "open web" or "free flow" proximal end configuration in which the proximal endmost crowns thereof extend past or beyond the graft material such that the proximal endmost crowns are exposed or bare, and thus free to interact with a tip capture mechanism and couple the stent-graft prosthesis to the delivery system. FIGS. 1A and 1 B illustrate a delivery system 10 having a tip capture spindle 12 designed to couple or interact with a stent-graft 14 having an open web or free flow proximal end configuration 16. More particularly, endmost crowns 18 engage or hook around retractable arms or retainer elements 20 of the tip capture spindle 12. Delivery system 10 includes at least three concentric shafts, namely an outer delivery sheath or graft cover 22, an intermediate shaft 24 coupled to tip capture spindle 12, and an elongate inner shaft 26 coupled to distal tip assembly 28. When graft cover 22 is retracted to allow stent- graft 14 to self-expand, endmost crowns 18 of the end stent 15 remain hooked around tip capture retainer elements 20, as shown in FIG. 1A. To release end stent 15, intermediate shaft 24 coupled to tip capture spindle 12 is retracted longitudinally relative to inner shaft 26 to retract tip capture spindle 12 such that end stent 15 is released from tip capture spindle 12 and allowed to self-expand, as shown in FIG. 1 B. The Captivia Delivery System manufactured by Medtronic Vascular, Inc. of Santa Rosa, CA is one example of a delivery system having a tip capture mechanism as described above, which may be utilized for delivering endovascular stent-grafts such as the Valiant Thoracic Stent-graft manufactured by Medtronic Vascular, Inc. of Santa Rosa, CA. </p><p id="p0011" num="0011"> [0007] Tip capture mechanisms have improved accuracy of deployment of self- expanding stent-grafts. Embodiments hereof relate to improvements in delivery systems for gradual deployment and repositioning of the stent-graft. </p><p id="p0012" num="0012">BRIEF SUMMARY OF THE INVENTION </p><p id="p0013" num="0013"> [0008] Embodiments hereof relate to a stent-graft delivery system including an elongate shaft, a guiding assembly disposed over the shaft, a distal tip assembly coupled to a distal end of the shaft, and a plurality of cables that extend over the 
<!-- EPO <DP n="5"/>-->
 elongate shaft. The distal tip assembly and the guiding assembly are moveable relative to each other. Each cable includes a first end, an intermediate portion configured to engage an endmost crown of a stent of a stent-graft prosthesis, and a second end that extends distally beyond the stent-graft prosthesis. In a first relative position of the distal tip assembly and the guiding assembly, a portion of the distal tip assembly extends over an outer surface of a distal portion of the guiding assembly and constrains the second ends of the cables between the outer surface of the distal portion of the guiding assembly and an inner surface of the portion of the distal tip assembly. In the first relative position of the distal tip assembly and the guiding assembly, tension on the cables may be selectively reduced for gradual continuous expansion of the endmost crowns of the stent or may be selectively increased for gradual continuous radial contraction of the endmost crowns of the stent. In a second relative position of the distal tip assembly and the guiding assembly, the distal tip assembly does not constrain the second ends of the cables. </p><p id="p0014" num="0014">[0009] Embodiments hereof also relate to a method of deploying a stent-graft prosthesis. A delivery system having a stent-graft prosthesis mounted on an elongate shaft is percutaneously advanced, wherein a guiding assembly is disposed over the shaft, a plurality of cables extend over the shaft and constrain endmost crowns of a stent of the stent-graft prosthesis, and a distal tip assembly is coupled to a distal end of the shaft, the distal tip assembly and the guiding assembly being moveable relative to each other. A portion of the distal tip assembly proximally extends over an outer surface of a distal portion of the guiding assembly to constrain second ends of the cables between an inner surface of the distal tip assembly and the outer surface of the distal portion of the guiding assembly. The stent-graft prosthesis is positioned and then partially deployed by retracting an outer sheath of the delivery system to expose at least a portion of the stent-graft prosthesis, wherein the portion of the stent-graft prosthesis self-expands and the endmost crowns of the stent remain constrained by the cables. The endmost crowns of the stent are partially deployed in a continuous gradual manner by reducing tension on the cables, wherein reducing tension allows the endmost crowns to partially radially expand while the cables continue to constrain the endmost crowns of the stent. To fully deploy the stent-graft prosthesis, the distal tip assembly or the guiding assembly is 
<!-- EPO <DP n="6"/>-->
 moved such that the distal tip assembly does not constrain the second ends of the cables. </p><p id="p0015" num="0015">BRIEF DESCRIPTION OF DRAWINGS </p><p id="p0016" num="0016"> [0010] The foregoing and other features and advantages of the invention will be apparent from the following description of embodiments hereof as illustrated in the accompanying drawings. The accompanying drawings, which are incorporated herein and form a part of the specification, further serve to explain the principles of the invention and to enable a person skilled in the pertinent art to make and use the invention. The drawings are not to scale. </p><p id="p0017" num="0017"> [0011] FIGS. 1 A and 1 B are side views of a distal end of a delivery system having a tip capture spindle designed to couple or interact with a stent-graft having an open web or free flow proximal end configuration. </p><p id="p0018" num="0018"> [0012] FIG. 2 is a side view of a stent-graft delivery system having a tip capture mechanism according to an embodiment hereof, wherein a stent-graft prosthesis mounted on the delivery system is in a delivery configuration. </p><p id="p0019" num="0019">[0013] FIG. 2A is a cross-sectional view taken along the line A-A of FIG. 2. </p><p id="p0020" num="0020">[0014] FIG. 2B is a cross-sectional view taken along the line B-B of FIG. 2. </p><p id="p0021" num="0021">[0015] FIG. 2C is a cross-sectional view taken along the line C-C of FIG. 2B. </p><p id="p0022" num="0022">[0016] FIG. 2D is an enlarged view of a portion of FIG. 2B. </p><p id="p0023" num="0023">[0017] FIG. 2E is a perspective view of a component of a guiding assembly of FIG. 2 removed from the stent-graft delivery system for illustrative purposes only. </p><p id="p0024" num="0024">[0018] FIG. 2F is a perspective view of another component of the guiding assembly of FIG. 2 removed from the stent-graft delivery system for illustrative purposes only. </p><p id="p0025" num="0025"> [0019] FIG. 3 is a side view of a distal portion of the stent-graft delivery system of FIG. 2, wherein the stent-graft is in a partially deployed configuration in which a portion of the body of the stent-graft is deployed or radially expanded. </p><p id="p0026" num="0026">[0020] FIG. 3A is a sectional view of a portion of FIG. 3 taken along the line A-A of FIG. 3. </p><p id="p0027" num="0027"> [0021] FIG. 4 is a perspective view of a distal portion of the stent-graft delivery system of FIG. 2, wherein the body of stent-graft is deployed or radially expanded with the endmost crowns of the stent-graft captured via the tip capture mechanism. 
<!-- EPO <DP n="7"/>-->
 [0022] FIG. 4A is a sectional view taken along the line A-A of FIG. 4. </p><p id="p0028" num="0028"> [0023] FIG. 5 is a perspective view of a distal portion of the stent-graft delivery system of FIG. 2, wherein the stent-graft is in a fully deployed configuration with the endmost crowns of the stent-graft released from the tip capture mechanism. </p><p id="p0029" num="0029"> [0024] FIG. 5A is a sectional view of taken along the line A-A of FIG. 5. </p><p id="p0030" num="0030"> [0025] FIG. 6 is a side perspective view of a distal portion of a stent-graft delivery system having a tip capture mechanism according to another embodiment hereof, wherein a stent-graft prosthesis mounted on the delivery system is in a delivery configuration. </p><p id="p0031" num="0031"> [0026] FIG. 6A is a sectional view taken along line A-A of FIG. 6, with cables and the stent-graft prosthesis removed from the stent-graft delivery system for illustrative purposes only. </p><p id="p0032" num="0032"> [0027] FIG. 6B is a perspective view of a guiding assembly of FIG. 6 removed from the stent-graft delivery system for illustrative purposes only. </p><p id="p0033" num="0033">[0028] FIG. 7 is a side perspective view of a distal portion of the stent-graft delivery system of FIG. 6, wherein the stent-graft is in a fully deployed configuration with the endmost crowns of the stent-graft captured via the tip capture mechanism. </p><p id="p0034" num="0034">[0029] FIG. 8 is a perspective view of a distal portion of the stent-graft delivery system of FIG. 6, wherein the stent-graft is in a fully deployed configuration with the endmost crowns of the stent-graft released from the tip capture mechanism. </p><p id="p0035" num="0035">DETAILED DESCRIPTION OF THE INVENTION </p><p id="p0036" num="0036"> [0030] Specific embodiments of the present invention are now described with reference to the figures, wherein like reference numbers indicate identical or functionally similar elements. Specific embodiments are now described with reference to the figures, wherein like reference numbers indicate identical or functionally similar elements. Unless otherwise indicated, for the delivery system the terms "distal" and "proximal" are used in the following description with respect to a position or direction relative to the treating clinician. "Distal" and "distally" are positions distant from or in a direction away from the clinician, and "proximal" and "proximally" are positions near or in a direction toward the clinician. For the stent- graft prosthesis "proximal" is the portion nearer the heart by way of blood flow path while "distal" is the portion of the stent-graft further from the heart by way of blood 
<!-- EPO <DP n="8"/>-->
 flow path. In addition, the term "self-expanding" is used in the following description with reference to one or more stent structures of the prostheses hereof and is intended to convey that the structures are shaped or formed from a material that can be provided with a mechanical memory to return the structure from a compressed or constricted delivery configuration to an expanded deployed configuration. Non- exhaustive exemplary self-expanding materials include stainless steel, a pseudo- elastic metal such as a nickel titanium alloy or nitinol, various polymers, or a so- called super alloy, which may have a base metal of nickel, cobalt, chromium, or other metal. Mechanical memory may be imparted to a wire or stent structure by thermal treatment to achieve a spring temper in stainless steel, for example, or to set a shape memory in a susceptible metal alloy, such as nitinol. Various polymers that can be made to have shape memory characteristics may also be suitable for use in embodiments hereof to include polymers such as polynorborene, trans-polyisoprene, styrene-butadiene, and polyurethane. As well poly L-D lactic copolymer, oligo caprylactone copolymer and poly cyclo-octine can be used separately or in conjunction with other shape memory polymers. </p><p id="p0037" num="0037"> [0031] The following detailed description is merely exemplary in nature and is not intended to limit the invention or the application and uses of the invention. Although the description of the invention is in the context of treatment of blood vessels such as the aorta, coronary, carotid and renal arteries, the invention may also be used in any other body passageways where it is deemed useful. Furthermore, there is no intention to be bound by any expressed or implied theory presented in the preceding technical field, background, brief summary or the following detailed description. </p><p id="p0038" num="0038">[0032] Embodiments hereof relate to stent-graft delivery systems having a tip capture mechanism with a plurality of elongated cables that allows for partial or gradual deployment and repositioning of the stent-graft prosthesis. Tension on the cables may be selectively adjusted to allow for both gradual continuous radial expansion and contraction of endmost crowns of the stent-graft prosthesis while the stent-graft prosthesis is being positioned in situ as desired. More particularly, according to an embodiment hereof, a delivery system 200 having a tip capture mechanism to allow for partial deployment and repositioning of a stent-graft prosthesis 230 is shown and described with respect to FIGS. 2-5. FIGS. 2, 2A, 2B, and 2C illustrate delivery system 200 for delivering a self-expanding stent-graft 
<!-- EPO <DP n="9"/>-->
 prosthesis 230 within a vasculature, wherein stent-graft prosthesis 230 is in a compressed delivery configuration. FIG. 2 is a schematic side view of system 200, while FIG. 2A is a cross-sectional view taken along line A-A of FIG. 2, FIG. 2B is a sectional view taken along line B-B of FIG. 2, FIG. 2C is a cross-sectional view taken along line C-C of FIG. 2B, and FIG. 2D is an enlarged view of a portion of FIG. 2B. FIG. 2E and FIG. 2F are perspective views of components of the guiding assembly removed from the delivery system for illustrative purposes only. FIGS. 3 and 3A illustrate a distal portion of delivery system 200 with stent-graft prosthesis 230 in a partially deployed configuration in which the body of the stent-graft prosthesis is radially expanded but the endmost crowns of the stent-graft prosthesis are not radially expanded. FIGS. 4 and 4A illustrate a distal portion of delivery system 200 with endmost crowns of the stent-graft prosthesis 230 in a partially deployed or radially expanded configuration but still captured via the tip capture mechanism. FIGS. 5 and 5A illustrate a distal portion of delivery system 200 with stent-graft prosthesis 230 in a fully deployed configuration with the endmost crowns of the stent-graft released from the tip capture mechanism. </p><p id="p0039" num="0039"> [0033] Stent-graft delivery system 200 includes an elongate inner shaft 212 having a handle 220 coupled to a proximal end 214 thereof and a distal tip assembly 228 coupled to a distal end 216 thereof (shown in FIG. 2B), a plurality of elongate cables 226 that releasably couple stent-graft prosthesis 230 to delivery system 200, a guiding assembly 224 slidingly disposed over inner shaft 212 for guiding and directing cables 226, and an outer sheath or graft cover 202 sliding disposed over guiding assembly 224 to retain stent-graft prosthesis 230 in a constrained or compressed diameter configuration while the delivery system is tracked through a body lumen to the deployment site. With reference to FIG. 2B, stent-graft prosthesis 230 includes a tubular graft 232 having a first edge or end 234, a second edge or end 236, and a body 238 there between which defines a lumen (not shown) through stent-graft prosthesis 230. In an embodiment, first end 234 of graft 232 may be referred to as a proximal end of graft 232 and a proximal end of stent-graft prosthesis 230, which is conventionally the end that is coupled to a tip capture mechanism of a delivery system, and second end 236 of graft 232 may be referred to as a distal end of graft 232 and a distal end of stent-graft prosthesis 230. Graft 232 may be formed from any suitable graft material, for example and not limited to, a 
<!-- EPO <DP n="10"/>-->
 low-porosity woven or knit polyester, DACRON material, expanded polytetrafluoroethylene, polyurethane, silicone, or other suitable materials. In another embodiment, the graft material could also be a natural material such as pericardium or another membranous tissue such as intestinal submucosa. Stent-graft prosthesis 230 also includes at least one radially-compressible stent or scaffold 240 that is coupled to graft 232 for supporting the graft material and that is operable to self- expand into apposition with an interior wall of a body vessel (not shown). In the embodiment depicted in FIG. 2B, stent-graft prosthesis 230 includes a series of five independent or separate cylindrical stents 240. Each stent 240 is constructed from a self-expanding or spring material, such as Nitinol, and is a sinusoidal patterned ring including a plurality of crowns or bends 242 and a plurality of struts or straight segments 244 with each crown being formed between a pair of opposing struts. Although shown with five stents 240, it will be understood by those of ordinary skill in the art that stent-graft prosthesis 230 may include a greater or smaller number of stents 240 depending upon the desired length of stent-graft prosthesis 230 and/or the intended application thereof. For description purposes only, the stent that is coupled adjacent and proximate to first end 234 of graft 232 is referred to herein as first end stent 240A and the stent that is coupled adjacent and proximate to second end 236 of graft 232 is referred to herein as second end stent 240B but it will be understood by those of ordinary skill in the art that all of the stents may have identical or different patterns or configurations. Stents 240 are coupled to graft 232 by stitches or other means known to those of skill in the art. In the embodiment shown in FIG. 2, stents 240 are coupled to an outer surface of graft 232. However, stents 240 may alternatively be coupled to an inside surface of graft 232. When stent-graft prosthesis 230 is used for treating an aneurysm, stents 240 have sufficient radial spring force and flexibility to conformingly engage stent-graft prosthesis 230 with the body lumen inner wall, to avoid excessive leakage, and prevent pressurization of the aneurysm, i.e., to provide a leak-resistant seal. Although some leakage of blood or other body fluid may occur into the aneurysm isolated by stent-graft prosthesis 230, an optimal seal will reduce the chances of aneurysm pressurization and resulting rupture. </p><p id="p0040" num="0040"> [0034] In the compressed delivery configuration of FIG. 2 and FIG. 2B, stent-graft prosthesis 230 is mounted over a multi-lumen shaft 246 of guiding assembly 224 
<!-- EPO <DP n="11"/>-->
 and graft cover 202 extends over multi-lumen shaft 246 to retain stent-graft prosthesis 230 in the compressed diameter configuration. Multi-lumen shaft 246 is described in more detail herein. In FIG. 2 and FIG. 2B, graft cover 202 is in a non- retracted, delivery configuration. Graft cover 202 defines a lumen 208 extending from a proximal end 204 to a distal end 206. Graft cover 202 is movable in an axial direction along and relative to multi-lumen shaft 246 and extends to a proximal portion of the graft delivery system where it may be controlled via an actuator, such as a handle 210 to selectively expand the stent-graft prosthesis 230 disposed around multi-lumen shaft 246. Handle 210 may be a push-pull actuator that is attached or connected to a proximal end 204 of graft cover 202. Alternatively, the actuator may be a rotatable knob (not shown) that is attached or connected to proximal end 204 of graft cover 202 such that when the knob is rotated, graft cover 202 is retracted in a proximal direction to expand the graft. Alternatively, the actuator may use a combination of rotation and sliding to retract graft cover 202, as described, for example, in U.S. Patent No. 7,419,501 to Shiu et al., U.S. Patent Publication No. 2011/0257718 to Argentine, U.S. Patent Publication No. 2011/0270371 to Argentine, and U.S. Patent Publication No. 2011/0270372 to Argentine, each of which is incorporated by reference herein. Thus, when the actuator is operated, i.e., manually turned or pulled, graft cover 202 is proximally retracted over inner shaft 212 in a proximal direction. Graft cover 202 may be constructed of any suitable flexible polymeric material, including but not limited to polyethylene terephalate (PET), nylon, polyethylene, PEBAX, or combinations thereof, either blended or co-extruded. </p><p id="p0041" num="0041"> [0035] Inner shaft 212 may be constructed from a flexible metal tube of NiTi (Nitinol™), stainless steel, or the like, or may be constructed of a rigid plastic tube of PEEK polyetheretherketone, polyimide, or the like. Inner shaft 212 may define a guidewire lumen 218 for receiving a guidewire 222 there through. Alternatively, inner shaft 212 may instead be a solid rod (not shown) without a lumen extending there through. In an embodiment where inner shaft 212 is a solid rod, inner shaft 212 is tracked to the target site with the assistance of a tapered and flexible nosecone 258 of distal tip assembly 228. Distal tip assembly 228 also includes a sleeve portion 260 which proximally extends from nosecone 258 and functions in the deployment of stent-graft prosthesis 230, as will be described in more detail herein. 
<!-- EPO <DP n="12"/>-->
 A proximal end of sleeve portion defines a proximal end 264 of distal tip assembly 228. Those skilled in the art will appreciate that nosecone 258 and sleeve portion 260 of distal tip assembly 228 can be formed as a single unit and/or assembled from individual parts or components. Suitable materials for distal tip assembly 228 include Pebax, urethane, silicone, other flexible polymers, and the like, any of which may also include a radiopaque additive to provide the clinician with a visible tip when using fluoroscopy guidance to deliver the stent-graft within the patient. </p><p id="p0042" num="0042">[0036] Guiding assembly 224 includes elongate multi-lumen sheath or shaft 246 which defines a main or central lumen 248 such that multi-lumen shaft 246 may be slidingly disposed over inner shaft 212 as shown in the cross-sectional view of FIG. 2A. Multi-lumen shaft 246 may be constructed of any suitable flexible polymeric material, including but not limited to polyethylene terephalate (PET), nylon, polyethylene, PEBAX, or combinations thereof, either blended or co-extruded. In another embodiment hereof, multi-lumen shaft 246 may be constructed from a stainless steel spiral cut shaft or tube. In addition to central lumen 248, multi-lumen shaft 246 also defines a plurality of lumens 250 therethrough which are concentrically disposed around central lumen 248. In an embodiment, although not required, an outer surface 247 of multi-lumen shaft 246 is generally bumpy or wavy to minimize the amount of material between lumens 250 and therefore increase flexibility of multi-lumen shaft 246 as well as to increase lumenal space between multi-lumen shaft 246 and graft cover 202 for any desired fluid flow and/or folding of graft 232 of stent-graft prosthesis 230 during delivery. Alternatively, multi-lumen shaft 246 may be cylindrical with a smooth outer surface. The number of lumens 250 is equal to the number of cables 226, which is equal to the number of endmost crowns 242A of stent-graft prosthesis 230, and each lumen 250 is sized to slidingly receive a cable therethrough. Although shown with six cables 226, it will be understood by those of ordinary skill in the art that a greater or smaller number of cables may be used depending upon the number of end-most crowns 242A and the size of stent-graft prosthesis 230. Each cable 226 is an elongated strand of material that includes a first or proximal end 266 which extends to a proximal end of the delivery system (shown in FIG. 2) and a second or distal end 268 which extends distally beyond stent-graft prosthesis 230 (shown in FIGS. 2B and 2D). Exemplary materials for cables 226 include but are not limited to a monofilament or plastic 
<!-- EPO <DP n="13"/>-->
 suture material, such as polypropylene. As will be described in more detail, an intermediate portion 270 of each cable 226 loop or hook around and constrain endmost crowns 242A of stent-graft prosthesis 230, thereby temporarily or releasably coupling the stent-graft prosthesis to the delivery system in the delivery configuration shown in FIG. 2B and FIG. 2C. </p><p id="p0043" num="0043"> [0037] In addition to multi-lumen shaft 246, guiding assembly 224 also includes a guiding component 252 and an annular stop 254 formed or disposed over a distal end 256 of multi-lumen shaft 246. Guiding component 252 and an annular stop 254 extend circumferentially around multi-lumen shaft 246 and are first shown in the sectional views of FIG. 2B and FIG. 2C. Annular stop 254 and guiding component 252 are shown removed from the delivery system for illustrative purposes in FIG. 2E and FIG. 2F, respectively. In a first relative position of guiding assembly 224 and distal tip assembly 228 depicted in FIG. 2B, sleeve portion 260 of distal tip assembly 228 extends over guiding component 252 and annular stop 254 and thereby constrains distal ends 268 of cables 226 as will be described in more detail herein. Those skilled in the art will appreciate that guiding component 252 and an annular stop 254 of guiding assembly 224 can be formed as a single unit and/or assembled from individual parts or components. Suitable materials for guiding component 252 and an annular stop 254 include Pebax, nylon, acrylonitrile butadiene styrene (ABS), polycarbonate, and similar polymers as well as metallic materials such as stainless steel. </p><p id="p0044" num="0044"> [0038] With reference to FIGS. 2B-2F, grooves or channels 272 are formed on an inclined or tapered outer surface 274 of guiding component 252 for receiving intermediate portions 270 of cables 226. In addition, grooves or channels 276 are formed on an outer surface 278 of annular stop 254 for receiving intermediate portions 270 of cables 270. In the first relative position of guiding assembly 224 and distal tip assembly 228, grooves 272 and 276 of guiding component 252 and annular stop 254, respectively, hold or receive intermediate portions 270 of cables 226 which are wound around the guiding component and annular stop. More particularly, cables 226 extend through and exit out of lumens 250 of multi-lumen shaft 246. Cables 226 radially extend around a distal end of guiding component 252 and then longitudinally extend in a proximal direction within grooves 272 on tapered outer surface 274 of guiding component 252. The generally rounded distal end of guiding 
<!-- EPO <DP n="14"/>-->
 component 252 as well as the taper or incline of outer surface 274 directs or guides the cables 226 to annular stop 254 and helps to prevent kinking and/or tangling of cables 226. The degree or angle of the taper or incline of outer surface 274 may vary from that shown to accommodate different design configurations and applications. Cables 226 then extend within or through grooves or channels 279 formed on an inner surface of annular stop 254. Cables 226 then radially extend or loop around endmost crowns 242A of stent-graft prosthesis 230, which are adjacent to or abut against a proximal end of annular stop 254. Cables 226 then longitudinally extend in a distal direction within grooves 276 on outer surface 278 of annular stop 254. Distal ends 268 of cables 226, which include balls or spheres 280 attached thereto or integrally formed therewith, are constrained or wedged within a space or gap 282 formed between a distal end of annular stop 254, tapered outer surface 274 of guiding component 252, and an inner surface of sleeve portion 260 of distal tip assembly 228. Spheres 280 have a diameter greater than the diameter or width of cables 226, and the diameter of spheres 280 is greater than the width of grooves 276 on an outer surface 278 of annular stop 254 so that the spheres cannot pass through the grooves 276 of the annular stop. Accordingly, with the distal ends of cables 226 constrained or wedged between annular stop 254 and guiding component 252 and covered by distal assembly 228, intermediate portions 270 of cables 226 loop or hook around endmost crowns 242A of stent-graft prosthesis 230 to firmly or securely pull the stent-graft prosthesis against annular stop 254. Tension is applied to proximal ends 266 of cables 226 such that cables 226 are generally taut and intermediate portions 270 of cables 226 hold endmost crowns 242A securely or firmly against annular stop 254. In an embodiment, sleeve portion 260 includes a plurality of holes 262 (see FIG. 2) which provide access to intermediate portions 270 of cables 226 during assembly. </p><p id="p0045" num="0045"> [0039] When initial or partial deployment of prosthesis 230 is desired, graft cover 202 is partially retracted to allow at least a portion of body 238 of prosthesis 230 to self-expand as shown in FIGS. 3 and3A. Body 238 of stent-graft prosthesis 230 is permitted to expand while endmost crowns 242A of first or proximal stent 240A remain firmly or securely pulled against annular stop 254 via intermediate portions 270 of cables 226 as shown in FIG. 3A. Distal tip assembly 228 and guiding assembly 224 are still in the first relative position in which sleeve portion 260 of distal 
<!-- EPO <DP n="15"/>-->
 tip assembly 228 extends over a distal portion of guiding assembly 224, i.e., guiding component 252 and annular stop 254, to constrain distal ends 268 of cables 226. With endmost crowns 242A of stent-graft prosthesis 230 still coupled to delivery system 200 via cables 226, the stent-graft prosthesis may be repositioned if desired. In the embodiment depicted in FIG. 3, graft cover 202 is partially retracted such that distal end 206 thereof no longer covers or constrains proximal or first end 234 of prosthesis 230 and no longer covers at least a portion of body 238, thereby allowing proximal or first end 234 of prosthesis 230 to self-expand except as constrained by cables 226. However, in the embodiment of FIG. 3, graft cover 202 still constrains distal or second end 236 of prosthesis 230. This permits easier repositioning of prosthesis 230 than if graft cover 202 is retracted such that distal end 206 thereof no longer covers distal or second end 236 of prosthesis 230. However, in another embodiment hereof (not shown), graft cover 202 may be retracted such that distal end 206 no longer covers and radially constrains distal or second end 236 of prosthesis 230. In either embodiment, at some point, normally after all repositioning is completed, graft cover 202 is fully retracted such that distal end 206 of graft cover 202 no longer covers or constrains distal or second end 236 of prosthesis 230, thereby allowing distal or second end 236 to fully expand. </p><p id="p0046" num="0046"> [0040] With distal tip assembly 228 and guiding assembly 224 still in the first relative position in which sleeve portion 260 of distal tip assembly 228 extends over a distal portion of guiding assembly 224 to constrain distal ends 268 of cables 226, tension on cables 226 may be selectively adjusted via proximal ends 266 thereof (see FIG. 2) to allow for gradual continuous radial expansion and/or contraction of endmost crowns 242A of stent-graft prosthesis 230. More particularly, with reference to FIG. 4 and FIG. 4A, endmost crowns 242A of stent-graft prosthesis 230 are radially expanded or deployed in a continuous gradual manner by reducing tension on cables 226. Intermediate portions 270 of cables 226 are still looped or hooked around endmost crowns 242A but the endmost crowns are no longer pulled against annular stop 254. Rather, by reducing the tension of cables 226, endmost crowns 242A are permitted to radially self-expand and the endmost crowns are radially spaced apart from guiding assembly 224 of delivery system 200. If any repositioning is desired, endmost crowns 242A may be radially contracted towards 
<!-- EPO <DP n="16"/>-->
 or back to the position shown in FIG. 3 and FIG. 3A by increasing the tension of cables 226. </p><p id="p0047" num="0047"> [0041] After any and all repositioning is performed and stent-graft prosthesis 230 is positioned as desired, endmost crowns 242A of stent-graft prosthesis 230 may be fully deployed and released from delivery system 200 via movement of distal assembly 228. More particularly, in order to fully deploy the stent-graft prosthesis, inner shaft 212 and distal tip assembly 228 coupled thereto are distally advanced relative to guiding assembly 224 until distal tip assembly 228 and guiding assembly 224 are in a second relative position in which sleeve portion 260 of distal tip assembly 228 does not extend over a distal portion of guiding assembly 224 and does not constrain distal ends 268 of cables 226. Stated another way, inner shaft 212 and distal tip assembly 228 coupled thereto are distally advanced until distal ends 268 of cables 226 are proximal to proximal end 264 of distal tip assembly 228. As shown in FIG. 5 and FIG. 5A, distal ends 268 of cables 226 are exposed or no longer covered by distal tip assembly 228 and thus cables 226 release or are removed from endmost crowns 242A of stent-graft prosthesis 230 by pulling on proximal ends 266 of cables 226. As such, the stent-graft prosthesis is no longer coupled to delivery system 200 and the delivery system may then be removed from the patient, leaving stent-graft prosthesis 230 deployed in situ. Although final deployment of the stent-graft prosthesis is described via distal advancement of distal tip assembly 228, it would be understood by those of ordinary skill in the art that the required relative movement between distal tip assembly 228 and guiding assembly 224 may be accomplished via proximal retraction of the guiding assembly 224. </p><p id="p0048" num="0048">[0042] FIGS. 6-8 illustrate a distal portion of a delivery system 600 according to another embodiment hereof including a tip capture mechanism having a plurality of cables that allow for partial or gradual deployment and repositioning of a stent-graft prosthesis. In this embodiment, the cables extend over rather than loop around the endmost crowns of the stent-graft prosthesis in order to selectively constrain the crowns and couple the stent-graft prosthesis to the delivery system. In FIGS. 6-8, only proximal end stent 240A of stent-graft prosthesis 230 is shown for purposes of illustration only but it will be understood by those of ordinary skill in the art that delivery system 600 is configured to deliver and deploy a stent-graft prosthesis such as but not limited to stent-graft prosthesis 230. FIG. 6 illustrates proximal end stent 
<!-- EPO <DP n="17"/>-->
 240A in a compressed delivery configuration, FIG. 7 illustrates endmost crowns 242A of proximal end stent 240A in a partially deployed or radially expanded configuration but still captured via the tip capture mechanism, and FIG. 8 illustrates the position of the guiding assembly after the cables are removed and endmost crowns of the stent-graft prosthesis are released from the tip capture mechanism. FIG. 6A illustrates a sectional view taken along line A-A of FIG. 6 with the cables and the stent-graft prosthesis removed from the stent-graft delivery system for illustrative purposes only, while FIG. 6B illustrates the guiding assembly removed from the delivery system for illustrative purposes only. </p><p id="p0049" num="0049"> [0043] Similar to delivery system 200, delivery system 600 includes an elongate inner shaft 612 having a distal tip assembly 628 coupled to a distal end 616 thereof, a plurality of elongate cables 626 that releasably couple proximal end stent 240A to delivery system 600, a guiding assembly 624 sliding disposed over inner shaft 612 for guiding and directing cables 626, and an outer sheath or graft cover 602 which retains stent-graft prosthesis 230 in a constrained or compressed diameter configuration while the delivery system is tracked through a body lumen to the deployment site. Inner shaft 612 is similar to inner shaft 212 described above, and graft cover 602 is similar to graft cover 202 described above. However, in this embodiment, guiding assembly 624 includes a shaft 646 slidingly disposed over inner shaft 612 and an anvil or guiding component 652 formed or disposed over a distal end 656 of shaft 646. Shaft 646 is a relatively short shaft which extends from at least endmost crowns 242A to distal tip assembly 628. An inner surface of a tubular sleeve portion 660 of distal tip assembly 628 may include threads 686 that mate with threads 688 on an outer surface of guiding component 652. Threads 686, 688 are continuous helical ridges that wrap around an outer surface of an inner surface of sleeve portion 660 and an outer surface of guiding component 652, respectively, to form a matched or mating pair of threads. As will be understood by those of ordinary skill in the art, threads 686, 688 are used to convert rotational to translational or linear movement as will be explained in more detail herein. </p><p id="p0050" num="0050">[0044] Each cable 626 is an elongated strand of material that extends from a proximal end of delivery system 600 over inner shaft 612, over shaft 646, extends over or around endmost crowns 242A of stent-graft prosthesis 230, and within longitudinal grooves 672 formed on an inclined or tapered outer surface 674 of 
<!-- EPO <DP n="18"/>-->
 guiding component 652. In a first relative position of guiding assembly 624 and distal tip assembly 628 depicted in FIG. 6, tubular sleeve portion 660 of distal tip assembly 628 extends over guiding component 652 and thereby constrains distal ends 668 of cables 626 as will be described in more detail herein. </p><p id="p0051" num="0051">[0045] More particularly, distal ends 668 of cables 626, which include balls or spheres 680 attached thereto or integrally formed therewith, are received within an annular channel or groove 684 formed on tapered outer surface 674 of guiding component 652. Distal ends 668 of cables 626 are constrained or wedged within a space 682 formed between tapered outer surface 674 of guiding component 652 and a corresponding tapered inner surface of sleeve portion 660 of distal tip assembly 628. Spheres 680 have a diameter greater than the diameter or width of cables 626, and the diameter of spheres 680 is greater than the width of longitudinal grooves 672 so that the spheres cannot pass through the longitudinal grooves of the guiding component. Accordingly, the distal ends of cables 626 are wedged or secured between guiding component 652 and distal assembly 628, and an intermediate portion 670 of cables 626 cover and constrain endmost crowns 242A of stent-graft prosthesis 230. Tension is applied to the proximal ends of cables 626 in order to hold cables 626 generally straight or taut over endmost crowns 242A, thereby pulling or constraining the endmost crowns towards or against guiding assembly 624. </p><p id="p0052" num="0052">[0046] When initial or partial deployment of prosthesis 630 is desired, graft cover 602 is partially retracted to allow the body of the prosthesis to self-expand as described above with respect to FIGS. 3 and 3A. At least a portion of the body of the stent-graft prosthesis expands while the endmost crowns remain covered and constrained by intermediate portions 670 of cables 626. With distal tip assembly 628 and guiding assembly 624 still in the first relative position in which sleeve portion 660 of distal tip assembly 628 extends over guiding component 652 to constrain distal ends 668 of cables 626, tension on cables 626 may be selectively adjusted to allow for gradual continuous radial expansion and/or contraction of endmost crowns 242A of stent-graft prosthesis 230. More particularly, with reference to FIG. 7, endmost crowns 242A of stent-graft prosthesis 230 are radially expanded or deployed in a continuous gradual manner by reducing tension on cables 626. Intermediate portions 670 of cables 626 still extend over or cover endmost crowns 242A but the endmost crowns are no longer pulled against guiding assembly 624. Rather, by 
<!-- EPO <DP n="19"/>-->
 reducing the tension of cables 626, endmost crowns 242A are permitted to radially self-expand and the endmost crowns are radially spaced apart from guiding assembly 624 of delivery system 600. If any repositioning is desired, endmost crowns 242A may be radially contracted towards or back to the position shown in FIG. 6 by increasing the tension of cables 626. Although not required, tapered outer surface 674 of guiding component 652 assists to secure distal ends 668 of cables 626 between guiding component 652 and tubular sleeve 660. In addition to the enlarged relative dimension of spheres 680, tapered outer surface 674 prevents distal ends 668 of cables 626 from unintentionally sliding out of longitudinal grooves 672 when tension of cables 626 is varied or adjusted to selectively expand or contract proximal end stent 240A. </p><p id="p0053" num="0053"> [0047] After any and all repositioning is performed and stent-graft prosthesis 630 is positioned as desired, endmost crowns 242A of stent-graft prosthesis 230 may be fully deployed and released from delivery system 600 via rotation of distal assembly 628. In order to fully deploy the stent-graft prosthesis, inner shaft 612 and distal tip assembly 628 coupled thereto are rotated or turned. Stated another way, distal tip assembly 628 is coupled or attached to inner shaft 612 such that rotation of the shaft also rotates the distal tip assembly {i.e., they are not rotatable relative to each other). When inner shaft 612 and distal tip assembly 628 are rotated, guiding assembly 624 is prevented from rotation due to cables 626 being pinned or held within grooves 672, 684 of guiding component 652. In another embodiment hereof (not shown), shaft 646 may be elongated to extend to a proximal end of the delivery system and a proximal end of shaft 646 may be held stationary to prevent guiding assembly 624 from rotation. Because guiding assembly 624 is prevented from rotating, the rotational movement of distal tip assembly 628 is converted to translational or linear movement of guiding assembly 624 in a proximal direction relative to distal tip assembly 628 due to the threaded relationship between distal tip assembly 628 and guiding component 652. Rotation of inner shaft 612 continues until distal tip assembly 628 and guiding assembly 624 are in a second relative position shown in FIG. 8 in which sleeve portion 660 of distal tip assembly 628 does not constrain distal ends 668 of cables 626. Stated another way, rotation of inner shaft 612 continues until distal ends 668 of cables 626 are proximal to a proximal end of distal tip assembly 628. Sleeve portion 660 is retracted to expose at least a portion of 
<!-- EPO <DP n="20"/>-->
 annular groove 684 having balls 680 received thereof, at which point distal ends 668 of cables 626 may be released or unconstrained via space 682 formed between tapered outer surface 674 of guiding component 652 and the corresponding tapered inner surface of sleeve portion 660 of distal tip assembly 628. When distal ends 668 of cables 626 are no longer constrained, intermediate portions 670 of cables 626 may be released or removed from endmost crowns 242A of stent-graft prosthesis 230. As such, the stent-graft prosthesis is no longer coupled to delivery system 600 and the delivery system may then be removed from the patient, leaving stent-graft prosthesis 230 deployed in situ. </p><p id="p0054" num="0054"> [0048] Although the embodiment of FIGS. 6-8 is shown and described with relative movement of guiding assembly 624 and distal tip assembly 628 being accomplished via rotation of inner shaft 612, it will be understood by those of ordinary skill in the art that other structural relationships rather than mating threads 686, 688 may be utilized to result in relative movement between guiding assembly 624 and distal tip assembly 628. For example, in another embodiment (not shown), shaft 646 may be an elongated shaft that extends over inner shaft 612 to a proximal end of delivery system 600 and the elongated shaft 646 may be proximally retracted in order to fully deploy the stent-graft prosthesis. Alternatively, inner shaft 612 and distal tip assembly 628 coupled thereto may be distally advanced within the elongated shaft 626 in order to accomplish relative movement between guiding assembly 624 and distal tip assembly 628. </p><p id="p0055" num="0055"> [0049] In addition, although embodiments hereof depict stent-graft prosthesis 230 has an open-web or free-flow proximal end configuration, the delivery systems described herein may be utilized with stent-grafts having various configuration. The open web proximal end configuration allows blood flow through endmost crowns 242A for perfusion during and/or after implantation. As utilized herein, "endmost crowns" refers to the most proximal crowns or peaks of the stent-graft prosthesis, regardless of whether or not the crowns are coupled to the graft material or whether the crowns extend beyond the edge of the graft material. More particularly, first end stent 240A is attached to graft 232 so that endmost crowns 242A thereof extend past or beyond the graft material such that the endmost crowns are exposed or bare. Alternatively, stent-graft prosthesis 230 may have a proximal closed web configuration. In a closed web configuration, the endmost crowns do not extend past 
<!-- EPO <DP n="21"/>-->
 or beyond the graft material but rather are covered by graft material. In some cases a closed web configuration may be required or chosen due to application, i.e., a thoraric aortic aneurysm rather than an abdominal aortic aneurysm, and/or user preferences. If delivery systems described herein are utilized with a stent-graft prosthesis having a closed web configuration, cables 226/626 may be threaded between the graft material and crowns or may pass through the graft material. In addition, in the above embodiments, the scaffolding or support of the stent-graft prostheses have been illustrated as a series of independent or separate self- expanding stents/sinusoidal patterned rings. However, as will be understood by one of ordinary skill in the art, the support structure or scaffolding of a stent-graft prosthesis may have other configurations such as a series of sinusoidal patterned rings coupled to each other to form a self-expanding stent, or a helical stent or series of helical stents. In another embodiment, the support structure or scaffolding of a stent-graft prosthesis may be a unitary tubular component such as but not limited to a laser cut tubular stent. </p><p id="p0056" num="0056"> [0050] While various embodiments according to the present invention have been described above, it should be understood that they have been presented by way of illustration and example only, and not limitation. It will be apparent to persons skilled in the relevant art that various changes in form and detail can be made therein without departing from the spirit and scope of the invention. Thus, the breadth and scope of the present invention should not be limited by any of the above-described exemplary embodiments, but should be defined only in accordance with the appended claims and their equivalents. It will also be understood that each feature of each embodiment discussed herein, and of each reference cited herein, can be used in combination with the features of any other embodiment. All patents and publications discussed herein are incorporated by reference herein in their entirety. 
</p></description><claims mxw-id="PCLM70076895" ref-ucid="WO-2014130235-A1" lang="EN" load-source="patent-office"><claim-statement><!-- EPO <DP n="22"/>--> CLAIMS  What is claimed is: </claim-statement><claim id="clm-0001" num="1"><claim-text> 1. A stent-graft delivery system comprising: </claim-text><claim-text> an elongate shaft; </claim-text><claim-text> a plurality of elongate cables, wherein each cable extends over the elongate shaft and includes a first end, an intermediate portion configured to engage endmost crowns of a stent of a stent-graft prosthesis, and a second end that extends distally beyond the stent-graft prosthesis; </claim-text><claim-text> a guiding assembly disposed over the shaft; </claim-text><claim-text> a distal tip assembly coupled to a distal end of the shaft, the distal tip assembly and the guiding assembly being moveable relative to each other, wherein a portion of the distal tip assembly extends proximally over an outer surface of a distal portion of the guiding assembly and constrains the second ends of the cables between the outer surface of the distal portion of the guiding assembly and an inner surface of the portion of the distal tip assembly in a first relative position of the distal tip assembly and the guiding assembly and wherein the distal tip assembly does not constrain the second ends of the cables in a second relative position of the distal tip assembly and the guiding assembly, </claim-text><claim-text> wherein, in the first relative position of the distal tip assembly and the guiding assembly, tension on the cables may be selectively reduced for gradual continuous expansion of the endmost crowns of the stent or may be selectively increased for gradual continuous radial contraction of the endmost crowns of the stent. </claim-text></claim><claim id="clm-0002" num="2"><claim-text>2. The stent-graft delivery system of claim 1 , wherein the guiding assembly includes an elongated multi-lumen shaft and each cable extends through one of a plurality of lumens defined by the multi-lumen shaft. </claim-text></claim><claim id="clm-0003" num="3"><claim-text>3. The stent-graft delivery system of claim 2, wherein an annular stop is coupled to an outer surface of the multi-lumen shaft and the intermediate portions of the cables loop around the endmost crowns to pull the stent against the annular stop. 
<!-- EPO <DP n="23"/>-->
</claim-text></claim><claim id="clm-0004" num="4"><claim-text>4. The stent-graft delivery system of claim 3, wherein the distal tip assembly moves relative to the guiding assembly. </claim-text></claim><claim id="clm-0005" num="5"><claim-text>5. The stent-graft delivery system of claim 4, wherein the distal tip assembly moves in a distal direction relative to the guiding assembly and the second ends of the cables are proximal to a proximal end of the distal tip assembly when the guiding assembly and the distal tip assembly are in the second relative position. </claim-text></claim><claim id="clm-0006" num="6"><claim-text>6. The stent-graft delivery system of claim 1 , wherein the guiding assembly includes a guiding component and each cable extends through grooves formed on an outer surface of a tapered distal portion of the guiding component, and the intermediate portions of the cables extend over and cover endmost crowns of the stent of the stent-graft prosthesis. </claim-text></claim><claim id="clm-0007" num="7"><claim-text>7. The stent-graft delivery system of claim 6, wherein the guiding assembly moves relative to the distal tip assembly. </claim-text></claim><claim id="clm-0008" num="8"><claim-text>8. The stent-graft delivery system of claim 7, wherein the guiding assembly moves in a proximal direction relative to the distal tip assembly and the second ends of the cables are proximal to a proximal end of the distal tip assembly when the guiding assembly and the distal tip assembly are in the second relative position. </claim-text></claim><claim id="clm-0009" num="9"><claim-text>9. The stent-graft delivery system of claim 8, wherein an inner surface of the distal tip assembly includes threads that mate with threads on an outer surface of the guiding assembly and wherein rotation of the elongate shaft rotates the distal tip assembly and results in longitudinal movement of the guiding assembly. </claim-text></claim><claim id="clm-0010" num="10"><claim-text>10. The stent-graft delivery system of claim 1 , further comprising: a retractable outer sheath defining a lumen, wherein the elongate shaft is slidingly received within the lumen of the outer sheath; and </claim-text><claim-text> a self-expanding stent-graft prosthesis disposed over the elongate shaft, proximal to the distal tip assembly, wherein the stent-graft prosthesis includes 
<!-- EPO <DP n="24"/>-->
 a radially-compressible stent coupled to a tubular graft and the intermediate portions of the cables selectively constrain endmost crowns of the stent. </claim-text></claim><claim id="clm-0011" num="11"><claim-text>11. The stent-graft delivery system of claim 1 , wherein the plurality of cables are elongate strands of a first diameter and the second ends of the cables are a second diameter which is greater than the first diameter. </claim-text></claim><claim id="clm-0012" num="12"><claim-text>12. A method of deploying a stent-graft prosthesis, wherein the method comprises the steps of: </claim-text><claim-text> percutaneously advancing a delivery system having a stent-graft prosthesis mounted on an elongate shaft, wherein a guiding assembly is disposed over the shaft, a plurality of elongate cables each extend over the shaft and constrain endmost crowns of a stent of the stent-graft prosthesis, and a distal tip assembly is coupled to a distal end of the shaft, the distal tip assembly and the guiding assembly being moveable relative to each other, wherein a portion of the distal tip assembly proximally extends over an outer surface of a distal portion of the guiding assembly to constrain second ends of the cables between an inner surface of the distal tip assembly and the outer surface of the distal portion of the guiding assembly; </claim-text><claim-text> positioning the stent-graft prosthesis; </claim-text><claim-text> partially deploying the stent-graft prosthesis by retracting an outer sheath of the delivery system to expose at least a portion of the stent-graft prosthesis, wherein the portion of the stent-graft prosthesis self-expands and the endmost crowns of the stent remain constrained by the cables; </claim-text><claim-text> partially deploying the endmost crowns of the stent in a continuous gradual manner by reducing tension on the cables, wherein reducing tension allows the endmost crowns to partially radially expand while the cables continue to constrain the endmost crowns of the stent; </claim-text><claim-text> moving the distal tip assembly or the guiding assembly such that the distal tip assembly does not constrain the second ends of the cables to fully deploy the stent-graft prosthesis. 
<!-- EPO <DP n="25"/>-->
</claim-text></claim><claim id="clm-0013" num="13"><claim-text>13. The method of claim 12, further comprising the step of: </claim-text><claim-text> repositioning the partially deployed stent-graft prosthesis, wherein the repositioning step is performed prior to the step of moving the distal tip assembly or the guiding assembly to fully deploy the stent-graft prosthesis. </claim-text></claim><claim id="clm-0014" num="14"><claim-text>14. The method of claim 12, further comprising the step of: </claim-text><claim-text> radially contracting the endmost crowns of the stent by increasing tension on the cables, wherein the radially contracting step is performed after the step of partially deploying the endmost crowns of the stent but prior to the step of moving the distal tip assembly or the guiding assembly to fully deploy the stent-graft prosthesis. </claim-text></claim><claim id="clm-0015" num="15"><claim-text>15. The method of claim 12, wherein the guiding assembly is a multi-lumen shaft disposed over the shaft and each cable extends through one of a plurality of lumens defined by the multi-lumen shaft. </claim-text></claim><claim id="clm-0016" num="16"><claim-text>16. The method of claim 15, wherein the step of moving the distal tip assembly or the guiding assembly includes moving the distal tip assembly in a distal direction relative to the guiding assembly until the second ends of the cables are proximal to a proximal end of the distal tip assembly when the guiding assembly and the distal tip assembly are in the second relative position. </claim-text></claim><claim id="clm-0017" num="17"><claim-text>17. The method of claim 12, wherein the guiding assembly includes a guiding component and each cable extends through grooves formed on an outer surface of a tapered distal portion of the guiding component and wherein the step of moving the distal tip assembly or the guiding assembly includes moving the guiding assembly in a proximal direction relative to the distal tip assembly until the second ends of the cables are proximal to a proximal end of the distal tip assembly. </claim-text></claim><claim id="clm-0018" num="18"><claim-text>18. The method of claim 17, wherein an inner surface of the distal tip assembly includes threads that mate with threads on an outer surface of the guiding assembly and wherein the step of moving the distal tip assembly or the 
<!-- EPO <DP n="26"/>-->
 guiding assembly includes rotation of the elongate shaft to rotate the distal tip assembly and result in longitudinal movement of the guiding assembly. </claim-text></claim><claim id="clm-0019" num="19"><claim-text>19. The method of claim 12, wherein the plurality of cables are elongate strands of a first diameter and the second ends of the cables are a second diameter which is greater than the first diameter. </claim-text></claim><claim id="clm-0020" num="20"><claim-text>20. A stent-graft delivery system comprising: </claim-text><claim-text> an elongate shaft; </claim-text><claim-text> a self-expanding stent-graft prosthesis disposed over the elongate shaft, wherein the stent-graft prosthesis includes a radially-compressible stent coupled to a tubular graft; </claim-text><claim-text> a plurality of elongate cables, wherein each cable extends over the elongate shaft and includes a first end and a second end that extends distally beyond the stent-graft prosthesis; </claim-text><claim-text> a guiding assembly disposed over the shaft, wherein a distal portion of the guiding assembly is configured to receive the second ends of the cables; </claim-text><claim-text> a distal tip assembly coupled to a distal end of the shaft, the distal tip assembly and the guiding assembly being moveable relative to each other, </claim-text><claim-text> wherein, in a first relative position of the distal tip assembly and the guiding assembly, a proximal portion of the distal tip assembly extends over an outer surface of the distal portion of the guiding assembly to temporarily constrain the second ends of the cables and an intermediate portion of each cable constrains an endmost crown of the stent, whereby tension on the cables may be selectively adjusted to allow for both gradual continuous radial expansion and contraction of the endmost crowns of the stent, and </claim-text><claim-text> wherein, in a second relative position of the distal tip assembly and the guiding assembly, the proximal portion of the distal tip assembly does not extend over an outer surface of the distal portion of the guiding assembly, the distal tip assembly does not constrain the second ends of the cables, and the intermediate portion of each cable does not constrain an endmost crown of the stent. 
</claim-text></claim></claims><copyright>User acknowledges that Fairview Research LLC and its third party providers retain all right, title and interest in and to this xml under applicable copyright laws.  User acquires no ownership rights to this xml including but not limited to its format.  User hereby accepts the terms and conditions of the Licence Agreement</copyright></patent-document>
