<?xml version="1.0" encoding="UTF-8"?>
<patent-document ucid="EP-2681202-A1" country="EP" doc-number="2681202" kind="A1" date="20140108" family-id="43859672" file-reference-id="315082" date-produced="20180823" status="corrected" lang="DE"><bibliographic-data><publication-reference fvid="146587064" ucid="EP-2681202-A1"><document-id><country>EP</country><doc-number>2681202</doc-number><kind>A1</kind><date>20140108</date><lang>DE</lang></document-id></publication-reference><application-reference ucid="EP-12706057-A" is-representative="NO"><document-id mxw-id="PAPP154849256" load-source="docdb" format="epo"><country>EP</country><doc-number>12706057</doc-number><kind>A</kind><date>20120229</date><lang>DE</lang></document-id><document-id mxw-id="PAPP220440259" load-source="docdb" format="original"><country>EP</country><doc-number>12706057.2</doc-number><date>20120229</date></document-id></application-reference><priority-claims><priority-claim mxw-id="PPC140557767" ucid="EP-11156806-A" load-source="docdb"><document-id format="epo"><country>EP</country><doc-number>11156806</doc-number><kind>A</kind><date>20110303</date></document-id></priority-claim><priority-claim mxw-id="PPC140549419" ucid="EP-12706057-A" load-source="docdb"><document-id format="epo"><country>EP</country><doc-number>12706057</doc-number><kind>A</kind><date>20120229</date></document-id></priority-claim><priority-claim mxw-id="PPC140551012" ucid="EP-2012053418-W" linkage-type="W" load-source="docdb"><document-id format="epo"><country>EP</country><doc-number>2012053418</doc-number><kind>W</kind><date>20120229</date></document-id></priority-claim><priority-claim mxw-id="PPC140551031" ucid="US-201161448805-P" load-source="docdb"><document-id format="epo"><country>US</country><doc-number>201161448805</doc-number><kind>P</kind><date>20110303</date></document-id></priority-claim></priority-claims><technical-data><classifications-ipcr><classification-ipcr mxw-id="PCL1989321509" load-source="docdb">C07D 307/68        20060101AFI20120921BHEP        </classification-ipcr></classifications-ipcr><classifications-cpc><classification-cpc mxw-id="PCL-2091443181" load-source="docdb" scheme="CPC">C07D 307/68        20130101 LI20150217BHEP        </classification-cpc><classification-cpc mxw-id="PCL2081247408" load-source="docdb" scheme="CPC">C07D 307/60        20130101 FI20140529BHEP        </classification-cpc></classifications-cpc><invention-title mxw-id="PT132365825" lang="DE" load-source="patent-office">VERFAHREN ZUR HERSTELLUNG VON NATRIUM- ODER KALIUMSALZEN DER 4-HYDROXY-2-OXO-2,5-DIHYDROFURAN-3-CARBONSÄUREESTER</invention-title><invention-title mxw-id="PT132365826" lang="EN" load-source="patent-office">PROCESS FOR PREPARING SODIUM SALTS OR POTASSIUM SALTS OF 4-HYDROXY-2-OXO-2,5-DIHYDROFURAN-3-CARBOXYLATE</invention-title><invention-title mxw-id="PT132365827" lang="FR" load-source="patent-office">PROCÉDÉ DE PRODUCTION DE SELS DE SODIUM OU DE POTASSIUM DES ESTERS D'ACIDES 4-HYDROXY-2-OXO-2,5-DIHYDROFURAN-3-CARBOXYLIQUES</invention-title><citations><non-patent-citations><nplcit><text>See references of WO 2012117015A1</text><sources><source mxw-id="PNPL67456290" load-source="docdb" name="SEA"/></sources></nplcit></non-patent-citations></citations></technical-data><parties><applicants><applicant mxw-id="PPAR919531749" load-source="docdb" sequence="1" format="epo"><addressbook><last-name>BAYER IP GMBH</last-name><address><country>DE</country></address></addressbook></applicant><applicant mxw-id="PPAR919518580" load-source="docdb" sequence="1" format="intermediate"><addressbook><last-name>BAYER INTELLECTUAL PROPERTY GMBH</last-name></addressbook></applicant><applicant mxw-id="PPAR919018900" load-source="patent-office" sequence="1" format="original"><addressbook><last-name>Bayer Intellectual Property GmbH</last-name><iid>101370276</iid><address><street>Alfred-Nobel-Str. 10</street><city>40789 Monheim am Rhein</city><country>DE</country></address></addressbook></applicant></applicants><inventors><inventor mxw-id="PPAR919535330" load-source="docdb" sequence="1" format="epo"><addressbook><last-name>FUNKE CHRISTIAN</last-name><address><country>DE</country></address></addressbook></inventor><inventor mxw-id="PPAR919526129" load-source="docdb" sequence="1" format="intermediate"><addressbook><last-name>FUNKE, CHRISTIAN</last-name></addressbook></inventor><inventor mxw-id="PPAR919009746" load-source="patent-office" sequence="1" format="original"><addressbook><last-name>FUNKE, CHRISTIAN</last-name><address><street>Herscheid 7</street><city>42799 Leichlingen</city><country>DE</country></address></addressbook></inventor><inventor mxw-id="PPAR919531097" load-source="docdb" sequence="2" format="epo"><addressbook><last-name>FARIDA TARANEH</last-name><address><country>DE</country></address></addressbook></inventor><inventor mxw-id="PPAR919541064" load-source="docdb" sequence="2" format="intermediate"><addressbook><last-name>FARIDA, Taraneh</last-name></addressbook></inventor><inventor mxw-id="PPAR919009152" load-source="patent-office" sequence="2" format="original"><addressbook><last-name>FARIDA, Taraneh</last-name><address><street>Von-Grass-Str. 15a</street><city>50259 Pulheim-Geyen</city><country>DE</country></address></addressbook></inventor><inventor mxw-id="PPAR919515003" load-source="docdb" sequence="3" format="epo"><addressbook><last-name>BEECK STEFAN</last-name><address><country>DE</country></address></addressbook></inventor><inventor mxw-id="PPAR919512326" load-source="docdb" sequence="3" format="intermediate"><addressbook><last-name>BEECK, STEFAN</last-name></addressbook></inventor><inventor mxw-id="PPAR919012296" load-source="patent-office" sequence="3" format="original"><addressbook><last-name>BEECK, STEFAN</last-name><address><street>Josef-Tovornik-Str. 21</street><city>40668 Meerbusch</city><country>DE</country></address></addressbook></inventor><inventor mxw-id="PPAR919517193" load-source="docdb" sequence="4" format="epo"><addressbook><last-name>LUI NORBERT</last-name><address><country>DE</country></address></addressbook></inventor><inventor mxw-id="PPAR919526025" load-source="docdb" sequence="4" format="intermediate"><addressbook><last-name>LUI, NORBERT</last-name></addressbook></inventor><inventor mxw-id="PPAR919011271" load-source="patent-office" sequence="4" format="original"><addressbook><last-name>LUI, NORBERT</last-name><address><street>Am Geus Garten 2</street><city>51519 Odenthal</city><country>DE</country></address></addressbook></inventor><inventor mxw-id="PPAR919528214" load-source="docdb" sequence="5" format="epo"><addressbook><last-name>MAIWALD BERNDT</last-name><address><country>DE</country></address></addressbook></inventor><inventor mxw-id="PPAR919533950" load-source="docdb" sequence="5" format="intermediate"><addressbook><last-name>MAIWALD, Berndt</last-name></addressbook></inventor><inventor mxw-id="PPAR919011738" load-source="patent-office" sequence="5" format="original"><addressbook><last-name>MAIWALD, Berndt</last-name><address><street>Benninghausen 46</street><city>51399 Burscheid</city><country>DE</country></address></addressbook></inventor></inventors><agents><agent mxw-id="PPAR919018661" load-source="patent-office" sequence="1" format="original"><addressbook><last-name>BIP Patents</last-name><iid>101349573</iid><address><street>c/o Bayer Intellectual Property GmbH Creative Campus Monheim Alfred-Nobel-Straße 10</street><city>40789 Monheim</city><country>DE</country></address></addressbook></agent></agents></parties><international-convention-data><pct-or-regional-filing-data ucid="EP-2012053418-W"><document-id><country>EP</country><doc-number>2012053418</doc-number><kind>W</kind><date>20120229</date><lang>DE</lang></document-id></pct-or-regional-filing-data><pct-or-regional-publishing-data ucid="WO-2012117015-A1"><document-id><country>WO</country><doc-number>2012117015</doc-number><kind>A1</kind><date>20120907</date><lang>DE</lang></document-id></pct-or-regional-publishing-data><designated-states><ep-contracting-states><country mxw-id="DS549850700" load-source="docdb">AL</country><country mxw-id="DS549850398" load-source="docdb">AT</country><country mxw-id="DS549850701" load-source="docdb">BE</country><country mxw-id="DS549768333" load-source="docdb">BG</country><country mxw-id="DS549917864" load-source="docdb">CH</country><country mxw-id="DS549849078" load-source="docdb">CY</country><country mxw-id="DS549850399" load-source="docdb">CZ</country><country mxw-id="DS549850706" load-source="docdb">DE</country><country mxw-id="DS549849079" load-source="docdb">DK</country><country mxw-id="DS549849080" load-source="docdb">EE</country><country mxw-id="DS549781045" load-source="docdb">ES</country><country mxw-id="DS549768334" load-source="docdb">FI</country><country mxw-id="DS549768071" load-source="docdb">FR</country><country mxw-id="DS549850707" load-source="docdb">GB</country><country mxw-id="DS549849081" load-source="docdb">GR</country><country mxw-id="DS549850708" load-source="docdb">HR</country><country mxw-id="DS549850400" load-source="docdb">HU</country><country mxw-id="DS549917865" load-source="docdb">IE</country><country mxw-id="DS549849086" load-source="docdb">IS</country><country mxw-id="DS549768072" load-source="docdb">IT</country><country mxw-id="DS549849087" load-source="docdb">LI</country><country mxw-id="DS549768335" load-source="docdb">LT</country><country mxw-id="DS549864951" load-source="docdb">LU</country><country mxw-id="DS549768336" load-source="docdb">LV</country><country mxw-id="DS549768345" load-source="docdb">MC</country><country mxw-id="DS549864952" load-source="docdb">MK</country><country mxw-id="DS549864953" load-source="docdb">MT</country><country mxw-id="DS549850709" load-source="docdb">NL</country><country mxw-id="DS549768077" load-source="docdb">NO</country><country mxw-id="DS549768346" load-source="docdb">PL</country><country mxw-id="DS549917866" load-source="docdb">PT</country><country mxw-id="DS549850714" load-source="docdb">RO</country><country mxw-id="DS549917867" load-source="docdb">RS</country><country mxw-id="DS549768347" load-source="docdb">SE</country><country mxw-id="DS549781046" load-source="docdb">SI</country><country mxw-id="DS549768078" load-source="docdb">SK</country><country mxw-id="DS549768348" load-source="docdb">SM</country><country mxw-id="DS549849088" load-source="docdb">TR</country></ep-contracting-states></designated-states></international-convention-data><office-specific-data><eptags><ep-no-a-document-published>*</ep-no-a-document-published></eptags></office-specific-data></bibliographic-data><abstract mxw-id="PA99836234" ref-ucid="WO-2012117015-A1" lang="DE" load-source="patent-office"><p num="0000">Verfahren zur Herstellung von Natrium- oder Kaliumsalzen der 4-Hydroxy-2-oxo-2,5-dihydrofuran-3-carbonsäureester umfassend die Umsetzung eines Malonsäureesters mit Kaliumhydroxid zum entsprechenden Malonsäureester-Kaliumsalz der Formel (III) der dann weiter mit einem Chloressigsäureester zu einer Verbindung der Formel (V) umgesetzt wird, gefolgt von einer Ringschlussreaktion, in dem die Verbindung der Formel (V) mit einem Natrium- oder Kaliumalkoholat der Formel ZOR<sup>1</sup>, umgesetzt wird, wobei R<sup>1</sup>, R<sup>2</sup>, R<sup>3</sup> und K wie in der Beschreibung definiert sind.</p></abstract><abstract mxw-id="PA100332006" ref-ucid="WO-2012117015-A1" lang="DE" source="national office" load-source="docdb"><p>Verfahren zur Herstellung von Natrium- oder Kaliumsalzen der 4-Hydroxy-2-oxo-2,5-dihydrofuran-3-carbonsäureester umfassend die Umsetzung eines Malonsäureesters mit Kaliumhydroxid zum entsprechenden Malonsäureester-Kaliumsalz der Formel (III) der dann weiter mit einem Chloressigsäureester zu einer Verbindung der Formel (V) umgesetzt wird, gefolgt von einer Ringschlussreaktion, in dem die Verbindung der Formel (V) mit einem Natrium- oder Kaliumalkoholat der Formel ZOR1, umgesetzt wird, wobei R1, R2, R3 und K wie in der Beschreibung definiert sind.</p></abstract><abstract mxw-id="PA99836235" ref-ucid="WO-2012117015-A1" lang="EN" load-source="patent-office"><p num="0000">A process for preparing sodium salts or potassium salts of 4-hydroxy-2-oxo-2,5-dihydrofuran-3-carboxylate, comprising the reaction of a malonic ester with potassium hydroxide to give the corresponding malonic ester potassium salt of the formula (III), which is then reacted further with a chloroacetic ester to give a compound of the formula (V), followed by a ring closure reaction in which the compound of the formula (V) is reacted with a sodium alkoxide or potassium alkoxide of the formula ZOR<sup>1</sup>, where R<sup>1</sup>, R<sup>2</sup>, R<sup>3</sup> and K are each as defined in the description.</p></abstract><abstract mxw-id="PA100332007" ref-ucid="WO-2012117015-A1" lang="EN" source="national office" load-source="docdb"><p>A process for preparing sodium salts or potassium salts of 4-hydroxy-2-oxo-2,5-dihydrofuran-3-carboxylate, comprising the reaction of a malonic ester with potassium hydroxide to give the corresponding malonic ester potassium salt of the formula (III), which is then reacted further with a chloroacetic ester to give a compound of the formula (V), followed by a ring closure reaction in which the compound of the formula (V) is reacted with a sodium alkoxide or potassium alkoxide of the formula ZOR1, where R1, R2, R3 and K are each as defined in the description.</p></abstract><abstract mxw-id="PA99836236" ref-ucid="WO-2012117015-A1" lang="FR" load-source="patent-office"><p num="0000">L'invention concerne un procédé de production de sels de sodium ou de potassium des esters d'acides 4-hydroxy-2-oxo-2,5-dihydrofuran-3-carboxyliques consistant à mettre en réaction un ester d'acide malonique avec de l'hydroxyde de potassium pour donner le sel de potassium d'ester d'acide malonique correspondant de la formule (III) qui est ensuite mis en réaction avec un ester d'acide chloroacétique pour donner un composé de la formule (V), suivi par une réaction avec fermeture de cycle dans laquelle le composé de la formule (V) est mis en réaction avec un alcoolate de sodium ou de potassium de la formule ZOR<sup>1</sup>, R<sup>1</sup>, R<sup>2</sup>, R<sup>3</sup> et K étant définis comme dans la description.</p></abstract><abstract mxw-id="PA100332008" ref-ucid="WO-2012117015-A1" lang="FR" source="national office" load-source="docdb"><p>L'invention concerne un procédé de production de sels de sodium ou de potassium des esters d'acides 4-hydroxy-2-oxo-2,5-dihydrofuran-3-carboxyliques consistant à mettre en réaction un ester d'acide malonique avec de l'hydroxyde de potassium pour donner le sel de potassium d'ester d'acide malonique correspondant de la formule (III) qui est ensuite mis en réaction avec un ester d'acide chloroacétique pour donner un composé de la formule (V), suivi par une réaction avec fermeture de cycle dans laquelle le composé de la formule (V) est mis en réaction avec un alcoolate de sodium ou de potassium de la formule ZOR1, R1, R2, R3 et K étant définis comme dans la description.</p></abstract><description mxw-id="PDES51233217" ref-ucid="WO-2012117015-A1" lang="DE" load-source="patent-office"><!-- EPO <DP n="3"/>--><p id="p0001" num="0001"> Verfahren zur Herstellung von Natrium- oder Kaliumsalzen der 4-Hvdroxy-2-oxo-2,5- dihvdrofuran-3-carbonsäureester </p><p id="p0002" num="0002">Die vorliegende Erfindung betrifft ein Verfahren zur Herstellung von Natrium- oder Kaliumsalzen der 4-Hydroxy-2-oxo-2,5-dihydrofuran-3-carbonsäureester ausgehend von Malonsäureestern. </p><p id="p0003" num="0003">Die Herstellung von Hydroxy-2-oxo-2,5-dihydrofuran-3-carbonsäureester, der entsprechenden Tautomere, bzw. von deren Alkalimetallsalzen und auch deren Verwendung als Baustein in der Synthese biologisch aktiver Verbindungen ist bekannt (WO 2011/018180, WO 2009/036899, J. Chem. Soc, Perkin Trans. 1, 1985, Seiten 1567 bis 1576, Berichte der Deutschen Chemischen Gesellschaft (1911), 44, 1759 - 1765). Die bekannten Verfahren haben jedoch Nachteile wie nachfolgend beschrieben. </p><p id="p0004" num="0004">WO 2011/018180 beschreibt die Herstellung von Hydroxy-2-oxo-2,5-dihydrofuran-3-carbonsäureester und geht in der dort beschriebenen Synthese von Malonsäureester aus. Dieser wird mit einer Halogenacetylchloridverbindung in Gegenwart einer Base umgesetzt (siehe Reaktionsschema 1). Nach Zugabe von Wasser wird der gewünschte 4-Hydroxy-2-oxo-2,5-dihydrofuran-3-carbonsäureester erhalten. Die Base ist so gewählt, dass sie den Malonsäureester zu deprotonieren vermag, wodurch das Enolat des Malonsäureesters entsteht, das dann durch die Halogenacetylchloridverbindung acetyliert wird. Geeignete Basen sind insbesondere Alkoholate der allgemeinen Formel M(OR<sup>a</sup>)b, in denen M für Na<sup>+</sup>, K<sup>+</sup>, Mg<sup>2+</sup>, b für 1 oder 2 steht und R<sup>a</sup> für Methyl oder Ethyl steht. Als bevorzugt wird Natriummethylat genannt. Nach erfolgtem Ringschluss wird das gewünschte Produkt zusammen mit einem anorganischen Salz, das als Nebenprodukt anfällt, erhalten (z.B. NaCl, falls ein Natriumalkoholat als Base eingesetzt wird). </p><p id="p0005" num="0005">Reaktionsschema 1 : </p><p id="p0006" num="0006"><img id="imgf000003_0001" he="27" wi="156" file="imgf000003_0001.tif" img-format="tif" img-content="drawing" orientation="portrait" inline="no"/></p><p id="p0007" num="0007"> (P-Il) (P-I ll) (Ρ-Γ) (P-l) </p><p id="p0008" num="0008">Die Abtrennung des anorganischen Salzes von der Reaktionsmischung, insbesondere wenn es sich um NaCl handelt, ist, wenn überhaupt, nur durch einen sehr großen technischen Aufwand zu erreichen, da die Verbindungen der Formel (P-I) und (Ρ-Γ) sehr gut wasserlöslich sind. Eine Destillation ist nicht möglich, da sich die Verbindungen der Formel (P-I) und (Ρ-Γ) bei höheren Temperaturen unter Freiwerden von CO2 zersetzen. Das anorganische Salz wird deshalb nicht abgetrennt. Es wird in die 
<!-- EPO <DP n="4"/>-->
 nachfolgende Reaktion mit eingebracht und kann erst nach erfolgter Weiterreaktion der Verbindungen der Formel (P-I) und/oder (Ρ-Γ) abgetrennt werden. </p><p id="p0009" num="0009">WO 2009/036899 beschreibt die Synthese von Salzen der 4-Hydroxy-2-oxo-2,5-dihydrofüran-3- carbonsäureester, das von Malonsäureester-Kaliumsalz ausgeht und in der unter Verwendung von Chloressigsäureester und einer Alkoholatbase, z.B. Natriummethylat, das entsprechende Salz des 4- Hydroxy-2-oxo-2,5-dihydrofüran-3-carbonsäureesters hergestellt wird (siehe Reaktionsschema 2). Bei dieser Reaktion entstehen keine anorganischen Salze, die mitgeschleppt werden müssen, jedoch verwendet die Reaktion Dimethylformamid bzw. Dimethylacetamid als Lösungsmittel, die zum Einen teuer sind und zum Anderen aufwändig entfernt und nur aufwändig zurück gewonnen werden können. </p><p id="p0010" num="0010">Reaktionsschema 2: </p><p id="p0011" num="0011"><img id="imgf000004_0001" he="52" wi="161" file="imgf000004_0001.tif" img-format="tif" img-content="drawing" orientation="portrait" inline="no"/></p><p id="p0012" num="0012"> (Q-ΙΓ) </p><p id="p0013" num="0013"> Schritt 1 der vorgenannten Reaktion stellt eine Veresterung dar, in der als Nebenprodukt Kaliumchlorid anfällt, das im weiteren von der Reaktionsmischung abgetrennt werden muss. In Schritt 2 findet der Ringschluss zur gewünschten Verbindung (Q-II) statt, wobei es zu einer Umesterung kommen kann, wodurch eine Verbindung der Formel (Q-ΙΓ) isoliert wird. Die Umesterung im Schritt 2 kann dadurch, dass Alkoholate verwendet werden, die sterisch anspruchsvolle Reste R<sup>f</sup> beinhalten (z.B. einen tert- Butylalkoholat), unterdrückt werden. Verbindungen der Formel (Q-IV) sind Feststoffe, kommerziell erhältlich oder können nach bekannten Verfahren hergestellt werden (vgl. J. Am. Chem. Soc. 1944, Nr. 66, Seite 1286, EP-A-950653, WO 2008/150487). </p><p id="p0014" num="0014">Die Reaktion ist für den großtechnischen Einsatz nachteilig, da sie von teuren, als Feststoff vorliegenden, Malonsäureester-Kaliumsalzen der Formel (Q-IV) ausgeht. Bei einer großtechnischen Herstellung ist das Verwenden von Feststoffen als Ausgangsmaterialien grundsätzlich unerwünscht, da die technische Handhabung solcher Feststoffe schwierig ist und es öfter zu einem Wechsel von Lösungsmitteln kommt, was insgesamt zu einem erheblichen technischen Aufwand bei der Reaktionsdurchführung führt. 
<!-- EPO <DP n="5"/>-->
 Ausgehend von den bekannten Verfahren zur Herstellung von Salzen der 4-Hydroxy-2-oxo-2,5- dihydrofuran-3-carbonsäureester bzw. den entsprechenden Enol-Tautomeren stellt sich nun die Aufgabe, wie diese einfach und kostengünstig hergestellt werden können, so dass das Verfahren auch zur großtechnischen Herstellung der gewünschten Verbindung verwendet werden kann. Wünschenswert wäre es auch, ein Verfahren zu finden, das zumindest teilweise kontinuierlich abläuft und in dem aufwändige Isolierungen der Zwischenstufen vermieden werden. Unter kostengünstigen Verfahren werden solche Verfahren verstanden, die ohne großen finanziellen Aufwand durchzuführen sind, weil die Ausgangsstoffe beispielsweise kostengünstig und/oder ungefährlich sind, das Verfahren mit wenigen Verfahrensschritten auskommt bzw. sogar als "Eintopfreaktion" (d.h. ohne dass eine Isolierung von Zwischenstufen notwendig ist) durchzuführen ist, und/oder das gewünschte Natrium- oder Kaliumsalz der 4-Hydroxy-2-oxo-2,5-dihydrofuran-3-carbonsäureester in einer ausreichend hohen Ausbeute und Reinheit erhalten wird. Ferner ist es von Vorteil, ein Verfahren bereitzustellen, das Ressourcen schonend ist, in dem es z.B. weniger Energie verbraucht und/oder selektiv ist, d.h. dass nur im geringen Maße Nebenprodukte entstehen. Es wurde nun ein Verfahren zur Herstellung von Natrium- oder Kaliumsalzen der 4-Hydroxy-2-oxo-2,5- dihydrofuran-3-carbonsäureester der allgemeinen Formel (I) gefunden, das die vorgenannten Nachteile vermeidet und das einfach und kostengünstig durchführbar ist, insbesondere weil es ohne aufwändige Isolierung und/oder Aufreinigung von Zwischenstufen auskommt. Auch wird kein Feststoff als Ausgangsmaterial verwendet, und es kann auf teure und aufwändige Lösungsmittel verzichtet werden. Das Verfahren kann sowohl kontinuierlich als auch diskontinuierlich ablaufen. </p><p id="p0015" num="0015">Es ist bekannt, dass Hydroxy-2-oxo-2,5-dihydrofuran-3-carbonsäureester auch als Tautomere vorliegen können, nämlich als 2,4-Dioxotetrahydrofuran-3-carbonsäureester. Jede Bezugnahme auf Hydroxy-2- oxo-2,5-dihydrofuran-3-carbonsäureester umfasst auch das entsprechende Tautomer. </p><p id="p0016" num="0016">Gegenstand der Erfindung ist somit das unten beschriebene Verfahren zur Herstellung von Natrium- oder Kaliumsalzen der 4-Hydroxy-2-oxo-2,5-dihydrofuran-3-carbonsäureester der Formel (I) </p><p id="p0017" num="0017"><img id="imgf000005_0001" he="24" wi="31" file="imgf000005_0001.tif" img-format="tif" img-content="drawing" orientation="portrait" inline="no"/></p><p id="p0018" num="0018">in dem Z für Natrium oder Kalium steht und R<sup>1</sup> die unten angegebene Bedeutung hat und die, wie bereits beschrieben, in den folgenden tautomeren Formen vorliegen kann: 
<img id="imgf000005_0002" he="22" wi="91" file="imgf000005_0002.tif" img-format="tif" img-content="drawing" orientation="portrait" inline="no"/>
 
<!-- EPO <DP n="6"/>-->
 Die Anmeldung betrifft demzufolge ein Verfahren zur Herstellung von Natrium- oder Kaliumsalzen von 4-Hydroxy-2-oxo-2,5-dihydrofuran-3-carbonsäureester der Formel (I), umfassend die folgenden Schritte: </p><p id="p0019" num="0019">Schritt (i): </p><p id="p0020" num="0020">Umsetzen eines symmetrischen Malonsäureesters der Formel (II) </p><p id="p0021" num="0021"> O O </p><p id="p0022" num="0022"> R<sup>2</sup>0 OR<sup>2</sup> (I I) </p><p id="p0023" num="0023">mit Kaliumhydroxid, das bevorzugt als wässrige Kaliumhydroxidlösung eingesetzt wird, zum entsprechenden Malonsäureester-Kaliumsalz der Formel (III) </p><p id="p0024" num="0024"> O O </p><p id="p0025" num="0025"> R<sup>2</sup>0<sup>' v</sup> ~OK (IM) </p><p id="p0026" num="0026">worin in den Formeln (II) und (III) </p><p id="p0027" num="0027">R<sup>2</sup> für Ci-Ci<sub>2</sub>-Alkyl steht, bevorzugt steht R<sup>2</sup> für Ci-C/rAlkyl, besonders bevorzugt steht R<sup>2</sup> für Methyl oder Ethyl, in einem Lösungsmittel, vorzugsweise einem Alkohol, insbesondere Methanol oder Ethanol; Schritt (ii): </p><p id="p0028" num="0028">Umsetzen des Malonsäureester-Kaliumsalzes der Formel (III) mit einem Chloressigsäureester der Formel (IV) 
<img id="imgf000006_0001" he="16" wi="36" file="imgf000006_0001.tif" img-format="tif" img-content="drawing" orientation="portrait" inline="no"/>
 </p><p id="p0029" num="0029">R<sup>3</sup> für Ci-Cn-Alkyl steht, bevorzugt steht R<sup>3</sup> für Ci-C/rAlkyl, besonders bevorzugt steht R<sup>3</sup> für Methyl oder Ethyl, zu einer Verbindung der Formel (V) 
<img id="imgf000006_0002" he="18" wi="56" file="imgf000006_0002.tif" img-format="tif" img-content="drawing" orientation="portrait" inline="no"/>
 </p><p id="p0030" num="0030">worin </p><p id="p0031" num="0031">R<sup>2</sup> die in Bezug auf Formel (III) aufgeführten Bedeutungen hat, und 
<!-- EPO <DP n="7"/>-->
 R<sup>3</sup> die in Bezug auf Formel (IV) aufgeführten Bedeutungen hat, Schritt (iii) Ringschlussreaktion: </p><p id="p0032" num="0032">Umsetzen der Verbindung der Formel (V) mit einem Natrium- oder Kaliumalkoholat der Formel ZOR<sup>1</sup> , worin </p><p id="p0033" num="0033">R<sup>1</sup> für Ci-Cn-Alkyl steht, bevorzugt steht R<sup>1</sup> für Ci-Ce-Alkyl, besonders bevorzugt steht R<sup>1</sup> für Ethyl oder Methyl, und </p><p id="p0034" num="0034">Z für Natrium oder Kalium steht, bevorzugt für Natrium steht, wobei nach Zugabe des Chloressigsäureesters in Schritt (ii) die Reaktionsmischung einer azeotropen Entwässerung unterzogen wird. </p><p id="p0035" num="0035">Das in Schritt (i) hergestellte Malonsäureester-Kaliumsalz der Formel (III) kann direkt vom Malonester der Formel (II) abgetrennt werden, vorzugsweise durch Phasentrennung, wobei das Malonsäureester- Kaliumsalz der Formel (III) in der wässrigen Phase und der Malonsäureester in der organischen Phase verbleibt. </p><p id="p0036" num="0036">Das Malonsäureester-Kaliumsalz wird in Schritt (i) in einer solchen Reinheit erhalten, dass es nach Abtrennung vom Reaktionsgemisch ohne weitere Aufreinigungsschritte in Schritt (ii) eingesetzt werden kann. Die Verbindung wird somit nicht als Feststoff, sondern gelöst eingesetzt. Erfindungsgemäß wird das noch aus Schritt (i) vorhandene Wasser vom Malonsäureester-Kaliumsalz der Formel (I) durch azeotrope Entwässerung der wässrigen Phase, enthaltend das Malonsäureester-Kaliumsalz der Formel (III), nach Zugabe des Chloressigsäureesters der Formel (IV) entfernt. Dadurch erfolgt die Umsetzung in Verfahrensschritt (ii) in Substanz. </p><p id="p0037" num="0037">Unter azeotroper Entwässerung wird hier die Abtrennung von Wasser durch azeotrope Destillation, vorzugsweise unter Zuhilfenahme eines Phasenabscheiders und in Gegenwart eines geeigneten Schleppmittels, das mit Wasser eine azeotrope Mischung ausbildet wie z.B. Toluol oder Xylol, verstanden. </p><p id="p0038" num="0038">Nach Abtrennung steht die nicht umgesetzte Verbindung der Formel (II) ohne weitere Aufarbeitung für eine erneute Reaktion mit Kaliumhydroxid zur Verfügung, was für das kontinuierliche Arbeiten einen großen Vorteil darstellt. </p><p id="p0039" num="0039">Das erfindungsgemäße Verfahren hat gegenüber dem in WO 2009/036899 beschriebenen Verfahren den Vorteil, dass bei der Umsetzung auf teure und schwierig zu entfernende und zurückzugewinnende Lösungsmittel, wie Dimethylformamid oder Dimethylacetamid verzichtet werden kann, und dass zu keiner Zeit das Malonsäureester-Kaliumsalz in fester Form isoliert wird. 
<!-- EPO <DP n="8"/>-->
 Schritt (ii) wird vorzugsweise in Anwesenheit einer geringen (katalytischen) Menge an Wasser als Reaktionsvermittler durchgeführt. Unter geringen Mengen an Wasser werden, bezogen auf das Gesamtgewicht der Reaktionsmischung nach der azeotropen Entwässerung, folgende Mengen an Wasser verstanden: etwa 0,8 bis etwa 5,0 Gewichtsprozente (Gew.-%). Erfindungsgemäß bevorzugte Mengen sind etwa 0,8 bis etwa 4,0 Gew.-%, etwa 0,8 bis etwa 3,0 Gew.-%, etwa 0,8 bis etwa 2,0 Gew.-%, und etwa 0,8 bis etwa 1,5 Gew.-%. </p><p id="p0040" num="0040">Durch die Anwesenheit der geringen (katalytischen) Menge an Wasser wird die Reaktion in Schritt (ii) stark beschleunigt und zum vollständigen Umsatz gebracht. </p><p id="p0041" num="0041">Der in Schritt (ii) nicht umgesetzte Chloressigsäureester der Formel (IV) steht ohne weitere Aufarbeitung für eine erneute Reaktion mit dem Malonsäureester-Kaliumsalz der Formel (III) zur Verfügung, was für das kontinuierliche Arbeiten einen großen Vorteil darstellt. </p><p id="p0042" num="0042">Die in Schritt (ii) erhaltene Verbindung der Formel (V) wird in einer solchen Reinheit gewonnen, dass sie ohne Zwischenisolierung in Schritt (iii) eingesetzt werden kann. Es ist jedoch bevorzugt, die Verbindung der Formel (V) vor Weiterreaktion einer Destillation, Phasentrennung und einer azeotropen Trocknung zu unterziehen. </p><p id="p0043" num="0043">Geeignete, in Schritt (i) verwendbare Lösungsmittel sind Alkohole, insbesondere Methanol und Ethanol. Es können auch andere bekannte Alkohole eingesetzt werden. Das Lösungsmittel wird in einer solchen Menge eingesetzt, dass das Reaktionsgemisch während der Umsetzung gut rührbar bleibt. Vorteilhafterweise wird Schritt (i) in einer Mischung aus Alkohol und Wasser, insbesondere Methanol und Wasser oder Ethanol und Wasser durchgeführt. Gewöhnlicherweise wird das Wasser durch Verwenden einer wässrigen Kaliumhydroxidlösung in die Reaktionsmischung eingebracht. Sollte das so eingebrachte Wasser nicht reichen, kann selbstverständlich Wasser zur Reaktionsmischung hinzugefügt werden. Die Menge an zuzufügenden Wasser kann variieren und ist vom Fachmann leicht zu ermitteln. </p><p id="p0044" num="0044">Für die Ringschlussreaktion im Schritt (iii) kann jedes Natrium- oder Kaliumalkoholat verwendet werden, insbesondere Natriummethanolat oder Natriumethanolat. Aus technischen und ökonomischen Gründen ist es bevorzugt, Natrium- oder Kaliumalkoholate zu verwenden, die in dem entsprechenden Alkohol gelöst vorliegen und auch käuflich erhältlich sind (z.B. Natriummethanolat in Methanol gelöst), da dann kein weiteres Lösungsmittel verwendet werden muss. </p><p id="p0045" num="0045">Die Umsetzung des Schrittes (i), Schrittes (ii) und die Ringschlussreaktion des Schrittes (iii) kann bei Normaldruck, durchgeführt werden. Es ist auch möglich die Reaktion im Vakuum oder bei erhöhten Druck (Überdruck) durchzuführen. 
<!-- EPO <DP n="9"/>-->
 Die Umsetzungen der Schritte (i), (ii) und (iii) laufen bei geeigneter Temperatur ab, die von den verwendeten Substraten abhängt. Geeignete Temperaturen lassen sich einfach durch Routineversuche ermitteln. </p><p id="p0046" num="0046">Schritt (i) kann beispielsweise bei einer Temperatur im Bereich von etwa -20°C bis etwa 20°C, vorzugsweise von etwa -10°C bis etwa 10°C durchgeführt werden. Besonders bevorzugt wird die Umsetzung bei einer Temperatur im Bereich von etwa -5°C bis etwa 0°C durchgeführt, bevorzugt unter Normaldruck. </p><p id="p0047" num="0047">Schritt (ii) kann beispielsweise bei einer Temperatur im Bereich von etwa 20°C bis etwa 200 °C, vorzugsweise von etwa 60°C bis etwa 150°C durchgeführt werden. Besonders bevorzugt wird die Umsetzung bei einer Temperatur im Bereich von etwa 80°C bis etwa 150°C durchgeführt, bevorzugt unter Normaldruck. </p><p id="p0048" num="0048">Schritt (iii) kann beispielsweise bei einer Temperatur im Bereich von etwa 20°C bis etwa 120°C, vorzugsweise von etwa 20°C bis etwa 100°C durchgeführt werden. Besonders bevorzugt wird die Umsetzung bei einer Temperatur im Bereich von etwa 20°C bis etwa 80°C durchgeführt, bevorzugt unter Normaldruck. </p><p id="p0049" num="0049">In den Schritten (i), (ii) und (iii) des erfindungsgemäßen Verfahren können die molaren Verhältnisse der Verbindung der Formel (II) und Kaliumhydroxid, bzw. der Verbindung der Formel (III) zur Verbindung der Formel (IV), oder der Verbindung der Formel (V) zum Alkalimetallalkoholat ZOR<sup>1</sup> in weiten Bereichen variieren. Sie unterliegen im Allgemeinen keiner Beschränkung. In Schritt (i) ist es vorteilhaft, wenn das molare Verhältnis der Verbindung der Formel (II) zu Kaliumhydroxid im Bereich von etwa 1, 1 bis etwa 10, insbesondere im Bereich von etwa 1,5 bis etwa 6 liegen. Erfindungsgemäß bevorzugt liegt das molare Verhältnis im Bereich von etwa 1,8 bis 3. </p><p id="p0050" num="0050">In Schritt (ii) ist es vorteilhaft, wenn das molare Verhältnis der Verbindung der Formel (IV) zur Verbindung der Formel (III) im Bereich von etwa 10 bis etwa 1, insbesondere im Bereich von etwa 8 bis etwa 1 liegen. Erfindungsgemäß bevorzugt liegt das molare Verhältnis im Bereich von etwa 6 bis 1. </p><p id="p0051" num="0051">In Schritt (iii) ist es vorteilhaft, wenn das molare Verhältnis von Verbindung der Formel (V) zum Alkalimetallalkoholat im Bereich von etwa 0,9 bis etwa 10, insbesondere im Bereich von etwa 1 bis etwa 5 liegen. Erfindungsgemäß bevorzugt liegt das molare Verhältnis im Bereich von etwa 1 bis 2. </p><p id="p0052" num="0052">Die Bezugnahme auf Alkyl umfasst verzweigte oder unverzweigte Alkyle. Beispiele für C1-C12- Alkylreste sind Methyl, Ethyl, n-Propyl, iso-Propyl, n-Butyl, iso-Butyl, sek.-Butyl, tert.-Butyl, n-Pentyl, iso-Pentyl, Neopentyl, tert.-Pentyl, 1-Methylbutyl, 2-Methylbutyl, 1-Ethylpropyl, 1,2-Dimethylpropyl, Hexyl n-Heptyl, n-Octyl, n-Nonyl, n-Decyl, n-Undecyl und n-Dodecyl. Von diesen Alkylresten sind Ci- 
<!-- EPO <DP n="10"/>-->
 Ce-Alkylreste besonders bevorzugt. Insbesondere bevorzugt sind Ci-C/rAlkylreste, speziell Methyl und</p><p id="p0053" num="0053">Ethyl. </p><p id="p0054" num="0054">Die vorliegende Erfindung wird anhand der nachfolgenden Beispiele näher erläutert, wobei die Beispiele nicht in die Erfindung einschränkender Weise zu interpretieren sind. Herstellungsbeispiel: </p><p id="p0055" num="0055">Beispiel 1: </p><p id="p0056" num="0056">Herstellung von Natrium-4-(methoxycarbonyl)-5-oxo-2,5-dihydrofuran-3-olat und Natrium-4- (ethoxycarbonyl)-5-oxo-2,5-dihydrofuran-3-olat </p><p id="p0057" num="0057">Schritt (i): 481 g (3,00 mol) Malonsäurediethylester und 300 g Ethanol werden vorgelegt und auf -5°C temperiert. Zu dieser Mischung werden bei -5°C bis 0°C 337 g (1,50 mol) einer 25%-igen wässrigen KOH-Lösung in 2 Stunden eindosiert. Es wird 30 Minuten bei 0°C nachgerührt und anschließend bei 30°C Ethanol abdestilliert. Die beiden Phasen werden bei 5°C getrennt, wobei die obere organische Phase, in der sich der nicht umgesetzte Malonsäurediethylester befindet, direkt für eine weitere Verseifung verwendet werden kann. Schritt (ii): Die wässrige Phase wird mit 458 g (3,75 mol) Chloressigsäureethylester im Vakuum azeotrop bei 30-50°C entwässert. Nach Zugabe von weiteren 458 g (3,75 mol) Chloressigsäureethylester und 9,4 g Wasser (0,8 Gewichtsprozente bezogen auf Masse der Reaktionsmischung) als Reaktionsvermittler wird dann auf 105°C erwärmt und 2,5 Stunden bei dieser Temperatur nachgerührt. Anschließend wird zunächst bei 60-80°C Chloressigsäurethylester abdestilliert und nach Zugabe von 375 g Wasser die restliche Menge an Chloressigsäureethylester azeotrop entfernt. Nach dem Abkühlen auf 20°C wird die wässrige Phase abgetrennt. </p><p id="p0058" num="0058">Schritt (iii): Die organische Phase wird mit 50 g Xylol bei 50-70°C im Vakuum azeotrop getrocknet und anschließend bei 40-50°C innerhalb von 1 Stunde mit 270 g (1,50 mol) einer 30%-igen Natriummethylat-Lösung in Methanol versetzt. Die Mischung wird danach für 2 Stunden auf 65°C erwärmt, anschließend auf 20°C abgekühlt, 1 Stunde bei dieser Temperatur verrührt und filtriert. Der Rückstand wird mit 60 g Methanol als Verdrängungswäsche gewaschen und im Vakuum getrocknet. Man erhält 209 g als 7:3 Mischung von Natrium-4-(methoxycarbonyl)-5-oxo-2,5-dihydrofuran-3-olat und Natrium-4-(ethoxycarbonyl)-5-oxo-2,5-dihydrofuran-3-olat. Bezogen auf eingesetztes Kaliumhydroxid entspricht das einer isolierten Ausbeute von 76 %. </p><p id="p0059" num="0059">H-NMR (D<sub>2</sub>0, 298K) δ: 3,73 s (3H), 4,42 s (2H) [Hauptkomponente] ; </p><p id="p0060" num="0060"> 1,30 t (3H), 4,23 q (2H), 4,42 s (2H) [Nebenkomponente] 
</p></description><claims mxw-id="PCLM44852389" ref-ucid="WO-2012117015-A1" lang="DE" load-source="patent-office"><claim-statement><!-- EPO <DP n="11"/>--> Patentansprüche: </claim-statement><claim id="clm-0001" num="1"><claim-text>1. Verfahren zur Herstellung von Natrium- oder Kaliumsalzen der 4-Hydroxy-2-oxo-2,5- dihydrofuran-3-carbonsäureester der Formel (I) </claim-text><claim-text> <img id="imgf000011_0001" he="26" wi="34" file="imgf000011_0001.tif" img-format="tif" img-content="drawing" orientation="portrait" inline="no"/> </claim-text><claim-text> worin </claim-text><claim-text>Z für Natrium oder Kalium steht, und R<sup>1</sup> für Ci-Cn-Alkyl steht, umfassend die folgenden Schritte: </claim-text><claim-text>Schritt (i): Umsetzen eines symmetrischen Malonsäureesters der Formel (II) <img id="imgf000011_0002" he="14" wi="44" file="imgf000011_0002.tif" img-format="tif" img-content="drawing" orientation="portrait" inline="no"/> </claim-text><claim-text> mit Kaliumhydroxid zum entsprechenden Malonsäureester-Kaliumsalz der Formel (III) <img id="imgf000011_0003" he="14" wi="47" file="imgf000011_0003.tif" img-format="tif" img-content="drawing" orientation="portrait" inline="no"/> </claim-text><claim-text> worin in den Formeln (II) und (III) </claim-text><claim-text>R<sup>2</sup> für Ci-Cn-Alkyl steht, in einem Lösungsmittel; </claim-text><claim-text>Schritt (ii): Umsetzen des Malonsäureester-Kalium salze s der Formel (III) mit einem Chloressigsäureester der Formel (IV) <img id="imgf000011_0004" he="16" wi="37" file="imgf000011_0004.tif" img-format="tif" img-content="drawing" orientation="portrait" inline="no"/> </claim-text><claim-text> worin </claim-text><claim-text>R<sup>3</sup> für Ci-Cn-Alkyl steht, zu einer Verbindung der Formel (V) <!-- EPO <DP n="12"/>--> <img id="imgf000012_0001" he="18" wi="58" file="imgf000012_0001.tif" img-format="tif" img-content="drawing" orientation="portrait" inline="no"/> </claim-text><claim-text>worin </claim-text><claim-text>R<sup>2</sup> die in Bezug auf Formel (III) aufgeführten Bedeutungen hat, und R<sup>3</sup> die in Bezug auf Formel (IV) aufgeführten Bedeutungen hat, </claim-text><claim-text>Schritt (iii): Umsetzen der Verbindung der Formel (V) mit einem Natrium- oder Kaliumalkoholat der Formel ZOR<sup>1</sup> , worin </claim-text><claim-text>R<sup>1</sup> für Ci-Cn-Alkyl steht, und </claim-text><claim-text>Z für Natrium oder Kalium steht, wobei nach Zugabe des Chloressigsäureesters in Schritt (ii) die Reaktionsmischung einer azeotropen Entwässerung unterzogen wird </claim-text><claim-text>Verfahren nach Anspruch 1, in dem in Schritt (i) eine wässrige Kaliumhydroxidlösung eingesetzt wird und worin das Lösungsmittel in Schritt (i) ein Alkohol ist. </claim-text><claim-text>Verfahren nach Anspruch 1 oder 2, in dem nach erfolgter Umsetzung des Schrittes (i) das Malonsäureester-Kaliumsalz der Formel (III) vom nicht umgesetzten Malonsäureester der Formel (II) über Phasentrennung abgetrennt wird, bevor es in Schritt (ii) eingesetzt wird. </claim-text><claim-text>Verfahren nach Anspruch 1, in dem in Schritt (ii) der Reaktionsmischung nach Durchführung einer azeotropen Entwässerung wieder 0,8 bis 5,0 Gew.-% Wasser zugegeben wird. </claim-text><claim-text>Verfahren nach Anspruch 4, in dem Schritt (ii) in Substanz durchgeführt wird. </claim-text><claim-text>Verfahren nach einem der Ansprüche 1 bis 5, in dem in Schritt (iii) Natriummethanolat, Natiumethanolat, Kaliummethanolat oder Kaliumethanolat verwendet wird. </claim-text><claim-text>Verfahren nach Anspruch 6, in dem das Natriummethanolat oder das Kaliummethanolat in Methanol gelöst vorliegt und das Natriumethanolat oder das Kaliumethanolat in Ethanol gelöst vorliegt. </claim-text></claim></claims><copyright>User acknowledges that Fairview Research LLC and its third party providers retain all right, title and interest in and to this xml under applicable copyright laws.  User acquires no ownership rights to this xml including but not limited to its format.  User hereby accepts the terms and conditions of the Licence Agreement</copyright></patent-document>
