<?xml version="1.0" encoding="UTF-8"?>
<patent-document ucid="EP-2958835-A1" country="EP" doc-number="2958835" kind="A1" date="20151230" family-id="49999966" file-reference-id="311200" date-produced="20180822" status="corrected" lang="DE"><bibliographic-data><publication-reference fvid="160453843" ucid="EP-2958835-A1"><document-id><country>EP</country><doc-number>2958835</doc-number><kind>A1</kind><date>20151230</date><lang>DE</lang></document-id></publication-reference><application-reference ucid="EP-14701091-A" is-representative="NO"><document-id mxw-id="PAPP193870654" load-source="docdb" format="epo"><country>EP</country><doc-number>14701091</doc-number><kind>A</kind><date>20140122</date><lang>DE</lang></document-id><document-id mxw-id="PAPP193870655" load-source="patent-office" format="original"><country>EP</country><doc-number>14701091.2</doc-number><date>20140122</date><lang>DE</lang></document-id></application-reference><priority-claims><priority-claim mxw-id="PPC162029136" ucid="DE-102013202879-A" load-source="docdb"><document-id format="epo"><country>DE</country><doc-number>102013202879</doc-number><kind>A</kind><date>20130221</date></document-id></priority-claim><priority-claim mxw-id="PPC162035974" ucid="EP-2014051206-W" linkage-type="W" load-source="docdb"><document-id format="epo"><country>EP</country><doc-number>2014051206</doc-number><kind>W</kind><date>20140122</date></document-id></priority-claim></priority-claims><technical-data><classifications-ipcr><classification-ipcr mxw-id="PCL-1988525802" load-source="docdb">B65G  29/00        20060101AFI20140911BHEP        </classification-ipcr><classification-ipcr mxw-id="PCL-1988526651" load-source="docdb">B21D  51/26        20060101ALI20140911BHEP        </classification-ipcr></classifications-ipcr><classifications-cpc><classification-cpc mxw-id="PCL-1984700283" load-source="docdb" scheme="CPC">B21D  51/2638      20130101 LI20151231BHEP        </classification-cpc><classification-cpc mxw-id="PCL-1984700629" load-source="docdb" scheme="CPC">B21D  43/00        20130101 FI20151231BHEP        </classification-cpc><classification-cpc mxw-id="PCL-1984702866" load-source="docdb" scheme="CPC">B65G  29/00        20130101 LI20160106BHEP        </classification-cpc><classification-cpc mxw-id="PCL-1987783892" load-source="docdb" scheme="CPC">B65G2201/0252      20130101 LA20140402BHEP        </classification-cpc><classification-cpc mxw-id="PCL-1987785321" load-source="docdb" scheme="CPC">B21D  51/26        20130101 LA20140930BHEP        </classification-cpc></classifications-cpc><invention-title mxw-id="PT165552995" lang="DE" load-source="patent-office">ZUFÜHRVORRICHTUNG UND VERFAHREN ZUR SUKZESSIVEN ZUFÜHRUNG</invention-title><invention-title mxw-id="PT165552996" lang="EN" load-source="patent-office">FEED DEVICE AND SUCCESSIVE FEED METHOD</invention-title><invention-title mxw-id="PT165552997" lang="FR" load-source="patent-office">DISPOSITIF DE DISTRIBUTION ET PROCÉDÉ D'AMENÉE SUCCESSIVE</invention-title></technical-data><parties><applicants><applicant mxw-id="PPAR1103318253" load-source="docdb" sequence="1" format="epo"><addressbook><last-name>MALL &amp; HERLAN SCHWEIZ AG</last-name><address><country>CH</country></address></addressbook></applicant><applicant mxw-id="PPAR1103327834" load-source="docdb" sequence="1" format="intermediate"><addressbook><last-name>MALL + HERLAN SCHWEIZ AG</last-name></addressbook></applicant><applicant mxw-id="PPAR1101639628" load-source="patent-office" sequence="1" format="original"><addressbook><last-name>Mall + Herlan Schweiz AG</last-name><iid>101295151</iid><address><street>Austrasse 6</street><city>8505 Pfyn</city><country>CH</country></address></addressbook></applicant></applicants><inventors><inventor mxw-id="PPAR1103304759" load-source="docdb" sequence="1" format="epo"><addressbook><last-name>WEIS MANFRED</last-name><address><country>DE</country></address></addressbook></inventor><inventor mxw-id="PPAR1103326166" load-source="docdb" sequence="1" format="intermediate"><addressbook><last-name>WEIS, MANFRED</last-name></addressbook></inventor><inventor mxw-id="PPAR1101643724" load-source="patent-office" sequence="1" format="original"><addressbook><last-name>WEIS, MANFRED</last-name><address><street>Höriblick 20</street><city>78315 Radolfzell</city><country>DE</country></address></addressbook></inventor></inventors><agents><agent mxw-id="PPAR1101647890" load-source="patent-office" sequence="1" format="original"><addressbook><last-name>Eisenführ, Speiser &amp; Partner</last-name><iid>100060042</iid><address><street>Patentanwälte Rechtsanwälte PartGmbB Anna-Louisa-Karsch-Strasse 2</street><city>10178 Berlin</city><country>DE</country></address></addressbook></agent></agents></parties><international-convention-data><pct-or-regional-filing-data ucid="EP-2014051206-W"><document-id><country>EP</country><doc-number>2014051206</doc-number><kind>W</kind><date>20140122</date><lang>DE</lang></document-id></pct-or-regional-filing-data><pct-or-regional-publishing-data ucid="WO-2014127949-A1"><document-id><country>WO</country><doc-number>2014127949</doc-number><kind>A1</kind><date>20140828</date><lang>DE</lang></document-id></pct-or-regional-publishing-data><designated-states><ep-contracting-states><country mxw-id="DS660736069" load-source="docdb">AL</country><country mxw-id="DS660760104" load-source="docdb">AT</country><country mxw-id="DS660736070" load-source="docdb">BE</country><country mxw-id="DS660647037" load-source="docdb">BG</country><country mxw-id="DS660795282" load-source="docdb">CH</country><country mxw-id="DS660725487" load-source="docdb">CY</country><country mxw-id="DS660725488" load-source="docdb">CZ</country><country mxw-id="DS660724681" load-source="docdb">DE</country><country mxw-id="DS660736083" load-source="docdb">DK</country><country mxw-id="DS660736084" load-source="docdb">EE</country><country mxw-id="DS660643728" load-source="docdb">ES</country><country mxw-id="DS660647038" load-source="docdb">FI</country><country mxw-id="DS660647043" load-source="docdb">FR</country><country mxw-id="DS660724682" load-source="docdb">GB</country><country mxw-id="DS660736085" load-source="docdb">GR</country><country mxw-id="DS660724755" load-source="docdb">HR</country><country mxw-id="DS660725489" load-source="docdb">HU</country><country mxw-id="DS660795283" load-source="docdb">IE</country><country mxw-id="DS660736086" load-source="docdb">IS</country><country mxw-id="DS660647044" load-source="docdb">IT</country><country mxw-id="DS660736091" load-source="docdb">LI</country><country mxw-id="DS660724756" load-source="docdb">LT</country><country mxw-id="DS660760105" load-source="docdb">LU</country><country mxw-id="DS660647045" load-source="docdb">LV</country><country mxw-id="DS660724757" load-source="docdb">MC</country><country mxw-id="DS660760106" load-source="docdb">MK</country><country mxw-id="DS660760111" load-source="docdb">MT</country><country mxw-id="DS660643729" load-source="docdb">NL</country><country mxw-id="DS660642584" load-source="docdb">NO</country><country mxw-id="DS660643730" load-source="docdb">PL</country><country mxw-id="DS660647046" load-source="docdb">PT</country><country mxw-id="DS660725490" load-source="docdb">RO</country><country mxw-id="DS660647051" load-source="docdb">RS</country><country mxw-id="DS660643739" load-source="docdb">SE</country><country mxw-id="DS660795284" load-source="docdb">SI</country><country mxw-id="DS660642585" load-source="docdb">SK</country><country mxw-id="DS660642586" load-source="docdb">SM</country><country mxw-id="DS660760112" load-source="docdb">TR</country></ep-contracting-states><ep-extended-states><ep-extended-state-data><country>BA</country></ep-extended-state-data><ep-extended-state-data><country>ME</country></ep-extended-state-data></ep-extended-states></designated-states></international-convention-data><office-specific-data><eptags><ep-no-a-document-published>*</ep-no-a-document-published></eptags></office-specific-data></bibliographic-data><abstract mxw-id="PA139080764" ref-ucid="WO-2014127949-A1" lang="DE" load-source="patent-office"><p num="0000">Die Erfindung betrifft eine Zuführvorrichtung (11) für eine sukzessive Bearbeitung von Hohlkörpern an ringförmig angeordneten Bearbeitungsstationen, eine Einziehmaschine zur sukzessiven Bearbeitung von Hohlkörpern, ein Verfahren zur sukzessiven Zuführung von Hohlkörpern an ringförmig angeordneten Bearbeitungsstationen und ein entspre- chendes Computerprogramm. Um es zu erlauben, eine größere Zahl von Bearbeitungs- stationen bereitzustellen, ohne dass ein übermäßiger Platzbedarf oder eine ähnlich ineffiziente Ressourcennutzung vorliegen würde, wird eine Zuführvorrichtung für eine sukzessive Bearbeitung von Hohlkörpern an ringförmig angeordneten Bearbeitungsstati- onen vorgeschlagen, mit einer ersten umlaufenden Führung (13) für erste Bearbeitungs- stationen und einer zweiten umlaufenden Führung (14) für zweite Bearbeitungsstationen, wobei eine der Führungen (14) innerhalb der anderen Führung (13) angeordnet ist, und einer Umsetzeinheit (17) zum Umsetzen eines Hohlköpers in die erste Führung (13) und/oder die zweite Führung (14).</p></abstract><abstract mxw-id="PA139547217" ref-ucid="WO-2014127949-A1" lang="DE" source="national office" load-source="docdb"><p>Die Erfindung betrifft eine Zuführvorrichtung (11) für eine sukzessive Bearbeitung von Hohlkörpern an ringförmig angeordneten Bearbeitungsstationen, eine Einziehmaschine zur sukzessiven Bearbeitung von Hohlkörpern, ein Verfahren zur sukzessiven Zuführung von Hohlkörpern an ringförmig angeordneten Bearbeitungsstationen und ein entspre- chendes Computerprogramm. Um es zu erlauben, eine größere Zahl von Bearbeitungs- stationen bereitzustellen, ohne dass ein übermäßiger Platzbedarf oder eine ähnlich ineffiziente Ressourcennutzung vorliegen würde, wird eine Zuführvorrichtung für eine sukzessive Bearbeitung von Hohlkörpern an ringförmig angeordneten Bearbeitungsstati- onen vorgeschlagen, mit einer ersten umlaufenden Führung (13) für erste Bearbeitungs- stationen und einer zweiten umlaufenden Führung (14) für zweite Bearbeitungsstationen, wobei eine der Führungen (14) innerhalb der anderen Führung (13) angeordnet ist, und einer Umsetzeinheit (17) zum Umsetzen eines Hohlköpers in die erste Führung (13) und/oder die zweite Führung (14).</p></abstract><abstract mxw-id="PA139080765" ref-ucid="WO-2014127949-A1" lang="EN" load-source="patent-office"><p num="0000">The invention relates to a feed device (11) for successively machining hollow bodies at machining stations which are arranged in an annular manner, to a drawing machine for successively machining hollow bodies, to a method for successively feeding hollow bodies to machining stations arranged in an annular manner, and to a corresponding computer program. The aim of the invention is to allow a large number of machining stations be provided without requiring an excessive amount of space or using resources in a similarly inefficient manner. This is achieved in that a feed device for successively machining hollow bodies at machining stations arranged in an annular manner is provided, comprising a first circumferential guide (13) for first machining stations, comprising a second circumferential guide (14) for second machining stations, wherein one of the guides (14) is arranged within the other guide (13), and comprising a transferring unit (17) for transferring a hollow body into the first guide (13) and/or the second guide (14).</p></abstract><abstract mxw-id="PA139547218" ref-ucid="WO-2014127949-A1" lang="EN" source="national office" load-source="docdb"><p>The invention relates to a feed device (11) for successively machining hollow bodies at machining stations which are arranged in an annular manner, to a drawing machine for successively machining hollow bodies, to a method for successively feeding hollow bodies to machining stations arranged in an annular manner, and to a corresponding computer program. The aim of the invention is to allow a large number of machining stations be provided without requiring an excessive amount of space or using resources in a similarly inefficient manner. This is achieved in that a feed device for successively machining hollow bodies at machining stations arranged in an annular manner is provided, comprising a first circumferential guide (13) for first machining stations, comprising a second circumferential guide (14) for second machining stations, wherein one of the guides (14) is arranged within the other guide (13), and comprising a transferring unit (17) for transferring a hollow body into the first guide (13) and/or the second guide (14).</p></abstract><abstract mxw-id="PA139080766" ref-ucid="WO-2014127949-A1" lang="FR" load-source="patent-office"><p num="0000">L'invention concerne un dispositif de distribution (11), pour un traitement successif de corps creux, à des postes de traitement disposés en forme d'anneau, une machine de rentrage pour un traitement successif de corps creux, un procédé pour l'amenée successive de corps creux, à des postes de traitement disposés en forme d'anneau, et un programme d'ordinateur correspondant. Pour permettre d'obtenir un plus grand nombre de postes de traitement, sans qu'il se présente un encombrement excessif, ou une utilisation des ressources qui serait, au même titre. inefficace, l'invention concerne un dispositif de distribution, pour un traitement successif de corps creux, à des postes de traitement disposés en forme d'anneau, comprenant un premier guidage rotatif (13) pour de premiers postes de traitement, et un second guidage rotatif (14) pour de seconds postes de traitement, l'un des guidages (14) étant disposé à l'intérieur de l'autre guidage (13), et une unité de transposition (17), pour la transposition d'un corps creux dans le premier guidage (13) et/ou le second guidage (14).</p></abstract><abstract mxw-id="PA139547219" ref-ucid="WO-2014127949-A1" lang="FR" source="national office" load-source="docdb"><p>L'invention concerne un dispositif de distribution (11), pour un traitement successif de corps creux, à des postes de traitement disposés en forme d'anneau, une machine de rentrage pour un traitement successif de corps creux, un procédé pour l'amenée successive de corps creux, à des postes de traitement disposés en forme d'anneau, et un programme d'ordinateur correspondant. Pour permettre d'obtenir un plus grand nombre de postes de traitement, sans qu'il se présente un encombrement excessif, ou une utilisation des ressources qui serait, au même titre. inefficace, l'invention concerne un dispositif de distribution, pour un traitement successif de corps creux, à des postes de traitement disposés en forme d'anneau, comprenant un premier guidage rotatif (13) pour de premiers postes de traitement, et un second guidage rotatif (14) pour de seconds postes de traitement, l'un des guidages (14) étant disposé à l'intérieur de l'autre guidage (13), et une unité de transposition (17), pour la transposition d'un corps creux dans le premier guidage (13) et/ou le second guidage (14).</p></abstract><description mxw-id="PDES78478394" ref-ucid="WO-2014127949-A1" lang="DE" load-source="patent-office"><!-- EPO <DP n="3"/>--><p id="p0001" num="0001"> Beschreibung </p><p id="p0002" num="0002">Die Erfindung betrifft eine Zuführvorrichtung für eine sukzessive Bearbeitung von Hohlkörpern an ringförmig angeordneten Bearbeitungsstationen, eine Einziehmaschine zur sukzessiven Bearbeitung von Hohlkörpern, ein Verfahren zur sukzessiven Zuführung von Hohlkörpern an ringförmig angeordneten Bearbeitungsstationen und ein entsprechendes Computerprogramm. </p><p id="p0003" num="0003">Zurzeit werden taktende Einziehmaschinen zur Herstellung von beispielsweise Metallhohlkörpern überwiegend in einer horizontalen Bauweise eingesetzt, d.h. die Arbeitsbewegung findet im Wesentlichen horizontal statt, wobei in den Anfängen des Einziehens abgewandelte Vertikalpressen eingesetzt wurden. </p><p id="p0004" num="0004">Herkömmlich werden die Dosen (als ein Beispiel eines Metallhohlkörpers) in der Regel über ein Band kommend von unten (aus praktischen Erwägungen, da dann andere Bereiche besser zugänglich bleiben) über eine Zuführeinrichtung (regelmäßig eine Vakuumtrommel) der Maschine zugeführt, von dort in eine Haltevorrichtung übergeben, die ihrerseits auf einem synchron zum Arbeitsprozess taktend angetriebenen Drehtisch platziert ist. So wird die Dose den verschieden Arbeitsstufen nacheinander zugeführt, bis 
<!-- EPO <DP n="4"/>-->
 letztlich alle Bearbeitungsschritte, die in der Maschine vorgesehen sind, abgearbeitet wurden. Schließlich wird die Dose über eine der Zuführvorrichtung vergleichbare Abführeinrichtung aus dem Arbeitsbereich der Maschine entnommen und über ein Band der nächsten Maschine übergeben. Zurzeit werden Maschinen mit Drehtischen zwischen 20 und 48 Stationen kommerziell angeboten bzw. betrieben, wobei bereits 50 Stationen vorgesehen sind. </p><p id="p0005" num="0005">Die kleineren Maschinen stammen aus der Zeit, als die Metallbehälter aus AI99.5 waren und nur eine Schulter geformt wurde, die dazu dient, den Dosendurchmesser auf den Durchmesser herunter einzuziehen, den im Beispielsfall von Aerosoldosen das aufzuset- zende Ventil hat. Mit steigenden Durchmessern der Behälter und zunehmend komplexeren Formen wurden größere Maschinen entwickelt, mit denen diese Anforderungen in einer Maschine erfüllt werden konnten, da man pro Umformschritt nur einen gewissen Umformgrad (letztlich eine Durchmesseränderung) erreichen kann. Aufwändigere oder größere Verformung benötigen also mehr Stationen. In späteren Jahren kamen zu den Behältern aus AI99.5 solche aus legiertem Aluminium oder auch aus Stahl mit dünneren Wandstärken hinzu („dünnwandige Behälter" genannt). Bedingt durch die Materialeigenschaften sind hier die erreichbaren Umformgrade pro Stufe aber maximal nur etwa halb so groß, so dass für die gleiche Form im Vergleich zu einem gleichen„dickwandigem" Behälter aus AI99.5 mindestens doppelt so viele Statio- nen erforderlich sind. </p><p id="p0006" num="0006">Es besteht somit das grundsätzliche Bestreben, eine größere Anzahl von Stationen für einen Einziehvorgang bereitstellen zu können. </p><p id="p0007" num="0007">Nach heutigem Stand der Technik besteht ein erster Ansatz darin, mehrere (kleine) bekannte Maschinen hintereinander (also in Reihe) zu kombinieren. Ein Nachteil dieses ersten Ansatzes besteht darin, dass vergleichsweise viel Platz benötigt wird, wobei ein weiterer Nachteil in den hohen Kosten pro Station liegt, da die meisten Komponenten mehrfach vorgehalten werden müssen. Des Weiteren resultiert aus dem Betrieb von mehreren Maschinen auch ein höherer Energiebedarf, was sich ungünstig auf die Umweltbilanz des Hohlkörpers auswirkt. Nachteilig ist ferner, dass die Dosen am Auslauf einer Maschine aus den Haltefuttern genommen werden und in der folgenden wieder aufgenommen werden müssen, wobei diese Aufnahme idealerweise in exakt 
<!-- EPO <DP n="5"/>-->
 derselben Position in Bezug auf das Futter wie vorher vorgenommen werden sollte, da andernfalls unerwünschterweise die Orientierung des Hohlkörpers zu seiner Längsachse verloren ginge (es also zu einer Verdrehung des Hohlkörpers käme). Ein weiterer Aufwand besteht darin, dass die Maschinen synchronisiert werden oder durch kleine Puffer- strecken in einem ausreichenden Maß entkoppelt werden. Diese Pufferstrecken sind z.B. Schalenförderer, in denen die Dosen nur sehr eingeschränkt geordnet positioniert sind. Des Weiteren erhöht sich mit jeder Maschinenübergabe das Risiko von Beschädigungen am Hohlkörper und somit eine Erhöhung des Ausschusses. </p><p id="p0008" num="0008">Ein zweiter bekannter Ansatz besteht darin, immer größere Maschinen vorzusehen - demnächst 50 Stationen auf einem Drehtisch. </p><p id="p0009" num="0009">Dieser Ansatz findet seine Grenzen mit Zusammenhang mit dem beherrschbaren Hand- ling und den bewegten Massen, wobei dennoch die machbare Zahl von Stationen für eine Zahl von Produkten, insbesondere aus dem Bereich der dünnwandigen Behälter, unbefriedigend ist. Ein besonderes Problem besteht darin, dass eine Querbeschleunigung an der Maschine beim Drehen des Drehtisches mit steigender Größe deutlich zunimmt, wobei diese Bewegung nur sehr aufwändig zu kompensieren ist, da sie intermittierend ist. </p><p id="p0010" num="0010">Eine Aufgabe, angesichts derer die vorliegende Erfindung gemacht wurde, besteht darin, eine Zuführvorrichtung für eine sukzessive Bearbeitung von Hohlkörpern an ringförmig angeordneten Bearbeitungsstationen, eine Einziehmaschine zur sukzessiven Bearbei- tung von Hohlkörpern, ein Verfahren zur sukzessiven Zuführung von Hohlkörpern an ringförmig angeordneten Bearbeitungsstationen und ein entsprechendes Computerprogramm bereitzustellen, die es erlauben, eine Zahl von Bearbeitungsstationen bereitzustellen, die die mit dem zweiten Ansatz erreichbare Zahl erreicht und überschreitet, ohne dass entsprechend dem ersten Ansatz ein übermäßiger Platzbedarf oder eine ähnlich ineffiziente Ressourcennutzung vorliegen würde. </p><p id="p0011" num="0011">Erfindungsgemäß wird angesichts dieser Aufgabe eine Zuführvorrichtung für eine sukzessive Bearbeitung von Hohlkörpern an ringförmig angeordneten Bearbeitungsstationen vorgeschlagen, mit einer ersten umlaufenden Führung für erste Bearbeitungsstationen und einer zweiten umlaufenden Führung für zweite Bearbeitungsstationen, wobei eine der Führungen innerhalb der anderen Führung angeordnet ist, und einer Umsetzeinheit zum Umsetzen eines Hohlköpers in die erste Führung und/oder die zweite Führung. 
<!-- EPO <DP n="6"/>-->
 Ebenfalls wird eine Einziehmaschine zur sukzessiven Bearbeitung von Hohlkörpern vorgeschlagen, mit einer erfindungsgemäßen Zuführvorrichtung und Bearbeitungsstationen für Hohlkörper, die zur Zuführung von Hohlkörpern mittels der Zuführvorrichtung ausgestaltet sind, wobei die Bearbeitungsstationen auf einem ersten Ring entsprechend der ersten Führung und einem zweiten Ring entsprechend der zweiten Führung angeordnet sind. </p><p id="p0012" num="0012">Zudem wird ein Verfahren zur sukzessiven Zuführung von Hohlkörpern an ringförmig angeordneten Bearbeitungsstationen vorgeschlagen, mit einem Schritt des Umsetzens eines Hohlkörpers in eine erste Führung und/oder eine zweite Führung, wobei die erste Führung eine erste umlaufende Führung für erste Bearbeitungsstationen ist und die zweite Führung eine zweite umlaufende Führung für zweite Bearbeitungsstationen ist, wobei eine der Führungen innerhalb der anderen Führung angeordnet ist, wobei der Schritt des Umsetzens mehrfach ausgeführt wird und das mehrfache Umsetzen ein Umsetzen eines Hohlkörpers in die erste Führung und ein Umsetzen eines Hohlkörpers in die zweite Führung umfasst. </p><p id="p0013" num="0013">Ferner wird ein Computerprogramm mit Computerprogrammmitteln vorgeschlagen, die eine erfindungsgemäße Zuführvorrichtung oder eine erfindungsgemäße Einziehmaschine dazu veranlassen, ein erfindungsgemäßes Verfahren auszuführen, wenn das Computerprogramm auf der Zuführvorrichtung oder der Einziehmaschine ausgeführt wird. Der Erfindung liegt die Erkenntnis zugrunde, dass durch eine Anordnung der Bearbeitungsstationen auf Ringen, von denen einer in einem anderen befindlich ist, eine bessere Raumausnutzung als mit einer Anordnung von vollständigen Maschinen nebeneinander erreicht werden kann. Da zudem wesentliche Elemente der gesamten Anordnung gemeinsam für die mehreren Ringe von Bearbeitungsstationen gemeinsam genutzt werden können, ist der maschinelle Aufwand pro Station ebenfalls vergleichsweise zum ersten Ansatz geringer. Statt dass die Größe eines einzelnen Ringes, in dem Bearbeitungsstationen angeordnet sind, durch Vergrößerung seines Durchmessers erhöht würde, sieht die Erfindung bei einer Erhöhung der Zahl von Stationen vor, dass der Pfad, der durch die Stationen läuft auf einer vergleichsweise kleinen Fläche„gefaltet" wird, indem mehrere parallele Ringe von Bearbeitungsstationen mit Hohlkörpern versorgt werden. Besteht der Wunsch danach, einen höheren Durchsatz pro Maschine zu erhalten, können die Ringe der Bearbeitungsstationen auch parallel mit entsprechend höherem Durchsatz genutzt werden. 
<!-- EPO <DP n="7"/>-->
 Der Begriff der „Führung" bezieht sich vorliegend auf Einrichtungen zum Halten und Bewegen eines bzw. mehrerer Hohlkörper entlang einer vorbestimmten Bahn, wobei insbesondere ein Drehtisch ein Beispiel einer Führung ist. Die vorbestimmte Bahn einer Führung kann beispielsweise auch durch Schienenelemente definiert werden, die die Bahn einschließen. Selbst wenn zwei Führungen mit solchen Schienenelementen an sich separat voneinander vorgesehen sind, schließt dies nicht aus, dass eine Außengrenze einer inneren Bahn und eine Innengrenze der äußeren Bahn durch ein entsprechend ausgestaltetes Schienenelement gleichzeitig definiert werden, so dass das Schienenelement zumindest teilweise beiden Führungen zugerechnet werden kann. Es ist zu bemerken, dass die vorliegende Erfindung nicht darauf beschränkt ist, dass lediglich zwei Führungen vorgesehen werden. Es ist möglich, auch eine größere Zahl von Führungen vorzusehen, beispielsweise drei Führungen. Werden drei oder mehr Führungen vorgesehen, so kann dies in einer Art geschehen, dass eine zweite Führung innerhalb einer ersten Führung angeordnet ist (wie dies z.B. schon oben beschrieben ist), wobei innerhalb der zweiten Führung die dritte Führung angeordnet ist. Bei dieser Anordnung können die Führungen konzentrisch angeordnet sein. Es ist allerdings ebenfalls möglich, die zweite und dritte Führung nebeneinander innerhalb der ersten Führung vorzusehen. Entsprechende Variationen ergeben sich bei einer noch größeren Zahl von vorhandenen Führungen. In einer Ausführungsform der Erfindung ist die Umsetzeinheit zum Umsetzen eines Hohlkörpers jeweils von der ersten Führung in die zweite Führung und von der zweiten Führung in die erste Führung ausgestaltet. </p><p id="p0014" num="0014">Es ist vorteilhaft an dieser Ausführungsform, dass die so ausgestaltete Umsetzeinheit das Umsetzen von Hohlkörpern beispielsweise von einer äußeren Führung auf eine innere Führung und zurück erlaubt, wobei eine Zu- und Abführung als solches von Hohlkörpern zu/von der erfindungsgemäßen Vorrichtung im Wesentlichen in gewohnter Weise erfolgen kann, insbesondere in Form einer Zuführung und einer Abführung zur äußeren Führung, innerhalb deren wenigstens eine innere Führung vorgesehen ist. </p><p id="p0015" num="0015">Es ist allerdings ebenfalls möglich, Zuführung und Abführung von Hohlkörpern zu/von der erfindungsgemäßen Vorrichtung im Zusammenhang mit unterschiedlichen Führungen vorzusehen. So kann beispielsweise ein Hohlkörper einer äußeren Führung zugeführt werden, nach Durchlauf eines typischerweise nahezu vollständigen Umlaufs von der äußeren Führung durch eine Umsetzeinheit auf eine innere Führung umgesetzt und 
<!-- EPO <DP n="8"/>-->
 wiederum nach Durchlauf eines typischerweise nahezu vollständigen Umlaufs auf der inneren Führung von dieser aus der Vorrichtung abgeführt werden. Eine Umkehrung dieses Verlaufs oder weitere Abwandlungen oder Kombinationen von Führungsverläufen sind ebenfalls möglich. In einer Ausgestaltung der obigen Ausführungsform ist die erste Führung separat von der zweiten Führung vorgesehen. </p><p id="p0016" num="0016">Werden die erste und die zweite Führung separat voneinander vorgesehen, d.h. beispielsweise in Form (im Wesentlichen) unabhängiger Drehtische realisiert, können die unterschiedlichen Führungen mit voneinander abweichenden Winkelschritten getaktet werden, so dass auch unterschiedliche Anzahlen von Bearbeitungsstationen für unterschiedliche Führungen vorgesehen werden können. Ein zeitlich konstanter Versatz zwischen jeweiligen Taktschritten der Führungen kann durch eine entsprechende Halteperiode der Umsetzeinheit adressiert werden. </p><p id="p0017" num="0017">In einer Weiterführung der Ausgestaltung weist die Umsetzeinheit ein erstes Umsetzele- ment zum Umsetzen eines Hohlkörpers von der ersten Führung in die zweite Führung und ein zweites Umsetzelement zum Umsetzen eines Hohlkörpers von der zweiten Führung in die erste Führung auf. </p><p id="p0018" num="0018">Je nach Auslegung der voneinander separaten Führungen können sich geometrische Beschränkungen ergeben, die bei einer einteiligen Umsetzeinheit, die sowohl Hohlkörper von der ersten Führung in die zweite Führung als auch von der zweiten Führung in die erste Führung umsetzen kann, einen erhöhten Konstruktions- oder Steueraufwand bedingen. Wird die Umsetzeinheit allerdings mehrteilig ausgeführt, wobei das erste und das zweite Umsetzelement separat voneinander vorgesehen sind, können eventuelle geometrische Beschränkungen einfacher adressiert werden. In einer Abwandlung der Ausgestaltung oder deren Weiterführung sind die erste Führung und die zweite Führung für eine gegenläufige Bewegung ausgestaltet. </p><p id="p0019" num="0019">Bei einer gegenläufigen Bewegung der Führungen, insbesondere bei einer hinsichtlich der Schritte oder Takte synchronisierten gegenläufigen Bewegung der Führungen, werden durch die Gegenläufigkeit Querbeschleunigungen bzw. -kräfte oder Drehmomente, die ansonsten innerhalb der Vorrichtung auftreten würden, zumindest teilweise kompensiert, so dass einerseits eine Reduktion in weiteren Maßnahmen angesichts der auftre- 
<!-- EPO <DP n="9"/>-->
 tenden Beschleunigungen, Kräfte bzw. Momente möglich wird (z.B. können die mechanischen Anforderungen reduziert werden) und sich andererseits einer ruhigerer Betrieb der Vorrichtung ergibt, was sich wiederum positiv auf die Qualität bei einer Bearbeitung der Hohlkörper auswirkt, z.B. beim Einziehen. In einer weiteren Ausgestaltung der Ausführungsform sind die erste Führung und die zweite Führung in einer gemeinsamen Führungseinheit enthalten. </p><p id="p0020" num="0020">Erfindungsgemäß können unterschiedliche Führungen beispielsweise in Form eines (gemeinsamen) Drehtischs realisiert werden, der als integrale Einheit zwei oder mehrere Führungsbahnen aufweist, zwischen denen Hohlkörper umgesetzt werden können. In einem solchen Fall ergeben sich durch die gleiche Anzahl von Stationen in einem inneren und einem äußeren Ring von Bearbeitungsstationen unterschiedliche Abstände zwischen den Bearbeitungsstationen der unterschiedlichen Ringe. </p><p id="p0021" num="0021">In einer anderen Ausführungsform ist die Umsetzeinheit für ein insbesondere paralleles Zuführen eines ersten Hohlkörpers in die erste Führung und eines zweiten Hohlkörpers in die zweite Führung und ein insbesondere paralleles Entnehmen des ersten Hohlkörpers aus der ersten Führung und des zweiten Hohlkörpers aus der zweiten Führung ausgestaltet, wobei die erste Führung und die zweite Führung bevorzugt für eine gegenläufige Bewegung ausgestaltet sind. </p><p id="p0022" num="0022">Werden mehrere (d.h. zwei oder auch eine höhere Anzahl) Führungen parallel betrieben, kann der Durchsatz eine entsprechenden Vorrichtung entsprechend erhöht werden. </p><p id="p0023" num="0023">Bei einer Umsetzeinheit in Form einer gemeinsamen, integralen Zuführ- und Abführvorrichtung für die erste und zweite Führung ergibt sich im einfachsten Fall eine Relation zwischen der Zahl der nutzbaren Stationen für die erste Führung und die zweite Führung in der Form, dass eine gleiche Zahl von Stationen vorgesehen ist oder ein ganzzahliges Verhältnis zwischen den Stationen besteht. Werden für jeden Hohlkörper, der der inneren Führung zugeführt bzw. von dieser abgeführt wird, beispielsweise zwei Hohlkörper zu der äußeren Führung zugeführt bzw. von dieser abgeführt, können von der äußeren Führung entsprechend eine doppelte Anzahl von Bearbeitungsstationen bedient werden. </p><p id="p0024" num="0024">Auch bei dieser Ausführungsform kann die Umsetzeinheit mehrteilig ausgestaltet werden, wobei bei einer mehrteiligen Ausführung eine unabhängige Zufuhr- bzw. Abfuhrzahl für 
<!-- EPO <DP n="10"/>-->
 die Führungen vorgesehen werden kann, was eine entsprechende Wahl der jeweiligen Bearbeitungsstationen erlaubt. </p><p id="p0025" num="0025">Bei einer gegenläufigen Bewegung der Führungen ergeben sich auch bei einer entsprechenden Ausgestaltung dieser Ausführungsform die hier für die obige Ausführungsform beschriebenen Vorteile. </p><p id="p0026" num="0026">Die Erfindung wird im Folgenden unter Bezug auf illustrative Ausführungsbeispiele und die beiliegenden Figuren erläutert. Hierbei zeigt </p><p id="p0027" num="0027">Fig. 1 eine schematische Darstellung eines ersten Ausführungsbeispiels einer erfindungsgemäßen Einziehmaschine mit einer erfindungsgemäßen Zuführvorrichtung, </p><p id="p0028" num="0028"> Fig. 2 eine schematische Darstellung eines zweiten Ausführungsbeispiels einer erfindungsgemäßen Einziehmaschine mit einer erfindungsgemäßen Zuführvorrichtung, </p><p id="p0029" num="0029"> Fig. 3 eine schematische Darstellung eines dritten Ausführungsbeispiels einer erfindungsgemäßen Einziehmaschine mit einer erfindungsgemäßen Zuführvorrichtung, </p><p id="p0030" num="0030"> Fig. 4 eine schematische Darstellung eines vierten Ausführungsbeispiels einer erfindungsgemäßen Einziehmaschine mit einer erfindungsgemäßen Zuführvorrichtung und </p><p id="p0031" num="0031"> Fig. 5 ein schematisches Ablaufdiagramm für den Lauf eines Hohlkörpers im </p><p id="p0032" num="0032"> Zusammenhang mit einem Ausführungsbeispiel eines erfindungsgemäßen Verfahrens. </p><p id="p0033" num="0033">Fig. 1 zeigt eine schematische Darstellung eines ersten Ausführungsbeispiels einer erfindungsgemäßen Einziehmaschine mit einer erfindungsgemäßen Zuführvorrichtung. </p><p id="p0034" num="0034">Die Einziehmaschine 1 1 umfasst einen Drehtisch 12 mit einer ersten Führung 13 und einer zweiten Führung 14, wobei die zweite Führung 14 innerhalb der ersten Führung 13 angeordnet ist. Die Einziehmaschine 1 1 weist ferner ein Zuführelement 15 und ein Abführelement 16 für die erste Führung 13 sowie eine Umsetzeinheit 17 für ein Umsetzen von Hohlkörpern von der ersten Führung 13 auf die zweite Führung 14 und von der zweiten Führung 14 auf die erste Führung 13 auf. 
<!-- EPO <DP n="11"/>-->
 Die Einziehmaschine 1 1 umfasst ferner eine Anzahl Bearbeitungsstationen (nicht dargestellt), wobei ein Hohlkörper jeweils durch die Führungen 13, 14 sukzessive den Bearbeitungsstationen zugeführt wird. </p><p id="p0035" num="0035">Ein zu bearbeitender Hohlkörper (nicht dargestellt) wird von dem Zuführelement 15 der ersten Führung 13 zugeführt und von dieser im Uhrzeigersinn jeweils nacheinander schrittweise den auf diesem Wege befindlichen Bearbeitungsstationen zugeführt, bis die Umsetzeinheit 17 erreicht wird. Die Umsetzeinheit 17 setzt den bereits teilweise bearbeiteten Hohlkörper von der ersten Führung 13 auf die zweite Führung 14 um, so dass die zweite Führung 14 (weiterhin im Uhrzeigersinn) den Hohlkörper den weiteren Bearbei- tungsstationen zuführt, die von der zweiten Führung 14 bedient werden, bis der Hohlkörper einen Umlauf in der zweiten Führung 14 hinter sich gebracht hat und von der Umsetzeinheit 17 von der zweiten Führung 14 auf die erste Führung 13 (zurück-)umgesetzt wird, um den Umlauf mit der ersten Führung 13 weiter zu durchlaufen. Der so nacheinander den jeweiligen Bearbeitungsstationen zugeführte Hohlkörper wird schließlich von der Abführeinheit 16 aus der ersten Führung 13 entnommen und weitergegeben. </p><p id="p0036" num="0036">In diesem Ausführungsbeispiel ist die Umsetzeinheit 17 auf einer der Zuführeinheit 15 und der Abführeinheit 16 gegenüberliegenden Seite des Drehtischs 12 vorgesehen, wobei die Erfindung nicht hierauf beschränkt ist. Das Umsetzen zwischen den Führungen 13, 14 kann auch an einer anderen Relativposition vorgesehen werden. Die Zuführeinheit 15 und die Abführeinheit 16 sind zur Ausnutzung des zur Verfügung stehenden Platzes und der möglichen Stationszahl benachbart angeordnet. </p><p id="p0037" num="0037">Fig. 2 zeigt eine schematische Darstellung eines zweiten Ausführungsbeispiels einer erfindungsgemäßen Einziehmaschine mit einer erfindungsgemäßen Zuführvorrichtung. </p><p id="p0038" num="0038">Die Einziehmaschine 21 des zweiten Ausführungsbeispiels umfasst eine erste Führung 23 und eine zweite Führung 24, die innerhalb der ersten Führung 23 angeordnet ist. Hierbei sind zwei Drehtische 22a, 22b vorgesehen. Wie auch die Einziehmaschine des ersten Ausführungsbeispiels weist die Einziehmaschine 21 eine Zuführeinheit 25, eine Umsetzeinheit 27 und eine Abführeinheit 26 auf. </p><p id="p0039" num="0039">Die Einziehmaschine 21 des zweiten Ausführungsbeispiels unterscheidet sich von der des ersten Ausführungsbeispiels darin, dass anstellen des gemeinsamen Drehtisches für die erste Führung 23 und die zweite Führung 24 separate Drehtische 22a, 22b vorgesehen sind. Dies erlaubt, die Anzahl der zu bedienenden Stationen und damit die Takt- bzw. 
<!-- EPO <DP n="12"/>-->
 Schrittrate für die erste Führung 23 und die zweite Führung 24 unabhängig voneinander oder zumindest unterschiedlich einzustellen. </p><p id="p0040" num="0040">Im Grundsatz entspricht die Funktionsweise und der Betrieb der Einziehmaschine 21 des zweiten Ausführungsbeispiels der des ersten Ausführungsbeispiels, so dass eine entsprechende Wiederholung des obigen nicht nötig ist. </p><p id="p0041" num="0041">Bei diesem Ausführungsbeispiel stimmt der Drehsinn des Drehtischs 22a der ersten Führung 23 und mit dem des Drehtisches 22b der zweiten Führung überein. Es ist allerdings auch möglich, soweit die geometrischen Gegebenheiten der jeweiligen Ausgestaltung dies erlauben, die Drehtische bzw. Führungen in entgegengesetzter Richtung zu betreiben. </p><p id="p0042" num="0042">Fig. 3 zeigt eine schematische Darstellung eines dritten Ausführungsbeispiels einer erfindungsgemäßen Einziehmaschine mit einer erfindungsgemäßen Zuführvorrichtung. </p><p id="p0043" num="0043">Die Einziehmaschine 31 des dritten Ausführungsbeispiels umfasst - vergleichbar mit der des zweiten Ausführungsbeispiels - zwei Führungen 33, 34 mit eigenen Drehtischen 32a, 32b, wobei die zweite Führung 34 innerhalb der ersten Führung 33 angeordnet ist. Die Einziehmaschine umfasst zudem ebenfalls eine Zuführeinheit 35 und eine Abführeinheit 36, die Hohlkörper der ersten Führung 34 zuführen und von dieser abführen. </p><p id="p0044" num="0044">Abweichend von dem zweiten Ausführungsbeispiel umfasst die Einziehmaschine 31 des dritten Ausführungsbeispiels eine mehrteilige Umsetzeinheit mit einem ersten Umsetzelement 37a und einem zweiten Umsetzelement 37b, wobei zudem die Drehrichtung der ersten Führung 33 gegenläufig zur Drehrichtung der zweiten Führung 34 ist. </p><p id="p0045" num="0045">Das erste Umsetzelement 37a dient dazu, Hohlkörper auf ihrem Lauf durch die Einziehmaschine 31 von der ersten Führung 33 auf die zweite Führung 34 umzusetzen, während das zweite Umsetzelement 37b dazu dient, Hohlkörper nach Durchlauf der Stationen, die von der zweiten Führung 34 bedient werden, von der zweiten Führung 34 wieder auf die erste Führung 33 umzusetzen. </p><p id="p0046" num="0046">Fig. 4 zeigt eine schematische Darstellung eines vierten Ausführungsbeispiels einer erfindungsgemäßen Einziehmaschine mit einer erfindungsgemäßen Zuführvorrichtung. 
<!-- EPO <DP n="13"/>-->
 Die Einziehmaschine 41 des vierten Ausführungsbeispiels umfasst, ähnlich zu denen des zweiten und dritten Ausführungsbeispiels, separate Drehtische 42a, 42b für eine erste Führung 43 und eine zweite Führung 44. </p><p id="p0047" num="0047">Abweichend von den ersten drei Ausführungsbeispielen umfasst die Einziehmaschine 41 eine Umsetzeinheit 47, die gemeinsam zugeführte Hohlkörper der ersten Führung 43 und der zweiten Führung 44 zuführt, wobei damit die Menge an zugeführten Hohlkörpern im Vergleich zu den ersten drei Ausführungsbeispielen verdoppelt ist, was durch Pfeile 48 angedeutet ist. </p><p id="p0048" num="0048">Die parallel den Führungen 43, 44 zugeführten Hohlkörper durchlaufen die Einziehmaschine 41 parallel und werden nach einem Umlauf durch die Umsetzeinheit 47 der ersten Führung 43 und der zweiten Führung 44 wiederum parallel entnommen und abgeführt (siehe Pfeile 49). </p><p id="p0049" num="0049">Fig. 5 zeigt ein schematisches Ablaufdiagramm für den Lauf eines Hohlkörpers im Zusammenhang mit einem Ausführungsbeispiel eines erfindungsgemäßen Verfahrens. Das Verfahren 100 beginnt mit einem Zuführen 101 des Hohlkörpers zur ersten Führung, wonach eine erste Bearbeitungsfolge 102 folgt, die ein sukzessives Zuführen 103 des Hohlkörpers zu entsprechenden Bearbeitungsstationen und entsprechendes Bearbeiten umfasst. Auf die erste Bearbeitungsfolge 102 folgend wird der Hohlkörper in Schritt 104 in die zweite Führung umgesetzt, wobei die zweite Führung innerhalb der ersten Führung angeordnet ist. Das Umsetzen 104 unterscheidet sich von den bekannten Entnahmen aus einer Führung bei herkömmlichen Einziehmaschinen dadurch, dass das Umsetzen 104 von der äußeren ersten Führung in eine darin angeordnete zweite Führung erfolgt und kein Abführen aus der Einziehmaschine darstellt. Nach dem Umsetzen 104 folgt eine zweite Bearbeitungsfolge 105 mit entsprechendem sukzessivem Zuführen 103 und Bearbeiten (vergleichbar zur ersten Bearbeitungsfolge). Nach Abschluss der zweiten Bearbeitungsfolge 105 (während der der Hohlkörper von der zweiten Führung geführt wurde) erfolgt ein weiteres Umsetzen 106 von der zweiten Führung zurück in die erste Führung, wonach die Bearbeitung mit einer dritten Bearbeitungsfolge 107 fortgesetzt wird. Schließlich wird der von der Einziehmaschine bearbeitete Hohlkörper in Schritt 108 abgeführt. </p><p id="p0050" num="0050">Ein Aspekt der vorliegenden Erfindung sieht zwei Bahnen von Futtern auf einem Drehtisch vor, wobei in einem Bereich die Hohlkörper von der einen Bahn (vorzugsweise der 
<!-- EPO <DP n="14"/>-->
 äußeren) auf die andere übergeben werden und diese dann nach fast einem ganzen Umlauf kurz vor Erreichen der Übergabeposition wieder zurück auf die Ausgangsbahn übergeben werden. Hierbei haben beide Bahnen gleich viele Stationen, so dass der Abstand zwischen den Futtern auf der äußeren Bahn grösser ist als auf der inneren Bahn. </p><p id="p0051" num="0051">Um die geometrischen Bedingungen beim Umsetzen von einer Bahn auf die andere zu verbessern, sieht ein weiterer Aspekt der Erfindung mehrere (vorzugsweise 2) (vorzugsweise konzentrisch) ineinander (vorzugsweise gegenläufig) laufende Drehringe vor, bei denen in einem Bereich die Hohlkörper von einem (vorzugsweise äußeren) auf den bzw. einen anderen Drehring übergeben werden und von dort nach fast einem ganzen Umlauf vor dem Wiedererreichen des Übergabebereichs wieder zurück auf den ursprünglichen Drehring zurückgesetzt werden. </p><p id="p0052" num="0052">Bei diesem Aspekt muss die Anzahl der Stationen auf den Drehringen nicht gleich sein, so dass die Raumausnutzung weiter verbessert ist. Eine beispielhafte Dimensionierung wäre etwa 36 Stationen innen und 48 Stationen außen. Wenn die Transfers auf separaten Transfereinheiten (z.B. Vakuumtrommeln) realisiert werden, werden die Einschränkungen in der geometrischen Auslegung weiter reduziert. </p><p id="p0053" num="0053">Durch gegenläufige Drehringe wird eine Querbeschleunigung, die bei einem Takten (schrittweisen Bewegen) der Drehringe auftritt, schon sehr weitgehend kompensiert, ohne dass weitere Zusatzmaßnahmen nötig würden, so dass die Maschine trotz einer großen Anzahl an Stationen vergleichsweise ruhig läuft oder leichter gebaut werden kann. </p><p id="p0054" num="0054">Im Vergleich zu den bisherigen Ansätzen baut eine solche Maschine deutliche kleiner als eine Kombination aus mehreren Maschinen, aber auch als eine Maschine mit vergleichbarer Stationsanzahl auf einem Drehtisch mit einer Spur. Dadurch ist seine solche Ma- schine auch preiswerter zu bauen. </p><p id="p0055" num="0055">Bei den Transfers zwischen den Bahnen wird der Hohlkörper vorzugsweise niemals der Schwerkraft überlassen, so dass eine exakte Positionierung im Futter leicht möglich ist und Vorkehrungen, um frei fallende Dosen wieder zu beruhigen, entfallen können. </p><p id="p0056" num="0056">Ein weiterer Aspekt der Erfindung sieht vor, die ankommenden einzuziehenden Hohlkör- per durch eine spezielle Ladevorrichtung in mehrere Spuren zu laden und dann eine Maschine zu haben, bei der entsprechend die mehreren Drehringe parallel sind, womit 
<!-- EPO <DP n="15"/>-->
 sich zwar keine maximale Erhöhung der Anzahl der Stationen für einen Hohlkörper ergibt, die Maschine aber mit entsprechend erhöhter Ausbringung arbeitet. </p><p id="p0057" num="0057">Der Antrieb der Führungen (Drehtische, Drehringe) kann erfolgen über </p><p id="p0058" num="0058"> ein mechanisches Schrittschaltgetriebe, das auf einen Ring direkt wirkt, dessen Bewegung über einen Ritzelsatz auf einen anderen Drehtisch dem Stationsverhältnis entsprechend übertragen wird, </p><p id="p0059" num="0059"> einen oder mehrere Servoantriebe, die auf einen Ring direkt wirken, dessen Bewegung über einen Ritzelsatz auf einen anderen Drehtisch dem Stationsverhältnis entsprechend übertragen wird, oder </p><p id="p0060" num="0060">- einem oder mehreren Servoantriebe pro Drehring, so dass die Ringe unabhängig voneinander gesteuert werden können. </p><p id="p0061" num="0061">Die Erfindung sieht insbesondere eine Einziehmaschine vor, in der die Hohlkörper auf zwei im wesentlichen konzentrischen Bahnen durch die Maschine geführt werden und die Hohlkörper von der einen auf die andere Bahn und am Ende des Durchlaufs auf dieser Bahn wieder zurück auf die Ausgangsbahn umgesetzt werden, wobei die Bahnen vorzugsweise gegenläufig durchlaufen werden, wobei die äußere Bahn insbesondere mehr Stationen als die innere hat und das Umsetzen zwischen den Bahnen vorteilhafterweise mit separaten Umsetzeinrichtungen realisiert ist. </p><p id="p0062" num="0062">Die Erfindung sieht auch eine Einziehmaschine mit mehreren Bahnen vor, bei der Bah- nen parallel geladen werden, so dass pro Hub mehrere Hohlkörper an parallelen Stationen bearbeitet werden können, womit der Gesamtdurchsatz entsprechend erhöht ist. </p><p id="p0063" num="0063">Ein weiterer Aspekt der Erfindung betrifft eine Einziehmaschine zur sukzessiven Bearbeitung von Hohlkörpern an ringförmig angeordneten Bearbeitungsstationen, wobei Bearbeitungsstationen der Einziehmaschine auf einem ersten Ring und einem zweiten Ring angeordnet sind, der sich innerhalb des ersten Rings befindet, und die Einziehmaschine wenigstens eine Umsetzeinheit zum Umsetzen eines Hohlkörpers zwischen einer Führung für Bearbeitungsstationen des ersten Rings und einer Führung für Bearbeitungsstationen des zweiten Rings umfasst, sowie ein Verfahren zur sukzessiven Bearbeitung von Hohlkörpern an ringförmig angeordneten Bearbeitungsstationen, mit einem sukzessiven Zuführen eines Hohlkörpers zu Bearbeitungsstationen einer Einziehmaschine mit einer Führung, wobei die die Bearbeitungsstationen auf einem ersten Ring und einem zweiten Ring angeordnet sind, der sich innerhalb des ersten Ring befindet, wobei das Zuführen 
<!-- EPO <DP n="16"/>-->
 ein Umsetzen eines Hohlkörpers von einer Führung für Bearbeitungsstationen des ersten Rings nach innen zu einer Führung für Bearbeitungsstationen des zweiten Rings umfasst. </p><p id="p0064" num="0064">Die Erfindung wurde hier vornehmlich unter Bezug auf metallische Hohlkörper, wie sie beispielsweise bei der Dosenerstellung genutzt werden, beschrieben, wobei die Erfindung auch in Zusammenhängen eingesetzt werden kann, bei denen keine hohe Anzahl von Stationen nötig ist (z.B. Kunststoffhohlkörper), wenn mehrere Objekte pro Takt geladen werden und entsprechend größere Schritte beim„Schalten" gemacht werden (man spricht vom„Schalten" des Drehtisches, wenn dieser um einen Takt weiter gedreht wird). </p><p id="p0065" num="0065">Auch wenn die Ringe, in denen die Bearbeitungsstationen angeordnet sind, hier vornehmlich als konzentrische Ringe dargestellt bzw. diskutiert wurden, ist die vorliegende Erfindung nicht darauf beschränkt und es sind auch Ausgestaltungen möglich, bei denen die Ringe nicht konzentrisch angeordnet sind, obgleich eine konzentrische Anordnung als besonders vorteilhaft betrachtet wird. </p><p id="p0066" num="0066">Es ist möglich und von der Erfindung umfasst, dass die Ebenen der verschiedenen Ringe entlang einer Rotationsachse relativ zueinander versetzt sind, so dass die Bearbeitungsstationen bzw. Führungen nicht in einer gemeinsamen Ebene liegen. 
</p></description><claims mxw-id="PCLM70078683" ref-ucid="WO-2014127949-A1" lang="DE" load-source="patent-office"><claim-statement><!-- EPO <DP n="17"/>-->Ansprüche </claim-statement><claim id="clm-0001" num="1"><claim-text>1. Zuführvorrichtung für eine sukzessive Bearbeitung von Hohlkörpern an ringförmig angeordneten Bearbeitungsstationen, mit: </claim-text><claim-text> einer ersten umlaufenden Führung (13, 23, 33, 43) für erste Bearbeitungsstationen und einer zweiten umlaufenden Führung (14, 24, 34, 44) für zweite Bearbeitungsstationen, wobei eine der Führungen (14, 24, 34, 44) innerhalb der anderen Führung angeordnet (13, 23, 33, 43) ist, und </claim-text><claim-text> einer Umsetzeinheit (17, 27, 37a, 37b, 47) zum Umsetzen eines Hohlköpers in die erste Führung (13, 23, 33, 43) und/oder die zweite Führung (14, 24, 34, 44). </claim-text></claim><claim id="clm-0002" num="2"><claim-text>2. Zuführvorrichtung nach Anspruch 1 , </claim-text><claim-text> wobei die Umsetzeinheit (17, 27, 37a, 37b) zum Umsetzen eines Hohlkörpers jeweils von der ersten Führung (13, 23, 33) in die zweite Führung (14, 24, 34) und von der zweiten Führung (14, 24, 34) in die erste Führung (13, 23, 33) ausgestaltet ist. </claim-text></claim><claim id="clm-0003" num="3"><claim-text>3. Zuführvorrichtung nach Anspruch 2, </claim-text><claim-text> wobei die erste Führung (23, 33) separat von der zweiten Führung (24, 34) vorgesehen ist. </claim-text></claim><claim id="clm-0004" num="4"><claim-text>4. Zuführvorrichtung nach Anspruch 3, </claim-text><claim-text> wobei die Umsetzeinheit (37a, 37b) ein erstes Umsetzelement (37a) zum Umsetzen eines Hohlkörpers von der ersten Führung (33) in die zweite Führung (34) und ein zweites Umsetzelement (37b) zum Umsetzen eines Hohlkörpers von der zweiten Führung (34) in die erste Führung (33) aufweist. </claim-text></claim><claim id="clm-0005" num="5"><claim-text>5. Zuführvorrichtung nach Anspruch 3 oder 4, </claim-text><claim-text> wobei die erste Führung (33) und die zweite Führung (34) für eine gegenläufige Bewegung ausgestaltet sind. </claim-text></claim><claim id="clm-0006" num="6"><claim-text>6. Zuführvorrichtung nach Anspruch 2, </claim-text><claim-text> wobei die erste Führung (13) und die zweite Führung (14) in einer gemeinsamen Führungseinheit (12) enthalten sind. </claim-text></claim><claim id="clm-0007" num="7"><claim-text>7. Zuführvorrichtung nach Anspruch 1 , </claim-text><claim-text> wobei die Umsetzeinheit (47) für ein insbesondere paralleles Zuführen eines ersten Hohlkörpers in die erste Führung (43) und eines zweiten Hohlkörpers in die zweite Füh- 
<!-- EPO <DP n="18"/>-->
 rung (44) und ein insbesondere paralleles Entnehmen des ersten Hohlkörpers aus der ersten Führung (43) und des zweiten Hohlkörpers aus der zweiten Führung (44) ausgestaltet ist, wobei die erste Führung (43) und die zweite Führung (44) bevorzugt für eine gegenläufige Bewegung ausgestaltet sind. </claim-text></claim><claim id="clm-0008" num="8"><claim-text>8. Einziehmaschine (1 1 , 21 , 31 , 41 ) zur sukzessiven Bearbeitung von Hohlkörpern, mit </claim-text><claim-text> einer Zuführvorrichtung nach einem der vorstehenden Ansprüche und </claim-text><claim-text> Bearbeitungsstationen für Hohlkörper, die zur Zuführung von Hohlkörpern mittels der Zuführvorrichtung ausgestaltet sind, wobei die Bearbeitungsstationen auf einem ersten Ring entsprechend der ersten Führung (13, 23, 33, 43) und einem zweiten Ring entsprechend der zweiten Führung (14, 24, 34, 44) angeordnet sind. </claim-text></claim><claim id="clm-0009" num="9"><claim-text>9. Verfahren (100) zur sukzessiven Zuführung von Hohlkörpern an ringförmig angeordneten Bearbeitungsstationen, mit </claim-text><claim-text> Umsetzen (104, 106) eines Hohlkörpers in eine erste Führung und/oder eine zweite Führung, </claim-text><claim-text> wobei die erste Führung eine erste umlaufende Führung für erste Bearbeitungsstationen ist und die zweite Führung eine zweite umlaufende Führung für zweite Bearbeitungsstationen ist, wobei eine der Führungen innerhalb der anderen Führung angeordnet ist, </claim-text><claim-text> wobei der Schritt des Umsetzens (104, 106) mehrfach ausgeführt wird und das mehrfache Umsetzen ein Umsetzen (106) eines Hohlkörpers in die erste Führung und ein Umsetzen (104) eines Hohlkörpers in die zweite Führung umfasst. </claim-text></claim><claim id="clm-0010" num="10"><claim-text>10. Computerprogramm mit Computerprogrammmitteln, die eine Zuführvorrichtung nach einem der Ansprüche 1 bis 7 oder eine Einziehmaschine nach Anspruch 8 dazu veranlassen, ein Verfahren nach Anspruch 9 auszuführen, wenn das Computerprogramm auf der Zuführvorrichtung oder der Einziehmaschine ausgeführt wird. 
</claim-text></claim></claims><copyright>User acknowledges that Fairview Research LLC and its third party providers retain all right, title and interest in and to this xml under applicable copyright laws.  User acquires no ownership rights to this xml including but not limited to its format.  User hereby accepts the terms and conditions of the Licence Agreement</copyright></patent-document>
