<?xml version="1.0" encoding="UTF-8"?>
<patent-document ucid="EP-2678188-A1" country="EP" doc-number="2678188" kind="A1" date="20140101" family-id="45509432" file-reference-id="302505" date-produced="20180826" status="corrected" lang="DE"><bibliographic-data><publication-reference fvid="146551360" ucid="EP-2678188-A1"><document-id><country>EP</country><doc-number>2678188</doc-number><kind>A1</kind><date>20140101</date><lang>DE</lang></document-id></publication-reference><application-reference ucid="EP-12700595-A" is-representative="NO"><document-id mxw-id="PAPP154825283" load-source="docdb" format="epo"><country>EP</country><doc-number>12700595</doc-number><kind>A</kind><date>20120105</date><lang>DE</lang></document-id><document-id mxw-id="PAPP183268014" load-source="docdb" format="original"><country>EP</country><doc-number>12700595.7</doc-number><date>20120105</date><lang>DE</lang></document-id></application-reference><priority-claims><priority-claim mxw-id="PPC140449030" ucid="DE-102011012393-A" load-source="docdb"><document-id format="epo"><country>DE</country><doc-number>102011012393</doc-number><kind>A</kind><date>20110225</date></document-id></priority-claim><priority-claim mxw-id="PPC140450538" ucid="EP-2012000033-W" linkage-type="W" load-source="docdb"><document-id format="epo"><country>EP</country><doc-number>2012000033</doc-number><kind>W</kind><date>20120105</date></document-id></priority-claim></priority-claims><technical-data><classifications-ipcr><classification-ipcr mxw-id="PCL1988108346" load-source="docdb">B60P   7/08        20060101AFI20120910BHEP        </classification-ipcr></classifications-ipcr><classifications-cpc><classification-cpc mxw-id="PCL-2137527827" load-source="docdb" scheme="CPC">D07B   1/148       20130101 LI20141110BHEP        </classification-cpc><classification-cpc mxw-id="PCL-2137528193" load-source="docdb" scheme="CPC">B60P   7/0823      20130101 FI20141114BHEP        </classification-cpc></classifications-cpc><invention-title mxw-id="PT132186564" lang="DE" load-source="patent-office">ZUG- ODER SPANNMITTEL, INSBESONDERE ZURRGURT</invention-title><invention-title mxw-id="PT132186565" lang="EN" load-source="patent-office">TRACTION OR TENSIONING MEANS, IN PARTICULAR A LASHING STRAP</invention-title><invention-title mxw-id="PT132186566" lang="FR" load-source="patent-office">DISPOSITIF DE TRACTION OU DE TENSION, EN PARTICULIER SANGLE D'AMARRAGE</invention-title></technical-data><parties><applicants><applicant mxw-id="PPAR918153452" load-source="docdb" sequence="1" format="epo"><addressbook><last-name>STAHL CARL GMBH</last-name><address><country>DE</country></address></addressbook></applicant><applicant mxw-id="PPAR918160270" load-source="docdb" sequence="1" format="intermediate"><addressbook><last-name>CARL STAHL GMBH</last-name></addressbook></applicant><applicant mxw-id="PPAR918993947" load-source="patent-office" sequence="1" format="original"><addressbook><last-name>Carl Stahl GmbH</last-name><iid>101313247</iid><address><street>Postweg 41</street><city>73079 Süssen</city><country>DE</country></address></addressbook></applicant></applicants><inventors><inventor mxw-id="PPAR918134462" load-source="docdb" sequence="1" format="epo"><addressbook><last-name>BUNSE MARKO</last-name><address><country>DE</country></address></addressbook></inventor><inventor mxw-id="PPAR918136645" load-source="docdb" sequence="1" format="intermediate"><addressbook><last-name>BUNSE, MARKO</last-name></addressbook></inventor><inventor mxw-id="PPAR918994311" load-source="patent-office" sequence="1" format="original"><addressbook><last-name>BUNSE, MARKO</last-name><address><street>Dr. Pfeifer Str. 7/1</street><city>73035 Göppingen</city><country>DE</country></address></addressbook></inventor><inventor mxw-id="PPAR918135103" load-source="docdb" sequence="2" format="epo"><addressbook><last-name>RUBE HELMUT</last-name><address><country>DE</country></address></addressbook></inventor><inventor mxw-id="PPAR918161742" load-source="docdb" sequence="2" format="intermediate"><addressbook><last-name>RUBE, HELMUT</last-name></addressbook></inventor><inventor mxw-id="PPAR918986838" load-source="patent-office" sequence="2" format="original"><addressbook><last-name>RUBE, HELMUT</last-name><address><street>Schlosshaldenstr. 14</street><city>73079 Süssen</city><country>DE</country></address></addressbook></inventor></inventors><agents><agent mxw-id="PPAR918990456" load-source="patent-office" sequence="1" format="original"><addressbook><last-name>Bartels, Martin Erich Arthur</last-name><iid>100028808</iid><address><street>Patentanwälte Bartels und Partner Lange Strasse 51</street><city>70174 Stuttgart</city><country>DE</country></address></addressbook></agent></agents></parties><international-convention-data><pct-or-regional-filing-data ucid="EP-2012000033-W"><document-id><country>EP</country><doc-number>2012000033</doc-number><kind>W</kind><date>20120105</date><lang>DE</lang></document-id></pct-or-regional-filing-data><pct-or-regional-publishing-data ucid="WO-2012113490-A1"><document-id><country>WO</country><doc-number>2012113490</doc-number><kind>A1</kind><date>20120830</date><lang>DE</lang></document-id></pct-or-regional-publishing-data><designated-states><ep-contracting-states><country mxw-id="DS548932656" load-source="docdb">AL</country><country mxw-id="DS548930650" load-source="docdb">AT</country><country mxw-id="DS548932657" load-source="docdb">BE</country><country mxw-id="DS548927752" load-source="docdb">BG</country><country mxw-id="DS548915838" load-source="docdb">CH</country><country mxw-id="DS548837924" load-source="docdb">CY</country><country mxw-id="DS548837925" load-source="docdb">CZ</country><country mxw-id="DS548935397" load-source="docdb">DE</country><country mxw-id="DS548932658" load-source="docdb">DK</country><country mxw-id="DS548932659" load-source="docdb">EE</country><country mxw-id="DS548816493" load-source="docdb">ES</country><country mxw-id="DS548927753" load-source="docdb">FI</country><country mxw-id="DS548927754" load-source="docdb">FR</country><country mxw-id="DS548935398" load-source="docdb">GB</country><country mxw-id="DS548932660" load-source="docdb">GR</country><country mxw-id="DS548935399" load-source="docdb">HR</country><country mxw-id="DS548837926" load-source="docdb">HU</country><country mxw-id="DS548915839" load-source="docdb">IE</country><country mxw-id="DS548932661" load-source="docdb">IS</country><country mxw-id="DS548927755" load-source="docdb">IT</country><country mxw-id="DS548932662" load-source="docdb">LI</country><country mxw-id="DS548935400" load-source="docdb">LT</country><country mxw-id="DS548930651" load-source="docdb">LU</country><country mxw-id="DS548935401" load-source="docdb">LV</country><country mxw-id="DS548935446" load-source="docdb">MC</country><country mxw-id="DS548930652" load-source="docdb">MK</country><country mxw-id="DS548930653" load-source="docdb">MT</country><country mxw-id="DS548816494" load-source="docdb">NL</country><country mxw-id="DS548866281" load-source="docdb">NO</country><country mxw-id="DS548816495" load-source="docdb">PL</country><country mxw-id="DS548930654" load-source="docdb">PT</country><country mxw-id="DS548816496" load-source="docdb">RO</country><country mxw-id="DS548930655" load-source="docdb">RS</country><country mxw-id="DS548816497" load-source="docdb">SE</country><country mxw-id="DS548837927" load-source="docdb">SI</country><country mxw-id="DS548866282" load-source="docdb">SK</country><country mxw-id="DS548866283" load-source="docdb">SM</country><country mxw-id="DS548927756" load-source="docdb">TR</country></ep-contracting-states></designated-states></international-convention-data><office-specific-data><eptags><ep-no-a-document-published>*</ep-no-a-document-published></eptags></office-specific-data></bibliographic-data><abstract mxw-id="PA99626313" ref-ucid="WO-2012113490-A1" lang="DE" load-source="patent-office"><p num="0000">Die Erfindung betrifft ein Zug- oder Spannmittel, insbesondere Zurrgurt (2), mit einem flachen, langgestreckten Gurtkörper (3) und einem Etikett (26), das zumindest solche visuell erkennbaren Informationen enthält, deren Angabe gesetzlich vorgeschrieben ist, das dadurch gekennzeichnet ist, dass für das lageveränderlich angeordnete Etikett (26) eine Schutzhülle (20) vorhanden ist, die zumindest einen Großteil (28) des Etiketts unter Einfluss einer an ihm angreifenden Vorspannkraft (32) in einer geschützten Ruheposition aufnimmt, aus der es gegen die Vorspannkraft (32) in eine Ableseposition herausbewegbar ist.</p></abstract><abstract mxw-id="PA99824832" ref-ucid="WO-2012113490-A1" lang="DE" source="national office" load-source="docdb"><p>Die Erfindung betrifft ein Zug- oder Spannmittel, insbesondere Zurrgurt (2), mit einem flachen, langgestreckten Gurtkörper (3) und einem Etikett (26), das zumindest solche visuell erkennbaren Informationen enthält, deren Angabe gesetzlich vorgeschrieben ist, das dadurch gekennzeichnet ist, dass für das lageveränderlich angeordnete Etikett (26) eine Schutzhülle (20) vorhanden ist, die zumindest einen Großteil (28) des Etiketts unter Einfluss einer an ihm angreifenden Vorspannkraft (32) in einer geschützten Ruheposition aufnimmt, aus der es gegen die Vorspannkraft (32) in eine Ableseposition herausbewegbar ist.</p></abstract><abstract mxw-id="PA99626314" ref-ucid="WO-2012113490-A1" lang="EN" load-source="patent-office"><p num="0000">The invention relates to a traction or tensioning means, in particular a lashing strap (2), having a flat, elongate belt body (3) and a label (26) that contains at least such visually recognisable information as is required by law to be declared, characterised in that a protective sleeve (20) is provided for the label (26), which can be moved into different positions, said sleeve receiving at least the major part (28) of the label in a protected position of rest, under the influence of a biasing force (32) acting on the label, which can be moved out of the position of rest against the biasing force (32) into a position in which said label can be read.</p></abstract><abstract mxw-id="PA99824833" ref-ucid="WO-2012113490-A1" lang="EN" source="national office" load-source="docdb"><p>The invention relates to a traction or tensioning means, in particular a lashing strap (2), having a flat, elongate belt body (3) and a label (26) that contains at least such visually recognisable information as is required by law to be declared, characterised in that a protective sleeve (20) is provided for the label (26), which can be moved into different positions, said sleeve receiving at least the major part (28) of the label in a protected position of rest, under the influence of a biasing force (32) acting on the label, which can be moved out of the position of rest against the biasing force (32) into a position in which said label can be read.</p></abstract><abstract mxw-id="PA99626315" ref-ucid="WO-2012113490-A1" lang="FR" load-source="patent-office"><p num="0000">L'invention concerne un dispositif de traction ou de tension, en particulier une sangle d'amarrage (2) comprenant un corps principal (3) plat et allongé et une étiquette (26) qui porte au moins les informations détectables visuellement qui sont légalement prescrites, et caractérisé en ce qu'il est doté d''une enveloppe de protection (20) pour l'étiquette (26), cette dernière étant agencée de manière à pouvoir changer de position, au moins la majeure partie (28) de l'étiquette venant se placer dans une position de repos protégée à l'intérieur de ladite poche de protection (20) sous l'effet d'une force de précharge (32) sollicitant l'étiquette, cette dernière pouvant être extraite à l'encontre de la force de précharge (32) pour être placée dans une position de lecture.</p></abstract><abstract mxw-id="PA99824834" ref-ucid="WO-2012113490-A1" lang="FR" source="national office" load-source="docdb"><p>L'invention concerne un dispositif de traction ou de tension, en particulier une sangle d'amarrage (2) comprenant un corps principal (3) plat et allongé et une étiquette (26) qui porte au moins les informations détectables visuellement qui sont légalement prescrites, et caractérisé en ce qu'il est doté d''une enveloppe de protection (20) pour l'étiquette (26), cette dernière étant agencée de manière à pouvoir changer de position, au moins la majeure partie (28) de l'étiquette venant se placer dans une position de repos protégée à l'intérieur de ladite poche de protection (20) sous l'effet d'une force de précharge (32) sollicitant l'étiquette, cette dernière pouvant être extraite à l'encontre de la force de précharge (32) pour être placée dans une position de lecture.</p></abstract><description mxw-id="PDES50931583" ref-ucid="WO-2012113490-A1" lang="DE" load-source="patent-office"><!-- EPO <DP n="3"/>--><p id="p0001" num="0001"> Zug- oder Spannmittel, insbesondere Zurrgurt </p><p id="p0002" num="0002">Die Erfindung bezieht sich auf ein Zug- oder Spannmittel, insbesondere Zurrgurt, mit einem flachen, langgestreckten Gurtkörper und einem Etikett, das zumindest solche visuell erkennbaren Informationen enthält, deren Angabe gesetzlich vorgeschrieben ist. </p><p id="p0003" num="0003">Bei derartigen Zug- oder Spannmitteln, die im Betrieb hohen Zugbelastungen ausgesetzt sind, sind höchste Anforderungen an die Betriebssicherheit zu stellen. Dies gi lt namentlich auch für Zurrgurte, wie sie für den Gütertransport durch Kraftfahrzeuge benutzt werden, um Transportgüter auf Lade- flächen zu sichern. Die Zurrgurte werden hierbei als an der Ladefläche verankerte Spannbänder eingesetzt, die mittels sogenannter Gurtratschen gespannt werden, wobei im betreffenden Gurtkörper hohe Zugspannungen erreicht werden. Um die Zulässigkeit für derartige Einsatzzwecke bei Kontrol len, beispielsweise bei Ladungskontrollen im Rahmen von Verkehrs- Überwachungen, nachzuweisen, unterliegen derartige Zug- oder Spannmittel konkreten Normvorschnften, die auch eine Kennzeichnungspflicht in Form einer Etikettierung umfassen. Genauer gesagt, muss ein betreffender Gurt mit einem Etikett versehen sein, das, unter anderem, zumindest folgende Angaben enthalten muss: Nennlänge, Tragfähigkeit, Identifizierung des Herstellers, Werkstoff des G urtkörpers, rückverfolgbarer Code, Nummer der entsprechenden Normvorschrift sowie Herstelldatum und Weiteres. 
<!-- EPO <DP n="4"/>-->
 Angesichts der rauhen Einsatzbedingungen muss das Etikett am betreffenden Gurt in der Weise angebracht sein, dass es gegen ein Abreißen gesichert ist. Diesbezüglich ist es Stand der Technik, vergl. DE 299 08 324 U1 , das Etikett in Form eines flachen Kunststoffgewebes an der Außenseite des Gurtkörpers von Zurrgurten aufzunähen oder aufzudrucken. Abgesehen davon, dass bei einem aufgenähten Etikett grundsätzlich keine Sicherheit gegen Abreißen gewährleistet ist, bietet diese Anbringung keinen Schutz gegen Beeinträchtigungen der Lesbarkeit des Etiketts durch Verschmutzung und/oder Abrieb der Beschriftung, was auch für eine aufgedruckte Etikettlö- sung gilt. </p><p id="p0004" num="0004"> Im Hinblick auf diese Problematik liegt der Erfindung die Aufgabe zugrunde, ein Zug- oder Spannmittel, insbesondere Zurrgurt, zur Verfügung zu stellen, das den Anforderungen an die Sicherheit der Etikettierung in besserem Maße gerecht wird. </p><p id="p0005" num="0005">Erfindungsgemäß ist diese Aufgabe durch ein Zug- oder Spannmittel gelöst, das die Merkmale des Patentanspruchs 1 in seiner Gesamtheit aufweist. </p><p id="p0006" num="0006">Demgemäß besteht eine Besonderheit der Erfindung darin, dass das Etikett lageveränderlich angeordnet ist und dass eine Schutzhülle vorhanden ist, die zumindest einen Großteil des Etiketts unter Einfluss einer an ihm angreifenden Vorspannkraft in einer geschützten Ruheposition aufnimmt, aus der das Etikett gegen die Vorspannkraft in eine Ableseposition herausbewegbar ist. Dadurch ist das Etikett, da es unter Einfluss der Vorspannkraft norma- lerweise in der Ruheposition verbleibt, aus der es lediglich für Kontrollzwecke herausbewegt wird, dauerhaft sowohl gegen Abreißen als auch gegen Beeinträchtigungen der Lesbarkeit bestmöglich geschützt. </p><p id="p0007" num="0007">Bei besonders vorteilhaften Ausführungsbeispielen ist die Schutzhülle zwi- sehen Lagen des Gurtkörpers gebildet, die in einem sich an eine Endschlaufe anschließenden Längenabschnitt aneinanderliegend sind. In besonders 
<!-- EPO <DP n="5"/>-->
 vorteilhafter Weise bildet somit der Gurtkörper selbst die Schutzhülle, die aufgrund der robusten Beschaffenheit des Gurtkörpers bestmögliche </p><p id="p0008" num="0008">Schutzwirkung bietet. In besonders vorteilhafter Weise kann die Anordnung hierbei so getroffen sein, dass der Gurtkörper ein Kunststoffgewebeband, beispielsweise ein Polyester-Gewebe ist, wobei die aneinanderliegenden Lagen entlang beider Seitenränder miteinander verbunden, vorzugsweise vernäht sind, dergestalt, dass die so gebildete Schutzhülle zwischen den Verbindungsbereichen ei- nen sich in Längsrichtung erstreckenden Aufnahmekanal mit einer am Ende des Aneinanderliegens der Lagen gebildeten Öffnung aufweist. </p><p id="p0009" num="0009">Für die Aufnahme in einem so gebildeten Aufnahmekanal ist vorzugsweise ein Etikett in Form eines flachen, flexiblen Kunststoffbandes vorgesehen, an dessen einem Ende ein im Aufnahmekanal verankertes, die Vorspannkraft erzeugendes Gummiband angreift, das das sich durch die Öffnung des Aufnahmekanals erstreckende Etikett in den Aufnahmekanal einzuziehen sucht. </p><p id="p0010" num="0010">Bei besonders vorteilhaften Ausführungsbeispielen ist eine Anschlageinrich- tung vorgesehen, die die Weglänge der Einziehbewegung des Etiketts in de Aufnahmekanal derart begrenzt, dass bei der geschützten Ruheposition ein Endteil des Etiketts außerhalb der Öffnung des Aufnahmekanals verbleibt. Dabei kann es sich um ein außerhalb des Markierungsbereiches des Etiketts befindliches Endteil handeln, das lediglich so groß bemessen ist, dass es als Griffstück benutzt werden kann, um das Etikett manuell für Kontrollzwecke aus dem Aufnahmekanal herauszuziehen. </p><p id="p0011" num="0011">Die Anschlageinrichtung kann eine im Aufnahmekanal festgelegte, flache Anschlagplatte aufweisen, die das sich im Aufnahmekanal in Längsrichtung erstreckende Gummiband übergreift, das an seinem vom Etikett entfernten 
<!-- EPO <DP n="6"/>-->
 Endbereich am Gurtkörper festgelegt ist und in seinem dehnbaren Längenbereich unterhalb der Anschlagplatte bewegbar ist. </p><p id="p0012" num="0012">Dabei kann die Anordnung mit Vorteil so getroffen sein, dass das Gummi- band an seinem mit dem Etikett verbundenen Endbereich einen aus der Bandebene vorstehenden Anschlagkörper bildet, der durch Anlage an der Anschlagplatte die Einziehbewegung des Etiketts bei Erreichen der Ruheposition begrenzt. Mit besonderem Vorteil kann die Anschlagplatte als zweites, im Aufnahmekanal befindliches Etikett ausgebildet sein. Der Normvorschrift des Vorhandenseins eines zweiten Etiketts kann damit, ohne dass ein zusätzliches Bauteil erforderlich ist, nachgekommen werden, indem die Anschlagplatte eine entsprechende Beschriftung erhält, wobei diese zweite Etikettierung inner- halb der Umhüllung dauerhaft gesichert ist. </p><p id="p0013" num="0013">Nachstehend ist die Erfindung anhand eines in der Zeichnung dargestellten Ausführungsbeispiels im Einzelnen erläutert. </p><p id="p0014" num="0014">Es zeigen: </p><p id="p0015" num="0015">F ig.1 eine schematisch vereinfacht gezeichnete perspektivische </p><p id="p0016" num="0016"> Schrägansicht eines Endabschnitts eines Ausführungsbeispiels der Erfindung in Form eines Zurrgurtes; Fig.2 eine Draufsicht eines Etiketts und eines daran angebrachten </p><p id="p0017" num="0017"> Gummibandes als Bestandteile des Ausführungsbeispiels von Fig.1 und </p><p id="p0018" num="0018">Fig.3 und 4 schematisch vereinfacht gezeichnete perspektivische </p><p id="p0019" num="0019"> Schrägansichten des Ausführungsbeispiels, wobei die in Fig.1 gezeigte, umgefaltete, obenliegende Lage des Gurtbandes 
<!-- EPO <DP n="7"/>-->
 weggelassen ist und das Etikett in der ausgezogenen Ableseposition (Fig.3) bzw. in der eingezogenen Ruheposition (Fig.4) sichtbar ist. </p><p id="p0020" num="0020">Nachstehend ist die Erfindung am Beispiel eines Zurrgurtes 2 erläutert, wie er beispielsweise zur Lagesicherung von Transportgütern auf Ladeflächen benutzt wird. In Fig.1 , 3 und 4 ist jeweils lediglich ein Teilabschnitt des Zurrgurtes 2 sichtbar, der sich an das geschlossene Ende 4 anschließt, wo eine Gurtschlaufe 6 gebildet ist. Bei Benutzung ist der Zurrgurt 2 am geschlossenen Ende 4 über einen die Schlaufe 6 durchgreifenden Haltebolzen, Verankerungshaken od. dgl. festgelegt. Der sich zum offenen Ende des Zurrgurtes 2 hin erstreckende Hauptteil des Gurtkörpers 8 ist in der abge- brochenen Zeichnung nicht sichtbar. Durch eine an diesem Längenabschnitt angreifende, ebenfalls nicht dargestellte Gurtratsche üblicher Bauweise kann der Zurrgurt 2 bei der Verwendung in geeigneter Weise gespannt werden. Der Gurtkörper 8 ist ein Kunststoffgewebeband, beispielsweise ein Polyester-Gewebe. Die Gurtschlaufe 6 ist dadurch gebildet, dass in einem an die Schlaufe 6 angrenzenden Längenbereich, dessen Länge vorzugsweise dem 6-fachen bis 10-fachen der Breite des Gurtkörpers 8 entspricht, dieser so umgefaltet ist, dass in diesem Längenbereich zwei Gurtlagen 10 und 12 aneinanderliegen. Die Lagen 10, 12 sind fest miteinander verbunden. Bei dem hier vorliegenden Ausführungsbeispiel erfolgt die Verbindung durch Vernähen, wobei entlang der Seitenränder verlaufende Längsnähte 14 und 16 und in einem an die Schlaufe 6 angrenzenden Nahtbereich 18 zusätzliche Schräg- und Quernähte vorgesehen sind. Bei dieser Verbindung der Lagen 10 und 12 bilden diese die beiden Wände einer Schutzhülle 20 in Form eines Flachschlauches mit darin zwischen den Längsnähten 14 und 
<!-- EPO <DP n="8"/>-->
 16 gebildetem Aufnahmekanal 24 mit einer am freien Ende der Lage 10 befindlichen Öffnung 22. </p><p id="p0021" num="0021">Die Fig. 3 und 4 zeigen bei weggelassener oberer Lage 10 das Innere dieses Aufnahmekanals 24, in dem ein Großteil eines Etiketts 26 in einer geschützten Ruheposition aufnehmbar ist. Dieses ist ein flexibles, dünnes Kunststoffband mit einem beschrifteten Hauptteil 28, der die gesetzlich vorgeschriebenen Informationen visuell erkennbar enthält, und einen Endteil 30. Wenn sich das Etikett 26 innerhalb des Aufnahmekanals 24 der Schutzhülle 20 in der geschützten Ruheposition befindet, befindet sich lediglich das Endteil 30 außerhalb der Öffnung 22, so dass das Etikett 26 an dem als Griffstück dienenden Endteil 30 ergriffen werden kann, um das Etikett 26 manuell aus der Ruheposition zu bewegen, d.h. in Längsrichtung des Aufnahmekanals 24 aus der Schutzhülle 20 herauszuziehen. </p><p id="p0022" num="0022">Das Etikett 26 ist für eine Rückzugsbewegung in die Ruheposition vorgespannt. Als die Vorspannkraft erzeugende Einrichtung ist ein Gummiband 32 vorgesehen, das an dem dem Endteil 30 entgegengesetzten Endbereich des Hauptteils 28 des Etiketts 26 angreift und seinerseits im Bereich seines freien Endes 34 an der Lage 12 des Gurtbandes 8 befestigt ist, beispielsweise angeklebt oder angenäht ist. In dem dehnbaren Längenbereich zwischen dem festgelegten Ende 34 und der Anbringstel le am Etikett 26 erstreckt sich das Gummiband 32 beweglich zwischen der Lage 12 und einer Anschlagplatte 36 hindurch, die lediglich randseitig mittels der Längsnähte 14, 16 axial festgelegt ist. Die vorzugsweise durch ein dünnes Kunststoffplättchen gebildete Anschlagplatte 36 wirkt mit einem Anschlagkörper 38 zusammen, der durch einen noppenartigen Vorsprung des Gummibandes 32 an dem mit dem Etikett 6 verbundenen Ende gebildet ist. Der Anschlagkörper 38 kann bevorzugt aber auch durch eine einfache Quernaht gebildet sein, die der Verbindung von Etikett 26 mit dem Gummiband 32 dient. 
<!-- EPO <DP n="9"/>-->
 Die Fig.1 verdeutlicht einen Zustand, bei dem das Etikett 26 teilweise aus der Ruheposition unter Dehnung des Gummibandes 32 herausgezogen ist. Die Fig.3 zeigt ei nen ähnlichen Zustand, bei dem das Etikett 26 unter stärkerer Dehnung des Gummibandes 32 weiter, d.h. näherungsweise bis in die Ableseposition herausgezogen ist. Die Fig.4 zeigt andererseits den Zustand, bei dem das Gummiband 32 das Etikett 26 in die Ruheposition eingezogen hat, wobei der Anschlagkörper 38 durch Anlage an der Anschlagplatte 26 die weitere Einziehbewegung beendet. Die Lageposition der Anschlagplatte 36 innerhalb des Aufnahmekanals 24 der Schutzhülle 20 ist so gewählt, dass bei Anlage des Anschlagkörpers 38 an der Anschlagplatte 36 das Endtei l 30 des Etiketts 26 über die Öffnung 22 des Aufnahmekanals 24 vorsteht und manuell ergriffen werden kann, während der Hauptteil 28 als Aufzeichnungsbereich vol lständig geschützt ins Innere der Schutzhül le 20 eingezogen ist. </p><p id="p0023" num="0023">Die Anschlagplatte 36 kann als internes und geschütztes zweites Etikett benutzt und mit den entsprechenden Informationen beschriftet werden. Während vorstehend als Einrichtung zum Erzeugen der Vorspannkraft für die Einziehbewegung des Etiketts 26 ein flaches Gummiband 32 gezeigt ist, versteht es sich, dass Einrichtungen anderer Art benutzt werden könnten, beispielsweise anders geformte elastische oder gumm ielastische Mittel, beispielsweise auch in Form von Federanordnungen. 
</p></description><claims mxw-id="PCLM44727540" ref-ucid="WO-2012113490-A1" lang="DE" load-source="patent-office"><claim id="clm-0001" num="0001"><!-- EPO <DP n="10"/>--><claim-text/><claim-text>P a t e n t a n s p r ü c h e </claim-text><claim-text>Zug- oder Spannmittel, insbesondere Zurrgurt (2), mit einem flachen, langgestreckten Gurtkörper (3) und einem Etikett (26), das zumindest solche visuell erkennbaren Informationen enthält, deren Angabe gesetzlich vorgeschrieben ist, dadurch gekennzeichnet, dass für das lageveränderlich angeordnete Etikett (26) eine Schutzhülle (20) vorhanden ist, die zumindest einen Großteil (28) des Etiketts unter Einfluss einer an ihm angreifenden Vorspannkraft (32) in einer geschützten Ruheposition aufnimmt, aus der es gegen die Vorspannkraft (32) in eine Ableseposition herausbewegbar ist. </claim-text><claim-text>Zug- oder Spannmittel nach Anspruch 1 , dadurch gekennzeichnet, dass die Schutzhülle (20) zwischen Lagen (10, 12) des Gurtkörpers (8) gebildet ist, die in einem sich an eine Endschlaufe (6) anschließenden Längenabschnitt aneinanderliegend sind. </claim-text><claim-text>Zug- oder Spannmittel nach Anspruch 1 oder 2, dadurch gekennzeichnet, dass der Gurtkörper (8) ein Kunststoffgewebeband, beispielsweise ein Polyester-Gewebe, ist und dass die aneinanderliegenden Lagen (10, 12) entlang beider Seitenränder (14, 16) miteinander verbunden, vorzugsweise vernäht sind, dergestalt, dass die so gebildete Schutzhülle (20) zwischen den Verbindungsbereichen einen sich in Längsrichtung erstreckenden Aufnahmekanal (24) mit einer am Ende des Aneinander- liegens der Lagen (10, 12) gebildeten Öffnung (22) aufweist. </claim-text><claim-text>Zug- oder Spannmittel nach einem der vorstehenden Ansprüche, dadurch gekennzeichnet, dass das Etikett (26) ein flaches, flexibles Kunststoffband ist, an dessen einem Ende ein im Aufnahmekanal (24) verankertes, die Vorspannkraft erzeugendes Gummiband (32) angreift, 
<!-- EPO <DP n="11"/>-->
 das das sich durch die Öffnung (22) des Aufnahmekanals (24) erstreckende Etikett (26) in den Aufnahmekanal (24) einzuziehen sucht. </claim-text><claim-text>Zug- oder Spannmittel nach einem der vorstehenden Ansprüche, dadurch gekennzeichnet, dass eine Anschlageinrichtung (36, 38) vorgesehen ist, die die Weglänge der Einziehbewegung des Etiketts (26) in den Aufnahmekanal (24) derart begrenzt, dass bei der geschützten Ruheposition ein Endteil (30) des Etiketts (26) außerhalb der Öffnung (22) des Aufnahmekanals (24) verbleibt. </claim-text><claim-text>Zug- oder Spannmittel nach einem der vorstehenden Ansprüche, dadurch gekennzeichnet, dass die Anschlageinrichtung eine im Aufnahmekanal (24) festgelegte, flache Anschlagplatte (36) aufweist, die das sich im Aufnahmekanal (24) in Längsrichtung erstreckende Gummiband (32) übergreift, das an seinem vom Etikett (26) entfernten Endbereich (34) am Gurtkörper (8) festgelegt ist und in seinem dehnbaren Längenbereich unterhalb der Anschlagplatte (36) bewegbar ist. </claim-text><claim-text>Zug- oder Spannmittel nach einem der vorstehenden Ansprüche, dadurch gekennzeichnet, dass das Gummiband (32) an seinem mit dem Etikett (26) verbundenen Endbereich einen aus der Bandebene vorstehenden Anschlagkörper (38) bildet, der durch Anlage an der Anschlagplatte (36) die Einziehbewegung des Etiketts (26) bei Erreichen der Ruheposition begrenzt. </claim-text><claim-text>Zug- oder Spannmittel nach einem der vorstehenden Ansprüche, dadurch gekennzeichnet, dass die Anschlagplatte (36) als zweites, im Aufnahmekanal (24) befindliches Etikett ausgebildet ist. 
</claim-text></claim></claims><copyright>User acknowledges that Fairview Research LLC and its third party providers retain all right, title and interest in and to this xml under applicable copyright laws.  User acquires no ownership rights to this xml including but not limited to its format.  User hereby accepts the terms and conditions of the Licence Agreement</copyright></patent-document>
