<?xml version="1.0" encoding="UTF-8"?>
<patent-document ucid="EP-2680790-A1" country="EP" doc-number="2680790" kind="A1" date="20140108" family-id="44583701" file-reference-id="318301" date-produced="20180823" status="corrected" lang="EN"><bibliographic-data><publication-reference fvid="146586871" ucid="EP-2680790-A1"><document-id><country>EP</country><doc-number>2680790</doc-number><kind>A1</kind><date>20140108</date><lang>EN</lang></document-id></publication-reference><application-reference ucid="EP-12707949-A" is-representative="NO"><document-id mxw-id="PAPP154849063" load-source="docdb" format="epo"><country>EP</country><doc-number>12707949</doc-number><kind>A</kind><date>20120227</date><lang>EN</lang></document-id><document-id mxw-id="PAPP220440215" load-source="docdb" format="original"><country>EP</country><doc-number>12707949.9</doc-number><date>20120227</date></document-id></application-reference><priority-claims><priority-claim mxw-id="PPC140556930" ucid="NL-2006307-A" load-source="docdb"><document-id format="epo"><country>NL</country><doc-number>2006307</doc-number><kind>A</kind><date>20110228</date></document-id></priority-claim><priority-claim mxw-id="PPC140548207" ucid="NL-2012050115-W" linkage-type="W" load-source="docdb"><document-id format="epo"><country>NL</country><doc-number>2012050115</doc-number><kind>W</kind><date>20120227</date></document-id></priority-claim><priority-claim mxw-id="PPC140554785" ucid="US-201161490703-P" load-source="docdb"><document-id format="epo"><country>US</country><doc-number>201161490703</doc-number><kind>P</kind><date>20110527</date></document-id></priority-claim></priority-claims><technical-data><classifications-ipcr><classification-ipcr mxw-id="PCL1989320278" load-source="docdb">A61F   2/16        20060101AFI20120920BHEP        </classification-ipcr></classifications-ipcr><classifications-cpc><classification-cpc mxw-id="PCL2060965702" load-source="docdb" scheme="CPC">A61F   2/1618      20130101 FI20140310BHEP        </classification-cpc></classifications-cpc><invention-title mxw-id="PT132365246" lang="DE" load-source="patent-office">OPHTHALMISCHE LINSE MIT VERBESSERTER OPTISCHER VERMISCHUNGSZONE</invention-title><invention-title mxw-id="PT132365247" lang="EN" load-source="patent-office">OPHTHALMIC LENS HAVING ENHANCED OPTICAL BLENDING ZONE</invention-title><invention-title mxw-id="PT132365248" lang="FR" load-source="patent-office">LENTILLE OPHTALMIQUE COMPORTANT UNE ZONE DE MÉLANGE OPTIQUE AMÉLIORÉE</invention-title></technical-data><parties><applicants><applicant mxw-id="PPAR1212095484" load-source="docdb" sequence="1" format="epo"><addressbook><last-name>OCULENTIS HOLDING BV</last-name><address><country>NL</country></address></addressbook></applicant><applicant mxw-id="PPAR919535117" load-source="docdb" sequence="1" format="intermediate"><addressbook><last-name>OCULENTIS HOLDING B.V.</last-name></addressbook></applicant><applicant mxw-id="PPAR919012201" load-source="patent-office" sequence="1" format="original"><addressbook><last-name>Oculentis Holding B.V.</last-name><iid>101395996</iid><address><street>Kollergang 9</street><city>6961 LZ Eerbeek</city><country>NL</country></address></addressbook></applicant></applicants><inventors><inventor mxw-id="PPAR919521970" load-source="docdb" sequence="1" format="epo"><addressbook><last-name>WANDERS BERNARDUS FRANCISCUS MARIA</last-name><address><country>NL</country></address></addressbook></inventor><inventor mxw-id="PPAR919527981" load-source="docdb" sequence="1" format="intermediate"><addressbook><last-name>WANDERS, BERNARDUS FRANCISCUS MARIA</last-name></addressbook></inventor><inventor mxw-id="PPAR919014336" load-source="patent-office" sequence="1" format="original"><addressbook><last-name>WANDERS, BERNARDUS FRANCISCUS MARIA</last-name><address><street>Villa Bertha 12</street><city>NL-Angerlo 6986 Ah</city><country>NL</country></address></addressbook></inventor></inventors><agents><agent mxw-id="PPAR919009211" load-source="patent-office" sequence="1" format="original"><addressbook><last-name>Nederlandsch Octrooibureau</last-name><iid>101379333</iid><address><street>P.O. Box 29720</street><city>2502 LS The Hague</city><country>NL</country></address></addressbook></agent></agents></parties><international-convention-data><pct-or-regional-filing-data ucid="NL-2012050115-W"><document-id><country>NL</country><doc-number>2012050115</doc-number><kind>W</kind><date>20120227</date><lang>EN</lang></document-id></pct-or-regional-filing-data><pct-or-regional-publishing-data ucid="WO-2012118371-A1"><document-id><country>WO</country><doc-number>2012118371</doc-number><kind>A1</kind><date>20120907</date><lang>EN</lang></document-id></pct-or-regional-publishing-data><designated-states><ep-contracting-states><country mxw-id="DS549847486" load-source="docdb">AL</country><country mxw-id="DS549847247" load-source="docdb">AT</country><country mxw-id="DS549845441" load-source="docdb">BE</country><country mxw-id="DS549861637" load-source="docdb">BG</country><country mxw-id="DS549777548" load-source="docdb">CH</country><country mxw-id="DS549845446" load-source="docdb">CY</country><country mxw-id="DS549847248" load-source="docdb">CZ</country><country mxw-id="DS549847487" load-source="docdb">DE</country><country mxw-id="DS549845447" load-source="docdb">DK</country><country mxw-id="DS549845448" load-source="docdb">EE</country><country mxw-id="DS549916940" load-source="docdb">ES</country><country mxw-id="DS549861642" load-source="docdb">FI</country><country mxw-id="DS549777561" load-source="docdb">FR</country><country mxw-id="DS549847488" load-source="docdb">GB</country><country mxw-id="DS549845449" load-source="docdb">GR</country><country mxw-id="DS549847489" load-source="docdb">HR</country><country mxw-id="DS549847249" load-source="docdb">HU</country><country mxw-id="DS549777562" load-source="docdb">IE</country><country mxw-id="DS549845454" load-source="docdb">IS</country><country mxw-id="DS549861643" load-source="docdb">IT</country><country mxw-id="DS549845455" load-source="docdb">LI</country><country mxw-id="DS549861644" load-source="docdb">LT</country><country mxw-id="DS549766207" load-source="docdb">LU</country><country mxw-id="DS549861645" load-source="docdb">LV</country><country mxw-id="DS549861650" load-source="docdb">MC</country><country mxw-id="DS549766208" load-source="docdb">MK</country><country mxw-id="DS549766213" load-source="docdb">MT</country><country mxw-id="DS549766214" load-source="docdb">NL</country><country mxw-id="DS549777563" load-source="docdb">NO</country><country mxw-id="DS549766215" load-source="docdb">PL</country><country mxw-id="DS549916941" load-source="docdb">PT</country><country mxw-id="DS549765870" load-source="docdb">RO</country><country mxw-id="DS549916942" load-source="docdb">RS</country><country mxw-id="DS549766216" load-source="docdb">SE</country><country mxw-id="DS549847494" load-source="docdb">SI</country><country mxw-id="DS549777564" load-source="docdb">SK</country><country mxw-id="DS549777573" load-source="docdb">SM</country><country mxw-id="DS549845456" load-source="docdb">TR</country></ep-contracting-states></designated-states></international-convention-data><office-specific-data><eptags><ep-no-a-document-published>*</ep-no-a-document-published></eptags></office-specific-data></bibliographic-data><abstract mxw-id="PA99833184" ref-ucid="WO-2012118371-A1" lang="EN" load-source="patent-office"><p num="0000">An intraocular lens with a lens comprises a main lens part having a main lens surface and a main optical axis defining radial, tangential and axial directions; and a recessed part having a recess surface and extending between said main optical axis and a circumference of said lens, the recessed part comprising a secondary lens part with a secondary lens surface having a positive relative optical power with respect to an optical power of said main lens surface. The main lens surface extends in an outward radial direction towards a main lens outer circumference section remote from said the optical axis. The main lens outer circumference section and the main lens surface define an imaginary main lens outer circumference section that would have at least partially provided a main lens outer circumference together with the main lens outer circumference section in case the recessed part would have been absent; and an imaginary main lens surface section that would have been part of the main lens surface in case said recessed part would have been absent, the recess surface being recessed with respect to the imaginary main lens surface section. The recessed part extends in an outward radial direction to an outer recess boundary remote from said main optical axis, the outer recess boundary extending along or beyond said imaginary main lens outer circumference section as seen in an outward radial direction.</p></abstract><abstract mxw-id="PA100329595" ref-ucid="WO-2012118371-A1" lang="EN" source="national office" load-source="docdb"><p>An intraocular lens with a lens comprises a main lens part having a main lens surface and a main optical axis defining radial, tangential and axial directions; and a recessed part having a recess surface and extending between said main optical axis and a circumference of said lens, the recessed part comprising a secondary lens part with a secondary lens surface having a positive relative optical power with respect to an optical power of said main lens surface. The main lens surface extends in an outward radial direction towards a main lens outer circumference section remote from said the optical axis. The main lens outer circumference section and the main lens surface define an imaginary main lens outer circumference section that would have at least partially provided a main lens outer circumference together with the main lens outer circumference section in case the recessed part would have been absent; and an imaginary main lens surface section that would have been part of the main lens surface in case said recessed part would have been absent, the recess surface being recessed with respect to the imaginary main lens surface section. The recessed part extends in an outward radial direction to an outer recess boundary remote from said main optical axis, the outer recess boundary extending along or beyond said imaginary main lens outer circumference section as seen in an outward radial direction.</p></abstract><abstract mxw-id="PA99833185" ref-ucid="WO-2012118371-A1" lang="FR" load-source="patent-office"><p num="0000">Une lentille intra-oculaire comportant une lentille comprend une partie de lentille principale présentant une surface de lentille principale et un axe optique principal définissant des directions radiale, tangentielle et axiale ; et une partie évidée présentant une surface d'évidement et s'étendant entre ledit axe optique principal et une circonférence de ladite lentille. La partie évidée comprend une partie de lentille secondaire présentant une surface de lentille secondaire ayant une puissance optique relative positive par rapport à une puissance optique de ladite surface de lentille principale. La surface de lentille principale s'étend dans une direction radiale vers l'extérieur, vers une section de circonférence externe de lentille principale à distance dudit axe optique. La section de circonférence externe de lentille principale et la surface de lentille principale définissent une section de circonférence externe de lentille principale imaginaire qui, en l'absence de partie évidée, comporterait au moins partiellement une circonférence externe de lentille principale conjuguée à la section de circonférence externe de lentille principale ; et une section de surface de lentille principale imaginaire qui, en l'absence de ladite partie évidée, ferait partie de la surface de lentille principale. La surface d'évidement est évidée par rapport à la section de surface de lentille principale imaginaire. La partie évidée s'étend dans une direction radiale vers l'extérieur jusqu'à une limite d'évidement externe à distance dudit axe optique principal. Telle qu'observée dans une direction radiale vers l'extérieur, la limite d'évidement externe s'étend le long ou au-delà de ladite section de circonférence externe de lentille principale imaginaire.</p></abstract><abstract mxw-id="PA100329596" ref-ucid="WO-2012118371-A1" lang="FR" source="national office" load-source="docdb"><p>Une lentille intra-oculaire comportant une lentille comprend une partie de lentille principale présentant une surface de lentille principale et un axe optique principal définissant des directions radiale, tangentielle et axiale ; et une partie évidée présentant une surface d'évidement et s'étendant entre ledit axe optique principal et une circonférence de ladite lentille. La partie évidée comprend une partie de lentille secondaire présentant une surface de lentille secondaire ayant une puissance optique relative positive par rapport à une puissance optique de ladite surface de lentille principale. La surface de lentille principale s'étend dans une direction radiale vers l'extérieur, vers une section de circonférence externe de lentille principale à distance dudit axe optique. La section de circonférence externe de lentille principale et la surface de lentille principale définissent une section de circonférence externe de lentille principale imaginaire qui, en l'absence de partie évidée, comporterait au moins partiellement une circonférence externe de lentille principale conjuguée à la section de circonférence externe de lentille principale ; et une section de surface de lentille principale imaginaire qui, en l'absence de ladite partie évidée, ferait partie de la surface de lentille principale. La surface d'évidement est évidée par rapport à la section de surface de lentille principale imaginaire. La partie évidée s'étend dans une direction radiale vers l'extérieur jusqu'à une limite d'évidement externe à distance dudit axe optique principal. Telle qu'observée dans une direction radiale vers l'extérieur, la limite d'évidement externe s'étend le long ou au-delà de ladite section de circonférence externe de lentille principale imaginaire.</p></abstract><description mxw-id="PDES51232832" ref-ucid="WO-2012118371-A1" lang="EN" load-source="patent-office"><!-- EPO <DP n="2"/>--><p id="p0001" num="0001"> Ophthalmic lens having Enhanced optical blending zone Background </p><p id="p0002" num="0002">The present invention relates to an intraocular lens having a lens with a main lens part and a recessed part. </p><p id="p0003" num="0003">Such a lens with a distance part and a near part is described in EP 0 858 613 A, US 6,409,339 and EP 2 219 065 A from the current inventor, and which are incorporated by reference as if fully set forth. These documents disclose contact lenses, but also refer to intraocular lenses, IOL's. A lens of this type differs from other lenses in that the reading part is located within the (imaginary) boundary of the distance part. That is to say the reading part is on or within the imaginary radius of the outer boundary of the distance part. If a partial part is used this is preferably made as a sector which extends from the centre of the lens. A reading part is thus recessed with respect to a distance part. This lens proved to have many possibilities. There is, however, room for further improvement. One of the problems of the known intraocular lenses is the occurrence of halo's and other visual artefacts that can occur at various light conditions, especially under low light conditions. </p><p id="p0004" num="0004">Summary of the invention </p><p id="p0005" num="0005">The invention aims to improve the known intra ocular lenses. </p><p id="p0006" num="0006">Yet another or alternative object of the invention is to provide an intraocular lens with reduced visual artefacts, also at varying light conditions. </p><p id="p0007" num="0007">To that end, the invention provides an intraocular lens having a lens comprising a main lens part having a main lens surface and a main optical axis defining radial, tangential and axial directions; and a recessed part having a recess surface and extending between said main optical axis and a circumference of said lens, said recessed part comprising a secondary lens part with a secondary lens surface having a positive relative optical 
<!-- EPO <DP n="3"/>-->
 power with respect to an optical power of said main lens surface, said main lens surface extending in an outward radial direction towards a main lens outer circumference section remote from said main optical axis, said main lens outer circumference section and said main lens surface defining an imaginary main lens outer circumference section that would have at least partially provided a main lens outer circumference together with said main lens outer circumference section in case said recessed part would have been absent; and an imaginary main lens surface section that would have been part of said main lens surface in case said recessed part would have been absent, said recess surface being recessed with respect to said imaginary main lens surface section, wherein said recessed part extends in an outward radial direction to an outer recess boundary remote from said main optical axis, said outer recess boundary extending along or beyond said imaginary main lens outer circumference section as seen in an outward radial direction. In an embodiment said outer recess boundary is at a distance from said main optical axis which is equal to or larger than a distance of said imaginary main lens outer circumference section from said main optical axis in a same radial direction. </p><p id="p0008" num="0008">In a further embodiment said imaginary main lens outer circumference section and said imaginary main lens surface are essentially defined by mirror symmetry with respect to a mirror plane comprising said main optical axis, said imaginary main lens outer circumference section and said imaginary main lens surface on one side of said mirror plane essentially coinciding with mirror images of part of said main lens outer circumference section and part of said main lens surface, respectively, on the other side of said mirror plane; and/or said imaginary main lens outer circumference section and said imaginary main lens surface are essentially defined by line symmetry with respect to said main optical axis, said imaginary main lens outer circumference section and said imaginary main lens surface on one side of said main optical axis essentially coinciding with mirror images of part of said main lens outer circumference section and part of said main lens surface, respectively, on the other side of said main optical axis. </p><p id="p0009" num="0009">The intraocular lens according to the invention was found to reduce one or more night time visual symptoms such as halos and glare or flare related to an intra ocular lens 
<!-- EPO <DP n="4"/>-->
 comprising a main lens part and a recessed part. It has been found after extensive clinical testing that for some patients, reflections and halo's occurred when implanting known IOL's. Research showed that for an MIOL as disclosed in US 6,409,339 and EP 2 219 065 A, the transition profile that is used to bridge the step height between the sector lower boundary of the recessed part is not optimal. It could result in blurred vision, reflexions, halo's and glare, in particular for persons with a large pupil size, in particular under mesopic light conditions. Especially, these patients or users can have impaired vision in some circumstances at night for instance when driving a car. These problems can be caused by a combination of light from incoming head lights and big pupil size in the dark. The optic configuration as disclosed herein provides a solution to minimize these optical side effects such as halos and glare halo's which were found to occur with big pupil size, and at the same time provide a clear vision with high contrast at near and intermediate distance. Tests showed that in low light conditions, there are persons having an extremely large pupil . For these persons, the end of the recessed part can cause disturbances. In order to overcome that problem, the inventor basically designed the three related solutions. </p><p id="p0010" num="0010">In yet a further embodiment said imaginary main lens outer circumference section is at least essentially in a first plane perpendicular to said main optical axis, and said outer recess boundary is at least essentially in a second plane perpendicular to said main optical axis, said first plane at least essentially coinciding with said second plane. </p><p id="p0011" num="0011">In yet a further embodiment said outer recess boundary at least essentially coincides with said imaginary main lens outer circumference section. </p><p id="p0012" num="0012">In yet a further embodiment said imaginary main lens outer circumference section is at least essentially in a first plane perpendicular to said main optical axis, and said outer recess boundary is at least essentially in a second plane perpendicular to said main optical axis, said first plane being at a distance from said second plane as seen in an axial direction outward of said lens. 
<!-- EPO <DP n="5"/>-->
 In yet a further embodiment said imaginary main lens outer circumference section is at a distance from said outer recess boundary as seen in an axial direction outward of said lens. In yet a further embodiment said recess surface essentially only comprises said secondary lens surface extending to said outer recess boundary. </p><p id="p0013" num="0013">In yet a further embodiment said recess surface essentially only comprises an essentially concave surface section extending along said outer recess boundary, and said secondary lens surface extending to said essentially concave surface section. In an embodiment said concave surface section extends between about 0.2 and 1.2 mm in the radial direction. </p><p id="p0014" num="0014">In yet a further embodiment said recessed part in tangential directions is bounded by meridian boundaries extending along meridians of said main lens surface passing through said main optical axis. In an embodiment said recessed part extends between 160 and 190 degrees in said tangential directions between said meridian boundaries. </p><p id="p0015" num="0015">In yet a further embodiment said main lens outer circumference at least essentially coincides with said circumference of said lens. </p><p id="p0016" num="0016">The concave region of the sagital region in one embodiment provides a region which is divergent with respect to the optical axis. Furthermore, it allows the thickness of the IOL at the edge of the lens to increase in order to provide an edge which is thick enough to give sufficient rigidity and material strength to the IOL. In the raised lens embodiment, the peripheral blending zone is avoided by raising the entire lens to such an extend that the radial end or peripheral zone of the recessed part determines the lens diameter, or the entire lens is raised even more to increase the rigidity of the IOL. In yet a further embodiment said secondary lens surface comprises at least two secondary lens surface sections neighbouring in a radial direction, an optical power of one secondary lens surface section being larger in an outward radial direction with respect to a neighbouring secondary lens surface section. 
<!-- EPO <DP n="6"/>-->
 In yet a further embodiment said lens further comprises a central lens part around said main optical axis, said central lens part fitting within a circle around said main optical axis and having a diameter between 0.1 and 2.0 mm. In an embodiment a surface of said central part is adjacent to said main lens surface, defining a main lens inner circumference section of said main lens surface, and adjacent to said recess surface, defining an inner recess boundary of said recess surface. </p><p id="p0017" num="0017">In yet a further embodiment said main lens part is configured for optimizing distance vision of a person provided with said intraocular lens. In a yet further embodiment said secondary lens part is configured for optimizing near and/or intermediate vision of a person provided with said intraocular lens. In a yet further embodiment said main lens part has an optical power between about -20 and +35 dioptre. In a yet further embodiment said secondary lens surface has a relative optical power between +0.5 and 10.0 with respect to said main lens surface. </p><p id="p0018" num="0018">In yet a further embodiment said main lens outer circumference fits within a circle around said main optical axis and having a diameter between 5 and 7 mm. In yet a further embodiment said intraocular lens comprising a posterior side for facing towards the posterior chamber of the human eye, and an anterior side for facing away from the posterior chamber when positioned in the human eye, said anterior side and/or said posterior side being configured according to any one of the previous embodiments. In the last embodiment, the lens is split and distributed over the front side and the back of the IOL. In that way, the radii of curvature of both the main lens part as well as of the recessed part can be reduced. Thus, the steepness and width of the blending zones can be reduced. The various embodiments can be combined in order to achieve even better IOL's, for instance, allowing a higher relative dioptre of the recessed part.. 
<!-- EPO <DP n="7"/>-->
 An IOL is often used in order to replace the normal eye lens, for instance in case of cataract. The main optics of the lens of the IOL is designed in such a way to provide vision which as close as possible resembles the vision of an emmetropic eye. The lens in fact is an ophthalmic lens. The lens of the IOL often is a part of an almost perfect sphere. In practise, however, the main lens part and/or the recessed part can also be designed to additionally compensate for astigmatism, spherical aberration or other higher order aberrations. To that end, the lens can additionally have a asperical, cylindrical and/or toroidal surface, or can have another optical design. Such an additional curvature of the lens makes the circumference of the lens for instance elliptic or causes it to have another non-circular circumference. For the discussion and the features of the current invention, such an "unroundness" will be considered as </p><p id="p0019" num="0019">"essentially round". In the claims and the description, it can be referred to as </p><p id="p0020" num="0020">"essentially round" or "essentially circular". In order to provide a clear definition of the diameter of a lens that can have a circumference that can also be more or less elliptic, the diameter is defined as that of "a circle in which the circumference fits". Such a circle will thus have its center at the optical axis and has the diameter of the largest cross section of the lens. </p><p id="p0021" num="0021">Again, when discussing the surfaces of the various lens parts, it is evident that these usually are almost the shape of sphere parts. Thus, when following the surface "in a radial direction", in fact the trajectory of a meridian on a sphere is followed. </p><p id="p0022" num="0022">Furthermore, it should be evident that the radially remote part of the recessed part, also referred to as its peripheral part, can also be aspheric, cylindrical or toriodal in addition to its spherical curvature. In practise, the height difference between the surface of the recessed part at the peripheral end and the radially adjacent surface of the rest of the</p><p id="p0023" num="0023">IOL may be less than 50 microns. For instance, in such a case, the surface of the central part of the recessed part can match the lens plane, while along the circumference in circumferential or tangential direction , i.e. about 60 or more degrees remote from the central part of the recessed part, the recessed part can be less than 50 microns below that lens plane. In order to provide an easy design, the main lens part can continue on the haptic. 
<!-- EPO <DP n="8"/>-->
 In fact, the surface of the recessed part at the circumference in respect to the current discussion functionally matches any further surface of the IOL, or functionally matches the lens plane, if a remaining height difference is less than 10 % of the largest height difference of the surface of the recessed part and the imaginary main lens surface at that position. In other words, at the deepest point of the recessed part. Usually, this height difference is less than 50 microns. The height difference can be below 10 microns. </p><p id="p0024" num="0024">In an embodiment said circle of said lens has a diameter of about 5-7 mm. In particular, the diameter is between 5.5 and 6.5 mm. Such a diameter is found to be a good trade off between optical performance and maximum pupil size. </p><p id="p0025" num="0025">In an embodiment said recessed part in radial direction has different dioptre value zones, in an embodiment the recessed part has a first sector closest to the optical axis having a dioptre between +1.00 en +5.00, in an embodiment between +0.5 and +10.0, relative to said main lens part, and a second sector matching said first sector and starting from between 1.5 and 2.4 mm in radial direction, in particular between 1.60 and 2.00 mm from the optical axis and continuing to the lens circumference and having a dioptre functionally the same as the dioptre of said main lens part. In another embodiment of the first embodiment of the IOL, said recessed part in radial direction has different dioptre values zones. In an embodiment, the recessed part has a first sector closest to the optical axis having a first dioptre that is larger than the dioptre of the main lens part and extending in radial direction and a further sector, matching the first sector and having a dioptre that is larger than the dioptre of the first sector. </p><p id="p0026" num="0026">In an embodiment the recessed part has a first sector with a relative dioptre of +1.00 - +4.00 with respect to the main lens part. In a further embodiment, the first sector of the recessed part has a width in radial direction of 0.1-1.5 mm. In a further embodiment, the recessed part has a second sector matching the first sector at its perimeter and which has a relative dioptre of +1.00 - +5.00, in an embodiment between +1.0 and +10.0, with respect to the main lens part. In an embodiment, the second sector has a width in radial direction of 1.2-2.6 mm. In yet a further embodiment, the recessed part has a third sector, matching the second sector at its perimeter and which has a relative dioptre 
<!-- EPO <DP n="9"/>-->
 differing less than 0.5 from the main lens part. In an embodiment, the second sector extends up to the circumference. The total recessed part in an embodiment extends between 1.5-3.5 mm from the optical axis. In another embodiment said recessed part in radial direction has different dioptre values zones, in an embodiment the recessed part has a first sector having a first dioptre that is larger than the dioptre of the main lens part and extending in radial direction and a second sector, matching the first sector and having a dioptre that is larger than the dioptre of the first sector and a further sector, matching the second sector and having a dioptre equal to the main part. It can for instance be within 0.5 Dioptre equal to the main part. </p><p id="p0027" num="0027">In an embodiment said recessed part in radial direction connects to said concave part continuously. </p><p id="p0028" num="0028">In an embodiment said recessed part in radial direction connects to said further part discontinuously. In other words, the matching surfaces match, but in radial direction the first derivative of the curvature of the surface is not continuous. Surprisingly, it was found that this does not result in visually unpleasant effects. </p><p id="p0029" num="0029">In an embodiment the surface of said main lens at said circumference is essentially in a lens plane, and in a radial direction the surface of said recessed part runs essentially up to or below said lens plane, after which a radius of curvature of the surface </p><p id="p0030" num="0030">continuously decreases, the surface subsequently becomes concave and while continuing in radial direction the surface of the recessed part approaches the lens plane again at or near the circumference. </p><p id="p0031" num="0031">In an embodiment said recessed part in radial direction has a width of about 1.6 - 3.5 mm and said concave part extends about 0.1 en 1.2 mm in radial direction. </p><p id="p0032" num="0032">In an embodiment said recessed part extends from said central part. 
<!-- EPO <DP n="10"/>-->
 In an embodiment said recessed parts each extend between said optical axis and said circumference. </p><p id="p0033" num="0033">In an embodiment said recessed part of the front and said recessed part on the back together have a relative dioptre of about +3.0 to about +12 with respect to the combined optical power of said main lens part on the front and the back of the IOL. </p><p id="p0034" num="0034">The invention further pertains to an apparatus comprising one or more of the characterising features described in the description and/or shown in the attached drawings. The invention further pertains to a method comprising one or more of the characterising features described in the description and/or shown in the attached drawings. </p><p id="p0035" num="0035">The various aspects discussed in this patent can be combined in order to provide additional advantages. Furthermore, some of the features can form the basis for one or more divisional applications. </p><p id="p0036" num="0036">Description of Embodiments with Reference to the Drawings </p><p id="p0037" num="0037">Several embodiments of a Multifocal Sector Ophthalmic Lens, (MSOL) are shown in the attached drawings, in which like or same reference symbols indicate like or same parts, showing in: Figures 1-7 several views of an MSIOL with a concave region, with </p><p id="p0038" num="0038"> Figure 1 a front view of an MSIOL with several regions of the lens hatched in different densities; </p><p id="p0039" num="0039"> Figure 2 a perspective view of the back of the MSIOL of figure 1; </p><p id="p0040" num="0040">Figure 3 a perspective view of the front side of the MSIOL of figure 1 having a part taken away, thus showing the concave part; </p><p id="p0041" num="0041"> Figure 4 a perspective view of the MSIOL of figure 1, but without a central part; </p><p id="p0042" num="0042">Figure 5 a side view of the MSIOL of figure 1; </p><p id="p0043" num="0043"> Figures 6 and 7 the cross sections of the MSIOL of figure 1 as indicated in that figure; 
<!-- EPO <DP n="11"/>-->
 Figures 8-14 several views of another embodiment of an MSIOL with raised or elevated lens, with respectively </p><p id="p0044" num="0044"> Figure 8 a front view of an MSIOL with several regions of the lens hatched in different densities, with the recessed lens part elevated with respect to a plane of the haptics; Figure 9 a perspective view of the front side of the MSIOL of figure 8, also provided with a recessed part; </p><p id="p0045" num="0045"> Figure 10 a perspective view of the back of the MSIOL of figure 8; </p><p id="p0046" num="0046">Figure 11 a perspective view of the MSIOL of figure 8, clearly showing that the lens is elevated, and having a part taken away; </p><p id="p0047" num="0047"> Figure 12 a side view of the MSIOL of figure 8, and </p><p id="p0048" num="0048"> Figures 13 and 14 the cross sections of the MSIOL of figure 8 as indicated in that figure; Figures 15-20 several views of another embodiment of an MSIOL with a concave region and a lens on both sides of the IOL, with </p><p id="p0049" num="0049"> Figure 15 a front view of an MSIOL with several regions of the lens hatched in different densities, with the lens elevated with respect to a plane of the haptics; </p><p id="p0050" num="0050"> Figure 16 a perspective view of the back of the MSIOL of figure 15, also provided with a recessed part; </p><p id="p0051" num="0051"> Figure 17 a perspective view of the front side of the MSIOL of figure 15; </p><p id="p0052" num="0052"> Figure 18 a perspective view of the side of the MSIOL of figure 15 having a part taken away, thus showing the concave part on both sides; </p><p id="p0053" num="0053"> Figure 19 a side view of the MSIOL of figure 15; </p><p id="p0054" num="0054">Figures 20 and 21 the cross sections of the MSIOL of figure 8 as indicated in that figure; </p><p id="p0055" num="0055">Figures 22-28 several views of yet another embodiment of an MSIOL with raised or elevated lens and a lens on both sides of the IOL, with </p><p id="p0056" num="0056">Figure 22 a front view of an MSIOL with several regions of the lens hatched in different densities, with the lens elevated with respect to a plane of the haptics; </p><p id="p0057" num="0057">Figure 23 a perspective view of the front side of the MSIOL of figure 22, also provided with a recessed part on the back; 
<!-- EPO <DP n="12"/>-->
 Figure 24 a perspective view of the back of the MSIOL of figure 22; </p><p id="p0058" num="0058">Figure 25 a perspective view of the MSIOL of figure 22, clearly showing that the lens is elevated, and having a part taken away; </p><p id="p0059" num="0059">Figure 26 a side view of the MSIOL of figure 22; </p><p id="p0060" num="0060">Figures 27 and 28 the cross sections of the MSIOL of figure 22 as indicated in that figure; </p><p id="p0061" num="0061">Figure 29 an schematic ray path diagram of a state of the art MSIOL of applicant, showing the effect of an earlier circumferential or partial ring shaped blending part; </p><p id="p0062" num="0062">Figures 30a-30c respectively, a cross section of an IOL according to </p><p id="p0063" num="0063">WO 2010/095938 A in figure 30a, an IOL of figure 1 in schematic cross section as indicated with line VI and showing only the front in figure 30b and an IOL of figure 8 in schematic cross section as indicated with line XXII and showing only the front in figure 30c, and </p><p id="p0064" num="0064">Figure 31 a front view of an IOL with several sectors. </p><p id="p0065" num="0065">Detailed Description of Embodiments </p><p id="p0066" num="0066">In the drawings, several embodiments of IOLs are discussed. In fact, as already explained above, these embodiments seek to avoid detrimental optical effects which result from the circumferential region of a recessed part remote from the optical axis of the lens region. This region of the lens can also be referred to as partial ring shaped region. In that respect, the lens region is the region of the intraocular lens (IOL) which is designed to project an image on the retina. In the drawings below, in fact four different designs are discussed. In all the designs, the lens region has a main lens region and a recessed lens region. This will be explained below. These designs provide different way in which the circumferential region of the recessed lens part matches the further IOL outside the lens region. 
<!-- EPO <DP n="13"/>-->
 The IOL may be constructed of rigid biocompatible materials, such as </p><p id="p0067" num="0067">polymehtylmethacrylate (PMMA), or flexible, deformable materials, such as silicones, deformable (meth) acrylic polymeric materials, hydro gels and the like which enable the optic to be rolled or folded for insertion through a small incision into the eye. Usually, the lens is made using a (turning) lathe or by moulding technology either partial or full mould. </p><p id="p0068" num="0068">With respect to the orientation and directions, the axial direction is defined to be along the optical axis, which is the optical axis of a main lens part, the radial direction is perpendicular to the optical axis and running from the optical axis in the direction of the circumference of the lens, and the tangential direction is perpendicular to the radial and axial directions. </p><p id="p0069" num="0069">In the first design, in an embodiment which is shown in figures 1-7, the surface curvature of the circumferential region is adapted. </p><p id="p0070" num="0070">In the second design, shown in an embodiment in figure 8-14, the height of the lens region as a whole is increased, in other words, the lens or lens region is elevated, in such a way that at the lens circumference, the recessed part matches the further IOL surface or can be extra raised to such an extend that it still functionally be said to match the further IOL surface. in an embodiment in figures 15-20, showing a third design when higher relative dioptres of the recessed part are required, the rear surface of the IOL is used as an additional lens region. In this design, the circumferential or outer region of the recessed part again is concave. Furthermore, the lens regions on both the front surface and the back surface are elevated. </p><p id="p0071" num="0071">In the fourth design, shown in an embodiment in figure 22-28, again for relative higher dioptre recessed parts, the rear lens surface is again used as an additional lens, and this rear surface lens also has the increased height. 
<!-- EPO <DP n="14"/>-->
 It should be clear that these four main designs all have further refinements further improving the IOLs. Furthermore, it should be clear that these designs can be combined. Figure 1 shows a front view of an IOL 1 which has a lens 3, the combined hatched or shaded parts. Lens 3 is in fact the ophthalmic lens. The lens 3 has an optical axis 5. The lens has a circumference 2, which usually is circular or almost circular. In some designs, for instance for so called toric lenses, the circumference 3 can be elliptic. It is most clearly visible in the side view and cross sections of figures 5-7 that the front surface of the haptics 9 and 9' is in one plane together with circumference 2 at the front surface side (anterior side for facing away from the posterior chamber of the human eye). In this way, the thickness of the IOL near the circumference 2 is ensured. Many of the details of the current IOL 1 are disclosed in WO 2010/095938 A, which is incorporated by reference as if fully set forth. In fact, many of the dimensions and shapes are described in this publication. </p><p id="p0072" num="0072">In the design of figure 1, the lens 3 has a main lens region 4 that is indicated with the densest hatches. The main lens region 4 is usually (commonly) used in far vision (distance vision). In most common designs, this main lens part (or its main lens surface 4') has an optical power of between -20 dioptre and about +35 dioptre. When circular, the main lens region 4 has a diameter d which usually is about 5-7 mm. The main lens part 4 extends in an outward radial direction to a main lens outer </p><p id="p0073" num="0073">circumference 4a remote from the main optical axis 5. The lens 3 further has a recessed part. This recessed part is indicated with the other two hatched parts 6 and 7. In fact, the recessed part 6, 7 has a recess surface 6', T which is below an imaginary extension 4" (shown in figures 30a, 30, and 30c) of the surface 4' of the main lens region 4. In this design the recessed part 6, 7 has a near part 6 (having recess surface 6') that is indicated with the second densest hatching. This near part 6 (or its recess surface 6') usually has a relative positive dioptre with respect to the main lens region 4 (or its main lens surface 4', respectively), and is usually used in near vision such as in reading. In case both the main lens surface 4' and the recess surface 6' are purely spherical or aspherical lens surfaces, the main lens surface 4' has a radius of 
<!-- EPO <DP n="15"/>-->
 curvature which is larger than the radius of curvature of recess surface 6. The near part 6 usually has an optical power of about +1.0 to about +5.0 with respect to the optical power of said main lens part 4. Thus, the lens region 3 in fact incorporates two optics, namely main lens part 4 and near lens part 6. They are disposed in such a way that their optical axes coincide. Thus, in this design the optical axis of near part 6 coincides with main optical axis 5 of the main lens part 4. More in general, to result in an optically acceptable design the optical axes of the main lens part and the recessed part should be within an Airy Disc circle of about 0.1 mm. The near part 6 of recessed part 6 extends a radius dR from the optical axis 5 of about 1.5 - 2.8 mm. It should be clear that the actual dimensions of the lens region and of the lens parts can also depend on the actual pupil size of a person wearing the IOL. Thus, the larger values are often used for a person that has a large pupil diameter. </p><p id="p0074" num="0074">The recessed part further has a circumferential region 7 that is indicated with the least dense hatches. This circumferential region 7 in fact matches the part of near part 6 that is remote from the optical axis 5 with the rest of the IOL 1. Thus, it can also be referred to as circumferential blending part 7 of partial ring blending part 7. It in fact can be considered as a blending part matching the near part 6 to the circumference 3 of the lens 2. It can also be referred to as the concentric peripheral blending part 7. The recessed part usually includes an angle of between 120 and 200 degrees. Thus, the circumferential region 7 extends between 120 and 200 degrees. </p><p id="p0075" num="0075">In figure 3, in the part taken away along two radial directions, the profile in radial direction of the circumferential region is illustrated. In an earlier designs of an IOL, which is for instance disclosed in WO 2010/095938 A, this circumferential region 7 in fact had for its largest part a curvature which was the same as the curvature of the main lens part 4. The surface of the near part 6 would continuously but steeply rise up to the level of the surface 4' of the main lens part 4 at that axial position, as shown in figure 30a. The lens part 7 from that axial position would then continue axially the same as the main lens part 4. The meridian or substantially radial blending zones 6c which match main lens part 4 and the recessed part 6, 7, or blend the main lens part 4 and the recessed part 6, 7, can be shaped as described in WO 2010/095938 A. 
<!-- EPO <DP n="16"/>-->
 In the current design, in contrast, the outer boundary of the near part 6 is matched to the circumference of the lens 3 in a different way. The near part 6 is continued in axial direction until it is at least at the level of the circumference of lens 3. This means that the recessed part extends in the outward radial direction to an outer boundary of the recessed part remote from the main optical axis 5 and that this outer recess boundary extends along or beyond the outer circumference of the lens 3 as seen in an outward radial direction. The outer circumference of lens 3 in the region of the recessed part may be imaginary. Such outer imaginary circumference section 4a' is better defined with respect to the main lens 4 and can be regarded as an imaginary outer cicumference section 4a' that would have at least partially provided a main lens outer circumference together with an actual outer circumference section 4a of the main lens 4 in case the recessed part would have been absent. The outer recess boundary 6a can be at a distance from main optical axis 5 which is equal to or larger than a distance of the imaginary main lens outer circumference section 4a' from main optical axis 5 in a same radial direction. </p><p id="p0076" num="0076">The recessed part 6, 7 has a recess surface that is recessed with respect to an imaginary main lens surface section 4", which would have been part of the main lens surface 4' in case the recessed part would have been absent. The imaginary main lens surface section 4" is indicated in figures 30a, 30b and 30c. Both the main lens outer circumference section 4a and the main leans surface 4' define the imaginary main lens outer circumference 4a' and the imaginary main lens surface section 4" . </p><p id="p0077" num="0077">The imaginary main lens outer circumference section 4a' and the imaginary main lens surface 4' ' may essentially be defined by mirror symmetry with respect to a mirror plane comprising the main optical axis 5. Such mirror plane can, for instance, pass through the main optical axis 5 and both markings 11 that are visible in figures 1, 3 and 4, and also in other figures, but mirror planes defined in another fashion may also apply. The imaginary main lens outer circumference section 4a' and the imaginary main lens surface 4" on one side of such mirror plane essentially coincide with mirror images of part of the main lens outer circumference section 4a and part of the main lens surface 4', respectively, on the other side of the mirror plane. 
<!-- EPO <DP n="17"/>-->
 In another or a same ambodiment, the imaginary main lens outer circumference section 4a' and the imaginary main lens surface 4" may essentially be defined by line symmetry with respect to main optical axis 5. The imaginary main lens outer circumference section 4a' and the imaginary main lens surface 4" on one side of main optical axis 5 essentially coincide with mirror images of part of said the lens outer circumference section 4a and part of the main lens surface 4', respectively, on the other side of the main optical axis. </p><p id="p0078" num="0078">In the various embodiments shown in the figures both definitions for the imaginary main lens outer circumference section 4a' and the imaginary main lens surface 4" apply. However, in other embodiments that can me envisioned, one of both definitions can apply, or the imaginary circumference section and imaginary main lens surface may be envisioned in another way. Such an embodiment could be one having a lens 3 with an elliptic circumference that would be a circumference of the main lens 4 in absence of a recessed part, and having a recessed part positioned about symmetrically on both sides of a symmetry axis of the elliptical circumference. </p><p id="p0079" num="0079">The recess surface can have a transition part that in axial direction continuously matches the curvature of the near part 6 but changes in axial direction from going downward into going upward, to circumference 6a and resulting in the concave circumferential region 7, as shown, inter alia, in figure 30b. This provides a region shaped such that it diverges light rays. In that way, light on that region will not be projected on a visual image on the fovea. In other words, for a person wearing the IOL it will not result in a visual feature or artefact in light conditions when the pupil is so large that light impinges upon the circumferential region 7 and is projected upon the fovea. </p><p id="p0080" num="0080">The IOL 1 further has haptics 9, 9' which are known in the art in will not be discussed further. A known alternative for the haptics 9, 9' are so called plate haptics. The front surface of these haptics usually coincide with the circumference of the lens 3 at that same side. 
<!-- EPO <DP n="18"/>-->
 On the main lens region 4, two markings 11 are made which can be used by an eye surgeon in order to position the IOL 1. This IOL 1 further has an indication 10 which can also be used by an eye surgeon in order to find the lower part of the IOL 1. The main lens 4 further has a central part 8 that has already been extensively discussed in WO 2010/095938 A. When light levels are such that the pupil has about the diameter of a circle enclosing of bounding the central part 8, the depth of focus will be such that most people do not need a near part 6 for instance for reading. This central part 8 usually is bounded by a circle that has a diameter of about 0.2-3 mm. More in particular, its diameter is about 0.2-2 mm. In most cases, a diameter of about 0.2 - 1.6 is sufficient. At its circumference, which is an inner circumference 4b of the main lens part 4 and an inner circumference 6b of the recessed part, the surface of central part 8 radially smoothly changes curvature to match the curvature of the main lens surface 4' or the recess surface 6', respectively. In figure 4, an example is given of an IOL without this central part 8. </p><p id="p0081" num="0081">An example of the back or rear side (or posterior side for facing towards the posterior chamber of the human eye) of the IOL 1 is shown in figure 2. In this embodiment, the design of the side is known from for instance WO 2010/095938 A, or it can have the design as described in PCT/NL 2009/050341. The features of the back of this embodiment will not be discussed further. </p><p id="p0082" num="0082">As mentioned above, in the second design, shown in an embodiment in figure 8-14, the height of the lens region as a whole is increased, in other words, the lens or lens region is elevated, in such a way that at the lens circumference, the recessed part matches the further IOL surface. What this may look like is shown in figures 8-14. Large part of the outer circumference 4a of the main lens part 4 is thus raised with respect to the outer circumference 6a of the recessed part 6. The circumference of the lens 3 is in this way no longer in one plane. </p><p id="p0083" num="0083">In an alternative embodiment of figure 8, the main lens part 4 at the position of haptic 9' continues on the haptic 9', beyond the boundary 4a of a circle which normally is the circumference 2. Such continuation (shown on dashed line hatching) is just for practical 
<!-- EPO <DP n="19"/>-->
 purposes and may or may not be a continuation of the main lens surface or just a blending region. In such alternative embodiment the imaginary main lens outer circumference section 4a' and the imaginary main lens surface 4" are defined by both mirror symmetry of a section of main lens outer boundary 4a and main lens surface to the left of line XXII-XXII in figure 8 in a mirror plane containing main optical axis 5 and both markings 11, and line symmetry of the same section of main lens outer boundary 4a and main lens surface to the left of line XXII-XXII with respect to main optical axis 5. Another design of that part of the main lens part 4 is illustrated in figure 9. There, beyond the circular circumference 4a at haptic 9', the slope of the main lens 4 is increased rapidly to match the surface of haptic 9' . In an extreme design, the main lens 4 can be ended at haptic 9' in a step to match the surface of haptic 9' . It is evident that the rapid slope part is not part of the lens. In the example of figure 9, circumference 2 is circular. </p><p id="p0084" num="0084">The design of such an IOL 1 usually takes the following steps. First, the required dioptre of the main lens part 4 and the recessed part 6 are determined. Thus, the radius of curvature of surfaces of both parts is determined. Next, the diameter of the central part 8 is determined. Subsequently, the required lens diameter is determined. Next, the lens height in axial direction will be determined in such a way that the outer recess boundary 6a of the steepest part of the recessed part 6 crosses a first lens plane at the required diameter. As the main lens part 4 has a larger radius of curvature than the recessed part, it means that at the required diameter, outer circumference section 4a of the main lens 4 will be in a second lens plane remote from the first plane. </p><p id="p0085" num="0085">The design shown in figures 15-21 relates to an IOL which has the circumferential region of the design of figures 1-7. In this particular design, additionally, the back of the IOL is also provided with a lens region. In particular in figure 17, the reverse side or back of the IOL of figures 15 and 16 is shown. In this particular design, the lens region on the back of the IOL is a mirror copy of the lens on the front side. In this way, the dioptre and other optical properties of the lenses can in fact be divided over two lens surfaces. In particular for higher required dioptres, it is possible to keep the 
<!-- EPO <DP n="20"/>-->
 dimensions of the lens within the design possibilities. Furthermore, when dividing the optical properties, the various blending parts which are needed for blending the main lens part 4 and the recessed parts can be less steep, or alternatively their width can be reduced. In fact, in such a design the sum of the recessed part on the front and on the back of the lens can have a relative dioptre with respect to the sum of both main lens parts of about +6.0 or more. </p><p id="p0086" num="0086">In the design of figures 22-28, the designs of figures 8-14 and of figures 15-21 are combined. In fact, in this embodiment there is a lens region on the front and the back of the IOL. Furthermore, each of the lens regions has a main lens part 4 and a recessed part 6 that has the same design as in figures 8-14. In particular when higher dioptres of the various lens parts are required, or larges differences between parts of the lens region are required, this has advantages. Figure 26 shows that main lens outer cicumference section 4a and therefore imaginary main lens outer circumference section 4a' is in a first plane A, and that outer recess boundary 6a is in a second plane B. First plane A is located at a distance dAB from second plane B in an axial direction outward of the lens. </p><p id="p0087" num="0087">In figure 29, the problem which arises with the design of the circumferential region which was shown in WO 2010/095938 A is illustrated. The design is for instance shown in figure 7 of that publication. In that design, the main lens continues at the radial end of the recessed part. Thus, a blending zone is requires in such a design. </p><p id="p0088" num="0088">In the schematic drawing of figure 29, and IOL has a main lens part with focus Fl and a recessed near part with focus F2. It was found that the blending zone as well as the additional main lens part results in several additional foci, indicated with F3 and F3'. These additional foci can result in additional, unwanted light spots on the fovea: In the schematic drawing, the light rays stop at their respective foci F3 and F3' . In real live, however, these rays result in one or more blurred spots at positions on the fovea next to a real image. </p><p id="p0089" num="0089">The IOL of the current invention can be produced using machining, in a way already described in WO 2010/095938 A. This part should therefore be considered to be cited by reference as if incorporated in this description. 
<!-- EPO <DP n="21"/>-->
 Two embodiments of the invention are further explained in figures 30b and 30c in comparison with the prior art IOL of WO 2010/095938 A in figure 30a. In these drawings, the lens plan is indicated with ZL PL (Z-level Plane). Rmn is the radius of curvature of the main lens region, Rrec is the radius of curvature of the recessed part. Furthermore, radial direction RA and axial direction AX are indicated. Rls is the radius of the lens. In figures 30a-30c, the recessed part 6 has a radius of curvature that is smaller than the radius of curvature of the main lens region 4. The small line part close to reference number 8, indicating the central part, is the end of the central part. When starting from optical axis 5, up to that position the surface has the radius of curvature Rmn. In the state of the art design of figure 30a, the recessed part 6 continuously fits a blending zone BLD and continuous fits an outer part that has the radius of curvature of the main lens part, the outer part. The stripes line indicates the continuation of the main lens surface 4' and represents imaginary main lens surface 4". It was found that when a pupil is very large, some light from parallel incoming light on the cornea and passing the pupil can impinge on this outer part. This light will be projected in the focal plane of the main lens part, but a little offset with respect to the optical axis. This results in blur or artefacts. In figure 30b, the recess surface 6' of recessed part in radial direction ends at about plane B. After that radial position, the surface continuous in a continuous, smooth way to get back to plane B, which contains outer recess boundary 6a.. Thus, a part indicated SR will be concave. When the some light from the collimated beam impinges on that IOL part, it will diverge away from the optical axis 5. Main lens outer circumference section 4a is within a plane A, planes A and B coinciding in figure 30b. Imaginary main lens outer circumference 4a' and outer recess boundary 6a (essentially) coincide in figure 30b. Figure 20 also shows planes A and B coinciding for the embodiment shown in figures 15-21. Furthermore, the embodiment of figures 15-21 has planes A and B on the anterior side of the IOL and planes A and B on the posterior side of the lens. </p><p id="p0090" num="0090">In the embodiment of figure 30c the main lens part is raised in axial direction to such an extent that the recessed part ends at plane B radially at the steepest part of recess 
<!-- EPO <DP n="22"/>-->
 surface 6'having the smallest Rrec. In this case, the circumference of the main lens part is essentially in plane A that is axially a distance dAB away from, or above, plane B. In some specific embodiments, for instance like in figures 8 and 11, part of the main lens is continued for instance on a haptic 9' . In another specific embodiment, shown in figure 9, at the circumference a transition zone is created. At this transition zone, the height rapidly decrease to plane B when going in radial direction. </p><p id="p0091" num="0091">In figure 31 a front view of an IOL with a recessed part with several sectors is shown. The IOL has a lens 3 with circumference 2. The IOL has a main lens part 4 with a central part 8. The central part usually has a width dl of about 0.1-0.6 mm as explained above. In this embodiment, the recessed part is hatched and has several sectors, each having a different type of shade. Closest to the central part is a first sector. This sector usually has a dioptre which is between +1.0-+5.0 dioptre with respect to the optical power of the main lens part 4. This sector extend a width d2 of 0.1-1.0 mm from the central part in radial direction. The surfaces of the central part and the first sector match, but the surfaces do not need to match continuously. The surface of the second sector matches the first sector. It has a dioptre of about +1.00 - +5.00 Dioptre with respect to the main lens part 4. It has a width d3 of 0.2 to 1.6 mm. The recessed part has a third sector that extends a width d4 of 0.2 - 1.50 mm. It has a relative dioptre of between -1.00 -+1.00 dioptre with respect to the main lens part 4. In one design, the different values were selected: </p><p id="p0092" num="0092"> Lens diameter = 6 mm </p><p id="p0093" num="0093">Example 1 Example 2 Example 3 Example 4 </p><p id="p0094" num="0094"> Width Dioptre Width Dioptre Width Dioptre Width Dioptre dl 0.35 0.15 0.50 0.30 </p><p id="p0095" num="0095">d2 0.25 +1.00 0.50 +2.25 0.30 +3.50 0.80 +3.50 </p><p id="p0096" num="0096">+2.25 +2.50 </p><p id="p0097" num="0097">d3 1.20 +3.0 1.20 +3.5 1.00 +2.25 0.90 +1.75 </p><p id="p0098" num="0098">d4 1.20 Main- 1.15 -1.0- 1.20 main 1.00 main </p><p id="p0099" num="0099"> +0.50 main 
<!-- EPO <DP n="23"/>-->
 Example 5 </p><p id="p0100" num="0100"> Width Dioptre </p><p id="p0101" num="0101"> dl 0.30 </p><p id="p0102" num="0102"> d2 0.70 +3.0 </p><p id="p0103" num="0103"> d3 1.20 +2.25 </p><p id="p0104" num="0104"> d4 0.80 Main- +1.00 </p><p id="p0105" num="0105">In another example of an IOL, the IOL has a lens 3 with circumference 2. The IOL has a main lens part 4 with a central part 8. The central part usually has a width dl of about 0.1-0.6 mm as explained above. In this embodiment, the recessed part has two sectors. Closest to the central part is a first sector. This sector usually has a dioptre which is between +1.0-+5.0 dioptre with respect to the optical power of the main lens part 4. This sector extend a width d2 of 0.1-2.4 mm from the central part in radial direction. The surfaces of the central part and the first sector match, but the surfaces do not need to match continuously. It has a relative dioptre of between -1.00 -+1.00 dioptre with respect to the main lens part 4. In one design, the different values were selected: </p><p id="p0106" num="0106"> Lensdiameter = 6 mm </p><p id="p0107" num="0107"><img id="imgf000023_0001" he="45" wi="131" file="imgf000023_0001.tif" img-format="tif" img-content="table" orientation="portrait" inline="no"/></p><p id="p0108" num="0108">In the designs presented, one of the objectives is to avoid optical problems of the end of the recessed part. Another objective is to provide the recessed part in such a way that the thickness of the IOL at the recessed part remains at least 0.20 mm. </p><p id="p0109" num="0109">It will also be clear that the above description and drawings are included to illustrate some embodiments of the invention, and not to limit the scope of protection. Starting from this disclosure, many more embodiments will be evident to a skilled person which 
<!-- EPO <DP n="24"/>-->
 are within the scope of protection and the essence of this invention and which are obvious combinations of prior art techniques and the disclosure of this patent. 
</p></description><claims mxw-id="PCLM44851988" ref-ucid="WO-2012118371-A1" lang="EN" load-source="patent-office"><claim-statement><!-- EPO <DP n="25"/>-->Claims </claim-statement><claim id="clm-0001" num="1"><claim-text>1. An intraocular lens (1) having a lens (3) comprising: </claim-text><claim-text> - a main lens part (4) having a main lens surface (4') and a main optical axis (5) defining radial, tangential and axial directions; and </claim-text><claim-text> - a recessed part (6, 7) having a recess surface (6', 7') and extending between said main optical axis (5) and a circumference (2) of said lens (3), said recessed part (6, 7) comprising a secondary lens part (6) with a secondary lens surface (6') having a positive relative optical power with respect to an optical power of said main lens surface (4'), </claim-text><claim-text> said main lens surface extending in an outward radial direction towards a main lens outer circumference section (4a) remote from said main optical axis (5), </claim-text><claim-text> said main lens outer circumference section (4a) and said main lens surface (4') defining: </claim-text><claim-text> - an imaginary main lens outer circumference section (4a') that would have at least partially provided a main lens outer circumference together with said main lens outer circumference section (4a) in case said recessed part (6, 7) would have been absent; and </claim-text><claim-text> - an imaginary main lens surface section (4") that would have been part of said main lens surface (4') in case said recessed part (6, 7) would have been absent, said recess surface (6', 7') being recessed with respect to said imaginary main lens surface section (4"), </claim-text><claim-text> wherein said recessed part (6, 7) extends in an outward radial direction to an outer recess boundary (6a) remote from said main optical axis (5), said outer recess boundary (6a) extending along or beyond said imaginary main lens outer circumference section (4a') as seen in an outward radial direction. </claim-text></claim><claim id="clm-0002" num="2"><claim-text>2. The intraocular lens according to claim 1, wherein said outer recess </claim-text><claim-text>boundary (6a) is at a distance from said main optical axis (5) which is equal to or larger than a distance of said imaginary main lens outer circumference section from said main optical axis (5) in a same radial direction. <!-- EPO <DP n="26"/>--> </claim-text></claim><claim id="clm-0003" num="3"><claim-text>3. The intraocular lens according to claim 1 or 2, wherein said imaginary main lens outer circumference section (4a') and said imaginary main lens surface (4") are essentially defined by mirror symmetry with respect to a mirror plane comprising said main optical axis (5), said imaginary main lens outer circumference section (4a') and said imaginary main lens surface (4") on one side of said mirror plane essentially coinciding with mirror images of part of said main lens outer circumference </claim-text><claim-text>section (4a) and part of said main lens surface (4'), respectively, on the other side of said mirror plane; and/or said imaginary main lens outer circumference section (4a') and said imaginary main lens surface (4") are essentially defined by line symmetry with respect to said main optical axis (5), said imaginary main lens outer circumference section (4a') and said imaginary main lens surface (4") on one side of said main optical axis (5) essentially coinciding with mirror images of part of said main lens outer circumference section (4a) and part of said main lens surface (4'), respectively, on the other side of said main optical axis (5). </claim-text></claim><claim id="clm-0004" num="4"><claim-text>4. The intraocular lens according to claim 1, 2 or 3, wherein said imaginary main lens outer circumference section (4a') is at least essentially in a first plane (A) perpendicular to said main optical axis (5), and said outer recess boundary (6a) is at least essentially in a second plane (B) perpendicular to said main optical axis (5), said first plane (A) at least essentially coinciding with said second plane (B). </claim-text></claim><claim id="clm-0005" num="5"><claim-text>5. The intraocular lens according to claim 1, 2, 3 or 4, wherein said outer recess boundary (6a) at least essentially coincides with said imaginary main lens outer circumference section (4a'). </claim-text></claim><claim id="clm-0006" num="6"><claim-text>6. The intraocular lens according to claim 1, 2 or 3, wherein said imaginary main lens outer circumference section (4a') is at least essentially in a first plane (A) perpendicular to said main optical axis (5), and said outer recess boundary (6a) is at least essentially in a second plane (B) perpendicular to said main optical axis (5), said first plane (A) being at a distance (dAB) from said second plane (B) as seen in an axial direction outward of said lens (3). <!-- EPO <DP n="27"/>--> </claim-text></claim><claim id="clm-0007" num="7"><claim-text>7. The intraocular lens according to claim 1, 2, 3 or 6, wherein said imaginary main lens outer circumference section (4a') is at a distance from said outer recess boundary (6a) as seen in an axial direction outward of said lens (3). </claim-text></claim><claim id="clm-0008" num="8"><claim-text>8. The intraocular lens according to any one of claims 1 to 7, wherein said recess surface (6') essentially only comprises said secondary lens surface (6') extending to said outer recess boundary (6a). </claim-text></claim><claim id="clm-0009" num="9"><claim-text>9. The intraocular lens according to any one of claims 1 to 7, wherein said recess surface (6', 7') essentially only comprises an essentially concave surface section (7') extending along said outer recess boundary (6a), and said secondary lens surface (6') extending to said essentially concave surface section (7'). </claim-text></claim><claim id="clm-0010" num="10"><claim-text>10. The intraocular lens according to the preceding claim, wherein said concave surface section (7') extends between about 0.2 and 1.2 mm in the radial direction. </claim-text></claim><claim id="clm-0011" num="11"><claim-text>11. The intraocular lens according to any one of the preceding claims, wherein said recessed part (6, 7) in tangential directions is bounded by meridian boundaries (6c) extending along meridians of said main lens surface (4') passing through said main optical axis (5). </claim-text></claim><claim id="clm-0012" num="12"><claim-text>12. The intraocular lens according to the preceding claim, wherein said recessed part (6, 7) extends between 160 and 190 degrees in said tangential directions between said meridian boundaries (6c). </claim-text></claim><claim id="clm-0013" num="13"><claim-text>13. The intraocular lens according to any one of the preceding claims, wherein said main lens outer circumference at least essentially coincides with said circumference (2) of said lens (3). </claim-text></claim><claim id="clm-0014" num="14"><claim-text>14. The intraocular lens according to any one of the preceding claims, wherein said secondary lens surface (6') comprises at least two secondary lens surface sections neighbouring in a radial direction, an optical power of one secondary lens surface section being larger in an outward radial direction with respect to a neighbouring <!-- EPO <DP n="28"/>--> secondary lens surface section. </claim-text></claim><claim id="clm-0015" num="15"><claim-text>15. The intraocular lens according to any one of the preceding claims, wherein said lens (3) further comprises a central lens part (8) around said main optical axis (5), said central lens part (8) fitting within a circle around said main optical axis (5) and having a diameter between 0.1 and 2.0 mm. </claim-text></claim><claim id="clm-0016" num="16"><claim-text>16. The intraocular lens according to the preceding claim, wherein a surface of said central part (8) is adjacent to said main lens surface (4'), defining a main lens inner circumference section (4b) of said main lens surface (4'), and adjacent to said recess surface (6'), defining an inner recess boundary (6b) of said recess surface (6', 7'). </claim-text></claim><claim id="clm-0017" num="17"><claim-text>17. The intraocular lens according to any one of the preceding claims, wherein said main lens part (4) is configured for optimizing distance vision of a person provided with said intraocular lens (1). </claim-text></claim><claim id="clm-0018" num="18"><claim-text>18. The intraocular lens according to any one of the preceding claims, wherein said secondary lens part (6) is configured for optimizing near and/or intermediate vision of a person provided with said intraocular lens (1). </claim-text></claim><claim id="clm-0019" num="19"><claim-text>19. The intraocular lens according to any one of the preceding claims, wherein said main lens part (4) has an optical power between about -20 and +35 dioptre. </claim-text></claim><claim id="clm-0020" num="20"><claim-text>20. The intraocular lens according to any one of the preceding claims, wherein said secondary lens part (6) has a relative optical power between +0.5 and 10.0 with respect to said main lens part (4). </claim-text></claim><claim id="clm-0021" num="21"><claim-text>21. The intraocular lens according to any one of the preceding claims, wherein said main lens outer circumference (4a, 4a') fits within a circle around said main optical axis (5) and having a diameter between 5 and 7 mm. </claim-text></claim><claim id="clm-0022" num="22"><claim-text>22. An intraocular lens comprising a posterior side for facing towards the posterior chamber of the human eye, and an anterior side for facing away from the posterior <!-- EPO <DP n="29"/>--> chamber when positioned in the human eye, said anterior side being configured according to any one of the preceding claims. </claim-text></claim><claim id="clm-0023" num="23"><claim-text>23. An intraocular lens comprising a posterior side for facing towards the posterior chamber of the human eye, and an anterior side for facing away from the posterior chamber when positioned in the human eye, said posterior side being configured according to any one of the preceding claims. </claim-text></claim></claims><copyright>User acknowledges that Fairview Research LLC and its third party providers retain all right, title and interest in and to this xml under applicable copyright laws.  User acquires no ownership rights to this xml including but not limited to its format.  User hereby accepts the terms and conditions of the Licence Agreement</copyright></patent-document>
