<?xml version="1.0" encoding="UTF-8"?>
<patent-document ucid="EP-2678227-A1" country="EP" doc-number="2678227" kind="A1" date="20140101" family-id="45569608" file-reference-id="318300" date-produced="20180826" status="corrected" lang="DE"><bibliographic-data><publication-reference fvid="146551318" ucid="EP-2678227-A1"><document-id><country>EP</country><doc-number>2678227</doc-number><kind>A1</kind><date>20140101</date><lang>DE</lang></document-id></publication-reference><application-reference ucid="EP-12703044-A" is-representative="NO"><document-id mxw-id="PAPP154825241" load-source="docdb" format="epo"><country>EP</country><doc-number>12703044</doc-number><kind>A</kind><date>20120131</date><lang>DE</lang></document-id><document-id mxw-id="PAPP220438370" load-source="docdb" format="original"><country>EP</country><doc-number>12703044.3</doc-number><date>20120131</date></document-id></application-reference><priority-claims><priority-claim mxw-id="PPC140452312" ucid="DE-102011004474-A" load-source="docdb"><document-id format="epo"><country>DE</country><doc-number>102011004474</doc-number><kind>A</kind><date>20110221</date></document-id></priority-claim><priority-claim mxw-id="PPC140452519" ucid="EP-2012051583-W" linkage-type="W" load-source="docdb"><document-id format="epo"><country>EP</country><doc-number>2012051583</doc-number><kind>W</kind><date>20120131</date></document-id></priority-claim></priority-claims><technical-data><classifications-ipcr><classification-ipcr mxw-id="PCL1988111802" load-source="docdb">B65B  63/02        20060101ALI20120914BHEP        </classification-ipcr><classification-ipcr mxw-id="PCL1988113801" load-source="docdb">B65B  35/40        20060101ALI20120914BHEP        </classification-ipcr><classification-ipcr mxw-id="PCL1988128356" load-source="docdb">B65B  35/20        20060101ALI20120914BHEP        </classification-ipcr><classification-ipcr mxw-id="PCL1988134480" load-source="docdb">B65B   5/06        20060101AFI20120914BHEP        </classification-ipcr></classifications-ipcr><classifications-cpc><classification-cpc mxw-id="PCL1988095589" load-source="docdb" scheme="CPC">B65B  63/02        20130101 LI20131203BHEP        </classification-cpc><classification-cpc mxw-id="PCL1988125305" load-source="docdb" scheme="CPC">B65B   5/06        20130101 FI20131214BHEP        </classification-cpc><classification-cpc mxw-id="PCL1988125361" load-source="docdb" scheme="CPC">B65B  35/405       20130101 LI20131214BHEP        </classification-cpc></classifications-cpc><invention-title mxw-id="PT132186438" lang="DE" load-source="patent-office">VORRICHTUNG UND VERFAHREN ZUM VERPACKEN VON GEGENSTÄNDEN</invention-title><invention-title mxw-id="PT132186439" lang="EN" load-source="patent-office">DEVICE AND METHOD FOR PACKAGING ARTICLES</invention-title><invention-title mxw-id="PT132186440" lang="FR" load-source="patent-office">DISPOSITIF ET PROCÉDÉ D'EMBALLAGE D'OBJETS</invention-title><citations><non-patent-citations><nplcit><text>See references of WO 2012113614A1</text><sources><source mxw-id="PNPL67451941" load-source="docdb" name="SEA"/></sources></nplcit></non-patent-citations></citations></technical-data><parties><applicants><applicant mxw-id="PPAR918153366" load-source="docdb" sequence="1" format="epo"><addressbook><last-name>BOSCH GMBH ROBERT</last-name><address><country>DE</country></address></addressbook></applicant><applicant mxw-id="PPAR918162470" load-source="docdb" sequence="1" format="intermediate"><addressbook><last-name>ROBERT BOSCH GMBH</last-name></addressbook></applicant><applicant mxw-id="PPAR918986573" load-source="patent-office" sequence="1" format="original"><addressbook><last-name>Robert Bosch GmbH</last-name><iid>101244499</iid><address><street>Postfach 30 02 20</street><city>70442 Stuttgart</city><country>DE</country></address></addressbook></applicant></applicants><inventors><inventor mxw-id="PPAR918142646" load-source="docdb" sequence="1" format="epo"><addressbook><last-name>RAPP REINHARD</last-name><address><country>DE</country></address></addressbook></inventor><inventor mxw-id="PPAR918132444" load-source="docdb" sequence="1" format="intermediate"><addressbook><last-name>RAPP, REINHARD</last-name></addressbook></inventor><inventor mxw-id="PPAR918985502" load-source="patent-office" sequence="1" format="original"><addressbook><last-name>RAPP, REINHARD</last-name><address><street>Zum Lauchwald 30</street><city>70563 Stuttgart</city><country>DE</country></address></addressbook></inventor><inventor mxw-id="PPAR918152004" load-source="docdb" sequence="2" format="epo"><addressbook><last-name>BAUER UWE</last-name><address><country>DE</country></address></addressbook></inventor><inventor mxw-id="PPAR918160013" load-source="docdb" sequence="2" format="intermediate"><addressbook><last-name>BAUER, UWE</last-name></addressbook></inventor><inventor mxw-id="PPAR918986281" load-source="patent-office" sequence="2" format="original"><addressbook><last-name>BAUER, UWE</last-name><address><street>Enzianweg 20</street><city>71384 Weinstadt</city><country>DE</country></address></addressbook></inventor></inventors></parties><international-convention-data><pct-or-regional-filing-data ucid="EP-2012051583-W"><document-id><country>EP</country><doc-number>2012051583</doc-number><kind>W</kind><date>20120131</date><lang>DE</lang></document-id></pct-or-regional-filing-data><pct-or-regional-publishing-data ucid="WO-2012113614-A1"><document-id><country>WO</country><doc-number>2012113614</doc-number><kind>A1</kind><date>20120830</date><lang>DE</lang></document-id></pct-or-regional-publishing-data><designated-states><ep-contracting-states><country mxw-id="DS548927376" load-source="docdb">AL</country><country mxw-id="DS548816284" load-source="docdb">AT</country><country mxw-id="DS548927377" load-source="docdb">BE</country><country mxw-id="DS548931629" load-source="docdb">BG</country><country mxw-id="DS548866043" load-source="docdb">CH</country><country mxw-id="DS548935040" load-source="docdb">CY</country><country mxw-id="DS548816285" load-source="docdb">CZ</country><country mxw-id="DS548837685" load-source="docdb">DE</country><country mxw-id="DS548927378" load-source="docdb">DK</country><country mxw-id="DS548935041" load-source="docdb">EE</country><country mxw-id="DS548930001" load-source="docdb">ES</country><country mxw-id="DS548931630" load-source="docdb">FI</country><country mxw-id="DS548931631" load-source="docdb">FR</country><country mxw-id="DS548837686" load-source="docdb">GB</country><country mxw-id="DS548927379" load-source="docdb">GR</country><country mxw-id="DS548927380" load-source="docdb">HR</country><country mxw-id="DS548935098" load-source="docdb">HU</country><country mxw-id="DS548866044" load-source="docdb">IE</country><country mxw-id="DS548927381" load-source="docdb">IS</country><country mxw-id="DS548931632" load-source="docdb">IT</country><country mxw-id="DS548935099" load-source="docdb">LI</country><country mxw-id="DS548837687" load-source="docdb">LT</country><country mxw-id="DS548816286" load-source="docdb">LU</country><country mxw-id="DS548837688" load-source="docdb">LV</country><country mxw-id="DS548837689" load-source="docdb">MC</country><country mxw-id="DS548914633" load-source="docdb">MK</country><country mxw-id="DS548915114" load-source="docdb">MT</country><country mxw-id="DS548927382" load-source="docdb">NL</country><country mxw-id="DS548931633" load-source="docdb">NO</country><country mxw-id="DS548927383" load-source="docdb">PL</country><country mxw-id="DS548931634" load-source="docdb">PT</country><country mxw-id="DS548927384" load-source="docdb">RO</country><country mxw-id="DS548931635" load-source="docdb">RS</country><country mxw-id="DS548927385" load-source="docdb">SE</country><country mxw-id="DS548866045" load-source="docdb">SI</country><country mxw-id="DS548837690" load-source="docdb">SK</country><country mxw-id="DS548837691" load-source="docdb">SM</country><country mxw-id="DS548935100" load-source="docdb">TR</country></ep-contracting-states></designated-states></international-convention-data><office-specific-data><eptags><ep-no-a-document-published>*</ep-no-a-document-published></eptags></office-specific-data></bibliographic-data><abstract mxw-id="PA99625968" ref-ucid="WO-2012113614-A1" lang="DE" load-source="patent-office"><p num="0000">Es werden eine Vorrichtung und ein Verfahren zum Verpacken von Gegenständen (14) vorgeschlagen, wobei die Vorrichtung folgendes umfasst: zumindest eine Einschubeinrichtung (30), die zu verpackenden Gegenstände (14) in eine Faltschachtel (28) überführt, zumindest ein Transportmittel (16), das mehrere zu verpackenden Gegenstände (14) in Form eines Stapels in zumindest einem Packgutbecher (12) in den Erfassungsbereich der Einschubeinrichtung (30) transportiert, wobei eine Ausrichteinheit (20) vorgesehen ist, die zur Stabilisierung des Stapels auf die in dem Packgutbecher (12) liegenden Gegenstände (14) einwirkt, bevor diese in den Erfassungsbereich der Einschubeinrichtung (30) gelangen.</p></abstract><abstract mxw-id="PA99824487" ref-ucid="WO-2012113614-A1" lang="DE" source="national office" load-source="docdb"><p>Es werden eine Vorrichtung und ein Verfahren zum Verpacken von Gegenständen (14) vorgeschlagen, wobei die Vorrichtung folgendes umfasst: zumindest eine Einschubeinrichtung (30), die zu verpackenden Gegenstände (14) in eine Faltschachtel (28) überführt, zumindest ein Transportmittel (16), das mehrere zu verpackenden Gegenstände (14) in Form eines Stapels in zumindest einem Packgutbecher (12) in den Erfassungsbereich der Einschubeinrichtung (30) transportiert, wobei eine Ausrichteinheit (20) vorgesehen ist, die zur Stabilisierung des Stapels auf die in dem Packgutbecher (12) liegenden Gegenstände (14) einwirkt, bevor diese in den Erfassungsbereich der Einschubeinrichtung (30) gelangen.</p></abstract><abstract mxw-id="PA99625969" ref-ucid="WO-2012113614-A1" lang="EN" load-source="patent-office"><p num="0000">A device and a method for packaging articles (14) are proposed, wherein the device comprises the following: at least one insertion device (30) which transfers articles (14) to be packaged into a folded box (28), at least one transport means (16) which transports a plurality of articles (14) to be packaged in the form of a stack in at least one packaging material bowl (12) into the gripping region of the insertion device (30), wherein an aligning unit (20) is provided which, in order to stabilize the stack, acts on the articles (14) which lies in the packaging material bowl (12), before said articles (14) pass into the gripping region of the insertion device (30).</p></abstract><abstract mxw-id="PA99824488" ref-ucid="WO-2012113614-A1" lang="EN" source="national office" load-source="docdb"><p>A device and a method for packaging articles (14) are proposed, wherein the device comprises the following: at least one insertion device (30) which transfers articles (14) to be packaged into a folded box (28), at least one transport means (16) which transports a plurality of articles (14) to be packaged in the form of a stack in at least one packaging material bowl (12) into the gripping region of the insertion device (30), wherein an aligning unit (20) is provided which, in order to stabilize the stack, acts on the articles (14) which lies in the packaging material bowl (12), before said articles (14) pass into the gripping region of the insertion device (30).</p></abstract><abstract mxw-id="PA99625970" ref-ucid="WO-2012113614-A1" lang="FR" load-source="patent-office"><p num="0000">L'invention concerne un dispositif et un procédé d'emballage d'objets (14), ledit dispositif comprenant : au moins un dispositif d'introduction (30) qui transfère les objets à emballer (14) dans une boîte pliante (28), au moins un moyen de transport (16) qui transporte plusieurs objets à emballer (14) sous la forme d'un empilement dans au moins un bac de produits à emballer (12) vers la zone de détection du dispositif d'introduction (30), ainsi qu'une unité d'alignement (20) agissant sur les objets (14) se trouvant dans le bac de produits à emballer (12) pour stabiliser l'empilement avant que lesdits objets n'atteignent la zone de détection du dispositif d'introduction (30).</p></abstract><abstract mxw-id="PA99824489" ref-ucid="WO-2012113614-A1" lang="FR" source="national office" load-source="docdb"><p>L'invention concerne un dispositif et un procédé d'emballage d'objets (14), ledit dispositif comprenant : au moins un dispositif d'introduction (30) qui transfère les objets à emballer (14) dans une boîte pliante (28), au moins un moyen de transport (16) qui transporte plusieurs objets à emballer (14) sous la forme d'un empilement dans au moins un bac de produits à emballer (12) vers la zone de détection du dispositif d'introduction (30), ainsi qu'une unité d'alignement (20) agissant sur les objets (14) se trouvant dans le bac de produits à emballer (12) pour stabiliser l'empilement avant que lesdits objets n'atteignent la zone de détection du dispositif d'introduction (30).</p></abstract><description mxw-id="PDES50931459" ref-ucid="WO-2012113614-A1" lang="DE" load-source="patent-office"><!-- EPO <DP n="3"/>--><p id="p0001" num="0001"> Beschreibung Titel </p><p id="p0002" num="0002"> Vorrichtung und Verfahren zum Verpacken von Gegenständen Stand der Technik </p><p id="p0003" num="0003">Die Erfindung geht aus von einer Vorrichtung und einem Verfahren zum Verpacken von Gegenständen nach der Gattung der unabhängigen Ansprüche. Aus der DE 10 2007 049 703 AI ist bereits eine Formschulter zum Formen eines</p><p id="p0004" num="0004">Folienschlauchs bekannt. Über diese Vorrichtung können längliche, schmale Schlauchbeutel, sogenannte Stick-Beutel mehrbahnig mit hoher Leistung hergestellt werden. Aus der DE 10 2006 049 828 AI ist bereits eine Vorrichtung zum Verpacken von</p><p id="p0005" num="0005">Gegenständen, insbesondere Blisterstreifen bekannt. Eine Zufuhreinrichtung führt zu verpackende Gegenstände zu. Eine Mehrzugeinrichtung weist eine Vielzahl von Bechern auf, wobei jeder Zug einen eigenen separaten Antrieb besitzt. Eine Übergabeeinrichtung ist vorgesehen zur Übergabe der Gegenstände von der Zufuhreinrichtung auf die Mehrzugeinrichtung. Diese Vorrichtung eignet sich insbesondere zur Verpackung von flächig ausgeführten Blisterstreifen in Faltschachteln. </p><p id="p0006" num="0006">Es ist Aufgabe der vorliegenden Erfindung, insbesondere sogenannte Stick- Verpackungen besonders schnell und zuverlässig in Faltschachteln zu verpacken. Diese Aufgabe wird gelöst durch die Merkmale der unabhängigen Ansprüche. </p><p id="p0007" num="0007">Offenbarung der Erfindung 
<!-- EPO <DP n="4"/>-->
 Vorteile der Erfindung </p><p id="p0008" num="0008">Durch die erfindungsgemäße Vorrichtung und das erfindungsgemäße Verfahren zum Verpacken von Gegenständen gemäß den Merkmalen der unabhängigen Ansprüche wird es möglich, durch die gezielte Ausrichtung der zu verpackenden Gegenstände ein sicheres Überführen aus dem Packgutbecher in die Faltschachtel zu ermöglichen. Diese eignen sich gerade für sogenannte Stick- Verpackungen, das sind längliche Schlauchbeutel, die beispielsweise mit pulver- förmigem Füllgut befüllt sind und so unter Umständen eine relativ ungleichmäßige Befüllung und dadurch Instabilität im gestapelten Zustand aufweisen können. Durch die erfindungsgemäß vorgesehene Ausrichteinheit wird eine Schwerpunktverlagerung des Stapels der zu verpackenden Gegenstände, insbesondere der Stick-Verpackungen, erreicht, so dass der Stapel sich in Richtung einer schrägen Seitenführung gemäß einer zweckmäßigen Weiterführung stabilisiert. </p><p id="p0009" num="0009">In einer zweckmäßigen Weiterbildung richtet die Ausrichteinheit zur Stabilisierung des Stapels die Enden der in einem Packgutbecher liegenden Gegenstände so aus, dass der Stapel gegenüber der Vertikalen geneigt ist. Durch diese gezielte Schwerpunktverlagerung und anschließende Abstützung kann der Stapel auch beim Weitertransport in den Erfassungsbereich der Einschubeinrichtung stabilisiert und anschließend leichter in die Faltschachtel eingeführt werden. </p><p id="p0010" num="0010">In einer zweckmäßigen Weiterbildung ist vorgesehen, dass die Ausrichteinheit die Gegenstände gegen die schräge Seitenführung drückt. Weiterhin übernimmt die Seitenführung die Stabilisierung des nun ausgerichteten Stapels der zu verpackenden Gegenstände zum Weitertransport in den Erfassungsbereich der Einschubeinrichtung. </p><p id="p0011" num="0011">In einer zweckmäßigen Weiterbildung weist die Ausrichteinheit einen Schwenkmechanismus auf, der eine Seitenplatte senkrecht zur Transportrichtung des Transportmittels bewegt. Dieser Mechanismus kann in besonders einfacher Weise auf die Stirnseiten der zu verpackenden Gegenständen einwirken, ohne das Transportmittel zu blockieren. 
<!-- EPO <DP n="5"/>-->
 In einer zweckmäßigen Weiterbildung sind Mittel zum Schrägstellen der Faltschachtel vorgesehen. Die Neigung der Faltschachtel verhindert den Verlust der Stapelformation der ausgerichteten Gegenstände bis zum Verschließen der Faltschachtellaschen auf der Einschubseite. Dadurch wird eine sichere Befüllung der Faltschachtel mit den zu verpackenden Gegenständen erreicht. </p><p id="p0012" num="0012">In einer zweckmäßigen Weiterbildung ist ein Laschenumleger vorgesehen, der vor Einschieben der Gegenstände in die Faltschachtel zumindest eine Lasche verschließt. Dadurch können die Gegenstände gegen die verschlossene Seiten- lasche gedrückt werden, so dass weiterhin die Stabilität des Stapels der Gegenstände beibehalten werden kann. </p><p id="p0013" num="0013">In einer zweckmäßigen Weiterbildung weist die Einschubeinrichtung eine schräge Einschubsfläche auf, die in etwa der Neigung des Stapels der Gegenstände entspricht. Dadurch kann der komplette Stapel der Gegenstände in die Faltschachtel überführt werden. Besonders bevorzugt ist die Einschubfläche so gegenüber der Vertikalen geneigt, dass zum Einschieben zuerst ein Kontakt mit einem Gegenstand erfolgt, der oben auf dem Stapel liegt. Dies erhöht die Stabilität des Einschubvorgangs. </p><p id="p0014" num="0014">In einer zweckmäßigen Weiterbildung ist vorgesehen, dass zwischen Faltschachtel und Einschubeinrichtung eine Seitenführung vorgesehen ist. Somit kann auch während des Überführens der Stapel in der gewünschten Stabilität gehalten werden. </p><p id="p0015" num="0015">In einer zweckmäßigen Weiterbildung ist vorgesehen, dass eine Verzahnung auf der Innenseite der Packgutkette und/oder der Seitenführung vorgesehen ist. Dies trägt ebenfalls zur Stabilisierung des Stapels der Gegenstände bei, indem die Verzahnungen mit den Seitenkanten der Gegenstände stabilisierend zusammenwirken. </p><p id="p0016" num="0016">Weitere zweckmäßige Weiterbildungen ergeben sich aus weiteren abhängigen Ansprüchen und aus der Beschreibung. </p><p id="p0017" num="0017">Zeichnung 
<!-- EPO <DP n="6"/>-->
 Ein Ausführungsbeispiel der erfindungsgemäßen Vorrichtung zum Verpacken von Gegenständen ist in der Zeichnung dargestellt und wird nachfolgend näher beschrieben. Es zeigen: </p><p id="p0018" num="0018">Figur 1 eine perspektivische Ansicht der Vorrichtung zum Verpacken von </p><p id="p0019" num="0019"> Gegenständen, </p><p id="p0020" num="0020">Figur 2 eine Seitenansicht der Ausrichteinheit, eine Seitenansicht der Einschubeinrichtung in der Übergabeposition sowie </p><p id="p0021" num="0021">Figur 4 eine perspektivische Darstellung der Vorrichtung mit Ausrichteinheit und vorderer Seitenführung. </p><p id="p0022" num="0022">Beschreibung des Ausführungsbeispiels </p><p id="p0023" num="0023">Eine Vorrichtung 8 zum Verpacken von Gegenständen 14 weist ein Transportmittel 16 auf, welches beispielhaft als Packgutkette ausgeführt ist. Auf dem bandförmigen Transportmittel 16 sind mehrere Packgutbecher 12 angeordnet. Diese Packgutbecher 12 weisen an ihrer Innenseite Verzahnungen 22 auf, welche quer zur einer mit einem Pfeil angedeuteten Transportrichtung 17 des Transportmittels 16 orientiert sind. Exemplarisch sind in einem Packgutbecher 12 mehrere zu verpackende Gegenstände 14 gezeigt. Diese Gegenstände 14 sind länglich ausgebildet, sogenannte Stick-Verpackungen. Die Gegenstände 14 kommen so zu liegen, dass deren längeren Seitenkanten parallel zu den Verzahnungen 22 der Packgutbecher 12 ausgerichtet sind. Zu Beginn der Vorrichtung 8 in Transportrichtung 17 gesehen befindet sich eine Ausrichteinheit 20. Diese bewegt in einer Schwenkbewegung gegenüber der offenen Stirnseite eines Packgutbechers 12 eine Seitenplatte 24 in der Weise, dass die in einem Packgutbecher 12 liegenden Gegenstände 14 mit ihren hinteren Stirnflächen gegen die auf der hinteren, offenen Seite des Packgutbechers 12 angeordnete hintere Seitenführung 10 gedrückt werden können. 
<!-- EPO <DP n="7"/>-->
 Die Ausrichteinheit 20 ist in Figur 2 näher dargestellt. Daraus wird ersichtlich, dass auch die hintere Seitenwand 13 des hinten offenen Packgutbechers 12 geneigt ist, nämlich in derselben Weise wie die hintere Seitenführung 10. Die hintere Seitenführung 10 erstreckt sich über mehrere Packgutbecher 12 hinweg, bis sich der Packgutbecher 12 in dem Wirkungsbereich einer Einschubeinrichtung 30 befindet. Die Einschubeinrichtung 30 bewegt den auf dem Packgutbecher 12 befindlichen Stapel der Gegenstände 14 quer zur Transportrichtung 17 in einer mit einem Pfeil angedeuteten Einschubrichtung 31 hin zu der vorne geöffneten Faltschachtel 28. Ein auf- und abbewegbarer Laschenumleger 36 hat bereits eine untere Lasche 29 der Faltschachtel 28 nach oben umgelegt, so dass die untere</p><p id="p0024" num="0024">Lasche 29 die Rückwand der Faltschachtel 28 schießt. In der Einschubposition fluchtet der Packgutbecher 12 seitlich mit einer Seitenführung 38, die zwischen der Seitenwand des Packgutbechers 12 und der Stirnseite der Faltschachtel 28 angeordnet ist. Oberhalb des Einschubstößels der Einschubeinrichtung 30 befin- det sich ein Voreinschub 34, welcher einen Niederhalter aufweist. Der Niederhalter wirkt auf die Oberseite des zu überführenden Produktstapels ein, indem er den Produktstapel nach unten drückt. </p><p id="p0025" num="0025">Weitere Details der Einschubeinrichtung 30 in der Übergabeposition sind in Figur 3 gezeigt. Der Voreinschub 34 ragt in den stirnseitig offenen Packgutbecher 12 hinein und wirkt auf die Oberseite eines nicht gezeigten Stapels der Gegenstände 14 ein. Der Stapel der Gegenstände 14 ist mit seinen stirnseitigen Enden entsprechend der Neigung der hinteren Seitenführung 10 ausgerichtet. Die Einschubeinrichtung 30 weist eine leicht schräg stehende Einschubfläche 32 auf. Diese Einschubfläche 32 ist in der entgegen gesetzten Art und Weise wie die hintere Seitenführung 10 geneigt, so dass der oberste Gegenstand 14 des Stapels, dessen Ende am weitesten nach rechts übersteht, als erstes von der Einschubfläche 32 erfasst und in die bereitstehende Faltschachtel 28 eingeschoben wird. Die zwischen Faltschachtel 28 und Packgutbecher 12 angeordnete Seitenfüh- rung 38 weist parallel zur Einschubrichtung 31 ausgerichtete Verzahnungen 39 auf, die mit den Verzahnungen 22 der Packgutbecher 22 fluchten. Dadurch wird während des Überschiebens des Packgutstapels die Stabilität des Stapels verbessert. Die Faltschachtel 28 ist leicht gegenüber der Horizontalen geneigt um einen Neigungswinkel 42. Dadurch wird das Überführen der Gegenstände 14 er- leichtert. Der Laschenumleger 36 kann in vertikaler Richtung bewegt werden, so 
<!-- EPO <DP n="8"/>-->
 dass die untere Lasche 29 nach oben aufgestellt wird, damit die Rückseite der Faltschachtel 28 verschlossen ist. </p><p id="p0026" num="0026">Bei der perspektivischen Ansicht der Figur 4 wird deutlich, dass die leicht schräg stehende Faltschachtel 28 über eine entsprechend geneigte Führung 40 in diese</p><p id="p0027" num="0027">Position gebracht wird. Die Führung 40 ist als plattenförmiges Teil ausgebildet mit einer entsprechend gegenüber der Horizontalen um den Neigungswinkel 42 geneigten Oberkante. Bei der Ansicht gemäß Figur 4 wird der mechanische Aufbau der Ausrichteinheit 20 deutlich. Bei einem entsprechenden Hebelmechanis- mus 44 wird die auch in Figur 2 gezeigte Seitenplatte 24 in eine Schwenkbewegung gebracht, so dass die nicht ausgerichteten Gegenstände 14 nach hinten gegen die schräge Seitenführung 10 gedrückt werden. Parallel zur Vorderseite der Packgutbecher 12 ist eine vordere Seitenführung 18 in Transportrichtung 17 angeordnet, so dass die in den Packgutbechern 12 liegenden Gegenstände 14 nicht nach vorne herausfallen können. </p><p id="p0028" num="0028">Die in den Figuren 1 bis 4 gezeigte Vorrichtung 8 zum Verpacken von Gegenständen 14 arbeitet folgendermaßen: Zu Beginn werden die Packgutbecher 12 ungeordnet mit Gegenständen 14 befüllt. Allerdings sind die als Stick-Verpackungen ausgebildeten Gegenstände 14 alle so orientiert, dass die Längsseiten parallel zu den Seitenwänden der Packgutbecher 12 mit entsprechenden Verzahnungen 22 zu liegen kommen wie in Figur 1 angedeutet. Das Transportmittel 16 bringt den ungeordnet befüllten Pack- gutbecher 12 in den Erfassungsbereich der Ausrichteinheit 20. Die Ausrichteinheit 20 ist feststehend gegenüber dem Transportmittel 16 angeordnet. Das Transportmittel 16 stoppt den Packgutbecher 12 so, dass die Ausrichteinheit 20 durch eine Schwenkbewegung der Seitenplatte 24 auf die Vorderseiten der Produkte 14 einwirken kann. Dadurch werden die Produkte 14 in der Weise geord- net, dass sich der Schwerpunkt des Produktstapels nach hinten verlagert und die</p><p id="p0029" num="0029">Hinterseiten der Gegenstände 14 gegen die hintere Seitenführung 10 gedrückt werden. Dadurch richten sich die Gegenstände 14 in Form eines Stapels so aus, dass sie mit zunehmender Höhe weiter nach hinten überstehen und sich in Kontakt mit der Seitenführung 10 befinden. Nach erfolgter Ausrichtung der Gegens- tände 14 fährt die Ausrichteinheit 20 wieder in die Ausgangsstellung zurück. 
<!-- EPO <DP n="9"/>-->
 Dann bewegt das Transportmittel 16 den nächsten befüllten Packgutbecher 12 in den Erfassungsbereich der Ausrichteinheit 20. </p><p id="p0030" num="0030">Die ausgerichteten Gegenstände 14 gelangen in den Erfassungsbereich der Einschubeinrichtung 30. Die hintere Seitenführung 10 ist feststehend gegenüber dem Transportmittel 16 und den damit transportierten Packgutbechern 12 angeordnet. In der Übergabeposition ist die Rückseite des Packgutbechers 12 nun freigestellt, so dass der geordnete Stapel der Gegenstände 14 mit Hilfe der schräg gestellten Einschubfläche 32 der Einschubeinrichtung 30 in Einschubrichtung 31 hin zu der bereitstehenden Faltschachtel 28 bewegt werden kann. Um den zu überführenden Stapel der Gegenstände 14 zusätzlich zu stabilisieren, drückt der Voreinschub 34 durch den Niederhalter gegen die Oberseite des Stapels nach unten. Zusammen mit der Einschubeinrichtung 30 wird der Voreinschub 34 in Einschubrichtung 31 bewegt. An der Seitenführung 38 entlang wird der Stapel in die bereitstehende Faltschachtel 28 geschoben. Die Faltschachtel 28 ist hierzu gegenüber der Horizontalen leicht um den Neigungswinkel 42 geneigt angeordnet. Zuvor wurde bereits die untere Lasche 29 geschlossen. Nach dem Einschieben des Stapels der Gegenstände 14 werden die weiteren Laschen der Faltschachtel 28 verschlossen. Damit sind die Gegenstände 14 in besonders sicherer Art und Weise in die Faltschachtel 28 überführt worden. </p><p id="p0031" num="0031">Die beschriebene Vorrichtung 8 eignet sich insbesondere zum Verpacken von Stick- Verpackungen in Faltschachteln bei Horizontal- Kartoniermaschinen. Jedoch auch andere, insbesondere längliche Gegenstände, welche insbesondere durch inhomogene Produktverteilungen dazu neigen, im gestapelten Zustand Übergewicht zu bekommen, können mit dieser Vorrichtung 8 verpackt werden. 
</p></description><claims mxw-id="PCLM44727414" ref-ucid="WO-2012113614-A1" lang="DE" load-source="patent-office"><claim-statement><!-- EPO <DP n="10"/>-->Ansprüche </claim-statement><claim id="clm-0001" num="1"><claim-text>1. Vorrichtung zum Verpacken von Gegenständen (14), umfassend zumindest eine Einschubeinrichtung (30), die die zu verpackenden Gegenstände (14) in eine Faltschachtel (28) überführt, zumindest ein Transportmittel (16), das mehrere zu verpackenden Gegenstände (14) in Form eines Stapels in zumindest einem Packgutbecher (12) in den Erfassungsbereich der Einschubeinrichtung (30) transportiert, dadurch gekennzeichnet, dass zumindest eine Ausrichteinheit (20) vorgesehen ist, die zur Stabilisierung des Stapels auf die in dem Packgutbecher (12) liegenden Gegenstände (14) einwirkt, bevor diese in den Erfassungsbereich der Einschubeinrichtung (30) gelangen. </claim-text></claim><claim id="clm-0002" num="2"><claim-text>2. Vorrichtung nach Anspruch 1, dadurch gekennzeichnet, dass die Ausrichteinheit (20) zur Stabilisierung des Stapels die Enden der in einer Packgutkette liegenden Gegenständen (14) so ausrichtet, dass der Stapel gegenüber der Vertikalen geneigt ist. </claim-text></claim><claim id="clm-0003" num="3"><claim-text>3. Vorrichtung nach Anspruch 1, dadurch gekennzeichnet, dass die Ausrichteinheit (20) die Gegenstände (14) gegen eine Seitenführung (10) drückt, die gegenüber der Vertikalen geneigt ausgebildet ist. </claim-text></claim><claim id="clm-0004" num="4"><claim-text>4. Vorrichtung nach einem der vorhergehenden Ansprüche, dadurch gekennzeichnet, dass die Ausrichteinheit einen Schwenkmechanismus (44) aufweist, der eine Seitenplatte (24) senkrecht zu einer Transportrichtung (17) des Transportmittels (16) bewegt. </claim-text></claim><claim id="clm-0005" num="5"><claim-text>5. Vorrichtung nach einem der vorhergehenden Ansprüche, dadurch gekennzeichnet, dass Mittel (40) vorgesehen sind zum Schrägstellen der Faltschachtel (28) mit einem bestimmten Neigungswinkel (42) gegenüber der <!-- EPO <DP n="11"/>--> Horizontalen in einer Einschubposition, in der die Einschubeinrichtung (30) die Gegenstände (14) in die Faltschachtel (28) überführt. </claim-text><claim-text>Vorrichtung nach einem der vorhergehenden Ansprüche, dadurch gekennzeichnet, dass die Einschubeinrichtung (30) eine Einschubfläche (32) aufweist, die zum Einschieben auf die Gegenstände (14) einwirkt, wobei die Einschubfläche (32) gegenüber der Vertikalen geneigt ausgebildet ist in der Weise, dass zum Einschieben zuerst ein Kontakt mit einem Gegenstand (14) erfolgt, der oben auf dem Stapel liegt. </claim-text><claim-text>Vorrichtung nach einem vorhergehenden Ansprüche, dadurch gekennzeichnet, dass ein Laschenumleger (36) vorgesehen ist, der vor dem Einschieben der Gegenstände (14) in die Faltschachtel (28) die zumindest eine Lasche (29) verschließt, so dass die einzuschiebenden Gegenstände (14) gegen diese Lasche (29) gedrückt werden können. </claim-text><claim-text>Verfahren zum Verpacken von Gegenständen (12), wobei eine Einschubeinrichtung (30) vorgesehen ist, die die Gegenstände (14) in eine Faltschachtel (28) überführt, wobei ein Transportmittel (16) mehrere zu verpackende Gegenstände (14) in Form eines Stapels in zumindest einem Packgutbecher (12) in den Erfassungsbereich der Einschubeinrichtung (30) überführt, gekennzeichnet durch folgende Schritte: </claim-text><claim-text> Ausrichten der auf dem Packgutbecher (12) liegenden Gegenstände (14) zur Stabilisierung des Stapels, Transportieren der ausgerichteten Gegenstände (14) in den Erfassungsbereich der Einschubeinrichtung (30), Einschieben der ausgerichteten Gegenstände (14) in die Faltschachtel (28). </claim-text><claim-text>Verfahren nach dem vorhergehenden Verfahrensanspruch, dadurch gekennzeichnet, dass vor Überführen der Gegenstände (14) eine Seitenlasche (29) der Faltschachtel (28) geschlossen wird. </claim-text><claim-text>Verfahren nach einem der vorhergehenden Verfahrensansprüche, dadurch gekennzeichnet, dass vor dem Überführen der Gegenstände (14) die Falt- <!-- EPO <DP n="12"/>--> schachte! (28) mit einem von Null verschiedenen Neigungswinkel (42) gegenüber der Horizontalen geneigt bereitgestellt wird. </claim-text></claim></claims><copyright>User acknowledges that Fairview Research LLC and its third party providers retain all right, title and interest in and to this xml under applicable copyright laws.  User acquires no ownership rights to this xml including but not limited to its format.  User hereby accepts the terms and conditions of the Licence Agreement</copyright></patent-document>
