<?xml version="1.0" encoding="UTF-8"?>
<patent-document ucid="EP-2678191-A1" country="EP" doc-number="2678191" kind="A1" date="20140101" family-id="45930529" file-reference-id="318297" date-produced="20180826" status="corrected" lang="DE"><bibliographic-data><publication-reference fvid="146551357" ucid="EP-2678191-A1"><document-id><country>EP</country><doc-number>2678191</doc-number><kind>A1</kind><date>20140101</date><lang>DE</lang></document-id></publication-reference><application-reference ucid="EP-11831794-A" is-representative="NO"><document-id mxw-id="PAPP154825280" load-source="docdb" format="epo"><country>EP</country><doc-number>11831794</doc-number><kind>A</kind><date>20110916</date><lang>DE</lang></document-id><document-id mxw-id="PAPP180844601" load-source="docdb" format="original"><country>EP</country><doc-number>11831794.0</doc-number><date>20110916</date><lang>DE</lang></document-id></application-reference><priority-claims><priority-claim mxw-id="PPC140448414" ucid="DE-102011011962-A" load-source="docdb"><document-id format="epo"><country>DE</country><doc-number>102011011962</doc-number><kind>A</kind><date>20110222</date></document-id></priority-claim><priority-claim mxw-id="PPC140454240" ucid="DE-102011011964-A" load-source="docdb"><document-id format="epo"><country>DE</country><doc-number>102011011964</doc-number><kind>A</kind><date>20110222</date></document-id></priority-claim><priority-claim mxw-id="PPC140450244" ucid="DE-2011001757-W" linkage-type="W" load-source="docdb"><document-id format="epo"><country>DE</country><doc-number>2011001757</doc-number><kind>W</kind><date>20110916</date></document-id></priority-claim></priority-claims><technical-data><classifications-ipcr><classification-ipcr mxw-id="PCL1988098916" load-source="docdb">B60R  19/48        20060101AFI20120910BHEP        </classification-ipcr><classification-ipcr mxw-id="PCL1988114507" load-source="docdb">B60R  21/0136      20060101ALI20120910BHEP        </classification-ipcr></classifications-ipcr><classifications-cpc><classification-cpc mxw-id="PCL1988097091" load-source="docdb" scheme="CPC">B60R2019/186       20130101 LA20130101BHEP        </classification-cpc><classification-cpc mxw-id="PCL1988121633" load-source="docdb" scheme="CPC">B60R  19/18        20130101 LI20130101BHEP        </classification-cpc><classification-cpc mxw-id="PCL1988124513" load-source="docdb" scheme="CPC">B60R  21/0136      20130101 FI20130101BHEP        </classification-cpc><classification-cpc mxw-id="PCL1988129108" load-source="docdb" scheme="CPC">B60R  19/483       20130101 LI20130101BHEP        </classification-cpc><classification-cpc mxw-id="PCL1988131677" load-source="docdb" scheme="CPC">B60R  19/48        20130101 LI20130101BHEP        </classification-cpc></classifications-cpc><invention-title mxw-id="PT132186555" lang="DE" load-source="patent-office">AUFPRALLSENSOR MIT EINEM ELASTISCH DEFORMIERBAREN SCHLAUCH UND ZUMINDEST EINEM DRUCKSENSOR</invention-title><invention-title mxw-id="PT132186556" lang="EN" load-source="patent-office">CRASH SENSOR HAVING AN ELASTICALLY DEFORMABLE TUBE AND AT LEAST ONE PRESSURE SENSOR</invention-title><invention-title mxw-id="PT132186557" lang="FR" load-source="patent-office">CAPTEUR DE COLLISION COMPORTANT UN FLEXIBLE DÉFORMABLE ÉLASTIQUEMENT ET AU MOINS UN CAPTEUR DE PRESSION</invention-title><citations><non-patent-citations><nplcit><text>See references of WO 2012113362A1</text><sources><source mxw-id="PNPL67455385" load-source="docdb" name="SEA"/></sources></nplcit></non-patent-citations></citations></technical-data><parties><applicants><applicant mxw-id="PPAR918145805" load-source="docdb" sequence="1" format="epo"><addressbook><last-name>CONTINENTAL AUTOMOTIVE GMBH</last-name><address><country>DE</country></address></addressbook></applicant><applicant mxw-id="PPAR918155647" load-source="docdb" sequence="1" format="intermediate"><addressbook><last-name>CONTINENTAL AUTOMOTIVE GMBH</last-name></addressbook></applicant><applicant mxw-id="PPAR918985092" load-source="patent-office" sequence="1" format="original"><addressbook><last-name>Continental Automotive GmbH</last-name><iid>101081062</iid><address><street>Vahrenwalder Strasse 9</street><city>30165 Hannover</city><country>DE</country></address></addressbook></applicant></applicants><inventors><inventor mxw-id="PPAR918162382" load-source="docdb" sequence="1" format="epo"><addressbook><last-name>GOETZ THOMAS</last-name><address><country>DE</country></address></addressbook></inventor><inventor mxw-id="PPAR918145946" load-source="docdb" sequence="1" format="intermediate"><addressbook><last-name>GOETZ, THOMAS</last-name></addressbook></inventor><inventor mxw-id="PPAR918981472" load-source="patent-office" sequence="1" format="original"><addressbook><last-name>GÖTZ, Thomas</last-name><address><street>Öberau 5</street><city>94315 Straubing</city><country>DE</country></address></addressbook></inventor><inventor mxw-id="PPAR918142143" load-source="docdb" sequence="2" format="epo"><addressbook><last-name>PFAU LORENZ</last-name><address><country>DE</country></address></addressbook></inventor><inventor mxw-id="PPAR918165701" load-source="docdb" sequence="2" format="intermediate"><addressbook><last-name>PFAU, LORENZ</last-name></addressbook></inventor><inventor mxw-id="PPAR918981530" load-source="patent-office" sequence="2" format="original"><addressbook><last-name>PFAU, LORENZ</last-name><address><street>Sternbergstrasse 12</street><city>93047 Regensburg</city><country>DE</country></address></addressbook></inventor><inventor mxw-id="PPAR918163110" load-source="docdb" sequence="3" format="epo"><addressbook><last-name>TYROLLER TOBIAS</last-name><address><country>DE</country></address></addressbook></inventor><inventor mxw-id="PPAR918156393" load-source="docdb" sequence="3" format="intermediate"><addressbook><last-name>TYROLLER, TOBIAS</last-name></addressbook></inventor><inventor mxw-id="PPAR918985589" load-source="patent-office" sequence="3" format="original"><addressbook><last-name>TYROLLER, TOBIAS</last-name><address><street>Ziegetsdorferstrasse 92</street><city>93051 Regensburg</city><country>DE</country></address></addressbook></inventor><inventor mxw-id="PPAR918173503" load-source="docdb" sequence="4" format="epo"><addressbook><last-name>HAUPT BJOERG</last-name><address><country>DE</country></address></addressbook></inventor><inventor mxw-id="PPAR918171351" load-source="docdb" sequence="4" format="intermediate"><addressbook><last-name>HAUPT, BJOERG</last-name></addressbook></inventor><inventor mxw-id="PPAR918985084" load-source="patent-office" sequence="4" format="original"><addressbook><last-name>Haupt, Björg</last-name><address><street>Goldene-Bären-Str.12</street><city>93047 Regensburg</city><country>DE</country></address></addressbook></inventor></inventors><agents><agent mxw-id="PPAR918980310" load-source="patent-office" sequence="1" format="original"><addressbook><last-name>Büchner, Jörg</last-name><iid>101338776</iid><address><street>Conti Temic microelectronic GmbH Intellectual Property Sieboldstrasse 19</street><city>90411 Nürnberg</city><country>DE</country></address></addressbook></agent></agents></parties><international-convention-data><pct-or-regional-filing-data ucid="DE-2011001757-W"><document-id><country>DE</country><doc-number>2011001757</doc-number><kind>W</kind><date>20110916</date><lang>DE</lang></document-id></pct-or-regional-filing-data><pct-or-regional-publishing-data ucid="WO-2012113362-A1"><document-id><country>WO</country><doc-number>2012113362</doc-number><kind>A1</kind><date>20120830</date><lang>DE</lang></document-id></pct-or-regional-publishing-data><designated-states><ep-contracting-states><country mxw-id="DS548816479" load-source="docdb">AL</country><country mxw-id="DS548927738" load-source="docdb">AT</country><country mxw-id="DS548935378" load-source="docdb">BE</country><country mxw-id="DS548915826" load-source="docdb">BG</country><country mxw-id="DS548930552" load-source="docdb">CH</country><country mxw-id="DS548935379" load-source="docdb">CY</country><country mxw-id="DS548927739" load-source="docdb">CZ</country><country mxw-id="DS548816480" load-source="docdb">DE</country><country mxw-id="DS548935380" load-source="docdb">DK</country><country mxw-id="DS548935381" load-source="docdb">EE</country><country mxw-id="DS548866269" load-source="docdb">ES</country><country mxw-id="DS548915827" load-source="docdb">FI</country><country mxw-id="DS548930553" load-source="docdb">FR</country><country mxw-id="DS548816481" load-source="docdb">GB</country><country mxw-id="DS548935382" load-source="docdb">GR</country><country mxw-id="DS548816482" load-source="docdb">HR</country><country mxw-id="DS548927740" load-source="docdb">HU</country><country mxw-id="DS548930558" load-source="docdb">IE</country><country mxw-id="DS548935383" load-source="docdb">IS</country><country mxw-id="DS548915828" load-source="docdb">IT</country><country mxw-id="DS548935384" load-source="docdb">LI</country><country mxw-id="DS548915829" load-source="docdb">LT</country><country mxw-id="DS548837906" load-source="docdb">LU</country><country mxw-id="DS548915830" load-source="docdb">LV</country><country mxw-id="DS548915831" load-source="docdb">MC</country><country mxw-id="DS548837907" load-source="docdb">MK</country><country mxw-id="DS548837908" load-source="docdb">MT</country><country mxw-id="DS548837909" load-source="docdb">NL</country><country mxw-id="DS548930559" load-source="docdb">NO</country><country mxw-id="DS548837910" load-source="docdb">PL</country><country mxw-id="DS548866270" load-source="docdb">PT</country><country mxw-id="DS548932645" load-source="docdb">RO</country><country mxw-id="DS548866271" load-source="docdb">RS</country><country mxw-id="DS548837911" load-source="docdb">SE</country><country mxw-id="DS548816483" load-source="docdb">SI</country><country mxw-id="DS548930560" load-source="docdb">SK</country><country mxw-id="DS548930561" load-source="docdb">SM</country><country mxw-id="DS548935385" load-source="docdb">TR</country></ep-contracting-states></designated-states></international-convention-data><office-specific-data><eptags><ep-no-a-document-published>*</ep-no-a-document-published></eptags></office-specific-data></bibliographic-data><abstract mxw-id="PA99627438" ref-ucid="WO-2012113362-A1" lang="DE" load-source="patent-office"><p num="0000">Es wird ein Aufprallsensor insbesondere für Kraftfahrzeuge bestehend aus einem elastisch deformierbaren Schlauch mit einem Hohlraum und zumindest einem Drucksensor zur Erfassung der Druckänderung im Hohlraum des Schlauchs vorgestellt, bei dem der Schlauch einen Innendurchmesser nur zwischen 2,5 und 6 Millimeter und einen Außendurchmesser nur kleiner 12 Millimeter aufweist. Die Maße dieses Schlauches sind überraschend klein im Verhältnis zur Größe der Stoßstange, insbesondere auch unter Berücksichtigung, dass dieser vorzugsweise hinter einem Dämpfungskörper angeordnet ist. Ein so kleiner, dünner Schlauch erweist sich jedoch als besonders geeignet, um ein signifikantes Drucksignal zur Unterscheidung eines Fußgängeraufpralls von einem Aufprall gegen ein starres Hindernis, beispielsweise einen Laternen-Pfosten oder Baum in den vorgegebenen Geschwindigkeitsbereich bereitzustellen.</p></abstract><abstract mxw-id="PA99825935" ref-ucid="WO-2012113362-A1" lang="DE" source="national office" load-source="docdb"><p>Es wird ein Aufprallsensor insbesondere für Kraftfahrzeuge bestehend aus einem elastisch deformierbaren Schlauch mit einem Hohlraum und zumindest einem Drucksensor zur Erfassung der Druckänderung im Hohlraum des Schlauchs vorgestellt, bei dem der Schlauch einen Innendurchmesser nur zwischen 2,5 und 6 Millimeter und einen Außendurchmesser nur kleiner 12 Millimeter aufweist. Die Maße dieses Schlauches sind überraschend klein im Verhältnis zur Größe der Stoßstange, insbesondere auch unter Berücksichtigung, dass dieser vorzugsweise hinter einem Dämpfungskörper angeordnet ist. Ein so kleiner, dünner Schlauch erweist sich jedoch als besonders geeignet, um ein signifikantes Drucksignal zur Unterscheidung eines Fußgängeraufpralls von einem Aufprall gegen ein starres Hindernis, beispielsweise einen Laternen-Pfosten oder Baum in den vorgegebenen Geschwindigkeitsbereich bereitzustellen.</p></abstract><abstract mxw-id="PA99627439" ref-ucid="WO-2012113362-A1" lang="EN" load-source="patent-office"><p num="0000">The invention relates to a crash sensor, in particular for motor vehicles, consisting of an elastically deformable tube having a cavity and at least one pressure sensor for detecting the pressure change in the cavity in the tube, wherein the tube has an inside diameter of between 2.5 and 6 millimeters and an outside diameter of less than 12 millimeters. The dimensions of said tube are surprisingly small in relation to the size of the bumper, in particular while also considering that the tube is preferably arranged behind an absorbing element. However, such a small, thin tube proves to be especially suitable for providing a significant pressure signal for differentiating a pedestrian impact from an impact against a rigid obstacle, for example a lamppost or tree, in the specified speed range.</p></abstract><abstract mxw-id="PA99825936" ref-ucid="WO-2012113362-A1" lang="EN" source="national office" load-source="docdb"><p>The invention relates to a crash sensor, in particular for motor vehicles, consisting of an elastically deformable tube having a cavity and at least one pressure sensor for detecting the pressure change in the cavity in the tube, wherein the tube has an inside diameter of between 2.5 and 6 millimeters and an outside diameter of less than 12 millimeters. The dimensions of said tube are surprisingly small in relation to the size of the bumper, in particular while also considering that the tube is preferably arranged behind an absorbing element. However, such a small, thin tube proves to be especially suitable for providing a significant pressure signal for differentiating a pedestrian impact from an impact against a rigid obstacle, for example a lamppost or tree, in the specified speed range.</p></abstract><abstract mxw-id="PA99627440" ref-ucid="WO-2012113362-A1" lang="FR" load-source="patent-office"><p num="0000">L'invention concerne un capteur de collision, en particulier pour véhicules automobiles, composé d'un flexible déformable élastiquement comportant un espace vide et au moins un capteur de pression destiné à détecter la variation de pression dans l'espace vide du flexible, le flexible présentant un diamètre intérieur qui ne fait que de 2,5 à 6 millimètres et un diamètre extérieur qui ne fait que moins de 12 millimètres. Les dimensions de ce flexible sont étonnamment petites par rapport à la taille du pare-chocs, en particulier si l'on tient compte qu'il est monté de préférence derrière un corps amortisseur. Un flexible aussi petit et aussi mince se révèle cependant particulièrement approprié à fournir un signal de pression significatif permettant de distinguer entre une collision avec un piéton et une collision contre un obstacle fixe, par exemple un poteau de lampadaire ou un arbre, sur la plage de vitesses prescrite.</p></abstract><abstract mxw-id="PA99825937" ref-ucid="WO-2012113362-A1" lang="FR" source="national office" load-source="docdb"><p>L'invention concerne un capteur de collision, en particulier pour véhicules automobiles, composé d'un flexible déformable élastiquement comportant un espace vide et au moins un capteur de pression destiné à détecter la variation de pression dans l'espace vide du flexible, le flexible présentant un diamètre intérieur qui ne fait que de 2,5 à 6 millimètres et un diamètre extérieur qui ne fait que moins de 12 millimètres. Les dimensions de ce flexible sont étonnamment petites par rapport à la taille du pare-chocs, en particulier si l'on tient compte qu'il est monté de préférence derrière un corps amortisseur. Un flexible aussi petit et aussi mince se révèle cependant particulièrement approprié à fournir un signal de pression significatif permettant de distinguer entre une collision avec un piéton et une collision contre un obstacle fixe, par exemple un poteau de lampadaire ou un arbre, sur la plage de vitesses prescrite.</p></abstract><description mxw-id="PDES50931855" ref-ucid="WO-2012113362-A1" lang="DE" load-source="patent-office"><!-- EPO <DP n="3"/>--><p id="p0001" num="0001"> Aufprallsensor mit einem elastisch deformierbaren Schlauch und zumindest einem </p><p id="p0002" num="0002"> Drucksensor </p><p id="p0003" num="0003">Die Erfindung betrifft einen Aufprallsensor gemäß dem Oberbegriff von Anspruch 1. </p><p id="p0004" num="0004"> Ein Kraftfahrzeug weist dabei mindestens einen, oft auch mehrere Aufprallsensoren zur Erzeugung eines von der Art und/oder Stärke des Aufpralls abhängigen Signals auf. </p><p id="p0005" num="0005"> Ein dazu geeigneter Aufprallsensor besteht beispielsweise aus einem elastisch deformierbaren Schlauch mit einem Hohlraum und zumindest einem Drucksensor zur Erfassung der Druckänderung im Hohlraum des Schlauchs. Derartige Aufprallsensoren dienen in Kraftfahrzeugen der Erkennung von Aufprallsituationen, insbesondere auch der Unterscheidung eines Aufpralls eines Fußgängers von anderen Aufprallereignissen und sind beispielsweise aus der EP 937612 A2, DE 101 37 250 A1, DE 102 32 523 A1 oder DE 101 14 465 A1 bekannt. Der deformierbare Schlauch wird dabei in der Regel großflächig an der Außenseite der Stoßstange angeordnet. </p><p id="p0006" num="0006"> Die Aufgabe der vorliegenden Erfindung ist es, eine besonders geeignete Ausgestaltung eines solchen Aufprallsensors anzugeben. Diese Aufgabe wird durch die Merkmale der unabhängigen Ansprüche gelöst. Vorteilhafte Weiterbildungen der Erfindung ergeben sind aus den Unteransprüchen, wobei auch Kombinationen und Weiterbildungen einzelner Merkmale miteinander denkbar sind. </p><p id="p0007" num="0007"> Ein wesentlicher Gedanke der Erfindung besteht darin, dass der Schlauch des Aufprallsensors einen Innendurchmesser zwischen 2,5 und 6 Millimeter und einen Außendurchmesser kleiner 12 Millimeter aufweist. Schläuche mit solchen Maßen sind zwar im allgemeinen am Markt verfügbar, wurden aber bisher für diese Anwendung nicht in Betracht gezogen. </p><p id="p0008" num="0008"> Ein so kleiner, dünner Schlauch selbst oder sogar insbesondere bei Anordnung hinter einem Dämpfungselement, erweist sich jedoch als besonders geeignet, um ein signifikantes Drucksignal zur Unterscheidung eines Fußgängeraufpralls von einem Aufprall gegen ein starres Hindernis, beispielsweise einen Laternen-Pfosten oder Baum in den vorgegebenen Geschwindigkeitsbereich bereitzustellen. 
<!-- EPO <DP n="4"/>-->
 Dickere Schläuche hätten zwar eine größere Aufprallfläche, wären jedoch bei der hier erforderlichen Länge über die Breite der Stoßstange hinweg nachteilig. Vorzugsweise ist der Schlauch auch nur maximal 2,3 Meter lang. </p><p id="p0009" num="0009"> Der Schlauch 3 muss nicht zwingend gerade verlegt werden, sondern kann auch gebogen werden, sofern ein Biegeradius von mindestens 10, vorzugsweise mehr als 25 mm eingehalten wird. </p><p id="p0010" num="0010"> Der Aufprallsensor ist vorzugsweise so in einer Stoßstange montiert, dass der deformierbare Schlauch in Richtung des Aufpralls hinter einem Dämpfungskörper, also jeweils auf der Innenseite zum Fahrzeug hin angeordnet ist. Das mag zunächst Bedenken wegen der Dämpfung des Impulses erwecken, erweist sich jedoch als kein Nachteil, da auch durch den Dämpfungskörper hindurch der Impuls in einem elastischen Schlauch gut nachweisbar ist und zugleich der Schlauch besser gegen Zerstörung geschützt ist. </p><p id="p0011" num="0011"> Vorzugsweise ist der deformierbare Schlauch in der Stoßstange in einer Fuge des Dämpfungskörpers und in Richtung des Aufpralls zwischen dem Dämpfungskörper und einem Querträger angeordnet. Der Schlauch liegt damit am Querträger an und wird beim Aufprall gegen diesen gedrückt. </p><p id="p0012" num="0012"> Vernetzten also vulkanisierter Silikon, auch Silikonkautschuk genannt, erweist sich gegenüber der Vielzahl anderer elastischer Kunststoffe durch besonders gleichmäßige elastische Eigenschaften auch bei unterschiedlichen Umgebungstemperaturen als besonders geeignet für diesen Anwendungsfall. Vorzugsweise wird hochtemperatur- vernetztes Silikon mit einer Shore A-Härte gemäß DIN 53505, IN EN ISO 868 zwischen zwischen 40 und 80, besser 50 und 70, vorzugsweise ca. 60 verwendet. Als Silikon- Kautschuktypen sind Methyl-Silikon-Kautschuk (MQ), MFQ, also MQ mit Fluor-Gruppen oder MPQ (MQ mit Phenyl-Gruppen), MVQ (MQ mit Vinyl-Gruppen) oder MPVQ (MQ mit Phenyl- u. Vinyl-Gruppen) (Abkürzungen jeweils gemäß DIN ISO 1629: 1992-03) bevorzugt. </p><p id="p0013" num="0013"> Silikon wird dabei häufig in Anteilen von Katalysatoren, Farbstoffen und anderen Zuschlagsstoffen verwendet, wobei die Gewichtsanteile gering gegenüber dem Silikonanteil sind. </p><p id="p0014" num="0014"> Das Silikon weist dabei vorzugsweise eine Dichte gemäß DIN 53479 ISO/R 1183 von zwischen 1 ,0 und 1 ,3 g/cm<sup>3</sup> , vorzugsweise von 1 ,16 ± 0,05 g/cm<sup>3</sup> auf. </p><p id="p0015" num="0015"> Der Silikonschlauch weist vorzugsweise eine Reißfestigkeit gemäß DIN 53504 ISO/DIS 37 von größer 8 MPa, vorzugsweise sogar größer 9 MPa auf. 
<!-- EPO <DP n="5"/>-->
 Die Erfindung wird nun nachfolgend anhand eines Ausführungsbeispiels unter Zuhilfenahme der Figuren näher erläutert. Im Folgenden können für funktional gleiche und/oder gleiche Elemente mit den gleichen Bezugsziffern bezeichnet sein. </p><p id="p0016" num="0016"> Es zeigen </p><p id="p0017" num="0017"> Figur 1 : Stoßstange eines Kraftfahrzeugs mit einem Aufprallsensor </p><p id="p0018" num="0018">Figur 2: Querschnitt des Schlauchs des Aufprallsensors </p><p id="p0019" num="0019"> Figur 3: Querschnitt durch die Stoßstange mit dem Aufprallsensor vor einem Aufprall</p><p id="p0020" num="0020">Figur 4: Querschnitt durch die Stoßstange mit dem Aufprallsensor während eines </p><p id="p0021" num="0021"> Aufpralls </p><p id="p0022" num="0022"> Figur 1 zeigt eine vordere Stoßstange eines Kraftfahrzeugs mit einer äußeren Verkleidung 1, beispielsweise einem Metallblech oder einem Kunststoffformteil. Hinter der äußeren Verkleidung 1 ist ein elastischer Dämpfungskörper 2 angeordnet, hier beispielsweise aus einem Energieabsorberschaum, beispielsweise einem expandierten Polypropylen, oder einem stark verdichteten Styropormaterial besteht. Hinter dem Dämpfungskörper 2 ist der Querträger 4 angeordnet. Die Steifigkeit des Dämpfungskörpers 2 und des Querträger 4 sind dabei so gewählt, dass bei Aufprall mit niedriger Geschwindigkeit vorzugsweise ausschließlich der Dämpfungskörper 2 verformt wird, während der Querträger 4 kaum belastet wird. </p><p id="p0023" num="0023"> Bei Aufprallereignissen mit hoher Geschwindigkeit wird der Querträger 4 mit verformt und verteilt die Aufprallenergie auf weitere Bereiche der Fahrzeug-Karosserie. 1 geformt in eine Fuge des Dämpfungskörpers 2 ist zwischen Dämpfungskörper 2 und Querträger 4 der elastische Schlauch 3 angeordnet, welcher sich über eine Länge 3L der Stossstange erstreckt und zumindest an einer Seite, vorzugsweise an beiden Seiten mit Druck- Sensoren P zur Erfassung der Druckänderung im Hohlraum des Schlauchs verbunden ist.</p><p id="p0024" num="0024">Wie Figur 2 skizziert, weist der Schlauch 3 dabei einen Innendurchmesser 3i zwischen 2,5 und 6 Millimeter, vorzugsweise ca 4mm und einen Außendurchmesser 3a kleiner 12 Millimeter, vorzugsweise 8 mm auf. Der Schlauchmantel ist daher vorzugsweise ca 2-3 mm dick. Die Maße dieses Schlauches 3 sind überraschend klein im Verhältnis zur Größe der Stoßstange. </p><p id="p0025" num="0025"> Der Schlauch 3 weist eine Länge 3L von kleiner 2,3 Metern auf. Die Länge des Schlauches wirkt sich auf die Laufzeit und das Gesamtvolumen des Hohlraums im Inneren des Schlauchs aus. 
<!-- EPO <DP n="6"/>-->
 Der Schlauch 3 muss nicht zwingend gerade verlegt werden, sondern kann auch gebogen werden, sofern ein Biegeradius von mindestens 10, vorzugsweise 25 mm eingehalten wird. </p><p id="p0026" num="0026"> Dieser Schlauch 3 besteht aus einem vernetzten Silikonmaterial, insbesondere einem Hochtemperatur-Sifikonkautschuk und weist eine Shore A-Härte von 60 ± 5 gemäß DIN53505 sowie eine Dichte gemäß DIN 53479 ISO/R 1 183 von 1,16 ± 0,05 g/cm<sup>3</sup> und eine Reißfestigkeit gemäß DIN 53504 ISO/DIS 37 von größer 9 MPa auf. </p><p id="p0027" num="0027"> Der Schlauch 3 ist vorzugsweise mit Luft gefüllt, wobei alternativ auch eine Füllung mit anderen Gasen oder auch Flüssigkeiten denkbar sind. Über das Gehäuse des Drucksensors erfolgt vorzugsweise verzögert ein Druckausgleich gegenüber der Umgebung. </p><p id="p0028" num="0028"> Figur 3 skizziert nochmal im Querschnitt die Stoßstange mit dem Aufprallsensor im unbelasteten Zustand, also vor einem Aufprall. Trifft im Vergleich dazu in Figur 4 eine durch den Pfeil angedeutete Kraft durch einen Aufprall eines Fußgängers oder eines anderen Kollisionsobjekts auf die Stoßstange, so verformt sich neben der äußeren Verkleidung 1 auch der Dämpfungskörper 2 und wird dabei der Schlauch 3 entsprechend mit verformt und gegen den Querträger 4 gedrückt. Da der Dämpfungskörper 2 beim Aufprall verformt und diesen Druck allseitig weitergibt, reicht ein so dünner Schlauch auch bei einer Anordnung hinter dem Dämpfungskörper aus. </p><p id="p0029" num="0029"> Die Druckänderung im Hohlraum des Schlauchs ist bei einem solchen Schlauch aus Silikonkautschuk mit diesen Abmaßen sehr gut geeignet, um den Aufprall eines Fußgängers zu erkennen und vorzugsweise auch von anderen, steiferen Aufpra!lobjekten zu unterscheiden. 
</p></description><claims mxw-id="PCLM44727819" ref-ucid="WO-2012113362-A1" lang="DE" load-source="patent-office"><claim id="clm-0001" num="0001"><!-- EPO <DP n="7"/>--><claim-text/><claim-text>Patentansprüche </claim-text><claim-text>1 ) Aufprallsensor bestehend aus einem elastisch deformierbaren Schlauch mit einem Hohlraum und zumindest einem Drucksensor zur Erfassung der Druckänderung im Hohlraum des Schlauchs, dadurch gekennzeichnet, dass der Schlauch einen Innendurchmesser zwischen 2,5 und 6 Millimeter und einen Außendurchmesser kleiner 12 Millimeter aufweist. </claim-text><claim-text>2) Aufprallsensor nach Anspruch 1 , dadurch gekennzeichnet, dass der Schlauch mit einem Biegeradius von mindestens 10 mm, vorzugsweise mehr als 25 mm verlegt ist. </claim-text><claim-text>3) Aufprallsensor nach einem der vorangehenden Ansprüche, dadurch gekennzeichnet, dass der Aufprallsensor so in einer Stoßstange montiert ist, dass der deformierbare Schlauch in Richtung des Aufpralls hinter einem Dämpfungskörper (2) angeordnet ist. </claim-text><claim-text>4) Aufprallsensor nach einem der vorangehenden Ansprüche, dadurch gekennzeichnet, dass der deformierbare Schlauch so in einer Stoßstange in einer Fuge des Dämpfungskörper (2) und in Richtung des Aufpralls zwischen dem Dämpfungskörper (2) und einem Querträger (4) angeordnet ist. </claim-text><claim-text>5) Aufprallsensor nach einem der vorangehenden Ansprüche, dadurch gekennzeichnet, dass der Schlauch eine Länge von kleiner 2,3 Metern aufweist. </claim-text><claim-text>6) Aufprallsensor nach einem der vorangehenden Ansprüche, dadurch gekennzeichnet, dass der Schlauch aus einem vernetzten Silikon, vorzugsweise hochtemperaturvernetzten Silikonkautschuk besteht. </claim-text><claim-text>7) Aufprallsensor nach Anspruch 6, dadurch gekennzeichnet, dass das Silikonmaterial eine Shore A-Härte zwischen 40 und 80, vorzugsweise ca. 60 aufweist. 
</claim-text></claim></claims><copyright>User acknowledges that Fairview Research LLC and its third party providers retain all right, title and interest in and to this xml under applicable copyright laws.  User acquires no ownership rights to this xml including but not limited to its format.  User hereby accepts the terms and conditions of the Licence Agreement</copyright></patent-document>
