<?xml version="1.0" encoding="UTF-8"?>
<patent-document ucid="EP-2678078-A1" country="EP" doc-number="2678078" kind="A1" date="20140101" family-id="45757793" file-reference-id="292742" date-produced="20180826" status="corrected" lang="EN"><bibliographic-data><publication-reference fvid="146551394" ucid="EP-2678078-A1"><document-id><country>EP</country><doc-number>2678078</doc-number><kind>A1</kind><date>20140101</date><lang>EN</lang></document-id></publication-reference><application-reference ucid="EP-12705950-A" is-representative="NO"><document-id mxw-id="PAPP154825317" load-source="docdb" format="epo"><country>EP</country><doc-number>12705950</doc-number><kind>A</kind><date>20120216</date><lang>EN</lang></document-id><document-id mxw-id="PAPP210683717" load-source="docdb" format="original"><country>EP</country><doc-number>12705950.9</doc-number><date>20120216</date></document-id></application-reference><priority-claims><priority-claim mxw-id="PPC140447463" ucid="US-201161445308-P" load-source="docdb"><document-id format="epo"><country>US</country><doc-number>201161445308</doc-number><kind>P</kind><date>20110222</date></document-id></priority-claim><priority-claim mxw-id="PPC140450771" ucid="US-2012025367-W" linkage-type="W" load-source="docdb"><document-id format="epo"><country>US</country><doc-number>2012025367</doc-number><kind>W</kind><date>20120216</date></document-id></priority-claim></priority-claims><technical-data><classifications-ipcr><classification-ipcr mxw-id="PCL-1846796888" load-source="ipcr">A61Q   5/10        20060101AFI20170208BHEP        </classification-ipcr><classification-ipcr mxw-id="PCL-1846796889" load-source="ipcr">A61K   8/49        20060101ALI20170208BHEP        </classification-ipcr></classifications-ipcr><classifications-cpc><classification-cpc mxw-id="PCL1988132011" load-source="docdb" scheme="CPC">A61Q   5/10        20130101 LI20130420BHEP        </classification-cpc><classification-cpc mxw-id="PCL2007295812" load-source="docdb" scheme="CPC">A61K   8/494       20130101 LI20140205BHEP        </classification-cpc><classification-cpc mxw-id="PCL2007295813" load-source="docdb" scheme="CPC">A61K   8/4926      20130101 FI20140205BHEP        </classification-cpc></classifications-cpc><invention-title mxw-id="PT132186666" lang="DE" load-source="patent-office">HAARFÄRBEMITTELZUSAMMENSETZUNGEN MIT EINEM 1-HEXYL-/HEPTYL-4,5-DIAMINOPYRAZOL UND EINEM A-PYRIDIN SOWIE DERIVATEN DAVON</invention-title><invention-title mxw-id="PT132186667" lang="EN" load-source="patent-office">OXIDATIVE DYEING COMPOSITIONS COMPRISING AN 1-HEXYL/HEPTYL-4,5-DIAMINOPYRAZOLE AND A PYRIDINE AND DERIVATIVES THEREOF</invention-title><invention-title mxw-id="PT132186668" lang="FR" load-source="patent-office">COMPOSITIONS DE TEINTURE OXYDANTES COMPRENANT UN 1-HEXYL/HEPTYL-4,5-DIAMINOPYRAZOLE ET UNE PYRIDINE ET DÉRIVÉS DE CEUX-CI</invention-title></technical-data><parties><applicants><applicant mxw-id="PPAR918137590" load-source="docdb" sequence="1" format="epo"><addressbook><last-name>PROCTER &amp; GAMBLE</last-name><address><country>US</country></address></addressbook></applicant><applicant mxw-id="PPAR918152589" load-source="docdb" sequence="1" format="intermediate"><addressbook><last-name>THE PROCTER &amp; GAMBLE COMPANY</last-name></addressbook></applicant><applicant mxw-id="PPAR918981822" load-source="patent-office" sequence="1" format="original"><addressbook><last-name>The Procter and Gamble Company</last-name><iid>100236799</iid><address><street>One Procter &amp; Gamble Plaza</street><city>Cincinnati, OH 45202</city><country>US</country></address></addressbook></applicant></applicants><inventors><inventor mxw-id="PPAR918147868" load-source="docdb" sequence="1" format="epo"><addressbook><last-name>LIM MUILL</last-name><address><country>KR</country></address></addressbook></inventor><inventor mxw-id="PPAR918133634" load-source="docdb" sequence="1" format="intermediate"><addressbook><last-name>LIM, MUILL</last-name></addressbook></inventor><inventor mxw-id="PPAR918979848" load-source="patent-office" sequence="1" format="original"><addressbook><last-name>LIM, MUILL</last-name><address><street>1008-802 Beong-Gil 47 Seungjigol-Gil</street><city>Chuncheon-Si Kangwon-Do 200-775</city><country>KR</country></address></addressbook></inventor><inventor mxw-id="PPAR918152978" load-source="docdb" sequence="2" format="epo"><addressbook><last-name>MURPHY BRYAN PATRICK</last-name><address><country>US</country></address></addressbook></inventor><inventor mxw-id="PPAR918142705" load-source="docdb" sequence="2" format="intermediate"><addressbook><last-name>MURPHY, BRYAN, PATRICK</last-name></addressbook></inventor><inventor mxw-id="PPAR918982348" load-source="patent-office" sequence="2" format="original"><addressbook><last-name>MURPHY, BRYAN, PATRICK</last-name><address><street>974 Arnold Palmer Drive</street><city>Loveland, Ohio 45140</city><country>US</country></address></addressbook></inventor><inventor mxw-id="PPAR918138092" load-source="docdb" sequence="3" format="epo"><addressbook><last-name>POPP MARGARET ANN</last-name><address><country>US</country></address></addressbook></inventor><inventor mxw-id="PPAR918170741" load-source="docdb" sequence="3" format="intermediate"><addressbook><last-name>POPP, Margaret, Ann</last-name></addressbook></inventor><inventor mxw-id="PPAR918983088" load-source="patent-office" sequence="3" format="original"><addressbook><last-name>POPP, Margaret, Ann</last-name><address><street>P&amp;G MVIC 11810 East Miami River Road</street><city>Cincinnati, Ohio 45252</city><country>US</country></address></addressbook></inventor><inventor mxw-id="PPAR918162757" load-source="docdb" sequence="4" format="epo"><addressbook><last-name>SUTTON RICHARD MATTHEW CHARLES</last-name><address><country>US</country></address></addressbook></inventor><inventor mxw-id="PPAR918153308" load-source="docdb" sequence="4" format="intermediate"><addressbook><last-name>SUTTON, Richard, Matthew Charles</last-name></addressbook></inventor><inventor mxw-id="PPAR918991439" load-source="patent-office" sequence="4" format="original"><addressbook><last-name>SUTTON, Richard, Matthew Charles</last-name><address><street>12141 Paulmeadows Drive</street><city>Cincinnati, Ohio 45249</city><country>US</country></address></addressbook></inventor><inventor mxw-id="PPAR918162811" load-source="docdb" sequence="5" format="epo"><addressbook><last-name>ZHANG GUIRU</last-name><address><country>US</country></address></addressbook></inventor><inventor mxw-id="PPAR918145141" load-source="docdb" sequence="5" format="intermediate"><addressbook><last-name>ZHANG, GUIRU</last-name></addressbook></inventor><inventor mxw-id="PPAR918984794" load-source="patent-office" sequence="5" format="original"><addressbook><last-name>ZHANG, GUIRU</last-name><address><street>3657 Avalon Trail</street><city>Lebanon, Ohio 45036</city><country>US</country></address></addressbook></inventor></inventors><agents><agent mxw-id="PPAR918986619" load-source="patent-office" sequence="1" format="original"><addressbook><last-name>Marollé, Patrick Pierre Pascal</last-name><iid>101082586</iid><address><street>Wella Services GmbH Berliner Allee 65</street><city>64274 Darmstadt</city><country>DE</country></address></addressbook></agent></agents></parties><international-convention-data><pct-or-regional-filing-data ucid="US-2012025367-W"><document-id><country>US</country><doc-number>2012025367</doc-number><kind>W</kind><date>20120216</date><lang>EN</lang></document-id></pct-or-regional-filing-data><pct-or-regional-publishing-data ucid="WO-2013105992-A1"><document-id><country>WO</country><doc-number>2013105992</doc-number><kind>A1</kind><date>20130718</date><lang>EN</lang></document-id></pct-or-regional-publishing-data><designated-states><ep-contracting-states><country mxw-id="DS548866538" load-source="docdb">AL</country><country mxw-id="DS548928598" load-source="docdb">AT</country><country mxw-id="DS548933329" load-source="docdb">BE</country><country mxw-id="DS548930946" load-source="docdb">BG</country><country mxw-id="DS548917124" load-source="docdb">CH</country><country mxw-id="DS548933330" load-source="docdb">CY</country><country mxw-id="DS548838089" load-source="docdb">CZ</country><country mxw-id="DS548866539" load-source="docdb">DE</country><country mxw-id="DS548933331" load-source="docdb">DK</country><country mxw-id="DS548933332" load-source="docdb">EE</country><country mxw-id="DS548816660" load-source="docdb">ES</country><country mxw-id="DS548930947" load-source="docdb">FI</country><country mxw-id="DS548930948" load-source="docdb">FR</country><country mxw-id="DS548866540" load-source="docdb">GB</country><country mxw-id="DS548933333" load-source="docdb">GR</country><country mxw-id="DS548866541" load-source="docdb">HR</country><country mxw-id="DS548838090" load-source="docdb">HU</country><country mxw-id="DS548917125" load-source="docdb">IE</country><country mxw-id="DS548933334" load-source="docdb">IS</country><country mxw-id="DS548930949" load-source="docdb">IT</country><country mxw-id="DS548933335" load-source="docdb">LI</country><country mxw-id="DS548866542" load-source="docdb">LT</country><country mxw-id="DS548928599" load-source="docdb">LU</country><country mxw-id="DS548930954" load-source="docdb">LV</country><country mxw-id="DS548930955" load-source="docdb">MC</country><country mxw-id="DS548928600" load-source="docdb">MK</country><country mxw-id="DS548928601" load-source="docdb">MT</country><country mxw-id="DS548816661" load-source="docdb">NL</country><country mxw-id="DS548935681" load-source="docdb">NO</country><country mxw-id="DS548816662" load-source="docdb">PL</country><country mxw-id="DS548928610" load-source="docdb">PT</country><country mxw-id="DS548917130" load-source="docdb">RO</country><country mxw-id="DS548928611" load-source="docdb">RS</country><country mxw-id="DS548816663" load-source="docdb">SE</country><country mxw-id="DS548838091" load-source="docdb">SI</country><country mxw-id="DS548935682" load-source="docdb">SK</country><country mxw-id="DS548935683" load-source="docdb">SM</country><country mxw-id="DS548930956" load-source="docdb">TR</country></ep-contracting-states></designated-states></international-convention-data><office-specific-data><eptags><ep-no-a-document-published>*</ep-no-a-document-published></eptags></office-specific-data></bibliographic-data><abstract mxw-id="PA117436168" ref-ucid="WO-2013105992-A1" lang="EN" load-source="patent-office"><p num="0000">A composition for the oxidative dyeing of keratin fibers, in particular human keratin fibers, comprising (A) a 1-hexyl/heptyl-4,5-diaminopyrazole compound of the general formula (I), its physiologically compatible water-soluble salt, or mixtures thereof; (B) a pyridine compound of the general formula (II), its physiologically compatible water-soluble salt, or mixtures thereof; and (C) an oxidizing agent. wherein R<sub>1</sub>, R<sub>2</sub>, R<sub>3</sub>, R<sub>4</sub>, R<sub>5</sub>, R<sub>6</sub>, R<sub>7</sub> and R<sub>8</sub> are as defined herein and a = 1 or 2.</p></abstract><abstract mxw-id="PA117725332" ref-ucid="WO-2013105992-A1" lang="EN" source="national office" load-source="docdb"><p>A composition for the oxidative dyeing of keratin fibers, in particular human keratin fibers, comprising (A) a 1-hexyl/heptyl-4,5-diaminopyrazole compound of the general formula (I), its physiologically compatible water-soluble salt, or mixtures thereof; (B) a pyridine compound of the general formula (II), its physiologically compatible water-soluble salt, or mixtures thereof; and (C) an oxidizing agent. wherein R1, R2, R3, R4, R5, R6, R7 and R8 are as defined herein and a = 1 or 2.</p></abstract><abstract mxw-id="PA117436169" ref-ucid="WO-2013105992-A1" lang="FR" load-source="patent-office"><p num="0000">L'invention concerne une composition pour la teinture oxydante de fibres kératiniques, en particulier de fibres kératiniques humaines, comprenant (A) un composé 1-hexyl/heptyl-4,5-diaminopyrazole de la formule générale (I), son sel soluble dans l'eau physiologiquement compatible, ou des mélanges de ceux-ci; (B) un composé pyridine de la formule générale (II), son sel soluble dans l'eau physiologiquement compatible, ou des mélanges de ceux-ci; et (C) un agent oxydant, où R<sub>1</sub>, R<sub>2</sub>, R<sub>3</sub>, R<sub>4</sub>, R<sub>5</sub>, R<sub>6</sub>, R<sub>7</sub> et R<sub>8</sub> sont tels que définis selon l'invention et a = 1 ou 2.</p></abstract><abstract mxw-id="PA117725333" ref-ucid="WO-2013105992-A1" lang="FR" source="national office" load-source="docdb"><p>L'invention concerne une composition pour la teinture oxydante de fibres kératiniques, en particulier de fibres kératiniques humaines, comprenant (A) un composé 1-hexyl/heptyl-4,5-diaminopyrazole de la formule générale (I), son sel soluble dans l'eau physiologiquement compatible, ou des mélanges de ceux-ci; (B) un composé pyridine de la formule générale (II), son sel soluble dans l'eau physiologiquement compatible, ou des mélanges de ceux-ci; et (C) un agent oxydant, où R1, R2, R3, R4, R5, R6, R7 et R8 sont tels que définis selon l'invention et a = 1 ou 2.</p></abstract><description mxw-id="PDES60494447" ref-ucid="WO-2013105992-A1" lang="EN" load-source="patent-office"><!-- EPO <DP n="3"/>--><p id="p0001" num="0001"> OXIDATIVE DYEING COMPOSITIONS COMPRISING AN l-HEXYL/HEPTYL-4,5- DIAMINOPYRAZOLE AND A PYRIDINE AND DERIVATIVES THEREOF </p><p id="p0002" num="0002">FIELD OF THE INVENTION </p><p id="p0003" num="0003"> The present invention relates to a composition for the oxidative dyeing of keratin fibers, in particular human keratin fibers, comprising (A) a l-hexyl/heptyl-4,5-diaminopyrazole compound as defined in formula (I) hereafter, its physiologically compatible water-soluble salt, or mixtures thereof, (B) a pyridine compound of the general formula (II) as defined hereafter, its physiologically compatible water-soluble salt, or mixtures thereof, and (C) an oxidizing agent. </p><p id="p0004" num="0004"> BACKGROUND OF THE INVENTION </p><p id="p0005" num="0005"> The oxidative dyeing of hair is one of the most extensively used methods to color hair. In this process oxidative hair coloring precursors are used in combination with an oxidizing agent, commonly a peroxy oxidizing agent. The precursors are generally small molecules capable of diffusing into hair, generally comprising primary intermediates and couplers. A wide variety of primary intermediates and couplers have been employed in such oxidative hair coloring compositions. Selections of specific combinations of couplers and primary intermediates allow reaching the desired nuance of hair color. </p><p id="p0006" num="0006"> Besides providing the desired color, the dye precursors used for oxidative hair dyeing have to also meet some additional requirements. Indeed, the combination of couplers and primary intermediates used should deliver the desired intensity together with good wash and bleeding fastness and be acceptable from a toxicological and dermatological point of view. </p><p id="p0007" num="0007"> Pyrazole compounds have been disclosed as oxidative dye precursors. A colorant for keratin fibers comprising a pyrazole derivative (I), a m-aminophenol derivative (II) and a pyridine derivative (III) is known. See for example EP 1166748A2. </p><p id="p0008" num="0008"> The compositions of the prior art comprising pyrazole compounds are not satisfactory especially in terms of intensity, wash fastness and bleeding. </p><p id="p0009" num="0009"> Furthermore, these disclosures do not disclose an example with a selection of a C6/C7 straight chain alkyl substituent on the N-l position of a 4,5-diaminopyrazole. </p><p id="p0010" num="0010"> The invention provides novel dye compositions that overcome known drawbacks of pyrazole compounds. In particular the invention provides good hair color intensity together with good wash and bleeding fastness. Indeed, it has surprisingly been found that the modification of 
<!-- EPO <DP n="4"/>-->
 the pyrazole ring system on the N-1 position by a C6/C7 straight alkyl chain combined with pyridine couplers provides excellent properties of resistance to the various treatments which keratinous fibers may undergo. </p><p id="p0011" num="0011"> SUMMARY OF THE INVENTION </p><p id="p0012" num="0012"> The present invention relates to a composition for the oxidative dyeing of keratin fibers, in particular human keratin fibers comprising (A) a l-hexyl/heptyl-4,5-diaminopyrazole compound of the general formula (I), its physiologically compatible water-soluble salt, or mixtures thereof; (B) a pyridine compound of the general formula (II), its physiologically compatible water-soluble salt, ing agent. </p><p id="p0013" num="0013"><img id="imgf000004_0001" he="43" wi="62" file="imgf000004_0001.tif" img-format="tif" img-content="drawing" orientation="portrait" inline="no"/></p><p id="p0014" num="0014">wherein Ri, R<sub>2</sub>, R3, R<sub>4</sub>, R5, R<sub>6</sub>, R7 and Rs are as defined in the claims and a = 1 or 2. </p><p id="p0015" num="0015"> The present invention also relates to a method of dyeing hair comprising the steps of applying this composition to hair, and to a kit comprising: (i) a tint component comprising at least (a) a l-hexyl/heptyl-4,5-diamino pyrazole compound of the general formula (I), its physiologically compatible water-soluble salt, or mixtures thereof, (b) a pyridine compound of the general formula (II), its physiologically compatible water-soluble salt, or mixtures thereof, and (ii) a developer component comprising (c) an oxidizing agent. </p><p id="p0016" num="0016"> BRIEF DESCRIPTION OF THE DRAWINGS </p><p id="p0017" num="0017"> Figure 1 shows a graph demonstrating the Solution Diffusion Testing results of a 1- pentyl- and l-hexyl-4,5-diamino pyrazole with 2,6-dimethoxypyridine-3,5-diamine (compound of formula (II.2)). </p><p id="p0018" num="0018"> Figure 2 shows a graph demonstrating the Solution Diffusion Testing results of a 1- pentyl- and l-hexyl-4,5-diamino pyrazole with 2,6-dimethoxypyridine-3,5-diamine and 2,5- toluenediamine sulfate (DTS). </p><p id="p0019" num="0019"> DETAILED DESCRIPTION OF THE INVENTION </p><p id="p0020" num="0020"> Definitions </p><p id="p0021" num="0021"> As used herein, the term "composition for the oxidative dyeing of keratin fibers" means a 
<!-- EPO <DP n="5"/>-->
 ready-to-use composition in a suitable carrier medium for dyeing keratin fibers, in particular human hair, comprising oxidative dye precursors (primary intermediates and couplers) and an oxidizing agent. These compositions can typically be the result of a mixture of two compositions namely a tint component comprising the dye precursors and usually an alkalizing agent such as ammonia and/or monoethanolamine and a developer component comprising the oxidizing agent. </p><p id="p0022" num="0022"> As used herein, the term "keratin" refers to a scleroprotein found in epidermal tissues and modified into hard structures such as horns, hair, and nails. As used herein, the term "hair" refers to keratinous fibers on a living, e.g. a person, or non-living body, e.g. in a wig, hairpiece, or other aggregation of non-living keratinous fibers. Mammalian, preferably human, hair is preferred. Notably, hair, wool, fur, and other keratinous fibers are suitable substrates for coloring by the compounds and compositions described herein. </p><p id="p0023" num="0023"> As used herein, the term "dye precursors" refers to compounds that may be used in the composition to act as primary intermediates, couplers, or both, in order to provide color to keratinous fibers. </p><p id="p0024" num="0024"> It is to be understood that when this development refers to a particular structure, all of the reasonable additional tautomeric structures are included. In the art, tautomeric structures are frequently represented by one single structure and the invention follows this general practice. </p><p id="p0025" num="0025"> Pyrazole compound </p><p id="p0026" num="0026"> The l-hexyl/heptyl-4,5-diaminopyrazole compound of the invention is of the general formula (I), its physiologically compatible water-soluble salt, or mixtures thereof: </p><p id="p0027" num="0027"><img id="imgf000005_0001" he="36" wi="27" file="imgf000005_0001.tif" img-format="tif" img-content="drawing" orientation="portrait" inline="no"/></p><p id="p0028" num="0028"> wherein a is equal to one or two; </p><p id="p0029" num="0029"> wherein Ri is selected from the group consisting of: </p><p id="p0030" num="0030"> (a) C-linked substituents selected from the group consisting of: </p><p id="p0031" num="0031"> (i) substituted or unsubstituted, straight or branched or cyclic, saturated or unsaturated, aliphatic or heteroaliphatic substituents, in particular alkyl or hydroxy substituted alkyl, 
<!-- EPO <DP n="6"/>-->
 (ii) substituted or unsubstituted, mono- or poly- unsaturated aromatic or heteroaromatic substituents, in particular aryl or heteroaryl, </p><p id="p0032" num="0032"> wherein said C-linked substituents comprise from 1 to 6 carbon atoms and from 0 to 5 heteroatoms selected from the group consisting of O, F, N, P and Si; </p><p id="p0033" num="0033"> (b) S-linked substituents selected from the group consisting of SA<sup>1</sup>, SO<sub>2</sub>A<sup>1</sup>, SO<sub>3</sub>A<sup>1</sup>, SSA<sup>1</sup>, SOA<sup>1</sup>, SOzNA^<sup>2</sup>, SNA<sup>1</sup> A<sup>2</sup>, and SONA^<sup>2</sup>; </p><p id="p0034" num="0034"> (c) O-linked substituents selected from the group consisting of OA<sup>1</sup>, ONA<sup>]</sup>A<sup>2</sup>; </p><p id="p0035" num="0035"> (d) N-linked substituents selected from the group consisting of NA<sup>]</sup>A<sup>2</sup>; (NA<sup>1</sup>A<sup>2</sup>A<sup>3</sup>)<sup>+</sup>, NA<sup>]</sup>SA<sup>2</sup>, N0<sub>2</sub>; NA<sup>]</sup>A<sup>2</sup>; </p><p id="p0036" num="0036"> (e) halogens selected from the group consisting of F, CI, Br, and I; and </p><p id="p0037" num="0037"> (f) hydrogen; </p><p id="p0038" num="0038">wherein A<sup>1</sup>, A<sup>2</sup>, and A<sup>3</sup> are independently selected from the group consisting of hydrogen; substituted or unsubstituted, straight or branched or cyclic, saturated or unsaturated, aliphatic or heteroaliphatic or aromatic or heteroaromatic substituents, preferably substituted or unsubstituted alkyl, or A<sup>1</sup> and A<sup>2</sup> together with nitrogen atoms to which they are bound form a ring; wherein said substituents or ring comprise from 1 to 6 carbon atoms and from 0 to 5 heteroatoms selected from the group consisting of O, S, N, P, and Si; </p><p id="p0039" num="0039"> R<sub>2</sub> and R3 are selected independently of each other from the group consisting of a hydrogen atom; a C1-C6 alkyl substituent; a trifluoromethyl substituent; a C1-C6 aminoalkyl substituent; a C1-C6 hydroxyalkyl substituent; C1-C6 an alkoxyalkyl substituent. </p><p id="p0040" num="0040"> Suitable salts of formula (I) are for example chlorides, bromides, sulfates, malates, tartrates, lactates and acetates. Of particular interest is the hemisulfate salt, which can provide a better stability during storage than other salts such as chloride or sulfate. </p><p id="p0041" num="0041"> In a preferred embodiment the l-hexyl/heptyl-4,5-diaminopyrazole compound (I) is a compound with formula (1.1): </p><p id="p0042" num="0042"><img id="imgf000006_0001" he="36" wi="19" file="imgf000006_0001.tif" img-format="tif" img-content="drawing" orientation="portrait" inline="no"/></p><p id="p0043" num="0043">wherein a is equal to one or two. </p><p id="p0044" num="0044">The l-hexyl/heptyl-4,5-diaminopyrazole compounds of formula (I) are combined with a 
<!-- EPO <DP n="7"/>-->
 pyridine compound of formula (II) in order to provide a resulting hair color with excellent washfastness, bleeding fastness, and intensity. </p><p id="p0045" num="0045"> Pyridine compound </p><p id="p0046" num="0046"> The pyridine compound of the invention is according to the general formula (II) below, or a physiologically compatible water-soluble salt: 
<img id="imgf000007_0001" he="19" wi="23" file="imgf000007_0001.tif" img-format="tif" img-content="drawing" orientation="portrait" inline="no"/>
 </p><p id="p0047" num="0047"> (II) </p><p id="p0048" num="0048"> wherein R<sub>4</sub>, Rs<sub>,</sub> R<sub>6,</sub> R7 and Rs are substituents selected independently of each other from the group consisting of: </p><p id="p0049" num="0049"> (a) C-linked substituents selected from the group consisting of: </p><p id="p0050" num="0050"> (i) substituted or unsubstituted, straight or branched or cyclic, saturated or unsaturated, aliphatic or heteroaliphatic substituents, in particular alkyl or hydroxy substituted alkyl, </p><p id="p0051" num="0051"> (ii) substituted or unsubstituted, mono- or poly- unsaturated aromatic or heteroaromatic substituents, in particular aryl or heteroaryl, </p><p id="p0052" num="0052"> wherein said C-linked substituents comprise from 1 to 6 carbon atoms and from 0 to 5 heteroatoms selected from the group consisting of O, F, N, P and Si; </p><p id="p0053" num="0053"> (b) S-linked substituents selected from the group consisting of SA<sup>1</sup>, SO<sub>2</sub>A<sup>1</sup>, SO<sub>3</sub>A<sup>1</sup>, SSA<sup>1</sup>, SOA<sup>1</sup>, SOzNA^<sup>2</sup>, SNA<sup>1</sup> A<sup>2</sup>, and SONA^<sup>2</sup>; </p><p id="p0054" num="0054"> (c) O-linked substituents selected from the group consisting of OA<sup>1</sup>, ONA<sup>]</sup>A<sup>2</sup>; </p><p id="p0055" num="0055"> (d) N-linked substituents selected from the group consisting of NA<sup>]</sup>A<sup>2</sup>; (NA<sup>]</sup>A<sup>2</sup>A<sup>3</sup>)<sup>+</sup>, NA<sup>]</sup>SA<sup>2</sup>, N0<sub>2</sub>; NA<sup>]</sup>A<sup>2</sup>; </p><p id="p0056" num="0056"> (e) halogens selected from the group consisting of F, CI, Br, and I; and </p><p id="p0057" num="0057"> (f) hydrogen; </p><p id="p0058" num="0058">wherein A<sup>1</sup>, A<sup>2</sup>, and A<sup>3</sup> are independently selected from the group consisting of hydrogen; substituted or unsubstituted, straight or branched or cyclic, saturated or unsaturated, aliphatic or heteroaliphatic or aromatic or heteroaromatic substituents, preferably substituted or unsubstituted alkyl, or A<sup>1</sup> and A<sup>2</sup> together with nitrogen atoms to which they are bound form a ring; wherein said substituents or ring comprise from 1 to 6 carbon atoms and from 0 to 5 heteroatoms selected from the group consisting of O, S, N, P, and Si. 
<!-- EPO <DP n="8"/>-->
 Suitable salts of formula (II) are for example chlorides, bromides, sulfates, malates, tartrates, lactates and acetates. </p><p id="p0059" num="0059"> In preferred embodiments, R4, R5, R<sub>6</sub>, R7 and Rs are independently selected from hydrogen, hydroxyl, C1-C6 alkyl, C2-C6 hydroxyalkyl, amino, C1-C6 alkylamino, C2-C6 hydroxyalkylamino, C1-C6 alkoxy and mixtures thereof. Preferred pyridine derivatives of formula (II) are 3,4-dimethylpyridine-2,6-diol, pyridine-2,6-diamine, 2,6-dimethoxypyridine-3,5- diamine, 6-methoxy-N2-methylpyridine-2,3-diamine, and 2-aminopyridin-3-ol. </p><p id="p0060" num="0060"> In a more preferred embodiment the pyridine derivative (II) is a compound with formula</p><p id="p0061" num="0061">(H I): 
<img id="imgf000008_0001" he="17" wi="25" file="imgf000008_0001.tif" img-format="tif" img-content="drawing" orientation="portrait" inline="no"/>
 </p><p id="p0062" num="0062"> (II.1) </p><p id="p0063" num="0063"> In a preferred embodiment the pyridine derivative (II) is a compound with formula (II.2): 
<img id="imgf000008_0002" he="14" wi="30" file="imgf000008_0002.tif" img-format="tif" img-content="drawing" orientation="portrait" inline="no"/>
 </p><p id="p0064" num="0064"> (Π.2) </p><p id="p0065" num="0065"> a preferred embodiment the pyridine derivative (II) is a compound with formula (II.3) 
<img id="imgf000008_0003" he="14" wi="34" file="imgf000008_0003.tif" img-format="tif" img-content="drawing" orientation="portrait" inline="no"/>
 </p><p id="p0066" num="0066"> (Π.3) </p><p id="p0067" num="0067"> a preferred embodiment the pyridine derivative (II) is a compound with formula (II.4) 
<img id="imgf000008_0004" he="14" wi="20" file="imgf000008_0004.tif" img-format="tif" img-content="drawing" orientation="portrait" inline="no"/>
 </p><p id="p0068" num="0068"> (Π.4) </p><p id="p0069" num="0069"> The hair dyeing composition of the present invention further may be comprised of an auxiliary coupler. In a preferred embodiment the auxiliary coupler is a compound with formula (III.1): 
<!-- EPO <DP n="9"/>-->
 
<img id="imgf000009_0001" he="19" wi="20" file="imgf000009_0001.tif" img-format="tif" img-content="drawing" orientation="portrait" inline="no"/>
 </p><p id="p0070" num="0070"> (ΠΙ.1) </p><p id="p0071" num="0071"> In a preferred embodiment the auxiliary coupler is a compound with formula (III.2):</p><p id="p0072" num="0072"><img id="imgf000009_0002" he="19" wi="28" file="imgf000009_0002.tif" img-format="tif" img-content="drawing" orientation="portrait" inline="no"/></p><p id="p0073" num="0073"> (III.2) </p><p id="p0074" num="0074"> In a preferred embodiment the auxiliary coupler is a compound with formula (III.3):</p><p id="p0075" num="0075"><img id="imgf000009_0003" he="19" wi="28" file="imgf000009_0003.tif" img-format="tif" img-content="drawing" orientation="portrait" inline="no"/></p><p id="p0076" num="0076"> (ΠΙ.3) </p><p id="p0077" num="0077"> a preferred embodiment the auxiliary coupler is a compound with formula (III.4) 
<img id="imgf000009_0004" he="22" wi="39" file="imgf000009_0004.tif" img-format="tif" img-content="drawing" orientation="portrait" inline="no"/>
 </p><p id="p0078" num="0078"> (III.4) </p><p id="p0079" num="0079"> In a preferred embodiment the auxiliary coupler is a compound with formula (III.5): 
<img id="imgf000009_0005" he="23" wi="20" file="imgf000009_0005.tif" img-format="tif" img-content="drawing" orientation="portrait" inline="no"/>
 </p><p id="p0080" num="0080"> (III.5) </p><p id="p0081" num="0081"> In a preferred embodiment the auxiliary coupler is a compound with formula (III.6): 
<img id="imgf000009_0006" he="23" wi="28" file="imgf000009_0006.tif" img-format="tif" img-content="drawing" orientation="portrait" inline="no"/>
 </p><p id="p0082" num="0082"> (ΠΙ.6) </p><p id="p0083" num="0083"> In a preferred embodiment the auxiliary coupler is a compound with formula (III.7): 
<!-- EPO <DP n="10"/>-->
 
<img id="imgf000010_0001" he="19" wi="20" file="imgf000010_0001.tif" img-format="tif" img-content="drawing" orientation="portrait" inline="yes"/>
 </p><p id="p0084" num="0084"> (III.7) </p><p id="p0085" num="0085"> In another preferred embodiment the m-aminophenol compound (III) is a compound with formula (II.8): </p><p id="p0086" num="0086"><img id="imgf000010_0002" he="21" wi="28" file="imgf000010_0002.tif" img-format="tif" img-content="drawing" orientation="portrait" inline="no"/></p><p id="p0087" num="0087"> It has surprisingly been found that the modification of the pyrazole ring system in N-l- position by a C6/C7 straight alkyl chain provides a dye precursor which couples with a pyridine compound to give excellent properties of resistance to the various treatments which keratinous fibers may undergo, in particular washfastness and resistance to bleeding. </p><p id="p0088" num="0088">Oxidizin2 A2ent </p><p id="p0089" num="0089"> The compositions of the invention comprise an oxidizing agent. Typical suitable oxidizing agents for the oxidative dyeing of keratin fibers may be selected from hydrogen peroxide, sodium periodate, urea peroxide, melamine peroxide, perborates, percarbonates, perphosphates, persilicates, persulfates, oxidizing enzymes such as uricases, oxidases, and peroxidises, and mixtures thereof. Hydrogen peroxide, perborates, or percarbonates may be preferred. </p><p id="p0090" num="0090"> Another potential oxidizing agent for use herein is a source of peroxymonocarbonate ions. Preferably, such a source is formed in situ from a source of hydrogen peroxide and a hydrogen carbonate ion source. Such an oxidizing agent has been found to be particularly effective at a pH of up to and including 9.5, preferably from about 7.5 to about 9.5 more preferably about pH 9. Moreover, this system is also particularly effective in combination with a source of ammonia or ammonium ions. </p><p id="p0091" num="0091"> Accordingly, any source of these peroxymonocarbonate ions may be utilized. Suitable sources for use herein include sodium, potassium, guanidine, arginine, lithium, calcium, magnesium, barium or ammonium salts of carbonate, carbamate and hydrocarbonate ions and mixtures thereof. In particular, sodium carbonate, sodium hydrogen carbonate, potassium carbonate, potassium hydrogen carbonate, guanidine carbonate, guanidine hydrogen carbonate, 
<!-- EPO <DP n="11"/>-->
 lithium carbonate, calcium carbonate, magnesium carbonate, barium carbonate, ammonium carbonate, ammonium hydrogen carbonate and mixtures thereof may be preferred. Percarbonate salts may also be utilized to provide both the source of carbonate ions and as an oxidizing agent. Preferred sources of carbonate ions, carbamate and hydrocarbonate ions are sodium hydrogen carbonate, potassium hydrogen carbonate, ammonium carbonate, ammonium carbamate, and mixtures thereof. </p><p id="p0092" num="0092"> The hair dyeing composition may usually comprise from about 1% to about 15% by total weight of the composition, typically from about 1.5% to about 10% by weight, and more typically from about 2% to about 8% by weight of the oxidizing agent relative to the total weight of the composition. </p><p id="p0093" num="0093"> The oxidizing agent may be provided in a developer component which is mixed to a tint component to obtain the composition of the invention. The developer component may be based on any desired formulation chassis, including any commercial product, for example an oil-in- water emulsion. Typical developer components comprise about 6% or about 9% of H<sub>2</sub>0<sub>2</sub> by total weight of the composition. A commercial example is the Welloxon® Emulsion with respectively about 6% and about 9% H<sub>2</sub>0<sub>2</sub>, marketed by Wella and comprising as INCI ingredients: Water, Hydrogen Peroxide, Cetearyl Alcohol, Ceteareth-25, Salicylic Acid, Phosphoric Acid, Disodium Phosphate, Etidronic Acid. </p><p id="p0094" num="0094"> The hair dyeing composition of the invention may be formed as thick liquid, cream, gel, emulsion, foam, aerosol mousse or as a solid form to which water is added to generate the oxidant and form a thickened vehicle suitable for hair coloring. They may comprise in addition to the ingredients indicated above further ingredients in order to further enhance the properties of the composition, including but not limited to: solvents; oxidative dyes, direct dyes; oxidizing agents; radical scavengers; thickeners and or rheology modifiers; chelants; pH modifiers and buffering agents; carbonate ion sources; peroxymonocarbonate ion sources; anionic, cationic, nonionic, amphoteric or zwitterionic surfactants, or mixtures thereof; anionic, cationic, nonionic, amphoteric or zwitterionic polymers, or mixtures thereof; fragrances; enzymes; dispersing agents; peroxide stabilizing agents; antioxidants; natural ingredients, e.g. proteins and protein compounds, and plant extracts; conditioning agents including silicones and cationic polymers, ceramides, preserving agents; and opacifiers and pearling agents (such as titanium dioxide and mica). Some adjuvants referred to above, but not specifically described below, which are suitable are listed in the International Cosmetics Ingredient Dictionary and Handbook, (8th ed.; The Cosmetics, Toiletry, and Fragrance Association). Particularly, vol. 2, sections 3 (Chemical 
<!-- EPO <DP n="12"/>-->
 Classes) and 4 (Functions) are useful in identifying specific adjuvants to achieve a particular purpose or multipurpose. A few of these ingredients are discussed hereinbelow, whose disclosure is of course non-exhaustive. </p><p id="p0095" num="0095"> Alkalizing agent </p><p id="p0096" num="0096"> The composition for the oxidative dyeing of keratin fibers may further comprise, generally in the tint component, an alkalizing agent as known in the art. Any alkalizing agent known in the art may be used such as ammonia, alkanolamines for example monoethanolamine, diethanolamine, triethanolamine, monopropanolamine, dipropanolamine, tripropanolamine, 2- amino-2-methyl- 1,3 -propanediol, 2-amino-2-methyl-l-propanol, and 2-amino-2-hydroxymethyl- 1,3 -propanediol, guanidium salts, alkali metal and ammonium hydroxides such as sodium hydroxide, alkali metal and ammonium carbonates, and mixtures thereof. Typical alkalizing agents are ammonia and/or monoethanolamine. </p><p id="p0097" num="0097"> Typically, the compositions for the oxidative dyeing of keratin fibers comprise from about 0.1% to about 10%, preferably from about 0.5% to about 6%, more preferably from about 1% to about 4% by weight of the alkalizing agent relative to the total weight of the composition. </p><p id="p0098" num="0098"> Primary intermediates </p><p id="p0099" num="0099"> In addition to the pyrazole compounds of the invention, the hair dyeing compositions of the invention may comprise further primary intermediates. Suitable primary intermediates for use in the compositions described herein include, but are not limited to: toluene-2,5-diamine, p- phenylenediamine, N-phenyl-p-phenylenediamine, N,N-bis(2-hydroxyethyl)-p- phenylenediamine, 2-hydroxyethyl-p-phenylenediamine, hydroxypropyl-bis-(N-hydroxyethyl-p- phenylenediamine), 2-methoxymethyl-p-phenylenediamine, 2-(l ,2-dihydroxyethyl)-p- phenylenediamine, 2,2'-(2-(4-aminophenylamino)ethylazanediyl)diethanol, 2-(2,5-diamino-4- methoxyphenyl)propane-l,3-diol, 2-(7-amino-2H-benzo[b][l,4]oxazin-4(3H)-yl)ethanol, 2- chloro-p-phenylenediamine, p-aminophenol, p-(methylamino)phenol, 4-amino-m-cresol, 2- methoxy-p-phenylenediamine, 2,2'-methylenebis-4-aminophenol, 2,4,5, 6-tetraminopyrimidine, 2,5,6-triamino-4-pyrimidinol, l-hydroxyethyl-4,5-diaminopyrazole sulfate, 4,5-diamino-l- methylpyrazole, 4,5-diamino-l-ethylpyrazole, 4,5-diamino-l-isopropylpyrazole, 4,5-diamino-l- butylpyrazole, 4,5-diamino-l-pentylpyrazole, 4,5-diamino-l-benzylpyrazole, 2,3-diamino-6,7- dihydropyrazolo[l,2-a]pyrazol-l(5H)-one dimethosulfonate, salts thereof (for example chlorides, bromides, sulfates, malates, tartrates, lactates and acetates) and mixtures thereof. 
<!-- EPO <DP n="13"/>-->
 Of particular interest are toluene-2,5-diamine, p-phenylenediamine, 2-hydroxyethyl-p- phenylenediamine, 2-methoxymethyl-p-phenylenediamine, 2-(2,5-diamino-4- methoxyphenyl)propane-l,3-diol, 2-chloro-p-phenylenediamine, 2-methoxy-p- phenylenediamine, 2-((2-(4-amino-phenylamino)-ethyl)-(2- hydroxyethyl)-amino)-ethanol, their salts thereof (for example chlorides, bromides, sulfates, malates, tartrates, lactates and acetates) and combinations. </p><p id="p0100" num="0100"> Typically, the compositions for the oxidative dyeing of keratin fibers comprise from about 0.1% to about 10%, preferably from about 0.3% to about 6%, more preferably from about 0.5% to about 4% by weight of the primary intermediates relative to the total weight of the composition. </p><p id="p0101" num="0101"> Couplers </p><p id="p0102" num="0102"> In addition to the pyridine compounds of the invention, the hair dyeing compositions of the invention may comprise other couplers to obtain various shades. Suitable couplers for use in the compositions described herein include, but are not limited to: resorcinol, 4-chlororesorcinol, 2-chlororesorcinol, 2-methylresorcinol, 4,6-dichlorobenzene-l,3-diol, 2,4-dimethylbenzene-l,3- diol, m-aminophenol, 4-amino-2-hydroxytoluene, 2-methyl-5-hydroxyethylaminophenol, 3- amino-2,6-dimethylphenol, 3-amino-2,4-dichlorophenol, 5-amino-6-chloro-o-cresol, 5-amino-4- chloro-o-cresol, 6-hydroxybenzomorpholine, 2-amino-5-ethylphenol, 2-amino-5-phenylphenol, 2-amino-5-methylphenol, 2-amino-6-methylphenol, 2-amino-5-ethoxyphenol, 5-methyl-2- (methylamino)phenol, 2,4-diaminophenoxyethanol, 2-amino-4-hydroxyethylaminoanisole, 1,3- bis-(2,4-diaminophenoxy)-propane, 2,2'-(2-methyl-l,3-phenylene)bis(azanediyl)diethanol, benzene- 1,3-diamine, 2,2'-(4,6-diamino-l,3-phenylene)bis(oxy)diethanol, 3-(pyrrolidin-l- yl)aniline, l-(3-(dimethylamino)phenyl)urea, l-(3-aminophenyl)urea, 1-naphthol, 2-methyl-l- naphthol, 1,5-naphthalenediol, 2,7-naphthalenediol or l-acetoxy-2-methylnaphthalene, 4-chloro- 2-methylnaphthalen-l-ol, 4-methoxy-2-methylnaphthalen-l-ol, 2,6-dihydroxy-3,4- dimethylpyridine, 2,6-dimethoxy-3,5-pyridinediamine, 3-amino-2-methylamino-6- methoxypyridine, 2-amino-3-hydroxypyridine, 2,6-diaminopyridine, pyridine-2,6-diol, 5,6- dihydroxyindole, 6-hydroxyindole, 5,6-dihydroxyindoline, 3 -methyl- 1 -phenyl- lH-pyrazol- 5(4H)-one, 1,2,4-trihydroxybenzene, 2-(benzo[d][l,3]dioxol-5-ylamino)ethanol (also known as hydroxyethyl-3,4-methylenedioxyaniline), and mixtures thereof. </p><p id="p0103" num="0103"> When the composition is obtained by mixing a tint component and a developer component, additional primary intermediates and couplers may be preferably incorporated in the 
<!-- EPO <DP n="14"/>-->
 tint component. </p><p id="p0104" num="0104"> Typically, the compositions for the oxidative dyeing of keratin fibers comprise from about 0.1% to about 10%, preferably from about 0.3% to about 6%, more preferably from about</p><p id="p0105" num="0105">0.5% to about 4% by weight of the couplers relative to the total weight of the composition. </p><p id="p0106" num="0106">Direct Dyes </p><p id="p0107" num="0107"> The compositions of the present invention may also comprise compatible direct dyes, in an amount sufficient to provide additional coloring, particularly with regard to intensity. Typically, such an amount will range from about 0.05% to about 4%, by weight of the direct dyes relative to the total weight of the composition. When the composition is obtained by mixing a tint component and a developer component, the direct dyes are usually incorporated in the tint component. </p><p id="p0108" num="0108"> The following direct dyes are commonly used: Acid dyes such as Acid Yellow 1, Acid Orange 3, Acid Black 1, Acid Black 52, Acid Orange 7, Acid Red 33, Acid Yellow 23, Acid Blue 9, Acid Violet 43, HC Blue 16, Acid Blue 62, Acid Blue 25, Acid Red 4, Basic Dyes such as Basic Brown 17, Basic Red 118, Basic Orange 69, Basic Red 76, Basic Brown 16, Basic Yellow 57, Basic Violet 14, Basic Blue 7, Basic Blue 26, Basic Red 2, Basic Blue 99, Basic Yellow 29, Basic Red 51, Basic Orange 31, Basic Yellow 87, 4-(3-(4-amino-9,10-dioxo-9,10- dihydroanthracen-l-ylamino)propyl)-4-methylmorpholin-4-ium-methylsulfate, (£)-l-(2-(4-(4,5- dimethylthiazol-2-yl)diazenyl)phenyl)(ethyl)amino)ethyl)-3-methyl-lH-imidazol-3-ium chloride, (£')-4-(2-(4-(dimethylamino)phenyl)diazenyl)-l-methyl-lH-imidazol-3-ium-3-yl)butane-l- sulfonate, (£)-4-(4-(2-methyl-2-phenylhydrazono)methyl)pyridinium-l-yl)butane-l-sulfonate, N,N-dimethyl-3-(4-(methylamino)-9,10-dioxo-4a,9,9a,10-tetrahydroanthracen-l-ylamino)-N- propylpropan-l-aminium bromide, Disperse Dyes such as Disperse Red 17, Disperse Violet 1, Disperse Red 15, Disperse Violet 1, Disperse Black 9, Disperse Blue 3, Disperse Blue 23, Disperse Blue 377, Nitro Dyes such as l-(2-(4-nitrophenylamino)ethyl)urea, 2-(4-methyl-2- nitrophenylamino)ethanol, 4-nitrobenzene-l,2-diamine, 2-nitrobenzene-l,4-diamine, Picramic acid, HC Red No. 13, 2,2'-(2-nitro-l,4-phenylene)bis(azanediyl)diethanol, HC Yellow No. 5, HC Red No. 7, HC Blue No.2, HC Yellow No. 4, HC Yellow No. 2, HC Orange No. 1, HC Red No.</p><p id="p0109" num="0109">1, 2-(4-amino-2-chloro-5-nitrophenylamino)ethanol, HC Red No. 3, 4-amino-3-nitrophenol, 4-(2- hydroxyethylamino)-3-nitrophenol, 2-amino-3-nitrophenol, 2-(3-(methylamino)-4- nitrophenoxy)ethanol, 3-(3-amino-4-nitrophenyl)propane-l,2-diol, HC Yellow No. 11, HC Violet No. 1, HC Orange No. 2, HC Orange No. 3, HC Yellow No. 9, HC Red No. 10, HC Red No. 11, 
<!-- EPO <DP n="15"/>-->
 2-(2-hydroxyethylamino)-4,6-dinitrophenol, HC Blue No. 12, HC Yellow No. 6, HC Yellow No. 12, HC Blue No. 10, HC Yellow No. 7, HC Yellow No. 10, HC Blue No. 9, 2-chloro-6- (ethylamino)-4-nitrophenol, 6-nitropyridine-2,5-diamine, HC Violet No. 2, 2-amino-6-chloro-4- nitrophenol, 4-(3-hydroxypropylamino)-3-nitrophenol, HC Yellow No. 13, 6-nitro-l,2,3,4- tetrahydroquinoxaline, HC Red No. 14, HC Yellow No. 15, HC Yellow No. 14, N2-methyl-6- nitropyridine-2,5-diamine, Nl-allyl-2-nitrobenzene-l,4-diamine, HC Red No. 8, HC Green No.l, HC Blue No. 14, and Natural dyes such as Annato, Anthocyanin, Beetroot, Carotene, Capsanthin, Lycopene, Chlorophyll, Henna, Indigo, Cochineal. </p><p id="p0110" num="0110"> Thickeners </p><p id="p0111" num="0111"> The hair dyeing compositions of the present invention may comprise a thickener in an amount sufficient to provide the composition with a viscosity so that it can be readily applied to the hair without unduly dripping off the hair and causing mess. Typically, such an amount will be at least 0.05%, preferably at least 0.5%, more preferably at least 1%, by weight of thickener relative to the total weight of the composition. When the composition is obtained by mixing several components, the thickener may be present in any of the components. </p><p id="p0112" num="0112"> Preferred for use herein are salt tolerant thickeners, including but not limited to: xanthan, guar, hydroxypropyl guar, scleroglucan, methyl cellulose, ethyl cellulose (available as AQU ACOTE(TM)) , hydroxyethyl cellulose (NATROSOL(TM)), carboxymethyl cellulose, hydroxypropylmethyl cellulose, microcrystalline cellulose, hydroxybutylmethyl cellulose, hydroxypropyl cellulose (available as KLUCEL(TM)), hydroxyethyl ethyl cellulose, cetyl hydroxyethyl cellulose (available as NATROSOL(TM)) Plus 330), N-vinylpyrollidone (available as POVIDONE(TM)), Acrylates/Ceteth-20 Itaconate Copolymer (available as STRUCTURE(TM) 3001), hydroxypropyl starch phosphate (available as STRUCTURE(TM) ZEA), polyethoxylated urethanes or polycarbamyl polyglycol ester (e.g. PEG-150/Decyl/SMDI copolymer (available as ACULYN(TM) 44), PEG-150/Stearyl/SMDI copolymer available as ACULYN(TM) 46), Acrylates/Beheneth-25 Methacrylate Copolymer (available as ACULYN(TM) 28), Acrylates/Vinyl Neodecanoate Crosspolymer (available as ACULYN(TM) 38), Acrylates/Steareth-20 Methacrylate Crosspolymer (available as ACULYN(TM) 88), PEG- 150 Distearate (available as ACULYN(TM) 60), trihydroxystearin (available as THIXCIN(TM)), acrylates copolymer (e.g. available as ACULYN(TM) 33) or hydrophobically modified acrylate copolymers (e.g. Acrylates/Steareth-20 Methacrylate Copolymer (available as ACULYN(TM) 22), non-ionic amphophilic polymers comprising at least one fatty chain and at least one hydrophilic unit selected from polyether urethanes comprising at least one fatty chain. 
<!-- EPO <DP n="16"/>-->
 Also preferred for use herein are thickeners based on lamellar gel network systems, comprising at least one surfactant or amphophile having an HLB of 6 or less and a melting point of at least 30 °C, preferably selected from fatty alcohols comprising from 14 to 30 carbon atoms, or oxyethylenated fatty alcohols comprising from 16 to 30 carbon atoms and 2 units or less of ethylene oxide, and further comprising at least one ionic or nonionic surfactant, preferably selected from: </p><p id="p0113" num="0113"> anionic surfactants selected from C8-C30 alkyl sulfates, preferably C12-C18 alkyl sulfates, </p><p id="p0114" num="0114"> anionic surfactants according to the formula R<sub>n</sub>X<sub>m</sub>YM, wherein R is independently selected from alkyl, alkenyl or alkylaryl groups having from 8 to 30 carbon atoms, X is independently selected from polar groups comprising at least one carbon atom and at least one oxygen or nitrogen atom, Y is an anionic group selected from carboxylates, sulfates, sulfonates or phosphates, n and m are independently 1 or 2, and M is hydrogen or a salt forming cation and mixture thereof, most preferably selected from C8-C30 alkyl ether phosphates having from 1 to 20, preferable 2 to 10 ethylene oxide units (e.g. available as CRODAFOS(TM) CES), non-ionic surfactant comprising one or more polyethyleneoxide chains, preferably each polyethyleneoxide chain has on average at least 50 ethylene oxide units and most preferably 100 to 200 ethylene oxide units (e.g. available as VOLPO(TM) S200), </p><p id="p0115" num="0115"> cationic surfactants selected from quaternary ammonium salts or amido-amines having at least one fatty chain, preferably comprising at least 16 carbon atoms and most preferably at least 20 carbon atoms, </p><p id="p0116" num="0116"> - and mixture thereof. </p><p id="p0117" num="0117"> Examples of such lamellar gel network systems are disclosed in EP1, 832,273 and EP2,103,299. </p><p id="p0118" num="0118"> The composition preferably comprises a mixture of cetearyl alcohol and dicetyl phosphate and ceteth-10 phosphate (e.g. available as CRODAFOS(TM) CES). </p><p id="p0119" num="0119"> Chelants </p><p id="p0120" num="0120"> The compositions of the present invention may comprise chelants in an amount sufficient to reduce the amount of metals available to interact with formulation components, particularly oxidizing agents, more particularly peroxides and percarbonates. Typically, such an amount range from at least 0.15%, preferably at least 0.25%, by weight of the chelants relative to the 
<!-- EPO <DP n="17"/>-->
 total weight of the composition. Suitable chelants for use herein include but are not limited to: diethylenetriamine-N,N',N"-polyacids, diethylenetriaminepentaacetic acid (DTP A), diethylenetriaminepenta(methylene phosphonic acid) (DTPMP), diamine-N,N'-dipolyacid, monoamine monoamide-N,N'-dipolyacid, and N,N'-bis(2-hydroxybenzyl)ethylenediamine-N,N'- diacetic acid chelants (preferably EDDS (ethylenediaminedisuccinic acid)), carboxylic acids (preferably aminocarboxylic acids), phosphonic acids (preferably aminophosphonic acids) and polyphosphoric acids (in particular straight polyphosphoric acids), their salts and derivatives. When the composition is obtained by mixing a tint component and a developer component, the chelants may be incorporated in the tint component or in the developer component or in both. A chelant is usually present in developer components for stability reason. </p><p id="p0121" num="0121">pH Modifiers </p><p id="p0122" num="0122"> The compositions of the present invention may comprise in addition to the alkalizing agent discussed above a pH modifier and/or buffering agent in an amount that is sufficiently effective to adjust the pH of the composition to fall within a range from about 3 to about 13, preferably from about 8 to about 12, more preferably from about 9 to about 11. </p><p id="p0123" num="0123"> Radical Scaven2ers </p><p id="p0124" num="0124"> According to the present invention, the compositions may comprise a radical scavenger. As used herein the term radical scavenger refers to a species that can react with a radical, to convert the radical species by a series of fast reactions to an unreactive or less reactive species. The radical scavenger is also preferably selected such that it is not an identical species as the alkalising agent and is present in an amount sufficient to reduce the damage to the hair during the coloring /bleaching process. The compositions of the present invention comprise a radical scavenger from about 0.1% to about 10%, preferably from about 1% to about 7% by weight of the radical scavenger relative to the total weight of the composition. </p><p id="p0125" num="0125">Suitable radical scavengers for use herein may be selected from the classes of alkanolamines, amino sugars, amino acids, esters of amino acids and mixtures thereof. Suitable compounds include 3-substituted-pyrazol-5-ones, 3-carboxy-lH-pyrazol-5-one, 3-methyl-l-phenyl-pyrazol- 5-one, 3-methyl-l-p-tolyl-pyrazol-5-one, 3-methyl-l-(4-sulfophenyl)-pyrazol-5-one, 3-methyl-l- (4-sulfoamidophenyl)-pyrazol-5-one, 3-methyl-l-(3-sulfophenyl)-pyrazol-5-one, 3 -methyl- 1- (3- sulfoamidophenyl)-pyrazol-5-one, 3-methyl- l-(2-chloro-5-sulfophenyl)-pyrazol-5-one, 3-methyl- l-(2,5-dichloro-4-sulfophenyl)-pyrazol-5-one, 3-methyl-l-(4-chlorophenyl)-pyrazol-5-one, 3- methyl-l-(4-carboxyphenyl)-pyrazol-5-one, 3-carboxy-l-phenyl-pyrazol-5-one, 3-carboxy-l-(4- 
<!-- EPO <DP n="18"/>-->
 sulfophenyl)-pyrazol-5-one, l,3-diphenyl-pyrazol-5-one, methyl pyrazol-5-one-3-carboxylate, 3- amino-l-propanol, 4-amino-l-butanol,5-amino-l-pentanol, l-amino-2-propanol, l-amino-2- butanol, l-amino-2-pentanol, l-amino-3-pentanol, l-amino-4-pentanol, 3-amino-2- methylpropan-l-ol, l-amino-2-methylpropan-2-ol, 3-aminopropane-l,2-diol, glucosamine, N- acetylglucosamine, glycine, arginine, lysine, proline, glutamine, histidine, sarcosine, serine, glutamic acid, tryptophan, or mixtures thereof, or the salts, such as the potassium, sodium, or ammonium salts, or mixtures thereof. In some embodiments, the inventive compositions may comprise glycine, sarcosine, lysine, serine, 2-methoxyethylamine, glucosamine, glutamic acid, morpholine, piperidine, ethylamine, 3-amino-l-propanol, or mixtures thereof. </p><p id="p0126" num="0126">Method of hair dyeing </p><p id="p0127" num="0127"> In order to use the dyeing composition, the tint component and developer components are usually mixed immediately prior to use and a sufficient amount of the mixture is applied to the hair, according to the hair abundance, generally from about 60 to about 250 grams. Upon such preparation the composition is applied to the hair to be dyed and remains in contact with the hair for an amount of time effective to dye the hair. Typically, the hair dye composition is allowed to act on the hair from about 2 to about 60, preferably about 15 to about 45, more preferably about 30 minutes, at a temperature ranging from 15 °C to about 50 °C. Thereafter, the hair is rinsed with water to remove the composition and dried. If necessary, the hair is washed with a shampoo and rinsed, e.g., with water or a weakly acidic solution, such as a citric acid or tartaric acid solution, and dried. Optionally, a separate conditioning product may also be provided. </p><p id="p0128" num="0128"> The method of dyeing hair with the composition may therefore comprise the steps of:</p><p id="p0129" num="0129">(i) providing a tint component comprising (a) a l-hexyl/heptyl-4,5-diaminopyrazole compound of the general formula (I) as defined in claim 1 , its physiologically compatible, water- soluble salt, or mixtures thereof and, (b) a pyridine compound compound of the general formula (II) as defined in claim 1, its physiologically compatible water-soluble salt, or mixtures thereof; </p><p id="p0130" num="0130"> (ii) providing a developer component comprising (c) an oxidizing agent; </p><p id="p0131" num="0131"> (iii) mixing the tint component and the developer component to obtain a composition for the oxidative dyeing of keratin fibers according to the composition of the invention; </p><p id="p0132" num="0132"> (iv) applying said composition for the oxidative dyeing of keratin fibers onto the hair. The method may further comprise waiting a period of time, typically between 2 minutes and 60 minutes, and then rinsing the composition from the hair. 
<!-- EPO <DP n="19"/>-->
 The compositions can be applied on hair via applicator bottle or brush. It can be used on full head or partly on single strands (highlight application) as common highlight applicator foils, caps and special applicators can be used, but also freehand techniques such as balayage, with brush and/or combs can be possible. The composition can also be applied as a mousse via a manual spray, a pressurized container or an aerosol mousse. </p><p id="p0133" num="0133"> The composition may be dispensed as a solid form to which water is added to generate the oxidant and form a thickened vehicle suitable for hair coloring. </p><p id="p0134" num="0134"> The dye combination of the invention may also be used in three components system. See for example disclosed US2010/0223739 A2 assigned to L'Oreal. Such a process and kit for lightening or dyeing keratin fibers may comprise the following composition applied to the hair fibers: an aqueous cosmetic composition (A) comprising at least one fatty substance and at least one surfactant; a cosmetic composition (B) comprising at least one alkaline agent and the oxidative dyes of the invention and if present direct dyes and other oxidative dyes, a cosmetic composition (C) comprising at least one oxidizing agent, wherein the amount of the at least one fatty substance in composition (A) is greater than 20% by weight relative to the total weight of composition (A). </p><p id="p0135" num="0135"> Methods of making - Kit </p><p id="p0136" num="0136"> The composition, and its tint component and developer component, may be manufactured by conventional processes known in the art for manufacturing oxidative dyeing products, and ad- mixing the ingredients of each component composition in suitable vessels, followed by packaging in appropriate individual containers. The components may be for example packaged in plastic or aluminium bottles. </p><p id="p0137" num="0137"> In particular, the present invention may be provided as a kit comprising different components to be mixed by the consumer or salon stylist to obtain a hair dyeing composition according to the invention. Such a kit may comprise: </p><p id="p0138" num="0138"> (i) a tint component comprising (a) a l-hexyl/heptyl-4,5-diaminopyrazole compound of the general formula (I) as defined above, its physiologically compatible water-soluble salt, or mixtures thereof, and (b) a pyridine compound of the general formula (II) as defined above, its physiologically compatible water-soluble salt, or mixtures thereof, and </p><p id="p0139" num="0139"> ii) a developer component comprising an oxidizing agent. 
<!-- EPO <DP n="20"/>-->
 The kit may be presented in a single package comprising separate containers for the tint component, the developer component, and optionally a conditioner, a color refresher or other hair treatment product, instructions for use, gloves. The instructions for use include the steps of the method described above and optionally provide visual cues or pictures for the desired steps of the method. Kits are usually sold in retail products with enough material in each component for preparing a hair dyeing composition for one use. </p><p id="p0140" num="0140"> The composition may be dispensed as a foam using for example manually-actuable, non- aerosol dispenser such as a pump or squeeze foamer, aerosol mousse. See for example EP 613,728 Bl, WO 97/013585 Al, EP 1,716,933A1, US 3,709,437, US 3,937,364, US 4,022,351, US 4,147,306, US 4,184,615, US 4,615,467 and FR 2,604,622. One particular example of a squeeze foamer useful herein is able to dispense from an upright or inverted position such as the one discussed in US 6,604,693 assigned to Taplast, and more specifically, at column 2, line 65, through column 4, line 67 of that patent. </p><p id="p0141" num="0141"> The composition may be dispensed as a solid form to which water is added to generate the oxidant and form a thickened vehicle suitable for hair coloring </p><p id="p0142" num="0142"> EXAMPLES </p><p id="p0143" num="0143"> The following are non-limiting examples of the compositions of the present invention. The examples are given solely for the purpose of illustration and are not to be construed as limitations of the present invention, as many variations thereof are possible without departing from the spirit and scope of the invention, which would be recognized by one of ordinary skill in the art. All concentrations are listed as weight percent, unless otherwise specified. </p><p id="p0144" num="0144"> The compositions tested were formulated by mixing a tint component according to the formulation below with a developer component in a 1:1 ratio. The developer component is a commercially available Welloxon developer at 6% (20 vol) peroxide concentration. In all the tests, white hair was used (1.5g tress). 3 g tint component + 3 g developer component were applied for each switch for 30 minutes at 30 °C. The tresses were rinsed for 2 minutes including 30 seconds shampoo. </p><p id="p0145" num="0145"> Table 1 : Tint Formulation: </p><p id="p0146" num="0146">Ingredients Weight % </p><p id="p0147" num="0147"> Lanolin alcohol 2.0 </p><p id="p0148" num="0148"> Glyceryl Stearate 5.5 </p><p id="p0149" num="0149"> Glycol Distearate 2.0 
<!-- EPO <DP n="21"/>-->
 Cetearyl alcohol and SLS 17.5 </p><p id="p0150" num="0150"> Sodium cocoyl isethionate 0.46 </p><p id="p0151" num="0151"> Sodium laureth sulfate 4.0 </p><p id="p0152" num="0152"> Ascorbic acid 0.3 </p><p id="p0153" num="0153"> Sodium sulfate 0.001 </p><p id="p0154" num="0154"> Sodium sulfite 0.4 </p><p id="p0155" num="0155"> Disodium EDTA 0.1 </p><p id="p0156" num="0156"> Alkyl (C5, C6 or C8) </p><p id="p0157" num="0157"> X </p><p id="p0158" num="0158"> Pyrazole salts (%) </p><p id="p0159" num="0159"> Coupler (%) Y </p><p id="p0160" num="0160"> Ammonia, 28.3% in water 6.43 </p><p id="p0161" num="0161"> Fragrance 0.25 </p><p id="p0162" num="0162"> QS to 100% </p><p id="p0163" num="0163"> Reverse osmosis water </p><p id="p0164" num="0164"> Total Wt </p><p id="p0165" num="0165"> X and Y were calculated dependent upon the alkyl pyrazole and coupler type to reach a final molar concentration of ca. 0.075 M in the tint component formulation. </p><p id="p0166" num="0166"> Color intensity </p><p id="p0167" num="0167"> After mixing with the tint component indicated with the developer component, the resulting mixture was applied to white hair and rinsed. The resulting color was measured using a colorimeter and characterized by the L* value. An L* of 100 is considered white and L* of 0 is considered black, therefore the higher the L* value the lower the color intensity. The measured L* values for the different primary dye combinations are summarized in Table 2 below. </p><p id="p0168" num="0168"> Table 2: Comparison of L* values </p><p id="p0169" num="0169"><img id="imgf000021_0001" he="84" wi="58" file="imgf000021_0001.tif" img-format="tif" img-content="drawing" orientation="portrait" inline="no"/><!-- EPO <DP n="22"/>--><img id="imgf000022_0001" he="42" wi="57" file="imgf000022_0001.tif" img-format="tif" img-content="drawing" orientation="portrait" inline="no"/></p><p id="p0170" num="0170">Table 2 demonstrates that the L* values of hair tresses dyed with the C8 alkyldiaminopyrazole combined with 2,6-dimethoxypyridine-3,5-diamine are significantly higher compared to the other alkyldiaminopyrazoles with 2,6-dimethoxypyridine-3,5-diamine. As the C8 alkyldiaminopyrazole combined with 2,6-dimethoxypyridine-3,5-diamine clearly does not give the desired color intensity, it will not be further analyzed or compared to the present invention. </p><p id="p0171" num="0171"> Wash Fade test </p><p id="p0172" num="0172"> The wash fade measures the fading of the color after repeated wash cycles (up to 24). In this test, five hair tresses are dyed and the initial color measurements are obtained, one is retained for reference. Shampoo is then applied according to this procedure. The four remaining hair tresses are thoroughly wet for 30 sec. 0.1 g of a conventional shampoo per gram of hair (e.g. 0.1 g shampoo for each 1.0 g tress) is applied. The shampoo is applied with a syringe using a zigzag action down the length of the hair. The shampoo is milked into hair for 30 sees, ensuring even application, at a speed of less than 30 strokes/60 seconds (for example- 1 stroke every 2 seconds) using a '2 fingers and thumb' action. </p><p id="p0173" num="0173"> The shampoo is then rinsed according to this procedure: the rinse water temperature is set to 37 °C + 1° C and flow-rate to 4 + 0.5 1/min. The sprayer is held at an angle to the tresses and the tresses are rinsed for 30 seconds while gently stroking the shampoo out of the hair (20 strokes total). Multiple tresses may be rinsed at the same time, as long as water is running over all tresses. A total time of 30 seconds and a total of 20 strokes should be used for multiple tresses. After rinsing, starting at the top of the tress, the tress is squeezed between fingers to remove excess water (one stroke). </p><p id="p0174" num="0174"> The tresses are then dried according to the procedure: the tresses are laid onto a clean paper towel and blotted gently. The tresses are held 10 cm from a blow dryer (set to high heat) and dryed 1.5 min while using fingers to separate the hair. If needed, the hair is brushed gently 
<!-- EPO <DP n="23"/>-->
 twice. The tresses are turned over and dried 1.5 min while using fingers to separate the hair. If needed, hair is brushed gently twice. Between washings, hair tresses are kept out of light; either wrapped in aluminum foil or stored in a drawer. </p><p id="p0175" num="0175"> This procedure is repeated on the remaining four hair tresses for each dye sample. Color readings are taken at the 3<sup>rd</sup>, 6<sup>th</sup>, 9<sup>th</sup>, 12<sup>th</sup>, 15<sup>th</sup>, 18<sup>th</sup>, 21<sup>st</sup> and 24<sup>th</sup> shampoo/rinse/dry cycle washing intervals. At the 6<sup>th</sup>, 12<sup>th</sup>, 18<sup>th</sup> and 24<sup>th</sup> shampoo/rinse/dry cycle one hair tress was retained for color measurements and visual assessments. </p><p id="p0176" num="0176"> For the present experiment, C5 and C6 alkyldiaminopyrazoles were tested in combination with a pyridine derivative of formula (II.2): 
<img id="imgf000023_0001" he="13" wi="30" file="imgf000023_0001.tif" img-format="tif" img-content="drawing" orientation="portrait" inline="no"/>
 </p><p id="p0177" num="0177"> (Π.2) </p><p id="p0178" num="0178"> The starting value (0 wash cycle) for each combination of dyes was taken as a reference and the delta ΔΕ* = V((AL*)<sup>2</sup> + (Aa*)<sup>2</sup> + (Ab*)<sup>2</sup>) values were calculated for each cycle relative to it AE<sub>X</sub>* = ((Lx* - L<sub>0</sub>*)<sup>2</sup> + (a<sub>x</sub>* - a<sub>0</sub>*)<sup>2</sup> + (b<sub>x</sub>* - b<sub>0</sub>*)<sup>2</sup>) . The results are summarized in the Table 4 below: </p><p id="p0179" num="0179"> Table 3: Wash fade testing result. </p><p id="p0180" num="0180"><img id="imgf000023_0002" he="28" wi="75" file="imgf000023_0002.tif" img-format="tif" img-content="table" orientation="portrait" inline="no"/></p><p id="p0181" num="0181"> As can be seen on Table 3, this experiment demonstrates a higher rate of loss of color from hair tresses dyed in the following order C5 &gt; C6. </p><p id="p0182" num="0182"> Diffusion testin2 </p><p id="p0183" num="0183"> The diffusion testing protocol measures the ability for the dye to stay within the hair when the fibers are wet. In this test, dyed tresses of hair were prepared as indicated above and then separately immersed in a 1 litre beaker containing 900.0 g water. The beaker was placed in the center of a stir plate and the tress attached to a clamping device that was used to lower the tress into the beaker. When in the beaker, the tress remained above the stir bar in the center of the beaker. The tress was lowered until the water line was at the top of the hair tress. The stir plate was turned on so that the stir bar would spin at approximately 100 rpm. All tresses were tested at 
<!-- EPO <DP n="24"/>-->
 the same spin rate. The tress was left in the beaker with stir bar rotating for three hours. After the three hours, the tresses were removed. The absorbance spectrum of the remaining solution was measured using a UV-vis spectrophotometer to characterize the amount of dye that diffused out of the hair into the solution. A full absorbance spectrum from 400 to 700 nm was measured and the absorbance at the peak maximum was measured for each case. The absorbance values for the C5 and C6 alkyldiaminopyrazole combinations are normalized and account for differences in starting dye concentrations in the hair fibers. </p><p id="p0184" num="0184"> Figure 1 demonstrates the rate of increase of absorbance values after following the diffusion testing protocol with hair tresses dyed with the indicated combination of C5 or C6 alkyldiaminopyrazole with 2,6-dimethoxypyridine-3,5-diamine. </p><p id="p0185" num="0185"> 1. ♦ a C5 alkyl diamino pyrazole in combination with 2,6-dimethoxypyridine-3,5- diamine. </p><p id="p0186" num="0186"> 2. ■ a C6 alkyl diamino pyrazole in combination with 2,6-dimethoxypyridine-3,5- diamine. </p><p id="p0187" num="0187"> Equations for lines on graph: </p><p id="p0188" num="0188"> C5 y = 6E-05x + 0.0081 </p><p id="p0189" num="0189"> C6 y = 3E-05x + 0.004 </p><p id="p0190" num="0190"> The C6 alkyldiaminopyrazole consistently leaches less dye materials into solution than the C5 alkyldiaminopyrazole. This implies that less color diffuses from the hair tresses containing the C6 relative to the C5 alkyldiaminopyrazole. </p><p id="p0191" num="0191"> Towel Bleedin2 </p><p id="p0192" num="0192"> A consumer relevant measure of the ability to see differences in washfastness is to assess how much color from wet dyed hair tresses transfers to a white cloth, such as a white wash cloth. The amounts of towel bleeding resulting from washed tresses dyed with a C5 alkyldiaminopyrazole and C6 alkyldiaminopyrazole with compound of formula (II.l) were measured using conventional ΔΕ* measurements. The testing method is summarized below: </p><p id="p0193" num="0193"> After washing a dyed hair switch by the method described above, place the switch on a white cloth (50% cotton, 50% polyester) with an average color reading of L*=95.8, a*=-1.40 and b*=0.89. Fold the cloth in half over the hair switches. Place a 2.27 kg weight on the folded cloth for 5 min. Upon removal of the hair, visual inspection shows a larger and more intense stain for the C5 alkyldiaminopyrazole compared to the C6 alkyldiaminopyrazole compound. The 
<!-- EPO <DP n="25"/>-->
 noticeability of the stain on the fabric was calculated using the ΔΕ measurements for C5 and C6 relative to the fabric, (see ΔΕ* values below). A higher ΔΕ* value shows more color transfer to the cloth (bleeding). </p><p id="p0194" num="0194"> Table 4: Towel bleeding results </p><p id="p0195" num="0195"><img id="imgf000025_0001" he="29" wi="76" file="imgf000025_0001.tif" img-format="tif" img-content="table" orientation="portrait" inline="no"/></p><p id="p0196" num="0196"> It was found that the C6 alkyldiaminopyrazole dye had a stain intensity of almost 50% less noticeable than the C5 alkyldiaminopyrazole dye after one wash cycle. </p><p id="p0197" num="0197"> Additional examples </p><p id="p0198" num="0198"> The Color Intensity, Diffusion Testing, and Towel Bleeding test as indicated above were conducted under the same conditions with a tint component comprising 2,5-toluenediamine sulfate (DTS) as a further primary intermediate as indicated in Table 5 below. </p><p id="p0199" num="0199"> Table 5: Tint Formulation with DTS </p><p id="p0200" num="0200">Ingredients Weight % </p><p id="p0201" num="0201"> Lanolin alcohol 2.0 </p><p id="p0202" num="0202"> Glyceryl stearate 5.5 </p><p id="p0203" num="0203"> Glycol Distearate 2.0 </p><p id="p0204" num="0204"> Cetearyl alcohol and SLS </p><p id="p0205" num="0205"> 17.5 </p><p id="p0206" num="0206"> (9:1) </p><p id="p0207" num="0207"> Sodium cocoyl isethionate 0.46 </p><p id="p0208" num="0208"> Sodium laureth sulfate 4.0 </p><p id="p0209" num="0209"> Ascorbic acid 0.3 </p><p id="p0210" num="0210"> Sodium sulfate 0.001 </p><p id="p0211" num="0211"> Sodium sulfite 0.4 </p><p id="p0212" num="0212"> Disodium EDTA 0.1 </p><p id="p0213" num="0213"> Sodium chloride 0.292 </p><p id="p0214" num="0214"> C5 pyrazole salt 0.869 </p><p id="p0215" num="0215"> Or Or </p><p id="p0216" num="0216"> C6 pyrazole salt 0.925 </p><p id="p0217" num="0217"> Or Or </p><p id="p0218" num="0218"> C8 Pyrazole salt 1.042 </p><p id="p0219" num="0219"> 2 , 6 -dimethoxypyridine- 3 , 5 -</p><p id="p0220" num="0220">1.211 </p><p id="p0221" num="0221"> diamine </p><p id="p0222" num="0222"> 2,5-toluenediamine sulfate </p><p id="p0223" num="0223"> 0.220 </p><p id="p0224" num="0224"> (DTS) 
<!-- EPO <DP n="26"/>-->
 Ammonia, 28.3% in water 6.43 </p><p id="p0225" num="0225"> Fragrance 0.25 </p><p id="p0226" num="0226"> QS to 100% </p><p id="p0227" num="0227"> Reverse osmosis water </p><p id="p0228" num="0228"> Total Wt </p><p id="p0229" num="0229"> The combined amount of pyrazole and DTS represents a total molar concentration of about 0.050M for these primary intermediates. </p><p id="p0230" num="0230"> The results are as indicated below. </p><p id="p0231" num="0231"> Color intensity </p><p id="p0232" num="0232"> Table 6: Comparison of L* values with DTS </p><p id="p0233" num="0233"><img id="imgf000026_0001" he="125" wi="95" file="imgf000026_0001.tif" img-format="tif" img-content="table" orientation="portrait" inline="no"/></p><p id="p0234" num="0234">Table 6 demonstrates that the L* values of hair tresses dyed with the C8 alkyldiaminopyrazole combined with 2,5-toluenediamine and 2,6-dimethoxypyridine-3,5- diamine are significantly higher compared to the other alkyldiaminopyrazoles with 2,5- toluenediamine and 2,6-dimethoxypyridine-3,5-diamine. 
<!-- EPO <DP n="27"/>-->
 Diffusion testing </p><p id="p0235" num="0235"> The same testing as described above was performed and results shown in Fig. 2 for:</p><p id="p0236" num="0236">1.♦ a C5 alkyl diamino pyrazole in combination with 2,6-dimethoxypyridine-3,5-diamine and DTS. </p><p id="p0237" num="0237"> 2.■ a C6 alkyl diamino pyrazole in combination with 2,6-dimethoxypyridine-3,5-diamine and DTS. </p><p id="p0238" num="0238"> Equations for lines on graph </p><p id="p0239" num="0239"> C5 y = 5E-05x + 0.0079 </p><p id="p0240" num="0240"> C6 y = 3E-05x + 0.0019 </p><p id="p0241" num="0241"> Towel Bleeding </p><p id="p0242" num="0242"> Table 7: Towel bleeding results </p><p id="p0243" num="0243"><img id="imgf000027_0001" he="30" wi="76" file="imgf000027_0001.tif" img-format="tif" img-content="table" orientation="portrait" inline="no"/></p><p id="p0244" num="0244"> Concluding remark </p><p id="p0245" num="0245">The dimensions and values disclosed herein are not to be understood as being strictly limited to the exact numerical values recited. Instead, unless otherwise specified, each such dimension is intended to mean both the recited value and a functionally equivalent range surrounding that value. For example, a dimension disclosed as "40 mm" is intended to mean "about 40 mm." 
</p></description><claims mxw-id="PCLM53454953" ref-ucid="WO-2013105992-A1" lang="EN" load-source="patent-office"><claim-statement><!-- EPO <DP n="28"/>-->CLAIMS </claim-statement><claim id="clm-0001" num="1"><claim-text> is claimed is: </claim-text><claim-text>A composition for the oxidative dyeing of keratin fibers, in particular human keratin fibers, comprising: </claim-text><claim-text> - (A) a l-hexyl/heptyl-4,5-diamino pyrazole compound of the general formula (I), a physiologically compatible water-soluble salt thereof, or mixtures thereof, </claim-text><claim-text> <img id="imgf000028_0001" he="37" wi="27" file="imgf000028_0001.tif" img-format="tif" img-content="drawing" orientation="portrait" inline="no"/> </claim-text><claim-text> wherein a is equal to one or two; </claim-text><claim-text> wherein Ri is selected from the group consisting of: </claim-text><claim-text> (a) C-linked substituents selected from the group consisting of: </claim-text><claim-text> (i) substituted or unsubstituted, straight or branched or cyclic, saturated or unsaturated, aliphatic or heteroaliphatic substituents, in particular alkyl or hydroxy substituted alkyl, </claim-text><claim-text> (ii) substituted or unsubstituted, mono- or poly- unsaturated aromatic or heteroaromatic substituents, in particular aryl or heteroaryl, </claim-text><claim-text> wherein said C-linked substituents comprise from 1 to 6 carbon atoms and from 0 to 5 heteroatoms selected from the group consisting of O, F, N, P and Si; </claim-text><claim-text> (b) S-linked substituents selected from the group consisting of SA<sup>1</sup>, SO2A<sup>1</sup>, SO<sub>3</sub>A<sup>1</sup>, SSA<sup>1</sup>, SOA<sup>1</sup>, SOzNA^<sup>2</sup>, SNA<sup>1</sup> A<sup>2</sup>, and SONA^<sup>2</sup>; </claim-text><claim-text> (c) O-linked substituents selected from the group consisting of OA<sup>1</sup>, ONA<sup>]</sup>A<sup>2</sup>; </claim-text><claim-text> (d) N-linked substituents selected from the group consisting of NA<sup>]</sup>A<sup>2</sup>; (NA<sup>1</sup>A<sup>2</sup>A<sup>3</sup>)<sup>+</sup>,</claim-text><claim-text>NA<sup>]</sup>SA<sup>2</sup>, N0<sub>2</sub>; NA<sup>]</sup>A<sup>2</sup>; </claim-text><claim-text> (e) halogens selected from the group consisting of F, CI, Br, and I; and </claim-text><claim-text> (f) hydrogen; </claim-text><claim-text>wherein A<sup>1</sup>, A<sup>2</sup>, and A<sup>3</sup> are selected independently of each other from the group consisting of hydrogen; substituted or unsubstituted, straight or branched or cyclic, saturated or unsaturated, aliphatic or heteroaliphatic or aromatic or heteroaromatic substituents, preferably substituted or unsubstituted alkyl, or A<sup>1</sup> and A<sup>2</sup> together with nitrogen atoms to which they are bound form a <!-- EPO <DP n="29"/>--> ring; wherein said substituents or ring comprise from 1 to 6 carbon atoms and from 0 to 5 heteroatoms selected from the group consisting of O, S, N, P, and Si; </claim-text><claim-text> R<sub>2</sub> and R3 are selected independently of each other from the group consisting of a hydrogen atom; a C1-C6 alkyl substituent; a trifluoromethyl substituent; a C1-C6 aminoalkyl substituent; a C1-C6 hydroxyalkyl substituent; C1-C6 an alkoxyalkyl substituent; </claim-text><claim-text> - (B) a pyridine compound of the general formula (II), a physiologically compatible water-soluble salt thereof, or mixtures thereof, <img id="imgf000029_0001" he="19" wi="23" file="imgf000029_0001.tif" img-format="tif" img-content="drawing" orientation="portrait" inline="no"/> </claim-text><claim-text> (II) </claim-text><claim-text> wherein R<sub>4</sub>, Rs<sub>,</sub> R<sub>6,</sub> R7 and Rs are substituents selected independently of each other from the group consisting of: </claim-text><claim-text> (a) C-linked substituents selected from the group consisting of: </claim-text><claim-text> (i) substituted or unsubstituted, straight or branched or cyclic, saturated or unsaturated, aliphatic or heteroaliphatic substituents, in particular alkyl or hydroxy substituted alkyl, </claim-text><claim-text> (ii) substituted or unsubstituted, mono- or poly- unsaturated aromatic or heteroaromatic substituents, in particular aryl or heteroaryl, </claim-text><claim-text> wherein said C-linked substituents comprise from 1 to 6 carbon atoms and from 0 to 5 heteroatoms selected from the group consisting of O, F, N, P and Si; </claim-text><claim-text> (b) S-linked substituents selected from the group consisting of SA<sup>1</sup>, SO<sub>2</sub>A<sup>1</sup>, SO<sub>3</sub>A<sup>1</sup>, SSA<sup>1</sup>, SOA<sup>1</sup>, SOzNA^<sup>2</sup>, SNA<sup>1</sup> A<sup>2</sup>, and SONA^<sup>2</sup>; </claim-text><claim-text> (c) O-linked substituents selected from the group consisting of OA<sup>1</sup>, ONA<sup>]</sup>A<sup>2</sup>; </claim-text><claim-text> (d) N-linked substituents selected from the group consisting of NA<sup>]</sup>A<sup>2</sup>; (NA<sup>1</sup>A<sup>2</sup>A<sup>3</sup>)<sup>+</sup>, NA<sup>]</sup>SA<sup>2</sup>, N0<sub>2</sub>; NA<sup>]</sup>A<sup>2</sup>; </claim-text><claim-text> (e) halogens selected from the group consisting of F, CI, Br, and I; and </claim-text><claim-text> (f) hydrogen; </claim-text><claim-text>wherein A<sup>1</sup>, A<sup>2</sup>, and A<sup>3</sup> are selected independently of each other from the group consisting of hydrogen; substituted or unsubstituted, straight or branched or cyclic, saturated or unsaturated, aliphatic or heteroaliphatic or aromatic or heteroaromatic substituents, preferably substituted or unsubstituted alkyl, or A<sup>1</sup> and A<sup>2</sup> together with nitrogen atoms to which they are bound form a <!-- EPO <DP n="30"/>--> ring; wherein said substituents or ring comprise from 1 to 6 carbon atoms and from 0 to 5 heteroatoms selected from the group consisting of O, S, N, P, and Si; and </claim-text><claim-text> - (C) an oxidizing agent. </claim-text></claim><claim id="clm-0002" num="2"><claim-text>2. A composition according to claim 1, wherein the l-hexyl/heptyl-4,5-diamino pyrazole compound (I) is a compound with formula (1.1): </claim-text><claim-text> <img id="imgf000030_0001" he="36" wi="21" file="imgf000030_0001.tif" img-format="tif" img-content="drawing" orientation="portrait" inline="no"/> </claim-text></claim><claim id="clm-0003" num="3"><claim-text>3. A composition according to claim 1 or 2, wherein the pyridine compound (II) is selected from com ounds with formula (II.l) to (II.4): <img id="imgf000030_0002" he="18" wi="110" file="imgf000030_0002.tif" img-format="tif" img-content="drawing" orientation="portrait" inline="no"/> </claim-text><claim-text> (II.1) <sub>,</sub> (II.2) <sub>,</sub> (II.3) . (II.4) preferably <img id="imgf000030_0003" he="14" wi="30" file="imgf000030_0003.tif" img-format="tif" img-content="drawing" orientation="portrait" inline="no"/> </claim-text><claim-text> (Π.2) </claim-text></claim><claim id="clm-0004" num="4"><claim-text>4. A composition according to any one of the preceding claims further comprising an auxiliary coupler, preferably wherein said auxiliary coupler is an aminophenol compound selected from the group consisting of: </claim-text><claim-text> <img id="imgf000030_0004" he="22" wi="115" file="imgf000030_0004.tif" img-format="tif" img-content="drawing" orientation="portrait" inline="no"/> </claim-text><claim-text> (ΠΙ.1) (III.2) (III.3) (III.4) <!-- EPO <DP n="31"/>--> <img id="imgf000031_0001" he="31" wi="105" file="imgf000031_0001.tif" img-format="tif" img-content="drawing" orientation="portrait" inline="no"/> </claim-text></claim><claim id="clm-0005" num="5"><claim-text>5. A composition according to any of the preceding claims, further comprising a primary intermediate selected from toluene-2,5-diamine, p-phenylenediamine, 2-hydroxyethyl-p- phenylenediamine, 2-methoxymethyl-p-phenylenediamine, 2-(2,5-diamino-4- methoxyphenyl)propane-l,3-diol, 2-chloro-p-phenylenediamine, 2-methoxy-p- phenylenediamine, 2-((2-(4-amino-phenylamino)-ethyl)-(2- hydroxyethyl)-amino)- ethanol, salts thereof and combination thereof. </claim-text></claim><claim id="clm-0006" num="6"><claim-text>6. A composition according to any one of the preceding claims further comprising at least one additional component selected from the group consisting of alkalizing agents, auxiliary primary intermediates, auxiliary couplers, direct dyes, thickeners, chelants, pH modifiers and/or buffering agents, radical scavenger systems and mixtures thereof. </claim-text></claim><claim id="clm-0007" num="7"><claim-text>7. A composition according to any of the preceding claims, further comprising fatty alcohols comprising from 14 to 30 carbon atoms, or oxyethylenated fatty alcohols comprising from 16 to 30 carbon atoms and 2 units or less of ethylene oxide. </claim-text></claim><claim id="clm-0008" num="8"><claim-text>8. A composition according to claim 7, further comprising at least one ionic or nonionic surfactant selected from: </claim-text><claim-text> anionic surfactants selected from C8-C30 alkyl sulfates, preferably C12-C18 alkyl sulfates, </claim-text><claim-text> anionic surfactants according to the formula R<sub>n</sub>X<sub>m</sub>YM, wherein R is independently selected from alkyl, alkenyl or alkylaryl groups having from 8 to 30 carbon atoms, X is independently selected from polar groups comprising at least one carbon atom and at least one oxygen or nitrogen atom, Y is an anionic group selected from carboxylates, sulfates, sulfonates or phosphates, n and m are independently 1 or 2, and M is hydrogen or a salt forming cation and mixture thereof, most preferably selected from C8-C30 alkyl ether phosphates having from 1 to 20, preferable 2 to 10 ethylene oxide units; <!-- EPO <DP n="32"/>--> non-ionic surfactant comprising one or more polyethyleneoxide chains, preferably each polyethyleneoxide chain has on average at least 50 ethylene oxide units and most preferably 100 to 200 ethylene oxide units; </claim-text><claim-text> cationic surfactants selected from quaternary ammonium salts or amido-amines having at least one fatty chain, preferably comprising at least 16 carbon atoms and most preferably at least 20 carbon atoms; and </claim-text><claim-text> mixtures thereof. </claim-text></claim><claim id="clm-0009" num="9"><claim-text>9. A composition according to claim 8 comprising a mixture of cetearyl alcohol and dicetyl phosphate and ceteth-10 phosphate. </claim-text></claim><claim id="clm-0010" num="10"><claim-text>10. A composition according to any of the preceding claims further comprising a chelant selected from the group consisting of: diethylenetriamine-N,N',N"-polyacids, diethylenetriaminepentaacetic acid (DTP A), diethylenetriaminepenta(methylene phosphonic acid) (DTPMP), diamine-N,N'-dipolyacid, monoamine monoamide-N,N'- dipolyacid, and N,N'-bis(2-hydroxybenzyl)ethylenediamine-N,N'-diacetic acid chelants (preferably EDDS (ethylenediaminedisuccinic acid)), carboxylic acids (preferably aminocarboxylic acids), phosphonic acids (preferably aminophosphonic acids) and polyphosphoric acids (in particular straight polyphosphoric acids), their salts and derivatives . </claim-text></claim><claim id="clm-0011" num="11"><claim-text>11. A composition according to any of the preceding claims wherein said oxidizing agent is selected from the group consisting of hydrogen peroxide, sodium periodate, urea peroxide, melamine peroxide, perborates, percarbonates, perphosphates, persilicates, persulfates, oxidizing enzymes such as uricases, oxidases, and peroxidases, a source of peroxymonocarbonate ions and mixtures thereof. </claim-text></claim><claim id="clm-0012" num="12"><claim-text>12. A composition according to any of the preceding claims, wherein said composition is dispensed as a foam. </claim-text></claim><claim id="clm-0013" num="13"><claim-text>13. A method of dyeing hair comprising the steps of: </claim-text><claim-text> (i) providing a tint component comprising (a) a l-hexyl/heptyl-4,5-diaminopyrazole compound of the general formula (I) as defined in claim 1 , a physiologically compatible water-soluble salt thereof or mixtures thereof and, (b) a pyridine compound of the general <!-- EPO <DP n="33"/>--> formula (II) as defined in claim 1, a physiologically compatible water-soluble salt thereof or mixtures thereof; </claim-text><claim-text> (ii) providing a developer component comprising (c) an oxidizing agent; </claim-text><claim-text> (iii) mixing the tint component and the developer component to obtain a composition for the oxidative dyeing of keratin fibers according to any of the preceding claims; </claim-text><claim-text> (iv) applying said composition for the oxidative dyeing of keratin fibers onto the hair. </claim-text></claim><claim id="clm-0014" num="14"><claim-text>14. An oxidative hair dyeing kit comprising: (i) a tint component comprising (a) a 1- hexyl/heptyl-4,5-diamino pyrazole compound of the general formula (I) as defined in claim 1, a physiologically compatible water-soluble salt thereof or mixtures thereof and, (b) a pyridine compound of the general formula (II) as defined in claim 1, a physiologically compatible water-soluble salt thereof or mixtures thereof, and ii) a developer component comprising an oxidizing agent. </claim-text></claim><claim id="clm-0015" num="15"><claim-text>15. A tint component comprising (a) a l-hexyl/heptyl-4,5-diaminopyrazole compound of the general formula (I) as defined in claim 1, a physiologically compatible, water-soluble salt thereof or mixtures thereof and; (b) a pyridine compound of the general formula (II) as defined in claim 1, a physiologically compatible water-soluble salt thereof or mixtures thereof. </claim-text></claim></claims><copyright>User acknowledges that Fairview Research LLC and its third party providers retain all right, title and interest in and to this xml under applicable copyright laws.  User acquires no ownership rights to this xml including but not limited to its format.  User hereby accepts the terms and conditions of the Licence Agreement</copyright></patent-document>
