<?xml version="1.0" encoding="UTF-8"?>
<patent-document ucid="EP-2678273-A1" country="EP" doc-number="2678273" kind="A1" date="20140101" family-id="45814479" file-reference-id="302763" date-produced="20180826" status="corrected" lang="DE"><bibliographic-data><publication-reference fvid="146551222" ucid="EP-2678273-A1"><document-id><country>EP</country><doc-number>2678273</doc-number><kind>A1</kind><date>20140101</date><lang>DE</lang></document-id></publication-reference><application-reference ucid="EP-12708099-A" is-representative="NO"><document-id mxw-id="PAPP154825145" load-source="docdb" format="epo"><country>EP</country><doc-number>12708099</doc-number><kind>A</kind><date>20120223</date><lang>DE</lang></document-id><document-id mxw-id="PAPP184034266" load-source="docdb" format="original"><country>EP</country><doc-number>12708099.2</doc-number><date>20120223</date></document-id></application-reference><priority-claims><priority-claim mxw-id="PPC140454639" ucid="DE-102011000908-A" load-source="docdb"><document-id format="epo"><country>DE</country><doc-number>102011000908</doc-number><kind>A</kind><date>20110224</date></document-id></priority-claim><priority-claim mxw-id="PPC140452865" ucid="EP-2012053090-W" linkage-type="W" load-source="docdb"><document-id format="epo"><country>EP</country><doc-number>2012053090</doc-number><kind>W</kind><date>20120223</date></document-id></priority-claim></priority-claims><technical-data><classifications-ipcr><classification-ipcr mxw-id="PCL1988125497" load-source="docdb">C01G   1/04        20060101AFI20120914BHEP        </classification-ipcr></classifications-ipcr><classifications-cpc><classification-cpc mxw-id="PCL1988115912" load-source="docdb" scheme="CPC">C01G   1/04        20130101 FI20130101BHEP        </classification-cpc></classifications-cpc><invention-title mxw-id="PT132186150" lang="DE" load-source="patent-office">VERFAHREN UND VORRICHTUNG ZUM GASPHASENTRANSPORT VON METALLELEMENTEN</invention-title><invention-title mxw-id="PT132186151" lang="EN" load-source="patent-office">METHOD AND DEVICE FOR TRANSPORTING METAL ELEMENTS IN THE GAS PHASE</invention-title><invention-title mxw-id="PT132186152" lang="FR" load-source="patent-office">PROCÉDÉ ET DISPOSITIF DE TRANSPORT D'ÉLÉMENTS MÉTALLIQUES EN PHASE GAZEUSE</invention-title><citations><non-patent-citations><nplcit><text>See references of WO 2012113877A1</text><sources><source mxw-id="PNPL67451888" load-source="docdb" name="SEA"/></sources></nplcit></non-patent-citations></citations></technical-data><parties><applicants><applicant mxw-id="PPAR1073943170" load-source="docdb" sequence="1" format="epo"><addressbook><last-name>GSI HELMHOLTZZENTRUM SCHWERIONENFORSCHUNG GMBH</last-name><address><country>DE</country></address></addressbook></applicant><applicant mxw-id="PPAR918143915" load-source="docdb" sequence="1" format="intermediate"><addressbook><last-name>GSI HELMHOLTZZENTRUM FUER SCHWERIONENFORSCHUNG GMBH</last-name></addressbook></applicant><applicant mxw-id="PPAR918983134" load-source="patent-office" sequence="1" format="original"><addressbook><last-name>GSI Helmholtzzentrum für Schwerionenforschung GmbH</last-name><iid>101074316</iid><address><street>Planckstrasse 1</street><city>64291 Darmstadt</city><country>DE</country></address></addressbook></applicant><applicant mxw-id="PPAR918145799" load-source="docdb" sequence="2" format="epo"><addressbook><last-name>UNIV MUENCHEN TECH</last-name><address><country>DE</country></address></addressbook></applicant><applicant mxw-id="PPAR918162835" load-source="docdb" sequence="2" format="intermediate"><addressbook><last-name>TECHNISCHE UNIVERSITAET MUENCHEN</last-name></addressbook></applicant><applicant mxw-id="PPAR918979745" load-source="patent-office" sequence="2" format="original"><addressbook><last-name>Technische Universität München</last-name><iid>100233324</iid><address><street>Arcisstrasse 21</street><city>80333 München</city><country>DE</country></address></addressbook></applicant><applicant mxw-id="PPAR918146693" load-source="docdb" sequence="3" format="epo"><addressbook><last-name>SCHERRER INST PAUL</last-name><address><country>CH</country></address></addressbook></applicant><applicant mxw-id="PPAR918158315" load-source="docdb" sequence="3" format="intermediate"><addressbook><last-name>PAUL SCHERRER INSTITUT</last-name></addressbook></applicant><applicant mxw-id="PPAR918988723" load-source="patent-office" sequence="3" format="original"><addressbook><last-name>Paul Scherrer Institut</last-name><iid>101334989</iid><address><city>5232 Villigen PSI</city><country>CH</country></address></addressbook></applicant></applicants><inventors><inventor mxw-id="PPAR918168582" load-source="docdb" sequence="1" format="epo"><addressbook><last-name>DUELLMANN CHRISTOPH</last-name><address><country>DE</country></address></addressbook></inventor><inventor mxw-id="PPAR918163539" load-source="docdb" sequence="1" format="intermediate"><addressbook><last-name>DUELLMANN, CHRISTOPH</last-name></addressbook></inventor><inventor mxw-id="PPAR918992049" load-source="patent-office" sequence="1" format="original"><addressbook><last-name>DÜLLMANN, Christoph</last-name><address><street>Im Sanktwendel 36</street><city>64342 Seeheim-Jugenheim</city><country>DE</country></address></addressbook></inventor><inventor mxw-id="PPAR918157912" load-source="docdb" sequence="2" format="epo"><addressbook><last-name>DVORAK JAN</last-name><address><country>CZ</country></address></addressbook></inventor><inventor mxw-id="PPAR918141512" load-source="docdb" sequence="2" format="intermediate"><addressbook><last-name>DVORAK, JAN</last-name></addressbook></inventor><inventor mxw-id="PPAR918986119" load-source="patent-office" sequence="2" format="original"><addressbook><last-name>DVORAK, JAN</last-name><address><street>Milenovice 11</street><city>39811 Protivin</city><country>CZ</country></address></addressbook></inventor><inventor mxw-id="PPAR918171694" load-source="docdb" sequence="3" format="epo"><addressbook><last-name>SCHAEDEL MATTHIAS</last-name><address><country>DE</country></address></addressbook></inventor><inventor mxw-id="PPAR918145231" load-source="docdb" sequence="3" format="intermediate"><addressbook><last-name>SCHAEDEL, MATTHIAS</last-name></addressbook></inventor><inventor mxw-id="PPAR918980959" load-source="patent-office" sequence="3" format="original"><addressbook><last-name>SCHÄDEL, Matthias</last-name><address><street>Schöne Aussicht 46</street><city>65193 Wiesbaden</city><country>DE</country></address></addressbook></inventor><inventor mxw-id="PPAR918162081" load-source="docdb" sequence="4" format="epo"><addressbook><last-name>TUERLER ANDREAS</last-name><address><country>CH</country></address></addressbook></inventor><inventor mxw-id="PPAR918154054" load-source="docdb" sequence="4" format="intermediate"><addressbook><last-name>TUERLER, ANDREAS</last-name></addressbook></inventor><inventor mxw-id="PPAR918981643" load-source="patent-office" sequence="4" format="original"><addressbook><last-name>TÜRLER, Andreas</last-name><address><street>Bernstrasse 41 A</street><city>CH-3072 Ostermundigen</city><country>CH</country></address></addressbook></inventor><inventor mxw-id="PPAR918151147" load-source="docdb" sequence="5" format="epo"><addressbook><last-name>EVEN JULIA</last-name><address><country>DE</country></address></addressbook></inventor><inventor mxw-id="PPAR918135407" load-source="docdb" sequence="5" format="intermediate"><addressbook><last-name>EVEN, Julia</last-name></addressbook></inventor><inventor mxw-id="PPAR918987351" load-source="patent-office" sequence="5" format="original"><addressbook><last-name>EVEN, Julia</last-name><address><street>Viktoriaplatz 8</street><city>64293 Darmstadt</city><country>DE</country></address></addressbook></inventor><inventor mxw-id="PPAR918164553" load-source="docdb" sequence="6" format="epo"><addressbook><last-name>KRATZ JENS VOLKER</last-name><address><country>DE</country></address></addressbook></inventor><inventor mxw-id="PPAR918152291" load-source="docdb" sequence="6" format="intermediate"><addressbook><last-name>KRATZ, Jens Volker</last-name></addressbook></inventor><inventor mxw-id="PPAR918981829" load-source="patent-office" sequence="6" format="original"><addressbook><last-name>KRATZ, Jens Volker</last-name><address><street>Lion-Feuchtwanger-Strasse 55</street><city>55129 Mainz</city><country>DE</country></address></addressbook></inventor><inventor mxw-id="PPAR918147900" load-source="docdb" sequence="7" format="epo"><addressbook><last-name>NIEWISCH LORENZ</last-name><address><country>DE</country></address></addressbook></inventor><inventor mxw-id="PPAR918132583" load-source="docdb" sequence="7" format="intermediate"><addressbook><last-name>NIEWISCH, Lorenz</last-name></addressbook></inventor><inventor mxw-id="PPAR918988763" load-source="patent-office" sequence="7" format="original"><addressbook><last-name>NIEWISCH, Lorenz</last-name><address><street>Max-Hufschmidt-Str. 15</street><city>55130 Mainz</city><country>DE</country></address></addressbook></inventor><inventor mxw-id="PPAR918148547" load-source="docdb" sequence="8" format="epo"><addressbook><last-name>WIEHL NORBERT</last-name><address><country>DE</country></address></addressbook></inventor><inventor mxw-id="PPAR918138099" load-source="docdb" sequence="8" format="intermediate"><addressbook><last-name>WIEHL, Norbert</last-name></addressbook></inventor><inventor mxw-id="PPAR918978802" load-source="patent-office" sequence="8" format="original"><addressbook><last-name>WIEHL, Norbert</last-name><address><street>Am Alten Sportplatz 11</street><city>55127 Mainz</city><country>DE</country></address></addressbook></inventor><inventor mxw-id="PPAR918147621" load-source="docdb" sequence="9" format="epo"><addressbook><last-name>YAKUSHEV ALEXANDER</last-name><address><country>DE</country></address></addressbook></inventor><inventor mxw-id="PPAR918164319" load-source="docdb" sequence="9" format="intermediate"><addressbook><last-name>YAKUSHEV, ALEXANDER</last-name></addressbook></inventor><inventor mxw-id="PPAR918983605" load-source="patent-office" sequence="9" format="original"><addressbook><last-name>YAKUSHEV, ALEXANDER</last-name><address><street>Freyerstrasse 10C</street><city>64291 Darmstadt</city><country>DE</country></address></addressbook></inventor></inventors><agents><agent mxw-id="PPAR918993370" load-source="patent-office" sequence="1" format="original"><addressbook><last-name>Blumbach - Zinngrebe</last-name><iid>100060880</iid><address><street>Patentanwälte Alexandrastrasse 5</street><city>65187 Wiesbaden</city><country>DE</country></address></addressbook></agent></agents></parties><international-convention-data><pct-or-regional-filing-data ucid="EP-2012053090-W"><document-id><country>EP</country><doc-number>2012053090</doc-number><kind>W</kind><date>20120223</date><lang>DE</lang></document-id></pct-or-regional-filing-data><pct-or-regional-publishing-data ucid="WO-2012113877-A1"><document-id><country>WO</country><doc-number>2012113877</doc-number><kind>A1</kind><date>20120830</date><lang>DE</lang></document-id></pct-or-regional-publishing-data><designated-states><ep-contracting-states><country mxw-id="DS548836852" load-source="docdb">AL</country><country mxw-id="DS548934206" load-source="docdb">AT</country><country mxw-id="DS548836853" load-source="docdb">BE</country><country mxw-id="DS548865227" load-source="docdb">BG</country><country mxw-id="DS548928140" load-source="docdb">CH</country><country mxw-id="DS548926526" load-source="docdb">CY</country><country mxw-id="DS548934207" load-source="docdb">CZ</country><country mxw-id="DS548928604" load-source="docdb">DE</country><country mxw-id="DS548836854" load-source="docdb">DK</country><country mxw-id="DS548926527" load-source="docdb">EE</country><country mxw-id="DS548912938" load-source="docdb">ES</country><country mxw-id="DS548865228" load-source="docdb">FI</country><country mxw-id="DS548865229" load-source="docdb">FR</country><country mxw-id="DS548928605" load-source="docdb">GB</country><country mxw-id="DS548836855" load-source="docdb">GR</country><country mxw-id="DS548928614" load-source="docdb">HR</country><country mxw-id="DS548926528" load-source="docdb">HU</country><country mxw-id="DS548928141" load-source="docdb">IE</country><country mxw-id="DS548836856" load-source="docdb">IS</country><country mxw-id="DS548865230" load-source="docdb">IT</country><country mxw-id="DS548836857" load-source="docdb">LI</country><country mxw-id="DS548928615" load-source="docdb">LT</country><country mxw-id="DS548934208" load-source="docdb">LU</country><country mxw-id="DS548928616" load-source="docdb">LV</country><country mxw-id="DS548928617" load-source="docdb">MC</country><country mxw-id="DS548934209" load-source="docdb">MK</country><country mxw-id="DS548934210" load-source="docdb">MT</country><country mxw-id="DS548934211" load-source="docdb">NL</country><country mxw-id="DS548926529" load-source="docdb">NO</country><country mxw-id="DS548934212" load-source="docdb">PL</country><country mxw-id="DS548836858" load-source="docdb">PT</country><country mxw-id="DS548934213" load-source="docdb">RO</country><country mxw-id="DS548836859" load-source="docdb">RS</country><country mxw-id="DS548934214" load-source="docdb">SE</country><country mxw-id="DS548928626" load-source="docdb">SI</country><country mxw-id="DS548926550" load-source="docdb">SK</country><country mxw-id="DS548926551" load-source="docdb">SM</country><country mxw-id="DS548912939" load-source="docdb">TR</country></ep-contracting-states></designated-states></international-convention-data><office-specific-data><eptags><ep-no-a-document-published>*</ep-no-a-document-published></eptags></office-specific-data></bibliographic-data><abstract mxw-id="PA99625464" ref-ucid="WO-2012113877-A1" lang="DE" load-source="patent-office"><p num="0000">Vorrichtung und Verfahren zum Erzeugen, Bereitstellen und Transportieren von Metallelementen in gasförmiger Phase, wobei das Trägergas Kohlenstoffmonoxid enthält und das Trägergas und die Metallelemente in einem Reaktionsvolumen zusammengeführt werden und die Metallelemente und Kohlenstoffmonoxid zu Metallelement-Carbonyl-Komplexen synthetisieren.</p></abstract><abstract mxw-id="PA99823983" ref-ucid="WO-2012113877-A1" lang="DE" source="national office" load-source="docdb"><p>Vorrichtung und Verfahren zum Erzeugen, Bereitstellen und Transportieren von Metallelementen in gasförmiger Phase, wobei das Trägergas Kohlenstoffmonoxid enthält und das Trägergas und die Metallelemente in einem Reaktionsvolumen zusammengeführt werden und die Metallelemente und Kohlenstoffmonoxid zu Metallelement-Carbonyl-Komplexen synthetisieren.</p></abstract><abstract mxw-id="PA99625465" ref-ucid="WO-2012113877-A1" lang="EN" load-source="patent-office"><p num="0000">The invention relates to a device and method for producing, providing, and transporting metal elements in the gaseous phase, wherein the carrier gas contains carbon monoxide and the carrier gas and the metal elements are brought together in a reaction volume and the metal elements and carbon monoxide combine to synthesize metal-element carbonyl complexes.</p></abstract><abstract mxw-id="PA99823984" ref-ucid="WO-2012113877-A1" lang="EN" source="national office" load-source="docdb"><p>The invention relates to a device and method for producing, providing, and transporting metal elements in the gaseous phase, wherein the carrier gas contains carbon monoxide and the carrier gas and the metal elements are brought together in a reaction volume and the metal elements and carbon monoxide combine to synthesize metal-element carbonyl complexes.</p></abstract><abstract mxw-id="PA99625466" ref-ucid="WO-2012113877-A1" lang="FR" load-source="patent-office"><p num="0000">L'invention concerne un dispositif et un procédé pour produire, mettre à disposition et transporter des éléments métalliques en phase gazeuse. Le gaz porteur contient du monoxyde de carbone, le gaz porteur et les éléments métalliques sont combinés sous la forme d'un volume réactionnel et les éléments métalliques et le monoxyde de carbone sont synthétisés sous forme de complexes éléments métalliques-carbonyle.</p></abstract><abstract mxw-id="PA99823985" ref-ucid="WO-2012113877-A1" lang="FR" source="national office" load-source="docdb"><p>L'invention concerne un dispositif et un procédé pour produire, mettre à disposition et transporter des éléments métalliques en phase gazeuse. Le gaz porteur contient du monoxyde de carbone, le gaz porteur et les éléments métalliques sont combinés sous la forme d'un volume réactionnel et les éléments métalliques et le monoxyde de carbone sont synthétisés sous forme de complexes éléments métalliques-carbonyle.</p></abstract><description mxw-id="PDES50931257" ref-ucid="WO-2012113877-A1" lang="DE" load-source="patent-office"><!-- EPO <DP n="3"/>--><p id="p0001" num="0001"> Verfahren und Vorrichtung zum </p><p id="p0002" num="0002"> Gasphasentransport von Metallelementen </p><p id="p0003" num="0003">Beschreibung </p><p id="p0004" num="0004">Gebiet der Erfindung </p><p id="p0005" num="0005"> Die Erfindung betrifft ein Verfahren und eine Vorrichtung zum Transport von Metallelementen in gasförmiger Phase. </p><p id="p0006" num="0006">Hintergrund der Erfindung </p><p id="p0007" num="0007"> Die Beobachtung der chemisch-physikalischen Eigenschaften von verschiedensten Elementen geschieht zunächst durch die Beobachtung von deren molekularen Eigenschaften. Gerade zur Synthese neuartiger chemischer Verbindungsklassen von </p><p id="p0008" num="0008">Transactinoiden und anderen Elementen des Periodensystems, wie Übergangsmetalle und Elemente der d- und p-Gruppen, ist es in der Regel nicht möglich, einen makroskopischen </p><p id="p0009" num="0009">Feststoff- oder Flüssigkörper zu beobachten, sondern man beobachtet unter Umständen das Verhalten von einzelnen Atomen und Molekülen. </p><p id="p0010" num="0010">Zur Erzeugung dieser Elemente des Periodensystems ist es ein brauchbarer Weg, einen Körper aus einem Material, insbesondere einem Festkörper als Target zu verwenden und dieses Target mit einer Strahlung zu aktivieren. Je nach der zur Verfügung stehenden Strahlungsquelle und dem </p><p id="p0011" num="0011">Element, welches hauptsächlich erzeugt werden soll, wird das Targetmaterial ausgewählt und der Strahlung ausgesetzt, wobei durch Kernreaktionen schließlich die gewünschten Elemente entstehen. Beispielsweise können thermische </p><p id="p0012" num="0012">Neutronen verwendet und eine neutroneninduzierte 
<!-- EPO <DP n="4"/>-->
 Kernspaltung hervorgerufen werden, wie dies z.B. am </p><p id="p0013" num="0013">Forschungsreaktor TRIGA Mainz an der Johannes Gutenberg Universität in Mainz, Deutschland, möglich ist. Beschleunigereinrichtungen, beispielsweise die der GSI Helmholtzzent um für Schwerionenforschung GmbH in </p><p id="p0014" num="0014">Darmstadt, Deutschland (im Folgenden GSI) , können ebenfalls eingesetzt werden. Zur Erzeugung von Elementen mit </p><p id="p0015" num="0015">unterschiedlicher Masse, beispielsweise zur Erzeugung von Metallelementen, beispielsweise von Übergangsmetallen, kann ein Ionenstrahl eines Linearbeschleunigers, eines </p><p id="p0016" num="0016">Synchrotrons, beispielsweise des Schwerionenstrahls der GSI, oder eines Zyklotrons auf ein ausgewähltes Target geschossen werden. </p><p id="p0017" num="0017">Die Vermessung, Verwendung und Nutzbarmachung der </p><p id="p0018" num="0018">physikalisch-chemischen Eigenschaften der Metallelemente ist dabei äußerst schwierig, da die Metallelemente </p><p id="p0019" num="0019">teilweise sehr kurzlebig sind. Ferner neigen manche </p><p id="p0020" num="0020">Metallelemente stark dazu, an allen physikalischen </p><p id="p0021" num="0021"> Objekten, wie beispielsweise einer Umwandung, </p><p id="p0022" num="0022">beispielsweise durch Adsorption anzuhaften. </p><p id="p0023" num="0023">Darüber hinaus ist es aufgrund der oft extremen </p><p id="p0024" num="0024">Strahlungsbelastung, bedingt durch bei der Erzeugung der Metallelemente ablaufende Kernprozesse, schwierig bis unmöglich, am Ort der Entstehung der Metallelemente ihre Eigenschaften zu vermessen oder zu benutzen. Deshalb ist es zweckmäßig, wenn die Metallelemente vom Ort ihrer </p><p id="p0025" num="0025">Entstehung abtransportiert werden können. 
<!-- EPO <DP n="5"/>-->
 Insbesondere kann es von Interesse sein, refraktäre </p><p id="p0026" num="0026">Metallelemente von einem Ort zu einem anderen Ort zu transportieren, ohne diese durch Adsorption zum Beispiel an einer Wand einer Kammer, beispielsweise einer </p><p id="p0027" num="0027">Reaktionskammer oder Vakuumkammer, in der die </p><p id="p0028" num="0028">Metallelemente erzeugt werden, oder an einer </p><p id="p0029" num="0029">Transportleitung beim Transportprozess zu verlieren. </p><p id="p0030" num="0030">Bisherige Verfahren, die einen Transport von </p><p id="p0031" num="0031">Metallelementen ermöglichen, benötigen für ihre </p><p id="p0032" num="0032"> Durchführbarkeit teils extreme Umgebungsbedingungen in Druck und Temperatur. Die Beherrschung dieser Bedingungen ist neben den ohnehin extremen Erzeugungsbedingungen der Metallelemente oftmals so schwierig, dass dadurch die </p><p id="p0033" num="0033">Ausbeute gering wird, so dass ein Mess- oder </p><p id="p0034" num="0034"> Anwendungsverfahren nicht durchführbar ist, schwieriger ist oder zumindest länger dauert. </p><p id="p0035" num="0035">Bei einem vielfach eingesetzten Verfahren wird ein Cluster- Gasj et verwendet, wobei einem Inertgas Aerosolcluster aus festen oder flüssigen Stoffen wie beispielsweise </p><p id="p0036" num="0036">Kaliumchlorid, Bleijodid, Kohlenstoff oder Molybdäntrioxid, Latex, Öl oder Wasser beigefügt wird, wobei die refraktären Elemente sich an die Aerosolcluster anlagern und auf diese Weise mit den Aerosolteilchen im Gasfluss transportiert werden. Zum Nachteil dieses Verfahrens ist es, dass es nicht selektiv arbeitet und außerdem keine konstante </p><p id="p0037" num="0037">Ausbeute aus dem Cluster-Gas et gewährleistet werden kann. Dies kann darauf zurückzuführen sein, dass sich während des Betriebs die Aerosolteilchen an einigen Stellen im System anlagern und dadurch die Systemeigenschaften nachteilig beeinflusst werden können. Für eine weitere Verwendung wäre 
<!-- EPO <DP n="6"/>-->
 eine Trennung der refraktären Elemente von den Clustern notwendig. Dies ist schwierig, energieintensiv und </p><p id="p0038" num="0038">zeitaufwändig . Bei einem weiteren an sich bekannten Verfahren zum </p><p id="p0039" num="0039">selektiven Transport der Metallelemente Ruthenium, Osmium, Rhenium, Molybdän und Technetium werden diese als </p><p id="p0040" num="0040">nichtrefraktäre Oxide, Oxychloride oder Hydroxide in einem Gasstrom transportiert, indem dem Gasstrom Sauerstoff und/oder Wasser oder chlorierende Medien beigemengt werden. Hierfür sind allerdings hohe Temperaturen von mehreren hundert Grad Celsius nötig, um den Prozess zu starten. </p><p id="p0041" num="0041">Eine weitere Möglichkeit besteht in ausgewählten Fällen in der Synthese nichtreaktiver Fluoride. Beispielsweise kann in der induzierten Kernspaltung von Uran-235 Spaltzirkon erzeugt werden. Hierfür wird UF<sub>3</sub> als Targetmaterial </p><p id="p0042" num="0042">verwendet und auf über 400°C erhitzt. Auf diese Art lässt sich in diesen Experimenten nichtreaktives ZrF4 erzeugen und bei einem Druck von 10<sup>-7</sup> bar transportieren. Auch dieses Verfahren benötigt extreme Umgebungsbedingungen. </p><p id="p0043" num="0043">Allgemeine Beschreibung der Erfindung </p><p id="p0044" num="0044"> Die Erfindung hat sich daher die Aufgabe gestellt, ein Verfahren bereitzustellen, welches es ermöglicht, </p><p id="p0045" num="0045">Metallelemente, insbesondere bei moderaten </p><p id="p0046" num="0046"> Umgebungsbedingungen, von einem Ort zu einem entfernten Ort zu transportieren, um dort die Metallelemente an sich nachweisen zu können, aber auch deren physikalisch- chemische Eigenschaften zu vermessen oder die </p><p id="p0047" num="0047"> Metallelemente dort anderweitig verwenden zu können. 
<!-- EPO <DP n="7"/>-->
 Die Aufgabe der Erfindung wird durch die Gegenstände der unabhängigen Ansprüche gelöst. Vorteilhafte Weiterbildungen der Erfindung sind in den Unteransprüchen definiert. Erfindungsgemäß werden Metallelemente mittels der Synthese von Metallelement-Carbonyl-Komplexen in einen </p><p id="p0048" num="0048">transportfähigen Zustand versetzt und können dadurch auch über größere Entfernungen in der gasförmigen Phase mit einem Trägergas transportiert werden. </p><p id="p0049" num="0049">Der Transport der Metallelemente in der gasförmigen Phase erweist sich als besonders vorteilhaft. Zum einen ist durch diesen Prozess kein Phasenübergang zu einer anderen, beispielsweise festen Phase für den Transport notwendig, so dass die Metallelemente nicht erst aufwändig aus der anderen Phase in die gasförmige Phase für eine </p><p id="p0050" num="0050">Weiterverwendung rücküberführt werden müssen. Dieser erzwungene Phasenübergang zurück in die gasförmige Phase ist beim Stand der Technik nur mit hohen Verlustraten und hohem Energieeinsatz möglich. Zum anderen ist aber durch die erfindungsgemäße und im Weiteren beschriebene </p><p id="p0051" num="0051">Carbonylbildung gewährleistet, dass die Metallelemente im Wesentlichen nicht an physischen Objekten auf dem </p><p id="p0052" num="0052">Transportweg anhaften und so dem Transportprozess nicht mehr zur Verfügung stehen. </p><p id="p0053" num="0053">Erfindungsgemäß enthält das Trägergas Kohlenstoffmonoxid. Das Trägergas wird bevorzugt mit den Metallelementen in einem Reaktionsvolumen zusammengeführt, wobei die </p><p id="p0054" num="0054">Metallelemente und die Kohlenstoffmonoxidmoleküle des</p><p id="p0055" num="0055">Trägergases direkt zu Metallelement-Carbonyl-Komplexen synthetisieren können. Metallelement-Carbonyl-Komplexe sind 
<!-- EPO <DP n="8"/>-->
 Komplexverbindungen von Metallelementen mit </p><p id="p0056" num="0056">Kohlenstoffmonoxid-Liganden. Die Komplexverbindungen haben die allgemeine Struktur d<sub>m</sub>(C0)<sub>n</sub>. Unter dem Begriff </p><p id="p0057" num="0057"> „Carbonyl-Komplex" werden hierin im Weiteren sowohl </p><p id="p0058" num="0058">einfache Carbonyl-Komplexe mit nur einem </p><p id="p0059" num="0059"> Kohlenstoffmonoxid-Liganden als auch solche mit mehreren Kohlenstoffmonoxid-Liganden verstanden. Ferner werden unter dem Begriff „Carbonyl-Komplex" hierin sowohl einkernige Carbonyl-Komplexe (m=l) als auch mehrkernige Carbonyl- Komplexe (m&gt;l) verstanden. </p><p id="p0060" num="0060">Mit anderen Worten werden die Metallelemente direkt in der gasförmigen Phase zu Metallelement-Carbonyl-Komplexen synthetisiert und sind dadurch stabil in der gasförmigen Phase transportierbar. Demnach sind bei der vorliegenden Erfindung die Metallelement-Carbonyl-Komplexe selbst gasförmig . </p><p id="p0061" num="0061">Die Metallelemente werden somit aus dem Target herausgelöst und gehen dabei in die gasförmige Phase über. Anschließend synthetisieren die gasförmigen Metallelemente in dem </p><p id="p0062" num="0062">Reaktionsvolumen mit dem molekularen Kohlenstoffmonoxid zu den gasförmigen Metallelement-Carbonyl-Komplexen. D.h. es findet beim Synthetisieren eine (exotherme) chemische </p><p id="p0063" num="0063">Reaktion unter Verbleib in der gasförmigen Phase zwischen den Metallelementen und dem molekularen Kohlenstoffmonoxid statt, wobei die gasförmigen Metallelement-Carbonyl- Komplexe entstehen. Ein physikalischer Phasenübergang der Metallelemente, beispielsweise ein simples Ausfrieren an Aerosolclustern, wie es der Stand der Technik beschreibt, ist mit all seinen 
<!-- EPO <DP n="9"/>-->
Nachteilen nicht notwendig. Im Gegensatz dazu können in überraschender Weise die Voraussetzungen für eine </p><p id="p0064" num="0064">unmittelbare Synthetisierung der Metallelement-Carbonyl- Komplexe und somit für einen direkten Gasphasentransport der Metallelemente geschaffen werden. </p><p id="p0065" num="0065">Anhand der drei nachfolgend aufgeführten beispielhaften Reaktionsgleichungen sollen die Prozesse zur </p><p id="p0066" num="0066">erfindungsgemäßen Synthese der Metallelement-Carbonyl- Komplexe, die in Folge als Carbonyl-Komplexsynthese </p><p id="p0067" num="0067">bezeichnet wird, beschrieben werden. </p><p id="p0068" num="0068">u^Mo + 6 CO — &gt; <sup>I J</sup>^Mo(CO)<sub>6</sub> </p><p id="p0069" num="0069"> l<sup> 08</sup> u + 5 CO — &gt; <sup>108</sup>Ru(CO)<sub>5</sub> </p><p id="p0070" num="0070"> m <sup>x</sup>d + n CO — &gt; <sup>x</sup>d<sub>m</sub>(CO) </p><p id="p0071" num="0071">So kann beispielsweise ein erzeugtes Metallelement </p><p id="p0072" num="0072">Molybdän-104 vorzugsweise mit sechs </p><p id="p0073" num="0073"> Kohlenstoffmonoxidmolekülen zu einer oktaedrischen Mo(CO)<sub>6</sub>- Carbonyl-Komplexverbindung synthetisieren. Ein ebenfalls erzeugtes Metallelement Ruthenium-108 kann vorzugsweise mit fünf Kohlenstoffmonoxidmolekülen zu einer trigonal- bipyramidalen Ru (CO) <sub>5</sub>-Carbonyl-Komplexverbindung </p><p id="p0074" num="0074">synthetisieren. Gegebenenfalls kann dieses im weiteren Verlauf auch zu dem Metallelement-Carbonyl-Komplex Ru<sub>3</sub>(CO)i<sub>2</sub> synthetisieren. Im Allgemeinen kann sich ein Metallelement 
<!-- EPO <DP n="10"/>-->
mit Ladungszahl X mit n Kohlenstoffmonoxidmolekülen </p><p id="p0075" num="0075">verbinden, so dass die 18-Elektronenregel erfüllt wird. Das synthetisierte Metallelement-Carbonyl-Komplex kann in der Form <sup>x</sup>dm(CO)„ vorliegen, wobei x für die Massenzahl des jeweiligen Isotops, m für die Anzahl der jeweiligen </p><p id="p0076" num="0076"> Metallelement-Atome (d) in dem Metallelement-Carbonyl- Komplex und n für die Anzahl der Kohlenstoffmonoxid- Liganden (CO) in dem Metallelement-Carbonyl-Komplex steht. Die Anzahl m der jeweiligen Metallelement-Atome sowie die Anzahl n der Kohlenstoffmonoxid-Liganden kann jeweils jede natürliche Zahl einschließlich „eins" sein. </p><p id="p0077" num="0077">In dem Falle m &gt; 1 liegt ein mehrkerniger Metallelement- Carbonyl-Komplex vor. Beispiele für Metallelemente, welche typischerweise bevorzugt mehrkernige Metallelement- Carbonyl-Komplexe ausbilden, sind insbesondere </p><p id="p0078" num="0078">Metallelemente aus der 7 . Gruppe des Periodensystems, also insbesondere Rhenium sowie Technetium, beispielsweise in der Form der Isotope Rhenium-188 (<sup>188</sup>Re) oder Technetium- 99 (<sup>99</sup>Tc) . </p><p id="p0079" num="0079">So synthetisieren beispielsweise im Falle des Rheniums bevorzugt 2 Rheniumkerne mit 10 Kohlenstoffmonoxid- Molekülen zu einem <sup>188</sup>Re<sub>2</sub> (CO) io , wobei zwei quadratisch- pyramidale <sup>188</sup>Re (CO) <sub>5</sub>-Teilkerne über eine Metall-Metall- Verbindung miteinander verbunden sind. Im Falle des </p><p id="p0080" num="0080">Technetiums synthetisieren bevorzugt 2 Technetiumkerne sowie 10 Kohlenstoffmonoxid-Liganden zu <sup>99</sup>Το<sub>2</sub> (00) ιο , mit einem mit dem Rhenium vergleichbaren geometrischen Aufbau. </p><p id="p0081" num="0081">Im Allgemeinen synthetisieren Metallelemente der 6 . und 8 . Gruppe des Periodensystems bevorzugt zu einkernigen 
<!-- EPO <DP n="11"/>-->
Metallelement-Carbonyl-Komplexen, wohingegen Metallelemente der 7. Gruppe mit einer ungeraden Anzahl an </p><p id="p0082" num="0082">Valenzelektronen bevorzugt mehrkernige Metallelement- Carbonyl-Komplexe bilden. Die für ein jeweiliges Element bevorzugte Anzahl Kerne (Metallelemente) je Metallelement- Carbonyl-Komplex ergibt sich zumeist unter Beachtung der 18-Elektronenregel für das jeweilige Metallelement. </p><p id="p0083" num="0083">Die synthetisierten Metallelement-Carbonyl-Komplexe haften beispielsweise nicht oder jeweils nur kurz an Oberflächen an, weisen also eine hohe Flüchtigkeit auf. Dadurch sind die Metallelement-Carbonyl-Komplexe zum Transport geeignet und können auch über größere Distanzen z.B. durch </p><p id="p0084" num="0084">Transportieitungen wie Schläuche oder Rohre transportiert werden . </p><p id="p0085" num="0085">Von großem Vorteil bei diesem Verfahren ist, dass die </p><p id="p0086" num="0086">Synthese der Metallelement-Carbonyl-Komplexe direkt aus molekularem Kohlenstoffmonoxidgas und den Metallelementen erfolgreich bei moderaten Bedingungen ohne Zwischenreaktion ablaufen kann. Das Verfahren kann bei einer Temperatur im Intervall zwischen 50 bis 600 K und bei einem Druck </p><p id="p0087" num="0087">zwischen 0,00005 bis 200 bar realisiert werden. Eine Besonderheit ist aber, dass das Verfahren bei einer </p><p id="p0088" num="0088">Temperatur im Intervall zwischen 200 bis 400 K und </p><p id="p0089" num="0089">besonders bevorzugt bei einer Temperatur im Intervall zwischen 250 bis 310 K durchgeführt werden kann. Ebenfalls bevorzugt kann das Verfahren bei einem Druck im Intervall zwischen 0,005 bis 20 bar und besonders bevorzugt bei einem Druck im Intervall zwischen 0,1 bis 10 bar durchgeführt werden. Die Carbonyl-Komplexsynthese kann ebenfalls bei gewöhnlichen Raumbedingungen stattfinden, also bei einer 
<!-- EPO <DP n="12"/>-->
Temperatur von ungefähr 290 K ±10K und bei einem </p><p id="p0090" num="0090">Gasgesamtdruck von ungefähr 1 Bar + 0,5 Bar, dem </p><p id="p0091" num="0091">Atmosphärendruck entsprechend. In der Synthesekammer kann das Trägergas kann neben dem</p><p id="p0092" num="0092">Kohlenstoffmonoxid einen nicht reaktiven und damit inerten Gasbestandteil enthalten. Der Anteil des nicht reaktiven Gases kann je nach Aufbau einer verwendeten Vorrichtung unterschiedlich sein. Bevorzugt kann das inerte Gas </p><p id="p0093" num="0093">beispielsweise Helium oder N<sub>2</sub> sein. Im Wesentlichen dient der nicht reaktive Gasbestandteil der Moderation der zu transportierenden Metallelemente im Reaktionsvolumen der Synthesevorrichtung. Dadurch können die Metallelemente von höheren kinetischen Energien, die diese nach ihrer </p><p id="p0094" num="0094">Erzeugung haben können, auf eine dem Trägergas angepasste Energie abgebremst werden. Hierdurch kann die </p><p id="p0095" num="0095">Wahrscheinlichkeit für die Synthetisierung der </p><p id="p0096" num="0096">Metallelement-Carbonyl-Komplexe vergrößert werden. Hierdurch können die aus einem Target emittierten </p><p id="p0097" num="0097"> Metallelemente durch die Trägergasteilchen moderiert werden. Die Effizienz der Moderation ist insbesondere von dem Massenverhältnis der beteiligten Teilchen abhängig. Hierbei kann durch die Auswahl der Trägergasteilchen, dem Anteil des Kohlenstoffmonoxids an dem Trägergas, der </p><p id="p0098" num="0098">Einstellung des Drucks und/oder der Einstellung der </p><p id="p0099" num="0099">Temperatur des Trägergases die Moderation gezielt </p><p id="p0100" num="0100">beeinflusst werden. Somit kann die Ausbeute und die </p><p id="p0101" num="0101">Selektivität der Carbonyl-Komplexsynthese gezielt </p><p id="p0102" num="0102">beeinflusst werden. Insbesondere in den Fällen, in denen es aus den Erzeugungsbedingungen ersichtlich ist, dass die erzeugten Metallelemente bereits thermalisiert sind oder 
<!-- EPO <DP n="13"/>-->
 durch das Kohlenstoffmonoxid allein thermalisiert werden können, kann das Trägergas auch vollständig oder zumindest im Wesentlichen aus Kohlenstoffmonoxid bestehen. Unter Thermalisieren ist hierbei zu verstehen, dass die Energie der Metallelemente der kinetischen Energie der </p><p id="p0103" num="0103"> Trägergasteilchen im Wesentlichen entspricht. Es ist aber auch möglich einen hohen Anteil von Kohlenstoffmonoxid mit beispielsweise einem Mindestanteil von bevorzugt 95%, </p><p id="p0104" num="0104">besonders bevorzugt 99% im Trägergas vorzusehen. </p><p id="p0105" num="0105">Je nach gewähltem geometrischen Aufbau, dem Ionenstrahl, der Energie der Rückstoßkerne und Art der anderen Gase im Trägergas kann ein geringerer Anteil von Kohlenstoffmonoxid zur Bildung der Komplexe ausreichend sein. Der Anteil des Kohlenstoffmonoxids kann hierbei deutlich unter 50% liegen. </p><p id="p0106" num="0106">Das kohlenstoffmonoxidhaltige Trägergas kann neben </p><p id="p0107" num="0107">Kohlenstoffmonoxid auch einen weiteren reaktiven </p><p id="p0108" num="0108">Gasbestandteil in der Synthesekammer enthalten. </p><p id="p0109" num="0109">Metallelemente, Kohlenstoffmonoxid und Bestandteile des weiteren Reaktivgases können gegebenenfalls zu </p><p id="p0110" num="0110">Carbonylkomplexen oder zu Carbonylkomplexen enthaltenden Verbindungen synthetisieren. Durch die Einstellung des Weiteren reaktiven Gasbestandteils kann bevorzugt die </p><p id="p0111" num="0111">Moderation und/oder die Selektivität der Carbonyl- Komplexsynthese beeinflusst werden. </p><p id="p0112" num="0112">Das Reaktionsvolumen kann in der Synthesekammer </p><p id="p0113" num="0113">bereitgestellt werden. Neben Abschirmungszwecken kann die Synthesekammer eine gezielte Gasströmung des Trägergases ermöglichen. Mittels einer Zuleitung, also beispielsweise einem Schlauch aus Polyethylen oder einem Rohr aus Kupfer, 
<!-- EPO <DP n="14"/>-->
kann das Gas in die Synthesekammer und das darin </p><p id="p0114" num="0114">beherbergte Reaktionsvolumen geführt werden. Mit einfachen Schlauchanschlüssen oder Rohrflanschen kann neben der </p><p id="p0115" num="0115">Zuleitung auch eine Transportleitung an einer </p><p id="p0116" num="0116">Auslassöffnung, insbesondere einem Gasauslass der </p><p id="p0117" num="0117"> Synthesekammer befestigt sein. An diesem Auslass kann dann das Trägergas ausströmen. Mit dem Trägergas können </p><p id="p0118" num="0118">ebenfalls die Metallelement-Carbonyl-Komplexe die Syntheseoder Reaktionskammer verlassen und mittels einer mit der Reaktionskammer verbundenen Gastransportleitung zu einem vom Erzeugungsort der Metallelemente entfernten Ort </p><p id="p0119" num="0119">transportieren werden. An dem entfernten Ort können die Metallelemente (in Carbonyl-Komplex-Form) nachgewiesen, experimentell untersucht und/oder einer weiteren Verwendung zugeführt werden. Ein Transport von atomaren </p><p id="p0120" num="0120"> Metallelementen, also solchen die nicht in Form von </p><p id="p0121" num="0121">Carbonyl-Komplexen verbunden sind, wurde hingegen bisher, außer bei Quecksilber (Hg) , nicht nachgewiesen und ist sehr unwahrscheinlich, insbesondere nahezu nicht realisierbar. Dies deshalb, da diese wenig flüchtig sind und wenn sie nicht bereits an der Wand der Synthesekammer anhaften, binnen kürzester Zeit an der Gastransportleitung anhaften werden und somit nicht mit dem Gasstrom mitgeführt werden können . </p><p id="p0122" num="0122">Die Bereitstellung und der Transport der Metallelement- Carbonyl-Komplexe erfolgt demnach in einem Gasphasen- Durchfluss-Verfahren. Somit kann vorteilhafterweise erst die Überführung der in der Reaktionskammer erzeugten </p><p id="p0123" num="0123">Metallelemente in Metallelement-Carbonyl-Komplexe einen</p><p id="p0124" num="0124">Transport dieser ermöglichen. 
<!-- EPO <DP n="15"/>-->
 Die Materialauswahl der verwendeten Gastransportleitung kann einen Einfluss auf die beim Transport der </p><p id="p0125" num="0125">Metallelement-Carbonyl-Komplexe erzielte Ausbeute haben. Es ist generell eine Vielzahl an einfachen Materialien zur Verwendung als Gastransportleitung denkbar. Insbesondere einfache Kunststoffe, wie beispielsweise Polyethylen (PE) oder Polytetrafluorethylen (PTFE) , können als Material für eine Gastransportleitung verwendet werden. Zum Teil kann die Wahl des Materials der Gastransportleitung von der Strahlungsbeständigkeit des jeweiligen Materials abhängig sein, da diese zumindest teilweise in einem Bereich geführt sein kann, in welchem eine stark erhöhte </p><p id="p0126" num="0126"> Strahlungsbelastung vorliegen kann. Am Ort der Verwendung der erzeugten Elemente, insbesondere der radioaktiven </p><p id="p0127" num="0127">Elemente kann somit eine geringe oder sogar keine </p><p id="p0128" num="0128">zusätzliche Strahlungsbelastung vorliegen. Die Länge der Gastransportleitung kann daher vorzugsweise gerade derart gewählt sein, um durch eine </p><p id="p0129" num="0129"> Strahlungsabschirmungseinrichtung, beispielsweise eine ausreichend dicke Betonmauer, hindurchgelegt werden zu können . </p><p id="p0130" num="0130">Die Gasströmung durch die jeweiligen Leitungen kann durch verschiedene Einstellungen angepasst werden. Insbesondere kann die Fördermenge des Trägergases die die </p><p id="p0131" num="0131"> Strömungsgeschwindigkeit direkt beeinflussen kann, </p><p id="p0132" num="0132">eingestellt werden. Die Fördermenge der einzelnen </p><p id="p0133" num="0133">Trägergasbestandteile kann dabei einzeln an jeder Gasquelle eingestellt werden. Als Gasquelle für jeden Bestandteil des Trägergases kann typischerweise eine Druckgasflasche dienen, an der ein Druckminderer angeschlossen sein kann. Dies kann eine individuelle Massenflussregelung 
<!-- EPO <DP n="16"/>-->
 gewährleisten. Die Einstellung der Fördermenge kann zum einen an die Aufbaugeometrie, wie z.B. den Durchmesser oder die Länge der verbauten Leitungen, angepasst sein. Zum anderen kann die Fördermengeneinstellung auch an die mittlere Lebensdauer der Metallelemente angepasst sein. Dadurch können in Bezug auf ihre radioaktive </p><p id="p0134" num="0134">Zerfallswahrscheinlichkeit sehr kurzlebige Metallelemente unter Umständen mit höherer Strömungsgeschwindigkeit als weniger kurzlebige Metallelemente transportiert werden, um das Transportziel , den entfernten Ort, zu erreichen. Des Weiteren kann die einzustellende Strömungsgeschwindigkeit auch abhängig davon sein, bei welcher </p><p id="p0135" num="0135">Strömungsgeschwindigkeit ein optimaler Einfang der </p><p id="p0136" num="0136">Metallelemente durch das Trägergas gewährleistet ist. Im Allgemeinen kann die Fördermenge in einem Bereich zwischen 1 ml/min und 10 1/min eingestellt werden, um den Gasfluss diesen Bedingungen anzupassen. </p><p id="p0137" num="0137">Dabei kann zur Erzeugung der Metallelemente eine </p><p id="p0138" num="0138">physikalische Reaktion verwendet werden. Hierbei wird beispielsweise ein Objekt, genannt Target, von einer </p><p id="p0139" num="0139">Strahlungsquelle bestrahlt, dadurch aktiviert und in einer Reaktion, insbesondere einer Kernreaktion können die </p><p id="p0140" num="0140">Metallelemente erzeugt werden. Eine Kernreaktion kann beispielsweise eine Kernspaltung, ein Kernfusionsprozess oder ein Kernzerfall sein. </p><p id="p0141" num="0141">Im Falle der Kernspaltung kann diese insbesondere durch Neutronen induziert werden. Beispielsweise können die Neutronen in einem Kernreaktor erzeugt werden. Hierbei können bevorzugt thermische Neutronen verwendet werden. Diese Bedingungen können beispielsweise am 
<!-- EPO <DP n="17"/>-->
Forschungsreaktor TRIGA Mainz an der Johannes Gutenberg Universität in Mainz erfüllt werden. </p><p id="p0142" num="0142">Ferner können die Metallelemente mittels Kernspaltung unter Verwendung von Teilchenstrahlen, insbesondere eines </p><p id="p0143" num="0143"> Teilchen- oder Ionenbeschleunigers, erzeugt werden. Ein Teilchenbeschleuniger ist insbesondere ein </p><p id="p0144" num="0144">Linearbeschleuniger, ein Synchrotron oder ein Zyklotron. Die Teilchen- bzw. Ionenstrahlen können beispielsweise bei Einrichtungen wie der GSI Helmholtzzentrum für </p><p id="p0145" num="0145"> Schwerionenforschung GmbH in Darmstadt/Deutschland zur Verfügung gestellt werden. Die besonderen Anforderungen an die Strahlung, die zur Erzeugung der gewünschten </p><p id="p0146" num="0146">Metallelemente führen, sind an sich bekannt. Das Target wird demnach mit beispielsweise Hadronen-enthaltender </p><p id="p0147" num="0147"> Strahlung, d.h. mit Hadronen selbst (z.B. Neutronen) oder Hadronen-enthaltenden Teilchen (z.B. Ionen) bestrahlt. Es ist beispielsweise aber auch möglich, Photonen oder </p><p id="p0148" num="0148">Elektronen induzierte Strahlung zu verwenden. </p><p id="p0149" num="0149">Das Material des Targets wird bevorzugt danach ausgesucht, welche Metallelemente erzeugt werden sollen. Als Material können beispielsweise Actinoiden, insbesondere die </p><p id="p0150" num="0150">verschiedenen spaltfähigen Elemente wie Uran, Plutonium oder Californium oder Objekte, die diese Materialien enthalten, eingesetzt werden. Die Materialien Uran, </p><p id="p0151" num="0151">Plutonium oder Californium haben eine eweils </p><p id="p0152" num="0152">materialeigene Wahrscheinlichkeit dafür, ein bestimmtes Element, darunter das erwünschte Metallelement wie </p><p id="p0153" num="0153">beispielsweise Molybdän, Technetium, Rhenium, Rhodium oder</p><p id="p0154" num="0154">Ruthenium zu erzeugen. 
<!-- EPO <DP n="18"/>-->
 Da die Reichweiten der erzeugten Metallelemente verhältnismäßig kurz sind, kann der Bereich, in dem die erzeugten Metallelemente zu erwarten sind, direkt mit dem Trägergas geflutet werden. Insbesondere da sich die </p><p id="p0155" num="0155">Einzelteilchen bei einem Kontakt mit einem physischen </p><p id="p0156" num="0156">Objekt mit hoher Wahrscheinlichkeit direkt an dieses anhaften können, können sie somit nicht von einem Trägergas aufgenommen und/oder transportiert werden. Insbesondere kann das Target direkt vom Trägergas umspült werden, um einen Kontakt der erzeugten Elemente, insbesondere der refraktären Metallelemente beispielsweise mit der Außenhaut der Synthesekammer zu vermeiden, bevor diese mit den </p><p id="p0157" num="0157">Kohlenstoffmonoxidmolekülen zu Metallelement-Carbonyl- Komplexen synthetisiert werden können. Dies kann die </p><p id="p0158" num="0158">Ausbeute der Synthese der Metallelement-Carbonyl-Komplexe erhöhen . </p><p id="p0159" num="0159">Die Reichweite der erzeugten Metallelemente kann </p><p id="p0160" num="0160">insbesondere in Abhängigkeit von der Energie der Strahlung, durch Auswahl des Targets sowie durch Druck und </p><p id="p0161" num="0161"> Zusammensetzung des Trägergases beeinflusst werden. </p><p id="p0162" num="0162">Bevorzugt werden die Bedingungen (insbesondere Gasart, Gasmischung, Temperatur, Druck und/oder Größe der </p><p id="p0163" num="0163">Synthesekammer) so gewählt, dass die Reichweite der </p><p id="p0164" num="0164">Metallelemente derart ist, dass mindestens 5 % der </p><p id="p0165" num="0165">erzeugten Metallelemente in der Synthesekammer mittels des Trägergases moderiert, also abgebremst, werden. Bevorzugter werden allerdings mehr Metallelemente mittels des </p><p id="p0166" num="0166">Trägergases moderiert als durch zu große Reichweite </p><p id="p0167" num="0167">verlorengeht. Besonders bevorzugt ist die Reichweite der</p><p id="p0168" num="0168">Metallelemente derart beeinflusst, dass zumindest 98 % der Metallelemente in der Synthesekammer mittels des 
<!-- EPO <DP n="19"/>-->
 Trägergases moderiert werden können, um eine möglichst hohe Ausbeute für den späteren Transport der Metallelemente zu ermöglichen. Bevorzugt werden Metallelemente erzeugt, die zumeist kurzlebig, diejenigen beispielsweise aus der Gruppe der Transactinoiden sogar extrem kurzlebig sind. Die </p><p id="p0169" num="0169">Halbwertszeiten der kurzlebigen refraktären Metallelemente liegen dabei typischerweise unter 10 Minuten, diejenigen der extrem kurzlebigen im Bereich unter 100 Millisekunden. Beim Zerfall der Metallelemente emittieren diese eine radioaktive Strahlung. Diese radioaktive Strahlung der radioaktiv zerfallenden Metallelemente lässt sich mittels eines Strahlungsdetektors in einer Nachweiseinrichtung messen. Baut man den Detektor nachgeschaltet zu der an die Synthesekammer angeschlossene Transportleitung an, so lässt die Existenz der Metallelemente, insbesondere in Form der Metallelement-Carbonyl-Komplexe am Ort des Zerfalls, entfernt vom Ort der Erzeugung deren Transport mittels des Trägergases zweifelsfrei nachweisen. </p><p id="p0170" num="0170">Die Metallelemente haben vorzugsweise radioaktive </p><p id="p0171" num="0171">Eigenschaften. Das Vorhandensein einer wohldefinierten Halbwertszeit ermöglicht beispielsweise verschiedene </p><p id="p0172" num="0172">Nachweisverfahren, auf die im weiteren Verlauf der </p><p id="p0173" num="0173"> Beschreibung noch eingegangen wird, sowie verschiedene Anwendungsmöglichkeiten für den Metallelement-Transport. So können Anwendungsmöglichkeiten für den erfindungsgemäßen Metallelement-Transport beispielsweise in der Tribologie, in der Radiochemie sowie der Nuklearmedizin zu finden sein. 
<!-- EPO <DP n="20"/>-->
Der Ort der Verwendung kann dann beispielsweise ein Raum sein, in dem sich Personen aufhalten können, beispielsweise ein Behandlungs- oder Therapiezimmer. Die Metallelemente können dann in dem Raum oder dem Therapiezimmer ihrer </p><p id="p0174" num="0174">Verwendung zugeführt werden. </p><p id="p0175" num="0175">Beispielsweise kann es im Bereich der Nuklearmedizin beispielsweise bei einer szintigraphischen Untersuchung, beispielsweise von Skelett, Lunge, Schilddrüse, Nieren, Herz sowie Tumore von erheblichem Vorteil sein, möglichst kurzlebige radioaktive Materialien als sogenannte </p><p id="p0176" num="0176">radioaktive „Marker" (Tracer) zu verwenden. Indem die unmittelbar zuvor erzeugten Metallelemente nach der </p><p id="p0177" num="0177">Carbonyl-Komplexbildung über die Gastransportiertung in die Nähe des Patienten gebracht werden, kann eine möglichst geringe Strahlungsbelastung des Patienten erreicht werden. Es können dadurch genau auf den Zweck der Untersuchung abgestimmte radioaktive Isotope verwendet werden. </p><p id="p0178" num="0178">Gleichzeitig kann Strahlungsbelastung des Patienten </p><p id="p0179" num="0179">erheblich reduziert werden. </p><p id="p0180" num="0180">Bevorzugt werden Metallelemente, insbesondere refraktäre Metallelemente mittels des vorstehend beschriebenen </p><p id="p0181" num="0181">Verfahrens in die gasförmige Phase überführt. Somit ist es bevorzugt ermöglicht Metallelemente, insbesondere </p><p id="p0182" num="0182">refraktäre Metallelemente zu transportieren. Die zu transportierenden Metallelemente sind vorzugsweise Elemente aus den Nebengrup en, also den d-Gruppen des </p><p id="p0183" num="0183">Periodensystems. Es können aber auch Metallelemente aus dem Bereich der Hauptgruppen des Periodensystems sein, die mittels des beschriebenen Verfahrens in gasförmiger Phase transportiert werden können. Dies können beispielsweise 
<!-- EPO <DP n="21"/>-->
 Indium, Tallium oder Germanium sein. Des Weiteren können auch die Elemente der Actinide und Lanthanide mittels beschriebenem Verfahren transportiert werden. Refraktäre Metallelemente aus den d-Gruppen des Periodensystems können insbesondere Ruthenium, Iridium, Rhodium, Osmium, Rhenium, Molybdän, Wolfram oder Technetium, insbesondere radioaktiv zerfallende Isotope dieser Elemente sein. </p><p id="p0184" num="0184">Das gezeigte Verfahren arbeitet vorzugsweise selektiv. Die Selektion eines bestimmten Metallelements aus einer Reihe von erzeugten oder vorhandenen Metallelementen geschieht dabei in Abhängigkeit von verschiedenen Prozessparametern. Beispielsweise durch die Einstellung des </p><p id="p0185" num="0185">Kohlenstoffmonoxidanteils am Trägergas und/oder der </p><p id="p0186" num="0186">Fördermenge des Trägergases kann die Selektivität des </p><p id="p0187" num="0187"> Transportprozesses gezielt beeinflusst werden. Ferner kann darüber hinaus die aus der Erzeugungswahrscheinlichkeit des gewählten Targetmaterials resultierende Teilchenzahl einen Einfluss auf die Selektivität der Metallelement-Carbonyl- Komplexsynthese haben. Diese kann bei richtiger Wahl bereits die Entstehung eines ausgewählten Metallelements bevorzugen. </p><p id="p0188" num="0188">Zur Erzeugung und Bereitstellung von Metallelementen in gasförmiger Phase wird ein Reaktionsvolumen definiert, in welchem die Metallelemente mit dem Kohlenstoffmonoxid des Trägergases zu Metallelement-Carbonyl-Komplexen </p><p id="p0189" num="0189">synthetisieren können. Bei den gebildeten Carbonyl- Komplexen kann durch die synergistischen Sigma-Donor/Pi- Akzeptor-Wechselwirkungen des Kohlenstoffmonoxids mit dem</p><p id="p0190" num="0190">Metallelement eine besondere Stabilität erreicht werden. Durch diese Wechselwirkungen werden Elektronen vom 
<!-- EPO <DP n="22"/>-->
 gefüllten Sigma-Orbital des Kohlenstoffmonoxids in </p><p id="p0191" num="0191"> symmetrieäquivalente Orbitale des Metallelements und von gefüllten Orbitalen des Metallelements in leere Pi-Orbitale der Kohlenstoffmonoxid-Mehrfachbindung verschoben. Diese Elektronendelokalisierung ruft eine energetische </p><p id="p0192" num="0192"> Stabilisierung hervor. Dies wird auch „nephelauxetischer Effekt" genannt. </p><p id="p0193" num="0193">Die Struktur des synthetisierten Metallelement-Carbonyl- Komplexes wird in erster Linie durch das VSEPR-Modell und die 18-Elektronen-Regel vorhergesagt. Carbonyl-Komplexe mit mehreren oder sogar verschiedenen Metallelementen sind aufgrund der Dichte der Metallelement-Teilchen im </p><p id="p0194" num="0194">Reaktionsvolumen unwahrscheinlich, sollen aber nicht ausgeschlossen sein. Die resultierende Carbonyl-</p><p id="p0195" num="0195">Komplexsymmetrie kann dementsprechend je nach Metallelement beispielsweise tetraedisch, trigonal-bipyramidal , </p><p id="p0196" num="0196">oktaedrisch sein. Im Falle der Synthese zweier </p><p id="p0197" num="0197">Metallelement-Teilchen in einem Metallelement-Carbonyl- Komplex kann die Symmetrie aber auch beispielsweise </p><p id="p0198" num="0198">zweifach trigonal-bipyramidal staggered oder zweifach oktaedrisch staggered sein. Die Metallelemente </p><p id="p0199" num="0199">beispielsweise der 6. Gruppe bilden aufgrund der 18- Elektronen-Regel vorzugsweise Hexacarbonyl- Komplexverbindungen, diejenigen der 8. Gruppe </p><p id="p0200" num="0200"> Pentacarbonyl-Komplexe. Das Metallelement Molybdän der 6. Gruppe bildet beispielsweise mit hoher Wahrscheinlichkeit eine Hexacarbonyl-Komplexverbindung in Form von <sup>104</sup>Mo(CO)<sub>6</sub>. Hierbei synthetisieren sechs Kohlenstoffmonoxid-Moleküle mit einem <sup>104</sup>Mo zu einem Metallelement-Carbonyl-Komplex in</p><p id="p0201" num="0201">Form eines Mo-Carbonyl-Komplexes mit oktaedrischer </p><p id="p0202" num="0202">Symmetrie . 
<!-- EPO <DP n="23"/>-->
Das Reaktionsvolumen kann in einer Vorrichtung in einer Synthesekammer beherbergt sein, welche auch eine Zuleitung zur Bereitstellung und Einleitung des </p><p id="p0203" num="0203">kohlenstoffmonoxidhaltigen Trägergases aufweist, um das Trägergas und die in der Synthesekammer erzeugten oder in die Synthesekammer eingebrachten Metallelemente im </p><p id="p0204" num="0204">Reaktionsvolumen zusammenzuführen. Die synthetisierten Metallelement-Carbonyl-Komplexe sind somit in der </p><p id="p0205" num="0205">Synthesekammer umgeben von dem Trägergas für den Transport zur Verfügung gestellt und können über einen Auslass mit dem Trägergas aus der Synthesekammer ausgeleitet werden. Da der Erzeugung der Metallelemente eine oftmals hohe </p><p id="p0206" num="0206">Strahlungsbelastung einhergehen kann, ist der Abtransport der Metallelemente vom Ort der Entstehung zu einem </p><p id="p0207" num="0207">strahlengeschützten Ort der Verwendung zweckmäßig. </p><p id="p0208" num="0208">Das Reaktionsvolumen wird insbesondere stets mit </p><p id="p0209" num="0209">einströmendem Trägergas gespült, so dass eine stete </p><p id="p0210" num="0210">Strömung erzeugt werden kann mit welcher die Metallelement- Carbonyl-Komplexe mitgeführt werden können. Insbesondere kann, bei geeigneter Wahl der Synthesekammergeometrie, in einem solchen Durchflussbetrieb das ganze Reaktionsvolumen beständig mit dem frischen einströmenden Trägergas gespült werden, um stillstehende Strömungsbereiche zu vermeiden. </p><p id="p0211" num="0211">Die Erzeugung der Metallelemente geschieht insbesondere durch ein Target aus spaltbarem Material, welches durch eine Strahlungsquelle bestrahlt und aktiviert wird. Die Metallelemente können demnach direkt im Prozess </p><p id="p0212" num="0212">beziehungsweise unmittelbar vor der CarbonylSynthese und dem Transportprozess erzeugt werden, insbesondere in oder 
<!-- EPO <DP n="24"/>-->
 in der Nähe der Synthesekammer. Bei einer induzierten </p><p id="p0213" num="0213">Kernreaktion in Form einer Kernspaltung können viele verschiedene Kernfragmente entstehen und dadurch und durch deren weitere Zerfallsprozesse eine zusätzliche </p><p id="p0214" num="0214">Strahlungsbelastung vorliegen. Es können demnach auch primäre Kernreaktionsprodukte, insbesondere Spaltprodukte, transportiert bzw. verwendet werden. Bedingt durch die zumeist kurzen Reichweiten der Metallelemente ist es dennoch zweckmäßig, das Target unmittelbar in der </p><p id="p0215" num="0215">Synthesekammer anzubringen. Das Target kann aber auch außerhalb der Synthesekammer angebracht sein. </p><p id="p0216" num="0216">Zur Abschirmung von weiteren, insbesondere schwereren </p><p id="p0217" num="0217">Kernfragmenten, die nicht dem gewünschten Metallelement entsprechen, kann auf das Target vorzugsweise eine </p><p id="p0218" num="0218">Targetabdeckung angebracht sein, welche von den </p><p id="p0219" num="0219">Metallelementen ohne einen zu großen Verlust an Ausbeute durchdrungen werden kann. Die Targetabdeckung kann so ausgewählt werden, dass diese schwerere Spaltfragmente als die Metallelemente zurückhalten kann. Demnach kann durch</p><p id="p0220" num="0220">Auswahl des Targetabdeckungsmaterials und/oder Einstellung der Dicke der Targetabdeckung die Selektivität der die Targetabdeckung durchdringenden Metallelemente aus den entstehenden Kernfragmenten erhöht werden. </p><p id="p0221" num="0221">Zum Durchlass der das Target aktivierenden Strahlung kann die Synthesekammer mit einem Eintrittsfenster versehen werden. Dieses kann derart konstruiert sein, dass die jeweils verwendete auf das Target gerichtete Strahlung, insbesondere thermische Neutronen oder beschleunigte Ionen, passieren kann. Beispielsweise kann das Eintrittsfenster eine Mylar-Folie sein, die insbesondere nur wenige </p><p id="p0222" num="0222">Mikrometer Dicke aufweist. 
<!-- EPO <DP n="25"/>-->
 Zum Nachweisen der Metallelemente können die </p><p id="p0223" num="0223">bereitgestellten Metallelement-Carbonyl-Komplexe durch eine Transportieitung geleitet und einer Nachweiseinrichtung zugeführt werden. Die Nachweiseinrichtung kann </p><p id="p0224" num="0224">beispielsweise eine Auffangeinrichtung zum Ausfiltern und Auffangen der Metallelement-Carbonyl-Komplexe aus dem </p><p id="p0225" num="0225">Trägergasstrom aufweisen, in der die Metallelemente </p><p id="p0226" num="0226">radioaktiv zerfallen. Ferner kann die Nachweiseinrichtung einen Detektor aufweisen, der die beim Zerfall der </p><p id="p0227" num="0227"> Metallelemente entstehende radioaktive Strahlung nachweist. </p><p id="p0228" num="0228">Zur Bestimmung der Adsorptionsenthalpie der Metallelement- Carbonyl-Komplexe können die bereitgestellten </p><p id="p0229" num="0229">Metallelement-Carbonyl-Komplexe ebenfalls durch eine </p><p id="p0230" num="0230">Transportleitung geleitet und anschließend einem </p><p id="p0231" num="0231">GasChromatographen zugeführt werden. Ein an sich bekannter GasChromatograph umfasst eine GasChromatographiesäule, durch welche der Gasstrom mit den Metallelementen geleitet wird. Die Gaschromatographiesäule kann weiterhin eine </p><p id="p0232" num="0232">Kühleinrichtung aufweisen. </p><p id="p0233" num="0233">Im Folgenden wird die Erfindung anhand von </p><p id="p0234" num="0234"> Ausführungsbeispielen und unter Bezugnahme auf die Figuren näher erläutert, wobei gleiche und ähnliche Elemente teilweise mit gleichen Bezugszeichen versehen sind und die Merkmale der verschiedenen Ausführungsbeispiele miteinander kombiniert werden können. Unabhängig von der </p><p id="p0235" num="0235">Zusammenfassung in den Patentansprüchen können sich aus den Ausführungsbeispielen auch weitere Merkmale, Einzelheiten und/oder Vorteile dazuergeben. 
<!-- EPO <DP n="26"/>-->
Kurzbeschreibung der Figuren </p><p id="p0236" num="0236"> Es zeigen in Schematischer Darstellung: Fig. 1 einen prinzipiellen Aufbau einer schematisch </p><p id="p0237" num="0237"> dargestellten Synthesekammer zur Synthetisierung der Metallelement-Carbony1-Kom 1exe; </p><p id="p0238" num="0238">Fig. 2 einen weiteren beispielhaften Aufbau einer </p><p id="p0239" num="0239"> Vorrichtung mit einer Strahlungsquelle ; Fig. 3 einen weiteren Vorrichtungsaufbau mit </p><p id="p0240" num="0240"> Ablenkmagneten; </p><p id="p0241" num="0241"> Fig. 4 einen beispielhaften Vorrichtungsaufbau mit einer </p><p id="p0242" num="0242"> Strahlungsquelle des Forschungsreaktors TRIGA Mainz zum Nachweis der Synthese der </p><p id="p0243" num="0243"> Metallelement-Carbonyl-Komplexsynthese nach Ihrem</p><p id="p0244" num="0244">Transport ; </p><p id="p0245" num="0245"> Fig. 5 einen weiteren beispielhaften Aufbau einer </p><p id="p0246" num="0246"> Vorrichtung mit der Strahlungsquelle des Forschungsreaktors TRIGA Mainz zur Bestimmung der Adsorptionsenthalpie der Metallelemente-Carbonyl-</p><p id="p0247" num="0247">Komplexe nach ihrem Transport; </p><p id="p0248" num="0248"> Fig. 6 einen beispielhaften Aufbau einer Synthesekammer zur Synthetisierung der Metallelement-Carbonyl- Komplexe; </p><p id="p0249" num="0249">Fig. 7 ein Ablaufdiagramm für das erfindungsgemäße </p><p id="p0250" num="0250"> Verfahren zum Bereitstellen und Transport von Metallelement-Carbonyl-Komplexen in gasförmiger Phase; </p><p id="p0251" num="0251"> Fig. 8 ein Gasflussdiagramm mit einem geschlossenen </p><p id="p0252" num="0252"> Gaskreislauf; 
<!-- EPO <DP n="27"/>-->
 Fig. 9 eine relative Transportausbeute von refraktären Metallelementen in Abhängigkeit des </p><p id="p0253" num="0253"> Kohlenstoffmonoxidanteils im Trägergas; </p><p id="p0254" num="0254"> Fig. 10 eine relative Transportausbeute von refraktären </p><p id="p0255" num="0255"> Metallelementen in Abhängigkeit von der</p><p id="p0256" num="0256">Fördermenge des Trägergases; </p><p id="p0257" num="0257"> Fig. 11 eine Abhängigkeit der Transportausbeute vom Druck in der Targetkammer für einen Druckbereich im ungefähren Bereich der Normalbedingungen; </p><p id="p0258" num="0258">Detaillierte Beschreibung der Figuren </p><p id="p0259" num="0259"> Figur 1 zeigt eine Ausführungsform einer Synthesekammer 14. Die Synthesekammer 14 weist in der in Figur 1 gezeigten Ausführung zwei Einlassöffnungen 46 auf, die jeweils mit einer Zuleitung 10 verbunden werden können. Das Trägergas kann aus den in der Figur 1 nicht gezeigten </p><p id="p0260" num="0260">Druckgasflaschen 2, 4 gemischte werden und wird über die mit dem Einlass 46 der Synthesekammer 14 verbundene </p><p id="p0261" num="0261">Zuleitung 10 dieser zugeführt. Die Synthesekammer 14 </p><p id="p0262" num="0262">umfasst ein Reaktionsvolumen 58, in welchem das Trägergas und die Metallelemente 55 zusammengeführt werden, um die Synthese der Metallelement-Carbonyl-Komplexe zu </p><p id="p0263" num="0263">ermöglichen. Das Kohlenstoffmonoxidgas ist in der </p><p id="p0264" num="0264">Ausführungsform der Erfindung mit „CO" -Symbolen </p><p id="p0265" num="0265">verdeutlicht. Zur Erzeugung der Metallelemente 55 umfasst die Synthesekammer 14 ein Target 54. Das Target 54 enthält bevorzugt spaltbares Material, insbesondere Uran, Plutonium oder Californium, um bei einer Kernreaktion, beispielsweise einer induzierten Kernspaltung, Metallelemente 55 zu erzeugen. 
<!-- EPO <DP n="28"/>-->
 Im Einsatz, wenn die Synthesekammer 14 beispielsweise an einem Messplatz 64 angebracht ist, können die </p><p id="p0266" num="0266">Synthesekammer 14 und insbesondere das Target 54 mit einer Strahlung 60 bestrahlt werden. In der gezeigten </p><p id="p0267" num="0267">Ausführungsform ist das Target 54 in der Synthesekammer 14 platziert. Die Strahlung 60 durchdringt die Umwandung 52 der Synthesekammer 14 an einer dafür vorgesehenen Stelle, dem Eintrittsfenster 53. Der Strömungsverlauf des Trägergases am Einlass 46 ist mit dem Pfeil 40 symbolisiert. Der Pfeil 42 zeigt den </p><p id="p0268" num="0268">Strömungsverlauf des Trägergases am Auslass 48. </p><p id="p0269" num="0269">Nachfolgend ist die Synthese der Metallelemente kurz beschrieben. Die vom Target 54 erzeugten und emittierten Metallelemente werden durch die Bestandteile des </p><p id="p0270" num="0270">Trägergases in der Synthesekammer 14 thermalisiert , was die Wahrscheinlichkeit für die Synthetisierung von </p><p id="p0271" num="0271">Metallelement-Carbonyl-Komplexen vergrößert. Die </p><p id="p0272" num="0272">Metallelemente synthetisieren im Reaktionsvolumen 58 mit dem Trägergas zu Metallelement-Carbonyl-Komplexen. Die synthetisierten Metallelement-Carbonyl-Komplexe werden mittels der Gasströmung des Trägergases zum Auslass 48 mitgeführt, treten in der mit dem Pfeil 42 gezeigten </p><p id="p0273" num="0273">Strömungsrichtung aus der Synthesekammer 14 aus und strömen mit dem Trägergas in die mit dem Auslass 48 verbundene Transportleitung 12. Damit sind die Metallelemente in Form der Metallelement-Carbonyl-Komplexe am Auslass 48 der Synthesekammer 14 zum Transport und anschließend zu einer Verwendung entfernt von der Synthesekammer 14 </p><p id="p0274" num="0274">bereitgestellt. Der Ort der Verwendung kann aufgrund der geschaffenen Transportmöglichkeit soweit entfernt sein, 
<!-- EPO <DP n="29"/>-->
 dass er nicht oder zumindest erheblich weniger strahlenbelastet ist. Ein Drucksensor 51 ist zur Messung des Drucks im Reaktionsvolumen an der Synthesekammer 14 angebaut . </p><p id="p0275" num="0275">Aufgrund des Wirkungsquerschnittes für die Metallelement- Carbonyl-Komplexsynthese im Reaktionsvolumen 58 können einzelne Metallelemente das Trägergas passieren ohne zu Metallelement-Carbonyl-Komplexen synthetisiert zu sein. Diese werden von der Umwandung 52 der Synthesekammer 14 in der Regel adsorbiert. Andernfalls werden diese spätestens in der Transportleitung 12 adsorbiert. </p><p id="p0276" num="0276">Figur 2 zeigt eine weitere Ausführungsform einer </p><p id="p0277" num="0277">Transportvorrichtung zum Gasphasentransport von </p><p id="p0278" num="0278"> Metallelementen, bei welcher das Target 54 außerhalb der Synthesekammer 14 angeordnet ist. Die Produktion der </p><p id="p0279" num="0279">Metallelemente 55 außerhalb der Synthesekammer 14 </p><p id="p0280" num="0280">ermöglicht gegebenenfalls eine Separation der </p><p id="p0281" num="0281">PrimärStrahlung 60 von der Metallelement-„Strahlung" 55, die aus dem Target 54 erzeugt wird. Auch eine Separation der Metallelement-„Strahlung" 55 von weiteren bei </p><p id="p0282" num="0282">Kernreaktionen entstehenden Teilchen kann dadurch erreicht werden. Das Eintrittsfenster 53 ermöglicht in dieser </p><p id="p0283" num="0283">Ausführungsform das Passieren der Metallelemente 55 in die Synthesekammer 14 und das darin beherbergte </p><p id="p0284" num="0284">Reaktionsvolumen 58. Der weitere Aufbau der Vorrichtung stimmt mit der mit Figur 1 beschriebenen Synthesekammer 14 überein. </p><p id="p0285" num="0285">Figur 3 zeigt eine weitere Ausführungsform einer </p><p id="p0286" num="0286">Vorrichtung zum Transport von Metallelementen in der 
<!-- EPO <DP n="30"/>-->
Gasphase mit einer Anordnung der Synthesekammer 14. Das Target 54 ist wie in dem mit Figur 2 beschriebenen Aufbau außerhalb der Synthesekammer 14 angeordnet und kann mit der Strahlung 60, insbesondere Teilchenstrahlung, bestrahlt werden. Ablenkmagnete 61 beaufschlagen den Ort des Targets 54 mit einer Ablenkkraft. </p><p id="p0287" num="0287">Teilchen, die sich in dem Magnetfeld der Ablenkmagnete 61 bewegen, werden durch deren Ablenkkraft in Abhängigkeit von verschiedenen Teilchenparametern wie Masse und Ladungszahl abgelenkt . </p><p id="p0288" num="0288">Mittels der Strahlung 60, beispielsweise Strahlung 60 aufweisend thermische Neutronen oder Ionen, wird das Target 54 bestrahlt, wobei die Strahlung 60 zumindest teilweise das Target 54 durchdringt. Diese durchdringende Strahlung ist als „PrimärStrahlung" 60 mit einem wenig gekrümmten Pfeil in Figur 3 dargestellt. Diese Strahlung 60 wird wenig durch die Ablenkmagnete 61 in ihrer Richtung beeinflusst, sie trifft nicht auf die Synthesekammer 14. Die im Target 54 erzeugten Metallelemente 55 hingegen werden mittels des Magnetfelds in Richtung der Synthesekammer 14 abgelenkt. Das Magnetfeld der Ablenkmagnete 61 ist vorzugsweise auf eine zu den erwünschten Metallelementen 55 passenden </p><p id="p0289" num="0289">Feldstärke eingestellt. Dies führt zu einer Separation der erzeugten Metallelemente 55 von der Strahlung 60. </p><p id="p0290" num="0290">In Figur 4 ist schematisch ein beispielhafter Aufbau einer Vorrichtung zur Erzeugung, Bereitstellung, Transport und Messung von refraktären Metallelementen gezeigt. Dieser ist an einem Kernreaktor 18, in diesem Beispiel dem </p><p id="p0291" num="0291">Forschungsreaktor TRIGA Mainz der Johannes Gutenberg 
<!-- EPO <DP n="31"/>-->
 Universität in Mainz, der in einem Längsschnitt gezeigt ist, angebaut, um die dort erzeugten thermischen Neutronen für die neutroneninduzierte Spaltung eines Targets 54 zu verwenden . </p><p id="p0292" num="0292">Der Reaktorkern 16 erzeugt und thermalisiert die Neutronen, die dann verschiedenen, im gezeigten Fall vier Messplätzen 64 zur Verfügung gestellt werden. Die in Figur 4 näher gezeigte Synthesekammer 14 ist an einem der vier Messplätze 64 installiert. </p><p id="p0293" num="0293">Ein Trägergas wird im gezeigten Fall von einer </p><p id="p0294" num="0294">Trägergasquelle 3 abgegeben. Die Trägergasquelle umfasst eine Kohlenstoffmonoxidgasflasche 2 und eine </p><p id="p0295" num="0295">Inertgasflasche 4. In diesem Beispiel enthält die </p><p id="p0296" num="0296">Inertgasflasche 4 N<sub>2</sub>-Gas als Inertgas. Das </p><p id="p0297" num="0297"> Mischungsverhältnis zwischen dem Kohlenstoffmonoxidgas und dem Inertgas kann jeweils mittels der Massenflussregler 6 und 8 an den Gasflaschen 2 und 4 eingestellt werden. Über eine Zuleitung 10 wird das Trägergasgemisch zur </p><p id="p0298" num="0298"> Synthesekammer 14 geführt. Der Prozess innerhalb der </p><p id="p0299" num="0299">Synthesekammer 14 wird insbesondere anhand Figur 4 näher erläutert. Es können wahlweise je nach Anforderung im </p><p id="p0300" num="0300">Wesentlichen reines Kohlenstoffmonoxidgas aus der </p><p id="p0301" num="0301">Kohlenstoffmonoxidgasflasche 2 oder aber also ein Gemisch aus Kohlenstoffmonoxidgas und Inertgas aus der </p><p id="p0302" num="0302">Kohlenstoffmonoxidgasflasche 2 und der Inertgasflasche 4, , in die Zuleitung 10 gespeist werden. Über eine mit einem Auslass 48 der Synthesekammer 14 </p><p id="p0303" num="0303">verbundene Transportleitung 12 kann das Trägergas, welches die in der Synthesekammer 14 synthetisierten Metallelement- 
<!-- EPO <DP n="32"/>-->
 Carbonyl-Komplexe enthält, einem vom Erzeugungsort der Metallelemente in der Synthesekammer 14 entfernten Aufbau 15 in Form einer Nachweis- oder Messeinrichtung an das von der Synthesekammer 14 abgewandte Ende 13 der </p><p id="p0304" num="0304">Transportleitung 12 zugeführt werden. </p><p id="p0305" num="0305">Ein beispielhafter Aufbau 15 in Form einer </p><p id="p0306" num="0306">Nachweiseinrichtung ist in Figur 1 an das von der </p><p id="p0307" num="0307">Synthesekammer 14 abgewandte Ende 13 der Transportleitung 12 angeschlossen. Am Ende 13 ist ein Filter 34 angeordnet, mittels des Filters 34 werden die erzeugten Metallelement- Carbonyl-Komplexe aus dem Trägergasstrom gefiltert. Das Filter 34 besteht beispielsweise aus einem einfachen </p><p id="p0308" num="0308">Sammelröhrchen, welches mit Aktivkohle gefüllt ist. Ein Detektor 20 ist in dieser Ausführungsform oberhalb des</p><p id="p0309" num="0309">Filters 34 angeordnet. Der Detektor 20 kann ein Germanium- Gammadetektor sein. Mittels des Detektors kann die </p><p id="p0310" num="0310">radioaktive Zerfallsstrahlung der kurzlebigen </p><p id="p0311" num="0311">Metallelemente gemessen werden. Hieraus kann eine </p><p id="p0312" num="0312">Zerfallshäufigkeit erhalten werden. Mit einem </p><p id="p0313" num="0313"> Auswertesystem 62 kann die Transportausbeute bestimmt werden. Eine Gaspumpe 30 ist in Flussrichtung des </p><p id="p0314" num="0314">Trägergases gesehen hinter dem Filter 34 angeordnet. </p><p id="p0315" num="0315">Mittels der Gaspumpe 30 kann eine geregelte Abfuhr des Trägergases erfolgen, um einen möglichen Gasstau zu verhindern und den Gasfluss konstant zu halten. Der </p><p id="p0316" num="0316">Gaspumpe 30 nachgeschaltet wird das Trägergas zur Abluft 31 geführt . Ein weiteres Ausführungsbeispiel der Erfindung für den mit dem von der Synthesekammer 14 abgewandten Ende 13 der Transportleitung 12 verbundenen Aufbau 15' in Form einer 
<!-- EPO <DP n="33"/>-->
 Messeinrichtung, in diesem Beispiel ein GasChromatograph</p><p id="p0317" num="0317">21, ist in Figur 5 gezeigt. Die verwendeten </p><p id="p0318" num="0318"> Systemkomponenten sind bis zum Ende 13 der Transportleitung</p><p id="p0319" num="0319">12 mit dem in Figur 1 beschriebenen System identisch. An das Ende 13 anschließend ist der Aufbau 15', hier ein </p><p id="p0320" num="0320"> GasChromatograph 21, angeschlossen. Dieser umfasst eine Gaschromatographiesäule 22 mit einer Kühleinrichtung 24 und einem Kühlmittelreservoir 26. Ein mit dem </p><p id="p0321" num="0321">GasChromatographen verbundener Ofen 32 ermöglicht ein genaueres Einstellen eines Temperaturgradienten entlang der Gaschromatographiesäule 22. Ein Detektor 20' ist längs verschieblich an der Gaschromatographiesäule 22 angeordnet. Der Detektor 20' kann beispielsweise ein Germanium- Gammadetektor sein. Prinzipiell eignet sich jeder Detektor, der eine radioaktive Strahlung detektiert. Der Detektor 20' misst die Zerfallshäufigkeitsverteilung der radioaktiven Metallelement-Zerfälle entlang der Gaschromatographiesäule</p><p id="p0322" num="0322">22. Das eine Ende der Kühleinrichtung 24, welches vom Ende</p><p id="p0323" num="0323">13 der Transportleitung abgewandt ist, ist mit dem </p><p id="p0324" num="0324">Kühlmittelreservoir 2 6 verbunden. Das andere Ende der Kühleinrichtung 24, welches dem Ende 13 der </p><p id="p0325" num="0325">Transportleitung zugewandt ist, gegebenenfalls mit einem Ofen 32. Entlang der Gaschromatographiesäule 22 bildet sich im Betrieb der GasChromatographen 21 ein Temperaturgradient aus. Dies entspricht einer Thermochromatographieapparatur . </p><p id="p0326" num="0326">Der Aufbau 15' weist in Strömungsrichtung des Trägergases gesehen hinter dem Aufbau 15', insbesondere der </p><p id="p0327" num="0327">Gaschromatographiesäule 22, ein Drosselventil 28 und eine Gaspumpe 30 auf. Das Drosselventil 28 regelt den Druck des Trägergases, eine Gaspumpe 30 führt das übrige Trägergas zu einer nicht näher bezeichneten Ablufteinrichtung 31. 
<!-- EPO <DP n="34"/>-->
Gegebenenfalls können beide Aufbauten 15, 15' auch seriell aufgebaut werden, indem sich an den vorgenannten </p><p id="p0328" num="0328">Thermochromatographen 21 aus Figur 3 die </p><p id="p0329" num="0329">Nachweiseinrichtung 15 aus Figur 1 anschließt. Werden mehrere Detektoren 20, 20' verwendet, können auch die eventuell in der Gaschromatographiesäule 22 nicht </p><p id="p0330" num="0330">anhaftenden Metallelemente im nachgeschalteten Filter 34 detektiert werden. </p><p id="p0331" num="0331">Die in Figuren 4 und 5 gezeigten Aufbauten 15, 15' in Form von Nachweis- bzw. Messeinrichtungen sind beispielhaft. Es kann dort auch ein andersartiger als Nachweißeinrichtung oder Messapparatur verwendeter Aufbau oder eine Apparatur zur weiteren Verwendung der erzeugten Metallelemente angeschlossen oder integriert sein und an das Ende 13 der Transportleitung 12 angeschlossen sein, um die </p><p id="p0332" num="0332">bereitgestellten und transportierten Metallelemente nachzuweisen, experimentell zu untersuchen oder anderweitig zu verwenden. </p><p id="p0333" num="0333">Figur 6 zeigt eine weitere Ausführungsform der </p><p id="p0334" num="0334">Synthesekammer 14 in einem Querschnitt. Die verwendeten Bezugszeichen stimmen mit denen vorheriger </p><p id="p0335" num="0335">Ausführungsformen überein. </p><p id="p0336" num="0336">Unter dem Target 54 ist ein Ringverteiler 43 für das </p><p id="p0337" num="0337">Trägergas angeordnet, welcher das Trägergas um das Target 54 herum verteilt in die Synthesekammer 14 einlässt. Der Strömungsverlauf des Trägergases am Einlass 46 ist mit dem Pfeil 40 symbolisiert. Die Pfeile 44 symbolisieren eine rotationssymmetrische Verteilung des Trägergases rund um 
<!-- EPO <DP n="35"/>-->
 die Synthesekammer 14 sowie den Eintritt des Trägergases in das Reaktionsvolumen 58. </p><p id="p0338" num="0338">Auf dem Target 54 ist in diesem Beispiel eine </p><p id="p0339" num="0339">Targetabdeckung 56 angebracht. Die Targetabdeckung 56 kann weitere, insbesondere schwerere Spaltprodukte, die bei Kernreaktionen wie einer induzierten Kernspaltung im Target 54 entstehen können, aus dem Reaktionsvolumen 58 </p><p id="p0340" num="0340">zurückhalten. Das Material, aus welchem die Targetabdeckung 56 besteht, bzw. welches die Targetabdeckung 56 aufweist, wird anhand des Targetmaterials und der gewünschten </p><p id="p0341" num="0341">Metallelemente ausgesucht. Beispielsweise ist die </p><p id="p0342" num="0342">Targetabdeckung 56 aus Aluminium gefertigt. Ein Drucksensor 51 ist in dieser Ausführungsform an einem Anschluss 50 angeschlossen. Der Drucksensor 51 erlaubt die Einstellung des Gasdruckes in der Synthesekammer 14. Auch die in Fig. 6 dargestellte Synthesekammer 14 kann </p><p id="p0343" num="0343">beispielsweise in den Vorrichtungen der Figuren 4 und 5 verwendet werden. Die Synthesekammer 14 weist einen Einlass 46 auf, der mit einer Zuleitung 10 und mit einer </p><p id="p0344" num="0344">Trägergasquelle 3 verbunden werden kann. Das Trägergas kann über den Einlass 46 in die Synthesekammer gebracht werden. Die Synthesekammer 14 weist ferner ein Reaktionsvolumen 58 auf, in welchem das Trägergas und die Metallelemente beim</p><p id="p0345" num="0345">Betrieb der Synthesekammer 14 zusammengeführt werden, um die Synthese der Metallelement-Carbonyl-Komplexe zu </p><p id="p0346" num="0346">ermöglichen. Zur Erzeugung der Metallelemente umfasst die Synthesekammer 14 ebenfalls ein Target 54. Das Target 54 ist im gezeigten Beispiel in der Synthesekammer 14 </p><p id="p0347" num="0347">angeordnet. Es kann aber auch außerhalb der Synthesekammer 
<!-- EPO <DP n="36"/>-->
 14, bevorzugt in Richtung der Quelle der Strahlung 60, angeordnet sein. </p><p id="p0348" num="0348">Der Strömungsverlauf des Trägergases ist mit Pfeilen symbolisiert, wobei am Einlass 46 der Pfeil 40 das </p><p id="p0349" num="0349"> Einströmen des Trägergases in und am Auslass 48 der Pfeil 42 das Ausströmen des Trägergases mit Metallelement- Carbonyl-Komplexen aus der Synthesekammer 14 symbolisiert. Das Trägergas passiert zwischen Einlass 46 und Auslass 48 das Reaktionsvolumen 58. </p><p id="p0350" num="0350">Wenn die Synthesekammer 14 an einem Messplatz 64, oder einem anderen Bestrahlungsplatz für Hadronen-enthaltende Strahlung 60 angebracht ist, kann insbesondere das Target 54 mit der Strahlung 60 bestrahlt werden. Hierdurch können Metallelemente erzeugt und freigesetzt werden. Bevorzugt erlauben es die Verfahrensparameter der Vorrichtung, dass die Freisetzung der Metallelemente direkt in gasförmiger Phase geschieht. Auf dem Target 54 der in Figur 6 gezeigten Ausführungsform ist eine Targetabdeckung 56 angebracht.</p><p id="p0351" num="0351">Insbesondere das Target 54 auch so eingerichtet sein, dass die Targetabdeckung 56 im Target 54 enthalten ist. Auch eine Verwendung des Eintrittsfensters 53 als </p><p id="p0352" num="0352">Targetabdeckung 56, insbesondere für den Fall einer </p><p id="p0353" num="0353">Anbringung des Targets 54 außerhalb der Synthesekammer 14, ist möglich. </p><p id="p0354" num="0354">Figur 7 zeigt ein Ablaufdiagramm für das erfindungsgemäße Verfahren zum Bereitstellen und Transport von </p><p id="p0355" num="0355">Metallelement-Carbonyl-Komplexen in gasförmiger Phase. 
<!-- EPO <DP n="37"/>-->
 Figur 8 zeigt ein Flusslaufdiagramm des Gasflusses. Es handelt sich in der gezeigten Ausführungsform um einen geschlossenen Kreislauf, so dass das Trägergas zwischen Zuleitung 10, der Synthesekammer 14 und Transportleitung 12 zirkuliert. </p><p id="p0356" num="0356">Das den Trägergasflaschen 2, 4 entnommene und mittels der Massenflussregler 6, 8 eingestellte Trägergas wird dem Kreislauf zugeführt, um den Kreislauf zu befüllen und/oder Gasverlust auszugleichen. Mittels des Massenflussreglers 7 wird der Massenfluss, mit dem Druckregler 9 der Druck im Kreislauf gemessen und/oder eingestellt. </p><p id="p0357" num="0357">Die gegebenenfalls in der Synthesekammer 14 erzeugten </p><p id="p0358" num="0358">Carbonyl-Komplexe werden mittels der Filtereinrichtung 34 ausgeschieden, das Trägergas anschließend in einem Trockner 11 getrocknet, wodurch ein mehrfaches Verwenden der </p><p id="p0359" num="0359">gleichen Gasmenge ermöglicht werden kann. Das Trägergas wird demnach rezirkuliert. Mittels Ventilen 29 ist der gewünschte Gasflusspfad einstellbar. So kann beispielsweise mittels einer Gaspumpe 30 das Trägergas abgesaugt werden und/oder die Zu- und Transportleitungen 10, 12 vor </p><p id="p0360" num="0360">Benutzung evakuiert werden. Nach der Evakuierung kann die Gaspumpe 30 mittels des Ventils 29 aus dem Gasflusspfad getrennt werden. Es kann auch in der Zuleitung mittels eines Ventils 29 weiteres, gegebenenfalls anderes Trägergas dem Gasflusspfad zugeführt werden. </p><p id="p0361" num="0361">Figur 9 zeigt die mit der in Figur 4 dargestellten </p><p id="p0362" num="0362">Anordnung gemessene Ausbeute des Metallelement-Transports in Abhängigkeit vom Mischungsverhältnis des </p><p id="p0363" num="0363">Kohlenstoffmonoxids mit dem Inertgas N<sub>2</sub>. Es wurden die mit 
<!-- EPO <DP n="38"/>-->
 dem Detektor 20, 20' gemessenen Zählraten und die </p><p id="p0364" num="0364">Einstellungen der Massenflussregier 6 und 8 aufgezeichnet und mit der Auswerteeinrichtung 62 ausgewertet. Die mit dem Detektor 20, 20' gemessene Zerfallshäufigkeit ist in Figur 7 über das Mischungsverhältnis, also dem Quotienten der Werte der beiden Massenflussregler 6, 8, aufgetragen. Die Gesamtfördermenge des Gasgemisches beträgt für jeden </p><p id="p0365" num="0365">Messpunkt 500 ml/min. Das Verhältnis der auf der Abszisse angegebenen Kohlenstoffmonoxid-Fördermenge mit der </p><p id="p0366" num="0366">Gesamtfördermenge ergibt die anteilige Mischungsgroße des Kohlenstoffmonoxidgases . Die Ordinate zeigt eine auf einen als solchen bekannten entsprechenden Metallelementtransport mittels Kaliumchlorid normierte Transportausbeute. Wie aus Figur 9 ersichtlich ist, beträgt die erzielte Ausbeute ein Mehrfaches der Ausbeute, die bei Verwendung von </p><p id="p0367" num="0367"> Kaliumchlorid zu erwarten gewesen wäre. In Figur 9 sind die Ergebnisse für vier refraktäre Metallelemente mit je zwei Messreihen gezeigt. Je zwei für Technetium, Molybdän, Ruthenium und Rhodium. </p><p id="p0368" num="0368">Figur 10 zeigt die Ausbeute des Metallelement-Transports in Abhängigkeit von der Fördermenge des Trägergases. Auch hier wurde ein Aufbau verwendet, der dem in Figur 4 gezeigten entspricht. Für die Datenaufnahme werden der Detektor 20, 20' und die Massenflussregler 6, 8 aufgezeichnet und die Daten mit der Auswerteeinrichtung 62 ausgewertet. Die Abszisse zeigt hier die Trägergasfördermenge in ml/min, die Ordinate die auf einen Transport mit Kaliumchlorid </p><p id="p0369" num="0369">normierte Transportausbeute des kohlenstoffmonoxidhaltigen Trägergases. Da die Fördermenge abhängig von der </p><p id="p0370" num="0370"> Aufbaugeometrie ist, wird eine zum jeweiligen Aufbau passende Einstellung der Fördermenge für eine Maximierung 
<!-- EPO <DP n="39"/>-->
 der Ausbeute eingestellt. In Figur 10 sind die Ergebnisse dargestellt für vier refraktäre Metallelemente Technetium, Molybdän, Ruthenium und Rhodium. Figur 11 zeigt die Ausbeute des Metallelement-Transports in Abhängigkeit vom eingestellten Druck des Trägergases im Bereich von 1000 bis 1500 mbar. Die Ordinate ist wiederum normiert auf einen herkömmlichen Transport mit </p><p id="p0371" num="0371">Kaliumchlorid. Auch hier sind Ergebnisse für vier </p><p id="p0372" num="0372">refraktäre Metallelemente Technetium, Molybdän, Ruthenium und Rhodium dargestellt. </p><p id="p0373" num="0373">Es ist dem Fachmann ersichtlich, dass die vorstehend beschriebenen Ausführungsformen beispielhaft zu verstehen sind, und die Erfindung nicht auf diese beschränkt ist, sondern in vielfältiger Weise variiert werden kann, ohne die Erfindung zu verlassen. Ferner ist ersichtlich, dass die Merkmale unabhängig davon, ob sie in der Beschreibung, den Ansprüchen, den Figuren oder anderweitig offenbart sind auch einzeln wesentliche Bestandteile der Erfindung definieren, selbst wenn sie zusammen mit anderen Merkmalen gemeinsam beschrieben sind. 
<!-- EPO <DP n="40"/>-->
</p><p id="p0374" num="0374">Bezugszeichenliste </p><p id="p0375" num="0375"> 2 Kohlenstoffmonoxidgasf1asche </p><p id="p0376" num="0376"> 3 Trägergasquelle </p><p id="p0377" num="0377"> 4 Inertgasflasche </p><p id="p0378" num="0378"> 6 Massenflussregler der Kohlenstoffmonoxidgasflasche</p><p id="p0379" num="0379">7 Massenflussregler </p><p id="p0380" num="0380"> 8 Massenflussregler der Inertgasflasche </p><p id="p0381" num="0381"> 9 Druckregler </p><p id="p0382" num="0382"> 10 Zuleitung </p><p id="p0383" num="0383"> 11 Trockner </p><p id="p0384" num="0384"> 12 Transportleitung </p><p id="p0385" num="0385"> 13 Fernes Ende der Transportleitung </p><p id="p0386" num="0386"> 14 Synthesekammer </p><p id="p0387" num="0387"> 15 Aufbau </p><p id="p0388" num="0388"> 15' Aufbau </p><p id="p0389" num="0389"> 16 Strahlungsquelle (z.B. Reaktorkern) </p><p id="p0390" num="0390"> 18 Kernreaktor </p><p id="p0391" num="0391"> 20 Detektor </p><p id="p0392" num="0392"> 20' Detektor </p><p id="p0393" num="0393"> 21 GasChromatograph </p><p id="p0394" num="0394"> 22 GasChromatographiesäule </p><p id="p0395" num="0395"> 24 Kühleinrichtung </p><p id="p0396" num="0396"> 26 Kühlmengenreservoir </p><p id="p0397" num="0397"> 28 Drosselventil </p><p id="p0398" num="0398"> 29 Ventil </p><p id="p0399" num="0399"> 30 Gaspumpe </p><p id="p0400" num="0400"> 31 Abluft </p><p id="p0401" num="0401"> 32 Ofen </p><p id="p0402" num="0402"> 34 Filter </p><p id="p0403" num="0403"> 40 Strömungsrichtungspfeil am Einlass </p><p id="p0404" num="0404"> 42 Strömungsrichtungspfeil am Auslass 
<!-- EPO <DP n="41"/>-->
43 Ringverteiler </p><p id="p0405" num="0405"> 44 Strömungsrichtungspfeil beim Einströmen in das Reaktionsvo1umen </p><p id="p0406" num="0406"> 46 Einlass </p><p id="p0407" num="0407">48 Auslass </p><p id="p0408" num="0408"> 50 Anschluss </p><p id="p0409" num="0409"> 51 Drucksensor </p><p id="p0410" num="0410"> 52 Umwandung </p><p id="p0411" num="0411"> 53 Eintrittsfenster </p><p id="p0412" num="0412">54 Target </p><p id="p0413" num="0413"> 55 Metallelemente </p><p id="p0414" num="0414"> 56 Targetabdeckung </p><p id="p0415" num="0415">58 Reaktionsvolumen </p><p id="p0416" num="0416"> 60 Strahlung (z.B. Neutronen, Ionen) </p><p id="p0417" num="0417">61 Magnet </p><p id="p0418" num="0418"> 62 Auswerteeinrichtung </p><p id="p0419" num="0419"> 64 Messplatz 
</p></description><claims mxw-id="PCLM44727211" ref-ucid="WO-2012113877-A1" lang="DE" load-source="patent-office"><claim-statement><!-- EPO <DP n="42"/>-->Patentansprüche : </claim-statement><claim id="clm-0001" num="1"><claim-text>1. Verfahren zum Bereitstellen von Metallelementen in gasförmiger Phase in einem Trägergas, </claim-text><claim-text> wobei das Trägergas Kohlenstoffmonoxid enthält, wobei das Trägergas und die Metallelemente in einem Reaktionsvolumen (58) zusammengeführt werden, und </claim-text><claim-text> wobei die Metallelemente und das Kohlenstoffmonoxid zu Meta11e1ement-Carbony1-Kom 1exen synthetisieren. </claim-text></claim><claim id="clm-0002" num="2"><claim-text>2. Verfahren nach Anspruch 1, wobei die Metallelemente in den 4. bis 10. Gruppen des Periodensystems oder den </claim-text><claim-text>d-Gruppen des Periodensystems enthalten sind. </claim-text></claim><claim id="clm-0003" num="3"><claim-text>3. Verfahren nach Anspruch 1 oder 2, </claim-text><claim-text> wobei das Trägergas eine Mischung aus </claim-text><claim-text>Kohlenstoffmonoxidgas und zumindest einem nicht reaktiven Gasbestandteil enthält. </claim-text></claim><claim id="clm-0004" num="4"><claim-text>4. Verfahren nach Anspruch 1 oder 2, </claim-text><claim-text> wobei das Trägergas im Wesentlichen aus </claim-text><claim-text>Kohlenstoffmonoxidgas besteht. </claim-text></claim><claim id="clm-0005" num="5"><claim-text>5. Verfahren nach einem der vorstehenden Ansprüche, </claim-text><claim-text> wobei das Reaktionsvolumen (58) für die Synthese der</claim-text><claim-text>Metallelement-Carbonyl-Komplexe in einer Synthesekammer</claim-text><claim-text>(14) beherbergt ist, </claim-text><claim-text> wobei das Trägergas mittels einer Zuleitung (10) in die Synthesekammer (14) geführt wird und </claim-text><claim-text> wobei die Metallelement-Carbonyl-Komplexe mit dem</claim-text><claim-text>Trägergas an einem Auslass (48) der Synthesekammer (14) zur <!-- EPO <DP n="43"/>--> weiteren Verwendung bereitgestellt werden. </claim-text></claim><claim id="clm-0006" num="6"><claim-text>6. Verfahren nach vorstehendem Anspruch, </claim-text><claim-text> wobei die Metallelement-Carbonyl-Komplexsynthese in der Synthesekammer (14) bei einer Temperatur im Intervall zwischen 50 bis 500 K und einem Druck im Intervall zwischen 0,00005 bis 200 bar durchgeführt wird. </claim-text></claim><claim id="clm-0007" num="7"><claim-text>7. Verfahren nach einem der vorstehenden Ansprüche </claim-text><claim-text> wobei die synthetisierten Metallelement-Carbonyl-</claim-text><claim-text>Komplexe mittels einer Transportleitung (12) von dem </claim-text><claim-text>Reaktionsvolumen zu einem von dem Reaktionsvolumen </claim-text><claim-text>entfernten Ort oder Aufbau (15) am Ende (13) der </claim-text><claim-text>Transportleitung (12) geführt werden. </claim-text></claim><claim id="clm-0008" num="8"><claim-text>8. Verfahren nach einem der Ansprüche 5 oder 6 , </claim-text><claim-text> wobei die Strömungsgeschwindigkeit des Trägergases am</claim-text><claim-text>Auslass (48) der Synthesekammer (14) abhängig ist von dessen Fördermenge, welche in einem Bereich zwischen 1 ml/min bis 10 1/min eingestellt wird, um den Transport der Metallelement-Carbonyl-Komplexe über die mit dem Auslass (48) der Synthesekammer (14) verbundene Transportleitung zu bewerkstelligen. </claim-text></claim><claim id="clm-0009" num="9"><claim-text>9. Verfahren nach einem der vorstehenden Ansprüche, </claim-text><claim-text> wobei die Metallelemente mittels eines Targets (54) erzeugt werden und </claim-text><claim-text> wobei das Target (54) zur Erzeugung der Metallelemente von einer Strahlungsquelle (60) aktiviert wird. </claim-text></claim><claim id="clm-0010" num="10"><claim-text>10. Verfahren nach vorstehendem Anspruch, </claim-text><claim-text> wobei das Target (54) zur Erzeugung der Metallelemente <!-- EPO <DP n="44"/>--> Actinoide enthält und/oder </claim-text><claim-text> das Target (54) mit einem Hadronen-enthaltenden Strahl (60) , insbesondere mit thermalisierten Neutronen oder beschleunigten Ionen bestrahlt wird. </claim-text></claim><claim id="clm-0011" num="11"><claim-text>11. Verfahren nach einem der Ansprüche 9 oder 10, </claim-text><claim-text> wobei das Target (54) in der Synthesekammer (14) </claim-text><claim-text>angeordnet ist und von dem Trägergas umspült wird, um die Metallelemente direkt aufzunehmen und die Metallelement- Carbonyl-Komplexe aus den Metallelementen und den </claim-text><claim-text>Kohlenstoffmonoxidmolekülen zu synthetisieren. </claim-text></claim><claim id="clm-0012" num="12"><claim-text>12. Verfahren nach einem der vorstehenden Ansprüche, </claim-text><claim-text> wobei die Metallelemente kurzlebig sind und </claim-text><claim-text> wobei die kurzlebigen, Metallelemente bei ihrem </claim-text><claim-text> Zerfall radioaktive Strahlung emittieren. </claim-text></claim><claim id="clm-0013" num="13"><claim-text>13. Verfahren nach einem der vorstehenden Ansprüche, </claim-text><claim-text> wobei die Metallelemente Ruthenium, Osmium, Rhenium,</claim-text><claim-text>Molybdän, Wolfram, Iridium, Rhodium oder Technetium sind. </claim-text></claim><claim id="clm-0014" num="14"><claim-text>14. Verfahren nach einem der Ansprüche 9 bis 13, </claim-text><claim-text> wobei im Reaktionsvolumen (58) aus mehreren </claim-text><claim-text>verschiedenen Metallelementen zumindest ein bestimmtes Element zur Synthese selektiert wird, indem zumindest einer der folgenden Prozessparameter in Abhängigkeit von dem zu selektierenden Metallelement ausgewählt bzw. eingestellt wird: </claim-text><claim-text> - Anteil des Kohlenstoffmonoxids am Trägergas, </claim-text><claim-text> - Fördermenge des Trägergases, </claim-text><claim-text> - Trägergasdruck in der Synthesekammer (14), </claim-text><claim-text> - Inertgassorte, <!-- EPO <DP n="45"/>--> - Targetmaterial, </claim-text><claim-text> - Targetabdeckungsmaterial , </claim-text><claim-text> - Targetabdeckungsdicke. </claim-text></claim><claim id="clm-0015" num="15"><claim-text>15. Vorrichtung zur Erzeugung und Bereitstellung von </claim-text><claim-text>Metallelementen in Form von Metallelement-Carbonyl- Komplexen in gasförmiger Phase insbesondere zur </claim-text><claim-text>Durchführung des Verfahrens nach einem der vorstehenden Ansprüche, umfassend: </claim-text><claim-text> eine Synthesekammer (14) , welche ein Reaktionsvolumen</claim-text><claim-text>(58) definiert, </claim-text><claim-text> eine Quelle von Metallelementen (55) , insbesondere ein Target (54) zur Erzeugung der Metallelementen oder erzeugte Metallelemente (55) , </claim-text><claim-text> eine Trägergasquelle (3) mit einer Zuleitung (10) zur</claim-text><claim-text>Einleitung des kohlenstoffmonoxidhaltigen Trägergases in die Synthesekammer (14) , um das Trägergas und die </claim-text><claim-text>Metallelemente (55) in der Synthesekammer (14) </claim-text><claim-text>zusammenzuführen und aus den Metallelementen (55) und dem Kohlenstoffmonoxid des Trägergases Metallelement-Carbonyl- Komplexe zu synthetisieren, </claim-text><claim-text> einen Auslass (48) zum Bereitstellen des Trägergases mit den synthetisierten Metallelement-Carbonyl-Komplexen zur weiteren Nutzung. </claim-text></claim><claim id="clm-0016" num="16"><claim-text>16. Vorrichtung nach vorstehendem Anspruch, </claim-text><claim-text> wobei ein direkter Kontakt des Targets (54) mit dem Trägergas ermöglicht ist, indem das Target (54) von dem Trägergas umspült ist. </claim-text></claim><claim id="clm-0017" num="17"><claim-text>17. Vorrichtung nach einem der Ansprüche 15 oder 16, </claim-text><claim-text> wobei das Target (54) Actinoide enthält und/oder zur <!-- EPO <DP n="46"/>--> Erzeugung der Metallelemente mit Hadronen-enthaltender Strahlung, insbesondere mit thermalisierten Neutronen oder beschleunigten Ionen, aktiviert wird. </claim-text></claim><claim id="clm-0018" num="18"><claim-text>18. Vorrichtung nach vorstehendem Anspruch, ferner </claim-text><claim-text>umfassend eine Targetabdeckung (56), welche auf der der Hadronen-enthaltenden Strahlung (60) abgewandten Seite des Targets (54) angeordnet ist und deren Material und Dicke angepasst ist, um schwerere Spaltfragmente zurückzuhalten. </claim-text></claim><claim id="clm-0019" num="19"><claim-text>19. Vorrichtung nach einem der Ansprüche 17 bis 18, ferner umfassend ein Eintrittsfenster (53) zum Eintritt der zur Aktivierung des Targets (54) verwendeten Strahlung (60) von der Strahlungsquelle in die Synthesekammer (14) , </claim-text><claim-text> wobei die zur Aktivierung des Targets (54) verwendete</claim-text><claim-text>Strahlung (60) thermische Neutronen oder beschleunigte Ionen enthält und </claim-text><claim-text> wobei die Strahlung (60) auf das Target gerichtet ist. </claim-text></claim><claim id="clm-0020" num="20"><claim-text>20. Vorrichtung nach einem der Ansprüche 15 bis 19, ferner umfassend eine Transportleitung (12) zum Transport der Metallelement-Carbonyl-Komplexe zu einem von der </claim-text><claim-text>Synthesekammer (14) entfernten Ort oder Aufbau (15) . </claim-text></claim><claim id="clm-0021" num="21"><claim-text>21. Verwendung des Verfahrens nach einem der Ansprüche 1 bis 14 oder der Vorrichtung nach einem der Ansprüche 15 bis 20 zum Bereitstellen von Metallelementen für die </claim-text><claim-text>Szintigraphie, die Nuklearmedizin, die Tribologie, die Radiochemie oder die Radiopharmakologie. </claim-text></claim></claims><copyright>User acknowledges that Fairview Research LLC and its third party providers retain all right, title and interest in and to this xml under applicable copyright laws.  User acquires no ownership rights to this xml including but not limited to its format.  User hereby accepts the terms and conditions of the Licence Agreement</copyright></patent-document>
