<?xml version="1.0" encoding="UTF-8"?>
<patent-document ucid="EP-2678270-A1" country="EP" doc-number="2678270" kind="A1" date="20140101" family-id="45787154" file-reference-id="315082" date-produced="20180826" status="corrected" lang="DE"><bibliographic-data><publication-reference fvid="146551225" ucid="EP-2678270-A1"><document-id><country>EP</country><doc-number>2678270</doc-number><kind>A1</kind><date>20140101</date><lang>DE</lang></document-id></publication-reference><application-reference ucid="EP-12706771-A" is-representative="NO"><document-id mxw-id="PAPP154825148" load-source="docdb" format="epo"><country>EP</country><doc-number>12706771</doc-number><kind>A</kind><date>20120214</date><lang>DE</lang></document-id><document-id mxw-id="PAPP188910923" load-source="docdb" format="original"><country>EP</country><doc-number>12706771.8</doc-number><date>20120214</date></document-id></application-reference><priority-claims><priority-claim mxw-id="PPC140445672" ucid="DE-102011011881-A" load-source="docdb"><document-id format="epo"><country>DE</country><doc-number>102011011881</doc-number><kind>A</kind><date>20110221</date></document-id></priority-claim><priority-claim mxw-id="PPC140453265" ucid="EP-2012000642-W" linkage-type="W" load-source="docdb"><document-id format="epo"><country>EP</country><doc-number>2012000642</doc-number><kind>W</kind><date>20120214</date></document-id></priority-claim></priority-claims><technical-data><classifications-ipcr><classification-ipcr mxw-id="PCL1988101331" load-source="docdb">C01B  21/38        20060101ALI20120911BHEP        </classification-ipcr><classification-ipcr mxw-id="PCL1988109183" load-source="docdb">B01D  53/86        20060101ALI20120911BHEP        </classification-ipcr><classification-ipcr mxw-id="PCL1988133347" load-source="docdb">C01B  21/26        20060101AFI20120911BHEP        </classification-ipcr></classifications-ipcr><classifications-cpc><classification-cpc mxw-id="PCL-1727837269" load-source="docdb" scheme="CPC">C01B  21/40        20130101 FI20171123BHEP        </classification-cpc><classification-cpc mxw-id="PCL-1821554911" load-source="docdb" scheme="CPC">Y02P  20/153       20151101 LA20170422BHEP        </classification-cpc><classification-cpc mxw-id="PCL-1821554912" load-source="docdb" scheme="CPC">Y02C  20/10        20130101 LA20170422BHEP        </classification-cpc><classification-cpc mxw-id="PCL-1821554913" load-source="docdb" scheme="CPC">C01B  21/38        20130101 LI20170422BHEP        </classification-cpc><classification-cpc mxw-id="PCL-1821554914" load-source="docdb" scheme="CPC">C01B  21/265       20130101 LI20170422BHEP        </classification-cpc><classification-cpc mxw-id="PCL-1821554915" load-source="docdb" scheme="CPC">B01J2229/42        20130101 LA20170422BHEP        </classification-cpc><classification-cpc mxw-id="PCL-1821554916" load-source="docdb" scheme="CPC">B01J  29/7615      20130101 LA20170422BHEP        </classification-cpc><classification-cpc mxw-id="PCL-1821554917" load-source="docdb" scheme="CPC">B01J  29/68        20130101 LA20170422BHEP        </classification-cpc><classification-cpc mxw-id="PCL-1821554918" load-source="docdb" scheme="CPC">B01J  29/46        20130101 LA20170422BHEP        </classification-cpc><classification-cpc mxw-id="PCL-1821554919" load-source="docdb" scheme="CPC">B01J  29/072       20130101 LI20170422BHEP        </classification-cpc><classification-cpc mxw-id="PCL-1821554920" load-source="docdb" scheme="CPC">B01D2257/404       20130101 LA20170422BHEP        </classification-cpc><classification-cpc mxw-id="PCL-1821554921" load-source="docdb" scheme="CPC">B01D2257/402       20130101 LA20170422BHEP        </classification-cpc><classification-cpc mxw-id="PCL-1821554922" load-source="docdb" scheme="CPC">B01D2255/504       20130101 LA20170422BHEP        </classification-cpc><classification-cpc mxw-id="PCL-1821554923" load-source="docdb" scheme="CPC">B01D2255/502       20130101 LA20170422BHEP        </classification-cpc><classification-cpc mxw-id="PCL-1821554924" load-source="docdb" scheme="CPC">B01D2255/20761     20130101 LA20170422BHEP        </classification-cpc><classification-cpc mxw-id="PCL-1821554925" load-source="docdb" scheme="CPC">B01D2255/20746     20130101 LA20170422BHEP        </classification-cpc><classification-cpc mxw-id="PCL-1821554926" load-source="docdb" scheme="CPC">B01D2255/20738     20130101 LA20170422BHEP        </classification-cpc><classification-cpc mxw-id="PCL-1821554927" load-source="docdb" scheme="CPC">B01D2255/2065      20130101 LA20170422BHEP        </classification-cpc><classification-cpc mxw-id="PCL-1821554928" load-source="docdb" scheme="CPC">B01D  53/869       20130101 LI20170422BHEP        </classification-cpc><classification-cpc mxw-id="PCL-1821554929" load-source="docdb" scheme="CPC">B01D  53/8628      20130101 LI20170422BHEP        </classification-cpc></classifications-cpc><invention-title mxw-id="PT132186159" lang="DE" load-source="patent-office">VERFAHREN ZUR BESEITIGUNG VON N2O UND NOX AUS DEM PROZESS ZUR SALPETERSÄUREHERSTELLUNG UND DAFÜR GEEIGNETE ANLAGE</invention-title><invention-title mxw-id="PT132186160" lang="EN" load-source="patent-office">METHOD FOR REMOVING N2O AND NOX FROM THE NITRIC ACID PRODUCTION PROCESS, AND AN INSTALLATION SUITABLE FOR SAME</invention-title><invention-title mxw-id="PT132186161" lang="FR" load-source="patent-office">PROCÉDÉ POUR ÉLIMINER LE N2O ET LES NOX DU PROCÉDÉ POUR LA PRÉPARATION</invention-title></technical-data><parties><applicants><applicant mxw-id="PPAR918164873" load-source="docdb" sequence="1" format="epo"><addressbook><last-name>THYSSENKRUPP UHDE GMBH</last-name><address><country>DE</country></address></addressbook></applicant><applicant mxw-id="PPAR918156859" load-source="docdb" sequence="1" format="intermediate"><addressbook><last-name>THYSSENKRUPP UHDE GMBH</last-name></addressbook></applicant><applicant mxw-id="PPAR918992317" load-source="patent-office" sequence="1" format="original"><addressbook><last-name>ThyssenKrupp Uhde GmbH</last-name><iid>101279287</iid><address><street>Friedrich-Uhde-Strasse 15</street><city>44141 Dortmund</city><country>DE</country></address></addressbook></applicant></applicants><inventors><inventor mxw-id="PPAR918158923" load-source="docdb" sequence="1" format="epo"><addressbook><last-name>SCHWEFER MEINHARD</last-name><address><country>DE</country></address></addressbook></inventor><inventor mxw-id="PPAR918171019" load-source="docdb" sequence="1" format="intermediate"><addressbook><last-name>SCHWEFER, MEINHARD</last-name></addressbook></inventor><inventor mxw-id="PPAR918979215" load-source="patent-office" sequence="1" format="original"><addressbook><last-name>SCHWEFER, MEINHARD</last-name><address><street>Auf'm Ufer 10</street><city>59872 Meschede</city><country>DE</country></address></addressbook></inventor><inventor mxw-id="PPAR918132369" load-source="docdb" sequence="2" format="epo"><addressbook><last-name>SIEFERT ROLF</last-name><address><country>DE</country></address></addressbook></inventor><inventor mxw-id="PPAR918169378" load-source="docdb" sequence="2" format="intermediate"><addressbook><last-name>SIEFERT, ROLF</last-name></addressbook></inventor><inventor mxw-id="PPAR918993046" load-source="patent-office" sequence="2" format="original"><addressbook><last-name>SIEFERT, ROLF</last-name><address><street>Wartenbergstrasse 18</street><city>33378 Rheda-Wiedenbrück</city><country>DE</country></address></addressbook></inventor><inventor mxw-id="PPAR918166107" load-source="docdb" sequence="3" format="epo"><addressbook><last-name>FUCHS JUERGEN</last-name><address><country>DE</country></address></addressbook></inventor><inventor mxw-id="PPAR918164973" load-source="docdb" sequence="3" format="intermediate"><addressbook><last-name>FUCHS, JUERGEN</last-name></addressbook></inventor><inventor mxw-id="PPAR918986359" load-source="patent-office" sequence="3" format="original"><addressbook><last-name>Fuchs, Jürgen</last-name><address><street>Vogelsangskamp 40</street><city>44139 Dortmund</city><country>DE</country></address></addressbook></inventor><inventor mxw-id="PPAR918170993" load-source="docdb" sequence="4" format="epo"><addressbook><last-name>RUTHARDT KLAUS</last-name><address><country>DE</country></address></addressbook></inventor><inventor mxw-id="PPAR918134945" load-source="docdb" sequence="4" format="intermediate"><addressbook><last-name>RUTHARDT, KLAUS</last-name></addressbook></inventor><inventor mxw-id="PPAR918982772" load-source="patent-office" sequence="4" format="original"><addressbook><last-name>RUTHARDT, KLAUS</last-name><address><street>Roholte 12</street><city>44265 Dortmund</city><country>DE</country></address></addressbook></inventor><inventor mxw-id="PPAR918137101" load-source="docdb" sequence="5" format="epo"><addressbook><last-name>GROVES MICHAEL</last-name><address><country>DE</country></address></addressbook></inventor><inventor mxw-id="PPAR918155479" load-source="docdb" sequence="5" format="intermediate"><addressbook><last-name>GROVES, MICHAEL</last-name></addressbook></inventor><inventor mxw-id="PPAR918990756" load-source="patent-office" sequence="5" format="original"><addressbook><last-name>GROVES, MICHAEL</last-name><address><street>Westfelder Straße 55</street><city>58285 Gevelsberg</city><country>DE</country></address></addressbook></inventor></inventors><agents><agent mxw-id="PPAR918983087" load-source="patent-office" sequence="1" format="original"><addressbook><last-name>Ackermann, Joachim</last-name><iid>100029800</iid><address><street>Postfach 11 13 26</street><city>60048 Frankfurt am Main</city><country>DE</country></address></addressbook></agent></agents></parties><international-convention-data><pct-or-regional-filing-data ucid="EP-2012000642-W"><document-id><country>EP</country><doc-number>2012000642</doc-number><kind>W</kind><date>20120214</date><lang>DE</lang></document-id></pct-or-regional-filing-data><pct-or-regional-publishing-data ucid="WO-2012113516-A1"><document-id><country>WO</country><doc-number>2012113516</doc-number><kind>A1</kind><date>20120830</date><lang>DE</lang></document-id></pct-or-regional-publishing-data><designated-states><ep-contracting-states><country mxw-id="DS548815688" load-source="docdb">AL</country><country mxw-id="DS548926572" load-source="docdb">AT</country><country mxw-id="DS548815689" load-source="docdb">BE</country><country mxw-id="DS548928230" load-source="docdb">BG</country><country mxw-id="DS548865245" load-source="docdb">CH</country><country mxw-id="DS548934223" load-source="docdb">CY</country><country mxw-id="DS548926573" load-source="docdb">CZ</country><country mxw-id="DS548815690" load-source="docdb">DE</country><country mxw-id="DS548934224" load-source="docdb">DK</country><country mxw-id="DS548934225" load-source="docdb">EE</country><country mxw-id="DS548928826" load-source="docdb">ES</country><country mxw-id="DS548928231" load-source="docdb">FI</country><country mxw-id="DS548928232" load-source="docdb">FR</country><country mxw-id="DS548815691" load-source="docdb">GB</country><country mxw-id="DS548934226" load-source="docdb">GR</country><country mxw-id="DS548815692" load-source="docdb">HR</country><country mxw-id="DS548926578" load-source="docdb">HU</country><country mxw-id="DS548865246" load-source="docdb">IE</country><country mxw-id="DS548815693" load-source="docdb">IS</country><country mxw-id="DS548928233" load-source="docdb">IT</country><country mxw-id="DS548934227" load-source="docdb">LI</country><country mxw-id="DS548912949" load-source="docdb">LT</country><country mxw-id="DS548926579" load-source="docdb">LU</country><country mxw-id="DS548912950" load-source="docdb">LV</country><country mxw-id="DS548912951" load-source="docdb">MC</country><country mxw-id="DS548836874" load-source="docdb">MK</country><country mxw-id="DS548836875" load-source="docdb">MT</country><country mxw-id="DS548928827" load-source="docdb">NL</country><country mxw-id="DS548928238" load-source="docdb">NO</country><country mxw-id="DS548836876" load-source="docdb">PL</country><country mxw-id="DS548865247" load-source="docdb">PT</country><country mxw-id="DS548928828" load-source="docdb">RO</country><country mxw-id="DS548865248" load-source="docdb">RS</country><country mxw-id="DS548836877" load-source="docdb">SE</country><country mxw-id="DS548865249" load-source="docdb">SI</country><country mxw-id="DS548928239" load-source="docdb">SK</country><country mxw-id="DS548836878" load-source="docdb">SM</country><country mxw-id="DS548934228" load-source="docdb">TR</country></ep-contracting-states></designated-states></international-convention-data><office-specific-data><eptags><ep-no-a-document-published>*</ep-no-a-document-published></eptags></office-specific-data></bibliographic-data><abstract mxw-id="PA99626236" ref-ucid="WO-2012113516-A1" lang="DE" load-source="patent-office"><p num="0000">Die Erfindung betrifft ein Verfahren zur Herstellung von Salpetersäure durch katalytische Oxidation von NH<sub>3</sub> mit Sauerstoff und anschließende Umsetzung des gebildeten ΝΟ<sub>x</sub> mit einem Absorptionsmittel in einem Absorptionsturm umfassend ein Katalysatorbett zur N<sub>2</sub>O-Zersetzung, welches im Prozessgas in Strömungsrichtung nach der katalytischen NH<sub>3</sub>-Oxidation und vor dem Absorbtionsturm angeordnet ist, und ein Katalysatorbett zur ΝΟ<sub>x</sub>-Reduktion und weiteren N<sub>2</sub>O-Minderung, welches im Restgas in Strömungsrichtung nach dem Absorptionsturm angeordnet ist, wobei in dem im Prozessgas angeordneten Katalysatorbett zur N<sub>2</sub>O-Zersetzung maximal soviel N<sub>2</sub>O abgebaut wird, dass vor Eintritt des Restgases in das Katalysatorbett zur ΝΟ<sub>x</sub>-Reduktion der N<sub>2</sub>O-Gehalt &gt; 100 ppmv beträgt und ein molares N<sub>2</sub>O/ΝΟ<sub>x</sub>-Verhältnis von &gt; 0,25 resultiert, und wobei das im Restgas angeordnete Katalysatorbett zur ΝΟ<sub>x</sub>-Reduktion und weiteren N<sub>2</sub>O-Minderung mindestens einen mit Eisen beladenen Zeolith-Katalysator enthält, und wobei dem Restgas vor Eintritt in das Katalysatorbett eine solche Menge an NH<sub>3</sub> zugesetzt wird, dass am Austritt des Katalysatorbettes eine ΝΟ<sub>x</sub>-Konzentration von &lt; 40ppmv resultiert, und wobei die Betriebsparameter derart gewählt werden, dass eine N<sub>2</sub>O-Konzentration von &lt; 200 ppmv resultiert. Die Erfindung betrifft ferner eine Salpetersäureanlage, bei welcher eine katalytische Beseitigung des bei der katalytischen NH<sub>3</sub>-Oxidation gebildeten N<sub>2</sub>O im Prozessgas und weitere Minderung des N<sub>2</sub>O-Gehaltes und eine Reduzierung des ΝΟ<sub>x</sub>-Gehaltes im Restgas nachgeschaltet zum Absorptionsturm erfolgt, gekennzeichnet durch die Anwesenheit mindestens folgender Elemente: A) Reaktor zur katalytischen Oxidation von NH<sub>3</sub> mit Sauerstoff zur Erzeugung eines ΝΟ<sub>x</sub> enthaltenden Prozessgases, B) Absorptionsturm zur Umsetzung des gebildeten ΝΟ<sub>x</sub> aus dem Prozessgas mit einem Absorptionsmittel, wobei ein ΝΟ<sub>x</sub> und N<sub>2</sub>O enthaltendes Restgas entsteht, C) mindestens ein erstes Katalysatorbett zur N<sub>2</sub>O-Zersetzung, welches vom Prozessgas durchströmt wird und in Strömungsrichtung nach der katalytischen NH<sub>3</sub>-Oxidation und vor dem Absorptionsturm angeordnet ist, D) mindestens ein zweites Katalysatorbett zur ΝΟ<sub>x</sub>-Reduktion und weiteren N<sub>2</sub>O-Minderung, welches vom Restgas durchströmt wird und in Strömungsrichtung nach dem Absorptionsturm angeordnet ist, und E) mindestens eine Vorrichtung zur Einspeisung von gasförmigem Reduktionsmittel in das Restgas, welche in Strömungsrichtung nach dem Absorptionsturm und vor dem zweiten Katalysatorbett angeordnet ist, wobei F) das erste Katalysatorbett einen Katalysatorbett einen Katalysator für die Zersetzung von N<sub>2</sub>O enthält, und wobei G) das zweite Katalysatorbett einen Katalysator enthält, der mindestens einen mit Eisen beladenen Zeolith enthält. Das Verfahren und die Anlage gestatten eine besonders effiziente Verringerung von N<sub>2</sub>O- und ΝΟ<sub>x</sub>-Emissionen aus Salpetersäureanlagen.</p></abstract><abstract mxw-id="PA99824755" ref-ucid="WO-2012113516-A1" lang="DE" source="national office" load-source="docdb"><p>Die Erfindung betrifft ein Verfahren zur Herstellung von Salpetersäure durch katalytische Oxidation von NH3 mit Sauerstoff und anschließende Umsetzung des gebildeten ??x mit einem Absorptionsmittel in einem Absorptionsturm umfassend ein Katalysatorbett zur N2O-Zersetzung, welches im Prozessgas in Strömungsrichtung nach der katalytischen NH3-Oxidation und vor dem Absorbtionsturm angeordnet ist, und ein Katalysatorbett zur ??x-Reduktion und weiteren N2O-Minderung, welches im Restgas in Strömungsrichtung nach dem Absorptionsturm angeordnet ist, wobei in dem im Prozessgas angeordneten Katalysatorbett zur N2O-Zersetzung maximal soviel N2O abgebaut wird, dass vor Eintritt des Restgases in das Katalysatorbett zur ??x-Reduktion der N2O-Gehalt &gt; 100 ppmv beträgt und ein molares N2O/??x-Verhältnis von &gt; 0,25 resultiert, und wobei das im Restgas angeordnete Katalysatorbett zur ??x-Reduktion und weiteren N2O-Minderung mindestens einen mit Eisen beladenen Zeolith-Katalysator enthält, und wobei dem Restgas vor Eintritt in das Katalysatorbett eine solche Menge an NH3 zugesetzt wird, dass am Austritt des Katalysatorbettes eine ??x-Konzentration von 2O-Konzentration von &lt; 200 ppmv resultiert. Die Erfindung betrifft ferner eine Salpetersäureanlage, bei welcher eine katalytische Beseitigung des bei der katalytischen NH3-Oxidation gebildeten N2O im Prozessgas und weitere Minderung des N2O-Gehaltes und eine Reduzierung des ??x-Gehaltes im Restgas nachgeschaltet zum Absorptionsturm erfolgt, gekennzeichnet durch die Anwesenheit mindestens folgender Elemente: A) Reaktor zur katalytischen Oxidation von NH3 mit Sauerstoff zur Erzeugung eines ??x enthaltenden Prozessgases, B) Absorptionsturm zur Umsetzung des gebildeten ??x aus dem Prozessgas mit einem Absorptionsmittel, wobei ein ??x und N2O enthaltendes Restgas entsteht, C) mindestens ein erstes Katalysatorbett zur N2O-Zersetzung, welches vom Prozessgas durchströmt wird und in Strömungsrichtung nach der katalytischen NH3-Oxidation und vor dem Absorptionsturm angeordnet ist, D) mindestens ein zweites Katalysatorbett zur ??x-Reduktion und weiteren N2O-Minderung, welches vom Restgas durchströmt wird und in Strömungsrichtung nach dem Absorptionsturm angeordnet ist, und E) mindestens eine Vorrichtung zur Einspeisung von gasförmigem Reduktionsmittel in das Restgas, welche in Strömungsrichtung nach dem Absorptionsturm und vor dem zweiten Katalysatorbett angeordnet ist, wobei F) das erste Katalysatorbett einen Katalysatorbett einen Katalysator für die Zersetzung von N2O enthält, und wobei G) das zweite Katalysatorbett einen Katalysator enthält, der mindestens einen mit Eisen beladenen Zeolith enthält. Das Verfahren und die Anlage gestatten eine besonders effiziente Verringerung von N2O- und ??x-Emissionen aus Salpetersäureanlagen.</p></abstract><abstract mxw-id="PA99626237" ref-ucid="WO-2012113516-A1" lang="EN" load-source="patent-office"><p num="0000">The invention relates to a method for producing nitric acid by catalytically oxidising NH<sub>3</sub> with oxygen and then reacting the obtained ΝΟ<sub>x</sub> with an absorption agent in an absorption tower, said tower comprising a catalyst bed for N<sub>2</sub>O decomposition arranged in the process gas after the catalytic NH<sub>3</sub> oxidation and before the absorption tower in the direction of flow, and a catalyst bed for ΝΟ<sub>x</sub> reduction and further N<sub>2</sub>O reduction, arranged in the residual gas after the absorption tower in the direction of flow. In the catalyst bed for N<sub>2</sub>O decomposition that is arranged in the process gas, as much N<sub>2</sub>O as possible is broken down such that before the residual gas enters the catalyst bed for ΝΟ<sub>x</sub> reduction, the N<sub>2</sub>O content is at &gt; 100 ppmv and a molar N<sub>2</sub>O/ΝΟ<sub>x</sub> ratio of &gt; 0.25 is the result; the catalyst bed for ΝΟ<sub>x</sub> reduction and further N<sub>2</sub>O reduction, arranged in the residual gas, containing at least one zeolite catalyst loaded with iron; there being such an amount of NH<sub>3</sub> added to the residual gas prior to entry into the catalyst bed that upon exit from the catalyst bed, an ΝΟ<sub>x</sub> concentration of &lt; 40 ppmv results; and the operating parameters being selected so as to produce an N<sub>2</sub>O concentration of &lt;200 ppmv. The invention additionally relates to a nitric acid installation in which the N<sub>2</sub>O, formed during the catalytic NH<sub>3</sub> oxidation, is catalytically removed in the process gas, with the ΝΟ<sub>x</sub> content being reduced and the N<sub>2</sub>O content being further reduced in the residual gas, downstream of the absorption tower, and which is characterised in that at least the following elements are present: A) a reactor for the catalytic oxidation of NH<sub>3</sub> with oxygen to produce a process gas containing ΝΟ<sub>x</sub>, B) an absorption tower for reacting the obtained ΝΟ<sub>x</sub> from the process gas with an absorption agent, a residual gas containing ΝΟ<sub>x</sub> and N<sub>2</sub>O being the result, C) at least one first catalyst bed for N<sub>2</sub>O decomposition through which the process gas flows and which is arranged after the catalytic NH<sub>3</sub> oxidation and before the absorption tower in the direction of flow, D) at least one second catalyst bed for ΝΟ<sub>x</sub> reduction and further N<sub>2</sub>O reduction, through which the residual gas flows and which is arranged after the absorption tower in the direction of flow, E) at least one device, for feeding a gaseous reduction agent into the residual gas, arranged after the absorption tower and before the second catalyst bed in the direction of flow, F) the first catalyst bed containing a catalyst for decomposing N<sub>2</sub>O, and G) the second catalyst bed containing a catalyst which contains at least one zeolite loaded with iron. The method and installation allow N<sub>2</sub>O and ΝΟ<sub>x</sub> emissions from nitric acid installations to be reduced in a particularly efficient manner.</p></abstract><abstract mxw-id="PA99824756" ref-ucid="WO-2012113516-A1" lang="EN" source="national office" load-source="docdb"><p>The invention relates to a method for producing nitric acid by catalytically oxidising NH3 with oxygen and then reacting the obtained ??x with an absorption agent in an absorption tower, said tower comprising a catalyst bed for N2O decomposition arranged in the process gas after the catalytic NH3 oxidation and before the absorption tower in the direction of flow, and a catalyst bed for ??x reduction and further N2O reduction, arranged in the residual gas after the absorption tower in the direction of flow. In the catalyst bed for N2O decomposition that is arranged in the process gas, as much N2O as possible is broken down such that before the residual gas enters the catalyst bed for ??x reduction, the N2O content is at &gt; 100 ppmv and a molar N2O/??x ratio of &gt; 0.25 is the result; the catalyst bed for ??x reduction and further N2O reduction, arranged in the residual gas, containing at least one zeolite catalyst loaded with iron; there being such an amount of NH3 added to the residual gas prior to entry into the catalyst bed that upon exit from the catalyst bed, an ??x concentration of 2O concentration of 2O, formed during the catalytic NH3 oxidation, is catalytically removed in the process gas, with the ??x content being reduced and the N2O content being further reduced in the residual gas, downstream of the absorption tower, and which is characterised in that at least the following elements are present: A) a reactor for the catalytic oxidation of NH3 with oxygen to produce a process gas containing ??x, B) an absorption tower for reacting the obtained ??x from the process gas with an absorption agent, a residual gas containing ??x and N2O being the result, C) at least one first catalyst bed for N2O decomposition through which the process gas flows and which is arranged after the catalytic NH3 oxidation and before the absorption tower in the direction of flow, D) at least one second catalyst bed for ??x reduction and further N2O reduction, through which the residual gas flows and which is arranged after the absorption tower in the direction of flow, E) at least one device, for feeding a gaseous reduction agent into the residual gas, arranged after the absorption tower and before the second catalyst bed in the direction of flow, F) the first catalyst bed containing a catalyst for decomposing N2O, and G) the second catalyst bed containing a catalyst which contains at least one zeolite loaded with iron. The method and installation allow N2O and ??x emissions from nitric acid installations to be reduced in a particularly efficient manner.</p></abstract><abstract mxw-id="PA99626238" ref-ucid="WO-2012113516-A1" lang="FR" load-source="patent-office"><p num="0000">L'invention concerne un procédé de préparation d'acide nitrique par oxydation catalytique de NH<sub>3</sub> avec de l'oxygène et mise en réaction consécutive des ΝΟ<sub>x</sub> formés avec un agent d'absorption dans une tour d'absorption comprenant un lit catalytique destiné à la décomposition du N<sub>2</sub>O, qui est disposé dans le gaz de traitement, dans le sens d'écoulement, en aval de l'oxydation catalytique de NH<sub>3</sub> et en amont de la tour d'absorption, et un lit catalytique destiné à la réduction des ΝΟ<sub>x</sub> et une diminution supplémentaire du N<sub>2</sub>O, qui est disposé dans le gaz résiduel, dans le sens d'écoulement, en aval de la tour d'absorption. Dans le lit catalytique destiné à la décomposition de N<sub>2</sub>O disposé dans le gaz de traitement, la quantité de N<sub>2</sub>O qui est décomposée est telle qu'avant l'entrée du gaz résiduel dans le lit catalytique destiné à la réduction des ΝO<sub>x</sub>, la teneur en N<sub>2</sub>O est &gt; 100 ppmv et qu'un rapport molaire N<sub>2</sub>O/ΝΟ<sub>x</sub> &gt; 0,25 est obtenu. Le lit catalytique destiné à la réduction des NO<sub>x</sub> et une diminution supplémentaire du N<sub>2</sub>O disposé dans le gaz résiduel contient au moins un catalyseur zéolithique chargé de fer. Le gaz résiduel, avant son entrée dans le lit catalytique, est additionné d'une quantité de NH<sub>3</sub> telle qu'on obtient, à la sortie du lit catalytique, une concentration en ΝΟ<sub>x</sub> &lt; 40ppmv et les paramètres d'exploitation sont choisis de façon à obtenir une concentration en N<sub>2</sub>O de &lt; 200 ppmv. L'invention concerne en outre une installation d'acide nitrique dans laquelle sont réalisées une élimination catalytique du N<sub>2</sub>O formé lors de l'oxydation catalytique de NH<sub>3</sub> dans le gaz de traitement et une diminution supplémentaire de la teneur en N<sub>2</sub>O et une réduction de la teneur en ΝΟ<sub>x</sub> dans le gaz résiduel en aval de la tour d'absorption, caractérisée par la présence au moins des éléments suivants : A) un réacteur destiné à l'oxydation catalytique de NH<sub>3</sub> par de l'oxygène pour la production d'un gaz de traitement contenant des ΝΟ<sub>x</sub>, B) une tour d'absorption destinée à la mise en réaction des ΝΟ<sub>x</sub> formés du gaz de traitement avec un agent d'absorption et obtention d'un gaz résiduel contenant des ΝΟ<sub>x</sub> et du N<sub>2</sub>O, C) au moins un premier lit catalytique destiné à la décomposition du N<sub>2</sub>O qui est traversé par un flux de gaz de traitement et qui est disposé, dans le sens d'écoulement, en aval de l'oxydation catalytique de NH<sub>3</sub> et en amont de la tour d'absorption, D) au moins un deuxième lit catalytique destiné à la réduction des ΝΟ<sub>x</sub> et une diminution supplémentaire du N<sub>2</sub>O, qui est traversé par un flux de gaz résiduel et disposé, dans le sens d'écoulement, en aval de la tour d'absorption, et E) au moins un dispositif destiné à injecter un réducteur gazeux dans le gaz résiduel, qui est disposé, dans le sens d'écoulement, en aval de la tour d'absorption et en amont du deuxième lit catalytique, F) le premier lit catalytique contenant un catalyseur destiné à la décomposition de N<sub>2</sub>O, et G) le deuxième lit catalytique contenant un catalyseur qui contient au moins une zéolithe chargée de fer. Le procédé et l'installation permettent une diminution particulièrement efficace des émissions de N<sub>2</sub>O et des ΝΟ<sub>x</sub> des installations d'acide nitrique.</p></abstract><abstract mxw-id="PA99824757" ref-ucid="WO-2012113516-A1" lang="FR" source="national office" load-source="docdb"><p>L'invention concerne un procédé de préparation d'acide nitrique par oxydation catalytique de NH3 avec de l'oxygène et mise en réaction consécutive des ??x formés avec un agent d'absorption dans une tour d'absorption comprenant un lit catalytique destiné à la décomposition du N2O, qui est disposé dans le gaz de traitement, dans le sens d'écoulement, en aval de l'oxydation catalytique de NH3 et en amont de la tour d'absorption, et un lit catalytique destiné à la réduction des ??x et une diminution supplémentaire du N2O, qui est disposé dans le gaz résiduel, dans le sens d'écoulement, en aval de la tour d'absorption. Dans le lit catalytique destiné à la décomposition de N2O disposé dans le gaz de traitement, la quantité de N2O qui est décomposée est telle qu'avant l'entrée du gaz résiduel dans le lit catalytique destiné à la réduction des ?Ox, la teneur en N2O est &gt; 100 ppmv et qu'un rapport molaire N2O/??x &gt; 0,25 est obtenu. Le lit catalytique destiné à la réduction des NOx et une diminution supplémentaire du N2O disposé dans le gaz résiduel contient au moins un catalyseur zéolithique chargé de fer. Le gaz résiduel, avant son entrée dans le lit catalytique, est additionné d'une quantité de NH3 telle qu'on obtient, à la sortie du lit catalytique, une concentration en ??x &lt; 40ppmv et les paramètres d'exploitation sont choisis de façon à obtenir une concentration en N2O de &lt; 200 ppmv. L'invention concerne en outre une installation d'acide nitrique dans laquelle sont réalisées une élimination catalytique du N2O formé lors de l'oxydation catalytique de NH3 dans le gaz de traitement et une diminution supplémentaire de la teneur en N2O et une réduction de la teneur en ??x dans le gaz résiduel en aval de la tour d'absorption, caractérisée par la présence au moins des éléments suivants : A) un réacteur destiné à l'oxydation catalytique de NH3 par de l'oxygène pour la production d'un gaz de traitement contenant des ??x, B) une tour d'absorption destinée à la mise en réaction des ??x formés du gaz de traitement avec un agent d'absorption et obtention d'un gaz résiduel contenant des ??x et du N2O, C) au moins un premier lit catalytique destiné à la décomposition du N2O qui est traversé par un flux de gaz de traitement et qui est disposé, dans le sens d'écoulement, en aval de l'oxydation catalytique de NH3 et en amont de la tour d'absorption, D) au moins un deuxième lit catalytique destiné à la réduction des ??x et une diminution supplémentaire du N2O, qui est traversé par un flux de gaz résiduel et disposé, dans le sens d'écoulement, en aval de la tour d'absorption, et E) au moins un dispositif destiné à injecter un réducteur gazeux dans le gaz résiduel, qui est disposé, dans le sens d'écoulement, en aval de la tour d'absorption et en amont du deuxième lit catalytique, F) le premier lit catalytique contenant un catalyseur destiné à la décomposition de N2O, et G) le deuxième lit catalytique contenant un catalyseur qui contient au moins une zéolithe chargée de fer. Le procédé et l'installation permettent une diminution particulièrement efficace des émissions de N2O et des ??x des installations d'acide nitrique.</p></abstract><description mxw-id="PDES50931557" ref-ucid="WO-2012113516-A1" lang="DE" load-source="patent-office"><!-- EPO <DP n="3"/>--><p id="p0001" num="0001"> Beschreibung </p><p id="p0002" num="0002">Verfahren zur Beseitigung von N<sub>2</sub>O und NO<sub>x</sub> aus dem Prozess zur Salpetersäureherstellung und dafür geeignete Anlage </p><p id="p0003" num="0003">Die Erfindung betrifft ein Verfahren zur Beseitigung von N2O und ΝΟχ aus dem Prozess zur Salpetersäureherstellung, sowie eine geeignete Anlage zur Durchführung dieses Verfahrens. </p><p id="p0004" num="0004">Die Herstellung von Salpetersäure erfolgt im industriellen Maßstab im allgemeinen nach dem Ostwald-Verfahren durch katalytische Oxidation von Ammoniak (NH<sub>3</sub>) an Pt/Rh- Katalysatoren. Dabei wird NH<sub>3</sub> selektiv zu Stickstoffmonoxid (NO) oxidiert, welches dann im Laufe des weiteren Prozesses zu Stickstoffdioxid (NO2) oxidiert wird und schließlich mit Wasser in einem Absorptionsturm zu Salpetersäure umgesetzt wird. Die Pt/Rh- Katalysatoren sind als dünne Netze ausgebildet und in einem Brenner auf breiter Fläche aufgespannt. Die Netze werden von einem Gasgemisch aus typischerweise etwa 8 -12 Vol% Ammoniak und Luft durchströmt, wobei sich an den Netzen durch die Exothermie der Reaktion eine Temperatur von etwa 850-950°C einstellt. </p><p id="p0005" num="0005">Eine Übersicht über den Ablauf der Salpetersäureproduktion und deren verschiedene Verfahrensvarianten ist bspw. in Ullmanns Encyclopedia of Industrial Chemistry, Vol.A 17, VCH Weinheim (1991 ) oder auch in Winnacker-Küchler, Chemische Technik, Prozesse und Produkte, 5. Auflage, Band 3, Anorganische Grundstoffe, </p><p id="p0006" num="0006">Zwischenprodukte, Chemische Technik, Dittmeyer, R. / Keim, W. / Kreysa, G. / </p><p id="p0007" num="0007">Oberholz, A. (Hrsg.), Wiley-VCH, Weinheim, (2005) gegeben. Leider aber ist die Oxidation des NH<sub>3</sub> zu NO nicht 100% selektiv, sondern es entsteht neben dem gewünschten NO immer auch ein gewisser Anteil an Stickstoff (N<sub>2</sub>) und Lachgas (N<sub>2</sub>O). </p><p id="p0008" num="0008">BESTÄTIGUNGSKOPIE 
<!-- EPO <DP n="4"/>-->
 Je nach Oxidationsbedingungen, d.h. herrschendem Druck, Temperatur und Anströmgeschwindigkeit der NH<sub>3</sub>-Verbrennung sowie Art und Alterungszustand der Pt/Rh-Netzkatalysatoren werden typischerweise ca. 4 bis 15 kg N2O pro Tonne HNO3 gebildet. Es resultieren damit im Prozessgas typische N<sub>2</sub>O-Konzentrationen von ca. 500 bis 2000 ppmv. </p><p id="p0009" num="0009">Das gebildete N<sub>2</sub>O wird beim Einleiten des Prozessgases in den Absorptionsturm nicht absorbiert und gelangt so in das Restgas der HNO3-Produktion. Da auch die hier installierten DeNO<sub>x</sub>-Stufen zur Reduzierung des Restgehaltes an NO und NO<sub>2</sub> </p><p id="p0010" num="0010"> (zusammen bezeichnet als ΝΟχ) im allgemeinen keine Minderung des N<sub>2</sub>O-Gehaltes bewirken, gelangt das N<sub>2</sub>O schließlich mehr oder weniger ungemindert in die </p><p id="p0011" num="0011">Atmosphäre. Beispielsweise enthält das Restgas einer Salpetersäureanlage, in der die NH3-Oxidation bei Mitteldruck (ca. 4 - 5 bar abs) durchgeführt wird, durchschnittlich ca. 1.000 ppmv N<sub>2</sub>O, was einer N<sub>2</sub>O-Konzentration im Prozessgas hinter der Nhh-Oxidation von ca. 830 ppmv entspricht. </p><p id="p0012" num="0012">Während NO und NO<sub>2</sub> seit langem als Verbindungen mit ökotoxischer Relevanz bekannt sind (saurer Regen, Smog-Bildung) und weltweit Grenzwerte für ΝΟχ-Emissionen sowie technische Maßnahmen zu deren Reduzierung etabliert wurden, rückte Lachgas erst im letzten Jahrzehnt in den Blickpunkt des Umweltschutzes, da dieses in nicht </p><p id="p0013" num="0013">unerheblichem Maße zum Abbau von stratosphärischem Ozon und zum Treibhauseffekt beiträgt. So wurden in letzten Jahren für den Salpetersäureprozess vielfältige Lösungen zur Entfernung von N<sub>2</sub>O zum Teil in Kombination mit neuen Verfahren zur NO<sub>x</sub>- Reduktion entwickelt und in industriellen Anlagen zur Produktion von Salpetersäure zur Anwendung gebracht. </p><p id="p0014" num="0014">Eine Übersicht über verschiedene Maßnahmen zur N<sub>2</sub>O- und NO<sub>x</sub>-Reduktion im HNO3- Prozess wird bspw. gegeben in: J. Perez-Ramirez et al.„Formation and control of N<sub>2</sub>O in nitric acid production - Where do we stand today?" Appl. Catal. B Environmental 2003, 44 (2) , 1 17-151 , in M. Schwefer, R. Maurer, M. Groves„,Reduction of Nitrous Oxide Emissions from Nitric Acid Plants" Nitrogen 2000 International Conference, Wien, 
<!-- EPO <DP n="5"/>-->
 Österreich, März 2000, oder in Integrated Pollution Prevention and Control Reference Document on Best Available Techniques for the Manufacture of Large Volume Inorganic Chemicals - Ammonia, Acids and Fertilisers, European Commission August 2007. Zur reinen N<sub>2</sub>O-Beseitigung werden dabei vielfach sogenannte Sekundärmaßnahmen eingesetzt, welche auf eine N<sub>2</sub>0-Zersetzung im Prozessgas der HN03-Produktion abzielen. Dabei werden spezielle Katalysatoren direkt nach der NH<sub>3</sub>-Verbrennung unterhalb der Pt/Rh-Netzkatalysatoren installiert. Das Prozessgas weist hier </p><p id="p0015" num="0015">Temperaturen von ca. 900°C auf, so dass N2O hier nur einer geringen katalytischen Aktivierung zu seiner Zersetzung bedarf. Ziel einer Sekundärmaßnahme ist es dabei, möglichst hohe Abbaugrade an N2O zu erreichen. Typischerweise wird ein N<sub>2</sub>O-Abbau &gt;80 %, oftmals auch &gt; 90 % erreicht. Bei einer für eine Mitteldruckanlage typischen, d. h. durchschnittlich gebildeten Menge von 830 ppmv N<sub>2</sub>0 entspricht dies N<sub>2</sub>O- Restkonzentrationen von &lt;165 ppmv, insbesondere &lt;80 ppmv im Prozessgas bzw. &lt;200 ppmv, insbesondere &lt;100 ppmv im Restgas der HN0<sub>3</sub>-Produktion. Abbauraten von &gt;95 % können mit dieser Technik aber nicht erreicht werden, da der zur Verfügung stehende Raum zur Aufnahme des Sekundärkatalysators unterhalb der Pt/Rh- Netzkatalysatoren begrenzt ist. Die Sekundärmaßnahme bietet aber den Vorteil einer universellen Ersetzbarkeit, einer zumeist einfachen Installation und eines geringen Katalysatorbedarfs. Im Idealfall ist nur ein Austausch von Füllkörpern, die oftmals unterhalb der Netzpackungen zur </p><p id="p0016" num="0016">Strömungsvergleichmäßigung angeordnet sind, gegen den Sekundärkatalysator notwendig, so dass keine zusätzliche Apparatekosten entstehen. Dies ist insbesondere bei Nachrüstungen ein klarer Vorteil gegenüber einer N<sub>2</sub>0-Beseitigung im Restgas der HN0<sub>3</sub>-Produktion (sog. Tertiärmaßnahme). </p><p id="p0017" num="0017">Ein Nachteil der Sekundärmaßnahmen ist allerdings, dass aufgrund des begrenzten Raumes unterhalb der Katalysatornetze zur Erreichung hoher Abbauraten an N<sub>2</sub>0 ein entsprechend feinteiliger Katalysator mit hoher geometrischer Oberfläche eingesetzt werden muss. Dies ist mit einem entsprechend hohem Druckverlust verbunden, welcher sich letztlich in einer verminderten Produktionsleistung der HNO3-Anlage niederschlägt. 
<!-- EPO <DP n="6"/>-->
 Zudem besteht die Gefahr, dass ein nur ungenau zu beziffernder Produktverlust eintreten kann, da der Katalysator bei 900°C nicht nur N<sub>2</sub>0, sondern in unbekanntem Ausmaß auch NO zersetzen kann. Zur ΝΟχ-Beseitigung im Restgas der HN0<sub>3</sub>-Produktion werden in Salpetersäureanlagen üblicherweise klassische SCR-Katalysatoren auf Ti0<sub>2</sub>/V<sub>2</sub>0<sub>5</sub>-Basis eingesetzt (vgl. etwa G. ErtI, H. Knözinger J. Weitkamp: Handbook of Heterogeneous Catalysis, Vol. 4, Seiten 1633-1668, VCH Weinheim (1997)). Diese arbeiten in einem Temperaturbereich von etwa 150 bis 450°C und werden im technischen Maßstab bevorzugt zwischen 200 und 400°C, insbesondere zwischen 250 und 350°C betrieben. Bei entsprechender </p><p id="p0018" num="0018">Dimensionierung der Katalysatorbetten kann so ein ΝΟχ-Abbau bis auf Restkonzentrationen von 40 ppm ΝΟχ in Sonderfällen auf bis zu 20 ppm ΝΟχ erreicht werden. In vielen Salpetersäureanlagen werden derartige SCR-Katalysatoren im </p><p id="p0019" num="0019">Restgas in Kombination mit einer Sekundärmaßnahme, d.h. mit einer N<sub>2</sub>0-Beseitigung im Prozessgas betrieben. </p><p id="p0020" num="0020">In Hinblick auf die ΝΟχ-Beseitigung im Restgas der HN0<sub>3</sub>-Produktion erscheinen außerdem mit Eisen beladene Zeoiith-Katalysatoren besonders vorteilhaft, da mit diesen im Unterschied zu klassischen DeNOx-Katalysatoren auf Ti0<sub>2</sub>A/<sub>2</sub>0<sub>5</sub>-Basis je nach Temperatur auch gleichzeitig ein gewisser Anteil an N<sub>2</sub>0 beseitigt werden kann. Dies ist bspw. bekannt aus den Offenlegungen in DE 101 12 444 A1 und in DE 102 15 605 A. In DE 101 12 444 A1 wird ein N<sub>2</sub>O und NO<sub>x</sub> enthaltendes Gas zunächst mit einem gasförmigen Reduktionsmittel für NO<sub>x</sub>, vorzugsweise mit NH<sub>3</sub>, gemischt und </p><p id="p0021" num="0021">anschließend zum gleichzeitigen Abbau von N<sub>2</sub>O (durch Zersetzung) und NO<sub>x</sub> (durch Reduktion) bei einer Temperatur von weniger als 450°C mit einer auszuwählenden Raumgeschwindigkeit über den Katalysator geleitet. In DE 102 15 605 A wird das N<sub>2</sub>O und ΝΟχ enthaltende Gas zunächst mit Ammoniak als Reduktionsmittel für ΝΟχ und zusätzlich mit Kohlenwasserstoffen bzw. Kohlenmonoxid und/oder Wasserstoff als Reduktionsmittel für N<sub>2</sub>O gemischt und anschließend zum Abbau von N<sub>2</sub>O und NO<sub>x</sub> jeweils durch Reduktion bei einer Temperatur von weniger als 450°C über mit Eisen- beladene Zeolithe geleitet. Voraussetzung für die wirksame Reduktion des N<sub>2</sub>O in 
<!-- EPO <DP n="7"/>-->
 diesem Verfahren ist eine vollständige NO<sub>x</sub>-Reduktion. Die Beseitigung von N<sub>2</sub>0 im Restgas der HN0<sub>3</sub>-Produktion wird als Tertiärmaßnahme bezeichnet. </p><p id="p0022" num="0022">Aus dem Stand der Technik waren dem Fachmann also verschiedene Möglichkeiten zur Vermeidung von N<sub>2</sub>0- und ΝΟχ-Emissionen bei Salpetersäureanlagen bekannt. Dabei gelten die oberhalb erwähnten Sekundär- und Tertiärmaßnahmen zur N<sub>2</sub>0-Beseitigung als konkurrierende Technologien. Eine Kombination dieser Maßnahmen zur N<sub>2</sub>O- Beseitigung wurde aus Kostengründen im technischen Maßstab bislang nicht realisiert. In„Remarks and Comments on Nitric Acid Production Project Protocol - Public Draft Version 1.0 October 2009 (erhältlich über http://www.climateactionreserve-.org/wp- content uploads/2009/06/NAP_Public_Comment_-_Uhde_GmbH.pdf) von Graves und Rieck, findet sich lediglich die Erwähnung, dass ein Sekundärmaßnahme mit schlechter Abbauleistung durch eine Tertiärmaßnahme unterstüzt werden könnte, um dann eine insgesamt hohe N<sub>2</sub>0-Abbaurate zu erreichen. Dabei ist nicht erwähnt, wie die Kopplung dieser Maßnahmen ausgestaltet sein sollte, bspw. ob es sich bei der Tertiärmaßnahme um eine katalytische Zersetzung oder Reduktion von N<sub>2</sub>0 handelt oder ob der Abbau von N<sub>2</sub>0 mit einer DeNOx-Stufe gekoppelt werden könnte oder welche Vorrichtungen oder Apparate vorteilhafterweise verwendet werden könnten. Mit der vorliegenden Erfindung sollen nun erstmals die Verfahrensschritte einerseits zur katalytischen N<sub>2</sub>0-Beseitigung im Prozessgas und andererseits zur N<sub>2</sub>0- und NO<sub>x</sub>- Beseitigung im Restgas unter Verwendung von mit Eisen beladenen Zeolith- Katalysatoren miteinander kombiniert werden. Da die mit Eisen beladenen Zeolith- Katalysatoren, wie oben erwähnt, auch eine katalytische Aktivität zur N<sub>2</sub>0-Zersetzung oder auch N<sub>2</sub>0-Reduktion aufweisen, könnte parallel zur ΝΟχ-Reduktion auch ein weiterer N<sub>2</sub>0-Abbau realisiert werden. Da für den N<sub>2</sub>0-Abbau im Prozessgas bei hohen Temperaturen (850-950°C) generell weitaus weniger Katalysator benötigt wird als zum N<sub>2</sub>0-Abbau im Restgas bei niedrigen Temperaturen (T = &lt; 500°C) erscheint es aus technischer und wirtschaftlicher Sicht zunächst vorteilhaft, eine möglichst hohe </p><p id="p0023" num="0023">Abbaurate an N<sub>2</sub>0 durch Sekundärmaßnahmen zu realisieren und die mit Eisen beladenen Zeolith-Katalysatoren im Restgas mehr oder weniger ausschließlich zur ΝΟχ-Reduktion zu verwenden. Bekanntermaßen erfordert die katalytische NO<sub>x</sub>- 
<!-- EPO <DP n="8"/>-->
 Reduktion im Vergleich zum katalytischen N<sub>2</sub>0-Abbau ein wesentlich geringeres </p><p id="p0024" num="0024">Katalysatorvolumen. Der Fachmann hätte also - ausgehend von den Anregungen im Stand der Technik - das N<sub>2</sub>0 weitestgehend im Prozessgas nach der Ammoniak- oxidation und vor der Einleitung in den Absorptionsturm abgebaut und das erhaltene Restgas, welches dann in Bezug auf die Stickoxide vorwiegend NO<sub>x</sub> aufgewiesen hätte, in einer dem Absorptionsturm nachgeschalteten DeNO<sub>x</sub>-Stufe auf Basis von Fe-Zeolith- Katalysatoren durch selektive katalytische Reduktion mit Ammoniak möglichst weitgehend vom NO<sub>x</sub> befreit. Bei der Umsetzung dieser Idee wurde nun aber überraschend festgestellt, dass die Abbauleistung der DeNO<sub>x</sub>-Stufe durch die zusätzliche Installation einer Sekundärmaßnahme erheblich gemindert wurde. Überraschenderweise wurde gefunden, dass bei sehr niedrigem Gehalt an N<sub>2</sub>0, d.h. wenn ein sehr hoher N<sub>2</sub>0-Abbau durch die </p><p id="p0025" num="0025">Sekundärmaßnahme realisiert wird, bei der NO<sub>x</sub>-Reduktion mit NH<sub>3</sub> in der dem </p><p id="p0026" num="0026">Absorptionsturm nachgeschalteten DeNO<sub>x</sub>-Stufe mit zunehmendem NO<sub>x</sub>-</p><p id="p0027" num="0027">Reduktionsgrad auf Werte &lt; 40 bis &lt; 3 ppmv in Abhängigkeit von der gewählten </p><p id="p0028" num="0028">Katalysatorbelastung d.h. Raumgeschwindigkeit ein Ammoniakschlupf im resultierenden Abgasstrom auftritt. Da NH<sub>3</sub> eine sehr (öko-)toxische Verbindung ist, ist dies ein extrem unerwünschter Effekt. Für NH<sub>3</sub>-Emissionen bzw. für den NH<sub>3</sub>-Schlupf aus DeNO<sub>x</sub>- Anlagen sind in vielen Ländern strikte Grenzwerte gesetzt. Zudem kann ein NH<sub>3</sub>-Schlupf in Gegenwart vom restlichen NO<sub>x</sub> zur Bildung von Ammoniumnitrat führen, welches sich in kühleren Anlagenteilen ablagern kann. Dies ist unter Sicherheits-aspekten in jedem Fall zu vermeiden, da Ammoniumnitrat eine explosive Substanz ist. Aufgabe der vorliegenden Erfindung ist es somit, ein Verfahren und eine dafür geeignete Anlage zur Verfügung zu stellen, die bei der Kombination eines </p><p id="p0029" num="0029">Sekundärkatalysators im Prozessgasstrom mit einer mit Eisen beladenen Zeolith- Katalysator enthaltenden Entstickungsstufe im Restgasstrom sowohl einen hohen Abbau von NO<sub>x</sub> und als auch von N<sub>2</sub>0 gewährleistet, ohne dass es zu einem </p><p id="p0030" num="0030">Ammoniakschlupf im resultierenden Abgasstrom kommt. 
<!-- EPO <DP n="9"/>-->
 Der Druckverlust welcher durch beide Katalysatorstufen erzeugt wird, soll dabei zu keiner signifikanten Beeinträchtigung des möglichen Durchsatzes der HN0<sub>3</sub>-Produktion bzw. zu Beeinträchtigung der Wirtschaftlichkeit des Verfahrens führen. </p><p id="p0031" num="0031">Die Aufgabe wird gelöst durch ein Verfahren zur Herstellung von Salpetersäure durch katalytische Oxidation von NH3 mit Sauerstoff und anschließende Umsetzung des gebildeten ΝΟχ mit einem Absorptionsmittel, vorzugsweise mit Wasser, in einem </p><p id="p0032" num="0032">Absorptionsturm umfassend ein Katalysatorbett zur N<sub>2</sub>0-Zersetzung, welches im </p><p id="p0033" num="0033">Prozessgas, d.h. in Strömungsrichtung nach der katalytischen NH<sub>3</sub>-Oxidation und vor dem Absorptionsturm angeordnet ist und ein Katalysatorbett zur ΝΟχ-Reduktion und weiteren N<sub>2</sub>0-Minderung, welches im Restgas, d. h. in Strömungsrichtung nach dem Absorptionsturm angeordnet ist, wobei in dem im Prozessgas angeordneten Katalysatorbett zur N<sub>2</sub>0- Zersetzung maximal soviel N<sub>2</sub>0-Abbau abgebaut wird, dass vor Eintritt des Restgases in das Katalysatorbett zur NO<sub>x</sub>-Reduktion der N<sub>2</sub>0-Gehalt &gt; 100 ppmv, bevorzugt &gt; 200 ppmv, besonders bevor-zugt &gt; 300 ppmv, und ganz besonders bevorzugt &gt; 300 bis 1000 ppmv, beträgt und ein molares N<sub>2</sub>0/NO<sub>x</sub>- Verhältnis von &gt; 0,25, vorzugsweise &gt; 0,5, resultiert, und </p><p id="p0034" num="0034"> wobei das im Restgas angeordnete Katalysatorbett zur NO<sub>x</sub>-Reduktion und weiteren N<sub>2</sub>0-Minderung mindestens einen mit Eisen beladenen Zeolith- Katalysator enthält, und </p><p id="p0035" num="0035"> wobei dem Restgas vor Eintritt in das Katalysatorbett eine solche Menge an NH<sub>3</sub> zugesetzt wird, dass am Austritt des Katalysatorbettes eine ΝΟχ- Konzentration von &lt; 40ppmv, bevorzugt &lt;20 ppmv, besonders bevorzugt &lt;10 ppmv, ganz besonders bevorzugt &lt;5 ppmv, insbesondere &lt;3 ppmv oder äußerst bevorzugt &lt;3 bis 0 ppmv resultiert, und </p><p id="p0036" num="0036"> wobei die Betriebsparameter derart gewählt werden, dass eine N<sub>2</sub>0- Konzentration von &lt;200 ppmv, bevorzugt &lt; 00 ppmv, besonders bevorzugt &lt;50 ppmv, ganz besonders bevorzugt &lt;30 ppmv und äußerst bevorzugt &lt;30 bis 0 ppmv resultiert. 
<!-- EPO <DP n="10"/>-->
 Der o.g. erfindungsgemäße N<sub>2</sub>0-Abbau im Katalysatorbett des Prozessgases auf resultierende Restkonzentrationen von &gt;100 ppmv, bevorzugt &gt; 200 ppmv N<sub>2</sub>0, besonders bevorzugt &gt; 300 ppmv und ganz besonders bevorzugt &gt; 300 bis 1000 ppmv N<sub>2</sub>0 bezeichnet die Restgaskonzentration direkt vor Eintritt in das dem Absorptionsturm nachgeschaltete Katalysatorbett zur ΝΟχ-Reduktion. </p><p id="p0037" num="0037">Um derartige Restgaskonzentrationen vor Eintritt in das Katalysatorbett zur NO<sub>x</sub>- Reduktion zu erreichen, müssen in dem vorgeschalteten Katalysatorbett, das im </p><p id="p0038" num="0038">Prozessgas angeordnet ist, eine Reduktion des N<sub>2</sub>0-Gehaltes auf Werte von &gt; 83 ppmv, bevorzugt &gt;165 ppmv N<sub>2</sub>0, besonders bevorzugt &gt; 250 ppmv und ganz besonders bevorzugt &gt; 250 bis 1200 ppmv N<sub>2</sub>0 erzielt werden, sofern keine weitere Minderung des N<sub>2</sub>0-Gehaltes durch etwaige dem Katalysatorbett zur ΝΟχ-Reduktion im Restgas vorgeschaltete Maßnahmen bzw. Reaktionsstufen erfolgt. </p><p id="p0039" num="0039">In Abhängigkeit von der tatsächlich gebildeten Menge an N<sub>2</sub>O bei der NH3-Oxidation, typischerweise von Mengen zwischen 500 und 2000 ppmv beträgt der </p><p id="p0040" num="0040">erfindungsgemäße N<sub>2</sub>0-Abbau im Katalysatorbett des Prozessgases 40-90%, bevorzugt 45-80%, besonders bevorzugt 50-70%, bezogen auf die anfänglich vorhandene Menge an N<sub>2</sub>0. </p><p id="p0041" num="0041">In vorteilhafter Ausgestaltung des erfindungsgemäßen Verfahrens wird die gezielte Einstellung des N<sub>2</sub>0-Abbaus im Katalysatorbett des Prozessgases (Sekundärkatalysator) durch Variationen der Schichtdicke bzw. Schütthöhe des Katalysatorbettes und/oder der Auswahl des Katalysatormaterials und/oder der Auswahl der Geometrie des Katalysatormaterials erreicht. </p><p id="p0042" num="0042">Als Katalysatormaterialien können dabei vor allem solche Materialien eingesetzt werden, wie diese für die Hochtemperaturzersetzung von N<sub>2</sub>0 an sich bekannt sind. </p><p id="p0043" num="0043">Um dauerhaft bei den erforderlichen hohen Temperaturen von typischerweise zwischen 800°C und 1000°C arbeiten zu können, müssen die Katalysatoren eine hohe 
<!-- EPO <DP n="11"/>-->
 Temperaturstabilität aufweisen. Besonders geeignet sind deshalb beispielsweise hochtemperaturbeständige keramische Katalysatoren, die ein hochtemperaturfestes keramisches Material enthalten, das selbst katalytische Eigenschaften aufweisen kann und/oder als Träger für eine oder mehrere Aktivkomponenten dient. Die katalytisch aktive Komponente kann dabei homogen in der keramischen Matrix verteilt oder als oberflächlich aufgetragene Schicht vorliegen. </p><p id="p0044" num="0044">Als Aktivkomponenten geeignet sind neben Edelmetallen, z.B. der Platingruppe, insbesondere Übergangsmetalloxide und/oder übergangsmetallhaltige Mischoxide, vorzugsweise solche mit Perowskitstruktur, mit Perowskit-ähnlicher Struktur oder mit Spinellstruktur, wie diese bspw. in (N. Gunasekaran et al., Catal. Lett. (1995), 34 (3,4), pp. 373-382) beschrieben werden. Die Verwendung von Kobalt-haltigen Oxiden oder Mischoxiden, wie Co<sub>3</sub>O<sub>4</sub> oder LaCoO<sub>3</sub> ist besonderes vorteilhaft. Besonderes bevorzugt werden Katalysatoren mit einem porösen Träger aus </p><p id="p0045" num="0045">polykristallinem oder glasartigem anorganischem Material, einer darauf aufgebrachten Ceroxid-Funktionsschicht und einer darauf aufgebrachten Schicht aus oxidischem Kobalt enthaltendem Material eingesetzt. Variationen davon werden In DE 10 2007 038 711 A1 offenbart, die hier explizit mit in den Offenbarungsgehalt mit einbezogen werden. </p><p id="p0046" num="0046">Weitere geeignete Katalysatormaterialien finden sich bspw. auch in EP 2 184 105, EP 1 301 275 oder DE1984895 beschrieben. </p><p id="p0047" num="0047">Die Katalysatormaterialien können als Formkörper beliebiger Größe und Geometrie durch in der keramischen Verarbeitung bekannte Formgebungsverfahren, wie </p><p id="p0048" num="0048">Trockenpressen, Granulieren oder Extrudieren ausgestaltet werden. </p><p id="p0049" num="0049">Die Form und Größe bzw. der Äquivalentdurchmesser der Formkörper wird so gewählt, dass mit der gewählten Menge an Katalysator der gewünschte N<sub>2</sub>O-Abbau bei möglichst geringem Druckverlust der Katalysatorschüttung bzw. -packung erreicht wird. 
<!-- EPO <DP n="12"/>-->
 Bevorzugte Geometrien der Formkörper sind Zylinder, Hohlzylinder, Mehrloch-zylinder, gelochte und ungelochte Tri- oder Polylobes oder Wabenstrukturen. </p><p id="p0050" num="0050">Die Untergrenze des Äquivalenzdurchmessers der Katalysatorformkörper beträgt erfindungsgemäß typischerweise &gt; 1 ,5 mm, bevorzugt &gt; 3 mm und insbesondere &gt; 5 mm und die Obergrenze des Äquivalenzdurchmessers beträgt typischerweise &lt; 20mm, bevorzugt &lt; 15 mm und insbesondere &lt; 10 mm. </p><p id="p0051" num="0051">Der äquivalente Durchmesser eines Körpers bzw. eines Teilchens ist der Durchmesser einer Kugel mit dem gleichen Volumen zu Oberflächenverhältnis wie das Teilchen. Er ist durch die Formel </p><p id="p0052" num="0052"> d<sub>e</sub> = 6 VIA </p><p id="p0053" num="0053">zu berechnen, in der V = Volumen des Teilchens und A = Oberfläche des Teilchens bezeichnet. </p><p id="p0054" num="0054">Der Druckverlust über die Schüttung bzw. Packung der Katalysatorformkörper beträgt in der Regel &lt;30 mbar, bevorzugt &lt;25 mbar, besonders bevorzugt &lt; 20 mbar, ganz besonders bevorzugt &lt;15 mbar insbesondere &lt;10 mbar. Die Schürt- bzw. Packungshöhe des Katalysatorbettes des Prozessgases </p><p id="p0055" num="0055"> (Sekundärkatalysator) beträgt üblicherweise 3-30 cm, bevorzugt 5-20 cm, besonders bevorzugt 10 - 20 cm. </p><p id="p0056" num="0056">Nach Durchströmung des Sekundärkatalysators und nachfolgender Abkühlung wird das Prozessgas in den Absorptionsturm der HNO3-Anlage geleitet. Hier wird das gebildete ΝΟχ mit H<sub>2</sub>O zu Salpetersäure umgesetzt und es verbleibt ein sog. Restgas, welches je nach Dimensionierung des Absorptionsturmes und vorherrschendem Druck und </p><p id="p0057" num="0057">Temperatur am Austritt des Absorptionsturms einen Restgehalt von ca. 200 - 2000 ppmv ΝΟχ und einen N<sub>2</sub>O-Gehalt von &gt; 100 ppmv, bevorzugt von &gt; 200 ppmv, besonders bevorzugt von &gt; 300 ppmv und ganz besonders bevorzugt von &gt; 300 bis 1000 ppmv aufweist. 
<!-- EPO <DP n="13"/>-->
 Nach stufenweiser Aufheizung des Restgases wird dieses dann zur ΝΟχ-Reduktion und weiteren N<sub>2</sub>0-Minderung durch ein Katalysatorbett geleitet, welches mindestens einen mit Eisen beladenen Zeolith-Katalysator enthält. Dabei wird dem Restgas zur ΝΟχ- Reduktion vor Eintritt in das Katalysatorbett eine solche Menge an NH<sub>3</sub> zugesetzt wird, dass am Austritt des Katalysatorbettes eine NO<sub>x</sub> -Konzentration von &lt;40ppmv, bevorzugt &lt;20 ppmv, besonders bevorzugt &lt;10 ppmv, ganz besonders bevorzugt &lt;5 ppmv, insbesondere &lt;3 ppmv oder äußerst besonders bevorzugt &lt;3 bis 0 ppmv resultiert. Die sonstigen Betriebsparameter wie Temperatur, Druck und Raumgeschwindigkeit und/oder die etwaige Zugabe spezifischer Reduktionsmittel für N<sub>2</sub>0 werden derart gewählt, dass eine N<sub>2</sub>0-Konzentration von &lt;200 ppmv, besonders von &lt;100 ppmv, ganz besonders von &lt;50 ppmv inbesondere von &lt;30 ppmv und äußerst bevorzugt von &lt;30 bis 0 ppmv resultiert. </p><p id="p0058" num="0058">Typischerweise beträgt die Verringerung des Gehaltes an N<sub>2</sub>0 im Katalysatorbett, das im Restgas angeordnet ist, mindestens 50 %, vorzugsweise mindestens 70 %, besonders bevorzugt mindestens 80 % und ganz besonders bevorzugt 90 bis 100 %, bezogen auf den Gehalt an N<sub>2</sub>0 am Eintritt in dieses Katalysatorbett. Dieser Abbaugrad kann durch entsprechende Einstellung der oben genannten Betriebsparameter und/oder die durch Zugabe spezifischer Reduktionsmittel für N<sub>2</sub>0, vorzugsweise Kohlenwasserstoffe, erzielt werden. Dem Fachmann sind die Maßnahmen sowie die Dimensionierung des Katalysatorbettes zwecks Erreichens dieses Abbaugrades bekannt. Unter dem Begriff Raumgeschwindigkeit ist im Rahmen dieser Beschreibung der Quotient aus Volumenanteilen Gasgemisch (gemessen bei 0°C und 1 ,014 bara) pro Stunde bezogen auf einen Volumenanteil Katalysator zu verstehen. Die Raumgeschwindigkeit kann somit über den Volumenstrom des Gases und/oder über die </p><p id="p0059" num="0059">Katalysatormenge eingestellt werden. </p><p id="p0060" num="0060">Das Restgas wird üblicherweise mit einer Raumgeschwindigkeit von 200 bis 200.000 h<sup>"</sup>\ vorzugsweise von 5.000 bis 100.000 h<sup>"1</sup>, insbesondere von 5.000 bis 50.000 h \ 
<!-- EPO <DP n="14"/>-->
 durch das Katalysatorbett geleitet. Der Druck im Restgas, vor Eintritt in das Katalysatorbett beträgt im allgemeinen 1 bis 50 bar, vorzugsweise mindestens 2 bar, insbesondere mindestens 3 bar, ganz besonders bevorzugt von 4 bis 25 bar. Die Temperatur des Restgases vor Eintritt in das Katalysatorbett beträgt in der Regel 300 - 600°C, vorzugsweise 330 - 520°C. </p><p id="p0061" num="0061">Die Einstellung der o.g. Parameter ist dem Fachmann bspw. aus DE 101 12 444 A1 oder aus DE102 15 605 A bekannt. In DE101 12 444 A1 wird dabei der N<sub>2</sub>0-Abbau über Fe-Zeolith-Katalysatoren von Typ Fe-ZSM-5 durch reine Zersetzung bewirkt, welche durch restliches ΝΟχ katalysiert wird. Zur Reduktion des NO<sub>x</sub> wird eine Menge von 0,9 bis 1 ,3 mol NH<sub>3</sub> pro mol zu </p><p id="p0062" num="0062">reduzierendes NO<sub>x</sub>, insbesondere 1 ,0 bis 1 ,2 mol NH<sub>3</sub> pro mol zu reduzierendes NO<sub>x</sub> zum Restgasstrom hinzugegeben. Diese Zugabe an NH<sub>3</sub> kann direkt auf das </p><p id="p0063" num="0063">erfindungsgemäße Verfahren übertragen werden. </p><p id="p0064" num="0064">Bei einer Auslegung gemäß DE 102 15 605 A, wird der N<sub>2</sub>0-Abbau über Fe-Zeolith- Katalysatoren vom Typ Fe-BEA durch Zugabe entsprechender Reduktionsmittel für N<sub>2</sub>0, vorzugsweise Kohlenwasserstoffen, wie Methan oder Propan erreicht. Die benötige Menge an Kohlenwasserstoff (KW) beträgt dabei etwa 0,2 - 1 mol KW / 1 mol N<sub>2</sub>0 am Eintritt in das Katalysatorbett. Bevorzugt sind Mengen von 0,2 - 0,7 mol KW / 1 mol N<sub>2</sub>0, insbesondere 0,2 - 0,7 mol KW / 1 mol N<sub>2</sub>0. Der NO<sub>x</sub>-Gehalt ist in diesem Fall vollständig, d. h. auf werte &lt;10 , vorzugsweise &lt;5, insbesondere &lt;1 ppmv zu </p><p id="p0065" num="0065">reduzieren. Hierzu ist die Zugabe entsprechender Mengen an Stickstoffhaltigen </p><p id="p0066" num="0066">Reduktionsmitteln erforderlich. Im Falle von NH<sub>3</sub> betragen diese bezogen auf die NO<sub>x</sub>- Eintrittskonzentration ca. 1- 2 mol NH<sub>3</sub> /mol NO<sub>x</sub> bevorzugt 1 ,2 -1 ,8 mol NH<sub>3</sub> /mol NO<sub>x</sub> insbesondere 1 ,3 -1 ,7 mol NH<sub>3</sub> /mol NO<sub>x</sub>. Auch in diesem Fall kann die Zugabe an Kohlenwasserstoffen und NH<sub>3</sub> direkt auf das erfindungsgemäße Verfahren übertragen werden. </p><p id="p0067" num="0067">In besonderer Ausgestaltung der Erfindung ist das im Restgas angeordnete </p><p id="p0068" num="0068">Katalysatorbett zur NO<sub>x</sub>-Reduktion und weiteren N<sub>2</sub>0-Minderung in mehrere 
<!-- EPO <DP n="15"/>-->
 Reaktionszonen oder räumlich getrennte Reaktionsstufen unterteilt. Dabei erfolgt bevorzugt eine gestufte Einspeisung von NH3 in die einzelnen Reaktionszonen oder in die räumlich getrennten Reaktionszonen des im Restgas angeordneten </p><p id="p0069" num="0069">Katalysatorbetts. </p><p id="p0070" num="0070">Die Art der Einbringung der Reduktionsmittel in den zu behandelnden Gasstrom ist im Sinne der Erfindung frei gestaltbar, solange dieses in Stromrichtung vor dem </p><p id="p0071" num="0071">Katalysatorbett erfolgt. Sie kann zum Beispiel in der Eintrittsleitung vor dem Behälter oder unmittelbar vor dem Katalysatorbett erfolgen. Das Reduktionsmittel kann in Form eines Gases oder auch einer Flüssigkeit bzw. wässrigen Lösung eingebracht werden, die im zu behandelnden Gasstrom verdampft. Die Einspeisung erfolgt durch eine geeignete Vorrichtung, wie z. B. einem entsprechenden Druckventil oder entsprechend ausgestalteten Düsen, die in einen Mischer für den zu reinigenden Gasstrom und das zugeführte Reduktionsmittel mündet. Bei Verwendung verschiedener Reduktionsmittel für ΝΟχ und N2O kann die Zuführung und Einleitung in das zu reinigende Gas getrennt oder zusammen erfolgen. </p><p id="p0072" num="0072">Als Katalysatoren kommen mit Eisen beladene Zeolith-Katalysatoren zum Einsatz, welche bezogen auf die Masse an Zeolith bis zu 25 % Eisen enthalten, vorzugsweise jedoch 0,1 bis 10 %. </p><p id="p0073" num="0073">Erfindungsgemäß besonders bevorzugt eingesetzte mit Eisen beladene Zeolith- Katalysatoren enthalten im wesentlichen &gt; 50 Gew%, insbesondere &gt; 70 Gew% eines oder mehrerer mit Eisen beladener Zeolithe. So kann beispielsweise neben einem Fe- ZSM-5-Zeolith ein weiterer Eisen enthaltender Zeolith, wie z. B. ein eisenhaltiger Zeolith des FER-Typs, in dem erfindungsgemäß verwendeten Katalysator enthalten sein. </p><p id="p0074" num="0074">Darüber hinaus kann der erfindungsgemäß verwendete Katalysator weitere dem </p><p id="p0075" num="0075">Fachmann bekannte Zusatzstoffe, wie z. B. Bindemittel, enthalten. </p><p id="p0076" num="0076">Erfindungsgemäß verwendete Katalysatoren basieren ganz besonders bevorzugt auf Zeolithen, in die durch einen Festkörper-Ionenaustausch Eisen eingebracht wurde. 
<!-- EPO <DP n="16"/>-->
 Üblicherweise geht man hierfür von den kommerziell erhältlichen Ammonium-Zeolithen (z. B. NH4-ZSM-5) und den entsprechenden Eisensalzen (z. B. FeS0<sub>4</sub> x 7 H<sub>2</sub>0) aus und mischt diese auf mechanischem Wege intensiv miteinander in einer Kugelmühle bei Raumtemperatur (Turek et al.; Appl. Catal. 184, (1999) 249 - 256; EP-A-0 955 080). Die erhaltenen Katalysatorpulver werden anschließend in einem Kammerofen an der Luft bei Temperaturen im Bereich von 400 bis 600 °C kalziniert. Nach dem Kalzinieren werden die eisenhaltigen Zeolithe in destilliertem Wasser intensiv gewaschen und nach Abfiltrieren des Zeolithen getrocknet. Abschließend werden die so erhaltenen </p><p id="p0077" num="0077">eisenhaltigen Zeolithe mit den geeigneten Bindemitteln versetzt und gemischt und beispielsweise zu zylindrischen Katalysatorkörpern extrudiert. Als Bindemittel eignen sich alle üblicherweise verwendeten Binder, die gebräuchlichsten sind hierbei </p><p id="p0078" num="0078">Aluminiumsilikate wie z. B. Kaolin. Es können natürlich auch durch lonenaustausch in der flüssigen Phase erzeugte mit Eisen beladene Zeolithe eingesetzt werden, beispielsweise solche, die aus der H-Form und/oder der NH<sub>4</sub>-Form der Zeolithe durch Austausch mit einer wässrigen Lösung von Eisensalzen erzeugt wurden. </p><p id="p0079" num="0079">Bevorzugt werden mit Eisen beladene Zeolith-Katalysatoren eingesetzt, bei denen der Zeolith ausgewählt wird aus der Gruppe der Typen MFI, BEA, FER, MOR, FAU und/oder MEL und ganz besonders bevorzugt aus der Gruppe der Typen MFI und/oder BEA und/oder FER. </p><p id="p0080" num="0080">Erfolgt der weitere N<sub>2</sub>0-Abbau im Katalysatorbett des Restgases durch Zersetzung in N<sub>2</sub> und 0<sub>2</sub> werden ganz besonders bevorzugt mit Eisen beladene Zeolithe vom Typ MFI und/oder BEA und/oder FER eingesetzt, insbesondere ein mit Eisen beladener ZSM-5- Zeolith. </p><p id="p0081" num="0081">Erfolgt der weitere N<sub>2</sub>0-Abbau im Katalysatorbett des Restgases durch Reduktion des N<sub>2</sub>0 mit Kohlenwasserstoffen werden ganz besonders bevorzugt mit Eisen beladene Zeolithe vom Typ MFI, BEA, FER, MOR, FAU und/oder MEL eingesetzt, insbesondere mit Eisen beladene Zeolithe vom Typ MFI und/oder BEA. 
<!-- EPO <DP n="17"/>-->
 Im erfindungsgemäßen Verfahren bzw. in der erfindungsgemäßen Vorrichtung ist im Katalysatorbett des Restgases auch der Einsatz solcher Zeolithe eingeschlossen, in welchen das Gitteraluminium teilweise durch ein oder mehrere Elemente isomorph substituiert ist, beispielsweise durch ein oder mehrere Elemente ausgewählt aus B, Be, Ga, Fe, Cr, V, As, Sb und Bi ersetzt ist. Ebenso eingeschlossen ist der Einsatz von Zeolithen, bei denen das Gittersilicium durch ein oder mehrere Elemente isomorph substituiert ist, beispielsweise durch ein oder mehrere Elemente ausgewählt aus Ge, Ti, Zr und Hf ersetzt ist. Genaue Angaben zu Aufbau oder Struktur der erfindungsgemäß bevorzugt eingesetzten Zeolithe werden im Atlas of Zeolite Structure Types, Elsevier, 4<sup>th</sup> revised Edition 1996, gegeben, auf den hiermit ausdrücklich Bezug genommen wird. </p><p id="p0082" num="0082">Ganz besonders bevorzugt kommen im erfindungsgemäßen Verfahren bzw. in der erfindungsgemäßen Vorrichtung die weiter oben definierten Zeolith-Katalysatoren zum Einsatz, die mit Wasserdampf behandelt worden sind („gesteamte" Katalysatoren). Durch eine derartige Behandlung wird das Gitter der Zeolithen dealuminiert; diese Behandlung ist dem Fachmann an sich bekannt. Überraschenderweise zeichnen sich diese hydrothermal behandelten Zeolith-Katalysatoren im erfindungsgemäßen Verfahren durch eine besonders hohe Aktivität aus. </p><p id="p0083" num="0083">Bevorzugt werden hydrothermal behandelte Zeolith-Katalysatoren eingesetzt, die mit Eisen beladen worden sind und bei denen das Verhältnis von Extra-Gitter-Aluminium zu Gitter-Aluminium mindestens 1 : 2, vorzugsweise 1 : 2 bis 20 : 1 beträgt. </p><p id="p0084" num="0084">Die Ausführung des Katalysatorbetts im Restgas ist im Sinne der Erfindung frei gestaltbar. So können beispielsweise der Katalysator oder die Katalysatoren in einem axial oder lateral, vorzugsweise radial durchströmten Katalysatorbett angeordnet sein, die in einem oder mehreren Behältern untergebracht sind. </p><p id="p0085" num="0085">In weiterer Ausgestaltung der Erfindung sind zwischen dem im Prozessgas </p><p id="p0086" num="0086">angeordneten Katalysatorbett zur N<sub>2</sub>0-Zersetzung und dem im Restgas angeordneten 
<!-- EPO <DP n="18"/>-->
 Katalysatorbett zur NO<sub>x</sub>-Reduktion und weiteren N<sub>2</sub>0-Minderung eine oder mehrere weitere Stufen zum N<sub>2</sub>0 und/oder NO<sub>x</sub> Abbau angeordnet. In diesen Stufen werden dabei an sich bekannte Verfahren zur N<sub>2</sub>0- und NO<sub>x</sub>-Minderung eingesetzt werden. Dies kann bevorzugt katalytisch erfolgen. </p><p id="p0087" num="0087">Die Erfindung betrifft auch eine Salpetersäureanlage, bei welcher eine katalytische Beseitigung des bei der katalytischen NH<sub>3</sub>-Oxidation gebildeten N<sub>2</sub>0 im Prozessgas und weitere Minderung des N<sub>2</sub>0-Gehaltes und eine Reduzierung des ΝΟχ-Gehaltes im Restgas nachgeschaltet zum Absorptionsturm erfolgt. </p><p id="p0088" num="0088">Die Anlage ist gekennzeichnet durch mindestens folgende Elemente: </p><p id="p0089" num="0089"> A) Reaktor zur katalytischen Oxidation von NH<sub>3</sub> mit Sauerstoff zur Erzeugung eines ΝΟχ enthaltenden Prozessgases, </p><p id="p0090" num="0090"> B) Absorptionsturm zur Umsetzung des gebildeten ΝΟχ aus dem Prozessgas mit einem Absorptionsmittel, vorzugsweise Wasser, wobei ein NO<sub>x</sub> und N<sub>2</sub>O enthaltendes Restgas verbleibt, </p><p id="p0091" num="0091"> C) mindestens ein erstes Katalysatorbett zur N<sub>2</sub>O-Zersetzung, welches vom </p><p id="p0092" num="0092"> Prozessgas durchströmt wird und in Strömungsrichtung nach der katalytischen NH<sub>3</sub>-Oxidation und vor dem Absorptionsturm angeordnet ist, </p><p id="p0093" num="0093"> D) mindestens ein zweites Katalysatorbett zur ΝΟχ-Reduktion und weiteren N<sub>2</sub>O- Minderung, welches vom Restgas durchströmt wird und in Strömungsrichtung nach dem Absorptionsturm angeordnet ist, und </p><p id="p0094" num="0094"> E) mindestens eine Vorrichtung zur Einspeisung von gasförmigem Reduktionsmittel in das Restgas, welche in Strömungsrichtung nach dem Absorptionsturm und vor dem zweiten Katalysatorbett angeordnet ist, wobei </p><p id="p0095" num="0095"> F) das erste Katalysatorbett einen für die Zersetzung von N<sub>2</sub>O geeigneten </p><p id="p0096" num="0096"> Katalysator enthält, vorzugsweise einen Katalysator, der als Aktivkomponente Übergangsmetalloxide und/oder übergangsmetallhaltige Mischoxide, </p><p id="p0097" num="0097"> vorzugsweise Mischoxide mit Perowskitstruktur, mit Perowskit-ähnlicher Struktur oder mit Spinellstruktur, und/oder Edelmetalle enthält und wobei </p><p id="p0098" num="0098"> G) das zweite Katalysatorbett einen Katalysator enthält, der mit Eisen beladene Zeolithe enthält. 
<!-- EPO <DP n="19"/>-->
 Weitere bevorzugte Ausgestaltungen der erfindungsgemäßen Vorrichtung sind in den Unteransprüchen beschrieben. Die nachstehenden Beispiele 1 , 3 und 5 sowie Vergleichsbeispiele 2, 4 und 6 erläutern die Erfindung ohne diese zu beschränken. </p><p id="p0099" num="0099">Beispiele 1 , 3, und 5 sowie die Vergleichsbeispiele 2, 4 und 6 demonstrieren am </p><p id="p0100" num="0100">Beispiel einer DeNO<sub>x</sub>-Stufe, welche einen mit Eisen beladenen Zeolith-Katalysator enthält, die Auswirkung der N<sub>2</sub>0-Eintrittskonzentration auf den erreichbaren NO<sub>x</sub>-Abbau. Die in Beispielen 1 , 3 und 5 gewählte N<sub>2</sub>0-Eintrittskonzentration entspricht dabei einem N<sub>2</sub>0-Gehalt, welcher aus einem erfindungsgemäßen Betrieb der Katalysatorstufe im Prozessgasstrom resultiert. Die N<sub>2</sub>0-Eingangkonzentration aus den Vergleichsbeispielen 2, 4 und 6 gibt einen Vergleich zu einem nicht erfindungsgemäßen Betrieb der Katalysatorstufe im Prozessgasstrom. </p><p id="p0101" num="0101">Bei den in den Versuchen 1 bis 6 eingesetzten Katalysatoren handelte es sich um mit Eisen beladene Zeolithe vom Typ ZSM-5 (Beispiele 1 bis 4) bzw. um mit Eisen beladene Zeolithe vom Typ BEA (Beispiele 5 und 6), welche durch Festköper-Ionenaustausch ausgehend von ZSM-5- bzw. BEA-Zeolith-Pulver in Ammonium-Form hergestellt worden waren. </p><p id="p0102" num="0102">Detaillierte Angaben zur Präparation können aus M. Rauscher, K. Kesore, R. Mönnig, W. Schwieger, A. Tißler, T. Turek:„Preparation of highly active Fe-ZSM-5 catalyst through solid State ion exchange for the catalytic decomposition of N<sub>2</sub>0" in Appl. Catal. 184 (1999) 249-256 entnommen werden. Das erhaltene Katalysatorpulver wurde 6 h bei 823 K an der Luft kalziniert, gewaschen und über Nacht bei 383 K getrocknet. Nach Zusatz entsprechender Binder folgte die Extrusion zu zylindrischen Katalysatorkörpern. Bei einem nominalen Austauschgrad von 100% und einem Modul (Si0<sub>2</sub>/Al<sub>2</sub>0<sub>3</sub>-</p><p id="p0103" num="0103">Verhältnis) von jeweils ca. 25 betrug der Eisengehalt der Katalysatorproben vor ihrer Formgebung jeweils ca. 5%. 
<!-- EPO <DP n="20"/>-->
 Zur Durchführung der Versuche für die Beispiele 1 bis 6 wurden die erhalten Extrudate gebrochen und eine Kornfraktion von 0,5-1 ,25 mm ausgesiebt. Hiervon wurden dann 1 ,75g (vom Katalysator Fe-ZSM-5) bzw. 1 ,50g (vom Katalysator Fe-BEA) mit Glasperlen jeweils auf ein Schüttungsvolumen von 12 ml verdünnt und in einen entsprechenden Strömungsrohrreaktor eingefüllt. </p><p id="p0104" num="0104">Die Betriebstemperatur im Reaktorrohr wurde durch elektrische Beheizung eingestellt. Die Analyse der in den Reaktor ein- und austretenden Gasströme erfolgte mit Hilfe eines FTIR-Spektrometers (Modell 5700, Fa. Thermo), das mit einer beheizten 2m Langweg- Gasküvette ausgestattet war. </p><p id="p0105" num="0105">Die genauen Versuchs- bzw. Betriebsbedingungen der einzelnen Versuche sind der nachstehenden Tabelle 1 zu entnehmen. </p><p id="p0106" num="0106">Tabelle 1 : Betriebsbedingungen zu den Versuchen 1 bis 6 </p><p id="p0107" num="0107"><img id="imgf000020_0001" he="89" wi="162" file="imgf000020_0001.tif" img-format="tif" img-content="drawing" orientation="portrait" inline="no"/></p><p id="p0108" num="0108"> ' RG = Raumgeschwindigkeit Die Ergebnisse der Versuche 1 bis 6 sind in Tabelle 2 wiedergegeben. 
<!-- EPO <DP n="21"/>-->
 Tabelle 2: Versuchsergebnisse </p><p id="p0109" num="0109">Versuch 1 2 3 4 5 6</p><p id="p0110" num="0110">Gaszusammen¬</p><p id="p0111" num="0111">ΝΟχ ppmv 32 81 8 27 1 16 setzung am Austritt </p><p id="p0112" num="0112">des Versuchs¬</p><p id="p0113" num="0113">N<sub>2</sub>0 ppmv 107 11 111 11 210 27 reaktors </p><p id="p0114" num="0114"> Abbaugrad am ΝΟχ % 96,8 80,0 99,2 97,3 99,8 96,8</p><p id="p0115" num="0115">Austritt des </p><p id="p0116" num="0116"> N<sub>2</sub>0 % 80,5 86,7 80,6 88,0 58,1 72,4</p><p id="p0117" num="0117">Versuchsreaktors </p><p id="p0118" num="0118">' RG = Raumgeschwindigkeit </p><p id="p0119" num="0119">Die Zugabe an NH3 als Reduktionsmittel für NO<sub>x</sub> erfolgte dabei in einer solchen Menge, welche maximal bis zum Auftreten eines analytisch signifikanten NH3-Schlupfs (ca. 1- 2 ppmv) zugegeben werden kann; d.h. die angegebene Restkonzentration an NO<sub>x</sub> entspricht der minimal möglichen Restkonzentration an ΝΟχ, bzw. der Abbaugrad an ΝΟχ dem maximalen Abbaugrad, welcher durch Zugabe von NH<sub>3</sub> gerade noch erreicht werden kann, ohne dass ein NH<sub>3</sub>-Schlupf auftritt. </p><p id="p0120" num="0120">Wie den Tabellen 1 und 2 zu entnehmen, kann im Falle einer hohen ISbO-Eintritts- konzentration (Versuche 1 , 3 und 5) jeweils ein sehr viel höherer NO<sub>x</sub>-Abbau erzielt werden als unter sonst gleichen Bedingungen bei reduzierter N<sub>2</sub>0-Eintrittskonzentration, wie in Beispielen 2, 4 und 6. So kann im erfindungsgemäßen Versuch 1 im Vergleich zum Vergleichsversuch 2 die NO<sub>x</sub>-Restkonzentration von 81 ppmv auf 32 ppmv abgesenkt werden. Im erfindungsgemäßen Versuch 3 kann die NO<sub>x</sub>-Restkonzentration im Vergleich zum Vergleichsversuch 4 von 27 auf 8 reduziert werden. </p><p id="p0121" num="0121">Im Versuch 5 schließlich kann im Vergleich zu Versuch 6 sogar eine mehr oder weinger vollständige NO<sub>x</sub>-Reduktion erreicht werden. Dies ist von besonderer Bedeutung, da, wie eingangs erwähnt, gemäß dem in DE 102 15 605 A beschriebenen Verfahren bei 
<!-- EPO <DP n="22"/>-->
 vollständiger ΝΟχ-Reduktion eine weitergehende N<sub>2</sub>O-Reduktion durch Zusatz von Kohlenwasserstoffen, vorzugsweise mit Methan erreicht werden kann. </p><p id="p0122" num="0122">Insgesamt kann obigen Beispielen entnommen, dass bei einer zu starken Reduzierung des N<sub>2</sub>0-Gehaltes im vorgeschalteten Katalysatorbett des Prozessgases, wie dieses üblicherweise angestrebt und realisiert wird, die DeNO<sub>x</sub>-Leistung dem vom Restgas durchströmten nachgeschalteten Katalysatorbett deutlich gemindert ist und der gewünschte Abbaugrad an ΝΟχ unter Umständen nicht mehr erreicht werden kann. Ohne das Wissen um diesen völlig unerwarteten Zusammenhang, bliebe dem Fachmann nur die Möglichkeit die Auslegung des vom Restgas durchströmten </p><p id="p0123" num="0123">nachgeschalteten Katalysatorbettes entsprechend anzupassen, d.h. bei gegebenen Prozessparametern (Druck, Temperatur, Volumenstrom) die Größe des Reaktors bzw. das Katalysatorvolumen dieses Katalysatorbettes entsprechend anzuheben. Viel geschickter ist es jedoch, die Abbauleistung der Katalysatorstufe zur N<sub>2</sub>O-Zersetzung im Prozessgas erfindungsgemäß so anzupassen, dass vor Eintritt in das Katalysatorbett eine Restkonzentration an N2O von &gt;100 ppmv, bevorzugt &gt;200 ppmv und besonders bevorzugt &gt; 300 ppmv resultiert und ein molares N<sub>2</sub>O/NO<sub>x</sub>-Verhältnis von &gt;0,25 vorzugsweise von &gt;0,5 resultiert. </p><p id="p0124" num="0124">Der geminderte Abbaugrad an N2O wird dabei in dem vom Restgas durchströmten nachgeschalteten Katalysatorbett, d.h. durch das mit Fe-Zeolith-Katalysator beladene Katalysatorbett im Restgas ausgeglichen, welches parallel zur ΝΟχ-Reduktion erfindungsgemäß auch einen N<sub>2</sub>O-Abbau bewirkt. Diese ist in den Versuchen 1 bis 4, bei welchem der N<sub>2</sub>O-Abbau durch Zersetzung in N<sub>2</sub> und O<sub>2</sub> erfolgt, nur geringfügig abhängig von der N<sub>2</sub>O-Eintrittskonzentration und beträgt unter den gewählten </p><p id="p0125" num="0125">Prozessbedingungen (Druck, Temperatur, Raumgeschwindigkeit) zwischen 80 und 90%. 
</p></description><claims mxw-id="PCLM44727514" ref-ucid="WO-2012113516-A1" lang="DE" load-source="patent-office"><claim id="clm-0001" num="0001"><!-- EPO <DP n="23"/>--><claim-text> Patentansprüche </claim-text><claim-text>1. Verfahren zur Herstellung von Salpetersäure durch katalytische Oxidation von NH<sub>3</sub> mit Sauerstoff und anschließende Umsetzung des gebildeten ΝΟχ mit einem </claim-text><claim-text> Absorptionsmittel in einem Absorptionsturm umfassend ein Katalysatorbett zur N<sub>2</sub>0- Zersetzung, welches im Prozessgas in Strömungsrichtung nach der katalytischen NH3-Oxidation und vor dem Absorptionsturm angeordnet ist, und ein Katalysatorbett zur ΝΟχ-Reduktion und weiteren N<sub>2</sub>0-Minderung, welches im Restgas in </claim-text><claim-text> Strömungsrichtung nach dem Absorptionsturm angeordnet ist, </claim-text><claim-text>• wobei in dem im Prozessgas angeordneten Katalysatorbett zur N<sub>2</sub>0- Zersetzung maximal soviel N<sub>2</sub>0 abgebaut wird, dass vor Eintritt des Restgases in das Katalysatorbett zur ΝΟχ-Reduktion der N<sub>2</sub>0-Gehalt &gt; 100 ppmv beträgt und ein molares N<sub>2</sub>0/NO<sub>x</sub>-Verhältnis von &gt; 0,25 resultiert, und </claim-text><claim-text>• wobei das im Restgas angeordnete Katalysatorbett zur NO<sub>x</sub>-Reduktion und weiteren N<sub>2</sub>0-Minderung mindestens einen mit Eisen beladenen Zeolith- Katalysator enthält, und </claim-text><claim-text>• wobei dem Restgas vor Eintritt in das Katalysatorbett eine solche Menge an NH<sub>3</sub> zugesetzt wird, dass am Austritt des Katalysator-bettes eine ΝΟχ- Konzentration von &lt; 40ppmv resultiert, und </claim-text><claim-text>• wobei die Betriebsparameter Druck, Temperatur und Raumgeschwindigkeit derart gewählt werden, dass eine N<sub>2</sub>0-Konzentration von &lt; 200 ppmv resultiert. </claim-text><claim-text>2. Verfahren nach Anspruch 1 , dadurch gekennzeichnet, dass die gezielte Einstellung des N<sub>2</sub>0-Abbaus in dem im Prozessgas angeordneten Katalysatorbett durch </claim-text><claim-text> Variationen der Schichtdicke/Schichthöhe des Katalysatorbettes und/oder der Auswahl des Katalysatormaterials und/oder der Auswahl der Geometrie des </claim-text><claim-text> Katalysatormaterials erreicht wird. 
<!-- EPO <DP n="24"/>-->
 Verfahren nach einem der Ansprüche 1 oder 2, dadurch gekennzeichnet, dass das im Prozessgas angeordnete Katalysatorbett einen für die Zersetzung von N<sub>2</sub>0 geeigneten Katalysator enthält, vorzugsweise einen Katalysator, der als </claim-text><claim-text>Aktivkomponente Übergangsmetalloxide und/oder übergangsmetallhaltige </claim-text><claim-text>Mischoxide, vorzugsweise Mischoxide mit Perowskitstruktur, mit Perowskit-ähnlicher Struktur oder mit Spinellstruktur, und/oder Edelmetalle enthält. </claim-text><claim-text>Verfahren nach einem der vorstehenden Ansprüche, dadurch gekennzeichnet, dass das Katalysatormaterial des im Prozessgas angeordneten Katalysatorbettes Kobalthaltige Oxide oder Mischoxide als Aktivkomponenten enthält, und insbesondere ein Katalysatormaterial ist, das einen porösen Träger aus polykristallinem oder glasartigem anorganischem Material, einer darauf aufgebrachten Ceroxid- Funktionsschicht und einer darauf aufgebrachten Schicht aus oxidischem Kobalt enthaltendem Material umfasst. </claim-text><claim-text>Verfahren nach einem der vorstehenden Ansprüche, dadurch gekennzeichnet, dass das Katalysatormaterial des im Prozessgas angeordneten Katalysatorbettes als Formkörper ausgestaltet ist, der die Geometrie eines Zylinders, Hohlzylinders, Mehrlochzylinders, gelochte und ungelochte Tri- oder Polylobes oder </claim-text><claim-text>Wabenstrukturen aufweist, wobei das Katalysatormaterial des im Prozessgas angeordneten Katalysatorbettes vorzugsweise als Formkörper ausgestaltet ist, dessen Äquivalenzdurchmesser eine Untergrenze von &gt; 1 ,5 mm, bevorzugt von &gt; 3mm, und insbesondere von &gt; 5 mm aufweist und eine Obergrenze von &lt; 20 mm, bevorzugt von &lt; 15 mm, und insbesondere von &lt; 10 mm aufweist. </claim-text><claim-text>Verfahren nach einem der vorstehenden Ansprüche, dadurch gekennzeichnet, dass der Druckverlust über das Katalysatormaterial des im Prozessgas angeordneten Katalysatorbettes &lt; 30 mbar, bevorzugt &lt; 25 mbar, besonders bevorzugt &lt; 20 mbar, ganz besonders bevorzugt &lt; 15 mbar, und insbesondere &lt; 10 mbar beträgt, wobei insbesondere die Schütthöhe des Katalysatormaterials des im Prozessgas 
<!-- EPO <DP n="25"/>-->
 angeordneten Katalysatorbettes 3 - 30 cm, bevorzugt 5 - 20 cm, und besonders bevorzugt 10 - 20 cm beträgt. </claim-text><claim-text>7. Verfahren nach einem der vorstehenden Ansprüche, dadurch gekennzeichnet, dass der N<sub>2</sub>0-Abbau im Katalysatorbett des Prozessgases 40-90%, bevorzugt 45-80%, besonders bevorzugt 50-70%, bezogen auf die anfänglich vorhandene Menge an N<sub>2</sub>0, beträgt. </claim-text><claim-text>8. Verfahren nach einem der vorstehenden Ansprüche, dadurch gekennzeichnet, dass die Raumgeschwindigkeit mit der das Restgas über das Katalysatormaterial des im</claim-text><claim-text>Restgas angeordneten Katalysatorbettes geleitet wird, 200 bis 200.000 h<sup>"1</sup>, vorzugsweise 5.000 bis 10.000 h<sup>~</sup>\ und besonders bevorzugt 5.000 bis 50.000 h<sup>"</sup> beträgt, dass der Druck im Restgas vor Eintritt in das Katalysatormaterial des im Restgas angeordneten Katalysatorbettes, 1 bis 50 bar, vorzugsweise mindestens 2 bar, insbesondere mindestens 3 bar, ganz besonders bevorzugt von 4 bis 25 bar. beträgt, und dass die Temperatur im Restgas vor Eintritt in das Katalysatormaterial des im Restgas angeordneten Katalysatorbettes 300°C bis 600°C, und </claim-text><claim-text> vorzugsweise 330°C bis 520°C beträgt. 9. Verfahren nach einem der vorstehenden Ansprüche, dadurch gekennzeichnet, dass die Betriebsparameter Druck, Temperatur und Raumgeschwindigkeit des im </claim-text><claim-text> Restgas angeordneten Katalysatorbettes so eingestellt werden und/oder dass Kohlenwasserstoffe als Reduktionsmittel für N<sub>2</sub>0 in dieses Katalysatorbett zugegeben werden, dass die Verringerung des Gehaltes an N<sub>2</sub>0 in diesem </claim-text><claim-text> Katalysatorbett mindestens 50 %, vorzugsweise mindestens 70 %, besonders bevorzugt mindestens 80 % und ganz besonders bevorzugt 90 bis 100 %, bezogen auf den Gehalt an N<sub>2</sub>0 am Eintritt in dieses Katalysatorbett beträgt. </claim-text><claim-text>10. Verfahren nach einem der vorstehenden Ansprüche, dadurch gekennzeichnet, dass dem Restgas vor Eintritt in das Katalysatormaterial des im Restgas angeordneten Katalysatorbettes eine Menge von 0,9 bis 1 ,3 mol NH<sub>3</sub> pro mol zu reduzierendes 
<!-- EPO <DP n="26"/>-->
 ΝΟχ, und insbesondere 1 ,0 bis 1 ,2 mol NH<sub>3</sub> pro mol zu reduzierendes NO<sub>x</sub>, zugesetzt wird. </claim-text><claim-text>11. Verfahren nach einem der Ansprüche 1 bis 10, dadurch gekennzeichnet, dass dem Restgas vor Eintritt in das Katalysatormaterial des im Restgas angeordneten</claim-text><claim-text>Katalysatorbettes Kohlenwasserstoffe zugemischt werden, wobei dabei eine Menge von 0,2 - 1 mol Kohlenwasserstoff / 1 mol zu reduzierendes N<sub>2</sub>O, bevorzugt 0,2 - 0,7 mol Kohlenwasserstoff / 1 mol zu reduzierendes N2O, und insbesondere 0,2 - 0,7 mol Kohlenwasserstoffe / 1 mol zu reduzierendes N<sub>2</sub>O zugegeben werden und wobei dabei bezogen auf die NO<sub>x</sub>-Eintrittkonzentration 1 - 2 mol NH<sub>3</sub> / mol NO<sub>x</sub>, bevorzugt 1 ,2 - 1 ,8 mol NH<sub>3</sub> /mol NO<sub>x</sub>, und insbesondere 1 ,2 - 1 ,7 mol NH<sub>3</sub> /mol NO<sub>x</sub> zugegeben werden. </claim-text><claim-text>12. Verfahren nach einem der vorstehenden Ansprüche, dadurch gekennzeichnet, dass das im Restgas angeordnete Katalysatorbett zur NO<sub>x</sub>-Reduktion und weiteren N2O-</claim-text><claim-text>Minderung in mehrere Reaktionszonen oder räumlich getrennte Reaktionsstufen unterteilt ist und dass vorzugsweise eine gestufte Einspeisung von NH<sub>3</sub> in die einzelnen Reaktionszonen oder in die räumlich getrennten Reaktionsstufen des im Restgas angeordneten Katalysatorbetts erfolgt. </claim-text><claim-text>13. Verfahren nach einem der vorstehenden Ansprüche, dadurch gekennzeichnet, dass der mit Eisen beladene Zeolith-Katalysator des im Restgas angeordneten </claim-text><claim-text> Katalysatorbettes bezogen auf die Masse an Zeolith bis zu 25 % Eisen enthält, vorzugsweise 0,1 bis 10 % Eisen enthält. </claim-text><claim-text>14. Verfahren nach einem der vorstehenden Ansprüche, dadurch gekennzeichnet, dass der mit Eisen beladene Zeolith-Katalysator des im Restgas angeordneten </claim-text><claim-text> Katalysatorbettes &gt; 50 Gew% und bevorzugt &gt; 70 Gew% eines mit Eisen beladenen Zeoliths oder mehrerer mit Eisen beladener Zeolithe enthält. </claim-text><claim-text>15. Verfahren nach einem der vorstehenden Ansprüche, dadurch gekennzeichnet, dass der mit Eisen beladene Zeolith-Katalysator des im Restgas angeordneten 
<!-- EPO <DP n="27"/>-->
 Katalysatorbettes ein Zeolith vom Typ MFI, BEA, FER, MOR, FAU und/oder MEL ist und ganz besonders bevorzugt ein mit Eisen beladener Zeolith vom Typ MFI und/oder BEA und/oder FER ist. 16. Verfahren nach einem der vorstehenden Ansprüche, dadurch gekennzeichnet, dass der mit Eisen beladene Zeolith-Katalysator des im Restgas angeordneten </claim-text><claim-text> Katalysatorbettes, einen Zeolith umfasst, dessen Gitteraluminium ganz oder teilweise durch ein oder mehrere Elemente isomorph substituiert ist, wobei die Elemente ausgewählt werden aus der Gruppe umfassend B, Be, Ga, Fe, Cr, V, As, Sb und Bi oder ein Zeolith umfasst, dessen Gittersilizium ganz oder teilweise durch ein oder mehrere Elemente ausgewählt aus der Gruppe Ge, Ti, Zr und Hf ersetzt ist und/oder dass der mit Eisen beladene Zeolith-Katalysator des im Restgas angeordneten Katalysatorbettes, einen Zeolith umfasst, der mit Wasserdampf hydrothermal vorbehandelt ist, wobei der mit Wasserdampf hydrothermal vorbehandelte Zeolith vorzugsweise ein Verhältnis von Extra-Gitter-Aluminium zu</claim-text><claim-text>Gitter-Aluminium von mindestens 1 : 2, vorzugsweise 1 : 2 bis 20 : 1 aufweist. </claim-text><claim-text>17. Verfahren nach einem der vorstehenden Ansprüche, dadurch gekennzeichnet, dass das im Restgas angeordnete Katalysatorbett axial, lateral oder radial durchströmt wird. </claim-text><claim-text>18. Verfahren nach einem der vorstehenden Ansprüche, dadurch gekennzeichnet, dass zwischen dem im Prozessgas angeordneten Katalysatorbett zur N<sub>2</sub>0-Zersetzung und dem im Restgas angeordneten Katalysatorbett zur NO<sub>x</sub>-Reduktion und weiteren N20-Minderung eine oder mehrere weitere Stufen zum N2O und/oder NO<sub>x</sub> Abbau angeordnet sind. </claim-text><claim-text>19. Salpetersäureanlage, bei welcher eine katalytische Beseitigung des bei der </claim-text><claim-text> katalytischen Nhh-Oxidation gebildeten N2O im Prozessgas sowie eine weitere Minderung des N<sub>2</sub>0-Gehaltes und eine Reduzierung des ΝΟχ-Gehaltes im Restgas nachgeschaltet zum Absorptionsturm erfolgt, gekennzeichnet durch mindestens folgende Elemente: 
<!-- EPO <DP n="28"/>-->
 A) Reaktor zur katalytischen Oxidation von NH<sub>3</sub> mit Sauerstoff zur Erzeugung eines NO<sub>x</sub> enthaltenden Prozessgases, </claim-text><claim-text> B) Absorptionsturm zur Umsetzung des gebildeten ΝΟχ aus dem Prozessgas mit einem Absorptionsmittel, vorzugsweise Wasser, wobei ein ΝΟχ und N<sub>2</sub>O enthaltendes Restgas verbleibt, </claim-text><claim-text> C) mindestens ein erstes Katalysatorbett zur N<sub>2</sub>O-Zersetzung, welches vom Prozessgas durchströmt wird und in Strömungsrichtung nach der katalytischen NH<sub>3</sub>-Oxidation und vor dem Absorptionsturm angeordnet ist, </claim-text><claim-text> D) mindestens ein zweites Katalysatorbett zur ΝΟχ-Reduktion und weiteren N<sub>2</sub>O-Minderung, welches vom Restgas durchströmt wird und in </claim-text><claim-text> Strömungsrichtung nach dem Absorptionsturm angeordnet ist, und</claim-text><claim-text>E) mindestens eine Vorrichtung zur Einspeisung von gasförmigem Reduktionsmittel in das Restgas, welche in Strömungsrichtung nach dem Absorptionsturm und vor dem zweiten Katalysatorbett angeordnet ist, wobei </claim-text><claim-text> F) das erste Katalysatorbett einen für die Zersetzung von N<sub>2</sub>O geeigneten Katalysator enthält, vorzugsweise einen Katalysator, der als Aktivkomponente Übergangsmetalloxide und/oder </claim-text><claim-text> übergangsmetallhaltige Mischoxide, vorzugsweise Mischoxide mit Perowskitstruktur, mit Perowskit-ähnlicher Struktur oder mit Spinellstruktur, und/oder Edelmetalle enthält und wobei </claim-text><claim-text> G) das zweite Katalysatorbett einen Katalysator enthält, der der mindestens einen mit Eisen beladenen Zeolith enthält. </claim-text><claim-text>20. Salpetersäureanlage nach Anspruch 19, dadurch gekennzeichnet, dass das </claim-text><claim-text> Katalysatormaterial des ersten Katalysatorbettes Kobalt-haltige Oxide oder </claim-text><claim-text> Mischoxide als Aktivkomponenten enthält, und insbesondere ein Katalysatormaterial ist, das einen porösen Träger aus polykristallinem oder glasartigem anorganischem Material, einer darauf aufgebrachten Ceroxid-Funktionsschicht und einer darauf aufgebrachten Schicht aus oxidischem Kobalt enthaltendem Material umfasst. 
<!-- EPO <DP n="29"/>-->
</claim-text><claim-text>21. Salpetersäureanlage nach einem der Ansprüche 19 bis 20, dadurch gekennzeichnet, dass die Schütthöhe des Katalysatormaterials des esten Katalysatorbettes 3 - 30 cm, bevorzugt 5 - 20 cm, und besonders bevorzugt 10 - 20 cm beträgt. 22. Salpetersäureanlage nach einem der Ansprüche 19 bis 21 , dadurch gekennzeichnet, dass der mit Eisen beladene Zeolith-Katalysator im zweiten </claim-text><claim-text> Katalysatorbett ein Zeolith vom Typ MFI, BEA, FER, MOR, FAU und/oder MEL ist und ganz besonders bevorzugt ein mit Eisen beladener Zeolith vom Typ MFI und/oder BEA und/oder FER ist. 
</claim-text></claim></claims><copyright>User acknowledges that Fairview Research LLC and its third party providers retain all right, title and interest in and to this xml under applicable copyright laws.  User acquires no ownership rights to this xml including but not limited to its format.  User hereby accepts the terms and conditions of the Licence Agreement</copyright></patent-document>
