<?xml version="1.0" encoding="UTF-8"?>
<patent-document ucid="EP-2680807-A1" country="EP" doc-number="2680807" kind="A1" date="20140108" family-id="46797353" file-reference-id="318301" date-produced="20180823" status="corrected" lang="EN"><bibliographic-data><publication-reference fvid="146586854" ucid="EP-2680807-A1"><document-id><country>EP</country><doc-number>2680807</doc-number><kind>A1</kind><date>20140108</date><lang>EN</lang></document-id></publication-reference><application-reference ucid="EP-12754579-A" is-representative="NO"><document-id mxw-id="PAPP154849046" load-source="docdb" format="epo"><country>EP</country><doc-number>12754579</doc-number><kind>A</kind><date>20120305</date><lang>EN</lang></document-id><document-id mxw-id="PAPP168045840" load-source="docdb" format="original"><country>EP</country><doc-number>12754579.6</doc-number><date>20120305</date><lang>EN</lang></document-id></application-reference><priority-claims><priority-claim mxw-id="PPC140552270" ucid="CA-2012000190-W" linkage-type="W" load-source="docdb"><document-id format="epo"><country>CA</country><doc-number>2012000190</doc-number><kind>W</kind><date>20120305</date></document-id></priority-claim><priority-claim mxw-id="PPC140557003" ucid="CA-2733446-A" load-source="docdb"><document-id format="epo"><country>CA</country><doc-number>2733446</doc-number><kind>A</kind><date>20110304</date></document-id></priority-claim><priority-claim mxw-id="PPC140547639" ucid="CA-2746031-A" load-source="docdb"><document-id format="epo"><country>CA</country><doc-number>2746031</doc-number><kind>A</kind><date>20110706</date></document-id></priority-claim></priority-claims><technical-data><classifications-ipcr><classification-ipcr mxw-id="PCL2102373631" load-source="docdb">A61J   1/20        20060101AFI20140722BHEP        </classification-ipcr></classifications-ipcr><classifications-cpc><classification-cpc mxw-id="PCL-1922885722" load-source="docdb" scheme="CPC">Y10T 137/9029      20150401 LA20160707BHEP        </classification-cpc><classification-cpc mxw-id="PCL-1962109455" load-source="docdb" scheme="CPC">A61J   1/201       20150501 LA20160309BHEP        </classification-cpc><classification-cpc mxw-id="PCL-1962112620" load-source="docdb" scheme="CPC">A61J   1/2096      20130101 LI20160309BHEP        </classification-cpc><classification-cpc mxw-id="PCL1991317178" load-source="docdb" scheme="CPC">A61J   1/20        20130101 FI20131226BHEP        </classification-cpc></classifications-cpc><invention-title mxw-id="PT132365195" lang="DE" load-source="patent-office">EINFACHES VERKNÜPFUNGSÜBERTRAGUNGSSYSTEM</invention-title><invention-title mxw-id="PT132365196" lang="EN" load-source="patent-office">EASY LINKING TRANSFER SYSTEM</invention-title><invention-title mxw-id="PT132365197" lang="FR" load-source="patent-office">SYSTÈME DE TRANSFERT À LIAISON FACILE</invention-title></technical-data><parties><applicants><applicant mxw-id="PPAR919505811" load-source="docdb" sequence="1" format="epo"><addressbook><last-name>DUOJECT INC</last-name><address><country>CA</country></address></addressbook></applicant><applicant mxw-id="PPAR919506128" load-source="docdb" sequence="1" format="intermediate"><addressbook><last-name>DUOJECT MEDICAL SYSTEMS, INC.</last-name></addressbook></applicant><applicant mxw-id="PPAR919012414" load-source="patent-office" sequence="1" format="original"><addressbook><last-name>Duoject Medical Systems, Inc.</last-name><iid>101337698</iid><address><street>50 Rue de Gaspé Complex B-5</street><city>Bromont, Québec J2L 2N8</city><country>CA</country></address></addressbook></applicant></applicants><inventors><inventor mxw-id="PPAR919513497" load-source="docdb" sequence="1" format="epo"><addressbook><last-name>REYNOLDS DAVID L</last-name><address><country>CA</country></address></addressbook></inventor><inventor mxw-id="PPAR919523720" load-source="docdb" sequence="1" format="intermediate"><addressbook><last-name>REYNOLDS, DAVID, L.</last-name></addressbook></inventor><inventor mxw-id="PPAR919013483" load-source="patent-office" sequence="1" format="original"><addressbook><last-name>REYNOLDS, DAVID, L.</last-name><address><street>50 rue De Gaspe Complex B-5</street><city>Bromont, Quebec J2L 2N8</city><country>CA</country></address></addressbook></inventor><inventor mxw-id="PPAR919545666" load-source="docdb" sequence="2" format="epo"><addressbook><last-name>MACDONALD DANIEL</last-name><address><country>CA</country></address></addressbook></inventor><inventor mxw-id="PPAR919505873" load-source="docdb" sequence="2" format="intermediate"><addressbook><last-name>MACDONALD, DANIEL</last-name></addressbook></inventor><inventor mxw-id="PPAR919015481" load-source="patent-office" sequence="2" format="original"><addressbook><last-name>MACDONALD, DANIEL</last-name><address><street>202-5 rue Des Deux-Montagnes</street><city>Bromont, Quebec J2L 1P3</city><country>CA</country></address></addressbook></inventor><inventor mxw-id="PPAR919523763" load-source="docdb" sequence="3" format="epo"><addressbook><last-name>TREMBLAY YAN</last-name><address><country>CA</country></address></addressbook></inventor><inventor mxw-id="PPAR919536912" load-source="docdb" sequence="3" format="intermediate"><addressbook><last-name>TREMBLAY, YAN</last-name></addressbook></inventor><inventor mxw-id="PPAR919015391" load-source="patent-office" sequence="3" format="original"><addressbook><last-name>TREMBLAY, YAN</last-name><address><street>165, rue de l'Erabliere</street><city>Orford, Quebec J1X 6J8</city><country>CA</country></address></addressbook></inventor><inventor mxw-id="PPAR919543872" load-source="docdb" sequence="4" format="epo"><addressbook><last-name>GEOFFROY ERIC</last-name><address><country>CA</country></address></addressbook></inventor><inventor mxw-id="PPAR919525821" load-source="docdb" sequence="4" format="intermediate"><addressbook><last-name>GEOFFROY, ERIC</last-name></addressbook></inventor><inventor mxw-id="PPAR919018482" load-source="patent-office" sequence="4" format="original"><addressbook><last-name>GEOFFROY, ERIC</last-name><address><street>1421 Chemin Vallieres</street><city>Ayer's Cliff, Quebec J0B 1CO</city><country>CA</country></address></addressbook></inventor></inventors><agents><agent mxw-id="PPAR919019020" load-source="patent-office" sequence="1" format="original"><addressbook><last-name>Graf Glück Kritzenberger</last-name><iid>101354497</iid><address><street>Hermann-Köhl-Strasse 2a</street><city>93049 Regensburg</city><country>DE</country></address></addressbook></agent></agents></parties><international-convention-data><pct-or-regional-filing-data ucid="CA-2012000190-W"><document-id><country>CA</country><doc-number>2012000190</doc-number><kind>W</kind><date>20120305</date><lang>EN</lang></document-id></pct-or-regional-filing-data><pct-or-regional-publishing-data ucid="WO-2012119225-A1"><document-id><country>WO</country><doc-number>2012119225</doc-number><kind>A1</kind><date>20120913</date><lang>EN</lang></document-id></pct-or-regional-publishing-data><designated-states><ep-contracting-states><country mxw-id="DS549847272" load-source="docdb">AL</country><country mxw-id="DS549846981" load-source="docdb">AT</country><country mxw-id="DS549861116" load-source="docdb">BE</country><country mxw-id="DS549916858" load-source="docdb">BG</country><country mxw-id="DS549777270" load-source="docdb">CH</country><country mxw-id="DS549861117" load-source="docdb">CY</country><country mxw-id="DS549846990" load-source="docdb">CZ</country><country mxw-id="DS549847273" load-source="docdb">DE</country><country mxw-id="DS549861130" load-source="docdb">DK</country><country mxw-id="DS549861131" load-source="docdb">EE</country><country mxw-id="DS549766013" load-source="docdb">ES</country><country mxw-id="DS549916859" load-source="docdb">FI</country><country mxw-id="DS549777271" load-source="docdb">FR</country><country mxw-id="DS549847278" load-source="docdb">GB</country><country mxw-id="DS549861132" load-source="docdb">GR</country><country mxw-id="DS549847279" load-source="docdb">HR</country><country mxw-id="DS549846991" load-source="docdb">HU</country><country mxw-id="DS549777272" load-source="docdb">IE</country><country mxw-id="DS549861133" load-source="docdb">IS</country><country mxw-id="DS549916860" load-source="docdb">IT</country><country mxw-id="DS549861138" load-source="docdb">LI</country><country mxw-id="DS549916861" load-source="docdb">LT</country><country mxw-id="DS549845288" load-source="docdb">LU</country><country mxw-id="DS549916862" load-source="docdb">LV</country><country mxw-id="DS549916863" load-source="docdb">MC</country><country mxw-id="DS549845289" load-source="docdb">MK</country><country mxw-id="DS549845294" load-source="docdb">MT</country><country mxw-id="DS549845295" load-source="docdb">NL</country><country mxw-id="DS549846992" load-source="docdb">NO</country><country mxw-id="DS549845296" load-source="docdb">PL</country><country mxw-id="DS549861139" load-source="docdb">PT</country><country mxw-id="DS549765680" load-source="docdb">RO</country><country mxw-id="DS549861140" load-source="docdb">RS</country><country mxw-id="DS549845297" load-source="docdb">SE</country><country mxw-id="DS549847280" load-source="docdb">SI</country><country mxw-id="DS549846993" load-source="docdb">SK</country><country mxw-id="DS549846998" load-source="docdb">SM</country><country mxw-id="DS549766014" load-source="docdb">TR</country></ep-contracting-states></designated-states></international-convention-data><office-specific-data><eptags><ep-no-a-document-published>*</ep-no-a-document-published></eptags></office-specific-data></bibliographic-data><abstract mxw-id="PA100074295" ref-ucid="WO-2012119225-A1" lang="EN" load-source="patent-office"><p num="0000">A transfer device for pharmaceuticals comprising a housing which has an open bottom permitting insertion of a vial within the housing, a piercing member mounted within the housing and having an interior passageway formed therein, a connector for a syringe located on top of the housing, and a moveable member mounted within the housing, the moveable member being moveable from a first position preventing access to the piercing member and a second position permitting access to the piercing member when the vial is inserted in the housing.</p></abstract><abstract mxw-id="PA100342093" ref-ucid="WO-2012119225-A1" lang="EN" source="national office" load-source="docdb"><p>A transfer device for pharmaceuticals comprising a housing which has an open bottom permitting insertion of a vial within the housing, a piercing member mounted within the housing and having an interior passageway formed therein, a connector for a syringe located on top of the housing, and a moveable member mounted within the housing, the moveable member being moveable from a first position preventing access to the piercing member and a second position permitting access to the piercing member when the vial is inserted in the housing.</p></abstract><abstract mxw-id="PA100074296" ref-ucid="WO-2012119225-A1" lang="FR" load-source="patent-office"><p num="0000">La présente invention concerne un dispositif de transfert pour produits pharmaceutiques, comprenant un boîtier qui présente un fond ouvert permettant l'insertion d'un flacon à l'intérieur du boîtier, un élément de perçage monté à l'intérieur du boîtier et à l'intérieur duquel et formé un passage, un raccord pour seringue situé sur le dessus du boîtier, et un élément mobile monté à l'intérieur du boîtier, l'élément mobile pouvant être déplacé d'une première position empêchant l'accès à l'élément de perçage à une seconde position permettant l'accès à l'élément de perçage lorsque le flacon est inséré dans le boîtier.</p></abstract><abstract mxw-id="PA100342094" ref-ucid="WO-2012119225-A1" lang="FR" source="national office" load-source="docdb"><p>La présente invention concerne un dispositif de transfert pour produits pharmaceutiques, comprenant un boîtier qui présente un fond ouvert permettant l'insertion d'un flacon à l'intérieur du boîtier, un élément de perçage monté à l'intérieur du boîtier et à l'intérieur duquel et formé un passage, un raccord pour seringue situé sur le dessus du boîtier, et un élément mobile monté à l'intérieur du boîtier, l'élément mobile pouvant être déplacé d'une première position empêchant l'accès à l'élément de perçage à une seconde position permettant l'accès à l'élément de perçage lorsque le flacon est inséré dans le boîtier.</p></abstract><description mxw-id="PDES51374430" ref-ucid="WO-2012119225-A1" lang="EN" load-source="patent-office"><!-- EPO <DP n="3"/>--><p id="p0001" num="0001"> EASY LINKING TRANSFER SYSTEM </p><p id="p0002" num="0002"> FIELD OF THE INVENTION </p><p id="p0003" num="0003"> The present invention relates to a transfer system and more particularly, relates to an assembly for transferring one or more components of a pharmaceutical composition between containers. </p><p id="p0004" num="0004"> BACKGROUND OF THE INVENTION </p><p id="p0005" num="0005"> Typically, a syringe is filled manually by aspirating a liquid pharmaceutical component from a pharmaceutical vial which traditionally has a penetrable closure. The syringe has a needle that penetrates the penetrable closure following which the syringe is typically filled by drawing air into the body of the syringe, aligning the needle with the vial's penetrable closure and inserting the needle through the penetrable closure into the vial. Subsequently, the vial is inverted and air is forced from the body of the syringe into the vial. The plunger is then withdrawn to draw out the desired volume of the pharmaceutical component into the syringe and the needle is removed from the vial. </p><p id="p0006" num="0006"> Many pharmaceutical preparations must be distributed and sold as two or more separate components— typically a solid component and a liquid component. They are mixed just prior to administration. In some instances, the two or more components may each be liquid and require mixing prior to administration to the patient. </p><p id="p0007" num="0007"> SUMMARY OF THE INVENTION </p><p id="p0008" num="0008"> It is an object of the present invention to provide an assembly for transferring the contents of a first container to a second container. </p><p id="p0009" num="0009"> According to one aspect of the present invention, there is provided a transfer device comprising a housing having a top, a side wall, an open bottom, the open bottom permitting 
<!-- EPO <DP n="4"/>-->
 insertion of a vial within the housing, a piercing member mounted within the housing, the piercing member having a piercing tip located at a bottom end thereof, the piercing member having an interior passageway formed therein, a connector located on an exterior side of the top, a moveable member mounted within the housing, the moveable member being moveable from a first position wherein the moveable member prevents access to the piercing tip and a second position permitting access to the piercing tip when the vial is inserted in the housing. </p><p id="p0010" num="0010"> In a large number of cases, the transfer device of the present invention provides for the easy linking of a vial and a syringe whereby the components may be mixed to form a composition in the syringe ready for patient injection. </p><p id="p0011" num="0011"> The contents of the vial may be any suitable pharmaceutical component though in many instances, it will be a dry pharmaceutical component such as a lyophilized product. However, as previously mentioned, it could also be a liquid component. </p><p id="p0012" num="0012"> The syringe will normally contain a liquid component which is frequently a diluent for the active pharmaceutical ingredient in the vial. The syringe may be any conventional syringe readily available from different manufacturers. Typically, the syringe will contain a piston and have a back stop or finger flange attached to one end thereof. A plunger rod will be attachable to the piston of the syringe. </p><p id="p0013" num="0013"> One problem with known transfer devices is that access to the needle or plastic spike within the transfer device should be minimized to prevent accidental pricks. Once such transfer device is shown in International Application PCT/CA2010/001399, the teachings of which are incorporated herein by reference. In the transfer device, a cap is provided to permit access to the syringe side of the device and the luer connection cannot be accessed until the cap is removed. However, the cap can only be removed when the device is coupled 
<!-- EPO <DP n="5"/>-->
 to the vial. </p><p id="p0014" num="0014"> On some occasions, it is deemed desirable to re-use the transfer device. With the aforementioned transfer device, this was not possible as the vial remains secured to the transfer device and both are disposed of as a unit. </p><p id="p0015" num="0015"> On other occasions, it is deemed best practise to not permit re-use of the transfer device due to possible contamination. However, it is still desirable to protect the user from the needle or spike. </p><p id="p0016" num="0016"> In one embodiment of the present invention wherein the device may not be re-used, the moveable member engages the wall of the housing upon upward movement when the vial is inserted into the housing. The rotational movement moves it to an upper position which, when the vial is pulled down, the moveable member moves to a position where it still protects against accidental needle prick but also cannot be moved upwardly again as it is locked position. </p><p id="p0017" num="0017"> In a further embodiment, the moveable member is retracted down to a position from which it started to enable re-use of the transfer device. </p><p id="p0018" num="0018"> BRIEF DESCRIPTION OF THE DRAWINGS </p><p id="p0019" num="0019"> Having thus generally described the invention, reference will be made to the accompanying drawings illustrating an embodiment thereof, in which: </p><p id="p0020" num="0020"> Figure 1 is a side elevational view of a transfer device according to the present invention; </p><p id="p0021" num="0021"> Figure 2 is a side elevational view, partially in section, of a vial containing a medicant; </p><p id="p0022" num="0022"> Figure 3 is a side elevational view of a syringe and plunger rod; 
<!-- EPO <DP n="6"/>-->
 Figure 4 is a cross sectional view of the transfer device prior to its use; </p><p id="p0023" num="0023"> Figure 5 is a side sectional view of the device being placed on a vial; </p><p id="p0024" num="0024"> Figure 6 is a side sectional view showing piercing of the vial; </p><p id="p0025" num="0025"> Figure 7 is a cross sectional view illustrating the cap being removed; </p><p id="p0026" num="0026"> Figure 8 is a view, partially in cross section, of a syringe being attached to the transfer device; </p><p id="p0027" num="0027"> Figure 9 is a cross sectional view illustrating a syringe being ready to be placed on the vial; </p><p id="p0028" num="0028"> Figure 10 is a cross sectional view illustrating the syringe attached to the vial; </p><p id="p0029" num="0029"> Figure 11 is a sectional view illustrating the mixing of components; </p><p id="p0030" num="0030"> Figure 12 is a sectional view illustrating the aspiration of the mixture into the syringe Figure 13 is a cross sectional view illustrating placement of the transfer assembly on a vial; </p><p id="p0031" num="0031"> Figure 14 is an exploded view illustrating the transfer assembly and the vial prior to insertion of the vial; </p><p id="p0032" num="0032"> Figure 15A is a bottom perspective view of a transfer assembly according to one embodiment of the present invention; </p><p id="p0033" num="0033"> Figure 15B is a bottom plan view thereof; </p><p id="p0034" num="0034"> Figure 16A is a perspective view of the transfer assembly according to a further embodiment; </p><p id="p0035" num="0035"> Figure 16B is a bottom plan view thereof; </p><p id="p0036" num="0036"> Figure 17 A is an exploded view of the transfer assembly; 
<!-- EPO <DP n="7"/>-->
 Figure 17B is a bottom perspective view thereof; </p><p id="p0037" num="0037"> Figures 17C to 17E show the sequence of placing the transfer assembly on the vial;</p><p id="p0038" num="0038">Figures 17F to 17H illustrate the placement of the transfer assembly in a further embodiment thereof on a vial; </p><p id="p0039" num="0039"> Figure 18 is an exploded view of the transfer assembly; and </p><p id="p0040" num="0040"> Figures 19A to 19D are perspective views illustrating placement of the transfer assembly on a vial and removal thereof. </p><p id="p0041" num="0041"> DETAILED DESCRIPTION OF THE INVENTION </p><p id="p0042" num="0042"> Referring to the drawings in greater detail and by reference characters thereto, there is illustrated a transfer system which is generally designated by reference numeral 10 and which is suitable for use with a vial generally designated by reference numeral 12. </p><p id="p0043" num="0043"> Vial 12 has a body 14 with a neck sealed by a septum 16 over which there is a cap 18. A medicant 20 is contained within body 14 and would typically comprise a dry ingredient although a fluid may also be utilized. </p><p id="p0044" num="0044"> Transfer system 10 includes an outer housing 24 and a circular side wall 26. On circular side wall 26 there is a protrusion 28 near the bottom thereof. On its upper end, there is provided a luer connection 30. An inner wall 32 mounts a needle 34 which is hollow in nature and has a piercing end 36. As previously mentioned, needle 34 may be a spike. </p><p id="p0045" num="0045"> Mounted interiorly of outer housing 24 is a moveable member 40. Moveable member 40 has a top wall 42 with an aperture 44 centrally located therein to permit the passage of needle 34. Extending downwardly from top wall 42 is a first leg 46 and a second leg 48. First leg 46 has an outwardly extending flange 50 at the bottom thereof while second 
<!-- EPO <DP n="8"/>-->
 leg 48 also has an outwardly extending flange 52. </p><p id="p0046" num="0046"> A cover 56 is provided to receive transfer system 10. Cover 56 has a side wall 57 which is adapted to engage with protrusion 28 to retain transfer system 10 in position. Side wall 57 is provided with an outwardly extending flange 60 at the bottom thereof. Flange 60 is designed to receive a peelable sealing strip 62 so as to provide a hermetically sealed package. </p><p id="p0047" num="0047"> The transfer system of the present invention is preferably utilized with a syringe which has a syringe body 66 and a plunger 68 mounted therein. A plunger rod 70 is designed to be screwthreadably engageable with plunger 68. Syringe body 66 includes a backstop 72 to permit proper gripping by the hand of a user. At its front end, syringe body 68 includes a luer connector 74. Typically, syringe body 66 is filled with a diluent 76 although any desired fluid may be utilized. </p><p id="p0048" num="0048"> As shown in Figures 8 and 9, plunger rod 70 is connected to plunger 68 and the diluent 76 is then forced into vial body 14 as shown in Figure 10. The medicant and diluent may then be mixed and the assembly inverted as shown in Figure 1 1. The mixture 80 is then aspirated back into syringe body 66. The mixture 80 is then ready for injection when a needle assembly is connected to luer connector 74. </p><p id="p0049" num="0049"> In the embodiment of Figures 17A to 17H, it will be noted that outer housing 24 is provided with a pair of apertures 86 in side wall 26. Also, in this embodiment, there are provided an extra pair of legs 87 each having buttons 88 formed on an exterior surface thereof. In this embodiment, when the moveable member 40 moves upwardly, buttons 88 engage in apertures 86. 
<!-- EPO <DP n="9"/>-->
 On the interior surface of wall 26, there are provided ribs 90 which have a groove 92 formed therein. Thus, when pressure is exerted on buttons 86 as vial 12 is being withdrawn, moveable member 40 will move downwardly until the top wall 42 engages with groove 92. This retains moveable member 40 in position for further use. </p><p id="p0050" num="0050"> In the embodiment of Figures 18 to 19D, it will be noted that top wall 42 is provided with protrusions 96 and locking latches 98. On the interior there are provided ribs 100 and angled side wall portions 102. The arrangement is such that upon upward movement of moveable member 94, protrusions 96 engage with angled side wall 102 to rotate moveable member 40. Upon withdrawal, locking latches 98 engage with rib 100 so as to prevent further use of the transfer member. 
</p></description><claims mxw-id="PCLM44999049" ref-ucid="WO-2012119225-A1" lang="EN" load-source="patent-office"><claim-statement><!-- EPO <DP n="10"/>-->WE CLAIM: </claim-statement><claim id="clm-0001" num="1"><claim-text> 1. A transfer device comprising: </claim-text><claim-text> a housing (24) having a top, a side wall (26), an open bottom, said open bottom permitting insertion of a vial (12) within said housing; </claim-text><claim-text> a piercing member (34) mounted within said housing (24), said piercing member (34) having a piercing tip (36) located at a bottom end thereof, said piercing member having an interior passageway formed therein; </claim-text><claim-text> a connector (30) located on an exterior side of said top; </claim-text><claim-text> a moveable member (40) mounted within said housing (24), said moveable member (40) being moveable from a first position wherein said moveable member (40) prevents access to said piercing tip (36) and a second position permitting access to said piercing tip when said vial is inserted in said housing. </claim-text></claim><claim id="clm-0002" num="2"><claim-text> 2. The transfer device of Claim 1 wherein said moveable member (40) and said housing (24) cause said moveable member (40) to rotate when said moveable member (40) moves upwardly upon insertion of said vial (12), said moveable member returning to a third locked position upon removal of said vial, said third locked position being such that a further vial cannot be inserted into said housing. </claim-text></claim><claim id="clm-0003" num="3"><claim-text> 3. The transfer device of Claim 1 wherein said moveable member includes at least one leg (46), said housing having a recess formed therein, said leg engaging said recess when said moveable member is in said second position, said moveable member being returnable to said first position upon removal of said vial by pressure on said leg to release said leg from said recess. </claim-text></claim><claim id="clm-0004" num="4"><claim-text> 4. The device of Claim 2 wherein said piercing member is selected from the group <!-- EPO <DP n="11"/>--> consisting of a needle or spike. </claim-text></claim><claim id="clm-0005" num="5"><claim-text> 5. The device of Claim 4 wherein said moveable member (40) has a centrally located aperture (44) to permit said piercing member (34) to pass therethrough. </claim-text></claim><claim id="clm-0006" num="6"><claim-text> 6. The device of Claim 2 wherein said connector (30) on the exterior side of said top comprises a luer connector. </claim-text></claim><claim id="clm-0007" num="7"><claim-text> 7. The device of Claim 3 wherein said moveable member (40) has two projections, each projection being located on a respective one of diametrically opposite legs. </claim-text></claim><claim id="clm-0008" num="8"><claim-text> 8. The device of Claim 7 wherein said housing (24) has a recess formed on an interior surface thereof to receive a disc portion of said moveable member (40) when said moveable member is in said first position. </claim-text></claim></claims><copyright>User acknowledges that Fairview Research LLC and its third party providers retain all right, title and interest in and to this xml under applicable copyright laws.  User acquires no ownership rights to this xml including but not limited to its format.  User hereby accepts the terms and conditions of the Licence Agreement</copyright></patent-document>
