<?xml version="1.0" encoding="UTF-8"?>
<patent-document ucid="EP-2958449-A1" country="EP" doc-number="2958449" kind="A1" date="20151230" family-id="48145619" file-reference-id="311201" date-produced="20180822" status="corrected" lang="EN"><bibliographic-data><publication-reference fvid="160453735" ucid="EP-2958449-A1"><document-id><country>EP</country><doc-number>2958449</doc-number><kind>A1</kind><date>20151230</date><lang>EN</lang></document-id></publication-reference><application-reference ucid="EP-14715665-A" is-representative="NO"><document-id mxw-id="PAPP193870438" load-source="docdb" format="epo"><country>EP</country><doc-number>14715665</doc-number><kind>A</kind><date>20140225</date><lang>IT</lang></document-id><document-id mxw-id="PAPP193870439" load-source="patent-office" format="original"><country>EP</country><doc-number>14715665.7</doc-number><date>20140225</date><lang>IT</lang></document-id></application-reference><priority-claims><priority-claim mxw-id="PPC162026919" ucid="IB-2014059244-W" linkage-type="W" load-source="docdb"><document-id format="epo"><country>IB</country><doc-number>2014059244</doc-number><kind>W</kind><date>20140225</date></document-id></priority-claim><priority-claim mxw-id="PPC162029321" ucid="IT-TV20130023-A" load-source="docdb"><document-id format="epo"><country>IT</country><doc-number>TV20130023</doc-number><kind>A</kind><date>20130225</date></document-id></priority-claim></priority-claims><technical-data><classifications-ipcr><classification-ipcr mxw-id="PCL-1988519926" load-source="docdb">A43B   9/12        20060101ALI20140911BHEP        </classification-ipcr><classification-ipcr mxw-id="PCL-1988520820" load-source="docdb">A43B   9/08        20060101ALI20140911BHEP        </classification-ipcr><classification-ipcr mxw-id="PCL-1988521288" load-source="docdb">A43B  17/10        20060101ALI20140911BHEP        </classification-ipcr><classification-ipcr mxw-id="PCL-1988521976" load-source="docdb">A43B   7/12        20060101AFI20140911BHEP        </classification-ipcr><classification-ipcr mxw-id="PCL-1988522723" load-source="docdb">A43B  13/38        20060101ALI20140911BHEP        </classification-ipcr><classification-ipcr mxw-id="PCL-1988523144" load-source="docdb">B29D  35/14        20100101ALI20140911BHEP        </classification-ipcr></classifications-ipcr><classifications-cpc><classification-cpc mxw-id="PCL-1984697495" load-source="docdb" scheme="CPC">A43B   7/125       20130101 FI20160106BHEP        </classification-cpc><classification-cpc mxw-id="PCL-1984699461" load-source="docdb" scheme="CPC">A43B   9/12        20130101 LI20160106BHEP        </classification-cpc><classification-cpc mxw-id="PCL-1984703113" load-source="docdb" scheme="CPC">A43B  13/38        20130101 LI20151231BHEP        </classification-cpc><classification-cpc mxw-id="PCL-1984703164" load-source="docdb" scheme="CPC">B29D  35/14        20130101 LI20151231BHEP        </classification-cpc><classification-cpc mxw-id="PCL-1987763693" load-source="docdb" scheme="CPC">A43B   9/08        20130101 LI20131029BHEP        </classification-cpc><classification-cpc mxw-id="PCL-1987765633" load-source="docdb" scheme="CPC">A43B  17/107       20130101 LI20131029BHEP        </classification-cpc><classification-cpc mxw-id="PCL-1987786530" load-source="docdb" scheme="CPC">A43B  13/386       20130101 LI20131029BHEP        </classification-cpc><classification-cpc mxw-id="PCL-1987801271" load-source="docdb" scheme="CPC">B29D  35/146       20130101 LI20131029BHEP        </classification-cpc></classifications-cpc><invention-title mxw-id="PT165552671" lang="DE" load-source="patent-office">WASSERDICHTER UND DAMPFDURCHLÄSSIGER SCHUH SOWIE HERSTELLUNGSVERFAHREN DAFÜR</invention-title><invention-title mxw-id="PT165552672" lang="EN" load-source="patent-office">WATERPROOF AND VAPOR-PERMEABLE SHOE AND MANUFACTURING METHOD THEREOF</invention-title><invention-title mxw-id="PT165552673" lang="FR" load-source="patent-office">CHAUSSURE IMPERMÉABLE À L'EAU ET PERMÉABLE À LA VAPEUR ET SON PROCÉDÉ DE FABRICATION</invention-title></technical-data><parties><applicants><applicant mxw-id="PPAR1103340167" load-source="docdb" sequence="1" format="epo"><addressbook><last-name>PIEROBON ROBERTO</last-name><address><country>IT</country></address></addressbook></applicant><applicant mxw-id="PPAR1103323209" load-source="docdb" sequence="1" format="intermediate"><addressbook><last-name>PIEROBON, Roberto</last-name></addressbook></applicant><applicant mxw-id="PPAR1101654148" load-source="patent-office" sequence="1" format="original"><addressbook><last-name>Pierobon, Roberto</last-name><iid>101477074</iid><address><street>Via Monte Civetta, 6</street><city>31044 Montebelluna</city><country>IT</country></address></addressbook></applicant></applicants><inventors><inventor mxw-id="PPAR1103313461" load-source="docdb" sequence="1" format="epo"><addressbook><last-name>PIEROBON ROBERTO</last-name><address><country>IT</country></address></addressbook></inventor><inventor mxw-id="PPAR1103343948" load-source="docdb" sequence="1" format="intermediate"><addressbook><last-name>PIEROBON, Roberto</last-name></addressbook></inventor><inventor mxw-id="PPAR1101649694" load-source="patent-office" sequence="1" format="original"><addressbook><last-name>PIEROBON, Roberto</last-name><address><street>Via Monte Civetta, 6</street><city>31044 Montebelluna</city><country>IT</country></address></addressbook></inventor></inventors><agents><agent mxw-id="PPAR1101644976" load-source="patent-office" sequence="1" format="original"><addressbook><last-name>Zamprogno, Bruno</last-name><suffix>et al</suffix><iid>101354280</iid><address><street>Studio Torta S.p.A. Via Viotti, 9</street><city>10121 Torino</city><country>IT</country></address></addressbook></agent></agents></parties><international-convention-data><pct-or-regional-filing-data ucid="IB-2014059244-W"><document-id><country>IB</country><doc-number>2014059244</doc-number><kind>W</kind><date>20140225</date><lang>EN</lang></document-id></pct-or-regional-filing-data><pct-or-regional-publishing-data ucid="WO-2014128684-A1"><document-id><country>WO</country><doc-number>2014128684</doc-number><kind>A1</kind><date>20140828</date><lang>EN</lang></document-id></pct-or-regional-publishing-data><designated-states><ep-contracting-states><country mxw-id="DS660724009" load-source="docdb">AL</country><country mxw-id="DS660642270" load-source="docdb">AT</country><country mxw-id="DS660757765" load-source="docdb">BE</country><country mxw-id="DS660733793" load-source="docdb">BG</country><country mxw-id="DS660722890" load-source="docdb">CH</country><country mxw-id="DS660757766" load-source="docdb">CY</country><country mxw-id="DS660640968" load-source="docdb">CZ</country><country mxw-id="DS660724015" load-source="docdb">DE</country><country mxw-id="DS660757787" load-source="docdb">DK</country><country mxw-id="DS660757788" load-source="docdb">EE</country><country mxw-id="DS660645681" load-source="docdb">ES</country><country mxw-id="DS660733794" load-source="docdb">FI</country><country mxw-id="DS660733799" load-source="docdb">FR</country><country mxw-id="DS660724016" load-source="docdb">GB</country><country mxw-id="DS660757789" load-source="docdb">GR</country><country mxw-id="DS660724017" load-source="docdb">HR</country><country mxw-id="DS660640969" load-source="docdb">HU</country><country mxw-id="DS660722895" load-source="docdb">IE</country><country mxw-id="DS660757790" load-source="docdb">IS</country><country mxw-id="DS660733800" load-source="docdb">IT</country><country mxw-id="DS660757851" load-source="docdb">LI</country><country mxw-id="DS660733801" load-source="docdb">LT</country><country mxw-id="DS660642279" load-source="docdb">LU</country><country mxw-id="DS660733802" load-source="docdb">LV</country><country mxw-id="DS660733807" load-source="docdb">MC</country><country mxw-id="DS660642280" load-source="docdb">MK</country><country mxw-id="DS660642281" load-source="docdb">MT</country><country mxw-id="DS660645682" load-source="docdb">NL</country><country mxw-id="DS660794743" load-source="docdb">NO</country><country mxw-id="DS660645687" load-source="docdb">PL</country><country mxw-id="DS660733808" load-source="docdb">PT</country><country mxw-id="DS660640970" load-source="docdb">RO</country><country mxw-id="DS660733809" load-source="docdb">RS</country><country mxw-id="DS660645688" load-source="docdb">SE</country><country mxw-id="DS660722896" load-source="docdb">SI</country><country mxw-id="DS660794744" load-source="docdb">SK</country><country mxw-id="DS660794745" load-source="docdb">SM</country><country mxw-id="DS660642282" load-source="docdb">TR</country></ep-contracting-states><ep-extended-states><ep-extended-state-data><country>BA</country></ep-extended-state-data><ep-extended-state-data><country>ME</country></ep-extended-state-data></ep-extended-states></designated-states></international-convention-data><office-specific-data><eptags><ep-no-a-document-published>*</ep-no-a-document-published></eptags></office-specific-data></bibliographic-data><abstract mxw-id="PA139078874" ref-ucid="WO-2014128684-A1" lang="EN" load-source="patent-office"><p num="0000">A method for manufacturing a waterproof and vapor- permeable shoe (1) (20) (30) (40) (50) comprising the steps of providing an upper (2) and a lining (3) comprising at least one functional layer (7) of vapor-permeable and waterproof material, providing an insole (5) comprising a functional support sheet (9) of vapor-permeable and waterproof material, coupling the peripheral edge of the functional layer (7) of the lining (3) to the peripheral edge of the functional sheet (9) of the insole (5) by way of a sealing waterproof adhesive (8) so as to shape a sock of vapor-permeable and waterproof material, couple the upper (2) to the outer surface of the lining (3) by way of a vapor-permeable adhesive; and couple a sole (4) to the upper (2) and/or to the lining (3) and/or to the insole (5).</p></abstract><abstract mxw-id="PA139545429" ref-ucid="WO-2014128684-A1" lang="EN" source="national office" load-source="docdb"><p>A method for manufacturing a waterproof and vapor- permeable shoe (1) (20) (30) (40) (50) comprising the steps of providing an upper (2) and a lining (3) comprising at least one functional layer (7) of vapor-permeable and waterproof material, providing an insole (5) comprising a functional support sheet (9) of vapor-permeable and waterproof material, coupling the peripheral edge of the functional layer (7) of the lining (3) to the peripheral edge of the functional sheet (9) of the insole (5) by way of a sealing waterproof adhesive (8) so as to shape a sock of vapor-permeable and waterproof material, couple the upper (2) to the outer surface of the lining (3) by way of a vapor-permeable adhesive; and couple a sole (4) to the upper (2) and/or to the lining (3) and/or to the insole (5).</p></abstract><abstract mxw-id="PA139078875" ref-ucid="WO-2014128684-A1" lang="FR" load-source="patent-office"><p num="0000">L'invention concerne un procédé de fabrication d'une chaussure (1, 20, 30, 40, 50) imperméable à l'eau et perméable à la vapeur. Ce procédé comprend les étapes consistant à fournir une tige (2) et une garniture (3) comprenant au moins une couche fonctionnelle (7) de matériau perméable à la vapeur et imperméable à l'eau, à fournir une semelle intérieure (5) comprenant une feuille de support fonctionnelle (9) en matériau perméable à la vapeur et imperméable à l'eau, à accoupler le bord périphérique de la couche fonctionnelle (7) de la garniture (3) au bord périphérique de la feuille fonctionnelle (9) de la semelle intérieure (5) au moyen d'un adhésif d'étanchéité (8) imperméable à l'eau, de manière à former une semelle de propreté en matériau perméable à la vapeur et imperméable à l'eau, à accoupler la tige (2) à la surface extérieure de la garniture (3) au moyen d'un adhésif perméable à la vapeur, et à accoupler une semelle (4) à la tige (2) et/ou à la garniture (3) et/ou à la semelle intérieure (5).</p></abstract><abstract mxw-id="PA139545430" ref-ucid="WO-2014128684-A1" lang="FR" source="national office" load-source="docdb"><p>L'invention concerne un procédé de fabrication d'une chaussure (1, 20, 30, 40, 50) imperméable à l'eau et perméable à la vapeur. Ce procédé comprend les étapes consistant à fournir une tige (2) et une garniture (3) comprenant au moins une couche fonctionnelle (7) de matériau perméable à la vapeur et imperméable à l'eau, à fournir une semelle intérieure (5) comprenant une feuille de support fonctionnelle (9) en matériau perméable à la vapeur et imperméable à l'eau, à accoupler le bord périphérique de la couche fonctionnelle (7) de la garniture (3) au bord périphérique de la feuille fonctionnelle (9) de la semelle intérieure (5) au moyen d'un adhésif d'étanchéité (8) imperméable à l'eau, de manière à former une semelle de propreté en matériau perméable à la vapeur et imperméable à l'eau, à accoupler la tige (2) à la surface extérieure de la garniture (3) au moyen d'un adhésif perméable à la vapeur, et à accoupler une semelle (4) à la tige (2) et/ou à la garniture (3) et/ou à la semelle intérieure (5).</p></abstract><description mxw-id="PDES78477736" ref-ucid="WO-2014128684-A1" lang="EN" load-source="patent-office"><!-- EPO <DP n="2"/>--><p id="p0001" num="0001">WATERPROOF AND VAPOR-PERMEABLE SHOE AND MANUFACTURING METHOD THEREOF </p><p id="p0002" num="0002">TECHNICAL FIELD </p><p id="p0003" num="0003"> The present invention relates to a waterproof and vapor-permeable shoe and to the related manufacturing method. </p><p id="p0004" num="0004"> BACKGROUND ART </p><p id="p0005" num="0005"> Several methods are known for manufacturing waterproof and vapo -permeable shoes, in which the shoe essentially comprises an upper, a multilayer lining which is arranged inside the upper and is provided with a vapo -permeable and waterproof membrane which, in use, is interposed between the foot and the upper, and a sole glued to the upper. In particular, the vapor-permeable and waterproof membrane called Gore-tex" is known, consisting of an extremely thin film of Teflon <sup>φ</sup> E-PTFE (polytetrafluoroethylene) coupled to supporting/protective layers . </p><p id="p0006" num="0006"> One of the aforesaid methods is described in international Patent Application WO2008/119683 and essentially involves preparing an open, shaped upper, i.e. so as to be able to be arranged and developed on one plane, arranging a punctiform adhesive between the upper and the membrane, arranging a waterproof and vapor-permeable membrane on the inner part of the upper, 
<!-- EPO <DP n="3"/>-->
preparing shapes having two flat and parallel lateral sides associated with the model of the shoe to be anufactured, securing the membrane to the upper previously arranged about the shape with the outer surface in contact therewith, folding back the assembly comprising membrane and upper and couple it to an insole, and finally coupling the sole to the insole and to the upper. </p><p id="p0007" num="0007"> Although the abov -described method on the one hand has decreased the operating complexity of the preceding manufacturing methods, thus reducing costs and times and guaranteeing at the same time both satisfactory waterproof ess and vapor-permeableness of the shoe and the elimination of the formation of water stagnation between upper and membrane, on the other hand it does not completely meet the current need to further simplify the procedure for manufacturing the shoe so as to contain/reduce the manufacturing prices thereof . </p><p id="p0008" num="0008"> Indeed, there is a need to manufacture a vapor- permeable and waterproof shoe which in particular prevents water from penetrating and stagnating between upper and membrane, without shaking the current "traditional" lines/procedures for manufacturing shoes, that is, without requiring the use of additional machines and/or components with respect to those already generally used/present in traditional shoe manuf cturing 
<!-- EPO <DP n="4"/>-->
companies . </p><p id="p0009" num="0009"> In particular, the abov -described method involves using specific flat shapes for each shoe model to be manufactured and modifying/replacing the same on the basis of the shoe models. Obviously this requirement/restriction does not satisfy the above- mentioned need because it affects the complexity and therefore manufacturing times of the waterproof and vapor-permeable shoe in a considerable manner, thus leading to an increase in costs. </p><p id="p0010" num="0010"> Patent Application EP 2 238 859 Al describes a method for manufacturing a waterproof and vapor- permeable shoe in which it is envisaged to-, secure a first gasket of vapo -permeable material having a holed vapor-permeable portion to a vapor-permeable assembly insole, connect the assembly margins of an assembly provided with an upper and a lining, provided with a waterproof and vapo -permeable membrane, to the first gasket according to the construction known as AGO lasting such as to obtain the assembly of the shoe, assemble a second gasket straddling the assembly margins of the first gasket so as to seal them and finally, assemble the sole to the assembly so as to ensure that the material of the sole adheres to the second gasket. The method described in Patent Application EP 2 238 859 Al has the drawback of requiring the application of two 
<!-- EPO <DP n="5"/>-->
gaskets with obvious consequences in terms of increased manuf cturing times and costs of the shoe. The use of the second gasket is indeed essential because folds which are not completely sealed by the first gasket are formed on the upper during the assembly step, at the toe and/or heel. To this end, Patent EP 2 23S 859 teaches to arrange a second gasket straddling the assembly margins of the first gasket so as to prevent the infiltration of water through the folds in the upper. </p><p id="p0011" num="0011"> Patent Application WO2008/116772 describes a method for manufacturing a waterproof and vapor-permeable shoe in which it is envisaged to sew the border of the upper to a sealing band and to couple th ribbon-shaped sealing band and the edge of a functional element of the upper to a peripheral margin of the insole. The employment of the sealing band is complex, inconvenient, lengthens manuf cturing times and increases costs for executing the method. </p><p id="p0012" num="0012"> The Applicant has carried out in-depth research to identify a solution that specifically allows achieving the aim of providing a method for manuf cturing a vapor- permeable and waterproof shoe, that is simple and affordable. </p><p id="p0013" num="0013"> DISCLOSURE OF INVENTION </p><p id="p0014" num="0014"> The object of the present invention is therefore to provide a solution which allows the above objectives to 
<!-- EPO <DP n="6"/>-->
be reached. </p><p id="p0015" num="0015"> This object is reached by the present invention because it relates to a method for manufacturing a waterproof and vapo -permeable shoe and to a shoe as defined in the appended claims. </p><p id="p0016" num="0016"> BRIEF DESCRIPTION OF THE DRAWINGS </p><p id="p0017" num="0017"> The present invention will now be described with reference to the accompanying drawings, which illustrate a non-limiting embodiment thereof, in which: </p><p id="p0018" num="0018"> - figures l and 2 schematically show a cross section and a longitudinal section, respectively, with parts removed for clarity, of a first embodiment of the shoe obtained by way of the method according to the present invention; </p><p id="p0019" num="0019"> - figures 3-8 are just as many schematic views of the operating steps of the method for manufacturing the shoe shown in figures 1 and 2; while </p><p id="p0020" num="0020"> figures 9-12 schematically show the cross sections of just as many embodiment variants of the shoe shown in figures l and 2. </p><p id="p0021" num="0021"> BEST MODE FOR CARRYING OUT THE IMVEWTION </p><p id="p0022" num="0022"> The present invention will now be described in detail with reference to the accompanying figures to allow a skilled person to make and use it. Various modif cations to the embodiments described will be immediately apparent to skilled persons and the generic 
<!-- EPO <DP n="7"/>-->
principles described may be applied to other embodiments and applications without departing from the scope of protection of the present invention, as defined in the appended claims. Therefore, the present invention is not be considered limited to the embodiments described and illustrated, rather is to be given the broadest scope of protection conforming with the principles and characteristics herein described and claimed. </p><p id="p0023" num="0023"> With reference to figures 1 and 2 , numeral 1 indicates a first embodiment of a waterproof and vapor- permeable shoe as a whole, manufactured by way of the method provided according to the present invention described in detail below. </p><p id="p0024" num="0024"> Shoe 1 comprises an outer upper 2 shaped so as to surround, in use, the foot (not shown) , a multilayer lining 3 coupled to the inner surface of upper 2, a sole 4 coupled inferiorly to upper 2, and an insole 5 placed inside shoe 1 resting on sole 4. </p><p id="p0025" num="0025"> Lining 3 comprises a covering layer 6 of vapor- permeable material, for example fabric designed, in use, to be arranged in contact with the foot inside shoe l, and a functional layer 7 of vapor-permeable and waterproof material, which is arranged between upper 2 and the covering layer 6 and is shaped so as to surround/wrap around the foot arranged in shoe 1. </p><p id="p0026" num="0026"> The covering layer 6 is shaped so as to have the 
<!-- EPO <DP n="8"/>-->
lower peripheral edge thereof substantially in contact with/against the peripheral edge of insole 5, while the functional layer 7 has a lower peripheral flap 7a, which protrudes from/extends beyond the peripheral edge of the covering layer s and is coupled stably to a functional support sheet 9 preferably of insole 5 made of vapor- permeable and waterproof material, so as to conveniently form, with the latter, inside shoe l, a sock or vapor- permeable and waterproof bag, which in use surrounds the foot on all sides. </p><p id="p0027" num="0027"> With regards to upper 2, it has a lower peripheral flap 2a which protrudes from/extends beyond the covering layer 6 and is fixed stably on the outer surface of the lower peripheral flap 7a opposite to the functional support sheet 9. </p><p id="p0028" num="0028"> In the embodiment shown in figures 1 and 2, the lower peripheral flap 7a of the functional layer 7 is folded back internally (i.e. towards the middle part of the shoe) together with flap 2a of upper 2, so as to be arranged beneath the functional support sheet 9 and is attached to the latter, by way of an adhesive material 8, so as to form a peripheral waterproof seal 10. The adhesive material 8 preferably covers the upper surface of flap 7a facing sheet 9 and may preferably comprise a hydrolysis-resistant sealing adhesive, such as for example a polyurethane -based adhesive with activators 
<!-- EPO <DP n="9"/>-->
which prevent the dissolution thereof once reticulated, or an/a artif cial/natural latex-based or rubber-based adhesive, or any other similar waterproof sealing adhesive. </p><p id="p0029" num="0029"> According to a preferred embodiment, the functional layer 7 and/or the functional support sheet 9 may be formed by one or more waterproof and vapo -permeable material films coupled reciprocally, and may be sized so as to each have a predetermined thickness which varies on the basis of the type of shoe to be manufactured. In detail, the thickness of the functional layer 7 and/or of the functional support sheet 9 may be conveniently between about 20 microns and about 800 microns. </p><p id="p0030" num="0030"> According to a preferred embodiment, the functional layer 7 and/or the functional support sheet 9 may each comprise one or more Teflon <sup>φ</sup> E-PTFE films coupled to one or more films and/or protective layers of porous polyu ethane and/or to one or more films and/or protective layers of polyester such as to form a multilayer structure. </p><p id="p0031" num="0031"> According to a possible embodiment, the functional layer 7 and/or the functional support sheet 9 comprise a single layer of extruded E - PTFE of the thickness desired and made to be vapor-permeable with a specific known unplaiting operation. </p><p id="p0032" num="0032"> It is understood that the functional layer 7 and/or 
<!-- EPO <DP n="10"/>-->
the functional support sheet 9 could comprise any film/layer of waterproof and vapor-permeable material of known type. </p><p id="p0033" num="0033"> According to a preferred embodiment, the functional support sheet 9 is integrated within/comprised in insole 5, Conveniently, the functional support sheet 9 may correspond to a lower layer of insole 5 provided in turn with at least one upper vapor-permeable layer, for example a perforated layer. Nevertheless, it is understood that according to a different embodiment, the functional support sheet 9 may comprise an independent layer separable from the body of insole 5, and be positioned beneath it. </p><p id="p0034" num="0034"> With reference to figures l and 2, the free bottom surface of the functional support sheet 9 and the bottom surfaces of flaps 2a and 7a folded back internally are covered by a filler layer 11, which is shaped and dimensioned so as to fill the middle layer between the flaps 2a and 7a so as to conveniently form a flat layer to couple with the underlying sole 4. The filler layer 11 may comprise a vapor-permeable material, such as for example felt or any similar material, </p><p id="p0035" num="0035"> with regards to sole 4 , it has a vapor-permeable structure. In the embodiment illustrated, sole 4 is made of waterproof material, is perforated and the outer peripheral edge thereof is coupled locally to upper 2 at 
<!-- EPO <DP n="11"/>-->
the folded flap 2a thereof, by way of the adhesive material 8. </p><p id="p0036" num="0036"> Preferably, but not necessarily, shoe 1 further comprises a protective insert 12 of vapo -permeable material, which is interposed between the upper perforated surface of sole 4 and the filler layer 11 and is structured to prevent contact between the functional layer 7 and any foreign bodies, for example small pebbles crossing through the holes of sole 4. The protective insert 12 may be made by way of a material having a reticular, or mesh, or porous structure, such as for example sintered or open cell expanded rubber. with reference to figures 3-8, the method is described below for manufacturing the shoe shown in figures 1, 2, assuming that the manufacturing technique used is based on the so-called "AGO" lasting or ^Cemented" technique, and that the functional layer 7 of vapor-permeable and waterproof material is integrated within insole 5. </p><p id="p0037" num="0037"> With reference to figure 3, the method comprises the step of providing a three-dimensional semi-finished piece or assembly 15 comprising the preassembled lining 3, that is closed laterally and open superiorly and inferiorly, and connected at the upper peripheral edge (which in use, surrounds the instep of the foot) to the preassembled upper 2, which is in turn folded 
<!-- EPO <DP n="12"/>-->
 11 IB2014/059244 </p><p id="p0038" num="0038">back/overturned so as to be extracted from lining 3 and the inner surface thereof is folded back outwards . Preferably, the preassembled lining 3 may comprise at least a portion of multilayer lining folded back and connected (for example sewn or glued) at the matching/overlapping ends (preferably at the toe and/or the heel) . Preferably, strips/bands 16 (figures 1 and 3) may be applied above each junction/seam end of the portion of lining 3, by way of the adhesive material 8, so as to locally waterproof the holes formed in lining 3 when the ends are sewn. </p><p id="p0039" num="0039"> The method further comprises the steps of : providing a three-dimensional shape 18 (last) , which traces the converse shape of a foot, temporarily keeping insole 5 with the upper surface (opposite to<sup>'</sup> the functional sheet 9) adherent to plant 18a of shape 18 (figure 4) for example by way of two dots of glue, fitting lining 3 of assembly 15 on shape 18 to ensure that flap 7a protrudes overhangingly (downwards in the example shown in figure 4) past the peripheral edge of insole 5, bending/folding flap 7a towards the bottom surface of the functional sheet 9 along the peripheral edge of the latter, and coupling it thereto by means of gluing (figure 5) . </p><p id="p0040" num="0040"> In particular, flap 7a is folded internally to be arranged against the bottom surface of the functional 
<!-- EPO <DP n="13"/>-->
sheet 9 and is glued thereto by means of the adhesive material S described above. </p><p id="p0041" num="0041"> The adhesive material 8 may be distributed/spread over the entire upper surface of flap 7a and/or on the bottom contact surface of the functional sheet 9 so as to form, when flap 7a is arranged resting and glued on the functional sheet 9, the waterproof seal 10 which waterproofs the sock at the junction line between the functional layer 7 and the functional sheet 9. Flap 7a may be glued to the functional sheet 9 preferably by way of hot pressing (not shown) executed locally at the peripheral edge of insole 5. According to a different embodiment, it is understood that flap 7a could be secured to the functional sheet 9 by means of a soldering and/or melting operation (with high frequency techniques) or any similar securing system. </p><p id="p0042" num="0042"> The method further comprises the step of folding back/ove turning upper 2 so as to fit it above lining 3 previously assembled on shape 18, to ensure the inner surface thereof adheres to the outer surface of lining 3, and simultaneously folding flap 2a of upper 2 internally so as to arrange it substantially above the outer surface of the underlying flap 7a folded back (figures 5 and 6) . </p><p id="p0043" num="0043"> Preferably, before folding flap 2a of upper 2, the method may involve the step of thinning flap 2a along 
<!-- EPO <DP n="14"/>-->
the outer perimeter thereof to obtain a predetermined minimum thickness such as to prevent the formation of pleats or folds in flap 2a when it is applied above flap 7a. Preferably, flap 2a is thinned so as to progressively reduce the thickness thereof towards the outer edge. </p><p id="p0044" num="0044"> The Applicant has found that a significant reduction is obtained in the formation of pleats or folds by suitably thinning flap 2a of upper 2 and using a flap 7a with a greater thickness than the thickness of flap 2a. In particular, flap 2a is thinned so that the thickness thereof towards the outer perimeter thereof is approximately 0.1 millimeters. Preferably, the thinning is gradual thus leaving the complete thickness along the perimeter of the shape and gradually reducing the thickness as the outer edge of flap 2a is reached. </p><p id="p0045" num="0045"> Flap 2a of upper 2 may further be alternatively or additionally scalloped, that is having V notching at the portions associable with the toe and heel of shoe 1 so as to reduce the formation of folds and/or pleats and further promote the operation of gluing flap 2a to flap 7a. </p><p id="p0046" num="0046"> The method further involves gluing flap 2a to flap 7a, for example, by way of the adhesive material 8, and of gluing the outer surface of the functional layer 7 to the inner surface of upper 10 by means of an adhesive 
<!-- EPO <DP n="15"/>-->
13, preferably applied discontinuousl , for example by way of dotted distribution, so as to ensure transpiration by way of the functional layer 7 and upper 2. Adhesive 13 may be applied on at least one of the contact surfaces of upper 2 and of the functional layer 7 and may preferably, but not necessarily, comprise a heat-reactive polyurethane adhesive. </p><p id="p0047" num="0047"> The superficial punctiform (dots of adhesive/glue) distribution of adhesive 13 may be conveniently performed on the contact faces of upper 2 and/or of lining 3 so as to ensure reciprocal securing and lining/upper vapor-permeableness . Obviously, the dotted distribution of the vapor-permeable adhesive 13 may be conveniently avoided/eliminated if at least one of the contract surfaces between lining 3 and upper 2 is coated with a reticular thermo-adhesive film (figures 5 and 6) . </p><p id="p0048" num="0048"> The method further comprises the step of exerting pressure on the entire outer surface of upper 2 so as to compress it onto, make it adhere to the underlying lining 3, and the step of exerting superficial pressure on flap 2a of upper 2 so as to cause it to adhere to the underlying flap 7a of the functional layer 7 (figure 7) . These two pressing operations could be executed conveniently in a single operating step by way of a press structured to exert superficial pressure simultaneously on all sides of shape 18. Preferably, 
<!-- EPO <DP n="16"/>-->
three-dimensional superficial pressure may be carried out, for example, by way of a "press machine for soles opanka type" (macchina pressatrice a lavatrice) , generally used in shoe manufacturing lines, which is structured to compress both the entire outer face of upper 2 and the functional sheet 9 of insole 5. Thereby, it is possible to ensure, complete and strengthen: fixing the functional layer 7 to sheet 9, fitting the inner surface of upper 2 to the outer surface of the functional layer 7 of lining 3, and attaching flap 2a to flap 7a thus conveniently obtaining perfect adherence therebetween (figure 7) . The Applicant has found that it is possible to execute complex attaching of the type described above, by way of the pressing operation generally used in production methods/plants known for fixing the sole, thereby obtaining an economic advantage . </p><p id="p0049" num="0049"> The Applicant has found that the execution of hot pressing on flap 7 and of successive pressure exerted directly on insole 5 (figure 7) allows flap 7a to be effectively sealed to the functional layer 7 of the functional sheet 9. Indeed, on one hand the hot pressure exerted on flap 7a allows the adhesive material (which reticulates) to be effectively reactivated and on the other, the pressure exerted directly on insole 5 allows any folds and pleats on previously thinned flap 2a of 
<!-- EPO <DP n="17"/>-->
<sup>■</sup>upper 2 to be smoothed/flattened/eliminated so as to cause the surfaces to adhere perfectly and thus create a single seal. The Applicant has also found that by exerting indirect pressure on insole 5, for example by means of interposing the sole during the assembly thereof, folds and pleats disadvantageously remain in flap 7a or 2a which then determine the infiltration of water into the shoe, and hence, as demonstrated by the state of the art, require a second seal/gasket. </p><p id="p0050" num="0050"> It is understood that a second different embodiment of the pressing described above could be exerted in two separate steps, one of which, for example the first, involves exerting superficial pressure on flap 2a of upper 2 so as to cause the upper surface of flap 7a to adhere to the bottom contact surface of the functional sheet 9. A second step may instead involve pressing the entire outer surface of upper 2 so as to compress it onto, and make it adhere to the underlying lining 3. </p><p id="p0051" num="0051"> According to a possible embodiment, the adhesive used to couple lining 3 to upper 2 may be a dotted thermo-adhesive glue, and the three-dimensional pressing described above may be conveniently hot"-made so as to ensure that the adhesive dots of the adhesive melt so as to couple upper 2 to the f nctional layer 7. </p><p id="p0052" num="0052"> The method further comprises the steps of covering the free bottom surface of the functional sheet 9 and 
<!-- EPO <DP n="18"/>-->
flap 2a by means of the filler layer 11, and of coupling sole 4 to flap 2a by interposing preferably, but not necessarily, the protective insert 12 between the upper middle perforated surface of sole 4 and the filler layer 11. In particular, in this step it is possible to couple the peripheral edge of sole 4 to flap 2a of upper 2 by way of the adhesive material 8. </p><p id="p0053" num="0053"> The method described above is extremely advantageous because it involves executing simple, fast operations by way of devices/components/machines used generally in traditional companies for manufacturing shoes and therefore allows costs to be reduced for manufacturing vapor-permeable and waterproof shoes. </p><p id="p0054" num="0054"> In particular, due to the pressure exerted directly on the insole against the plant of the three-dimensional shape, any pleats and/or folds on the edge of the upper are smoothed, in particular on the toe and on the heel, thereby guaranteeing the efficacy of the single seal and hence eliminating the need to use a second additional seal arranged above the first seal, as instead in the teaching of the state of the art. In this case, pressure in known solutions is not exerted on the insole but on the sole and is therefore ineffective for smoothing the folds in the upper. The embodiment illustrated in figure 9 relates to a shoe 20, which is similar to shoe 1, and the forming parts of which will be marked, when 
<!-- EPO <DP n="19"/>-->
possible, with the same numbers marking corresponding parts of shoe l. Shoe 20 differs from shoe 1 because flap 2a of upper 2 is made by means of a waterproof material, and is shaped so as to extend both beyond the covering layer 6 and flap 7a of the functional layer 7, so that, once folded back internally, it may be arranged in contact with/resting on the functional sheet 9 . In particular, the outer surface of flap 7a of the functional layer 7 is glued onto the inner surface of f a 2a of upper 2 so as to be covered completely thereby. Flap 2a further extends internally past the end of flap 7a, so that an end portion thereof is secured to the bottom surface of the functional sheet 9 so as to form the waterproof seal 10. </p><p id="p0055" num="0055"> The method for manufacturing shoe 20 differs from the method for manufaccuring shoe 1 because it allows: that the functional layer 7 be conveniently preassembled to upper 2 so as to have its flap 7a secured/glued to the inner surface of flap 2a, that the preassembled upper- lining then be fitted in shape 18, that the waterproof flap 2a be folded and glued as described above, directly on the bottom surface of the functional sheet 9. Thereby, the method is simplified because the step of folding and gluing flap 7a is eliminated. Indeed, a single operation of closing upper 2 is sufficient to also make the waterproof seal 10 between 
<!-- EPO <DP n="20"/>-->
flap 2a and the functional layer 9 of insole 5. Furthermore, the waterproofness is guaranteed of shoes provided with uppers with a structure with many seams. The presence of waterproof flap 2a secured above flap 7a and to the functional sheet 9 creates the waterproof seal 10 which prevents the water which could pass through the seams, from penetrating inside shoe l. The waterproof flap 2a further conveniently prevents the water entering through the holes of sole 4 to impregnate upper 2 by absorption if the remaining material thereof is not waterproof . </p><p id="p0056" num="0056"> The embodiment illustrated in figure 10 relates to a shoe 30, which is similar to shoe 1, and the forming parts of which will be marked, when possible, with the same numbers marking corresponding parts of shoe 1 , </p><p id="p0057" num="0057"> In particular, shoe 30 differs from shoe 1 because the flap end of the functional layer 7 is substantially aligned against the lower edge of the covering layer 6, that is does not extend beyond it, and is arranged in contact with, against, the outer peripheral edge of sheet 9 of insole 5 to which it is coupled by way of one or more seams 32, for example according to the so-called "Strobel" technique. </p><p id="p0058" num="0058"> Shoe 30 further differs from shoe l because it comprises at least one tape or strip 31 of waterproof material glued above the stitching line 32 between the 
<!-- EPO <DP n="21"/>-->
functional layer 7 and sheet 9 by way of the adhesive material 8 so as to form the waterproof seal 10. With regards to flap 2a of upper 2, it is folded back so as to completely cover strip 31. The terminal part of flap 7 is glued to the bottom surface of the functional sheet 9 by way of the adhesive material 8. </p><p id="p0059" num="0059"> The method for manufacturing shoe 30 differs from the method for manufacturing shoe 1 because in the initial step, it does not involve arranging insole 5 on plant 18a of shape 18 and of fitting assembly 15 on shape 18, but involves arranging an assembly 15 which in addition to lining 3 and the outer upper 2 (coupled reciprocally as shown in figure 3) , also comprises the edge of insole 5 coupled to the peripheral edge of the functional layer 7 by way of a seam 32. The method further comprises gluing strip 31 to straddle the junction line/seam 32 between the functional layer 7 and the functional sheet 9 by way of the adhesive material 8 so as to form the peripheral waterproof seal 10, and of hot pressing strip 31 so as to complete the securing thereof. In particular, the waterproofing strip 31 is applied on assembly 15, before inserting the latter into shape 18, by way of a specific hot taping machine, which by heating the adhesive already provided on the inner side of strip 31 and simultaneously pressing strip 31 straddling junction/seam 32, automatically seals it. 
<!-- EPO <DP n="22"/>-->
 The method for manuf cturing shoe 30 further differs from the method for manufacturing shoe 1 because once assembly 15 is prepared, in allows inserting the latter into shape 18, folding back internally the protruding flap 2a of upper 2 above strip 31 and gluing it, by way of the adhesive material 8, to strip 31 and to the bottom surface of the functional sheet 9. It is worth noting that such gluing could conveniently not be waterproofing, because strip 31 in itself waterproofs the contact/junction points between layer 7 and the functional sheet 9. </p><p id="p0060" num="0060"> The remaining steps of the method for manufacturing shoe 30 correspond substantially to the operations of the method for manufacturing shoe 1 indicated above and accordingly will not be described. </p><p id="p0061" num="0061"> This method is particularly advantageous because it simplifies the steps involved successively after the engagement in the shape of the assembly provided with waterproof sock already formed. </p><p id="p0062" num="0062"> The embodiment illustrated in figure 11 relates to a shoe 40, which is similar to shoe 30, and the forming parts of which will be marked, when possible, with the same numbers marking corresponding parts of shoe 30. In particular, shoe 40 differs from shoe 30 because it does not have strip 31, while flap 2a of upper 2 is made of waterproof material and is shaped so as to extend 
<!-- EPO <DP n="23"/>-->
straddling the junction line/seam 32 between the functional sheet 9 and the functional layer 7. </p><p id="p0063" num="0063"> The method for manufacturing shoe 40 further differs from the method for manufacturing shoe 30 because once assembly 15 is provided, the latter is fitted into shape 18, and the following is envisaged: gluing the waterproof flap 2a straddling the junction line of the functional layer 7 and of the functional sheet 9 by way o the adhesive material 8 so as to form the peripheral waterproof seal 10, hot pressing flap 2a so as to complete the securing thereof and ensure the waterproofing of the junction line so as to obtain the waterproof and vapor-permeable sock. </p><p id="p0064" num="0064"> The successive steps of the method for manuf cturing shoe 40 are the same as those for the method for manuf cturing shoe 30 and accordingly will not be described. This embodiment is particularly advantageous because seal 10, obtained by way of the adhesion of flap 2a and the functional layer 9, makes the shoe completely waterproof, also against the infiltration of water which could penetrate through the holes of sole . The water present in the treading surface indeed may not impregnate and travel back up the flaps of upper 2 as they are made of waterproof material. 
<!-- EPO <DP n="24"/>-->
 The embodiment illustrated in figure 12 relates to a shoe 50, which is similar to shoe 1, and the forming parts of which will be marked, when possible, with the same numbers marking corresponding parts of shoe 1, In particular, shoe 50 differs from shoe 1 because upper 2 has a vapor-permeable mesh/net structure or any similar material completely impregnable by the adhesive and/or the plastic material in the liquid or sem -liquid state injected into the sole during the injection process. </p><p id="p0065" num="0065"> The method for manufacturing sho 50 differs from the method for manuf cturing shoe 1 because sole 4 of waterproof and vapor-permeable material is over- inj cted onto upper 2 and onto the functional sheet 9 , or onto the layers beneath sole 4, so as to cover the functional sheet 9 and flap 2a of upper 2. In particular, sole 4 is over- njected so that the outer peripheral edge thereof surrounds and completely covers the flap 2a folded back of upper 2 thus creating the waterproof seal 10 between the sole and the functional layer 7. Alternatively, the areas of upper 2 on which the pre-molded sole 4 is applied may be impregnated with a layer of waterproof glue. The remaining steps of the method for manufacturing shoe 50 are the same as those for the method for manufacturing shoe 1 and accordingly will not be described. 
<!-- EPO <DP n="25"/>-->
 This embodiment is particularly advantageous because it allows a waterproof and vapor-permeable shoe to be obtained by way of the simple application of sole 4 or with the over-molding thereof. Indeed, the assembly operation (closure of the upper-lining-insole bag) determines the complete waterproof ng of the shoe due to the successive seal obtained automatically with the application of sole 4 which also seals flap 2a of upper 2. </p><p id="p0066" num="0066"> Lastly, it is clear that modif cations and variants may be made to the above-described and illustrated shoe and method without departing from the scope of the present invention defined by the appended claims. 
</p></description><claims mxw-id="PCLM70078017" ref-ucid="WO-2014128684-A1" lang="EN" load-source="patent-office"><claim-statement><!-- EPO <DP n="26"/>-->C L A I S </claim-statement><claim id="clm-0001" num="1"><claim-text> 1. A method for manufacturing a waterproof and vapor-permeable shoe (1) (20) (30) (40) (50) , characterized by comprising the steps of: <sup>'</sup> . </claim-text><claim-text>a) providing an upper (2) comprising a lower peripheral flap (2a) ; </claim-text><claim-text>b) providing a lining (3) comprising a covering layer (6) of vapor-permeable material, and at least one functional layer (7) of vapor-permeable and waterproof material provided with a lower peripheral flap (7a) protruding from the peripheral edge of said covering layer (6) ; </claim-text><claim-text>c) providing an insole (5) comprising a functional support sheet (9) of waterproof and vapor-permeable material; </claim-text><claim-text>d) providing a three-dimensional shape (18) which traces the shape of a foot having dimensions corresponding to the shoe to be manufactured; </claim-text><claim-text>e) coupling the insole (5) to said shape (18) so as to ensure that the upper surface of said insole (5) remains temporarily adhering to the plant (18a) of said shape (18) ; f) fitting said lining (3) into said shape (18) and folding back the lower peripheral flap (7a) protruding from said functional layer (7) so as to glue it to the bottom surface of the peripheral edge of said functional support sheet (9) by way of an adhesive material; 
<!-- EPO <DP n="27"/>-->
g) fitting said upper (2) into said shape (18) above said lining (3) and folding back the lower peripheral flap (2a) of the upper (2) so as to glue it by way of said adhesive material (8) to the outer surface of the lower folded back peripheral flap (7a) of the functional layer (7) ; </claim-text><claim-text>h) exerting pressure on the insole (5) against the plant (18a) of said shape (18) to locally compress the peripheral flap (2a) of the upper (2) , the peripheral protruding flap (7a) of the functional layer (7) and the peripheral edge of said functional sheet (9) against each other, so as to form a waterproof seal (10) . </claim-text></claim><claim id="clm-0002" num="2"><claim-text> 2. The method according to claim 1, wherein said step a) comprises the step of reducing the thickness of said lower peripheral flap (2a) of the upper (2) designed to overlap said peripheral protruding flap (7a) of the functional layer (7), so as to locally thin it. </claim-text></claim><claim id="clm-0003" num="3"><claim-text> 3. The method according to claim 1 or 2, wherein said adhesive material comprises a hydrolysis-resistant glue, and wherein, involved successive to step f) is the step of executing hot pressing at the peripheral edge of the insole (5) so as to activate said adhesive material (8) to ensure that the flap (7a) is glued onto the peripheral edge of the functional sheet (9) . </claim-text></claim><claim id="clm-0004" num="4"><claim-text> 4. The method according to any one of the preceding claims, comprising the step of applying said adhesive material on the contact faces of the upper (2) and of said 
<!-- EPO <DP n="28"/>-->
lining (3) and exerting pressure on the entire outer surface of the upper (2) against the shape (18) so as to compress it onto, and make it adhere to the underlying lining (3) . </claim-text></claim><claim id="clm-0005" num="5"><claim-text> 5. The method according to any one of the preceding claims, comprising the step of compressing the upper (2) and simultaneously said insole (5) against the underlying shape (18) . </claim-text></claim><claim id="clm-0006" num="6"><claim-text> 6. The method according to any one of the preceding claims, comprising the step of exerting pressure simultaneously on all sides of said shape (18) by way of a press machine opanka type. </claim-text></claim><claim id="clm-0007" num="7"><claim-text> 7. The method according to any one of the preceding claims, wherein the thickness of said functional layer (7) and/or of the functional sheet (9) is between about 20 microns and about 800 microns. </claim-text></claim><claim id="clm-0008" num="8"><claim-text> 8. The method according to any one of the preceding claims, comprising the steps of arranging a three- dimensional semi-finished piece (15) comprising said lining (3) connected superiorly to the upper (2) folded back and extracted from the lining (3) itself. </claim-text></claim><claim id="clm-0009" num="9"><claim-text> 9. The method according to claim 1, wherein the lower peripheral flap (2a) of the upper (2) is made of waterproof material and protrudes from said lower peripheral flap (7a) of the functional layer (7) ; </claim-text><claim-text>said method comprising the steps of : folding back the lower 
<!-- EPO <DP n="29"/>-->
peripheral flap (2a) of the upper (2) so as to place it above the lower peripheral flap (7a) of the functional layer (7) and resting with its protruding part on the bottom surface of the functional sheet (9) ; attaching the lower waterproof peripheral flap (2a) of the upper (2) to the lower peripheral flap (7a) of the functional layer (7) and to the functional sheet (9) by way of said adhesive material (8) . </claim-text></claim><claim id="clm-0010" num="10"><claim-text> 10. The method according to . any one of the preceding claims, wherein said covering layer (6) is provided with a lower peripheral edge shaped so as to be placed, in use, in contact with the peripheral edge of the insole (5) so as not to interpose between said lower peripheral flap (7a) of the functional layer (7) and said functional sheet (9) . </claim-text></claim><claim id="clm-0011" num="11"><claim-text> 11. The method according to claim 1, comprising the step of preassembling said lining (3) to said insole (5) by connecting the peripheral edge of the functional layer (7) to the peripheral edge of said functional sheet (9) by way of one or more seams and folding back/overturning the upper</claim-text><claim-text>(2) so as to fix it above the lining (3) assembled previously on the shape (18) , to ensure that the internal surface thereof adheres to the outer surface of the lining</claim-text><claim-text>(3) . </claim-text></claim><claim id="clm-0012" num="12"><claim-text> 12. The method according to claim 11, comprising the steps of: providing a strip (31) of waterproof material above/straddling the stitching line of the contact edges of 
<!-- EPO <DP n="30"/>-->
the functional layer (7) and the functional sheet (9) ; fixing said strip (31) to the functional layer (7) and to the functional sheet (9) by way of a waterproof adhesive material. (8) so as to form said waterproof seal (10) . </claim-text></claim><claim id="clm-0013" num="13"><claim-text> 13. The method according to any one of the preceding claims, comprising the steps of covering the free bottom surface of the functional sheet (9) and the flap (2a) of said upper (2) by means of a filler layer (11) , and coupling the peripheral edge of a sole (4) to the flap (2a) of said upper (2) by way of said adhesive material (8) . </claim-text></claim><claim id="clm-0014" num="14"><claim-text> 14. A waterproof and vapor-permeable shoe according to any one of the preceding claims. </claim-text></claim><claim id="clm-0015" num="15"><claim-text> 15. The shoe according to claim 14, wherein the lower peripheral flap (2a) of. the upper (2) is thinned and is folded internally so as to coat the lower folded back peripheral edge (7a) of the functional layer (7) and is attached to the same by way of said waterproof adhesive material (8) . 
</claim-text></claim></claims><copyright>User acknowledges that Fairview Research LLC and its third party providers retain all right, title and interest in and to this xml under applicable copyright laws.  User acquires no ownership rights to this xml including but not limited to its format.  User hereby accepts the terms and conditions of the Licence Agreement</copyright></patent-document>
