<?xml version="1.0" encoding="UTF-8"?>
<patent-document ucid="EP-2681111-A1" country="EP" doc-number="2681111" kind="A1" date="20140108" family-id="44625270" file-reference-id="311159" date-produced="20180823" status="corrected" lang="EN"><bibliographic-data><publication-reference fvid="146586645" ucid="EP-2681111-A1"><document-id><country>EP</country><doc-number>2681111</doc-number><kind>A1</kind><date>20140108</date><lang>EN</lang></document-id></publication-reference><application-reference ucid="EP-11706239-A" is-representative="NO"><document-id mxw-id="PAPP154848837" load-source="docdb" format="epo"><country>EP</country><doc-number>11706239</doc-number><kind>A</kind><date>20110301</date><lang>EN</lang></document-id><document-id mxw-id="PAPP168045817" load-source="docdb" format="original"><country>EP</country><doc-number>11706239.8</doc-number><date>20110301</date><lang>EN</lang></document-id></application-reference><priority-claims><priority-claim mxw-id="PPC140554347" ucid="EP-2011053043-W" linkage-type="A" load-source="docdb"><document-id format="epo"><country>EP</country><doc-number>2011053043</doc-number><kind>W</kind><date>20110301</date></document-id></priority-claim></priority-claims><technical-data><classifications-ipcr><classification-ipcr mxw-id="PCL1989322308" load-source="docdb">B64C   1/14        20060101AFI20120917BHEP        </classification-ipcr></classifications-ipcr><classifications-cpc><classification-cpc mxw-id="PCL-2073184135" load-source="docdb" scheme="CPC">Y10T 137/86083     20150401 LA20150410BCEP        </classification-cpc><classification-cpc mxw-id="PCL-2073186884" load-source="docdb" scheme="CPC">Y10T 137/0391      20150401 LA20150410BCEP        </classification-cpc><classification-cpc mxw-id="PCL1989622703" load-source="docdb" scheme="CPC">B64C   1/1453      20130101 LI20131214BHEP        </classification-cpc><classification-cpc mxw-id="PCL1989645027" load-source="docdb" scheme="CPC">F01D  25/32        20130101 LI20131214BHEP        </classification-cpc><classification-cpc mxw-id="PCL1989649797" load-source="docdb" scheme="CPC">F02C   7/20        20130101 FI20131205BHEP        </classification-cpc></classifications-cpc><invention-title mxw-id="PT132364568" lang="DE" load-source="patent-office">DRAINAGEVORRICHTUNG</invention-title><invention-title mxw-id="PT132364569" lang="EN" load-source="patent-office">A DRAINING DEVICE</invention-title><invention-title mxw-id="PT132364570" lang="FR" load-source="patent-office">DISPOSITIF D'ÉVACUATION</invention-title><citations><non-patent-citations><nplcit><text>See references of WO 2012116739A1</text><sources><source mxw-id="PNPL67456074" load-source="docdb" name="SEA"/></sources></nplcit></non-patent-citations></citations></technical-data><parties><applicants><applicant mxw-id="PPAR919533707" load-source="docdb" sequence="1" format="epo"><addressbook><last-name>SHORT BROTHERS PLC</last-name><address><country>GB</country></address></addressbook></applicant><applicant mxw-id="PPAR919517995" load-source="docdb" sequence="1" format="intermediate"><addressbook><last-name>SHORT BROTHERS PLC</last-name></addressbook></applicant><applicant mxw-id="PPAR919019466" load-source="patent-office" sequence="1" format="original"><addressbook><last-name>Short Brothers Plc</last-name><iid>101173748</iid><address><street>PO Box 241 Airport Road</street><city>Belfast Antrim BT3 9DZ</city><country>GB</country></address></addressbook></applicant></applicants><inventors><inventor mxw-id="PPAR919529813" load-source="docdb" sequence="1" format="epo"><addressbook><last-name>RICHARDSON JOHN</last-name><address><country>GB</country></address></addressbook></inventor><inventor mxw-id="PPAR919544857" load-source="docdb" sequence="1" format="intermediate"><addressbook><last-name>RICHARDSON, JOHN</last-name></addressbook></inventor><inventor mxw-id="PPAR919015382" load-source="patent-office" sequence="1" format="original"><addressbook><last-name>RICHARDSON, JOHN</last-name><address><street>97 Sandown Road</street><city>Belfast BT5 6GU</city><country>GB</country></address></addressbook></inventor></inventors><agents><agent mxw-id="PPAR919006971" load-source="patent-office" sequence="1" format="original"><addressbook><last-name>Gabriel, Franck</last-name><iid>100970998</iid><address><street>PROXIP Tour CIT/CIT Tower Bureau 717/Suite 717 3 Rue de l'Arrivée</street><city>75749 Paris Cedex 15</city><country>FR</country></address></addressbook></agent></agents></parties><international-convention-data><pct-or-regional-filing-data ucid="EP-2011053043-W"><document-id><country>EP</country><doc-number>2011053043</doc-number><kind>W</kind><date>20110301</date><lang>EN</lang></document-id></pct-or-regional-filing-data><pct-or-regional-publishing-data ucid="WO-2012116739-A1"><document-id><country>WO</country><doc-number>2012116739</doc-number><kind>A1</kind><date>20120907</date><lang>EN</lang></document-id></pct-or-regional-publishing-data><designated-states><ep-contracting-states><country mxw-id="DS549842742" load-source="docdb">AL</country><country mxw-id="DS549915872" load-source="docdb">AT</country><country mxw-id="DS549856128" load-source="docdb">BE</country><country mxw-id="DS549842637" load-source="docdb">BG</country><country mxw-id="DS549763117" load-source="docdb">CH</country><country mxw-id="DS549856129" load-source="docdb">CY</country><country mxw-id="DS549842297" load-source="docdb">CZ</country><country mxw-id="DS549842743" load-source="docdb">DE</country><country mxw-id="DS549856258" load-source="docdb">DK</country><country mxw-id="DS549856259" load-source="docdb">EE</country><country mxw-id="DS549763390" load-source="docdb">ES</country><country mxw-id="DS549842642" load-source="docdb">FI</country><country mxw-id="DS549842643" load-source="docdb">FR</country><country mxw-id="DS549842744" load-source="docdb">GB</country><country mxw-id="DS549856260" load-source="docdb">GR</country><country mxw-id="DS549842745" load-source="docdb">HR</country><country mxw-id="DS549842302" load-source="docdb">HU</country><country mxw-id="DS549763118" load-source="docdb">IE</country><country mxw-id="DS549856261" load-source="docdb">IS</country><country mxw-id="DS549842644" load-source="docdb">IT</country><country mxw-id="DS549856266" load-source="docdb">LI</country><country mxw-id="DS549842645" load-source="docdb">LT</country><country mxw-id="DS549915873" load-source="docdb">LU</country><country mxw-id="DS549842650" load-source="docdb">LV</country><country mxw-id="DS549842651" load-source="docdb">MC</country><country mxw-id="DS549915874" load-source="docdb">MK</country><country mxw-id="DS549915875" load-source="docdb">MT</country><country mxw-id="DS549915876" load-source="docdb">NL</country><country mxw-id="DS549763119" load-source="docdb">NO</country><country mxw-id="DS549915877" load-source="docdb">PL</country><country mxw-id="DS549763391" load-source="docdb">PT</country><country mxw-id="DS549774180" load-source="docdb">RO</country><country mxw-id="DS549763392" load-source="docdb">RS</country><country mxw-id="DS549915878" load-source="docdb">SE</country><country mxw-id="DS549842750" load-source="docdb">SI</country><country mxw-id="DS549763120" load-source="docdb">SK</country><country mxw-id="DS549763125" load-source="docdb">SM</country><country mxw-id="DS549856267" load-source="docdb">TR</country></ep-contracting-states></designated-states></international-convention-data><office-specific-data><eptags><ep-no-a-document-published>*</ep-no-a-document-published></eptags></office-specific-data></bibliographic-data><abstract mxw-id="PA99836802" ref-ucid="WO-2012116739-A1" lang="EN" load-source="patent-office"><p num="0000">A draining device for draining a fluid from an aircraft engine support strut (3) comprises: a suction arrangement comprising an inlet (13) and extending along a longitudinal main axis (l-l) to form a plenum chamber (12); a drain tube (5) fluidly connected to the aircraft engine support strut (3) and extending along the longitudinal main axis (l-l), the drain tube (5) ending by an outlet (8), the outlet (8) of the drain tube (5) terminating within the plenum chamber (12) of the suction arrangement; and wherein an air flow (20) entering the inlet (13) of the suction arrangement causes a low-pressure region (19) to be created within the plenum chamber (12), substantially downstream the outlet (8) of the drain tube (5).</p></abstract><abstract mxw-id="PA100332574" ref-ucid="WO-2012116739-A1" lang="EN" source="national office" load-source="docdb"><p>A draining device for draining a fluid from an aircraft engine support strut (3) comprises: a suction arrangement comprising an inlet (13) and extending along a longitudinal main axis (l-l) to form a plenum chamber (12); a drain tube (5) fluidly connected to the aircraft engine support strut (3) and extending along the longitudinal main axis (l-l), the drain tube (5) ending by an outlet (8), the outlet (8) of the drain tube (5) terminating within the plenum chamber (12) of the suction arrangement; and wherein an air flow (20) entering the inlet (13) of the suction arrangement causes a low-pressure region (19) to be created within the plenum chamber (12), substantially downstream the outlet (8) of the drain tube (5).</p></abstract><abstract mxw-id="PA99836803" ref-ucid="WO-2012116739-A1" lang="FR" load-source="patent-office"><p num="0000">L'invention porte sur un dispositif d'évacuation pour évacuer un fluide à partir d'une entretoise de support de moteur d'aéronef (3), lequel dispositif comprend : un agencement d'aspiration comprenant une entrée (13) et s'étendant le long d'un axe principal longitudinal (1-1) pour former une chambre de collecteur (12) ; un drain de vidange (5) relié fluidiquement à l'entretoise de support de moteur d'aéronef (3) et s'étendant le long de l'axe principal longitudinal (1-1), le drain de vidange (5) s'achevant par une sortie (8), la sortie (8) du drain de vidange (5) s'achevant à l'intérieur de la chambre de collecteur (12) de l'agencement d'aspiration ; et dans lequel un écoulement d'air (20) entrant dans l'entrée (13) de l'agencement d'aspiration provoque la création d'une région de basse pression (19) à l'intérieur de la chambre de collecteur (12), sensiblement en aval de la sortie (8) du drain de vidange (5).</p></abstract><abstract mxw-id="PA100332575" ref-ucid="WO-2012116739-A1" lang="FR" source="national office" load-source="docdb"><p>L'invention porte sur un dispositif d'évacuation pour évacuer un fluide à partir d'une entretoise de support de moteur d'aéronef (3), lequel dispositif comprend : un agencement d'aspiration comprenant une entrée (13) et s'étendant le long d'un axe principal longitudinal (1-1) pour former une chambre de collecteur (12) ; un drain de vidange (5) relié fluidiquement à l'entretoise de support de moteur d'aéronef (3) et s'étendant le long de l'axe principal longitudinal (1-1), le drain de vidange (5) s'achevant par une sortie (8), la sortie (8) du drain de vidange (5) s'achevant à l'intérieur de la chambre de collecteur (12) de l'agencement d'aspiration ; et dans lequel un écoulement d'air (20) entrant dans l'entrée (13) de l'agencement d'aspiration provoque la création d'une région de basse pression (19) à l'intérieur de la chambre de collecteur (12), sensiblement en aval de la sortie (8) du drain de vidange (5).</p></abstract><description mxw-id="PDES51233405" ref-ucid="WO-2012116739-A1" lang="EN" load-source="patent-office"><!-- EPO <DP n="2"/>--><p id="p0001" num="0001"> A DRAINING DEVICE </p><p id="p0002" num="0002">[0001] FIELD OF THE INVENTION </p><p id="p0003" num="0003"> [0002] The present invention relates to a draining device. </p><p id="p0004" num="0004">[0003] Such a draining device would find a particular, though non exclusive, application, in association with an eng ine support strut, more particu larly for installation on a pylon for supporting an engine of an aircraft used in the aerospace industry. </p><p id="p0005" num="0005"> [0004] BACKGROUND OF THE INVENTION </p><p id="p0006" num="0006">[0005] FIG. 1 is a side view partially illustrating an aircraft 1 , in particular a rear part of an aircraft engine 2 and of a structure or pylon 3 for supporting said aircraft engine. Various components and lines may leak fluids into separate regions 4 of an engine support strut. For example, said components may be engine components and accessories, the gearbox, air-conditioning component, fuel lines, hydraulic lines, valves, the wing fuel tank, etc... The leaking fluids may be for example oil, lubricant, hydraulic fluid, fuel, etc... Further, water may condense within said regions. The buildup of any flammable fluid within the flight envelope of the aircraft represents a fire hazard. The build-up of water within the flight envelope of the aircraft could result in potential issues including ice damage and additional unnecessary weight. These fluids 6 are drained away from said components and discharged away from the aircraft by means of adequate drains 5. The pylon drain 5 having a substantially horizontal axis l-l may be arranged on a trailing edge 7 of the aircraft pylon 3. </p><p id="p0007" num="0007"> [0006] When the aircraft is stationary, in particular without the engines operating, drainage can be achieved by suitable location of drain holes, orientation of drain tubes and the action of gravity. However, when the aircraft is flying on the ground with the engines operating, adverse pressure gradients located in a vicinity of the outlet of the drain may prevent the natural drainage from occurring. Such adverse pressure gradients may be generated by the action of the airflow over the structure of the aircraft. This is of particular importance in the case of drainage from the engine pylon or engine support structure. 
<!-- EPO <DP n="3"/>-->
 [0007] The document US 7,121 ,512 describes a drain, for example for an aircraft engine support strut, arranged on the trailing edge of the rear secondary structure of the strut. The drain includes a conduit with a substantially horizontal axis and a substantially rectangular cross-section, taken in a plane parallel to the trailing edge, the conduit closed at an outer extremity by a terminal portion with a substantially ogival cross-section taken in the axis of the conduit and including at least one opening for drainage with an elongated shape on at least one of the opposing lateral walls. However, this is not satisfactory when an excessive adverse pressure gradient exists which might prevent effective drainage to occur. </p><p id="p0008" num="0008">[0008] SUMMARY OF THE INVENTION </p><p id="p0009" num="0009"> [0009] It is an object of the invention to propose a draining device that overcomes the above mentioned drawback, and in particular enhance the drainage capacity when the aircraft is flying or taxiing on the ground. </p><p id="p0010" num="0010">[0010] It is proposed to induce a suction effect at the outlet of the drain tube. The suction effect is provided by a suction device. </p><p id="p0011" num="0011"> [001 1] According to one aspect, there is provided a draining device for draining a fluid from an aircraft engine support strut, the draining device comprising: </p><p id="p0012" num="0012"> a suction arrangement comprising an inlet and extending along a longitudinal main axis to form a plenum chamber; </p><p id="p0013" num="0013"> a drain tube fluidly connected to the aircraft engine support strut and extending along the longitudinal main axis, the drain tube ending by an outlet, the outlet of the drain tube terminating within the plenum chamber of the suction arrangement; and wherein an air flow entering the inlet of the suction arrangement causes a low- pressure region to be created within the plenum chamber, substantially downstream the outlet of the drain tube. </p><p id="p0014" num="0014"> [0012] The suction arrangement may further comprise a converging-diverging part, the converging-diverging part forming a constricted section of tubing causing the air flow entering the inlet of the suction arrangement to be accelerated within the plenum chamber by a Venturi effect. 
<!-- EPO <DP n="4"/>-->
 [0013] The suction arrangement may further comprise a swirling arrangement positioned upstream of the outlet of the drain tube causing the air flow entering the inlet of the suction arrangement to swirl within the plenum chamber. </p><p id="p0015" num="0015"> [0014] The converging/diverging part forming the constricted section of tubing may be followed by a divergent diffusing portion downstream of the plenum chamber. </p><p id="p0016" num="0016"> [0015] The drain tube outlet may protrude within the plenum chamber. </p><p id="p0017" num="0017"> [0016] The drain tube outlet may be positioned proximate and upstream a throat of the constricted section of tubing. </p><p id="p0018" num="0018"> [0017] The swirling arrangement may be formed by a shifted disposition of a longitudinal axis of an inlet duct of the suction arrangement relatively to the longitudinal main axis of the drain tube, the longitudinal inlet duct axis being tangentially oriented with respect to the drain tube. </p><p id="p0019" num="0019"> [0018] The swirling arrangement may be formed by a plurality of inclined vanes circumferentially disposed and spaced externally around the drain tube, each vane being oriented according to a direction that is inclined with respect to the longitudinal main axis. </p><p id="p0020" num="0020"> [0019] The plurality of inclined vanes may be supported by a portion of the drain tube proximate the drain tube outlet, or by a portion of a plenum chamber wall proximate the drain tube outlet. </p><p id="p0021" num="0021">[0020] The inlet of the suction arrangement may be positioned relatively to an aircraft engine such as to feed external fresh air into the plenum chamber. </p><p id="p0022" num="0022"> [0021] The inlet of the suction arrangement may be positioned relatively to an aircraft engine such as to feed external air warmed by the aircraft engine into the plenum chamber. </p><p id="p0023" num="0023">[0022] The drain tube may be a single tube coupled to a plurality of conduit for discharging fluids from various regions of the engine support strut. </p><p id="p0024" num="0024"> [0023] According to a further aspect, there is provided an engine support strut for supporting an aircraft engine comprising a draining device according to one aspect of the invention. 
<!-- EPO <DP n="5"/>-->
 [0024] According to a still further aspect, there is provided an aircraft comprising an aircraft engine and an engine support strut for supporting the aircraft engine, wherein the engine support strut comprises a draining device according to one aspect of the invention. </p><p id="p0025" num="0025">[0025] According to a still further aspect, there is provided a method of draining a fluid from an aircraft engine support strut, the draining method comprising: </p><p id="p0026" num="0026"> letting enter an air flow through an inlet into a plenum chamber; </p><p id="p0027" num="0027"> fluidly connecting the aircraft engine support strut to a drain tube, the drain tube ending by an outlet, the outlet of the drain tube terminating within the plenum chamber; and </p><p id="p0028" num="0028"> wherein the method further comprises creating a low-pressure region within the plenum chamber, substantially downstream the outlet of the drain tube. </p><p id="p0029" num="0029"> [0026] The method may further comprise accelerating the air flow within the plenum chamber by a Venturi effect downstream of the outlet of the drain tube. </p><p id="p0030" num="0030">[0027] The method may further comprise causing the air flow entering the inlet of the suction arrangement to swirl within the plenum chamber upstream of the outlet of the drain tube. </p><p id="p0031" num="0031"> [0028] Thus, an aspect of the invention enables enhancing aspiration capacity by the drain tube of unwanted liquid generated in the engine or other components of the pylon. In particular, the invention represents a means by which the suction pressure at the outlet from the drain tube can be intensified to enhance the drainage capability at locations where there may otherwise be an adverse pressure gradient. </p><p id="p0032" num="0032"> [0029] Further, the draining device can be considered as a "passive" suction device. The term "passive" means that the draining device does not comprise a powered element (e.g. a fan) to force a flow of air in the draining device or to extract a flow of air from the draining device in order to generate the suction effect. The initial flow of air penetrating into the draining device results from either the aircraft movement or the aircraft engine outflow. </p><p id="p0033" num="0033"> [0030] Other advantages will become apparent from the following description of the invention. 
<!-- EPO <DP n="6"/>-->
 [0031] DESCRIPTION OF THE DRAWINGS </p><p id="p0034" num="0034">[0032] The present invention is illustrated by way of examples and not limited to the accompanying drawings, in which like references indicate similar elements: </p><p id="p0035" num="0035">• FIG. 1 is a side view illustrating a rear part of an aircraft engine and of an engine support strut fitted with a drain according to the prior art; </p><p id="p0036" num="0036">• FIG. 2 is a side view illustrating a rear part of an aircraft engine and of an engine support strut fitted with a draining device according to an aspect of the invention; </p><p id="p0037" num="0037">• FIGS. 3, 4A and 4B are a top cross-section view along the longitudinal plane of the engine support strut, a rear view and a cross-section view along plane V-V of FIG.3 illustrating the draining device according to an embodiment of the invention, respectively; </p><p id="p0038" num="0038">• FIGS. 5, 6A and 6B are a top cross-section view along the longitudinal plane of the engine support strut, a rear view and a cross-section view along plane V-V of FIG.5 illustrating the draining device according to another embodiment of the invention, respectively; </p><p id="p0039" num="0039">• FIGS. 7, 8A and 8B are a top cross-section view along the longitudinal plane of the engine support strut, a rear view and a partial cross-section view along plane VI-VI of FIG. 7 illustrating the draining device according to still another embodiment of the invention, respectively; and </p><p id="p0040" num="0040">• FIG. 9 illustrates an example of the contours of absolute pressure in the draining device of the invention. </p><p id="p0041" num="0041"> [0033] DETAILED DESCRIPTION OF EMBODIMENTS OF THE INVENTION </p><p id="p0042" num="0042"> [0034] FIG. 2 is a side view partially illustrating an aircraft 1 , in particular a rear part of an aircraft engine 2 and a rear part of an engine support strut 3 for supporting the aircraft engine. Fluids 6 may leak from various components and lines into various regions 4 of the engine support strut 3 (e.g. engine components and accessories, the gearbox, air-conditioning component, fuel lines, hydraulic lines, valves, the wing fuel tank, etc .). These fluids 6 are drained away and discharged away from the aircraft by means of the drain tube 5. The drain tube 5 is fluidly connected to the various 
<!-- EPO <DP n="7"/>-->
 regions 4 of the engine support strut 3. According to an aspect of the invention, a draining device 10 comprising the drain tube 5 is arranged on the trailing edge 7 of the engine support strut 3. However, the draining device may also be adapted to drain unwanted fluid from other regions of the aircraft not limited to the engine support strut, for example from the aircraft engine 2 by fluidly connecting the drain tube 5 to the aircraft engine 2. The leaking fluids may be for example oil, lubricant, hydraulic fluid, fuel, etc.... The draining device could also be used to drain any water ingress due to rain, water condensation, etc... from the above mentioned regions 4. </p><p id="p0043" num="0043"> [0035] FIG. 3 is a top or bottom (depending on the position of the inlet on one side or the other side of the engine support strut, respectively) cross-section view along the longitudinal plane 11-11 of the engine support strut 3 (the plane parallel to the trailing edge) illustrating the draining device 10 according to an embodiment of the invention. FIG. 4A is a rear view illustrating the draining device according to the same embodiment. FIG 4B is a cross-section view along plane V-V of FIG. 3. </p><p id="p0044" num="0044">[0036] The draining device 10 comprises the drain tube 5 and a suction arrangement</p><p id="p0045" num="0045">1 1 . The suction arrangement 1 1 comprises a plenum chamber 12, an inlet 1 3, a converging/diverging part 14 and an outlet 15. The plenum chamber 1 2 and the converging/diverging part 14 extends longitudinally along a longitudinal main axis l-l. The inlet 13 extends longitudinally along a longitudinal inlet axis Ill-Ill. The longitudinal inlet axis Ill-Ill and the longitudinal main axis l-l are extending substantially in a same transverse plane VIII-VIII (namely the plane perpendicular to the longitudinal plane II- II). The longitudinal inlet axis Ill-Ill is oriented so as to intersect the longitudinal main axis l-l. The inlet 13 is positioned in-line with the plenum chamber 12 so as to feed the plenum chamber with a flow of external air 20. The converging/diverging part 14 is a distal part of the device positioned downstream the plenum chamber 1 2. The converging/diverging part 14 is a constricted section of tubing, namely a tubing having a converging portion 16 positioned upstream of a throat 17 positioned upstream of a divergent diffusing portion 18. </p><p id="p0046" num="0046"> [0037] Advantageously, the drain tube 5 also extends longitudinally along the main axis l-l and is arranged on the trailing edge 7 of the engine support strut 3 (to be better seen in FIG. 2). The drain tube outlet 8 terminates within the plenum chamber</p><p id="p0047" num="0047">12. The drain tube outlet 8 may be directly below the inlet 1 3 (not shown). 
<!-- EPO <DP n="8"/>-->
 Alternatively, the drain tube outlet 8 may protrude within the plenum chamber 12 (shown in the FIGS). In this embodiment, it is possible to position the drain tube outlet 8 proximate, though upstream, the throat 17 of the constricted section of tubing. The drain tube outlet 8 discharges the unwanted fluids 6 from the engine support strut into the plenum chamber 12. The drain tube 5 is a single tube that may be coupled to a plurality of conduit (illustrated by dotted lines in FIG. 2) for discharging fluids from various regions of or components of the engine support strut or aircraft engine. </p><p id="p0048" num="0048"> [0038] The operation of the draining device 10 is as follows. When the aircraft is flying or even taxiing on the ground with the engines operating, a flow of air causes the flow of air 20 to be fed into the plenum chamber 12 through the inlet 13 of the suction arrangement 1 1 . </p><p id="p0049" num="0049">[0039] Depending on the position of the inlet relatively to the aircraft engine, the flow of air 20 may be either a flow of external fresh air, or a flow of external air warmed by the aircraft engine (e.g. engine exhaust gas). Feeding external air warmed by the aircraft engine into the plenum chamber 12 may be advantageous to avoid icing issue within the draining device 10. Alternatively, the icing issue may be avoided by fitting the draining device with an appropriate heating arrangement (not shown). </p><p id="p0050" num="0050">[0040] The constricted section of tubing of the converging/diverging part 14 generates an accelerated fluid flow 21 at the throat 17 due to the Venturi effect. A zone of reduced pressure 1 9 is created at the throat and extends towards the converging portion 16 and the divergent diffusing portion 18, as shown in FIG. 9. This further creates a suction effect that affects the drain tube outlet 8, and th at is transmitted within the converging/diverging part of the drain tube 5. Thus, the draining of the unwanted fluids 6 from the drain tube 5 is enhanced. [0041] FIG. 9 illustrates an example of the contours of absolute pressure and the gradient of pressure in the draining device in accordance with an embodiment of the invention. A dark colored zone indicates a pressure lower than a light colored zone. An enhanced suction effect is resulting from the lowest pressure zone 1 9. The position of the lowest pressure zone 19 can be predicted from the shape of the constricted section of tubing . The position of the drain tube outlet 8 relatively to the lowest pressure zone 19 enables an estimation of the suction effect within the drain tube 5. 
<!-- EPO <DP n="9"/>-->
 [0042] With this suction effect, the draining device 10 allows an efficient drainage from the drain tube even in a situation where a potentially adverse pressure gradient occurs. </p><p id="p0051" num="0051">[0043] The flow of air 20 and the flow of the unwanted fluids 6 mix together downstream of the drain tube outlet 8. Any unwanted fluids flowing from the drain tube are carried by the flow of air and discharged from the outlet 1 5 of the draining device as a spray 22. </p><p id="p0052" num="0052"> [0044] FIG. 5 is a top or bottom (depending on the position of the inlet on one side or the other side of the engine support strut, respectively) cross-section view along the longitudinal plane 11-11 of the engine support strut 7 illustrating the draining device 10 according to another embodiment of the invention. FIG. 6A is a rear view illustrating the draining device 10 according to the same embodiment. FIG. 6B is a cross-section view along plane V-V of FIG. 5. </p><p id="p0053" num="0053">[0045] This embodiment differs from the embodiment of FIGS. 3, 4A and 4B in that the suction arrangement 1 1 further comprises a swirling arrangement. The swirl ing arrangement is positioned upstream of the drain tube outlet 8. The swirl ing arrangement causes the fluid flow 21 into the plenum chamber through the inlet to swirl at least downstream of the drain tube outlet 8. </p><p id="p0054" num="0054">[0046] The inlet 13 of the suction arrangement 1 1 is coupled to the plenum chamber 12 through an inclined inlet duct 25. The inclined inlet duct 25 extends longitudinally along a longitudinal inclined inlet axis IV-IV. </p><p id="p0055" num="0055"> [0047] The swirling arrangement is formed by a particular geometry of the inclined inlet duct 25 relatively to the plenum chamber 12 and the axis of the drain tube 5. In particular, the longitudinal inclined inlet axis IV-IV is not parallel with the longitudinal main axis l-l. The longitudinal inclined inlet axis IV-IV of the inlet duct 25 of the suction arrangement 1 1 is tangentially oriented with respect to the drain tube 5. Thus, the longitudinal inclined inlet axis IV-IV is shifted with respect to the longitudinal main axis l-l. The longitudinal inclined inlet axis IV-IV intersects the longitudinal plane V-V at a distance 30 from the longitudinal main axis l-l. The flow of air 20 penetrating into the plenum chamber 12 through the inlet 13 and the inclined inlet duct 25 of the suction arrangement 1 1 is induced to swirl by this particular geometry. The distance may be chosen. 
<!-- EPO <DP n="10"/>-->
 [0048] FIG. 7 is a top or bottom (depending on the position of the inlet on one side or the other side of the engine support strut, respectively) cross-section view along the longitudinal plane II of the engine support strut 7 illustrating the draining device 10 according to still another embodiment of the invention. FIG. 8A is a rear view illustrating the draining device 10 according to the same embodiment. FIG. 8B is a partial cross-section view along plane VI-VI of FIG. 7. </p><p id="p0056" num="0056">[0049] This embodiment also comprises a swirling arrangement but differs from the embodiment of FIGS. 5, 6A and 6B in that the swirling arrangement is formed by a plurality of inclined vanes 23 circumferentially disposed around a longitudinal axis l-l of the suction arrangement. Each vane is oriented according to a direction that is inclined with respect to the main longitudinal axis. As an example shown in FIG. 8B, each vane is oriented according to a direction VII-VII forming an inclination angle 31 with the main longitudinal axis l-l when projected in a same plane. The inclination angle 31 may be for example around 45°. Though FIG. 8B shows a vane having a linear/rectangular shape, it may also have a helical shape. </p><p id="p0057" num="0057">[0050] The plurality of inclined vanes 23 are positioned within the plenum chamber upstream of the drain tube outlet 8. As an example, the swirling arrangement may comprise eight vanes. Similar swirling effect can be obtained with less or more vanes. </p><p id="p0058" num="0058">[0051] As a first alternative (not shown), the inclined vanes 23 are supported only by a portion of the drain tube 5 proximate the drain tube outlet 8. </p><p id="p0059" num="0059">[0052] As a second alternative (not shown), the inclined vanes 23 are supported by a portion of a plenum chamber wall 24 proximate the drain tube outlet 8. </p><p id="p0060" num="0060">[0053] As a third alternative, the inclined vanes 23 are supported by both the plenum chamber wall 24 and the portion of the drain tube 5. </p><p id="p0061" num="0061">[0054] The flow of air 20 penetrating into the plenum chamber 12 through the inlet 13 of the suction arrangement 1 1 is channeled by the inclined vanes 23. The plurality of inclined vanes 23 induces the flow of air 21 to swirl downstream of the drain tube outlet 8. </p><p id="p0062" num="0062">[0055] In the embodiments of FIGS 5 to 8, the swirling flow of air 21 and the flow of the unwanted fluids 6 mix together downstream of the drain tube outlet 8 and are forced to accelerate through the throat 17 of the constricted section of tubing 14 due 
<!-- EPO <DP n="11"/>-->
 to the Venturi effect. Thereafter, the flow of air diffuses in the divergent diffusing section 18 downstream of the throat 17 and carries the unwanted fluid to the outlet 15 where it is discharged as a spray 22 (the spray consists of the flow of unwanted fluids mixed with the flow of air). The combined action of accelerating the flow through the throat and the swirling flow further enhances the suction effect that is transmitted to the drains tube 5. </p><p id="p0063" num="0063"> [0056] In the hereinbefore described embodiments, the draining device can be dimensioned for any particular application by varying the intensity of swirl (angle of the inlet duct or inclination of the vanes), the throat area to outlet area ratio, the location of the drain tube, the inlet shape or type, the external air mass flow. The dimension of the plenum chamber needs to be large enough to accommodate the drain tube dimension. The dimension of the plenum chamber may further allow for small relative axial movements of the drain tube due to thermal expansion. </p><p id="p0064" num="0064"> [0057] As an example, the d iameter of the drain ing device is of the order of centimeter, for example the diameter may extend from one to five centimeters (approximately half an inch to two inches). The length of the draining device is of the order of ten centimeter, for example the diameter may extend from fifteen to twenty- five centimeters (approximately six to ten inches). Thus, the draining device has a compact and robust design and, thus, shows low vulnerability to damage when the aircraft is parked on the ground. </p><p id="p0065" num="0065"> [0058] The drawings and their description hereinbefore illustrate rather than limit the invention. In this respect, the drawings are very diagrammatic. </p><p id="p0066" num="0066"> [0059] In particular, though the drawings depict a draining device for an under wing engine powered aircraft, this does not limit the application of the invention to other kind of engine powered aircraft. Further, the draining device may be adapted on any type of drain mast, wing, etc.... The draining device may also be adapted for reducing the pressure within any region connected to the device via the drain tube. </p><p id="p0067" num="0067"> [0060] Further, though the drawings show the inlet of the draining device being of the flush type, other type of inlet, for example a scoop type protruding inlet may be used. In particular, the scoop type protruding inlet may be more efficient to properly feed the plenum chamber in case the external boundary layer of air is thick. 
<!-- EPO <DP n="12"/>-->
 [0061] Any reference sign in a claim should not be construed as limiting the claim. The word "comprising" does not exclude the presence of other elements than those listed in a claim. The word "a" or "an" preceding an element does not exclude the presence of a plurality of such element. 
</p></description><claims mxw-id="PCLM44852578" ref-ucid="WO-2012116739-A1" lang="EN" load-source="patent-office"><claim-statement><!-- EPO <DP n="13"/>-->CLAIMS </claim-statement><claim id="clm-0001" num="1"><claim-text> 1. A draining device for draining a fluid from an aircraft engine support strut (3), the draining device comprising: </claim-text><claim-text> a suction arrangement comprising an inlet (13) and extend ing along a longitudinal main axis (l-l) to form a plenum chamber (12); </claim-text><claim-text> a drain tube (5) fluidly connected to the aircraft engine support strut (3) and extending along the longitudinal main axis (l-l), the drain tube (5) ending by an outlet (8), the outlet (8) of the drain tube (5) terminating within the plenum chamber (12) of the suction arrangement; and </claim-text><claim-text> wherein an air flow (20) entering the inlet (13) of the suction arrangement causes a low-pressure region (19) to be created within the plenum chamber (12), substantially downstream the outlet (8) of the drain tube (5). </claim-text></claim><claim id="clm-0002" num="2"><claim-text>2. The draining device of claim 1 , wherein the suction arrangement further comprises a converging-diverging part, the converging-d iverg ing part form ing a constricted section of tubing (14) causing the air flow (20) entering the inlet (13) of the suction arrangement to be accelerated within the plenum chamber (12) by a Venturi effect. </claim-text></claim><claim id="clm-0003" num="3"><claim-text>3. The draining device of claims 1 or 2, wherein the suction arrangement (1 1 ) further comprises a swirling arrangement positioned upstream of the outlet (8) of the drain tube (5) causing the air flow (20) entering the inlet (13) of the suction arrangement to swirl within the plenum chamber (12). </claim-text></claim><claim id="clm-0004" num="4"><claim-text>4. The draining device according to claim 2, wherein the converging/diverging part forming the constricted section of tubing (14) is followed by a divergent diffusing portion (18) downstream of the plenum chamber (12). </claim-text></claim><claim id="clm-0005" num="5"><claim-text>5. The draining device accord ing to anyone of the claims 1 to 4, wherein the drain tube outlet (8) protrudes within the plenum chamber (12). </claim-text></claim><claim id="clm-0006" num="6"><claim-text>6. The draining device accord ing to anyone of the claims 2 to 5, wherein the drain tube outlet (8) is positioned proximate and upstream a throat (1 7) of the constricted section of tubing (14). <!-- EPO <DP n="14"/>--> </claim-text></claim><claim id="clm-0007" num="7"><claim-text>7. The draining device of claim 3, wherein the swirling arrangement is formed by a shifted disposition of a longitudinal axis (IV-IV) of an inlet duct (25) of the suction arrangement (1 1 ) relatively to the longitudinal main axis (l-l) of the drain tube (5), the longitudinal inlet duct axis (IV-IV) being tangentially oriented with respect to the drain tube (5). </claim-text></claim><claim id="clm-0008" num="8"><claim-text>8. The draining device of claim 3, wherein the swirling arrangement is formed by a plurality of inclined vanes (23) circumferentially disposed and spaced externally around the drain tube (5), each vane being oriented according to a direction (VII-VII) that is inclined with respect to the longitudinal main axis (l-l). </claim-text></claim><claim id="clm-0009" num="9"><claim-text>9. The draining device of claim 8, wherein the plurality of inclined vanes (23) are supported by a portion of the drain tube (5) proximate the drain tube outlet (8). </claim-text></claim><claim id="clm-0010" num="10"><claim-text>10. The draining device of claim 8, wherein the plurality of inclined vanes (23) are supported by a portion of a plenum chamber wall (24) proximate the drain tube outlet (8). </claim-text></claim><claim id="clm-0011" num="11"><claim-text>11. The draining device according to anyone of the claims 1 to 10, wherein the inlet (13) of the suction arrangement (1 1 ) is positioned relatively to an aircraft engine</claim-text><claim-text>(2) such as to feed external fresh air into the plenum chamber (12). </claim-text></claim><claim id="clm-0012" num="12"><claim-text>12. The draining device according to anyone of the claims 1 to 10, wherein the inlet (13) of the suction arrangement (1 1 ) is positioned relatively to an aircraft engine (2) such as to feed external air warmed by the aircraft engine (2) into the plenum chamber (12). </claim-text></claim><claim id="clm-0013" num="13"><claim-text>13. The draining device according to anyone of the claims 1 to 12, wherein the drain tube (5) is a single tube coupled to a plurality of conduit for discharging fluids from various regions (4) of the engine support strut (3). </claim-text></claim><claim id="clm-0014" num="14"><claim-text>14. An engine support strut (3) for supporting an aircraft engine (2) comprising a draining device (10) according to anyone of the claims 1 to 13. </claim-text></claim><claim id="clm-0015" num="15"><claim-text>15. An aircraft (1 ) comprising an aircraft engine (2) and an engine support strut</claim-text><claim-text>(3) for supporting the aircraft engine, wherein the engine support strut (3) comprises a draining device (10) according to anyone of the claims 1 to 13. <!-- EPO <DP n="15"/>--> </claim-text></claim><claim id="clm-0016" num="16"><claim-text>16. A method of draining a fluid from an aircraft engine support strut (3), the draining method comprising: letting enter an air flow (20) through an inlet (13) into a plenum chamber (12); fluidly connecting the aircraft engine support strut (3) to a drain tube (5), the drain tube (5) ending by an outlet (8), the outlet of the drain tube terminating within the plenum chamber (12); and </claim-text><claim-text> wherein the method further comprises creating a low-pressure region (19) within the plenum chamber (12), substantially downstream the outlet (8) of the drain tube (5). </claim-text></claim><claim id="clm-0017" num="17"><claim-text>17. The draining method of claim 16, wherein the method further comprises accelerating the air flow (20) within the plenum chamber (12) by a Venturi effect downstream of the outlet (8) of the drain tube (5). </claim-text></claim><claim id="clm-0018" num="18"><claim-text>18. The draining method of claims 16 or 17, wherein the method further comprises causing the air flow (20) entering the inlet (13) of the suction arrangement to swirl within the plenum chamber (12) upstream of the outlet (8) of the drain tube (5). </claim-text></claim></claims><copyright>User acknowledges that Fairview Research LLC and its third party providers retain all right, title and interest in and to this xml under applicable copyright laws.  User acquires no ownership rights to this xml including but not limited to its format.  User hereby accepts the terms and conditions of the Licence Agreement</copyright></patent-document>
