<?xml version="1.0" encoding="UTF-8"?>
<patent-document ucid="EP-2678061-A1" country="EP" doc-number="2678061" kind="A1" date="20140101" family-id="45755365" file-reference-id="301369" date-produced="20180826" status="corrected" lang="FR"><bibliographic-data><publication-reference fvid="146551410" ucid="EP-2678061-A1"><document-id><country>EP</country><doc-number>2678061</doc-number><kind>A1</kind><date>20140101</date><lang>FR</lang></document-id></publication-reference><application-reference ucid="EP-12705319-A" is-representative="NO"><document-id mxw-id="PAPP154825333" load-source="docdb" format="epo"><country>EP</country><doc-number>12705319</doc-number><kind>A</kind><date>20120111</date><lang>FR</lang></document-id><document-id mxw-id="PAPP174953008" load-source="docdb" format="original"><country>EP</country><doc-number>12705319.7</doc-number><date>20120111</date></document-id></application-reference><priority-claims><priority-claim mxw-id="PPC140454276" ucid="FR-1151484-A" load-source="docdb"><document-id format="epo"><country>FR</country><doc-number>1151484</doc-number><kind>A</kind><date>20110224</date></document-id></priority-claim><priority-claim mxw-id="PPC140451567" ucid="FR-2012050072-W" linkage-type="W" load-source="docdb"><document-id format="epo"><country>FR</country><doc-number>2012050072</doc-number><kind>W</kind><date>20120111</date></document-id></priority-claim></priority-claims><technical-data><classifications-ipcr><classification-ipcr mxw-id="PCL1988100824" load-source="docdb">A61B   5/087       20060101ALI20120913BHEP        </classification-ipcr><classification-ipcr mxw-id="PCL1988106326" load-source="docdb">A61B   5/097       20060101ALI20120913BHEP        </classification-ipcr><classification-ipcr mxw-id="PCL1988119991" load-source="docdb">G01F   1/44        20060101ALI20120913BHEP        </classification-ipcr><classification-ipcr mxw-id="PCL1988120289" load-source="docdb">A61M  16/00        20060101AFI20120913BHEP        </classification-ipcr></classifications-ipcr><classifications-cpc><classification-cpc mxw-id="PCL-1742341278" load-source="docdb" scheme="CPC">A61M  16/021       20170801 LI20171025BHEP        </classification-cpc><classification-cpc mxw-id="PCL-1742341279" load-source="docdb" scheme="CPC">A61M  16/0051      20130101 LI20171025BHEP        </classification-cpc><classification-cpc mxw-id="PCL-2083195548" load-source="docdb" scheme="CPC">A61M  16/08        20130101 LA20150318BHEP        </classification-cpc><classification-cpc mxw-id="PCL1988096009" load-source="docdb" scheme="CPC">A61M2205/8206      20130101 LA20131214BHEP        </classification-cpc><classification-cpc mxw-id="PCL1988099402" load-source="docdb" scheme="CPC">A61M  16/0057      20130101 LI20131205BHEP        </classification-cpc><classification-cpc mxw-id="PCL1988100283" load-source="docdb" scheme="CPC">A61B   5/087       20130101 LI20131214BHEP        </classification-cpc><classification-cpc mxw-id="PCL1988104604" load-source="docdb" scheme="CPC">A61M2205/52        20130101 LA20131214BHEP        </classification-cpc><classification-cpc mxw-id="PCL1988109579" load-source="docdb" scheme="CPC">A61M  16/06        20130101 FI20131216BHEP        </classification-cpc><classification-cpc mxw-id="PCL1988110202" load-source="docdb" scheme="CPC">A61B   5/4818      20130101 LI20131214BHEP        </classification-cpc><classification-cpc mxw-id="PCL1988111711" load-source="docdb" scheme="CPC">A61M2016/0027      20130101 LA20131214BHEP        </classification-cpc><classification-cpc mxw-id="PCL1988118548" load-source="docdb" scheme="CPC">A61B   5/097       20130101 LI20131216BHEP        </classification-cpc><classification-cpc mxw-id="PCL1988126528" load-source="docdb" scheme="CPC">A61M2205/3553      20130101 LA20131214BHEP        </classification-cpc><classification-cpc mxw-id="PCL1988127234" load-source="docdb" scheme="CPC">A61B   5/4833      20130101 LI20131214BHEP        </classification-cpc><classification-cpc mxw-id="PCL1988128799" load-source="docdb" scheme="CPC">A61M2016/0039      20130101 LA20131214BHEP        </classification-cpc><classification-cpc mxw-id="PCL1988130870" load-source="docdb" scheme="CPC">A61M2205/3592      20130101 LA20131214BHEP        </classification-cpc><classification-cpc mxw-id="PCL1988138224" load-source="docdb" scheme="CPC">G01F   1/44        20130101 LI20131214BHEP        </classification-cpc><classification-cpc mxw-id="PCL2060962767" load-source="docdb" scheme="CPC">A61M  16/0063      20130101 LI20140312BHEP        </classification-cpc></classifications-cpc><invention-title mxw-id="PT132186714" lang="DE" load-source="patent-office">VORRICHTUNG ZUR VERFOLGUNG DER EINHALTUNG EINER BEHANDLUNG OBSTRUKTIVER SCHLAFAPNOE</invention-title><invention-title mxw-id="PT132186715" lang="EN" load-source="patent-office">APPARATUS FOR TRACKING COMPLIANCE WITH A TREATMENT FOR OBSTRUCTIVE SLEEP APNEA</invention-title><invention-title mxw-id="PT132186716" lang="FR" load-source="patent-office">APPAREIL DE SUIVI DE L'OBSERVANCE D'UN TRAITEMENT DE L'APNÉE OBSTRUCTIVE DU SOMMEIL</invention-title></technical-data><parties><applicants><applicant mxw-id="PPAR918155830" load-source="docdb" sequence="1" format="epo"><addressbook><last-name>AIR LIQUIDE</last-name><address><country>FR</country></address></addressbook></applicant><applicant mxw-id="PPAR918153167" load-source="docdb" sequence="1" format="intermediate"><addressbook><last-name>L'AIR LIQUIDE SOCIETE ANONYME POUR L'ETUDE ET L'EXPLOITATION DES PROCEDES GEORGES CLAUDE</last-name></addressbook></applicant><applicant mxw-id="PPAR918990259" load-source="patent-office" sequence="1" format="original"><addressbook><last-name>L'Air Liquide Société Anonyme pour l'Etude et l'Exploitation des Procédés Georges Claude</last-name><iid>101067713</iid><address><street>75, Quai d'Orsay</street><city>75007 Paris</city><country>FR</country></address></addressbook></applicant></applicants><inventors><inventor mxw-id="PPAR918155145" load-source="docdb" sequence="1" format="epo"><addressbook><last-name>WEBER CLAUDE</last-name><address><country>FR</country></address></addressbook></inventor><inventor mxw-id="PPAR918151940" load-source="docdb" sequence="1" format="intermediate"><addressbook><last-name>WEBER, CLAUDE</last-name></addressbook></inventor><inventor mxw-id="PPAR918984979" load-source="patent-office" sequence="1" format="original"><addressbook><last-name>WEBER, CLAUDE</last-name><address><street>36 rue de la Fôret</street><city>F-91490 Milly la Foret</city><country>FR</country></address></addressbook></inventor></inventors><agents><agent mxw-id="PPAR918984052" load-source="patent-office" sequence="1" format="original"><addressbook><last-name>Pittis, Olivier</last-name><iid>101182985</iid><address><street>L'AIR LIQUIDE S.A. Direction de la Propriété Intellectuelle 75, Quai d'Orsay</street><city>75321 Paris Cedex 07</city><country>FR</country></address></addressbook></agent></agents></parties><international-convention-data><pct-or-regional-filing-data ucid="FR-2012050072-W"><document-id><country>FR</country><doc-number>2012050072</doc-number><kind>W</kind><date>20120111</date><lang>FR</lang></document-id></pct-or-regional-filing-data><pct-or-regional-publishing-data ucid="WO-2012114004-A1"><document-id><country>WO</country><doc-number>2012114004</doc-number><kind>A1</kind><date>20120830</date><lang>FR</lang></document-id></pct-or-regional-publishing-data><designated-states><ep-contracting-states><country mxw-id="DS548816733" load-source="docdb">AL</country><country mxw-id="DS548931172" load-source="docdb">AT</country><country mxw-id="DS548816734" load-source="docdb">BE</country><country mxw-id="DS548928755" load-source="docdb">BG</country><country mxw-id="DS548838140" load-source="docdb">CH</country><country mxw-id="DS548917734" load-source="docdb">CY</country><country mxw-id="DS548931173" load-source="docdb">CZ</country><country mxw-id="DS548935813" load-source="docdb">DE</country><country mxw-id="DS548816735" load-source="docdb">DK</country><country mxw-id="DS548917735" load-source="docdb">EE</country><country mxw-id="DS548933472" load-source="docdb">ES</country><country mxw-id="DS548928756" load-source="docdb">FI</country><country mxw-id="DS548928757" load-source="docdb">FR</country><country mxw-id="DS548935818" load-source="docdb">GB</country><country mxw-id="DS548816736" load-source="docdb">GR</country><country mxw-id="DS548816737" load-source="docdb">HR</country><country mxw-id="DS548917736" load-source="docdb">HU</country><country mxw-id="DS548838141" load-source="docdb">IE</country><country mxw-id="DS548816738" load-source="docdb">IS</country><country mxw-id="DS548928758" load-source="docdb">IT</country><country mxw-id="DS548816739" load-source="docdb">LI</country><country mxw-id="DS548935819" load-source="docdb">LT</country><country mxw-id="DS548931174" load-source="docdb">LU</country><country mxw-id="DS548935820" load-source="docdb">LV</country><country mxw-id="DS548935821" load-source="docdb">MC</country><country mxw-id="DS548931175" load-source="docdb">MK</country><country mxw-id="DS548931176" load-source="docdb">MT</country><country mxw-id="DS548933473" load-source="docdb">NL</country><country mxw-id="DS548866676" load-source="docdb">NO</country><country mxw-id="DS548933474" load-source="docdb">PL</country><country mxw-id="DS548931177" load-source="docdb">PT</country><country mxw-id="DS548933475" load-source="docdb">RO</country><country mxw-id="DS548931178" load-source="docdb">RS</country><country mxw-id="DS548933476" load-source="docdb">SE</country><country mxw-id="DS548917737" load-source="docdb">SI</country><country mxw-id="DS548866677" load-source="docdb">SK</country><country mxw-id="DS548866678" load-source="docdb">SM</country><country mxw-id="DS548928759" load-source="docdb">TR</country></ep-contracting-states></designated-states></international-convention-data><office-specific-data><eptags><ep-no-a-document-published>*</ep-no-a-document-published></eptags></office-specific-data></bibliographic-data><abstract mxw-id="PA99624773" ref-ucid="WO-2012114004-A1" lang="EN" load-source="patent-office"><p num="0000">The invention relates to an apparatus (2, 4) for tracking a treatment for obstructive sleep apnea, including a gas passage (10) and a Venturi tube (16) having a cylindrical inlet (40) and outlet (42), said Venturi tube (16) being axially arranged in said gas passage (10), a first pressure sensor (101), and a second pressure sensor (102). The diameters (D1) of the inlet (40) and outlet (42) of the Venturi tube (16) are between 10 and 25 mm. The Venturi tube (16) includes, arranged in series between said inlet (40) and outlet (42), a convergent portion (44) having the shape of an arc (46, 48), a cylindrical neck (50), the diameter of which is smaller than the diameter (D1) of the inlet (40), and a divergent portion (52) characterized by an angle of divergence (α) of between 5° and 15°. The invention also relates to equipment for treating sleep apnea, which includes a pressurized-gas source (6) connected to a breathing mask (8) via a gas duct (30), as well as to an apparatus (2, 4) according to the invention, which is arranged between said gas source (6) and said breathing mask (8).</p></abstract><abstract mxw-id="PA99823351" ref-ucid="WO-2012114004-A1" lang="EN" source="national office" load-source="docdb"><p>The invention relates to an apparatus (2, 4) for tracking a treatment for obstructive sleep apnea, including a gas passage (10) and a Venturi tube (16) having a cylindrical inlet (40) and outlet (42), said Venturi tube (16) being axially arranged in said gas passage (10), a first pressure sensor (101), and a second pressure sensor (102). The diameters (D1) of the inlet (40) and outlet (42) of the Venturi tube (16) are between 10 and 25 mm. The Venturi tube (16) includes, arranged in series between said inlet (40) and outlet (42), a convergent portion (44) having the shape of an arc (46, 48), a cylindrical neck (50), the diameter of which is smaller than the diameter (D1) of the inlet (40), and a divergent portion (52) characterized by an angle of divergence (a) of between 5° and 15°. The invention also relates to equipment for treating sleep apnea, which includes a pressurized-gas source (6) connected to a breathing mask (8) via a gas duct (30), as well as to an apparatus (2, 4) according to the invention, which is arranged between said gas source (6) and said breathing mask (8).</p></abstract><abstract mxw-id="PA99624774" ref-ucid="WO-2012114004-A1" lang="FR" load-source="patent-office"><p num="0000">L'invention concerne un appareil (2, 4) de suivi d'un traitement de l'apnée obstructive du sommeil comprenant un passage (10) de gaz et un venturi (16) présentant une entrée (40) et une sortie (42) de forme cylindrique, ledit venturi (16) étant agencé axialement dans ledit passage (10) de gaz, un premier capteur de pression (101) et un deuxième capteur de pression (102). L'entrée (40) et la sortie (42) du venturi (16) ont des diamètres (D1) compris entre et 25 mm. Le venturi (16) comprend, agencés successivement entre lesdites entrée (40) et sortie (42), une portion convergente (44) en arc de cercle(46,48), un col (50) cylindrique de 10 diamètre inférieur au diamètre (D1) de l'entrée (40), et une portion divergente (52) caractérisée par un angle de divergence (α) compris entre 5° et 15°. L'invention concerne également une installation de traitement de l'apnée du sommeil comprenant une source de gaz sous pression (6) reliée à un masque respiratoire (8) par l'intermédiaire d'un conduit de gaz (30), ainsi qu'un appareil (2, 4) selon l'invention agencé entre ladite source de gaz (6) et ledit masque respiratoire (8).</p></abstract><abstract mxw-id="PA99823352" ref-ucid="WO-2012114004-A1" lang="FR" source="national office" load-source="docdb"><p>L'invention concerne un appareil (2, 4) de suivi d'un traitement de l'apnée obstructive du sommeil comprenant un passage (10) de gaz et un venturi (16) présentant une entrée (40) et une sortie (42) de forme cylindrique, ledit venturi (16) étant agencé axialement dans ledit passage (10) de gaz, un premier capteur de pression (101) et un deuxième capteur de pression (102). L'entrée (40) et la sortie (42) du venturi (16) ont des diamètres (D1) compris entre et 25 mm. Le venturi (16) comprend, agencés successivement entre lesdites entrée (40) et sortie (42), une portion convergente (44) en arc de cercle(46,48), un col (50) cylindrique de 10 diamètre inférieur au diamètre (D1) de l'entrée (40), et une portion divergente (52) caractérisée par un angle de divergence (a) compris entre 5° et 15°. L'invention concerne également une installation de traitement de l'apnée du sommeil comprenant une source de gaz sous pression (6) reliée à un masque respiratoire (8) par l'intermédiaire d'un conduit de gaz (30), ainsi qu'un appareil (2, 4) selon l'invention agencé entre ladite source de gaz (6) et ledit masque respiratoire (8).</p></abstract><description mxw-id="PDES50931102" ref-ucid="WO-2012114004-A1" lang="FR" load-source="patent-office"><!-- EPO <DP n="3"/>--><p id="p0001" num="0001"> Appareil de suivi de l'observance d'un traitement de l'apnée obstructive du sommeil </p><p id="p0002" num="0002">La présente invention concerne un appareil de suivi de l'observance d'un traitement de l'apnée obstructive du sommeil. </p><p id="p0003" num="0003"> Le syndrome d'apnée obstructive du sommeil (SAOS) est un trouble répandu affectant des millions d'adultes et d'enfants, qui se caractérise par une obstruction des voies aériennes supérieures, laquelle peut provoquer des ronflements ou des arrêts de la respiration durant le sommeil. </p><p id="p0004" num="0004"> L'obstruction qui a lieu pendant le sommeil a deux causes principales qui sont le manque de tonus musculaire et la pesanteur. En effet, la présence excessive de tissus dans les voies aériennes supérieures et des déformations anatomiques aggravent les conséquences de ces facteurs. Ainsi, pendant le sommeil, particulièrement pendant le sommeil paradoxal, le corps se détend et les tissus musculaires, comme la langue et le voile du palais par exemple, perdent de leur rigidité. Par ailleurs, lorsque l'on dort en position allongée, l'effet de la pesanteur pousse ces tissus vers le fond de la gorge, ce qui ferme les voies aériennes supérieures. </p><p id="p0005" num="0005"> Lorsqu'ils bloquent complètement les voies aériennes supérieures, ces tissus empêchent la personne de respirer au risque de provoquer une asphyxie. Mais, en général, la personne se réveille assez pour reprendre le contrôle de ses voies aériennes supérieures et respirer, avant de se rendormir. Chez une personne souffrant du SAOS, ce phénomène peut se produire des dizaines voire des centaines de fois par nuit mais habituellement la personne ne s'en rappelle pas au réveil. </p><p id="p0006" num="0006"> Or, chaque obstruction prive le corps d'oxygène et le force donc à garder du dioxyde de carbone (C0<sub>2</sub>) qu'il expulserait normalement lors des phases d'expiration. Il s'ensuit que l'équilibre gazeux du sang est perturbé et le corps est exposé à un environnement "toxique". Lorsque le corps "signale" qu'il a besoin de plus d'oxygène, le cerveau réveille le dormeur, la respiration reprend et la personne se rendort jusqu'à la prochaine obstruction. Ces obstructions entraînent également une augmentation du rythme cardiaque et de la pression artérielle, et éventuellement affaiblissent la capacité de réaction "automatique" du corps, ce qui se traduit par des apnées et hypopnées de plus en plus sévères. </p><p id="p0007" num="0007"> Les micro-réveils cycliques que connaissent les personnes atteintes du SAOS affectent la qualité de leur sommeil. Les symptômes de la privation de sommeil chez les personnes atteintes du SAOS sont notamment une somnolence diurne excessive, un manque de concentration, une mauvaise mémoire, voire même un état dépressif. L'hypertension et la baisse du taux d'oxygène sanguin sont des symptômes fréquents pour les personnes qui souffrent d'apnée du sommeil, mais ce sont des symptômes difficiles à détecter. Il existe par ailleurs d'autres symptômes plus faciles à identifier tels que somnolence diurne, ronflements, apnées ou respiration irrégulière pendant le sommeil, perte de concentration. 
<!-- EPO <DP n="4"/>-->
 Un traitement efficace du SAOS consiste à appliquer une pression positive d'air aux voies respiratoires du patient. La pression d'air agit comme un "coussin d'air" qui maintient ouvertes les voies respiratoires supérieures et empêche les apnées. Pour ce faire, on utilise typiquement un appareil de type à PPC (« Pression Positive Continue ») ou CPAP (en anglais pour « Continuous Positive Airway Pressure ») qui délivre de l'air légèrement pressurisé aux voies aériennes du patient, via une conduite souple, appelée circuit patient, reliée à un masque respiratoire, généralement un masque nasal ou facial. </p><p id="p0008" num="0008"> Le traitement par PPC est un traitement efficace pour les patients atteints du SAOS si son application est bien suivie. Il peut alors conduire à une nette amélioration de la qualité de vie du patient. En revanche, les effets du traitement sont négligeables, voire nuls, si le patient n'observe pas son traitement pendant au moins 4 heures par nuit. </p><p id="p0009" num="0009"> Connaître l'observance des patients, c'est-à-dire mesurer le temps réel pendant lequel ils suivent leur traitement est donc essentiel. De même, connaître en temps « réel » l'efficacité du traitement est une aide précieuse pour ajuster la prescription du traitement par le médecin traitant. </p><p id="p0010" num="0010"> On connaît du document WO-A-2009136101 un appareil de suivi de l'observance d'un traitement de l'apnée obstructive du sommeil comprenant un capteur de débit d'air circulant dans le circuit patient. </p><p id="p0011" num="0011"> L'insertion d'un tel capteur dans le circuit patient peut, néanmoins, générer une perte de pression ayant pour conséquence de diminuer la pression d'air au niveau du masque du patient. La pression réelle de traitement ne correspond alors plus à la pression prescrite. Il faut également que le capteur délivre un signal de fiabilité suffisante, tout en présentant un coût limité. </p><p id="p0012" num="0012"> Le document WO-A-2011/067300 propose un appareil de suivi d'un paramètre respiratoire d'un patient comprenant un dispositif convergent/divergent et un système de mesure de pression permettant de mesurer la pression entre deux portions dudit dispositif convergent/divergent ayant des sections différentes. Un appareil analogue est décrit par US- A-2004/0167419. </p><p id="p0013" num="0013"> Par ailleurs, le document EP-A-2017586 enseigne un dispositif de monitoring pour appareil respiratoire de type CPAP comprenant un système de mesure de pression permettant de mesurer la pression dans un conduit véhiculant de l'air sous pression, lequel conduit traverse ledit dispositif. </p><p id="p0014" num="0014"> Enfin, la norme internationale ISO 5167-3 liste les caractéristiques que doivent avoir les systèmes de mesure de débit des fluides de types buses et buses à venturi utilisées en tant qu'appareils déprimogènes insérés dans les conduits de section circulaire servant à véhiculer les fluides. </p><p id="p0015" num="0015"> La présente invention vise à améliorer les dispositifs de suivi de l'observance d'un traitement d'oxygénothérapie incorporant un venturi de manière à permettre une mesure aussi 
<!-- EPO <DP n="5"/>-->
 précise et sensible que possible du débit gazeux en minimisant la chute de pression résultant du passage du gaz dans le venturi. </p><p id="p0016" num="0016"> La solution de la présente invention porte alors sur un appareil de suivi de l'observance d'un traitement de l'apnée obstructive du sommeil comprenant un passage de gaz et un venturi présentant une entrée et une sortie de forme cylindrique, ledit venturi étant agencé axialement dans ledit passage de gaz, un premier capteur de pression et un deuxième capteur de pression, caractérisé en ce que l'entrée et la sortie du venturi ont des diamètres Dl compris entre 10 et 25 mm, et le venturi comprend, agencés successivement entre lesdites entrée et sortie, une portion convergente en arc de cercle, un col cylindrique de diamètre inférieur au diamètre Dl de l'entrée, et une portion divergente caractérisée par un angle de divergence a compris entre 5° et 15°, et dans lequel le diamètre D2 du col du venturi est compris entre 5 et 15 mm, et la longueur L2 du col du venturi est comprise entre 3 et 12 mm. </p><p id="p0017" num="0017"> Le venturi de l'invention permet de réaliser une mesure précise et fiable du débit circulant dans le passage de gaz. En effet, sachant que le débit de gaz est proportionnel à la racine de la chute de pression gazeuse entre l'entrée et le col de l'appareil déprimogène, grâce au venturi de l'invention et à sa géométrie particulière, la chute de pression entre l'entrée du Venturi (capteur) et le col du Venturi est suffisante pour obtenir une mesure de débit suffisamment précise pour détecter les événements respiratoires chez le patient mais, à l'inverse, suffisamment faible pour ne pas affecter le traitement du patient, c'est-à-dire pas plus de 0.2 cm H<sub>2</sub>0 de perte de pression en sortie pour un débit d'utilisation normal de 70 1/min environ. </p><p id="p0018" num="0018"> Le venturi est conçu de manière à obtenir pour la plage de débit considérée une perte de pression inférieure à 80 Pa, et ce, grâce à sa géométrie particulière, notamment le fait de sélectionner le diamètre D2 du col entre 5 et 15 mm et sa longueur L2 entre 3 et 12 mm, permet de limiter la chute de pression dans le circuit patient et donc de limiter au maximum l'impact sur le traitement du patient tout en conservant une sensibilité suffisante afin de permettre la mesure de l'observance de ce traitement ainsi que la détection des événements respiratoires résiduels. </p><p id="p0019" num="0019"> Utiliser un tel venturi selon l'invention associé aux capteurs de pression permet à la fois d'obtenir une meilleure sensibilité de détection des événements respiratoires et de réduire au maximum la perturbation du traitement. </p><p id="p0020" num="0020"> En outre, cela présente aussi l'avantage d'être peu coûteux en raison notamment des possibilités de moulage, lors de sa fabrication, et insensible au taux d'humidité de l'air. </p><p id="p0021" num="0021"> Avantageusement, le venturi de l'invention est agencé pour limiter la perte de pression du gaz entre lesdites entrée et sortie, c'est-à-dire de manière à avoir une perte de pression, entre son entrée et sa sortie, inférieure à 100 Pa pour un débit de gaz dans le passage compris entre 110 et 150 litres par minute. De préférence, cette perte de pression est inférieure à 80 Pa. 
<!-- EPO <DP n="6"/>-->
 Selon une réalisation préférée, le venturi est de type tuyère. Cette géométrie du venturi est conforme à la norme ISO 5167-3 susmentionnée, et présente l'avantage de permettre une faible perte de pression du gaz tout en garantissant une bonne stabilité du flux de gaz. </p><p id="p0022" num="0022"> Selon le cas, l'appareil selon l'invention peut comprendre l'une ou plusieurs des caractéristiques suivantes : </p><p id="p0023" num="0023"> - l'entrée et la sortie ont un diamètre identique compris entre 13 et 20 mm, de préférence entre 16 et 18 mm. </p><p id="p0024" num="0024"> - avantageusement, l'entrée et la sortie sont de forme cylindrique et ont des diamètres Dl identiques, de préférence compris entre 16 et 18 mm. En fait, le diamètre Dl est adapté au diamètre de sortie du générateur d'air de l'appareil de traitement PPC. De manière plus préférée, le diamètre Dl de l'entrée du venturi est égal à environ 17,3 mm. </p><p id="p0025" num="0025"> - le venturi comprend une portion convergente ayant un profil formé de deux arcs de cercles successifs </p><p id="p0026" num="0026"> - l'angle de divergence a est inférieur ou égal à 12°, de préférence inférieur ou égal à 10°, avantageusement égal à environ 8°. </p><p id="p0027" num="0027"> - le diamètre D2 du col du venturi est compris entre 7 et 13 mm, de préférence compris entre 9 et 11 mm, avantageusement égal à environ 10 mm. En fait, le choix du diamètre du col et de l'angle de divergence permet un bon compromis entre la diminution de la perte de pression dans le venturi et l'augmentation de sa sensibilité de détection. </p><p id="p0028" num="0028"> - la longueur L2 du col est comprise entre 5 et 10 mm, avantageusement de l'ordre de 7 à 8 mm, notamment égale à environ 7,5 mm. </p><p id="p0029" num="0029"> - le venturi comprend une portion convergente ayant un profil formé de d'un premier arc de cercle de premier rayon RI et d'un deuxième arc de cercle de second rayon R2 où lesdits premier et second rayons sont inférieurs à 10 mm, de préférence inférieurs à 5 mm. </p><p id="p0030" num="0030"> - le venturi a une longueur totale comprise entre 90 et 100 mm. </p><p id="p0031" num="0031"> - un premier capteur de pression positionné au niveau de l'entrée du venturi pour mesurer la pression du gaz au niveau de l'entrée du venturi ; et un deuxième capteur de pression positionné au niveau du col du venturi pour mesurer la pression du gaz au niveau du col du venturi. On peut de la sorte établir le débit de gaz. </p><p id="p0032" num="0032"> - il comprend un premier capteur de pression supplémentaire prévu à l'entrée du passage de gaz et mesurant la pression absolue du gaz au niveau de la connexion avec le générateur d'air de l'appareil de traitement PPC et/ou un deuxième capteur de pression supplémentaire prévu en sortie du passage de gaz et mesurant la pression absolue au niveau de la connexion avec le conduit d'air amenant l'air au masque du patient. </p><p id="p0033" num="0033"> - il comprend des moyens de traitement aptes à traiter les valeurs de débit et de pression mesurées pour en déduire au moins une donnée de durée de traitement et au moins une donnée d'efficacité du traitement. Les moyens de traitement peuvent comprendre des 
<!-- EPO <DP n="7"/>-->
 moyens de correction des erreurs de mesure éventuelles dues, par exemple, à des variations de la température et/ou de la pression et/ou de l'humidité de l'air. </p><p id="p0034" num="0034"> - il comprend des moyens de stockage de données agencés pour mémoriser au moins l'une desdites données. </p><p id="p0035" num="0035"> - il comprend des moyens de transmission agencés pour transmettre au moins l'une desdites données vers un serveur distant. Ce serveur distant est notamment situé dans le centre de soins dans lequel le patient est suivi ou chez un prestataire de services permettant un accès à distance du médecin traitant au serveur. Le médecin traitant dispose ainsi en temps réel des données d'observance du traitement par le patient. </p><p id="p0036" num="0036"> - les moyens de stockage de données comprennent au moins une puce mémoire ou une carte mémoire, de préférence enfichable, par exemple une carte SD ou analogue. </p><p id="p0037" num="0037"> - les moyens de transmission comprennent un système émetteur sans fil, notamment de type radio fréquence, bluetooth, Zigbee, wifï, GSM ou GPRS, et une antenne permettant d'assurer une transmission sans fil des données adaptée au type d'émetteur et insérée dans le boîtier. </p><p id="p0038" num="0038"> - le système émetteur radio fréquence comprend un modem GSM ou GPRS intégré ou extérieur au boîtier. </p><p id="p0039" num="0039"> - il comprend en outre un ou des indicateurs, telles des LEDs de couleurs, par exemple rouge et verte, fournissant à l'utilisateur une information relative à l'efficacité du traitement. </p><p id="p0040" num="0040"> - le venturi est agencé de manière à avoir une pression différentielle utile environ 6 fois supérieure à la perte de pression du gaz entre l'entrée et la sortie dudit venturi. Ce rapport entre la pression différentielle utile et la perte de pression du gaz garantit une bonne sensibilité de détection des événements respiratoires du venturi. </p><p id="p0041" num="0041"> L'invention concerne également une installation de traitement de l'apnée du sommeil comprenant une source de gaz sous pression reliée à un masque respiratoire par l'intermédiaire d'un conduit de gaz, caractérisée en ce qu'elle comporte un appareil selon l'invention, agencé entre ladite source de gaz et ledit masque respiratoire. </p><p id="p0042" num="0042"> De préférence, la source de gaz sous pression est un dispositif de type CPAP ou BiPAP. </p><p id="p0043" num="0043"> On va maintenant décrire des exemples de réalisation de l'invention, de façon plus précise mais non limitative, en références aux Figures annexées parmi lesquelles : </p><p id="p0044" num="0044"> - la figure 1 est un schéma synoptique illustrant la structure d'un appareil de suivi de l'observance selon un mode de réalisation de l'invention ; </p><p id="p0045" num="0045"> - la figure 2 est un schéma synoptique illustrant la mise en œuvre de l'appareil de suivi de l'observance de la figure 1; et </p><p id="p0046" num="0046"> - la figure 3 est un schéma illustrant la géométrie du venturi selon un mode de réalisation de l'invention. 
<!-- EPO <DP n="8"/>-->
 Comme illustré en Figure 2, un appareil de suivi 2, 4 de l'observance d'un traitement de l'apnée obstructive du sommeil (AOS) selon la présente invention est formé d'un boîtier 4 venant se raccorder sur le trajet du gaz respiratoire, typiquement de l'air sous pression, c'est-à- dire sur le circuit patient 30 reliant un appareil de traitement 6 de l'AOS au masque respiratoire 8, en général nasal, équipant un patient à traiter. </p><p id="p0047" num="0047"> La pression de l'air délivré par l'appareil de traitement 6 est une pression relative prescrite par le médecin et comprise entre 4 et 20 cm H<sub>2</sub>0. Cette pression est régulée par un générateur d'air de l'appareil de traitement 6. Elle correspond sensiblement à la pression dans le masque 8 branché sur le nez du patient à la chute de pression près dans le circuit patient. </p><p id="p0048" num="0048"> La connexion de l'appareil de suivi 4 au circuit patient de l'appareil de traitement 6 est réalisée de préférence au moyen de tubes flexibles à embouts classiques, par exemple des embouts de diamètre égal à 22 mm et conformes à la norme ISO 5356-1. </p><p id="p0049" num="0049"> Comme illustré sur la Figure 1, le boîtier 4 comprend un passage 10 interne de gaz avec une entrée 12 et une sortie 14 au sein duquel transite le gaz débité par l'appareil 6 de traitement de l'AOS, avant d'être envoyé au patient. </p><p id="p0050" num="0050"> Un venturi 16 est agencé dans le boîtier 4 et relié au passage 10 de manière à permettre une mesure du débit du gaz circulant à l'intérieur dudit passage 10, c'est-à-dire entre l'entrée 12 et la sortie 14 du passage 10. Ce débit de gaz est notamment compris entre 0 et 130 litres par minute. Ses parois sont, de préférence, lisses. </p><p id="p0051" num="0051"> Ainsi que cela apparaît sur la Figure 3, le venturi 16 comprend deux capteurs de pression 101, 102. La différence des pressions mesurées par les capteurs 101 et 102 est proportionnelle au carré du débit dans le venturi 16. </p><p id="p0052" num="0052"> Les capteurs de pression 101, 102 du venturi 16 sont raccordés par ailleurs à des moyens de traitement 22, tels qu'un micro contrôleur, par exemple le micro contrôleur MSP430 de Texas Instruments, mettant en œuvre des algorithmes capables de traiter les mesures de pression et de débit afin d'en déduire, entre autres, la durée de traitement journalier et l'efficacité du traitement de l'AOS du patient. </p><p id="p0053" num="0053"> Les moyens de traitement 22 comprennent, de préférence, des moyens de correction des erreurs de mesure éventuelles dues par exemple à de faibles variations de la température et/ou de la pression et/ ou de l'humidité de l'air. </p><p id="p0054" num="0054"> Les capteurs de pression 101, 102 peuvent être par exemple des capteurs BMP085 commercialisés par la société Bosch qui sont des capteurs barométriques de haute précision offrant une précision absolue jusqu'à 0,03 hPa et une consommation aussi basse que 3 μΑ. </p><p id="p0055" num="0055"> Des moyens de stockage de données 24 sont utilisés pour mémoriser tout ou partie des données ainsi mesurées, par exemple une puce mémoire d'enregistrement de données ou une carte mémoire enfichable, notamment une carte mémoire flash de 8 Go de SST. </p><p id="p0056" num="0056"> Par ailleurs, des moyens de transmission 26, par exemple un émetteur radio fréquence et son antenne, sont prévus pour transmettre, de préférence via une transmission sans fil, tout 
<!-- EPO <DP n="9"/>-->
 ou partie desdites données vers un récepteur situé à distance, tel un ordinateur ou un serveur, comme illustré sur la figure 2. L'émetteur radio fréquence peut, par exemple, être équipé d'une antenne de 870 MHz de PHYCOMP. </p><p id="p0057" num="0057"> Des moyens d'alimentation en courant électrique, non représentés, sont raccordés électriquement aux capteurs 101, 102 aux moyens de stockage de données 24 et aux moyens de transmission 26 pour assurer l'alimentation électrique de l'appareil de suivi 2, par exemple une alimentation électrique à basse tension comprenant une ou plusieurs batteries, piles... </p><p id="p0058" num="0058"> De préférence, l'appareil de suivi 2 a pour fonction de mesurer, indépendamment de l'appareil de traitement 6 de l'AOS, c'est-à-dire sans utiliser d'informations ou de données internes à cet appareil de traitement 6, et de communiquer à distance les informations relatives à l'observance et à l'efficacité du traitement, c'est-à-dire la durée de traitement effective du patient, ainsi que les événements comme les apnées, hypopnées, limitations de débit, ronflements, fuites, etc. </p><p id="p0059" num="0059"> Cela permet d'obtenir un suivi quotidien et une sécurité dans le suivi du traitement du patient à domicile grâce à la possibilité d'alarmer le patient et son centre de soins ou le prestataire de services en cas de non suivi de la prescription. </p><p id="p0060" num="0060"> Ainsi que cela apparaît sur la figure 2, le boîtier 4 de l'appareil de suivi de l'observance 2 selon la présente invention vient s'incorporer sur le trajet du gaz, c'est-à-dire sur la ou les conduites 30 flexibles d'acheminement de gaz, entre l'appareil de traitement 6 distribuant de l'air, notamment sous pression positive continue, et le patient équipé du masque nasal 8, et permet de mesurer et enregistrer le temps de traitement journalier, ainsi que l'efficacité du traitement. </p><p id="p0061" num="0061"> L'appareil de suivi 2 est conçu pour pouvoir s'adapter à tout type d'appareil de traitement 6 du SAOS, c'est-à-dire les ventilateurs de types CPAP, BiPAP et analogues. </p><p id="p0062" num="0062"> L'appareil de suivi 2 possède une capacité d'enregistrement de plusieurs mois, de préférence d'au moins 1 an, laquelle peut être encore étendue. </p><p id="p0063" num="0063"> Il peut communiquer les données enregistrées par une liaison de transmission d'informations 31, par exemple radio fréquence RF à une fréquence d'émission de 868 MHz ou 2,4 GHz, ou de préférence une liaison USB, vers un ordinateur, un PDA, un serveur ou tout autre moyen capable d'enregistrer directement les données transmises, comme montré sur la figure 2. En fait, l'appareil de suivi 2 transmet à distance, à l'aide d'un modem GSM ou GPRS intégré, les enregistrements de données d'observance et d'efficacité du traitement du patient jusqu'au centre de soins ou au prestataire de services par exemple, où un serveur 34 adapté permet de générer des rapports d'observance et d'efficacité de traitement. </p><p id="p0064" num="0064"> Un patient est considéré comme étant bien en cours de traitement si deux conditions sont remplies, à savoir : 
<!-- EPO <DP n="10"/>-->
 - si l'on détecte la respiration du patient par un algorithme spécifique de traitement des signaux de débit et de pression mesurés dans le circuit patient permettant de déduire de ces signaux que le patient porte bien le masque nasal ou naso-buccal ; et </p><p id="p0065" num="0065"> - si l'on détecte une pression minimale de traitement correspondant à un appareil de traitement qui est en marche et qui fonctionne correctement. </p><p id="p0066" num="0066"> Ces deux conditions peuvent être déterminées à l'aide de mesures de pression et de débit dans le circuit patient grâce à l'appareil de suivi 2. Un tel agencement permet de déduire les variations de pression et de débit liées, d'une part, à la délivrance d'air et, d'autre part, aux inspirations et expirations du patient dans le circuit patient. </p><p id="p0067" num="0067"> L'efficacité du traitement est alors déduite des variations de pression et de débit liées aux inspirations/expirations du patient et du niveau de pression de traitement. Elle est mesurée par la détection du nombre d'apnées, d'hypopnées, de limitations de débit, de fuites du circuit patient ou du masque, et du temps de ronflement survenant pendant le traitement. </p><p id="p0068" num="0068"> Le traitement du SAOS consiste à faire respirer le patient à une pression relative, pouvant varier de 4 à 20 cm H<sub>2</sub>0, prescrite par le médecin. Cette pression est régulée par le générateur d'air et correspond sensiblement à celle dans le masque branché sur le nez du patient à la chute de pression près dans le circuit patient. </p><p id="p0069" num="0069"> Les venturis existants ont, pour la plage de débit considérée, comprise entre 0 et 130 1/min, une perte de pression, appelée également perte de charge, entre l'entrée et la sortie du venturi supérieure à 1 cm H<sub>2</sub>0. Cette valeur est très élevée. En effet, la perte de charge additionnelle générée par un appareil inséré dans le circuit patient admissible est au maximum de 0,2 cm H<sub>2</sub>0 en utilisation sans fuite non intentionnelle au masque, c'est-à-dire pour un débit de gaz compris entre 60 et 70 1/min. Cela correspond à 0,8 cm H<sub>2</sub>0 pour un débit de 130 1/min. </p><p id="p0070" num="0070"> Le venturi 16 est conçu de manière à obtenir pour la plage de débit considérée une perte de pression inférieure à 80 Pa. Pour atteindre cette performance, le venturi 16 est, de préférence, un venturi tuyère ayant une géométrie telle que représentée sur la figure 3. </p><p id="p0071" num="0071"> Le venturi 16 comprend une entrée 40 et une sortie 42 de forme cylindrique et de même diamètre Dl . Le diamètre Dl est adapté au diamètre de sortie du générateur d'air de l'appareil de traitement 6. Il est notamment égal à 17,3 mm. </p><p id="p0072" num="0072"> Le premier capteur de pression 101 du venturi est positionné au niveau de l'entrée 40 pour mesurer la pression du gaz au niveau de l'entrée du venturi. </p><p id="p0073" num="0073"> Le venturi 16 comprend en outre un convergent 44, ayant un diamètre d'entrée D3 et formé de deux arcs de cercle 46, 48 de rayons respectifs RI , R2, ainsi que cela apparaît clairement sur la vue agrandie des arcs de cercles sur la figure 3. Les centres des arcs de cercles 46,48 sont repérés par rapport à l'entrée 40 du venturi 16 selon l'axe x et par rapport à l'axe du venturi selon l'axe y. 
<!-- EPO <DP n="11"/>-->
 Selon une réalisation préférée, le centre du premier arc de cercle est positionné en (xl,yl) = (2 mm ; 7,5 mm) et RI = 2 mm. </p><p id="p0074" num="0074"> En outre, de préférence, le centre du deuxième arc de cercle est positionné en (x2,y2) = (3 mm ; 8,3 mm) et R2 = 3,3mm. </p><p id="p0075" num="0075"> De préférence, le diamètre d'entrée D3 du convergent 44 est choisi entre 14 et 16 mm, notamment égal à 15 mm. </p><p id="p0076" num="0076"> Le venturi 16 comprend également un col 50 de forme cylindrique de diamètre D2 et s'étendant sur une longueur L2. La longueur L2 est choisie entre 5 et 10 mm, de préférence égale à 7,5 mm. Le diamètre D2 du col 50 est de préférence compris entre 9 et 11 mm, notamment égal à 10 mm. </p><p id="p0077" num="0077"> Le deuxième capteur de pression 102 du venturi est positionné au niveau du col 50 pour mesurer la pression du gaz au niveau dudit col du venturi. </p><p id="p0078" num="0078"> Le venturi 16 comprend enfin un divergent 52, de forme conique, situé entre le col 50 et la sortie 42. Le divergent 52 est caractérisé par un angle de divergence 2a par rapport à l'axe horizontal x (l'angle a de la figure 3 représentant la moitié de l'angle de divergence). </p><p id="p0079" num="0079"> L'angle de divergence 2a est de préférence compris entre 5 et 15°. </p><p id="p0080" num="0080"> La partie de raccordement entre le col 50 et le divergent 52 est un angle vif. </p><p id="p0081" num="0081"> Différents venturis tuyère ont été testés dans le cadre de la présente invention. </p><p id="p0082" num="0082"> Un premier venturi est caractérisé par un diamètre de col D2 égal à 10 mm et un angle de divergence 2a égal à 10°. </p><p id="p0083" num="0083"> Un deuxième venturi est caractérisé par un diamètre de col D2 égal à 10 mm et un angle de divergence 2a égal à 8°. </p><p id="p0084" num="0084"> Ces venturis ont des performances très satisfaisantes puisqu'ils occasionnent une perte de charge totale entre l'entrée 40 et la sortie 42 dudit venturi limitée à 68 Pa pour un débit de 130 litres par minute. </p><p id="p0085" num="0085"> Par ailleurs, en définissant la sensibilité de détection des événements respiratoires du venturi comme étant le rapport entre la pression différentielle utile (c'est-à-dire la différence entre la pression mesurée par le capteur 101 au niveau du plan P2 situé en amont de l'entrée du col et la pression mesurée par le capteur 102 au niveau du plan P5 situé dans le col) et la perte de pression du gaz entre l'entrée 40 et la sortie 42 dudit venturi, on obtient les résultats suivant : </p><p id="p0086" num="0086"> le premier venturi a une sensibilité égale à 6,26 ; et </p><p id="p0087" num="0087"> le second venturi a une sensibilité égale à 6,36. </p><p id="p0088" num="0088"> Ils présentent donc tous les deux, à la fois, des pertes de charges et une précision de la mesure de débit en accord avec les besoins de fonctionnement de l'appareil. </p><p id="p0089" num="0089"> Des dimensions préférées pour le venturi 16 sont résumées dans le Tableau ci- dessous. 
<!-- EPO <DP n="12"/>-->
 Tableau </p><p id="p0090" num="0090"><img id="imgf000012_0001" he="25" wi="156" file="imgf000012_0001.tif" img-format="tif" img-content="table" orientation="portrait" inline="yes"/></p><p id="p0091" num="0091">L'appareil de suivi de l'observance d'un traitement de l'apnée obstructive du sommeil de la présente invention est particulièrement bien adapté au suivi de l'observance d'un traitement de l'apnée obstructive du sommeil chez un patient. 
</p></description><claims mxw-id="PCLM44727050" ref-ucid="WO-2012114004-A1" lang="FR" load-source="patent-office"><claim-statement><!-- EPO <DP n="13"/>-->Revendications </claim-statement><claim id="clm-0001" num="1"><claim-text>1. Appareil (2, 4) de suivi d'un traitement de l'apnée obstructive du sommeil comprenant un passage (10) de gaz et un venturi (16) présentant une entrée (40) et une sortie (42) de forme cylindrique, ledit venturi (16) étant agencé axialement dans ledit passage (10) de gaz, un premier capteur de pression (101) et un deuxième capteur de pression (102), caractérisé en ce que : </claim-text><claim-text> - l'entrée (40) et la sortie (42) du venturi (16) ont des diamètres (Dl) compris entre 10 et 25 mm, et </claim-text><claim-text> - le venturi (16) comprend, agencés successivement entre lesdites entrée (40) et sortie (42), une portion convergente (44) en arc de cercle (46, 48), un col (50) cylindrique de diamètre inférieur au diamètre (Dl) de l'entrée (40), et une portion divergente (52) caractérisée par un angle de divergence (a) compris entre 5° et 15°, </claim-text><claim-text> - et dans lequel le diamètre (D2) du col (50) du venturi (16) est compris entre 5 et 15 mm et la longueur (L2) du col (50) du venturi (16) est comprise entre 3 et 12 mm. </claim-text></claim><claim id="clm-0002" num="2"><claim-text>2. Appareil selon la revendication 1, caractérisé en ce que le venturi (16) est configuré de manière à avoir une perte de pression, entre son entrée (40) et sa sortie (42), inférieure à 100 Pa pour un débit de gaz dans le passage (10) compris entre 110 et 150 1/min. </claim-text></claim><claim id="clm-0003" num="3"><claim-text>3. Appareil selon l'une des revendications précédentes, caractérisé en ce que l'entrée (40) et la sortie (42) du venturi (16) sont de même diamètre (Dl). </claim-text></claim><claim id="clm-0004" num="4"><claim-text>4. Appareil selon l'une des revendications précédentes, caractérisé en ce que l'entrée (40) et la sortie (42) ont un diamètre identique compris entre 13 et 20 mm, de préférence entre 16 et 18 mm. </claim-text></claim><claim id="clm-0005" num="5"><claim-text>5. Appareil selon l'une des revendications précédentes, caractérisé en ce que le venturi (16) comprend une portion convergente (44) ayant un profil formé de deux arcs de cercles successifs (46,48). </claim-text></claim><claim id="clm-0006" num="6"><claim-text>6. Appareil selon l'une des revendications précédentes, caractérisé en ce que le diamètre (D2) du col (50) est compris entre 7 et 13 mm, de préférence compris entre 9 et 11 mm, avantageusement égal à environ 10 mm. </claim-text></claim><claim id="clm-0007" num="7"><claim-text>7. Appareil selon l'une des revendications précédentes, caractérisé en ce que l'angle de divergence est inférieur ou égal à 12°, de préférence inférieur ou égal à 10°, avantageusement égal à environ 8°. <!-- EPO <DP n="14"/>--> </claim-text></claim><claim id="clm-0008" num="8"><claim-text>8. Appareil selon l'une des revendications précédentes, caractérisé en ce que la longueur (L2) du col (50) est comprise entre 5 et 10 mm, avantageusement de l'ordre de 7 à 8 mm. </claim-text></claim><claim id="clm-0009" num="9"><claim-text>9. Appareil selon l'une des revendications précédentes, caractérisé en ce que le venturi (16) comprend une portion convergente (44) ayant un profil formé de d'un premier arc de cercle (46) de premier rayon (RI) et d'un deuxième arc de cercle (48) de second rayon (R2) où lesdits premier et second rayons sont inférieurs à 10 mm, de préférence inférieurs à 5 mm. </claim-text></claim><claim id="clm-0010" num="10"><claim-text>10. Appareil selon l'une des revendications précédentes, caractérisé en ce que le venturi (16) a une longueur totale comprise entre 90 et 100 mm. </claim-text></claim><claim id="clm-0011" num="11"><claim-text>11. Appareil selon l'une des revendications précédentes, caractérisé en ce qu'il comprend en outre : </claim-text><claim-text> - un premier capteur de pression (101) agencé au niveau de l'entrée (40) du venturi (16) pour mesurer la pression du gaz au niveau de l'entrée (40) du venturi (16) ; et </claim-text><claim-text> - un deuxième capteur de pression (102) agencé au niveau du col (50) du venturi (16) pour mesurer la pression du gaz au niveau du col (50) du venturi (16). </claim-text></claim><claim id="clm-0012" num="12"><claim-text>12. Appareil selon l'une des revendications précédentes, caractérisé en ce qu'il comprend en outre : </claim-text><claim-text> - des moyens de traitement (22) aptes à traiter les valeurs de débit et de pression mesurées par les premier et deuxième capteurs de pression (101, 102) pour en déduire au moins une donnée de durée de traitement et au moins une donnée d'efficacité du traitement ; </claim-text><claim-text> - des moyens de stockage (24) de données agencés pour mémoriser au moins l'une desdites données ; et </claim-text><claim-text> - des moyens de transmission (26) agencés pour transmettre au moins l'une desdites données vers un serveur distant (34). </claim-text></claim><claim id="clm-0013" num="13"><claim-text>13. Appareil selon l'une quelconque des revendications précédentes dans lequel le venturi (16) est agencé et/ou conformé de manière à avoir une pression différentielle utile environ 6 fois supérieure à la perte de pression du gaz entre l'entrée (40) et la sortie (42) dudit venturi (16). </claim-text></claim><claim id="clm-0014" num="14"><claim-text>14. Installation de traitement de l'apnée du sommeil comprenant une source de gaz sous pression (6) reliée à un masque respiratoire (8) par l'intermédiaire d'un conduit de <!-- EPO <DP n="15"/>--> gaz (30), caractérisée en ce qu'elle comporte un appareil (2, 4) selon l'une des revendications précédentes agencé entre ladite source de gaz (6) et ledit masque respiratoire (8). </claim-text></claim><claim id="clm-0015" num="15"><claim-text>15. Installation selon la revendication 14, caractérisée en ce que la source de gaz sous pression (6) est un dispositif de type CPAP ou BiPAP. </claim-text></claim></claims><copyright>User acknowledges that Fairview Research LLC and its third party providers retain all right, title and interest in and to this xml under applicable copyright laws.  User acquires no ownership rights to this xml including but not limited to its format.  User hereby accepts the terms and conditions of the Licence Agreement</copyright></patent-document>
