<?xml version="1.0" encoding="UTF-8"?>
<patent-document ucid="EP-2958460-A1" country="EP" doc-number="2958460" kind="A1" date="20151230" family-id="51351279" file-reference-id="288601" date-produced="20180822" status="corrected" lang="EN"><bibliographic-data><publication-reference fvid="160453724" ucid="EP-2958460-A1"><document-id><country>EP</country><doc-number>2958460</doc-number><kind>A1</kind><date>20151230</date><lang>EN</lang></document-id></publication-reference><application-reference ucid="EP-14754676-A" is-representative="NO"><document-id mxw-id="PAPP193870416" load-source="patent-office" format="original"><country>EP</country><doc-number>14754676.6</doc-number><date>20140128</date><lang>EN</lang></document-id><document-id mxw-id="PAPP193870417" load-source="docdb" format="epo"><country>EP</country><doc-number>14754676</doc-number><kind>A</kind><date>20140128</date><lang>EN</lang></document-id></application-reference><priority-claims><priority-claim mxw-id="PPC162027708" ucid="US-201313773299-A" load-source="docdb"><document-id format="epo"><country>US</country><doc-number>201313773299</doc-number><kind>A</kind><date>20130221</date></document-id></priority-claim><priority-claim mxw-id="PPC162027816" ucid="US-2014013297-W" linkage-type="W" load-source="docdb"><document-id format="epo"><country>US</country><doc-number>2014013297</doc-number><kind>W</kind><date>20140128</date></document-id></priority-claim></priority-claims><technical-data><classifications-ipcr><classification-ipcr mxw-id="PCL-1906587158" load-source="docdb">A45D  29/16        20060101ALI20160818BHEP        </classification-ipcr><classification-ipcr mxw-id="PCL-1906587935" load-source="docdb">A45D  34/04        20060101AFI20160818BHEP        </classification-ipcr><classification-ipcr mxw-id="PCL-1906590102" load-source="docdb">A45D  40/00        20060101ALI20160818BHEP        </classification-ipcr><classification-ipcr mxw-id="PCL-1906590672" load-source="docdb">A45D  40/26        20060101ALI20160818BHEP        </classification-ipcr></classifications-ipcr><classifications-cpc><classification-cpc mxw-id="PCL-1913117483" load-source="docdb" scheme="CPC">A45D  40/00        20130101 LI20160801BHEP        </classification-cpc><classification-cpc mxw-id="PCL-1981013292" load-source="docdb" scheme="CPC">A45D2200/054       20130101 LA20160119BHEP        </classification-cpc><classification-cpc mxw-id="PCL-1981013646" load-source="docdb" scheme="CPC">A45D  34/04        20130101 LI20160119BHEP        </classification-cpc><classification-cpc mxw-id="PCL-1987783554" load-source="docdb" scheme="CPC">A45D  29/16        20130101 FI20141022BHEP        </classification-cpc></classifications-cpc><invention-title mxw-id="PT165552638" lang="DE" load-source="patent-office">NAGELHAUT-PFLEGESYSTEM</invention-title><invention-title mxw-id="PT165552639" lang="EN" load-source="patent-office">CUTICLE CARE SYSTEM</invention-title><invention-title mxw-id="PT165552640" lang="FR" load-source="patent-office">SYSTÈME DE SOINS DE CUTICULE</invention-title></technical-data><parties><applicants><applicant mxw-id="PPAR1103319494" load-source="docdb" sequence="1" format="epo"><addressbook><last-name>HCT GROUP HOLDING LTD</last-name><address><country>CN</country></address></addressbook></applicant><applicant mxw-id="PPAR1103339537" load-source="docdb" sequence="1" format="intermediate"><addressbook><last-name>HCT Group Holding Limited</last-name></addressbook></applicant><applicant mxw-id="PPAR1101641227" load-source="patent-office" sequence="1" format="original"><addressbook><last-name>HCT Group Holding Limited</last-name><iid>101501014</iid><address><street>11 Duddell Street Dina House (Building) Unit 202 2nd Floor Central</street><city>Hong Kong</city><country>CN</country></address></addressbook></applicant></applicants><inventors><inventor mxw-id="PPAR1103315064" load-source="docdb" sequence="1" format="epo"><addressbook><last-name>THORPE TIMOTHY</last-name><address><country>US</country></address></addressbook></inventor><inventor mxw-id="PPAR1103332930" load-source="docdb" sequence="1" format="intermediate"><addressbook><last-name>THORPE, TIMOTHY</last-name></addressbook></inventor><inventor mxw-id="PPAR1101649453" load-source="patent-office" sequence="1" format="original"><addressbook><last-name>THORPE, TIMOTHY</last-name><address><street>2800 28th Street Suite 240</street><city>Santa Monica, CA 90405</city><country>US</country></address></addressbook></inventor><inventor mxw-id="PPAR1103340766" load-source="docdb" sequence="2" format="epo"><addressbook><last-name>VILLARREAL ARMANDO</last-name><address><country>US</country></address></addressbook></inventor><inventor mxw-id="PPAR1103326476" load-source="docdb" sequence="2" format="intermediate"><addressbook><last-name>VILLARREAL, ARMANDO</last-name></addressbook></inventor><inventor mxw-id="PPAR1101644489" load-source="patent-office" sequence="2" format="original"><addressbook><last-name>VILLARREAL, ARMANDO</last-name><address><street>2800 28th Street Suite 240</street><city>Santa Monica, CA 90405</city><country>US</country></address></addressbook></inventor><inventor mxw-id="PPAR1103313640" load-source="docdb" sequence="3" format="epo"><addressbook><last-name>LANGDON MEGAN RENE</last-name><address><country>US</country></address></addressbook></inventor><inventor mxw-id="PPAR1103307957" load-source="docdb" sequence="3" format="intermediate"><addressbook><last-name>LANGDON, Megan, Rene</last-name></addressbook></inventor><inventor mxw-id="PPAR1101639821" load-source="patent-office" sequence="3" format="original"><addressbook><last-name>LANGDON, Megan, Rene</last-name><address><street>2800 28th Street Suite 240</street><city>Santa Monica, CA 90405</city><country>US</country></address></addressbook></inventor></inventors><agents><agent mxw-id="PPAR1101640860" load-source="patent-office" sequence="1" format="original"><addressbook><last-name>Vossius &amp; Partner</last-name><iid>100751388</iid><address><street>Siebertstrasse 3</street><city>81675 München</city><country>DE</country></address></addressbook></agent></agents></parties><international-convention-data><pct-or-regional-filing-data ucid="US-2014013297-W"><document-id><country>US</country><doc-number>2014013297</doc-number><kind>W</kind><date>20140128</date><lang>EN</lang></document-id></pct-or-regional-filing-data><pct-or-regional-publishing-data ucid="WO-2014130216-A1"><document-id><country>WO</country><doc-number>2014130216</doc-number><kind>A1</kind><date>20140828</date><lang>EN</lang></document-id></pct-or-regional-publishing-data><designated-states><ep-contracting-states><country mxw-id="DS660733367" load-source="docdb">AL</country><country mxw-id="DS660645497" load-source="docdb">AT</country><country mxw-id="DS660733369" load-source="docdb">BE</country><country mxw-id="DS660757375" load-source="docdb">BG</country><country mxw-id="DS660640776" load-source="docdb">CH</country><country mxw-id="DS660722802" load-source="docdb">CY</country><country mxw-id="DS660645498" load-source="docdb">CZ</country><country mxw-id="DS660733370" load-source="docdb">DE</country><country mxw-id="DS660722807" load-source="docdb">DK</country><country mxw-id="DS660722808" load-source="docdb">EE</country><country mxw-id="DS660642116" load-source="docdb">ES</country><country mxw-id="DS660757376" load-source="docdb">FI</country><country mxw-id="DS660757377" load-source="docdb">FR</country><country mxw-id="DS660733375" load-source="docdb">GB</country><country mxw-id="DS660722809" load-source="docdb">GR</country><country mxw-id="DS660733376" load-source="docdb">HR</country><country mxw-id="DS660645507" load-source="docdb">HU</country><country mxw-id="DS660640777" load-source="docdb">IE</country><country mxw-id="DS660722810" load-source="docdb">IS</country><country mxw-id="DS660757378" load-source="docdb">IT</country><country mxw-id="DS660722815" load-source="docdb">LI</country><country mxw-id="DS660723855" load-source="docdb">LT</country><country mxw-id="DS660794687" load-source="docdb">LU</country><country mxw-id="DS660723856" load-source="docdb">LV</country><country mxw-id="DS660723857" load-source="docdb">MC</country><country mxw-id="DS660794688" load-source="docdb">MK</country><country mxw-id="DS660794689" load-source="docdb">MT</country><country mxw-id="DS660642117" load-source="docdb">NL</country><country mxw-id="DS660645508" load-source="docdb">NO</country><country mxw-id="DS660794690" load-source="docdb">PL</country><country mxw-id="DS660722816" load-source="docdb">PT</country><country mxw-id="DS660642118" load-source="docdb">RO</country><country mxw-id="DS660722817" load-source="docdb">RS</country><country mxw-id="DS660794691" load-source="docdb">SE</country><country mxw-id="DS660733377" load-source="docdb">SI</country><country mxw-id="DS660645509" load-source="docdb">SK</country><country mxw-id="DS660794692" load-source="docdb">SM</country><country mxw-id="DS660640778" load-source="docdb">TR</country></ep-contracting-states><ep-extended-states><ep-extended-state-data><country>BA</country></ep-extended-state-data><ep-extended-state-data><country>ME</country></ep-extended-state-data></ep-extended-states></designated-states></international-convention-data><office-specific-data><eptags><ep-no-a-document-published>*</ep-no-a-document-published></eptags></office-specific-data></bibliographic-data><abstract mxw-id="PA139072767" ref-ucid="WO-2014130216-A1" lang="EN" load-source="patent-office"><p num="0000">An applicator system for dispensing a product and/or operating on a cuticle of a user includes a housing having a reservoir for storing a product, such as a cosmetic product or a medicinal product and a cuticle care tip. The cuticle care tip comprises one of a variety of surfaces configured to operate on a user and/or apply the product. The applicator system also includes a product delivery mechanism for dispensing the product.</p></abstract><abstract mxw-id="PA139540416" ref-ucid="WO-2014130216-A1" lang="EN" source="national office" load-source="docdb"><p>An applicator system for dispensing a product and/or operating on a cuticle of a user includes a housing having a reservoir for storing a product, such as a cosmetic product or a medicinal product and a cuticle care tip. The cuticle care tip comprises one of a variety of surfaces configured to operate on a user and/or apply the product. The applicator system also includes a product delivery mechanism for dispensing the product.</p></abstract><abstract mxw-id="PA139072768" ref-ucid="WO-2014130216-A1" lang="FR" load-source="patent-office"><p num="0000">L'invention concerne un système d'applicateur qui permet de distribuer un produit et/ou d'agir sur une cuticule d'un utilisateur et qui comprend un boîtier ayant un réservoir pour stocker un produit, tel qu'un produit cosmétique ou un produit médicinal, et une pointe de soins de cuticule. La pointe de soins de cuticule comporte l'une d'une variété de surfaces configurées pour agir sur un utilisateur et/ou appliquer le produit. Le système d'applicateur comprend également un mécanisme de distribution de produit pour distribuer le produit.</p></abstract><abstract mxw-id="PA139540417" ref-ucid="WO-2014130216-A1" lang="FR" source="national office" load-source="docdb"><p>L'invention concerne un système d'applicateur qui permet de distribuer un produit et/ou d'agir sur une cuticule d'un utilisateur et qui comprend un boîtier ayant un réservoir pour stocker un produit, tel qu'un produit cosmétique ou un produit médicinal, et une pointe de soins de cuticule. La pointe de soins de cuticule comporte l'une d'une variété de surfaces configurées pour agir sur un utilisateur et/ou appliquer le produit. Le système d'applicateur comprend également un mécanisme de distribution de produit pour distribuer le produit.</p></abstract><description mxw-id="PDES78476720" ref-ucid="WO-2014130216-A1" lang="EN" load-source="patent-office"><!-- EPO <DP n="2"/>--><p id="p0001" num="0001"> CUTICLE CARE SYSTEM </p><p id="p0002" num="0002">CROSS REFERENCE TO RELATED APPLICATION </p><p id="p0003" num="0003">[0001] This application claims benefit of U.S. Utility Patent Application Number 13/773,299 filed February 21, 2013 entitled "Cuticle Care System," which is hereby incorporated by reference in its entirety. </p><p id="p0004" num="0004">BACKGROUND </p><p id="p0005" num="0005"> [0002] An individual may utilize multiple items when properly caring for each cuticle at the base of each fingernail or toenail. For example, an individual may routinely utilize multiple items configured for a single operation, such as pushing back, sculpting, massaging or trimming the cuticle as the nail continues to grow. Additionally, the individual may apply a product or solution to the cuticle to prevent the cuticle from becoming dry and torn. However, carrying multiple items may be inconvenient, particularly when traveling, due to the amount of space taken up by the multiple items. 
<!-- EPO <DP n="3"/>-->
</p><p id="p0006" num="0006">BRIEF DESCRIPTION OF THE DRAWINGS </p><p id="p0007" num="0007">[0003] The detailed description is set forth with reference to the accompanying figures. In the figures, the left-most digit(s) of a reference number identifies the figure in which the reference number first appears. The use of the same reference numbers in different figures indicates similar or identical items. </p><p id="p0008" num="0008"> [0004] FIGS. 1A and IB depict a first illustrative example of a cuticle tip applicator with a pen click delivery mechanism. </p><p id="p0009" num="0009"> [0005] FIGS. 2 A and 2B depict a second illustrative example of a cuticle tip applicator with a click/twist delivery mechanism. </p><p id="p0010" num="0010">[0006] FIGS. 3A and 3B depict a third illustrative example of a cuticle tip applicator with a manipulation surface configured to trim or cut a cuticle. </p><p id="p0011" num="0011"> [0007] FIGS. 4 A and 4B depict a fourth illustrative example of a cuticle tip applicator with a manipulation surface configured to massage a cuticle. </p><p id="p0012" num="0012"> [0008] FIG. 5A and 5B depict a fifth illustrative example of a cuticle tip applicator with a squeeze product delivery mechanism. </p><p id="p0013" num="0013">DETAILED DESCRIPTION </p><p id="p0014" num="0014"> Overview </p><p id="p0015" num="0015"> [0009] This application describes dispensers having a housing coupled to an applicator. In some implementations, the housing comprises a first portion containing a reservoir for storing a cosmetic and/or medicinal product, such as lotion or oil, and a second portion comprising a product delivery mechanism. The applicator configured to interact with a surface, such as a cuticle at the base of a fingernail and/or toenail. For 
<!-- EPO <DP n="4"/>-->
 example, each applicator may have one of a plurality of tips or tools configured to push back, trim, massage, sculpt, and/or manipulate a cuticle at the base of a user's fingernail and/or toenail. Furthermore, each of the plurality of tips may have an application surface comprising various metals, glass, stone, ceramics, composites, and/or other materials. The product may be dispensed via the product delivery mechanism from the reservoir in the housing through a passageway terminating at an opening disposed on the application surface on each applicator for placement of the product on a user's cuticle/nail bed. </p><p id="p0016" num="0016">[0010] By combining the dispenser with the applicator comprising the cuticle tip or tool, according to the implementations described herein, the cosmetic and/or medicinal product may be applied directly to the surface that is being massaged, abraded, or worked on. This may allow the product to be better worked into the tissue than existing processes. </p><p id="p0017" num="0017">Illustrative Dispenser with Example Tips </p><p id="p0018" num="0018">[0011] FIGS. 1A-4B illustrate various example dispensers, where each dispenser contains one of a plurality of housing and tip configurations. FIG. 1A depicts a first illustrative example of a cuticle tip dispenser 100. The cuticle tip dispenser 100 includes a housing 102 and an applicator 104. The housing 102 may be formed using one or more of metal, plastic (e.g., polypropylene (PP), acrylonitrile butadiene styrene (ABS), or polyoxymethylene (POM), ceramic, glass, wood, any combination of the preceding or other suitable material. </p><p id="p0019" num="0019"> [0012] As illustrated in FIGS. 1A and IB, the housing 102 may contain reservoir 106 for storing a product. Reservoir 106 may encompass the entire housing 102. In other 
<!-- EPO <DP n="5"/>-->
 implementations, the reservoir may encompass only a portion of the housing. In some implementations, the housing 102 may contain a delivery mechanism 108 to aid in delivery of the product. The product (including any other products described herein) may be oil, lotion, ointments or any other medicinal or cosmetic product suitable for application by a user. For example, the product may comprise one or more substances, such as aloe or lanolin, which provide a healing or therapeutic effect to heal damaged keratin or maintain healthy keratin. In addition, products may include therapeutic substances, such as topical anesthetics, analgesics, fragrances, menthol, or other substances that provide a soothing or stimulating sensation when applied to a user of the product. In addition to skin care substances, thermal treatments (e.g., application of heat and/or cold) are known to relieve pain, provide a therapeutic sensation, and to slow the body's natural response to injury so that a slower and more controlled healing process may ensue. </p><p id="p0020" num="0020"> [0013] As illustrated in FIG. IB, the dispenser 100 may contain a delivery mechanism 108 for dispensing the product such as pen click segment 110. The pen click refers to a method that allows a user to depress segment 110 which operates the delivery mechanism 108 within housing 102. Upon activation of segment 110, delivery mechanism 108 acts to dispense a corresponding volume of the product from reservoir 106. </p><p id="p0021" num="0021">[0014] In other implementations, the delivery mechanism for dispensing product may comprise an airless pump mechanism. The term airless pump refers to a pump that provides dispensing of a substance from a container under pressure in essentially a single direction without permitting reverse (intake) flow of air via the pump. That is, as product 
<!-- EPO <DP n="6"/>-->
 is pumped from the reservoir 106, the pumped product is not replaced with a corresponding volume of air through the pump. In addition to preventing reverse intake flow of air, an airless pump typically does not allow intake of any other substances to replace the volume of product pumped out of the reservoir 106. For example, an airless pump could include a one-way valve, such as a check valve. </p><p id="p0022" num="0022"> [0015] In yet another implementation, a delivery mechanism for dispensing the product may comprise a pressurized dispenser, such as an aerosol dispenser. In certain implementations where the delivery mechanism is an aerosol delivery mechanism, the product will be held under pressure in the reservoir and will be dispersed along with an aerosol propellant in response to actuation by a user. Actuation may be by depressing, rotating, tilting, or otherwise manipulating a portion of the dispenser housing, pressing a button, and/or by any other suitable dispensing mechanism. Details of the construction and propellant of an aerosol dispenser are within the skill of one of ordinary skill in the art and will, therefore, not be described in detail herein. Other delivery mechanisms will be discussed in detail below with reference to other implementations. </p><p id="p0023" num="0023"> [0016] FIGS. 1A and IB illustrate applicator 104 which may be affixed to the housing 102. The applicator 104 may include a neck 112 coupled to the housing and an tip 114 coupled to the neck. The tip 114 may include an application surface 116 configured to apply a product to a surface on a user. For example, the application surface 116 may be used to apply the product to the nails or cuticle of a user. As illustrated in FIG. 1A, application surface 116 is shown having generally circular or ovoid configuration. However, in other implementations, the application surface may be configured in any other shape, such as a square, triangle, rectangle, trapezoid, or the like. 
<!-- EPO <DP n="7"/>-->
 [0017] In some implementations, application surface 116 of tip 114 may include, but are not limited to, different surface treatments (e.g., siping, slitting, etc.), abrasive surface finishes/textures (e.g., macro-, micro-, or nano-structures, etc.), abrasive coatings, and/or contours (e.g., rounded, ribbed, protrusions, fingers, etc.) to provide massaging and/or scrubbing effectiveness. </p><p id="p0024" num="0024"> [0018] The application surface 116 may have an opening or orifice 118 for delivery of the product to the application surface 116 of tip 114. Orifice 118 on the application surface 116 of tip 114 may be the terminal end of a delivery passageway 120 originating at the reservoir 106 in the housing 102. As described above, the product may be moved from the reservoir 106 through the delivery passageway 120 towards the orifice 118 by any one of the delivery mechanisms described herein. The delivery passageway 120 may be made of a material which is non-reactive or resistant to the product contained with the reservoir 106. In the illustrated implementation, the delivery passageway 120 comprises a through-hole or bore extending through the neck 1 12 and tip 114. However, in other implementations, an insert or liner may extend part of or all of the way from the reservoir 106 to the orifice 118 on the application surface 1 16. In that case, the insert may be made of, for example, a thermoplastic polymer. In other implementations, the delivery passageway may be made of virtually any other material that is non-reactive or resistant to the product being dispensed, such as various metals, plastics, ceramics, composites, or the like. When present, the insert may in some implementations extend to the application surface 116, such that the insert is substantially flush with the application surface 116. In other implementations, the insert may be truncated, such that it terminates at a location recessed below the application surface. 
<!-- EPO <DP n="8"/>-->
 [0019] Applicator 104 may be made of material which is non-reactive with or resistant to the product stored in the reservoir 106 such as various metals, wood, plastics, ceramics, glass, stone or the like. In some implementations, the applicator 104 may comprise material that is capable of retaining and/or transferring heat or cold during the application of the product. Examples of suitable materials include, without limitation, metals (e.g., aluminum, titanium, stainless steel, steel, carbon, carbon fiber, nickel, tin, copper, brass, alloys thereof, etc.), glass, ceramics, stone, high-density plastics, composites, or the like. Additionally or alternatively, applicator 104, including neck 112 and tip 114, may comprise or be coated with a material or substance that has antimicrobial, antiseptic, or antibacterial properties. </p><p id="p0025" num="0025"> [0020] In some implementations, the neck 112 and tip 114 may be made of the same material, while in other implementations, they may be made of different materials. For instance, the neck 112 may be made of plastic, while the tip 114 may be made of ceramic, glass, store or other material capable of storing and/or transmitting thermal energy. In other examples, the neck may be made of metal, while the tip is made of ceramic, glass, or stone. </p><p id="p0026" num="0026"> [0021] In some implementations, the neck 112 and tip 114 may be formed into one unified applicator 104 (i.e., may be made integrally). Fabrication of tip 114 and neck 112 of applicator 104 may be accomplished through a separate manufacturing process, a co- molding process, or any other suitable production process. In other implementations, tip 114 may be configured to detach from the neck 112 along line 122. For example, a user may first desire to utilize on dispenser 100 a first tip associated with the application surface for massaging a cuticle. Next, the user may desire to utilize a second tip on 
<!-- EPO <DP n="9"/>-->
 dispenser 100 to trim or push back the cuticle. To accomplish this, the user may remove the first tip associated with the massage application surface. The first tip may separate from the neck 112 of applicator 104 along line 122. The second tip may then be secured to the neck 112 of applicator 104 by, for example, a friction press-fit, snap-fit, adhesive, screw threads, magnetic coupling, and/or engagement by one or more engagement features. </p><p id="p0027" num="0027"> [0022] As illustrated in FIG. 1A, the dispenser 100 may also include a cap 124 which may be temporarily mated (e.g., attached) to the housing 102 to protect the applicator 104 when the dispenser is not in use, to prevent debris from contacting the tip, or to prevent products on the reservoir from leaking on to surrounding articles. For example, the cap 124 may be placed over the applicator 104 to temporarily mate the cap 124 to the housing 102. The cap 124 may temporarily mate with the housing 102 to prevent the cap from inadvertently being removed. For example, the cap 124 may snap in place with the housing 102. As another example, the cap 124 and the housing 102 may have threads that enable the cap 124 to be screwed on to and unscrewed from the housing 102. Of course, other types of mechanisms may be used to temporarily mate the cap 124 to the housing 102. </p><p id="p0028" num="0028"> [0023] Cap 124 is illustrated as having a generally cylindrical shape with substantially the same diameter as the housing 102. However, it should be understood that cap 118 (and any other cap described herein) may be any other suitable shape, such as having a substantially similar shape as the applicator, which may allow the cap to temporarily attach to housing as described above. 
<!-- EPO <DP n="10"/>-->
 [0024] FIGS 2 A and 2B illustrate another example cuticle care dispenser 200. Dispenser 200 is illustrated as containing housing 202 divided into a first portion 204 and a second portion 206. The first portion 204 of the housing 202 may comprise a reservoir 208 for containing a product. In some implementations, the second portion 206 of the housing 202 may contain a delivery mechanism to aid in delivery of the product. </p><p id="p0029" num="0029">[0025] As illustrated in FIG. 2B, the dispenser 200 may contain a delivery mechanism 210 using a click, a reverse click operation, twist or reverse twist operation, whereby the user may operate the dispenser by moving the second portion 206 of the housing relative to the first portion 204 of the housing in either a clockwise or counterclockwise direction. Whereby, clicking or twisting the second portion 206 may activate the delivery mechanism to move and/or push the product for the reservoir 208 through the delivery passageway (not shown). In some implementations, the delivery passageway may be configured as described above with regard to FIGS. 1 A and IB. </p><p id="p0030" num="0030">[0026] FIGS. 2A and 2B illustrate applicator 212 which may be coupled to the first portion 204 of the housing 202. Applicator 212 may include a neck 214 and a tip 216. In some implementations, as described above, the neck 214 and tip 216 may be formed as single unit. In other implementations, the tip 216 may be interchangeable with any other tips described herein. Tip 216 may contain a manipulation surface 218 configured to operate on a user's cuticle. For example, tip 216 may have manipulation surface configured as an apex for pushing back a cuticle toward the base of a fmgernail/toenail of the user. As illustrated in FIG. 2A and 2B, the apex of tip 216 is shown as a single apex, however, in other implementations, tip 216 may have multiple apexes, protrusions or projections, (e.g., two prongs). In some implementations, the manipulation surface may 
<!-- EPO <DP n="11"/>-->
 comprise a material that is non-reactive or resistant to the product in the dispenser and/or capable of retaining heat or cold during application of the product. For example, the manipulation surface of the tip may be made of, without limitation, metals (e.g., aluminum, titanium, stainless steel, steel, carbon, nickel, tin, copper, brass, alloys thereof, etc.), glass, stone, ceramics, high-density plastics, composites, or the like. </p><p id="p0031" num="0031"> [0027] In some implementations, the tip 216 may also have an application surface 220 configured to allow the user to apply the product to the cuticle being operated on by the manipulation surface 218. The application surface 220 having an orifice 222, as described with reference to FIGS. 1A and IB, for delivery of the product from the reservoir via the product delivery passageway. </p><p id="p0032" num="0032"> [0028] FIG. 2A further illustrates dispenser 200 may contain cap 224. In some implementations, cap 224 may contain plug 226 to seal the orifice 222 at the terminal end of the product delivery passageway. The plug 226 may be made of a thermoplastic polymer or any other material which is non-reactive or resistant to the product being dispensed, such as various metals, plastics, ceramics, composites, or the like. Additionally or alternatively, the plug 226 may be elastomeric, such that when the cap 224 is in place the plug 226 may expand and deform somewhat to seal the product delivery passageway. Cap 224 is shown as having a shape similar to tip 216, however it can also have a generally cylindrical shape with substantially the same diameter as the housing 202 or any other suitable shape. </p><p id="p0033" num="0033"> [0029] FIGS. 3A and 3B illustrate another example dispenser 300. As illustrated in FIGS 3A and 3B, dispenser 300 contains housing 202 segmented into a first portion 204 
<!-- EPO <DP n="12"/>-->
 and second portion 206. The first portion containing the reservoir for storing a product and the second portion containing a product delivery mechanism. </p><p id="p0034" num="0034"> [0030] FIGS. 3A and 3B illustrate an applicator 302 coupled to the first portion 204 of the housing 202. Applicator 302 may include neck 304 and tip 306. Tip 306 may include a manipulation surface 308 configured to operate on a user. For example, the manipulation surface 308 may be configured to allow a user to trim or cut the cuticle at the base of a fingernail/toenail. As described above, the tip 306 may be interchangeable with any of the other tips herein. In some implementations, the applicator 302 may be made of virtually any material that is non-reactive or resistant to the product being dispensed, such as various metals, plastics, ceramics, composites, or the like. </p><p id="p0035" num="0035"> [0031] In some implementations, tip 306 may contain an application surface 310 for applying the product. The application surface 310 having an opening or orifice 312 for delivery of the product to the application surface 310 and/or manipulation surface 308 of applicator 302. As described with reference to FIGS. 1A and IB above, the orifice 312 is the terminal endpoint of the product delivery passageway. </p><p id="p0036" num="0036"> [0032] FIG 3 A illustrates an example cap 314 constructed to temporarily attach to dispenser 300. Cap 314 may contain a plug as described with reference to FIG. 2B above. In some implementations, cap 306 may be configured, as with other caps described herein, to temporarily and removably attach to the second portion 206 of the housing 202 to prevent misplacement of cap 314 while the dispenser is in use. </p><p id="p0037" num="0037"> [0033] FIGS. 4A and 4B illustrate a fourth example dispenser 400. Dispenser 400 contains housing 202 segmented into a first portion 204 and second portion 206. The first portion containing the reservoir for storing a product and the second portion 
<!-- EPO <DP n="13"/>-->
 containing a product delivery mechanism as described with reference to FIGS. 2 A and 2B. </p><p id="p0038" num="0038"> [0034] FIGS. 4 A and 4B illustrate an applicator 104 coupled to the first portion 204 of the housing 202. As described with reference to FIGS. 1A and IB, applicator 104 may include neck 112 and tip 114. Tip 114 may include an application surface 1 16 configured to apply a product to a surface on a user. For example, the application surface 116 may be used to apply the product to the fingernails or cuticle of a user. The application surface 116 having an opening or orifice 118 for delivery of the product to the application surface 116 of tip 114. Orifice 118 is the terminal endpoint of the product delivery passageway which originates at the reservoir in the first portion 204 of the housing 202. </p><p id="p0039" num="0039">[0035] In some implementations, the dispenser 400 may include a cap as described above with reference to FIGS. 1 A-3B. </p><p id="p0040" num="0040">Illustrative Dispenser with Squeeze Delivery Mechanism </p><p id="p0041" num="0041">[0036] FIGS. 5A and 5B depicts a fourth illustrative implementation of a cuticle tip dispenser 500. Dispenser 500 contains outer shell or housing 502 coupled to applicator 104. In some implementations, the tip of dispenser 500 may be configured with one of tip 114 (as illustrated), tip 216 or tip 306 described above. In some implementations, the tips may be interchangeable on the applicator as described above. </p><p id="p0042" num="0042">[0037] As illustrated in FIG. 5A, housing 502 of dispenser 500 may contain reservoir 504 for storing a product. Without limitation, the product may be oil, lotion, ointments or any other medicinal or cosmetic solution suitable for application by a user as described 
<!-- EPO <DP n="14"/>-->
 above. In some implementations, a product delivery passageway may originate at the reservoir 504 and end at an orifice 118 on application surface 116 on applicator 104. </p><p id="p0043" num="0043">[0038] Housing 502 may contain a squeeze delivery mechanism to aid in delivery of the product from the reservoir 504 to the orifice 118 on applicator 104. In some implementations, housing 502 may be made of an elastomeric plastic to allow a user to distort housing 502 when pressure is applied by the user. In this implementation, the housing 502 would "bounce back" to the pre-distorted shape once the user relieves the pressure. For example, the squeeze delivery mechanism may operate when a user applies pressure to the housing 502. As a result, the housing 502 may distort the reservoir 504 causing the product contained within the reservoir 504 to travel via the delivery passageway toward the orifice 118 on the application surface 116 of applicator 104. In other implementations, housing 502 may be made of any material capable of distortion to allow a user to squeeze the product from the reservoir in the housing yet retaining their pre-distortion shape, such as, various plastics, carbon fiber, composites or the like. </p><p id="p0044" num="0044">[0039] In some implementations, the dispenser 500 may include a cap as described above with reference to FIGS. 1A-3B. </p><p id="p0045" num="0045">Conclusion </p><p id="p0046" num="0046"> [0040] Although implementations have been described in language specific to structural feature, it is to be understood that the disclosure is not necessarily limited to the specific features or acts described. Rather, the specific features and acts are disclosed as illustrative forms of employing the implementations. For example, in various implementations, any of the structural features and/or methodological acts described 
<!-- EPO <DP n="15"/>-->
 herein may be rearranged, modified, or omitted entirely. For example, the shape, size, and configuration of the cuticle tip applicator housing, tips, necks, and delivery mechanisms may be varied. 
</p></description><claims mxw-id="PCLM70076969" ref-ucid="WO-2014130216-A1" lang="EN" load-source="patent-office"><claim-statement><!-- EPO <DP n="16"/>-->WHAT IS CLAIMED IS: </claim-statement><claim id="clm-0001" num="1"><claim-text>1. An applicator system for caring for a cuticle comprising: </claim-text><claim-text> a housing comprising: </claim-text><claim-text> a first portion having a reservoir for containing a product; and a second portion having a dispensing mechanism to discharge the product; an applicator comprising: </claim-text><claim-text> a neck coupled to a distal end of the first portion of the housing; </claim-text><claim-text> a tip coupled to a distal end of the neck comprising an application surface for applying the product to the cuticle and a manipulation surface for operating on the cuticle; and </claim-text><claim-text> a product delivery passageway extending disposed between the reservoir and the application surface of the tip, the product delivery passageway configured to allow the product to be transported from the reservoir to the application surface of the tip. </claim-text></claim><claim id="clm-0002" num="2"><claim-text>2. The applicator system as recited in claim 1, wherein the housing comprises one or more of metal, plastic, glass, stone, wood, or a combination thereof. </claim-text></claim><claim id="clm-0003" num="3"><claim-text>3. The applicator system as recited in claim 1, wherein the dispensing mechanism comprises one of: </claim-text><claim-text> a reverse click motion delivery mechanism; </claim-text><claim-text> a twist motion delivery mechanism; </claim-text><claim-text> a pen click delivery mechanism; 
<!-- EPO <DP n="17"/>-->
 an airless pump delivery mechanism; or </claim-text><claim-text> an aerosol delivery mechanism. </claim-text></claim><claim id="clm-0004" num="4"><claim-text>4. The applicator system as recited in claim 1, wherein the neck and the tip are manufactured as one integral unit. </claim-text></claim><claim id="clm-0005" num="5"><claim-text>5. The applicator system as recited in claim 1, wherein the manipulation surface of the tip comprise one of: </claim-text><claim-text> a surface configured to push back the cuticle toward a nail bed; </claim-text><claim-text> a surface configured to trim or cut the cuticle; or </claim-text><claim-text> a surface configured to massage the product into the cuticle. </claim-text></claim><claim id="clm-0006" num="6"><claim-text>6. The applicator system as recited in claim 1, wherein the neck is made of a first material and the tip is made from a second material. </claim-text></claim><claim id="clm-0007" num="7"><claim-text>7. The applicator system as recited in claim 1, wherein the tip is detachable from the neck of the applicator. </claim-text></claim><claim id="clm-0008" num="8"><claim-text>8. The applicator system as recited in claim 7, further comprising a second tip which is interchangeable with the tip to perform an alternative manipulation to the cuticle. 
<!-- EPO <DP n="18"/>-->
</claim-text></claim><claim id="clm-0009" num="9"><claim-text>9. The applicator system as recited in claim 1, wherein the application surface of the tip comprises a material capable of retaining heat or cold during application of the product. </claim-text></claim><claim id="clm-0010" num="10"><claim-text>10. The applicator system as recited in claim 1, further comprising a cap, wherein the cap is temporarily attachable to the first portion of the housing and having a plug configured to seal the product delivery passageway. </claim-text></claim><claim id="clm-0011" num="11"><claim-text>11. A cosmetic dispenser comprising: </claim-text><claim-text> a housing comprising a container for storing a cosmetic or medicinal product and a product delivery mechanism for dispensing the product; </claim-text><claim-text> a cuticle care tip attached to the housing, the cuticle care tip having a product orifice disposed in and substantially flush with an application surface; and </claim-text><claim-text> a product delivery duct to allow movement of the product from the container to the product orifice on the application surface of the cuticle care tip. </claim-text></claim><claim id="clm-0012" num="12"><claim-text>12. The dispenser of claim 11, wherein the product delivery mechanism to dispense the product comprises one of: </claim-text><claim-text> a reverse click motion delivery mechanism; </claim-text><claim-text> a twist motion delivery mechanism; </claim-text><claim-text> a pen click delivery mechanism; </claim-text><claim-text> an airless pump delivery mechanism; or </claim-text><claim-text> an aerosol delivery mechanism. 
<!-- EPO <DP n="19"/>-->
</claim-text></claim><claim id="clm-0013" num="13"><claim-text>13. The dispenser as recited in claim 12, wherein the manipulation surface of the cuticle care tip further comprises at least one of: </claim-text><claim-text> one or more protrusions for pushing back a cuticle toward a nail bed; </claim-text><claim-text> an edge for trimming or cutting the cuticle; or </claim-text><claim-text> a surface for massaging the product into the cuticle. </claim-text></claim><claim id="clm-0014" num="14"><claim-text>14. The dispenser as recited in claim 12, further comprising a second cuticle care tip which is interchangeable with the tip, the second cuticle care tip comprising an alternative manipulation surface. </claim-text></claim><claim id="clm-0015" num="15"><claim-text>15. The dispenser as recited in claim 11, wherein the tip further comprises a material that is at least one of: </claim-text><claim-text> coated with an antimicrobial or antiseptic agent; </claim-text><claim-text> non-reactive or resistant to the product; or </claim-text><claim-text> capable of retaining heat or cold during application of the product. </claim-text></claim><claim id="clm-0016" num="16"><claim-text>16. A cuticle care system comprising: </claim-text><claim-text> a housing having a reservoir for containing a product, the housing comprising a material responsive to pressure by a user; </claim-text><claim-text> a plurality of interchangeable tips interchangeably couplable to the housing, wherein each of the plurality of interchangeable tips comprises: </claim-text><claim-text> an application surface for applying the product to a surface; and 
<!-- EPO <DP n="20"/>-->
 a product transfer duct configured to transport the product from the reservoir to the application surface. </claim-text></claim><claim id="clm-0017" num="17"><claim-text>17. The system as recited in claim 16, further comprising a product delivery mechanism wherein the product is delivered from the reservoir through the product transfer duct to the application surface when pressure is applied to the housing. </claim-text></claim><claim id="clm-0018" num="18"><claim-text>18. The system as recited in claim 16, wherein each of the plurality of interchangeable tips further comprise one of a plurality of manipulation surfaces, each manipulation surface configured to: </claim-text><claim-text> push back a cuticle toward a nail bed; </claim-text><claim-text> trim or cut the cuticle; or </claim-text><claim-text> massage the product into the cuticle. </claim-text></claim><claim id="clm-0019" num="19"><claim-text>19. The system as recited in claim 16, wherein each of the plurality of interchangeable tips further comprises a material that is at least one of: </claim-text><claim-text> coated with an antimicrobial or antiseptic agent; </claim-text><claim-text> non-reactive or resistant to the product; or </claim-text><claim-text> capable of retaining heat or cold during application of the product. </claim-text></claim><claim id="clm-0020" num="20"><claim-text>20. The system as recited in claim 16, wherein the application surface of each of the plurality of interchangeable tips further comprises different surface treatment, textures, finishes, contours, or combinations thereof 
</claim-text></claim></claims><copyright>User acknowledges that Fairview Research LLC and its third party providers retain all right, title and interest in and to this xml under applicable copyright laws.  User acquires no ownership rights to this xml including but not limited to its format.  User hereby accepts the terms and conditions of the Licence Agreement</copyright></patent-document>
