<?xml version="1.0" encoding="UTF-8"?>
<patent-document ucid="EP-2958884-A1" country="EP" doc-number="2958884" kind="A1" date="20151230" family-id="50238417" file-reference-id="315472" date-produced="20180822" status="corrected" lang="EN"><bibliographic-data><publication-reference fvid="160453794" ucid="EP-2958884-A1"><document-id><country>EP</country><doc-number>2958884</doc-number><kind>A1</kind><date>20151230</date><lang>EN</lang></document-id></publication-reference><application-reference ucid="EP-14708644-A" is-representative="NO"><document-id mxw-id="PAPP193870556" load-source="patent-office" format="original"><country>EP</country><doc-number>14708644.1</doc-number><date>20140218</date><lang>EN</lang></document-id><document-id mxw-id="PAPP193870557" load-source="docdb" format="epo"><country>EP</country><doc-number>14708644</doc-number><kind>A</kind><date>20140218</date><lang>EN</lang></document-id></application-reference><priority-claims><priority-claim mxw-id="PPC162032364" ucid="IB-2014000168-W" linkage-type="W" load-source="docdb"><document-id format="epo"><country>IB</country><doc-number>2014000168</doc-number><kind>W</kind><date>20140218</date></document-id></priority-claim><priority-claim mxw-id="PPC179729335" ucid="UA-201302213-A" load-source="docdb"><document-id format="epo"><country>UA</country><doc-number>201302213</doc-number><kind>A</kind><date>20130221</date></document-id></priority-claim></priority-claims><technical-data><classifications-ipcr><classification-ipcr mxw-id="PCL-1988521864" load-source="docdb">B01J   3/00        20060101ALI20140909BHEP        </classification-ipcr><classification-ipcr mxw-id="PCL-1988522650" load-source="docdb">C07C  53/02        20060101AFI20140909BHEP        </classification-ipcr><classification-ipcr mxw-id="PCL-1988522966" load-source="docdb">C07C  51/15        20060101ALI20140909BHEP        </classification-ipcr><classification-ipcr mxw-id="PCL-1988527509" load-source="docdb">C01B   3/06        20060101ALI20140909BHEP        </classification-ipcr></classifications-ipcr><classifications-cpc><classification-cpc mxw-id="PCL-1934584430" load-source="docdb" scheme="CPC">Y02E  60/36        20130101 LA20160530BHEP        </classification-cpc><classification-cpc mxw-id="PCL-1987773908" load-source="docdb" scheme="CPC">C07C  53/02        20130101 LI20140526BHEP        </classification-cpc><classification-cpc mxw-id="PCL-1987782947" load-source="docdb" scheme="CPC">C01B   3/06        20130101 FI20140526BHEP        </classification-cpc><classification-cpc mxw-id="PCL-1987784312" load-source="docdb" scheme="CPC">B01J   3/008       20130101 LI20140528BHEP        </classification-cpc><classification-cpc mxw-id="PCL-1987784578" load-source="docdb" scheme="CPC">C07C  51/15        20130101 LI20140526BHEP        </classification-cpc></classifications-cpc><invention-title mxw-id="PT165552848" lang="DE" load-source="patent-office">VERFAHREN ZUR VERWENDUNG VON KOHLENDIOXID AUS INDUSTRIEEMISSIONEN IN ENERGETISCHEN PRODUKTEN</invention-title><invention-title mxw-id="PT165552849" lang="EN" load-source="patent-office">METHOD FOR UTILIZATION OF CARBON DIOXIDE FROM INDUSTRIAL EMISSIONS INTO ENERGETIC PRODUCTS</invention-title><invention-title mxw-id="PT165552850" lang="FR" load-source="patent-office">PROCÉDÉ D'UTILISATION DE DIOXYDE DE CARBONE ISSU DE REJETS INDUSTRIELS POUR UNE TRANSFORMATION EN PRODUITS ÉNERGÉTIQUES</invention-title></technical-data><parties><applicants><applicant mxw-id="PPAR1103312712" load-source="docdb" sequence="1" format="epo"><addressbook><last-name>BOBKOV OLEKSANDR IGOROVICH</last-name><address><country>UA</country></address></addressbook></applicant><applicant mxw-id="PPAR1103321691" load-source="docdb" sequence="1" format="intermediate"><addressbook><last-name>BOBKOV, Oleksandr Igorovich</last-name></addressbook></applicant><applicant mxw-id="PPAR1101649747" load-source="patent-office" sequence="1" format="original"><addressbook><last-name>Bobkov, Oleksandr Igorovich</last-name><iid>101476495</iid><address><street>Tschornobilska Str. 19/140</street><city>03179 Kiev</city><country>UA</country></address></addressbook></applicant><applicant mxw-id="PPAR1103309742" load-source="docdb" sequence="2" format="epo"><addressbook><last-name>BOIKO ANATOLII GRIGOROVICH</last-name><address><country>UA</country></address></addressbook></applicant><applicant mxw-id="PPAR1103340090" load-source="docdb" sequence="2" format="intermediate"><addressbook><last-name>BOIKO, Anatolii Grigorovich</last-name></addressbook></applicant><applicant mxw-id="PPAR1101650459" load-source="patent-office" sequence="2" format="original"><addressbook><last-name>Boiko, Anatolii Grigorovich</last-name><iid>101476496</iid><address><street>Wolodimirska Str. 45/21</street><city>01001 Kiev</city><country>UA</country></address></addressbook></applicant><applicant mxw-id="PPAR1103306263" load-source="docdb" sequence="3" format="epo"><addressbook><last-name>BORTYSHEVSKYI VALERII ANATOLIYOVICH</last-name><address><country>UA</country></address></addressbook></applicant><applicant mxw-id="PPAR1103306528" load-source="docdb" sequence="3" format="intermediate"><addressbook><last-name>BORTYSHEVSKYI, Valerii Anatoliyovich</last-name></addressbook></applicant><applicant mxw-id="PPAR1101652101" load-source="patent-office" sequence="3" format="original"><addressbook><last-name>Bortyshevskyi, Valerii Anatoliyovich</last-name><iid>101476499</iid><address><street>Gagarina Str. 2/4</street><city>08304 Boryspil'</city><country>UA</country></address></addressbook></applicant><applicant mxw-id="PPAR1103338666" load-source="docdb" sequence="4" format="epo"><addressbook><last-name>KORZH RAISA VASYLIVNA</last-name><address><country>UA</country></address></addressbook></applicant><applicant mxw-id="PPAR1103309090" load-source="docdb" sequence="4" format="intermediate"><addressbook><last-name>KORZH, Raisa Vasylivna</last-name></addressbook></applicant><applicant mxw-id="PPAR1101653314" load-source="patent-office" sequence="4" format="original"><addressbook><last-name>Korzh, Raisa Vasylivna</last-name><iid>101476500</iid><address><street>Taschkentska Str. 63/37</street><city>02121 Kiev</city><country>UA</country></address></addressbook></applicant><applicant mxw-id="PPAR1103329319" load-source="docdb" sequence="5" format="epo"><addressbook><last-name>KHOROSHYKH OLEKSII TICHONOVICH</last-name><address><country>UA</country></address></addressbook></applicant><applicant mxw-id="PPAR1103327009" load-source="docdb" sequence="5" format="intermediate"><addressbook><last-name>KHOROSHYKH, Oleksii Tichonovich</last-name></addressbook></applicant><applicant mxw-id="PPAR1101653880" load-source="patent-office" sequence="5" format="original"><addressbook><last-name>Khoroshykh, Oleksii Tichonovich</last-name><iid>101476501</iid><address><street>Patrisa Lumumbi Str. 22/36</street><city>01042 Kiev</city><country>UA</country></address></addressbook></applicant></applicants><inventors><inventor mxw-id="PPAR1103343491" load-source="docdb" sequence="1" format="epo"><addressbook><last-name>BOBKOV OLEKSANDR IGOROVICH</last-name><address><country>UA</country></address></addressbook></inventor><inventor mxw-id="PPAR1103323833" load-source="docdb" sequence="1" format="intermediate"><addressbook><last-name>BOBKOV, Oleksandr Igorovich</last-name></addressbook></inventor><inventor mxw-id="PPAR1101643336" load-source="patent-office" sequence="1" format="original"><addressbook><last-name>BOBKOV, Oleksandr Igorovich</last-name><address><street>Tschornobilska Str. 19/140</street><city>03179 Kiev</city><country>UA</country></address></addressbook></inventor><inventor mxw-id="PPAR1103328326" load-source="docdb" sequence="2" format="epo"><addressbook><last-name>BOIKO ANATOLII GRIGOROVICH</last-name><address><country>UA</country></address></addressbook></inventor><inventor mxw-id="PPAR1103316898" load-source="docdb" sequence="2" format="intermediate"><addressbook><last-name>BOIKO, Anatolii Grigorovich</last-name></addressbook></inventor><inventor mxw-id="PPAR1101645755" load-source="patent-office" sequence="2" format="original"><addressbook><last-name>BOIKO, Anatolii Grigorovich</last-name><address><street>Wolodimirska Str. 45/21</street><city>01001 Kiev</city><country>UA</country></address></addressbook></inventor><inventor mxw-id="PPAR1103307446" load-source="docdb" sequence="3" format="epo"><addressbook><last-name>BORTYSHEVSKYI VALERII ANATOLIYOVICH</last-name><address><country>UA</country></address></addressbook></inventor><inventor mxw-id="PPAR1103306380" load-source="docdb" sequence="3" format="intermediate"><addressbook><last-name>BORTYSHEVSKYI, Valerii Anatoliyovich</last-name></addressbook></inventor><inventor mxw-id="PPAR1101644308" load-source="patent-office" sequence="3" format="original"><addressbook><last-name>BORTYSHEVSKYI, Valerii Anatoliyovich</last-name><address><street>Gagarina Str. 2/4</street><city>08304 Boryspil'</city><country>UA</country></address></addressbook></inventor><inventor mxw-id="PPAR1103328826" load-source="docdb" sequence="4" format="epo"><addressbook><last-name>KORZH RAISA VASYLIVNA</last-name><address><country>UA</country></address></addressbook></inventor><inventor mxw-id="PPAR1103343390" load-source="docdb" sequence="4" format="intermediate"><addressbook><last-name>KORZH, Raisa Vasylivna</last-name></addressbook></inventor><inventor mxw-id="PPAR1101643687" load-source="patent-office" sequence="4" format="original"><addressbook><last-name>KORZH, Raisa Vasylivna</last-name><address><street>Taschkentska Str. 63/37</street><city>02121 Kiev</city><country>UA</country></address></addressbook></inventor><inventor mxw-id="PPAR1103308351" load-source="docdb" sequence="5" format="epo"><addressbook><last-name>KHOROSHYKH OLEKSII TICHONOVICH</last-name><address><country>UA</country></address></addressbook></inventor><inventor mxw-id="PPAR1103340271" load-source="docdb" sequence="5" format="intermediate"><addressbook><last-name>KHOROSHYKH, Oleksii Tichonovich</last-name></addressbook></inventor><inventor mxw-id="PPAR1101649209" load-source="patent-office" sequence="5" format="original"><addressbook><last-name>KHOROSHYKH, Oleksii Tichonovich</last-name><address><street>Patrisa Lumumbi Str. 22/36</street><city>01042 Kiev</city><country>UA</country></address></addressbook></inventor></inventors><agents><agent mxw-id="PPAR1101652896" load-source="patent-office" sequence="1" format="original"><addressbook><last-name>Jeck, Anton</last-name><iid>101114966</iid><address><street>Klingengasse 2</street><city>71665 Vaihingen/Enz</city><country>DE</country></address></addressbook></agent></agents></parties><international-convention-data><pct-or-regional-filing-data ucid="IB-2014000168-W"><document-id><country>IB</country><doc-number>2014000168</doc-number><kind>W</kind><date>20140218</date><lang>EN</lang></document-id></pct-or-regional-filing-data><pct-or-regional-publishing-data ucid="WO-2014128546-A1"><document-id><country>WO</country><doc-number>2014128546</doc-number><kind>A1</kind><date>20140828</date><lang>EN</lang></document-id></pct-or-regional-publishing-data><designated-states><ep-contracting-states><country mxw-id="DS660795037" load-source="docdb">AL</country><country mxw-id="DS660724084" load-source="docdb">AT</country><country mxw-id="DS660734839" load-source="docdb">BE</country><country mxw-id="DS660646557" load-source="docdb">BG</country><country mxw-id="DS660641789" load-source="docdb">CH</country><country mxw-id="DS660734840" load-source="docdb">CY</country><country mxw-id="DS660724085" load-source="docdb">CZ</country><country mxw-id="DS660795039" load-source="docdb">DE</country><country mxw-id="DS660734841" load-source="docdb">DK</country><country mxw-id="DS660734842" load-source="docdb">EE</country><country mxw-id="DS660643054" load-source="docdb">ES</country><country mxw-id="DS660646558" load-source="docdb">FI</country><country mxw-id="DS660641790" load-source="docdb">FR</country><country mxw-id="DS660795040" load-source="docdb">GB</country><country mxw-id="DS660734847" load-source="docdb">GR</country><country mxw-id="DS660795041" load-source="docdb">HR</country><country mxw-id="DS660724086" load-source="docdb">HU</country><country mxw-id="DS660643059" load-source="docdb">IE</country><country mxw-id="DS660734848" load-source="docdb">IS</country><country mxw-id="DS660646563" load-source="docdb">IT</country><country mxw-id="DS660734849" load-source="docdb">LI</country><country mxw-id="DS660646564" load-source="docdb">LT</country><country mxw-id="DS660759168" load-source="docdb">LU</country><country mxw-id="DS660646565" load-source="docdb">LV</country><country mxw-id="DS660646566" load-source="docdb">MC</country><country mxw-id="DS660759169" load-source="docdb">MK</country><country mxw-id="DS660759170" load-source="docdb">MT</country><country mxw-id="DS660643060" load-source="docdb">NL</country><country mxw-id="DS660724771" load-source="docdb">NO</country><country mxw-id="DS660643061" load-source="docdb">PL</country><country mxw-id="DS660759175" load-source="docdb">PT</country><country mxw-id="DS660641799" load-source="docdb">RO</country><country mxw-id="DS660759176" load-source="docdb">RS</country><country mxw-id="DS660643062" load-source="docdb">SE</country><country mxw-id="DS660724091" load-source="docdb">SI</country><country mxw-id="DS660724772" load-source="docdb">SK</country><country mxw-id="DS660724773" load-source="docdb">SM</country><country mxw-id="DS660646571" load-source="docdb">TR</country></ep-contracting-states><ep-extended-states><ep-extended-state-data><country>BA</country></ep-extended-state-data><ep-extended-state-data><country>ME</country></ep-extended-state-data></ep-extended-states></designated-states></international-convention-data><office-specific-data><eptags><ep-no-a-document-published>*</ep-no-a-document-published></eptags></office-specific-data></bibliographic-data><abstract mxw-id="PA139077706" ref-ucid="WO-2014128546-A1" lang="EN" load-source="patent-office"><p num="0000">The method of the utilization of carbon dioxide gas for the production of energy valuable products like formic acid, methanol and formaldehyde by the way of the low temperature conversion of carbon dioxide aqueous solutions under supercritical pressure over the heterogeneous catalyst in a form of composite membrane on the basis of the copper, zinc, and aluminium oxides supported on a carrier and activated by lead, zirconium, titanium and niobium oxides.</p></abstract><abstract mxw-id="PA139544441" ref-ucid="WO-2014128546-A1" lang="EN" source="national office" load-source="docdb"><p>The method of the utilization of carbon dioxide gas for the production of energy valuable products like formic acid, methanol and formaldehyde by the way of the low temperature conversion of carbon dioxide aqueous solutions under supercritical pressure over the heterogeneous catalyst in a form of composite membrane on the basis of the copper, zinc, and aluminium oxides supported on a carrier and activated by lead, zirconium, titanium and niobium oxides.</p></abstract><abstract mxw-id="PA139077707" ref-ucid="WO-2014128546-A1" lang="FR" load-source="patent-office"><p num="0000">L'invention concerne un procédé d'utilisation de gaz de dioxyde de carbone pour produire des matériaux valorisables énergétiques tels que l'acide formique, le méthanol et le formaldéhyde par conversion à basse température de solutions aqueuses de dioxyde de carbone à une pression supercritique sur le catalyseur hétérogène en une forme de membrane composite à base d'oxydes de cuivre, de zinc et d'aluminium pris en charge sur un support et activés par des oxydes de plomb, de zirconium, de titane et de niobium.</p></abstract><abstract mxw-id="PA139544442" ref-ucid="WO-2014128546-A1" lang="FR" source="national office" load-source="docdb"><p>L'invention concerne un procédé d'utilisation de gaz de dioxyde de carbone pour produire des matériaux valorisables énergétiques tels que l'acide formique, le méthanol et le formaldéhyde par conversion à basse température de solutions aqueuses de dioxyde de carbone à une pression supercritique sur le catalyseur hétérogène en une forme de membrane composite à base d'oxydes de cuivre, de zinc et d'aluminium pris en charge sur un support et activés par des oxydes de plomb, de zirconium, de titane et de niobium.</p></abstract><description mxw-id="PDES78477483" ref-ucid="WO-2014128546-A1" lang="EN" load-source="patent-office"><!-- EPO <DP n="2"/>--><p id="p0001" num="0001"> METHOD FOR UTILIZATION OF CARBON DIOXIDE FROM INDUSTRIAL EMISSIONS INTO ENERGETIC PRODUCTS </p><p id="p0002" num="0002">1. IPC (2012.01): C 10J 3/00, C 10J 3/04 </p><p id="p0003" num="0003">2. TECHNICAL FIELD </p><p id="p0004" num="0004">The present invention relates to fuel and power industry, namely to the application of the industrial wastes carbonic acid gas as the raw in the production of the products of energy purpose (PEP) for: </p><p id="p0005" num="0005"> - Direct receiving of the synthetic motor fuels on the basis of methanol and formic acid; </p><p id="p0006" num="0006"> - Direct incineration of the PEP in the HES (Heating Electric Stations) boilers for the production of warmth and electrical energy; </p><p id="p0007" num="0007"> - Feeding of the PEP into the processes of the fine organic and petrochemical synthesis. </p><p id="p0008" num="0008"> The application of the present invention will enable to reduce the volumes of the carbon dioxide emissions into the atmosphere owing to the utilization of the industrial wastes carbonic acid gas and to the reduction of the level of mining and processing of the traditional fossil fuels. </p><p id="p0009" num="0009">3. BACKGROUND OF THE INVENTION </p><p id="p0010" num="0010">Patent WO 2007145586A1 ([1] with the analogue [2]) discloses a known method of receiving methanol as fuel for the fuel cells from the carbon dioxide and water in the fuel cell as reactor, which consists of the cathodic zone with the cathode, anodic zone with the anode and the separating membrane. The disadvantages of such method are: - the necessity of voltage application, which, at least, must be sufficient for the decomposition of water; - requirement of 
<!-- EPO <DP n="3"/>-->
 silver (with the adding of tellurium, ruthenium or platinum) as a catalyst of the cathode reactions; - the method is a three-fold staged one. In the description of the known Pat. [1] there is no any direct information about the operating performances of the reactor and there are no data concerning the output and selectivity as to the target products. </p><p id="p0011" num="0011"> Pat. GB 2484095A [3] discloses a known method of the carbon dioxide utilization by the way of free radical conversion into methane and water, which includes interaction of C0<sub>2</sub> with hydrogen in ½ ratio under supercritical conditions of carbon dioxide (300 - 500 °C), when the process is initiated by the hydrogen peroxide, nitroxyl and perchloride radical-anions, by microwave energy, laser irradiation or by electrical field application. The following should be considered as the advantage of the method: the transformation of the carbon dioxide enhances the efficiency of the conversion process. A negative feature is that the hydrogen is used as the initial raw. Similar to the prior case there are no data about output and selectivity of the target products in the Patent description. </p><p id="p0012" num="0012"> Patent US 2012315215A1 ([4] with the analogue [5]) discloses a known method of receiving of highly effective PEP like hydrogen, hydrocarbon gases Ci-C<sub>5</sub> and liquid hydrocarbon fraction without providing any specification as to their composition. In the description of this method only molecules weight distribution of hydrocarbons is presented. It is similar to the hydrocarbon distribution in the products of the Fisher-Tropsh's synthesis and that of the hydrocarbons in the famous oil fields of Russian Federation. </p><p id="p0013" num="0013"> The method [4] and the method, as claimed, are similar as to the selection of raw (carbon dioxide as the source of carbon and water as the source of hydrogen). The authors [4] (with the analogue [5]) claim the symbiosis of two processes: Fisher-Tropsh's synthesis (interaction of CO i H<sub>2</sub> over the cobalt or iron catalysts under the temperature 190-240 °C and under the pressure till 0.5 MPa) and steam-gas conversion of methane (receiving of the mixture of H<sub>2</sub>, CO and C0<sub>2</sub> over the nickel catalysts under the temperature 800-900 °C). As 
<!-- EPO <DP n="4"/>-->
 the process, according to [4], is performed in the plastic tube reactor (L = 1000 MM, 0 = 19 M) without any information about the process temperature range, it is possible to envisage, that the temperature did not exceed of 240-280 °C, and the pressure of 0.5 MPa correspondingly. In such conditions the running of steam-gas conversion of the mixture seems to be impossible. Really, the CO+H<sub>2</sub>0 &lt;→ C0<sub>2</sub>+H<sub>2</sub> reaction displacement of equilibrium is meant here. Moreover, the hydrogen making takes place over the catalyst (iron-steam way of receiving hydrogen): 2 Fe + H<sub>2</sub>0→ Fe<sub>2</sub>0<sub>3</sub> + H<sub>2</sub>. Formed hydrogen and supplied carbon dioxide participate in the displacement of the received water gas towards the formation of CO. It is the compound, which is capable to participate in the carbon creation according to the Fisher-Tropsh's method. The formation of CO in the reactor and in the presence of water as a raw, obviously, can enable to start up the process of Fisher-Tropsh in the direction of the hydrocarbon synthesis from CO and H<sub>2</sub>0 at the temperature 210-230 °C [6], elaborated by Kolbel and Engelgardt in 1952. Nearly pure methane is received under the temperature over 300 °C. The iron catalysts with the adding of the aluminium oxides supported on the dolomite or kieselguhr are considered to be best catalysts of the method [6]. That is why the realization of the method as to the item [4] may become possible only in such an aspect. </p><p id="p0014" num="0014"> The reason for the creation of the method [4] is the analysis of the process of the hydrocarbon synthesis in the earth's bowels. The important condition of the process's running is the presence of the considerable amount of the "free" electrons, which are formed under the natural conditions in the riff fractures of the earth crust under the mechanical impacts. The electrons renew the earth's bowels oxides of the metals to the lower levels of oxidation (even to the metallic state), which can be used as the catalysts of the C0<sub>2</sub> and H<sub>2</sub>0 conversion to hydrocarbon, hydrogen and oxygen. </p><p id="p0015" num="0015"> The analysis of data on the method [4] (with the analogue [5]) demonstrates that it can be organized at the going out oil fields stratums with the 
<!-- EPO <DP n="5"/>-->
 purpose of increasing of the oil mining, and also during rational boring of the new oil wells. The supply of the C0<sub>2</sub> and H<sub>2</sub>0 mixture to them will make it possible to increase the productivity of the oil fields and to keep it stable in the process of operation owing to the production of the hydrocarbons from the carbon dioxide and water. The presented scheme of installation is a model that demonstrates the possibility of the method realization. As it was marked above, the method [4] does not include data about temperature and pressure of the process. There are no data about the rate of the process running, weight space velocity per unit of the weight or volume of the catalyst, except of the referring to the work [7] about the results of the creation of 200 cm of gas and 20 g of the liquid hydrocarbons from C0<sub>2</sub> and water for the tens of 24 hours of the experiment. </p><p id="p0016" num="0016"> So, the method patented in [4] (with an analogue [5]), for its application requires a definite type of oil or gas fields, their prior preparation and elaboration and activation of the pot-hole areas. Such preparation requires substantial capital investments with the high risk level. The latter may be reduced owing to the boring of the super deep wells (deeper than 10 km). In the pot-hole areas of such wells, at the diapiric folds, over the reduced silicon, magnesium and iron complexes, the running of the processes of obtaining hydrogen from water is possible. The latter is directed to the oil accumulating cavities for the interaction with 3 C0<sub>2</sub>. Estimated duration of the method is more than 40 years with the low level of control and possible negative result. </p><p id="p0017" num="0017"> The method, as claimed, is directed to the transformation of the mixture C0<sub>2</sub> and H<sub>2</sub>0 into hydrogen and oxygen consisting hydrocarbons (like formic acid), and it is based on the principally different approach. The method, as claimed, envisages the involving to the catalysis of the interaction of the carbon dioxide and water, not of "free" electrons, but positive ions (protons and cations), this, in the supercritical conditions on C0<sub>2</sub> + H<sub>2</sub>0, will provide the formic acid formation (CH<sub>2</sub>0<sub>2</sub>). The creation of such conditions makes it 
<!-- EPO <DP n="6"/>-->
 possible to approach such a level of rate of target products formation, which corresponds to the appropriate technological time of contact with the outgoing components, in doing so, the used reaction volumes are small, capital costs are lower and a recoupment term is short. </p><p id="p0018" num="0018"> The method on the closest analogue [8], which is the nearest one to the proposed approach of the carbon dioxide and water conversion as to the technical results, makes it possible to receive gas from the hydrocarbon and water under the temperature 390-908 °G (mostly over 440 °C) and under the pressure till 1.92 MPa. The gas consisting of Ci-C<sub>2</sub> hydrocarbons, hydrogen, carbon monoxide and oxygen, is obtained with the productivity to 750 sm<sup>3</sup>/min over catalytic complexes, which contains of C0<sub>2</sub> in the micellar capsular of the aqueous sol with the nucleus from Mg(C0<sub>3</sub>)<sub>4</sub>— Mg(OH)<sub>2</sub>*5H<sub>2.</sub> These catalytic complexes are prepared in a separate reactor according to the recipe on a specific patent [9]. Disadvantages of the closest method are: - high temperature of the process; - two-staged way;- difficulty in preparation; - impossibility of the catalytic complex regeneration. </p><p id="p0019" num="0019">4. DISCLOSURE OF THE INVENTION </p><p id="p0020" num="0020">The method, as claimed, is directed to the removal of the above mentioned disadvantages of the closest method [8]. The goal of the invention is one stage non-stop receiving of the energetic products like formic acid, formaldehyde, methanol and hydrogen by the interaction of carbon dioxide and water at the temperature lower than 360°C and under the supercritical pressure over highly productive heterogeneous catalysts. The technical result, received during the embodiment of the invention, is the following: </p><p id="p0021" num="0021"> 1. Substantial reduction of ecologically harmful emissions of the carbon oxides into the environment owing to their utilization, 
<!-- EPO <DP n="7"/>-->
 2. Obtaining of the new source of energy in a form of the formic acid, methanol and hydrogen. </p><p id="p0022" num="0022"> 3. Obtaining of the carbon raw for the production of the blanching materials, solvents (the monomers production), preserving additions</p><p id="p0023" num="0023">(agricultural fodder) and poisonous chemicals (elimination of pests), and also obtaining of the plastic and deepening of the oil refining into the light oil products. </p><p id="p0024" num="0024"> The basis of the proposed method of the carbon acid gas utilization and obtaining of the liquid energetic products is the low temperature process of the carbonatation of the active centers of the catalyst by the carbon dioxide, that results in the formation of the carbonate complex, which in the presence of water can be transformed into a formate complex. This complex can be transformed into the formic acid HCOOH or methanol CH<sub>3</sub>OH. The fixed aim and technical result of the invention are reached owing to that fact, that water saturated by the carbon dioxide is supplied at the temperature 240-360 °C and under the pressure 24.0-30.0 MPa till the solid catalytic contact in the form of the composite membrane from the mixture of the oxides of copper, zinc and aluminium activated by the oxides of titanium, lead, 
<img id="imgf000007_0001" he="8" wi="45" file="imgf000007_0001.tif" img-format="tif" img-content="drawing" orientation="portrait" inline="no"/>
 </p><p id="p0025" num="0025">supported on a carrier stable in the gas and aqueous media. The received products (formic acid, formaldehyde, methanol, hydrogen, methane - examples 1-4) are separated in appropriate sections. The description of these sections is not included into the invention object. It is known, that the by-products of the formate complex decomposition can also be methyl formate, acetone, methane, ethane [10]. </p><p id="p0026" num="0026">5. DRAWINGS </p><p id="p0027" num="0027">Fig. 1. The schematic diagram of the laboratory installation of carbon dioxide transformation 
<!-- EPO <DP n="8"/>-->
 6. DETAIL DESCRIPTION OF THE INVENTION The schematic diagram of the laboratory installation of the method, as claimed, is presented at the Fig. 1. The carbon dioxide from the gasholder (7) is pressed in the supercharging (forcing) compressor (2) and supplied to the mixer (3) with the specified gas flow rate, so as to be mixed with the desalted water. The water from the tank (4) is supplied with the specified flow rate by the high pressure pump (5) and heated in the heat exchanger (6) by the products going out from the reactor (7). The mixture received in the mixer (3) is heated in the electric oven (8) to the programed temperature (240-360 °C) than it goes to the reactor (7). </p><p id="p0028" num="0028"> The reactor (7) is a hollow cylinder made of the stainless steel 300 mm long and with the internal diameter of 28 mm, where the perforated tube is located in the center, which serves as a collector of the formed products and of unconverted raw. The layers of the composed catalyst on the thermo resistant carrier are located coaxially to the central collective tube. When the reactor is constructed this way, the going out reactive mixture moves horizontally from the reactor's walls, passes between the catalytic layers thus reacting, than it is born into the general collector, thus it goes out of the reactor. The products are cooled down by the initial water in the heat exchange (6), throttled till the atmosphere pressure by the valve (9) and come to the separator (10) for the separation of the gas and liquid phases. The amount of these phases is determined by the flow meters (11), while their composition is analyzed by the chromatography method. </p><p id="p0029" num="0029"> The realization of the proposed method in comparison with the closest analogue [8] is demonstrated by the examples given in the table with description, presented below. In all investigations the distilled water with the flow rate of 33±0.2 g/hour and the carbon dioxide of high sort with the flow rate of 1.5±0.05 g/hour were used as the initial raw. The catalyst with the weight of 0.662g has been investigated without reloading. 
<!-- EPO <DP n="9"/>-->
 The technological parameters and the results of experiments according to the method, as claimed, with the closest analogue are shown in the Table in comparison. The catalyst efficiency as a rate of carbon dioxide transformation in terms of elementary carbon is considered to be the main evaluating parameter. Such recalculation is introduced so as to simplify the comparison of the results according to the method, as claimed, with the closest analogue, in accordance to which the carbon is supplied to the reactor not only from the initial C0<sub>2</sub>, but also as a component of the catalytic complexes, associated with the magnesium carbonates in a process of their preparation by way of carbonatation, added to reactor mixture as a promoter of calcium carbonate type (example 1, sample 1 according to the closest analogue [8]), introduced into the reactor mixture in the coal composition as a carrier (example 2, sample 3 according to the closest analogue), than it can pass into the target products. This made the evaluation of the catalyst efficiency according to the closest analogue much more difficult and it made the output of the carbon containing products substantially higher. Bringing (matching) of the indices to the total introduced carbon made it possible to bring to balance the known data according to the closest analogue [8] and to collate them correctly with the obtained results according to the method, as claimed. The conversion of the water transformation, which serves as a second reagent and supplied into the reactor in extra amount, has been evaluated according to the hydrogen content in the gas phase and in analyzed hydrogen containing products of the liquid phase. </p><p id="p0030" num="0030"> Example 1. The carbonic acid gas from the gas holder (item 1 Fig. 1) was pressed till 24.0 Pa by the compressor (2) and supplied to the mixer (3) so as to be mixed with the distilled water, which from the tank (2) was surcharged by the compressor (5) under the same pressure. The ratio of the used carbon dioxide and water was kept 6.5 and 140 g hour, according to the table (table, column 3, lines 6 and 7/), the process was controlled by the flow meters (4). The compressed water first was preheated up in the heat exchanger (6) by the 
<!-- EPO <DP n="10"/>-->
 mixture of the products and unconverted raw, which went out of the reactor (7). The mixture CO<sub>2</sub>+H<sub>2</sub>O from the mixer (3) was supplied into the electrical oven (8), where it was heated up till the temperature 240 °C (table 1, column 3, line 15), which was controlled with the electric oven (8). The heated mixture from the oven was supplied downwards to the reactor (7, with the additional oven for maintaining temperature) to the catalyst layer located on the flexible carrier, in the direction from the reactor's wall towards the center, where the collecting tube was installed. By this tube the reaction products and unconverted raw were passed to the heat exchanger (6). After cooling down and throttling by the pressure controller (9) the products were supplied into the separator (10). The investigation time was 252 minutes. After the reaction water supply was stopped; the heating ovens were switched off; the reactive system was cooled and sealed in C0<sub>2</sub> atmosphere. After that the catalyst could be used in the further experiments without reloading. </p><p id="p0031" num="0031"> During the experimental investigations gas and liquid phases were sampled from the separator (10), if necessary these phases were reduced to normal conditions, their quantitative and qualitative composition were determined at appropriate chromatographs. The obtained analytical data as to the gas and liquid composition are presented at the table (column 3, lines 28-37). </p><p id="p0032" num="0032"> Example 2 and 3. </p><p id="p0033" num="0033"> In the examples 2 and 3, unlike the example 1, the temperature was increased to 270 and 280 °C, while investigation time made up 240 and 288 minutes respectively. The pressure in the reactor in both examples reached 27.0 MPa. The catalyst (without reloading) and flow rates of the C0<sub>2</sub> and H<sub>2</sub>0 were analogues those described in the example 1. </p><p id="p0034" num="0034"> The obtained analytic data of the gas and liquid phases are presented in the table in the columns 4 and 5 respectively. </p><p id="p0035" num="0035"> Example 4. In the example 4, unlike the examples 2 and 3, the temperature of the reaction mixture was increased to 295 °C and the reaction time was 318 
<!-- EPO <DP n="11"/>-->
 minutes. As to the pressure, it remained analogues to the examples 2 end 3 (approached to 27 MPa). The catalyst (without reloading) and flow rates of the CO2 and H<sub>2</sub>0 were analogues to those described in the example 1. </p><p id="p0036" num="0036"> The obtained analytical data of the gas and liquid phase are presented in the table (column 6). </p><p id="p0037" num="0037"> So, the examples 1-4 demonstrate the possibility of the realization of carbon acid gas conversion in the water medium over the catalyst on the basis of the oxides of the metals Cu, Zn, Al supported on the hard or flexible carrier in the form of the membranes, activated by the titanium, barium, lead and niobium oxides. The highest specific productivity of such catalyst for the carbon transformation at the temperature 280-295 °C under the pressure to 27 MPa, reaches about 0,06 g/(g<sub>cat</sub>"h), compared with the productivity of the analogue, presented in the table (column 8 line 50) and obtained under the temperature 460 °C during 150 minutes. </p><p id="p0038" num="0038"> Especially, it is necessary to underline, that in the presented examples the trend of the method towards the formation of the liquid products is exactly shown, especially as concerns the formic acid, formaldehyde and methanol (with the selectivity of 95-99 %) unlike the closest analogue, where C0<sub>2</sub> is practically entirely transformed into the gas products like CO, methane and ethane. </p><p id="p0039" num="0039"> The comparison of the examples 2, 3 and 4 demonstrates that the higher the temperature the bigger the catalyst activity as concerns both the gas products and the target liquid products formation, the formic acid, in particular. The ratio of the carbon content in the gas and liquid phases increases to some extend under the higher temperature, it is caused by the acceleration of the methane formation process. Likely to the temperature function of the methane formation rate, the rate of the hydrogen formation increases with temperature increase. The highest productivity of hydrogen according to the method, as claimed, is reached 0.05-0.06 g/(g<sub>cat</sub>-h) at the temperature 295 °C (example 4). The obtained index on it's absolute value is to some extend better than the corresponding indices for 
<!-- EPO <DP n="12"/>-->
 the example 2 (sample 3), according to the closest analogue (table, column 8, line 54) and it is much more worse for the example 1 (sample 1, column 7, line 54). But the substantial difference in the efficiency of the catalyst in the carbon transformation according to the closest analogue [8] is a very significant and is explained by the fact, that the authors referred CaC0<sub>3</sub> according to the closest analogue to the coreagent (example 1) and the coal -— to the carrier (example 3). Though such doping of the active complex during the carbonation process in situ results in the additives like coal and CaC0<sub>3</sub> is transferred into the rank of the components of the active catalytic complex, as they also participate in the carbonatation. In the case, when they aren't taken into account, the efficiency calculation gives slightly higher absolute values. </p><p id="p0040" num="0040"> When the investigations (examples 1-4) were put into practice, according to the method, as claimed, it was marked, that the catalyst activity reduction was not present during the experimental term. It enables us to envisage the term of the catalyst work without regeneration is at least a year, unlike the method according to the closest analogue [8], where the work of the catalytic complex has three stages: the increment of the efficiency in the transformation; the maximum efficiency; breaking up of the catalytic complex with the loss of the activity. </p><p id="p0041" num="0041"> The comparative analysis of the experimental investigations results of the conversion of the carbon dioxide by water at the described installation with the data of the closest analogue US571008 demonstrated that the method according to the closest analogue and the method, as claimed have their common characteristics: </p><p id="p0042" num="0042"> — Both methods are intended for the carbon acid gas processing with the usage of water as the source of hydrogen; </p><p id="p0043" num="0043"> - Both method envisage the applications of catalytic systems including those supported on the carriers; 
<!-- EPO <DP n="13"/>-->
 - In both cases the authors, so as to explain the composition of the obtained products, adhere to the formate mechanism of the chemical transformations, which run on the catalytic surface. The marked common characteristics were the reasons of choosing of the Patent</p><p id="p0044" num="0044">US5710087 as the closest analogue. </p><p id="p0045" num="0045"> At the same time, the numbers of differentiating features were also revealed between the method according to the closest analogue and the method, as claimed: </p><p id="p0046" num="0046"> - The main distinction is the difference of the qualitative and quantitative compositions of the obtained products. So, the gas phase from the separator, according to the method, as claimed, contains in its compositions unconverted carbon acid gas (C0<sub>2</sub>) and hydrogen, while the gas phase, according to the closest analogue is composed primarily from the carbon monoxide (CO), methane and hydrogen with the substantial quantity of low hydrocarbons and hydrogen sulfide. The target product of the liquid phase from the separator, according to the method, as claimed, is the formic acid with the selectivity of more than 95 %. The authors of the closest analogue just indicated to the presence of the water-soluble compounds of magnesium and calcium in the liquid phase; </p><p id="p0047" num="0047"> - The important difference in the composition of the obtained products determines another differentiating feature - that is in the further usage of the products. In particular, the gas phase, which according to the closest analogue, is the target one, and contains CO, CH<sub>4</sub> i ¾, is positioned as the synthetic gas raw for various chemical productions. The obtained liquid phase, which is the target one, according to the method, as claimed, after the separation stage, provides readymade marketable goods, which don't require further processing; </p><p id="p0048" num="0048"> - The formulated difference in the composition of the gas and liquid phases, according to the closest analogue and to the method, as claimed, is first of all, explained by the differences in the nature of the used catalysts. Notwithstanding 
<!-- EPO <DP n="14"/>-->
 the statement of the authors of the closest analogue concerning the fact, that the C0<sub>2</sub> conversion by the method, according the closest analogue, is realized on the basis of formate mechanism; </p><p id="p0049" num="0049"> - The application of the catalysts according to the method, as claimed, makes it possible to decrease the temperature regimes. So, according to the closest analogue, the range of the operating temperature makes up 440-460 °C, while in the method, as claimed, it makes up 240-360 °C; </p><p id="p0050" num="0050"> - A dramatic difference between the closest analogue and the method, as claimed, is the availability of the stage of the direct preparation of the catalytic complex in the first case and the usage of the heterogeneous catalyst during a year with the possibility of its regeneration next year; </p><p id="p0051" num="0051"> - The usage of the heterogeneous catalyst makes it possible to switch the conversion process into the non-stop regime according to the method, as claimed, unlike half periodical regime according to the closest analogue; </p><p id="p0052" num="0052"> - The method according to the closest analogue and the method, as claimed, considerably differ in the pressure within the reaction equipment: in the method according to the closest analogue the pressure does not exceed 1.9 MPa, and in the method, as claimed, the pressure is not lower than 24.0 MPa. The high pressure provides decrease of the reaction equipment size; </p><p id="p0053" num="0053"> - The defined values of the temperature and pressure provide the running of the process under supercritical conditions for the carbon dioxide and subcritical conditions for water; </p><p id="p0054" num="0054"> - The difference in technological parameters explains the differences in the phases system in the reactor: the method, according to the closest analogue, can be referred to the classic vapor-phase one, and as to the method, as claimed, it can be referred to the gas-liquid-solid-phase one. </p><p id="p0055" num="0055"> - Unlike the closest analogue, the method, as claimed, is characterized by the absence of the wastes, which require additional processing or burial. 
<!-- EPO <DP n="15"/>-->
 Mr. A.I. Bobkov </p><p id="p0056" num="0056">Mr. A.G. Boiko </p><p id="p0057" num="0057">Mr. V.A. Bortyshevskyi Mrs. R.V. Korzh </p><p id="p0058" num="0058">Mr. A.T. Khoroshykh 
<!-- EPO <DP n="16"/>-->
</p><p id="p0059" num="0059">Reference </p><p id="p0060" num="0060">Pat. WO 2007145586A1, IPC C07C 29/159, C07C 29/136, C07C 31/04, C07C 47/04, C07C 29/14, C07C 45/66, C07C 45/66, C07C 53/02, C25B 9/18, BOLT 21/06, B01J 21/08, B01J 21/18, B01J 23/42, B01J 23/46, BOIJ 23/50, BOIJ 27/057. A Method and a Reactor for Making Methanol: Pat.</p><p id="p0061" num="0061">WO 2007145586, IPC C07C 29/159, C07C 29/136, C07C 31/04, C07C 47/04, C07C 29/14, C07C 45/66, C07C 45/66, C07C 53/02, C25B 9/18, BOIJ 21/06, BOIJ 21/08, BOIJ 21/18, BOIJ 23/42, BOIJ 23/46, BOIJ 23/50, BOIJ 27/057. Dahlberg O., Larsson A.; Morphic Technologies Aktiebolag (Pbl.). - Appl. # PCT/SE2007050418; Appl. 14/06/2007;</p><p id="p0062" num="0062">Publ. 21/12/2007. - 17 p. </p><p id="p0063" num="0063">Pat. US 20090246572A1, Int. Cl. HOIM 8/04, HOIM 8/18 (2006.01). Method and a Reactor for Making Methanol: Pat. US 20090246572, Int. Cl. H01M 8/04, HOIM 8/18 (2006.01). Dahlberg O,, Larsson A.; Morphic Technologies Aktiebolag (Pbl.). - Appl. # 12/303349; Appl. 14/06/2007;</p><p id="p0064" num="0064">Publ. 01/10/2009. - 4 p. </p><p id="p0065" num="0065">Pat. GB 2484095A, Int. Cl. C07C 1/12, COIB 31/20 (2006.01). C0<sub>2</sub> Recovery Method: Pat. GB 2484095, Int. Cl. C07C 1/12, COIB 31/20 (2006.01). Lovda K.; Lovda K.. - Appl. # 1016345.9; Appl. 29/09/2010; Publ. 04/04/2012. - 8 p. </p><p id="p0066" num="0066">Pat. US 2012315215A1, Int. Cl. COIB 3/04, COIB 13/02, C07C 1/02 (2006.01). Method of Hydrocarbons and Hydrogen Production from Water and Carbon Dioxide: Pat. US 2012315215A1, Int. Cl. COIB 3/04, COIB 13/02, C07C 1/02 (2006.01). Barenbaum A.A., Zakirov S.N., Serebryakov V.A; Galadigma LLC. - Appl. # 13/578222 Appl.</p><p id="p0067" num="0067">26/12/2011; Publ. 13/12/2012. - 7 p. </p><p id="p0068" num="0068">Pat. WO2012090075 A2, IPC C01G 2/00 (2006.01). Method of Hydrocarbons and Hydrogen Production from Water and Carbon Dioxide Pat. WO2012090075A2, IPC C01G 2/00 (2006.01). Barenbaum A.A., 
<!-- EPO <DP n="17"/>-->
 Zakirov S.N., Zakirov E. S., Serebryakov V.A; Galadigma LLC. - Appl. # PCT/IB2011/003347, Appl. 26/12/2011; Publ. 05/07/2012. - 23 p. </p><p id="p0069" num="0069"> ¾ojiroB B.H. KaTajiH3 B opraHH¾ecKO¾ XHMHH. - M.: IIpocBemeHHe, 1959. - 810 c. </p><p id="p0070" num="0070"> ¾pcKH¾ H.B., HapeB Β.Π. MexaHH3M CHHTe3a yrjieBo,¾opo,a;oB m</p><p id="p0071" num="0071">HeopraHHHeCKHX COeflHHeHHH B BepXHHX CJIOaX 3eMHOH KOpH // ^OKJiaAbl</p><p id="p0072" num="0072">AKa^eMHH Hayx CCCP. - 1984. - T. 279, Jfe 3. - C. 730-735. </p><p id="p0073" num="0073"> Pat. US5710087 Int.Cl.<sup>6</sup> B01J 23/02, CIOG 1/00, C01B 31/18, C01B 13/02. Process for Catalytic Conversion of Water and Carbon Dioxide to Low Cost Energy, Hydrogen, Carbon Monoxide, Oxygen and Hydrocarbons: Pat. US5710087 Int.Cl.<sup>6</sup> B01J 23/02, CIOG 1/00, C01B 31/18, CO IB 13/02. Swanson R.C.; Swanson R.C. - Appl. 476199, Appl. 07/06/1995; Publ. 20/01/1998. - 7 p. </p><p id="p0074" num="0074"> Pat. US5516742A, Int.Cl.<sup>6</sup> B01J 23/02. Catalytic Conversion of Water and Carbon Dioxide to Low Cost Energy, Hydrogen, Carbon Monoxide, Oxygen and Hydrocarbons: Pat. US5516742A, Iin.Cl.<sup>6</sup> B01J 23/02. Swanson R.C.; Swanson R.C. - Appl. 313433, Appl. 27/09/1994; Publ. 14/05/1996. - 6 p.</p><p id="p0075" num="0075"> .O MexaHH3Me npeBpa¾eHH¾ MeTaHOJia Ha Zr0<sub>2</sub> H 5 % Cu/Zr0<sub>2</sub> no ^aHHWM HK-cneierpocKonHH in-situ // KimeTHKa H KaTajiH3. - 2010. - T. 
<img id="imgf000017_0001" he="6" wi="46" file="imgf000017_0001.tif" img-format="tif" img-content="drawing" orientation="portrait" inline="no"/>
 </p><p id="p0076" num="0076">http://ru.wikipedia.org/wiki/OKCH _ajiK)MHHH«. 
<!-- EPO <DP n="18"/>-->
 Table— Comparative table of the processes' parameters on the method, as claimed, and the closest analogue [8] </p><p id="p0077" num="0077"><img id="imgf000018_0001" he="145" wi="254" file="imgf000018_0001.tif" img-format="tif" img-content="table" orientation="landscape" inline="no"/><!-- EPO <DP n="19"/>--></p><p id="p0078" num="0078"><img id="imgf000019_0001" he="137" wi="254" file="imgf000019_0001.tif" img-format="tif" img-content="table" orientation="landscape" inline="no"/></p><p id="p0079" num="0079"> Notes: 1. Density of the aluminium oxide is accepted equal to 3.99 g cm [11]; </p><p id="p0080" num="0080"> 2. As estimated the carbon content in the coall Illinois #5/6 makes up 44 %, mass;</p><p id="p0081" num="0081">3 .The value is lowered due to unknown weight of the carbon from the carbon dioxide;</p><p id="p0082" num="0082">4 The losses are included; </p><p id="p0083" num="0083"> 5 Except of C0<sub>2</sub> as an initial reagent. 
</p></description><claims mxw-id="PCLM70077756" ref-ucid="WO-2014128546-A1" lang="EN" load-source="patent-office"><claim id="clm-0001" num="0001"><!-- EPO <DP n="20"/>--><claim-text/><claim-text>CLAIMS </claim-text><claim-text> A method for the carbonic acid gas utilization by the way of the catalytic carbonatation of aqueous solutions comprising: </claim-text><claim-text> the compressing of initial carbon dioxide to the pressure higher than the critical value and mixing with t6e supercritical water, </claim-text><claim-text> heating the mix to the supercritical temperature, </claim-text><claim-text> than the mix's feeding in a continuous mode into the reactionary facility consisting of the heterogeneous catalyst on the basis of the copper, zinc, and aluminium oxides, made in a form of membranes on a flexible or hard carrier and activated by lead, zirconium, titanium and niobium oxides, </claim-text><claim-text> for the receiving of crude formic acid, methanol and formaldehyde intended for generating energy with the conversion per pass from 3 to 10 %. </claim-text><claim-text> The method according to claim 1, wherein the receiving of the liquid products is followed by the generation of hydrogen and methane in amount of 0.63-0.68 and 0.07- 0.123 mole per mole of the converted carbon. </claim-text><claim-text> The method according to claim 1, wherein the heterogeneous catalyst on the basis of the copper, zinc and aluminum oxides in mass ratio (50-63)/(35-20)/(2-30), preferably (50- 56)/(28-24)/(16-26), made in a form of membranes on the flexible or hard carrier and activated by the lead, zirconium, titanium, and niobium oxides in the following ratio (50-65)/(20-30)/(20-30)/(0,5-4,5), preferably (58-60)/(20-22)/(15,5-20)/(2-2,5). </claim-text><claim-text> The method according to claim 1, wherein the temperature in the reactionary facility is maintained in the subcritical range 220-360 °C, and supercritical pressure is maintained within 22.2-50.0 MPa. </claim-text><claim-text> The method according to claim 1, wherein the carbon dioxide aqueous solution with mass concentration of the carbon dioxide 3-12 % is supplied to the reactionary facility in the mass ratio of water /carbon dioxide /catalyst (20-50)/(0.5-4)/l. </claim-text><claim-text>Mr. A. Bobkov </claim-text><claim-text> Mr. A. Boiko </claim-text><claim-text> Mr. V. Bortyshevskyi </claim-text><claim-text> Ms. R. Korzh </claim-text><claim-text> Mr. A. Khoroshykh 
</claim-text></claim></claims><copyright>User acknowledges that Fairview Research LLC and its third party providers retain all right, title and interest in and to this xml under applicable copyright laws.  User acquires no ownership rights to this xml including but not limited to its format.  User hereby accepts the terms and conditions of the Licence Agreement</copyright></patent-document>
