<?xml version="1.0" encoding="UTF-8"?>
<patent-document ucid="EP-2678214-A1" country="EP" doc-number="2678214" kind="A1" date="20140101" family-id="45815504" file-reference-id="318301" date-produced="20180826" status="corrected" lang="DE"><bibliographic-data><publication-reference fvid="146551334" ucid="EP-2678214-A1"><document-id><country>EP</country><doc-number>2678214</doc-number><kind>A1</kind><date>20140101</date><lang>DE</lang></document-id></publication-reference><application-reference ucid="EP-12708266-A" is-representative="NO"><document-id mxw-id="PAPP154825257" load-source="docdb" format="epo"><country>EP</country><doc-number>12708266</doc-number><kind>A</kind><date>20120215</date><lang>DE</lang></document-id><document-id mxw-id="PAPP220438376" load-source="docdb" format="original"><country>EP</country><doc-number>12708266.7</doc-number><date>20120215</date></document-id></application-reference><priority-claims><priority-claim mxw-id="PPC140449348" ucid="DE-202011003063-U" load-source="docdb"><document-id format="epo"><country>DE</country><doc-number>202011003063</doc-number><kind>U</kind><date>20110222</date></document-id></priority-claim><priority-claim mxw-id="PPC140452651" ucid="DE-202011003064-U" load-source="docdb"><document-id format="epo"><country>DE</country><doc-number>202011003064</doc-number><kind>U</kind><date>20110222</date></document-id></priority-claim><priority-claim mxw-id="PPC140448383" ucid="EP-2012052635-W" linkage-type="W" load-source="docdb"><document-id format="epo"><country>EP</country><doc-number>2012052635</doc-number><kind>W</kind><date>20120215</date></document-id></priority-claim></priority-claims><technical-data><classifications-ipcr><classification-ipcr mxw-id="PCL1988120309" load-source="docdb">B62J   9/00        20060101AFI20120914BHEP        </classification-ipcr></classifications-ipcr><classifications-cpc><classification-cpc mxw-id="PCL1988100945" load-source="docdb" scheme="CPC">B62J   9/001       20130101 LI20130101BHEP        </classification-cpc><classification-cpc mxw-id="PCL1988129225" load-source="docdb" scheme="CPC">B62J   9/00        20130101 FI20130101BHEP        </classification-cpc><classification-cpc mxw-id="PCL1988134576" load-source="docdb" scheme="CPC">B62J   9/005       20130101 LI20130101BHEP        </classification-cpc></classifications-cpc><invention-title mxw-id="PT132186486" lang="DE" load-source="patent-office">FAHRRADTASCHE ZUR BEFESTIGUNG IM FAHRRADRAHMEN</invention-title><invention-title mxw-id="PT132186487" lang="EN" load-source="patent-office">BICYCLE BAG FOR ATTACHMENT TO A BICYCLE FRAME</invention-title><invention-title mxw-id="PT132186488" lang="FR" load-source="patent-office">SACOCHE DE BICYCLETTE À FIXER AU CADRE DE BICYCLETTE</invention-title><citations><non-patent-citations><nplcit><text>See references of WO 2012113694A1</text><sources><source mxw-id="PNPL67451950" load-source="docdb" name="SEA"/></sources></nplcit></non-patent-citations></citations></technical-data><parties><applicants><applicant mxw-id="PPAR918145365" load-source="docdb" sequence="1" format="epo"><addressbook><last-name>HEFTER CHRISTIAN</last-name><address><country>DE</country></address></addressbook></applicant><applicant mxw-id="PPAR918173040" load-source="docdb" sequence="1" format="intermediate"><addressbook><last-name>HEFTER, CHRISTIAN</last-name></addressbook></applicant><applicant mxw-id="PPAR918991378" load-source="patent-office" sequence="1" format="original"><addressbook><last-name>Hefter, Christian</last-name><iid>101334997</iid><address><street>Bernauerstraße 77</street><city>83209 Prien</city><country>DE</country></address></addressbook></applicant></applicants><inventors><inventor mxw-id="PPAR918139677" load-source="docdb" sequence="1" format="epo"><addressbook><last-name>HEFTER CHRISTIAN</last-name><address><country>DE</country></address></addressbook></inventor><inventor mxw-id="PPAR918166204" load-source="docdb" sequence="1" format="intermediate"><addressbook><last-name>HEFTER, CHRISTIAN</last-name></addressbook></inventor><inventor mxw-id="PPAR918979865" load-source="patent-office" sequence="1" format="original"><addressbook><last-name>HEFTER, CHRISTIAN</last-name><address><street>Bernauerstraße 77</street><city>83209 Prien</city><country>DE</country></address></addressbook></inventor></inventors><agents><agent mxw-id="PPAR918984281" load-source="patent-office" sequence="1" format="original"><addressbook><last-name>Einsiedler, Johannes</last-name><suffix>et al</suffix><iid>101298012</iid><address><street>PM&amp;L Patentanwaltskanzlei Goethestraße 8a</street><city>83209 Prien am Chiemsee</city><country>DE</country></address></addressbook></agent></agents></parties><international-convention-data><pct-or-regional-filing-data ucid="EP-2012052635-W"><document-id><country>EP</country><doc-number>2012052635</doc-number><kind>W</kind><date>20120215</date><lang>DE</lang></document-id></pct-or-regional-filing-data><pct-or-regional-publishing-data ucid="WO-2012113694-A1"><document-id><country>WO</country><doc-number>2012113694</doc-number><kind>A1</kind><date>20120830</date><lang>DE</lang></document-id></pct-or-regional-publishing-data><designated-states><ep-contracting-states><country mxw-id="DS548930247" load-source="docdb">AL</country><country mxw-id="DS548931808" load-source="docdb">AT</country><country mxw-id="DS548930248" load-source="docdb">BE</country><country mxw-id="DS548816360" load-source="docdb">BG</country><country mxw-id="DS548935222" load-source="docdb">CH</country><country mxw-id="DS548866155" load-source="docdb">CY</country><country mxw-id="DS548931809" load-source="docdb">CZ</country><country mxw-id="DS548930249" load-source="docdb">DE</country><country mxw-id="DS548866156" load-source="docdb">DK</country><country mxw-id="DS548866157" load-source="docdb">EE</country><country mxw-id="DS548927560" load-source="docdb">ES</country><country mxw-id="DS548816361" load-source="docdb">FI</country><country mxw-id="DS548816362" load-source="docdb">FR</country><country mxw-id="DS548930250" load-source="docdb">GB</country><country mxw-id="DS548866158" load-source="docdb">GR</country><country mxw-id="DS548930251" load-source="docdb">HR</country><country mxw-id="DS548931814" load-source="docdb">HU</country><country mxw-id="DS548935223" load-source="docdb">IE</country><country mxw-id="DS548930252" load-source="docdb">IS</country><country mxw-id="DS548816363" load-source="docdb">IT</country><country mxw-id="DS548866159" load-source="docdb">LI</country><country mxw-id="DS548915389" load-source="docdb">LT</country><country mxw-id="DS548931815" load-source="docdb">LU</country><country mxw-id="DS548915394" load-source="docdb">LV</country><country mxw-id="DS548915395" load-source="docdb">MC</country><country mxw-id="DS548837794" load-source="docdb">MK</country><country mxw-id="DS548837795" load-source="docdb">MT</country><country mxw-id="DS548930253" load-source="docdb">NL</country><country mxw-id="DS548816364" load-source="docdb">NO</country><country mxw-id="DS548930254" load-source="docdb">PL</country><country mxw-id="DS548935224" load-source="docdb">PT</country><country mxw-id="DS548930255" load-source="docdb">RO</country><country mxw-id="DS548935225" load-source="docdb">RS</country><country mxw-id="DS548930256" load-source="docdb">SE</country><country mxw-id="DS548935226" load-source="docdb">SI</country><country mxw-id="DS548915396" load-source="docdb">SK</country><country mxw-id="DS548915397" load-source="docdb">SM</country><country mxw-id="DS548866160" load-source="docdb">TR</country></ep-contracting-states></designated-states></international-convention-data><office-specific-data><eptags><ep-no-a-document-published>*</ep-no-a-document-published></eptags></office-specific-data></bibliographic-data><abstract mxw-id="PA99625734" ref-ucid="WO-2012113694-A1" lang="DE" load-source="patent-office"><p num="0000">Die Erfindung betrifft eine Fahrradrahmentasche (1), mit einer Außenkontur (2), die im Wesentlichen der eines durch Oberrohr, Sattelrohr und Unterrohr eines klassischen Diamantfahrradrahmens gebildeten Dreiecks entspricht, zumindest umfassend einen steifen, formstabilen oder mit einem formgebenden Element beaufschlagten Taschenkörper (3) und einen Taschenboden (4), die gekennzeichnet ist, durch eine Ausgleichsvorrichtung.</p></abstract><abstract mxw-id="PA99824253" ref-ucid="WO-2012113694-A1" lang="DE" source="national office" load-source="docdb"><p>Die Erfindung betrifft eine Fahrradrahmentasche (1), mit einer Außenkontur (2), die im Wesentlichen der eines durch Oberrohr, Sattelrohr und Unterrohr eines klassischen Diamantfahrradrahmens gebildeten Dreiecks entspricht, zumindest umfassend einen steifen, formstabilen oder mit einem formgebenden Element beaufschlagten Taschenkörper (3) und einen Taschenboden (4), die gekennzeichnet ist, durch eine Ausgleichsvorrichtung.</p></abstract><abstract mxw-id="PA99625735" ref-ucid="WO-2012113694-A1" lang="EN" load-source="patent-office"><p num="0000">The invention relates to a bicycle frame bag (1), having an outer contour (2), which substantially corresponds to that of a triangle formed by the top tube, seat tube and down tube of a classic diamond bicycle frame, at least comprising a bag body (3) that is rigid, dimensionally stable or supplied with a shaping element and a bag bottom (4), characterized by an equalizing device.</p></abstract><abstract mxw-id="PA99824254" ref-ucid="WO-2012113694-A1" lang="EN" source="national office" load-source="docdb"><p>The invention relates to a bicycle frame bag (1), having an outer contour (2), which substantially corresponds to that of a triangle formed by the top tube, seat tube and down tube of a classic diamond bicycle frame, at least comprising a bag body (3) that is rigid, dimensionally stable or supplied with a shaping element and a bag bottom (4), characterized by an equalizing device.</p></abstract><abstract mxw-id="PA99625736" ref-ucid="WO-2012113694-A1" lang="FR" load-source="patent-office"><p num="0000">L'invention concerne une sacoche (1) de cadre de bicyclette ayant un contour extérieur (2) qui correspond pratiquement à celui d'un triangle formé par le tube supérieur, le tube de selle et le tube inférieur d'un cadre classique de bicyclette Diamant, comprenant au moins un corps (3) de sacoche rigide, de forme stable ou soumis à l'effet d'un élément donnant forme et un fond (4) de sacoche. La sacoche est caractérisée par un dispositif d'équilibrage.</p></abstract><abstract mxw-id="PA99824255" ref-ucid="WO-2012113694-A1" lang="FR" source="national office" load-source="docdb"><p>L'invention concerne une sacoche (1) de cadre de bicyclette ayant un contour extérieur (2) qui correspond pratiquement à celui d'un triangle formé par le tube supérieur, le tube de selle et le tube inférieur d'un cadre classique de bicyclette Diamant, comprenant au moins un corps (3) de sacoche rigide, de forme stable ou soumis à l'effet d'un élément donnant forme et un fond (4) de sacoche. La sacoche est caractérisée par un dispositif d'équilibrage.</p></abstract><description mxw-id="PDES50931375" ref-ucid="WO-2012113694-A1" lang="DE" load-source="patent-office"><!-- EPO <DP n="2"/>--><p id="p0001" num="0001"> FAHRRADTASCHE ZUR BEFESTIGUNG IM FAHRRADRAHMEN </p><p id="p0002" num="0002">Die Erfindung betrifft eine Fahrradrahmentasche mit einer Außenkontur, die im </p><p id="p0003" num="0003">Wesentlichen der eines durch Oberrohr, Sattelrohr und Unterrohr eines klassischen Diamantfahrradrahmens gebildeten Dreiecks entspricht. </p><p id="p0004" num="0004">Fahrradtaschen sind üblicherweise am Gepäckträger oder am Lenker eines Fahrrades befestigt. Die auf oder parallel am Gepäckträger angebrachten Taschen haben mit zunehmender Beladung eine im Hinblick auf das Lenkverhalten nachteilige </p><p id="p0005" num="0005">Schwerpunktverlagerung zur Folge. Zudem ist ein sicheres Abstellen mithilfe eines Fahrradständers gegebenenfalls nicht möglich, da das Vorderrad entlastet ist. Ein Herausnehmen von Gegenständen während der Fahrt ist nicht möglich. </p><p id="p0006" num="0006">Auch eine am Lenker befestigte Fahrradtasche hat mit zunehmender Beladung eine im Hinblick auf das Lenkverhalten nachteilige Schwerpunktverlagerung, in diesem Fall in Richtung Vorderrad, zur Folge. </p><p id="p0007" num="0007">Vor diesem Hintergrund wurde eine Fahrradrahmentasche entwickelt und in der DE 20 2006 013 433 IM offenbart, die im Bereich zwischen einem Oberrohr, einem Sattelrohr und mindestens einem Unterrohr eines Fahrradrahmens anordenbar ist und sich nach unten bis zu dem einen Unterrohr erstreckt, mit einer Seitenklappe zum seitlichen Öffnen der Fahrradtasche, mit einem Bodenteil, das auf das mindestens eine Unterrohr aufsetzbar oder an diesem einhängbar ist, einem dem Sattelrohr zugewandten Rückenteil und einer dem Oberrohr zugewandten oberen Wand, die dadurch gekennzeichnet ist, dass das Rückenteil eine mit dem Sattelrohr verrastbare Rasteinrichtung zur seitlichen Führung der Fahrradtasche am Sattelrohr aufweist. </p><p id="p0008" num="0008">Das mit einer Fahrradrahmentasche ausfüllbare Volumen bzw. der mit einer </p><p id="p0009" num="0009">Fahrradrahmentasche ausfüllbare Bereich zwischen Oberrohr, Sattelrohr und Unterrohr variiert nicht nur bei den einzelnen Fahrradarten (Mountainbike, Trekkingrad, Tourenrad, Reiserad oder Rennrad) sonder naturgemäß auch bei den verschiedenen Rahmenhöhen und/oder Wnkelstellungen des Oberrohrs. 
<!-- EPO <DP n="3"/>-->
 Dies hat zur Folge, dass sich oben bezeichnete Fahrradrahmentasche bei einem vorgegebenen Volumen bzw. bei einer vorgegebenen Größe bei der Mehrzahl der Fahrradarten und/oder Rahmenhöhen als entweder zu groß oder aber als zu klein darstellt. Insbesondere in den Fällen in denen sich die Fahrradrahmentasche als zu klein darstellt, verbleibt gegebenenfalls ein Abstand zwischen dem zum Rahmen gerichteten </p><p id="p0010" num="0010">Außenumfang der Fahrradrahmentasche und einem Rahmenteilstück. In den meisten Fällen fehlen oft nur wenige cm, um die Tasche unter einer leichten Vorspannung einschnappen zu können. </p><p id="p0011" num="0011">Der Erfindung liegt die Aufgabe zugrunde die Nachteile des Standes der Technik zu umgehen, und eine gattungsgemäße Fahrradrahmentasche bereitzustellen, die sich als für unterschiedliche Fahrradarten und/oder Rahmenhöhen passend erweist. Gelöst wir die Aufgabe durch eine Fahrradrahmentasche mit einer Außenkontur, die im wesentlichen der eines durch Oberrohr, Sattelrohr und Unterrohr eines </p><p id="p0012" num="0012">Diamantfahrradrahmens gebildeten Dreiecks entspricht, zumindest umfassend einen steifen, formstabilen oder mit einem formgebenden Element beaufschlagten </p><p id="p0013" num="0013">Taschenkörper und einen Taschenboden, die gekennzeichnet durch eine </p><p id="p0014" num="0014">Ausgleichsvorrichtung. </p><p id="p0015" num="0015">Die erfindungsgemäße Ausgleichsvorrichtung ermöglicht es, eine gattungsgemäße Fahrradrahmentasche an die unterschiedlichen Fahrradarten und/oder an </p><p id="p0016" num="0016">unterschiedliche Rahmenhöhen und/oder an unterschiedliche Winkelstellungen des Oberrohrs anzupassen, indem zumindest in einem Bereich ein Formschluss zwischen dem zum Rahmen gerichteten Außenumfang der Tasche und einem Teilstück des Fahrradrahmens über die Ausgleichsvorrichtung herstellbar ist. Hierdurch wird ein fester Sitz der Tasche im Rahmen gewährleistet. In einer ersten bevorzugten Ausführungsform wird die erfindungsgemäße </p><p id="p0017" num="0017">Ausgleichsvorrichtung von einer Ausgleichseinrichtung gebildet. In dieser </p><p id="p0018" num="0018">Ausführungsform weist ein zum Rahmen gerichteter Außenumfang der Tasche eine Befestigungsvorrichtung für eine erfindungsgemäße Ausgleichseinrichtung auf. 
<!-- EPO <DP n="4"/>-->
 Gegebenenfalls können auch mehrere Ausgleichseinrichtungen, die hinter und/oder übereinander angeordnet sind, nötig sei, um einen bzw. mehrere Abstände zwischen Fahrradrahmentasche und Rahmen zu überbrücken. </p><p id="p0019" num="0019">Um der Tasche zusätzliche Stabilität zu verleihen und um eine formschlüssige </p><p id="p0020" num="0020">Verbindung zwischen Rahmen und Außenkontur herstellen zu können, weist der glockenförmige Taschenkörper und/oder der Taschenboden über eine Breite b zumindest über einen Bereich des zum Rahmen gerichteten Außenumfangs eine Kavität auf. Als besonders vorteilhaft erweist es sich, wenn die konkave Form an Ober, Sattel- bzw. Unterrohr angepasst ist. Durch ein eine gewisse Elastizität aufweisendes steifes und/oder formstabiles Taschenmaterial, beispielsweise Ethylenvinylacetat, kann die erfindungsgemäße Tasche unter einer leichten Vorspannung in den Rahmen eingeschnappt und über einen Formschluss gehaltert werden. </p><p id="p0021" num="0021">In eine besonders bevorzugten Ausführungsform der erfindungsgemäßen Tasche ist die Tiefe der Kavität und der Bereich der eine Kavität aufweist so gewählt, dass keine zusätzlichen Befestigungsvorrichtungen für die Tasche am Rahmen mehr nötig sind. </p><p id="p0022" num="0022">Die zumindest eine Ausgleichseinrichtung ist bevorzugt in der Kavität mittels einer lösbaren Befestigungsvorrichtung, beispielsweise durch einen Klettverschluss oder Druckknopf befestigt. Vorteilhafterweise ist der zum Rahmen gerichtete Außenumfang, insbesondere die Kavität, des Taschenkörpers und/oder des Taschenbodens durchgängig mit einer Befestigungsvorrichtung, bevorzugt mit einem Teil eines Klettverschlusses, d.h. mit einem Haken- oder Schlaufenband beaufschlagt. Damit kann mittels einer oder mehrerer Ausgleichseinrichtungen die erfindungsgemäße Tasche an jeden Diamant- rahmentypus angepasst werden. Je nachdem wo sich ein Abstand zwischen dem zum Rahmen gerichteten Außenumfang der Fahrradrahmentasche und einem Rahmenteilstück ergibt, können eine oder gegebenenfalls mehrere Ausgleichseinrichtungen eingebracht werden. Die Form der Ausgleichseinrichtung ist bevorzugt rund, und besonders bevorzugt passt sie sich in Ihrer Form der Kavität der Tasche an da sich die Einrichtung in diesen </p><p id="p0023" num="0023">Ausgestaltungen gut handhaben und stapeln lassen, und einfach in die über einen Bereich des zum Rahmen gerichteten Außenumfangs des Taschenkörper und/oder der 
<!-- EPO <DP n="5"/>-->
 Taschenboden umlaufende Kavität einzulegen sind. Das Material ist vorzugsweise dasselbe wie das der Tasche, da damit alle Materialvorteile, insbesondere die Verbindung von Formstabilität mit einer gewissen Elastizität, auf die Ausgleichseinrichtung </p><p id="p0024" num="0024">übertragbar sind. Denkbar sind aber auch alle anderen Materialien, die diese </p><p id="p0025" num="0025">Eigenschaften zumindest annähernd aufweisen. </p><p id="p0026" num="0026">Um die Ausgleichseinrichtung variabel zu gestalten, weist diese sowohl auf einer Oberseite wie auch auf einer Unterseite zumindest eine Befestigungsvorrichtung auf. Dadurch sind zwei oder mehrere Ausgleichseinrichtungen übereinander stapelbar, so dass auch ein größerer Abstand zwischen dem zum Rahmen gerichteten Außenumfang der erfindungsgemäßen Tasche und einem Rahmenteilstück überbrückt und somit ein Formschluss hergestellt werden kann. </p><p id="p0027" num="0027">Alternativ oder zusätzlich kann die Tasche zur Befestigung am Rahmen auch ein oder mehrere Befestigungsmittel aufweisen, beispielsweise Schlaufen mit Klettverschluss, bindbare Bänder oder einfache Schnappverbindungen. </p><p id="p0028" num="0028">In einer zweiten bevorzugten Ausführungsform wird die erfindungsgemäße </p><p id="p0029" num="0029">Ausgleichsvorrichtung von einer Einrichtung zur Volumenvariation gebildet. In dieser Ausführungsform ist der Taschenboden mehr oder weniger tief in den Taschenkörper einbringbar und anbringbar. </p><p id="p0030" num="0030">Die erfindungsgemäße Einrichtung zur Volumenvariation ermöglicht es, eine </p><p id="p0031" num="0031">gattungsgemäße Fahrradrahmentasche an die unterschiedlichen Fahrradarten und/oder an unterschiedliche Rahmenhöhen anzupassen. Hierdurch ist nicht nur ein fester Sitz der Tasche im Rahmen gewährleistet, sondern es wird in jedem Fall das im Bereich zwischen Oberrohr, Sattel roh r und Unterrohr zur Verfügung stehende Volumen optimal genutzt. </p><p id="p0032" num="0032">Die Einrichtung zur Volumenvariation ist beispielsweise ein im Bereich des </p><p id="p0033" num="0033">Taschenbodens um den Außenumfang der Fahrradrahmentasche geführter </p><p id="p0034" num="0034">Reißverschluss, der geöffnet werden kann, und eine oder mehrere Dehnfalten freigibt. Die Dehnfalten sind vorzugsweise dergestalt angeordnet und ausgeführt, dass eine starke Längenausdehnung der Tasche im hinteren Bereich möglich ist. 
<!-- EPO <DP n="6"/>-->
 Alternativ oder zusätzlich ist es auch möglich, einen von einem glockenförmigen </p><p id="p0035" num="0035"> Taschenkörper lösbaren Taschenboden mit einem hochgezogenen Taschenbodenrand mehr oder weniger tief in den Taschenkörper ein- und schließlich anzubringen. Das Anbringen kann beispielsweise durch einen Klett- oder Schnappverschluss bewerkstelligt werden. </p><p id="p0036" num="0036">Bei einem bevorzugten derartigen Verschluss ist um einen Außenumfang eines hochgezogenen äußeren Taschenbodenrandes ein Hakenband angeordnet, und im unteren Bereich des Taschenkörpers umlaufend an einem Innenumfang ein mehr oder weniger breites Schlaufenband angeordnet. Die nutzbare Breite des Schlaufenbandes und damit die Volumenvariation korreliert dabei unmittelbar mit der Höhe des </p><p id="p0037" num="0037">hochgezogenen äußeren Taschenbodenrandes. Je höher der hochgezogene äußere Taschenbodenrand ausgeführt ist, umso mehr kann das Volumen variiert werden. </p><p id="p0038" num="0038">Indem das, vorzugsweise auf Stoß, um den hochgezogenen äußeren Taschenbodenrand angebrachte Hakenband nur an seinem oberen Rand mit dem am Innenumfang, vorzugsweise auf Stoß angebrachten Schlaufenband wechselwirkt, ist das maximale Volumen der erfindungsgemäßen Tasche ausgeschöpft. </p><p id="p0039" num="0039">Wechselwirkt hingegen das Hakenband über die gesamte Breite mit dem Schlaufenband, ist der Taschenboden maximal in den Taschenkörper eingebracht, was zu einem für die spezifische Tasche minimalen Volumen führt. Dazwischen ist jedes Taschenvolumen darstellbar, so dass die erfindungsgemäße Fahrradrahmentasche optimal im Bereich zwischen einem Oberrohr, einem Sattelrohr und mindestens einem Unterrohr eines spezifischen Fahrradrahmens anordenbar ist. Selbstverständlich ist es auch möglich die Positionen von Haken- und Schlaufenband zu vertauschen. </p><p id="p0040" num="0040">Die Tiefe der Fahrradrahmentasche sollte sich nicht über wesentlich mehr als der Breite des Fahrradrahmens erstrecken, so dass ein bequemes Treten der Pedale mit parallel angeordneten Beinen möglich ist. </p><p id="p0041" num="0041">Um der Tasche zusätzliche Stabilität zu verleihen und um eine formschlüssige </p><p id="p0042" num="0042">Verbindung zwischen Rahmen und Außenkontur herstellen zu können, weist der </p><p id="p0043" num="0043">Taschenkörper und/oder der Taschenboden über eine Breite b zumindest über einen 
<!-- EPO <DP n="7"/>-->
 Bereich des zum Rahmen gerichteten Außenumfangs eine Kavität auf. Als besonders vorteilhaft erweist es sich, wenn die konkave Form an Ober, Sattel- bzw. Unterrohr angepasst ist. </p><p id="p0044" num="0044">In eine besonders bevorzugten Ausführungsform der erfindungsgemäßen Tasche ist die Tiefe der Kavität und der Bereich der eine Kavität aufweist so gewählt, dass keine zusätzlichen Befestigungsvorrichtungen für die Tasche am Rahmen mehr nötig sind. </p><p id="p0045" num="0045">Durch ein eine gewisse Elastizität aufweisendes steifes und/oder formstabiles </p><p id="p0046" num="0046">Taschenmaterial, beispielsweise Ethylenvinylacetat, kann die Tasche unter einer leichten Vorspannung in den Rahmen eingeschnappt und über einen Formschluss gehaltert werden. </p><p id="p0047" num="0047">Alternativ oder zusätzlich kann die Tasche zur Befestigung am Rahmen auch ein oder mehrere Befestigungsmittel aufweisen, beispielsweise Schlaufen mit Klettverschluss, bindbare Bänder oder einfache Schnappverbindungen. </p><p id="p0048" num="0048">Da sich die erfindungsgemäße Einrichtung zur Volumenvariation in der Höhe des hochgezogenen Taschenbodenrandes erschöpft, ist es, insbesondere für sehr große bzw. sehr kleine Rahmenformen, d.h. für extreme Längenmaße in Bezug auf die Rahmenhöhe und gegebenenfalls auf die Oberrohrlänge und/oder auf die Winkelstellung des </p><p id="p0049" num="0049"> Oberrohres vorteilhaft, die untere Schnittkante des Taschenkörpers zu variieren. Dies ermöglicht eine besonders kostengünstige Herstellung einer Vielzahl von Taschengrößen, indem mittels nur eines Werkzeuges eine Einheitsform eines glockenförmigen </p><p id="p0050" num="0050">Taschenkörpers hergestellt und anschließend auf ein vorgegebenes Maß beschnitten wird. Alternativ oder zusätzlich kann auch die Variation der Höhe des hochgezogenen Taschenbodens dazu dienen eine Vielzahl von Taschengrößen darzustellen. Mit nur einem Werkzeug kann auch hierbei ein Taschenboden mit einem hochgezogenen Rand hergestellt werden, der anschließend auf ein vorgegebenes Maß beschnitten wird. Um die Stabilität der Tasche zu erhöhen ist in einer Weiterbildung der hochgezogene Taschenbodenrand im vorderen Bereich der Fahrradrahmentasche bevorzugt beidseitig drehgelenkig fest oder lösbar mit dem Taschenkörper verbunden. Eine lösbare </p><p id="p0051" num="0051">Verbindung läßt sich beispielsweise durch ein Einclipsen oder ein Einschnappen, z.B. in 
<!-- EPO <DP n="8"/>-->
 eine Kugelschnappverbindung herstellen. Eine feste Verbindung erhält man </p><p id="p0052" num="0052">beispielsweise durch Nieten oder Schrauben. </p><p id="p0053" num="0053">Bei einer Weiterbildung ist die Einrichtung zur Volumenvariation dergestalt ausgeführt, dass die Höhe des hochgezogenen Taschenbodenrandes in Richtung des hinteren Bereichs stetig zunimmt. Bevorzugt läuft bei dieser Weiterbildung ein Haken- bzw. </p><p id="p0054" num="0054">Schlaufenband, das ebenso an Höhe stetig zunimmt um den Taschenbodenrand um. Dadurch lässt sich das Taschenvolumen sowohl an unterschiedliche Rahmenhöhen als auch an Rahmen mit abfallendem Oberrohr optimal anpassen. Bei, beispielsweise Rahmenzwischengrößen oder ungewöhnlichen Wnkelstellungen des Oberrohrs, kann es vorkommen, dass die erfindungsgemäße Einrichtung zur </p><p id="p0055" num="0055">Volumenvariation nicht ausreicht, um einen Formschluss mit dem Rahmen auszubilden. In diesen Fällen verbleibt ein Abstand zwischen dem zum Rahmen gerichteten </p><p id="p0056" num="0056">Außenumfang der erfindungsgemäßen Tasche und einem Rahmenteilstück. In den meisten Fällen fehlen oft nur wenige cm, um die Tasche unter einer leichten Vorspannung einschnappen zu können. In einer besonders bevorzugten Ausführungsform weist daher die erfindungsgemäße Fahrradrahmentasche eine Ausgleichseinrichtung auf, die, zumindest in einem Bereich, einen Formschluss zwischen dem zum Rahmen gerichteten Außenumfang und einem Teilstück des Fahrradrahmens ermöglicht. </p><p id="p0057" num="0057">Die Ausgleichseinrichtung ist bevorzugt in der Kavität mittels einer lösbaren </p><p id="p0058" num="0058">Befestigungsvorrichtung, beispielsweise durch einen Klettverschluss oder Druckknopf befestigt. Vorteilhafterweise ist der zum Rahmen gerichtete Außenumfang, insbesondere die Kavität, des Taschenkörpers und/oder des Taschenboden durchgängig mit einer Befestigungsvorrichtung, bevorzugt mit einem Teil eines Klettverschlusses, d.h. mit einem Haken- oder Schlaufenband beaufschlagt. Damit kann mittels der Ausgleichseinrichtung die erfindungsgemäße Tasche an jeden Diamantrahmentypus angepasst werden. </p><p id="p0059" num="0059">Die Form der Ausgleichseinrichtung ist bevorzugt rund, und besonders bevorzugt passt sie sich in Ihrer Form der Kavität der Tasche an da sich die Einrichtung in diesen </p><p id="p0060" num="0060">Ausgestaltungen gut handhaben und stapeln lassen, und einfach in die über einen Bereich des zum Rahmen gerichteten Außenumfangs des Taschenkörper und/oder der Taschenboden umlaufende Kavität einzulegen sind. Das Material ist vorzugsweise 
<!-- EPO <DP n="9"/>-->
 dasselbe wie das der Tasche, da damit alle Materialvorteile, insbesondere die Verbindung von Formstabilität mit einer gewissen Elastizität, auf die Ausgleichseinrichtung </p><p id="p0061" num="0061">übertragbar sind. Denkbar sind aber auch alle anderen Materialien, die diese </p><p id="p0062" num="0062">Eigenschaften zumindest annähernd aufweisen. Um die Ausgleichseinrichtung variabel zu gestalten, weist diese sowohl auf einer </p><p id="p0063" num="0063">Oberseite wie auch auf einer Unterseite zumindest eine Befestigungsvorrichtung auf. Dadurch sind zwei oder mehrere Ausgleichseinrichtungen übereinander stapelbar, so dass auch ein größerer Abstand zwischen dem zum Rahmen gerichteten Außenumfang der erfindungsgemäßen Tasche und einem Rahmenteilstück überbrückt und somit ein Formschluss hergestellt werden kann. </p><p id="p0064" num="0064">Die Fahrradrahmentasche, insbesondere der Taschenkörper, kann eine oder mehrere, beispielsweise durch einen Reiß-oder Klettverschluss verschließbare Eingriffsöffnungen aufweisen, die es einem Benutzer ermöglichen, auch während der Fahrt schnell und einfach an innerhalb der Tasche befindliche Gegenstände zu gelangen. Ferner kann die Tasche einen oder mehrere Tragegriffe und/oder Gurte aufweisen, die es einem Benutzer ermöglichen eine nicht im Rahmen angebrachte Tasche zu Tragen oder Umzuschnallen. </p><p id="p0065" num="0065">Weitere Merkmale und Weiterbildungen ergeben sich aus der nachfolgenden </p><p id="p0066" num="0066">Beschreibung zweier Ausführungsbeispiele unter Bezugnahme auf die beiliegenden Zeichnungen. </p><p id="p0067" num="0067">Es zeigen </p><p id="p0068" num="0068">Fig 1 eine Seitenansicht einer Fahrradrahmentasche, </p><p id="p0069" num="0069">Fig 2 einen Schnitt (A-A) durch eine Fahrradrahmentasche, </p><p id="p0070" num="0070">Fig 3 eine Ausgleichseinrichtung </p><p id="p0071" num="0071">Fig 4 eine Seitenansicht einer Fahrradrahmentasche mit einer Einrichtung zur </p><p id="p0072" num="0072"> Volumenvariation mit minimalem Volumen, 
<!-- EPO <DP n="10"/>-->
 Fig. 5 eine Seitenansicht einer Fahrradrahmentasche mit einer Einrichtung zur</p><p id="p0073" num="0073">Volumenvariation mit maximalem Volumen, </p><p id="p0074" num="0074">Fig. 6 einen Schnitt (A-A) durch eine Fahrradrahmentasche mit einer Einrichtung zur Volumenvariation mit minimalem Volumen und </p><p id="p0075" num="0075">Fig. 7 einen Schnitt (A-A) durch eine Fahrradrahmentasche mit einer Einrichtung zur Volumenvariation mit maximalem Volumen. </p><p id="p0076" num="0076">Figur 1 zeigt eine Fahrradrahmentasche (1 ) mit einer Außenkontur (2), die im </p><p id="p0077" num="0077">Wesentlichen der eines durch Oberrohr, Sattelrohr und Unterrohr eines Diamantfahrradrahmens gebildeten Dreiecks entspricht. Der Taschenkörper (3) und Taschenboden (4) können einstückig oder zweiteilig ausgeführt sein. </p><p id="p0078" num="0078">Figur 2 zeigt eine Schnittdarstellung (A-A) der aus Figur 1 ersichtlichen Fahrradrahmen- tasche (1). Um eine formschlüssige Verbindung zwischen Fahrradrahmen und der</p><p id="p0079" num="0079">Außenkontur (2) der Tasche (1 ) herstellen zu können, weist der Taschenkörper (3) und der Taschenboden (4) eine Kavität (5, 5<sup>'</sup>) auf. Bei, beispielsweise Rahmenzwischengrößen oder ungewöhnlichen Winkelstellungen des Oberrohrs, kann es vorkommen, dass ein Abstand zwischen dem zum Rahmen gerichteten Außenumfang (2) der Tasche und einem Rahmenteilstück verbleibt, so dass kein Formschluss mit dem Rahmen ausgebildet werden kann. Mittels einer oder gegebenenfalls mehreren Ausgleichseinrichtungen, die hinter und/oder übereinander angeordnet werden können, kann nahezu jeder Abstand zwischen dem zum Rahmen gerichteten Außenumfang und Rahmenteilstück überbrückt werden. Zur Befestigung der Ausgleichseinrichtung ist ein Teil eines Klettverschlusses (7) in der Kavität (5, 5<sup>'</sup>) vorgesehen. </p><p id="p0080" num="0080">Figur 3 zeigt eine Ausgleichseinrichtung in einer runden Ausführungsform (6). Die </p><p id="p0081" num="0081">Einrichtung ist aus einem eine gewisse Elastizität aufweisenden formstabilen Material und hat eine Dicke von etwa 1 cm und einen Durchmesser, der im Wesentlichen der Breite b der Kavität (5, 5<sup>'</sup>) entspricht. Die Ausgleichseinrichtung (6) weist beidseitig eine </p><p id="p0082" num="0082">Befestigungsvorrichtung (8) auf, dergestalt, dass eine Oberseite einer ersten </p><p id="p0083" num="0083">Ausgleichseinrichtung mit einer Unterseite einer zweiten Ausgleichseinrichtung oder mit der in der Kavität (5, 5<sup>'</sup>) angeordneten Befestigungsvorrichtung (7) in Wrkverbindung 
<!-- EPO <DP n="11"/>-->
 treten kann. In dem Ausführungsbeispiel wechseln sich Haken- und Schlaufenband eines Klettverschlusses ab. </p><p id="p0084" num="0084">Durch die erfindungsgemäße Ausgleichseinrichtung kann eine Fahrradrahmentasche in verschiedene Rahmenhöhen und/oder in Diamantrahmen mit abfallendem Oberrohr optimal eingepasst werden, was durch den erzielten Formschluss zu einem verbesserten Fahrverhalten durch den mittigen Schwerpunkt führt. Die Tasche kann leicht aus dem Rahmen herausgenommen und unter einer leichten Vorspannung wieder eingeschnappt werden. Figur 4 zeigt eine Fahrradrahmentasche (1) mit einer Außenkontur (2), die im </p><p id="p0085" num="0085"> Wesentlichen der eines durch Oberrohr, Sattelrohr und Unterrohr eines Diamantfahrradrahmens gebildeten Dreiecks entspricht. Der Taschenkörper (3) weist eine umlaufende Schnittkante (9) auf. Ein lösbarer Taschenboden (4) mit einem hochgezogenen äußeren Rand (10) ist von unten in den glockenförmigen Taschenkörper (3) eingebracht, wobei der hochgezogene Rand (10) mittels eins Klettverschlusses (12) am Innenumfang des Taschenkörpers (3) befestigt ist. Die abgebildete Fahrradrahmentasche (1) hat ein minimales Volumen und ist daher für Fahrräder mit einer kleinen Rahmenhöhe und/oder abfallendem Oberrohr geeignet. Die in Figur 5 abgebildete Fahrradrahmentasche (1) mit einem Taschenkörper (3) und einem Taschenboden (4) hat ein maximales Volumen und ist daher für Fahrräder mit einer großen Rahmenhöhe geeignet. Die Volumenvariation erfolgt dadurch, dass der hochgezogene äußeren Taschenbodenrand (10) nur an seinem oberen Rand (1 1 ) am Innenumfang des glockenförmigen Taschenkörpers (3) befestigt ist. </p><p id="p0086" num="0086">Figur 6 zeigt eine Schnittdarstellung (A-A) der aus Figur 4 ersichtlichen Fahrradrahmentasche (1 ) mit minimalem Volumen. Der hochgezogene äußeren Taschenbodenrand (10) ist tief in den glockenförmigen Taschenkörper (3) eingebracht und mittels eines </p><p id="p0087" num="0087">Klettverschlusses (12) befestigt. Zur Ausbildung des Verschlusses (12) ist um den Außenumfang des hochgezogenen äußeren Taschenbodenrandes (10) ein Hakenband angeordnet und im unteren Bereich des Taschenkörpers (3) umlaufend an einem </p><p id="p0088" num="0088">Innenumfang ein Schlaufenband angeordnet. Um eine formschlüssige Verbindung 
<!-- EPO <DP n="12"/>-->
 zwischen Fahrradrahmen und der Außenkontur (2) der Tasche (1 ) herstellen zu können, weist der Taschenkörper (3) und der Taschenboden (4) eine Kavität (5, 5<sup>'</sup>) auf. </p><p id="p0089" num="0089">Figur 7 zeigt eine Schnittdarstellung (A-A) der aus Figur 5 ersichtlichen Fahrradrahmentasche (1 ) mit maximalem Volumen. Der hochgezogene äußere Taschenbodenrand (10) ist lediglich an seinem oberen Rand (1 1 ) am Innenumfang des glockenförmigen </p><p id="p0090" num="0090">Taschenkörpers (3) befestigt ist. </p><p id="p0091" num="0091">Durch die erfindungsgemäße Einrichtung zur Volumenvariation kann die Tasche in verschiedene Rahmenhöhen und/oder in Diamantrahmen mit abfallendem Oberrohr optimal eingepasst werden, was zu einem verbesserten Fahrverhalten durch den mittigen Schwerpunkt führt. Die Tasche kann leicht aus dem Rahmen herausgenommen und unter einer leichten Vorspannung wieder eingeschnappt werden. 
<!-- EPO <DP n="13"/>-->
</p><p id="p0092" num="0092">Bezugszeichenliste </p><p id="p0093" num="0093">1 Fahrradrahmentasche</p><p id="p0094" num="0094">2 Außenkontur </p><p id="p0095" num="0095"> 3 Taschenkörpers</p><p id="p0096" num="0096">4 Taschenboden </p><p id="p0097" num="0097"> 5 Kavität </p><p id="p0098" num="0098"> 6 Ausgleichseinrichtung</p><p id="p0099" num="0099">7 Klettverschlusses</p><p id="p0100" num="0100">8 Befestigungsvorrichtung</p><p id="p0101" num="0101">9 Schnittkante </p><p id="p0102" num="0102"> 10 Taschenbodenrand</p><p id="p0103" num="0103">1 1 Rand </p><p id="p0104" num="0104"> 12 Verschlusses 
</p></description><claims mxw-id="PCLM44727329" ref-ucid="WO-2012113694-A1" lang="DE" load-source="patent-office"><claim-statement><!-- EPO <DP n="14"/>-->Patentansprüche: </claim-statement><claim id="clm-0001" num="1"><claim-text>1. Fahrradrahmentasche (1), mit einer Außenkontur (2), die im Wesentlichen der eines durch Oberrohr, Sattelrohr und Unterrohr eines klassischen Diamantfahrradrahmens gebildeten Dreiecks entspricht, zumindest umfassend einen steifen, formstabilen oder mit einem formgebenden Element beaufschlagten Taschenkörper (3) und einen Taschenboden (4), gekennzeichnet durch eine Ausgleichsvorrichtung. </claim-text></claim><claim id="clm-0002" num="2"><claim-text>2. Fahrradrahmentasche (1) nach Anspruch 1 , dadurch gekennzeichnet, dass die Ausgleichsvorrichtung von einer Ausgleichseinrichtung gebildet wird, und dass ein zum Rahmen gerichteter Außenumfang der Tasche (1) eine </claim-text><claim-text> Befestigungsvorrichtung (7) für die Ausgleichseinrichtung (6) aufweist. </claim-text></claim><claim id="clm-0003" num="3"><claim-text>3. Fahrradrahmentasche (1) nach Anspruch 2, dadurch gekennzeichnet, dass der zum Rahmen gerichtete Außenumfang der Tasche (1) vollumfänglich eine </claim-text><claim-text> Befestigungsvorrichtung (7) für die Ausgleichseinrichtung (6) aufweist. </claim-text></claim><claim id="clm-0004" num="4"><claim-text>4. Fahrradrahmentasche (1) nach Anspruch 1 , 2 oder 3, gekennzeichnet durch </claim-text><claim-text> mehrere Ausgleichseinrichtungen (6), die hinter und/oder übereinander angeordnet sind. </claim-text></claim><claim id="clm-0005" num="5"><claim-text>5. Fahrradrahmentasche (1) nach Anspruch 1 , dadurch gekennzeichnet, dass die Ausgleichsvorrichtung von einer Einrichtung zur Volumenvariation gebildet wird, und dass ein von einem glockenförmigen Taschenkörper (3) lösbarer Taschenboden (4) mit einem hochgezogenen Taschenbodenrand (10) mehr oder weniger tief in den Taschenkörper (3) einbringbar und anbringbar ist. </claim-text></claim><claim id="clm-0006" num="6"><claim-text>6. Fahrradrahmentasche (1) nach Anspruch 5, dadurch gekennzeichnet, dass um </claim-text><claim-text> einen Außenumfang des hochgezogenen äußeren Taschenbodenrandes (10) ein Haken- oder Schlaufenband (12), und im unteren Bereich des Taschenkörpers (3) umlaufend an einem Innenumfang ein mehr oder weniger breites Schlaufen- bzw. Hakenband (12) angeordnet ist. </claim-text></claim><claim id="clm-0007" num="7"><claim-text><!-- EPO <DP n="15"/>--> Fahrradrahmentasche (1) nach Anspruch 5 oder 6, dadurch gekennzeichnet, dass der Taschenbodenrand (6) im vorderen Bereich der Fahrradrahmentasche, bevorzugt beidseitig, drehgelenkig fest oder lösbar mit dem Taschenkörper verbunden ist. 8. Fahrradrahmentasche (1) nach einem der vorstehenden Ansprüche, dadurch </claim-text><claim-text> gekennzeichnet, dass der Taschenkörper (3) und/oder der Taschenboden (4) über eine Breite b zumindest über einen Bereich des zum Rahmen gerichteten </claim-text></claim><claim id="clm-0008" num="8"><claim-text> Außenumfangs eine Kavität (5, 5<sup>'</sup>) aufweist. </claim-text></claim><claim id="clm-0009" num="9"><claim-text>Fahrradrahmentasche (1) nach Anspruch 8, dadurch gekennzeichnet, dass die über einen Bereich des zum Rahmen gerichteten Außenumfangs ausgebildete konkave Form an Ober, Sattel- bzw. Unterrohr angepasst ist. </claim-text></claim><claim id="clm-0010" num="10"><claim-text>Fahrradrahmentasche (1) nach einem der vorstehenden Ansprüche, dadurch gekennzeichnet, dass die Tasche zur Befestigung am Rahmen ein oder mehrere Befestigungsmittel aufweist. </claim-text></claim><claim id="clm-0011" num="11"><claim-text>Fahrradrahmentasche (1) nach einem der vorstehenden Ansprüche, dadurch gekennzeichnet, dass der Taschenkörper (3) eine oder mehrere verschließbare Eingriffsöffnungen aufweist. </claim-text></claim><claim id="clm-0012" num="12"><claim-text>12. Fahrradrahmentasche (1) nach einem der vorstehenden Ansprüche, dadurch </claim-text><claim-text> gekennzeichnet, dass der zum Rahmen gerichtete Außenumfang eine </claim-text><claim-text> Befestigungsvorrichtung für eine Ausgleichseinrichtung aufweist. </claim-text></claim></claims><copyright>User acknowledges that Fairview Research LLC and its third party providers retain all right, title and interest in and to this xml under applicable copyright laws.  User acquires no ownership rights to this xml including but not limited to its format.  User hereby accepts the terms and conditions of the Licence Agreement</copyright></patent-document>
