<?xml version="1.0" encoding="UTF-8"?>
<patent-document ucid="EP-2680722-A1" country="EP" doc-number="2680722" kind="A1" date="20140108" family-id="46752321" file-reference-id="315082" date-produced="20180823" status="corrected" lang="EN"><bibliographic-data><publication-reference fvid="146587130" ucid="EP-2680722-A1"><document-id><country>EP</country><doc-number>2680722</doc-number><kind>A1</kind><date>20140108</date><lang>EN</lang></document-id></publication-reference><application-reference ucid="EP-12711994-A" is-representative="NO"><document-id mxw-id="PAPP154849322" load-source="docdb" format="epo"><country>EP</country><doc-number>12711994</doc-number><kind>A</kind><date>20120301</date><lang>EN</lang></document-id><document-id mxw-id="PAPP200340178" load-source="docdb" format="original"><country>EP</country><doc-number>12711994.9</doc-number><date>20120301</date></document-id></application-reference><priority-claims><priority-claim mxw-id="PPC140551494" ucid="US-201113310481-A" load-source="docdb"><document-id format="epo"><country>US</country><doc-number>201113310481</doc-number><kind>A</kind><date>20111202</date></document-id></priority-claim><priority-claim mxw-id="PPC140553285" ucid="US-201161449589-P" load-source="docdb"><document-id format="epo"><country>US</country><doc-number>201161449589</doc-number><kind>P</kind><date>20110304</date></document-id></priority-claim><priority-claim mxw-id="PPC140548745" ucid="US-2012027318-W" linkage-type="W" load-source="docdb"><document-id format="epo"><country>US</country><doc-number>2012027318</doc-number><kind>W</kind><date>20120301</date></document-id></priority-claim></priority-claims><technical-data><classifications-ipcr><classification-ipcr mxw-id="PCL1989318161" load-source="docdb">A47B  77/06        20060101AFI20120925BHEP        </classification-ipcr><classification-ipcr mxw-id="PCL1989322879" load-source="docdb">E03C   1/18        20060101ALI20120925BHEP        </classification-ipcr></classifications-ipcr><classifications-cpc><classification-cpc mxw-id="PCL-1624975876" load-source="docdb" scheme="CPC">Y10T  29/49947     20130101 LA20180612BHEP        </classification-cpc><classification-cpc mxw-id="PCL-1624975877" load-source="docdb" scheme="CPC">Y10T  29/49826     20130101 LA20180612BHEP        </classification-cpc><classification-cpc mxw-id="PCL-1660028783" load-source="docdb" scheme="CPC">E03C   1/335       20130101 FI20180310BHEP        </classification-cpc><classification-cpc mxw-id="PCL-1660028784" load-source="docdb" scheme="CPC">E03C   1/18        20130101 LA20180310BHEP        </classification-cpc><classification-cpc mxw-id="PCL-1839982655" load-source="docdb" scheme="CPC">E03C   1/33        20130101 LI20170302BHEP        </classification-cpc><classification-cpc mxw-id="PCL-1841949849" load-source="docdb" scheme="CPC">A47B  77/06        20130101 LI20170228BHEP        </classification-cpc></classifications-cpc><invention-title mxw-id="PT132366023" lang="DE" load-source="patent-office">SPÜLE MIT UMLAUFENDEM FLANSCH</invention-title><invention-title mxw-id="PT132366024" lang="EN" load-source="patent-office">SELF-RIMMING APRON-FRONT SINK</invention-title><invention-title mxw-id="PT132366025" lang="FR" load-source="patent-office">ÉVIER À BORD INCORPORÉ COMPRENANT UN TABLIER AVANT</invention-title></technical-data><parties><applicants><applicant mxw-id="PPAR919519930" load-source="docdb" sequence="1" format="epo"><addressbook><last-name>KOHLER CO</last-name><address><country>US</country></address></addressbook></applicant><applicant mxw-id="PPAR919521868" load-source="docdb" sequence="1" format="intermediate"><addressbook><last-name>KOHLER CO.</last-name></addressbook></applicant><applicant mxw-id="PPAR919014445" load-source="patent-office" sequence="1" format="original"><addressbook><last-name>Kohler Co.</last-name><iid>101141365</iid><address><street>444 Highland Drive</street><city>Kohler, WI 53044</city><country>US</country></address></addressbook></applicant></applicants><inventors><inventor mxw-id="PPAR919536107" load-source="docdb" sequence="1" format="epo"><addressbook><last-name>BOOTH SHAWN J</last-name><address><country>US</country></address></addressbook></inventor><inventor mxw-id="PPAR919535434" load-source="docdb" sequence="1" format="intermediate"><addressbook><last-name>BOOTH, SHAWN, J.</last-name></addressbook></inventor><inventor mxw-id="PPAR919018535" load-source="patent-office" sequence="1" format="original"><addressbook><last-name>BOOTH, SHAWN, J.</last-name><address><street>615 Highland Terrace</street><city>Sheboygan, WI 53083</city><country>US</country></address></addressbook></inventor><inventor mxw-id="PPAR919535956" load-source="docdb" sequence="2" format="epo"><addressbook><last-name>MILLER JASON R</last-name><address><country>US</country></address></addressbook></inventor><inventor mxw-id="PPAR919513350" load-source="docdb" sequence="2" format="intermediate"><addressbook><last-name>MILLER, JASON, R.</last-name></addressbook></inventor><inventor mxw-id="PPAR919011922" load-source="patent-office" sequence="2" format="original"><addressbook><last-name>MILLER, JASON, R.</last-name><address><street>687 River Oaks Drive</street><city>Sheboygan Falls, WI 53085</city><country>US</country></address></addressbook></inventor><inventor mxw-id="PPAR919545829" load-source="docdb" sequence="3" format="epo"><addressbook><last-name>GIEFER JAMES S</last-name><address><country>US</country></address></addressbook></inventor><inventor mxw-id="PPAR919507454" load-source="docdb" sequence="3" format="intermediate"><addressbook><last-name>GIEFER, James, S.</last-name></addressbook></inventor><inventor mxw-id="PPAR919009050" load-source="patent-office" sequence="3" format="original"><addressbook><last-name>GIEFER, James, S.</last-name><address><street>2625 Broadway Avenue</street><city>Sheboygan, WI 53801</city><country>US</country></address></addressbook></inventor></inventors><agents><agent mxw-id="PPAR919018121" load-source="patent-office" sequence="1" format="original"><addressbook><last-name>Wightman, David Alexander</last-name><iid>100019290</iid><address><street>Barker Brettell LLP 100 Hagley Road</street><city>Edgbaston Birmingham West Midlands B16 8QQ</city><country>GB</country></address></addressbook></agent></agents></parties><international-convention-data><pct-or-regional-filing-data ucid="US-2012027318-W"><document-id><country>US</country><doc-number>2012027318</doc-number><kind>W</kind><date>20120301</date><lang>EN</lang></document-id></pct-or-regional-filing-data><pct-or-regional-publishing-data ucid="WO-2012121979-A1"><document-id><country>WO</country><doc-number>2012121979</doc-number><kind>A1</kind><date>20120913</date><lang>EN</lang></document-id></pct-or-regional-publishing-data><designated-states><ep-contracting-states><country mxw-id="DS549782155" load-source="docdb">AL</country><country mxw-id="DS549851233" load-source="docdb">AT</country><country mxw-id="DS549918174" load-source="docdb">BE</country><country mxw-id="DS549769123" load-source="docdb">BG</country><country mxw-id="DS549768887" load-source="docdb">CH</country><country mxw-id="DS549918175" load-source="docdb">CY</country><country mxw-id="DS549851238" load-source="docdb">CZ</country><country mxw-id="DS549782156" load-source="docdb">DE</country><country mxw-id="DS549918176" load-source="docdb">DK</country><country mxw-id="DS549918177" load-source="docdb">EE</country><country mxw-id="DS549850581" load-source="docdb">ES</country><country mxw-id="DS549769124" load-source="docdb">FI</country><country mxw-id="DS549768888" load-source="docdb">FR</country><country mxw-id="DS549782161" load-source="docdb">GB</country><country mxw-id="DS549918178" load-source="docdb">GR</country><country mxw-id="DS549782162" load-source="docdb">HR</country><country mxw-id="DS549851239" load-source="docdb">HU</country><country mxw-id="DS549768897" load-source="docdb">IE</country><country mxw-id="DS549918179" load-source="docdb">IS</country><country mxw-id="DS549769133" load-source="docdb">IT</country><country mxw-id="DS549918180" load-source="docdb">LI</country><country mxw-id="DS549769134" load-source="docdb">LT</country><country mxw-id="DS549865915" load-source="docdb">LU</country><country mxw-id="DS549769135" load-source="docdb">LV</country><country mxw-id="DS549769136" load-source="docdb">MC</country><country mxw-id="DS549865916" load-source="docdb">MK</country><country mxw-id="DS549865917" load-source="docdb">MT</country><country mxw-id="DS549769145" load-source="docdb">NL</country><country mxw-id="DS549768898" load-source="docdb">NO</country><country mxw-id="DS549769146" load-source="docdb">PL</country><country mxw-id="DS549850590" load-source="docdb">PT</country><country mxw-id="DS549782163" load-source="docdb">RO</country><country mxw-id="DS549850591" load-source="docdb">RS</country><country mxw-id="DS549769147" load-source="docdb">SE</country><country mxw-id="DS549852174" load-source="docdb">SI</country><country mxw-id="DS549768899" load-source="docdb">SK</country><country mxw-id="DS549768900" load-source="docdb">SM</country><country mxw-id="DS549918181" load-source="docdb">TR</country></ep-contracting-states></designated-states></international-convention-data><office-specific-data><eptags><ep-no-a-document-published>*</ep-no-a-document-published></eptags></office-specific-data></bibliographic-data><abstract mxw-id="PA100066180" ref-ucid="WO-2012121979-A1" lang="EN" load-source="patent-office"><p num="0000">A self-rimming sink (400) includes a basin (401) and a rim (430) extending outwardly from an upper end of the basin in a relatively horizontal orientation. The rim is configured to be placed on top of a countertop (290) for supporting the sink. The self-rimming sink also includes an apron (440) coupled to the rim and defining a front portion of the sink. The apron has a front surface (442) extending vertically below the rim and laterally between a first side surface (451) and an opposite second side surface (461). The first and second side surfaces each having a front vertical lip (457) that extends laterally to an outer periphery of the rim and a rear side wall portion. The rear side wall portion is recessed relative to the front vertical lip and the outer periphery of the rim.</p></abstract><abstract mxw-id="PA100335288" ref-ucid="WO-2012121979-A1" lang="EN" source="national office" load-source="docdb"><p>A self-rimming sink (400) includes a basin (401) and a rim (430) extending outwardly from an upper end of the basin in a relatively horizontal orientation. The rim is configured to be placed on top of a countertop (290) for supporting the sink. The self-rimming sink also includes an apron (440) coupled to the rim and defining a front portion of the sink. The apron has a front surface (442) extending vertically below the rim and laterally between a first side surface (451) and an opposite second side surface (461). The first and second side surfaces each having a front vertical lip (457) that extends laterally to an outer periphery of the rim and a rear side wall portion. The rear side wall portion is recessed relative to the front vertical lip and the outer periphery of the rim.</p></abstract><abstract mxw-id="PA100066181" ref-ucid="WO-2012121979-A1" lang="FR" load-source="patent-office"><p num="0000">L'invention concerne un évier à bord incorporé (400) qui comprend une vasque (401) et un bord (430) qui s'étend vers l'extérieur à partir d'une extrémité supérieure de la vasque dans une orientation relativement horizontale. Le bord est conçu pour être monté sur la partie supérieure d'un plan de travail (290) pour porter l'évier. L'évier à bord incorporé comprend également un tablier (440) couplé au bord et définissant une partie avant de l'évier. Le tablier comprend une surface avant (442) qui s'étend dans le sens vertical sous le bord et dans le sens latéral entre une première surface latérale (451) et une deuxième surface latérale opposée (461). La première et la deuxième surface possèdent chacune une lèvre avant verticale (457) qui s'étend dans le sens latéral jusqu'à une périphérie extérieure du bord et une partie de paroi latérale arrière. La partie de paroi latérale arrière est évidée par rapport à la lèvre avant verticale et la périphérie extérieure du bord.</p></abstract><abstract mxw-id="PA100335289" ref-ucid="WO-2012121979-A1" lang="FR" source="national office" load-source="docdb"><p>L'invention concerne un évier à bord incorporé (400) qui comprend une vasque (401) et un bord (430) qui s'étend vers l'extérieur à partir d'une extrémité supérieure de la vasque dans une orientation relativement horizontale. Le bord est conçu pour être monté sur la partie supérieure d'un plan de travail (290) pour porter l'évier. L'évier à bord incorporé comprend également un tablier (440) couplé au bord et définissant une partie avant de l'évier. Le tablier comprend une surface avant (442) qui s'étend dans le sens vertical sous le bord et dans le sens latéral entre une première surface latérale (451) et une deuxième surface latérale opposée (461). La première et la deuxième surface possèdent chacune une lèvre avant verticale (457) qui s'étend dans le sens latéral jusqu'à une périphérie extérieure du bord et une partie de paroi latérale arrière. La partie de paroi latérale arrière est évidée par rapport à la lèvre avant verticale et la périphérie extérieure du bord.</p></abstract><description mxw-id="PDES51372746" ref-ucid="WO-2012121979-A1" lang="EN" load-source="patent-office"><!-- EPO <DP n="3"/>--><p id="p0001" num="0001"> SELF-RIMMING APRON-FRONT SINK </p><p id="p0002" num="0002">CROSS-REFERENCE TO RELATED PATENT APPLICATIONS </p><p id="p0003" num="0003">[0001] This application claims the benefit of and priority to U.S. Patent Application No. 13/310,481 filed on December 2, 2011, which claims the benefit of and priority to U.S. Provisional Patent Application No. 61/449,589 filed on March 4, 2011, and this application also claims the benefit of and priority to U.S. Provisional Patent Application No. </p><p id="p0004" num="0004">61/449,589 filed on March 4, 2011. U.S. Patent Application No. 13/310,481 and U.S. Provisional Patent Application No. 61/449,589 are incorporated by reference herein in their entireties. </p><p id="p0005" num="0005">BACKGROUND </p><p id="p0006" num="0006">[0002] The present disclosure relates generally to the field of sinks. More specifically, the present disclosure relates to the field of self-rimming sinks having a front apron. </p><p id="p0007" num="0007"> [0003] Sinks are vessels generally configured for receiving water. Usually, a faucet or other water source is located proximate to the sink, and a drain pipe is coupled to the sink to remove unwanted water. A sink is often mounted on or into a cabinet, stand, or pedestal. A sink may be mounted such that a rim of the sink rests on a countertop of a cabinet. This is generally referred to as self-rimming. Alternatively, a sink may be mounted such that the rim of the sink is located below the countertop. This is generally referred to as under- counter mounted or under-mounted. </p><p id="p0008" num="0008"> [0004] Apron-front sinks, which include farmhouse sinks, have an exposed panel extending laterally across a front portion of the sink. One continuing challenge in the field of apron-front sinks relates to fitting the sink into the cabinet. Installation of an apron-front sink usually requires precise and repeated cuts to fit the sink to the front of the cabinet without leaving unsightly gaps between the apron and the cabinet. This custom fitting method takes time and requires an installer to repeatedly lift a heavy sink to check for fit. </p><p id="p0009" num="0009"> [0005] Another continuing challenge in the field of apron-front sinks relates to </p><p id="p0010" num="0010">retrofitting. Usually apron-front sinks will not fit into standard, stock, or off-the-shelf non- apron-front cabinetry due to the width of the sink and the height of the cabinet's lower 
<!-- EPO <DP n="4"/>-->
 doors. Alternatively, such retrofits require extensive modifications to the cabinet or installation of an undersized sink. </p><p id="p0011" num="0011">SUMMARY </p><p id="p0012" num="0012">[0006] One embodiment relates to a self-rimming sink. The self-rimming sink includes a basin and a rim extending outwardly from an upper end of the basin in a relatively horizontal orientation. The rim is configured to be placed on top of a countertop for supporting the sink. The self-rimming sink also includes an apron coupled to the rim and defining a front portion of the sink. The apron has a front surface extending vertically below the rim and laterally between a first side surface and an opposite second side surface. The first and second side surfaces each having a front vertical lip that extends laterally to an outer periphery of the rim and a rear side wall portion. The rear side wall portion is recessed relative to the front vertical lip and the outer periphery of the rim. </p><p id="p0013" num="0013">[0007] Another embodiment relates to a sink assembly. The sink assembly includes a cabinet having a front wall defining a vertical opening, a countertop supported on the cabinet and defining a horizontal opening that is generally aligned with the vertical opening of the cabinet and a sink supported by the countertop and received by vertical and horizontal openings. The sink includes a basin and a rim extending outwardly from an upper end of the basin in a relatively horizontal orientation. The rim is positioned on top of the countertop. The self-rimming sink also includes an apron coupled to the rim and defining a front portion of the sink. The apron has a front surface extending vertically below the rim and laterally between a first side surface and an opposite second side surface. The first and second side surfaces each having a front vertical lip that extends laterally to an outer periphery of the rim and a rear side wall portion. The rear side wall portion is recessed relative to the front vertical lip and the outer periphery of the rim. </p><p id="p0014" num="0014"> [0008] Another embodiment relates to a method of installing a sink onto a cabinet that is supporting a countertop. The sink has a rim and an apron. The method includes the steps of providing a first opening in a front wall of the cabinet that is less than a width of the apron, providing a second opening in the countertop that is generally aligned with the first opening and configured to receive a portion of the apron, positioning the sink in the first and second openings, supporting the sink by having the rim sit on top of the countertop, positioning the sink so that a rear edge of a lateral side wall of the apron is adjacent to the front wall of the cabinet and received within the second opening, concealing the first opening with the apron, 
<!-- EPO <DP n="5"/>-->
 and at least partially concealing a cutting line in a front edge of the countertop that defines the second opening with a vertical lip provided along a front lateral edge of the apron. </p><p id="p0015" num="0015">BRIEF DESCRIPTION OF THE DRAWINGS </p><p id="p0016" num="0016">[0009] FIGURE 1 is a perspective view of a sink, shown according to an exemplary embodiment. </p><p id="p0017" num="0017"> [0010] FIGURE 2 is a top planar view of the sink of FIGURE 1, shown according to an exemplary embodiment. </p><p id="p0018" num="0018"> [0011] FIGURE 3 is a bottom perspective view of the sink of FIGURE 1, shown according to an exemplary embodiment. </p><p id="p0019" num="0019"> [0012] FIGURE 4 is an enlarged view of the sink of FIGURE 1, shown according to an exemplary embodiment. </p><p id="p0020" num="0020"> [0013] FIGURE 5 is a perspective view schematic drawing of installing a sink into a cabinet, shown according to an exemplary embodiment. </p><p id="p0021" num="0021"> [0014] FIGURE 6 is an enlarged perspective view of the sink of FIGURE 1 installed in a cabinet, shown according to an exemplary embodiment. </p><p id="p0022" num="0022"> [0015] FIGURE 7 is a perspective view of a template, shown according to an exemplary embodiment. </p><p id="p0023" num="0023"> [0016] FIGURE 8 is a perspective view of the template of 7, shown according to an exemplary embodiment. </p><p id="p0024" num="0024"> [0017] FIGURE 9 is a perspective view of a template, shown according to another embodiment. </p><p id="p0025" num="0025">DETAILED DESCRIPTION </p><p id="p0026" num="0026">[0018] Referring generally to the FIGURES, a sink and components thereof are shown according to exemplary embodiments. The sink may be installed in various environments including a kitchen or bathroom. The sinks are designed to replace and/or be installed in instead of a conventional sink to provide a user with the appearance of a traditional apron front or farmhouse sink without requiring significant modifications to the cabinetry or other support structures that may otherwise be required for traditional apron front and farmhouse sinks. </p><p id="p0027" num="0027"> [0019] The sink generally includes one or more basins and a front apron coupled to the one or more basins. The one or more basins are defined by a floor and one or more 
<!-- EPO <DP n="6"/>-->
 sidewalls extending upwardly from the floor. The sink may have any number of basins. For example, the sink may have one, two, or more basins. Alternatively, the sink may have a single basin divided into two or more reservoirs. The basins or reservoirs may be separated by one or more dividers (e.g., separator, structure, hump, ridge, etc.), such as a saddle. The saddle may be of any height, but preferably remains below the rim plane of the sink. The saddle may divide the sink into multiple equal or unequal sized basins or reservoirs. </p><p id="p0028" num="0028"> [0020] The sink also includes a flange or rim outwardly extending from a top edge or portion of the sidewalls. The sink is a self-rimming sink, and the rim is configured to be supported on top of a countertop. The apron, which is coupled to the front wall of the basin via the same or similar rim, extends downwardly from the rim and laterally between a first end and a second end to define a front portion of the sink. The first and second ends of the apron extend laterally beyond the outer periphery of the basin. Extending the ends of the apron past the outer periphery of the basin may allow the ends of the apron to at least partially overlap a face of the cabinetry to conceal possible cut lines and/or openings in the face of the cabinetry. Further, the first and second ends of the apron each have a raised front edge or projection that is substantially even with or coplanar with the rim. The remainder of the first and second ends are recessed inward and are supported under the rim. The raised front edge may be able to hide or otherwise conceal a cutting line made in the countertop that is necessary for the countertop to receive the sink. </p><p id="p0029" num="0029"> [0021] Before discussing further details of the sink and/or the components thereof, it should be noted that references to "front," "back," "rear," "upper," "lower," "right," and "left" in this description are merely used to identify the various elements as they are oriented in the FIGURES, with "right," "left," "front," "back," and "rear" being relative to a user facing the sink, and with "lateral" being left-right as viewed by the user. These terms are not meant to limit the element which they describe, as the various elements may be oriented differently in various applications. </p><p id="p0030" num="0030"> [0022] It should further be noted that for purposes of this disclosure, the term coupled means the joining of two members directly or indirectly to one another. Such joining may be stationary in nature or moveable in nature and/or such joining may allow for the flow of fluids, electricity, electrical signals, or other types of signals or communication between the two members. Such joining may be achieved with the two members or the two members 
<!-- EPO <DP n="7"/>-->
 and any additional intermediate members being integrally formed as a single unitary body with one another or with the two members or the two members and any additional intermediate members being attached to one another. Such joining may be permanent in nature or alternatively may be removable or releasable in nature. </p><p id="p0031" num="0031"> [0023] Referring to FIGURE 1 , a perspective view of a sink 400 is shown according to an exemplary embodiment. Sink 400 includes at least one receptacle for receiving and/or holding water (e.g., reservoir, washbasin, bowl, etc.), shown as basin 401. Basin 401 may have a variety of shapes, for example, circular, oval, polygonal, or sections of the shapes thereof (e.g. circular sector). According to the embodiment shown, basin 401 is </p><p id="p0032" num="0032">substantially rectangular with a lateral width dimension (i.e., side-to-side) being greater than the depth dimension (i.e., front-to-back). </p><p id="p0033" num="0033"> [0024] Basin 401 is shown as including a floor 410. As shown, floor 410 includes one or more sections which are each substantially planar. According to the various alternative embodiments, the sections of floor 410 may be non-planar, or the sidewalls of basin 401 may be continuously curved such that no discemable floor is formed. Floor 410 defines one or more apertures, shown as drain hole, that allow water to be removed from basin 401. The drain is configured to be coupled to a drain pipe and/or a garbage disposal mechanism, which is in turn coupled to a municipal sewerage system or to a septic system. Floor 410 is shown as being sloped towards the drain. For example, segments for floor 410 are each sloped towards the drain such that water in basin 401 may flow towards the drain by gravitational force. </p><p id="p0034" num="0034"> [0025] Basin 401 is also shown as including one or more sidewalls (generically referred to as sidewall 420) which extend generally upwardly from floor 410. According to the embodiment illustrated, basin 401 includes a first through fourth sidewalls, shown as front sidewall 421 (e.g., the sidewall of the front portion), a left sidewall 422, a right sidewall 423, and a rear sidewall 424. Front sidewall 421 extends laterally across a front portion of basin 401, rear sidewall 424 extends laterally across a rear portion of basin 401, left sidewall 422 extends front-to-back between front sidewall 421 and rear sidewall 424 along a first side portion of basin 401 (i.e., a left side portion) and right sidewall 423 extends front- to-back between front sidewall 421 and rear sidewall 424 along a second side portion of basin 401 (i.e., a right side portion). According to the embodiment shown, sidewalls 420 are substantially vertical. 
<!-- EPO <DP n="8"/>-->
 [0026] According to an exemplary embodiment, sidewalls 420 are coupled to floor 410 at substantially angled corners. According to an exemplary embodiment, the angle between sidewalls 420 and segments of floor 410 is between approximately 94 degrees and 99 degrees. According to the various alternative embodiments, the corners may be </p><p id="p0035" num="0035">continuously curved or have discontinuously curved surface transitions from floor 410 to sidewall 420. Each of corners floor 410 to front sidewall 421, floor 410 to left sidewall 422, floor 410 to right sidewall 423, and floor 410 to rear sidewall 424 may have the same or different angle. </p><p id="p0036" num="0036"> [0027] According to an exemplary embodiment, sidewalls 420 are coupled to each other at substantially right angles. According to the various alternative embodiments, the corners may be continuously curved or have discontinuously curved surface transitions from sidewall 420 to adjacent to sidewall 420. The angles for each of corners front sidewall 421 to left sidewall 422, left sidewall 422 to rear sidewall 424, rear sidewall 424 to right sidewall 423, and right sidewall 423 to front sidewall 421 may be the same or different. </p><p id="p0037" num="0037"> [0028] Basin 401 is further shown as including one or more flanges or rims (generically referred to as rim 430) that at least partially define an outer and/or upper periphery of basin 401. Rim 430 is shown as being provided at a top portion of sidewall 420 and extending generally outwardly therefrom. According to an exemplary embodiment, rim 430 is configured to be exposed after installation and define the upper periphery of the sink. As a self-rimming sink, rim 430 is also configured to at least partially support sink 400 by resting on top of a countertop or any other suitable support surface such that an underside surface of rim 430 supports basin 401. </p><p id="p0038" num="0038"> [0029] According to an exemplary embodiment, basin 401 includes a front rim 431, a left rim 432, a right rim 433, and a rear rim 434. Front rim 431 extends from a top portion of front sidewall 421, left rim 432 extends from a top portion of left sidewall 422, right rim 433 extends from a top portion of right sidewall 423, and rear rim 434 extends from a top portion of rear sidewall 424. The thickness of rim 430 may be the same or different than the thickness of sidewall 420. Further, the individual thicknesses of each of front rim 431, left rim 432, right rim 433, and rear rim 434 may be the same or different. According to the embodiment illustrated, front rim 431 , left rim 432, right rim 433, and rear rim 434 have substantially the same thickness. According to the embodiment illustrated, left rim 432 and right rim 433 have a substantially similar width, rear rim 434 has a substantially greater 
<!-- EPO <DP n="9"/>-->
 width. According to an exemplary embodiment, rear rim 434 has a greater width so that it can define one or more openings configured to receive a fixture (e.g., faucet, sprayer, soap dispenser, water controls, etc.). According to the various alternative embodiments, the width dimension may be the same for each of front rim 431 , left rim 432, right rim 433, and/or rear rim 434. Front rim 431 , left rim 432, right rim 433, and rear rim 434 are shown to form a continuous rim surface. According to the various alternative embodiments, rim 430 may be formed of discontinuous rim segments. </p><p id="p0039" num="0039"> [0030] According to an exemplary embodiment, each rim 430 is coupled to each adjacent sidewall 420 at substantially right angles. According to the various alternative </p><p id="p0040" num="0040">embodiments, the corners may be continuously curved or provide discontinuously curved surface transitions from rim 430 to adjacent to sidewall 420. Each of the corners between front rim 431 to front sidewall 321, left rim 332 to left sidewall 322, right rim 333 to right sidewall 323, and rear rim 334 to rear sidewall 324 may have the same or different angles. </p><p id="p0041" num="0041"> [0031] Rim 430 defines a first plane (e.g., top plane), shown as rim plane 491. According to the embodiment illustrated, front rim 431 , left rim 432, right rim 433 and rear rim 434 cooperate to define rim plane 491. According to an exemplary embodiment, rim plane 491 is a substantially horizontal plane. </p><p id="p0042" num="0042"> [0032] Referring back to FIGURE 2, left rim 432 has a first edge, shown as left rim edge 436, and right rim 433 has a second edge, shown as right rim edge 438. Left rim edge 436 and/or right rim edge 438 may at least partially define a periphery of basin 401. According to an exemplary embodiment, the distance from left rim edge 436 to right rim edge 438 is approximately 36 inches, and the distance from left sidewall 422 to right sidewall 423 is approximately 32.5 inches. According to another exemplary embodiment, left rim edge 436 and right rim edge 438 are approximately 33 inches apart for a reservoir that has a width of approximately 29.5 inches. According to the embodiment illustrated, left rim edge 336 and right rim edge 338 are approximately 30 inches apart for a reservoir that has a width of approximately 26.5 inches. According to the various exemplary embodiments, the rim may be sized to be greater or less than the dimensions provided above. </p><p id="p0043" num="0043"> [0033] Sink 400 also includes an apron 440 the extends laterally across a front portion of sink 400 to define a front portion of the sink that is configured to be visible to a user when installed. As shown, apron 440 is coupled to basin 401 and is supported at a substantially vertical orientation. According to an exemplary embodiment, apron 440 includes a first 
<!-- EPO <DP n="10"/>-->
 surface (e.g., structure, member, etc.), shown as top flange 441, a second surface (e.g., structure, member, etc.) shown as front face 442, a first end surface, shown as left end portion 451 , and a second end surface, shown as right end portion 461. Left end portion 451 is shown as being located laterally opposite of right end portion 461. </p><p id="p0044" num="0044"> [0034] Top flange 441 extends outwardly in a forward direction from a top portion of front sidewall 421 and front rim 431. According to various embodiments, a top surface of apron 440 may be substantially defined by top flange 441 , front rim 431 , or any </p><p id="p0045" num="0045">combination thereof. According to the embodiment illustrated, the transition from top flange 441 to front rim 431 is substantially continuous. Similarly, the transition from top flange 441 to left rim 432, and the transition from top flange 441 to right rim 433, is also substantially continuous. According to an exemplary embodiment, front face 442 extends generally downwardly from top flange 441 in a vertical direction. </p><p id="p0046" num="0046"> [0035] Top flange 441 is shown to extend laterally to left end portion 451 and to right end portion 461. Left end portion 451 and right end portion 461 may form extension or wing portions that are configured to at least partially overlap or cover a portion of the cabinetry or other structure upon which the sink is supported. Left end portion 451 includes an end surface, shown as left end surface 453 that extends generally rearwardly and substantially perpendicular to front face 442. Left end portion 451 also includes rear edge 455 that forms a rearward extremity of left end portion 451 and/or left end surface 453. Left end portion 451 further includes a front edge 457 that forms a lateral extremity of apron 440. According to the exemplary embodiment, left end surface 453 is recessed laterally from front edge 457. In other words, front edge 457 extends in a lateral direction beyond the left end surface 453. </p><p id="p0047" num="0047"> [0036] Similarly, right end portion 461 includes an end surface, shown as right end surface 463 that extends generally rearwardly and substantially perpendicular to front face 442. Right end portion 461 also includes rear edge 465 that forms a rearward extremity of left end portion 461 and/or right end surface 463. Right end portion 461 further includes a front edge 467 that forms a lateral extremity of apron 440. According to the exemplary embodiment, right end surface 463 is recessed laterally from front edge 467. In other words, front edge 467 extends in a lateral direction beyond the left end surface 453. </p><p id="p0048" num="0048"> [0037] Referring to FIGURE 2, a top view of sink 400 is shown according to an exemplary embodiment. According to the embodiment illustrated, apron 440 extends laterally between left rim edge 436 and to right rim edge 438. However, only between front 
<!-- EPO <DP n="11"/>-->
 edge 457 and front edge 467 does apron 440 extend the entire distance between left rim edge 436 and to right rim edge 438. The lateral distance from left end surface 453 to right end surface 463 is less than the lateral distance from left rim edge 436 and to right rim edge 438. In such an embodiment, left end surface 453 and right end surface 463 are inwardly offset or recessed relative to left rim edge 436 and to right rim edge 438 respectively. As detailed below, during installation, left end surface 453 and right end surface 463 are configured to be received within the opening that has been cutout in a countertop to receive sink 400. By having front edge 457 and front edge 467 extend laterally beyond left end surface 453 and right end surface 463 respectively, front edge 457 and front edge 467 can conceal or otherwise hide a cutting line made in the countertop and/or cabinetry that is necessary to receive sink 401. </p><p id="p0049" num="0049"> [0038] Referring to FIGURE 4, an enlarged view of left end portion 451 is shown according to an exemplary embodiment. The description of left end portion 451 may be transferred to right end portion 461. Front edge 457 is a raised edge or lip formed by a projection extending from left end surface 453 or by any other structure. According to the embodiment illustrated, front edge 457 is formed by bending or otherwise shaping the sheet material (e.g., stainless steel, etc.) used to define left end portion 451. After shaping the sheet material, left end portion 451 is left with multiple surfaces. Specifically, left end portion 451 is shown as including left end surface 453, a first transition surface 458 and a second transition surface 459. First transition surface 458 and second transition surface 459 are shown to be substantially vertical and extending the entire height of the apron. First transition surface 458 extends rearwardly from front face 442 and is substantially perpendicular to front face 442. As shown, first transition surface 458 is substantially coplanar with left rim edge 436 (which defines a left side plane 493). According to the various alternative embodiments, first transition surface 458 may be rounded and tangential to left side plane 493. As shown, second transition surface 459 extends inward between first transition surface 458 and left end surface 453 at an angle of approximately 30 degrees relative to front face 442. According to the various alternative embodiments, second transition surface 459 can extend inward at an angle that is sufficient to recess left end surface 453 relative to the lateral front edge of the apron. </p><p id="p0050" num="0050"> [0039] Referring to FIGURE 3, a bottom perspective view of sink 400 is shown according to an exemplary embodiment. Apron 440 is shown as including a third end portion, shown as bottom end portion 470. Bottom end portion 470 includes a third end surface, shown as 
<!-- EPO <DP n="12"/>-->
 bottom end surface 472. Bottom end surface 472 extends generally rearwardly from front face 442. According to the embodiment illustrated, bottom end portion 470 has a rear edge 474 that forms a bottom extremity of apron 440. According to an exemplary embodiment, rear edge 474 is coplanar with rear apron plane 492. </p><p id="p0051" num="0051"> [0040] According to an exemplary embodiment, bottom end surface 472 couples each of front face 442, left end surface 453, and right end surface 463 at substantially right angles. According to the various alternative embodiments, the corners may be continuously curved or provide discontinuously curved surface transitions from the bottom end surface to the adjacent surfaces. Each of corners bottom end surface 472 to front face 442, bottom end surface 472 to left end surface 453, and bottom end surface 472 to right end surface 463 may be the same or different angles. </p><p id="p0052" num="0052"> [0041] Referring to FIGURE 4, front face 442 is shown as including a first bottom edge 475, while first transition surface 458 is shown as including a second bottom edge 477 and second transition surface is shown as including a third bottom edge 478. First bottom edge 475, second bottom edge 477, and third bottom edge 478, define an area 479 that is configured to receive a portion of bottom end surface 472. </p><p id="p0053" num="0053"> [0042] The height of apron 440 may vary depending on the application. For example, sink 400 may include a full apron or a short apron. According to the embodiment illustrated, apron 440 is a relatively short apron having a height between approximately 6 and 7 inches. The height is being defined as the distance between top flange 441 and bottom end surface 472 of apron 440. According to the various alternative embodiments, sink 400 may include a full apron, which descends between 8 inches and 9 inches from rim plane 491. </p><p id="p0054" num="0054"> [0043] Sink 400 may include a second plane, shown as rear apron plane 492, defined by left end 455 and right end 465. According to an exemplary embodiment, rear apron plane 492 is defined by left end 455, right end 465, and bottom end 474. Rear apron plane 492 is substantially vertical and is substantially perpendicular to left side plane 493, to right side plane 494, and to rim plane 491. Rear apron plane 492 is also substantially parallel to front face 442, front surface 443, and front sidewall 421. Rear apron plane 492 is be configured to abut a front surface of a cabinet when sink 400 is in an installed position. Rear apron plane 492 is configured to be substantially flush to a front surface of a cabinet when sink 400 is in an installed position. Having a substantially vertical rear apron plane provides a 
<!-- EPO <DP n="13"/>-->
 substantially flat backside to the apron. As such, when sink 400 is installed, the apron may fit flush against the front of the cabinet instead of dropping into a cut or an opening. This saves the installer iterative cutting and fitting, which requires repeated lifting of a heavy sink </p><p id="p0055" num="0055"> [0044] Apron 440 may define a cavity (e.g., recess, depression, carve-out, hollow, etc.), shown as cavity 480 in FIGURE 3. According to one embodiment, top flange 441, front face 442, left end portion 451, and right end portion 461 at least partially define cavity 480. According to the embodiment shown, cavity 480 is further defined by bottom end portion 470. Cavity 480 may extend substantially between bottom end portion 470 and top flange 441. Cavity 480 may extend substantially between top flange 441 and bottom end surface 472. According to an exemplary embodiment, apron 440 has a cross sectional shape that is substantially C-shaped in a vertical direction, with the opening of the "C" facing rearwardly towards basin 401. </p><p id="p0056" num="0056"> [0045] Apron 440 is also shown as including a structure (e.g., member, reinforcement, etc.), shown as beam 484. Beam 484 is shown disposed to extend laterally across rear surface 449. Beam 484 may be coupled to rear surface 449 in a variety of methods. </p><p id="p0057" num="0057">According to an exemplary embodiment, beam 484 is coupled to rear surface 449 with an adhesive. </p><p id="p0058" num="0058"> [0046] According to an exemplary embodiment, bottom end portion 470, bottom end surface 472, and bottom end 474 are offset from front sidewall 421. According to the embodiment illustrated, no supports (e.g. structures, members, brace, spars, flanges, webs, etc.) extend from a bottom portion of front sidewall 421 to apron 440 or from front sidewall 421 to bottom end portion 470 or from front sidewall 421 to bottom end surface 472 or from front sidewall 421 to bottom end 474. Disconnecting the bottom of apron 440 from front sidewall 421 enables a portion the cabinet to fit between the apron and the basin. This enables apron 440 to be installed flush to a front face of the cabinet. Further this requires less precise cutting by an installer because the cut edges of the cabinet will be hidden from view. </p><p id="p0059" num="0059"> [0047] Sink 400 may include one or more supports (e.g. structures, members, spars, flanges, webs, etc.) which extend from a middle portion of basin 401 to apron 440. </p><p id="p0060" num="0060">According to an exemplary embodiment, sink 400 includes a first support, shown as left 
<!-- EPO <DP n="14"/>-->
 support 482a, and a second support, shown as right support 482b, which are substantially similar to supports 382. </p><p id="p0061" num="0061">[0048] Sink 400 may include one or more braces 481 (e.g., supports, structures, members, brace, spars, flanges, webs, etc.). According to the embodiment illustrated, sink 400 includes four braces 481. Brace 481 may include a first side coupled to rear sidewall 424 and a second side coupled to rim 430. For example, brace 481 includes a first side coupled to an outer surface of rear sidewall 424 and a second side coupled to an underside of rear rim 434. According to an exemplary embodiment, brace 481 is configured to support rear rim 434 perpendicularly to rear sidewall 424 and to reduce deflection of rim 430. As shown, brace 481 is substantially triangular, but according to various alternate embodiments may have a variety of shapes. </p><p id="p0062" num="0062"> [0049] Referring to FIGURE 3, sink 400 is shown as including one or more channels 485 (e.g., rail, conduit, structure, member, bracket, etc.). According to the embodiment illustrated, sink 400 includes three channels 485: a first channel, shown as left channel 485a, a second channel, shown as right channel 485b, and a third channel, shown as rear channel 485c. Left channel 485a extends rearwardly along an underside of floor 410. Right channel 485b extends rearwardly along an underside of floor 410. According to an exemplary embodiment, left channel 485a extends along a left portion of bottom surface 418 of floor 410 and right channel 485b extends rearwardly along a right portion of bottom surface 418 of floor 410. Rear channel 485c extends laterally across an underside of rear rim 434. </p><p id="p0063" num="0063">According to an exemplary embodiment, a lateral length of rear channel 485c is less than the distance between left sidewall 422 and right sidewall 423. According to the </p><p id="p0064" num="0064">embodiment illustrated, a first end of rear channel 485c is offset inwardly from a plane defined by left sidewall 422, and a second end of rear channel 485c is offset inwardly from a plane defined by right sidewall 423. Limiting the length of channel 485c facilitates maximizing the width of the reservoir between left sidewall 422 and right sidewall 423 that may be inserted through a sink opening in a countertop. Channels 485 are shown to be continuous channels. According to the various alternative embodiments, channels 485 may comprise discontinuous segments. According to further alternative embodiments, sink 400 may or may not include channel 485c. </p><p id="p0065" num="0065"> [0050] Referring to FIGURES 5 and 6, a method of installing sink 400 into a cabinet (e.g. stand, structure, base cabinet, sink base cabinet etc.), shown as cabinet 200, is shown 
<!-- EPO <DP n="15"/>-->
 according to an exemplary embodiment. Cabinet 200 may be a stock, standard, or custom cabinet generally known in the art. Cabinet 200 may have front panel 208. Front panel 208 may include front surface 209. Cabinet 200 may further include at least one door movably disposed on a lower portion of front panel 208. As shown, cabinet 200 includes first door, shown as left door 210, and a second door, shown as right door 212. Left door 210 includes a first edge shown as left vertical edge 211. Right door 212 includes a second edge, shown as right vertical edge 213. Front panel 208 may define an aperture, shown as drawer opening 214, above doors 210 and 212. According to an exemplary embodiment, drawer opening 214 is configured to receive one or more drawers which slidably couple to cabinet 200. According to the exemplary embodiment, cabinet 200 includes one or more false drawer panels which cover drawer opening 214. </p><p id="p0066" num="0066"> [0051] Cabinet 200 supports a countertop 290. Countertop 290 includes an aperture, shown as sink opening 297, configured to receive a sink and at least partially defined by a first edge, shown as left edge 298, a second edge, shown as right edge 299, and third edge, shown as front edge 295. As shown, a region 296 of countertop 290 includes front edge 295 and extends laterally across a top front portion of cabinet 200. According to an exemplary embodiment, region 296 extends from left edge 298 to right edge 299. Front panel 208 may include a rail 216, extending across a top front portion of cabinet 200, supporting region 296 of countertop 290, and at least partially defining aperture 214. Front panel 208 may include a support member, referred to as center support 218, which extends vertically through aperture 214 and supports rail 216. As described, cabinet 200 may not be configured to receive a traditional apron-front sink. </p><p id="p0067" num="0067"> [0052] If cabinet 200 is already supporting a sink, the existing sink will first need to be removed from cabinet. If cabinet 200 includes one or more drawers received in drawer opening 214 or one or more false drawer panels, the drawers and false drawer panels should be removed. If cabinet 200 includes countertop region 296 and rail 216, the countertop region 296 and rail 216 should be removed by completing the following steps: making a first substantially vertical cut in countertop 290 substantially even with a left edge 298 of sink opening 297; and making a second substantially vertical cut into countertop 290 substantially even with a right edge 299 of sink opening 297. The first substantially vertical cut creates a substantially linear extension of left edge 298, and the second substantially vertical cut creates a substantially linear extension of right edge 299. The first and second substantially vertical cuts should extend below the top of drawer opening 214 and below the 
<!-- EPO <DP n="16"/>-->
 bottom of rail 216. Additional steps may include: making a first substantially horizontal cut parallel to a bottom surface of rail 216 until the first substantially horizontal cut intersects the first substantially vertical cut; and making a second substantially horizontal cut parallel to a bottom surface of rail 216 until the second substantially horizontal cut intersects the second substantially vertical cut. The first substantially horizontal cut and the second substantially horizontal cut should be substantially even with a top of drawer opening 214. If cabinet 200 includes center support 218, a third substantially horizontal cut may need to be made through center support 218. The third substantially horizontally cut should be substantially even with the bottom of drawer opening 214. Once the cuts have been made, rail 216, center support 218 and/or countertop region 296 may be removed. </p><p id="p0068" num="0068"> [0053] Additional installation steps may include: making a third substantially vertical cut into countertop 290 extending leftward from the first substantially vertical cut (the third substantially vertical cut being substantially parallel to, and substantially flush with, front surface 209); making a fourth substantially vertical cut into countertop 290 (the fourth substantially vertical cut being in a fore-aft direction extending from a front edge of the countertop to front surface 209 of the cabinet). The fourth substantially vertical cut may be located such that it abuts left end surface 453 of sink 400 when sink 400 is in an installed position. The third and fourth substantially vertical cuts form a notch or cut-out in a front edge of countertop 290. Further installation step may include: making a fifth substantially vertical cut into countertop 290 extending right word from the second substantially vertical cut (the fifth substantially vertical cut may being substantially parallel to, and substantially flush with, front surface 209); and making a sixth substantially vertical cut into countertop 290 (the sixth substantially vertical cut being in a fore aft direction extending from a front edge of the countertop to front surface 209 of the cabinet). The sixth substantially vertical cut may be located such that it abuts right end surface 463 of sink 400 when sink 400 is in an installed position. The fifth and sixth substantially vertical cuts form a notch or cut-out in a front edge of countertop 290. The cut-outs formed by the third through sixth substantially vertical cuts may be located such that they will receive a portion of apron 440 and be covered by rim 430 when sink 400 is in an installed position. Additional working (e.g., cutting, chiseling, sanding, etc.) may be performed in order to align the third and fifth substantially vertical cuts with front surface 209. According to one embodiment, measurements may be marked on countertop 290 to indicate locations to be cut. According to another embodiment, a template may be placed onto countertop 290. According to the 
<!-- EPO <DP n="17"/>-->
 exemplary embodiment, a template is centered on the desired sink location and aligned with front surface 209 of cabinet 200. A tracing of the template is made onto countertop 290, and the cuts are made. </p><p id="p0069" num="0069"> [0054] According to an another exemplary embodiment, sink 400 may be installed into a new countertop. In such an embodiment, countertop 290 may not include sink opening 297. According to one embodiment, measurements may be marked on countertop 290 to indicate locations to be cut. According to the exemplary embodiment, a template is centered on the desired sink location and aligned with front surface 209 of cabinet 200. A tracing of the template is made onto countertop 290, and the cuts are made. In addition to the cuts described in the embodiment above additional substantially vertical cuts may need to be made to define sink opening 297. According to one embodiment, the first substantially vertical cut extends rearward into countertop 290 to form left edge 298, and the second substantially vertical cut extends rearward into countertop 290 to form right edge 299. An additional cut may be made to define a rear edge of sink opening 297. According to another embodiment, the first substantially vertical cut, the second substantially vertical cut, and the substantially vertical cut defining the rear edge of sink opening 297 may be made as a single continuous cut. </p><p id="p0070" num="0070"> [0055] A further installation steps may includes placing (e.g., lower, set, etc.) sink 400 into sink opening 297. If necessary, sink 400 may need to be pushed in a rearward direction along countertop 290 to an installed position. According to an exemplary embodiment, in an installed position, rim 430 will be substantially supported by countertop 290 and rim plane 491 is substantially parallel with countertop 290. Also, left end 455, right end 465, and/ or bottom end 474 are substantially flush with a front surface 209 of cabinet 200, while rear apron plane 492 is substantially flush with a front surface 209 of cabinet 200. </p><p id="p0071" num="0071">According to an exemplary embodiment, apron 440 of sink 400 extends beyond drawer opening 214. According to the embodiment illustrated, the lateral distance from left end surface 453 to right end surface 463 is greater than a lateral width of drawer opening 214. As shown, bottom end surface 472 is below a bottom of drawer opening 214. With sink 400 in place, a clamping assembly may be used to secure the sink to the countertop and/or the cabinet. </p><p id="p0072" num="0072"> [0056] According to various embodiments, the short apron configuration of sink 400 enables taller doors 210 and 212 to be used, enables non-apron- front height doors to be 
<!-- EPO <DP n="18"/>-->
 installed onto cabinet 200, and/or enables standard height doors to be installed onto sink 400. According to another embodiment, the short apron configuration of sink 400 enables doors 210 and 212 to be the same height as adjacent doors. Enabling full height doors facilitates retrofitting sink 400 into pre-existing cabinetry. According to the embodiment shown, left end surface 453 and right end surface 463 of sink 400 are configured to substantially align with left vertical edge 211 and right vertical edge 213, respectively. According to another embodiment, left apron end 457 and right apron end 467 are configured to substantially align with left vertical edge 211 and right vertical edge 213, respectively. According to the exemplary embodiment, bottom end surface 472 of sink 400 is configured to substantially align with bottom edges of adjacent drawers. </p><p id="p0073" num="0073">[0057] Referring to FIGURE 6, a perspective view of sink 400 is shown installed according to an exemplary embodiment. Rim 430 is shown resting on a countertop of cabinet 200. While rim 430 is described as configured to be installed above a countertop, it is contemplated that rim 430 may be installed below a countertop. Countertop 290 is shown to extend under rim 430 to right end surface 463. As such, countertop 290 extends into the recess between right end surface 463 and right side plane 494. In this configuration, water from rim 430 or countertop 290 will not flow into a gap between sink 400 and countertop 290. Furthermore, the cuts made into a top surface of countertop 290 during installation are hidden from view by rim 430, thus reducing the precision needed during cutting for an aesthetically pleasing result. Similarly, front edge 467 extends laterally beyond the vertical cuts made into countertop 290 during installation, thus hiding the cuts from view and reducing the precision needed during cutting. A similar configuration also occurs on the left side of sink 400. </p><p id="p0074" num="0074"> [0058] According to one embodiment, the distance from front edge 457 to front edge 467 is greater than the distance from left edge 298 to right edge 299 of sink opening 297. </p><p id="p0075" num="0075">According to another embodiment, the distance from front edge 457 to front edge 467 is greater than the distance from the first substantially vertical cut to the second substantially vertical cut. </p><p id="p0076" num="0076"> [0059] Referring to FIGURES 7 and 8, a template 600 is shown according to an exemplary embodiment. Referring to FIGURE 8 in particular, template 600 is configured to inform a user if sink 400 will fit into cabinet 200 and/or countertop 290. According to the embodiment shown, template 600 models a left portion of sink 400. According to an 
<!-- EPO <DP n="19"/>-->
 alternative embodiment, the template 600 may models a right portion of sink 400. Template 600 is shown as including a top surface 633. Top surface 633 has a length in a rearward direction substantially equal to the distance from front surface 443 of sink 400 to a rear edge of rear rim 434. Template 600 is also shown as including a front surface 642 which extends downwardly from top surface 633 a distance substantially equal to the height of apron 640. As shown, template 600 includes a first end 657, a second end 655, and an end surface 653 which are configured relative to top surface 633 and front surface 642 as front edge 457, left end 455, and left end surface 453 are configured relative to top flange 441 and front face 442. According to an alternative embodiment, end surface 653 may include an opening (e.g., notch, cutout, etc.) to enable template 600 to be placed over a pre-existing countertop. As such, the opening in end surface 653 would receive a front portion of a countertop. </p><p id="p0077" num="0077"> [0060] When positioned over an existing countertop, template 600 will inform a user if the countertop for the proposed installation is deep enough to receive sink 400, if and how far apron 440 will extend forward of a front edge of the countertop, and if and how far apron 440 will extend below a bottom edge of drawer opening 214. Template 600 may further inform a user if edges of sink 400 will align with existing cabinet doors and/or drawers. </p><p id="p0078" num="0078"> [0061] Template 600 may be provided on any suitable material. According to an exemplary embodiment, template 600 is made from a rigid or semi-rigid material, for example, plastic or metal. According to another embodiment, template 600 is printed on a paper-based material (e.g., paper, cardboard, corrugated paper, etc.). According to the embodiment illustrated, template 600 is printed on cardboard. As shown in FIGURE 7, template 600 may be provided in a first state (e.g., flattened state, unfolded state, unassembled state, etc.). As necessary, template 600 may be removed from surrounding paper (e.g., cut, torn, broken perforations, etc.). Template 600 may be manipulated (e.g., folded, bent, assembled, etc.) into a second state shown in FIGURE 8. </p><p id="p0079" num="0079"> [0062] Referring to FIGURE 9, a template 700 is shown according to an exemplary embodiment. Template 700 is configured to inform a user if sink 400 is compatible with (e.g., will appropriately fit) cabinet 200 and/or countertop 290. According to the exemplary embodiment, template 700 includes first through eighth surfaces shown as aft surface 702, top surface 704, front surface 706, bottom surface 772, rear surface 755, under-counter surface 708, bullnose surface 710, and countertop surface 733. Template 700 is shown to 
<!-- EPO <DP n="20"/>-->
 further include a first end, shown as aft end 712, and second end shown as bottom end 774. As shown, aft surface 702 extends upward from aft end 712. Surface 704 may extend forward from aft surface 702 to front surface 706. Front surface 706 may extend downward from top surface 704 to bottom surface 772. Bottom surface 772 may extend rearward from front surface 706 to bottom end 774. Rear surface 755 may extend upward from bottom end 774 to under-counter surface 708. Under-counter surface 708 may extend forward from rear surface 755 to bullnose surface 710. Bullnose surface 710 may extend upward from under-counter surface 708 to countertop surface 733. Countertop surface 733 may extend rearward from bullnose surface 710 to aft end 712. According to an alternative </p><p id="p0080" num="0080">embodiment, top surface 704 forms a curved surface extending from aft end 712 to bottom surface 772. In such an alternative embodiment, no discernable aft surface 702 or front surface 706 would be formed. As shown, countertop surface 733, bullnose surface 710, and under-counter surface 708 define a cutout (e.g., notch, recess, opening, etc.), shown as gap 704. </p><p id="p0081" num="0081"> [0063] According to an exemplary embodiment, the distance from rear surface 755 to aft surface 702 is substantially equal to the distance rim 430 of sink 400 extends rearward from rear apron plane 492 of sink 400. According to another exemplary embodiment, the distance from rear surface 755 to aft surface 702 is substantially equal to the distance rim 430 extends rearward from front surface 209 of cabinet 200 when sink 400 is in an installed position. According to an exemplary embodiment, the distance in a rearward direction from bottom end 774 to aft end 712 is substantially equal to the distance rim 430 of sink 400 extends rearward from bottom end 474 of sink 400. According to the embodiment illustrated, the distance in a rearward direction from bottom end 774 to aft end 712 is substantially equal to the distance rim 430 of sink 400 extends rearward from a front face of a cabinet when sink 400 is in an installed position. </p><p id="p0082" num="0082"> [0064] According to an exemplary embodiment, the distance from bottom surface 772 to countertop surface 773 is substantially equal to the distance from bottom end surface 472 of sink 400 to an underside of rim 430 of sink 400. According to another exemplary embodiment, the distance from bottom end 774 to countertop surface 773 is substantially equal to the distance from bottom end 474 of sink 400 to a bottom surface of rim 430 of sink 400. According to yet another exemplary embodiment, the distance from bottom end 774 to countertop surface 773 is substantially equal to the distance from the bottom 
<!-- EPO <DP n="21"/>-->
 extremity of apron 440 to a top surface of a countertop when sink 400 is in an installed position. </p><p id="p0083" num="0083"> [0065] According to an exemplary embodiment, template 700 is configured such that countertop surface 733 may rest on a countertop (e.g., countertop 290) and rear surface 755 sits flush to a front surface of a cabinet (e.g. front surface 209). Gap 704 is configured to receive a front edge of the countertop. According to an exemplary embodiment, in use, rear surface 755 is placed against the front face of a cabinet, and template 700 indicates to a user if the countertop for proposed installation is deep enough to receive sink 400. According to another exemplary embodiment, in use, countertop surface 733 is placed against a top surface of countertop, and template indicates to a user if and how far apron 440 will extend below a bottom edge of drawer opening 214. </p><p id="p0084" num="0084"> [0066] Instructions for the use of template 700, shown as instructions 714, may be printed on template 700. According to an exemplary embodiment, instructions 714 include a checklist indicating compatibility criteria. Elements of the checklist may be located on template 700 proximate to the location of interest. For example, a checkbox indicating that sink 400 will not hit a backsplash of countertop 290 may be located proximate aft end 712. </p><p id="p0085" num="0085"> [0067] Use of template 700 according to an exemplary embodiment is described. </p><p id="p0086" num="0086">Template 700 is placed on countertop 290 such that countertop surface 733 rests on countertop 290 and rear surface 755 is placed against front surface 209 of cabinet 200. The resulting location of aft end 712 will inform a user whether sink 400 will contact a backsplash on countertop 290 or whether rear rim 434 will cover a sink opening 297. </p><p id="p0087" num="0087">Countertop surface 733 will inform a user whether countertop 290 is flat. For example, some countertops are contoured to contain spills. This contour would be indicated as a gap between countertop surface 733 and countertop 290. Bullnose surface 710 will inform a user whether a front edge of countertop 290 extends too far beyond front surface 209 as to interfere with apron 440. For example, if a front edge of countertop 290 contacts bullnose surface 710, the front edge of countertop 290 will contact right end portion 461 or left end portion 451 (e.g., front edge 457, first transition surface 458, and/or second transition surface 459). The resulting location of bottom end 774 will inform a user whether apron 440 will extend below drawer opening 214 or whether apron 440 will contact doors 210 or 212 located below sink 400 in cabinet 200. 
<!-- EPO <DP n="22"/>-->
 [0068] Template 700 may be provided on any suitable material. According to an exemplary embodiment, template 700 is made from a rigid or semi-rigid material, for example, plastic or metal. According to another exemplary embodiment, template 700 is printed on a paper-based material (e.g., paper, cardboard, corrugated paper, etc.). </p><p id="p0088" num="0088">According to the embodiment illustrated, template 700 is formed from corrugated fiberboard. </p><p id="p0089" num="0089"> [0069] It is also important to note that the construction and arrangement of the elements of the sink as shown in the exemplary embodiments are illustrative only. Although only a few embodiments of the present disclosure have been described in detail, those skilled in the art who review this disclosure will readily appreciate that many modifications are possible (e.g., variations in sizes, dimensions, structures, shapes and proportions of the various elements, values of parameters, mounting arrangements, use of materials, colors, orientations, etc.) without materially departing from the novel teachings and advantages of the subject matter recited. For example, elements shown as integrally formed may be constructed of multiple parts or elements. It should be noted that the elements and/or assemblies of the enclosure may be constructed from any of a wide variety of materials that provide sufficient strength or durability, in any of a wide variety of colors, textures, and combinations. Additionally, in the subject description, the word "exemplary" is used to mean serving as an example, instance or illustration. Any embodiment or design described herein as "exemplary" is not necessarily to be construed as preferred or advantageous over other embodiments or designs. Rather, use of the word exemplary is intended to present concepts in a concrete manner. Accordingly, all such modifications are intended to be included within the scope of the present inventions. Other substitutions, modifications, changes, and omissions may be made in the design, operating conditions, and arrangement of the preferred and other exemplary embodiments without departing from the spirit of the appended claims. </p><p id="p0090" num="0090"> [0070] The order or sequence of any process or method steps may be varied or re- sequenced according to alternative embodiments. Any means-plus-function clause is intended to cover the structures described herein as performing the recited function and not only structural equivalents but also equivalent structures. Other substitutions, </p><p id="p0091" num="0091">modifications, changes and omissions may be made in the design, operating configuration, and arrangement of the preferred and other exemplary embodiments without departing from the spirit of the appended claims. 
</p></description><claims mxw-id="PCLM44997315" ref-ucid="WO-2012121979-A1" lang="EN" load-source="patent-office"><claim-statement><!-- EPO <DP n="23"/>--> WHAT IS CLAIMED IS: </claim-statement><claim id="clm-0001" num="1"><claim-text>1. A self-rimming sink assembly comprising: </claim-text><claim-text> a basin; </claim-text><claim-text> a rim extending outwardly from an upper end of the basin in a relatively horizontal orientation, the rim being configured to be placed on top of a countertop for supporting the sink; and </claim-text><claim-text> an apron coupled to the rim and defining a front portion of the sink, the apron having a front surface extending vertically below the rim and laterally between a first side surface and an opposite second side surface, the first and second side surfaces each having a front vertical lip that extends laterally to an outer periphery of the rim and a rear side wall portion; </claim-text><claim-text> wherein the rear side wall portion is recessed relative to the front vertical lip and the outer periphery of the rim. </claim-text></claim><claim id="clm-0002" num="2"><claim-text>2. The self-rimming sink assembly as recited in claim 1, further comprising a cabinet having a front wall defining a vertical opening. </claim-text></claim><claim id="clm-0003" num="3"><claim-text>3. The self-rimming sink assembly as recited in claim 2, wherein the countertop is configured to be supported on the cabinet and the countertop defines a horizontal opening that is generally aligned with the vertical opening of the cabinet. </claim-text></claim><claim id="clm-0004" num="4"><claim-text>4. The self-rimming sink assembly as recited in claim 3, wherein the sink is configured to be received by the vertical and horizontal openings. </claim-text></claim><claim id="clm-0005" num="5"><claim-text>5. The self-rimming sink assembly as recited in any one of claims 2-4, wherein the first side surface of the apron and the second side surface of the apron are configured to at least partially overlap a front face of the cabinet on which the sink is configured to be supported. </claim-text></claim><claim id="clm-0006" num="6"><claim-text>6. The self-rimming sink assembly as recited in any one of the preceding claims, wherein the rear side wall portion is configured to be at least partially received within an opening defined by the countertop. <!-- EPO <DP n="24"/>--> </claim-text></claim><claim id="clm-0007" num="7"><claim-text>7. The self-rimming sink assembly as recited in claim 6, wherein the front vertical lip is configured to at least partially conceal a cutting line that defines the opening in the countertop. </claim-text></claim><claim id="clm-0008" num="8"><claim-text>8. The self-rimming sink assembly as recited in any one of the preceding claims, wherein the front vertical lip comprises a first transition surface and a second transition surface, wherein the first transition surface extends rearwardly from a lateral end of the front surface of the apron and the second transition surface extends from the first transition surface to the rear side wall. </claim-text></claim><claim id="clm-0009" num="9"><claim-text>9. The self-rimming sink assembly as recited in claim 8, wherein the first transition surface is substantially perpendicular to the front surface of the apron. </claim-text></claim><claim id="clm-0010" num="10"><claim-text>10. The self-rimming sink assembly as recited in one of claim 8 or 9, wherein the second transition surface extends at an angle in a linear manner between the first transition surface and the rear side wall. </claim-text></claim><claim id="clm-0011" num="11"><claim-text>11. The self-rimming sink assembly as recited in any one of claims 8-10, wherein the second transition surface extends at an angle of approximately 30 degrees relative to the front surface of the apron. </claim-text></claim><claim id="clm-0012" num="12"><claim-text>12. The self-rimming sink assembly as recited in any one of the preceding claims, wherein the basin and the apron are formed of a metal sheet material. </claim-text></claim><claim id="clm-0013" num="13"><claim-text>13. The self-rimming sink assembly as recited in any one of claims 2-12, wherein a rear edge of the rear side wall portion is positioned adjacent to the front wall of the cabinet. </claim-text></claim><claim id="clm-0014" num="14"><claim-text>14. The self-rimming sink assembly as recited in any of the preceding claims, wherein the front surface of the apron is substantially parallel to the front wall of the sink, and wherein the rear side wall portion is substantially perpendicular to the front surface of the apron. <!-- EPO <DP n="25"/>--> </claim-text></claim><claim id="clm-0015" num="15"><claim-text>15. A method of installing a sink onto a cabinet that is supporting a countertop as recited in any one of claims 2-6 and 8-14, wherein the method comprises: </claim-text><claim-text> positioning the sink in a first opening in the cabinet that has a width that is less than a width of the apron and in a second opening in the countertop that is aligned with the first opening; </claim-text><claim-text> supporting the sink by having the rim sit on top of the countertop; </claim-text><claim-text> positioning the sink so that the rear edge of the lateral side wall of the apron is adjacent to the front wall of the cabinet and received within the second opening; </claim-text><claim-text> concealing the first opening with the apron; and </claim-text><claim-text> at least partially concealing a cutting line in the front edge of the countertop that defines the second opening with the vertical lip provided along the front lateral edge of the apron. </claim-text></claim></claims><copyright>User acknowledges that Fairview Research LLC and its third party providers retain all right, title and interest in and to this xml under applicable copyright laws.  User acquires no ownership rights to this xml including but not limited to its format.  User hereby accepts the terms and conditions of the Licence Agreement</copyright></patent-document>
