<?xml version="1.0" encoding="UTF-8"?>
<patent-document ucid="EP-2681092-A1" country="EP" doc-number="2681092" kind="A1" date="20140108" family-id="45808860" file-reference-id="317082" date-produced="20180823" status="corrected" lang="DE"><bibliographic-data><publication-reference fvid="146586676" ucid="EP-2681092-A1"><document-id><country>EP</country><doc-number>2681092</doc-number><kind>A1</kind><date>20140108</date><lang>DE</lang></document-id></publication-reference><application-reference ucid="EP-12707086-A" is-representative="NO"><document-id mxw-id="PAPP154848868" load-source="docdb" format="epo"><country>EP</country><doc-number>12707086</doc-number><kind>A</kind><date>20120301</date><lang>DE</lang></document-id><document-id mxw-id="PAPP178958794" load-source="docdb" format="original"><country>EP</country><doc-number>12707086.0</doc-number><date>20120301</date></document-id></application-reference><priority-claims><priority-claim mxw-id="PPC140556326" ucid="DE-102011004879-A" load-source="docdb"><document-id format="epo"><country>DE</country><doc-number>102011004879</doc-number><kind>A</kind><date>20110301</date></document-id></priority-claim><priority-claim mxw-id="PPC140551202" ucid="EP-2012053515-W" linkage-type="W" load-source="docdb"><document-id format="epo"><country>EP</country><doc-number>2012053515</doc-number><kind>W</kind><date>20120301</date></document-id></priority-claim></priority-claims><technical-data><classifications-ipcr><classification-ipcr mxw-id="PCL1989316403" load-source="docdb">B60W  30/18        20120101ALI20120921BHEP        </classification-ipcr><classification-ipcr mxw-id="PCL1989317834" load-source="docdb">B60W  10/06        20060101ALI20120921BHEP        </classification-ipcr><classification-ipcr mxw-id="PCL1989318245" load-source="docdb">B60W  10/184       20120101ALI20120921BHEP        </classification-ipcr><classification-ipcr mxw-id="PCL1989319471" load-source="docdb">B60K  26/02        20060101ALI20120921BHEP        </classification-ipcr><classification-ipcr mxw-id="PCL1989320194" load-source="docdb">B60W  30/09        20120101AFI20120921BHEP        </classification-ipcr><classification-ipcr mxw-id="PCL1989321506" load-source="docdb">B60W  10/20        20060101ALI20120921BHEP        </classification-ipcr><classification-ipcr mxw-id="PCL1989322583" load-source="docdb">B60W  50/16        20120101ALI20120921BHEP        </classification-ipcr><classification-ipcr mxw-id="PCL1989322584" load-source="docdb">B60W  50/14        20120101ALI20120921BHEP        </classification-ipcr><classification-ipcr mxw-id="PCL1989322621" load-source="docdb">B60W  30/095       20120101ALI20120921BHEP        </classification-ipcr></classifications-ipcr><classifications-cpc><classification-cpc mxw-id="PCL-2083185150" load-source="docdb" scheme="CPC">B60W  30/0953      20130101 LI20150318BHEP        </classification-cpc><classification-cpc mxw-id="PCL-2083185281" load-source="docdb" scheme="CPC">B60W  10/20        20130101 LI20150318BHEP        </classification-cpc><classification-cpc mxw-id="PCL-2083186147" load-source="docdb" scheme="CPC">G08G   1/165       20130101 LI20150318BHEP        </classification-cpc><classification-cpc mxw-id="PCL-2083186620" load-source="docdb" scheme="CPC">B60W2540/18        20130101 LA20150318BHEP        </classification-cpc><classification-cpc mxw-id="PCL-2083187024" load-source="docdb" scheme="CPC">G08G   1/167       20130101 LI20150318BHEP        </classification-cpc><classification-cpc mxw-id="PCL-2083187330" load-source="docdb" scheme="CPC">Y02T  10/84        20130101 LA20150318BHEP        </classification-cpc><classification-cpc mxw-id="PCL-2083187510" load-source="docdb" scheme="CPC">G08G   1/166       20130101 LI20150318BHEP        </classification-cpc><classification-cpc mxw-id="PCL-2083187541" load-source="docdb" scheme="CPC">B60W  30/18145     20130101 LI20150318BHEP        </classification-cpc><classification-cpc mxw-id="PCL-2083187731" load-source="docdb" scheme="CPC">B60W  50/16        20130101 LA20150318BHEP        </classification-cpc><classification-cpc mxw-id="PCL-2083188611" load-source="docdb" scheme="CPC">B60W2720/14        20130101 LA20150318BHEP        </classification-cpc><classification-cpc mxw-id="PCL-2083188648" load-source="docdb" scheme="CPC">G08G   1/161       20130101 LI20150318BHEP        </classification-cpc><classification-cpc mxw-id="PCL-2083188676" load-source="docdb" scheme="CPC">B60W  10/06        20130101 LI20150318BHEP        </classification-cpc><classification-cpc mxw-id="PCL-2083193102" load-source="docdb" scheme="CPC">B60W2540/10        20130101 LA20150318BHEP        </classification-cpc><classification-cpc mxw-id="PCL-2083193721" load-source="docdb" scheme="CPC">B60W2550/408       20130101 LA20150318BHEP        </classification-cpc><classification-cpc mxw-id="PCL-2083194030" load-source="docdb" scheme="CPC">B60W  50/14        20130101 LA20150318BHEP        </classification-cpc><classification-cpc mxw-id="PCL-2083194668" load-source="docdb" scheme="CPC">B60W2550/402       20130101 LA20150318BHEP        </classification-cpc><classification-cpc mxw-id="PCL-2083195294" load-source="docdb" scheme="CPC">B60W  10/184       20130101 LI20150318BHEP        </classification-cpc><classification-cpc mxw-id="PCL-2083195899" load-source="docdb" scheme="CPC">B60W2550/148       20130101 LA20150318BHEP        </classification-cpc><classification-cpc mxw-id="PCL-2083196974" load-source="docdb" scheme="CPC">B60W2540/12        20130101 LA20150318BHEP        </classification-cpc><classification-cpc mxw-id="PCL-2083197082" load-source="docdb" scheme="CPC">B60W  30/0956      20130101 LI20150318BHEP        </classification-cpc><classification-cpc mxw-id="PCL-2083197756" load-source="docdb" scheme="CPC">B60W2550/12        20130101 LA20150318BHEP        </classification-cpc><classification-cpc mxw-id="PCL-2083198457" load-source="docdb" scheme="CPC">B60W2540/20        20130101 LA20150318BHEP        </classification-cpc><classification-cpc mxw-id="PCL-2083198916" load-source="docdb" scheme="CPC">B60K2026/022       20130101 LA20150318BHEP        </classification-cpc><classification-cpc mxw-id="PCL1991312579" load-source="docdb" scheme="CPC">G08G   1/16        20130101 FI20131226BHEP        </classification-cpc></classifications-cpc><invention-title mxw-id="PT132364661" lang="DE" load-source="patent-office">SICHERHEITSVORRICHTUNG FÜR EIN KRAFTFAHRZEUG UND VERFAHREN ZUM BETRIEB EINES KRAFTFAHRZEUGS</invention-title><invention-title mxw-id="PT132364662" lang="EN" load-source="patent-office">SAFETY DEVICE FOR MOTOR VEHICLE AND METHOD FOR OPERATING A MOTOR VEHICLE</invention-title><invention-title mxw-id="PT132364663" lang="FR" load-source="patent-office">DISPOSITIF DE SÉCURITÉ POUR VÉHICULE AUTOMOBILE ET PROCÉDÉ PERMETTANT DE FAIRE FONCTIONNER UN VÉHICULE AUTOMOBILE</invention-title></technical-data><parties><applicants><applicant mxw-id="PPAR919523024" load-source="docdb" sequence="1" format="epo"><addressbook><last-name>CONTINENTAL TEVES AG &amp; CO OHG</last-name><address><country>DE</country></address></addressbook></applicant><applicant mxw-id="PPAR919515836" load-source="docdb" sequence="1" format="intermediate"><addressbook><last-name>CONTINENTAL TEVES AG &amp; CO. OHG</last-name></addressbook></applicant><applicant mxw-id="PPAR919013725" load-source="patent-office" sequence="1" format="original"><addressbook><last-name>Continental Teves AG &amp; Co. oHG</last-name><iid>101005971</iid><address><street>Guerickestrasse 7</street><city>60488 Frankfurt</city><country>DE</country></address></addressbook></applicant></applicants><inventors><inventor mxw-id="PPAR919524904" load-source="docdb" sequence="1" format="epo"><addressbook><last-name>HARTMANN BERND</last-name><address><country>DE</country></address></addressbook></inventor><inventor mxw-id="PPAR919510897" load-source="docdb" sequence="1" format="intermediate"><addressbook><last-name>HARTMANN, BERND</last-name></addressbook></inventor><inventor mxw-id="PPAR919012123" load-source="patent-office" sequence="1" format="original"><addressbook><last-name>HARTMANN, BERND</last-name><address><street>Bommersheimer Weg 41b</street><city>61348 Bad Homburg</city><country>DE</country></address></addressbook></inventor><inventor mxw-id="PPAR919530958" load-source="docdb" sequence="2" format="epo"><addressbook><last-name>LAUER PETER</last-name><address><country>DE</country></address></addressbook></inventor><inventor mxw-id="PPAR919524562" load-source="docdb" sequence="2" format="intermediate"><addressbook><last-name>LAUER, PETER</last-name></addressbook></inventor><inventor mxw-id="PPAR919007676" load-source="patent-office" sequence="2" format="original"><addressbook><last-name>LAUER, PETER</last-name><address><street>Nordweg 8</street><city>61184 Karben</city><country>DE</country></address></addressbook></inventor><inventor mxw-id="PPAR919521942" load-source="docdb" sequence="3" format="epo"><addressbook><last-name>RASTE THOMAS</last-name><address><country>DE</country></address></addressbook></inventor><inventor mxw-id="PPAR919538185" load-source="docdb" sequence="3" format="intermediate"><addressbook><last-name>RASTE, THOMAS</last-name></addressbook></inventor><inventor mxw-id="PPAR919014213" load-source="patent-office" sequence="3" format="original"><addressbook><last-name>RASTE, THOMAS</last-name><address><street>In der Au 17</street><city>61440 Oberursel</city><country>DE</country></address></addressbook></inventor></inventors><agents><agent mxw-id="PPAR919006431" load-source="patent-office" sequence="1" format="original"><addressbook><last-name>Bobbert, Christiana</last-name><iid>101350039</iid><address><street>Conti Temic microelectronic GmbH Sieboldstraße 19</street><city>D-90411 Nürnberg</city><country>DE</country></address></addressbook></agent></agents></parties><international-convention-data><pct-or-regional-filing-data ucid="EP-2012053515-W"><document-id><country>EP</country><doc-number>2012053515</doc-number><kind>W</kind><date>20120301</date><lang>DE</lang></document-id></pct-or-regional-filing-data><pct-or-regional-publishing-data ucid="WO-2012117057-A1"><document-id><country>WO</country><doc-number>2012117057</doc-number><kind>A1</kind><date>20120907</date><lang>DE</lang></document-id></pct-or-regional-publishing-data><designated-states><ep-contracting-states><country mxw-id="DS549916018" load-source="docdb">AL</country><country mxw-id="DS549763829" load-source="docdb">AT</country><country mxw-id="DS549916019" load-source="docdb">BE</country><country mxw-id="DS549857321" load-source="docdb">BG</country><country mxw-id="DS549843512" load-source="docdb">CH</country><country mxw-id="DS549763462" load-source="docdb">CY</country><country mxw-id="DS549763830" load-source="docdb">CZ</country><country mxw-id="DS549916020" load-source="docdb">DE</country><country mxw-id="DS549763463" load-source="docdb">DK</country><country mxw-id="DS549763464" load-source="docdb">EE</country><country mxw-id="DS549842971" load-source="docdb">ES</country><country mxw-id="DS549857334" load-source="docdb">FI</country><country mxw-id="DS549857335" load-source="docdb">FR</country><country mxw-id="DS549916021" load-source="docdb">GB</country><country mxw-id="DS549763469" load-source="docdb">GR</country><country mxw-id="DS549916022" load-source="docdb">HR</country><country mxw-id="DS549763831" load-source="docdb">HU</country><country mxw-id="DS549843513" load-source="docdb">IE</country><country mxw-id="DS549763470" load-source="docdb">IS</country><country mxw-id="DS549857336" load-source="docdb">IT</country><country mxw-id="DS549763471" load-source="docdb">LI</country><country mxw-id="DS549774640" load-source="docdb">LT</country><country mxw-id="DS549763832" load-source="docdb">LU</country><country mxw-id="DS549774649" load-source="docdb">LV</country><country mxw-id="DS549774650" load-source="docdb">MC</country><country mxw-id="DS549843180" load-source="docdb">MK</country><country mxw-id="DS549843181" load-source="docdb">MT</country><country mxw-id="DS549857337" load-source="docdb">NL</country><country mxw-id="DS549842972" load-source="docdb">NO</country><country mxw-id="DS549843526" load-source="docdb">PL</country><country mxw-id="DS549843186" load-source="docdb">PT</country><country mxw-id="DS549857342" load-source="docdb">RO</country><country mxw-id="DS549843187" load-source="docdb">RS</country><country mxw-id="DS549843527" load-source="docdb">SE</country><country mxw-id="DS549843188" load-source="docdb">SI</country><country mxw-id="DS549842973" load-source="docdb">SK</country><country mxw-id="DS549843528" load-source="docdb">SM</country><country mxw-id="DS549774651" load-source="docdb">TR</country></ep-contracting-states></designated-states></international-convention-data><office-specific-data><eptags><ep-no-a-document-published>*</ep-no-a-document-published></eptags></office-specific-data></bibliographic-data><abstract mxw-id="PA99836127" ref-ucid="WO-2012117057-A1" lang="DE" load-source="patent-office"><p num="0000">Die Anmeldung betrifft eine Vorrichtung und ein Verfahren zur Erhöhung der Sicherheit für ein Kraftfahrzeug. Eine erste Sensoreinheit (2) erfasst das Umfeld, insbesondere zur Erkennung von Freiräumen und Objekten (0), deren Position und Bewegung. Eine zweite Sensoreinheit (20) erfasst den Umweltzustand, eine dritte Sensoreinheit (30) den Fahrzeugzustand und eine vierte Sensoreinheit (40) die Fahrervorgaben. Die Daten werden fusioniert, und ein Fahrsicherheitskoordinator (6) ermittelt zur Gewährleistung der operationalen Sicherheit prädiktiv und situativ mindestens einen zulässigen Fahrkorridor (K1, K2, K3, K4 bis Kn). Die Fahrervorgabe kann mittels aktiv ansteuerbarer Komponenten (9) auf den Fahrkorridor (K1, K2, K3, K4 bis Kn) begrenzt und/oder das Kraftfahrzeug (1) mittels der aktiv ansteuerbaren Komponenten (9) im Fahrkorridor (K1, K2, K3, K4 bis Kn) gehalten werden.</p></abstract><abstract mxw-id="PA100331899" ref-ucid="WO-2012117057-A1" lang="DE" source="national office" load-source="docdb"><p>Die Anmeldung betrifft eine Vorrichtung und ein Verfahren zur Erhöhung der Sicherheit für ein Kraftfahrzeug. Eine erste Sensoreinheit (2) erfasst das Umfeld, insbesondere zur Erkennung von Freiräumen und Objekten (0), deren Position und Bewegung. Eine zweite Sensoreinheit (20) erfasst den Umweltzustand, eine dritte Sensoreinheit (30) den Fahrzeugzustand und eine vierte Sensoreinheit (40) die Fahrervorgaben. Die Daten werden fusioniert, und ein Fahrsicherheitskoordinator (6) ermittelt zur Gewährleistung der operationalen Sicherheit prädiktiv und situativ mindestens einen zulässigen Fahrkorridor (K1, K2, K3, K4 bis Kn). Die Fahrervorgabe kann mittels aktiv ansteuerbarer Komponenten (9) auf den Fahrkorridor (K1, K2, K3, K4 bis Kn) begrenzt und/oder das Kraftfahrzeug (1) mittels der aktiv ansteuerbaren Komponenten (9) im Fahrkorridor (K1, K2, K3, K4 bis Kn) gehalten werden.</p></abstract><abstract mxw-id="PA99836128" ref-ucid="WO-2012117057-A1" lang="EN" load-source="patent-office"><p num="0000">The application relates to a device and a method for increasing the safety of a motor vehicle. A first sensor unit (2) senses the surroundings, in particular in order to detect free spaces and objects (0), and the position and movement thereof. A second sensor unit (20) senses the state of the surroundings, a third sensor unit (30) senses the state of the vehicle, and a fourth sensor unit (40) senses the driver's commands. The data are merged and a driving safety coordinator (6) determines at least one reliable driving corridor (K1, K2, K3, K4 to Kn) predictively and situationally in order to determine the operational safety. The driver's command can be limited to the driving corridor (K1, K2, K3, K4 to Kn) by means of components (9) which can be actuated actively and/or the motor vehicle (1) can be kept in the driving corridor (K1, K2, K3, K4 to Kn) by means of the components (9) which can be actuated actively.</p></abstract><abstract mxw-id="PA100331900" ref-ucid="WO-2012117057-A1" lang="EN" source="national office" load-source="docdb"><p>The application relates to a device and a method for increasing the safety of a motor vehicle. A first sensor unit (2) senses the surroundings, in particular in order to detect free spaces and objects (0), and the position and movement thereof. A second sensor unit (20) senses the state of the surroundings, a third sensor unit (30) senses the state of the vehicle, and a fourth sensor unit (40) senses the driver's commands. The data are merged and a driving safety coordinator (6) determines at least one reliable driving corridor (K1, K2, K3, K4 to Kn) predictively and situationally in order to determine the operational safety. The driver's command can be limited to the driving corridor (K1, K2, K3, K4 to Kn) by means of components (9) which can be actuated actively and/or the motor vehicle (1) can be kept in the driving corridor (K1, K2, K3, K4 to Kn) by means of the components (9) which can be actuated actively.</p></abstract><abstract mxw-id="PA99836129" ref-ucid="WO-2012117057-A1" lang="FR" load-source="patent-office"><p num="0000">L'invention concerne un dispositif et un procédé pour un véhicule automobile, destinés à augmenter la sécurité. Une première unité de détection (2) capte l'environnement, en particulier afin de reconnaître les espaces libres et les objets (0), leur position et leur déplacement. Une deuxième unité de détection (20) capte l'état de l'environnement, une troisième unité de détection (30) capte l'état du véhicule et une quatrième unité de détection (40) capte les consignes du conducteur. Les données sont fusionnées et un coordinateur de sécurité routière (6) détermine par calcul prédictif et situationnel au moins un corridor autorisé (K1, K2, K3, K4 à Kn) pour garantir la sécurité opérationnelle. La consigne du conducteur peut être limitée au corridor autorisé (K1, K2, K3, K4 à Kn) au moyen d'éléments activement commandables (9) et/ou le véhicule automobile (1) peut être maintenu dans le corridor autorisé (K1, K2, K3, K4 à Kn) au moyen des éléments activement commandables (9).</p></abstract><abstract mxw-id="PA100331901" ref-ucid="WO-2012117057-A1" lang="FR" source="national office" load-source="docdb"><p>L'invention concerne un dispositif et un procédé pour un véhicule automobile, destinés à augmenter la sécurité. Une première unité de détection (2) capte l'environnement, en particulier afin de reconnaître les espaces libres et les objets (0), leur position et leur déplacement. Une deuxième unité de détection (20) capte l'état de l'environnement, une troisième unité de détection (30) capte l'état du véhicule et une quatrième unité de détection (40) capte les consignes du conducteur. Les données sont fusionnées et un coordinateur de sécurité routière (6) détermine par calcul prédictif et situationnel au moins un corridor autorisé (K1, K2, K3, K4 à Kn) pour garantir la sécurité opérationnelle. La consigne du conducteur peut être limitée au corridor autorisé (K1, K2, K3, K4 à Kn) au moyen d'éléments activement commandables (9) et/ou le véhicule automobile (1) peut être maintenu dans le corridor autorisé (K1, K2, K3, K4 à Kn) au moyen des éléments activement commandables (9).</p></abstract><description mxw-id="PDES51233175" ref-ucid="WO-2012117057-A1" lang="DE" load-source="patent-office"><!-- EPO <DP n="3"/>--><p id="p0001" num="0001">Sicherheitsvorrichtung für ein Kraftfahrzeug und Verfahren zum Betrieb eines Kraftfahrzeugs </p><p id="p0002" num="0002">Die vorliegende Erfindung betrifft eine Sicherheitsvorrichtung für ein Kraftfahrzeug mit </p><p id="p0003" num="0003">mindestens einer Sensoreinheit zum Erfassen der </p><p id="p0004" num="0004">Umfeldbedingungen und zur Ausgabe von Umfelddaten, einer Auswerteeinheit zur Datenfusion der Umfelddaten und einer Auswerteeinheit zur Erkennung von Freiräumen und Objekten, deren Position und Bewegung, sowie mit </p><p id="p0005" num="0005">mindestens einer Sensoreinheit zum Erfassen des Umweltzu<sup>¬</sup> standes und zur Ausgabe von Umweltzustandsdaten und einer Auswerteeinheit zur Datenfusion der Umfelddaten mit den Umweltzustandsdaten zur Bestimmung einer Reibwertindikation, sowie mit </p><p id="p0006" num="0006">mindestens einer Sensoreinheit zum Erfassen des Fahrzeugzu<sup>¬</sup> standes und zur Ausgabe von Fahrzeugzustandsdaten und einer Auswerteeinheit zur Datenfusion der Fahrzeugzustandsdaten mit Fahrervorgabedaten zur Bestimmung des Fahrzustandes, sowie mit 
<!-- EPO <DP n="4"/>-->
mindestens einer Sensoreinheit zum Erfassen der Fahrervorga<sup>¬</sup> ben und zur Ausgabe von Fahrervorgabedaten und einer Auswerteeinheit zur Datenfusion der Fahrervorgabedaten mit den Fahrzeugzustandsdaten zur Bestimmung des Fahrersollkurses. Außerdem betrifft die vorliegende Erfindung ein Verfahren zum Betrieb eines Kraftfahrzeugs. </p><p id="p0007" num="0007">Aus der EP 1 735 187 AI ist eine derartige Sicherheitsvorrichtung und ein Verfahren zur Erhöhung der Sicherheit im Straßenverkehr bekannt. Bei dem vorbekannten System wird beim oder nach einem durch den Fahrer verursachten Lenkeinschlag eines Ausweichmanövers ein unterstützendes Fahrmanö<sup>¬</sup> ver vorgegeben, wobei die Vorgabe vom Fahrer jederzeit übersteuert werden kann. Bei dem vorbekannten Verfahren wird anhand von Umfeldsignalen ermittelt, ob eine fahrdynamisch kritische Situation bzw. eine bevorstehende Kollision vor<sup>¬</sup> liegt. Das Verfahren wird bevorzugt in Notsituationen für Ausweichmanöver eingesetzt. </p><p id="p0008" num="0008">Es ist Aufgabe der vorliegenden Erfindung, ein Verfahren einzuführen, das pro-aktiv unter Berücksichtigung der Fahrsituation eine maximale Fahrsicherheit gewährleistet, die den Fahrer in seiner Fahraufgabe bestmöglich unterstützt. </p><p id="p0009" num="0009">Diese Aufgabe wird durch ein Verfahren und eine Vorrichtung mit den Merkmalen der unabhängigen Patentansprüche gelöst. Dabei ist vorgesehen, dass ein Fahrsicherheitskoordinator zur Gewährleistung der operationalen Sicherheit prädiktiv und situativ mindestens einen zulässigen Fahrkorridor ermittelt und die Fahrervorgabe mittels aktiv ansteuerbarer Kom<sup>¬</sup> ponenten auf den Fahrkorridor begrenzt und das Kraftfahrzeug mittels der aktiv ansteuerbaren Komponenten im Fahrkorridor hält. Durch diese Maßnahme wird prädiktiv und situativ der Fahrer als auch das Fahrzeug und/oder fahrzeugeigene Systeme 
<!-- EPO <DP n="5"/>-->
vor einem gefährlichen Überschreiten der fahrphysikalischen Grenzen geschützt und damit die aktive Sicherheit im Stra<sup>¬</sup> ßenverkehr wesentlich erhöht. Bei erhöhter Unfallgefahr werden Kollisionen zuverlässig vermieden. Je nach Automatisierungsgrad kann dies mit oder ohne Initialisierung durch den Fahrer geschehen. Der Fahrer soll eine Fahrervorgabe angeben können, dies kann aber systembedingt und situationsbedingt vom regelnden System geändert werden. Ein Beispiel für ein hochautomatisiertes System ist die Landung eines Flugzeuges bei Schlechtwetter mit Hilfe eines Differential GPS-Systems, einer Karte der Landebahn und einer Höhen- und Geschwindigkeitsmessung wobei ein „Autopilot" die Flugbahn sowie die Flugdynamik in einen Zielkorridor umsetzt und regelt. Ein gering automatisiertes System würde den Piloten lediglich warnen, wenn er den prädizierten Zielkorridor verlässt. </p><p id="p0010" num="0010">Bei einer vorteilhaften Weiterbildung des Erfindungsgegenstandes ist vorgesehen, dass der Fahrsicherheitskoordinator eine Bewertung der Datenfusion der ermittelten Daten hinsichtlich der Kritikalität der Fahrsituation vornimmt und dazu eingerichtet ist, eine Warnung an den Fahrer und/oder das Umfeld auszugeben. </p><p id="p0011" num="0011">Dabei wird die Fläche des zulässigen Fahrkorridors sowohl von räumlich situativen Grenzlinien als auch von fahrphysikalischen Grenzen innerhalb einer prädizierten Freifahrfläche aufgespannt. Diese Maßnahme berücksichtigt die situativ notwendige Fläche ebenso wie die fahrphysikalisch notwendige Fläche innerhalb der Freifahrfläche, um mindestens einen Fahrkorridor zu ermitteln. </p><p id="p0012" num="0012">In einer vorteilhaften Weiterbildung ist vorgesehen, dass der Fahrsicherheitskoordinator dazu eingerichtet ist, die aktiv ansteuerbaren Komponenten derart anzusteuern, dass ei- 
<!-- EPO <DP n="6"/>-->
ne Gegenkraft am Fahrpedal erzeugt wird oder ein Eingriff in den Antriebsmotor, ein Eingriff in den Antriebsstrang oder ein Bremseingriff durchgeführt wird, um das Fahrzeug im Fahrkorridor zu halten. Durch diese Maßnahme werden die aktiv ansteuerbaren Komponenten, die man auch als fremdan- steuerbare Komponenten bezeichnet, derart angesteuert, dass das Fahrzeug aktiv oder durch Beeinflussung des Fahrers im Fahrkorridor gehalten wird. Dabei ist der Fahrsicherheitsko- ordinator dazu eingerichtet, die aktiv ansteuerbaren Komponenten derart anzusteuern, dass ein zusätzliches Lenkmoment und/oder ein Zusatzlenkwinkel oder ein radindividueller Bremseingriff zur Erzeugung eines Giermoments erzeugt wird, um das Fahrzeug im Fahrkorridor zu halten. Der Fahrer kann in einem speziellen Ausführungsbeispiel die auf den Fahrkorridor begrenzende Ansteuerung der aktiv ansteuerbaren Komponenten jederzeit überstimmen. </p><p id="p0013" num="0013">Es ist in einer Weiterbildung vorgesehen, dass der Fahrsi- cherheitskoordinator dazu eingerichtet ist, eine haptische, akustische und/oder optische Warnung an den Fahrer auszuge<sup>¬</sup> ben. Außerdem sieht eine weitere Weiterbildung vor, dass der Fahrsicherheitskoordinator dazu eingerichtet ist, eine Not<sup>¬</sup> bremsung einzuleiten, wenn die zulässigen Fahrkorridore bei hoher Kollisionsgefahr keine Ausweichmöglichkeit vorsehen. Ein Eingriff des Sicherheitskoordinators reicht also von ei<sup>¬</sup> ner Warnung des Fahrers bis zu einem automatisiert oder au<sup>¬</sup> tonom durchgeführten Fahrmanöver. </p><p id="p0014" num="0014">Die Sensoreinheit zum Erfassen der Umfeldbedingungen und zur Ausgabe von Umfelddaten besteht aus einem Radar-, Lidar- oder Kamerasystem oder aus einer Kombination der vorgenannten Systeme. Zusätzlich werden in der Sensoreinheit weitere Informationen bei der Erfassung der Umfeldbedingungen und 
<!-- EPO <DP n="7"/>-->
bei der Ausgabe von Umfelddaten berücksichtigt, die mittels Car-to-X-Kommunikation übertragen werden. </p><p id="p0015" num="0015">Die mindestens eine Sensoreinheit zum Erfassen des Umweltzu<sup>¬</sup> standes wird durch einen Regensensor, ein Thermoelement und/oder durch ein Kamerasystem gebildet. </p><p id="p0016" num="0016">Die mindestens eine Sensoreinheit zum Erfassen des Fahrzeug<sup>¬</sup> zustandes besteht aus einem Raddrehzahlsensor, einem Querbe- schleunigungssensor, einem Längsbeschleunigungssensor und/oder einem Gierratensensor. </p><p id="p0017" num="0017">Die mindestens eine Sensoreinheit zum Erfassen der Fahrer<sup>¬</sup> vorgaben wird durch einen Lenkwinkelsensor, einen Pedalwinkelsensor für das Bremspedal und/oder das Fahrpedal und/oder durch einen Geber der Richtungsanzeige gebildet. </p><p id="p0018" num="0018">Alle Auswerteinheiten sind dazu eingerichtet, eine Datenfu<sup>¬</sup> sion durch Zusammenführung und Vervollständigung lückenhafter Datensätze zur Datenbereinigung durchzuführen. </p><p id="p0019" num="0019">Die Aufgabe wird auch durch ein Verfahren mit den Merkmalen des nebengeordneten Patentanspruchs gelöst. Dabei wird ein zulässiger Fahrkorridor unter Berücksichtigung der operatio- nalen Sicherheit prädiktiv und situativ ermittelt und das Kraftfahrzeug wird im Fahrkorridor gehalten, indem die Fahrervorgabe mittels aktiv ansteuerbarer Komponenten auf den Fahrkorridor begrenzt wird. </p><p id="p0020" num="0020">Die Erfindung wird nachfolgend anhand eines Ausführungsbei- spiels im Zusammenhang mit der beiliegenden Zeichnung näher erläutert. In der Zeichnung zeigt: 
<!-- EPO <DP n="8"/>-->
Fig. 1 eine schematische Darstellung eines Fahrzeugs mit einer Umfeldsensorik zum Erfassen von Objekten im Umfeld des Fahrzeugs; </p><p id="p0021" num="0021">Fig. 2 eine schematische Darstellung eines Fahrerassis<sup>¬</sup> tenzsystems ; </p><p id="p0022" num="0022">Fig. 3 eine Block-Darstellung der erfindungsgemäßen </p><p id="p0023" num="0023"> SicherheitsVorrichtung; </p><p id="p0024" num="0024">Fig. 4a, b eine schematische Darstellung zulässiger Fahrkorridore ; </p><p id="p0025" num="0025">Fig. 5 eine graphische Gegenüberstellung von Querbeschleunigung und Giermoment des Kraftfahrzeugs und </p><p id="p0026" num="0026">Fig. 6 eine Darstellung der Längs- und Querkräfte eines </p><p id="p0027" num="0027"> Fahrzeugreifens . </p><p id="p0028" num="0028">Im Sinne der vorliegenden Erfindung steht „Lenkrad" stellvertretend für alle denkbaren Mensch-Maschine- Schnittstellen, die der Fahrzeugführer im Sinne eines Lenken und Steuern des Kraftfahrzeugs bedienen kann, wie beispiels<sup>¬</sup> weise Schaltereingaben, ein Joystick oder ein Touchpad sowie auch von extern übermittelte Stell-Kommandos . </p><p id="p0029" num="0029">Im Folgenden wird zunächst allgemein anhand von Fig. 1 und 2 eine Sicherheitsvorrichtung für Kraftfahrzeuge erläutert und anhand der Fig. 3 und 4 ein Ausführungsbeispiel der Erfin<sup>¬</sup> dung näher erläutert. </p><p id="p0030" num="0030">In Fig. 1 ist beispielhaft ein vierrädriges, zweiachsiges Fahrzeug 1 dargestellt, das über eine Umfeldsensorik 2 ver<sup>¬</sup> fügt, mit dem Objekte 0 im Umfeld des Fahrzeugs erfasst wer- 
<!-- EPO <DP n="9"/>-->
den können, bei denen es sich insbesondere um weitere Kraft<sup>¬</sup> fahrzeuge handelt, die sich in derselben oder einer benachbarten Fahrspur seitlich und/oder vor dem Fahrzeug 1 bewegen. Als Objekte 0 kommen aber auch statische oder nahezu statische Objekte wie beispielsweise Bäume, Fußgänger oder Fahrbahnbegrenzungen in Frage. Beispielhaft wird eine </p><p id="p0031" num="0031">Umfeldsensorik 2 mit einem Erfassungsbereich 3 gezeigt, der einen Raumwinkel vor, neben oder hinter dem Fahrzeug 1 um- fasst, in dem beispielhaft ein Objekt 0 dargestellt ist. Bei der Umfeldsensorik 2 handelt sich beispielsweise um einen LIDAR-Sensor (Light Detection and Ranging) der dem Fachmann an sich bekannt ist. Ebenfalls sind jedoch auch andere </p><p id="p0032" num="0032">Umfeldsensoren wie Radarsensoren oder optische Kamerasysteme einsetzbar. Darüber hinaus kann die Information um das Umfeld mittels der sogenannten Car-to-X-Kommunikation ermittelt werden. Darunter versteht man die Übertragung von </p><p id="p0033" num="0033">Umfeldinformationen von anderen Fahrzeugen oder von anderen Erfassungspunkten an das Fahrzeug 1. Die Umfeldsensorik 2 misst die Abstände d zu den erfassten Punkten eines Objekts sowie die Winkel φ zwischen den Verbindungsgeraden zu diesen Punkten und der Mittellängsachse des Fahrzeugs, wie dies in Fig. 1 beispielhaft für einen Punkt P des Objekts 0 veran<sup>¬</sup> schaulicht ist. Die dem Fahrzeug 1 zugewandten Fronten der erfassten Objekte setzen sich aus mehreren erfassten Punkten zusammen, zu der die Sensorsignale übermittelt werden, die Korrelationen zwischen Punkten und der Form eines Objekts herstellt und einen Bezugspunkt für das Objekt 0 bestimmt. Als Bezugspunkt kann dabei beispielsweise der Mittelpunkt des Objekts 0 bzw. der Mittelpunkt der erfassten Punkte des Objekts gewählt werden. Die Geschwindigkeiten der detektier- ten Punkte und damit die Geschwindigkeit der erfassten Ob<sup>¬</sup> jekte können im Gegensatz zu einem Radar-Sensor (Doppier- Effekt) mittels des LIDAR-Umfeldsensors 2 nicht direkt ge<sup>¬</sup> messen werden. Sie werden aus der Differenz zwischen den in 
<!-- EPO <DP n="10"/>-->
aufeinander folgenden Zeitschritten gemessenen Abständen in einer taktweise arbeitenden Ob ekterkennungseinheit 21 be<sup>¬</sup> rechnet. In ähnlicher Weise kann grundsätzlich auch die Beschleunigung der Objekte durch zweimaliges Ableiten ihrer Positionen bestimmt werden. </p><p id="p0034" num="0034">Fig. 2 zeigt eine schematische Darstellung eines Fahreras<sup>¬</sup> sistenzsystems, dessen Bestandteile mit Ausnahme von Senso<sup>¬</sup> ren, Aktuatoren und sonstiger Hardware vorzugsweise als Softwaremodule ausgeführt sind, die innerhalb des Fahrzeugs 1 mittels eines Mikroprozessors ausgeführt werden. Wie in Fig. 2 gezeigt, werden die Objektdaten in Form von elektronischen Signalen innerhalb des schematisch dargestellten Fahrerassistenzsystems an eine Entscheidungseinrichtung 22 übermittelt. In der Entscheidungseinrichtung 22 wird in Block 23 anhand der Informationen über das Objekt 0 eine Ob- j ekttraj ektorie bestimmt. Ferner wird eine Bewegungstraj ek- torie T des Fahrzeugs 1 in Block 24 anhand von Informationen über den fahrdynamischen Zustand des Fahrzeugs 1 ermittelt, die mit Hilfe von weiteren Fahrzeugsensoren 25 bestimmt werden. Insbesondere werden dabei die beispielsweise mit Hilfe von Raddrehzahlsensoren ermittelbare Fahrzeuggeschwindig<sup>¬</sup> keit, der mittels eines Lenkwinkelsensors gemessene Lenkwin<sup>¬</sup> kel δ an den lenkbaren Rädern des Fahrzeugs 1, die Gierrate und/oder die Querbeschleunigung des Fahrzeugs 1, die mittels entsprechender Sensoren gemessen werden, herangezogen. Darüber hinaus ist es möglich, aus den mit den Fahrzeugsensoren 25 gemessenen fahrdynamischen Zuständen des Fahrzeugs modellbasierte Größen zu berechnen bzw. zu schätzen. Ein Hinweis auf den Reibwert zwischen den Reifen des Fahrzeugs 1 und der Fahrbahn wird dabei ebenfalls aus den Fahrzeugsenso<sup>¬</sup> ren oder aus dem Fahrbahnzustand gewonnen. Diese Reibwertindikation wird insbesondere durch das Bremsenregelsystem ermittelt. Dann wird in der Entscheidungseinrichtung 22 inner- 
<!-- EPO <DP n="11"/>-->
halb des Blocks 26 überprüft, ob sich das Kraftfahrzeug 1 auf einem Kollisionskurs mit einem der erfassten Objekte 0 befindet. Falls ein derartiger Kollisionskurs festgestellt wird und die ebenfalls in der Entscheidungseinrichtung 22 ermittelte Kollisionszeit, d.h. die Zeitdauer bis zu der er mittelten Kollision mit dem Objekt 0, einen bestimmten Wert unterschreitet, wird ein Auslösesignal an eine Bahnvorgabe<sup>¬</sup> einrichtung 27 übermittelt. Das Auslösesignal führt dazu, dass zunächst innerhalb der Bahnvorgabeeinrichtung eine Aus weichbahn, d.h. eine Bewegungstraj ektorie T, berechnet wird Dann wird aufgrund der ermittelten Ausweichbahn bzw. Bewegungstraj ektorie T ein Startpunkt für das Ausweichmanöver bestimmt, an dem das Ausweichmanöver gestartet werden muss, um dem Objekt 0 gerade noch ausweichen zu können. Diese Schritte werden vorzugsweise in Zeitschritten wiederholt, bis keine Kollisionsgefahr aufgrund von Kursänderungen des Objekts 0 oder des Fahrzeugs 1 mehr besteht oder bis das Fahrzeug 1 den Startpunkt für ein Ausweichmanöver erreicht. Ist dies der Fall, werden die Ausweichbahn oder diese Bahn repräsentierende Parameter an eine Lenkungsaktuatorsteuerun 28 übermittelt. </p><p id="p0035" num="0035">In Fig. 3 ist der schematische Aufbau der erfindungsgemäßen Sicherheitsvorrichtung dargestellt. Der Gedanke ist dabei die Vernetzung der verschiedenen Sensoreinheiten 2, 20, 30, 40. Mit den zur Verfügung stehenden Daten aus den Sensorein heiten 2, 20, 30, 40 wird eine Datenfusion durchgeführt. AI Datenfusion bezeichnet man die Zusammenführung und Vervollständigung lückenhafter Datensätze zur Datenbereinigung. Da bei müssen mehrere zum Teil unvollständige Datensätze mitei nander kombiniert werden, um ein vollständiges Bild des Um<sup>¬</sup> felds zu erhalten. Bevor die Datenfusion der Datensätze zweier Sensoreinheiten 2, 20, 30, 40 möglich ist, müssen si auf ein gemeinsames Datenschema gebracht werden. Dieser Vor 
<!-- EPO <DP n="12"/>-->
gang wird auch Datenschema-Integration genannt. Durch diese Datenfusion ist es möglich, Informationen zum Umfeld des Kraftfahrzeugs 1 zu gewinnen, die eine bessere Qualität auf<sup>¬</sup> weisen. Eine bessere Datenqualität steht dabei für eine exaktere und schnellere Berechnung der zulässigen Fahrkorridore Kl, K2, K3, K4 bis Kn . Wie nachfolgend noch näher erläutert wird, findet eine Datenfusion ebenfalls statt, um verbesserte Informationen zum Umweltzustand, zum Fahrzeugzu<sup>¬</sup> stand und für die Fahrervorgabedaten zu erhalten. </p><p id="p0036" num="0036">Zum Erfassen der Umfeldbedingungen dient mindestens eine Sensoreinheit 2. Diese sogenannte Umfeldsensorik 2 wird wie bereits erwähnt aus einem Radar-, Lidar- oder einem Videokamera-System gebildet oder aus einer Kombination der genannten Systeme. Die mit Hilfe mindestens einer dieser Sensor<sup>¬</sup> einheit 2 erhaltenen Informationen werden mit Karteninformationen, GPS-Daten und Informationen, die mit Hilfe einer Car-to-X-Kommunikation erhalten werden, innerhalb einer Auswerteeinheit 4 zur Datenfusion der Umfelddaten im Sinne einer Datenfusion miteinander kombiniert. Nach der Datenfusion erfolgt eine Auswertung der verbesserten Umfelddaten zur Erkennung von Objekten 0. Die Position und Bewegung des Objekts 0 wird an einen Fahrsicherheitskoordinator 6 übermittelt. Dieser Fahrsicherheitskoordinator 6 ermittelt aufgrund fahrphysikalischer Grenzwerte unter Einbeziehung der </p><p id="p0037" num="0037">Umfelddaten mindestens einen zulässigen Fahrkorridor Kl, K2, K3, K4 bis Kn und gewährleistet damit die operationale Si<sup>¬</sup> cherheit des Fahrzeugs 1 prädiktiv und situativ. Die zuläs<sup>¬</sup> sigen Fahrkorridore Kl, K2, K3, K4 bis Kn werden nachfolgend anhand von Fig. 4 näher erläutert. </p><p id="p0038" num="0038">Wie Fig. 3 weiter entnehmbar ist, dient mindestens eine wei<sup>¬</sup> tere Sensoreinheit 20 der Erfassung des Umweltzustandes . Diese mindestens eine Sensoreinheit 20 zur Erfassung des Um- 
<!-- EPO <DP n="13"/>-->
weitzustandes wird durch einen Regensensor, ein Thermoele<sup>¬</sup> ment und/oder durch ein Kamerasystem gebildet. Unter Berücksichtigung der Reifenkennlinie der verwendeten Fahrzeugrei<sup>¬</sup> fen wird aus den ermittelten Umweltzustandsdaten eine Datenfusion in der Auswerteeinheit 24 durchgeführt und im Schritt 25 wird aus den bereinigten Umweltzustandsdaten eine Reibwertindikation zwischen Reifen und Fahrbahn ermittelt. Diese Ermittlung der Reibwertindikation erfolgt beispielsweise auf Grund der Kenntnis des Fahrbahnzustands. Diese ermittelte Reibwertindikation wird ebenfalls an den Fahrsicherheitsko- ordinator 6 weiter geleitet. </p><p id="p0039" num="0039">Eine weitere mindestens eine Sensoreinheit 30 dient zum Er<sup>¬</sup> fassen eines Fahrzeugzustandes. Diese mindestens eine Sen<sup>¬</sup> soreinheit 30 zur Fahrzeugzustandserfassung ist aus einem Raddrehzahlsensor, einem Querbeschleunigungssensor, einem Längsbeschleunigungssensor oder einem Gierratensensor gebildet. Eine Kombination der genannten Sensoren ist ebenfalls möglich. Die Sensoreinheit 30 zur Fahrzeugzustandserfassung wird auch Fahrzeugzustandsbeobachter genannt. In einer diesem Fahrzeugzustandsbeobachter zugeordneten Auswerteeinheit 34 werden die Fahrzeugzustandsdaten mit der ermittelten Reibwertindikation im Sinne einer Datenfusion kombiniert. Durch diese Maßnahme wird im Schritt 35 der Fahrzeugzustand berechnet und an den Fahrsicherheitskoordinator 6 ausgegeben . </p><p id="p0040" num="0040">Wie Fig. 3 weiter offenbart ist mindestens eine weitere Sen<sup>¬</sup> soreinheit 40 zum Erfassen der Fahrervorgaben und zur Ausgabe von Fahrervorgabedaten vorgesehen. Diese mindestens eine Sensoreinheit 40 zum Erfassen der Fahrervorgaben wird durch einen Lenkwinkelsensor, einen Pedalwinkelsensor für das Bremspedal und/oder das Fahrpedal und/oder durch einen Geber der Richtungsanzeige gebildet. Der Geber der Richtungsanzei- 
<!-- EPO <DP n="14"/>-->
ge wird umgangssprachlich auch als Blinker bezeichnet. Die Information beinhaltet, ob der Fahrer nach links oder rechts abbiegen will. Der zugeordneten Auswerteeinheit 44 werden die eben ermittelten Fahrzeugzustandsdaten zugeführt und aus diesen gemeinsam mit den Fahrervorgabedaten eine Datenfusion durchgeführt. Da die Datenfusion durch Zusammenführung und Vervollständigung lückenhafter Datensätze eine Datenbereinigung bewirkt, wird im Schritt 45 ein präziser Fahrersollkurs berechnet und an den Fahrsicherheitskoordinator 6 ausgegeben . </p><p id="p0041" num="0041">Dem Fahrsicherheitskoordinator 6 werden somit die Position und Bewegung des Objekts 0 sowie die ermittelte Reibwertin<sup>¬</sup> dikation übermittelt. Zudem erhält der Fahrsicherheitskoordinator 6 den Fahrzeugzustand und den Fahrersollkurs. Aus diesen Daten wird ein zulässiger Fahrkorridor Kl, K2, K3, K4 bis Kn ermittelt. Zu Verdeutlichung der zulässigen Fahrkorridore Kl, K2, K3 zeigt Fig. 4a das eigene Fahrzeug 1 und das in Fahrtrichtung befindliche Objekt 0. Die in diesem Beispiel gezeigten Fahrkorridore Kl, K3 sind situativ und prädiktiv ermittelt und befinden sich innerhalb der prädi- zierten Freifahrfläche links und rechts am Objekt 0 vorbei. Der Korridor K2 bezeichnet eine Fläche vor dem Objekt 0 ohne Ausweichbahn, wenn eine Notbremsung ausreicht, um eine Kollision mit dem Objekt 0 zu vermeiden. Das heißt, der Fahrsi<sup>¬</sup> cherheitskoordinator 6 leitet eine Notbremsung ein, wenn die zulässigen Fahrkorridore Kl und K3, Kn bei hoher Kollisions<sup>¬</sup> gefahr keine Ausweichmöglichkeit vorsehen. In diesem Fall wird der Fahrkorridor K2 als Bremsweg vorgesehen. </p><p id="p0042" num="0042">In Fig. 4b ist beispielhaft eine andere Fahrsituation darge<sup>¬</sup> stellt. In Fahrtrichtung des eigenen Fahrzeugs 1 ist kein Objekt 0. Vielmehr handelt es sich um die prädizierte Frei<sup>¬</sup> fahrfläche um eine Kurvendurchfahrt und der zulässige Korri- 
<!-- EPO <DP n="15"/>-->
dor K4 wird innerhalb der prädizierten Freifahrfläche aufge<sup>¬</sup> spannt. Damit wird deutlich, dass das vorliegende Verfahren und die vorliegende Sicherheitsvorrichtung nicht ausschließ<sup>¬</sup> lich auf Notsituationen wie bevorstehende Kollisionen begrenzt ist, sondern vielmehr auch in normalerweise ungefährlichen Fahrsituationen eingesetzt wird, um eben genau diese Notsituationen möglichst auf ein Minimum zu beschränken und den Fahrer in seiner Fahraufgabe zu unterstützen. </p><p id="p0043" num="0043">Um das Fahrzeug 1 nun in den zulässigen Fahrkorridoren Kl, K2, K3, K4 bis Kn zu halten, wird anhand von Fig. 3 näher erläutert, wie der Fahrsicherheitskoordinator 6 arbeitet. Wie bereits erwähnt werden dem Fahrsicherheitskoordinator 6 Position und Bewegung des Objekts bzw. der Objekte 0 und die ermittelte Reibwertindikation übermittelt. Außerdem erhält der Fahrsicherheitskoordinator 6 den Fahrzeugzustand und den Fahrersollkurs. Aus diesen Daten wird ein zulässiger Fahrkorridor Kl, K2, K3, K4 bis Kn ermittelt und eine Sollkurs<sup>¬</sup> berechnung des eigenen Fahrzeugs 1 vorgenommen. Um das Fahrzeug 1 in dem zulässigen Korridor Kl, K2, K3, K4 bis Kn zu halten, werden aktive Komponenten 9 derart angesteuert, dass die Fahrervorgabe auf den verfügbaren Korridor Kl, K2, K3, K4 bis Kn begrenzt wird. Diese aktiv ansteuerbaren Komponenten 9 befinden sich im Chassis, Antrieb oder in einer </p><p id="p0044" num="0044">Mensch-Maschinen-Schnittstelle, wie Bremspedal, Antriebsmo<sup>¬</sup> tor, Lenkung, Getriebe, Dämpfer, Stabilisator oder Richtungsanzeiger. Konkret steuert der Fahrsicherheitskoordina<sup>¬</sup> tor 6 die aktiv ansteuerbaren Komponenten 9 derart an, dass eine Gegenkraft am Fahrpedal erzeugt wird oder ein Eingriff in den Antriebsmotor, ein Eingriff in den Antriebsstrang oder ein Bremseingriff durchgeführt wird, um das Fahrzeug im Fahrkorridor Kl, K2, K3, K4 bis Kn zu halten. Alternativ oder zusätzlich werden die aktiv ansteuerbaren Komponenten 9 derart angesteuert, dass ein zusätzliches Lenkmoment 
<!-- EPO <DP n="16"/>-->
und/oder ein Zusatzlenkwinkel oder ein radindividueller Bremseingriff zur Erzeugung eines Giermoments erzeugt wird. Diese Ansteuerung ist ebenfalls geeignet, um das Fahrzeug im Fahrkorridor Kl, K2, K3, K4 bis Kn zu halten. In einer besonderen Aus führungs form ist jede Maßnahme vom Fahrer überstimmbar, sodass der Fahrer die Gewalt über sein Fahrzeug 1 behält. </p><p id="p0045" num="0045">Wie Fig. 3 weiter entnehmbar ist bewertet der Fahrsicher- heitskoordinator 6 die ermittelten Daten hinsichtlich der Kritikalität der Fahrsituation und gibt ggf. eine Warnung an den Fahrer und/oder das Umfeld aus. Diese Umfeldwarnung 8 kann optisch, akustisch oder mit Hilfe einer Car-to-X- Kommunikation erfolgen. Mittels der Car-to-X-Kommunikation kann die Umfeldwarnung 8 sowohl an die Infrastruktur als auch an andere Fahrzeuge ausgegeben werden. Die Warnung an den Fahrer erfolgt über eine Mensch-Maschinen-Schnittstelle 7, auch Human-Machine-Interface, kurz HMI, genannt. Die Warnung an den Fahrer kann haptisch, akustisch oder optisch erfolgen. Dazu sind alle ansteuerbaren Komponenten der Mensch- Maschinen-Schnittstelle 7 geeignet, wie eine Gegenkraft am Fahrpedal oder ein Vibrieren des Lenkrads. Warnlampen und akustische Warntöne sind ebenfalls geeignet eine Warnung an den Fahrzeugführer auszugeben. </p><p id="p0046" num="0046">Fig. 5 zeigt das Giermoment über der Längsbeschleunigung g. Bei konstantem Lenkwinkel δ und konstantem Schwimmwinkel ß die physikalische Grenze 10 und den zulässigen Bereich 11. Die Fahrkorridore werden stets innerhalb der physikalischen Grenze 10 und auch innerhalb des zulässigen Bereichs 11 auf<sup>¬</sup> gespannt. Die physikalische Grenze 10 wird auch in Fig. 6 verdeutlicht: Die Reibungskräfte F<sub>x</sub>, F<sub>y</sub> des Reifens in Längs<sup>¬</sup> und Querrichtung weisen eine physikalische Grenze auf, über der der Reifen nicht mehr auf der Fahrbahn haftet. Das Fahr- 
<!-- EPO <DP n="17"/>-->
zeug hat keinen ausreichenden Kontakt mehr zur Fahrbahn und der Fahrer kann leicht die Kontrolle über das Fahrzeug ver<sup>¬</sup> lieren. Innerhalb der physikalischen Grenze 10 sind mehrere zulässige Varianten 11 dargestellt. </p><p id="p0047" num="0047">Die genannten Auswerteeinheiten 4, 5, 24, 25, 34, 35, 44, 45 können auch lediglich als Softwarebausteine oder Abiauf<sup>¬</sup> schritte eines Verfahrens innerhalb einer gemeinsamen Aus<sup>¬</sup> werteeinheit ausgebildet sein. 
</p></description><claims mxw-id="PCLM44852345" ref-ucid="WO-2012117057-A1" lang="DE" load-source="patent-office"><claim-statement><!-- EPO <DP n="18"/>-->Patentansprüche : </claim-statement><claim id="clm-0001" num="1"><claim-text>1. Sicherheitsvorrichtung für ein Kraftfahrzeug (1) mit mindestens einer Sensoreinheit (2) zum Erfassen der Umfeldbedingungen und zur Ausgabe von Umfelddaten, einer Auswerteeinheit (4) zur Datenfusion der Umfelddaten und einer Auswerteeinheit (5) zur Erkennung von Frei<sup>¬</sup> räumen und Objekten (0), deren Position und Bewegung, sowie mit </claim-text><claim-text> mindestens einer Sensoreinheit (20) zum Erfassen des Umwelt zustandes und zur Ausgabe von Umwelt zustandsdaten und einer Auswerteeinheit (24) zur Datenfusion der Umfelddaten mit den Umwelt zustandsdaten zur Bestimmung einer Reibwertindikation, sowie mit </claim-text><claim-text> mindestens einer Sensoreinheit (30) zum Erfassen des Fahrzeugzustandes und zur Ausgabe von Fahrzeugzustands<sup>¬</sup> daten und einer Auswerteeinheit (34) zur Datenfusion der Fahrzeugzustandsdaten mit der Reibwertindikation und den Fahrervorgabedaten zur Bestimmung des Fahrzustandes, sowie mit </claim-text><claim-text> mindestens einer Sensoreinheit (40) zum Erfassen der Fahrervorgaben und zur Ausgabe von Fahrervorgabedaten und einer Auswerteeinheit (44) zur Datenfusion der Fahrervorgabedaten mit den Fahrzeugzustandsdaten zur Bestimmung des Fahrersollkurses, dadurch gekennzeichnet, dass ein Fahrsicherheitskoordinator (6) zur Gewährleistung der operationalen Sicherheit prädiktiv und situativ mindestens einen zulässigen Fahrkorridor (Kl, K2, K3, K4 bis Kn) ermittelt und die Fahrervorgabe mittels aktiv ansteuerbarer Komponenten (9) auf den Fahrkorridor (Kl, K2, K3, K4 bis Kn) begrenzt und das Kraftfahrzeug (1) mittels der aktiv ansteuerbaren Komponenten (9) im Fahrkorridor (Kl, K2, K3, K4 bis Kn) hält. <!-- EPO <DP n="19"/>--> </claim-text></claim><claim id="clm-0002" num="2"><claim-text>2. Sicherheitsvorrichtung nach Anspruch 1, dadurch gekennzeichnet, dass der Fahrsicherheitskoordinator (6) eine Bewertung der Datenfusion der ermittelten Daten hinsichtlich der Kritikalität der Fahrsituation vornimmt und dazu eingerichtet ist, eine Warnung an den Fahrer und/oder das Umfeld auszugeben. </claim-text></claim><claim id="clm-0003" num="3"><claim-text>3. Sicherheitsvorrichtung nach einem der vorhergehenden Ansprüche, dadurch gekennzeichnet, dass die Fläche des zulässigen Fahrkorridors (Kl, K2, K3, K4 bis Kn) sowohl von räumlich situativen Grenzlinien als auch von fahrphysikalischen Grenzen innerhalb einer prädizierten Freifahrfläche aufgespannt wird. </claim-text></claim><claim id="clm-0004" num="4"><claim-text>4. Sicherheitsvorrichtung nach einem der vorhergehenden Ansprüche, dadurch gekennzeichnet, dass der Fahrsicher<sup>¬</sup> heitskoordinator (6) dazu eingerichtet ist, die aktiv ansteuerbaren Komponenten (9) derart anzusteuern, dass eine Gegenkraft am Fahrpedal erzeugt wird oder ein Ein<sup>¬</sup> griff in den Antriebsmotor, ein Eingriff in den Antriebsstrang oder ein Bremseingriff durchgeführt wird, um das Fahrzeug im Fahrkorridor (Kl, K2, K3, K4 bis Kn) zu halten. </claim-text></claim><claim id="clm-0005" num="5"><claim-text>5. Sicherheitsvorrichtung nach einem der vorhergehenden Ansprüche, dadurch gekennzeichnet, dass der Fahrsicher<sup>¬</sup> heitskoordinator (6) dazu eingerichtet ist, die aktiv ansteuerbaren Komponenten (9) derart anzusteuern, dass ein zusätzliches Lenkmoment und/oder ein Zusatzlenkwinkel oder ein radindividueller Bremseingriff zur Erzeugung eines Giermoments erzeugt wird, um das Fahrzeug im Fahrkorridor (Kl, K2, K3, K4 bis Kn) zu halten. <!-- EPO <DP n="20"/>--> </claim-text></claim><claim id="clm-0006" num="6"><claim-text>6. Sicherheitsvorrichtung nach Anspruch 4 oder 5, dadurch gekennzeichnet, dass der Fahrer die auf den Fahrkorridor (Kl, K2, K3, K4 bis Kn) begrenzende Ansteuerung der aktiv ansteuerbaren Komponenten (9) jederzeit überstimmen kann . </claim-text></claim><claim id="clm-0007" num="7"><claim-text>7. Sicherheitsvorrichtung nach einem der vorhergehenden Ansprüche, dadurch gekennzeichnet, dass der Fahrsicher- heitskoordinator (6) dazu eingerichtet ist, eine hapti- sche, akustische und/oder optische Warnung an den Fahrer auszugeben . </claim-text></claim><claim id="clm-0008" num="8"><claim-text>8. Sicherheitsvorrichtung nach einem der vorhergehenden Ansprüche, dadurch gekennzeichnet, dass der Fahrsicher- heitskoordinator (6) dazu eingerichtet ist, eine Not<sup>¬</sup> bremsung einzuleiten, wenn die zulässigen Fahrkorridore (Kl, K2, K3, K4 bis Kn) bei hoher Kollisionsgefahr keine</claim-text><claim-text>Ausweichmöglichkeit vorsehen. </claim-text></claim><claim id="clm-0009" num="9"><claim-text>9. Sicherheitsvorrichtung nach einem der vorhergehenden Ansprüche, dadurch gekennzeichnet, dass das Fahrmanöver automatisiert oder autonom durchgeführt wird. </claim-text></claim><claim id="clm-0010" num="10"><claim-text>10. Sicherheitsvorrichtung nach einem der vorhergehenden Ansprüche, dadurch gekennzeichnet, dass die mindes<sup>¬</sup> tens eine Sensoreinheit (2) zum Erfassen der </claim-text><claim-text> Umfeldbedingungen und zur Ausgabe von Umfelddaten aus einem Radar-, Lidar- und/oder Kamerasystem besteht. </claim-text></claim><claim id="clm-0011" num="11"><claim-text>11. Sicherheitsvorrichtung nach Anspruch 10, dadurch gekennzeichnet, dass die mindestens eine Sensoreinheit (2) weitere Informationen, die mittels Car-to-X- Kommunikation übertragen werden, bei der Erfassung der <!-- EPO <DP n="21"/>--> Umfeldbedingungen und bei der Ausgabe von Umfelddaten berücksichtigt . </claim-text></claim><claim id="clm-0012" num="12"><claim-text>12. Sicherheitsvorrichtung nach einem der vorhergehenden Ansprüche, dadurch gekennzeichnet, dass die mindes<sup>¬</sup> tens eine Sensoreinheit (20) zum Erfassen des Umweltzu<sup>¬</sup> standes durch einen Regensensor, ein Thermoelement und/oder durch ein Kamerasystem gebildet wird. </claim-text></claim><claim id="clm-0013" num="13"><claim-text>13. Sicherheitsvorrichtung nach einem der vorhergehenden Ansprüche, dadurch gekennzeichnet, dass die mindes<sup>¬</sup> tens eine Sensoreinheit (30) zum Erfassen des Fahrzeug<sup>¬</sup> zustandes aus einem Raddrehzahlsensor, einem Querbe- schleunigungssensor, einem Längsbeschleunigungssensor und/oder einem Gierratensensor besteht. </claim-text></claim><claim id="clm-0014" num="14"><claim-text>14. Sicherheitsvorrichtung nach einem der vorhergehenden Ansprüche, dadurch gekennzeichnet, dass die mindes<sup>¬</sup> tens eine Sensoreinheit (40) zum Erfassen der Fahrervorgaben durch einen Lenkwinkelsensor, einen Pedalwinkelsensor für das Bremspedal und/oder das Fahrpedal und/oder durch einen Geber der Richtungsanzeige gebildet wird. </claim-text></claim><claim id="clm-0015" num="15"><claim-text>15. Sicherheitsvorrichtung nach einem der vorhergehenden Ansprüche, dadurch gekennzeichnet, dass die Aus<sup>¬</sup> werteinheiten (4, 24, 34, 44) dazu eingerichtet sind, eine Datenfusion durch Zusammenführung und Vervollständigung lückenhafter Datensätze zur Datenbereinigung durchzuführen . </claim-text></claim><claim id="clm-0016" num="16"><claim-text>16. Verfahren zum Betrieb eines Kraftfahrzeugs (1) mit mindestens einer Sensoreinheit (2) zum Erfassen der Umfeldbedingungen und zur Ausgabe von Umfelddaten, einer Auswerteeinheit (4) zur Datenfusion der Umfelddaten und einer Auswerteeinheit (5) zur Erkennung von Frei- <!-- EPO <DP n="22"/>--> räumen und Objekten (0), deren Position und Bewegung, sowie mit </claim-text><claim-text>mindestens einer Sensoreinheit (20) zum Erfassen des Umwelt zustandes und zur Ausgabe von Umwelt zustandsdaten und einer Auswerteeinheit (24) zur Datenfusion der Umfelddaten mit den Umwelt zustandsdaten zur Bestimmung einer Reibwertindikation, sowie mit </claim-text><claim-text>mindestens einer Sensoreinheit (30) zum Erfassen des Fahrzeugzustandes und zur Ausgabe von Fahrzeugzustands<sup>¬</sup> daten und einer Auswerteeinheit (34) zur Datenfusion der Fahrzeugzustandsdaten mit der Reibwertindikation und der Fahrervorgabedaten zur Bestimmung des Fahrzustandes, sowie mit </claim-text><claim-text>mindestens einer Sensoreinheit (40) zum Erfassen der Fahrervorgaben und zur Ausgabe von Fahrervorgabedaten und einer Auswerteeinheit (44) zur Datenfusion der Fahrervorgabedaten mit den Fahrzeugzustandsdaten zur Bestimmung des Fahrersollkurses, dadurch gekennzeichnet, dass ein zulässiger Fahrkorridor (Kl, K2, K3, K4 bis Kn) unter Berücksichtigung der operationalen Sicherheit prädiktiv und situativ ermittelt wird und das Kraft<sup>¬</sup> fahrzeug (1) im Fahrkorridor (Kl, K2, K3, K4 bis Kn) gehalten wird, indem die Fahrervorgabe mittels aktiv ansteuerbarer Komponenten (9) auf den Fahrkorridor (Kl, K2, K3, K4 bis Kn) begrenzt wird. </claim-text></claim></claims><copyright>User acknowledges that Fairview Research LLC and its third party providers retain all right, title and interest in and to this xml under applicable copyright laws.  User acquires no ownership rights to this xml including but not limited to its format.  User hereby accepts the terms and conditions of the Licence Agreement</copyright></patent-document>
