<?xml version="1.0" encoding="UTF-8"?>
<patent-document ucid="EP-2681316-A1" country="EP" doc-number="2681316" kind="A1" date="20140108" family-id="45937447" file-reference-id="293884" date-produced="20180823" status="corrected" lang="EN"><bibliographic-data><publication-reference fvid="146586950" ucid="EP-2681316-A1"><document-id><country>EP</country><doc-number>2681316</doc-number><kind>A1</kind><date>20140108</date><lang>EN</lang></document-id></publication-reference><application-reference ucid="EP-12713297-A" is-representative="NO"><document-id mxw-id="PAPP154849142" load-source="docdb" format="epo"><country>EP</country><doc-number>12713297</doc-number><kind>A</kind><date>20120301</date><lang>EN</lang></document-id><document-id mxw-id="PAPP211531941" load-source="docdb" format="original"><country>EP</country><doc-number>12713297.5</doc-number><date>20120301</date></document-id></application-reference><priority-claims><priority-claim mxw-id="PPC140557806" ucid="IB-2012000519-W" linkage-type="W" load-source="docdb"><document-id format="epo"><country>IB</country><doc-number>2012000519</doc-number><kind>W</kind><date>20120301</date></document-id></priority-claim><priority-claim mxw-id="PPC140556094" ucid="US-201161447818-P" load-source="docdb"><document-id format="epo"><country>US</country><doc-number>201161447818</doc-number><kind>P</kind><date>20110301</date></document-id></priority-claim></priority-claims><technical-data><classifications-ipcr><classification-ipcr mxw-id="PCL1989318259" load-source="docdb">C12N  15/12        20060101AFI20120917BHEP        </classification-ipcr><classification-ipcr mxw-id="PCL1989318730" load-source="docdb">A61K  38/39        20060101ALI20120917BHEP        </classification-ipcr><classification-ipcr mxw-id="PCL1989319034" load-source="docdb">C07K  14/78        20060101ALI20120917BHEP        </classification-ipcr></classifications-ipcr><classifications-cpc><classification-cpc mxw-id="PCL-1908321812" load-source="docdb" scheme="CPC">A61K  38/00        20130101 LA20160817BHEP        </classification-cpc><classification-cpc mxw-id="PCL-1908323468" load-source="docdb" scheme="CPC">C07K  14/78        20130101 FI20160817BHEP        </classification-cpc><classification-cpc mxw-id="PCL-1908325545" load-source="docdb" scheme="CPC">C07K2319/43        20130101 LA20160817BHEP        </classification-cpc><classification-cpc mxw-id="PCL-1908325952" load-source="docdb" scheme="CPC">C07K2319/41        20130101 LA20160817BHEP        </classification-cpc><classification-cpc mxw-id="PCL-1908327192" load-source="docdb" scheme="CPC">C07K2319/033       20130101 LA20160817BHEP        </classification-cpc><classification-cpc mxw-id="PCL-1908327582" load-source="docdb" scheme="CPC">C07K2319/036       20130101 LA20160817BHEP        </classification-cpc><classification-cpc mxw-id="PCL-1908328306" load-source="docdb" scheme="CPC">C07K2319/09        20130101 LA20160817BHEP        </classification-cpc></classifications-cpc><invention-title mxw-id="PT132365483" lang="DE" load-source="patent-office">ISOLIERTES LAMININ-421</invention-title><invention-title mxw-id="PT132365484" lang="EN" load-source="patent-office">ISOLATED LAMININ-421</invention-title><invention-title mxw-id="PT132365485" lang="FR" load-source="patent-office">LAMININE-421 ISOLÉE</invention-title></technical-data><parties><applicants><applicant mxw-id="PPAR919535824" load-source="docdb" sequence="1" format="epo"><addressbook><last-name>BIOLAMINA AB</last-name><address><country>SE</country></address></addressbook></applicant><applicant mxw-id="PPAR919529102" load-source="docdb" sequence="1" format="intermediate"><addressbook><last-name>BIOLAMINA AB</last-name></addressbook></applicant><applicant mxw-id="PPAR919008749" load-source="patent-office" sequence="1" format="original"><addressbook><last-name>Biolamina AB</last-name><iid>101321345</iid><address><street>Lofstroms Alle 5 Sundbyberg</street><city>17266 Stockholm</city><country>SE</country></address></addressbook></applicant></applicants><inventors><inventor mxw-id="PPAR919545396" load-source="docdb" sequence="1" format="epo"><addressbook><last-name>TRYGGVASON KARL</last-name><address><country>SE</country></address></addressbook></inventor><inventor mxw-id="PPAR919527381" load-source="docdb" sequence="1" format="intermediate"><addressbook><last-name>TRYGGVASON, KARL</last-name></addressbook></inventor><inventor mxw-id="PPAR919014859" load-source="patent-office" sequence="1" format="original"><addressbook><last-name>TRYGGVASON, KARL</last-name><address><street>Lokevagen 8a</street><city>S-18261 Djursholm</city><country>SE</country></address></addressbook></inventor><inventor mxw-id="PPAR919504619" load-source="docdb" sequence="2" format="epo"><addressbook><last-name>RODIN SERGEY</last-name><address><country>SE</country></address></addressbook></inventor><inventor mxw-id="PPAR919534445" load-source="docdb" sequence="2" format="intermediate"><addressbook><last-name>RODIN, SERGEY</last-name></addressbook></inventor><inventor mxw-id="PPAR919018974" load-source="patent-office" sequence="2" format="original"><addressbook><last-name>RODIN, SERGEY</last-name><address><street>Sveavagen 164 Apt. J12</street><city>S-11346 Stockholm</city><country>SE</country></address></addressbook></inventor></inventors><agents><agent mxw-id="PPAR919013873" load-source="patent-office" sequence="1" format="original"><addressbook><last-name>Kador &amp; Partner</last-name><iid>100060105</iid><address><street>Corneliusstrasse 15</street><city>80469 München</city><country>DE</country></address></addressbook></agent></agents></parties><international-convention-data><pct-or-regional-filing-data ucid="IB-2012000519-W"><document-id><country>IB</country><doc-number>2012000519</doc-number><kind>W</kind><date>20120301</date><lang>EN</lang></document-id></pct-or-regional-filing-data><pct-or-regional-publishing-data ucid="WO-2012117297-A1"><document-id><country>WO</country><doc-number>2012117297</doc-number><kind>A1</kind><date>20120907</date><lang>EN</lang></document-id></pct-or-regional-publishing-data><designated-states><ep-contracting-states><country mxw-id="DS549862729" load-source="docdb">AL</country><country mxw-id="DS549766697" load-source="docdb">AT</country><country mxw-id="DS549848449" load-source="docdb">BE</country><country mxw-id="DS549849025" load-source="docdb">BG</country><country mxw-id="DS549917316" load-source="docdb">CH</country><country mxw-id="DS549848454" load-source="docdb">CY</country><country mxw-id="DS549846525" load-source="docdb">CZ</country><country mxw-id="DS549862734" load-source="docdb">DE</country><country mxw-id="DS549848455" load-source="docdb">DK</country><country mxw-id="DS549848456" load-source="docdb">EE</country><country mxw-id="DS549778940" load-source="docdb">ES</country><country mxw-id="DS549849038" load-source="docdb">FI</country><country mxw-id="DS549849039" load-source="docdb">FR</country><country mxw-id="DS549862735" load-source="docdb">GB</country><country mxw-id="DS549848457" load-source="docdb">GR</country><country mxw-id="DS549862736" load-source="docdb">HR</country><country mxw-id="DS549846530" load-source="docdb">HU</country><country mxw-id="DS549917317" load-source="docdb">IE</country><country mxw-id="DS549848462" load-source="docdb">IS</country><country mxw-id="DS549849040" load-source="docdb">IT</country><country mxw-id="DS549848463" load-source="docdb">LI</country><country mxw-id="DS549849041" load-source="docdb">LT</country><country mxw-id="DS549766698" load-source="docdb">LU</country><country mxw-id="DS549849046" load-source="docdb">LV</country><country mxw-id="DS549849047" load-source="docdb">MC</country><country mxw-id="DS549766699" load-source="docdb">MK</country><country mxw-id="DS549766700" load-source="docdb">MT</country><country mxw-id="DS549848464" load-source="docdb">NL</country><country mxw-id="DS549862737" load-source="docdb">NO</country><country mxw-id="DS549848465" load-source="docdb">PL</country><country mxw-id="DS549849048" load-source="docdb">PT</country><country mxw-id="DS549846531" load-source="docdb">RO</country><country mxw-id="DS549849049" load-source="docdb">RS</country><country mxw-id="DS549848478" load-source="docdb">SE</country><country mxw-id="DS549917318" load-source="docdb">SI</country><country mxw-id="DS549862742" load-source="docdb">SK</country><country mxw-id="DS549862743" load-source="docdb">SM</country><country mxw-id="DS549766705" load-source="docdb">TR</country></ep-contracting-states></designated-states></international-convention-data><office-specific-data><eptags><ep-no-a-document-published>*</ep-no-a-document-published></eptags></office-specific-data></bibliographic-data><abstract mxw-id="PA99835495" ref-ucid="WO-2012117297-A1" lang="EN" load-source="patent-office"><p num="0000">The present disclosure provides isolated laminin-421, methods for making recombinant laminin-421, and host cells that express recombinant laminin-421. The present disclosure also provides nucleic acid sequences encoding full length human laminin β2 chain, expression vectors and host cells thereof.</p></abstract><abstract mxw-id="PA100331306" ref-ucid="WO-2012117297-A1" lang="EN" source="national office" load-source="docdb"><p>The present disclosure provides isolated laminin-421, methods for making recombinant laminin-421, and host cells that express recombinant laminin-421. The present disclosure also provides nucleic acid sequences encoding full length human laminin ß2 chain, expression vectors and host cells thereof.</p></abstract><abstract mxw-id="PA99835496" ref-ucid="WO-2012117297-A1" lang="FR" load-source="patent-office"><p num="0000">La présente invention concerne la laminine-421 isolée, des procédés de préparation de laminine-421 recombinante et des cellules hôtes qui expriment la laminine-421 recombinante. La présente invention concerne en outre des séquences d'acides nucléiques codant la chaîne β2 pleine longueur de la laminine humaine, des vecteurs d'expression et leurs cellules hôtes.</p></abstract><abstract mxw-id="PA100331307" ref-ucid="WO-2012117297-A1" lang="FR" source="national office" load-source="docdb"><p>La présente invention concerne la laminine-421 isolée, des procédés de préparation de laminine-421 recombinante et des cellules hôtes qui expriment la laminine-421 recombinante. La présente invention concerne en outre des séquences d'acides nucléiques codant la chaîne ß2 pleine longueur de la laminine humaine, des vecteurs d'expression et leurs cellules hôtes.</p></abstract><description mxw-id="PDES51232997" ref-ucid="WO-2012117297-A1" lang="EN" load-source="patent-office"><!-- EPO <DP n="2"/>--><p id="p0001" num="0001"> ISOLATED LAMININ-421 </p><p id="p0002" num="0002">BACKGROUND </p><p id="p0003" num="0003"> [0001] This application claims priority to U.S. Provisional Patent Application Serial No. 61/447,818, filed on March 1, 2011, the entirety of which is hereby fully incorporated by disclosure herein. </p><p id="p0004" num="0004"> [0002] This application relates to cell biology, cell differentiation, cell therapy, molecular biology, proteins, nucleic acids, and laminins. </p><p id="p0005" num="0005"> [0003] Basal laminae (basement membranes) are sheet-like, cell-associated extracellular matrices that play a central role in cell growth, cellular differentiation, cell phenotype maintenance, tissue development, and tissue maintenance. They are present in virtually all tissues, and appear in the earliest stages of embryonic development. </p><p id="p0006" num="0006"> [0004] Basal laminae are central to a variety of architectural and cell-interactive functions. For example: </p><p id="p0007" num="0007"> [0005] 1. They serve as architectural supports for tissues, providing adhesive substrata for cells. </p><p id="p0008" num="0008"> [0006] 2. They create perm-selective barriers between tissue compartments that impede the migration of cells and passively regulate the exchange of macromolecules. These properties are illustrated by the kidney glomerular basement membrane, which functions as an important filtration structure, creating an effective blood-tissue barrier that is not permeable to most proteins and cells. </p><p id="p0009" num="0009">[0007] 3. Basal laminae create highly interactive surfaces that can promote cell migration and cell elongation during embryogenesis and wound repair. Following an injury, they provide a surface upon which cells regenerate to restore normal tissue function. </p><p id="p0010" num="0010"> [0008] 4. Basal laminae present information encoded in their structure to contacting cells that is important for cellular differentiation, prevention of apoptosis, and tissue maintenance. This information is communicated to the cells through various receptors that include the integrins, dystroglycan, and cell surface proteoglycans. Signaling is dependent not only on the presence of matrix ligands and corresponding receptors that interact with sufficient affinities, but also on such topographical factors as ligand density in a three-dimensional matrix "landscape", and on the ability of basal lamina components to cluster receptors. Because these 
<!-- EPO <DP n="3"/>-->
 matrix proteins can be long-lived, basal laminae create a "surface memory" in the basal lamina for resident and transient cells. </p><p id="p0011" num="0011"> [0009] The basal lamina is largely composed of laminin and type IV collagen heterotrimers that in turn become organized into complex polymeric structures. To date, six types IV collagen polypeptide chains and at least twelve laminin subunit chains have been identified. These chains possess shared and unique functions and are expressed with specific temporal (developmental) and spatial (tissue-site specific) patterns. </p><p id="p0012" num="0012"> [0010] Laminins are a family of heterotrimeric glycoproteins that reside primarily in the basal lamina. They function via binding interactions with neighboring cell receptors on the one side, and by binding to other laminin molecules or other matrix proteins such as collagens, nidogens or proteoglycans. The laminin molecules are also important signaling molecules that can strongly influence cellular function. Laminins are important in both maintaining cell/tissue phenotype as well as promoting cell growth and differentiation in tissue repair and development. </p><p id="p0013" num="0013">[0011] Laminins are large, multi-domain proteins, with a common structural organization. The laminin molecule integrates various matrix and cell interactive functions into one molecule. </p><p id="p0014" num="0014"> [0012] A laminin molecule is comprised of one a-chain subunit, one β-chain subunit, and one γ-chain subunit, all joined together through a coiled-coil domain. The twelve laminin subunit chains can form at least 15 trimeric laminin types in native tissues. Within the trimeric laminin structures are identifiable domains that possess binding activity towards other laminin and basal lamina molecules, and membrane-bound receptors. Domains VI, IVb, and IVa form globular structures, and domains V, 1Mb, and Ilia (which contain cysteine-rich EGF-like elements) form rodlike structures. Domains I and II of the three chains participate in the formation of a triple-stranded coiled-coil structure (the long arm). </p><p id="p0015" num="0015"> [0013] Four structurally-defined family groups of laminins have been identified. The first group of five identified laminin molecules all share the β1 and γ1 chains, and vary by their a-chain composition (a1 to a5 chain). The second group of five identified laminin molecules, including laminin-421, all share the β2 and γ1 chain, and again vary by their a-chain composition. The third group of identified laminin molecules has one identified member, laminin-332, with a chain composition of 
<!-- EPO <DP n="4"/>-->
 α3β3γ2. The fourth group of identified laminin molecules has one identified member, laminin-213, with the newly identified γ3 chain (α2β1 v3), </p><p id="p0016" num="0016"> [0014] There have been no reports of isolated laminin-421 that is free of other laminin chains. Thus far, there are no studies on the function of laminin-421. Attempts to purify laminin-421 from cell sources by affinity chromatography using laminin chain antibodies have been unsuccessful in eliminating, for example, laminin β1 chain, which is a component of laminin-411. </p><p id="p0017" num="0017"> [0015] The function of laminin-421 would be important to study using purified molecules. The availability of pure laminin-421 would enable studies of the effects of the protein on cellular differentiation and maintenance of cellular phenotypes. Thus, numerous research and therapeutic purposes including, but not limited to, treating injuries to tissues, promoting cell attachment, expansion and migration, ex vivo cell therapy, improving the biocompatibility of medical devices, and preparing improved cell culture devices and media, would be furthered if pure laminin-421 were available. </p><p id="p0018" num="0018"> [0016] Thus, there is a need in the art for isolated laminin-421 for research and therapeutic purposes, and methods for making isolated laminin-421. </p><p id="p0019" num="0019">BRIEF DESCRIPTION </p><p id="p0020" num="0020">[0017] The present disclosure provides isolated laminin-421 and methods for producing isolated laminin-421. In further aspects, the present disclosure provides recombinant host cells that express laminin-421 chains and secrete recombinant laminin-421. </p><p id="p0021" num="0021"> [0018] In other aspect, the present disclosure provides GMP quality laminin-421 for culturing cells for differentiation and maintenance for the purpose of developing cells for human cell therapy. The present disclosure also provides pharmaceutical compositions, comprising isolated laminin-421 together with a pharmaceutically acceptable carrier. Such pharmaceutical compositions can optionally be provided with other extracellular matrix components. </p><p id="p0022" num="0022"> [0019] The present disclosure also provides methods to effectively generate amounts of isolated laminin-421 for various uses. In preferred embodiments of those uses, recombinant laminin-421 is used. Kits comprising an amount of isolated laminin-421, or pharmaceutical compositions thereof, effective for the desired effect, and instructions for the use thereof, are also disclosed. 
<!-- EPO <DP n="5"/>-->
 [0020] In further aspects, the present disclosure provides improved medical devices and grafts, wherein the improvement comprises providing medical devices and grafts with an effective amount of isolated laminin-421, or a pharmaceutical composition of the present disclosure. </p><p id="p0023" num="0023"> [0021] In further aspects, the disclosure provides improved cell culture devices, and methods for preparing improved cell culture devices, for the growth and maintenance of phenotypes of cells in culture, by providing an effective amount of isolated laminin-421 to a cell culture device for cell attachment, and subsequent cell stasis, proliferation, differentiation, and/or migration. </p><p id="p0024" num="0024"> [0022] These and other non-limiting characteristics of the disclosure are more particularly disclosed below. </p><p id="p0025" num="0025">DETAILED DESCRIPTION </p><p id="p0026" num="0026">[0023] A more complete understanding of the compositions and methods disclosed herein can be obtained by reference to the following description. The specific details of the description are not intended to define or limit the scope of the exemplary embodiments. </p><p id="p0027" num="0027"> [0024] Although specific terms are used in the following description for the sake of clarity, these terms are intended to refer only to the particular structure of the embodiments described herein, and are not intended to define or limit the scope of the disclosure. </p><p id="p0028" num="0028"> [0025] All references, patents and patent applications discussed herein are hereby incorporated by reference in their entirety. </p><p id="p0029" num="0029"> [0026] Within this application, unless otherwise stated, the techniques utilized may be found in any of several well-known references such as: Molecular Cloning: A Laboratory Manual (Sambrook, et al., 1989, Cold Spring Harbor Laboratory Press), Gene Expression Technology (Methods in Enzymology, Vol. 185, edited by D. Goeddel, 1991. Academic Press, San Diego, Calif.), "Guide to Protein Purification" in Methods in Enzymology (M. P. Deutshcer, ed., (1990) Academic Press, Inc.); PCR Protocols: A Guide to Methods and Applications (Innis, et al. 1990. Academic Press, San Diego, Calif.), Culture of Animal Cells: A Manual of Basic Technique, 2.sup.nd Ed. (R. I. Freshney. 1987. Liss, Inc. New York, N.Y.), Gene Transfer and Expression Protocols, pp. 109-128, ed. E. J. Murray, The Humana Press Inc., Clifton, N.J.), and the Ambion 1998 Catalog (Ambion, Austin, Tex.). 
<!-- EPO <DP n="6"/>-->
 [0027] An used herein, an "isolated nucleic acid sequence" refers to a nucleic acid sequence that is free of gene sequences which naturally flank the nucleic acid in the genomic ONA of the organism from which the nucleic acid is derived (i.e., genetic sequences that are located adjacent to the gene for the isolated nucleic molecule in the genomic DNA of the organism from which the nucleic acid is derived). An "isolated" laminin β2 chain nucleic acid sequence according to the present disclosure may, however, be linked to other nucleotide sequences that do not normally flank the recited sequence, such as a heterologous promoter sequence, or other vector sequences. It is not necessary for the isolated nucleic acid sequence to be free of other cellular material to be considered "isolated", as a nucleic acid sequence according to the disclosure may be part of an expression vector that is used to transfect host cells (see below). </p><p id="p0030" num="0030"> [0028] The present disclosure provides recombinant expression vectors comprising a full length laminin β2 chain nucleic acid sequence (SEQ ID NO: 4) of the human laminin β2 chain. In some embodiments, the expression vectors comprise a nucleic acid encoded by SEQ ID NO: 4, operatively linked to a heterologous promoter (i.e. is not the naturally occurring promoter for the given β2 laminin chain). A promoter and a laminin β2 chain nucleic acid sequence are "operatively linked" when the promoter is capable of driving expression of the laminin β2 chain DNA into RNA. </p><p id="p0031" num="0031"> [0029] As used herein, the term "vector" refers to a nucleic acid molecule capable of transporting another nucleic acid to which it has been linked. One type of vector is a "plasmid", which refers to a circular double stranded DNA into which additional DNA segments may be cloned. Another type of vector is a viral vector, wherein additional DNA segments may be cloned into the viral genome. Certain vectors are capable of autonomous replication in a host cell into which they are introduced (e.g., bacterial vectors having a bacterial origin of replication and episomal mammalian vectors). Other vectors (e.g., non-episomal mammalian vectors), are integrated into the genome of a host cell upon introduction into the host cell, and thereby are replicated along with the host genome. Moreover, certain vectors are capable of directing the expression of genes to which they are operatively linked. Such vectors are referred to herein as "recombinant expression vectors" or simply "expression vectors". In the present disclosure, the expression of the laminin polypeptide sequence is directed by the promoter sequences of the disclosure, by operatively 
<!-- EPO <DP n="7"/>-->
 linking the promoter sequences of the disclosure to the gene to be expressed. In general, expression vectors of utility in recombinant DNA techniques are often in the form of plasmids. In the present specification, "plasmid" and "vector" may be used interchangeably, as the plasmid is the most commonly used form of vector. However, the disclosure is intended to include other forms of expression vectors, such as viral vectors (e.g., replication defective retroviruses, adenoviruses and adeno-associated viruses), which serve equivalent functions. </p><p id="p0032" num="0032">[0030] The vector may also contain additional sequences, such as a polylinker for subcloning of additional nucleic acid sequences, or a polyadenylation signal to effect proper polyadenylation of the transcript. The nature of the polyadenylation signal is not believed to be crucial to the successful practice of the methods of the disclosure, and any such sequence may be employed, including but not limited to the SV40 and bovine growth hormone poly-A sites. Also contemplated as an element of the vector is a termination sequence, which can serve to enhance message levels and to minimize read through from the construct into other sequences. Additionally, expression vectors typically have selectable markers, often in the form of antibiotic resistance genes, that permit selection of cells that carry these vectors. </p><p id="p0033" num="0033">[0031] In further embodiments, the present disclosure provides host cells transfected with the laminin β2 chain-expressing recombinant expression vectors disclosed herein. As used herein, the term "host cell" is intended to refer to a cell into which a nucleic acid of the present disclosure, such as a recombinant expression vector, has been introduced. Such cells may be prokaryotic, which can be used, for example, to rapidly produce a large amount of the expression vectors of the disclosure, or may be eukaryotic, for functional studies. </p><p id="p0034" num="0034"> [0032] The terms "host cell" and "recombinant host cell" are used interchangeably herein. It should be understood that such terms refer not only to the particular subject cell but to the progeny or potential progeny of such a cell. Because certain modifications may occur in succeeding generations due to either mutation or environmental influences, such progeny may not, in fact, be identical to the parent cell, but are still included within the scope of the term as used herein. </p><p id="p0035" num="0035">[0033] The host cells can be transiently or stably transfected with one or more of the expression vectors of the disclosure. Such transfection of expression vectors into prokaryotic and eukaryotic cells can be accomplished via any technique known in the art, including but not limited to standard bacterial transformations, calcium phosphate 
<!-- EPO <DP n="8"/>-->
 co-precipitation, electroporation, or liposome mediated-, DEAE dextran mediated-, polycationic mediated-, or viral mediated transfection. (See, for example, Molecular Cloning: A Laboratory Manual (Sambrook, et al., 1989, Cold Spring Harbor Laboratory Press; Culture of Animal Cells: A Manual of Basic Technique, 2.sup.nd Ed. (R. I. Freshney. 1987. Liss, Inc. New York, N.Y.). </p><p id="p0036" num="0036"> [0034] In another aspect, the present disclosure provides an isolated full length human laminin β2 chain polypeptide consisting of the amino acid sequence of SEQ ID NO: 2. </p><p id="p0037" num="0037"> [0035] As used herein, an "isolated polypeptide" refers to a polypeptide that is substantially free of other proteins, including other laminin chains, and gel agents, such as polyacrylamide and agarose. In preferred embodiments, the isolated laminin polypeptide is free of detectable contaminating laminin chains. Thus, the protein can either be isolated from natural sources, or recombinant protein can be isolated from the transfected host cells disclosed above. </p><p id="p0038" num="0038"> [0036] In another aspect, the present disclosure provides isolated laminin-421. As used herein "laminin-421" encompasses both recombinant laminin-421 and heterotrimeric laminin-421 from naturally occurring sources. In preferred embodiments, the laminin-421 comprises recombinant laminin-421 (or "r-laminin- 421"). </p><p id="p0039" num="0039"> [0037] As used herein, the term "Maminin-42 refers to recombinant heterotrimeric laminin-421, expressed by a host cell that has been transfected with one or more expression vectors comprising at least one nucleic acid sequence encoding a laminin-421 chain selected from the α4, β2 and γ1 chains, or processed/secreted forms thereof. Such Maminin-421 can thus comprise α4, β2, and γ1 sequences from a single organism, or from different organisms. Various laminin- 421 chain DNA sequences are known in the art, and the use of each to prepare the r-laminin-421 of the disclosure is contemplated. (See, for example, Pouliot, N. et al., Experimental Cell Research 261(2):360-71 , (2000); Kikkawa, Y. et al., Journal of Cell Science 113 (Pt 5):869-76, (2000); Church, H J. et al., Biochemical Journal 332 (Pt 2):491-8, (1998); Sorokin, L M. et al., Developmental Biology 89(2):285-300, (1997); Miner, J H. et al., Journal of Biological Chemistry 270(48):28523-6, (1995); Sorokin, L. et al., European Journal of Biochemistry 223(2 ):603-10, (1994); all references being incorporated by reference herein in their entirety). In preferred 
<!-- EPO <DP n="9"/>-->
 embodiments, the Maminin-421 comprises recombinant human α4, β2, and γ1 polypeptide chains. </p><p id="p0040" num="0040"> [0038] The disclosure encompasses those laminin molecules wherein only one or two chains that make up the recombinant heterotrimeric laminin-421 are encoded by endogenous laminin-421 chains. In preferred embodiments, each of the α4, β2, and γ1 polypeptide chains are expressed recombinantly. </p><p id="p0041" num="0041"> [0039] Laminin-421 is a secreted protein, which is capable of being directed to the endoplasmic reticulum (ER), secretory vesicles, and the extracellular space as a result of a signal sequence. If the secreted protein is released into the extracellular space, the secreted protein can undergo extracellular processing to produce a "mature" protein. Such processing event can be variable, and thus may yield different versions of the final "mature protein". The isolated laminin-421 of the present disclosure includes heterotrimers comprising both the full length and any such processed laminin-421 polypeptide chains. </p><p id="p0042" num="0042"> [0040] As used herein, a laminin-421 polypeptide chain refers to a polypeptide chain according to one or more of the following: </p><p id="p0043" num="0043"> [0041] (a) a polypeptide chain that comprises a polypeptide structure selected from the group consisting of: R1-R2-R3, R1-R2-R3(e), R3, R3(e), R1-R3, R1-R3(e), R2-R3, and R2-R3(e), wherein R1 is an amino terminal methionine; R2 is a signal sequence that is capable of directing secretion of the polypeptide, wherein the signal sequence may be the natural signal sequence for the particular laminin chain, that of another secreted protein, or an artificial sequence; R3 is a secreted laminin chain selected from the group consisting of a a4 chain, a β2 chain, and a γ1 chain; and R3(e) is a secreted α4, β2, or γ1 laminin chain that further comprises an epitope tag (such as those described below), which can be placed at any position within the laminin chain amino acid sequence; or </p><p id="p0044" num="0044"> [0042] (b) a polypeptide chain that is encoded by a polynucleotide that hybridizes under high or low stringency conditions to the coding regions, or portions thereof, of one or more of the recombinant laminin-421 chain DNA sequences disclosed herein (SEQ ID NO: 4, SEQ ID NO: 5, SEQ ID NO: 6), or complementary sequences thereof; or </p><p id="p0045" num="0045"> [0043] (c) a polypeptide chain that has at least 70% identity to one or more of the disclosed laminin-421 polypeptide chain amino acid sequences (SEQ ID NO: 1 , SEQ 
<!-- EPO <DP n="10"/>-->
 ID NO: 2, SEQ ID NO: 3), preferably at least 80% identity, and most preferably at least about 90% identity. </p><p id="p0046" num="0046"> [0044] "Stringency of hybridization" is used herein to refer to washing conditions under which nucleic acid hybrids are stable. The disclosure also includes nucleic acids that hybridize under high stringency conditions (as defined herein) to all or a portion of the coding sequences of the laminin chain polynucleotides disclosed herein, or their complements. The hybridizing portion of the hybridizing nucleic acids is typically at least 50 nucleotides in length. As known to those of ordinary skill in the art, the stability of hybrids is reflected in the melting temperature (T<sub>M</sub>) of the hybrids. T<sub>M</sub> decreases approximately 1-1.5°C with every 1% decrease in sequence homology. In general, the stability of a hybrid is a function of sodium ion concentration and temperature. Typically, the hybridization reaction is performed under conditions of lower stringency, followed by washes of varying, but higher, stringency. As used herein, high stringency refers to an overnight incubation at 42°C in a solution comprising 50% formamide, 5* SSC (750 mM NaCI, 75 mM sodium citrate), 50 mM sodium phosphate (pH 7.6), 5* Denhardt's solution, 10% dextran sulfate, and 20 pg/ml denatured, sheared salmon sperm DNA, followed by washing the filters in 0.1 * SSC at about 65°C </p><p id="p0047" num="0047"> [0045] Also contemplated are laminin-421 -encoding nucleic acid sequences that hybridize to the polynucleotides of the present disclosure at lower stringency hybridization conditions. Changes in the stringency of hybridization and signal detection are primarily accomplished through the manipulation of formamide concentration (lower percentages of formamide result in lowered stringency); salt conditions, or temperature. For example, lower stringency conditions include an overnight incubation at 37°C in a solution comprising 6* SSPE (20* SSPE=3M NaCI; 0.2M NaH<sub>2</sub>P0<sub>4</sub> ; 0.02M EDTA, pH 7.4), 0.5% SDS, 30% formamide, 100 pg/ml salmon sperm blocking DNA; followed by washes at 50°C with 1 * SSPE, 0.1% SDS. In addition, to achieve even lower stringency, washes performed following stringent hybridization can be done at higher salt concentrations (e.g. 5* SSC). </p><p id="p0048" num="0048">[0046] Note that variations in the above conditions may be accomplished through the inclusion and/or substitution of alternate blocking reagents used to suppress background in hybridization experiments. Typical blocking reagents include Denhardt's reagent, BLOTTO, heparin, denatured salmon sperm DNA, and commercially available proprietary formulations. The inclusion of specific blocking 
<!-- EPO <DP n="11"/>-->
 reagents may require modification of the hybridization conditions described above, due to problems with compatibility. </p><p id="p0049" num="0049"> [0047] As used herein, "percent identity" of two amino acids or of two nucleic acids is determined using the algorithm of Karlin and Altschul (Proc. Natl. Acad. Sci. USA 87:2264.2268, 1990), modified as in Karlin and Altschul (Proc. Natl. Acad. Sci. USA 90:5873-5877, 1993). Such an algorithm is incorporated into the NBLAST and XBLAST programs of Altschul et al. (J. Mol. Biol. 215:403-410, 1990). BLAST nucleotide searches are performed with the NBLAST program, score 100, wordlength=12, to determine nucleotide sequences identity to the nucleic acid molecules of the disclosure. BLAST protein searches are performed with the XBLAST program, score=50, wordlength=3, to determine an amino acid sequence identity to a polypeptide of the disclosure. To obtain gapped alignments for comparison purposes, Gapped BLAST is utilized as described in Altschul et al. (Nucleic Acids. Res. 25:3389-3402, 1997). When utilizing BLAST and Gapped BLAST programs, the default parameters of the respective programs (e.g., XBLAST and NBLAST) are used. </p><p id="p0050" num="0050"> [0048] Further embodiments of the present disclosure include polynucleotides encoding laminin-421 chain polypeptides having at least 70% identity, preferably at least 80% identity, and most preferably at least 90% identity to one or more of the polypeptide sequences contained in SEQ ID NO: 4, SEQ ID NO: 5, and SEQ ID NO: 6. </p><p id="p0051" num="0051"> [0049] As used herein, "a4 polynucleotide" refers to polynucleotides encoding an laminin a4 chain. Such polynucleotides can be characterized by one or more of the following: (a) polynucleotides that encode polypeptides which share at least 70% identity, preferably 80% identity, and most preferably at least 90% identity with a sequence selected of SEQ ID NO: 5; (b) the a4 polynucleotides hybridize under low or high stringency conditions to the coding sequence of SEQ ID NO: 5 or complementary sequences thereof; or (c) the a4 polynucleotides encode a laminin a4 chain polypeptide with a general structure selected from the group consisting of R1-R2-R3, R1-R2-R3(e), R3, R3(e), R1-R3, R1-R3(e), R2-R3, and R2-R3(e), wherein R1 and R2 are as described above, and R3 and R3(e) are as described above but comprise secreted a4 chain polypeptides. </p><p id="p0052" num="0052"> [0050] As used herein, "β2 polynucleotides" refers to polynucleotides encoding a β2 laminin chain of the same name. Such polynucleotides can be characterized by 
<!-- EPO <DP n="12"/>-->
 one or more of the following: (a) polynucleotides that encode polypeptides which share at least 70% identity, preferably at least 80%, and most preferably at least 90% identity with the sequence of SEQ ID NO: 4; (b) the β2 polynucleotides hybridize under low or high stringency conditions to the coding sequences of SEQ ID NO: 4, or complementary sequences thereof; or (c) the β2 polynucleotides encode a polypeptide with a general structure selected from R1-R2-R3, R1-R2-R3(e), R3, R3(e), R1-R3, R1-R3(e), R2-R3, and R2-R3(e), wherein R1 and R2 are as described above, and R3 and R3(e) are as described above but comprise secreted β2 chain polypeptides. </p><p id="p0053" num="0053"> [0051] As used herein, "γ1 polynucleotides" refers to polynucleotides encoding a γ1 laminin chain of the same name. Such polynucleotides can be characterized by one or more of the following: (a) polynucleotides that encode polypeptides which share at least 70% identity, preferably at least 80%, and most preferably at least 90% identity with the sequence of SEQ ID NO: 6; (b) the γ1 polynucleotides hybridize under low or high stringency conditions to the coding sequence of SEQ ID NO: 6 or complementary sequences thereof; or (c) the γ1 polynucleotides encode a polypeptide with a general structure selected from R1-R2-R3, R1-R2-R3(e), R3, R3(e), R1-R3, R1-R3(e), R2-R3, and R2-R3(e), wherein R1 and R2 are as described above, and R3 and R3(e) are as described above but comprise secreted γ1 chain polypeptides. </p><p id="p0054" num="0054"> [0052] As used herein, the term "epitope tag" refers to a polypeptide sequence that is expressed as part of a chimeric protein, where the epitope tag serves as a recognition site for binding of antibodies generated against the epitope tag, or for binding of other molecules that can be used for affinity purification of sequences containing the tag. </p><p id="p0055" num="0055"> [0053] In preferred embodiments, cDNAs encoding the laminin α4, β2 and γ1 chains, or fragments thereof, are subcloned into an expression vector. Alternatively, laminin α4, β2 and/or γ1 gene sequences, including one or more introns, can be used for sub-cloning into an expression vector. </p><p id="p0056" num="0056"> [0054] In other aspects, the present disclosure provides laminin-421 expressing- cells that have been transfected with an expression vector containing promoter sequences that are operatively linked to nucleic acid sequences encoding at least one polypeptide sequence comprising a sequence selected from the group consisting of the α4, β2 and γ1 chains of laminin-421, wherein the transfected cells 
<!-- EPO <DP n="13"/>-->
 secrete heterotrimeric laminin-421 containing the recombinant laminin chain. In preferred embodiments, the cells are systematically transfected with recombinant expression vectors containing promoter sequences that are operatively linked to nucleic acid sequences encoding polypeptide sequences comprising the α4, β2 and γ1 chains of laminin-421 , which are even more preferably all human chains. After the multiple transfections, the cells express recombinant laminin-421 chains, which form the heterotrimeric Maminin-421. </p><p id="p0057" num="0057"> [0055] Transfection of the expression vectors into eukaryotic cells can be accomplished via any technique known in the art, including but not limited to calcium phosphate co-precipitation, electroporation, or liposome mediated-, DEAE dextran mediated-, polycationic mediated-, or viral mediated transfection. Transfection of bacterial cells can be done by standard methods. </p><p id="p0058" num="0058"> [0056] In preferred embodiments, the cells are stably transfected. Methods for stable transfection and selection of appropriate transfected cells are known in the art. In other preferred embodiments, a CMV promoter driven expression vector is used in a human kidney embryonic 293 cell line. </p><p id="p0059" num="0059"> [0057] Any cell capable of expressing and secreting the Maminin-421 can be used. Preferably, eukaryotic cells are used, and most preferably mammalian cells are used, including but not limited to kidney and epithelial cell lines. The promoter sequence used to drive expression of the individual chains or r-laminin-421 may be constitutive (driven by any of a variety of promoters, including but not limited to, CMV, SV40, RSV, actin, EF) or inducible (driven by any of a number of inducible promoters including, but not limited to, tetracycline, ecdysone, steroid-responsive). Carbohydrate and disulfide post-translational modifications are believed to be required for laminin-421 protein folding and function. This makes the use of eukaryotic cells preferable for producing functional Maminin-421, although other systems are useful for obtaining, for example, antigens for antibody production. In most preferred embodiments, the mammalian cells do not express the laminin β2 chain endogenously. In other preferred embodiments, the cells do not express all of the laminin-421 chains endogenously. </p><p id="p0060" num="0060"> [0058] The protein may comprise additional sequences useful for promoting purification of the protein, such as epitope tags and transport signals. Examples of such epitope tags include, but are not limited to FLAG (Sigma Chemical, St. Louis, Mo.), myc (9E10) (Invitrogen, Carlsbad, Calif.), 6-His (Invitrogen; Novagen, Madison, 
<!-- EPO <DP n="14"/>-->
 Wis.), and HA (Boehringer Manheim Biochemicals). Examples of such transport signals include, but are not limited to, export signals, secretory signals, nuclear localization signals, and plasma membrane localization signals. </p><p id="p0061" num="0061">[0059] In some embodiments, at least one of the laminin chain polypeptide sequences, or fragments thereof, is operatively linked to a nucleic acid sequence encoding an "epitope tag", so that at least one of the chains is expressed as a fusion protein with an expressed epitope tag. The epitope tag may be expressed as the amino terminus, the carboxy terminus, or internal to any of the polypeptide chains comprising Maminin-421, so long as the resulting Maminin-421 remains functional. </p><p id="p0062" num="0062">[0060] In other embodiments, one of the Maminin-421 chains is expressed as a fusion protein with a first epitope tag, and at least one other r-laminin chain is expressed as a fusion protein with a second epitope tag. This permits multiple rounds of purification to be carried out. Alternatively, the same epitope tag can be used to create fusion proteins with more than one of the r-laminin chains. </p><p id="p0063" num="0063">[0061] In further embodiments, the epitope tag can be engineered to be cleavable from the Maminin-421 chain(s). Alternatively, no epitope tag is fused to any of the r- laminin-421 chains, and the r-laminin-421 is isolated by standard techniques, including but not limited to affinity chromatography using laminin-421 specific antibodies or other laminin-421 binding molecules. </p><p id="p0064" num="0064"> [0062] Media from cells transfected with a single laminin chain are initially analyzed on Westem blots using laminin chain-specific antibodies. The expression of single laminin chains following transfection is generally intracellular. Clones showing reactivity against individual transfected chain(s) are verified by any appropriate method, such as PCR, reverse transcription-PCR, or nucleic acid hybridization, to confirm incorporation of the transfected gene. Preferably, analysis of genomic DNA preparations from such clones is done by PCR using laminin chain-specific primer pairs. Media from transfected clones producing all three chains are further analyzed for r-laminin-421 secretion and/or activity, by any appropriate method, including Westem blot analysis and cell binding assays. </p><p id="p0065" num="0065"> [0063] In preferred embodiments, purification of Maminin-421 is accomplished by passing media from the transfected cells through an antibody affinity column. In some embodiments, antibodies against a peptide epitope expressed on at least one of the recombinant chains are attached to an affinity column, and bind the r-laminin- 421 that has been secreted into the media. The r-laminin-421 is removed from the 
<!-- EPO <DP n="15"/>-->
 column by passing excess peptide over the column. Eluted fractions are analyzed by any appropriate method, including gel electrophoresis and Western blot analysis. In further embodiments, the peptide epitope can be cleaved after purification. In other embodiments, two or three separate r-laminin chains are expressed as fusion proteins, each with a different epitope tag, permitting two or three rounds of purification and a doubly or triply isolated Maminin-421. The epitope tag can be engineered so as to be cleavable from the Maminin-421 chain(s) after purification. Alternatively, no epitope tag is fused to any of the Maminin-421 chains, and the r- laminin-421 is isolated by standard techniques, including but not limited to affinity chromatography using laminin-421 specific antibodies or other laminin-421 binding molecules. </p><p id="p0066" num="0066"> [0064] The laminin-421 polypeptide chains of the present disclosure also include (i) substitutions with one or more of the non-conserved amino acid residues, where the substituted amino acid residues may or may not be one encoded by the genetic code, or (ii) substitution with one or more amino acid residues having substituent groups, or (iii) fusion of the mature polypeptide with another compound, such as a compound to increase the stability and/or solubility of the polypeptide (for example, polyethylene glycol), or (iv) fusion of the polypeptide with additional amino acids, such as an IgG Fc fusion region peptide, or leader or secretory sequence, or a sequence facilitating purification. Such variant polypeptides are deemed to be within the scope of those skilled in the art from the teachings herein. </p><p id="p0067" num="0067">[0065] For example, polypeptide variants containing amino acid substitutions of charged amino acids with other charged or neutral amino acids may produce proteins with improved characteristics, such as less aggregation. Aggregation of pharmaceutical formulations both reduces activity and increases clearance due to the aggregate's immunogenic activity. (Pinckard et al., Clin. Exp. Immunol. 2:331- 340 (1967); Robbins et al., Diabetes 36: 838-845 (1987); Cleland et al., Crit. Rev. Therapeutic Drug Carrier Systems 10:307-377 (1993).) </p><p id="p0068" num="0068"> [0066] In particular embodiments, the isolated laminin-421 comprises three chains. The first chain comprises a polypeptide with at least 80% identity to a polypeptide sequence of SEQ ID NO: 1 (i.e. the a4 laminin chain). The second chain comprises a polypeptide with at least 70% identity to a polypeptide sequence of SEQ ID NO: 2 (i.e. the β2 laminin chain). The third chain comprises a polypeptide with at least 70% identity to a polypeptide sequence of SEQ ID NO: 3 (i.e. the γ1 laminin 
<!-- EPO <DP n="16"/>-->
 chain). These first, second, and third chains are assembled into recombinant laminin-421. </p><p id="p0069" num="0069"> [0067] In more specific embodiments, the polypeptide of the first chain has at least 80% identity to the polypeptide sequence of SEQ ID NO: 1 , the polypeptide of the second chain has at least 80% identity to the polypeptide sequence of SEQ ID NO: 2, and the polypeptide of the third chain has at least 80% identity to the polypeptide sequence of SEQ ID NO: 3. </p><p id="p0070" num="0070"> [0068] In more specific embodiments, the polypeptide of the first chain has at least 90% identity to the polypeptide sequence of SEQ ID NO: 1, the polypeptide of the second chain has at least 90% identity to the polypeptide sequence of SEQ ID NO: 2, and the polypeptide of the third chain has at least 90% identity to the polypeptide sequence of SEQ ID NO: 3. </p><p id="p0071" num="0071"> [0069] In particular embodiments, the first chain comprises the polypeptide sequence of SEQ ID NO: 1, the second chain comprises the polypeptide sequence of SEQ ID NO: 2, and the third chain comprises the polypeptide sequence of SEQ ID NO: 3. </p><p id="p0072" num="0072"> [0070] In particular embodiments, the first chain is the polypeptide sequence of SEQ ID NO: 1 , the second chain is the polypeptide sequence of SEQ ID NO: 2, and the third chain is the polypeptide sequence of SEQ ID NO: 3. </p><p id="p0073" num="0073">[0071] The present disclosure further provides pharmaceutical compositions comprising isolated laminin-421 and a pharmaceutically acceptable carrier. In preferred embodiments, the pharmaceutical composition comprises isolated r- laminin-421. According to these aspects of the disclosure, other agents can be included in the pharmaceutical compositions, depending on the condition being treated. The pharmaceutical composition may further comprise one or more other compounds, including but not limited to any of the collagens, other laminin types, fibronectin, vitronectin, cadherins, integrins, a-dystroglycan, entactin/nidogen, a- dystroglycan, glycoproteins, proteoglycans, heparan sulfate proteoglycan, glycosaminoglycans, epidermal growth factor, vascular endothelial growth factor, fibroblast growth factor, or nerve growth factors, and peptide fragments thereof. </p><p id="p0074" num="0074">[0072] Pharmaceutical preparations comprising isolated laminin-421 can be prepared in any suitable form, and generally comprise the isolated laminin-421 in combination a pharmaceutically acceptable carrier. The carriers can be injectable carriers, topical carriers, transdermal carriers, and the like. The preparation may 
<!-- EPO <DP n="17"/>-->
 advantageously be in a form for topical administration, such as an ointment, gel, cream, spray, dispersion, suspension or paste. The preparations may further advantageously include preservatives, antibacterials, antifingals, antioxidants, osmotic agents, and similar materials in composition and quantity as is conventional. Suitable solutions for use in accordance with the disclosure are sterile, are not harmful for the proposed application, and may be subjected to conventional pharmaceutical operations such as sterilization and/or may contain conventional adjuvants, such as preservatives, stabilizers, wetting agents, emulsifiers, buffers etc. For assistance in formulating the compositions of the present disclosure, one may refer to Remington's Pharmaceutical Sciences, 15th Ed., Mack Publishing Co., Easton, Pa. (1975). </p><p id="p0075" num="0075"> [0073] In further aspects, the present disclosure comprises medical devices with improved biocompatibility, wherein the devices are coated with isolated laminin-421 or pharmaceutical compositions thereof, alone or in combination with other proteins or agents that serve to increase the biocompatibility of the device surface. The coated device stimulates cell attachment (such as endothelial cell attachment), and provides for diminished inflammation and/or infection at the site of entry of the appliance. </p><p id="p0076" num="0076"> [0074] Such medical devices can be of any material used for implantation into the body, and preferably are made of or coated with a biocompatible metal that may be either stainless steel or titanium. Alternatively, the device is made of or coated with a ceramic material, or a polymer including but not limited to polyester, polyglycolic acid or a polygalactose-polyglycolic acid copolymer. </p><p id="p0077" num="0077"> [0075] If the device is made of a natural or synthetic biodegradable material in the form of a mesh, sheet or fabric, isolated laminin-421 or pharmaceutical compositions thereof may be applied directly to the surface thereof. Appropriate cells may then be cultured on the matrix to form transplantable or implantable devices, including dental abutment pieces, needles, metal pins or rods, indwelling catheters, colostomy tubes, surgical meshes and any other appliance for which coating with isolated laminin-421 is desirable. Alternatively, the devices may be implanted and cells may be permitted to attach in vivo. </p><p id="p0078" num="0078"> [0076] Coupling of the isolated laminin-421 may be non-covalent (such as by adsorption), or by covalent means. The device may be immersed in, incubated in, or sprayed with the isolated laminin-421 or pharmaceutical compositions thereof. 
<!-- EPO <DP n="18"/>-->
 [0077] The dosage regimen for various treatments using the isolated laminin-421 of the present disclosure is based on a variety of factors, including the type of injury or condition, the age, weight, sex, medical condition of the individual, the severity of the condition, and the route of administration. Thus, the dosage regimen may vary widely, but can be determined routinely by a physician using standard methods. Laminins are extremely potent molecules, and one or a few molecules per cell could produce an effect. Thus, effective doses in the pico-gram per milliliter range are possible if the delivery is optimized. </p><p id="p0079" num="0079"> [0078] The following examples are for purposes of further illustrating the present disclosure. The examples are merely illustrative and are not intended to limit devices made in accordance with the disclosure to the materials, conditions, or process parameters set forth therein. 
<!-- EPO <DP n="19"/>-->
</p><p id="p0080" num="0080">EXAMPLES </p><p id="p0081" num="0081">[0079] Cloning of the Human Laminin β2 cDNA </p><p id="p0082" num="0082"> [0080] The 5.6 kb fragment of human laminin β2 cDNA was PCR-amplified from human liver cDNA library (BD Biosciences) using primers 5'- GTGGTACCCACAGGCAGAGTTGAC-3' (SEQ ID NO: 7) and 5'- GCTCTAGAGCTCTTCAGTGCATAGGC-3<sup>*</sup> (SEQ ID NO: 8) thus introducing artificial Xbal and Kpnl cutting sites on the ends of the fragment. To decrease the error rate during the PCR amplification Phusion™ high-fidelity PCR Kit (Finnzymes) was used. Subsequently, the fragment was digested with Xbal and Kpnl and subcloned into pSK vector digested with the same restriction endonucleases (pSKHLAMB2 plasmid). To verify the integrity of the sequence several clones of pSKHLAMB2 plasmid were sequenced. Sequencing was performed on an ABI PRISM™ 310 Genetic Analyzer (Perkin Elmer) using ABI PRISM® BigDye™ Terminator Cycle Sequencing kit (PE Applied Biosystems). Only complete matches with the NCBI database human laminin β2 sequence were selected for further cloning. </p><p id="p0083" num="0083">[0081] Expression Constructs </p><p id="p0084" num="0084"> [0082] For expression of the human laminin β2 chain pSKHLAMB2 plasmid was digested with Xbal and Kpnl and subcloned into Xbal-Kpnl treated pcDNA 3.1(+) vector (Invitrogen). </p><p id="p0085" num="0085"> [0083] The constructs used for expression of human laminin α4 (HA4 construct) and γ1 (HG1 construct) have been described previously (Kortesmaa, J. et al., J. Biol. Chem. 275(20), 14853-9 (2000)). </p><p id="p0086" num="0086">[0084] Antibodies </p><p id="p0087" num="0087"> [0085] Anti-laminin β2 (MAB2066) monoclonal antibody (mAb) was purchased from R@D Systems. Anti-laminin a4 mAb was kindly provided by Dr. Patarroyo (Wondimu, Z. Blood 104(6), 1859-66 (2004)). Anti-laminin β1 mAb (MAB1921) was purchased from Chemicon. Anti-laminin γ1 (H-190) rabbit polyclonal antibody was purchased from Santa Cruz Biotechnology, Inc. </p><p id="p0088" num="0088">[0086] Production and Purification of Recombinant Laminin-421 
<!-- EPO <DP n="20"/>-->
 [0087] Naminin-421 was produced in human embryonic kidney cells (HEK293, ATCC CRL-1573) cultured in DMEM, pyruvate, 10% FCS in humidified 5% C0<sub>2</sub> atmosphere at 37°C. Wild-type cells were transfected using the standard calcium- phosphate method with the HG1 construct and stable colonies were selected using 100 mg/ml hygromycin (Cayla). All further cell culture and clonal expansion was carried out in continuous presence of relevant selection antibiotics. A highly expressing clone was then transfected with the human laminin β2 construct and stable clones were selected using 500 mg/ml G418 (Life Technologies). A clone highly expressing both laminin γ1 and laminin β2 was finally transfected with the HA4 construct and stable colonies were selected using 200 mg/ml zeocin (Cayla). The clones showing the highest secretion were expanded further. </p><p id="p0089" num="0089">[0088] For production of Naminin-421, confluent cells were cultured in DMEM supplemented with 1 mM pyruvate and insulin-transferrin-selen supplement (Sigma) for up to five days, r-laminin-421 was affinity purified using anti-FLAG M2 matrix (Sigma). The collected medium was incubated in batch mode with the matrix overnight at 4°C with agitation. Bound r-laminin-421 was competitively eluted with 50 mg/ml FLAG peptide (Sigma) in TBS/E (50 mM Tris-CI, pH 7.5, 150 mM NaCI, 1 mM EDTA) at room temperature. The elute was concentrated and the buffer was replaced by PBS using 30 kD cut-off ultrafiltration (Millipore). Finally the concentrated solution was passed through 0.2 mm filter to remove self-aggregated polymers. </p><p id="p0090" num="0090">[0089] Characterization of Recombinant Laminin-421 </p><p id="p0091" num="0091"> [0090] Secreted laminin in medium and after purification was characterized using 3-8% gradient SDS-PAGE. Proteins were visualized using Sypro staining (Bio-Rad) or transferred onto PVDF. The membranes were probed with atibodies described above. After washing, the membranes were incubated with HRP-conjugated goat antibodies. The immunoreactivity was detected by a chemiluminescent kit (Life Science Products) according to the manufacturer's instructions. </p><p id="p0092" num="0092">Results </p><p id="p0093" num="0093">[0091] Production and Characterization of Recombinant Laminin-421 
<!-- EPO <DP n="21"/>-->
 [0092] Conditioned medium from wild-type HEK293 cells did not react in western blotting with the anti-laminin a4, anti-laminin β2, anti-laminin γ1 , or anti-FLAG Abs, indicating that these cells express endogenous laminins at very low amounts if at all. After triple transfection, the best cell clone produced 2-3 mg of Naminin-421 per liter of medium, which is quite high considering the size and complexity of the protein. </p><p id="p0094" num="0094">[0093] Immunoaffinity purification with anti-FLAG M2 matrix followed by competitive elution with FLAG-peptide resulted in highly purified protein as seen in silver stained SDS-PAGE gels. Human r-laminin-421 was characterized using SDS- PAGE. An immunoblot of conditioned medium and r-laminin-421 was performed under non reducing and reducing conditions: Proteins on 3-8% gels were transferred onto PVDF membranes followed by staining with antibodies against laminin α4, β2 (MAB2066), β1 (MAB1921) and γ1 (H-19). The control was a medium conditioned by untransfected HEK293 cells stained with antibody against laminin a4. Under reducing conditions, two bands were seen, a 220 kD band corresponding to the laminin a4 chain and a 200 kD band corresponding to the laminin β2 and γ1 chains, which have similar molecular weights. In Western blotting of the conditioned medium under reducing conditions, a band of approximately 220 kDa could be seen with the laminin a4 mAb. Under non-reducing conditions, most of the protein appeared at the top of the gel as a very high molecular weight band, which was immunoreactive with α4, β2 and γ1 antibodies but not β1 , showing that the Naminin-421 was produced as disulfide-crosslinked heterotrimer. </p><p id="p0095" num="0095"> [0094] The present disclosure has been described with reference to exemplary embodiments. Obviously, modifications and alterations will occur to others upon reading and understanding the preceding detailed description. It is intended that the present disclosure be construed as including all such modifications and alterations insofar as they come within the scope of the appended claims or the equivalents thereof. 
</p></description><claims mxw-id="PCLM44852163" ref-ucid="WO-2012117297-A1" lang="EN" load-source="patent-office"><claim-statement><!-- EPO <DP n="22"/>--> CLAIMS: </claim-statement><claim id="clm-0001" num="1"><claim-text>1. Isolated recombinant laminin-421 produced by a method </claim-text><claim-text>comprising: </claim-text><claim-text> providing host cells that express recombinant laminin-421 , wherein the recombinant laminin-421 comprises: </claim-text><claim-text> a first chain comprising a polypeptide with at least 80% identity to a polypeptide sequence of SEQ ID NO: 1 , </claim-text><claim-text> a second chain comprising a polypeptide with at least 70% identity to a polypeptide sequence of SEQ ID NO: 2, and </claim-text><claim-text> a third chain comprising a polypeptide with at least 70% identity to a polypeptide sequence of SEQ ID NO: 3, </claim-text><claim-text> wherein the first, second, and third chains are assembled into recombinant laminin-421 ; </claim-text><claim-text> growing the host cells in a cell culture medium under conditions to stimulate expression of the recombinant laminin-421 chains; </claim-text><claim-text> passing the cell culture medium through a column, wherein the column contains a compound that binds to the recombinant laminin-421 ; </claim-text><claim-text> washing the column to remove unbound materials; and eluting the bound recombinant laminin-421 from the column. </claim-text></claim><claim id="clm-0002" num="2"><claim-text>2. Isolated recombinant laminin-421 , comprising: </claim-text><claim-text> a first chain comprising a polypeptide with at least 80% identity to a polypeptide sequence of SEQ ID NO: 1 ; </claim-text><claim-text> a second chain comprising a polypeptide with at least 70% identity to a polypeptide sequence of SEQ ID NO: 2; and </claim-text><claim-text> a third chain comprising a polypeptide with at least 70% identity to a polypeptide sequence of SEQ ID NO: 3; </claim-text><claim-text> wherein the first, second, and third chains are assembled into recombinant laminin-421. </claim-text></claim><claim id="clm-0003" num="3"><claim-text>3. The isolated recombinant laminin-421 of claim 2, wherein the first chain polypeptide has at least 90% identity to the polypeptide sequence of SEQ ID NO: 1. <!-- EPO <DP n="23"/>--> </claim-text></claim><claim id="clm-0004" num="4"><claim-text>4. The isolated recombinant laminin-421 of claim 3, wherein the second chain polypeptide has at least 90% identity to the polypeptide sequence of SEQ ID NO: 2. </claim-text></claim><claim id="clm-0005" num="5"><claim-text>5. The isolated recombinant laminin-421 of claim 4, wherein the third chain polypeptide has at least 90% identity to the polypeptide sequence of SEQ ID NO: 3. </claim-text></claim><claim id="clm-0006" num="6"><claim-text>6. The isolated recombinant laminin-421 of claim 2, wherein the first chain has the polypeptide sequence of SEQ ID NO: 1. </claim-text></claim><claim id="clm-0007" num="7"><claim-text>7. The isolated recombinant laminin-421 of claim 6, wherein the second chain has the polypeptide sequence of SEQ ID NO: 2. </claim-text></claim><claim id="clm-0008" num="8"><claim-text>8. The isolated recombinant laminin-421 of claim 7, wherein the third chain has the polypeptide sequence of SEQ ID NO: 3. </claim-text></claim><claim id="clm-0009" num="9"><claim-text>9. The isolated recombinant laminin-421 of claim 2, wherein the second chain polypeptide has at least 75% identity to the polypeptide sequence of SEQ ID NO: 2. </claim-text></claim><claim id="clm-0010" num="10"><claim-text>10. The isolated recombinant laminin-421 of claim 9, wherein the third chain polypeptide has at least 75% identity to the polypeptide sequence of SEQ ID NO: 3. </claim-text></claim><claim id="clm-0011" num="11"><claim-text>11. The isolated recombinant laminin-421 of claim 2, wherein the second chain polypeptide has at least 80% identity to the polypeptide sequence of SEQ ID NO: 2. </claim-text></claim><claim id="clm-0012" num="12"><claim-text>12. The isolated recombinant laminin-421 of claim 11, wherein the third chain polypeptide has at least 80% identity to the polypeptide sequence of SEQ ID NO: 3. <!-- EPO <DP n="24"/>--> </claim-text></claim><claim id="clm-0013" num="13"><claim-text>13. A pharmaceutical composition, comprising: a) the isolated recombinant laminin-421 of claim 1 ; and b) a pharmaceutically acceptable carrier. </claim-text></claim><claim id="clm-0014" num="14"><claim-text>14. A pharmaceutical composition comprising: a) the isolated recombinant laminin-421 of claim 2; and b) a pharmaceutically acceptable carrier. </claim-text></claim></claims><copyright>User acknowledges that Fairview Research LLC and its third party providers retain all right, title and interest in and to this xml under applicable copyright laws.  User acquires no ownership rights to this xml including but not limited to its format.  User hereby accepts the terms and conditions of the Licence Agreement</copyright></patent-document>
