<?xml version="1.0" encoding="UTF-8"?>
<patent-document ucid="EP-2958829-A1" country="EP" doc-number="2958829" kind="A1" date="20151230" family-id="51267178" file-reference-id="318326" date-produced="20180822" status="corrected" lang="EN"><bibliographic-data><publication-reference fvid="160453849" ucid="EP-2958829-A1"><document-id><country>EP</country><doc-number>2958829</doc-number><kind>A1</kind><date>20151230</date><lang>EN</lang></document-id></publication-reference><application-reference ucid="EP-14753624-A" is-representative="NO"><document-id mxw-id="PAPP193870666" load-source="patent-office" format="original"><country>EP</country><doc-number>14753624.7</doc-number><date>20140224</date><lang>EN</lang></document-id><document-id mxw-id="PAPP193870667" load-source="docdb" format="epo"><country>EP</country><doc-number>14753624</doc-number><kind>A</kind><date>20140224</date><lang>EN</lang></document-id></application-reference><priority-claims><priority-claim mxw-id="PPC162033753" ucid="CA-2014050128-W" linkage-type="W" load-source="docdb"><document-id format="epo"><country>CA</country><doc-number>2014050128</doc-number><kind>W</kind><date>20140224</date></document-id></priority-claim><priority-claim mxw-id="PPC162028041" ucid="US-201313803952-A" load-source="docdb"><document-id format="epo"><country>US</country><doc-number>201313803952</doc-number><kind>A</kind><date>20130314</date></document-id></priority-claim><priority-claim mxw-id="PPC162027518" ucid="US-201361768918-P" load-source="docdb"><document-id format="epo"><country>US</country><doc-number>201361768918</doc-number><kind>P</kind><date>20130225</date></document-id></priority-claim></priority-claims><technical-data><classifications-ipcr><classification-ipcr mxw-id="PCL-1869707538" load-source="docdb">A47K   5/12        20060101ALI20161207BHEP        </classification-ipcr><classification-ipcr mxw-id="PCL-1869709317" load-source="docdb">B67D   7/78        20100101ALI20161207BHEP        </classification-ipcr><classification-ipcr mxw-id="PCL-1869709985" load-source="docdb">B65D  83/76        20060101AFI20161207BHEP        </classification-ipcr><classification-ipcr mxw-id="PCL-1869710283" load-source="docdb">B65D   5/54        20060101ALI20161207BHEP        </classification-ipcr><classification-ipcr mxw-id="PCL-1869714192" load-source="docdb">B05B  11/00        20060101ALI20161207BHEP        </classification-ipcr></classifications-ipcr><classifications-cpc><classification-cpc mxw-id="PCL-1611576375" load-source="docdb" scheme="CPC">B05B  11/00412     20180801 LI20180802BHEP        </classification-cpc><classification-cpc mxw-id="PCL-1987766155" load-source="docdb" scheme="CPC">A47K   5/1208      20130101 LI20140828BHEP        </classification-cpc><classification-cpc mxw-id="PCL-1987766699" load-source="docdb" scheme="CPC">A47K   5/1205      20130101 LI20140915BHEP        </classification-cpc><classification-cpc mxw-id="PCL-1987770412" load-source="docdb" scheme="CPC">B65D  35/22        20130101 FI20140828BHEP        </classification-cpc><classification-cpc mxw-id="PCL-1987788802" load-source="docdb" scheme="CPC">B65D   5/54        20130101 LI20140925BHEP        </classification-cpc><classification-cpc mxw-id="PCL-1987790199" load-source="docdb" scheme="CPC">B05B  11/0097      20130101 LI20141111BHEP        </classification-cpc><classification-cpc mxw-id="PCL-1987790323" load-source="docdb" scheme="CPC">A47K2005/1218      20130101 LA20140915BHEP        </classification-cpc><classification-cpc mxw-id="PCL-1987791758" load-source="docdb" scheme="CPC">Y10T  29/49826     20130101 LA20150123BCEP        </classification-cpc></classifications-cpc><invention-title mxw-id="PT165553013" lang="DE" load-source="patent-office">BEHÄLTER ZUR VERWENDUNG MIT EINEM AN EINEN ZÄHLER MONTIERTEN ABGABESYSTEM</invention-title><invention-title mxw-id="PT165553014" lang="EN" load-source="patent-office">CONTAINER FOR USE WITH A COUNTER MOUNTED DISPENSING SYSTEM</invention-title><invention-title mxw-id="PT165553015" lang="FR" load-source="patent-office">CONTENANT DESTINÉ À ÊTRE UTILISÉ AVEC UN SYSTÈME DE DISTRIBUTION MONTÉ SUR UN COMPTOIR</invention-title></technical-data><parties><applicants><applicant mxw-id="PPAR1103319239" load-source="docdb" sequence="1" format="epo"><addressbook><last-name>PIBED LTD</last-name><address><country>GB</country></address></addressbook></applicant><applicant mxw-id="PPAR1103317566" load-source="docdb" sequence="1" format="intermediate"><addressbook><last-name>PIBED LIMITED</last-name></addressbook></applicant><applicant mxw-id="PPAR1101647956" load-source="patent-office" sequence="1" format="original"><addressbook><last-name>Pibed Limited</last-name><iid>101216105</iid><address><street>Denby Hall Way</street><city>Denby Ripley Derbyshire DE5 8JZ</city><country>GB</country></address></addressbook></applicant></applicants><inventors><inventor mxw-id="PPAR1103328819" load-source="docdb" sequence="1" format="epo"><addressbook><last-name>BUTLER ROBERT</last-name><address><country>GB</country></address></addressbook></inventor><inventor mxw-id="PPAR1103316381" load-source="docdb" sequence="1" format="intermediate"><addressbook><last-name>BUTLER, ROBERT</last-name></addressbook></inventor><inventor mxw-id="PPAR1101643396" load-source="patent-office" sequence="1" format="original"><addressbook><last-name>BUTLER, ROBERT</last-name><address><street>7 Crees Yard Kirby-in-Ashfield</street><city>Nottingham Northamptonshire NG17 8LF</city><country>GB</country></address></addressbook></inventor><inventor mxw-id="PPAR1103304227" load-source="docdb" sequence="2" format="epo"><addressbook><last-name>HAY LAURA ANNE</last-name><address><country>GB</country></address></addressbook></inventor><inventor mxw-id="PPAR1103311449" load-source="docdb" sequence="2" format="intermediate"><addressbook><last-name>HAY, Laura, Anne</last-name></addressbook></inventor><inventor mxw-id="PPAR1101649130" load-source="patent-office" sequence="2" format="original"><addressbook><last-name>HAY, Laura, Anne</last-name><address><street>Highthorn Sundayswells Torphins Banchory</street><city>Kincardineshire Aberdeenshire AB31 4JY</city><country>GB</country></address></addressbook></inventor><inventor mxw-id="PPAR1103309781" load-source="docdb" sequence="3" format="epo"><addressbook><last-name>IOANNOU EFTHIMIA</last-name><address><country>CY</country></address></addressbook></inventor><inventor mxw-id="PPAR1103337265" load-source="docdb" sequence="3" format="intermediate"><addressbook><last-name>IOANNOU, EFTHIMIA</last-name></addressbook></inventor><inventor mxw-id="PPAR1101652773" load-source="patent-office" sequence="3" format="original"><addressbook><last-name>IOANNOU, EFTHIMIA</last-name><address><street>17 Agapinoros Street Statos Agios Fotios</street><city>Paphos 8652</city><country>CY</country></address></addressbook></inventor><inventor mxw-id="PPAR1103312279" load-source="docdb" sequence="4" format="epo"><addressbook><last-name>WALCZAK ADELA</last-name><address><country>PL</country></address></addressbook></inventor><inventor mxw-id="PPAR1103331498" load-source="docdb" sequence="4" format="intermediate"><addressbook><last-name>WALCZAK, ADELA</last-name></addressbook></inventor><inventor mxw-id="PPAR1101649525" load-source="patent-office" sequence="4" format="original"><addressbook><last-name>WALCZAK, ADELA</last-name><address><street>Zelwerowicza 17A</street><city>PL-90-147 Lodz</city><country>PL</country></address></addressbook></inventor><inventor mxw-id="PPAR1103329441" load-source="docdb" sequence="5" format="epo"><addressbook><last-name>BANKS STEWART</last-name><address><country>PT</country></address></addressbook></inventor><inventor mxw-id="PPAR1103328713" load-source="docdb" sequence="5" format="intermediate"><addressbook><last-name>BANKS, STEWART</last-name></addressbook></inventor><inventor mxw-id="PPAR1101653238" load-source="patent-office" sequence="5" format="original"><addressbook><last-name>BANKS, STEWART</last-name><address><street>Casa Elizabeth Lot 17 Vale Centenes Alfanzina</street><city>P-8400 Near Carvoeiro</city><country>PT</country></address></addressbook></inventor><inventor mxw-id="PPAR1103342238" load-source="docdb" sequence="6" format="epo"><addressbook><last-name>LANG CHRISTOPHER JAMES</last-name><address><country>GB</country></address></addressbook></inventor><inventor mxw-id="PPAR1103313929" load-source="docdb" sequence="6" format="intermediate"><addressbook><last-name>LANG, Christopher, James</last-name></addressbook></inventor><inventor mxw-id="PPAR1101639976" load-source="patent-office" sequence="6" format="original"><addressbook><last-name>LANG, Christopher, James</last-name><address><street>35 Bendigo Lane</street><city>Nottingham Nottinghamshire NG2 4EH</city><country>GB</country></address></addressbook></inventor><inventor mxw-id="PPAR1103310897" load-source="docdb" sequence="7" format="epo"><addressbook><last-name>LIMBERT DEAN PHILIP</last-name><address><country>GB</country></address></addressbook></inventor><inventor mxw-id="PPAR1103335813" load-source="docdb" sequence="7" format="intermediate"><addressbook><last-name>LIMBERT, Dean, Philip</last-name></addressbook></inventor><inventor mxw-id="PPAR1101645835" load-source="patent-office" sequence="7" format="original"><addressbook><last-name>LIMBERT, Dean, Philip</last-name><address><street>3 Orlando Court Chellaston</street><city>Derby Derbyshire DE7 35BJ</city><country>GB</country></address></addressbook></inventor></inventors><agents><agent mxw-id="PPAR1101640563" load-source="patent-office" sequence="1" format="original"><addressbook><last-name>Westwood, Joanna</last-name><iid>101056869</iid><address><street>Withers &amp; Rogers LLP 4 More London Riverside</street><city>London SE1 2AU</city><country>GB</country></address></addressbook></agent></agents></parties><international-convention-data><pct-or-regional-filing-data ucid="CA-2014050128-W"><document-id><country>CA</country><doc-number>2014050128</doc-number><kind>W</kind><date>20140224</date><lang>EN</lang></document-id></pct-or-regional-filing-data><pct-or-regional-publishing-data ucid="WO-2014127485-A1"><document-id><country>WO</country><doc-number>2014127485</doc-number><kind>A1</kind><date>20140828</date><lang>EN</lang></document-id></pct-or-regional-publishing-data><designated-states><ep-contracting-states><country mxw-id="DS660760146" load-source="docdb">AL</country><country mxw-id="DS660736148" load-source="docdb">AT</country><country mxw-id="DS660760152" load-source="docdb">BE</country><country mxw-id="DS660725833" load-source="docdb">BG</country><country mxw-id="DS660642644" load-source="docdb">CH</country><country mxw-id="DS660724881" load-source="docdb">CY</country><country mxw-id="DS660736149" load-source="docdb">CZ</country><country mxw-id="DS660760153" load-source="docdb">DE</country><country mxw-id="DS660724882" load-source="docdb">DK</country><country mxw-id="DS660724967" load-source="docdb">EE</country><country mxw-id="DS660647115" load-source="docdb">ES</country><country mxw-id="DS660725834" load-source="docdb">FI</country><country mxw-id="DS660643817" load-source="docdb">FR</country><country mxw-id="DS660760154" load-source="docdb">GB</country><country mxw-id="DS660724968" load-source="docdb">GR</country><country mxw-id="DS660760159" load-source="docdb">HR</country><country mxw-id="DS660736150" load-source="docdb">HU</country><country mxw-id="DS660642645" load-source="docdb">IE</country><country mxw-id="DS660724969" load-source="docdb">IS</country><country mxw-id="DS660643818" load-source="docdb">IT</country><country mxw-id="DS660724970" load-source="docdb">LI</country><country mxw-id="DS660725839" load-source="docdb">LT</country><country mxw-id="DS660795311" load-source="docdb">LU</country><country mxw-id="DS660725840" load-source="docdb">LV</country><country mxw-id="DS660725841" load-source="docdb">MC</country><country mxw-id="DS660795312" load-source="docdb">MK</country><country mxw-id="DS660795313" load-source="docdb">MT</country><country mxw-id="DS660647116" load-source="docdb">NL</country><country mxw-id="DS660643827" load-source="docdb">NO</country><country mxw-id="DS660795314" load-source="docdb">PL</country><country mxw-id="DS660642646" load-source="docdb">PT</country><country mxw-id="DS660647117" load-source="docdb">RO</country><country mxw-id="DS660642659" load-source="docdb">RS</country><country mxw-id="DS660795315" load-source="docdb">SE</country><country mxw-id="DS660760160" load-source="docdb">SI</country><country mxw-id="DS660643828" load-source="docdb">SK</country><country mxw-id="DS660795316" load-source="docdb">SM</country><country mxw-id="DS660724983" load-source="docdb">TR</country></ep-contracting-states><ep-extended-states><ep-extended-state-data><country>BA</country></ep-extended-state-data><ep-extended-state-data><country>ME</country></ep-extended-state-data></ep-extended-states></designated-states></international-convention-data><office-specific-data><eptags><ep-no-a-document-published>*</ep-no-a-document-published></eptags></office-specific-data></bibliographic-data><abstract mxw-id="PA139081378" ref-ucid="WO-2014127485-A1" lang="EN" load-source="patent-office"><p num="0000">The present disclosure relates to a container for flowable material configured to be installed in a counter below an access hole. The container includes a first deformable portion and a second deformable portion. The first deformable portion defines a first cavity and has a sealable first cavity inlet. The second deformable portion defines a second cavity and is in flow communication with the first cavity. The first deformable portion is configured to deform to fit into the access hole when substantially no flowable material is therein and the second deformable portion configured to deform to fit through the access hole when substantially no flowable material is therein. The disclosure also includes a method of installing a container of flowable material in a counter below an access hole.</p></abstract><abstract mxw-id="PA139547705" ref-ucid="WO-2014127485-A1" lang="EN" source="national office" load-source="docdb"><p>The present disclosure relates to a container for flowable material configured to be installed in a counter below an access hole. The container includes a first deformable portion and a second deformable portion. The first deformable portion defines a first cavity and has a sealable first cavity inlet. The second deformable portion defines a second cavity and is in flow communication with the first cavity. The first deformable portion is configured to deform to fit into the access hole when substantially no flowable material is therein and the second deformable portion configured to deform to fit through the access hole when substantially no flowable material is therein. The disclosure also includes a method of installing a container of flowable material in a counter below an access hole.</p></abstract><abstract mxw-id="PA139081379" ref-ucid="WO-2014127485-A1" lang="FR" load-source="patent-office"><p num="0000">La présente invention concerne un contenant pour un matériau fluidifiable conçu pour être installé dans un comptoir sous un trou d'accès. Le contenant comprend une première partie déformable et une seconde partie déformable. La première partie déformable définit une première cavité et comprend une première admission de cavité scellable. La seconde partie déformable définit une seconde cavité et est en communication fluidique avec la première cavité. La première partie déformable est conçue pour se déformer pour s'emboîter dans le trou d'accès lorsque sensiblement aucun matériau fluidifiable n'est présent à l'intérieur et la seconde partie déformable est conçue pour se déformer pour s'emboîter à travers le trou d'accès lorsque sensiblement aucun matériau fluidifiable n'est présent à l'intérieur. L'invention concerne également un procédé d'installation d'un contenant de matériau fluidifiable dans un comptoir sous un trou d'accès.</p></abstract><abstract mxw-id="PA139547706" ref-ucid="WO-2014127485-A1" lang="FR" source="national office" load-source="docdb"><p>La présente invention concerne un contenant pour un matériau fluidifiable conçu pour être installé dans un comptoir sous un trou d'accès. Le contenant comprend une première partie déformable et une seconde partie déformable. La première partie déformable définit une première cavité et comprend une première admission de cavité scellable. La seconde partie déformable définit une seconde cavité et est en communication fluidique avec la première cavité. La première partie déformable est conçue pour se déformer pour s'emboîter dans le trou d'accès lorsque sensiblement aucun matériau fluidifiable n'est présent à l'intérieur et la seconde partie déformable est conçue pour se déformer pour s'emboîter à travers le trou d'accès lorsque sensiblement aucun matériau fluidifiable n'est présent à l'intérieur. L'invention concerne également un procédé d'installation d'un contenant de matériau fluidifiable dans un comptoir sous un trou d'accès.</p></abstract><description mxw-id="PDES78478597" ref-ucid="WO-2014127485-A1" lang="EN" load-source="patent-office"><!-- EPO <DP n="3"/>--><p id="p0001" num="0001"> CONTAINER FOR USE WITH A COUNTER MOUNTED DISPENSING SYSTEM</p><p id="p0002" num="0002">FIELD OF THE DISCLOSURE </p><p id="p0003" num="0003"> This disclosure relates to liquid dispensing systems and in particular containers for use with a counter mounted dispensing system. </p><p id="p0004" num="0004">BACKGROUND </p><p id="p0005" num="0005"> Counter mounted soap and foam dispensers are becoming commonplace in modern away from home washroom environments. In fact many of the washroom counters produced are supplied complete with a predrilled 1 " diameter hole in close proximity to washbasin to allow for the easy installation of such systems. These dispensers are available as both manual pump activated and automatic sensor activated devices, with the dispensing head being installed in counter from above, and the cartridge of product installed below the counter. </p><p id="p0006" num="0006">Systems are available that use both hygienically sealed collapsible cartridges as well as open refillable reservoirs. There are several reasons why a counter mounted system is preferable to a wall mounted system, examples being: a lack of wall space; maintaining the washroom aesthetic; and personal preference. </p><p id="p0007" num="0007">SUMMARY </p><p id="p0008" num="0008"> The present disclosure relates to a container for flowable material configured to be installed in a counter below an access hole. The container includes a first deformable portion and a second deformable portion. The first deformable portion defines a first cavity and has a sealable first cavity inlet which is 
<!-- EPO <DP n="4"/>-->
 sealed. The first deformable portion has flowable material therein. The second deformable portion defines a second cavity and is in flow communication with the first cavity. The first deformable portion is configured to deform to fit into the access hole when substantially no flowable material is therein and the second deformable portion configured to deform to fit through the access hole when substantially no flowable material is therein. The first deformable portion is configured to deform to fit into the access hole when substantially all of the flowable material has been urged into the second deformable portion. </p><p id="p0009" num="0009"> Then container may include a means for releasably inhibiting flow from the first cavity to the second cavity. </p><p id="p0010" num="0010"> The container may include a neck portion between the first deformable portion and the second deformable portion. </p><p id="p0011" num="0011"> The container may include a removable clip configured to engage the neck portion and to inhibit flow from the first cavity to the second cavity when engaged on the neck portion. </p><p id="p0012" num="0012"> The sealable first cavity inlet may be sealed with a pump. The pump may include a dip tube. The pump may be configured to be engaged by a dispenser. </p><p id="p0013" num="0013"> The first deformable portion may have a liquid therein and further may include a seal affixed to the sealable first cavity inlet. </p><p id="p0014" num="0014"> The pump may have a dip tube and the pump is connectable to the sealable first cavity inlet whereby the dip tube extends through the first deformable portion into the second deformable portion. </p><p id="p0015" num="0015"> The seal may be removable prior to connecting the pump. 
<!-- EPO <DP n="5"/>-->
 The dip tube may be insertable through the seal. </p><p id="p0016" num="0016"> The first deformable portion may be detachable from the second deformable portion. </p><p id="p0017" num="0017"> The first deformable portion may include a first neck portion and the second deformable portion may include a second neck portion and the first neck portion and the second neck portion may be releasably connectable together. The first neck portion and the second neck portion may be connected with a detachable neck joint wherein the neck joint is a perforated neck joint or a press fit neck joint. Alternatively the first neck portion and the second neck portion may be connected with a screw fit neck joint. </p><p id="p0018" num="0018"> The container may further include a box for transporting the container. The box may include a removable portion. </p><p id="p0019" num="0019"> The second deformable portion may be wound into a tube. The tube may be folded so that the tube rests against the first deformable portion. </p><p id="p0020" num="0020"> The first deformable portion and the second deformable portion are resiliently deformable. </p><p id="p0021" num="0021"> The first deformable portion and the second deformable portion may be manufactured from one of BOPP (biaxially oriented polypropylene), BON </p><p id="p0022" num="0022">(biaxially oriented nylon), CA (cellulose acetate), CTFE (chlorotrifluoroethylene), EAA (ethylene acrylic acid), EEA (ethylene-ethyl acrylate), EMA (ethylene-methyl acrylate), EVA (ethylene-vinyl acetate), EVOH (ethylene-vinyl alcohol), HIPS (high impact polystyrene), LDPE (low-density polyethylene), LLDPE (linear low-density polyethylene), mPE (metallocene polyethylene) OPP (oriented polypropylene), PA (polyamide), PAN (polyacrylonitrile), PB (polybutylene),PE (polyethylene), PET 
<!-- EPO <DP n="6"/>-->
 (poly(ethylene terephthalate)), PETG (poly(ethylene terephthalate) glycol), PLA (poly(lactic acid)), PP (polypropylene), PS (polystyrene), PTFE </p><p id="p0023" num="0023">(polytetrafluoroethylene), PUR (polyurethane), PVC (polyvinyl chloride)), and PVDC (poly(vinylidene chloride)). or from one of latex, silicone rubber, polyisoprene and mylar. </p><p id="p0024" num="0024"> A cage may be attached to the counter below the access hole. The cage may include a lower portion removably attached to an upper portion. </p><p id="p0025" num="0025"> The disclosure includes a method of installing a container of flowable material in a counter below an access hole, the container having a first deformable portion in flow communication with a second deformable portion, the method comprising the steps of: </p><p id="p0026" num="0026"> feeding the second deformable portion having substantially no flowable material therein through the access hole; </p><p id="p0027" num="0027"> urging the flowable material in the first deformable portion into the second deformable portion; </p><p id="p0028" num="0028"> feeding the first deformable portion having substantially no flowable material therein into the access hole; and </p><p id="p0029" num="0029"> positioning a pump in the access hole whereby the pump is in flow communication with the container. </p><p id="p0030" num="0030"> The pump may be attached to the first deformable portion prior to the first feeding step. </p><p id="p0031" num="0031"> The method may include the step of attaching a dispenser to the pump. </p><p id="p0032" num="0032"> The first deformable portion may have a first cavity inlet and a seal 
<!-- EPO <DP n="7"/>-->
 attached thereto and the method may include the step of removing the seal and then performing the step of positioning a pump. </p><p id="p0033" num="0033"> The first deformable portion may have a first cavity inlet and a seal attached thereto and method may include the step of piercing the seal with the pump and then performing the step of positioning a pump. </p><p id="p0034" num="0034"> The container may further include a box and the box includes a removable portion, and the method may include the steps of removing the removable portion of the box; removing the first deformable portion from the box; squeezing the box to urge the flowable material in the first deformable portion into the second deformable portion; and removing the box. </p><p id="p0035" num="0035"> Further features will be described or will become apparent in the course of the following detailed description. </p><p id="p0036" num="0036">BRIEF DESCRIPTION OF THE DRAWINGS </p><p id="p0037" num="0037"> The embodiments will now be described by way of example only, with reference to the accompanying drawings, in which: </p><p id="p0038" num="0038"> Fig. 1 is a perspective view of a dispensing system having a liquid container located underneath a counter; </p><p id="p0039" num="0039"> Fig. 2 is a perspective view of a container just prior to being mounted through an aperture formed in a counter; </p><p id="p0040" num="0040"> Fig. 3 is a perspective view of the container of figure 2 with a second deformable portion of the container through the aperture formed in the counter and a first deformable portion of the container above the counter; </p><p id="p0041" num="0041"> Fig. 4 is a sectional view of figure 3 showing the container of figures 2 
<!-- EPO <DP n="8"/>-->
 and 3 with a second deformable portion of the container through the aperture formed in the counter and a first deformable portion of the container above the counter; </p><p id="p0042" num="0042"> Fig. 5 is a perspective view of the container similar to that shown in figure 3 but showing a portion of the liquid having been transferred from the first deformable portion and into the second deformable portion; </p><p id="p0043" num="0043"> Fig. 6 is a sectional view of the container of figure 5; </p><p id="p0044" num="0044"> Fig. 7 is a sectional view of the container similar to that shown in figure 5 but showing more of the liquid having been transferred into the second deformable portion; </p><p id="p0045" num="0045"> Fig. 8 is a sectional view of the container similar to that shown in figures 6 and 7 but showing the liquid having been transferred into the second deformable portion and showing the pump installed in the aperture formed in the counter; </p><p id="p0046" num="0046"> Fig. 9 is a perspective view of the container of figures 2 to 8 installed in the aperture formed in the counter and further showing an optional dispenser being positioned over the pump; </p><p id="p0047" num="0047"> Fig. 1 0 is a perspective view of the container similar to that shown in figures 2 to 9 but showing an alternate pump and showing a portion of the container through the aperture formed in the counter and a portion above the counter and showing a user urging the liquid from the first cavity into the second cavity formed in the first and second portions, respectively, of the container; </p><p id="p0048" num="0048"> Fig. 1 1 is a perspective view similar to that shown in figure 10 but showing less liquid in the first cavity; 
<!-- EPO <DP n="9"/>-->
 Fig. 1 2 is a perspective view similar to that shown in figure 1 1 but showing even less liquid in the first cavity; </p><p id="p0049" num="0049"> Fig. 1 3 is a perspective view similar to that shown in figure 12 but showing the first cavity being stuffed into the aperture in the counter; </p><p id="p0050" num="0050"> Fig. 14 is a perspective view of the container and pump of figures 1 0 to 13 installed in the aperture formed in the counter and further showing an alternate embodiment of an optional dispenser being positioned over the pump; </p><p id="p0051" num="0051"> Fig. 1 5 is a perspective view of a shipping container for use with a liquid container examples of which are shown in the earlier figures; </p><p id="p0052" num="0052"> Fig. 1 6 is a perspective view of the shipping container shown in figure</p><p id="p0053" num="0053">15 and showing removable portion partially removed; </p><p id="p0054" num="0054"> Fig. 1 7 is a perspective view of the shipping container of figures 15 and 1 6 showing the removable portion removed; </p><p id="p0055" num="0055"> Fig. 1 8 is a perspective view similar to that shown in figure 17 but showing the second deformable portion wound into a tube and extending downwardly from the shipping container; </p><p id="p0056" num="0056"> Fig. 1 9 is a perspective view similar to that shown in figure 18 but showing the second deformable portion on the verge of being inserted into the aperture in the counter; </p><p id="p0057" num="0057"> Fig. 20 is a perspective view similar to that shown in figure 19 but showing the second cavity inserted into the aperture in the counter; </p><p id="p0058" num="0058"> Fig. 21 is a perspective view similar to that shown in figure 20 but showing the shipping container partially collapsed; </p><p id="p0059" num="0059"> Fig. 22 is a perspective view similar to that shown in figure 21 but 
<!-- EPO <DP n="10"/>-->
 without the counter and showing the second deformable portion partially filled with liquid; </p><p id="p0060" num="0060"> Fig. 23 is a perspective view similar to that shown in figure 22 but showing the shipping container removed therefrom and the first deformable portion as it would be in a counter; </p><p id="p0061" num="0061"> Fig. 24 is a perspective view of an alternate liquid container wherein the inlet to the first cavity is sealed with a removable seal; </p><p id="p0062" num="0062"> Fig. 25 is perspective view of the liquid container of figure 24 showing the removable seal partially removed; </p><p id="p0063" num="0063"> Fig. 26 is perspective view of the liquid container of figures 24 and 25 showing the removable seal removed; </p><p id="p0064" num="0064"> Fig. 27 is perspective view of the liquid container of figures 24 to 26 positioned in a counter, having the removable seal removed and showing a pump and dip tube on the verge of being inserted into the inlet; </p><p id="p0065" num="0065"> Fig. 28 is a partially broken away perspective view of an alternate liquid container wherein the inlet to the first cavity is sealed with a pierceable seal and showing the seal being pierced by a dip tube; </p><p id="p0066" num="0066"> Fig. 29 is a perspective view of another alternate liquid container similar to that shown in figure 2 but being made of resiliently deformable material; </p><p id="p0067" num="0067"> Fig. 30 is a perspective view of the liquid container of figure 29 showing the liquid container with a second deformable portion of the container through the aperture formed in the counter and a first deformable portion above the counter; </p><p id="p0068" num="0068"> Fig. 31 is a cross sectional view of the liquid container of figure 30; 
<!-- EPO <DP n="11"/>-->
 Fig. 32 is a cross sectional view of the liquid container of figures 29 to 31 showing liquid container fully interested in the aperture and the liquid in the second deformable portion; </p><p id="p0069" num="0069"> Fig. 33 is a perspective view of another alternate embodiment of the liquid container wherein the first deformable portion is detachable from the second deformable portion and showing the second deformable container wound into a tube; </p><p id="p0070" num="0070"> Fig. 34 is a perspective view of the liquid container of figure 33 and showing the liquid in the second deformable liquid container and the first deformable liquid container collapsed; </p><p id="p0071" num="0071"> Fig. 35 is a perspective view of the liquid container of figures 33 and 34 wherein the first liquid container is attachable to the second liquid container with a detachable neck joint but showing the first deformable liquid container removed from the second deformable liquid container; </p><p id="p0072" num="0072"> Fig. 36 is a perspective view of the liquid container of figure 35 and showing a pump and dip tube on the verge of being positioned in the second deformable container; </p><p id="p0073" num="0073"> Fig. 37 is a perspective view of the liquid container similar to that shown in figures 33 and 34 wherein the first liquid container is attachable to the second liquid container with threaded attachment but showing the first deformable liquid container removed from the second deformable liquid container; and </p><p id="p0074" num="0074"> Fig. 38 is a perspective view of the liquid container of figure 37 and showing a pump and dip tube on the verge of being positioned in the second deformable container. 
<!-- EPO <DP n="12"/>-->
 DETAILED DESCRIPTION </p><p id="p0075" num="0075"> Referring to figures 1 to 1 1 , a counter mounted dispensing system is shown generally at 10. The counter mounted dispensing system 10 includes a deformable container 12 and a pump 14. Dispensing system 10 is adapted to be positioned in a counter 16 through an access hole 1 8. The access hole 18 may have a mount 19 extending upwardly from the hole. The deformable container 12 is for use in association with a liquid or other flowable material, typically hand cleaner or foamable hand cleaner. </p><p id="p0076" num="0076"> The deformable container 12 includes a first deformable portion 20 which defines a first cavity 22 and a second deformable portion 24 which defines a second cavity 26. The second cavity 26 is in flow communication with the first cavity 22 through a neck portion 30. The first cavity 22 has a first cavity inlet 28. The second deformable portion 24 is configured to deform to fit through the access hole 18 when substantially no flowable material is therein. The second deformable portion 24 may be wound into a tube as shown in figure 2. It may be wound into a tube during the manufacturing process prior to shipping and the tube configuration facilitates feeding the second deformable container 24 through the access hole 1 8. The tube configuration also inhibits the flow from the first cavity 22 to the second cavity 26. When the tube is unwound, the liquid may be urged from the first cavity into the second cavity. Thus, the tube configuration can serve as a means for releasably inhibiting the flow from the first cavity to the second cavity. </p><p id="p0077" num="0077">Similarly, the first deformable portion 20 is configured to deform to fit through the 
<!-- EPO <DP n="13"/>-->
 access hole 18 when substantially no flowable material is therein. Second deformable portion 24 will unwind from the tube configuration as flowable material moves form the first deformable portion 20 into the second deformable portion 24. </p><p id="p0078" num="0078"> Optionally the first cavity inlet 28 is sealable first cavity inlet and is sealed with a pump 14. Pump 14 may be any standard type of pump. An example of the pump used herein is shown in US application 13/458,318, filed April 27, 2012. An alternate example of a pump 1 5 is shown in figures 10 to 14. It will be appreciated by those skilled in the art that a wide variety of pumps may be used with deformable container 12. The pump has a dip tube 34 that extends from the first cavity 22 into the second cavity 26 when the dispensing system 10 is positioned in the counter 16. Optionally the pump 14 is adapted to be attached to or engaged by a dispenser 32. Alternate pump 1 5 may also be adapted to engage a dispenser 33. The dispenser may be attachable to the counter 1 6. </p><p id="p0079" num="0079"> Optionally the deformable container 12 may be housed in a removable box 36, as shown in figures 15 to 23. Box 36 is particularly useful for transporting the container. Box 36 may have a removable portion 38 that is easily removed from the box to provide access to the deformable container 12 inside, such that the seal is removed prior to connecting the pump. Optionally box 36 may include fold lines 39 as shown in figures 21 to 23. Fold lines 39 are used to facilitate a controlled collapsing of the box 36. Box 36 is designed to contain the deformable container 1 2 that includes a first deformable portion 20 filled with liquid and a second deformable portion 24 wound into a tube and then folded so that it rests against the first deformable portion 20 as can be seen in figure 17. The first deformable portion 20 may have a pump 15 attached to the first cavity inlet 28 as can be seen in figure 22. 
<!-- EPO <DP n="14"/>-->
 It will be appreciated by those skilled in the art that, by shipping a container 12 with a pump sealed thereto, the liquid is shipped to the end user in a hygienic fashion and it minimizes the opportunity to contaminate the liquid from the manufacturer to the user. In addition, box 36 can provide further protection for the container 12 during shipping. </p><p id="p0080" num="0080"> Optionally the deformable container 12 may include a removable seal 40 as shown in figure 24 and 27. Removable seal 40 is designed to be affixed to the first cavity inlet 28. Removable seal 40 may be removed after the deformable container 12 is positioned in the counter 16. The pump 14 and dip tube 34 assembly is connectable to the sealable first cavity inlet whereby the dip tube extends through the first deformable portion and into the second deformable portion when the first deformable potion has been pushed into the access hole. The pump 14 is then installed in the access hole. Optionally the deformable container 12 may have seal 42 that is adapted to be pierced by pump 14 and dip tube 34 assembly whereby the dip tube is insertable through the seal as shown in figure 28. </p><p id="p0081" num="0081"> Optionally a removable clip 44 may be included as shown in figure 29 and 30. The clip 44 is configured to engage the neck portion 30 and to inhibit flow from the first cavity to the second cavity when the clip 44 is engaged on the neck portion 30. Thus the clip 44 serves as a means for releasably inhibiting the flow from the first cavity to the second cavity. The container mounted dispenser system 10 may also include a cage 46 below the counter 16 to contain the deformable container 12 once it is positioned in the access hole 18 in the counter. The cage 46 may include an upper portion 48 attached to the underside of the counter and a lower portion 50 removably attachable to the upper portion 48. 
<!-- EPO <DP n="15"/>-->
 Referring to figures 33 to 38, container 12 may be configured such that first portion 60 may be detachable from second deformable portion 62. In this configuration first portion 60 includes a first neck portion 64 and second deformable portion includes a second neck portion 66. Second neck portion 66 has a collar 68 extending outwardly therefrom and the collar 68 is adapted to rest on the access hole 18 of the counter 16. The first neck portion 64 and the second neck portion 66 are releasably connectable together. By way of example only, the first neck portion 64 is connected to the second neck portion 66, as shown in figures 35 and 36, with a detachable neck joint wherein the neck joint is a perforated neck joint or a press fit neck joint. Alternatively it may have a screw fit neck joint 70 as shown in figures 37 and 38. </p><p id="p0082" num="0082"> Note that in the embodiments shown in figures 33 to 38 the first portion 60 need not be a deformable portion since it is not being pushed through access hole 18 in the counter 1 6. </p><p id="p0083" num="0083"> The embodiments of the container 1 2 may be manufactured from a variety of different materials. The container 12 may be made from a deformable material. By way of example only the first and second deformable portions may be manufactured from BOPP (biaxially oriented polypropylene), BON (biaxially oriented nylon), CA (cellulose acetate), CTFE (chlorotrifluoroethylene), EAA (ethylene acrylic acid), EEA (ethylene-ethyl acrylate), EMA (ethylene-methyl acrylate), EVA </p><p id="p0084" num="0084">(ethylene-vinyl acetate), EVOH (ethylene-vinyl alcohol), HIPS (high impact polystyrene), LDPE (low-density polyethylene), LLDPE (linear low-density polyethylene), mPE (metallocene polyethylene) OPP (oriented polypropylene), PA (polyamide), PAN (polyacrylonitrile), PB (polybutylene),PE (polyethylene), PET 
<!-- EPO <DP n="16"/>-->
 (poly(ethylene terephthalate)), PETG (poly(ethylene terephthalate) glycol), PLA (poly(lactic acid)), PP (polypropylene), PS (polystyrene), PTFE </p><p id="p0085" num="0085">(polytetrafluoroethylene), PUR (polyurethane), PVC (polyvinyl chloride)), and PVDC (poly(vinylidene chloride)). </p><p id="p0086" num="0086">Alternatively the container may be made from a resiliently deformable material as shown in figures 29 to 32. When the container 12 is made from a resiliently deformable material the first deformable portion, neck and second deformable may appear to be one long balloon like structure and it is when the container is in use that the first deformable portion 52 and second deformable portion 54 are defined. The neck 56 is defined by the clip 44. By way of example only, the first and second deformable portions may be manufactured from latex, silicone rubber, polyisoprene and mylar, In use the different embodiments of the container 12 are designed to facilitate providing or installing a liquid container at a location under the counter for use with a pump that is attached to the counter 16. In use, the second deformable portion 24 of the container 12 is inserted or fed through the access hole 18 in the counter 16. Once the second deformable portion 24 is fully inserted into the hole, the clip 44, if present, is removed. Thereafter, pressure is exerted on the first deformable portion 20 such that the liquid in the first cavity is urged from the first cavity and starts to flow into the second cavity. Pressure may be exerted by hand as shown in figures 10 and 1 1 or by way of a controlled collapse which may be achieved with the box 36. Once the liquid has been transferred into the second cavity the pump is positioned in the access hole 18. In some </p><p id="p0087" num="0087">embodiments the pump is attached to the first deformable portion prior to shipping as shown in figures 1 to 23 and 29 to 32. Alternatively where the container includes 
<!-- EPO <DP n="17"/>-->
 a removable seal 40, the seal is removed and the pump and dip tube assembly is positioned in the access hole as shown in figure 24 to 27. As another alternative where the seal is a piercable seal 42 the dip tube pierces the seal 42 and the pump and dip tube assembly are positioned in the access hole 1 8. A further alternative is shown in figures 33 to 38 wherein the second deformable container potion 62 includes a collar 68 which rests on the access hole 18 and the first deformable container portion 60 is detachable from the second deformable portion 62. The container 12 may include a detachable neck joint 66 wherein the neck joint is a perforated neck joint or a press fit neck joint as shown in figure 35 and 36. </p><p id="p0088" num="0088">Alternatively the neck joint may be a threaded neck joint 70 as shown in figures 37 and 38. Thereafter the pump and dip tube assembly are positioned in the access hole 18. Optionally a dispenser 32 or 33 may then be positioned over or attached to the pump 14 or 1 5 and the dispenser is adapted to engage the pump such that activation of the dispenser engages the pump 14 or 15 and causes liquid to be drawn up the dip tube 34 into the pump 14, 15 and dispensed through the dispenser 32 or 33. It will be appreciated by those skilled in the art that the dispenser may be a hand activated dispenser or the dispenser may include a motion sensor to automatically activate the dispenser. </p><p id="p0089" num="0089"> Various embodiments and aspects of the disclosure will be described with reference to details discussed below. The following description and drawings are illustrative of the disclosure and are not to be construed as limiting the disclosure. Numerous specific details are described to provide a thorough understanding of various embodiments of the present disclosure. However, in certain instances, well-known or conventional details are not described in order to 
<!-- EPO <DP n="18"/>-->
 provide a concise discussion of embodiments of the present disclosure. </p><p id="p0090" num="0090"> As used herein, the terms, "comprises" and "comprising" are to be construed as being inclusive and open ended, and not exclusive. Specifically, when used in the specification and claims, the terms, "comprises" and "comprising" and variations thereof mean the specified features, steps or components are included. These terms are not to be interpreted to exclude the presence of other features, steps or components. </p><p id="p0091" num="0091"> As used herein, the term "exemplary" means "serving as an example, instance, or illustration," and should not be construed as preferred or advantageous over other configurations disclosed herein. </p><p id="p0092" num="0092"> As used herein, the terms "about" and "approximately" are meant to cover variations that may exist in the upper and lower limits of the ranges of values, such as variations in properties, parameters, and dimensions. In one non-limiting example, the terms "about" and "approximately" mean plus or minus 10 percent or less. </p><p id="p0093" num="0093"> As used herein, the term "substantially" refers to the complete or nearly complete extent or degree of an action, characteristic, property, state, structure, item, or result. For example, an object that is "substantially" enclosed would mean that the object is either completely enclosed or nearly completely enclosed. The exact allowable degree of deviation from absolute completeness may in some cases depend on the specific context. However, generally speaking the nearness of completion will be so as to have the same overall result as if absolute and total completion were obtained. The use of "substantially" is equally applicable when used in a negative connotation to refer to the complete or near complete lack 
<!-- EPO <DP n="19"/>-->
 of an action, characteristic, property, state, structure, item, or result. </p><p id="p0094" num="0094"> Unless defined otherwise, all technical and scientific terms used herein are intended to have the same meaning as commonly understood to one of ordinary skill in the art. 
</p></description><claims mxw-id="PCLM70078887" ref-ucid="WO-2014127485-A1" lang="EN" load-source="patent-office"><claim-statement><!-- EPO <DP n="20"/>-->WHAT IS CLAIMED IS: </claim-statement><claim id="clm-0001" num="1"><claim-text>1 . A container for flowable material configured to be installed in a counter below an access hole, the container comprising: </claim-text><claim-text> a first deformable portion defining a first cavity, having flowable material therein and having a sealable first cavity inlet and the first cavity inlet being sealed; </claim-text><claim-text> a second deformable portion defining a second cavity in flow </claim-text><claim-text>communication with the first cavity; </claim-text><claim-text> the second deformable portion configured to deform to fit through the access hole when substantially no flowable material is therein; and </claim-text><claim-text> the first deformable portion is configured to deform to fit into the access hole when substantially all of the flowable material has been urged into the second deformable portion. </claim-text></claim><claim id="clm-0002" num="2"><claim-text>2. The container as claimed in claim 1 further including a means for releasably inhibiting flow from the first cavity to the second cavity. </claim-text></claim><claim id="clm-0003" num="3"><claim-text>3. The container as claimed in claim 1 further including a neck portion between the first deformable portion and the second deformable portion. </claim-text></claim><claim id="clm-0004" num="4"><claim-text>4. The container as claimed in claim 3 further including a removable clip 
<!-- EPO <DP n="21"/>-->
 configured to engage the neck portion and to inhibit flow from the first cavity to the second cavity when engaged on the neck portion and the removable clip is a means for inhibiting flow from the first cavity to the second cavity. </claim-text></claim><claim id="clm-0005" num="5"><claim-text>5. The container as claimed in any one of claims 1 to 4 wherein the sealable first cavity inlet is sealed with a pump. </claim-text></claim><claim id="clm-0006" num="6"><claim-text>6. The container as claimed in claim 5 wherein the pump includes a dip tube. </claim-text></claim><claim id="clm-0007" num="7"><claim-text>7. The container as claimed in any one of claims 1 to 4 further including a seal affixed to the sealable first cavity inlet. </claim-text></claim><claim id="clm-0008" num="8"><claim-text>8. The container as claimed in claim 7 further including a pump having a dip tube and the pump is connectable to the sealable first cavity inlet whereby the dip tube extends through the first deformable portion into the second deformable portion. </claim-text></claim><claim id="clm-0009" num="9"><claim-text>9. The container as claimed in claim 8 wherein the seal is removable prior to connecting the pump. </claim-text></claim><claim id="clm-0010" num="10"><claim-text>10. The container as claimed in claim 8 or 9 wherein the dip tube is insertable through the seal. </claim-text></claim><claim id="clm-0011" num="11"><claim-text>1 1 . The container as claimed in any one of claims 1 to 4 wherein the first 
<!-- EPO <DP n="22"/>-->
 deformable portion is detachable from the second deformable portion. </claim-text></claim><claim id="clm-0012" num="12"><claim-text>12. The container as claimed in claim 1 wherein the first deformable portion includes a first neck portion and the second deformable portion has a second neck portion and the first neck portion and the second neck portion are releasably connectable together. </claim-text></claim><claim id="clm-0013" num="13"><claim-text>13. The container as claimed in claim 12 wherein the first neck portion and the second neck portion are connected with one of a press fit neck joint, a tear off neck joint and a threaded neck joint. </claim-text></claim><claim id="clm-0014" num="14"><claim-text>14. The container as claimed in any one of claims 5, 6, and 8 to 10 wherein the pump is configured to be engaged by a dispenser. </claim-text></claim><claim id="clm-0015" num="15"><claim-text>15. The container as claimed in any one of claims 1 to 14 further including a box for transporting the container. </claim-text></claim><claim id="clm-0016" num="16"><claim-text>16. The container as claimed in claim 15 wherein the box includes a removable portion. </claim-text></claim><claim id="clm-0017" num="17"><claim-text>17. The container as claimed in any one of claims 1 to 16 wherein the second deformable portion is wound into a tube and the tube serves as a means for inhibiting flow from the first cavity to the second cavity. 
<!-- EPO <DP n="23"/>-->
</claim-text></claim><claim id="clm-0018" num="18"><claim-text>18. The container as claimed in claim 17 wherein the tube is folded so that the tube rests against the first deformable portion. </claim-text></claim><claim id="clm-0019" num="19"><claim-text>19. The container as claimed in any one of claims 1 to 18 wherein the first deformable portion and the second deformable portion are resiliently deformable. </claim-text></claim><claim id="clm-0020" num="20"><claim-text>20. The container as claimed in any one of claims 1 to 19 wherein the first deformable portion and the second deformable portion are manufactured from one of BOPP (biaxially oriented polypropylene), BON (biaxially oriented nylon), CA (cellulose acetate), CTFE (chlorotrifluoroethylene), EAA (ethylene acrylic acid), EEA (ethylene-ethyl acrylate), EMA (ethylene-methyl acrylate), EVA (ethylene-vinyl acetate), EVOH (ethylene-vinyl alcohol), HIPS (high impact polystyrene), LDPE (low-density polyethylene), LLDPE (linear low-density polyethylene), mPE (metallocene polyethylene) OPP (oriented polypropylene), PA (polyamide), PAN (polyacrylonitrile), PB (polybutylene),PE (polyethylene), PET (poly(ethylene terephthalate)), PETG (poly(ethylene terephthalate) glycol), PLA (poly(lactic acid)), PP (polypropylene), PS (polystyrene), PTFE </claim-text><claim-text>(polytetrafluoroethylene), PUR (polyurethane), PVC (polyvinyl chloride)), and PVDC (poly(vinylidene chloride)). </claim-text></claim><claim id="clm-0021" num="21"><claim-text>21 . The container as claimed in any one of claims 1 to 19 wherein the first deformable portion and the second deformable portion are manufactured from 
<!-- EPO <DP n="24"/>-->
 one of latex, silicone rubber, polyisoprene and mylar. </claim-text></claim><claim id="clm-0022" num="22"><claim-text>22. The container as claimed in any one of claims 1 to 21 further including a cage configured to be attached to the counter below the access hole. </claim-text></claim><claim id="clm-0023" num="23"><claim-text>23. The container as claimed in claim 22 wherein the cage configured to be attached to the counter includes a lower portion removably attached to an upper portion. </claim-text></claim><claim id="clm-0024" num="24"><claim-text>24. A method of installing a container of flowable material in a counter below an access hole, the container having a first deformable portion having flowable material therein in flow communication with a second deformable portion, the method comprising: feeding the second deformable portion having substantially no flowable material therein through the access hole; </claim-text><claim-text> urging the flowable material in the first deformable portion into the second deformable portion; </claim-text><claim-text> feeding the first deformable portion having substantially no flowable material therein into the access hole; and </claim-text><claim-text> positioning a pump in the access hole whereby the pump is in flow communication with the container. 
<!-- EPO <DP n="25"/>-->
</claim-text></claim><claim id="clm-0025" num="25"><claim-text>25. The method as claimed in claim 24 wherein the pump is attached to the first deformable portion prior to feeding the second deformable portion through the access hole. </claim-text></claim><claim id="clm-0026" num="26"><claim-text>26. The method as claimed in claim 24 further including attaching a dispenser to the pump. </claim-text></claim><claim id="clm-0027" num="27"><claim-text>27. The method as claimed in claim 24 wherein the first deformable portion has a first cavity inlet and a seal attached thereto and the method further including removing the seal before positioning the pump. </claim-text></claim><claim id="clm-0028" num="28"><claim-text>28. The method as claimed in claim 24 wherein the first deformable portion has a first cavity inlet and a seal attached thereto and the method further including piercing the seal with the pump before positioning the pump. </claim-text></claim><claim id="clm-0029" num="29"><claim-text>29. The method as claimed in claim 24 wherein the container further includes a box and the box includes a removable portion, and the method further including removing the removable portion of the box; removing the first deformable portion from the box; squeezing the box to urge the flowable material in the first deformable portion into the second deformable portion; and removing the box. 
</claim-text></claim></claims><copyright>User acknowledges that Fairview Research LLC and its third party providers retain all right, title and interest in and to this xml under applicable copyright laws.  User acquires no ownership rights to this xml including but not limited to its format.  User hereby accepts the terms and conditions of the Licence Agreement</copyright></patent-document>
