<?xml version="1.0" encoding="UTF-8"?>
<patent-document ucid="EP-2678223-A1" country="EP" doc-number="2678223" kind="A1" date="20140101" family-id="45531852" file-reference-id="318300" date-produced="20180826" status="corrected" lang="DE"><bibliographic-data><publication-reference fvid="146551322" ucid="EP-2678223-A1"><document-id><country>EP</country><doc-number>2678223</doc-number><kind>A1</kind><date>20140101</date><lang>DE</lang></document-id></publication-reference><application-reference ucid="EP-12701227-A" is-representative="NO"><document-id mxw-id="PAPP154825245" load-source="docdb" format="epo"><country>EP</country><doc-number>12701227</doc-number><kind>A</kind><date>20120125</date><lang>DE</lang></document-id><document-id mxw-id="PAPP220438372" load-source="docdb" format="original"><country>EP</country><doc-number>12701227.6</doc-number><date>20120125</date></document-id></application-reference><priority-claims><priority-claim mxw-id="PPC140451666" ucid="DE-102011011961-A" load-source="docdb"><document-id format="epo"><country>DE</country><doc-number>102011011961</doc-number><kind>A</kind><date>20110222</date></document-id></priority-claim><priority-claim mxw-id="PPC140453071" ucid="EP-2012000314-W" linkage-type="W" load-source="docdb"><document-id format="epo"><country>EP</country><doc-number>2012000314</doc-number><kind>W</kind><date>20120125</date></document-id></priority-claim></priority-claims><technical-data><classifications-ipcr><classification-ipcr mxw-id="PCL1988136774" load-source="docdb">B64D  11/04        20060101AFI20120910BHEP        </classification-ipcr></classifications-ipcr><classifications-cpc><classification-cpc mxw-id="PCL-1846796892" load-source="docdb" scheme="CPC">Y10T  29/49826     20130101 LA20170216BHEP        </classification-cpc><classification-cpc mxw-id="PCL2007295804" load-source="docdb" scheme="CPC">B64D  11/04        20130101 FI20140207BHEP        </classification-cpc></classifications-cpc><invention-title mxw-id="PT132186450" lang="DE" load-source="patent-office">MODULARE BORDKÜCHE, INSBESONDERE FLUGZEUGBORDKÜCHE, UND VERFAHREN ZUR MONTAGE</invention-title><invention-title mxw-id="PT132186451" lang="EN" load-source="patent-office">MODULAR ON-BOARD GALLEY, IN PARTICULAR AIRCRAFT GALLEY, AND METHOD FOR ASSEMBLY</invention-title><invention-title mxw-id="PT132186452" lang="FR" load-source="patent-office">CUISINE DE BORD MODULAIRE, EN PARTICULIER CUISINE DE BORD D'UN AÉRONEF, ET PROCÉDÉ DE MONTAGE DE LADITE CUISINE</invention-title></technical-data><parties><applicants><applicant mxw-id="PPAR918173141" load-source="docdb" sequence="1" format="epo"><addressbook><last-name>SELL GMBH</last-name><address><country>DE</country></address></addressbook></applicant><applicant mxw-id="PPAR918150133" load-source="docdb" sequence="1" format="intermediate"><addressbook><last-name>SELL GMBH</last-name></addressbook></applicant><applicant mxw-id="PPAR918982816" load-source="patent-office" sequence="1" format="original"><addressbook><last-name>Sell Gmbh</last-name><iid>101025794</iid><address><street>Dr.-Siegfried-Strasse</street><city>35745 Herborn</city><country>DE</country></address></addressbook></applicant></applicants><inventors><inventor mxw-id="PPAR918132014" load-source="docdb" sequence="1" format="epo"><addressbook><last-name>SAELTZER STEFFEN</last-name><address><country>DE</country></address></addressbook></inventor><inventor mxw-id="PPAR918146675" load-source="docdb" sequence="1" format="intermediate"><addressbook><last-name>SAELTZER, STEFFEN</last-name></addressbook></inventor><inventor mxw-id="PPAR918987535" load-source="patent-office" sequence="1" format="original"><addressbook><last-name>SÄLTZER, Steffen</last-name><address><street>Mozartstrasse 1</street><city>35756 Mittenaar</city><country>DE</country></address></addressbook></inventor><inventor mxw-id="PPAR918173630" load-source="docdb" sequence="2" format="epo"><addressbook><last-name>CLAAS ANDREAS</last-name><address><country>DE</country></address></addressbook></inventor><inventor mxw-id="PPAR918169295" load-source="docdb" sequence="2" format="intermediate"><addressbook><last-name>CLAAS, ANDREAS</last-name></addressbook></inventor><inventor mxw-id="PPAR918985820" load-source="patent-office" sequence="2" format="original"><addressbook><last-name>CLAAS, ANDREAS</last-name><address><street>Im Forstgrund 2</street><city>35745 Herbornseelbach</city><country>DE</country></address></addressbook></inventor></inventors><agents><agent mxw-id="PPAR918986705" load-source="patent-office" sequence="1" format="original"><addressbook><last-name>Grosse, Wolf-Dietrich Rüdiger</last-name><suffix>et al</suffix><iid>101231384</iid><address><street>Valentin, Gihske, Grosse, Klüppel, Kross Patentanwälte Hammerstrasse 3</street><city>57072 Siegen</city><country>DE</country></address></addressbook></agent></agents></parties><international-convention-data><pct-or-regional-filing-data ucid="EP-2012000314-W"><document-id><country>EP</country><doc-number>2012000314</doc-number><kind>W</kind><date>20120125</date><lang>DE</lang></document-id></pct-or-regional-filing-data><pct-or-regional-publishing-data ucid="WO-2012113499-A1"><document-id><country>WO</country><doc-number>2012113499</doc-number><kind>A1</kind><date>20120830</date><lang>DE</lang></document-id></pct-or-regional-publishing-data><designated-states><ep-contracting-states><country mxw-id="DS548837708" load-source="docdb">AL</country><country mxw-id="DS548935113" load-source="docdb">AT</country><country mxw-id="DS548837709" load-source="docdb">BE</country><country mxw-id="DS548866058" load-source="docdb">BG</country><country mxw-id="DS548930023" load-source="docdb">CH</country><country mxw-id="DS548927397" load-source="docdb">CY</country><country mxw-id="DS548935114" load-source="docdb">CZ</country><country mxw-id="DS548931651" load-source="docdb">DE</country><country mxw-id="DS548837710" load-source="docdb">DK</country><country mxw-id="DS548927398" load-source="docdb">EE</country><country mxw-id="DS548915127" load-source="docdb">ES</country><country mxw-id="DS548866059" load-source="docdb">FI</country><country mxw-id="DS548866060" load-source="docdb">FR</country><country mxw-id="DS548931652" load-source="docdb">GB</country><country mxw-id="DS548837711" load-source="docdb">GR</country><country mxw-id="DS548837712" load-source="docdb">HR</country><country mxw-id="DS548927399" load-source="docdb">HU</country><country mxw-id="DS548930024" load-source="docdb">IE</country><country mxw-id="DS548837713" load-source="docdb">IS</country><country mxw-id="DS548866061" load-source="docdb">IT</country><country mxw-id="DS548927400" load-source="docdb">LI</country><country mxw-id="DS548931653" load-source="docdb">LT</country><country mxw-id="DS548935115" load-source="docdb">LU</country><country mxw-id="DS548931654" load-source="docdb">LV</country><country mxw-id="DS548931655" load-source="docdb">MC</country><country mxw-id="DS548816306" load-source="docdb">MK</country><country mxw-id="DS548816307" load-source="docdb">MT</country><country mxw-id="DS548935116" load-source="docdb">NL</country><country mxw-id="DS548837714" load-source="docdb">NO</country><country mxw-id="DS548935117" load-source="docdb">PL</country><country mxw-id="DS548837715" load-source="docdb">PT</country><country mxw-id="DS548935118" load-source="docdb">RO</country><country mxw-id="DS548837716" load-source="docdb">RS</country><country mxw-id="DS548935119" load-source="docdb">SE</country><country mxw-id="DS548931656" load-source="docdb">SI</country><country mxw-id="DS548927401" load-source="docdb">SK</country><country mxw-id="DS548927402" load-source="docdb">SM</country><country mxw-id="DS548816308" load-source="docdb">TR</country></ep-contracting-states></designated-states></international-convention-data><office-specific-data><eptags><ep-no-a-document-published>*</ep-no-a-document-published></eptags></office-specific-data></bibliographic-data><abstract mxw-id="PA99626283" ref-ucid="WO-2012113499-A1" lang="DE" load-source="patent-office"><p num="0000">Die Erfindung betrifft eine modulare Bordküche, insbesondere Flugzeugbordküche (11), und ein Verfahren zur Montage einer solchen Küche, die als Nutzbereiche ein Grundelement und mindestens ein Aufbauelement, unterteilt in Fächer zur Aufnahme von Einschüben und Geräten, umfasst, die mit mechanischen Anschlüssen zur Verbindung der Elemente und mit Einbauten oder Geräten sowie elektrischen und elektronischen Geräte-Anschlussmitteln und Geräteversorgungsleitungen ausgebildet sind. Es soll eine solche modulare Bordküche geschaffen werden, die nicht nur einen variablen Aufbau bietet, sondern in einfacher Weise mit vormontierten, in ihren Abmessungen gleichwohl kompakten, raumsparenden block- bzw. gehäuseartigen An- und Aufbauten eine Komplettmontage der Küche ermöglicht, insbesondere in einem voll mit Sitzen, Schränken und Bordtoiletten ausgestatteten Flugzeug, ohne diese eingebauten Teil vorher ausbauen zu müssen. Hierzu ist ein von der Küchenbedienseite (7) her gesehen rückwärtig angeordnetes Zentralelement (2) zur seitlichen sowie nach vorne und hinten vorspringenden Umbauung und hochragenden Überbauung mit sukzessive anzubauenden einzelnen gehäuseartigen Nutzanbauten ausgebildet, wobei das Zentralelement (2) eine Horizontalebenen-Trennstelle (H) und sowohl in Längs- als auch in Querrichtung verlaufende Vertikalebenen-Trennstellen (LL, LQ) aufweist.</p></abstract><abstract mxw-id="PA99824802" ref-ucid="WO-2012113499-A1" lang="DE" source="national office" load-source="docdb"><p>Die Erfindung betrifft eine modulare Bordküche, insbesondere Flugzeugbordküche (11), und ein Verfahren zur Montage einer solchen Küche, die als Nutzbereiche ein Grundelement und mindestens ein Aufbauelement, unterteilt in Fächer zur Aufnahme von Einschüben und Geräten, umfasst, die mit mechanischen Anschlüssen zur Verbindung der Elemente und mit Einbauten oder Geräten sowie elektrischen und elektronischen Geräte-Anschlussmitteln und Geräteversorgungsleitungen ausgebildet sind. Es soll eine solche modulare Bordküche geschaffen werden, die nicht nur einen variablen Aufbau bietet, sondern in einfacher Weise mit vormontierten, in ihren Abmessungen gleichwohl kompakten, raumsparenden block- bzw. gehäuseartigen An- und Aufbauten eine Komplettmontage der Küche ermöglicht, insbesondere in einem voll mit Sitzen, Schränken und Bordtoiletten ausgestatteten Flugzeug, ohne diese eingebauten Teil vorher ausbauen zu müssen. Hierzu ist ein von der Küchenbedienseite (7) her gesehen rückwärtig angeordnetes Zentralelement (2) zur seitlichen sowie nach vorne und hinten vorspringenden Umbauung und hochragenden Überbauung mit sukzessive anzubauenden einzelnen gehäuseartigen Nutzanbauten ausgebildet, wobei das Zentralelement (2) eine Horizontalebenen-Trennstelle (H) und sowohl in Längs- als auch in Querrichtung verlaufende Vertikalebenen-Trennstellen (LL, LQ) aufweist.</p></abstract><abstract mxw-id="PA99626284" ref-ucid="WO-2012113499-A1" lang="EN" load-source="patent-office"><p num="0000">The invention relates to a modular on-board galley, in particular an aircraft galley (11), and to a method for assembling a galley of this kind which comprises, as areas of use, a main element and at least one add-on element divided into compartments for accommodating drawers and devices, which compartments are designed with mechanical connections for connecting the elements and inserts or devices and electrical and electronic device connection means and device supply lines. The intention is to provide a modular on-board galley of this kind which can not only be designed in a variable manner but also allows the galley to be completed in a simple manner with preassembled space-saving block- and housing-like fittings and add-ons of which the dimensions are nevertheless compact, in particular in an aircraft which is fully equipped with seats, cabinets and on-board toilets, without these installed parts having to be removed beforehand. To this end, a central element (2) which is arranged to the rear as seen from the operating side (7) of the galley is formed with individual housing-like useful fittings which are to be fitted in succession for the purpose of providing lateral surrounding structures and surrounding structures which project to the front and rear and vertically projecting upper structures, wherein the central element (2) has a horizontal-plane separating point (H), and vertical-plane separating points (LL, LQ) which run both in the longitudinal direction and in the transverse direction.</p></abstract><abstract mxw-id="PA99824803" ref-ucid="WO-2012113499-A1" lang="EN" source="national office" load-source="docdb"><p>The invention relates to a modular on-board galley, in particular an aircraft galley (11), and to a method for assembling a galley of this kind which comprises, as areas of use, a main element and at least one add-on element divided into compartments for accommodating drawers and devices, which compartments are designed with mechanical connections for connecting the elements and inserts or devices and electrical and electronic device connection means and device supply lines. The intention is to provide a modular on-board galley of this kind which can not only be designed in a variable manner but also allows the galley to be completed in a simple manner with preassembled space-saving block- and housing-like fittings and add-ons of which the dimensions are nevertheless compact, in particular in an aircraft which is fully equipped with seats, cabinets and on-board toilets, without these installed parts having to be removed beforehand. To this end, a central element (2) which is arranged to the rear as seen from the operating side (7) of the galley is formed with individual housing-like useful fittings which are to be fitted in succession for the purpose of providing lateral surrounding structures and surrounding structures which project to the front and rear and vertically projecting upper structures, wherein the central element (2) has a horizontal-plane separating point (H), and vertical-plane separating points (LL, LQ) which run both in the longitudinal direction and in the transverse direction.</p></abstract><abstract mxw-id="PA99626285" ref-ucid="WO-2012113499-A1" lang="FR" load-source="patent-office"><p num="0000">L'invention concerne une cuisine de bord modulaire, en particulier une cuisine de bord d'un aéronef (11), et un procédé de montage d'une telle cuisine, qui comprend en tant que zones utiles un élément de base et au moins un élément de montage, divisé en compartiments destinés à loger des tiroirs et des appareils, lesquels éléments présentent des raccords mécaniques pour relier les éléments et des éléments encastrés ou des appareils ainsi que des moyens de connexion électriques et électroniques des appareils et des câbles d'alimentation des appareils. L'invention vise à mettre au point une cuisine de bord modulaire qui présente non seulement une structure variable mais qui permette également un montage complet de la cuisine, de manière simple, à l'aide d'accessoires et d'éléments encastrés de type bloc ou boîtier prémontés, qui présentent des dimensions malgré tout compactes et qui soient peu encombrants, en particulier dans un aéronef entièrement équipé de sièges, de coffres et de toilettes, sans qu'il soit nécessaire de démonter au préalable ces éléments déjà montés. A cet effet, un élément central (2) agencé vers l'arrière vu depuis le côté d'utilisation de la cuisine (7) présente des accessoires utiles du type boîtier individuels destinés à être ajoutés successivement pour modifier la structure en saillie latéralement ainsi que vers l'avant et l'arrière et la surélever en hauteur, l'élément central (2) présentant un point de séparation sur le plan horizontal (H) et des points de séparation sur le plan vertical (LL, LQ) s'étendant aussi bien dans la direction longitudinale que transversale.</p></abstract><abstract mxw-id="PA99824804" ref-ucid="WO-2012113499-A1" lang="FR" source="national office" load-source="docdb"><p>L'invention concerne une cuisine de bord modulaire, en particulier une cuisine de bord d'un aéronef (11), et un procédé de montage d'une telle cuisine, qui comprend en tant que zones utiles un élément de base et au moins un élément de montage, divisé en compartiments destinés à loger des tiroirs et des appareils, lesquels éléments présentent des raccords mécaniques pour relier les éléments et des éléments encastrés ou des appareils ainsi que des moyens de connexion électriques et électroniques des appareils et des câbles d'alimentation des appareils. L'invention vise à mettre au point une cuisine de bord modulaire qui présente non seulement une structure variable mais qui permette également un montage complet de la cuisine, de manière simple, à l'aide d'accessoires et d'éléments encastrés de type bloc ou boîtier prémontés, qui présentent des dimensions malgré tout compactes et qui soient peu encombrants, en particulier dans un aéronef entièrement équipé de sièges, de coffres et de toilettes, sans qu'il soit nécessaire de démonter au préalable ces éléments déjà montés. A cet effet, un élément central (2) agencé vers l'arrière vu depuis le côté d'utilisation de la cuisine (7) présente des accessoires utiles du type boîtier individuels destinés à être ajoutés successivement pour modifier la structure en saillie latéralement ainsi que vers l'avant et l'arrière et la surélever en hauteur, l'élément central (2) présentant un point de séparation sur le plan horizontal (H) et des points de séparation sur le plan vertical (LL, LQ) s'étendant aussi bien dans la direction longitudinale que transversale.</p></abstract><description mxw-id="PDES50931574" ref-ucid="WO-2012113499-A1" lang="DE" load-source="patent-office"><!-- EPO <DP n="3"/>--><p id="p0001" num="0001"> Modulare Bordküche, insbesondere Flugzeugbordküche, und Verfahren zur Montage </p><p id="p0002" num="0002">Die Erfindung betrifft eine modulare Bordküche, insbesondere Flugzeugbordküche, die als Nutzbereiche ein Grundelement und mindestens ein Aufbauelement, unterteilt in Fächer zur Aufnahme von Einschüben und Geräten, umfasst, die mit mechanischen Anschlüssen zur Verbindung der Elemente und mit Einbauten oder Geräten sowie elektrischen und elektronischen Geräte-Anschlussmitteln und Geräteversorgungsleitungen ausgebildet sind. Desweiteren betrifft die Erfindung ein Verfahren zur Montage einer modularen Bordküche. </p><p id="p0003" num="0003">Eine solche modulare Bordküche ist durch die DE 10 2006 023 047B4 bekannt geworden. Sie setzt sich aus mehreren vertikalen sowie horizontalen Strukturelementen und durch diese gebildeten Nutzbereichen zur Aufnahme von Einschüben, Einbauten oder Geräten zusammen. Erste Strukturelemente bilden ein Grundelement mit Anschlusselementen zum mechanischen Anschluss von zweiten Strukturelementen, Anbauten, Einbauten, Geräten und/oder Einschüben, die variabel sind, und an dem Schnittstellen zur Versorgung von in der Bordküche unterzubringenden Geräten vorgesehen sind. </p><p id="p0004" num="0004">Die so geschaffenen Nutzbereiche sind an zwei einander gegenüber liegenden Seiten geschlossen und zur Aufnahme von Einschüben, Geräten oder Einbauten von der Frontseite her zugänglich bzw. bedienbar. Auf dem ersten Strukturelement bzw. Grundelement befindet sich ein in Fächer unter- bzw. aufteilbares Aufbauelement. Die integrierten Anschlusselemente dienen zum mechanischen Anschluss von Einbauten oder Geräten und die Schnittstellen zur Versorgung von 
<!-- EPO <DP n="4"/>-->
 Geräten mit Elektrizität oder Wasser oder zur Übertragung von Daten und Informationen oder für eine andersartige Ver- oder Entsorgung. </p><p id="p0005" num="0005">Diese bekannte Bordküche ermöglicht zwar einen variablen Aufbau und eine Austauschbarkeit der Anbauten, Einbauten, Geräte und/oder Einschübe gegeneinander, nimmt für diese Variabilität jedoch in Kauf, dass eine außerordentlich große Anzahl von vertikalen und horizontalen Strukturelementen erforderlich ist. </p><p id="p0006" num="0006">Der Erfindung liegt daher die Aufgabe zugrunde, eine modulare Bordküche der eingangs genannten Art zu schaffen, die nicht nur einen variablen Aufbaut bietet, sondern in einfacher Weise mit vormontierten, in ihren Abmessungen gleichwohl kompakten, raumsparenden block- bzw. gehäuseartigen An- und Aufbauten eine Komplettmontage der Küche ermöglicht, insbesondere in einem voll mit Sitzen, Schränken und Bordtoiletten ausgestatteten Flugzeug, ohne diese eingebauten Teile vorher ausbauen zu müssen. Weiterhin liegt der Erfindung die Aufgabe zugrunde, ein Verfahren zur Montage einer modularen Bordküche zu schaffen. </p><p id="p0007" num="0007">Diese Aufgabe wird erfindungsgemäß dadurch gelöst, dass ein von der Küchen- bedienseite her gesehen rückwärtig angeordnetes Zentralelement zur seitlichen sowie nach vorne und hinten vorspringenden Umbauung und hochragenden Überbauung mit sukzessive anzubauenden einzelnen gehäuseartigen Nutzanbauten ausgebildet ist, wobei das Zentralelement eine Horizontalebenen-Trennstelle und sowohl in Längs- als auch in Querrichtung verlaufende Vertikalebenen- Trennstellen aufweist. Das Zentralelement, das vorzugsweise eine von einer Rückwand ausgehend nach vorne, zur Küchenbedienseite hin offene, U-förmige Kastenstruktur mit vertikalen Außenwänden und eine Deckenwand besitzt, erlaubt durch das Konzept mit mehreren Trennstellen eine Verbesserung der Montagefolge durch blockartige, das Zentralelement nach vorne, hinten, oben und seitlich erweiternden Ergänzungsanbauten. Deren Abmessungen können sich so festlegen lassen, dass die Bauteile zur Endmontage als Einzelteile auch durch eine im 
<!-- EPO <DP n="5"/>-->
 Flugzeugrumpf weiter hinten positionierte und somit entsprechend schmalere Tür ohne weiteres in das Flugzeuginnere geschafft werden können. </p><p id="p0008" num="0008">Eine bevorzugte Ausführung der Erfindung sieht vor, dass in der Rückwand des Zentralelementes eine Wartungsklappe ausgebildet ist. Da das Trennstellenkonzept des Zentralelementes den Um- und Überbau ohne Beeinträchtigung der Rückwand ermöglicht, die nach hinten hin frei bleibt und nicht zugebaut wird, kann das Personal notwendige Wartungsarbeiten hinter der Bordküche durchführen, ohne diese verschieben zu müssen. </p><p id="p0009" num="0009">Nach einer vorteilhaften Ausgestaltung der Erfindung sind am oberen Ende der Rückwand in Flucht mit der Deckenwand verlaufend nach hinten vorragende Stützstreben vorgesehen. Auf diese können somit die blockartigen Aufbauten aufgesetzt werden, die das Zentralelement nach hinten und oben erweitern, ohne dabei die Rückwand zu versperren. </p><p id="p0010" num="0010">Ein anderer Vorschlag sieht vor, dass erfindungsgemäß ein nach vorne an das Zentralelement mit Abstützung auf dem Fußboden durch seitliche Begrenzungswände angesetzter Nutzunteranbau durch vertikale Trennwände unterteilt ist. In die somit einzelnen Fächer des Nutzunteranbaus können Einschübe oder dergleichen mit Rollen auf dem Fußboden laufend beliebig eingebracht werden. </p><p id="p0011" num="0011">Ein Verfahren zur Montage einer modularen Bordküche nach der Erfindung sieht vor, dass das Zentralelement sukzessive wie folgt um- und überbaut werden kann: </p><p id="p0012" num="0012">- Ansetzen eines Nutzunteranbaus an die Vertikalebenen-Trennstelle in Längsrichtung des Zentralelementes und Verbinden des Nutzunteranbaus mit dem Zentralelement, wobei der Nutzunteranbau mit einer oberen Abschlussplatte bündig an die Vorderkante der Deckenwand des Zentralelementes anschließt und mit das Zentralelement in Längsrich- 
<!-- EPO <DP n="6"/>-->
 tung beidseitig überkragenden, oben von der Abschlussplatte überdeckten Fachanbauten ausgebildet ist, </p><p id="p0013" num="0013">- Aufsetzen eines Hochfachnutzanbaus auf die Horizontalebenen- Trennstelle des Zentralelementes mit Auflage auf dessen Stützstreben und Verbinden des Hochfachnutzanbaus mit dem Zentralelement, </p><p id="p0014" num="0014">- Aufsetzen eines ersten und eines zweiten, dem Hochfachnutzanbau zur Küchenbedienseite hin vorgelagerten, jeweils an einer Außenseite mit die überkragenden Fachanbauten nach oben ergänzenden Seitenfach- anbauten ausgebildeten Hochfachvorbaus auf die Abschlussplatte und Verbinden mit der Abschlussplatte, </p><p id="p0015" num="0015">- Einfassen der Um- und Überbauten an der Küchenbedienseite mit einem deren Konturverlauf angepassten Blendrahmen. </p><p id="p0016" num="0016">Damit lässt sich eine völlig autonome Montage sowie Wartung und auch Umrüstung der modularen Bordküche erreichen, ohne dass Flugzeugausstattungen wie Sitze, Bordtoiletten oder Schränke zur Schaffung freier Bauräume zuvor ausgebaut werden müssen. </p><p id="p0017" num="0017">Es versteht sich, dass in die fertig montierte, mit allen erforderlichen Anschlüssen ausgerüstete Bordküche dann die Einschübe, Geräte oder dergleichen integriert werden. </p><p id="p0018" num="0018">Weitere Merkmale und Einzelheiten der Erfindung ergeben sich aus den Ansprüchen und der nachfolgenden Beschreibung eines in den Zeichnungen dargestellten Ausführungsbeispiels der Erfindung. Es zeigen: </p><p id="p0019" num="0019">Fig. 1 als Einzelheit einer modularen Flugzeugbordküche in einer perspektivischen Gesamtansicht ein eine U-förmige Kastenstruktur besitzendes Zent- 
<!-- EPO <DP n="7"/>-->
 ralelement, von der nach vorne, zur Bedien- bzw. Frontseite der Küche hin offenen Seite gesehen; </p><p id="p0020" num="0020">Fig. 2 in einer perspektivischen Gesamtansicht das Zentralelement der Fig. 1 mit nach vorne montiertem Nutzunteranbau; </p><p id="p0021" num="0021">Fig. 3 in einer perspektivischen Gesamtansicht die durch einen Hochfachnutzanbau ergänzten Bauteile der Fig. 2; </p><p id="p0022" num="0022">Fig. 4 in einer perspektivischen Gesamtansicht die durch einen Hochfachvorbau mit Seitenfachanbau ergänzten Bauteile der Fig. 3; </p><p id="p0023" num="0023">Fig. 5 in einer perspektivischen Gesamtansicht die durch einen weiteren Hochfachvorbau mit Seitenfachanbau ergänzten Bauteile der Fig. 4; </p><p id="p0024" num="0024">Fig. 6 in einer perspektivischen Gesamtansicht die Bauteile der Fig. 5 mit Unterteilung des Nutzunteranbaus durch vertikale Trennwände: und </p><p id="p0025" num="0025">Fig. 7 in einer perspektivischen Gesamtansicht die vorne durch einen Blendrahmen komplettierten Bauteile der Fig. 6. </p><p id="p0026" num="0026">Eine in Fig. 7 als Gesamtheit nach der Fertigmontage ohne Einschübe, Geräte oder dergleichen dargestellte modulare Flugzeugbordküche 1 beruht als Ausgangsbauteil auf einem eine U-förmige Kastenstruktur aufweisenden, in Fig. 1 dargestellten Zentralelement 2. Dieses besitzt vertikale Außen- bzw. Begrenzungswände 3a, 3b, eine Deckenwand 4 sowie eine Rückwand 5 mit darin ausgebildeter Wartungsklappe 6, wobei das Zentralelement 2 nach vorne, zur Küchen- bedienseite 7 (vgl. Fig. 7) hin offen ist und sich mit seinen Außenwänden 3a, 3b und der Rückwand 5 auf dem Fußboden abstützt. 
<!-- EPO <DP n="8"/>-->
 Zur Umbauung und hochragenden Überbauung mit einzelnen block- bzw. gehäuseartigen seitlichen sowie nach vorne und hinten vorspringenden, nachfolgend noch erläuterten Nutzanbauten, stellt das Zentralelement 2 durch die Oberfläche der Deckenwand 4 in Richtung des skizzierten Doppelpfeils eine Horizontalebenen-Trennstelle H und mit den außenliegenden Oberflächen der Außenwände 3a, 3b sowie einerseits der Vorderkante 8 der Trennwand 4 und andererseits den Vorderkanten 3 c der Außenwände 3a, 3b gemäß den skizzierten Pfeilen sowohl in seiner Längsrichtung als auch Querrichtung verlaufende Vertikalebenen- Trennstellen LL bzw. LQ bereit. Zur nach hinten orientierten Überbauung weist das Zentralelement 2 außerdem am oberen Ende der Rückwand 5 in Flucht mit der Deckenwand 4 verlaufend nach hinten vorragende Stützstreben 9 auf. </p><p id="p0027" num="0027">Der Fig. 2 ist ein an das nach vorne, zur Küchenbedienseite 7 hin offene Ende an die in Längsrichtung des Zentralelementes 2 verlaufende Vertikalebenen- Trennstelle LL angesetzter, durch nicht näher gezeigte Anschlussmittel mit dem Zentralelement 2 verbundener Nutzunteranbau 10 zu entnehmen. Dieser besteht hier aus zwei äußeren Begrenzungswänden 11 a, 11 b und seitlich ausladenden, in Längsrichtung das Zentralelement 2 überkragenden Fachanbauten 12a, 12b und einer kopfseitigen, die Begrenzungswände 11a, 11 b mit Überdeckung gleichzeitig der Fachanbauten 12a, 12b überbrückenden, bündig an die Vorderkante 8 der Deckenwand 4 des Zentralelementes 2 anschließenden Abschlussplatte 13. </p><p id="p0028" num="0028">Nach Fig. 3 ist die Baugruppe der Fig. 2 durch ein auf die Horizontalebenen- Trennstelle H bzw. Deckenwand 4 des Zentralelementes 2 mit Auflage auf dessen Stützstreben 9 aufgesetzten Hochfachnutzanbau 14 ergänzt worden, der wie das Zentralelement 2 in Längsrichtung und in Querrichtung verlaufende Vertikalebenen-Trennstellen LL und LQ bereitstellt. Von diesen wird die in Längsrichtung verlaufende Vertikalebenen-Trennstelle LL genutzt, um auf die Abschlussplatte 13 des Nutzunteranbaus 10 einen ersten Hochfachvorbau 15b (Fig. 4) und einen zweiten Hochfachvorbau 15a aufzusetzen und dem Hochfachnutzanbau 14 vorge- 
<!-- EPO <DP n="9"/>-->
 lagert über die Abschlussplatte 13 mit dem Nutzunterbau 10 zu verbinden. Die optional auch einstückig auszubildenden Hochfachvorbauten 15a, 15b sind mit Seitenfachanbauten 16a, 16b verbunden bzw. versehen, die sich auf den Fachanbauten 12a, 12b des Nutzunteranbaus 10 nach oben erstrecken und an der Abschlussplatte 13 und/oder den zugehörigen Hochfachvorbauten 15a bzw. 15b befestigt sind. </p><p id="p0029" num="0029">Wie in den Fig. 5 und 6 gezeigt, kann auf die Abschlussplatte 13 des Nutzunteranbaus 10 eine Arbeitsplatte 17 vorgesehen werden, die sich hier von den Unterkanten der Hochfachvorbauten 15a, 15b zur Küchenbedienseite 7 hin erstreckt. Der Fig. 6 ist weiterhin zu entnehmen, dass sich der Nutzunteranbau 10 durch vertikale Trennwände 18 in Fächer für nicht dargestellte Einschübe unterteilen lässt. Die somit aus einzelnen, block- bzw. gehäuseartigen, auch bei beengten Raumverhältnissen gut zu handhabenden Bauteilen ausgehend von dem Zentralelement und dessen Trennstellen durch Um- und Überbauung modular zusammengesetzte Bordküche 1 ist gemäß Fig. 7 an der Küchenbedienseite 7 mit einem dem Konturverlauf der Um- und Überbauten angepassten Blendrahmen 19 einge- fasst. 
<!-- EPO <DP n="10"/>-->
</p><p id="p0030" num="0030">Bezugszeichenliste: </p><p id="p0031" num="0031">1 Bordküche/Flugzeugbordküche </p><p id="p0032" num="0032"> 2 Zentralelement </p><p id="p0033" num="0033">3a, b Außen-/Endwand </p><p id="p0034" num="0034">3c Vorderkante </p><p id="p0035" num="0035"> 4 Deckenwand </p><p id="p0036" num="0036"> 5 Rückwand </p><p id="p0037" num="0037"> 6 Wartungsklappe </p><p id="p0038" num="0038"> 7 Küchenbedienseite </p><p id="p0039" num="0039"> 8 Vorderkante </p><p id="p0040" num="0040"> 9 Stützstrebe </p><p id="p0041" num="0041"> 10 Nutzunteranbau </p><p id="p0042" num="0042">11a, b Begrenzungswand </p><p id="p0043" num="0043">12a, b Fachanbau </p><p id="p0044" num="0044"> 13 Abschlussplatte </p><p id="p0045" num="0045"> 14 Hochfachnutzanbau </p><p id="p0046" num="0046">15a, erster Hochfachvorbau </p><p id="p0047" num="0047"> 15b zweiter Hochfachvorbau </p><p id="p0048" num="0048"> 16a, b Seitenfachanbauten </p><p id="p0049" num="0049"> 17 Arbeitsplatte </p><p id="p0050" num="0050"> 18 Trennwand </p><p id="p0051" num="0051"> 19 Blendrahmen </p><p id="p0052" num="0052">H Horizontalebenen-Trennstelle </p><p id="p0053" num="0053"> LL Vertikalebenen-Trennstelle (in Längsrichtung)</p><p id="p0054" num="0054">LQ Vertikalebenen-Trennstelle (in Querrichtung) 
</p></description><claims mxw-id="PCLM44727531" ref-ucid="WO-2012113499-A1" lang="DE" load-source="patent-office"><claim-statement><!-- EPO <DP n="11"/>--> Patentansprüche </claim-statement><claim id="clm-0001" num="1"><claim-text>1. Modulare Bordküche, insbesondere Flugzeugbordküche (1 ), die als Nutzbereiche ein Grundelement und mindestens ein Aufbauelement, unterteilt in Fächer zur Aufnahme von Einschüben und Geräten, umfasst, die mit mechanischen Anschlüssen zur Verbindung der Elemente und mit Einbauten oder Geräten sowie elektrischen und elektronischen Geräte- Anschlussmitteln und Geräteversorgungsleitungen ausgebildet sind, dadurch gekennzeichnet, </claim-text><claim-text> dass ein von der Küchenbedienseite (7) her gesehen rückwärtig angeordnetes Zentralelement (2) zur seitlichen sowie nach vorne und hinten vorspringenden Umbauung und hochragenden Überbauung mit sukzessive anzubauenden einzelnen gehäuseartigen Nutzanbauten ausgebildet ist, wobei das Zentralelement (2) eine Horizontalebenen-Trennstelle (H) und sowohl in Längs- als auch in Querrichtung verlaufende Vertikalebenen- Trennstellen (LL, LQ) aufweist. </claim-text></claim><claim id="clm-0002" num="2"><claim-text>2. Bordküche nach Anspruch 1 , </claim-text><claim-text> dadurch gekennzeichnet, </claim-text><claim-text> dass das Zentralelement (2) eine von einer Rückwand (5) ausgehend nach vorne offene, U-förmige Kastenstruktur mit vertikalen Außenwänden (3a, 3b) und eine Deckenwand (4) besitzt. </claim-text></claim><claim id="clm-0003" num="3"><claim-text>3. Bordküche nach Anspruch 2, </claim-text><claim-text> dadurch gekennzeichnet, </claim-text><claim-text> dass in der Rückwand (5) eine Wartungsklappe (6) ausgebildet ist. </claim-text></claim><claim id="clm-0004" num="4"><claim-text>4. Bordküche nach Anspruch 2 oder 3, </claim-text><claim-text> gekennzeichnet durch <!-- EPO <DP n="12"/>--> am oberen Ende der Rückwand (5) in Flucht mit der Deckenwand (4) verlaufend nach hinten vorkragende Stützstreben (9). </claim-text><claim-text>Bordküche nach einem der Ansprüche 1 bis 4, </claim-text><claim-text>dadurch gekennzeichnet, </claim-text><claim-text>dass ein mit Abstützung auf dem Fußboden durch seitliche Begrenzungswände (11a, 11 b) nach vorne an das Zentralelement (2) angesetzter Nutzunteranbau (10) durch vertikale Trennwände (18) unterteilt ist. </claim-text><claim-text>Verfahren zur Montage einer modularen Bordküche, insbesondere Flugzeugbordküche, insbesondere nach einem der Ansprüche 1 bis 5, die als Nutzbereiche ein Grundelement und ein Aufbauelement, unterteilt in Fächer zur Aufnahme von Einschüben und Geräten, umfasst, die mit mechanischen Anschlüssen zur Verbindung der Elemente und Einbauten oder Geräten sowie elektrischen und elektronischen Geräte-Anschlussmitteln und Gerätversorgungsleitungen ausgebildet sind, </claim-text><claim-text>dadurch gekennzeichnet, </claim-text><claim-text>dass das Zentralelement (2) sukzessive wie folgt um- und überbaut werden kann: </claim-text><claim-text>- Ansetzen eines Nutzunteranbaus (10) an die Vertikalebenen-Trennstelle (LL) in Längsrichtung des Zentralelementes (2) und Verbinden des Nutzunteranbaus (10) mit dem Zentralelement (2), wobei der Nutzunteranbau (10) mit einer oberen Abschlussplatte (13) bündig an die Vorderkante (8) der Deckenwand (4) des Zentralelementes (10) anschließt und mit das Zentralelement (2) in Längsrichtung beidseitig überkragenden, oben von der Abschlussplatte (13) überdeckten Fachanbauten (12a, 12b) ausgebildet ist, <!-- EPO <DP n="13"/>--> - Aufsetzen eines Hochfachnutzanbaus (14) auf die Horizontalebenen- Trennstelle (H) des Zentralelementes (2) mit Auflage auf dessen Stützstreben (9) und Verbinden des Hochfachnutzanbaus (14) mit dem Zentralelement, </claim-text><claim-text>- Aufsetzen eines ersten und eines zweiten, dem Hochfachnutzanbau (14) zur Küchenbedienseite (7) hin vorgelagerten, jeweils an einer Außenseite mit die überkragenden Fachanbauten (12a, 12b) nach oben ergänzenden Seitenfachanbauten (16a, 16b) ausgebildeten Hochfach- vorbaus (15a, 15b) auf die Abschlussplatte (13) und Verbinden mit der Abschlussplatte (13), </claim-text><claim-text>- Einfassen der Um- und Überbauten an der Küchenbedienseite (7) mit einem deren Konturverlauf angepassten Blendrahmen (19). </claim-text></claim></claims><copyright>User acknowledges that Fairview Research LLC and its third party providers retain all right, title and interest in and to this xml under applicable copyright laws.  User acquires no ownership rights to this xml including but not limited to its format.  User hereby accepts the terms and conditions of the Licence Agreement</copyright></patent-document>
