<?xml version="1.0" encoding="UTF-8"?>
<patent-document ucid="EP-2958667-A1" country="EP" doc-number="2958667" kind="A1" date="20151230" family-id="50277254" file-reference-id="311201" date-produced="20180825" status="corrected" lang="EN"><bibliographic-data><publication-reference fvid="160453462" ucid="EP-2958667-A1"><document-id><country>EP</country><doc-number>2958667</doc-number><kind>A1</kind><date>20151230</date><lang>EN</lang></document-id></publication-reference><application-reference ucid="EP-14709989-A" is-representative="NO"><document-id mxw-id="PAPP193869892" load-source="docdb" format="epo"><country>EP</country><doc-number>14709989</doc-number><kind>A</kind><date>20140221</date><lang>EN</lang></document-id><document-id mxw-id="PAPP193869893" load-source="patent-office" format="original"><country>EP</country><doc-number>14709989.9</doc-number><date>20140221</date><lang>EN</lang></document-id></application-reference><priority-claims><priority-claim mxw-id="PPC162031000" ucid="FI-20135156-A" load-source="docdb"><document-id format="epo"><country>FI</country><doc-number>20135156</doc-number><kind>A</kind><date>20130222</date></document-id></priority-claim><priority-claim mxw-id="PPC162034302" ucid="FI-2014050132-W" linkage-type="W" load-source="docdb"><document-id format="epo"><country>FI</country><doc-number>2014050132</doc-number><kind>W</kind><date>20140221</date></document-id></priority-claim></priority-claims><technical-data><classifications-ipcr><classification-ipcr mxw-id="PCL-1988520461" load-source="docdb">B01F   3/08        20060101AFI20140911BHEP        </classification-ipcr><classification-ipcr mxw-id="PCL-1988521865" load-source="docdb">B01F   5/04        20060101ALI20140911BHEP        </classification-ipcr><classification-ipcr mxw-id="PCL-1988524410" load-source="docdb">B01F  15/02        20060101ALI20140911BHEP        </classification-ipcr><classification-ipcr mxw-id="PCL-1988525721" load-source="docdb">B01F  15/04        20060101ALI20140911BHEP        </classification-ipcr></classifications-ipcr><classifications-cpc><classification-cpc mxw-id="PCL-1869710146" load-source="docdb" scheme="CPC">B01F   5/0405      20130101 LI20161213BHEP        </classification-cpc><classification-cpc mxw-id="PCL-1869711583" load-source="docdb" scheme="CPC">B01F   5/048       20130101 LI20161213BHEP        </classification-cpc><classification-cpc mxw-id="PCL-1869713640" load-source="docdb" scheme="CPC">B01F  15/0416      20130101 LI20161213BHEP        </classification-cpc><classification-cpc mxw-id="PCL-1973201061" load-source="docdb" scheme="CPC">B01F   5/04        20130101 LI20160211BHEP        </classification-cpc><classification-cpc mxw-id="PCL-1973201356" load-source="docdb" scheme="CPC">B01F  15/0243      20130101 FI20160212BHEP        </classification-cpc><classification-cpc mxw-id="PCL-1973203918" load-source="docdb" scheme="CPC">B01F   3/0865      20130101 LI20160212BHEP        </classification-cpc></classifications-cpc><invention-title mxw-id="PT165551852" lang="DE" load-source="patent-office">ANORDNUNG ZUM MISCHEN EINES FLUIDS IN EINE PROZESSFLÜSSIGKEIT UND VERFAHREN ZUM BETREIBEN DER ANORDNUNG</invention-title><invention-title mxw-id="PT165551853" lang="EN" load-source="patent-office">AN ARRANGEMENT FOR MIXING A FLUID TO A PROCESS LIQUID AND A METHOD OF OPERATING THE ARRANGEMENT</invention-title><invention-title mxw-id="PT165551854" lang="FR" load-source="patent-office">SYSTÈME POUR MÉLANGER UN FLUIDE À UN LIQUIDE DE TRAITEMENT, ET PROCÉDÉ DE COMMANDE DU SYSTÈME</invention-title></technical-data><parties><applicants><applicant mxw-id="PPAR1103319729" load-source="docdb" sequence="1" format="epo"><addressbook><last-name>WETEND TECHNOLOGIES OY</last-name><address><country>FI</country></address></addressbook></applicant><applicant mxw-id="PPAR1103307634" load-source="docdb" sequence="1" format="intermediate"><addressbook><last-name>WETEND TECHNOLOGIES OY</last-name></addressbook></applicant><applicant mxw-id="PPAR1101652463" load-source="patent-office" sequence="1" format="original"><addressbook><last-name>Wetend Technologies Oy</last-name><iid>100254075</iid><address><street>Kaartilantie 7</street><city>57230 Savonlinna</city><country>FI</country></address></addressbook></applicant></applicants><inventors><inventor mxw-id="PPAR1103321112" load-source="docdb" sequence="1" format="epo"><addressbook><last-name>MATULA JOUNI</last-name><address><country>FI</country></address></addressbook></inventor><inventor mxw-id="PPAR1103308480" load-source="docdb" sequence="1" format="intermediate"><addressbook><last-name>MATULA, JOUNI</last-name></addressbook></inventor><inventor mxw-id="PPAR1101640095" load-source="patent-office" sequence="1" format="original"><addressbook><last-name>MATULA, JOUNI</last-name><address><street>Kuusistontie 5</street><city>FI-57600 Savonlinna</city><country>FI</country></address></addressbook></inventor><inventor mxw-id="PPAR1103324791" load-source="docdb" sequence="2" format="epo"><addressbook><last-name>MATULA JUSSI</last-name><address><country>FI</country></address></addressbook></inventor><inventor mxw-id="PPAR1103313431" load-source="docdb" sequence="2" format="intermediate"><addressbook><last-name>MATULA, Jussi</last-name></addressbook></inventor><inventor mxw-id="PPAR1101651498" load-source="patent-office" sequence="2" format="original"><addressbook><last-name>MATULA, Jussi</last-name><address><street>Telakkakuja 1</street><city>FI-57230 Savonlinna</city><country>FI</country></address></addressbook></inventor></inventors><agents><agent mxw-id="PPAR1101641824" load-source="patent-office" sequence="1" format="original"><addressbook><last-name>Genip Oy</last-name><iid>101411707</iid><address><street>Heikinkatu 7</street><city>48100 Kotka</city><country>FI</country></address></addressbook></agent></agents></parties><international-convention-data><pct-or-regional-filing-data ucid="FI-2014050132-W"><document-id><country>FI</country><doc-number>2014050132</doc-number><kind>W</kind><date>20140221</date><lang>EN</lang></document-id></pct-or-regional-filing-data><pct-or-regional-publishing-data ucid="WO-2014128355-A1"><document-id><country>WO</country><doc-number>2014128355</doc-number><kind>A1</kind><date>20140828</date><lang>EN</lang></document-id></pct-or-regional-publishing-data><designated-states><ep-contracting-states><country mxw-id="DS660793372" load-source="docdb">AL</country><country mxw-id="DS660718162" load-source="docdb">AT</country><country mxw-id="DS660793374" load-source="docdb">BE</country><country mxw-id="DS660636947" load-source="docdb">BG</country><country mxw-id="DS660638569" load-source="docdb">CH</country><country mxw-id="DS660728211" load-source="docdb">CY</country><country mxw-id="DS660718171" load-source="docdb">CZ</country><country mxw-id="DS660641171" load-source="docdb">DE</country><country mxw-id="DS660793375" load-source="docdb">DK</country><country mxw-id="DS660728212" load-source="docdb">EE</country><country mxw-id="DS660720265" load-source="docdb">ES</country><country mxw-id="DS660636948" load-source="docdb">FI</country><country mxw-id="DS660636949" load-source="docdb">FR</country><country mxw-id="DS660793376" load-source="docdb">GB</country><country mxw-id="DS660793377" load-source="docdb">GR</country><country mxw-id="DS660793378" load-source="docdb">HR</country><country mxw-id="DS660718172" load-source="docdb">HU</country><country mxw-id="DS660638570" load-source="docdb">IE</country><country mxw-id="DS660793379" load-source="docdb">IS</country><country mxw-id="DS660636950" load-source="docdb">IT</country><country mxw-id="DS660728213" load-source="docdb">LI</country><country mxw-id="DS660641172" load-source="docdb">LT</country><country mxw-id="DS660718173" load-source="docdb">LU</country><country mxw-id="DS660641173" load-source="docdb">LV</country><country mxw-id="DS660641174" load-source="docdb">MC</country><country mxw-id="DS660751004" load-source="docdb">MK</country><country mxw-id="DS660751005" load-source="docdb">MT</country><country mxw-id="DS660636959" load-source="docdb">NL</country><country mxw-id="DS660720266" load-source="docdb">NO</country><country mxw-id="DS660636960" load-source="docdb">PL</country><country mxw-id="DS660751006" load-source="docdb">PT</country><country mxw-id="DS660636961" load-source="docdb">RO</country><country mxw-id="DS660751007" load-source="docdb">RS</country><country mxw-id="DS660636962" load-source="docdb">SE</country><country mxw-id="DS660751008" load-source="docdb">SI</country><country mxw-id="DS660638575" load-source="docdb">SK</country><country mxw-id="DS660638576" load-source="docdb">SM</country><country mxw-id="DS660641192" load-source="docdb">TR</country></ep-contracting-states><ep-extended-states><ep-extended-state-data><country>BA</country></ep-extended-state-data><ep-extended-state-data><country>ME</country></ep-extended-state-data></ep-extended-states></designated-states></international-convention-data><office-specific-data><eptags><ep-no-a-document-published>*</ep-no-a-document-published></eptags></office-specific-data></bibliographic-data><abstract mxw-id="PA139079628" ref-ucid="WO-2014128355-A1" lang="EN" load-source="patent-office"><p num="0000">The present invention relates to an arrangement for mixing a fluid to a process liquid by using at least one mixing station and a method of operating the arrangement. The arrangement and the method of the invention may be used in feeding injection and/or mixing liquid to injection mixers 4 arranged on the periphery of a flow pipe 2 transferring a process liquid. The arrangement and the method of the invention are especially applicable for instance in connection with injection mixers and chemical mixing in wood processing industry.</p></abstract><abstract mxw-id="PA139546183" ref-ucid="WO-2014128355-A1" lang="EN" source="national office" load-source="docdb"><p>The present invention relates to an arrangement for mixing a fluid to a process liquid by using at least one mixing station and a method of operating the arrangement. The arrangement and the method of the invention may be used in feeding injection and/or mixing liquid to injection mixers 4 arranged on the periphery of a flow pipe 2 transferring a process liquid. The arrangement and the method of the invention are especially applicable for instance in connection with injection mixers and chemical mixing in wood processing industry.</p></abstract><abstract mxw-id="PA139079629" ref-ucid="WO-2014128355-A1" lang="FR" load-source="patent-office"><p num="0000">La présente invention concerne un système utilisant au moins un poste de mélange pour mélanger un fluide à un liquide de traitement, et un procédé de commande du système. Le système et le procédé de l'invention peuvent être utilisés pour charger un liquide d'injection et/ou de mélange dans des mélangeurs par injection (4), aménagés sur la périphérie d'une conduite d'écoulement (2) transférant un liquide de traitement. Le système et le procédé de l'invention s'utilisent spécialement, par exemple, en relation avec des mélangeurs par injection et le mélange de produits chimiques dans l'industrie de transformation du bois.</p></abstract><abstract mxw-id="PA139546184" ref-ucid="WO-2014128355-A1" lang="FR" source="national office" load-source="docdb"><p>La présente invention concerne un système utilisant au moins un poste de mélange pour mélanger un fluide à un liquide de traitement, et un procédé de commande du système. Le système et le procédé de l'invention peuvent être utilisés pour charger un liquide d'injection et/ou de mélange dans des mélangeurs par injection (4), aménagés sur la périphérie d'une conduite d'écoulement (2) transférant un liquide de traitement. Le système et le procédé de l'invention s'utilisent spécialement, par exemple, en relation avec des mélangeurs par injection et le mélange de produits chimiques dans l'industrie de transformation du bois.</p></abstract><description mxw-id="PDES78477989" ref-ucid="WO-2014128355-A1" lang="EN" load-source="patent-office"><!-- EPO <DP n="2"/>--><p id="p0001" num="0001"> AN ARRANGEMENT FOR MIXING A FLUID TO A PROCESS LIQUID AND A METHOD OF OPERATING THE ARRANGEMENT </p><p id="p0002" num="0002">Technical field </p><p id="p0003" num="0003">[001 ] The present invention relates to an arrangement for mixing a fluid to a process liquid and a method of operating the arrangement. The arrangement and the method of the invention may be used when mixing a fluid to a process liquid by using injection mixers arranged on the periphery of a flow pipe transferring a process liquid. The arrangement and the method of the invention are especially applicable for instance in connection with the mixing of chemical/s in wood processing industry. Background art </p><p id="p0004" num="0004">[002] Injection mixers for adding a fluid, i.e. liquid, gas and/or a suspension of liquid and solids, to a process liquid have been known for decades. As an example of modern injection mixers, chemical mixers of Wetend Technologies Oy may be discussed. Patent documents EP-B1 -1064427, EP-B1 -1219344, FI-B-1 1 1868, Fl-B- 1 15148 and FI-B-1 16473 discuss such mixers and explain how injection mixing is used in the introduction and mixing of a fluid into a process liquid. The injection mixing is performed by not only spraying the fluid itself to the process liquid, but an injection liquid is used for enhancing the penetration of the liquid-fluid mixture deep into the process liquid. Sometimes also another liquid, i.e. mixing liquid is used. The injection liquid is not the fluid to be mixed, but another fluid the amount of which is normally higher than that of the fluid to be mixed. The injection liquid may be the same as the process liquid, or it may be some other, though applicable, process liquid, it may be a filtrate from somewhere from the process, or it may be clear water, for instance. The mixing liquid may be yet another liquid, which is normally used for diluting the fluid or chemical to be mixed prior to the introduction of the fluid into communication with the injection liquid. The mixing liquid may, for instance, be chosen from the same list of liquids as the injection liquid. The injection mixing station, is formed of injection mixers arranged on substantially the same circumference of the process pipe or reactor so that one mixer is sufficient for pipes/reactors of small diameter, slightly larger pipes/reactors use two opposing mixers on the same circumference, pipes/reactors slightly larger than this need three mixers located at 120 degree intervals on the circumference and so on. In other words, usually more than one mixer, i.e. a mixing 
<!-- EPO <DP n="3"/>-->
 station is needed to inject the fluid to the process liquid in mill scale applications. Sometimes such a mixing station may include another set of injection mixers arranged on another circumference of the flow pipe, however, axially close to the first group of mixers. [003] The present practice, i.e. the latest and the most advanced way of introducing injection and mixing liquid (if used) to the injection mixers, shown in Figure 1 , has been to arrange the inlet opening of an injection liquid feed pump in communication with a source of appropriate liquid, and to pump the liquid further to a manifold, so called injection liquid manifold, which divides the liquid to the injection mixers. In view of the successful operation of the mixing station it is important that each mixer injects the same amount of fluid/chemical with the same amount of injection liquid. However, the practice has shown that when using manifolds that is not always the case, i.e. the manifolds do not very easily divide the injection liquid equally to the feed lines leading to the injection mixers. In order to ensure that the manifold shares the injection liquid equally enough to the feed lines, a considerable amount of R&amp;D, design, construction and testing work has to be performed for each particular manifold. Further, it has to be understood that the manifold design is highly dependent on the volume flows, whereby a manifold designed for dividing a certain volume flow evenly is not necessarily able to share a volume flow 20% higher or lower evenly enough anymore. Thus it has been learned that the manifold is, in practice, always a compromise between the expenses related to its design, R&amp;D, construction and testing and the equal enough sharing of the injection liquid. </p><p id="p0005" num="0005">[004] The feed lines from the manifold to the injection mixers are provided with valves but the valves are on-off- type valves and they cannot be used for controlling the volume flow. The main reason for the use of the above type of valves is that the injection liquid is not normally clean liquid but contains particulate matter. This is self- evident as the process liquid itself may very often be used as the injection liquid. If the process liquid is, for instance a paper making stock, it may contain fibers and fillers that would easily, when throttling the flow in a valve, collect or accumulate in places where the flow is slow and less turbulent. After some time the accumulated fibers and/or fillers, more generally accumulated impurities, may loosen and flow along with the flow into the injection mixer. Such accumulated impurities may impede the flow in the injection mixer, block the mixer or at least enter the process liquid and cause problems in the end product or its production. Thus the manifold or a corresponding means for 
<!-- EPO <DP n="4"/>-->
 dividing the injection liquid should be capable of dividing the injection liquid evenly to the feed pipes taking the injection liquid to the injection mixers. </p><p id="p0006" num="0006">[005] If mixing liquid is used, it is common practice to use the liquid used as the injection liquid as the mixing liquid, too, though other liquids may also be used. However, in case it is the injection liquid that is used as the mixing liquid, the through- flow of the injection liquid manifold is usually taken to another manifold, so called mixing liquid manifold that divides the mixing liquid to the injection mixers. The feed lines from the mixing liquid manifold to the injection mixers are provided with valves just like the injection liquid feed lines, too. Exactly the same problems are involved in dividing the mixing liquid to its respective feed pipes as those discussed above in connection with the injection liquid. </p><p id="p0007" num="0007">Brief summary of the Invention </p><p id="p0008" num="0008">[006] An object of the present invention is to develop an arrangement for mixing a fluid to a process liquid and a method of operating the arrangement that overcomes at least some of the above discussed problems. </p><p id="p0009" num="0009">[007] Another object of the present invention is to develop an arrangement for mixing a fluid to a process liquid and a method of operating the arrangement where the accuracy of the division of the volume flows of the injection liquid is considerably improved. </p><p id="p0010" num="0010">[008] Yet another object of the present invention is to develop an injection mixing arrangement and a method of operating the arrangement where the expenses relating to the injection liquid feed arrangement have been significantly reduced. </p><p id="p0011" num="0011">[009] A still further object of the present invention is to develop an arrangement for mixing more than one fluid to a process liquid and a method of operating the arrangement evenly and reliably. </p><p id="p0012" num="0012"> [0010] There are a few advantages gained by the use of the present invention, for instance, </p><p id="p0013" num="0013"> • More even division of the injection liquid </p><p id="p0014" num="0014"> · Reduced investment costs, and 
<!-- EPO <DP n="5"/>-->
 • Less space needed around the process piping. </p><p id="p0015" num="0015">[001 1 ] At least one object of the present invention is met with an arrangement for mixing a fluid to a process liquid by means of at least one injection mixing station, the at least one mixing station comprising two or more injection mixers adapted for fastening, when in use, on a periphery of the process liquid flow pipe, each injection mixer having an inlet for the fluid to be mixed and at least one first inlet for an injection liquid used for injecting the fluid out of the injection mixer, the at least one first inlet being connected by means of a feed pipe to a means for dividing liquid, the liquid dividing means, when in use, being arranged in flow communication via a liquid line with a source of liquid, wherein the liquid dividing means is a rotary dividing means having a casing and at least as many outlets as there are injection mixers in the at least one mixing station. At least one object of the present invention is met with a method of operating an arrangement for mixing a fluid to a process liquid, the arrangement comprising at least one injection mixing station, the at least one mixing station comprising two or more injection mixers adapted for fastening, when in use, on a periphery of the process liquid flow pipe, each injection mixer having an inlet for the fluid to be mixed and at least one first inlet for an injection liquid used for injecting the fluid out of the injection mixer, the at least one first inlet being connected by means of a feed pipe to a means for dividing liquid, the liquid dividing means, when in use, being arranged in flow communication via a liquid line with a source of liquid, the method comprising the steps of </p><p id="p0016" num="0016"> a) Providing the dividing means with a casing, at least as many outlets as there are injection mixers in the at least one mixing station and a rotor for making up a rotary dividing means, </p><p id="p0017" num="0017"> b) Taking a liquid from a liquid source, </p><p id="p0018" num="0018"> c) Introducing the liquid to the rotary dividing means, </p><p id="p0019" num="0019"> d) Dividing at least a part of the liquid equally to the outlets by means of the rotor, </p><p id="p0020" num="0020"> e) Introducing the divided at least a part of the liquid via the feed pipes to the first liquid inlets of the injection mixers, </p><p id="p0021" num="0021"> f) Introducing a fluid to the fluid inlets of the injection mixers, and </p><p id="p0022" num="0022"> g) Injecting and mixing the fluid by means of the liquid into the process liquid. </p><p id="p0023" num="0023">[0012] Other characteristic features of the arrangement and the method of the present invention are disclosed in the appended patent claims. 
<!-- EPO <DP n="6"/>-->
 Brief Description of Drawing </p><p id="p0024" num="0024">[0013] In the following, the arrangement and the method of the present invention are discussed in more detail with reference to the appended figures, in which </p><p id="p0025" num="0025">Figure 1 illustrates schematically a prior art injection mixing arrangement, </p><p id="p0026" num="0026"> Figure 2 illustrates schematically a prior art injection mixer, </p><p id="p0027" num="0027"> Figure 3 illustrates schematically an injection mixing arrangement in accordance with a first preferred embodiment of the present invention, </p><p id="p0028" num="0028"> Figure 4 illustrates schematically an injection mixing arrangement in accordance with a second preferred embodiment of the present invention, and </p><p id="p0029" num="0029"> Figure 5 illustrates schematically an injection mixing arrangement in accordance with a third preferred embodiment of the present invention. </p><p id="p0030" num="0030">Detailed Description of Drawings [0014] Figure 1 show the latest and the most advanced prior art way of introducing injection and mixing liquid (if used) to the injection mixers. Figure 1 shows a process liquid flow pipe 2 having an injection mixing station, i.e. four injection mixers 4 arranged at equal spacing (90 degrees) on its circumference. As already mentioned above the number of injection mixers 4 depends mainly on the diameter of the flow pipe, the number varying from 1 to about 7. Here, the process liquid flow pipe 2 is provided with a line 6 introducing injection liquid from the process liquid flow pipe 2 to a feed pump 8, which is arranged for feeding injection liquid to the injection mixers 4. The feed pump 8 has a pressure outlet 10, which is arranged in flow communication with a manifold 12, so called injection liquid manifold. The manifold 12 divides the injection liquid flow to four feed lines 14-1 , 14-2, 14-3 and 14-4, which terminate to the first liquid inlets of the injection mixers 4. (See the injection mixer in more detail in Figure 2) The feed lines 14- 1 , 14-2, 14-3 and 14-4 are provided with valves 16-1 , 16-2, 16-3 and 16-4, which are, in practice, on-off valves as they cannot be used for controlling the volume flow. This is the case mainly due to the impurities (for instance fibers) in the injection liquid, as throttling the flow in a valve may cause the impurities to collect or accumulate in places 
<!-- EPO <DP n="7"/>-->
 where the flow is slow or less turbulent. The accumulated impurities may loosen and flow along with the flow into the injection mixer. Such accumulated impurities may impede the flow in the injection mixer, block the mixer or at least enter the process liquid and cause problems in the end product or its production. [0015] Figure 1 also shows, as an additional and optional feature of a prior art injection feeding arrangement the way the mixing liquid is introduced to the injection mixers. In this optional arrangement the mixing liquid is taken from an additional outlet (here at the end) of the injection liquid manifold 12 as a through-flow. The mixing liquid is taken via line 18 to a mixing liquid manifold 20, which divides the mixing liquid to feed lines 22 for introducing the mixing liquid to the second liquid inlet of each injection mixer 4. The feed lines 22 are provided with valves 24, which are similar to the valves 16-1 , 16-2, 16-3 and 16-4 in the injection liquid feed lines 14-1 , 14-2, 14-3 and 14-4. When using manifolds for dividing a liquid to several outlets it is common practice that the inlet flow (in line 18) of the manifold 20 is greater than the sum of the outlet flows to the feed lines 22, whereby a flow is taken through the mixing liquid manifold 20 as shown by an outlet and a valve at an end opposite the inlet line 18. The valve being, in fact, used for controlling the flow to the outlet lines 22. </p><p id="p0031" num="0031">[0016] Figure 2 illustrates an exemplary prior art injection mixer or nozzle 4. The injection mixer 4 comprises a casing, the structure of which is not discussed here in any more detail, as it has a number of variations that may all be used in connection with the arrangement of the present invention. The injection mixer 4 is adapted for fastening, when in use, to a process liquid flow pipe 2. The injection mixer 4 and, to be more specific its casing, is provided with a fluid inlet 4-F for receiving a fluid, i.e. chemical or additive or any other liquid, gas and/or a suspension of liquid and solids, that is to be injected out of the injection mixer 4 into the process liquid flowing in the process liquid flow pipe, into the injection mixer 4 and a first inlet 4-1 for a first liquid, so called injection liquid. The injection mixer 4 may be, but is not necessarily, provided with a second inlet 4-2 for a second liquid, so called mixing liquid. The injection mixer functions such that the fluid or chemical introduced into the injection mixer and the injection liquid are injected in the process liquid at a high speed whereby the chemical spreads evenly deep into the process liquid flow. If mixing liquid is used, the chemical may be first mixed or diluted with the mixing liquid, if such is considered necessary, whereafter the mixture thereof is injected into the process liquid by means of the injection liquid. However, the contact of the chemical and the mixing liquid may take 
<!-- EPO <DP n="8"/>-->
 place simultaneously with their injection to the process liquid. Also, it is possible to use the injection mixer for injecting more than one chemical or additive to the process liquid. </p><p id="p0032" num="0032">[0017] Figure 3 illustrates a first preferred embodiment of the present invention. The injection liquid is taken, in this embodiment, via line 6 from the process liquid flow pipe 2. The injection liquid may, however, be any appropriate liquid that is taken from the process itself, from another process or from a source of fresh liquid, just to name a few alternatives without any intention to limit the injection liquid that may be used in the present invention. Thus any appropriate injection liquid irrespective of its origin is taken to a rotary means 30 for dividing the injection liquid; the rotary dividing means 30 having a casing provided with a rotor and at least as many outlets 32 as there are injection mixers 4 in the mixing station on the periphery of the process liquid flow pipe 2. The outlets 32 are preferably, but not necessarily, arranged symmetrically to the casing of the rotary dividing means 30. The means 30 divides the injection liquid evenly to the outlets 32 and to the feed lines 34 arranged in communication therewith. The feed lines 34 are provided with valves 36 that are used in a similar manner as the on- off valves in the prior art Figure 1 . The feed lines 34 take the injection liquid to the first, i.e. the injection liquid inlet (inlet 4 - 1 in Figure 2) of the injection mixer 4. The line 6 taking injection liquid from its source (here the process liquid flow pipe has been shown as a preferred but not necessary exemplary source) is provided with a valve 38 that may be used to control the amount of injection liquid entering the injection arrangement of the present invention. Another means for controlling the flow of injection liquid is a flow meter in line 6 connected to an inverter controlled rotary dividing means 30, whereby the flow in line 6 may be easily maintained at a desired level by controlling the rotational speed of the rotary dividing means. Preferably, the above discussed rotary dividing means 30 is a device working as and resembling a centrifugal pump having an impeller (the rotor) and at least as many pressure outlets as there are injection mixers 4 in the mixing station, i.e. on the periphery of the process liquid flow pipe 2. The rotary dividing means is designed and constructed such that the fluid pressure in the casing is equal, whereby the volume flows from the pressure outlets are always equal. This means, in practice that the outlets in the casing may be arranged either symmetrically or non-symmetrically. The latter option is a preferred one if the formation of pressure pulses is considered a risk. In other words, the volume flows of the injection liquid to the injection mixers may be adjusted steplessly just by changing the rotational speed of the impeller of the centrifugal pump or by controlling the volume flow to the pump by 
<!-- EPO <DP n="9"/>-->
 means of the valve 38 in line 6. However, the rotary dividing means may also be an axial device having a casing with symmetrically or non-symmetrically arranged more or less axial outlets arranged round the axis of the casing. The casing is in such a case provided with a rotor that creates turbulence sufficient for preventing the injection liquid from settling in the casing and for dividing the injection liquid evenly to the outlets. </p><p id="p0033" num="0033">[0018] Figure 4 illustrates a second preferred embodiment of the present invention. The injection liquid is taken, in this embodiment, via line 6 and valve 38 (or flow meter) from the process liquid flow pipe 2 without, however, any intention to limit the injection and/or mixing liquid that may be used in the present invention. Thus any appropriate injection liquid irrespective of its origin may be taken to a rotary dividing means 40, which is provided with outlets 42 and an outlet 44. The number of outlets 42 is equal with, or higher than, the number of injection mixers 4 of the mixing station (i.e. here three injection mixers at 120 degrees intervals) arranged on the periphery of the process liquid flow pipe 2. The outlets 42 are preferably, but not necessarily (see the discussion in connection with Figure 3), arranged symmetrically to the casing of the rotary dividing means, whereby the rotary dividing means 40 divides the injection liquid evenly to the outlets 42 and to the feed lines 34 arranged in communication therewith. The feed lines 34 are provided with valves 36 that are used in a similar manner as the on-off valves in the prior art Figure 1 . The feed lines 34 introduce the injection liquid to the first inlets of the injection mixers 4. </p><p id="p0034" num="0034">[0019] Now, the rotary dividing means 40 is provided with at least one other outlet 44, which is connected by means of a feed line 46 to a dividing means 48 for dividing the mixing liquid equally to feed lines 50. In Figure 4, the dividing means is illustrated as a manifold 48 for introducing mixing liquid to the injection mixers 4. However, another rotary dividing means, similar (but possibly different in size) to the one referred to by reference numeral 40 may be used as the dividing means 48. In other words, now the injection liquid and the mixing liquid are the one and the same liquid. The dividing means, i.e. the manifold 48 or the rotary dividing means divides the mixing liquid to feed lines 50, which take the mixing liquid to the second inlets, i.e. the mixing liquid inlets (inlet 4 - 2 in Figure 2) of the injection mixers 4. </p><p id="p0035" num="0035">[0020] Just like in the embodiment of Figure 3, the above discussed rotary dividing means 40 is preferably a device working as and resembling a centrifugal pump having an impeller/rotor and at least one pressure outlet for each injection mixer 4 in the 
<!-- EPO <DP n="10"/>-->
 mixing station, i.e. on the periphery of the process liquid flow pipe 2 plus at least one pressure outlet for the mixing liquid. The rotary dividing means 40 is designed and constructed such that the volume flows from the pressure outlets are always equal. In other words, the volume flows of the injection liquid to the injection mixers may be adjusted steplessly just by changing the rotational speed of the centrifugal pump or by controlling the volume flow to the pump by means of the valve 38 in line 6. In the present embodiment the volume flow of the mixing liquid is equal to the volume flow of the injection liquid introduced to each injection mixer 4, provided that the counter pressure in line 46 is the same as that in lines 34. However, that is normally not the case but the counter pressure in lines 34 is higher. This means, in practice, that the volume flow of the mixing liquid, which could be divided by the mixing liquid manifold 48 substantially evenly to each injection mixer, is higher than one third of the volume flow of the injection liquid to each injection mixer. The actual amount of the mixing liquid may be controlled by a throttle valve in line 46 or by allowing some mixing liquid flow through the mixing liquid manifold 48 as shown by an outlet and a valve in Figure 4. </p><p id="p0036" num="0036">[0021 ] Figure 5 illustrates a third preferred embodiment of the present invention. The injection liquid is taken, in the manner of the earlier embodiments, via line 6 and valve 38, or flow meter, from the process liquid flow pipe 2 without, however, any intention to limit the injection and/or mixing liquid that may be used in the present invention. Thus any appropriate injection liquid irrespective of its origin is taken to a rotary dividing means 60, which is provided with a first set of outlets 62. The number of outlets 62 is equal with, or higher than, the number of injection mixers 4 of a mixing station arranged on the periphery of the process liquid flow pipe 2. The outlets 62 are arranged symmetrically or non-symmetrically to the casing of the rotary dividing means. The rotary dividing means 60 divides the injection liquid evenly to the outlets 62 and to the feed lines 34 arranged in communication therewith and taking the injection liquid to the first inlets of the injection mixers 4. The feed lines 34 are provided with valves 36 that are used in a similar manner as the on-off valves in the prior art Figure 1. This far the embodiment of Figure 5 does not differ at all from the earlier embodiments. However, in this embodiment the rotary dividing means 60 has further in its casing a second set of outlets 64, which are also arranged preferably, but not necessarily, symmetrically to the casing of the rotary dividing means 60. The number of the second outlets 64 equals to, or is higher than, the number of injection mixers of the mixing station. The second outlets 64 introduce the mixing liquid to feed lines 66, which take the mixing liquid to 
<!-- EPO <DP n="11"/>-->
 second, i.e. mixing liquid inlets of the injection mixers 4. In this embodiment the volume flow of the mixing liquid is not dependent on the volume flow of the injection liquid in the same manner as in the embodiment of Figure 4. The volume flows are proportional, but the basic setting of the volume flows may be predetermined by the design and location of the respective outlets. In accordance with a further preferred embodiment of the present invention the pressure outlets for the injection liquid are in relation to each other symmetrically positioned at the casing of the rotary dividing means, and, in a similar manner, the pressure outlets for the mixing liquid are in relation to each other symmetrically positioned at the casing of the rotary dividing means. In other words, the pressure outlets 62 for the injection liquid are divided round the casing at an interval of 360/N degrees, where N is number of injection mixers 4. And in a similar manner the pressure outlets 64 for the mixing liquid are divided round the casing at an interval of 360/N degrees, where N is number of injection mixers 4. The location of the outlets 62 for the injection liquid in the casing of the rotary dividing means are, in this embodiment, the same, i.e. the outlets are similarly designed and positioned. The same applies to the outlets 64 for the mixing liquid. Thus, the outlets may be tangential, radial, axial or any combination of these, as long as they are the same within each set of outlets. </p><p id="p0037" num="0037">[0022] Just like in the embodiment of Figures 3 and 4, the above discussed rotary dividing means 60 is preferably a device working as and resembling a centrifugal pump having at least one pressure outlet for each injection mixer 4 in the mixing station, i.e. on the periphery of the process liquid flow pipe 2 plus at least one pressure outlet for the mixing liquid for each injection mixer 4. The rotary dividing means 60 is designed and constructed such that the volume flows from the pressure outlets are always equal. In other words, the volume flows of the injection liquid to the injection mixers may be adjusted steplessly just by changing the rotational speed of the centrifugal pump or by controlling the volume flow of the injection liquid to the pump by means of the valve 38 in line 6. </p><p id="p0038" num="0038">[0023] One way of designing the casing of the rotary dividing means is to provide the casing with a round cross section and drill substantially radial holes for the pressure outlets. The casing may be provided originally with a certain number of (for instance 4) holes for the outlets and then reserve in between the already drilled holes space for (for instance 3) additional holes. Thus the 4 original holes may be at 90 degrees intervals, i.e. symmetrically, whereby drilling of one additional hole between any two holes results 
<!-- EPO <DP n="12"/>-->
 in non-symmetrical arrangement for the holes, or, for example, the 4 original holes may be drilled at an interval of 70 degrees, whereby the remaining 3 holes have a sector of 150 degrees to fit into, whereby the positioning of the holes and outlets is always nonsymmetrical. Naturally any other imaginable division of holes may be applied here, too. [0024] In a further preferred, but not illustrated, embodiment of the present invention the injection mixing station is provided with one rotary dividing means for the injection liquid and another rotary dividing means for the mixing liquid. This kind of an arrangement brings about a number of advantages. Firstly, the volume flows of the injection liquid and mixing liquid are not any more proportional but may be freely adjusted, i.e. both rotary dividing means may have their own flow meters and inverter controlled drive motors. Secondly, though the mixing liquid and injection liquid may be taken from the same source, i.e. the rotary dividing means may be coupled in parallel between line 6 introducing the injection and mixing liquids to the rotary dividing means and the injection mixers 4, it is also possible to use a mixing liquid different from the injection liquid. For instance, it is possible to use paper making stock or non-clarified filtrate as the injection liquid and clear filtrate or fresh water as the mixing liquid, just to name a few exemplary options without any intention to limit the invention to those examples. </p><p id="p0039" num="0039">[0025] A further feature of the present invention that has to be taken into account when taking the rotary dividing means in use is that, in most applications, it is of utmost importance that the rotary dividing means may not introduce pulsating flows to the injection mixers. The reason for the above requirement is the positioning of the mixing station very close to the headbox of the fiber web machine, as if the injection mixers receive pulsating flows, they also inject pulsating jets to the stock, and the stock takes the pulses through the headbox to the wire of the fiber web machine. The pulses in the headbox flow causes changes in the uniformity of the slice flow, resulting in local changes in the grammage of the web and overall reduction in the quality of the end product. </p><p id="p0040" num="0040">[0026] The pulsating of the rotary dividing means may be prevented by two optional ways. The first option is to arrange the outlet openings to be used in the casing of the rotary dividing means non-symmetrically, for instance, by arranging seven outlets in 360/7 degrees intervals and using only three, four or five of them for introducing liquid to the injection mixer. Another option is to arrange the number of vanes of the 
<!-- EPO <DP n="13"/>-->
 impeller/rotor differ substantially from the number of outlet openings. In other words, the number of vanes may neither be a multitude of the number of outlet openings, nor a half of that. This means in practice, for instance, that when the rotary dividing means have 6 symmetrical outlets for injection liquid, the rotor/impeller may not have 6 vanes, which are by nature symmetrically arranged, but the preferable number of vanes would be 5 or 7. In a similar manner, if the number of vanes is 5, the number of outlets for injection liquid should be 4, 6, 7 or 8, for instance. In other words, N<sub>v</sub>&lt;&gt; Z <sup>*</sup> N<sub>0</sub> or N<sub>0</sub> &lt;&gt; Z <sup>*</sup> N<sub>v</sub>, where N<sub>v</sub> is the number of rotor vanes, N<sub>0</sub> is the number of outlets in the rotary dividing means, and Z is an integer, i.e. one of 1 , 2, 3, 4, 5, etc. The above setting of outlets applies individually for both set of outlets for the injection liquid and set of outlets for the mixing liquid, and also for the combined number thereof, if the outlets have been arranged symmetrically one after another on the periphery of the rotary dividing means. </p><p id="p0041" num="0041">[0027] It should be understood that the above is only an exemplary description of a novel and inventive an arrangement for feeding liquid to at least one mixing station. It should be understood that the above description discusses only a few preferred embodiments of the present invention without any purpose to limit the invention to the discussed embodiments and their details only. Thus the above specification should not be understood as limiting the invention by any means but the entire scope of the invention is defined by the appended claims only. From the above description it should be understood that separate features of different embodiments of the invention may be used in connection with other separate features of other embodiments even if such a combination has not been specifically discussed in the description or shown in the drawings. 
</p></description><claims mxw-id="PCLM70078271" ref-ucid="WO-2014128355-A1" lang="EN" load-source="patent-office"><claim-statement><!-- EPO <DP n="14"/>-->Claims </claim-statement><claim id="clm-0001" num="1"><claim-text>1 . An arrangement for mixing a fluid to a process liquid by means of at least one injection mixing station, the at least one mixing station comprising two or more injection mixers (4) adapted for fastening, when in use, on a periphery of the process liquid flow pipe (2), each injection mixer (4) having an inlet (4-F) for the fluid to be mixed and at least one first inlet (4-1 ) for an injection liquid used for injecting the fluid out of the injection mixer (4), the at least one first inlet (4-1 ) being connected by means of a feed pipe (34) to a means for dividing liquid, the liquid dividing means, when in use, being arranged in flow communication via a liquid line (6) with a source of liquid, characterized in that the liquid dividing means is a rotary dividing means (30, 40, 60) having a casing and at least as many outlets (32, 42, 44, 62, 64) as there are injection mixers (4) in the at least one mixing station. </claim-text></claim><claim id="clm-0002" num="2"><claim-text>2. The feeding arrangement as recited in claim 1 , characterized in that each injection mixer (4) has a second inlet (4-2) for a mixing liquid used for diluting a chemical and/or mixing a chemical with the injection liquid, the second inlet (4-2) of each injection mixer being arranged in flow communication with the outlets (64) in the casing of the rotary dividing means (40, 60) via line (66). </claim-text></claim><claim id="clm-0003" num="3"><claim-text>3. The feeding arrangement as recited in claim 1 , characterized in that each injection mixer (4) has a second inlet (4-2) for a mixing liquid used for diluting a chemical and/or mixing a chemical with the injection liquid, the second inlet (4-2) of each injection mixer being arranged in flow communication with a dividing means (48) via line (50). </claim-text></claim><claim id="clm-0004" num="4"><claim-text>4. The feeding arrangement as recited in claim 3, characterized in that the dividing means (48) is one of a rotary dividing means and a manifold provided for introducing mixing liquid to the injection mixers. </claim-text></claim><claim id="clm-0005" num="5"><claim-text>5. The feeding arrangement as recited in claim 4, characterized in that the dividing means (48) is arranged in flow communication with one of the rotary dividing means (40) via line (46) and the liquid line (6). </claim-text></claim><claim id="clm-0006" num="6"><claim-text>6. The feeding arrangement as recited in claim 1 , characterized in that the rotary dividing means (30, 40, 60) is a centrifugal pump having a casing with as many 
<!-- EPO <DP n="15"/>-->
 pressure outlets (32) for the first liquid, i.e. the injection liquid as there are injection mixers (4) in the at least one mixing station. </claim-text></claim><claim id="clm-0007" num="7"><claim-text>7. The feeding arrangement as recited in claim 2 or 3, characterized in that the rotary dividing means (40, 60) is a centrifugal pump having a casing with as many pressure outlets (42, 62) for the first liquid, i.e. the injection liquid as there are injection mixers (4) in the at least one mixing station and at least one further pressure outlet (44, 64) for a second liquid, so called mixing liquid. </claim-text></claim><claim id="clm-0008" num="8"><claim-text>8. The feeding arrangement as recited in claim 4 or 6, characterized in that the rotary dividing means is a centrifugal pump having a casing with as many pressure outlets for the mixing liquid as there are injection mixers (4) in the at least one mixing station. </claim-text></claim><claim id="clm-0009" num="9"><claim-text>9. The feeding arrangement as recited in claim 4 or 8, characterized in that the outlets (32, 42, 44, 62, 64) are symmetrically arranged to the pump casing. </claim-text></claim><claim id="clm-0010" num="10"><claim-text>10. The feeding arrangement as recited in any one of the preceding claims, characterized in that the rotary dividing means has a rotor with symmetrically arranged vanes, the number of rotor vanes and the number of outlets being defined by the equations: N<sub>v</sub>&lt;&gt; Z <sup>*</sup> N<sub>0</sub> or N<sub>0</sub> &lt;&gt; Z <sup>*</sup> N<sub>v</sub>, where N<sub>v</sub> is the number of rotor vanes, N<sub>0</sub> is the number of outlets in the rotary dividing means, and Z is a positive integer, i.e. one of 1 , 2, 3, 4, 5, etc. </claim-text></claim><claim id="clm-0011" num="11"><claim-text>1 1 . The feeding arrangement as recited in any one of the preceding claims, characterized in that the outlets (32, 42, 44, 62, 64) are asymmetrically arranged to the casing of the rotary dividing means. </claim-text></claim><claim id="clm-0012" num="12"><claim-text>12. The feeding arrangement as recited in claim 4, characterized in that the rotary dividing means for the injection liquid and the rotary dividing means for the mixing liquid are connected to different sources of liquid. </claim-text></claim><claim id="clm-0013" num="13"><claim-text> 13. A method of operating an arrangement for mixing a fluid to a process liquid, the arrangement comprising at least one injection mixing station, the at least one mixing station comprising two or more injection mixers (4) adapted for fastening, when in use, on a periphery of the process liquid flow pipe (2), each injection mixer (4) having an inlet (4-F) for the fluid to be mixed and at least one first inlet (4-1 ) for an injection liquid used for injecting the fluid out of the injection mixer (4), the at least one first inlet 
<!-- EPO <DP n="16"/>-->
 (4-1 ) being connected by means of a feed pipe (34) to a means for dividing liquid, the liquid dividing means, when in use, being arranged in flow communication via a liquid line (6) with a source of liquid, characterized by the steps of </claim-text><claim-text> a) Providing the dividing means with a casing, at least as many outlets (32, 42, 44, 62, 64) as there are injection mixers (4) in the at least one mixing station and a rotor for making up a rotary dividing means (30, 40, 60), </claim-text><claim-text> b) Taking a liquid from a liquid source, </claim-text><claim-text> c) Introducing the liquid to the rotary dividing means (30, 40, 60), </claim-text><claim-text> d) Dividing at least a part of the liquid equally to the outlets (32, 42, 62) by means of the rotor, </claim-text><claim-text> e) Introducing the divided at least a part of the liquid via the feed pipes (34) to the first liquid inlets (4-1 ) of the injection mixers (4), </claim-text><claim-text> f) Introducing a fluid to the fluid inlets (4-F) of the injection mixers (4), and g) Injecting and mixing the fluid by means of the liquid into the process liquid. </claim-text></claim><claim id="clm-0014" num="14"><claim-text>14. The operating method as recited in claim 13, characterized by taking liquid from the rotary dividing means (30, 40, 60) to a further dividing means (48) so as to be divided at least partially and equally as a second liquid to the feed lines (50) connecting the dividing means (48) to the second inlets (4-2) of the injection mixers (4). </claim-text></claim><claim id="clm-0015" num="15"><claim-text>15. The operating method as recited in claim 13, characterized by </claim-text><claim-text> • providing the rotary dividing means (60) with a second set of outlets (64) comprising as many symmetrically arranged outlets (64) as there are injection mixers (4) in the at least one mixing station, </claim-text><claim-text> • Dividing a part of the liquid equally to the outlets (64) as a second liquid or mixing liquid, and </claim-text><claim-text> • Introducing the mixing liquid by means of feed pipes (66) to the second inlets (4-2) of the injection mixers (4). </claim-text></claim><claim id="clm-0016" num="16"><claim-text>16. The operating method as recited in any one of claims 13 - 15, characterized by controlling the flow of the first liquid to the rotary dividing means (30, 40, 60) by adjusting the rotational speed of the rotor of the rotary dividing means (30, 40, 60). </claim-text></claim><claim id="clm-0017" num="17"><claim-text>17. The operating method as recited in any one of claims 13 - 16, characterized by taking at least one of the first liquid and the second liquid from the process liquid flow pipe. 
</claim-text></claim></claims><copyright>User acknowledges that Fairview Research LLC and its third party providers retain all right, title and interest in and to this xml under applicable copyright laws.  User acquires no ownership rights to this xml including but not limited to its format.  User hereby accepts the terms and conditions of the Licence Agreement</copyright></patent-document>
