<?xml version="1.0" encoding="UTF-8"?>
<patent-document ucid="EP-2958803-A1" country="EP" doc-number="2958803" kind="A1" date="20151230" family-id="51263678" file-reference-id="312929" date-produced="20180822" status="corrected" lang="EN"><bibliographic-data><publication-reference fvid="160453875" ucid="EP-2958803-A1"><document-id><country>EP</country><doc-number>2958803</doc-number><kind>A1</kind><date>20151230</date><lang>EN</lang></document-id></publication-reference><application-reference ucid="EP-14705747-A" is-representative="NO"><document-id mxw-id="PAPP193870718" load-source="patent-office" format="original"><country>EP</country><doc-number>14705747.5</doc-number><date>20140218</date><lang>EN</lang></document-id><document-id mxw-id="PAPP193870719" load-source="docdb" format="epo"><country>EP</country><doc-number>14705747</doc-number><kind>A</kind><date>20140218</date><lang>EN</lang></document-id></application-reference><priority-claims><priority-claim mxw-id="PPC162032827" ucid="DE-102013002887-A" load-source="docdb"><document-id format="epo"><country>DE</country><doc-number>102013002887</doc-number><kind>A</kind><date>20130219</date></document-id></priority-claim><priority-claim mxw-id="PPC162032573" ucid="EP-2014053075-W" linkage-type="W" load-source="docdb"><document-id format="epo"><country>EP</country><doc-number>2014053075</doc-number><kind>W</kind><date>20140218</date></document-id></priority-claim><priority-claim mxw-id="PPC162032774" ucid="US-201361766136-P" load-source="docdb"><document-id format="epo"><country>US</country><doc-number>201361766136</doc-number><kind>P</kind><date>20130219</date></document-id></priority-claim></priority-claims><technical-data><classifications-ipcr><classification-ipcr mxw-id="PCL-1988526177" load-source="docdb">B64D  11/06        20060101AFI20140912BHEP        </classification-ipcr></classifications-ipcr><classifications-cpc><classification-cpc mxw-id="PCL-1871694503" load-source="docdb" scheme="CPC">B64D  11/0693      20130101 LI20161207BHEP        </classification-cpc><classification-cpc mxw-id="PCL-1871694504" load-source="docdb" scheme="CPC">B64D  11/0612      20141201 LI20161207BHEP        </classification-cpc><classification-cpc mxw-id="PCL-1871694505" load-source="docdb" scheme="CPC">B64D  11/06        20130101 LI20161207BHEP        </classification-cpc><classification-cpc mxw-id="PCL-1973199820" load-source="docdb" scheme="CPC">B60R  22/20        20130101 FI20160211BHEP        </classification-cpc><classification-cpc mxw-id="PCL-1973200381" load-source="docdb" scheme="CPC">B64D  11/062       20141201 LI20160212BHEP        </classification-cpc><classification-cpc mxw-id="PCL-1973202691" load-source="docdb" scheme="CPC">B60R2022/207       20130101 LA20160211BHEP        </classification-cpc><classification-cpc mxw-id="PCL-1973202698" load-source="docdb" scheme="CPC">B60R2022/266       20130101 LA20160211BHEP        </classification-cpc><classification-cpc mxw-id="PCL-1973202726" load-source="docdb" scheme="CPC">B64D  11/0644      20141201 LI20160211BHEP        </classification-cpc><classification-cpc mxw-id="PCL-1973205528" load-source="docdb" scheme="CPC">B61D  33/005       20130101 LI20160211BHEP        </classification-cpc><classification-cpc mxw-id="PCL-1973206324" load-source="docdb" scheme="CPC">B61D  33/0092      20130101 LI20160211BHEP        </classification-cpc><classification-cpc mxw-id="PCL-1973206912" load-source="docdb" scheme="CPC">B60N   2/242       20130101 LI20160211BHEP        </classification-cpc></classifications-cpc><invention-title mxw-id="PT165553091" lang="DE" load-source="patent-office">REKONFIGURIERBARE INSASSENSITZBANK</invention-title><invention-title mxw-id="PT165553092" lang="EN" load-source="patent-office">RE-CONFIGURABLE PASSENGER BENCH SEAT</invention-title><invention-title mxw-id="PT165553093" lang="FR" load-source="patent-office">SIÈGE DE BANC POUR PASSAGERS RECONFIGURABLE</invention-title></technical-data><parties><applicants><applicant mxw-id="PPAR1103314676" load-source="docdb" sequence="1" format="epo"><addressbook><last-name>AIRBUS OPERATIONS GMBH</last-name><address><country>DE</country></address></addressbook></applicant><applicant mxw-id="PPAR1103303559" load-source="docdb" sequence="1" format="intermediate"><addressbook><last-name>AIRBUS OPERATIONS GMBH</last-name></addressbook></applicant><applicant mxw-id="PPAR1101652494" load-source="patent-office" sequence="1" format="original"><addressbook><last-name>Airbus Operations GmbH</last-name><iid>101121620</iid><address><street>Kreetslag 10</street><city>21129 Hamburg</city><country>DE</country></address></addressbook></applicant></applicants><inventors><inventor mxw-id="PPAR1103306173" load-source="docdb" sequence="1" format="epo"><addressbook><last-name>TAUBERT SVEN</last-name><address><country>DE</country></address></addressbook></inventor><inventor mxw-id="PPAR1103321148" load-source="docdb" sequence="1" format="intermediate"><addressbook><last-name>TAUBERT, SVEN</last-name></addressbook></inventor><inventor mxw-id="PPAR1101650797" load-source="patent-office" sequence="1" format="original"><addressbook><last-name>TAUBERT, SVEN</last-name><address><street>c/o Airbus operations GmbH Kreetslag 10</street><city>21129 Hamburg</city><country>DE</country></address></addressbook></inventor><inventor mxw-id="PPAR1103317207" load-source="docdb" sequence="2" format="epo"><addressbook><last-name>SCHMIDT FLORIAN</last-name><address><country>DE</country></address></addressbook></inventor><inventor mxw-id="PPAR1103302683" load-source="docdb" sequence="2" format="intermediate"><addressbook><last-name>SCHMIDT, FLORIAN</last-name></addressbook></inventor><inventor mxw-id="PPAR1101641190" load-source="patent-office" sequence="2" format="original"><addressbook><last-name>SCHMIDT, FLORIAN</last-name><address><street>c/o Airbus operations GmbH Kreetslag 10</street><city>21129 Hamburg</city><country>DE</country></address></addressbook></inventor></inventors><agents><agent mxw-id="PPAR1101642244" load-source="patent-office" sequence="1" format="original"><addressbook><last-name>Schicker, Silvia</last-name><iid>101319588</iid><address><street>Wuesthoff &amp; Wuesthoff Patentanwälte PartG mbB Schweigerstrasse 2</street><city>81541 München</city><country>DE</country></address></addressbook></agent></agents></parties><international-convention-data><pct-or-regional-filing-data ucid="EP-2014053075-W"><document-id><country>EP</country><doc-number>2014053075</doc-number><kind>W</kind><date>20140218</date><lang>EN</lang></document-id></pct-or-regional-filing-data><pct-or-regional-publishing-data ucid="WO-2014128102-A1"><document-id><country>WO</country><doc-number>2014128102</doc-number><kind>A1</kind><date>20140828</date><lang>EN</lang></document-id></pct-or-regional-publishing-data><designated-states><ep-contracting-states><country mxw-id="DS660736632" load-source="docdb">AL</country><country mxw-id="DS660760414" load-source="docdb">AT</country><country mxw-id="DS660736634" load-source="docdb">BE</country><country mxw-id="DS660647358" load-source="docdb">BG</country><country mxw-id="DS660795440" load-source="docdb">CH</country><country mxw-id="DS660726349" load-source="docdb">CY</country><country mxw-id="DS660760419" load-source="docdb">CZ</country><country mxw-id="DS660736639" load-source="docdb">DE</country><country mxw-id="DS660726350" load-source="docdb">DK</country><country mxw-id="DS660726359" load-source="docdb">EE</country><country mxw-id="DS660644167" load-source="docdb">ES</country><country mxw-id="DS660647371" load-source="docdb">FI</country><country mxw-id="DS660647372" load-source="docdb">FR</country><country mxw-id="DS660736640" load-source="docdb">GB</country><country mxw-id="DS660726360" load-source="docdb">GR</country><country mxw-id="DS660736641" load-source="docdb">HR</country><country mxw-id="DS660760420" load-source="docdb">HU</country><country mxw-id="DS660795441" load-source="docdb">IE</country><country mxw-id="DS660736642" load-source="docdb">IS</country><country mxw-id="DS660647373" load-source="docdb">IT</country><country mxw-id="DS660726361" load-source="docdb">LI</country><country mxw-id="DS660725303" load-source="docdb">LT</country><country mxw-id="DS660760421" load-source="docdb">LU</country><country mxw-id="DS660725304" load-source="docdb">LV</country><country mxw-id="DS660725305" load-source="docdb">MC</country><country mxw-id="DS660643072" load-source="docdb">MK</country><country mxw-id="DS660643073" load-source="docdb">MT</country><country mxw-id="DS660644168" load-source="docdb">NL</country><country mxw-id="DS660647374" load-source="docdb">NO</country><country mxw-id="DS660643074" load-source="docdb">PL</country><country mxw-id="DS660795442" load-source="docdb">PT</country><country mxw-id="DS660644169" load-source="docdb">RO</country><country mxw-id="DS660795443" load-source="docdb">RS</country><country mxw-id="DS660643083" load-source="docdb">SE</country><country mxw-id="DS660795444" load-source="docdb">SI</country><country mxw-id="DS660647379" load-source="docdb">SK</country><country mxw-id="DS660643084" load-source="docdb">SM</country><country mxw-id="DS660726362" load-source="docdb">TR</country></ep-contracting-states><ep-extended-states><ep-extended-state-data><country>BA</country></ep-extended-state-data><ep-extended-state-data><country>ME</country></ep-extended-state-data></ep-extended-states></designated-states></international-convention-data><office-specific-data><eptags><ep-no-a-document-published>*</ep-no-a-document-published></eptags></office-specific-data></bibliographic-data><abstract mxw-id="PA139078787" ref-ucid="WO-2014128102-A1" lang="EN" load-source="patent-office"><p num="0000">A passenger bench seat (10) comprises a backrest (12), a seat element (14), a fastening rail (30) which extends substantially parallel to a longitudinal axis (L1) of the seat element (14) in the region of an edge of said seat element (14) that faces towards the backrest (12), and a seatbelt system (32). In a first configuration of the passenger bench seat (10), the seatbelt system (32) comprises a first number of seatbelts (34) which are detachably fastened to the fastening rail (30) in first positions which are adapted to said first configuration of the passenger bench seat (10). In a second configuration of the passenger bench seat (10), on the other hand, the seatbelt system (32) comprises a second number of seatbelts (34) which are detachably fastened to the fastening rail (30) in second positions which are adapted to said second configuration of the passenger bench seat (10).</p></abstract><abstract mxw-id="PA139545342" ref-ucid="WO-2014128102-A1" lang="EN" source="national office" load-source="docdb"><p>A passenger bench seat (10) comprises a backrest (12), a seat element (14), a fastening rail (30) which extends substantially parallel to a longitudinal axis (L1) of the seat element (14) in the region of an edge of said seat element (14) that faces towards the backrest (12), and a seatbelt system (32). In a first configuration of the passenger bench seat (10), the seatbelt system (32) comprises a first number of seatbelts (34) which are detachably fastened to the fastening rail (30) in first positions which are adapted to said first configuration of the passenger bench seat (10). In a second configuration of the passenger bench seat (10), on the other hand, the seatbelt system (32) comprises a second number of seatbelts (34) which are detachably fastened to the fastening rail (30) in second positions which are adapted to said second configuration of the passenger bench seat (10).</p></abstract><abstract mxw-id="PA139078788" ref-ucid="WO-2014128102-A1" lang="FR" load-source="patent-office"><p num="0000">Siège (10) de banc pour passagers comprenant un dossier (12), un élément siège (14), un rail de fixation (30) qui s'étend de manière sensiblement parallèle à un axe longitudinal (L1) de l'élément siège (14) dans la région d'un bord dudit élément siège (14) qui est tourné vers le dossier (12) et un système de ceinture de sécurité (32). Selon une première configuration du siège (10) de banc pour passagers, le système de ceinture de sécurité (32) comprend un premier nombre de ceintures de sécurité (34) qui sont fixées amovibles au rail de fixation (30) dans des premières positions qui sont adaptées à ladite première configuration du siège (10) de banc pour passagers. Selon une seconde configuration du siège (10) de banc pour passagers, par contre, le système de ceinture de sécurité (32) comprend un second nombre de ceintures de sécurité (34) qui sont fixées amovibles au rail de fixation (30) dans des secondes positions qui sont adaptées à ladite seconde configuration du siège (10) de banc pour passagers.</p></abstract><abstract mxw-id="PA139545343" ref-ucid="WO-2014128102-A1" lang="FR" source="national office" load-source="docdb"><p>Siège (10) de banc pour passagers comprenant un dossier (12), un élément siège (14), un rail de fixation (30) qui s'étend de manière sensiblement parallèle à un axe longitudinal (L1) de l'élément siège (14) dans la région d'un bord dudit élément siège (14) qui est tourné vers le dossier (12) et un système de ceinture de sécurité (32). Selon une première configuration du siège (10) de banc pour passagers, le système de ceinture de sécurité (32) comprend un premier nombre de ceintures de sécurité (34) qui sont fixées amovibles au rail de fixation (30) dans des premières positions qui sont adaptées à ladite première configuration du siège (10) de banc pour passagers. Selon une seconde configuration du siège (10) de banc pour passagers, par contre, le système de ceinture de sécurité (32) comprend un second nombre de ceintures de sécurité (34) qui sont fixées amovibles au rail de fixation (30) dans des secondes positions qui sont adaptées à ladite seconde configuration du siège (10) de banc pour passagers.</p></abstract><description mxw-id="PDES78477700" ref-ucid="WO-2014128102-A1" lang="EN" load-source="patent-office"><!-- EPO <DP n="2"/>--><p id="p0001" num="0001"> Re-configurable passenger bench seat </p><p id="p0002" num="0002">The invention relates to a passenger bench seat which is suitable for use in the passenger cabin of an aircraft, but also for use in other means of transport, such as buses or trains for example. </p><p id="p0003" num="0003">In modern means of transport, particularly in aircraft, optimum utilisation of the space available in a passenger cabin is of major economic importance. The cabin layout, particularly the layout of the passenger seats arranged in the passenger cabin, such as the allocation of a row of passenger seats to business class or to economy class for example, should be as flexibly, rapidly and easily re-configurable as possible. In addition, efforts are made to design the passenger cabin of a commercial aircraft in such a way that flexible adaptation of the cabin layout to the requirements of specific user groups, such as, for example, families with small children, senior citizens, people with restricted mobility, etc., is possible. </p><p id="p0004" num="0004">The underlying object of the invention is to make available a passenger bench seat which is suitable for use in a means of transport, such as an aircraft for example, and which is rapidly and easily re-configurable and can therefore be particularly flexibly adapted to the requirements of the operator of the means of transport and also to the requirements of specific groups of users of the means of transport. </p><p id="p0005" num="0005">This object is achieved by means of a passenger bench seat having the features in Patent Claim 1. </p><p id="p0006" num="0006">A passenger bench seat according to the invention comprises a backrest and also a seat element. The seat element has a seating surface which extends substantially perpendicularly to a backrest surface of the backrest. The bench seat may further comprise a carrier pedestal to which the backrest and seat element are fastened and which forms the load-bearing structure of the passenger bench seat. The carrier pedestal may be intended for fastening in a standardised seat rail which may be integrated into the floor of a passenger cabin in which the passenger bench seat is to be arranged. </p><p id="p0007" num="0007">The passenger bench seat further comprises a fastening rail which extends substantially parallel to a longitudinal axis of the seat element in the region of an edge of said seat element that faces towards the backrest. The fastening rail 
<!-- EPO <DP n="3"/>-->
 preferably extends over the entire length of the seat element, along that edge of said seat element which faces towards the backrest. The fastening rail may, for example, be of hollow-cylindrical construction and be fastened to the carrier pedestal that forms the load-bearing structure of the passenger bench seat. Said fastening rail may be embodied in the form of a one-piece component. If desired, however, it is also conceivably possible to embody the fastening rail in multipart form. Parts of the fastening rail which are constructed separately from one another can then be arranged one behind another, viewed in the direction of the longitudinal axis of the seat element, and extend between carrier elements of the carrier pedestal which are positioned at a distance from one another and extend substantially perpendicularly to the longitudinal axis of the seat element and which serve to support said seat element. With the passenger bench seat designed in such a way, the parts of the fastening rail which are constructed separately from one another may each be fastened to mutually adjacent carrier elements of the carrier pedestal. </p><p id="p0008" num="0008">Finally, the passenger bench seat comprises a seatbelt system which comprises, in a first configuration of said passenger bench seat, a first number of seatbelts which are detachably fastened to the fastening rail in first positions which are adapted to said first configuration of the passenger bench seat. In a second configuration of the passenger bench seat, the seatbelt system comprises a second number of seatbelts which are detachably fastened to the fastening rail in second positions which are adapted to said second configuration of the passenger bench seat. The fastening rail is preferably positioned in such a way that it is not directly visible to passengers using the passenger bench seat, but is easily accessible for fastening the seatbelts belonging to the seatbelt system. For example, the fastening rail may be arranged, in a region of the passenger bench seat in which the seat element and the backrest border on one another, in a gap which is defined by said seat element and said backrest and which is concealed, when the passenger bench seat is viewed from in front, by cushions belonging to the seat element and the backrest. In this region, said seat element and backrest preferably consist of a soft cushion material which permits easy access to the fastening rail. </p><p id="p0009" num="0009">The seatbelt system may comprise only one seatbelt, i.e. the first and second number of seatbelts may each amount to 1. With the seatbelt system designed in such a way, the seatbelt is then detachably fastened to the fastening rail at a different position in the first configuration of the passenger bench seat than in the second configuration of said passenger bench seat. Furthermore, it is conceivably 
<!-- EPO <DP n="4"/>-->
 possible for the seatbelt system to comprise several seatbelts, in which case the first number of seatbelts corresponds to the second number of seatbelts. Once again, the seatbelts are then detachably fastened to the fastening rail in a different position in the first configuration of the passenger bench seat than in the second configuration of said passenger bench seat. With the seatbelt system designed in such a way, the first configuration of the passenger bench seat therefore differs from the second configuration of the passenger bench seat in terms of the positioning of the seatbelts and thereby the positioning, on said passenger bench seat, of those sections of the passenger bench seat which are intended for use by individual passengers. For example, it is thereby possible to assign more or less space on the passenger bench seat to a passenger, or to vary the position, on said passenger bench seat, of a section of said passenger bench seat which is assigned to a passenger. </p><p id="p0010" num="0010">Finally, a design of the seatbelt system is conceivably possible in which the first number of seatbelts differs from the second number of seatbelts, i.e. the seatbelt system comprises a different number of seatbelts in the first configuration of the passenger bench seat than in the second configuration of said passenger bench seat. The additional seatbelts which are present in one configuration of the passenger bench seat may then be detachably fastened to the fastening rail at additional positions, while the fastening positions, on the fastening rail, of the seatbelts that are also present in the other configuration of the passenger bench seat are retained. As an alternative to this, however, it is also conceivably possible to also vary the positions of the seatbelts which are present in both configurations of the passenger bench seat, at least in some cases, in a manner dependent upon the configuration. With the seatbelt system designed in such a way, the first configuration of the passenger bench seat therefore differs from the second configuration of said passenger bench seat in terms of the number of seatbelts available and - optionally - also, if applicable, in terms of the positioning of the seatbelts and therefore the positioning, on the passenger bench seat, of those sections of said passenger bench seat which are intended for use by individual passengers. The passenger bench seat can then be used by a different number of passengers in a manner dependent upon the configuration, in which case it is possible, at the same time, to assign more or less space on the passenger bench seat to a passenger or to vary the position, on the passenger bench seat, of a section of said passenger bench seat which has been assigned to a passenger. 
<!-- EPO <DP n="5"/>-->
 As a result of the flexibly re-designable seatbelt system, the passenger bench seat can therefore be used either in its first configuration or in its second configuration, as required, the flexible safetybelt system guaranteeing compliance with the necessary safety standards in every configuration of the passenger bench seat. As a result of the detachable fastening of the seatbelt/sea belts belonging to the seatbelt system to the fastening rail of the passenger bench seat, said passenger bench seat is particularly rapidly and easily re-configurable, so that it can be converted by the cabin crew in a manner specific to requirements, for example during a turn-around, i.e. during the period within which a commercial aircraft is on the ground between two flights. The passenger bench seat permits flexible changing of the cabin layout in the direction of the longitudinal axis of the cabin (the x direction), since said passenger bench seat can be allocated either to business class or to economy class by suitable re-configuration. In addition to this, variation of the cabin layout in a direction perpendicular to the longitudinal axis of the cabin and parallel to the longitudinal axis of the seat element of the passenger bench seat (the y direction) is made possible by the variable occupation of said passenger bench seat. The passenger bench seat can therefore also be particularly flexibly adapted to the requirements of specific user groups. Said passenger bench seat thus permits particularly efficient use of the space available in a passenger cabin, particularly a passenger cabin of a commercial aircraft. Adaptation of the cabin crew planning to full utilisation of the passenger cabin in a manner dependent upon the configuration of the passenger bench seat makes it possible to achieve additional increases in efficiency. </p><p id="p0011" num="0011">In one preferred embodiment of the passenger bench seat, the seatbelt system comprises, in a third configuration of said passenger bench seat, a third number of seatbelts which are detachably fastened to the fastening rail in third positions which are adapted to said third configuration of the passenger bench seat. In the third configuration of the passenger bench seat, the third number of seatbelts may correspond to the first and/or second number of seatbelts belonging to the seatbelt system in the first or second configuration of the passenger bench seat respectively. In the third configuration of the passenger bench seat, however, the seatbelts belonging to the seatbelt system are then detachably fastened to the fastening rail in a different position than in the first or second configuration of said passenger bench seat. In the third configuration of said passenger bench seat, however, the seatbelt system preferably comprises a number of seatbelts that differs from the first and/or second number of seatbelts which said seatbelt system comprises in the first or 
<!-- EPO <DP n="6"/>-->
 second configuration of the passenger bench seat Once again, additional seatbelts which are present in the third configuration of the passenger bench seat can be detachably fastened to the fastening rail at additional positions, while seatbelts which are also present in the other configurations of the passenger bench seat remain in their positions. As an alternative to this, however, any desired repositioning of any desired number of that number of seatbelts belonging to the seatbelt system which is present in the third configuration of the passenger bench seat, relative to the first and/or second configuration of said passenger bench seat, is conceivably possible. </p><p id="p0012" num="0012">In one preferred embodiment of the passenger bench seat, said passenger bench seat is intended to be occupied by two passengers in its first configuration. The seatbelt system then comprises two seatbelts which are detachably fastened to the fastening rail in first positions. In its second configuration, on the other hand, the passenger bench seat may be intended to be occupied by three passengers. The seatbelt system then comprises three seatbelts which are detachably fastened to the fastening rail at corresponding second positions in each case. Finally, in its third configuration, the passenger bench seat may be intended to offer space to four passengers. The seatbelt system then comprises four seatbelts which are detachably fastened to the fastening rail at corresponding fourth positions. </p><p id="p0013" num="0013">In its first configuration, the passenger bench seat then offers an increased amount of space to two passengers. In its first configuration, therefore, the passenger bench seat is suitable, for example, for use in the business class of a commercial aircraft or for occupation by passengers who require increased space such as, for example, overweight passengers or passengers with restricted mobility. In its second configuration, on the other hand, the passenger bench seat may be expediently used in the economy class of a commercial aircraft and offers sufficient space for three passengers who do not require increased space. Finally, in its third configuration, the passenger bench seat is particularly well suited to use by families with small children since, in its third configuration, said passenger bench seat offers sufficient space for two adults and also for two small children sitting, for example, between the two adults. </p><p id="p0014" num="0014">In one preferred embodiment of the passenger bench seat, the seat element has a continuous seating surface. Here, a "continuous seating surface" is understood to mean a seating surface in which individual sections of said seating surface are not separated from one another by gaps, projections or the like. As a result, the comfort 
<!-- EPO <DP n="7"/>-->
 of passengers sitting on the passenger bench seat is not impaired by re-configuration of the latter. </p><p id="p0015" num="0015">Alternatively or in addition to this, the backrest of the passenger bench seat may be provided with a continuous backrest surface. Here again, a "continuous backrest surface" is understood to mean a backrest surface in which individual sections of said backrest are not separated from one another by gaps, projections or the like. A continuous backrest surface likewise ensures that the comfort of passengers sitting on the passenger bench seat is not impaired by re-configuration of the latter. Said passenger bench seat preferably has a rigid backrest, i.e. a backrest which cannot be tilted, relative to the seat element, between an upright position and a reclined position. </p><p id="p0016" num="0016">A plurality of first seatbelt-retaining elements, which are arranged in a manner distributed along the fastening rail, may be provided on said fastening rail. Each first seatbelt-retaining element may be detachably connectable to a second seatbelt- retaining element which is provided on a seatbelt of the seatbelt system. Basically, the first seatbelt-retaining elements must be rigidly connected to the fastening rail or constructed in a manner integrated with said fastening rail. With the passenger bench seat designed in such a way, it is then necessary to provide a corresponding number of first seatbelt-retaining elements which makes it possible to fasten the seatbelts belonging to the seatbelt system to the fastening rail at suitable positions in dependence upon the configuration of the passenger bench seat. Re-configuration of said passenger bench seat then requires no repositioning of the first seatbelt- retaining elements and can therefore be achieved particularly rapidly and easily. In at least one configuration of the passenger bench seat, however, at least one unused first seatbelt-retaining element is then present, which increases the weight of said passenger bench seat. </p><p id="p0017" num="0017">As an alternative to this, therefore, it is conceivably possible to equip the passenger bench seat with at least one first seatbelt-retaining element which is displaceable along the fastening rail and lockable in various positions along the latter. For the purpose of re-configuring the passenger bench seat, it is then necessary to displace the first seatbelt-retaining element along the fastening rail, if applicable, and to lock it in the desired position. However, the passenger bench seat is then distinguished by particularly low weight since it is not necessary to provide any first seatbelt- retaining elements which are unused in at least one configuration of the passenger 
<!-- EPO <DP n="8"/>-->
 bench seat. If desired, all the first seatbelt-retaining elements belonging to the passenger bench seat may be embodied so as to be displaceable along the fastening rail and lockable in various positions along the latter. Furthermore, it is conceivably possible to connect some of the first seatbelt-retaining elements, which are provided, for example, in the region of the ends of the fastening rail, rigidly to said fastening rail, or to construct them in a manner integrated with the latter, but additionally to also provide first seatbelt-retaining elements which are displaceable along the fastening rail and lockable in various positions along the latter. </p><p id="p0018" num="0018">At least one first seatbelt-retaining element may comprise a fastening section which extends round a periphery of the fastening rail. The fastening section may be, for example, of substantially ring-shaped construction. Said fastening section is preferably dimensioned in such a way that it is displaceable along the fastening rail, relative to the latter. Locking of the fastening section in a desired position along the fastening rail may be achieved, for example, by means of a suitable fastening device, such as, for example, a screw or the like, which is supported on a peripheral surface of the fastening rail or comes into engagement with a thread provided in the latter. Furthermore, it is conceivably possible to construct the fastening section in the form of a tubular clip or the like, which can be fixed in its position along the fastening rail by means of a clamping screw or the like. </p><p id="p0019" num="0019">At least one first seatbelt-retaining element may also comprise a connecting section, which extends from the fastening section, for connecting the first seatbelt-retaining element to a second seatbelt-retaining element. Said connecting section may extend from the fastening section in the radial direction for example. If desired, all the first seatbelt-retaining elements may comprise a fastening section which extends round a periphery of the fastening rail and/or a connecting section which extends from said fastening section. </p><p id="p0020" num="0020">The connecting section preferably comprises a first connecting plate and also a second connecting plate which extends substantially parallel to said first connecting plate. The connecting section may also comprise a connecting shaft which extends, substantially perpendicularly to the first and second connecting plates, between the first and the second connecting plate. </p><p id="p0021" num="0021">At least one second seatbelt-retaining element may comprise a connecting snap-hook with a snap-hook nose which is resiliently pretensioned into a closed position of said 
<!-- EPO <DP n="9"/>-->
 connecting snap-hook. The connecting snap-hook can be brought into engagement, in a simple and secure manner, with the connecting shaft of the connecting section of a first seatbelt-retaining element, in order to connect the second seatbelt-retaining element to said first seatbelt-retaining element. Furthermore, at least one second seatbelt-retaining element may comprise a baseplate and also an eye, which is formed in said baseplate, for connecting said second seatbelt-retaining element to a belt element of the seatbelt. If desired, all the second seatbelt-retaining elements may be constructed with a connecting snap-hook of this kind, a baseplate of this kind and/or an eye for connecting the second seatbelt-retaining element to a belt element of the seatbelt. </p><p id="p0022" num="0022">The passenger bench seat may further comprise an armrest system which comprises, in a first configuration of the passenger bench seat, a first number of armrests which are arranged in first positions which are adapted to said first configuration of the passenger bench seat. In a second configuration of the passenger bench seat, the armrest system may comprise a second number of armrests which are arranged in second positions which are adapted to said second configuration of the passenger bench seat. The first number of armrests may be equal to the second number of armrests. With the passenger bench seat designed in such a way, however, the armrests belonging to the armrest system are arranged in a different position in the first configuration of the passenger bench seat than in the second configuration of said passenger bench seat. However, the first number of armrests preferably differs from the second number of armrests, i.e. the passenger bench seat comprises a different number of armrests in its first configuration than in its second configuration. </p><p id="p0023" num="0023">In a third configuration of the passenger bench seat, the armrest system preferably comprises a third number of armrests, which are arranged in third positions which are adapted to said third configuration of the passenger bench seat. The third number of armrests may correspond to the first and/or second number of armrests, so that the armrests belonging to the armrest system in the third configuration of the passenger bench seat are merely arranged at different positions than in the first or second configuration of said passenger bench seat. However, the third number of armrests preferably differs from the first and/or second number of armrests which the armrest system comprises in the first or second configuration of the passenger bench seat. 
<!-- EPO <DP n="10"/>-->
 For example, in the first configuration of the passenger bench seat in which the latter is intended for occupation by two passengers, the armrest system of said passenger bench seat may comprise three armrests: two outer armrests which are rigidly connected to the carrier pedestal of the passenger bench seat and also a central armrest which is arranged between the two sections of said passenger bench seat which are intended for occupation by one passenger each. In the second </p><p id="p0024" num="0024">configuration of the passenger bench seat in which the latter is intended for occupation by three passengers, on the other hand, the armrest system may comprise four armrests: once again two outer armrests which are rigidly connected to the carrier pedestal of the passenger bench seat and also two central armrests which are each arranged between the sections of said passenger bench seat which are intended for occupation by one passenger each. If desired, the central armrest which is used in the first configuration of the passenger bench seat may be wider than the two central armrests which are used in the second configuration of said passenger bench seat. In the third configuration of the passenger bench seat in which the latter is intended for occupation by four persons, on the other hand, the armrest system may comprise only two armrests: the two outer armrests which are ridigly connected to the carrier pedestal of the passenger bench seat. As a result, a maximum amount of space is made available to the passengers sitting on said passenger bench seat. </p><p id="p0025" num="0025">The armrest system preferably comprises at least one recess, which is constructed in the backrest of the passenger bench seat, for receiving an armrest. Said recess is used for receiving an armrest in a configuration of the passenger bench seat in which said armrest is not used. The recess is preferably dimensioned in such a way that it is capable of receiving the armrest so completely that a surface of the armrest which faces towards the seating surface of the seat element when the armrest is in a usable condition, is aligned flush with the backrest surface of the backrest when the armrest is in a condition in which it is received in the recess. When the armrest is received in the recess, the seating comfort of a passenger sitting on the passenger bench seat is consequently not restricted. </p><p id="p0026" num="0026">The armrest system is preferably provided with a number of recesses constructed in the backrest of the passenger bench seat that corresponds to the number of the armrests which are adjustable between a usable condition and a folded-up condition. For example, the armrest system may comprise a first recess, which is constructed in the backrest of the passenger bench seat, for receiving a central armrest which is 
<!-- EPO <DP n="11"/>-->
 suitable for use in the first configuration of said passenger bench seat, in which the latter is intended for occupation by two passengers. In addition to this, the armrest system preferably comprises two second recesses which are constructed in the backrest of the passenger bench seat and serve to receive two central armrests which can be used in the second configuration of said passenger bench seat, in which the latter is to be occupied by three passengers. </p><p id="p0027" num="0027">The backrest of the passenger bench seat may be provided with a stiffening structure in the region of an edge that faces away from the seat element. Said stiffening structure may be integrated into the backrest in a manner which is not visible from outside. As an alternative to this, however, it is also conceivably possible to equip the backrest with a visible stiffening structure. For example, said backrest may comprise, in the region of its upper edge that faces away from the seat element, a stiffened plastic structure which may, if desired, be provided with a handle element. The backrest may then by used by a passenger for the purpose of supporting himself when sitting down on the passenger bench seat or when getting up from the latter. </p><p id="p0028" num="0028">An above-described passenger bench seat is particularly well suited to use in an aircraft. </p><p id="p0029" num="0029">One preferred form of embodiment of the invention will now be explained in greater detail with the aid of the appended diagrammatic drawings, in which: </p><p id="p0030" num="0030">Figure 1 shows a passenger bench seat which is suitable for use in a means of transport, particularly an aircraft, in a first configuration; </p><p id="p0031" num="0031">Figure 2 shows the passenger bench seat according to Figure 1, occupied by two passengers; </p><p id="p0032" num="0032">Figure 3 shows the passenger bench seat according to Figure 1, in a second configuration; </p><p id="p0033" num="0033">Figure 4 shows the passenger bench seat according to Figure 3, occupied by three passengers; 
<!-- EPO <DP n="12"/>-->
 Figure 5 shows the passenger bench seat according to Figure 1, in a third configuration; </p><p id="p0034" num="0034">Figure 6 shows the passenger bench seat according to Figure 5, occupied by four passengers; </p><p id="p0035" num="0035">Figure 7 shows part of a carrier pedestal and also a fastening rail belonging to the passenger bench seat according to Figures 1 to 6; </p><p id="p0036" num="0036">Figure 8 shows a detail view of the fastening rail according to Figure 7, a first seatbelt-retaining element which is fastened to said fastening rail, and also a second seatbelt-retaining element; and </p><p id="p0037" num="0037">Figure 9 shows the detail view of the fastening rail, the first seatbelt-retaining element and the second seatbelt-retaining element according to Figure 8, in which detail view the first and second seatbelt-retaining elements are in engagement with one another. </p><p id="p0038" num="0038">Figures 1 to 6 show a passenger bench seat 10 which is suitable for use in a passenger cabin belonging to a means of transport, in particular a commercial aircraft. Said passenger bench seat 10 comprises a backrest 12 and also a seat element 14. A seating surface 16 of said seat element 14 extends substantially perpendicularly to a backrest surface 18 of the backrest 12. The seating surface 16 of the seat element 14 is constructed in the form of a continuous seating surface 16, i.e. said seating surface 16 has no gaps, projections or the like. Similarly, the backrest surface 18 is constructed in the form of a continuous backrest surface 18, i.e. said backrest surface 18 also has no gaps, projections or the like. The passenger bench seat 10 is equipped with a rigid backrest, i.e. a backrest which cannot be tilted, relative to the seat element 14, between an upright position and a reclined position. </p><p id="p0039" num="0039">The passenger bench seat 10 further comprises a carrier pedestal 20 to which the backrest 12 and the seat element 14 are fastened and which forms the load-bearing structure of said passenger bench seat 10. As can be seen in Figures 1 to 6, the carrier pedestal 20 comprises three supporting elements 22 which are each intended to be fixed in a standardised seat rail integrated into a floor of the passenger cabin. The carrier pedestal 20 further comprises four carrier elements 24 which are 
<!-- EPO <DP n="13"/>-->
 arranged one behind another at a distance from one another, viewed in the direction of a longitudinal axis L of the seat element 14, and which serve, among other things, to support said seat element 14; see Figure 7. The carrier elements 24 are connected to one another by two supporting struts 26 which extend substantially parallel to the longitudinal axis L of the seat element 14 and also parallel to one another. The carrier elements 24 are each L-shaped, i.e. each carrier element 24 has a section 28 which extends substantially perpendicularly to the seating surface 16 of the seat element 14 in the direction of the backrest 12 and serves to support said backrest 12. </p><p id="p0040" num="0040">The passenger bench seat 10 further comprises a fastening rail 30; see Figures 7 to 9. Said fastening rail 30 extends substantially parallel to the longitudinal axis L of the seat element 14 in the region of an edge of said seat element 14 that faces towards the backrest 12. In the exemplary embodiment of a passenger bench seat 10 which is shown in the figures, the fastening rail 30 is of one-piece and hollow-cylindrical construction and is fastened to the sections 28 of the carrier elements 24 of the carrier pedestal 20, said fastening rail 30 passing through the sections 28 of the two central carrier elements 24. As an alternative to this, a multipart embodiment of the fastening rail 30 would also be conceivably possible, in which the parts, which are constructed separately from one another, could each extend between two mutually adjacent carrier elements 24. </p><p id="p0041" num="0041">Finally, the passenger bench seat 10 comprises a seatbelt system 32. In a first configuration of the passenger bench seat 10, which is illustrated in Figures 1 and 2, the seatbelt system 32 comprises a first number of seatbelts 34, namely two seatbelts 34, which are detachably fastened to the fastening rail 30 in first positions which are adapted to said first configuration of the passenger bench seat 10. As can be seen in Figure 2, said passenger bench seat 10 is intended, in its first </p><p id="p0042" num="0042">configuration, for occupation by two passengers, half the passenger bench seat being available to each passenger. For example, the passenger bench seat 10 may be used, in its first configuration, in business class or for occupation by passengers who require increased space. </p><p id="p0043" num="0043">Figures 3 and 4 illustrate a second configuration of the passenger bench seat 10. In said second configuration of the passenger bench seat 10, the seatbelt system 32 comprises a second number of seatbelts 34, namely three seatbelts 34, which are detachably fastened to the fastening rail 30 in second positions which are adapted to 
<!-- EPO <DP n="14"/>-->
 said second configuration of the passenger bench seat 10. As is apparent, in particular, from Figure 4, said passenger bench seat 10 is intended, in its second configuration, for occupation by three passengers. In its second configuration, the passenger bench seat 10 may be used as a conventional economy class passenger bench seat which is occupied by three passengers. </p><p id="p0044" num="0044">Finally, Figures 5 and 6 show the passenger bench seat 10 in a third configuration. In said third configuration of the passenger bench seat 10, the seatbelt system 32 comprises a third number of seatbelts 34, namely four seatbelts 34, which are detachably fastened to the fastening rail 30 in third positions which are adapted to said third configuration of the passenger bench seat 10. As is illustrated in Figure 6, in its third configuration, said passenger bench seat 10 is intended for occupation by four persons. In its third configuration, the passenger bench seat 10 may, for example, advantageously be used by a family with two adults and two small children, said two small children being seated between the two adults. </p><p id="p0045" num="0045">In order to permit detachable fastening of the seatbelts 34 belonging to the seatbelt system 32 at various positions on the fastening rail 30, first seatbelt-retaining elements 36 are attached to said fastening rail 30; see Figures 7 to 9. Each first seatbelt-retaining element 36 comprises a fastening section 38 which extends round a periphery of the fastening rail 30. The fastening section 38 is of substantially ring- shaped construction and is dimensioned in such a way that it is displaceable along the fastening rail 30. Furthermore, the fastening section 38 can be locked, by means of a fastening arrangement which is not illustrated, for example a screw, at various positions along the fastening rail 30. In other words, the fastening section 38 and therefore the first seatbelt-retaining element 36 is displaceable along the fastening rail 30 and lockable in a desired position along the latter. </p><p id="p0046" num="0046">Furthermore, each seatbelt-retaining element 36 is provided with a connecting section 40 which extends from the fastening section 38 in the radial direction. Said connecting section 40 comprises a first connecting plate 42 and also a second connecting plate 44 which extends substantially parallel to said first connecting plate 42; see particularly Figure 8. A connecting shaft 46 extends, substantially </p><p id="p0047" num="0047">perpendicularly to the first and second connecting plates 42, 44, between the first and the second connecting plate 42, 44. 
<!-- EPO <DP n="15"/>-->
 Each first seatbelt-retaining element 36 is intended to interact with a second seatbelt-retaining element 48. Each second seatbelt-retaining element 48 comprises a connecting snap-hook 50 with a snap-hook nose 52 which is resiliently </p><p id="p0048" num="0048">pretensioned into a closed position of said connecting snap-hook 50. The connecting snap-hook 50 can be brought into engagement, in a simple and secure manner, with the connecting shaft 46 of the connecting section 40 of a first seatbelt-retaining element 36, in order to connect the second seatbelt-retaining element 48 securely to said first seatbelt-retaining element 36; see Figures 8 and 9. Furthermore, each second seatbelt-retaining element 48 has a baseplate 54. Constructed in said baseplate 54 is an eye 56 which serves to connect the second seatbelt-retaining element 48 to a belt element of a seatbelt 34. </p><p id="p0049" num="0049">The passenger bench seat 10 further comprises an armrest system 58. In the first configuration of the passenger bench seat 10, which is represented in Figures 1 and 2, said armrest system 58 comprises a first number of armrests 60a, 60b, namely three armrests 60a, 60b which are arranged in first positions which are adapted to said first configuration of the passenger bench seat 10. In particular, in the first configuration of the passenger bench seat, the armrest system 58 comprises two outer armrests 60a which are rigidly connected to the carrier pedestal 20, and also a central armrest 60b which is arranged between the two sections of the passenger bench seat 10 which are intended for occupation by one passenger each. </p><p id="p0050" num="0050">In the second configuration of the passenger bench seat 10 according to Figures 3 and 4, on the other hand, the armrest system 58 comprises a second number of armrests 60a, 60c, namely four armrests 60a, 60c. In particular, in the second configuration of the passenger bench seat 10, the armrest system 58 comprises the two outer armrests 60a which are rigidly connected to the carrier pedestal 20, and also two central armrests 60c which are each arranged between the sections of the passenger bench seat 10 which are intended for occupation by one passenger each. The central armrests 60c which are used in the second configuration of the passenger bench seat 10 have a smaller width than the central armrest 60b which is used in the first configuration of the passenger bench seat 10, in which the latter is occupied by only two passengers. </p><p id="p0051" num="0051">In the third configuration of the passenger bench seat 10, on the other hand, the armrest system 58 comprises a third number of armrests 60a, namely two armrests 60a. In particular, in the third configuration of the passenger bench seat 10, in which 
<!-- EPO <DP n="16"/>-->
 said passenger bench seat is intended for occupation by four persons, the armrest system 58 has only the two outer armrests 60a which are rigidly connected to the carrier pedestal 20. </p><p id="p0052" num="0052">Finally, the armrest system 58 comprises three recesses 62a, 62b which are constructed in the backrest 12 of the passenger bench seat 10. In the second and third configurations of the passenger bench seat 10, the recess 62a serves to receive the central armrest 60b which is used only in the first configuration of said passenger bench seat 10. In the first and fourth configurations of the passenger bench seat 10, on the other hand, the two recesses 62b serve to receive the two central armrests 60c which are used only in the second configuration of the passenger bench seat 10 when the latter is occupied by three passengers. Each of the recesses 62a, 62b is dimensioned in such a way that it is capable of receiving the corresponding armrest 60b, 60c so completely that a surface of the armrest 60b, 60c which faces towards the seating surface 16 of the seat element 14 when the armrest 60b, 60c is in a usable condition, is aligned flush with the backrest surface 18 of the backrest 12 when the armrest 60b, 60c is in a condition in which it is received in the recess 62a, 62b. </p><p id="p0053" num="0053">Finally, the backrest 12 of the passenger bench seat 10 may be provided with a stiffened structure 64 in the region of an edge that faces away from the seat element 14. The backrest 12 or the stiffening structure 64 may then be used by a passenger for the purpose of supporting himself when sitting down on the passenger bench seat 10 or when getting up from the latter. </p><p id="p0054" num="0054">For the purpose of re-configuring the passenger bench seat 10, it is merely </p><p id="p0055" num="0055">necessary to adapt the number and positions of the seatbelts 34 belonging to the seatbelt system 32 to the desired new configuration of said passenger bench seat 10. For this purpose, the second seatbelt-retaining elements 48 of seatbelts 34 which are no longer needed in the desired new configuration of the passenger bench seat 10 are detached from the corresponding first seatbelt-retaining elements 36. </p><p id="p0056" num="0056">Furthermore, said first seatbelt-retaining elements 36 which are still connected to the second seatbelt-retaining elements 48 which are needed, even in the desired new configuration of the passenger bench seat 10, are displaced to the desired position along the fastening rail 30 and locked at that point. As an alternative to this, the second seatbelt-retaining elements 48 of seatbelts 34 which are additionally needed in the desired new configuration of the passenger bench seat 10 may be connected 
<!-- EPO <DP n="17"/>-->
 to first seatbelt-retaining elements 36 which have been suitably positioned beforehand. 
</p></description><claims mxw-id="PCLM70077980" ref-ucid="WO-2014128102-A1" lang="EN" load-source="patent-office"><claim-statement><!-- EPO <DP n="18"/>-->Patent claims </claim-statement><claim id="clm-0001" num="1"><claim-text>1. Passenger bench seat (10) having: </claim-text><claim-text> - a backrest (12); </claim-text><claim-text> - a seat element (14); </claim-text><claim-text> - a fastening rail (30) which extends substantially parallel to a longitudinal axis (LI) of the seat element (14) in the region of an edge of said seat element (14) that faces towards the backrest (12); and </claim-text><claim-text> - a seatbelt system (32) which comprises, in a first configuration of the passenger bench seat (10), a first number of seatbelts (34) which are detachably fastened to the fastening rail (30) in first positions which are adapted to said first configuration of the passenger bench seat (10), and which seatbelt system (32) comprises, in a second configuration of the passenger bench seat (10), a second number of seatbelts (34) which are detachably fastened to the fastening rail (30) in second positions which are adapted to said second configuration of the passenger bench seat (10). </claim-text></claim><claim id="clm-0002" num="2"><claim-text>2. Passenger bench seat according to Claim 1, </claim-text><claim-text> characterised in that the seatbelt system (32) comprises, in a third </claim-text><claim-text> configuration of the passenger bench seat (10), a third number of seatbelts (34) which are detachably fastened to the fastening rail (30) in third positions which are adapted to said third configuration of the passenger bench seat (10). </claim-text></claim><claim id="clm-0003" num="3"><claim-text>3. Passenger bench seat according to Claim 1 or 2, </claim-text><claim-text> characterised in that the seat element (14) has a continuous seating surface (16). </claim-text></claim><claim id="clm-0004" num="4"><claim-text>4. Passenger bench seat according to one of Claims 1 to 3, </claim-text><claim-text> characterised in that the backrest (12) has a continuous backrest surface (18). </claim-text></claim><claim id="clm-0005" num="5"><claim-text>5. Passenger bench seat according to one of Claims 1 to 4, </claim-text><claim-text> characterised in that there is provided, on the fastening rail (30), a plurality of first seatbelt-retaining elements (36) which are arranged in a manner distributed along said fastening rail (30), each first seatbelt-retaining element (36) being detachably connectable to a second seatbelt-retaining element (48) provided on a seatbelt (34) of the seatbelt system (32). 
<!-- EPO <DP n="19"/>-->
</claim-text></claim><claim id="clm-0006" num="6"><claim-text>6. Passenger bench seat according to Claim 5, </claim-text><claim-text> characterised in that at least one first seatbelt-retaining element (36) is displaceable along the fastening rail (30) and lockable in various positions along said fastening rail (30). </claim-text></claim><claim id="clm-0007" num="7"><claim-text>7. Passenger bench seat according to Claim 5 or 6, </claim-text><claim-text> characterised in that at least one first seatbelt-retaining element (36) comprises a fastening section (38) which extends round a periphery of the fastening rail (30), and a connecting section (40), which extends from said fastening section (38), for connecting said first seatbelt-retaining element (36) to a second seatbelt-retaining element (48). </claim-text></claim><claim id="clm-0008" num="8"><claim-text>8. Passenger bench seat according to Claim 7, </claim-text><claim-text> characterised in that the connecting section (40) comprises a first connecting plate (42), a second connecting plate (44) which extends substantially parallel to said first connecting plate (42) and a connecting shaft (46) which extends, substantially perpendicularly to the first and second connecting plates (42, 44), between the first and the second connecting plate (42, 44). </claim-text></claim><claim id="clm-0009" num="9"><claim-text>9. Passenger bench seat according to one of Claims 5 to 8, </claim-text><claim-text> characterised in that at least one second seatbelt-retaining element (48) comprises a connecting snap-hook (50) with a snap-hook nose (52) which is resiliently pretensioned into a closed position of said connecting snap-hook (50). </claim-text></claim><claim id="clm-0010" num="10"><claim-text>10. Passenger bench seat according to one of Claims 5 to 9, </claim-text><claim-text> characterised in that at least one second seatbelt-retaining element (48) comprises a baseplate (54) and also an eye (56), which is formed in said baseplate (54), for connecting said second seatbelt-retaining element (48) to a belt element of the seatbelt (34). </claim-text></claim><claim id="clm-0011" num="11"><claim-text>11. Passenger bench seat according to one of Claims 1 to 10, </claim-text><claim-text> characterised by an armrest system (58) which comprises, in a first configuration of the passenger bench seat (10), a first number of armrests (60a, 60b) which are arranged in first positions which are adapted to said first configuration of the passenger bench seat (10), and which armrest system 
<!-- EPO <DP n="20"/>-->
 (58) comprises, in a second configuration of the passenger bench seat (10), a second number of armrests (60b, 60c) which are arranged in second positions which are adapted to said second configuration of the passenger bench seat (10). </claim-text></claim><claim id="clm-0012" num="12"><claim-text>12. Passenger bench seat according to Claim 11, </claim-text><claim-text> characterised in that the armrest system (58) comprises, in a third </claim-text><claim-text> configuration of the passenger bench seat (10), a third number of armrests (60a) which are arranged in third positions which are adapted to said third configuration of the passenger bench seat (10). </claim-text></claim><claim id="clm-0013" num="13"><claim-text>13. Passenger bench seat according to Claim 11 or 12, </claim-text><claim-text> characterised in that the armrest system (58) comprises at least one recess (62a, 62b), which is constructed in the backrest (12) of the passenger bench seat (10), for receiving an armrest (60b, 60c), said recess (62a, 62b) being dimensioned in such a way that it is capable of receiving the armrest (60b, 60c) so completely that a surface of the armrest (60b, 60c) which faces towards the seating surface (16) of the seat element (14) when the armrest (60b, 60c) is in a usable condition, is aligned flush with the backrest surface (18) of the backrest (12) when the armrest (60b, 60c) is in a condition in which it is received in the recess (62a, 62b). </claim-text></claim><claim id="clm-0014" num="14"><claim-text>14. Passenger bench seat according to one of Claims 1 to 13, </claim-text><claim-text> characterised in that the backrest (12) is equipped with a stiffening structure (64) in the region of an edge that faces away from the seat element (14). </claim-text></claim><claim id="clm-0015" num="15"><claim-text>15. Use of a passenger bench seat (10) according to one of Claims 1 to 14 in an aircraft. 
</claim-text></claim></claims><copyright>User acknowledges that Fairview Research LLC and its third party providers retain all right, title and interest in and to this xml under applicable copyright laws.  User acquires no ownership rights to this xml including but not limited to its format.  User hereby accepts the terms and conditions of the Licence Agreement</copyright></patent-document>
