<?xml version="1.0" encoding="UTF-8"?>
<patent-document ucid="EP-2680992-A1" country="EP" doc-number="2680992" kind="A1" date="20140108" family-id="45774210" file-reference-id="301365" date-produced="20180823" status="corrected" lang="DE"><bibliographic-data><publication-reference fvid="146586776" ucid="EP-2680992-A1"><document-id><country>EP</country><doc-number>2680992</doc-number><kind>A1</kind><date>20140108</date><lang>DE</lang></document-id></publication-reference><application-reference ucid="EP-12706565-A" is-representative="NO"><document-id mxw-id="PAPP154848968" load-source="docdb" format="epo"><country>EP</country><doc-number>12706565</doc-number><kind>A</kind><date>20120228</date><lang>DE</lang></document-id><document-id mxw-id="PAPP179672034" load-source="docdb" format="original"><country>EP</country><doc-number>12706565.4</doc-number><date>20120228</date></document-id></application-reference><priority-claims><priority-claim mxw-id="PPC140552579" ucid="DE-102011004855-A" load-source="docdb"><document-id format="epo"><country>DE</country><doc-number>102011004855</doc-number><kind>A</kind><date>20110228</date></document-id></priority-claim><priority-claim mxw-id="PPC140556923" ucid="EP-2012053313-W" linkage-type="W" load-source="docdb"><document-id format="epo"><country>EP</country><doc-number>2012053313</doc-number><kind>W</kind><date>20120228</date></document-id></priority-claim></priority-claims><technical-data><classifications-ipcr><classification-ipcr mxw-id="PCL1989320316" load-source="docdb">B23C   5/10        20060101AFI20120921BHEP        </classification-ipcr></classifications-ipcr><classifications-cpc><classification-cpc mxw-id="PCL-1967042568" load-source="docdb" scheme="CPC">Y10T 407/1904      20130101 LA20160224BHEP        </classification-cpc><classification-cpc mxw-id="PCL-2036690561" load-source="docdb" scheme="CPC">B23C2226/125       20130101 LA20150723BHEP        </classification-cpc><classification-cpc mxw-id="PCL-2036690848" load-source="docdb" scheme="CPC">B23C2210/02        20130101 LA20150723BHEP        </classification-cpc><classification-cpc mxw-id="PCL-2036692680" load-source="docdb" scheme="CPC">Y10T 407/1906      20130101 LA20150722BHEP        </classification-cpc><classification-cpc mxw-id="PCL-2036693858" load-source="docdb" scheme="CPC">B23C2210/208       20130101 LA20150723BHEP        </classification-cpc><classification-cpc mxw-id="PCL-2036693912" load-source="docdb" scheme="CPC">B23C   5/1009      20130101 LI20150723BHEP        </classification-cpc><classification-cpc mxw-id="PCL-2036696422" load-source="docdb" scheme="CPC">B23C2210/203       20130101 LA20150723BHEP        </classification-cpc><classification-cpc mxw-id="PCL-2036696802" load-source="docdb" scheme="CPC">B23C2210/03        20130101 LA20150723BHEP        </classification-cpc><classification-cpc mxw-id="PCL-2036697405" load-source="docdb" scheme="CPC">Y10T 407/1946      20130101 LA20150722BHEP        </classification-cpc><classification-cpc mxw-id="PCL-2036697693" load-source="docdb" scheme="CPC">B23C2240/08        20130101 LA20150723BHEP        </classification-cpc><classification-cpc mxw-id="PCL-2036699612" load-source="docdb" scheme="CPC">B23C2210/209       20130101 LA20150723BHEP        </classification-cpc><classification-cpc mxw-id="PCL-2036699657" load-source="docdb" scheme="CPC">B23C2226/315       20130101 LA20150723BHEP        </classification-cpc><classification-cpc mxw-id="PCL-2036700335" load-source="docdb" scheme="CPC">B23C2210/205       20130101 LA20150723BHEP        </classification-cpc><classification-cpc mxw-id="PCL-2036700352" load-source="docdb" scheme="CPC">B23C2210/207       20130101 LA20150723BHEP        </classification-cpc><classification-cpc mxw-id="PCL-2036701383" load-source="docdb" scheme="CPC">B23C2240/32        20130101 LA20150723BHEP        </classification-cpc><classification-cpc mxw-id="PCL1989632370" load-source="docdb" scheme="CPC">B23C   5/1081      20130101 FI20131121BHEP        </classification-cpc></classifications-cpc><invention-title mxw-id="PT132364961" lang="DE" load-source="patent-office">FRÄSER FÜR DIE HARTZERSPANUNG</invention-title><invention-title mxw-id="PT132364962" lang="EN" load-source="patent-office">MILLING CUTTER FOR HARD MACHINING</invention-title><invention-title mxw-id="PT132364963" lang="FR" load-source="patent-office">FRAISE POUR USINAGE PAR ENLÈVEMENT DE COPEAUX DE MATÉRIAUX DURS</invention-title><citations><non-patent-citations><nplcit><text>See references of WO 2012116969A1</text><sources><source mxw-id="PNPL67456149" load-source="docdb" name="SEA"/></sources></nplcit></non-patent-citations></citations></technical-data><parties><applicants><applicant mxw-id="PPAR919515961" load-source="docdb" sequence="1" format="epo"><addressbook><last-name>CERAMTEC GMBH</last-name><address><country>DE</country></address></addressbook></applicant><applicant mxw-id="PPAR919522792" load-source="docdb" sequence="1" format="intermediate"><addressbook><last-name>CERAMTEC GMBH</last-name></addressbook></applicant><applicant mxw-id="PPAR919009922" load-source="patent-office" sequence="1" format="original"><addressbook><last-name>CeramTec GmbH</last-name><iid>101207865</iid><address><street>CeramTec-Platz 1-9</street><city>73207 Plochingen</city><country>DE</country></address></addressbook></applicant></applicants><inventors><inventor mxw-id="PPAR919522624" load-source="docdb" sequence="1" format="epo"><addressbook><last-name>BEN AMOR RAOUF</last-name><address><country>DE</country></address></addressbook></inventor><inventor mxw-id="PPAR919509583" load-source="docdb" sequence="1" format="intermediate"><addressbook><last-name>BEN AMOR, RAOUF</last-name></addressbook></inventor><inventor mxw-id="PPAR919015226" load-source="patent-office" sequence="1" format="original"><addressbook><last-name>BEN AMOR, RAOUF</last-name><address><street>Falkenweg 5</street><city>73547 Lorch</city><country>DE</country></address></addressbook></inventor></inventors><agents><agent mxw-id="PPAR919007342" load-source="patent-office" sequence="1" format="original"><addressbook><last-name>Scherzberg, Andreas Hans</last-name><suffix>et al</suffix><iid>101248092</iid><address><street>Patente, Marken und Lizenzen C/o Chemetall GmbH Trakehner Straße 3</street><city>60487 Frankfurt am Main</city><country>DE</country></address></addressbook></agent></agents></parties><international-convention-data><pct-or-regional-filing-data ucid="EP-2012053313-W"><document-id><country>EP</country><doc-number>2012053313</doc-number><kind>W</kind><date>20120228</date><lang>DE</lang></document-id></pct-or-regional-filing-data><pct-or-regional-publishing-data ucid="WO-2012116969-A1"><document-id><country>WO</country><doc-number>2012116969</doc-number><kind>A1</kind><date>20120907</date><lang>DE</lang></document-id></pct-or-regional-publishing-data><designated-states><ep-contracting-states><country mxw-id="DS549916484" load-source="docdb">AL</country><country mxw-id="DS549765019" load-source="docdb">AT</country><country mxw-id="DS549916485" load-source="docdb">BE</country><country mxw-id="DS549859176" load-source="docdb">BG</country><country mxw-id="DS549846390" load-source="docdb">CH</country><country mxw-id="DS549764622" load-source="docdb">CY</country><country mxw-id="DS549765020" load-source="docdb">CZ</country><country mxw-id="DS549916486" load-source="docdb">DE</country><country mxw-id="DS549764623" load-source="docdb">DK</country><country mxw-id="DS549764624" load-source="docdb">EE</country><country mxw-id="DS549844159" load-source="docdb">ES</country><country mxw-id="DS549859177" load-source="docdb">FI</country><country mxw-id="DS549859198" load-source="docdb">FR</country><country mxw-id="DS549916487" load-source="docdb">GB</country><country mxw-id="DS549764629" load-source="docdb">GR</country><country mxw-id="DS549916488" load-source="docdb">HR</country><country mxw-id="DS549765025" load-source="docdb">HU</country><country mxw-id="DS549846391" load-source="docdb">IE</country><country mxw-id="DS549764630" load-source="docdb">IS</country><country mxw-id="DS549859199" load-source="docdb">IT</country><country mxw-id="DS549764631" load-source="docdb">LI</country><country mxw-id="DS549776056" load-source="docdb">LT</country><country mxw-id="DS549845312" load-source="docdb">LU</country><country mxw-id="DS549776065" load-source="docdb">LV</country><country mxw-id="DS549776066" load-source="docdb">MC</country><country mxw-id="DS549845313" load-source="docdb">MK</country><country mxw-id="DS549845318" load-source="docdb">MT</country><country mxw-id="DS549859200" load-source="docdb">NL</country><country mxw-id="DS549844160" load-source="docdb">NO</country><country mxw-id="DS549846392" load-source="docdb">PL</country><country mxw-id="DS549845319" load-source="docdb">PT</country><country mxw-id="DS549859201" load-source="docdb">RO</country><country mxw-id="DS549845320" load-source="docdb">RS</country><country mxw-id="DS549846393" load-source="docdb">SE</country><country mxw-id="DS549765026" load-source="docdb">SI</country><country mxw-id="DS549844161" load-source="docdb">SK</country><country mxw-id="DS549846398" load-source="docdb">SM</country><country mxw-id="DS549776067" load-source="docdb">TR</country></ep-contracting-states></designated-states></international-convention-data><office-specific-data><eptags><ep-no-a-document-published>*</ep-no-a-document-published></eptags></office-specific-data></bibliographic-data><abstract mxw-id="PA99836340" ref-ucid="WO-2012116969-A1" lang="DE" load-source="patent-office"><p num="0000">Die Erfindung betrifft ein Fräswerkzeug (1) mit einer Länge l<sub>gesamt </sub>und einem Durchmesser d<sub>gesamt</sub> und mit Schneiden (2) für die Fräsbearbeitung von zumeist metallischen Werkstücken. Um ein unkontrolliertes Versagen des Fräswerkzeugs zu vermeiden wird erfindungsgemäß vorgeschlagen, dass die Schneiden (2) teilweise oder vollständig aus polykristallinen kubischen Bornitrid (PcBN) oder polykristallinen Diamant (PKD) bestehen und der Durchmesser d<sub>gesamt</sub> des Fräswerkzeugs zwischen 7 mm und 40 mm beträgt.</p></abstract><abstract mxw-id="PA100332112" ref-ucid="WO-2012116969-A1" lang="DE" source="national office" load-source="docdb"><p>Die Erfindung betrifft ein Fräswerkzeug (1) mit einer Länge lgesamt und einem Durchmesser dgesamt und mit Schneiden (2) für die Fräsbearbeitung von zumeist metallischen Werkstücken. Um ein unkontrolliertes Versagen des Fräswerkzeugs zu vermeiden wird erfindungsgemäß vorgeschlagen, dass die Schneiden (2) teilweise oder vollständig aus polykristallinen kubischen Bornitrid (PcBN) oder polykristallinen Diamant (PKD) bestehen und der Durchmesser dgesamt des Fräswerkzeugs zwischen 7 mm und 40 mm beträgt.</p></abstract><abstract mxw-id="PA99836341" ref-ucid="WO-2012116969-A1" lang="EN" load-source="patent-office"><p num="0000">The invention relates to a milling cutting tool (1) having a length l<sub>total</sub> and a diameter d<sub>total</sub> and two cutting edges (2) for the milling cutting of mostly metal workpieces. In order to avoid an uncontrolled failure of the milling cutting tool, the cutting edges (2) consist partially or completely of polycrystalline cubic boron nitride (PcBN) or polycrystalline diamond (PCD) and the diameter d<sub>total</sub> of the milling cutting tool is between 7 mm and 40 mm.</p></abstract><abstract mxw-id="PA100332113" ref-ucid="WO-2012116969-A1" lang="EN" source="national office" load-source="docdb"><p>The invention relates to a milling cutting tool (1) having a length ltotal and a diameter dtotal and two cutting edges (2) for the milling cutting of mostly metal workpieces. In order to avoid an uncontrolled failure of the milling cutting tool, the cutting edges (2) consist partially or completely of polycrystalline cubic boron nitride (PcBN) or polycrystalline diamond (PCD) and the diameter dtotal of the milling cutting tool is between 7 mm and 40 mm.</p></abstract><abstract mxw-id="PA99836342" ref-ucid="WO-2012116969-A1" lang="FR" load-source="patent-office"><p num="0000">L'invention concerne un outil de fraisage (1) présentant une longueur I<sub>totale</sub> et un diamètre d<sub>total</sub>, et doté d'éléments de coupe (2) pour le fraisage de pièces principalement métalliques. Afin d'éviter une défaillance incontrôlée de l'outil de fraisage, il est prévu selon l'invention que les éléments de coupe (2) soient constitués en partie ou entièrement de nitrure de bore cubique polycristallin (PcBN) ou de diamant polycristallin (PCD) et que le diamètre d<sub>total</sub> de l'outil de fraisage soit compris entre 7 mm et 40 mm.</p></abstract><abstract mxw-id="PA100332114" ref-ucid="WO-2012116969-A1" lang="FR" source="national office" load-source="docdb"><p>L'invention concerne un outil de fraisage (1) présentant une longueur Itotale et un diamètre dtotal, et doté d'éléments de coupe (2) pour le fraisage de pièces principalement métalliques. Afin d'éviter une défaillance incontrôlée de l'outil de fraisage, il est prévu selon l'invention que les éléments de coupe (2) soient constitués en partie ou entièrement de nitrure de bore cubique polycristallin (PcBN) ou de diamant polycristallin (PCD) et que le diamètre dtotal de l'outil de fraisage soit compris entre 7 mm et 40 mm.</p></abstract><description mxw-id="PDES51233262" ref-ucid="WO-2012116969-A1" lang="DE" load-source="patent-office"><!-- EPO <DP n="3"/>--><p id="p0001" num="0001"> Fräser für die Hartzerspanung </p><p id="p0002" num="0002">Die Erfindung betrifft ein Fräswerkzeug mit einer Länge l<sub>geS</sub>amt und einem </p><p id="p0003" num="0003">Durchmesser d<sub>geS</sub>amt und mit Schneiden für die Fräsbearbeitung von zumeist metallischen Werkstücken. </p><p id="p0004" num="0004">Derartige Fräswerkzeuge werden für die Kugelbahnbearbeitung für die </p><p id="p0005" num="0005">Lagerindustrie, Getriebe- und Antriebstechnik, Formenbau sowie für den allgemeinen Maschinenbau verwendet. </p><p id="p0006" num="0006">Eine Kugelbahn wird in der Regel durch eine Fräsbearbeitung im weichen Zustand, eine Wärmebehandlung und eine Fräsbearbeitung im harten Zustand erzeugt. Beim Fräsen beträgt die Schnittgeschwindigkeit im Zentrum der Kugelbahn bzw. im </p><p id="p0007" num="0007">Bereich der Drehachse des Schneidteils bzw. Fräsers Null, d.h. vc = 0 m/min. Es werden sogenannte Kugelkopffräser eingesetzt. </p><p id="p0008" num="0008">Die Zerspanungsverhältnisse sind in diesem Bereich Undefiniert. Umform- und Stauchvorgänge überwiegen und können zu hohen Undefinierten Belastungen der Schneiden am Schneidteil führen. Vor allem beim Fräsen von gehärteten Materialien mit hochharten Schneidstoffen wie cBN und PcBN können diese Belastungen zu unkontrolliertem Versagen der Werkzeuge führen. </p><p id="p0009" num="0009">Der Erfindung liegt die Aufgabe zugrunde, ein Fräswerkzeug, insbesondere einen Kugelkopffräser, nach dem Oberbegriff des Anspruchs 1 so weiterzubilden, dass ein unkontrolliertes Versagen des Fräswerkzeugs vermieden ist. </p><p id="p0010" num="0010">Erfindungsgemäß wird diese Aufgabe durch ein Fräswerkzeug gemäß Anspruch 1 gelöst. 
<!-- EPO <DP n="4"/>-->
 Dadurch, dass die Schneiden teilweise oder vollständig aus polykristallinen </p><p id="p0011" num="0011">kubischen Bornitrid (PcBN) oder polykristallinen Diamant (PKD) bestehen und der Durchmesser d<sub>geS</sub>amt des Fräswerkzeugs zwischen 7 mm und 40 mm beträgt ist die Ausbruchgefahr gering und ein Brechen des Fräswerkzeugs unterbunden, wodurch ein unkontrolliertes Versagen des Fräswerkzeugs vermieden ist. </p><p id="p0012" num="0012">In bevorzugter Ausführungsform ist zumindest eine der Schneiden in der Mitte oder am Pol eingezogen oder zurückgesetzt. Alternativ sind alle Schneiden in der Mitte oder am Pol eingezogen oder zurückgesetzt. Mit Mitte oder am Pol ist die Drehachse verstanden. Es wurde herausgefunden, dass in der Mitte oder am Pol, d.h. im Zentrum bereich der Bahn das Fräswerkzeug bzw. die Kugel in der Regel keinen Kontakt mit der Kugelbahn hat. Die Kugel wird von den Bahnflanken über einen bestimmten Winkel getragen. Dieser Bereich ist demnach nicht funktionsrelevant und durch einen Einzug oder ein Zurücksetzten wird das Fräswerkzeug in diesem Bereich entlastet. </p><p id="p0013" num="0013">In einer Ausgestaltung der erfindungsgemäßen Fräswerkzeugs sind die Schneiden mit dem Fräswerkzeug verlötet. Hierdurch können nur die Schneiden aus einem äußerst harten Material wie polykristallines kubisches Bornitrid (PcBN) oder polykristalliner Diamant (PKD) bestehen und der Rest des Fräswerkzeugs aus einem weniger harten Material. </p><p id="p0014" num="0014">In einer bevorzugten alternativen Ausführungsform ist das Fräswerkzeug einteilig ausgebildet und besteht inklusive der Schneiden vollständig aus PcBN oder PKD. Beides sind hochharte Werkstoffe, die sich besonders gut eignen. </p><p id="p0015" num="0015">In einer erfinderischen Ausgestaltung ist das Fräswerkzeug mehrteilig ausgebildet mit einem Grundkörper und einem Schneidteil, wobei der Grundkörper das Schneidteil direkt oder über ein Zwischenstück trägt, das Schneidteil halbkugelförmig oder verzerrt halbkugelförmig ausgebildet ist, die Schneiden einstückig mit dem 
<!-- EPO <DP n="5"/>-->
 Schneidteil ausgebildet sind oder mit dem Schneidteil verlötet sind. Diese Ausführungsform hat den Vorteil, dass nur das Schneidteil aus polykristallinen kubischen Bornitrid (PcBN) oder polykristallinen Diamant (PKD) bestehen kann. Dadurch, dass das Schneidteil halbkugelförmig oder verzerrt halbkugelförmig ausgebildet ist, werden die zwei wichtigsten Anwendungsfälle abgedeckt. Das verzerrt halbkugelförmig (siehe Figur 4a) ausgebildete Schneidteil erzeugt eine Rille mit definierter Form und definierten Maßen. Diese Rille im Zentrum der Kugelbahn stellt eine Vertiefung dar, welche beim Hartfräsen den Abtrag in diesem Bereich unterbindet. Hierdurch findet die Spanbildung nur in Bereichen statt, in denen eine genügend hohe Schnittgeschwindigkeit herrscht, welche eine definierte und damit berechenbare Spanbildung garantiert. </p><p id="p0016" num="0016">Das Schneidteil kann mit dem Grundkörper auf verschiedene Art und Weise verbunden werden. </p><p id="p0017" num="0017">Bevorzugt ist das Schneidteil über einen Formschluss mit dem Grundkörper verbunden. Hierdurch ist die Befestigung optimiert und das Schneidteil bzw. der Fräser kann nicht vom Grundkörper im Einsatz abgerissen werden. Der Formschluss kann unterschiedlich erreicht werden. </p><p id="p0018" num="0018">Eine Variante ist ist dadurch gekennzeichnet, dass auf der zum Grundkörper gewandten Unterseite des Schneidteils und auf der zum Schneidteil gewandten Oberseite des Grundkörpers jeweils eine Ausnehmung angeordnet ist, die in Bezug auf die Längsachse fluchtend zueinander angeordnet sind und im montierten Zustand des Schneidteils auf dem Grundkörper einen Aufnahmeraum bilden, in dem ein Mitnehmer eingelötet ist. Der Mitnehmer ist in dieser Ausführungsform ein separates Bauteil. </p><p id="p0019" num="0019">Eine alternative Variante ist ist dadurch gekennzeichnet, dass auf der zum Grundkörper gewandten Unterseite des Schneidteils mindestens ein erhabener 
<!-- EPO <DP n="6"/>-->
 Mitnehmer und auf der zum Schneidteil gewandten Oberseite des Grundkörpers mindestens eine an den oder die Mitnehmer angepasste Mitnehmervertiefung/ Mitnehmervertiefungen oder umgekehrt angeordnet ist/sind und im montierten Zustand des Schneidteils auf dem Grundkörper der oder die Mitnehmer in die Mitnehmervertiefung/ Mitnehmervertiefungen eingreift/eingreifen und bevorzugt eingelötet ist/sind. Mit dieser Ausführungsform ist kein separater Mitnehmer erforderlich. Der oder die Mitnehmer sind in das Schneidteil bzw. Grundkörper integriert. Eine Ausführungsform ist dadurch gekennzeichnet, dass zwischen dem Schneidteil und dem Grundkörper ein Zwischenstück angeordnet ist, welches mit dem Grundkörper und dem Schneidteil formschlüssig verbunden ist. </p><p id="p0020" num="0020">Bevorzugt weist das Zwischenstück an seiner zum Grundkörper gewandten Unterseite ein Gewinde oder einen Schwalbenschwanz auf mit dem es in eine angepasste Ausnehmung im Grundkörper oder umgekehrt formschlüssig eingreift. Diese Befestigungsform ist einfach und erfordert keinen Lötvorgang. </p><p id="p0021" num="0021">Bevorzugt stehen die axiale Länge (I) und der Durchmesser (d) des Schneidteils im Verhältnis I &gt; d/2 zueinander. Hierdurch ist ein Brechen des Schneidteils vermieden. </p><p id="p0022" num="0022">Eine bevorzugte Ausführungsform ist dadurch gekennzeichnet, dass die axiale Länge (l<sub>ge</sub>samt) und der Durchmesser (d<sub>geS</sub>amt) des Fräswerkzeugs im Verhältnis l<sub>geS</sub>amt / dgesamt &gt; 2 zueinander stehen. </p><p id="p0023" num="0023">Bevorzugt sind bei einem Durchmesser (d) des Schneidteils von </p><p id="p0024" num="0024"> 7 mm &lt;= d &lt;= 14 mm 4 bis 8 Schneiden </p><p id="p0025" num="0025"> 15 mm &lt;= d &lt;= 20 mm 6 bis 12 Schneiden </p><p id="p0026" num="0026"> 21 mm &lt;= d &lt;= 30 mm 8 bis 18 Schneiden </p><p id="p0027" num="0027"> 31 mm &lt;= d &lt;= 40 mm 10 bis 24 Schneiden 
<!-- EPO <DP n="7"/>-->
 am Schneidteil angeordnet. </p><p id="p0028" num="0028">Um die Prozesssicherheit beim Hartfräsen zu erhöhen wird eine Sondergeometrie des Fräsers für die Weichbearbeitung vorgeschlagen. Diese Sondergeometrie erzeugt eine Rille mit definierter Form und definierten Maßen. Diese Rille im Zentrum der Kugelbahn stellt eine Vertiefung dar, welche beim Hartfräsen den Abtrag in diesem Bereich unterbindet. Hierdurch findet die Spanbildung nur in Bereichen statt, in denen eine genügend hohe Schnittgeschwindigkeit herrscht, welche eine definierte und damit berechenbare Spanbildung garantiert. </p><p id="p0029" num="0029">Ein Schneidteil, auch Fräser genannt, dient der Weichfräsbearbeitung. Ein anderes Schneidteil ist für die Hartfräsbearbeitung vorgesehen. </p><p id="p0030" num="0030">Das Schneidteil für die Weichbearbeitung kann durch eine elliptische Geometrie erzeugt werden. Ferner ist auch eine erhabene Spitze im Zentrum denkbar. Zwei Schneidteile, die ineinander montiert werden, können ebenfalls zur Lösung beitragen. </p><p id="p0031" num="0031">Die fehlenden Schneiden im Bereich der Symmetrieachsen des Fräsers für die Hartfräsbearbeitung eröffnen neue Möglichkeiten der Werkzeuggestaltung. Ein Fräswerkzeug aus Voll-PcBN oder belegten PcBN-Schneiden mit zurückgesetzten Schneiden im Bereich der Mittelachse kann zum Einsatz kommen. Erfindungsgemäß entsteht ein Werkzeug mit erhöhter Anzahl an Schneiden, wobei die Schneiden sich im mittleren Bereich nicht kreuzen müssen. Vor Allem durch den Einsatz von Voll- PcBN bei dem Schneidteil kann die Schneidenzahl im Bereich von Durchmesser d = 20 mm von heute üblichen 3 bis 4 Schneiden auf bis zu 6 bis 12 Schneiden erhöht werden. Die Erfindung beschreibt u.a. Schneidteile: </p><p id="p0032" num="0032">1 - aus Voll-PcBN (d.h. das gesamte Schneidteil besteht aus Keramik) mit </p><p id="p0033" num="0033"> zurückgesetzten Schneiden in der Mitte und einem Durchmesser zwischen d = 
<!-- EPO <DP n="8"/>-->
 7 mm bis d = 40 mm. Hierbei beträgt die Anzahl der Schneiden je nach </p><p id="p0034" num="0034"> Durchmesser zwischen 4 und 24. Das PcBN-Schneidteil wird über einen vertieften oder erhabenen Formschluss und einem Hartlötprozess im Vakuum oder unter Schutzgas mit keramischen oder metallischen Teilen verbunden. Bevorzugt wird hierzu Hartmetall verwendet. </p><p id="p0035" num="0035">Aus gelöteten Voll-PcBN-Schneiden , die in der Mitte zurückgesetzt werden und einem Durchmesser zwischen d = 7 mm bis d = 40 mm aufweisen. Hierbei beträgt die Anzahl der Schneiden je nach Durchmesser zwischen 4 und 24. Die PcBN-platten werden über einen vertieften Formschluss und einem </p><p id="p0036" num="0036"> Hartlötprozess im Vakuum oder unter Schutzgas mit keramischen oder metallischen Teilen verbunden. Bevorzugt wird hierzu Hartmetall verwendet. </p><p id="p0037" num="0037">3- Aus gelöteten PcBN-Schneiden , die in der Mitte zurückgesetzt werden und einem Durchmesser zwischen d = 7 mm bis d = 40 mm aufweisen. Hierbei beträgt die Anzahl der Schneiden je nach Durchmesser bis zu 24. Die PcBN- platten werden über einen vertieften Formschluss und einem Hartlötprozess im Vakuum oder unter Schutzgas mit keramischen oder metallischen Teilen Verbunden. Bevorzugt wird hierzu Hartmetall verwendet. </p><p id="p0038" num="0038">Nachfolgend wird die Erfindung anhand von 4 Figuren näher erläutert. </p><p id="p0039" num="0039">Figur 1 a zeigt im Längsschnitt ein Fräswerkzeug 1 , bestehend aus einem </p><p id="p0040" num="0040">Grundkörper 4 und einem auf dem Grundkörper 4 verlöteten halbkugelförmigen Schneidteil 5, auf dem Schneiden 2 angeordnet sind. Das Fräswerkzeug 1 wird zum Gebrauch in eine Fräsmaschine (nicht gezeigt) eingesetzt. Das Fräswerkzeug hat eine Länge l<sub>geS</sub>amt und einen Durchmesser d<sub>geS</sub>amt- Der Grundkörper 4 und das Schneidteil 5 sind zylindrisch ausgebildet. Der Grundkörper 4 besteht aus einem Hartmetall oder aus einer Keramik. 
<!-- EPO <DP n="9"/>-->
 Das Schneidteil 5 besteht vollständig aus einem polykristallinen kubischen Bornitrid (PcBN) oder polykristallinen Diamant (PKD). Das Schneidteil 5 hat den gleichen Durchmesser d<sub>geS</sub>amt wie der Grundkörper 4. Dieser Durchmesser liegt zwischen 7 mm und 40 mm. Die Schneiden 2 sind einstückig mit dem Schneidteil 5 </p><p id="p0041" num="0041">ausgebildet. Die Schneiden 2 können jedoch auch auf das Schneidteil 5 aufgelötet sein. </p><p id="p0042" num="0042">Zur formschlüssigen Befestigung des Schneidteils 5 auf dem Grundkörper 4 ist auf der zum Grundkörper 4 gewandten Unterseite des Schneidteils 5 und auf der zum Schneidteil 5 gewandten Oberseite des Grundkörpers 4 jeweils eine Ausnehmung 6a, 6b angeordnet, die fluchtend zueinander angeordnet sind und im montierten Zustand des Schneidteils 5 auf dem Grundkörper 4 einen Aufnahmeraum 1 1 bilden, in dem ein Mitnehmer 12 eingelötet ist. Der Mitnehmer 12 und das Lot zum Einlöten füllen den Aufnahmeraum 12 vollständig aus. </p><p id="p0043" num="0043">Figur 1 b zeigt einen Längsschnitt durch ein Schneidteil 5, welches identisch zum Schneidteil 5 aus Figur 1 a ausgebildet ist. Dieses Schneidteil 5 ist formschlüssig auf ein Zwischenstück 7 gelötet. Hierzu ist auf der zum Zwischenstück 7 gewandten Unterseite des Schneidteils 5 eine Ausnehmung 6b angeordnet, in die ein erhabener Mitnehmer 13a des Zwischenstücks 7 ragt. An seiner zum Grundkörper 4 gewandten Unterseite weist das Zwischenstück 7 ein Gewinde 15 auf. Auch ein </p><p id="p0044" num="0044">Schwalbenschwanz ist zweckmäßig. Mit diesem Gewinde 15 wird das Zwischenstück 7 in eine hieran angepasste Ausnehmung 16 im Grundkörper 4 (siehe Figur 1 c) eingeschraubt. </p><p id="p0045" num="0045">Figur 2a zeigt ein Ansicht von unten auf ein erfindungsgemäßes Schneidteil 5 mit vier erhabenen Mitnehmern 13a, 13b, 13c, 13d, die jeweils zwei gerade Seiten 18a, 18b und eine gebogene Seite 18c aufweisen. Die gebogene Seite 18c ist der Außenwand 20 angepasst. 
<!-- EPO <DP n="10"/>-->
 Figur 2b zeigt das Schneidteil 5 gemäß Figur 2a im Schnitt A-A. Gut zu erkennen sind die erhabenen Mitnehmer 13a, 13b. </p><p id="p0046" num="0046">Figur 2c zeigt die Ansicht auf einen Grundkörper 4 zur Aufnahme des Schneidteils 5 gemäß Figuren 1 a, 1 b. An der zum Schneidteil 5 gewandten Oberseite sind auf dem Grundkörper 4 vier Mitnehmervertiefungen 14, 14b, 14c, 14d angeordnet. In diese Mitnehmervertiefungen 14, 14b, 14c, 14d werden die Mitnehmer 13a, 13b, 13c, 13d eingesetzt und verlötet. Figur 3a zeigt Schneiden 2, die in der Mitte oder am Pol 19 eingezogen oder zurückgesetzt sind. Hierdurch ist der Pol 19 des halbkegelförmigen Schneidteils 5 abgeflacht bzw. weist eine Abflachung 21 auf. </p><p id="p0047" num="0047">Figur 3b zeigt eine Aufsicht auf ein halbkugelförmiges Schneidteil 5 mit den </p><p id="p0048" num="0048">Schneiden 2. Figur 3a zeigt einen Schnitt durch das Schneidteil 5 gemäß Figur 3b. In dieser Ausführungsform sind auf dem Schneidteil 5 sechs Schneiden 2 angeordnet. An seinem Pol 9 weist das Schneidteil 5 eine Abflachung 21 auf, d.h. dort sind alle Schneiden 2 in der Mitte oder am Pol 9 eingezogen oder zurückgesetzt. Figur 4a zeigt ein Fräswerkzeug 1 mit einem verzerrt halbkugelförmigen Schneidteil 5. Bei diesem Schneidteil 5 ist die Länge I des Schneidteils 5 größer als d/2. Das Schneidteil 5 ist elliptisch ausgebildet. </p><p id="p0049" num="0049">Figur 4b zeigt ein Fräswerkzeug 1 mit einem halbkugelförmigen Schneidteil 5. Bei diesem Schneidteil 5 ist eine erhabene Spitze 22 auf dem Pol 19 angeordnet. </p><p id="p0050" num="0050">Beide Ausführungen haben den Vorteil, dass beim Hartfräsen der Abtrag am Pol 19 unterbunden wird. Hierdurch findet die Spanbildung nur in Bereichen statt, in denen eine genügend hohe Schnittgeschwindigkeit herrscht, welche eine definierte und damit berechenbare Spanbildung garantiert. 
</p></description><claims mxw-id="PCLM44852434" ref-ucid="WO-2012116969-A1" lang="DE" load-source="patent-office"><claim-statement><!-- EPO <DP n="11"/>--> Ansprüche </claim-statement><claim id="clm-0001" num="1"><claim-text>1 . Fräswerkzeug (1 ) mit einer Länge l<sub>geS</sub>amt und einem Durchmesser d<sub>geS</sub>amt und mit Schneiden (2) für die Fräsbearbeitung von zumeist metallischen Werkstücken, dadurch gekennzeichnet, dass die Schneiden (2) teilweise oder vollständig aus polykristallinen kubischen Bornitrid (PcBN) oder polykristallinen Diamant (PKD) bestehen und der Durchmesser d<sub>geS</sub>amt des Fräswerkzeugs zwischen 7 mm und 40 mm beträgt. </claim-text></claim><claim id="clm-0002" num="2"><claim-text>2. Fräswerkzeug nach Anspruch 1 , dadurch gekennzeichnet, dass zumindest eine der Schneiden (2) in der Mitte oder am Pol (3) eingezogen oder zurückgesetzt ist. </claim-text></claim><claim id="clm-0003" num="3"><claim-text>3. Fräswerkzeug nach Anspruch 2, dadurch gekennzeichnet, dass alle Schneiden (2) in der Mitte oder am Pol (3) eingezogen oder zurückgesetzt sind. </claim-text></claim><claim id="clm-0004" num="4"><claim-text>4. Fräswerkzeug nach einem der Ansprüche 1 bis 3, dadurch gekennzeichnet, dass die Schneiden mit dem Fräswerkzeug (1 ) verlötet sind. </claim-text></claim><claim id="clm-0005" num="5"><claim-text>5. Fräswerkzeug nach einem der Ansprüche 1 bis 3, dadurch gekennzeichnet, dass das Fräswerkzeug (1 ) einteilig ausgebildet ist und inklusive der Schneiden (2) vollständig aus PcBN oder PKD besteht. </claim-text></claim><claim id="clm-0006" num="6"><claim-text>6. Fräswerkzeug nach einem der Ansprüche 1 bis 4, dadurch gekennzeichnet, dass das Fräswerkzeug (1 ) mehrteilig ausgebildet ist mit einem Grundkörper (4) und einem Schneidteil (5), wobei der Grundkörper (4) das Schneidteil (5) direkt oder über ein Zwischenstück (7) trägt, das Schneidteil (5) halbkugelförmig (8) oder verzerrt halbkugelförmig (9) ausgebildet ist, die Schneiden (2) einstückig <!-- EPO <DP n="12"/>--> mit dem Schneidteil (5) ausgebildet sind oder mit dem Schneidteil (5) verlötet sind. </claim-text></claim><claim id="clm-0007" num="7"><claim-text>7. Fräswerkzeug nach Anspruch 6, dadurch gekennzeichnet, dass das Schneidteil (5) über einen Formschluss mit dem Grundkörper (4) verbunden ist. </claim-text></claim><claim id="clm-0008" num="8"><claim-text>8. Fräswerkzeug nach Anspruch 6 oder 7, dadurch gekennzeichnet, dass auf der zum Grundkörper (4) gewandten Unterseite des Schneidteils (5) und auf der zum Schneidteil (5) gewandten Oberseite des Grundkörpers (4) jeweils eine Ausnehmung (6a, 6b) angeordnet ist, die in Bezug auf die Längsachse (10) fluchtend zueinander angeordnet sind und im montierten Zustand des Schneidteils (5) auf dem Grundkörper (4) einen Aufnahmeraum (1 1 ) bilden, in dem ein Mitnehmer (12) eingelötet ist. </claim-text></claim><claim id="clm-0009" num="9"><claim-text>9. Fräswerkzeug einem der Ansprüche 6 bis 8, dadurch gekennzeichnet, dass auf der zum Grundkörper (4) gewandten Unterseite des Schneidteils (5) mindestens ein erhabener Mitnehmer (13a, 13b, 13c, 13d) und auf der zum Schneidteil (5) gewandten Oberseite des Grundkörpers (4) mindestens eine an den oder die Mitnehmer (13a, 13b, 13c, 13d) angepasste Mitnehmervertiefung/ Mitnehmervertiefungen (14a, 14b, 14c, 14d) oder umgekehrt angeordnet ist/sind und im montierten Zustand des Schneidteils (5) auf dem Grundkörper (4) der oder die Mitnehmer (13a, 13b, 13c, 13d) in die Mitnehmervertiefung/ Mitnehmervertiefungen (14a, 14b, 14c, 14d) eingreift/eingreifen und bevorzugt eingelötet ist/sind. </claim-text></claim><claim id="clm-0010" num="10"><claim-text>10. Fräswerkzeug nach Anspruch 6, dadurch gekennzeichnet, dass zwischen dem Schneidteil (5) und dem Grundkörper (4) ein Zwischenstück (7) angeordnet ist, welches mit dem Grundkörper (4) und dem Schneidteil (5) formschlüssig verbunden ist. <!-- EPO <DP n="13"/>--> </claim-text></claim><claim id="clm-0011" num="11"><claim-text>1 1 . Fräswerkzeug nach Anspruch 10, dadurch gekennzeichnet, dass das Zwischenstück (7) an seiner zum Grundkörper (4) gewandten Unterseite ein Gewinde (15) oder einen Schwalbenschwanz aufweist mit dem es in eine angepasste Ausnehmung (16) im Grundkörper (4) oder umgekehrt formschlüssig eingreift. </claim-text></claim><claim id="clm-0012" num="12"><claim-text>12. Fräswerkzeug nach einem der Ansprüche 6 bis 1 1 , dadurch gekennzeichnet, dass die axiale Länge (I) und der Durchmesser (d) des Schneidteils (5) im Verhältnis I &gt; d/2 zueinander stehen. </claim-text></claim><claim id="clm-0013" num="13"><claim-text>13. Fräswerkzeug nach einem der Ansprüche 1 bis 12, dadurch gekennzeichnet, dass die axiale Länge (l<sub>geS</sub>amt) und der Durchmesser (d<sub>geS</sub>amt) des Fräswerkzeugs (1 ) im Verhältnis l<sub>geS</sub>amt / d<sub>geS</sub>amt &gt; 2 zueinander stehen. </claim-text></claim><claim id="clm-0014" num="14"><claim-text>14. Fräswerkzeug nach einem der Ansprüche 1 bis 14, dadurch gekennzeichnet, dass bei einem Durchmesser (d) des Schneidteils (5) von </claim-text><claim-text> 7 mm &lt;= d &lt;= 14 mm 4 bis 8 Schneiden (2) </claim-text><claim-text> 15 mm &lt;= d &lt;= 20 mm 6 bis 12 Schneiden (2) </claim-text><claim-text> 21 mm &lt;= d &lt;= 30 mm 8 bis 18 Schneiden (2) </claim-text><claim-text> 31 mm &lt;= d &lt;= 40 mm 10 bis 24 Schneiden (2) </claim-text><claim-text> am Schneidteil (1 ) angeordnet sind. </claim-text></claim></claims><copyright>User acknowledges that Fairview Research LLC and its third party providers retain all right, title and interest in and to this xml under applicable copyright laws.  User acquires no ownership rights to this xml including but not limited to its format.  User hereby accepts the terms and conditions of the Licence Agreement</copyright></patent-document>
