<?xml version="1.0" encoding="UTF-8"?>
<patent-document ucid="EP-2958848-A1" country="EP" doc-number="2958848" kind="A1" date="20151230" family-id="50030235" file-reference-id="311200" date-produced="20180822" status="corrected" lang="DE"><bibliographic-data><publication-reference fvid="160453830" ucid="EP-2958848-A1"><document-id><country>EP</country><doc-number>2958848</doc-number><kind>A1</kind><date>20151230</date><lang>DE</lang></document-id></publication-reference><application-reference ucid="EP-14701910-A" is-representative="NO"><document-id mxw-id="PAPP193870628" load-source="docdb" format="epo"><country>EP</country><doc-number>14701910</doc-number><kind>A</kind><date>20140116</date><lang>DE</lang></document-id><document-id mxw-id="PAPP193870629" load-source="patent-office" format="original"><country>EP</country><doc-number>14701910.3</doc-number><date>20140116</date><lang>DE</lang></document-id></application-reference><priority-claims><priority-claim mxw-id="PPC162035232" ucid="DE-102013101716-A" load-source="docdb"><document-id format="epo"><country>DE</country><doc-number>102013101716</doc-number><kind>A</kind><date>20130221</date></document-id></priority-claim><priority-claim mxw-id="PPC162032833" ucid="EP-2014000107-W" linkage-type="W" load-source="docdb"><document-id format="epo"><country>EP</country><doc-number>2014000107</doc-number><kind>W</kind><date>20140116</date></document-id></priority-claim></priority-claims><technical-data><classifications-ipcr><classification-ipcr mxw-id="PCL-1988523744" load-source="docdb">B67B   3/20        20060101AFI20140910BHEP        </classification-ipcr></classifications-ipcr><classifications-cpc><classification-cpc mxw-id="PCL-1710175339" load-source="docdb" scheme="CPC">B67B   3/268       20130101 LA20180108BHEP        </classification-cpc><classification-cpc mxw-id="PCL-1984701218" load-source="docdb" scheme="CPC">B67B   3/2033      20130101 FI20160106BHEP        </classification-cpc><classification-cpc mxw-id="PCL-1987770763" load-source="docdb" scheme="CPC">B67B2201/08        20130101 LA20140403BHEP        </classification-cpc></classifications-cpc><invention-title mxw-id="PT165552956" lang="DE" load-source="patent-office">VERSCHLIESSELEMENT SOWIE VERSCHLIESSMASCHINE ZUM VERSCHLIESSEN VON BEHÄLTERN</invention-title><invention-title mxw-id="PT165552957" lang="EN" load-source="patent-office">CLOSING ELEMENT AND CLOSING MACHINE FOR CLOSING CONTAINERS</invention-title><invention-title mxw-id="PT165552958" lang="FR" load-source="patent-office">ÉLÉMENT DE FERMETURE ET CAPSULEUSE DE RÉCIPIENTS</invention-title></technical-data><parties><applicants><applicant mxw-id="PPAR1103317481" load-source="docdb" sequence="1" format="epo"><addressbook><last-name>KHS GMBH</last-name><address><country>DE</country></address></addressbook></applicant><applicant mxw-id="PPAR1103344071" load-source="docdb" sequence="1" format="intermediate"><addressbook><last-name>KHS GMBH</last-name></addressbook></applicant><applicant mxw-id="PPAR1101653778" load-source="patent-office" sequence="1" format="original"><addressbook><last-name>KHS GmbH</last-name><iid>101185339</iid><address><street>Juchostrasse 20</street><city>44143 Dortmund</city><country>DE</country></address></addressbook></applicant></applicants><inventors><inventor mxw-id="PPAR1103306039" load-source="docdb" sequence="1" format="epo"><addressbook><last-name>NAABER MATTHIAS</last-name><address><country>DE</country></address></addressbook></inventor><inventor mxw-id="PPAR1103319487" load-source="docdb" sequence="1" format="intermediate"><addressbook><last-name>NAABER, MATTHIAS</last-name></addressbook></inventor><inventor mxw-id="PPAR1101652834" load-source="patent-office" sequence="1" format="original"><addressbook><last-name>NAABER, MATTHIAS</last-name><address><street>Königsberger Strasse 17 a</street><city>55559 Bretzenheim</city><country>DE</country></address></addressbook></inventor><inventor mxw-id="PPAR1103340689" load-source="docdb" sequence="2" format="epo"><addressbook><last-name>BRUCH BERND</last-name><address><country>DE</country></address></addressbook></inventor><inventor mxw-id="PPAR1103309893" load-source="docdb" sequence="2" format="intermediate"><addressbook><last-name>BRUCH, BERND</last-name></addressbook></inventor><inventor mxw-id="PPAR1101642584" load-source="patent-office" sequence="2" format="original"><addressbook><last-name>BRUCH, BERND</last-name><address><street>Akazienweg 21</street><city>55595 Weinsheim</city><country>DE</country></address></addressbook></inventor></inventors></parties><international-convention-data><pct-or-regional-filing-data ucid="EP-2014000107-W"><document-id><country>EP</country><doc-number>2014000107</doc-number><kind>W</kind><date>20140116</date><lang>DE</lang></document-id></pct-or-regional-filing-data><pct-or-regional-publishing-data ucid="WO-2014127878-A1"><document-id><country>WO</country><doc-number>2014127878</doc-number><kind>A1</kind><date>20140828</date><lang>DE</lang></document-id></pct-or-regional-publishing-data><designated-states><ep-contracting-states><country mxw-id="DS660795215" load-source="docdb">AL</country><country mxw-id="DS660724568" load-source="docdb">AT</country><country mxw-id="DS660795217" load-source="docdb">BE</country><country mxw-id="DS660642316" load-source="docdb">BG</country><country mxw-id="DS660643561" load-source="docdb">CH</country><country mxw-id="DS660735533" load-source="docdb">CY</country><country mxw-id="DS660724569" load-source="docdb">CZ</country><country mxw-id="DS660646922" load-source="docdb">DE</country><country mxw-id="DS660795218" load-source="docdb">DK</country><country mxw-id="DS660735534" load-source="docdb">EE</country><country mxw-id="DS660725316" load-source="docdb">ES</country><country mxw-id="DS660642317" load-source="docdb">FI</country><country mxw-id="DS660642318" load-source="docdb">FR</country><country mxw-id="DS660646927" load-source="docdb">GB</country><country mxw-id="DS660795219" load-source="docdb">GR</country><country mxw-id="DS660795220" load-source="docdb">HR</country><country mxw-id="DS660735551" load-source="docdb">HU</country><country mxw-id="DS660643562" load-source="docdb">IE</country><country mxw-id="DS660795221" load-source="docdb">IS</country><country mxw-id="DS660642323" load-source="docdb">IT</country><country mxw-id="DS660735552" load-source="docdb">LI</country><country mxw-id="DS660646928" load-source="docdb">LT</country><country mxw-id="DS660724570" load-source="docdb">LU</country><country mxw-id="DS660646929" load-source="docdb">LV</country><country mxw-id="DS660646930" load-source="docdb">MC</country><country mxw-id="DS660759756" load-source="docdb">MK</country><country mxw-id="DS660759757" load-source="docdb">MT</country><country mxw-id="DS660642324" load-source="docdb">NL</country><country mxw-id="DS660725317" load-source="docdb">NO</country><country mxw-id="DS660642325" load-source="docdb">PL</country><country mxw-id="DS660725318" load-source="docdb">PT</country><country mxw-id="DS660642326" load-source="docdb">RO</country><country mxw-id="DS660725323" load-source="docdb">RS</country><country mxw-id="DS660642331" load-source="docdb">SE</country><country mxw-id="DS660759758" load-source="docdb">SI</country><country mxw-id="DS660643575" load-source="docdb">SK</country><country mxw-id="DS660643576" load-source="docdb">SM</country><country mxw-id="DS660646932" load-source="docdb">TR</country></ep-contracting-states><ep-extended-states><ep-extended-state-data><country>BA</country></ep-extended-state-data><ep-extended-state-data><country>ME</country></ep-extended-state-data></ep-extended-states></designated-states></international-convention-data><office-specific-data><eptags><ep-no-a-document-published>*</ep-no-a-document-published></eptags></office-specific-data></bibliographic-data><abstract mxw-id="PA139079294" ref-ucid="WO-2014127878-A1" lang="DE" load-source="patent-office"><p num="0000">Verschließelement zum Verschließen von Flaschen oder dergleichen Behältern durch Aufsetzen der Behälterverschlüsse (6) auf den jeweiligen Behälter (5) in einer Verschließelementachse (VA) und durch Fixieren der Behälterverschlüsse an dem jeweiligen Behälter, vorzugsweise durch An- oder Aufschrauben an oder auf ein Behältergewinde, mit einem Verschließkopf (8).</p></abstract><abstract mxw-id="PA139545849" ref-ucid="WO-2014127878-A1" lang="DE" source="national office" load-source="docdb"><p>Verschließelement zum Verschließen von Flaschen oder dergleichen Behältern durch Aufsetzen der Behälterverschlüsse (6) auf den jeweiligen Behälter (5) in einer Verschließelementachse (VA) und durch Fixieren der Behälterverschlüsse an dem jeweiligen Behälter, vorzugsweise durch An- oder Aufschrauben an oder auf ein Behältergewinde, mit einem Verschließkopf (8).</p></abstract><abstract mxw-id="PA139079295" ref-ucid="WO-2014127878-A1" lang="EN" load-source="patent-office"><p num="0000">The invention relates to a closing element for closing bottles or similar containers by placing the container closures (6) onto the respective container (5) in a closing-element axis (VA) and by fastening the container closures to the respective container, preferably by screwing the container closures onto a container thread by means of a closing head (8).</p></abstract><abstract mxw-id="PA139545850" ref-ucid="WO-2014127878-A1" lang="EN" source="national office" load-source="docdb"><p>The invention relates to a closing element for closing bottles or similar containers by placing the container closures (6) onto the respective container (5) in a closing-element axis (VA) and by fastening the container closures to the respective container, preferably by screwing the container closures onto a container thread by means of a closing head (8).</p></abstract><abstract mxw-id="PA139079296" ref-ucid="WO-2014127878-A1" lang="FR" load-source="patent-office"><p num="0000">L'invention concerne un élément de fermeture servant à fermer des bouteilles ou des récipients similaires en posant les capsules (6) de récipient sur chacun des récipients (5) dans un axe (VA) de l'élément de fermeture et en fixant la capsule de récipient par une tête de fermeture (8) sur chaque récipient, de préférence par vissage au niveau d'un filetage de récipient ou sur un filetage de récipient.</p></abstract><abstract mxw-id="PA139545851" ref-ucid="WO-2014127878-A1" lang="FR" source="national office" load-source="docdb"><p>L'invention concerne un élément de fermeture servant à fermer des bouteilles ou des récipients similaires en posant les capsules (6) de récipient sur chacun des récipients (5) dans un axe (VA) de l'élément de fermeture et en fixant la capsule de récipient par une tête de fermeture (8) sur chaque récipient, de préférence par vissage au niveau d'un filetage de récipient ou sur un filetage de récipient.</p></abstract><description mxw-id="PDES78477919" ref-ucid="WO-2014127878-A1" lang="DE" load-source="patent-office"><!-- EPO <DP n="3"/>--><p id="p0001" num="0001"> VERSCHLIESSELEMENT SOWIE VERSCHLIESSMASCHINE </p><p id="p0002" num="0002"> ZUM VERSCHLIESSEN VON BEHÄLTERN </p><p id="p0003" num="0003">Die Erfindung bezieht sich auf ein Verschließelement gemäß Oberbegriff Patentanspruch 1 sowie auf eine Verschließmaschine gemäß Oberbegriff Patentanspruch 10. </p><p id="p0004" num="0004">Verschließelemente zum Verschließen von Flaschen oder dergleichen Behältern, insbesondere mit Behälterverschlüssen in Form von Schraubverschlüssen sind bekannt. Grundsätzlich bestehen derartige Verschließelemente aus jeweils einem Verschließkopf oder Verschließkonus zur Aufnahme des jeweiligen Behälterverschlusses, der mit dem Verschließkopf auf dem jeweiligen Behälter in einer Zustellbewegung oder in einem Zustellhub im Bereich seiner Behältermündung aufgesetzt (Fügen) und dann unter Anpressen gegen den Behälter auf diesen durch An- oder Aufschrauben fixiert wird. Der Verschließkopf ist hierfür in einer vertikalen Verschließelementachse mit einer Hubbewegung in einem Füge- oder Zustellhub (Spindelhub) axial zwischen einer angehobenen und einer abgesenkten Position bewegbar sowie um die Verschließelementachse (VA) zum Fixieren bzw. Festschrauben des Behälterverschlusses am Behälter drehbar (Dreh- oder Schraubbewegung). Das Verschließen umfasst somit das Zustellen oder Fügen und das anschließende Fixieren des Behälterverschlusses, z. B. durch An- oder Aufschrauben an oder auf den Behälter. </p><p id="p0005" num="0005">Bei bekannten Verschließelementen oder Verschließmaschinen ist für die Dreh- und Schraubbewegung jeweils ein motorischer Antrieb (elektrischer Spindelantrieb) vorgesehen, während der Zustellhub üblicherweise durch Hubkurven erzeugt wird. Nachteilig ist hierbei auch, dass zur Anpassung des Zustell- und Anpresshubes bzw. der Hubbewegung an unterschiedliche Behälterverschlüsse bzw. Höhe von Behälterverschlüssen die Hubkurven ausgetauscht werden müssen. Nachteilig ist weiterhin, dass vielfach für den Zustellhub auch die den Verschließkopf tragende Welle oder Spindel mit bewegt werden muss und dass bekannte Verschließelemente eine Vielzahl von beweglichen Teilen, Führungen, Lager, eventuell auch Zahnräder usw. aufweisen, die u .a. schwer zugängliche Bereiche, wie Ecken, Spalten usw. mit der Gefahr einer Verkeimung bilden und sich funktionsbedingt in einem Raum befinden, in dem die Verschließpositionen und damit auch die anfänglich noch offenen Behälter angeordnet sind. Hierdurch besteht ein hohes mikrobiologisches Risiko für die gerade befüllten und noch offenen Behälter. 
<!-- EPO <DP n="4"/>-->
 Nachteilig ist bei den bekannten Verschließelementen oder Verschließmaschinen weiterhin, dass sich diese noch sehr beschränkt für die Anwendung in Steril-, Reinoder Ultraclean-Räumen eignen. Diese nur eingeschränkte Nutzbarkeit resultiert daraus, dass diese bekannten Elemente stets eine Kombination einer Rotationsbewegung mit einer axialen Bewegung aufweisen, wobei durch die axiale Bewegung stets Verschmutzungen und/oder Keime aus der Umgebung in den Raum mit besonderen Reinheitsanforderungen eingetragen werden können, wodurch letztlich eine Kontamination der abgefüllten Produkte nicht völlig ausgeschlossen werden kann. </p><p id="p0006" num="0006"> Aufgabe der Erfindung ist es, ein Verschließelement aufzuzeigen, welches sich durch eine vereinfachte und kompakte Bauweise aufweist und bei welchem das oben beschriebene Kontaminationsrisiko zumindest erheblich vermindert ist. Zur Lösung dieser Aufgabe ist ein Verschließelement entsprechend dem Patenanspruch 1 ausgebildet. Eine Verschließmaschine ist Gegenstand des Patentanspruchs 10. </p><p id="p0007" num="0007">Das erfindungsgemäße Verschließelement zeichnet sich u.a. dadurch aus, dass nicht nur für das Fixieren bzw. Aufschrauben des jeweiligen Verschlusses auf den Behälter, d.h. zur Erzeugung der hierfür erforderlichen Dreh- und Schraubbewegung, sondern auch für die vertikale Hubbewegung (Spindelhub) ein für jedes Verschließelement einer Verschließmaschine eingeständiger Antrieb vorgesehen ist. Diese Antriebe sind weiterhin so ausgebildet, dass zumindest das Antriebsglied eines Antriebs und dabei vorzugsweise zumindest der Antrieb für die Dreh- und Schraubbewegung in Bezug auf die Verschließelementachse beim Verschließen, d.h. beim Fügen und Fixieren des Behälterverschlusses keine axiale Bewegung ausführt, sondern als durch seinen Antrieb drehbar angetriebene Spindel oder Welle ausgebildet ist. Hierdurch besteht die Möglichkeit, die Antriebe außerhalb bzw. oberhalb des Raumes anzuordnen, in dem sich die Verschließköpfe und Behälter bewegen, und dabei eine vereinfachte wirksame Abdichtung für das axial nicht bewegte Antriebsglied am Durchtritt in diesen Raum vorzusehen. </p><p id="p0008" num="0008">Bei einer bevorzugten Ausführungsform ist das Antriebsglied des Antriebs für die Hubbewegung und das Antriebsglied des Antriebs für die Dreh- und Schraubbewegung jeweils eine drehbar gelagerte, aber axial nicht bewegte Spindel oder Welle, wobei diese Wellen dann bevorzugt achsgleich miteinander angeordnet und hierfür zumindest eine Welle als Hohlwelle ausgebildet ist. Die Drehbewegung 
<!-- EPO <DP n="5"/>-->
 einer Welle wird dabei über ein Hub- oder Spindelgetriebe in die axiale Hubbewegung umgesetzt, die dann ebenso wie die Dreh- und Schraubbewegung durch eine entsprechende Ansteuerung der beiden Antriebe relativ zueinander erzeugt wird. Das Hub- oder Spindelgetriebe, welches sehr kompakt bzw. kleinvolumig und konstruktiv einfach ausgeführt werden kann, ist beispielsweise unmittelbar über dem Verschließkopf bzw. in dem Raum angeordnet, in dem sich auch die Behälter zumindest mit ihrer Behälteröffnung bewegen. </p><p id="p0009" num="0009">Der Ausdruck „im Wesentlichen" bzw. „etwa" bedeutet im Sinne der Erfindung Abweichungen vom jeweils exakten Wert um +/- 10%, bevorzugt um +/- 5% und/oder Abweichungen in Form von für die Funktion unbedeutenden Änderungen. </p><p id="p0010" num="0010">Weiterbildungen, Vorteile und Anwendungsmöglichkeiten der Erfindung ergeben sich auch aus der nachfolgenden Beschreibung von Ausführungsbeispielen und aus den Figuren. Dabei sind alle beschriebenen und/oder bildlich dargestellten Merkmale für sich oder in beliebiger Kombination grundsätzlich Gegenstand der Erfindung, unabhängig von ihrer Zusammenfassung in den Ansprüchen oder deren Rückbeziehung. Auch wird der Inhalt der Ansprüche zu einem Bestandteil der Beschreibung gemacht. </p><p id="p0011" num="0011">Die Erfindung wird im Folgenden anhand der Figuren 1 bis 6, die jeweils in vereinfachter Darstellung und teilweise im Schnitt Verschließelemente gemäß der Erfindung in unterschiedlichen Ausführungen zusammen mit einem Behälter in Form einer Flasche zeigen, näher erläutert. In den Figuren 7 und 8 ist eine Variante des Verschließelementes dargestellt, bei welcher die Achse des Antriebes für die gesteuerte Hubbewegung nicht konzentrisch zur Achse des Antriebes zur gesteuerten Drehbewegung des Verschließkopf angeordnet ist, sondern parallel versetzt hierzu. </p><p id="p0012" num="0012">Das in den Figuren 1 - 6 jeweils allgemein mit 1 a, 1 b, 1 c, 1 d, 1 e bzw. 1 f bezeichnete Verschließelemente ist jeweils Bestandteil einer Verschließmaschine 2 (Verschließer) umlaufender Bauart und ist zusammen mit einer Vielzahl gleichartiger Verschließelemente 1 a - 1 f am Umfang eines um eine vertikale Maschinenachse MA umlaufend antreibbaren Rotors 3 vorgesehen. Jedes Verschließelement 1 a - 1 f bildet am Umfang des Rotors 3 eine Verschließposition 4 zum Verschließen von Behältern 5 in Form von Flaschen mit jeweils einem kappenartigen Behälterverschluss 6, der als Schraubverschluss am Behälter durch 
<!-- EPO <DP n="6"/>-->
 Aufdrehen auf ein im Bereich der Behälteröffnung vorgesehenes Behältergewinde fixiert wird. Die Behälter 5 sind hierbei an einem Behälterträger 7 mit einem Behälter- oder Mündungsflansch hängend unter dem jeweiligen Verschließelement 1 a— 1 f achsgleich mit einer vertikalen Verschließelementachse VA gehalten, wobei grundsätzlich die Behälter auch am Boden aufstehen können. </p><p id="p0013" num="0013">Jedes Verschließelement 1 a - 1 f ist mit einem Verschließkonus oder -köpf 8 ausgebildet. Bei umlaufendem Rotor 3 nimmt der Verschließkonus oder -köpf 8 an einer Verschlussaufgabeposition der Verschließmaschine 2 den jeweiligen Behälterverschluss 6 auf, sodass dieser dann in der nach unten hin offenen Ausnehmung des Verschließkopfes 8 in geeigneter Weise, beispielsweise durch Klemmsitz gehalten ist. </p><p id="p0014" num="0014">Mit weiterer Rotation des Rotors 3 führt der Verschließkopf 8 eine Hubbewegung A aus, mit welcher der jeweilige Behälterverschluss 6 auf die Behälteröffnung des zu verschließenden Behälters 5 abgesenkt und anschließend mit der Drehbewegung B durch Drehen um die Verschließelementachse VA durch Aufschrauben auf dem Behälter 5 befestigt wird. Vorzugsweise erfolgt die Hubbewegung A derart, dass diese einen, bezogen auf die Verschließelementachse VA axialen Füge- oder Zustellhub darstellt. </p><p id="p0015" num="0015">Anschließend gibt der Verschließkopf 8 den Behälterverschluss 6 durch einen axialen, nach oben gerichteten Rückhub wieder frei. Hierfür sind wenigstens zwei Bewegungen des Verschließkopf 8 erforderlich, nämlich die Hubbewegung A für den Zustellhub nach unten und Rückhub nach oben sowie die Drehbewegung B um die Verschließelementachse VA zum Aufschrauben des jeweiligen Behälterverschlusses 6 auf einen Behälter 5. Weiterhin ist es auch erforderlich, eventuell im Verschließkopf 8 verbliebene Behälterverschlüsse 6, d.h. solche Behälterverschlüsse 6, die nicht auf einen Behälter 5 aufgebracht wurden, vor der Aufnahme eines weiteren Behälterverschlusses 6 aus dem Verschließkopf 8 auszustoßen. Diese grundsätzlichen Merkmale sind allen Verschließelementen 1 a — 1 f gemeinsam. Weiterhin ist es erforderlich, den jeweiligen Behälterverschluss 6 während des Aufschraubens auf das Behältergewinde gegen den Behälter 5 axial anzudrücken (Verschlussanpressdruck). Im Detail sind die Verschließelemente 1 a - 1 f hierfür in der nachstehend beschriebenen Weise ausgeführt. Aus Gründen der vereinfachten 
<!-- EPO <DP n="7"/>-->
 Darstellung, ist in den Figuren 4 und 5 keine Anpressfeder für den Anpressdruck des Verschließerkopfes gezeigt. </p><p id="p0016" num="0016">Verschließelement 1 a </p><p id="p0017" num="0017">Das in der Figur 1 dargestellte Verschließelement 1 a weist u.a. zwei konzentrisch bzw. achsgleich angeordnete Antriebe 10 und 1 1 auf, von denen der Antrieb 1 0 die gesteuerte Hubbewegung A in der Verschließelementachse VA und der Antrieb 1 1 die gesteuerte Drehbewegung B des Verschließkopf 8 um die Verschließelementachse VA bewirken. Beide Antriebe 1 0 und 1 befinden sich oberhalb der Oberseite des Rotors 3 und damit außerhalb des Raumes der Verschließposition 4, der (Raum) beispielsweise bei Füll- und Verschließanlagen zum aseptischen oder sterilen Füllen und Verschließen der Behälter 5 mit einem sterilen gas- und/oder dampfförmigen Medium, beispielsweise mit steriler Luft beaufschlagt ist und in dem sich die Behälter 5 zumindest mit ihren oberen die Behälteröffnungen aufweisenden Behälterabschnitten bewegen. Die Antriebe 1 0 und 1 1 sind fest mit dem Rotor 3 verbunden. </p><p id="p0018" num="0018">Der Antrieb 10, der bei der dargestellten Ausführungsform oberhalb des Antriebes 1 1 vorgesehen und als Hubantrieb oder Hubelement ausgebildet ist, wirkt auf das obere Ende einer Führungseinrichtung 1 2 ein, die aus zwei parallel zur Verschließelementachse VA angeordneten und gegenüber dieser radial versetzten Führungsstangen 1 3 besteht, die in dem Rotor 3 in dortigen Führungen 14 axial verschiebbar geführt sind. An ihren oberen, über den Rotor 3 und den Antrieb 1 1 vorstehenden Enden sind die beiden Führungsstangen 13 durch eine Traverse 1 5 miteinander verbunden, auf die der Antrieb 1 0 einwirkt. An den unteren, über die Unterseite des Rotors 3 vorstehenden Enden sind die beiden Führungsstangen 13 durch eine Traverse 1 6 miteinander verbunden, in der eine Welle 1 7 um die Verschließelementachse VA drehbar gelagert ist. Am unteren, über die Unterseite der Traverse 16 vorstehenden Ende der Welle 1 7 ist der achsgleich mit dieser Welle und mit der Verschließelementachse VA angeordnete Verschließkopf 8 vorgesehen. Durch eine zwischen der Traverse 1 6 und der Oberseite des Verschließkopf 8 wirkende, die Welle 1 7 umschließende Druck- oder Anpressfeder 9 ist der Verschließkopf 8 zur Erzeugung des Verschlussanpressdruckes in eine untere Stellung vorgespannt. </p><p id="p0019" num="0019">Der Antrieb 1 1 ist als Drehantrieb oder als elektrischer Dreh- oder Servo-Antrieb ausgebildet, und zwar mit einer Spindel oder Welle 18a, die achsgleich mit der Verschließelementachse VA angeordnet ist und durch eine Bohrung des Rotors 3 
<!-- EPO <DP n="8"/>-->
 hindurchgeführt und z. B. im Gehäuse des Antriebs 1 1 drehbar gelagert ist, so dass die Welle 18a beim Verschließen, d.h. beim Fügen und Fixieren des Behälterverschlusses 5 bezogen auf die Verschließelementachse VA axial nicht bewegt wird. </p><p id="p0020" num="0020">An ihrem unteren, dem Antrieb 1 1 entfernt liegenden Ende ist die Welle 18 als Hohlwelle ausgeführt, in deren Ausnehmung 1 9 die Welle 1 7 mit ihrem oberen Bereich hineinreicht, und zwar derart, dass die Welle 1 7 innerhalb der Ausnehmung 19 relativ zu der Welle 18a axial um den Zustell- und Rückhub der Hubbewegung A bewegbar ist. Durch mindestens einen Mitnehmer 21 , der in einen Schlitz 20 der Welle 18a eingreift, ist die Welle 1 7 für die Drehbewegung B um die Verschließelementachse VA antriebsmäßig mit der Welle 1 8a verbunden. Der Durchtritt der Führungsstangen 13 durch den Rotor 3 ist mit jeweils einer nur schematisch angedeuteten Faltenbalgdichtung 22 oder einer geeigneten anderen Dichtung abgedichtet. </p><p id="p0021" num="0021">Da die Welle 18a beim Verschließen, d.h. beim Fügen und Fixieren des Behälterverschlusses 5 keine axiale Bewegung durchführt, ist das Abdichten des Durchtritts dieser Welle durch den Rotor 3 mit relativ einfachen Dichtungen zuverlässig möglich, sodass insgesamt ein dichter Abschluss des sterilen Raums der Verschließpositionen 4 gegenüber der äußeren Umgebung oberhalb des Rotors 3 erreicht werden kann, und zwar bei außerhalb des sterilen Raumes angeordneten Antrieben 1 0 und 1 1 . Verschließelemente 1 b </p><p id="p0022" num="0022"> Die Figur 2 zeigt ein Verschließelement 1 b, welches wiederum den als Hubantrieb ausgebildeten Antrieb 10 und den als Drehantrieb bzw. als elektrischen Servo- Antrieb ausgebildeten Antrieb 1 1 aufweist Der Antrieb 10 wirkt bei dieser Ausführungsform auf das obere Ende einer achsgleich mit der Verschließelementachse VA angeordneten Hubstange 23 ein, die an ihrem über die Unterseite des Rotors 3 vorstehenden Bereich mit einem Bund 23.1 versehen ist, auf welchem sich ein Führungsstück 24 abstützt. Letzteres ist Teil einer achsgleich mit der Verschließelementachse VA angeordneten Hohlwelle 25, an deren unteren Ende der Verschließkopf 8 befestigt ist. Das Führungsstück 24 ist in Bezug auf die Verschließelementachse VA axial verschiebbar an Führungsstangen 26 geführt, die parallel zur Verschließelementachse VA angeordnet und gegenüber dieser radial versetzt sind. Die Führungsstangen 26 sind mit ihrem oberen Ende stirnseitig an der Welle 18b des Antriebs 1 1 befestigt, die als Hohlwelle ausgeführt ist. Mit ihren 
<!-- EPO <DP n="9"/>-->
 unteren Enden sind die Führungsstangen 26 über einen Ring 27 miteinander verbunden. Das Verschließelement 1 b weist wiederum eine als Druckfeder ausgebildete und die Hubstange 23 umschließende Anpressfeder 9 für den Verschlussanpressdruck auf, die zwischen dem Führungsstück 24 und einem oberen an der Hubstange 23 oberhalb des Führungsstücks 24 ausgebildeten Bund 23.2 wirkt. </p><p id="p0023" num="0023">Wie die Figur 2 auch zeigt, bildet die Welle 1 8b den Rotor des Antriebes 1 1 und ist nicht nur im Gehäuse dieses Antriebs drehbar gelagert, sondern weist auch die mit einem äußeren Stator bzw. mit einer äußeren Statorwicklung 28 zusammenwirkenden Rotorelemente 29 auf, die beispielsweise von einer Rotorwicklung oder aber bevorzugt von mehreren Permanentmagneten gebildet sind. Mit dem Antrieb 10 ist über die Hubstange 23 die gesteuerte Hubbewegung A des Verschließkopfes 8 möglich. Über die Führungsstangen 26 und das an diesen Führungsstangen geführte Führungsstück 24 und die Hohlwelle 25 ist die Drehbewegung B des Verschließkopfes mit dem Antrieb 1 1 möglich. Wie die Figur 2 weiterhin zeigt, steht die Hubstange 23 über den unteren Bund 23.1 mit einer Teillänge vor. Diese Teillänge ist so gewählt, dass das untere Ende der Hubstange 23 als Stößel 23.3 ausgeformt ist, welches bei angehobenem Verschließkopf 8 durch eine Öffnung 8.1 in diesen Verschließkopf 8 hineinreicht und dadurch einen eventuell im Verschließkopf verbliebenen Behälterverschluss 6 ausstößt. Auch bei dem Verschließelement 1 b wird die Welle 18b des Antriebs 1 1 beim Verschließen, d.h. beim Fügen und Fixieren axial nicht bewegt. Verschließelement 1 c </p><p id="p0024" num="0024"> Das in der Figur 3 dargestellte Verschließelement 1 c weist wiederum die beiden konzentrisch bzw. achsgleich angeordneten Antriebe 1 0 und 1 1 oberhalb der Oberseite des Rotors 3 auf, und zwar bei der dargestellten Ausführungsform den Antrieb 1 0 oberhalb des Antriebs 1 1 . Bei dieser Ausführungsform ist der Antrieb 1 0 ebenfalls als Drehantrieb ausgeführt, und zwar mit einer Spindel oder Welle 30c, die von der als Hohlwelle ausgebildeten Welle 18c des Antriebs 1 1 umschlossen ist. Beide Wellen 1 8c und 30c sind achsgleich mit einander angeordnet. Die Welle 30c ist an ihrem unteren Ende als Gewindespindel mit einem Gewinde 31 ausgebildet, die in eine achsgleich mit der VA angeordnete Gewindehülse 32 eingreift. Auf der Gewindehülse 32 ist ein Ring 33 vorgesehen, an dessen Unterseite der Verschließkopf 8 befestigt ist. Das mit dem Innengewinde der Gewindehülse 32 zusammenwirkende Gewinde 31 bildet ein Hub- oder Spindelgetriebe 34, welches die Drehbewegung der Welle 30c in die Hubbewegung A umsetzt. Über 
<!-- EPO <DP n="10"/>-->
 Führungsstangen 35, die parallel zur Verschließelementachse VA angeordnet und gegenüber dieser radial versetzt sind und die über die den Verschließkopf 8 abgewandte Oberseite des Ringes 33 vorstehen, ist dieser Ring 33 bezogen auf die Verschließelementachse VA axial an dem unteren Ende der Welle 1 8c verschiebbar geführt. Weiterhin ist der Ring 33 auch um einen kleineren Hub in Richtung der Verschließelementachse VA relativ zur Gewindehülse 32 bewegbar, wobei diese Gewindehülse aber über Führungsstifte 35.1 gegen Verdrehen relativ zum Ring 33 gesichert ist. Diese Relativbewegung zwischen der Gewindehülse 32 und dem Ring 33 ermöglicht es der Anpressfeder 9 den beim Verschließen der Behälter 5 notwendigen Verschlussanpressdruck zu erzeugen. Die die Gewindehülse 32 umschließende und als Druckfeder ausgebildete Anpressfeder 9 wirkt hierfür zwischen einem Bund am oberen Ende der Gewindehülse 32 und der Oberseite des Ringes 33. Die Besonderheit des Verschließelementes 1 c besteht darin, dass beide Antriebe 1 0 und 1 1 als Drehantriebe beispielsweise als elektrische Servo-Antriebe ausgebildet sind, dass auf den Wellen 18c und 30c, die jeweils im Gehäuse der Antriebe 10 und 1 1 gelagert sind, die den Rotor der Antriebe bildenden und mit der jeweiligen Statorwicklung 28 zusammenwirkenden Rotorelemente 29 (Rotorwicklung oder Permanentmagnete) vorgesehen sind. Beide Wellen 18c und 30c werden beim Verschließen, d.h. beim Fügen und Fixieren des Behälterverschlusses 5 axial nicht bewegt, wodurch sich das Abdichten eines die Verschließpositionen 4 bildenden sterilen Raumes gegenüber der Umgebung vereinfacht. Die Hubbewegung A sowie die Drehbewegung B wird durch Steuerung der Relativbewegung der beiden Antriebe 10 und 1 1 zueinander bzw. der Wellen 1 8c und 30 erreicht. Um die gewünschte Bewegung des Verschließkopfes 8 zu erzielen ist vorgesehen, die Antriebe 1 0 und 1 1 gleichzeitig so anzusteuern, dass sich deren Drehbewegungen und -verhalten zueinander einstellen.. Dabei ist festzuhalten, dass unterschiedliche Drehverhalten der Antriebe 1 0 und 1 1 bei ihren Wellen 30c und 18c zwangsläufig zu einem Drehwinkelversatz zueinander führen. Dieser Versatz wird über die Steigung des Gewindes 31 in die Hubbewegung A umgesetzt. </p><p id="p0025" num="0025">Hierbei ist es insbesondere auch möglich, den Ring 33 durch entsprechende Steuerung der Relativbewegungen der Antriebe 10 und 1 1 soweit anzuheben, dass das untere Ende der Welle 30c durch die Öffnung 8.1 in den Verschließkopf 8 
<!-- EPO <DP n="11"/>-->
 eintritt, und zwar zum Ausstoßen eines eventuell dort verbliebenen Behälterverschlusses 6. Die Welle 30c ist bei 36 in der Welle 18c gelagert. </p><p id="p0026" num="0026">Verschließelement 1 d </p><p id="p0027" num="0027">Die Figur 4 zeigt als weitere Ausführungsform ein Verschließelement 1 d, welches sich von dem Verschließelement 1 c im Wesentlichen nur dadurch unterscheidet, dass das auf der Welle 30d des Antriebs 10 vorgesehene Gewinde 31 in ein Innengewinde eingreift, welches an einem an den Führungsstangen 35 axial geführten Ring 37 vorgesehen ist, sodass dieser Ring und das Gewinde 31 das Hub- oder Spindelgetriebe 34 bilden. Die Führungsstangen 35 sind mit ihren oberen Enden fest mit dem unteren Ende der wiederum als Hohlwelle ausgeführten Welle 18d des Antriebs 1 1 verbunden. Die Welle 18d umschließt die Welle 30d. Beide Wellen 18d und 30d sind achsgleich mit der Verschließelementachse VA angeordnet und werden beim Verschließen, d.h. beim Fügen und Fixieren des Behälterverschlusses 5 axial nicht bewegt. Die unteren Enden der Führungsstangen 35 sind über einen Ring 38 miteinander verbunden. Der Ring 37 ist Bestandteil einer Hohlwelle 39, die achsgleich mit der Verschließelementachse VA angeordnet an ihrem unteren Ende den Verschließkopf 8 trägt. Dieser führt durch gesteuertes Drehen der Wellen 18d und 30d relativ zu einander über das Hub- oder Spindelgetriebe 34 die Hubbewegung A sowie über die Führungsstangen 35 die Drehbewegung B aus. Auch bei dieser Ausführungsform ist der Verschließkopf 8 mit der Hubbewegung A soweit anhebbar, dass das untere Ende der Welle 30d für das Ausstoßen eventuell verbliebener Behälterverschlüsse 6 durch die Öffnung 8.1 in den Verschließkopf 8 eintritt. </p><p id="p0028" num="0028">Verschließelement 1 e </p><p id="p0029" num="0029"> Die Figur 5 zeigt als weitere Ausführungsform ein Verschließelement 1 e, welches sich von dem Verschließelement 1 d im Wesentlichen nur dadurch unterscheidet, dass der Verschließkopf 8 am unteren Ende einer Hohlwelle 40 vorgesehen ist, die mit einem oberen Abschnitt bezogen auf die Verschließelementachse VA axial bzw. teleskopartig in der als Hohlwelle ausgebildeten Welle 18e des Antriebs 1 1 verschiebbar angeordnet ist. Die Welle 1 8e umschließt die Welle 30e. Beide Wellen 18e und 30e sind achsgleich mit der Verschließelementachse VA angeordnet und werden beim Verschließen, d.h. beim Fügen und Fixieren des Behälterverschlusses 5 axial nicht bewegt. Das Gewinde 31 der Welle 30 greift in ein Innengewinde ein, welches am oberen, in der Welle 18e aufgenommenen Ende der Hohlwelle 40 ausgebildet ist, sodass dieses Innengewinde zusammen mit dem Gewinde 31 das Hub- oder Spindelgetriebe 34 bilden. Die Welle 1 8e ist mit sich in Richtung der 
<!-- EPO <DP n="12"/>-->
 Verschließelementachse VA erstreckenden Schlitzen 41 versehen, in die Mitnehmer 42 der Hohlwelle 40 eingreifen, sodass diese zwar relativ zur Welle 18e axial verschiebbar ist, mit der Welle 1 8e aber mitgedreht wird. Die Hubbewegung A sowie die Drehbewegung B des Verschließkopfes 8 werden wiederum durch gesteuerte Relativbewegung der Antriebe 10 und 1 1 bzw. deren Wellen 18e und 30e erreicht. </p><p id="p0030" num="0030">Verschließelement 1 f </p><p id="p0031" num="0031"> Die Figur 6 zeigt schließlich ein Verschließelement, welches sich von den Verschließelementen 1 c - 1 e zunächst dadurch unterscheidet, dass bei dem Verschließelement 1 f der Antrieb 1 1 oberhalb des Antriebes 1 0 vorgesehen ist und dass die als Hohlwelle ausgebildete Welle 30f des Antriebes 10 die Welle 18f des Antriebes 1 1 umschließt. Beide Antriebe 1 0 und 1 1 sowie deren Wellen 1 8f und 30f sind wiederum konzentrisch bzw. achsgleich mit der Verschließelementachse VA angeordnet und die Wellen 18f und 30f und werden beim Verschließen, d.h. beim Fügen und Fixieren des Behälterverschlusses 5 axial nicht bewegt. </p><p id="p0032" num="0032">Die Welle 30f ist im Bereich ihres unteren Endes mit einem Innengewinde 43 versehen, in welches das Außengewinde eines Gewindestücks 44 eingreift, das zusammen mit dem Gewinde 43 das Hub- oder Spindelgetriebe 34 bildet. Über parallel zur Verschließelementachse VA angeordnete und gegenüber dieser Achse radial versetzte Führungsstifte 45, die in Führungsbohrungen 46 der Welle 18f eingreifen, ist das Gewindestück 44 bezogen auf die Verschließelementachse VA axial verschiebbar, aber antriebsmäßig (rotativ) mit der Welle 1 8f verbunden. </p><p id="p0033" num="0033">Die Führungsstifte 45 sind mit ihren unteren, über das Gewindestück 44 nach unten wegstehenden Enden mit dem Verschließkopf 8 verbunden, sodass auch dieser für die Dreh- und Schraubbewegung B mit der Welle 1 8f mitgedreht wird. Auf jedem Führungsstift 45 ist eine diesen Stift umschließende und sich am Verschließkopf 8 sowie am Gewindestück 44 abstützende Anpressfeder 9 für den Verschlussanpressdruck vorgesehen. Wie Figur 6 zeigt, sind beide Wellen 18f und 30f wiederum Teil des Rotors der Antriebe 1 0 und 1 1 , d.h. diese Wellen tragen die mit der Statorwicklung 28 zusammenwirkenden rotorseitigen Rotorelemente 29. Mit 47 ist ein Stößel bezeichnet, der achsgleich mit der Verschließelementachse VA axial nicht verschiebbar angeordnet und von der als Hohlwelle ausgebildeten Welle 1 8f umschlossen ist. In der angehobenen Position des Verschließkopfes 8 dient 
<!-- EPO <DP n="13"/>-->
 dieser Stößel 47 wiederum zum Ausstoßen von eventuell im Verschließkopf 8 verbliebenen Behälterverschlüssen 6. </p><p id="p0034" num="0034">Allen vorbeschriebenen Ausführungsformen ist u.a. gemeinsam, dass zumindest die Welle 1 8a - 18f für die Drehbewegung B, aber bei den Verschließelementen 1 1 c - 1 f auch die Wellen 30c - 30f für die Hubbewegung A des jeweiligen Verschließkopf 8 drehbar, aber axial nicht beweglich vorgesehen sind, wodurch sich eine wirksame aber vereinfachte Abdichtung des Durchtritts der betreffenden Welle durch den Rotor 3 oder eine andere Trennwand bzw. in den die Verschließposition 4 aufweisenden Raum erreichen lässt, insbesondere die Verschließelemente 1 c - 1 f sind damit solche ohne Hubbewegung und eignen sich in besonderem Maße als aseptische Verschließelemente; </p><p id="p0035" num="0035">dass die beiden Antriebe 10 und 1 1 achsgleich miteinander und auch achsgleich mit der Verschließelementachse VA angeordnet und fest mit dem Rotor 3 verbunden sind und damit beim Verschließen, d.h. beim Fügen und Fixieren der Behälterverschlüsse in der Verschließelementachse VA nicht bewegt werden; </p><p id="p0036" num="0036">dass sich die Antriebe 10 und 1 1 außerhalb des die Verschließpositionen 4 aufweisenden Raumes befinden; </p><p id="p0037" num="0037">dass für die Hubbewegung A ein für jedes Verschließelement der Verschließmaschine eigenständiger Antrieb vorgesehen ist; </p><p id="p0038" num="0038">dass die als Wellen ausgebildeten Antriebsglieder des jeweiligen Drehantriebes, d.h. die Wellen 18a - 18c sowie auch die Wellen 30c - 30f unmittelbar, also ohne ein zwischen geschaltetes Getriebe, zugleich auch Teil des jeweiligen Rotors des elektromotorischen Antriebes sind. Somit sind die Wellen 18a bis 18f und 30c bis 30f direkt ohne Zwischenanpassungsglieder mit den Rotoren der jeweiligen Antriebe 1 0 oder 1 1 fest verbunden. </p><p id="p0039" num="0039">In den Figuren 7 und 8 sind zwei Varianten des Verschließelementes dargestellt, bei welchen jeweils die Achse des Antriebes für die gesteuerte Hubbewegung nicht konzentrisch zur Achse des Antriebes zur gesteuerten Drehbewegung des </p><p id="p0040" num="0040">Verschließkopf angeordnet ist, sondern hierzu parallel versetzt wurde, nämlich radial nach innen versetzt, wobei die Anordnung natürlich auch eine hierzu verschieden analoge Anordnung möglich ist, insb. eine umgekehrte </p><p id="p0041" num="0041">Antriebsanordnung. Im Falle einer sehr kleinen, engen Bauform, könnten die </p><p id="p0042" num="0042">Antriebe radial und in Umfangsrichtung versetzt angeordnet werden. 
<!-- EPO <DP n="14"/>-->
 Verschließelement 1 g </p><p id="p0043" num="0043"> Die Figur 7 zeigt ein Verschließelement 1 g, welches vergleichbar dem </p><p id="p0044" num="0044">Verschließelementes 1 a eine Hubstange 48 aufweist, an deren unterem Ende ein in Richtung der Verschließerachse VA weisender Arm 49 angeordnet ist. Die Lagerung 50 am freien Ende des Armes 49 dient zur drehbaren Lagerung und Aufnahme der Führungsstangen 26, analog der vorgenannten Ausführungen, insbesondere der Verschließelemente 1 a und 1 b, so dass das Lager 50 die zur Traverse 1 6 bzw. dem Ring 27 analoge Funktion übernimmt. Die Hubstange 48 ist achsgleich mit der Hubantriebsachse HA des Antriebes 1 0 zum geregelten Heben und Senken des</p><p id="p0045" num="0045">Verschließkopfes 8 und parallelversetzt zur Verschließelementachse VA angeordnet. </p><p id="p0046" num="0046">In der gezeigten Ausführungsbeispiel ragen u.a. die Hubstange 48, der Arm 49 und die Lagerung 50 sowie die Welle 1 8 mit den Führungsstangen 26 in einen </p><p id="p0047" num="0047">Isolatorraum 51 , der durch eine feststehenden nicht rotierende Wand 51 .1 und rotierenden Begrenzungen gebildet wird. Als untere, ebenfalls rotierende </p><p id="p0048" num="0048">Begrenzung dient eine Diffusorplatte 52. Der obere Isolatorraum 51 weist einen oder mehrere Einlässe 54 auf, welche über einen gemeinsamen Kanal 53 oder eine Vielzahl von Zuleitungen (nicht dargestellt), mit einem Gas, i.d.R. steriler Luft, versorgt werden können. Der Verschließerkopf 8 bzw. die tragende Welle ist durch die Diffusorplatte 52 hindurch in den unteren Isolatorraum 51 .2 geführt, so dass in dem Bereich des Behälterverschlusses 6 bzw. der Behältermündung (Isolatorraum 51 .2) eine beruhigte Gasströmung ausbildbar ist. Die Hubstange 48 ist weiterhin mit einem Faltenbalg 55 abgedichtet und die</p><p id="p0049" num="0049">Kopplung der Hubstange 48 mit der Hubstange 56 des Antriebes 1 0 erfolgt über eine Kopplungselement 57, welches mittels eines Federelementes 9 eine definierte Anpresskraft des Verschließkopfes 8 sicherstellt, analog der Funktion der </p><p id="p0050" num="0050">Anpressfeder 9 des Verschließelementes 1 b bspw.. Federelement 9 und </p><p id="p0051" num="0051">Kopplungselement 57 sind in einem Raum 58 auf dem Rotor der </p><p id="p0052" num="0052"> Verschließmaschine 2 angeordnet, auf oder oberhalb von welchem der Antrieb 10 platziert ist. Der Raum 58 kann ebenfalls mit einem sterilen Gas oder eine </p><p id="p0053" num="0053">Sterilisierungsmittel versorgt werden (nicht dargestellt). 
<!-- EPO <DP n="15"/>-->
 Der Isolatorraum 51 mit den entsprechenden Ein- und Auslässen, ist exemplarisch nur für das Verschließelement 1 g dargestellt, kann aber in analoger Weise aus für die anderen Aufführungsformen der beschriebenen Verschließelemente vorteilhafterweise vorgesehen werden. </p><p id="p0054" num="0054">Verschließelement 1 h </p><p id="p0055" num="0055"> Die Figur 8 zeigt ein Verschließelement 1 h, welches sich von der Ausführung des Verschließelementes 1 g im Wesentlichen dadurch unterscheidet, dass der Antrieb 10 eine Welle 59 aufweist, welche am unteren Ende einen Gewindeabschitt 59.1 umfasst. Der Arm 49 weist ein Gegengewinde 60 auf, in welchem der </p><p id="p0056" num="0056">Gewindeabschnitt 59.1 aufgenommen und geführt wird. Je nach Drehrichtung, wird durch Drehung der Welle 59 wird ein Heben oder Senken der Lagerung 50 und hierdurch des Verschließkopfes 8 veranlasst. </p><p id="p0057" num="0057">Eine zu einem der vorstehenden Ausführungsformen vergleichbare Kopplung und/oder Anpressfeder zur Festlegung und Begrenzung der Anpresskraft des Verschließerkopfes 8, ist nicht dargestellt, kann aber analog vorgesehen werden. Mittels eines gestrichelt dargestellten Faltenbalges 55 (optional) wird im gezeigten Ausführungsbeispiel die gesamte Welle 59 sowie ein Abschnitt des Armes 49 umschlossen. Wie vorstehend ausgeführt, kann zusätzlich ein Isolationsraum vorgesehen werden. </p><p id="p0058" num="0058">Ein Vorteile dieser Ausführungen gemäß den Figuren 7 oder 8 gestehen darin, dass sich die Regelungstechnik vereinfacht, weil der externe Hubantrieb hinsichtlich seiner Drehbewegung unabhängig von der Drehbewegung der Verschließspindel wird, so dass sich eine regelungstechnische Vereinfachung für einen elektrisch nachgebildeten Hubkurvenablauf ergibt. Zudem können Motoren mit einer einfacheren Technik zum Einsatz kommen, im Vergleich zu Hohlwellenmotor, die im Falle der Ausführungen nach den Figuren 1 bis 6 als Verschließmotor vorzusehen sind. 
<!-- EPO <DP n="16"/>-->
 Die Erfindung wurde voranstehend für Rotationsmaschinen erwähnt und beschrieben, wobei diese aber prinzipiell ebenfalls in Linearmaschinen bzw. Reihenverschließern einsetzbar ist. Weiterhin gilt hinsichtlich der Ausführungsbeispiele, dass zahlreiche Änderungen sowie Abwandlungen möglich sind, ohne dass dadurch der der Erfindung zugrundeliegende Erfindungsgedanke verlassen wird. 
<!-- EPO <DP n="17"/>-->
</p><p id="p0059" num="0059">Bezugszeichenliste </p><p id="p0060" num="0060">1 a - 1f Verschließelement </p><p id="p0061" num="0061"> 2 Verschließmaschine </p><p id="p0062" num="0062"> 3 Rotor der Verschließmaschine</p><p id="p0063" num="0063">4 Verschließposition </p><p id="p0064" num="0064"> 5 Behälter </p><p id="p0065" num="0065"> 6 Behälterverschluss </p><p id="p0066" num="0066"> 7 Behälterträger </p><p id="p0067" num="0067"> 8 Verschließkopf </p><p id="p0068" num="0068"> 8.1 Öffnung </p><p id="p0069" num="0069"> 9 Anpressfeder </p><p id="p0070" num="0070"> 10, 11 Antrieb </p><p id="p0071" num="0071"> 12 Führungselement </p><p id="p0072" num="0072"> 13 Führungsstange </p><p id="p0073" num="0073"> 14 Führung </p><p id="p0074" num="0074"> 15, 16 Traverse </p><p id="p0075" num="0075"> 17, 18 Welle </p><p id="p0076" num="0076"> 19 Ausnehmung </p><p id="p0077" num="0077"> 20 Schlitz </p><p id="p0078" num="0078"> 21 Mitnehmer </p><p id="p0079" num="0079"> 22 Dichtung </p><p id="p0080" num="0080"> 23 Hubstange </p><p id="p0081" num="0081"> 23.1 , 23.2 Bund der Hubstange 23</p><p id="p0082" num="0082">23.3 Stößel der Hubstange 23</p><p id="p0083" num="0083">24 Führungsstück </p><p id="p0084" num="0084"> 25 Hohlwelle </p><p id="p0085" num="0085"> 26 Führungsstange </p><p id="p0086" num="0086"> 27 Ring </p><p id="p0087" num="0087"> 28 Statorwicklung </p><p id="p0088" num="0088"> 29 Motorelement </p><p id="p0089" num="0089"> 30c - 30f Welle </p><p id="p0090" num="0090"> 31 Gewinde </p><p id="p0091" num="0091"> 32 Gewindehülse </p><p id="p0092" num="0092"> 33 Ring </p><p id="p0093" num="0093"> 34 Hub- oder Spindelgetriebe</p><p id="p0094" num="0094">35 Führungsstange </p><p id="p0095" num="0095"> 35.1 Führungsstift 
<!-- EPO <DP n="18"/>-->
 36 Lager </p><p id="p0096" num="0096"> 37, 38 Ring </p><p id="p0097" num="0097"> 39, 40 Hohlwelle </p><p id="p0098" num="0098"> 41 Schlitz </p><p id="p0099" num="0099">42 Mitnehmer </p><p id="p0100" num="0100"> 43 Innengewinde </p><p id="p0101" num="0101"> 44 Gewindestück </p><p id="p0102" num="0102"> 45 Führungsstift </p><p id="p0103" num="0103"> 46 Führungsbohrung </p><p id="p0104" num="0104">47 Stößel </p><p id="p0105" num="0105"> 48 Hubstange </p><p id="p0106" num="0106"> 49 Arm </p><p id="p0107" num="0107"> 50 Lagerung </p><p id="p0108" num="0108"> 51 Isolatorraum (oberer) </p><p id="p0109" num="0109">51 .1 Wand des Isolatorraumes, feststehend </p><p id="p0110" num="0110"> 51 .2 Isolatorraum (unterer) </p><p id="p0111" num="0111"> 52 Diffusorplatte </p><p id="p0112" num="0112"> 53 Kanal </p><p id="p0113" num="0113"> 54 Einlass </p><p id="p0114" num="0114">55 Faltenbalg </p><p id="p0115" num="0115"> 56 Hubstange </p><p id="p0116" num="0116"> 57 Kopplungselement </p><p id="p0117" num="0117"> 58 Raum </p><p id="p0118" num="0118"> 59 Welle </p><p id="p0119" num="0119">59.1 Gewindeabschnitt </p><p id="p0120" num="0120"> 60 Gegengewinde </p><p id="p0121" num="0121">A axiale Hubbewegung des Verschließkopfs </p><p id="p0122" num="0122"> B Dreh- und Schraubbewegung des Verschließkopfs 8 VA Verschließelementachse </p><p id="p0123" num="0123"> MA Maschinenachse </p><p id="p0124" num="0124"> HA Antriebsachse für Hubbewegung 
</p></description><claims mxw-id="PCLM70078200" ref-ucid="WO-2014127878-A1" lang="DE" load-source="patent-office"><claim-statement><!-- EPO <DP n="19"/>--> Patentansprüche </claim-statement><claim id="clm-0001" num="1"><claim-text>1. Verschließelement zum Verschließen von Flaschen oder dergleichen </claim-text><claim-text> Behältern (5) durch Aufsetzen der Behälterverschlüsse (6) auf den jeweiligen Behälter (5) in einer Verschließelementachse (VA) und durch Fixieren der Behälterverschlüsse (6) an dem jeweiligen Behälter (5), vorzugsweise durch An- oder Aufschrauben an bzw. auf ein Behältergewinde, mit einem </claim-text><claim-text> Verschließkopf (8) zur Aufnahme des Behälterverschlusses (6) während des Aufsetzens und Fixierens, mit einem ersten Antrieb (10), welcher ein erstes Antriebsglied (12, 23, 30c - 30f) zur Erzeugung einer axialen Hubbewegung (A) des Verschließkopfes (8) für das Fügen der Behälterverschlüsse (6), sowie mit einem zweiten Antrieb (11) mit einem zweiten Antriebsglied (18a - 18f), welches antriebsmäßig mit dem Verschließkopf (8) für das Fixieren der Behälterverschlüsse (6) an den Behältern (5) verbunden ist, wobei das zweite Antriebsglied eine Welle (18a - 18f) ist, die um ihre parallel zur </claim-text><claim-text> Verschließelementachse (VA) orientierte Achse, vorzugsweise um die </claim-text><claim-text> Verschließelementachse (VA) drehbar ist, </claim-text><claim-text> dadurch gekennzeichnet, </claim-text><claim-text> dass die das zweite Antriebsglied bildende Welle (18a - 18f) und/oder eine das erste Antriebsglied bildende Welle (30c - 30f), die um ihre parallel zur Verschließelementachse (VA) orientierte Achse, vorzugsweise um die </claim-text><claim-text> Verschließelementachse (VA) drehbar ist, mit der axialen Hubbewegung (A) des Verschließkopfes (8) axial nicht mit bewegt werden. </claim-text></claim><claim id="clm-0002" num="2"><claim-text>2. Verschließelement nach Anspruch 1 , dadurch gekennzeichnet, dass die das erste und zweite Antriebsglied bildenden Wellen (12, 23, 30c - 30f; 18a - 18f) mit ihren Achsen achsgleich mit einander und vorzugsweise auch achsgleich mit der Verschießelementachse (VA) angeordnet sind. </claim-text></claim><claim id="clm-0003" num="3"><claim-text>3. Verschließelement nach Anspruch 1 oder 2, dadurch gekennzeichnet, dass das erste Antriebsglied ein durch den ersten Antrieb (10) in Richtung der Verschließelementachse (VA) für die Hubbewegung (A) bewegbares </claim-text><claim-text> Führungselement (12) oder ein in der Verschließelementachse (VA) bewegbarer Stößel (23.3, 47) ist, und dass der Verschließkopf (8) an dem Führungselement (12) oder am Stößel (23.3, 47) drehbar gelagert und mit dem als Welle (18a, 18b) ausgebildeten zweiten Antriebsglied antriebsmäßig derart verbunden ist, dass eine Relativbewegung zwischen dieser Welle (18a - 18f) und dem Verschließkopf (8) in Richtung der Verschließelementachse 
<!-- EPO <DP n="20"/>-->
 (VA) für die Hubbewegung (A) sowie ein Mitdrehen des Verschließkopfes (8) mit der Welle (18a - 18f) möglich sind. </claim-text></claim><claim id="clm-0004" num="4"><claim-text>4. Verschließelement nach Anspruch 3, dadurch gekennzeichnet, dass der </claim-text><claim-text> Verschließkopf (8) über eine die Hubbewegung (A) ermöglichende </claim-text><claim-text> Drehkupplung (20, 21 , 26) mit der das Antriebsglied des zweiten Antriebs (11 ) bildenden Welle (18a, 18b) verbunden ist. </claim-text></claim><claim id="clm-0005" num="5"><claim-text>5. Verschließelement nach einem der vorhergehenden Ansprüche, dadurch gekennzeichnet, dass das erste Antriebsglied des ersten Antriebs (10) sowie das zweite Antriebsglied des zweiten Antriebs (1 1 ) jeweils eine durch ihren Antrieb (10, 11 ) um eine Achse parallel zur Verschließelementachse (VA), vorzugsweise um die Verschließelementachse (VA) angetriebene Welle (30c - 30f; 18c - 18f) ist, die beim Verschließen mit der axialen Hubbewegung (A) des Verschließkopfes (8) axial nicht mit bewegt wird, und dass die Welle (30c - 30f) des ersten Antriebs (10) über ein deren Drehbewegung in die </claim-text><claim-text> Hubbewegung umsetzendes Hubgetriebe (34), vorzugsweise über ein </claim-text><claim-text> Spindelgetriebe, antriebsmäßig mit dem Verschließkopf (8) verbunden ist. </claim-text></claim><claim id="clm-0006" num="6"><claim-text>6. Verschließelement nach Anspruch 5, dadurch gekennzeichnet, dass die </claim-text><claim-text> Wellen (18c - 18f; 30c - 30f) achsgleich mit einander und vorzugsweise achsgleich mit der Verschließelementachse (VA) angeordnet sind, und dass wenigstens eine Welle (18c - 18d; 30f) als die andere Welle (30c - 30d, 18f) umschließende Hohlwelle ausgebildet ist. </claim-text></claim><claim id="clm-0007" num="7"><claim-text>7. Verschließelement nach einem der vorhergehenden Ansprüche, </claim-text><claim-text> gekennzeichnet durch wenigstens einen Stößel (23.3, 47), der in einer angehobenen Position des Verschließkopfes (8) in diesen zum Ausstoßen eines evtl. verbliebenen Behälterverschlusses (6) hineinreicht. </claim-text></claim><claim id="clm-0008" num="8"><claim-text>8. Verschließelement nach Anspruch 7, dadurch gekennzeichnet, dass der </claim-text><claim-text> Stößel (23.3) von einem unteren Ende der das Antriebsglied des ersten Antriebs (10) bildenden Hubstange (23) und/oder von dem unteren Ende der das Antriebsglied des ersten oder zweiten Antriebs (10, 1 1) bildenden Welle (30c - 30d) oder von einem achsgleich mit der Verschließelementachse (VA) angeordneten Stößel (47) gebildet ist. 
<!-- EPO <DP n="21"/>-->
</claim-text></claim><claim id="clm-0009" num="9"><claim-text>9. Verschließelement nach einem der vorhergehenden Ansprüche, dadurch gekennzeichnet, dass es Bestandteil einer Anlage zum aseptischen Füllen und Verschließen von Behältern ist. </claim-text></claim><claim id="clm-0010" num="10"><claim-text>10. Verschließmaschine zum Verschließen von Flaschen oder dergleichen </claim-text><claim-text> Behältern (5) mit Behälterverschlüssen (6), vorzugsweise in Form von </claim-text><claim-text> Schraubverschlüssen, mit mehreren an einem umlaufenden </claim-text><claim-text> Transportelement, beispielsweise an einem um eine vertikale </claim-text><claim-text> Maschinenachse (MA) umlaufend angetriebenen Rotor (3) vorgesehenen Verschließelementen (1 a - 1f), dadurch gekennzeichnet, dass die </claim-text><claim-text> Verschließelemente (1 a - 1f) nach einem der vorhergehenden Ansprüche ausgebildet sind. </claim-text></claim><claim id="clm-0011" num="11"><claim-text>11.Verschließmaschine nach Anspruch 10, dadurch gekennzeichnet, dass die Antriebe (10, 11 ) der Verschließelemente (1 a - 1f) außerhalb eines Raumes angeordnet sind, in welchem sich die Verschließköpfe (8) und Behälter (5) befinden, beispielsweise an der Oberseite des Rotors (3), und dass lediglich die Antriebsglieder (12, 23, 30c - 30f; 18a - 18c) vorzugsweise abgedichtet in diesem Raum hineinreichen. 
</claim-text></claim></claims><copyright>User acknowledges that Fairview Research LLC and its third party providers retain all right, title and interest in and to this xml under applicable copyright laws.  User acquires no ownership rights to this xml including but not limited to its format.  User hereby accepts the terms and conditions of the Licence Agreement</copyright></patent-document>
