<?xml version="1.0" encoding="UTF-8"?>
<patent-document ucid="EP-2680895-A1" country="EP" doc-number="2680895" kind="A1" date="20140108" family-id="45937293" file-reference-id="318302" date-produced="20180825" status="corrected" lang="DE"><bibliographic-data><publication-reference fvid="146587393" ucid="EP-2680895-A1"><document-id><country>EP</country><doc-number>2680895</doc-number><kind>A1</kind><date>20140108</date><lang>DE</lang></document-id></publication-reference><application-reference ucid="EP-12713047-A" is-representative="NO"><document-id mxw-id="PAPP154849585" load-source="docdb" format="epo"><country>EP</country><doc-number>12713047</doc-number><kind>A</kind><date>20120327</date><lang>DE</lang></document-id><document-id mxw-id="PAPP200340180" load-source="docdb" format="original"><country>EP</country><doc-number>12713047.4</doc-number><date>20120327</date></document-id></application-reference><priority-claims><priority-claim mxw-id="PPC140548707" ucid="DE-102011075844-A" load-source="docdb"><document-id format="epo"><country>DE</country><doc-number>102011075844</doc-number><kind>A</kind><date>20110513</date></document-id></priority-claim><priority-claim mxw-id="PPC140547446" ucid="EP-2012055438-W" linkage-type="W" load-source="docdb"><document-id format="epo"><country>EP</country><doc-number>2012055438</doc-number><kind>W</kind><date>20120327</date></document-id></priority-claim></priority-claims><technical-data><classifications-ipcr><classification-ipcr mxw-id="PCL1989320159" load-source="docdb">A61M   1/00        20060101AFI20121205BHEP        </classification-ipcr></classifications-ipcr><classifications-cpc><classification-cpc mxw-id="PCL-1955215719" load-source="docdb" scheme="CPC">A61M2209/088       20130101 LA20160331BHEP        </classification-cpc><classification-cpc mxw-id="PCL2060961335" load-source="docdb" scheme="CPC">A61M   1/0092      20130101 LI20140312BHEP        </classification-cpc><classification-cpc mxw-id="PCL2060962504" load-source="docdb" scheme="CPC">A61M2205/3351      20130101 LA20140314BHEP        </classification-cpc><classification-cpc mxw-id="PCL2060963329" load-source="docdb" scheme="CPC">A61M   1/0084      20130101 LA20140314BHEP        </classification-cpc><classification-cpc mxw-id="PCL2060964709" load-source="docdb" scheme="CPC">A61M   1/0031      20130101 FI20140314BHEP        </classification-cpc><classification-cpc mxw-id="PCL2060964712" load-source="docdb" scheme="CPC">A61M2205/3592      20130101 LA20140314BHEP        </classification-cpc></classifications-cpc><invention-title mxw-id="PT132366812" lang="DE" load-source="patent-office">VORRICHTUNG ZUR BEREITSTELLUNG VON UNTERDRUCK ZUR UNTERDRUCKBEHANDLUNG VON WUNDEN</invention-title><invention-title mxw-id="PT132366813" lang="EN" load-source="patent-office">DEVICE FOR PROVIDING VACUUM FOR THE VACUUM TREATMENT OF WOUNDS</invention-title><invention-title mxw-id="PT132366814" lang="FR" load-source="patent-office">DISPOSITIF DE PRODUCTION D'UNE PRESSION NÉGATIVE POUR LE TRAITEMENT DES PLAIES PAR PRESSION NÉGATIVE</invention-title><citations><non-patent-citations><nplcit><text>See references of WO 2012156140A1</text><sources><source mxw-id="PNPL67456400" load-source="docdb" name="SEA"/></sources></nplcit></non-patent-citations></citations></technical-data><parties><applicants><applicant mxw-id="PPAR919537705" load-source="docdb" sequence="1" format="epo"><addressbook><last-name>HARTMANN PAUL AG</last-name><address><country>DE</country></address></addressbook></applicant><applicant mxw-id="PPAR919539517" load-source="docdb" sequence="1" format="intermediate"><addressbook><last-name>PAUL HARTMANN AG</last-name></addressbook></applicant><applicant mxw-id="PPAR919017751" load-source="patent-office" sequence="1" format="original"><addressbook><last-name>Paul Hartmann AG</last-name><iid>100196507</iid><address><street>Paul-Hartmann-Strasse 12</street><city>89522 Heidenheim</city><country>DE</country></address></addressbook></applicant></applicants><inventors><inventor mxw-id="PPAR919540574" load-source="docdb" sequence="1" format="epo"><addressbook><last-name>ECKSTEIN AXEL</last-name><address><country>DE</country></address></addressbook></inventor><inventor mxw-id="PPAR919517657" load-source="docdb" sequence="1" format="intermediate"><addressbook><last-name>ECKSTEIN, AXEL</last-name></addressbook></inventor><inventor mxw-id="PPAR919006679" load-source="patent-office" sequence="1" format="original"><addressbook><last-name>ECKSTEIN, AXEL</last-name><address><street>Tuttlinger Weg 30</street><city>89522 Heidenheim</city><country>DE</country></address></addressbook></inventor><inventor mxw-id="PPAR919518113" load-source="docdb" sequence="2" format="epo"><addressbook><last-name>HOFSTETTER JUERGEN</last-name><address><country>DE</country></address></addressbook></inventor><inventor mxw-id="PPAR919514102" load-source="docdb" sequence="2" format="intermediate"><addressbook><last-name>HOFSTETTER, JUERGEN</last-name></addressbook></inventor><inventor mxw-id="PPAR919009353" load-source="patent-office" sequence="2" format="original"><addressbook><last-name>HOFSTETTER, JUERGEN</last-name><address><street>Schillerstrasse 15</street><city>89522 Heidenheim</city><country>DE</country></address></addressbook></inventor></inventors><agents><agent mxw-id="PPAR919017340" load-source="patent-office" sequence="1" format="original"><addressbook><last-name>Dreiss</last-name><iid>100060570</iid><address><street>Patentanwälte Gerokstrasse 1</street><city>70188 Stuttgart</city><country>DE</country></address></addressbook></agent></agents></parties><international-convention-data><pct-or-regional-filing-data ucid="EP-2012055438-W"><document-id><country>EP</country><doc-number>2012055438</doc-number><kind>W</kind><date>20120327</date><lang>DE</lang></document-id></pct-or-regional-filing-data><pct-or-regional-publishing-data ucid="WO-2012156140-A1"><document-id><country>WO</country><doc-number>2012156140</doc-number><kind>A1</kind><date>20121122</date><lang>DE</lang></document-id></pct-or-regional-publishing-data><designated-states><ep-contracting-states><country mxw-id="DS549772441" load-source="docdb">AL</country><country mxw-id="DS549856705" load-source="docdb">AT</country><country mxw-id="DS549772850" load-source="docdb">BE</country><country mxw-id="DS549787055" load-source="docdb">BG</country><country mxw-id="DS549919423" load-source="docdb">CH</country><country mxw-id="DS549772851" load-source="docdb">CY</country><country mxw-id="DS549856710" load-source="docdb">CZ</country><country mxw-id="DS549772442" load-source="docdb">DE</country><country mxw-id="DS549772852" load-source="docdb">DK</country><country mxw-id="DS549772857" load-source="docdb">EE</country><country mxw-id="DS549855228" load-source="docdb">ES</country><country mxw-id="DS549787056" load-source="docdb">FI</country><country mxw-id="DS549919424" load-source="docdb">FR</country><country mxw-id="DS549772443" load-source="docdb">GB</country><country mxw-id="DS549772858" load-source="docdb">GR</country><country mxw-id="DS549772444" load-source="docdb">HR</country><country mxw-id="DS549856711" load-source="docdb">HU</country><country mxw-id="DS549919425" load-source="docdb">IE</country><country mxw-id="DS549772859" load-source="docdb">IS</country><country mxw-id="DS549787065" load-source="docdb">IT</country><country mxw-id="DS549772860" load-source="docdb">LI</country><country mxw-id="DS549787066" load-source="docdb">LT</country><country mxw-id="DS549857157" load-source="docdb">LU</country><country mxw-id="DS549787067" load-source="docdb">LV</country><country mxw-id="DS549787068" load-source="docdb">MC</country><country mxw-id="DS549857162" load-source="docdb">MK</country><country mxw-id="DS549857163" load-source="docdb">MT</country><country mxw-id="DS549855229" load-source="docdb">NL</country><country mxw-id="DS549874954" load-source="docdb">NO</country><country mxw-id="DS549855234" load-source="docdb">PL</country><country mxw-id="DS549787081" load-source="docdb">PT</country><country mxw-id="DS549856712" load-source="docdb">RO</country><country mxw-id="DS549787082" load-source="docdb">RS</country><country mxw-id="DS549855235" load-source="docdb">SE</country><country mxw-id="DS549919426" load-source="docdb">SI</country><country mxw-id="DS549874955" load-source="docdb">SK</country><country mxw-id="DS549874956" load-source="docdb">SM</country><country mxw-id="DS549857164" load-source="docdb">TR</country></ep-contracting-states></designated-states></international-convention-data><office-specific-data><eptags><ep-no-a-document-published>*</ep-no-a-document-published></eptags></office-specific-data></bibliographic-data><abstract mxw-id="PA102349895" ref-ucid="WO-2012156140-A1" lang="DE" load-source="patent-office"><p num="0000">Die Erfindung betrifft eine tragbare Vorrichtung (2) zur Bereitstellung von Unterdruck für medizinische Anwendungen, insbesondere zur Unterdruckbehandlung von Wunden am menschlichen oder tierischen Körper, umfassend eine unterdruckerzeugende Saugpumpe (90) in einem ersten Gehäuseteil (4) der Vorrichtung, einen Behälter (10) zur Aufnahme von Körperflüssigkeiten, insbesondere von aus einer Wunde abgesaugten Wundsekreten, wobei der Behälter (10) lösbar an dem ersten Gehäuseteil (4) der Vorrichtung befestigbar ist und im befestigten Zustand von der Saugpumpe (90) mit Unterdruck beaufschlagbar ist, und wobei am Behälter (10) ein Anschluss (12) für eine zum Körper führende Saugleitung (82) vorgesehen ist, so dass eine Unterdruckkommunikation zwischen der Saugpumpe (90), dem Behälter (10) und der zum Körper führenden Saugleitung (82) herstellbar ist, einen Drucksensor (94), welcher zur Messung des Drucks in einem Leitungsabschnitt (88) zwischen dem Behälter (10) und der Saugpumpe (90) angeordnet ist, eine programmierbare elektronische Steuereinrichtung (100), welche mindestens unter Berücksichtigung von vorgegebenen und/oder vorgebbaren Parametern und von durch den Drucksensor (94) gemessenen Druckwerten die Saugpumpe (90) ansteuern kann; die Vorrichtung ist dadurch gekennzeichnet, dass die elektronische Steuereinrichtung (100) so ausgebildet ist, dass sie die Saugpumpe (90) deaktiviert, wenn, ausgehend von einem laufenden Unterdruckregelbetrieb, eine mittels der Signale des Drucksensors (94) festgestellte Druckänderungsrate (Δρ/Δt) in Richtung abnehmenden Unterdrucks einen vorgegebenen Schwellwert übersteigt.</p></abstract><abstract mxw-id="PA102726424" ref-ucid="WO-2012156140-A1" lang="DE" source="national office" load-source="docdb"><p>Die Erfindung betrifft eine tragbare Vorrichtung (2) zur Bereitstellung von Unterdruck für medizinische Anwendungen, insbesondere zur Unterdruckbehandlung von Wunden am menschlichen oder tierischen Körper, umfassend eine unterdruckerzeugende Saugpumpe (90) in einem ersten Gehäuseteil (4) der Vorrichtung, einen Behälter (10) zur Aufnahme von Körperflüssigkeiten, insbesondere von aus einer Wunde abgesaugten Wundsekreten, wobei der Behälter (10) lösbar an dem ersten Gehäuseteil (4) der Vorrichtung befestigbar ist und im befestigten Zustand von der Saugpumpe (90) mit Unterdruck beaufschlagbar ist, und wobei am Behälter (10) ein Anschluss (12) für eine zum Körper führende Saugleitung (82) vorgesehen ist, so dass eine Unterdruckkommunikation zwischen der Saugpumpe (90), dem Behälter (10) und der zum Körper führenden Saugleitung (82) herstellbar ist, einen Drucksensor (94), welcher zur Messung des Drucks in einem Leitungsabschnitt (88) zwischen dem Behälter (10) und der Saugpumpe (90) angeordnet ist, eine programmierbare elektronische Steuereinrichtung (100), welche mindestens unter Berücksichtigung von vorgegebenen und/oder vorgebbaren Parametern und von durch den Drucksensor (94) gemessenen Druckwerten die Saugpumpe (90) ansteuern kann; die Vorrichtung ist dadurch gekennzeichnet, dass die elektronische Steuereinrichtung (100) so ausgebildet ist, dass sie die Saugpumpe (90) deaktiviert, wenn, ausgehend von einem laufenden Unterdruckregelbetrieb, eine mittels der Signale des Drucksensors (94) festgestellte Druckänderungsrate (??/?t) in Richtung abnehmenden Unterdrucks einen vorgegebenen Schwellwert übersteigt.</p></abstract><abstract mxw-id="PA102349896" ref-ucid="WO-2012156140-A1" lang="EN" load-source="patent-office"><p num="0000">The invention relates to a portable device (2) for providing vacuum for medical applications, in particular for the vacuum treatment of wounds on a human or animal body, comprising a suction pump (90), which produces vacuum, in a first housing part (4) of the device, a container (10) for accommodating bodily fluids, in particular wound secretions extracted from a wound, wherein the container (10) can be detachably fastened to the first housing part (4) of the device and can be subjected, in the fastened state, to vacuum by the suction pump (90), and wherein a connection (12) is provided on the container (10) for a suction line (82) leading to the body so that vacuum can be communicated between the suction pump (90), the container (10) and the suction line (82) leading to the body, a pressure sensor (94) which is arranged between the container (10) and the suction pump (90) for measuring the pressure in a line section (88), a programmable electronic control device (100) which can control the suction pump (90) by at least taking into account the predefined and/or predefinable parameters and the pressure values measured by the pressure sensor (94). The device is characterized in that the electronic control device (100) is designed in such a manner that it deactivates the suction pump (90) when, during a continuous operation under vacuum, a pressure change rate (Δρ/Δt), which is determined on the basis of the signals of the pressure sensor (94), falls below a predefined threshold value in the direction of decreasing vacuum.</p></abstract><abstract mxw-id="PA102726425" ref-ucid="WO-2012156140-A1" lang="EN" source="national office" load-source="docdb"><p>The invention relates to a portable device (2) for providing vacuum for medical applications, in particular for the vacuum treatment of wounds on a human or animal body, comprising a suction pump (90), which produces vacuum, in a first housing part (4) of the device, a container (10) for accommodating bodily fluids, in particular wound secretions extracted from a wound, wherein the container (10) can be detachably fastened to the first housing part (4) of the device and can be subjected, in the fastened state, to vacuum by the suction pump (90), and wherein a connection (12) is provided on the container (10) for a suction line (82) leading to the body so that vacuum can be communicated between the suction pump (90), the container (10) and the suction line (82) leading to the body, a pressure sensor (94) which is arranged between the container (10) and the suction pump (90) for measuring the pressure in a line section (88), a programmable electronic control device (100) which can control the suction pump (90) by at least taking into account the predefined and/or predefinable parameters and the pressure values measured by the pressure sensor (94). The device is characterized in that the electronic control device (100) is designed in such a manner that it deactivates the suction pump (90) when, during a continuous operation under vacuum, a pressure change rate (??/?t), which is determined on the basis of the signals of the pressure sensor (94), falls below a predefined threshold value in the direction of decreasing vacuum.</p></abstract><abstract mxw-id="PA102349897" ref-ucid="WO-2012156140-A1" lang="FR" load-source="patent-office"><p num="0000">L'invention concerne un dispositif portatif (2) destiné à produire une pression négative pour des applications médicales, en particulier pour la traitement de plaies sur des corps humains ou animaux. Ce dispositif (2) comporte une pompe aspirante (90) qui produit une pression négative dans une première partie de boîtier (4) dudit dispositif, un contenant (10) servant à recevoir des liquides corporels, en particulier des sécrétions prélevées d'une plaie par aspiration, le contenant (10) pouvant être fixé amovible sur la première partie de boîtier (4) du dispositif, et, à l'état fixé, pouvant être soumis à la pression négative créée par la pompe aspirante (90), et un raccord (12) destiné à un tube d'aspiration (82) menant audit corps étant situé sur le contenant (10), de manière à pouvoir créer une communication de pression négative entre la pompe aspirante (90), le contenant (10) et le tube d'aspiration (82) menant au corps, un capteur de pression (94) situé entre le contenant (10) et la pompe aspirante (90) pour mesurer la pression dans une partie (88) du tube, un appareil de commande électronique programmable (100) pouvant commander la pompe aspirante (90) au moins en tenant compte de paramètres prédéfinis et/ou prédéfinissables, et de valeurs de pression mesurées par le capteur de pression (94). Ce dispositif est caractérisé en ce que l'appareil de commande électronique (100) est conçu de telle sorte qu'il désactive la pompe aspirante (90), lorsque, à partir d'un fonctionnement en mode de régulation de pression négative, un taux de modification de pression (Δρ/Δt) établi à l'aide des signaux du capteur de pression (94) dépasse une valeur de seuil prédéfinie dans le sens d'une réduction de la pression négative.</p></abstract><abstract mxw-id="PA102726426" ref-ucid="WO-2012156140-A1" lang="FR" source="national office" load-source="docdb"><p>L'invention concerne un dispositif portatif (2) destiné à produire une pression négative pour des applications médicales, en particulier pour la traitement de plaies sur des corps humains ou animaux. Ce dispositif (2) comporte une pompe aspirante (90) qui produit une pression négative dans une première partie de boîtier (4) dudit dispositif, un contenant (10) servant à recevoir des liquides corporels, en particulier des sécrétions prélevées d'une plaie par aspiration, le contenant (10) pouvant être fixé amovible sur la première partie de boîtier (4) du dispositif, et, à l'état fixé, pouvant être soumis à la pression négative créée par la pompe aspirante (90), et un raccord (12) destiné à un tube d'aspiration (82) menant audit corps étant situé sur le contenant (10), de manière à pouvoir créer une communication de pression négative entre la pompe aspirante (90), le contenant (10) et le tube d'aspiration (82) menant au corps, un capteur de pression (94) situé entre le contenant (10) et la pompe aspirante (90) pour mesurer la pression dans une partie (88) du tube, un appareil de commande électronique programmable (100) pouvant commander la pompe aspirante (90) au moins en tenant compte de paramètres prédéfinis et/ou prédéfinissables, et de valeurs de pression mesurées par le capteur de pression (94). Ce dispositif est caractérisé en ce que l'appareil de commande électronique (100) est conçu de telle sorte qu'il désactive la pompe aspirante (90), lorsque, à partir d'un fonctionnement en mode de régulation de pression négative, un taux de modification de pression (??/?t) établi à l'aide des signaux du capteur de pression (94) dépasse une valeur de seuil prédéfinie dans le sens d'une réduction de la pression négative.</p></abstract><description mxw-id="PDES52680970" ref-ucid="WO-2012156140-A1" lang="DE" load-source="patent-office"><invention-title lang="DE">Vorrichtung zur Bereitstellung von Unterdruck zur Unterdruckbehandlung von Wunden</invention-title><p id="p0001" num="0001"><b>Beschreibung</b></p><p id="p0002" num="0002">Die Erfindung betrifft eine am Körper eines Benutzers tragbare Vorrichtung zur Bereitstellung von Unterdruck zur medizinischen Unterdruckbehandlung von Wunden am menschlichen oder tierischen Körper, umfassend eine unterdruckerzeugende Saugpumpe in einem ersten Gehäuseteil  der Vorrichtung, einen Behälter zur Aufnahme von Körperflüssigkeiten, insbesondere von aus einer Wunde abgesaugten Wundsekreten, wobei der Behälter lösbar an dem ersten Gehäuseteil der Vorrichtung befestigbar ist und im befestigten Zustand von der Saugpumpe mit Unterdruck beaufschlagbar ist, und wobei am Behälter ein Anschluss für eine zum Körper führende Saugleitung vorgesehen ist, so dass eine Unterdruckkommunikation zwischen der Saugpumpe, dem Behälter und der zum Körper führenden Saugleitung herstellbar ist, einen Drucksensor, welcher zur Messung des Drucks in einem Leitungsabschnitt zwischen dem Behälter und der Saugpumpe angeordnet ist, eine programmierbare elektronische Steuereinrichtung, welche mindestens unter Berücksichtigung von vorgegebenen und/oder vorgebbaren Parametern und von durch den Drucksensor gemessenen Druckwerten die Saugpumpe ansteuern kann. Wenn vorstehend von einer tragbaren Vorrichtung die Rede ist, so bedeutet dies, dass der Patient die Vorrichtung mitführen kann, so dass er mobil ist und dennoch seine Wunde dauerhaft, d.h. ohne Unterbrechung, therapiert werden kann. Die tragbare Vorrichtung kann dabei über an sich beliebige Befestigungsmittel, insbesondere und vorzugsweise in Form eines flexiblen Gürtels oder eines Schultertragriemens, am Körper des Patienten gehalten und mitgeführt werden. Eine tragbare Vorrichtung der hier in Rede stehenden Art kann aber natürlich auch im stationären Betrieb, also losgelöst vom Körper des Patienten, eingesetzt werden; sie kann solchenfalls beispielsweise an einem Pflegebett befestigt oder neben dem Pflegebett abgestellt werden.</p><p id="p0003" num="0003">Vorrichtungen zur Unterdruckwundbehandlung sind bereits mehrfach beschrieben worden, insbesondere durch US 2004/0073151 A1, WO 2009/047524 A2, WO 2007/030599 A2 oder EP 1 905 465 A1, EP 777 504 B und durch DE 10 2009 038 130 A und DE 10 2009 038 131 A der Anmelderin.</p><p id="p0004" num="0004">Bei derartigen Vorrichtungen zur Unterdruckbehandlung von Wunden kommuniziert eine Saugpumpe über eine Saugleitung mit der Wunde oder der Wundumgebung, wobei ein Wundverband mit einem luftundurchlässigen Abdeckmaterial zum luftdichten Verschließen der Wunde und der Wundumgebung vorgesehen ist, so dass ein Unterdruck im Wundraum herstellbar und Flüssigkeiten aus dem Wundraum in den genannten Behälter absaugbar sind. </p><p id="p0005" num="0005">Der Begriff eines Unterdrucks bezeichnet im Zusammenhang mit der vorliegenden Erfindung einen gegenüber dem Umgebungsluftdruck (atmosphärischer Luftdruck) erniedrigten Luftdruck insbesondere innerhalb eines Wundverbands. Das Abdeckmaterial eines Wundverbands zum luftdichten Verschließen eines Wundraums muss daher so ausgebildet sein, dass es der sich einstellenden Druckdifferenz standzuhalten vermag, damit der Unterdruck im Wundraum überhaupt angelegt und aufrechterhalten werden kann. Eine gewisse Nachgiebigkeit des Wundverbands und Abdeckmaterials ist jedoch typischerweise gegeben. Im Bereich der Unterdrucktherapie in der Wundbehandlung wird der Unterdruck quantitativ als Druckdifferenz zwischen dem Umgebungsluftdruck und dem unterhalb des Abdeckmaterials angelegten Luftdruck angegeben. Typischerweise beträgt diese Druckdifferenz im Bereich der Unterdrucktherapie höchstens 250 mmHg (mm Quecksilbersäule) (1 mm Hg = 1 Torr. = 133,322 Pa). Dieser Unterdruckbereich bis höchstens 250 mmHg hat sich als für die Wundheilung geeignet erwiesen. Ein bevorzugter Unterdruckbereich liegt zwischen 10 und 150 mmHg.</p><p id="p0006" num="0006">Der unter Verwendung der Vorrichtung an die Wunde angelegte Unterdruck kann bei einer typischen Unterdruckbehandlung entweder zeitlich im Wesentlichen konstant gehalten werden, oder er kann zeitlich verändert, insbesondere zyklisch verändert werden, was über eine entsprechend ausgebildete und programmierte Steuervorrichtung bei der Unterdruck erzeugenden Einrichtung, insbesondere in Abhängigkeit weiterer Parameter, realisiert werden kann.</p><p id="p0007" num="0007">Zum Anlegen von Unterdruck und vorzugsweise auch zum Absaugen von Körperflüssigkeiten ist eine vorzugsweise flexible Saugleitung, beispielsweise in Form eines Drainageschlauchs, vorgesehen, der einenends über einen sogenannten Port im Bereich des Wundabdeckmaterials mit der Wundumgebung oder dem Wundraum und anderenends mit dem eingangs erwähnten Behälter zur Aufnahme von Körperflüssigkeiten bzw. mit der Unterdruck erzeugenden Einrichtung kommuniziert. </p><p id="p0008" num="0008">Neben der Unterdruckwundbehandlung sind auch andere Anwendungen der hier in Rede stehenden Vorrichtung zur Bereitstellung von Unterdruck für medizinische Anwendungen denkbar, insbesondere die Absaugung an sich beliebiger Körperflüssigkeiten, im Bereich der medizinischen Inkontinentenversorgung, der Versorgung von Stoma-Patienten oder im Bereich der Absaugung von Wundsekreten, gegebenenfalls unter Verwendung von Spülflüssigkeiten, auch ohne Anlegen eines Unterdrucks über wesentliche Zeiträume.</p><p id="p0009" num="0009">Der vorliegenden Erfindung liegt, ausgehend von einer gattungsgemäßen tragbaren Vorrichtung zur Bereitstellung von Unterdruck für medizinische Anwendungen die Aufgabe zugrunde, die Benutzerfreundlichkeit und Betriebssicherheit weiter zu optimieren, so dass auch dem technisch weniger versierten Benutzer bzw. Patient das Gefühl vermittelt wird, die Betriebsweise des Geräts sicher zu beherrschen. </p><p id="p0010" num="0010">Diese Aufgabe wird bei einer Vorrichtung der genannten Art erfindungsgemäß dadurch gelöst, dass die elektronische Steuereinrichtung so ausgebildet ist, dass sie die Saugpumpe deaktiviert, wenn, ausgehend von einem laufenden Unterdruckregelbetrieb, eine mittels der Signale des Drucksensors  festgestellte Druckänderungsrate (Δp/Δt) in Richtung abnehmenden Unterdrucks, das heißt in Richtung Anstieg des absoluten Drucks, einen vorgegebenen Schwellwert übersteigt.</p><p id="p0011" num="0011">Wenn in diesem Sinne von Deaktivieren der Saugpumpe die Rede ist, so wird hierunter eine Betriebsunterbrechung des Geräts bis zu einem auf einfache Weise auszulösenden Neustart verstanden, das heißt, der gerade ablaufende Druckregelbetrieb und damit die Ansteuerung der Pumpe werden dauerhaft unterbrochen, bis der Benutzer einen Neustart und damit einen neuen Betriebszyklus initiiert. Mit der vorliegenden Erfindung wurde festgestellt, dass gerade bei am Körper des Patienten tragbaren Vorrichtungen zur Unterdruckwundbehandlung die häufigste Ursache für eine Fehlbedienung darin besteht, dass der Behälter zur Aufnahme von Körperflüssigkeiten von dem ersten Gehäuseteil der Vorrichtung, in dem sich die Saugpumpe und die elektronischen Steuerkomponenten befinden, gelöst wird, so dass es in der Folge zu steuerungstechnisch undifferenzierten Zuständen kommt. Wenn beispielsweise ausgehend von einem gerade aktiven Unterdrucksteuerungs- bzw. Regelungsbetrieb der Behälter von dem ersten Gehäuseteil der tragbaren Vorrichtung gelöst wird, so kann dies zu der regelungstechnischen Konsequenz führen, dass die elektronische Steuereinrichtung die Saugpumpe in Richtung zunehmende Saugleistung ansteuert, was häufig mit einer Zunahme der Geräuschentwicklung verbunden ist und den Benutzer verunsichern kann und außerdem weitere Steuerungsmaßnahmen durch den Benutzer erforderlich machen kann. Diese Situation kann sich gleichermaßen dann stellen, wenn ein ganz oder schon weitgehend mit Flüssigkeit befüllter Behälter gegen einen neuen bewusst ausgetauscht wird. </p><p id="p0012" num="0012">Mit der erfindungsgemäßen Ausbildung der Vorrichtung wird hingegen sichergestellt, dass ausgehend von einem laufenden Unterdruckregelbetrieb die Unterdruck erzeugende Saugpumpe durch die elektronische Steuereinrichtung dauerhaft deaktiviert wird, sobald eine abrupte Druckänderungsrate (Δp/Δt) in Richtung abnehmenden Unterdrucks, das heißt ein  abrupter Anstieg des absoluten Drucks, festgestellt wird. Dieser abrupte Druckanstieg wird über die Druckänderungsrate detektiert und von der elektronischen Steuereinrichtung anhand der Signale des Drucksensors als solche erkannt. Es wird hierfür festgestellt, ob die Druckänderungsrate einen vorgegebenen Schwellwert übersteigt. Sofern dies der Fall ist, wird die Pumpe – wie erläutert – dauerhaft bis zu einem folgenden Neustart deaktiviert. Auf diese Weise stellen sich keine undefinierten Zustände ein, die im Zusammenwirken mit etwa eingeleiteten Steuerungsmaßnahmen zu einer Verwirrung des Benutzers führen könnten. Stattdessen kann sich der Benutzer daran gewöhnen, dass er nach einem Behälteraustausch die Vorrichtung in der gewohnten Weise durch eine ihm gewohnte Betätigung wieder erneut in Betrieb zu nehmen hat. </p><p id="p0013" num="0013">Eine ähnliche Situation kann sich ergeben, wenn insbesondere im Zuge des mobilen Betriebs der Vorrichtung eine Saugleitung von ihrem Befestigungsstutzen behälterseitig oder wundabdeckungsseitig abgelöst wird oder gar eine sehr große Leckage durch eine Beschädigung eines Leitungsmittels auftritt. Der vorliegenden Erfindung kommt im besonderen Maße Bedeutung bei dem mobilen Einsatz von tragbaren Vorrichtungen der hier in Rede stehenden Art zu, da mit einer solchen tragbaren Vorrichtung ausgestattete Patienten fernab von einer klinischen Einrichtung auf sich selbst gestellt sind und deshalb auch komplex arbeitende Vorrichtungen eine auf ein Minimum reduzierte Mannigfaltigkeit von Zuständen aufweisen sollten, die der Patient zum einen erfassen und auf die der Patient zum anderen durch eine Bedienungsmaßnahme zu reagieren hat. Wird dem technisch unversierten Benutzer oder Patienten jedoch stets derselbe Zustand, nämlich Betrieb deaktiviert, dargeboten, auf den er dann in stets derselben Weise, nämlich durch erneute Inbetriebnahme, zu reagieren hat, so fällt ihm dies bedeutend leichter. Mit der erfindungsgemäßen Ausbildung wird daher die Bedienbarkeit der Vorrichtung insgesamt erleichtert und damit auch die Anfälligkeit für Fehlbedienungen verringert und somit die Betriebssicherheit insgesamt erhöht. </p><p id="p0014" num="0014">Der erwähnte Schwellwert für die Druckänderungsrate (Δp/Δt) in Richtung abnehmenden Unterdrucks, das heißt in Richtung eines Anstiegs des absoluten Drucks, beträgt vorzugsweise wenigstens 40 mmHg/s (mm Quecksilbersäule pro Sekunde). Er kann insbesondere mit 45, 50 oder 55 mmHg/s in die programmierbare elektronische Steuereinrichtung implementiert werden. </p><p id="p0015" num="0015">Es erweist sich weiter als vorteilhaft, wenn eine Ausgabe- oder Anzeigeeinrichtung zur Erzeugung eines Signals vorgesehen ist, welches einen abrupten Druckanstieg mit einer Druckänderungsrate oberhalb des Schwellwerts und somit die Deaktivierung der Saugpumpe visuell oder akustisch vermittelt. Auf diese Weise kann dem Benutzer oder Patienten vermittelt werden, dass er in gewohnter Weise, insbesondere nach Wiederbefestigung des Behälters oder nach Austausch mit einem neuen Behälter, die Vorrichtung wieder in Betrieb zu nehmen hat. </p><p id="p0016" num="0016">In Weiterentwicklung der Erfindung kann es sich als vorteilhaft erweisen, wenn eine Ausgabe- oder Anzeigeeinrichtung vorgesehen ist, welche zur drahtlosen Übermittlung eines Signals an einen externen Empfänger ausgebildet ist, welches den abrupten Druckanstieg mit einer Druckänderungsrate oberhalb des Schwellwerts und somit die Deaktivierung der Saugpumpe an einen externen Empfänger vermittelt. Bei dem externen Empfänger kann es sich beispielsweise um eine Stationszentrale in einer Klinik oder eine Pflegeleitstelle oder dergleichen handeln, so dass die Deaktivierung des Druckregelbetriebs bzw. der Saugpumpe dort mitgeteilt wird und von dort weitere Schritte, insbesondere bei pflegebedürftigen Patienten, eingeleitet werden können. </p><p id="p0017" num="0017">Die erfindungsgemäße Vorrichtung kann weiter ein durch die Steuereinrichtung steuerbares Belüftungsventil umfassen, welches über eine zusätzlich zur Saugleitung vorgesehene Belüftungsleitung mit dem Wundraum verbindbar ist, so dass der Wundraum mit Außenluft belüftet werden kann. Der in der Steuereinrichtung hinterlegte Schwellwert für die Druckänderungsrate (Δp/Δt) ist so hoch und die Strömung durch das Belüftungsventil so gewählt, dass ein Druckanstieg im normalen Betrieb des Belüftungsventils unterhalb dieses Schwellwerts bleibt.</p><p id="p0018" num="0018">Die Erfindung erweist sich als besonders vorteilhaft bei einer Vorrichtung, die weiter gekennzeichnet ist durch eine durch die elektronische Steuereinrichtung steuerbare Einrichtung zum Zuführen einer Spülflüssigkeit oder eines sonstigen Fluids, welche über eine zusätzlich zur Saugleitung vorgesehene Spülleitung mit dem Wundraum verbindbar ist, so dass Spülflüssigkeit oder ein sonstiges Fluid, insbesondere mit therapeutisch wirkenden Bestandteilen, in den Wundraum zugeführt werden kann. Es erweist sich solchenfalls als besonders vorteilhaft, wenn die elektronische Steuereinrichtung weiter so ausgebildet ist, dass sie beim Deaktivieren der Saugpumpe auch die Einrichtung zum Zuführen einer Spülflüssigkeit oder eines sonstigen Fluids deaktiviert. Es erweist sich nämlich als wesentlich betriebssicherer, diese Einrichtung zum Zuführen einer Spülflüssigkeit während eines Behälterwechsels oder einer sonstigen Betriebsstörung zusammen mit der Saugpumpe bis zu einem Neustart des Geräts dauerhaft zu deaktivieren. </p><p id="p0019" num="0019">Es gibt gattungsgemäße Vorrichtungen zur Unterdruckwundbehandlung, etwa EP 777 504 A, bei denen über einen Füllstandssensor ermittelt werden soll, ob der Behälter voll ist und gegen einen neuen ausgetauscht werden muss; wird der Behälter als voll erkannt, so wird die Saugpumpe deaktiviert, das heißt, der Druckregelbetrieb unterbrochen. Dies wurde mit der vorliegenden Erfindung aber als nachteilig erkannt, weil gerade bei tragbaren Vorrichtungen im mobilen Betrieb eine Füllstandsüberwachung des Behälters der vorbekannten Art häufig Fehlinformationen liefert. Beispielsweise wird infolge von Bewegungen des Benutzers, etwa beim Bücken, kurzzeitig ein Behälter-voll-Zustand detektiert, der tatsächlich nicht vorliegt. Des weiteren führt eine Deaktivierung der Saugpumpe in der Regel viel zu früh zu einem Abbau des Unterdrucks. Häufig steht nämlich ein ungebrauchter Behälter nicht zur Verfügung oder derartige Pflegemaßnahmen müssen zurückgestellt werden. In Weiterbildung der vorliegenden Erfindung wird deshalb vorgeschlagen, dass die elektronische Steuereinrichtung so ausgebildet ist, dass sie bei zutreffender oder unzutreffender Erkennung eines Behälter-voll-Zustands die Saugpumpe nicht deaktiviert, sondern den vorgegebenen Unterdruckregelbetrieb fortsetzt. Auf diese Weise wird nämlich sichergestellt, dass der Unterdruckregelbetrieb nicht zu früh oder irrtümlich unterbrochen wird. Auch wenn mit Sicherheit festgestellt wird, dass tatsächlich ein Behälterwechsel angezeigt ist, erweist es sich als vorteilhaft, wenn über die elektronische Steuereinrichtung der normale Unterdruckregelbetrieb fortgesetzt wird, das heißt, die Saugpumpe in der steuerungstechnisch vorbestimmten Weise den Unterdruck auf den Behälter aufrechterhält. Sofern dann der Behälter von dem ersten Gehäuseteil, das heißt der Basis der Vorrichtung gelöst wird, wird ein abrupter Druckanstieg anhand der Bestimmung der Druckänderungsrate ermittelt und erst dann die Saugpumpe dauerhaft deaktiviert.</p><p id="p0020" num="0020">Ungeachtet dessen erweist es sich als vorteilhaft, wenn die elektronische Steuereinrichtung so ausgebildet ist, dass sie bei einem Unterdruckanstieg, das heißt bei einer Abnahme des absoluten Drucks, in dem Leitungsabschnitt zwischen Behälter und Saugpumpe, der insbesondere auf eine zunehmende Befüllung des Behälters oder sonstige insbesondere vorübergehende undefinierte Zustände oder Störungen, insbesondere infolge der Bewegung des Benutzers, schließen lässt, die Saugpumpe nicht deaktiviert, d.h. dauerhaft stillsetzt, so dass sie neu gestartet werden muss, sondern den vorgegebenen Unterdruckregelbetrieb fortsetzt. Der Unterdruckregelbetrieb wird also nach diesem Erfindungsgedanken nur bei abnehmendem Unterdruck (Anstieg des absoluten Drucks) und nicht bei zunehmendem Unterdruck (Abnahme des absoluten Drucks) deaktiviert. Im Anschluss an den vorhergehenden Erfindungsgedanken kann auch ein zunehmender Unterdruck (Abnahme des absoluten Drucks), insbesondere ein abrupt zunehmender Unterdruck auf einen Behälter-voll-Zustand schließen lassen, nämlich insbesondere dann, wenn ein zwar luftdurchlässiger nicht aber flüssigkeitsdurchlässiger Filter im Bereich eines Behälterausgangs zu dem Leitungsabschnitt zur Saugpumpe verwendet wird. Steigt der Flüssigkeitsstand im Behälter bis bzw. über diesen Filter, so blockiert dieser zunehmends und führt zu einem Unterdruckanstieg in dem Leitungsabschnitt zwischen Behälter und Saugpumpe, der wiederum durch den Drucksensor detektiert wird.</p><p id="p0021" num="0021">Gegenstand der Erfindung ist desweiteren ein Verfahren mit den Merkmalen der Ansprüche 10 und 11.</p><p id="p0022" num="0022">Weitere Merkmale, Einzelheiten und Vorteile der Erfindung ergeben sich aus den beigefügten Patentansprüchen und aus der zeichnerischen Darstellung und nachfolgenden Beschreibung einer bevorzugten Ausführungsform der Erfindung. In der Zeichnung zeigt:</p><p id="p0023" num="0023">Figuren 1 a bis e verschiedene Ansichten einer bevorzugten Ausführungsform einer am Körper tragbaren Vorrichtung zur Bereitstellung von Unterdruck für medizinische Anwendungen;</p><p id="p0024" num="0024">Figuren 2a bis e  verschiedene Ansichten eines eine Unterdruck erzeugende Einrichtung und Steuerungskomponenten umfassenden ersten Gehäuseteils der Vorrichtung nach Figur 1;</p><p id="p0025" num="0025">Figuren 3a bis i  verschiedene Ansichten eines einen Behälter zur Aufnahme von Körperflüssigkeiten bildenden zweiten Gehäuseteils der Vorrichtung nach Figur 1;</p><p id="p0026" num="0026">Figuren 4a bis e  den Figuren 1a bis e entsprechende Ansichten einer weiteren Ausführungsform einer Vorrichtung, wobei der zweite Gehäuseteil größer dimensioniert ist als bei der Vorrichtung nach Figuren 1a bis e; und </p><p id="p0027" num="0027"> Figur 5           eine Schnittansicht durch die Vorrichtung im Bereich der Unterdruckkommunikation zwischen dem ersten und zweiten Gehäuseteil;</p><p id="p0028" num="0028">Figuren 6         eine schematische Darstellung des ersten und zweiten Gehäuseteils mit Andeutung der steuerungstechnischen Komponenten.</p><p id="p0029" num="0029">Zunächst werden anhand der Figuren 1 – 5 zwei Ausführungsformen einer tragbaren Vorrichtung 2 zur Bereitstellung von Unterdruck für medizinische Anwendungen beschrieben, die sich aber nur hinsichtlich der Dimensionierung und Ausbildung eines noch zu beschreibenden Behälters zur Aufnahme von Körperflüssigkeiten unterscheiden. Danach wird anhand der Figur 6 die erfindungsgemäße Ausbildung der steuerungstechnischen Komponenten der tragbaren Vorrichtung 2 beschrieben.</p><p id="p0030" num="0030">Die Figuren 1a bis e zeigen eine erste Ausführungsform einer tragbaren Vorrichtung 2 zur Bereitstellung von Unterdruck für medizinische Anwendungen. Die Vorrichtung umfasst einen ersten Gehäuseteil 4, in dem eine Unterdruck erzeugende Einrichtung in Form einer in Figur 6 dargestellten Luftsaugpumpe 90 sowie elektrische und elektronische Steuerkomponenten für die Vorrichtung insgesamt aufgenommen sind, einschließlich Batterien oder vorzugsweise wiederaufladbare Akkus. Ein Ladeanschluss für die Akkus ist mit Bezugszeichen 6 bezeichnet. Des Weiteren umfasst die Vorrichtung 2 einen zweiten Gehäuseteil 8, welcher einen Behälter 10 zur Aufnahme von Körperflüssigkeiten, insbesondere zur Aufnahme von aus einer Wunde abgesaugten Wundsekreten, bildet. Bevorzugtermaßen ist der gesamte zweite Gehäuseteil 8 als wegwerfbarer Einmalartikel ausgebildet. An seinem oberen Bereich ist ein Anschlussstutzen 12 für eine erst in Figur 6 dargestellte dargestellte Saugleitung 82 vorgesehen, die dann beispielsweise bei der Verwendung der Vorrichtung 2 zur Unterdrucktherapie von Wunden zu einem die Wunde druckdicht verschließenden Wundverband 80 führt und dort beispielsweise über einen Port mit dem Wundraum kommuniziert, um im Wundraum einen Unterdruck anzulegen und aufrechtzuerhalten und Wundsekrete in den Behälter 10 abzusaugen. Hierfür kommuniziert der Behälter 10 mit der Saugpumpe. Weiter ist ein Anschluss 13 für einen optionalen Mess- oder Spülkanal, der wie die Saugleitung zur Wunde führt, dargestellt. Dieser Anschluss durchgreift den zweiten Gehäuseteil 8 und mündet in den ersten Gehäuseteil 4, von wo aus der Mess- oder Spülkanal beispielsweise mit Luft als Spülmedium beaufschlagt werden kann und/oder ein Druck in diesem Mess- oder Spülkanal detektiert und ausgewertet werden kann.</p><p id="p0031" num="0031">Im bevorzugten dargestellten Fall liegen die Gehäuseteile 4 und 8 über eine im Wesentlichen vertikale Trennebene 14, die in verschiedenen Figuren angedeutet ist, gegeneinander an. Wenn die Vorrichtung 2, wie in Figur 1a angedeutet, auf einer ebenen horizontalen Unterlage 16 abgestellt ist, so ist die Trennebene 14 im Wesentlichen vertikal orientiert. Dies bedeutet, dass die beiden Gehäuseteile 4, 8 nicht ineinander eingesetzt oder übereinander gestapelt sind, sondern dass sie nebeneinander im bestimmungsgemäß zusammengesetzten Zustand der Vorrichtung 2 zu liegen kommen. Der Begriff der Trennebene 14 ist also nicht in dem Sinn zu verstehen, dass es sich um eine geometrisch ebene Fläche handeln muss, was unmittelbar aus den Figuren 2a bis e ersichtlich wird, welche den ersten Gehäuseteil 4 in verschiedenen Ansichten zeigen. Man erkennt sofort, dass die dem zweiten Gehäuseteil 8 zugewandte Seite 18 des ersten Gehäuseteils 4 keinesfalls eben, sondern mit einer Vielzahl von in Richtung auf den zweiten Gehäuseteil 8 vorspringenden Elementen ausgebildet ist. Die dem ersten Gehäuseteil 4 zugewandte Seite 20 des zweiten Gehäuseteils 8 ist im Wesentlichen komplementär zu der Ausbildung der Seite 18 des ersten Gehäuseteils 4 ausgebildet, so dass die beiden Gehäuseteile 4, 8 nur in einer korrekten Weise miteinander gefügt bzw. aneinander befestigt werden können. Die beiden Gehäuseteile 4, 8 sind insgesamt scheibenförmig ausgebildet, d. h. ihre Breite B in horizontaler Richtung und ihre Höhe H in vertikaler Richtung sind jeweils größer als ihre Tiefe T in horizontaler Richtung und senkrecht zur Breitenerstreckung. Hierdurch ist es möglich, dass die Vorrichtung 2 in Tiefenrichtung insgesamt so ausgebildet und bemessen werden kann, dass sie bequem am Körper eines Benutzers getragen werden kann. Erfindungsgemäß ist die Vorrichtung 2 so ausgebildet, dass die nebeneinander angeordneten Behälterteile 4, 8 derart am Körper positionierbar sind, dass der zweite Behälterteil 8 körperzugewandt, also zwischen dem Körper und dem ersten Gehäuseteil 4, zu liegen kommt und der erste Gehäuseteil 4 körperabgewandt zu liegen kommt, also im Wesentlichen die Sichtseite der Vorrichtung 2 bildet. Daher ist die dem Körper des Benutzers zugewandte Seite 22 des zweiten Gehäuseteils 8 verrundet ausgebildet. Wie sich den Figuren 1c, 1d, 3f, 3e entnehmen lässt, ist die körperzugewandte Seite 22 im Schnitt mit einer horizontalen Ebene betrachtet konkav ausgebildet und umfasst im beispielhaft dargestellten Fall abschnittsweise einen Krümmungsradius R von beispielhaft 368 mm (Figur 1c, 3f). Zusätzlich ist die körperzugewandte Seite 22 im Schnitt mit einer vertikalen Ebene betrachtet ebenfalls konkav ausgebildet und weist dort einen Krümmungsradius R von beispielhaft 750 mm auf (Figur 1d). Auf diese Weise lässt sich die Vorrichtung 2 ergonomisch im Hüftbereich eines Benutzers anordnen und tragen. </p><p id="p0032" num="0032">Man erkennt des Weiteren, dass der zweite Gehäuseteil 8 auf seiner körperzugewandten Seite 22 in einem oberen Bereich und auch seitlich eine Abschrägung 24 weg vom Körper des Benutzers in Richtung auf den ersten Gehäuseteil 4 bzw. in Richtung auf Seitenwandungen 26 oder eine Umfangsstirnseite der Scheibenform des zweiten Gehäuseteils 8 hin umfasst. Die Abschrägung 24 ist im beispielhaft dargestellten Fall umlaufend ausgebildet; sie erstreckt sich ausgehend von der Standseite 28 von unten nach oben, verläuft dort bogenförmig zur anderen Seite und dann wieder nach unten zur Standseite 28 zurück. </p><p id="p0033" num="0033">Man erkennt des Weiteren aus den Figuren 1d und 3, dass auf der körperzugewandten Seite 22 des zweiten Gehäuseteils 8 eine Eingriffsvertiefung 30 in Form einer durch den zweiten Gehäuseteil 8 hindurch gehenden Öffnung ausgebildet ist, und zwar in einem oberen leicht vom Körper weg geneigten Bereich des zweiten Gehäuseteils 8. Hierdurch kann die Vorrichtung 2 insgesamt oder nur deren zweiter Gehäuseteil 8 mit einer Hand ergriffen und gehandhabt werden. </p><p id="p0034" num="0034">Bei der dargestellten bevorzugten Ausführungsform ist nahe bei dieser Eingriffsvertiefung 30 in einer Oberseite der Vorrichtung 2 ein manuell bedienbares Betätigungsorgan 32, beispielsweise in Form eines Tasters, vorgesehen, der auf ein Verriegelungs- oder Hintergriffsmittel 34 einwirkt (s. Figuren 2b und 2d). Im gefügten Zustand der beiden Gehäuseteile 4 und 8 befindet sich das Verriegelungs- oder Hintergriffsmittel 34 in einem die beiden Gehäuseteile 4, 8 formschlüssig aneinander haltenden verriegelten Zustand. Erst durch Betätigen des Betätigungsorgans 32 wird die Verriegelung gelöst, so dass die Gehäuseteile 4, 8 voneinander separiert werden können. Durch die Anordnung und Ausbildung der Eingriffsvertiefung 30 und des manuell bedienbaren Betätigungsorgans 32 in räumlicher Nähe zueinander und derart, dass ein Benutzer sowohl in die Eingriffsvertiefung 30 eingreifen als auch mit einem Finger derselben Hand gleichzeitig das Betätigungsorgan 32 zu bedienen vermag, wird eine Einhandbedienung zum Lösen des zweiten Gehäuseteils 8 vom ersten Gehäuseteil 4 realisiert. Dies erweist sich als besonders vorteilhaft, da solchenfalls ein mit Körperflüssigkeiten befüllter zweiter Gehäuseteil 8 mit nur einer Hand gelöst und in ein Entsorgungsbehältnis gegeben werden kann. </p><p id="p0035" num="0035">Zum Fügen der beiden Gehäuseteile 4, 8 wird der zweite Gehäuseteil 8 leicht schräg von hinten und von oben mit seinem unteren Rand auf zwei einen Drehpunkt bildende Zapfen 33 (Figur 2d) des ersten Gehäuseteils 4 aufgesetzt. In dem zweiten Gehäuseteil ist hierfür am unteren Rand ein ausgesparter Bereich 35 (Figur 3a) zur Aufnahme des Zapfens 33 ausgebildet. Wenn Zapfen 33 und ausgesparter Bereich 35 miteinander in Eingriff sind, so lässt sich der zweite Gehäuseteil 8 gegen den ersten Gehäuseteil 4 schwenken. Hierdurch werden die einander zugewandten Seiten 18, 20 gegeneinander gelegt und gelangen so selbstzentrierend (unterstützt durch weitere Führungs- oder Zentriermittel 37 (Figur 2d) und 39 (Figur 3a) und die komplementäre Ausbildung der einander zugewandten Seiten 18, 20 der Gehäuseteile 4,8 in ihre bestimmungsgemäße Position. Durch Gegeneinanderbewegen der beiden Gehäuseteile 4, 8, insbesondere im Wesentlichen quer zu der vertikalen Trennebene 14, wird das Verriegelungs- oder Hintergriffsmittel 34 selbsttätig ausgelenkt und rastet dann in seine die Gehäuseteile 4, 8 gegeneinander verriegelnde Stellung. Hierfür ist an dem zweiten Gehäuseteil 8 ein Rasthaken 41 (Figur 3i) vorgesehen, der von dem Verriegelungs- oder Hintergriffsmittel 34 untergriffen wird. Wenn die Gehäuseteile 4, 8 in ihre verriegelte Stellung gebracht werden, wird dann auch automatisch eine Unterdruckkommunikation zwischen dem Inneren des Behälters 10 des zweiten Gehäuseteils 8 und der Unterdruck erzeugenden Einrichtung über Anschlussmittel 36 hergestellt (später im Zusammenhang mit Figur 5 beschrieben). </p><p id="p0036" num="0036">Eine körperabgewandte Sichtseite 38 des ersten Gehäuseteils 4 ist leicht zur Vertikalen geneigt ausgebildet, so dass sich die Scheibenform nach oben hin verjüngt. Auf diese Weise ist eine leichtere Einsichtnahme auf die Sichtseite 38 gegeben. Dort sind Bedienelemente 40 und Anzeigeelemente 42 insbesondere in Form eines Touchscreens mit einer Schaltfolie vorgesehen. Im Wesentlichen die gesamte Sichtseite 38 ist von einer flächenhaften Abdeckung 44 überfangen oder gebildet, so dass im Bereich der Bedienelemente 40 keine Schmutz aufnehmenden Fugen gebildet werden. </p><p id="p0037" num="0037">Des Weiteren zeigen die Figuren im Bereich der Trennebene 14 zwischen den gegeneinander anliegenden Gehäuseteilen 4, 8 einen Einsteckschlitz 46 zum Einstecken und lösbaren Fixieren eines Befestigungsmittels, insbesondere und vorzugsweise in Form eines flexiblen Gürtels, oder eines Bügels oder einer Lasche, an dem/der beispielsweise ein Gürtel oder ein Schultertragriemen befestigt werden kann, oder in sonstiger Form. Es erweist sich als vorteilhaft, dass dieses Befestigungsmittel von den Gehäuseteilen 4, 8 gelöst werden kann und somit nicht stört, wenn die Vorrichtung 2 im stationären Betrieb, also auf einer vorzugsweise ebenen Unterlage 16 stehend, benutzt wird, etwa wenn ein hiermit zu behandelnder Patient in einem Krankenbett ruht. In Figur 2d sind an der Seite 18 des ersten Gehäuseteils 4 Mittel 48 angedeutet, an denen die in den Einsteckschlitz 46 eingesteckten Befestigungsmittel festlegbar oder gehalten sind.</p><p id="p0038" num="0038">Die in Figuren 4a bis e dargestellte weitere Ausführungsform der erfindungsgemäßen Vorrichtung unterscheidet sich von der in Figuren 3 dargestellten Ausführungsform dadurch, dass der zweite Gehäuseteil 8 und der von ihm gebildete Behälter 10 großvolumiger ausgebildet ist. Die Abschrägung im oberen Bereich der körperzugewandten Seite 22 des zweiten Gehäuseteils 8, wo die Griffmulde 30 ausgebildet ist, ist noch etwas stärker vom Körper des Benutzers weg geneigt. Auf diese Weise ist ein noch besserer Zugriff möglich. Dieser größere zweite Gehäuseteil 8 eignet sich eher für einen stationären Betrieb der Vorrichtung 2; er könnte hierfür auch eine nach außen konvex gewölbte Seite 22 aufweisen oder gar noch ausladender ausgebildet sein als dies die Figuren 4 zeigen.</p><p id="p0039" num="0039">Figur 5 zeigt im Einzelnen die Ausbildung der Unterdruckkommunikation zwischen dem Inneren des den Behälter 10 bildenden zweiten Gehäuseteils 8 und dem ersten Gehäuseteil 4. Die Ansaugseite einer nicht dargestellten Unterdruck erzeugenden Einrichtung führt zu dem konisch ausgebildeten Anschlussmittel 36, welches sich konisch in Richtung auf den zweiten Gehäuseteil 8 verjüngt. Auf diese Weise kann gegen das konische Anschlussmittel 36 des ersten Gehäuseteils 4 ein wenigstens geringfügig nachgiebig ausgebildetes Gegenanschlussmittel 50 des zweiten Gehäuseteils 8 dichtend angelegt werden, welches im beispielhaft dargestellten Fall eine kreisförmige Öffnung 52 aufweist, die von einer nachgiebigen Dichtlippe 54 begrenzt ist. Dieses Gegenanschlussmittel 50 mündet in das Innere des zweiten Gehäuseteils 8. Es bildet zugleich ein Filteraufnahmemittel 56 für einen Filter 58, der im beispielhaft dargestellten Fall als topfförmiger Filter ausgebildet ist und verhindert, dass Bakterien in den ersten Gehäuseteil 4 eingesogen werden. Man erkennt ohne weiteres, dass beim Gegeneinanderbewegen der beiden Gehäuseteile 4, 8 das Anschlussmittel 36 des ersten Gehäuseteils 4 mit dem Gegenanschlussmittel 50 des zweiten Gehäuseteils 8 eine nach außen abgedichtete Druckkommunikation ausbildet.</p><p id="p0040" num="0040">In ähnlicher Weise ist die Kopplung zwischen dem Anschluss 13 für einen Mess- bzw. Spülkanal und dem zugehörigen ebenfalls beispielhaft konusförmig ausgebildeten Anschlussmittel 60 am ersten Gehäuseteil 4 ausgebildet. Wie aus Figur 3g ersichtlich ist, lässt sich in die Durchgangsöffnung 62 in dem zweiten Gehäuseteil 8 ein nicht dargestelltes Kopplungs- oder Tüllenteil einsetzen, welches dann den in Figur 1d dargestellten Anschluss 13 für den Mess- oder Spülkanal bildet. Dieses nicht dargestellte Kopplungs- oder Tüllenteil kann dann mit dem konusförmigen Anschlussmittel 60 druckdicht gekoppelt werden. Auf diese Weise kann über eine Leitung ein fluides Medium, insbesondere Luft oder eine Spülflüssigkeit, zur Wunde geleitet werden, um die Absaugung von Wundsekreten zu unterstützen. Typischerweise sind eine Mess- oder Spülleitung und die Saugleitung als wegwerfbare Einwegkomponenten Zubehörbestandteil zu dem zweiten Gehäuseteil; sie werden nach Gebrauch zusammen mit diesem entsorgt.</p><p id="p0041" num="0041">Figur 6 zeigt die vorausgehend beschriebene oder eine ähnliche Vorrichtung 2 zur Bereitstellung von Unterdruck für medizinische Anwendungen in rein schematischer Darstellung, wobei für entsprechende Bauelemente entsprechende Bezugszeichen verwendet werden. In Figur 6 sind jedoch nur die für die nachfolgende Beschreibung der Funktionsweise relevanten Komponenten dargestellt. Man erkennt schematisch eine in Figur 6 lediglich angedeutete mit Unterdruck zu therapierende Wunde mit einer unterdruckdichten Wundauflage 80, zu der die aus dem Behälter 10 ausmündende Saugleitung 82 führt. Aus dem Behälter 10 führt ein weiterer Leitungsabschnitt 84 durch den schon erwähnten Filter 58 hindurch nach außen. Wenn der Behälter 10 bzw. der erste Gehäuseteil 8 in seine Betriebsposition an dem ersten oder Basisgehäuseteil 4 der Vorrichtung 2 gebracht wird, so wird der Leitungsabschnitt 84 mit einem weiteren Leitungsabschnitt 88 innerhalb des ersten Gehäuseteils gekoppelt, welcher zu der Ansaugseite der Saugpumpe 90 führt. Dies wurde vorausgehend nur beispielhaft anhand der Figur 5 beschrieben. Im Betrieb der Saugpumpe 90 wird somit über die Leitungsabschnitte 88, 84 ein Unterdruck an den Behälter 10 und an die Saugleitung 82 gelegt und die von dort angesaugte Luft über eine Ausblasleitung 92 an die Umgebung ausgestoßen, wobei zusätzlich nicht dargestellte Schalldämpferelemente und gegebenenfalls weitere Filter vorgesehen sein können. </p><p id="p0042" num="0042">Des weiteren ist ein Drucksensor 94 zur Messung des Drucks in dem Leitungsabschnitt 88 zwischen Behälter 10 und Saugpumpe 90 vorgesehen. Dessen Signale werden an eine insgesamt mit dem Bezugszeichen 100 bezeichnete programmierbare elektronische Steuereinrichtung gegeben, welche die Vorrichtung 2 insgesamt steuert bzw. regelt. Des weiteren dargestellt ist der eingangs schon erwähnte Ladeanschluss 6 für Akkus, die in einem Kompartiment 102 untergebracht sind, sowie ein Anschluss 104 für ein schematisch angedeutetes Netzteil 106. Mit Bezugszeichen 108 ist eine Display-Einheit mit einer vorzugsweise vorgesehenen kapazitiven Schaltfolie bezeichnet, über welche die Bedienung der Vorrichtung insgesamt ausführbar ist. Die elektrische Verbindung zu der elektronischen Steuereinrichtung 100 ist über elektrische Leitungen 110 nur angedeutet. Durch die elektronische Steuereinrichtung 100 erfolgt die Ansteuerung der Saugpumpe 90, indem mittels der Signale des Drucksensors 94 eine Druck- bzw. Unterdruckregelung durch an sich bekannte Steuer- und Regelmechanismen (Soll-/Ist-Regelmechanismen) ausgeführt wird, so dass in dem Leitungsabschnitt 88 der dem gerade gewählten Programm entsprechende Druckwert eingeregelt wird. </p><p id="p0043" num="0043">Des weiteren dargestellt ist eine zusätzliche Spül- oder  Belüftungsleitung 112, die nur im beispielhaft dargestellten Fall durch den Behälter 10 hindurchführt und ebenso wie die Saugleitung 82 zu der Wundabdeckung 80 führt. Beim Anbringen des Behälters 10 in seiner bestimmungsgemäßen Montageposition am ersten Gehäuseteil 4 kommuniziert diese Spülleitung 112 mit einem im ersten Gehäuseteil 4 vorgesehenen Leitungsabschnitt 114, in dem ein elektromagnetisch betätigtes Ventil 116 vorgesehen ist, welches durch die elektronische Steuereinrichtung 100 betätigbar ist und im geöffneten Zustand den Leitungsabschnitt 114 mit der Atmosphärenluft verbindet, so dass ein Luftstrom über die Spülleitung 112 in Richtung Wunde erzeugt werden kann. </p><p id="p0044" num="0044">Die Vorrichtung 2 und deren elektronische Steuereinrichtung 100 verfügen auch über eine Datenschnittstelle 118, vorzugsweise eine USB-Schnittstelle, mittels derer die elektronische Steuereinrichtung 100 bzw. deren Betriebsweise programmiert werden kann.</p><p id="p0045" num="0045">Die elektronische Steuereinrichtung 100 ist erfindungsgemäß so ausgebildet, dass sie die unterdruckerzeugende Saugpumpe 90 dauerhaft deaktiviert, wenn eine mittels der Signale des Drucksensors 94 festgestellte Druckänderungsrate (Δp/Δt) in Richtung abnehmenden Unterdrucks, das heißt in Richtung ansteigenden absoluten Drucks, einen vorgegebenen Schwellwert übersteigt. Dies ist in der überwiegenden Zahl der Fälle auf die beabsichtigte oder unbeabsichtigte Lösung des Behälters 10 von dem ersten oder Basisgehäuseteil 4 zurückzuführen. Dieser Zustand der Deaktivierung des Druckregelbetriebs bzw. der Saugpumpe 90 wird dann visuell über die Display-Einheit ausgegeben, gegebenenfalls kann auch ein akustisches Signal über einen Lautsprecher 120 zusätzlich oder alternativ  ausgegeben werden. Auf diese Weise wird ein undifferenzierter Zustand während des Unterdruckregelbetriebs insbesondere ein Hochsteuern der Saugpumpe vermieden. Es wird somit mit definierten Zuständen gearbeitet, und der Benutzer wird daran gewöhnt, dass er bei einem beabsichtigten oder unbeabsichtigten Lösen des Behälters einen Neustart des Systems durchzuführen hat. </p><p id="p0046" num="0046">Des weiteren erweist es sich als besonders vorteilhaft, dass die elektronische Steuereinrichtung 100 bei einem Unterdruckanstieg in dem Leitungsabschnitt 88 zwischen Behälter 10 und Saugpumpe 90, der beispielsweise auf eine zunehmende Befüllung des Behälters schließen lässt, die Saugpumpe nicht deaktiviert, sondern den vorgegebenen Unterdruckregelbetrieb fortsetzt. Beispielsweise ist dieser Unterdruckanstieg, das heißt die Abnahme des absoluten Drucks, nur darauf zurückzuführen, dass kurzzeitig aufgrund einer Neigung des Behälters 10 durch die Mobilität des Benutzers der flüssigkeitsdichte Filter 58 blockiert, ohne dass der Behälter 10 schon derart befüllt ist, dass ein Behälterwechsel angezeigt ist, oder es liegt eine andere nur kurzzeitige Blockierung oder Abklemmung eines Leitungsmittels vor. Doch auch ungeachtet dessen erweist es sich als vorteilhaft, dass eine Deaktivierung des Druckregelbetriebs und der Saugpumpe 90 durch Störbetrieb nur dann erfolgt, wenn ein abrupter Druckanstieg, also abrupt abnehmender Unterdruck, in dem Leitungsabschnitt 88 zwischen Behälter 10 und Saugpumpe 90 festgestellt wird, was durch Ermittlung und Vergleich der Druckänderungsrate Δp/Δt in Richtung abnehmenden Unterdrucks mit einem vorgegebenen Schwellwert festgestellt wird. </p></description><claims mxw-id="PCLM46341962" ref-ucid="WO-2012156140-A1" lang="DE" load-source="patent-office"><claim id="c-de-0001" num="0001"><claim-text>Tragbare Vorrichtung (2) zur Bereitstellung von Unterdruck zur medizinischen Unterdruckbehandlung von Wunden am menschlichen oder tierischen Körper, umfassend eine unterdruckerzeugende Saugpumpe (90) in einem ersten Gehäuseteil (4) der Vorrichtung, einen Behälter (10) zur Aufnahme von Körperflüssigkeiten, insbesondere von aus einer Wunde abgesaugten Wundsekreten, wobei der Behälter (10) lösbar an dem ersten Gehäuseteil (4) der Vorrichtung befestigbar ist und im befestigten Zustand von der Saugpumpe (90) mit Unterdruck beaufschlagbar ist, und wobei am Behälter (10) ein Anschluss (12) für eine zum Körper führende Saugleitung (82) vorgesehen ist, so dass eine Unterdruckkommunikation zwischen der Saugpumpe (90), dem Behälter (10) und der zum Körper führenden Saugleitung (82) herstellbar ist, einen Drucksensor (94), welcher zur Messung des Drucks in einem Leitungsabschnitt (88) zwischen dem Behälter (10) und der Saugpumpe (90) angeordnet ist, eine programmierbare elektronische Steuereinrichtung (100), welche mindestens unter Berücksichtigung von vorgegebenen und/oder vorgebbaren Parametern und von durch den Drucksensor (94) gemessenen Druckwerten die Saugpumpe (90) ansteuern kann, <b>dadurch gekennzeichnet</b>, dass die elektronische Steuereinrichtung (100) so ausgebildet ist, dass sie die Saugpumpe (90) deaktiviert, wenn, ausgehend von einem laufenden Unterdruckregelbetrieb, eine mittels der Signale des Drucksensors (94) festgestellte Druckänderungsrate (Δp/Δt) in Richtung abnehmenden Unterdrucks einen vorgegebenen Schwellwert übersteigt.</claim-text></claim><claim id="c-de-0002" num="0002"><claim-text>Vorrichtung nach Anspruch 1, dadurch gekennzeichnet, dass der Schwellwert 40 mmHg/s beträgt oder höher ist.</claim-text></claim><claim id="c-de-0003" num="0003"><claim-text>Vorrichtung nach einem oder mehreren der vorstehenden Ansprüche, dadurch gekennzeichnet, dass eine Ausgabe- oder Anzeigeeinrichtung (108) zur Erzeugung eines Signals vorgesehen ist, welches einen abrupten Druckanstieg mit einer Druckänderungsrate oberhalb des Schwellwerts visuell oder akustisch vermittelt.</claim-text></claim><claim id="c-de-0004" num="0004"><claim-text>Vorrichtung nach einem oder mehreren der vorstehenden Ansprüche, dadurch gekennzeichnet, dass eine Ausgabe- oder Anzeigeeinrichtung vorgesehen ist, welche zur drahtlosen Übermittlung eines Signals an einen externen Empfänger ausgebildet ist, welches den abrupten Druckanstieg mit einer Druckänderungsrate oberhalb des Schwellwerts an einen externen Empfänger vermittelt.</claim-text></claim><claim id="c-de-0005" num="0005"><claim-text>Vorrichtung nach einem oder mehreren der vorstehenden Ansprüche, gekennzeichnet durch ein durch die elektronische Steuereinrichtung (100) steuerbares Belüftungsventil (116), welches über eine zusätzlich zur Saugleitung vorgesehene Belüftungsleitung (112) mit dem Wundraum verbindbar ist, sodass der Wundraum mit Außenluft belüftet werden kann. </claim-text></claim><claim id="c-de-0006" num="0006"><claim-text>Vorrichtung nach einem oder mehreren der vorstehenden Ansprüche, gekennzeichnet durch eine durch die elektronische Steuereinrichtung (100) steuerbare Einrichtung zum Zuführen einer Spülflüssigkeit oder eines sonstigen Fluids, welche über eine zusätzlich zur Saugleitung vorgesehene Spülleitung mit dem Wundraum verbindbar ist, so dass Spülflüssigkeit oder ein sonstiges Fluid in den Wundraum zugeführt werden kann.</claim-text></claim><claim id="c-de-0007" num="0007"><claim-text>Vorrichtung nach Anspruch 6, dadurch gekennzeichnet, dass die elektronische Steuereinrichtung (100) so ausgebildet ist, dass sie beim Deaktivieren der Saugpumpe auch die Einrichtung zum Zuführen einer Spülflüssigkeit oder eines sonstigen Fluids deaktiviert.</claim-text></claim><claim id="c-de-0008" num="0008"><claim-text>Vorrichtung nach einem oder mehreren der vorstehenden Ansprüche, dadurch gekennzeichnet, dass die elektronische Steuereinrichtung (100) so ausgebildet ist, dass sie bei zutreffender oder unzutreffender Erkennung eines Behälter-voll-Zustands die Saugpumpe (90) nicht deaktiviert, sondern den vorgegebenen Unterdruckregelbetrieb fortsetzt.</claim-text></claim><claim id="c-de-0009" num="0009"><claim-text>Vorrichtung nach einem oder mehreren der vorstehenden Ansprüche, dadurch gekennzeichnet, dass die elektronische Steuereinrichtung (100) so ausgebildet ist, dass sie bei einem Unterdruckanstieg, das heißt bei einer Abnahme des absoluten Drucks in dem Leitungsabschnitt (88) zwischen Behälter (10) und Saugpumpe (90), der insbesondere auf eine zunehmende Befüllung des Behälters schließen lässt, die Saugpumpe (90) nicht deaktiviert, sondern den vorgegebenen Unterdruckregelbetrieb fortsetzt.</claim-text></claim><claim id="c-de-0010" num="0010"><claim-text>Verfahren zum Betreiben einer Vorrichtung nach einem oder mehreren der vorstehenden Ansprüche, dadurch gekennzeichnet, dass mittels der elektronischen Steuereinrichtung (100) anhand der Signale des Drucksensors (94) eine Druckänderungsrate (Δp/Δt) bestimmt wird und dass bei abnehmendem Unterdruck, d.h. zunehmendem absolutem Druck, die Druckänderungsrate (Δp/Δt) mit einem in der Steuereinrichtung (100) hinterlegten Schwellwert verglichen wird, und dass bei Überschreiten des Schwellwerts die Saugpumpe (90) deaktiviert wird.</claim-text></claim><claim id="c-de-0011" num="0011"><claim-text>Verfahren nach Anspruch 10, dadurch gekennzeichnet, dass bei einem Unterdruckanstieg, das heißt bei einer Abnahme des absoluten Drucks in dem Leitungsabschnitt (88) zwischen Behälter (10) und Saugpumpe (90), der insbesondere auf eine zunehmende Befüllung des Behälters schließen lässt, die Saugpumpe (90) nicht deaktiviert wird, sondern der vorgegebene Unterdruckregelbetrieb fortgesetzt wird.</claim-text></claim></claims><copyright>User acknowledges that Fairview Research LLC and its third party providers retain all right, title and interest in and to this xml under applicable copyright laws.  User acquires no ownership rights to this xml including but not limited to its format.  User hereby accepts the terms and conditions of the Licence Agreement</copyright></patent-document>
