<?xml version="1.0" encoding="UTF-8"?>
<patent-document ucid="EP-2681165-A1" country="EP" doc-number="2681165" kind="A1" date="20140108" family-id="45787373" file-reference-id="315082" date-produced="20180823" status="corrected" lang="EN"><bibliographic-data><publication-reference fvid="146586591" ucid="EP-2681165-A1"><document-id><country>EP</country><doc-number>2681165</doc-number><kind>A1</kind><date>20140108</date><lang>EN</lang></document-id></publication-reference><application-reference ucid="EP-12707003-A" is-representative="NO"><document-id mxw-id="PAPP154848783" load-source="docdb" format="epo"><country>EP</country><doc-number>12707003</doc-number><kind>A</kind><date>20120222</date><lang>EN</lang></document-id><document-id mxw-id="PAPP220440140" load-source="docdb" format="original"><country>EP</country><doc-number>12707003.5</doc-number><date>20120222</date></document-id></application-reference><priority-claims><priority-claim mxw-id="PPC140557093" ucid="US-201161447281-P" load-source="docdb"><document-id format="epo"><country>US</country><doc-number>201161447281</doc-number><kind>P</kind><date>20110228</date></document-id></priority-claim><priority-claim mxw-id="PPC140547088" ucid="US-2012026017-W" linkage-type="W" load-source="docdb"><document-id format="epo"><country>US</country><doc-number>2012026017</doc-number><kind>W</kind><date>20120222</date></document-id></priority-claim></priority-claims><technical-data><classifications-ipcr><classification-ipcr mxw-id="PCL1989316661" load-source="docdb">C03C  17/23        20060101AFI20120920BHEP        </classification-ipcr><classification-ipcr mxw-id="PCL1989323565" load-source="docdb">C03C  21/00        20060101ALI20120920BHEP        </classification-ipcr></classifications-ipcr><classifications-cpc><classification-cpc mxw-id="PCL2097035181" load-source="docdb" scheme="CPC">C03C  21/008       20130101 LI20140716BHEP        </classification-cpc><classification-cpc mxw-id="PCL2097037566" load-source="docdb" scheme="CPC">C03C  21/002       20130101 FI20140716BHEP        </classification-cpc></classifications-cpc><invention-title mxw-id="PT132364406" lang="DE" load-source="patent-office">LOKALE VERSTÄRKUNG VON GLAS DURCH IONENAUSTAUSCH</invention-title><invention-title mxw-id="PT132364407" lang="EN" load-source="patent-office">LOCAL STRENGTHENING OF GLASS BY ION EXCHANGE</invention-title><invention-title mxw-id="PT132364408" lang="FR" load-source="patent-office">RENFORCEMENT LOCAL DE VERRE PAR ÉCHANGE D'IONS</invention-title><citations><non-patent-citations><nplcit><text>See references of WO 2012118655A1</text><sources><source mxw-id="PNPL67456046" load-source="docdb" name="SEA"/></sources></nplcit></non-patent-citations></citations></technical-data><parties><applicants><applicant mxw-id="PPAR919544371" load-source="docdb" sequence="1" format="epo"><addressbook><last-name>CORNING INC</last-name><address><country>US</country></address></addressbook></applicant><applicant mxw-id="PPAR919503867" load-source="docdb" sequence="1" format="intermediate"><addressbook><last-name>CORNING INCORPORATED</last-name></addressbook></applicant><applicant mxw-id="PPAR919015750" load-source="patent-office" sequence="1" format="original"><addressbook><last-name>Corning Incorporated</last-name><iid>101268952</iid><address><street>1 Riverfront Plaza</street><city>Corning, New York 14831</city><country>US</country></address></addressbook></applicant></applicants><inventors><inventor mxw-id="PPAR919507375" load-source="docdb" sequence="1" format="epo"><addressbook><last-name>ABRAMOV ANATOLI ANATOLYEVICH</last-name><address><country>US</country></address></addressbook></inventor><inventor mxw-id="PPAR919524517" load-source="docdb" sequence="1" format="intermediate"><addressbook><last-name>ABRAMOV, ANATOLI ANATOLYEVICH</last-name></addressbook></inventor><inventor mxw-id="PPAR919012939" load-source="patent-office" sequence="1" format="original"><addressbook><last-name>ABRAMOV, ANATOLI ANATOLYEVICH</last-name><address><street>27 Timber Lane</street><city>Painted Post New York 14870</city><country>US</country></address></addressbook></inventor><inventor mxw-id="PPAR919513039" load-source="docdb" sequence="2" format="epo"><addressbook><last-name>GOMEZ SINUE</last-name><address><country>US</country></address></addressbook></inventor><inventor mxw-id="PPAR919515935" load-source="docdb" sequence="2" format="intermediate"><addressbook><last-name>GOMEZ, SINUE</last-name></addressbook></inventor><inventor mxw-id="PPAR919010160" load-source="patent-office" sequence="2" format="original"><addressbook><last-name>GOMEZ, SINUE</last-name><address><street>228 Upper Delevan Avenue</street><city>Corning New York 14830</city><country>US</country></address></addressbook></inventor><inventor mxw-id="PPAR919532237" load-source="docdb" sequence="3" format="epo"><addressbook><last-name>MOORE LISA ANNE</last-name><address><country>US</country></address></addressbook></inventor><inventor mxw-id="PPAR919511166" load-source="docdb" sequence="3" format="intermediate"><addressbook><last-name>MOORE, LISA ANNE</last-name></addressbook></inventor><inventor mxw-id="PPAR919015251" load-source="patent-office" sequence="3" format="original"><addressbook><last-name>MOORE, LISA ANNE</last-name><address><street>7 West 4th Street</street><city>Corning New York 14830</city><country>US</country></address></addressbook></inventor><inventor mxw-id="PPAR919526897" load-source="docdb" sequence="4" format="epo"><addressbook><last-name>STRELTSOV ALEXANDER MIKHAILOVICH</last-name><address><country>US</country></address></addressbook></inventor><inventor mxw-id="PPAR919532873" load-source="docdb" sequence="4" format="intermediate"><addressbook><last-name>STRELTSOV, ALEXANDER MIKHAILOVICH</last-name></addressbook></inventor><inventor mxw-id="PPAR919018102" load-source="patent-office" sequence="4" format="original"><addressbook><last-name>STRELTSOV, ALEXANDER MIKHAILOVICH</last-name><address><street>10879 Hidden Meadow Trail</street><city>Corning New York 14830</city><country>US</country></address></addressbook></inventor><inventor mxw-id="PPAR919522289" load-source="docdb" sequence="5" format="epo"><addressbook><last-name>TSUDA SERGIO</last-name><address><country>US</country></address></addressbook></inventor><inventor mxw-id="PPAR919539920" load-source="docdb" sequence="5" format="intermediate"><addressbook><last-name>TSUDA, SERGIO</last-name></addressbook></inventor><inventor mxw-id="PPAR919005944" load-source="patent-office" sequence="5" format="original"><addressbook><last-name>TSUDA, SERGIO</last-name><address><street>10 Barrington Rd.</street><city>Horseheads New York 14845</city><country>US</country></address></addressbook></inventor><inventor mxw-id="PPAR919520340" load-source="docdb" sequence="6" format="epo"><addressbook><last-name>WALTER JONATHAN E</last-name><address><country>US</country></address></addressbook></inventor><inventor mxw-id="PPAR919509693" load-source="docdb" sequence="6" format="intermediate"><addressbook><last-name>WALTER, Jonathan E.</last-name></addressbook></inventor><inventor mxw-id="PPAR919012384" load-source="patent-office" sequence="6" format="original"><addressbook><last-name>WALTER, Jonathan E.</last-name><address><street>5219 Brewer Road</street><city>Woodhull New York 14898</city><country>US</country></address></addressbook></inventor></inventors><agents><agent mxw-id="PPAR919019200" load-source="patent-office" sequence="1" format="original"><addressbook><last-name>Reinhard - Skuhra - Weise &amp; Partner GbR</last-name><iid>100060500</iid><address><street>Patent- und Rechtsanwälte Friedrichstrasse 31</street><city>80801 München</city><country>DE</country></address></addressbook></agent></agents></parties><international-convention-data><pct-or-regional-filing-data ucid="US-2012026017-W"><document-id><country>US</country><doc-number>2012026017</doc-number><kind>W</kind><date>20120222</date><lang>EN</lang></document-id></pct-or-regional-filing-data><pct-or-regional-publishing-data ucid="WO-2012118655-A1"><document-id><country>WO</country><doc-number>2012118655</doc-number><kind>A1</kind><date>20120907</date><lang>EN</lang></document-id></pct-or-regional-publishing-data><designated-states><ep-contracting-states><country mxw-id="DS549762658" load-source="docdb">AL</country><country mxw-id="DS549915614" load-source="docdb">AT</country><country mxw-id="DS549762483" load-source="docdb">BE</country><country mxw-id="DS549842007" load-source="docdb">BG</country><country mxw-id="DS549840852" load-source="docdb">CH</country><country mxw-id="DS549762484" load-source="docdb">CY</country><country mxw-id="DS549915615" load-source="docdb">CZ</country><country mxw-id="DS549762659" load-source="docdb">DE</country><country mxw-id="DS549762489" load-source="docdb">DK</country><country mxw-id="DS549762490" load-source="docdb">EE</country><country mxw-id="DS549841688" load-source="docdb">ES</country><country mxw-id="DS549842008" load-source="docdb">FI</country><country mxw-id="DS549840853" load-source="docdb">FR</country><country mxw-id="DS549762660" load-source="docdb">GB</country><country mxw-id="DS549762491" load-source="docdb">GR</country><country mxw-id="DS549762665" load-source="docdb">HR</country><country mxw-id="DS549915616" load-source="docdb">HU</country><country mxw-id="DS549840858" load-source="docdb">IE</country><country mxw-id="DS549762492" load-source="docdb">IS</country><country mxw-id="DS549842009" load-source="docdb">IT</country><country mxw-id="DS549762501" load-source="docdb">LI</country><country mxw-id="DS549842014" load-source="docdb">LT</country><country mxw-id="DS549773392" load-source="docdb">LU</country><country mxw-id="DS549842015" load-source="docdb">LV</country><country mxw-id="DS549842016" load-source="docdb">MC</country><country mxw-id="DS549773405" load-source="docdb">MK</country><country mxw-id="DS549773406" load-source="docdb">MT</country><country mxw-id="DS549841689" load-source="docdb">NL</country><country mxw-id="DS549855321" load-source="docdb">NO</country><country mxw-id="DS549841702" load-source="docdb">PL</country><country mxw-id="DS549842017" load-source="docdb">PT</country><country mxw-id="DS549915617" load-source="docdb">RO</country><country mxw-id="DS549842022" load-source="docdb">RS</country><country mxw-id="DS549841703" load-source="docdb">SE</country><country mxw-id="DS549840859" load-source="docdb">SI</country><country mxw-id="DS549855322" load-source="docdb">SK</country><country mxw-id="DS549855323" load-source="docdb">SM</country><country mxw-id="DS549773407" load-source="docdb">TR</country></ep-contracting-states></designated-states></international-convention-data><office-specific-data><eptags><ep-no-a-document-published>*</ep-no-a-document-published></eptags></office-specific-data></bibliographic-data><abstract mxw-id="PA99831710" ref-ucid="WO-2012118655-A1" lang="EN" load-source="patent-office"><p num="0000">This disclosure describes a process for strengthening, by ion-exchange, the edges of an article separated from a large glass sheet after sheet has been ion exchanged to strengthen by exposing the one or a plurality of the edges of the separated article, only, to an ion exchange medium (for example without limitation, a salt, paste, frit, glass) while the glass surface is maintained at temperatures less than 200 °C.</p></abstract><abstract mxw-id="PA100328533" ref-ucid="WO-2012118655-A1" lang="EN" source="national office" load-source="docdb"><p>This disclosure describes a process for strengthening, by ion-exchange, the edges of an article separated from a large glass sheet after sheet has been ion exchanged to strengthen by exposing the one or a plurality of the edges of the separated article, only, to an ion exchange medium (for example without limitation, a salt, paste, frit, glass) while the glass surface is maintained at temperatures less than 200 °C.</p></abstract><abstract mxw-id="PA99831711" ref-ucid="WO-2012118655-A1" lang="FR" load-source="patent-office"><p num="0000">Cette invention concerne un procédé de renforcement, par échange d'ions, des bords d'un article séparé d'une grande feuille de verre après que la feuille ait été soumise à un échange d'ions pour le renforcer par exposition du bord ou d'une pluralité de bords de l'article séparé, seulement, à un milieu d'échange d'ions (par exemple, sans s'y limiter, un sel, une pâte, une fritte, du verre) tout en maintenant la surface de verre à une température inférieure à 200 °C.</p></abstract><abstract mxw-id="PA100328534" ref-ucid="WO-2012118655-A1" lang="FR" source="national office" load-source="docdb"><p>Cette invention concerne un procédé de renforcement, par échange d'ions, des bords d'un article séparé d'une grande feuille de verre après que la feuille ait été soumise à un échange d'ions pour le renforcer par exposition du bord ou d'une pluralité de bords de l'article séparé, seulement, à un milieu d'échange d'ions (par exemple, sans s'y limiter, un sel, une pâte, une fritte, du verre) tout en maintenant la surface de verre à une température inférieure à 200 °C.</p></abstract><description mxw-id="PDES51232721" ref-ucid="WO-2012118655-A1" lang="EN" load-source="patent-office"><!-- EPO <DP n="2"/>--><p id="p0001" num="0001"> LOCAL STENGTHENING OF GLASS BY ION-EXCHANGE </p><p id="p0002" num="0002"> Priority </p><p id="p0003" num="0003"> [0001] This application claims the benefit of priority under 35 U.S.C. § 1 19 of U.S. Provisional Application Serial No. 61/447281 filed on February 28, 2011 the content of which is relied upon and incorporated herein by reference in its entirety. </p><p id="p0004" num="0004">Field </p><p id="p0005" num="0005"> [0002] This application is directed to chemically strengthened glass, and in particular to the local strengthening the edge(s) of a glass article after the article has been cut from a large sheet of chemically strengthened glass. </p><p id="p0006" num="0006">Background </p><p id="p0007" num="0007"> [0003] Chemically-strengthened glasses have found wide-spread application in touch panels and portable displays because of their excellent strength and damage resistance. These properties are particularly important when the glass acts as a cover glass for a device that is exposed to high levels of contact with surfaces. The damage resistance of the chemically strengthened glasses is a direct result of surface compression layers formed on the glass substrate via ion-exchange. The surface compression is balanced by a tensile region in the interior of the glass. Surface compressions (CS) greater than 750 MPa and compressive layer depths (DOL) greater than 40 microns are readily achieved in glasses, for example, Gorilla™ Glass (Corning Incorporated). By comparison, ordinary soda-lime glass has been able to reach only modest surface compression ("CS") and depth-of- layer ("DOL"), which are typically &lt;500 MPa &lt;15 micron, respectively. </p><p id="p0008" num="0008">[0004] Recently the touch panel industry has been interested in putting the touch sensor directly on the chemically-strengthened cover glass instead of laminating a separate touch panel structure to the cover glass as is the current practice (see Fig. 1). The most economical manufacturing process would be to pattern multiple touch sensors onto a single large sheet of chemically strengthened glass, and then cut out the individual parts from the sheet having the touch sensors thereon. The magnitude of compressive stress and the elastic energy stored in the central tension region of the chemically 
<!-- EPO <DP n="3"/>-->
 strengthened glass, however, makes mechanical cutting of the substrates difficult. Hence, most of the current production processes involve cutting and finishing the non- ion-exchanged glass substrate to shape beforehand and ion exchanging afterwards. In this case, the touch sensor would have to be patterned separately onto each individual part (a "piece-part" process), which is not as economical as the "full sheet" process. </p><p id="p0009" num="0009">[0005] Methods for cutting tempered and chemically strengthened glass substrates have been disclosed in several patent and patent applications publications [for example, see, US 4,468,534, US 2008-0128953, US 2010-0206008, US 2010-0210442, and JP 2008- 007384], some of which are suitable for separating highly strengthened glass. It has been disclosed that setting limits on the stress profile can allow conventional cutting methods to be employed [for example, see US 2005-0221044, JP 2008-007369, JP 2004-352535, JP 2004-083378, GB 1222181 and WO 2008-108332]. However, the latter methods suffer by limiting the level of compression and/or depth of layer and, therefore, damage resistance that can be achieved in the glass. A serious drawback of both cutting techniques is the fact that the edge of the article after the separation process is not ion-exchanged and is therefore subject to damage and possible delayed failure (fatigue). Consequently, it is desirable to have a process which provides compression on the edge(s) of the parts after the separation process for both damage and fatigue resistance. </p><p id="p0010" num="0010">[0006] While high edge strength can be accomplished by acid etching the edge after the separation process using a coating for protecting the glass surface [for example, see commonly assigned US patent Application No. 12/862096], there is still a problem. That problem is maintaining such strength. If the edge gets damaged post-acid treatment, the strength would be reduced. In other words, this process does not protect the glass from damage, for example, during use by a consumer. Consequently, it is desirable to have a process that provides compression on the edge of an article, after the separation of the article for a large glass sheet, with regard to both damage and fatigue resistance. </p><p id="p0011" num="0011">[0007] It is known that the films that comprise the touch sensor function are sensitive to high temperatures, and such film are usually limited to withstanding temperatures 
<!-- EPO <DP n="4"/>-->
 lower than 200°C; that is, this is the maximum temperature to which such films should be subjected. This disclosure relates to locally ion-exchanging the glass edge(s) while maintaining the glass surface at temperatures &lt;200°C, particularly when the glass has a touch sensor on a surface. </p><p id="p0012" num="0012">Summary </p><p id="p0013" num="0013"> [0008] This disclosure describes a process for strengthening, by ion-exchange, the edges of a glass article, separated from a large glass sheet after the large sheet has been ion-exchanged to strengthen its surfaces, by exposing the one or a plurality of the edges only of the separated article to an ion-exchange medium (for example without limitation, a salt, paste, frit, glass) while the glass surface(s) is/are maintained at temperatures less than 200°C. In one embodiment one or both of the top and bottom edges of the article, as taken from the user's perspective, when using a device, for example a mobile phone, incorporating the article, is ion-exchanged. In another embodiment all the edges of the glass article are ion-exchanged. The glass articles have a length, width and thickness; the length and width determining the first and second faces or surfaces of the glass, and the edge defined by the thickness of the glass between the surfaces. The edge can be flat or shaped, for example without limitation, having a chamfered, beveled or bull nosed shape. </p><p id="p0014" num="0014">[0009] The key advantage of the method of the present disclosure is the ability to obtain chemically strengthened edges which have higher mechanical strength than non- ion-exchanged edges while maintaining the integrity of the touch sensor films deposited on one or more surfaces of a glass article made from such chemically strengthened glass, as well as the properties of the ion-exchange surface. The method described enables a full sheet process for manufacturing touch panels directly on chemically strengthened glass. A further key advantage of the present disclosure is the mitigation of fatigue-related failures, that is, delayed failure, due to the presence of a tensile layer on the edge. </p><p id="p0015" num="0015">[0010] The disclosure is directed to a method for strengthening one or a plurality of the edges of a glass article cut from a large sheet of ion-exchanged glass, the method comprising the steps of providing a glass article having alkali metal ions in said glass, 
<!-- EPO <DP n="5"/>-->
 and having one or a plurality of edges defined by a chemically strengthened first and second glass face, and a selected thickness, wherein one or a plurality of said edges is not chemically strengthened; providing a ion-exchange material for chemically strengthening the one or plurality of edge, said ion-exchange material containing alkali metal ions large than the alkali metal ions in said glass; applying the ion-exchange material to the one or plurality of edges; heating the ion-exchange material applied to the one or plurality of edges to a selected temperature for a selected time to thereby exchange smaller ions in the glass for larger ions in the ion-exchange material; and removing the ion-exchange material from the one or plurality of edges to thereby provide an article having a selected compressing stress to a selected depth along the one or plurality of edges. During the edge strengthening process the surfaces of the glass article are kept at a temperature of less than 200°C by passing a cooling gas across the surfaces of the glass article during the ion-exchange step. The glass is a chemically strengthened glass selected from the group consisting of alumino silicate, borosilicate, aluminoborosilicate and soda lime glasses. </p><p id="p0016" num="0016">[0011] In one embodiment the ion-exchange material is a molten alkali metal salt, the salt typically being substantially a nitrate salt bath into which an edge of said glass article is inserted, the salt bath having a selected temperature is in the range of 390°C to 600°C, for a selected time is in the range of 10 minutes to 60 minutes. In another embodiment the ion-exchange material applied to the one or plurality of edges is a paste containing alkali metal ions larger than the exchangeable alkali metal ions in the glass. In an embodiment the paste is heated by microwave radiation. In a further embodiment the glass article has touch screen electronics on one of said faces of said glass and both said faces of said glass faces are cooled during the heating of the ion-exchange material applied to said one or plurality of edges. In an embodiment the glass article has a thickness in the range of 0.3mm to 1.5mm. In an embodiment the ion-exchange along said one or plurality of edges produces a depth-of-later of 40-50μιη and a compressive stress in the range of 180 to 600 MPa. </p><p id="p0017" num="0017">Brief Description of Drawings </p><p id="p0018" num="0018">[0012] Figure 1 is an illustration of a generic cover glass's shape and edge. 
<!-- EPO <DP n="6"/>-->
 [0013] Figure 2, is a schematic diagram of a fully integrated touch panel with touch electronic films (ITO rows and columns 13) patterned on the chemically strengthened cover glass 10, with 12 being a polarizer, 14 being a front glass, 16 being another glass, and 18 being the backlight. </p><p id="p0019" num="0019"> [0014] Figure 3 is a schematic representation of the process of the present disclosure wherein 30 is an ion-exchanged glass sheet, 32 is a glass sheet in which the electronics have been applied to the sheet in a sectional manner before the sheet is cut, 34 is an illustration of the cut sheets after the electronic have been applied, 36 represents the ion-exchange material or media applied to the edges of the glass article, 36 illustrates the application of heat to the edges of the glass article while the glass surface is cooled and 38 represents the washing off of the applied ion-exchange material or media that has not interacted with the glass edge and remains on the edge. </p><p id="p0020" num="0020">[0015] Figure 4 is an illustration of a glass part 50 whose edge 52 has an </p><p id="p0021" num="0021">ion-exchanging paste 42, for example, a potassium containing paste, applied to the edge. </p><p id="p0022" num="0022">[0016] Figures 5A and 5B are charts illustrating horizontal (Figure 5A) and vertical (Figure 5B) edge strength for laser separated ion-exchanged glass using different laser methods, pre-and post-local ion-exchange with a potassium containing paste at 410°C for seven hours. </p><p id="p0023" num="0023"> [0017] Figure 6 is a graph illustrating the horizontal bend strength of locally </p><p id="p0024" num="0024">ion-exchanged edges using a potassium containing paste at different treatment time and temperatures. </p><p id="p0025" num="0025"> [0018] Figure 7 is a schematic representation of the process for strengthening glass edges using, for example, a molted KNO<sub>3</sub> salt 72 in dish 73 bath, wherein 70 represents immersion of the glass edge of glass article 74 in the molten salt bath at a temperature in the range of 390-600°C for a time in the range of 10-60 minutes while the surfaces of the glass are kept cool using flowing air 76. </p><p id="p0026" num="0026">Detailed Description </p><p id="p0027" num="0027"> [0019] The present disclosure is directed to a method for strengthening the edges of post-ion-exchanged, separated glass. That is, to a process for strengthening the edges of glass parts made by dividing a large ion-exchanged glass sheet 30 such as illustrated in Figure 3 at numeral 34. The process consists on exposing the edges to an ion- exchange material and locally heating only the edge or edges to create a compressive 
<!-- EPO <DP n="7"/>-->
 layer while the glass surface is maintained at temperatures below 200°C. Figure 1 shows a generic part shape and the edge shape for a cover glass used on a mobile device such as a mobile phone with a touch sensor element. Figure 2 depicts a schematic of a fully integrated touch panel with touch electronic films 13 ("ITO rows and columns") patterned on the chemically strengthened cover glass 10. Numeral 12 represents a polarizer, numeral 14 a front glass, numeral 16 another glass element, and numeral 16 the backlight. Larger-scale variations of this general shape could be used for other touch and/or cover glass applications such as laptop or notebook computers, electronic tablet computers and book readers, and LCD TV cover glass. </p><p id="p0028" num="0028">[0020] The process disclosed herein is schematically represented in Figure 3. In this process, a large ion-exchanged glass sheet 30, for example without limitation, a 1300mm x 1100mm sheet of glass, with a thickness between 0.3 mm and 1.5 mm has a plurality of touch screen electronic or films applied thereto as represented 32, the films for the touch sensor being applied to the ion-exchanged glass sheet in a desired fashion (geometry, part size). The glass that was ion-exchanged can be any glass containing ions that can be ion-exchanged for larger ions, for example, exchanging sodium or lithium ions in a glass for potassium ions from a salt bath. Exemplary glasses include, without limitation, aluminosilicate glass, aluminoborosilicate glass, borosilicate or soda line glass. Next the ion-exchanged glass sheet with the touch screen films 32 was separated into a plurality of individual parts as represented by numeral 34 using different separation/cutting methods such as laser full separation, laser score and break, mechanical score and break, acid etching. As shown in illustration 36, the edges of the individual parts are then coated with an ion-exchange medium 37 which is, for example without limitation, a paste, salt, frit, glass, etc that contains ion-exchangeable ions (for example, K<sup>+1</sup> ions for exchanging with Na<sup>+1</sup> or Li <sup>1</sup> ions in the glass). The edge or edges with the K-containing medium thereon are then locally heated as shown in illustration 38 by the symbol Δ (for example without limitation, by using convection, induction, laser or microwaves heating), while the glass surface is maintained cool (&lt;200°C) by using, for example without limitation, water, air, an inert gas, carbon dioxide, nitrogen gas and other gases as is represented by numeral 39. Finally, the samples are washed to remove ion-exchange medium. 
<!-- EPO <DP n="8"/>-->
 [0021] Figure 4 is an illustration of a glass part 60 and an edge of the part having an ion-exchanging paste, for example, a potassium-containing paste, applied to the edge as illustrated at 62. An exemplary ion-exchange material consists of KNO<sub>3</sub>, clay and water applied to the edges as is illustrated in Figure 4. Once the edge or edges are coated with the ion-exchange material, the parts can be treated at temperatures between 330-500°C for periods of 10 minutes to 7 hours while constantly cooling the glass surface, as described above, for example without limitation, using air or nitrogen gas as represented by numeral 39 in Figure 3. Finally, the ion-exchange medium that was applied to the edge or edges is washed off using water to provide a glass article having edges strengthened by ion-exchange as illustrated by numeral 40. </p><p id="p0029" num="0029">[0022] Figure 5A and 5B shows the Weibull plots for post-ion-exchanged, separated edges treated using a clay/KN03 paste as the ion-exchange medium. Figures 5A and 5B show the horizontal (5 A) and the vertical (5B) edge strength for laser separated ion-exchanged glass using different laser methods, pre-and post-local ion-exchange with a potassium containing paste at 410°C for seven hours. The paste was applied to the edges and then the edges were heated at approximately 410°C for 7 hours in an oven. The surface was also heated during this process. After heat treatment the paste was removed by washing in water. The localized ion-exchange treatment of the edge(s) of the glass improved the mean strength of the samples by a factor of 2-4 times (2x-4x) as compared to the as-separated/cut glass. The average edge strength of the samples before and after separation using different laser methods is reported in Table 1. Table 1 shows the edge strength as measured by a horizontal bend test, both before and after treatment using a K<sup>+1</sup>-contining paste at 410°C, on samples separated using FS and UV lasers. </p><p id="p0030" num="0030"> Table 1 </p><p id="p0031" num="0031"><img id="imgf000008_0001" he="32" wi="155" file="imgf000008_0001.tif" img-format="tif" img-content="table" orientation="portrait" inline="yes"/><!-- EPO <DP n="9"/>-->
 [0023] Figure 6 shows the improvement in edge strength of parts that were </p><p id="p0032" num="0032">post- ion-exchanged separated and finished, and then treated with a K<sup>+1</sup> -containing paste at different times and temperatures. As shown in the figure, as time and temperature increases, edge strength also increases. </p><p id="p0033" num="0033">[0024] Experiments were also performed immersing the post-ion-exchanged, separated and finished edges into a molten salt baths while air was circulating on the glass surface to maintain the temperature &lt;200°C. The target is to reach an edge strength of </p><p id="p0034" num="0034">&gt;400 MPa. Figure 7 shows a schematic of the process used to carry out these experiments. In Figure 7 a dish 73 is partially filled with KNO<sub>3</sub> 52 which is melted by heater 75 to a temperature in the range of 390°C to 500°C. An edge 70 of a glass article 74 was immersed into the molted salt for time of ten minutes and the surface of the glass was cooled by flowing are as illustrated by numeral 76. The horizontal bend edge strength results are reported in Table 2. The edge strength increases with temperature, with an average edge strength of 565MPa for samples treated at 500°C for 30 min. Fully ion-exchanged edge strength, where the edge has been subjected to the same ion-exchange conditions as the faces of the glass, is in the range of 600-800MPa. </p><p id="p0035" num="0035">Table 2 </p><p id="p0036" num="0036"><img id="imgf000009_0001" he="39" wi="94" file="imgf000009_0001.tif" img-format="tif" img-content="table" orientation="portrait" inline="no"/></p><p id="p0037" num="0037">[0025] Localized heating of the edge(s) with microwaves and pastes were also evaluated. Since SiC is a strong microwave susceptor it was added to a KN03 paste in a selected amount to promote heating in those areas there the paste was applied when it was subjected to microwave radiation. For exemplary purposes the paste was applied to the surface of Gorilla® Glass (Corning Incorporated) and subjected to K-band MW radiation for 30 min at ~390°C. After treatment DOL and CS were 46μιη and 215MPa; respectively. 
<!-- EPO <DP n="10"/>-->
 [0026] While the invention has been described with respect to a limited number of embodiments, those skilled in the art, having benefit of this disclosure, will appreciate that other embodiments can be devised which do not depart from the scope of the invention as disclosed herein. Accordingly, the scope of the invention should be limited only by the attached claims. 
</p></description><claims mxw-id="PCLM44851874" ref-ucid="WO-2012118655-A1" lang="EN" load-source="patent-office"><claim-statement><!-- EPO <DP n="11"/>-->We claim: </claim-statement><claim id="clm-0001" num="1"><claim-text>1. A method for strengthening one or a plurality of the edges of a glass article cut from a large sheet of ion-exchanged glass, the method comprising the steps of providing a glass article having alkali metal ions in said glass, and having one or a plurality of edges defined by a chemically strengthened first and second glass face, and a selected thickness, wherein the one or a plurality of said edges is not chemically strengthened; </claim-text><claim-text> providing a ion-exchange material for applying to said one or plurality of edges to thereby chemically strengthen said one or plurality of edge, said ion-exchange material containing alkali metal ions large than the alkali metal ions in said glass; </claim-text><claim-text> applying said ion-exchange material to said one or plurality of edges, heating said ion-exchange material applied to said one or plurality of edges to a selected temperature for a selected time to thereby exchange smaller ions in said glass for larger ions in said ion-exchange material; and </claim-text><claim-text> removing said ion-exchange material from said one or plurality of edges to thereby provide an article having a selected compressing stress to a selected depth along said one or plurality of edges; </claim-text><claim-text> wherein the first and second faces of the glass are cooled to a temperature of less than 200°C during the ion-exchange of the edge(s). </claim-text></claim><claim id="clm-0002" num="2"><claim-text>2. The method according to claim 1, wherein said glass article has touch screen electronics on one of said faces of said glass. </claim-text></claim><claim id="clm-0003" num="3"><claim-text>3. The method according to claim 1, wherein said glass is a chemically strengthened glass selected from the group consisting of alumino silicate, borosilicate, aluminoborosilicate and soda line glasses. </claim-text></claim><claim id="clm-0004" num="4"><claim-text>4. The method according to claim 1, wherein the ion- exchange material is a molten salt bath into which an edge of said glass article is inserted, said salt bath having <!-- EPO <DP n="12"/>--> a selected temperature is in the range of 390°C to 600°C and said selected time is in the range of 10 minutes to 60 minutes. </claim-text></claim><claim id="clm-0005" num="5"><claim-text>5. The method according to claim 1, wherein the ion-exchange material applied to the one or plurality of edges is a paste containing alkali metal ions larger than the exchangeable alkali metal ions in the glass. </claim-text></claim><claim id="clm-0006" num="6"><claim-text>6. The method according to claim 4, wherein the paste is heated by microwave radiation. </claim-text></claim><claim id="clm-0007" num="7"><claim-text>7. The method according to claim 1, wherein the ion-exchange material applied to the one or plurality of edges is a glass frit material. </claim-text></claim><claim id="clm-0008" num="8"><claim-text>8. The method according to claim 1, wherein said glass article has a thickness in the range of 0.3mm to 1.5mm. </claim-text></claim><claim id="clm-0009" num="9"><claim-text>9. The method according to claim 1, wherein said ion-exchange of said one or plurality of edges produces a depth-of- layer of 40-50μιη and a compressive stress in the range of 180 to 600 MPa. </claim-text></claim></claims><copyright>User acknowledges that Fairview Research LLC and its third party providers retain all right, title and interest in and to this xml under applicable copyright laws.  User acquires no ownership rights to this xml including but not limited to its format.  User hereby accepts the terms and conditions of the Licence Agreement</copyright></patent-document>
