<?xml version="1.0" encoding="UTF-8"?>
<patent-document ucid="EP-2678115-A1" country="EP" doc-number="2678115" kind="A1" date="20140101" family-id="46000301" file-reference-id="318301" date-produced="20180823" status="corrected" lang="EN"><bibliographic-data><publication-reference fvid="146551955" ucid="EP-2678115-A1"><document-id><country>EP</country><doc-number>2678115</doc-number><kind>A1</kind><date>20140101</date><lang>EN</lang></document-id></publication-reference><application-reference ucid="EP-12716745-A" is-representative="NO"><document-id mxw-id="PAPP154825878" load-source="docdb" format="epo"><country>EP</country><doc-number>12716745</doc-number><kind>A</kind><date>20120223</date><lang>EN</lang></document-id><document-id mxw-id="PAPP220439836" load-source="docdb" format="original"><country>EP</country><doc-number>12716745.0</doc-number><date>20120223</date></document-id></application-reference><priority-claims><priority-claim mxw-id="PPC140446453" ucid="DE-102011004595-A" load-source="docdb"><document-id format="epo"><country>DE</country><doc-number>102011004595</doc-number><kind>A</kind><date>20110223</date></document-id></priority-claim><priority-claim mxw-id="PPC140454587" ucid="US-2012026245-W" linkage-type="W" load-source="docdb"><document-id format="epo"><country>US</country><doc-number>2012026245</doc-number><kind>W</kind><date>20120223</date></document-id></priority-claim></priority-claims><technical-data><classifications-ipcr><classification-ipcr mxw-id="PCL1988112484" load-source="docdb">B05B   5/16        20060101AFI20120914BHEP        </classification-ipcr></classifications-ipcr><classifications-cpc><classification-cpc mxw-id="PCL-1699682485" load-source="docdb" scheme="CPC">B05B  16/90        20180201 LA20180203BHEP        </classification-cpc><classification-cpc mxw-id="PCL-1699682486" load-source="docdb" scheme="CPC">B05B  14/45        20180201 LI20180203BHEP        </classification-cpc><classification-cpc mxw-id="PCL-1699682487" load-source="docdb" scheme="CPC">B05B  14/43        20180201 LI20180203BHEP        </classification-cpc><classification-cpc mxw-id="PCL-1699682488" load-source="docdb" scheme="CPC">B05B  14/10        20180201 LI20180203BHEP        </classification-cpc><classification-cpc mxw-id="PCL-1869727946" load-source="docdb" scheme="CPC">B07B2230/04        20130101 LA20161213BHEP        </classification-cpc><classification-cpc mxw-id="PCL-1869727951" load-source="docdb" scheme="CPC">B05B   7/1477      20130101 LA20161213BHEP        </classification-cpc><classification-cpc mxw-id="PCL-1869727952" load-source="docdb" scheme="CPC">B05B   7/1472      20130101 LI20161213BHEP        </classification-cpc><classification-cpc mxw-id="PCL-1869727953" load-source="docdb" scheme="CPC">B05B   7/1454      20130101 LI20161213BHEP        </classification-cpc><classification-cpc mxw-id="PCL-1869727954" load-source="docdb" scheme="CPC">B05B   5/1683      20130101 LI20161213BHEP        </classification-cpc><classification-cpc mxw-id="PCL-1869727955" load-source="docdb" scheme="CPC">B05B   7/1445      20130101 LI20161213BHEP        </classification-cpc><classification-cpc mxw-id="PCL2032328448" load-source="docdb" scheme="CPC">B05B   5/16        20130101 FI20140213BHEP        </classification-cpc></classifications-cpc><invention-title mxw-id="PT132188349" lang="DE" load-source="patent-office">SIEBEINLAGE FÜR EINE PULVERKAMMER EINER PULVERZUFUHRVORRICHTUNG</invention-title><invention-title mxw-id="PT132188350" lang="EN" load-source="patent-office">SCREEN INSERT FOR A POWDER CHAMBER OF A POWDER SUPPLYING DEVICE</invention-title><invention-title mxw-id="PT132188351" lang="FR" load-source="patent-office">PIÈCE RAPPORTÉE DE TAMIS POUR CHAMBRE DE POUDRE DE DISPOSITIF DE DISTRIBUTION DE POUDRE</invention-title></technical-data><parties><applicants><applicant mxw-id="PPAR918145065" load-source="docdb" sequence="1" format="epo"><addressbook><last-name>GEMA SWITZERLAND GMBH</last-name><address><country>CH</country></address></addressbook></applicant><applicant mxw-id="PPAR918166263" load-source="docdb" sequence="1" format="intermediate"><addressbook><last-name>GEMA SWITZERLAND GMBH</last-name></addressbook></applicant><applicant mxw-id="PPAR918993056" load-source="patent-office" sequence="1" format="original"><addressbook><last-name>Gema Switzerland GmbH</last-name><iid>101351446</iid><address><street>Mövenstrasse 17</street><city>9015 St. Gallen</city><country>CH</country></address></addressbook></applicant></applicants><inventors><inventor mxw-id="PPAR918136337" load-source="docdb" sequence="1" format="epo"><addressbook><last-name>MAUCHLE FELIX</last-name><address><country>CH</country></address></addressbook></inventor><inventor mxw-id="PPAR918166127" load-source="docdb" sequence="1" format="intermediate"><addressbook><last-name>MAUCHLE, FELIX</last-name></addressbook></inventor><inventor mxw-id="PPAR918991126" load-source="patent-office" sequence="1" format="original"><addressbook><last-name>MAUCHLE, FELIX</last-name><address><street>Alleestrasse 7a</street><city>CH-9030 Abtwil</city><country>CH</country></address></addressbook></inventor><inventor mxw-id="PPAR918143690" load-source="docdb" sequence="2" format="epo"><addressbook><last-name>STEINEMANN MARK</last-name><address><country>CH</country></address></addressbook></inventor><inventor mxw-id="PPAR918158176" load-source="docdb" sequence="2" format="intermediate"><addressbook><last-name>STEINEMANN, MARK</last-name></addressbook></inventor><inventor mxw-id="PPAR918988164" load-source="patent-office" sequence="2" format="original"><addressbook><last-name>STEINEMANN, MARK</last-name><address><street>Im Tiefenstein 42</street><city>CH-8354 Hofstetten</city><country>CH</country></address></addressbook></inventor></inventors><agents><agent mxw-id="PPAR918984219" load-source="patent-office" sequence="1" format="original"><addressbook><last-name>Trinks, Ole</last-name><suffix>et al</suffix><iid>101025837</iid><address><street>Meissner, Bolte &amp; Partner GbR Depotstrasse 5 1/2</street><city>86199 Augsburg</city><country>DE</country></address></addressbook></agent></agents></parties><international-convention-data><pct-or-regional-filing-data ucid="US-2012026245-W"><document-id><country>US</country><doc-number>2012026245</doc-number><kind>W</kind><date>20120223</date><lang>EN</lang></document-id></pct-or-regional-filing-data><pct-or-regional-publishing-data ucid="WO-2012116136-A1"><document-id><country>WO</country><doc-number>2012116136</doc-number><kind>A1</kind><date>20120830</date><lang>EN</lang></document-id></pct-or-regional-publishing-data><designated-states><ep-contracting-states><country mxw-id="DS548871378" load-source="docdb">AL</country><country mxw-id="DS548843446" load-source="docdb">AT</country><country mxw-id="DS548871379" load-source="docdb">BE</country><country mxw-id="DS548819991" load-source="docdb">BG</country><country mxw-id="DS548929715" load-source="docdb">CH</country><country mxw-id="DS548952536" load-source="docdb">CY</country><country mxw-id="DS548843447" load-source="docdb">CZ</country><country mxw-id="DS548871380" load-source="docdb">DE</country><country mxw-id="DS548952537" load-source="docdb">DK</country><country mxw-id="DS548952542" load-source="docdb">EE</country><country mxw-id="DS548941542" load-source="docdb">ES</country><country mxw-id="DS548819992" load-source="docdb">FI</country><country mxw-id="DS548929716" load-source="docdb">FR</country><country mxw-id="DS548871381" load-source="docdb">GB</country><country mxw-id="DS548952543" load-source="docdb">GR</country><country mxw-id="DS548871382" load-source="docdb">HR</country><country mxw-id="DS548843448" load-source="docdb">HU</country><country mxw-id="DS548941127" load-source="docdb">IE</country><country mxw-id="DS548952544" load-source="docdb">IS</country><country mxw-id="DS548929717" load-source="docdb">IT</country><country mxw-id="DS548952545" load-source="docdb">LI</country><country mxw-id="DS548819993" load-source="docdb">LT</country><country mxw-id="DS548945462" load-source="docdb">LU</country><country mxw-id="DS548819994" load-source="docdb">LV</country><country mxw-id="DS548819995" load-source="docdb">MC</country><country mxw-id="DS548945463" load-source="docdb">MK</country><country mxw-id="DS548945464" load-source="docdb">MT</country><country mxw-id="DS548941128" load-source="docdb">NL</country><country mxw-id="DS548941543" load-source="docdb">NO</country><country mxw-id="DS548941129" load-source="docdb">PL</country><country mxw-id="DS548819996" load-source="docdb">PT</country><country mxw-id="DS548843449" load-source="docdb">RO</country><country mxw-id="DS548819997" load-source="docdb">RS</country><country mxw-id="DS548941134" load-source="docdb">SE</country><country mxw-id="DS548929722" load-source="docdb">SI</country><country mxw-id="DS548941544" load-source="docdb">SK</country><country mxw-id="DS548941135" load-source="docdb">SM</country><country mxw-id="DS548945465" load-source="docdb">TR</country></ep-contracting-states></designated-states></international-convention-data><office-specific-data><eptags><ep-no-a-document-published>*</ep-no-a-document-published></eptags></office-specific-data></bibliographic-data><abstract mxw-id="PA99618762" ref-ucid="WO-2012116136-A1" lang="EN" load-source="patent-office"><p num="0000">The invention relates to a screen insert (70) for a powder container (24) of a powder supplying device, the screen insert (70) having a screen unit (71) for screening coating powder and an ultrasonic transducer (72) for generating ultrasonic vibrations. The screen unit (71) is connected to the ultrasonic transducer (72) in such a way that the ultrasonic vibrations generated by the ultrasonic transducer (72) can be transferred to the screen unit (71). To allow a particularly compact construction of the screen insert (70) to be achieved, according to the invention a screen carrier (73) which can be placed onto the powder container (24) is provided, for holding the ultrasonic transducer (72), with the screen unit (71) connected thereto, in such a way that the screen unit (71) is arranged below the screen carrier (73), so that the screen unit (71) is inside a powder chamber (22), formed by the powder container (24), when the screen carrier (73) has been placed onto the powder container (24).</p></abstract><abstract mxw-id="PA99818449" ref-ucid="WO-2012116136-A1" lang="EN" source="national office" load-source="docdb"><p>The invention relates to a screen insert (70) for a powder container (24) of a powder supplying device, the screen insert (70) having a screen unit (71) for screening coating powder and an ultrasonic transducer (72) for generating ultrasonic vibrations. The screen unit (71) is connected to the ultrasonic transducer (72) in such a way that the ultrasonic vibrations generated by the ultrasonic transducer (72) can be transferred to the screen unit (71). To allow a particularly compact construction of the screen insert (70) to be achieved, according to the invention a screen carrier (73) which can be placed onto the powder container (24) is provided, for holding the ultrasonic transducer (72), with the screen unit (71) connected thereto, in such a way that the screen unit (71) is arranged below the screen carrier (73), so that the screen unit (71) is inside a powder chamber (22), formed by the powder container (24), when the screen carrier (73) has been placed onto the powder container (24).</p></abstract><abstract mxw-id="PA99618763" ref-ucid="WO-2012116136-A1" lang="FR" load-source="patent-office"><p num="0000">L'invention porte sur une pièce rapportée de tamis (70) pour un contenant de poudre (24) d'un dispositif de distribution de poudre, ladite pièce de tamis (70) ayant une unité de tamis (71), qui permet de cribler de la poudre d'enrobage, et un transducteur ultrasonore (72), qui permet de générer des vibrations ultrasonores. L'unité de tamis (71) est reliée au transducteur ultrasonore (72) de telle sorte que les vibrations ultrasonores générées par le transducteur ultrasonore (72) peuvent être transférées à l'unité de tamis (71). Afin d'obtenir une construction particulièrement compacte de la pièce rapportée de tamis (70), selon l'invention, un support de tamis (73), qui peut être placé sur le contenant de poudre (24), est utilisé pour recevoir le transducteur ultrasonore (72) relié à l'unité de tamis (71), de telle sorte que l'unité de tamis (71) est agencée au-dessous du support de tamis (73), de façon à ce que l'unité de tamis (71) soit à l'intérieur d'une chambre de poudre (22), formée par le contenant de poudre (24), lorsque le support de tamis (73) a été placé sur le contenant de poudre (24).</p></abstract><abstract mxw-id="PA99818450" ref-ucid="WO-2012116136-A1" lang="FR" source="national office" load-source="docdb"><p>L'invention porte sur une pièce rapportée de tamis (70) pour un contenant de poudre (24) d'un dispositif de distribution de poudre, ladite pièce de tamis (70) ayant une unité de tamis (71), qui permet de cribler de la poudre d'enrobage, et un transducteur ultrasonore (72), qui permet de générer des vibrations ultrasonores. L'unité de tamis (71) est reliée au transducteur ultrasonore (72) de telle sorte que les vibrations ultrasonores générées par le transducteur ultrasonore (72) peuvent être transférées à l'unité de tamis (71). Afin d'obtenir une construction particulièrement compacte de la pièce rapportée de tamis (70), selon l'invention, un support de tamis (73), qui peut être placé sur le contenant de poudre (24), est utilisé pour recevoir le transducteur ultrasonore (72) relié à l'unité de tamis (71), de telle sorte que l'unité de tamis (71) est agencée au-dessous du support de tamis (73), de façon à ce que l'unité de tamis (71) soit à l'intérieur d'une chambre de poudre (22), formée par le contenant de poudre (24), lorsque le support de tamis (73) a été placé sur le contenant de poudre (24).</p></abstract><description mxw-id="PDES50929927" ref-ucid="WO-2012116136-A1" lang="EN" load-source="patent-office"><!-- EPO <DP n="2"/>--><p id="p0001" num="0001"> SCREEN INSERT FOR A POWDER CHAMBER OF A POWDER SUPPLYING DEVICE </p><p id="p0002" num="0002">Description </p><p id="p0003" num="0003">The invention relates to a screen insert according to the preamble of independent patent claim 1 . </p><p id="p0004" num="0004">Accordingly, the invention relates in particular to a screen insert for a powder container of a powder supplying device, the screen insert having a screen unit for screening coating powder and an ultrasonic transducer for generating ultrasonic vibrations, the screen unit being connected to the ultrasonic transducer in such a way that the ultrasonic vibrations generated by the ultrasonic transducer can be transferred to the screen unit. </p><p id="p0005" num="0005">With the increasing quality requirements m powder coating, the screening technique is playing an increasingly important role. It is known in this connection from powder coating technology to use ultrasonic screening systems, which are particularly distinguished by their high screening performance in comparison with classical vibration screens. The screening of the coating powder is intended to separate out contaminants from the coating powder and break up or keep back agglomerations of powder that may occur in particular as a result of mechanical action during the conveying of coating powder. It is intended in this way to ensure that, in the powder coating mode, the coating powder is always fed to the powder spraying device with a consistent high quality. The screen insert according to the invention is suitable in particular for supplying power to a powder coating installation which is used for the electrostatic spray coating of objects with powder and 
<!-- EPO <DP n="3"/>-->
in which fresh coating powder (hereafter also referred to as "fresh powder") and possibly recovered coating powder (hereafter also referred to as "recovery powder") are located in the powder container and are fed to a spraying device by a powder discharge device, for example in the form of an injector. The spraying device may be, for example, a handheld gun or an automatic gun. As and when required, fresh powder is fed from a supplier's container, in which the powder supplier supplies the fresh powder to the powder user, to the powder container by way of a fresh powder line. In the supplier's container, the powder forms a compact mass. By contrast, the coating powder in the powder container should be in a fluidized state, in order for example that it can be sucked out by the suction effect of an injector and fed to the spraying device in a stream of compressed air. A powder supplying device consequently includes in particular a powder container which serves as a powder chamber for keeping coating powder, the coating powder usually being fluidized in the powder container in order that it can be pneumatically conveyed easily, either to another powder container or to a powder spraying device . As already stated, the powder spraying device may be a manual or automatic powder spraying device, which may have a spray nozzle or a rotary atomizer. </p><p id="p0006" num="0006">The invention is based on the object of making the powder feed to a powder spraying device more effective, with the intention in particular that the powder that is fed is of a consistent high quality. </p><p id="p0007" num="0007">This object is achieved according to the invention by the features of independent patent claim 1. 
<!-- EPO <DP n="4"/>-->
Accordingly, the invention relates to a screen insert for a powder container of a powder supplying device, the screen insert having a screen unit for screening coating powder and an ultrasonic transducer for generating ultrasonic vibrations, the screen unit being connected to the ultrasonic transducer in such a way that the ultrasonic vibrations generated by the ultrasonic transducer can be transferred to the screen unit. The invention is particularly distinguished by the compact construction of the ultrasonic screen insert. For this purpose, according to the invention a screen carrier which can be placed onto the powder container is provided, serving and designed for holding the ultrasonic transducer, with the screen unit connected thereto, in such a way that the screen unit is arranged below the screen carrier, so that the screen unit is inside a powder chamber, formed by the powder container, when the screen carrier has been placed onto the powder container . </p><p id="p0008" num="0008">The object according to the invention is also achieved by a powder supplying device for a powder coating installation, the powder supplying device having at least one powder container with a powder chamber for coating powder, and the at least one powder container being assigned a screen insert of the aforementioned type, the screen carrier of the screen insert being configured as a cover 23, matching the powder container, and being placed or able to be placed onto the powder container in such a way that the screen unit of the screen insert is inside the powder chamber defined by the powder container. </p><p id="p0009" num="0009">The advantages that can be achieved with the solution according to the invention are obvious: in particular, an ultrasonic screen insert that can be integrated as an operational unit in a powder container is provided. The powder container is preferably a fluidized powder container, i.e. a powder container which has a 
<!-- EPO <DP n="5"/>-->
fluidizmg device for introducing fludizmg compressed air into the powder chamber. In this case, it is of advantage if the powder container has at least one outlet, leading out of the powder chamber, in order to be able to discharge the fludizing compressed air introduced into the powder chamber and thereby automatically create a pressure egualization . Of course, the screen insert according to the invention is suitable not only in connection with a fluidized powder container. Rather, it is egually conceivable to integrate the screen insert according to the invention in a non-fluidized powder container. </p><p id="p0010" num="0010">Since, in the case of the screen insert according to the invention, the screen unit that serves for screening the coating powder is arranged below the screen carrier and is connected to this screen carrier in such a way that the screen unit is inside the powder chamber of the powder container when the screen carrier has been placed onto the powder container, this provides a compactly configured screen unit which can be placed as a subassembly onto the powder container, in order to integrate the screen unit that can be excited by ultrasonic vibrations in the powder chamber of the powder container. </p><p id="p0011" num="0011">In a preferred implementation of the solution according to the invention, it is provided that the screen unit is connected to the ultrasonic transducer by way of an angle connection, in particular an L-shaped angle connection, the ultrasonic transducer being fastened to the screen carrier. The screen carrier is preferably formed as a container cover 23, matching the powder container, so that the screen carrier can be used instead of a conventional standard container cover 23s for covering the powder container. As already stated, the screen unit of the screen insert is then inside the powder chamber . 
<!-- EPO <DP n="6"/>-->
In this connection, it is of advantage if a fastening device, in particular a guick-action clamping means, such as for instance a vertical clamping means, is also provided, in order to fix the screen carrier, formed as a container cover 23, in relation to the powder container in the state in which it has been placed onto the powder container. Of course, however, other embodiments come into consideration for releasably fixing the screen carrier. </p><p id="p0012" num="0012">In a preferred configuration of the screen unit it is provided that it has a screen frame, surrounding a screen area, and a screen, held by the screen frame, the ultrasonic transducer being connected to the screen frame. It is conceivable here that the screen comprises a screen mesh with a previously specifiable or specified mesh width, the screen mesh preferably being releasably fastened to the screen frame (clamped on) . It should be noted here that the screen mesh width of the screen can be kept very small in comparison with the screen mesh width of conventional vibration screens, since according to the invention the screen is excited by ultrasonic vibrations . In this way, particularly fine screening of the coating powder can be carried out. In particular, possible contaminants and/or agglomerations of powder that may occur as a result of mechanical action during the conveying of coating powder can be effectively kept back or broken up by the screen of the screen insert. </p><p id="p0013" num="0013">The fact that, according to the invention, the screen insert is configured as a compact subassembly, with the screen carrier of the screen insert being used instead of a conventional container cover 23s and in this way allowing the screen unit to be integrated in the powder chamber, makes it possible that the coating powder is screened directly upstream of the powder injectors, so that there is no need for other screening devices, such 
<!-- EPO <DP n="7"/>-->
as for instance screening devices m the lower powder run-out region of a cyclone separator. In other words, the screen insert according to the invention makes it possible that the screening of the coating powder can be performed in the fluidized powder container, that is to say directly before the fluidized powder is fed to the powder spraying devices by way of a powder supply line . Exemplary embodiments of the solution according to the invention are described below with reference to the accompanying drawings, in which: </p><p id="p0014" num="0014">Figure 1 schematically shows a powder coating installation with a powder supplying device according to the invention; </p><p id="p0015" num="0015">Figure 2 shows a longitudinal sectional side view of a conventional powder container without a screen insert; </p><p id="p0016" num="0016">Figure 3 shows a perspective longitudinal sectional view of a powder container with a screen insert according to an exemplary embodiment of the solution according to the invention; </p><p id="p0017" num="0017">Figure 4 shows a perspective view of an embodiment of the screen insert according to the invention; Figure 5a shows a plan view of a powder container with a screen insert according to the invention for the screening of fresh powder and recovery powder; Figure 5b shows a plan view of a powder container with a screen insert according to the invention for the screening of fresh powder only; 
<!-- EPO <DP n="8"/>-->
Figure 5c shows a plan view of a powder container with a screen insert according to the invention for the screening of recovery powder only; and </p><p id="p0018" num="0018">Figure 5d shows a plan view of a conventional powder container without a screen insert . </p><p id="p0019" num="0019">Figure 1 schematically shows an exemplary embodiment of a powder coating installation 1 for the spray coating of objects 2 with coating powder, which after that is fused onto the objects 2 in a heating furnace not represented in Figure 1. One or more electronic control devices 35 are provided for controlling the function of the powder coating installation 1. </p><p id="p0020" num="0020">Powder pumps 4 are provided for pneumatically conveying the coating powder. These pumps may be injectors into which coating powder is sucked out of a powder container by means of compressed air serving as conveying air, after which the mixture of conveying air and coating powder together flows into a container or to a spraying device . Suitable injectors are known, for example, from the document EP 0 412 289 Bl . </p><p id="p0021" num="0021">It is possible also to use as the powder pump 4 those types of pump which convey small portions of powder one after the other by means of compressed air, a small portion of powder (amount of powder) being respectively stored in a powder chamber and then forced out of the powder chamber by means of compressed air. The compressed air remains behind the portion of powder and pushes the portion of powder in front of it. These types of pump are sometimes referred to as compressed- air feed pumps or plug-conveying pumps, since the compressed air pushes the stored portion of powder in front of it through a pump outlet line like a plug. 
<!-- EPO <DP n="9"/>-->
Various types of such powder pumps for conveying dense coating powder are known, for example, from the following documents: DE 103 53 968 Al, US 6,508,610 B2, US 2006/0193704 Al, DE 101 45 448 Al or WO 2005/051549 Al . </p><p id="p0022" num="0022">To generate the compressed air for the pneumatic conveyance of the coating powder and to fluidize the coating powder, a compressed air source 6 is provided, connected to the various devices by way of corresponding pressure setting elements 8, for example pressure controllers and/or valves. </p><p id="p0023" num="0023">Fresh powder from a powder supplier is fed from a supplier's container, which may be for example a small container 12, for example in the form of a dimensionally stable container or a sack with an amount of powder of for example between 10 and 50 kg, for example 35 kg, or for example a large container 14, for example likewise a dimensionally stable container or a sack, with an amount of powder between for example 100 kg and 1000 kg, by means of a powder pump 4 in a fresh powder line 16 or 18 to a screening device 10. The screening device 10 may be provided with a vibrator 11. </p><p id="p0024" num="0024">In the following description, the expressions "small container" and "large container" each mean both a "dimensionally stable container" and a "not dimensionally stable, flexible sack", unless reference is expressly made to one or the other type of container . </p><p id="p0025" num="0025">The coating powder screened by the screening device 10 is conveyed by gravitational force, or preferably in each case by a powder pump 4, by way of one or more powder supply lines 20, 20' through powder-inlet openings 26, 26' into a powder chamber 22 of a dimensionally stable powder container 24. The volume of 
<!-- EPO <DP n="10"/>-->
the powder chamber 22 is preferably much smaller than the volume of the small fresh-powder container 12. </p><p id="p0026" num="0026">However, the provision of a screening device 10 in the fresh powder line 16 or 18 is not absolutely necessary, but only optional. The use of a screen insert 70, which is not explicitly represented in Figure 1 and in which a screen unit 71 that is excited or can be excited by ultrasonic waves is inside the powder chamber 22, formed by the powder container 24, in such a way that the coating powder fed to the powder chamber 22 is screened in the powder container 24 makes it possible to dispense with a screening device 10 in the fresh powder line 16 or 18. This simplifies the structure of the powder coating installation 1, which is noticeable in particular in the event of a change of powder, since the screen insert 70 - unlike a screening device 10 provided in the fresh powder line 16 or 18 - can be cleaned with little expenditure of time. </p><p id="p0027" num="0027">Embodiments of the screen insert 70 that are not explicitly represented in Figure 1 for reasons of clarity are described later with reference to the representations in Figures 3 to 5a-c. </p><p id="p0028" num="0028">It is conceivable that the powder pump 4 of the at least one powder supply line 20, 20' to the powder container 24 is formed as a compressed-air feed pump. Here, the initial portion of the powder supply line 20 may serve as a pump chamber into which powder screened by the screening device 10 optionally falls through a valve, for example a pinch valve. Once this pump chamber contains a certain portion of powder, the powder supply line 20 is isolated in terms of flow by closing the valve of the screening device 10. After that, the portion of powder is pushed into the powder chamber 22 by means of compressed air through the powder supply line 20, 20'. 
<!-- EPO <DP n="11"/>-->
Powder pumps 4, for example injectors, for conveying coating powder through powder lines 38 to spraying devices 40 are connected to one or preferably a number of powder outlet opening (s) 36 of the powder container 24. The spraying devices 40 may be spray nozzles or rotary atomizers for spraying the coating powder 42 onto the object 2 to be coated, which is preferably located in a coating cubicle 43. </p><p id="p0029" num="0029">The powder outlet openings 36 may be located - as represented in Figure 1 - in a wall of the powder container 24 that lies opposite the wall in which the powder inlet openings 26, 26' are located. In the case of the embodiments of the powder container 24 represented in Figure 3 and Figures 5a-d, however, the powder inlet openings 26, 26' are respectively arranged in a top wall of the powder container 24, so that the coating powder is fed from above to the powder chamber 22, and in particular to the screen unit 71 of the screen insert 70 that is integrated in the powder chamber 22. </p><p id="p0030" num="0030">The powder outlet openings 36 are preferably arranged near the bottom of the powder chamber 22. </p><p id="p0031" num="0031">The powder chamber 22 is preferably of a size that lies in the range of a coating powder capacity of between 1.0 kg and 12.0 kg, preferably between 2.0 kg and 8.0 kg. According to other aspects, the size of the powder chamber 22 is preferably between 500 cm<sup>3</sup> and 30 000 cm<sup>3</sup>, preferably between 2000 cm<sup>3</sup> and 20 000 cm<sup>3</sup>. The size of the powder chamber 22 is chosen in dependence on the number of powder outlet openings 36 and the powder lines 38 connected thereto, in such a way that continuous spray coating operation is possible, but the powder chamber 22 can be guickly cleaned, preferably automatically, during coating breaks for changing the powder. 
<!-- EPO <DP n="12"/>-->
The powder chamber 22 may be provided with a fluidizing device 30 for fluidizing the coating powder received in the powder container 24. The fluidizing device 30 contains at least one fluidizing wall of a material with open pores or provided with narrow bores, which is permeable to compressed air but not to coating powder. Although not shown in Figure 1, it is of advantage if in the case of the powder container 24 the fluidizing wall forms the bottom of the powder container 24 and is arranged between the powder chamber 22 and a fluidizing compressed-air chamber. The fluidizing compressed-air chamber should be able to be connected to the compressed air source 6 by way of a pressure setting element 8. </p><p id="p0032" num="0032">Coating powder 42 that does not adhere to the object 2 to be coated is sucked into a cyclone separator 48 as excess powder by means of a stream of suction air of a blower 46 by way of an excess powder line 44. In the cyclone separator 48, the excess powder is separated as far as possible from the stream of suction air. The separated powder fraction is then conducted as recovery powder from the cyclone separator 48 by way of a powder recovery line 50 to the optionally provided screening device 10, where it passes through the screening device 10, either alone or mixed with fresh powder, by way of the powder supply lines 20, 20' back into the powder chamber 22. </p><p id="p0033" num="0033">As already indicated, it is possible to dispense with the screening device 10 if, according to the invention, the powder container 24 is provided with a screen insert 70, so that the fresh powder and/or recovery powder fed to the powder chamber 22 is screened by the screen insert 71 integrated in the powder chamber 22. The screening of the coating powder (fresh powder and/or recovery powder) fed to the powder container 24 inside the powder chamber 22, and consequently directly 
<!-- EPO <DP n="13"/>-->
before the coating powder is conveyed by way of powder pumps 4, in particular injectors, through powder lines 38 to the spraying devices 40, guarantees a consistent high guality of the coating powder that is fed to the spraying devices 40. </p><p id="p0034" num="0034">Depending on the kind of powder and/or the degree of powder contamination, the possibility of isolating the powder recovery line 50 from the optionally provided screening device 10 and conducting the recovery powder into a waste container may also be provided, as schematically represented in Figure 1 by a dashed line 51. In order that it need not be isolated from the optionally provided screening device 10, the powder recovery line 50 may be provided with a diverter 52, at which it can be connected alternatively to the optionally provided screening device 10 or to a waste container . The powder container 24 may have one or more, for example two, sensors SI and/or S2, in order to control the supply of coating powder into the powder chamber 22 by means of the control device 3 and the powder pumps 4 in the powder supply lines 20, 20'. For example, the lower sensor SI detects a lower powder level limit and the upper sensor S2 detects an upper powder level limit . </p><p id="p0035" num="0035">The lower end portion 48-2 of the cyclone separator 48 may be formed and used as a storage container for recovery powder and provided for this purpose with one or more, for example two, sensors S3 and/or S4, which are functionally connected to the control device 3. This allows, for example, the feeding of fresh powder through the fresh powder supply lines 16 and 18 to be automatically stopped as long as there is sufficient recovery powder in the cyclone separator 48 to feed recovery powder to the powder chamber 22 in a sufficient amount reguired for the spray coating 
<!-- EPO <DP n="14"/>-->
operation by means of the spraying devices 40. If there is no longer sufficient recovery powder in the cyclone separator 48, it is possible to switch over automatically to the feeding of fresh powder through the fresh powder supply lines 16 or 18. Furthermore, there is also the possibility of feeding fresh powder and recovery powder to the optionally provided screening device 10 or the pump chamber 22 at the same time, so that they are mixed with each other. </p><p id="p0036" num="0036">The exhaust air of the cyclone separator 48 passes by way of an exhaust-air line 54 into an after-filtering device 56 and through one or more filter elements 58 therein to the blower 46 and after that into the outside atmosphere. The filter elements 58 may be filter bags or filter cartridges or filter plates or similar filter elements. The powder separated from the stream of air by means of the filter elements 58 is normally waste powder and falls by gravitational force into a waste container or, as shown in Figure 1, may be conveyed by way of one or more waste lines 60, which each contain a powder pump 4, into a waste container 62 at a waste station 63. Depending on the kind of powder and the powder coating conditions, the waste powder may also be recovered again, to re-enter the coating cycle. This is schematically represented in Figure 1 by diverters 59 and branch lines 61 of the waste lines 60. </p><p id="p0037" num="0037">In the case of multi-color operation, in which different colors are respectively sprayed only for a short time, the cyclone separator 48 and the after- filtering device 56 are usually used and the waste powder of the after-filtering device 56 passes into the waste container 62. Although the powder separating efficiency of the cyclone separator 48 is usually less than that of the after-filtering device 56, it can be cleaned more guickly than the after-filtering device 
<!-- EPO <DP n="15"/>-->
56. In the case of single-color operation, in which the same powder is used for a long time, it is possible to dispense with the cyclone separator 48 and to connect the excess powder line 44 to the after-filtering device 56 instead of the exhaust-air line 54, and to connect the waste lines 60, which in this case contain powder to be recovered, as recovery powder lines by way of the optionally provided screening device 10 or directly to the powder container 24. </p><p id="p0038" num="0038">In the case of single-color operation, the cyclone separator 48 is usually only used in combination with the after-filtering device 56 when a problematic coating powder is involved. In this case, only the recovery powder of the cyclone separator 48 is fed by way of the powder recovery line 50 and optionally by way of the screening device 10 or directly to the screen unit 71 integrated in the powder chamber 22 (cf. Figure 3), while the waste powder of the after- filtering device 56 passes as waste into the waste container 62 or into some other waste container, which latter can be placed directly under an outlet opening of the after-filtering device 56 without waste lines 60. </p><p id="p0039" num="0039">The lower end of the cyclone separator 48 may have an outlet valve 64, for example a pinch valve. Furthermore, a fluidizing device 66 for fluidizing the coating powder may be provided above this outlet valve 64, in or at the lower end of the lower end portion 48- 2, formed as a storage container, of the cyclone separator 48. The fluidizing device 66 contains at least one fluidizing wall 80 of a material which has open pores or is provided with narrow bores and is permeable to compressed air but not to coating powder. The fluidizing wall 80 is arranged between the powder path and a fluidizing compressed-air chamber 81. The fluidizing compressed-air chamber 81 can be connected 
<!-- EPO <DP n="16"/>-->
to the compressed air source 6 by way of a pressure setting element 8. </p><p id="p0040" num="0040">The fresh powder line 16 and/or 18 may be connected in terms of flow at its upstream end, either directly or through the powder pump 4, to a powder conveying tube 99, which can be immersed in the supplier's container 12 or 14 for sucking out fresh coating powder. The powder pump 4 may be arranged at the beginning, at the end or in between in the fresh powder line 16 or 18 or at the upper or lower end of the powder conveying tube 99. </p><p id="p0041" num="0041">Figure 1 shows as a small fresh-powder container a fresh-powder powder sack 12 in a sack receiving hopper 94. The powder sack 12 is kept in a defined form by the sack receiving hopper 94, the sack opening being located at the upper end of the sack. The sack receiving hopper 94 may be arranged on a balance or weighing sensors 96. This balance or the weighing sensors 96 may, depending on the type, produce an optical display and/or generate an electrical signal, which after deducting the weight of the sack receiving hopper 94 corresponds to the weight, and conseguently also the amount, of the coating powder in the small container 12. At least one vibrating vibrator 98 is preferably arranged on the sack receiving hopper 94. </p><p id="p0042" num="0042">Two or more small containers 12 each in a sack receiving hopper 94 and/or two or more large containers 14, which can be alternatively used, may be provided. As a result, a guick change from one to another small container 12 or large container 14 is possible. Although not shown in Figure 1, it is provided according to the invention that the powder container 24 is assigned a screen insert 70, which is described below with reference to the representations in Figures 3 and 4. This screen insert 70 has a screen unit 71 for 
<!-- EPO <DP n="17"/>-->
screening coating powder and an ultrasonic transducer 72 for generating ultrasonic vibrations, the screen unit 71 being connected to the ultrasonic transducer 72 in such a way that the ultrasonic vibrations generated by the ultrasonic transducer 72 can be transferred to the screen unit 71. The screen insert 70 is assigned a screen carrier 73, which can be placed onto the powder container 24 and serves for holding the ultrasonic transducer 72, with the screen unit 71 connected thereto, in such a way that the screen unit 71 is arranged below the screen carrier 73, so that the screen unit 71 is within the powder chamber 22 of the powder container 24 when the screen carrier 73 has been placed onto the powder container 24. </p><p id="p0043" num="0043">In the case of the embodiments represented in Figures 3, 4 and 5a-c, the screen carrier 73 of the screen insert 70 is in each case configured as a cover 23, matching the powder container 24, and is placed or able to be placed onto the powder container 24 in such a way that the screen unit 71 of the screen insert 70 is inside the powder chamber 22 defined by the powder container 24. An exemplary embodiment of a powder container 24 of a powder supplying device for a powder coating installation 1 is described in detail below with reference to the representations in Figures 2 and 3. The powder container 24 shown in Figure 3 is suitable in particular as a component part of the powder coating installation 1 described above with reference to the representation in Figure 1. </p><p id="p0044" num="0044">As represented in Figure 2, the exemplary embodiment is a powder container 24 which is closed or can be closed with a cover 23, the cover 23 preferably being able to be connected to the powder container 24 by way of a guickly releasable connection. Specifically, in the case of the powder container 24 according to Figure 2 
<!-- EPO <DP n="18"/>-->
 - li <sup>¬</sup> lt is provided that the entire upper top wall 90 of the powder container 24 can be removed in order to open the powder container 24. Accordingly, in the case of the embodiment shown in Figure 2, the entire upper top wall 90 of the powder container 24 represents the powder container cover 23. As described below with reference to Figure 3, it is also conceivable, however, that an opening 91 for receiving a container cover 23 is formed in the upper top wall or covering surface 90. In the case of this modification, conseguently, it is not the entire upper top wall 90 of the powder container 24 that represents the powder container cover 23, but the component that fits in the container cover opening 91 to close it. </p><p id="p0045" num="0045">The powder containers 24 represented in Figure 2 and Figure 3 each have a substantially cuboidal powder chamber 22 for receiving coating powder. Provided in a side wall 24-3 of the powder container 24 is at least one cleaning compressed-air inlet 32, to which a compressed air source 6 can be connected in a cleaning mode of the powder coating installation 1 for removing residual powder from the powder chamber 22 by way of a compressed-air line, in order to introduce cleaning compressed air into the powder chamber 22. Also provided on the already mentioned side wall 24-3 of the powder container 24 is a residual powder outlet 33, which has an outlet opening by way of which residual powder can be driven out of the powder chamber 22 in the cleaning mode of the powder coating installation 1 with the aid of the cleaning compressed air introduced into the powder chamber 22. </p><p id="p0046" num="0046">In the case of the exemplary embodiment represented in Figure 2, it is provided that the inlet opening of the cleaning compressed-air inlet 32 serves in the powder coating mode of the powder coating installation 1 as a powder inlet opening to which there can be connected, outside the powder chamber 22, powder supply lines 20, 
<!-- EPO <DP n="19"/>-->
20' for the feeding, as and when reguired, of coating powder into the powder chamber 22. Of course, it is also conceivable, however, to provide in addition to the cleaning compressed-air inlet 32 one or more separate powder inlets 20-1, 20-2 in the case of the powder chamber 24 according to Figure 2. </p><p id="p0047" num="0047">In this connection, reference should be made to the representation in Figure 3. In the case of this embodiment - as also in the case of the powder container according to Figure 2 - at least one cleaning compressed-air inlet 32 is provided in a side wall 24-3 of the powder container 24. In addition to this there is in the upper covering surface 90 of the powder container 24 at least one powder feed opening 20-1, 20- 2, which is connected or can be connected to a powder supply line 20, 20', for feeding coating powder, in particular fresh powder and/or recovery powder, to the powder chamber 22, defined by the powder container 24. </p><p id="p0048" num="0048">Of course, however, it is also conceivable that, in the powder coating mode of the powder coating installation 1, both recovery powder and fresh powder can be fed, as and when reguired, by way of the inlet opening from one and the same powder inlet 20-2, 20-1. </p><p id="p0049" num="0049">In the case of both embodiments represented in Figure 2 and Figure 3, a fluidizing device 30 for introducing fluidized compressed air into the corresponding powder chamber 22 is preferably provided in each case. The fluidizing compressed air may be introduced into the powder chamber 22 through an end wall, longitudinal side wall, bottom wall or top wall. According to the embodiment represented, the bottom wall 24-2 of the powder chamber 22 is formed as a fluidizing bottom. It has a multiplicity of open pores or small through- openings, through which fluidizing compressed air from a fluidizing compressed-air chamber arranged underneath the bottom wall can flow upward into the powder chamber 
<!-- EPO <DP n="20"/>-->
22, in order therein to put the coating powder into a suspended state (fluidize it) in the powder coating mode of the powder coating installation 1, in order that it can easily be sucked out with the aid of a powder discharge device. The fluidizing compressed air is fed to the fluidizing compressed-air chamber through a fluidizing compressed-air inlet. </p><p id="p0050" num="0050">In order that, during the operation of the fluidizing device 30, the pressure within the powder chamber 22 does not exceed a previously specified maximum pressure, the powder chamber 22 has at least one fluidizing compressed-air outlet 31 with an outlet opening for removing the fluidizing compressed air introduced into the powder chamber 22 and for bringing about a pressure egualization . In particular, the outlet opening of the at least one fluidizing compressed-air outlet 31 should be dimensioned in such a way that, during the operation of the fluidizing device 30, there is in the powder chamber 22 a positive pressure of at most 0.5 bar with respect to atmospheric pres sure . </p><p id="p0051" num="0051">In the case of the embodiments represented in Figures 2 and 3, the outlet opening of the residual powder outlet 33 is identical in each case to the outlet opening of the fluidizing compressed-air outlet 31. Of course, however, it is also possible that the fluidizing compressed-air outlet 31 is, for example, provided in the cover 23 or in the upper top wall 90 of the powder container 24. </p><p id="p0052" num="0052">As revealed particularly by the representation in Figure 2, in the case of the embodiment shown the fluidizing compressed-air outlet 31 has a venting line, which is connected or can be connected outside the powder chamber 22 to a rising pipe 27, in order to prevent a powder emission from the powder chamber 22 
<!-- EPO <DP n="21"/>-->
during the powder coating operation of the powder coating installation 1. </p><p id="p0053" num="0053">For removing the fluidizing compressed air introduced into the powder chamber 22, it is also conceivable to provide a venting line which preferably protrudes into the upper region of the powder chamber 22. The protruding end of the venting line may protrude into an intake funnel of an extraction installation. This extraction installation may be configured for example as a booster (air mover) . A booster, which is also known as an "air mover", operates on the basis of the Coanda effect and reguires for its drive customary compressed air, which must be supplied in a small amount. This amount of air has a higher pressure than the ambient pressure. The booster produces in the intake funnel an air flow of high velocity, with great volume and low pressure. Therefore, a booster is particularly well suited in connection with the venting line or the fluidizing compressed-air outlet 31. </p><p id="p0054" num="0054">In the case of the exemplary embodiment represented in Figure 2 and Figure 3, the powder container 24 has in each case a contactlessly operating level sensor SI, S2, in order to detect the maximum permissible powder level in the powder chamber 22. It is conceivable here to provide a further level sensor, which is arranged with regard to the powder container 24 in such a way as to detect a minimum powder level and, as soon as the powder reaches or falls below this minimum level, to emit a corresponding message to a control device 3, in order to feed fresh powder or recovery powder to the powder chamber 22, preferably automatically, by way of the inlet opening of the at least one powder inlet 20- 1, 20-2. </p><p id="p0055" num="0055">Preferably, the level sensor SI, S2 for detecting the powder level in the powder chamber 22 is a contactlessly operating level sensor and is arranged 
<!-- EPO <DP n="22"/>-->
outside the powder chamber 22, separate from it. As a result, soiling of the level sensor SI, S2 is prevented. The level sensor SI, S2 generates a signal when the powder level has reached a certain height. It is also possible for a number of such powder level sensors SI, S2 to be arranged at different heights, for example for detecting predetermined maximum levels and for detecting a predetermined minimum level. The signals of the at least one level sensor SI, S2 are preferably used for controlling an automatic powder supply of coating powder through the powder inlets 20- 1, 20-2 into the powder chamber 22, in order to maintain a predetermined level or a predetermined level range therein even during the time period while the injectors 111 are sucking coating powder out of the powder chamber 22 and pneumatically conveying it to spraying devices 40 (or into other containers). During such a powder spray coating mode, cleaning compressed air is not conducted into the powder chamber 22, or is conducted only with reduced pressure. </p><p id="p0056" num="0056">As revealed by the representation in Figure 2 or in Figure 3, in the case of the exemplary embodiments it is respectively provided that in the bottom wall 24-2 of the powder container 24 there is provided a powder outlet 25, which can be opened with the aid of a pinch valve 21 in order, as and when reguired, to remove coating powder from the powder chamber 22, preferably by gravitational force. This is reguired in particular whenever, in the event of a change of color or powder, coating powder of the old kind is still present in the powder chamber 22. </p><p id="p0057" num="0057">The powder container 24 shown in Figure 2 is eguipped with an injector 111, in order to convey coating powder to a spraying device 40 by way of a powder hose 38 connected to the output of the injector 111. Although 
<!-- EPO <DP n="23"/>-->
only one injector 111 is shown in Figure 2 for reasons of clarity, it goes without saying that a multiplicity of injectors 111 may be connected to the powder container 24, each conveying coating powder to one or more spraying devices 40 by way of a powder hose 38. Instead of injectors 111, other types of powder discharge device may be used, for example powder pumps. </p><p id="p0058" num="0058">As represented in Figure 2 and Figure 3, corresponding powder discharge openings 36 are provided in the chamber walls 24-3 and 24-4 of the respective powder container 24. In the case of the embodiments represented, it is provided that each of the powder discharge openings 36 is connected or can be connected in terms of flow to an associated injector 111 of the powder conveying device 110, in order in the powder coating mode of the powder coating installation 1 to be able to suck coating powder out of the powder chamber 22 and feed it to the spraying devices 40. The powder discharge openings 36 preferably have an elliptical form, so that the effective area for the intake of fluidized coating powder is increased. </p><p id="p0059" num="0059">The powder discharge openings 36 are arranged as deeply as possible in the powder chamber 22, in order to be able as far as possible to suck out all of the coating powder from the powder chamber 22 by means of the injectors 111. The injectors 111 are preferably located at a point higher than the highest powder level and are respectively connected to one of the powder discharge openings 36 by a powder discharge or powder intake channel 100. The powder discharge openings 36 correspond here to the powder intake openings of the powder intake channels 100. The fact that the injectors 111 are arranged higher than the maximum powder level avoids the coating powder rising up out of the powder chamber 22 into the injectors 111 when the injectors 111 are not switched on. 
<!-- EPO <DP n="24"/>-->
As represented in Figure 2, each injector 111 has a conveying gas connection 113 for conveying gas, in particular conveying compressed air, which generates a negative pressure in a negative pressure region of the injector 111 and thereby sucks coating powder through a powder intake opening 36 and the associated powder intake channel 100 out of the powder chamber 22 and then conveys it through a jet-receiving nozzle 112 (powder output) through a powder hose 38 to a receiving point, which may be said spraying device 40 or a further powder container 24. To assist powder conveyance, the injector 111 may be provided with a metering gas or additional gas connection 114 for the feeding of metering gas or additional gas (preferably compressed air) into the stream of conveying air and powder at the powder output . </p><p id="p0060" num="0060">In the case of the embodiments represented in Figure 2 and Figure 3, a multiplicity of injectors 111 may be used, the powder intake channels 100 of the multiplicity of injectors 111 being formed within two opposing side walls 24-3, 24-4 of the powder container 24. Of course, however, it is also conceivable that the powder intake channels 100 are not formed in side walls of the powder container 24 but are formed as powder intake tubes . </p><p id="p0061" num="0061">Possible embodiments of the solution according to the invention are described below with reference to the representations in Figures 3 to 5c. Specifically, the powder container 24 according to Figure 2 is shown in Figure 3 in a perspective sectional view, although, unlike the powder container represented in Figure 2, in the case of the embodiment shown in Figure 3a screen insert 70 according to the present invention is used. </p><p id="p0062" num="0062">As shown, the screen insert 70 has a screen unit 71, which has a screen frame 76, surrounding a screen area S, and a screen 77, held by the screen frame 76. In the 
<!-- EPO <DP n="25"/>-->
case of the embodiment represented, the screen 77 is a screen mesh with a previously specifiable or specified mesh width, the screen mesh preferably being releasably fastened to the screen frame 76. </p><p id="p0063" num="0063">The screen insert 70 according to the invention also has a screen carrier 73. In the case of the embodiment represented, the screen carrier is configured as a container cover 23, matching the powder container 24 and inserted in the container cover opening 91 of the powder container 24. In the inserted state, the screen carrier 73, configured as a container cover 23, is releasably fixed in the container cover opening 91 of the powder container 24 with the aid of a vertical clamping means 75. </p><p id="p0064" num="0064">The screen insert 70 according to the invention also has an ultrasonic transducer 72, which can be connected to an ultrasonic generator (not represented) . The ultrasonic transducer 72 is connected accessibly from the outside to the screen carrier 73 configured as a container cover 23. In the embodiment represented, the lower end portion of the ultrasonic transducer 72 is inserted in a bore provided in the screen carrier 73 and is fixed there, for example by adhesive bonding. Of course, however, it is also conceivable to connect the ultrasonic transducer 72 releasably to the screen carrier 73. For example, the ultrasonic transducer 72 may have a threaded portion and be able to be screwed into a corresponding counter-thread provided in the screen carrier 73. </p><p id="p0065" num="0065">As revealed particularly by the representation in Figure 4, the screen unit 71, and in particular the screen frame 76 of the screen unit 71, is connected to the ultrasonic transducer 72 by way of a substantially L-shaped angle connection 74. Specifically, the connection between the ultrasonic transducer 72 and the screen unit 71 is chosen such that the ultrasonic 
<!-- EPO <DP n="26"/>-->
vibrations generated by the ultrasonic transducer 72 can be transferred as optimally as possible, i.e. free from loss, to the screen unit 71. The invention is distinguished by the fact that the screen insert 70 is configured in the form of a compact component which can be inserted into any desired powder container 24 without the powder container 24 having to be structurally modified for this. It is merely reguired to remove the standard cover 23 or the upper top wall 90 of the powder container 24 and insert the screen carrier 73, configured as a container cover 23, into the cover opening 91 of the powder container 24. In the inserted state (cf. Figure 3), the screen unit 71 is then integrated within the powder chamber 22, formed by the powder container 24. </p><p id="p0066" num="0066">In the case of the embodiment represented in Figure 3, the screen insert 70 according to the invention is used in the case of a fluidized powder container 24. As also described above with reference to the representation in Figure 2, the powder container 24 represented in Figure 3 has in particular a fluidizing device 30, by way of which fluidizing compressed air is introduced, as and when reguired, into the powder chamber 22. Furthermore, an outlet 31, leading out of the powder chamber 22, is provided in order to be able, for the purpose of a pressure egualization, to remove the fluidizing compressed air that has possibly been introduced into the powder chamber 22. Although, in the case of the embodiment represented in Figure 3, the fluidizing compressed-air outlet 31 is provided in a side wall of the powder container 24, it is of course also conceivable to arrange the fluidizing compressed-air outlet in the upper top wall 90 of the powder container 24. </p><p id="p0067" num="0067">In the case of the embodiment represented in Figure 3, the powder chamber 22 of the powder container 24 is fed 
<!-- EPO <DP n="27"/>-->
coating powder by way of two powder feed openings 20-1 and 20-2 configured separately from each other. The powder feed openings 20-1 and 20-2 are respectively provided in the top wall 90 of the powder container 24. Specifically, the powder feed opening 20-1 serves for the feeding of fresh powder, while the powder feed opening 20-2 is used for the feeding of recovery powder. For this purpose, the two powder feed openings 20-1 and 20-2 are each connected to a corresponding powder supply line 20 and 20', respectively. </p><p id="p0068" num="0068">In Figure 5a, the powder container 24 according to Figure 3 is shown in a plan view. A comparison of the representations in Figures 3 and 4a shows that the screen unit 71 is dimensioned and the powder feed opening 20-1 for the feeding of fresh powder is arranged with regard to the screen unit 71 in such a way that the fresh powder fed by way of the fresh- powder feed opening 20-1 does not fall onto the screen area S of the screen unit 71. Only the recovery-powder feed opening 20-2 is arranged with regard to the screen unit 71 in such a way that the recovery powder fed by way of the recovery-powder feed opening 20-2 falls onto the screen area of the screen unit 71. </p><p id="p0069" num="0069">It is of course also optionally conceivable in this respect, however, that both the recovery powder and the fresh powder are screened by the screen unit 71. In this case, the fresh-powder feed opening 20-1 should be arranged in the top wall of the powder chamber 22 in such a way that the fresh powder fed by way of the fresh-powder feed opening 20-1 also falls onto the screen area S of the screen unit 71 (cf . Figure 5b) . On the other hand, it is also conceivable - as represented in Figure 5c - that only the fresh powder but not the recovery powder is fed to the screen area S. Accordingly, it is also only the fresh-powder feed opening that is arranged with regard to the screen unit 
<!-- EPO <DP n="28"/>-->
71 in such a way that the fed fresh powder falls onto the screen area S. </p><p id="p0070" num="0070">In Figure 5d, a powder container 24 with a conventional standard powder container cover 23 is represented in a plan view. A comparison with the representations in Figures 5a to 5c shows directly that the standard powder container cover 23 has the same dimensions as the screen carrier 73 configured as a carrier plate. </p><p id="p0071" num="0071">On the other hand, however, it is also possible that the screen carrier 73 of the screen unit 70 is made compatible with the upper top wall 90 of the powder container 24. In such a case, a conventional powder container 24, such as that shown for example in Figure 2, can be easily retrofitted with a screen unit 70, that is by the screen carrier 73, configured as a carrier plate and comprising the ultrasonic transducer</p><p id="p0072" num="0072">72 and the screen unit 71, being connected, preferably releasably connected (screwed), to the side walls 24-1,</p><p id="p0073" num="0073">24-2, 24-3, 24-4 of the powder container 24 instead of the upper top wall 90, provided as standard, of the powder container 24. In this case, it is also conceivable that at least one powder feed opening 20-1, 20-2, which is connected or can be connected to a powder supply line 20, 20', is formed in the screen carrier 73, configured as a carrier plate, for the feeding, as and when reguired, of coating powder, in particular fresh powder and/or recovery powder, to the powder chamber 22. </p><p id="p0074" num="0074">To make it possible for the screen unit 70 or the screen carrier 73 to be inserted as easily as possible in the container cover opening 91, corresponding handles 79 are preferably provided on the screen carrier 73. </p><p id="p0075" num="0075">To sum up, the invention proposes an ultrasonic screen or ultrasonic screen insert which can be integrated as 
<!-- EPO <DP n="29"/>-->
an operational unit in a container - preferably a fluidized powder container. In the case of the exemplary embodiment, the ultrasonic screen insert 70 is installed in the powder container 24 of a powder coating installation 1. However, the ultrasonic screen insert 70 according to the invention is suitable for any desired fluidized or non-fluidized powder container . A fundamental idea of the invention is that a compact ultrasonic screen unit 71 can be accommodated in a fluidized powder container 24. The open construction of the ultrasonic screen unit 71 has the effect of creating an automatic pressure egualization in the vented powder container 24. Trouble-free and consistent powder application is thereby ensured. </p><p id="p0076" num="0076">The feeding of fresh powder and recovery powder can take place in different variants . </p><p id="p0077" num="0077">The present invention achieves high-guality screening of the coating powder even in the case of guick color- changing systems with a cyclone separator. All of the screening devices 10 that were previously accommodated in the lower powder run-out region of the cyclone separator or in the powder supply line to the powder container 24 can be eliminated by the provision of the screen unit 70 according to the invention. Relocating the screen unit 71 from the run-out region of the cyclone separator or from the powder supply line into the fluidized powder container 24 achieves the effect of increasing the guality of the powder. In this way, the screening of the powder takes place directly upstream of the injectors 111. As a result, possible contaminants or, for example, platelets or agglomerations of powder that may occur as a result of mechanical action during the conveying of coating powder can be kept back before the injectors 111 in the screen 77. 
<!-- EPO <DP n="30"/>-->
In addition to this, when ultrasonic screens 77 are used, the screen mesh widths of the screens can be kept very small in comparison with conventional vibration screens . The consequence is a significant increase in the quality of the powder. </p><p id="p0078" num="0078">This invention also provides the latter in the case of quick color-changing systems with a cyclone separator . The compact construction of this ultrasonic screen insert allows very little expenditure of time to be required for cleaning in the event of a change of color . </p><p id="p0079" num="0079">The invention is not restricted to the embodiments represented in the drawings, but is made up of all the features disclosed herein considered together. 
</p></description><claims mxw-id="PCLM44725844" ref-ucid="WO-2012116136-A1" lang="EN" load-source="patent-office"><claim id="clm-0001" num="0001"><!-- EPO <DP n="31"/>--><claim-text/><claim-text>Patent claims </claim-text><claim-text>A screen insert (70) for a powder container (24) of a powder supplying device, the screen insert (70) having a screen unit (71) for screening coating powder and an ultrasonic transducer (72) for generating ultrasonic vibrations, the screen unit</claim-text><claim-text>(71) being connected to the ultrasonic transducer</claim-text><claim-text>(72) in such a way that the ultrasonic vibrations generated by the ultrasonic transducer (72) can be transferred to the screen unit (71), </claim-text><claim-text>characterized in that </claim-text><claim-text>a screen carrier (73) which can be placed onto the powder container (24) is also provided, for holding the ultrasonic transducer (72), with the screen unit (71) connected thereto, in such a way that the screen unit (71) is arranged below the screen carrier (73), so that the screen unit (71) is inside a powder chamber (22), formed by the powder container (24), when the screen carrier (73) has been placed onto the powder container (24) . </claim-text><claim-text>The screen insert (70) as claimed in claim 1, the screen unit (71) being connected to the ultrasonic transducer (72) by way of an angle connection ( 74 ) . </claim-text><claim-text>The screen insert (70) as claimed in claim 1 or 2, a fastening device (75) also being provided, in particular a quick-action clamping means, such as for instance a vertical clamping means, for releasably fixing the screen carrier (73) in the state in which it has been placed onto the powder container (24). </claim-text><claim-text>The screen insert (70) as claimed in one of claims 1 to 3, 
<!-- EPO <DP n="32"/>-->
 the screen carrier (73) being formed as a container cover (23), matching the powder container (24), for covering at least certain regions of the powder container (24). </claim-text><claim-text>The screen insert (70) as claimed in one of claims 1 to 4, </claim-text><claim-text> the screen unit (71) having a screen frame (76), surrounding a screen area (S), and a screen (77), held by the screen frame (76), the ultrasonic transducer (72) being connected to the screen frame (76) . </claim-text><claim-text>The screen insert (70) as claimed in claim 5, the screen (77) comprising a screen mesh with a previously specifiable or specified mesh width, the screen mesh preferably being releasably fastened to the screen frame (76) . </claim-text><claim-text>The screen insert (70) as claimed in one of claims 1 to 6, </claim-text><claim-text> the screen carrier (73) being formed as a container cover (23), matching the powder container (24), and having at least one first powder feed opening (20- 1, 20-2), which is connected or can be connected to a powder supply line (20, 20'), for feeding coating powder, in particular fresh powder and/or recovery powder, to the powder chamber (22), defined by the powder container (24), when the screen carrier (73) has been placed onto the powder container (24) . </claim-text><claim-text>8. The screen insert (70) as claimed in claim 7, </claim-text><claim-text> the at least one first powder feed opening (20-1, 20-2) being arranged above the screen unit (71) in such a way that the powder fed by way of the powder feed opening (20-1, 20-2) falls onto the screen area (S) of the screen unit (71) . 
<!-- EPO <DP n="33"/>-->
The screen unit (70) as claimed in one of Claims 1 to 8, </claim-text><claim-text>the screen carrier (73) being formed as a container cover (23), matching the powder container (24), and having at least one second powder feed opening (20- 1, 20-2), which is connected or can be connected to a powder supply line (20, 20'), for feeding coating powder, in particular fresh powder and/or recovery powder, to the powder chamber (22), defined by the powder container (24), when the screen carrier (73) has been placed onto the powder container (24); </claim-text><claim-text>the screen unit (71) being dimensioned and the at least one second powder feed opening (20-1, 20-2) being arranged with regard to the screen unit (71) in such a way that the powder fed by way of the powder feed opening (20-1, 20-2) does not fall onto the screen area (S) of the screen unit (71) . </claim-text><claim-text>A powder supplying device for a powder coating installation (1) with at least one powder container</claim-text><claim-text>(24), which has a powder chamber (22) for coating powder, the at least one powder container (24) being assigned a screen insert (70) as claimed in one of Claims 1 to 9, the screen carrier (73) of the screen insert (70) being configured as a container cover (23), matching the powder container</claim-text><claim-text>(24), and being placed or able to be placed onto the powder container (24) in such a way that the screen unit (71) of the screen insert (70) is inside the powder chamber (22) defined by the powder container (24) . </claim-text><claim-text>The powder supplying device as claimed in claim 10, the at least one powder container (24) having a fluidizing device (30) for introducing fluidizing compressed air into the powder chamber (22), and the at least one powder container (24) having at least one outlet (31, 33), leading out of the powder chamber (22), for discharging fluidizing 
<!-- EPO <DP n="34"/>-->
compressed air introduced into the powder chamber (22) . </claim-text><claim-text>The powder supplying device as claimed in claim 10 or 11, </claim-text><claim-text>the powder container (24) having an upper covering surface (90), in which an opening (91) for receiving a container cover (23) is formed, the screen carrier (73) being formed as a container cover (23) fitting into the container cover opening (91); and </claim-text><claim-text>at least one first powder feed opening (20-1, 20- 2), which is connected or can be connected to a powder supply line (20, 20'), being formed in the upper covering surface (90) of the powder container (24) for feeding coating powder, in particular fresh powder and/or recovery powder, to the powder chamber (22) defined by the powder container (24) . </claim-text><claim-text>The powder supplying device as claimed in claim 12, the screen unit (71) being dimensioned and the at least one first powder feed opening (20-1, 20-2) being arranged with regard to the screen unit (71) in such a way that the powder fed by way of the powder feed opening (20-1, 20-2) falls onto the screen area (S) of the screen unit (71) . </claim-text><claim-text>The powder supplying device as claimed in one of claims 10 to 13, </claim-text><claim-text>the powder container (24) having an upper covering surface (90), in which an opening for receiving a container cover (23) is formed, the screen carrier (73) being formed as a container cover (23) fitting into the container cover opening (91); </claim-text><claim-text>at least one second powder feed opening (20-1, 20- 2), which is connected or can be connected to a powder supply line (20, 20'), being formed in the upper covering surface (90) of the powder container (24) for feeding coating powder, in particular 
<!-- EPO <DP n="35"/>-->
fresh powder and/or recovery powder, to the powder chamber (22) defined by the powder container (24); and </claim-text><claim-text>the screen unit (71) being dimensioned and the at least one second powder feed opening (20-1, 20-2) being arranged with regard to the screen unit (71) in such a way that the powder fed by way of the powder feed opening (20-1, 20-2) does not fall onto the screen area (S) of the screen unit (71) . 
</claim-text></claim></claims><copyright>User acknowledges that Fairview Research LLC and its third party providers retain all right, title and interest in and to this xml under applicable copyright laws.  User acquires no ownership rights to this xml including but not limited to its format.  User hereby accepts the terms and conditions of the Licence Agreement</copyright></patent-document>
