<?xml version="1.0" encoding="UTF-8"?>
<patent-document ucid="EP-2958962-A1" country="EP" doc-number="2958962" kind="A1" date="20151230" family-id="47747467" file-reference-id="318326" date-produced="20180825" status="corrected" lang="EN"><bibliographic-data><publication-reference fvid="160453305" ucid="EP-2958962-A1"><document-id><country>EP</country><doc-number>2958962</doc-number><kind>A1</kind><date>20151230</date><lang>EN</lang></document-id></publication-reference><application-reference ucid="EP-14702847-A" is-representative="NO"><document-id mxw-id="PAPP193869578" load-source="patent-office" format="original"><country>EP</country><doc-number>14702847.6</doc-number><date>20140205</date><lang>EN</lang></document-id><document-id mxw-id="PAPP193869579" load-source="docdb" format="epo"><country>EP</country><doc-number>14702847</doc-number><kind>A</kind><date>20140205</date><lang>EN</lang></document-id></application-reference><priority-claims><priority-claim mxw-id="PPC162031783" ucid="EP-13155811-A" load-source="docdb"><document-id format="epo"><country>EP</country><doc-number>13155811</doc-number><kind>A</kind><date>20130219</date></document-id></priority-claim><priority-claim mxw-id="PPC162036091" ucid="EP-14702847-A" load-source="docdb"><document-id format="epo"><country>EP</country><doc-number>14702847</doc-number><kind>A</kind><date>20140205</date></document-id></priority-claim><priority-claim mxw-id="PPC162026723" ucid="EP-2014052196-W" linkage-type="W" load-source="docdb"><document-id format="epo"><country>EP</country><doc-number>2014052196</doc-number><kind>W</kind><date>20140205</date></document-id></priority-claim></priority-claims><technical-data><classifications-ipcr><classification-ipcr mxw-id="PCL-1988525335" load-source="docdb">C09B  67/22        20060101AFI20140910BHEP        </classification-ipcr></classifications-ipcr><classifications-cpc><classification-cpc mxw-id="PCL-1909538700" load-source="docdb" scheme="CPC">C09B  67/0042      20130101 LI20160810BHEP        </classification-cpc><classification-cpc mxw-id="PCL-1909538701" load-source="docdb" scheme="CPC">C09B  67/0052      20130101 LI20160810BHEP        </classification-cpc><classification-cpc mxw-id="PCL-1909538702" load-source="docdb" scheme="CPC">C09B  67/0047      20130101 LI20160810BHEP        </classification-cpc><classification-cpc mxw-id="PCL-1987766865" load-source="docdb" scheme="CPC">C09B  45/485       20130101 LI20151212BHEP        </classification-cpc><classification-cpc mxw-id="PCL-1987772080" load-source="docdb" scheme="CPC">C09B  29/3604      20130101 LI20151212BHEP        </classification-cpc><classification-cpc mxw-id="PCL-1987793225" load-source="docdb" scheme="CPC">D06P   1/0096      20130101 FI20151212BHEP        </classification-cpc></classifications-cpc><invention-title mxw-id="PT165551381" lang="DE" load-source="patent-office">MISCHUNGEN AUS REAKTIVEN FARBSTOFFEN UND DEREN VERWENDUNG IN EINEM VERFAHREN FÜR DI- ODER TRICHROMATISCHES FÄRBEN ODER DRUCKEN</invention-title><invention-title mxw-id="PT165551382" lang="EN" load-source="patent-office">MIXTURES OF REACTIVE DYES AND THEIR USE IN A METHOD OF DI- OR TRICHROMATIC DYEING OR PRINTING</invention-title><invention-title mxw-id="PT165551383" lang="FR" load-source="patent-office">MÉLANGES DE TEINTES RÉACTIVES ET LEUR UTILISATION DANS UN PROCÉDÉ DE TEINTURE OU D'IMPRESSION DI- OU TRICHROMATIQUE</invention-title></technical-data><parties><applicants><applicant mxw-id="PPAR1103334778" load-source="docdb" sequence="1" format="epo"><addressbook><last-name>HUNTSMAN ADV MAT SWITZERLAND</last-name><address><country>CH</country></address></addressbook></applicant><applicant mxw-id="PPAR1103332501" load-source="docdb" sequence="1" format="intermediate"><addressbook><last-name>HUNTSMAN ADVANCED MATERIALS (SWITZERLAND) GMBH</last-name></addressbook></applicant><applicant mxw-id="PPAR1101649217" load-source="patent-office" sequence="1" format="original"><addressbook><last-name>Huntsman Advanced Materials (Switzerland) GmbH</last-name><iid>100142709</iid><address><street>Klybeckstrasse 200</street><city>4057 Basel</city><country>CH</country></address></addressbook></applicant></applicants><inventors><inventor mxw-id="PPAR1103308834" load-source="docdb" sequence="1" format="epo"><addressbook><last-name>MUELLER ALEXANDER</last-name><address><country>DE</country></address></addressbook></inventor><inventor mxw-id="PPAR1103304902" load-source="docdb" sequence="1" format="intermediate"><addressbook><last-name>MUELLER, ALEXANDER</last-name></addressbook></inventor><inventor mxw-id="PPAR1101639866" load-source="patent-office" sequence="1" format="original"><addressbook><last-name>MUELLER, ALEXANDER</last-name><address><street>Feldgartenstrasse 7</street><city>79576 Weil am Rhein</city><country>DE</country></address></addressbook></inventor><inventor mxw-id="PPAR1103306005" load-source="docdb" sequence="2" format="epo"><addressbook><last-name>HILDEBRAND RAINER</last-name><address><country>DE</country></address></addressbook></inventor><inventor mxw-id="PPAR1103326108" load-source="docdb" sequence="2" format="intermediate"><addressbook><last-name>HILDEBRAND, RAINER</last-name></addressbook></inventor><inventor mxw-id="PPAR1101647469" load-source="patent-office" sequence="2" format="original"><addressbook><last-name>HILDEBRAND, RAINER</last-name><address><street>Tüllingerstrasse 60</street><city>79539 Lörrach</city><country>DE</country></address></addressbook></inventor><inventor mxw-id="PPAR1103315701" load-source="docdb" sequence="3" format="epo"><addressbook><last-name>DA SILVA SARAIVA SANDRA</last-name><address><country>CH</country></address></addressbook></inventor><inventor mxw-id="PPAR1103315008" load-source="docdb" sequence="3" format="intermediate"><addressbook><last-name>DA SILVA SARAIVA, Sandra</last-name></addressbook></inventor><inventor mxw-id="PPAR1101652088" load-source="patent-office" sequence="3" format="original"><addressbook><last-name>DA SILVA SARAIVA, Sandra</last-name><address><street>Schützenmatte 1243</street><city>CH-5728 Gontenschwil</city><country>CH</country></address></addressbook></inventor><inventor mxw-id="PPAR1103316642" load-source="docdb" sequence="4" format="epo"><addressbook><last-name>MUNDLE WOLFGANG</last-name><address><country>DE</country></address></addressbook></inventor><inventor mxw-id="PPAR1103306119" load-source="docdb" sequence="4" format="intermediate"><addressbook><last-name>MUNDLE, WOLFGANG</last-name></addressbook></inventor><inventor mxw-id="PPAR1101651004" load-source="patent-office" sequence="4" format="original"><addressbook><last-name>MUNDLE, WOLFGANG</last-name><address><street>Meigerweg 3</street><city>79576 Weil am Rhein</city><country>DE</country></address></addressbook></inventor><inventor mxw-id="PPAR1103326216" load-source="docdb" sequence="5" format="epo"><addressbook><last-name>KNEUBUEHLER MARKUS</last-name><address><country>CH</country></address></addressbook></inventor><inventor mxw-id="PPAR1103302694" load-source="docdb" sequence="5" format="intermediate"><addressbook><last-name>KNEUBUEHLER, Markus</last-name></addressbook></inventor><inventor mxw-id="PPAR1101651921" load-source="patent-office" sequence="5" format="original"><addressbook><last-name>KNEUBUEHLER, Markus</last-name><address><street>Lerchenweg 51</street><city>CH-4123 Allschwil</city><country>CH</country></address></addressbook></inventor></inventors></parties><international-convention-data><pct-or-regional-filing-data ucid="EP-2014052196-W"><document-id><country>EP</country><doc-number>2014052196</doc-number><kind>W</kind><date>20140205</date><lang>EN</lang></document-id></pct-or-regional-filing-data><pct-or-regional-publishing-data ucid="WO-2014127994-A1"><document-id><country>WO</country><doc-number>2014127994</doc-number><kind>A1</kind><date>20140828</date><lang>EN</lang></document-id></pct-or-regional-publishing-data><designated-states><ep-contracting-states><country mxw-id="DS660724754" load-source="docdb">AL</country><country mxw-id="DS660638589" load-source="docdb">AT</country><country mxw-id="DS660792590" load-source="docdb">BE</country><country mxw-id="DS660714962" load-source="docdb">BG</country><country mxw-id="DS660746523" load-source="docdb">CH</country><country mxw-id="DS660792591" load-source="docdb">CY</country><country mxw-id="DS660638590" load-source="docdb">CZ</country><country mxw-id="DS660724760" load-source="docdb">DE</country><country mxw-id="DS660792592" load-source="docdb">DK</country><country mxw-id="DS660792593" load-source="docdb">EE</country><country mxw-id="DS660718164" load-source="docdb">ES</country><country mxw-id="DS660714967" load-source="docdb">FI</country><country mxw-id="DS660746524" load-source="docdb">FR</country><country mxw-id="DS660724761" load-source="docdb">GB</country><country mxw-id="DS660792594" load-source="docdb">GR</country><country mxw-id="DS660724762" load-source="docdb">HR</country><country mxw-id="DS660638603" load-source="docdb">HU</country><country mxw-id="DS660746525" load-source="docdb">IE</country><country mxw-id="DS660792595" load-source="docdb">IS</country><country mxw-id="DS660714968" load-source="docdb">IT</country><country mxw-id="DS660792596" load-source="docdb">LI</country><country mxw-id="DS660714969" load-source="docdb">LT</country><country mxw-id="DS660635034" load-source="docdb">LU</country><country mxw-id="DS660714970" load-source="docdb">LV</country><country mxw-id="DS660714975" load-source="docdb">MC</country><country mxw-id="DS660635039" load-source="docdb">MK</country><country mxw-id="DS660635040" load-source="docdb">MT</country><country mxw-id="DS660635041" load-source="docdb">NL</country><country mxw-id="DS660746526" load-source="docdb">NO</country><country mxw-id="DS660635042" load-source="docdb">PL</country><country mxw-id="DS660718165" load-source="docdb">PT</country><country mxw-id="DS660636433" load-source="docdb">RO</country><country mxw-id="DS660718166" load-source="docdb">RS</country><country mxw-id="DS660635047" load-source="docdb">SE</country><country mxw-id="DS660724768" load-source="docdb">SI</country><country mxw-id="DS660746563" load-source="docdb">SK</country><country mxw-id="DS660746564" load-source="docdb">SM</country><country mxw-id="DS660792597" load-source="docdb">TR</country></ep-contracting-states><ep-extended-states><ep-extended-state-data><country>BA</country></ep-extended-state-data><ep-extended-state-data><country>ME</country></ep-extended-state-data></ep-extended-states></designated-states></international-convention-data><office-specific-data><eptags><ep-no-a-document-published>*</ep-no-a-document-published></eptags></office-specific-data></bibliographic-data><abstract mxw-id="PA139079244" ref-ucid="WO-2014127994-A1" lang="EN" load-source="patent-office"><p num="0000">A dye mixture, comprising at least one blue dyeing dye of the formula (1), wherein Q<sub>1 </sub>represents a bivalent radical of formula (4a), (4b) or (4c), wherein X<sub>1 </sub>denotes chlorine or fluorine, R<sub>1</sub> is hydrogen or C<sub>1</sub>-C<sub>8</sub> alkyl, R<sub>2</sub> is hydrogen, C<sub>1</sub>-C<sub>8</sub>alkyl, C<sub>1</sub>-C<sub>4</sub>alkoxy or sulfo, Y<sub>1</sub> is vinyl or a radical -CH<sub>2</sub>-CH<sub>2</sub>-U and U is a leaving group removable under alkaline conditions, R<sub>3</sub> is hydrogen or C<sub>1</sub>-C<sub>8</sub>alkyl that is unsubstituted or substituted by hydroxy, sulfo, sulfato, cyano, carboxy, C<sub>1</sub>-C<sub>4</sub>alkoxy or phenyl, r and s are each independently of the other the number 0 or 1, and t is the number 0, 1 or 2, and the sum of r, s and t is 2 or 3 and at least one yellow or red dyeing reactive dye is suitable especially for the dichromatic or trichromatic dyeing or printing of natural or synthetic polyamide fibre materials and yield dyeings or prints having good reproducibility and good all-round fastness properties.</p></abstract><abstract mxw-id="PA139545799" ref-ucid="WO-2014127994-A1" lang="EN" source="national office" load-source="docdb"><p>A dye mixture, comprising at least one blue dyeing dye of the formula (1), wherein Q1 represents a bivalent radical of formula (4a), (4b) or (4c), wherein X1 denotes chlorine or fluorine, R1 is hydrogen or C1-C8 alkyl, R2 is hydrogen, C1-C8alkyl, C1-C4alkoxy or sulfo, Y1 is vinyl or a radical -CH2-CH2-U and U is a leaving group removable under alkaline conditions, R3 is hydrogen or C1-C8alkyl that is unsubstituted or substituted by hydroxy, sulfo, sulfato, cyano, carboxy, C1-C4alkoxy or phenyl, r and s are each independently of the other the number 0 or 1, and t is the number 0, 1 or 2, and the sum of r, s and t is 2 or 3 and at least one yellow or red dyeing reactive dye is suitable especially for the dichromatic or trichromatic dyeing or printing of natural or synthetic polyamide fibre materials and yield dyeings or prints having good reproducibility and good all-round fastness properties.</p></abstract><abstract mxw-id="PA139079245" ref-ucid="WO-2014127994-A1" lang="FR" load-source="patent-office"><p num="0000">La présente invention concerne un mélange de teintes, comprenant au moins une teinte teintant en bleu de formule (1), dans laquelle Q<sub>1</sub> représente un radical bivalent de formule (4a), (4b) ou (4c), dans lesquelles X<sub>1</sub> représente un chlore ou un fluor, R<sub>1</sub> représente un hydrogène ou un alkyle en C<sub>1</sub>-C<sub>8</sub>, R<sub>2</sub> représente un hydrogène, un alkyle en C<sub>1</sub>-C<sub>8</sub>, un alcoxy en C<sub>1</sub>-C<sub>4</sub> ou un sulfo, Y<sub>1</sub> représente un vinyle ou un radical -CH<sub>2</sub>-CH<sub>2</sub>-U et U représente un groupe partant pouvant être éliminé dans des conditions alcalines, R<sub>3</sub> représente un hydrogène ou un alkyle en C<sub>1</sub>-C<sub>8</sub> non substitué ou substitué par un hydroxy, un sulfo, un sulfato, un cyano, un carboxy, un alcoxy en C<sub>1</sub>-C<sub>4</sub> ou un phényle, r et s représentent chacun indépendamment l'un de l'autre le nombre 0 ou 1, et t représente le nombre 0, 1 ou 2, et la somme de r, s et t est 2 ou 3 et au moins une teinte réactive teintant en jaune ou en rouge est appropriée en particulier pour la teinture ou l'impression dichromatique ou trichromatique de matériaux en fibre polyamide naturelle ou synthétique et donne des teintures ou des impressions ayant une bonne reproductibilité et de bonnes propriétés de solidité générale.</p></abstract><abstract mxw-id="PA139545800" ref-ucid="WO-2014127994-A1" lang="FR" source="national office" load-source="docdb"><p>La présente invention concerne un mélange de teintes, comprenant au moins une teinte teintant en bleu de formule (1), dans laquelle Q1 représente un radical bivalent de formule (4a), (4b) ou (4c), dans lesquelles X1 représente un chlore ou un fluor, R1 représente un hydrogène ou un alkyle en C1-C8, R2 représente un hydrogène, un alkyle en C1-C8, un alcoxy en C1-C4 ou un sulfo, Y1 représente un vinyle ou un radical -CH2-CH2-U et U représente un groupe partant pouvant être éliminé dans des conditions alcalines, R3 représente un hydrogène ou un alkyle en C1-C8 non substitué ou substitué par un hydroxy, un sulfo, un sulfato, un cyano, un carboxy, un alcoxy en C1-C4 ou un phényle, r et s représentent chacun indépendamment l'un de l'autre le nombre 0 ou 1, et t représente le nombre 0, 1 ou 2, et la somme de r, s et t est 2 ou 3 et au moins une teinte réactive teintant en jaune ou en rouge est appropriée en particulier pour la teinture ou l'impression dichromatique ou trichromatique de matériaux en fibre polyamide naturelle ou synthétique et donne des teintures ou des impressions ayant une bonne reproductibilité et de bonnes propriétés de solidité générale.</p></abstract><description mxw-id="PDES78477901" ref-ucid="WO-2014127994-A1" lang="EN" load-source="patent-office"><!-- EPO <DP n="2"/>--><p id="p0001" num="0001"> Mixtures of Reactive Dyes and their Use in a Method for di- or trichromatic Dyeing or Printing </p><p id="p0002" num="0002">The present invention relates to mixtures of reactive dyes that are suitable for the dyeing or printing of nitrogen-containing or hydroxy-group-containing fibre materials and yield on such materials dyeings or prints having good reproducibility and good all-round fastness properties. The present invention relates also to a method for dichromatic or trichromatic dyeing or printing wherein the reactive dye mixtures according to the invention are used. </p><p id="p0003" num="0003">Natural or synthetic polyamide fibres can be dyed or printed by using dichromatic or trichromatic mixtures of reactive dyes and metal complex dyes. </p><p id="p0004" num="0004">The practice of dyeing with reactive dyes has recently led to increased requirements regarding the quality of the dyeings and the profitability of the dyeing process. </p><p id="p0005" num="0005">Consequently, there continues to be a demand for novel reactive dye mixtures which have improved properties, in particular in respect of application. </p><p id="p0006" num="0006"> Reactive dye mixtures which have a high degree of exhaustion and a high degree of fixing, and which, in particular, do not require alkaline after-treatment to remove non-fixed dye, are now required for dyeing. They should furthermore have a good dyeing yield, high reactivity and good levelness in combination. These requirements are not met in all properties by the known dye mixtures. </p><p id="p0007" num="0007">The present invention is therefore based on the object of discovering improved reactive dye mixtures for dyeing and printing fibre materials, which have the qualities characterized above to a high degree. In particular, the novel dye mixtures should be distinguished by high degrees of exhaustion, high fixing yields and high fibre-dye bond stabilities. They should furthermore produce dyeings with good allround properties, for example light and wet fastness properties. </p><p id="p0008" num="0008">It has been found that the object described is largely achieved with the reactive dye mixtures defined below. The dyeings and printings obtained are distinguished especially by uniform colour build-up and, at the same time, constancy of shade at different concentrations, and by good combinability, and exhibit good fibre levelness and no dichroism. </p><p id="p0009" num="0009">The invention relates to a dye mixture, comprising at least one blue dyeing dye of the formula 
<!-- EPO <DP n="3"/>-->
</p><p id="p0010" num="0010"><img id="imgf000003_0001" he="48" wi="124" file="imgf000003_0001.tif" img-format="tif" img-content="drawing" orientation="portrait" inline="yes"/>
 and at least one yellow or red dyeing dye from the group of the formulae </p><p id="p0011" num="0011"> (3a) and 
<img id="imgf000003_0002" he="58" wi="108" file="imgf000003_0002.tif" img-format="tif" img-content="drawing" orientation="portrait" inline="no"/>
 
<!-- EPO <DP n="4"/>-->
</p><p id="p0012" num="0012"><img id="imgf000004_0001" he="64" wi="120" file="imgf000004_0001.tif" img-format="tif" img-content="drawing" orientation="portrait" inline="no"/>
 wherein </p><p id="p0013" num="0013"> Qi , Q<sub>2</sub> and Q<sub>3</sub> represent each independently of the other a bivalent radical of formula </p><p id="p0014" num="0014"><img id="imgf000004_0002" he="20" wi="119" file="imgf000004_0002.tif" img-format="tif" img-content="drawing" orientation="portrait" inline="no"/></p><p id="p0015" num="0015">wherein denotes chlorine or fluorine, </p><p id="p0016" num="0016"> R<sub>T</sub> is hydrogen or Ci-C<sub>8</sub>alkyl, </p><p id="p0017" num="0017"> R<sub>2</sub> is hydrogen, Ci-C<sub>8</sub>alkyl, C<sub>1</sub>-C<sub>4</sub>alkoxy or sulfo, </p><p id="p0018" num="0018"> is vinyl or a radical -CH<sub>2</sub>-CH<sub>2</sub>-U and U is a leaving group removable under alkaline conditions, </p><p id="p0019" num="0019"> R<sub>3</sub> is hydrogen or d-Csalkyl that is unsubstituted or substituted by hydroxy, sulfo, sulfato, cyano, carboxy, C<sub>1</sub>-C<sub>4</sub>alkoxy or phenyl, </p><p id="p0020" num="0020"> R<sub>4</sub> is hydrogen, Ci-C<sub>8</sub>alkyl, C<sub>1</sub>-C<sub>4</sub>alkoxy, C<sub>2</sub>-C<sub>4</sub>alkanoylamino, ureido, halogen or sulfo, \ is a radical of the formula </p><p id="p0021" num="0021"> NH-(CH<sub>2</sub>)<sub>2</sub>_<sub>3</sub>-S0<sub>2</sub>Z (5a), NH- CH<sub>2</sub>)<sub>2</sub>_<sub>3</sub>-0-(CH<sub>2</sub>)<sub>2</sub>. (5b), 
<img id="imgf000004_0003" he="16" wi="128" file="imgf000004_0003.tif" img-format="tif" img-content="drawing" orientation="portrait" inline="no"/>
 </p><p id="p0022" num="0022"> (S0<sub>3</sub>H) Ό, -1 
<!-- EPO <DP n="5"/>-->
</p><p id="p0023" num="0023"><img id="imgf000005_0001" he="16" wi="46" file="imgf000005_0001.tif" img-format="tif" img-content="drawing" orientation="portrait" inline="yes"/></p><p id="p0024" num="0024"><img id="imgf000005_0002" he="19" wi="35" file="imgf000005_0002.tif" img-format="tif" img-content="drawing" orientation="portrait" inline="no"/></p><p id="p0025" num="0025">in which </p><p id="p0026" num="0026"> Z is vinyl or a radical -CH<sub>2</sub>-CH<sub>2</sub>-U and U is a leaving group removable under alkaline conditions, </p><p id="p0027" num="0027"> — CH— CH<sub>2</sub>-Hal — C^=CH<sub>2</sub> </p><p id="p0028" num="0028"> X is the radical H ' a .l or H ' a .l and Hal is halogen, and is a radical of the formula </p><p id="p0029" num="0029"><img id="imgf000005_0003" he="23" wi="127" file="imgf000005_0003.tif" img-format="tif" img-content="drawing" orientation="portrait" inline="no"/></p><p id="p0030" num="0030"> R<sub>5</sub> and R<sub>6</sub> are each independently of the other hydrogen or d-dalkyl that is unsubstituted or substituted by hydroxy, sulfo, sulfato, cyano, carboxy, C<sub>1</sub>-C<sub>4</sub>alkoxy or phenyl, </p><p id="p0031" num="0031"> D<sub>2</sub> and D<sub>3</sub> are each independently of the other the radical of a diazo component of the benzene or naphthalene series, </p><p id="p0032" num="0032"> R<sub>8</sub> is hydroxyl or -NR<sub>12</sub>R<sub>13</sub>, </p><p id="p0033" num="0033"> R<sub>9</sub> and R<sub>10</sub> are each independently of the other hydrogen or d-Csalkyl that is unsubstituted or substituted by hydroxy, sulfo, sulfato, cyano, carboxy, d-dalkoxy or phenyl, </p><p id="p0034" num="0034">Rii is hydrogen, d-dalkyl, d-dalkoxy or sulfo, </p><p id="p0035" num="0035"> R<sub>12</sub> and R<sub>13</sub> are each independently of the other hydrogen or d-dalkyl that is unsubstituted or substituted by hydroxy, sulfo, sulfato, cyano, carboxy, d-dalkoxy or phenyl, </p><p id="p0036" num="0036"> V<sub>2</sub> is -S0<sub>2</sub>Y<sub>2</sub> or a radical of the formulae (5a) - (5e) as defined above, </p><p id="p0037" num="0037"> Y<sub>2</sub> is vinyl or a radical -CH<sub>2</sub>-CH<sub>2</sub>-U and U is a leaving group removable under alkaline conditions, </p><p id="p0038" num="0038">r and s are each independently of the other the number 0 or 1 , and </p><p id="p0039" num="0039">t is the number 0, 1 or 2, and the sum of r, s and t is 2 or 3. 
<!-- EPO <DP n="6"/>-->
 As d-Csalkyl or there come into consideration for F , R<sub>2J</sub> R<sub>3</sub>, R<sub>4</sub>, R5, Re, e, Fi<sub>9</sub>, R10, Rn , R12 and R<sub>1 3</sub>, each independently of the others, for example, methyl, ethyl, propyl, isopropyl, n- butyl, sec-butyl, isobutyl, tert-butyl, n-pentyl, neopentyl, n-hexyl, n-heptyl, n-octyl and isooctyl, preferably methyl and ethyl and especially methyl. </p><p id="p0040" num="0040">As d-C<sub>4</sub>alkoxy there come into consideration for R<sub>2</sub> and R<sub>4</sub>, each independently of the others, for example, methoxy, ethoxy, n-propoxy, isopropoxy, n-butoxy and isobutoxy, preferably methoxy and ethoxy and especially methoxy. </p><p id="p0041" num="0041">As C<sub>2</sub>-C<sub>4</sub>alkanoylamino there come into consideration for R<sub>4</sub>, for example, acetylamino, propionylamino and butyrylamino, preferably acetylamino and propionylamino and especially acetylamino. </p><p id="p0042" num="0042">As halogen there come into consideration for R<sub>4</sub>, for example, fluorine, chlorine and bromine, preferably chlorine and bromine and especially chlorine. </p><p id="p0043" num="0043">For there come into consideration, for example, fluorine, chlorine and bromine, preferably fluorine and chlorine and especially chlorine. </p><p id="p0044" num="0044">As the leaving group U there come into consideration, for example, -CI, -Br, -F, -OSO<sub>3</sub>H, -SSO<sub>3</sub>H, -OCO-CH<sub>3</sub>, -OP0<sub>3</sub>H<sub>2</sub>, -OCO-C<sub>6</sub>H<sub>5</sub>, -OS0<sub>2</sub>-C<sub>1</sub>-C<sub>4</sub>alkyl and -OS0<sub>2</sub>-N(C<sub>1</sub>-C<sub>4</sub>alkyl)<sub>2</sub>. Preferably, U is a group of formula -CI, -OSO<sub>3</sub>H, -SSO<sub>3</sub>H, -OCO-CH<sub>3</sub>, -OCO-C<sub>6</sub>H<sub>5</sub> or -OP0<sub>3</sub>H<sub>2</sub>, especially -CI or -OSO<sub>3</sub>H and more especially -OSO<sub>3</sub>H. </p><p id="p0045" num="0045">Examples of suitable radicals Z, and Y<sub>2</sub> are accordingly vinyl, β-bromo- or β-chloroethyl, β-acetoxyethyl, β-benzoyloxyethyl, β-phosphatoethyl, β-sulfatoethyl and β-thiosulfatoethyl. </p><p id="p0046" num="0046">Preferably, Z, and Y<sub>2</sub> are independently vinyl, β-chloroethyl or β-sulfatoethyl, especially vinyl or β-sulfatoethyl. </p><p id="p0047" num="0047">In the radical of formula (5e), Me is the methyl radical and Et is the ethyl radical. The mentioned radicals come into consideration, besides hydrogen, as substituents at the nitrogen atom. 
<!-- EPO <DP n="7"/>-->
 The radicals D<sub>2</sub> and D<sub>3</sub> in the dyes of formula (3a) may contain the substituents that are customary for azo dyes. </p><p id="p0048" num="0048">From the range of substituents there may be mentioned by way of example: alkyl groups having from 1 to 12 carbon atoms, especially from 1 to 4 carbon atoms, such as methyl, ethyl, n- or iso-propyl, or n-, iso-, sec- or tert-butyl; alkoxy groups having from 1 to 8 carbon atoms, especially from 1 to 4 carbon atoms, such as methoxy, ethoxy, n- or iso-propoxy, or n-, iso-, sec- or tert-butoxy; C<sub>1</sub>-C<sub>4</sub>alkoxy substituted in the alkyl moiety, for example by hydroxy, C<sub>1</sub>-C<sub>4</sub>alkoxy or sulfato, e.g. 2-hydroxyethoxy, 3-hydroxypropoxy, 2-sulfatoethoxy, 2- methoxyethoxy or 2-ethoxyethoxy; alkanoylamino groups having from 2 to 8 carbon atoms, especially C<sub>2</sub>-C<sub>4</sub>alkanoylamino groups, such as acetylamino or propionylamino; benzoyl- amino or C<sub>2</sub>-C<sub>4</sub>alkoxycarbonylamino groups, such as methoxycarbonylamino or ethoxy- carbonylamino; amino; N-mono- or N,N-di-d-dalkylamino which is unsubstituted or is substituted in the alkyl moiety, for example by hydroxy, sulfo, sulfato or d-dalkoxy, e.g. methylamino, ethylamino, Ν,Ν-dimethyl- or Ν,Ν-diethylamino, sulfomethylamino, β-hydroxy- ethylamino, N,N-di(P-hydroxyethylamino), Ν-β-sulfatoethylamino; phenylamino which is unsubstituted or is substituted in the phenyl moiety by methyl, methoxy, halogen or sulfo; N- d-dalkyl-N-phenylamino which is unsubstituted or is substituted in the alkyl moiety by hydroxy, sulfo or sulfato or in the phenyl moiety by methyl, methoxy, halogen or sulfo, e.g. N- methyl-N-phenylamino, N-ethyl-N-phenylamino, Ν-β-hydroxyethyl-N-phenylamino or Ν-β- sulfoethyl-N-phenylamino; naphthylamino which is unsubstituted or is substituted by sulfo; alkanoyl groups having from 2 to 8 carbon atoms, especially from 2 to 4 carbon atoms, for example acetyl or propionyl; benzoyl; alkoxycarbonyl having from 1 to 4 carbon atoms in the alkoxy radical, such as methoxycarbonyl or ethoxycarbonyl; alkylsulfonyl having from 1 to 4 carbon atoms, such as methylsulfonyl or ethylsulfonyl; phenyl- or naphthyl-sulfonyl; trifluoro- methyl, nitro, cyano, hydroxy, halogen, such as fluorine, chlorine or bromine; carbamoyl, N- d-dalkylcarbamoyl, such as N-methylcarbamoyl or N-ethylcarbamoyl; sulfamoyl, N-d-C<sub>4</sub>- alkylsulfamoyl, such as N-methylsulfamoyl, N-ethylsulfamoyl, N-propylsulfamoyl, N-isopropyl- sulfamoyl or N-butylsulfamoyl; N-(p-hydroxyethyl)-sulfamoyl, N,N-di(P-hydroxyethyl)sulfam- oyl, N-phenylsulfamoyl, ureido, carboxy, sulfomethyl, sulfo or sulfato as well as fibre-reactive radicals. The alkyl radicals may, in addition, be interrupted by oxygen (-0-) or by an amino group (-NH-, -N(d-dalkyl)-). 
<!-- EPO <DP n="8"/>-->
 In one embodiment of the present invention that is of interest, at least one of the radicals D<sub>2</sub> and D<sub>3</sub> carries at least one fibre-reactive group. </p><p id="p0049" num="0049">In another embodiment of the present invention that is of interest, each of the radicals D<sub>2</sub> and D<sub>3</sub> carries at least one fibre-reactive group. </p><p id="p0050" num="0050">Fibre-reactive radicals are to be understood as being those that are capable of reacting with the hydroxy groups of cellulose, with the amino, carboxy, hydroxy and thiol groups in wool and silk, or with the amino and possibly the carboxy groups of synthetic polyamides to form covalent chemical bonds. The fibre-reactive radicals are generally bonded to the dye radical directly or via a bridging member. Suitable fibre-reactive radicals are, for example, those having at least one removable substituent on an aliphatic, aromatic or heterocyclic radical, or those wherein the mentioned radicals contain a radical suitable for reaction with the fibre material, such as, for example, a vinyl radical. </p><p id="p0051" num="0051">Such fibre-reactive radicals are known per se and a large number of them have been described, for example in Venkataraman "The Chemistry of Synthetic Dyes" Volume 6, pages 1 -209, Academic Press, New York, London 1972 or in US-A-5 684 138. </p><p id="p0052" num="0052">Preferably, the mixtures according to the invention contain at least one dye of the formula </p><p id="p0053" num="0053"><img id="imgf000008_0001" he="60" wi="109" file="imgf000008_0001.tif" img-format="tif" img-content="drawing" orientation="portrait" inline="no"/>
 wherein P , R<sub>2</sub>, XI and are as defined in claim 1 . </p><p id="p0054" num="0054">The dye of formula (1 ) is, for example, a dye of formula 
<!-- EPO <DP n="9"/>-->
</p><p id="p0055" num="0055"><img id="imgf000009_0001" he="47" wi="116" file="imgf000009_0001.tif" img-format="tif" img-content="drawing" orientation="portrait" inline="yes"/><img id="imgf000009_0002" he="52" wi="139" file="imgf000009_0002.tif" img-format="tif" img-content="drawing" orientation="portrait" inline="no"/></p><p id="p0056" num="0056"> CI </p><p id="p0057" num="0057"> (103), 
<img id="imgf000009_0003" he="35" wi="36" file="imgf000009_0003.tif" img-format="tif" img-content="drawing" orientation="portrait" inline="no"/>
 
<!-- EPO <DP n="10"/>-->
</p><p id="p0058" num="0058">(104), </p><p id="p0059" num="0059"><img id="imgf000010_0001" he="203" wi="116" file="imgf000010_0001.tif" img-format="tif" img-content="drawing" orientation="portrait" inline="no"/><!-- EPO <DP n="11"/>--><img id="imgf000011_0001" he="67" wi="139" file="imgf000011_0001.tif" img-format="tif" img-content="drawing" orientation="portrait" inline="no"/></p><p id="p0060" num="0060"><img id="imgf000011_0002" he="126" wi="140" file="imgf000011_0002.tif" img-format="tif" img-content="drawing" orientation="portrait" inline="no"/></p><p id="p0061" num="0061"> -οι -</p><p id="p0062" num="0062">96U£0/H0Zd3/I3d t&gt;66LZlinOZ OAV 
<!-- EPO <DP n="12"/>-->
</p><p id="p0063" num="0063"><img id="imgf000012_0001" he="135" wi="140" file="imgf000012_0001.tif" img-format="tif" img-content="drawing" orientation="portrait" inline="no"/></p><p id="p0064" num="0064"><img id="imgf000012_0002" he="52" wi="105" file="imgf000012_0002.tif" img-format="tif" img-content="drawing" orientation="portrait" inline="yes"/><!-- EPO <DP n="13"/>--><img id="imgf000013_0001" he="52" wi="140" file="imgf000013_0001.tif" img-format="tif" img-content="drawing" orientation="portrait" inline="no"/></p><p id="p0065" num="0065"><img id="imgf000013_0002" he="127" wi="140" file="imgf000013_0002.tif" img-format="tif" img-content="drawing" orientation="portrait" inline="no"/><!-- EPO <DP n="14"/>-->
 - 13-
<img id="imgf000014_0001" he="67" wi="139" file="imgf000014_0001.tif" img-format="tif" img-content="drawing" orientation="portrait" inline="yes"/>
</p><p id="p0066" num="0066"><img id="imgf000014_0002" he="125" wi="140" file="imgf000014_0002.tif" img-format="tif" img-content="drawing" orientation="portrait" inline="yes"/><!-- EPO <DP n="15"/>--></p><p id="p0067" num="0067"><img id="imgf000015_0001" he="143" wi="143" file="imgf000015_0001.tif" img-format="tif" img-content="drawing" orientation="portrait" inline="no"/></p><p id="p0068" num="0068">preferably of formula (102) or (103), especially of formula (102). </p><p id="p0069" num="0069"> Preferably, the mixtures according to the invention contain at least one dye of the formula 
<img id="imgf000015_0002" he="33" wi="119" file="imgf000015_0002.tif" img-format="tif" img-content="drawing" orientation="portrait" inline="no"/>
 
<!-- EPO <DP n="16"/>-->
 in which R<sub>4a</sub> is hydrogen, Ci -C<sub>8</sub>alkyl, C<sub>1</sub>-C<sub>4</sub>alkoxy, C<sub>2</sub>-C<sub>4</sub>alkanoylamino, ureido or halogen, and X and Z are as defined above. </p><p id="p0070" num="0070"> The d f formula (2) is, for example, a dye of the formula 
<img id="imgf000016_0001" he="22" wi="121" file="imgf000016_0001.tif" img-format="tif" img-content="drawing" orientation="portrait" inline="no"/>
 
<img id="imgf000016_0002" he="25" wi="122" file="imgf000016_0002.tif" img-format="tif" img-content="drawing" orientation="portrait" inline="no"/>
 
<img id="imgf000016_0003" he="25" wi="122" file="imgf000016_0003.tif" img-format="tif" img-content="drawing" orientation="portrait" inline="no"/>
 
<img id="imgf000016_0004" he="25" wi="122" file="imgf000016_0004.tif" img-format="tif" img-content="drawing" orientation="portrait" inline="no"/>
 
<img id="imgf000016_0005" he="31" wi="131" file="imgf000016_0005.tif" img-format="tif" img-content="drawing" orientation="portrait" inline="no"/>
 
<!-- EPO <DP n="17"/>-->

<img id="imgf000017_0001" he="31" wi="115" file="imgf000017_0001.tif" img-format="tif" img-content="drawing" orientation="portrait" inline="yes"/>

<img id="imgf000017_0002" he="24" wi="118" file="imgf000017_0002.tif" img-format="tif" img-content="drawing" orientation="portrait" inline="yes"/>

<img id="imgf000017_0003" he="26" wi="120" file="imgf000017_0003.tif" img-format="tif" img-content="drawing" orientation="portrait" inline="yes"/>
 
<img id="imgf000017_0004" he="27" wi="112" file="imgf000017_0004.tif" img-format="tif" img-content="drawing" orientation="portrait" inline="yes"/>

<img id="imgf000017_0005" he="27" wi="121" file="imgf000017_0005.tif" img-format="tif" img-content="drawing" orientation="portrait" inline="yes"/>
 
<!-- EPO <DP n="18"/>-->

<img id="imgf000018_0001" he="195" wi="132" file="imgf000018_0001.tif" img-format="tif" img-content="drawing" orientation="portrait" inline="yes"/>
 
<!-- EPO <DP n="19"/>-->

<img id="imgf000019_0001" he="27" wi="132" file="imgf000019_0001.tif" img-format="tif" img-content="drawing" orientation="portrait" inline="no"/>
 </p><p id="p0071" num="0071"><img id="imgf000019_0002" he="27" wi="132" file="imgf000019_0002.tif" img-format="tif" img-content="drawing" orientation="portrait" inline="no"/><img id="imgf000019_0003" he="23" wi="123" file="imgf000019_0003.tif" img-format="tif" img-content="drawing" orientation="portrait" inline="no"/><img id="imgf000019_0004" he="24" wi="122" file="imgf000019_0004.tif" img-format="tif" img-content="drawing" orientation="portrait" inline="no"/><img id="imgf000019_0005" he="24" wi="122" file="imgf000019_0005.tif" img-format="tif" img-content="drawing" orientation="portrait" inline="no"/></p><p id="p0072" num="0072">(221), 
<img id="imgf000019_0006" he="24" wi="99" file="imgf000019_0006.tif" img-format="tif" img-content="drawing" orientation="portrait" inline="no"/>
 
<!-- EPO <DP n="20"/>-->

<img id="imgf000020_0001" he="28" wi="131" file="imgf000020_0001.tif" img-format="tif" img-content="drawing" orientation="portrait" inline="no"/>
 
<img id="imgf000020_0002" he="28" wi="131" file="imgf000020_0002.tif" img-format="tif" img-content="drawing" orientation="portrait" inline="no"/>
</p><p id="p0073" num="0073"><img id="imgf000020_0003" he="22" wi="131" file="imgf000020_0003.tif" img-format="tif" img-content="drawing" orientation="portrait" inline="no"/><img id="imgf000020_0004" he="25" wi="131" file="imgf000020_0004.tif" img-format="tif" img-content="drawing" orientation="portrait" inline="no"/><img id="imgf000020_0005" he="24" wi="131" file="imgf000020_0005.tif" img-format="tif" img-content="drawing" orientation="portrait" inline="no"/>
 ci </p><p id="p0074" num="0074"> (227), 
<img id="imgf000020_0006" he="16" wi="26" file="imgf000020_0006.tif" img-format="tif" img-content="drawing" orientation="portrait" inline="no"/>
 
<!-- EPO <DP n="21"/>-->
 HO,S
<img id="imgf000021_0001" he="23" wi="125" file="imgf000021_0001.tif" img-format="tif" img-content="drawing" orientation="portrait" inline="no"/>

<img id="imgf000021_0002" he="20" wi="51" file="imgf000021_0002.tif" img-format="tif" img-content="drawing" orientation="portrait" inline="yes"/>

<img id="imgf000021_0003" he="23" wi="23" file="imgf000021_0003.tif" img-format="tif" img-content="drawing" orientation="portrait" inline="yes"/>
 
<img id="imgf000021_0004" he="28" wi="101" file="imgf000021_0004.tif" img-format="tif" img-content="drawing" orientation="portrait" inline="yes"/>

<img id="imgf000021_0005" he="24" wi="96" file="imgf000021_0005.tif" img-format="tif" img-content="drawing" orientation="portrait" inline="yes"/>

<img id="imgf000021_0006" he="16" wi="54" file="imgf000021_0006.tif" img-format="tif" img-content="drawing" orientation="portrait" inline="yes"/>
 
<!-- EPO <DP n="22"/>-->
 
<img id="imgf000022_0001" he="89" wi="135" file="imgf000022_0001.tif" img-format="tif" img-content="drawing" orientation="portrait" inline="no"/>
 </p><p id="p0075" num="0075">preferably a dye of formula (235) or (236), in particular a dye of formula (235).</p><p id="p0076" num="0076">Preferably, D<sub>2</sub> and D<sub>3</sub> are each independently of the other a radical of formula </p><p id="p0077" num="0077"><img id="imgf000022_0002" he="73" wi="119" file="imgf000022_0002.tif" img-format="tif" img-content="drawing" orientation="portrait" inline="no"/><!-- EPO <DP n="23"/>--><img id="imgf000023_0001" he="44" wi="122" file="imgf000023_0001.tif" img-format="tif" img-content="drawing" orientation="portrait" inline="no"/>
 wherein </p><p id="p0078" num="0078"> (R<sub>7</sub>)o-2 denotes from 0 to 2 identical or differing substituents from the group halogen, </p><p id="p0079" num="0079">Ci -C<sub>8</sub>alkyl, C<sub>1</sub> -C<sub>4</sub>alkoxy and sulfo, </p><p id="p0080" num="0080"> Y<sub>2</sub> is α,β-dibromopropionylamino or a-bromoacryloylamino, </p><p id="p0081" num="0081">m is the number 2 or 3, </p><p id="p0082" num="0082">n is the number 2 or 3, and </p><p id="p0083" num="0083"> Z Z<sub>2</sub>, Z<sub>3</sub> and Z<sub>4</sub> are each independently of the others vinyl, β-chloroethyl or β-sulfatoethyl. </p><p id="p0084" num="0084">Particularly preferred dyes of formula (3a) are those, wherein R<sub>5</sub> and R<sub>6</sub> are hydrogen, D<sub>3</sub> is a radical of formula </p><p id="p0085" num="0085"><img id="imgf000023_0002" he="54" wi="149" file="imgf000023_0002.tif" img-format="tif" img-content="drawing" orientation="portrait" inline="no"/></p><p id="p0086" num="0086">wherein </p><p id="p0087" num="0087"> R<sub>7a</sub> and R<sub>7b</sub> are each independently of the other methyl or methoxy, and </p><p id="p0088" num="0088"> Z<sub>1 a</sub> and Z<sub>1 b</sub> are each independently of the other vinyl, β-chloroethyl or β-sulfatoethyl. </p><p id="p0089" num="0089">Suitable dyes of formula (3a) are, for example, the compounds of formula (301 ) - (303) 
<!-- EPO <DP n="24"/>-->

<img id="imgf000024_0001" he="129" wi="141" file="imgf000024_0001.tif" img-format="tif" img-content="drawing" orientation="portrait" inline="no"/>
 </p><p id="p0090" num="0090"><img id="imgf000024_0002" he="31" wi="46" file="imgf000024_0002.tif" img-format="tif" img-content="drawing" orientation="portrait" inline="yes"/></p><p id="p0091" num="0091"> each correspond to the radical given in Table 1 and those radicals are 
<!-- EPO <DP n="25"/>-->
 Table 1 : </p><p id="p0092" num="0092">Formula D<sup>1</sup> <sub>xy</sub> D<sup>2</sup><sub>xy</sub> colour shade </p><p id="p0093" num="0093"><img id="imgf000025_0001" he="55" wi="138" file="imgf000025_0001.tif" img-format="tif" img-content="drawing" orientation="portrait" inline="no"/></p><p id="p0094" num="0094"> (313) D<sub>20</sub> D<sub>20</sub> deep-red
<img id="imgf000025_0002" he="5" wi="138" file="imgf000025_0002.tif" img-format="tif" img-content="drawing" orientation="portrait" inline="no"/>
 </p><p id="p0095" num="0095"> (315) D<sub>22</sub> D<sub>22</sub> deep-red</p><p id="p0096" num="0096">(316) D<sub>23</sub> D<sub>23</sub> deep-red</p><p id="p0097" num="0097">(317) D<sub>24</sub> D<sub>24</sub> deep-red</p><p id="p0098" num="0098">(318) D<sub>25</sub> D<sub>25</sub> deep-red</p><p id="p0099" num="0099">(319) D<sub>26</sub> D<sub>26</sub> deep-red </p><p id="p0100" num="0100"><img id="imgf000025_0003" he="81" wi="138" file="imgf000025_0003.tif" img-format="tif" img-content="drawing" orientation="portrait" inline="no"/></p><p id="p0101" num="0101"> (333) Dio D<sub>22</sub> deep-red 
<!-- EPO <DP n="26"/>-->

<img id="imgf000026_0001" he="11" wi="138" file="imgf000026_0001.tif" img-format="tif" img-content="drawing" orientation="portrait" inline="no"/>
 </p><p id="p0102" num="0102"> (336) D,o D<sub>25</sub> deep-red
<img id="imgf000026_0002" he="18" wi="138" file="imgf000026_0002.tif" img-format="tif" img-content="drawing" orientation="portrait" inline="no"/>
 </p><p id="p0103" num="0103"> (340) D<sub>29</sub> D<sub>32</sub> deep-red</p><p id="p0104" num="0104">(341 ) D<sub>29</sub> D<sub>30</sub> deep-red
<img id="imgf000026_0003" he="18" wi="138" file="imgf000026_0003.tif" img-format="tif" img-content="drawing" orientation="portrait" inline="no"/>
 </p><p id="p0105" num="0105"> (345) D<sub>28</sub> D<sub>28</sub> deep-red</p><p id="p0106" num="0106">(346) D<sub>28</sub> D<sub>27</sub> deep-red</p><p id="p0107" num="0107">(347) D,o D<sub>29</sub> deep-red </p><p id="p0108" num="0108"><img id="imgf000026_0004" he="62" wi="138" file="imgf000026_0004.tif" img-format="tif" img-content="drawing" orientation="portrait" inline="no"/></p><p id="p0109" num="0109"> (358) D,o D<sub>33</sub> deep-red
<img id="imgf000026_0005" he="18" wi="138" file="imgf000026_0005.tif" img-format="tif" img-content="drawing" orientation="portrait" inline="no"/>
 </p><p id="p0110" num="0110"> (362) D10 D35 deep-red 
<!-- EPO <DP n="27"/>-->
 H OSO ( HO) OS ( Ηθ)-ΗΝΟΟ </p><p id="p0111" num="0111"><img id="imgf000027_0001" he="159" wi="79" file="imgf000027_0001.tif" img-format="tif" img-content="drawing" orientation="portrait" inline="no"/>
 a</p><p id="p0112" num="0112">■Z eiqei </p><p id="p0113" num="0113">9Z </p><p id="p0114" num="0114">96U£0/H0Zd3/I3d t&gt;66LZlinOZ OAV 
<!-- EPO <DP n="28"/>-->

<img id="imgf000028_0001" he="18" wi="87" file="imgf000028_0001.tif" img-format="tif" img-content="drawing" orientation="portrait" inline="no"/>
</p><p id="p0115" num="0115"><img id="imgf000028_0002" he="18" wi="32" file="imgf000028_0002.tif" img-format="tif" img-content="drawing" orientation="portrait" inline="no"/>
 ONH-(CH<sub>2</sub>)<sub>2</sub>-S0<sub>2</sub>-(CH<sub>2</sub>)<sub>2</sub>-OS0<sub>3</sub>H
<img id="imgf000028_0003" he="150" wi="77" file="imgf000028_0003.tif" img-format="tif" img-content="drawing" orientation="portrait" inline="no"/>
 
<!-- EPO <DP n="29"/>-->

<img id="imgf000029_0001" he="181" wi="79" file="imgf000029_0001.tif" img-format="tif" img-content="drawing" orientation="portrait" inline="no"/>
 
<!-- EPO <DP n="30"/>-->
 
<img id="imgf000030_0001" he="112" wi="68" file="imgf000030_0001.tif" img-format="tif" img-content="drawing" orientation="portrait" inline="no"/>
 </p><p id="p0116" num="0116">S0<sub>2</sub>-CH<sub>2</sub>-CH<sub>2</sub>-OS0<sub>3</sub>H </p><p id="p0117" num="0117"><img id="imgf000030_0002" he="20" wi="74" file="imgf000030_0002.tif" img-format="tif" img-content="drawing" orientation="portrait" inline="no"/></p><p id="p0118" num="0118"> Preferred dyes of formula (3a) are the dyes of formula (301 ), (302), (303) and (304), particular the dyes of formula (302) and (304). </p><p id="p0119" num="0119">A suitable dye of formula (3b) is, for example, the compound of formula 
<!-- EPO <DP n="31"/>-->
 
<img id="imgf000031_0001" he="57" wi="105" file="imgf000031_0001.tif" img-format="tif" img-content="drawing" orientation="portrait" inline="no"/>
 </p><p id="p0120" num="0120">The dyes of formulae (1 ), (2), (3a) and (3b) are known in some cases or they can be prepared in accordance with processes known per se. Dyes of the formula (1 ) are disclosed, for example, in WO 2005/090485 and WO 2007/003541 . Dyes of the formula (2) are disclosed, for example, in EP 775 731 . Dyes of the formula (3a) are disclosed, for example, in WO 2005/040285. </p><p id="p0121" num="0121">The dye mixtures according to the invention can be prepared, for example, by mixing the individual dyes together. The mixing procedure is effected, for example, in suitable mills, e.g. ball mills or pin mills, as well as in kneaders or mixers. The dye mixtures according to the invention can also be prepared, for example, by dissolving the reactive dyes directly in the dyebath or the printing medium. The amount of the individual reactive dyes is governed by the shade to be obtained. The dye of formula (1 ) and the total amount of the dyes of formulae (2), (3a) and (3b) are present in the dye mixtures according to the invention in a ratio by weight of, for example, from 1 :99 to 99:1 , preferably from 5:95 to 95:5 and especially from 10:90 to 90:10. </p><p id="p0122" num="0122">The reactive dyes of formulae (1 ), (2), (3a) and (3b) and accordingly also the dye mixtures according to the invention may comprise further additives, for example, sodium chloride or dextrin. </p><p id="p0123" num="0123">If desired, the reactive dyes of formulae (1 ), (2), (3a) and (3b) and accordingly also the dye mixtures according to the invention may comprise further auxiliaries which, for example, improve handling or increase storage stability, such as buffers, dispersants or anti-dusts. Such auxiliaries are known to the person skilled in the art. 
<!-- EPO <DP n="32"/>-->
 The dye mixtures according to the invention are suitable for the dyeing and printing of an extremely wide variety of materials, especially nitrogen-containing fibre materials. Examples thereof are silk, leather and in particular wool. The dye mixtures according to the invention and the reactive dyes according to the invention are also suitable for the dyeing or printing of nitrogen-group-containing fibres that are contained in blend fabrics, for example mixtures of wool with polyester fibres or polyamide fibres. </p><p id="p0124" num="0124">The said textile fibre material may be in an extremely wide variety of processing forms, such as, for example, in the form of loose stock, fibres, yarn, woven fabric or knitted fabric. </p><p id="p0125" num="0125">Wool can advantageously be dyed in various forms, for example as tippy wool, as fabric or as fur. </p><p id="p0126" num="0126">The present invention relates also to a method for the dichromatic or trichromatic dyeing or printing of nitrogen-containing fibre materials, especially wool fibre materials, which method comprises using at least one red dyeing dye, for example one, two or three dyes, preferably one dye, of the above-mentioned formula (1 ), together with at least one yellow or blue dyeing dye, for example one, two or three dyes, from the group of the above-mentioned formulae (2), (3a) and (3b), wherein R, - R<sub>13</sub>, U, D, , D<sub>2</sub>, D<sub>3</sub>, V, , V<sub>2</sub>, X, X, , X<sub>2</sub>, Y, Υ, , Y<sub>2</sub>, Z, Z Z<sub>2</sub>, Z<sub>3</sub>, r, s and t each have the meanings and preferred meanings defined above. </p><p id="p0127" num="0127">Preference is given to corresponding methods for the trichromatic dyeing or printing of hydroxy-group-containing or nitrogen-containing fibre materials, wherein at least one dye of the above-mentioned formula (1 ) is used together with at least one dye from the group of the formulae (2) and (3), wherein R, - R<sub>13</sub>, U, D, , D<sub>2</sub>, D<sub>3</sub>, V, , V<sub>2</sub>, X, X, , X<sub>2</sub>, Y, Y, , Y<sub>2</sub>, Z, Z Z<sub>2</sub>, Z<sub>3</sub>, r, s and t each have the meanings and preferred meanings defined above. </p><p id="p0128" num="0128">The method according to the invention for dichromatic or trichromatic dyeing and printing can be carried out in accordance with customary dyeing and printing methods, for example, according to the so-called cold pad-batch process, in which the dye is applied, together with the alkali, on the padder and is then fixed by storage for several hours at about room temperature, for example, from 25 to 35 °C. Preferably, the method according to the invention for dichromatic or trichromatic dyeing and printing is carried out according to the exhaust- dyeing method, in which the goods are impregnated with aqueous, optionally salt-containing 
<!-- EPO <DP n="33"/>-->
 dye solutions, and the dyes are fixed without an alkali treatment, optionally under the action of heat. </p><p id="p0129" num="0129">The dye liquors or print pastes, in addition to containing water and the dyes, may also comprise further additives, for example shading dyes known per se, salts, buffer substances, wetting agents, anti-foams, levelling agents or agents that influence the properties of the textile material, for example, softeners, additives for flame-resistant finishes or dirt-, water- or oil-repellants, as well as water-softeners and natural or synthetic thickeners, e.g. alginates or cellulose ethers. </p><p id="p0130" num="0130">The amounts in which the individual dyes are used in the dyebaths or print pastes can vary within wide limits in dependence upon the desired depth of shade; in general, amounts of from 0.01 to 15% by weight, especially from 0.1 to 10% by weight, based on the goods being dyed or on the print paste, have proved advantageous. </p><p id="p0131" num="0131">The dyes of formulae (1 ), (2), (3a) and (3b) used in the method according to the invention are distinguished in dichromatic or trichromatic dyeing or printing by uniform colour build-up, good exhaustion and fixing behaviour, good constancy of shade even in different concentrations, a low sensitivity to various dyeing parameters and, in particular, very good combinability. Dyeing times can be reduced. Furthermore, they have sufficient substantivity and at the same time have good ease of washing off of unfixed dye and can advantageously be applied at short liquor ratios, for example, at a liquor ratio of from 1 :4 to 1 :6, preferably, 1 :6. The dyeings and prints produced in accordance with the method of the invention exhibit very good fastness properties, such as wash and water fastness and perspiration fastness, and good reproducibility. </p><p id="p0132" num="0132">Preferred are dichromatic or trichromatic dyeing methods. </p><p id="p0133" num="0133">Special appliances are not required. It is possible to use, for example, the customary dyeing apparatus, e.g. open baths, winch becks, jiggers, or paddle jet or circulation apparatus. </p><p id="p0134" num="0134">Processing is conveniently carried out in the temperature range from e.g. 70 to 1 10°C and, preferably, from 80 to 105°C, for example, at 100°C. The treatment time may typically be 
<!-- EPO <DP n="34"/>-->
 from 20 to 100 minutes and, preferably, from 30 to 60 minutes. The pH of the liquor is usually in the range from 3 to 7 and, preferably, from 4 to 6. </p><p id="p0135" num="0135">The dichromatic or trichromatic dyeing or printing method according to the invention allow for considerable savings of resources, such as water and energy. The time required for dyeing or printing is considerably reduced. </p><p id="p0136" num="0136"> The gentle dyeing or printing method using the dichromatic or trichromatic dye mixtures according to the invention ensures a high quality of the dyed wool and reduces the wastage of material. </p><p id="p0137" num="0137">The dye mixtures according to the invention are also suitable as colorants for use in recording systems. Such recording systems are, for example, commercially available ink-jet printers for paper or textile printing, or writing implements, such as fountain pens or ballpoint pens, and especially ink-jet printers. For that purpose, the dye mixture according to the invention or the dyes according to the invention are first converted into a form suitable for use in recording systems. A suitable form is, for example, an aqueous ink comprising at least one dye of the mixture according to the invention or the dyes according to the invention as colorant. The inks can be prepared in customary manner by mixing together the individual constituents customary in ink-jet printing in the desired amount of water. Conveniently, individual inks, comprising at least one dye of formulae (1 ), (2), (3a), (3b), (4), (5) and (6), are used in a multi color ink-jet printer and mixing is effected on the substrate by digital printing. For example, one ink comprises a dye of formula (1 ). Another ink comprises a dye of formula (2) and still another ink comprises a dye of formula (3a). </p><p id="p0138" num="0138">Examples of substrates that come into consideration for ink-jet printing, in addition to paper or plastics films, include the above-mentioned hydroxy-group-containing or nitrogen- containing fibre materials, especially cellulosic fibre materials. The substrates are preferably textile fibre materials. </p><p id="p0139" num="0139">The following Examples serve to illustrate the invention. Unless otherwise indicated, temperatures are given in degrees Celsius, parts are parts by weight and percentages relate to percent by weight. Parts by weight relate to parts by volume in a ratio of kilograms to litres. 
<!-- EPO <DP n="35"/>-->
 Example 1 : </p><p id="p0140" num="0140"> 0.66 part of the blue-dyeing dye of formula (102), 0.66 part of the yellow-dyeing dye of formula (235) and 0.66 part of the red-dyeing dye of formula (304) are dissolved in 200 parts of water, and 10.0 part of sodium sulfate, 4.0 part of a levelling assistant (based on the condensation product of a higher aliphatic amine and ethylene oxide) and 0.4 part of sodium acetate are added. The pH is then brought to a value of 5.0 with 0.3 ml/l acetic acid (80 %). The dyebath is heated at 40 °C for 10 minutes and 10 parts of a woollen fabric (pretreated for at least 30 min at 80 °C with 0.2 g/l Ultravon<sup>®</sup> GPN extra, a commercial wetting agent supplied by Huntsman, liquor ratio 1 : 40, and subsequently spun) are then added. The bath is heated to a temperature of 100°C in the course of about 50 minutes and dyeing is carried out at this temperature for 60 minutes. Thereafter, the bath is allowed to cool to 50 °C and the dyed goods are removed. The woollen fabric is washed with hot and cold water and then centrifuged and dried. A brown dyeing is obtained which has good light and wet fastness properties and good levelness. </p><p id="p0141" num="0141">Example 2: </p><p id="p0142" num="0142"> 5 g of tippy wool are pretreated with 1 .0 g/l Ultravon<sup>®</sup> GPN extra (commercial wetting agent supplied by Huntsman) at 70 °C for 20 min, liquor ratio 1 : 40. The flocks are washed with warm water, cold water, deionized water and centrifuged. </p><p id="p0143" num="0143"> 0.33 part of the blue-dyeing dye of formula (102), 0.33 part of the yellow-dyeing dye of formula (235) and 0.33 part of the blue-dyeing dye of formula (304) are dissolved in 200 parts of water, and 10.0 part of sodium sulfate, 2.0 part of a levelling assistant (based on the condensation product of a higher aliphatic amine and ethylene oxide) and 0.4 part of sodium acetate are added. The pH is then brought to a value of 5.5 with 0.1 ml/l acetic acid (80 %). The dyebath is heated at 40 °C for 10 minutes and 5 parts of tippy wool are then added. The bath is heated to a temperature of 100°C in the course of about 50 minutes and dyeing is carried out at this temperature for 60 minutes. Thereafter, the bath is allowed to cool to 50 °C and the dyed goods are removed. The wool is washed with hot and cold water and then centrifuged and dried. A brown dyeing is obtained which has good light and wet fastness properties and good levelness. 
</p></description><claims mxw-id="PCLM70078182" ref-ucid="WO-2014127994-A1" lang="EN" load-source="patent-office"><claim-statement><!-- EPO <DP n="36"/>--> What is claimed is: </claim-statement><claim id="clm-0001" num="1"><claim-text>1 . A dye mixture, comprising at least one blue dyeing dye of the formula </claim-text><claim-text><img id="imgf000036_0001" he="49" wi="124" file="imgf000036_0001.tif" img-format="tif" img-content="drawing" orientation="portrait" inline="no"/>
 and at least one yellow or red dyeing dye from the group of the formulae </claim-text><claim-text>
  <img id="imgf000036_0002" he="25" wi="99" file="imgf000036_0002.tif" img-format="tif" img-content="drawing" orientation="portrait" inline="no"/>
</claim-text><claim-text>D<sub>3</sub>— N = N (3a) and</claim-text><claim-text>H0<sub>3</sub>S NFL 5FL 6 
<!-- EPO <DP n="37"/>-->
</claim-text><claim-text><img id="imgf000037_0001" he="64" wi="119" file="imgf000037_0001.tif" img-format="tif" img-content="drawing" orientation="portrait" inline="no"/>
 wherein </claim-text><claim-text> Qi , Q<sub>2</sub> and Q<sub>3</sub> represent each independently of the other a bivalent radical of formula </claim-text><claim-text>
  <img id="imgf000037_0002" he="20" wi="119" file="imgf000037_0002.tif" img-format="tif" img-content="drawing" orientation="portrait" inline="no"/>
</claim-text><claim-text>wherein denotes chlorine or fluorine, </claim-text><claim-text> RT is hydrogen or Ci-C<sub>8</sub>alkyl, </claim-text><claim-text> R<sub>2</sub> is hydrogen, Ci-C<sub>8</sub>alkyl, C<sub>1</sub> -C<sub>4</sub>alkoxy or sulfo, </claim-text><claim-text> is vinyl or a radical -CH<sub>2</sub>-CH<sub>2</sub>-U and U is a leaving group removable under alkaline conditions, </claim-text><claim-text> R<sub>3</sub> is hydrogen or d-Csalkyl that is unsubstituted or substituted by hydroxy, sulfo, sulfato, cyano, carboxy, C<sub>1</sub> -C<sub>4</sub>alkoxy or phenyl, </claim-text><claim-text> R<sub>4</sub> is hydrogen, Ci-C<sub>8</sub>alkyl, C<sub>1</sub> -C<sub>4</sub>alkoxy, C<sub>2</sub>-C<sub>4</sub>alkanoylamino, ureido, halogen or sulfo, \ is a radical of the formula </claim-text><claim-text> NH-(CH<sub>2</sub>)<sub>2</sub>_3-S0<sub>2</sub>Z (5a), NH- CH<sub>2</sub>)<sub>2</sub>_3-0-(CH<sub>2</sub>)<sub>2</sub>. (5b), 
<img id="imgf000037_0003" he="16" wi="128" file="imgf000037_0003.tif" img-format="tif" img-content="drawing" orientation="portrait" inline="no"/>
 </claim-text><claim-text> (S0<sub>3</sub>H), 
<!-- EPO <DP n="38"/>-->
</claim-text><claim-text>
  <img id="imgf000038_0001" he="16" wi="46" file="imgf000038_0001.tif" img-format="tif" img-content="drawing" orientation="portrait" inline="yes"/>
</claim-text><claim-text>
  <img id="imgf000038_0002" he="19" wi="35" file="imgf000038_0002.tif" img-format="tif" img-content="drawing" orientation="portrait" inline="no"/>
</claim-text><claim-text>in which </claim-text><claim-text> Z is vinyl or a radical -CH<sub>2</sub>-CH<sub>2</sub>-U and U is a leaving group removable under alkaline conditions, </claim-text><claim-text> — CH— CH<sub>2</sub>-Hal — C^=CH<sub>2</sub> </claim-text><claim-text> X is the radical H ' a .l or H ' a .l and Hal is halogen, and </claim-text><claim-text>Di is a radical of the formula </claim-text><claim-text>
  <img id="imgf000038_0003" he="23" wi="127" file="imgf000038_0003.tif" img-format="tif" img-content="drawing" orientation="portrait" inline="no"/>
</claim-text><claim-text> R<sub>5</sub> and R<sub>6</sub> are each independently of the other hydrogen or d-dalkyl that is unsubstituted or substituted by hydroxy, sulfo, sulfato, cyano, carboxy, C<sub>1</sub>-C<sub>4</sub>alkoxy or phenyl, </claim-text><claim-text> D<sub>2</sub> and D<sub>3</sub> are each independently of the other the radical of a diazo component of the benzene or naphthalene series, </claim-text><claim-text> R<sub>8</sub> is hydroxyl or -NR<sub>12</sub>Ri<sub>3</sub>, </claim-text><claim-text> R<sub>9</sub> and R<sub>10</sub> are each independently of the other hydrogen or d-Csalkyl that is unsubstituted or substituted by hydroxy, sulfo, sulfato, cyano, carboxy, d-dalkoxy or phenyl, </claim-text><claim-text>Rii is hydrogen, d-dalkyl, d-dalkoxy or sulfo, </claim-text><claim-text> Ri2 and R<sub>13</sub> are each independently of the other hydrogen or d-dalkyl that is unsubstituted or substituted by hydroxy, sulfo, sulfato, cyano, carboxy, d-dalkoxy or phenyl, </claim-text><claim-text> V<sub>2</sub> is -S0<sub>2</sub>Y<sub>2</sub> or a radical of the formulae (5a) - (5e) as defined above, </claim-text><claim-text> Y<sub>2</sub> is vinyl or a radical -CH<sub>2</sub>-CH<sub>2</sub>-U and U is a leaving group removable under alkaline conditions, </claim-text><claim-text>r and s are each independently of the other the number 0 or 1 , and </claim-text><claim-text>t is the number 0, 1 or 2, and the sum of r, s and t is 2 or 3. 
<!-- EPO <DP n="39"/>-->
</claim-text></claim><claim id="clm-0002" num="2"><claim-text>2. A dye mixture according to claim 1 comprising at least one dye of the formula </claim-text><claim-text><img id="imgf000039_0001" he="60" wi="109" file="imgf000039_0001.tif" img-format="tif" img-content="drawing" orientation="portrait" inline="no"/>
 wherein R<sub>2</sub>, Xi and are as defined in claim 1 . </claim-text></claim><claim id="clm-0003" num="3"><claim-text>3. A dye mixture according to claim 1 or 2 comprising at least one dye of the formula </claim-text><claim-text><img id="imgf000039_0002" he="33" wi="119" file="imgf000039_0002.tif" img-format="tif" img-content="drawing" orientation="portrait" inline="no"/>
 in which R<sub>4a</sub> is hydrogen, Ci-C<sub>8</sub>alkyl, C<sub>1</sub>-C<sub>4</sub>alkoxy, C<sub>2</sub>-C<sub>4</sub>alkanoylamino, ureido or halogen, and Z is as defined in claim 1 . </claim-text></claim><claim id="clm-0004" num="4"><claim-text>4. A dye mixture according to any of the preceding claims comprising at least one dye of the formula (3a), wherein D<sub>2</sub> and D<sub>3</sub> are each independently of the other a radical of formula 
<img id="imgf000039_0003" he="18" wi="119" file="imgf000039_0003.tif" img-format="tif" img-content="drawing" orientation="portrait" inline="no"/>
 
<!-- EPO <DP n="40"/>-->
 
<img id="imgf000040_0001" he="100" wi="122" file="imgf000040_0001.tif" img-format="tif" img-content="drawing" orientation="portrait" inline="no"/>
 wherein </claim-text><claim-text> (R<sub>7</sub>)o-2 denotes from 0 to 2 identical or differing substituents from the group halogen, Ci-C<sub>8</sub>alkyl, C<sub>1</sub> -C<sub>4</sub>alkoxy and sulfo, </claim-text><claim-text> Y<sub>2</sub> is α,β-dibromopropionylamino or a-bromoacryloylamino, </claim-text><claim-text>m is the number 2 or 3, </claim-text><claim-text>n is the number 2 or 3, and </claim-text><claim-text> Z Z<sub>2</sub>, Z<sub>3</sub> and Z<sub>4</sub> are each independently of the others vinyl, β-chloroethyl or β-sulfatoethyl. </claim-text></claim><claim id="clm-0005" num="5"><claim-text>5. A dye mixture according to claim 4 comprising at least one dye of the formula (3a), wherein D<sub>2</sub> and D<sub>3</sub> are each a radical of formula (7e). </claim-text></claim><claim id="clm-0006" num="6"><claim-text>6. A dye mixture according to any of the preceding claims comprising 20 - 80 % by weight of a dye of formula (1 ) and 20 - 80 % by weight of a dye of formula (2) or (3). </claim-text></claim><claim id="clm-0007" num="7"><claim-text>7. A method for the dichromatic or trichromatic dyeing or printing of natural or synthetic polyamide fibre materials, which method comprises using at least one blue dyeing dye of the 
<!-- EPO <DP n="41"/>-->
 formula (1 ) and at least one yellow or red dyeing dye from the group of the formulae (2) and (3) as defined in claim 1 . </claim-text></claim><claim id="clm-0008" num="8"><claim-text>8. A method for the trichromatic dyeing or printing of natural or synthetic polyamide fibre materials according to claim 7, wherein at least one dye of the formula (1 ) is used together with at least one dye of the formula (2) and together with at least one dye of the formula (3a) as defined in claim 1 . </claim-text></claim><claim id="clm-0009" num="9"><claim-text>9. The use of a dye mixture according to any one of claims 1 to 6 in the dyeing or printing of natural or synthetic polyamide fibre material. </claim-text></claim><claim id="clm-0010" num="10"><claim-text>10. An aqueous ink comprising a dye mixture according to claim 1 . </claim-text></claim><claim id="clm-0011" num="11"><claim-text>1 1 . The use of an aqueous ink according to claim 10 in an ink-jet printing method for the printing of natural or synthetic polyamide fibre material. 
</claim-text></claim></claims><copyright>User acknowledges that Fairview Research LLC and its third party providers retain all right, title and interest in and to this xml under applicable copyright laws.  User acquires no ownership rights to this xml including but not limited to its format.  User hereby accepts the terms and conditions of the Licence Agreement</copyright></patent-document>
