<?xml version="1.0" encoding="UTF-8"?>
<patent-document ucid="EP-2681168-A1" country="EP" doc-number="2681168" kind="A1" date="20140108" family-id="44908069" file-reference-id="304356" date-produced="20180823" status="corrected" lang="EN"><bibliographic-data><publication-reference fvid="146586588" ucid="EP-2681168-A1"><document-id><country>EP</country><doc-number>2681168</doc-number><kind>A1</kind><date>20140108</date><lang>EN</lang></document-id></publication-reference><application-reference ucid="EP-11779248-A" is-representative="NO"><document-id mxw-id="PAPP154848780" load-source="docdb" format="epo"><country>EP</country><doc-number>11779248</doc-number><kind>A</kind><date>20111012</date><lang>EN</lang></document-id><document-id mxw-id="PAPP168045812" load-source="docdb" format="original"><country>EP</country><doc-number>11779248.1</doc-number><date>20111012</date></document-id></application-reference><priority-claims><priority-claim mxw-id="PPC140548116" ucid="US-2011001748-W" linkage-type="W" load-source="docdb"><document-id format="epo"><country>US</country><doc-number>2011001748</doc-number><kind>W</kind><date>20111012</date></document-id></priority-claim><priority-claim mxw-id="PPC140548699" ucid="US-201113064064-A" load-source="docdb"><document-id format="epo"><country>US</country><doc-number>201113064064</doc-number><kind>A</kind><date>20110303</date></document-id></priority-claim></priority-claims><technical-data><classifications-ipcr><classification-ipcr mxw-id="PCL1989322043" load-source="docdb">C03C  17/36        20060101AFI20120920BHEP        </classification-ipcr></classifications-ipcr><classifications-cpc><classification-cpc mxw-id="PCL-1865074476" load-source="docdb" scheme="CPC">C23C  14/18        20130101 LI20161222BHEP        </classification-cpc><classification-cpc mxw-id="PCL-1873986340" load-source="docdb" scheme="CPC">C22C  19/057       20130101 LI20161130BHEP        </classification-cpc><classification-cpc mxw-id="PCL-1873986341" load-source="docdb" scheme="CPC">C22C  19/056       20130101 LI20161130BHEP        </classification-cpc><classification-cpc mxw-id="PCL-1873986342" load-source="docdb" scheme="CPC">C22C  19/055       20130101 LI20161130BHEP        </classification-cpc><classification-cpc mxw-id="PCL-1873986343" load-source="docdb" scheme="CPC">C22C  19/053       20130101 LI20161130BHEP        </classification-cpc><classification-cpc mxw-id="PCL-1892482210" load-source="docdb" scheme="CPC">Y10T 428/12597     20130101 LA20150123BCEP        </classification-cpc><classification-cpc mxw-id="PCL-2073181117" load-source="docdb" scheme="CPC">C03C  17/3626      20130101 LI20150415BHEP        </classification-cpc><classification-cpc mxw-id="PCL-2073181321" load-source="docdb" scheme="CPC">C03C  17/3644      20130101 LI20150415BHEP        </classification-cpc><classification-cpc mxw-id="PCL-2073181635" load-source="docdb" scheme="CPC">C03C  17/36        20130101 LI20150415BHEP        </classification-cpc><classification-cpc mxw-id="PCL-2073184444" load-source="docdb" scheme="CPC">C03C  17/3681      20130101 LI20150415BHEP        </classification-cpc><classification-cpc mxw-id="PCL-2073184601" load-source="docdb" scheme="CPC">C03C  17/366       20130101 LI20150415BHEP        </classification-cpc><classification-cpc mxw-id="PCL-2073186846" load-source="docdb" scheme="CPC">C03C  17/3652      20130101 LI20150415BHEP        </classification-cpc><classification-cpc mxw-id="PCL2094210032" load-source="docdb" scheme="CPC">C03C  17/3435      20130101 FI20140703BHEP        </classification-cpc></classifications-cpc><invention-title mxw-id="PT132364397" lang="DE" load-source="patent-office">SPERRSCHICHTEN MIT NI-HALTIGEN TERNÄREN LEGIERUNGEN, BESCHICHTETE ARTIKEL MIT SPERRSCHICHTEN UND VERFAHREN ZU IHRER HERSTELLUNG</invention-title><invention-title mxw-id="PT132364398" lang="EN" load-source="patent-office">BARRIER LAYERS COMPRISING NI-INCLUSIVE TERNARY ALLOYS, COATED ARTICLES INCLUDING BARRIER LAYERS, AND METHODS OF MAKING THE SAME</invention-title><invention-title mxw-id="PT132364399" lang="FR" load-source="patent-office">COUCHES BARRIÈRE COMPRENANT DES ALLIAGES TERNAIRES COMPRENANT DU NI, PARTICULES REVÊTUES COMPRENANT DES COUCHES BARRIÈRE, ET LEURS PROCÉDÉS DE FABRICATION</invention-title></technical-data><parties><applicants><applicant mxw-id="PPAR919509541" load-source="docdb" sequence="1" format="epo"><addressbook><last-name>GUARDIAN INDUSTRIES</last-name><address><country>US</country></address></addressbook></applicant><applicant mxw-id="PPAR919545866" load-source="docdb" sequence="1" format="intermediate"><addressbook><last-name>GUARDIAN INDUSTRIES CORP.</last-name></addressbook></applicant><applicant mxw-id="PPAR919006214" load-source="patent-office" sequence="1" format="original"><addressbook><last-name>Guardian Industries Corp.</last-name><iid>101057689</iid><address><street>2300 Harmon Road</street><city>Auburn Hills, MI 48326</city><country>US</country></address></addressbook></applicant></applicants><inventors><inventor mxw-id="PPAR919504297" load-source="docdb" sequence="1" format="epo"><addressbook><last-name>IMRAN MUHAMMAD</last-name><address><country>US</country></address></addressbook></inventor><inventor mxw-id="PPAR919537834" load-source="docdb" sequence="1" format="intermediate"><addressbook><last-name>IMRAN, MUHAMMAD</last-name></addressbook></inventor><inventor mxw-id="PPAR919010219" load-source="patent-office" sequence="1" format="original"><addressbook><last-name>IMRAN, MUHAMMAD</last-name><address><street>23832 Brownstown Square Drive</street><city>Brownstown, MI 48174</city><country>US</country></address></addressbook></inventor><inventor mxw-id="PPAR919545458" load-source="docdb" sequence="2" format="epo"><addressbook><last-name>DISTELDORF BERND</last-name><address><country>DE</country></address></addressbook></inventor><inventor mxw-id="PPAR919509904" load-source="docdb" sequence="2" format="intermediate"><addressbook><last-name>DISTELDORF, BERND</last-name></addressbook></inventor><inventor mxw-id="PPAR919019320" load-source="patent-office" sequence="2" format="original"><addressbook><last-name>DISTELDORF, BERND</last-name><address><street>Langwiese 10</street><city>66693 Mettlach</city><country>DE</country></address></addressbook></inventor><inventor mxw-id="PPAR919533288" load-source="docdb" sequence="3" format="epo"><addressbook><last-name>FRANK MARCUS</last-name><address><country>DE</country></address></addressbook></inventor><inventor mxw-id="PPAR919518349" load-source="docdb" sequence="3" format="intermediate"><addressbook><last-name>FRANK, MARCUS</last-name></addressbook></inventor><inventor mxw-id="PPAR919017764" load-source="patent-office" sequence="3" format="original"><addressbook><last-name>FRANK, MARCUS</last-name><address><street>Lambertusgasse 14</street><city>63571Gelnhausen</city><country>DE</country></address></addressbook></inventor><inventor mxw-id="PPAR919539703" load-source="docdb" sequence="4" format="epo"><addressbook><last-name>BLACKER RICHARD</last-name><address><country>US</country></address></addressbook></inventor><inventor mxw-id="PPAR919510526" load-source="docdb" sequence="4" format="intermediate"><addressbook><last-name>BLACKER, RICHARD</last-name></addressbook></inventor><inventor mxw-id="PPAR919014466" load-source="patent-office" sequence="4" format="original"><addressbook><last-name>BLACKER, RICHARD</last-name><address><street>26588 Greythorne Trail</street><city>Farmington Hills, MI 48334</city><country>US</country></address></addressbook></inventor></inventors><agents><agent mxw-id="PPAR919014373" load-source="patent-office" sequence="1" format="original"><addressbook><last-name>Hess, Peter K. G.</last-name><iid>101260640</iid><address><street>Bardehle Pagenberg Partnerschaft mbB Patentanwälte, Rechtsanwälte Prinzregentenplatz 7</street><city>81675 München</city><country>DE</country></address></addressbook></agent></agents></parties><international-convention-data><pct-or-regional-filing-data ucid="US-2011001748-W"><document-id><country>US</country><doc-number>2011001748</doc-number><kind>W</kind><date>20111012</date><lang>EN</lang></document-id></pct-or-regional-filing-data><pct-or-regional-publishing-data ucid="WO-2012118471-A1"><document-id><country>WO</country><doc-number>2012118471</doc-number><kind>A1</kind><date>20120907</date><lang>EN</lang></document-id></pct-or-regional-publishing-data><designated-states><ep-contracting-states><country mxw-id="DS549841650" load-source="docdb">AL</country><country mxw-id="DS549773340" load-source="docdb">AT</country><country mxw-id="DS549841651" load-source="docdb">BE</country><country mxw-id="DS549841965" load-source="docdb">BG</country><country mxw-id="DS549762641" load-source="docdb">CH</country><country mxw-id="DS549855281" load-source="docdb">CY</country><country mxw-id="DS549773353" load-source="docdb">CZ</country><country mxw-id="DS549841652" load-source="docdb">DE</country><country mxw-id="DS549855286" load-source="docdb">DK</country><country mxw-id="DS549855287" load-source="docdb">EE</country><country mxw-id="DS549762446" load-source="docdb">ES</country><country mxw-id="DS549841986" load-source="docdb">FI</country><country mxw-id="DS549841987" load-source="docdb">FR</country><country mxw-id="DS549841653" load-source="docdb">GB</country><country mxw-id="DS549855288" load-source="docdb">GR</country><country mxw-id="DS549841654" load-source="docdb">HR</country><country mxw-id="DS549773354" load-source="docdb">HU</country><country mxw-id="DS549762642" load-source="docdb">IE</country><country mxw-id="DS549855289" load-source="docdb">IS</country><country mxw-id="DS549841988" load-source="docdb">IT</country><country mxw-id="DS549855294" load-source="docdb">LI</country><country mxw-id="DS549840828" load-source="docdb">LT</country><country mxw-id="DS549915598" load-source="docdb">LU</country><country mxw-id="DS549840829" load-source="docdb">LV</country><country mxw-id="DS549840834" load-source="docdb">MC</country><country mxw-id="DS549915599" load-source="docdb">MK</country><country mxw-id="DS549915600" load-source="docdb">MT</country><country mxw-id="DS549762447" load-source="docdb">NL</country><country mxw-id="DS549773355" load-source="docdb">NO</country><country mxw-id="DS549915601" load-source="docdb">PL</country><country mxw-id="DS549855295" load-source="docdb">PT</country><country mxw-id="DS549762448" load-source="docdb">RO</country><country mxw-id="DS549855296" load-source="docdb">RS</country><country mxw-id="DS549915602" load-source="docdb">SE</country><country mxw-id="DS549841655" load-source="docdb">SI</country><country mxw-id="DS549773356" load-source="docdb">SK</country><country mxw-id="DS549915603" load-source="docdb">SM</country><country mxw-id="DS549762643" load-source="docdb">TR</country></ep-contracting-states></designated-states></international-convention-data><office-specific-data><eptags><ep-no-a-document-published>*</ep-no-a-document-published></eptags></office-specific-data></bibliographic-data><abstract mxw-id="PA99831202" ref-ucid="WO-2012118471-A1" lang="EN" load-source="patent-office"><p num="0000">Certain example embodiments relate to Ni-inclusive ternary alloy being provided as a barrier layer for protecting an IR reflecting layer comprising silver or the like. The provision of a barrier layer comprising nickel, chromium, and/or molybdenum and/or oxides thereof may improve corrosion resistance, as well as chemical and mechanical durability. In certain examples, more than one barrier layer may be used on at least one side of the layer comprising silver. In still further examples, a Ni<sub>x</sub>Cr<sub>y</sub>Mo<sub>2</sub>-based layer may be used as the functional layer, rather than or in addition to as a barrier layer, in a coating.</p></abstract><abstract mxw-id="PA100328026" ref-ucid="WO-2012118471-A1" lang="EN" source="national office" load-source="docdb"><p>Certain example embodiments relate to Ni-inclusive ternary alloy being provided as a barrier layer for protecting an IR reflecting layer comprising silver or the like. The provision of a barrier layer comprising nickel, chromium, and/or molybdenum and/or oxides thereof may improve corrosion resistance, as well as chemical and mechanical durability. In certain examples, more than one barrier layer may be used on at least one side of the layer comprising silver. In still further examples, a NixCryMo2-based layer may be used as the functional layer, rather than or in addition to as a barrier layer, in a coating.</p></abstract><abstract mxw-id="PA99831203" ref-ucid="WO-2012118471-A1" lang="FR" load-source="patent-office"><p num="0000">Certains modes de réalisation donnés à titre d'exemples de l'invention portent sur un alliage ternaire comprenant du Ni qui est disposé en tant que couche barrière pour protéger une couche réfléchissant l'IR comprenant de l'argent ou similaire. La disposition d'une couche barrière comprenant du nickel, du chrome et/ou du molybdène et/ou des oxydes de ceux-ci peut améliorer une résistance à la corrosion, ainsi qu'une durabilité chimique et mécanique. Dans certains exemples, plus d'une couche barrière peut être utilisée sur au moins un côté de la couche comprenant de l'argent. Dans encore d'autres exemples, une couche à base de Ni<sub>x</sub>Cr<sub>y</sub>Mo<sub>2</sub> peut être utilisée comme couche fonctionnelle, à la place ou en plus d'agir comme couche barrière, dans un revêtement.</p></abstract><abstract mxw-id="PA100328027" ref-ucid="WO-2012118471-A1" lang="FR" source="national office" load-source="docdb"><p>Certains modes de réalisation donnés à titre d'exemples de l'invention portent sur un alliage ternaire comprenant du Ni qui est disposé en tant que couche barrière pour protéger une couche réfléchissant l'IR comprenant de l'argent ou similaire. La disposition d'une couche barrière comprenant du nickel, du chrome et/ou du molybdène et/ou des oxydes de ceux-ci peut améliorer une résistance à la corrosion, ainsi qu'une durabilité chimique et mécanique. Dans certains exemples, plus d'une couche barrière peut être utilisée sur au moins un côté de la couche comprenant de l'argent. Dans encore d'autres exemples, une couche à base de NixCryMo2 peut être utilisée comme couche fonctionnelle, à la place ou en plus d'agir comme couche barrière, dans un revêtement.</p></abstract><description mxw-id="PDES51232476" ref-ucid="WO-2012118471-A1" lang="EN" load-source="patent-office"><!-- EPO <DP n="2"/>--><p id="p0001" num="0001"> TITLE OF THE INVENTION </p><p id="p0002" num="0002">BARRIER LAYERS COMPRISING NI-INCLUSIVE TERNARY ALLOYS, COATED ARTICLES INCLUDING BARRIER LAYERS, AND METHODS </p><p id="p0003" num="0003"> OF MAKING THE SAME </p><p id="p0004" num="0004">[0001] This application incorporates by reference the entire contents of U.S. Application Serial No. 13/064,065, entitled "Barrier Layers Comprising Ni and/or Ti, Coated Articles Including Barrier Layers, and Methods of Making the Same," as well as U.S. Application Serial No. 13/064,066, entitled "Coated Article Including Low-Emissivity Coating, Insulating Glass Unit Including Coated article, and/or Methods of Making the Same." </p><p id="p0005" num="0005">[0002] Certain example embodiments of this invention relate to a coated article including at least one infrared (IR) reflecting layer of a material such as silver or the like, e.g., in a low-E coating. In certain embodiments, a Ni- inclusive ternary alloy may be used as at least one layer in the coating. In certain examples, this Ni-inclusive ternary alloy may be provided as a barrier layer for an IR reflecting layer comprising silver or the like. In other example embodiments, the Ni-inclusive ternary alloy includes nickel, chromium, and/or molybdenum (e.g., Ni<sub>x</sub>Cr<sub>y</sub>Mo<sub>z</sub>, etc.). In certain example embodiments, the provision of a layer comprising nickel, chromium, and/or molybdenum and/or oxides thereof permits a layer to be used that has improved corrosion resistance, as well as improved chemical and mechanical durability. In certain example embodiments, the Ni-inclusive ternary alloy may further include Ti, Cr, Nb, Zr, Mo, W, Co, and or combinations thereof. In further examples, more than one barrier layer may be used on at least one side of the layer comprising silver. A Ni-inclusive layer may be provided adjacent a layer comprising silver, and a second metal-based layer may be provided adjacent the Ni-inclusive layer. In other examples, a third barrier layer comprising a metal oxide may be provided adjacent the second metal-based barrier layer. 
<!-- EPO <DP n="3"/>-->
 [0003] Certain example embodiments of this invention also relate to using a Ni<sub>x</sub>Cr<sub>y</sub>Mo<sub>z</sub>-based layer as the functional layer, rather than or in addition to as a barrier layer, in a coating. Example coated articles herein may be used in the context of insulating glass (IG) window units, vehicle windows, or in other suitable applications such as monolithic window applications, laminated windows, and/or the like. </p><p id="p0006" num="0006">BACKGROUND AND SUMMARY OF EXAMPLE EMBODIMENTS OF</p><p id="p0007" num="0007">THE INVENTION </p><p id="p0008" num="0008">[0004] Coated articles are known in the art for use in window </p><p id="p0009" num="0009">applications such as insulating glass (IG) window units, vehicle windows, monolithic windows, and/or the like. In certain example instances, designers of coated articles often strive for a combination of high visible transmission, low emissivity (or low emittance), and/or low sheet resistance (R<sub>s</sub>). High visible transmission may permit coated articles to be used in applications where these characteristics are desired such as in architectural or vehicle window </p><p id="p0010" num="0010">applications, whereas low-emissivity (low-E), and low sheet resistance characteristics permit such coated articles to block significant amounts of IR radiation so as to reduce for example undesirable heating of vehicle or building interiors. Thus, typically, for coatings used on architectural glass to block significant amounts of IR radiation, high transmission in the visible spectrum is often desired. </p><p id="p0011" num="0011"> [0005] The IR reflecting layer(s) in low-E coatings impact the overall coating, and in some cases the IR reflecting layer(s) is the most sensitive layer in the stack. Unfortunately, IR reflecting layers comprising silver may sometimes be subject to damage from the deposition process, subsequent atmospheric processes, heat treatment, chemical attacks, and/or because of harsh environments. In certain cases, a silver-based layer in a low-E coating may need to be protected from oxygen, from chemical attacks such as from 
<!-- EPO <DP n="4"/>-->
 acidic and/or alkaline solutions, thermal oxidation, corrosion, and from damage occurring because of moisture including contaminants such as oxygen, chlorine, sulfur, acids and/or bases. If the IR reflecting layer(s) in the coating is/are not sufficiently protected, the durability, visible transmission, and/or other optical characteristics of the coated article may suffer. </p><p id="p0012" num="0012">[0006] Accordingly, it will be appreciated by one skilled in the art that the there is a need for a low-E coating with improved durability and improved or substantially unchanged optical properties. </p><p id="p0013" num="0013"> [0007] Certain example embodiments of this invention relate to an improved barrier layer material comprising an Ni-inclusive ternary alloy used in connection with an IR reflecting layer comprising silver. In certain instances, the improved barrier layer material may permit the durability of the coated article to be improved. However, other example embodiments relate to an IR reflecting layer comprising a Ni-inclusive ternary alloy (e.g., nickel, chromium, and/or molybdenum). In these cases, the use of an IR reflecting layer comprising a Ni-inclusive ternary alloy may also result in a coated article having an improved chemical and/or mechanical durability. </p><p id="p0014" num="0014">[0008] Certain example embodiments of this invention relate to a method of making a coated article including a coating supported by a glass substrate. In certain example embodiments, the method comprises: disposing a dielectric layer on the glass substrate; disposing a first barrier layer comprising a Ni-inclusive ternary alloy over the dielectric layer; disposing an IR reflecting layer comprising silver over the Ni- inclusive ternary alloy; and disposing a second barrier layer comprising a Ni- inclusive ternary alloy over the IR reflecting layer, wherein the coating is used as a low-E coating. </p><p id="p0015" num="0015">[0009] Other example embodiments relate to a method of making a coated article, the method comprising: disposing a dielectric layer on a glass substrate; disposing a first barrier layer over the dielectric layer; disposing an IR reflecting layer comprising silver over the Ni-inclusive ternary alloy; and 
<!-- EPO <DP n="5"/>-->
 disposing a second barrier layer over the IR reflecting layer, wherein the coating is used as a low-E coating, wherein the first and second barrier layers comprise 54-58 wt. % Ni, 20-22.5 wt. % Cr, and 12.5-14.5 wt. % Mo. </p><p id="p0016" num="0016">[0010] Still further example embodiments relate to a coated article. In some cases, the coated article comprises a substrate supporting a low-E coating. The low-E coating may comprise, in order moving away from the substrate: a first dielectric layer; a first barrier layer; a first IR reflecting layer comprising silver, provided over and contacting the first barrier layer; a second barrier layer, provided over and contacting the IR reflecting layer; and a second dielectric layer provided over the second barrier layer, wherein the first and second barrier layers comprise 54-58 wt. % Ni, 20-22.5 wt. % Cr, and 12.5- 14.5 wt. % Mo. </p><p id="p0017" num="0017"> [0011] Other embodiments of this invention related to a method of making a coated article including a coating supported by a glass substrate, the method comprising: disposing a dielectric layer on the substrate; disposing a first sub-barrier layer comprising one or more of Nb, Ti, Cr, and Zr over the dielectric layer; disposing a first barrier layer comprising a Ni-inclusive alloy over and contacting the first sub-barrier layer; disposing an IR reflecting layer comprising silver over and contacting the first barrier layer comprising an Ni- inclusive alloy; disposing a second barrier layer comprising a Ni-inclusive alloy over and contacting the IR reflecting layer; and disposing a second sub- barrier layer comprising one or more of Nb, Ti, Cr, and Zr over and contacting the Ni-inclusive barrier layer. </p><p id="p0018" num="0018"> [0012] Still further example embodiments also relate to a method of making a coated article including a coating supported by a glass substrate. In some cases, the method comprises: disposing a dielectric layer on the substrate; disposing a first sub-barrier layer comprising one or more of Nb, Ti, Cr, and Zr over the dielectric layer; disposing a first barrier layer comprising Ni, Cr, Ti, and/or Mo over and contacting the first sub-barrier layer; disposing an IR reflecting layer comprising silver over and contacting the first barrier layer 
<!-- EPO <DP n="6"/>-->
 comprising Ni, Cr, Ti, and/or Mo; disposing a second barrier layer comprising Ni, Cr, Ti, and/or Mo over and contacting the IR reflecting layer; and disposing a second sub-barrier layer comprising one or more of Nb, Ti, Cr, and Zr over and contacting the layer comprising Ni, Cr, Ti, and/or Mo. </p><p id="p0019" num="0019">[0013] Other example embodiments relate to a method of making a coated article, the method comprising: disposing a dielectric layer on a glass substrate; disposing a first barrier layer over the dielectric layer; disposing an IR reflecting layer comprising silver over and contacting the first barrier layer; disposing a second barrier layer comprising NiTi or an oxide thereof over and contacting the IR reflecting layer; disposing a third barrier layer comprising NiCr or an oxide thereof over and contacting the second barrier layer; and disposing a fourth barrier layer comprising an oxide of Sn, Ti, Cr, Nb, Zr, Mo, W, and/or Co over and contacting the third barrier layer. </p><p id="p0020" num="0020">[0014] Additional example embodiments relate to a coated article. The coated article comprises a low-E coating. The coating comprises: a glass substrate; a dielectric layer; a first sub-barrier layer comprising one or more of Nb, Ti, Cr, and Zr over the dielectric layer; a first barrier layer comprising Ni, Cr, Ti, and/or Mo over and contacting the first sub-barrier layer; an IR reflecting layer comprising silver over and contacting the first barrier layer comprising Ni, Cr, Ti, and/or Mo; a second barrier layer comprising Ni, Cr, Ti, and/or Mo over and contacting the IR reflecting layer; and a second sub-barrier layer comprising one or more of Nb, Ti, Cr, and Zr over and contacting the layer comprising Ni, Cr, Ti, and/or Mo. </p><p id="p0021" num="0021"> [0015] Still another example embodiment of this invention relates to a method of making a coated article comprising a coating supported by a glass substrate, the method comprising: disposing a first dielectric layer on the substrate; disposing an IR reflecting layer comprising 54-58 wt. % Ni, 20-22.5 wt. % Cr, and 12.5-14.5 wt. % Mo over and contacting the first dielectric layer; and disposing a second dielectric layer over and contacting the IR reflecting layer. 
<!-- EPO <DP n="7"/>-->
 [0016] Other examples relate to method of making a coated article comprising a coating supported by a glass substrate, the method comprising: disposing a first dielectric layer comprising silicon nitride on the substrate; disposing an IR reflecting layer comprising 54-58 wt. % Ni, 20-22.5 wt. % Cr, and 12.5-14.5 wt. % Mo over and contacting the first dielectric layer; disposing a barrier layer comprising NbZr over and contacting the IR reflecting layer; disposing a second dielectric layer comprising silicon nitride over and contacting the IR reflecting layer; and disposing an overcoat layer comprising an oxide of zirconium over and contacting the second dielectric layer. </p><p id="p0022" num="0022">[0017] Example embodiments of this invention also relate to a coated article comprising: a glass substrate; a first dielectric layer comprising silicon nitride on the substrate; an IR reflecting layer comprising 54-58 wt. % Ni, 20- 22.5 wt. % Cr, and 12.5-14.5 wt. % Mo over and contacting the first dielectric layer; a barrier layer comprising NbZr over and contacting the IR reflecting layer; a second dielectric layer comprising silicon nitride over and contacting the IR reflecting layer; and an overcoat layer comprising an oxide of zirconium over and contacting the second dielectric layer. </p><p id="p0023" num="0023"> [0018] Certain example embodiments also relate to coated articles and/or IG units made by one of the above-described and/or other methods. </p><p id="p0024" num="0024">BRIEF DESCRIPTION OF THE DRAWINGS </p><p id="p0025" num="0025">[0019] FIGURE 1 is a cross-sectional view of a coated article </p><p id="p0026" num="0026">comprising a single IR reflecting layer and Ni-inclusive ternary alloy barrier layers according to an example embodiment of this invention. </p><p id="p0027" num="0027">[0020] FIGURES 2(a)-(b) are cross-sectional views of coated articles comprising a single IR reflecting layer and Ni<sub>x</sub>Cr<sub>y</sub>Mo<sub>x</sub>-based barrier layers according to an example embodiment of this invention. 
<!-- EPO <DP n="8"/>-->
 [0021] FIGURES 3(a)-(c) are cross-sectional views of coated articles comprising a single IR reflecting layer and barrier layers based on NiCrMo, NiTi and/or NiCr according to an example embodiment of this invention. </p><p id="p0028" num="0028">[0022] FIGURE 4 is a cross-sectional view of a coated article </p><p id="p0029" num="0029">comprising at least two IR reflecting layers and Ni-inclusive ternary alloy barrier layers according to an example embodiment of this invention. </p><p id="p0030" num="0030">[0023] FIGURE 5 is a cross-sectional view of a coated article </p><p id="p0031" num="0031">comprising a at least two IR reflecting layers and Hastelloy-based barrier layers according to an example embodiment of this invention </p><p id="p0032" num="0032">[0024] FIGURE 6 is a cross-sectional view of a coated article </p><p id="p0033" num="0033">comprising an IR reflecting layer, and first and second barrier layers provided on each side of the IR reflecting layer according to still another example embodiment of this invention. </p><p id="p0034" num="0034"> [0025] FIGURE 7 is a cross-sectional view of a coated article </p><p id="p0035" num="0035">comprising an IR reflecting layer, and first Ni-inclusive barrier layers adjacent the IR reflecting layer, and second metal-based barrier layers adjacent to the first barrier layers, according to still another example embodiment of this invention. </p><p id="p0036" num="0036"> [0026] FIGURE 8 is a cross-sectional view of a coated article </p><p id="p0037" num="0037">comprising an IR reflecting layer, and first C22-based barrier layers adjacent the IR reflecting layer, and second NbZr-based barrier layers adjacent to the first barrier layers, according to still another example embodiment of this invention. </p><p id="p0038" num="0038"> [0027] FIGURE 9 is a cross-sectional view of a coated article </p><p id="p0039" num="0039">comprising at least two IR reflecting layers, and first Ni-inclusive barrier layers adjacent the IR reflecting layers, and second metal-based barrier layers adjacent to the first barrier layers, according to still another example embodiment of this invention. </p><p id="p0040" num="0040"> [0028] FIGURE 10 is a cross-sectional view of a coated article </p><p id="p0041" num="0041">comprising an IR reflecting layer, and first and second barrier layers provided 
<!-- EPO <DP n="9"/>-->
 on each side of the IR reflecting layer, wherein the barrier layers closest to and farthest from the glass substrate are sandwiched in between two dielectric layers, according to still another example embodiment of this invention. </p><p id="p0042" num="0042">[0029] FIGURE 1 1 is a cross-sectional view of a coated article </p><p id="p0043" num="0043">comprising at least two IR reflecting layers, and first and second barrier layers provided on each side of each IR reflecting layer, wherein the barrier layers closest to and farthest from the glass substrate are sandwiched in between two dielectric layers, according to still another example embodiment of this invention. </p><p id="p0044" num="0044"> [0030] FIGURE 12 is a cross-sectional view of a coated article </p><p id="p0045" num="0045">comprising an IR reflecting layer, and a first NiTi-based barrier layer, a second NiCr-based barrier layer, and a third metal oxide-based barrier layer, according to still another example embodiment of this invention. </p><p id="p0046" num="0046">[0031] FIGURE 13 is a cross-sectional view of a coated article </p><p id="p0047" num="0047">comprising at least two IR reflecting layers, and a first NiTi-based barrier layer, a second NiCr-based barrier layer, and a third metal oxide-based barrier layer, according to still another example embodiment of this invention. </p><p id="p0048" num="0048">[0032] FIGURE 14 is a cross-sectional view of a coated article </p><p id="p0049" num="0049">comprising a NiCrMo-based functional layer, according to still further example embodiments of this invention. </p><p id="p0050" num="0050"> [0033] FIGURE 15 is a cross-sectional view of a coated article </p><p id="p0051" num="0051">comprising a C22-based functional layer sandwiched between two silicon nitride-based dielectric layers, with a zirconium oxide based overcoat, according to yet another example embodiment of this invention. </p><p id="p0052" num="0052">[0034] FIGURE 16 is a cross-sectional view of a coated article </p><p id="p0053" num="0053">comprising a C22-based functional layer and an NbZr-based barrier layer, sandwiched between dielectric layers with a zirconium oxide-based overcoat, according to still further example embodiments of this invention. 
<!-- EPO <DP n="10"/>-->
 DETAILED DESCRIPTION OF EXAMPLE EMBODIMENTS OF THE </p><p id="p0054" num="0054"> INVENTION </p><p id="p0055" num="0055">[0035] Referring now to the drawings in which like reference numerals indicate like parts throughout the several views. </p><p id="p0056" num="0056">[0036] Coated articles herein may be used in coated article applications such as monolithic windows, IG window units, vehicle windows, and/or any other suitable application that includes single or multiple substrates such as glass substrates. </p><p id="p0057" num="0057">[0037] As indicated above, in certain cases, IR reflecting layers (e.g., a silver-based layer) in a low-E coating may need to be protected from damage arising from subsequent deposition processes, thermal oxidation, corrosion, moisture, chemical attacks, and/or harsh environments. For example, the oxygen in the plasma used to deposit subsequent layers may be highly ionized and the silver-based layer may need to be protected from it. Also, in post- deposition "atmospheric processes," the silver-based layer may be susceptible to attacks from oxygen, moisture, acids, bases, and/or the like. This may be particularly true if a layer located between the silver-based layer and the atmosphere has any defects, such that the silver-based layer is not covered entirely (e.g., scratches, pin holes, etc.). </p><p id="p0058" num="0058">[0038] For example, degradation of coatings including layers comprising silver may also be caused by a physical restructuring of the Ag in the layer and its resulting disruption of overlying layers upon heating, in certain instances. Problems may arise during heat-treating in certain example embodiments. In those cases, oxygen may diffuse into the silver-based layer. In certain example embodiments, oxygen that reaches the silver-based layer may affect its properties, such as by decreasing sheet resistance, affecting emissivity, and/or producing haze, etc., and may result in reduced performance by the layer stack. In other cases, Ag agglomeration may cause defects. 
<!-- EPO <DP n="11"/>-->
 [0039] In certain example embodiments, barrier layers may therefore be used with silver-based layers (and/or other IR reflecting layers) in low-E coatings in order to reduce the occurrence of some or all of the above-described and/or other issues. In certain exemplary cases, these barrier layers may form a thin protective oxide layer around the silver, and improve the corrosion resistance, chemical, and/or mechanical durability of the coated article. </p><p id="p0059" num="0059">[0040] Certain embodiments of this invention relate to a coated article that includes at least one glass substrate supporting a coating. The coating typically has at least one infrared (IR) reflecting layer that reflects and/or blocks at least some IR radiation. The IR reflecting layer(s) may be of or include a material such as silver, gold, NiCr, and/or ternary alloys thereof, or the like, in different embodiments of this invention. Often, an IR reflecting layer is sandwiched between at least first and second contact layers of the coating. </p><p id="p0060" num="0060">[0041] In view of the foregoing, it would be advantageous to provide a barrier layer comprising a Ni-inclusive ternary alloy. In certain examples, the barrier layer may comprise material(s) such as nickel, chromium, and/or molybdenum (e.g., Haynes alloys such as C22, BC1, and/or B3). In other example embodiments, the Ni-inclusive ternary alloy may further include Ti, Cr, Nb, Zr, Mo, W, Co and/or combinations thereof. In certain instances, a Ni- inclusive ternary alloy barrier layer (e.g., comprising materials such as nickel, chromium, and/or molybdenum, etc.) may have (1) sufficient adhesion to the IR reflecting layer; (2) improved corrosion resistance to acidic and/or alkaline solutions; (3) protection during high temperature oxidation; and (4) improved overall chemical and/or mechanical durability. In other example embodiments, these advantages may arise from using a layer comprising nickel, chromium, and/or molybdenum as an IR reflecting layer and/or other functional layer, rather than as a barrier layer. 
<!-- EPO <DP n="12"/>-->
 [0042] Furthermore, in other example embodiments, more than one barrier layer may be provided. It has advantageously been found that the provision of at least two barrier layers on at least one side of the IR reflecting layer (and in some cases both sides) may result in the aforesaid advantages. In certain example embodiments, a Ni-inclusive alloy or Ni-inclusive ternary alloy may be used adjacent to an IR reflecting layer, and a material providing good corrosion resistances, and good chemical and mechanical durability may be chosen as the second barrier layer. </p><p id="p0061" num="0061">[0043] Fig. 1 is a cross-sectional view of a coated article according to an example embodiment of this invention. In certain example embodiments, the coated article illustrated in Fig. 1 may be used as a monolithic window with a low-E coating on surface 1 and/or 2, where the low-E coating includes only a single IR reflecting layer. However, in other example embodiments, the coated article in Fig. 1 may comprise further layers. Furthermore, a coated article made according to example embodiments described herein may be used in an insulated glass unit (IGU), with the coating(s) on surface 1, 2, 3, and/or 4; in a laminated monolithic lite with the coating embedded against the interlayer on surfaces 2 and/or 3, or exposed on surface 1 or 4; in a laminated IGU, with a laminate outboard with the coating embedded against the interlayer on surfaces 2 and/or 3, or exposed on surface 4 or elsewhere; in a laminated IGU, with a laminated inboard with the coated exposed on surfaces 3 and/or 6, or embedded on surfaces 4 and/or 5, according to different example embodiments and applications. In other words, this coating may be used monolithically, or in IG units comprising two or more substrates, or more than once in a glass unit, and may be provided on any surface of the unit in different example embodiments. </p><p id="p0062" num="0062">[0044] The coated article includes glass substrate 1 (e.g., clear, green, bronze, or blue-green glass substrate from about 1.0 to 10.0 mm thick, more preferably from about 1.0 mm to 6.0 mm thick), and a multi-layer coating 35 (or layer system) provided on the substrate either directly or indirectly. 
<!-- EPO <DP n="13"/>-->
 [0045] As shown in Fig. 1, the coating 35 comprises optional dielectric layer(s) 3 and/or 5, first barrier layer 7 comprising a Ni-inclusive ternary alloy, which may be of or include Ni, Ti, Cr, Nb, Zr, Mo, W, Co and/or combinations thereof (e.g., Ni<sub>x</sub>Cr<sub>y</sub>Mo<sub>z</sub>, Ni<sub>x</sub>Ti<sub>y</sub>Cr<sub>z</sub>, Ni<sub>x</sub>Ti<sub>y</sub>Nb<sub>z</sub>, Ni<sub>x</sub>Nb<sub>y</sub>Zr<sub>z</sub>, Ni<sub>x</sub>Cr<sub>y</sub>Zr<sub>z</sub>, </p><p id="p0063" num="0063">Ni<sub>x</sub>Ti<sub>y</sub>Mo<sub>z</sub>, Ni<sub>x</sub>Zr<sub>y</sub>Mo<sub>z</sub>, Ni<sub>x</sub>Nb<sub>y</sub>Mo<sub>z</sub>, Ni<sub>x</sub>Cr<sub>y</sub>Mo<sub>z</sub>, Ni<sub>x</sub>W<sub>y</sub>Cr<sub>z</sub>, Ni<sub>x</sub>W<sub>y</sub>Mo<sub>z</sub>, </p><p id="p0064" num="0064">Ni<sub>x</sub>W<sub>y</sub>Zr<sub>z</sub>, Ni<sub>x</sub>W<sub>y</sub>Nb<sub>z</sub>, Ni<sub>x</sub>W<sub>y</sub>Ti<sub>z</sub>, Ni<sub>x</sub>Co<sub>y</sub>Mo<sub>z</sub>, Ni<sub>x</sub>Co<sub>y</sub>Cr<sub>z</sub>, Ni<sub>x</sub>Co<sub>y</sub>Mo<sub>z</sub>, </p><p id="p0065" num="0065">Ni<sub>x</sub>Co<sub>y</sub>Zr<sub>z</sub>, Ni<sub>x</sub>Co<sub>y</sub>Nb<sub>z</sub>, and/or Ni<sub>x</sub>Co<sub>y</sub>Ti<sub>z</sub>), IR reflecting layer 9 including one or more of silver, gold, or the like, second barrier layer 1 1 comprising a Ni- inclusive ternary alloy, which may be of or include Ni, Ti, Cr, Nb, Zr, Mo, W, Co and/or combinations thereof (e.g., Ni<sub>x</sub>Cr<sub>y</sub>Mo<sub>z</sub>, Ni<sub>x</sub>Ti<sub>y</sub>Cr<sub>z</sub>, Ni<sub>x</sub>Ti<sub>y</sub>Nb<sub>z</sub>, </p><p id="p0066" num="0066">Ni<sub>x</sub>Nb<sub>y</sub>Zr<sub>z</sub>, Ni<sub>x</sub>Cr<sub>y</sub>Zr<sub>z</sub>, Ni<sub>x</sub>Ti<sub>y</sub>Mo<sub>z</sub>, Ni<sub>x</sub>Zr<sub>y</sub>Mo<sub>z</sub>, Ni<sub>x</sub>Nb<sub>y</sub>Mo<sub>z</sub>, Ni<sub>x</sub>Cr<sub>y</sub>Mo<sub>z</sub>, </p><p id="p0067" num="0067">Ni<sub>x</sub>W<sub>y</sub>Cr<sub>z</sub>, Ni<sub>x</sub>W<sub>y</sub>Mo<sub>z</sub>, Ni<sub>x</sub>W<sub>y</sub>Zr<sub>z</sub>, Ni<sub>x</sub>W<sub>y</sub>Nb<sub>z</sub>, Ni<sub>x</sub>W<sub>y</sub>Ti<sub>z</sub>, Ni<sub>x</sub>Co<sub>y</sub>Mo<sub>z</sub>, Ni<sub>x</sub>Co<sub>y</sub>Cr<sub>z</sub>, Ni<sub>x</sub>Co<sub>y</sub>Mo<sub>z</sub>, Ni<sub>x</sub>Co<sub>y</sub>Zr<sub>z</sub>, Ni<sub>x</sub>Co<sub>y</sub>Nb<sub>z</sub>, and/or Ni<sub>x</sub>Co<sub>y</sub>Ti<sub>z</sub>), and optional dielectric layer(s) 13, that may in certain example instances be a protective overcoat. Other layers and/or materials may also be provided in certain example embodiments of this invention, and it is also possible that certain layers may be removed or split in certain example instances. Layers 3, 5, and/or 13 may include one or more discrete layers. Dielectric layers 3, 5, and 13 may be of or include silicon nitride, silicon oxide, silicon oxynitride, tin oxide, titanium oxide, and/or any suitable dielectric material. Optional overcoat layer 16 may be provided in certain example embodiments. In other examples, it may be excluded. In certain example embodiments, when optional overcoat layer 16 is provided, layer 16 may be of or include zirconium. The zirconium-based layer may be oxided partially or fully in different examples. In further example embodiments, layer 16 may comprise an oxide of a zirconium-based alloy, such as Zr<sub>x</sub>Mo<sub>y</sub>O<sub>z</sub>, ZrAlOx, and/or TiZrOx. These materials may </p><p id="p0068" num="0068">advantageously contribute to better tribological and/or frictional properties of the coating and/or coated article. Other dielectric layers may be provided in other places in the coating in other examples. In certain example embodiments, the layer may be at least initially deposited as a nitride of zirconium. 
<!-- EPO <DP n="14"/>-->
 [0046] Infrared (IR) reflecting layer 9 is preferably substantially or entirely metallic and/or conductive, and may comprise or consist essentially of silver (Ag), gold, or any other suitable IR reflecting material. IR reflecting layer 9 helps allow the coating to have low-E and/or good solar control characteristics such as low emittance, low sheet resistance, and so forth. The IR reflecting layer 9 may, however, be slightly oxidized in certain </p><p id="p0069" num="0069">embodiments of this invention. </p><p id="p0070" num="0070">[0047] The IR reflecting layers shown in Fig. 1 and described herein may comprise or consist essentially of silver in different example </p><p id="p0071" num="0071">embodiments. Thus, it will be appreciated that certain example embodiments may include silver alloys. In such cases, Ag may be alloyed with an </p><p id="p0072" num="0072">appropriate amount of Zr, Ti, Ni, Cr, Pd, and/or combinations thereon. In certain example embodiments, Ag may be alloyed with both Pd and Cu, with approximately 0.5-2% (by weight or atomic %) of each of Pd and Cu. Other potential alloys include Ag and one or more of Co, C, Mg, Ta, W, NiMg, PdGa, CoW, Si, Ge, Au, Pt, Ru, Sn, Al, Mn, V, In, Zn, Ir, Rh, and/or Mo. In general, dopant concentrations may be in the range of 0.2-5% (by weight or atomic %), more preferably between 0.2-2.5%. Operating within these ranges may help the silver maintain the desirable optical characteristics of the Ag- based layer that otherwise might be lost by virtue of the alloying, thereby helping to maintain the overall optical characteristics of the stack while also enhancing chemical, corrosion, and/or mechanical durability. The example Ag alloy target materials identified herein may be sputtered using a single target, deposited by co-sputtering using two (or more targets), etc. In addition to providing improved corrosion resistance, the use of Ag alloys may in certain instances help to reduce the silver diffusivity at elevated temperatures while also helping to reduce or block the amount of oxygen movement in the layer stacks. This may further enhance silver diffusivity and may change those Ag growth and structural properties that potentially lead to bad durability. 
<!-- EPO <DP n="15"/>-->
 [0048] In certain example embodiments, barrier layer 7 may be of or include an oxide of zinc. It will be appreciated that the first and second Ni- inclusive ternary alloy layers 7 and 11 may have the same or different compositions in different embodiments of this invention. </p><p id="p0073" num="0073">[0049] Dielectric layer 13 may be of or include silicon nitride, silicon oxide, silicon oxynitride, tin oxide, titanium oxide, and the like. Dielectric layer 13 may comprise more than one discrete layer in certain example embodiments. Furthermore, dielectric layer 13 may serve as a protective overcoat in some cases. </p><p id="p0074" num="0074">[0050] It has advantageously been found that the use of, for example, a Ni-inclusive ternary alloy in these layers allows improved corrosion resistance, and better chemical and/or mechanical durability. It is believed that the use of a Ni-inclusive ternary alloy (and or an oxide, nitride, and/or oxynitride thereof) forms a protective layer on the grain boundaries of Ag. This may result in a coated article with better corrosion and/or moisture resistance, and chemical durability, in certain example embodiments. Furthermore, it is believed that oxygen diffusion may be reduced because of the formation of thin protective oxide layers around the IR reflecting layer, which may also help improve corrosion resistance, chemical, and mechanical durability in certain example embodiments. </p><p id="p0075" num="0075">[0051] In certain exemplary embodiments, the Ni-inclusive ternary alloy may comprise nickel, chromium, and/or molybdenum. Nickel and Ni-inclusive alloys may be able to withstand a variety of corrosive environments, high temperatures, high stress, and/or a combination of these factors, in certain example embodiments. However, in some cases, Ni may provide good corrosion resistance in normal environments, but may be sensitive to high temperature moisture and/or acid attacks. Thus, Cr may be added to provide improved corrosion resistance to acidic solutions in certain examples. Cr may also provide protection from high temperature oxidation in other examples. 
<!-- EPO <DP n="16"/>-->
 [0052] However, a barrier layer consisting of, or consisting essentially of, Ni and/or Cr may still be improved. For example, a layer consisting essentially of NiCr as-deposited, and heated in air (which may then form an oxide of NiCr), may experience corrosion and/or etching when subjected to hot acidic and alkaline solutions. An NiCr heated coating may be etched away in (1) 20% NaOH (65 degrees C; 1 hr); (2) 50% H2SO4 (65 degrees C; 1 hr); and in (3) 5% HC1 (65 degrees C; 1 hr). Furthermore, when subjected to boiling water (100 degrees C; 1 hr), heated NiCr has been observed to become hazy. This may be because of the formation of chlorides and/or hydrides. </p><p id="p0076" num="0076">[0053] As another example, a NiCr-inclusive layer as-coated (e.g., partially oxidized or less oxided than a heated NiCr-inclusive layer) may be etched away by 50% H<sub>2</sub>SO<sub>4</sub> (65 degrees C; 1 hr) and 5% HC1 (65 degrees C; 1 hr). Therefore, it can be seen that an IR reflecting layer (e.g., comprising silver) may be vulnerable to chemical attacks and/or in harsh environments (e.g., in hot and/or humid environments). Therefore, there is a need for an improved barrier layer. This may be particularly true for applications wherein the coated article will be used monolithically or on an outer surface of an IG unit or laminated assembly, because the coating may be exposed to the elements in certain example embodiments. </p><p id="p0077" num="0077">[0054] Thus, in monolithic applications where a coating is provided, in IG units where coatings are provided on surfaces 1 (e.g., for anti-condensation) and/or 4 (e.g., for improving U-value), and other cases where these coatings may be exposed directly to the environment, it may be desirable to use these materials with better corrosion resistance, and improved chemical and/or mechanical durability, e.g., for protection of Ag-based layers. </p><p id="p0078" num="0078"> [0055] It has been found that molybdenum, particularly when used with nickel, may improve resistance to acids, as well as to pitting and crevice corrosion, in certain example embodiments. Furthermore, molybdenum, particularly when used with chromium, may provide improved properties with 
<!-- EPO <DP n="17"/>-->
 respect to corrosion from alkaline solutions. Therefore, it has advantageously been found that the use of NiCrMo-based alloys surrounding a silver-based layer may provide improved corrosion resistance, and improved chemical and/or mechanical durability in low-E stacks. NiCrMo-based barriers, both as- deposited and heat treated, may provide a coating with improved performance as compared to barrier layers consisting and/or consisting essentially of Ni and</p><p id="p0079" num="0079">Cr. </p><p id="p0080" num="0080">[0056] It has advantageously been found that NiCrMo-based alloys (e.g.</p><p id="p0081" num="0081">C22, BC1, and/or B3 Hallestoy) may protect a coating including at least one silver-based layer better than layers consisting essentially of Ni and Cr in some cases. Furthermore, NiCrMo-based alloys may protect the coated article from visible damage in further examples. It is further believed that NiCrMo may form an alloy with the top dielectric layer (e.g., layer 13) in the coating, which may also even improve the performance of this layer against alkaline solutions and boiling water. This may be particularly true in embodiments where the top dielectric layer 13 is silicon based. For example, materials comprising MoSi are used as heaters at higher temperatures because of their good thermal and corrosion resistance. </p><p id="p0082" num="0082">[0057] Tables 1-3 show the compositions of three example embodiments of NiCrMo-based alloys (e.g., C22, BC1, and B3) for reference. </p><p id="p0083" num="0083">Table 1 : First Example Embodiment of Ni<sub>x</sub>Cr<sub>y</sub>Mo<sub>z</sub> (e.g., C22) - elemental composition by wt. % </p><p id="p0084" num="0084">Element Preferred More Preferred Example </p><p id="p0085" num="0085">Ni 40-70% 50-60% 54-58% (e.g., 56%) </p><p id="p0086" num="0086">Cr 5-40% 10-30% 20-22.5% </p><p id="p0087" num="0087">Mo 5-30% 10-20% 12.5-14.5% </p><p id="p0088" num="0088">Fe 0-15% 0-10% 1-5% (e.g., 3%) 
<!-- EPO <DP n="18"/>-->
 w 0-15% 0-10% 1-5% (e.g., 3%) </p><p id="p0089" num="0089">Co 0-15% 0-10% 1-5% (e.g., 3%) </p><p id="p0090" num="0090">Si 0-2% 0-1% =&lt;0.2% (e.g., .08%) </p><p id="p0091" num="0091">Mn 0-3% 0-2% =&lt;l% (e.g., 0.5%) </p><p id="p0092" num="0092">C 0-1% 0-0.5% =&lt;0.1% (e.g., .01%) </p><p id="p0093" num="0093">V 0-2% 0-1% =&lt;1% (e.g., 0.35%) </p><p id="p0094" num="0094">Al - - - </p><p id="p0095" num="0095">Ti - - - </p><p id="p0096" num="0096">Table 2: Second Example Embodiment of Ni<sub>x</sub>Cr<sub>y</sub>Mo<sub>z</sub> (e.g., B3) - elemental composition by wt. % </p><p id="p0097" num="0097">Element Preferred More Preferred Example </p><p id="p0098" num="0098">Ni 50-80% 60-70% 63-67% (e.g., 65%) </p><p id="p0099" num="0099">Cr 0-15% 0-5% 1-2% (e.g., 1.5%) </p><p id="p0100" num="0100">Mo 10-50% 20-40% 25-30% (e.g., 28.5%) </p><p id="p0101" num="0101">Fe 0-10% 0-5% 1-4% (e.g., 3%) </p><p id="p0102" num="0102">W 0-15% 0-10% 1-5% (e.g., 3%) </p><p id="p0103" num="0103">Co 0-15% 0-10% 1-5% (e.g., 3%) </p><p id="p0104" num="0104">Si 0-2% 0-1% =&lt;0.2% (e.g., .1%) </p><p id="p0105" num="0105">Mn 0-15% 0-10% 1-5% (e.g., 3%) </p><p id="p0106" num="0106">C 0-1% 0-0.5% =&lt;0.1% (e.g., .01%) </p><p id="p0107" num="0107">V - - - </p><p id="p0108" num="0108">Al 0-3% 0-2% =&lt;l% (e.g., 0.5%) </p><p id="p0109" num="0109">Ti 0-2% 0-1% =&lt;0.5% (e.g., .2%) 
<!-- EPO <DP n="19"/>-->
 Table 3: Third Example Embodiment of Ni<sub>x</sub>Cr<sub>y</sub>Mo<sub>z</sub> (e.g., BC1) - elemental composition by wt. % </p><p id="p0110" num="0110"> Element Preferred More Preferred Example </p><p id="p0111" num="0111">Ni 50-80% 60-70% 60-65% (e.g., 62%) </p><p id="p0112" num="0112">Cr 5-30% 10-20% 12-17% (e.g., 15%) </p><p id="p0113" num="0113">Mo 10-40% 15-25% 20-25% (e.g., 22%) </p><p id="p0114" num="0114">Fe 0-10% 0-5% 1-3% (e.g., 2%) </p><p id="p0115" num="0115">W - - - </p><p id="p0116" num="0116">Co - - - </p><p id="p0117" num="0117">Si 0-2% 0-1% =&lt;0.2% (e.g., .08%) </p><p id="p0118" num="0118">Mn 0-5% 0-2% =&lt;0.5% (e.g., 0.25%) </p><p id="p0119" num="0119">C 0-1% 0-0.5% =&lt;0.1% (e.g., 0.01%) </p><p id="p0120" num="0120">V - - - </p><p id="p0121" num="0121">Al 0-3% 0-2% =&lt;l% (e.g., 0.5%)</p><p id="p0122" num="0122">Ti </p><p id="p0123" num="0123">[0058] Fig. 2(a) includes coating 35'. Fig. 2(a) is based on Fig. 1 , except</p><p id="p0124" num="0124">Fig. 2(a) specifically calls for layers 7 and 1 1 to comprise an alloy comprising NiCrMo. In certain example embodiments, layers 7 and/or 1 1 may further comprise Fe, W, Co, Si, Mn, C, V, Al, and/or Ti, in potentially small amounts, e.g., as indicated above in Table 1. </p><p id="p0125" num="0125"> [0059] Fig. 2(b) illustrates coating 35". Fig. 2(b) is based on Figs. 1 and</p><p id="p0126" num="0126">2(a), except Fig. 2(b) specifically calls for layers 7 and 1 1 to be of or include Hastelloy C22 and specifies that the optional overcoat includes Zr. 
<!-- EPO <DP n="20"/>-->
 [0060] Fig. 3(a) illustrates a different example embodiment. In the Fig. 3(a) embodiment, different Ni-based alloys may advantageously be used within one coating 36 in order to further improve the properties of the coating. In example embodiments related to Figs. 3(a)-(c), the Ni-based alloy is not necessarily ternary. In some cases, the Ni-based alloy may be binary, or may comprise more than 3 metals. For instance, layer 7 may be of or include NiCr (and/or an oxide and/or nitride thereof), while layer 1 1 is of or includes NiTi (and/or an oxide and/or nitride thereof). In certain example embodiments, a layer stack wherein layer 7 is NiCr-based and layer 1 1 is NiTi-based, the sheet resistance may be from about 25 to 45% lower than that of a layer stack where layers 7 and 1 1 are both NiCr-based; more preferably from about 30 to 40% lower, and most preferably at least 34% lower. </p><p id="p0127" num="0127">[0061] As another example, layer 7 may be of or include NiCr (and/or an oxide and/or nitride thereof), while layer 1 1 is of or includes Ni<sub>x</sub>Cr<sub>y</sub>Mo<sub>z</sub> (e.g., C22). In certain example embodiments, a layer stack wherein layer 7 is NiCr- based and layer 11 is Ni<sub>x</sub>Cr<sub>y</sub>Mo<sub>z</sub>-based, the sheet resistance may be from about 20 to 35%) lower than that of a layer stack where layers 7 and 1 1 are both NiCr- based; more preferably from about 25 to 30% lower, and most preferably at least 28% lower. </p><p id="p0128" num="0128">[0062] Thus, in certain exemplary embodiments, layer 7 may be of or include at least one of NiCr, Ni<sub>x</sub>Cr<sub>y</sub>Mo<sub>z</sub> (e.g., C22, B3, BC1 , etc.), and NiTi, and layer 1 1 may also be of or include at least one of NiCr, Ni<sub>x</sub>Cr<sub>y</sub>Mo<sub>z</sub> (e.g., C22, B3, BC1, etc.), and NiTi, so long as the material chosen for layer 7 is different from the material chosen for layer 1 1. </p><p id="p0129" num="0129">[0063] Fig 3(b) shows a coated article 1 supporting coating 36'. Fig.</p><p id="p0130" num="0130">3(b) is based on Fig. 3(a), except Fig. 3(b) specifically calls for layer 7 to be of or include NiCr (and/or an oxide and/or nitride thereof), and for layer 1 1 to be of or include NiTi (and/or an oxide and/or nitride thereof). 
<!-- EPO <DP n="21"/>-->
 [0064] Fig. 3(c) shows a coated article 1 supporting coating 36". Fig.</p><p id="p0131" num="0131">3(c) is based on Fig. 3(a), except Fig. 3(c) specifically calls for layer 7 to be of or include NiCr (and/or an oxide and/or nitride thereof), and for layer 1 1 to be of or include Ni<sub>x</sub>Cr<sub>y</sub>Mo<sub>z</sub> (and/or an oxide and/or nitride thereof). </p><p id="p0132" num="0132">[0065] As discussed above, coatings made according to Fig. 3(a)-(c) may advantageously have a sheet resistance that is significantly reduced, e.g., as compared to a coating including only NiCr-based barrier layers. </p><p id="p0133" num="0133">[0066] Fig. 4 is a cross-sectional view of a coated article according to an example embodiment of this invention. In certain example implementations, the coated article illustrated in Fig. 4 may be used as a monolithic window with a low-E coating with two IR reflecting layers. The coated article includes glass substrate 1 (e.g., clear, green, bronze, or blue-green glass substrate from about 1.0 to 10.0 mm thick, more preferably from about 1.0 mm to 6.0 mm thick), and a multi-layer coating (or layer system) 45 provided on the substrate either directly or indirectly. The Fig. 4 embodiment includes glass substrate 1 , dielectric layer(s) 3 and/or 5, Ni-inclusive ternary alloy 7, silver-based layer 9, Ni-inclusive ternary alloy 1 1 , silver-based layer 19, Ni-inclusive ternary alloy 21 , dielectric layer(s) 13 and optional overcoat layer 16. Layers 7, 1 1 , and/or 21 may be of or include any and/or all of the example materials discussed herein with respect to layer 7 in the Fig. 1 example embodiment. Similarly, the Ag-based layers 9 and 19 may be silver alloys as discussed herein. Dielectric layers 3, 5, 13, and 16 are optional. These layers may comprise any of the materials discussed for these layers herein. Some, all, or none of these layers may be provided according to different example embodiments. </p><p id="p0134" num="0134">[0067] Fig. 5 is based on Fig. 4, and includes coating 45'. Fig. 5 specifies that layers 7, 9, 1 1 and/or 19 may comprise NiCrMo-based alloys (e.g., C22, BC1, and/or B3). 
<!-- EPO <DP n="22"/>-->
 [0068] Other example embodiments, such as that shown in Fig. 6, relate to another aspect of certain example embodiments of this invention alluded to above. In these example embodiments, it has been found that the provision of two barrier layers on each or either side of a functional layer (e.g., an IR reflecting layer comprising silver) may result in improved durability. </p><p id="p0135" num="0135">[0069] More particularly, Fig. 6 is a cross-sectional view of a coated article according to an example embodiment of this invention. The coated article includes glass substrate 1 (e.g., clear, green, bronze, or blue-green glass substrate from about 1.0 to 10.0 mm thick, more preferably from about 1.0 mm to 6.0 mm thick), and a multi-layer coating 50 (or layer system) provided on the substrate either directly or indirectly. Coating 50 is supported by the glass substrate 1 and includes optional dielectric layer(s) 3 and/or 5, first and second barrier layers 8/10 and 6/12 sandwiching silver-based layer 9, dielectric layer(s) 13, and optional overcoat layer 16. </p><p id="p0136" num="0136">[0070] Optional dielectric layer(s) 3, 5, and 13 may be of or include silicon nitride, silicon oxide, silicon oxynitride, titanium oxide, tin oxide, and any other suitable dielectric material. All, none, or some of these layers may be present according to different example embodiments. In further example embodiments, each of these layers may include one or more discrete layers. </p><p id="p0137" num="0137">[0071] Optional overcoat layer 16 may be provided in certain example embodiments. In other examples, it may be excluded. In certain example embodiments, when optional overcoat layer 16 is provided, layer 16 may be of or include zirconium. The zirconium-based layer may be oxided partially and or fully in certain cases. In further example embodiments, layer 16 may comprise an oxide of a zirconium-based alloy, such as Zr<sub>x</sub>Mo<sub>y</sub>O<sub>z</sub>, ZrAlOx, and/or TiZrOx. These materials may advantageously contribute to better tribological and/or frictional properties of the coating and/or coated article. 
<!-- EPO <DP n="23"/>-->
 [0072] . Still referring to Fig. 6, barrier layers 6 and 12 may comprise a material selected for improved corrosion resistance and/or enhanced chemical and mechanical durability. The adhesion between the "barrier 1" layers 8 and 10 (discussed in detail below) and "barrier 2" layers 6 and 12 is advantageous in certain example embodiments. In certain instances, layers 6 and 12 may adhere well to layers 8 and 10 respectively, as well as to dielectric layer 12. Furthermore, the materials for layers 6 and 12 may be chemically compatible with the materials used for layers 8 and 10 in certain embodiments. </p><p id="p0138" num="0138">[0073] For heat treatable (e.g., temperable) coatings, it may be desirable in certain instances that the materials used for layers 6 and 12 be thermally stable. It also may be desirable in certain example instances that these materials not significantly optically or physically degrade the performance of the coating following heat treatment. </p><p id="p0139" num="0139">[0074] In view of the foregoing, it has advantageously been found that</p><p id="p0140" num="0140">"barrier 2" layers 6 and 12 may comprise Nb, Zr, Ti, Cr, and/or Nb. For instance, layers 6 and/or 12 may comprise NbZr, Zr, TiCr, and/or TiNb. These materials provide good corrosion and chemical resistance properties for annealed and/or heat treatable coatings in certain example embodiments. In certain example embodiments, TiCr may be used as "barrier 2" when the coating is annealed. In other example embodiments, Zr, NbZr, and/or TiNb may be used for layers 6 and/or 12 when the coating is heat-treated. </p><p id="p0141" num="0141">[0075] Still referring to the Fig. 6 embodiment, a Ni-inclusive alloy may be used adjacent to the layer 9 comprising silver. In certain example </p><p id="p0142" num="0142">embodiments, "barrier 1" (layers 8 and 10), the barrier layer closest to the layer comprising silver, may be of or include Ni. Layers 8 and/or 10 may further include one or more of Cr, Mo, and/or Ti. NiCrMo, NiCr, and/or NiTi may be used for layers 8 and/or 10 in certain exemplary embodiments. It has advantageously been found that the use of these materials for layers 8 and/or</p><p id="p0143" num="0143">10, near or adjacent to the silver-based layer, may provide better adhesion and 
<!-- EPO <DP n="24"/>-->
 chemical compatibility with the layer comprising Ag. In certain example embodiments, Ti alone may not provide strong corrosion resistance, but it may when alloyed with Ni advantageously shift the alloy potential in the noble, or positive, direction, and therefore may provide better protection for the Ag. In certain examples, heat treatable (e.g., heat strengthened and/or thermally temperable) NiTi may provide improved performance, particularly with respect to durability and optics. </p><p id="p0144" num="0144">[0076] Furthermore, the above-mentioned materials for layers 8 and 10 may also provide improved Ag dispersion in certain example embodiments. It is believed that providing better structural properties of the Ag may help to achieve better optical properties such as dispersion. It further is presently believed that the provision of a layer comprising NiTiOx next to a layer comprising Ag may reduce agglomeration and early Ag film coalescence in certain instances. </p><p id="p0145" num="0145">[0077] Fig. 7 is based on Fig. 6. In Fig. 7, coating 50' includes layers 6 and/or 12 comprising NbZr, Zr, TiCr and/or TiNb, and layers 8 and/or 10 comprising Ni-inclusive barrier layers. </p><p id="p0146" num="0146">[0078] Fig. 8 is also based on Fig. 6, and illustrates an exemplary example embodiment. In Fig. 8, coating 50" comprises silicon nitride-based dielectric layer 3 (optional dielectric layer 5 is omitted), first "barrier 2" layer 6 comprising NbZr, first "barrier 1" layer 8 comprising C22, silver-based IR reflecting layer 9, second "barrier 1" layer 10 comprising C22, second "barrier 2" layer 12 comprising NbZr, and dielectric layer 13 comprising silicon nitride, which may also serve as a protective overcoat in some instances. However, in other example embodiments, a separate protective overcoat layer 16 may be provided. In certain example embodiments, layer 16 may be zirconium-based, and may be of or include an oxide of zirconium and/or an alloy thereof. It also may further include Al, Ti and/or Mo. 
<!-- EPO <DP n="25"/>-->
 [0079] Fig. 9 is also similar to the Fig. 6 embodiment, but Fig. 9 is directed to a double-silver coating 60. Fig. 9 includes glass substrate 1 , dielectric layer(s) 3 and/or 5, first "barrier 2" layer 6, first "barrier 1" layer 8, first IR reflecting layer 9 comprising Ag, second "barrier 1" layer 10, second "barrier 2" layer 12, third "barrier 1" layer 18, second IR reflecting layer 19 comprising silver, fourth "barrier 1" layer 20, fourth "barrier 2" layer 22, dielectric layer(s) 13, and optional overcoat layer 16. In Fig. 9, "barrier 1" layers 8, 10, 18, and/or 20 may be of or include any of the materials discussed herein with respect to "barrier 1" layers 8 and/or 10. Barrier layer 18 may, however, in certain example instances be of or include a different material as compared to barrier layers 8 and 10. "Barrier 2" layers 6, 12, and 22 may be of or include any of the materials discussed herein with respect to "barrier 2" layers 6 and/or 12. Some, all, or none of dielectric layers 3, 5 and/or 13 may be present according to different example embodiments. Dielectric layers 3, 5, and 13 may be of or include silicon nitride, silicon oxide, silicon oxynitride, tin oxide, titanium oxide, and/or any suitable dielectric material. In other example embodiments, a separate protective overcoat layer 16 may be provided. In certain example embodiments, layer 16 may be zirconium-based, and may be of or include an oxide of zirconium and/or an alloy thereof, optionally further including Al, Ti and/or Mo. Other dielectric layers may be provided in other places in the coating in other examples. </p><p id="p0147" num="0147">[0080] Fig. 10 illustrates coating 50"', which is similar to coating 50 shown in Fig. 6. However, coating 50'" further includes dielectric layers 14 and/or 15. In certain example embodiments, these dielectric layers may be provided in between "Barrier 1" and "Barrier 2" under silver-based layer 9, and also may be provided in between "Barrier 2" and "Barrier 1" over silver-based layer 9. In certain example embodiments according to Fig. 10, "Barrier 2" layers 6 and 12 being sandwiched by dielectric layers may further improve the chemical and/or mechanical durability of these layers and/or of the overall 
<!-- EPO <DP n="26"/>-->
 coating. Furthermore, the inclusion of dielectric layers 14 and/or 15 in a coating may advantageously further protect the silver-based layer from corrosion and/or scratching. In certain example embodiments, layers 14 and/or 15 may comprise silicon nitride, silicon oxide, silicon oxynitride, titanium oxide, tin oxide, and/or any other appropriate dielectric material. Furthermore, in certain example embodiments, layer 14 and/or 15 may be dense. </p><p id="p0148" num="0148">[0081] Fig. 1 1 illustrates coating 60', which is similar to coating 60 shown in Fig. 9. However, coating 60' also further includes dielectric layers 14' and/or 15'. These layers are similar to layers 14 and 15 discussed above. Layers 14' and 15' also sandwich the "Barrier 2" layers that are closest to the glass substrate and farthest from the glass substrate, respectively. In the Fig. 1 1 embodiment, layers 6 and 22 are sandwiched by dielectric layers 3 and/or 5 and 14', and 15' and 13, respectively. </p><p id="p0149" num="0149">[0082] Figs. 12 and 13 are cross-sectional views of coated articles according to example embodiments of this invention. In Fig. 12, the coated article includes glass substrate 1 (e.g., clear, green, bronze, or blue-green glass substrate from about 1.0 to 10.0 mm thick, more preferably from about 1.0 mm to 6.0 mm thick), and a multi-layer coating 75 (or layer system) provided on the substrate either directly or indirectly. Fig. 12 includes dielectric layer(s) 3 and/or 5, a barrier layer 7 and/or 8, silver-based layer 9, barrier layer 10', barrier layer 10", and barrier layer 24, as well as dielectric layer(s) 13, which may serve as an overcoat and/or top coat according to different example embodiments. Dielectric layers 3, 5, and 13 may be of or include silicon nitride, silicon oxide, silicon oxynitride, tin oxide, titanium oxide, and/or any suitable dielectric material. Other dielectric layers may be provided in other places in the coating in other examples. In other example embodiments, a separate protective overcoat layer 16 may be provided. In certain example embodiments, layer 16 may be zirconium-based, and may be of or include an 
<!-- EPO <DP n="27"/>-->
 oxide of zirconium and/or an alloy thereof, optionally further including Al, Ti and/or Mo. </p><p id="p0150" num="0150">[0083] In Fig. 12, barrier layer 6, 7, and/or 8 may be of or include materials discussed with respect to layer 7 of Figs. 1-2 comprising a Ni- inclusive ternary alloy, "barrier 1" layer(s) 8 and/or 10, of or including Ni, Cr, Mo, and/or Ti, and/or "barrier 2" layer(s) 6 and/or 12, of or including Nb, Zr, Ti, Cr, and/or Nb. In some examples, only one of layers 6, 7, and 8 will be present in the Fig. 12 embodiment. However, in other embodiments, more of the layers may be present. </p><p id="p0151" num="0151">[0084] Fig. 12 further includes barrier layer 10', barrier layer 10", and barrier layer 16. In certain example embodiments, barrier layer 10' maybe Ni- inclusive such that it adheres well to the Ag-based layer 9. Particularly, in certain exemplary embodiments, layer 10' may be of or include Ni and/or Ti, and/or an oxide thereof (e.g., Ni<sub>x</sub>Ti<sub>y</sub>O<sub>z</sub>). Layer 10" may be of or include Ni and/or Cr, and/or an oxide thereof. Layer 10" may increase the mechanical durability of the overall coating in certain example embodiments. Finally, layer 24 may be a "Barrier Oxide" (BOx) layer in certain instances. In certain example embodiments, layer 24 may be of or include an oxide of Sn, TiCr, TiNb, NbZr, CrZr, TiMo, ZrMo, NbMo, CrMo, WCr, WMo, WZr, WNb, WTi, CoMo, CoCr, CoZr, CoNb, and/or CoTi. In certain examples, the provision of barrier layer 16 may further improve the durability of the coating. </p><p id="p0152" num="0152">[0085] Fig. 13 is based on Fig. 12, but includes a double IR reflecting layer coating 85. In certain example embodiments, the coated article illustrated in Fig. 13 may be used as a monolithic window with a low-E coating with double IR reflecting layers. The coated article includes glass substrate 1 (e.g., clear, green, bronze, or blue-green glass substrate from about 1.0 to 10.0 mm thick, more preferably from about 1.0 mm to 6.0 mm thick), and a multi-layer coating 85 (or layer system) provided on the substrate either directly or indirectly. Fig. 13 includes dielectric layer(s) 3 and/or 5, a barrier layer 6, 7 
<!-- EPO <DP n="28"/>-->
 and/or 8, silver-based layer 9, barrier layer 10, 1 1 and/or 12, Ag-based layer 19, barrier layer 10', barrier layer 10", and barrier layer 24, as well as dielectric layer(s) 13, which may serve as an overcoat and/or top coat according to different example embodiments. In other example embodiments, a separate protective overcoat layer 16 may be provided. In certain example </p><p id="p0153" num="0153">embodiments, layer 16 may be zirconium-based, and may be of or include an oxide of zirconium and/or an alloy thereof, optionally further including Al, Ti and/or Mo. Dielectric layers 3, 5, and 13 may be of or include silicon nitride, silicon oxide, silicon oxynitride, tin oxide, titanium oxide, and/or any suitable dielectric material. Other dielectric layers may be provided in other places in the coating in other examples. </p><p id="p0154" num="0154">[0086] In Fig. 13, barrier layer 6, 7 and/or 8 may be of or include materials discussed with respect to layer 7 of Figs. 1-2 comprising a Ni- inclusive ternary alloy, "barrier 1" layer(s) 8 and/or 10, of or including Ni, Cr, Mo, and/or Ti, and/or "barrier 2" layer(s) 6 and/or 12, of or including Nb, Zr, Ti, Cr, and/or Nb. In some examples, only one of layers 6, 7, and 8 will be present in the Fig. 13 embodiment. However, in other embodiments, more of the layers may be present. </p><p id="p0155" num="0155">[0087] In Fig. 13, barrier layers 10', 10", and 24 may be of or include the materials discussed herein with respect to layers 10', 10", and 24 in the Fig. 12 embodiment. </p><p id="p0156" num="0156">[0088] In other example embodiments, the barrier layer materials above the silver-based layer may be different from the barrier layer materials provided below the silver-based layer. All possible combinations for the barrier layers mentioned herein may be used for any of the layer stacks shown in the figures and described herein. </p><p id="p0157" num="0157">[0089] In certain example embodiments, all binary, ternary, quaternary etc. alloys described herein may be sputtered from a single metallic and/or 
<!-- EPO <DP n="29"/>-->
 ceramic target, or they may be co-sputtered from two or more different targets (metallic and/or ceramic) in different embodiments. </p><p id="p0158" num="0158">[0090] Fig. 14 is a cross-sectional view of a coated article according to an example embodiment of this invention. In certain example embodiments, the coated article illustrated in Fig. 14 may be used as a monolithic window with a single functional layer. The coated article includes glass substrate 1 (e.g., clear, green, bronze, or blue-green glass substrate from about 1.0 to 10.0 mm thick, more preferably from about 1.0 mm to 6.0 mm thick), and a multilayer coating 100 (or layer system) provided on the substrate either directly or indirectly. Fig. 14 includes glass substrate 1, optional dielectric layers 3 and/or 5, functional layer 9' comprising a NiCrMo-based alloy (e.g., C22, BC1 , or B3), optional dielectric layer 13, and optional overcoat layer 16. Other layers may be included in this coating. Layer 13 may be of or include silicon oxide, nitride, and/or oxynitride, and/or an oxide of titanium, tin, and/or the like. In certain example embodiments, layer 16 may be zirconium-based, and may be of or include an oxide of zirconium and/or an alloy thereof, optionally further including Al, Ti and/or Mo. </p><p id="p0159" num="0159">[0091] Fig. 15 illustrates an exemplary embodiment based on the Fig. 14 embodiment. Fig. 15 includes coating 100'. In Fig. 15, dielectric layer 3 comprises silicon nitride, and dielectric layer 5 is excluded. It is noted that any dielectric layer(s) described herein may be excluded, according to different example embodiments. Moreover, these layers may be split, or additional layers may be inserted, according to other example embodiments. Layer 9' is the functional layer of the coating, and layer 9' comprises C22 in the Fig. 15 embodiment. Dielectric layer 13, which as indicated above may comprise more than one discrete layer, comprises silicon nitride, and layer 13' comprises zirconium oxide. ZrOx inclusive layers may be provided as a protective overcoat layer in different embodiments of this invention, including those illustrated and described above. In certain example embodiments, however, a 
<!-- EPO <DP n="30"/>-->
 layer comprising SixNy may be provided as an overcoat layer, e.g., as alluded to above. </p><p id="p0160" num="0160">[0092] Fig. 16 illustrates a further exemplary embodiment based on the</p><p id="p0161" num="0161">Fig. 14 embodiment. Fig. 16 is similar to Fig. 15, but Fig. 16 further includes barrier layer 6'. Barrier layer 6' may comprise a material discussed in the Figs. 6-9 embodiments with respect to the "barrier 2" layer. Thus, layer 6' may serve as a barrier layer to functional layer 9', and may be of or include NbZr, as shown in Fig. 16. In other example embodiments, layer 6' may be of or include one or more of Nb, Zr, Ti and/or Cr. </p><p id="p0162" num="0162">[0093] The barrier layers discussed herein may be oxided and/or nitrided according to different example embodiments. These layers may be deposited in the presence of oxygen and/or nitrogen, and/or may become oxided and/or nitrided during further processing steps such as deposition of subsequent layers and/or heat treatment, according to different example embodiments. </p><p id="p0163" num="0163">[0094] Furthermore, the Ni-based ternary alloys discussed herein may be quaternary alloys or have even more than four materials than four according to different example embodiments. In other words, although certain example embodiments are described as "ternary alloys," it will be appreciated that such alloys may include three or more materials. </p><p id="p0164" num="0164">[0095] In further embodiments, a layer of or including NiCr and/or the target used to sputter said layer may comprise NiCr in a ratio of 20:80, 40:60, 60:40, or 80:20 (by weight). A layer of or including NiMo and/or the target used to sputter said layer may comprise NiMo in a ratio of 20:80, 40:60, 60:40, or 80:20 (by weight). A layer of or including NbCr and/or the target used to sputter said layer may comprise NbCr in a ratio of 20:80, 40:60, 60:40, or 80:20 (by weight). A layer of or including NbZr and/or the target used to sputter said layer may comprise NbZr in a ratio of 20:80, 40:60, 60:40, or 
<!-- EPO <DP n="31"/>-->
 80:20 (by weight). Barrier layers as described herein may further be of or include Haynes 214. </p><p id="p0165" num="0165">[0096] In certain example embodiments, the coated article illustrated in Figs. 1-16 may be used as a monolithic window with a low-E coating on surface 1 and/or 2, where the low-E coating includes only a single IR reflecting layer. However, in other example embodiments, the coated article in Fig. 1 may comprise further layers. Furthermore, a coated article made according to example embodiments described herein may be used in an insulated glass unit (IGU), with the coating(s) on surface 1, 2, 3, and/or 4; in a laminated </p><p id="p0166" num="0166">monolithic lite with the coating embedded in or disposed on or against the interlayer on surfaces 2 and/or 3, or exposed on surface 4; in a laminated IGU, with a laminate outboard with the coating embedded against the interlayer on surfaces 2 and/or 3, or exposed on surface 4; in a laminated IGU, with a laminated inboard with the coated exposed on surfaces 3 and/or 6, or embedded on surfaces 4 and/or 5, according to different example embodiments and applications. In other words, this coating may be used monolithically, or in IG units comprising two or more substrates, or more than once in a glass unit, and may be provided on any surface of the unit in different example embodiments. However, in other example embodiments, a coated article as described herein may be used with any number of IR reflecting layers and maybe combined with any number of other glass substrates to create a laminated and/or insulated glass unit. The coatings may also be used in connection with IGU, VIG, automotive glass, and any other applications, according to different example embodiments. </p><p id="p0167" num="0167"> [0097] Furthermore, the coatings in Fig. 1-16 as described herein may be used on surface 1 for applications in which coatings are directly exposed to the external atmosphere. In certain example embodiments, this may include anti- condensation coatings. In other example embodiments, this may include skylights, vehicle windows and/or windshields, IG units, VIG units, 
<!-- EPO <DP n="32"/>-->
 refrigerator and/or freezer doors, and/or the like. The coatings in Fig. 1-16 as described herein may also be applied to surface 4 of double IG units, or surface 6 of triple IG units, to improve a window's U- value. These coatings may also be used monolithically in applications such as storm doors. In certain example embodiments, the coatings as described herein advantageously proved excellent durability and stability, low haze, and smooth, easy to clean properties, in certain example embodiments. </p><p id="p0168" num="0168">[0098] Other example embodiments for coatings described herein, particularly for monolithic coating applications, include anti-condensation coatings. Coatings as described herein may be used for surface 1 anti- condensation applications. This may enable toe coating to be survivable in an outside environment. In certain example embodiments, the coating may have a low hemispherical emissivity such that the glass surface is more likely to retain heat from the interior area. This may advantageously reduce the presence of condensation thereon. </p><p id="p0169" num="0169"> [0099] Another example application for the coatings described herein includes the use of an example coating or the materials disclosed herein to surface 4 of an IG unit (e.g., the surface farthest from the sun), exposed to a building's interior. In these cases, the coating would be exposed to the atmosphere. In some cases, this may damage the Ag layer in the stack. </p><p id="p0170" num="0170">However, by using a coating as described herein, the coating including improved barrier materials and/or Ag alloys may have improved corrosion resistance, and better mechanical and/or chemical durability. </p><p id="p0171" num="0171">[00100] Although certain example embodiments have been described as relating to low-E coatings, the various barrier layers described herein may be used in connection with different types of coatings. </p><p id="p0172" num="0172">[00101] A coated article as described herein (e.g., see Figs. 1-14) may or may not be heat-treated (e.g., tempered) in certain example embodiments. The 
<!-- EPO <DP n="33"/>-->
 terms "heat treatment" and "heat treating" as used herein mean heating the article to a temperature sufficient to achieve thermal tempering and/or heat strengthening of the glass inclusive article. This definition includes, for example, heating a coated article in an oven or furnace at a temperature of at least about 550 degrees C, more preferably at least about 580 degrees C, more preferably at least about 600 degrees C, more preferably at least about 620 degrees C, and most preferably at least about 650 degrees C for a sufficient period to allow tempering and/or heat strengthening. This may be for at least about two minutes, or up to about 10 minutes, in certain example embodiments. </p><p id="p0173" num="0173">[00102] As indicated above, certain example embodiments may include a low-E coating supported by a glass substrate. This coated article may be used monolithically or laminated to another glass or other substrate. The coated article also may be built into an insulated glass (IG) unit. IG units generally comprise first and second substantially parallel spaced apart glass substrates. A seal is provided around the periphery of the substrates, and a gap (which may be at least partially filled with an inert gas such as Ar, Xe, Kr, and/or the like) is maintained between the substrates. </p><p id="p0174" num="0174">[001031 As alluded to above, the example materials disclosed herein may be used in connection with low-E and/or anticondensation applications. </p><p id="p0175" num="0175">Example low-E and/or anticondensation coatings are described in, for example, Application Serial Nos. 12/926,714; 12/923,082; 12/662,894; 12/659, 196; </p><p id="p0176" num="0176">12/385,234; 12/385,802; 12/461 ,792; 12/591,61 1 ; and 12/654,594, the entire contents of which are hereby incorporated herein by reference. Thus, for example, one or more of the barrier layer materials described herein may replace or supplement one of more of the layers comprising Ni and/or Cr in certain example embodiments. In certain example embodiments, one or more of the materials disclosed herein may replace or supplement the functional IR reflecting (typically silver-based) layer or layers. 
<!-- EPO <DP n="34"/>-->
 [00104] Some or all of the layers described herein may be disposed via sputter depositing or any other suitable technique such as, for example, CVD, combustion deposition, etc. </p><p id="p0177" num="0177">[00105] As used herein, the terms "on," "supported by," and the like should not be interpreted to mean that two elements are directly adjacent to one another unless explicitly stated. In other words, a first layer may be said to be "on" or "supported by" a second layer, even if there are one or more layers therebetween. </p><p id="p0178" num="0178">[00106] While the invention has been described in connection with what is presently considered to be the most practical and preferred embodiment, it is to be understood that the invention is not to be limited to the disclosed embodiment, but on the contrary, is intended to cover various modifications and equivalent arrangements included within the spirit and scope of the appended claims. 
</p></description><claims mxw-id="PCLM44851627" ref-ucid="WO-2012118471-A1" lang="EN" load-source="patent-office"><claim-statement><!-- EPO <DP n="35"/>-->WHAT IS CLAIMED IS: </claim-statement><claim id="clm-0001" num="1"><claim-text>1. A method of making a coated article including a coating supported by a glass substrate, the method comprising: </claim-text><claim-text> disposing a dielectric layer on the glass substrate; </claim-text><claim-text> disposing a first barrier layer comprising a Ni-inclusive ternary alloy over the dielectric layer; </claim-text><claim-text> disposing an IR reflecting layer comprising silver over the Ni- inclusive ternary alloy; and </claim-text><claim-text> disposing a second barrier layer comprising a Ni- inclusive ternary alloy over the IR reflecting layer, wherein the coating is used as a low-E coating. </claim-text></claim><claim id="clm-0002" num="2"><claim-text>2. The method of claim 1, wherein the coating comprises only one IR reflecting layer. </claim-text></claim><claim id="clm-0003" num="3"><claim-text>3. A method of making an insulated glass (IG) unit, the method comprising: </claim-text><claim-text> providing the coated article of any of the preceding claims; and providing a second substrate; </claim-text><claim-text> positioning the coated article relative to the second substrate so that the coating on the coated article is located on surface 1 or on surface 4 of the IG unit in making the IG unit. </claim-text></claim><claim id="clm-0004" num="4"><claim-text>4. A method of making an insulated glass (IG) unit, the method comprising: </claim-text><claim-text> providing first and second coated articles according to any of the preceding claims; and </claim-text><claim-text> positioning the first and second coated article relative to one another so that the of the first and/or second coatings on the first and/or second coated <!-- EPO <DP n="36"/>--> articles is/are on an exterior surface of the IG unit in making the IG unit. </claim-text></claim><claim id="clm-0005" num="5"><claim-text>5. The method of any of claims 1 or 2, wherein at least one of the first and second barrier layers further comprises Cr and Mo. </claim-text></claim><claim id="clm-0006" num="6"><claim-text>6. The method of any of claims 1 , 2 or 5, wherein the first barrier layer comprises 54-58 wt. % Ni, 20-22.5 wt. % Cr, and 12.5-14.5 wt. % Mo. </claim-text></claim><claim id="clm-0007" num="7"><claim-text>7. The method of any of claims 1, 2, 5 or 6, wherein the second barrier layer comprises 54-58 wt. % Ni, 20-22.5 wt. % Cr, and 12.5-14.5 wt. % Mo. </claim-text></claim><claim id="clm-0008" num="8"><claim-text>8. The method of any of claims 1, 2, 5, 6 or 7, wherein the first and second barrier layers each comprise 54-58 wt. % Ni, 20-22.5 wt. % Cr, and 12.5-14.5 wt. % Mo, and the dielectric layer comprises silicon nitride. </claim-text></claim><claim id="clm-0009" num="9"><claim-text>9. A method of making a coated article including a coating supported by a glass substrate, the method comprising: </claim-text><claim-text> disposing a dielectric layer on the glass substrate; </claim-text><claim-text> disposing a first barrier layer comprising a Ni-inclusive alloy over the dielectric layer; </claim-text><claim-text> disposing an IR reflecting layer comprising silver over the Ni- inclusive ternary alloy; and </claim-text><claim-text> disposing a second barrier layer comprising a Ni- inclusive alloy over the IR reflecting layer, wherein the coating is used as a low-E coating, wherein the first and second barrier layers comprise at least one Ni-inclusive alloy of NiCr, NiTi, and/or NiCrMo, and wherein the first barrier layer and the second barrier layer comprise different Ni-inclusive alloys. <!-- EPO <DP n="37"/>--> </claim-text></claim><claim id="clm-0010" num="10"><claim-text>10. The method of claim 9, wherein the first barrier layer comprises NiCr and the second barrier layer comprises NiTi. </claim-text></claim><claim id="clm-0011" num="11"><claim-text>1 1. The method of claim 9, wherein the first barrier layer comprises NiCr and the second barrier layer comprises NiCrMo. </claim-text></claim><claim id="clm-0012" num="12"><claim-text>12. A method of making a coated article, the method comprising: disposing a dielectric layer on a glass substrate; </claim-text><claim-text> disposing a first barrier layer over the dielectric layer; </claim-text><claim-text> disposing an IR reflecting layer comprising silver over the first barrier layer; and </claim-text><claim-text> disposing a second barrier layer over the IR reflecting layer, wherein the coating is used as a low-E coating, </claim-text><claim-text> wherein the first and second barrier layers comprise 54-58 wt. % Ni, 20- 22.5 wt. % Cr, and 12.5-14.5 wt. % Mo. </claim-text></claim><claim id="clm-0013" num="13"><claim-text>13. The method of any of claims 1, 5, 6, 7, 8, 9, 10, 1 1 or 12, wherein the coating comprises only one IR reflecting layer. </claim-text></claim><claim id="clm-0014" num="14"><claim-text>14. A method of making an insulated glass (IG) unit, the method comprising: </claim-text><claim-text> providing the coated article of claim 9, 10, 1 1, 12, or 13; and </claim-text><claim-text> providing a second substrate; </claim-text><claim-text> positioning the coated article relative to the second substrate so that the coating on the coated article is located on surface 1 or on surface 4 of the IG unit in making the IG unit. </claim-text></claim><claim id="clm-0015" num="15"><claim-text>15. A method of making an insulated glass (IG) unit, the method comprising: <!-- EPO <DP n="38"/>--> providing first and second coated articles according to any of claims 1 , 5, 6, 7, 8, 9, 10, 1 1, 12 or 13; and </claim-text><claim-text> positioning the first and second coated article relative to one another so that the of the first and/or second coatings on the first and/or second coated articles is/are on an exterior surface of the IG unit in making the IG unit. </claim-text></claim><claim id="clm-0016" num="16"><claim-text>16. The method of any of claims 1 , 5, 6, 7, 8, 9, 10, 1 1 , 12 or 15, wherein the coating comprises a second IR reflecting layer comprising silver. </claim-text></claim><claim id="clm-0017" num="17"><claim-text>17. The method of any of claims 1 , 5, 6, 7, 8, 9, 10, 1 1 , 12, 15 or 16, wherein the coating further comprises a third barrier layer comprising 54-58 wt. % Ni, 20-22.5 wt. % Cr, and 12.5-14.5 wt. % Mo over and contacting the second IR reflecting layer. </claim-text></claim><claim id="clm-0018" num="18"><claim-text>18. A coated article comprising substrate supporting a low-E coating, the coating comprising in order moving away from the substrate: </claim-text><claim-text> a first dielectric layer; </claim-text><claim-text> a first barrier layer; </claim-text><claim-text> a first IR reflecting layer comprising silver, provided over and </claim-text><claim-text>contacting the first barrier layer; </claim-text><claim-text> a second barrier layer, provided over and contacting the IR reflecting layer; and </claim-text><claim-text> a second dielectric layer provided over the second barrier layer, wherein the first and second barrier layers comprise 54-58 wt. % Ni, 20- 22.5 wt. % Cr, and 12.5-14.5 wt. % Mo. </claim-text></claim><claim id="clm-0019" num="19"><claim-text>19. The coated article of claim 18, wherein the article comprises only one IR reflecting layer and is used monolithically. <!-- EPO <DP n="39"/>--> </claim-text></claim><claim id="clm-0020" num="20"><claim-text>20. The method of claim 1, wherein the first and second barrier layers comprise NiCrMo. </claim-text></claim><claim id="clm-0021" num="21"><claim-text>21. The method of any of claims 1, 2, 5, 6, 7, 8, or 9, wherein at least one of the first and second barrier layers comprises 60-65 wt. % Ni, 12-17 wt. % Cr, and 20-25 wt. % Mo. </claim-text></claim><claim id="clm-0022" num="22"><claim-text>22. The method of any of claims 1, 2, 5, 6, 7, 8, or 9, wherein at least one of the first and second barrier layers comprises 63-67 wt. % Ni, 1-2 wt. % Cr, and 25-30 wt. % Mo. </claim-text></claim><claim id="clm-0023" num="23"><claim-text>23. The method of any of claims 1, 2, 5, 6, 7, 8, 9, or 18 further comprising disposing an overcoat layer comprising an oxide of Zr over the second barrier layer. </claim-text></claim><claim id="clm-0024" num="24"><claim-text>24. The method of claim 23, wherein the layer comprising an oxide of Zr further comprises at least one of Ti, Al and Mo. </claim-text></claim><claim id="clm-0025" num="25"><claim-text>25. The method of claim 12, further comprising disposing an overcoat layer comprising an oxide of Zr over the second barrier layer. </claim-text></claim><claim id="clm-0026" num="26"><claim-text>26. The method of claim 25, wherein the layer comprising an oxide of Zr further comprises at least one of Ti, Al and Mo. </claim-text></claim></claims><copyright>User acknowledges that Fairview Research LLC and its third party providers retain all right, title and interest in and to this xml under applicable copyright laws.  User acquires no ownership rights to this xml including but not limited to its format.  User hereby accepts the terms and conditions of the Licence Agreement</copyright></patent-document>
