<?xml version="1.0" encoding="UTF-8"?>
<patent-document ucid="EP-2680721-A1" country="EP" doc-number="2680721" kind="A1" date="20140108" family-id="44625370" file-reference-id="318288" date-produced="20180823" status="corrected" lang="EN"><bibliographic-data><publication-reference fvid="146587131" ucid="EP-2680721-A1"><document-id><country>EP</country><doc-number>2680721</doc-number><kind>A1</kind><date>20140108</date><lang>EN</lang></document-id></publication-reference><application-reference ucid="EP-11708157-A" is-representative="NO"><document-id mxw-id="PAPP154849323" load-source="docdb" format="epo"><country>EP</country><doc-number>11708157</doc-number><kind>A</kind><date>20110301</date><lang>EN</lang></document-id><document-id mxw-id="PAPP210428312" load-source="docdb" format="original"><country>EP</country><doc-number>11708157.0</doc-number><date>20110301</date><lang>EN</lang></document-id></application-reference><priority-claims><priority-claim mxw-id="PPC140550457" ucid="US-2011026643-W" linkage-type="A" load-source="docdb"><document-id format="epo"><country>US</country><doc-number>2011026643</doc-number><kind>W</kind><date>20110301</date></document-id></priority-claim></priority-claims><technical-data><classifications-ipcr><classification-ipcr mxw-id="PCL-1815405387" load-source="docdb">A46B  15/00        20060101ALI20170421BHEP        </classification-ipcr><classification-ipcr mxw-id="PCL-1815405388" load-source="docdb">A46B   9/06        20060101AFI20170421BHEP        </classification-ipcr><classification-ipcr mxw-id="PCL-1815405389" load-source="docdb">A46B   9/04        20060101ALI20170421BHEP        </classification-ipcr><classification-ipcr mxw-id="PCL-1815405390" load-source="docdb">A46B   5/00        20060101ALI20170421BHEP        </classification-ipcr><classification-ipcr mxw-id="PCL-1815405391" load-source="docdb">A46B   3/20        20060101ALI20170421BHEP        </classification-ipcr></classifications-ipcr><classifications-cpc><classification-cpc mxw-id="PCL-1884766614" load-source="docdb" scheme="CPC">A46B2200/1066      20130101 LA20161026BHEP        </classification-cpc><classification-cpc mxw-id="PCL-1884766615" load-source="docdb" scheme="CPC">A46B  15/0038      20130101 LI20161026BHEP        </classification-cpc><classification-cpc mxw-id="PCL-1884766616" load-source="docdb" scheme="CPC">A46B  15/0012      20130101 LI20161026BHEP        </classification-cpc><classification-cpc mxw-id="PCL-1884766617" load-source="docdb" scheme="CPC">A46B   9/06        20130101 LI20161026BHEP        </classification-cpc><classification-cpc mxw-id="PCL-1884766618" load-source="docdb" scheme="CPC">A46B   5/0062      20130101 LA20161026BHEP        </classification-cpc><classification-cpc mxw-id="PCL-1884766619" load-source="docdb" scheme="CPC">A46B   5/0029      20130101 LA20161026BHEP        </classification-cpc><classification-cpc mxw-id="PCL-1884766620" load-source="docdb" scheme="CPC">A46B   3/20        20130101 LA20161026BHEP        </classification-cpc><classification-cpc mxw-id="PCL1989643387" load-source="docdb" scheme="CPC">A46B  15/0044      20130101 FI20131219BHEP        </classification-cpc><classification-cpc mxw-id="PCL1989652177" load-source="docdb" scheme="CPC">A46B   9/04        20130101 LI20131219BHEP        </classification-cpc></classifications-cpc><invention-title mxw-id="PT132366026" lang="DE" load-source="patent-office">ZAHNBÜRSTE MIT EINER VORRICHTUNG ZUR ANZEIGE DER BÜRSTKRAFT</invention-title><invention-title mxw-id="PT132366027" lang="EN" load-source="patent-office">TOOTHBRUSH INCLUDING A DEVICE FOR INDICATING BRUSHING FORCE</invention-title><invention-title mxw-id="PT132366028" lang="FR" load-source="patent-office">BROSSE À DENTS COMPRENANT UN DISPOSITIF POUR INDIQUER LA FORCE DE BROSSAGE</invention-title></technical-data><parties><applicants><applicant mxw-id="PPAR919507693" load-source="docdb" sequence="1" format="epo"><addressbook><last-name>COLGATE PALMOLIVE CO</last-name><address><country>US</country></address></addressbook></applicant><applicant mxw-id="PPAR919528473" load-source="docdb" sequence="1" format="intermediate"><addressbook><last-name>COLGATE-PALMOLIVE COMPANY</last-name></addressbook></applicant><applicant mxw-id="PPAR919018292" load-source="patent-office" sequence="1" format="original"><addressbook><last-name>Colgate-Palmolive Company</last-name><iid>101054591</iid><address><street>300 Park Avenue</street><city>New York, NY 10022</city><country>US</country></address></addressbook></applicant></applicants><inventors><inventor mxw-id="PPAR919520845" load-source="docdb" sequence="1" format="epo"><addressbook><last-name>PATEL MADHUSUDAN</last-name><address><country>US</country></address></addressbook></inventor><inventor mxw-id="PPAR919528509" load-source="docdb" sequence="1" format="intermediate"><addressbook><last-name>PATEL, MADHUSUDAN</last-name></addressbook></inventor><inventor mxw-id="PPAR919009419" load-source="patent-office" sequence="1" format="original"><addressbook><last-name>PATEL, MADHUSUDAN</last-name><address><street>197 Bamburgh Court</street><city>Somerset New Jersey 08873</city><country>US</country></address></addressbook></inventor><inventor mxw-id="PPAR919536578" load-source="docdb" sequence="2" format="epo"><addressbook><last-name>MINTEL THOMAS E</last-name><address><country>US</country></address></addressbook></inventor><inventor mxw-id="PPAR919513169" load-source="docdb" sequence="2" format="intermediate"><addressbook><last-name>MINTEL, THOMAS E.</last-name></addressbook></inventor><inventor mxw-id="PPAR919010461" load-source="patent-office" sequence="2" format="original"><addressbook><last-name>MINTEL, THOMAS E.</last-name><address><street>439 Central Avenue</street><city>Rahway New Jersey 07065</city><country>US</country></address></addressbook></inventor><inventor mxw-id="PPAR919543123" load-source="docdb" sequence="3" format="epo"><addressbook><last-name>KENNEDY SHARON</last-name><address><country>US</country></address></addressbook></inventor><inventor mxw-id="PPAR919521097" load-source="docdb" sequence="3" format="intermediate"><addressbook><last-name>KENNEDY, SHARON</last-name></addressbook></inventor><inventor mxw-id="PPAR919018214" load-source="patent-office" sequence="3" format="original"><addressbook><last-name>KENNEDY, SHARON</last-name><address><street>4213 Holbrook Road</street><city>Randallstown Maryland 21133</city><country>US</country></address></addressbook></inventor><inventor mxw-id="PPAR919527641" load-source="docdb" sequence="4" format="epo"><addressbook><last-name>GATZEMEYER JOHN J</last-name><address><country>US</country></address></addressbook></inventor><inventor mxw-id="PPAR919519059" load-source="docdb" sequence="4" format="intermediate"><addressbook><last-name>GATZEMEYER, JOHN J.</last-name></addressbook></inventor><inventor mxw-id="PPAR919013429" load-source="patent-office" sequence="4" format="original"><addressbook><last-name>GATZEMEYER, JOHN J.</last-name><address><street>85 Rohill Road</street><city>Hillsborough New Jersey 08844</city><country>US</country></address></addressbook></inventor><inventor mxw-id="PPAR919540598" load-source="docdb" sequence="5" format="epo"><addressbook><last-name>JIMENEZ EDUARDO J</last-name><address><country>US</country></address></addressbook></inventor><inventor mxw-id="PPAR919509416" load-source="docdb" sequence="5" format="intermediate"><addressbook><last-name>JIMENEZ, EDUARDO J.</last-name></addressbook></inventor><inventor mxw-id="PPAR919014088" load-source="patent-office" sequence="5" format="original"><addressbook><last-name>JIMENEZ, EDUARDO J.</last-name><address><street>21 Manor Drive</street><city>Manalapan New Jersey 07726</city><country>US</country></address></addressbook></inventor></inventors><agents><agent mxw-id="PPAR919017798" load-source="patent-office" sequence="1" format="original"><addressbook><last-name>Jenkins, Peter David</last-name><iid>100026614</iid><address><street>Page White &amp; Farrer Bedford House John Street</street><city>London WC1N 2BF</city><country>GB</country></address></addressbook></agent></agents></parties><international-convention-data><pct-or-regional-filing-data ucid="US-2011026643-W"><document-id><country>US</country><doc-number>2011026643</doc-number><kind>W</kind><date>20110301</date><lang>EN</lang></document-id></pct-or-regional-filing-data><pct-or-regional-publishing-data ucid="WO-2012118487-A1"><document-id><country>WO</country><doc-number>2012118487</doc-number><kind>A1</kind><date>20120907</date><lang>EN</lang></document-id></pct-or-regional-publishing-data><designated-states><ep-contracting-states><country mxw-id="DS549852175" load-source="docdb">AL</country><country mxw-id="DS549768905" load-source="docdb">AT</country><country mxw-id="DS549852176" load-source="docdb">BE</country><country mxw-id="DS549851240" load-source="docdb">BG</country><country mxw-id="DS549865922" load-source="docdb">CH</country><country mxw-id="DS549769148" load-source="docdb">CY</country><country mxw-id="DS549768906" load-source="docdb">CZ</country><country mxw-id="DS549852177" load-source="docdb">DE</country><country mxw-id="DS549769153" load-source="docdb">DK</country><country mxw-id="DS549769154" load-source="docdb">EE</country><country mxw-id="DS549782164" load-source="docdb">ES</country><country mxw-id="DS549851241" load-source="docdb">FI</country><country mxw-id="DS549851246" load-source="docdb">FR</country><country mxw-id="DS549852182" load-source="docdb">GB</country><country mxw-id="DS549769155" load-source="docdb">GR</country><country mxw-id="DS549852183" load-source="docdb">HR</country><country mxw-id="DS549768907" load-source="docdb">HU</country><country mxw-id="DS549865923" load-source="docdb">IE</country><country mxw-id="DS549769156" load-source="docdb">IS</country><country mxw-id="DS549851247" load-source="docdb">IT</country><country mxw-id="DS549769169" load-source="docdb">LI</country><country mxw-id="DS549850592" load-source="docdb">LT</country><country mxw-id="DS549918182" load-source="docdb">LU</country><country mxw-id="DS549850593" load-source="docdb">LV</country><country mxw-id="DS549850598" load-source="docdb">MC</country><country mxw-id="DS549918183" load-source="docdb">MK</country><country mxw-id="DS549918184" load-source="docdb">MT</country><country mxw-id="DS549782177" load-source="docdb">NL</country><country mxw-id="DS549851248" load-source="docdb">NO</country><country mxw-id="DS549918185" load-source="docdb">PL</country><country mxw-id="DS549865924" load-source="docdb">PT</country><country mxw-id="DS549782178" load-source="docdb">RO</country><country mxw-id="DS549865925" load-source="docdb">RS</country><country mxw-id="DS549918186" load-source="docdb">SE</country><country mxw-id="DS549852184" load-source="docdb">SI</country><country mxw-id="DS549851249" load-source="docdb">SK</country><country mxw-id="DS549918187" load-source="docdb">SM</country><country mxw-id="DS549769170" load-source="docdb">TR</country></ep-contracting-states></designated-states></international-convention-data><office-specific-data><eptags><ep-no-a-document-published>*</ep-no-a-document-published></eptags></office-specific-data></bibliographic-data><abstract mxw-id="PA99831168" ref-ucid="WO-2012118487-A1" lang="EN" load-source="patent-office"><p num="0000">A toothbrush that includes a piezochromic polymer or a proximity dye based polymer effective to emit an optical signal indicative of brushing force.</p></abstract><abstract mxw-id="PA100327992" ref-ucid="WO-2012118487-A1" lang="EN" source="national office" load-source="docdb"><p>A toothbrush that includes a piezochromic polymer or a proximity dye based polymer effective to emit an optical signal indicative of brushing force.</p></abstract><abstract mxw-id="PA99831169" ref-ucid="WO-2012118487-A1" lang="FR" load-source="patent-office"><p num="0000">L'invention concerne une brosse à dents qui comprend un polymère piézochromique ou un polymère à base d'un colorant de proximité efficace pour émettre un signal optique indiquant la force de brossage.</p></abstract><abstract mxw-id="PA100327993" ref-ucid="WO-2012118487-A1" lang="FR" source="national office" load-source="docdb"><p>L'invention concerne une brosse à dents qui comprend un polymère piézochromique ou un polymère à base d'un colorant de proximité efficace pour émettre un signal optique indiquant la force de brossage.</p></abstract><description mxw-id="PDES51232460" ref-ucid="WO-2012118487-A1" lang="EN" load-source="patent-office"><!-- EPO <DP n="2"/>--><p id="p0001" num="0001"> Attorney Docket No: 8953-00- WO-TB </p><p id="p0002" num="0002">TOOTHBRUSH INCLUDING A DEVICE FOR INDICATING BRUSHING FORCE </p><p id="p0003" num="0003">FIELD OF THE INVENTION </p><p id="p0004" num="0004"> [0001] The present invention relates to a toothbrush, and in particular to a toothbrush which incorporates a device to indicate to the user that a suitable force is being applied during brushing. </p><p id="p0005" num="0005"> BACKGROUND </p><p id="p0006" num="0006"> [0002] It is widely appreciated that people cause serious damage to their teeth and gums by brushing too hard, and there have been a number of designs of toothbrush aimed at overcoming this problem. Several studies have arrived at the conclusion that excessive force during brushing leads to recession on premolars, and also gingival recession, which exposes the underlying cementum, often leading to hypersensitivity, loss of aesthetics, and may be a factor in root caries and root surface abrasion, leading to root fillings. </p><p id="p0007" num="0007">[0003] One solution is a brush, which simply will not transmit excessive force, for example a design disclosed in DE 3724476 where the neck of the toothbrush buckles if the user attempts to brush too hard. This, however, may result in a relatively flimsy product, which may be frustrating to use, as brushing may continually be interrupted. </p><p id="p0008" num="0008"> [0004] Another known solution is disclosed in US 5502861, which provides a toothbrush with an indicator which signals to the user if excessive force is being applied. This has the advantage that the user is provided with a clear signal that brushing is too hard, and which can be used to learn to brush correctly. It is disclosed in US 5282291 that it is thought preferable to make the indicator mechanism an integral part of the brush, rather than an attachment to it; the latter arrangement generally results in a brush which is awkwardly shaped and unnatural to use. </p><p id="p0009" num="0009"> [0005] Designs incorporating integral indicators, which are activated by electrical circuits, are known. In the design disclosed in US 5282291, components of the circuit are brought into contact as the brush flexes, completing the circuit and triggering the indicator. Often, the user must fit a battery to power the indicator, which due to the limited size of the brush must be small and is, therefore, tricky to fit. In designs where a battery is required, access to the circuitry must be available, for example through a removable cover. This arrangement is inevitably less hygienic: the cover is unlikely to fit exactly flush with the handle surface and debris may collect in any gap between the cover and handle and also in the cavity itself. The 
<!-- EPO <DP n="3"/>-->
 Attorney Docket No: 8953-00- WO-TB device disclosed in DE 3724476 avoids the problem of powering the indicator circuit by relying instead on a piezoelectric component to act as a mechanical-electrical converter producing an electrical signal in response to the applied force. Obviously, these designs require a number of miniature components fitted into a small cavity in the brush handle, which is likely to render them difficult and therefore expensive to manufacture. Also, it is not ideal to locate a battery in a persistently damp environment, especially if it has to be replaced from time to time. </p><p id="p0010" num="0010"> [0006] These disadvantages can be overcome by the use of an indicator, which does not require a separate power source or complex circuitry and can be incorporated easily into the body of the brush. US 6389636, for example, discloses a toothbrush comprising a piezochromic material, which signals suitable brushing force without the provision of a power supply or electrical circuitry. See also US 6330730. </p><p id="p0011" num="0011"> [0007] Despite the foregoing developments, there is room for further improvements. </p><p id="p0012" num="0012"> BRIEF SUMMARY OF THE INVENTION </p><p id="p0013" num="0013"> [0008] According to a first aspect of the invention there is provided a toothbrush comprising a piezochromic polymer effective to emit an optical signal indicative of brushing force. </p><p id="p0014" num="0014">[0009] In certain embodiments, the toothbrush further comprises: </p><p id="p0015" num="0015"> (a) a handle; </p><p id="p0016" num="0016"> (b) a head; </p><p id="p0017" num="0017"> (c) bristles positioned on the head; and </p><p id="p0018" num="0018"> (d) a neck joining the handle to the head, </p><p id="p0019" num="0019"> [0010] wherein at least one of the handle, the head, the bristles and the neck comprises the piezochromic polymer. </p><p id="p0020" num="0020"> [0011] In certain embodiments, the piezochromic polymer is contained in a cavity within the toothbrush, and at least a portion of the toothbrush overlying the cavity is transparent or translucent such that the piezochromic polymer is visible. In such embodiments, it is preferred that the portion of the toothbrush overlying the cavity is a window located on a back side of the toothbrush, such that the piezochromic polymer is visible when teeth of a user are being brushed in front of a mirror. </p><p id="p0021" num="0021"> [0012] In certain embodiments, the piezochromic polymer is an electrocylic ring-opening mechanophore. In certain embodiments, the electrocylic ring-opening mechanophore 
<!-- EPO <DP n="4"/>-->
 Attorney Docket No: 8953-00- WO-TB comprises spiropyran. In some embodiments, the spiropyran molecue can be incorporated in a poly(methyl acrylate) polymer or a poly(methyl methacrylate) polymer. </p><p id="p0022" num="0022"> [0013] In certain embodiments, the optical signal is at least one color change indicative of at least one of excessive brushing force, acceptable brushing force and inadequate brushing force. </p><p id="p0023" num="0023"> [0014] In certain embodiments, the toothbrush is free of a power supply and electrical circuitry. </p><p id="p0024" num="0024"> [0015] In certain embodiments, the toothbrush further comprises an elongated bladder adapted to transmit force from the head to the piezochromic polymer, wherein the piezochromic polymer is located in or on the neck. </p><p id="p0025" num="0025"> [0016] In certain embodiments, the toothbrush further comprises a lever inside the head and neck, wherein the lever is adapted to transmit force from the head to the piezochromic polymer, wherein the piezochromic polymer is located in or on the neck. </p><p id="p0026" num="0026"> [0017] In certain embodiments, at least some of the bristles comprise the piezochromic polymer. </p><p id="p0027" num="0027"> [0018] In certain embodiments, at least a bristle-contacting surface of the head comprises the piezochromic polymer, and the bristles are sufficiently transparent or translucent such that a color of the bristle-contacting surface of the head is visible. </p><p id="p0028" num="0028"> [0019] According to a second aspect of the invention there is provided a toothbrush comprising a proximity dye based polymer effective to emit an optical signal indicative of brushing force. </p><p id="p0029" num="0029"> [0020] In certain embodiments of the second aspect of the invention, the toothbrush further comprises: </p><p id="p0030" num="0030"> (a) a handle; </p><p id="p0031" num="0031"> (b) a head; </p><p id="p0032" num="0032"> (c) bristles positioned on the head; and </p><p id="p0033" num="0033"> (d) a neck joining the handle to the head, </p><p id="p0034" num="0034"> [0021] wherein at least one of the handle, the head, the bristles and the neck comprises the proximity dye based polymer. </p><p id="p0035" num="0035"> [0022] In certain embodiments of the second aspect of the invention, the proximity dye based polymer is contained in a cavity within the toothbrush, and at least a portion of the toothbrush overlying the cavity is transparent or translucent such that the proximity dye based polymer is 
<!-- EPO <DP n="5"/>-->
 Attorney Docket No: 8953-00- WO-TB visible. In some of these embodiments, the portion of the toothbrush overlying the cavity is a window located on a back side of the toothbrush, such that the proximity dye based polymer is visible when teeth of a user are being brushed in front of a mirror. </p><p id="p0036" num="0036"> [0023] In certain embodiments of the second aspect of the invention, the optical signal is at least one color change indicative of at least one of excessive brushing force, acceptable brushing force and inadequate brushing force. </p><p id="p0037" num="0037"> [0024] In certain embodiments of the second aspect of the invention, the toothbrush is free of a power supply and electrical circuitry. </p><p id="p0038" num="0038"> [0025] Further areas of applicability of the present invention will become apparent from the detailed description provided hereinafter. It should be understood that the detailed description and specific examples, while indicating the preferred embodiment of the invention, are intended for purposes of illustration only and are not intended to limit the scope of the invention. </p><p id="p0039" num="0039"> BRIEF DESCRIPTION OF THE DRAWING </p><p id="p0040" num="0040">[0026] The present invention will become more fully understood from the detailed description and the accompanying drawings, wherein: </p><p id="p0041" num="0041"> [0027] FIG. 1 is a perspective view of a first embodiment of the invention showing a brush having an internal cavity which is completely filled with piezochromic material; </p><p id="p0042" num="0042"> [0028] FIG. 2 is a side view of a brush head according to a second embodiment of the invention showing bristles interleaved with piezochromic plates; </p><p id="p0043" num="0043"> [0029] FIG. 3 is a plan view of the brush head of FIG. 2; </p><p id="p0044" num="0044"> [0030] FIG. 4 is a side view of a brush head according to a third embodiment of the invention showing a membrane at the base of a bristle array; </p><p id="p0045" num="0045"> [0031] FIG. 5 is a side view of a modified version of the brush head of FIG. 4 showing the membrane replaced by a bubble of piezochromic material; </p><p id="p0046" num="0046"> [0032] FIG. 6 is a side view of a fourth embodiment of the invention showing two handle sections linked by a pivot. </p><p id="p0047" num="0047"> [0033] FIG. 7 is a cross-sectional view of a fifth embodiment of the invention showing a lever mechanism for transmitting brushing force to piezochromic material in the handle; and [0034] FIG. 8 is a cross-sectional view of a sixth embodiment of the invention showing a hydraulic mechanism for transmitting brushing force to piezochromic material in the handle. </p><p id="p0048" num="0048"> DETAILED DESCRIPTION OF THE INVENTION 
<!-- EPO <DP n="6"/>-->
 Attorney Docket No: 8953-00- WO-TB </p><p id="p0049" num="0049">[0035] The following description of the preferred embodiment(s) is merely exemplary in nature and is in no way intended to limit the invention, its application, or uses. </p><p id="p0050" num="0050">[0036] The invention comprises a toothbrush incorporating an indicator comprising a pressure (or force) indicating material which provides a signal without the provision of a power supply, such as a battery, and without the provision of electrical circuitry, characterized in that the indicator is capable of providing the signal when a predetermined brushing pressure (or force) is being or has been applied. </p><p id="p0051" num="0051"> [0037] Thus, the user can be provided with a visible signal that a suitable brushing force is being or has been used, and/or a visible signal that an excessive brushing force is being or has been used. A suitable brushing force is preferably less than 3.5 N or less than 3 N or 0.5-2.9 N or 1-2.75 N or 1.5-2.5 N. Thus, in certain embodiments, the brush can be designed to generate a visible signal when brushing force is at least 0.5 N, and/or generate a visible warning signal when brushing force is 3 N or greater. </p><p id="p0052" num="0052"> [0038] In certain embodiments, the signal is provided when a suitable brushing force is being applied and is absent when brushing force is too high. </p><p id="p0053" num="0053"> [0039] Preferably, the pressure signal is a visible signal, which indicates to the user when a suitable brushing pressure and/or an unsuitable brushing pressure is being applied, but then may relax to its original state, e.g., its original color and/or intensity, after a period of time. This may or may not be after the user has finished a normal brushing regime. As such, the relaxation time of the material providing the optical response may typically be in the region of 1 second to 24 hours, though it is preferably long enough for the user to register it, and is preferably less than 24 hours. More preferably, the relaxation time for the pressure indicating material is from 1 second to 10 minutes or 1-10 seconds or 2-5 seconds. </p><p id="p0054" num="0054">[0040] The pressure indicating material according to the invention is a material adapted to show an optical response upon the application of pressure. Pressure indicating materials as defined herein include piezochromic materials, which as defined herein, refer to materials that show a color change in response to pressure (or force) being applied thereto. </p><p id="p0055" num="0055">[0041] In certain embodiments, a pressure indicating material is a material that shows an optical response to a stimulus other than pressure, wherein the stimulus is provided to the material by another element of the toothbrush as a function of brushing force. </p><p id="p0056" num="0056">[0042] Suitable piezochromic materials include but are not limited to piezochromic polymers, such as for example, crystals of toluene sulphonate diacetylene polymers; or 
<!-- EPO <DP n="7"/>-->
 Attorney Docket No: 8953-00- WO-TB copolymers containing poly(diacetylenes) or poly(silylenes). Again, the pressure indicating material may be one susceptible to relative changes in refractive index upon the application of pressure, for example aromatic solvents containing poly(N-methyl acrylamide). </p><p id="p0057" num="0057">[0043] In certain embodiments, the pressure indicating material is piezochromic material of the electrocylic ring-opening mechanophore type. Potisek et al., "Mechanophore-Linked Addition Polymers." J. Am. Chem. Soc, 2007, 129 (45), pp 13808-13809 discloses suitable methods for preparing certain electrocylic ring-opening mechanophores of the present invention. Preferred mechanophores include spiropyran. Preferred polymers to which the mechanophore is linked include poly(methyl acrylate) and poly(methyl methacrylate). </p><p id="p0058" num="0058">[0044] In certain embodiments, the indicator is capable of providing a signal when brushing pressure is being or has been applied and is absent when brushing pressure is too high. Thus it is an essential feature of such embodiments that the pressure indicating material is so calibrated to be capable of providing such a signal. An example of such calibration for a brush comprising a piezochromic material may be the presence of only a certain amount of the active shear sensitive material or the inclusion of an additional material, such as a polymer, which may act as a signal modifier, e.g., by changing the viscosity of the piezochromic material, which will prevent a signal being provided if the brushing pressure is too high. </p><p id="p0059" num="0059"> [0045] It is also envisaged that the signal provided on application of brushing pressure may be graduated to reflect changes in brushing pressure within the suitable range and above the suitable range. For example, the signal may be green when brushing pressure is optimal; amber when pressure is sub-optimal but acceptable and red when pressure is approaching an unacceptable level. The signal would, of course, disappear when the correct pressure is no longer being applied. In a similar way, the intensity of the optical signal may vary with the intensity of the brushing pressure. </p><p id="p0060" num="0060"> [0046] In an alternative aspect of the invention, the pressure indicating material is activated not by the process of brushing but by the user's grip. A strong grip may be suggestive of an aggressive brushing style which may damage the gums. Thus the indicating material may be incorporated so as to provide a signal when the user's grip is within a range which corresponds to a correct brushing pressure. </p><p id="p0061" num="0061"> [0047] Indicator materials preferred for use in the invention display an optical response (a color change) within the range of pressure generated by brushing, which is not affected by the 
<!-- EPO <DP n="8"/>-->
 Attorney Docket No: 8953-00-WO-TB range of temperature to which a brush is normally subjected. A further property desired of a preferred indicator material is that this material can relax to its original state reasonably quickly. An indicator substance which requires a period of days to recover would not be suitable for the present application. It has, however, been found useful to use a material for providing the optical response which demonstrates a degree of hysteresis. </p><p id="p0062" num="0062">[0048] It is envisaged that the relaxation period of the indicator material may be such that it can be seen when the correct brushing pressure is being or has been exceeded during brushing, i.e., the signal disappears as soon as the correct pressure is no longer being applied. </p><p id="p0063" num="0063">[0049] The relaxation period may be so short that changes in brushing technique are quickly represented by the indicator material and several changes in brushing technique may be made. </p><p id="p0064" num="0064"> [0050] In the known designs, a separate mechanism is used to trigger the indicator, for example a predetermined flexure of the brush or movement of the bristles causes two components to move relative to each other and to close an electrical circuit. In a preferred embodiment of the invention, the need for such a mechanism is avoided, as the force exerted on the brush is communicated directly to the indicator. </p><p id="p0065" num="0065"> [0051] Less costly embodiments use a small amount of the pressure indicating material located in a pad, plate or bubble located in/on the brush head, in/on the neck of the brush, in/on the handle of the brush, and/or in/on the bristles. By way of example, the optical indicator (e.g., piezochromic) material can be heat-sealed into a vinyl envelope, or it can be otherwise encapsulated. Two plates of the pressure indicating material may be used, which plates are squashed together by an applied force. In one example, plates of the material are interleaved with the brush bristles. Pressure applied to the bristles causes bending of the bristles as well as the plates. In an alternative embodiment, the material is formed into a resilient membrane located at the base of the bristles, with the brush head preferably being transparent to allow the pressure indicating material to be visually inspected. </p><p id="p0066" num="0066">[0052] In another embodiment, a mechanical arrangement is provided to transmit the force to the indicator. For example, the brush may have two handle sections linked by a pivot, a portion of one of these sections extending beyond the pivot into a cavity provided in the other section. Excessive pressure causes the two sections to rotate relative to each other, in opposite directions about the pivot, such that one face of the extended portion will be brought into contact with the inner surface of the cavity in which it is located. That interior surface is 
<!-- EPO <DP n="9"/>-->
 Attorney Docket No: 8953-00- WO-TB provided with a pad of the pressure indicating material. Designs such as this, which employ moving elements to transmit the applied force to the indicator, have the advantage that the force may be amplified or reduced to fall within the response range of the pressure indicating material. </p><p id="p0067" num="0067"> [0053] With regard to the other parts of the brush, the brush body may be made of materials and with methods used in the art, for example using injection molding techniques and materials such as polypropylene and polymethyl methacrylate. The bristles may be made of materials which are used in the art, including nylon and polybutylterephthalate. </p><p id="p0068" num="0068">[0054] Referring to the drawings, FIG. 1 shows a toothbrush 10 having a head 20 integrally formed with a handle 30 via a neck 60. The head 20 is provided with bristles 40 made of nylon. The head 20 and handle 30 are made of a resilient transparent material such as polymethyl methacrylate and define a cavity 50 extending substantially along the entire length of the brush 10. The cavity 50 is filled with a piezochromic material. A predetermined pressure (suitable for brushing teeth) applied to the bristles 40, or a predetermined flexure of the handle 30, will be transmitted to, and thereby cause an optical response (such as a change of color) of, the piezochromic material. The cavity 50 may, instead of extending substantially the entire length of the brush 10, be more localized, for example, it may be confined to a neck region 60 joining the handle 30 to the head 20. </p><p id="p0069" num="0069"> [0055] FIGS. 2 and 3 show respectively a side and plan view of the head 120 of a second embodiment of the invention to a larger scale. Bristles 140 are interleaved with plates 170 made of piezochromic material. Force applied to the brush head 120 in the direction of arrow F causes flexure of the bristles 140 and the plates 170 in the way shown, and this deformation is transmitted to the plates 170 which will cause an optical response such as a change in color in the piezochromic material as a function of brushing pressure. </p><p id="p0070" num="0070">[0056] FIG. 4 shows a side view of a third embodiment of the invention, and shows a brush head 220 provided with bristles 240. The base of each bristle 240 is attached to a flexible membrane 280, which contains the piezochromic material. Force applied to the bristles 240 in the direction of arrow D is transmitted to the membrane 280, and causes it to deform. Deformation of the membrane 280 stresses the piezochromic material contained within it, causing an optical response in the material such as a change of color on the application of suitable force. 
<!-- EPO <DP n="10"/>-->
 Attorney Docket No: 8953-00- WO-TB </p><p id="p0071" num="0071">[0057] FIG. 5 shows a modified version of the brush head of FIG. 4, in which piezochromic material is contained in a sac 290. Force applied to the bristles 240 is transmitted to the sac 290 via flexible membrane 280 causing it to deform, thereby causing an optical response in the piezochromic material. In this modified brush head, the membrane 280 does not contain piezochromic material. Indeed, in a further modification, the membrane is not required, in which case force applied to the bristles 240 is transmitted directly to the sac 290. </p><p id="p0072" num="0072">[0058] FIG. 6 shows a side view of a fourth embodiment of the invention, in which a handle 330 and a neck 360 of the brush 310 are pivotally connected at 400. A portion 410 (indicated in dotted lines) of the neck 360 extends beyond the pivot 400 into a cavity 350 formed in the handle 330. The neck 360 is integral with the head 320 of the brush 310. </p><p id="p0073" num="0073">[0059] In this embodiment, at least the handle 330 is formed of a transparent plastics material such as polymethyl methacrylate. Force applied to the bristles 340 of the brush 310 in the direction of arrow G, whilst the handle 330 is being held firmly, causes the handle and the head 320 to rotate relative to each other about the pivot 400 in the directions of the arrows HI and H2. </p><p id="p0074" num="0074"> [0060] Rotation is impeded as the neck portion 410 comes into contact with a pad 420 containing a piezochromic material. Continued mechanical applied to the head 320 of the brush 310 is transmitted to the pad 420 causing an optical response in the piezochromic material. </p><p id="p0075" num="0075"> [0061] FIG. 7 shows a cross-sectional view of a fifth embodiment of the invention, in which brush 710 contains lever 700, which pivots about fulcrum 780 when force J is applied against bristles 740, such that force J is transmitted from bristles 740 to piezochromic material 790, which is located in the neck of the brush. The optical response of piezochromic material 790 is visible through window 770. Although FIG. 7 shows the window in the front side (i.e., bristle side) of brush 710, it is also within the scope of the invention for piezochromic material 790 and window 770 to be placed on the back side of the brush with lever mechanism rearranged, e.g., to a second class type lever wherein fulcrum 780 is located further down the neck or handle than piezoelectric material 790. </p><p id="p0076" num="0076"> [0062] FIG. 8 shows a cross-sectional view of a sixth embodiment of the invention, in which brush 810 contains bladder 880, which hydraulically transmits force , which is applied against bristles 840, to piezochromic material 890 located in the neck of the brush. The optical response of piezochromic material 890 is visible through window 870. Although 
<!-- EPO <DP n="11"/>-->
 Attorney Docket No: 8953-00-WO-TB </p><p id="p0077" num="0077">FIG. 8 shows the window in the front side of brush 810, it is also within the scope of the invention for piezochromic material 890 and window 870 to be placed on the back side of the brush. </p><p id="p0078" num="0078"> [0063] In alternative embodiments, polarized materials are used as pressure indicating material, with pieces of polarized material being configured such that their planes of polarization are at 90° to each other. One of the pieces of material is fixed, and the other is able to move on the application of excessive pressure (for example by being attached to a mechanical type embodiment as described in conjunction with FIGS. 6 and 7 above) such that a different orientation of polarization planes is achieved, and thereby a color change is observed. Otherwise, also envisaged is an embodiment of sheet form polarizers which are orientated parallel to each other, and which are separated by an arrangement such as a coiled spring and/or a helical arrangement, whereby the two polarizers are caused to rotate relative to each other when they are brought closer to or further apart from each other in response to changes in brushing pressure. As a result, the polarizers adopt a different configuration relative to each other, and a color change is observed. </p><p id="p0079" num="0079"> [0064] In further alternative embodiments, the pressure indicating material is a polymer that signals brushing force by re-orientation of initial dye-dye interactions within neighboring polymer fibers. Such pressure-sensitive polymers can be created by taking advantage of the property of certain dye molecules that change color based on their proximity to other dye molecules. These "proximity dye based polymers" can be used, e.g., in embodiments analogous to those of FIG. 6, wherein the relative rotation of handle 330 and head 320 about pivot 400 will cause the dye molecules inside the polymer to approach each other, and in embodiments analogous to that of FIGS. 2-3, wherein brushing force causes proximity dye based polymers of the bristles to approach each other. The enhanced proximity causes the emission properties of the dye molecule to change either via charge transfer interaction or excimer formation. This appears as an optically different color. Repeated high pressure brushing may prevent reversibility and lock in color and could also be used as an indicator for the lifetime of a toothbrush. </p><p id="p0080" num="0080"> [0065] As used throughout, ranges are used as shorthand for describing each and every value that is within the range. Any value within the range can be selected as the terminus of the range. In addition, all references cited herein are hereby incorporated by reference in their 
<!-- EPO <DP n="12"/>-->
 Attorney Docket No: 8953-00-WO-TB entireties. In the event of a conflict in a definition in the present disclosure and that of a cited reference, the present disclosure controls. 
</p></description><claims mxw-id="PCLM44851611" ref-ucid="WO-2012118487-A1" lang="EN" load-source="patent-office"><claim-statement><!-- EPO <DP n="13"/>-->Attorney Docket No: 8953-00-WO-TB WHAT IS CLAIMED IS: </claim-statement><claim id="clm-0001" num="1"><claim-text> 1. A toothbrush comprising a piezochromic polymer effective to emit an optical signal indicative of brushing force, wherein the piezochromic polymer is an electrocylic ring-opening mechanophore. </claim-text></claim><claim id="clm-0002" num="2"><claim-text> 2. The toothbrush of claim 1 , further comprising: </claim-text><claim-text> (a) a handle; </claim-text><claim-text> (b) a head; </claim-text><claim-text> (c) . bristles positioned on the head; and </claim-text><claim-text> (d) a neck joining the handle to the head, </claim-text><claim-text> wherein at least one of the handle, the head, the bristles and the neck comprises the piezochromic polymer. </claim-text></claim><claim id="clm-0003" num="3"><claim-text> 3. The toothbrush of any preceding claim, wherein the piezochromic polymer is contained in a cavity within the toothbrush, and at least a portion of the toothbrush overlying the cavity is transparent or translucent such that the piezochromic polymer is visible. </claim-text></claim><claim id="clm-0004" num="4"><claim-text> 4. The toothbrush of claim 3, wherein the portion of the toothbrush overlying the cavity is a window located on a back side of the toothbrush, such that the piezochromic polymer is visible when teeth of a user are being brushed in front of a mirror. </claim-text></claim><claim id="clm-0005" num="5"><claim-text> 5. The toothbrush of any preceding claim, wherein the piezochromic polymer comprises spiropyran. </claim-text></claim><claim id="clm-0006" num="6"><claim-text> 6. The toothbrush of claim 5, wherein the electrocylic ring-opening mechanophore comprises poly(methyl acrylate) or poly(methyl methacrylate). </claim-text></claim><claim id="clm-0007" num="7"><claim-text> 7. The toothbrush of any preceding claim, wherein the optical signal is at least one color change indicative of at least one of excessive brushing force, acceptable brushing force and inadequate brushing force. </claim-text></claim><claim id="clm-0008" num="8"><claim-text> 8. The toothbrush of any preceding claim, wherein the toothbrush is free of a power supply and electrical circuitry. <!-- EPO <DP n="14"/>--> Attorney Docket No: 8953-00-WO-TB </claim-text></claim><claim id="clm-0009" num="9"><claim-text>9. The toothbrush of any of claims 2-8, further comprising an elongated bladder adapted to transmit force from the head to the piezochromic polymer, wherein the piezochromic polymer is located in or on the neck. </claim-text></claim><claim id="clm-0010" num="10"><claim-text> 10. The toothbrush of any of claims 2-8, further comprising a lever inside the head and neck, wherein the lever is adapted to transmit force from the head to the piezochromic polymer, wherein the piezochromic polymer is located in or on the neck. </claim-text></claim><claim id="clm-0011" num="11"><claim-text> 11. The toothbrush of any of claims 2-8, wherein at least some of the bristles comprise the piezochromic polymer. </claim-text></claim><claim id="clm-0012" num="12"><claim-text> 12. The toothbrush of claim 11, wherein at least a bristle-contacting surface of the head comprises the piezochromic polymer, and the bristles are sufficiently transparent or translucent such that a color of the bristle-contacting surface of the head is visible.</claim-text></claim><claim id="clm-0013" num="13"><claim-text>13. A toothbrush comprising a proximity dye based polymer effective to emit an optical signal indicative of brushing force. </claim-text></claim><claim id="clm-0014" num="14"><claim-text> 14. The toothbrush of claim 13, further comprising: </claim-text><claim-text> (a) a handle; </claim-text><claim-text> (b) a head; </claim-text><claim-text> (c) bristles positioned on the head; and </claim-text><claim-text> (d) a neck joining the handle to the head, </claim-text><claim-text> wherein at least one of the handle, the head, the bristles and the neck comprises the proximity dye based polymer. </claim-text></claim><claim id="clm-0015" num="15"><claim-text> 15. The toothbrush of claim 14, wherein at least some of the bristles comprise the proximity dye based polymer. </claim-text></claim><claim id="clm-0016" num="16"><claim-text> 16. The toothbrush of any of claims 13-14, wherein the proximity dye based polymer is contained in a cavity within the toothbrush, and at least a portion of the toothbrush overlying the cavity is transparent or translucent such that the proximity dye based polymer is visible. <!-- EPO <DP n="15"/>--> Attorney Docket No: 8953-00- WO-TB </claim-text></claim><claim id="clm-0017" num="17"><claim-text>17. The toothbrush of claim 16, wherein the portion of the toothbrush overlying the cavity is a window located on a back side of the toothbrush, such that the proximity dye based polymer is visible when teeth of a user are being brushed in front of a mirror.</claim-text></claim><claim id="clm-0018" num="18"><claim-text>18. The toothbrush of any of claims 13-17, wherein the optical signal is at least one color change indicative of at least one of excessive brushing force, acceptable brushing force and inadequate brushing force. </claim-text></claim><claim id="clm-0019" num="19"><claim-text> 19. The toothbrush of any of claims 13-18, wherein the toothbrush is free of a power supply and electrical circuitry. </claim-text></claim></claims><copyright>User acknowledges that Fairview Research LLC and its third party providers retain all right, title and interest in and to this xml under applicable copyright laws.  User acquires no ownership rights to this xml including but not limited to its format.  User hereby accepts the terms and conditions of the Licence Agreement</copyright></patent-document>
