<?xml version="1.0" encoding="UTF-8"?>
<patent-document ucid="EP-2678245-A1" country="EP" doc-number="2678245" kind="A1" date="20140101" family-id="45509487" file-reference-id="318300" date-produced="20180826" status="corrected" lang="DE"><bibliographic-data><publication-reference fvid="146551250" ucid="EP-2678245-A1"><document-id><country>EP</country><doc-number>2678245</doc-number><kind>A1</kind><date>20140101</date><lang>DE</lang></document-id></publication-reference><application-reference ucid="EP-12700667-A" is-representative="NO"><document-id mxw-id="PAPP154825173" load-source="docdb" format="epo"><country>EP</country><doc-number>12700667</doc-number><kind>A</kind><date>20120117</date><lang>DE</lang></document-id><document-id mxw-id="PAPP220438349" load-source="docdb" format="original"><country>EP</country><doc-number>12700667.4</doc-number><date>20120117</date></document-id></application-reference><priority-claims><priority-claim mxw-id="PPC140449502" ucid="DE-102011004669-A" load-source="docdb"><document-id format="epo"><country>DE</country><doc-number>102011004669</doc-number><kind>A</kind><date>20110224</date></document-id></priority-claim><priority-claim mxw-id="PPC140448937" ucid="EP-2012050611-W" linkage-type="W" load-source="docdb"><document-id format="epo"><country>EP</country><doc-number>2012050611</doc-number><kind>W</kind><date>20120117</date></document-id></priority-claim></priority-claims><technical-data><classifications-ipcr><classification-ipcr mxw-id="PCL1988106814" load-source="docdb">B65D  47/12        20060101ALI20120914BHEP        </classification-ipcr><classification-ipcr mxw-id="PCL1988126541" load-source="docdb">B65D  41/26        20060101ALI20120914BHEP        </classification-ipcr><classification-ipcr mxw-id="PCL1988137171" load-source="docdb">B65D  75/58        20060101AFI20120914BHEP        </classification-ipcr></classifications-ipcr><classifications-cpc><classification-cpc mxw-id="PCL1988102992" load-source="docdb" scheme="CPC">B65D  47/123       20130101 LI20130101BHEP        </classification-cpc><classification-cpc mxw-id="PCL1988124025" load-source="docdb" scheme="CPC">B65D  41/265       20130101 LI20130101BHEP        </classification-cpc><classification-cpc mxw-id="PCL1988128705" load-source="docdb" scheme="CPC">B65D  75/5877      20130101 FI20130101BHEP        </classification-cpc></classifications-cpc><invention-title mxw-id="PT132186234" lang="DE" load-source="patent-office">KUNSTSTOFFVERSCHLUSS MIT DOSIERBECHER</invention-title><invention-title mxw-id="PT132186235" lang="EN" load-source="patent-office">PLASTIC CLOSURE HAVING A METERING CUP</invention-title><invention-title mxw-id="PT132186236" lang="FR" load-source="patent-office">BOUCHON EN PLASTIQUE AVEC GODET DOSEUR</invention-title><citations><non-patent-citations><nplcit><text>See references of WO 2012113590A1</text><sources><source mxw-id="PNPL67451906" load-source="docdb" name="SEA"/></sources></nplcit></non-patent-citations></citations></technical-data><parties><applicants><applicant mxw-id="PPAR918139137" load-source="docdb" sequence="1" format="epo"><addressbook><last-name>BOSCH GMBH ROBERT</last-name><address><country>DE</country></address></addressbook></applicant><applicant mxw-id="PPAR918155950" load-source="docdb" sequence="1" format="intermediate"><addressbook><last-name>ROBERT BOSCH GMBH</last-name></addressbook></applicant><applicant mxw-id="PPAR918990912" load-source="patent-office" sequence="1" format="original"><addressbook><last-name>Robert Bosch GmbH</last-name><iid>101244499</iid><address><street>Postfach 30 02 20</street><city>70442 Stuttgart</city><country>DE</country></address></addressbook></applicant></applicants><inventors><inventor mxw-id="PPAR918156605" load-source="docdb" sequence="1" format="epo"><addressbook><last-name>BARRON DAN</last-name><address><country>CH</country></address></addressbook></inventor><inventor mxw-id="PPAR918140973" load-source="docdb" sequence="1" format="intermediate"><addressbook><last-name>BARRON, DAN</last-name></addressbook></inventor><inventor mxw-id="PPAR918984238" load-source="patent-office" sequence="1" format="original"><addressbook><last-name>BARRON, DAN</last-name><address><street>Alpenstrasse 154</street><city>CH-8200 Schaffhausen</city><country>CH</country></address></addressbook></inventor></inventors></parties><international-convention-data><pct-or-regional-filing-data ucid="EP-2012050611-W"><document-id><country>EP</country><doc-number>2012050611</doc-number><kind>W</kind><date>20120117</date><lang>DE</lang></document-id></pct-or-regional-filing-data><pct-or-regional-publishing-data ucid="WO-2012113590-A1"><document-id><country>WO</country><doc-number>2012113590</doc-number><kind>A1</kind><date>20120830</date><lang>DE</lang></document-id></pct-or-regional-publishing-data><designated-states><ep-contracting-states><country mxw-id="DS548926722" load-source="docdb">AL</country><country mxw-id="DS548815963" load-source="docdb">AT</country><country mxw-id="DS548926723" load-source="docdb">BE</country><country mxw-id="DS548929385" load-source="docdb">BG</country><country mxw-id="DS548865409" load-source="docdb">CH</country><country mxw-id="DS548934473" load-source="docdb">CY</country><country mxw-id="DS548815964" load-source="docdb">CZ</country><country mxw-id="DS548926724" load-source="docdb">DE</country><country mxw-id="DS548934474" load-source="docdb">DK</country><country mxw-id="DS548934475" load-source="docdb">EE</country><country mxw-id="DS548928816" load-source="docdb">ES</country><country mxw-id="DS548929386" load-source="docdb">FI</country><country mxw-id="DS548929387" load-source="docdb">FR</country><country mxw-id="DS548926725" load-source="docdb">GB</country><country mxw-id="DS548934476" load-source="docdb">GR</country><country mxw-id="DS548926730" load-source="docdb">HR</country><country mxw-id="DS548815965" load-source="docdb">HU</country><country mxw-id="DS548865410" load-source="docdb">IE</country><country mxw-id="DS548926731" load-source="docdb">IS</country><country mxw-id="DS548929388" load-source="docdb">IT</country><country mxw-id="DS548934477" load-source="docdb">LI</country><country mxw-id="DS548836976" load-source="docdb">LT</country><country mxw-id="DS548815966" load-source="docdb">LU</country><country mxw-id="DS548836977" load-source="docdb">LV</country><country mxw-id="DS548836978" load-source="docdb">MC</country><country mxw-id="DS548913637" load-source="docdb">MK</country><country mxw-id="DS548913642" load-source="docdb">MT</country><country mxw-id="DS548926732" load-source="docdb">NL</country><country mxw-id="DS548929389" load-source="docdb">NO</country><country mxw-id="DS548836979" load-source="docdb">PL</country><country mxw-id="DS548865411" load-source="docdb">PT</country><country mxw-id="DS548926733" load-source="docdb">RO</country><country mxw-id="DS548865412" load-source="docdb">RS</country><country mxw-id="DS548836980" load-source="docdb">SE</country><country mxw-id="DS548865413" load-source="docdb">SI</country><country mxw-id="DS548929390" load-source="docdb">SK</country><country mxw-id="DS548836981" load-source="docdb">SM</country><country mxw-id="DS548934478" load-source="docdb">TR</country></ep-contracting-states></designated-states></international-convention-data><office-specific-data><eptags><ep-no-a-document-published>*</ep-no-a-document-published></eptags></office-specific-data></bibliographic-data><abstract mxw-id="PA99626034" ref-ucid="WO-2012113590-A1" lang="DE" load-source="patent-office"><p num="0000">Es wird ein Kunststoffverschluss (1) vorgeschlagen, der insbesondere für Schlauchbeutel geeignet ist. Der Verschluss umfasst einen Tüllenteil (2) und eine aufschraubbare Kappe (3) die als Dosierbecher gestaltet ist. Die Kappe hat einen umlaufenden Kragen (32) mit einem Innengewinde (33). Der Tüllenteil besteht aus der eigentlichen Tülle (20) und weist ein Aussengewinde (21), welches mit dem Innengewinde im Kragen zusammenpasst. Konzentrisch, innerhalb der Tülle (20), ist ein schnabelförmig zulaufender Ausguss (25) angeordnet. Dieser Ausguss (25) ist über eine ringförmige Verbindungswand (24) mit der Tülle (20) verbunden. Der Ausguss (25) weist eine gegenüber der Verbindungswand (24) nach oben versetzte Rückflussöffnung (28) auf. Diese Ausgestaltungsform stellt sicher, dass auch bei einem Schlauchbeutel ein sauberes Dosieren in den als Dosierbecher gestaltete Kappe (3) möglich ist. Da der Innendruck in Schlauchbeuteln wesentlich höher sein kann als in Kunststoffflaschen sind speziell ausgestaltete Dichtungen vorhanden.</p></abstract><abstract mxw-id="PA99824553" ref-ucid="WO-2012113590-A1" lang="DE" source="national office" load-source="docdb"><p>Es wird ein Kunststoffverschluss (1) vorgeschlagen, der insbesondere für Schlauchbeutel geeignet ist. Der Verschluss umfasst einen Tüllenteil (2) und eine aufschraubbare Kappe (3) die als Dosierbecher gestaltet ist. Die Kappe hat einen umlaufenden Kragen (32) mit einem Innengewinde (33). Der Tüllenteil besteht aus der eigentlichen Tülle (20) und weist ein Aussengewinde (21), welches mit dem Innengewinde im Kragen zusammenpasst. Konzentrisch, innerhalb der Tülle (20), ist ein schnabelförmig zulaufender Ausguss (25) angeordnet. Dieser Ausguss (25) ist über eine ringförmige Verbindungswand (24) mit der Tülle (20) verbunden. Der Ausguss (25) weist eine gegenüber der Verbindungswand (24) nach oben versetzte Rückflussöffnung (28) auf. Diese Ausgestaltungsform stellt sicher, dass auch bei einem Schlauchbeutel ein sauberes Dosieren in den als Dosierbecher gestaltete Kappe (3) möglich ist. Da der Innendruck in Schlauchbeuteln wesentlich höher sein kann als in Kunststoffflaschen sind speziell ausgestaltete Dichtungen vorhanden.</p></abstract><abstract mxw-id="PA99626035" ref-ucid="WO-2012113590-A1" lang="EN" load-source="patent-office"><p num="0000">The invention relates to a plastic closure (1), which is in particular suitable for tubular bags. The closure comprises a nozzle portion (2) and a cap (3) which can be screwed on and which is designed as a metering cup. The cap has a peripheral collar (32) having an inner thread (33). The nozzle portion consists of the nozzle (20) itself and comprises an outer thread (21) which fits together with the inner thread in the collar. Concentrically, within the nozzle (20), a spout (25) converging to a beak shape is arranged. Said spout (25) is connected to the nozzle (20) via an annular connecting wall (24). The spout (25) has a backflow opening (28) which is offset upward with respect to the connecting wall (24). Said design ensures that even in the tubular bag a clean metering into the cap (3) designed as a metering cup is possible. Since the inner pressure in the tubular bags can be substantially higher than in plastic bottles, seals having a special design are present.</p></abstract><abstract mxw-id="PA99824554" ref-ucid="WO-2012113590-A1" lang="EN" source="national office" load-source="docdb"><p>The invention relates to a plastic closure (1), which is in particular suitable for tubular bags. The closure comprises a nozzle portion (2) and a cap (3) which can be screwed on and which is designed as a metering cup. The cap has a peripheral collar (32) having an inner thread (33). The nozzle portion consists of the nozzle (20) itself and comprises an outer thread (21) which fits together with the inner thread in the collar. Concentrically, within the nozzle (20), a spout (25) converging to a beak shape is arranged. Said spout (25) is connected to the nozzle (20) via an annular connecting wall (24). The spout (25) has a backflow opening (28) which is offset upward with respect to the connecting wall (24). Said design ensures that even in the tubular bag a clean metering into the cap (3) designed as a metering cup is possible. Since the inner pressure in the tubular bags can be substantially higher than in plastic bottles, seals having a special design are present.</p></abstract><abstract mxw-id="PA99626036" ref-ucid="WO-2012113590-A1" lang="FR" load-source="patent-office"><p num="0000">L'invention a pour objet un bouchon en plastique (1) particulièrement adapté aux sachets tubulaires. Le bouchon comporte une pièce d'embout (2) et un capuchon à vis (3) conçu comme godet doseur. Le capuchon est pourvu d'une collerette périphérique (32) présentant un filetage femelle (33). La pièce d'embout se compose de l'embout proprement dit (20) et est dotée d'un filetage mâle (21) s'appariant avec le filetage femelle dans la collerette. Une goulotte (25) se terminant en forme de bec est disposée concentriquement à l'intérieur de l'embout (20). Cette goulotte (25) est reliée à l'embout (20) par l'intermédiaire d'une paroi de raccordement annulaire (24). La goulotte (25) présente un orifice de reflux (28) décalé vers le haut par rapport à la paroi de raccordement (24). Cette forme d'exécution garantit aussi un dosage propre dans le capuchon conçu comme godet doseur (3) sur un sachet tubulaire. La pression intérieure des sachets tubulaires pouvant être beaucoup plus élevée que dans les bouteilles en plastique, le bouchon selon l'invention est doté de joints de conception spéciale.</p></abstract><abstract mxw-id="PA99824555" ref-ucid="WO-2012113590-A1" lang="FR" source="national office" load-source="docdb"><p>L'invention a pour objet un bouchon en plastique (1) particulièrement adapté aux sachets tubulaires. Le bouchon comporte une pièce d'embout (2) et un capuchon à vis (3) conçu comme godet doseur. Le capuchon est pourvu d'une collerette périphérique (32) présentant un filetage femelle (33). La pièce d'embout se compose de l'embout proprement dit (20) et est dotée d'un filetage mâle (21) s'appariant avec le filetage femelle dans la collerette. Une goulotte (25) se terminant en forme de bec est disposée concentriquement à l'intérieur de l'embout (20). Cette goulotte (25) est reliée à l'embout (20) par l'intermédiaire d'une paroi de raccordement annulaire (24). La goulotte (25) présente un orifice de reflux (28) décalé vers le haut par rapport à la paroi de raccordement (24). Cette forme d'exécution garantit aussi un dosage propre dans le capuchon conçu comme godet doseur (3) sur un sachet tubulaire. La pression intérieure des sachets tubulaires pouvant être beaucoup plus élevée que dans les bouteilles en plastique, le bouchon selon l'invention est doté de joints de conception spéciale.</p></abstract><description mxw-id="PDES50931483" ref-ucid="WO-2012113590-A1" lang="DE" load-source="patent-office"><!-- EPO <DP n="3"/>--><p id="p0001" num="0001"> Kunststo verschluss mit Dosierbecher </p><p id="p0002" num="0002">Die vorliegende Erfindung betrifft einen Kunststoffverschluss mit einem Tüllenteil und einer aufschraubbaren Kappe mit zylindrischer Kappenmantelwand, die als Dosierbecher gestaltet und mit einem umlaufenden Kragen versehen ist, in dem ein Innengewinde angeordnet ist, wobei die Kappe auf einer Tülle des mit einem Behältnis verbindbaren Tüllenteils mittels eines Aussengewindes aufschraubbar ist. </p><p id="p0003" num="0003">Vor rund 30 Jahren haben sich die flüssigen Waschmittel und Weichspüler auf dem Markt durchgesetzt. Diese wurden in Kunststoffflaschen angeboten, und mit Schraubkappen verschlossen, die als Dosierbecher gestaltet sind. Aus der DE-A-2647393 ist ein Kanisterverschluss bekannt, der als Schraubkappe gestaltet ist und ein in die Kappe eingeformtes Rohr aufweist, dass im aufgeschraubten Zustand in den Behälter hinein ragt. In Weiterentwicklung davon zeigt die WO-A-83/03085 eine Kunststoffflasche mit einer darauf aufgeschraubten Kappe, die als Dosierbecher gestaltet ist und </p><p id="p0004" num="0004">- l - 
<!-- EPO <DP n="4"/>-->
einen umlaufenden Kragen hat in dem ein Innengewinde angeordnet ist zur Schraubverbindung mit dem Behälterhals. </p><p id="p0005" num="0005">In Abwandlung davon ist eine Dosierverschlusskappe aus der EP-A-0286843 bekannt, bei dem auf dem Behälterhals ein damit verbindbarer Teil aufgeschraubt ist, welcher ein Aussengewinde aufweist, auf dem die als Dosierbecher gestaltete Schraubkappe aufschraubbar ist. Der</p><p id="p0006" num="0006">Verbindungsteil selbst hat einen Zwischenboden und in diesem Zwischenboden sind mehrere Öffnungen vorgesehen, die einerseits als Auslass und andererseits als Rücklauf beziehungsweise zum Einlass von Luft dienen sollen. </p><p id="p0007" num="0007">Letztlich sind noch zwei weitere Dokumente bekannt, die Lösungen mit sehr ähnlichem Aufbau zeigen. In der FR-A- 2594097 ist ein Kunststoffverschluss bekannt, bei dem ein erster Teil mit einem schnabelförmigen Ausguss auf den Behälterhals aufgeklemmt wird, während die als Dosierbecher gestaltete Kappe diesen Einsatz übergreifend ebenfalls auf den Behälterhals aufgeschraubt ist. Hier ist der Ausguss exzentrisch angeordnet und an der tiefsten Stelle dieses Verbindungsteiles ist eine entsprechende RücklaufÖffnung vorhanden. Die zweite Variante gemäss der EP-A-025062 ist dieser Ausguss symmetrisch angeordnet, weist aber sonst dieselben Elemente in gleicher Anordnung auf. 
<!-- EPO <DP n="5"/>-->
Während bei den bisherigen Lösungen diese immer konzipiert sind für Flaschen oder Kunststoffflaschen, die eine relativ feste Struktur haben, ist die vorliegende erfindungsgemässe Lösung für ein als Schlauchbeutel gestaltetes Behältnis ausgelegt. Bei solchen Weichverpackungen stellen sich neue Probleme. Da diese Probleme bisher nicht gelöst waren, sind bisher auch keine Weichverpackungen auf dem Markt, die eine Kappe aufweisen, die als Dosierbecher gestaltet ist. Zum einen haben solche Weichverpackungen keinen Flaschenhals und somit kann auch ein Dosierbecher nicht auf dem Flaschenhals befestigt werden. </p><p id="p0008" num="0008">Üblicherweise haben solche Weichverpackungen eine mit dem Behältnis verbindbaren Teil mit Aussengewinde, das üblicherweise als einfacher Ausguss mit endständigem Flansch gestaltet ist und es erlauben diesen Flansch mittels Ultraschall auf die Folie der Weichverpackung aufzuschweissen . Die Weichverpackung wird beim Handhaben, insbesondere wenn diese noch voll ist, durch das Ergreifen leicht deformiert und entsprechend steigt der Pegel der Flüssigkeit an bis in den Verschlussbereich. Würde man einen Rücklauf, wie sonst üblich, am tiefsten Punkt anbringen, so würde dieser Effekt noch begünstigt. </p><p id="p0009" num="0009">Hinzu kommt, dass man um eine sichere und schnelle Verschweissung zu realisieren einen relativ dünnwandigen Flansch und eine dünnwandige Tülle bildet. Um aber ein 
<!-- EPO <DP n="6"/>-->
sicheres Hantieren zu erreichen wäre es wünschenswert, wenn insbesondere die Mantelwand der Tülle dickwandig wäre, um ein Verformen des ganzen Verschlusses während der Handhabung zu vermeiden . </p><p id="p0010" num="0010">Giesst man direkt aus der Tülle, so läuft immer ein Teil der Flüssigkeit entlang der Tülle nach Aussen ab. Hiermit wird das Gewinde verschmutzt und bei jeder Schraubbewegung wird das Material weiter nach unten transportiert, so dass die gesamte Ästhetik des Verschlusses nicht mehr gegeben ist. </p><p id="p0011" num="0011">Die vorliegende Erfindung hat sich daher zur Aufgabe gestellt, einen Kunststoffverschluss der eingangs genannten Art so zu verbessern, dass dieser für Weichverpackungen, insbesondere Schlauchbeutel, besonders geeignet ist und die vorgenannten Nachteile behebt. </p><p id="p0012" num="0012">Einen Kunststoffverschluss dieser Art mit den Merkmalen des Oberbegriffes zeichnet sich dadurch aus, dass im Tüllenteil ein konzentrisch in der Tülle angeordneter schnabelförmig zulaufender Ausguss angeordnet ist und der schnabelförmige Ausguss eine Rückflussöffnung aufweist, die von der Ebene, in der eine ringförmige Verbindungswand zwischen Tülle und Ausguss verläuft, nach oben versetzt ist und die Verbindungswand oberhalb des unteren Randes der Tülle angeordnet ist. 
<!-- EPO <DP n="7"/>-->
Dank dieser konzentrischen Ausgestaltungsform mit der ringförmigen Verbindungswand wird eine erhöhte Festigkeit erzielt, auch wenn der gesamte Verschluss dünnwandig realisiert wird, da Ausguss und Tülle eine Versteifung bilden und andererseits im geschlossenen Zustand die als Dosierbecher gestaltete Kappe mit seiner Aussenfläche an der Innenfläche der Tülle anliegt und somit stützend wirkt. Dank der bezüglich der Tülle nach oben versetzten Verbindungswand und der zur ebenfalls nach oben versetzten Verbindungswand ebenso Rückflussöffnung wird zudem vermieden, dass schon bei geringem Druck auf dem Behältnis die Flüssigkeit in den Bereich zwischen der Kappe und dem Ausguss gelangt. </p><p id="p0013" num="0013">Weitere vorteilhafte Ausgestaltungsformen des</p><p id="p0014" num="0014">Erfindungsgedankens gehen aus den abhängigen Ansprüchen hervor und deren Bedeutung und Wirkungsweise wird in der nachfolgenden Beschreibung mit Bezug auf die anliegenden Zeichnungen erläutert. In der anliegenden Zeichnung ist ein bevorzugtes Ausführungsbeispiel des Erfindungsgegenstandes dargestellt. Es zeigt: den erfindungsgemässen Verschluss im geschlossenen Zustand in perspektivischer Darstellung; 
<!-- EPO <DP n="8"/>-->
Figur 2 den Tüllenteil des Kunststoffverschlusses für sich allein auch in perspektivischer Darstellung und </p><p id="p0015" num="0015">Figur 3 ebenso in perspektivischer Darstellung mit Blick auf die offene Seite ist die Kappe dargestellt. </p><p id="p0016" num="0016">Figur 4 zeigt den zusammengeschraubten Kunststoffverschluss in einem diametralen Vertikalschnitt ebenso wie </p><p id="p0017" num="0017">Figur 5 jedoch hier im grösseren Massstab, und schliesslich zeigt </p><p id="p0018" num="0018">Figur 6 ein Detail des Verschlusses in einem grösseren </p><p id="p0019" num="0019"> Massstab für sich allein. </p><p id="p0020" num="0020">Der Kunststoffverschluss ist gesamthaft mit 1 bezeichnet. Er besteht aus zwei Teilen, nämlich einen Tüllenteil 2 und einer darauf aufschraubbaren Kappe 3. Dieser gesamte Verschluss im zusammengebauten Zustand ist in der Figur 1 gezeigt. Zur Erläuterung des Tüllenteiles 2 wird nun auf die Figur 2 verweisen . </p><p id="p0021" num="0021">Der Tüllenteil 2 besteht aus der eigentlichen Tülle 20, die einem zylindrischen Rohrabschnitt entspricht und endständig einen Flansch 23 aufweist. Die Tülle 20 besitzt auf der Aussenseite seiner Mantelwand 22 ein Aussengewinde 21. 
<!-- EPO <DP n="9"/>-->
Bezüglich des unteren Randes der Tülle 20 nach oben versetzt, und damit oberhalb der Ebene in der der Flansch 23 verläuft, ist eine ringförmige Verbindungswand 24 radial nach innen gerichtet von der Innenseite der Mantelwand 22 angeformt. Diese Verbindungswand 24 verbindet die Mantelwand 22 mit einem schnabelförmigen Ausguss 25. Dieser Ausguss ist somit konzentrisch innerhalb der Mantelwand 22 der Tülle 20 angeordnet. Der Ausguss 25 ist durch einen zylindrischen Rohrabschnitt gebildet, der geneigt zur Zentrumsachse Z geschnitten ist. Diese Zentrumsachse ist die gemeinsame Zentrumsachse sowohl für die Tülle 20 als auch für den Ausguss 25. Die erwähnte Verbindungswand 24 verläuft senkrecht zu dieser Verbindungsachse Z. Der Ausguss 25 ist in der Höhe so bemessen, dass der schnabelförmige Ausguss 25 mit seinem Spitze die Mantelwand 22 der Tülle 20 mindestens um die Breite des Abstandes zwischen der Mantelwand 21 und der Wand des Ausgusses 25 überragt. </p><p id="p0022" num="0022">Wie bereits erwähnt ist der schnabelförmige Ausguss 25 aus einem zylinderförmigen Rohrabschnitt gebildet. Er weist somit eine zylindrische Mantelwand 26 auf. Die Spitze 27 des schnabelförmigen Ausgusses 25 liegt auf der längsten Mantellinie. Auf der kürzesten Mantellinie bzw. im Bereich der kürzesten Mantellinie ist der Ausguss 25 mit einer Rückflussöffnung 28 versehen. Diese Rückflussöffnung 28 kann im Prinzip als ein Fenster gestaltet sein, in der hier dargestellten und bevorzugten Aus führungs form ist jedoch 
<!-- EPO <DP n="10"/>-->
diese Rückflussöffnung 28 als eine in senkrechter Richtung sich erstreckende, schlitzförmige Ausnehmung gestaltet. Diese Lösung ist insbesondere bevorzugt, da auf dieser Weise der gesamte Tüllenteil 2 ohne Schieber gefertigt werden kann. </p><p id="p0023" num="0023">Die Kappe 3 ist nachfolgend mit Bezug auf die Figuren 3 und 5 beschrieben. Die Kappe 3 besteht aus einer zylindrischen Kappenmantelwand 30, die von einer Deckfläche 31 abgeschlossen ist. Etwas oberhalb der Mitte ist an der Kappenmantelwand 30 ein umlaufender, konzentrisch dazu angeordneter Kragen 32 angeformt. Dieser Kragen 32 weist ein Innengewinde 33 auf. Dieses Innengewinde 33 ist auf das Aussengewinde 21 an der Tülle 20 angepasst. Die Anbindung des Kragens 32 ist so gewählt, dass im vollständig zugeschraubten Zustand die Kappenmantelwand 30 kurz oberhalb der Verbindungswand 24 endet. Entsprechend ist auf der Aussenfläche der Mantelwand 22 der Tülle eine Anschlagswulst 29 angeformt. Wie bereits eingangs erwähnt dient der erfindungsgemässe Kunststoffverschluss zur Anbringung auf einen Schlauchbeutel. Zur Befestigung dient der Flansch 23 mittels dem der Kunststoffverschluss 1, beispielsweise mit Ultraschall, auf die Kunststofffolie der Schlauchbeutels aufschweissbar ist. Dank der Doppelwandigkeit des Tüllenteiles 2, gebildet aus der Tülle 20 und den konzentrisch dazu angebrachten, schnabelförmigen Ausguss 25 mit der Verbindungswand 24, 
<!-- EPO <DP n="11"/>-->
ergibt sich eine erhöhte Stabilität. Entsprechend braucht diese Stabilität nicht mehr durch den Flansch 23 erhöht zu werden, und folglich kann der Flansch 23 äusserst dünnwandig gebildet werden. Diese Dünnwandigkeit des Flansches 23 erleichtert die Verschweissung und reduziert die Schweisszeit . Die Wandstärke des Flansches 23 wird bevorzugterweise um 20 - 40% dünner gestaltet als die Mantelwand 22 der Tülle 20. Hinzu kommt, dass auch die Kappe 3 stabilisierend wirkt. Dies liegt daran, dass die Kappenmantelwand 30 so dimensioniert ist, dass sie praktisch mit einem minimalen Untermass in die Tülle 20 eingreift. Die Rückflussöffnung 28 ist nicht nur oberhalb der Ebene in der der Flansch 23 verläuft, sondern auch oberhalb jener Ebene in der die ringförmige Verbindungswand 24 verläuft. Dies stellt sicher, dass bei einem vollständig gefüllten Schlauchbeutel, allein schon durch das Fassen desselben, nicht bereits eine gewisse Menge des Schlauchbeutelinhaltes in den trogförmigen Zwischenraum zwischen die Mantelwand 22 der Tülle und den Ausguss 25 gelangt. Trotzdem kann es vorkommen, insbesondere wenn der Benutzer den Schlauchbeutel zu fest quetscht, dass Flüssigkeit in diesen Bereich kommt. Sobald er dies jedoch realisiert und den Druck etwas reduziert wird ein Grossteil der Flüssigkeit durch die Rückflussöffnung 28 zurückströmen. Diese Restmenge, die nun 
<!-- EPO <DP n="12"/>-->
in diesem ringförmigen Trog verbleibt, wird bei einem üblichen Ausgusswinkel in diesem Bereich verbleiben. Erst wenn sich der Schlauchbeutel bereits stark geleert hat und der Ausgusswinkel gegen 90° zur Horizontalen kommt, könnten Reste aus diesem ringförmigen Trog ausströmen. Dann befindet sich aber praktisch auch der Rand der Tülle 20 oberhalb der Öffnung 34 der Kappe bzw. des nun als Dosierbecher dienenden Teiles . Im Gegensatz zu rigiden Gefässen, wie beispielsweise Kunststoffflaschen oder Glasflaschen können in Schlauchbeutel erheblich höhere Innendrucke auftreten und entsprechend sind höhere Anforderungen an die Dichtigkeit zu erfüllen. Hierzu wird auf die Figur 6 verwiesen. In der Figur 6 erkennt man die Kappenmantelwand 30 im Bereich in dem der bereits beschriebene Kragen 32 angeformt ist. In diesem Bereich, der vom Kragen 32 überdeckt ist, ist an der Kappenmantelwand 30 eine Dichtwulst 35 angeformt. Im geschlossenen Zustand des Verschlusses drückt diese Dichtwulst 30 auf die Innenseite der Mantelwand 22 der Tülle 20. Je höher dabei der Druck ist der innerhalb des Schlauchbeutels und damit innerhalb der Kappe 3 aufgebaut wird, umso stärker drückt auch die Dichtwulst 35 auf die Mantelwand 22 der Tülle. Damit dieser Effekt möglichst gross ist, muss selbstverständlich der Durchmesser im Bereich der Dichtwulst 35 grösser sein als der Innendurchmesser der Tülle 20 bzw. 
<!-- EPO <DP n="13"/>-->
der Innendurchmesser der Mantelwand 22. Damit man trotzdem diesen Verschluss mit vernünftigem Kraftaufwand schliessen kann, ist die Mantelwand der Tülle im Bereich des oberen Randes mit einer Anfasung 36 versehen. </p><p id="p0024" num="0024">Diese Anfasung führt dazu, dass eine Reststirnfläche 37 verbleibt, die relativ dünn ist. Ist nun die Anschlagswulst 29 korrekt angebracht, so lässt sich die Kappe 3 bei der Montage so fest zuschrauben, dass der Kragen 32 endständig auf die Anschlagswulst 29 zum Anliegen kommt und dabei gleichzeitig die Reststirnfläche 37 an der</p><p id="p0025" num="0025">Kragenverbindungswand 38 unter einem genügenden Druck zum Anliegen kommt und sogar dabei leicht deformiert wird. So ergibt sich zwischen der Reststirnfläche 37 und der Kragenverbindungswand 38 eine zweite Dichtung die als Pressdichtung realisiert ist. Schliesslich bildet sich aber auch noch eine dritte Dichtung, ebenfalls als Pressdichtung zwischen dem unteren Rand des Kragens 32 und dem Anschlagwulst 29. </p><p id="p0026" num="0026">Entsprechend ergibt sich so ein Kunststoffverschluss der speziell für Schlauchbeutel geeignet ist unter Meidung der Nachteile des Standes der Technik. </p><p id="p0027" num="0027">- ll - 
</p></description><claims mxw-id="PCLM44727438" ref-ucid="WO-2012113590-A1" lang="DE" load-source="patent-office"><claim-statement><!-- EPO <DP n="14"/>-->Patentansprüche </claim-statement><claim id="clm-0001" num="1"><claim-text>1. Kunststoffverschluss (1) mit einem Tüllenteil (2) und einer aufschraubbaren Kappe (3) mit zylindrischer Kappenmantelwand (30), die als Dosierbecher gestaltet und mit einem umlaufenden Kragen (32) versehen ist, in dem ein Innengewinde (33) angeordnet ist, wobei die Kappe (3) auf einer Tülle (20) des mit einem Behältnis verbindbaren Tüllenteils (2) mittels eines Aussengewindes (21) aufschraubbar ist, dadurch gekennzeichnet, dass im Tüllenteil (2) ein konzentrisch innerhalb der Tülle (20) angeordneter schnabelförmig zulaufender Ausguss (25) angeordnet ist und der schnabelförmige Ausguss (25) eine Rückflussöffnung (28) aufweist, die von der Ebene, in der eine ringförmige Verbindungswand (24) zwischen der Tülle (20) und dem Ausguss (25) verläuft, nach oben versetzt angeordnet ist und die Verbindungswand (24) oberhalb des unteren Randes der Tülle (20) angeordnet ist. </claim-text></claim><claim id="clm-0002" num="2"><claim-text>2. Kunststoffverschluss nach Anspruch 1, dadurch gekennzeichnet, dass der mit dem Behältnis verbindbare Tüllenteil (2) einen zur schweissbaren Verbindung mit einem als Schlauchbeutel gestalteten Behältnis dienenden Flansch (23) aufweist. </claim-text></claim><claim id="clm-0003" num="3"><claim-text>3. Kunststoffverschluss nach Anspruch 1 oder 2, dadurch gekennzeichnet, dass der schnabelförmige Ausguss (25) <!-- EPO <DP n="15"/>--> zylindrisch und geneigt zur Zylinderachse (Z) abgeschnitten ist und die Rückflussöffnung (28) als länglichen Einschnitt im Bereich der kürzesten Mantellinie des Ausgusses angeordnet ist. </claim-text></claim><claim id="clm-0004" num="4"><claim-text>Kunststoffverschluss nach Anspruch 1, dadurch gekennzeichnet, dass auf der Aussenseite der Kappenmantelwand (30), im Bereich der vom Kragen (32) überdeckt ist, eine umlaufende Dichtwulst (35) als erste Dichtung angeordnet ist. </claim-text></claim><claim id="clm-0005" num="5"><claim-text>Kunststoffverschluss nach Anspruch 1, dadurch gekennzeichnet, dass die Tülle (20) mit einer an der inneren oberen Kante angebrachte Anfasung (36) versehen ist . </claim-text></claim><claim id="clm-0006" num="6"><claim-text>Kunststoffverschluss nach Anspruch 5, dadurch gekennzeichnet, dass die verbleibende plane Fläche der oberen Kante der Tülle (20) als deformbare Pressdichtung ausgestaltet ist und eine zweite Dichtung bildet. </claim-text></claim><claim id="clm-0007" num="7"><claim-text>Kunststoffverschluss nach Anspruch 1, dadurch gekennzeichnet, dass sich die Mantelwand (30) der Kappe</claim-text><claim-text>(3) im geschlossenen Zustand des Verschlusses sich bis mindestens annähernd zur ringförmigen Verbindungswand</claim-text><claim-text>(24) erstreckt. <!-- EPO <DP n="16"/>--> </claim-text></claim><claim id="clm-0008" num="8"><claim-text>8. Kunststoffverschluss nach Anspruch 1, dadurch gekennzeichnet, dass auf der Aussenseite der Tülle (20) eine Anschlagswulst (29) angeformt ist, auf der der umlaufende Kragen (32) im geschlossenen Zustand des Verschlusses aufliegt. </claim-text></claim></claims><copyright>User acknowledges that Fairview Research LLC and its third party providers retain all right, title and interest in and to this xml under applicable copyright laws.  User acquires no ownership rights to this xml including but not limited to its format.  User hereby accepts the terms and conditions of the Licence Agreement</copyright></patent-document>
