<?xml version="1.0" encoding="UTF-8"?>
<patent-document ucid="EP-2681026-A1" country="EP" doc-number="2681026" kind="A1" date="20140108" family-id="45774242" file-reference-id="301383" date-produced="20180823" status="corrected" lang="FR"><bibliographic-data><publication-reference fvid="146586742" ucid="EP-2681026-A1"><document-id><country>EP</country><doc-number>2681026</doc-number><kind>A1</kind><date>20140108</date><lang>FR</lang></document-id></publication-reference><application-reference ucid="EP-12706607-A" is-representative="NO"><document-id mxw-id="PAPP154848934" load-source="docdb" format="epo"><country>EP</country><doc-number>12706607</doc-number><kind>A</kind><date>20120302</date><lang>FR</lang></document-id><document-id mxw-id="PAPP212227543" load-source="docdb" format="original"><country>EP</country><doc-number>12706607.4</doc-number><date>20120302</date></document-id></application-reference><priority-claims><priority-claim mxw-id="PPC140548866" ucid="EP-2012053626-W" linkage-type="W" load-source="docdb"><document-id format="epo"><country>EP</country><doc-number>2012053626</doc-number><kind>W</kind><date>20120302</date></document-id></priority-claim><priority-claim mxw-id="PPC140553292" ucid="FR-1151733-A" load-source="docdb"><document-id format="epo"><country>FR</country><doc-number>1151733</doc-number><kind>A</kind><date>20110303</date></document-id></priority-claim></priority-claims><technical-data><classifications-ipcr><classification-ipcr mxw-id="PCL1989318284" load-source="docdb">B29C  45/06        20060101AFI20120921BHEP        </classification-ipcr><classification-ipcr mxw-id="PCL1989318542" load-source="docdb">B29C  45/14        20060101ALI20120921BHEP        </classification-ipcr><classification-ipcr mxw-id="PCL1989318680" load-source="docdb">B29C  45/00        20060101ALI20120921BHEP        </classification-ipcr><classification-ipcr mxw-id="PCL1989640225" load-source="docdb">B29L  23/20        20060101ALN20120921BHEP        </classification-ipcr></classifications-ipcr><classifications-cpc><classification-cpc mxw-id="PCL-1915456156" load-source="docdb" scheme="CPC">B29C  45/14467     20130101 LI20160726BHEP        </classification-cpc><classification-cpc mxw-id="PCL-1915459972" load-source="docdb" scheme="CPC">B29L2023/20        20130101 LA20160726BHEP        </classification-cpc><classification-cpc mxw-id="PCL-1915460091" load-source="docdb" scheme="CPC">B65D  47/0885      20130101 LI20160726BHEP        </classification-cpc><classification-cpc mxw-id="PCL-1915461503" load-source="docdb" scheme="CPC">B29C  45/06        20130101 LI20160726BHEP        </classification-cpc><classification-cpc mxw-id="PCL-1915461894" load-source="docdb" scheme="CPC">B29C  45/0062      20130101 LI20160726BHEP        </classification-cpc><classification-cpc mxw-id="PCL-1915462097" load-source="docdb" scheme="CPC">B29C  45/1671      20130101 LA20160726BHEP        </classification-cpc><classification-cpc mxw-id="PCL1989624676" load-source="docdb" scheme="CPC">B29C  43/04        20130101 FI20131212BHEP        </classification-cpc></classifications-cpc><invention-title mxw-id="PT132364859" lang="DE" load-source="patent-office">PRESSE ZUR HERSTELLUNG EINES EINTEILIGEN GEGENSTANDES UND VERFAHREN ZUR VERWENDUNG DIESER PRESSE</invention-title><invention-title mxw-id="PT132364860" lang="EN" load-source="patent-office">PRESS FOR MANUFACTURING A ONE PIECE OBJECT AND METHOD FOR USING SAID PRESS</invention-title><invention-title mxw-id="PT132364861" lang="FR" load-source="patent-office">PRESSE POUR FABRIQUER UN OBJET D'UN SEUL TENANT ET PROCÉDÉ POUR UTILISER LADITE PRESSE</invention-title><citations><non-patent-citations><nplcit><text>See references of WO 2012117092A1</text><sources><source mxw-id="PNPL67456124" load-source="docdb" name="SEA"/></sources></nplcit></non-patent-citations></citations></technical-data><parties><applicants><applicant mxw-id="PPAR919524693" load-source="docdb" sequence="1" format="epo"><addressbook><last-name>LINDAL FRANCE SAS</last-name><address><country>FR</country></address></addressbook></applicant><applicant mxw-id="PPAR919530371" load-source="docdb" sequence="1" format="intermediate"><addressbook><last-name>LINDAL FRANCE SAS</last-name></addressbook></applicant><applicant mxw-id="PPAR919010480" load-source="patent-office" sequence="1" format="original"><addressbook><last-name>Lindal France SAS</last-name><iid>101333786</iid><address><street>Pôle d'Activités Industrielles et Technologiques</street><city>54150 Briey</city><country>FR</country></address></addressbook></applicant></applicants><inventors><inventor mxw-id="PPAR919513461" load-source="docdb" sequence="1" format="epo"><addressbook><last-name>BODET HERVE</last-name><address><country>FR</country></address></addressbook></inventor><inventor mxw-id="PPAR919542610" load-source="docdb" sequence="1" format="intermediate"><addressbook><last-name>BODET, HERVE</last-name></addressbook></inventor><inventor mxw-id="PPAR919012223" load-source="patent-office" sequence="1" format="original"><addressbook><last-name>BODET, Hervé</last-name><address><street>20 Rue de Souville</street><city>F-55100 Verdun</city><country>FR</country></address></addressbook></inventor><inventor mxw-id="PPAR919511081" load-source="docdb" sequence="2" format="epo"><addressbook><last-name>FOURNET DOMINIQUE</last-name><address><country>FR</country></address></addressbook></inventor><inventor mxw-id="PPAR919515690" load-source="docdb" sequence="2" format="intermediate"><addressbook><last-name>FOURNET, DOMINIQUE</last-name></addressbook></inventor><inventor mxw-id="PPAR919019183" load-source="patent-office" sequence="2" format="original"><addressbook><last-name>FOURNET, DOMINIQUE</last-name><address><street>Chemin de Décauville</street><city>F-55430 Belleville Sur Meuse</city><country>FR</country></address></addressbook></inventor></inventors><agents><agent mxw-id="PPAR919006775" load-source="patent-office" sequence="1" format="original"><addressbook><last-name>Vièl, Frédérique</last-name><iid>100048099</iid><address><street>Cabinet Vièl 9, rue des Jardins</street><city>57520 Grosbliederstroff</city><country>FR</country></address></addressbook></agent></agents></parties><international-convention-data><pct-or-regional-filing-data ucid="EP-2012053626-W"><document-id><country>EP</country><doc-number>2012053626</doc-number><kind>W</kind><date>20120302</date><lang>FR</lang></document-id></pct-or-regional-filing-data><pct-or-regional-publishing-data ucid="WO-2012117092-A1"><document-id><country>WO</country><doc-number>2012117092</doc-number><kind>A1</kind><date>20120907</date><lang>FR</lang></document-id></pct-or-regional-publishing-data><designated-states><ep-contracting-states><country mxw-id="DS549843751" load-source="docdb">AL</country><country mxw-id="DS549764636" load-source="docdb">AT</country><country mxw-id="DS549843752" load-source="docdb">BE</country><country mxw-id="DS549844515" load-source="docdb">BG</country><country mxw-id="DS549858369" load-source="docdb">CH</country><country mxw-id="DS549764238" load-source="docdb">CY</country><country mxw-id="DS549764649" load-source="docdb">CZ</country><country mxw-id="DS549843753" load-source="docdb">DE</country><country mxw-id="DS549764239" load-source="docdb">DK</country><country mxw-id="DS549764240" load-source="docdb">EE</country><country mxw-id="DS549916328" load-source="docdb">ES</country><country mxw-id="DS549844516" load-source="docdb">FI</country><country mxw-id="DS549858406" load-source="docdb">FR</country><country mxw-id="DS549843758" load-source="docdb">GB</country><country mxw-id="DS549764253" load-source="docdb">GR</country><country mxw-id="DS549843759" load-source="docdb">HR</country><country mxw-id="DS549764650" load-source="docdb">HU</country><country mxw-id="DS549845836" load-source="docdb">IE</country><country mxw-id="DS549764254" load-source="docdb">IS</country><country mxw-id="DS549858407" load-source="docdb">IT</country><country mxw-id="DS549764255" load-source="docdb">LI</country><country mxw-id="DS549844517" load-source="docdb">LT</country><country mxw-id="DS549775605" load-source="docdb">LU</country><country mxw-id="DS549844522" load-source="docdb">LV</country><country mxw-id="DS549844523" load-source="docdb">MC</country><country mxw-id="DS549775606" load-source="docdb">MK</country><country mxw-id="DS549775607" load-source="docdb">MT</country><country mxw-id="DS549845837" load-source="docdb">NL</country><country mxw-id="DS549916329" load-source="docdb">NO</country><country mxw-id="DS549845842" load-source="docdb">PL</country><country mxw-id="DS549775608" load-source="docdb">PT</country><country mxw-id="DS549858408" load-source="docdb">RO</country><country mxw-id="DS549775613" load-source="docdb">RS</country><country mxw-id="DS549845843" load-source="docdb">SE</country><country mxw-id="DS549764651" load-source="docdb">SI</country><country mxw-id="DS549916330" load-source="docdb">SK</country><country mxw-id="DS549845844" load-source="docdb">SM</country><country mxw-id="DS549844524" load-source="docdb">TR</country></ep-contracting-states></designated-states></international-convention-data><office-specific-data><eptags><ep-no-a-document-published>*</ep-no-a-document-published></eptags></office-specific-data></bibliographic-data><abstract mxw-id="PA99837282" ref-ucid="WO-2012117092-A1" lang="EN" load-source="patent-office"><p num="0000">The invention relates to a press making it possible to manufacture a one-piece object, such as a tube, and to the method for using said press. This object is made up of a first part, for example a skirt, of a second part, for example a hinge cap and of a third part, for example a dispensing head, this third part being overmoulded on the other two. The press comprises two rotary plates (110, 210) which are parallel but offset, each one carrying a mould (120, 220) in two parts (121, 122; 221, 222). Each mould part can be placed by rotation means either at the top or at the bottom, so that the mould part (121) of the first mould, situated at the top, faces the mould part (222) of the second mould situated at the bottom. According to the method, the first parts are inserted in the press in a first region, known as the insertion region (Z1). At the same time, the second parts are introduced into a second region known as an introduction region (Z2). In a third region (Z3), known as a common region, the third parts are overmoulded on the first parts and the second parts previously positioned in an insertion region and the introduction region and brought into proximity with one another in the common region in the position that they will occupy in the finished object. After stabilization and partial cooling, the press is opened, the plates are turned so that the finished objects are situated in the mould part of the second part which is at the top, while the first parts are situated in the mould part of the second mould which is at the bottom and the second parts are situated in the mould part of the first mould which is at the top.</p></abstract><abstract mxw-id="PA100333023" ref-ucid="WO-2012117092-A1" lang="EN" source="national office" load-source="docdb"><p>The invention relates to a press making it possible to manufacture a one-piece object, such as a tube, and to the method for using said press. This object is made up of a first part, for example a skirt, of a second part, for example a hinge cap and of a third part, for example a dispensing head, this third part being overmoulded on the other two. The press comprises two rotary plates (110, 210) which are parallel but offset, each one carrying a mould (120, 220) in two parts (121, 122; 221, 222). Each mould part can be placed by rotation means either at the top or at the bottom, so that the mould part (121) of the first mould, situated at the top, faces the mould part (222) of the second mould situated at the bottom. According to the method, the first parts are inserted in the press in a first region, known as the insertion region (Z1). At the same time, the second parts are introduced into a second region known as an introduction region (Z2). In a third region (Z3), known as a common region, the third parts are overmoulded on the first parts and the second parts previously positioned in an insertion region and the introduction region and brought into proximity with one another in the common region in the position that they will occupy in the finished object. After stabilization and partial cooling, the press is opened, the plates are turned so that the finished objects are situated in the mould part of the second part which is at the top, while the first parts are situated in the mould part of the second mould which is at the bottom and the second parts are situated in the mould part of the first mould which is at the top.</p></abstract><abstract mxw-id="PA99837283" ref-ucid="WO-2012117092-A1" lang="FR" load-source="patent-office"><p num="0000">L'invention concerne une presse permettant de fabriquer un objet d'un seul tenant, tel qu'un tube, ainsi que le procédé pour utiliser ladite presse. Cet objet est constitué d'une première pièce, par exemple une jupe, d'une deuxième pièce, par exemple une coiffe charnière et d'une troisième pièce, par exemple une tête de distribution, cette troisième pièce étant surmoulée sur les deux autres. La presse comporte deux plateaux rotatifs (110, 210) parallèles, mais décalés portant chacun un moule (120, 220) présentant deux parties (121, 122; 221, 222). Chaque partie peut être placée par des moyens de rotation soit en haut soit en bas, de sorte que la partie (121) du premier moule située en haut se trouve en face de la partie (222) du second moule située en bas. Conformément au procédé les premières pièces sont insérées dans la presse dans une première zone, dite zone d'insertion (Z1). Parallèlement, les deuxièmes pièces sont introduites dans une deuxième zone dite zone d'introduction (Z2). Dans une troisième zone (Z3), dite zone commune, les troisièmes pièces sont surmoulées sur des premières pièces et des deuxièmes pièces mises en place préalablement dans la zone d'insertion et la zone d'introduction et mises à proximité les unes des autres dans la zone commune dans la position quelles auront dans l'objet fini. Après stabilisation et refroidissement partiel, la presse est ouverte, les plateaux sont tournés de sorte que les objets finis se trouvent dans la partie du deuxième moule qui se trouve en haut, tandis que les premières parties se trouvent dans la partie du deuxième moule qui se trouve en bas et les deuxièmes pièces se trouvent dans la partie du premier moule qui se trouve en haut.</p></abstract><abstract mxw-id="PA100333024" ref-ucid="WO-2012117092-A1" lang="FR" source="national office" load-source="docdb"><p>L'invention concerne une presse permettant de fabriquer un objet d'un seul tenant, tel qu'un tube, ainsi que le procédé pour utiliser ladite presse. Cet objet est constitué d'une première pièce, par exemple une jupe, d'une deuxième pièce, par exemple une coiffe charnière et d'une troisième pièce, par exemple une tête de distribution, cette troisième pièce étant surmoulée sur les deux autres. La presse comporte deux plateaux rotatifs (110, 210) parallèles, mais décalés portant chacun un moule (120, 220) présentant deux parties (121, 122; 221, 222). Chaque partie peut être placée par des moyens de rotation soit en haut soit en bas, de sorte que la partie (121) du premier moule située en haut se trouve en face de la partie (222) du second moule située en bas. Conformément au procédé les premières pièces sont insérées dans la presse dans une première zone, dite zone d'insertion (Z1). Parallèlement, les deuxièmes pièces sont introduites dans une deuxième zone dite zone d'introduction (Z2). Dans une troisième zone (Z3), dite zone commune, les troisièmes pièces sont surmoulées sur des premières pièces et des deuxièmes pièces mises en place préalablement dans la zone d'insertion et la zone d'introduction et mises à proximité les unes des autres dans la zone commune dans la position quelles auront dans l'objet fini. Après stabilisation et refroidissement partiel, la presse est ouverte, les plateaux sont tournés de sorte que les objets finis se trouvent dans la partie du deuxième moule qui se trouve en haut, tandis que les premières parties se trouvent dans la partie du deuxième moule qui se trouve en bas et les deuxièmes pièces se trouvent dans la partie du premier moule qui se trouve en haut.</p></abstract><description mxw-id="PDES51233539" ref-ucid="WO-2012117092-A1" lang="FR" load-source="patent-office"><!-- EPO <DP n="3"/>--><p id="p0001" num="0001"> Description </p><p id="p0002" num="0002">PRESSE POUR FABRIQUER UN OBJET D'UN SEUL TENANT ET </p><p id="p0003" num="0003"> PROCÉDÉ POUR UTILISER LADITE PRESSE </p><p id="p0004" num="0004">L'invention concerne une presse pour surmouler une pièce sur une première pièce et une seconde pièce de sorte à obtenir un objet d'un seul tenant. L'invention concerne également un procédé pour surmouler une pièce sur une première et une deuxième pour obtenir un objet d'un seul tenant en utilisant la presse de l'invention. </p><p id="p0005" num="0005">On connaît du document FR 2 731 983 A1 un procédé pour mouler d'un seul tenant un tube constitué d'une jupe, d'une tête de distribution et d'une coiffe charnière. Pour cela, on utilise un moule constitué d'un fond, de deux tiroirs de moulage, d'un noyau de moulage et d' u n corps d e m ou l age exté ri eu r. Le fon d est m u n i d' u ne empreinte de forme complémentaire à celles de la face interne de la coiffe charnière et de la face externe de la paroi sommitale de la tête de distribution. Les tiroirs sont placés en dessous du fond, de part et d'autre de l'espace où se formera la tête de distribution. Le premier tiroir porte une empreinte de forme complémentaire à celle de la face externe de la coiffe charnière et une empreinte de forme complémentaire à la moitié du périmètre de la tête de distribution. Le deuxième tiroir a une empreinte de forme complémentaire à l'autre moitié de la tête de distribution. Au-dessous des tiroirs, se trouve le corps de moulage qui comporte une cavité de forme complémentaire à la jupe. Au centre du corps de moulage, on trouve le noyau de moulage qui possède dans sa partie supérieure une empreinte de forme complémentaire à la face interne de la tête de distribution. Le noyau de moulage définit avec le corps de moulage et les tiroirs un premier espace libre qui communique avec un deuxième espace libre formé entre le premier tiroir et le fond. Pour démouler un tube obtenu dans ce moule par injection, il faut soulever le fond, décoller la coiffe charnière de son empreinte réalisée dans le premier tiroir et la rabattre sur la tête de distribution et écarter les deux tiroirs. Le noyau de moulage avec le tube est ensuite dégagé et le tube est éjecté hors du noyau. Ce procédé ne permet pas la fabrication de pièces très complexes. De plus, ce procédé ne permet que l'injection d'une seule matière. Autrement dit, le tube est réalisé dans une matière unique et d'une couleur unique. 
<!-- EPO <DP n="4"/>-->
 De WO 01/78 958 A1 , on connaît un procédé qui à l'aide d'écl uses permet de surmouler une coiffe charnière sur une tête de distribution en choisissant des matériaux identiques, mais de couleurs différentes ou des matériaux différents, mais compatibles. Ce procédé ne permet que de surmouler une pièce sur une autre. </p><p id="p0006" num="0006">Un procédé couramment utilisé dans l'industrie pour la fabrication de tubes consiste tout d'abord à extruder et à couper des jupes à la longueur voulue dans un premier outil. Les jupes sont ensuite enfilées sur des noyaux de moulage placés dans des corps de moulages réalisés par groupes dans un plateau rotatif. Le plateau est ensuite tourné jusqu'à ce que les jupes se trouvent sous un outil d'injection. Un moule mobile portant autant d'empreintes qu'il y a de jupes est fermé sur la plaque rotative. À chaque noyau de moulage correspond une empreinte dans le moule mobile. I l se forme un espace entre le noyau de moulage et l'empreinte correspondante dont le volume correspond à la tête de distribution devant être surmoulée sur la jupe. Après injection du matériau formant la tête de distribution, l'outil est ouvert et le moule mobile est soulevé. Le plateau rotatif est à nouveau tourné laissant les tubes refroidir avant d'atteindre une position dans laquelle ces tubes constitués par la jupe et la tête surmoulée sont éjectés du moule portant les noyaux de moulage. Dans la pratique, le plateau rotatif comporte plusieurs secteurs angulaires identiques portant chacun une série identique de corps de moulage et de noyaux de moulage. Cela permet une fabrication semi- continue des tubes. Si par exemple le plateau présente huit secteurs, il tourne à chaque étape d'un huitième de tour. Pendant que les jupes sont enfilées sur les noyaux de moulage du premier secteur, l'outil est fermé sur le deuxième secteur, le troisième se trouve sous l'outil d'injection, les quatrième et cinquième se trouvent en phase de stabilisation et de refroidissement, le sixième en phase d'éjection des tubes. Le septième secteur est soumis à un contrôle de position et le huitième secteur est en position d'attente. Une fois le premier secteur rempli de jupes et l'injection du troisième secteur achevée, le plateau tournant est tourné d'un huitième de tour et la procédure continue son cycle. Après éjection hors du poste d'injection, les tubes munis d'une tête de distribution sont ensuite amenés à un autre poste d'injection dans lequel des coiffes sont surmoulées. Il est également possible dans cet autre poste de travail de visser ou de fixer par d'autres moyens des coiffes fabriquées dans un autre poste encore. </p><p id="p0007" num="0007">Dans tous les cas, il faut plusieurs postes de travail devant être reliés entre eux par des convoyeurs, ce qui rend les installations à la fois coûteuses et encombrantes. 
<!-- EPO <DP n="5"/>-->
 Du document J P 2010 17951 1 A on connaît une presse pour fabriquer des objets creux tels que des ampoules constituées d'un fond, d'un couvercle servant de lentille et d'un élément lumineux. La presse est munie d'une partie fixe et d'une partie mobile. La partie fixe et la partie mobile sont munies chacune d'un plateau rotatif et d'un plateau fixe placé à côté. Les plateaux rotatifs sont placés l'un en face de l'autre de sorte qu'ils se chevauchent en partie. Le premier plateau fixe est placé en face du deuxième plateau rotatif, dans la zone non couverte par le premier plateau rotatif. De même, le deuxième plateau fixe est placé en face du premier plateau rotatif, dans la zone non couverte par le deuxième plateau rotatif. Chaque plateau rotatif porte au moins deux empreintes identiques placées de façon symétrique par rapport à l'axe de rotation du plateau considéré. Chaque plateau fixe porte une empreinte complémentaire à celles du plateau rotatif auquel il fait face. Cette presse permet de mouler le fond entre le premier plateau fixe et le deuxième plateau rotatif et le couvercle entre le deuxième plateau fixe et le premier plateau rotatif. Après rotation des deux plateaux rotatif et insertion d'une diode dans le fond, le fond et le couvercle se trouvent dans la partie où les deux plateaux rotatifs sont superposés de sorte que les deux pièces sont alignées et fixées ensemble. Cette presse ne permet pas de surmouler une troisième pièce entre une première pièce et une deuxième pièces qui ne sont pas alignées. </p><p id="p0008" num="0008">L'objectif de l'invention est de proposer une presse et un procédé permettant de fabriquer à moindres coûts des objets d'un seul tenant constitués d'une première pièce et d'une deuxième pièce fabriquées séparément et réunies ensemble par une pièce surmoulée. Cette presse et ce procédé devront être notamment aptes à la fabrication de tubes d'un seul tenant à partir de jupes et de coiffes charnières obtenues séparément et d'une tête de distribution surmoulée sur ces deux premières pièces. Pour cela, la ligne de fabrication devra être simplifiée et être plus compacte. </p><p id="p0009" num="0009">Cet objectif est atteint conformément à l'invention du fait que la presse présente les éléments supplémentaires suivants : </p><p id="p0010" num="0010"> d'un premier cadre muni d'un premier plateau rotatif pivotant autour d'un premier axe de rotation et sur lequel est fixé un premier moule présentant au moins deux parties sur chacune desquelles sont placés une empreinte de forme complémentaire à celle de l' une des faces de la pièce à surmouler et u n su pport pour le deuxième objet, l'empreinte et le support de la première partie étant disposés selon une même symétrie par rapport au premier axe de rotation que l'empreinte et le support de la deuxième partie ; 
<!-- EPO <DP n="6"/>-->
 d'un deuxième cadre muni d'un deuxième plateau rotatif pivotant autour d'un deuxième axe de rotation et sur lequel est fixé un deuxième moule présentant au moins deux parties sur chacune desquelles est placé un support pour recevoir la première pièce, le support de la première partie étant disposé selon une même symétrie par rapport au 5 deuxième axe de rotation que le support de la deuxième partie ; </p><p id="p0011" num="0011"> des moyens étant prévus pour écarter et rapprocher les deux cadres l'un de l'autre dans un mouvement de translation parallèle au premier axe de rotation du premier plateau ; le premier et le deuxième plateau étant parallèles entre eux ; </p><p id="p0012" num="0012"> le premier et le deuxième axe de rotation étant parallèles entre eux et décalés de telle i o sorte qu'en position fermée de la presse l'une des deux parties du premier moule est alignée et en contact avec l'une des parties du deuxième moule dans une zone dite commune, tandis que l'autre partie du premier moule n'est pas en contact avec le deuxième moule et se trouve dans une zone d'introduction et que l'autre partie du deuxième moule n'est pas en contact avec le premier moule et se trouve dans une zone 15 d'insertion ; </p><p id="p0013" num="0013"> des moyens de rotation étant prévus pour amener la première et la deuxième partie du premier moule dans la zone commune ou dans la zone d'introduction et pour amener la première et la deuxième partie du deuxième moule dans la zone commune ou dans la zone d'insertion ; </p><p id="p0014" num="0014"> 20 - les empreintes et les supports du premier moule ainsi que les supports du deuxième moule étant placés sur leur moule respectif de sorte à créer, lorsque leurs parties de moule sont en contact dans la zone comm une et qu'une première pièce et une deuxième pièce sont en place sur leur support respectif, un espace de forme complémentaire à celle de la pièce à surmouler ; </p><p id="p0015" num="0015"> 25 - des moyens d'injections étant prévus pour injecter le matériau de l'objet à surmouler dans la zone commune. </p><p id="p0016" num="0016">Une telle presse permet dans une même étape de surmouler sur deux objets placés sur deux moules différents mis en face l'un de l'autre un troisième objet qui servira de lien 30 entre eux. Grâce aux deux plateaux rotatifs et aux deux parties de moule, il est possible de charger les premières et deuxièmes pièces dans des zones d'introduction et d'insertion pendant qu'une charge de pièces à surmouler est injectée dans la zone commune. Une fois cette étape fi nie, il suffit de fai re tourner les plateaux pour inverser les premières et deuxièmes parties des moules et reprendre le cycle de fabrication. 
<!-- EPO <DP n="7"/>-->
 Pour son utilisation, le procédé suivant est prévu : </p><p id="p0017" num="0017"> a) Insertion de premières pièces dans les supports de la partie du deuxième moule se trouvant dans la zone d'insertion et introduction de deuxièmes pièces dans les supports de la partie du premier moule se trouvant dans la zone d'introduction ; </p><p id="p0018" num="0018"> 5 b) Ouverture de la presse si celle-ci n'est pas déjà ouverte et rotation des deux plateaux de sorte que la partie du premier moule qui se trouvait dans la zone d'introduction et la partie du deuxième moule qui se trouvait dans la zone d'insertion se trouvent dans la zone commune ; </p><p id="p0019" num="0019"> c) Fermeture de la presse ; </p><p id="p0020" num="0020">i o d) Insertion de premières pièces dans les supports de la partie du deuxième moule se trouvant dans la zone d'insertion et introduction de deuxièmes pièces dans les supports de la partie du premier moule se trouvant dans la zone d'introduction. Parallèlement, surmoulage des pièces surmoulées sur les premières et les deuxièmes pièces situées dans la zone commune ; </p><p id="p0021" num="0021"> 15 e) Ouverture de la presse en faisant en sorte que les objets obtenus après surmoulage de la pièce surmoulée sur les deux autres pièces se trouvent sur les supports de la partie du deuxième moule se trouvant dans la zone commune ; </p><p id="p0022" num="0022"> f) Rotation des deux plateaux de sorte que la partie du premier moule qui se trouvait dans la zone d'introduction et la partie du deuxième moule qui se trouvait dans la zone</p><p id="p0023" num="0023">20 d'insertion se trouvent dans la zone commune ; </p><p id="p0024" num="0024"> g) Fermeture de la presse ; </p><p id="p0025" num="0025"> h) Extraction des objets finis se trouvant sur les supports de la partie du deuxième moule située dans la zone d'insertion et insertion de nouvelles premières pièces sur les supports ainsi libérés, introduction de nouvelles deuxièmes pièces sur les supports de la</p><p id="p0026" num="0026">25 partie du premier moule située dans la zone d'introduction. Parallèlement, surmoulage les pièces surmoulées sur les premières et les deuxièmes pièces situées dans la zone commune ; </p><p id="p0027" num="0027"> i) Poursuite du cycle comme à l'étape e). </p><p id="p0028" num="0028">30 Afin de permettre le surmoulage d'une troisième pièce sur deux premières pièces de sorte que la pièce surmoulée déborde des empreintes des deux autres pièces, il est préférable d'associer à chaque support du deuxième moule une empreinte, placée sur ledit deuxième moule, de forme complémentaire à celle d'une des faces de la deuxième pièce, les empreintes du deuxième moule et les supports du premier moule étant placés sur leur</p><p id="p0029" num="0029">35 moule respectif de sorte qu'elles sont alignées lorsque leurs parties de moule sont en 
<!-- EPO <DP n="8"/>-->
 contact dans la zone commune. Dans ce cas, le procédé prévoit d'introduire une partie de la face libre des deuxièmes pièces dans les empreintes du deuxième moule lors des étapes c et g, c'est-à-dire lors de la fermeture de la presse. Par face libre, il faut comprendre la face du deuxième objet qui n'est pas en contact avec le support du premier moule. </p><p id="p0030" num="0030"> 5 </p><p id="p0031" num="0031"> Pour introduire la deuxième pièce dans le premier moule, il est prévu un dispositif sur le deuxième cadre, en face de la partie du premier moule qui se trouve dans la zone d'introduction. i o Dans une variante de réalisation de l'invention, le dispositif pour introduire le deuxième objet dans le premier moule est constitué par un troisième moule, parallèle au deuxième moule, lequel troisième moule comporte une empreinte pour l'une des faces du deuxième objet, et en ce que les supports du premier moule sont constitués par des empreintes pour une autre face du deuxième objet, des moyens d'injection étant prévus pour injecter le</p><p id="p0032" num="0032">15 matériau du deuxième objet dans l'espace formé, lorsque la presse est fermée, par l'empreinte du troisième moule et l'empreinte du premier moule située dans la partie du premier moule placée dans la zone d'introduction. Dans ce cas, il est préférable que le troisième moule comporte outre l'empreinte pour la deuxième pièce, une empreinte inverse à celle des empreintes du premier moule. </p><p id="p0033" num="0033"> 20 </p><p id="p0034" num="0034"> Pour cette variante de réalisation, il est prévu que </p><p id="p0035" num="0035"> l'étape a soit précédée par la fermeture de la presse ; </p><p id="p0036" num="0036"> aux étapes a, d et h l'introduction de deuxièmes pièces dans les supports de la partie du premier moule se trouvant dans la zone d'introduction soit réalisée par injection dans les 25 espaces formés entre les empruntes du troisième moule et les empruntes de la partie du premier moule qui se trouve dans la zone d'introduction, et en ce que </p><p id="p0037" num="0037"> aux étapes b et e, l'ouverture de la presse se fasse de telle sorte que les deuxièmes pièces obtenues après injection dans la zone d'introduction se trouvent sur les empreintes de la partie du premier moule se trouvant dans la zone d'introduction. </p><p id="p0038" num="0038"> 30 </p><p id="p0039" num="0039"> La presse de l'invention est particulièrement bien adaptée pour fabriquer un tube constitué par une jupe formant la première pièce, une coiffe charnière formant la deuxième pièce et une tête de distribution formant la pièce à surmouler, en ce que les supports du deuxième moule sont constitués par un noyau dont la face sommitale correspond à une 35 partie au moins de la face interne de la tête de distribution à surmouler, la section 
<!-- EPO <DP n="9"/>-->
 transversale du noyau correspondant à la section transversale intérieure de la jupe, les empreintes du premier moule correspondant à la face externe de la tête de distribution à surmouler et les supports à la face interne de la coiffe charnière, les empreintes du troisième moule correspondant à la face externe de la coiffe charnière. </p><p id="p0040" num="0040"> 5 </p><p id="p0041" num="0041"> Afin de permettre le surmoulage simultané de plusieurs pièces à surmouler, il est préférable que chaque partie du premier moule et du deuxième moule et le troisième moule comportent plusieurs jeux de supports et/ou d'empreintes. i o Afin de permettre l'inclure des inserts dans les pièces surmoulées ou de prévoir un traitement supplémentaire sur la pièce surmoulée, il peut être utile que le premier et/ou le deuxième moule comprennent outre leurs premières et leurs deuxièmes parties d'autres parties supplémentaires, chacune portant le même nombre d'empreintes et/ou de supports que les premières et deuxièmes parties correspondantes, ces empreintes et/ou supports</p><p id="p0042" num="0042">15 étant disposés sur ces parties supplémentaires selon la même symétrie par rapport à l'axe de rotation du plateau correspondant que les empreintes et/ou supports des premières et deuxièmes parties correspondantes. </p><p id="p0043" num="0043">Lorsque le deuxième moule comporte une troisième partie, il est prévu dans le procédé 20 que la rotation du deuxième plateau aux étapes b et f se fasse de telle sorte que la première partie du deuxième moule prenne la place de la deuxième, la deuxième partie prenne la place de la troisième et la troisième partie prenne la place de la première, de sorte que l'une des parties se trouve dans la zone d'insertion, une autre se trouve dans la zone commune et la troisième se trouve dans une zone intermédiaire qui peut être située chronologiquement 25 entre la zone d'insertion et la zone comm une ou entre la zone commune et la zone d'insertion. Dans ce cas, dans la zone intermédiaire, des inserts sont placés dans les supports en vue de les noyer dans la masse de la pièce à surmouler ou des opercules sont soudés sur des ouvertures réalisées dans les pièces à surmouler. </p><p id="p0044" num="0044">30 Lorsque le deuxième moule comporte une troisième partie et une quatrième partie, la rotation du deuxième plateau aux étapes b et f se fait de telle sorte que la première partie du deuxième moule prenne la place de la deuxième, la deuxième partie prenne la place de la troisième, la troisième partie prenne la place de quatrième et la quatrième partie prenne la place de la première, de sorte que l'une des parties se trouve dans la zone d'insertion, une</p><p id="p0045" num="0045">35 autre se trouve dans la zone commune et la troisième et la quatrième se trouvent dans deux 
<!-- EPO <DP n="10"/>-->
 zones intermédiaires qui peuvent être situées chronologiquement entre la zone d'insertion et la zone commune et/ou entre la zone commune et la zone d'insertion. Dans ce cas, dans la première zone intermédiaire des inserts sont placés dans les supports en vue de les noyer dans l a masse de la pièce à surmouler et dans la deuxième zone intermédiaire des opercules sont soudés sur des ouvertures réalisées dans les pièces à surmouler. </p><p id="p0046" num="0046">L'invention est décrite plus en détail ci-dessous à l'aide d'un exemple de réalisation. Les figures montrent : </p><p id="p0047" num="0047"> Figure 1 : a) une vue en perspective d'un tube réalisé selon le procédé, b) une vue en coupe de la coiffe et de la tête de distribution du tube, c) et d) des vues éclatées de la coiffe et de la tête ; </p><p id="p0048" num="0048"> Figure 2 : une vue en perspective de la presse fermée ; </p><p id="p0049" num="0049"> Figure 3 : une vue en coupe transversale de la presse fermée ; </p><p id="p0050" num="0050"> Figure 4 : une vue en perspective de gauche de la presse ouverte ; </p><p id="p0051" num="0051"> Figure 5 : une vue en perspective de droite de la presse ouverte. </p><p id="p0052" num="0052">Par convention, la presse est représentée et décrite avec des plateaux (1 10, 220) verticaux. Cependant, il serait également possible de les placer horizontalement. </p><p id="p0053" num="0053">La presse présentée dans l'exemple de réalisation permet de fabriquer un tube (300) d'un seul tenant. Ce tube est constitué d'une jupe (310), d'une tête de distribution (320) et d'une coiffe charnière (330) . Les jupes (31 0) sont obtenues préalablement de façon traditionnelle par extrusion, ou sous forme de films laminés soudés, et elles sont coupées aux dimensions souhaitées. Le procédé qui sera décrit plus en détail ci-dessous peut se résumer de la façon suivante : Les jupes (310) sont insérées dans la presse dans une première zone, dite zone d'insertion (Z1). Parallèlement, les coiffes charnières (330) sont injectées dans une deuxième zone de la presse, dite zone d'injection des coiffes (Z2). Dans une troisième zone, dite zone commune (Z3), les coiffes charnières (330) sont placées aux côtés des jupes (310), dans la position qu'elles auront dans l'objet fini avant démoulage, et les têtes de distribution (320) sont surmoulées sur les jupes (310) et les coiffes charnières (330) de sorte à obtenir un tube d'un seul tenant. Après stabilisation et refroidissement partiel, la presse est ouverte et les tubes (300) sont éjectés du moule, les coiffes (330) pouvant être rabattues sur les têtes de distribution soit avant soit après l'éjection des tubes. </p><p id="p0054" num="0054">La presse comprend une partie fixe (100) et une partie mobile (200). 
<!-- EPO <DP n="11"/>-->
 La partie fixe (100) est constituée d'un cadre fixe (101) sur lequel est monté un premier plateau rotatif ( 1 1 0) pouvant pivoter autou r d' u n prem i er axe de rotati on ( 1 1 1 ) perpendiculaire au plateau. Un premier moule (120) est fixé sur le premier plateau (1 10). Ce premier moule (120) est divisé en deux parties (121 , 122) symétriques par rapport au premier axe de rotation (1 1 1). Chaque partie (121 , 122) présente quatre empreintes disposées en carré. Chaque empreinte est constituée d'une part d'une matrice (123) de forme complémentaire à celle de la face externe (321) de la tête de distribution (320) et d'autre part d'un noyau (124) de forme complémentaire à celle de la face interne (332) de la coiffe charnière (330). Les empreintes sont orientées de telle sorte que les noyaux (124) de forme complémentaire à celle des coiffes sont disposés au centre du carré tandis que les matrices (123) de forme complémentaire à celle des têtes de distribution sont disposées sur les bords du carré. Des moyens de rotation sont prévus pour faire tourner le premier plateau rotatif (1 10) entre deux positions opposées : dans la première, la première partie (121) du premier moule est située en haut, au-dessus du premier axe de rotation (1 1 1) et la deuxième (122) se trouve en bas, en dessous du premier axe de rotation. C'est la situation représentée à la figure 4. Dans la deuxième position, les deux parties (121 , 122) ont pivoté de 180° et sont donc inversées. </p><p id="p0055" num="0055">La partie fixe (100) est munie de deux lignes d'injection. La première injecte un premier matériau au niveau des noyaux de coiffe (124) situés dans la partie du moule (120) qui se trouve en bas. Dans l'exemple de la figure 4, l'injection du premier matériau a donc lieu au niveau des noyaux (124) de la deuxième partie (122). La deuxième ligne d'injection injecte un deuxième matériau au niveau des matrices (123) de tête de distribution situées dans la partie du moule qui se troue en haut. Dans l'exemple de la figure 4, l'injection du deuxième matériau se fait au niveau des matrices (123) se trouvant dans la partie (121). </p><p id="p0056" num="0056">La partie mobile (200) est constituée d'un cadre mobile (201 ) sur lequel est monté un deuxième plateau rotatif (210) pouvant pivoter autour d'un deuxième axe de rotation (21 1 ) perpendiculaire au plateau. Un deuxième moule (220) est fixé sur le deuxième plateau (210). Ce deuxième moule (220) est divisé en deux parties (221 , 222) symétriques par rapport au deuxième axe de rotation (21 1). Chaque partie (221 , 222) est munie de quatre cavités (223) placées en carré. À chaque cavité (223) est associée la matrice (224) de la face externe (331 ) de la coiffe charnière. Ces matrices (224) sont placées sur le deuxième moule. À l'intérieur de chaque cavité (223) se trouve un noyau dont le diamètre correspond au 
<!-- EPO <DP n="12"/>-->
 diamètre interne de la jupe (310) et dont la face sommitale est de forme complémentaire à celle de la face interne (322) de la tête de distribution (320). Ce noyau remplit la fonction de support pour la jupe. Les matrices (224) sont disposées de telle sorte qu'elles se trouvent au centre du carré tandis que les cavités (223) sont sur les bords du carré. Des moyens de rotation sont prévus pour faire tourner le deuxième plateau rotatif entre deux positions opposées : dans la première, la première partie (221) du deuxième moule est située en haut, au-dessus du deuxième axe de rotation (21 1) et la deuxième (222) se trouve en bas, en dessous du deuxième axe de rotation. C'est la situation représentée à la figure 5. Dans la deuxième position, les deux parties (221 , 222) ont pivoté de 180° et sont donc inversées. </p><p id="p0057" num="0057">Les deux plateaux (1 10, 210) sont parallèles, de même que les deux axes (1 1 1 , 21 1). Cependant, les deux axes sont décalés dans le plan vertical de telle sorte la partie supérieure du premier disque (1 10) est alignée avec la partie inférieure du deuxième disque (210). En position fermée de la presse, cette partie supérieure du premier moule est en contact avec la partie inférieure du second moule dans la zone commune (Z3), tandis que la partie inférieure du premier moule est hors de contact du deuxième moule et la partie supérieure du deuxième moule est hors de contact du premier moule. Dans les exemples illustrés sur les figures, la partie (121) représentée en haut sur la figure 4 est en contact avec la partie (222) représentée en bas sur la figure 5 dans la zone commune (Z3). Par contre, la deuxième partie (122) du premier moule représentée en bas sur la figure 4 n'est pas en contact avec le deuxième moule (220) et se trouve dans la zone d'introduction (Z2) et la première partie (221) du deuxième moule (220) représentée en haut sur la figure 5 n'est pas en contact avec le premier moule (120) et se trouve dans la zone d'insertion (Z1 ). Lorsque l'un ou l'autre plateau tourne de 1 80° , les parties des moules correspondantes sont inversées. </p><p id="p0058" num="0058">En dessous du deuxième plateau rotatif (210), on trouve un troisième moule (230) servant à former la face externe (331) des coiffes (330). Ce troisième moule (230) est fixe par rapport au cadre mobile (201). Il présente quatre empreintes disposées en carré. Chaque empreinte est constituée d'une part d'une matrice (234) de forme complémentaire à celle de la face externe (331) de la coiffe (330) et d'autre part d' un noyau (233) de forme complémentaire à celle de la face externe (321) de la tête de distribution et dont la fonction sera expliquée plus bas. Les empreintes sont orientées de telle sorte que les matrices (234) pour la coiffe sont au centre du carré tandis que les noyaux (233) de forme complémentaire à celle des têtes sont disposés sur les bords du carré. 
<!-- EPO <DP n="13"/>-->
 Des moyens sont prévus pour déplacer la partie mobile (200) entre une position dans laquelle elle est collée contre la partie fixe (100) et une position dans laquelle elle en est écartée. </p><p id="p0059" num="0059">Dans la position fermée, la partie du deuxième moule (220) située en bas se trouve en contact avec la partie du premier moule (120) située en haut. Les cavités (223) situées dans la partie inférieure du deuxième moule (220) sont alignées avec les matrices (123) des têtes de distributions situées dans la partie supérieure du premier moule (120). De même, les matrices (224) pour les coiffes situées dans la partie inférieure du deuxième moule (220) sont alignées avec les noyaux (124) situés dans la partie supérieure du premier moule (120). En raison de la symétrie des premier et deuxième moules (120, 220) par rapport aux axes de rotation (1 1 1 , 21 1), ces alignements cavités (223) / matrice (123) et matrice (224) / noyaux (124) sont conservés dès lors que l'une ou l'autre des parties (221 , 222) du deuxième moule se trouve dans la position basse en face de l'une ou l'autre des parties (121 , 122) du premier moule située dans la position haute, c'est-à-dire dans la zone commune (Z3). </p><p id="p0060" num="0060">Lorsque la presse est fermée, la partie supérieure du deuxième moule (220) est située hors de la presse, dans la zone d'insertion (Z1), et elle est donc accessible. </p><p id="p0061" num="0061">Lorsque la presse est fermée, la partie basse du premier moule (120) se trouve en contact avec le troisième moule (230) de la partie mobile. Les matrices (234) pour les coiffes du troisième moule (230) sont alignées avec les noyaux (124) situés dans la partie basse du premier moule (120). De même, les noyaux (233) pour les têtes du deuxième moule (230) sont alignés avec les matrices (123) situées dans la partie basse du premier moule (120). Du fait de la symétrie du premier moule par rapport au premier axe de symétrie (21 1 ), ces alignements sont conservés dès lors que l'une ou l'autre partie (121 , 122) du premier moule se trouve dans la position inférieure, en face du troisième moule (230), c'est-à-dire dans la zone d'injection des coiffes (Z2). </p><p id="p0062" num="0062">Le procédé de l'invention est maintenant décrit plus en détail. Chronologiquement, le procédé prévoit les étapes de fabrication suivantes : </p><p id="p0063" num="0063"> a. La presse est fermée en approchant la partie mobile (200) contre la partie fixe (100) ; 
<!-- EPO <DP n="14"/>-->
 b. Quatre jupes sont insérées dans les cavités (223) de la première partie (221) du deuxième moule (220) située au-dessus du deuxième axe de rotation (21 1), c'est- à-dire dans la zone d'insertion (Z1). Parallèlement, les coiffes charnières (330) sont injectées dans la zone d'injection des coiffes (Z2), dans des espaces ménagés entre les matrices (234) du troisième moule (230) et les noyaux (124) situés dans la deuxième partie (122) du premier moule (120), laquelle se trouve en bas dans la zone d'injection des coiffes ; </p><p id="p0064" num="0064">c. Après stabilisation, la presse est ouverte en faisant en sorte que les coiffes se trouvent autour des noyaux (124) situés dans la partie basse du premier moule</p><p id="p0065" num="0065">(120) . Ces noyaux remplissent donc la fonction de support pour la coiffe ; </p><p id="p0066" num="0066">d. Les deux plateaux (210, 1 10) sont tournés chacun de 180°. La première partie</p><p id="p0067" num="0067">(221) du deuxième moule qui était avant en haut dans la zone d'insertion (Z1) se trouve maintenant en bas dans la zone commune (Z3), tandis que la deuxième partie (122) du premier moule qui était avant en bas dans la zone d'introduction (Z2) et qui est maintenant munie des coiffes fraîchement moulées se trouve en haut dans la zone commune (Z3) ; </p><p id="p0068" num="0068">e. La presse est refermée ; </p><p id="p0069" num="0069">f. Quatre jupes sont mises en place dans les cavités (223) de la deuxième partie</p><p id="p0070" num="0070">(222) du deuxième moule. Parallèlement, de nouvelles coiffes charnières sont injectées dans la zone d'injection des coiffes (Z2), dans les espaces ménagés entre les matrices (234) du troisième moule (230) et les noyaux (124) de la première partie (121 ) du premier moule. Les têtes de distribution (320) sont surmoulées sur les coiffes et les jupes dans la zone commune (Z3), dans les espaces ménagés entre les matrices (123) situées dans la deuxième partie (122) du premier moule et les noyaux placés dans les cavités (223) situées dans la première partie (221) du deuxième moule ; </p><p id="p0071" num="0071">g. Après stabilisation, la presse est ouverte en faisant en sorte que les nouvelles coiffes charnières se trouvent autour des noyaux (124) situés dans la zone d'injection des coiffes (Z2) et que les tubes obtenus après surmoulage de la tête de distribution se trouvent dans les cavités (223) du deuxième moule (220) ; </p><p id="p0072" num="0072">h. Les deux plateaux (1 10, 210) sont à nouveau tournés de 180°. La première partie</p><p id="p0073" num="0073">(121) du premier moule est revenue en position haute dans la zone commune (Z3) et la deuxième partie (222) du deuxième moule se trouve à nouveau en position basse, également dans la zone commune (Z3) ; </p><p id="p0074" num="0074">i. La presse est à nouveau fermée ; 
<!-- EPO <DP n="15"/>-->
 j. Les quatre tubes qui sont placés dans la première partie (221) du deuxième moule se trouvent dans la zone d'insertion (Z1). Ils sont éjectés et quatre nouvelles jupes sont insérées. Parallèlement, de nouvelles coiffes charnières sont injectées dans la zone d'injection des coiffes (Z2) et les têtes de distribution (320) sont surmoulées sur les coiffes et les jupes dans la zone commune (Z3). Le cycle se poursuit comme à l'étape g). </p><p id="p0075" num="0075">Pour l'injection des coiffes charnières aux étapes b), f) et j) dans la zone d'injection de la coiffe (Z2), il faut empêcher le premier matériau de couler dans la matrice (123) de la tête de distribution. Pour cela, les noyaux situés dans les cavités (233) peuvent avoir une forme i nverse à ce l l e d es empreintes (123) du premier moule (c'est-à-dire une forme complémentaire à celle de la face externe de la tête de distribution) pour occuper l'espace correspondant dans la matrice (123) du premier moule. Ces noyaux ne sont donc pas identiques aux noyaux situés dans les cavités (223) du deuxième moule. Les premiers sont de forme complémentaire à celle de la face externe (321 ) de la tête de distribution, tandis que les seconds sont plus courts et sont de forme complémentaire à celle de la face interne (322) de la tête de distribution. </p><p id="p0076" num="0076">Plutôt que d'injecter la coiffe charnière (330), il serait également possible de prévoir un dispositif pour introduire dans le premier moule des coiffes déjà réalisées dans un autre outil, au même titre que les jupes (310) sont introduites dans les cavités du deuxième moule. C'est pourquoi cette zone d'injection des coiffes est aussi appelée zone d'introduction. De même, il serait possible de prévoir une troisième zone d'injection pour injecter les jupes dans une empreinte correspondante au lieu de les introduire dans les cavités (223). Pour cela, on pourrait équiper la partie mobile d'un quatrième moule, parallèle au premier et situé au- dessus de lui , en face de la partie du deuxième moule qui n'est pas en contact avec le premier moule. </p><p id="p0077" num="0077">Le procédé décrit en détail ci-dessus peut être complété par d'autres opérations. Au lieu de diviser le deuxième moule en deux parties symétriques (221 , 222), on pourrait prévoir de le diviser en trois ou quatre parties réparties symétriquement autour de l'axe de rotation (21 1). Chaque partie serait équipée du même nombre de matrice et de noyaux que la première partie et ces matrices et noyaux seraient répartis sur ces parties supplémentaires selon la même symétrie par rapport à l'axe de rotation du plateau que sur la première partie. On pourrait par exemple prévoir dans une première partie située initialement dans la position 
<!-- EPO <DP n="16"/>-->
 haute l'introduction des jupes et l'éjection des tubes (comme dans le cas présent), dans une deuxième partie située à 90° de la première un dispositif pour introduire des inserts autour des noyaux (223) du deuxième moule, dans une troisième partie située à 180° de la première le surmoulage de la tête de distribution autour de l'insert en reliant la jupe et la coiffe (de façon semblable à l'exemple de réalisation décrit ci-dessus) et dans une quatrième partie située à 270° de la première le soudage d'un opercule sur l'orifice (323) de la tête de distribution. À l'étape suivante, le premier plateau portant les coiffes charnières fraîchement injectées est tourné de 1 80° tandis que le deuxième plateau n'est tourné que de 90°. L'introduction de l'insert pourrait se faire non pas sur le noyau (223) du deuxième moule, mais dans la matrice (123) du premier plateau qui pourrait alors avoir trois parties au lieu de deux. </p><p id="p0078" num="0078">Le procédé et la presse de l'invention peuvent être utilisés pour la fabrication de tubes réalisés dans des matériaux compatibles entre eux, c'est-à-dire qui fusionnent ensemble lors du surmoulage. Ils peuvent cependant tout aussi bien être utilisés pour la fabrication de tube pour lesquels des matériaux incompatibles sont utilisés. Dans l'exemple représenté sur les figures, le matériau de la tête de distribution (320) est compatible avec celui utilisé pour la jupe (310), mais il est incompatible avec celui utilisé pour la coiffe (330). Pour cela, des moyens d'ancrage sont prévus pour assurer la fixation mécanique de la coiffe sur la tête de distribution après surmoulage. Les premiers moyens d'ancrage sont constitués par une languette (334) munie de picots (335) formés sur la coiffe charnière au niveau de la fixation sur la tête de distribution. Ces premiers moyens d'ancrage sont fabriqués lors de l'injection de la coiffe charnière. Les deuxièmes moyens d'ancrage sont constitués par une gorge (324) et des orifices cylindriques qui se forment dans la tête de distribution lors du surmoulage. Du fait de l'emprisonnement des picots (335) dans la masse de la tête de distribution, la coiffe est fixée fermement sur la tête de distribution. Elle ne peut être séparée de la tête de distribution que par arrachement des picots de la coiffe. </p><p id="p0079" num="0079">Ce procédé peut être généralisé à la fabrication de tout objet nécessitant le surmoulage d'un deuxième élément sur le premier, voire sur un troisième. I l peut être précédé de l'injection initiale du premier élément. On peut pour cela utiliser des matériaux compatibles ou des matériaux incompatibles en prévoyant des moyens d'ancrage. </p><p id="p0080" num="0080">Avec le procédé de l'invention, il est possible en une même étape d'extraire les objets fabriqués à l'étape précédente et d'insérer à leur place une première pièce dans un moule, 
<!-- EPO <DP n="17"/>-->
 d' i nsérer une deuxième pièce dans un autre moule et de surmouler une pièce supplémentaire sur deux premières pièces insérées dans les moules à l'étape précédente. Il est même possible, plutôt que d'insérer ou d'introduire la première ou la deuxième pièce, de les fabriquer par injection dans la même presse. </p><p id="p0081" num="0081">Dans l'exemple de réalisation présenté ici, les moules ou parties de moule comportent quatre empreintes disposées en carré, c'est-à-dire sur deux lignes, selon une double symétrie de miroir. En principe, le nombre d'empreintes dépend de l'encombrement de l'objet à obtenir par rapport à la taille de la presse. Il serait tout à fait possible de ne prévoir qu'une seule empreinte, de même qu'il serait possible d'en prévoir plus que quatre et de les répartir sur plusieurs lignes/colonnes ou en cercle ou de toute autre manière. L'important étant que l'on retrouve sur chaque moule ou partie de moule des empreintes disposées selon des géométries compatibles avec l'objet à obtenir. </p><p id="p0082" num="0082">De façon générale, la presse de l'invention permet de surmouler une troisième pièce (320) sur deux pièces (310, 330) qui, lors du surmoulage, ne se superposent pas ou ne sont pas placées l'une sur l'autre ou l'une en face de l'autre. Par conséquent, la pièce à surmouler dépasse latéralement par rapport à au moins une des premières pièces. On voit par exemple dans le présent exemple que la deuxième pièce (330) ne touche pas la première (310) et qu'elle est même complètement décalée latéralement par rapport à cette dernière. Par conséquent, la deuxième pièce (330) se trouve lors du surmoulage à côté de la première pièce (310). On a donc prévu dans le premier moule rotatif (120) une empreinte (124) aux formes de la face interne de la deuxième pièce (330) et une empreinte (123) aux formes de la face externe de la pièce à surmouler. De même, on a prévu sur le troisième moule (230) une empreinte (234) aux formes de la face externe de la deuxième pièce (330) et une empreinte (233) aux formes de la face externe de la pièce à surmouler. Sur le deuxième moule (220) on trouve également à côté des supports (223) pour la première pièce (310) également des noyaux (223) aux formes de la face interne de la pièce à surmouler et des empreintes (224) aux formes de la face externe de la deuxième pièce (330). </p><p id="p0083" num="0083">Cette presse permet donc dans un encombrement très restreint de réaliser un objet fini constitué de trois pièces fabriquées à des étapes différentes sans nécessiter de transferts intermédiaires. </p><p id="p0084" num="0084">Liste des références 
<!-- EPO <DP n="18"/>-->
 partie fixe </p><p id="p0085" num="0085"> 101 cadre fixe </p><p id="p0086" num="0086"> 1 10 premier plateau rotatif </p><p id="p0087" num="0087"> 1 1 1 premier axe de rotation </p><p id="p0088" num="0088">120 premier moule </p><p id="p0089" num="0089"> 121 première partie du premier moule </p><p id="p0090" num="0090"> 122 deuxième partie du deuxième moule </p><p id="p0091" num="0091"> 123 matrice aux formes de la face externe de la tête de distribution</p><p id="p0092" num="0092">124 noyau aux formes de la face interne de la coiffe charnière partie mobile </p><p id="p0093" num="0093"> 201 cadre mobile </p><p id="p0094" num="0094"> 210 deuxième plateau rotatif </p><p id="p0095" num="0095"> 21 1 deuxième axe de rotation </p><p id="p0096" num="0096">220 deuxième moule </p><p id="p0097" num="0097"> 221 première partie du deuxième moule </p><p id="p0098" num="0098"> 222 deuxième partie du deuxième moule </p><p id="p0099" num="0099"> 223 cavités </p><p id="p0100" num="0100"> 224 matrice aux formes de la face externe de la coiffe charnière 230 troisième moule </p><p id="p0101" num="0101"> 233 noyau aux formes de la face externe de la tête de distribution</p><p id="p0102" num="0102">234 matrice aux formes de la face externe de la coiffe </p><p id="p0103" num="0103">tube </p><p id="p0104" num="0104"> 310 jupe </p><p id="p0105" num="0105"> 320 tête de distribution </p><p id="p0106" num="0106"> 321 face externe de la tête de distribution </p><p id="p0107" num="0107"> 322 face interne de la coiffe charnière </p><p id="p0108" num="0108"> 323 orifice </p><p id="p0109" num="0109"> 324 gorge d'ancrage </p><p id="p0110" num="0110">330 coiffe charnière </p><p id="p0111" num="0111"> 331 face externe de la coiffe charnière </p><p id="p0112" num="0112"> 332 face interne de la tête de distribution </p><p id="p0113" num="0113"> 334 languette d'ancrage </p><p id="p0114" num="0114"> 335 picots d'ancrage </p><p id="p0115" num="0115">zone d'insertion 
<!-- EPO <DP n="19"/>-->
 Z2 zone d'introduction ou zone d'injection des coiffes Z3 zone commune 
</p></description><claims mxw-id="PCLM44852719" ref-ucid="WO-2012117092-A1" lang="FR" load-source="patent-office"><claim-statement><!-- EPO <DP n="20"/>-->Revendications </claim-statement><claim id="clm-0001" num="1"><claim-text>1. Presse pour surmouler une pièce (320) sur une première pièce (310) et une seconde pièce (330) de sorte à obtenir un objet (300) d'un seul tenant, caractérisée en ce que la presse est munie </claim-text><claim-text> d'un premier cadre (101) muni d'un premier plateau rotatif (1 10) pivotant autour d'un premier axe de rotation (1 1 1) et sur lequel est fixé un premier moule (120) présentant au moins deux parties (121 , 122) sur chacune desquelles sont placés une empreinte (123) de forme complémentaire à celle d'une première face de la pièce à surmouler (320) et un support (124) pour la deuxième pièce (330), l'empreinte (123) et le support (124) de la première partie (121) étant disposés selon une même symétrie par rapport au premier axe de rotation (1 1 1 ) que l'empreinte (123) et le support (124) de la deuxième partie (122) ; </claim-text><claim-text> d'un deuxième cadre (201) muni d'un deuxième plateau rotatif (210) pivotant autour d'un deuxième axe de rotation (21 1 ) et sur lequel est fixé un deuxième moule (220) présentant au moins deux parties (221 , 222) sur chacune desquelles est placé un support (223) pour recevoir la première pièce, le support (223) de la première partie (221) étant disposé selon une même symétrie par rapport au deuxième axe de rotation (21 1) que le support de la deuxième partie (222) ; </claim-text><claim-text> des moyens étant prévus pour écarter et rapprocher les deux cadres l'un de l'autre dans un mouvement de translation parallèle au premier axe de rotation (1 1 1 ) du premier plateau (1 10) ; </claim-text><claim-text> le premier (1 10) et le deuxième (210) plateau étant parallèles entre eux ; </claim-text><claim-text> le premier (1 1 1 ) et le deuxième (21 1 ) axe de rotation étant parallèles entre eux et décalés de telle sorte qu'en position fermée de la presse l'une des deux parties (121 , 122) du premier moule (120) est alignée et en contact avec l'une des parties (221 , 222) du deuxième moule (220) dans une zone dite commune (Z3), tandis que l'autre partie (122, 121) du premier moule (120) n'est pas en contact avec le deuxième moule et se trouve dans une zone d'introduction (Z2) et que l'autre partie (222, 221 ) du deuxième moule (220) n'est pas en contact avec le premier moule et se trouve dans une zone d'insertion (Z1) ; </claim-text><claim-text> des moyens de rotation étant prévus pour amener la première (121 ) et la deuxième partie ( 122) du prem ier moule dans la zone commune (Z3) ou dans la zone <!-- EPO <DP n="21"/>--> d'introduction (Z2) et pour amener la première (221 ) et la deuxième partie (222) du deuxième moule dans la zone commune (Z3) ou dans la zone d'insertion (Z1) ; </claim-text><claim-text> les empreintes (123) et les supports (124) du premier moule ainsi que les supports (223) du deuxième moule étant placés sur leur moule respectif de sorte à créer, lorsque leurs parties de moule sont en contact dans la zone commune et qu'une première pièce et une deuxième pièce sont en place sur leur support respectif, un espace de forme complémentaire à celle de la pièce à surmouler ; </claim-text><claim-text> des moyens d'injections étant prévus pour injecter le matériau de la pièce à surmouler dans la zone commune (Z3). </claim-text></claim><claim id="clm-0002" num="2"><claim-text>2. Presse selon la revendication 1 , caractérisée en ce qu'à chaque support (223) du deuxième moule (220) est associée une empreinte (224), placée sur ledit deuxième moule, de forme complémentaire à celle d'une des faces (331) de la deuxième pièce (330), les empreintes (224) du deuxième moule (220) et les supports (124) du premier moule (120) étant placés sur leur moule respectif de sorte qu'elles sont alignées lorsque leurs parties de moule sont en contact dans la zone commune. </claim-text></claim><claim id="clm-0003" num="3"><claim-text>3. Presse selon la revendication 1 ou 2, caractérisée en ce qu'un dispositif pour introduire la deuxième pièce (330) est prévu sur le deuxième cadre (201), en face de la partie (121 , 122) du premier moule qui se trouve dans la zone d'introduction (Z2). </claim-text></claim><claim id="clm-0004" num="4"><claim-text>4. Presse selon la revendication 3, caractérisée en ce que le dispositif pour introduire la seconde pièce (330) dans le premier moule est constitué par un troisième moule (230), parallèle au deuxième moule (220), lequel troisième moule comporte une empreinte (234) de forme complémentaire à celle de l'une des faces (331) de la deuxième pièce (330), et en ce que les supports (124) du premier moule (120) sont constitués par des empreintes (124) pour une autre face de la deuxième pièce (330), des moyens d'injection étant prévus pour injecter le matériau de la deuxième pièce dans l'espace formé, lorsque la presse est fermée, par l'empreinte (234) du troisième moule et l'empreinte (124) du premier moule située dans la partie (121 , 122) du premier moule placée dans la zone d'introduction (Z2). </claim-text></claim><claim id="clm-0005" num="5"><claim-text>5. Presse selon la revendication 4, caractérisée en ce que le troisième moule (230) comporte outre l'empreinte (234) pour la deuxième pièce, une empreinte (233) inverse à celle des empreintes (123) du premier moule. <!-- EPO <DP n="22"/>--> </claim-text></claim><claim id="clm-0006" num="6"><claim-text>6. Presse selon la revendication 4 ou 5, caractérisée en ce qu'elle est conçue pour fabriquer un tube constitué par une jupe (310) formant la première pièce, une coiffe charnière (330) formant la deuxième pièce et une tête de distribution (320) formant la pièce à surmouler, en ce que les supports (223) du deuxième moule sont constitués par un noyau dont la face sommitale correspond à une partie au moins de la face interne (322) de la tête de distribution (320) à surmouler, la section transversale du noyau correspondant à la section transversale intérieure de la jupe (310), les empreintes (123) du premier moule correspondant à la face externe (321) de la tête de distribution à surmouler et les supports (124) à la face interne (332) de la coiffe charnière, les empreintes (234) du troisième moule correspondant à la face externe (331) de la coiffe charnière (330). </claim-text></claim><claim id="clm-0007" num="7"><claim-text>7. Presse selon l'une des revendications précédentes, caractérisée en ce que chaque partie (121 , 122, 221 , 222) du premier moule et du deuxième moule et le troisième moule comportent plusieurs jeux de supports et/ou d'empreintes de sorte que plusieurs pièces (320) peuvent être surmoulées simultanément. </claim-text></claim><claim id="clm-0008" num="8"><claim-text>8. Presse selon l'une des revendications précédentes, caractérisée en ce que le premier et/ou le deuxième moule (120, 220) comprennent outre leurs premières (121 , 221) et leurs deuxièmes (122, 222) parties d'autres parties supplémentaires, chacune portant le même nombre d'empreintes (123, 224) et/ou de supports (124, 223) que les premières et deuxièmes parties correspondantes, ces empreintes et/ou supports étant disposés sur ces parties supplémentaires selon la même symétrie par rapport à l'axe de rotation du plateau correspondant que les empreintes et/ou supports des premières et deuxièmes parties correspondantes. </claim-text></claim><claim id="clm-0009" num="9"><claim-text>9. Procédé pour le surmoulage d'une pièce (320) sur une première pièce (310) et sur une deuxième pièce (330) de sorte à obtenir un objet d'un seul tenant avec une presse selon l'une des revendications précédentes, le procédé prévoyant les étapes suivantes : a. Insertion de premières pièces (310) dans les supports (223) de la partie (221 ) du deuxième moule se trouvant dans la zone d'insertion (Z1) et introduction de deuxièmes pièces (330) dans les supports (124) de la partie (122) du premier moule se trouvant dans la zone d'introduction (Z2) ; </claim-text><claim-text>b. Ouverture de la presse si celle-ci n'est pas déjà ouverte et rotation des deux plateaux de sorte que la partie (122) du premier moule qui se trouvait dans la zone d'introduction <!-- EPO <DP n="23"/>--> (Z2) et la partie (221) du deuxième moule qui se trouvait dans la zone d'insertion (Z1) se trouvent dans la zone commune (Z3) ; </claim-text><claim-text>c. Fermeture de la presse ; </claim-text><claim-text>d. Insertion de premières pièces (310) dans les supports (223) de la partie (222) du deuxième moule se trouvant dans la zone d'insertion (Z1) et introduction de deuxièmes pièces (330) dans les supports (124) de la partie (121 ) du premier moule se trouvant dans la zone d'introduction (Z2), et surmoulage des pièces surmoulées (320) sur les premières (310) et les deuxièmes pièces (330) situées dans la zone commune (Z3) ; e. Ouverture de la presse en faisant en sorte que les objets (300) obtenus après surmoulage de la pièce surmoulée (320) sur les deux autres pièces (310, 330) se trouvent sur les supports (223) de la partie (221 ) du deuxième moule (220) se trouvant dans la zone commune (Z3) ; </claim-text><claim-text>f. Rotation des deux plateaux (1 10, 210) de sorte que la partie (121) du premier moule qui se trouvait dans la zone d'introduction (Z2) et la partie (222) du deuxième moule qui se trouvait dans la zone d'insertion (Z1) se trouvent dans la zone commune (Z3) ; </claim-text><claim-text>g. Fermeture de la presse ; </claim-text><claim-text>h. Extraction des objets finis (300) se trouvant sur les supports (223) de la partie (221 ) du deuxième moule située dans la zone d'insertion (Z1) et insertion de nouvelles premières pièces (310) sur les supports (223) ainsi libérés, introduction de nouvelles deuxièmes pièces (330) sur les supports (124) de la partie (122) du premier moule située dans la zone d'introduction (Z2), et surmoulage les pièces surmoulées (320) sur les premières (310) et les deuxièmes pièces (330) situées dans la zone commune (Z3) ; </claim-text><claim-text>i. Poursuite du cycle comme à l'étape e). </claim-text></claim><claim id="clm-0010" num="10"><claim-text>10. Procédé de surmoulage selon la revendication 9, caractérisé en ce que </claim-text><claim-text> l'étape a est précédée par la fermeture de la presse ; et en ce que </claim-text><claim-text> aux étapes a, d et h l'introduction de deuxièmes pièces (330) dans les supports (124) de la partie (121 , 122) du premier moule se trouvant dans la zone d'introduction (Z2) est réalisée par injection dans les espaces formés entre les empruntes (234) du troisième moule et les empruntes (124) de la partie du premier moule qui se trouve dans la zone d'introduction, et en ce que </claim-text><claim-text> aux étapes b et e, l'ouverture de la presse se fait de telle sorte que les deuxièmes pièces (330) obtenues après injection dans la zone d'introduction (Z2) se trouvent sur les empreintes (124) de la partie (121 , 122) du premier moule (120) se trouvant dans la zone d'introduction. <!-- EPO <DP n="24"/>--> </claim-text></claim><claim id="clm-0011" num="11"><claim-text>1 1. Procédé de surmoulage selon l'une des revendications 9 ou 10, caractérisé en ce que, lorsque le deuxième moule (220) comporte des empreintes (224), une partie de la face libre (331) des deuxièmes pièces (330) est introduite dans les empreintes (224) du deuxième moule lors des étapes c et g. </claim-text></claim><claim id="clm-0012" num="12"><claim-text>12. Procédé de surmoulage selon l'une des revendications 9 à 1 1 , caractérisé en ce que lorsque le deuxième moule (220) comporte une troisième partie, la rotation du deuxième plateau (210) aux étapes b et f se fait de telle sorte que la première partie du deuxième moule (220) prenne la place de la deuxième, la deuxième partie prenne la place de la troisième et la troisième partie prenne la place de la première, de sorte que l'une des parties se trouve dans la zone d'insertion (Z1), une autre se trouve dans la zone commune (Z3) et la troisième se trouve dans une zone intermédiaire qui peut être située chronologiquement entre la zone d'insertion et la zone commune ou entre la zone commune et la zone d'insertion. </claim-text></claim><claim id="clm-0013" num="13"><claim-text>13. Procédé selon la revendication précédente caractérisé en ce que dans la zone intermédiaire des inserts sont placés dans les supports (223) en vue de les noyer dans la masse de la pièce à surmouler (320) ou en ce que des opercules sont soudés sur des ouvertures (323) réalisées dans les pièces surmoulées (320). </claim-text></claim><claim id="clm-0014" num="14"><claim-text>14. Procédé de surmoulage selon l'une des revendications 9 à 1 1 , caractérisé en ce que lorsque le deuxième moule (220) comporte une troisième partie et une quatrième partie, la rotation du deuxième plateau (210) aux étapes b et f se fait de telle sorte que la première partie du deuxième moule (220) prenne la place de la deuxième, la deuxième partie prenne la place de la troisième, la troisième partie prenne la place de quatrième et la quatrième partie prenne la place de la première, de sorte que l'une des parties se trouve dans la zone d'insertion (Z1), une autre se trouve dans la zone commune (Z3) et la troisième et la quatrième se trouvent dans deux zones intermédiaires qui peuvent être situées chronologiquement entre la zone d'insertion et la zone commune et/ou entre la zone commune et la zone d'insertion. </claim-text></claim><claim id="clm-0015" num="15"><claim-text>15. Procédé selon la revendication précédente caractérisé en ce que dans la première zone intermédiaire des inserts sont placés dans les supports (223) en vue de les <!-- EPO <DP n="25"/>--> noyer dans la masse de la pièce à surmouler (320) et en ce que dans la deuxième zone intermédiaire des opercules sont soudés sur des ouvertures (323) réalisées dans les pièces surmoulées (320). </claim-text></claim></claims><copyright>User acknowledges that Fairview Research LLC and its third party providers retain all right, title and interest in and to this xml under applicable copyright laws.  User acquires no ownership rights to this xml including but not limited to its format.  User hereby accepts the terms and conditions of the Licence Agreement</copyright></patent-document>
