<?xml version="1.0" encoding="UTF-8"?>
<patent-document ucid="EP-2678000-A1" country="EP" doc-number="2678000" kind="A1" date="20140101" family-id="45787158" file-reference-id="318301" date-produced="20180826" status="corrected" lang="EN"><bibliographic-data><publication-reference fvid="146551471" ucid="EP-2678000-A1"><document-id><country>EP</country><doc-number>2678000</doc-number><kind>A1</kind><date>20140101</date><lang>EN</lang></document-id></publication-reference><application-reference ucid="EP-12707232-A" is-representative="NO"><document-id mxw-id="PAPP154825394" load-source="docdb" format="epo"><country>EP</country><doc-number>12707232</doc-number><kind>A</kind><date>20120224</date><lang>EN</lang></document-id><document-id mxw-id="PAPP175460603" load-source="docdb" format="original"><country>EP</country><doc-number>12707232.0</doc-number><date>20120224</date><lang>EN</lang></document-id></application-reference><priority-claims><priority-claim mxw-id="PPC140451373" ucid="DE-102011012491-A" load-source="docdb"><document-id format="epo"><country>DE</country><doc-number>102011012491</doc-number><kind>A</kind><date>20110225</date></document-id></priority-claim><priority-claim mxw-id="PPC140449683" ucid="EP-2012000803-W" linkage-type="W" load-source="docdb"><document-id format="epo"><country>EP</country><doc-number>2012000803</doc-number><kind>W</kind><date>20120224</date></document-id></priority-claim></priority-claims><technical-data><classifications-ipcr><classification-ipcr mxw-id="PCL1988097224" load-source="docdb">A61P   9/10        20060101ALI20120914BHEP        </classification-ipcr><classification-ipcr mxw-id="PCL1988116501" load-source="docdb">A61K  47/26        20060101ALI20120914BHEP        </classification-ipcr><classification-ipcr mxw-id="PCL1988125481" load-source="docdb">A61K   9/14        20060101ALI20120914BHEP        </classification-ipcr><classification-ipcr mxw-id="PCL1988132142" load-source="docdb">A61K  47/14        20060101ALI20120914BHEP        </classification-ipcr><classification-ipcr mxw-id="PCL1988136239" load-source="docdb">A61K   9/00        20060101AFI20120914BHEP        </classification-ipcr><classification-ipcr mxw-id="PCL1988137164" load-source="docdb">A61K  31/21        20060101ALI20120914BHEP        </classification-ipcr><classification-ipcr mxw-id="PCL1988139217" load-source="docdb">A61K  47/02        20060101ALI20120914BHEP        </classification-ipcr></classifications-ipcr><classifications-cpc><classification-cpc mxw-id="PCL-1984735875" load-source="docdb" scheme="CPC">A61K   9/1617      20130101 FI20160107BHEP        </classification-cpc><classification-cpc mxw-id="PCL-1984738403" load-source="docdb" scheme="CPC">A61K  31/21        20130101 LI20160108BHEP        </classification-cpc><classification-cpc mxw-id="PCL-1984739021" load-source="docdb" scheme="CPC">A61K   9/143       20130101 LI20160107BHEP        </classification-cpc><classification-cpc mxw-id="PCL-2049525561" load-source="docdb" scheme="CPC">A61K   9/1623      20130101 LA20150601BHEP        </classification-cpc><classification-cpc mxw-id="PCL-2049527894" load-source="docdb" scheme="CPC">A61K   9/0056      20130101 LI20150601BHEP        </classification-cpc><classification-cpc mxw-id="PCL-2049528158" load-source="docdb" scheme="CPC">A61K   9/006       20130101 LI20150601BHEP        </classification-cpc><classification-cpc mxw-id="PCL-2049529115" load-source="docdb" scheme="CPC">A61J   1/035       20130101 LA20150601BHEP        </classification-cpc><classification-cpc mxw-id="PCL-2125163820" load-source="docdb" scheme="CPC">A61K   9/141       20130101 LI20141218BHEP        </classification-cpc><classification-cpc mxw-id="PCL-2125168003" load-source="docdb" scheme="CPC">B65D  85/00        20130101 LI20141219BHEP        </classification-cpc><classification-cpc mxw-id="PCL1988107308" load-source="docdb" scheme="CPC">A61K  47/14        20130101 LI20131205BHEP        </classification-cpc></classifications-cpc><invention-title mxw-id="PT132186897" lang="DE" load-source="patent-office">STABILISIERTES GRANULAT MIT GLYCERYLTRINITRAT</invention-title><invention-title mxw-id="PT132186898" lang="EN" load-source="patent-office">STABILIZED GRANULES CONTAINING GLYCERYL TRINITRATE</invention-title><invention-title mxw-id="PT132186899" lang="FR" load-source="patent-office">GRANULES STABILISÉS CONTENANT DU TRINITRATE DE GLYCÉRYLE</invention-title></technical-data><parties><applicants><applicant mxw-id="PPAR918139426" load-source="docdb" sequence="1" format="epo"><addressbook><last-name>POHL BOSKAMP G GMBH &amp; CO KG</last-name><address><country>DE</country></address></addressbook></applicant><applicant mxw-id="PPAR918171994" load-source="docdb" sequence="1" format="intermediate"><addressbook><last-name>G. POHL-BOSKAMP GMBH &amp; CO. KG</last-name></addressbook></applicant><applicant mxw-id="PPAR918988007" load-source="patent-office" sequence="1" format="original"><addressbook><last-name>G. Pohl-Boskamp GmbH &amp; Co. KG</last-name><iid>100992113</iid><address><street>Kieler Strasse 11</street><city>25551 Hohenlockstedt</city><country>DE</country></address></addressbook></applicant></applicants><inventors><inventor mxw-id="PPAR918160050" load-source="docdb" sequence="1" format="epo"><addressbook><last-name>ZIMMECK THOMAS</last-name><address><country>DE</country></address></addressbook></inventor><inventor mxw-id="PPAR918147275" load-source="docdb" sequence="1" format="intermediate"><addressbook><last-name>ZIMMECK, THOMAS</last-name></addressbook></inventor><inventor mxw-id="PPAR918993600" load-source="patent-office" sequence="1" format="original"><addressbook><last-name>ZIMMECK, THOMAS</last-name><address><street>Schwalbenring 28</street><city>25551 Hohenlockstedt</city><country>DE</country></address></addressbook></inventor><inventor mxw-id="PPAR918135283" load-source="docdb" sequence="2" format="epo"><addressbook><last-name>UECK HENNING</last-name><address><country>DE</country></address></addressbook></inventor><inventor mxw-id="PPAR918167039" load-source="docdb" sequence="2" format="intermediate"><addressbook><last-name>UECK, HENNING</last-name></addressbook></inventor><inventor mxw-id="PPAR918990419" load-source="patent-office" sequence="2" format="original"><addressbook><last-name>UECK, HENNING</last-name><address><street>Hauptstrasse 1</street><city>25524 Bekmünde</city><country>DE</country></address></addressbook></inventor><inventor mxw-id="PPAR948147057" load-source="docdb" sequence="3" format="epo"><addressbook><last-name>GEHRICKE JULIA</last-name><address><country>DE</country></address></addressbook></inventor><inventor mxw-id="PPAR948147058" load-source="docdb" sequence="3" format="intermediate"><addressbook><last-name>GEHRICKE, JULIA</last-name></addressbook></inventor><inventor mxw-id="PPAR918984209" load-source="patent-office" sequence="3" format="original"><addressbook><last-name>ZSCHERPE, Julia</last-name><address><street>Groß-Kielstein 4</street><city>24118 Kiel</city><country>DE</country></address></addressbook></inventor></inventors><agents><agent mxw-id="PPAR918992756" load-source="patent-office" sequence="1" format="original"><addressbook><last-name>Hamm, Volker</last-name><iid>100045083</iid><address><street>Maiwald Patentanwalts GmbH Jungfernstieg 38</street><city>20354 Hamburg</city><country>DE</country></address></addressbook></agent></agents></parties><international-convention-data><pct-or-regional-filing-data ucid="EP-2012000803-W"><document-id><country>EP</country><doc-number>2012000803</doc-number><kind>W</kind><date>20120224</date><lang>EN</lang></document-id></pct-or-regional-filing-data><pct-or-regional-publishing-data ucid="WO-2012113564-A1"><document-id><country>WO</country><doc-number>2012113564</doc-number><kind>A1</kind><date>20120830</date><lang>EN</lang></document-id></pct-or-regional-publishing-data><designated-states><ep-contracting-states><country mxw-id="DS548936250" load-source="docdb">AL</country><country mxw-id="DS548919004" load-source="docdb">AT</country><country mxw-id="DS548936251" load-source="docdb">BE</country><country mxw-id="DS548838441" load-source="docdb">BG</country><country mxw-id="DS548941081" load-source="docdb">CH</country><country mxw-id="DS548930239" load-source="docdb">CY</country><country mxw-id="DS548919005" load-source="docdb">CZ</country><country mxw-id="DS548936252" load-source="docdb">DE</country><country mxw-id="DS548930240" load-source="docdb">DK</country><country mxw-id="DS548930241" load-source="docdb">EE</country><country mxw-id="DS548867387" load-source="docdb">ES</country><country mxw-id="DS548838442" load-source="docdb">FI</country><country mxw-id="DS548838443" load-source="docdb">FR</country><country mxw-id="DS548936253" load-source="docdb">GB</country><country mxw-id="DS548930310" load-source="docdb">GR</country><country mxw-id="DS548936274" load-source="docdb">HR</country><country mxw-id="DS548919006" load-source="docdb">HU</country><country mxw-id="DS548941082" load-source="docdb">IE</country><country mxw-id="DS548930311" load-source="docdb">IS</country><country mxw-id="DS548838444" load-source="docdb">IT</country><country mxw-id="DS548930312" load-source="docdb">LI</country><country mxw-id="DS548934557" load-source="docdb">LT</country><country mxw-id="DS548919007" load-source="docdb">LU</country><country mxw-id="DS548934558" load-source="docdb">LV</country><country mxw-id="DS548934559" load-source="docdb">MC</country><country mxw-id="DS548817048" load-source="docdb">MK</country><country mxw-id="DS548817049" load-source="docdb">MT</country><country mxw-id="DS548919008" load-source="docdb">NL</country><country mxw-id="DS548867388" load-source="docdb">NO</country><country mxw-id="DS548941083" load-source="docdb">PL</country><country mxw-id="DS548934560" load-source="docdb">PT</country><country mxw-id="DS548919009" load-source="docdb">RO</country><country mxw-id="DS548934561" load-source="docdb">RS</country><country mxw-id="DS548941084" load-source="docdb">SE</country><country mxw-id="DS548838445" load-source="docdb">SI</country><country mxw-id="DS548867389" load-source="docdb">SK</country><country mxw-id="DS548941085" load-source="docdb">SM</country><country mxw-id="DS548817050" load-source="docdb">TR</country></ep-contracting-states></designated-states></international-convention-data><office-specific-data><eptags><ep-no-a-document-published>*</ep-no-a-document-published></eptags></office-specific-data></bibliographic-data><abstract mxw-id="PA99626110" ref-ucid="WO-2012113564-A1" lang="EN" load-source="patent-office"><p num="0000">Solid pharmaceutical preparation with the active substance glyceryl trinitrate for oromucosal or oral administration characterized in that it contains between 0.05 and 2 weight% glyceryl trinitrate, at least one carrier material, and at least one substance that reduces the volatility of the GTN, whereby this substance is a non-volatile ester stabilizer.</p></abstract><abstract mxw-id="PA99824629" ref-ucid="WO-2012113564-A1" lang="EN" source="national office" load-source="docdb"><p>Solid pharmaceutical preparation with the active substance glyceryl trinitrate for oromucosal or oral administration characterized in that it contains between 0.05 and 2 weight% glyceryl trinitrate, at least one carrier material, and at least one substance that reduces the volatility of the GTN, whereby this substance is a non-volatile ester stabilizer.</p></abstract><abstract mxw-id="PA99626111" ref-ucid="WO-2012113564-A1" lang="FR" load-source="patent-office"><p num="0000">La présente invention concerne une préparation pharmaceutique solide contenant, en tant que substance active, du trinitrate de glycéryle et destinée à une administration oromuqueuse ou orale. Ladite préparation pharmaceutique est caractérisée en ce qu'elle contient de 0,05 à 2 % en poids de trinitrate de glycéryle, au moins un matériau vecteur, et au moins une substance qui réduit la volatilité du GTN, cette substance étant ainsi un stabilisateur d'ester non volatil.</p></abstract><abstract mxw-id="PA99824630" ref-ucid="WO-2012113564-A1" lang="FR" source="national office" load-source="docdb"><p>La présente invention concerne une préparation pharmaceutique solide contenant, en tant que substance active, du trinitrate de glycéryle et destinée à une administration oromuqueuse ou orale. Ladite préparation pharmaceutique est caractérisée en ce qu'elle contient de 0,05 à 2 % en poids de trinitrate de glycéryle, au moins un matériau vecteur, et au moins une substance qui réduit la volatilité du GTN, cette substance étant ainsi un stabilisateur d'ester non volatil.</p></abstract><description mxw-id="PDES50931509" ref-ucid="WO-2012113564-A1" lang="EN" load-source="patent-office"><!-- EPO <DP n="2"/>--><p id="p0001" num="0001"> Stabilized granules containing glyceryl trinitrate </p><p id="p0002" num="0002">Field of Invention </p><p id="p0003" num="0003">The present invention relates to solid pharmaceutical preparations of volatile or unstable active substances. In particular, the present invention relates to solid pharmaceutical preparations for oral or oromucosal administration containing the active substance glyceryl trinitrate (nitroglycerin, referred to below in abbreviated form as GTN), which preparations are unexpectedly and surprisingly stabilized by addition of a stabilizer comprising a non-volatile ester. </p><p id="p0004" num="0004">Background </p><p id="p0005" num="0005">GTN is an active substance which is used in the treatment of attacks of angina pectoris, among other uses, whereby it is especially used in emergency situations, in which the pharmaceutical form must enable a rapid onset of action. Within this framework sublingual administration has proven very effective with rapid uptake of the active substance and quick relief of symptoms. In addition to sublingual sprays, solutions for infusion or chewable capsules, tablets for oromucosal, i.e. sublingual or buccal administration are used as pharmaceutical forms to enable rapid onset of action. </p><p id="p0006" num="0006">Sprays for sublingual administration, which are used to spray the active substance- containing dose underneath the tongue, provide for a direct and rapid application of 
<!-- EPO <DP n="3"/>-->
 the dissolved active substance over the highly resorbent oral mucosa. However, affected patients are required to carry a relatively voluminous spray bottle around with them at all times in order to ensure immediate access to the medicinal product in emergencies and enable a rapid administration of the GTN. Alternatively, chewable capsules containing the active substance as an oily solution can be carried around as individual doses in blisters. However, a portion of the active ingredient, which is released by tearing open the capsules with the teeth, never reaches the sublingual area, its absorption is delayed or it is lost through swallowing. Sublingual tablets represent a further alternative to spray solutions and chewable capsules because they can be placed directly under the tongue to rapidly release the active substance. </p><p id="p0007" num="0007">However, these, too, have many disadvantages which are well known. </p><p id="p0008" num="0008">GTN is not a stable substance. It is explosive as a pure substance and is used as an explosive in the form of dynamite. In addition, GTN is volatile even when prepared as a solid commercially available medicinal product. Phlegmatized solutions with ethanol, propylene glycol or medium chain triglycerides, for example, are less reactive and permit the safe preparation of GTN concentrates in liquid form. As a triple ester, GTN is readily hydrolyzed both in the acidic and alkaline pH range. Degradation reactions form 1,3- or 1 ,2-glyceryl dinitrate (GDN) and 1- or 2-glyceryl mononitrate (G N), which limits the storage stability and shelf life of GTN formulations. </p><p id="p0009" num="0009">Up to now commercially available GTN tablets have been filled in glass bottles, which must be handled with a certain level of caution when carried around by patients. In addition, the removal of a single tablet can be difficult in an emergency situation, due to the small size of the tablets, among other reasons. Thus, there is a long felt unmet need for alternative forms of GTN-containing solid compounds, which are easy for patients to carry around in single-dose form, e.g. in a wallet or jacket pocket, and which simultaneously ensure sufficient stability, simple administration, and rapid onset of action. 
<!-- EPO <DP n="4"/>-->
 So-called stick packs represent an alternative pharmaceutical configuration for individual doses. They can be manufactured to contain the medicinal product as free- flowing granules or powder and enable both comfortable transport of the medicinal product as well as simple and easy dosing, which is especially significant in emergency situations. However, GTN-containing powders or granules - with their substantially larger total surface area as compared with tablets - represent an even greater challenge with respect to stabilization of the composition in any type of packaging configuration including stick packs. In the case of GTN, the highest possible storage stability is especially critical to enable the patient to carry around a single dose such as but not limited to a stick pack; carrying it around in the breast pocket of a shirt, for example, can subject it to significant temperature increases and associated stress conditions, which may violate the recommended storage conditions for conventional GTN compounds. Thus, one object of the present invention is to provide a highly stable, solid pharmaceutical preparation containing GTN, which is suitable for oromucosal administration and can be used in the production of a pharmaceutical form such as a powder, granule or tablet, which patients can carry around comfortably in an easy-to- use, unbreakable single-dose configuration such as but not limited to single doses in a stick pack. Another object of the present invention is to provide a method of production to ensure safe and reliable manufacturing on an industrial scale of a highly stabilized GTN-containing preparation and consumer medicine. </p><p id="p0010" num="0010">Summary of Invention </p><p id="p0011" num="0011">The present invention exploits the surprising finding that highly stable, non-liquid preparations of GTN can be manufactured using a novel process wherein GTN is combined with non- volatile carboxylic acid esters. Those esters which are suitable for this purpose are those with a melting point of 60°C or less and which can be liquid or assume a pasty or semi-solid consistency at ambient temperatures ranging 
<!-- EPO <DP n="5"/>-->
 from about 15°C to about 25°C. As described herein, it has now been discovered that a highly stabilized, non-liquid preparation of GTN results when GTN, phlegmatized in a suitable diluent to form a GTN concentrate, is then contacted with a suitable carrier material resulting in a GTN-containing slurry which is then (or </p><p id="p0012" num="0012">contemporaneously) admixed with a suitable stabilizer in accordance with the teachings provided herein. The resulting GTN-containing absorbate is highly stable. The resulting absorbate can be in the form of a powder or granules. The absorbate can also be pressed to form a tablet type of composition. Without wishing to be bound by theory, the stabilizer entraps the GTN on and/or within the carrier material thereby preventing volatilization or escape of GTN from the non-liquid absorbate. Hence the invention results in highly prolonged shelf life and improved stability as compared with conventional GTN preparations, including GTN in a diluent customarily used for phlegmatization purposes. The present invention is a significant advancement in the preparation and clinical availability of stabilized medicines with a prolonged shelf life whose active ingredient is, by its nature, volatile and unstable such as but not limited to GTN. The present invention has broad-reaching implications for medicinal chemistry and formularies heretofore unavailable. </p><p id="p0013" num="0013">In one aspect, the present invention provides a solid pharmaceutical preparation with the active substance glyceryl trinitrate for oromucosal or oral administration characterized in that it contains between 0.05 and 2 weight% glyceryl trinitrate (GTN), at least one diluent, one carrier material, and at least one substance that reduces the volatility of GTN, whereby this substance is a non-volatile ester stabilizer whose melting point is not higher than 60 °C. Certain preferred </p><p id="p0014" num="0014">preparations contain between 0.1 and 1 weight% glyceryl trinitrate. The non-volatile ester stabilizer can be solid or semi-solid at a temperature of 20 °C in certain preferred embodiments while the non-volatile ester stabilizer can be liquid in others. In preferred embodiments, the non-volatile ester stabilizer is selected from the group 
<!-- EPO <DP n="6"/>-->
 consisting of: mono- and diglycerides, polyethoxylated glycerides, esters of lactic acid, D-alpha tocopheryl polyethylene glycol 1000 succinate and solid triglycerides, and mixtures of any one of these substances. The non-volatile ester stabilizer can be used at a concentration of 0.2 to 10 weight %, based on the total weight of the preparation. According to the present invention, the GTN, diluent and stabilizer form a homogeneous preparation in some embodiments. In currently preferred embodiments, the mass ratio of the non-volatile ester stabilizer to GTN is between 2 and 40; and the mass ratio of the diluent to non-volatile ester stabilizer is between 1 and 9.5. In some preferred embodiments, the carrier material is selected from the group consisting of: magnesium aluminometasilicate, dibasic calcium phosphate, isomalt and mixtures of any one of the foregoing. </p><p id="p0015" num="0015">According to the present invention, the above-described solid pharmaceutical preparation can further include at least one excipient suitable for sublingual administration, which is selected from the group consisting of: water-soluble mono-, di-, and polysaccharides, as well as their alcohols. In currently preferred </p><p id="p0016" num="0016">embodiments, the excipient suitable for sublingual administration is selected from the group consisting of: fructose, glucose, isomalt, lactose, maltose, maltitol, mannitol, sorbitol, sucrose, trehalose, and xylitol and mixtures of any one of the foregoing. In particularly preferred embodiments, the excipient suitable for sublingual administration is xylitol and/or isomalt at concentrations of between 20 and 95 weight%. In even more preferred embodiments, the excipient suitable for sublingual administration is isomalt, which is contained at concentrations of between 70 and 95 weight%, based on the total weight of the preparation. 
<!-- EPO <DP n="7"/>-->
 In yet other embodiments of the solid pharmaceutical preparation, the preparation further comprises at least 0.01 to 3.0 weight% of a flavoring agent. </p><p id="p0017" num="0017">One particularly preferred embodiment of the solid pharmaceutical preparation for oromucosal or oral administration contains an absorbate comprising between 0.05 and 2 weight% GTN and a non-volatile ester stabilizer on a carrier material. </p><p id="p0018" num="0018">According to the teachings of the present invention, any of the foregoing solid pharmaceutical preparation can be in the form of a free-flowing powder or free- flowing granules. They can be packaged as a single dose in the form of a stick pack or sachet. </p><p id="p0019" num="0019">In another aspect, the present invention provides a process for the manufacture of a pharmaceutical preparation with the active substance glyceryl trinitrate for oromucosal or oral administration characterized in that it contains between 0.05 and 2 weight% glyceryl trinitrate (GTN), the process comprising the steps of: a) preparing a mixture comprising at least one carrier material selected from the group consisting of: magnesium aluminometasilicate, dibasic calcium phosphate, fructose, glucose, isomalt, lactose, maltose, maltitol, mannitol, sorbitol, sucrose, trehalose, xylitol and mixtures of any one of the foregoing; b) preparing a GTN solution comprising at least one non-volatile ester stabilizer whose melting point is not higher than 60 °C; c) adding in a step-wise fashion the GTN solution to the carrier material; and d) mixing until the active substance has been homogeneously distributed, optionally followed by a drying step. </p><p id="p0020" num="0020">In yet another aspect, the present invention provides a process for the manufacture of a solid pharmaceutical preparation with the active substance GTN for oromucosal or oral administration characterized in that it contains between 0.05 and 2 weight % GTN, the process comprising the steps of: a) preparing a GTN solution comprising phlegmatized GTN and at least one non-volatile ester stabilizer; b) adding in a 
<!-- EPO <DP n="8"/>-->
 stepwise manner the GTN solution formed in step a) to a carrier material; c) optionally adding further excipients; d) mixing until the active substance has been homogeneously distributed, optionally followed by a drying step. In a further aspcect, the present invention provides a process for the manufacture of a solid pharmaceutical preparation with the active substance GTN for oromucosal or oral administration characterized in that it contains between 0.05 and 2 weight % GTN, the process comprising the steps of: a) providing GTN admixed with at least one non-volatile ester stabilizer; b) adding in a stepwise manner the GTN -stabilizer admixture of step a) to a carrier material; c) optionally adding further excipients; and d) mixing until the active substance has been homogeneously distributed, optionally followed by a drying step. </p><p id="p0021" num="0021">Detailed Description of Invention </p><p id="p0022" num="0022">For purposes of clarification, and in no manner intended to be limiting, the following definition of terms used herein is provided: Diluent is a substance which permits phlegmatization of a volatile substance such as GTN and permits safe preparation of a liquid concentrate. As also described elsewhere herein, suitable diluents include, for example (but not limited to), medium chain triglycerides (MCT) (e.g., C<sub>6-</sub>i2), propylene glycol and ethanol. For example, when reference herein is made to a GTN concentrate, it is GTN phlegmatized in a suitable diluent such as, for example, MCT. </p><p id="p0023" num="0023">Stabilizer is a substance which increases the stability of a volatile substance such as GTN beyond that exhibited by the substance in a mere diluent. As also described elsewhere herein, suitable stabilizers include but are not limited to non-volatile carboxylic acid esters. Generally speaking and as described elsewhere herein, 
<!-- EPO <DP n="9"/>-->
 suitable stabilizers can be selected from a group of carboxylic acid esters with similar polarity as GTN and which may be liquid, solid or semi-solid at ambient </p><p id="p0024" num="0024">temperatures but liquefy at about 60 °C. For purposes of the present invention, MCT such as, for example, medium chain triglycerides according to the European </p><p id="p0025" num="0025">Pharmacopoeia are not contemplated as a stabilizer within the teachings of the present invention. </p><p id="p0026" num="0026">Carrier material is a non-liquid substance which renders a composition according to the present invention as a powder or a granule. As also described elsewhere herein, suitable carrier materials include but are not limited to water soluble carbohydrates and their respective alcohols such as, but not limited to, isomalt which has a porous structure and inorganic compounds with porous structures such as, but not limited to, anhydrous dibasic calcium phosphate and magnesium aluminometasilicate, or mixtures of any one of the foregoing. </p><p id="p0027" num="0027">Absorbate as used herein means a composition comprising an admixture of at least an active ingredient such as GTN in a phlegmatized form with at least one carrier material and a stabilizer. For purposes of the present invention, the mass ratio between diluent and stabilizer in one currently preferred embodiment is 19:5; in certain other preferred embodiments, the ratio is 19: 10. In yet other preferred embodiments the diluent:stabilizer mass ratio is 19:2, 19:3, 19:4, 19:6, 19:7, 19:8, 19:9, 19: 12, 19: 15, and 1 : 1. </p><p id="p0028" num="0028">The teachings of the present invention have resulted in the surprising and unexpected finding that the free-flowing absorbate with its at least 10-fold greater surface area as compared with a conventional compressed tabletized form of GTN can minimize or prevent volatilization and/or evaporation of GTN, even though the GTN in theory has a greater opportunity to escape due to the absorbate's extensive surface area. One of skill in the art would not have predicted this based on the state of the art before the present invention. 
<!-- EPO <DP n="10"/>-->
 As described above, the objectives of the present invention are solved by a GTN- containing pharmaceutical preparation which is stable during storage, in the form of a free-flowing powder or granules, which, in addition to at least one non-liquid carrier substance and optional additional excipients, comprises at least one stabilizer substance, which significantly reduces the volatility of GTN and is selected from the group of non-volatile esters whose melting point is not higher than 60 °C. Without remaining bound by this theory, it is assumed that esters with a polarity very close to that of GTN surround the GTN molecules on the inner surface of the carrier material and prevent volatilization of the GTN. Stabilizers, which are solid, semi-solid or pasty at room temperature, are especially well suited as exemplified below. Again, without remaining bound by this theory, it is currently thought that the absorbed solutions which form the absorbate, which partially or completely solidify following preparation, are especially effective at trapping and thereby preventing the GTN from evaporating. For example, when a porous carrier is used, the GTN becomes encapsulated in the pores of the carrier as the stabilizer substance solidifies in the pores. The pharmaceutical preparation according to the invention is suitable for filling in individual packages, such as stick packs, capsules or sachets, for example. In the case of stick packs, particularly preferred materials and configurations are described in (1) International Patent Application filed on even date herewith, the entire contents of which is herein incorporated by reference and (2) German Patent Application No. DE 10 201 1 012 491.8 filed on February 25, 201 1 , to which this application and the aforementioned International Patent Application claim priority. According to DE 10 201 1 012 491.8 (e.g. example 5) the preferred materials for packaging the GTN containing preparation according to the invention are composite films which contain a layer comprising a co-polymer of acrylonitrile units and one or more other monomers (AN-copolymers) on the surface facing the pharmaceutical preparation. In the case of stick packs, most preferred are aluminium composite films containing a layer made of acrylonitrile-methylacrylate copolymer or impact- modified acrylonitrile-methylacrylate copolymer on the side, which is in contact with the pharmaceutical composition. The pharmaceutical preparations and methods of 
<!-- EPO <DP n="11"/>-->
 the present invention can also be used, however, for the eventual production of other solid pharmaceutical forms, e.g. tablets, mini-tablets or pellets. </p><p id="p0029" num="0029">Particularly significant advantage of one aspect of the present invention is that production of pharmaceutical preparations of volatile, unstable ingredients can be carried out without the use of volatile and flammable solvents, enabling the preparations to be manufactured without the use of energy-intensive drying steps and elaborate solvent recovery processes. However, the present invention also contemplates production of pharmaceutical preparations of volatile ingredients such as GTN phlegmatized in ethanol. </p><p id="p0030" num="0030">Within the framework of the tests exemplified below, upon which the invention was discovered, it was unexpectedly discovered that the volatility of GTN is significantly reduced under both standard storage conditions as well as under stress conditions through the use of a non- volatile ester stabilizer whose melting point is not higher than about 60 °C. For the purposes of the invention non-volatile means that the stabilizer substance preferably has a boiling point above or at about 200 °C </p><p id="p0031" num="0031">(measured at normal ambient pressure). The preferred maximum melting point of 60 °C results from the fact that the GTN is also heated to this temperature during the absorbate production process. Higher temperatures should be avoided due to stability issues of the GTN. A more preferred melting point is at or about 0 to 50 °C, an even more preferred melting point is at or about 20 to 45 °C, and a most preferred melting point is at or about 30 to 40 °C. Furthermore, and very importantly, the use of the ester stabilizer described herein does not compromise the disintegration properties of the granules, the release of the active substance, or its absorption into the body. The processes of the present invention result in a clinically advantageous composition, which induces a rapid absorption of the active substance when customarily administered via the oral mucosa and a resulting rapid reduction in the symptoms of the condition in life-threatening emergencies such as an attack of angina pectoris. 
<!-- EPO <DP n="12"/>-->
 As described earlier, the present invention's GTN component is provided in the form of a phlegmatized GTN concentrate; in a preferred embodiment, the diluent for such a concentrate is MCT. Due to its explosive properties, GTN intended for </p><p id="p0032" num="0032">pharmaceutical purposes is phlegmatized by the manufacturer, which reduces the risk posed by the hazardous properties. The matrix used for phlegmatization can be in liquid and or powder form. For example, GTN is commercially available as a 5% solution in MCT, such as Miglyol® 812, as a 5% solution in propylene glycol, as a 10% concentrate in lactose triturate or a 2.25% dilution in glucose. Miglyol® 812 is a preparation comprising a fatty acid fraction of a maximum of about 2% caproic acid (C<sub>6:0</sub>), about 50-80% caprylic acid (C8:<sub>0</sub>), about 20-50%) capric acid (Ci<sub>0:</sub>o), a maximum of about 3% lauric acid (Ci<sub>2:0</sub>), and a maximum of about 1% myristic acid (Ci<sub>4:0</sub>) in keeping with the art-recognized standards set by the European </p><p id="p0033" num="0033">Pharmacopoeia. If these GTN concentrates are used directly for the preparation of the absorbate according to the invention, then the diluent used for phlegmatization is also contained in the finished product. According to the present invention, a preferred ratio of diluen stabilizer is between about 1 and 8; more preferably between about 1.2 and 5.0, even more preferably between about 1.5 and 4.0; and most preferably between about 1.9 and 3.8. In other equally useful embodiments of the present invention, GTN can be phlegmatized in a volatile solvent such as but not limited to ethanol; in such instances, little or no diluent is present in the finished product. </p><p id="p0034" num="0034">The stabilized GTN-containing composition according to the invention comprises an absorbate comprising concentrations of at or about 0.2 to 10 weight % of the non- volatile ester stabilizer having a melting point not higher than or at about 60 °C; stabilizer concentrations in certain preferred embodiments include 0.5, 1.0, 1.5, 2.0, 2.5, 3.0, 4.0, 5.0, 6.0, 7.0 or 8.0 weight %. It is also contemplated to use mixtures of the stabilizing esters described. In such cases, the quantities refer to the total for these substances. The GTN concentration in the final absorbate composition is within 
<!-- EPO <DP n="13"/>-->
 a range of at or about 0.05 to 2 weight%; in certain preferred embodiments GTN concentrations include 0.10, 0.15, 0.20, 0.25, 0.30, 0.35, 0.40, 0.50, 0.60, 0.70, 0.80, 1.0 or 1.5 weight %. Unless otherwise stated, all weight percentages refer to the total composition. The mass ratio of stabilize^ s):GTN is within the range of at or about 2 to 40; one preferred embodiment includes a ratio of 4 to 20, while a ratio of 5, 10, and 15 is particularly preferred in other embodiments. </p><p id="p0035" num="0035">As earlier explained, in a preferred embodiment of the invention the non-volatile ester stabilizer whose melting point is not higher than or at about 60 °C is selected from the group of liquid, solid, semi-solid or pasty substances at room temperature. In particularly preferred embodiments of the invention, the stabilizer is chosen from a group of substances that result in a homogeneous solution when admixed with the phlegmatized GTN concentrate. Especially preferred stabilizer substances are solid or pasty at room temperature, and include but are not limited to triglycerides, diglycerides, and monoglycerides; polyethoxylated triglycerides, diglycerides, and monoglycerides; esters of lactic acid; and D-alpha tocopheryl polyethylene glycol 1000 succinate (TPGS). As proposed earlier, it is suspected that the absorbates, which partially or completely solidify following preparation, are especially effective at preventing the GTN from evaporating. </p><p id="p0036" num="0036">In the case of stabilizers selected from the group consisting of triglycerides, preferred triglycerides include, for example, hard fat in accordance with USP/NF, which is, e.g., commercially available as Gelucire™ 43/01 from Gattefosse (Saint-Priest Cedex, France). In the case of mono- and diglycerides include, for example, glycerol monooleate, which is, e.g., commercially available as Cithrol® GMO HP from</p><p id="p0037" num="0037">Croda GmbH (Nettetal, Germany), glycerol monocaprylocaprate in accordance with the European Pharmacopeia (Ph. Eur.), sold for example under the commercial name Capmul™ MCM EP by Abitec (Janesville, USA), or mono- and diglycerides in accordance with USP/NF. Polyethoxylated glycerides include for example oleoyl macrogol-6-glycerides in accordance with USP/NF, which are, e.g., commercially 
<!-- EPO <DP n="14"/>-->
 available as Labrafil® 1944CS from Gattefosse. In other embodiments, preferred stabilizers are selected from the group consisting of esters of lactic acid including, for example, cetyl lactate and myristyl lactate, which are, e.g., commercially available as Crodamol™ CL and Crodamol™ ML resp. from Croda GmbH (Nettetal, Germany). </p><p id="p0038" num="0038">The absorbate composition according to the invention also contains at least one pharmaceutically suitable carrier material characterized by a large inner surface area capable of absorbing, for example, oily liquids. Preferred carrier materials of that kind include, but are not limited to, magnesium aluminometasilicate in accordance with USP/NF, one example of which is commercially available as Neusilin® US2 from Fuji Chemical Industry (Japan), anhydrous dibasic calcium phosphate in accordance with USP NF, one example of which is commercially available as Fujicalin® from Fuji Chemical Industry (Japan), isomalt according to the European Pharmacopoeia one example of which is commercially available as Galen IQ™ from BENEO-Palatinit GmbH (Mannheim, Germany) or mixtures of any one of the foregoing types of carrier materials. </p><p id="p0039" num="0039">The absorbate composition according to the invention can also contain other pharmaceutically acceptable excipients which support sublingual release of the active substance and are selected (but not limited to) from among the group water-soluble mono-, di-, and polysaccharides, as well as their alcohols. This excipient is selected especially from the group including but not limited to fructose, glucose, isomalt, lactose, maltose, maltitol, mannitol, sorbitol, sucrose, trehalose, and xylitol and/or mixtures thereof. In certain preferred embodiments, these excipients are present at a total concentration of at or about 70 to 95 weight %. In the case of mixtures the concentration of each individual substance is at or about 20 to 95 weight %, whereby in certain other preferred embodiments concentrations include 25, 30, 35, 40, 45, 50, 55, 60, 65, 70, 75, 80, or 85 weight %. In certain embodiments, isomalt is especially preferred. It can serve both as a carrier material when a diluent for the active 
<!-- EPO <DP n="15"/>-->
 ingredient such as GTN is an oily solution and can also serve as additional bulk material. </p><p id="p0040" num="0040">In addition, the absorbate preparation according to the invention can contain other excipients, such as flavoring agents. Flavoring agents are used especially in the case of preparations for oral or sublingual administration in order to increase acceptance among patients. In certain preferred embodiment according to the invention, they are used at concentrations of at or about 0.01 to 3.0 weight %, whereby the especially preferred concentrations in certain other embodiments include at or about 0.1, 0.5, 1, 1.5, 2 or 2.5 weight %. </p><p id="p0041" num="0041">A currently preferred formula comprises: </p><p id="p0042" num="0042"> Contents Quantity [g]</p><p id="p0043" num="0043">GTN (5%) in diluent MCT 79.35</p><p id="p0044" num="0044">Glycerol monocaprylocaprate Ph. Eur. 19.85</p><p id="p0045" num="0045">Anhydrous dibasic calcium phosphate 100.80</p><p id="p0046" num="0046">Isomalt 1800.00</p><p id="p0047" num="0047">Total 2000.00</p><p id="p0048" num="0048">GTN concentration 0.2% </p><p id="p0049" num="0049">Another currently preferred formula comprises: </p><p id="p0050" num="0050"> Contents Quantity [g]</p><p id="p0051" num="0051">GTN (5%) in diluent MCT 40.0</p><p id="p0052" num="0052">Solid Triglycerides 20.0</p><p id="p0053" num="0053">Anhydrous dibasic calcium phosphate 49.9</p><p id="p0054" num="0054">Isomalt 880.1</p><p id="p0055" num="0055">Peppermint flavoring agent 10.0</p><p id="p0056" num="0056">Total 1000.00</p><p id="p0057" num="0057">GTN concentration 0.2% 
<!-- EPO <DP n="16"/>-->
 Yet another currently preferred formula comprises: </p><p id="p0058" num="0058"> Contents Quantity [g]</p><p id="p0059" num="0059">GTN (5%) in diluent MCT 40.0</p><p id="p0060" num="0060">Oleoyl macrogol-6-glycerides 20.0</p><p id="p0061" num="0061">Anhydrous dibasic calcium phosphate 50.0</p><p id="p0062" num="0062">Isomalt 880.0</p><p id="p0063" num="0063">Peppermint flavoring agent 10.0</p><p id="p0064" num="0064">Total 1000.00</p><p id="p0065" num="0065">GTN concentration 0.2% </p><p id="p0066" num="0066">And, another currently preferred formula comprises: </p><p id="p0067" num="0067"> Contents Quantity [g]</p><p id="p0068" num="0068">GTN (5%) in diluent MCT 40.0</p><p id="p0069" num="0069">Solid Triglycerides 10.0</p><p id="p0070" num="0070">Glycerol monocaprylocaprate Ph. Eur. 10.0</p><p id="p0071" num="0071">Anhydrous dibasic calcium phosphate 50.0</p><p id="p0072" num="0072">Isomalt 880.0</p><p id="p0073" num="0073">Peppermint flavoring agent 10.0</p><p id="p0074" num="0074">Total 1000.00</p><p id="p0075" num="0075">GTN concentration 0.2% </p><p id="p0076" num="0076">And, yet another currently preferred formula comprises: </p><p id="p0077" num="0077"> Contents Quantity [g]</p><p id="p0078" num="0078">GTN (5%) in diluent MCT 40.0</p><p id="p0079" num="0079">Oleoyl macrogol-6-glycerides 10.0</p><p id="p0080" num="0080">Triglycerides 10.0</p><p id="p0081" num="0081">Anhydrous dibasic calcium phosphate 50.0</p><p id="p0082" num="0082">Isomalt 880.0</p><p id="p0083" num="0083">Peppermint flavoring agent 10.0</p><p id="p0084" num="0084">Total 1000.0</p><p id="p0085" num="0085">GTN concentration 0.2% 
<!-- EPO <DP n="17"/>-->
 And, another currently preferred formula comprises: </p><p id="p0086" num="0086"> Contents Quantity [g]</p><p id="p0087" num="0087">GTN (5%) in diluent propylene glycol 4.0</p><p id="p0088" num="0088">Glycerol monocaprylocaprate Ph. Eur. 1.0</p><p id="p0089" num="0089">Anhydrous dibasic calcium phosphate 5.0</p><p id="p0090" num="0090">Isomalt 89.0</p><p id="p0091" num="0091">Peppermint flavoring agent 1.0</p><p id="p0092" num="0092">Total 100.00</p><p id="p0093" num="0093">GTN concentration 0.2% </p><p id="p0094" num="0094">And, yet another currently preferred formula comprises: </p><p id="p0095" num="0095"> Contents Quantity [g]</p><p id="p0096" num="0096">GTN (5%) in diluent propylene glycol 4.0</p><p id="p0097" num="0097">Oleoyl macrogol-6-glycerides 2.0</p><p id="p0098" num="0098">Anhydrous dibasic calcium phosphate 5.0</p><p id="p0099" num="0099">Isomalt 88.0</p><p id="p0100" num="0100">Peppermint flavoring agent 1.0</p><p id="p0101" num="0101">Total 100.0</p><p id="p0102" num="0102">GTN concentration 0.2% </p><p id="p0103" num="0103">And, another currently preferred formula comprises: </p><p id="p0104" num="0104"> Contents Quantity [g]</p><p id="p0105" num="0105">GTN 5 % in diluent ethanol 4.0</p><p id="p0106" num="0106">Glycerol monooleate 4.0</p><p id="p0107" num="0107">Anhydrous dibasic calcium phosphate 5.0</p><p id="p0108" num="0108">Isomalt 89.8</p><p id="p0109" num="0109">Peppermint flavoring agent 1.0</p><p id="p0110" num="0110">Total 103.8</p><p id="p0111" num="0111">GTN concentration after evaporation of ethanol 0.2% 
<!-- EPO <DP n="18"/>-->
 And, yet another currently preferred formula comprises: </p><p id="p0112" num="0112"><img id="imgf000018_0001" he="54" wi="137" file="imgf000018_0001.tif" img-format="tif" img-content="table" orientation="portrait" inline="yes"/></p><p id="p0113" num="0113">In one preferred aspect of the invention, the production method according to the present invention comprises the mixture of a concentrate of a volatile chemical, such as for example a GTN concentrate in which GTN is solubilized in a suitable diluent with a non-volatile ester stabilizer whose melting point is not higher than about 60 °C until a homogeneous solution results. In certain embodiments, stabilizing esters not already in liquid form at room temperature are heated to a maximum temperature of about 10°C above their melting point and then mixed with the GTN concentrate as described above at that temperature. This intermediate solution is then admixed with a carrier material which is powdered or granulated and mixed mechanically until a homogeneous, free-flowing powder or granulate absorbate is formed. For purposes of the present invention, free-flowing powder or granulate absorbate means an absorbate which does not have a wet or oily or sticky consistency or is not a liquid. In another embodiment, the GTN concentrate can first be combined with a carrier material capable of absorbing especially large quantities of oil - up to 100% of its own weight, for example - and then the other components such as the stabilizer can be added. Thus in certain embodiments in which the active substance now contained in a carrier material is mixed with the non-volatile ester stabilizer whose melting point is not higher than 60 °C, it is possible to dispense entirely with the use of volatile and flammable solvents during the production process. This enables the 
<!-- EPO <DP n="19"/>-->
 production of a preferred embodiment of the absorbate according to the invention without energy-intensive drying steps and elaborate solvent recovery processes. Thus, one preferred embodiment of the production process of the present invention is especially suitable on an industrial scale. This is a significant advancement with industrial benefits heretofore unavailable. </p><p id="p0114" num="0114">However, as described earlier, other embodiments of the production process of the present invention contemplate the use of GTN concentrates comprising a volatile solvent such as ethanol. Even in the case of this particular production process, a heretofore unavailable stabilized free-flowing absorbate can still be successfully manufactured without any disadvantages or compromises in the resulting absorbate. In the case of an embodiment of the production method in which a GTN concentrate in a volatile diluent is used, the concentrate is absorbed by a solid carrier material and contemporaneously or in a second step the liquid or liquefied stabilizing ester is added. The resulting slurry is dried, for example at a temperature of 30 °C. Then the other excipients are added and mixed until a homogeneous free flowing powder or granulate absorbate is formed. </p><p id="p0115" num="0115">In yet another embodiment of the production method of the present invention, GTN can be diluted under careful attention of the explosion risk directly in the stabilizing ester. This mixture is then absorbed by a solid carrier material. Then the other excipients are added and mixed until a homogeneous free flowing powder or granulate absorbate is formed. This process is most suitable when the stabilizer is a liquid. </p><p id="p0116" num="0116">In any of the proposed production methods described herein, a sieving or </p><p id="p0117" num="0117">disaggregating step can be employed in order to ameliorate the flowing behavior of the powder mixture. 
<!-- EPO <DP n="20"/>-->
 In yet another embodiment of the production method of the present invention, the method can differ from the above in that first a GTN concentrate is absorbed by a solid carrier material and second the liquid or liquefied stabilizing ester is added. Then the other excipients are added and mixed until a homogenous free flowing powder or granulate absorbate is formed. This process is especially effective if stabilizer and GTN in diluent cannot be mixed homogeneously e.g. solid triglycerides as stabilizers and GTN in diluent propylene glycol. </p><p id="p0118" num="0118">Examples </p><p id="p0119" num="0119">The following Examples illustrate the production of various formulations according to the invention without reducing the scope of the invention to these Examples. </p><p id="p0120" num="0120">Comparative Example 1 </p><p id="p0121" num="0121">Commercially available GTN tablets each with a total weight of 35 mg, containing 0.4 mg GTN and lactose monohydrate, glycerol monostearate, pre-agglutinated starch, calcium stearate and colloidal silicon dioxide as excipients, were packaged individually in film stick packs and stored at 40 °C/ 75% rel. humidity for three months. </p><p id="p0122" num="0122">Comparative Example 2 </p><p id="p0123" num="0123"> Contents Quantity [g]</p><p id="p0124" num="0124">GTN in diluent lactose monohydrate 10% 0.60</p><p id="p0125" num="0125">Polyethylene glycol 400 0.36</p><p id="p0126" num="0126">Isomalt 16.81</p><p id="p0127" num="0127">Xylitol 12.01</p><p id="p0128" num="0128">Silicon dioxide (Aeroperl®) 0.25</p><p id="p0129" num="0129">Total 30.03</p><p id="p0130" num="0130">GTN concentration 0.20% 
<!-- EPO <DP n="21"/>-->
 The active substance triturate was mixed well with the liquid polyethylene glycol; the other substances were added in the sequence listed above and mixed. 200-mg portions of the free-flowing powder were filled in stick packs and stored at </p><p id="p0131" num="0131">40 °C/75% rel. humidity for three months. </p><p id="p0132" num="0132">Example 1 </p><p id="p0133" num="0133"><img id="imgf000021_0001" he="54" wi="138" file="imgf000021_0001.tif" img-format="tif" img-content="table" orientation="portrait" inline="no"/></p><p id="p0134" num="0134">Triethyl citrate was mixed with GTN phlegmatized in a diluent of medium chain triglycerides (MCT). The solution was mixed well with the isomalt. Then xylitol and finally silicon dioxide were added and mixing was continued. 200-mg portions of the free-flowing powder were filled in stick packs and stored at 40 °C/75% rel. humidity for three months. </p><p id="p0135" num="0135">The GTN concentration was quantified after production and at various points during storage using HPLC analysis. The individual doses were dissolved in a suitable solvent to perform the analysis. The GTN was detected using a UV-VIS detector at a wavelength of 225 nm. 
<!-- EPO <DP n="22"/>-->
 GTN concentration following storage at 40 °C/75% rel. humidity </p><p id="p0136" num="0136"> Product 0 months 2 weeks 1 month 3 months according to </p><p id="p0137" num="0137"> Comp. 0.391 mg 0.079 mg 0.065 mg * </p><p id="p0138" num="0138">example 1 </p><p id="p0139" num="0139"> Comp. 0.407 mg n.c. 0.305 mg 0.245 mg example 2 </p><p id="p0140" num="0140"> Example 1 0.415 mg n.c. n.c. 0.394 mg</p><p id="p0141" num="0141">* The test was terminated after one month because more than 80% o <sup>■</sup>the active substance had already been lost, </p><p id="p0142" num="0142">n.c. - not conducted </p><p id="p0143" num="0143">This initial comparative test proves that neither the commercially available tablet, nor a powder mixture with the substances contained in a conventional tablet, nor a preparation with polyethylene glycol is suitably stable in a stick pack. The only acceptable level of storage stability was achieved with the addition of the stabilizing ester according to the invention together with a GTN concentrate phlegmatized in MCT as a liquid. </p><p id="p0144" num="0144">Example 2 </p><p id="p0145" num="0145"><img id="imgf000022_0001" he="47" wi="137" file="imgf000022_0001.tif" img-format="tif" img-content="table" orientation="portrait" inline="no"/>
 TPGS was melted at 50 °C and mixed with GTN concentrate in a diluent of MCT. While still warm, the mixture was blended well with the magnesium </p><p id="p0146" num="0146">aluminometasilicate. Then isomalt was added and mixing was continued. 200-mg portions of the free-flowing powder were filled in stick packs and stored at 
<!-- EPO <DP n="23"/>-->
 25 °C/60% rel. humidity. The GTN concentration was quantified immediately after production and at various points during storage as disclosed under Example 1. The results are presented in the following table: 
<img id="imgf000023_0001" he="15" wi="154" file="imgf000023_0001.tif" img-format="tif" img-content="table" orientation="portrait" inline="no"/>
 </p><p id="p0147" num="0147">Example 3 </p><p id="p0148" num="0148"><img id="imgf000023_0002" he="47" wi="137" file="imgf000023_0002.tif" img-format="tif" img-content="table" orientation="portrait" inline="no"/></p><p id="p0149" num="0149">The glycerol monocaprylocaprate was melted at 40°C and mixed with a GTN concentrate in MCT diluent. While still warm, the mixture was blended well with the magnesium aluminometasilicate. Then isomalt was added and mixing was continued. 200-mg portions of the free-flowing powder were filled in stick packs and stored at 40 °C/75% rel. humidity and at 25 °C/60% rel. humidity. The GTN concentration was quantified immediately after production and at various points during storage as disclosed under Example 1. The results are presented in the following table: </p><p id="p0150" num="0150">Storage duration/temp. 0 months 6 months/25 °C 6 months/40 °C </p><p id="p0151" num="0151"> GTN concentration 0.397 mg 0.383 mg 0.355 mg 
<!-- EPO <DP n="24"/>-->
 Example 4 </p><p id="p0152" num="0152"><img id="imgf000024_0001" he="48" wi="137" file="imgf000024_0001.tif" img-format="tif" img-content="table" orientation="portrait" inline="no"/></p><p id="p0153" num="0153">The glycerol monocaprylocaprate was melted at 40 °C and mixed with a GTN concentrate in a MCT diluent. While still warm, the mixture was blended well with the anhydrous dibasic calcium phosphate. Then isomalt was added and mixing was continued. 200-mg portions of the free-flowing powder were filled in stick packs and stored at 40 °C/75% rel. humidity and at 25 °C/60% rel. humidity. The GTN concentration was quantified immediately after production and at various points during storage as disclosed under Example 1. The results are presented in the following table: </p><p id="p0154" num="0154"><img id="imgf000024_0002" he="30" wi="154" file="imgf000024_0002.tif" img-format="tif" img-content="table" orientation="portrait" inline="no"/></p><p id="p0155" num="0155">Comparative example 3 </p><p id="p0156" num="0156"> Contents Quantity [g]</p><p id="p0157" num="0157">GTN (5%) in diluent MCT 1.193</p><p id="p0158" num="0158">Anhydrous dibasic calcium phosphate 1.513</p><p id="p0159" num="0159">Isomalt 19.80</p><p id="p0160" num="0160">Xylitol 7.50</p><p id="p0161" num="0161">Total 30.006</p><p id="p0162" num="0162">GTN concentration 0.2 % 
<!-- EPO <DP n="25"/>-->
 GTN concentrate in MCT diluent was blended well with the anhydrous dibasic calcium phosphate. Then isomalt and xylitol were added and mixing was continued. 200-mg portions of the free-flowing powder were filled in stick packs and stored at 40 °C/75% rel. humidity and at 25 °C/60% rel. humidity. The GTN concentration was quantified immediately after production and at various points during storage as disclosed under Example 1. The results are presented in the following table: </p><p id="p0163" num="0163"><img id="imgf000025_0001" he="21" wi="139" file="imgf000025_0001.tif" img-format="tif" img-content="table" orientation="portrait" inline="no"/></p><p id="p0164" num="0164">A comparison between the data from Example 4 according to the invention and the non-stabilized preparation according to comparative Example 3 reveals that a clinically significant average loss of 17% and 1 1 % occurred without stabilization after a storage period of three months at 40 °C and 25 °C, respectively. A product having this degree of susceptibility to deterioration and loss of active ingredient is not suitable commercially for sale as a pharmaceutical. In sharp contrast, the content of the active substance in Example 4 remained nearly constant for six months when in the presence of a stabilizer in accordance with the present invention. </p><p id="p0165" num="0165">The following Examples illustrate further the benefit of stabilized formulas according to the invention. Additionally, the following Examples demonstrate the benefits of mixtures of the stabilizers as contemplated by the present invention. Importantly, the following Examples illustrate stabilization obtained at even more elevated temperatures, i.e., 50 °C: 
<!-- EPO <DP n="26"/>-->
 Example 5: </p><p id="p0166" num="0166"><img id="imgf000026_0001" he="61" wi="137" file="imgf000026_0001.tif" img-format="tif" img-content="table" orientation="portrait" inline="no"/></p><p id="p0167" num="0167">The glycerol monocaprylocaprate and TPGS were melted at 50 °C and mixed with GTN concentrate in MCT diluent. While still warm, the mixture was blended well with the magnesium aluminometasilicate. Then isomalt and peppermint flavoring agent were added and mixing was continued. 200-mg portions of the free-flowing powder were filled in stick packs and stored at 50 °C and at 40 °C/75% rel. humidity. The GTN concentration was quantified immediately after production and at various points during storage as disclosed under Example 1. </p><p id="p0168" num="0168">Example 6: </p><p id="p0169" num="0169"> Contents Quantity [g]</p><p id="p0170" num="0170">GTN (5%) in diluent MCT 40.0</p><p id="p0171" num="0171">Solid Triglycerides 20.0</p><p id="p0172" num="0172">Anhydrous dibasic calcium phosphate 49.9</p><p id="p0173" num="0173">Isomalt 880.1</p><p id="p0174" num="0174">Peppermint flavoring agent 10.0</p><p id="p0175" num="0175">Total 1000.00</p><p id="p0176" num="0176">GTN concentration 0.2% 
<!-- EPO <DP n="27"/>-->
 The solid triglycerides were melted at 50 °C and mixed with GTN concentrate in MCT diluent. While still warm, the mixture was blended well with the anhydrous dibasic calcium phosphate. Then isomalt was added in portions followed by the peppermint flavoring agent and mixing was continued. 200-mg portions of the free- flowing powder were filled in stick packs and stored at 50 °C and at 40 °C/75% rel. humidity. The GTN concentration was quantified immediately after production and at various points during storage as disclosed under Example 1. </p><p id="p0177" num="0177">Example 7: </p><p id="p0178" num="0178"><img id="imgf000027_0001" he="60" wi="138" file="imgf000027_0001.tif" img-format="tif" img-content="table" orientation="portrait" inline="no"/></p><p id="p0179" num="0179">The solid triglycerides and glycerol monocaprylocaprate were melted at 50 °C and mixed with a GTN concentrate in MCT diluent. While still warm, the mixture was blended well with the anhydrous dibasic calcium phosphate. Then isomalt was added in portions followed by the peppermint flavoring agent and mixing was continued. 200-mg portions of the free-flowing powder were filled in stick packs and stored at 50 °C and at 40 °C/75% rel. humidity. The GTN concentration was quantified immediately after production and at various points during storage as disclosed under Example 1. 
<!-- EPO <DP n="28"/>-->
 Example 8: </p><p id="p0180" num="0180"><img id="imgf000028_0001" he="54" wi="137" file="imgf000028_0001.tif" img-format="tif" img-content="table" orientation="portrait" inline="no"/></p><p id="p0181" num="0181">The oleoyl macrogol-6-glycerides were mixed with GTN in MCT. The mixture was blended well with the anhydrous dibasic calcium phosphate. Then isomalt was added in portions followed by the peppermint flavoring agent and mixing was continued. 200-mg portions of the free-flowing powder were filled in stick packs and stored at 50 °C and at 40 °C/75% rel. humidity. The GTN concentration was quantified immediately after production and at various points during storage as disclosed under Example 1. </p><p id="p0182" num="0182">Example 9: </p><p id="p0183" num="0183"> Contents Quantity [g]</p><p id="p0184" num="0184">GTN (5%) in diluent MCT 40.0</p><p id="p0185" num="0185">Glycerol monooleate 20.0</p><p id="p0186" num="0186">Anhydrous dibasic calcium phosphate 50.0</p><p id="p0187" num="0187">Isomalt 880.0</p><p id="p0188" num="0188">Peppermint flavoring agent 10.0</p><p id="p0189" num="0189">Total 1000.00</p><p id="p0190" num="0190">GTN concentration 0.2% 
<!-- EPO <DP n="29"/>-->
 The glycerol monooleate was melted at 50 °C and mixed with a GTN concentrate in MCT diluent. The mixture was blended well with the anhydrous dibasic calcium phosphate. Then isomalt was added in portions followed by the peppermint flavoring agent and mixing was continued. 200-mg portions of the free-flowing powder were filled in stick packs and stored at 50 °C and at 40 °C/75% rel. humidity. The GTN concentration was quantified immediately after production and at various points during storage as disclosed under Example 1. </p><p id="p0191" num="0191">The results from the storage tests with the preparations from Examples 5-9 are presented in the following table: </p><p id="p0192" num="0192"><img id="imgf000029_0001" he="41" wi="136" file="imgf000029_0001.tif" img-format="tif" img-content="table" orientation="portrait" inline="no"/></p><p id="p0193" num="0193">Taken together the results unambiguously show that loss of GTN is significantly reduced through the addition of a non-volatile ester stabilizer as compared with the stabilizer- free composition from comparative Examples 2 and 3. 
<!-- EPO <DP n="30"/>-->
</p><p id="p0194" num="0194">Example 10: </p><p id="p0195" num="0195"><img id="imgf000030_0001" he="61" wi="138" file="imgf000030_0001.tif" img-format="tif" img-content="table" orientation="portrait" inline="no"/></p><p id="p0196" num="0196">Oleoyl macrogol-6-glycerides and triglycerides were mixed with GTN phlegmatized in MCT. The mixture was blended well with the anhydrous dibasic calcium phosphate. Then isomalt was added in portions followed by the peppermint flavoring agent and mixing was continued. 200-mg portions of the free-flowing powder were filled in stick packs and stored at 50 °C and at 40 °C/75% rel. humidity. </p><p id="p0197" num="0197">Example 1 1 : </p><p id="p0198" num="0198"><img id="imgf000030_0002" he="61" wi="138" file="imgf000030_0002.tif" img-format="tif" img-content="table" orientation="portrait" inline="no"/></p><p id="p0199" num="0199">Glycerol monooleate and mono- and diglycerides (type Geleol) were melted at 50 °C and mixed with a GTN concentrate in a MCT diluent. The mixture was blended well with the anhydrous dibasic calcium phosphate. Then isomalt was added in portions followed by the peppermint flavoring agent and mixing was continued. 200-mg 
<!-- EPO <DP n="31"/>-->
 portions of the free-flowing powder were filled in stick packs and stored at 50 °C and at 40 °C/75% rel. humidity. </p><p id="p0200" num="0200">Example 12: </p><p id="p0201" num="0201"><img id="imgf000031_0001" he="54" wi="137" file="imgf000031_0001.tif" img-format="tif" img-content="table" orientation="portrait" inline="no"/></p><p id="p0202" num="0202">Myristyl lactate was mixed with a GTN concentrate in MCT diluent. The mixture was blended well with the anhydrous dibasic calcium phosphate. Then isomalt was added in portions followed by the peppermint flavoring agent and mixing was continued. 200-mg portions of the free-flowing powder were filled in stick packs and stored at 50 °C and at 40 °C/75% rel. humidity. </p><p id="p0203" num="0203">Example 13: </p><p id="p0204" num="0204"> Contents Quantity [g]</p><p id="p0205" num="0205">GTN (5%) in diluent propylene glycol 4.0</p><p id="p0206" num="0206">Glycerol monocaprylocaprate Ph. Eur. 1.0</p><p id="p0207" num="0207">Anhydrous dibasic calcium phosphate 5.0</p><p id="p0208" num="0208">Isomalt 89.0</p><p id="p0209" num="0209">Peppermint flavoring agent 1.0</p><p id="p0210" num="0210">Total 100.00</p><p id="p0211" num="0211">GTN concentration 0.2% 
<!-- EPO <DP n="32"/>-->
 GTN concentrate in propylene glycol diluent was blended well with the anhydrous dibasic calcium phosphate. In a separate vessel the glycerol monocaprylocaprate was melted at 40 °C and added to the absorbed diluted GTN. Then isomalt was added in portions followed by the peppermint flavoring agent and mixing was continued. 200- mg portions of the free-flowing powder were filled in stick packs and stored at 50 °C and at 40 °C/75% rel. humidity. </p><p id="p0212" num="0212">Example 14: </p><p id="p0213" num="0213"><img id="imgf000032_0001" he="54" wi="137" file="imgf000032_0001.tif" img-format="tif" img-content="table" orientation="portrait" inline="no"/>
 GTN concentrate in propylene glycol diluent was blended well with the anhydrous dibasic calcium phosphate, oleoyl macrogol-6-glycerides were added to the absorbed diluted GTN. Then isomalt was added in portions followed by the peppermint flavoring agent and mixing was continued. 200-mg portions of the free-flowing powder were filled in stick packs and stored at 50 °C and at 40 °C/75% rel. humidity. </p><p id="p0214" num="0214">It is expected that the GTN-containing formulations of Examples 10-14 will again demonstrate the advantages of the inclusion of a stabilizer in the above-described GTN absorbate compositions even when held at stressful storage temperatures such as 50°C. </p><p id="p0215" num="0215">As described elsewhere herein, the preparations exemplified above according to the invention can be supplied as a single dose in the form of a stick pack, a capsule or a 
<!-- EPO <DP n="33"/>-->
 sachet. In addition, it is possible to manufacture tablets, mini-tablets or pellets for oromucosal or sublingual administration from the stabilized powders or granules, as necessary, following the addition of other fillers, disintegrants, glidants, binders, and lubricants using routine and customary protocols. 
</p></description><claims mxw-id="PCLM44727466" ref-ucid="WO-2012113564-A1" lang="EN" load-source="patent-office"><claim-statement><!-- EPO <DP n="34"/>-->CLAIMS </claim-statement><claim id="clm-0001" num="1"><claim-text>1. Solid pharmaceutical preparation with the active substance glyceryl trinitrate for oromucosal or oral administration characterized in that it contains between 0.05 and 2 weight% glyceryl trinitrate (GTN), at least one diluent, one carrier material, and at least one substance that reduces the volatility of GTN, whereby this substance is a non-volatile ester stabilizer whose melting point is not higher than 60 °C. </claim-text></claim><claim id="clm-0002" num="2"><claim-text>2. Preparation in accordance with Claim 1 characterized in that it contains between 0.1 and 1 weight% glyceryl trinitrate. </claim-text></claim><claim id="clm-0003" num="3"><claim-text>3. Preparation in accordance with Claim 1 characterized in that the nonvolatile ester is solid or semi-solid at a temperature of 20 °C. </claim-text></claim><claim id="clm-0004" num="4"><claim-text>4. Preparation in accordance with Claim 1 characterized in that the nonvolatile ester stabilizer is selected from the group consisting of: mono- and diglycerides, polyethoxylated glycerides, esters of lactic acid, D-alpha tocopheryl polyethylene glycol 1000 succinate and solid triglycerides, and mixtures of any one of these substances. </claim-text></claim><claim id="clm-0005" num="5"><claim-text>5. Preparation in accordance with Claim 1 characterized in that it contains the non- volatile ester stabilizer at a concentration of 0.2 to 10 weight%, based on the total weight of the preparation. </claim-text></claim><claim id="clm-0006" num="6"><claim-text>6. Preparation in accordance with Claim 1 characterized in that GTN, diluent and stabilizer form a homogeneous solution. </claim-text></claim><claim id="clm-0007" num="7"><claim-text>7. Preparation in accordance with Claim 1 characterized in that the mass ratio of the non- volatile ester stabilizer to GTN is between 2 and 40. <!-- EPO <DP n="35"/>--> </claim-text></claim><claim id="clm-0008" num="8"><claim-text>8. Preparation in accordance with Claim 1 characterized in that the mass ratio of diluent to the non-volatile ester stabilizer is between 1 and 9.5. </claim-text></claim><claim id="clm-0009" num="9"><claim-text>9. Preparation in accordance with Claim 1 characterized in that the carrier material is selected from the group consisting of: magnesium aluminometasilicate, dibasic calcium phosphate, isomalt and mixtures of any one of the foregoing. </claim-text></claim><claim id="clm-0010" num="10"><claim-text>10. Preparation in accordance with Claim 1 characterized in that it further includes at least one excipient suitable for sublingual administration, which is selected from the group consisting of: water-soluble mono-, di-, and </claim-text><claim-text>polysaccharides, as well as their alcohols. </claim-text></claim><claim id="clm-0011" num="11"><claim-text>11. Preparation in accordance with Claim 10 characterized in that the excipient suitable for sublingual administration is selected from the group consisting of: fructose, glucose, isomalt, lactose, maltose, maltitol, mannitol, sorbitol, sucrose, trehalose, and xylitol and mixtures of any one of the foregoing. </claim-text></claim><claim id="clm-0012" num="12"><claim-text>12. Preparation in accordance with Claim 1 1 characterized in that the excipient suitable for sublingual administration to be included at minimum is xylitol and/or isomalt at concentrations of between 20 and 95 weight%. </claim-text></claim><claim id="clm-0013" num="13"><claim-text>13. Preparation in accordance with Claim 1 1 characterized in that the excipient suitable for sublingual administration is isomalt, which is contained at concentrations of between 70 and 95 weight%, based on the total weight of the preparation. </claim-text></claim><claim id="clm-0014" num="14"><claim-text>14. Preparation in accordance Claim 1 characterized in that the preparation is in the form of a free-flowing powder or free-flowing granules. <!-- EPO <DP n="36"/>--> </claim-text></claim><claim id="clm-0015" num="15"><claim-text>15. Preparation in accordance with Claim 14 characterized in that the preparation is packaged as a single dose in the form of a stick pack or sachet. </claim-text></claim><claim id="clm-0016" num="16"><claim-text>16. Preparation in accordance with Claim 1 characterized in that it further comprises at least 0.01 to 3.0 weight% of a flavoring agent. </claim-text></claim><claim id="clm-0017" num="17"><claim-text>17. Process for the manufacture of a pharmaceutical preparation with the active substance glyceryl trinitrate for oromucosal or oral administration </claim-text><claim-text>characterized in that it contains between 0.05 and 2 weight% glyceryl trinitrate (GTN), the process comprising the steps of: </claim-text><claim-text> a) preparing a mixture comprising at least one carrier material selected from the group consisting of: magnesium aluminometasilicate, dibasic calcium phosphate, fructose, glucose, isomalt, lactose, maltose, maltitol, mannitol, sorbitol, sucrose, trehalose, xylitol and mixtures of any one of the foregoing; </claim-text><claim-text> b) preparing a GTN solution comprising at least one non- volatile ester stabilizer whose melting point is not higher than 60 °C, </claim-text><claim-text> c) adding in a step-wise fashion the GTN solution to the carrier material, and d) mixing until the active substance has been homogeneously distributed, optionally followed by a drying step. </claim-text></claim><claim id="clm-0018" num="18"><claim-text>18. Solid pharmaceutical preparation for oromucosal or oral administration characterized in that it contains an absorbate comprising between 0.05 and 2 weight% GTN and a non- volatile ester stabilizer on a carrier material. </claim-text></claim><claim id="clm-0019" num="19"><claim-text>19. Process for the manufacture of a solid pharmaceutical preparation with the active substance GTN for oromucosal or oral administration characterized in that it contains between 0.05 and 2 weight% GTN, the process comprising the steps of a) preparing a GTN solution comprising phlegmatized GTN and at least one non-volatile ester stabilizer, <!-- EPO <DP n="37"/>--> b) adding in a stepwise manner the GTN solution formed in step a) to a carrier material, </claim-text><claim-text> c) optionally adding further excipients, </claim-text><claim-text> d) mixing until the active substance has been homogeneously distributed, optionally followed by a drying step. </claim-text></claim><claim id="clm-0020" num="20"><claim-text>20. Process for the manufacture of a solid pharmaceutical preparation with the active substance GTN for oromucosal or oral administration characterized in that it contains between 0.05 and 2 weight% GTN, the process comprising the steps of a) providing GTN admixed with at least one non- volatile ester stabilizer, b) adding in a stepwise manner the GTN -stabilizer admixture of step a) to a carrier material, </claim-text><claim-text> c) optionally adding further excipients, </claim-text><claim-text> d) mixing until the active substance has been homogeneously distributed, optionally followed by a drying step. </claim-text></claim></claims><copyright>User acknowledges that Fairview Research LLC and its third party providers retain all right, title and interest in and to this xml under applicable copyright laws.  User acquires no ownership rights to this xml including but not limited to its format.  User hereby accepts the terms and conditions of the Licence Agreement</copyright></patent-document>
