<?xml version="1.0" encoding="UTF-8"?>
<patent-document ucid="EP-2678024-A1" country="EP" doc-number="2678024" kind="A1" date="20140101" family-id="45928942" file-reference-id="302152" date-produced="20180826" status="corrected" lang="FR"><bibliographic-data><publication-reference fvid="146551447" ucid="EP-2678024-A1"><document-id><country>EP</country><doc-number>2678024</doc-number><kind>A1</kind><date>20140101</date><lang>FR</lang></document-id></publication-reference><application-reference ucid="EP-12711937-A" is-representative="NO"><document-id mxw-id="PAPP154825370" load-source="docdb" format="epo"><country>EP</country><doc-number>12711937</doc-number><kind>A</kind><date>20120224</date><lang>FR</lang></document-id><document-id mxw-id="PAPP220439785" load-source="docdb" format="original"><country>EP</country><doc-number>12711937.8</doc-number><date>20120224</date></document-id></application-reference><priority-claims><priority-claim mxw-id="PPC140447718" ucid="FR-1100579-A" load-source="docdb"><document-id format="epo"><country>FR</country><doc-number>1100579</doc-number><kind>A</kind><date>20110224</date></document-id></priority-claim><priority-claim mxw-id="PPC140445501" ucid="FR-2012050392-W" linkage-type="W" load-source="docdb"><document-id format="epo"><country>FR</country><doc-number>2012050392</doc-number><kind>W</kind><date>20120224</date></document-id></priority-claim></priority-claims><technical-data><classifications-ipcr><classification-ipcr mxw-id="PCL1988096432" load-source="docdb">A61K   9/10        20060101ALI20120914BHEP        </classification-ipcr><classification-ipcr mxw-id="PCL1988098152" load-source="docdb">A61P  17/00        20060101ALI20120914BHEP        </classification-ipcr><classification-ipcr mxw-id="PCL1988100020" load-source="docdb">A61K   9/00        20060101ALI20120914BHEP        </classification-ipcr><classification-ipcr mxw-id="PCL1988122230" load-source="docdb">A61K  47/18        20060101ALI20120914BHEP        </classification-ipcr><classification-ipcr mxw-id="PCL1988138143" load-source="docdb">A61K  38/13        20060101AFI20120914BHEP        </classification-ipcr></classifications-ipcr><classifications-cpc><classification-cpc mxw-id="PCL1988115190" load-source="docdb" scheme="CPC">A61K   9/0017      20130101 LI20130308BHEP        </classification-cpc><classification-cpc mxw-id="PCL1988115774" load-source="docdb" scheme="CPC">A61K  47/183       20130101 LI20130308BHEP        </classification-cpc><classification-cpc mxw-id="PCL1988134380" load-source="docdb" scheme="CPC">A61K  38/13        20130101 FI20131204BHEP        </classification-cpc></classifications-cpc><invention-title mxw-id="PT132186825" lang="DE" load-source="patent-office">KUTANE PHARMAZEUTISCHE ZUSAMMENSETZUNGEN ZUR TOPISCHEN BEHANDLUNG VON ATOPISCHER DERMATITIS DES HUNDES</invention-title><invention-title mxw-id="PT132186826" lang="EN" load-source="patent-office">CUTANEOUS PHARMACEUTICAL COMPOSITIONS FOR THE LOCAL TREATMENT OF CANINE ATOPIC DERMATITIS</invention-title><invention-title mxw-id="PT132186827" lang="FR" load-source="patent-office">COMPOSITIONS PHARMACEUTIQUES ADMINISTRABLES PAR VOIE CUTANÉE ET DESTINÉES AU TRAITEMENT LOCAL DE LA DERMATITE ATOPIQUE CANINE</invention-title><citations><non-patent-citations><nplcit><text>See references of WO 2012114051A1</text><sources><source mxw-id="PNPL67455402" load-source="docdb" name="SEA"/></sources></nplcit></non-patent-citations></citations></technical-data><parties><applicants><applicant mxw-id="PPAR918163041" load-source="docdb" sequence="1" format="epo"><addressbook><last-name>PHYSICA PHARMA SAS</last-name><address><country>FR</country></address></addressbook></applicant><applicant mxw-id="PPAR918155367" load-source="docdb" sequence="1" format="intermediate"><addressbook><last-name>PHYSICA PHARMA SAS</last-name></addressbook></applicant><applicant mxw-id="PPAR918984165" load-source="patent-office" sequence="1" format="original"><addressbook><last-name>Physica Pharma SAS</last-name><iid>101284237</iid><address><street>Château Bersol - Bât.2 218-228 avenue du Haut-Lévêque</street><city>33600 Pessac</city><country>FR</country></address></addressbook></applicant></applicants><inventors><inventor mxw-id="PPAR918139048" load-source="docdb" sequence="1" format="epo"><addressbook><last-name>POUGNAS JEAN-LUC</last-name><address><country>FR</country></address></addressbook></inventor><inventor mxw-id="PPAR918137352" load-source="docdb" sequence="1" format="intermediate"><addressbook><last-name>POUGNAS, JEAN-LUC</last-name></addressbook></inventor><inventor mxw-id="PPAR918983887" load-source="patent-office" sequence="1" format="original"><addressbook><last-name>POUGNAS, JEAN-LUC</last-name><address><street>52 rue Orbe</street><city>F-33500 Libourne</city><country>FR</country></address></addressbook></inventor><inventor mxw-id="PPAR918165413" load-source="docdb" sequence="2" format="epo"><addressbook><last-name>COURIERE LAURIE</last-name><address><country>FR</country></address></addressbook></inventor><inventor mxw-id="PPAR918142280" load-source="docdb" sequence="2" format="intermediate"><addressbook><last-name>COURIERE, Laurie</last-name></addressbook></inventor><inventor mxw-id="PPAR918986659" load-source="patent-office" sequence="2" format="original"><addressbook><last-name>COURIERE, Laurie</last-name><address><street>9 place des Gastaud</street><city>F-06830 Revest Les Roches</city><country>FR</country></address></addressbook></inventor><inventor mxw-id="PPAR918161306" load-source="docdb" sequence="3" format="epo"><addressbook><last-name>BEUVRY VINCENT</last-name><address><country>FR</country></address></addressbook></inventor><inventor mxw-id="PPAR918170312" load-source="docdb" sequence="3" format="intermediate"><addressbook><last-name>BEUVRY, VINCENT</last-name></addressbook></inventor><inventor mxw-id="PPAR918978689" load-source="patent-office" sequence="3" format="original"><addressbook><last-name>BEUVRY, VINCENT</last-name><address><street>1219 route de Cannes</street><city>F-06220 Vallauris</city><country>FR</country></address></addressbook></inventor><inventor mxw-id="PPAR918153769" load-source="docdb" sequence="4" format="epo"><addressbook><last-name>BROUSSAUD OLIVIER</last-name><address><country>FR</country></address></addressbook></inventor><inventor mxw-id="PPAR918153201" load-source="docdb" sequence="4" format="intermediate"><addressbook><last-name>BROUSSAUD, OLIVIER</last-name></addressbook></inventor><inventor mxw-id="PPAR918987419" load-source="patent-office" sequence="4" format="original"><addressbook><last-name>BROUSSAUD, OLIVIER</last-name><address><street>12 rue Valentin Hauy</street><city>F-33000 Bordeaux</city><country>FR</country></address></addressbook></inventor></inventors><agents><agent mxw-id="PPAR918987335" load-source="patent-office" sequence="1" format="original"><addressbook><last-name>Richaud, Fabien</last-name><iid>101409458</iid><address><street>Murgitroyd &amp; Company Immeuble Atlantis 55 Allee Pierre Ziller CS50105</street><city>06902 Valbonne Sophia Antipolis</city><country>FR</country></address></addressbook></agent></agents></parties><international-convention-data><pct-or-regional-filing-data ucid="FR-2012050392-W"><document-id><country>FR</country><doc-number>2012050392</doc-number><kind>W</kind><date>20120224</date><lang>FR</lang></document-id></pct-or-regional-filing-data><pct-or-regional-publishing-data ucid="WO-2012114051-A1"><document-id><country>WO</country><doc-number>2012114051</doc-number><kind>A1</kind><date>20120830</date><lang>FR</lang></document-id></pct-or-regional-publishing-data><designated-states><ep-contracting-states><country mxw-id="DS548838314" load-source="docdb">AL</country><country mxw-id="DS548936102" load-source="docdb">AT</country><country mxw-id="DS548838315" load-source="docdb">BE</country><country mxw-id="DS548867155" load-source="docdb">BG</country><country mxw-id="DS548816920" load-source="docdb">CH</country><country mxw-id="DS548934256" load-source="docdb">CY</country><country mxw-id="DS548936103" load-source="docdb">CZ</country><country mxw-id="DS548939707" load-source="docdb">DE</country><country mxw-id="DS548934257" load-source="docdb">DK</country><country mxw-id="DS548934270" load-source="docdb">EE</country><country mxw-id="DS548918459" load-source="docdb">ES</country><country mxw-id="DS548867156" load-source="docdb">FI</country><country mxw-id="DS548867157" load-source="docdb">FR</country><country mxw-id="DS548838316" load-source="docdb">GB</country><country mxw-id="DS548934271" load-source="docdb">GR</country><country mxw-id="DS548838317" load-source="docdb">HR</country><country mxw-id="DS548936104" load-source="docdb">HU</country><country mxw-id="DS548816921" load-source="docdb">IE</country><country mxw-id="DS548838318" load-source="docdb">IS</country><country mxw-id="DS548867158" load-source="docdb">IT</country><country mxw-id="DS548934272" load-source="docdb">LI</country><country mxw-id="DS548939708" load-source="docdb">LT</country><country mxw-id="DS548936105" load-source="docdb">LU</country><country mxw-id="DS548939709" load-source="docdb">LV</country><country mxw-id="DS548939714" load-source="docdb">MC</country><country mxw-id="DS548929694" load-source="docdb">MK</country><country mxw-id="DS548929695" load-source="docdb">MT</country><country mxw-id="DS548936106" load-source="docdb">NL</country><country mxw-id="DS548918460" load-source="docdb">NO</country><country mxw-id="DS548936107" load-source="docdb">PL</country><country mxw-id="DS548939715" load-source="docdb">PT</country><country mxw-id="DS548936108" load-source="docdb">RO</country><country mxw-id="DS548939716" load-source="docdb">RS</country><country mxw-id="DS548936109" load-source="docdb">SE</country><country mxw-id="DS548939717" load-source="docdb">SI</country><country mxw-id="DS548816922" load-source="docdb">SK</country><country mxw-id="DS548816923" load-source="docdb">SM</country><country mxw-id="DS548929696" load-source="docdb">TR</country></ep-contracting-states></designated-states></international-convention-data><office-specific-data><eptags><ep-no-a-document-published>*</ep-no-a-document-published></eptags></office-specific-data></bibliographic-data><abstract mxw-id="PA99624679" ref-ucid="WO-2012114051-A1" lang="EN" load-source="patent-office"><p num="0000">The invention relates to a topical pharmaceutical composition which can be administered by applying same to the skin, for the use thereof as a cutaneous veterinary drug for the local treatment of canine atopic dermatitis. The composition contains cyclosporin A as an active ingredient. In a particular embodiment, said composition contains sodium N-cocoyl alaninate.</p></abstract><abstract mxw-id="PA99823257" ref-ucid="WO-2012114051-A1" lang="EN" source="national office" load-source="docdb"><p>The invention relates to a topical pharmaceutical composition which can be administered by applying same to the skin, for the use thereof as a cutaneous veterinary drug for the local treatment of canine atopic dermatitis. The composition contains cyclosporin A as an active ingredient. In a particular embodiment, said composition contains sodium N-cocoyl alaninate.</p></abstract><abstract mxw-id="PA99624680" ref-ucid="WO-2012114051-A1" lang="FR" load-source="patent-office"><p num="0000">Composition pharmaceutique à action locale, administrable par application cutanée pour son utilisation comme médicament vétérinaire administrable par application cutanée dans le traitement local de la dermatite atopique canine. La composition contient de la ciclosporine A comme agent actif. Selon un mode de réalisation particulier, la susdite composition contient du N-cocoyl alaninate de sodium.</p></abstract><abstract mxw-id="PA99823258" ref-ucid="WO-2012114051-A1" lang="FR" source="national office" load-source="docdb"><p>Composition pharmaceutique à action locale, administrable par application cutanée pour son utilisation comme médicament vétérinaire administrable par application cutanée dans le traitement local de la dermatite atopique canine. La composition contient de la ciclosporine A comme agent actif. Selon un mode de réalisation particulier, la susdite composition contient du N-cocoyl alaninate de sodium.</p></abstract><description mxw-id="PDES50931055" ref-ucid="WO-2012114051-A1" lang="FR" load-source="patent-office"><!-- EPO <DP n="2"/>--><p id="p0001" num="0001"> Compositions pharmaceutiques administrables par voie cutanée et destinées au traitement local de la dermatite atopique canine </p><p id="p0002" num="0002">La présente invention concerne les compositions pharmaceutiques et plus particulièrement l'utilisation de la ciclosporine A dans une composition vétérinaire destinée au traitement local de la dermatite atopique canine, encore appelée dermatite atopique du chien. </p><p id="p0003" num="0003">La dermatite atopique canine (DAC) est une dermatite prurigineuse cortico-sensible, caractérisée par une atteinte des membres et de la face, une prédisposition génétique et une fréquente sensibilisation aux facteurs environnementaux. Elle présente la seconde cause de prurit après les infestations par les puces, caractéristique des dermatites par allergie aux piqûres de puces (DAPP), et peut concerner plus de 50% des animaux dans les races prédisposées. </p><p id="p0004" num="0004">Longtemps, l'étiologie et la pathogénie de la dermatite atopique (DA) se sont résumées à l'observation d'allergie à des aéroallergènes. Si cet aspect reste important, on sait désormais que cette maladie est multifactorielle. Il s'agit d'une dermatose aux mécanismes particulièrement complexes, et incomplètement connus que ce soit en allergologie vétérinaire ou humaine. Elle résulte à la fois de facteurs intrinsèques, notamment génétiques, propres à l'animal, et de facteurs extrinsèques présents dans l'environnement, comme les aéroallergènes ou les trophallergènes. </p><p id="p0005" num="0005">La dermatite atopique canine prédispose à la sensibilisation aux allergènes salivaires de puce et donc à la dermatite allergique aux piqûres 
<!-- EPO <DP n="3"/>-->
 de puces (DAPP). Il a été démontré que quatre cinquième des chiens atteints de DAPP sont atopiques et que un tiers des chiens atopiques développent une DAPP. Les chiens atteints de DAPP exclusive sont rares et les chiens atopiques ont quatre fois plus de risque de développer une DAPP que les chiens non atopiques. </p><p id="p0006" num="0006">La dermatite atopique favorise également l'apparition d'infections staphylococciques ou à Malassezia sp. puisque leur adhérence est facilitée sur peau altérée. Cependant elle doit être distinguée de dermatoses cliniquement proches, comme les ectoparasitoses (la gale sarcoptique, la trombiculose, la démodécie), les dermatites allergiques (DAPP) et autres. </p><p id="p0007" num="0007">La pathogénie et l'origine de la dermatite atopique canine sont très spécifiques et complexes. De nombreux facteurs tels que prédispositions génétiques, anomalie de la réponse immunitaire, anomalie biochimique, altération de la barrière cutanée, troubles du comportement, atopènes, puces, agents infectieux et alimentation, peuvent intervenir de façon croisée et influencer le déclenchement et l'évolution de la maladie. </p><p id="p0008" num="0008">Le traitement de la dermatite atopique canine est délicat et une guérison complète et définitive est difficile à obtenir. Un traitement bien suivi permet toutefois de contrôler de manière très efficace les symptômes de la dermatite atopique canine. </p><p id="p0009" num="0009">Il est indispensable de distinguer deux aspects du traitement de la dermatite atopique, celui de la poussée et celui au long cours. Le premier a pour but de contrôler prurit et infections, le second vise à limiter la fréquence ou la gravité des poussées de dermatite atopique. 
<!-- EPO <DP n="4"/>-->
 L'hygiène, avec le brossage quotidien et le recours à des shampoings émollients permettent de limiter la pression allergénique à la surface de la peau. De même, le contrôle des dermatoses associées dont l'infestation par les puces et les complications infectieuses, permet de limiter l'aggravation de la dermatite atopique canine. </p><p id="p0010" num="0010">Ces deux derniers modes permettent d'éviter les complications et il est nécessaire de les mettre en place avant d'envisager un traitement de la dermatite atopique. Il est également possible d'utiliser des régimes d'éviction et des traitements spécifiques pouvant conduire à la désensibilisation. </p><p id="p0011" num="0011">Plusieurs options de traitements en cas de dermatite atopique canine sont décrites ci-après. </p><p id="p0012" num="0012">Les antihistaminiques ont 20 à 30% d'efficacité. Ils sont peu coûteux mais présentent des résultats variables. </p><p id="p0013" num="0013">Les acides gras essentiels rencontrent environ 25% d'efficacité. Ils permettent l'amélioration de l'état de la peau et des poils mais nécessitent des doses élevées pour obtenir des résultats variables et une efficacité lente. </p><p id="p0014" num="0014">L'immunothérapie cible directement la cause de la maladie. Cependant, il existe peu de données disponibles sur ce point et les résultats obtenus sont également variables. Cette thérapie nécessite un bon suivi de l'animal et son efficacité n'est observée qu'à partir de 6-12 mois. </p><p id="p0015" num="0015">Les topiques tels que les sprays et shampoings présentent une efficacité variable et temporaire. Ils réduisent les contacts allergènes avec la peau 
<!-- EPO <DP n="5"/>-->
 et diminuent les démangeaisons de contact. Ils entraînent ainsi une amélioration locale temporaire et variable, ce qui n'est pas forcément pratique pour les propriétaires. </p><p id="p0016" num="0016">Les stéroïdes sont très efficaces chez le chien. Ils entraînent un soulagement rapide mais induisent fréquemment de nombreux effets secondaires. Par ailleurs, leur efficacité diminue au cours du temps. </p><p id="p0017" num="0017">Jusqu'il y a peu, le traitement le plus efficace reposait sur l'administration de corticoïdes par voie orale. </p><p id="p0018" num="0018">Cependant, vu les effets indésirables possibles de ces derniers, l'administration de ciclosporine A est maintenant devenue une alternative thérapeutique possible et l'utilisation de la ciclosporine A par voie orale en tant qu'alternative à la corticothérapie pour le traitement de la dermatite atopique canine est de plus en plus usitée. </p><p id="p0019" num="0019">A l'heure actuelle, dans le domaine vétérinaire, le seul médicament ayant une autorisation de mise sur le marché est ATOPICA®, commercialisé par la société suisse Novartis Animal Health. Ce médicament à base de ciclosporine A est administré par voie orale à la dose de 5 mg/kg, une fois par jour jusqu'à obtention d'une amélioration clinique satisfaisante. </p><p id="p0020" num="0020">D'un point de vue chimique, la ciclosporine A est un composé peptidique cyclique macromoléculaire composé de 1 1 acides aminés. Cette molécule présente un large spectre d'activités pharmacologiques utiles dont une activité immunosuppressive et anti-inflammatoire. La ciclosporine A est hautement lipophile et hydrophobe ce qui la rend faiblement soluble dans l'eau. 
<!-- EPO <DP n="6"/>-->
 De nombreux travaux ont été menés dans le but d'accroître l'absorption de la ciclosporine après une administration orale, laquelle constitue la voie d'administration principale pour le traitement du rejet de greffes chez les patients transplantés. C'est ainsi qu'une série de brevets, issus d'une priorité GB 2 257 359 datant de 1991 , comprenant 2 demandes de brevet initiales FR 2 678 169 et EP 539319 a donné lieu à deux demandes divisionnaires bénéficiant de la même priorité, FR 2 685 706 et EP 953630. Ces brevets initiaux FR 2 678 169 et EP 539319 divulguent des compositions pharmaceutiques de ciclosporine utilisant un véhicule comprenant du 1 ,2-propylène glycol, un mélange de mono, di et triglycérides et un tensio-actif hydrophile. Ces brevets précisent que cette composition se présente sous forme de microémulsion et permet d'augmenter la biodisponibilité de la ciclosporine A lors d'une administration par voie orale. Une autre série de brevets, FR 2 685 706 et EP 953630 décrit plus particulièrement des compositions comprenant un produit de trans-estérification d'huile de maïs et de glycérol en vue d'améliorer la stabilité de la composition, d'augmenter sa biodisponibilité lors d'une administration par voie orale et de diminuer la variabilité de la biodisponibilité intra- et interindividuelle. </p><p id="p0021" num="0021">C'est ainsi que les brevets précédemment cités décrivent des compositions à base de solvants et de surfactants. Les composants de la phase hydrophile sont essentiellement les produits commercialisés sous les marques Transcutol® (2-(2-ethoxyethoxy)éthanol) et Glycofurol® ainsi que le 1 ,2-propylèneglycol. Les composants préférés pour la phase lipophile sont des triglycérides d'acides gras à chaîne moyenne commercialisés sous les marques Miglyol® (caprylic/capric triglycéride), Captex® (propylène glycol dicaprate), Myritol® (caprylic/capric triglycéride), Capmul® (Glyceryl caprilate), Neobee® (caprylic/capric triglycéride) et Mazol® (ester de glycérol). Les tensio-actifs appropriés 
<!-- EPO <DP n="7"/>-->
 sont en particulier les produits de réaction de l'éthylèneglycol avec des huiles végétales naturelles ou hydrogénées tels que ceux commercialisés sous les marques cremophor® RH40 (Polyoxyl 40 Hydrogenated Castor Oil) et Nikkol® (PEG 40 castor oil hydrogenated) . L'homme de l'art pourra noter que les inventions décrites précédemment ciblent tout particulièrement l'amélioration de la solubilité orale de la ciclosporine. </p><p id="p0022" num="0022">Par ailleurs, le brevet FR 2 636 534 issu d'une priorité britannique de 1989, décrit également des compositions de ciclosporine sous forme de microémulsion pour une administration orale en vue du traitement de la dermatite atopique. L'application par voie topique y est abordée avec un modèle d'essai préclinique in-vivo de réduction d'inflammation cutanée de dermatite de contact allergique chez le cobaye. Cependant, l'utilisation de ces compositions chez le chien dans le cadre d'un traitement local de la dermatite atopique (et non de la dermatite de contact allergique) n'est en aucun cas mentionnée, pas plus que suggérée. </p><p id="p0023" num="0023">L'homme de l'art constate que tous les brevets décrits précédemment sont focalisés sur l'amélioration de la biodisponibilité orale de la ciclosporine, ceci pouvant s'expliquer du fait que la première indication de cet agent thérapeutique concerne la prévention du rejet de greffe chez l'homme. En vue d'améliorer le confort des sujets transplantés, l'homme de l'art a donc recherché en priorité à améliorer la biodisponibilité de la ciclosporine consécutivement à une administration par voie orale et ce en vue d'éviter le recours à des injections de ciclosporine qui sont souvent douloureuses et mal supportées par les patients. Sandimmun® commercialisé par la société Suisse Novartis est une forme injectable à base de ciclosporine A (50 mg/ml) indiquée lors de la transplantation d'organe. Le produit est administré par perfusion, entre 3 et 5 mg/kg par jour immédiatement après la transplantation pendant 2 semaines avant de passer à des doses plus 
<!-- EPO <DP n="8"/>-->
 faibles. Son administration doit être très suivie afin de déceler tout effet secondaire au plus tôt. </p><p id="p0024" num="0024">C'est ainsi que plusieurs compositions comportant de la ciclosporine A dans des solutions organiques à base de solvants et destinées à une utilisation orale ont été mises au point et décrites dans les brevets précédemment cités. </p><p id="p0025" num="0025">Si ces inventions ont permis de rendre possible l'utilisation de la ciclosporine A par voie orale en améliorant sa biodisponibilité, elles ne permettent cependant pas d'offrir une thérapeutique de choix pour le traitement des affections cutanées comme la dermatite atopique du chien (encore appelée dermatite atopique canine). En effet, les compositions divulguées dans les brevets cités précédemment renferment des quantités importantes de solvants et de surfactants lesquels peuvent induire des irritations locales et des effets secondaires significatifs lesquels sont susceptibles d'aggraver les lésions cutanées présentes dans les cas cliniques de dermatite atopique tels que le prurit, érythème, excoriation, lichénification et hypermélanose. </p><p id="p0026" num="0026">C'est ainsi que lesdites inventions ont été développées dans le but d'améliorer la biodisponibilité orale de la ciclosporine A et permettre ainsi une plus grande action par voie systémique. Or, il est également connu de l'homme du métier que la ciclosporine A possède de nombreux effets secondaires généraux lesquels sont notamment liés à la résorption systémique de celle-ci, l'effet secondaire le plus marqué consistant en une toxicité rénale très importante ce qui nécessite une stricte surveillance biologique du traitement. Par voie de conséquence, si les compositions décrites précédemment permettent effectivement d'améliorer la 
<!-- EPO <DP n="9"/>-->
 biodisponibilité orale de la ciclosporine A, elles présentent également l'inconvénient d'exposer les patients à une toxicité générale du produit. </p><p id="p0027" num="0027">Pourtant, le recours à une thérapeutique respectant l'équilibre cutané et limitant la résorption systémique de la ciclosporine A après une application locale est particulièrement important aux yeux de la demanderesse pour le traitement des affections dermatologiques comme la dermatite atopique du chien, notamment du fait que cette affection fragilise particulièrement la peau de l'animal en entraînant prurit et apparition de rougeurs sur diverses localisations corporelles. Les zones les plus fréquemment touchées sont localisées à la face et/ou aux doigts et/ou aux grands plis. Avec le temps, une pigmentation et un épaississement cutané peuvent apparaître sous forme d'érythème diffus ou localisé ainsi que des démangeaisons plus ou moins sévères. Par la suite, en l'absence de traitement, les lésions deviennent plus étendues et secondaires au prurit avec l'apparition d'alopécie, de lichénification, d'excoriations et d'hypermélanose. L'adhérence d'agent infectieux étant facilitée sur peau altérée, la dermatite atopique favorise l'apparition d'infections staphylococciques ou à Malassezia sp.. Les pyodermites s'accompagnent de papules, pustules, érythème, lichénification et squamosis. Elles peuvent être localisées aux espaces interdigités, conduits auditifs externes, lèvres, pli de la face et région inguinale, ou généralisées. Par ailleurs, la dermatite atopique canine prédispose à la sensibilisation aux allergènes salivaires de puces et donc à la dermatite allergique aux piqûres de puces (DAPP) qui entraine également une fragilisation de la peau, avec une localisation de lésions très différentes. </p><p id="p0028" num="0028">Comme mentionné précédemment, la ciclosporine A est hautement lipophile et hydrophobe ce qui la rend faiblement soluble dans l'eau. De par sa structure et ses propriétés physicochimiques, la ciclosporine A ne 
<!-- EPO <DP n="10"/>-->
 pénètre pas la peau (Stratum corneum). En conséquence, il était communément admis jusqu'alors qu'il n'était pas possible d'administrer la ciclosporine A par voie topique, principalement du fait que cette molécule présentait une très faible solubilité dans l'eau ce qui ne permettait pas d'obtenir une concentration suffisante en actif. </p><p id="p0029" num="0029">Or, de manière surprenante et, contres tous les préjugés existants, la demanderesse est parvenue à mettre au point des compositions topiques à base de ciclosporine A permettant un traitement sûr par voie locale des lésions de dermatite atopique chez le chien. </p><p id="p0030" num="0030">Un objet de la présente invention consiste donc en une composition pharmaceutique à action locale, administrable par application cutanée, comprenant de la ciclosporine A, pour son utilisation comme médicament vétérinaire administrable par application cutanée dans le traitement local de la dermatite atopique canine. </p><p id="p0031" num="0031">En d'autres termes, l'invention concerne l'utilisation de ladite composition pharmaceutique pour préparer un médicament vétérinaire à action locale, administrable par voie cutanée, pour traiter la dermatite atopique canine. </p><p id="p0032" num="0032">De préférence, ladite composition est une composition aqueuse. </p><p id="p0033" num="0033">Un autre objet de la présente invention concerne une méthode pour traiter la dermatite atopique canine, en administrant à un chien atteint par cette pathologie une composition selon l'invention comprenant de la ciclosporine A par voie topique (application cutanée). </p><p id="p0034" num="0034">De manière plus spécifique, au cours de ses recherches, la demanderesse a découvert, de façon surprenante, que des compositions 
<!-- EPO <DP n="11"/>-->
 pharmaceutiques à action locale, administrables par action cutanée, comprenant de la ciclosporine A et au moins un sel d'un produit de condensation de la glycine ou de l'alanine avec au moins un acide gras compris dans l'huile de coco présentaient un intérêt particulier pour résoudre les problématiques développées tout en assurant une stabilité compatible avec une utilisation pharmaceutique (vétérinaire) du produit. </p><p id="p0035" num="0035">Par « composition pharmaceutique à action locale », on entend, au sens de la présente invention, une composition destinée à agir localement sur la peau (action topique). </p><p id="p0036" num="0036">De préférence, ladite composition est une composition pharmaceutique aqueuse, à savoir dans laquelle l'eau représente au moins 20% du poids de l'excipient. </p><p id="p0037" num="0037">« Application cutanée » désigne une application de l'agent thérapeutique sur toute ou partie de la peau d'un patient. </p><p id="p0038" num="0038">S'il est connu de l'homme du métier que certains N-acyl amino acides peuvent être utilisés dans des compositions cosmétiques « anti-âge », cf. les demandes PCT WO 2010/026325 et WO 2010/023390, lesquelles divulguent des propriétés régulatrices de ces composés vis-à-vis de certaines cellules de la peau en vue d'obtenir les effets cosmétiques souhaités, en revanche l'état de la technique ne divulgue, pas plus que ne suggère, l'utilisation d'un produit de condensation entre un acide aminé donné et au moins un acide gras compris dans l'huile de coco en vue d'accroître la solubilité aqueuse d'agents thérapeutiques faiblement solubles dans l'eau, tout en respectant les problématiques précédemment développées. 
<!-- EPO <DP n="12"/>-->
 La demande internationale WO 02/076506 divulgue des systèmes dispersés à usage pharmaceutique comprenant au moins un principe actif, au moins un lipoaminoacide constitué par l'association d'un acide gras et d'un amino acide en tant que promoteurs d'absorption intestinale ou pulmonaire, selon que le système dispersé est respectivement sous une forme galénique adaptée à une administration orale ou sous une forme galénique adaptée à une administration au niveau des poumons. </p><p id="p0039" num="0039">En outre, ces systèmes dispersés sont à action systémique et en aucun cas à action locale (cf. WO 02/076506, page 3, lignes 21 -24 et Exemple 4, ce dernier ayant trait à un système dispersé transdermique, c'est-à-dire un système dispersé permettant de traverser la peau et le diffuser dans tout l'organisme dans un but thérapeutique). </p><p id="p0040" num="0040">De surcroît, les Exemples 1 à 8 ont trait à des systèmes dispersés comprenant notamment des surfactants (tels que le PEG30 </p><p id="p0041" num="0041">polyhydroxystéarate) et les solvants (comme le propylène glycol ou ses dérivés), de même que des composés lipophiles (tels que l'huile de soja ou l'acide oléique), et ce dans des proportions importantes (en moyenne, le total de ces composés dépasse 50% du poids de la composition). Or, l'usage de tels composés dans de telles proportions ne peut être compatible avec une administration par application cutanée du fait des effets indésirables prévisibles de nature inflammatoire ou allergique qu'ils induiraient comme notamment des rougeurs, des irritations, des œdèmes, etc. De ce fait ; l'utilisation de tels systèmes ne peut être envisagée pour une action locale par application cutanée. </p><p id="p0042" num="0042">La demande internationale WO 03/055528, également au nom de la Demanderesse, se borne à décrire d'une manière générale, des </p><p id="p0043" num="0043">complexes ioniques issus directement de la combinaison entre un 
<!-- EPO <DP n="13"/>-->
 acylaminoacide et une molécule biologiquement active en vue d'obtenir une meilleure absorption et un effet systémique. Cette demande </p><p id="p0044" num="0044">internationale ne divulgue en aucune manière une composition </p><p id="p0045" num="0045">pharmaceutique à action locale, administrable par application cutanée, au sens de la présente invention. Ce document appartient donc également à l'arrière plan technologique. </p><p id="p0046" num="0046">De préférence, la composition pharmaceutique selon l'invention est une composition (préférablement aqueuse) comprenant : au moins un sel d'un produit de condensation d'un acide aminé de formule générale (I) </p><p id="p0047" num="0047">NH<sub>2</sub>-CH-COOH </p><p id="p0048" num="0048"> R </p><p id="p0049" num="0049">(I) </p><p id="p0050" num="0050"> et au moins un acide gras compris dans l'huile de coco; dans laquelle R représente un atome d'hydrogène (R = H) ou un groupe méthyle (R = CH3). </p><p id="p0051" num="0051">Le produit de condensation d'un acide aminé de formule générale (I) avec au moins un acide gras compris dans l'huile de coco, peut être défini comme un N-Acyl amino acide (en l'espèce N-Acyl glycine ou N-Acyl alanine), c'est-à-dire un produit résultant de la condensation de la fonction amine portée par l'acide aminé susvisé (respectivement glycine ou alanine) avec la fonction acide carboxylique portée par un ou plusieurs des acides gras compris dans l'huile de coco. 
<!-- EPO <DP n="14"/>-->
 Le produit de condensation d'un acide aminé de formule générale (I) avec l'huile de coco, c'est-à-dire avec tous les acides gras constituant l'huile de coco dans leur proportion respective, peut être défini comme un N-Cocoyl aminoacide (en l'espèce N- Cocoyl glycine ou N- Cocoyl alanine). </p><p id="p0052" num="0052">L'huile de coco contient généralement un mélange d'acides gras dont la longueur de la chaîne carbonée peut être comprise entre 6 et 18 atomes de carbone (mélange d'acides gras en Ce - Cis). </p><p id="p0053" num="0053">L'invention concerne donc également toute composition pharmaceutique à action locale, administrable par application cutanée, comprenant au moins un constituant N-acyl Ce - Cis amino acide, la partie « acyl » étant constituée par une chaîne grasse présente dans l'huile de coco. A titre d'exemple, les acides gras naturellement présents dans l'huile de coco sont généralement l'acide caproïque, l'acide caprylique, l'acide caprique, l'acide laurique, l'acide myristique, l'acide palmitique, l'acide palmitoléique, l'acide stéarique, l'acide oléique, l'acide linoléique et l'acide linolénique. De préférence, la partie acyl sera exclusivement constituée de la chaîne grasse de l'acide laurique, myristique, caprylique ou caprique. </p><p id="p0054" num="0054">Selon un mode de réalisation particulièrement préféré de l'invention, le susdit produit de condensation (également désigné N-acyl amino acide) est la N-Cocoyl Alanine laquelle est constituée du mélange notamment des N-lauroyl alanine, N-myristoyl alanine, N-capryl alanine et N-capryloyl alanine selon les proportions en dérivés d'acides gras figurant </p><p id="p0055" num="0055">usuellement dans l'huile de coco. Sans être limité par la théorie, il apparaît que le mélange des différents N-acyl alanine constituant la N-Cocoyl Alanine dans les proportions en dérivés d'acides gras figurant usuellement dans l'huile de coco permet d'obtenir des compositions pharmaceutiques 
<!-- EPO <DP n="15"/>-->
 (vétérinaires) selon la présente invention possédant d'excellentes propriétés en matière de solubilisation de l'actif et de stabilité. </p><p id="p0056" num="0056">Selon un mode de réalisation particulier, le susdit produit de condensation est la N-Lauroyl Alanine. </p><p id="p0057" num="0057">De préférence, la composition selon l'invention comprend un véhicule aqueux représentant 20 % ou plus du poids de l'excipient de ladite composition, de préférence plus de 60% du poids de l'excipient et de manière avantageuse plus de 75 % du poids de l'excipient de ladite composition. </p><p id="p0058" num="0058">Ledit produit de condensation est utilisé sous une forme salifiée. Cette forme salifiée est soluble dans l'eau et peut aisément être obtenue à l'aide d'une base organique aminée telle que la mono éthylamine, la di éthylamine ou d'une base inorganique telle que l'hydroxyde de sodium ou l'hydroxyde de potassium. </p><p id="p0059" num="0059">Il est important de noter que ce sel (soluble) dudit produit de condensation n'est pas complexé avec la ciclosporine A. </p><p id="p0060" num="0060">En outre, un des avantages majeurs associés aux compositions </p><p id="p0061" num="0061">pharmaceutiques selon l'invention est que ces dernières sont stables et ne précipitent pas lorsque placées dans des conditions de stabilité usuelles. </p><p id="p0062" num="0062">De manière particulièrement avantageuse, la composition selon l'invention ne comprend pas d'agents irritants, tels que des surfactants et des solvants ou co-solvants organiques, ce qui représente un avantage non négligeable dans la mesure où la peau du chien à traiter est, en règle 
<!-- EPO <DP n="16"/>-->
 générale, particulièrement sensible et présente déjà des inflammations et/ou irritations. </p><p id="p0063" num="0063">Selon un mode de réalisation particulièrement préféré, R représente un groupe méthyle (R = CH3) dans la formule générale (I). En d'autres termes, l'acide aminé de formule générale (I) est l'alanine, ce dérivé particulier permettant, de manière surprenante, d'obtenir des compositions qui présentent une excellente tolérance cutanée de même qu'une stabilité suffisante. Ceci permet d'envisager l'utilisation de ces compositions pour l'application cutanée d'un ou plusieurs médicaments. </p><p id="p0064" num="0064">Comme il est indiqué dans l'Exemple 2 (cf. ci-après), une étude de stabilité a permis de démontrer que la composition pharmaceutique à base de sel de cocoyl alanine de l'Exemple 1 permettait d'administrer un médicament par voie topique pour des applications cutanées, en particulier pour des applications cutanées visant à traiter la dermatite atopique canine (DAC). </p><p id="p0065" num="0065">A titre d'exemple comparatif, des compositions selon l'Exemple 1 ont été préparées en utilisant un acide aminé différent : la valine. Les </p><p id="p0066" num="0066">compositions de l'Exemple 1 ont donc été préparées en utilisant de la cocoyl valine sous forme de sel de sodium. Les compositions obtenues ont révélé une instabilité significative (cf. Exemple 3 infra), rendant inapte leur utilisation comme médicament, et en particulier comme médicament à usage vétérinaire. </p><p id="p0067" num="0067">Le procédé d'obtention de la composition selon l'invention comprend les étapes suivantes : 
<!-- EPO <DP n="17"/>-->
 a. Introduction d'un volume d'eau représentant entre 50% et 90%, et de préférence voisin de 75%, du poids total de l'eau de la composition obtenue in fine dans un récipient muni d'un agitateur ; </p><p id="p0068" num="0068"> b. Ajout d'une quantité souhaitée dudit sel du produit de </p><p id="p0069" num="0069"> condensation jusqu'à complète solubilisation avec léger chauffage de la solution si nécessaire ; </p><p id="p0070" num="0070"> c. Ajout de l'agent thérapeutique sous agitation modérée à une température adaptée généralement comprise entre 25°C et 50°C ; </p><p id="p0071" num="0071"> d. Refroidissement de la solution formée sous agitation ; </p><p id="p0072" num="0072"> e. Ajout d'une quantité souhaitée d'eau afin d'obtenir une </p><p id="p0073" num="0073"> solution dûment dosée en agent thérapeutique </p><p id="p0074" num="0074">On entend par « léger chauffage », un chauffage à une température comprise entre 30°C et 70°C. </p><p id="p0075" num="0075">De préférence, le sel du produit de condensation est ajouté dans une quantité comprise entre 1 % et 25% du poids final du produit, de </p><p id="p0076" num="0076">préférence dans une quantité comprise entre 5% et 15% du poids final du produit, avantageusement dans une quantité équivalente à environ 10% du poids final du produit et dans lequel l'agent thérapeutique est ajouté dans une quantité comprise entre 1 % et 10% du poids final du produit, de préférence dans une quantité comprise entre 4% et 8% du poids final du produit, avantageusement dans une quantité équivalente à environ 5% du poids final du produit. </p><p id="p0077" num="0077">Selon l'invention il est également possible de préparer une solution de cocoyl alaninate de sodium à partir du mélange sous agitation d'une 
<!-- EPO <DP n="18"/>-->
 solution d'hydroxyde de sodium et de cocoyl alanine dans des quantités adaptées. </p><p id="p0078" num="0078">Les exemples ci-après permettront de mieux appréhender la présente invention. Toutefois, ces exemples ne sont donnés qu'à titre illustratif et ne doivent en aucun cas être regardés comme limitant la portée de ladite invention d'une quelconque manière. </p><p id="p0079" num="0079">Exemple 1 : Préparation d'une formule contenant plus de 70% de phase aqueuse </p><p id="p0080" num="0080"><img id="imgf000018_0001" he="32" wi="115" file="imgf000018_0001.tif" img-format="tif" img-content="table" orientation="portrait" inline="yes"/></p><p id="p0081" num="0081">Le procédé d'obtention de cette composition est le suivant : </p><p id="p0082" num="0082">Une solution de N-Cocoyl Alaninate est préparée dans un volume d'eau représentant 90% de la quantité totale d'eau jusqu'à complète solubilisation. Le pH de cette solution est alors ajusté à un pH voisin de 7,8 alors que le chauffage est arrêté. Une fois que la solution est limpide, la ciclosporine A est ajoutée et l'ajustement au volume final est réalisé avec l'eau. Une solution finale limpide et incolore est ainsi obtenue avec un pH voisin de 7,8. </p><p id="p0083" num="0083">Exemple 2 : stabilité de la composition 
<!-- EPO <DP n="19"/>-->
 Une étude de stabilité selon les standards pharmaceutiques a été menée sur la composition décrite dans l'Exemple n°1 afin de vérifier que celle-ci peut être compatible avec une utilisation comme médicament. </p><p id="p0084" num="0084">Le protocole utilisé a consisté à placer les échantillons obtenus dans l'Exemple n°1 dans les conditions de température et d'humidité résiduelle préconisées par la Pharmacopée Européenne (25°C / 60% Humidité Résiduelle) pendant une période de 12 mois. </p><p id="p0085" num="0085"> Il est important de noter que le produit est placé dans des flacons munis de pompes doseuses permettant de délivrer une dose précise de produit, ce conditionnement étant adapté à l'utilisation pharmaceutique du produit et à son application sur la peau. </p><p id="p0086" num="0086">Les résultats sont consignés dans le tableau présenté ci-dessous. </p><p id="p0087" num="0087"><img id="imgf000019_0001" he="83" wi="135" file="imgf000019_0001.tif" img-format="tif" img-content="table" orientation="portrait" inline="no"/></p><p id="p0088" num="0088">Les résultats présentés ci-dessus montrent qu'aucune modification sur l'aspect du produit et qu'aucune apparition de précipité n'intervient pendant une période de 12 mois suivant la fabrication du produit sur des 
<!-- EPO <DP n="20"/>-->
 échantillons placés dans les conditions indiquées ci-dessus. Le produit peut donc être utilisé en tant que médicament et réparti dans un conditionnement adapté tel qu'un flacon muni d'une pompe doseuse afin d'assurer une délivrance reproductible de la dose à administrer. </p><p id="p0089" num="0089">Exemple 3 : Etude comparative avec du cocoyl valinate de sodium </p><p id="p0090" num="0090">A titre d'exemple comparatif, il est préparé une composition définie comme suivant laquelle contient un dérivé de condensation de l'huile de coco avec la valine : </p><p id="p0091" num="0091">Ciclosporine A 3g </p><p id="p0092" num="0092"> Cocoyl Valinate de Sodium 15g </p><p id="p0093" num="0093"> Eau Déminéralisée qsp 100 mL (soit environ 82g) </p><p id="p0094" num="0094">Le procédé de préparation de la solution est celui décrit dans l'Exemple 1 . </p><p id="p0095" num="0095">Le pH final de la composition définie ci-dessus est voisin de 7. </p><p id="p0096" num="0096">La composition formée est translucide immédiatement après fabrication mais n'est pas stable dans le temps. C'est ainsi qu'une étude de stabilité a révélé que la solution formée présente des précipités blancs après deux mois de stabilité et une diminution correspondante du titre de la </p><p id="p0097" num="0097">ciclosporine révélant une instabilité et une inaptitude à l'utilisation comme médicament vétérinaire. </p><p id="p0098" num="0098">Exemple 4 : étude d'efficacité chez le chien atteint de dermatite atopique </p><p id="p0099" num="0099">La présente invention a été utilisée dans le cadre d'un essai de traitement de la dermatite atopique du chien. 
<!-- EPO <DP n="21"/>-->
 Le produit de l'Exemple 1 a été appliqué quotidiennement sur des chiens atteints de dermatite atopique canine. </p><p id="p0100" num="0100">L'efficacité a été évaluée 28 jours après la première administration en utilisant un système de score LICAD et PICAD. </p><p id="p0101" num="0101">Le LICAD est un système se score qui a été mis en place pour permettre l'évaluation des érythèmes, excoriations et lichénification. </p><p id="p0102" num="0102">Le PICAD est un autre système de score permettant l'évaluation du prurit. </p><p id="p0103" num="0103">Quatre animaux ont été traités et observés pendant 28 jours. </p><p id="p0104" num="0104">Les résultats sont consignés dans les tableaux présentés ci-dessous. </p><p id="p0105" num="0105"><img id="imgf000021_0001" he="27" wi="138" file="imgf000021_0001.tif" img-format="tif" img-content="table" orientation="portrait" inline="no"/><img id="imgf000021_0002" he="34" wi="136" file="imgf000021_0002.tif" img-format="tif" img-content="table" orientation="portrait" inline="no"/></p><p id="p0106" num="0106">Les résultats présentés ci-dessus montrent que l'ensemble des cas cliniques étudiés a présenté une amélioration des signes cliniques 
<!-- EPO <DP n="22"/>-->
 (érythème, excoriation, lichénification et prurit) au bout de 28 jours de traitement cutané quotidien. </p><p id="p0107" num="0107">L'efficacité de la composition décrite dans l'Exemple 1 a été démontrée dans cet essai préliminaire pour le traitement de la dermatite atopique canine après application quotidienne par voie topique pendant 28 jours. </p><p id="p0108" num="0108">Par ailleurs, aucun effet secondaire significatif local ou général n'est observé au cours du traitement. </p><p id="p0109" num="0109">La composition décrite selon l'invention peut comprendre en tant qu'excipients (en sus de l'eau) différents ingrédients susceptibles notamment de favoriser l'application du produit, renforcer son efficacité, améliorer la stabilité, faciliter la dispensation ou le dosage, limiter ou au contraire suivant le cas faciliter l'évaporation. On pourra citer à titre purement illustratif (cette liste n'étant nullement limitative ni exhaustive) des agents de viscosité ou de texture tels que des polymères d'origine naturelle (par exemple dérivés de cellulose) ou synthétique (par exemple polymère acryliques) destinés à assurer un contact prolongé sur la peau, des agents permettant de stabiliser le pH tels que les sels d'acides minéraux ou organiques et leurs bases conjuguées, des agents </p><p id="p0110" num="0110">favorisants l'hydratation cutanée tels que l'urée, des agents humectants ou émollients comme la glycérine, des agents permettant d'assurer la conservation antimicrobienne tels que les dérivés de l'acide benzoïque ou de l'acide sorbique et leurs sels, des agents permettant de prévenir le produit d'une éventuelle oxydation tels que les sulfites et leurs dérivés, des agents permettant de réduire ou au contraire favoriser l'évaporation du produit après son application tels que les composés volatils, de même que des agents permettant d'assurer un rôle de protection de la peau tels que des dérivés de corps gras, etc. 
<!-- EPO <DP n="23"/>-->
 Par ailleurs, la composition selon l'invention peut notamment être appliquée à l'aide d'un système de délivrance multi-doses adapté tel qu'un flacon muni d'une pompe doseuse afin de délivrer une dose reproductible dudit produit. </p><p id="p0111" num="0111">Une autre présentation peut consister en un conditionnement de type uni- dose disposant le cas échéant d'un embout applicateur. </p><p id="p0112" num="0112">Selon une alternative, la composition peut également être administrée à partir d'un système pouvant être appliquée sur la peau de façon prolongée tel un patch afin d'assurer un temps de résidence prolongé sur le site d'application. 
</p></description><claims mxw-id="PCLM44727003" ref-ucid="WO-2012114051-A1" lang="FR" load-source="patent-office"><claim-statement><!-- EPO <DP n="24"/>-->Revendications </claim-statement><claim id="clm-0001" num="1"><claim-text>1 . Composition pharmaceutique à action locale, administrable par application cutanée, comprenant de la ciclosporine A, pour son utilisation comme médicament vétérinaire administrable par application cutanée dans le traitement local de la dermatite atopique canine. </claim-text></claim><claim id="clm-0002" num="2"><claim-text>2. Composition pharmaceutique selon la revendication 1 , ladite composition étant une composition aqueuse. </claim-text></claim><claim id="clm-0003" num="3"><claim-text>3. Composition pharmaceutique selon la revendication 1 ou 2, ladite composition comprenant : au moins un sel d'un produit de condensation d'un acide aminé de formule générale (I) </claim-text><claim-text>NH<sub>r</sub>CH-COOH </claim-text><claim-text> R </claim-text><claim-text>(I) </claim-text><claim-text> et au moins un acide gras compris dans l'huile de coco; dans laquelle R représente un atome d'hydrogène ou un groupe méthyle. </claim-text></claim><claim id="clm-0004" num="4"><claim-text>4. Composition pharmaceutique selon la revendication 3, dans laquelle R représente un groupe méthyle. <!-- EPO <DP n="25"/>--> </claim-text></claim><claim id="clm-0005" num="5"><claim-text>5. Composition selon l'une des revendications 1 à 4, ladite composition comprenant un véhicule aqueux représentant 20 % ou plus du poids de l'excipient de ladite composition, de préférence plus de 60% du poids de l'excipient et de manière avantageuse plus de 75 % du poids de l'excipient de ladite composition. </claim-text></claim><claim id="clm-0006" num="6"><claim-text>6. Composition selon l'une des revendications 1 à 5, dans laquelle le sel dudit produit de condensation est un sel de cation organique ou inorganique. </claim-text></claim><claim id="clm-0007" num="7"><claim-text>7. Composition selon la revendication 6, dans laquelle le sel dudit produit de condensation est un sel de cation inorganique, avantageusement un sel de sodium. </claim-text></claim><claim id="clm-0008" num="8"><claim-text>8. Composition selon l'une des revendications 1 à 7, ladite composition ne comprenant pas d'agents irritants, tels que des surfactants et des solvants ou co-solvants organiques. </claim-text></claim><claim id="clm-0009" num="9"><claim-text>9. Composition selon l'une des revendications 1 à 8, ladite </claim-text><claim-text> composition étant administrable par l'intermédiaire d'un dispositif applicateur sélectionné parmi les dispositifs de délivrance multi-doses tels qu'un flacon muni d'une pompe doseuse, les dispositifs de délivrance uni-dose, </claim-text><claim-text> préférablement disposant d'un embout applicateur, et les dispositifs permettant une application prolongée sur la peau tels qu'un patch. </claim-text></claim></claims><copyright>User acknowledges that Fairview Research LLC and its third party providers retain all right, title and interest in and to this xml under applicable copyright laws.  User acquires no ownership rights to this xml including but not limited to its format.  User hereby accepts the terms and conditions of the Licence Agreement</copyright></patent-document>
