<?xml version="1.0" encoding="UTF-8"?>
<patent-document ucid="EP-2678414-A1" country="EP" doc-number="2678414" kind="A1" date="20140101" family-id="45688526" file-reference-id="260508" date-produced="20180826" status="corrected" lang="EN"><bibliographic-data><publication-reference fvid="146551653" ucid="EP-2678414-A1"><document-id><country>EP</country><doc-number>2678414</doc-number><kind>A1</kind><date>20140101</date><lang>EN</lang></document-id></publication-reference><application-reference ucid="EP-12704847-A" is-representative="NO"><document-id mxw-id="PAPP154825576" load-source="docdb" format="epo"><country>EP</country><doc-number>12704847</doc-number><kind>A</kind><date>20120223</date><lang>EN</lang></document-id><document-id mxw-id="PAPP183608525" load-source="docdb" format="original"><country>EP</country><doc-number>12704847.8</doc-number><date>20120223</date></document-id></application-reference><priority-claims><priority-claim mxw-id="PPC140452078" ucid="EP-11155726-A" load-source="docdb"><document-id format="epo"><country>EP</country><doc-number>11155726</doc-number><kind>A</kind><date>20110224</date></document-id></priority-claim><priority-claim mxw-id="PPC140446480" ucid="EP-12704847-A" load-source="docdb"><document-id format="epo"><country>EP</country><doc-number>12704847</doc-number><kind>A</kind><date>20120223</date></document-id></priority-claim><priority-claim mxw-id="PPC140447573" ucid="EP-2012053063-W" linkage-type="W" load-source="docdb"><document-id format="epo"><country>EP</country><doc-number>2012053063</doc-number><kind>W</kind><date>20120223</date></document-id></priority-claim></priority-claims><technical-data><classifications-ipcr><classification-ipcr mxw-id="PCL1988098492" load-source="docdb">C11D   1/14        20060101ALI20120914BHEP        </classification-ipcr><classification-ipcr mxw-id="PCL1988108857" load-source="docdb">A62D   1/00        20060101ALI20120914BHEP        </classification-ipcr><classification-ipcr mxw-id="PCL1988120295" load-source="docdb">C11D  17/00        20060101AFI20120914BHEP        </classification-ipcr><classification-ipcr mxw-id="PCL1988123161" load-source="docdb">C09K   8/584       20060101ALI20120914BHEP        </classification-ipcr><classification-ipcr mxw-id="PCL1988133956" load-source="docdb">C10M 135/10        20060101ALI20120914BHEP        </classification-ipcr></classifications-ipcr><classifications-cpc><classification-cpc mxw-id="PCL-2017194907" load-source="docdb" scheme="CPC">C09K   8/703       20130101 LI20151007BHEP        </classification-cpc><classification-cpc mxw-id="PCL-2017195793" load-source="docdb" scheme="CPC">C09K   8/94        20130101 LI20151007BHEP        </classification-cpc><classification-cpc mxw-id="PCL-2017199216" load-source="docdb" scheme="CPC">C11D   1/143       20130101 FI20151007BHEP        </classification-cpc><classification-cpc mxw-id="PCL-2017201720" load-source="docdb" scheme="CPC">C11D  11/0058      20130101 LI20151007BHEP        </classification-cpc><classification-cpc mxw-id="PCL-2017201799" load-source="docdb" scheme="CPC">C09K   8/584       20130101 LI20151007BHEP        </classification-cpc><classification-cpc mxw-id="PCL-2017202877" load-source="docdb" scheme="CPC">C09K   8/594       20130101 LI20151007BHEP        </classification-cpc><classification-cpc mxw-id="PCL-2017203305" load-source="docdb" scheme="CPC">C09K   8/592       20130101 LI20151007BHEP        </classification-cpc><classification-cpc mxw-id="PCL-2017203689" load-source="docdb" scheme="CPC">C09K   8/38        20130101 LI20151007BHEP        </classification-cpc></classifications-cpc><invention-title mxw-id="PT132187443" lang="DE" load-source="patent-office">ZUSAMMENSETZUNGEN MIT ALKYLALKOXYSULFONATEN ZUR HERSTELLUNG HOCHTEMPERATURBESTÄNDIGEN SCHAUMSTOFFEN</invention-title><invention-title mxw-id="PT132187444" lang="EN" load-source="patent-office">COMPOSITIONS COMPRISING ALKYLALKOXYSULFONATES FOR THE PRODUCTION OF HIGH TEMPERATURE STABLE FOAMS</invention-title><invention-title mxw-id="PT132187445" lang="FR" load-source="patent-office">COMPOSITIONS COMPRENANT DES ALKYLE ALCOXY SULFONATES POUR LA PRODUCTION DE MOUSSES STABLES À HAUTES TEMPÉRATURES</invention-title><citations><non-patent-citations><nplcit><text>See references of WO 2012113861A1</text><sources><source mxw-id="PNPL67452073" load-source="docdb" name="SEA"/></sources></nplcit></non-patent-citations></citations></technical-data><parties><applicants><applicant mxw-id="PPAR918171876" load-source="docdb" sequence="1" format="epo"><addressbook><last-name>BASF SE</last-name><address><country>DE</country></address></addressbook></applicant><applicant mxw-id="PPAR918132841" load-source="docdb" sequence="1" format="intermediate"><addressbook><last-name>BASF SE</last-name></addressbook></applicant><applicant mxw-id="PPAR918983467" load-source="patent-office" sequence="1" format="original"><addressbook><last-name>BASF SE</last-name><iid>101298228</iid><address><city>67056 Ludwigshafen</city><country>DE</country></address></addressbook></applicant></applicants><inventors><inventor mxw-id="PPAR918173855" load-source="docdb" sequence="1" format="epo"><addressbook><last-name>ALVAREZ-JUERGENSON GABRIELA</last-name><address><country>DE</country></address></addressbook></inventor><inventor mxw-id="PPAR918161655" load-source="docdb" sequence="1" format="intermediate"><addressbook><last-name>ALVAREZ-JUERGENSON, GABRIELA</last-name></addressbook></inventor><inventor mxw-id="PPAR918993325" load-source="patent-office" sequence="1" format="original"><addressbook><last-name>ALVAREZ-JÜRGENSON, Gabriela</last-name><address><street>Brahmsstraße 6</street><city>68165 Mannheim</city><country>DE</country></address></addressbook></inventor><inventor mxw-id="PPAR918160959" load-source="docdb" sequence="2" format="epo"><addressbook><last-name>OETTER GUENTER</last-name><address><country>DE</country></address></addressbook></inventor><inventor mxw-id="PPAR918152964" load-source="docdb" sequence="2" format="intermediate"><addressbook><last-name>OETTER, GUENTER</last-name></addressbook></inventor><inventor mxw-id="PPAR918988319" load-source="patent-office" sequence="2" format="original"><addressbook><last-name>OETTER, Günter</last-name><address><street>Hans-von-Marees-str. 21</street><city>67227 Frankenthal</city><country>DE</country></address></addressbook></inventor><inventor mxw-id="PPAR918169524" load-source="docdb" sequence="3" format="epo"><addressbook><last-name>KURKAL-SIEBERT VANDANA</last-name><address><country>DE</country></address></addressbook></inventor><inventor mxw-id="PPAR918138027" load-source="docdb" sequence="3" format="intermediate"><addressbook><last-name>KURKAL-SIEBERT, VANDANA</last-name></addressbook></inventor><inventor mxw-id="PPAR918978576" load-source="patent-office" sequence="3" format="original"><addressbook><last-name>KURKAL-SIEBERT, VANDANA</last-name><address><street>Schiesstorstrasse 1</street><city>69117 Heidelberg</city><country>DE</country></address></addressbook></inventor><inventor mxw-id="PPAR918153477" load-source="docdb" sequence="4" format="epo"><addressbook><last-name>REINOSO GARCIA MARTA</last-name><address><country>DE</country></address></addressbook></inventor><inventor mxw-id="PPAR918171710" load-source="docdb" sequence="4" format="intermediate"><addressbook><last-name>Reinoso Garcia, Marta</last-name></addressbook></inventor><inventor mxw-id="PPAR918986591" load-source="patent-office" sequence="4" format="original"><addressbook><last-name>Reinoso Garcia, Marta</last-name><address><street>Am Rebgarten 29</street><city>69221 Dossenheim</city><country>DE</country></address></addressbook></inventor><inventor mxw-id="PPAR918160340" load-source="docdb" sequence="5" format="epo"><addressbook><last-name>STEIN STEFAN</last-name><address><country>DE</country></address></addressbook></inventor><inventor mxw-id="PPAR918141121" load-source="docdb" sequence="5" format="intermediate"><addressbook><last-name>STEIN, STEFAN</last-name></addressbook></inventor><inventor mxw-id="PPAR918991309" load-source="patent-office" sequence="5" format="original"><addressbook><last-name>STEIN, STEFAN</last-name><address><street>Julius Caesar Str. 28</street><city>55286 Wörrstadt</city><country>DE</country></address></addressbook></inventor><inventor mxw-id="PPAR918157278" load-source="docdb" sequence="6" format="epo"><addressbook><last-name>SZABO GEZA</last-name><address><country>CA</country></address></addressbook></inventor><inventor mxw-id="PPAR918133559" load-source="docdb" sequence="6" format="intermediate"><addressbook><last-name>SZABO, GEZA</last-name></addressbook></inventor><inventor mxw-id="PPAR918980250" load-source="patent-office" sequence="6" format="original"><addressbook><last-name>SZABO, GEZA</last-name><address><street>7979- 14Avenue SW Main Floor</street><city>Edmonton, Alberta T6X 1H3</city><country>CA</country></address></addressbook></inventor></inventors><agents><agent mxw-id="PPAR918994266" load-source="patent-office" sequence="1" format="original"><addressbook><last-name>Jacobi, Markus Alexander</last-name><suffix>et al</suffix><iid>101273397</iid><address><street>Isenbruck Bösl Hörschler LLP Patentanwälte Eastsite One Seckenheimer Landstraße 4</street><city>68163 Mannheim</city><country>DE</country></address></addressbook></agent></agents></parties><international-convention-data><pct-or-regional-filing-data ucid="EP-2012053063-W"><document-id><country>EP</country><doc-number>2012053063</doc-number><kind>W</kind><date>20120223</date><lang>EN</lang></document-id></pct-or-regional-filing-data><pct-or-regional-publishing-data ucid="WO-2012113861-A1"><document-id><country>WO</country><doc-number>2012113861</doc-number><kind>A1</kind><date>20120830</date><lang>EN</lang></document-id></pct-or-regional-publishing-data><designated-states><ep-contracting-states><country mxw-id="DS548937525" load-source="docdb">AL</country><country mxw-id="DS548938650" load-source="docdb">AT</country><country mxw-id="DS548934135" load-source="docdb">BE</country><country mxw-id="DS548817924" load-source="docdb">BG</country><country mxw-id="DS548922568" load-source="docdb">CH</country><country mxw-id="DS548934136" load-source="docdb">CY</country><country mxw-id="DS548839742" load-source="docdb">CZ</country><country mxw-id="DS548937526" load-source="docdb">DE</country><country mxw-id="DS548934137" load-source="docdb">DK</country><country mxw-id="DS548934142" load-source="docdb">EE</country><country mxw-id="DS548945889" load-source="docdb">ES</country><country mxw-id="DS548817925" load-source="docdb">FI</country><country mxw-id="DS548817926" load-source="docdb">FR</country><country mxw-id="DS548937527" load-source="docdb">GB</country><country mxw-id="DS548934143" load-source="docdb">GR</country><country mxw-id="DS548937528" load-source="docdb">HR</country><country mxw-id="DS548839743" load-source="docdb">HU</country><country mxw-id="DS548922569" load-source="docdb">IE</country><country mxw-id="DS548934144" load-source="docdb">IS</country><country mxw-id="DS548817927" load-source="docdb">IT</country><country mxw-id="DS548934145" load-source="docdb">LI</country><country mxw-id="DS548937529" load-source="docdb">LT</country><country mxw-id="DS548938651" load-source="docdb">LU</country><country mxw-id="DS548817928" load-source="docdb">LV</country><country mxw-id="DS548817929" load-source="docdb">MC</country><country mxw-id="DS548938652" load-source="docdb">MK</country><country mxw-id="DS548938653" load-source="docdb">MT</country><country mxw-id="DS548946038" load-source="docdb">NL</country><country mxw-id="DS548868955" load-source="docdb">NO</country><country mxw-id="DS548946039" load-source="docdb">PL</country><country mxw-id="DS548817930" load-source="docdb">PT</country><country mxw-id="DS548839744" load-source="docdb">RO</country><country mxw-id="DS548817931" load-source="docdb">RS</country><country mxw-id="DS548946040" load-source="docdb">SE</country><country mxw-id="DS548922574" load-source="docdb">SI</country><country mxw-id="DS548868956" load-source="docdb">SK</country><country mxw-id="DS548868957" load-source="docdb">SM</country><country mxw-id="DS548938654" load-source="docdb">TR</country></ep-contracting-states></designated-states></international-convention-data><office-specific-data><eptags><ep-no-a-document-published>*</ep-no-a-document-published></eptags></office-specific-data></bibliographic-data><abstract mxw-id="PA99625502" ref-ucid="WO-2012113861-A1" lang="EN" load-source="patent-office"><p num="0000">The present invention is directed to the use of alkylalkoxysulfonates for the production of foams, which are stable at high temperatures, e.g. up to about 250 °C. Furthermore, the invention relates to a method for producing of high temperature stable foams by using a foamable aqueous composition comprising at least one linear alkylalkoxysulfonate.</p></abstract><abstract mxw-id="PA99824021" ref-ucid="WO-2012113861-A1" lang="EN" source="national office" load-source="docdb"><p>The present invention is directed to the use of alkylalkoxysulfonates for the production of foams, which are stable at high temperatures, e.g. up to about 250 °C. Furthermore, the invention relates to a method for producing of high temperature stable foams by using a foamable aqueous composition comprising at least one linear alkylalkoxysulfonate.</p></abstract><abstract mxw-id="PA99625503" ref-ucid="WO-2012113861-A1" lang="FR" load-source="patent-office"><p num="0000">L'invention concerne l'utilisation d'alkyle alcoxy sulfonates pour la production de mousses qui sont stables à des températures élevées allant, par exemple, jusqu'à 250°C. En outre, l'invention concerne un procédé de production de mousses stables à hautes températures à l'aide d'une composition aqueuse moussante comprenant au moins un alkyle alcoxy sulfonate linéaire.</p></abstract><abstract mxw-id="PA99824022" ref-ucid="WO-2012113861-A1" lang="FR" source="national office" load-source="docdb"><p>L'invention concerne l'utilisation d'alkyle alcoxy sulfonates pour la production de mousses qui sont stables à des températures élevées allant, par exemple, jusqu'à 250°C. En outre, l'invention concerne un procédé de production de mousses stables à hautes températures à l'aide d'une composition aqueuse moussante comprenant au moins un alkyle alcoxy sulfonate linéaire.</p></abstract><description mxw-id="PDES50931273" ref-ucid="WO-2012113861-A1" lang="EN" load-source="patent-office"><!-- EPO <DP n="2"/>--><p id="p0001" num="0001"> Compositions comprising alkylalkoxysulfonates for the production of high temperature stable foams </p><p id="p0002" num="0002">The present invention is directed to the use of alkylalkoxysulfonates for the production of foams, which are stable at high temperatures, e.g. up to about 250°C. Furthermore, the invention relates to a method for producing of high temperature stable foams by using a foamable aqueous composition comprising at least one linear alkylalkoxysul- fonate. Surfactants are commonly used in cosmetics, pharmaceuticals and detergents, wherein the application temperature normally is below 100°C. Known surfactants for washing, cleaning and foaming applications at temperatures from about 10° to 100°C usually have at least one C<sub>8</sub>-16 alkyl chain as hydrophobic part. Surfactants with longer alkyl chains are under these conditions often less useful and less interfacial active for such purposes. </p><p id="p0003" num="0003">Some surfactants for application temperatures above 100°C have at least one alkyl chain of at least Ci<sub>8</sub>, in order to increase the residence time at the interface. Typical applications for high temperature stable surfactants, which are in particular stable at temperatures from 150 to 250°C, are high temperature emulsification of e.g. polymer melts, hot water washing, oil recovery applications and drilling additives. </p><p id="p0004" num="0004">One important application of a surfactant is the use as foaming agent (also referred to as foaming surfactant), which may facilitate the formation of a foam. Normally a foam is a composition comprising a gas and a liquid, that is formed by trapping gas bubbles in a liquid (e.g. water), wherein the gas bubbles are separated by connected liquid films, the so called lamella. Lamellae of foam comprising a liquid, e.g. water, are normally stabilized by at least one surfactant, which shows film-forming properties. In some cases, the foam can be referred to as a colloidal suspension of a gas in a liquid. </p><p id="p0005" num="0005">Commonly known foaming agents or foaming surfactants facilitate the formation of foam, when dissolved, particularly in small amounts, in the liquid phase and may enhance the colloidal stability of the foam by inhibition of the coalescences of bubbles. It can be assumed that the foaming surfactant adsorbs in a monolayer at the interface and aggregates into stable foam lamellae. Increased interfacial viscosity provides a mechanical resistance to film thinning and rupturing. Commonly known foaming surfactants for temperatures below 100 °C are for example sodium dodecyl sulfate (SDS), ammonium lauryl sulfate (ALS), sodium lauryl ether sulfate (SLES) and betaines. 
<!-- EPO <DP n="3"/>-->
 Foaming agents, and in particular foaming agents which are able to stabilise foams at high temperature and high pressure, can be used in a variety of applications. Important application sectors for high temperature stable foams are oilfield applications, such as acid stimulation, drilling of subterranean geothermal reservoirs and particularly tertiary oil recovery technologies, such as thermally based oil recovery techniques (e.g. SAGD, "steam assisted gravity drainage"; CSS, "cyclic steam stimulation"), which require performance increase at high temperature conditions. Foam compositions which exhibit a high stability at elevated temperatures, such as above 150°C, are also used in specific applications, such as metal working (e.g. stamping, drawing, forming, bending, rolling, cutting, grinding, punching, sawing, hobbing, reaming, spinning, extruding trepanning, coining, swaging), drilling of subterranean geothermal reservoirs, specific cleaning applications, and fire retardant foams. </p><p id="p0006" num="0006">A variety of surfactants and surfactants mixtures have been proposed for being used in oilfield applications, especially in oilfield applications using foams at high temperatures. </p><p id="p0007" num="0007">US 4,201 ,678 describes a mixture of an amphoteric betaine, a salt of a linear aliphatic or alkyl aryl hydrocarbon sulfonate and, optionally, non-neutralized ammonia. The mixture can be used as foaming agent in foam drilling and work over in high temperature wells with temperatures above 200°C. </p><p id="p0008" num="0008">WO 94/18431 is directed to foaming compositions comprising a Ci<sub>0-</sub>i 6-olefin sulfonate surfactant and a solubilising compound to improve brine tolerance for use in enhanced oil recovery at temperatures from 38°C to 120°C. </p><p id="p0009" num="0009">CN-A 1 927 993 describes high-temperature stratum self-foaming compositions and their application in viscous oil exploitation. The compositions comprise alpha-olefin sulfonates or di-alkyl di-phenylether-di-sulfonates as foaming agent. The document US 5, 193,618 discloses a method for recovering hydrocarbons from a reservoir using a steam assisted enhanced oil recovery (EOR) technique, wherein a composition comprises a foam diversion surfactant, in particular an alkyl aromatic sulfonate, and a precipitation-control additive comprising an α-olefin sulfonate dimer. US 2005/01371 14 describes a foam composition in a temperature range of about 80 to 160 F (27°C to 70°C) comprising at least one anionic surfactant, at least one cationic surfactant, and one or more zwitterionic compounds, wherein the anionic surfactants were selected from sodium or ammonium alcohol ether sulfates, alkylether sulfonates, alkylaryl sulfonates, and mixtures thereof. 
<!-- EPO <DP n="4"/>-->
 Alkylalkoxysulfonates and methods of their production are known in the prior art. The document DE-A 36 22 439 describes the use of C<sub>8</sub>-i8-alkylether sulfonates for cosmetic applications. Document US 4,088,189 describes alkylpolyalkoxyalkyl sulfonates and alkylarylpolyalkoxyalkyl sulfonates for use in a surfactant assisted oil recovery process. </p><p id="p0010" num="0010">However, there is a high need for superior foaming surfactants and foam compositions, which have a high thermal stability, which can easily be prepared and which can be used for the formation of foams at temperatures from 100°C up to 250°C. There is in particular a need for uses above 150°C, in several applications, e.g. foam drilling appli- cations or thermally oil recovery applications. Furthermore, it is usually important in several applications, that the surfactant and the produced foam exhibit sufficient stability against higher salt concentration and contact to oily phase. </p><p id="p0011" num="0011">It is an object of the present invention to provide improved surfactants and a method for the production of foam compositions, in particular aqueous based foams, which are stable at high temperature (e.g. 150 to 250°C). These foam compositions should exhibit a high temperature stability (e.g. for up to 100°C) for a long period of time, particularly up to 1 day, preferably up to 10 days, often up to 60 days, and a high stability also in contact with an hydrocarbon phase. Further, requirements for the surfactants are chemical stability up to a temperature of 250°C and a good water-solubility at room temperature, which is a precondition for several applications, e.g. pumping the solution in a well bore. Besides the resistance to high temperatures, the foaming agent should not harm the environment, should produce no residue and be easily available at low cost. </p><p id="p0012" num="0012">It was surprisingly found that specific sulfonates with linear alkyl chains having from 14 to 36 carbon atoms, in particular from 20 to 30, preferably from 22 to 28 carbon atoms, and having from 1 to 20 alkoxy units, preferably from 1 to 10 alkoxy units, are chemically stable and produce foams up to temperatures of 250°C. It was further found that salts (e.g. potassium chloride) enhance the foam stability. The optimal amount of salt to be used depends on the surfactant structure. Mixtures of long and short alkyl chain surfactants can also be used to adjust solubility, surface activity and foam stability. </p><p id="p0013" num="0013">The present invention is directed to the use of at least one linear alkylalkoxysulfonate according to formula (I) 
<!-- EPO <DP n="5"/>-->
 
<img id="imgf000005_0001" he="21" wi="113" file="imgf000005_0001.tif" img-format="tif" img-content="drawing" orientation="portrait" inline="no"/>
 wherein: </p><p id="p0014" num="0014"> R<sup>1</sup> is a linear alkyl chain having from 14 to 36 carbon atoms, preferably from 20 to 30, preferably from 22 to 30, preferably from 22 to 28, more preferably from 24 to 28; </p><p id="p0015" num="0015"> R<sup>a</sup> is, independently for each of n alkoxy units, hydrogen or methyl;</p><p id="p0016" num="0016">R<sup>b</sup> is, independently for each of n alkoxy units, hydrogen or methyl; with the provision that for each of the n alkoxy units at least one of R<sup>a</sup> or R<sup>b</sup> is not hydrogen; </p><p id="p0017" num="0017"> m is a number from 0 to 10, preferably from 1 to 8; </p><p id="p0018" num="0018"> n is a number from 0 to 10, preferably from 1 to 8; </p><p id="p0019" num="0019"> p is a number from 0 to 20, preferably from 1 to 8; </p><p id="p0020" num="0020"> with the provision that m+n+p &gt;0; </p><p id="p0021" num="0021"> X is selected from Na<sup>+</sup>, K<sup>+</sup>, Mg<sup>2+</sup>, and NH<sub>4</sub><sup>+</sup>, </p><p id="p0022" num="0022"> y is an integer 1 or 2; for the production of a foam at a temperature in the range of 100°C to 250°C, preferably in the range of 150° to 250°C, often also in the range of 180° to 250°C, preferably in the range of 200°C to 250°C. </p><p id="p0023" num="0023">Furthermore, the present invention is directed to the use of a linear alkylalkoxysul- fonate according to formula (I) as described above as a surfactant for the production of high temperature stable foams. A "foam" or "foam composition" according to the present invention is a composition comprising a gas, a liquid and a surfactant as lamella stabilizing agent, that is formed by trapping gas bubbles in a liquid (e.g. water), wherein the gas bubbles are separated by connected liquid films, the so called lamella. Lamellae of foam comprising a liquid, e.g. water, are normally stabilized by at least one surfactant, which shows film-forming properties. In some cases, the foam can be referred to as a colloidal suspension of a gas in a liquid. The lamellae are connected via intersections and form an intercon- 
<!-- EPO <DP n="6"/>-->
 nected network. The gas bubbles may be spherical and have weak mutual interactions - in particular in cases wherein the volume fraction of gas is less than about 74 %. </p><p id="p0024" num="0024">In other cases with a higher gas volume fraction the shape of gas bubbles may be polyhedral deformed. In real foams, the gas bubbles are typically disordered and have a variety of bubble sizes (poly-disperse foam). </p><p id="p0025" num="0025">In particular, the surfactant (foaming surfactant) in terms of the present invention is a surfactant which facilitates the formation of foam, when it is dissolved, particularly in small amounts, in the liquid phase. A foaming agent or a foaming surfactant may enhance the colloidal stability of the foam by inhibition of the coalescences of bubbles. </p><p id="p0026" num="0026">A "high-temperature stable foam" according to the present invention means, that the foam volume is reduced by less than 10 % (preferably by less than 5 %, more prefera- bly by less than 2 %) after a period of 100 sec or more (preferably after a period of more than 200 sec, preferably after a period of more than 300 sec) at temperatures up to 100 °C (in particular at temperatures up to 150 °C often in the range of 150 to 250 °C). The foam stability can be described by the time before the onset of foam collapse (breaking of foam lamellae) can be observed. </p><p id="p0027" num="0027">Preferably, the radical R<sup>1</sup> in formula (I) is a linear alkyl chain having from 14 to 36 carbon atoms, preferably from 20 to 30, also preferably from 22 to 30, preferably from 22 to 28, more preferably from 24 to 28. Typically, the linear alkylalkoxysulfonate according to the invention preferably can be prepared in a manner known in principle, by alkoxylation of commercial available alcohols (e.g. fatty alcohols) or mixtures of alcohols. Thus, the number of carbon atoms of radical R<sup>1</sup> may refer here, in a known manner, to the average number of carbon atoms present in the alkylalkoxysulfonate, respectively refer to the maximum of distribution of the carbon atoms number in alkyl chain. </p><p id="p0028" num="0028">The linear alkylalkoxysulfonates used according to the present invention normally exhibit a block structure with the general structure given in formula (I). Typically, the linear alkylalkoxysulfonates used according to the present invention comprise m butoxy groups of the general formula -0-(C<sub>4</sub>H<sub>8</sub>); n propoxy groups of the general formula -O- CH<sub>2</sub>-CH(CH<sub>3</sub>)-; and p ethoxy groups of the general formula -0-CH<sub>2</sub>CH<sub>2</sub>-. </p><p id="p0029" num="0029">The formula of the propoxy group -0-CH<sub>2</sub>-CH(CH<sub>3</sub>)- here is expressly intended to include units also of the formula -0-CH(CH<sub>3</sub>)-CH<sub>2</sub>)-, thus the inverse orientation of the alkoxy group in the linear alkylalkoxysulfonates is included. Typically, both orientations may be represented in a surfactant molecule. Depending on the reaction conditions 
<!-- EPO <DP n="7"/>-->
 (e.g. basic or acid catalysis), the alkoxy units (e.g. propoxy units) normally are incorporated predominantly into one of the above described orientations. Furthermore, the butoxy group can be linear or branched after the polymerisation of e.g. butylenoxid. Preferably the butoxy group is branched. </p><p id="p0030" num="0030">Linear alkylalkoxysulfonates used according to the present invention can be prepared in a manner in principle known by a skilled person. Normally the alcohol R OH is reacted with alkylene oxide (e.g. ethylene oxide, propylene oxide, butylene oxide) using an alkoxylation catalyst. The synthesis can also be started from a mixture of alkyl al- cohols with a distribution of alkyl chain length, wherein normally the chain length of the maximum of distribution is mentioned (e.g. C<sub>24</sub>/26 alkyl alcohol or Ci<sub>6</sub> is alkyl alcohol). The way by which alkoxylation reactions are carried out is known to the skilled person. It is likewise known to the skilled person that the molecular weight distribution of the alkoxylates can be influenced by the reaction conditions, in particular the choice of catalyst. Afterwards the alkoxylated alcohol can e.g. be reacted with thionylchloride (e.g. in chlorobenzene) giving the chloride product. After that a reaction with e.g. sodium sulfite can follow, which gives the desired sulfonate. </p><p id="p0031" num="0031">The numbers m, n, p refer to the average value of the alkoxy (e.g. butoxy, propoxy, ethoxy groups) present in the alkylalkoxysulfonate, where the average value does not have to be a natural number, but may also be any desired rational number. </p><p id="p0032" num="0032">In particular the total number of alkoxy units (m+n+p) is a number in the range of 1 to 20, preferably 1 to 10. In a preferred embodiment m = 0, n = 0, and p is a number from 1 to 20, preferably from 1 to 10, preferably from 1 to 8. In a further preferred embodiment m = 0, n is a number from 1 to 10, preferably from 1 to 8, and p is a number from 1 to 10, preferably from 1 to 8. In a further preferred embodiment m is a number von 1 to 8, n is a number from 1 to 8, and n is a number from 1 to 8. In a further embodiment of the invention a linear alkylalkoxysulfonate according to formula (I) is used comprising more ethoxy units than propoxy units, wherein in particular the ratio of propoxy units and ethoxy units (n/p) is in the range of 0 to 1. </p><p id="p0033" num="0033">In one embodiment of the invention at least one linear alkylalkoxysulfonate according to formula (I) is used, wherein R<sup>1</sup> is a linear alkyl having from 20 to 30 carbon atoms, preferably from 22 to 28, and wherein m+n+p is a number in the range of 1 to 20, preferably 1 to 10. 
<!-- EPO <DP n="8"/>-->
 In one embodiment, at least one linear alkylalkoxysulfonate according to formula (I) as described above can be used, wherein R<sup>1</sup> is a linear alkyl chain having from 20 to 30 carbon atoms, preferably from 22 to 28, m=0, n=0 and p is a number from 2 to 8. In one embodiment, at least one linear alkylalkoxysulfonate according to formula (I) as described above can be used, wherein R<sup>1</sup> is a linear alkyl chain having from having from 20 to 30 carbon atoms, preferably from 22 to 28, m=0, n is a number from 2 to 8, and p is a number from 2 to 8. Preferably, the present invention is directed to the use of an aqueous composition comprising at least one linear alkylalkoxysulfonate according to formula (I) as described above for the production of foams as described above. </p><p id="p0034" num="0034">In an embodiment the invention is directed to the use of an aqueous composition com- prising at least one linear alkylalkoxysulfonate according to formula (I) for production of foam at a temperature in the range of 100°C to 250°C, preferably in the range of 150° to 250°C, preferably in the range of 180°C to 250°C, more preferably in the range of 200°C to 250°C and a pressure in the range of 1 to 100 bar. Particularly, the aqueous composition used according to the present invention may comprise (or consist of): </p><p id="p0035" num="0035">10-99.99 % (w/w), preferably 90 - 99.99 % (w/w) water, </p><p id="p0036" num="0036"> 0.01-10 % (w/w), preferably 0.01 to 5 % (w/w), more preferably 0.01 to 1 (w/w), more preferably 0.05 to 0.5 % (w/w) of at least one linear alkylalkoxysulfonate according to formula (I) as described above, </p><p id="p0037" num="0037"> 0-25 % (w/w) of at least one further additive. </p><p id="p0038" num="0038">Unless otherwise defined in the following, all amounts given % (w/w) are related to the overall composition. </p><p id="p0039" num="0039">The composition often consists of 90 to 99% (w/w) of water, 0.01 to 10 % (w/w) of at least one alkylalkoxysulfonate. To this composition further additives (up to 25 % ) can be added. </p><p id="p0040" num="0040">Unless otherwise defined, all amounts given % (w/w) are related to the overall aqueous composition. </p><p id="p0041" num="0041">In an embodiment the aqueous composition described above comprises 0.01-10 % (w/w), preferably 0.01 to 5 % (w/w), more preferably 0.01 to 1 % (w/w), more preferably 
<!-- EPO <DP n="9"/>-->
 0.05 to 0.5 % (w/w) of at least one linear alkylalkoxysulfonate according to formula (I) as described above. </p><p id="p0042" num="0042">In one embodiment the aqueous composition described above may comprise a mixture of at least two linear alkylalkoxysulfonates according to formula (I) as described above. </p><p id="p0043" num="0043">The further additives of aqueous composition used according to the present invention may be for example selected from: i) water-soluble inorganic salts (for example sodium chloride, potassium chloride, magnesium chloride); ii) co-solvents selected from alcohols, ethoxylated alcohols, e.g. butyl diglycol, ethers and esters; iii) additional surfactants (co-surfactants); iv) thickeners, e.g. layered silica. Particularly, the amount of further additives is in the range of 0.01 to 25 % (w/w), preferably of 0.01 to 10 % (w/w), preferably of 0.1 to 5 % (w/w). </p><p id="p0044" num="0044">In an embodiment of the invention the aqueous composition described above comprises as further additive at least one water-soluble inorganic salt in an amount of 0.01 to 25 % (w/w), preferably 0.01 to 10 % (w/w). In particular the water-soluble inorganic salt is selected from sodium chloride, potassium chloride and magnesium chloride. A "water-soluble compound" in terms of the present invention means a compound, which exhibits solubility in water at normal temperature (e.g. 25°C) of more than 10 g/l. In particular the aqueous composition described above can further comprise a co- solvent, which may be selected from a polar water-miscible solvent. In particular the cosolvent may be selected from alcohols, preferably methanol, ethanol, isopropanol, butanol, butyl monoglycol, butyl diglycol, butyl triglycol, ethers, preferably dimethyl ether, diethyl ether, dipropyl ether, methylethyl ether, methylpropyl ether, ethylpropyl ether, glycol ethers and esters, preferably ethyl acetate, n-butyl acetate, propylene based glycol esters. Suitable cosolvents may also be mixtures or combinations of the solvents mentioned above. 
<!-- EPO <DP n="10"/>-->
 In an embodiment of the invention the aqueous composition described above comprises as further additive 0.01 to 25 % (w/w), preferably 0.01 to 10 % (w/w), preferably from 0.1 to 5 % (w/w) of at least one co-solvent selected from alcohol, ether and ester. The aqueous composition described above can further comprise as further additive a surfactant (co-surfactant) additional to the linear alky alkoxy sulfonate described in formula (I), in particular this co-surfactant exhibits more hydrophilic properties in comparison to the linear alkylalkoxysulfonate described in formula (I). In particular the co- surfactant may be at least one surfactant selected from the group consisting of alkyl sulfonates (e.g. cumolsulfonate, dodecylsulfonate), alkyl sulfates (e.g. dodecyl sulfate, myristyl sulfate, palmityl sulfate, stearyl sulfate), alkylaryl sulfonates, alkylaryl sulfates, alkylalkoxysulfonates, alkylalkoxy sulfates, alkylarylalkoxy sulfonates, alkylarylalkoxy sulfates, alcohol ethoxylates, alkyl phosphates, alkylalkoxy phosphates, alkyl polyglu- cosides and sorbitan fatty acid esters. Besides more hydrophilic co-surfactants in com- parison to the linear alkylalkoxysulfonates, less hydrophilic ones can be part of the aqueous composition like saturated or unsaturated C<sub>5</sub>.<sub>2</sub>o-alcohols (e.g. pentanol, hexa- nol, decanol, dodecanol, oleylalcohol, Ci6/i 8-alcohol), alkylamines with alkyl chain lengths from C<sub>8</sub> to Ci<sub>8</sub>, fatty acids (e.g. oleic acid and stearic acid), and salts of fatty acids (e.g. sodium salt of stearic acid). Particularly, the co-surfactants mentioned above include a C<sub>8</sub>-2o-alkyl chain. The above mentioned surfactants can preferably be added in form of their salts, e.g. their alkali metal or earth alkali metal salts. </p><p id="p0045" num="0045">In a preferred embodiment, the aqueous composition used according to the present invention comprise as further additive a least one co-surfactant selected from the group C<sub>8</sub>-2o-alkyl sulfonates, C<sub>8</sub>.<sub>2</sub>o-alkyl sulfates, C<sub>8</sub>.<sub>2</sub>o-alkylaryl sulfonates, C<sub>8</sub>.<sub>2</sub>o-alkylaryl sulfates, C<sub>8</sub>.2o-alkylalkoxy sulfonates, C<sub>8</sub>-2o-alkylalkoxy sulfates, C<sub>8</sub>.<sub>2</sub>o-alkylarylalkoxy sulfonates, C<sub>8</sub>.2o-alkylarylalkoxy sulfates more preferably at least one C<sub>8</sub>-2o-alkylaryl sulfonate or C<sub>8</sub>.2o-alkylarylalkoxy sulfonate. Particularly, the aqueous composition used according to the present invention comprises at least one co-surfactant in an amount of 0.01 to 10 % (w/w), preferably 0.01 to 1 % (w/w), preferably from 0.1 to 0.9 % (w/w). </p><p id="p0046" num="0046">In an other embodiment the aqueous composition comprises said alkylalkoxy- sulfonate(s) according to formula (I) as sole surfactant. </p><p id="p0047" num="0047">In a preferred embodiment the invention is directed to the use as described above, wherein the foam is used for washing and cleaning, formation of micro-emulsions, metal production or oil recovery applications. 
<!-- EPO <DP n="11"/>-->
 Furthermore, the present invention is directed to a method of producing a foam, in particular a high-temperature stable foam, comprising the following steps </p><p id="p0048" num="0048">Preparation of an aqueous composition by adding (e.g. dissolving) at least linear alkylalkoxysulfonate according to formula (I) in water </p><p id="p0049" num="0049">R<sup>d</sup> R<sup>u</sup> </p><p id="p0050" num="0050"> R^O-(C<sub>4</sub>H<sub>8</sub>) m -O-CH— CH- n -0-CH-CH<sub>2 J p</sub> SO, X </p><p id="p0051" num="0051">(I) wherein: </p><p id="p0052" num="0052"> R<sup>1</sup> is a linear alkyl chain having from 14 to 36 carbon atoms, preferably from 20 to 30, preferably from 22 to 30, preferably from 22 to 28, more preferably from 24 to 28; </p><p id="p0053" num="0053">R<sup>a</sup> is, independently for each of n alkoxy units, hydrogen or methyl; </p><p id="p0054" num="0054">R<sup>b</sup> is, independently for each of n alkoxy units, hydrogen or methyl; </p><p id="p0055" num="0055">with the provision that for each of the n alkoxy units at least one of R<sup>a</sup> or R<sup>b</sup> is not hydrogen; </p><p id="p0056" num="0056">m is a number from 0 to 10, preferably from 0 to 8, preferably from 1 to 8; </p><p id="p0057" num="0057">n is a number from 0 to 10, preferably from 1 to 8; </p><p id="p0058" num="0058">p is a number from 0 to 20, preferably from 1 to 8; </p><p id="p0059" num="0059">with the provision that m+n+p &gt;0; </p><p id="p0060" num="0060"> X is selected from Na<sup>+</sup>, K<sup>+</sup>, Mg<sup>2+</sup>, and NH<sub>4</sub><sup>+</sup>, </p><p id="p0061" num="0061">y is an integer 1 or 2; b) Optionally addition of at least one further additive to the aqueous composition; c) Contacting the aqueous composition (obtained in step a or if applicable in step b) with a gas; wherein the method is carried out at a temperature in the range of 100°C to 250°C, preferably in the range of 150°C to 250°C, often in the range of 180°C to 250°C, more preferred in the range of 200°C to 250°C. </p><p id="p0062" num="0062">Typically at least one step, preferably step c, of the method described above is carried out at a temperature in the range of 100°C to 250°C, preferably in the range of 150° to 250°C, often in the range of 180°C to 250°C, more preferred in the range of 200°C to 250°C. 
<!-- EPO <DP n="12"/>-->
 In another embodiment step c) can be carried out at a temperature in the range of 15°C to 30°C and afterwards the aqueous composition (respectively the foam) is brought to a temperature in the range of 100°C to 250°C, preferably in the range of 150° to 250°C, often in the range of 180°C to 250°C, more preferred in the range of 200°C to 250°C. </p><p id="p0063" num="0063">In a preferred embodiment of the invention contacting the aqueous composition (obtained in step a) or if applicable in step b)) with a gas (step c) is carried out by injection of a gas into the aqueous composition. </p><p id="p0064" num="0064">The method described above, preferably step c, can in particular be carried out at a pressure in the range of 1 to 100 bar. </p><p id="p0065" num="0065">Preferably, the method of producing foams is carried out at a temperature in the range of 100°C to 250°C, preferably in the range of 150° to 250°C, often in the range of 180°C to 250°C. More preferably contacting the aqueous composition with a gas (step c) is carried out at a temperature in range of 100°C to 250°C, preferably in the range of 150° to 250°C, often in the range of 180°C to 250°C, more preferably in the range of 200°C to 250°C </p><p id="p0066" num="0066">The further additive may be selected from water-soluble inorganic salts and co- solvents, co-surfactants, and thickener. In view of the further additive used in the inventive method the preferred embodiments mentioned before in connection with the use of linear alkyalkoxysulfonates for the production of foam can also be applied. </p><p id="p0067" num="0067">The gas used in step c is preferably selected from nitrogen, carbon dioxide, steam, water vapour, natural gas, methane, ethane, propane, fuel gas, air and mixtures thereof, preferably selected from air, steam, carbon dioxide, nitrogen and mixtures thereof. More preferably the gas is selected from air, steam, carbon dioxide, nitrogen and mixtures thereof. </p><p id="p0068" num="0068">In particular at least one linear alkylalkoxysulfonate according to formula (I) as described above in connection with the use for production of foam can be preferably used in the inventive method of producing foams. </p><p id="p0069" num="0069">Particularly, preferred embodiments of the aqueous composition described above in view of use of linear alkylalkoxysulfonate according to formula (I) for production of foam can be used in the inventive method of producing foams. 
<!-- EPO <DP n="13"/>-->
 Preferably the present invention is directed to a method of producing a foam as described above, wherein 0.01 to 10 % (w/w) of at least one co-surfactant is added as further additive to the aqueous composition. Suitable co-surfactants are described above. </p><p id="p0070" num="0070">In an embodiment the present invention is directed to a method of producing a foam comprising the following steps: </p><p id="p0071" num="0071">Preparation of an aqueous composition by adding (e.g. dissolving) 0.01 to 10 % (w/w) of at least one linear alkylalkoxysulfonate according to formula I in water </p><p id="p0072" num="0072">R<sup>d</sup> R<sup>u</sup> </p><p id="p0073" num="0073"> R^O-(C<sub>4</sub>H<sub>8</sub>) m -O-CH— CH- n -0-CH-CH<sub>2 J p</sub> SO, X </p><p id="p0074" num="0074">(I) wherein: </p><p id="p0075" num="0075"> R<sup>1</sup> is a linear alkyl chain having from 20 to 30, preferably from 22 to 30, preferably from 22 to 28, more preferably from 24 to 28; </p><p id="p0076" num="0076"> R<sup>a</sup> is, independently for each of n alkoxy units, hydrogen or methyl; </p><p id="p0077" num="0077"> R<sup>b</sup> is, independently for each of n alkoxy units, hydrogen or methyl; </p><p id="p0078" num="0078"> with the provision that for each of the n alkoxy units at least one of R<sup>a</sup> or R<sup>b</sup> is not hydrogen; </p><p id="p0079" num="0079"> m is a number from 0 to 10, preferably from 0 to 8, preferably from 1 to 8; </p><p id="p0080" num="0080"> n is a number from 0 to 10, preferably from 1 to 8; </p><p id="p0081" num="0081"> p is a number from 0 to 20, preferably from 1 to 8; </p><p id="p0082" num="0082"> with the provision that m+n+p &gt;0; </p><p id="p0083" num="0083"> X is selected from Na<sup>+</sup>, K<sup>+</sup>, Mg<sup>2+</sup>, and NH<sub>4</sub><sup>+</sup>, </p><p id="p0084" num="0084"> y is an integer 1 or 2; </p><p id="p0085" num="0085">Addition of at least one co-surfactant in an amount of 0.01 to 10 % (w/w), preferably 0.01 to 1 % (w/w), preferably from 0.1 to 0.9 % (w/w) to the aqueous composition; c) Injection of a gas into the aqueous composition (obtained in step a and if applicable in step b), at a temperature in the range of 100°C to 250°C, preferably in the range of 150° to 250°C, preferably in the range of 180°C to 250°C, more 
<!-- EPO <DP n="14"/>-->
 preferably in the range of 200°C to 250°C, and preferably under a pressure in the range of 1 to 100 bar. </p><p id="p0086" num="0086">In a further aspect the present invention is directed to a foamable, aqueous composi- tion comprising </p><p id="p0087" num="0087">10 to 99.99 % (w/w), preferably 90 to 99.9 % (w/w) water, </p><p id="p0088" num="0088"> 0.01 to 10 % (w/w) of at least one linear alkylalkoxysulfonate according to formula </p><p id="p0089" num="0089"> (I), </p><p id="p0090" num="0090"><img id="imgf000014_0001" he="26" wi="133" file="imgf000014_0001.tif" img-format="tif" img-content="drawing" orientation="portrait" inline="no"/></p><p id="p0091" num="0091">wherein: </p><p id="p0092" num="0092">R<sup>1</sup> is a linear alkyl chain having from 20 to 36 carbon atoms, preferably from 22 to 30, preferably from 24 to 30, preferably from 25 to 30, preferably from 25 to 28;</p><p id="p0093" num="0093">R<sup>a</sup> is, independently for each of n alkoxy units, hydrogen or methyl; </p><p id="p0094" num="0094"> R<sup>b</sup> is, independently for each of n alkoxy units, hydrogen or methyl; </p><p id="p0095" num="0095"> with the provision that for each of the n alkoxy units at least one of R<sup>a</sup> or R<sup>b</sup> is not hydrogen; </p><p id="p0096" num="0096"> m is a number from 0 to 10; preferably from 0 to 8, preferably from 1 to 8; </p><p id="p0097" num="0097"> n is a number from 0 to 10; preferably from 1 to 8; </p><p id="p0098" num="0098"> p is a number from 0 to 20; preferably from 1 to 8; </p><p id="p0099" num="0099"> with the provision that m+n+p &gt;0; </p><p id="p0100" num="0100"> X is selected from Na<sup>+</sup>, K<sup>+</sup>, Mg<sup>2+</sup>, and NH<sub>4</sub><sup>+</sup>, </p><p id="p0101" num="0101"> y is an integer 1 or 2; </p><p id="p0102" num="0102">0 to 25 % (w/w) of at least one further additive. </p><p id="p0103" num="0103">The composition often consists of 90 to 99 % (w/w) of water, 0.01 to 10 % (w/w) of at least one alkylalkoxysulfonate. To this composition further additives (up to 25 %) can be added. </p><p id="p0104" num="0104">Unless otherwise defined, all amounts given % (w/w) are related to the overall aqueous composition. 
<!-- EPO <DP n="15"/>-->
 Preferably, the foamable aqueous composition described above comprises 0.01 to 10 % (w/w), preferably 0.01 to 5 % (w/w), more preferably 0.01 to 1 % (w/w), more preferably 0.05 to 0.5 % (w/w) of at least one linear alkylalkoxysulfonate according to formula (I). </p><p id="p0105" num="0105">Furthermore, the preferred embodiments described before in connection with use of the aqueous composition for production of foam at high temperature can also be applied for the above described inventive foamable aqueous composition. The present invention is illustrated in further detail by the following examples. </p><p id="p0106" num="0106">Example 1 : Foam formation up to 200°C </p><p id="p0107" num="0107"> An autoclave with windows on the front and on the backside was used to observe foam-ability, foam structure and foam stability as function of temperature and time by a video camera. The temperature was adjusted by electrical heating units. Pictures and short videos were taken for documentation. Nitrogen was used to apply a maximum pressure of 80 bar for keeping the solution liquid. Foam was created by nitrogen injection into the aqueous surfactant solution (50 ml), which was stirred mechanically (1300 rpm). The concentration of the surfactant was 1 g/l. A frit with 2 μηι pore size was placed at the end of the injection tube to create small air bubbles. After nitrogen injection stirring was stopped and foam stability was detected. </p><p id="p0108" num="0108">At different temperatures up to 200°C the time was notified when the first indication of foam collapse was visible (see y-axis of Figure 1). </p><p id="p0109" num="0109">Figure 1 shows the time t in sec, when the first foam collapse was visible (y-axis), at temperature T in °C from 120 to 200°C (x-axis), wherein: the open squares (□) indicate the C16/C18-6PO-2EO-S0<sub>3</sub>Na, </p><p id="p0110" num="0110"> the close triangles ( A ) indicate the C12-Phenol-6PO-2EO-S0<sub>3</sub>Na and </p><p id="p0111" num="0111"> the close lozenges (♦) indicate the iC17-6PO-2EO-S0<sub>3</sub>Na surfactant. </p><p id="p0112" num="0112">EO stands for ethoxy unit(s), PO stands for propoxy unit(s) and BO stand for butoxy unit(s). C with number describes the alkyl chain of surfactant, e.g. C16 means alkyl chain with 16 carbon atoms, iC17 means iso-alkyl chain with 17 carbon atoms. </p><p id="p0113" num="0113">As can be seen from the results in Figure 1 , in comparison to different surfactant structures with nearly the same number of C-atoms in the hydrophobic molecular part, linear alkyl chains perform very well. Branching was expected to lower the surfactant packing density at the air/water interface which destabilizes the foam lamellae. 
<!-- EPO <DP n="16"/>-->
 It can bee seen in Figure 1 , that the foam comprising C16/C18-6PO-2EO-S0<sub>3</sub>Na is stable for about 400 sec at 150°C, but the foams comprising the comparative surfactants C12-Phenol-6PO-2EO-S0<sub>3</sub>Na and iC17-6PO-2EO-S0<sub>3</sub>Na collapse at a tempera- ture of 150°C after 2 and 5 sec. At a temperature of 120°C the foam comprising C16/C18-6PO-2EO-S0<sub>3</sub>Na collapses after 500 sec, the foam comprising C12-Phenol- 6PO-2EO-S0<sub>3</sub>Na collapses after 35 sec and the foam comprising iC17-6PO-2EO- S0<sub>3</sub>Na collapses after 3 sec. Example 2: Foam formation at 250°C </p><p id="p0114" num="0114"> At a temperature of 250°C the sodium salts of linear C24/26-polyethoxy-sulfonates with different numbers of ethoxy units (EO) and at different concentrations of potassium chloride (KCI) were compared by their foaming behaviour. The foams were created in the same way as described in example 1. The foam stability (time before the foam starts to collapse) was determined as described in example 1. The concentration of the surfactant was 1 g/l. The results are shown in Table 1. </p><p id="p0115" num="0115">Table 1 : Start of foam collapse at 250 °C </p><p id="p0116" num="0116"><img id="imgf000016_0001" he="53" wi="91" file="imgf000016_0001.tif" img-format="tif" img-content="table" orientation="portrait" inline="no"/></p><p id="p0117" num="0117">As can be seen from the results in Table 1 , the foam stability depends on the number of ethoxy units (EO number). The addition of salt may shield the charge of the anionic sulfonate groups which results in a tighter packing at the air/water interface. It can be predicted that foam stability increases in presence of salt. </p><p id="p0118" num="0118">In case of C22-2EO-S0<sub>3</sub>Na, it was found that foam stability continuously increases with rising amount of KCI and reaches its highest value at about 100 g/l. However, in some cases, e.g. C22-5EO-S0<sub>3</sub>Na or C24/26-4EO-S0<sub>3</sub>Na it was found that the foam stability goes through a maximum with increasing amounts of salt. This effect may be related to salting out effects depending on EO units and the alkyl chain length as well as potentially complexing phenomena in case of C22-5 EO-S0<sub>3</sub>Na. 
<!-- EPO <DP n="17"/>-->
 Example 3: Influence of alkyl chain length on foam stability </p><p id="p0119" num="0119"> The foam stability of foams comprising alkylalkoxy-sulfonates with different alkyl chain length was determined at temperatures in the range of 200 to 250°C as described in Example 2, wherein the concentration of the surfactant was 1 g/l. The results were summarized in Table 2. </p><p id="p0120" num="0120">Table 2: Start of foam collapse at 200 °C and 250 °C </p><p id="p0121" num="0121"><img id="imgf000017_0001" he="42" wi="114" file="imgf000017_0001.tif" img-format="tif" img-content="table" orientation="portrait" inline="no"/></p><p id="p0122" num="0122">It was found that foam stability increases with increasing alkyl chain length of the surfactant. Example 4: Foam stability using surfactant mixtures </p><p id="p0123" num="0123"> The foam stability of C<sub>24</sub>/26-4EO-S0<sub>3</sub>Na in combination with an alkyl-aryl-alkoxy-sulfonate (Ci2-Phenol-6PO-2EO-S0<sub>3</sub>Na) in different ratios was determined at temperatures in the range of 200 to 250 °C as described in Example 2, wherein the total concentration of the surfactant was 1 g/l. The weight ratios of surfactants were 9:1 and 8:2. The results were summarized in Table 3. </p><p id="p0124" num="0124">Table 3: Start of foam collapse at 200°C and 250°C </p><p id="p0125" num="0125">Temperature [°C] 200 250 </p><p id="p0126" num="0126"> Start of foam collapse</p><p id="p0127" num="0127">Surfactant </p><p id="p0128" num="0128"> [sec] </p><p id="p0129" num="0129"> C<sub>24</sub>/26-4EO-S0<sub>3</sub>Na 550 40</p><p id="p0130" num="0130">C<sub>24</sub>26-4EO-S0<sub>3</sub>Na + Ci<sub>2</sub>-Phenol-6PO-2EO-S0<sub>3</sub>Na (9: 1) 1600 1 10</p><p id="p0131" num="0131">C<sub>2426</sub>-4EO-S0<sub>3</sub>Na + C<sub>12</sub>-Phenol-6PO-2EO-S0<sub>3</sub>Na (8:2) 1000 40 
<!-- EPO <DP n="18"/>-->
 The results show that foam stabilizing effects can also be achieved by using surfactant mixtures including an alkylalkoxysulfonate and at least one further surfactant with a shorter hydrophobic chain. Example 5: Influence of additives </p><p id="p0132" num="0132"> The foam stability of C22-2EO-S0<sub>3</sub>Na surfactant in combination with layered silica clay mineral and salt was determined at temperatures in the range of 200 to 250 °C as described in Example 2, wherein the concentration of the surfactant was 1 g/l. The compositions and the results concerning foam stability at T=200°C and T=250°C were summarized in Table 4. Laponite RD was used as layered silica, potassium chloride (KCI) was used as salt. </p><p id="p0133" num="0133">Table 4: Start of foam collapse at 200°C and 250°C </p><p id="p0134" num="0134"><img id="imgf000018_0001" he="54" wi="137" file="imgf000018_0001.tif" img-format="tif" img-content="table" orientation="portrait" inline="no"/></p><p id="p0135" num="0135">The clay mineral can thicken the water phase between the foam lamella in order to reduce water drainage and to enhance foam stability. Clay mineral (Laponite RD) exhibits a foam stabilizing effect. </p><p id="p0136" num="0136">Example 6: Chemical stability </p><p id="p0137" num="0137"> Storage of an aqueous solution of 1 g/l C22-2EO-S0<sub>3</sub>Na for a period of 12 hours at 250°C and a pressure of 62 bar had no influence on foaming behaviour. 
</p></description><claims mxw-id="PCLM44727227" ref-ucid="WO-2012113861-A1" lang="EN" load-source="patent-office"><claim-statement><!-- EPO <DP n="19"/>-->Claims </claim-statement><claim id="clm-0001" num="1"><claim-text>1. Use of at least one linear alkylalkoxysulfonate according to formula (I) </claim-text><claim-text>°-(<sup>C</sup>4<sup>H</sup>8)^ 0-CH-CH^ 0-CH<sub>2</sub>-CH<sub>2</sub>-^S0<sub>3</sub> X </claim-text><claim-text>(I) wherein: </claim-text><claim-text> R is a linear alkyl chain having from 14 to 36 carbon atoms;</claim-text><claim-text>R<sup>a</sup> is, independently for each of n alkoxy units, hydrogen or methyl;</claim-text><claim-text>R<sup>b</sup> is, independently for each of n alkoxy units, hydrogen or methyl; with the provision that for each of the n alkoxy units at least one of R<sup>a</sup> or R<sup>b</sup> is not hydrogen; </claim-text><claim-text> m is a number from 0 to 10; </claim-text><claim-text> n is a number from 0 to 10; </claim-text><claim-text> p is a number from 0 to 20; </claim-text><claim-text> with the provision that m+n+p &gt;0; </claim-text><claim-text> X is selected from Na<sup>+</sup>, K<sup>+</sup>, Mg<sup>2+</sup>, and NH<sub>4</sub><sup>+</sup>, </claim-text><claim-text> y is an integer 1 or 2; for the production of a foam at a temperature in the range of 100°C to 250°C. </claim-text></claim><claim id="clm-0002" num="2"><claim-text>2. Use according to claim 1 , wherein R is a linear alkyl chain having from 20 to 30 carbon atoms. </claim-text></claim><claim id="clm-0003" num="3"><claim-text>Use according to any of claim 1 or 2, wherein an aqueous composition comprising at least one linear alkylalkoxysulfonate according to formula (I) is used for production of foams. </claim-text></claim><claim id="clm-0004" num="4"><claim-text>Use according to any of claims 1 to 3, wherein an aqueous composition comprising the following components is used: </claim-text><claim-text> 10-99.99 % (w/w) water, <!-- EPO <DP n="20"/>--> </claim-text><claim-text>0.01-10 % (w/w) of at least one linear alkylalkoxysulfonate according to formula (I), </claim-text><claim-text> 0-25 % (w/w) of at least one further additive. </claim-text></claim><claim id="clm-0005" num="5"><claim-text>5. Use according to any of claims 1 to 4, wherein the aqueous composition comprises as further additive at least one water-soluble inorganic salt in an amount of 0.01 to 25 % (w/w). </claim-text></claim><claim id="clm-0006" num="6"><claim-text>6. Use according to any of claims 1 to 5, wherein the aqueous composition com- prises as further additive 0.01 to 25 % (w/w) of at least one co-solvent selected from alcohol, ether and ester. </claim-text></claim><claim id="clm-0007" num="7"><claim-text>7. Use according to any of claims 1 to 6, wherein the aqueous composition comprising at least one linear alkylalkoxysulfonate according to formula (I) is used for production of foam at a temperature in the range of 150°C to 250°C and a pressure in the range of 1 to 100 bar. </claim-text></claim><claim id="clm-0008" num="8"><claim-text>8. Use according to any of claims 1 to 7, wherein the foam is used for washing and cleaning, formation of micro emulsions, metal production or oil recovery applica- tions. </claim-text></claim><claim id="clm-0009" num="9"><claim-text>9. Method of producing foams comprising the following steps: a) Preparation of an aqueous composition by adding at least one linear alkylalkoxysulfonate according to formula (I) in water </claim-text><claim-text> <img id="imgf000020_0001" he="26" wi="133" file="imgf000020_0001.tif" img-format="tif" img-content="drawing" orientation="portrait" inline="no"/> </claim-text><claim-text> wherein: </claim-text><claim-text> R<sup>1</sup> is a linear alkyl chain having from 14 to 36 carbon atoms;</claim-text><claim-text>R<sup>a</sup> is, independently for each of n alkoxy units, hydrogen or methyl;</claim-text><claim-text>R<sup>b</sup> is, independently for each of n alkoxy units, hydrogen or methyl; with the provision that for each of n alkoxy units at least one of R<sup>a</sup> or R<sup>b</sup> is not hydrogen; <!-- EPO <DP n="21"/>--> m is a number from 0 to 1 ; </claim-text><claim-text> n is a number from 0 to 10; </claim-text><claim-text> p is a number from 0 to 20; </claim-text><claim-text> with the provision that m+n+p &gt;0; </claim-text><claim-text> X is selected from Na<sup>+</sup>, K<sup>+</sup>, Mg<sup>2+</sup>, and NH<sub>4</sub><sup>+</sup>, </claim-text><claim-text> y is an integer 1 or 2; b) Optionally addition of at least one further additive to the aqueous composition; c) Contacting the aqueous composition with a gas; wherein the method is carried out at a temperature in the range of 100°C to 250°C. </claim-text></claim><claim id="clm-0010" num="10"><claim-text>10. Method according to claim 9, wherein contacting the aqueous composition with a gas (step c) is carried out by injection of a gas into the aqueous composition. </claim-text></claim><claim id="clm-0011" num="11"><claim-text>1 1. Method according to any of claim 9 or 10, wherein the gas used in step c is se- lected from nitrogen, carbon dioxide, steam, water vapour, natural gas, methane, ethane, propane, fuel gas, air and mixtures thereof. </claim-text></claim><claim id="clm-0012" num="12"><claim-text>12. Method according to any of claims 9 to 11 , wherein 0.01 to 10 % (w/w) of at least one co-surfactant is added as further additive to the aqueous composition. </claim-text></claim><claim id="clm-0013" num="13"><claim-text>13. Method according to any of claims 9 to 12, wherein contacting the aqueous composition with a gas is carried out at a temperature in the range of 150°C to 250°C.</claim-text></claim><claim id="clm-0014" num="14"><claim-text>14. Foamable aqueous composition comprising: 10 to 99.99 % (w/w) water, </claim-text><claim-text> 0.01 to 10 % (w/w) of at least one linear alkylalkoxysulfonate according to formula (I), <!-- EPO <DP n="22"/>--> R<sup>d</sup> R<sup>u</sup> </claim-text><claim-text> R^O-(C<sub>4</sub>H<sub>8</sub>) m -O-CH— CH- n -0-CH-CH<sub>2 J p</sub> SO, X </claim-text><claim-text>(I) wherein: </claim-text><claim-text> R<sup>1</sup> is a linear alkyl chain having from 20 to 36 carbon atoms; </claim-text><claim-text> R<sup>a</sup> is, independently for each of n alkoxy units, is hydrogen or methyl;</claim-text><claim-text>R<sup>b</sup> is, independently for each of n alkoxy units, is hydrogen or methyl; with the provision that for each of n alkoxy units at least one of R<sup>a</sup> or R<sup>b</sup> is not hydrogen; </claim-text><claim-text> m is a number from 0 to 10; </claim-text><claim-text> n is a number from 0 to 10; </claim-text><claim-text> p is a number from 0 to 20; </claim-text><claim-text> with the provision that m+n+p &gt;0; </claim-text><claim-text> X is selected from Na<sup>+</sup>, K<sup>+</sup>, Mg<sup>2+</sup>, and NH<sub>4</sub><sup>+</sup>, </claim-text><claim-text> y is an integer 1 or 2; </claim-text><claim-text>0 to 25 % (w/w) of one or more further additives. </claim-text></claim></claims><copyright>User acknowledges that Fairview Research LLC and its third party providers retain all right, title and interest in and to this xml under applicable copyright laws.  User acquires no ownership rights to this xml including but not limited to its format.  User hereby accepts the terms and conditions of the Licence Agreement</copyright></patent-document>
