<?xml version="1.0" encoding="UTF-8"?>
<patent-document ucid="EP-2681053-A1" country="EP" doc-number="2681053" kind="A1" date="20140108" family-id="45873147" file-reference-id="315082" date-produced="20180823" status="corrected" lang="FR"><bibliographic-data><publication-reference fvid="146586715" ucid="EP-2681053-A1"><document-id><country>EP</country><doc-number>2681053</doc-number><kind>A1</kind><date>20140108</date><lang>FR</lang></document-id></publication-reference><application-reference ucid="EP-12709903-A" is-representative="NO"><document-id mxw-id="PAPP154848907" load-source="docdb" format="epo"><country>EP</country><doc-number>12709903</doc-number><kind>A</kind><date>20120216</date><lang>FR</lang></document-id><document-id mxw-id="PAPP220440178" load-source="docdb" format="original"><country>EP</country><doc-number>12709903.4</doc-number><date>20120216</date></document-id></application-reference><priority-claims><priority-claim mxw-id="PPC140555696" ucid="FR-1100578-A" load-source="docdb"><document-id format="epo"><country>FR</country><doc-number>1100578</doc-number><kind>A</kind><date>20110228</date></document-id></priority-claim><priority-claim mxw-id="PPC140553531" ucid="FR-2012000059-W" linkage-type="W" load-source="docdb"><document-id format="epo"><country>FR</country><doc-number>2012000059</doc-number><kind>W</kind><date>20120216</date></document-id></priority-claim></priority-claims><technical-data><classifications-ipcr><classification-ipcr mxw-id="PCL2114895767" load-source="docdb">B41M   5/26        20060101ALI20140908BHEP        </classification-ipcr><classification-ipcr mxw-id="PCL2114896847" load-source="docdb">G06K  15/12        20060101ALI20140908BHEP        </classification-ipcr><classification-ipcr mxw-id="PCL2114902044" load-source="docdb">B42D  25/00        20140101ALI20140908BHEP        </classification-ipcr><classification-ipcr mxw-id="PCL2114903020" load-source="docdb">B42D  15/00        20060101ALI20140908BHEP        </classification-ipcr><classification-ipcr mxw-id="PCL2114906242" load-source="docdb">B41M   5/34        20060101AFI20140908BHEP        </classification-ipcr></classifications-ipcr><classifications-cpc><classification-cpc mxw-id="PCL-1853818181" load-source="docdb" scheme="CPC">B42D2033/18        20130101 LA20170126BHEP        </classification-cpc><classification-cpc mxw-id="PCL-1853818182" load-source="docdb" scheme="CPC">B42D2035/24        20130101 LA20170126BHEP        </classification-cpc><classification-cpc mxw-id="PCL-1853818183" load-source="docdb" scheme="CPC">B42D2033/20        20130101 LA20170126BHEP        </classification-cpc><classification-cpc mxw-id="PCL-2090241797" load-source="docdb" scheme="CPC">B41M   5/34        20130101 LI20150224BHEP        </classification-cpc><classification-cpc mxw-id="PCL-2090245895" load-source="docdb" scheme="CPC">B42D  25/00        20141001 LI20150224BHEP        </classification-cpc><classification-cpc mxw-id="PCL-2090246180" load-source="docdb" scheme="CPC">B41M   5/267       20130101 LI20150224BHEP        </classification-cpc><classification-cpc mxw-id="PCL-2090246349" load-source="docdb" scheme="CPC">B42D  25/29        20141001 LI20150224BHEP        </classification-cpc><classification-cpc mxw-id="PCL-2090246470" load-source="docdb" scheme="CPC">B42D  25/41        20141001 LI20150224BHEP        </classification-cpc><classification-cpc mxw-id="PCL1989632534" load-source="docdb" scheme="CPC">G06K  15/129       20130101 FI20131205BHEP        </classification-cpc></classifications-cpc><invention-title mxw-id="PT132364778" lang="DE" load-source="patent-office">VERFAHREN ZUR HERSTELLUNG EINES FARBIGEN LASERBILDES MIT HOHER REFLEKTIVITÄT UND DOKUMENT MIT AUF DIESE WEISE HERGESTELLTEM FARBIGEM LASERBILD</invention-title><invention-title mxw-id="PT132364779" lang="EN" load-source="patent-office">METHOD FOR FORMING A COLOUR LASER IMAGE WITH A HIGH LEVEL OF REFLECTIVITY AND DOCUMENT ON WHICH A COLOUR LASER IMAGE IS PRODUCED IN THIS WAY</invention-title><invention-title mxw-id="PT132364780" lang="FR" load-source="patent-office">PROCEDE DE FORMATION D'UNE IMAGE LASER COULEUR A HAUT RENDEMENT REFLECTIF ET DOCUMENT SUR LEQUEL UNE IMAGE LASER COULEUR EST AINSI REALISEE</invention-title></technical-data><parties><applicants><applicant mxw-id="PPAR919533311" load-source="docdb" sequence="1" format="epo"><addressbook><last-name>LAZZARI JEAN-PIERRE</last-name><address><country>FR</country></address></addressbook></applicant><applicant mxw-id="PPAR919540835" load-source="docdb" sequence="1" format="intermediate"><addressbook><last-name>LAZZARI, JEAN-PIERRE</last-name></addressbook></applicant><applicant mxw-id="PPAR919018234" load-source="patent-office" sequence="1" format="original"><addressbook><last-name>Lazzari, Jean-Pierre</last-name><iid>101078405</iid><address><street>5 chemin de l'Aurore</street><city>83120 Sainte Maxime</city><country>FR</country></address></addressbook></applicant><applicant mxw-id="PPAR919521639" load-source="docdb" sequence="2" format="epo"><addressbook><last-name>LAZZARI JEAN MARC</last-name><address><country>FR</country></address></addressbook></applicant><applicant mxw-id="PPAR919512590" load-source="docdb" sequence="2" format="intermediate"><addressbook><last-name>LAZZARI, JEAN MARC</last-name></addressbook></applicant><applicant mxw-id="PPAR919009397" load-source="patent-office" sequence="2" format="original"><addressbook><last-name>Lazzari, Jean Marc</last-name><iid>101276767</iid><address><street>9 bis rue de la Borne</street><city>78690 Saint Rémy l'Honoré</city><country>FR</country></address></addressbook></applicant></applicants><inventors><inventor mxw-id="PPAR919521432" load-source="docdb" sequence="1" format="epo"><addressbook><last-name>LAZZARI JEAN-PIERRE</last-name><address><country>FR</country></address></addressbook></inventor><inventor mxw-id="PPAR919540708" load-source="docdb" sequence="1" format="intermediate"><addressbook><last-name>LAZZARI, JEAN-PIERRE</last-name></addressbook></inventor><inventor mxw-id="PPAR919005715" load-source="patent-office" sequence="1" format="original"><addressbook><last-name>LAZZARI, JEAN-PIERRE</last-name><address><street>5 chemin de l'Aurore</street><city>83120 Sainte Maxime</city><country>FR</country></address></addressbook></inventor><inventor mxw-id="PPAR919535906" load-source="docdb" sequence="2" format="epo"><addressbook><last-name>LAZZARI JEAN MARC</last-name><address><country>FR</country></address></addressbook></inventor><inventor mxw-id="PPAR919532312" load-source="docdb" sequence="2" format="intermediate"><addressbook><last-name>LAZZARI, JEAN MARC</last-name></addressbook></inventor><inventor mxw-id="PPAR919015480" load-source="patent-office" sequence="2" format="original"><addressbook><last-name>LAZZARI, JEAN MARC</last-name><address><street>9 bis rue de la Borne</street><city>78690 Saint Rémy l'Honoré</city><country>FR</country></address></addressbook></inventor></inventors><agents><agent mxw-id="PPAR919009980" load-source="patent-office" sequence="1" format="original"><addressbook><last-name>Delumeau, François Guy</last-name><suffix>et al</suffix><iid>100766084</iid><address><street>Cabinet Beau de Loménie 158, rue de l'Université</street><city>75340 Paris Cedex 07</city><country>FR</country></address></addressbook></agent></agents></parties><international-convention-data><pct-or-regional-filing-data ucid="FR-2012000059-W"><document-id><country>FR</country><doc-number>2012000059</doc-number><kind>W</kind><date>20120216</date><lang>FR</lang></document-id></pct-or-regional-filing-data><pct-or-regional-publishing-data ucid="WO-2012117168-A1"><document-id><country>WO</country><doc-number>2012117168</doc-number><kind>A1</kind><date>20120907</date><lang>FR</lang></document-id></pct-or-regional-publishing-data><designated-states><ep-contracting-states><country mxw-id="DS549775218" load-source="docdb">AL</country><country mxw-id="DS549844993" load-source="docdb">AT</country><country mxw-id="DS549775219" load-source="docdb">BE</country><country mxw-id="DS549763913" load-source="docdb">BG</country><country mxw-id="DS549764281" load-source="docdb">CH</country><country mxw-id="DS549858067" load-source="docdb">CY</country><country mxw-id="DS549844998" load-source="docdb">CZ</country><country mxw-id="DS549916204" load-source="docdb">DE</country><country mxw-id="DS549775220" load-source="docdb">DK</country><country mxw-id="DS549858068" load-source="docdb">EE</country><country mxw-id="DS549844164" load-source="docdb">ES</country><country mxw-id="DS549763914" load-source="docdb">FI</country><country mxw-id="DS549763915" load-source="docdb">FR</country><country mxw-id="DS549916205" load-source="docdb">GB</country><country mxw-id="DS549775229" load-source="docdb">GR</country><country mxw-id="DS549775230" load-source="docdb">HR</country><country mxw-id="DS549858069" load-source="docdb">HU</country><country mxw-id="DS549764282" load-source="docdb">IE</country><country mxw-id="DS549775231" load-source="docdb">IS</country><country mxw-id="DS549763916" load-source="docdb">IT</country><country mxw-id="DS549858078" load-source="docdb">LI</country><country mxw-id="DS549916206" load-source="docdb">LT</country><country mxw-id="DS549844999" load-source="docdb">LU</country><country mxw-id="DS549916207" load-source="docdb">LV</country><country mxw-id="DS549916208" load-source="docdb">MC</country><country mxw-id="DS549843415" load-source="docdb">MK</country><country mxw-id="DS549843416" load-source="docdb">MT</country><country mxw-id="DS549844165" load-source="docdb">NL</country><country mxw-id="DS549763929" load-source="docdb">NO</country><country mxw-id="DS549844170" load-source="docdb">PL</country><country mxw-id="DS549763930" load-source="docdb">PT</country><country mxw-id="DS549844171" load-source="docdb">RO</country><country mxw-id="DS549763931" load-source="docdb">RS</country><country mxw-id="DS549844172" load-source="docdb">SE</country><country mxw-id="DS549764283" load-source="docdb">SI</country><country mxw-id="DS549843417" load-source="docdb">SK</country><country mxw-id="DS549843422" load-source="docdb">SM</country><country mxw-id="DS549858079" load-source="docdb">TR</country></ep-contracting-states></designated-states></international-convention-data><office-specific-data><eptags><ep-no-a-document-published>*</ep-no-a-document-published></eptags></office-specific-data></bibliographic-data><abstract mxw-id="PA99835863" ref-ucid="WO-2012117168-A1" lang="EN" load-source="patent-office"><p num="0000">The image relates to a colour laser image with a high level of reflectivity. It comprises a laserable sheet of material (41), sub-pixels (52) in primary colours, the laser beam causing the grey shade levels of the colour image to appear by carbonisation, and a substrate (42). It is all laminated. The sub-pixels are separated by transparent zones T that increase the reflectivity and reinforce the white component of the personalised image. Layers of reflective varnish can reinforce the reflectivity. The invention is applicable to official documents.</p></abstract><abstract mxw-id="PA100331670" ref-ucid="WO-2012117168-A1" lang="EN" source="national office" load-source="docdb"><p>The image relates to a colour laser image with a high level of reflectivity. It comprises a laserable sheet of material (41), sub-pixels (52) in primary colours, the laser beam causing the grey shade levels of the colour image to appear by carbonisation, and a substrate (42). It is all laminated. The sub-pixels are separated by transparent zones T that increase the reflectivity and reinforce the white component of the personalised image. Layers of reflective varnish can reinforce the reflectivity. The invention is applicable to official documents.</p></abstract><abstract mxw-id="PA99835864" ref-ucid="WO-2012117168-A1" lang="FR" load-source="patent-office"><p num="0000">Image laser couleur à haut rendement réflectif. Elle comprend une feuille de matériau lasérisable (41), des sous pixels (52) aux couleurs primaires le faisceau laser faisant apparaître, par carbonisation, des niveaux de gris de l'image couleur, et un support (42). L'ensemble est laminé. Les sous pixels sont séparés par des zones transparentes T qui augmentent la réflectivité et renforcent la composante blanche de l'image personnalisée. Des couches de vernis réfléchissant peuvent renforcer la réflectivité. Application aux documents officiels.</p></abstract><abstract mxw-id="PA100331671" ref-ucid="WO-2012117168-A1" lang="FR" source="national office" load-source="docdb"><p>Image laser couleur à haut rendement réflectif. Elle comprend une feuille de matériau lasérisable (41), des sous pixels (52) aux couleurs primaires le faisceau laser faisant apparaître, par carbonisation, des niveaux de gris de l'image couleur, et un support (42). L'ensemble est laminé. Les sous pixels sont séparés par des zones transparentes T qui augmentent la réflectivité et renforcent la composante blanche de l'image personnalisée. Des couches de vernis réfléchissant peuvent renforcer la réflectivité. Application aux documents officiels.</p></abstract><description mxw-id="PDES51233114" ref-ucid="WO-2012117168-A1" lang="FR" load-source="patent-office"><!-- EPO <DP n="2"/>--><p id="p0001" num="0001">PROCEDE DE FORMATION D'UNE IMAGE LASER COULEUR A HAUT RENDEMENT REFLECTIF ET DOCUMENT SUR LEQUEL UNE IMAGE LASER COULEUR EST AINSI REALISEE </p><p id="p0002" num="0002">DESCRIPTIF </p><p id="p0003" num="0003"> Domaine d'application de l'invention: </p><p id="p0004" num="0004"> La présente invention concerne l'amélioration du rendement réflectif d'images laser couleur. Elle trouve des applications notamment dans les images d'identité dédiées aux documents officiels : cartes d'identité, cartes de crédit, cartes vital, </p><p id="p0005" num="0005">passeports, permis de conduire, badges d'entrée sécurisés, etc. </p><p id="p0006" num="0006"> Les couleurs primaires rouge, vert et bleu (RGB en abréviation, initiales de « red, green et blue » en terminologie anglaise) , sont obtenues par mélange à part égale de couleurs primaires jaune, magenta et cyan (YMC en abréviation, initiales de « yellow, magenta et cyan en terminologie anglaise). L'industrie de l'imprimerie utilise les couleurs primaires YMC. Ces couleurs sont dites soustractives , car si une surface jaune est imprimée sur une feuille de papier blanc, le bleu est absorbé, et l'œil dont les bâtonnets ne distinguent que le rouge, le vert, et le bleu, ne voit que du vert et du rouge. Pour une surface imprimée en magenta, le vert est absorbé, et l'œil voit du rouge et du bleu. Enfin pour une surface imprimée en cyan, le rouge est absorbé, et l'œil voit du vert et du bleu. </p><p id="p0007" num="0007"> Les couleurs RGB comprennent donc de fait les couleurs YMC dont elles sont issues. Ces triplets de couleurs, RGB ou YMC, sont dites indépendantes car le mélange de deux couleurs d'un même triplet, ne peut former la troisième couleur de ce triplet. Il existe 
<!-- EPO <DP n="3"/>-->
un grand nombre de couleurs indépendantes et donc un grand nombre de triplets de couleurs primaires. </p><p id="p0008" num="0008"> Si l'on imprime des petites surfaces juxtaposées, nommées par la suite « sous pixels » et si ces surfaces sont suffisamment petites, l'œil intègre les faisceaux lumineux issus de ces trois sous pixels, et voit une couleur qui est la </p><p id="p0009" num="0009">composition des faisceaux lumineux produits par la réflexion de la lumière blanche sur ces trois sous pixels. Cette composition est dite additive, car il n'y a pas de mélange de couleur, mais simple mélange de faisceaux lumineux colorés, issus des trois sous pixels. La même composition se fait avec n'importe quelle couleur primaire de sous pixels, notamment les couleurs RGB ou les couleurs YMC, dont l'espace colorimétrique est inclus dans celui du triplet RGB. Ainsi, la composition additive de sous pixels </p><p id="p0010" num="0010">imprimés avec des couleurs indépendantes est perçue par l'œil comme une couleur neutre, plus ou moins proche du blanc. </p><p id="p0011" num="0011"> Pour que la couleur blanche, apparaisse clairement, il est indispensable que les couleurs des sous pixels soient fortement éclairées. L' éclairement de ces couleurs pose parfois des difficultés </p><p id="p0012" num="0012">importantes, c'est la raison pour laquelle des dispositifs renforcent le blanc par addition d'une couleur blanche supplémentaire. </p><p id="p0013" num="0013">Etat de 1 ' art antérieur : </p><p id="p0014" num="0014"> Dès 1950, ce concept est apparu, comme décrit notamment dans le brevet GB 646642(A) dans lequel aux trois sources RGB d'un système d'illumination est proposé d'ajouter une quatrième source blanche W (initiale de « White » en terminologie anglaise) 
<!-- EPO <DP n="4"/>-->
 Depuis certains écrans LCD rajoutent un sous pixel blanc pour renforcer à la fois la luminosité, et la composante blanche des images. Les brevets US 6453067 de 2002, KR20040083648 , CN101763803, sont des exemples typiques choisis parmi environ 130 brevets existants en ce domaine. </p><p id="p0015" num="0015"> La demande de brevet n° FR 10 01415 portant le titre « Dispositif de personnalisation d'images latentes encastrées » déposée le 7 avril 2010, décrit une structure comprenant une matrice de pixels constitués de sous pixels aux couleurs primaires RGB, encastrée sous une couche de protection transparente. A l'aide d'un laser, des niveaux de gris sont créés dans les sous pixels RGB recouverts d'une surface non réfléchissante noire, au travers de la couche </p><p id="p0016" num="0016">transparente de protection. Ce traitement permet la personnalisation d'une image couleur de haute </p><p id="p0017" num="0017">qualité. Cette personnalisation d'image laser </p><p id="p0018" num="0018">couleurs trouve des applications notamment dans les cartes identitaires ou équivalents par exemple. </p><p id="p0019" num="0019"> L'image ainsi personnalisée, est observée par réflexion au travers de la couche transparente de protection. L'image personnalisée doit être </p><p id="p0020" num="0020">suffisamment réfléchissante, pour être observée en lumière ambiante, sans le recours à une source lumineuse additionnelle. </p><p id="p0021" num="0021"> Afin d'éviter le recours à cette source lumineuse additionnelle, il a été proposé dans La demande de brevet cité précédemment de rajouter un sous pixel blanc, (W) en plus des trois sous pixels</p><p id="p0022" num="0022">RGB, afin de renforcer à la fois la luminance de l'image, mais aussi sa composante blanche. Ainsi, il a été proposé que les quatre sous pixels RGBW forment par exemple un carré. Le sous pixel blanc couvre donc 
<!-- EPO <DP n="5"/>-->
le quart de la surface du pixel constitué des trois sous pixels RGB et du pixel blanc. </p><p id="p0023" num="0023">Bien qu'intéressante à certains égards, cette structure de sous pixels, peut présenter quelques inconvénients. En effet, la technologie d'impression des sous pixels, ne permet pas d'éviter un </p><p id="p0024" num="0024">recouvrement des couleurs RGBW ce qui peut générer une couleur grise préjudiciable à la qualité de l'image. Par ailleurs, les paramètres d'impression des couleurs, la qualité des encres utilisées, la réflectivité de ces encres, font qu'un rapport fixe de 25% de blanc (W) par rapport à la taille du pixel, n'est pas nécessairement le bon rapport pour générer une image de qualité. </p><p id="p0025" num="0025"> S' agissant de documents imprimés, d'autres couleurs ont été proposées pour imprimer les sous pixels, comme les couleurs YMC, qui comme nous l'avons vu précédemment, sont à la base des couleurs RGB. Par exemple, le brevet US 7,763,179 propose des sous pixels aux couleurs YMC recouverts par une couche blanche. Un laser sublime la couche blanche afin de laisser apparaître les sous pixels colorés sous jacents. </p><p id="p0026" num="0026"> Les mêmes problèmes de superposition des couleurs se retrouvent dans le procédé décrit par ce brevet. D'autre part, la réflectivité des couleurs au travers des ouvertures pratiquées dans la couche blanche supérieure est très faible. </p><p id="p0027" num="0027"> En fait, les inconvénients cités, se </p><p id="p0028" num="0028">manifestent quelle que soit la couleur des sous pixels : RGB, YMC, ou toute autre couleur. </p><p id="p0029" num="0029"> Nous appellerons par la suite sous pixels RGB, les sous pixels dont les couleurs répondent à la 
<!-- EPO <DP n="6"/>-->
définition de couleurs indépendantes, et </p><p id="p0030" num="0030">correspondant aux couleurs détectées par les </p><p id="p0031" num="0031">bâtonnets RGB de l'œil humain. </p><p id="p0032" num="0032">Exposé de l' invention : </p><p id="p0033" num="0033"> La présente invention, a pour but de remédier aux inconvénients, de l'état de la technique, en améliorant le rendement réflectif et la luminosité des images. Pour ce faire, l'invention propose des géométries particulières des sous pixels imprimés par offset, ou jet d'encre, ou toute technique connue de l'homme de l'art, sur un matériau « lasérisable » transparent qui constitue également la couche de protection. On appellera par la suite matériau lasérisable, tout matériau qui noircit sous l'effet d'un faisceau laser. </p><p id="p0034" num="0034"> De façon plus précise, l'invention a pour objet un procédé de formation d'une image laser couleur à haut rendement réflectif à partir d'un assemblage comprenant une couche de protection, des pixels constitués de sous pixels imprimés aux </p><p id="p0035" num="0035">couleurs primaires et un support. L'impression des sous pixels est réalisée en séparant les sous pixels pour former une zone transparente non imprimée entre les sous pixels colorés renforçant la composante blanche de l'image personnalisée, la couche de protection étant transparente et en matériau </p><p id="p0036" num="0036">lasérisable. L'ensemble de la couche de protection, des sous pixels avec la zone transparente et du support est laminé. La feuille de matériau </p><p id="p0037" num="0037">lasérisable est ensuite partiellement carbonisée par l'effet d'un faisceau laser pour former des surfaces non réfléchissantes au-dessus des sous pixels et 
<!-- EPO <DP n="7"/>-->
produire des niveaux de gris d'une image </p><p id="p0038" num="0038">personnalisée. </p><p id="p0039" num="0039"> Des matériaux lasérisables sont, à titre d'exemples non limitatifs, des polycarbonates, certains polychlorures de vinyle traités, des </p><p id="p0040" num="0040">acrylonitr<sup>'</sup>ille-butadiène-styrènes traités, ou des poly-téréphtalates d'éthylène traités. Le matériau lasérisable est partiellement carbonisé par le laser pour former des niveaux de gris d'une image </p><p id="p0041" num="0041">personnalisée. </p><p id="p0042" num="0042"> Les surfaces des sous pixels imprimés n'étant pas adjacentes les unes aux autres, laissent </p><p id="p0043" num="0043">apparaître des surfaces non imprimées qui, par transparence et par réflexion sur une couche </p><p id="p0044" num="0044">réfléchissante sensiblement blanche, augmente la luminosité de l'image laser. </p><p id="p0045" num="0045"> Le degré de noircissement est rendu </p><p id="p0046" num="0046">proportionnel à l'énergie déposée par le laser, grâce à un logiciel de linéarisation, connu de l'homme de l'art. </p><p id="p0047" num="0047"> La carbonisation laser qui fait apparaître les niveaux de gris, est effectuée à la fois au dessus des sous pixels mais également au dessus des surfaces transparentes, « au-dessus » signifiant plus près de l'espace de visualisation. Ainsi, le contraste qui est le rapport de luminosité entre une image blanche et une image noire, est conservé. </p><p id="p0048" num="0048"> La feuille de matériau lasérisable </p><p id="p0049" num="0049">transparente, peut être avantageusement d'une </p><p id="p0050" num="0050">épaisseur comprise entre ΙΟμπι et 500μπι. Les sous pixels sont imprimés sur la feuille de matériau lasérisable, par offset, jet d'encre, ou toute autre technique. Les sous pixels sont organisés en colonnes 
<!-- EPO <DP n="8"/>-->
parallèles, ou en petites surfaces uniformément réparties . </p><p id="p0051" num="0051"> Dans la seconde étape de fabrication, appelée « laminage » la feuille de matériau lasérisable, est soudée à chaud sous pression sur le support du document emprisonnant la matrice de sous pixels, entre la feuille de matériau lasérisable, et le support, formant un fond sensiblement blanc qui apparaît entre les sous pixels. </p><p id="p0052" num="0052"> La personnalisation de l'image objet de l'invention, s'effectue alors à l'aide d'un faisceau laser qui carbonise dans son épaisseur la feuille de matériau lasérisable, selon des intensités ou des surfaces variables, au dessus de chaque sous pixel ou de chaque surface transparente non couverte par les couleurs des sous pixels, afin de faire apparaître les niveaux de gris de l'image définitive. Les surfaces transparentes entre chaque sous pixel, ont une surface déterminée par le concepteur de la matrice de sous pixels, afin d'augmenter la </p><p id="p0053" num="0053">réflectivité et le renforcement des blancs de 1* image personnalisée. La lumière ambiante, passant au travers de la feuille lasérisable transparente, et des surfaces transparentes non couvertes par les couleurs primaires se réfléchit sur un fond </p><p id="p0054" num="0054">sensiblement blanc du support. La luminosité de l'image est ainsi améliorée en accentuant les nuances de dominantes blanches. De plus, ces surfaces </p><p id="p0055" num="0055">transparentes non couvertes par les couleurs </p><p id="p0056" num="0056">primaires permettent une certaine marge d'erreur de positionnement des sous pixels colorés, et évite la superposition des couleurs primaires. </p><p id="p0057" num="0057"> Selon des modes de mise en œuvre particuliers : 
<!-- EPO <DP n="9"/>-->
 - les sous pixels sont imprimés sur la feuille de matériau lasérisable ; </p><p id="p0058" num="0058"> - les sous pixels sont imprimés sur le support</p><p id="p0059" num="0059">- des moyens réfléchissants et planarisant recouvrent la surface du matériau lasérisable en regard des sous pixels, ces derniers étant imprimés sur ces moyens ; </p><p id="p0060" num="0060"> - les sous pixels sont recouverts d'un moyen réfléchissant avant laminage ; </p><p id="p0061" num="0061"> - un moyen réfléchissant est déposé sur le support . </p><p id="p0062" num="0062"> Selon une variante de l'invention, les sous pixels en matrice ou en colonnes sont imprimés sur un support sensiblement blanc et recouverts par le matériau lasérisable. </p><p id="p0063" num="0063"> L'invention concerne également un document comportant une image laser réalisée par la mise en œuvre du procédé ci-dessus. Ce document comporte une feuille de matériau lasérisable servant de couche de protection, cette feuille étant au moins </p><p id="p0064" num="0064">partiellement carbonisée par un rayonnement laser, des pixels imprimés entre la feuille lasérisable et un support de document, ces pixels formant une image et comportant des sous pixels organisés en surfaces séparées par une zone transparente. La feuille lasérisable, les sous pixels séparés par la zone transparente et le support sont aptes à être laminés ensemble . </p><p id="p0065" num="0065"> Selon des modes de réalisation particuliers : - l'impression des sous pixels est réalisée sur une couche de vernis formée entre la feuille lasérisable et le support ; </p><p id="p0066" num="0066"> - une couche de vernis réfléchissant est apte à recouvrir les sous pixels; 
<!-- EPO <DP n="10"/>-->
 - le support présente une surface sensiblement blanche, en regard des sous pixels; </p><p id="p0067" num="0067"> - les sous pixels RGB sont organisés selon une configuration choisie parmi des colonnes parallèles séparées par des colonnes formant la zone </p><p id="p0068" num="0068">transparente, des formes géométriques finies, </p><p id="p0069" num="0069">réparties en ligne et en colonnes et séparées par un quadrillage formant la zone transparente, et des formes géométriques définies par groupe de sous pixels et ajustées en surface afin que l'intensité lumineuse réfléchie de chacun de ces groupes soit identique . </p><p id="p0070" num="0070">Présentation des figures : </p><p id="p0071" num="0071"> L' invention apparaîtra mieux après la description qui suit, donnée à titre explicatif et nullement limitatif. Cette description se réfère aux dessins annexés, sur lesquels : </p><p id="p0072" num="0072">—La figure 1 montre en vue frontale dans l'espace de visualisation, un pixel comprenant trois sous pixels R,G,B ainsi qu'un quatrième sous pixel blanc W, selon l'art antérieur ; </p><p id="p0073" num="0073">--La figure 2 montre en vue frontale, un pixel RGB plan constitués de trois sous pixels R, G, B formant chacun une colonne, ces colonnes étant séparées par des colonnes de surfaces transparentes —La figure 3 montre, en vue frontale, des pixels RGB constitués de sous pixels rectangulaires selon une matrice régulière, les sous pixels étant séparés par un quadrillage formé d'une surface transparente ; 
<!-- EPO <DP n="11"/>-->
 --La figure 4 montre, en vue frontale, des pixels RGB du type de la figure 3, avec des sous pixels de dimensions différentes ; </p><p id="p0074" num="0074">--La figure 5 montre, en section, l'assemblage prêt au laminage d'une feuille de matériau </p><p id="p0075" num="0075">lasérisable comprenant une impression de matrice R, G, B sur un support de carte ; </p><p id="p0076" num="0076">--La figure 6 montre, en section, une variante de réalisation de l'assemblage de la figure 5, dans laquelle une sous couche de vernis. réfléchissant est déposée sur la feuille lasérisable ayant une surface correspondant à celle la matrice R,G,B imprimée avant l'impression des couleurs de cette matrice et </p><p id="p0077" num="0077">laminage ; </p><p id="p0078" num="0078">--La figure 7 montre, en section, une autre variante de réalisation en référence à l'assemblage selon la figure 6, dans laquelle une couche de vernis réfléchissant recouvre la matrice d' impression des couleurs et avant laminage. </p><p id="p0079" num="0079">Description détaillée : </p><p id="p0080" num="0080"> La figure 1 montre un pixel 1 selon l'art antérieur décrit dans le brevet FR 10 01415 </p><p id="p0081" num="0081">précédemment cité. La surface des quatre sous pixels</p><p id="p0082" num="0082">RGBW sont adjacentes, comme pour la structure décrite par le brevet US 7,769,179 avec des. sous pixels YMC. Les sous pixels de la figure 1 sont partiellement recouverts de surfaces non réfléchissantes, par 
<!-- EPO <DP n="12"/>-->
carbonisation laser, formant ainsi les niveaux de gris d'une image personnalisée. Le sous pixel W est imprimé par une couleur blanche, afin d'améliorer le rendu du blanc de l'image personnalisée. Il couvre une surface fixe correspondant à 25% de la surface du sous pixel. </p><p id="p0083" num="0083"> La figure 2 montre un exemple de structure (2) selon l'invention, à savoir des sous pixels RGB constituée respectivement de colonnes C1,C2,C3 </p><p id="p0084" num="0084">parallèles et alignées de même largeur et de même longueur dans l'exemple, imprimées respectivement aux couleurs RGB sur une feuille de matériau lasérisable transparent. Alternativement, la matrice peut être imprimée sur un support de carte avant d' être laminée avec la feuille lasérisable. </p><p id="p0085" num="0085"> Les colonnes Cl, C2, C3 sont séparées par des zones T non imprimées c'est-à-dire transparentes. Le faisceau laser qui réalise les niveaux de gris par carbonisation de la feuille lasérisable transparente, pour former une image personnalisée, balaye les colonnes Cl, C2, C3 dans le sens de leur longueur. Ainsi les sous pixels ont une largeur égale à la largeur des colonnes Cl, C2, C3, et une longueur variable, selon<sup>'</sup> la longueur de la carbonisation laser reproduisant l'image à personnaliser. </p><p id="p0086" num="0086"> Les zones transparentes T entre chaque colonne Cl, C2, C3 ont une largeur prédéfinie par le concepteur de la matrice, afin d'optimiser le </p><p id="p0087" num="0087">compromis entre la luminosité de l'image, qui est proportionnelle à la largeur des zones T, et la perte de couleur, produite par réduction de la largeur des colonnes imprimées Cl, C2, C3. La largeur des zones T transparentes, entre deux colonnes Cl, C2, C3 peut 
<!-- EPO <DP n="13"/>-->
s'étendre entre quelques pourcents et 90 pourcent de la surface des colonnes Cl, C2, C3. </p><p id="p0088" num="0088"> La carbonisation laser au sein de la feuille lasérisable génère des surfaces non réfléchissantes, qui peuvent recouvrir partiellement les colonnes Cl,</p><p id="p0089" num="0089">C2, C3, selon les niveaux de gris recherchés. Cette carbonisation peut également recouvrir tout ou partie des zones transparentes T afin de produire des nuances de noir plus ou moins prononcées de l'image. Le contraste de l'image finale personnalisée est donc très élevé. </p><p id="p0090" num="0090"> L'impression des couleurs R,G,B sur la feuille de matériau lasérisable, ou sur le support de carte, produit les colonnes Cl, C2, C3 avec une certaine incertitude sur la précision du bord de ces colonnes.</p><p id="p0091" num="0091">S'il n'y avait pas les zones transparentes T, alors il pourrait se produire des chevauchements de </p><p id="p0092" num="0092">couleurs entre deux colonnes, qui seraient </p><p id="p0093" num="0093">préjudiciables à la qualité de l'image personnalisée. II en est de même de la précision des tirs laser, qui sans ces zones T pourraient noircir des sous pixels adjacents, modifiant la couleur résultante du pixel concerné. Les zones transparentes (T) selon </p><p id="p0094" num="0094">l'invention, permettent donc d'éviter ces </p><p id="p0095" num="0095">inconvénients. </p><p id="p0096" num="0096"> La figure 3 montre une matrice RGB (30) comportant des sous pixels ayant une géométrie prédéfinie, qui est rectangulaire, dans l'exemple de la figure 3. Mais toutes autres formes géométriques régulières et prédéfinies peuvent être utilisées, selon l'invention, comme les formes carrées, </p><p id="p0097" num="0097">hexagonales, losanges, ou circulaires, par exemple. Contrairement à la structure colonnaire de la figure 2, chaque sous pixel a une surface définie. Chaque 
<!-- EPO <DP n="14"/>-->
sous pixel est séparé de ses voisins par une zone non imprimée, c'est-à-dire transparente T formant un quadrillage. La largeur des zones transparentes T de ce quadrillage peut être différente « en colonne » selon le sens vertical de la figure 3, ou « en ligne » selon le sens horizontal de cette même figure. Cela dépend des précisions d'impression selon les sens indiqués précédemment. Les mêmes critères sur le rapport des surfaces des zones transparentes T et des zones colorées s'appliquent sur la structure des figures 2 et 3. </p><p id="p0098" num="0098"> La figure 4 montre également un ensemble de sous pixels (40) formé d'une matrice de sous pixels RGB séparés par des zones transparentes T. Dans cet exemple de mise en œuvre de l'invention, les </p><p id="p0099" num="0099">dimensions de certains groupes de sous pixels n'est pas identique à celle d'autres groupes de sous pixels : la surface des sous pixels B rectangulaires du groupe (G3) est ainsi supérieure à celle des sous pixels rectangulaires R du groupe (Gl) et G du groupe (G2). La couleur des sous pixels est vue par </p><p id="p0100" num="0100">l'observateur par réflexion. Le pouvoir réfléchissant des sous pixels, est fonction d'un grand nombre de paramètres : la nature même de l'encre utilisée, la rugosité de surface sur laquelle l'encre est déposée, la rugosité de surface de l'encre elle-même, etc. </p><p id="p0101" num="0101"> « Lorsque la matrice de sous pixels n'est pas encore personnalisée par la carbonisation laser, elle devrait apparaître uniformément claire. En réalité c'est très rarement le cas, à cause justement des paramètres énumérés précédemment. Elle apparaît souvent sous une teinte légèrement rosée, ou bleu pâle ». 
<!-- EPO <DP n="15"/>-->
 Selon l'invention, la surface de certains groupes de sous pixels est avantageusement ajustée afin que l'intensité lumineuse réfléchie par chaque groupe de sous pixels Gl, G2, G3 soit identique. Un exemple d'ajustement est donné à la figure 4, ou les sous pixels B du groupe G3 ont une surface plus grande que celle des sous pixels rouges R du groupe Gl et des sous pixels G du groupe G2. Mais toute autre combinaison entre ces surfaces peut être mise en œuvre sans sortir du cadre de l'invention. </p><p id="p0102" num="0102">La figure 5 montre en coupe l'assemblage (50) à feuille lasérisable (41) laminé sur un support de carte (42). La matrice de sous pixels RGB (52) ainsi que les zones transparentes T, sont formées entre la feuille de matériau lasérisable (41) et le support de carte (42) . </p><p id="p0103" num="0103"> Un faisceau laser par carbonisation génère des zones sombres ou noires dans l'épaisseur de la </p><p id="p0104" num="0104">feuille transparente de matériau lasérisable (41).</p><p id="p0105" num="0105">Ces zones obstruent partiellement la réflexion de la lumière ambiante qui les traverse, et qui se </p><p id="p0106" num="0106">réfléchit soit sur les surfaces R,G,B soit sur la surface du support de carte (42). </p><p id="p0107" num="0107"> La figure 6 montre une variante (60) de l'invention. Avant l'impression des couleurs R,G,B sur la feuille de matériau lasérisable (41) une couche de vernis hautement réfléchissant et </p><p id="p0108" num="0108">transparente (51) est déposée directement sur cette feuille (41), en une surface correspondant à celle de la matrice de sous pixels (RGB 52). Puis la matrice (52) de sous pixels RGB est imprimée sur la couche de vernis (51), rendant la surface des sous pixels 
<!-- EPO <DP n="16"/>-->
exposés à l'observateur très brillante, avec un taux de réflectivité accru. </p><p id="p0109" num="0109"> Le vernis (51) est transparent, ce qui permet à la lumière ambiante de le traverser, et de se réfléchir au travers des zones T transparentes. La couche de vernis (51) forme une couche planarisante . La surface de la feuille de matériau lasérisable (41) sur laquelle la matrice (52) de sous pixels RGB est imprimée, présente parfois une rugosité qui limite la qualité de la réflectivité des couleurs R,G,B. La surface du vernis planarisante est très lisse, ce qui favorise encore la réflectivité des couleurs R,G,B. </p><p id="p0110" num="0110"> La figure 7 montre une autre variante selon l'invention en référence au mode de réalisation illustré à la figure 6. En plus, ou encore </p><p id="p0111" num="0111">alternativement selon une autre variante de la couche de vernis (51) de la figure 6, et après l'impression de la matrice (52) de sous pixels RGB sur la feuille de matériau lasérisable (41), une couche réfléchissante (61) est déposée sur la matrice (52) de sous pixels RGB avant que la feuille de matériau lasérisable ne soit assemblée par </p><p id="p0112" num="0112">laminage, au support de carte (42) . </p><p id="p0113" num="0113"> Cette couche (61) favorise encore la </p><p id="p0114" num="0114">réflectivité de la lumière ambiante, rendant l'image personnalisée encore plus claire et brillante. La couche (61) peut être constitué d'un vernis </p><p id="p0115" num="0115">réfléchissant, d'une encre réfléchissante, ou toute autre surface réfléchissante connue de l'homme de l'art, comme une feuille mince d'aluminium par exemple. Selon une alternative de l'invention, la couche (61) peut être déposée sur le support de carte (42) . Une partie de la lumière ambiante se réfléchit sur la surface des couleurs R, G, B mais une autre 
<!-- EPO <DP n="17"/>-->
partie pénètre au travers de ces couleurs, et se réfléchit sur la couche (61) ce qui augmente la réflectivité de l'image. 
</p></description><claims mxw-id="PCLM44852282" ref-ucid="WO-2012117168-A1" lang="FR" load-source="patent-office"><claim-statement><!-- EPO <DP n="18"/>-->REVENDICATIONS </claim-statement><claim id="clm-0001" num="1"><claim-text>1. Procédé de formation d'une image laser couleur à haut rendement réflectif à partir d'un assemblage comprenant une couche de protection (41), des pixels constitués de sous pixels (RGB,YMC) imprimés aux couleurs primaires (R,G,B ;Y,M,C), et un support (42), caractérisé en ce que l'impression des sous pixels (RGB, YMC) est réalisée en séparant les sous pixels pour former une zone transparente (T) non imprimée entre les sous pixels (RGB, YMC) et renforçant la composante blanche de l'image </claim-text><claim-text>personnalisée, la couche de protection étant </claim-text><claim-text>transparente et en matériau lasérisable (41) et en ce que l'ensemble de la couche de protection (41), des sous pixels (RGB, YMC) avec la zone transparente (T) et du support (42) est laminé, et dans lequel la feuille de matériau lasérisable (41) est </claim-text><claim-text>partiellement carbonisée par l'effet d'un faisceau laser pour former des surfaces non réfléchissantes au-dessus des sous pixels (RGB, YMC) et produisant des niveaux de gris d'une image personnalisée. </claim-text></claim><claim id="clm-0002" num="2"><claim-text>2. Procédé de formation d'une image laser couleur selon la revendication 1 dans lequel les sous pixels (RGB, YMC) sont imprimés sur la feuille de matériau lasérisable (41). </claim-text></claim><claim id="clm-0003" num="3"><claim-text>3. Procédé de formation d'une image laser couleur selon la revendication 1 dans lequel les sous pixels (RGB, YMC) sont imprimés sur le support (42) . <!-- EPO <DP n="19"/>--> </claim-text></claim><claim id="clm-0004" num="4"><claim-text>4. Procédé de formation d'une image laser couleur selon l'une des revendications 1 ou 3, dans lequel des moyens réfléchissants et planarisant (51) recouvrent la surface du matériau lasérisable (41) en une surface correspondante à celle de la matrice</claim-text><claim-text>(52) de sous pixels (RGB, YMC) ces derniers étant imprimés sur ces moyens (51). </claim-text></claim><claim id="clm-0005" num="5"><claim-text>5. Procédé de formation d'une image laser couleur selon l'une quelconque des revendications à 4, dans lequel la matrice (52) de les sous pixel (RGB, YMC) est recouverte d'un moyen réfléchissant (61) avant laminage. </claim-text></claim><claim id="clm-0006" num="6"><claim-text>6. Procédé de formation d'une image laser couleur selon la revendication 5, dans lequel un moyen réfléchissant (61) est déposé sur le support (42)</claim-text></claim><claim id="clm-0007" num="7"><claim-text>7. Document comportant une image laser couleur réalisée par la mise en œuvre du procédé selon l'une quelconque des revendications précédentes, </claim-text><claim-text>caractérisé en ce que ce document comporte une feuille de matériau lasérisable (41) servant de couche de protection, cette feuille étant au moins partiellement carbonisée par un rayonnement laser, des pixels imprimés entre la feuille lasérisable (41) et un support de document (42) ces pixels formant une image et comportant des sous pixels (RGB, YMC) organisés en surfaces séparées par une zone transparente (T) , et en ce que la feuille lasérisable (41) les sous pixels (RGB, YMC) séparés par la zone transparente (T) et le support (42) sont aptes à être laminés ensemble. <!-- EPO <DP n="20"/>--> </claim-text></claim><claim id="clm-0008" num="8"><claim-text>8. Document selon la revendication précédente, dans lequel l'impression des sous pixels (RGB, YMC) est réalisée sur une couche de vernis (51) formée sur la feuille lasérisable (41). </claim-text></claim><claim id="clm-0009" num="9"><claim-text>9. Document selon la revendication précédente, dans lequel une couche de vernis réfléchissant (61) est apte à recouvrir les sous pixels (RGB, YMC) . </claim-text></claim><claim id="clm-0010" num="10"><claim-text> 10. Document selon l'une quelconque des </claim-text><claim-text>revendications 6 à 8, dans lequel le support (42) présente une surface sensiblement blanche, en regard des sous pixels (RGB, YMC) </claim-text></claim><claim id="clm-0011" num="11"><claim-text>11. Document selon l'une quelconque des </claim-text><claim-text>revendications 7 à 10, dans lequel les sous pixels RGB sont organisés selon une configuration choisie parmi des colonnes parallèles (Cl, C2, C3), séparées par des colonnes formant la zone transparente (T) , des formes géométriques finies, réparties en ligne et en colonnes et séparées par un quadrillage formant la zone transparente (T) et des formes géométriques définies par groupe de sous pixels (Gl), (G2) , (G3) et ajustées en surface afin que l'intensité lumineuse réfléchie de chacun de ces groupes soit identique. </claim-text></claim></claims><copyright>User acknowledges that Fairview Research LLC and its third party providers retain all right, title and interest in and to this xml under applicable copyright laws.  User acquires no ownership rights to this xml including but not limited to its format.  User hereby accepts the terms and conditions of the Licence Agreement</copyright></patent-document>
