<?xml version="1.0" encoding="UTF-8"?>
<patent-document ucid="EP-2678046-A1" country="EP" doc-number="2678046" kind="A1" date="20140101" family-id="45774139" file-reference-id="315082" date-produced="20180826" status="corrected" lang="DE"><bibliographic-data><publication-reference fvid="146551425" ucid="EP-2678046-A1"><document-id><country>EP</country><doc-number>2678046</doc-number><kind>A1</kind><date>20140101</date><lang>DE</lang></document-id></publication-reference><application-reference ucid="EP-12706472-A" is-representative="NO"><document-id mxw-id="PAPP154825348" load-source="docdb" format="epo"><country>EP</country><doc-number>12706472</doc-number><kind>A</kind><date>20120224</date><lang>DE</lang></document-id><document-id mxw-id="PAPP220438400" load-source="docdb" format="original"><country>EP</country><doc-number>12706472.3</doc-number><date>20120224</date></document-id></application-reference><priority-claims><priority-claim mxw-id="PPC140450625" ucid="DE-102011012394-A" load-source="docdb"><document-id format="epo"><country>DE</country><doc-number>102011012394</doc-number><kind>A</kind><date>20110225</date></document-id></priority-claim><priority-claim mxw-id="PPC140453217" ucid="EP-2012000808-W" linkage-type="W" load-source="docdb"><document-id format="epo"><country>EP</country><doc-number>2012000808</doc-number><kind>W</kind><date>20120224</date></document-id></priority-claim></priority-claims><technical-data><classifications-ipcr><classification-ipcr mxw-id="PCL1988108404" load-source="docdb">A61L  12/14        20060101AFI20120914BHEP        </classification-ipcr><classification-ipcr mxw-id="PCL1988117993" load-source="docdb">B67C   7/00        20060101ALI20120914BHEP        </classification-ipcr><classification-ipcr mxw-id="PCL1988127073" load-source="docdb">B67C   3/26        20060101ALI20120914BHEP        </classification-ipcr><classification-ipcr mxw-id="PCL1988127235" load-source="docdb">B65B  55/02        20060101ALI20120914BHEP        </classification-ipcr><classification-ipcr mxw-id="PCL1988129023" load-source="docdb">B65D  41/00        20060101ALI20120914BHEP        </classification-ipcr><classification-ipcr mxw-id="PCL1988131974" load-source="docdb">B65D  39/00        20060101ALI20120914BHEP        </classification-ipcr></classifications-ipcr><classifications-cpc><classification-cpc mxw-id="PCL1988099063" load-source="docdb" scheme="CPC">A61L   2/14        20130101 FI20131203BHEP        </classification-cpc><classification-cpc mxw-id="PCL1988108563" load-source="docdb" scheme="CPC">B65D  51/24        20130101 LI20131203BHEP        </classification-cpc><classification-cpc mxw-id="PCL1988122800" load-source="docdb" scheme="CPC">A61L2202/23        20130101 LA20131203BHEP        </classification-cpc><classification-cpc mxw-id="PCL1988128993" load-source="docdb" scheme="CPC">B67C   7/0073      20130101 LI20131203BHEP        </classification-cpc><classification-cpc mxw-id="PCL1988130472" load-source="docdb" scheme="CPC">B65D  81/28        20130101 LA20131203BHEP        </classification-cpc><classification-cpc mxw-id="PCL1988134708" load-source="docdb" scheme="CPC">B65B  55/10        20130101 LI20131203BHEP        </classification-cpc></classifications-cpc><invention-title mxw-id="PT132186759" lang="DE" load-source="patent-office">DESINFEKTIONSEINRICHTUNG, BEHÄLTER, VERWENDUNG EINES BEHÄLTERS UND DESINFEKTIONSVERFAHREN ZUR DESINFEKTION EINES BEHÄLTERS, INSBESONDERE FÜR EINEN LEBENSMITTELBEHÄLTER</invention-title><invention-title mxw-id="PT132186760" lang="EN" load-source="patent-office">DISINFECTION APPLIANCE, CONTAINER, USE OF A CONTAINER AND DISINFECTION METHOD FOR DISINFECTING A CONTAINER, IN PARTICULAR FOR A FOOD CONTAINER</invention-title><invention-title mxw-id="PT132186761" lang="FR" load-source="patent-office">DISPOSITIF DE DÉSINFECTION, RÉCIPIENT, UTILISATION D'UN RÉCIPIENT ET PROCÉDÉ DE DÉSINFECTION POUR DÉSINFECTER UN RÉCIPIENT, NOTAMMENT UN RÉCIPIENT ALIMENTAIRE</invention-title><citations><non-patent-citations><nplcit><text>See references of WO 2012113568A1</text><sources><source mxw-id="PNPL67451994" load-source="docdb" name="SEA"/></sources></nplcit></non-patent-citations></citations></technical-data><parties><applicants><applicant mxw-id="PPAR918165860" load-source="docdb" sequence="1" format="epo"><addressbook><last-name>MAX PLANCK GESELLSCHAFT</last-name><address><country>DE</country></address></addressbook></applicant><applicant mxw-id="PPAR918138531" load-source="docdb" sequence="1" format="intermediate"><addressbook><last-name>MAX-PLANCK-GESELLSCHAFT ZUR FOERDERUNG DER WISSENSCHAFTEN E.V.</last-name></addressbook></applicant><applicant mxw-id="PPAR918993079" load-source="patent-office" sequence="1" format="original"><addressbook><last-name>Max-Planck-Gesellschaft zur Förderung der Wissenschaften e.V.</last-name><iid>100174034</iid><address><street>Hofgartenstrasse 8</street><city>80539 München</city><country>DE</country></address></addressbook></applicant></applicants><inventors><inventor mxw-id="PPAR918162296" load-source="docdb" sequence="1" format="epo"><addressbook><last-name>MORFILL GREGOR</last-name><address><country>DE</country></address></addressbook></inventor><inventor mxw-id="PPAR918160546" load-source="docdb" sequence="1" format="intermediate"><addressbook><last-name>MORFILL, GREGOR</last-name></addressbook></inventor><inventor mxw-id="PPAR918984581" load-source="patent-office" sequence="1" format="original"><addressbook><last-name>MORFILL, GREGOR</last-name><address><street>Heinar-Kipphardt-Weg 7</street><city>81927 München</city><country>DE</country></address></addressbook></inventor><inventor mxw-id="PPAR918134039" load-source="docdb" sequence="2" format="epo"><addressbook><last-name>ZIMMERMANN JULIA</last-name><address><country>DE</country></address></addressbook></inventor><inventor mxw-id="PPAR918148229" load-source="docdb" sequence="2" format="intermediate"><addressbook><last-name>ZIMMERMANN, JULIA</last-name></addressbook></inventor><inventor mxw-id="PPAR918992824" load-source="patent-office" sequence="2" format="original"><addressbook><last-name>ZIMMERMANN, JULIA</last-name><address><street>Oberföhringer Strasse 218</street><city>81925 Munchen</city><country>DE</country></address></addressbook></inventor></inventors><agents><agent mxw-id="PPAR918979370" load-source="patent-office" sequence="1" format="original"><addressbook><last-name>Gleiss, Alf-Olav</last-name><suffix>et al</suffix><iid>101065355</iid><address><street>Gleiss Große Schrell &amp; Partner Patentanwälte Rechtsanwälte Leitzstraße 45</street><city>D-70469 Stuttgart</city><country>DE</country></address></addressbook></agent></agents></parties><international-convention-data><pct-or-regional-filing-data ucid="EP-2012000808-W"><document-id><country>EP</country><doc-number>2012000808</doc-number><kind>W</kind><date>20120224</date><lang>DE</lang></document-id></pct-or-regional-filing-data><pct-or-regional-publishing-data ucid="WO-2012113568-A1"><document-id><country>WO</country><doc-number>2012113568</doc-number><kind>A1</kind><date>20120830</date><lang>DE</lang></document-id></pct-or-regional-publishing-data><designated-states><ep-contracting-states><country mxw-id="DS548816808" load-source="docdb">AL</country><country mxw-id="DS548928992" load-source="docdb">AT</country><country mxw-id="DS548816809" load-source="docdb">BE</country><country mxw-id="DS548933700" load-source="docdb">BG</country><country mxw-id="DS548866971" load-source="docdb">CH</country><country mxw-id="DS548935942" load-source="docdb">CY</country><country mxw-id="DS548928993" load-source="docdb">CZ</country><country mxw-id="DS548816810" load-source="docdb">DE</country><country mxw-id="DS548935943" load-source="docdb">DK</country><country mxw-id="DS548935944" load-source="docdb">EE</country><country mxw-id="DS548933717" load-source="docdb">ES</country><country mxw-id="DS548933701" load-source="docdb">FI</country><country mxw-id="DS548933706" load-source="docdb">FR</country><country mxw-id="DS548816811" load-source="docdb">GB</country><country mxw-id="DS548935945" load-source="docdb">GR</country><country mxw-id="DS548816812" load-source="docdb">HR</country><country mxw-id="DS548928998" load-source="docdb">HU</country><country mxw-id="DS548866972" load-source="docdb">IE</country><country mxw-id="DS548935946" load-source="docdb">IS</country><country mxw-id="DS548933707" load-source="docdb">IT</country><country mxw-id="DS548935947" load-source="docdb">LI</country><country mxw-id="DS548917960" load-source="docdb">LT</country><country mxw-id="DS548838235" load-source="docdb">LU</country><country mxw-id="DS548917961" load-source="docdb">LV</country><country mxw-id="DS548917966" load-source="docdb">MC</country><country mxw-id="DS548838236" load-source="docdb">MK</country><country mxw-id="DS548838237" load-source="docdb">MT</country><country mxw-id="DS548933718" load-source="docdb">NL</country><country mxw-id="DS548933708" load-source="docdb">NO</country><country mxw-id="DS548838238" load-source="docdb">PL</country><country mxw-id="DS548866973" load-source="docdb">PT</country><country mxw-id="DS548933719" load-source="docdb">RO</country><country mxw-id="DS548866974" load-source="docdb">RS</country><country mxw-id="DS548838239" load-source="docdb">SE</country><country mxw-id="DS548816813" load-source="docdb">SI</country><country mxw-id="DS548933709" load-source="docdb">SK</country><country mxw-id="DS548838240" load-source="docdb">SM</country><country mxw-id="DS548935948" load-source="docdb">TR</country></ep-contracting-states></designated-states></international-convention-data><office-specific-data><eptags><ep-no-a-document-published>*</ep-no-a-document-published></eptags></office-specific-data></bibliographic-data><abstract mxw-id="PA99626101" ref-ucid="WO-2012113568-A1" lang="DE" load-source="patent-office"><p num="0000">Die Erfindung betrifft eine Desinfektionseinrichtung (1) zur Desinfektion eines Innenraums eines Behälters (2), der zur Aufnahme eines Gegenstands, insbesondere einer verderblichen Ware (9) dient, bevorzugt eines Lebensmittelbehälters, wobei die Desinfektionseinrichtung (1) einen Plasmaapplikator (3) aufweist zur Applikation eines nicht-thermischen, atmosphärischen Plasma in den Innenraum des Behälters (2).</p></abstract><abstract mxw-id="PA99824620" ref-ucid="WO-2012113568-A1" lang="DE" source="national office" load-source="docdb"><p>Die Erfindung betrifft eine Desinfektionseinrichtung (1) zur Desinfektion eines Innenraums eines Behälters (2), der zur Aufnahme eines Gegenstands, insbesondere einer verderblichen Ware (9) dient, bevorzugt eines Lebensmittelbehälters, wobei die Desinfektionseinrichtung (1) einen Plasmaapplikator (3) aufweist zur Applikation eines nicht-thermischen, atmosphärischen Plasma in den Innenraum des Behälters (2).</p></abstract><abstract mxw-id="PA99626102" ref-ucid="WO-2012113568-A1" lang="EN" load-source="patent-office"><p num="0000">The invention relates to a disinfection appliance (1) for disinfecting an inner chamber of a container (2) which serves for receiving an article, in particular a perishable good (9), preferably a food container, wherein the disinfection appliance (1) has a plasma applicator (3) for application of a non-thermal atmospheric plasma to the inner chamber of the container (2).</p></abstract><abstract mxw-id="PA99824621" ref-ucid="WO-2012113568-A1" lang="EN" source="national office" load-source="docdb"><p>The invention relates to a disinfection appliance (1) for disinfecting an inner chamber of a container (2) which serves for receiving an article, in particular a perishable good (9), preferably a food container, wherein the disinfection appliance (1) has a plasma applicator (3) for application of a non-thermal atmospheric plasma to the inner chamber of the container (2).</p></abstract><abstract mxw-id="PA99626103" ref-ucid="WO-2012113568-A1" lang="FR" load-source="patent-office"><p num="0000">L'invention concerne un dispositif de désinfection (1) destiné à la désinfection de la cavité intérieure d'un récipient (2) qui sert à la réception d'un objet, notamment d'une denrée périssable (9), de préférence d'un récipient alimentaire, le dispositif de désinfection (1) comportant un applicateur plasma (3) pour appliquer un plasma atmosphérique non thermique dans la cavité intérieure du récipient (2).</p></abstract><abstract mxw-id="PA99824622" ref-ucid="WO-2012113568-A1" lang="FR" source="national office" load-source="docdb"><p>L'invention concerne un dispositif de désinfection (1) destiné à la désinfection de la cavité intérieure d'un récipient (2) qui sert à la réception d'un objet, notamment d'une denrée périssable (9), de préférence d'un récipient alimentaire, le dispositif de désinfection (1) comportant un applicateur plasma (3) pour appliquer un plasma atmosphérique non thermique dans la cavité intérieure du récipient (2).</p></abstract><description mxw-id="PDES50931505" ref-ucid="WO-2012113568-A1" lang="DE" load-source="patent-office"><!-- EPO <DP n="3"/>--><p id="p0001" num="0001"> Desinfektionseinrichtung, Behälter, Verwendung eines Behälters und Desinfektionsverfahren zur Desinfektion eines Behälters, insbesondere für einen Lebensmittelbehälter </p><p id="p0002" num="0002">BESCHREIBUNG </p><p id="p0003" num="0003">Die Erfindung betrifft eine Desinfektionseinrichtung zur Desinfektion eines Innenraums eines Behälters, der zur Aufnahme eines Gegenstands, insbesondere einer verderblichen Waren dient, bevorzugt eines Lebensmittelsbehälters. Die Erfindung betrifft auch einen Behälter, insbesondere zur Aufbewahrung einer verderblichen Ware, bevorzugt von Lebensmitteln, mit einer Behälteröffnung, sowie eine Verwendung dieses Behälters. Weiterhin umfasst die Erfindung ein entsprechendes Desinfektionsverfahren. </p><p id="p0004" num="0004">Bei der Verpackung von Gegenständen, die eine reduzierte Keimlast aufweisen müssen, weil sie beispielsweise verderblich sind, insbesondere von Lebensmitteln, in Behältern muss sichergestellt werden, dass der Innenraum der Behälter vor dem Einfüllen des jeweiligen Gegenstands weitgehend keimfrei ist, damit dieser während der anschließenden Lagerung im geschlossenen Zustand des Behälters aufgrund der verbliebenen Keime nicht vorzeitig verdirbt. Es ist deshalb aus dem Stand der Technik bekannt, insbesondere Lebensmittelbehälter vor dem Befüllen zu sterilisieren, um die Keimlast in den Lebensmittelbehältern auf ein akzeptables Maß zu verringern. Hierzu können die Lebensmittelbehälter mit Wasserstoffperoxid, Persäure und ultravioletter Strahlung behandelt werden, wie beispielsweise in EP 0 411 970 A1 beschrieben wird. </p><p id="p0005" num="0005">Nachteilig an dieser herkömmlichen Art der Sterilisierung von Behältern ist zunächst die Tatsache, dass zusätzliche Substanzen (z.B. 
<!-- EPO <DP n="4"/>-->
 Wasserstoffperoxid, Persäure) benötigt werden, die in aufwendiger Weise bereitgestellt und wieder entsorgt werden müssen. </p><p id="p0006" num="0006">Ein weiterer Nachteil der vorstehend beschriebenen herkömmlichen Art der Sterilisierung von Behältern ist die unbefriedigende Sterilisie- rungswirkung. </p><p id="p0007" num="0007">Schließlich entstehen bei dieser bekannten Art der Sterilisierung Rückstände, was Spülvorgänge erforderlich macht, um die Rückstände zu entfernen. </p><p id="p0008" num="0008">Der Erfindung liegt deshalb die Aufgabe zugrunde, eine verbesserte Desinfektionseinrichtung bzw. ein entsprechend verbessertes Desinfektionsverfahren zur Desinfektion von Behältern, insbesondere Lebensmittelbehältern zu schaffen. Der Erfindung liegt weiterhin die Aufgabe zugrunde, einen Behälter zu schaffen, der eine verbesserte Desinfektion von in ihm angeordneten Gegenständen ermöglicht. Der Erfindung liegt auch die Aufgabe zugrunde, eine Verwendung eines solchen Behälters anzugeben. </p><p id="p0009" num="0009">Diese Aufgabe wird durch eine erfindungsgemäße Desinfektionseinrichtung, einen erfindungsgemäßen Behälter, eine erfindungsgemäße Verwendung des Behälters, und durch ein erfindungsgemäßes Desinfektionsverfahren gemäß den unabhängigen Ansprüchen gelöst. </p><p id="p0010" num="0010">Die Erfindung umfasst die allgemeine technische Lehre, den Innenraum eines Behälters (z.B. eines Lebensmittelbehälters) durch ein nicht-thermisches, atmosphärisches Plasma zu desinfizieren. 
<!-- EPO <DP n="5"/>-->
 Der im Rahmen der Erfindung verwendete Begriff des Desinfizierens ist nicht auf seine fachsprachliche Bedeutung beschränkt, wonach im Rahmen der Desinfektion eine Keimreduktion um einen Faktor von mindestens 10<sup>5</sup> erfolgt. Vielmehr ist es im Rahmen der Erfindung auch möglich, dass im Rahmen der Desinfektion eine Sterilisation erfolgt, d.h. eine Keimreduktion um einen Faktor von mindestens 10<sup>6</sup>. Die Erfindung beansprucht jedoch auch Schutz für geringere oder größere Keimreduktionen, wobei die akzeptable, nach der Desinfektion verbleibende Keimlast von dem jeweiligen Anwendungsgebiet abhängt. </p><p id="p0011" num="0011">Bei einer Desinfektion eines Behälters wird der Behälter nach der Desinfektion in der Regel mit dem jeweiligen Gegenstand, insbesondere einer verderblichen Ware, bevorzugt mit einem Lebensmittel befüllt und dann mittels eines Verschlusses (z.B. Deckel, korkenähn- licher Verschluss, Schraubverschluss) verschlossen, um während der anschließenden Lagerung das Eindringen von Keimen zu verhindern. Der Plasmaapplikator der erfindungsgemäßen Desinfektionseinrichtung ist deshalb in einem bevorzugten Ausführungsbeispiel der Erfindung entsprechend dem normalen Verschluss der Behälter- Öffnung ausgebildet, so dass der Plasmaapplikator anstelle des Verschlusses auf die Behälteröffnung des Behälters aufgesetzt werden kann, um den Innenraum des Behälters zu desinfizieren. Der Plasmaapplikator weist bevorzugt an seiner Innenseite eine Austrittsöff- nung auf, um das nicht-thermische, atmosphärische Plasma in den Innenraum des Behälters abzugeben, während der Plasmaapplikator die Behälteröffnung verschließt. Ein solches Ausführungsbeispiel bietet den Vorteil, das sich in dem Innenraum des zu desinfizierenden Behälters eine große Plasmakonzentration mit einer entsprechend guten Desinfektionswirkung realisieren lässt, da die Behälter- 
<!-- EPO <DP n="6"/>-->
 Öffnung durch den Plasmaapplikator verschlossen wird, so dass das Plasma nicht aus dem eigentlichen Wirkungsbereich im Innenraum des Behälters entweichen kann. </p><p id="p0012" num="0012">Bei einem bevorzugten Ausführungsbeispiel bildet der Verschluss des Plasmaapplikators einen Verschlussdeckel, der auf die Behälteröffnung des zu desinfizierenden Behälters aufgesetzt werden kann. Der Plasmaapplikator kann also beispielsweise einem Schraubdeckel oder einem sonstigen, vorzugsweise herkömmlichen Deckel eines vorzugsweise normalen, handelsüblichen Behälters, insbesonde- re eines Lebensmittelbehälters, nachempfunden sein. </p><p id="p0013" num="0013">Hierbei kann es vorteilhaft sein, wenn der als Verschlussdeckel ausgebildete Plasmaapplikator einen Außenquerschnitt aufweist, der sich in Bezug auf den Behälter von außen nach innen verjüngt, so dass der Verschlussdeckel auf verschieden große Behälteröffnungen passt. Der als Verschlussdeckel ausgebildete Plasmaapplikator ragt dann entsprechend dem Querschnitt der Behälteröffnung unterschiedlich tief in den Behälter hinein. Vorzugsweise kann der von dem Plasmaapplikator nachgebildete Verschlussdeckel hierzu einen trapezförmigen Querschnitt aufweisen. Bei einem anderen Ausführungsbeispiel bildet der von dem Plasmaapplikator nachgebildete Verschluss einen Verschlussstopfen (z.B. korkenähnlich), der in die Behälteröffnung des zu desinfizierenden Behälters eingeführt werden kann. Bei dem Behälter kann es sich also auch um eine Flasche handeln. Der von dem Plasmaapplikator nachgebildete Verschluss kann also wahlweise auf die Behälteröffnung aufgesetzt und/oder in die Behälteröffnung eingeführt werden. Darüber hinaus bestehen im Rahmen 
<!-- EPO <DP n="7"/>-->
 der Erfindung verschiedene weitere Möglichkeiten zum Aufbringen des von dem Plasmaapplikator nachgebildeten Verschlusses auf die Behälteröffnung des zu desinfizierenden Behälters. Beispielsweise kann der Verschluss auf die Behälteröffnung aufgeschraubt bzw. eingeschraubt werden. Die Erfindung ist also hinsichtlich der mechanischen Verbindung zwischen dem durch den Plasmaapplikator nachgebildeten Verschluss und der Behälteröffnung des zu desinfizierenden Behälters nicht auf die vorstehend beschriebenen Beispiele beschränkt. In einer vorteilhaften Weiterbildung der erfindungsgemäßen Desinfektionseinrichtung weist der Plasmaapplikator eine ringförmige Elektrodenanordnung zur Erzeugung des nicht-thermischen, atmosphärischen Plasmas auf, wobei sich die ringförmige Elektrodenanordnung entlang dem Umfangsrand der Behälteröffnung erstreckt, so dass die ringförmige Elektrodenanordnung den Umfangsrand der Behälteröffnung desinfiziert. Dies ist vorteilhaft, weil der hervorstehende Umfangsrand der Behälteröffnung insbesondere bei Getränkebehältern oftmals einer erhöhten Keimlast ausgesetzt ist und deshalb besonders gründlich desinfiziert werden sollte. Bei einem bevorzugten Ausführungsbeispiel der Erfindung weist der Plasmaapplikator eine elektrisch betriebene Plasmaquelle zur Erzeugung des nicht-thermischen atmosphärischen Plasmas auf. Derartige elektrisch betriebene Plasmaquellen sind an sich aus dem Stand der Technik bekannt und müssen deshalb nicht näher be- schrieben werden. Lediglich beispielhaft wird jedoch auf WO 2010/094304 A1 , WO 2010/034451 A1 , WO 2010/022871 A1 , WO 2008/138504 A1 , WO 2007/031250 A1 , WO 2010/094307 A1 und EP 10 013 940.1 verwiesen, so dass deren Inhalt der vorliegenden Be- 
<!-- EPO <DP n="8"/>-->
 Schreibung hinsichtlich des Aufbaus und der Funktionsweise einer elektrisch betriebenen Plasmaquelle in vollem Umfang zuzurechnen ist. Die Plasmaquelle kann also beispielsweise eine SMD-Elektrode (SMD: Surface micro discharge), eine SSS-Elektrode (SSS: Seif ste- rilizing surface) oder eine DBD-Elektrode (DBD: Dielectric barrier discharge) zur Plasmaerzeugung aufweisen, wobei derartige Elektroden zur Plasmaerzeugung an sich aus dem Stand der Technik bekannt sind und deshalb nicht näher beschrieben werden müssen. </p><p id="p0014" num="0014">Darüber hinaus weist der Plasmaapplikator in der erfindungsgemä- ßen Desinfektionseinrichtung vorzugsweise auch eine integrierte elektrische Energiequelle auf, um die zum Betrieb der Plasmaquelle erforderliche elektrische Energie bereitzustellen. </p><p id="p0015" num="0015">Bei einem bevorzugten Ausführungsbeispiel der Erfindung handelt es sich bei der elektrischen Energiequelle um einen Piezogenerator, der mechanisch (z.B. manuell) betätigt werden kann und dadurch die zum Betrieb der Plasmaquelle erforderliche elektrische Energie erzeugt. Ein derartiger Piezogenerator erzeugt die elektrische Energie jedoch in der Regel in einem Format (Spannung, Impulsdauer, etc.), das nicht notwendig unmittelbar zur Speisung der Plasmaquelle ge- eignet ist. Der erfindungsgemäße Plasmaapplikator weist deshalb vorzugsweise auch einen Konverter auf, der eingangsseitig mit dem Piezogenerator und ausgangsseitig mit der Plasmaquelle verbunden ist, wobei der Konverter die von dem Piezogenerator gelieferte elektrische Energie in die für den Betrieb der Plasmaquelle benötigte elektrische Energie umwandelt. Darüber hinaus umfasst der Plasmaapplikator in der erfindungsgemäßen Desinfektionseinrichtung vorzugsweise auch ein Betätigungsglied, das mechanisch mit dem Piezogenerator gekoppelt ist, so dass der Piezogenerator betätigt 
<!-- EPO <DP n="9"/>-->
 werden kann, um die zum Betrieb der Plasmaquelle erforderliche elektrische Energie zu erzeugen. Dieses mechanische Betätigungsglied wird vorzugsweise manuell betätigt, indem beispielsweise ein Druckknopf niedergedrückt wird, wie es beispielsweise von her- kömmlichen Feuerzeugen im Prinzip bekannt ist. Eine andere Variante eines manuellen Betätigungsgliedes ist eine Drehkurbel, welche den Piezogenerator aktiviert. Die Erfindung ist jedoch nicht auf manuelle Betätigungsglieder beschränkt, sondern grundsätzlich auch mit anderen mechanischen Betätigungsgliedern realisierbar, die von einem Benutzer betätigt werden können. So können beispielsweise auch andere Typen von sogenannten Energy-Harvesting- Energiequellen eingesetzt werden, die beispielsweise in EP 10 013 940.1 beschrieben werden, so dass der Inhalt dieser Druckschrift der vorliegenden Beschreibung hinsichtlich der einsetzbaren Typen von Energy-Harvesting-Energiequellen in vollem Umfang zuzurechnen ist. </p><p id="p0016" num="0016">Bei der elektrischen Energiequelle zum Betreiben der Plasmaquelle kann es sich jedoch auch um einen elektrischen Generator, eine Batterie (z.B. Akkumulator), eine Solarzelle oder einen Netzanschluss handeln, der mit einem elektrischen Stromnetz verbunden werden kann. </p><p id="p0017" num="0017">Es wird auch eine Desinfektionsvorrichtung bevorzugt, die sich dadurch auszeichnet, dass der Plasmaapplikator in seiner äußeren Form einem normalen Verschlussdeckel oder einem normalen Ver- schlussstopfen für einen herkömmlichen Behälter, insbesondere für einen Lebensmittelbehälter, vorzugsweise für eine Flasche, nachempfunden ist. Der Plasmaapplikator kann damit auf einen herkömmlichen, handelsüblichen Behälter aufgesetzt und als Deckel für 
<!-- EPO <DP n="10"/>-->
 diesen verwendet werden. Dabei ist es möglich, den Plasmaapplika- tor ausschließlich zu Desinfektions- oder Sterilisationszwecken auf den Behälter aufzusetzen, ihn anschließend zu entfernen und durch einen normalen, dem Behälter herkömmlicherweise zugeordneten Verschlussdeckel oder Verschlusstopfen zu ersetzen. Es ist jedoch auch möglich, den Plasmaapplikator dauerhaft auf dem Behälter zu belassen, so dass der Behälter durch den Plasmaapplikator dicht verschlossen wird. Bevorzugt ist der Plasmaapplikator dafür auf einen bestimmten Behälter abgestimmt. Er kann beispielsweise als Schraubverschluss ausgebildet sein. Vorzugsweise ist es möglich, den Behälter mit dem Plasmaapplikator luftdicht zu verschließen, wozu dieser ein Dichtelement, beispielsweise eine Gummilippe aufweisen kann. </p><p id="p0018" num="0018">Es ist auch möglich, dass der Plasmaapplikator als Verschlussdeckel oder -stopfen für verschieden große und/oder verschieden geformte, beispielsweise zylindrische oder eckige Behälter ausgebildet ist. Er ist dann nicht auf einen bestimmten Behälter abgestimmt, sondern vielfältig in Zusammenhang mit verschiedenen Behältern einsetzbar. </p><p id="p0019" num="0019">Weist der als Verschlussdeckel oder -stopfen ausgebildete Plas- maapplikator einen sich von außen nach innen verjüngenden, vorzugsweise im Wesentlichen trapezförmigen Außenquerschnitt auf, passt er sich mit der sich verjüngenden Gestalt ohne Weiteres verschieden großen Behälteröffnungen an, beispielsweise Flaschen mit verschiedenen Halsdurchmessern, oder eckigen Behältern mit ver- schieden großer Öffnungsfläche, wobei er mehr oder weniger weit in eine Mündung des Behälters hineinragt, je nach dem an welcher Stelle der Außendurchmesser des Plasmaapplikators mit einem Außendurchmesser der Behältermündung übereinstimmt. Vorzugswei- 
<!-- EPO <DP n="11"/>-->
 se ist eine dann schräge Außenfläche des Plasmaapplikators als Dichtfläche ausgebildet, so dass der Behälter mit dem Plasmaappli- kator dicht verschlossen werden kann. Insbesondere ist es möglich, dass die Dichtfläche ein elastisches Material, beispielsweise Gummi, umfasst, um eine Dichtwirkung zu erzielen. Besonders bevorzugt ist der Behälter mithilfe des Plasmaapplikators luftdicht verschließbar. </p><p id="p0020" num="0020">Die Erfindung umfasst auch noch eine Desinfektionseinrichtung zur Desinfektion von Getränkebehältern, insbesondere Gläsern, Babyflaschen und/oder Bierkrügen, wobei die Desinfektionseinrichtung eine Aufnahme aufweist, in der ein Stempel verlagerbar ist. Die Aufnahme ist vorzugsweise wannenförmig ausgebildet. Der Stempel umfasst eine Plasmaquelle zumindest in einem Bereich, welcher mit einem Mündungsrand eines zu desinfizierenden Behälters zusammenwirkt. Demnach ist die Plasmaquelle bevorzugt ringförmig ausgebildet und/oder umfasst mindestens eine ringförmig ausgebildete Elektrode. Die Plasmaquelle ist durch Verlagerung des Stempels aktivierbar. Ein Getränkebehälter wird bevorzugt mit der Mündung nach unten auf den Stempel augesetzt. Dann wird der Stempel vorzugsweise durch einen Druck auf den Getränkebehälter verlagert, und die Plasmaquelle wird aktiviert, so dass insbesondere die Mündung des Behälters durch das entstehende Plasma behandelt, insbesondere desinfiziert wird. </p><p id="p0021" num="0021">Ähnliche Vorrichtungen sind für Getränkebehälter, insbesondere für Bierkrüge bekannt, wobei bei einem Druck auf einen Stempel Was- ser in den Bierkrug gespritzt wird. Bei dem vorliegenden Ausführungsbeispiel der Desinfektionseinrichtung wird stattdessen ein Plasma erzeugt, wodurch insbesondere die Mündung des Getränkebehälters effizient desinfiziert beziehungsweise sterilisiert werden 
<!-- EPO <DP n="12"/>-->
 kann. Der Plasmaapplikator umfasst bei diesem Ausführungsbeispiel vorzugsweise den Stempel, die Plasmaquelle und besonders bevorzugt eine elektrische Energiequelle für die Plasmaquelle. Diese ist durch eine Verlagerung des Stempels aktivierbar, so dass sie dann die zur Erzeugung des Plasmas nötige Energie an die Plasmaquelle abgibt. </p><p id="p0022" num="0022">Die Erfindung umfasst auch einen Behälter, der insbesondere zur Aufbewahrung von Lebensmitteln, aber auch anderen verderblichen Waren und/oder anderen Gegenständen, deren Keimlast reduziert oder klein gehalten werden soll, dient. Dieser weist eine Behälteröffnung auf. Der Behälter zeichnet sich dadurch aus, dass er einen die Behälteröffnung verschließenden Verschlussdeckel oder einen Verschlussstopfen umfasst, der als Desinfektionseinrichtung nach einem der zuvor beschriebenen Ausführungsbeispiele ausgebildet ist. Der Behälter kann zur Reduzierung der Keimlast von in ihm aufgenommenen Gegenständen vorgesehen sein. Dabei wird bei einer Aktivierung des als Plasmaapplikator ausgebildeten Verschlussdeckels oder Verschlussstopfens nicht nur ein Innenraum des Behälters desinfiziert, sondern auch eine zugängliche Oberfläche des in dem Be- hälter angeordneten Gegenstands. Um diese zu vergrößern, ist bevorzugt vorgesehen, dass ein Boden des Behälters Ausnehmungen oder Vorsprünge umfasst, durch welche das nicht-thermische, atmosphärische Plasma Oberflächenbereiche an einer Unterseite des in dem Behälter angeordneten Gegenstands erreichen kann. Um die Keimlast auf einem Gegenstand zu reduzieren, insbesondere diesen zu desinfizieren oder zu sterilisieren, ist es möglich, den Gegenstand in dem Behälter anzuordnen. Er kann dann nach der Plasmabehandlung wiederum entnommen werden. Es ist aber auch mög- 
<!-- EPO <DP n="13"/>-->
 lieh, einen Gegenstand, insbesondere verderbliche Ware, bevorzugt Lebensmittel, in dem Behälter zu transportieren und/oder zu lagern. </p><p id="p0023" num="0023">Zur Erfindung gehört auch eine Verwendung des zuvor beschriebenen Behälters zur Reduzierung der Keimlast auf einem Gegenstand, insbesondere auf verderblicher Ware, bevorzugt auf Lebensmitteln. Hierzu wird - wie zuvor beschrieben - der Gegenstand, insbesondere die verderbliche Ware oder das Lebensmittel in dem Behälter angeordnet und anschließend in diesem desinfiziert. Es ist dann möglich, den Gegenstand zumindest teilweise aus dem Behälter zu ent- nehmen, oder ihn in dem Behälter zu lagern und/oder zu transportieren. </p><p id="p0024" num="0024">Die Erfindung umfasst auch ein Desinfektionsverfahren zur Desinfektion eines Innenraums eines Behälters, der zur Aufnahme eines Gegenstands, insbesondere einer verderblichen Ware dient, wobei der Behälter bevorzugt ein Lebensmittelbehälter ist. Das Verfahren zeichnet sich dadurch aus, dass ein nicht-thermisches, atmosphärisches Plasma in den Innenraum des Behälters appliziert wird, so dass das Plasma diesen desinfiziert. </p><p id="p0025" num="0025">Insbesondere wird ein Desinfektionsverfahren bevorzugt, welches folgende Schritte umfasst: Der Behälter wird mit einem Gegenstand, insbesondere einer verderblichen Ware, bevozugt mit einem Lebensmittel befüllt. Vor dem Befüllen des Behälters mit dem Gegenstand und/oder nach dem Befüllen des Behälters mit dem Gegenstand wird in den Innenraum des Behälters Plasma appliziert, so dass ent- weder der Innenraum des Behälters allein oder auch der in dem Behälter angeordnete Gegenstand plasmabehandelt, insbesondere desinfiziert wird. Der Plasmapplikator wird dann abgenommen, und 
<!-- EPO <DP n="14"/>-->
 die Behälteröffnung wird mit einem normalen Verschluss des befüllten Behälters für eine Lagerung und/oder einen Transport verschlossen. Dieses Verfahren wird insbesondere dann durchgeführt, wenn der Plasmaapplikator als Verschlussdeckel oder -stopfen für ver- schiedene Behälter ausgebildet ist, so dass er zwischen verschiedenen Behältern ausgetauscht werden kann. Typischerweise ist dann ein Plasmaapplikator für mehrere Behälter vorgesehen, so dass er abgenommen und für weitere Behälter verwendet wird. </p><p id="p0026" num="0026">Es wird auch ein Verfahren bevorzugt, welches folgende Schritte um- fasst: Der Behälter wird mit einem Gegenstand, insbesondere einer verderblichen Ware, bevorzugt mit einem Lebensmittel befüllt. Der Behälter wird mit einem als Verschlussdeckel oder Verschlussstopfen für den Behälter ausgebildeten Plasmaapplikator verschlossen. Das Plasma wird vor dem Befüllen des Behälters mit dem Gegens- tand und/oder nach dem Befüllen des Behälters mit dem Gegenstand in den Innenraum des Behälters appliziert. Es ist möglich, dass der leere Behälter zunächst verschlossen wird, wonach Plasma appliziert wird, und dass der Behälter dann erneut geöffnet wird, um den Gegenstand einzulegen. Danach wird der Behälter erneut verschlossen, und der befüllte Behälter wird gegebenenfalls erneut mit Plasma beaufschlagt. </p><p id="p0027" num="0027">Es ist auch möglich, dass der leere Behälter nicht plasmabehandelt wird, sondern dass die Plasmabehandlung erst erfolgt, wenn der Gegenstand in dem Behälter angeordnet ist. Wesentlich ist bei der hier beschriebenen Ausführungsform des Verfahrens, dass der als Verschlussdeckel oder Verschlusstopfen für den Behälter ausgebildete Plasmaapplikator nach dem Applizieren 
<!-- EPO <DP n="15"/>-->
 des Plasmas und/oder nach dem Befüllen des Behälters auf demselben verbleibt, so dass der Gegenstand, insbesondere die verderbliche Ware in dem mit dem als Verschlussdeckel oder Verschlussstopfen ausgebildeten Plasmaapplikator verschlossenen Behälter gela- gert und/oder transportiert wird. In diesem Fall ist dem Behälter also vorzugsweise ein passender Verschlussdeckel oder Verschlussstopfen in Form eines Plasmaapplikators zugeordnet, und der Plasmaapplikator verbleibt als Deckel oder Stopfen beim Behälter und verschließt diesen dicht, vorzugsweise luftdicht, auch während einer Lagerung und/oder während eines Transports. </p><p id="p0028" num="0028">Andere vorteilhafte Weiterbildungen der Erfindung sind in den Unteransprüchen gekennzeichnet oder werden nachstehend zusammen mit der Beschreibung der bevorzugten Ausführungsbeispiele der Erfindung anhand der Figuren näher erläutert. Es zeigen: Figur 1 eine schematische Querschnittsansicht einer erfindungsgemäßen Desinfektionseinrichtung mit einem deckeiförmigen Plasmaapplikator, der auf eine Öffnung eines Behälters aufgesetzt werden kann Figur 2 eine Abwandlung der Desinfektionseinrichtung aus Figur 1 mit einer Batterie anstelle eines Piezogenerators zum Betrieb der Plasmaquelle, </p><p id="p0029" num="0029">Figur 3 eine Abwandlung der Desinfektionseinrichtung aus Figur 3 mit einem elektrischen Generator zum Betrieb der Plasmaquelle, 
<!-- EPO <DP n="16"/>-->
 eine Abwandlung der Desinfektionseinrichtung aus Figur 1 mit einem Netzanschluss anstelle des Piezogenerators, eine Abwandlung der Desinfektionseinrichtung aus Figur 1 mit einem im Querschnitt trapezförmigen Deckel, eine Abwandlung der Desinfektionseinrichtung aus Figur 1 mit einer in den Deckel integrierten ringförmigen Elektrodenanordnung zur Desinfektion des Umfangsrandes der Behälteröffnung, eine vereinfachte Querschnittsansicht einer erfindungsgemäßen Desinfektionseinrichtung in Form eines Verschlussstopfens, eine Querschnittsansicht einer Öffnung eines Behälters für den Verschlussstopfen gemäß Figur 7A, die Desinfektionseinrichtung gemäß den Figuren 7A und 7B, wobei der Verschlusstopfen in die Behälteröffnung eingesetzt ist, das erfindungsgemäße Desinfektionsverfahren in Form eines Flussdiagramms, eine schematische Darstellung eines alternativen Ausführungsbeispiels einer erfindungs- 
<!-- EPO <DP n="17"/>-->
 gemäßen Desinfektionseinrichtung für einen beuteiförmigen Lebensmittelbehälter, </p><p id="p0030" num="0030">Figuren 10A-10C verschiedene Verfahrensstadien bei der Desinfektion, Befüllung und Lagerung eines schlauchförmigen Lebensmittelbehälters, </p><p id="p0031" num="0031">Figur 11 eine Abwandlung des Ausführungsbeispiels aus Figur 1. </p><p id="p0032" num="0032">Figuren 12A und 12B eine Desinfektionseinrichtung für Getränkebehälter. Figur 1 zeigt eine vereinfachte Querschnittsdarstellung einer erfindungsgemäßen Desinfektionseinrichtung 1 , die zur Desinfektion eines Behälters 2, insbesondere eines Lebensmittelbehälters dient, wobei der Behälter 2 beispielsweise aus Kunststoff bestehen kann und typischerweise wannenförmig ausgebildet ist, so dass er an sei- ner Oberseite eine Behälteröffnung aufweist. Die Erfindung ist keinesfalls eingeschränkt auf den Lebensmittelbereich. Jeder andere Gegenstand, dessen Keimlast reduziert oder klein gehalten werden soll, ist in einem entsprechend geeigneten Behälter behandelbar. </p><p id="p0033" num="0033">Die Desinfektionseinrichtung 1 besteht im Wesentlichen aus einem Plasmaapplikator 3, der in seiner äußeren Form dem normalen Verschlussdeckel für den Behälter 2 nachempfunden ist, so dass der Plasmaapplikator 3 anstelle des normalen Verschlussdeckels auf die Behälteröffnung des Behälters 2 aufgesetzt werden kann. Vorzugsweise ist der Plasmaapplikator 3 hier dem Behälter 2 fest zugeord- net. Er ersetzt also besonders bevorzugt dessen gewöhnlichen Deckel. 
<!-- EPO <DP n="18"/>-->
 In dem verschlussdeckelförmigen Plasmaapplikator 3 ist eine elektrisch betriebene Plasmaquelle 4 integriert, die ein nicht-thermisches, atmosphärisches Plasma durch eine Austrittsöffnung 5 in den Innenraum des Behälters 2 appliziert, wenn der verschlussdeckelförmige Plasmaapplikator 3 auf die Behälteröffnung des Behälters 2 aufgesetzt ist. </p><p id="p0034" num="0034">Die elektrisch betriebene Plasmaquelle 4 wird von einem Piezogenerator 6 mit der zum Betrieb erforderlichen elektrischen Energie versorgt, wobei der Piezogenerator 6 durch ein manuelles Betätigungs- glied 7 in Form eines Druckknopfs aktiviert werden kann. Hierzu drückt ein Benutzer den Druckknopf in Pfeilrichtung nieder, woraufhin der Piezogenerator 6 die zum Niederdrücken des Betätigungsglieds 7 erforderliche mechanische Energie in elektrische Energie umwandelt. Die von dem Piezogenerator 6 gelieferte elektrische Energie eignet sich jedoch in der Regel nicht unmittelbar zum Speisen der Plasmaquelle 4. Zwischen dem Piezogenerator 6 und der Plasmaquelle 4 ist deshalb vorzugsweise ein Konverter 8 angeordnet, der die von dem Piezogenerator 6 gelieferte elektrische Energie hinsichtlich ihres For- mats so umwandelt, dass sie zum Speisen der Plasmaquelle 4 geeignet ist, wobei der Konverter 8 die elektrische Energie auch Zwischenspeichern kann. </p><p id="p0035" num="0035">In der Zeichnung ist der Plasmaapplikator 3 in aufgesetztem Zustand dargestellt, wobei der Behälter 2 bereits mit einem Gegenstand, vor- zugsweise mit verderblicher Ware, insbesondere mit einem Lebensmittel 9 befüllt ist. In diesem Zustand desinfiziert der Plasmaapplikator 3 also die Oberseite des Lebensmittels 9 unmittelbar vor dem 
<!-- EPO <DP n="19"/>-->
 Verschließen des Behälters 2 mit dem eigentlichen Verschlussdeckel. Es ist jedoch zu erwähnen, dass der Innenraum des Behälters 2 in der gleichen Weise bevorzugt auch vor dem Befüllen mit dem Lebensmittel 9 desinfiziert wird, wie noch detailliert beschrieben wird. Figur 2 zeigt eine Abwandlung der Desinfektionseinrichtung gemäß Figur 1 , so dass zur Vermeidung von Wiederholungen auf die vorstehende Beschreibung verwiesen wird, wobei für entsprechende Einzelheiten dieselben Bezugszeichen verwendet werden. </p><p id="p0036" num="0036">Eine Besonderheit dieses Ausführungsbeispiels besteht darin, dass anstelle des Piezogenerators 6 eine elektrische Batterie 6a vorgesehen ist, um die elektrisch betriebene Plasmaquelle 4 zu speisen. </p><p id="p0037" num="0037">Auch das Ausführungsbeispiel gemäß Figur 3 stimmt weitgehend mit dem vorstehend beschriebenen und in Figur 1 dargestellten Ausführungsbeispiel überein, so dass zur Vermeidung von Wiederholungen auf die vorstehende Beschreibung verwiesen wird, wobei für entsprechende Einzelheiten dieselben Bezugszeichen verwendet werden. </p><p id="p0038" num="0038">Eine Besonderheit dieses Ausführungsbeispiels besteht darin, dass zur elektrischen Energieversorgung anstelle des Piezogenerators 6 ein mechanischer Generator 6b vorgesehen ist, der durch eine Kurbel 10 angetrieben werden kann, um die zum Betrieb der Plasmaquelle 4 erforderliche elektrische Energie zu erzeugen. </p><p id="p0039" num="0039">Das Ausführungsbeispiel gemäß Figur 4 stimmt ebenfalls weitgehend mit dem vorstehend beschriebenen und in Figur 1 dargestellten Ausführungsbeispiel überein, so dass zur Vermeidung von Wiederholungen auf die vorstehende Beschreibung verwiesen wird, wobei 
<!-- EPO <DP n="20"/>-->
 für entsprechende Einzelheiten dieselben Bezugszeichen verwendet werden. </p><p id="p0040" num="0040">Eine Besonderheit dieses Ausführungsbeispiels besteht darin, dass anstelle des Piezogenerators 6 zum Speisen der Plasmaquelle 4 ein Transformator 6c vorgesehen ist, der über ein Netzkabel 11 und einen Netzstecker 12 mit einem herkömmlichen Stromnetz verbunden werden kann, indem der Netzstecker 12 in eine entsprechende Steckdose 13 eingesteckt wird. </p><p id="p0041" num="0041">Besonders bevorzugt sind die in den Figuren 1 bis 4a dargestellten Ausführungsbeispiele als Behälter 2 ausgebildet, der eine Behälteröffnung und einen diese verschließenden Verschlussdeckel oder Verschlussstopfen umfasst, der als Desinfektionseinrichtung, insbesondere als Plasmaapplikator 3 ausgebildet ist. Bei den Ausführungsbeispielen gemäß den Figuren 1 bis 4 ist also bevorzugt der Plasmaapplikator 3 dem Behälter 2 als Verschlussdeckel oder Verschlussstopfen fest zugeordnet. Er ersetzt insoweit den ansonsten vorgesehenen Verschlussdeckel oder Verschlussstopfen ohne Plasma-Funktion. Der Behälter 2 gemäß den Figuren 1 bis 4 wird demnach vorzugsweise durch den Plasmaapplikator 3 dauerhaft luftdicht verschlossen, so dass ein in dem Behälter angeordneter Gegenstand darin gelagert und/oder transportiert werden kann. </p><p id="p0042" num="0042">Figur 5 zeigt eine Abwandlung des Ausführungsbeispiels gemäß Figur 1 , so dass zur Vermeidung von Wiederholungen auf die vorstehende Beschreibung verwiesen wird, wobei für entsprechende Ein- zelheiten dieselben Bezugszeichen verwendet werden. </p><p id="p0043" num="0043">Eine Besonderheit dieses Ausführungsbeispiels besteht darin, dass der einem Verschlussdeckel für den Behälter 2 nachempfundene 
<!-- EPO <DP n="21"/>-->
 Plasmaapplikator 3 einen im Wesentlichen trapezförmigen Außenquerschnitt aufweist. Dies bietet den Vorteil, dass der Plasmaapplikator 3 auf unterschiedlich große Behälteröffnungen aufgesetzt werden kann, wobei er sich an die Größe einer Behälteröffnung anpasst, in- dem er entsprechend tief in den Behälter 2 hineinragt. </p><p id="p0044" num="0044">Im Unterschied zu den Figuren 1 bis 4 ist der Plasmaapplikator 3 bei dem Ausführungsbeispiel gemäß Figur 5 dem Behälter 2 nicht fest zugeordnet, sonder stattdessen so ausgebildet, dass er für verschiedene Behälter 2 verwendbar ist. Figur 6 ist eine Abwandlung des Ausführungsbeispiels gemäß Figur 1 , so dass zur Vermeidung von Wiederholungen wieder auf die vorstehende Beschreibung verwiesen wird, wobei für entsprechende Einzelheiten dieselben Bezugszeichen verwendet werden. </p><p id="p0045" num="0045">Eine Besonderheit dieses Ausführungsbeispiels besteht darin, dass der Plasmaapplikator 3 zusätzlich zu der Plasmaquelle 4 eine ringförmige Elektrodenanordnung 14 aufweist, die sich entlang dem Um- fangsrand der Behälteröffnung des Behälters 2 erstreckt und ein nicht-thermisches atmosphärisches Plasma erzeugt, um den Um- fangsrand zu sterilisieren bzw. zu desinfizieren. Die Figuren 7A-7C zeigen ein anderes Ausführungsbeispiel einer erfindungsgemäßen Desinfektionseinrichtung 1 , wobei dieses Ausführungsbeispiel teilweise mit den vorstehend beschriebenen Ausführungsbeispielen übereinstimmt, so dass zur Vermeidung von Wiederholungen auf die vorstehende Beschreibung verwiesen wird, wobei für entsprechende Einzelheiten dieselben Bezugszeichen verwendet werden. 
<!-- EPO <DP n="22"/>-->
 Ein grundsätzlicher Unterschied dieses Ausführungsbeispiels gegenüber den vorstehend beschriebenen Ausführungsbeispielen besteht darin, dass der Plasmaapplikator 3 nicht einem Verschlussdeckel für den Behälter 2 nachempfunden ist, sondern einem Verschlussstop- fen. Der Plasmaapplikator 3 wird also entsprechend einem Verschlussstopfen in die Behälteröffnung des Behälters 2 eingesetzt, um den Behälter 2 zu desinfizieren, wobei es sich bei dem Behälter 2 beispielsweise um eine Flasche handeln kann. </p><p id="p0046" num="0046">Auch in diesem Fall ist es möglich, dass der Plasmaapplikator 3 dem Behälter 2 fest zugeordnet ist, so dass der Behälter 2 dauerhaft mit dem Plasmaapplikator 3 vorzugsweise luftdicht verschlossen wird. Bei einem anderen Ausführungsbeispiel ist es jedoch möglich, dass der Plasmaapplikator 3 passend für verschiedene Behälter 2 ausgebildet ist, so dass diese letztlich nach einer Verwendung des Plas- maapplikators 3 durch herkömmliche Verschlussstopfen verschlossen werden. </p><p id="p0047" num="0047">Eine weitere Besonderheit besteht darin, dass der stopfenförmige Plasmaapplikator 3 an seiner konischen Mantelfläche mehrere Dichtringe 15 aufweist, um die Mantelfläche des stopfenförmigen Plas- maapplikators 3 gegenüber der Innenwand der Behälteröffnung des Behälters 2 abzudichten. </p><p id="p0048" num="0048">Im Folgenden wird nun das in Figur 8 dargestellte Flussdiagramm erläutert, welches eine Ausführungsform des erfindungsgemäßen Desinfektionsverfahrens beschreibt. In einem ersten Schritt S1 wird zunächst der deckeiförmige Plasmaapplikator 3 auf den leeren und offenen Behälter 2 aufgesetzt, der in Figur 8 beispielhaft als Lebenmittelbehälter bezeichnet ist. 
<!-- EPO <DP n="23"/>-->
 Anschließend wird dann in einem Schritt S2 der Piezogenerator 6 des Plasmaapplikators 3 betätigt, um ein nicht-thermisches, atmosphärisches Plasma zum Desinfizieren des Innenraums des Behälters 2 zu erzeugen. Nach der so erfolgenden Desinfektion des Behälters 2 wird der Plas- maapplikator 3 dann in einem Schritt S3 von dem leeren Behälter 2 abgenommen. </p><p id="p0049" num="0049">Daraufhin wird der noch leere Behälter 2 dann in einem Schritt S4 mit einem Gegenstand, insbesondere einer verderblichen Ware, be- vorzugt mit dem Lebensmittel 9 befüllt. </p><p id="p0050" num="0050">Anschließend erfolgt dann in einem Schritt S5 wieder ein Aufsetzen des deckeiförmigen Plasmaapplikators 3 auf den dann gefüllten Behälter 2. </p><p id="p0051" num="0051">In einem nächsten Schritt S6 wird dann wieder der Piezogenerator 6 betätigt, um das nicht-thermische, atmosphärische Plasma zu erzeugen, wodurch die Oberfläche des eingefüllten Gegenstands, insbesondere des Lebensmittels 9 desinfiziert wird. </p><p id="p0052" num="0052">Im nächsten Schritt S7 wird der Plasmaapplikator 3 dann von dem Behälter 2 abgenommen. Im nächsten Schritt S8 wird der Behälter 2 dann mit einem normalen Verschlussdeckel verschlossen, woraufhin dann in einem letzten Schritt S9 ein Transport und/oder eine Lagerung des Behälters 2 erfolgen kann. </p><p id="p0053" num="0053">Wesentlich ist, dass das Verfahren nicht auf eine Anwendung in Zu- sammenhang mit verderblichen Lebensmitteln beschränkt ist. Auch 
<!-- EPO <DP n="24"/>-->
 jeder andere Gegenstand, dessen Keimlast reduziert werden soll, oder dessen Keimlast klein gehalten werden soll, kann in dem Behälter 2 angeordnet und dort mit Plasma behandelt werden. Die konkrete Erwähnung eines Lebensmittelbehälters und eines verderblichen Lebensmittels ist daher ausschließlich als besonders bevorzugte Ausführungsform des Verfahrens zu verstehen. </p><p id="p0054" num="0054">Es ist möglich, die Schritte S1 und S2 wegzulassen, also den Behälter 2 nicht selbstständig ohne eingebrachten Gegenstand zu desinfizieren. Stattdessen ist es möglich, dass das Verfahren mit dem Schritt S3 beginnt und lediglich der befüllte Behälter 2 samt seinem Inhalt mit dem Plasma behandelt wird. </p><p id="p0055" num="0055">Es ist auch möglich, den Schritt S2 durchzuführen und den Schritt S6 wegzulassen, insbesondere wenn ein bereits desinfizierter oder sterilisierter Gegenstand 2 in den Behälter eingelegt wird. Jedenfalls hat eine Sterilisation oder Desinfektion des Behälters 2 vor dem Einlegen des Gegenstands den Vorteil, dass dieser nicht durch eine Berührung mit einer möglicherweise kontaminierten Wandung des Behälters 2 selbst kontaminiert wird. </p><p id="p0056" num="0056">Die hier beschriebene Ausführungsform des Verfahrens findet bevor- zugt dann Anwendung, wenn der Plasmaapplikator 3 dem Behälter 2 nicht fest zugeordnet sondern für verschiedene Behälter 2 geeignet ist. </p><p id="p0057" num="0057">Ist dagegen der Behälter 2 selbst mit einem Verschlussdeckel oder Verschlussstopfen ausgestattet, der als Plasmaapplikator 3 ausge- bildet ist, ist also der Plasmaapplikator 3 in diesem Fall dem Behälter 2 fest als Verschlussdeckel oder Verschlussstopfen zugeordnet, wird 
<!-- EPO <DP n="25"/>-->
 das Verfahren bevorzugt mit folgender Modifikation durchgeführt: In diesem Fall werden die Schritte S7 und S8 weggelassen, und der Behälter 2 bleibt bevorzugt mit dem als Verschlussdeckel oder Verschlussstopfen ausgebildeten Plasmaapplikator 3 verschlossen. Ein Transport und/oder eine Lagerung des Behälters 2 erfolgt also, während dieser mit dem als Plasmaapplikator 3 ausgebildeten Verschlussdeckel oder Verschlussstopfen verschlossen ist. </p><p id="p0058" num="0058">Besonders bevorzugt ist es möglich, den Behälter 2 wieder zu öffnen, wenn zumindest ein Teil der darin gelagerten Ware entnommen werden soll. Beispielsweise ist es möglich, Lebensmittelreste in dem Behälter 2 aufzubewahren und zur Lagerung zu desinfizieren beziehungsweise zu sterilisieren. Nach einer gewissen Lagerzeit kann zumindest ein Teil der Lebensmittelreste entnommen werden, und der Behälter 2 kann zur weiteren Lagerung wieder mit dem Plas- maapplikator 3 verschlossen werden. Dabei wird vorzugsweise erneut eine Plasmabehandlung des verbleibenden Rests der gelagerten Ware durchgeführt, so dass diese erneut sterilisiert beziehungsweise desinfiziert und damit letztlich lagerfähig gemacht wird. Insbesondere können so beim Öffnen in den Behälter 2 eingedrungene Keime dezimiert beziehungsweise unschädlich gemacht werden. </p><p id="p0059" num="0059">Es zeigt sich, dass das hier beschriebene Verfahren im Haushaltsbereich durchführbar ist. Entsprechend ist/sind auch der Behälter und/oder die Desinfektionseinrichtung im Wesentlichen im Haushaltsbereich einsetzbar. Es ist auch möglich, das Verfahren, die Des- infektionseinrichtung und den Behälter im unternehmerischen Bereich, beispielsweise der Gastronomie oder im Lebensmittelfachhandel, beispielsweise in einer Metzgerei einzusetzen. 
<!-- EPO <DP n="26"/>-->
 Figur 9 zeigt ein alternatives Ausführungsbeispiel einer erfindungsgemäßen Desinfektionseinrichtung insbesondere für den industriellen Bereich, wobei ein beuteiförmiger Behälter 2a vorgesehen ist, der über eine Eintrittsöffnung 16 mit einem Gegenstand, vorzugsweie mit einem Nahrungsmittel befüllt werden kann, wobei eine Entnahme des Nahrungsmittels über eine Austrittsöffnung 17 möglich ist. Der beuteiförmige Behälter 2a eignet sich also beispielsweise als Lebensmittelbehälter, insbesondere für flüssige oder pastöse Lebensmittel, beziehungsweise ist bevorzugt als solcher ausgebildet. Die Eintrittsöffnung 16 und die Austrittsöffnung 17 sind über Ventile V1 , V2, V3 mit einer Zuführung für den Gegenstand, vorzugsweise das einzufüllende Nahrungsmittel, und mit einer Zuführung für ein nicht-thermisches, atmosphärisches Plasma verbunden. Vor dem Befüllen des beuteiförmigen Behälters 2a mit dem Gegenstand, bei- spielsweise mit dem verderblichen Nahrungsmittel, über das Ventil V1 kann der beuteiförmige Behälter 2a also über das Ventil V2 zunächst mit dem nicht-thermischen, atmosphärischen Plasma befüllt werden, um den Innenraum des beuteiförmigen Behälters 2a zu desinfizieren. Die Figuren 10A-10C zeigen schließlich einen schlauchförmigen Behälter 2b insbesondere für den industriellen Bereich, der in dem in Figur 10A dargestellten ersten Schritt zunächst über eine Einfüllöffnung 18 mit einem nicht-thermischen, atmosphärischen Plasma befüllt wird, um den Innenraum des schlauchförmigen Behälters 2b zu desinfizieren. </p><p id="p0060" num="0060">Anschließend wird der schlauchförmige Behälter 2b dann in dem in Figur 10B dargestellten Verfahrensschritt über die Einfüllöffnung 18 
<!-- EPO <DP n="27"/>-->
 mit einem Gegenstand, beispielsweise mit dem eigentlichen Nahrungsmittel befüllt. Der schlauchförmige Behälter 2b ist vorzugsweise als Lebensmittelbehälter ausgebildet. </p><p id="p0061" num="0061">In einem weiteren Verfahrensschritt, der in Figur 10C dargestellt ist, wird der schlauchförmige Behälter 2b dann durch mehrere Schweißnähte 19 in unterschiedliche Kammern 20 unterteilt bzw. verschlossen. </p><p id="p0062" num="0062">Figur 1 1 zeigt eine Abwandlung der Desinfektionseinrichtung gemäß Figur 1 , so dass zur Vermeidung von Wiederholungen auf die vor- stehende Beschreibung verwiesen wird, wobei für entsprechende Einzelheiten dieselben Bezugszeichen verwendet werden. </p><p id="p0063" num="0063">Eine Besonderheit dieses Ausführungsbeispiels besteht darin, dass der deckeiförmige Plasmaapplikator 3 den Behälter 2 gasdicht abschließen kann, was einen Vakuum verschluss ermöglicht, wie er ins- besondere in der Lebensmittelverpackungstechnik üblich ist. </p><p id="p0064" num="0064">Darüber hinaus ist die Plasmaquelle 4 hierbei als flächige Elektrode ausgebildet, wie beispielsweise als DBD-Elektrode oder als SMD- Elektrode. </p><p id="p0065" num="0065">Vorteilhaft an dieser Abwandlung ist die Tatsache, dass der in dem Behälter 2 angeordnete Gegenstand, beispielsweise das Lebensmittel 9, unter Vakuumbedingungen mit dem Plasma behandelt werden kann. </p><p id="p0066" num="0066">Es ist generell möglich, dass die Plasmaquelle 4 des Behälters 2 als flächige Elektrode ausgebildet ist beziehungsweise eine flächige Elektrode umfasst. Diese kann als DBD-Elektrode oder als SMD- 
<!-- EPO <DP n="28"/>-->
 Elektrode ausgebildet sein. Es ist auch möglich, dass die Plasmaquelle 4 nach dem Prinzip der selbststerilisierenden Oberfläche (seif sterilizing surface, SSS) arbeitet. Insbesondere ist eine entsprechende Ausbildung der Plasmaquelle 4 nicht nur bei dem in Figur 11 dar- gestellten Ausführungsbeispiel, sondern auch bei allen anderen bevorzugten Ausführungsbeispielen der Desinfektionseinrichtung beziehungsweise des Behälters 2 möglich. </p><p id="p0067" num="0067">Die Figuren 12A und 12B zeigen ein Ausführungsbeispiel einer erfindungsgemäßen Desinfektionseinrichtung 21 zur Desinfektion von Getränkebehältern, insbesondere Gläsern, vor allem Trinkgläsern, Babyflaschen, oder Bierkrügen 22. Die Desinfektionseinrichtung 21 weist hierzu eine vorzugsweise wannenförmige Aufnahme 23 auf, in der ein Stempel 24 in Pfeilrichtung vertikal verschiebbar ist. </p><p id="p0068" num="0068">Die Desinfektionseinrichtung 21 wird hier anhand einer Verwendung mit einem Bierkrug 22 erläutert. Dies ist jedoch nicht einschränkend zu verstehen; die Desinfektionseinrichtung 21 kann vielmehr mit beliebigen Getränkebehältern, insbesondere auch mit Gläsern oder Babyflaschen verwendet werden. </p><p id="p0069" num="0069">Der Stempel 24 umfasst zumindest in einem Bereich, welcher mit einem Mündungsrand einen zu desinfizierenden Getränkebehälters zusammenwirkt, eine Plasmaquelle. Diese ist durch Verlagerung des Stempels 24, hier insbesondere durch dessen vertikale Verschiebung, aktivierbar. Vorzugsweise ist eine elektrische Energiequelle vorgesehen, die einerseits mit dem Stempel 24 und andererseits mit der Plasmaquelle zusammenwirkt, so dass ein Plasma im Bereich des Mündungsrands des zu desinfizierenden Behälters erzeugt wird, wenn der Stempel 24 verlagert wird. 
<!-- EPO <DP n="29"/>-->
 Bei dem dargestellten Ausführungsbeispiel befindet sich in der Aufnahme 23 eine elektrische Energiequelle, hier ein Piezogenerator 25, die vorzugsweise über eine Stange 26 von dem Stempel 24 betätigt wird, wenn der Bierkrug 22 auf den Stempel 24 aufgesetzt und mit dem Stempel 24 herunter gedrückt wird. Bei dieser Bewegung erzeugt die elektrische Energiequelle, hier der Piezogenerator 25 elektrische Energie, die zum Betrieb einer Plasmaquelle 27 erforderlich ist, wobei die Plasmaquelle 27 eine flächige Elektrode (z.B. DBD- /SMD-/SSS-Elektrode) aufweist, die dann am Mündungsrand des Bierkrugs 22 ein Plasma erzeugt, um diesen zu desinfizieren. </p><p id="p0070" num="0070">Figur 12B zeigt ein weiteres Ausführungsbeispiel der Desinfektionseinrichtung 21. Gleiche und funktionsgleiche Elemente sind mit gleichen Bezugszeichen versehen, so dass insofern auf die vorangegangene Beschreibung verwiesen wird. In Figur 12B ist der Bierkrug 22 in seiner vertikal nach unten verlagerten Position dargstellt, in welcher auch der Stempel 24 vertikal nach unten verlagert ist. Entsprechend ist die Plasmaquelle 27 durch die elektrische Energiequelle, hier den Piezogenerator 25 aktiviert, und der Mündungsrand des Bierkrugs 22 wird desinfiziert. Es wird deutlich, dass die Desinfektionseinrichtung und das Desinfektionsverfahren, der Behälter sowie die Verwendung des Behälters insbesondere der Verlängerung der Lebensdauer einer verderblichen Ware dienen können. Dadurch, dass ein Innenraum des Behälters vor Einlagerung der Ware desinfiziert werden kann, wird diese nicht durch eine Behälterwandung kontaminiert, wenn sie in den Behälter eingelegt wird. Zusätzlich oder alternativ ist es möglich, den in dem Behälter angeordneten Gegenstand, vorzugsweise die verderbliche Ware beziehungsweise das Lebensmittel, in dem Behälter zu desin- 
<!-- EPO <DP n="30"/>-->
 fizieren, so dass die Keimlast auf dem Gegenstand reduziert beziehungsweise klein gehalten wird. </p><p id="p0071" num="0071">Es ist möglich, dass der Behälter dabei zumindest bereichsweise offen oder vollständig geschlossen ist. Besonders bevorzugt ist der Behälter durch den als Verschlussdeckel oder Verschlussstopfen ausgebildeten Plasmaapplikator dicht verschlossen. </p><p id="p0072" num="0072">Es ist möglich, den Innenraum des Behälters zu evakuieren, um die Plasmabehandlung durchzuführen. Insbesondere wenn der Behälter allerdings durch den als Verschlussdeckel oder Verschlussstopfen ausgebildeten Plasmaapplikator dicht verschlossen ist, und ganz besonders wenn eine der hier genannten Plasmaquellen in Zusammenhang mit dem Plasmaapplikator genutzt wird, ist es nicht nötig, den Innenraum des Behälters zu evakuieren. Die Plasmabehandlung erfolgt insbesondere in diesem Fall mit großer Wirksamkeit auch bei Normaldruck beziehungsweise Umgebungsdruck. </p><p id="p0073" num="0073">Es ist möglich, einen Sicherheitsmechanismus vorzusehen, der eine Aktivierung der Plasmaquelle nur bei geschlossenem Behälterdeckel und/oder anderweitig gesicherter Plasmaquelle erlaubt. </p><p id="p0074" num="0074">Die Erfindung ist nicht auf die vorstehend beschriebenen bevorzug- ten Ausführungsbeispiele beschränkt. Vielmehr ist eine Vielzahl von Varianten und Abwandlungen möglich, die ebenfalls von dem Erfindungsgedanken Gebrauch machen und deshalb in den Schutzbereich fallen. Darüber hinaus ist zu erwähnen, dass die Erfindung auch Schutz beansprucht für den Gegenstand und die Merkmale der Unteransprüche unabhängig von den Merkmalen der in Bezug genommenen Ansprüche. 
<!-- EPO <DP n="31"/>-->
 Bezugszeichenliste: </p><p id="p0075" num="0075"> 1 Desinfektionseinrichtung</p><p id="p0076" num="0076">2 Behälter </p><p id="p0077" num="0077">2a Behälter </p><p id="p0078" num="0078">2b Behälter </p><p id="p0079" num="0079"> 3 Plasmaappiikator </p><p id="p0080" num="0080"> 4 Plasmaquelle </p><p id="p0081" num="0081"> 5 Austrittsöffnung </p><p id="p0082" num="0082"> 6 Piezogenerator </p><p id="p0083" num="0083">6a Batterie </p><p id="p0084" num="0084"> 6b Generator </p><p id="p0085" num="0085"> 6c Transformator </p><p id="p0086" num="0086"> 7 Betätigungsglied</p><p id="p0087" num="0087">8 Konverter </p><p id="p0088" num="0088">9 Lebensmittel </p><p id="p0089" num="0089"> 10 Kurbel </p><p id="p0090" num="0090"> 11 Netzkabel 
<!-- EPO <DP n="32"/>-->
 2 Netzstecker </p><p id="p0091" num="0091"> 13 Steckdose </p><p id="p0092" num="0092"> 14 Ringförmige Elektrodenanordnung</p><p id="p0093" num="0093">15 Dichtringe </p><p id="p0094" num="0094">16 Eintrittsöffnung </p><p id="p0095" num="0095"> 17 Austrittsöffnung </p><p id="p0096" num="0096"> 18 Einfüllöffnung </p><p id="p0097" num="0097"> 19 Schweißnaht </p><p id="p0098" num="0098"> 20 Kammer </p><p id="p0099" num="0099">21 Desinfektionseinrichtung </p><p id="p0100" num="0100"> 22 Bierkrug </p><p id="p0101" num="0101"> 23 Aufnahme </p><p id="p0102" num="0102"> 24 Stempel </p><p id="p0103" num="0103"> 25 Piezogenerator </p><p id="p0104" num="0104">26 Stange </p><p id="p0105" num="0105"> 27 Plasmaquelle </p><p id="p0106" num="0106"> V1 Ventil 
<!-- EPO <DP n="33"/>-->
 Ventil Ventil 
</p></description><claims mxw-id="PCLM44727461" ref-ucid="WO-2012113568-A1" lang="DE" load-source="patent-office"><claim id="clm-0001" num="0001"><!-- EPO <DP n="34"/>--><claim-text/><claim-text>Ansprüche </claim-text><claim-text>1. Desinfektionseinrichtung (1 ) zur Desinfektion eines Innenraums eines Behälters (2, 2a, 2b, 2c), der zur Aufnahme eines Gegenstands, insbesondere einer verderblichen Ware (9) dient, bevorzugt eines Lebensmittelbehälters, gekennzeichnet durch einen Plasmaapplikator (3) zur Applikation eines nicht-thermischen, atmosphärischen Plasma in den Innenraum des Behälters (2, 2a, 2b, 2c). </claim-text><claim-text>2. Desinfektionseinrichtung (1 ) nach Anspruch 1 , </claim-text><claim-text>dadurch gekennzeichnet, </claim-text><claim-text>a) dass der Plasmaapplikator (3) einen lösbaren Verschluss für eine Behälteröffnung des Behälters (2, 2a, 2b, 2c) bildet, und/oder </claim-text><claim-text>b) dass der Plasmaapplikator (3) an der Innenseite des Verschlusses eine Austrittsöffnung (5) aufweist, um das nichtthermische, atmosphärische Plasma in den Innenraum des Behälters (2, 2a, 2b, 2c) abzugeben, während der Plasmaapplikator (3) die Behälteröffnung verschließt. </claim-text><claim-text>3. Desinfektionseinrichtung (1 ) nach Anspruch 2, </claim-text><claim-text>dadurch gekennzeichnet, </claim-text><claim-text>a) dass der Plasmaapplikator (3) einen Verschlussdeckel bildet, der auf die Behälteröffnung aufsetzbar ist, und/oder b) dass der als Verschlussdeckel ausgebildete Plasmaapplikator (3) einen Vakuumverschluss des Behälters ermöglicht, und/oder 
<!-- EPO <DP n="35"/>-->
 c) dass der als Verschlussdeckel ausgebildete Plasmaapplikator (3) zur Erzeugung des Plasmas eine integrierte Plasmaelektrode aufweist, und/oder </claim-text><claim-text>d) dass das Plasma in dem Behälter ohne einen Gasaustausch mit der Umgebung erzeugt werden kann. </claim-text><claim-text>4. Desinfektionseinrichtung (1 ) nach Anspruch 3, </claim-text><claim-text>dadurch gekennzeichnet, </claim-text><claim-text>a) dass der als Verschlussdeckel ausgebildete Plasmaapplika- tor (3) einen Außenquerschnitt aufweist, der sich in Bezug auf den Behälter (2, 2a, 2b, 2c) von außen nach innen verjüngt, so dass der Verschlussdeckel auf verschieden große Behälteröffnungen passt, und </claim-text><claim-text>b) vorzugsweise, dass der als Verschlussdeckel ausgebildete Plasmaapplikator (3) einen trapezförmigen Querschnitt aufweist. </claim-text><claim-text>5. Desinfektionseinrichtung (1 ) nach Anspruch 2, dadurch gekennzeichnet, dass der Plasmaapplikator (3) als Verschlusstopfen ausgebildet ist, der in die Behälteröffnung einführbar ist. </claim-text><claim-text>6. Desinfektionseinrichtung (1 ) nach einem der vorhergehenden Ansprüche, dadurch gekennzeichnet, </claim-text><claim-text>a) dass der Plasmaapplikator (3) eine ringförmige Elektrodenanordnung (14) zur Erzeugung des Plasmas aufweist, und b) dass die ringförmige Elektrodenanordnung (14) entlang dem Umfangsrand der Behälteröffnung verläuft, und 
<!-- EPO <DP n="36"/>-->
 c) dass die ringförmige Elektrodenanordnung (14) das Plasma erzeugt, so dass das Plasma den Umfangsrand der Behälteröffnung desinfiziert. </claim-text><claim-text>7. Desinfektionseinrichtung (1 ) nach einem der vorhergehenden Ansprüche, dadurch gekennzeichnet, dass der Plasmaapplikator (3) folgende Komponenten aufweist, die in den Plasmaapplikator (3) integriert sind: </claim-text><claim-text>a) eine elektrisch betriebene Plasmaquelle (4) zur Erzeugung des nicht-thermischen atmosphärischen Plasmas, und b) eine elektrische Energiequelle (6, 6a, 6b, 6c) zur Bereitstellung der zum Betrieb der Plasmaquelle (4) erforderlichen elektrischen Energie. </claim-text><claim-text>8. Desinfektionseinrichtung (1 ) nach Anspruch 7, dadurch gekennzeichnet, dass die elektrische Energiequelle (6, 6a, 6b, 6c) folgende Komponenten aufweist, die in den Plasmaapplikator (3) integriert sind: </claim-text><claim-text>a) einen Piezogenerator (6) zur Erzeugung der zum Betrieb der </claim-text><claim-text> Plasmaquelle (4) erforderlichen elektrischen Energie durch eine mechanische Betätigung des Piezogenerators (6), und b) vorzugsweise einen Konverter (8), der eingangsseitig mit dem Piezogenerator (6) und ausgangsseitig mit der Plasmaquelle (4) verbunden ist, wobei der Konverter (8) die von dem Piezogenerator (6) gelieferte elektrische Energie in die für den Betrieb der Plasmaquelle (4) benötige elektrische Energie umwandelt, und </claim-text><claim-text>c) vorzugsweise ein manuelles Betätigungsglied (7), das mechanisch mit dem Piezogenerator (6) gekoppelt ist, so dass 
<!-- EPO <DP n="37"/>-->
 der Piezogenerator (6) manuell betätigt werden kann, um die zum Betrieb der Plasmaquelle (4) erforderliche elektrische Energie zu erzeugen. </claim-text><claim-text>9. Desinfektionseinrichtung (1 ) nach Anspruch 7 oder 8, dadurch gekennzeichnet, dass die elektrische Energiequelle mindestens eine der folgenden Komponenten aufweist: </claim-text><claim-text>a) einen Generator (6b), </claim-text><claim-text>b) eine Batterie (6a), insbesondere eine wiederaufladbare Batterie, </claim-text><claim-text>c) einen Netzanschluss (1 1 , 12), der mit einem elektrischen </claim-text><claim-text> Stromnetz (13)verbunden werden kann, </claim-text><claim-text>d) eine Solarzelle, </claim-text><claim-text>e) eine Energy-Harvesting-Energiequelle, insbesondere einen </claim-text><claim-text> Piezogenerator (6). </claim-text><claim-text>10. Desinfektionseinrichtung (1 ) nach einem der vorhergehenden Ansprüche, dadurch gekennzeichnet, dass der Plasmaapplikator (3) in seiner äußeren Form einem normalen Verschlussdeckel für einen herkömmlichen Behälter (2) oder einem normalen Verschlussstopfen für einen herkömmlichen Behälter (2) entspricht. </claim-text><claim-text>1 1. Desinfektionseinrichtung (1 ) nach einem der vorhergehenden Ansprüche, dadurch gekennzeichnet, dass die Desinfektionsein- richtung (21 ) zur Desinfektion von Getränkebehältern, insbesondere Gläsern, insbesondere Trinkgläsern, Babyflaschen und/oder Bierkrügen, ausgebildet ist, wobei die Desinfektionseinrichtung (21 ) eine vorzugsweise wannenförmige Aufnahme (23) aufweist, in der ein Stempel (24) verlagerbar ist, wobei der Stempel (24) zumindest in 
<!-- EPO <DP n="38"/>-->
 einem Bereich, welcher mit einem Mündungsrand eines zu desinfizierenden Behälters zusammenwirkt, eine Plasmaquelle umfasst, die durch Verlagerung des Stempels (24) aktivierbar ist. </claim-text><claim-text>12. Behälter, insbesondere zur Aufbewahrung verderblicher Ware, vorzugsweise von Lebensmitteln, mit einer Behälteröffnung, dadurch gekennzeichnet, dass der Behälter einen die Behälteröffnung verschließenden Verschlussdeckel oder Verschlussstopfen umfasst, der als Desinfektionseinrichtung nach einem der Ansprüche 1 bis 10 ausgebildet ist. </claim-text><claim-text>13. Verwendung eines Behälters nach Anspruch 12 zur Reduzierung einer Keimlast auf<sup>"</sup> einem in dem Behälter angeordneten Gegenstand, insbesondere auf verderblicher Ware, bevorzugt auf Lebensmitteln. </claim-text><claim-text>14. Verwendung eines Behälters nach Anspruch 12 zur Lagerung und/oder zum Transport eines Gegenstands, insbesondere von verderblicher Ware, bevorzugt von Lebensmitteln. </claim-text><claim-text>15. Desinfektionsverfahren zur Desinfektion eines Innenraums eines Behälters (2, 2a, 2b, 2c), der zur Aufnahme eines Gegenstands, insbesondere einer verderblichen Ware (9) dient, bevorzugt eines Lebensmittelbehälters, gekennzeichnet durch folgenden Schritt: Applizieren eines nicht-thermischen, atmosphärischen Plasmas in den Innenraum des Behälters (2, 2a, 2b, 2c), so dass das Plasma den Innenraum des Behälters (2, 2a, 2b, 2c) desinfiziert. 
<!-- EPO <DP n="39"/>-->
</claim-text><claim-text>16. Desinfektionsverfahren nach Anspruch 15, gekennzeichnet durch folgende Schritte: </claim-text><claim-text>a) Aufsetzen (S1 ) eines Plasmaapplikators (3) in Form eines </claim-text><claim-text> Verschlusses auf eine Behälteröffnung des Behälters (2, 2a, 2b, 2c), </claim-text><claim-text>b) Applizieren (S2) des Plasma mittels des Plasmaapplikators </claim-text><claim-text> (3) durch die Behälteröffnung hindurch in den Innenraum des Behälters (2, 2a, 2b, 2c) während der Plasmaapplikator (3) die Behälteröffnung verschließt. </claim-text><claim-text>Desinfektionsverfahren nach Anspruch 15 oder 16, </claim-text><claim-text> nzeichnet durch folgende Schritte: </claim-text><claim-text> Befüllen (S4) des Behälters (2, 2a, 2b, 2c) . mit einem Gegenstand, insbesondere verderblicher Ware, bevorzugt mit einem Lebensmittel, </claim-text><claim-text> Applizieren (S2, S6) des Plasmas vor dem Befüllen des Behälters (2, 2a, 2b, 2c) und/oder nach dem Befüllen des Behälters (2, 2a, 2b, 2c), </claim-text><claim-text> Abnehmen (S7) des Plasmaapplikators (3)(3) nach der Desinfektion des Innenraums des Behälters (2, 2a, 2b, 2c) durch das Plasma, </claim-text><claim-text> Verschließen (S8) der Behälteröffnung mit einem normalen Verschluss zur Lagerung und/oder zum Transport des befüllten Behälters (2, 2a, 2b, 2c). </claim-text><claim-text>18. Desinfektionsverfahren nach Anspruch 15 oder 16, gekennzeichnet durch folgende Schritte: 
<!-- EPO <DP n="40"/>-->
 Befüllen (S4) des Behälters (2, 2a, 2b, 2c) mit einem Gegenstand, insbesondere einer verderblichen Ware, bevorzugt mit einem Lebensmittel, </claim-text><claim-text> Verschließen des Behälters (2, 2a, 2b, 2c) mit einem als Verschlussdeckel oder Verschlussstopfen für den Behälter (2, 2a, 2b, 2c) ausgebildeten Plasmaapplikator (3), </claim-text><claim-text>Applizieren (S2, S6) des Plasmas vor dem Befüllen des Behälters (2, 2a, 2b, 2c) und/oder nach dem Befüllen des Behälters (2, 2a, 2b, 2c), </claim-text><claim-text> Lagern und/oder Transportieren des Gegenstands, insbesondere der verderblichen Ware in dem mit dem als Verschlussdeckel oder Verschlussstopfen ausgebildeten Plasmaapplikator (3) verschlossenen Behälter (2, 2a, 2b, 2c). 
</claim-text></claim></claims><copyright>User acknowledges that Fairview Research LLC and its third party providers retain all right, title and interest in and to this xml under applicable copyright laws.  User acquires no ownership rights to this xml including but not limited to its format.  User hereby accepts the terms and conditions of the Licence Agreement</copyright></patent-document>
