<?xml version="1.0" encoding="UTF-8"?>
<patent-document ucid="EP-2958728-A1" country="EP" doc-number="2958728" kind="A1" date="20151230" family-id="51387429" file-reference-id="312929" date-produced="20180825" status="corrected" lang="EN"><bibliographic-data><publication-reference fvid="160453401" ucid="EP-2958728-A1"><document-id><country>EP</country><doc-number>2958728</doc-number><kind>A1</kind><date>20151230</date><lang>EN</lang></document-id></publication-reference><application-reference ucid="EP-14710144-A" is-representative="NO"><document-id mxw-id="PAPP193869770" load-source="patent-office" format="original"><country>EP</country><doc-number>14710144.8</doc-number><date>20140225</date><lang>EN</lang></document-id><document-id mxw-id="PAPP193869771" load-source="docdb" format="epo"><country>EP</country><doc-number>14710144</doc-number><kind>A</kind><date>20140225</date><lang>EN</lang></document-id></application-reference><priority-claims><priority-claim mxw-id="PPC162028700" ucid="US-201314136470-A" load-source="docdb"><document-id format="epo"><country>US</country><doc-number>201314136470</doc-number><kind>A</kind><date>20131220</date></document-id></priority-claim><priority-claim mxw-id="PPC162026216" ucid="US-201361769129-P" load-source="docdb"><document-id format="epo"><country>US</country><doc-number>201361769129</doc-number><kind>P</kind><date>20130225</date></document-id></priority-claim><priority-claim mxw-id="PPC162032521" ucid="US-201361769131-P" load-source="docdb"><document-id format="epo"><country>US</country><doc-number>201361769131</doc-number><kind>P</kind><date>20130225</date></document-id></priority-claim><priority-claim mxw-id="PPC162029285" ucid="US-201361769133-P" load-source="docdb"><document-id format="epo"><country>US</country><doc-number>201361769133</doc-number><kind>P</kind><date>20130225</date></document-id></priority-claim><priority-claim mxw-id="PPC162030847" ucid="US-201361769135-P" load-source="docdb"><document-id format="epo"><country>US</country><doc-number>201361769135</doc-number><kind>P</kind><date>20130225</date></document-id></priority-claim><priority-claim mxw-id="PPC162033129" ucid="US-2014018162-W" linkage-type="W" load-source="docdb"><document-id format="epo"><country>US</country><doc-number>2014018162</doc-number><kind>W</kind><date>20140225</date></document-id></priority-claim></priority-claims><technical-data><classifications-ipcr><classification-ipcr mxw-id="PCL-1987767238" load-source="docdb">B29K 709/08        20060101ALN20140912BHEP        </classification-ipcr><classification-ipcr mxw-id="PCL-1987781256" load-source="docdb">B29L  31/34        20060101ALN20140912BHEP        </classification-ipcr><classification-ipcr mxw-id="PCL-1988522377" load-source="docdb">B29C  45/14        20060101AFI20140912BHEP        </classification-ipcr><classification-ipcr mxw-id="PCL-1988522412" load-source="docdb">H04M   1/02        20060101ALI20140912BHEP        </classification-ipcr></classifications-ipcr><classifications-cpc><classification-cpc mxw-id="PCL-1832231566" load-source="docdb" scheme="CPC">H05K   5/0217      20130101 FI20170330BHEP        </classification-cpc><classification-cpc mxw-id="PCL-1832231567" load-source="docdb" scheme="CPC">H04M   1/026       20130101 LI20170330BHEP        </classification-cpc><classification-cpc mxw-id="PCL-1832231568" load-source="docdb" scheme="CPC">B29D  11/00009     20130101 LI20170406BHEP        </classification-cpc><classification-cpc mxw-id="PCL-1832231569" load-source="docdb" scheme="CPC">B29C  45/14434     20130101 LI20170406BHEP        </classification-cpc><classification-cpc mxw-id="PCL-1832231570" load-source="docdb" scheme="CPC">H05K   5/03        20130101 LI20170330BHEP        </classification-cpc><classification-cpc mxw-id="PCL-1873968582" load-source="docdb" scheme="CPC">G02F2001/133331    20130101 LA20161128BHEP        </classification-cpc><classification-cpc mxw-id="PCL-1897317733" load-source="docdb" scheme="CPC">H04M   1/185       20130101 LA20160914BHEP        </classification-cpc><classification-cpc mxw-id="PCL-1897317734" load-source="docdb" scheme="CPC">H04M   1/03        20130101 LA20160914BHEP        </classification-cpc><classification-cpc mxw-id="PCL-1897317735" load-source="docdb" scheme="CPC">H04M   1/0266      20130101 LI20160914BHEP        </classification-cpc><classification-cpc mxw-id="PCL-1897317736" load-source="docdb" scheme="CPC">H04M   1/0252      20130101 LI20160914BHEP        </classification-cpc><classification-cpc mxw-id="PCL-1897317737" load-source="docdb" scheme="CPC">G06F2200/1612      20130101 LA20160913BHEP        </classification-cpc><classification-cpc mxw-id="PCL-1897317738" load-source="docdb" scheme="CPC">G06F   1/1637      20130101 LI20160914BHEP        </classification-cpc><classification-cpc mxw-id="PCL-1897317739" load-source="docdb" scheme="CPC">G06F   1/1626      20130101 LI20160914BHEP        </classification-cpc><classification-cpc mxw-id="PCL-1897317740" load-source="docdb" scheme="CPC">G02F2202/28        20130101 LA20160913BHEP        </classification-cpc><classification-cpc mxw-id="PCL-1897317741" load-source="docdb" scheme="CPC">G02F   1/133308    20130101 LA20160913BHEP        </classification-cpc><classification-cpc mxw-id="PCL-1897317742" load-source="docdb" scheme="CPC">B29L2031/3481      20130101 LA20160914BHEP        </classification-cpc><classification-cpc mxw-id="PCL-1897317743" load-source="docdb" scheme="CPC">B29L2031/3475      20130101 LA20160914BHEP        </classification-cpc><classification-cpc mxw-id="PCL-1897317744" load-source="docdb" scheme="CPC">B29L2011/0016      20130101 LA20160914BHEP        </classification-cpc><classification-cpc mxw-id="PCL-1897317745" load-source="docdb" scheme="CPC">B29K2995/0037      20130101 LA20160914BHEP        </classification-cpc><classification-cpc mxw-id="PCL-1897317746" load-source="docdb" scheme="CPC">B29K2995/0026      20130101 LA20160914BHEP        </classification-cpc><classification-cpc mxw-id="PCL-1897317747" load-source="docdb" scheme="CPC">B29K2709/08        20130101 LA20160914BHEP        </classification-cpc><classification-cpc mxw-id="PCL-1897317748" load-source="docdb" scheme="CPC">B29C2045/14327     20130101 LA20160914BHEP        </classification-cpc><classification-cpc mxw-id="PCL-1897317749" load-source="docdb" scheme="CPC">B29C  45/14778     20130101 LI20160914BHEP        </classification-cpc><classification-cpc mxw-id="PCL-1897317751" load-source="docdb" scheme="CPC">B29C  45/14336     20130101 LI20160914BHEP        </classification-cpc><classification-cpc mxw-id="PCL-1897317752" load-source="docdb" scheme="CPC">B29C  45/14311     20130101 LI20160914BHEP        </classification-cpc><classification-cpc mxw-id="PCL-1987763536" load-source="docdb" scheme="CPC">G02B   7/025       20130101 LI20140828BHEP        </classification-cpc><classification-cpc mxw-id="PCL-1987775605" load-source="docdb" scheme="CPC">H05K   5/0017      20130101 LI20140828BHEP        </classification-cpc><classification-cpc mxw-id="PCL-1987775968" load-source="docdb" scheme="CPC">G06F   1/1601      20130101 LI20140828BHEP        </classification-cpc><classification-cpc mxw-id="PCL-1987796967" load-source="docdb" scheme="CPC">G06F   1/169       20130101 LI20140828BHEP        </classification-cpc></classifications-cpc><invention-title mxw-id="PT165551669" lang="DE" load-source="patent-office">VERFAHREN ZUR HERSTELLUNG EINES VORRICHTUNGSGEHÄUSES UND VORRICHTUNGSGEHÄUSE MIT EINER DURCHSICHTIGEN LINSE MIT ABGESTUFTEM FLANSCH</invention-title><invention-title mxw-id="PT165551670" lang="EN" load-source="patent-office">METHOD OF MAKING A DEVICE HOUSING AND DEVICE HOUSING COMPRISING A TRANSPARENT LENS WITH A STEPPED FLANGE</invention-title><invention-title mxw-id="PT165551671" lang="FR" load-source="patent-office">PROCÉDÉ DE RÉALISATION D'UN BOÎTIER DE DISPOSITIF ET BOÎTIER DE DISPOSITIF COMPRENANT UNE LENTILLE TRANSPARENTE DOTÉE D'UNE BRIDE ÉTAGÉE</invention-title></technical-data><parties><applicants><applicant mxw-id="PPAR1103316315" load-source="docdb" sequence="1" format="epo"><addressbook><last-name>MOTOROLA MOBILITY LLC</last-name><address><country>US</country></address></addressbook></applicant><applicant mxw-id="PPAR1103306477" load-source="docdb" sequence="1" format="intermediate"><addressbook><last-name>MOTOROLA MOBILITY LLC</last-name></addressbook></applicant><applicant mxw-id="PPAR1101646378" load-source="patent-office" sequence="1" format="original"><addressbook><last-name>Motorola Mobility LLC</last-name><iid>101323621</iid><address><street>600 North US Highway 45</street><city>Libertyville, IL 60048</city><country>US</country></address></addressbook></applicant></applicants><inventors><inventor mxw-id="PPAR1103322379" load-source="docdb" sequence="1" format="epo"><addressbook><last-name>ALLORE JOSEPH L</last-name><address><country>US</country></address></addressbook></inventor><inventor mxw-id="PPAR1103329464" load-source="docdb" sequence="1" format="intermediate"><addressbook><last-name>ALLORE, JOSEPH L.</last-name></addressbook></inventor><inventor mxw-id="PPAR1101651134" load-source="patent-office" sequence="1" format="original"><addressbook><last-name>ALLORE, JOSEPH L.</last-name><address><street>1601 Verde Lane</street><city>Mundelein, Illinois 60060</city><country>US</country></address></addressbook></inventor><inventor mxw-id="PPAR1103325354" load-source="docdb" sequence="2" format="epo"><addressbook><last-name>FORMENTI MICHAEL J</last-name><address><country>US</country></address></addressbook></inventor><inventor mxw-id="PPAR1103332747" load-source="docdb" sequence="2" format="intermediate"><addressbook><last-name>FORMENTI, MICHAEL J.</last-name></addressbook></inventor><inventor mxw-id="PPAR1101653587" load-source="patent-office" sequence="2" format="original"><addressbook><last-name>FORMENTI, MICHAEL J.</last-name><address><street>24337 South Valley Drive</street><city>Channahon, Illinois 60410</city><country>US</country></address></addressbook></inventor><inventor mxw-id="PPAR1103336462" load-source="docdb" sequence="3" format="epo"><addressbook><last-name>LOMBARDI MICHAEL J</last-name><address><country>US</country></address></addressbook></inventor><inventor mxw-id="PPAR1103307458" load-source="docdb" sequence="3" format="intermediate"><addressbook><last-name>LOMBARDI, MICHAEL J.</last-name></addressbook></inventor><inventor mxw-id="PPAR1101640898" load-source="patent-office" sequence="3" format="original"><addressbook><last-name>LOMBARDI, MICHAEL J.</last-name><address><street>57 Arcadia Lane</street><city>Lake Zurich, Illinois 60047</city><country>US</country></address></addressbook></inventor><inventor mxw-id="PPAR1103334227" load-source="docdb" sequence="4" format="epo"><addressbook><last-name>NEAU MICHAEL L</last-name><address><country>US</country></address></addressbook></inventor><inventor mxw-id="PPAR1103320942" load-source="docdb" sequence="4" format="intermediate"><addressbook><last-name>NEAU, Michael L.</last-name></addressbook></inventor><inventor mxw-id="PPAR1101650553" load-source="patent-office" sequence="4" format="original"><addressbook><last-name>NEAU, Michael L.</last-name><address><street>9502 68th Street</street><city>Kenosha, Wisconsin 53142</city><country>US</country></address></addressbook></inventor></inventors><agents><agent mxw-id="PPAR1101640029" load-source="patent-office" sequence="1" format="original"><addressbook><last-name>Betten &amp; Resch</last-name><iid>101517873</iid><address><street>Patent- und Rechtsanwälte PartGmbB Maximiliansplatz 14</street><city>80333 München</city><country>DE</country></address></addressbook></agent></agents></parties><international-convention-data><pct-or-regional-filing-data ucid="US-2014018162-W"><document-id><country>US</country><doc-number>2014018162</doc-number><kind>W</kind><date>20140225</date><lang>EN</lang></document-id></pct-or-regional-filing-data><pct-or-regional-publishing-data ucid="WO-2014130984-A1"><document-id><country>WO</country><doc-number>2014130984</doc-number><kind>A1</kind><date>20140828</date><lang>EN</lang></document-id></pct-or-regional-publishing-data><designated-states><ep-contracting-states><country mxw-id="DS660793068" load-source="docdb">AL</country><country mxw-id="DS660636175" load-source="docdb">AT</country><country mxw-id="DS660640171" load-source="docdb">BE</country><country mxw-id="DS660727185" load-source="docdb">BG</country><country mxw-id="DS660716791" load-source="docdb">CH</country><country mxw-id="DS660640172" load-source="docdb">CY</country><country mxw-id="DS660636176" load-source="docdb">CZ</country><country mxw-id="DS660793070" load-source="docdb">DE</country><country mxw-id="DS660640173" load-source="docdb">DK</country><country mxw-id="DS660640174" load-source="docdb">EE</country><country mxw-id="DS660749481" load-source="docdb">ES</country><country mxw-id="DS660727186" load-source="docdb">FI</country><country mxw-id="DS660716792" load-source="docdb">FR</country><country mxw-id="DS660793071" load-source="docdb">GB</country><country mxw-id="DS660640183" load-source="docdb">GR</country><country mxw-id="DS660793072" load-source="docdb">HR</country><country mxw-id="DS660636177" load-source="docdb">HU</country><country mxw-id="DS660716793" load-source="docdb">IE</country><country mxw-id="DS660640184" load-source="docdb">IS</country><country mxw-id="DS660727199" load-source="docdb">IT</country><country mxw-id="DS660640185" load-source="docdb">LI</country><country mxw-id="DS660727200" load-source="docdb">LT</country><country mxw-id="DS660637720" load-source="docdb">LU</country><country mxw-id="DS660727201" load-source="docdb">LV</country><country mxw-id="DS660727202" load-source="docdb">MC</country><country mxw-id="DS660637721" load-source="docdb">MK</country><country mxw-id="DS660637722" load-source="docdb">MT</country><country mxw-id="DS660749482" load-source="docdb">NL</country><country mxw-id="DS660719374" load-source="docdb">NO</country><country mxw-id="DS660749487" load-source="docdb">PL</country><country mxw-id="DS660727223" load-source="docdb">PT</country><country mxw-id="DS660636178" load-source="docdb">RO</country><country mxw-id="DS660727224" load-source="docdb">RS</country><country mxw-id="DS660749488" load-source="docdb">SE</country><country mxw-id="DS660716794" load-source="docdb">SI</country><country mxw-id="DS660719379" load-source="docdb">SK</country><country mxw-id="DS660719380" load-source="docdb">SM</country><country mxw-id="DS660637727" load-source="docdb">TR</country></ep-contracting-states><ep-extended-states><ep-extended-state-data><country>BA</country></ep-extended-state-data><ep-extended-state-data><country>ME</country></ep-extended-state-data></ep-extended-states></designated-states></international-convention-data><office-specific-data><eptags><ep-no-a-document-published>*</ep-no-a-document-published></eptags></office-specific-data></bibliographic-data><abstract mxw-id="PA139071819" ref-ucid="WO-2014130984-A1" lang="EN" load-source="patent-office"><p num="0000">A method of making a device housing involves providing a transparent lens (500) with a front surface and a rear surface, and a stepped flange (540) along at least a portion of the lens perimeter. The method includes injecting plastic onto the transparent lens perimeter, including the stepped flange (540), the plastic forming a plastic feature that has a front surface that is tangent to the front surface of the transparent lens (500), a rear surface that is tangent to the rear surface of the transparent lens (500), and that extends outward from the sides of the transparent lens away from a device width center line. The plastic feature is molded to the rear surface of the transparent lens at at least one of two ends of the device housing, and the plastic encapsulates a stepped middle surface of the transparent lens flange (540). A device housing that is made by this method is also included.</p></abstract><abstract mxw-id="PA139539468" ref-ucid="WO-2014130984-A1" lang="EN" source="national office" load-source="docdb"><p>A method of making a device housing involves providing a transparent lens (500) with a front surface and a rear surface, and a stepped flange (540) along at least a portion of the lens perimeter. The method includes injecting plastic onto the transparent lens perimeter, including the stepped flange (540), the plastic forming a plastic feature that has a front surface that is tangent to the front surface of the transparent lens (500), a rear surface that is tangent to the rear surface of the transparent lens (500), and that extends outward from the sides of the transparent lens away from a device width center line. The plastic feature is molded to the rear surface of the transparent lens at at least one of two ends of the device housing, and the plastic encapsulates a stepped middle surface of the transparent lens flange (540). A device housing that is made by this method is also included.</p></abstract><abstract mxw-id="PA139071820" ref-ucid="WO-2014130984-A1" lang="FR" load-source="patent-office"><p num="0000">L'invention concerne un procédé de réalisation d'un boîtier de dispositif, qui implique l'apport d'une lentille transparente (500) dotée d'une surface avant et d'une surface arrière et d'une bride étagée (540) le long d'au moins une portion du périmètre de la lentille. Le procédé comprend l'injection de plastique sur le périmètre transparent de la lentille, comprenant la bride étagée (540), la matière plastique formant un élément plastique qui présente une surface avant tangente à la surface avant de la lentille transparente (500), une surface arrière tangente à la surface arrière de la lentille transparente (500), et qui s'étend vers l'extérieur à partir des côtés de la lentille transparente, à partir d'une ligne centrale de la largeur du dispositif. L'élément plastique est moulé sur la surface arrière de la lentille transparente, au niveau d'au moins une des deux extrémités du boîtier de dispositif, et la matière plastique enrobe une surface médiane étagée de la bride de la lentille transparente (540). L'invention concerne également un boîtier de dispositif, réalisé selon ce procédé.</p></abstract><abstract mxw-id="PA139539469" ref-ucid="WO-2014130984-A1" lang="FR" source="national office" load-source="docdb"><p>L'invention concerne un procédé de réalisation d'un boîtier de dispositif, qui implique l'apport d'une lentille transparente (500) dotée d'une surface avant et d'une surface arrière et d'une bride étagée (540) le long d'au moins une portion du périmètre de la lentille. Le procédé comprend l'injection de plastique sur le périmètre transparent de la lentille, comprenant la bride étagée (540), la matière plastique formant un élément plastique qui présente une surface avant tangente à la surface avant de la lentille transparente (500), une surface arrière tangente à la surface arrière de la lentille transparente (500), et qui s'étend vers l'extérieur à partir des côtés de la lentille transparente, à partir d'une ligne centrale de la largeur du dispositif. L'élément plastique est moulé sur la surface arrière de la lentille transparente, au niveau d'au moins une des deux extrémités du boîtier de dispositif, et la matière plastique enrobe une surface médiane étagée de la bride de la lentille transparente (540). L'invention concerne également un boîtier de dispositif, réalisé selon ce procédé.</p></abstract><description mxw-id="PDES78476245" ref-ucid="WO-2014130984-A1" lang="EN" load-source="patent-office"><!-- EPO <DP n="2"/>--><p id="p0001" num="0001"> METHOD OF MAKING A DEVICE HOUSING AND DEVICE HOUSING COMPRISING A TRANSPARENT LENS WITH A STEPPED FLANGE </p><p id="p0002" num="0002">CROSS REFERENCE TO RELATED APPLICATIONS </p><p id="p0003" num="0003"> [0001] The present application claims the benefit of U.S. Provisional Application No. 61/769,133, filed February 25, 2013, U.S. Provisional Application No. 61/769,129, filed February 25, 2013, U.S. Provisional Application No. 61/769,131, filed February 25, 2013, and U.S. Provisional Application No. 61/769,135, filed February 25, 2013, all herein incorporated by reference. </p><p id="p0004" num="0004">BACKGROUND </p><p id="p0005" num="0005"> [0002] It is becoming increasingly difficult to manufacture portable electronic devices including a battery and a display that are relatively compact, structurally robust, and take advantage of the largest available viewing area. </p><p id="p0006" num="0006">[0003] In portable electronic devices, displays are frequently laminated to transparent cover lenses to improve optical performance and create a mechanical bond between the two parts. Since this bond is present over the entire viewing area of the display, it provides enough mechanical retention to eliminate the need for retaining the sides of the display by any other mechanisms. Thus, on either side of the display, one simply needs to have a thin cosmetic housing to cover the side of the display. However, in attempting to use a minimally thin cosmetic housing to cover the edge of the display, one encounters the problem of finding an appropriate connection mechanism between this cosmetic housing and other housings in the portable device that would not itself increase the device's size. </p><p id="p0007" num="0007">[0004] Further complicating the search for a viable connection mechanism is the desire for reduced device thickness to improve user comfort when the device is in use or being transported. 
<!-- EPO <DP n="3"/>-->
 [0005] With regard to methods of making a transparent lens and plastic housing for a device, traditionally, the process of insert molding includes placing a stiff metal insert into an injection molding tool and then molding plastic features around the metal part. When complete, the plastic should be well integrated in the original metal part. Recently, advancements have been made in mold quality permitting pieces of glass or different transparent material to be used as the "insert" such that complex three-dimensional plastic geometry may be integrated with a sheet of transparent material. </p><p id="p0008" num="0008">[0006] In a portable device, it is desirable for the transparent cover lens over the display to be integrated with overmolded plastic features, but this disadvantageously creates limitations as to the potential geometry for the glass or transparent insert. Over the viewing area of the display, one desires the transparent cover lens to be substantially thin and flat to result in an undistorted image and a small size for the finished device. Additionally, one desires that this cover lens also be as narrow and short as possible so that the resulting device is a minimal size. Conversely, the glass or transparent insert mold process prefers a large amount of material beyond the display to improve the bond between plastic and glass or different transparent material and ensure that the overmolded plastic does not detach from the transparent insert in the finished product. </p><p id="p0009" num="0009">[0007] With regard to supporting transparent, and particularly glass, elements in a display device, portable electronic devices are exposed to frequent mechanical shocks over their lifespan, which can lead to display failures. Such displays are often laminated to a thick transparent cover lens, but the displays themselves are typically constructed using multiple sheets of thin glass, leaving them susceptible to breakage— especially at the edges of the glass sheets. Additionally, these thin sheets of glass often do not have matching widths or lengths as compared to other elements or housings, which 
<!-- EPO <DP n="4"/>-->
 may create a "ledge" of unsupported glass. The unsupported thin glass ledge acts as a cantilever if the device experiences mechanical shock, and is a potential source of display failures. </p><p id="p0010" num="0010">BRIEF DESCRIPTION OF THE DRAWINGS </p><p id="p0011" num="0011"> [0008] The accompanying Figures, where like reference numerals refer to identical or functionally similar elements throughout the separate views, together with the detailed description below, serve to further illustrate embodiments set forth in this disclosure. </p><p id="p0012" num="0012">FIG. 1 is a front perspective view of an electronic device; </p><p id="p0013" num="0013">FIG. 2 is a rear perspective view of the electronic device according to FIG. </p><p id="p0014" num="0014"> i; </p><p id="p0015" num="0015"> FIG. 3 is a front perspective exploded view of the electronic device according to FIG. 1; </p><p id="p0016" num="0016">FIG. 4 is a rear exploded perspective view of the electronic device according to FIG. 1; </p><p id="p0017" num="0017">FIG. 5 is a front perspective view of a lens that may be used in the device according to FIG. 1; </p><p id="p0018" num="0018">FIG. 6 is a bottom end cross-sectional view illustrating a slice of the lens taken along the plane 6-6 in FIG. 5; </p><p id="p0019" num="0019">FIG. 7A is an enlarged side view illustrating a cross sectional view of the lens edge flange according to FIG. 6; </p><p id="p0020" num="0020">FIG. 7B is an enlarged side view illustrating a cross sectional view of the lens edge flange according to FIG. 6 with ink, adhesive, and oleophobic coating; </p><p id="p0021" num="0021">FIG. 8 is a front perspective view of a lens housing including the lens according to FIGs. 5-7 for the front of the electronic device according to FIG. 1; 
<!-- EPO <DP n="5"/>-->
 FIG. 9 is a cross-sectional bottom end view illustrating a slice of the lens housing taken along plane 9-9 of FIG. 8; </p><p id="p0022" num="0022">FIG. 10 is an enlarged view illustrating a cross sectional view of the lens housing including the edge flange according to FIG. 9; </p><p id="p0023" num="0023">FIG. 11 is a flowchart illustrating an exemplary method of manufacture; </p><p id="p0024" num="0024">FIGS. 12A-D are cross sectional views of injection molding process steps; </p><p id="p0025" num="0025">FIG. 12E is an exploded view of the injection molding tool; </p><p id="p0026" num="0026">FIG. 13 is a cross-sectional view illustrating a slice of the lens housing and display laminate taken along plane 13-13 of FIG. 18; </p><p id="p0027" num="0027">FIG. 14 is an enlarged view of a section of the lens housing and display laminate according to various embodiments of FIG. 13; </p><p id="p0028" num="0028">FIG. 15 is an enlarged side cross sectional view illustrating a prior art cross section of lens housing including a transparent lens and molded wall; </p><p id="p0029" num="0029">FIG. 16 is a side cross sectional view of a lens and display laminate according to the prior art; </p><p id="p0030" num="0030">FIG. 17 is an enlarged side cross sectional view of a lens and display laminate according to the prior art; </p><p id="p0031" num="0031">FIG. 18 is a rear orthogonal view illustrating the lens housing and display laminate including a display with integrated touch screen sensor according to FIG. 1 1; </p><p id="p0032" num="0032">FIG. 19 is a side cross-sectional view illustrating a slice of the lens housing and display laminate taken along line 19-19 of FIG. 18; </p><p id="p0033" num="0033">FIG. 20 is an enlarged illustration of two sections of the lens housing and display laminate according to FIG. 19; </p><p id="p0034" num="0034">FIG. 21 is an enlarged side cross sectional view illustrating an end of a lens housing according to one embodiment; 
<!-- EPO <DP n="6"/>-->
 FIG. 22A is an enlarged side cross sectional view illustrating an end of a lens housing according to an alternate embodiment; </p><p id="p0035" num="0035">FIG. 22B is a perspective cross sectional view illustrating an end of a lens housing; </p><p id="p0036" num="0036">FIG. 23 is a rear orthogonal view illustrating the lens housing without a support structure, but with a mesh and gasket assembly; </p><p id="p0037" num="0037">FIG. 24 is a rear orthogonal view illustrating the lens housing with a support structure, but without a mesh and gasket assembly; </p><p id="p0038" num="0038">FIG. 25 is a rear orthogonal view illustrating the lens housing with a mesh and gasket assembly inserted; </p><p id="p0039" num="0039">FIG. 26 is a rear orthogonal view illustrating the lens housing and display laminate; </p><p id="p0040" num="0040">FIG. 27 is an enlarged rear view illustration of a top section of the lens housing and display laminate according to FIG. 26; </p><p id="p0041" num="0041">FIG. 28 is an enlarged rear view illustration of a bottom section of the lens housing and display laminate according to FIG. 26; </p><p id="p0042" num="0042">FIGs. 29-31 are right side perspective view diagrams illustrating assembly of the device according to FIG. 1; </p><p id="p0043" num="0043">FIG. 32 is a right side perspective view of a dovetail protrusion on the plastic side wall; </p><p id="p0044" num="0044">FIG. 33 is a right side perspective view of a dovetail cut in the internal chassis assembly; </p><p id="p0045" num="0045">FIG. 34 is a right side perspective view of the dovetail protrusion being placed, in an assembly step, into the dovetail cut to assemble the plastic side wall with the internal chassis assembly; </p><p id="p0046" num="0046">FIG. 35 is a side view of an exemplary pin having a retaining feature on its shaft; 
<!-- EPO <DP n="7"/>-->
 FIG. 36 is a side view of an exemplary pin without a retaining feature on its shaft; </p><p id="p0047" num="0047">FIG. 37 is a right side perspective view of the assembled the plastic side wall and internal chassis assembly with the pin inserted; </p><p id="p0048" num="0048">FIG. 38 is a bottom cross sectional view of a section of the device according to FIG. 1; </p><p id="p0049" num="0049">FIG. 39 is an enlarged bottom cross sectional view of a section of the device according to FIG. 38; </p><p id="p0050" num="0050">FIG. 40 is another bottom cross sectional view of a section of the device according to FIG. 1 showing a retaining finger; </p><p id="p0051" num="0051">FIG. 41 is an enlarged bottom cross sectional view of a section of the device according to FIG. 40; </p><p id="p0052" num="0052">FIG. 42 illustrates one embodiment of UV curing of the optically clear adhesive during the assembly of the laminated display and lens housing with an opaque ink mask present; and </p><p id="p0053" num="0053">FIG. 43 is another embodiment of UV curing of the optically clear adhesive during the assembly of the laminated display and lens housing without an ink mask. </p><p id="p0054" num="0054">[0009] Skilled artisans will appreciate that elements in the Figures are illustrated for simplicity and clarity and have not necessarily been drawn to scale. For example, the dimensions of some of the elements in the Figures may be exaggerated relative to other elements to help to improve understanding of various embodiments disclosed herein. </p><p id="p0055" num="0055">[0010] The apparatus and method components have been represented where appropriate by conventional symbols in the drawings, showing the specific details that are pertinent to understanding the various embodiments and not obscuring the disclosure with details that will be readily apparent to those of ordinary skill in the art having the benefit of the description herein. 
<!-- EPO <DP n="8"/>-->
 DETAILED DESCRIPTION </p><p id="p0056" num="0056"> [0011] In the following description, for purposes of explanation, numerous specific details are set forth to provide a thorough understanding of the embodiments disclosed herein. However, it will be apparent to one skilled in the art that these embodiments can be practiced without these specific details. In some instances, structures and devices are shown in block diagram form for the sake of conciseness. </p><p id="p0057" num="0057">[0012] The embodiments described herein can minimize device thickness, since a screw head, when using screws, can increase the device width by the head thickness, and can enhance reliability over snaps, which can loosen over time, have limited directional constraints, and can disengage upon mechanical shock. They can allow excellent serviceability over heat stakes that also require clearance for heat stake heads and avoid the need for special equipment and design efforts. Finally, they also allow excellent serviceability over glue and do not require the special equipment or complex process control that glue requires. These embodiments have great mechanical reliability and allow creation of robust attachment features over 3D formed glass or other transparent material, and have higher mechanical strength and less likelihood of scratching over the viewing area of the display over clear plastic housings. </p><p id="p0058" num="0058">[0013] Using the process of insert-molding plastic over the transparent cover lens, plastic details can be integrated directly onto the transparent material. This allows the transparent cover lens to be sized smaller than the display, but use the plastic overmold to keep the display edges protected during manufacturing and in the finished device. By undersizing the cover lens and eliminating the need for a traditional device housing to display/cover lens assembly bond (replaced by the in-mold bond of plastic to glass or other type of 
<!-- EPO <DP n="9"/>-->
 transparent material), the process is capable of producing a smaller, more reliable portable device. </p><p id="p0059" num="0059">[0014] In an embodiment of the disclosure, a transparent lens and differing plastic material housing include a transparent lens including a front surface, a rear surface, and a perimeter edge, the perimeter edge including a flange, a plastic housing affixed to the perimeter edge flange having a different material than the transparent lens, a portion that is tangent to the front surface of the transparent lens, and a portion that is tangent to the rear surface of the transparent lens. </p><p id="p0060" num="0060">[0015] The transparent lens can be made of glass or can be made of a durable transparent plastic material that differs from the material of the side walls to which it is attached. As described herein, when the transparent lens is made of plastic, it is to be understood that this constitutes a different material than the plastic used in the side walls. </p><p id="p0061" num="0061">[0016] In an embodiment, a display housing assembly is provided. The display housing assembly has a transparent portion and a plastic portion, and includes a transparent lens having a front surface, rear surface, and perimeter edge. The perimeter edge includes a flange. A plastic side wall of the plastic portion is affixed to the flange. The plastic sidewall has a front surface portion that is co-planar with the front surface of the transparent lens; and a rear surface portion that is co-planar with the rear surface of the transparent lens. This configuration forms front and rear planar surfaces, each of which has both transparent material and plastic. The assembly further including a display that is affixed to the rear planar surface using a display adhesive. </p><p id="p0062" num="0062">[0017] In an embodiment of the disclosure, a device housing assembly has a display module including a front pane that may be transparent and a rear pane that may be transparent, the rear pane having a section longer than the front pane in at least one direction. The housing assembly further has a transparent lens and plastic housing, the transparent lens having a 
<!-- EPO <DP n="10"/>-->
 front and rear surface; and an adhesive between the front pane and the rear surface of the transparent lens. The housing includes a support structure molded to the rear surface of the transparent lens positioned proximally to the longer section of the rear pane and adjacent to the front pane, the structure providing mechanical support for the rear pane. </p><p id="p0063" num="0063">[0018] Another embodiment of the disclosure is a thin cosmetic housing having dovetail features that assemble in a linear direction to an internal structural housing. The housing has cutouts to accept the dovetail features, thus constraining the cosmetic and structural housings in two axes. </p><p id="p0064" num="0064">[0019] In assembling the housing, once the dovetail features are aligned, a pin is inserted through a hole in each dovetail perpendicular to the direction of dovetail assembly and into a hole in the structural housing. These pins constrain the cosmetic and structural housings in the third and final axis. Finally, a second thin cosmetic housing is snapped into snap holes on each dovetail of the first cosmetic housing which engage in the direction of the third axis. This housing fully covers the pins inserted previously which results in a better appearance of the finished device and prevents the pins from backing out far enough to disengage should they loosen over time. The attachment system results in a reduced width and thickness of the finished device </p><p id="p0065" num="0065">[0020] More specifically, the housing comprises a first housing component with a plurality of dovetail protrusions, at least one dovetail protrusion of the plurality having a first pin hole through a thickness of the protrusion, and a second housing component with a plurality of matching dovetail cuts, at least one dovetail cut containing a second pin hole. The housing further has a plurality of pins. The first housing component is mated in a linear direction with the second housing component with each dovetail protrusion aligned to each dovetail cut. The first housing component and second housing component are pressed together to align the first pin holes axially with the second pin holes, and 
<!-- EPO <DP n="11"/>-->
 the pins are inserted axially through each axially aligned first pinhole and second pin hole. </p><p id="p0066" num="0066">[0021] In an embodiment of the disclosure, a method of making a device housing involves providing a transparent lens with a front surface and a rear surface, and a stepped flange along at least a portion of the lens perimeter. The method includes injecting plastic onto the transparent lens perimeter, including the stepped flange, the plastic forming a plastic feature that has a front surface that is tangent to the front surface of the transparent lens, a rear surface that is planar with the rear surface of the transparent lens, and that extends outward from the sides of the transparent material away from a device width center line. The plastic feature is molded to the rear surface of the transparent lens at at least one of two ends of the device housing, and the plastic encapsulates a stepped middle surface of the transparent lens flange. A device housing that is made by this method is also included in an embodiment. </p><p id="p0067" num="0067">[0022] An electronic display device 100 including a display is illustrated in FIGs. 1 and 2. FIG. 1 includes a reference coordinate system that is referred to below, indicating left and right sides of the device 100 (from a user's perspective when holding the device), top and bottom sides (or ends) (the top being the side generally away from the ground during normal use, and the bottom being the side generally toward the ground during normal use), and front and rear sides (the front being the side facing a user during normal use, and the rear side being the side facing away from a user during normal use). </p><p id="p0068" num="0068">[0023] The electronic device 100 may be any portable electronic device including a display, and may for example be a cellular phone, a smart phone, an internet device, a music player, or any other device that includes a display that can advantageously employ the lens, display, laminated display assembly and/or housing assembly disclosed herein. Additionally, the mobile smartphone features of the communication device 100 illustrated herein are provided by way of 
<!-- EPO <DP n="12"/>-->
 example, and are in no way intended to be limiting, nor essential to the lens housing, display, or laminated display assembly, described and claimed herein. </p><p id="p0069" num="0069">[0024] The electronic display device 100 includes a lens housing with laminated display 102. The lens housing with laminated display 102 is advantageously manufactured as described in greater detail herein below. Speaker port 108 and a microphone port 110 openings allowing unobstructed access to a device speaker and microphone respectively are located at opposite ends of a display window 104 through which a user can view a display carried in the electronic device 100. The illustrated display device may include a forward facing camera 112 and an electrical connector port 114 for accessing circuitry within the housing. For example, the port 114 may accommodate a connector, such as a male connector, and may for example be of a commercially available connector, such as a universal serial bus (USB) connector, a mini USB, a micro USB, or other any other suitable connector. </p><p id="p0070" num="0070">[0025] The electronic display device 100 includes a rear housing 200 (FIG. 2). The rear housing 200 may include a rear microphone port 202, a rear speaker port 204 and a rear facing camera 206 similar to those found on the front of the device. Also illustrated in FIG. 2 is a removable card access door 210 for insertion and removal of electronic cards, such as a memory card, a subscriber identity module (SIM), or any other removable card that can be advantageously employed in the electronic device. </p><p id="p0071" num="0071">[0026] With reference now to FIGs. 3 and 4, the electronic display device 100 is illustrated with the housing components exploded, and more particularly is illustrated from each of the front and rear perspective views, respectively. The lens housing with laminated display 102 is manufactured as will be described in greater detail herein below. An internal chassis 304 is positioned behind the lens housing. The chassis may be manufactured from any suitable material, 
<!-- EPO <DP n="13"/>-->
 providing support for the housing, and may be metal, plastic or a suitable composite material, and may for example be stamped or die cast of any suitable metal, such as aluminum or a steel, or formed from a composite non-metal material, or molded plastic. The chassis 304 is advantageously a metal chassis having plastic overmolded sections in some areas of the chassis adjacent to which antennas will be positioned when the housing is fully assembled. </p><p id="p0072" num="0072">[0027] A printed circuit board (PCB) assembly 306 is positioned adjacent the chassis 304 when the device 100 is assembled. The PCB assembly 306 includes a circuit board on which electronic components are assembled, as is known in the art. The electronic components include circuitry necessary to the operation of the display device 100, as is well known in the art, which may also include circuitry for handling input of a touch screen component of the display (touch screen sensor). The PCB may be positioned completely within the chassis perimeter. The PCB may alternately be stacked onto the chassis 304 with electrical components attached to the PCB positioned inside the chassis. A top antenna housing 308 is attached to the chassis. The antenna housing 308 may be manufactured by any suitable means, and may for example be molded with platable resin to create a desired antenna geometry. A bottom antenna housing 310 is also attached to the chassis in the example device. The bottom antenna housing may also be advantageously molded with platable resin to create a desired antenna geometry. The top and bottom antenna housings 308, 310, clamp the PCB assembly 306 to the chassis 304 using suitable fasteners, such as screws 309, clips (not shown), or the like. In the illustrated example, screws 309 may be screwed into chassis 304 or the printed circuit board assembly 306. </p><p id="p0073" num="0073">[0028] The device 100 is also illustrated to include a card tray 320 for holding one or more of a memory and/or SIM card. The card tray 320 may for example be an insert molded plastic and metal tray for holding 
<!-- EPO <DP n="14"/>-->
 the SIM card. The card tray 320 slides into card bay 322. The card bay is assembled onto the PCB assembly 306. </p><p id="p0074" num="0074">[0029] The device 100 also includes a battery 312 behind the PCB assembly 306. </p><p id="p0075" num="0075">[0030] Pins 311 may be advantageously employed for assembling the electronic device, as will be described in greater detail herein below. The pins 311 may be manufactured from any suitable material, such as stainless steel, aluminum, another metal, plastic, or a composite material. The pins 311 are for insertion into the internal chassis 304 as will be described in greater detail herein. </p><p id="p0076" num="0076">[0031] The rear housing 200 may be manufactured from a composite material, such as an insert molded plastic, integrally bonded to a composite material, during a molding process. The composite material may be a sheet formed to the intended three dimensional shape of the rear housing, to provide a curved surface that is pleasant to hold, fitting comfortably in a hand when held. This shape may have a curvature in both the left-to-right side direction as well as a top-to-bottom end direction, where the curvature comprises the entire right-to-left direction and/or the entire top-to-bottom direction. Alternately, it may have a flat portion in one or both directions, where curved portions extend only near the edge regions. </p><p id="p0077" num="0077">[0032] With reference to FIG. 4, a card bay stiffener 402 is provided for the card access opening through which card tray 320 is inserted and retrieved from card bay 322. The card bay stiffener may for example be manufactured from metal, and secured using screws 404 affixed through each end of the stiffener 402. The screws 404 may be affixed to the chassis 304, the PCB 306, or the housing 102. The card access slot 406 is illustrated molded into the lens housing side wall for access to the card tray. 
<!-- EPO <DP n="15"/>-->
 [0033] A transparent lens 500 (FIG. 5) includes a viewing window 104, which is a transparent region of the lens for alignment with the active pixels of the display. The perimeter of the window may be defined by an opaque ink 504, which is a layer applied to the back of the lens 500. The ink is not applied to the viewing window 104, circumscribing or extending along a portion of the window 104. </p><p id="p0078" num="0078">[0034] As can be seen in FIGs 5-7B, a stepped flange 540 extends along the majority of the sides, top and bottom edge perimeter 510 of the lens. The flange 540, may be continuous around the entire perimeter 510 of the lens 500, or excluded in strategic areas to prevent damage to the lens if the device 100 is dropped or otherwise subjected to a shock. In FIG. 5, the example lens 500 does not include a flange 540 at the four corners of the lens, to help avoid breakage at these corners in the event the device is dropped at certain angles of impact. </p><p id="p0079" num="0079">[0035] FIG. 6 is a bottom end cross section view of the lens 500 along line 6-6 shown in FIG. 5, and showing the perimeter 510 and flange 540. </p><p id="p0080" num="0080">[0036] FIGs. 7A and 7B are zoomed regions of the cross-section view of FIG. 6. FIG 7B is identical to that shown in FIG 7A, but with the addition of an adhesive layer 1401 and oleophobic coating 523. In FIG. 7A, ink layer 504 can be seen along with detail of the flange 540. In an embodiment, the edge portion 510 comprises three chamfers 544, 546, and 548. The flange portion 540 itself may be bounded by two chamfers 546, 548, with a straight/flat surface 550 between. An inside corner radial geometry 542 may separate the bottom chamfer 544 from the first chamfer 546 bounding the flange 540. The transparent lens flange 540 thus has a stepped geometry. The machined step in the transparent material provides an increased bond surface area. The chamfers 544, 546, and 548 are applied to all sharp corners of the transparent material to remove microscopic edge cracks from the cutting process and assist with molding. A machined radial geometry 
<!-- EPO <DP n="16"/>-->
 at 542 can be advantageously employed on the inside corner to reduce stress concentrations caused by the otherwise abrupt geometry change that would occur if the corner were square. </p><p id="p0081" num="0081">[0037] With reference to FIG. 7B, the flange surface to be bonded with the plastic during molding can include a joint adhesive 1401. The adhesive is deposited by spraying, printing, or otherwise dispensing, on the flange 540, chamfers 544, 546, 548, inside corner radial geometry 542, and flange plane/flat surface 550 of the transparent lens. The adhesive improves the bond strength between the plastic and the transparent material. Additionally, ink 504, is optionally included on the back surface of the lens. The lens may include an oleophobic coating 523 on the exterior surface. This surface can be a nano coating applied to the front surface of the lens to lower the surface energy of the transparent material and resist deposition of oils on the transparent material surface. Such materials are commonly referred to as anti- smudge or anti-fingerprint coating. This coating will prevent the joint adhesive 1401 from sticking to the front plane of the transparent material. </p><p id="p0082" num="0082">[0038] The flange 540 is disclosed as having three generally parallel planes. The rear plane 522 is the back surface of the transparent material on which the ink 504 decoration is printed and to which a display 1200 is laminated. The rear plane 522 has, in the past, had plastic bonded to glass around the entire perimeter of the lens. Various embodiments do not bond plastic to this plane of transparent material along the sides of the display, thus permitting a narrowing of the device width necessary to accommodate the display and enhancing the edge-to-edge display experience for the user. The intermediate plane 524 of the transparent material, which may be located at approximately the center of the lens thickness half way between the front and rear surfaces, serves to improve the mechanical bond between plastic and transparent material on the sides of the part without the need for plastic 
<!-- EPO <DP n="17"/>-->
 extending over the rear plane of the transparent material. The front plane 526 of transparent material is exposed to the user on the finished product and this surface does not have any plastic molded onto it. The display is viewed through this front surface of the transparent lens. </p><p id="p0083" num="0083">[0039] The lens housing 800 (illustrated in FIGs. 8-10) of lens housing with laminated display 102, includes the transparent lens 500 integrally molded with the lens housing side wall 902. The lens 500 is insert molded with the lens perimeter plastic to create the desired geometry for the front lens housing, including a plastic rim integrally bonded to the transparent lens. </p><p id="p0084" num="0084">[0040] With reference to FIG. 10, in the molding process, the transparent lens 500 is inserted prior to molding the plastic portion 900 that includes the plastic side wall 902, and is integrally bonded after the plastic resin is added and cured. When the molding process is completed, the flange 540 geometry facilitates the plastic 902 forming smoothly tangential to both the front 526 and rear 522 planes of the transparent lens 500. Although tangential could mean co-planar if both surfaces are flat, it also means "continuous" if the surfaces are curved, such that the surface is smooth at a location at which they meet. The plastic housing fills in the chamfer geometry 544, 546, 548, as well as the inner corner radial geometry 542, to create flush, consistent surfaces across the transitions from the transparent lens 500 to the plastic side walls 902. No gaps are visible to a user, who will see at most a finely defined single line where transparent material 500 to plastic 902 transition occurs. A plastic feature 960 created in the process is described in more detail below. </p><p id="p0085" num="0085">[0041] FIG. 11 is a flowchart that illustrates the basic procedures in the assembly, according to an embodiment. The transparent lens 500 is initially created SI 00, and (optionally) an oleophobic coating is applied to the lens SI 10. Adhesive is applied to the edge of the transparent lens SI 20. Then, plastic is injected onto the lens perimeter 
<!-- EPO <DP n="18"/>-->
 S130 (illustrated in more detail in FIGs. 12A-12E). Optically clear light-curable resin 1403 is applied to the lens rear surface 522 S140, and the display module 1200 is placed on the resin 1403. Front 4000 and rear 4010 optical sources are then used to cure the resin SI 60 (see FIGs. 42 and 43). </p><p id="p0086" num="0086">[0042] FIGs. 12A-12E illustrate this assembly process. In FIG. 12A an injection molding tool (injection mold) 1100 comprises a top portion 1102 and a bottom portion 1110. The top portion 1102 has the transparent lens 500 placed in it. The bottom portion of the mold 1110 is brought into contact with the top portion 1102, as shown in FIG. 12B, and then, as shown in FIG. 12C, the plastic portion 900 is injected into the mold 1100. When the mold 1100 is separated, the integrated transparent lens 500 and plastic portion 900 is formed. FIG. 12 E is an exploded view of the mold portions 1102, 1110 and the transparent material/plastic 500, 900 assembly. The holes 108, 110 may be utilized so that the transparent lens 500 can be accurately located in an injection molding tool 1100. </p><p id="p0087" num="0087">[0043] With reference to FIGs. 13-14, the display module 1200 includes a rear glass (glass for the display, as defined herein, can also include other types of transparent material, such as plastic, etc. of sufficient strength and durability) 1205, a front glass 1201, and a polarizer 1203. A display 1200 is laminated to an inside surface of the front lens housing 800 using liquid Optically Clear Resin (OCR) 1403. The OCR 1403 is dispensed on the lens 500 or display 1200, and the lens and display are then bonded together. The OCR 1403 flows out from the viewing area and up the sides of this display module 1403a to form a soft OCR cushion. The adhesive cushion 1403 is thus formed using overflow from the lamination process. The liquid adhesive 1403 permanently laminates the display module to the front lens. As illustrated, the polarizer 1203 and the front glass 1201 contact the optically clear resin (OCR) 1403. The display active pixel perimeter is 
<!-- EPO <DP n="19"/>-->
 illustrated by line 1202. The molding process employed permits the display 1200 to be located in very close proximity to the side wall 902, and thus permitting the active pixels to be positioned very close to the outer edge. Additionally, the flanged edge structure 540 is particularly advantageous for accommodating the curved outer surface of the front lens housing with minimal spacing between the side wall 902 and the active pixels of the display. </p><p id="p0088" num="0088">[0044] FIG. 14 includes two embodiments. A first includes no ink 504 on the rear surface 522 of the transparent lens 500. When this is the case, the front surface boundary defining a front housing plastic- transparent material transition 530' may extend further than an embodiment where the ink 504 is present and where the front surface boundary defines a front housing plastic-transparent material transition 530 that is closer to the device edge. The ink 504 can be applied to the rear surface 522 of the lens 500 along the side walls, such that the ink will frame the entire window 104 (FIG. 1). By not including ink along the side walls, the housing frames the viewing window 104, the edge- to-edge appearance is maintained, the cost of applying ink is not incurred, and application of UV light through the front lens has better access to the OCR 1403 for curing during the assembly process (described in more detail below). </p><p id="p0089" num="0089">[0045] With reference to FIG. 15, prior art molding includes a side wall 902 and transparent lens 500. In order to make the bond surface larger, a large plastic arm 1506 extends out into the transparent material surface. The arm 1506 creates a large surface area that blocks the viewing area of the display, and increases the size of the bezel around the display. As a consequence, the size of the housing for a given display must be larger in the prior art than is possible in the flange embodiment described herein. </p><p id="p0090" num="0090">[0046] FIG. 16 and 17 illustrate further limitations of the prior art. The flat lens 500 and display laminate 1200 uses opaque ink 504, and the 
<!-- EPO <DP n="20"/>-->
 area behind the lens that accommodates the plastic arm 1506 required for molding can be seen to be quite large. The active pixels are moved further in, creating a greater gap between the active pixels and the outer perimeter of the device, than can be achieved with the construction described herein. Unlike the present disclosure, the outer edge of the lens in the prior art extends past the edge of the display module, thus increasing the width of the device. </p><p id="p0091" num="0091">[0047] FIGs. 18-20 illustrate the display and front housing section laminate 102. The back of the display includes display circuitry 2104 (FIG. 21) which is shown in FIG. 18. FIG. 19 shows the side cross- sectional view illustrating an expanded full view of the lens and display laminate 102. As can be seen from FIG. 20, along the top of the device 100, the display 1200 extends to the plastic housing 902 along the top wall. The bottom of the display shows a gap 2002 which is a tolerance of the display within the housing. Alternatively, the OCR may overflow and be cured 1403a. The gap may or may not get filled when the OCR 1403 overflows. </p><p id="p0092" num="0092">[0048] With reference to FIGs. 21 and 22, expanded cross sectional views of the lens housing and display laminate 102 and mesh and gasket assembly 2105 is illustrated. The front housing display assembly includes display driver circuits 2104. A first embodiment is illustrated in FIG. 21. The display 1200 includes rear glass 1205, front glass 1201, and polarizer 1203. The rear display glass 1205 in the embodiment of FIG. 21 extends past the front display glass 1201 towards the device edge, and forms a fragile cantilever 1234 over the air gap 1405. </p><p id="p0093" num="0093">[0049] Although a display includes other components and layers not specifically described herein for brevity, the illustrated display includes circuits 2104 which contains a display driver. A flex 2102 provides electrical connection between components of circuit 2104 and the PCB 306. The display 1200 can be any conventional display, and 
<!-- EPO <DP n="21"/>-->
 may for example be a liquid crystal display, a light emitting diode display, an organic light emitting display, an AMOLED, or any other conventional display. </p><p id="p0094" num="0094">[0050] When manufactured, as illustrated in FIG. 21, the OCR 1403 flows between the lens 500 and the display front glass 1201 or polarizer 1203, forming a laminate by the permanent bond between the display and the front lens. The liquid adhesive 1403 is shown stopping at the edge of the front glass 1201. However since it is liquid, and the flow may be uncontrolled, the OCR 1403 can potentially flow into and through the air gap 1405 or stop short of the edge of the front glass 1201. The air gap 1405 exists between the front lens 500 and the glass display edge including circuit 2104. Any liquid overflow into the air gap can potentially interfere with the positioning of the speaker mesh and gasket 2105 in this embodiment. Additionally, as can be seen in FIG. 21, there is no physical guide to prevent mesh 2108 and gasket 2106 from being incorrectly positioned, such as being positioned too low on the transparent lens (e.g., positioned offset from speaker opening 108, or too far away from the device edge). The display cushioning pad 1255 is also shown. </p><p id="p0095" num="0095">[0051] With reference to FIG. 22 A, an alternate embodiment includes a structure 2202 molded into the lens housing 102. The structure 2202 is integrally molded with the wall 902 and also along the back surface 522 of the transparent lens 500 (shown in FIG. 22A) as part of the molding process when the lens housing is manufactured. The integrally molded structure is particularly advantageous. It permits the speaker mesh and gasket 2105 to be placed accurately in the lens housing 102 during assembly of the device 100. </p><p id="p0096" num="0096">[0052] It also provides an integral dam, minimizing a flow of liquid adhesive 1403, and thus minimizing the liquid flow onto the area for mesh and gasket assembly 2105. Contact between the liquid adhesive 1403 and the mesh and gasket assembly 2015 can be minimized while 
<!-- EPO <DP n="22"/>-->
 still allowing some liquid adhesive to fill the small gap because larger gaps may be deliberately introduced in other locations, and thus the flow of the liquid 1403 is less restricted where the larger gaps exist. The bulk of the overflow will pool in the larger gap areas while a small amount partially fills the small gap in cross section before meeting resistance. </p><p id="p0097" num="0097">[0053] The lens housing provides a seat for the mesh and gasket assembly 2105, such that it can be reliably located in the lens housing without interference from the adhesive. The speaker opening 108 mesh and gasket assembly 2105 can thus be accurately positioned prior to display lamination - allowing it to reside underneath the glass cantilever, if desired. </p><p id="p0098" num="0098">[0054] It is envisioned that the lens housing detail 2202 created during the molding process may follow the footprint of the display flex 2102 so that it supports the ledge but never contacts glass of the display 1200, but only the flex 2102. However, direct support of the rear glass 1205 is also possible and would offer similar advantages for reducing the cantilever condition found in the unsupported glass ledge of FIG. 21. </p><p id="p0099" num="0099">[0055] The housing support may also advantageously include a chamfered edge 2212 (see also FIG. 22B) shaped such that liquid adhesive that is used to laminate the display and lens will flow into and fill any small gap between the housing and the display ledge. The flex lead 2102 is thus well supported and protected if device 100 is exposed to mechanical shock. </p><p id="p0100" num="0100">[0056] FIG. 23 shows the lens assembly and mesh gasket assembly 2105 for the speaker port according to FIG 21, without the support structure. FIG. 24 shows the lens housing including the support structure 2202 according to FIG. 22 A, but not including the mesh gasket assembly 2105 for the speaker port. FIG. 25 shows the lens housing with the mesh and gasket assembly 2105 inserted. The mesh 
<!-- EPO <DP n="23"/>-->
 and gasket assembly 2105 may be positioned in the lens housing prior to display lamination, allowing the mesh to be well positioned underneath the display. The added structure 2202 prevents liquid adhesive from interfering with the speaker mesh and gasket 2105, preventing it from adhering to the rear of the lens or inadvertently sealing the audio port 108. In FIG. 23, nothing prevents misassembly of the mesh gasket assembly towards the bottom of the lens housing. This can lead to cosmetic problems visible through the acoustic port 108 or blockage of the acoustic port. The structure 2202 present in FIGs. 24 and 25 prevents misassembly of the mesh gasket assembly by providing a bottom edge against which to place the assembly. </p><p id="p0101" num="0101">[0057] The structure 2202 provides a precision height support for the display 1200 when the display is positioned into the front lens housing during assembly. The structure 2202 height can be controlled during molding, to provide the appropriate seat for the display and display flex 2102 bonded to the rear display glass 1200. As described above, the assembly may include a cushioning pad 1255 adhered to the rear of the display for protection from other parts of the device. The display driver 2104 is an integrated circuit attached to the rear display glass as shown in the FIGs. 21 and 22. Liquid adhesive 1403 may fill the area around the display driver and bond the lens 500, the housing 902, and flex 2102, and/or the rear display glass 1200. The lens housing preferably contains support structure 2202 to prevent bending of the glass cantilever and contain the liquid adhesive 1403. </p><p id="p0102" num="0102">[0058] FIGs 26-28 illustrate the lens housing with laminated display 102. The walls 902 can provide plastic features to accurately align a display module 1200 to the viewing window from the side. Additionally, edges 2802 can be provided to align the display on the lens housing 102. </p><p id="p0103" num="0103">[0059] With reference to FIGs. 29-44, the housing assembly will now be described. The illustrated lens housing with laminated display 102 
<!-- EPO <DP n="24"/>-->
 includes dovetail protrusions 940 along the side walls of lens housing walls 902. The dovetail protrusions each include a snap hole 946 and a pin hole 942 (best seen in FIG. 32). The dovetail protrusions also contain angled faces 940a at each end of the protrusion. These angled faces 940a provide a significant advantage in that they prevent the plastic sidewall 902 from being able to rotate about the plastic-to- transparent lens bond. </p><p id="p0104" num="0104">[0060] The internal chassis 304 includes mating dovetail cuts 3302 (best viewed in FIG. 33) for each of the dovetail protrusions 942 in the lens housing assembly. These dovetail cuts include matching angled faces 3302a at each end of the cut to interface with the angled faces 940a of the dovetail protrusions 940. To assemble, the dovetail protrusions 940 are slid into the dovetail cut 3302. The dovetail protrusions slide into the dovetail cuts in the internal chassis. The matching angled faces 940a, 3302a prevent the side walls 902 of the lens housing 800 from being able to move along the axis of the pin hole, thus preventing any torque from being exerted on the glue bond 1401 between the plastic housing flange 960 and transparent lens flange 540. When assembled, the pin hole 942 in the dovetail protrusion aligns with pinhole 3303 in the dovetail cut 3302 of the internal chassis assembly 304. The cylindrical pin 311 is inserted into the axially aligned pin holes. The pins hold the chassis on the front lens housing during assembly. The cylindrical pin may include a retention feature 311a (FIG. 35) or have a smooth bore as shown in FIG. 36. </p><p id="p0105" num="0105">[0061] FIGs. 29-41 illustrate the assembly of lens housing with laminated display 102 to the internal chassis 304, and the final assembly of the device housing. The pins 311, 311 ' are inserted into the pinholes when the pinholes are aligned as noted above. The pins 311 including retention features 31 la to snap or press into the pinholes. The smooth bore pin 311 ' is held by friction fit. Friction will be exerted on the pin 311 ' when inserted into the pin holes due to the 
<!-- EPO <DP n="25"/>-->
 layers of glass, the liquid adhesive 1403, and the optional compressed pad 1255 (best seen in FIGs. 39 and 41), causing the chassis to push out against the pin 311 ' and hold it in place during assembly. The vertical stack includes the PCB 306 assembly having shields 3902 positioned against the rear glass 1205 and the battery 312. </p><p id="p0106" num="0106">[0062] The rear housing includes a composite insert 200 with integrally molded plastic side walls 220. The side walls include snap fingers 222 (FIGs. 40, 41) which engage the snap holes 946 in the lens housing dovetail feature 940 to hold the rear housing on the lens housing with laminated display assembly 102. Once assembled, the rear housing side walls 220 cover the pins 311, 311 ' and further prevent them from sliding out along the axis of original insertion as illustrated in FIGs 38 and 39. The rear composite insert 200 is formed to the intended three-dimensional shape for the rear housing. The rear housing holds the battery against the PCB assembly and the display module in the stack up. Additionally, adhesive (not shown) could be included between the rear housing and the battery and or the chassis to secure the stack. </p><p id="p0107" num="0107">DISPLAY LAMINATION ONTO A TRANSPARENT INSERT MOLDED LENS </p><p id="p0108" num="0108"> [0063] The liquid optically clear resin (OCR) 1403 is dispensed between the lens 500 and the display assembly 1200 to bond the display to the front lens. The OCR 1403 flows out from the viewing area and up the side walls 902 between the display and the perimeter wall 902 of the lens assembly. This OCR 1403 forms a soft "cushion". The adhesive cushion 1403 is thus formed using overflow from the lamination process. The liquid adhesive 1403 permanently laminates the display module 1200 to the lens 500. The display in the illustrated example includes an integrated touch screen sensor. </p><p id="p0109" num="0109">[0064] In a traditional display lamination (FIGs. 16 and 17) to flat transparent lens, lamination takes place to stand-alone glass without 
<!-- EPO <DP n="26"/>-->
 any plastic feature. As a result, the edge of the display module is exposed and may be damaged throughout additional manufacturing steps. Liquid adhesive may overflow past the edges of the display, but will not be positioned to protect the side of the display consistently as various embodiments described herein do. </p><p id="p0110" num="0110">[0065] In the prior art, the transparent lens 500 extends past the edge of the display 1200 to provide a landing area for excess adhesive to flow during lamination. This extended lens shown in FIGs. 16 and 17 increases device size, whereas the flange 540 construction of the lens assembly housing 800 described herein avoids the extra width in the present flange construction for both transparent material and plastic. In the preferred embodiment, the transparent lens 500 is actually narrower than the display module 1200. FIG. 14 shows that to achieve this, the plastic side wall 902 forms a planar continuation 922 of the rear surface of the transparent material 522 resulting in a single, planar display lamination surface created partially by transparent material and partially by plastic in the lens housing 800. </p><p id="p0111" num="0111">[0066] An additional benefit may be realized by adhesive overflow 1403a to coat the sides of the display module as shown in FIGs. 11 and 13. Since the more traditional display lamination of FIGs. 16 and 17 occurs between two flat glass planes of the lens and display, there are no mechanical features to properly locate the display to the viewing window of the lens. Proper locating requires specialized and costly optical vision systems to align the viewing window of the lens to the active area of the display. The walls 902 of the lens housing 800 can provide a guide for positioning the display 1200 without use of specialized equipment. </p><p id="p0112" num="0112">[0067] Traditional display lamination to a flat transparent lens uses liquid adhesive which is cured using ultraviolet light shined through the viewing window of the lens. A side ultraviolet light is then employed to cure the liquid adhesive that the front UV light cannot 
<!-- EPO <DP n="27"/>-->
 reach, specifically the areas where the front light sources are blocked by the opaque ink 504 on the lens 500. </p><p id="p0113" num="0113">[0068] In the present embodiment, the plastic side wall 902 prevents the use of a side ultraviolet light for curing the OCR 1403. Figures 42 and 43 show two alternate ultraviolet light techniques that can be used to cure the OCR 1403 and permanently bond the display 1200 and transparent lens 500. </p><p id="p0114" num="0114">[0069] As shown in FIG. 42, the display polarizer 1203 (or possibly some other opaque member of the display 1200) blocks light from the back of the device, and the opaque ink 504 blocks ultraviolet light from the front of the device, such that a portion of the OCR 1403 behind the ink 504 will not receive UV light for curing. According to the embodiment of FIG. 43, the opaque ink 504 is omitted from the rear surface 522 along the sides of the transparent lens, and the housing defines the viewing window 104 along the side walls. </p><p id="p0115" num="0115">[0070] A rear ultraviolet light source 4010 may be used to cure the liquid OCR 1403. The UV light can pass through the front 1201 and rear 1205 display glass in areas where electronic circuitry is not present. The front ultraviolet light source 4000 is used through the clear transparent lens 500 of the window 104. The OCR 1403 will cure (harden) where direct exposure to ultraviolet light occurs. By using the flange plastic feature 960 to define the viewing along the side walls 902 , the need for opaque ink 504 printed on the rear surface 522 of the transparent lens 500 is avoided on the side walls. UV light is allowed to fully cure the liquid adhesive 1403 from the front, and the overflow 1403a is cured by UV light from the rear. </p><p id="p0116" num="0116">[0071] Finally, once the display lamination is complete, the edges of the display are inherently protected by the molded plastic sidewalls 902 of the transparent lens insert 500 molded plastic throughout the rest of manufacturing unlike traditional fabrication methods which leave the fragile glass display 1200 edges substantially 
<!-- EPO <DP n="28"/>-->
 exposed throughout shipping and until further manufacturing steps are completed. </p><p id="p0117" num="0117">[0072] The disclosed device 100 has several additional advantages over existing structures. Side screws are avoided, the screw diameter increasing device thickness and the head thickness increasing device width. Snaps used alone loosen over time, provide limited directional constraints, and can disengage upon mechanical shock. Heat stakes provide poor serviceability, require clearance for heat steak heads, and use special equipment. Glue alone offers poor serviceability and complex process controls. </p><p id="p0118" num="0118">The benefits, advantages, solutions to problems, and any element(s) that may cause any benefit, advantage, or solution to occur or become more pronounced are not to be construed as critical, required, or essential features or elements of any or all the claims. </p><p id="p0119" num="0119">TABLE OF REFERENCE NUMERALS </p><p id="p0120" num="0120"><img id="imgf000028_0001" he="114" wi="153" file="imgf000028_0001.tif" img-format="tif" img-content="table" orientation="portrait" inline="no"/><!-- EPO <DP n="29"/>-->
 150 device width center line </p><p id="p0121" num="0121"> 200 rear housing / third housing component </p><p id="p0122" num="0122"> 202 rear microphone port </p><p id="p0123" num="0123"> 204 rear speaker port </p><p id="p0124" num="0124"> 206 rear facing camera </p><p id="p0125" num="0125"> 210 removable card access door </p><p id="p0126" num="0126"> 220 integrally molded side walls </p><p id="p0127" num="0127"> 222 finger </p><p id="p0128" num="0128"> (301-499 misc. internal components) </p><p id="p0129" num="0129"> 304 internal chassis assembly / second housing component / structural housing </p><p id="p0130" num="0130"> 306 printed circuit board (PCB) </p><p id="p0131" num="0131"> 308 top antenna housing </p><p id="p0132" num="0132"> 309 fasteners / screws </p><p id="p0133" num="0133"> 310 bottom antenna housing </p><p id="p0134" num="0134"> 311, 311 ' pins </p><p id="p0135" num="0135"> 311a retention feature </p><p id="p0136" num="0136"> 311b end of pin distal to camera center </p><p id="p0137" num="0137"> 311c head of pin </p><p id="p0138" num="0138"> 312 battery </p><p id="p0139" num="0139"> 320 card tray </p><p id="p0140" num="0140"> 322 card bay </p><p id="p0141" num="0141"> 402 stiff ener </p><p id="p0142" num="0142"> 404 screws </p><p id="p0143" num="0143"> 406 card access slot </p><p id="p0144" num="0144"> 500 transparent lens / glass transparent material portion of housing</p><p id="p0145" num="0145">504 opaque ink </p><p id="p0146" num="0146"> 510 perimeter edge </p><p id="p0147" num="0147"> 522 rear surface </p><p id="p0148" num="0148"> 523 oleophobic coating </p><p id="p0149" num="0149"> 524 intermediate plane 
<!-- EPO <DP n="30"/>-->
 526 front surface </p><p id="p0150" num="0150"> 530 front surface boundary (inked lens); house plastic-transparent material front surface transition </p><p id="p0151" num="0151"> 530' front surface boundary (non-inked lens) ; house plastic- transparent material front surface transition </p><p id="p0152" num="0152"> 532 rear surface boundary ; house plastic- transparent material rear surface transition </p><p id="p0153" num="0153"> 540 flange / stepped flange </p><p id="p0154" num="0154"> 542 inside corner radial geometry </p><p id="p0155" num="0155"> 544, 546, chamfers </p><p id="p0156" num="0156"> 548 </p><p id="p0157" num="0157"> 550 straight / flat surface; flange plane </p><p id="p0158" num="0158"> 800 lens assembly housing (without the display) </p><p id="p0159" num="0159"> 900 plastic (portion of) lens assembly housing / plastic housing / first housing component / cosmetic housing </p><p id="p0160" num="0160"> 902 plastic side wall </p><p id="p0161" num="0161"> 904 plastic side wall inner surface </p><p id="p0162" num="0162"> 922 rear surface portion </p><p id="p0163" num="0163"> 926 front surface portion </p><p id="p0164" num="0164"> 930 housing seat </p><p id="p0165" num="0165"> 940 dovetail protrusions </p><p id="p0166" num="0166"> 940a angled portions of dovetail protrusions </p><p id="p0167" num="0167"> 942 first pin hole </p><p id="p0168" num="0168"> 946 snap hole </p><p id="p0169" num="0169"> 948 first pin hole surface distal from an end (311b) of the pin (311) distal to a camera center </p><p id="p0170" num="0170"> 950 snap hole countersink </p><p id="p0171" num="0171"> 960 (flange) plastic feature </p><p id="p0172" num="0172"> 962 front surface </p><p id="p0173" num="0173"> 964 rear surface </p><p id="p0174" num="0174"> 1100 injection molding tool / injection mold 
<!-- EPO <DP n="31"/>-->
1102 injection mold top portion </p><p id="p0175" num="0175"> 1110 injection mold bottom portion </p><p id="p0176" num="0176"> 1200 display module / display </p><p id="p0177" num="0177"> 1201 front glass (pane) </p><p id="p0178" num="0178"> 1202, active pixel perimeter boundary </p><p id="p0179" num="0179"> 1202' active pixel perimeter boundary projected onto transparent lens</p><p id="p0180" num="0180">1203 polarizer </p><p id="p0181" num="0181"> 1205 rear glass (pane) </p><p id="p0182" num="0182"> 1230 end </p><p id="p0183" num="0183"> 1232 glass display edge / rear glass end </p><p id="p0184" num="0184"> 1233 front glass end </p><p id="p0185" num="0185"> 1234 rear glass section that is longer than the front glass / cantilever</p><p id="p0186" num="0186">1239 closest point of front transparent pane to mesh and gasket assembly </p><p id="p0187" num="0187"> 1255 display cushioning pad / compressible pad </p><p id="p0188" num="0188"> Other </p><p id="p0189" num="0189"> 1401 joint adhesive </p><p id="p0190" num="0190"> 1403 display adhesive / optically clear resin (OCR) </p><p id="p0191" num="0191"> 1403a excess display adhesive </p><p id="p0192" num="0192"> 1405 air gap </p><p id="p0193" num="0193"> 1506 large plastic arm </p><p id="p0194" num="0194"> 2002 gap </p><p id="p0195" num="0195"> 2102 flexible printed circuit </p><p id="p0196" num="0196"> 2103 location of flexible printed circuit bond to rear glass </p><p id="p0197" num="0197"> 2104 display driver integrated circuits (ICs) </p><p id="p0198" num="0198"> 2105 mesh and gasket assembly </p><p id="p0199" num="0199"> 2106 gasket </p><p id="p0200" num="0200"> 2108 mesh </p><p id="p0201" num="0201"> 2110 first edge of mesh and gasket assembly </p><p id="p0202" num="0202"> 2112 second edge of mesh and gasket assembly </p><p id="p0203" num="0203"> 2122 closest point of mesh and gasket assembly to the front pane of 
<!-- EPO <DP n="32"/>-->
 glass </p><p id="p0204" num="0204"> 2202 support structure </p><p id="p0205" num="0205"> 2212 chamfered edge of support structure</p><p id="p0206" num="0206">2802 display alignment edges </p><p id="p0207" num="0207"> 3302 dovetail cut / recess </p><p id="p0208" num="0208"> 3302a angled portions </p><p id="p0209" num="0209"> 3303 second pin hole </p><p id="p0210" num="0210"> 3902 shield </p><p id="p0211" num="0211"> 4000 front optical source </p><p id="p0212" num="0212"> 4010 rear optical source </p><p id="p0213" num="0213"> SI 00- method steps </p><p id="p0214" num="0214">S170 
</p></description><claims mxw-id="PCLM70076484" ref-ucid="WO-2014130984-A1" lang="EN" load-source="patent-office"><claim-statement><!-- EPO <DP n="33"/>-->WE CLAIM: </claim-statement><claim id="clm-0001" num="1"><claim-text> 1. A method of making a device housing: providing a transparent lens with a front surface and a rear surface, and a stepped flange along at least a portion of the lens perimeter; injecting plastic onto the transparent lens perimeter, including the stepped flange, the plastic forming a plastic feature that has a front surface that is tangent to the front surface of the transparent lens, a rear surface that is tangent to the rear surface of the transparent lens, and that extends outward from the sides of the transparent lens away from a device width center line; wherein: the plastic feature is molded to the rear surface of the transparent lens at at least one of two ends of the device housing; and the plastic encapsulates a stepped middle surface of the transparent lens </claim-text><claim-text> flange. </claim-text></claim><claim id="clm-0002" num="2"><claim-text>2. The method as defined in claim 1, further comprising applying an oleophobic coating to the front surface of the transparent lens. </claim-text></claim><claim id="clm-0003" num="3"><claim-text>3. The method as defined in claim 1, further comprising, prior to injecting the plastic, applying an adhesive to the flange edges of the transparent lens. </claim-text></claim><claim id="clm-0004" num="4"><claim-text>4. The method as defined in claim 3, further comprising applying an oleophobic coating to the front surface of the transparent lens, the coating preventing the adhesive from sticking to the front surface of the transparent lens. 
<!-- EPO <DP n="34"/>-->
</claim-text></claim><claim id="clm-0005" num="5"><claim-text>5. The method as defined in claim 1, wherein a decorative ink on the transparent lens rear surface defines a viewing area of at least one edge of the display. </claim-text></claim><claim id="clm-0006" num="6"><claim-text>6. The method of claim 5, further comprising: applying optically clear light curable resin on the transparent lens rear surface; placing a display module on the resin; and optically curing all of the resin using only a front optical source and a rear optical source. </claim-text></claim><claim id="clm-0007" num="7"><claim-text>7. The method as defined in claim 1, wherein a housing plastic to transparent lens material front surface transition line defines a viewing area of at least one edge of the display. </claim-text></claim><claim id="clm-0008" num="8"><claim-text>8. The method of claim 7, wherein the front surface boundary is closer to a device width center line than a rear surface boundary of the plastic and transparent lens. </claim-text></claim><claim id="clm-0009" num="9"><claim-text>9. A device housing comprising: a transparent lens comprising: a front surface; a rear surface; and a stepped flange along at least a portion of the lens perimeter; the device housing being made by a process comprising: injecting plastic onto the transparent lens perimeter, including the stepped flange, the plastic forming a plastic feature that has a front surface that is tangent to the front surface of the transparent lens, a rear surface that is tangent to the rear surface of the transparent lens, and that extends outward from the sides of the transparent lens away from a device width center line; 
<!-- EPO <DP n="35"/>-->
 wherein: the plastic feature is molded to the rear surface of the transparent lens at at least one of two ends of the device housing; and the plastic encapsulates a stepped middle surface of the transparent lens </claim-text><claim-text> flange. </claim-text></claim><claim id="clm-0010" num="10"><claim-text>10. The device housing of claim 9, the process for making the housing further comprising: applying optically clear light curable resin on the transparent lens rear surface on both sides of the transition line; placing a display module on the resin; and optically curing all of the resin using only a front optical source and a rear optical source. </claim-text></claim><claim id="clm-0011" num="11"><claim-text>11. A method of making a device housing: creating a transparent lens with a front surface and a rear surface, and a </claim-text><claim-text> stepped flange along at least a portion of the lens perimeter; applying an oleophobic coating to the front surface of the transparent lens; applying an adhesive to the flange edges of the transparent lens; injecting plastic onto the transparent lens perimeter, including the stepped flange, the plastic forming a plastic feature that has a front surface that is tangent to the front surface of the transparent lens, a rear surface that is tangent to the rear surface of the transparent lens, and that extends outward from the sides of the transparent lens away from a device width center line; defining a housing plastic-transparent lens material rear surface transition line as a viewing area of at least one edge of the display; 
<!-- EPO <DP n="36"/>-->
 applying optically clear light curable resin on the transparent lens rear surface on both sides of the transition line; placing a display module on the resin; and optically curing all of the resin using only a front optical source and a rear optical source. wherein: the plastic feature is molded to the rear surface of the transparent lens at at least one of two ends of the device housing; and the plastic encapsulates a stepped middle surface of the transparent lens flange; the front surface boundary is closer to a device width center line than a rear surface boundary of the plastic and transparent lens. 
</claim-text></claim></claims><copyright>User acknowledges that Fairview Research LLC and its third party providers retain all right, title and interest in and to this xml under applicable copyright laws.  User acquires no ownership rights to this xml including but not limited to its format.  User hereby accepts the terms and conditions of the Licence Agreement</copyright></patent-document>
