<?xml version="1.0" encoding="UTF-8"?>
<patent-document ucid="EP-2678084-A1" country="EP" doc-number="2678084" kind="A1" date="20140101" family-id="46720042" file-reference-id="318288" date-produced="20180826" status="corrected" lang="EN"><bibliographic-data><publication-reference fvid="146551388" ucid="EP-2678084-A1"><document-id><country>EP</country><doc-number>2678084</doc-number><kind>A1</kind><date>20140101</date><lang>EN</lang></document-id></publication-reference><application-reference ucid="EP-11859203-A" is-representative="NO"><document-id mxw-id="PAPP154825311" load-source="docdb" format="epo"><country>EP</country><doc-number>11859203</doc-number><kind>A</kind><date>20110222</date><lang>EN</lang></document-id><document-id mxw-id="PAPP220438390" load-source="docdb" format="original"><country>EP</country><doc-number>11859203.9</doc-number><date>20110222</date></document-id></application-reference><priority-claims><priority-claim mxw-id="PPC140445922" ucid="CA-2011050107-W" linkage-type="A" load-source="docdb"><document-id format="epo"><country>CA</country><doc-number>2011050107</doc-number><kind>W</kind><date>20110222</date></document-id></priority-claim></priority-claims><technical-data><classifications-ipcr><classification-ipcr mxw-id="PCL2122919373" load-source="docdb">A63B  71/14        20060101AFI20140929BHEP        </classification-ipcr><classification-ipcr mxw-id="PCL2122922383" load-source="docdb">A41D  13/08        20060101ALI20140929BHEP        </classification-ipcr><classification-ipcr mxw-id="PCL2122923942" load-source="docdb">A41D  19/015       20060101ALI20140929BHEP        </classification-ipcr><classification-ipcr mxw-id="PCL2122926442" load-source="docdb">A63B  69/00        20060101ALI20140929BHEP        </classification-ipcr></classifications-ipcr><classifications-cpc><classification-cpc mxw-id="PCL1988098575" load-source="docdb" scheme="CPC">A63B  71/145       20130101 FI20130921BHEP        </classification-cpc><classification-cpc mxw-id="PCL1988124973" load-source="docdb" scheme="CPC">A63B  69/004       20130101 LA20130921BHEP        </classification-cpc><classification-cpc mxw-id="PCL1988138040" load-source="docdb" scheme="CPC">A63B2209/10        20130101 LA20130921BHEP        </classification-cpc><classification-cpc mxw-id="PCL2079272337" load-source="docdb" scheme="CPC">A63B  71/141       20130101 LA20140528BHEP        </classification-cpc></classifications-cpc><invention-title mxw-id="PT132186648" lang="DE" load-source="patent-office">SPORTHANDSCHUH MIT VERBESSERTEM HANDGELENKBÜNDCHEN</invention-title><invention-title mxw-id="PT132186649" lang="EN" load-source="patent-office">SPORTS GLOVE HAVING IMPROVED WRIST STRAP</invention-title><invention-title mxw-id="PT132186650" lang="FR" load-source="patent-office">GANT DE SPORT AYANT UNE BANDE DE POIGNET AMÉLIORÉE</invention-title></technical-data><parties><applicants><applicant mxw-id="PPAR918172809" load-source="docdb" sequence="1" format="epo"><addressbook><last-name>HAYABUSA FIGHTWEAR INC</last-name><address><country>CA</country></address></addressbook></applicant><applicant mxw-id="PPAR918134015" load-source="docdb" sequence="1" format="intermediate"><addressbook><last-name>HAYABUSA FIGHTWEAR INC.</last-name></addressbook></applicant><applicant mxw-id="PPAR918984695" load-source="patent-office" sequence="1" format="original"><addressbook><last-name>Hayabusa Fightwear Inc.</last-name><iid>101333885</iid><address><street>745 Development Dr. Unit 2/3</street><city>Kingston, Ontario K7M 4W6</city><country>CA</country></address></addressbook></applicant></applicants><inventors><inventor mxw-id="PPAR918144173" load-source="docdb" sequence="1" format="epo"><addressbook><last-name>CLEMENT KEN</last-name><address><country>CA</country></address></addressbook></inventor><inventor mxw-id="PPAR918135079" load-source="docdb" sequence="1" format="intermediate"><addressbook><last-name>CLEMENT, KEN</last-name></addressbook></inventor><inventor mxw-id="PPAR918983822" load-source="patent-office" sequence="1" format="original"><addressbook><last-name>CLEMENT, KEN</last-name><address><street>1016 Freeman Tr.</street><city>Milton, Ontario L9T 5T3</city><country>CA</country></address></addressbook></inventor><inventor mxw-id="PPAR918152267" load-source="docdb" sequence="2" format="epo"><addressbook><last-name>CLEMENT CRAIG</last-name><address><country>CA</country></address></addressbook></inventor><inventor mxw-id="PPAR918164875" load-source="docdb" sequence="2" format="intermediate"><addressbook><last-name>CLEMENT, Craig</last-name></addressbook></inventor><inventor mxw-id="PPAR918980423" load-source="patent-office" sequence="2" format="original"><addressbook><last-name>CLEMENT, Craig</last-name><address><street>898 Newmarket Lane</street><city>Kingston, Ontario K7K 0C8</city><country>CA</country></address></addressbook></inventor><inventor mxw-id="PPAR918157484" load-source="docdb" sequence="3" format="epo"><addressbook><last-name>ZIKAKIS JOHN DAVID</last-name><address><country>CA</country></address></addressbook></inventor><inventor mxw-id="PPAR918169585" load-source="docdb" sequence="3" format="intermediate"><addressbook><last-name>ZIKAKIS, John David</last-name></addressbook></inventor><inventor mxw-id="PPAR918991791" load-source="patent-office" sequence="3" format="original"><addressbook><last-name>ZIKAKIS, John David</last-name><address><street>19075 Centre Street</street><city>Mount Albert, Ontario L0G 1M0</city><country>CA</country></address></addressbook></inventor></inventors><agents><agent mxw-id="PPAR918992679" load-source="patent-office" sequence="1" format="original"><addressbook><last-name>Maillet, Alain</last-name><suffix>et al</suffix><iid>101205837</iid><address><street>Cabinet le Guen Maillet 5, Place Newquay B.P. 70250</street><city>35802 Dinard Cedex</city><country>FR</country></address></addressbook></agent></agents></parties><international-convention-data><pct-or-regional-filing-data ucid="CA-2011050107-W"><document-id><country>CA</country><doc-number>2011050107</doc-number><kind>W</kind><date>20110222</date><lang>EN</lang></document-id></pct-or-regional-filing-data><pct-or-regional-publishing-data ucid="WO-2012113053-A1"><document-id><country>WO</country><doc-number>2012113053</doc-number><kind>A1</kind><date>20120830</date><lang>EN</lang></document-id></pct-or-regional-publishing-data><designated-states><ep-contracting-states><country mxw-id="DS548838046" load-source="docdb">AL</country><country mxw-id="DS548866506" load-source="docdb">AT</country><country mxw-id="DS548838047" load-source="docdb">BE</country><country mxw-id="DS548935608" load-source="docdb">BG</country><country mxw-id="DS548928276" load-source="docdb">CH</country><country mxw-id="DS548930848" load-source="docdb">CY</country><country mxw-id="DS548866507" load-source="docdb">CZ</country><country mxw-id="DS548838048" load-source="docdb">DE</country><country mxw-id="DS548930849" load-source="docdb">DK</country><country mxw-id="DS548930850" load-source="docdb">EE</country><country mxw-id="DS548916209" load-source="docdb">ES</country><country mxw-id="DS548935609" load-source="docdb">FI</country><country mxw-id="DS548935610" load-source="docdb">FR</country><country mxw-id="DS548838049" load-source="docdb">GB</country><country mxw-id="DS548930851" load-source="docdb">GR</country><country mxw-id="DS548838050" load-source="docdb">HR</country><country mxw-id="DS548866508" load-source="docdb">HU</country><country mxw-id="DS548928277" load-source="docdb">IE</country><country mxw-id="DS548838051" load-source="docdb">IS</country><country mxw-id="DS548935611" load-source="docdb">IT</country><country mxw-id="DS548930852" load-source="docdb">LI</country><country mxw-id="DS548933234" load-source="docdb">LT</country><country mxw-id="DS548866509" load-source="docdb">LU</country><country mxw-id="DS548933235" load-source="docdb">LV</country><country mxw-id="DS548933236" load-source="docdb">MC</country><country mxw-id="DS548816634" load-source="docdb">MK</country><country mxw-id="DS548816635" load-source="docdb">MT</country><country mxw-id="DS548866510" load-source="docdb">NL</country><country mxw-id="DS548838052" load-source="docdb">NO</country><country mxw-id="DS548930853" load-source="docdb">PL</country><country mxw-id="DS548933237" load-source="docdb">PT</country><country mxw-id="DS548866511" load-source="docdb">RO</country><country mxw-id="DS548933306" load-source="docdb">RS</country><country mxw-id="DS548930922" load-source="docdb">SE</country><country mxw-id="DS548933307" load-source="docdb">SI</country><country mxw-id="DS548838053" load-source="docdb">SK</country><country mxw-id="DS548930923" load-source="docdb">SM</country><country mxw-id="DS548816636" load-source="docdb">TR</country></ep-contracting-states></designated-states></international-convention-data><office-specific-data><eptags><ep-no-a-document-published>*</ep-no-a-document-published></eptags></office-specific-data></bibliographic-data><abstract mxw-id="PA99627095" ref-ucid="WO-2012113053-A1" lang="EN" load-source="patent-office"><p num="0000">The present invention provides a protective sports glove worn. The glove may be used by athletes during training or in a combative event requiring striking to protect against injury and increase performance, including, but not limited to, total force transference, grip strength, striking force and speed, muscular endurance, time to contraction, etc. These gloves have an adjustable dual strapping wrist tie system to secure the gloves to the contour of the hands and ensure they remain tight and fixed. The dual strapping system seeks to provide increased wrist and hand rigidity that mirrors a tightness of hand wrap bandages for maximal bone and tendon support of the hands and wrists. This system increases the transfer of force to the point of impact.</p></abstract><abstract mxw-id="PA99825602" ref-ucid="WO-2012113053-A1" lang="EN" source="national office" load-source="docdb"><p>The present invention provides a protective sports glove worn. The glove may be used by athletes during training or in a combative event requiring striking to protect against injury and increase performance, including, but not limited to, total force transference, grip strength, striking force and speed, muscular endurance, time to contraction, etc. These gloves have an adjustable dual strapping wrist tie system to secure the gloves to the contour of the hands and ensure they remain tight and fixed. The dual strapping system seeks to provide increased wrist and hand rigidity that mirrors a tightness of hand wrap bandages for maximal bone and tendon support of the hands and wrists. This system increases the transfer of force to the point of impact.</p></abstract><abstract mxw-id="PA99627096" ref-ucid="WO-2012113053-A1" lang="FR" load-source="patent-office"><p num="0000">La présente invention concerne un gant de sport de protection. Le gant peut être utilisé par des athlètes en cours d'entraînement ou lors d'une épreuve de combat impliquant de la frappe à des fins de protection contre les blessures et à des fins d'augmentation de la performance, notamment, mais sans s'y limiter, du transfert total de la force, de la force de préhension, de la force et la vitesse de frappe, de l'endurance musculaire, du délai de contraction, etc. Ces gants ont un système d'attache de poignet à bande double réglable permettant d'assujettir les gants par rapport au contour des mains et permettant de garantir qu'ils restent serrés et fixes. Le système à bande double vise à procurer une plus grande rigidité au niveau des poignets et des mains de manière similaire au serrage de bandes pour les mains pour un support maximum des os et des tendons des mains et des poignets. Le système permet d'augmenter le transfert de force jusqu'au point d'impact.</p></abstract><abstract mxw-id="PA99825603" ref-ucid="WO-2012113053-A1" lang="FR" source="national office" load-source="docdb"><p>La présente invention concerne un gant de sport de protection. Le gant peut être utilisé par des athlètes en cours d'entraînement ou lors d'une épreuve de combat impliquant de la frappe à des fins de protection contre les blessures et à des fins d'augmentation de la performance, notamment, mais sans s'y limiter, du transfert total de la force, de la force de préhension, de la force et la vitesse de frappe, de l'endurance musculaire, du délai de contraction, etc. Ces gants ont un système d'attache de poignet à bande double réglable permettant d'assujettir les gants par rapport au contour des mains et permettant de garantir qu'ils restent serrés et fixes. Le système à bande double vise à procurer une plus grande rigidité au niveau des poignets et des mains de manière similaire au serrage de bandes pour les mains pour un support maximum des os et des tendons des mains et des poignets. Le système permet d'augmenter le transfert de force jusqu'au point d'impact.</p></abstract><description mxw-id="PDES50931773" ref-ucid="WO-2012113053-A1" lang="EN" load-source="patent-office"><!-- EPO <DP n="2"/>--><p id="p0001" num="0001"> SPORTS GLOVE HAVING IMPROVED WRIST STRAP </p><p id="p0002" num="0002">Field of the Invention </p><p id="p0003" num="0003">[0001] The present invention relates to a combat sports glove designed for improved fit and function. </p><p id="p0004" num="0004">Background of the Invention </p><p id="p0005" num="0005">[0002] Combat athletes, especially mixed martial arts (MMA) practitioners, use gloves that generally are cumbersome, thick, non form-fitting and lack in adequate wrist and hand support. These conventional gloves quickly, and with </p><p id="p0006" num="0006">repetitive use, lose the ability to maintain proper fit and function. This can lead to a decrease in force transfer and related hand and fist functioning and also can lead to injury. Another shortcoming of these conventional combat gloves is that, when the glove strikes a target or an opponent, the glove can be loose on the hand and the wrist portion of the glove can be unstable. This shortcoming can lead to improper bone alignment and thus an injury can be experienced by the athlete during training or at a competitive event . </p><p id="p0007" num="0007">[0003] Maintaining maximal force transmission in relation to striking force and grip strength are key factors in support performance during stand up or ground combat. Injury </p><p id="p0008" num="0008">prevention is also of great importance to these athletes especially specific to protection related to the hands and fists. In particular, through repeated use and wear, the glove fit may become lose and inadequate to function properly. </p><p id="p0009" num="0009">Summary of the Invention </p><p id="p0010" num="0010">[0004] The present invention provides a protective sports glove worn. The glove may be used by athletes during training or in a combative event requiring striking to protect against injury and increase performance, including, but not limited 
<!-- EPO <DP n="3"/>-->
to, total force transference, grip strength, striking force and speed, muscular endurance, time to contraction, etc. </p><p id="p0011" num="0011">[0005] The present invention provides an adjustable dual strapping wrist tie system to secure the glove to the contour of the hand and ensure it remains tight and fixed. The dual strapping system seeks to provide increased wrist and hand rigidity that mirrors a tightness of hand wrap bandages for maximal bone and tendon support of the hands and wrists. </p><p id="p0012" num="0012">[0006] This system also advantageously increases the transfer of force to the point of impact. </p><p id="p0013" num="0013">[0007] In a first aspect, the present invention provides a protective sports glove comprising: a body having: a dorsal portion; a volar portion; a finger portion for fingers; and a wrist portion for a wrist; wherein the finger portion has a first section for enclosing the second, third, fourth and fifth fingers together and a second section for enclosing the thumb; wherein the dorsal portion has a layer of padding extending over a dorsal side of the first and second sections of the finger portion; wherein the wrist portion of the body has a strap closure for adjustably securing the glove to the wrist and is continuous over the dorsal portion and </p><p id="p0014" num="0014">discontinuous over the volar portion, thereby forming a gap on the volar portion and extending distally and having a </p><p id="p0015" num="0015">termination point prior to the finger portion, and the gap has a thumb-side edge and an opposing-side edge; wherein the strap closure has a primary support strap and a secondary support strap, and each strap has a reversible fastening means; </p><p id="p0016" num="0016">wherein the primary support strap is fixed at the thumb-side edge of the gap and arranged to pass across the gap and through a slot on the opposing-side edge of the gap for fastening to the dorsal side of the wrist portion, the dorsal side of the wrist portion is adapted for reversible fastening; and wherein the secondary support strap is fixed at the 
<!-- EPO <DP n="4"/>-->
opposing-side of the gap and arranged to pass across the gap in a direction opposite that of the support strap for </p><p id="p0017" num="0017">fastening to the dorsal side of the wrist portion overtop the fastened support strap. </p><p id="p0018" num="0018">[0008] In a second aspect, the present invention provides a protective sports glove comprising: a body having: a dorsal portion; a volar portion; a finger portion for fingers; and a wrist portion for a wrist; wherein the finger portion has a section for enclosing the fingers, and the region for </p><p id="p0019" num="0019">enclosing the fingers has loops for individually accepting the second, third, forth, and fifth proximal phalanges; wherein the dorsal portion has a layer of padding covering at least the second, third, fourth, and fifth metacarpals and proximal phalanges and associated base knuckles; wherein the wrist portion of the body has a strap closure for adjustably securing the glove to the wrist and is continuous over the dorsal portion and discontinuous over the volar portion, thereby forming a gap on the volar portion and extending distally and having a termination point prior to the finger portion, and the gap has a thumb-side edge and an opposing- side edge; wherein the strap closure has a primary support strap and a secondary support strap, such that each strap has a reversible fastening means; wherein the primary support strap is fixed at the thumb-side edge of the gap and arranged to pass across the gap and through a slot on the opposing-side edge of the gap for fastening to the dorsal side of the wrist portion, the dorsal side of the wrist portion adapted for reversible fastening; and wherein the secondary support strap is fixed at the opposing-side of the gap and arranged to pass across the gap in a direction opposite that of the support strap for fastening to the dorsal side of the wrist portion overtop the fastened support strap. 
<!-- EPO <DP n="5"/>-->
 [0009] In a third aspect, the present invention provides a protective sports glove for use by persons engaging in combat sports requiring striking with a closed fist and open hand grabbing, the glove comprising: a body having: a dorsal portion; a volar portion; a finger portion for fingers; and a wrist portion for a wrist; wherein the finger portion </p><p id="p0020" num="0020">comprising has a region for accepting the fingers, wherein such that the region for accepting the fingers comprises loops for individually accepting the first, second, third, forth, and fifth proximal phalanges; wherein the dorsal portion comprising has a first layer of padding covering at least the second, third, fourth, and fifth metacarpals and proximal phalanges and associated base knuckles and a second layer of padding covering the thumb metacarpal and proximal phalange; wherein the wrist portion of the body comprising has a strap closure for adjustably securing the glove to the wrist and is continuous over the dorsal portion and discontinuous over the volar portion, thereby forming a gap on the volar portion and extending distally and having a termination point prior to the finger portion, the gap having a thumb-side edge and an opposing-side edge; wherein the strap closure comprising has a primary support strap and a secondary support strap, and each having strap has a reversible fastening means; wherein the primary support strap being is fixed at the thumb-side edge of the gap and arranged to pass across the gap and through a slot on the opposing-side edge of the gap for fastening to the dorsal side of the wrist portion, the dorsal side of the wrist portion adapted for reversible fastening; and the secondary support strap being is fixed at the opposing-side of the gap and arranged to pass across the gap in a direction opposite that of the support strap for fastening to the dorsal side of the wrist portion overtop the fastened support strap. </p><p id="p0021" num="0021">Brief Description of the Figures 
<!-- EPO <DP n="6"/>-->
 [00010] Embodiments of the invention have been chosen for purposes of illustration and description and are not intended to be limiting. Throughout the drawings, like elements are referred to by like numerals. </p><p id="p0022" num="0022">[00011] Figure 1 is a bottom view showing the volar/palm side of a glove showing both straps open according to one </p><p id="p0023" num="0023">embodiment of the present invention. </p><p id="p0024" num="0024">[00012] Figure 2 is a top view of the dorsal/top side of the glove shown in Figure 1 having the primary strap passed through the slot and in an unsecured or unfastened position. </p><p id="p0025" num="0025">[00013] Figure 3 is a view similar to that shown in Figure 2 with the glove having the primary strap passed through the slot and in a secured or fastened position. </p><p id="p0026" num="0026">[00014] Figure 4 is a top view of the dorsal side of the glove shown in Figure 3 showing both straps in a secured or fastened position . </p><p id="p0027" num="0027">[00015] Figure 5 is a bottom view of the volar side of the glove shown in Figure 4. </p><p id="p0028" num="0028">[00016] Figure 6 is a bottom view showing the volar/palm side of a glove according to an alternative embodiment of the present invention showing both straps open. </p><p id="p0029" num="0029">[00017] Figure 7 is a top view of the dorsal/top side of the glove shown in Figure 6 having the primary strap passed through the slot and in an unsecured or unfastened position. </p><p id="p0030" num="0030">[00018] Figure 8 is a view similar to that shown in Figure 7 with the glove having the primary strap passed through the slot and in a secured or fastened position. </p><p id="p0031" num="0031">[00019] Figure 9 is a top view of the dorsal side of the glove shown in Figure 8 showing both straps in a secured or fastened position . 
<!-- EPO <DP n="7"/>-->
 [00020] Figure 10 is a bottom view of the volar side of the glove shown in Figure 9. </p><p id="p0032" num="0032">[00021] Figure 11 a top view of the dorsal/top side of a glove showing both straps in a secured or fastened position </p><p id="p0033" num="0033">according to another alternative embodiment of the present invention . </p><p id="p0034" num="0034">[00022] Figure 12 is a bottom view of the volar side of the glove shown in Figure 11. </p><p id="p0035" num="0035">Detailed Description </p><p id="p0036" num="0036">[00023] While the various embodiments of the present invention are herein described with specific examples, those examples are not intended to be limiting, and those of skill in the art will appreciate and recognize other embodiments and advantages of the present invention. </p><p id="p0037" num="0037">[00024] It should be noted that commonly accepted anatomical names are used throughout this document to refer to parts of the hand and corresponding parts of the gloves. The term, dorsal, refers to the back or top of the hand. The term, volar, refers to the bottom or palm-side of the hand. The thumb is understood to be considered the first finger, but is commonly referred to herein as the thumb. The remaining fingers, proceeding from the first finger, are referred to herein as the second, third, fourth, and fifth fingers. </p><p id="p0038" num="0038">[00025] Referring to Figure 1, a glove 10 is shown in palmer view. Glove 10 has a dorsal portion (not visible in this view) , a volar portion 30, a finger portion 40, and a wrist portion 50. The volar portion 30 contains an elongated thumb slot 32 for allowing thumb movement. Volar portion 30, in combination with the elongated thumb slot 32, forms, in a preferred embodiment, a Y-shaped structure 34. 
<!-- EPO <DP n="8"/>-->
 [00026] According to a preferred embodiment, the finger portion 40 is comprised of loops for individually accepting the second 42, third 43, fourth 44, and fifth 45 proximal phalanges. </p><p id="p0039" num="0039">Wrist portion 50 is formed with a gap 52, having a thumb-side edge 52A and an opposing-side edge 52B. A primary support strap 54 is attached to the thumb-side edge 52A at 54A and a secondary support strap 56 is attached to the opposing-side edge 52B at 56A. The opposing-side edge 52B contains a slot 57. </p><p id="p0040" num="0040">[00027] In use, an individual places their hand inside glove 10. The gap 52 allows for the wrist portion 50 and volar portion 30 to open and accommodate the hand, the hand being larger in circumference in some regions than the wrist. The individual' s thumb passes through thumb slot 32 and their second, third, fourth, and fifth fingers pass through loops 42, 43, 44, and 45, respectively, of finger portion 40. </p><p id="p0041" num="0041">[00028] Next, primary support strap 54 is passed through slot 57 as shown in Figure 2. Figure 2 shows the opposite side of the glove 10 shown in Figure 1 with the primary support strap 54 passed through slot 57 and also showing dorsal portion 20. In some embodiments, dorsal portion 20 contains padding material to protect the dorsal part of the hand and the proximal phalanges portions of the second, third, fourth, and fifth fingers. In use, primary strap 54 is pulled tightly in the direction of the straight arrow shown in Figure 2. In a preferred embodiment, the primary support strap 54 has an elastic portion, preferably near the thumb-side attachment </p><p id="p0042" num="0042">54A. As primary support strap 54 is pulled, it narrows or closes the gap 52 and volar Y-shaped structure 34 to tightly conform to the wearer' s hand and wrist, thereby producing a tight, supportive fit. The dorsal side of wrist portion 50 includes a region 58 having means to accommodate reversible fastening of the strap closure system (shown in Crosshatch), 
<!-- EPO <DP n="9"/>-->
in particular the primary support strap 54, which in turn also contains a means to facilitate reversible fastening. The means to facilitate reversible fastening are preferably hook-and- loop type fastening, such as that made by Velcro®. </p><p id="p0043" num="0043">[00029] Now referring to Figure 3, the primary support strap 54, having been pulled tightly as shown in Figure 2 is now shown in a fastened position having been pulled in the direction of the straight arrow shown in Figure 3. The primary support strap 54 is pulled back across over the dorsal side of wrist portion 50 in the opposite direction against slot 57 and securely fastened to region 58. </p><p id="p0044" num="0044">[00030] Referring now to Figure 4, glove 10 is shown in a dorsal view with the dual strap closure system fully closed and secured. To facilitate reversible fastening, the secondary support strap 56 has means to facilitate fastening. To secure secondary support strap 56, it is, from the unsecured position</p><p id="p0045" num="0045">(shown in Figures 1-3) , first pulled tightly in the direction of the arrow shown in Figure 4 across the volar side of wrist portion 50 (shown in FIGURE 1) , then around to the dorsal side of wrist portion 50 and then across the dorsal side of wrist portion 50 and fastened overtop of the secured primary support strap 54, which is already secured to region 58. </p><p id="p0046" num="0046">[00031] In an alternative embodiment, the primary support strap 54 has reversible fastening means on both of its sides to facilitate fastening to region 58 and to facilitate fastening of the secondary support strap 56. In further aspects of the preferred embodiment, secondary support strap 56 includes at least a portion of a non-stretch material. Preferably, the non-stretch material is made of nylon, e.g., 420D nylon, or some combination thereof. </p><p id="p0047" num="0047">[00032] Figure 5 shows the volar-side view of the glove with the straps fastened. 
<!-- EPO <DP n="10"/>-->
 [00033] Figures 6 through 10 show the glove 10 in an alternative embodiment but with a corresponding operation of the dual strap system as shown in Figures 1 through 5. </p><p id="p0048" num="0048">[00034] Referring now to Figure 6, a glove 10 is shown in palmer view. Glove 10 has a dorsal portion (not visible in this view) , a volar portion 30, a finger portion 40, and a wrist portion 50. The finger portion 40 according to this embodiment is comprised of loops for individually accepting the thumb (not visible in the figures), second 42, third 43, fourth 44, and fifth 45 proximal phalanges. Wrist portion 50 is formed with a gap 52, having a thumb-side edge 52A and an opposing-side edge 52B. A primary support strap 54 is attached to the thumb-side edge 52A at 54A and a secondary support strap 56 is attached to the opposing-side edge 52B at 56A. The opposing-side edge 52B contains a slot 57. </p><p id="p0049" num="0049">[00035] For the use of the dual strap system, Figures 7 through</p><p id="p0050" num="0050">10 correspond to Figures 2 through 5, respectively. Like parts are identified by the same numerals. </p><p id="p0051" num="0051">[00036] Figures 11 and 12 show a glove according to another alternative embodiment of the present invention and correspond to Figures 4 and 5 and to Figures 9 and 10. Closure of the dual strap system is as previously described. Glove 10 has a dorsal portion 20, a volar portion 30, a finger portion 40, and a wrist portion 50. Finger portion 40 is comprised of two separate compartments; one for receiving the thumb and one for receiving the second, third, fourth, and fifth fingers. Figure</p><p id="p0052" num="0052">11 shows the glove 10 in dorsal view with the primary support strap 54 (not shown) already fastened as described in the embodiments above and the secondary support strap 56 being fastened as in Figures 4 and 9. Figure 12 shows glove 10 in palmer view with both straps secured as in Figures 5 and 10. 
<!-- EPO <DP n="11"/>-->
 [00037] The present invention provides gloves with improved wrist closure for improved fit and function by providing a dual cross directional strap system with the combination of a primary support strap having an elastic, stretchable portion and a non-stretchable secondary support strap. Advantageously, gloves according to the various embodiments of the invention prevent rapid loosening and maintain proper fit and function for longer periods of time than those of the prior art. </p><p id="p0053" num="0053">[00038] Further improvements in fit and function are provided, in certain embodiments of the invention, by inclusion of a volar Y-shaped structure. Here, the glove includes a </p><p id="p0054" num="0054">contouring hand/fist Y-shaped structure to generate a bareknuckle like contour glove to support maximal force production during striking, while providing a proper fit during open-hand grabbing and repeated transitions between opened and closed hand. This Y-shaped structure is particularly well-suited to mixed martial arts gloves. </p><p id="p0055" num="0055">[00039] The gloves may be made of material commonly used to manufacture combat sport gloves. Such materials include leather or vinyl. For padding, commonly known material may be used such as high-density polyurethane . </p><p id="p0056" num="0056">[00040] The elements of the present invention described herein may be used in a variety of specific glove types. For example the features may be incorporated into gloves commonly worn in specific combat sports such as boxing, kick-boxing, and mixed martial arts, in which each may use gloves of different weight including, but not limited to, 4oz, 6oz, 8oz, lOoz, 12oz, 14oz, 16oz, 18oz, and 20oz. 
</p></description><claims mxw-id="PCLM44727735" ref-ucid="WO-2012113053-A1" lang="EN" load-source="patent-office"><claim id="clm-0001" num="1"><!-- EPO <DP n="12"/>--><claim-text>is claimed is: </claim-text><claim-text>A protective sports glove comprising: a body having: a dorsal portion; a volar portion; a finger portion for fingers; and a wrist portion for a wrist; wherein the finger portion has a first section for enclosing the second, third, fourth and fifth fingers together and a second section for enclosing the thumb; wherein the dorsal portion has a layer of padding extending over a dorsal side of the first and second sections of the finger portion; wherein the wrist portion of the body has a strap closure for adjustably securing the glove to the wrist and is continuous over the dorsal portion and discontinuous over the volar portion, thereby forming a gap on the volar portion and extending distally and having a termination point prior to the finger portion, and the gap has a thumb-side edge and an opposing-side edge; wherein the strap closure has a primary support </claim-text><claim-text> strap and a secondary support strap, and each strap has a reversible fastening means; wherein the primary support strap is fixed at the thumb-side edge of the gap and arranged to pass across the gap and through a slot on the <!-- EPO <DP n="13"/>--> opposing-side edge of the gap for fastening to the dorsal side of the wrist portion, the dorsal side of the wrist portion is adapted for reversible fastening; and wherein the secondary support strap is fixed at the opposing-side of the gap and arranged to pass across the gap in a direction opposite that of the support strap for fastening to the dorsal side of the wrist portion overtop the fastened support strap. </claim-text></claim><claim id="clm-0002" num="2"><claim-text>2. The protective sports glove of claim 1, wherein at least one of the primary support strap and the secondary support strap includes a non-stretch material. </claim-text></claim><claim id="clm-0003" num="3"><claim-text>3. The protective sports glove of claim 2, wherein the </claim-text><claim-text> secondary support strap includes a non-stretch material. </claim-text></claim><claim id="clm-0004" num="4"><claim-text>4. The protective sports glove of claim 3, wherein the </claim-text><claim-text> primary support strap includes an elastic portion. </claim-text></claim><claim id="clm-0005" num="5"><claim-text>5. The protective sports glove of claim 4, wherein the non- stretch material is nylon. </claim-text></claim><claim id="clm-0006" num="6"><claim-text>6. A protective sports glove comprising: a body having: a dorsal portion; a volar portion; a finger portion for fingers; and a wrist portion for a wrist; wherein the finger portion has a section for enclosing the fingers, and the region for enclosing the fingers has loops for <!-- EPO <DP n="14"/>--> individually accepting the second, third, forth, and fifth proximal phalanges; wherein the dorsal portion has a layer of padding covering at least the second, third, fourth, and fifth metacarpals and proximal phalanges and associated base knuckles; wherein the wrist portion of the body has a strap closure for adjustably securing the glove to the wrist and is continuous over the dorsal portion and discontinuous over the volar portion, thereby forming a gap on the volar portion and extending distally and having a termination point prior to the finger portion, and the gap has a thumb-side edge and an opposing-side edge; wherein the strap closure has a primary support </claim-text><claim-text> strap and a secondary support strap, such that each strap has a reversible fastening means; wherein the primary support strap is fixed at the thumb-side edge of the gap and arranged to pass across the gap and through a slot on the opposing-side edge of the gap for fastening to the dorsal side of the wrist portion, the dorsal side of the wrist portion adapted for reversible fastening; and wherein the secondary support strap is fixed at the opposing-side of the gap and arranged to pass across the gap in a direction opposite that of the support strap for fastening to the dorsal side of the wrist portion overtop the fastened support strap. <!-- EPO <DP n="15"/>--> </claim-text></claim><claim id="clm-0007" num="7"><claim-text>7. The protective sports glove of claim 6, wherein at least one of the primary support strap and the secondary support strap includes a non-stretch material. </claim-text></claim><claim id="clm-0008" num="8"><claim-text>8. The protective sports glove of claim 7, wherein the </claim-text><claim-text> secondary support strap includes a non-stretch material. </claim-text></claim><claim id="clm-0009" num="9"><claim-text>9. The protective sports glove of claim 8, wherein the </claim-text><claim-text> primary support strap includes an elastic portion. </claim-text></claim><claim id="clm-0010" num="10"><claim-text>10. The protective sports glove of claim 9, wherein the non-stretch material is nylon. </claim-text></claim><claim id="clm-0011" num="11"><claim-text>11. The protective sports glove of claim 7, wherein the volar portion has a Y-shape design that includes a slot for allowing thumb movement. </claim-text></claim><claim id="clm-0012" num="12"><claim-text>12. The protective sports glove of claim 10, wherein the volar portion has a Y-shaped design that includes a slot for allowing thumb movement. </claim-text></claim><claim id="clm-0013" num="13"><claim-text>13. A protective sports glove comprising: a body having: a dorsal portion; a volar portion; a finger portion for fingers; and a wrist portion for a wrist; wherein the finger portion has a region for accepting the fingers, such that the region for accepting the fingers comprises loops for individually accepting the first, second, third, forth, and fifth proximal phalanges; wherein the dorsal portion has a first layer of </claim-text><claim-text> padding covering at least the second, third, <!-- EPO <DP n="16"/>--> fourth, and fifth metacarpals and proximal phalanges and associated base knuckles and a second layer of padding covering the thumb metacarpal and proximal phalange; wherein the wrist portion of the body has a strap closure for adjustably securing the glove to the wrist and is continuous over the dorsal portion and discontinuous over the volar portion, thereby forming a gap on the volar portion and extending distally and having a termination point prior to the finger portion, the gap having a thumb-side edge and an opposing-side edge; wherein the strap closure has a primary support </claim-text><claim-text> strap and a secondary support strap, and each strap has a reversible fastening means; wherein the primary support strap is fixed at the thumb-side edge of the gap and arranged to pass across the gap and through a slot on the opposing-side edge of the gap for fastening to the dorsal side of the wrist portion, the dorsal side of the wrist portion adapted for reversible fastening; and the secondary support strap is fixed at the </claim-text><claim-text> opposing-side of the gap and arranged to pass across the gap in a direction opposite that of the support strap for fastening to the dorsal side of the wrist portion overtop the fastened support strap. </claim-text></claim><claim id="clm-0014" num="14"><claim-text>The protective sports glove of claim 13, wherein the volar portion has a Y-shaped design that includes a slot for allowing thumb movement. <!-- EPO <DP n="17"/>--> </claim-text></claim><claim id="clm-0015" num="15"><claim-text>15. The protective sports glove of claim 14, wherein the secondary support strap includes a non-stretch material. </claim-text></claim><claim id="clm-0016" num="16"><claim-text>16. The protective sports glove of claim 15, wherein the primary support strap includes an elastic portion. </claim-text></claim><claim id="clm-0017" num="17"><claim-text>17. The protective sports glove of claim 16, wherein the non-stretch material is nylon. </claim-text></claim></claims><copyright>User acknowledges that Fairview Research LLC and its third party providers retain all right, title and interest in and to this xml under applicable copyright laws.  User acquires no ownership rights to this xml including but not limited to its format.  User hereby accepts the terms and conditions of the Licence Agreement</copyright></patent-document>
