<?xml version="1.0" encoding="UTF-8"?>
<patent-document ucid="EP-2681003-A1" country="EP" doc-number="2681003" kind="A1" date="20140108" family-id="45855967" file-reference-id="252638" date-produced="20180823" status="corrected" lang="EN"><bibliographic-data><publication-reference fvid="146586765" ucid="EP-2681003-A1"><document-id><country>EP</country><doc-number>2681003</doc-number><kind>A1</kind><date>20140108</date><lang>EN</lang></document-id></publication-reference><application-reference ucid="EP-12709697-A" is-representative="NO"><document-id mxw-id="PAPP154848957" load-source="docdb" format="epo"><country>EP</country><doc-number>12709697</doc-number><kind>A</kind><date>20120302</date><lang>EN</lang></document-id><document-id mxw-id="PAPP204142026" load-source="docdb" format="original"><country>EP</country><doc-number>12709697.2</doc-number><date>20120302</date></document-id></application-reference><priority-claims><priority-claim mxw-id="PPC140556922" ucid="IB-2012000393-W" linkage-type="W" load-source="docdb"><document-id format="epo"><country>IB</country><doc-number>2012000393</doc-number><kind>W</kind><date>20120302</date></document-id></priority-claim><priority-claim mxw-id="PPC140547263" ucid="JP-2011047244-A" load-source="docdb"><document-id format="epo"><country>JP</country><doc-number>2011047244</doc-number><kind>A</kind><date>20110304</date></document-id></priority-claim></priority-claims><technical-data><classifications-ipcr><classification-ipcr mxw-id="PCL1989316088" load-source="docdb">G01N  29/04        20060101ALI20120926BHEP        </classification-ipcr><classification-ipcr mxw-id="PCL1989316459" load-source="docdb">G01N  29/11        20060101ALI20120926BHEP        </classification-ipcr><classification-ipcr mxw-id="PCL1989317554" load-source="docdb">B23K  11/25        20060101ALI20120926BHEP        </classification-ipcr><classification-ipcr mxw-id="PCL1989317996" load-source="docdb">B23K  11/11        20060101AFI20120926BHEP        </classification-ipcr></classifications-ipcr><classifications-cpc><classification-cpc mxw-id="PCL-2102485911" load-source="docdb" scheme="CPC">Y10T 428/12347     20130101 LA20150123BCEP        </classification-cpc><classification-cpc mxw-id="PCL1989622526" load-source="docdb" scheme="CPC">G01N2291/267       20130101 LA20131206BHEP        </classification-cpc><classification-cpc mxw-id="PCL1989624543" load-source="docdb" scheme="CPC">G01N  29/043       20130101 LI20131206BHEP        </classification-cpc><classification-cpc mxw-id="PCL1989625792" load-source="docdb" scheme="CPC">B23K  11/36        20130101 LI20131203BHEP        </classification-cpc><classification-cpc mxw-id="PCL1989626145" load-source="docdb" scheme="CPC">B23K  11/25        20130101 FI20131212BHEP        </classification-cpc><classification-cpc mxw-id="PCL1989636329" load-source="docdb" scheme="CPC">B23K  11/252       20130101 LI20131206BHEP        </classification-cpc><classification-cpc mxw-id="PCL1989642771" load-source="docdb" scheme="CPC">G01N2291/044       20130101 LA20131206BHEP        </classification-cpc><classification-cpc mxw-id="PCL1989645558" load-source="docdb" scheme="CPC">G01N2291/048       20130101 LA20131206BHEP        </classification-cpc><classification-cpc mxw-id="PCL1989648149" load-source="docdb" scheme="CPC">B32B   7/045       20130101 LI20131212BHEP        </classification-cpc><classification-cpc mxw-id="PCL1989649862" load-source="docdb" scheme="CPC">G01N  29/11        20130101 LI20131206BHEP        </classification-cpc><classification-cpc mxw-id="PCL1989650298" load-source="docdb" scheme="CPC">B32B  15/011       20130101 LI20131212BHEP        </classification-cpc><classification-cpc mxw-id="PCL1989652365" load-source="docdb" scheme="CPC">B23K  11/115       20130101 LI20131220BHEP        </classification-cpc></classifications-cpc><invention-title mxw-id="PT132364928" lang="DE" load-source="patent-office">WIDERSTANDSSCHWEISSVERFAHREN, WIDERSTANDSSCHWEISSELEMENT, WIDERSTANDSSCHWEISSVORRICHTUNG, STEUERVORRICHTUNG, STEUERVERFAHREN UND STEUERPROGRAMM FÜR DIE WIDERSTANDSSCHWEISSVORRICHTUNG SOWIE VERFAHREN UND PROGRAMM ZUR BEWERTUNG EINER WIDERSTANDSSCHWEISSUNG</invention-title><invention-title mxw-id="PT132364929" lang="EN" load-source="patent-office">RESISTANCE WELDING METHOD, RESISTANCE-WELDED MEMBER, RESISTANCE WELDER AND CONTROL APPARATUS THEREOF, CONTROL METHOD AND CONTROL PROGRAM FOR RESISTANCE WELDER, AND RESISTANCE WELDING EVALUATION METHOD AND EVALUATION PROGRAM</invention-title><invention-title mxw-id="PT132364930" lang="FR" load-source="patent-office">PROCÉDÉ DE SOUDAGE PAR RÉSISTANCE, ÉLÉMENT SOUDÉ PAR RÉSISTANCE, MACHINE À SOUDER PAR RÉSISTANCE ET APPAREIL DE COMMANDE POUR CETTE MACHINE, PROCÉDÉ DE COMMANDE ET PROGRAMME DE COMMANDE POUR MACHINE À SOUDER PAR RÉSISTANCE, ET PROCÉDÉ D'ÉVALUATION DE SOUDURES PAR RÉSISTANCE ET PROGRAMME D'ÉVALUATION</invention-title><citations><non-patent-citations><nplcit><text>See references of WO 2012120351A1</text><sources><source mxw-id="PNPL67456140" load-source="docdb" name="SEA"/></sources></nplcit></non-patent-citations></citations></technical-data><parties><applicants><applicant mxw-id="PPAR919534367" load-source="docdb" sequence="1" format="epo"><addressbook><last-name>TOYOTA MOTOR CO LTD</last-name><address><country>JP</country></address></addressbook></applicant><applicant mxw-id="PPAR919535750" load-source="docdb" sequence="1" format="intermediate"><addressbook><last-name>TOYOTA JIDOSHA KABUSHIKI KAISHA</last-name></addressbook></applicant><applicant mxw-id="PPAR919012283" load-source="patent-office" sequence="1" format="original"><addressbook><last-name>TOYOTA JIDOSHA KABUSHIKI KAISHA</last-name><iid>101357811</iid><address><street>1, Toyota-cho,</street><city>Toyota-shi, Aichi-ken, 471-8571</city><country>JP</country></address></addressbook></applicant></applicants><inventors><inventor mxw-id="PPAR919525502" load-source="docdb" sequence="1" format="epo"><addressbook><last-name>ONDA TAKAHIRO</last-name><address><country>JP</country></address></addressbook></inventor><inventor mxw-id="PPAR919508663" load-source="docdb" sequence="1" format="intermediate"><addressbook><last-name>ONDA, TAKAHIRO</last-name></addressbook></inventor><inventor mxw-id="PPAR919008187" load-source="patent-office" sequence="1" format="original"><addressbook><last-name>ONDA, TAKAHIRO</last-name><address><street>c/o KABUSHIKI KAISHA TOYOTA CHUO KENKYUSHO 41-1 Yokomichi Nagakute</street><city>AICHI-KEN 480-1192</city><country>JP</country></address></addressbook></inventor><inventor mxw-id="PPAR919517918" load-source="docdb" sequence="2" format="epo"><addressbook><last-name>WATANABE GORO</last-name><address><country>JP</country></address></addressbook></inventor><inventor mxw-id="PPAR919542890" load-source="docdb" sequence="2" format="intermediate"><addressbook><last-name>WATANABE, GORO</last-name></addressbook></inventor><inventor mxw-id="PPAR919017589" load-source="patent-office" sequence="2" format="original"><addressbook><last-name>WATANABE, GORO</last-name><address><street>c/o KABUSHIKI KAISHA TOYOTA CHUO KENKYUSHO 41-1 Yokomichi Nagakute</street><city>AICHI-KEN 480-1192</city><country>JP</country></address></addressbook></inventor><inventor mxw-id="PPAR919532500" load-source="docdb" sequence="3" format="epo"><addressbook><last-name>MURASE MORIMASA</last-name><address><country>JP</country></address></addressbook></inventor><inventor mxw-id="PPAR919522584" load-source="docdb" sequence="3" format="intermediate"><addressbook><last-name>MURASE, Morimasa</last-name></addressbook></inventor><inventor mxw-id="PPAR919007051" load-source="patent-office" sequence="3" format="original"><addressbook><last-name>MURASE, Morimasa</last-name><address><street>c/o KABUSHIKI KAISHA TOYOTA CHUO KENKYUSHO 41-1 Yokomichi Nagakute</street><city>AICHI-KEN 480-1192</city><country>JP</country></address></addressbook></inventor><inventor mxw-id="PPAR919509317" load-source="docdb" sequence="4" format="epo"><addressbook><last-name>ISHII YASUHIRO</last-name><address><country>JP</country></address></addressbook></inventor><inventor mxw-id="PPAR919543457" load-source="docdb" sequence="4" format="intermediate"><addressbook><last-name>ISHII, YASUHIRO</last-name></addressbook></inventor><inventor mxw-id="PPAR919010034" load-source="patent-office" sequence="4" format="original"><addressbook><last-name>ISHII, YASUHIRO</last-name><address><street>c/o KABUSHIKI KAISHA TOYOTA CHUO KENKYUSHO 41-1 Yokomichi Nagakute</street><city>AICHI-KEN 480-1192</city><country>JP</country></address></addressbook></inventor><inventor mxw-id="PPAR919507498" load-source="docdb" sequence="5" format="epo"><addressbook><last-name>KITAYAMA TSUNAJI</last-name><address><country>JP</country></address></addressbook></inventor><inventor mxw-id="PPAR919517839" load-source="docdb" sequence="5" format="intermediate"><addressbook><last-name>KITAYAMA, TSUNAJI</last-name></addressbook></inventor><inventor mxw-id="PPAR919008815" load-source="patent-office" sequence="5" format="original"><addressbook><last-name>KITAYAMA, TSUNAJI</last-name><address><street>c/o KABUSHIKI KAISHA TOYOTA CHUO KENKYUSHO 41-1 Yokomichi Nagakute</street><city>AICHI-KEN 480-1192</city><country>JP</country></address></addressbook></inventor><inventor mxw-id="PPAR919528313" load-source="docdb" sequence="6" format="epo"><addressbook><last-name>TAKAO HISAAKI</last-name><address><country>JP</country></address></addressbook></inventor><inventor mxw-id="PPAR919539280" load-source="docdb" sequence="6" format="intermediate"><addressbook><last-name>TAKAO, HISAAKI</last-name></addressbook></inventor><inventor mxw-id="PPAR919005764" load-source="patent-office" sequence="6" format="original"><addressbook><last-name>TAKAO, HISAAKI</last-name><address><street>c/o KABUSHIKI KAISHA TOYOTA CHUO KENKYUSHO 41-1 Yokomichi Nagakute</street><city>AICHI-KEN 480-1192</city><country>JP</country></address></addressbook></inventor><inventor mxw-id="PPAR919531103" load-source="docdb" sequence="7" format="epo"><addressbook><last-name>TESHIMA HIDEKI</last-name><address><country>JP</country></address></addressbook></inventor><inventor mxw-id="PPAR919534950" load-source="docdb" sequence="7" format="intermediate"><addressbook><last-name>TESHIMA, HIDEKI</last-name></addressbook></inventor><inventor mxw-id="PPAR919007281" load-source="patent-office" sequence="7" format="original"><addressbook><last-name>TESHIMA, HIDEKI</last-name><address><street>c/o Toyota Jidosha Kabushiki Kaisha 1 Toyota-cho Toyota-shi</street><city>Aichi-ken 471-8571</city><country>JP</country></address></addressbook></inventor><inventor mxw-id="PPAR919540814" load-source="docdb" sequence="8" format="epo"><addressbook><last-name>SHIBATA YOSHINORI</last-name><address><country>JP</country></address></addressbook></inventor><inventor mxw-id="PPAR919532631" load-source="docdb" sequence="8" format="intermediate"><addressbook><last-name>SHIBATA, YOSHINORI</last-name></addressbook></inventor><inventor mxw-id="PPAR919013069" load-source="patent-office" sequence="8" format="original"><addressbook><last-name>SHIBATA, YOSHINORI</last-name><address><street>c/o Toyota Jidosha Kabushiki Kaisha 1 Toyota-cho Toyota-shi</street><city>Aichi-ken 471-8571</city><country>JP</country></address></addressbook></inventor><inventor mxw-id="PPAR919508766" load-source="docdb" sequence="9" format="epo"><addressbook><last-name>KONISHI TOKUJIRO</last-name><address><country>JP</country></address></addressbook></inventor><inventor mxw-id="PPAR919514669" load-source="docdb" sequence="9" format="intermediate"><addressbook><last-name>KONISHI, TOKUJIRO</last-name></addressbook></inventor><inventor mxw-id="PPAR919018313" load-source="patent-office" sequence="9" format="original"><addressbook><last-name>KONISHI, TOKUJIRO</last-name><address><street>c/o Toyota Jidosha Kabushiki Kaisha 1 Toyota-cho Toyota-shi</street><city>Aichi-ken 471-8571</city><country>JP</country></address></addressbook></inventor><inventor mxw-id="PPAR919524830" load-source="docdb" sequence="10" format="epo"><addressbook><last-name>TOMINAGA NAOTOSHI</last-name><address><country>JP</country></address></addressbook></inventor><inventor mxw-id="PPAR919533907" load-source="docdb" sequence="10" format="intermediate"><addressbook><last-name>TOMINAGA, NAOTOSHI</last-name></addressbook></inventor><inventor mxw-id="PPAR919006611" load-source="patent-office" sequence="10" format="original"><addressbook><last-name>TOMINAGA, NAOTOSHI</last-name><address><street>c/o Toyota Jidosha Kabushiki Kaisha 1 Toyota-cho Toyota-shi</street><city>Aichi-ken 471-8571</city><country>JP</country></address></addressbook></inventor></inventors><agents><agent mxw-id="PPAR919008270" load-source="patent-office" sequence="1" format="original"><addressbook><last-name>Kuhnen &amp; Wacker</last-name><iid>101158360</iid><address><street>Patent- und Rechtsanwaltsbüro Prinz-Ludwig-Strasse 40A</street><city>85354 Freising</city><country>DE</country></address></addressbook></agent></agents></parties><international-convention-data><pct-or-regional-filing-data ucid="IB-2012000393-W"><document-id><country>IB</country><doc-number>2012000393</doc-number><kind>W</kind><date>20120302</date><lang>EN</lang></document-id></pct-or-regional-filing-data><pct-or-regional-publishing-data ucid="WO-2012120351-A1"><document-id><country>WO</country><doc-number>2012120351</doc-number><kind>A1</kind><date>20120913</date><lang>EN</lang></document-id></pct-or-regional-publishing-data><designated-states><ep-contracting-states><country mxw-id="DS549775913" load-source="docdb">AL</country><country mxw-id="DS549764487" load-source="docdb">AT</country><country mxw-id="DS549775914" load-source="docdb">BE</country><country mxw-id="DS549846131" load-source="docdb">BG</country><country mxw-id="DS549859047" load-source="docdb">CH</country><country mxw-id="DS549764870" load-source="docdb">CY</country><country mxw-id="DS549764488" load-source="docdb">CZ</country><country mxw-id="DS549916436" load-source="docdb">DE</country><country mxw-id="DS549775915" load-source="docdb">DK</country><country mxw-id="DS549764871" load-source="docdb">EE</country><country mxw-id="DS549845037" load-source="docdb">ES</country><country mxw-id="DS549846132" load-source="docdb">FI</country><country mxw-id="DS549846133" load-source="docdb">FR</country><country mxw-id="DS549916437" load-source="docdb">GB</country><country mxw-id="DS549775916" load-source="docdb">GR</country><country mxw-id="DS549775921" load-source="docdb">HR</country><country mxw-id="DS549764872" load-source="docdb">HU</country><country mxw-id="DS549859048" load-source="docdb">IE</country><country mxw-id="DS549775922" load-source="docdb">IS</country><country mxw-id="DS549846146" load-source="docdb">IT</country><country mxw-id="DS549764885" load-source="docdb">LI</country><country mxw-id="DS549916438" load-source="docdb">LT</country><country mxw-id="DS549764497" load-source="docdb">LU</country><country mxw-id="DS549916439" load-source="docdb">LV</country><country mxw-id="DS549916440" load-source="docdb">MC</country><country mxw-id="DS549843991" load-source="docdb">MK</country><country mxw-id="DS549843992" load-source="docdb">MT</country><country mxw-id="DS549845042" load-source="docdb">NL</country><country mxw-id="DS549846147" load-source="docdb">NO</country><country mxw-id="DS549845043" load-source="docdb">PL</country><country mxw-id="DS549846148" load-source="docdb">PT</country><country mxw-id="DS549845044" load-source="docdb">RO</country><country mxw-id="DS549846149" load-source="docdb">RS</country><country mxw-id="DS549845045" load-source="docdb">SE</country><country mxw-id="DS549859049" load-source="docdb">SI</country><country mxw-id="DS549843993" load-source="docdb">SK</country><country mxw-id="DS549843998" load-source="docdb">SM</country><country mxw-id="DS549764886" load-source="docdb">TR</country></ep-contracting-states></designated-states></international-convention-data><office-specific-data><eptags><ep-no-a-document-published>*</ep-no-a-document-published></eptags></office-specific-data></bibliographic-data><abstract mxw-id="PA100070940" ref-ucid="WO-2012120351-A1" lang="EN" load-source="patent-office"><p num="0000">A resistance welding method according to the invention includes: a melting start time specification process for specifying a melting start time, which is a time at which at least a part of a welding portion (Y) of a welding subject (W) starts to melt while being subjected to Joule heating by a power input from an electrode (11) pressed against the welding subject (W), by detecting a variation in an ultrasonic wave emitted toward the welding portion; a first power amount calculation process for calculating a first power amount, which is an integrated value of the power input into the welding subject via the electrode from the melting start time; a first determination process for determining whether or not the first power amount has reached a first set value; and a heating process for performing the Joule heating from the melting start time until the first power amount reaches the first set value.</p></abstract><abstract mxw-id="PA100339003" ref-ucid="WO-2012120351-A1" lang="EN" source="national office" load-source="docdb"><p>A resistance welding method according to the invention includes: a melting start time specification process for specifying a melting start time, which is a time at which at least a part of a welding portion (Y) of a welding subject (W) starts to melt while being subjected to Joule heating by a power input from an electrode (11) pressed against the welding subject (W), by detecting a variation in an ultrasonic wave emitted toward the welding portion; a first power amount calculation process for calculating a first power amount, which is an integrated value of the power input into the welding subject via the electrode from the melting start time; a first determination process for determining whether or not the first power amount has reached a first set value; and a heating process for performing the Joule heating from the melting start time until the first power amount reaches the first set value.</p></abstract><abstract mxw-id="PA100070941" ref-ucid="WO-2012120351-A1" lang="FR" load-source="patent-office"><p num="0000">L'invention porte sur un procédé de soudage par résistance qui comprend : un processus de spécification de l'instant de démarrage de la fusion servant à spécifier un instant de démarrage de la fusion, qui est un instant auquel au moins une partie d'une portion de soudure (Y) d'un objet à souder (W) commence à fondre pendant qu'il est soumis à un chauffage par effet Joule par une entrée de puissance provenant d'une électrode (11) pressée contre l'objet à souder (W), par détection d'une variation d'une onde ultrasonore émise en direction de la portion de soudage; un processus de calcul de la première quantité d'énergie servant à calculer une première quantité d'énergie, qui est une valeur intégrée de l'entrée d'énergie dans le sujet à souder à travers une électrode à partir de l'instant de démarrage de la fusion; un premier processus de détermination pour déterminer si la première quantité d'énergie a atteint une première valeur fixée; et un processus de chauffage pour exécuter le chauffage par effet Joule à partir de l'instant de démarrage de la fusion jusqu'au moment où la première quantité d'énergie atteint la première valeur fixée.</p></abstract><abstract mxw-id="PA100339004" ref-ucid="WO-2012120351-A1" lang="FR" source="national office" load-source="docdb"><p>L'invention porte sur un procédé de soudage par résistance qui comprend : un processus de spécification de l'instant de démarrage de la fusion servant à spécifier un instant de démarrage de la fusion, qui est un instant auquel au moins une partie d'une portion de soudure (Y) d'un objet à souder (W) commence à fondre pendant qu'il est soumis à un chauffage par effet Joule par une entrée de puissance provenant d'une électrode (11) pressée contre l'objet à souder (W), par détection d'une variation d'une onde ultrasonore émise en direction de la portion de soudage; un processus de calcul de la première quantité d'énergie servant à calculer une première quantité d'énergie, qui est une valeur intégrée de l'entrée d'énergie dans le sujet à souder à travers une électrode à partir de l'instant de démarrage de la fusion; un premier processus de détermination pour déterminer si la première quantité d'énergie a atteint une première valeur fixée; et un processus de chauffage pour exécuter le chauffage par effet Joule à partir de l'instant de démarrage de la fusion jusqu'au moment où la première quantité d'énergie atteint la première valeur fixée.</p></abstract><description mxw-id="PDES51373328" ref-ucid="WO-2012120351-A1" lang="EN" load-source="patent-office"><!-- EPO <DP n="3"/>--><p id="p0001" num="0001"> RESISTANCE WELDING METHOD, RESISTANCE- WELDED MEMBER, RESISTANCE WELDER AND CONTROL APPARATUS THEREOF, CONTROL METHOD AND CONTROL PROGRAM FOR RESISTANCE WELDER, AND RESISTANCE WELDING EVALUATION METHOD AND EVALUATION PROGRAM </p><p id="p0002" num="0002">BACKGROUND OF THE INVENTION </p><p id="p0003" num="0003">1. Field of the Invention </p><p id="p0004" num="0004"> [0001] The invention relates to resistance welding such as spot welding. </p><p id="p0005" num="0005">2. Description of Related Art </p><p id="p0006" num="0006"> [0002] When a plurality of materials are to be joined, welding is employed for its low cost and the ease with which strength can be secured. Spot welding, in which welding is performed at a plurality of points (spots), is employed particularly often to weld laminated steel plates (a plurality of welding subjects) forming a body of an automobile or the like. Spot welding is a typical type of resistance welding in which the welding subjects are joined by passing a large current through the welding subjects for a short time from electrodes sandwiching respective outer sides of the welding subjects such that a joint part (a welding portion) on respective inner sides of the welding subjects melts and then solidifies. </p><p id="p0007" num="0007"> [0003] Incidentally, spot welding differs from arc welding and the like in that the welding portion is positioned inside the welding subjects, making it difficult to observe a welding condition directly with the eyes or the like. Furthermore, in a mass production process, it is difficult for an operator to inspect a very large number of welding spots one by one. In consideration of these circumstances, a welding method with which the quality of the spot welding is stabilized, a method of inspecting nuggets (melted and solidified portions of the welding subjects) formed during the spot welding, 
<!-- EPO <DP n="4"/>-->
 and the like have been proposed. </p><p id="p0008" num="0008"> [0004] For example, Japanese Patent Application Publication No. 62-64483 (JP 62-64483 A) describes performing resistance welding by applying a welding current until an actually supplied actual energy value matches a target total energy value. On an actual welding site, however, spot welding is performed under various unexpected conditions (disturbances). For example, in a case where two steel plates serving as the welding subjects are resistance-welded, a gap may exist between the steel plates to be joined by the welding, the steel plates may tilt, and a tip end portion of an electrode pressed against the steel plates may become worn. When such disturbances exist, a contact condition (in particular, a contact surface area) between the steel plates varies. As a result, variation occurs in an amount of heat required for effective welding. It is therefore difficult to stabilize the welding quality simply by focusing on a total energy (total amount of power) input into the welding subjects from the start of energization, i.e. without taking disturbances into account. </p><p id="p0009" num="0009"> [0005] Further, Japanese Patent Publication No. 55-2582, WO1994/003799</p><p id="p0010" num="0010">(Japanese Patent No. 3644958), and Japanese Patent Application Publication No. 2007-248457 (JP 2007-248457 A) describe a method of inspecting or evaluating a size of a spot-welded welding portion (a nugget) using ultrasonic waves. In all of these documents, the size of the spot-welded welding portion (a nugget diameter) is estimated or evaluated on the basis of an amount of variation (for example, a peak value difference or a time difference up to intensity variation) between two certain points of an ultrasonic wave that varies throughout the welding process. Even if such methods are effective, they serve simply to estimate the nugget diameter, and therefore stabilization of the quality of spot welding remains difficult. Moreover, the above documents provide no description or the like thereof. </p><p id="p0011" num="0011">SUMMARY OF THE INVENTION </p><p id="p0012" num="0012"> [0006] The invention provides a resistance welding method with which a quality of resistance welding can be stabilized even when a disturbance occurs in a condition of a 
<!-- EPO <DP n="5"/>-->
 welding portion (a joint between welding subjects), a contact condition between the welding subject and an electrode, and so on while actually welding the welding subjects, and a resistance-welded member obtained thereby. </p><p id="p0013" num="0013"> [0007] The invention also provides a resistance welder suitable for implementing the aforesaid welding, as well as a control method, a control apparatus, and a control program thereof. The invention further provides an evaluation method and an evaluation program for evaluating the welding. </p><p id="p0014" num="0014"> [0008] As a result of committed research and repeated trial and error with the aim of solving the aforesaid problems, the inventor has newly discovered that even when various disturbances exist on a welding site, these disturbances have substantially no effect once a Joule-heated welding subject begins to melt, and therefore, by advancing resistance welding in accordance with an input energy (an input power amount) and adjusting the input energy (input power amount), a desired nugget can be formed. Further, the inventor confirmed his discovery in reality by arriving at the idea of detecting a melting start point of the welding subject, i.e. a starting point of the input power amount, using ultrasonic waves. By developing this accomplishment, the inventor arrived at various inventions relating to resistance welding, to be described below. </p><p id="p0015" num="0015"> [0009] [Resistance welding method] </p><p id="p0016" num="0016"> A resistance welding method according to a first aspect of the invention includes: a melting start time specification process for specifying a melting start time, which is a time at which at least a part of a welding portion of a welding subject starts to melt while being subjected to Joule heating by a power input from an electrode pressed against the welding subject, by detecting a variation in an ultrasonic wave emitted toward the welding portion; a first power amount calculation process for calculating a first power amount, which is an integrated value of the power input into the welding subject via the electrode from the melting start time; a first determination process for determining whether or not the first power amount or a welding index value that indexes a welding condition of the welding portion and corresponds to the first power amount has reached at least a first set value; and a heating process for performing the Joule heating from the 
<!-- EPO <DP n="6"/>-->
 melting start time until the first power amount or the welding index value reaches at least the first set value. Thus, a nugget generated when the welding portion melts and solidifies can be formed with stability. </p><p id="p0017" num="0017"> [0010] In the resistance welding method described above, first, after resistance welding of the welding subject has begun, or in other words after the electrode has been energized in order to Joule-heat the welding subject, the time (melting start time) at which at least a part of the welding portion of the welding subject starts to melt as a result of the Joule heating is detected accurately in accordance with variation in the ultrasonic wave emitted toward the welding portion. </p><p id="p0018" num="0018"> [0011] Next, an energy (input power amount) input into the welding subject is calculated using the melting start time as a starting point. Although the reasons and mechanisms thereof are as yet identified, by focusing on the first power amount, i.e. the amount of power input from the melting start time onward, the size of the nugget formed in the welding portion of the welding subject can be controlled appropriately even in a situation where various disturbances exist. More specifically, Joule heating is performed until the first power amount obtained by integrating the input power amount from the melting start time onward or the welding index value obtained by converting the first power amount into a nugget size (a nugget diameter) or the like reaches at least a predetermined set value (the first set value). Hence, welding defects caused by excessive or insufficient input power, dust generated by excessive input power, and so on can be prevented even on a welding site where various disturbances exist, and as a result, the welding quality can be stabilized efficiently. </p><p id="p0019" num="0019"> [0012] Note that energy (intensity) variation, transmittance variation, reflectance variation, spectral intensity variation, and so on may be cited as examples of the "variation in the ultrasonic wave" according to this specification. However, amplitude variation is used as a representative example. There are no limitations on the type of ultrasonic wave, and either a longitudinal wave or a transverse wave may be used. </p><p id="p0020" num="0020"> [0013] The term "reaches at least the set value" includes a case in which a subject value is contained within a specific range. The set value may be an upper limit 
<!-- EPO <DP n="7"/>-->
 value (a final target value) or a minimum reached value (a lower limit value). In the case of this aspect, the heating process may be stopped when the calculated first power value or the corresponding welding index value reaches the first set value, or continued for as long as the first power value or welding index value remains within a certain range exceeding the first set value. There are no limitations on a method of calculating the "power amount". </p><p id="p0021" num="0021"> [0014] Specific numerical values of the respective power amounts described in this specification are not important in themselves as long as they serve as accurate indices correlating with the diameter and so on of the nugget formed on the welding subject. Further, the "welding index value" may be any value that indexes the condition of the resistance welding accurately, a representative example thereof being the nugget diameter. </p><p id="p0022" num="0022"> [0015] Further, the term "time" (for example, the melting start "time" and a rapid reduction "time") according to this specification includes not only a single positive point in time but also the vicinity of that point, and may as a matter of course include a time width required to realize the resistance welding. </p><p id="p0023" num="0023"> [0016] Incidentally, in the resistance welding method according to the invention, the melting start time must be specified accurately to achieve stability in the welding quality of the welding subject on the basis of the first power amount calculated from the melting start time. When a "disturbance" occurs such that a disposal condition of the welding subject, a contact condition between the welding subject and the electrode, and so on deviate from originally envisaged conditions (standard conditions), the time remaining to the melting start time varies. This fact is corroborated by actual test results. Hence, at first glance, it appears to be difficult to specify the melting start time with a high degree of precision. </p><p id="p0024" num="0024"> [0017] The melting start time is basically the point at which the welding portion of the welding subject begins to vary from a solid phase to a liquid phase, and at this time, physical property values (a temperature, a volumetric change, and so on) of the melted portion vary. It is therefore possible to specify the melting start time by focusing on 
<!-- EPO <DP n="8"/>-->
 variation in the physical property values of the welding portion. However, it is not easy to detect this variation directly and accurately in the extremely brief period during which resistance welding is performed. Hence, according to the invention, the melting start time is successfully specified with accuracy by detecting condition variation (phase variation) in the welding portion indirectly using an ultrasonic wave. More specifically, this is achieved as follows. </p><p id="p0025" num="0025"> [0018] The ultrasonic wave emitted toward the welding subject separates into a transmitted wave that passes through the welding subject and a reflected wave reflected near a surface of the welding subject. When condition variation (phase variation) occurs in the welding subject, rapid variation occurs in at least the amplitude (or intensity) of both the transmitted wave and the reflected wave. The reason for this is that when the part on which the ultrasonic wave impinges varies from the solid phase to the liquid phase or from the liquid phase to the solid phase, a density and an acoustic velocity of that part varies, leading to rapid variation in an acoustic impedance. </p><p id="p0026" num="0026"> [0019] Therefore, a timing at which the amplitude of the ultrasonic wave (the transmitted wave or the reflected wave) varies rapidly corresponds positively to the melting start time (the time at which phase variation from the solid phase to the liquid phase begins), and by detecting this timing, the melting start time can be specified precisely without being affected by disturbances, welding conditions (a current density, for example), and so on. </p><p id="p0027" num="0027"> [0020] Incidentally, the inventor discovered through committed research that variation in the transmitted wave can be used to specify the melting start time accurately even when the welding portion is small. The reason for this is believed to be as follows. A reflected wave is likely to form on an interface between the electrode and the welding subject (steel plates or the like) at a midway point between an ultrasonic wave emission source and a welding location (the welding portion), but condition variation in the welding location (welding portion) has little effect on variation in the reflected wave. In other words, condition variation in the welding portion is not reflected greatly by variation in the reflected wave. A transmitted wave, on the other hand, invariably 
<!-- EPO <DP n="9"/>-->
 passes through the welding portion (welding location), and therefore condition variation therein is greatly reflected in the transmitted wave. Hence, using variation in the transmitted wave, it is comparatively easy to grasp the melting start time of the welding portion accurately. </p><p id="p0028" num="0028"> [0021] Accordingly, the melting start time specification process according to the aspect described above may include: a transmitted wave amplitude detection process for detecting a transmitted wave amplitude, which is an amplitude of an ultrasonic wave that passes through the welding portion; and a rapid reduction time determination process for determining a rapid reduction time at which the transmitted wave amplitude falls to or below a second set value. </p><p id="p0029" num="0029"> [0022] In the invention, a current value and a voltage value employed to energize the electrode that contacts the welding subject during the resistance welding do not necessarily have to be fixed. The current value and voltage value applied to the welding subject may be modified appropriately either before the first power amount reaches the first set value set in accordance with the desired nugget diameter or the like, or in relation to each welding spot. Accordingly, the heating process according to this aspect may include a heating modification process for modifying a heating condition of the welding subject on the basis of a determination result obtained in the first determination process. This may be applied similarly to a period extending from an energization start time of the electrode to the melting start time of the welding subject. </p><p id="p0030" num="0030"> [0023] Note that the content described herein may be applied appropriately to a resistance welder, a control apparatus thereof, a control method thereof, a control program thereof, a resistance welding evaluation method, a resistance welding evaluation program, and so on, to be described below. In this case, the "processes" included in the configurations of the invention described above are to be read as "steps" or "units", as appropriate. </p><p id="p0031" num="0031"> [0024] [Resistance-welded member] </p><p id="p0032" num="0032"> By employing the resistance welding method described above, a product in which welding defects are suppressed and the welding quality is stabilized can be obtained. 
<!-- EPO <DP n="10"/>-->
 Therefore, the invention may be understood not only as a resistance welding method, but also as a resistance-welded member having stable nugget shapes, which serves as a second aspect of the invention. </p><p id="p0033" num="0033"> [0025] [Resistance welder and control apparatus thereof] </p><p id="p0034" num="0034"> The invention may also be understood as a resistance welder and a control apparatus thereof for realizing the resistance welding method described above. More specifically, a third aspect of the invention relates to a control apparatus for a resistance welder having an electrode that contacts a welding subject externally and a power supply apparatus that supplies a heating current to the electrode in order to Joule-heat a welding portion of the welding subject. The control apparatus includes: a melting start time specification unit that specifies a melting start time, which is a time at which at least a part of the welding portion starts to melt while being subjected to Joule heating by a power input into the welding subject from the electrode, by detecting a variation in an ultrasonic wave emitted toward the welding portion; a first power amount calculation unit that calculates a first power amount, which is an integrated value of the power input into the welding subject via the electrode from the melting start time; a first determination unit that determines whether or not the first power amount or a welding index value that indexes a welding condition of the welding portion and corresponds to the first power amount has reached at least a first set value; and a heating unit that performs the Joule heating from the melting start time until the first power amount or the welding index value reaches at least the first set value. </p><p id="p0035" num="0035"> [0026] Further, a fourth aspect of the invention relates to a resistance welder including: an electrode that is pressed against a welding subject; a power supply apparatus that supplies a heating current to the electrode in order to Joule-heat a welding portion of the welding subject; and the control apparatus described above, which controls a power amount input into the welding subject from the power supply apparatus. </p><p id="p0036" num="0036"> [0027] [Control method and control program for resistance welder] </p><p id="p0037" num="0037"> Furthermore, the invention may be understood as a control method or a control program for the resistance welder described above. More specifically, a fifth aspect of 
<!-- EPO <DP n="11"/>-->
 the invention relates to a control method for a resistance welder having an electrode that contacts a welding subject externally and a power supply apparatus that supplies a heating current to the electrode in order to Joule-heat a welding portion of the welding subject. The control method for a resistance welder includes: a melting start time specification process for specifying a melting start time, which is a time at which at least a part of the welding portion starts to melt while being subjected to Joule heating by a power input into the welding subject from the electrode, by detecting a variation in an ultrasonic wave emitted toward the welding portion; a first power amount calculation process for calculating a first power amount, which is an integrated value of the power input into the welding subject via the electrode from the melting start time; a first determination process for determining whether or not the first power amount or a welding index value that indexes a welding condition of the welding portion and corresponds to the first power amount has reached at least a first set value; and a heating process for performing the Joule heating from the melting start time until the first power amount or the welding index value reaches at least the first set value. </p><p id="p0038" num="0038"> [0028] A sixth aspect of the invention relates to a computer-readable storage medium that stores computer-executable instructions for performing the control method for a resistance welder described above. </p><p id="p0039" num="0039"> [0029] [Resistance welding evaluation method] </p><p id="p0040" num="0040"> In addition, the invention may be understood as a resistance welding evaluation method and a resistance welding evaluation program. More specifically, a seventh aspect of the invention relates to a resistance welding evaluation method including: a melting start time specification process for specifying a melting start time, which is a time at which at least a part of a welding portion of a welding subject starts to melt while being subjected to Joule heating by a power input from an electrode pressed against the welding subject, by detecting a variation in an ultrasonic wave emitted toward the welding portion; a first power amount calculation process for calculating a first power amount, which is an integrated value of the power input into the welding subject via the electrode from the melting start time; and an estimating step for estimating a welding 
<!-- EPO <DP n="12"/>-->
 condition of the welding portion on the basis of the first power amount. </p><p id="p0041" num="0041"> [0030] As described above, the melting start time specification process may include: a transmitted wave amplitude detection process for detecting a transmitted wave amplitude, which is an amplitude of an ultrasonic wave that passes through the welding portion; and a rapid reduction time determination process for determining a rapid reduction time at which the transmitted wave amplitude falls to or below a second set value. </p><p id="p0042" num="0042"> [0031] Further, an eighth aspect of the invention relates to a computer-readable storage medium that stores computer-executable instructions for performing the resistance welding evaluation method described above. </p><p id="p0043" num="0043"> [0032] Note that the aforesaid estimation process may be an evaluation process for evaluating the welding condition according to whether or not the calculated first power amount or the welding index value indexing the welding condition of the welding portion, which is determined from the first power amount, is within a predetermined range. Further, the estimation process may be a nugget estimation process for estimating, on the basis of the first power amount, the size of the nugget formed when the melting portion melts and solidifies. </p><p id="p0044" num="0044">BRIEF DESCRIPTION OF THE DRAWINGS </p><p id="p0045" num="0045"> [0033] Features, advantages, and technical and industrial significance of exemplary embodiments of the invention will be described below with reference to the accompanying drawings, in which like numerals denote like elements, and wherein: </p><p id="p0046" num="0046"> FIG 1 is an illustrative view illustrating various disturbances that may occur during resistance welding; </p><p id="p0047" num="0047"> FIG. 2A is a graph showing a correlation between an input power amount input into a welding subject from an energization start point under various disturbances and a diameter of a formed nugget; </p><p id="p0048" num="0048"> FIG. 2B is a graph showing a correlation between the input power amount input into the welding subject from a melting start time of the welding subject onward and the 
<!-- EPO <DP n="13"/>-->
 diameter of the formed nugget; </p><p id="p0049" num="0049"> FIG 3 is a schematic diagram showing a spot welder; </p><p id="p0050" num="0050"> FIG. 4 is a schematic diagram showing the vicinity of a welding portion of the welding subject; </p><p id="p0051" num="0051"> FIG 5 is a schematic diagram showing a condition in which an oblique angle ultrasonic wave emission element and an oblique angle ultrasonic wave reception element are respectively attached in a diagonal direction to shaft portions of electrodes capable of sandwiching the welding subject from either side; </p><p id="p0052" num="0052"> FIG. 6 is a schematic diagram showing a condition in which an ultrasonic wave emission element and an ultrasonic wave reception element are respectively attached in a perpendicular direction to the shaft portions of the electrodes capable of sandwiching the welding subject from either side; </p><p id="p0053" num="0053"> FIG. 7A is a front view showing in detail the manner in which the oblique angle emission element is attached to the shaft portion of the electrode; </p><p id="p0054" num="0054"> FIG 7B is a plan view showing in detail the manner in which the oblique angle emission element is attached to the shaft portion of the electrode; </p><p id="p0055" num="0055"> FIG. 8 is a graph showing the manner in which an amplitude of an ultrasonic wave (a transmitted wave) that passes through the welding portion varies in the vicinity of the melting start time; and </p><p id="p0056" num="0056"> FIG. 9 is a flowchart of a spot welding method according to an embodiment of the invention. </p><p id="p0057" num="0057">DETAILED DESCRIPTION OF EMBODIMENTS </p><p id="p0058" num="0058"> [0034] The invention will now be described in detail, citing an embodiment thereof. The following description focuses mainly on a resistance welding method according to the invention, but the content of the description may be applied appropriately not only to the resistance welding method, but also to a resistance-welded member, a resistance welder, a control apparatus for the resistance welder, a control method for the resistance welder, a control program for the resistance welder, a resistance 
<!-- EPO <DP n="14"/>-->
 welding evaluation method, and a resistance welding evaluation program. The invention further encompasses configurations obtained by adding one or more configurations selected as desired from the configurations cited hereinafter to the configurations described above. The configurations to be added may be selected concomitantly or arbitrarily regardless of category. A decision as to which embodiment is optimum will differ according to subject, required performance, and so on. </p><p id="p0059" num="0059"> [0035] [Resistance welding and disturbances] </p><p id="p0060" num="0060"> In resistance welding, a joint is formed by energizing a welding portion via an electrode pressed against a welding subject such that resistance heat (Joule heat) is generated by various types of resistance existing in the welding portion, causing the welding portion to melt, and then cooling the welding portion until it solidifies. </p><p id="p0061" num="0061"> [0036] A case in which a set of metallic plate materials are resistance-welded will be considered as a representative example. First, the set of plate materials serving as welding subjects are pressed into close contact by electrodes or the like. The electrodes are then energized such that a large amount of Joule heat is generated between contact surfaces (joints) of the adjacent plate materials, and as a result, the vicinity of the contact surfaces melts preferentially. When energization is complete, the welding subjects are cooled such that the melted part solidifies, and as a result, a nugget is formed. The resistance welding is then terminated. </p><p id="p0062" num="0062"> [0037] The reason why the vicinity of the contact surfaces of the two or more joined welding subjects melts preferentially during resistance welding is that a contact resistance in this region is larger than the resistance in other parts. However, the contact resistance is greatly affected by a contact condition between the welding subjects, and furthermore, on an actual welding site, deviations (disturbances) from an initially envisaged contact condition (a standard condition) often occur. Therefore, even when conditions such as an applied current value, an energization period, and so on remain constant, a form of the formed welding portion may vary. </p><p id="p0063" num="0063"> [0038] For example, when a disturbance illustrated in Pattern III of FIG. 1 exists, a contact area of the contact part is smaller than that of a case in which a disturbance 
<!-- EPO <DP n="15"/>-->
 illustrated in Pattern IV exists, and therefore the contact resistance increases. Even when a total current value passed through the electrode is identical in both cases, resistance in the contact part is larger in the former case, leading to an increase in a density of the current flowing through the contact part, and as a result, heat is generated rapidly by the contact part (in other words, a heat generation rate increases), causing the temperature of the contact part to rise rapidly. </p><p id="p0064" num="0064"> [0039] Of course, if an amount of discharged heat and so on could be calculated accurately so that a sufficient amount of heat required for the welding could be input flexibly into the contact part, it would be possible to perform the welding with stability even when disturbances existed. In actuality, however, it is difficult to realize energization and heating in this manner. Hence, during conventional resistance welding, variation occurs in the form (nugget size) of the welding portion, and dust (a phenomenon occurring when metal particles scatter as the welding portion melts) is generated when an amount of input power is excessive. As a result, it is difficult to perform stable welding efficiently. </p><p id="p0065" num="0065"> [0040] However, disturbances only affect the contact part between the welding subjects up to the start of melting, and have substantially no effect from the melting start time onward. With the invention, therefore, stability is achieved in the welding quality by inputting an amount of power (a first power amount) corresponding to a desired welding condition (the nugget size, for example) into the welding subject from the melting start time of the welding subject onward. </p><p id="p0066" num="0066"> [0041] [First power amount calculation process] </p><p id="p0067" num="0067"> The first power amount is calculated on the basis of a current passed through the electrode pressed against the welding subject and so on. The power amount is determined as a time-integrated value of the current and a voltage, but may be determined from a transformed formula thereof. The current passed through the electrode may be a direct current or an alternating current, and when an alternating current is applied, the power amount may be calculated on the basis of an effective value. </p><p id="p0068" num="0068"> [0042] [First determination process] 
<!-- EPO <DP n="16"/>-->
 In a first determination, the power amount calculated in the first power amount calculation process or an index value corresponding to the power amount is compared with a first set value. The first set value is selected appropriately depending on whether the subject of the comparison is the power amount or the index value. A representative index value is the size of the nugget (a nugget diameter) formed by melting and solidifying the welding portion of the welding subject. </p><p id="p0069" num="0069"> [0043] [Melting start time specification process] </p><p id="p0070" num="0070"> The melting start time is specified by detecting variation in an ultrasonic wave emitted toward the welding portion. The melting start time specification process preferably includes a transmitted wave amplitude detection process for detecting an amplitude of a transmitted wave, and a rapid reduction time determination process for determining a rapid reduction time of the transmitted wave amplitude. </p><p id="p0071" num="0071"> [0044] The transmitted wave amplitude is detected by receiving an ultrasonic wave (transmitted wave) emitted from an ultrasonic wave sensor (emission element) so as to pass through the welding portion in a separate ultrasonic wave sensor (reception element), and detecting a waveform (amplitude) thereof. Structures, arrangements, attachment angles, attachment methods, and so on of the ultrasonic wave sensors may be selected or adjusted appropriately in consideration of the structure of a resistance welder, the type and arrangement of the welding subject, the detection precision of the melting start time, and so on. </p><p id="p0072" num="0072"> [0045] For example, when the welding subjects are pressed respectively by a first electrode and a second electrode from two substantially coaxial sides, the emission element (ultrasonic wave sensor) that emits the ultrasonic wave is preferably attached to a shaft portion of the first electrode, and the reception element (ultrasonic wave sensor) that receives the ultrasonic wave emitted by the emission element is preferably attached to a shaft portion of the second electrode. The electrodes (more particularly, chips thereof) are replaced appropriately due to wear and the like, and therefore the emission element and reception element are preferably either attached to a non-replaceable part of the electrode or attached to a replaceable part but formed with a detachable structure so that 
<!-- EPO <DP n="17"/>-->
 they can be detached whenever the electrode is replaced. </p><p id="p0073" num="0073"> [0046] Further, the angle at which the emission element and reception element are attached to the electrodes is selected appropriately. For example, oscillators (ultrasonic wave sensors) that emit or receive the ultrasonic wave are preferably attached to the shaft portions of the electrodes at an oblique angle oriented toward the welding portion. In other words, the emission element is preferably an oblique angle emission element that emits an ultrasonic wave in a direction of the welding subject from a diagonal direction relative to the shaft portion of the first electrode, and the reception element is preferably an oblique angle reception element that receives the ultrasonic wave emitted from the oblique angle emission element in the direction of the welding subject from a diagonal direction relative to the shaft portion of the second electrode. </p><p id="p0074" num="0074"> [0047] The reason for this is as follows. When the emission element is attached perpendicularly (90°) to the shaft portion of the electrode, an ultrasonic wave propagating through the shaft portion of the electrode disperses substantially evenly in both up and down directions of the shaft portion (a shank). As a result, a considerable amount of the emitted ultrasonic wave does not contribute to the detection of phase variation in the welding portion. These circumstances apply similarly to the reception element (see FIG. 6). </p><p id="p0075" num="0075"> [0048] By employing the oblique angle emission element and the oblique angle reception element described above, ultrasonic wave propagation to an opposite side to the welding portion is suppressed, and therefore the majority of the ultrasonic wave can be used effectively to detect phase variation in the welding portion (see FIG. 5). </p><p id="p0076" num="0076"> [0049] Further, multiple modes having different acoustic velocities may occur in the ultrasonic wave propagating through the electrode and the welding subject, but by adjusting the attachment angle of the oblique angle emission element and the oblique angle reception element appropriately, it is possible to excite and receive only ultrasonic waves in a specific mode (a single mode). As a result, phase variation in the welding portion (a rapid reduction in the amplitude of the transmitted wave) can be detected with a high degree of precision. 
<!-- EPO <DP n="18"/>-->
 [0050] Note that the oscillators of the emission element and the reception element may be formed in a planar shape, but are preferably formed in a cylindrical surface shape or a conical surface shape that surrounds the shaft portion of the electrode (in particular a shape that is concentric with the shaft portion of the electrode). In so doing, the energy of the emitted and received ultrasonic wave can be increased and a non-axisymmetric mode of the ultrasonic wave can be suppressed. As a result, the waveform of the received transmitted wave can be analyzed easily, and variation in the ultrasonic wave in the vicinity of the melting start time can be detected with a high degree of precision. </p><p id="p0077" num="0077"> [0051] Further, the ultrasonic wave propagating through the shaft portion of the electrode is reflected by a tip end of the electrode (a tip end of the electrode chip) or the like. Accordingly, multiple reflection waves may be generated in the ultrasonic wave inside the shaft portion of the electrode. When the multiple reflection waves are strong, it becomes difficult to detect variation in the ultrasonic wave accurately. Therefore, an ultrasonic wave damping material that damps or absorbs the multiple reflection waves may be provided on the shaft portion of the electrode or the like. The damping material is preferably located on an opposite side of the emission element and reception element to the welding subject. As a result, the reception element can detect a transmitted wave in a specific mode that is emitted from the emission element and reflects the condition of the welding portion accurately. </p><p id="p0078" num="0078"> [0052] A sound absorbing material such as rubber or sponge or the like may be cited as an example of the ultrasonic wave damping material. The ultrasonic wave damping material is preferably attached to surround the entire shaft portion of the electrode at the rear (the opposite side to the welding subject) of the ultrasonic wave sensor. </p><p id="p0079" num="0079"> [0053] In a rapid reduction time determination process, a rapid reduction time of the transmitted wave amplitude is determined. There are no limitations on a determination method (algorithm). For example, a point at which a detected amplitude value (Vc) of the transmitted wave falls to or below a predetermined proportion of a 
<!-- EPO <DP n="19"/>-->
 maximum amplitude value (Vp) detected previously may be determined as the rapid reduction time (see FIG 9). The comparison subject of the detected amplitude value is not limited to the maximum amplitude value, and instead, an average value (Vave) of the amplitude value during a certain period or the like may be used. Note that amplitude value detection and determination may be paused during an energization period in which the amplitude value is likely to be unstable. </p><p id="p0080" num="0080"> [0054] [Electrode] </p><p id="p0081" num="0081"> There are no limitations on a shape, a material, and so on of the electrode. The electrode is normally formed from copper in a columnar or cylindrical shape. When a cylindrical electrode is used, cooling water can be supplied to the interior thereof to cool the electrode forcibly, thereby suppressing wear on the electrode. Hence, a cylindrical electrode is preferable. </p><p id="p0082" num="0082"> [0055] An end surface of the electrode that contacts the welding subject externally is normally circular or gently conical. If resistance welding is performed favorably at this time, the shape of the nugget formed in the welding portion is also substantially circular, in accordance with the shape of the electrode end surface. In this case, the size of the nugget is often indicated by the diameter thereof (nugget diameter). Therefore, in this specification, the nugget size will be referred to for convenience as the nugget diameter. </p><p id="p0083" num="0083"> [0056] [Power supply apparatus] </p><p id="p0084" num="0084"> A power supply apparatus may employ an alternating current power supply or a direct current power supply. The alternating current power supply may be a single phase power supply, a three phase power supply, and so on. Further, the power supply apparatus may be a constant current power supply or a constant voltage power supply. When a constant current power supply is used, the amount of generated Joule heat increases as the welding subject is heated to a steadily higher temperature. As a result, the nugget obtained when the welding subject melts and solidifies is formed more reliably, and therefore a constant current power supply is preferable. Note that a preferable current value supplied to the welding subject from the electrode differs according to the 
<!-- EPO <DP n="20"/>-->
 material of the welding subject, the desired nugget diameter, an energization period, and so on. </p><p id="p0085" num="0085"> [0057] [Welding subjects] </p><p id="p0086" num="0086"> There are no limitations on the shape, material, and so on of the welding subjects. Representative welding subjects are laminated steel plates. For example, soft steel plates having a thickness of approximately 0.5 mm to 3 mm and a carbon content (C) of 0.05% by weight to 0.2% by weight are used in resistance welding. Alternatively, materials such as high strength (high tension) steel, galvanized steel, stainless steel, aluminum (Al), Al alloy, copper (Cu), Cu alloy, nickel (Ni), and Ni alloy may serve as the welding subjects. Furthermore, the welding subjects may be constituted by a combination of different materials. </p><p id="p0087" num="0087"> [0058] The power amount and so on required to obtain a welding portion having a desired form vary according to the material of the welding subjects. Accordingly, a set value, a melting start power amount, and so on that are compared to a power amount calculated during the resistance welding differ according to the material and form of the welding subjects, the manner in which the welding subjects are laminated, the pressure applied by the electrodes, and so on. </p><p id="p0088" num="0088"> [Example] </p><p id="p0089" num="0089"> [0059] The invention will now be described more specifically, citing an example thereof. </p><p id="p0090" num="0090"> [Input power amount and nugget formation] </p><p id="p0091" num="0091"> Using a cut model of a work piece (welding subjects) constituted by two laminated steel plates, the steel plates were resistance-welded (spot-welded) under various disturbances, and a condition of a welding spot (welding portion) was photographed using a high-speed camera. The formation process of a nugget formed during the spot welding was then observed. </p><p id="p0092" num="0092"> [0060] More specifically, five representative patterns I to V shown in FIG. 1 were set, and spot welding was performed under corresponding conditions. In Pattern I, "No disturbance", in FIG. 1, the two laminated steel plates were pressed into close contact 
<!-- EPO <DP n="21"/>-->
 by electrodes such that a central axis of the electrodes overlapped a normal line passing through the welding portion of the work piece. In Pattern II, "Surface tilt", the work piece was tilted 3° from a horizontal direction relative to the standard condition of Pattern I. In Pattern III, "Gap between plates", a gap was formed on the periphery of the welding portion. More specifically, a spacer having a thickness of 1 mm was interposed in positions located 15 mm (φ 30 mm) on either side of the welding center of the laminated steel plates. In Pattern IV, "Electrode wear", the circular shape on the tip end surface (the surface that contacts the work piece) of the electrode was enlarged from de = φ 6 mm to de = φ 7 mm. Incidentally, the tip end surface of the electrode is connected to a peripheral side face (cylinder surface) of the electrode via a curved surface having a curvature radius of 40 mm. In Pattern V, "Divergence", the current supplied from the electrode flowed to a spot (an already welded point) other than a present welding spot, in which welding had been completed in a previous process. </p><p id="p0093" num="0093"> [0061] After setting the work piece and the electrode in the respective patterns described above, spot welding was implemented. At this time, an integrated value of the power input into the work piece was calculated as an input power amount Q. Further, a diameter D of a nugget formed in the work piece in accordance with the input power amount Q was measured. A correlation between the input power amount Q determined in this manner and the diameter D of the nugget formed in accordance therewith is shown in FIG. 2 A. </p><p id="p0094" num="0094"> [0062] Note that the work piece subjected to the spot welding was constituted by two laminated cold-rolled soft steel plates (JIS: SPC270) having a thickness of 2 mm. The employed electrode was cylindrical, and the spot welding was performed while cooling the interior thereof. The tip end portion (electrode chip) of the electrode was shaped as described above. Further, the spot welding was performed while pressing the electrode against the respective outer sides of the work piece. The pressure applied to the work piece by the electrode was set at 3430 N. A 60-cycle, single-phase alternating current was used as the power supply. An effective current value at this time was set at 11 kA. An application period of the heating current was controlled in units of a cycle 
<!-- EPO <DP n="22"/>-->
 time Ct (1/60 sec). </p><p id="p0095" num="0095"> [0063] The input power amount Q calculated here is a time-integrated value of the current applied to the electrodes x a voltage between the electrodes (between the two ends of the work piece), and therefore the input power amount Q is also a function of time. Accordingly, the input power amount at the melting start time (a melting start power amount Qm) can be determined by specifying a timing (the melting start time) at which the existence of a flow caused by melting is confirmed on a cross-section of the cut model. </p><p id="p0096" num="0096"> [0064] FIG. 2B shows respective curves shown in FIG. 2A shifted in parallel by an amount corresponding to the melting start power amount Qm. As is evident from FIG. 2B, a substantially common correlation exists between the formed nugget diameter D and a first power amount Ql (= Q-Qm) obtained by subtracting the melting start power amount Qm from the input power amount Q calculated at the start of energization, regardless of the disturbance pattern. In other words, it was found that by focusing on the melting start time onward, the formed nugget diameter D is substantially determined by the first power amount Ql, regardless of the existence of disturbances and their type. </p><p id="p0097" num="0097"> [0065] [Spot welder] </p><p id="p0098" num="0098"> FIG. 3 shows a spot welder 1 serving as an embodiment of the resistance welder according to the invention. The spot welder 1 includes an articulated welding robot 20, a control apparatus 30 that controls the welding robot 20, and a power supply apparatus 40. </p><p id="p0099" num="0099"> [0066] The welding robot 20 is a six-axis vertical articulated robot having a base 21 that is fixed to a floor to be capable of rotating about a vertical direction first axis, an upper arm 22 connected to the base 21, a forearm 23 connected to the upper arm 22, a wrist element 24 coupled to a front end portion of the forearm 23 to be free to rotate, and a spot welding gun 10 attached to an end portion of the wrist element 24. </p><p id="p0100" num="0100"> [0067] The upper arm 22 is coupled to the base 21 to be capable of rotating about a horizontal direction second axis. The forearm 23 is coupled to an upper end portion of the upper arm 22 to be capable of rotating about a horizontal direction third 
<!-- EPO <DP n="23"/>-->
 axis. The wrist element 24 is coupled to a tip end portion of the forearm 23 to be capable of rotating about a fourth axis parallel to an axis of the forearm 23. </p><p id="p0101" num="0101"> [0068] The spot welding gun 10 is attached, via another wrist element (not shown) that is capable of rotating about a fifth axis perpendicular to the axis of the forearm 23, to a tip end portion of the wrist element 24 to be capable of rotating about a sixth axis perpendicular to the fifth axis. The spot welding gun 10 is constituted by an inverted L-shaped gun arm 12 and a servo motor 13. A pair of electrodes 11 (a movable electrode 111 and an opposing electrode 112) are disposed on the gun arm 12. </p><p id="p0102" num="0102"> [0069] The movable electrode 111 (first electrode) is driven by the servo motor 13 to be free to approach and retreat from a work piece W serving as the welding subject. The movable electrode 111 works in cooperation with the opposing electrode 112 (second electrode), which is disposed coaxially with a thickness direction of the work piece W, to sandwich the work piece W at a desired pressure. Further, the movable electrode 111 and the opposing electrode 112 are made of a copper alloy having a closed-end cylindrical shape, and are cooled forcibly by cooling water that circulates through the interiors thereof. </p><p id="p0103" num="0103"> [0070] As shown in FIG. 5, an oblique angle emission element 51 that emits an ultrasonic wave and an oblique angle reception element 52 that receives the ultrasonic wave are attached respectively to the movable electrode 111 and the opposing electrode 112. Arrows in FIG. 5 schematically indicate advancement of the ultrasonic wave. Arrows drawn using solid lines indicate an emission side ultrasonic wave or a reflected wave thereof, while arrows drawn using dotted lines indicate a reception side ultrasonic wave (a transmitted wave) or a reflected wave thereof. </p><p id="p0104" num="0104"> [0071] Note that instead of the oblique angle emission element 51 and the oblique angle reception element 52 shown in FIG. 5, an emission element 61 and a reception element 62 such as those shown in FIG. 6 may be used. However, the amplitude of the ultrasonic wave can be detected more easily and more accurately with the oblique angle emission element 51 and the oblique angle reception element 52. </p><p id="p0105" num="0105"> [0072] FIGS. 7A and 7B show in detail the oblique angle emission element 51 
<!-- EPO <DP n="24"/>-->
 attached detachably to a shank Ills (a shaft portion of the electrode) that supports a chip 111c attached to a tip end of the movable electrode 111. The oblique angle emission element 51 is constituted by an oscillator 511 formed from a planar ultrasonic wave sensor, a wedge 512 that fixes the oscillator 511 to be oriented toward the work piece W from a diagonal direction relative to the shank Ills of the movable electrode 111, a fixing tool 513 that fixes the wedge 512 to the shank Ills, and an ultrasonic wave damping material 514 that absorbs multiple reflection waves in the shank Ills. </p><p id="p0106" num="0106"> [0073] The wedge 512 according to this embodiment is formed from acrylic resin, and an attachment angle of the oscillator 511 is set at 45° relative to an axis of the shank Ills. Note that the attachment angle is preferably set at an optimum angle taking into consideration a speed at which the ultrasonic wave propagates through the shank Ills and a speed at which the ultrasonic wave propagates through the wedge 512. </p><p id="p0107" num="0107"> [0074] The ultrasonic wave damping material 514 according to this embodiment is formed from a rubber band that is interposed between an inner peripheral surface of the fixing tool 513 and an outer peripheral surface of the shank Ills. The ultrasonic wave damping material 514 may be wrapped around an opposite side of the oscillator 511 to the work piece W (an upper side in FIG. 7A). Note that the structure and so on of the oblique angle emission element 51 described above applies likewise to the oblique angle reception element 52. </p><p id="p0108" num="0108"> [0075] The control apparatus 30 includes a robot drive circuit (not shown) to control driving of the welding robot 20 and the spot welding gun 10. The control apparatus 30 also includes a power circuit (not shown) to control a power (at least one of a voltage and a current) supplied to the work piece W via the electrodes 11. The current value applied to the work piece W, the energization period, an energization timing, a sandwiching force (pressing force) applied to the work piece W by the electrodes 11, and so on are controlled by these circuits. Conditions and data required for this control are input into and downloaded from an operating panel 31. </p><p id="p0109" num="0109"> [0076] The power supply apparatus 40 is an alternating current constant current apparatus that is capable of supplying a large constant current with stability by boosting a 
<!-- EPO <DP n="25"/>-->
 single-phase power supply or a three-phase power supply. The power supply apparatus 40 is controlled by the power circuit of the control apparatus 30. </p><p id="p0110" num="0110"> [0077] The spot welder 1 is operated as follows. The work piece W to be spot-welded is disposed on a carrying table (not shown). Welding conditions such as welding spots of the work piece W, physical property values of the work piece W, the sandwiching force to be applied to the work piece W by the electrodes 11, the current value to be supplied to the electrodes 11, the energization period, and a target value (a first set value) corresponding to the desired nugget diameter are set by being input into the control apparatus 30. </p><p id="p0111" num="0111"> [0078] The spot welder 1 is then activated to cause the welding robot 20, which is controlled by the control apparatus 30, to move the spot welding gun 10 to the respective welding spots successively. The electrodes 11 provided on the spot welding gun 10 are driven by the servo motor 13, which is controlled by the control apparatus 30, to sandwich the work piece W by the set pressure. In this condition, a predetermined constant current is supplied to the work piece W from the power supply apparatus 40. By repeating this operation on the plurality of set spots, a spot-welded work piece W (a welded member) is obtained. </p><p id="p0112" num="0112"> [0079] FIG. 4 is a schematic view of a welded spot obtained by the spot welding. When the spot welding is performed favorably, the work piece W melts and solidifies such that the nugget N is formed in the interior of a contact location of the work piece W (a work piece Wl and a work piece W2) constituted by soft steel plates. Note that a part that is pressed and heated by the electrodes 11 serves as a welding portion Y, and the nugget N is normally enveloped by the welding portion Y. Further, a maximum diameter of the nugget N is set as the nugget diameter. </p><p id="p0113" num="0113"> [0080] [Control apparatus and control method for spot welder] </p><p id="p0114" num="0114"> The control apparatus 30 according to this embodiment of the invention further includes a monitoring circuit (not shown) that monitors the welding condition of the welded spots. </p><p id="p0115" num="0115"> [0081] The monitoring circuit includes a melting start time specification unit 
<!-- EPO <DP n="26"/>-->
 that specifies the melting start time, i.e. the point at which at least a part of the work piece W starts to melt while being Joule-heated by the power input from the electrodes 11, a first power amount calculation unit that calculates the first power amount Ql input into the work piece W via the electrodes 11, and a first determination unit that determines whether the integrated first power amount Ql has reached a first set value XI (in other words, whether Ql &gt; XI). Further, the monitoring circuit Joule-heats the work piece W by supplying power to the work piece W via the aforementioned power circuit until the first power amount Ql reaches the first set value XI (a heating unit). </p><p id="p0116" num="0116"> [0082] The melting start time specification unit of the monitoring circuit includes a transmitted wave amplitude detection unit that receives a transmitted wave, which is an ultrasonic wave emitted from the oblique angle emission element 51 so as to pass through the welding portion Y, in the oblique angle reception element 52 and detects the amplitude value (Vc) of the transmitted wave, and a rapid reduction time determination unit that determines a point at which Vc falls to or below a second set value (X2) (Vc≤ X2) as the rapid reduction time of the transmitted wave amplitude. Thus, the melting start time specification unit specifies the rapid reduction time as the melting start time (t = tm). </p><p id="p0117" num="0117"> [0083] FIG. 9 is a flowchart of a specific control method employed by the control apparatus 30 to control the spot welder 1. By executing the control method shown in FIG. 9, each process of the resistance welding method according to the invention is realized, and as a result, the resistance-welded work piece W (welded member) is manufactured. </p><p id="p0118" num="0118"> [0084] First, in Step Sll, various welding conditions and data are input and set (setting step). More specifically, the material and plate thickness of the work pieces Wl, W2, the number of welding spots and their positions, a chip shape of the electrodes 111, 112, the pressure to be applied to the work piece W by the electrodes 11, a heating current value II to be employed during the spot welding, the cycle time Ct, the first set value XI corresponding to the desired nugget diameter, various parameters required to detect the amplitude value Vc of the transmitted wave, the second set value X2 (a calculation 
<!-- EPO <DP n="27"/>-->
 formula) required to determine the rapid reduction time of the amplitude value Vc, and so on are input and set. </p><p id="p0119" num="0119"> [0085] In Step S12, the welding robot 20 and the spot welding gun 10 are operated such that electrode end surface portions (electrode chips) of the electrodes 111, 112 impinge on (externally contact) the respective outer sides of the work piece W. The electrodes 11 press the work piece W on the basis of the settings of Step Sll (pressing step). </p><p id="p0120" num="0120"> [0086] In Step SI 3, heating energization is performed for the spot welding. In other words, the heating current value II is supplied to the electrodes, whereby the spot welding begins (heating process). </p><p id="p0121" num="0121"> [0087] In Step SI 4, the amplitude value Vc of the transmitted wave emitted by the oblique angle emission element 51 and received by the oblique angle reception element 52 is detected. To ensure that Vc is detected with stability at this time, a small amount of time (tn) at the start of energization is set as a void period and Vc detection is not performed therein. In other words, the amplitude value Vc of the transmitted wave is detected in a section (t≥ tn) following the void period (transmitted wave amplitude detection process). Note that a time width (At) of the detection step is set at a single period (1 Ct) of the supplied alternating current, similarly to calculation of the first power amount Ql. </p><p id="p0122" num="0122"> [0088] In Step S15, a maximum value (the maximum amplitude value Vp) of the amplitude value Vc detected from the start of Step S14 onward (t≥ tn) is stored. Whenever an amplitude value Vc (Vc &gt; Vp) that exceeds the maximum amplitude value Vp is detected, Vp is updated by the newly detected Vc value. </p><p id="p0123" num="0123"> [0089] In Step S16, the amplitude value Vc detected in Step S14 is compared with the second set value X2 determined from the previously detected maximum amplitude value Vp (rapid reduction time determination process). Here, the second set value X2 is calculated on a case by case basis as X2 = Vp x Th. Th is a parameter set appropriately in accordance with characteristics of the oblique angle emission element 51, the oblique angle reception element 52, the electrodes 11, the work piece W, and so on, at 
<!-- EPO <DP n="28"/>-->
 a fixed value between 0.2 and 0.6, for example. </p><p id="p0124" num="0124"> [0090] When, in Step SI 6, the amplitude value Vc of the transmitted wave is greater than the second set value X2, the processing returns to Step S14, where detection of the amplitude value Vc is continued. When, on the other hand, the amplitude value Vc is equal to or smaller than the second set value X2 (Vc≤ X2), it is determined that a rapid reduction has occurred in the transmitted wave amplitude, and the processing advances to Step S17. </p><p id="p0125" num="0125"> [0091] In Step S17, a time (t) at which Vc≤ X2 was established is set as the melting start time (t = tm) (melting start time specification process). </p><p id="p0126" num="0126"> [0092] In Step SI 8, the first power amount Ql input into the work piece W is calculated in accordance with the energization period (melting energization period: t - tm) from the melting start time tm (first power amount calculation process). </p><p id="p0127" num="0127"> [0093] In Step S19, the first power amount Ql calculated from the melting start time tm onward is compared with the first set value XI corresponding to the desired nugget diameter (first determination process). When the first power amount Ql is smaller than the first set value XI, the processing returns to Step S18, where heating energization of the work piece W is continued. </p><p id="p0128" num="0128"> [0094] When the first power amount Ql has reached the first set value XI in Step SI 9, on the other hand, the processing advances to Step S20, where heating energization of the work piece W is halted. The electrodes 11 are then separated from the work piece W, whereby spot welding in the corresponding position is terminated (heating process). </p><p id="p0129" num="0129"> [0095] Although not shown in the flowchart of FIG. 9, the conditions of the heating energization may be amended or modified when Steps S18 and S19 have been repeated a predetermined number of times or for a predetermined period (number of cycle times) or more (heating modification process). Further, in abnormal cases such as when a rapid reduction is not detected in the amplitude value Vc in Step S16 even after the elapse of a predetermined time, the processing may be terminated forcibly. </p><p id="p0130" num="0130"> [0096] [Spot welding evaluation method] 
<!-- EPO <DP n="29"/>-->
 The welding condition of the spot welding may be evaluated using Steps S 14 to S 19 in FIG. 9. The quality of the welding condition alone can be evaluated from a magnitude relationship between the first power amount Ql and the first set value XI, as shown in Step S19 (estimation process, evaluation process). Further, by preparing in advance a database associating the first power amount Ql with the nugget diameter D, such as that shown in FIG. 2B, the diameter D of the nugget formed in the welding portion can be estimated from the actually integrated first power amount Ql (nugget estimation process, estimation process, evaluation process). </p><p id="p0131" num="0131"> [0097] While the invention has been described with reference to example embodiments thereof, it is to be understood that the invention is not limited to the described embodiments or constructions. To the contrary, the invention is intended to cover various modifications and equivalent arrangements. In addition, while the various elements of the disclosed invention are shown in various example combinations and configurations, other combinations and configurations, including more, less or only a single element, are also within the scope of the appended claims. 
</p></description><claims mxw-id="PCLM44997924" ref-ucid="WO-2012120351-A1" lang="EN" load-source="patent-office"><claim-statement><!-- EPO <DP n="30"/>-->CLAIMS: </claim-statement><claim id="clm-0001" num="1"><claim-text>1. A resistance welding method comprising: </claim-text><claim-text> a melting start time specification process for specifying a melting start time, which is a time at which at least a part of a welding portion of a welding subject starts to melt while being subjected to Joule heating by a power input from an electrode pressed against the welding subject, by detecting a variation in an ultrasonic wave emitted toward the welding portion; </claim-text><claim-text> a first power amount calculation process for calculating a first power amount, which is an integrated value of the power input into the welding subject via the electrode from the melting start time; </claim-text><claim-text> a first determination process for determining whether or not the first power amount or a welding index value that indexes a welding condition of the welding portion and corresponds to the first power amount has reached at least a first set value; and </claim-text><claim-text> a heating process for performing the Joule heating from the melting start time until the first power amount or the welding index value reaches at least the first set value, wherein a nugget generated when the welding portion melts and solidifies is formed with stability. </claim-text></claim><claim id="clm-0002" num="2"><claim-text>2. The resistance welding method according to claim 1, wherein the melting start time specification process comprises: </claim-text><claim-text> a transmitted wave amplitude detection process for detecting a transmitted wave amplitude, which is an amplitude of an ultrasonic wave that passes through the welding portion; and </claim-text><claim-text> a rapid reduction time determination process for determining a rapid reduction time at which the transmitted wave amplitude falls to or below a second set value. </claim-text></claim><claim id="clm-0003" num="3"><claim-text>3. The resistance welding method according to claim 1 or 2, wherein the heating process includes a heating modification process for modifying a heating condition of the <!-- EPO <DP n="31"/>--> welding subject on the basis of a determination result obtained in the first determination process. </claim-text></claim><claim id="clm-0004" num="4"><claim-text>4. A resistance-welded member welded using the resistance welding method according to any of claims 1 to 3. </claim-text></claim><claim id="clm-0005" num="5"><claim-text>5. A control apparatus for a resistance welder having an electrode that contacts a welding subject externally and a power supply apparatus that supplies a heating current to the electrode in order to Joule-heat a welding portion of the welding subject, </claim-text><claim-text> the control apparatus being characterized by comprising: </claim-text><claim-text> a melting start time specification unit that specifies a melting start time, which is a time at which at least a part of the welding portion starts to melt while being subjected to Joule heating by a power input into the welding subject from the electrode, by detecting a variation in an ultrasonic wave emitted toward the welding portion; </claim-text><claim-text> a first power amount calculation unit that calculates a first power amount, which is an integrated value of the power input into the welding subject via the electrode from the melting start time; </claim-text><claim-text> a first determination unit that determines whether or not the first power amount or a welding index value that indexes a welding condition of the welding portion and corresponds to the first power amount has reached at least a first set value; and </claim-text><claim-text> a heating unit that performs the Joule heating from the melting start time until the first power amount or the welding index value reaches at least the first set value. </claim-text></claim><claim id="clm-0006" num="6"><claim-text>6. A resistance welder characterized by comprising: </claim-text><claim-text> an electrode that is pressed against a welding subject; </claim-text><claim-text> a power supply apparatus that supplies a heating current to the electrode in order to Joule-heat a welding portion of the welding subject; </claim-text><claim-text> an ultrasonic wave sensor that emits an ultrasonic wave toward the welding portion of the welding subject; and <!-- EPO <DP n="32"/>--> the control apparatus according to claim 5. </claim-text></claim><claim id="clm-0007" num="7"><claim-text>7. The resistance welder according to claim 6, wherein </claim-text><claim-text> the electrode is constituted by a first electrode and a second electrode that are pressed respectively against the welding subject from two substantially coaxial sides, and the ultrasonic wave sensor is constituted by an emission element that is attached to a shaft portion of the first electrode in order to emit the ultrasonic wave and a reception element that is attached to a shaft portion of the second electrode in order to receive the ultrasonic wave emitted by the emission element. </claim-text></claim><claim id="clm-0008" num="8"><claim-text>8. The resistance welder according to claim 7, wherein the emission element is an oblique angle emission element that emits the ultrasonic wave in a direction of the welding subject from a diagonal direction relative to the shaft portion of the first electrode, and the reception element is an oblique angle reception element that receives the ultrasonic wave emitted by the oblique angle emission element in the direction of the welding subject from a diagonal direction relative to the shaft portion of the second electrode. </claim-text></claim><claim id="clm-0009" num="9"><claim-text>9. The resistance welder according to claim 7 or 8, further comprising an ultrasonic wave damping material that is provided on the shaft portion of the first electrode or the shaft portion of the second electrode on an opposite side of the emission element or the reception element to the welding subject in order to damp the ultrasonic wave. </claim-text></claim><claim id="clm-0010" num="10"><claim-text>10. A control method for a resistance welder having an electrode that contacts a welding subject externally and a power supply apparatus that supplies a heating current to the electrode in order to Joule-heat a welding portion of the welding subject, </claim-text><claim-text> the method being characterized by comprising: </claim-text><claim-text> a melting start time specification process for specifying a melting start time, which is a time at which at least a part of the welding portion starts to melt while being <!-- EPO <DP n="33"/>--> subjected to Joule heating by a power input into the welding subject from the electrode, by detecting a variation in an ultrasonic wave emitted toward the welding portion; </claim-text><claim-text> a first power amount calculation process for calculating a first power amount, which is an integrated value of the power input into the welding subject via the electrode from the melting start time; </claim-text><claim-text> a first determination process for determining whether or not the first power amount or a welding index value that indexes a welding condition of the welding portion and corresponds to the first power amount has reached at least a first set value; and </claim-text><claim-text> a heating process for performing the Joule heating from the melting start time until the first power amount or the welding index value reaches at least the first set value. </claim-text></claim><claim id="clm-0011" num="11"><claim-text>11. A computer-readable storage medium that stores computer-executable instructions for performing the control method for a resistance welder according to claim 10. </claim-text></claim><claim id="clm-0012" num="12"><claim-text>12. A resistance welding evaluation method characterized by comprising: </claim-text><claim-text> a melting start time specification process for specifying a melting start time, which is a time at which at least a part of a welding portion of a welding subject starts to melt while being subjected to Joule heating by a power input from an electrode pressed against the welding subject, by detecting a variation in an ultrasonic wave emitted toward the welding portion; </claim-text><claim-text> a first power amount calculation process for calculating a first power amount, which is an integrated value of the power input into the welding subject via the electrode from the melting start time; and </claim-text><claim-text> an estimation process for estimating a welding condition of the welding portion on the basis of the first power amount. </claim-text></claim><claim id="clm-0013" num="13"><claim-text>13. The resistance welding evaluation method according to claim 12, wherein the estimation process is a nugget estimation process for estimating, on the basis of the first power amount, a size of a nugget formed when the welding portion melts and solidifies. <!-- EPO <DP n="34"/>--> </claim-text></claim><claim id="clm-0014" num="14"><claim-text>14. A computer-readable storage medium that stores computer-executable instructions for performing the resistance welding evaluation method according to claim 12 or 13. </claim-text></claim></claims><copyright>User acknowledges that Fairview Research LLC and its third party providers retain all right, title and interest in and to this xml under applicable copyright laws.  User acquires no ownership rights to this xml including but not limited to its format.  User hereby accepts the terms and conditions of the Licence Agreement</copyright></patent-document>
