<?xml version="1.0" encoding="UTF-8"?>
<patent-document ucid="EP-2678324-A1" country="EP" doc-number="2678324" kind="A1" date="20140101" family-id="44532998" file-reference-id="297604" date-produced="20180826" status="corrected" lang="EN"><bibliographic-data><publication-reference fvid="146551171" ucid="EP-2678324-A1"><document-id><country>EP</country><doc-number>2678324</doc-number><kind>A1</kind><date>20140101</date><lang>EN</lang></document-id></publication-reference><application-reference ucid="EP-11749558-A" is-representative="NO"><document-id mxw-id="PAPP154825094" load-source="docdb" format="epo"><country>EP</country><doc-number>11749558</doc-number><kind>A</kind><date>20110613</date><lang>EN</lang></document-id><document-id mxw-id="PAPP186997017" load-source="docdb" format="original"><country>EP</country><doc-number>11749558.0</doc-number><date>20110613</date></document-id></application-reference><priority-claims><priority-claim mxw-id="PPC140447103" ucid="IN-2011000394-W" linkage-type="W" load-source="docdb"><document-id format="epo"><country>IN</country><doc-number>2011000394</doc-number><kind>W</kind><date>20110613</date></document-id></priority-claim><priority-claim mxw-id="PPC159555013" ucid="IN-507MU2011-A" load-source="docdb"><document-id format="epo"><country>IN</country><doc-number>507MU2011</doc-number><kind>A</kind><date>20110224</date></document-id></priority-claim></priority-claims><technical-data><classifications-ipcr><classification-ipcr mxw-id="PCL1988101236" load-source="docdb">C07D 309/28        20060101AFI20120912BHEP        </classification-ipcr></classifications-ipcr><classifications-cpc><classification-cpc mxw-id="PCL2060967380" load-source="docdb" scheme="CPC">C07D 309/28        20130101 FI20140314BHEP        </classification-cpc></classifications-cpc><invention-title mxw-id="PT132185997" lang="DE" load-source="patent-office">VERFAHREN ZUR HERSTELLUNG VON ZANAMIVIR</invention-title><invention-title mxw-id="PT132185998" lang="EN" load-source="patent-office">PROCESS FOR THE PREPARATION OF ZANAMIVIR</invention-title><invention-title mxw-id="PT132185999" lang="FR" load-source="patent-office">PROCÉDÉ DE PRÉPARATION DE ZANAMIVIR</invention-title></technical-data><parties><applicants><applicant mxw-id="PPAR918135630" load-source="docdb" sequence="1" format="epo"><addressbook><last-name>CADILA HEALTHCARE LTD</last-name><address><country>IN</country></address></addressbook></applicant><applicant mxw-id="PPAR918140306" load-source="docdb" sequence="1" format="intermediate"><addressbook><last-name>CADILA HEALTHCARE LIMITED</last-name></addressbook></applicant><applicant mxw-id="PPAR918980781" load-source="patent-office" sequence="1" format="original"><addressbook><last-name>Cadila Healthcare Limited</last-name><iid>101042902</iid><address><street>Zydus Tower Satellite Cross Roads</street><city>Ahmedabad 380 015 Gujarat</city><country>IN</country></address></addressbook></applicant></applicants><inventors><inventor mxw-id="PPAR918135676" load-source="docdb" sequence="1" format="epo"><addressbook><last-name>CHARAN GANPAT DAN SHIMBHU</last-name><address><country>IN</country></address></addressbook></inventor><inventor mxw-id="PPAR918156123" load-source="docdb" sequence="1" format="intermediate"><addressbook><last-name>CHARAN, Ganpat Dan, Shimbhu</last-name></addressbook></inventor><inventor mxw-id="PPAR918988481" load-source="patent-office" sequence="1" format="original"><addressbook><last-name>CHARAN, Ganpat Dan, Shimbhu</last-name><address><street>Cadila Healthcare Limited Zydus Tower Satellite Cross Road Ahmedabad 380 015</street><city>Gujarat</city><country>IN</country></address></addressbook></inventor><inventor mxw-id="PPAR918138507" load-source="docdb" sequence="2" format="epo"><addressbook><last-name>TEHARE AJAY ONKARSINGH</last-name><address><country>IN</country></address></addressbook></inventor><inventor mxw-id="PPAR918156251" load-source="docdb" sequence="2" format="intermediate"><addressbook><last-name>TEHARE, Ajay, Onkarsingh</last-name></addressbook></inventor><inventor mxw-id="PPAR918979348" load-source="patent-office" sequence="2" format="original"><addressbook><last-name>TEHARE, Ajay, Onkarsingh</last-name><address><street>Cadila Healthcare Limited Zydus Tower Satellite Cross Road Ahmedabad 380 015</street><city>Gujarat</city><country>IN</country></address></addressbook></inventor><inventor mxw-id="PPAR918136147" load-source="docdb" sequence="3" format="epo"><addressbook><last-name>SINGH KUMAR KAMLESH LAXMI</last-name><address><country>IN</country></address></addressbook></inventor><inventor mxw-id="PPAR918169421" load-source="docdb" sequence="3" format="intermediate"><addressbook><last-name>SINGH, KUMAR, KAMLESH, LAXMI</last-name></addressbook></inventor><inventor mxw-id="PPAR918985427" load-source="patent-office" sequence="3" format="original"><addressbook><last-name>SINGH, KUMAR, KAMLESH, LAXMI</last-name><address><street>Cadila Healthcare Limited Zydus Tower Satellite Cross Road Ahmedabad 380 015</street><city>Gujarat</city><country>IN</country></address></addressbook></inventor></inventors><agents><agent mxw-id="PPAR918993071" load-source="patent-office" sequence="1" format="original"><addressbook><last-name>Danielsson, Maria Helena</last-name><iid>101408650</iid><address><street>Zacco Sweden AB P.O. Box 114</street><city>114 85 Stockholm</city><country>SE</country></address></addressbook></agent></agents></parties><international-convention-data><pct-or-regional-filing-data ucid="IN-2011000394-W"><document-id><country>IN</country><doc-number>2011000394</doc-number><kind>W</kind><date>20110613</date><lang>EN</lang></document-id></pct-or-regional-filing-data><pct-or-regional-publishing-data ucid="WO-2012114350-A1"><document-id><country>WO</country><doc-number>2012114350</doc-number><kind>A1</kind><date>20120830</date><lang>EN</lang></document-id></pct-or-regional-publishing-data><designated-states><ep-contracting-states><country mxw-id="DS548933548" load-source="docdb">AL</country><country mxw-id="DS548911986" load-source="docdb">AT</country><country mxw-id="DS548933554" load-source="docdb">BE</country><country mxw-id="DS548836598" load-source="docdb">BG</country><country mxw-id="DS548925794" load-source="docdb">CH</country><country mxw-id="DS548924589" load-source="docdb">CY</country><country mxw-id="DS548911987" load-source="docdb">CZ</country><country mxw-id="DS548933555" load-source="docdb">DE</country><country mxw-id="DS548924590" load-source="docdb">DK</country><country mxw-id="DS548924591" load-source="docdb">EE</country><country mxw-id="DS548864722" load-source="docdb">ES</country><country mxw-id="DS548836599" load-source="docdb">FI</country><country mxw-id="DS548836600" load-source="docdb">FR</country><country mxw-id="DS548933556" load-source="docdb">GB</country><country mxw-id="DS548924592" load-source="docdb">GR</country><country mxw-id="DS548933557" load-source="docdb">HR</country><country mxw-id="DS548911988" load-source="docdb">HU</country><country mxw-id="DS548925795" load-source="docdb">IE</country><country mxw-id="DS548933562" load-source="docdb">IS</country><country mxw-id="DS548836601" load-source="docdb">IT</country><country mxw-id="DS548924593" load-source="docdb">LI</country><country mxw-id="DS548927667" load-source="docdb">LT</country><country mxw-id="DS548911989" load-source="docdb">LU</country><country mxw-id="DS548927668" load-source="docdb">LV</country><country mxw-id="DS548927669" load-source="docdb">MC</country><country mxw-id="DS548815437" load-source="docdb">MK</country><country mxw-id="DS548815438" load-source="docdb">MT</country><country mxw-id="DS548911994" load-source="docdb">NL</country><country mxw-id="DS548864723" load-source="docdb">NO</country><country mxw-id="DS548925796" load-source="docdb">PL</country><country mxw-id="DS548927671" load-source="docdb">PT</country><country mxw-id="DS548911995" load-source="docdb">RO</country><country mxw-id="DS548927672" load-source="docdb">RS</country><country mxw-id="DS548911996" load-source="docdb">SE</country><country mxw-id="DS548927673" load-source="docdb">SI</country><country mxw-id="DS548864724" load-source="docdb">SK</country><country mxw-id="DS548925797" load-source="docdb">SM</country><country mxw-id="DS548815439" load-source="docdb">TR</country></ep-contracting-states><ep-extended-states><ep-extended-state-data><country>BA</country></ep-extended-state-data><ep-extended-state-data><country>ME</country></ep-extended-state-data></ep-extended-states></designated-states></international-convention-data><office-specific-data><eptags><ep-no-a-document-published>*</ep-no-a-document-published></eptags></office-specific-data></bibliographic-data><abstract mxw-id="PA99622788" ref-ucid="WO-2012114350-A1" lang="EN" load-source="patent-office"><p num="0000">The present invention provides a process for preparing 5-(acetylamino)-4- [(aminoiminomethyl)amino]-2,6-anhydro-3,4,5-trideoxy-D-glycero-D-galacto-non- enonic acid Formula (I), which process comprises reducing compound of Formula (IV) by Lindlar catalyst in presence of hydrogen to obtain compound of Formula (V). reacting compound of Formula (V) with pyrazole-lH-carboxamidine or its suitable salt to obtain compound of Formula (VIII). hydrolyzing the compound of Formula (VIII) to give compound of Formula (I). The present invention also provides compounds of formula (VIII) which may be used in the synthesis of zanamivir. The present invention also provides process for preparing compound of formula (VIII) and process involving the use of Formula (VIII), including in the synthesis of zanamivir.</p></abstract><abstract mxw-id="PA99821791" ref-ucid="WO-2012114350-A1" lang="EN" source="national office" load-source="docdb"><p>The present invention provides a process for preparing 5-(acetylamino)-4- [(aminoiminomethyl)amino]-2,6-anhydro-3,4,5-trideoxy-D-glycero-D-galacto-non- enonic acid Formula (I), which process comprises reducing compound of Formula (IV) by Lindlar catalyst in presence of hydrogen to obtain compound of Formula (V). reacting compound of Formula (V) with pyrazole-lH-carboxamidine or its suitable salt to obtain compound of Formula (VIII). hydrolyzing the compound of Formula (VIII) to give compound of Formula (I). The present invention also provides compounds of formula (VIII) which may be used in the synthesis of zanamivir. The present invention also provides process for preparing compound of formula (VIII) and process involving the use of Formula (VIII), including in the synthesis of zanamivir.</p></abstract><abstract mxw-id="PA99622789" ref-ucid="WO-2012114350-A1" lang="FR" load-source="patent-office"><p num="0000">L'invention concerne un procédé de préparation d'acide 5-(acetylamino)-4- [(aminoiminomethyl)amino]-2,6-anhydro-3,4,5-trideoxy-D-glycero-D-galacto-non-énonique représenté par la formule (I), consistant à réduire un composé représenté par la formule (IV) au moyen d'un catalyseur de Lindlar en présence d'hydrogène pour obtenir un composé représenté par la formule (V), à mettre à réagir le composé représenté par la formule (V) avec un pyrazole-lH-carboxamidine ou son sel approprié pour obtenir un composé représenté par la formule (VIII), et à hydrolyser le composé représenté par la formule (VIII) pour obtenir le composé représenté par la formule (I). L'invention concerne également des composés représentés par la formule (VIII) qui peuvent être utilisés dans la synthèse du zanamivir. L'invention concerne enfin un procédé de préparation du composé représenté par la formule (VIII) et un procédé impliquant l'utilisation de la formule (VIII), notamment dans la synthèse du zanamivir.</p></abstract><abstract mxw-id="PA99821792" ref-ucid="WO-2012114350-A1" lang="FR" source="national office" load-source="docdb"><p>L'invention concerne un procédé de préparation d'acide 5-(acetylamino)-4- [(aminoiminomethyl)amino]-2,6-anhydro-3,4,5-trideoxy-D-glycero-D-galacto-non-énonique représenté par la formule (I), consistant à réduire un composé représenté par la formule (IV) au moyen d'un catalyseur de Lindlar en présence d'hydrogène pour obtenir un composé représenté par la formule (V), à mettre à réagir le composé représenté par la formule (V) avec un pyrazole-lH-carboxamidine ou son sel approprié pour obtenir un composé représenté par la formule (VIII), et à hydrolyser le composé représenté par la formule (VIII) pour obtenir le composé représenté par la formule (I). L'invention concerne également des composés représentés par la formule (VIII) qui peuvent être utilisés dans la synthèse du zanamivir. L'invention concerne enfin un procédé de préparation du composé représenté par la formule (VIII) et un procédé impliquant l'utilisation de la formule (VIII), notamment dans la synthèse du zanamivir.</p></abstract><description mxw-id="PDES50930787" ref-ucid="WO-2012114350-A1" lang="EN" load-source="patent-office"><!-- EPO <DP n="2"/>--><p id="p0001" num="0001"> PROCESS FOR THE PREPARATION OF ZANAMIVTR </p><p id="p0002" num="0002">FIELD OF THE INVENTION </p><p id="p0003" num="0003"> The present invention relates to synthesis of zanamivir of Formula (I). The invention further relates to a novel intermediate useful in the preparation of compound of Formula (I) and processes for their preparation. </p><p id="p0004" num="0004"> BACKGROUND OF THE INVENTION </p><p id="p0005" num="0005"> Zanamivir is the first neuraminidase inhibitor to be developed commercially, and it is used in the treatment of and prophylaxis of both Influenza virus A and Influenza virus B. Chemically, zanamivir is 5-(acetylamino)-4- [(aminoiminomethy l)am ino] -2, 6-anhydro-3 ,4,5- trideoxy-D-glycero-D-galacto-non- enonic acid (Formula I), and is represented by the following structure: </p><p id="p0006" num="0006"><img id="imgf000002_0001" he="48" wi="62" file="imgf000002_0001.tif" img-format="tif" img-content="drawing" orientation="portrait" inline="no"/>
 Formula (I) </p><p id="p0007" num="0007"> Zanamivir binds to the conserved region of influenza neuraminidase enzyme, which mainly catalyzes the cleavage of terminal sialic acid attached to glycolipids and glycoproteins. </p><p id="p0008" num="0008"> The preparation and use of derivatives and analogs of 2-deoxy-2,3-didehydro-N acetylneuraminic acid, are disclosed in U.S. patent No. 5360817 which are antiviral agents. Disclosed therein are compounds, whose general formula is, </p><p id="p0009" num="0009"><img id="imgf000002_0002" he="35" wi="102" file="imgf000002_0002.tif" img-format="tif" img-content="drawing" orientation="portrait" inline="no"/></p><p id="p0010" num="0010"> l 
<!-- EPO <DP n="3"/>-->
 The process for preparation of zanamivir was first described in the U.S. patent No. 5360817 wherein, selective deacetylation of 5-acetamido-4-acetoxy-6-(l,2,3- triacetoxypropyl)-5,6-dihydro-4H-pyran-2-carboxylate of Formula (II) with boron trifluoride ethearate gives 5-acetamido-4-hydroxy-6-(l,2,3-triacetoxypropyl)-5,6- dihydro-4H-pyran-2-carboxylate of </p><p id="p0011" num="0011"> Formula (III), which on further treatment with trifluoromethanesulfonic anhydride and sodium azide gives 5-acetamido-4-azido-6-(l,2,3-triacetoxypropyl)-5,6- dihydro-4H-pyran-2-carboxylate of Formula (IV). The reduction of intermediate compound of Formula (IV) with hydrogen sulphide in pyridine affords the corresponding 5-acetamido-4-amino-6-(l,2,3-triacetoxypropyl)-5,6-dihydro-4H-pyran- 2-carboxylate intermediate of Formula (V), which is finally condensed with S- methylisothiourea in water and saponified through Dowex 50W in aqueous ammonium hydroxide to yield zanamivir (I). </p><p id="p0012" num="0012"> The problems associated with the disclosed process are that even on passing hydrogen sulphide gas for around 16 hours, there is no complete reduction of the 4- azido intermediate into the 4-amino compound. Also, due to the excessive use of the gas, there is a risk of undesired reduction of the 2, 3-double bond along with the 4- azido group. The over-reduction leads to formation of undesired products which need additional purification procedures in order to separate the undesired products. Also all over yield of the reaction was very low. </p><p id="p0013" num="0013"> Another process for preparation of compound of Formula (I) is disclosed in WO94/07885 which involves preparation by treating 5-acetamido-4-amino-6-( 1,2,3- trihydroxypropyl)-5,6-dihydro-4H-pyran-2-carboxylic acid of Formula (VI), which is obtained as per WO91/16320, with cyanogen bromide in the presence of sodium acetate to yield 4-cyanoamide derivative (VII) which is further reacted with ammonium formate and ammonia to yield compound of Formula (I). </p><p id="p0014" num="0014"> EP0539204 also discloses the preparation of zanamivir by treating cyanoamide derivative (VII) with an amine derivative or treating 4-amino compound (VI) with a carbamimidic compound. </p><p id="p0015" num="0015"> US5495027 discloses the use of a Lindlar catalyst (lead doped palladium catalyst) for the conversion of azide to amine and the product of reduction is subsequently hydrolysed in aqueous medium to form zanamivir. 
<!-- EPO <DP n="4"/>-->
 EP 662967 discloses the synthesis of zanamivir by reacting the 5-acetamido-4-amino- 6- (l,2,3-trihydroxypropyl)-5,6-dihydro-4H-pyran-2-carboxylic acid (VI) with pyrazole-1 H-carboxamidine. </p><p id="p0016" num="0016"> PCT publication No. WO 2010061 182 describes a process of preparation of zanamivir. The product is prepared by reducing methyl 5-acetamido-4-azido-6-( 1,2,3- triacetoxypropyl)-5,6-dihydro-4H-pyran-2-carboxylate of Formula (IV) in the presence of a reducing agent selected from the group consisting of lithium aluminium hydride, sodium borohydride, zinc/ammonium chloride, zinc-ferric chloride and ferric chloride/sodium iodide. </p><p id="p0017" num="0017"> Several of the above processes either have a problem of low yield and purity or are difficult to carry out on a commercial scale and are expensive. Hence there is a high unmet need to develop a process which provides the compound of Formula (I) at low cost and which should be environment friendly, scalable, and industrially applicable. The present invention provides a process which is efficient, cost effective and does not result in impure product, thus making the process amenable for commercial scale use. SUMMARY OF THE INVENTION </p><p id="p0018" num="0018"> In one general aspect there is provided a process for the preparation of compound of Formula (I). </p><p id="p0019" num="0019">The process includes: </p><p id="p0020" num="0020">(a) reduction of compound of Formula (IV): </p><p id="p0021" num="0021"><img id="imgf000004_0001" he="34" wi="60" file="imgf000004_0001.tif" img-format="tif" img-content="drawing" orientation="portrait" inline="no"/></p><p id="p0022" num="0022"> Formula (IV) by a Lindlar catalyst in presence of hydrogen in suitable solvents to obtain compound of Formula (V). 
<!-- EPO <DP n="5"/>-->
 R<sub>2</sub>HN </p><p id="p0023" num="0023"> NH<sub>2</sub> </p><p id="p0024" num="0024"> Formula (V) </p><p id="p0025" num="0025">where Ri is suitable hydroxy 1 protecting group selected from aralkyl groups such as benzyl, diphenyl methyl or triphenyl methyl group and the like; acyl groups such as acetyl and the like; silicon containing protecting groups such as trimethylsilyl groups or as tetrahydropyran derivatives and the like; R<sub>2</sub> is amino protecting groups selected from aralkyl groups such as benzyl, diphenylmethyl or triphenylmethyl group and the like; acyl groups such as acetyl, N-benzyloxy carbonyl or t-butoxycarbonyl and R<sub>3</sub> is C(l-4) alkyl group. </p><p id="p0026" num="0026">(b) reacting compound of Formula (V) with pyrazole-lH-carboxamidine or its suitable salt to obtain compound of Formula (VIII). </p><p id="p0027" num="0027"><img id="imgf000005_0001" he="45" wi="82" file="imgf000005_0001.tif" img-format="tif" img-content="drawing" orientation="portrait" inline="no"/></p><p id="p0028" num="0028"> Formula (VIII) </p><p id="p0029" num="0029">wherein Ri, R<sub>2</sub>, R<sub>3</sub> are as defined earlier. </p><p id="p0030" num="0030"> (c) hydrolyzing the compound of Formula (VIII) to give compound of Formula (I).</p><p id="p0031" num="0031">(d) Optionally, further purifying the compound of Formula (I) by using suitable solvent and by adding suitable base to obtain pure compound of Formula (I). </p><p id="p0032" num="0032"> In one aspect there is provided a process for the preparation of compound of Formula (I). The process includes: </p><p id="p0033" num="0033"> (a) reduction of 5-acetamido-4-azido-6-(l,2,3-triacetoxypropyl)-5,6-dihydro-4H- pyran-2-carboxylate of Formula (IV): 
<!-- EPO <DP n="6"/>-->
 
<img id="imgf000006_0001" he="32" wi="60" file="imgf000006_0001.tif" img-format="tif" img-content="drawing" orientation="portrait" inline="no"/>
 </p><p id="p0034" num="0034"> Formula (IV) by a Lindlar catalyst in presence of hydrogen in suitable solvents to obtain compound of Formula (V). </p><p id="p0035" num="0035"><img id="imgf000006_0002" he="34" wi="63" file="imgf000006_0002.tif" img-format="tif" img-content="drawing" orientation="portrait" inline="no"/></p><p id="p0036" num="0036"> Formula (V) </p><p id="p0037" num="0037">(b) reacting compound of Formula (V) with pyrazole-lH-carboxamidine or its suitable salt to obtain compound of Formula (VIII). </p><p id="p0038" num="0038"><img id="imgf000006_0003" he="51" wi="61" file="imgf000006_0003.tif" img-format="tif" img-content="drawing" orientation="portrait" inline="no"/>
 (c) hydrolyzing the compound of Formula (VIII) to give compound of Formula (I).</p><p id="p0039" num="0039">(d) Optionally, further purifying the compound of Formula (I) by using suitable solvent and by adding suitable base to obtain pure compound of Formula (I). </p><p id="p0040" num="0040"> In another general aspect there is provided compound of Formula (VIII) and their use for the preparation of compound of Formula (I). 
<!-- EPO <DP n="7"/>-->
 The process may further include converting the product so obtained as above, into a finished dosage form. </p><p id="p0041" num="0041"> The details of one or more embodiments of the invention are set forth in the description below. Other features, objects and advantages of the invention will be apparent from the description and claims. </p><p id="p0042" num="0042"> Embodiments of the process may include one or more of the following features. For example, the protection of hydroxyl group R<sub>\</sub> and amino group R<sub>2</sub> of Formula IV may be carried out in the presence of a suitable protecting agent and one or more suitable solvents. The suitable protecting agent may be selected from those disclosed in Text book -Title: 'Protective Groups in Organic Synthesis" 3<sup>rd</sup> Edition, John Wiley &amp; Sons, By-T. W. Grene and Peter G. M. Wuts) which also describes methods for the removal of such groups. </p><p id="p0043" num="0043"> DETAILED DESCMPTION OF THE INVENTION </p><p id="p0044" num="0044"> As used herein, the term "reflux temperature" refers to the boiling point of the solvent being used in the corresponding step. </p><p id="p0045" num="0045"> As used herein, the term "THF" refers to tetrahydrofuran, the term "DCM" refers to dichloro methane, the term "TEA" refers to triethyl amine, the term "DMF" refers to dimethyl formamide, the term "DIPE" refers to di-isopropyl ether, the term "MTBE" refers to methyl t-butyl ether, the term "DMSO" refers to dimethyl sulfoxide, the term "DMA" refers to dimethylacetamide, the term "IPA" refers to isopropyl alcohol. As used herein, the term "DBU" refers to 1, 8-diazabicyclo [5.4.0] undec-7- ene. </p><p id="p0046" num="0046"> The inventors have developed a process for the preparation of compound of Formula (I). The process includes: </p><p id="p0047" num="0047"> (a) reduction of compound of Formula (IV): </p><p id="p0048" num="0048"><img id="imgf000007_0001" he="37" wi="61" file="imgf000007_0001.tif" img-format="tif" img-content="drawing" orientation="portrait" inline="no"/></p><p id="p0049" num="0049"> Formula (IV) </p><p id="p0050" num="0050"> by Lindlar catalyst in presence of hydrogen in suitable solvents to obtain compound of Formula (V). 
<!-- EPO <DP n="8"/>-->
 
<img id="imgf000008_0001" he="37" wi="66" file="imgf000008_0001.tif" img-format="tif" img-content="drawing" orientation="portrait" inline="no"/>
 </p><p id="p0051" num="0051"> Formula (V) </p><p id="p0052" num="0052">where Ri is suitable hydroxyl protecting group selected from aralkyl groups such as benzyl, diphenyl methyl or triphenyl methyl group and the like; acyl groups such as acetyl and the like; silicon containing protecting groups such as trimethylsilyl group or as tetrahydropyran derivatives and the like; R<sub>2</sub> is amino protecting groups selected from aralkyl groups such as benzyl, diphenylmethyl or triphenylmethyl group and the like; acyl groups such as acetyl, N-benzyloxy carbonyl or t-butoxycarbonyl and R<sub>3</sub> is C(l-4) alkyl group. </p><p id="p0053" num="0053">(b) reacting compound of Formula (V) with pyrazole-1 H-carboxamidine or its suitable salts to obtain compound of Formula (VIII). </p><p id="p0054" num="0054"><img id="imgf000008_0002" he="54" wi="75" file="imgf000008_0002.tif" img-format="tif" img-content="drawing" orientation="portrait" inline="no"/></p><p id="p0055" num="0055"> Formula (VIII) </p><p id="p0056" num="0056">wherein Ri, R<sub>2</sub>, R<sub>3</sub> are as defined earlier. </p><p id="p0057" num="0057">(c) hydrolyzing the compound of Formula (VIII) to give compound of Formula (I).</p><p id="p0058" num="0058">(d) optionally, purifying the compound of Formula (I) by using suitable solvent and by adding suitable base to obtain pure compound of Formula (I). </p><p id="p0059" num="0059"> In another general aspect there is provided a process of compound of Formula</p><p id="p0060" num="0060">(VIII). The process includes: </p><p id="p0061" num="0061">(a) reduction of compound of Formula (IV): 
<!-- EPO <DP n="9"/>-->
 
<img id="imgf000009_0001" he="34" wi="61" file="imgf000009_0001.tif" img-format="tif" img-content="drawing" orientation="portrait" inline="no"/>
 </p><p id="p0062" num="0062"> Formula (IV) </p><p id="p0063" num="0063">by Lindlar catalyst in presence of hydrogen in suitable solvents to obtain compound of Formula (V). </p><p id="p0064" num="0064"><img id="imgf000009_0002" he="37" wi="66" file="imgf000009_0002.tif" img-format="tif" img-content="drawing" orientation="portrait" inline="no"/></p><p id="p0065" num="0065"> Formula (V) </p><p id="p0066" num="0066">wherein Ri<sub>,</sub> R<sub>2</sub> R<sub>3</sub> are as defined earlier. </p><p id="p0067" num="0067"> (b) reacting compound of Formula (V) with pyrazole-1 H-carboxamidine or its suitable salts to obtain compound of Formula (VIII). </p><p id="p0068" num="0068"><img id="imgf000009_0003" he="54" wi="71" file="imgf000009_0003.tif" img-format="tif" img-content="drawing" orientation="portrait" inline="no"/></p><p id="p0069" num="0069"> Formula (VIII) </p><p id="p0070" num="0070">Embodiments of the process may include one or more of the following features. For example, the protection of hydroxyl group R] and amino group R<sub>2</sub> of Formula IV may be carried out in the presence of a suitable protecting agent and one or more suitable solvents. The suitable protecting agent may be selected from those disclosed in Text book -Title: 'Protective Groups in Organic Synthesis<sup>'</sup>' 3<sup>rd</sup> Edition, John Wiley &amp; 
<!-- EPO <DP n="10"/>-->
 Sons, By-T. W. Grene and Peter G. M. Wuts) which also describes methods for the removal of such groups. </p><p id="p0071" num="0071"> In an embodiment, the term alcohols used anywhere in the specification, unless otherwise specified means suitable (Ci-C<sub>6</sub>) linear or branched chain alcohols, more preferably those that are selected from methanol, ethanol, isopropanol, butanol, 1,2- dimethoxy ethanol, 2-methoxy ethanol, 2-ethoxy ethanol, ethylene glycol or their suitable mixtures. </p><p id="p0072" num="0072"> In an embodiment, the term chlorinated solvents used anywhere in the specification, unless otherwise specified would mean chlorine containing solvents, preferably those selected from chloroform, dichloromethane, dichloroethane or their suitable mixtures. </p><p id="p0073" num="0073"> In an embodiment, the term nitriles used anywhere in the specification, unless otherwise specified are selected from acetonitrile and the likes. </p><p id="p0074" num="0074"> In an embodiment, the term aprotic polar solvents used anywhere in the specification, unless otherwise specified may be selected from DMF, DMA, N-methyl pyrrolidone or their suitable mixtures. </p><p id="p0075" num="0075"> In an embodiment, the term ethers used anywhere in the specification, unless otherwise specified may be selected from diethyl ether, 1,4-dioxane, dimethoxy ethane, DIPE, MTBE, THF or their suitable mixtures. </p><p id="p0076" num="0076">In an embodiment, the term esters used anywhere in the specification, unless otherwise specified may be selected from ethyl acetate, isopropyl acetate or their suitable mixtures. </p><p id="p0077" num="0077"> The process is exemplified in greater details below: </p><p id="p0078" num="0078">Step-fa) </p><p id="p0079" num="0079"> In general, the reduction of Formula (IV) with Lindlar catalyst in the presence of hydrogen to give compound of Formula (V) may be carried out using suitable solvents. </p><p id="p0080" num="0080"> Suitable solvents which can be used at step-(a) may include one or more of alcohols such as methanol, ethanol, isopropanol, butanol, 1,2-dimethoxy ethanol, 2-methoxy ethanol, 2-ethoxy ethanol and ethylene glycol; ethers such as diethyl ether, 1 ,4-dioxane, dimethoxy ethane, DIPE, MTBE, THF; chlorinated solvents such as chloroform, dichloromethane, dichloroethane; nitriles such acetonitrile; ketones such as acetone, methyl ethyl ketone; aprotic polar solvents such as DMF, DMA, N-methyl pyrrolidone and the like or their suitable mixtures. 
<!-- EPO <DP n="11"/>-->
 Reaction is carried out at temperature 10-100 °C, preferably at 15-50 C, more preferably at room temperature. </p><p id="p0081" num="0081"> n an embodiment, the compound of Formula (V) can be isolated or it may be generated in situ and used for next step. </p><p id="p0082" num="0082">Step-(b) </p><p id="p0083" num="0083"> The reaction of compound of Formula (V) with pyrazole-1 H-carboxamidine or its suitable salt may be carried out using suitable solvents to obtain compound of Formula (VIII). </p><p id="p0084" num="0084"> Suitable solvents which can be used at step-(b) may include one or more of water, alcohols such as methanol, ethanol, isopropanol, butanol, 1,2-dimethoxy ethanol, 2- methoxy ethanol, 2-ethoxy ethanol and ethylene glycol; ethers such as diethyl ether, 1,4-dioxane, dimethoxy ethane, DIPE, MTBE, TUF; esters such as ethyl acetate and isopropyl acetate; chlorinated solvents such as chloroform, dichloromethane, dichloroethane; nitriles such acetonitrile; ketones such as acetone, methyl ethyl ketone; aprotic polar solvents such as DMF, DMA, N-methyl pyrrolidone and the like or their suitable mixtures. </p><p id="p0085" num="0085"> In an embodiment, the Pyrazole-1 H-carboxamidine may first be converted to its suitable acid addition salts such as hydrochloride, hydrobromide, acetate, sulfate and benzene sulfonate, preferably hydrochloride. </p><p id="p0086" num="0086">In an embodiment, the compound of Formula (VIII) can be isolated or it may be generated in situ and used for the next step. </p><p id="p0087" num="0087">Step-(c) </p><p id="p0088" num="0088"> The hydrolysis of Formula (VIII) may be carried out using a suitable base in the presence of suitable solvents to obtain compound of Formula (I). </p><p id="p0089" num="0089"> Suitable solvents which can be used at step-(c) may include one or more of ethers such as diethyl ether, 1,4-dioxane, dimethoxy ethane, DIPE, MTBE, THF; chlorinated solvents such as chloroform, dichloromethane, dichloroethane; nitriles such as acetonitrile; aprotic polar solvents such as DMF, DMA, DMSO; N-methyl pyrrolidone, HMPA and the like or their suitable mixtures. </p><p id="p0090" num="0090"> Suitable base(s) used in step (c) may include one or more of DBU; tertiary amines such as triethyl amine, trimethyl amine, triisopropyl amine and diisopropyl ethylamine, preferably triethyl amine; alkali metal alkoxides such as sodium ethoxide, sodium methoxide, potassium t-butoxide, sodium t-butoxide and like, preferably DBU. 
<!-- EPO <DP n="12"/>-->
 The duration of the reaction may vary from 1 to 5 hrs, more specifically 1 to 2 hrs. </p><p id="p0091" num="0091"> Sten-(d) </p><p id="p0092" num="0092"> Purification of the crude compound of Formula (I) by using suitable solvent and by adding suitable base preferably, DBU to obtain pure compound of Formula (I). </p><p id="p0093" num="0093"> Suitable solvents which can be used at step-(d) may include one or more of ethers such as diethyl ether, 1,4-dioxane, dimethoxy ethane, DIPE, MTBE, THF; chlorinated solvents such as chloroform, dichloromethane, dichloroethane; nitriles such as acetonitrile; aprotic polar solvents such as DMF, DMA, DMSO; N-methyl pyrrolidone, HMPA and the like or their suitable mixtures. </p><p id="p0094" num="0094"> In a preferred embodiment, the compound of Formula (I), having purity of at least &gt; 99 % is prepared according to the present invention. </p><p id="p0095" num="0095"> In a preferred embodiment there is provided a process for the preparation of compound of Formula (I). The process includes: </p><p id="p0096" num="0096"> (a) reduction of 5-acetamido-4-azido-6-(l,2,3-triacetoxypropyl)-5,6-dihydro-4H-pyran- 2-carboxylate of Formula (IV): </p><p id="p0097" num="0097"><img id="imgf000012_0001" he="35" wi="63" file="imgf000012_0001.tif" img-format="tif" img-content="drawing" orientation="portrait" inline="no"/></p><p id="p0098" num="0098"> Formula (IV) </p><p id="p0099" num="0099"> by Lindlar catalyst in presence of hydrogen in suitable solvents to obtain compound of Formula (V). </p><p id="p0100" num="0100"><img id="imgf000012_0002" he="37" wi="63" file="imgf000012_0002.tif" img-format="tif" img-content="drawing" orientation="portrait" inline="no"/></p><p id="p0101" num="0101"> Formula (V) </p><p id="p0102" num="0102"> (b) reacting compound of Formula (V) with pyrazole-1 H-carboxamidine or its suitable salts to obtain compound of Formula (VIII). 
<!-- EPO <DP n="13"/>-->
 
<img id="imgf000013_0001" he="51" wi="71" file="imgf000013_0001.tif" img-format="tif" img-content="drawing" orientation="portrait" inline="no"/>
 </p><p id="p0103" num="0103"> Formula (VIII) </p><p id="p0104" num="0104"> (c) hydrolyzing the compound of Formula (VIII) to give compound of Formula (I).</p><p id="p0105" num="0105">(d) optionally, purifying the compound of Formula (I) by using suitable solvent and by adding suitable base to obtain pure compound of Formula (I). </p><p id="p0106" num="0106"> In a preferred embodiment there is provided a process for the preparation of compound of Formula (VIII). The process includes: </p><p id="p0107" num="0107"><img id="imgf000013_0002" he="45" wi="64" file="imgf000013_0002.tif" img-format="tif" img-content="drawing" orientation="portrait" inline="no"/></p><p id="p0108" num="0108"> Formula (VIII) </p><p id="p0109" num="0109"> (a) reduction of 5-acetamido-4-azido-6-(l,2,3-triacetoxypropyl)-5,6-dihydro-4H-pyran- 2-carboxylate of Formula (IV): </p><p id="p0110" num="0110"><img id="imgf000013_0003" he="36" wi="68" file="imgf000013_0003.tif" img-format="tif" img-content="drawing" orientation="portrait" inline="no"/></p><p id="p0111" num="0111"> Formula (IV) </p><p id="p0112" num="0112">by Lindlar catalyst in presence of hydrogen in a suitable solvents to obtain compound of Formula (V). 
<!-- EPO <DP n="14"/>-->
 
<img id="imgf000014_0001" he="38" wi="59" file="imgf000014_0001.tif" img-format="tif" img-content="drawing" orientation="portrait" inline="no"/>
 </p><p id="p0113" num="0113"> Formula (V) </p><p id="p0114" num="0114"> (b) reacting compound of Formula (V) with pyrazole-1 H-carboxamidine or its suitable salts to obtain compound of Formula (VIII). </p><p id="p0115" num="0115"><img id="imgf000014_0002" he="48" wi="67" file="imgf000014_0002.tif" img-format="tif" img-content="drawing" orientation="portrait" inline="no"/></p><p id="p0116" num="0116"> Formula (VIII) </p><p id="p0117" num="0117">The invention is further exemplified by the following non-limiting examples, which are illustrative representing the preferred modes of carrying out the invention. The invention's scope is not limited to these specific embodiments only but should be read in conjunction with what is disclosed anywhere else in the specification together with those information and knowledge which are within the general understanding of a person skilled in the art. These examples are provided merely as representative embodiments and should not be construed to limit the scope of the invention in any way. </p><p id="p0118" num="0118"> Example-1: Process for the preparation of 5-acetamido-4-amino-6-(l,2,3- triacetoxypropylV5,6-dihvdro-4H-pyran-2-carboxylate (Formula V) </p><p id="p0119" num="0119"> In a suitable hydrogenation vessel, 5-acetamido-4-azido-6-( 1,2,3- triacetoxypropyl)-5,6-dihydro-4H-pyran-2-carboxylate (15gm), methanol were charged under nitrogen atmosphere. The reaction mixture was stirred to get clear solution. Subsequently, 3gm Lindlar catalyst was added and applied 10-15 PSI hydrogenation pressure and maintained the pressure for 4 hrs. The reaction mass was filtered through 
<!-- EPO <DP n="15"/>-->
 Hyflo and wash the hyflobed with methanol. The solvent was completely distilled out under reduced pressure at 50°C. Thick solid material was obtained. </p><p id="p0120" num="0120">Yield= 14.14 g, HPLC purity=91%. </p><p id="p0121" num="0121"> Example-2: Process for the preparation of 5-acetamido-4-amino-6-( 1,2,3- triacetoxypropyn-5,6-dihvdro-4H-pyran-2-carboxylate (Formula V) </p><p id="p0122" num="0122"> In a suitable hydrogenation vessel, 5-acetamido-4-azido-6-( 1,2,3- triacetoxypropyl)-5,6-dihydro-4H-pyran-2-carboxylate (15gm), methanol and water were charged under nitrogen atmosphere. The reaction mixture was stirred to get clear solution. Subsequently, 3gm Lindlar catalyst was added and applied 10-15 PSI hydrogenation pressure and maintained the pressure for 4 hrs. The reaction mass was filtered through hyflo and wash the hyflobed with water. The solvent was completely distilled out under reduced pressure at 50°C. Thick solid material was obtained. 
<!-- EPO <DP n="16"/>-->
</p><p id="p0123" num="0123">Yield= 14.14 g, HPLC purity=92% </p><p id="p0124" num="0124"> Example-3: Process for the preparation of 5-acetamido-4-guanidino-6-( 1,2,3- triacetoxypropyn-5,6-dihvdro-4H-pyran-2-carboxylate (Formula VIII) </p><p id="p0125" num="0125"> In a suitable vessel, 5-acetamido-4-amino-6-(l,2,3-triacetoxypropyl)-5,6- dihydro-'4H-pyran-2-carboxylate (14.14gm), water, imidazole (6.7gm) and pyrazole carboxamidine hydrochloride (6.72gm) were charged. The reaction mixture was stirred to get clear solution. The temprature was raised up to 40 to 45 °C and subsequently, the reaction mixture was maintained at room temprature for 16-18 hrs. The conversion of 5-acetamido-4-amino-6-(l,2,3-triacetoxypropyl)-5,6-dihydro-4H-pyran-2-carboxylate to 5-acetamido-4-guanidino-6-(l,2,3-triacetoxypropyl)-5,6-dihydro-4H-pyran-2- carboxylate was checked by HPLC. </p><p id="p0126" num="0126"> Example-4; Process for the preparation of 5-acetamido-4-guanidino-6-( 1,2,3- triacetoxypropyl)-5,6-dihvdro-4H-pyran-2-carboxylate (Formula VIII) </p><p id="p0127" num="0127"> In a suitable vessel, 5-acetamido-4-amino-6-(l,2,3-triacetoxypropyl)-5,6- dihydro-'4H-pyran-2-carboxylate (14.14gm), methanol (45ml), imidazole (6.7gm) and pyrazole carboxamidine hydrochloride (6.72gm) were charged. The reaction mixture was stirred to get clear solution. The temperature was raised up to 40 to 45 °C and subsequently, the reaction mixture was maintained at 40-45 °C for 16-18 hrs. The conversion of 5-acetamido-4-amino-6-( 1 ,2,3-triacetoxypropyl)-5,6-dihydro-4H-pyran- 2-carboxylate to 5-acetamido-4-guanidino-6-(l,2,3-triacetoxypropyl)-5,6-dihydro-4H- pyran-2-carboxylate was checked by HPLC. </p><p id="p0128" num="0128"> Example-5: Process for the preparation of 5-(acetylamino)-4- [(aminoiminomethyl)aminol-2,6-anhvdro-3,4,5-trideoxy-D-glycero-D-galacto-non- enonic acid (Formula I) </p><p id="p0129" num="0129"> Charged TEA (22.48gm) in a vessel containing 5-acetamido-4-guanidino-6-</p><p id="p0130" num="0130">(l,2,3-triacetoxypropyl)-5,6-dihydro-4H-pyran-2-carboxylate (as prepared in example- 2) slowly at temp 5-10 °C. Subsequently, the temperature was raised up to RT and maintained for 30 min. The reaction mass was washed with MDC and subsequently, acetone was added. The product thus obtained was isolated. The compound was filtered, washed with acetone and dried under reduced pressure at 50 °C. </p><p id="p0131" num="0131">The yield was 5.5 gm (50 %). HPLC Purity - 99.0% </p><p id="p0132" num="0132"> Example-6: Process for the preparation of 5-(acetylamino)-4- [(aminoiminomethyl)aminol-2,6-anhvdro-3,4,5-trideoxy-D-glycero-D-galacto-non- enonic acid (Formula I) 
<!-- EPO <DP n="17"/>-->
 Charged DBU (22.48gm) in a vessel containing 5-acetamido-4-guanidino-6- (l,2,3-triacetoxypropyl)-5,6-dihydro-4H-pyran-2-carboxylate (as prepared in example- 2) slowly at temp 5-10 °C. Subsequently, the temperature was raised up to RT and maintained for 30 min. The reaction mass was washed with MDC and subsequently, acetone was added. The product thus obtained was isolated. The compound was filtered, washed with acetone and dried under reduced pressure at 50 °C. </p><p id="p0133" num="0133">The yield was 6.7 g (61.3 %). HPLC Purity - 99.5% </p><p id="p0134" num="0134"> Example-7: Purification of 5-(acetylamino)-4-[(aminoiminomethv0aminol-2.6- anhvdro-3.4,5- trideoxy-D-glvcero-D-galacto-non-enonic acid (Formula D </p><p id="p0135" num="0135"> In a suitable vessel, 5-(acetylamino)-4-[(aminoiminomethyl)amino]-2,6- anhydro-3,4,5- trideoxy-D-glycero-D-galacto-non-enonic acid (5gm), water and TEA (0.5ml) were charged. The temperature was raised up to 50 to 55 °C to get clear solution. Subsequently, the reaction mass was treated with activated carbon and filtered at same temperature and acetone was added. The product thus obtained was isolated at temperature at about 40-45°C. The compound was filtered, washed with acetone and dried under reduced pressure at 50 °C. </p><p id="p0136" num="0136">The yield was 5.0 g (83 %). HPLC Purity - 99.8%. </p><p id="p0137" num="0137"> Example-8; Purification of 5-(acetylamino)-4-[(aminoiminomethyl)aminol-2,6- anhydro-3,4,5- trideoxy-D-glycero-D-galacto-non-enonic acid (Formula I) </p><p id="p0138" num="0138"> In a suitable vessel, 5-(acetylamino)-4-[(aminoiminomethyl)amino]-2,6- anhydro-3,4,5- trideoxy-D-glycero-D-galacto-non-enonic acid (5gm), water and DBU (0.5ml) were charged. The temperature was raised up to 50 to 55 °C to get clear solution. Subsequently, the reaction mass was treated with activated carbon and filtered at same temperature and acetone was added. The product thus obtained was isolated at temperature at about 40-45°C. The compound was filtered, washed with acetone and dried under reduced pressure at 50 °C. </p><p id="p0139" num="0139">The yield was 5.3 g (88 %). HPLC Purity - 99.96%. 
</p></description><claims mxw-id="PCLM44726729" ref-ucid="WO-2012114350-A1" lang="EN" load-source="patent-office"><claim id="clm-0001" num="0001"><!-- EPO <DP n="18"/>--><claim-text> We claim: </claim-text><claim-text> 1. A process for the preparation of zanamivir of Formula (I) comprising, </claim-text><claim-text><img id="imgf000018_0001" he="48" wi="62" file="imgf000018_0001.tif" img-format="tif" img-content="drawing" orientation="portrait" inline="no"/></claim-text><claim-text> Formula (I) </claim-text><claim-text> (a) reduction of compound of Formula (IV) </claim-text><claim-text><img id="imgf000018_0002" he="38" wi="63" file="imgf000018_0002.tif" img-format="tif" img-content="drawing" orientation="portrait" inline="no"/></claim-text><claim-text> Formula (IV) </claim-text><claim-text> by Lindlar catalyst in presence of hydrogen in a suitable solvents to obtain compound of Formula (V) . </claim-text><claim-text><img id="imgf000018_0003" he="41" wi="67" file="imgf000018_0003.tif" img-format="tif" img-content="drawing" orientation="portrait" inline="no"/></claim-text><claim-text> Formula (V) </claim-text><claim-text> where Ri is hydroxyl protecting group selected from aralkyl groups, acyl groups and silicon protecting groups, R<sub>2</sub> is suitable amino protecting groups selected from aralkyl and acyl groups and R<sub>3</sub> is C( 1-4) alkyl group. </claim-text><claim-text> (b) reacting compound of Formula (V) with pyrazole-1 H-carboxamidine or its suitable salts to obtain compound of Formula (VIII). 
<!-- EPO <DP n="19"/>-->
</claim-text><claim-text><img id="imgf000019_0001" he="50" wi="67" file="imgf000019_0001.tif" img-format="tif" img-content="drawing" orientation="portrait" inline="no"/></claim-text><claim-text> Formula (VIII) </claim-text><claim-text> wherein Ri<sub>,</sub> R<sub>2</sub>, R<sub>3</sub> are as defined earlier. </claim-text><claim-text> (c) suitably hydrolyzing the compound of Formula (VIII) to give compound of Formula (I). </claim-text><claim-text> (d) optionally, purifying the compound of Formula (I) by using suitable solvent and by adding suitable base to obtain pure compound of Formula (I). </claim-text><claim-text> 2. The process for the preparation of compound of Formula (I) as claimed in claim 1 step (a), wherein the suitable solvent is selected from (Ci-C<sub>6</sub>) alcohols, ethers, chlorinated solvents, nitriles, ketones, aprotic polar solvents and the like or their suitable mixtures. </claim-text><claim-text> 3. The process for the preparation of compound of Formula (I) as claimed in claim 1 step (b), wherein the suitable salt of an acid selected is hydrochloride, hydrobromide, acetate, sulfate and benzene sulfonate. </claim-text><claim-text>4. The process as claimed in claim 3, wherein the salt is hydrochloride salt. </claim-text><claim-text> 5. The process for the preparation of compound of Formula (I) as claimed in claim 1 step (b), wherein the suitable solvent is selected from water, (Ci-C<sub>6</sub>) alcohols, ethers, esters, chlorinated solvents, nitriles, ketones, aprotic polar solvents or their suitable mixtures. </claim-text><claim-text>6. The process for the preparation of compound of Formula (I) as claimed in claim 1 step (c), wherein the suitable solvent is selected from ethers, chlorinated solvents, nitriles, aprotic polar solvents or their suitable mixtures. </claim-text><claim-text> 7. The process for the preparation of compound of Formula (I) as claimed in claim 1 step (c), wherein the suitable base is selected from one or more of DBU, tertiary amines, alkali metal alkoxides. </claim-text><claim-text> 8. The process as claimed in claim 7, wherein the base is DBU. 
<!-- EPO <DP n="20"/>-->
</claim-text><claim-text>9. The process as claimed in claim 1 step (d), wherein the suitable solvent is selected from ethers, chlorinated solvents, nitriles, aprotic polar solvents or their suitable mixtures. </claim-text><claim-text> 10. The process for the preparation of compound of Formula (I) as claimed in claim 1 step (b), wherein the suitable hydroxy aralkyl groups are selected from benzyl, diphenyl methyl or triphenyl methyl group. </claim-text><claim-text> 11. The process for the preparation of compound of Formula (I) as claimed in claim 1 step (b), wherein the suitable hydroxy acyl group is selected from acetyl. </claim-text><claim-text> 12. The process for the preparation of compound of Formula (I) as claimed in claim 1 step (b), wherein the suitable hydroxy silicon protecting groups are selected from trimethylsilyl group or as tetrahydropyran derivatives. </claim-text><claim-text> 13. The process for the preparation of compound of Formula (I) as claimed in claim 1 step (b), wherein the suitable amino aralkyl protecting groups are selected from benzyl, diphenyl methyl or triphenyl methyl group. </claim-text><claim-text> 14. The process for the preparation of compound of Formula (I) as claimed in claim 1 step (b), wherein the suitable amino acyl protecting groups are selected from acetyl, N-benzyloxy carbonyl or t-butoxycarbonyl. </claim-text><claim-text> 15. A intermediate of formula (VIII). </claim-text><claim-text><img id="imgf000020_0001" he="49" wi="67" file="imgf000020_0001.tif" img-format="tif" img-content="drawing" orientation="portrait" inline="no"/></claim-text><claim-text> where Ri is hydroxyl protecting group selected from aralkyl groups, acyl groups and silicon protecting groups, R<sub>2</sub> is amino protecting groups selected from aralkyl group and acyl group and R<sub>3</sub> is C(l-4) alkyl group. </claim-text><claim-text>16. A process for the preparation of compound of Formula (VIII) as claimed in claim 15, comprising, 
<!-- EPO <DP n="21"/>-->
</claim-text><claim-text><img id="imgf000021_0001" he="49" wi="67" file="imgf000021_0001.tif" img-format="tif" img-content="drawing" orientation="portrait" inline="no"/></claim-text><claim-text>where R<sub>\</sub> is hydroxyl protecting group selected from aralkyl groups, acyl groups and silicon protecting groups, R<sub>2</sub> is amino protecting groups selected from aralkyl group and acyl group and R<sub>3</sub> is C(l-4) alkyl group. </claim-text><claim-text> (b) reduction of compound of Formula (IV): </claim-text><claim-text><img id="imgf000021_0002" he="38" wi="63" file="imgf000021_0002.tif" img-format="tif" img-content="drawing" orientation="portrait" inline="no"/></claim-text><claim-text> Formula (IV) </claim-text><claim-text>by Lindlar catalyst in presence of hydrogen in a suitable solvents to obtain compound of Formula (V). </claim-text><claim-text><img id="imgf000021_0003" he="37" wi="66" file="imgf000021_0003.tif" img-format="tif" img-content="drawing" orientation="portrait" inline="no"/></claim-text><claim-text> Formula (V) </claim-text><claim-text>wherein Ri<sub>,</sub> R<sub>2,</sub> R<sub>3</sub> are defined as earlier. </claim-text><claim-text> (b) reacting compound of Formula (V) with pyrazole-1 H-carboxamidine or its suitable salts to obtain compound of Formula (VIII). 
<!-- EPO <DP n="22"/>-->
</claim-text><claim-text><img id="imgf000022_0001" he="50" wi="67" file="imgf000022_0001.tif" img-format="tif" img-content="drawing" orientation="portrait" inline="no"/></claim-text><claim-text> Formula (VIII) </claim-text><claim-text> wherein Ri<sub>,</sub> R<sub>2,</sub> R3 are defined as earlier. </claim-text><claim-text> 17. The process for the preparation of compound of Formula (VIII) as claimed in claim </claim-text><claim-text> 16 step (a), wherein the suitable solvent is selected from (Ci-C<sub>6</sub>) alcohols, ethers, chlorinated solvents, nitriles, ketones, aprotic polar solvents or their suitable mixtures. </claim-text><claim-text> 18. The process for the preparation of compound of Formula (I) as claimed in claim 16 step (b), wherein the suitable hydroxy aralkyl groups are selected from benzyl, diphenyl methyl or triphenyl methyl group. </claim-text><claim-text> 19. The process for the preparation of compound of Formula (I) as claimed in claim 16 step (b), wherein the suitable hydroxy acyl group is selected from acetyl. </claim-text><claim-text> 20. The process for the preparation of compound of Formula (I) as claimed in claim 16 step (b), wherein the suitable hydroxy silicon protecting groups are selected from trimethylsilyl group or as tetrahydropyran derivatives. </claim-text><claim-text> 21. The process for the preparation of compound of Formula (I) as claimed in claim 16 step (b), wherein the suitable amino aralkyl protecting groups are selected from benzyl, diphenyl methyl or triphenyl methyl group. </claim-text><claim-text> 22. The process for the preparation of compound of Formula (I) as claimed in claim 16 step (b), wherein the suitable amino acyl protecting groups are selected from acetyl, N-benzyloxy carbonyl or t-butoxycarbonyl. </claim-text><claim-text> 23. The process for the preparation of compound of Formula (VIII) as claimed in claim </claim-text><claim-text> 16 step (b), wherein the suitable salt of an acid selected is hydrochloride, hydrobromide, acetate, sulfate and benzene sulfonate. </claim-text><claim-text> 24. The process as claimed in claim 23, wherein the salt is the hydrochloride salt. </claim-text><claim-text> 25. The process for the preparation of compound of formula (VIII) as claimed in claim </claim-text><claim-text> 16 step (b) wherein the suitable solvent is selected from water, (Ci-C<sub>6</sub>) alcohols, 
<!-- EPO <DP n="23"/>-->
 ethers, esters, chlorinated solvents, nitriles, ketones, aprotic polar solvents or their suitable mixtures. </claim-text><claim-text>26. The process for the preparation of zanamivir of Formula (I) as claimed in claim 1 comprising </claim-text><claim-text> (a) reduction of 5-acetamido-4-azido-6-(l,2,3-triacetoxypropyl)-5,6-dihydro-4H- pyran-2-carboxylate of Formula (IV): </claim-text><claim-text><img id="imgf000023_0001" he="35" wi="66" file="imgf000023_0001.tif" img-format="tif" img-content="drawing" orientation="portrait" inline="no"/></claim-text><claim-text> Formula (IV) </claim-text><claim-text>by Lindlar catalyst in presence of hydrogen in a suitable solvents to obtain compound of Formula (V). </claim-text><claim-text><img id="imgf000023_0002" he="38" wi="59" file="imgf000023_0002.tif" img-format="tif" img-content="drawing" orientation="portrait" inline="no"/></claim-text><claim-text> Formula (V) </claim-text><claim-text> (b) reacting compound of Formula (V) with pyrazole-1 H-carboxamidine or its suitable salts to obtain compound of Formula (VIII). </claim-text><claim-text><img id="imgf000023_0003" he="50" wi="70" file="imgf000023_0003.tif" img-format="tif" img-content="drawing" orientation="portrait" inline="no"/></claim-text><claim-text> Formula (VIII) </claim-text><claim-text> (c) suitably hydrolyzing the compound of Formula (VIII) to give compound of Formula (I). 
<!-- EPO <DP n="24"/>-->
 (d) optionally, purifying the compound of Formula (I) by using suitable solvent and by adding suitable base to obtain pure compound of Formula (I). </claim-text><claim-text>27. The process for the preparation of compound of Formula (I) as claimed in claim 26 step (a), wherein the suitable solvent is selected from (Ci-C<sub>6</sub>) alcohols, ethers, chlorinated solvents, nitriles, ketones, aprotic polar solvents and the like or their suitable mixtures. </claim-text><claim-text> 28. The process for the preparation of compound of Formula (I) as claimed in claim 26 step (b), wherein the suitable salt of an acid selected is hydrochloride, hydrobromide, acetate, sulfate and benzene sulfonate. </claim-text><claim-text>29. The process as claimed in claim 28, wherein the salt is hydrochloride salt. </claim-text><claim-text> 30. The process for the preparation of compound of Formula (I) as claimed in claim 26 step (b), wherein the suitable solvent is selected from water, (Ci-C<sub>6</sub>) alcohols, ethers, esters, chlorinated solvents, nitriles, ketones, aprotic polar solvents or their suitable mixtures. </claim-text><claim-text>31. The process for the preparation of compound of Formula (I) as claimed in claim 26 step (c), wherein the suitable solvent is selected from ethers, chlorinated solvents, nitriles, aprotic polar solvents or their suitable mixtures. </claim-text><claim-text> 32. The process for the preparation of compound of Formula (I) as claimed in claim 26 step (c), wherein the suitable base is selected from one or more of DBU, tertiary amines, alkali metal alkoxides. </claim-text><claim-text> 33. The process as claimed in claim 32, wherein the base is DBU. </claim-text><claim-text> 34. The process as claimed in claim 26 step (d), wherein the suitable solvent is selected from ethers, chlorinated solvents, nitriles, aprotic polar solvents or their suitable mixtures. </claim-text><claim-text>35. A intermediate of formula (VIII). </claim-text><claim-text><img id="imgf000024_0001" he="46" wi="64" file="imgf000024_0001.tif" img-format="tif" img-content="drawing" orientation="portrait" inline="no"/><!-- EPO <DP n="25"/>-->
 A process for the preparation of compound of Formula (VIII) as claimed 35, comprising, </claim-text><claim-text><img id="imgf000025_0001" he="45" wi="63" file="imgf000025_0001.tif" img-format="tif" img-content="drawing" orientation="portrait" inline="no"/></claim-text><claim-text> (c) reduction of 5-acetamido-4-azido-6-(l,2,3-triacetoxypropyl)-5,6-dihydro-4H-pyran- 2-carboxylate of Formula (IV): </claim-text><claim-text><img id="imgf000025_0002" he="36" wi="68" file="imgf000025_0002.tif" img-format="tif" img-content="drawing" orientation="portrait" inline="no"/></claim-text><claim-text> Formula (IV) </claim-text><claim-text>by Lindlar catalyst in presence of hydrogen in a suitable solvents to obtain compound of Formula (V). </claim-text><claim-text><img id="imgf000025_0003" he="37" wi="70" file="imgf000025_0003.tif" img-format="tif" img-content="drawing" orientation="portrait" inline="no"/></claim-text><claim-text> Formula (V) </claim-text><claim-text> (b) reacting compound of Formula (V) with pyrazole-1 H-carboxamidine or its suitable salts to obtain compound of Formula (VIII). 
<!-- EPO <DP n="26"/>-->
 
<img id="imgf000026_0001" he="49" wi="69" file="imgf000026_0001.tif" img-format="tif" img-content="drawing" orientation="portrait" inline="no"/>
 </claim-text><claim-text> Formula (VIII) </claim-text><claim-text> 37. The process for the preparation of compound of Formula (VIII) as claimed in claim 36 step (a), wherein the suitable solvent is selected from (Ci-C<sub>6</sub>) alcohols, ethers, chlorinated solvents, nitriles, ketones, aprotic polar solvents or their suitable mixtures. </claim-text><claim-text> 38. The process for the preparation of compound of Formula (VIII) as claimed in claim 36 step (b), wherein the suitable salt of an acid selected is hydrochloride, hydrobromide, acetate, sulfate and benzene sulfonate. </claim-text><claim-text>39. The process as claimed in claim 38, wherein the salt is the hydrochloride salt. </claim-text><claim-text> 40. The process for the preparation of compound of formula (VIII) as claimed in claim 36 step (b) wherein the suitable solvent is selected from water, (Ci-C<sub>6</sub>) alcohols, ethers, esters, chlorinated solvents, nitriles, ketones, aprotic polar solvents or their suitable mixtures. </claim-text><claim-text>41. The process as claimed in any preceding claims, wherein the alcohols are selected from methanol, ethanol, isopropanol, butanol, 1 ,2-dimethoxy ethanol, 2-methoxy ethanol, 2- ethoxy ethanol, ethylene glycol or their suitable mixtures. </claim-text><claim-text> 42. The process as claimed in any preceding claims, wherein the chlorinated solvents are selected from chloroform, dichloromethane, dichloroethane or their suitable mixtures. </claim-text><claim-text> 43. The process as claimed in any preceding claims, wherein the nitriles are selected from acetonitrile or their suitable mixtures. </claim-text><claim-text> 44. The process as claimed in any preceding claims, wherein the aprotic polar solvents are selected from DMF, DMA, N-methyl pyrrolidone or their suitable mixtures. 45. The process as claimed in any preceding claims, wherein the ethers are selected from diethyl ether, 1 ,4-dioxane, dimethoxy ethane, DIPE, MTBE, THF or their suitable mixtures. 
<!-- EPO <DP n="27"/>-->
</claim-text><claim-text>46. The process as claimed in any preceding claims, wherein the esters are selected from ethyl acetate, isopropyl acetate or their suitable mixtures. </claim-text><claim-text> 47. The zanamivir prepared by the process as claimed in claim 1 having purity at least &gt; 99 %. </claim-text><claim-text>48. Zanamivir as claimed in claim 47 having a purity of at least 99.96 %. 
</claim-text></claim></claims><copyright>User acknowledges that Fairview Research LLC and its third party providers retain all right, title and interest in and to this xml under applicable copyright laws.  User acquires no ownership rights to this xml including but not limited to its format.  User hereby accepts the terms and conditions of the Licence Agreement</copyright></patent-document>
