<?xml version="1.0" encoding="UTF-8"?>
<patent-document ucid="EP-2677895-A1" country="EP" doc-number="2677895" kind="A1" date="20140101" family-id="45808728" file-reference-id="310468" date-produced="20180823" status="corrected" lang="EN"><bibliographic-data><publication-reference fvid="146551742" ucid="EP-2677895-A1"><document-id><country>EP</country><doc-number>2677895</doc-number><kind>A1</kind><date>20140101</date><lang>EN</lang></document-id></publication-reference><application-reference ucid="EP-12707474-A" is-representative="NO"><document-id mxw-id="PAPP154825665" load-source="docdb" format="epo"><country>EP</country><doc-number>12707474</doc-number><kind>A</kind><date>20120221</date><lang>EN</lang></document-id><document-id mxw-id="PAPP184034271" load-source="docdb" format="original"><country>EP</country><doc-number>12707474.8</doc-number><date>20120221</date></document-id></application-reference><priority-claims><priority-claim mxw-id="PPC140446488" ucid="DE-202011003088-U" load-source="docdb"><document-id format="epo"><country>DE</country><doc-number>202011003088</doc-number><kind>U</kind><date>20110223</date></document-id></priority-claim><priority-claim mxw-id="PPC140452842" ucid="EP-2012000754-W" linkage-type="W" load-source="docdb"><document-id format="epo"><country>EP</country><doc-number>2012000754</doc-number><kind>W</kind><date>20120221</date></document-id></priority-claim></priority-claims><technical-data><classifications-ipcr><classification-ipcr mxw-id="PCL1988106947" load-source="docdb">A45D  40/20        20060101ALI20120911BHEP        </classification-ipcr><classification-ipcr mxw-id="PCL1988119255" load-source="docdb">A45D  40/04        20060101AFI20120911BHEP        </classification-ipcr></classifications-ipcr><classifications-cpc><classification-cpc mxw-id="PCL-2019227723" load-source="docdb" scheme="CPC">A45D  40/24        20130101 LA20150930BHEP        </classification-cpc><classification-cpc mxw-id="PCL-2019228606" load-source="docdb" scheme="CPC">A45D  40/04        20130101 LI20150930BHEP        </classification-cpc><classification-cpc mxw-id="PCL-2019228728" load-source="docdb" scheme="CPC">A45D  40/205       20130101 LI20150930BHEP        </classification-cpc><classification-cpc mxw-id="PCL-2019238051" load-source="docdb" scheme="CPC">A45D2040/208       20130101 LA20150930BHEP        </classification-cpc><classification-cpc mxw-id="PCL1988118343" load-source="docdb" scheme="CPC">A45D  40/20        20130101 FI20131127BHEP        </classification-cpc></classifications-cpc><invention-title mxw-id="PT132187710" lang="DE" load-source="patent-office">APPLIKATORVORRICHTUNG</invention-title><invention-title mxw-id="PT132187711" lang="EN" load-source="patent-office">APPLICATOR DEVICE</invention-title><invention-title mxw-id="PT132187712" lang="FR" load-source="patent-office">DISPOSITIF APPLICATEUR</invention-title></technical-data><parties><applicants><applicant mxw-id="PPAR918156821" load-source="docdb" sequence="1" format="epo"><addressbook><last-name>SCHWAN STABILO COSMETICS GMBH</last-name><address><country>DE</country></address></addressbook></applicant><applicant mxw-id="PPAR918166504" load-source="docdb" sequence="1" format="intermediate"><addressbook><last-name>SCHWAN-STABILO COSMETICS GMBH &amp; CO. KG</last-name></addressbook></applicant><applicant mxw-id="PPAR918982846" load-source="patent-office" sequence="1" format="original"><addressbook><last-name>Schwan-STABILO Cosmetics GmbH &amp; Co. KG</last-name><iid>100216558</iid><address><street>Schwanweg 1</street><city>90562 Heroldsberg</city><country>DE</country></address></addressbook></applicant></applicants><inventors><inventor mxw-id="PPAR918171662" load-source="docdb" sequence="1" format="epo"><addressbook><last-name>BRAEUER LUTZ</last-name><address><country>DE</country></address></addressbook></inventor><inventor mxw-id="PPAR918160105" load-source="docdb" sequence="1" format="intermediate"><addressbook><last-name>BRAEUER, LUTZ</last-name></addressbook></inventor><inventor mxw-id="PPAR918984302" load-source="patent-office" sequence="1" format="original"><addressbook><last-name>BRÄUER, Lutz</last-name><address><street>Pettensiedel 50a</street><city>91338 Igensdorf</city><country>DE</country></address></addressbook></inventor><inventor mxw-id="PPAR918148162" load-source="docdb" sequence="2" format="epo"><addressbook><last-name>LORENZ BRITTA</last-name><address><country>DE</country></address></addressbook></inventor><inventor mxw-id="PPAR918139231" load-source="docdb" sequence="2" format="intermediate"><addressbook><last-name>LORENZ, BRITTA</last-name></addressbook></inventor><inventor mxw-id="PPAR918981196" load-source="patent-office" sequence="2" format="original"><addressbook><last-name>LORENZ, BRITTA</last-name><address><street>Siebmacherstrasse 23</street><city>90489 Nürnberg</city><country>DE</country></address></addressbook></inventor><inventor mxw-id="PPAR918171822" load-source="docdb" sequence="3" format="epo"><addressbook><last-name>WIESMANN CLEMENS</last-name><address><country>DE</country></address></addressbook></inventor><inventor mxw-id="PPAR918149075" load-source="docdb" sequence="3" format="intermediate"><addressbook><last-name>WIESMANN, CLEMENS</last-name></addressbook></inventor><inventor mxw-id="PPAR918984480" load-source="patent-office" sequence="3" format="original"><addressbook><last-name>WIESMANN, CLEMENS</last-name><address><street>Wiesenweg 1d</street><city>90562 Heroldsberg</city><country>DE</country></address></addressbook></inventor></inventors><agents><agent mxw-id="PPAR918981008" load-source="patent-office" sequence="1" format="original"><addressbook><last-name>Eisenführ, Speiser &amp; Partner</last-name><iid>100060041</iid><address><street>Patentanwälte Rechtsanwälte PartGmbB Postfach 31 02 60</street><city>80102 München</city><country>DE</country></address></addressbook></agent></agents></parties><international-convention-data><pct-or-regional-filing-data ucid="EP-2012000754-W"><document-id><country>EP</country><doc-number>2012000754</doc-number><kind>W</kind><date>20120221</date><lang>EN</lang></document-id></pct-or-regional-filing-data><pct-or-regional-publishing-data ucid="WO-2012113539-A1"><document-id><country>WO</country><doc-number>2012113539</doc-number><kind>A1</kind><date>20120830</date><lang>EN</lang></document-id></pct-or-regional-publishing-data><designated-states><ep-contracting-states><country mxw-id="DS548818362" load-source="docdb">AL</country><country mxw-id="DS548948354" load-source="docdb">AT</country><country mxw-id="DS548818363" load-source="docdb">BE</country><country mxw-id="DS548938481" load-source="docdb">BG</country><country mxw-id="DS548841522" load-source="docdb">CH</country><country mxw-id="DS548924550" load-source="docdb">CY</country><country mxw-id="DS548948355" load-source="docdb">CZ</country><country mxw-id="DS548818364" load-source="docdb">DE</country><country mxw-id="DS548924551" load-source="docdb">DK</country><country mxw-id="DS548924552" load-source="docdb">EE</country><country mxw-id="DS548940083" load-source="docdb">ES</country><country mxw-id="DS548938482" load-source="docdb">FI</country><country mxw-id="DS548936988" load-source="docdb">FR</country><country mxw-id="DS548818365" load-source="docdb">GB</country><country mxw-id="DS548924553" load-source="docdb">GR</country><country mxw-id="DS548818366" load-source="docdb">HR</country><country mxw-id="DS548948356" load-source="docdb">HU</country><country mxw-id="DS548841523" load-source="docdb">IE</country><country mxw-id="DS548924558" load-source="docdb">IS</country><country mxw-id="DS548936989" load-source="docdb">IT</country><country mxw-id="DS548924559" load-source="docdb">LI</country><country mxw-id="DS548938483" load-source="docdb">LT</country><country mxw-id="DS548869704" load-source="docdb">LU</country><country mxw-id="DS548938484" load-source="docdb">LV</country><country mxw-id="DS548938485" load-source="docdb">MC</country><country mxw-id="DS548869705" load-source="docdb">MK</country><country mxw-id="DS548869706" load-source="docdb">MT</country><country mxw-id="DS548940084" load-source="docdb">NL</country><country mxw-id="DS548948357" load-source="docdb">NO</country><country mxw-id="DS548869707" load-source="docdb">PL</country><country mxw-id="DS548924560" load-source="docdb">PT</country><country mxw-id="DS548940085" load-source="docdb">RO</country><country mxw-id="DS548924561" load-source="docdb">RS</country><country mxw-id="DS548869708" load-source="docdb">SE</country><country mxw-id="DS548818367" load-source="docdb">SI</country><country mxw-id="DS548948362" load-source="docdb">SK</country><country mxw-id="DS548869709" load-source="docdb">SM</country><country mxw-id="DS548841524" load-source="docdb">TR</country></ep-contracting-states></designated-states></international-convention-data><office-specific-data><eptags><ep-no-a-document-published>*</ep-no-a-document-published></eptags></office-specific-data></bibliographic-data><abstract mxw-id="PA99626175" ref-ucid="WO-2012113539-A1" lang="EN" load-source="patent-office"><p num="0000">An applicator device for applying a mass in the form of a stick (1) extending longitudinally along a longitudinal axis (M), comprising a rotatable part (10) through which the stick (1) is guided and which has an exit opening (12) for the stick (1), a hollow shaft (41) coupled to the rotatable part (10) via an axially fixed rotatable connection for axially advancing the stick (1), a body (20) fixedly connected to the hollow shaft (41), and a cap (30) for the rotatable part (10), which is detachably connected to the hollow shaft (41), the axially fixed rotatable connection being formed by a coupling portion of the rotatable part (K.2) and a complementary counterpart coupling portion (K.1) of the hollow shaft (41) in a coupling portion (K) in which the hollow shaft (41) and the rotatable part (10) engage with each other.</p></abstract><abstract mxw-id="PA99824694" ref-ucid="WO-2012113539-A1" lang="EN" source="national office" load-source="docdb"><p>An applicator device for applying a mass in the form of a stick (1) extending longitudinally along a longitudinal axis (M), comprising a rotatable part (10) through which the stick (1) is guided and which has an exit opening (12) for the stick (1), a hollow shaft (41) coupled to the rotatable part (10) via an axially fixed rotatable connection for axially advancing the stick (1), a body (20) fixedly connected to the hollow shaft (41), and a cap (30) for the rotatable part (10), which is detachably connected to the hollow shaft (41), the axially fixed rotatable connection being formed by a coupling portion of the rotatable part (K.2) and a complementary counterpart coupling portion (K.1) of the hollow shaft (41) in a coupling portion (K) in which the hollow shaft (41) and the rotatable part (10) engage with each other.</p></abstract><abstract mxw-id="PA99626176" ref-ucid="WO-2012113539-A1" lang="FR" load-source="patent-office"><p num="0000">L'invention concerne un dispositif applicateur destiné à appliquer une masse sous la forme d'un bâton (1) s'étendant longitudinalement le long d'un axe longitudinal (M), comprenant une partie rotative (10) à travers laquelle le bâton (1) est guidé et qui comporte une ouverture de sortie (12) pour le bâton (1), un arbre creux (41) couplé à la partie rotative (10) par l'intermédiaire d'une liaison rotative fixe en sens axial permettant d'avancer en sens axial le bâton (1), un corps (20) relié fixement à l'arbre creux (41), et une coiffe (30) pour la partie rotative (10), qui est reliée de façon détachable à l'arbre creux (41), la liaison rotative fixe en sens axial étant formée par une partie d'accouplement de la partie rotative (K.2) et une partie d'accouplement homologue complémentaire (K.1) de l'arbre creux (41) dans une partie d'accouplement (K) dans laquelle l'arbre creux (41) et la partie rotative (10) viennent en prise l'une avec l'autre.</p></abstract><abstract mxw-id="PA99824695" ref-ucid="WO-2012113539-A1" lang="FR" source="national office" load-source="docdb"><p>L'invention concerne un dispositif applicateur destiné à appliquer une masse sous la forme d'un bâton (1) s'étendant longitudinalement le long d'un axe longitudinal (M), comprenant une partie rotative (10) à travers laquelle le bâton (1) est guidé et qui comporte une ouverture de sortie (12) pour le bâton (1), un arbre creux (41) couplé à la partie rotative (10) par l'intermédiaire d'une liaison rotative fixe en sens axial permettant d'avancer en sens axial le bâton (1), un corps (20) relié fixement à l'arbre creux (41), et une coiffe (30) pour la partie rotative (10), qui est reliée de façon détachable à l'arbre creux (41), la liaison rotative fixe en sens axial étant formée par une partie d'accouplement de la partie rotative (K.2) et une partie d'accouplement homologue complémentaire (K.1) de l'arbre creux (41) dans une partie d'accouplement (K) dans laquelle l'arbre creux (41) et la partie rotative (10) viennent en prise l'une avec l'autre.</p></abstract><description mxw-id="PDES50931534" ref-ucid="WO-2012113539-A1" lang="EN" load-source="patent-office"><!-- EPO <DP n="2"/>--><p id="p0001" num="0001"> Applicator device </p><p id="p0002" num="0002">Field of the Invention </p><p id="p0003" num="0003">The present invention relates to an applicator device for applying a mass in the form of a stick, in particular a cosmetic mass. </p><p id="p0004" num="0004">Background of the invention Applicator devices for cosmetic preparations, in the form of pencils, preferably with a rotating mechanism with which the stick mass is introduced into a front portion of the rotation mechanism and can be twisted axially out of same, or is disposed such that it can be twisted forwards and backwards, are well-known. Mention can be made in this regard of DE 3215215 A1, DE 19851219 A1, DE 3728427 C1, DE 3835679 C2 and DE 4445230 C2, for example, or US 5366311 A and US 5364197 A. 
<!-- EPO <DP n="3"/>-->
 These applicator devices are used as "liners", e.g. as lip liners, eye liners, eyebrow pencils or as cover-up sticks applied to certain points. Such "liners" usually have stick diameters ranging from 2 to 5 mm, with a useful length of the stick ranging from 35 to 60 mm. This means that applicator devices of the aforementioned kind have substantially different dimensions (and thus substantially different handling problems as well) from conventional lipsticks with stick diameters ranging between 10 and 15 mm and with stick lengths of between 35 and 45 mm. </p><p id="p0005" num="0005">A generic applicator device generally has the shape of an elongate cylinder. A front portion of the applicator device must be sufficiently long to accommodate the stick mass to be applied, and in the rear portion of the applicator device there is usually a threaded spindle which is non-rotatingly yet axially displaceably mounted, and which cooperates with a threaded portion in the front portion and which can push the stick mass out of the applicator device. </p><p id="p0006" num="0006">In applicator devices in the field of cosmetics, the stick mass consists of a more or less soft cosmetic material which is to be lightly applied to human skin and the like. In most cases, such cosmetic masses are not rigid bodies, but thixotropic preparations that are deformed or even liquefied when exposed to compressive or shearing forces. An intermediate member is therefore needed between the threaded spindle and the stick mass, in order to convert the relative rotational movement of the pusher spindle into an exclusively axial movement for the stick mass. Push members or stick holders that are rigidly connected to the stick mass, but which cooperate with the threaded spindle via a ball-and-socket joint are known from the prior art. </p><p id="p0007" num="0007">The structure of an applicator device known from the prior art requires that the rear portion be dimensioned sufficiently long, as the threaded spindle must essentially be accommodated there with a "net length" that is sufficient to convey the entire stick mass out of the applicator device in the course of use, if possible. At the end of the rotary spindle, there must also be a fixing member which cooperates with corresponding means inside the rear portion in order to prevent the threaded spindle from rotating with the front portion. The threaded spindle must also include the intermediate member described in the foregoing and the ball-and-socket joint or some other adequate means for decoupling any rotation. The addition of these sub-members results in a substantial total length of the applicator device, as can be seen, for example, from the US 5 366 311 A and US 5 364 197 A patents mentioned above. 
<!-- EPO <DP n="4"/>-->
 One possible object of the present invention is to provide an applicator device of the kind initially specified, in which the rear portion can be designed more freely, particularly with regard to its length, than is possible in the prior art due to the length of the threaded spindle, which must suffice to convey the entire stick mass as completely as possible out of the holding member in the course of use. </p><p id="p0008" num="0008">S u m m a ry of th e I n ve n t io n </p><p id="p0009" num="0009">The present object is achieved by the features of claim 1. Advantageous configurations and developments of the invention are found in claims 2 - 15 that follow. </p><p id="p0010" num="0010">The applicator device according to the invention is preferably provided to apply a mass, such as a cosmetic mass, in the form of a stick extending along a longitudinal axis. The applicator device has a rotatable part (as part of an advance mechanism), by which the stick mass to be applied is guided and on which there is an exit opening for the stick mass. A hollow shaft (as a further part of an advance mechanism) for axially advancing the stick mass is coupled to the rotatable part via an axially fixed rotatable connection. A body, for example in the form of a stylus or pencil, is connected to the hollow shaft. A cap for the rotatable part, as a protective part for the exposed tip of the stick mass, is detachably connectable or connected to the hollow shaft. The axially fixed rotatable connection between the rotatable part and the hollow shaft is formed by a coupling portion of the rotatable part together with a complementary counterpart coupling portion of the hollow shaft, in a region in which the hollow shaft and the rotatable part engage with each other. </p><p id="p0011" num="0011">In one particularly preferred embodiment, a grip member which forms the preferred grip face for handling the applicator device is formed on the hollow shaft between the rotatable part and the body. The grip member may be disposed in the form of a sleeve on the hollow shaft. For example, the grip member may be injection-moulded onto the hollow shaft during production by means of a two-component technique, or may also be pushed onto it as a separate member. The preferred region for handling, i.e. the preferred grip face of the applicator device with regard to the desired haptic and optical characteristics, can thus be designed almost at will with a free choice of materials and freely designed shape. </p><p id="p0012" num="0012">In one preferred embodiment, the hollow shaft is a housing for the advance mechanism. In addition to a hollow shaft and a rotatable part, the advance mechanism also includes a conveying means for the stick mass (as a further component of an advance mechanism), 
<!-- EPO <DP n="5"/>-->
 the conveying means being disposed axially displaceably in the hollow shaft. By suitably designing the contact surfaces of a connecting portion between the hollow shaft and the conveying means - preferably as positively engaging surfaces -, the hollow shaft and the conveying means cooperate in the connecting portion in such a way that rotation of the conveying means relative to the hollow shaft (or vice versa) causes an axial displacement of the conveying means in the hollow shaft. </p><p id="p0013" num="0013">At its end facing towards the exit opening on the rotatable part, the conveying means is also coupled non-rotatingly - preferably with positive engagement - via a telescopic section to the rotatable part, and such that it can be pushed axially together, in particular telescopically. This means that the conveying means can be rotated inside the hollow shaft and therefore axially moved from outside the applicator device by rotating the rotatable part. Due to the telescopic section and the connecting portion which can be designed to be relatively short, the length required for installation of the advance mechanism is significantly reduced. What is particularly advantageous in this context is that the body can be freely designed as a result, and to a considerable extent, particularly with regard to its length. </p><p id="p0014" num="0014">In order to convert the rotational movement into an axial translational movement, the conveying means may have a spindle portion, for example in the connecting portion, which has an outer thread which engages with an internal thread in a matching spindle portion of the hollow shaft. A rotational movement between the hollow shaft and the conveying means thus leads to an axial movement of the conveying means in the hollow shaft. The spindle portion of the conveying means can be kept short, since it moves in conjunction with the axial movement of the conveying means. The spindle portion of the hollow shaft must be designed such that its length is substantially equal to the desired conveying path. </p><p id="p0015" num="0015">It should be noted, with regard to the cap, that it has a push-on opening at its first end and is closed at a second end, and that it can be detachably connected to the hollow shaft in such a way that the actuating face for rotating the rotatable part is completely enclosed by the cap. The advance mechanism is thus prevented in a reliable manner from operating when the applicator device is closed. The cap protects the tip of the stick mass against contamination and damage when not in use. A plug connection between the hollow shaft and the cap is generally formed at least partially as a conical portion - not least in order to facilitate removal of the holding member from the injection moulding tool. If the stick mass contains volatile components, such as volatile silicone oils or isoparaffins, so that the stick masses remain on the skin as long as possible and in order 
<!-- EPO <DP n="6"/>-->
 to prevent any drift away from the place of application as long as possible, a good seal between the hollow shaft and the cap is necessary so that the clamping fit is suitably tight. A first stop face, against which a complementary cap end face in the pushed-on state abuts, can be formed on the grip member for this purpose. If the grip member consists of a soft material such as a silicone rubber or the like, it is possible, by designing the plug connection and the abutting end faces accordingly, to seal the closed applicator device better, particularly the interior of the cap. </p><p id="p0016" num="0016">It should be noted with regard to dimensioning the aforesaid components of the applicator device that the axial length of the telescopic section is preferably shorter than or equal to the axial length of the rotatable part. The length of the telescopic section is approximately equal, therefore, to the length of the stick that can be twisted out of the applicator device. </p><p id="p0017" num="0017">The sum of the axial length of the telescopic section and the axial length of the connecting portion is preferably approximately equal to the axial length of the hollow shaft. The axial length of that portion of the rotatable part which is outside the hollow shaft is preferably shorter than the minimum necessary axial length of the body. The axial length of the cap is preferably shorter than the axial length of the rotatable part, in order to prevent any canting of the cap when pulling it off the applicator device and thus to prevent any damage to the stick. The axial length of the cap is preferably smaller than or equal to the axial length of the body. The ratio of the total length of the applicator device to the length of the cap is in a range between 2.0 and 6.0, preferably in a range between 2.5 and 5.0 and particularly preferably in a range between 3.5 and 4.5. The ratio of the length of the cap to the largest diameter of the cap is in a range between 2.5 and 5.5, preferably in a range between 3.0 and 5.0 and particularly preferably in a range between 3.5 and 4.5. The cap and the body each have at least approximately the shape of a truncated cone, the diameter of which decreases at least section by section from the coupling portion to the respective end of the applicator device (A). The cap may have an end face at the closed end, which runs at an angle to the longitudinal axis of the applicator device that is equal to or less than 90°, and preferably less than 90°. The hollow shaft is preferably connected fixedly to the body, preferably by bonding and/or by material connection and/or by positive engagement. At the end opposite the rotatable part, corresponding to the end of the applicator device opposite the exit opening, the body may have an integral, closed end. This is the simplest variant. Alternatively, an open 
<!-- EPO <DP n="7"/>-->
 end may be provided at that end of the body, and is preferably designed as a pot-like capsule. This capsule can be used to receive an additional member. </p><p id="p0018" num="0018">An additional element may be a fixedly inserted end plug, for example. This end plug can be adapted to display the colour of the stick mass. For example, the end plug can be coloured according to the colour of the stick mass, so that the colour of the stick contained in the closed applicator device can be seen from the outside. Such an end plug is preferably connected non-detachably, i.e. fixedly, to the body. As another alternative, a fixedly inserted applicator, for example a blending applicator for blending applied stick mass, may be provided. Finally, a removable applicator, in particular one with a sharpener for the stick, or the like, can also be removably inserted into the end of the body. The end of the applicator device with an inserted applicator, as described above, thus serves to blend the stick mass, for example. When the applicator is removed, a sharpener provided on the applicator for the stick can be used. Of course, in the variants with an applicator, the entire applicator or a part thereof can also be coloured to display the colour of the stick mass. </p><p id="p0019" num="0019">B ri ef D escri pti o n of th e F i g u res i n th e D rawi n g s </p><p id="p0020" num="0020">Other advantageous configurations of the invention, and one embodiment thereof, shall now be described with reference to the attached drawings. The terms "top", "bottom", "left" and "right" used when describing the embodiment relate to the drawings oriented in such a way that the reference signs and names of the figures can be read normally. In the drawings, </p><p id="p0021" num="0021">Fig. 1 shows a side view of an applicator device according to the invention, </p><p id="p0022" num="0022">Fig. 2 shows a cross-sectional view of the application device along the line X-X in </p><p id="p0023" num="0023"> Fig. 1 , Fig. 3 shows a cross-sectional view of the cap of the applicator device shown in </p><p id="p0024" num="0024"> Fig. 2, </p><p id="p0025" num="0025">Fig. 4a shows a cross-sectional view of the hollow shaft of the advance mechanism of the applicator device shown in Fig. 2, </p><p id="p0026" num="0026">Fig. 4b shows a cross-sectional view of the stick with conveying means of the advance mechanism of the applicator device shown in Fig. 2, 
<!-- EPO <DP n="8"/>-->
 Fig. 4c shows a cross-sectional view of the rotatable part of the applicator device shown in Fig. 2, </p><p id="p0027" num="0027">Fig. 5 shows a cross-sectional view of the grip member of the applicator device shown in Fig. 2, Fig. 6a shows a cross-sectional view of the body of the applicator device shown in </p><p id="p0028" num="0028"> Fig. 2, </p><p id="p0029" num="0029">Fig. 6b shows a cross-sectional view of an alternative embodiment of the body, and </p><p id="p0030" num="0030">Fig. 6c shows a cross-sectional view of another alternative embodiment of the body. </p><p id="p0031" num="0031">D e t a i l e d D e s c ri pt i o n of t h e E m b od i m e n ts Fig. 1 shows a side view of an applicator device A with a longitudinal axis M according to the invention, in the closed state, i.e. with a cap 30 fitted thereto. The applicator device has an axial length L<sub>A</sub>, which extends in the direction of longitudinal axis M from a first end with cap 30, i.e. from a cap end A.1 of applicator device A, to a second end, a body end A.2, formed by a body 20 in the form of a stylus or pencil. Between cap 30 having an axial length L30 and body 20 having an axial length L<sub>20</sub>, a grip member 60 having an axial length L<sub>6</sub>o is provided as a preferred grip surface or holding surface for handling applicator device A. Body 20 extends from grip member 60 to the body end A.2 of applicator device A and lengthens applicator device A like the barrel of a writing utensil. Together, body 20 and grip member 60 basically have the shape of a truncated cone, the largest diameter D of the truncated cone being adjacent to cap 30 and tapering towards body end A.2. In this embodiment, the change in diameter is continuous, but it may also be discontinuous, for example in steps. Cap 30 is also frusto-conical in shape, the largest diameter D of cap 30 being adjacent to grip face 60, and the diameter of cap 30 likewise decreasing towards cap end A.1. Applicator device A thus has a lateral contour in the shape of two truncated cones joined with their respective base surfaces to each other. </p><p id="p0032" num="0032">Alternatively, the largest diameter of cap 30 may also be provided at the cap end A.1. If the diameter of cap 30 then has the same diameter at the open end (see Fig. 3) as the 
<!-- EPO <DP n="9"/>-->
 adjacent grip member 60, applicator device A has the overall shape of a truncated cone when in the closed state. </p><p id="p0033" num="0033">At the closed cap end 31 , cap 30 in Fig. 1 has a cap end face 31a which runs at an angle β to longitudinal axis M of applicator device A that is equal to or less than 90°, and preferably less than 90°. When angle β is 90°, the end face runs substantially perpendicular to the longitudinal axis M of applicator device A. </p><p id="p0034" num="0034">Fig. 2 shows a cross-sectional view along the line X-X of the applicator device A shown in Fig. 1. In addition to the components already described in connection with Fig. 1 , the cross-sectional view in Fig. 2 along the line X-X also shows functional elements of applicator device A that are located inside applicator device A or which are inside cap interior 34 when cap 30 has been pushed on. </p><p id="p0035" num="0035">Applicator device A has a rotatable part 10 (as a component of advance mechanism 40), through which a stick mass KM, in the form of a stick 1 , is guided for application. Stick mass KM may be a cosmetic (stick) mass made of a thixotropic preparation which is to be deformed or liquefied when exposed to compressive or shear forces - an effect that is to be prevented as far as possible when stick mass KM moves axially inside applicator device A. </p><p id="p0036" num="0036">Rotatable part 10 is essentially a tubular body with an exit opening 12 for stick mass KM. Rotatable part 10 is coupled by means of an axially fixed rotatable connection to a hollow shaft 41 , a further component of advance mechanism 40, for axially advancing stick mass KM. The axially fixed rotatable connection is formed by a coupling portion K between rotatable part 10 and hollow shaft 41 , in that hollow shaft 41 and rotatable part 10 are engaged with or are inserted into each other in coupling portion K. Rotatable part 10 can thus be rotated in hollow shaft 41 about the longitudinal axis M of applicator device A, yet is fixed in its axial arrangement relative to hollow shaft 41 by first and second axial holding members 16 and 46 acting in the axial direction (see Figs. 4a, 4c), which are disposed complementarily to each other on opposite surfaces of rotatable part 10 and hollow shaft 41. </p><p id="p0037" num="0037">In Fig. 2, hollow shaft 41 is fixedly connected via a connection portion V to body 20. As a protective part for stick mass KM projecting from exit opening 12, cap 30 encapsulates actuating face 15 for rotating rotatable part 10 and is connected by means of a plug connection S adjacent to grip member 60 to hollow shaft 41 in a detachable 
<!-- EPO <DP n="10"/>-->
 manner - for example with a clamping fit from which it can be pulled off, or by being unscrewed. This means that rotatable part 10 cannot be accessed from outside applicator device A and cannot be rotated when cap 30 has been pushed on, so advance mechanism 40 cannot be actuated. The function of advance mechanism 40 is described in detail further below with reference to Figs. 4a to 4c. </p><p id="p0038" num="0038">Fig. 3 shows a cross-sectional view of cap 30 of applicator device A in Fig. 2, with its closed cap end 31 with cap end face 31 a and an open cap end 32 with an annular cap end face 32a. On the inside, cap 30 has an inner space 34 for receiving rotatable part 10. In the vicinity of the open cap end 32, a cap plug portion S.1 for detachably connecting cap 30 to a corresponding plug portion S.2 of hollow shaft 41 is located in inner space 34. </p><p id="p0039" num="0039">In the following, the method of operation of the advance mechanism of the applicator device A in Fig. 2 will be explained in further detail with reference to Figures 4a to 4c. For better understanding, the three main components of the advance mechanism are shown separately from each other - their intended interaction is shown in Fig. 2, so the four Figures must always be considered in combination in the following description. </p><p id="p0040" num="0040">Fig. 4a shows the housing of advance mechanism 40, which essentially consists of a hollow shaft 41 with an open shaft end 42 in the direction of the rotatable part 10 and a closed shaft end 43 in the direction of body 20. A conveying means 51 (as a further component of advance mechanism 40) for moving and holding stick mass KM is disposed axially displaceably in hollow shaft 41 ; conveying means 51 and stick mass KM are shown separately in Fig. 4b. </p><p id="p0041" num="0041">Fig. 4b shows conveying means 51 , which is guided as a pusher member similar to a piston inside hollow shaft 41. Stick mass KM is located in a holding member H inside conveying means 51 and as a result is connected in a sufficiently stable manner to conveying means 51. When conveying means 51 makes an axial movement in the direction of exit opening 12, stick mass KM is pressed out of applicator device A, and when conveying means 51 makes an axial movement in the opposite direction away from exit opening 12, stick mass KM is pulled into the applicator device. </p><p id="p0042" num="0042">In order to permit the necessary axial movement of conveying means 51 , hollow shaft 41 and conveying means 51 are in contact through positive engagement via first spindle portion SP.1 of conveying means 51 and a second spindle portion SP.2 of hollow shaft 41. Spindle portion SP.1 and SP.2 have matching threads for this purpose, namely an outer thread 54 in spindle portion SP.1 of conveying means 51 and an internal thread 44 
<!-- EPO <DP n="11"/>-->
 in spindle portion SP.2 of hollow shaft 41. Rotating conveying means 51 relative to hollow shaft 41 can thus be converted into axial displacement of conveying means 51 along the longitudinal axis M in hollow shaft 41. </p><p id="p0043" num="0043">Conveying means 51 is non-rotatingly coupled, beginning with its open conveying means end facing in the direction of exit opening 12, via a first telescopic section T.1 to a second telescopic section T.2 in the interior 17 of the rotatable part, but can be pushed axially and telescopically together. This non-rotating coupling is ensured by contact surface 53 of conveying means 51 in telescopic section T.1 mating by positive engagement with the inner surface 13 of the rotatable part in the second telescopic section T.2. The respective contact surfaces 53 and 13 of telescopic sections T.1 and T.2 are designed with complementary cross-sections, for example as regular polygons or the like. </p><p id="p0044" num="0044">Fig. 4c shows a cross-sectional view of the rotatable part 10 of the applicator device in Fig. 2. Rotatable part 10 is substantially tubular, so that the stick mass KM is guided through rotatable part 10 and can pushed out at exit opening 12 of rotatable part 10. Rotatable part 10 is in contact with the stick mass KM only in a relatively small support section 1 1 , in a region that adjoins exit opening 12 on the inside, in order to support the tip of the stick mass KM during use. In the remaining region of rotatable part 10 towards hollow shaft 41 , there is an annular gap 14 (shown in Fig. 2) between the inner surface of the rotatable part 13 and the stick mass KM. Annular gap 14 allows telescopic section T.1 of conveying means 51 to be guided between stick mass KM and the inner surface of the rotatable part 13 when it moves axially in the direction of exit opening 12. Annular gap 14 also ensures that no contact occurs inside rotatable part 10 with the stick mass KM, except in support section 11. </p><p id="p0045" num="0045">The portion of rotatable part 10 that is visible outside applicator device A to a user is an actuating face 15 for rotating rotatable part 10. In order to actuate or drive advance mechanism 40, a user grips the applicator device at grip member 60 (see Figs. 1 and 2) with his or her right hand, for example, and then turns rotatable part 10 at actuating face 15 with the thumb and index finder of his or her left hand. Rotatable part 10 is rotatably but axially fixedly mounted on an inner coupling portion K.1 of hollow shaft 41 to a coupling portion of rotatable part K.2 of rotatable part 10 in coupling portion K (see Fig. 2). Rotatable part 10 can thus be rotated relative to the rest of the applicator device, in particular the hollow shaft 41. This rotational movement is transferred by the positive engagement of telescopic sections T.1 and T.2 from rotatable part 10 to conveying means 51 of advance mechanism 40, thus driving the latter. 
<!-- EPO <DP n="12"/>-->
 Fig. 5 shows a cross-sectional view of the grip member shown in Fig. 2. Grip member 60 is a tubular sleeve with a first grip member cap end 61 oriented towards cap 30 and having a first annular grip member end face 61 a, and a second grip member body end 62 oriented towards body 20 and having a second annular grip member end face 62a. End face 61 a is bevelled in complementary manner to end face 32a of cap 30 (see Fig. 3a), or has a matching phase. If cap 30 is pushed on (see Fig. 2), then the corresponding end faces 61 a and 32a of grip member 60 and cap 30, respectively, lie one on top of the other. </p><p id="p0046" num="0046">If a soft plastic, for example a silicone rubber or the like, is used as material for grip member 60, then the end faces 61 a and 32a in contact with each other can also serve as a sealing face for sealing the inner space 34 of cap 30 and preventing the stick mass KM from drying out. The annular end face 62a on the left is designed to complement an end face 21a on the adjoining body 20; a sealing function is not necessary here, however. Grip face 63 of grip member 60 preferably transitions without a gap to body 20 (see Fig. 2). When the applicator device is in the complete assembled state, the hollow shaft 41 , in particular the coupling portion K between hollow shaft 41 and rotatable part 10, is in the interior of grip member 64 of the sleeve-shaped grip member 60. </p><p id="p0047" num="0047">Grip member 60 can be produced separately as a sleeve from a haptically and visually suitable material, for example silicone rubber or similar, and can be pushed onto hollow shaft 41 when putting together the applicator device. In order that grip member 60 is permanently axially fixed to hollow shaft 41 , additional holding structures may be provided on the contact surface(s) of grip member 60 and/or hollow shaft 41 . An appropriate combination of materials and dimensioning of the inner diameter of grip member 60 already ensures that there is sufficient static friction between grip member 60 and hollow shaft 41. Alternatively, grip member 60 can be injection-moulded directly onto hollow shaft 41 , for example by means of a two-component injection-moulding technique during production of the applicator device. </p><p id="p0048" num="0048">Fig. 6a shows a cross-sectional view of the body shown in Fig. 2. In the embodiment shown, body 20 extends along longitudinal axis M from a first grip member body end 21 oriented towards the grip member and having a first annular body end face 21a to a second body end 22 having a body end face 22a that forms the second end A.2 of the applicator device A in Figs. 1 and 2. </p><p id="p0049" num="0049">Body 20 is preferably hollow in design in order to receive the connecting portion 47 of hollow shaft 41 in an inner body space 23. In order to connect the body 20 undetachably 
<!-- EPO <DP n="13"/>-->
 to hollow shaft 41 as far as possible, a latch portion 25 is provided on the inner body surface 24 in the body interior 23 adjacent to the grip member body end 21 , wherein said latch portion is able to engage with a corresponding engaging portion 45 on hollow shaft 41 (see Fig. 4a). Latch portion 25 and engaging portion 45 are designed in such a way that the body 20 can only be detached from hollow shaft 41 by destruction or by exerting enormous force. </p><p id="p0050" num="0050">Alternatively or additionally, body 20 and hollow shaft 41 can be connected undetachably to each other by material connection - for example by means of ultrasonic welding - or by means of an adhesive bonding technique. Fig. 6b shows a cross-sectional view of an alternative embodiment of a body 20.1 . The difference from body 20 in the embodiment described with reference to Figs. 1 to 5 is that the axial length L<sub>2</sub>o.i of body 20.1 is significantly shorter than body 20. This is an important advantage of the structure of the applicator device being described here, namely the significantly greater freedom in designing the body, in particular its length. The body end 22.1 of body 20.1 is significantly closer to the grip member than in the embodiment described in the foregoing. </p><p id="p0051" num="0051">Body 20.1 is essentially dimensioned in such a way that the connecting portion 47 of hollow shaft 41 fits into body 20.1 . Axial length L20.1 is approximately equal to or slightly longer than the axial length L<sub>47</sub> of the connecting portion 47 of hollow shaft 41. As a result, one obtains with body 20.1 a very short applicator device, yet ease of handling is still provided, for example when putting on make-up. Applicator devices with body 20.1 are particularly suitable for small make-up sets that can be carried along with other applicator devices and therefore take up less valuable space, for example in a handbag, due to the reduced amount of space required. Fig. 6c shows a cross-sectional view of another alternative embodiment of a body 20.2. At end 22.2 of body 20.2, a capsule 70 with a pot-like receiving compartment 71 is integrated. Capsule 70 has a depth L<sub>70</sub> from end 22.1 and ends at a capsule base 72. </p><p id="p0052" num="0052">Instead of an integral, closed end 22 or 22.1 at its end opposite the rotatable part (not shown), body 20.2 thus has an open end 22.2 with capsule 70 for receiving an additional member. 
<!-- EPO <DP n="14"/>-->
 The additional member may be a fixedly inserted end plug which is produced separately from body 20.2 and which can be used to display the colour of the stick mass KM. To serve that purpose, the end plug is given a colour which is the same as or assigned to that of stick mass KM of the applicator device. The colour of the stick mass can thus be induced without pulling off the cap from the outside. This also has an advantage over caps marked in the same way, which can be swapped between applicator devices of the same construction. </p><p id="p0053" num="0053">Alternatively, the end plug can be an applicator to be fixedly inserted into capsule 70, or also a removable applicator. The applicator may be a blending applicator, for example, with which applied stick mass can be blended. If a removable applicator is provided, then another functional member can be provided at the end of the applicator opposite the actual applicator member. A sharpener for stick mass KM may be provided, for example, as one such additional functional member. A cap for protecting the applicator may also be provided. In order to sharpen the stick mass, the applicator with the pushed-on cap as grip can be pulled off and the stick mass sharpened with the exposed sharpener. If only the cap is removed, the body of the applicator device can then be used as a stylus for handling the applicator. </p><p id="p0054" num="0054">Capsule 70 described in conjunction with body 20.2 can also be provided, of course, on a body 20.1 in Fig. 6b. 
<!-- EPO <DP n="15"/>-->
</p><p id="p0055" num="0055">L i s t of refe re n ce s i g n s </p><p id="p0056" num="0056">I Stick </p><p id="p0057" num="0057">10 Rotatable part </p><p id="p0058" num="0058"> I I Supporting portion </p><p id="p0059" num="0059">12 Exit opening </p><p id="p0060" num="0060"> 13 Inner surface of the rotatable part </p><p id="p0061" num="0061"> 14 Annular gap </p><p id="p0062" num="0062"> 15 Actuating face </p><p id="p0063" num="0063"> 16 First axial holding member </p><p id="p0064" num="0064">17 Interior of the rotatable part </p><p id="p0065" num="0065">20, 20.1 , 20.2 Body </p><p id="p0066" num="0066"> 21 Grip member body end </p><p id="p0067" num="0067"> 22 Body end </p><p id="p0068" num="0068"> 21 a, 22a Body end face </p><p id="p0069" num="0069">23 Body interior </p><p id="p0070" num="0070"> 24 Inner body surface </p><p id="p0071" num="0071"> 25 Latch portion </p><p id="p0072" num="0072">30 Cap </p><p id="p0073" num="0073"> 31 Closed cap end </p><p id="p0074" num="0074">32 Open cap end </p><p id="p0075" num="0075"> 31a Cap end face </p><p id="p0076" num="0076"> 32a Annular cap end face </p><p id="p0077" num="0077"> 34 Cap interior </p><p id="p0078" num="0078">40 Advance mechanism </p><p id="p0079" num="0079">41 Hollow shaft </p><p id="p0080" num="0080"> 42 Open shaft end </p><p id="p0081" num="0081"> 43 Closed shaft end </p><p id="p0082" num="0082"> 44 Internal thread </p><p id="p0083" num="0083"> 45 Engaging portion </p><p id="p0084" num="0084">46 Second axial holding member </p><p id="p0085" num="0085"> 47 Connecting section </p><p id="p0086" num="0086">51 Conveying means </p><p id="p0087" num="0087"> 52 Open end of the conveying means </p><p id="p0088" num="0088"> 53 Contact surface </p><p id="p0089" num="0089">54 Outer thread </p><p id="p0090" num="0090">60 Grip member </p><p id="p0091" num="0091"> 61 Grip member cap end </p><p id="p0092" num="0092"> 62 Grip member body end </p><p id="p0093" num="0093"> 61a, 62a First, second annular end faces of the grip member 63 Grip face </p><p id="p0094" num="0094"> 64 Interior of the grip member </p><p id="p0095" num="0095">70 Capsule </p><p id="p0096" num="0096"> 71 Receiving compartment </p><p id="p0097" num="0097"> 72 Capsule base 
<!-- EPO <DP n="16"/>-->
 A Applicator device </p><p id="p0098" num="0098"> A.1 , A.2 Cap end and body end of the applicator device</p><p id="p0099" num="0099">KM Stick mass </p><p id="p0100" num="0100"> K Coupling portion </p><p id="p0101" num="0101"> K.1 Inner coupling portion </p><p id="p0102" num="0102"> K.2 Coupling portion of the rotatable part </p><p id="p0103" num="0103"> V Connecting portion </p><p id="p0104" num="0104"> SP.1 , SP.2 Spindle portion of the conveying means or hollow shaft</p><p id="p0105" num="0105">S Plug connection </p><p id="p0106" num="0106"> S.1 , S.2 First, second plug portion </p><p id="p0107" num="0107"> H Holding portion </p><p id="p0108" num="0108"> T.1 First telescopic section (of conveying means 51 )</p><p id="p0109" num="0109">T.2 Second telescopic section (of rotatable part 10) </p><p id="p0110" num="0110">M Longitudinal axis of the applicator device </p><p id="p0111" num="0111"> L<sub>A</sub> Total length of the applicator device with cap </p><p id="p0112" num="0112"> LIO Length of the rotatable part </p><p id="p0113" num="0113"> L20. L20.1 , L20.2 Length of the body </p><p id="p0114" num="0114"> L30 Length of the cap </p><p id="p0115" num="0115"> Leo Length of the grip member </p><p id="p0116" num="0116"> L70 Depth of the capsule </p><p id="p0117" num="0117"> D Maximum diameter of the cap </p><p id="p0118" num="0118">β Angle to the longitudinal axis </p><p id="p0119" num="0119"><sub>*</sub> * <sub>*</sub> 
</p></description><claims mxw-id="PCLM44727491" ref-ucid="WO-2012113539-A1" lang="EN" load-source="patent-office"><claim-statement><!-- EPO <DP n="17"/>-->C l a i m s </claim-statement><claim id="clm-0001" num="1"><claim-text>1. An applicator device for applying a mass in the form of a stick (1 ) extending longitudinally along a longitudinal axis (M), comprising a rotatable part (10) through which the stick (1 ) is guided and which has an exit opening (12) for the stick (1 ), a hollow shaft (41 ) coupled to the rotatable part (10) via an axially fixed rotatable connection for axially advancing the stick (1 ), a body (20) fixedly connected to the hollow shaft (41 ), and a cap (30) for the rotatable part (10), which is detachably connected to the hollow shaft (41 ), </claim-text><claim-text> the axially fixed rotatable connection being formed by a coupling portion of the rotatable part (K.2) and a complementary counterpart coupling portion (K.1 ) of the hollow shaft (41 ) in a coupling portion (K) in which the hollow shaft (41 ) and the rotatable part (10) engage with each other. </claim-text></claim><claim id="clm-0002" num="2"><claim-text>2. The applicator device according to claim 1 , characterised in that </claim-text><claim-text> the hollow shaft (41 ) has a grip member (60) disposed between the rotatable part (10) and the body (20), in particular in the region of the coupling portion (K). </claim-text></claim><claim id="clm-0003" num="3"><claim-text>3. The applicator device according to claim 2, characterised in that </claim-text><claim-text> the grip member (60) in the form of a sleeve is disposed on the hollow shaft (41 ), and in particular is injection-moulded or pushed onto the hollow shaft (41 ). </claim-text></claim><claim id="clm-0004" num="4"><claim-text>4. The applicator device according to any one of claims 1 to 3, characterised in that the hollow shaft (41 ) is fixedly connected to the body (20), preferably by bonding and/or by material connection and/or by positive engagement. </claim-text></claim><claim id="clm-0005" num="5"><claim-text>5. The applicator device according to any one of the preceding claims, characterised in that </claim-text><claim-text> a conveying means (51 ) for the stick (1 ) is disposed axially displaceably in the hollow shaft (41 ), </claim-text><claim-text> the hollow shaft (41 ) and the conveying means (51 ) can cooperate, preferably by positive engagement, with respective connecting portions (SP.1 , SP.2) in such a way that rotation of the conveying means (51 ) relative to the hollow shaft (41 ) causes an axial displacement of the conveying means (51 ) in the hollow shaft (41 ). </claim-text></claim><claim id="clm-0006" num="6"><claim-text>6. The applicator device according to claim 5, characterised in that </claim-text><claim-text> the conveying means (51 ) is configured in its connecting portion (SP.1 ) as a <!-- EPO <DP n="18"/>--> threaded spindle with an outer thread (54) which engages with an internal thread (44) in the connecting portion (SP.2) of the hollow shaft (41 ). </claim-text></claim><claim id="clm-0007" num="7"><claim-text>7. The applicator device according to claim 5 or 6, characterised in that </claim-text><claim-text> the conveying means (51 ) is non-rotatingly coupled at its open conveying means end (52) facing the exit opening (12), via a first telescopic section (T.1 ), to a second telescopic section (T.2) of the rotatable part (10), preferably by positive engagement, but such that it can be pushed axially together, in particular telescopically. </claim-text></claim><claim id="clm-0008" num="8"><claim-text>8. The applicator device according to claim 7, characterised in that </claim-text><claim-text> the axial length (L<sub>T 1</sub>) of the telescopic section (T.1 ) of the conveying means (51 ) is shorter than or equal to the axial length (L<sub>10</sub>) of the rotatable part (10), and/or that the sum of the axial length (L<sub>T 1</sub>) of the telescopic section (T.1 ) of the conveying means (51 ), the axial length of the coupling portion (K) and the axial length of the connecting portion (SP.1 ) of the conveying means (51 ) is approximately equal to the axial length of the hollow shaft (41 ). </claim-text></claim><claim id="clm-0009" num="9"><claim-text>9. The applicator device according to any one of claims 1 to 8, characterised in that the cap (30) has a push-on opening at one end (32) and is closed at the other end (31 ), and can be detachably connected to the hollow shaft (41 ) in such a way that the actuating face (15) is completely enclosed by the cap (30), and/or in that the cap (30) has an end face (31 a) at the closed end, which runs at an angle (β) to the longitudinal axis ( ) of the applicator device (A) which is equal to or less than 90°, and preferably less than 90°. </claim-text></claim><claim id="clm-0010" num="10"><claim-text>10. The applicator device according to any one of the preceding claims, characterised in that </claim-text><claim-text> the axial length of the portion of the rotatable part (10) which is outside the hollow shaft (41 ) is shorter than the axial length (L<sub>20</sub>) of the body (20), and/or </claim-text><claim-text> in that the axial length (L<sub>30</sub>) of the cap (30) is shorter than the axial length (L <sub>0</sub>) of the rotatable part (10), and/or </claim-text><claim-text> in that the axial length (L<sub>30</sub>) of the cap (30) is shorter than or equal to the axial length (L<sub>20</sub>) of the body (20). </claim-text></claim><claim id="clm-0011" num="11"><claim-text>11. The applicator device according to any one of the preceding claims, characterised in that </claim-text><claim-text> the ratio of the total length (L<sub>A</sub>) of the applicator device (A) to the length (L30) <!-- EPO <DP n="19"/>--> of the cap (30) is in a range between 2.0 and 6.0, preferably in a range between 2.5 and 5.0 and particularly preferably in a range between 3.5 and 4.5, and/or in that the ratio of the length (L<sub>30</sub>) of the cap (30) to the largest diameter (D) of the cap (30) is in a range between 2.5 and 5.5, preferably in a range between 3.0 and 5.0 and particularly preferably in a range between 3.5 and 4.5. </claim-text></claim><claim id="clm-0012" num="12"><claim-text>12. The applicator device according to any one of the preceding claims, characterised in that </claim-text><claim-text> the cap (30) and the body (20) each have at least approximately the shape of a truncated cone, the diameter of which decreases at least section by section from the coupling portion (K) to the respective end (A.1 , A.2) of the applicator device (A). </claim-text></claim><claim id="clm-0013" num="13"><claim-text>13. The applicator device according to any one of the preceding claims 2 to 12, characterised in that </claim-text><claim-text> a first stop face (61 a) is formed on the grip member (60), against which an end face (32a) of the cap (30) in the pushed-on state abuts, in particular to seal the inner space of the cap (34). </claim-text></claim><claim id="clm-0014" num="14"><claim-text>14. The applicator device according to any one of the preceding claims 1 to 13, characterised in that </claim-text><claim-text> the body (20) has a closed end (22.1 ; 22a) integral with the body (20; 20.1 ) at the end opposite the rotatable part (10). </claim-text></claim><claim id="clm-0015" num="15"><claim-text>15. The applicator device according to any one of the preceding claims 1 to 13, characterised in that </claim-text><claim-text> the body (20.2) has an open end (22.2) at the end opposite the rotatable part (10), on which, preferably, a pot-like capsule (70) for receiving an additional member is formed, </claim-text><claim-text> wherein the additional member is a fixedly inserted end plug which is preferably adapted to display the colour of the stick mass (KM), and which is particularly preferably coloured according to the colour of the stick mass (KM), or is a fixedly inserted applicator or a removable applicator, in particular a removable applicator with a sharpener for the stick (1 ), or the like. </claim-text></claim></claims><copyright>User acknowledges that Fairview Research LLC and its third party providers retain all right, title and interest in and to this xml under applicable copyright laws.  User acquires no ownership rights to this xml including but not limited to its format.  User hereby accepts the terms and conditions of the Licence Agreement</copyright></patent-document>
