<?xml version="1.0" encoding="UTF-8"?>
<patent-document ucid="EP-2677942-A1" country="EP" doc-number="2677942" kind="A1" date="20140101" family-id="48669566" file-reference-id="315096" date-produced="20180826" status="corrected" lang="EN"><bibliographic-data><publication-reference fvid="146551695" ucid="EP-2677942-A1"><document-id><country>EP</country><doc-number>2677942</doc-number><kind>A1</kind><date>20140101</date><lang>EN</lang></document-id></publication-reference><application-reference ucid="EP-12860846-A" is-representative="NO"><document-id mxw-id="PAPP154825618" load-source="docdb" format="epo"><country>EP</country><doc-number>12860846</doc-number><kind>A</kind><date>20121221</date><lang>EN</lang></document-id><document-id mxw-id="PAPP168045674" load-source="docdb" format="original"><country>EP</country><doc-number>12860846.0</doc-number><date>20121221</date><lang>EN</lang></document-id></application-reference><priority-claims><priority-claim mxw-id="PPC140445276" ucid="US-201161580024-P" load-source="docdb"><document-id format="epo"><country>US</country><doc-number>201161580024</doc-number><kind>P</kind><date>20111223</date></document-id></priority-claim><priority-claim mxw-id="PPC140445564" ucid="US-2012071406-W" load-source="docdb"><document-id format="epo"><country>US</country><doc-number>2012071406</doc-number><kind>W</kind><date>20121221</date></document-id></priority-claim></priority-claims><technical-data><classifications-ipcr><classification-ipcr mxw-id="PCL-2044369269" load-source="docdb">A61B  17/04        20060101AFI20150616BHEP        </classification-ipcr></classifications-ipcr><classifications-cpc><classification-cpc mxw-id="PCL-1973216113" load-source="docdb" scheme="CPC">A61B  17/0401      20130101 LI20160211BHEP        </classification-cpc><classification-cpc mxw-id="PCL-1973216353" load-source="docdb" scheme="CPC">A61B2017/0419      20130101 LA20160211BHEP        </classification-cpc><classification-cpc mxw-id="PCL-1973216441" load-source="docdb" scheme="CPC">A61B2017/0417      20130101 LA20160211BHEP        </classification-cpc><classification-cpc mxw-id="PCL-1973216705" load-source="docdb" scheme="CPC">A61B2017/0409      20130101 LA20160211BHEP        </classification-cpc><classification-cpc mxw-id="PCL1988111663" load-source="docdb" scheme="CPC">A61B  17/0491      20130101 FI20130702BHEP        </classification-cpc></classifications-cpc><invention-title mxw-id="PT132187569" lang="DE" load-source="patent-office">ANTRIEBSSYSTEM ZUR GEWEBEREPARATUR</invention-title><invention-title mxw-id="PT132187570" lang="EN" load-source="patent-office">DRIVE SYSTEM FOR TISSUE REPAIR</invention-title><invention-title mxw-id="PT132187571" lang="FR" load-source="patent-office">SYSTÈME D'ENTRAÎNEMENT POUR LA RÉPARATION DES TISSUS</invention-title></technical-data><parties><applicants><applicant mxw-id="PPAR918137884" load-source="docdb" sequence="1" format="epo"><addressbook><last-name>ARTHREX INC</last-name><address><country>US</country></address></addressbook></applicant><applicant mxw-id="PPAR918145897" load-source="docdb" sequence="1" format="intermediate"><addressbook><last-name>ARTHREX INC</last-name></addressbook></applicant><applicant mxw-id="PPAR918993272" load-source="patent-office" sequence="1" format="original"><addressbook><last-name>Arthrex Inc</last-name><iid>101357688</iid><address><street>1370 Creekside Blvd.</street><city>Naples, FL 34108-1945</city><country>US</country></address></addressbook></applicant></applicants><inventors><inventor mxw-id="PPAR918171460" load-source="docdb" sequence="1" format="epo"><addressbook><last-name>KOOGLE DAVID C</last-name><address><country>US</country></address></addressbook></inventor><inventor mxw-id="PPAR918173191" load-source="docdb" sequence="1" format="intermediate"><addressbook><last-name>KOOGLE, David, C.</last-name></addressbook></inventor><inventor mxw-id="PPAR918989232" load-source="patent-office" sequence="1" format="original"><addressbook><last-name>KOOGLE, David, C.</last-name><address><street>11108 St. Roman Way</street><city>Bonita Springs, FL 34135</city><country>US</country></address></addressbook></inventor><inventor mxw-id="PPAR918173554" load-source="docdb" sequence="2" format="epo"><addressbook><last-name>JOLLY JAKE</last-name><address><country>US</country></address></addressbook></inventor><inventor mxw-id="PPAR918167987" load-source="docdb" sequence="2" format="intermediate"><addressbook><last-name>JOLLY, Jake</last-name></addressbook></inventor><inventor mxw-id="PPAR918990724" load-source="patent-office" sequence="2" format="original"><addressbook><last-name>JOLLY, Jake</last-name><address><street>237 Viking Way</street><city>Naples, FL 34110</city><country>US</country></address></addressbook></inventor></inventors><agents><agent mxw-id="PPAR918993185" load-source="patent-office" sequence="1" format="original"><addressbook><last-name>Patentanwälte Westphal, Mussgnug &amp; Partner</last-name><iid>100060253</iid><address><street>Am Riettor 5</street><city>78048 Villingen-Schwenningen</city><country>DE</country></address></addressbook></agent></agents></parties><international-convention-data><pct-or-regional-filing-data ucid="US-2012071406-W"><document-id><country>US</country><doc-number>2012071406</doc-number><kind>W</kind><date>20121221</date><lang>EN</lang></document-id></pct-or-regional-filing-data><pct-or-regional-publishing-data ucid="WO-2013096855-A1"><document-id><country>WO</country><doc-number>2013096855</doc-number><kind>A1</kind><date>20130627</date><lang>EN</lang></document-id></pct-or-regional-publishing-data><designated-states><ep-contracting-states><country mxw-id="DS548923593" load-source="docdb">AL</country><country mxw-id="DS548947224" load-source="docdb">AT</country><country mxw-id="DS548818126" load-source="docdb">BE</country><country mxw-id="DS548935312" load-source="docdb">BG</country><country mxw-id="DS548937948" load-source="docdb">CH</country><country mxw-id="DS548818127" load-source="docdb">CY</country><country mxw-id="DS548869203" load-source="docdb">CZ</country><country mxw-id="DS548923598" load-source="docdb">DE</country><country mxw-id="DS548818128" load-source="docdb">DK</country><country mxw-id="DS548818129" load-source="docdb">EE</country><country mxw-id="DS548939352" load-source="docdb">ES</country><country mxw-id="DS548935313" load-source="docdb">FI</country><country mxw-id="DS548935318" load-source="docdb">FR</country><country mxw-id="DS548923599" load-source="docdb">GB</country><country mxw-id="DS548818130" load-source="docdb">GR</country><country mxw-id="DS548923600" load-source="docdb">HR</country><country mxw-id="DS548869204" load-source="docdb">HU</country><country mxw-id="DS548937949" load-source="docdb">IE</country><country mxw-id="DS548818131" load-source="docdb">IS</country><country mxw-id="DS548935319" load-source="docdb">IT</country><country mxw-id="DS548818132" load-source="docdb">LI</country><country mxw-id="DS548935320" load-source="docdb">LT</country><country mxw-id="DS548947225" load-source="docdb">LU</country><country mxw-id="DS548935321" load-source="docdb">LV</country><country mxw-id="DS548935326" load-source="docdb">MC</country><country mxw-id="DS548947226" load-source="docdb">MK</country><country mxw-id="DS548947227" load-source="docdb">MT</country><country mxw-id="DS548939353" load-source="docdb">NL</country><country mxw-id="DS548841320" load-source="docdb">NO</country><country mxw-id="DS548939354" load-source="docdb">PL</country><country mxw-id="DS548935327" load-source="docdb">PT</country><country mxw-id="DS548869205" load-source="docdb">RO</country><country mxw-id="DS548935328" load-source="docdb">RS</country><country mxw-id="DS548939355" load-source="docdb">SE</country><country mxw-id="DS548937950" load-source="docdb">SI</country><country mxw-id="DS548841321" load-source="docdb">SK</country><country mxw-id="DS548841322" load-source="docdb">SM</country><country mxw-id="DS548947228" load-source="docdb">TR</country></ep-contracting-states></designated-states></international-convention-data><office-specific-data><eptags><ep-no-a-document-published>*</ep-no-a-document-published></eptags></office-specific-data></bibliographic-data><abstract mxw-id="PA116736490" ref-ucid="WO-2013096855-A1" lang="EN" load-source="patent-office"><p num="0000">A suture drive system configured to assist in attaching a suture to tissue within a patient, and in at least one application, repairing meniscal tears and shoulder tissue tears is disclosed. The suture drive system may be interchangeable in that the system can be adapted to insert different suture systems into tissue of a patient using the same device. In particular, in one embodiment configured to employ an inside-out suture delivery method, the suture drive system may advance two combinations of push rods and two swaged needles having one or more sutures attached thereto. In another embodiment configured to employ an outside-in suture delivery method, the suture drive system may advance two combinations of push rods and drive shafts to deliver two anchors releasably affixed to the distal ends of the drive shafts into tissue to close an opening in the tissue.</p></abstract><abstract mxw-id="PA117157238" ref-ucid="WO-2013096855-A1" lang="EN" source="national office" load-source="docdb"><p>A suture drive system configured to assist in attaching a suture to tissue within a patient, and in at least one application, repairing meniscal tears and shoulder tissue tears is disclosed. The suture drive system may be interchangeable in that the system can be adapted to insert different suture systems into tissue of a patient using the same device. In particular, in one embodiment configured to employ an inside-out suture delivery method, the suture drive system may advance two combinations of push rods and two swaged needles having one or more sutures attached thereto. In another embodiment configured to employ an outside-in suture delivery method, the suture drive system may advance two combinations of push rods and drive shafts to deliver two anchors releasably affixed to the distal ends of the drive shafts into tissue to close an opening in the tissue.</p></abstract><abstract mxw-id="PA116736491" ref-ucid="WO-2013096855-A1" lang="FR" load-source="patent-office"><p num="0000">L'invention concerne un système d'entraînement de suture configuré pour aider à attacher une suture au tissu chez un patient, et dans au moins une application, pour réparer les déchirures du ménisque et les déchirures du tissu de l'épaule. Le système d'entraînement de suture peut être interchangeable en ce que le système peut être conçu pour insérer différents systèmes de suture dans le tissu d'un patient en utilisant le même dispositif. En particulier, dans une forme de réalisation configurée pour utiliser un procédé de délivrance de suture intérieur-extérieur, le système d'entraînement de suture peut acheminer deux combinaisons de tiges de poussoir et deux aiguilles serties ayant une ou plusieurs sutures attachées dessus. Dans une autre forme de réalisation configurée pour utiliser un système de délivrance de suture extérieur-intérieur, le système d'entraînement de suture peut acheminer deux combinaisons de tiges de poussoir et d'arbres d'entraînement pour délivrer deux brides d'ancrage fixées de manière libérable aux extrémités distales des arbres d'entraînement dans le tissu pour fermer une ouverture dans le tissu.</p></abstract><abstract mxw-id="PA117157239" ref-ucid="WO-2013096855-A1" lang="FR" source="national office" load-source="docdb"><p>L'invention concerne un système d'entraînement de suture configuré pour aider à attacher une suture au tissu chez un patient, et dans au moins une application, pour réparer les déchirures du ménisque et les déchirures du tissu de l'épaule. Le système d'entraînement de suture peut être interchangeable en ce que le système peut être conçu pour insérer différents systèmes de suture dans le tissu d'un patient en utilisant le même dispositif. En particulier, dans une forme de réalisation configurée pour utiliser un procédé de délivrance de suture intérieur-extérieur, le système d'entraînement de suture peut acheminer deux combinaisons de tiges de poussoir et deux aiguilles serties ayant une ou plusieurs sutures attachées dessus. Dans une autre forme de réalisation configurée pour utiliser un système de délivrance de suture extérieur-intérieur, le système d'entraînement de suture peut acheminer deux combinaisons de tiges de poussoir et d'arbres d'entraînement pour délivrer deux brides d'ancrage fixées de manière libérable aux extrémités distales des arbres d'entraînement dans le tissu pour fermer une ouverture dans le tissu.</p></abstract><description mxw-id="PDES59917715" ref-ucid="WO-2013096855-A1" lang="EN" load-source="patent-office"><!-- EPO <DP n="2"/>--><p id="p0001" num="0001"> DRIVE SYSTEM FOR TISSUE REPAIR </p><p id="p0002" num="0002">CROSS-REFERENCE TO RELATED APPLICATION This application claims the benefit of United States provisional patent application serial number 61/580,024, filed on December 23, 201 1. </p><p id="p0003" num="0003">FIELD OF THE INVENTION The invention relates to suture insertion drive systems usable in arthroscopy, and more particularly, to suture insertion drive systems configured to advance one or more drive shafts through a tissue to install a suture therein. </p><p id="p0004" num="0004">BACKGROUND </p><p id="p0005" num="0005"> There have been numerous advances in surgical techniques to repair orthopedic injuries. Arthroscopic surgery that at one time caused patients months of incapacitation and recuperation can now be accomplished with surgical procedures that are minimally invasive and foster fast patient recoveries. Most tears are repaired using arthroscopic techniques, categorized as either "outside-in" or "inside- out." The inside-out technique requires that a surgeon place needles using arthroscopic visualization through both meniscal fragments and then out through the joint, exiting percutaneously. The needles pull sutures through the meniscal fragments and are used to stabilize a tear while it heals. The outside-in approach was developed to eliminate the large incision required in the inside-out method. In the outside-in procedure, a surgeon utilizes needles as in the inside-out technique. However, in this technique, safe passage of the needles is more easily controlled using knowledge of anatomical landmarks to avoid the peroneal nerve. </p><p id="p0006" num="0006"> The outside-in procedure includes first directing a needle from a </p><p id="p0007" num="0007">percutaneous arthroscopic accessory portal that is outside, and, then, directing the individual needles through the tissue on both sides of the meniscus tear. The surgeon is able to view inside via an arthroscope inserted through a viewing portal. Once the needles span the tear as seen through the arthroscope, a suture is 
<!-- EPO <DP n="3"/>-->
 positioned across the tear inside the knee using the two needles. After both needles exit the capsule, the needles are cut from the suture and an interference knot is tied on the suture and is formed from several knots tied onto a knot such that the resulting knot is large enough to prevent the interference knot from being pulled from the opening in the tissue made by the needle. When the needles are removed, the suture is left in place, and the interference knot is pulled back into the knee through the suturing portal until the knot is positioned against the tear site. The process is then repeated several times until the tear is stabilized. The procedure is completed by tying all of the suture tails together through an incision under the skin outside of the knee joint. </p><p id="p0008" num="0008"> Both techniques focus on placement of sutures that bring two surfaces of the torn meniscus together so that healing may occur. Tying knots in sutures while operating in the extremely confined environment provided by the hollow needles is very difficult and requires incredible dexterity. Indeed, a substantial portion of the time required for the procedure is due to the time that it takes to place the sutures. While there exist numerous systems for facilitating the inside-out techniques and numerous systems for facilitating the outside-in technique, there exists a need for more efficient implementation techniques. SUMMARY OF THE INVENTION </p><p id="p0009" num="0009"> A suture drive system configured to assist in attaching a suture to tissue within a patient, and in at least one application, repairing meniscal tears and shoulder tissue tears is disclosed. The suture drive system may be interchangeable in that the system can be adapted to insert different suture systems into tissue of a patient. In particular, in one embodiment configured to employ an inside-out suture delivery method, the suture drive system may advance two combinations of push rods and two swaged needles having one or more sutures attached thereto. In another embodiment configured to employ an outside-in suture delivery method, the suture drive system may advance two combinations of push rods and drive shafts to 
<!-- EPO <DP n="4"/>-->
 deliver two anchors releasably affixed to the distal ends of the drive shafts into tissue to close an opening in the tissue. </p><p id="p0010" num="0010"> In at least one embodiment, the suture drive system may be useful for repairing tears in soft tissue and may be formed from a dual drive system configured to advance two combinations of drive shafts and push rods, one combination at a time. In addition, the suture drive system may be interchangeable in that the system can be adapted to insert different suture systems into a tissue. In particular, in one embodiment configured to employ an inside-out suture delivery method, the suture drive system may advance two combinations of push rods and drive shafts, which are two swaged needles having a suture attached to a proximal end of the needles. In another embodiment configured to employ an outside-in suture delivery method, the suture drive system may advance two combinations of two push rods and two drive shafts that are attached thereto to deliver two anchors releasably affixed to the distal ends of the drive shafts into tissue to close an opening in the tissue. </p><p id="p0011" num="0011"> In another embodiment, the suture drive system may be formed from a drive body supporting a drive actuator and drive mechanism that may be used to separately drive push rods positioned within the drive body together. The drive mechanism may be formed from one or more gears in communication with a first linear gear forming a rack and pinion drive mechanism. In particular, the drive actuator may include a second linear gear configured to engage the gear, which is in turn configured to engage the first linear gear. The first linear gear may be positionable via a push rod selector to advance one of two push rods within a cannula. The push rod selector may have at least a portion extending outside of the drive body. The second linear gear may be positioned on a proximal end of the drive actuator in close proximity to the drive mechanism. The first linear gear may include teeth in contact with teeth extending from the bottom of the gear, and the second linear gear may include teeth in contact with teeth extending from the top of the gear. In another embodiment, the gear may be formed from a first gear in contact with the first linear gear and a second gear in contact with the second linear gear. The first gear may be rigidly coupled to the second gear, and the first gear 
<!-- EPO <DP n="5"/>-->
 may be larger than the second gear. As such, a mechanical advantage can be created such that they first linear gear may travel further than the linear travel of the second linear gear. In one embodiment, a trigger coupled to the drive actuator may be advanced one unit of measurement, while the a cannula to which the drive mechanism is attached is advanced linearly more than the one unit of measurement due to the mechanical advantage. </p><p id="p0012" num="0012"> An advantage of the suture drive system is that the system enables a surgeon to choose between using the inside-out suture system or outside-in suture system and use the same device for both techniques. </p><p id="p0013" num="0013"> Another advantage of the suture drive system is that the system may be packaged in a loaded state such that when the system is removed from packaging, it is ready for use. </p><p id="p0014" num="0014"> Yet another advantage of the suture drive system is that the system may be disposable. </p><p id="p0015" num="0015"> Another advantage of the suture drive system is that the system may include a push rod selector component that enables a surgeon to choose which needle or suture anchor to deploy first. </p><p id="p0016" num="0016"> Still another advantage of the suture drive system is that the system uses a single trigger for ease of use by a surgeon. </p><p id="p0017" num="0017"> Another advantage of the suture drive system is that the system includes a preloaded cartridge that may be quickly and easily inserted into a drive body depending on whether a needle with attached suture or an anchor is to be deployed. </p><p id="p0018" num="0018"> These and other embodiments are described in more detail below. </p><p id="p0019" num="0019">BRIEF DESCRIPTION OF THE FIGURES </p><p id="p0020" num="0020"> The accompanying drawings, which are incorporated in and form a part of the specification, illustrate embodiments of the presently disclosed invention and, together with the description, disclose the principles of the invention. </p><p id="p0021" num="0021"> Figure 1 is a perspective view of the suture drive system. 
<!-- EPO <DP n="6"/>-->
 Figure 2 is a partially disassembled perspective view of the suture drive system. </p><p id="p0022" num="0022"> Figure 3 is a side view of the suture drive system of Figure 1 . </p><p id="p0023" num="0023"> Figure 4 is an exploded perspective view of the suture drive system. </p><p id="p0024" num="0024"> Figure 5 is a top view of a cannula of the suture drive system. </p><p id="p0025" num="0025"> Figure 6 is a right side view of a cannula of the suture drive system. </p><p id="p0026" num="0026"> Figure 7 is a cross-sectional view of a cannula of the suture drive system taken along section line 7-7 in Figure 5. </p><p id="p0027" num="0027"> Figure 8 is a cross-sectional view of the distal window of the cannula taken at section line 8-8 in Figure 7. </p><p id="p0028" num="0028"> Figure 9 is a cross-sectional view taken at section line 9-9 in Figure 7. </p><p id="p0029" num="0029"> Figure 10 is a detail view of the distal window of the cannula shown in Figure</p><p id="p0030" num="0030">7. </p><p id="p0031" num="0031"> Figure 1 1 is a side view of a needle of the suture drive system. </p><p id="p0032" num="0032"> Figure 12 is a perspective view of a cannula with drive shafts, which are needles, installed therein and held in place with a cartridge. </p><p id="p0033" num="0033"> Figure 13 is a cross-sectional view of the suture drive system in the start position. </p><p id="p0034" num="0034"> Figure 14 is a cross-sectional view of the suture drive system with the trigger partially depressed. </p><p id="p0035" num="0035"> Figure 15 is a cross-sectional view of the suture drive with the trigger fully depressed. </p><p id="p0036" num="0036"> Figure 16 is a side view of the suture drive system including a suture needle loaded cartridge coupled to first and second push rods each having a needle with suture secured thereto. </p><p id="p0037" num="0037"> Figure 17 is a front view of an anchor of the suture drive system and includes a partial cross-section. </p><p id="p0038" num="0038"> Figure 18 is a left side view of the anchor of Figure 17. </p><p id="p0039" num="0039"> Figure 19 is a bottom view of the anchor and includes a partial cross-section. 
<!-- EPO <DP n="7"/>-->
 Figures 20-26 is a series of side views showing the formation of a figure eight knot usable in the suture drive system with the outside-in suture method. </p><p id="p0040" num="0040"> Figure 27 is a perspective view of drive shafts coupled to push rods that are positioned to be installed into cannulas. </p><p id="p0041" num="0041"> Figure 28 is a perspective view of push rods being inserted into cannulas.</p><p id="p0042" num="0042">Figure 29 is an exploded perspective view of another embodiment of the suture drive system. </p><p id="p0043" num="0043"> Figure 30 is a side view of two push rods having anchors attached to distal ends of the rods and push rod guides attached to proximal ends of the push rods, wherein the push rods are configured to be usable within the system shown in Figure 29. </p><p id="p0044" num="0044"> Figure 31 is a perspective bottom view of two push rods of the system shown in Figure 29 being inserted into a push rod guide support housing. </p><p id="p0045" num="0045"> Figure 32 is a side view of the push rod guide support housing of Figure 31 with a cannula extending distally therefrom. </p><p id="p0046" num="0046"> Figure 33 is a front view of an anchor usable with the system shown in Figure</p><p id="p0047" num="0047">29. </p><p id="p0048" num="0048"> Figure 34 is a left side view of the anchor shown in Figure 33. </p><p id="p0049" num="0049"> Figure 35 is a side view of the anchor of Figure 33 with a suture attached thereto. </p><p id="p0050" num="0050"> Figure 36 is a side view of the anchor of Figure 35 with a suture extending therefrom. </p><p id="p0051" num="0051"> Figure 37-41 is a series of side views showing the formation of a figure eight knot usable in the suture drive system of figure 29 with the outside-in suture method. </p><p id="p0052" num="0052"> Figure 42 is a side view of the suture drive system shown in Figures 29-41 .</p><p id="p0053" num="0053">Figure 43 is a partial perspective view of the first linear gear attached to the push rod selector and partially removed from being engagement with a push rod guide in the push rod guide support housing. 
<!-- EPO <DP n="8"/>-->
 Figure 44 is another partial perspective view of the first linear gear attached to the push rod selector and partially removed from being engagement with a push rod guide in the push rod guide support housing. </p><p id="p0054" num="0054"> Figure 45 a partial perspective view of the first linear gear attached to the push rod selector and engaged with a push rod guide in the push rod guide support housing. </p><p id="p0055" num="0055"> Figure 46 is a partial perspective view of the first linear gear attached to the push rod selector and engaged with a push rod guide in the second linear push rod guide receiving channel in the push rod guide support housing. </p><p id="p0056" num="0056"> Figure 47 is a partial perspective view of the first linear gear attached to the push rod selector and engaged with a push rod guide in the first linear push rod guide receiving channel in the push rod guide support housing. </p><p id="p0057" num="0057">DETAILED DESCRIPTION OF THE FIGURES </p><p id="p0058" num="0058"> As shown in Figures 1 -47, this invention is directed to a suture drive system</p><p id="p0059" num="0059">10 configured to assist in attaching a suture to tissue, such as, but not limited to, tissue within a patient. In at least one embodiment, the suture drive system 10 may be useful for repairing tears in soft tissue, such as, but not limited to, repairing meniscal tears and shoulder tissue tears. The suture drive system 10 may be formed from a dual drive system 12 configured to advance two combinations of drive shafts 15 and push rods 24, 26, one combination at a time. In addition, the suture drive system 10 may be interchangeable in that the system 10 can be adapted to insert different suture systems into a tissue. In particular, in one embodiment configured to employ an inside-out suture delivery method, the suture drive system 10 may advance two combinations of push rods 24, 26 and drive shafts 15, which are two swaged needles 1 6, 18 having a suture 20 attached to a proximal end 22 of the needles 16, 18. In another embodiment configured to employ an outside-in suture delivery method, the suture drive system 10 may advance two combinations of two push rods 24, 26 and two drive shafts 15 that are attached thereto to deliver 
<!-- EPO <DP n="9"/>-->
 two anchors 28, 30 releasably affixed to the distal ends of the drive shafts 15 into tissue to close an opening in the tissue. </p><p id="p0060" num="0060"> As shown in Figures 1 -4, the dual drive system 12 may include a dual drive body 14 supporting at least a first drive actuator 34 and a second drive actuator 36. In one embodiment, the dual drive body 14 may be configured to include a handle 40 extending from a drive region 42. The dual drive body 14 may be formed from two halves coupled together with at least one connector 1 14. The handle 40 may be nonparallel with the drive region 42, and, in at least one embodiment, may be generally orthogonal to the drive region 42. One or more triggers 38 may be configured to actuate the first and second drive actuators 34, 36. The trigger 38 may extend through a trigger opening 44 in an outer surface of the handle 40 upon which fingers of a user rest. The trigger 38 may be biased away from the first and second drive actuators 34, 36. In at least one embodiment, the trigger 38 may be biased with one or more springs 1 18 or other appropriate device. The trigger 38 may include an alignment arm 1 16 extending outwardly from both sides of the dual drive body 14 such that the trigger 38 is movable relative to the dual drive body 14 from outside the dual drive body 14, thereby allowing the trigger 38 to be moved between the first and second drive actuators 34, 36. A click spring 1 18 may limit movement of the trigger 38 between first and second drive actuators 34, 36. In one embodiment, the click spring 1 18 may be formed from a V-shaped spring. </p><p id="p0061" num="0061"> The first drive actuator 34 may be formed from a lever arm 46 having a first end 48 that is configured to bear against the trigger 38 and a second end 50 that pivotably supports a connect arm 52. An opposite end of the connect arm 52 may be pivotably coupled to a slide 54. The first drive actuator 34 may have an offset pivot point 56 such that a distance between the pivot point 56 and the first end 48 is less than a distance between the pivot point 56 and the second end 50. In at least one embodiment, the distance between the pivot point 56 and the second end 50 is at least three times more than the distance between the pivot point 56 and the first end 48. 
<!-- EPO <DP n="10"/>-->
 The slide 54 may be pivotably attached to the connect arm 52 of the first drive actuator 34 and contained within the push rod support channel 64. The slide 54 may include one or more slots 60 for receiving a push rod hub 58 of a drive shaft 15. The slot 60 may be a dovetail slot that limits movement of the push rod hub 58 of the push rods 24, 26 that is not aligned with a longitudinal axis 62 of the push rod support channel 64. In at least one embodiment, the suture drive system 10 may include a slide 54 for each push rod 24, 26. The slide 54 may be aligned to push rod support channel 64 with posts 55 extending outwardly. The alignment posts 55 may include a head 57 contained within a slot 59 that is generally aligned with the push rod support channel 64. </p><p id="p0062" num="0062"> The dual drive body 14 may include one or more cannula support chambers 66 positioned with the drive region 42. One or more push rod support channels 64 may be in communication with the cannula support chamber 66. The dual drive body 14 may include a push rod support channel access opening 68 that provides access to the push rod support channel 64 and the cannula support chamber 66. As shown in Figures 1 -4, the suture drive system 10 may include a hatch lid 120 for removably covering the push rod support channel access opening 68. </p><p id="p0063" num="0063"> As shown in Figures 5-10, the suture drive system 10 may include one or more cannulas 70 having an inner channel 72 configured to receive one or more drive shafts 15. In one embodiment, one or more cannulas 70 may be provided. The cannulas 70 may be configured to be releasably attached to the dual drive body 14. A cannula base 78 may be attachable to the dual drive body 14 in the cannula support chamber 66, as shown in Figures 1 -3. The cannula base 78 may include one or more grooves 80, as shown in Figure 2, configured to receive an end wall 82 forming a distal end of the dual drive body 14. The groove 80 attached to the end wall 82 prevents the cannula 70 from moving laterally, axially and rotationally. In one embodiment used for the inside-out suture delivery method, the cannula 70 may include a blunt tip. In another embodiment used for the outside-in suture delivery method, the cannula 70 may include a pointed tip for piercing tissue and delivering the anchors 28, 30. 
<!-- EPO <DP n="11"/>-->
 In one embodiment, as shown in Figures 6-10, the cannula 70 may include an inner channel 72 configured to receive one or more drive shafts 15 coupled to at least one push rod 24, 26. In this embodiment, the drive shafts may be needles 1 6, 18 that are partially contained within hollow push rods 24, 26. The inner channel 72 of the cannula 70 may be configured to receive at least a portion of two needles 16, 18 simultaneously within at least a portion of the cannula 70 and may have a distal window 74 through which distal ends 76 of the needles 16, 18 extend. The cannula 70 may be straight, may be curved between about 15 degrees and about 30 degrees to the left, may be curved between about 1 5 degrees and about 30 degrees to the right, or have another appropriate position. The cannula 70 may include one or more tag orifices 86 through which the tag ends of the sutures 20 may extend. </p><p id="p0064" num="0064"> The needles 16, 18 may be swaged needles having a suture 20 attached to a proximal end 22 of the needles 1 6, 18. Two swaged needles 1 6, 18 may be contained within the cannula 70 such that a distal tip 76 of each of the swaged needles 16, 18 may be slightly proximal of a distal end 84 of the cannula 70 and proximal ends 22 of the swaged needles 1 6, 18 may extend proximally from a proximal end 88 of cannula 70. The push rods 24, 26 may be hollow and contain the proximal ends 22 of the needles 1 6, 18, such that the proximal ends 22 contact the push rod hubs 58. One or both of the swaged needles 16, 18 may include a crimp 90, as shown in Figure 1 1 , that forms an interference fit with a crimped section 92 of the push rods 24, 26, as shown in Figure 27, which may be, but is not limited to being, positioned at the distal end 96 of the push rods 24, 26. </p><p id="p0065" num="0065"> In another embodiment, as shown in Figures 27-28, in which the suture drive system 10 is configured to implement the outside-in suture method, a drive shaft 15 may be coupled to each of two push rods 24, 26. The drive shafts 15 have smaller diameters than the push rods 24, 26 and, are generally aligned along a single longitudinal axis in series. The drive shafts 1 5 may be affixed to the distal ends 96 of the push rods 24, 26. The push rods 24, 26 may include push rod hubs 58 on a proximal end 94. In such an embodiment, the cannula 70 may be formed from a distal section 108 and a proximal section 1 10. The proximal section 1 10 may 
<!-- EPO <DP n="12"/>-->
 contain both push rods 24, 26 simultaneously, but to prevent inadvertent actuation of both push rods 24, 26, the only one rod 24, 26 at a time may fit in the distal section 108. Thus, only a portion of cannula 70 may be configured to house a portion of two push rods 24, 26 simultaneously. </p><p id="p0066" num="0066"> The drive shafts 15 may include one or more anchors 28, 30 releasably affixed to a distal end 96 of each of the drive shafts 15. The anchors 28, 30, as shown in Figures 17-1 9, may be elongated members and may be formed from a biocompatible material, such as, but not limited to, PEEK. The anchors 28, 30 may include first and second orifices 1 30, 1 32 extending through an outer surface 104 and generally orthogonal to a longitudinal axis 106 of the elongated member. The anchors 28, 30 may include a push rod receiving chamber 134 that may be aligned with the longitudinal axis 106. During use, a tip of a drive shaft 15 may be inserted into the push rod receiving chamber 1 34. The anchors 28, 30 may include a divot 136 in which the suture 20 extending between the first and second orifices 1 30, 132 may reside. Other embodiments may not include a divot 136. </p><p id="p0067" num="0067"> As shown in Figures 20-26, a first end 98 of the suture 20 may be secured to a first anchor 28, and a second end 100 of the suture 20 may extend through a loop 102 attached to a second anchor 30. The second anchor 30 may be an elongated member, and the loop 102 may pierce the second anchor 30 twice through an outer surface 1 04 and generally orthogonal to a longitudinal axis 106 of the elongated member. The first end 98 of the suture 20, after extending through the loop 102 in the second anchor 30, forms a slip knot. In particular, the first end 98 of the suture 20, after extending through the loop 1 02 in the second anchor 30, may form a figure eight knot. </p><p id="p0068" num="0068"> As previously set forth, suture drive system 1 0 may be configured to be an interchangeable system. As such, the suture drive system 1 0 may be configured to administer different suture systems to a patient. To assist in such endeavor, the suture drive system 1 0 may include one or more removable cartridges 1 22 </p><p id="p0069" num="0069">configured to hold the drive shafts 15 and the push rods 24, 26 in the cannulas 70. In at least one embodiment, the cartridge 122 may be configured to hold the two 
<!-- EPO <DP n="13"/>-->
 needles 16, 18 and the push rods 24, 26 in the cannula 70 and keep the push rod hub 58 at a desired distance from the base 78 of the cannula 70. In another embodiment, the cartridge 122 may be configured to hold the two drive shafts 15 and the push rods 24, 26 in the cannula 70 and keep the push rod hub 58 at a desired distance from the base 78 of the cannula 70. The cartridge 122 may be formed from a unitary construction and may include first and second ends </p><p id="p0070" num="0070">configured to be releasably attached to the push rod hub 58 and the base 78 of the cannula 70. The cartridge 122 may be formed from disposable materials, such as, but not limited to, plastics and metals. </p><p id="p0071" num="0071"> The suture drive system 10 may also include a push rod hub guide ramp 124 having an push rod support channel access opening 68 for receiving a push rod hub 58 and guiding the push rod hub 58 into the slot 60 in the slide 54. </p><p id="p0072" num="0072"> During use, the suture drive system 10 may be used to install a suture system into tissue, which may or may not be within a patient. Before installation of a suture 20 into the tissue, a user, such as a medical doctor, may choose which suture system to use. Such choice may be based upon personal preference, experience, location of the tear to be closed and other factors. The chosen suture system cartridge 1 22 may then be installed by opening the hatch lid 120, inserting the push rod hubs 58 into the push rod hub guide ramp 124, which guides the push rod hubs 58 into the slots 60 in the slides 54. Once secured therein, the cartridge 122 may be removed. In at least one embodiment, the slides 54 may be advanced at least minimally to prevent inadvertent release of the push rod hubs 58 from the slots 60, thereby enabling the dual drive system 12 to be turned at any orientation without risk of dislocation of the push rod hubs 58 from the slider 54. </p><p id="p0073" num="0073"> The distal tip 84 of the cannula 70 may then be inserted into incisions made in a patient until the tip 84 contacts the tissue in which the suture 30 is desired to be inserted. In embodiments in which the inside-out suture method is employed and the drive shafts 15 are needles 1 6, 18, the first drive actuator 34 may be activated by squeezing the trigger 38 towards the handle 40, as shown in Figures 13-1 5. Squeezing the handle causes one of the push rods 24, 26 and a needle 16, 18 
<!-- EPO <DP n="14"/>-->
 contained therein to move into the tissue. More specifically, the trigger 38 bears on the first end 48 of the lever arm 46 of the first drive actuator 34, causing the lever arm to pivot about the pivot point 56. The second end 50 of the lever arm 46 is advanced generally toward the cannula 70. The lever arm 46 advances the connect arm 52 and the slide 54 attached thereto. The slide 54 in turn pushes the first needle 16 into the tissue. Once the trigger has been fully depressed, the first needle 16 is removed from the cannula 70. The alignment arm 1 16 is then pushed toward the handle 40 which causes the trigger 38 to be shifted from the first drive actuator 34 to the second drive actuator 36. The trigger 38 overcomes the resistance created by the click spring 1 18 and is moved into contact with the lever arm 46 of the second drive actuator 36. The trigger 38 may then be activated, and the second needle 18 advanced as described above. The second needle 18 may then be pulled from the cannula 70. After cutting the suture 20 from the needles 16, 1 8, the suture 20 may then be tied to the tissue to close a tear in the tissue. </p><p id="p0074" num="0074"> Alternatively, in embodiments in which the outside-in suture method is employed, the cannula 70 may be inserted through the tissue before the trigger 38 is squeezed. The first drive actuator 34 may be activated by squeezing the trigger 38 towards the handle 40, as shown in Figures 13-15. The trigger 38 bears on the first end 48 of the lever arm 46 of the second drive actuator 34, causing the lever arm to pivot about the pivot point 56. The second end 50 of the lever arm 46 is advanced generally toward the cannula 70. The lever arm 46 advances the connect arm 52 and the slide 54 attached thereto. The slide 54 in turn pushes the drive shaft 15 attached to the first push rod 24 into the tissue. Once the trigger has been fully depressed, the first anchor 30 is deployed in the tissue and the first push rod 24 is withdrawn into the cannula 70. The alignment arm 1 16 is then pushed toward the handle 40 which causes the trigger 38 to be shifted from the first drive actuator 34 to the second drive actuator 36. The trigger 38 overcomes the resistance created by the click spring 1 1 8 and is moved into contact with the lever arm 46 of the second drive actuator 36. The trigger 38 may then be activated, and the second push rod 26 and drive shaft 1 5 attached thereto, advanced as described above. The second 
<!-- EPO <DP n="15"/>-->
 anchor 28 may then be installed in the tissue, and the push rod 26 may then be retracted into the cannula 70. The suture 20 may then be tied to the tissue to close a tear in the tissue with a pre-tied sliding knot, as shown in Figures 20-26. Figures 20-25 illustrate tying the knot before the knot is inserted a patient. </p><p id="p0075" num="0075"> In another embodiment, as shown in Figures 29-47, the suture drive system</p><p id="p0076" num="0076">10 may be formed from a drive body 150 supporting a drive actuator 152 and drive mechanism 154 configured to be used to implement the outside-in technique. The suture drive system 1 0 may be shown assembled in Figure 42 and exploded in Figure 29. As shown in Figure 29, the drive mechanism 154 may be formed from one or more gears 174 in communication with a first linear gear 176 forming a rack and pinion drive mechanism. In particular, the drive actuator 152 may include a second linear gear 1 78 configured to engage the gear 174, which is in turn configured to engage the first linear gear 176. The first linear gear 176 may be positionable via a push rod selector 158 to advance a push rod 172 within a cannula 166. The push rod selector 158 may have at least a portion extending outside of the drive body 1 50. The second linear gear 178 may be positioned on a proximal end 180 of the drive actuator 152 in close proximity to the drive mechanism 1 54. The first linear gear 176 may include teeth in contact with teeth extending from the bottom of the gear 174, and the second linear gear 178 may include teeth in contact with teeth extending from the top of the gear 174. </p><p id="p0077" num="0077"> In another embodiment, the gear 174 may be formed from a first gear 182 in contact with the first linear gear 176 and a second gear 184 in contact with the second linear gear 1 78. The first gear 182 may be rigidly coupled to the second gear 184, and the first gear 182 may be larger than the second gear 184. As such, a mechanical advantage can be created such that they first linear gear 176 may travel further than the linear travel of the second linear gear 1 78. In one </p><p id="p0078" num="0078">embodiment, a trigger 154 coupled to the drive actuator 152 may be advanced one unit of measurement, while the cannula 166 to which the drive mechanism 152 is attached is advanced linearly more than one unit due to the mechanical advantage created by the size difference between the first and second gears 182, 184. The 
<!-- EPO <DP n="16"/>-->
 system may include one or more triggers 156 configured to actuate the drive actuator 1 52. The trigger 1 56 may be biased away from the drive body 150 via a spring 161 , such as, but not limited to, a torsion spring. </p><p id="p0079" num="0079"> As shown in Figures 29, 31 , 43-47, the suture drive system 10 may also include one or more push rod guide support housings 162 positioned within a push rod guide support housing receiving chamber 164 in the drive body 1 50. The push rod guide support housing 1 62 may include first and second linear push rod guide receiving channels 186, 188 extending longitudinally therein and housing first and second linear push rods 190, 192. An alignment rib 194 may separate the first and second linear push rod guide receiving channels 186, 188. A proximal end 1 96 of the alignment rib 194 may include a push rod engaging slot 198 which may be configured to receive a push rod driver 244 extending from the first linear gear 1 76 that is configured to engage a push rod guide 200 residing within at least one of the first and second linear push rod guide receiving channels 1 86,188. The push rod driver 244 may be a protrusion having any appropriate shape and configuration. The push rod selector 1 58 may include one or more arms 246 for keeping the push rod driver in the first and second linear push rod receiving channels 186, 188. </p><p id="p0080" num="0080"> In at least one embodiment, each of the first and second linear push rod receiving channels 186, 188 may include a push rod guide 200 coupled to a push rod 1 72. The push rod guide 200 may include a collar 201 positioned on an upper surface of the push rod guide 200 that rides on top of the push rod guide support housing 162 which prevents rotation of the push rod guide 200. The collar 201 may have a larger cross-sectional area than remaining portions of the push rod guide 200 to limit movement. In addition, movement of the push rod guide 200 is limited to being axially in a direction parallel to the push rod 1 72 positioned within the cannula 166. </p><p id="p0081" num="0081"> Each push rod guide 200 may include a first linear gear receiving slot 202 extending into the bottom of the push rod guide 200. The first linear gear receiving slot 202 may be configured such that when the push rod guide 200 is positioned in the one of the first and second linear push rod guide receiving channels 1 86, 1 88, 
<!-- EPO <DP n="17"/>-->
 the first linear gear receiving slot 202 may be positioned adjacent to the push rod engaging slot 198 positioned in the alignment rib 1 94. The side walls 204 of the push rod engaging slot 198 may include first and second angled deflector surfaces 206, 208 that are joined at a point in the middle of the alignment rib 194. The point at the intersection of each of the first and second angled deflector surfaces 206, 208 is directed towards the other pointed side wall 204. In such a position, the push rod engaging slot 198 enables a push rod selector 158 to move the first linear gear 176 from the first linear push rod guide receiving channel 186 to the second linear push rod guide receiving channel 188, or vice versa, when the push rod selector 158 may be partially misaligned with the push rod engaging slot 198. </p><p id="p0082" num="0082"> As shown in Figures 29 and 32, the suture drive system 10 may include one or more cannula support chambers 160 in the drive body 150. The suture drive system 10 may also include one or more cannulas 1 66 having an inner channel 168 configured to receive one or more push rods 172. The inner channel 168 of the cannula 166 may be configured to receive at least a portion of two push rods 1 72 simultaneously within at least a portion of the at least one cannula 1 66 and having a distal window 210 through which distal ends 212 of the push rods 172 extend. The cannula 166 may be straight or have another appropriate configuration. In at least one embodiment, the cannula 166 may include a distal tip curved about 15 degrees and about 30 degrees. </p><p id="p0083" num="0083"> As shown in Figures 30 and 33-41 , the suture drive system 10 may include two push rods 172 and may include an anchor 216 releasably affixed to a distal end 212 of each of the push rods 172. The anchors 216 may be elongated, tubular members and may be formed from PEEK or other appropriate material. A first end 220 of a suture 222 may be secured to a first anchor 224, and a second end 226 of the suture 222 extends through a loop 228 attached to a second anchor 230. The first end 220 of the suture 222, after extending through the loop 228 in the second anchor 230, may form a slip knot. The first end 220 of the suture 222, after extending through the loop 228 in the second anchor 230, may form a figure eight knot. The second anchor 230 may be an elongated member, and the loop 228 may 
<!-- EPO <DP n="18"/>-->
 pierce the second anchor 230 twice through an outer surface and generally orthogonal to a longitudinal axis 232 of the elongated member forming the second anchor 230. As shown in Figures 33 and 34, the anchors 216 may have a flat surface 234 through which two orifices 236, 238 protrude. The flat surface 234 provides space for the loop 228 and suture 222 to fit within the cannula 166 with the push rod 1 72. The suture 222 extends through the cannula 1 66 and partially resides in the drive body 150. </p><p id="p0084" num="0084"> The suture drive system 10 may also include a depth stop 214, as shown in Figures 29 and 42, formed from a tubular body sized to fit over the cannula 1 66. The depth stop 214 may be configured such that the length of the depth stop 214 may be adjustable. In at least one embodiment of the system 1 0 shown in Figures 29-36, the drive body 1 50, the drive actuator 152, driver mechanism 154, cannula 166 and other components may be disposable, and as such may be formed from materials, such as, but not limited to, plastic. </p><p id="p0085" num="0085"> During use, the suture drive system 10 may be used to install a suture system into tissue, which may or may not be within a patient. Before installation of a suture 222, shown in Figures 29-36, into the tissue, a user, such as a medical doctor, may insert a distal tip 240 of the cannula 166 into incisions made in a patient until the tip 240 contacts the tissue in which the suture 222 is desired to be inserted. The outside-in suture method is employed using the system 10 shown in Figures 29-41 . As such, the cannula 1 66 may be inserted through the tissue before the trigger 156 is squeezed. The drive actuator 152 may be activated by squeezing the trigger 1 56 towards the handle, as shown in Figure 29. The actuator 152 may pivot about axis 242 of the drive actuator 152 thereby causing the trigger 1 56 to move the second linear gear 178 towards the second gear 184, which in turn causes the second gear 184 to rotate. The second gear 1 84 causes the first gear 182 to rotate, which in turn causes the first linear gear 176 to move in a direction opposite to the direction of movement of the second linear gear 178. </p><p id="p0086" num="0086"> The first linear gear 176 advances the push rod 172 in line with the push rod selector 158, as shown in Figure 46. The push rod 200 in the first linear push rod 
<!-- EPO <DP n="19"/>-->
 receiving channel 186 pushes the first push rod 190 through the cannula 1 66 into the tissue. Once the trigger 156 has been fully depressed, the first anchor 224 is deployed in the tissue and the first push rod 190 is withdrawn into the cannula 166. The push rod selector 1 58 is then pushed toward the drive body 150, which causes the trigger 156 to be shifted from the first linear push rod guide receiving channel 186 to the first linear push rod guide receiving channel 188. The second anchor 230 may then be installed in the tissue in the same manner as described for the first anchor 224, as shown in Figure 47, and the second push rod 192 may then be retracted into the cannula 166. The pre-tied sliding knot can be tensioned to secure the suture 20 to the tissue to close a tear in the tissue with a knot as shown in Figures 37-41 . </p><p id="p0087" num="0087"> The foregoing is provided for purposes of illustrating, explaining, and describing embodiments of this invention. Modifications and adaptations to these embodiments will be apparent to those skilled in the art and may be made without departing from the scope or spirit of this invention. 
</p></description><claims mxw-id="PCLM52863793" ref-ucid="WO-2013096855-A1" lang="EN" load-source="patent-office"><claim-statement><!-- EPO <DP n="20"/>-->CLAIMS We claim : </claim-statement><claim id="clm-0001" num="1"><claim-text>1 . A suture drive system, comprising: </claim-text><claim-text> a dual drive body supporting at least a first drive actuator and a second drive actuator; </claim-text><claim-text> at least one trigger configured to actuate the first and second drive actuators; at least one cannula support chamber; </claim-text><claim-text> at least one push rod support channel in communication with the at least one cannula support chamber; </claim-text><claim-text> wherein the dual drive body includes a push rod support channel access opening that provides access to the at least one push rod support channel and the at least one cannula support chamber; </claim-text><claim-text> at least one cannula having an inner channel configured to receive at least one drive shaft coupled to at least one push rod. </claim-text></claim><claim id="clm-0002" num="2"><claim-text>2. The suture drive system of claim 1 , wherein the inner channel of the at least one cannula is configured to receive at least a portion of two needles simultaneously within at least a portion of the at least one cannula and having a distal window through which distal ends of the needles extend. </claim-text></claim><claim id="clm-0003" num="3"><claim-text>3. The suture drive system of claim 1 , wherein only a portion of the at least one cannula is configured to house a portion of two needles simultaneously. </claim-text></claim><claim id="clm-0004" num="4"><claim-text>4. The suture drive system of claim 1 , wherein the at least one cannula includes a base configured to fit into the at least one cannula support chamber. </claim-text></claim><claim id="clm-0005" num="5"><claim-text>5. The suture drive system of claim 1 , wherein the at least one cannula includes a distal tip curved between 15 degrees and 30 degrees. <!-- EPO <DP n="21"/>--> </claim-text></claim><claim id="clm-0006" num="6"><claim-text>6. The suture drive system of claim 1 , wherein the at least one drive shaft comprises two swaged needles contained within the at least one cannula such that a distal tip of each of the swaged needles is slightly proximate of a distal end of the at least one cannula, wherein the at least one push rod comprises first and second push rods, and wherein proximal ends of the swaged needles extend proximally from a proximal end of the at least one cannula and are contained within first and second push rods. </claim-text></claim><claim id="clm-0007" num="7"><claim-text>7. The suture drive system of claim 6, wherein the swaged needles have a suture attached to the proximal end. </claim-text></claim><claim id="clm-0008" num="8"><claim-text>8. The suture drive system of claim 6, wherein at least one of the swaged needles includes a crimp that forms an interference fit with a crimped section of one of the push rods. </claim-text></claim><claim id="clm-0009" num="9"><claim-text>9. The suture drive system of claim 1 , further comprising an anchor releasably affixed to a distal end of each of the drive shafts. </claim-text></claim><claim id="clm-0010" num="10"><claim-text>10. The suture drive system of claim 9, wherein a first end of the suture is secured to a first anchor, and a second end of the suture extends through a loop attached to a second anchor. </claim-text></claim><claim id="clm-0011" num="11"><claim-text>1 1 . The suture drive system of claim 10, wherein the second anchor is an elongated member, and the loop pierces the second anchor twice through an outer surface and generally orthogonal to a longitudinal axis of the elongated member. </claim-text></claim><claim id="clm-0012" num="12"><claim-text>12. The suture drive system of claim 1 , further comprising a removable cartridge that holds the two needles in the at least one push rod and keeps the push rod hub a desired distance from the push rod base of the at least one push rod. <!-- EPO <DP n="22"/>--> </claim-text></claim><claim id="clm-0013" num="13"><claim-text>13. The suture drive system of claim 1 , wherein the first drive actuator is formed from a lever arm having a first end that is configured to bear against the at least one trigger and a second end that pivotably supports a connect arm; wherein the first drive actuator has an offset pivot point such that a distance between the pivot point and the first end is less than a distance between the pivot point and the second end; wherein the distance between the pivot point and the second end is at least three times more than the distance between the pivot point and the first end. </claim-text></claim><claim id="clm-0014" num="14"><claim-text>14. The suture drive system of claim 13, further comprising a slide attached to the connect arm of the first drive actuator; wherein the slide includes at least one slot for receiving a push rod hub of the at least one push rod, wherein the at least one slot is a dovetail slot that limits movement of the push rod hub of the at least one push rod that is not aligned with a longitudinal axis of the at least one push rod support channel, and wherein the slide is pivotably attached to the connect arm of the first drive actuator and contained within the at least one push rod support channel. </claim-text></claim><claim id="clm-0015" num="15"><claim-text>15. The suture drive system of claim 1 , wherein the trigger includes an alignment arm extending outwardly from both sides of the dual drive body such that the trigger is movable relative to the dual drive body from outside the dual drive body, thereby allowing the trigger to be moved between the first and second drive actuators; </claim-text></claim><claim id="clm-0016" num="16"><claim-text>16. A suture drive system, comprising: </claim-text><claim-text> a drive body supporting a drive actuator and drive mechanism ; </claim-text><claim-text> at least one trigger configured to actuate the drive actuator; </claim-text><claim-text> a push rod selector with at least a portion extending outside of the drive body; at least one cannula support chamber; <!-- EPO <DP n="23"/>--> a push rod guide support housing positioned within a push rod guide support housing receiving chamber in the drive body; and </claim-text><claim-text> at least one cannula having an inner channel configured to receive at least one drive shaft coupled to at least one push rod. </claim-text></claim><claim id="clm-0017" num="17"><claim-text>17. The suture drive system of claim 16, wherein the drive mechanism is formed from at least one gear in communication with a first linear gear forming a rack and pinion drive mechanism, wherein the drive actuator includes a second linear gear configured to engage the at least one gear, which is in turn configured to engage the first linear gear, wherein the first linear gear is positionable via the push rod selector to advance the at least one push rod within the cannula, and wherein the second linear gear is positioned on a proximal end of the drive actuator in close proximity to the drive mechanism. </claim-text></claim><claim id="clm-0018" num="18"><claim-text>18. The suture drive system of claim 16, wherein the push rod guide support housing comprises first and second linear push rod guide receiving channels extending longitudinally therein and housing first and second linear push rods, further comprising an alignment rib separating the first and second linear push rod guide receiving channels and wherein a proximal end of the alignment rib includes a push rod engaging slot which is configured to receive a portion of the push rod selector and is configured to engage a push rod guide residing within one of the first and second linear push rod guide receiving channels. </claim-text></claim><claim id="clm-0019" num="19"><claim-text>19. The suture drive system of claim 16, wherein the inner channel of the at least one cannula is configured to receive at least a portion of two push rods simultaneously within at least a portion of the at least one cannula and having a distal window through which distal ends of the push rods extend. </claim-text></claim><claim id="clm-0020" num="20"><claim-text>20. The suture drive system of claim 16, wherein the at least one push rod comprises two push rods and further comprising an anchor releasably affixed to a <!-- EPO <DP n="24"/>--> distal end of each of the push rods; wherein a first end of a suture is secured to a first anchor, and a second end of a suture extends through a loop attached to a second anchor and wherein the second anchor is an elongated member, and the loop pierces the second anchor twice through an outer surface and generally orthogonal to a longitudinal axis of the elongated member. </claim-text></claim></claims><copyright>User acknowledges that Fairview Research LLC and its third party providers retain all right, title and interest in and to this xml under applicable copyright laws.  User acquires no ownership rights to this xml including but not limited to its format.  User hereby accepts the terms and conditions of the Licence Agreement</copyright></patent-document>
