<?xml version="1.0" encoding="UTF-8"?>
<patent-document ucid="EP-2678373-A1" country="EP" doc-number="2678373" kind="A1" date="20140101" family-id="45560908" file-reference-id="318300" date-produced="20180826" status="corrected" lang="DE"><bibliographic-data><publication-reference fvid="146551122" ucid="EP-2678373-A1"><document-id><country>EP</country><doc-number>2678373</doc-number><kind>A1</kind><date>20140101</date><lang>DE</lang></document-id></publication-reference><application-reference ucid="EP-12702028-A" is-representative="NO"><document-id mxw-id="PAPP154825045" load-source="docdb" format="epo"><country>EP</country><doc-number>12702028</doc-number><kind>A</kind><date>20120131</date><lang>DE</lang></document-id><document-id mxw-id="PAPP220438315" load-source="docdb" format="original"><country>EP</country><doc-number>12702028.7</doc-number><date>20120131</date></document-id></application-reference><priority-claims><priority-claim mxw-id="PPC140449939" ucid="EP-11155406-A" load-source="docdb"><document-id format="epo"><country>EP</country><doc-number>11155406</doc-number><kind>A</kind><date>20110222</date></document-id></priority-claim><priority-claim mxw-id="PPC140454829" ucid="EP-12702028-A" load-source="docdb"><document-id format="epo"><country>EP</country><doc-number>12702028</doc-number><kind>A</kind><date>20120131</date></document-id></priority-claim><priority-claim mxw-id="PPC140447505" ucid="EP-2012051607-W" linkage-type="W" load-source="docdb"><document-id format="epo"><country>EP</country><doc-number>2012051607</doc-number><kind>W</kind><date>20120131</date></document-id></priority-claim></priority-claims><technical-data><classifications-ipcr><classification-ipcr mxw-id="PCL1988135161" load-source="docdb">C08G  65/00        20060101AFI20120914BHEP        </classification-ipcr></classifications-ipcr><classifications-cpc><classification-cpc mxw-id="PCL1988104230" load-source="docdb" scheme="CPC">C08G  64/183       20130101 LI20131213BHEP        </classification-cpc><classification-cpc mxw-id="PCL1988110589" load-source="docdb" scheme="CPC">C08G  65/2603      20130101 LI20131211BHEP        </classification-cpc><classification-cpc mxw-id="PCL1991310462" load-source="docdb" scheme="CPC">C08G  64/0241      20130101 LI20140109BHEP        </classification-cpc><classification-cpc mxw-id="PCL1991316118" load-source="docdb" scheme="CPC">C08G  64/0216      20130101 FI20140109BHEP        </classification-cpc></classifications-cpc><invention-title mxw-id="PT132185850" lang="DE" load-source="patent-office">POLYMERE BASIEREND AUF GLYCERINCARBONAT UND EINEM AMIN</invention-title><invention-title mxw-id="PT132185851" lang="EN" load-source="patent-office">POLYMERS ON THE BASIS OF GLYCERIN CARBONATE AND AN AMINE</invention-title><invention-title mxw-id="PT132185852" lang="FR" load-source="patent-office">POLYMÈRES À BASE DE CARBONATE DE GLYCÉRINE ET D'UNE AMINE</invention-title><citations><non-patent-citations><nplcit><text>See references of WO 2012113617A1</text><sources><source mxw-id="PNPL67451830" load-source="docdb" name="SEA"/></sources></nplcit></non-patent-citations></citations></technical-data><parties><applicants><applicant mxw-id="PPAR918160418" load-source="docdb" sequence="1" format="epo"><addressbook><last-name>BASF SE</last-name><address><country>DE</country></address></addressbook></applicant><applicant mxw-id="PPAR918145579" load-source="docdb" sequence="1" format="intermediate"><addressbook><last-name>BASF SE</last-name></addressbook></applicant><applicant mxw-id="PPAR918981080" load-source="patent-office" sequence="1" format="original"><addressbook><last-name>BASF SE</last-name><iid>101298228</iid><address><city>67056 Ludwigshafen</city><country>DE</country></address></addressbook></applicant></applicants><inventors><inventor mxw-id="PPAR918150771" load-source="docdb" sequence="1" format="epo"><addressbook><last-name>RAETHER ROMAN BENEDIKT</last-name><address><country>DE</country></address></addressbook></inventor><inventor mxw-id="PPAR918141566" load-source="docdb" sequence="1" format="intermediate"><addressbook><last-name>RAETHER, ROMAN BENEDIKT</last-name></addressbook></inventor><inventor mxw-id="PPAR918989339" load-source="patent-office" sequence="1" format="original"><addressbook><last-name>RAETHER, ROMAN BENEDIKT</last-name><address><street>Carl-Schalk-Str. 27</street><city>67346 Speyer</city><country>DE</country></address></addressbook></inventor><inventor mxw-id="PPAR918153899" load-source="docdb" sequence="2" format="epo"><addressbook><last-name>BRAND FABIEN JEAN</last-name><address><country>FR</country></address></addressbook></inventor><inventor mxw-id="PPAR918159555" load-source="docdb" sequence="2" format="intermediate"><addressbook><last-name>BRAND, FABIEN JEAN</last-name></addressbook></inventor><inventor mxw-id="PPAR918980858" load-source="patent-office" sequence="2" format="original"><addressbook><last-name>BRAND, FABIEN JEAN</last-name><address><street>12 rue des Boulangers</street><city>F-68330 Huningue</city><country>FR</country></address></addressbook></inventor></inventors><agents><agent mxw-id="PPAR918981387" load-source="patent-office" sequence="1" format="original"><addressbook><last-name>Ellwanger, Arndt</last-name><iid>101343839</iid><address><street>Ellwanger &amp; Baier Patentanwälte Partnerschaftsgesellschaft Friedrichsplatz 9</street><city>68165 Mannheim</city><country>DE</country></address></addressbook></agent></agents></parties><international-convention-data><pct-or-regional-filing-data ucid="EP-2012051607-W"><document-id><country>EP</country><doc-number>2012051607</doc-number><kind>W</kind><date>20120131</date><lang>DE</lang></document-id></pct-or-regional-filing-data><pct-or-regional-publishing-data ucid="WO-2012113617-A1"><document-id><country>WO</country><doc-number>2012113617</doc-number><kind>A1</kind><date>20120830</date><lang>DE</lang></document-id></pct-or-regional-publishing-data><designated-states><ep-contracting-states><country mxw-id="DS548836372" load-source="docdb">AL</country><country mxw-id="DS548933102" load-source="docdb">AT</country><country mxw-id="DS548836373" load-source="docdb">BE</country><country mxw-id="DS548864359" load-source="docdb">BG</country><country mxw-id="DS548924690" load-source="docdb">CH</country><country mxw-id="DS548922642" load-source="docdb">CY</country><country mxw-id="DS548922643" load-source="docdb">CZ</country><country mxw-id="DS548926961" load-source="docdb">DE</country><country mxw-id="DS548836374" load-source="docdb">DK</country><country mxw-id="DS548836375" load-source="docdb">EE</country><country mxw-id="DS548911360" load-source="docdb">ES</country><country mxw-id="DS548864360" load-source="docdb">FI</country><country mxw-id="DS548864361" load-source="docdb">FR</country><country mxw-id="DS548926962" load-source="docdb">GB</country><country mxw-id="DS548836376" load-source="docdb">GR</country><country mxw-id="DS548926963" load-source="docdb">HR</country><country mxw-id="DS548922644" load-source="docdb">HU</country><country mxw-id="DS548924691" load-source="docdb">IE</country><country mxw-id="DS548836377" load-source="docdb">IS</country><country mxw-id="DS548864362" load-source="docdb">IT</country><country mxw-id="DS548836378" load-source="docdb">LI</country><country mxw-id="DS548926964" load-source="docdb">LT</country><country mxw-id="DS548933103" load-source="docdb">LU</country><country mxw-id="DS548864363" load-source="docdb">LV</country><country mxw-id="DS548926965" load-source="docdb">MC</country><country mxw-id="DS548933104" load-source="docdb">MK</country><country mxw-id="DS548933105" load-source="docdb">MT</country><country mxw-id="DS548933106" load-source="docdb">NL</country><country mxw-id="DS548922645" load-source="docdb">NO</country><country mxw-id="DS548933107" load-source="docdb">PL</country><country mxw-id="DS548836379" load-source="docdb">PT</country><country mxw-id="DS548815193" load-source="docdb">RO</country><country mxw-id="DS548836380" load-source="docdb">RS</country><country mxw-id="DS548933108" load-source="docdb">SE</country><country mxw-id="DS548926966" load-source="docdb">SI</country><country mxw-id="DS548922650" load-source="docdb">SK</country><country mxw-id="DS548922651" load-source="docdb">SM</country><country mxw-id="DS548911361" load-source="docdb">TR</country></ep-contracting-states></designated-states></international-convention-data><office-specific-data><eptags><ep-no-a-document-published>*</ep-no-a-document-published></eptags></office-specific-data></bibliographic-data><abstract mxw-id="PA99625959" ref-ucid="WO-2012113617-A1" lang="DE" load-source="patent-office"><p num="0000">Die vorliegende Erfindung betrifft ein Polymer und das zugehörige Polymerisationsverfahren sowie die Verwendung der erfindungsgemäßen Polymere beispielsweise als Schaumdämpfer, zur Dispersion von Feststoffen oder als Tensid für Wasch- oder Reinigungszwecke. Das Polymer wird hergestellt durch Polymerisation von a) mindestens einem Alkylenoxid oder einem cyclischen Carbonat der Formel (I) wobei n gleich 1 bis 10 ist, m gleich 0 bis 3 ist und R<sup>1</sup> gleich C<sub>1</sub>-C<sub>10</sub>-Alkyl, C<sub>2</sub>-C<sub>10</sub>-Alkenyl, Aryl oder Aralkyl ist, b) Glycerincarbonat und c) mindestens einem Amin.</p></abstract><abstract mxw-id="PA99824478" ref-ucid="WO-2012113617-A1" lang="DE" source="national office" load-source="docdb"><p>Die vorliegende Erfindung betrifft ein Polymer und das zugehörige Polymerisationsverfahren sowie die Verwendung der erfindungsgemäßen Polymere beispielsweise als Schaumdämpfer, zur Dispersion von Feststoffen oder als Tensid für Wasch- oder Reinigungszwecke. Das Polymer wird hergestellt durch Polymerisation von a) mindestens einem Alkylenoxid oder einem cyclischen Carbonat der Formel (I) wobei n gleich 1 bis 10 ist, m gleich 0 bis 3 ist und R1 gleich C1-C10-Alkyl, C2-C10-Alkenyl, Aryl oder Aralkyl ist, b) Glycerincarbonat und c) mindestens einem Amin.</p></abstract><abstract mxw-id="PA99625960" ref-ucid="WO-2012113617-A1" lang="EN" load-source="patent-office"><p num="0000">The present invention relates to a polymer and the associated polymerization method and to the use of the polymers according to the invention as, for example, foam dampeners for the dispersion of solids or as a surfactant for washing or cleaning purposes. The polymer is produced by polymerization of a) at least one alkylene oxide or a cyclic carbonate of formula (I), in which n is equal to 1 to 10, m is equal to 0 to 3 and R<sup>1</sup> is equal to C<sub>1</sub>-C<sub>10</sub>-alkyl, C<sub>2</sub>-C<sub>10</sub>-alkenyl, aryl or aralkyl, b) glycerin carbonate, and c) at least one amine.</p></abstract><abstract mxw-id="PA99824479" ref-ucid="WO-2012113617-A1" lang="EN" source="national office" load-source="docdb"><p>The present invention relates to a polymer and the associated polymerization method and to the use of the polymers according to the invention as, for example, foam dampeners for the dispersion of solids or as a surfactant for washing or cleaning purposes. The polymer is produced by polymerization of a) at least one alkylene oxide or a cyclic carbonate of formula (I), in which n is equal to 1 to 10, m is equal to 0 to 3 and R1 is equal to C1-C10-alkyl, C2-C10-alkenyl, aryl or aralkyl, b) glycerin carbonate, and c) at least one amine.</p></abstract><abstract mxw-id="PA99625961" ref-ucid="WO-2012113617-A1" lang="FR" load-source="patent-office"><p num="0000">L'invention concerne un polymère et un procédé de polymérisation associé ainsi que l'utilisation des polymères selon l'invention, par exemple, comme agent antimousse, agent de dispersion de matières solides ou tensioactif pour des applications de lavage ou de nettoyage. Le polymère est obtenu par polymérisation de a) au moins un oxyde d'alkylène ou au moins un carbonate cyclique de formule (I), n représentant un chiffre de 1 à 10, m représentant un chiffre de 0 à 3 et R<sup>1</sup> signifiant alkyle C<sub>1</sub>-C<sub>10</sub>, alcényle C<sub>2</sub>-C<sub>10</sub>, aryle ou aralkyle, b) carbonate de glycérine et c) au moins une amine.</p></abstract><abstract mxw-id="PA99824480" ref-ucid="WO-2012113617-A1" lang="FR" source="national office" load-source="docdb"><p>L'invention concerne un polymère et un procédé de polymérisation associé ainsi que l'utilisation des polymères selon l'invention, par exemple, comme agent antimousse, agent de dispersion de matières solides ou tensioactif pour des applications de lavage ou de nettoyage. Le polymère est obtenu par polymérisation de a) au moins un oxyde d'alkylène ou au moins un carbonate cyclique de formule (I), n représentant un chiffre de 1 à 10, m représentant un chiffre de 0 à 3 et R1 signifiant alkyle C1-C10, alcényle C2-C10, aryle ou aralkyle, b) carbonate de glycérine et c) au moins une amine.</p></abstract><description mxw-id="PDES50931456" ref-ucid="WO-2012113617-A1" lang="DE" load-source="patent-office"><!-- EPO <DP n="2"/>--><p id="p0001" num="0001"> Polymere basierend auf Glycerincarbonat und einem Amin Beschreibung Die vorliegende Erfindung betrifft ein Polymer und das zugehörige Polymerisationsverfahren sowie die Verwendung der erfindungsgemäßen Polymere beispielsweise als Emulgator, als Schaumregulierer, als Schaumverstärker, als Schaumdämpfer, zur Dispersion von Feststoffen, als Netzmittel für harte Oberflächen oder als Tensid für Wasch- oder Reinigungszwecke. Die erfindungsgemäßen Polymere basieren auf Glycerincarbonat und einem Amin. Als Comonomer wird mindestens ein Alkylenoxid wie Ethylenoxid oder Propylenoxid oder ein cyclisches Carbonat der nachfolgend definierten Formel (I), wie Ethylencarbonat oder Propylencarbonat, eingesetzt. </p><p id="p0002" num="0002">Glycerincarbonat stellt eine Grundchemikalie mit einem breiten Anwendungsgebiet dar. So kann es beispielsweise mit Anhydriden unter Ausbildung von Esterbindungen oder mit Isocyanaten unter Ausbildung von Urethanbindungen reagieren. Weiterhin findet Glycerincarbonat Verwendung als Lösungsmittel in Kosmetika oder in der Medizin. Glycerincarbonat eignet sich aufgrund seiner niedrigen Toxizität, seiner niedrigen Verdampfungsrate, seiner niedrigen Flammbarkeit und seiner feuchtigkeitsspendenden Eigenschaften als Benetzungsmittel von kosmetischen Materialien oder als Trägerlösungsmittel für medizinisch wirksame Substanzen. Weiterhin kann Glycerincarbonat auch als Edukt in der Polymerherstellung verwendet werden. Alternativ zu Glycerincarbonat kann bei der Polymerherstellung auch Epichlorhydrin, Glycidol oder Glycerin eingesetzt werden, wobei in Abhängigkeit von diesen als Edukt eingesetzten Glycerin-Derivaten die dadurch hergestellten Oligomeren- oder Polymeren-Strukturen variiert werden können. </p><p id="p0003" num="0003">US-A 5,041 ,688 betrifft ein Verfahren zur Herstellung von Polyglycerinen, die einen niedrigen Anteil an cyclischen Produkten aufweisen, wobei Glycerin mit Epichlorhydrin in Gegenwart einer Säure wie Phosphorsäure zur Reaktion gebracht wird und eine nachfolgende Veresterung mit längerkettigen Carbonsäuren ausgeführt wird. </p><p id="p0004" num="0004">Probleme beim vorstehend beschriebenen Polymerisationsverfahren sind aber der niedrige Kondensationsgrad, die breite Molekulargewichtsverteilung und die schwarze, teerartige Konsistenz des Produktes, welche durch hohe thermische Belastungen bei der Kondensation des Glycerins verursacht wird. </p><p id="p0005" num="0005">Diese Probleme konnten zumindest teilweise durch die Verwendung von Glycidol gemäß DE-A 199 47 631 und EP-A 1785410 anstelle von Glycerin bzw. Epichlorhydrin überwunden werden. Andererseits ist die Verwendung von Glycidol aufgrund dessen 
<!-- EPO <DP n="3"/>-->
 karzinogene Eigenschaften und dessen hoher Labilität mit zusätzlichen Problemen verbunden. </p><p id="p0006" num="0006">DE-A 199 47 631 betrifft ein Verfahren zur Herstellung von Polyolen auf Glycidolbasis mit einem Polymerisationsgrad von 1 bis 300, einer Polydispersität &lt; 1 ,7 und einem Gehalt an verzweigten Einheiten von bis zu ca. 30 % (bestimmt durch <sup>13</sup>C-NMR- Spektroskopie). In dem zugehörigen Verfahren wird eine Lösung, enthaltend Glycidol in verdünnter Form, mit einer wasserstoffaktiven Starterverbindung unter basischer Katalyse umgesetzt. Ein weiteres Verfahren zur Herstellung von Polymeren auf Glycidolbasis ist in US-A 4,298,764 beschrieben, wodurch langkettige n- Alkylglyceryletheralkohole mit einer n-Alkylkettenlänge von 10 bis 20 hergestellt werden können. </p><p id="p0007" num="0007">EP-A 1 785 410 betrifft unverzweigte Polyglycerinmonoether, die durch basische Katalyse aus einem Alkohol mit bis zu 30 Kohlenstoffatomen und Glycidol hergestellt werden. Die dabei hergestellten Polyglycerinmonoether weisen mindestens zwei Fragmente auf, die auf Glycerin- bzw. Glycidol-Bausteinen basieren. Der Polyglycerinmonoether weist einen Monoetheranteil von mindestens 75 % und einen Dietheranteil von höchstens 5 % auf, wobei die jeweiligen Anteile über Umkehrphasen-Hochleistungs- flüssigkeitschromatographie (RP-HPLC) bestimmt werden. </p><p id="p0008" num="0008">Als Alternative zum Edukt Glycidol ist zur Darstellung von Oligoglycerinen über eine basenkatalytische Polymerisation das leicht aus Glycerin zugängliche Glycerincarbonat (4-(Hydroxymethyl)-1 ,3-dioxolan-2-on) vorgeschlagen worden. So offenbart G. Rokicki et al., Green Chemistry, 2005, 7, Seiten 529 bis 539 ein Verfahren zur Herstellung von hyperverzweigten aliphatischen Polyethern, die erhältlich sind unter Verwendung von Glycerincarbonat als Monomeren. Die hyperverzweigten aliphatischen Polyether weisen zudem terminale Einheiten mit zwei primären Hydroxygruppen auf. Die Ring- Öffnungspolymerisation von Glycerincarbonat wird basenkatalytisch unter Verwendung von Alkoxiden durchgeführt. </p><p id="p0009" num="0009">Sinngemäße Verfahren zur Herstellung amphiphiler Glycerin- oder Polyglycerin- monoalkylether unter Verwendung von Glycerincarbonat als Edukt werden in JP-A 2000 1 1 19 205 oder JP-A 11 335 313 beschrieben. Teilweise können auch langkettige Starteralkohole mit Alkylresten von bis zu 24 Kohlenstoffatomen eingesetzt werden. </p><p id="p0010" num="0010">WO 2010/012562 betrifft ein katalytisches Verfahren zur Polymerisierung von cycli- schen Carbonaten, die aus erneuerbaren Quellen erhalten werden. Die Ringgröße der cyclischen Carbonate liegt zwischen 5 und 7 Atomen, wobei eine Ringöffnung- Polymerisation in Gegenwart eines Systems umfassend ein Metallsalz wie Triflat und 
<!-- EPO <DP n="4"/>-->
 einem Alkohol durchgeführt wird. Als cyclisches Carbonat kann auch Glycerincarbonat eingesetzt werden. Die dabei erhaltenen Polymere weisen Kohlensäureester- Bausteine auf, d.h. die Polymerisation erfolgt ohne C0<sub>2</sub>-Abspaltung, da sie in Gegenwart des Metallsalzes durchgeführt wird, das als saurer Katalysator fungiert. </p><p id="p0011" num="0011">DE-A 44 33 959 betrifft ein schäumendes Detergenzgemisch mit einem verbesserten Schaumverhalten, das Alkyl- und Alkylenoligoglykosidglycerinether sowie anionische, nicht-ionische, kationische und/oder amphotere bzw. zwitterionische Tenside umfasst. Die in den Detergenzgemischen enthaltenen Alkyl- und/oder Alkenyloligoglykosidglycerinether werden hergestellt durch Veretherung von Alkyl- und/oder Alkenyloligoglykosiden mit Glyceringlycin, Glycerincarbonat oder direkt mit Glycerin und/oder technischen Oligoglyceringemischen. Sinngemäße Alkyl- und/oder Alkenyloligoglykosidglycerinether werden in DE-A 43 35 947 offenbart. N. Kihara et al. (Journal of Polymer Science: Part A: Polymer Chemistry, Band 31 (1993); Seiten 2765-2773) offenbaren ein Herstellungsverfahren für Polyhydroxyurethane mit einem Molekulargewicht M<sub>n</sub> von 20.000 bis 30.000, wobei über eine Polyaddition Verbindungen, die zwei cyclische Carbonatfragmente aufweisen, mit Diaminen wie Hexamethylendiamin bei 70 bis 100 °C über 24 h umgesetzt werden. Weiterhin wird beschrieben, dass cyclische Carbonate mit einer Ringgröße von 5 auf einfache Weise bei Raumtemperatur mit primären aliphatischen Aminen zu 2-Hydroxyethylurethanen umgesetzt werden können. Die entsprechenden Umsetzungen der cyclischen Carbonate mit Alkoholen oder Carbonsäuren sowie die Aminolyse der Ester finden unter diesen Reaktionsbedingungen jedoch nicht statt. </p><p id="p0012" num="0012">Die gleichzeitige Verwendung von Glycerincarbonat und einem Comonomeren, umfassend Alkylenoxid und/oder ein von Glycerincarbonat verschiedenes cyclisches Carbonat wie Ethylencarbonat, zur Herstellung von Polymeren ist noch nicht beschrieben worden. </p><p id="p0013" num="0013">Die der vorliegenden Erfindung zugrundeliegende Aufgabe besteht somit in der Bereitstellung von weiteren Polymeren basierend auf Glycerincarbonat sowie einem zugehörigen Polymerisationsverfahren. Gelöst wird die Aufgabe durch die erfindungsgemäßen Polymere hergestellt durch Polymerisation von a) mindestens einem Alkylenoxid oder einem cyclischen Carbonat der Formel (I) 
<!-- EPO <DP n="5"/>-->
 
<img id="imgf000005_0001" he="27" wi="47" file="imgf000005_0001.tif" img-format="tif" img-content="drawing" orientation="portrait" inline="no"/>
 </p><p id="p0014" num="0014"> wobei </p><p id="p0015" num="0015"> n gleich 1 bis 10 ist, </p><p id="p0016" num="0016"> m gleich 0 bis 3 ist und </p><p id="p0017" num="0017"> R<sup>1</sup>gleich C Ci<sub>0</sub>-Alkyl, C<sub>2</sub>-Ci<sub>0</sub>-Alkenyl, Aryl oder Aralkyl ist, b) Glycerincarbonat und c) mindestens einem Amin. </p><p id="p0018" num="0018">Die erfindungsgemäßen Polymere zeichnen sich dadurch aus, dass sie sowohl lineare als auch verzweigte Strukturen aufweisen können. In Abhängigkeit von den gewählten Polymerisationsbedingungen (z.B. Temperatur) und/oder der eingesetzten Monomeren (Edukten), können Polymere mit unterschiedlichen Strukturen - beispielsweise unter- schiedliche Verzweigungsgrade - und folglich variablen Anwendungsprofilen hergestellt werden. </p><p id="p0019" num="0019">Aufgrund der Verwendung von Glycerincarbonat als Monomer verfügen die erfindungsgemäßen Polymere über eine erhöhte Anzahl an freien OH-Funktionen. Jedes eingebaute Glycerincarbonat-Monomer bewirkt eine zusätzliche potentielle Verknüpfungsstelle im Polymer, wodurch der Verzweigungsgrad gesteuert werden kann. Durch die freien OH-Funktionen werden eine Erhöhung der Wasserlöslichkeit, eine Verbesserung der Salzverträglichkeit (größere Salztoleranz) sowie höhere Trübungspunkte erzielt. </p><p id="p0020" num="0020">Ein weiterer Vorteil ist darin zu sehen, dass aufgrund der eingesetzten Edukte bzw. der Polymerisationsbedingungen Polymere hergestellt werden, die - bezogen auf das einpolymerisierte Amin (Starteramin) - keine hydrolyseanfälligen Esterbindungen aufweisen. Die erfindungsgemäßen Polymere weisen somit eine verbesserte pH-Stabilität gegenüber konventionellen Polymeren auf, in denen der Hydrophob- und der Hydrophilteil des amphiphilen Moleküles über eine Esterbindung miteinander verknüpft sind. Die erfindungsgemäßen Polymere sind vorzugsweise amphiphil. </p><p id="p0021" num="0021">Die Verwendung von Glycerincarbonat anstelle von Glycidol als Monomer bei der Polymerisierung ist zudem mit dem Vorteil verbunden, dass Glycerincarbonat eine leicht handhabbare und untoxische Verbindung darstellt, das leicht einpolymerisiert 
<!-- EPO <DP n="6"/>-->
 werden kann. Im Gegensatz dazu ist Glycidol (wie vorstehend bereits beschrieben) eine sehr gefährliche Substanz, die toxisch und teuer ist und für die außerdem in vielen Ländern eine amtliche Betriebsgenehmigung erforderlich ist. Weiterhin sind bei der Verwendung von Glycerincarbonat keine Schutzgruppen erforderlich. Zudem kann der Verzweigungsgrad der erfindungsgemäßen Polymere durch die Verwendung von Glycerincarbonat auf sehr einfache Weise gesteuert werden, wodurch eine Vielfalt von Polymeren mit unterschiedlichen Verwendungszwecken hergestellt werden können. </p><p id="p0022" num="0022">Im Rahmen der vorliegenden Erfindung bedeuten Definitionen wie d-Cio-Alkyl, wie beispielsweise vorstehend für den Rest R<sup>1</sup> in Formel (I) definiert, dass dieser Substi- tuent (Rest) ein Alkylrest mit einer Kohlenstoffatomanzahl von 1 bis 10 ist. Der Alkylrest kann linear als auch verzweigt sowie gegebenenfalls zyklisch sein. Alkylreste, die sowohl einen zyklische als auch eine lineare Komponente aufweisen, fallen ebenfalls unter diese Definition. Gleiches gilt auch für andere Alkylreste, wie beispielsweise ein CrC<sub>3</sub>-Alkylrest oder ein CrC<sub>30</sub>-Alkylrest. Gegebenenfalls können die Alkylreste auch mit funktionellen Gruppen wie Amino, Amido, Ether, Vinylether, Isoprenyl, Hydroxy, Mercapto, Carboxyl, Halogen, Aryl oder Heteroaryl einfach oder mehrfach substituiert sein. Soweit nicht anders angegeben, weisen die Alkylreste vorzugsweise keine funktionellen Gruppen als Substituenten auf. Beispiele für Alkylreste sind Methyl, Ethyl, n- Propyl, sek-Propyl, n-Butyl, sek-Butyl, iso-Butyl, 2-Ethylhexyl, tertiär-Butyl (tert-Bu/t- Bu), Pentyl, Hexyl, Heptyl, Cyklohexyl, Octyl, Nonyl oder Decyl. </p><p id="p0023" num="0023">Im Rahmen der vorliegenden Erfindung bedeuten Definitionen wie C<sub>2</sub>-Ci<sub>0</sub>-Alkenyl, wie beispielsweise vorstehend für den Rest R<sup>1</sup> in Formel (I) definiert, dass dieser Substi- tuent (Rest) ein Alkenylrest mit einer Kohlenstoffatomanzahl von 2 bis 10 ist. Dieser Kohlenstoffrest ist vorzugsweise einfach ungesättigt, gegebenenfalls kann er aber auch zwei- oder mehrfach ungesättigt sein. Hinsichtlich Linearität, Verzweigungen, zyklischer Anteile sowie gegebenenfalls vorhandenen Substitutenten gelten die sinngemäßen Angaben wie vorstehend anhand der C Cio-Alkyl-Reste definiert. Vorzugsweise ist C<sub>2</sub>-Ci<sub>0</sub>-Alkenyl im Rahmen der vorliegenden Erfindung Vinyl, 1-Allyl, 3-Allyl, 2-Allyl, eis- oder trans-2-Butenyl, ω-Butenyl. </p><p id="p0024" num="0024">Im Rahmen der vorliegenden Erfindung bedeutet der Begriff „Aryl", wie beispielsweise vorstehend für den Rest R<sup>1</sup> in Formel (I) definiert, dass der Substituent (Rest) ein Aro- mat ist. Bei dem Aromat kann es sich um einen monozyklischen, bizyklischen oder gegebenenfalls polyzyklischen Aromaten handeln. Im Fall von polyzyklischen Aroma- ten können gegebenenfalls einzelne Zyklen ganz oder teilweise gesättigt sein. Bevorzugte Beispiele für Aryl sind Phenyl, Naphthyl oder Anthracyl, insbesondere Phenyl. Gegebenenfalls kann der Aryl-Rest auch mit funktionellen Gruppen einfach oder mehr- fach substituiert sein, wie vorstehend für C Cio-Alkyl definiert. 
<!-- EPO <DP n="7"/>-->
 Im Rahmen der vorliegenden Erfindung bedeutet der Begriff Aralkyl, wie beispielsweise vorstehend für den Rest R<sup>1</sup> in Formel (I) definiert, dass ein Alkyl-Rest (Alkylen) wiederum mit einem Arylrest substituiert ist. Bei dem Alkylrest kann es sich beispielsweise um einen C Cio-Alkylrest gemäß den vorstehenden Definitionen handeln. </p><p id="p0025" num="0025">In der vorstehenden Formel (I) kann der Rest R<sup>1</sup> einfach (m=1) oder mehrfach (m=2 oder 3) vorhanden sein. Der Rest R<sup>1</sup> kann dabei an beliebigen Kohlenstoffatomen des zyklischen Carbonats - entsprechend seiner Häufigkeit - ein oder mehrere Wasser- stoffatome ersetzen. Sofern mehrere Reste R<sup>1</sup> vorhanden sind, könne diese am gleichen Kohlenstoffatom oder an verschiedenen Kohlenstoffatomen angebracht sein. Für m=0 ist das entsprechende zyklische Carbonat unsubstituiert. </p><p id="p0026" num="0026">Nachfolgend wird die vorliegende Erfindung weiter präzisiert. </p><p id="p0027" num="0027">Gegenstand der vorliegenden Erfindung ist zunächst ein Polymer hergestellt durch Polymerisation von a) mindestens einem Alkylenoxid oder einem cyclischen Carbonat der Formel (I) </p><p id="p0028" num="0028"><img id="imgf000007_0001" he="27" wi="46" file="imgf000007_0001.tif" img-format="tif" img-content="drawing" orientation="portrait" inline="no"/>
 wobei </p><p id="p0029" num="0029"> n gleich 1 bis 10 ist, </p><p id="p0030" num="0030"> m gleich 0 bis 3 ist und </p><p id="p0031" num="0031"> R<sup>1</sup>gleich C Ci<sub>0</sub>-Alkyl, C<sub>2</sub>-Ci<sub>0</sub>-Alkenyl, Aryl oder Aralkyl ist, b) Glycerincarbonat und c) mindestens einem Amin. </p><p id="p0032" num="0032">Die erfindungsgemäßen Polymere werden also hergestellt durch Polymerisation der vorstehend definierten Komponenten a) bis c). Polymerisationsverfahren als solche sind dem Fachmann bekannt, sie werden im nachfolgenden Text bezüglich des erfin- dungsgemäßen Polymerisationsverfahrens näher definiert. 
<!-- EPO <DP n="8"/>-->
 Als Komponente a) wird mindestens ein Alkylenoxid oder ein cyclisches Carbonat der vorstehend definierten Formel (I) verwendet. Als Komponente a) können auch Gemische von 2 oder mehreren Alkylenoxiden und/oder cyclischen Carbonaten gemäß Formel (I) eingesetzt werden. Vorzugsweise enthält die Komponente a) ein Alkylenoxid oder ein cyclisches Carbonat gemäß Formel (I). </p><p id="p0033" num="0033">Alkylenoxide als solche sowie Verbindungen, die unter die Formel (I) fallen, sind dem Fachmann prinzipiell bekannt. Sofern vorhanden ist der Rest R<sup>1</sup> gemäß Formel (I) vorzugsweise unsubstituiert, insbesondere unsubstituiertes d-Cio-Alkyl. Besonders be- vorzugt ist R<sup>1</sup> Methyl, Ethyl oder Propyl. Vorzugsweise ist m gleich 0 oder 1 , insbesondere m gleich 0. Vorzugsweise ist n gleich 2 oder 3. </p><p id="p0034" num="0034">Vorzugsweise ist die Komponente a) ein Alkylenoxid, das ein Monomer umfasst, das ausgewählt ist aus Ethylenoxid, Propylenoxid, 1-Butenoxid, 2-Butenoxid, 1-Pentenoxid, Styroloxid, Epichlorhydrin, Glycidol, Epoxypropionsäure und deren Salze, Epoxypropionsäurealkylester, 1 -Hexenoxid, 1-Heptenoxid, 1-Octenoxid, 1-Nonenoxid, 1-Decenoxid, 1-Undecenoxid oder 1-Dodecenoxid. Weiterhin ist es bevorzugt, dass die Komponente a) ein cyclisches Carbonat der Formel (I) ist, ausgewählt aus Ethylencarbonat oder Propylencarbonat. Beispiele für Epoxypropionsäurealkylester sind die entsprechenden Methyl-oder Ethylester sowie höhere Ester. </p><p id="p0035" num="0035">Besonders bevorzugt ist die Komponente a) mindestens ein Alkylenoxid, insbesondere Ethylenoxid und/oder Propylenoxid. Als Komponente b) wird Glycerincarbonat verwendet. Glycerincarbonat sowie Verfahren zu dessen Herstellung sind dem Fachmann bekannt. Vorzugsweise wird Glycerincarbonat aus Glycerin hergestellt. </p><p id="p0036" num="0036">Als Komponente c) wird mindestens ein Amin verwendet. </p><p id="p0037" num="0037">Als Amine können alle dem Fachmann bekannten primären oder sekundären Amine sowie Ammoniak verwendet werden. Die primären oder sekundären Amine können unabhängig voneinander acyclisch, cyclisch, gesättigt oder ungesättigt, sowie aliphatisch, araliphatisch oder aromatisch sein. Beispielsweise enthält das Amin eine Ami- nogruppe (NH<sub>2</sub>-Gruppe, bzw. NH<sub>2</sub>-Funktion), gegebenenfalls können aber auch Amine mit zwei oder mehreren NH<sub>2</sub>-Gruppen eingesetzt werden. Die Aminogruppen können wiederum einfach oder mehrfach substituiert sein, wobei die Substituenten gegebenenfalls weitere funktionelle Gruppen wie eine Hydroxygruppe (OH-Gruppe bzw. OH- Funktion) enthalten können. 
<!-- EPO <DP n="9"/>-->
 Bevorzugte Amine sind Polyethylenimine (kommerziell erhältlich beispielsweise unter der Bezeichnung Lupasol<sup>®</sup>, BASF SE, Ludwigshafen, Deutschland) mit Molekulargewichten von 500 bis 1.000.000 g/mol, lineare oder verzweigte Alkylamine, wie Mono- methylamin, Monoethylamin, Μοηο-2-propylamin, Hexylamin, 2-Ethylhexylamin, 2- Propylheptylamin, Decylamin, Dodecylamin, Tridecylamin, Dimethylamin, Diethylamin, Dibutylamin, Dihexylamin, Di(2-ethylhexyl)amin oder Di(tridecyl)amin. </p><p id="p0038" num="0038">Weitere bevorzugte Amine sind ethergruppenhaltige Alkylamine, wie 3- Methoxypropylamin, 2-Ethoxyethylamin, 3-Ethoxypropylamin oder 3-(2- Ethylhexyloxy)propylamin, Polyetheramine wie die kommerziell erhältlichen Polyetheramine D230, D400 sowie D2000 (BASF SE) oder Polytetrahydrofuranamin 1700, Polyetheramin T403 und T5000 (BASF SE). </p><p id="p0039" num="0039">Weiterhin bevorzugte Amine sind Amine mit zyklischen gesättigten Substituenten oder Anilin und dessen Derivate, Ethylendiamin, 1 ,3-Dipropandiamin, 1 ,2-Propandiamin, Neopentandiamin, Hexamethylendiamin, Octamethylendiamin, Isophorondiamin, 4,4<sup>'</sup>- Diaminodicyclohexylmethan, 3,3<sup>'</sup>-Dimethyl-4,4<sup>'</sup>-Diaminodicyclohexylmethan, 4,4<sup>'</sup>- Diaminodiphenylmethan, 4,9-Dioxadodecan-1 ,12-diamin, 4,7, 10-Trioxatridecan-1 , 13- diamin, 3-(Methylamino)propylamin, 3-(Cyclohexylamino)propylamin, 2- (Diethylamino)ethylamin, 3-(Dimethylamino)propylamin, 3-(Diethylamino)propylamin, Diethylentriamin, Dipropylentriamin, 3-(2-Aminoethyl)aminopropylamin („N3-Amin"), N,N-Bis-(3-Aminopropyl)methylamin, N,N<sup>'</sup>-Bis(3-aminopropyl)ethylendiamin („N4- Amin"), Bis(3-dimethylaminopropyl)amin, Bis(2-dimethylaminoethyl)ether, N-(3- Aminopropyl)-imidazol, Monoethanolamin, 3-Amino-1-propanol, Propan-2-ol-amin („Isopropanolamin"), 5-Amino-1-pentanol, 2-(2-Aminoethoxy)ethanol,</p><p id="p0040" num="0040">Aminoethylethanolamin, N-(2-Hydroxyethyl)-1 ,3-propandiamin, N-Methylethanolamin, N-Ethylethanolamin, N-Butylethanolamin, Diethanolamin, 3-((2-Hydroxyethyl)amino)-1- propanol, Diisopropanolamin, Piperazin, N-Methylpiperazin, N-Ethylpiperazin, 1-(2- Hydroxyethyl)-piperazin oder N-(2-Aminoethyl)piperazin. Des weiteren können Formamid, N-Methylformamid, Dimethylformamid oder N-Methylacetamid verwendet werden, ebenso Harnstoff, Ν,Ν<sup>'</sup>-Dimethylharnstoff, Ethylenharnstoff, N-(2- Hydroxyethyl)-ethylenharnstoff und Sarkosin bzw Sarkosinsalze wie z.B. Sarkosin- Natriumsalz. Besonders bevorzugt ist die Komponente c) ein Amin ausgewählt aus Hexylamin, 2- Ethylhexylamin, 2-Propylheptylamin, Decylamin, Dodecylamin, Tridecylamin oder Polyethylenimine. Letztgenannte sind kommerziell erhältlich beispielsweise unter der Bezeichnung Lupasol® (BASF SE, Ludwigshafen, Deutschland) mit Molekulargewichten von 500 bis 1.000.000 g/mol. 
<!-- EPO <DP n="10"/>-->
 Die Komponenten a) bis c) können in beliebigen Verhältnissen zueinander vorliegen. In einer Ausführungsform der vorliegenden Erfindung wird die Komponente c) vorzugsweise zu 0, 1 bis 80 Gew.-%, insbesondere zu 0,2 bis 65 Gew.-%, eingesetzt (bezogen auf die Gesamtmenge an Komponente a) bis c)). </p><p id="p0041" num="0041">Die erfindungsgemäßen Polymere können nach dem Fachmann bekannten Polymerisationsverfahren hergestellt werden. Vorzugsweise erfolgt die Polymerisation als baseninitiierte Polyaddition und/oder bei der Polymerisation wird eine (weitere) Base eingesetzt. Die Polyaddition und/oder Polymerisation kann aber auch ohne Verwen- dung einer zusätzlichen Base durchgeführt werden. Sofern eine Base eingesetzt wird, handelt es sich dabei um eine Verbindung, die eine höhere Basizität (höheren pH- Wert) aufweist, als das Amin gemäß Komponente c). Folglich können auch Amine als Base im Sinne der vorliegenden Erfindung eingesetzt werden, sofern das entsprechende Amin über eine höhere Basizität verfügt als das Amin gemäß Komponente c). Das Polymerisationsverfahren als solches zur Herstellung der erfindungsgemäßen Polymere wird im nachfolgenden Text noch näher beschrieben. </p><p id="p0042" num="0042">Für Polymerisationsverfahren geeignete Basen sind dem Fachmann bekannt, beispielsweise sind hierfür Alkalimetalle, Alkalihydride, Alkalihydroxide, Alkalialkoholate oder Erdalkalimetalle, Erdalkalihydride, Erdalkalihydroxide oder Erdalkalialkoholate, sowie tertiäre und heteroaromatische Amine einsetzbar. </p><p id="p0043" num="0043">Als Alkalihydroxid oder als Erdalkalihydroxid können alle dem Fachmann bekannten Verbindungen eingesetzt werden. Bevorzugte Alkalihydroxide sind Natriumhydroxid, Kaliumhydroxid oder Cäsiumhydroxid, bevorzugte Erdalkalihydroxide sind Magnesiumhydroxid oder Calciumhydroxid, bevorzugte Alkalialkoholate sind Natriummethanolat, Natrium-t-butylat und Kaliummethanolat sowie Kalium-t-butylat. Bevorzugte Amine (als Base) sind Trimethylamin, Ν,Ν-Dimethylethanolamin und sonstige Ν,Ν-Dimethyl substituierte tertiäre Amine, oder Imidazol und seine Derivate. </p><p id="p0044" num="0044">Bevorzugte Basen sind ausgewählt aus KOH, KOCH<sub>3</sub>, KO(t-Bu), KH, NaOH, NaO(t- Bu), NaOCH<sub>3</sub>, NaH, Na, K, Trimethylamin, Ν,Ν-Dimethylethanolamin, N,N- Dimethylcyclohexylamin und höhere N,N-Dimethylalkylamine, Ν,Ν-Dimethylanilin, N,N- Dimethylbenzylamin, Ν,Ν,Ν',Ν'-Tetramethylethylendiamin, N,N,N',N",N"- Pentamethyldiethylentriamin, Imidazol, N-Methylimidazol, 2-Methylimidazol, 2,2- Dimethylimidazol, 4-Methylimidazol, 2,4,5-Trimethylimidazol und 2-Ethyl-4- methylimidazol. Unter höheren Ν,Ν-Dimethylalkylaminen werden alle Amine verstanden, deren Alkylsubstituent mehr als 6 Kohlenstoffatome aufweist. 
<!-- EPO <DP n="11"/>-->
 Besonders bevorzugte Basen sind KO(t-Bu) (wobei t-Bu für den Rest tertiär-Butyl steht), KOH oder NaOH. </p><p id="p0045" num="0045">Die Base wird vorzugsweise in Mengen von 0,05 Gew.-% bis 20 Gew.-% eingesetzt, bevorzugt wird die Base in einer Menge von 0, 1 bis 10 Gew.-%, insbesondere von 0, 1 bis 1 Gew.-% eingesetzt (jeweils bezogen auf die Menge an Polymer (Produkt)). </p><p id="p0046" num="0046">In einer bevorzugten Ausführungsform der vorliegenden Erfindung wird die Base in gelöster Form eingesetzt. Als Lösungsmittel können alle dem Fachmann bekannten Lösungsmittel verwendet werden, in der sich die entsprechende Base löst. Vorzugsweise wird Wasser als Lösungsmittel für die Base, insbesondere bei Alkalihydroxiden, eingesetzt. Vorzugsweise wird die Base in Mengen von 40 bis 60 Gew.-% (bezogen auf das Lösungsmittel der Base) eingesetzt. Bei dem erfindungsgemäßen Polymer handelt es sich vorzugsweise um ein statisches Copolymer, ein Blockcopolymer, ein Kammpolymer, ein Multiblockcopolymer oder ein Gradientencopolymer. Dies bedeutet, dass - in Abhängigkeit von den gewählten Polymerisationsbedingungen - die zur Polymerisation gebrachten Monomere (Komponenten a) bis c) gemäß den vorstehenden Definitionen) im erfindungsgemäßen Polymer auf unterschiedlicher Art und Weise einpolymerisiert werden können. </p><p id="p0047" num="0047">Vorzugsweise enthält das erfindungsgemäße Polymer eines oder mehrere Fragmente gemäß der nachfolgenden Formel (II) bis (VI) </p><p id="p0048" num="0048"><img id="imgf000011_0001" he="17" wi="56" file="imgf000011_0001.tif" img-format="tif" img-content="drawing" orientation="portrait" inline="no"/></p><p id="p0049" num="0049">(III) </p><p id="p0050" num="0050">R<sup>2</sup> - (A)<sub>n</sub> - (Gly)<sub>m</sub> - (B)p (IV) 
<!-- EPO <DP n="12"/>-->
</p><p id="p0051" num="0051">- (Gly)<sub>s</sub> - (Gly)<sub>m</sub> - (Gly)<sub>t</sub> - I </p><p id="p0052" num="0052"><img id="imgf000012_0001" he="40" wi="63" file="imgf000012_0001.tif" img-format="tif" img-content="drawing" orientation="portrait" inline="no"/></p><p id="p0053" num="0053">R<sup>2</sup> - (Gly)<sub>m</sub> - (A)<sub>n</sub> (VI) </p><p id="p0054" num="0054">wobei A, B und C unabhängig voneinander aus der Komponente a) gebildet werden, Gly aus der Komponente b) gebildet wird, R<sup>2</sup> aus einem Amin gemäß Komponente c) gebildet wird </p><p id="p0055" num="0055">In der Formel (II) weisen n und m unabhängig voneinander Werte zwischen 1 und 1000 und p Werte zwischen 0 und 1000 auf. Sofern B vorhanden ist, werden A und B vorzugsweise aus unterschiedlichen Monomeren der Komponente a) gebildet. In der Formel (III) weisen n, m, p und q unabhängig voneinander Werte zwischen 1 und 1000 auf. </p><p id="p0056" num="0056">In der Formel (IV) weisen n, m und p unabhängig voneinander Werte zwischen 1 und 1000 auf. </p><p id="p0057" num="0057">In der Formel (V) weisen n, m, p, v und y unabhängig voneinander Werte zwischen 1 und 1000 auf und q, s, t, u, w und x unabhängig voneinander Werte zwischen 0 und 1000 auf. In der Formel (VI) weisen m und n unabhängig voneinander Werte zwischen 1 und 1000 auf. </p><p id="p0058" num="0058">Der Vollständigkeit halber wird angemerkt, dass die erfindungsgemäßen Polymere auch mehrere der vorgenannten Fragmente der gleichen Formel enthalten können. So ist es denkbar, dass ein erfindungsgemäßes Polymer zwei Fragmente der Formel (II) 
<!-- EPO <DP n="13"/>-->
 sowie ein Fragment von beispielsweise der Formel (III) umfasst. In den einzelnen Fragmenten können die Variablen wie A oder B unterschiedliche Bedeutung haben. Die Fragmente der Formel (II) bis (VI) können beispielsweise als statisches Copolymer, Blockcopolymer oder sonstige Polymeranordnungen gemäß der Definition der vorlie- genden Erfindung angeordnet sein. Sofern beispielsweise als Komponente a) Ethylenoxid und als Komponente b) Glycerincarbonat verwendet wird, haben in der Formel (II) die Variable A und B die gleiche Bedeutung (Polymerisationsprodukte des Ethylenoxids). Sofern beispielsweise die Polymerisation mit Ethylenoxid und Propylencarbonat als zwei unterschiedliche Komponenten a) durchgeführt wird, haben beispielsweise in Formel (II) die Variablen A und B unterschiedliche Bedeutung. Eine Variable steht dann für polymerisiertes Ethylenoxid, die andere Variable für polymeri- siertes Propylencarbonat. </p><p id="p0059" num="0059">Konkrete Beispiele für Fragmente in den erfindungsgemäßen Polymeren sind weiterhin wie folgt: </p><p id="p0060" num="0060">(EO)n-(Gly)<sub>3</sub>-(EO)<sub>n</sub> (Glycerin-Block) </p><p id="p0061" num="0061">(EO)n/2-(Gly)r(EO)n/2-(Gly)<sub>1</sub>-(EO)<sub>n</sub>/2 (Glycerin statisch verteilt) In diesen Beispielen bedeutet EO einpolymerisiertes Ethylenoxid und Gly bedeutet einpolymerisiertes Glycerincarbonat. </p><p id="p0062" num="0062">Bevorzugte Polymere, die ein oder mehrere Fragmente der Formel (II) enthalten, sind Polymere auf der Basis von Ethylenoxid und Propylenoxid oder von Ethylencarbonat und Propylencarbonat als Komponente a). Besonders bevorzugt sind Polymere, die ein oder mehrere Fragmente der Formel (II) enthalten, oder Polymere auf der Basis von Ethylenoxid oder Ethylencarbonat als Komponente (a). Ganz besonders bevorzugt sind Polymere auf der Basis von Ethylencarbonat als Komponente (a). Diese (Co-)Polymere können vorzugsweise als statistische Copolymere, Blockpolymere, Multiblock- oder Gradientencopolymere vorliegen. Vorzugsweise liegen alle Komponenten eines Fragmentes gemäß der Formel (II) in der gleichen Größenordnung vor, d.h. die molaren Verhältnisse von A, Gly und B betragen von ca. 1 :0,5:0 über 1 :1 : 1 bis 0:0,5: 1. </p><p id="p0063" num="0063">Bevorzugte Polymere, die eines oder mehrere Fragmente der Formel (III) enthalten, sind Copolymere auf Basis von Ethylenoxid und/oder Propylenoxid bzw. Ethylencarbonat und/oder Propylencarbonat, besonders bevorzugt aus Ethylenoxid oder Ethylencarbonat, ganz besonders bevorzugt aus Ethylenoxid, die einen relativ geringen Anteil an aus Glycerincarbonat stammenden Einheiten aufweisen. Vorzugsweise handelt es sich dabei um Blockpolymere, Kammpolymere oder statistische 
<!-- EPO <DP n="14"/>-->
 Polymere. Ein erhöhter Verzweigungsgrad von Polymeren enthaltend Fragmente der Formel (III) kann über einen weiteren Alkoxylierungsschritt durchgeführt werden. </p><p id="p0064" num="0064">Bevorzugte Polymere, die eines oder mehrere Fragmente gemäß der Formel (IV) oder (VI) enthalten, können als blockartige oder statistische Polymere vorliegen, vorzugsweise auf Basis von Propylenoxid, Ethylenoxid, Propylencarbonat und/oder Ethylencarbonat. Besonders bevorzugt können Polymere, die eines oder mehrere Fragmente gemäß der Formel (IV) oder (VI) enthalten, als blockartige oder statistische Polymere vorliegen, vorzugsweise auf Basis von Ethylenoxid, und/oder Ethylencarbonat. Ganz besonders bevorzugt können Polymere, die eines oder mehrere Fragmente gemäß der Formel (IV) oder (VI) enthalten, als blockartige oder statistische Polymere vorliegen, vorzugsweise auf Basis von Ethylenoxid. Der vom eingesetzten Amin (Komponente c)) stammende Rest R<sup>2</sup> ist vorzugsweise ein CrC<sub>50</sub>-Alkylrest. Der Rest R<sup>2</sup> kann darüber hinaus ein- oder mehrfach ungesättigt, aliphatisch, aroma- tisch, ar-aliphatisch oder verzweigt sein oder Heteroatome enthalten. </p><p id="p0065" num="0065">Bevorzugte Polymere, die eines oder mehrere Fragmente gemäß der Formel (V) enthalten, können als blockartige oder statistische Polymere bzw. Kamm- oder Gradientenpolymere vorliegen, vorzugsweise auf Basis von Propylenoxid, Ethylenoxid, Propylencarbonat und/oder Ethylencarbonat. Besonders bevorzugt können Polymere, die eines oder mehrere Fragmente gemäß der Formel (V) enthalten, als blockartige oder statistische Polymere bzw. Kamm- oder Gradientenpolymere vorliegen, vorzugsweise auf Basis von Ethylenoxid, und/oder Ethylencarbonat. Ganz besonders bevorzugt können Polymere, die eines oder mehrere Fragmente gemäß der Formel (V) ent- halten, als blockartige oder statistische Polymere bzw. Kamm- oder Gradientenpolymere vorliegen, vorzugsweise auf Basis von Ethylenoxid. </p><p id="p0066" num="0066">In einer Ausführungsform der vorliegenden Erfindung ist das erfindungsgemäß hergestellte Polymer erhältlich durch Polymerisation von a) mindestens ein Monomer ausgewählt aus Ethylenoxid, Propylenoxid, Ethylencarbonat und Propylencarbonat, b) Glycerincarbonat und c) mindestens einem Amin ausgewählt aus Hexylamin, 2-Ethylhexylamin, 2- Propylheptylamin, Decylamin, Dodecylamin, Tridecylamin, Polyethyleniminen. 
<!-- EPO <DP n="15"/>-->
 Die Polymerisation kann in Gegenwart einer (weiteren) Base und/oder Wasser durchgeführt werden. Die Base ist vorzugsweise KO(t-Bu), KOH oder NaOH. Vorzugsweise werden geringe Mengen an Wasser eingesetzt. Ein weiterer Gegenstand der vorliegenden Erfindung ist ein Verfahren zur Herstellung eines Polymers gemäß den vorstehenden Definitionen. Im erfindungsgemäßen Verfahren werden die Komponenten a) bis c) einer Polymerisation unterzogen. Die jeweiligen Komponenten a) bis c) können einzeln oder gemeinsam sowie vollständig oder schrittweise der Polymerisation unterzogen werden. </p><p id="p0067" num="0067">Das erfindungsgemäße Verfahren wird bei dem Fachmann bekannten Temperaturbereichen für Polymerisationsverfahren durchgeführt, vorzugsweise bei erhöhter Temperatur, beispielsweise bei 80 bis 220 °C. Das erfindungsgemäße Verfahren wird bei Umsetzung von cyclischen Carbonaten (als Komponente a)) vorzugsweise bei erhöhter Temperatur durchgeführt, mehr bevorzugt bei 150° bis 220°C, besonders bevorzugt bei 160 bis 210°C. </p><p id="p0068" num="0068">Das erfindungsgemäße Verfahren wird bei Umsetzung von Alkylenoxiden (als Kompo- nente a)) vorzugsweise bei erhöhter Temperatur durchgeführt, mehr bevorzugt bei 80° bis 220°C, besonders bevorzugt bei 120°C bis 205°C. </p><p id="p0069" num="0069">Das erfindungsgemäße Verfahren kann auch in Gegenwart eines Lösungsmittels durchgeführt werden. Als Lösungsmittel können alle dem Fachmann bekannten Lösungsmittel zur Durchführung von Polymerisationsverfahren eingesetzt werden. Bevorzugte Lösungsmittel sind Toluol, Xylol, Tetrahydrofuran (THF) oder Dioxan. Vorzugsweise wird das Lösungsmittel in Mengen von 20 bis 90 Gew.-%, insbesondere von 30 bis 70 Gew.-% bezogen auf die Gesamtmenge an Komponenten a) bis c) eingesetzt. Vorzugsweise wird im erfindungsgemäßen Verfahren die Polymerisation als baseninitiierte Polyaddition und/oder unter C0<sub>2</sub>-Freisetzung durchgeführt. </p><p id="p0070" num="0070">Das erfindungsgemäße Verfahren kann auch in Gegenwart von Wasser durchgeführt werden, beispielsweise in bis zu 85 Gew.-% an Wasser, bezogen auf die Menge an eingesetztem Amin (Komponente c)). Vorzugsweise wird das erfindungsgemäße Verfahren wasserfrei oder in Gegenwart von geringen Mengen an Wasser durchgeführt, sofern im erfindungsgemäßen Verfahren eine Base eingesetzt wird. Unter geringen Mengen an Wasser werden Wasseranteile von bis zu 5 Gew.-%, bezogen auf die Mengen an eingesetzten Aminen (Komponente c)), verstanden. Sofern im erfindungs- gemäßen Verfahren keine Base eingesetzt wird, ist es vorteilhaft, wenn die Polymeri- 
<!-- EPO <DP n="16"/>-->
 sation in Gegenwart von Wasser durchgeführt wird, beispielsweise in Mengen von 0, 1 bis 60 Gew.-% an Wasser, bezogen auf die Menge an eingesetztem Amin (Komponente c)). Sofern im erfindungsgemäßen Verfahren Wasser entfernt wird, erfolgt dies beispielsweise durch Destillation, vorzugsweise vor der Polymerisation. Das zu entfernen- de Wasser ist vorzugsweise Wasser, das als Lösungsmittel für die Base verwendet wird oder Wasser, das beim Deprotonieren des Amins durch die Base freigesetzt wird. </p><p id="p0071" num="0071">Weiterhin ist es bevorzugt, das erfindungsgemäße Verfahren so durchzuführen, dass es die folgenden Schritte umfasst a) Vorlegen des Amins (Komponente c) mit einer Base, gegebenenfalls in Anwesenheit geringer Mengen von Wasser, </p><p id="p0072" num="0072">b) Zudosieren der übrigen Monomeren (Komponenten a) und b)) </p><p id="p0073" num="0073">c) Rühren des Reaktionsgemisches unter Inertgas bis zur Druckkonstanz und d) gegebenenfalls Neutralisierung des Produktes nach Beendigung der Polymerisation durch Behandlung mit einem sauren Ionenaustauscher oder einer Säure, vorzugsweise Phosphorsäure. </p><p id="p0074" num="0074">Weiterhin ist es möglich, einzelne oder mehrere Monomere in mehreren Teilmengen zuzugeben. Bei der Neutralisierung gemäß Schritt d) wird vorzugsweise Ambosol als saurer Ionenaustauscher eingesetzt. </p><p id="p0075" num="0075">Weiterhin ist es möglich, dass das Amin (Komponente c)) zuerst mit der Komponente a), insbesondere mit Ethylenoxid, und anschließend mit Glycerincarbonat (Komponen- te b)) polymerisiert wird. Ebenso ist es möglich, dass das Amin (Komponente c)) zuerst mit Glycerincarbonat (Komponente b)) und anschließend mit der Komponente a), insbesondere mit Ethylenoxid, polymerisiert wird. </p><p id="p0076" num="0076">Ein weiterer Gegenstand der vorliegenden Erfindung ist die Verwendung der vorste- hend definierten erfindungsgemäßen Polymere als Schaumdämpfer; als Schaumregu- lierer; als Schaumverstärker; als Dispersionsmittel; als Emulgator, insbesondere in der Emulsionspolymerisation; als Netzmittel, insbesondere für harte Oberflächen; als Schmiermittel; zur Dispersion von Feststoffen, insbesondere für Zement zur Betonverflüssigung; zur Verdickung wässriger Lösungen; als Träger- oder Füllmaterial für phar- mazeutische Zubereitungen; als Tensid für Wasch- oder Reinigungszwecke; als Tensid zur Reinigung harter Oberflächen; als Feuchthaltemittel; in kosmetischen, pharmazeutischen oder Pflanzenschutzformulierungen; als Adjuvants oder Solubilisator für Wirkstoffe; in Lacken; in Farben; in Pigmentpräparationen; in Beschichtungsmitteln; in Klebstoffen; in Lederentfettungsmitteln; in Formulierungen für die Textilindustrie, die Faserbearbeitung, die Wasserbehandlung oder die Trinkwassergewinnung; in der Le- 
<!-- EPO <DP n="17"/>-->
 bensmittelindustrie; der Papierindustrie; als Bauhilfsmittel; als Kühl- und Schmiermittel; zur Fermentation; in der Mineralverarbeitung oder Metallverarbeitung, wie Metallveredlung oder Galvanobereich. Die Tenside können erfindungsgemäß nicht-ionisch oder ionisch sein. </p><p id="p0077" num="0077">Nachfolgend wird die vorliegende Erfindung anhand der Beispiele verdeutlicht. Beispiel 1 : 78,5 g 2-Propylheptylamin werden mit 2,05 g Kalium-tert-Butylat in einem Reaktor vorgelegt. Anschließend wird die Reaktionslösung unter Stickstoff auf 170 °C erhitzt und 66 g Ethylencarbonat und 60,3 g Glycerincarbonat innerhalb von 60 Minuten zudosiert. Nach Dosierende wird der Ansatz 15 Stunden bei 170 °C gerührt. Danach wird die Reaktionslösung mit Stickstoff gespült und bei 80 °C und Wasserstrahlvakuum 2 h ent- gast. </p><p id="p0078" num="0078"> Man erhält eine klare, viskose Flüssigkeit, die im IR keine Signale zeigt, die auf das Vorhandensein von Carbonylgruppen schließen lassen. Das Gewichtsmittel des Molekulargewichts des erhaltenen Polymeren beträgt 470 g/mol (GPC, Polystyrol- Standard). </p><p id="p0079" num="0079">Beispiel 2: </p><p id="p0080" num="0080">78,5 g 2-Propylheptylamin werden mit 2,05 g Kalium-tert-Butylat in einem Reaktor vorgelegt. Anschließend wird die Reaktionslösung unter Stickstoff auf 100 °C erhitzt und 66 g Ethylencarbonat und 60,3 g Glycerincarbonat innerhalb von 60 Minuten zudosiert. Nach Dosierende wird der Ansatz 15 Stunden bei 100 °C gerührt. Danach wird die Reaktionslösung mit Stickstoff gespült und bei 80 °C und Wasserstrahlvakuum 2 h entgast. </p><p id="p0081" num="0081"> Man erhält eine klare, viskose Flüssigkeit, die im Infrarot (IR) keine Signale zeigt, die auf das Vorhandensein von Carbonylgruppen schließen lassen. Das Gewichtsmittel des Molekulargewichts des erhaltenen Polymeren beträgt 360 g/mol (GPC, Polystyrol- Standard). 
</p></description><claims mxw-id="PCLM44727411" ref-ucid="WO-2012113617-A1" lang="DE" load-source="patent-office"><claim id="clm-0001" num="0001"><!-- EPO <DP n="18"/>--><claim-text/><claim-text>Patentansprüche </claim-text><claim-text>1. Polymer hergestellt durch Polymerisation von a) mindestens einem Alkylenoxid oder einem cyclischen Carbonat der Formel </claim-text><claim-text><img id="imgf000018_0001" he="27" wi="28" file="imgf000018_0001.tif" img-format="tif" img-content="drawing" orientation="portrait" inline="no"/>
 wobei </claim-text><claim-text> n gleich 1 bis 10 ist, </claim-text><claim-text> m gleich 0 bis 3 ist und </claim-text><claim-text> R<sup>1</sup>gleich C Ci<sub>0</sub>-Alkyl, C<sub>2</sub>-Ci<sub>0</sub>-Alkenyl, Aryl oder Aralkyl ist, b) Glycerincarbonat und c) mindestens einem Amin. </claim-text><claim-text>Polymer gemäß Anspruch 1 , dadurch gekennzeichnet, dass die Komponente a) als Alkylenoxid ein Monomer umfasst ausgewählt aus Ethylenoxid, Propylenoxid, 1 -Butenoxid, 2-Butenoxid, 1-Pentenoxid, Styroloxid, Epichlorhydrin, Glycidol, Epoxypropionsäure und deren Salze, Epoxypropionsäurealkylester, 1 -Hexenoxid, 1-Heptenoxid, 1-Octenoxid, 1-Nonenoxid, 1-Decenoxid, 1-Undecenoxid oder 1- Dodecenoxid und/oder das cyclische Carbonat der Formel (I) ausgewählt ist aus Ethylencarbonat oder Propylencarbonat. </claim-text><claim-text>Polymer gemäß Anspruch 1 oder 2, dadurch gekennzeichnet, dass die Komponente c) ein Amin ist ausgewählt aus Hexylamin, 2-Ethylhexylamin, 2- Propylheptylamin, Decylamin, Dodecylamin, Tridecylamin oder Polyethyleniminen. </claim-text><claim-text>Polymer gemäß einem der Ansprüche 1 bis 3, dadurch gekennzeichnet, dass die Komponente a) mindestens ein Alkylenoxid ist, vorzugsweise Ethylenoxid und/oder Propylenoxid. 
<!-- EPO <DP n="19"/>-->
 Polymer gemäß einem der Ansprüche 1 bis 4, dadurch gekennzeichnet, dass die Polymerisation als baseninitiierte Polyaddition durchgeführt wird und/oder bei der Polymerisation eine Base eingesetzt wird ausgewählt aus KOH, KOCH<sub>3</sub>, KO(t- Bu), KH, NaOH, NaO(t-Bu), NaOCH<sub>3</sub>, NaH, Na, K, Trimethylamin, N,N- Dimethylethanolamin, Ν,Ν-Dimethylcyclohexylamin und höhere N,N- Dimethylalkylamine, N,N-Dimethylanilin, Ν,Ν-Dimethylbenzylamin, Ν,Ν,Ν',Ν'- Tetramethylethylendiamin, N,N,N',N",N"-Pentamethyldiethylentriamin, Imidazol, N-Methylimidazol, 2-Methylimidazol, 2,2-Dimethylimidazol, 4-Methylimidazol, 2,4,5-Trimethylimidazol und 2-Ethyl-4-methylimidazol. </claim-text><claim-text>Polymer gemäß Anspruch 5, dadurch gekennzeichnet, dass die Base in Mengen von 0,05 bis 20 Gew.-% (bezogen auf die Menge an Polymer) eingesetzt wird. </claim-text><claim-text>Polymer gemäß einem der Ansprüche 1 bis 6, dadurch gekennzeichnet, dass das Polymer ein statisches Copolymer, ein Blockcopolymer, ein Kammpolymer, ein Multiblockcopolymer oder ein Gradientencopolymer ist. </claim-text><claim-text>Polymer gemäß einem der Ansprüche 1 bis 7, dadurch gekennzeichnet, dass das Polymer eines oder mehrere Fragmente gemäß der Formeln (II) bis (VI) um- fasst, 
<img id="imgf000019_0001" he="17" wi="56" file="imgf000019_0001.tif" img-format="tif" img-content="drawing" orientation="portrait" inline="no"/>
 </claim-text><claim-text>(C)<sub>q</sub> (IN) </claim-text><claim-text>R<sup>2</sup> - (A)<sub>n</sub> - (Gly)<sub>m</sub> - (B)p (IV) </claim-text><claim-text>(A)<sub>n</sub> - (Gly)s - (Gly)<sub>m</sub> - (Gly)t - (B)p </claim-text><claim-text> I </claim-text><claim-text><img id="imgf000019_0002" he="28" wi="36" file="imgf000019_0002.tif" img-format="tif" img-content="drawing" orientation="portrait" inline="no"/></claim-text><claim-text> I </claim-text><claim-text> (C)y (V) 
<!-- EPO <DP n="20"/>-->
 R<sup>2</sup> - (Gly)<sub>m</sub> - (A)<sub>n</sub> (VI) wobei A, B und C unabhängig voneinander aus der Komponente a) gebildet werden, </claim-text><claim-text>Gly aus der Komponente b) gebildet wird, </claim-text><claim-text>R<sup>2</sup> aus einem Amin gemäß Komponente c) gebildet wird, wobei in der Formel (II) n und m unabhängig voneinander Werte zwischen 1 und</claim-text><claim-text>1000 und p Werte zwischen 0 und 1000 aufweisen, wobei in der Formel (III) n, m, p und q unabhängig voneinander Werte zwischen 1 und 1000 aufweisen, wobei in der Formel (IV) n, m und p unabhängig voneinander Werte zwischen 1 und 1000 aufweisen, wobei in der Formel (V) n, m, p, v und y unabhängig voneinander Werte zwischen 1 und 1000 und q, s, t, u, w und x unabhängig voneinander Werte zwischen 0 und 1000 aufweisen, wobei in der Formel (VI) m und n unabhängig voneinander Werte zwischen 1 und 1000 aufweisen. </claim-text><claim-text>Verfahren zur Herstellung eines Polymers gemäß einem der Ansprüche 1 bis 8, dadurch gekennzeichnet, dass die Komponenten a) bis c) einer Polymerisation unterzogen werden. </claim-text><claim-text>Verfahren gemäß Anspruch 9, dadurch gekennzeichnet, dass die Polymerisation als baseninitiierte Polyaddition und/oder unter C0<sub>2</sub>-Freisetzung durchgeführt wird. </claim-text><claim-text>Verfahren gemäß Anspruch 9 oder 10 umfassend die nachfolgenden Schritte a) Vorlegen des Amins (Komponente c) mit einer Base, gegebenenfalls in Anwesenheit geringer Mengen von Wasser, </claim-text><claim-text>b) Zudosieren der übrigen Monomeren (Komponenten a) und b)), </claim-text><claim-text>c) Rühren des Reaktionsgemisches unter Inertgas bis zur Druckkonstanz und 
<!-- EPO <DP n="21"/>-->
 d) gegebenenfalls Neutralisierung des Produktes nach Beendigung der Polymerisation durch Behandlung mit einem sauren Ionenaustauscher oder einer Säure, vorzugsweise Phosphorsäure. 12. Verfahren gemäß einem der Ansprüche 9 bis 1 1 , dadurch gekennzeichnet, dass die Polymerisation in Gegenwart von Wasser, vorzugsweise mit geringen Mengen an Wasser, durchgeführt wird. </claim-text><claim-text>13. Verwendung der Polymere gemäß einem der Ansprüche 1 bis 8 als Schaum- dämpfer; als Schaumregulierer; als Schaumverstärker; als Dispersionsmittel; als</claim-text><claim-text>Emulgator, insbesondere in der Emulsionspolymerisation; als Netzmittel, insbesondere für harte Oberflächen; als Schmiermittel; zur Dispersion von Feststoffen, insbesondere für Zement zur Betonverflüssigung; zur Verdickung wässriger Lösungen; als Träger- oder Füllmaterial für pharmazeutische Zubereitungen; als Tensid für Wasch- oder Reinigungszwecke; als Tensid zur Reinigung harter</claim-text><claim-text>Oberflächen; als Feuchthaltemittel; in kosmetischen, pharmazeutischen oder Pflanzenschutzformulierungen; als Adjuvants oder Solubilisator für Wrkstoffe; in Lacken; in Farben; in Pigmentpräparationen; in Beschichtungsmitteln; in Klebstoffen; in Lederentfettungsmitteln; in Formulierungen für die Textilindustrie, die Faserbearbeitung, die Wasserbehandlung oder die Trinkwassergewinnung; in der Lebensmittelindustrie; der Papierindustrie; als Bauhilfsmittel; als Kühl- und Schmiermittel; zur Fermentation; in der Mineralverarbeitung oder Metallverarbeitung, wie Metallveredlung oder Galvanobereich. 
</claim-text></claim></claims><copyright>User acknowledges that Fairview Research LLC and its third party providers retain all right, title and interest in and to this xml under applicable copyright laws.  User acquires no ownership rights to this xml including but not limited to its format.  User hereby accepts the terms and conditions of the Licence Agreement</copyright></patent-document>
