<?xml version="1.0" encoding="UTF-8"?>
<patent-document ucid="EP-2680890-A1" country="EP" doc-number="2680890" kind="A1" date="20140108" family-id="46798311" file-reference-id="252638" date-produced="20180825" status="corrected" lang="EN"><bibliographic-data><publication-reference fvid="146587398" ucid="EP-2680890-A1"><document-id><country>EP</country><doc-number>2680890</doc-number><kind>A1</kind><date>20140108</date><lang>EN</lang></document-id></publication-reference><application-reference ucid="EP-12754338-A" is-representative="NO"><document-id mxw-id="PAPP154849590" load-source="docdb" format="epo"><country>EP</country><doc-number>12754338</doc-number><kind>A</kind><date>20120302</date><lang>EN</lang></document-id><document-id mxw-id="PAPP220440328" load-source="docdb" format="original"><country>EP</country><doc-number>12754338.7</doc-number><date>20120302</date></document-id></application-reference><priority-claims><priority-claim mxw-id="PPC140549983" ucid="JP-2011048207-A" load-source="docdb"><document-id format="epo"><country>JP</country><doc-number>2011048207</doc-number><kind>A</kind><date>20110304</date></document-id></priority-claim><priority-claim mxw-id="PPC140553392" ucid="JP-2012056044-W" linkage-type="W" load-source="docdb"><document-id format="epo"><country>JP</country><doc-number>2012056044</doc-number><kind>W</kind><date>20120302</date></document-id></priority-claim></priority-claims><technical-data><classifications-ipcr><classification-ipcr mxw-id="PCL2102369213" load-source="docdb">A61L   9/01        20060101AFI20140723BHEP        </classification-ipcr></classifications-ipcr><classifications-cpc><classification-cpc mxw-id="PCL1989630528" load-source="docdb" scheme="CPC">A61Q  15/00        20130101 LI20131206BHEP        </classification-cpc><classification-cpc mxw-id="PCL1989642738" load-source="docdb" scheme="CPC">A61L   9/01        20130101 FI20131206BHEP        </classification-cpc><classification-cpc mxw-id="PCL1989644454" load-source="docdb" scheme="CPC">A61K   8/362       20130101 LI20131206BHEP        </classification-cpc></classifications-cpc><invention-title mxw-id="PT132366827" lang="DE" load-source="patent-office">ÖLLÖSLICHE DESODORIERENDE ZUSAMMENSETZUNG UND VERFAHREN ZUM DESODORIEREN VON AMMONIAKGERUCH UND VON AMINGERUCH</invention-title><invention-title mxw-id="PT132366828" lang="EN" load-source="patent-office">OIL-SOLUBLE DEODORANT COMPOSITION AND METHOD FOR DEODORIZING AMMONIA ODOR AND AMINE ODOR</invention-title><invention-title mxw-id="PT132366829" lang="FR" load-source="patent-office">COMPOSITION DÉSODORISANTE LIPOSOLUBLE ET PROCÉDÉ DE DÉSODORISATION D'UNE ODEUR D'AMMONIAC ET D'UNE ODEUR D'AMINE</invention-title></technical-data><parties><applicants><applicant mxw-id="PPAR919526734" load-source="docdb" sequence="1" format="epo"><addressbook><last-name>TAKASAGO PERFUMERY CO LTD</last-name><address><country>JP</country></address></addressbook></applicant><applicant mxw-id="PPAR919543180" load-source="docdb" sequence="1" format="intermediate"><addressbook><last-name>TAKASAGO INTERNATIONAL CORPORATION</last-name></addressbook></applicant><applicant mxw-id="PPAR919008098" load-source="patent-office" sequence="1" format="original"><addressbook><last-name>Takasago International Corporation</last-name><iid>101042913</iid><address><street>37-1, Kamata 5-chome Ohta-ku</street><city>Tokyo-to 144-8721</city><country>JP</country></address></addressbook></applicant></applicants><inventors><inventor mxw-id="PPAR919505128" load-source="docdb" sequence="1" format="epo"><addressbook><last-name>KAWANO TAKASHI</last-name><address><country>JP</country></address></addressbook></inventor><inventor mxw-id="PPAR919526139" load-source="docdb" sequence="1" format="intermediate"><addressbook><last-name>KAWANO, TAKASHI</last-name></addressbook></inventor><inventor mxw-id="PPAR919016837" load-source="patent-office" sequence="1" format="original"><addressbook><last-name>KAWANO, TAKASHI</last-name><address><street>C/O TAKASAGO INT. CORP. Corporate Research &amp; Development Division 4-11, NIshiyawata 1-chome, Hiratsuka-shi</street><city>Kanagawa 254-0073</city><country>JP</country></address></addressbook></inventor><inventor mxw-id="PPAR919545404" load-source="docdb" sequence="2" format="epo"><addressbook><last-name>ISHIKAWA TAKAHIRO</last-name><address><country>JP</country></address></addressbook></inventor><inventor mxw-id="PPAR919509586" load-source="docdb" sequence="2" format="intermediate"><addressbook><last-name>ISHIKAWA, TAKAHIRO</last-name></addressbook></inventor><inventor mxw-id="PPAR919010361" load-source="patent-office" sequence="2" format="original"><addressbook><last-name>ISHIKAWA, TAKAHIRO</last-name><address><street>C/O TAKASAGO INT. CORP. Corporate Research &amp; Development Division 4-11, NIshiyawata 1-chome, Hiratsuka-shi</street><city>Kanagawa 254-0073</city><country>JP</country></address></addressbook></inventor><inventor mxw-id="PPAR919512464" load-source="docdb" sequence="3" format="epo"><addressbook><last-name>YAMAZAKI SADAHIKO</last-name><address><country>JP</country></address></addressbook></inventor><inventor mxw-id="PPAR919525739" load-source="docdb" sequence="3" format="intermediate"><addressbook><last-name>YAMAZAKI, SADAHIKO</last-name></addressbook></inventor><inventor mxw-id="PPAR919018483" load-source="patent-office" sequence="3" format="original"><addressbook><last-name>YAMAZAKI, SADAHIKO</last-name><address><street>C/O TAKASAGO INT. CORP. Corporate Research &amp; Development Division 4-11, NIshiyawata 1-chome, Hiratsuka-shi</street><city>Kanagawa 254-0073</city><country>JP</country></address></addressbook></inventor><inventor mxw-id="PPAR919535247" load-source="docdb" sequence="4" format="epo"><addressbook><last-name>HOSHINO KUNIHIDE</last-name><address><country>JP</country></address></addressbook></inventor><inventor mxw-id="PPAR919508090" load-source="docdb" sequence="4" format="intermediate"><addressbook><last-name>HOSHINO, KUNIHIDE</last-name></addressbook></inventor><inventor mxw-id="PPAR919012542" load-source="patent-office" sequence="4" format="original"><addressbook><last-name>HOSHINO, KUNIHIDE</last-name><address><street>C/O TAKASAGO INT. CORP. Corporate Research &amp; Development Division 4-11, NIshiyawata 1-chome, Hiratsuka-shi</street><city>Kanagawa 254-0073</city><country>JP</country></address></addressbook></inventor></inventors><agents><agent mxw-id="PPAR919008228" load-source="patent-office" sequence="1" format="original"><addressbook><last-name>Takeuchi, Maya</last-name><suffix>et al</suffix><iid>101350074</iid><address><street>Fédit-Loriot 38, avenue Hoche</street><city>75008 Paris</city><country>FR</country></address></addressbook></agent></agents></parties><international-convention-data><pct-or-regional-filing-data ucid="JP-2012056044-W"><document-id><country>JP</country><doc-number>2012056044</doc-number><kind>W</kind><date>20120302</date><lang>EN</lang></document-id></pct-or-regional-filing-data><pct-or-regional-publishing-data ucid="WO-2012121359-A1"><document-id><country>WO</country><doc-number>2012121359</doc-number><kind>A1</kind><date>20120913</date><lang>EN</lang></document-id></pct-or-regional-publishing-data><designated-states><ep-contracting-states><country mxw-id="DS549787144" load-source="docdb">AL</country><country mxw-id="DS549855420" load-source="docdb">AT</country><country mxw-id="DS549787149" load-source="docdb">BE</country><country mxw-id="DS549772535" load-source="docdb">BG</country><country mxw-id="DS549856813" load-source="docdb">CH</country><country mxw-id="DS549919449" load-source="docdb">CY</country><country mxw-id="DS549855421" load-source="docdb">CZ</country><country mxw-id="DS549787150" load-source="docdb">DE</country><country mxw-id="DS549919450" load-source="docdb">DK</country><country mxw-id="DS549919451" load-source="docdb">EE</country><country mxw-id="DS549857211" load-source="docdb">ES</country><country mxw-id="DS549772536" load-source="docdb">FI</country><country mxw-id="DS549772917" load-source="docdb">FR</country><country mxw-id="DS549787151" load-source="docdb">GB</country><country mxw-id="DS549919452" load-source="docdb">GR</country><country mxw-id="DS549787152" load-source="docdb">HR</country><country mxw-id="DS549855438" load-source="docdb">HU</country><country mxw-id="DS549856814" load-source="docdb">IE</country><country mxw-id="DS549919453" load-source="docdb">IS</country><country mxw-id="DS549772918" load-source="docdb">IT</country><country mxw-id="DS549919454" load-source="docdb">LI</country><country mxw-id="DS549772545" load-source="docdb">LT</country><country mxw-id="DS549875010" load-source="docdb">LU</country><country mxw-id="DS549772546" load-source="docdb">LV</country><country mxw-id="DS549772547" load-source="docdb">MC</country><country mxw-id="DS549875011" load-source="docdb">MK</country><country mxw-id="DS549875012" load-source="docdb">MT</country><country mxw-id="DS549772548" load-source="docdb">NL</country><country mxw-id="DS549772919" load-source="docdb">NO</country><country mxw-id="DS549772557" load-source="docdb">PL</country><country mxw-id="DS549856815" load-source="docdb">PT</country><country mxw-id="DS549787165" load-source="docdb">RO</country><country mxw-id="DS549856816" load-source="docdb">RS</country><country mxw-id="DS549772558" load-source="docdb">SE</country><country mxw-id="DS549857212" load-source="docdb">SI</country><country mxw-id="DS549772920" load-source="docdb">SK</country><country mxw-id="DS549772559" load-source="docdb">SM</country><country mxw-id="DS549919455" load-source="docdb">TR</country></ep-contracting-states></designated-states></international-convention-data><office-specific-data><eptags><ep-no-a-document-published>*</ep-no-a-document-published></eptags></office-specific-data></bibliographic-data><abstract mxw-id="PA100069189" ref-ucid="WO-2012121359-A1" lang="EN" load-source="patent-office"><p num="0000">The present invention provides an oil-soluble deodorant composition that is highly safe, efficienctly eliminates odors of ammonia, amines and the like and is free of an irritant odor and the like. The present invention relates to an oil-soluble deodorant composition containing at least one of a dimer acids and a trimer acids as an active ingredient.</p></abstract><abstract mxw-id="PA100337719" ref-ucid="WO-2012121359-A1" lang="EN" source="national office" load-source="docdb"><p>The present invention provides an oil-soluble deodorant composition that is highly safe, efficienctly eliminates odors of ammonia, amines and the like and is free of an irritant odor and the like. The present invention relates to an oil-soluble deodorant composition containing at least one of a dimer acids and a trimer acids as an active ingredient.</p></abstract><abstract mxw-id="PA100069190" ref-ucid="WO-2012121359-A1" lang="FR" load-source="patent-office"><p num="0000">La présente invention concerne une composition désodorisante liposoluble qui est très sûre, qui supprime efficacement les odeurs d'ammoniac, d'amine et équivalents et qui n'a pas d'odeur irritante et équivalents. La présente invention concerne une composition désodorisante liposoluble contenant au moins l'un d'un acide dimère et d'un acide trimère en tant que principe actif.</p></abstract><abstract mxw-id="PA100337720" ref-ucid="WO-2012121359-A1" lang="FR" source="national office" load-source="docdb"><p>La présente invention concerne une composition désodorisante liposoluble qui est très sûre, qui supprime efficacement les odeurs d'ammoniac, d'amine et équivalents et qui n'a pas d'odeur irritante et équivalents. La présente invention concerne une composition désodorisante liposoluble contenant au moins l'un d'un acide dimère et d'un acide trimère en tant que principe actif.</p></abstract><description mxw-id="PDES51373195" ref-ucid="WO-2012121359-A1" lang="EN" load-source="patent-office"><!-- EPO <DP n="2"/>--><p id="p0001" num="0001"> DESCRIPTION </p><p id="p0002" num="0002">OIL-SOLUBLE DEODORANT COMPOSITION AND METHOD FOR </p><p id="p0003" num="0003"> DEODORIZING AMMONIA ODOR AND AMINE ODOR </p><p id="p0004" num="0004">Technical Field </p><p id="p0005" num="0005"> The present invention relates to an oil-soluble deodorant composition that can effectively eliminate odors of ammonia, amines and the like. </p><p id="p0006" num="0006">Background Art </p><p id="p0007" num="0007"> As conventional oil-soluble deodorants used for elimination of odors of amines, metacrylic acid esters (Patent Literature 1 and Patent Literature 2), aldehydes of fragrance compositions (Patent Literature 3) are reported. </p><p id="p0008" num="0008">In addition, examples of a substance having a dicarboxylic acid structure include succinic acid, phthalic acid, dimethyl eicosadienoic acid, tetradecanedioic acid and the like. Since the substance cannot be dissolved in an oil-soluble solvent such as hydrocarbon solvent, only aqueous deodorants including such a substance are inevitably developed. </p><p id="p0009" num="0009">Citation List </p><p id="p0010" num="0010">Patent Literature </p><p id="p0011" num="0011"> [PLT 1] JP-A-48-44441 </p><p id="p0012" num="0012"> [PLT 2] JP-A-1-129854 </p><p id="p0013" num="0013"> [PLT 3] JP-A-2001-303090 </p><p id="p0014" num="0014">Summary of Invention </p><p id="p0015" num="0015">Technical Problem </p><p id="p0016" num="0016"> However, lauryl methacrylate generally used as methacrylic acid esters has a disadvantage of low deodorization effect on odor of amines. In addition, aldehydes and the like have an effect of deodorizing odor of amines, but have a disadvantage of limited use, since the substances exhibiting deodorization effects impart unpleasant feeling to users due to specific strong irritant odors. 
<!-- EPO <DP n="3"/>-->
 Accordingly, an object of the present invention is to provide an oil-soluble deodorant composition that is highly safe, can efficiently eliminate malodors of ammonia, amines and the like, and is free of an irritant odor and the like. </p><p id="p0017" num="0017">Solution to Problem </p><p id="p0018" num="0018"> As a result of intensive studies to solve the above-mentioned problems, the present inventors have found that dimer acids and trimer acids exhibit excellent deodorization effects on odors of ammonia, amines such as trimethylamine and the like. The present invention has been completed based on this finding. </p><p id="p0019" num="0019">That is, the present invention provides the following oil-soluble deodorant composition and method for deodorizing ammonia odor or amine odor. </p><p id="p0020" num="0020"> (1) An oil-soluble deodorant composition comprising at least one of a dimer acids and a trimer acids as an active ingredient. </p><p id="p0021" num="0021"> (2) The oil-soluble deodorant composition according to (1), wherein the dimer acids is at least one of a dimer acid and a hydrogenated dimer acid. </p><p id="p0022" num="0022"> (3) The oil-soluble deodorant composition according to (1) or (2), wherein the trimer acids is at least one of a trimer acid and a hydrogenated trimer acid. </p><p id="p0023" num="0023"> (4) The oil-soluble deodorant composition according to any one of (1) to (3), further comprising at least one of a fatty acid metal salt and an organic acid metal salt. </p><p id="p0024" num="0024"> (5) The oil-soluble deodorant composition according to (4), wherein the metal of the at least one of the fatty acid metal salt and the organic acid metal salt is one or more selected from the group consisting of sodium, potassium, calcium, copper, iron, zinc and magnesium. </p><p id="p0025" num="0025"> (6) The oil-soluble deodorant composition according to (4) or (5), wherein the fatty acid metal salt is zinc ricinoleate. </p><p id="p0026" num="0026"> (7) The oil-soluble deodorant composition according to any one of (1) to (6), wherein a total content of the dimer acids and trimer acids is 0.1% by weight or more. </p><p id="p0027" num="0027"> (8) A method for deodorizing ammonia odor or amine odor using at least one of a dimer acids and a trimer acids. 
<!-- EPO <DP n="4"/>-->
 (9) A method for deodorizing ammonia odor or amine odor, comprising applying at least one of a dimer acids and a trimer acids to a subject to be deodorized, or applying at least one of a dimer acids and a trimer acids near a subject to be deodorized. Advantageous Effects of Invention </p><p id="p0028" num="0028"> The oil-soluble deodorant composition of the present invention contains at least one of dimer acids and trimer acids as an active ingredient, and thus the composition exhibits excellent deodorization effects on odors of ammonia, amines such as trimethylamine and the like, as compared to conventional oil-soluble deodorant compositions. </p><p id="p0029" num="0029">In addition, the dimer acids contained in the oil-soluble deodorant composition of the present invention have a skeleton of dicarboxylic acid and the trimer acids therein have a skeleton of tricarboxylic acid. The dimer and trimer acids are readily dissolved in oil-soluble solvent such as hydrocarbon and are thus considerably useful. </p><p id="p0030" num="0030">Furthermore, dimer acids and trimer acids are liquid substances that are flowable in spite of their large molecular weights and the oil-soluble deodorant composition of the present invention is excellent in terms of handling. </p><p id="p0031" num="0031">In addition, since the oil-soluble deodorant composition of the present invention is free of an irritant odor or the like, it is highly safe and may be added to various products, thus being considerably useful. Description of Embodiments </p><p id="p0032" num="0032"> Hereinafter, the present invention will be described in detail. In the present invention, "% by weight" has the same meaning as "% by mass". </p><p id="p0033" num="0033">The oil-soluble deodorant composition of the present invention contains at least one of dimer acids and trimer acids as an active ingredient. </p><p id="p0034" num="0034">In the present invention, dimer acids refer to dicarboxylic acid composed of a dimer of unsaturated fatty acid, and a hydrogenated dimer acid obtained by reducing an 
<!-- EPO <DP n="5"/>-->
 unsaturated bond commonly contained in the dimer acid. The dimer acids are preferably at least one of the dimer acid and the hydrogenated dimer acid. The dimer acid and hydrogenated dimer acid may be used alone or in combination thereof. In the present invention, the dimer acid is dicarboxylic acid composed of a dimer of unsaturated fatty acid. The unsaturated fatty acid constituting the dimer acid preferably has 10 or more carbon atoms and 24 or less carbon atoms, more preferably 18 carbon atoms. Examples of the unsaturated fatty acid having 18 carbon atoms include oleic acid, linoleic acid, linolenic acid and the like. The dimer acid can be prepared by dimerizing these unsaturated fatty acids. </p><p id="p0035" num="0035">Generally available dimer acid is obtained by purifying plant-derived substances such as rapeseed oil, soybean oil and tall oil, and separating the dimer from low polymers of unsaturated fatty acids. </p><p id="p0036" num="0036">Examples of the dimer acid include aliphatic dimer acid, cyclic dimer acid such as alicyclic dimer acid, aromatic dimer acid, dicyclic dimer acid and the like. The dimer acid may be used singly or in combination of two or more types thereof. </p><p id="p0037" num="0037">The hydrogenated dimer acid refers to a dimer acid obtained by reducing an unsaturated bond commonly contained in the dimer acid through addition of hydrogen to the dimer acid. The hydrogenated dimer acid used for the present invention may be obtained by reducing respective aforementioned dimer acid through addition of hydrogen. </p><p id="p0038" num="0038">In particular, preferable examples thereof include hydrogenated dimmer acid obtained by reducing a dimer acid in which the number of carbon atoms of unsaturated fatty acid constituting the dimer acid is 18 through addition of hydrogen, and more preferable examples thereof include hydrogenated dimmer acid obtained by reducing a dimer acid in which unsaturated fatty acid constituting the dimer acid is oleic acid, linoleic acid or linolenic acid through addition of hydrogen. 
<!-- EPO <DP n="6"/>-->
 The hydrogenated dimer acid may be used singly or in combination of two or more types thereof In the present invention, trimer acids refers to tricarboxylic acid composed of a trimer of unsaturated fatty acid, and a hydrogenated trimer acid obtained by reducing an unsaturated bond commonly contained in the trimer acid. The trimer acids are preferably at least one of the trimer acid and the hydrogenated trimer acid. The trimer acid and hydrogenated trimer acid may be used alone or in combination thereof. </p><p id="p0039" num="0039">In the present invention, the trimer acid is tricarboxylic acid composed of a trimer of unsaturated fatty acid. The unsaturated fatty acid constituting the trimer acid preferably has 10 or more carbon atoms and 24 or less carbon atoms, more preferably 18 carbon atoms. </p><p id="p0040" num="0040">Examples of the unsaturated fatty acid having 18 carbon atoms include oleic acid, linoleic acid, linolenic acid and the like. The trimer acid can be prepared by trimerizing these unsaturated fatty acids. Generally available trimer acid is obtained by purifying plant-derived substances such as rapeseed oil, soybean oil and tall oil, and separating trimers from low polymers of unsaturated fatty acid. </p><p id="p0041" num="0041">Examples of the trimer acid include aliphatic trimer acid, cyclic trimer acid such as alicyclic trimer acid, aromatic trimer acid, dicyclic trimer acid and the like. The trimer acid may be used singly or in combination of two or more types thereof. </p><p id="p0042" num="0042">The hydrogenated trimer acid refers to a trimer acid obtained by reducing an unsaturated bond commonly contained in the trimer acid through addition of hydrogen to the trimer acid. The hydrogenated trimer acid used for the present invention may be obtaind by reducing respective aforementioned trimer acids through addition of hydrogen. 
<!-- EPO <DP n="7"/>-->
 In particular, preferable examples thereof include hydrogenated trimer acid obtained by reducing a trimer acid in which the number of carbon atoms of unsaturated fatty acid constituting the trimer acid is 18 through addition of hydrogen, and more preferable examples thereof include hydrogenated trimer acid obtained by reducing a trimer acid in which the unsaturated fatty acid constituting the trimer acid is oleic acid, linoleic acid or linolenic acid through addition of hydrogen. </p><p id="p0043" num="0043">The hydrogenated trimer acid may be used singly or in combination of two or more types thereof. </p><p id="p0044" num="0044">The dimer acids and trimer acids used for the present invention are preferably dimer acid, hydrogenated dimer acid and hydrogenated trimer acid in terms of preferred properties such as pale color tone and substantial colorlessness of a deodorization composition. Of these, hydrogenated dimer acid is more preferred. </p><p id="p0045" num="0045">In particular, hydrogenated dimer acid is colorless and odorless and dimer acid to which hydrogen is not added is slightly yellow in color. Accordingly, hydrogenated dimer acid is most preferably in terms of color tone and odor tone. The dimer acids and trimer acids used for the present invention may be commercially available products. Examples of commercially available products include "PRIPOL1017", "PRIPOL1022", and 'TRIPOLI 029" (all of them have a mix ratio of 80% by weight of dimer acid and 20% by weight of trimer acid); </p><p id="p0046" num="0046">"PRIPOL1012" and "PRIPOL1013" (all of them have 95% by weight of dimer acid); "PRIPOL1009" (99% by weight of hydrogenated dimer acid); "PRIPOL1025" (has a mix ratio of 80% by weight of hydrogenated dimer acid and 20% by weight of hydrogenated trimer acid) (all of them are manufactured by CRODA Inc.) and the like. </p><p id="p0047" num="0047">In the oil-soluble deodorant composition of the present invention, a total content of the dimer acids and the trimer acids contained as an active ingredient is strictly not limited, and depends on the concentration of ammonia and amine to be deodorized, and is 0.1% by weight or more, more preferably 0.1 to 100% by weight, 
<!-- EPO <DP n="8"/>-->
 even more preferably 1 to 80% by weight, based on the total weight of the oil-soluble deodorant composition. </p><p id="p0048" num="0048">When the total content of the dimer acids and the trimer acids in the oil-soluble deodorant composition is 0.1% by weight or more, the deodorization effect on ammonia and amines can be improved. </p><p id="p0049" num="0049">A mix ratio of the dimer acids and the trimer acids contained as an active ingredient is strictly not limited and depends on use form, and a mix ratio (weight ratio) of the dimer acids to the trimer acids (dimmer acids : trimer acids) is preferably 0: 10 to 10:0, more preferably 1 :9 to 9: 1, even more preferably 2: 1 to 4: 1. </p><p id="p0050" num="0050">Preferably, the oil-soluble deodorant composition of the present invention further contains at least one of a fatty acid metal salt and an organic acid metal salt. The deodorant composition of the present invention exhibits superior deodorization effects on malodors of hydrogen sulfate, mercaptan and the like as well as ammonia and amines by incorporating the at least one of a fatty acid metal salt and an organic acid metal salt. Examples of the fatty acid of the fatty acid metal salt include ricinoleic acid, stearic acid, myristic acid, undecylenic acid, lauric acid and the like. Of these, ricinoleic acid is most preferable in terms of solubility and safety. </p><p id="p0051" num="0051">Examples of the organic acid of organic acid metal salt include gluconic acid, citric acid, tartaric acid, oxo acid and the like. Of these, gluconic acid is preferable in terms of solubility. </p><p id="p0052" num="0052">Examples of the metal of metal salt of fatty acid metal salt and organic acid metal salt include sodium, potassium, calcium, copper, iron, zinc, magnesium and the like. Of these, zinc is particularly preferable in terms of deodorization effects. </p><p id="p0053" num="0053">At least one of fatty acid metal salt and organic acid metal salt may be one selected therefrom or a combination of two or more types thereof. 
<!-- EPO <DP n="9"/>-->
 In the present invention, among the fatty acid metal salt and the organic acid metal salt, the fatty acid metal salt is preferable in terms of solubility in oils, and fatty acid zinc salt is more preferable. Among the fatty acid zinc salts, zinc ricinoleate is most preferable in terms of solubility and safety. </p><p id="p0054" num="0054">In the oil- soluble deodorant composition of the present invention, a total content of the fatty acid metal salt and the organic acid metal salt is not strictly limited, and depends on the concentration of hydrogen sulfate and mercaptans, and is preferably 0.0001% by weight or more, more preferably 0.001 to 50.0% by weight, even more preferably 0.01 to 20% by weigh, based on the total weight of the oil-soluble deodorant composition. </p><p id="p0055" num="0055">When the total content of fatty acid metal salt and organic acid metal salt in the oil-soluble deodorant composition of the present invention is 0.0001% by weight or more, hydrogen sulfate and mercaptans can be deodorized. </p><p id="p0056" num="0056">The oil-soluble deodorant composition of the present invention contains at least one of the dimer acids and the trimer acids and may be further combined with other deodorant. In addition, the oil-soluble deodorant composition of the present invention may further contain solvents such as oils and fats, waxes, hydrocarbons, alcohols, glycols, glycol ethers, glycol esters, ethers, esters, ketones and fatty acids, and common additives such as antioxidants, light stabilizers, pH controllers, preservatives, fragrances, surfactants, pigments, UV absorbers, antibacterial agents, gelling agents and thickening agents. </p><p id="p0057" num="0057">Examples of oils and fats include avocado oil, almond oil, olive oil, hardened oil, coconut oil, castor oil, hardened castor oil, soybean oil, sesame oil and the like. The amount of oils and fats added to the oil-soluble deodorant composition of the present invention is not strictly limited and is preferably 0.1% by weight or more. 
<!-- EPO <DP n="10"/>-->
 Examples of the waxes include candelilla wax, jojoba oil, bees wax and the like. The amount of waxes added to the oil-soluble deodorant composition of the present is not strictly limited and is preferably 0.1% by weight or more. Examples of the hydrocarbons include normal paraffin, isoparaffin, paraffin, squalene, liquid paraffin, vaseline, toluene, xylene, mineral spirit, isohexane, normal decane, normal heptane and the like. The amount of hydrocarbons added to the oil- soluble deodorant composition of the present invention is not strictly limited and is preferably 0.1% by weight or more. </p><p id="p0058" num="0058">Examples of the alcohols include ethyl alcohol, isopropyl alcohol, butanol, isopropanol, isostearyl alcohol, 1,3-butanediol and the like. The amount of alcohols added to the oil-soluble deodorant composition of the present invention is not strictly limited and is preferably 0.1% by weight or more. </p><p id="p0059" num="0059">Examples of the glycols include propylene glycol, dipropylene glycol, hexylene glycol, butylene glycol, glycerin and the like. The amount of glycols added to the oil-soluble deodorant composition of the present invention is not strictly limited and is preferably 0.1% by weight or more. </p><p id="p0060" num="0060">Examples of the glycol ethers include propylene glycol monomethyl ether, dipropylene glycol monomethyl ether, dipropylene glycol dimono methyl ether, 3- methoxy-3 -methyl- 1 -butanol and the like. The amount of glycol ethers added to the oil-soluble deodorant composition of the present invention is not strictly limited and is preferably 0.1% by weight or more. </p><p id="p0061" num="0061">Examples of the glycol esters include propylene glycol methyl ether acetate, propylene glycol diacetate, dipropylene glycol methyl ether acetate and the like. The amount of glycol esters added to the oil-soluble deodorant composition of the present invention is not strictly limited and is preferably 0.1% by weight or more. 
<!-- EPO <DP n="11"/>-->
 Examples of the ethers include butyl carbitol, 2-methoxy ethanol and the like. The amount of esters added to the oil-soluble deodorant composition of the present invention is preferably 0.1% by weight or more. </p><p id="p0062" num="0062">Examples of the esters include benzyl benzoate, triethyl citrate, decyl oleate, diethyl phthalate and the like. The amount of esters added to the oil-soluble deodorant composition of the present invention is preferably 0.1% by weight or more. </p><p id="p0063" num="0063">Examples of the ketones include acetone, diacetone alcohol, cyclohexanone and the like. The amount of ketones added to the oil-soluble deodorant composition of the present invention is 0.1% by weight or more. </p><p id="p0064" num="0064">Examples of the fatty acids include isostearic acid, undecylenic acid, oleic acid, stearic acid, palmitic acid, myristic acid, coconut oil fatty acid and the like. The amount of ketones added to the oil-soluble deodorant composition of the present invention is preferably 0.1% by weight or more. </p><p id="p0065" num="0065">Examples of the surfactants include cationic surfactants, anionic surfactants, nonionic surfactants, amphiprotic surfactants and the like. The amount of surfactant added to the oil-soluble deodorant composition of the present invention is not strictly limited and is preferably 0.1% by weight or more in terms of solubilization of fragrances. </p><p id="p0066" num="0066">Examples of fragrances include natural essential oils such as lemon oil, orange oil, lime oil, bergamot oil, lavandin oil, lavender oil, geranium oil and rose oil, sandalwood oil, hydrocarbons such as a-pinene, β-pinene, limonene and p-cymene, and aliphatic alcohols such as octanol and p-tert-butylcyclohexanol, terpene alcohols such as menthol, citronellol and geraniol, aromatic alcohols such as benzyl alcohol and phenylethyl alcohol, aliphatic aldehydes, terpene aldehydes, aromatic aldehydes, acetals, chain ketones, cyclic ketones such as damascone, β-ionone and methyl ionone, terpene ketones such as carvone, menthone, isomenthone and camphor, aromatic ketones such as acetophenone and raspberry ketone, ethers such as dibenzyl ether, oxides such as linalool oxide and rose oxide, musks such as cyclopentadecanolide and 
<!-- EPO <DP n="12"/>-->
 cyclohexadecanolide, lactones such as γ-nonalactone, γ-undecalactone and coumarin, aliphatic esters such as ester acetate and ester propionate, aromatic esters such as ester benzoate and ester phenylacetate and the like. The amount of fragrance added to the oil-soluble deodorant composition of the present invention is preferably 0.001% by weight or more. </p><p id="p0067" num="0067">The oil-soluble deodorant composition of the present invention may be combined with a known carrier. Examples of the carrier include solvents such as alcohols, glycols, oils and fats, waxes, hydrocarbons, glycol ethers, glycol esters, ethers, esters and ketones, and liquid carriers such as fragrance compositions, gas carriers such as LPG, and solid carriers such as calcium silicate, silica gel, gelling agents and thickening agents. </p><p id="p0068" num="0068">The content of carrier in the oil-soluble deodorant composition of the present invention is strictly not limited, and depends on the concentration of malodor, and is preferably 0.001 to 50% by weight, more preferably 0.001 to 30% by weight. </p><p id="p0069" num="0069">In addition, the form of the oil-soluble deodorant composition may be a liquid form, a powder form, a gel form, a granular form and aerosol form, depending on application. </p><p id="p0070" num="0070">The deodorant composition of the present invention is oily, but may be mixed with an aqueous component by combining surfactants, a solvent such as alcohols, glycols, glycol ethers, glycol esters, ethers, esters, ketones and fatty acid, a fragrance composition, or the like. </p><p id="p0071" num="0071">By mixing the components, the deodorant composition may be used for any of oil-soluble final products and water-soluble final products. </p><p id="p0072" num="0072">The oil-soluble deodorant composition of the present invention may be used directly as a final product such as deodorant, air freshner and deodorizer. That is, the oil-soluble deodorant composition of the present invention may be used as an oil- 
<!-- EPO <DP n="13"/>-->
 soluble composition for deodorants, an oil-soluble composition for air freshners, an oil- soluble composition for deodorizers or the like. </p><p id="p0073" num="0073">The oil-soluble deodorant composition of the present invention may be added to final products such as household products and toiletry products. </p><p id="p0074" num="0074">Examples of the household products include deodorizing spray, detergents for clothes, bleaching agents for clothes, conditioners for clothes, detergents for dishes, detergents for bathrooms, detergents for toilets and the like. </p><p id="p0075" num="0075">The content of the oil-soluble deodorant composition of the present invention in the household products is not strictly limited, and depends on the concentration of malodor, and is preferably 0.001 to 30% by weight, more preferably 0.001 to 10% by weight, based on the total weight of the household product. </p><p id="p0076" num="0076">Examples of the toiletry products include body detergents, deodorants, shampoos, rinses, conditioners, treatments, hair packs, bleaching agents, permernant agents, hair color agents and the like. The content of the oil-soluble deodorant composition of the present invention in the toiletry product is not strictly limited, and depends on the concentration of malodor, and is preferably 0.001 to 30% by weight, more preferably 0.001 to 10% by weight, based on the total weight of the toiletry product. The oil-soluble deodorant composition of the present invention may be used for deodorizing or odor-eliminating food wastes, clothes, refrigerators, </p><p id="p0077" num="0077">dressers/closets/lockers, indoors, vehicles, toilets, bathrooms, pet products, plants, industrial waste liquids, air cleaner, air conditioners, deodorizing devices, filters for air blower and ventilator, sewage disposal plants, cattle stalls, and dust and garbage disposal plants. </p><p id="p0078" num="0078">The oil-soluble deodorant composition of the present invention may be directly applied to a subject to be deodorized or odor-eliminated, or applied near the subject. 
<!-- EPO <DP n="14"/>-->
 The dimer acids and trimer acids contained as active ingredients in the oil- soluble deodorant composition of the present invention exhibit excellent deodonzation effects on ammonia and amines such as trimethylamine. When the oil-soluble deodorant composition of the present invention is applied to toilet odors, waster odors, indoor odors or pet odors that contain a great amount of these malodor components and occur in daily life, generation of malodors can be effectively prevented due to the deodonzation effects. </p><p id="p0079" num="0079">Furthermore, by using at least one of the dimer acids and the trimer acids in conjunction with at least one of a fatty acid metal salt and an organic acid metal salt, excellent deodorization effect on hydrogen sulfate, mercaptans and the like can be obtained. </p><p id="p0080" num="0080">Example </p><p id="p0081" num="0081"> Hereinafter, the present invention will be described with reference to Examples and Comparative Examples in more detail and the present invention is not limited thereto. </p><p id="p0082" num="0082">(Example 1) </p><p id="p0083" num="0083"> &lt;Deodorization of effects of hydrogenated dimer acid, mixture of </p><p id="p0084" num="0084">hydrogenated dimer acid and hydrogenated trimer acid, and mixture of dimer acid and trimer acid on ammonia odor &gt; </p><p id="p0085" num="0085"> To a filter paper having φ 55 mm, as a sample, 1.0g of 20% by weight of an isoparaffin solution of each of hydrogenated dimer acid ["PRIPOL1009"(trade name)(manufactured by manufactured by CROD A Inc.)], a mixture of 80% by weight of hydrogenated dimer acid and 20% by weight of hydrogenated trimer acid </p><p id="p0086" num="0086">['TRIPOLI 025"(trade name, manufactured by CRODA Inc.)], or a mixture of 80% by weight of dimer acid and 20% by weight of trimer acid ["PRIPOL1017" (trade name, manufactured by CRODA Inc.)"] was added dropwise, followed by addition to a 5L Tedlar bag, sealing and injection of an odorless air. 
<!-- EPO <DP n="15"/>-->
 Then, an ammonia gas was injected into the Tedlar bag, the concentration of ammonia in the container after 60 minutes and 120 minutes was measured, respectively, using a gas detecting tube (manufactured by Gestec Service, Inc.) and a deodorization rate was calculated by the following equation. The results are shown in Table 1. In addition, an initial concentration of ammonia was 80 ppm. </p><p id="p0087" num="0087">(Equation for calculation of deodorization rate) </p><p id="p0088" num="0088"> Deodorization rate (%)=[(C-S)/C]x l00 </p><p id="p0089" num="0089"> S: Concentration of odor gas in a container containing a sample (ppm) C: Concentration of odor gas in a container as a control (ppm) </p><p id="p0090" num="0090"> The control used herein was obtained by adding dropwise l.Og of isoparaffin to a filter paper. </p><p id="p0091" num="0091">(Comparative Example 1) </p><p id="p0092" num="0092"> &lt;Deodorization of effects of lauryl methacrylate on ammonia odor&gt; Lauryl methacrylate was used as a sample and the concentration of ammonia was measured through the same adjustment as in Example 1. The results are shown in</p><p id="p0093" num="0093">Table 1. </p><p id="p0094" num="0094"><img id="imgf000015_0001" he="72" wi="156" file="imgf000015_0001.tif" img-format="tif" img-content="table" orientation="portrait" inline="no"/></p><p id="p0095" num="0095">As can be seen from Table 1, the cases of Examples 1-1 to 1-3 containing at least one of dimer acids and trimer acids exhibited superior deodorization effects on ammonia odor, as compared to the case of lauryl methacrylate. 
<!-- EPO <DP n="16"/>-->
 (Example 2) </p><p id="p0096" num="0096"> &lt;Deodorization of effects of hydrogenated dimer acid, mixture of hydrogenated dimer acid and hydrogenated trimer acid, and mixture of dimer acid and trimer acid on trimethylamine odor &gt; </p><p id="p0097" num="0097"> The same adjustment as in Example 1 was performed except that </p><p id="p0098" num="0098"> trimethylamine was used as a malodor substance and the deodorization effect on trimethylamine was measured. In addition, an initial concentration of trimethylamine was adjusted to 25 ppm. The results are showin in Table 2. </p><p id="p0099" num="0099">(Comparative Example 2) </p><p id="p0100" num="0100"> &lt;Deodorization of effects of lauryl methacrylate on trimethylamine odor&gt; Lauryl methacrylate was used as a sample and the concentration of trimethylamine was measured in the same adjustment method as in Example 2. The results are showin in Table 2. </p><p id="p0101" num="0101">Table 2. Results of deodorization test on trimethylamine odor (initial concentration 25 </p><p id="p0102" num="0102"><img id="imgf000016_0001" he="65" wi="156" file="imgf000016_0001.tif" img-format="tif" img-content="table" orientation="portrait" inline="no"/></p><p id="p0103" num="0103">As can be seen from Table 2, the cases of Examples 2-1 to 2-3 containing at least one of dimer acids and trimer acids exhibited superior deodorization effects on trimethylamine odor, as compared to the case of lauryl methacrylate. </p><p id="p0104" num="0104">(Example 3) 
<!-- EPO <DP n="17"/>-->
 &lt;Deodorization of effects of mixture of hydrogenated dimer acid and zinc ricinoleate on ammonia and hydrogen sulfate&gt; </p><p id="p0105" num="0105"> To a filter paper having φ 55 mm, 1 0g of 20% by weight of an isoparaffin solution of a sample in which 50% by weight of hydrogenated dimer acid, 1.0% by weight of zinc ricinoleate and 49.0% by weight of an alcohol-based solvent are mixed and adjusted, was added dropwise, followed by addition to a 5L Tedlar bag, sealing and injection of odorless air. </p><p id="p0106" num="0106">Then, an ammonia gas was injected into the Tedlar bag and the concentration of ammonia in the container after 60 minutes and 120 minutes was measured, respectively, using a gas detecting tube (manufactured by Gestec Service, Inc.). A hydrogen sulfide gas was injected in the same manner as in the above and the concentration of hydrogen sulfide was measured. A deodorization rate was calculated in accordance with Equation described in</p><p id="p0107" num="0107">Example 1. The results are shown in Table 3. In addition, an initial concentration of ammonia was 40 ppm and an initial concentration of hydrogen sulfide was 10 ppm. </p><p id="p0108" num="0108">(Comparative Example 3) </p><p id="p0109" num="0109"> &lt;Deodorization of effect of lauryl methacrylate on ammonia and hydrogen sulfide odors&gt; </p><p id="p0110" num="0110"> Lauryl methacrylate was used as a sample, the same adjustment as in Example 3 was performed and the concentration of ammonia and hydrogen sulfide was measured. The results are shown in Table 3. 
<!-- EPO <DP n="18"/>-->
</p><p id="p0111" num="0111">Table 3. Results of deodorization test on ammonia and h dro en sulfide odors </p><p id="p0112" num="0112"><img id="imgf000018_0001" he="77" wi="154" file="imgf000018_0001.tif" img-format="tif" img-content="table" orientation="portrait" inline="no"/></p><p id="p0113" num="0113">As can be seen from Table 3, the mixture of hydrogenated dimer acid and zinc ricinoleate exhibited superior deodorization effects on ammonia odor and hydrogen sulfide odor. </p><p id="p0114" num="0114">(Example 4-1) </p><p id="p0115" num="0115"> &lt;Deodorization effects of mixture of blended-fragrance and hydrogenated dimer acid on ammonia odor&gt; </p><p id="p0116" num="0116"> To a filter paper having φ55 mm, 1.0g of 20% by weight of an isoparaffin solution of a sample in which 50% by weight of lemon verbena-blended fragrance and 50% by weight of hydrogenated dimer acid are mixed and adjusted, was added dropwise, followed by addition to a 5L Tedlar bag, sealing and injection of odorless air. Then, an ammonia gas was injected into the Tedlar bag and the concentration of ammonia in the container after 60 minutes and 120 minutes was measured, respectively, using a gas detecting tube (manufactured by Gestec Service, Inc.). A deodorization rate was calculated in accordance with Equation described in Example 1. The results are shown in Table 4. In addition, an initial concentration of ammonia was 40 ppm. </p><p id="p0117" num="0117">(Example 4-2) </p><p id="p0118" num="0118"> &lt;Deodorization of effect of hydrogenated dimer acid on ammonia odor&gt; 
<!-- EPO <DP n="19"/>-->
 Hydrogenated dimer acid was used as a sample, the same adjustment as in Example 4-1 was performed and the concentration of ammonia was measured. The results are shown in Table 4. </p><p id="p0119" num="0119">(Comparative Example 4) </p><p id="p0120" num="0120"> &lt;Deodorization effects of lauryl methacrylate on ammonia odor&gt; </p><p id="p0121" num="0121"> A sample in which 50% by weight of lemon verbena-blended fragrance and 50% by weight of lauryl methacrylate are mixed and adjusted was used, the same adjustment as in Example 4 was performed and the concentration of ammonia was measured. The results are shown in Table 4. </p><p id="p0122" num="0122"><img id="imgf000019_0001" he="70" wi="156" file="imgf000019_0001.tif" img-format="tif" img-content="table" orientation="portrait" inline="no"/></p><p id="p0123" num="0123">As can be seen from Table 4, the mixture of hydrogenated dimer acid and lemon verbena-blended fragrance exhibited superior deodorization effects on ammonia odor, as compared to the mixture of lauryl methacrylate and lemon verbena-blended fragrance. </p><p id="p0124" num="0124">While the invention has been described in detail and with reference to specific embodiments thereof, it will be apparent to one skilled in the art that various changes and modifications can be made therein without departing from the spirit and scope thereof. </p><p id="p0125" num="0125"> This application is based on Japanese Patent Application No. 2011-048207 filed on March 4, 2011, the entire subject matter of which is incorporated herein by 
<!-- EPO <DP n="20"/>-->
 reference. In addition, the subject matters of all documents cited in the specification are also incorporated here by reference. </p><p id="p0126" num="0126">Industrial Applicability </p><p id="p0127" num="0127"> The oil-soluble deodorant composition of the present invention contains at least one of dimer acids and trimer acids as an active ingredient, and thus the composition exhibits excellent deodorization effects on odors of ammonia, amines such as trimethylamine and the like, as compared to conventional oil-soluble deodorant compositions. </p><p id="p0128" num="0128"> In addition, the dimer acids contained in the oil-soluble deodorant composition of the present invention have a skeleton of dicarboxylic acid and the trimer acids therein have a skeleton of tricarboxylic acid. The dimer and trimer acids are readily dissolved in oil-soluble solvent such as hydrocarbon and are thus considerably useful. </p><p id="p0129" num="0129"> Furthermore, dimer acids and trimer acids are liquid substances that are flowable in spite of their large molecular weights and the oil-soluble deodorant composition of the present invention is excellent in terms of handling. </p><p id="p0130" num="0130"> In addition, since the oil-soluble deodorant composition of the present invention is free of an irritant odor or the like, it is highly safe and may be added to various products, thus being considerably useful. 
</p></description><claims mxw-id="PCLM44997787" ref-ucid="WO-2012121359-A1" lang="EN" load-source="patent-office"><claim-statement><!-- EPO <DP n="21"/>-->CLAIMS </claim-statement><claim id="clm-0001" num="1"><claim-text>1. An oil-soluble deodorant composition comprising at least one of a dimer acids and a trimer acids as an active ingredient. </claim-text></claim><claim id="clm-0002" num="2"><claim-text>2. The oil-soluble deodorant composition according to claim 1, wherein the dimer acids is at least one of a dimer acid and a hydrogenated dimer acid. </claim-text></claim><claim id="clm-0003" num="3"><claim-text>3. The oil-soluble deodorant composition according to claim 1 or 2, wherein the trimer acids is at least one of a trimer acid and a hydrogenated trimer acid. </claim-text></claim><claim id="clm-0004" num="4"><claim-text>4. The oil-soluble deodorant composition according to any one of claims 1 to 3, further comprising at least one of a fatty acid metal salt and an organic acid metal salt. </claim-text></claim><claim id="clm-0005" num="5"><claim-text>5. The oil-soluble deodorant composition according to claim 4, wherein the metal of the at least one of the fatty acid metal salt and the organic acid metal salt is one or more selected from the group consisting of sodium, potassium, calcium, copper, iron, zinc and magnesium. </claim-text></claim><claim id="clm-0006" num="6"><claim-text>6. The oil-soluble deodorant composition according to claim 4 or 5, wherein the fatty acid metal salt is zinc ricinoleate. </claim-text></claim><claim id="clm-0007" num="7"><claim-text>7. The oil-soluble deodorant composition according to any one of claims 1 to 6, wherein a total content of the dimer acids and trimer acids is 0.1% by weight or more. </claim-text></claim><claim id="clm-0008" num="8"><claim-text>8. A method for deodorizing ammonia odor or amine odor using at least one of a dimer acids and a trimer acids. </claim-text></claim><claim id="clm-0009" num="9"><claim-text>9. A method for deodorizing ammonia odor or amine odor, comprising applying at least one of a dimer acids and a trimer acids to a subject to be deodorized, or applying at least one of a dimer acids and a trimer acids near a subject to be deodorized. </claim-text></claim></claims><copyright>User acknowledges that Fairview Research LLC and its third party providers retain all right, title and interest in and to this xml under applicable copyright laws.  User acquires no ownership rights to this xml including but not limited to its format.  User hereby accepts the terms and conditions of the Licence Agreement</copyright></patent-document>
