<?xml version="1.0" encoding="UTF-8"?>
<patent-document ucid="EP-2958529-A1" country="EP" doc-number="2958529" kind="A1" date="20151230" family-id="49003880" file-reference-id="317083" date-produced="20180822" status="corrected" lang="FR"><bibliographic-data><publication-reference fvid="160453655" ucid="EP-2958529-A1"><document-id><country>EP</country><doc-number>2958529</doc-number><kind>A1</kind><date>20151230</date><lang>FR</lang></document-id></publication-reference><application-reference ucid="EP-14711811-A" is-representative="NO"><document-id mxw-id="PAPP193870278" load-source="patent-office" format="original"><country>EP</country><doc-number>14711811.1</doc-number><date>20140219</date><lang>FR</lang></document-id><document-id mxw-id="PAPP193870279" load-source="docdb" format="epo"><country>EP</country><doc-number>14711811</doc-number><kind>A</kind><date>20140219</date><lang>FR</lang></document-id></application-reference><priority-claims><priority-claim mxw-id="PPC162027345" ucid="FR-1351441-A" load-source="docdb"><document-id format="epo"><country>FR</country><doc-number>1351441</doc-number><kind>A</kind><date>20130220</date></document-id></priority-claim><priority-claim mxw-id="PPC162028652" ucid="FR-1355163-A" load-source="docdb"><document-id format="epo"><country>FR</country><doc-number>1355163</doc-number><kind>A</kind><date>20130605</date></document-id></priority-claim><priority-claim mxw-id="PPC162034488" ucid="FR-2014050344-W" linkage-type="W" load-source="docdb"><document-id format="epo"><country>FR</country><doc-number>2014050344</doc-number><kind>W</kind><date>20140219</date></document-id></priority-claim></priority-claims><technical-data><classifications-ipcr><classification-ipcr mxw-id="PCL-1988520368" load-source="docdb">A47C   7/02        20060101ALI20140911BHEP        </classification-ipcr><classification-ipcr mxw-id="PCL-1988523382" load-source="docdb">A63B  71/12        20060101ALI20140911BHEP        </classification-ipcr><classification-ipcr mxw-id="PCL-1988524418" load-source="docdb">A61F   5/00        20060101AFI20140911BHEP        </classification-ipcr><classification-ipcr mxw-id="PCL-1988524736" load-source="docdb">A41D   1/08        20060101ALI20140911BHEP        </classification-ipcr></classifications-ipcr><classifications-cpc><classification-cpc mxw-id="PCL-1611576377" load-source="docdb" scheme="CPC">A47C   7/029       20180801 LI20180802BHEP        </classification-cpc><classification-cpc mxw-id="PCL-1981009120" load-source="docdb" scheme="CPC">A61F   5/058       20130101 LI20160107BHEP        </classification-cpc><classification-cpc mxw-id="PCL-1981010339" load-source="docdb" scheme="CPC">A61F   5/0093      20130101 LI20160119BHEP        </classification-cpc><classification-cpc mxw-id="PCL-1981010492" load-source="docdb" scheme="CPC">A61F   5/01        20130101 FI20160107BHEP        </classification-cpc><classification-cpc mxw-id="PCL-1987772229" load-source="docdb" scheme="CPC">A63B  71/1216      20130101 LI20140516BHEP        </classification-cpc><classification-cpc mxw-id="PCL-1987775787" load-source="docdb" scheme="CPC">A41D  13/0506      20130101 LI20141201BHEP        </classification-cpc><classification-cpc mxw-id="PCL-1987784017" load-source="docdb" scheme="CPC">A61F   5/00        20130101 LI20140825BHEP        </classification-cpc></classifications-cpc><invention-title mxw-id="PT165552431" lang="DE" load-source="patent-office">ERGONOMISCHE SCHUTZHÜLSENVORRICHTUNG FÜR PERINEALORTHESEN</invention-title><invention-title mxw-id="PT165552432" lang="EN" load-source="patent-office">ERGONOMIC PROTECTIVE SHELL DEVICE OF THE PERINEAL ORTHOSIS TYPE</invention-title><invention-title mxw-id="PT165552433" lang="FR" load-source="patent-office">DISPOSITIF DE COQUE PROTECTRICE ERGONOMIQUE DE TYPE ORTHESE PERINEALE</invention-title></technical-data><parties><applicants><applicant mxw-id="PPAR1103344543" load-source="docdb" sequence="1" format="epo"><addressbook><last-name>CLARIPHARM</last-name><address><country>FR</country></address></addressbook></applicant><applicant mxw-id="PPAR1103343867" load-source="docdb" sequence="1" format="intermediate"><addressbook><last-name>CLARIPHARM</last-name></addressbook></applicant><applicant mxw-id="PPAR1101639596" load-source="patent-office" sequence="1" format="original"><addressbook><last-name>Claripharm</last-name><iid>101477181</iid><address><street>9 rue des Croix Roses</street><city>22400 St Alban</city><country>FR</country></address></addressbook></applicant></applicants><inventors><inventor mxw-id="PPAR1103314026" load-source="docdb" sequence="1" format="epo"><addressbook><last-name>GIQUEL LOÏC</last-name><address><country>FR</country></address></addressbook></inventor><inventor mxw-id="PPAR1103340474" load-source="docdb" sequence="1" format="intermediate"><addressbook><last-name>Giquel, Loïc</last-name></addressbook></inventor><inventor mxw-id="PPAR1101653945" load-source="patent-office" sequence="1" format="original"><addressbook><last-name>Giquel, Loïc</last-name><address><street>9 rue Alphonse Tavan</street><city>F-34090 Montpellier</city><country>FR</country></address></addressbook></inventor><inventor mxw-id="PPAR1103340161" load-source="docdb" sequence="2" format="epo"><addressbook><last-name>LAGADEUC CLARISSE</last-name><address><country>FR</country></address></addressbook></inventor><inventor mxw-id="PPAR1103342678" load-source="docdb" sequence="2" format="intermediate"><addressbook><last-name>LAGADEUC, Clarisse</last-name></addressbook></inventor><inventor mxw-id="PPAR1101649090" load-source="patent-office" sequence="2" format="original"><addressbook><last-name>LAGADEUC, Clarisse</last-name><address><street>48 Chemin du Bignon</street><city>F-22370 PLENEUF VAL ANDRE</city><country>FR</country></address></addressbook></inventor></inventors><agents><agent mxw-id="PPAR1101646141" load-source="patent-office" sequence="1" format="original"><addressbook><last-name>Rhein, Alain</last-name><iid>101121778</iid><address><street>Cabinet BREV&amp;SUD 55 Avenue Clément Ader</street><city>34170 Castelnau Le Lez</city><country>FR</country></address></addressbook></agent></agents></parties><international-convention-data><pct-or-regional-filing-data ucid="FR-2014050344-W"><document-id><country>FR</country><doc-number>2014050344</doc-number><kind>W</kind><date>20140219</date><lang>FR</lang></document-id></pct-or-regional-filing-data><pct-or-regional-publishing-data ucid="WO-2014128405-A1"><document-id><country>WO</country><doc-number>2014128405</doc-number><kind>A1</kind><date>20140828</date><lang>FR</lang></document-id></pct-or-regional-publishing-data><designated-states><ep-contracting-states><country mxw-id="DS660794346" load-source="docdb">AL</country><country mxw-id="DS660721704" load-source="docdb">AT</country><country mxw-id="DS660794347" load-source="docdb">BE</country><country mxw-id="DS660639774" load-source="docdb">BG</country><country mxw-id="DS660755722" load-source="docdb">CH</country><country mxw-id="DS660644692" load-source="docdb">CY</country><country mxw-id="DS660644693" load-source="docdb">CZ</country><country mxw-id="DS660641203" load-source="docdb">DE</country><country mxw-id="DS660794348" load-source="docdb">DK</country><country mxw-id="DS660794349" load-source="docdb">EE</country><country mxw-id="DS660722782" load-source="docdb">ES</country><country mxw-id="DS660639779" load-source="docdb">FI</country><country mxw-id="DS660639780" load-source="docdb">FR</country><country mxw-id="DS660641204" load-source="docdb">GB</country><country mxw-id="DS660794350" load-source="docdb">GR</country><country mxw-id="DS660641205" load-source="docdb">HR</country><country mxw-id="DS660644694" load-source="docdb">HU</country><country mxw-id="DS660755727" load-source="docdb">IE</country><country mxw-id="DS660794351" load-source="docdb">IS</country><country mxw-id="DS660639781" load-source="docdb">IT</country><country mxw-id="DS660794352" load-source="docdb">LI</country><country mxw-id="DS660641206" load-source="docdb">LT</country><country mxw-id="DS660721705" load-source="docdb">LU</country><country mxw-id="DS660639782" load-source="docdb">LV</country><country mxw-id="DS660641211" load-source="docdb">MC</country><country mxw-id="DS660721706" load-source="docdb">MK</country><country mxw-id="DS660721711" load-source="docdb">MT</country><country mxw-id="DS660721712" load-source="docdb">NL</country><country mxw-id="DS660755728" load-source="docdb">NO</country><country mxw-id="DS660721713" load-source="docdb">PL</country><country mxw-id="DS660722787" load-source="docdb">PT</country><country mxw-id="DS660731985" load-source="docdb">RO</country><country mxw-id="DS660722788" load-source="docdb">RS</country><country mxw-id="DS660721714" load-source="docdb">SE</country><country mxw-id="DS660641213" load-source="docdb">SI</country><country mxw-id="DS660755729" load-source="docdb">SK</country><country mxw-id="DS660755730" load-source="docdb">SM</country><country mxw-id="DS660794353" load-source="docdb">TR</country></ep-contracting-states><ep-extended-states><ep-extended-state-data><country>BA</country></ep-extended-state-data><ep-extended-state-data><country>ME</country></ep-extended-state-data></ep-extended-states></designated-states></international-convention-data><office-specific-data><eptags><ep-no-a-document-published>*</ep-no-a-document-published></eptags></office-specific-data></bibliographic-data><abstract mxw-id="PA139080612" ref-ucid="WO-2014128405-A1" lang="EN" load-source="patent-office"><p num="0000">The present invention relates to an ergonomic protective shell device (1) of the orthosis type, consisting of a structure provided with a front end (2) and a rear end (3), said structure having a shape widening from the front end (2) to the rear end (3) and symmetrical along a longitudinal vertical median plane, characterized in that said structure comprises at least one cavity (7) extending from one to the other of said ends (2, 3) and following said widening shape and comprising a narrowing in the area of the widened rear end (3), and in that said structure comprises rigid support zones (8) formed in the area of said widened rear end (3) on each side of said narrowing.</p></abstract><abstract mxw-id="PA139547065" ref-ucid="WO-2014128405-A1" lang="EN" source="national office" load-source="docdb"><p>The present invention relates to an ergonomic protective shell device (1) of the orthosis type, consisting of a structure provided with a front end (2) and a rear end (3), said structure having a shape widening from the front end (2) to the rear end (3) and symmetrical along a longitudinal vertical median plane, characterized in that said structure comprises at least one cavity (7) extending from one to the other of said ends (2, 3) and following said widening shape and comprising a narrowing in the area of the widened rear end (3), and in that said structure comprises rigid support zones (8) formed in the area of said widened rear end (3) on each side of said narrowing.</p></abstract><abstract mxw-id="PA139080613" ref-ucid="WO-2014128405-A1" lang="FR" load-source="patent-office"><p num="0000">La présente invention concerne un dispositif (1) de coque protectrice ergonomique de type orthèse, constitué d'une structure pourvue d'une extrémité antérieure (2) et d'une extrémité postérieure (3), ladite structure présentant une forme évasée croissante depuis l'extrémité antérieure (2) vers l'extrémité postérieure (3) et symétrique selon un plan médian vertical longitudinal, caractérisé par le fait que ladite structure comprend au moins une cavité (7) s'étendant de l'une à l'autre desdites extrémités (2,3) en suivant ladite forme évasée, et comprenant un rétrécissement au niveau de l'extrémité postérieure (3) évasée, et par le fait que ladite structure comprend des zones (8) rigides d'appui ménagées au niveau de ladite extrémité postérieure (3) évasée de part et d'autre dudit rétrécissement.</p></abstract><abstract mxw-id="PA139547066" ref-ucid="WO-2014128405-A1" lang="FR" source="national office" load-source="docdb"><p>La présente invention concerne un dispositif (1) de coque protectrice ergonomique de type orthèse, constitué d'une structure pourvue d'une extrémité antérieure (2) et d'une extrémité postérieure (3), ladite structure présentant une forme évasée croissante depuis l'extrémité antérieure (2) vers l'extrémité postérieure (3) et symétrique selon un plan médian vertical longitudinal, caractérisé par le fait que ladite structure comprend au moins une cavité (7) s'étendant de l'une à l'autre desdites extrémités (2,3) en suivant ladite forme évasée, et comprenant un rétrécissement au niveau de l'extrémité postérieure (3) évasée, et par le fait que ladite structure comprend des zones (8) rigides d'appui ménagées au niveau de ladite extrémité postérieure (3) évasée de part et d'autre dudit rétrécissement.</p></abstract><description mxw-id="PDES78478332" ref-ucid="WO-2014128405-A1" lang="FR" load-source="patent-office"><!-- EPO <DP n="3"/>--><p id="p0001" num="0001"> DISPOSITIF DE COQUE PROTECTRICE ERGONOMIQUE DE TYPE ORTHESE PERINEALE </p><p id="p0002" num="0002">La présente invention entre dans le domaine médical et paramédical pour la prévention de la douleur et l'amélioration du confort d'un patient, préférentiellement d'une patiente. </p><p id="p0003" num="0003"> L'invention trouvera une application particulière dans le cadre d'un patient, préfèrenttellement d'une patiente, ayant subi une intervention médicale, notamment chirurgicale, souffrant de douleurs à l'entrejambe suite à une telle intervention ou en raison d'une pathologie. </p><p id="p0004" num="0004"> En particulier, mais non limitativement , l'invention sera utilisée auprès de patientes au niveau vaginal, périnéal et anal en prévention de la douleur induite par des sutures, des cicatrices et des plaies, ainsi que toute autre douleur, notamment induite par la luxation ou une fracture du coccyx. </p><p id="p0005" num="0005"> Selon des modes de réalisation alternatifs, l'invention sera utilisée auprès de patients essentiellement, mais non limitativement, au niveau anal dans un cadre similaire de prévention. </p><p id="p0006" num="0006"> L'invention concerne particulièrement un dispositif de coque protectrice ergonomique de type orthèse, destinée à être placée au niveau de l'entrejambe d'un patient, de préférence d'une patiente. </p><p id="p0007" num="0007">De nombreuses circonstances peuvent provoquer des douleurs à l'entrejambe d'un patient ou d'une patiente. A titre d'exemple, suite à un accouchement, une femme peut avoir reçu des points de suture après une déchirure des tissus ou une épisiotomie, mais avoir des éraillures vulvaires ou anales. Dans d'autres cas, une patiente peut souffrir d'hémorroïdes, d'hématomes ainsi qu'en raison d'une luxation du coccyx. De telles douleurs peuvent aussi provenir de traitements de condylomes périnéaux et vulvaires, ou bien peuvent être provoquées suite à une intervention sur le périnée suite à une bartholinite, une plastie vulvaire ou des cures de prolapsus 
<!-- EPO <DP n="4"/>-->
par voie basse. </p><p id="p0008" num="0008"> Si ces douleurs sont supportables en statures débout ou allongée, elles se manifestent de façon contraignante et difficilement supportable en position assise, appliquant une pression sur les zones sensibles. </p><p id="p0009" num="0009"> Dans certains cas, ces pressions sont néfastes pour le bon rétablissement du patient ou de la patiente, notamment la cicatrisation éventuelle des tissus, et peuvent aller jusqu'à provoquer des complications ou bien des pathologies connexes, comme des douleurs articulaires au niveau du dos et des épaules, en raison d'un mauvais positionnement assis. Suite à un accouchement et lors de l'allaitement, cette malposition peut aussi provoquer des crevasses mamelonnaires, une mauvaise vidange des seins, des engorgements douloureux ou bien des mastites. </p><p id="p0010" num="0010">Actuellement, il existe une solution précaire sous la forme d'un coussin gonflable de forme annulaire, ménageant un espace libre central et offrant un appui périphérique sur lequel le patient ou la patiente s'assoie. Un tel coussin est généralement gonflé pour le remplir d'air. Mais il n'apporte toutefois pas entière satisfaction, en raison de son peu d'ergonomie, entraînant son déplacement de la zone à protéger par glissement. De plus, un tel coussin perd régulièrement de sa pression et doit être regonflé périodiquement. Enfin, il est volumineux et encombrant, très peu pratique une fois en place. </p><p id="p0011" num="0011">La présente invention propose une alternative qui a pour but de pallier les inconvénients de l'état de la technique, en proposant un dispositif de coque protectrice ergonomique de type orthèse. </p><p id="p0012" num="0012"> Une telle coque présente une forme à même de la positionner et la maintenir au niveau de l'entrejambe, tout en autorisant des appuis sur des zones anatomiques distantes des zones sensibles objets de la douleur potentielle. </p><p id="p0013" num="0013"> De plus, son caractère ergonomique est particulièrement 
<!-- EPO <DP n="5"/>-->
adapté à la morphologie du bassin, masculin ou féminin, ses dimensions pouvant être adaptées en fonction de la corpulence , de la taille et du sexe de la personne. </p><p id="p0014" num="0014"> Pour ce faire, un tel dispositif est constitué d'une structure pourvue d'une extrémité antérieure et d'une extrémité postérieure, ladite structure présentant une forme évasée croissante depuis l'extrémité antérieure vers l'extrémité postérieure et symétrique selon un plan médian vertical longitudinal. De plus il se caractérise par le fait que ladite structure comprend au moins une cavité s 'étendant de l'une à l'autre desdites extrémités en suivant ladite forme évasée, et comprenant un rétrécissement au niveau de l'extrémité postérieure évasée, et par le fait que ladite structure comprend des zones rigides d' appui ménagées au niveau de ladite extrémité postérieure évasée de part et d'autre dudit rétrécissement . </p><p id="p0015" num="0015"> Ainsi, un patient portant ou une patiente équipée de l'orthèse selon l'invention peut s'assoir plus confortablement, mais aussi le passage vers la position assise est facilité et rendu moins douloureux. </p><p id="p0016" num="0016"> De plus, selon d'autres caractéristiques non limitatives lesdites zones d' appui peuvent être constituées par une épaisseur pleine depuis le fond de ladite cavité. </p><p id="p0017" num="0017"> Selon un mode de réalisation préférentielle, ladite cavité peut présenter un fond arrondi . </p><p id="p0018" num="0018"> De préférence, ladite cavité peut comprendre en face inférieure un maillage de renforcement selon des arêtes saillantes extérieurement et sécantes entre elles . </p><p id="p0019" num="0019"> En particulier, ladite cavité peut comprendre des orifices traversant son fond répartis sur sa longueur. </p><p id="p0020" num="0020"> En outre, la forme globalement concave de cette orthèse forme un bac de récupération d'éventuels fluides corporels et autres sécrétions, comme des lochies, permettant leur canalisation et leur évacuation, notamment par l'intermédiaire d'orifices, ces derniers pouvant être situés en vis-à-vis du vagin dans la version féminine d' une telle orthèse . 
<!-- EPO <DP n="6"/>-->
 Selon un mode de réalisation, la structure peut comprendre au moins une frange périphérique de contact s 'étendant horizontalement en saillie au moins sur une partie du pourtour en face supérieure de ladite structure. </p><p id="p0021" num="0021"> Selon un autre mode de réalisation, ladite structure peut être constituée d'un unique élément réalisé en un matériau siliconé semi-rigide . </p><p id="p0022" num="0022"> Selon encore un autre mode de réalisation, prévu pour l'homme, que ladite extrémité antérieure peut comprendre une ouverture. </p><p id="p0023" num="0023"> De préférence, dans cette configuration masculine, la structure peut comprendre au niveau de l'extrémité antérieure des moyens de fixation se présentant sous la forme d'au moins une paire de brins s 'étendant en vis-à-vis de part et d'autre de ladite cavité, lesdits brins présentant à leur extrémité libre (103) des moyens de connexion. </p><p id="p0024" num="0024">Dès lors, la forme combinée à une structure en matériau spécifique permet d'offrir une zone d'appui plus rigide que le reste de l'orthèse, améliorant son application au contact du corps de la patiente et épousant parfaitement sa morphologie. </p><p id="p0025" num="0025"> D'autres caractéristiques et avantages de l'invention ressortiront de la description détaillée qui va suivre des modes de réalisation non limitatifs de l'invention, en référence aux figures annexées, dans lesquelles : </p><p id="p0026" num="0026"> - la figure 1 représente en perspective depuis une vue arrière de dessus d' un mode spécifique de réalisation d' un dispositif d' orthèse selon l'invention, une telle orthèse étant destinée à une patiente ; </p><p id="p0027" num="0027"> - la figure 2 représente en perspective une vue avant de dessus de la figure 1 ; </p><p id="p0028" num="0028"> - la figure 3 représente une vue plane de dessus d'un mode spécifique de réalisation ; </p><p id="p0029" num="0029"> - la figure 4 représente une vue plane selon une coupe verticale longitudinale médiane de la figure 3 ; </p><p id="p0030" num="0030"> - la figure 5 représente une vue plane selon une coupe 
<!-- EPO <DP n="7"/>-->
verticale transversale de la figure 3 selon un axe A-A' ; </p><p id="p0031" num="0031"> - la figure 6 représente une vue plane selon une coupe verticale transversale de la figure 3 selon un axe B-B' ; </p><p id="p0032" num="0032"> - la figure 7 représente en perspective une vue de dessous du mode préférentiel de réalisation ; </p><p id="p0033" num="0033"> - la figure 8 représente en perspective une vue de dessus de la figure 7 ; </p><p id="p0034" num="0034"> - la figure 9 représente en perspective de trois-quarts avant une vue de dessus d'un autre mode de réalisation d' orthèse destinée à un patient ; et </p><p id="p0035" num="0035"> - la figure 10 représente un vue en plan de dessous de la figure 9. </p><p id="p0036" num="0036"> La présente invention concerne un dispositif 1 de coque protectrice ergonomique de type orthèse . </p><p id="p0037" num="0037"> Un tel dispositif 1 est constitué d'une structure prévue au moins partiellement souple et creuse, de manière à venir être accolée contre la peau d'un patient ou d'une patiente au niveau de son entrejambe, se déformant pour épouser son anatomie, sans pour autant venir au contact et en appui de zones douloureuses induites par les raisons précédemment évoquées. En particulier, la forme de la structure présente un espace central creux, qui, une fois l' orthèse mise en place, se retrouve en vis-à-vis de la zone anatomique visée s 'étendant pour l'homme depuis l'arrière des testicules jusque sous l'anus et pour la femme depuis l'ouverture vaginale jusqu'à l'anus et empêche le contact et l'appui à ce niveau. </p><p id="p0038" num="0038"> Pour ce faire, tout d'abord, ladite structure est pourvue d'une extrémité antérieure 2, destinées à être positionnée vers l'avant pour l'homme au derrière des testicules et pour la femme au niveau du vagin ou de l'abdomen de la patiente, et d'une extrémité postérieure 3, destinée à être positionnée vers l'arrière au niveau de l'anus ou du fessier. </p><p id="p0039" num="0039"> En outre, ladite structure présente une face supérieure 4 et une face inférieure 5, ladite face supérieure 4 étant destinée à venir être accolée contre la peau lors de sa mise en place . 
<!-- EPO <DP n="8"/>-->
 Tout d'abord, pour la femme, comme représenté sur les figures 1 à 9, cette structure présente une forme générale oblongue et allongée. Plus précisément, cette forme est évasée et croissante depuis l'extrémité antérieure 2 vers l'extrémité postérieure 3. En somme, les parois longitudinales s 'étendant latéralement vont en s 'écartant depuis l'avant vers l'arrière, la structure étant plus large à ce dernier endroit . </p><p id="p0040" num="0040"> On notera que cet évasement peut être rectiligne ou sensiblement rectiligne le long d'une portion avant de la structure et courbe ou incurvé, avec une inflexion ou une croissance plus importante au niveau de l'autre portion située à l'arrière. De plus, au niveau de cette dernière et de l'extrémité postérieure, le bord arrière de la structure peut aussi être arrondi selon un arc de cercle reliant deux extrémités latérales situées au plus large de l' évasement. </p><p id="p0041" num="0041"> Par ailleurs, cette forme est symétrique selon un plan médian vertical longitudinal. </p><p id="p0042" num="0042"> Un exemple de réalisation d'une telle forme est visible sur la figure 4. </p><p id="p0043" num="0043"> Ainsi, ladite structure présente alors sensiblement et globalement une forme de selle de cycle, ou d'un T arrondi et inversé, coïncidant avec la morphologie humaine au niveau de l'entrejambe et permettant d'être positionné à cet endroit. </p><p id="p0044" num="0044"> Par ailleurs, pour l'homme, comme représenté sur les figures 10 et 11, la structure du dispositif 1 d' orthèse est raccourcie, ne présentant pas une forme allongée, mais plus compacte. En d'autres termes, l'extrémité antérieure 2 ne se retrouve pas déportée vers l'avant, mais reculée en arrière, pour venir coïncider avec l'anatomie génitale masculine. </p><p id="p0045" num="0045"> Dès lors, la forme évasée de la structure de l' orthèse pour homme croit plus fortement depuis cette extrémité antérieure 2 vers l'extrémité postérieure 3. En somme, les parois longitudinales s 'étendant latéralement vont en s' écartant depuis l'avant vers l'arrière selon un angle initial plus important, notamment supérieur à 45°, par rapport à l'axe médian longitudinal . 
<!-- EPO <DP n="9"/>-->
 Selon les modes de réalisation représentés sur les figures 1 à 6 ainsi que 10 et 11, la structure est présentée à plat. Selon un autre mode de réalisation, représenté sur les figures 7 et 8, ladite structure peut présenter une forme arquée ou incurvée, de forme alors concave au niveau de sa face supérieure 4 , de manière à épouser le galbe arrondi de 1' anatomie . </p><p id="p0046" num="0046">Selon une caractéristique essentielle, ladite structure est prévue creuse, afin de ne pas être en contact avec des zones anatomiques douloureuses . </p><p id="p0047" num="0047"> Pour ce faire, ladite structure comprend au moins une cavité 7 s' étendant de l'une à l'autre desdites extrémités antérieure 2 et postérieure 3 en suivant ladite forme évasée . En somme, la structure présente, vue depuis le dessus, des parois concaves ménageant au moins un espace creux. </p><p id="p0048" num="0048"> En particulier, selon le mode préférentiel de réalisation, particulièrement visible sur les figures 1, 2 et 5, la structure présente au niveau de la cavité 7 une unique paroi arrondie 70. En somme, ladite cavité 7 présente un fond arrondi. En outre, ce fond a une section d'arc de cercle, de corde plus ou moins longue en fonction de l'endroit où il est situé par rapport à l'évasement, réciproquement à l'arrière ou à 1 ' avant . </p><p id="p0049" num="0049"> De plus, dans le mode de réalisation masculin, ladite extrémité antérieure 2 peut présenter une ouverture 100. Le chant périphérique de cette dernière va alors venir au contact de la face postérieure du scrotum, assurant ainsi la fermeture de la cavité 7. </p><p id="p0050" num="0050"> Selon un mode de réalisation masculine alternatif, non représenté, l'ouverture 100 de l'extrémité antérieure 2 peut être obturée par une paroi . Cette dernière peut être prévu souple et incurvée, présentant une forme ergonomique pour venir au contact des testicules, au niveau de la face postérieure du scrotum. </p><p id="p0051" num="0051"> De plus, dans le mode masculin de réalisation, la 
<!-- EPO <DP n="10"/>-->
structure du dispositif 1 comprend des moyens 101 de fixation destinés à assujettir l'orthèse et la rendre solidaire de l'anatomie de l'homme. De préférence, ces moyens 101 permettent de fixer le dispositif 1 au niveau de la base de la verge . </p><p id="p0052" num="0052"> Selon le mode préférentiel de réalisation, les moyens de fixation 101 se situent au niveau de l'extrémité antérieure 2. En particulier, ils peuvent être constitués par au moins une parie de brins 102 s' étendant en vis-à-vis, de part et d'autre de la cavité 7, au niveau de ladite ouverture 100. De tels brins 102 peuvent avoir une section ronde ou aplatie, formant dans ce dernier cas des sangles . Ces brins 102 présentent à leur extrémité libre 103 des moyens de connexion 104. Ces derniers permettent de fixer ensemble lesdites extrémités 103, formant alors une boucle fermée . </p><p id="p0053" num="0053"> De plus, les moyens de connexion 104 peuvent être prévus réglable, afin d'ajuster le diamètre de cette boucle, en particulier d' augmenter ou de rétrécir la taille de ladite boucle, en fonction de l'anatomie de la verge du patient. </p><p id="p0054" num="0054"> Selon le mode préférentiel de réalisation, représenté sur les figures 10 et 11, lesdits moyens de connexion 104 peuvent être constitués, à l'extrémité 103 d'un premier brin 102 par une section de moindre diamètre, formant une partie mâle, destinée à coopérer en emboîtement au sein d'un orifice, formant une partie femelle de forme et dimensions complémentaires, dont est pourvu l'extrémité 103 d'un second brin 102. </p><p id="p0055" num="0055"> En outre, ladite section de moindre diamètre peut être pourvue de rendent, notamment de forme annulaire, répartie régulièrement sur la longueur de l'extrémité 103 dudit premier brin 102. Ces anneaux permettent d' indexer des positions en les introduisant en force au sein dudit orifice de la partie femelle du second brin opposé 102, formant ainsi des butées. </p><p id="p0056" num="0056"> On notera que les brins 102 peuvent former un bourrelet 105 au niveau et le long du chant de l'ouverture 100, améliorant le contact contre le scrotum. </p><p id="p0057" num="0057"> En outre, lesdits brins 102 peuvent être 
<!-- EPO <DP n="11"/>-->
préférentiellement prévus souples . Ils peuvent être constitués du même matériau que le reste du dispositif 1. </p><p id="p0058" num="0058"> Selon une caractéristique additionnelle, pour tout dispositif 1 d'orthèse pour homme ou pour femme, comme visible sur la figure 2, ladite cavité 7 peut comprendre en face inférieure un maillage de renforcement selon des arêtes 71 saillantes extérieurement et sécantes entre elles . En particulier, une arête centrale peut s'étendre selon l'axe médian de symétrie, tandis que d'autres arêtes viennent la rejoindre en croissant leur direction respective. Une autre arête transversale peut s'étendre en passant par les extrémités latérales 6. </p><p id="p0059" num="0059"> En outre, ce maillage permet de rigidifier la structure du dispositif 1, tout en autorisant sa déformation. </p><p id="p0060" num="0060"> A ce titre, ladite structure est préférentiellement constituée d'un unique élément réalisé en un matériau siliconé semi-rigide. En somme, ce matériau assure une souplesse, une élasticité et une mémoire de forme à l'orthèse, autorisant sa déformation pour venir être apposée et épouser l'anatomie, puis revenir en position d'origine, comme visible sur les figures 1 et 2, notamment en vue de son nettoyage et de son stockage. </p><p id="p0061" num="0061"> De préférence, ledit matériau peut être un silicone biocompatible et microporeux. De préférence, ledit silicone peut être un silicone médical antibactérien. </p><p id="p0062" num="0062"> Dès lors, ledit maillage assure le maintien en forme de la structure au regard de la souplesse du matériau la constituant, en particulier dans le cas du silicone qui est un matériau très souple. Ainsi, même déformée et positionnée au niveau de l'entrejambe, la structure conserve le creux de la cavité 7. </p><p id="p0063" num="0063"> A ce titre, le creux permet de récupérer des écoulements éventuels de fluides corporels, notamment des lochies. Afin d'éviter que ces fluides stagnes au sein de la cavité 7, la cavité 7 prévoit de canaliser lesdits fluides vers l'extérieur. Pour ce faire, d'une part, la forme arrondie de la cavité 7 permet de guider l'écoulement vers sa partie basse. D'autre part, ladite cavité 7 peut comprendre des orifices 72 
<!-- EPO <DP n="12"/>-->
traversant son fond répartis sur sa longueur, de préférence de part et d'autre du plan médian de symétrie. </p><p id="p0064" num="0064">Avantageusement, le dispositif 1 prévoit d'offrir des zones d'appui destinées à être positionnées en vis-à-vis de deux zones anatomiques situées de part et d'autre du périnée entre l'orifice anal et l'ouverture vaginale pour la femme ou entre l'arrière du scrotum pour l'homme, au niveau du périnée postérieur et à proximité des tubérosités ischiatiques . </p><p id="p0065" num="0065"> Pour ce faire, ladite cavité comprend un rétrécissement au niveau de l'extrémité postérieure 3 évasée. En somme, à l'endroit arrière le plus large de la structure, la largeur de la cavité 7 est présente une diminution, comme visible sur la figure 6. </p><p id="p0066" num="0066"> En particulier, cette diminution peut être obtenue par l'intermédiaire de renfoncements 73. Ces derniers peuvent présenter une forme arrondie, convexe, comme visible sur la figure 3. </p><p id="p0067" num="0067"> Ce rétrécissement permet alors de ménager de part et d'autre de la cavité 7 deux parties plus épaisses destinées à recevoir en appui les zones anatomiques susmentionnées, sans occasionner de pression au niveau des zones sensibles et douloureuses du périnée et de l'anus. </p><p id="p0068" num="0068"> Ainsi, ladite structure comprend des zones rigides d' appui 8 ménagées au niveau de ladite extrémité postérieure 3 évasée de part et d'autre dudit rétrécissement. </p><p id="p0069" num="0069"> De plus, lesdites zones d'appui 8 peuvent être constituées par une épaisseur pleine depuis le fond de ladite cavité 7. En somme, sous les zones 8, la cavité 7 est remplie. Ce remplissage peut être réalisé avec le même matériau que celui constituant l'intégralité du dispositif 1, mais aussi part un matériau différent, par exemple un gel, offrant résistance mais aussi souplesse. Dans ce dernier cas, le matériau différent est enfermé dans une poche ménagée entre les parois latérales de la cavité 7 au niveau de chaque renfoncement 73, la paroi supérieure et la paroi inférieure de la structure . 
<!-- EPO <DP n="13"/>-->
 Selon un autre mode de réalisation, lesdites zones d'appui 8 peuvent être prévue partiellement creuses, notamment alvéolaires . Ces alvéoles peuvent notamment être sous forme d'un nid d'abeille. En somme, l'intérieur de ces zones 8 est creux et entretoisé de parois assurant la rigidité désirée. Cette aération intérieure permet aussi de diminuer d'au moins 20 à 25 % le poids du dispositif 1. </p><p id="p0070" num="0070"> Selon le mode de réalisation représenté sur la figure 8, l'épaisseur du reste de la structure au niveau de sa partie postérieure est aussi prévue alvéolaire, lesdites alvéoles 11 formant un treillis de renfort, limitant la déformation du dispositif 1 lorsqu'il est en place, notamment en appui lorsque le patient se met en position assise. Lesdites alvéoles 11 peuvent être réparties autour des zones d'appui 8 et de la concavité 7. </p><p id="p0071" num="0071"> On notera que ces alvéoles 11 peuvent être prévues de manière à déboucher en face inférieure 5 dudit dispositif 1. </p><p id="p0072" num="0072"> Selon une caractéristique additionnelle, afin d'améliorer la structure du dispositif 1 et de lui conférer la flexibilité et le maintien en flexibilité, sans se déformer outre mesure dans des configurations non désirées, ladite structure peut comprendre au niveau de sa partie arrière au moins une gorge 10. Cette dernière peut s'étendre au moins en partie autour de la partie arrière de la structure, de part et d'autre des zones d'appui 8. De plus, ladite gorge 10 est ménagée en face inférieure 5, sous forme d'au moins un évidement conformé globalement en V inversé. Ainsi, le fond de cette gorge 10 forme une arête intérieurement à ladite structure, augmentant sa rigidité . </p><p id="p0073" num="0073"> Selon le mode de réalisation représenté sur la figure 2, la gorge 10 comprend deux extrémités situées au niveau de l'évasement de la partie arrière de la structure. A partir de ces extrémités, la gorge 10 s'écarte vers l'arrière, à savoir que la largeur de son ouverture va croissante, puis se rétrécit jusqu'à de nouveau se joindre aux niveaux de chaque extrémité latérale 6. De plus, une portion de la gorge 10 se poursuit au 
<!-- EPO <DP n="14"/>-->
niveau de l'extrémité arrière 3 de la structure, formant un arc orienté sensiblement orthogonalement par rapport à l'axe médian longitudinal du dispositif 1. Enfin, cette portion de gorge va s 'écartant depuis les extrémités 6 jusqu'au centre au niveau dudit axe . </p><p id="p0074" num="0074">Selon une caractéristique additionnelle, le mode de réalisation préférentiel, représenté sur les figures, prévoit que la structure peut comprendre au moins une frange 9 périphérique de contact s 'étendant horizontalement en saillie au moins sur une partie du pourtour en face supérieure de ladite structure. Une telle frange assure, d'une part, un contact avec la peau et le maintien de la structure, notamment par adjonction d'adhésif directement sur la peau, et, d'autre part, l'étanchéité du dispositif 1, évitant les écoulements de sortir de la cavité 7. </p><p id="p0075" num="0075"> En outre, cette frange peut avoir une largeur différente à différent niveau de la périphérie de la structure, plus allongée vers l'avant, sensiblement équivalente sur tout le pourtour de la partie arrière évasée, mais moins large, jusqu'à inexistante au niveau de la partie médiane ou centrale . En effet, cette dernière est destinée à venir se loger au niveau de l'intérieur des cuisses où l'espace est le plus restreint. Ainsi, le dispositif 1 selon l'invention permet, du fait de la forme et la constitution de sa structure, un appui localisé à distance des zones anatomiques sensibles et douloureuses, tout en évitant le contact avec ces dernières disposées en vis-à-vis de la cavité 7, offrant une orthèse améliorant le confort et protégeant lesdites zones de tout pression . 
</p></description><claims mxw-id="PCLM70078620" ref-ucid="WO-2014128405-A1" lang="FR" load-source="patent-office"><claim-statement><!-- EPO <DP n="15"/>--> REVENDICATIONS </claim-statement><claim id="clm-0001" num="1"><claim-text>1. Dispositif (1) de coque protectrice ergonomique de type orthèse, constitué d'une structure pourvue d'une extrémité antérieure (2) et d'une extrémité postérieure (3), ladite structure présentant une forme évasée croissante depuis l'extrémité antérieure (2) vers l'extrémité postérieure (3) et symétrique selon un plan médian vertical longitudinal, caractérisé par le fait que ladite structure comprend au moins une cavité (7) s' étendant de l'une à l'autre desdites extrémités (2,3) en suivant ladite forme évasée, et comprenant un rétrécissement au niveau de l'extrémité postérieure (3) évasée, et par le fait que ladite structure comprend des zones (8) rigides d'appui ménagées au niveau de ladite extrémité postérieure (3) évasée de part et d'autre dudit rétrécissement . </claim-text></claim><claim id="clm-0002" num="2"><claim-text> 2. Dispositif de coque (1) selon la revendication 1, caractérisé par le fait que lesdites zones d'appui (8) sont constituées par une épaisseur pleine depuis le fond de ladite cavité (7) . </claim-text></claim><claim id="clm-0003" num="3"><claim-text> 3. Dispositif de coque (1) selon l'une quelconques des revendications précédentes, caractérisé par le fait que ladite cavité (7) présente un fond arrondi. </claim-text></claim><claim id="clm-0004" num="4"><claim-text> 4. Dispositif de coque (1) selon l'une quelconque des revendications précédentes, caractérisé par le fait que ladite cavité (7) comprend en face inférieure un maillage de renforcement selon des arêtes (71) saillantes extérieurement et sécantes entre elles . </claim-text></claim><claim id="clm-0005" num="5"><claim-text> 5. Dispositif de coque (1) selon l'une quelconque des revendications précédentes, caractérisé par le fait que ladite cavité (7) comprend des orifices (72) traversant son fond répartis sur sa longueur. </claim-text></claim><claim id="clm-0006" num="6"><claim-text> 6. Dispositif de coque (1) selon l'une quelconque des revendications précédentes, caractérisé par le fait que la structure comprend au moins une frange périphérique (9) de 
<!-- EPO <DP n="16"/>-->
contact s 'étendant horizontalement en saillie au moins sur une partie du pourtour en face supérieure de ladite structure . </claim-text></claim><claim id="clm-0007" num="7"><claim-text> 7. Dispositif de coque (1) selon l'une quelconque des revendications précédentes, caractérisé par le fait que ladite structure est constituée d'un unique élément réalisé en un matériau siliconé semi-rigide . </claim-text></claim><claim id="clm-0008" num="8"><claim-text> 8. Dispositif de coque (1) selon l'une quelconque des revendications précédentes, caractérisé par le fait que ladite structure présente une forme arquée ou incurvée en face supérieure (4) . </claim-text></claim><claim id="clm-0009" num="9"><claim-text> 9. Dispositif de coque (1) selon l'une quelconque des revendications précédentes, caractérisé par le fait que ladite extrémité antérieure (2) comprend une ouverture (100) </claim-text></claim><claim id="clm-0010" num="10"><claim-text> 10. Dispositif de coque (1) selon la revendication 9, caractérisé par le fait que la structure comprend au niveau de l'extrémité antérieure (2) des moyens de fixation (101) se présentant sous la forme d'au moins une paire de brins (102) s 'étendant en vis-à-vis de part et d'autre de ladite cavité (7) , lesdits brins (102) présentant à leur extrémité libre (103) des moyens de connexion (104) . 
</claim-text></claim></claims><copyright>User acknowledges that Fairview Research LLC and its third party providers retain all right, title and interest in and to this xml under applicable copyright laws.  User acquires no ownership rights to this xml including but not limited to its format.  User hereby accepts the terms and conditions of the Licence Agreement</copyright></patent-document>
