<?xml version="1.0" encoding="UTF-8"?>
<patent-document ucid="EP-2677882-A1" country="EP" doc-number="2677882" kind="A1" date="20140101" family-id="44475108" file-reference-id="315733" date-produced="20180823" status="corrected" lang="EN"><bibliographic-data><publication-reference fvid="146551755" ucid="EP-2677882-A1"><document-id><country>EP</country><doc-number>2677882</doc-number><kind>A1</kind><date>20140101</date><lang>EN</lang></document-id></publication-reference><application-reference ucid="EP-12704816-A" is-representative="NO"><document-id mxw-id="PAPP154825678" load-source="docdb" format="epo"><country>EP</country><doc-number>12704816</doc-number><kind>A</kind><date>20120221</date><lang>EN</lang></document-id><document-id mxw-id="PAPP196971923" load-source="docdb" format="original"><country>EP</country><doc-number>12704816.3</doc-number><date>20120221</date></document-id></application-reference><priority-claims><priority-claim mxw-id="PPC140454545" ucid="EP-11164664-A" load-source="docdb"><document-id format="epo"><country>EP</country><doc-number>11164664</doc-number><kind>A</kind><date>20110503</date></document-id></priority-claim><priority-claim mxw-id="PPC140448174" ucid="EP-12704816-A" load-source="docdb"><document-id format="epo"><country>EP</country><doc-number>12704816</doc-number><kind>A</kind><date>20120221</date></document-id></priority-claim><priority-claim mxw-id="PPC140445648" ucid="EP-2012052899-W" linkage-type="W" load-source="docdb"><document-id format="epo"><country>EP</country><doc-number>2012052899</doc-number><kind>W</kind><date>20120221</date></document-id></priority-claim><priority-claim mxw-id="PPC140453218" ucid="US-201161457309-P" load-source="docdb"><document-id format="epo"><country>US</country><doc-number>201161457309</doc-number><kind>P</kind><date>20110222</date></document-id></priority-claim></priority-claims><technical-data><classifications-ipcr><classification-ipcr mxw-id="PCL1988097822" load-source="docdb">A23L   1/302       20060101ALI20120913BHEP        </classification-ipcr><classification-ipcr mxw-id="PCL1988104970" load-source="docdb">A23L   1/303       20060101ALI20120913BHEP        </classification-ipcr><classification-ipcr mxw-id="PCL1988105680" load-source="docdb">A23L   1/10        20060101ALI20120913BHEP        </classification-ipcr><classification-ipcr mxw-id="PCL1988109724" load-source="docdb">A23L   1/168       20060101ALI20120913BHEP        </classification-ipcr><classification-ipcr mxw-id="PCL1988119060" load-source="docdb">A23L   1/304       20060101ALI20120913BHEP        </classification-ipcr><classification-ipcr mxw-id="PCL1988121800" load-source="docdb">A23L   1/105       20060101ALI20120913BHEP        </classification-ipcr><classification-ipcr mxw-id="PCL1988123796" load-source="docdb">A23L   1/03        20060101AFI20120913BHEP        </classification-ipcr><classification-ipcr mxw-id="PCL1988129766" load-source="docdb">A23L   1/29        20060101ALI20120913BHEP        </classification-ipcr><classification-ipcr mxw-id="PCL1988131384" load-source="docdb">A23L   1/20        20060101ALI20120913BHEP        </classification-ipcr></classifications-ipcr><classifications-cpc><classification-cpc mxw-id="PCL-1913138624" load-source="docdb" scheme="CPC">A23L  33/16        20160801 LI20160801BHEP        </classification-cpc><classification-cpc mxw-id="PCL-1913138799" load-source="docdb" scheme="CPC">A23L  33/155       20160801 LI20160801BHEP        </classification-cpc><classification-cpc mxw-id="PCL-1913140198" load-source="docdb" scheme="CPC">A23L   7/143       20160801 LI20160801BHEP        </classification-cpc><classification-cpc mxw-id="PCL-1913140364" load-source="docdb" scheme="CPC">A23L  29/06        20160801 LI20160801BHEP        </classification-cpc><classification-cpc mxw-id="PCL-1913140609" load-source="docdb" scheme="CPC">A23L  11/09        20160801 LI20160801BHEP        </classification-cpc><classification-cpc mxw-id="PCL-1913141426" load-source="docdb" scheme="CPC">A23L  33/40        20160801 LI20160801BHEP        </classification-cpc><classification-cpc mxw-id="PCL-1913145009" load-source="docdb" scheme="CPC">A23L   7/101       20160801 LI20160801BHEP        </classification-cpc><classification-cpc mxw-id="PCL-1913147718" load-source="docdb" scheme="CPC">A23L  11/07        20160801 LI20160801BHEP        </classification-cpc><classification-cpc mxw-id="PCL-1913148044" load-source="docdb" scheme="CPC">A23L   7/107       20160801 LI20160801BHEP        </classification-cpc><classification-cpc mxw-id="PCL-1913148523" load-source="docdb" scheme="CPC">A23L  33/15        20160801 LI20160801BHEP        </classification-cpc><classification-cpc mxw-id="PCL-1973210163" load-source="docdb" scheme="CPC">A23L   1/296       20130101 FI20160212BHEP        </classification-cpc><classification-cpc mxw-id="PCL-1973211277" load-source="docdb" scheme="CPC">A23V2002/00        20130101 LA20160212BHEP        </classification-cpc><classification-cpc mxw-id="PCL1988122951" load-source="docdb" scheme="CPC">A23V2200/33        20130101 LA20131206BHEP        </classification-cpc><classification-cpc mxw-id="PCL1988126008" load-source="docdb" scheme="CPC">C12Y 302/01001     20130101 LI20131206BHEP        </classification-cpc><classification-cpc mxw-id="PCL1988129637" load-source="docdb" scheme="CPC">C12Y 302/01003     20130101 LI20131206BHEP        </classification-cpc></classifications-cpc><invention-title mxw-id="PT132187749" lang="DE" load-source="patent-office">VORMISCHUNG FÜR EINE VERSTÄRKTE LEBENSMITTELMISCHUNG</invention-title><invention-title mxw-id="PT132187750" lang="EN" load-source="patent-office">PREMIX FOR A FORTIFIED FOOD BLEND</invention-title><invention-title mxw-id="PT132187751" lang="FR" load-source="patent-office">PRÉMÉLANGE POUR MÉLANGE ALIMENTAIRE FORTIFIÉ</invention-title></technical-data><parties><applicants><applicant mxw-id="PPAR918165555" load-source="docdb" sequence="1" format="epo"><addressbook><last-name>DSM IP ASSETS BV</last-name><address><country>NL</country></address></addressbook></applicant><applicant mxw-id="PPAR918142222" load-source="docdb" sequence="1" format="intermediate"><addressbook><last-name>DSM IP ASSETS B.V.</last-name></addressbook></applicant><applicant mxw-id="PPAR918982750" load-source="patent-office" sequence="1" format="original"><addressbook><last-name>DSM IP Assets B.V.</last-name><iid>100112629</iid><address><street>Het Overloon 1</street><city>6411 TE Heerlen</city><country>NL</country></address></addressbook></applicant></applicants><inventors><inventor mxw-id="PPAR918151645" load-source="docdb" sequence="1" format="epo"><addressbook><last-name>STEIGER GEORG</last-name><address><country>CH</country></address></addressbook></inventor><inventor mxw-id="PPAR918150798" load-source="docdb" sequence="1" format="intermediate"><addressbook><last-name>STEIGER, GEORG</last-name></addressbook></inventor><inventor mxw-id="PPAR918980151" load-source="patent-office" sequence="1" format="original"><addressbook><last-name>STEIGER, GEORG</last-name><address><street>DSM Nutritional Products Ltd Dnp/hnh Wurmisweg 576</street><city>CH-4303 Kaiseraugst</city><country>CH</country></address></addressbook></inventor><inventor mxw-id="PPAR918164691" load-source="docdb" sequence="2" format="epo"><addressbook><last-name>STREEKSTRA HUGO</last-name><address><country>NL</country></address></addressbook></inventor><inventor mxw-id="PPAR918148180" load-source="docdb" sequence="2" format="intermediate"><addressbook><last-name>STREEKSTRA, HUGO</last-name></addressbook></inventor><inventor mxw-id="PPAR918991193" load-source="patent-office" sequence="2" format="original"><addressbook><last-name>STREEKSTRA, HUGO</last-name><address><street>DSM IP Assets B.V. Dept. Principal Science DBC 699 Food Innovation Center Tuin 2</street><city>NL-699-0330 Delft</city><country>NL</country></address></addressbook></inventor><inventor mxw-id="PPAR918150087" load-source="docdb" sequence="3" format="epo"><addressbook><last-name>WERTZ KARIN</last-name><address><country>CH</country></address></addressbook></inventor><inventor mxw-id="PPAR918155537" load-source="docdb" sequence="3" format="intermediate"><addressbook><last-name>WERTZ, KARIN</last-name></addressbook></inventor><inventor mxw-id="PPAR918978661" load-source="patent-office" sequence="3" format="original"><addressbook><last-name>WERTZ, KARIN</last-name><address><street>DSM Nutritional Products Ltd Nic/h Wurmisweg 576</street><city>CH-4303 Kaiseraugst</city><country>CH</country></address></addressbook></inventor></inventors><agents><agent mxw-id="PPAR918989056" load-source="patent-office" sequence="1" format="original"><addressbook><last-name>Schwander, Kuno</last-name><iid>100987991</iid><address><street>DSM Nutritional Products Ltd Wurmisweg 576</street><city>4303 Kaiseraugst</city><country>CH</country></address></addressbook></agent></agents></parties><international-convention-data><pct-or-regional-filing-data ucid="EP-2012052899-W"><document-id><country>EP</country><doc-number>2012052899</doc-number><kind>W</kind><date>20120221</date><lang>EN</lang></document-id></pct-or-regional-filing-data><pct-or-regional-publishing-data ucid="WO-2012113771-A1"><document-id><country>WO</country><doc-number>2012113771</doc-number><kind>A1</kind><date>20120830</date><lang>EN</lang></document-id></pct-or-regional-publishing-data><designated-states><ep-contracting-states><country mxw-id="DS548869765" load-source="docdb">AL</country><country mxw-id="DS548841593" load-source="docdb">AT</country><country mxw-id="DS548869766" load-source="docdb">BE</country><country mxw-id="DS548924713" load-source="docdb">BG</country><country mxw-id="DS548937215" load-source="docdb">CH</country><country mxw-id="DS548948866" load-source="docdb">CY</country><country mxw-id="DS548841594" load-source="docdb">CZ</country><country mxw-id="DS548869767" load-source="docdb">DE</country><country mxw-id="DS548948867" load-source="docdb">DK</country><country mxw-id="DS548948868" load-source="docdb">EE</country><country mxw-id="DS548938624" load-source="docdb">ES</country><country mxw-id="DS548924922" load-source="docdb">FI</country><country mxw-id="DS548924923" load-source="docdb">FR</country><country mxw-id="DS548869768" load-source="docdb">GB</country><country mxw-id="DS548948869" load-source="docdb">GR</country><country mxw-id="DS548869769" load-source="docdb">HR</country><country mxw-id="DS548841595" load-source="docdb">HU</country><country mxw-id="DS548937216" load-source="docdb">IE</country><country mxw-id="DS548948874" load-source="docdb">IS</country><country mxw-id="DS548924924" load-source="docdb">IT</country><country mxw-id="DS548948875" load-source="docdb">LI</country><country mxw-id="DS548818428" load-source="docdb">LT</country><country mxw-id="DS548940204" load-source="docdb">LU</country><country mxw-id="DS548818429" load-source="docdb">LV</country><country mxw-id="DS548818430" load-source="docdb">MC</country><country mxw-id="DS548940205" load-source="docdb">MK</country><country mxw-id="DS548940206" load-source="docdb">MT</country><country mxw-id="DS548841596" load-source="docdb">NL</country><country mxw-id="DS548938625" load-source="docdb">NO</country><country mxw-id="DS548937217" load-source="docdb">PL</country><country mxw-id="DS548818431" load-source="docdb">PT</country><country mxw-id="DS548841597" load-source="docdb">RO</country><country mxw-id="DS548818432" load-source="docdb">RS</country><country mxw-id="DS548937218" load-source="docdb">SE</country><country mxw-id="DS548924925" load-source="docdb">SI</country><country mxw-id="DS548938626" load-source="docdb">SK</country><country mxw-id="DS548937219" load-source="docdb">SM</country><country mxw-id="DS548940207" load-source="docdb">TR</country></ep-contracting-states></designated-states></international-convention-data><office-specific-data><eptags><ep-no-a-document-published>*</ep-no-a-document-published></eptags></office-specific-data></bibliographic-data><abstract mxw-id="PA99625704" ref-ucid="WO-2012113771-A1" lang="EN" load-source="patent-office"><p num="0000">The present invention relates to a vitamin, mineral and enzyme premix for a fortified food blend comprising an alpha-amylase and a glucoamylase to increase energy content, reduce viscosity, and improve taste of a porridge prepared from said fortified food blend. Furthermore, the invention relates to a high energy fortified food blend comprising a vitamin, mineral and enzyme premix from which a high energy, low viscosity and tasty porridge can be prepared. It also relates to a porridge prepared form the fortified food blend according to the present invention.</p></abstract><abstract mxw-id="PA99824223" ref-ucid="WO-2012113771-A1" lang="EN" source="national office" load-source="docdb"><p>The present invention relates to a vitamin, mineral and enzyme premix for a fortified food blend comprising an alpha-amylase and a glucoamylase to increase energy content, reduce viscosity, and improve taste of a porridge prepared from said fortified food blend. Furthermore, the invention relates to a high energy fortified food blend comprising a vitamin, mineral and enzyme premix from which a high energy, low viscosity and tasty porridge can be prepared. It also relates to a porridge prepared form the fortified food blend according to the present invention.</p></abstract><abstract mxw-id="PA99625705" ref-ucid="WO-2012113771-A1" lang="FR" load-source="patent-office"><p num="0000">La présente invention concerne un prémélange de vitamines, de minéraux et d'enzymes pour un mélange alimentaire fortifié comprenant une alpha-amylase et une glucoamylase visant à augmenter la valeur énergétique, réduire la viscosité et améliorer le goût d'un porridge préparé à partir dudit mélange alimentaire fortifié. En outre, l'invention concerne un mélange alimentaire fortifié hautement énergétique comprenant prémélange de vitamines, de minéraux et d'enzymes à partir duquel un porridge hautement énergétique, à faible viscosité et savoureux peut être préparé. L'invention concerne également un porridge préparé à partir du mélange alimentaire fortifié selon la présente invention.</p></abstract><abstract mxw-id="PA99824224" ref-ucid="WO-2012113771-A1" lang="FR" source="national office" load-source="docdb"><p>La présente invention concerne un prémélange de vitamines, de minéraux et d'enzymes pour un mélange alimentaire fortifié comprenant une alpha-amylase et une glucoamylase visant à augmenter la valeur énergétique, réduire la viscosité et améliorer le goût d'un porridge préparé à partir dudit mélange alimentaire fortifié. En outre, l'invention concerne un mélange alimentaire fortifié hautement énergétique comprenant prémélange de vitamines, de minéraux et d'enzymes à partir duquel un porridge hautement énergétique, à faible viscosité et savoureux peut être préparé. L'invention concerne également un porridge préparé à partir du mélange alimentaire fortifié selon la présente invention.</p></abstract><description mxw-id="PDES50931363" ref-ucid="WO-2012113771-A1" lang="EN" load-source="patent-office"><!-- EPO <DP n="2"/>--><p id="p0001" num="0001"> PREMIX FOR A FORTIFIED FOOD BLEND </p><p id="p0002" num="0002">The present invention relates to a vitamin, mineral and enzyme premix for a fortified food blend comprising an alpha-amylase and a glucoamylase to increase energy content, reduce viscosity, and improve taste/palatability of a porridge prepared from said fortified food blend. Furthermore, the invention relates to a high energy fortified food blend comprising a vitamin, mineral and enzyme premix from which a high energy, low viscosity and tasty porridge can be prepared. It also relates to a porridge prepared form the fortified food blend according to the present invention. Between six and twelve months of age, the average energy requirements of children are 98 kcal/kg per day, and then rises to 102 kcal/kg per day during the second and third year of life (FAO/WHO/UNU 1985). The AAP ( American Academy of Pediatrics ) recommends that children age 1 to 3 years get about 40 calories per inch of height a day, which corresponds in general with the average statement given above. In addition, median intake of water/liquids from drinks is about 820 ml/day (Forschungsinstitut fur Kinderernahrung, 2005). </p><p id="p0003" num="0003">Specific toddler complementary foods are known in the art. Enfamil Premium 3 for toddlers is a milk-based toddler beverage made especially to ensure proper nutrition to grow up healthy and strong whatever basic food is given or where feeding may be a challenge. The product offers 13 vitamins and minerals, essential fatty acids and DHA. Furthermore, it is enriched in iron and source of calcium. The recommended dosing level of this product is 2 servings of 260 ml per day providing 172 kcal per serving. </p><p id="p0004" num="0004">The food basket of non-governmental organizations NGOs comprise flour, pulses, oil, sugar and similar, and is complemented by fortified food blends, such as corn soya blend or wheat soya blend. These blends are fortified with vitamins and minerals to prevent or treat hidden hunger. </p><p id="p0005" num="0005">Fortified food blends are blends of milled carbohydrate-rich crops - such as corn, wheat, sorghum, millet and the like, and milled protein-rich legumes - such as soy, chick peas, lentils beans and the like. These blends are fortified with essential vitamins and minerals. Today, corn soya blend (CSB) is the most important complementary food product in food aid provided to 
<!-- EPO <DP n="3"/>-->
 populations in need of in developing world. It is provided to children of 6 months of age and up. Satisfying the nutritional needs of infants during the first 1000 days of life are considered to be crucial in terms of allowing a child to realize his/her genetic potential for future lifelong professional performance. If a child is malnourished during this period, his/her brain and cognitive development will be suboptimal, thus limiting his/her future professional perspective. </p><p id="p0006" num="0006">Today, corn soya blend (CSB) is the most important complementary food product in food aid. It is provided as porridge to humans in need from the age of 6 months and up (toddlers) in rations of currently up to 200 g/d. However, current CSB is limited in its nutritional benefit for several reasons: </p><p id="p0007" num="0007">Firstly, the current CSB gives rise to a porridge with a high viscosity, thus limiting the % CSB which can be used to prepare a porridge, especially a porridge suitable for swallowing by small children, but also HIV patients and other people having difficulty to swallow a high viscosity meal. </p><p id="p0008" num="0008">Thus, the current porridge viscosity limits the achievable energy density of the porridge. </p><p id="p0009" num="0009">The current energy density means that a toddler has to eat 1.8 L porridge per day to consume its energy needs of approximately 1000 kcal (realistic: 5x 200 mL/d). Children currently are hardly able to eat an entire portion (290 mL), thus the remainder of the portion is being kept. As a result, children do not get enough calories, and thus do not grow optimally. Moreover, keeping the prepared porridge at ambient temperature in tropical countries risks microbial growth in porridge, leading to diarrhea in the consumers including children. Diarrhea in turn leads to disturbed food intake and digestion, thus further limiting energy intake and child development. Secondly, the slightly bitter and otherwise relatively neutral taste limits the acceptability of the porridge by consumers including children, hence also has a bearing for the energy intake by toddlers. </p><p id="p0010" num="0010">There are few other very successful tasty food products with high energy density to treat malnutrition, like peanut-based ready to use therapeutic food. </p><p id="p0011" num="0011"> However, available funding is not sufficient to provide such products to all children in need. Also, a more balanced nutrient profile would be desirable in terms of calories provided from fat versus from carbohydrates. 
<!-- EPO <DP n="4"/>-->
 Hence for fighting macronutrient malnutrition, there is a need for a cost effective and tasty fortified food blend porridge with a high energy density and a low density. </p><p id="p0012" num="0012">The inventors of the present application now surprisingly found that a vitamin, mineral and enzyme premix comprising a specific enzyme composition allows the preparation of a tasty porridge, wherein the energy density of the porridge is greater than 800 kcal/l, and the viscosity at 45°C, as measured in a Bostwick test, is greater than 10 cm/30". This premix firstly solves the problem of the taste of the resulting porridge which is much improved compared to a porridge prepared without enzymes because of the release of glucose. Secondly, it also solves the problem of the energy density and viscosity of porridges prepared form fortified food blends of the prior art which are not compatible with infant nutrition because of the low energy density at an acceptable viscosity. Thirdly, the premix according to the present invention allows generating a fortified food blend suitable for infant nutrition without significantly increasing the production cost of the fortified food blend. The unique enzyme selection of the present invention comprising an alpha-amylase, and a glucoamylase in a specific ratio, results from a unique selection of enzymes which are able to express sufficient enzymatic activity during the defined cooking time of the porridge - which is quite variable depending on the individual cooking habits-, but also are completely inactivated by the end of the porridge cooking process, thereby making the porridge fully compatible with the enzyme regulatory constraints. The vitamin mineral and enzyme premix according to the present invention is unique in the sense that it allows a very robust porridge preparation, consistently leading to improved viscosity, improved energy density, improved glucose content and taste, and resulting in the absence of enzymatic activity at the end of the cooking process. Therefore, in a first embodiment, the invention relates to a vitamin, mineral and enzyme premix for a fortified food blend comprising at least an alpha-amylase and a glucoamylase, wherein the alpha-amylase/glucoamylase enzyme unit ratio is comprised between 1/2 and 1/75. </p><p id="p0013" num="0013">Alpha-amylases belong to the group of enzymes E.C. 3.2.1.1., and are characterized by the fact that they are endo-acting starch degrading enzymes. Preferred alpha-amylases according to the present invention are "Bacterial Amylase 51400", "Fungal Amylase 11500" which both can be purchased from DSM Food Specialties; Delft; NL, and BAN800 from Novozymes Corp. based on their ability to reduce viscosity during preparation of the porridge, and their ability to be degraded at the end of the cooking time. 
<!-- EPO <DP n="5"/>-->
 Glucoamylases belong to the group of enzymes E.C. 3.2.1.3., and are characterized by the fact that they are exo-acting starch degrading enzymes. Preferred glucoamylases are Glucoamylase 65000 which can be purchased from DSM Food Specialties; Delft; NL, and AMG800 from Novozymes Corp. based on their ability to liberate free glucose and improve taste of the porridge, but also to be degraded at the end of the cooking time. </p><p id="p0014" num="0014">In another embodiment, the fortified food blend according to the present invention is a blend of milled carbohydrate-rich crops - such as corn, wheat, sorghum, millet and the like, and milled protein-rich legumes - such as soy, chick peas, lentils beans and the like. Preferred fortified food blend according to the present invention are corn soya blend and wheat soya blend. Most preferred is wheat soya blend. </p><p id="p0015" num="0015">In another embodiment, the vitamin, mineral and enzyme premix of the present invention comprises a mixture of alpha-amylase and glucoamylase in a weight ratio comprised between 1/1 and 1/50, preferably comprised between 1/5 and 1/30, more preferably comprised between 1/8 and 1/20. </p><p id="p0016" num="0016">More accurately, the amount and ratio of specific enzyme added to the premix, can be defined by the number of units of each specific enzyme. A convenient unit to express the activity of alpha-amylases is the RAU. 1 RAU is defined as the quantity of enzyme that converts under standardized conditions (pH=6.6, 30°C) 1 mg soluble starch per minute, having an equal absorption to a reference colour at 620 nm after reaction with Iodine. Therefore, alpha-amylase activity will be defined throughtout the invention as RAU units. </p><p id="p0017" num="0017">A convenient unit to express the activity of Glucoamylases is the AGU. 1 AGU is defined as the quantity of enzyme which produces 1 μηιοΐβ of glucose per minute at pH 4.3 and at a temperature of 60°C from a soluble starch substrate. Therefore, glucoamylase activity will be definned throughtout the invention as AGU units. </p><p id="p0018" num="0018">Therefore, in another embodiment, the vitamin, mineral and enzyme premix of the present invention comprises a mixture of alpha-amylase and glucoamylase in a unit ratio preferably comprised between 1/10 and 1/50, most preferably comprised between 1/15 and 1/35. </p><p id="p0019" num="0019">In another embodiment, the vitamin, mineral and enzyme premix of the present invention comprises a total amount (sum of the weight of both enzymes) comprised between 300 and 700 
<!-- EPO <DP n="6"/>-->
 g of alpha-amylase and glucoamylase per kilogram of premix. More preferably, it comprises between 400 and 600 g of alpha-amylase and glucoamylase per kilogram of premix. </p><p id="p0020" num="0020">In another embodiment, the vitamin, mineral and enzyme premix of the present invention comprises between 1000 and 5000 alpha-amylase units and between 10000 and 150000 glucoamylase units per kg premix. Preferably, the premix comprises between 1500 and 4000, more preferably between 2000 and 3500 alpha-amylase units, and preferably, between 30000 and 110000, more preferably between 40000 and 80000 glucoamylase units per kg premix. </p><p id="p0021" num="0021">In another embodiment, the vitamin, mineral and enzyme premix of the present invention comprises a total amount (sum of the weight of both enzymes) comprised between 300 and 700 g of alpha-amylase and glucoamylase per kilogram of premix, and the unit ratio of alpha- amylase / glucoamylase is comprised between 1/2 and 1/75. </p><p id="p0022" num="0022">Definitions Malnutrition is the condition that results from taking an unbalanced diet in which certain nutrients are lacking, in excess (too high an intake), or in the wrong proportions. A number of different nutrition disorders may arise, depending on which nutrients are under- or overabundant in the diet. The World Health Organization cites malnutrition as the gravest single threat to the world's public health. Improving nutrition is widely regarded as the most effective form of aid. Emergency measures include providing deficient micronutrients through fortified sachet powders, such as peanut butter, or directly through supplements. The famine relief model increasingly used by aid groups calls for giving cash or cash vouchers to the hungry to pay local farmers instead of buying food from donor countries, often required by law, as it wastes money on transport costs. Long term measures include investing in modern agriculture in places that lack them, such as fertilizers and irrigation, which largely eradicated hunger in the developed world. However, World Bank strictures restrict government subsidies for farmers and the spread of fertilizer use is hampered by some environmental groups. </p><p id="p0023" num="0023">A nutrient is a chemical that an organism needs to live and grow or a substance used in an organism's metabolism which must be taken in from its environment. Nutrients are the substances that enrich the body. They are used to build and repair tissues, regulate body processes and converted to and used as energy. Organic nutrients include carbohydrates, fats, proteins (or their building blocks, amino acids), and vitamins. Inorganic chemical compounds such as dietary minerals, water, and oxygen may also be considered nutrients. A nutrient is said 
<!-- EPO <DP n="7"/>-->
 to be "essential" if it must be obtained from an external source, either because the organism cannot synthesize it or produces insufficient quantities. </p><p id="p0024" num="0024">Nutrients needed in very small amounts are micronutrients and those that are needed in larger quantities are called macronutrients. The effects of nutrients are dose-dependent and shortages are called deficiencies. An inadequate amount of a nutrient is a deficiency. Deficiencies can be due to a number of causes including inadequacy in nutrient intake called dietary deficiency, or conditions that interfere with the utilization of a nutrient within an organism. Some of the conditions that can interfere with nutrient utilization include problems with nutrient absorption, substances that cause a greater than normal need for a nutrient, conditions that cause nutrient destruction, and conditions that cause greater nutrient excretion. </p><p id="p0025" num="0025">Hidden hunger is unlike the hunger that comes from a lack of food. It is a chronic lack of vitamins and minerals that often has no visible warning signs, so that people who suffer from it may not even be aware of it. Its consequences are nevertheless disastrous: hidden hunger can lead to mental impairment, poor health and productivity, or even death. One in three people in the world suffer from hidden hunger. Women and children from the lower income groups in developing countries are often the most affected. </p><p id="p0026" num="0026">Tasty means savory or delicious. </p><p id="p0027" num="0027">Energy-rich means an minimum energy density of the porridge of no less than 800 kcal/ L porridge. </p><p id="p0028" num="0028">Viscosity is a measure of the resistance of a fluid which is being deformed by either shear stress or tensile stress. In everyday terms (and for fluids only), viscosity is "thickness" or "internal friction". Thus, water is "thin", having a lower viscosity, while honey is "thick", having a higher viscosity. In other words, the less viscous the fluid is, the greater its ease of movement (fluidity). Viscosity of food stuff is typically measured at a given temperature by the Bostwick </p><p id="p0029" num="0029"> Consistometer known to the person skilled in the art (P. Perona, 2005, Applied Rheology 15: 218-229). The normal way to use the Consistometer is to measure the distance a sample flows in a given time interval. 
<!-- EPO <DP n="8"/>-->
 In another embodiment, the present invention provides the use of a premix according the present invention in a fortified food blend for the preparation of porridge, wherein the energy density of the porridge is greater than 800 kcal/l, and the viscosity at 45°C, as measured in a Bostwick test is greater than 10 cm/30". In yet another embodiment, the present invention provides a fortified food blend comprising a premix according to the present invention for the preparation of a tasty porridge, wherein the energy density of the porridge is greater than 800 kcal/l, and the viscosity at 45°C, as measured in a Bostwick test, is greater than 10 cm/30". Preferably the density of the porridge is greater than 1000 kcal / 1, more preferably it is greater than 1200 kcal / 1. </p><p id="p0030" num="0030">The present invention also provides a porridge prepared from a fortified food blend, according to the present invention, wherein the energy density of the porridge is greater than 800 kcal/l, and the viscosity at 45°C, as measured in a Bostwick test, is greater than 10 cm/30". A typical corn soya blend composition according to the present invention has the following composition: </p><p id="p0031" num="0031"><img id="imgf000008_0001" he="21" wi="132" file="imgf000008_0001.tif" img-format="tif" img-content="table" orientation="portrait" inline="no"/></p><p id="p0032" num="0032">A typical fortified corn soya blend composition (CSB Plus) according to the present invention has the following composition: </p><p id="p0033" num="0033"><img id="imgf000008_0002" he="45" wi="132" file="imgf000008_0002.tif" img-format="tif" img-content="table" orientation="portrait" inline="no"/></p><p id="p0034" num="0034">A typical fortified corn soya blend composition recommended for infants aged 6 months (CSB Plus Plus) according to the present invention has the following composition: </p><p id="p0035" num="0035">N° Ingredients Percentage (by weight) </p><p id="p0036" num="0036"> 1 Corn (maize white or yellow) 58.24 
<!-- EPO <DP n="9"/>-->
 2 De-hulled soya beans 20 </p><p id="p0037" num="0037"> 3 Dried skim milk powder 8 </p><p id="p0038" num="0038"> 4 Sugar 9 </p><p id="p0039" num="0039"> 5 Refined soya bean oil 3 </p><p id="p0040" num="0040"> 6 Vitamin/Mineral premix 0.20 </p><p id="p0041" num="0041"> 7 Ca(H<sub>2</sub>P0<sub>4</sub>)<sub>2</sub>. H20 (mono </p><p id="p0042" num="0042"> 0.80 </p><p id="p0043" num="0043"> calcium phosphate) </p><p id="p0044" num="0044"> 8 KCI (potassium chloride) 0.76 </p><p id="p0045" num="0045">A typical vitamin and mineral premix as used in the present invention has the following composition: </p><p id="p0046" num="0046"><img id="imgf000009_0001" he="117" wi="145" file="imgf000009_0001.tif" img-format="tif" img-content="table" orientation="portrait" inline="no"/></p><p id="p0047" num="0047">Typical preparation of a porridge is as follows: </p><p id="p0048" num="0048"> The corn soya blend (CSB) powder is mixed with water at room temperature. Recommended content is 13.8 wt-% CSB powder. The mixture is then heated to boiling temperature, and then boiled for 5 minutes before being consumed at temperatures between 35 to 45°C. </p><p id="p0049" num="0049">The invention is further illustrated by the following exam 
<!-- EPO <DP n="10"/>-->
 Examples </p><p id="p0050" num="0050">Example 1 : Preparation and viscosity determination of CSB++ porridges </p><p id="p0051" num="0051">The corn soya blend (CSB++) powder was mixed with demineralized water at room temperature (proportions specified below for each example). When appropriate, enzymes were also added to the cold mixture. A suitable portion of the cold porridge was introduced into a Physica MCR 301 rheometer (Anton Paar, Austria), using cell C-PTD200-SN80585312 and cylinder CC27- SN 18083. The porridge was heated in the rheometer with a temperature profile intended to mimic a normal cooking process, as indicated in the following table: </p><p id="p0052" num="0052">Cooking profile in rheometer </p><p id="p0053" num="0053"> Step Temperature Shear rate Time </p><p id="p0054" num="0054"> [°C] [S-<sup>1</sup>] [min] </p><p id="p0055" num="0055"> 1 20 100 2</p><p id="p0056" num="0056">2 20 96 100 10 or 20</p><p id="p0057" num="0057">3 96 100 5</p><p id="p0058" num="0058">4 45 100 10</p><p id="p0059" num="0059">5 45 1 20 </p><p id="p0060" num="0060">The viscosity was monitored continuously during the temperature profile. </p><p id="p0061" num="0061"> In certain cases, the level of free glucose was also measured. The glucose content was measured by HPLC, using the Agilent 1200 series (Agilent Technologies Inc., USA). The samples were first centrifuged at 20,000g using a Centrifuge 5417C (Eppendorf, USA) for 5 minutes and the supernatant fraction was collected. If necessary, the supernatants were heated at 99°C for 10 minutes to inactivate the enzyme. The supernatant was then filtered using a 10 kDa membrane to remove large molecules. Finally, the filtrate was diluted to a glucose concentration below 1 mg/ml (estimated) and filled into the HPLC vessels for determination of the glucose level. </p><p id="p0062" num="0062">Example 2: Action of enzymes at constant temperature </p><p id="p0063" num="0063">The preparation of corn soya blend (CSB ++) porridge is usually done by mixing the powder with cold water, then heating it to boiling temperature, and then boil for 5 minutes (see Example 
<!-- EPO <DP n="11"/>-->
 1). In the present example, however, the porridge was kept at a constant temperature which was considered optimal for enzyme activity, to be able to determine the maximal effect that may be expected from a certain enzyme dosage. This is compared to a blank porridge prepared according to the method of Example 1. </p><p id="p0064" num="0064"><img id="imgf000011_0001" he="77" wi="142" file="imgf000011_0001.tif" img-format="tif" img-content="table" orientation="portrait" inline="no"/></p><p id="p0065" num="0065">It can be seen that the amylases Bacterial Amylase 51400 and Bakezyme P500 effectively reduced the final viscosity of the porridge, whereas the amyloglucosidase Glucoamylase 65000 was able to liberate free glucose. In this example and all following examples, the specific activity of the enzymes used are as follows: </p><p id="p0066" num="0066"> Bacterial Amylase 51400: specific activity of 51400 RAU /g, </p><p id="p0067" num="0067">Bakezyme P500: specific activity of 11500 FAU /g, </p><p id="p0068" num="0068">Glucoamylase 65000: specific activity of 65000 AGU /g. </p><p id="p0069" num="0069">The enzyme units are defined as follows: </p><p id="p0070" num="0070"> Bacterial Amylase: 1 RAU is defined as the quantity of enzyme that converts under </p><p id="p0071" num="0071">standardized conditions (pH=6.6, 30°C) 1 mg soluble starch per minute, having an equal absorption to a reference colour at 620 nm after reaction with Iodine. </p><p id="p0072" num="0072">Glucoamylase: 1 AGU is defined as the quantity of enzyme which produces 1 μηιοΐβ of glucose per minute at pH 4.3 and at a temperature of 60°C from a soluble starch substrate. </p><p id="p0073" num="0073">Fungal Amylase (Bakezyme P500): 1 FAU is the amount of enzyme that converts 1 gram soluble starch per hour in a product having an equal absorption to a reference colour at 620 nm 
<!-- EPO <DP n="12"/>-->
 after reaction with iodine at pH 5.0 and 30°C and a reaction time between 15 - 25 minutes. </p><p id="p0074" num="0074">Example 3: Preparation of CSB++ with amylases </p><p id="p0075" num="0075">CSB++ was prepared as described previously using 40 g CSB++ powder in 250 ml water. Amylase enzymes were added to the cold porridge, at the dosage levels indicated in the table, and the 20' heating profile was used. </p><p id="p0076" num="0076"><img id="imgf000012_0001" he="82" wi="133" file="imgf000012_0001.tif" img-format="tif" img-content="table" orientation="portrait" inline="no"/></p><p id="p0077" num="0077">It is clear that the amylases reduced the viscosity of the CSB++ porridge in a dose-dependent manner. There was some release of free glucose, but not to a very large extent. </p><p id="p0078" num="0078">Example 4: Synergy between amylases in CSB++ The amylases used in the previous example have different temperature profiles, the Bacterial amylase being more thermostable than the Bakezyme P500. In this experiment it was explored whether there was a synergistic effect of combining amylases with different T-profiles. </p><p id="p0079" num="0079">CSB++ 13.8% </p><p id="p0080" num="0080"> 20' profile </p><p id="p0081" num="0081"> Enzyme viscosity end Viscosity at glucose </p><p id="p0082" num="0082"> mg/g of boiling consumption (mg/g) 
<!-- EPO <DP n="13"/>-->
 (Pa.s) (Pa.s) </p><p id="p0083" num="0083"> Blank 0.070 3.000 0.063 </p><p id="p0084" num="0084"> Bacterial Amylase 51400 0.02 0.009 0.500 0.099 </p><p id="p0085" num="0085"> Bakezyme P500 0.02 0.020 0.500 0.106 </p><p id="p0086" num="0086"> Bacterial Amylase 51400 + 0,01 + </p><p id="p0087" num="0087">Bakezyme P500 0,01 0.090 0.300 0.111 </p><p id="p0088" num="0088">It was found that there was a clear synergistic effect of combining the amylase enzymes, lowering the viscosity at the consumption temperature. There was some release of free glucose, but not to a very large extent. </p><p id="p0089" num="0089">Example 5: Preparation and viscosity determination of CSB+ porridges </p><p id="p0090" num="0090">The CSB+ powder was mixed with demineralized water at room temperature (proportions specified below for each example). When appropriate, enzymes were also added to the cold mixture. As we intended to increase the CSB concentration in a number of Examples, the preparation was performed in equipment capable of handling higher viscosity levels. A suitable portion of the cold porridge was introduced into a Rapid Visco Analyzer (Perten Instruments, Germany). </p><p id="p0091" num="0091"> The porridge was heated in the RVA with a temperature and stirring profile intended to mimic a normal cooking process, as indicated in the following table: </p><p id="p0092" num="0092">The program for one incubation (20 minutes cooking profile) and viscosity measurement in RVA. </p><p id="p0093" num="0093"> Time Parameter Value </p><p id="p0094" num="0094"> [h:m:s] </p><p id="p0095" num="0095"> 00:00:00 Temp 20 °C </p><p id="p0096" num="0096"> 00:00:00 Speed 100 rpm </p><p id="p0097" num="0097"> 00:02:00 Temp 20 °C </p><p id="p0098" num="0098"> 00:22:00 Temp 96 °C </p><p id="p0099" num="0099"> 00:27:00 Temp 96 °C </p><p id="p0100" num="0100"> 00:37:00 Temp 45 °C </p><p id="p0101" num="0101"> 00:37:01 Speed 10 rpm </p><p id="p0102" num="0102"> 01 :07:00 Temp 45 °C 
<!-- EPO <DP n="14"/>-->
 01 :07: 10 End </p><p id="p0103" num="0103">Example 6: Dose-reponse relationship of amylases in CSB+ </p><p id="p0104" num="0104">In this Example, the effect of enzymes CSB+ porridge was explored. The amount of CSB+ powder was adapted to the enzyme dosage, with the aim of producing high-strength porridges with an acceptable viscosity profile. </p><p id="p0105" num="0105"><img id="imgf000014_0001" he="89" wi="136" file="imgf000014_0001.tif" img-format="tif" img-content="table" orientation="portrait" inline="no"/></p><p id="p0106" num="0106">With CSB+, Bacterial Amylase 51400 gave a much better performance than Bakezyme P500. </p><p id="p0107" num="0107">Example 7: Synergy between a-amylase and amyloglucosidase in CSB+ </p><p id="p0108" num="0108">In this example, it was explored whether the liberation of glucose in a 13.8% CSB+ porridge could be improved by combining a-amylase and amyloglucosidase. </p><p id="p0109" num="0109">CSB+ 13.8% </p><p id="p0110" num="0110"> 20' profile </p><p id="p0111" num="0111"> Enzyme mg/g glucose (mg/g) </p><p id="p0112" num="0112"> Blank 0 </p><p id="p0113" num="0113"> Bacterial Amylase 51400 0.1 0 
<!-- EPO <DP n="15"/>-->
 Glucoamylase 65000 1.0 4.4</p><p id="p0114" num="0114">Bacterial Amylase 51400 + Glucoamylase 65000 0.1 + 1.0 8.1 </p><p id="p0115" num="0115">It is clear that inclusion of the a-amylase Bacterial Amylase 51400 stimulated glucose production by the amyloglucosidase Glucoamylase 65000. </p><p id="p0116" num="0116"> To further check how much glucose could be produced by the Glucoamylase 65000, the CSB+ concentration was increased to 35%, and the dosage of Bacterial Amylase 51400 was increased correspondingly (0.3 mg/g). In this system the following glucose levels were reached by increasing amounts of Glucoamylase 65000: </p><p id="p0117" num="0117"><img id="imgf000015_0001" he="67" wi="110" file="imgf000015_0001.tif" img-format="tif" img-content="table" orientation="portrait" inline="yes"/></p><p id="p0118" num="0118">Example 8: Synergy between amylases and cellulase in CSB+ </p><p id="p0119" num="0119">CSB+ powder is prepared using whole soy beans. Therefore a significant amount of fiber is present in the powder. In this example it is investigated whether a cellulase preparation can give an additional reduction in viscosity of CSB+ porridge. </p><p id="p0120" num="0120">CSB+ </p><p id="p0121" num="0121"> 20' profile </p><p id="p0122" num="0122"> CSB+ % Enzyme viscosity end viscosity at </p><p id="p0123" num="0123"> mg/g of boiling cP consumption cP </p><p id="p0124" num="0124"> Blank 13.8 1500 7000 </p><p id="p0125" num="0125"> Bacterial Amylase 51400 20.7 0.05 325 6000 </p><p id="p0126" num="0126"> Bacterial Amylase 51400 + 20.7 0.05 + 10 400 4000 
<!-- EPO <DP n="16"/>-->

<img id="imgf000016_0001" he="9" wi="139" file="imgf000016_0001.tif" img-format="tif" img-content="drawing" orientation="portrait" inline="yes"/>
 </p><p id="p0127" num="0127">The data show that the cellulose BGF preparation was able to give an additional viscosity reduction of the CSB+ porridge over the effect achieved with Bacterial Amylase 51400. </p><p id="p0128" num="0128">Example 9: Increasing the dry matter content at constant enzyme levels </p><p id="p0129" num="0129">To explore how viscosity and glucose production vary as a function of the CSB+ level, porridges with different CSB+ dry matter contents were incubated with a constant dose of 0.05 mg/g Bacterial Amylase 51400 and 1 mg/g Glucoamylase 65000. The enzyme dose was chosen to achieve a measureable viscosity over a wide range of dry matter contents, and does not directly reflect the optimal dosage for application. </p><p id="p0130" num="0130"><img id="imgf000016_0002" he="67" wi="105" file="imgf000016_0002.tif" img-format="tif" img-content="table" orientation="portrait" inline="no"/></p><p id="p0131" num="0131">Example 10: Unfortified CSB </p><p id="p0132" num="0132">In this example, an unfortified CSB powder was used, to check the robustness of the enzyme application in the absence of potentially interfering minerals and vitamins. </p><p id="p0133" num="0133">CSB </p><p id="p0134" num="0134"> 20' profile </p><p id="p0135" num="0135"> CSB % viscosity end of viscosity at </p><p id="p0136" num="0136"> Addition mg/g boiling cP consumption 
<!-- EPO <DP n="17"/>-->
 cP </p><p id="p0137" num="0137"> Blank 13.8 2000 20000 </p><p id="p0138" num="0138"> Bacterial Amylase 51400 27.6 0.1 2200 100000 </p><p id="p0139" num="0139"> Bacterial Amylase 51400 + 27.6 0.05 + </p><p id="p0140" num="0140"> Glucoamylase 65000 1.0 4000 200000 </p><p id="p0141" num="0141"> Bacterial Amylase 51400 + 27.6 0.1 + </p><p id="p0142" num="0142"> CaCI<sub>2</sub>. 2H<sub>2</sub>0 8.0 350 3800 </p><p id="p0143" num="0143">The results show that the Bacterial Amylase 51400 was not capable of reducing the viscosity of double-strength CSB-porridge to the reference level of the single-strength recipe, unless calcium was added as well. </p><p id="p0144" num="0144"> This was also investigated using the Bostwick test. In this test a fixed amount of substance is allowed to flow for a fixed period of time, and the maximal distance covered is recorded. Hence, a higher number implies a less solid substance. The CSB concentration was lowered slightly, to allow a reasonable flow of the reference material without enzymes. </p><p id="p0145" num="0145"><img id="imgf000017_0001" he="74" wi="129" file="imgf000017_0001.tif" img-format="tif" img-content="table" orientation="portrait" inline="no"/></p><p id="p0146" num="0146">Again it was found that calcium was required to allow a good action of the enzymes. </p><p id="p0147" num="0147">Example 11 : Taste of CBS++ 
<!-- EPO <DP n="18"/>-->
 Besides the viscosity, taste is another important parameter determining how much porridge one will consume. Therefore, a sensory taste of CSB++ porridge was performed, in single strength (reference) and double-strength recipes. </p><p id="p0148" num="0148">Table 8. Results from sensory taste. </p><p id="p0149" num="0149"><img id="imgf000018_0001" he="125" wi="166" file="imgf000018_0001.tif" img-format="tif" img-content="table" orientation="portrait" inline="no"/></p><p id="p0150" num="0150">The enzyme treated double strength recipes were clearly preferable to the reference recipe in sensory aspects, in addition to their superior nutritional value. 
</p></description><claims mxw-id="PCLM44727317" ref-ucid="WO-2012113771-A1" lang="EN" load-source="patent-office"><claim-statement><!-- EPO <DP n="19"/>--> Claims </claim-statement><claim id="clm-0001" num="1"><claim-text>A vitamin, mineral and enzyme premix for a fortified food blend comprising at least an alpha-amylase and a glucoamylase, wherein the alpha-amylase/glucoamylase enzyme unit ratio is comprised between 1/2 and 1/75. </claim-text></claim><claim id="clm-0002" num="2"><claim-text>A vitamin, mineral and enzyme premix according to claim 1 , wherein the fortified food blend is a blend of cereal and legume flours, a corn soya blend, or a wheat soya blend. </claim-text></claim><claim id="clm-0003" num="3"><claim-text>A vitamin, mineral and enzyme premix according to any of claims 1 or 2, wherein the fortified food blend is a corn soya blend or a wheat soya blend. </claim-text></claim><claim id="clm-0004" num="4"><claim-text>A vitamin, mineral and enzyme premix according to any of the claims 1 to 3, wherein the alpha-amylase/glucoamylase weight ratio is comprised between 1/1 and 1/50. </claim-text></claim><claim id="clm-0005" num="5"><claim-text>A vitamin, mineral and enzyme premix according to any of the claims 1 to 4, wherein the premix comprises between 300 and 700 g alpha-amylase and glucoamylase per kg premix. </claim-text></claim><claim id="clm-0006" num="6"><claim-text>A vitamin, mineral and enzyme premix according to any of the claims 1 to 5, wherein the premix comprises between 1000 and 5000 alpha-amylase units and between 10000 and 150000 glucoamylase units per kg premix. </claim-text></claim><claim id="clm-0007" num="7"><claim-text>A vitamin, mineral and enzyme premix according to any of the claims 1 to 6, wherein the premix comprises between 300 and 700 g alpha-amylase and glucoamylase per kg premix, and the alpha-amylase/glucoamylase unit ratio in comprised between 1/2 and 1/75. </claim-text></claim><claim id="clm-0008" num="8"><claim-text>Use of a premix according to any of the claims 1 to 7 in a fortified food blend for the preparation of porridge, wherein the energy density of the porridge is greater than 800 kcal/l, and the viscosity at 45°C, as measured in a Bostwick test is greater than 10 cm/30". </claim-text></claim><claim id="clm-0009" num="9"><claim-text>9. Fortified food blend comprising a premix according to any of the claims 1 to 8 for the preparation of a tasty porridge, wherein the energy density of the porridge is greater than <!-- EPO <DP n="20"/>--> 800 kcal/l, and the viscosity at 45°C, as measured in a Bostwick test, is greater than 10 cm/30". </claim-text></claim><claim id="clm-0010" num="10"><claim-text>10. A fortified food blend according to claim 9, wherein the fortified food blend is a corn soya blend or a wheat soya blend. </claim-text></claim><claim id="clm-0011" num="11"><claim-text>11. A fortified food blend according to claim 10, wherein the energy density of the porridge is greater than 1000 kcal/l, and the viscosity at 45°C, as measured in a Bostwick test, is greater than 10 cm/30". </claim-text></claim><claim id="clm-0012" num="12"><claim-text>12. A fortified food blend according to any of the claims 9 to 1 1 , wherein the energy density of the porridge is greater than 1200 kcal/l, and the viscosity at 45°, as measured in a Bostwick test, is greater than 10 cm/30". </claim-text></claim><claim id="clm-0013" num="13"><claim-text>13. A fortified food blend according to any of the claims 9 to 12, wherein the energy density of the porridge is greater than 1000 kcal/l, and the viscosity at 45°C, as measured in a Bostwick test, is greater than 12 cm/30". </claim-text></claim><claim id="clm-0014" num="14"><claim-text>14. Porridge prepared from a fortified food blend, according to any of the claims 9 to 13, wherein the energy density of the porridge is greater than 800 kcal/l, and the viscosity at 45°C, as measured in a Bostwick test, is greater than 10 cm/30". </claim-text></claim></claims><copyright>User acknowledges that Fairview Research LLC and its third party providers retain all right, title and interest in and to this xml under applicable copyright laws.  User acquires no ownership rights to this xml including but not limited to its format.  User hereby accepts the terms and conditions of the Licence Agreement</copyright></patent-document>
