<?xml version="1.0" encoding="UTF-8"?>
<patent-document ucid="EP-2958450-A1" country="EP" doc-number="2958450" kind="A1" date="20151230" family-id="51391854" file-reference-id="312929" date-produced="20180822" status="corrected" lang="EN"><bibliographic-data><publication-reference fvid="160453734" ucid="EP-2958450-A1"><document-id><country>EP</country><doc-number>2958450</doc-number><kind>A1</kind><date>20151230</date><lang>EN</lang></document-id></publication-reference><application-reference ucid="EP-14753657-A" is-representative="NO"><document-id mxw-id="PAPP193870436" load-source="patent-office" format="original"><country>EP</country><doc-number>14753657.7</doc-number><date>20140221</date><lang>EN</lang></document-id><document-id mxw-id="PAPP193870437" load-source="docdb" format="epo"><country>EP</country><doc-number>14753657</doc-number><kind>A</kind><date>20140221</date><lang>EN</lang></document-id></application-reference><priority-claims><priority-claim mxw-id="PPC162027846" ucid="US-201361767882-P" load-source="docdb"><document-id format="epo"><country>US</country><doc-number>201361767882</doc-number><kind>P</kind><date>20130222</date></document-id></priority-claim><priority-claim mxw-id="PPC162033375" ucid="US-2014017741-W" linkage-type="W" load-source="docdb"><document-id format="epo"><country>US</country><doc-number>2014017741</doc-number><kind>W</kind><date>20140221</date></document-id></priority-claim></priority-claims><technical-data><classifications-ipcr><classification-ipcr mxw-id="PCL-1969295603" load-source="docdb">A43B   3/00        20060101ALI20160205BHEP        </classification-ipcr><classification-ipcr mxw-id="PCL-1969301006" load-source="docdb">A43B  13/14        20060101AFI20160205BHEP        </classification-ipcr><classification-ipcr mxw-id="PCL-1969301106" load-source="docdb">A43B  13/22        20060101ALI20160205BHEP        </classification-ipcr><classification-ipcr mxw-id="PCL-1969302532" load-source="docdb">A43B  13/12        20060101ALI20160205BHEP        </classification-ipcr></classifications-ipcr><classifications-cpc><classification-cpc mxw-id="PCL-1846786130" load-source="docdb" scheme="CPC">A43B  13/122       20130101 LI20170217BHEP        </classification-cpc><classification-cpc mxw-id="PCL-1846786131" load-source="docdb" scheme="CPC">A43B   3/0036      20130101 LI20170217BHEP        </classification-cpc><classification-cpc mxw-id="PCL-1846786132" load-source="docdb" scheme="CPC">A43B   3/0042      20130101 LI20170217BHEP        </classification-cpc><classification-cpc mxw-id="PCL-1846786133" load-source="docdb" scheme="CPC">A43B   3/0068      20130101 LI20170217BHEP        </classification-cpc><classification-cpc mxw-id="PCL-1846786134" load-source="docdb" scheme="CPC">A43B  13/223       20130101 LI20170217BHEP        </classification-cpc><classification-cpc mxw-id="PCL-1984018917" load-source="docdb" scheme="CPC">A43B  13/14        20130101 FI20160115BHEP        </classification-cpc><classification-cpc mxw-id="PCL-1984019462" load-source="docdb" scheme="CPC">A43B  13/22        20130101 LI20160114BHEP        </classification-cpc></classifications-cpc><invention-title mxw-id="PT165552668" lang="DE" load-source="patent-office">SCHUHSOHLE ZUR SIMULATION EINES HUFS</invention-title><invention-title mxw-id="PT165552669" lang="EN" load-source="patent-office">SHOE SOLE SIMULATING A HOOF</invention-title><invention-title mxw-id="PT165552670" lang="FR" load-source="patent-office">SEMELLE DE CHAUSSURE IMITANT UN SABOT</invention-title></technical-data><parties><applicants><applicant mxw-id="PPAR1103311275" load-source="docdb" sequence="1" format="epo"><addressbook><last-name>KENNEY SPORT LLC</last-name><address><country>US</country></address></addressbook></applicant><applicant mxw-id="PPAR1103344737" load-source="docdb" sequence="1" format="intermediate"><addressbook><last-name>KENNEY SPORT, LLC</last-name></addressbook></applicant><applicant mxw-id="PPAR1101647734" load-source="patent-office" sequence="1" format="original"><addressbook><last-name>Kenney Sport, LLC</last-name><iid>101476911</iid><address><street>1100 Kingsway Road</street><city>Afton, Virginia 22920</city><country>US</country></address></addressbook></applicant></applicants><inventors><inventor mxw-id="PPAR1103306492" load-source="docdb" sequence="1" format="epo"><addressbook><last-name>KENNEY EILEEN</last-name><address><country>US</country></address></addressbook></inventor><inventor mxw-id="PPAR1103311188" load-source="docdb" sequence="1" format="intermediate"><addressbook><last-name>KENNEY, Eileen</last-name></addressbook></inventor><inventor mxw-id="PPAR1101645299" load-source="patent-office" sequence="1" format="original"><addressbook><last-name>KENNEY, Eileen</last-name><address><street>1100 Kingsway Road</street><city>Afton, Virginia 22920</city><country>US</country></address></addressbook></inventor></inventors><agents><agent mxw-id="PPAR1101651319" load-source="patent-office" sequence="1" format="original"><addressbook><last-name>Goddar, Heinz J.</last-name><iid>100002032</iid><address><street>Boehmert &amp; Boehmert Anwaltspartnerschaft mbB Patentanwälte Rechtsanwälte Pettenkoferstrasse 20-22</street><city>80336 München</city><country>DE</country></address></addressbook></agent></agents></parties><international-convention-data><pct-or-regional-filing-data ucid="US-2014017741-W"><document-id><country>US</country><doc-number>2014017741</doc-number><kind>W</kind><date>20140221</date><lang>EN</lang></document-id></pct-or-regional-filing-data><pct-or-regional-publishing-data ucid="WO-2014130835-A1"><document-id><country>WO</country><doc-number>2014130835</doc-number><kind>A1</kind><date>20140828</date><lang>EN</lang></document-id></pct-or-regional-publishing-data><designated-states><ep-contracting-states><country mxw-id="DS660645634" load-source="docdb">AL</country><country mxw-id="DS660733786" load-source="docdb">AT</country><country mxw-id="DS660645656" load-source="docdb">BE</country><country mxw-id="DS660642255" load-source="docdb">BG</country><country mxw-id="DS660724002" load-source="docdb">CH</country><country mxw-id="DS660794738" load-source="docdb">CY</country><country mxw-id="DS660733791" load-source="docdb">CZ</country><country mxw-id="DS660640944" load-source="docdb">DE</country><country mxw-id="DS660645657" load-source="docdb">DK</country><country mxw-id="DS660794739" load-source="docdb">EE</country><country mxw-id="DS660757764" load-source="docdb">ES</country><country mxw-id="DS660642256" load-source="docdb">FI</country><country mxw-id="DS660642257" load-source="docdb">FR</country><country mxw-id="DS660640945" load-source="docdb">GB</country><country mxw-id="DS660645658" load-source="docdb">GR</country><country mxw-id="DS660645667" load-source="docdb">HR</country><country mxw-id="DS660794740" load-source="docdb">HU</country><country mxw-id="DS660724007" load-source="docdb">IE</country><country mxw-id="DS660645668" load-source="docdb">IS</country><country mxw-id="DS660642258" load-source="docdb">IT</country><country mxw-id="DS660794741" load-source="docdb">LI</country><country mxw-id="DS660640946" load-source="docdb">LT</country><country mxw-id="DS660733792" load-source="docdb">LU</country><country mxw-id="DS660640959" load-source="docdb">LV</country><country mxw-id="DS660640960" load-source="docdb">MC</country><country mxw-id="DS660722888" load-source="docdb">MK</country><country mxw-id="DS660722889" load-source="docdb">MT</country><country mxw-id="DS660645669" load-source="docdb">NL</country><country mxw-id="DS660642267" load-source="docdb">NO</country><country mxw-id="DS660645670" load-source="docdb">PL</country><country mxw-id="DS660642268" load-source="docdb">PT</country><country mxw-id="DS660645679" load-source="docdb">RO</country><country mxw-id="DS660642269" load-source="docdb">RS</country><country mxw-id="DS660645680" load-source="docdb">SE</country><country mxw-id="DS660724008" load-source="docdb">SI</country><country mxw-id="DS660640962" load-source="docdb">SK</country><country mxw-id="DS660640967" load-source="docdb">SM</country><country mxw-id="DS660794742" load-source="docdb">TR</country></ep-contracting-states><ep-extended-states><ep-extended-state-data><country>BA</country></ep-extended-state-data><ep-extended-state-data><country>ME</country></ep-extended-state-data></ep-extended-states></designated-states></international-convention-data><office-specific-data><eptags><ep-no-a-document-published>*</ep-no-a-document-published></eptags></office-specific-data></bibliographic-data><abstract mxw-id="PA139072013" ref-ucid="WO-2014130835-A1" lang="EN" load-source="patent-office"><p num="0000">A tread has a contour simulative of a horse hoof. A central recess is surrounded by a side wall forming the top and side edges of the tread. The side wall has in-turned ends that extend into the central recess. The in-turned ends taper in both height and width to their distal ends. A V-shaped protrusion is formed at a bottom of the tread and a curved surface transitions from the tread to the midsole. A tear drop shaped recess is formed in the V-shaped protrusion. The top of the V-shaped protrusion and top of the side wall are coplanar.</p></abstract><abstract mxw-id="PA139539662" ref-ucid="WO-2014130835-A1" lang="EN" source="national office" load-source="docdb"><p>A tread has a contour simulative of a horse hoof. A central recess is surrounded by a side wall forming the top and side edges of the tread. The side wall has in-turned ends that extend into the central recess. The in-turned ends taper in both height and width to their distal ends. A V-shaped protrusion is formed at a bottom of the tread and a curved surface transitions from the tread to the midsole. A tear drop shaped recess is formed in the V-shaped protrusion. The top of the V-shaped protrusion and top of the side wall are coplanar.</p></abstract><abstract mxw-id="PA139072014" ref-ucid="WO-2014130835-A1" lang="FR" load-source="patent-office"><p num="0000">Un patin possède un contour imitant un sabot de cheval. Un évidement central est entouré par une paroi latérale formant les bords supérieurs et latéraux du patin. La paroi latérale possède des extrémités tournées vers l'intérieur qui s'étendent dans l'évidement central. Les extrémités tournées vers l'intérieur se rétrécissent en largeur et en hauteur jusqu'à leurs extrémités distales. Une saillie en forme de V est formée au niveau d'une partie inférieure du patin et une surface incurvée se trouve entre le patin et la semelle intermédiaire. Un évidement en forme de goutte d'eau est formé dans la saillie en forme de V. La partie supérieure de la saillie en forme de V et la partie supérieure de la paroi latérale sont coplanaires.</p></abstract><abstract mxw-id="PA139539663" ref-ucid="WO-2014130835-A1" lang="FR" source="national office" load-source="docdb"><p>Un patin possède un contour imitant un sabot de cheval. Un évidement central est entouré par une paroi latérale formant les bords supérieurs et latéraux du patin. La paroi latérale possède des extrémités tournées vers l'intérieur qui s'étendent dans l'évidement central. Les extrémités tournées vers l'intérieur se rétrécissent en largeur et en hauteur jusqu'à leurs extrémités distales. Une saillie en forme de V est formée au niveau d'une partie inférieure du patin et une surface incurvée se trouve entre le patin et la semelle intermédiaire. Un évidement en forme de goutte d'eau est formé dans la saillie en forme de V. La partie supérieure de la saillie en forme de V et la partie supérieure de la paroi latérale sont coplanaires.</p></abstract><description mxw-id="PDES78476343" ref-ucid="WO-2014130835-A1" lang="EN" load-source="patent-office"><!-- EPO <DP n="2"/>--><p id="p0001" num="0001"> SHOE SOLE SIMULATING A HOOF </p><p id="p0002" num="0002">[0001] This application claims the benefit of provisional application 61/767,882, the contents of which are incorporated herein by reference in its entirety. </p><p id="p0003" num="0003">Back2round of the Invention </p><p id="p0004" num="0004"> [0002] Over time, evolution has allowed the hooves of animals to adapt to best suit the terrain encountered by the animal. For instance, animals living in mountains have hooves adept at gripping inclined surfaces. Moreover, the hooves will adapt to whether the inclined surface is rocky or soft. Similarly, animals living in dense forest or open plains have developed hooves providing the greatest advantage for the conditions encountered by the animals to increase the chances for long term survival. The sole for a shoe which simulates the hoof of an animal can realize the benefits of the hoof's contour, which provides benefits when the person wearing the shoe encounters terrain similar to the one normally encountered by the animal whose hoof is simulated. </p><p id="p0005" num="0005"> [0003] Some shoes simulate an animal hoof. However, simulations often involve the upper shoe and are ornamental. In other words, the shoes are designed to provide the appearance that the lower part of the wearers leg is an animal leg. The shoes often involve boots which extend up towards the users make. These ornamental features do not provide any benefit to the user. </p><p id="p0006" num="0006">Summary of the Invention </p><p id="p0007" num="0007"> [0004] The sole of a shoe has a heel, a midsole and a tread portion extending from the mid-sole to the toe. The tread has a contour simulative of a horse hoof. A central recess is surrounded by a side wall forming the top and side edges of the tread. The side wall has in- turned ends that extend into the central recess. The in-turned ends taper in both height and width to their distal ends. A V-shaped protrusion is formed at a bottom of the tread and a curved surface transitions from the tread to the midsole. A tear drop recess is formed in the V-shaped protrusion. The top of the V-shaped protrusion and top of the side wall are coplanar. The tread provides traction on a variety of surfaces, including grassy fields, sand and hard surfaces, such as packed Earth or pavement. 
<!-- EPO <DP n="3"/>-->
 Brief Description of the Drawin2S </p><p id="p0008" num="0008"> [0005] Figure 1 is a top perspective view of the sole for shoe; </p><p id="p0009" num="0009"> [0006] Figure 2 is a top plan view thereof; </p><p id="p0010" num="0010"> [0007] Figure 3 is a right side view thereof, the left side view being a mirror image of the right side view; </p><p id="p0011" num="0011"> [0008] Figure 4 is a cross-sectional view along line 4-4 of Figure 2 through the centerline extending in the toe to heel direction; and </p><p id="p0012" num="0012"> [0009] Figure 5 is a cross-sectional view along line 5-5 of Figure 2. </p><p id="p0013" num="0013">Detailed Description of the Invention </p><p id="p0014" num="0014"> [0010] Figure 1 depicts the sole 10 having a heel 12 and midsole 14. Located forward of the midsole 14 is the tread 16. The tread is formed by a side wall 22 extending around a periphery of the sole. The side wall surrounds a central recess 24. The ends of the side wall 22 have in-turned ends 26 extending diagonally into the central recess 24. The in-turned ends taper in both height and width to a distal end. Located between the in-turned ends 26 is a V- shaped protrusion 28. A tear drop shaped recess 34 is formed within the V-shaped protrusion. The spaces between the V-shaped protrusion 28 and the in-turned ends 26 form channels 32. In an actual horse hoof, the V-shaped protrusion and recess are referred to as the "frog." The bottom of the tread borders the mid-sole and a rounded surface 40 extends to the midsole 14. </p><p id="p0015" num="0015">[0011] Figure 2, a top view of the sole, clearly shows the heel 12, midsole 14 and tread 16. The side wall 22, central recess 24 and V-shaped protrusion 28 are all clearly seen, as is the channels 32 formed between the in-turned edges 26 of the side wall 22 and V-shaped protrusion 28. The tear drop shaped recess 34 and rounded bottom surface 40 are also seen. </p><p id="p0016" num="0016">[0012] Figure 3 more clearly shows the tapered surface 40 extending upwardly from the midsole 14. In addition, a base 42 under the heel, midsole and tread is seen. The side wall 22 is formed by the top of the base 42. Figure 4 is a cross-sectional view of the sole 10. As can be seen in Figures 3 and 4, the top surface of the side wall 22 and top surface of the V- shaped protrusion 28 are coplanar, creating a stable surface for contacting the ground. The bottom surface of the central recess is also seen in Figure 4. The central recess is smooth, as the surface of the central recess is devoid of any protrusions or undulations. The central recess may be planar or slightly concave. The transition between the central recess and the side wall is rounded. The rounded transition provides lateral stability to the side wall and 
<!-- EPO <DP n="4"/>-->
 prevents the concentration of stresses at the inner bottom edge of the side wall where it meets the central recess. Similarly, the transition from the in-turned ends 26 and channels 34 are rounded to provide greater strength at this location. In addition, the tear drop shaped recess 38 is seen, as is the tapered surface 40. </p><p id="p0017" num="0017"> [0013] Figure 5 is a cross section view across the width of the tread. The sectional view depicts the sides of the central recess 16, as well as the channels 32 and tear drop shaped recess 34. The relative depth of these recesses can be varied. As noted above, the bottom surfaces of the recesses and channels are smooth and can be flat or concave. Also seen is the side wall 22, in-turned ends 26 and V-shaped protrusion. The relationship between the in-turned ends 26 and V-shaped protrusion 28 to form the pair of channels 32 can easily be seen. The central recess, the tear drop shaped recess 34 and channels 32 contribute to provide enhanced traction in soft ground and in wet conditions. In addition, the top surfaces of the side wall 22, in-turned ends 26 and V-shaped protrusion are coplanar to provide a stable surface. </p><p id="p0018" num="0018"> [0014] While the invention has been described with reference to a preferred embodiment, variations and modifications would be apparent to one of ordinary skill in the art. The invention encompasses such variations and modifications. 
</p></description><claims mxw-id="PCLM70076582" ref-ucid="WO-2014130835-A1" lang="EN" load-source="patent-office"><claim-statement><!-- EPO <DP n="5"/>-->I claim: </claim-statement><claim id="clm-0001" num="1"><claim-text> 1. A sole for a shoe, comprising: </claim-text><claim-text> a heel, a midsole and a tread, the tread comprising: </claim-text><claim-text> a central recess; </claim-text><claim-text> a side wall extending about the side of the sole and around the central recess, the side wall having ends extending inwardly from the edge of the sole into the central recess; </claim-text><claim-text> a V-shaped protrusion between the ends of the side wall; and </claim-text><claim-text> a recess in the V-shaped protrusion. </claim-text></claim><claim id="clm-0002" num="2"><claim-text>2. The sole of claim 1, wherein the central recess is concave. </claim-text></claim><claim id="clm-0003" num="3"><claim-text>3. The sole of claim 1, wherein the recess in the V-shape protrusion is tear drop shaped. </claim-text></claim><claim id="clm-0004" num="4"><claim-text>4. The sole of claim 1 , wherein the transition between the side wall and central recess is rounded. </claim-text></claim><claim id="clm-0005" num="5"><claim-text>5. The sole of claim 1, further comprising a bottom surface bordering the midsole, wherein the bottom surface is rounded. </claim-text></claim><claim id="clm-0006" num="6"><claim-text>6. The sole of claim 1 , wherein the inwardly extending ends of the side wall taper in width and height as the ends extend from the side wall. </claim-text></claim><claim id="clm-0007" num="7"><claim-text>7. A tread comprising: </claim-text><claim-text> a central recess; </claim-text><claim-text> a side wall extending about the side of the sole and around the central recess, the side wall having ends extending inwardly from the edge of the sole into the central recess; </claim-text><claim-text> a V-shaped protrusion between the ends of the side wall; and </claim-text><claim-text> a recess in the V-shaped protrusion. </claim-text></claim><claim id="clm-0008" num="8"><claim-text>8. The tread of claim 7, wherein the central recess is concave. 
<!-- EPO <DP n="6"/>-->
</claim-text></claim><claim id="clm-0009" num="9"><claim-text>9. The tread of claim 7, wherein the recess in the V-shape protrusion is tear drop shaped. </claim-text></claim><claim id="clm-0010" num="10"><claim-text>10. The tread of claim 7, wherein the transition between the side wall and central recess is rounded. </claim-text></claim><claim id="clm-0011" num="11"><claim-text>11. The tread of claim 7, further comprising a bottom surface bordering the midsole, wherein the bottom surface is rounded. </claim-text></claim><claim id="clm-0012" num="12"><claim-text>12. The tread of claim 7, wherein the inwardly extending ends of the side wall taper in width and height as the ends extend from the side wall. 
</claim-text></claim></claims><copyright>User acknowledges that Fairview Research LLC and its third party providers retain all right, title and interest in and to this xml under applicable copyright laws.  User acquires no ownership rights to this xml including but not limited to its format.  User hereby accepts the terms and conditions of the Licence Agreement</copyright></patent-document>
