<?xml version="1.0" encoding="UTF-8"?>
<patent-document ucid="EP-2680791-A1" country="EP" doc-number="2680791" kind="A1" date="20140108" family-id="46753774" file-reference-id="311159" date-produced="20180823" status="corrected" lang="EN"><bibliographic-data><publication-reference fvid="146586870" ucid="EP-2680791-A1"><document-id><country>EP</country><doc-number>2680791</doc-number><kind>A1</kind><date>20140108</date><lang>EN</lang></document-id></publication-reference><application-reference ucid="EP-11860065-A" is-representative="NO"><document-id mxw-id="PAPP154849062" load-source="docdb" format="epo"><country>EP</country><doc-number>11860065</doc-number><kind>A</kind><date>20110303</date><lang>EN</lang></document-id><document-id mxw-id="PAPP176177428" load-source="docdb" format="original"><country>EP</country><doc-number>11860065.9</doc-number><date>20110303</date><lang>EN</lang></document-id></application-reference><priority-claims><priority-claim mxw-id="PPC140552820" ucid="US-2011027023-W" linkage-type="A" load-source="docdb"><document-id format="epo"><country>US</country><doc-number>2011027023</doc-number><kind>W</kind><date>20110303</date></document-id></priority-claim></priority-claims><technical-data><classifications-ipcr><classification-ipcr mxw-id="PCL-2004746714" load-source="docdb">A61F   2/958       20130101ALI20151026BHEP        </classification-ipcr><classification-ipcr mxw-id="PCL-2004747872" load-source="docdb">A61F   2/966       20130101ALN20151026BHEP        </classification-ipcr><classification-ipcr mxw-id="PCL-2004748363" load-source="docdb">A61F   2/24        20060101AFI20151026BHEP        </classification-ipcr><classification-ipcr mxw-id="PCL-2004753139" load-source="docdb">A61M  25/10        20130101ALN20151026BHEP        </classification-ipcr></classifications-ipcr><classifications-cpc><classification-cpc mxw-id="PCL1991311844" load-source="docdb" scheme="CPC">A61F   2/2433      20130101 LA20140110BHEP        </classification-cpc><classification-cpc mxw-id="PCL1991311872" load-source="docdb" scheme="CPC">A61M2025/1095      20130101 LA20140110BHEP        </classification-cpc><classification-cpc mxw-id="PCL1991317437" load-source="docdb" scheme="CPC">A61F   2/966       20130101 LA20140110BHEP        </classification-cpc><classification-cpc mxw-id="PCL1991317453" load-source="docdb" scheme="CPC">A61F   2/958       20130101 FI20140110BHEP        </classification-cpc><classification-cpc mxw-id="PCL1991317993" load-source="docdb" scheme="CPC">A61F2250/0059      20130101 LA20140110BHEP        </classification-cpc><classification-cpc mxw-id="PCL1991318362" load-source="docdb" scheme="CPC">A61F2002/9583      20130101 LA20140110BHEP        </classification-cpc><classification-cpc mxw-id="PCL2125077575" load-source="docdb" scheme="CPC">A61F   2/2418      20130101 LA20141008BHEP        </classification-cpc></classifications-cpc><invention-title mxw-id="PT132365243" lang="DE" load-source="patent-office">PERKUTANE FREISETZUNG EINES BALLONEXPANDIERBAREN STENTS MIT EINEM TEMPORÄREN PERFUSIONSKANAL</invention-title><invention-title mxw-id="PT132365244" lang="EN" load-source="patent-office">TEMPORARY PERFUSION CHANNEL PERCUTANEOUS DELIVERY OF BALLOON-EXPANDABLE STENTS</invention-title><invention-title mxw-id="PT132365245" lang="FR" load-source="patent-office">CANAL DE PERFUSION TEMPORAIRE POUR ADMINISTRATION PERCUTANÉE D'ENDOPROTHÈSES VASCULAIRES DILATABLES PAR BALLONNET</invention-title></technical-data><parties><applicants><applicant mxw-id="PPAR919515830" load-source="docdb" sequence="1" format="epo"><addressbook><last-name>EMPIRE TECHNOLOGY DEV LLC</last-name><address><country>US</country></address></addressbook></applicant><applicant mxw-id="PPAR919518707" load-source="docdb" sequence="1" format="intermediate"><addressbook><last-name>EMPIRE TECHNOLOGY DEVELOPMENT LLC</last-name></addressbook></applicant><applicant mxw-id="PPAR919015537" load-source="patent-office" sequence="1" format="original"><addressbook><last-name>Empire Technology Development LLC</last-name><iid>101163310</iid><address><street>2711 Centerville Road, Suite 400</street><city>Wilmington, DE 19808</city><country>US</country></address></addressbook></applicant></applicants><inventors><inventor mxw-id="PPAR919510521" load-source="docdb" sequence="1" format="epo"><addressbook><last-name>LESCHINSKY BORIS</last-name><address><country>US</country></address></addressbook></inventor><inventor mxw-id="PPAR919530629" load-source="docdb" sequence="1" format="intermediate"><addressbook><last-name>LESCHINSKY, BORIS</last-name></addressbook></inventor><inventor mxw-id="PPAR919016325" load-source="patent-office" sequence="1" format="original"><addressbook><last-name>LESCHINSKY, BORIS</last-name><address><street>79 Mclntosh Drive</street><city>Mahwah NJ 07430</city><country>US</country></address></addressbook></inventor></inventors><agents><agent mxw-id="PPAR919014644" load-source="patent-office" sequence="1" format="original"><addressbook><last-name>Dennemeyer &amp; Associates S.A.</last-name><iid>101203548</iid><address><street>Bavariastrasse 7</street><city>80336 München</city><country>DE</country></address></addressbook></agent></agents></parties><international-convention-data><pct-or-regional-filing-data ucid="US-2011027023-W"><document-id><country>US</country><doc-number>2011027023</doc-number><kind>W</kind><date>20110303</date><lang>EN</lang></document-id></pct-or-regional-filing-data><pct-or-regional-publishing-data ucid="WO-2012118508-A1"><document-id><country>WO</country><doc-number>2012118508</doc-number><kind>A1</kind><date>20120907</date><lang>EN</lang></document-id></pct-or-regional-publishing-data><designated-states><ep-contracting-states><country mxw-id="DS549766190" load-source="docdb">AL</country><country mxw-id="DS549916933" load-source="docdb">AT</country><country mxw-id="DS549766191" load-source="docdb">BE</country><country mxw-id="DS549845432" load-source="docdb">BG</country><country mxw-id="DS549847241" load-source="docdb">CH</country><country mxw-id="DS549777534" load-source="docdb">CY</country><country mxw-id="DS549777535" load-source="docdb">CZ</country><country mxw-id="DS549765852" load-source="docdb">DE</country><country mxw-id="DS549766192" load-source="docdb">DK</country><country mxw-id="DS549766197" load-source="docdb">EE</country><country mxw-id="DS549861635" load-source="docdb">ES</country><country mxw-id="DS549845433" load-source="docdb">FI</country><country mxw-id="DS549845438" load-source="docdb">FR</country><country mxw-id="DS549765861" load-source="docdb">GB</country><country mxw-id="DS549766198" load-source="docdb">GR</country><country mxw-id="DS549765862" load-source="docdb">HR</country><country mxw-id="DS549777536" load-source="docdb">HU</country><country mxw-id="DS549847246" load-source="docdb">IE</country><country mxw-id="DS549766199" load-source="docdb">IS</country><country mxw-id="DS549845439" load-source="docdb">IT</country><country mxw-id="DS549766200" load-source="docdb">LI</country><country mxw-id="DS549765863" load-source="docdb">LT</country><country mxw-id="DS549916934" load-source="docdb">LU</country><country mxw-id="DS549845440" load-source="docdb">LV</country><country mxw-id="DS549765864" load-source="docdb">MC</country><country mxw-id="DS549916935" load-source="docdb">MK</country><country mxw-id="DS549916936" load-source="docdb">MT</country><country mxw-id="DS549916937" load-source="docdb">NL</country><country mxw-id="DS549777545" load-source="docdb">NO</country><country mxw-id="DS549916938" load-source="docdb">PL</country><country mxw-id="DS549766205" load-source="docdb">PT</country><country mxw-id="DS549847473" load-source="docdb">RO</country><country mxw-id="DS549766206" load-source="docdb">RS</country><country mxw-id="DS549916939" load-source="docdb">SE</country><country mxw-id="DS549765869" load-source="docdb">SI</country><country mxw-id="DS549777546" load-source="docdb">SK</country><country mxw-id="DS549777547" load-source="docdb">SM</country><country mxw-id="DS549861636" load-source="docdb">TR</country></ep-contracting-states></designated-states></international-convention-data><office-specific-data><eptags><ep-no-a-document-published>*</ep-no-a-document-published></eptags></office-specific-data></bibliographic-data><abstract mxw-id="PA99831126" ref-ucid="WO-2012118508-A1" lang="EN" load-source="patent-office"><p num="0000">Technologies are generally described for percutaneous valve delivery systems with continuous blood flow, By providing a temporary perfusion channel in balloon-expandable stent and/or valve replacement systems, blood flow during the deployment of the stent or valve, when the inflation of the balloon may interrupt the blood flow, is ensured. The perfusion channel may be formed employing an elongated braided structure, which may be expanded radially and outwards upon being longitudinally compressed. One-way blood flow through the channel may be accomplished by providing a temporary check valve.</p></abstract><abstract mxw-id="PA100327950" ref-ucid="WO-2012118508-A1" lang="EN" source="national office" load-source="docdb"><p>Technologies are generally described for percutaneous valve delivery systems with continuous blood flow, By providing a temporary perfusion channel in balloon-expandable stent and/or valve replacement systems, blood flow during the deployment of the stent or valve, when the inflation of the balloon may interrupt the blood flow, is ensured. The perfusion channel may be formed employing an elongated braided structure, which may be expanded radially and outwards upon being longitudinally compressed. One-way blood flow through the channel may be accomplished by providing a temporary check valve.</p></abstract><abstract mxw-id="PA99831127" ref-ucid="WO-2012118508-A1" lang="FR" load-source="patent-office"><p num="0000">Selon l'invention, des technologies sont généralement décrites pour des systèmes d'administration percutanée de valvules avec un écoulement sanguin continu. Grâce à un canal de perfusion temporaire dans une endoprothèse vasculaire dilatable par ballonnet et/ou des systèmes de remplacement de valvules, l'écoulement sanguin est assuré pendant le déploiement de l'endoprothèse ou de la valvule, lorsque le gonflage du ballonnet pourrait interrompre l'écoulement sanguin. Le canal de perfusion peut être formé à l'aide d'une structure tressée, allongée, qui peut être déployée radialement et vers l'extérieur lorsqu'elle est compressée longitudinalement. Un écoulement sanguin à sens unique à travers le canal peut être obtenu par la disposition d'un clapet de non-retour temporaire.</p></abstract><abstract mxw-id="PA100327951" ref-ucid="WO-2012118508-A1" lang="FR" source="national office" load-source="docdb"><p>Selon l'invention, des technologies sont généralement décrites pour des systèmes d'administration percutanée de valvules avec un écoulement sanguin continu. Grâce à un canal de perfusion temporaire dans une endoprothèse vasculaire dilatable par ballonnet et/ou des systèmes de remplacement de valvules, l'écoulement sanguin est assuré pendant le déploiement de l'endoprothèse ou de la valvule, lorsque le gonflage du ballonnet pourrait interrompre l'écoulement sanguin. Le canal de perfusion peut être formé à l'aide d'une structure tressée, allongée, qui peut être déployée radialement et vers l'extérieur lorsqu'elle est compressée longitudinalement. Un écoulement sanguin à sens unique à travers le canal peut être obtenu par la disposition d'un clapet de non-retour temporaire.</p></abstract><description mxw-id="PDES51232439" ref-ucid="WO-2012118508-A1" lang="EN" load-source="patent-office"><!-- EPO <DP n="2"/>--><p id="p0001" num="0001"> DELIVERY OF BALLOON -EXPANDABLE STENTS </p><p id="p0002" num="0002">BACKGROUND </p><p id="p0003" num="0003"> [0001] Unless otherwise indicated herein, the materials described in this section are not prior art to the claims in this application and are not admitted to be prior art by inclusion in this section. </p><p id="p0004" num="0004"> [0002] Some of the common diseases of the cardio-vascular system include atherosclerosis, diseased or damaged heart valves, aortic or thoracic aneurysms, and similar ones. One of the therapeutic approaches for atherosclerosis or aortic / thoracic aneurysms is placement of a permanent stent or stent graft at the diseased location. A stent graft is a tubular device, which is composed of special fabric supported by a rigid structure, usually metal. The rigid structure is called a stent. A typical stent may be formed from a metal mesh. Stent grafts may also be used in endovascuiar surgery to support weak points in arteries or veins, commonly known as an aneurysm. Once in place inside the aorta, the stent graft may act as a false lumen for blood to travel through, instead of flowing into the aneurysm sack. </p><p id="p0005" num="0005"> [0003] Another use for stents is aortic valve replacement. The aortic valve can be affected by a range of diseases and the valve can either become leaky or partially blocked. Aortic valve may be replaced through open heart surgery. Instead of open heart surgery, a catheter-based approach (percutaneous aortic valve replacement or PAVR), may be employed to replace a damaged heart valve with a valved stent.</p><p id="p0006" num="0006">[Q004] The present disclosure appreciates that there are several limitations with percutaneous delivery systems for stents and/or stent grafts. Sn non-limiting example, a common deployment mechanism for stents is a balloon placed inside the stent that is inflated to deploy the stent (or stent graft) and then deflated for removal from the blood vessel. When the balloon is inflated during deployment, however, blood flow through the artery or vein may be substantially reduced. Similarly, in aortic valve replacement procedures, the blood flow may be interrupted from the left ventricle resulting in strong hemodynamic forces being applied on the delivery 
<!-- EPO <DP n="3"/>-->
 system. The hemodynamic forces, in return, may cause the stent or replacement valve to be dislodged from its optimal position. The blood flow interruption and resulting hemodynamic forces may also necessitate rapid deployment of the stent or replacement valve to avoid compromising blood circulation. </p><p id="p0007" num="0007">SUMMARY </p><p id="p0008" num="0008">[0005]This summary is provided to introduce a selection of concepts in a simplified form that are further described below in the Detailed Description. This summary is not intended to exclusively identify key features or essential features of the claimed subject matter, nor is it intended as an aid in determining the scope of the claimed subject matter. </p><p id="p0009" num="0009"> [0006]The present disclosure describes a method for providing percutaneous delivery of a stent with continuous circulation. According to some examples, the method includes positioning a perfusion channel structure in a blood vessel, causing the perfusion channel structure to expand such that blood flow is enabled through the perfusion channel structure, positioning a stent over the perfusion channel structure, and deploying the stent. </p><p id="p0010" num="0010"> [0007]The present disclosure also describes a percutaneous stent delivery system with continuous circulation. According to some examples, the percutaneous stent delivery system may include an expandable perfusion channel structure, a first guide configured to deliver the perfusion channel structure into a blood vessel and a second guide configured to expand the perfusion channel structure by reducing a length of the perfusion channel structure prior to, during, and/or following deployment of a stent such that blood flow is enabled through the perfusion channel structure as the stent is deployed. The percutaneous stent delivery system may also include the stent configured to be positioned over the perfusion channel structure. </p><p id="p0011" num="0011"> [0008]The present disclosure further describes a percutaneous delivery system with continuous circulation. The percutaneous delivery system may include a perfusion channel structure configured to be expanded radially prior to deployment of a stent such that blood flow is enabled through the perfusion channel structure prior to, during, and/or following the deployment of the stent; and two concentric guides an 
<!-- EPO <DP n="4"/>-->
 outer one of which is coupled to a distal end of the perfusion channel structure such that moving a distal end of the outer guide closer to a distal end of the central guide causes a reduction of a length of the perfusion channel structure and thereby the radial expansion of the perfusion channel structure outwards. </p><p id="p0012" num="0012">BRIEF DESCRIPTION OF THE DRAWINGS </p><p id="p0013" num="0013">[0009]The following and other features of this disclosure will become more fully apparent from the following description and appended claims, taken in conjunction with the accompanying drawings. Understanding that these drawings depict only several embodiments in accordance with the disclosure and are, therefore, not to be considered limiting of its scope, the disclosure will be described with additional specificity and detail through use of the accompanying drawings, in which: </p><p id="p0014" num="0014"> FIG. 1 is a conceptual diagram illustrating a percutaneous delivery system with temporary perfusion channel use; </p><p id="p0015" num="0015"> FIG. 2A, 2B, and 2C illustrate an example delivery of a stent through an expandable balloon; </p><p id="p0016" num="0016"> FIG. 3 illustrates possible effects of hemodynamic forces on a percutaneous delivery system for balloon-expandable replacement valves; </p><p id="p0017" num="0017"> FIG. 4 illustrates an example continuous circulation percutaneous delivery system with the central perfusion channel collapsed; </p><p id="p0018" num="0018"> FIG. 5 illustrates the example continuous circulation percutaneous delivery system of FIG. 4 with the central perfusion channel expanded; </p><p id="p0019" num="0019"> FIG. 6 illustrates the example continuous circulation percutaneous delivery system of FIG. 5 with the stent deployed through inflation of the balloon; </p><p id="p0020" num="0020"> FIG. 7 illustrates the example continuous circulation percutaneous delivery system of FIG. 5 with temporary valve leaflets for unidirectional flow control; and</p><p id="p0021" num="0021">FIG. 8 illustrates a flowchart for a process of deploying a stent employing a continuous circulation percutaneous delivery system with a central perfusion channel, </p><p id="p0022" num="0022"> all arranged in accordance with at least some embodiments described herein. 
<!-- EPO <DP n="5"/>-->
 DETAILED DESCRIPTION </p><p id="p0023" num="0023"> [0010] In the following detailed description, reference is made to the accompanying drawings, which form a part hereof. In the drawings, similar symbols typically identify similar components, unless context dictates otherwise. The illustrative embodiments described in the detailed description, drawings, and claims are not meant to be limiting. Other embodiments may be utilized, and other changes may be made, without departing from the spirit or scope of the subject matter presented herein. It will be readily understood that the aspects of the present disclosure, as generally described herein, and illustrated in the Figures, can be arranged, substituted, combined, separated, and designed in a wide variety of different configurations, all of which are explicitly contemplated herein. </p><p id="p0024" num="0024"> [0011]This disclosure is generally drawn, inter alia, to methods, apparatus, systems, devices, and/or computer program products related to percutaneous delivery systems for stents and replacement valves with continuous blood flow. </p><p id="p0025" num="0025"> [0012]Brief!y stated, technologies are generally described for percutaneous valve delivery systems with continuous blood flow. By providing a temporary perfusion channel in balloon-expandable stent and/or valve replacement systems, blood flow during the deployment of the stent or valve, when the inflation of the balloon may interrupt the blood flow, is ensured. The perfusion channel may be formed employing an elongated braided structure, which may be expanded radially and outwards upon being longitudinally compressed. One-way blood flow through the channel may be accomplished by providing a temporary check valve. </p><p id="p0026" num="0026"> [0013] FIG. 1 is a conceptual diagram illustrating a percutaneous delivery system with temporary perfusion channel use in accordance with some embodiments described herein. </p><p id="p0027" num="0027"> [Q014]Aortic or mitral valve damage, atherosclerosis, and aortic or thoracic aneurysms are some of the common diseases of the cardio-vascuiar system. </p><p id="p0028" num="0028"> Conventional surgical therapies involving replacement of valves or shunting of diseased blood vessel portions are increasingly being replaced with percutaneous delivery of artificial valves or stent grafts. Surgical approaches are typically associated with procedures like opening of the pericardium, use of cardio-pulmonary 
<!-- EPO <DP n="6"/>-->
 bypass machine, post-surgical stay in intensive care units, and prolonged recovery periods. Thus, risks to patients can be significant at various stages of the therapy. </p><p id="p0029" num="0029"> [0015]ln contrast, percutaneous delivery procedures may be performed without full anesthesia and in some case as an outpatient procedure. Post-surgical recovery with percutaneous delivery procedures may also be substantially faster compared to recovery following surgical approaches, which may last as long as a year. Diagram 100 illustrates, conceptually, a percutaneous delivery procedure, where a physician 108 may insert a percutaneous delivery system 108 (typically a catheter or similar mechanism) carrying the stent or replacement valve through an artery or vein, and guide it to a proper location (diseased blood vessel or damaged heart valve) by monitoring the progress of the delivery system through a monitoring device 104. Monitoring device 104 may enable the physician 108 to observe the progress of the delivery system in the patient's body 102 employing X-ray, ultrasound, or similar monitoring mechanisms. </p><p id="p0030" num="0030"> [Q016]The percutaneous delivery system may carry a balloon-inflatable replacement valve stent or a regular stent (1 10) for expanding a clogged blood vessel or supporting a blood vessel weakened by an aneurysm. The delivery system may include one or more probes for monitoring blood pressure, blood oxygen level, and other chemical properties of the blood through monitoring device 1 12. In a system according to some embodiments, the delivery system may be equipped with a temporary perfusion channel to enable continuous blood flow while the balloon is being inflated to deploy the stent or replacement valve. </p><p id="p0031" num="0031"> [0017] FIG. 2A, 2B, and 2C illustrate an example delivery of a stent through an expandable balloon 200 in accordance with some conventional methods. </p><p id="p0032" num="0032"> [0018]As shown in FIG. 2A, a stent delivery mechanism may include a catheter (or guide wire) 1 10 with the stent and a deployment mechanism (e.g., a balloon). The catheter 1 10 may be guided through the blood vessel 222 to the proper location such as, but not limited to, an at least partially occluded section 224 of the blood vessel, where an atherosclerotic plaque may be present inside the arterial (or venous) wall 226. Once in place, (FIG. 2B) the stent 228 may be deployed, for example, by inflating the balloon 230 inside the stent structure. The deployed stent (FIG. 2C) 
<!-- EPO <DP n="7"/>-->
 may push the arterial wall 226 radially outward forming a channel 232 for increased blood flow, Upon deployment of the stent, the balloon may be deflated and removed from the blood vessel by pulling out the catheter 1 10. </p><p id="p0033" num="0033"> [0019]Cardio-vascular stents may be made from flexible, supportive, and </p><p id="p0034" num="0034">biocompatible materials capable of expansion. Mesh structures are commonly used. Foreign materials implanted into the human body may result in trauma, inflammation, immune response and eventual healing and/or scarring. Materials that are not biocompatible can induce many complications, including cytotoxic chemical buildup and chronic inflammation. Stents are commonly built on a stainless steel platform due to cost and manufacturability considerations. However, stainless steel is not fully compatible with the human body and implantation may be followed by restenosis and thrombosis. In addition, stainless steel can pose difficulties related to some types of imaging, such as magnetic resonance. Alternative platform materials such as but not limited to gold, titanium, cobalt-chromium alloy, tantalum alloy, nitinol (55% nickel and 45% titanium), and different types of polymers may also be used as stent materials. </p><p id="p0035" num="0035"> [0020]While certain polymers have found use as stent materials such as but not limited to silicone, which induces low rates of tissue trauma, they also present challenges in terms of biodurability, tensile and coil strength, and inner-to-outer diameter. Biodegradable or bioabsorbable stents may include a component (such as an enzyme or microbe) that degrades the stent material quickly enough to make them appropriate for short-term uses. A bioerodible polymer is a water-insoluble polymer that has been converted into a water-soluble material. Biodegradable materials can form an effective stent coating because they can be mixed with an antirestenotic drug and can degrade within a few weeks, thus releasing the drug into the surrounding tissue and reducing the risk of restenosis. Examples of </p><p id="p0036" num="0036">biodegradable polymers include, but are not limited to: polyesters, poiyorthoesters and polyanhydrides. Shape-memory polymers can be used to produce a device that can transition from a temporary state to a different (permanent) state through the inducement of a stimulus of heat or cold, for example. 
<!-- EPO <DP n="8"/>-->
 [0021JFIG, 3 illustrates possible effects of hemodynamic forces on a conventional percutaneous delivery system for balloon-expandable replacement valves. </p><p id="p0037" num="0037"> [0022] In percutaneous valve replacement (aortic or mitral) a synthetic or tissue (human or animal) valve is inserted to the heart typically through the femoral artery from a small entry wound in the groin. The diseased valve, which may have become leaky (e.g., aortic insufficiency / regurgitation) or partially blocked (e.g., aortic stenosis) for example, may then be replaced with the healthy one. The procedure is comparable to that performed when placing a stent, or performing balloon angioplasty. Percutaneous valve replacement removes the need for open heart surgery, which is an invasive procedure with considerable mortality and morbidity especially in more fragile patients. </p><p id="p0038" num="0038"> [0023]As illustrated in diagram 300, a vaived stent 228 may be placed strategically near the diseased valve by the delivery mechanism 346 (e.g., a catheter-based system). A balloon 230 inside the vaived stent 228 may be inflated, deploying the stent. As shown in FIG 3, one side of the balloon (344) may typically inflate more than the other side, almost completely blocking blood flow during deployment. This interruption of blood ejection from the left ventricle may result in strong </p><p id="p0039" num="0039">hemodynamic forces on the deployed stent, which may cause suboptimal valve positioning. Furthermore, the deployment may have to be completed rapidly to prevent damage such as myocardial infarction or stroke to the patient. </p><p id="p0040" num="0040"> [0024] In a system according to at least some embodiments, accurate placement of a percutaneous aortic valve with no or minimal pressure gradient from the ventricle to the aorta portion distal of the valve may be accomplished through a temporary perfusion channel. Minimal pressure may be defined in example circumstances as less than about 10 mm Hg pressure. In illustrative embodiments, assuming a 25 mm diameter aorta, the force on the valve may not exceed about 0.5 pound. The channel may be expanded at the center of the balloon prior to the valve being deployed enabling continuous blood flow prior to, during, and after the deployment. By selecting dimensions (diameters) of the temporary perfusion channel structure and the stent deployment system (balloon and stent itself) accordingly, the interruption in blood flow may be minimized. The balloon may be selected as thin 
<!-- EPO <DP n="9"/>-->
 and as small as possible when in compressed state, in illustrative embodiments, the perfusion channel may have a diameter between about 5 mm and about 20 mm in expanded state. </p><p id="p0041" num="0041"> [0025] FIG. 4 illustrates an example continuous circulation percutaneous delivery system 400 with the central perfusion channel collapsed according to some embodiments described herein. </p><p id="p0042" num="0042"> [0026]According to some embodiments, an expandable perfusion channel 450 may be provided prior to deploying a valved (or regular) stent 228. The perfusion channel 450 may be expanded prior to valve deployment to occupy from about 20 percent to about 80 percent of the cross-section of the aortic annuius. According to other embodiments, a temporary check valve may be provided to assure the flow through the perfusion channel to be unidirectional. For example, in case of aortic valve, the flow may be from the left ventricle to the aorta. The valved stent 228 may be located (or placed in a separate step) around the expanded perfusion channel. The stent 228 may then be deployed either by a self-expansion mechanism or by a balloon 230 expansion mechanism. The balloon 230 in this case may be designed with a central opening matching the dimension of the perfusion channel 450 when expanded. Inflation of the balloon 230 is designed to cause expansion of the valved stent 228, which creates a radially inward pressure on the perfusion channel 450. Thus, the perfusion channel 450 may be designed to withstand the radial pressure created by the balloon. For example, a depth of the material forming the perfusion channel 450, size and/or shape of braids in a braided perfusion channel, or comparable properties may be selected based on expected radial pressure. Sn illustrative implementations, the perfusion channel may be selected to withstand expected balloon pressures between about 10 PSi and 20 PSL </p><p id="p0043" num="0043"> [0027] In contrast with conventional stent deployment procedures, where due to the hemodynamic forces the deployment needs to be completed within a brief period of time (e.g., 5 minutes or less), use of the perfusion channel described herein allows stent deployment to progress at a slower pace (e.g., 30 minutes), if needed, as blood flow from the ventricle is largely uninterrupted. The relatively longer length of available time may allow for frequent verification of positioning using fluoroscopy or 
<!-- EPO <DP n="10"/>-->
 other appropriate imaging. In addition, strong hemodynamic forces may be avoided during deployment decreasing a risk of displacement of the valved stent 228. </p><p id="p0044" num="0044"> [0028]The delivery system for the valved stent may include a central catheter 456 which may be inserted into the left ventricle over a guide wire 452. An outer catheter 454 may be placed over the central catheter 458 such that it can slide over the central catheter controlled by a person performing the deployment procedure. In diagram 400, a distal end 456-1 (in relation to a person deploying the stent) of the central catheter 456 is shown having an approximately round terminus, which is typically preferred to avoid damage to tissue as the catheter is inserted. However, central catheter 456 and outer catheter 454 may have any shape of termini, varying sizes, and be made of any appropriate material known in the art. As shown in diagram 400, an example configuration includes outer catheter 454 over central catheter 456, perfusion channel 450 over outer catheter 454 with one end of the perfusion channel attached to a distal end 456-1 of the central catheter 456 at attachment location 457 and the other end of the perfusion channel attached to the outer catheter 454 at attachment location 455. Deployment balloon 230 is positioned over the perfusion channel 450 and the valved stent 228 is positioned over the deployment balloon 230, all in a collapsed state. The deployment balloon 230 and the valved stent 228 may be positioned anywhere over the perfusion channel 450 prior to insertion into the body or slid over the perfusion channel after it is in place in a blood vessel. Proximal ends of the central and outer catheters 456 and 454 (not shown) are typically outside the body. </p><p id="p0045" num="0045"> [0029] Perfusion channel 450 may be formed by a braided structure according to some embodiments, which expands radially when the structure is compressed longitudinally and collapses radially when the structure is expanded longitudinally. A proximal end of the perfusion channel (braided structure) may be attached (e.g. through adhesion or mechanical attachment) to a suitable location on the outer catheter 454. For example, the perfusion channel may be crimped over, retained by a sleeve, encapsulated within overmoiding, or attached using other appropriate methods. The suitable location for attachment may take a length of the deployment balloon 230 and valved stent 228 into account. As shown by the example attachment location 455 in diagram 400, the deployment balloon 230 and valved 
<!-- EPO <DP n="11"/>-->
 stent 228 in their collapsed state may be placed over the collapsed perfusion channel 450. In other embodiments, the perfusion channel may extend proximally (and optionally distally) beyond the length of the balloon and/or stent over the outer catheter 454. Sn yet other embodiments, the perfusion channel 450 may be slid over the outer catheter after the catheters are in place within the blood vessel and deployed through the use of the guide wire or similar mechanism (e.g. not attached to a fixed location on the central or outer catheters). </p><p id="p0046" num="0046"> [0030]An example of a braided structure that can be elongated to pass through a small space (e.g., blood vessel) is a mesh-based stent. Such structures function to reinforce an outer structure and prevent a collapse. Sn such structures, a radial strength of the structure is usually a function of an angle of the braid. When the angle approaches 90 degrees to the axis of the braid the radial strength approaches its maximum. Retaining the stent at both ends further increases the resistance of the braid to withstand a radial force applied towards the stent's center. The elongated braided structure forming the perfusion channel 450 may be composed of one or more of gold, titanium, a cobalt-chromium alloy, a tantalum alloy, stainless steel, nitinol, silicon, a biodegradable polymer, a bioabsorbable polymer, and/or a bioerodible polymer. An outer diameter of the structure may be selected to be less than a diameter of the blood vessel to allow expansion room for the stent and/or balloon deploying the stent. The elongated braided structure may also include a coating on the outside to allow it to adhere to the balloon temporarily as the stent or valve is being deployed. The braids may be formed by a metallic or other material in triangular, rectangular, or polygonal shapes enabling the structure to expand and collapse longitudinally while collapsing and expanding radially at the same time. </p><p id="p0047" num="0047"> [0031] In a deployment process, the example elongated braided structure may be compressed longitudinally by sliding the central catheter 456 (or outer catheter 454) such that the distal ends 456-1 and 454-1 approach each other. The compression may cause a radial expansion due to the braided nature of the structure (individual shapes compress in one direction expand in another as a result). Thus, the elongated structure may expand to its operative dimensions within the blood vessel by longitudinal compression. The perfusion channel 450 may preserve its diameter substantially during the deployment of the stent or valve (e.g., inflation of the balloon) 
<!-- EPO <DP n="12"/>-->
 by maintenance of the longitudinal compression (i.e., fixed position of the catheters relative to each other). Upon completion of the deployment, the longitudinal compression may be removed or an opposite direction force applied such that the elongated structure collapses to its compressed diameter for removal from the blood vessel. In other examples, shape memory properties of materials used to form the braided structure may promote the return to a preselected shape after being released from the longitudinally compressed position. Some examples of shape memory materials include, but are not limited to, copper-zinc-aluminum-nickel, copper-aluminum-nickei, nickel-titanium (NiTi), zinc-copper-gold alloys, and block copolymers such as polyethylene terephthalate (PET) - polyethyleneoxide (PEO), polystyrene - poiy(1 ,4-butadiene), poly(2-methyi-2-oxazoline) - polytetrahydrofuran. </p><p id="p0048" num="0048"> [0032]While reference is made to valved stent, a perfusion channel as described herein may be used in deployment of any stent in circulatory system. A valved stent is just one example. The balloon and stent may be located centrally or toward one end of the perfusion channel in collapsed state. Additionally, the balloon and the stent may also be placed behind or in front of the perfusion channel 450 and configured to allow their placement over the perfusion channel 450 once at the desired deployment location. </p><p id="p0049" num="0049"> [0033] FIG. 5 illustrates the example continuous circulation percutaneous delivery system of FIG. 4 with the central perfusion channel expanded according to some embodiments described herein. </p><p id="p0050" num="0050"> [Q034]As discussed above, a delivery system for a valved stent 228 may include a central catheter 456 over a guide wire 452 and an outer catheter 454 configured to slide over the central catheter 456. The perfusion channel 450 may be formed as a braided structure placed over the central catheter 456 with a distal end 450-1 of the braided structure attached to the distal end 456-1 of the central catheter 456 and a proximal end 450-2 of the braided structure attached to the outer catheter 454.</p><p id="p0051" num="0051">[Q035]As shown in diagram 500, slidingly moving at least one of the catheters such that their distal ends approach each other causes longitudinal compression of the braided structure, which in turn may cause the perfusion channel 450 to expand radially outwards. Expansion of the braided structure creates an opening for blood 
<!-- EPO <DP n="13"/>-->
 flow 562 through a center of the perfusion channel 450. An open wire expanded braided structure may allow blood flow to go from the right side to the left side (e.g., from the left ventricle to the aorta in aortic valve replacement procedures). </p><p id="p0052" num="0052">According to some embodiments, a length of the expanded braided structure may be selected to at least match or exceed a length of the deployment balloon 230 such that full support is provided for the balloon during its inflation. In illustrative embodiments, a length of the perfusion channel when expanded may range between about <sub>2</sub> inch and 1 ½ inches. The length when collapsed may range from about 1 inch to about 5 inches. The diameter of the perfusion channel in expanded state may range between about 5 mm and about 30 mm. Mesh size may vary from about ½ mm to about 7 mm. </p><p id="p0053" num="0053"> [0036] FIG. 8 illustrates the example continuous circulation percutaneous delivery system of FIG. 5 with the stent deployed through inflation of the balloon according to some embodiments described herein. </p><p id="p0054" num="0054"> [0037] Diagram 600 depicts the stent delivery system discussed above with the stent deployment balloon 230 inflated and the valved stent 228 expanded towards the wails 664 of the aortic annulus. The perfusion channel 450 is held in expanded position by maintaining the relative locations of central and outer catheters 456 and 454, which through the attachment locations 457 and 455, respectively, determine a length of the perfusion channel, and thereby a diameter as discussed above. </p><p id="p0055" num="0055">Continuous circulation 562 is provided through the deployment location by the expanded perfusion channel 450. Once the valved stent 228 is deployed, the balloon 230 may be deflated and the perfusion channel 450 is collapsed by siidingly moving the central and outer catheters (456, 454), which elongates the braided structure of the perfusion channel 450 through respective attachment locations 457 and 455 back to its low profile state. The system may then be withdrawn from the patient. </p><p id="p0056" num="0056"> [0038] FIG. 7 illustrates the example continuous circulation percutaneous delivery system of FIG. 5 with temporary valve leaflets for unidirectional flow control according to some embodiments described herein. 
<!-- EPO <DP n="14"/>-->
 [0039]As shown in diagram 700, unidirectional flow through the opening of the central perfusion channel 450 may be provided by incorporating a set of collapsible temporary check valves 776 and 778 therewith. The collapsible temporary check valves 776, 778 may be made from the same or similar material as the perfusion channel 450 (e.g., metal or polymer, but without the mesh structure). The collapsible temporary check valves 776, 778 may be formed in various shapes such as round, elongated, rectangular, elliptical, etc. and may be attached to the perfusion channel 450 through flexible adhesion or similar manner that enables the check valves to move in order to allow blood flow through the openings which the valves cover. A size of the collapsible temporary check valves 776, 778 may be selected depending on a size of the perfusion channel 450. For example, the valves may cover an area that ranges from about 1/4 of the diameter of the perfusion channel to about 2/3 of the diameter of the perfusion channel. According to some embodiments, the braided structure of the perfusion channel may be formed with a gradual slope on one or both of its ends by having a smaller expanded diameter value for the structures end(s) compared to its longitudinal center (e.g., the diameters may have a ratio ranging from about 1 to 1 .5 to about 1 to 3). The slope(s) may provide for a convenient check valve supporting structure. The flexible leaflets of a temporary valve 776, 778 may be placed at one end (left end as shown in the diagram) and configured to collapse about the sloping end of the braided structure to prevent back flow. During ejection from the left ventricle these leaflets may open up the passages for blood flow 762. During the heart diastole, the leaflets may fall back around the braided structure and at least partially or completely prevent blood regurgitation back into the left ventricle. Other locations for a check valve may include the other end (right on diagram 700) or any location inside the braided structure. </p><p id="p0057" num="0057"> [0040JA system as shown in diagram 700 may be implemented for </p><p id="p0058" num="0058">balloon-expandable valves, which are typically delivered by expanding a valved stent at the location of a native aortic valve. The stent itself may contain the leaflets of a replacement valve. Sn addition, embodiments may be implemented in percutaneous delivery systems of other devices expandable in the arterial or venous vessels of the circulatory system. In particular, percutaneous devices according to embodiments 
<!-- EPO <DP n="15"/>-->
 may be employed for deployment of stent/grafts for treatment of thoracic and abdominal aortic aneurysms. </p><p id="p0059" num="0059"> [0041] While embodiments have been discussed above using specific examples, components, and configurations, they are intended to provide a general guideline to be used for delivering stents, stent grafts, and/or replacement valves within the cardio-vascuiar system with uninterrupted blood circulation. These examples do not constitute a limitation on the embodiments, which may be implemented using other components, delivery system configurations, delivery schemes, and/or materials using the principles described herein. </p><p id="p0060" num="0060"> [0042] FIG. 8 illustrates a flowchart for a process of deploying a stent employing a continuous circulation percutaneous delivery system with a central perfusion channel arranged in accordance with at least some embodiments described herein. </p><p id="p0061" num="0061"> [0043JA process of deploying a stent employing a continuous circulation </p><p id="p0062" num="0062">percutaneous delivery system with a central perfusion channel may optionally begin with operation 802, "POSITION THE STENT AND/OR BALLOON AROUND THE PERFUSION CHANNEL STRUCTURE." At operation 802, a regular or valved stent 228 may be positioned around a perfusion channel 450 along with a deployment mechanism such as an inflatable balloon 230. The stent and the balloon may be placed near one end of the perfusion channel 450, around the middle of the perfusion channel 450, or moved over the perfusion channel 450 once the delivery system is at its delivery location. </p><p id="p0063" num="0063"> [0044]Operation 802 may be followed by operation 804, "POSITION THE </p><p id="p0064" num="0064">DELIVERY SYSTEM INTO BLOOD VESSEL." At operation 804, the delivery system 1 10 may be inserted into a major blood vessel and guided through the patient's body to the delivery location such as the location of a damaged valve or diseased blood vessel (e.g., aneurysm). In some embodiments, the perfusion channel 450 may be positioned in the blood vessel first and the stent and/or balloon deployed around the perfusion channel 450 (in collapsed status). </p><p id="p0065" num="0065"> [0045]Operation 804 may be followed by operation 806, "CAUSE THE PERFUSION CHANNEL STRUCTURE TO EXPAND RADIALLY." At operation 806, the perfusion channel 450 may be expanded radially, for example, by longitudinally compressing a 
<!-- EPO <DP n="16"/>-->
 braided structure forming the channel. The expanded perfusion channel 450 may enable continuous blood flow prior to, during, and after the deployment of the stent 228. </p><p id="p0066" num="0066"> [0046]Operation 806 may be followed by operation 808, "DEPLOY STENT (E.G. BY INFLATING BALLOON." At operation 808, the stent 228 may be deployed through its deployment mechanism. While inflation of a balloon 230 may be used to deploy the stent 228, other mechanisms may also be employed. The perfusion channel 450 may be designed with sufficient radial structural strength to withstand compression forces that may be encountered during the inflation of the balloon 230. Upon deployment of the stent, the balloon may be deflated leaving the stent 228 in place. </p><p id="p0067" num="0067"> [0047]Operation 808 may be followed by operation 810, "CAUSE THE PERFUSION CHANNEL STRUCTURE TO COLLAPSE." At operation 810, the perfusion channel 450 may be collapsed by expanding it longitudinally (for example, as illustrated in FIG. 4 and 5 in reverse order). By using a braided structure or similar design, continuous blood flow 562 may be achieved during the expansion and collapse of the perfusion channel 450. </p><p id="p0068" num="0068"> [0048] Operation 810 may be followed by operation 812, "REMOVE THE DELIVERY SYSTEM LEAVING THE DEPLOYED STENT IN PLACE." At operation 812, the delivery system 1 10 may be removed from the patient body through the same blood vessel leaving the deployed stent in place. </p><p id="p0069" num="0069"> [0049]The operations discussed above are for illustration purposes. Temporary perfusion channel for percutaneous delivery of balloon-expandable stents may be implemented by similar processes with fewer or additional operations. In some examples, the operations may be performed in a different order, in some other examples, various operations may be eliminated. In still other examples, various operations may be divided into additional operations, or combined together into fewer operations. </p><p id="p0070" num="0070"> [Q050]ln accordance with some embodiments, a method for providing percutaneous delivery of a stent with continuous circulation may be provided. According to some examples, the method includes positioning a perfusion channel structure in a blood vessel, causing the perfusion channel structure to expand such that blood flow is 
<!-- EPO <DP n="17"/>-->
 enabled through the perfusion channel structure, positioning a stent over the perfusion channel structure, and deploying the stent. </p><p id="p0071" num="0071"> [0051]According to other examples, the method may include causing the perfusion channel structure to collapse and removing the perfusion channel structure from the blood vessel. The stent may be deployed by expanding a balloon placed around the perfusion channel structure and inside the stent. The stent and/or the balloon may be positioned about concentrically over the perfusion channel structure. </p><p id="p0072" num="0072"> [Q052]According to further examples, the method may also include causing the perfusion structure to expand radially by reducing a length of an elongated braided structure that forms the perfusion channel structure longitudinally, employing a first catheter coupled to one end of the elongated braided structure and extended longitudinally relative to a second catheter, sliding the first catheter longitudinally along the second catheter to expand the elongated braided structure, and re- extending the catheter to collapse the elongated braided structure upon deployment of the stent. The stent may be delivered with a valve system for mitral valve replacement or aortic valve replacement. One-way blood flow may be ensured before, during, and/or after the deployment of the stent by employing a temporary check valve internal to the perfusion channel structure. </p><p id="p0073" num="0073"> [0053] In accordance with other embodiments, a percutaneous stent delivery system with continuous circulation may be provided. According to some examples, the percutaneous stent delivery system may include an expandable perfusion channel structure, a first guide configured to deliver the perfusion channel structure into a blood vessel and a second guide configured to expand the perfusion channel structure by reducing a length of the perfusion channel structure prior to, during, and/or following deployment of a stent such that blood flow is enabled through the perfusion channel structure as the stent is deployed. The percutaneous stent delivery system may also include the stent configured to be positioned over the perfusion channel structure. </p><p id="p0074" num="0074"> [0054]According to other examples, the stent may be deployabie through one of a self-expansion mechanism or a balloon expansion mechanism. The stent and the balloon expansion mechanism may be positioned around at least one of a proximal 
<!-- EPO <DP n="18"/>-->
 end, a distal end, or a middle of the perfusion channel structure, The balloon expansion mechanism may include a central opening approximately matching a radial dimension of the expanded perfusion channel structure. Moreover, the perfusion channel structure may be configured to withstand a radial pressure during the expansion of the balloon without collapsing. At least one of the stent and/or the balloon may be positioned about concentrically over the perfusion channel structure,</p><p id="p0075" num="0075">[0055]According to further examples, the first guide may be a guide wire or a catheter and the second guide may be a guide wire, a catheter, or a pull wire, A length of the expanded perfusion channel structure may be selected to at least match or exceed a length of the balloon expansion mechanism such that full support is provided for the balloon during deployment of the stent. The elongated braided structure may have a substantially tubular elongated shell, with a tubular channel formed within the braided structure. An outer diameter of the structure may be selected to be less than a diameter of the blood vessel to allow expansion room for the stent and/or balloon deploying the stent. The braids may be formed by a metallic or other material in triangular, rectangular, or polygonal shapes enabling the structure to expand and collapse longitudinally while collapsing and expanding radially at the same time. The perfusion channel structure may include an elongated braided structure that is composed of one or more of stainless steel, gold, titanium, a cobalt-chromium alloy, a tantalum alloy, nitinol, silicon, a biodegradable polymer, a bioabsorbable polymer, and/or a bioerodible polymer. </p><p id="p0076" num="0076"> [0056]The elongated structure may be compressed to a diameter that is smaller than its expanded diameter, and may be placed in the working channel of a catheter for delivery to the desired location, When the elongated structure is deployed from the catheter, it may expand to its operative dimensions within the blood vessel by longitudinal compression. The braided structure may preserve its diameter substantially during the deployment of the stent or valve (e.g., inflation of the balloon) by maintenance of the longitudinal compression. Upon completion of the </p><p id="p0077" num="0077">deployment, the longitudinal compression may be removed or an opposite direction force applied such that the elongated structure collapses to its compressed diameter for removal from the blood vessel. In other examples, shape memory properties of 
<!-- EPO <DP n="19"/>-->
 materials used to form the braided structure may promote the return to a preselected shape after being released from the longitudinally compressed position, </p><p id="p0078" num="0078"> [0057]According to yet other examples, a distal end of the elongated braided structure may be attached to a distal end of the first guide and a proximal end of the elongated braided structure may be attached to a distal end of the second guide such that the elongated braided structure is longitudinally expanded or compressed in response to a sliding motion of the first guide and the second guide. The first and second guides may be concentrically positioned catheters. The expanded perfusion channel structure may occupy between approximately 20% and approximately 80% of a cross-section of the blood vessel annulus. The perfusion channel structure may further include a temporary check valve for ensuring one-way blood flow during the deployment of the stent. The temporary check valve may ensure one-way blood flow from a distal end to a proximal end of the perfusion channel structure in an aortic valve replacement or mitral valve replacement. The temporary check valve may include a set of leaflets attached to at least one of a distal end and/or a proximal end of the perfusion channel structure. Furthermore, the stent may include one or more leaflets of a valve for replacing one of an aortic valve or a mitral valve. </p><p id="p0079" num="0079"> [0058] In accordance with further embodiments, a percutaneous delivery system with continuous circulation may be provided. The percutaneous delivery system may include a perfusion channel structure configured to be expanded radially prior to deployment of a stent such that blood flow is enabled through the perfusion channel structure prior to, during, and/or following the deployment of the stent; and two concentric guides an outer one of which is coupled to a distal end of the perfusion channel structure such that moving a distal end of the outer guide closer to a distal end of the central guide causes a reduction of a length of the perfusion channel structure and thereby the radial expansion of the perfusion channel structure outwards. </p><p id="p0080" num="0080"> [0059]According to some examples, a length of the expanded perfusion channel structure may be selected to at least match or exceed a length of an inflated balloon that is employed to deploy the stent. The perfusion channel structure may include an elongated braided structure composed of one or more of stainless steel, gold, 
<!-- EPO <DP n="20"/>-->
 titanium, a cobalt-chromium alloy, a tantalum alloy, nitinol, silicon, a biodegradable polymer, a bioabsorbable polymer, and/or a bioerodible polymer, The perfusion channel structure may include a set of leaflets attached to at least one of a distal end and/or a proximal end of the perfusion channel structure for ensuring one-way blood flow during the deployment of the stent, </p><p id="p0081" num="0081"> [008Q]According to other examples, the perfusion channel structure may be configured to deploy the stent in at least one of an arterial and/or a venous vessel of the circulatory system. The perfusion channel structure may also be configured to deploy a valved stent to replace one of an aortic valve or a mitral valve. Moreover, the perfusion channel structure may be configured to deploy a stent-graft for treatment of a thoracic or an abdominal aneurysm. </p><p id="p0082" num="0082"> [0081]The present disclosure is not to be limited in terms of the particular embodiments described in this application, which are intended as illustrations of various aspects. Many modifications and variations can be made without departing from its spirit and scope, as will be apparent to those skilled in the art. Functionally equivalent methods and apparatuses within the scope of the disclosure, in addition to those enumerated herein, will be apparent to those skilled in the art from the foregoing descriptions. Such modifications and variations are intended to fall within the scope of the appended claims. The present disclosure is to be limited only by the terms of the appended claims, along with the full scope of equivalents to which such claims are entitled, it is to be understood that this disclosure is not limited to particular methods, reagents, compounds compositions or biological systems, which can, of course, vary. St is also to be understood that the terminology used herein is for the purpose of describing particular embodiments only, and is not intended to be limiting. </p><p id="p0083" num="0083"> [0062]Those skilled in the art will recognize that if is common within the art to describe devices and/or processes in the fashion set forth herein, and thereafter use engineering practices to integrate such described devices and/or processes into data processing systems. That is, at least a portion of the devices and/or processes described herein may be integrated into a medical treatment system via a reasonable amount of experimentation. Those having skill in the art will recognize 
<!-- EPO <DP n="21"/>-->
 that a typical medical treatment system may generally include one or more additional components such as a system unit housing, a video display device, a memory such as volatile and non-volatile memory, processors such as microprocessors and digital signal processors, injection mechanisms, monitoring mechanisms, and similar components, </p><p id="p0084" num="0084"> [0083]The herein described subject matter sometimes illustrates different components contained within, or connected with, different other components. St is to be understood that such depicted architectures are merely illustrative, and that in fact many other architectures may be implemented which achieve the same functionality. In a conceptual sense, any arrangement of components to achieve the same functionality is effectively "associated" such that the desired functionality is achieved. Hence, any two components herein combined to achieve a particular functionality may be seen as "associated with" each other such that the desired functionality is achieved, irrespective of architectures or intermediate components. Likewise, any two components so associated may also be viewed as being "operabiy connected", or "operabiy coupled", to each other to achieve the desired functionality, and any two components capable of being so associated may also be viewed as being "operabiy couplabie", to each other to achieve the desired functionality. </p><p id="p0085" num="0085">Specific examples of operabiy couplabie include but are not limited to physically connectable and/or physically interacting components and/or wirelessly interactable and/or wireiessiy interacting components and/or logically interacting and/or logically interactable components. </p><p id="p0086" num="0086"> [0064]With respect to the use of substantially any plural and/or singular terms herein, those having skill in the art can translate from the plural to the singular and/or from the singular to the plural as is appropriate to the context and/or application. The various singular/plural permutations may be expressly set forth herein for sake of clarity. </p><p id="p0087" num="0087"> [0065] It will be understood by those within the art that, in general, terms used herein, and especially in the appended claims (e.g., bodies of the appended claims) are generally intended as "open" terms (e.g., the term "including" should be interpreted as "including but not limited to," the term "having" should be interpreted 
<!-- EPO <DP n="22"/>-->
 as "having at least," the term "includes" should be interpreted as "includes but is not limited to," etc.). It will be further understood by those within the art that if a specific number of an introduced claim recitation is intended, such an intent will be explicitly recited in the claim, and in the absence of such recitation no such intent is present. For example, as an aid to understanding, the following appended claims may contain usage of the introductory phrases "at least one" and "one or more" to introduce claim recitations. However, the use of such phrases should not be construed to imply that the introduction of a claim recitation by the indefinite articles "a" or "an" limits any particular claim containing such introduced claim recitation to embodiments containing only one such recitation, even when the same claim includes the introductory phrases "one or more" or "at least one" and indefinite articles such as "a" or "an" (e.g., "a" and/or "an" should be interpreted to mean "at least one" or "one or more"); the same holds true for the use of definite articles used to introduce claim recitations. In addition, even if a specific number of an introduced claim recitation is explicitly recited, those skilled in the art will recognize that such recitation should be interpreted to mean at least the recited number (e.g., the bare recitation of "two recitations," without other modifiers, means at least two recitations, or two or more recitations). </p><p id="p0088" num="0088"> [0066] Furthermore, in those instances where a convention analogous to "at least one of A, B, and C, etc." is used, in general such a construction is intended in the sense one having skill in the art would understand the convention (e.g., " a system having at least one of A, B, and C" would include but not be limited to systems that have A alone, B alone, C alone, A and B together, A and C together, B and C together, and/or A, B, and C together, etc.). It will be further understood by those within the art that virtually any disjunctive word and/or phrase presenting two or more alternative terms, whether in the description, claims, or drawings, should be understood to contemplate the possibilities of including one of the terms, either of the terms, or both terms. For example, the phrase "A or B" will be understood to include the possibilities of "A" or "B" or "A and B." </p><p id="p0089" num="0089"> [0067] In addition, where features or aspects of the disclosure are described in terms of Markush groups, those skilled in the art will recognize that the disclosure is also 
<!-- EPO <DP n="23"/>-->
 thereby described in terms of any individual member or subgroup of members of the Markush group. </p><p id="p0090" num="0090"> [0068]As will be understood by one skilled in the art, for any and all purposes, such as in terms of providing a written description, ail ranges disclosed herein also encompass any and all possible subranges and combinations of subranges thereof. Any listed range can be easily recognized as sufficiently describing and enabling the same range being broken down into at least equal halves, thirds, quarters, fifths, tenths, etc. As a non-limiting example, each range discussed herein can be readily broken down into a lower third, middle third and upper third, etc. As will also be understood by one skilled in the art all language such as "up to," "at least," "greater than," "less than," and the like include the number recited and refer to ranges which can be subsequently broken down into subranges as discussed above. Finally, as will be understood by one skilled in the art, a range includes each individual member. Thus, for example, a group having 1 -3 ceils refers to groups having 1 , 2, or 3 ceils. Similarly, a group having 1 -5 cells refers to groups having 1 , 2, 3, 4, or 5 cells, and so forth. </p><p id="p0091" num="0091"> [0069]While various aspects and embodiments have been disclosed herein, other aspects and embodiments will be apparent to those skilled in the art. The various aspects and embodiments disclosed herein are for purposes of illustration and are not intended to be limiting, with the true scope and spirit being indicated by the following claims. 
</p></description><claims mxw-id="PCLM44851586" ref-ucid="WO-2012118508-A1" lang="EN" load-source="patent-office"><claim-statement><!-- EPO <DP n="24"/>-->CLAIMS WHAT IS CLAIMED IS: </claim-statement><claim id="clm-0001" num="1"><claim-text>1. A method for providing percutaneous delivery of a stent with continuous circulation, the method comprising: </claim-text><claim-text> positioning a perfusion channel structure in a blood vessel; </claim-text><claim-text> causing the perfusion channel structure to expand such that blood flow is enabled through the perfusion channel structure; </claim-text><claim-text> positioning a stent over the perfusion channel structure; and deploying the stent, </claim-text></claim><claim id="clm-0002" num="2"><claim-text>2. The method according to claim 1 , further comprising: </claim-text><claim-text> causing the perfusion channel structure to collapse; and removing the perfusion channel structure from the blood vessel. </claim-text></claim><claim id="clm-0003" num="3"><claim-text>3. The method according to claim 1 , further comprising: </claim-text><claim-text> deploying the stent by expanding a balloon placed around the perfusion channel structure and inside the stent. </claim-text></claim><claim id="clm-0004" num="4"><claim-text>4. The method according to claim 3, wherein at least one of the stent and/or the balloon are positioned about concentrically over the perfusion channel structure. </claim-text></claim><claim id="clm-0005" num="5"><claim-text>5. The method according to claim 1 , further comprising: </claim-text><claim-text> causing the perfusion structure to expand radially by reducing a length of an elongated braided structure that forms the perfusion channel structure longitudinally. </claim-text></claim><claim id="clm-0006" num="6"><claim-text>6. The method according to claim 5, further comprising: </claim-text><claim-text> employing a first catheter coupled to one end of the elongated braided structure and extended longitudinally relative to a second catheter; <!-- EPO <DP n="25"/>--> sliding the first catheter longitudinally along the second catheter to expand the elongated braided structure; and </claim-text><claim-text> re-extending the catheter to collapse the elongated braided structure upon deployment of the stent. </claim-text></claim><claim id="clm-0007" num="7"><claim-text>7. The method according to claim 1 , further comprising: </claim-text><claim-text> delivering the stent with a valve system for one of mitral valve replacement or aortic valve replacement. </claim-text></claim><claim id="clm-0008" num="8"><claim-text>8. The method according to claim 1 , further comprising: </claim-text><claim-text> ensuring one-way blood flow during deployment of the stent by employing a temporary check valve internal to the perfusion channel structure. </claim-text></claim><claim id="clm-0009" num="9"><claim-text>9. The method according to claim 1 , further comprising: </claim-text><claim-text> ensuring blood flow through the blood vessel with the perfusion channel structure before, during, and after the deployment of the stent. </claim-text></claim><claim id="clm-0010" num="10"><claim-text>10. A percutaneous stent delivery system with continuous circulation comprising: </claim-text><claim-text> an expandable perfusion channel structure configured to maintain an expanded conformation during stent deployment; </claim-text><claim-text> a first guide configured to deliver the perfusion channel structure into a blood vessel; </claim-text><claim-text> a second guide configured to expand the perfusion channel structure by reducing a length of the perfusion channel structure such that blood flow is enabled through the perfusion channel structure; and </claim-text><claim-text> a stent configured to be positioned over the expanded perfusion channel structure during deployment. </claim-text></claim><claim id="clm-0011" num="11"><claim-text>1 1. The percutaneous stent delivery system according to claim 10, wherein the stent is depioyable through one of a self-expansion mechanism or a balloon expansion mechanism. <!-- EPO <DP n="26"/>--> </claim-text></claim><claim id="clm-0012" num="12"><claim-text>12. The percutaneous stent delivery system according to claim 1 1 , wherein the stent and the balloon expansion mechanism are positioned around at least one of a proximal end, a distal end, or a middle of the perfusion channel structure. </claim-text></claim><claim id="clm-0013" num="13"><claim-text>13. The percutaneous stent delivery system according to claim 1 1 , wherein the balloon expansion mechanism includes a central opening approximately matching a radial dimension of the expanded perfusion channel structure. </claim-text></claim><claim id="clm-0014" num="14"><claim-text>14. The percutaneous stent delivery system according to claim 1 1 , wherein the perfusion channel structure is configured to withstand a radial pressure during the expansion of the balloon without collapsing. </claim-text></claim><claim id="clm-0015" num="15"><claim-text>15. The percutaneous stent delivery system according to claim 1 1 , wherein at least one of the stent and the balloon are positioned about concentrically over the perfusion channel structure. </claim-text></claim><claim id="clm-0016" num="16"><claim-text>16. The percutaneous stent delivery system according to claim 10, wherein the first guide is one of a guide wire or a catheter and the second guide is one of a guide wire, a catheter, or a pull wire. </claim-text></claim><claim id="clm-0017" num="17"><claim-text>17. The percutaneous stent delivery system according to claim 10, wherein a length of the expanded perfusion channel structure is selected to at least match or exceed a length of the balloon expansion mechanism such that full support is provided for the balloon during deployment of the stent. </claim-text></claim><claim id="clm-0018" num="18"><claim-text>18. The percutaneous stent delivery system according to claim 10, wherein the perfusion channel structure comprises an elongated braided structure. </claim-text></claim><claim id="clm-0019" num="19"><claim-text>19. The percutaneous stent delivery system according to claim 18, wherein the elongated braided structure is composed of one or more of stainless steel, gold, titanium, a cobalt-chromium alloy, a tantalum alloy, nitinol, silicon, a biodegradable polymer, a bioabsorbable polymer, and/or a bioerodible polymer. <!-- EPO <DP n="27"/>--> </claim-text></claim><claim id="clm-0020" num="20"><claim-text>20. The percutaneous stent delivery system according to claim 18, wherein a distal end of the elongated braided structure is attached to a distal end of the first guide and a proximal end of the elongated braided structure is attached to a distal end of the second guide such that the elongated braided structure is longitudinally expanded or compressed in response to a sliding motion of the first guide and the second guide. </claim-text></claim><claim id="clm-0021" num="21"><claim-text>21 . The percutaneous stent delivery system according to claim 10, wherein the first and second guides are concentrically positioned catheters. </claim-text></claim><claim id="clm-0022" num="22"><claim-text>22. The percutaneous stent delivery system according to claim 10, wherein the expanded perfusion channel structure is configured to occupy between approximately 20% and approximately 80% of a cross-section of the blood vessel annulus. </claim-text></claim><claim id="clm-0023" num="23"><claim-text>23. The percutaneous stent delivery system according to claim 10, wherein the perfusion channel structure includes a temporary check valve for ensuring oneway blood flow during the deployment of the stent. </claim-text></claim><claim id="clm-0024" num="24"><claim-text>24. The percutaneous stent delivery system according to claim 23, wherein the temporary check valve is configured to ensure one-way blood flow from a distal end to a proximal end of the perfusion channel structure in one of an aortic valve replacement or mitral valve replacement. </claim-text></claim><claim id="clm-0025" num="25"><claim-text>25. The percutaneous stent delivery system according to claim 23, wherein the temporary check valve comprises a set of leaflets attached to at least one of a distal end and/or a proximal end of the perfusion channel structure. </claim-text></claim><claim id="clm-0026" num="26"><claim-text>26. The percutaneous stent delivery system according to claim 10, wherein the stent includes one or more leaflets of a valve for replacing one of an aortic valve or a mitral valve. <!-- EPO <DP n="28"/>--> </claim-text></claim><claim id="clm-0027" num="27"><claim-text>27. A percutaneous delivery system with continuous circulation comprising: a perfusion channel structure configured to be expanded radially prior to deployment of a stent such that blood flow is enabled through the perfusion channel structure prior to, during, and/or following the deployment of the stent; and two concentric guides, an outer one of which is coupled to a distal end of the perfusion channel structure such that moving a distal end of the outer guide closer to a distal end of the central guide causes a reduction of a length of the perfusion channel structure and thereby the radial expansion of the perfusion channel structure outwards. </claim-text></claim><claim id="clm-0028" num="28"><claim-text>28. The percutaneous delivery system according to claim 27, wherein a length of the expanded perfusion channel structure is selected to at least match or exceed a length of an inflated balloon that is employed to deploy the stent. </claim-text></claim><claim id="clm-0029" num="29"><claim-text>29. The percutaneous delivery system according to claim 27, wherein the perfusion channel structure comprises an elongated braided structure composed of one or more of stainless steel, gold, titanium, a cobalt-chromium alloy, a tantalum alloy, nitinol, silicon, a biodegradable polymer, a bioabsorbabie polymer, and/or a bioerodible polymer. </claim-text></claim><claim id="clm-0030" num="30"><claim-text>30. The percutaneous delivery system according to claim 27, wherein the perfusion channel structure includes a set of leaflets attached to at least one of a distal end and/or a proximal end of the perfusion channel structure for ensuring oneway blood flow during the deployment of the stent. </claim-text></claim><claim id="clm-0031" num="31"><claim-text>31. The percutaneous delivery system according to claim 27, wherein the perfusion channel structure is configured to deploy the stent in at least one of an arterial and/or a venous vessel of the circulatory system. </claim-text></claim><claim id="clm-0032" num="32"><claim-text>32. The percutaneous delivery system according to claim 27, wherein the perfusion channel structure is configured to deploy a valved stent to replace one of an aortic valve or a mitral valve. <!-- EPO <DP n="29"/>--> </claim-text></claim><claim id="clm-0033" num="33"><claim-text>33. The percutaneous delivery system according to claim 27, wherein the perfusion channel structure is configured to deploy a stent-graft for treatment of one of a thoracic or an abdominal aneurysm. </claim-text></claim></claims><copyright>User acknowledges that Fairview Research LLC and its third party providers retain all right, title and interest in and to this xml under applicable copyright laws.  User acquires no ownership rights to this xml including but not limited to its format.  User hereby accepts the terms and conditions of the Licence Agreement</copyright></patent-document>
