<?xml version="1.0" encoding="UTF-8"?>
<patent-document ucid="EP-2677893-A1" country="EP" doc-number="2677893" kind="A1" date="20140101" family-id="45999921" file-reference-id="305536" date-produced="20180823" status="corrected" lang="EN"><bibliographic-data><publication-reference fvid="146551744" ucid="EP-2677893-A1"><document-id><country>EP</country><doc-number>2677893</doc-number><kind>A1</kind><date>20140101</date><lang>EN</lang></document-id></publication-reference><application-reference ucid="EP-12716650-A" is-representative="NO"><document-id mxw-id="PAPP154825667" load-source="docdb" format="epo"><country>EP</country><doc-number>12716650</doc-number><kind>A</kind><date>20120223</date><lang>EN</lang></document-id><document-id mxw-id="PAPP220439816" load-source="docdb" format="original"><country>EP</country><doc-number>12716650.2</doc-number><date>20120223</date></document-id></application-reference><priority-claims><priority-claim mxw-id="PPC140453613" ucid="IL-2012050058-W" linkage-type="W" load-source="docdb"><document-id format="epo"><country>IL</country><doc-number>2012050058</doc-number><kind>W</kind><date>20120223</date></document-id></priority-claim><priority-claim mxw-id="PPC140449517" ucid="US-201161446589-P" load-source="docdb"><document-id format="epo"><country>US</country><doc-number>201161446589</doc-number><kind>P</kind><date>20110225</date></document-id></priority-claim><priority-claim mxw-id="PPC140448777" ucid="US-201161493422-P" load-source="docdb"><document-id format="epo"><country>US</country><doc-number>201161493422</doc-number><kind>P</kind><date>20110604</date></document-id></priority-claim></priority-claims><technical-data><classifications-ipcr><classification-ipcr mxw-id="PCL1988097131" load-source="docdb">A61N   7/00        20060101ALI20120912BHEP        </classification-ipcr><classification-ipcr mxw-id="PCL1988102161" load-source="docdb">A45D  24/30        20060101AFI20120912BHEP        </classification-ipcr></classifications-ipcr><classifications-cpc><classification-cpc mxw-id="PCL1988098564" load-source="docdb" scheme="CPC">A61K   8/43        20130101 LI20131012BHEP        </classification-cpc><classification-cpc mxw-id="PCL1988100033" load-source="docdb" scheme="CPC">A61N2007/0034      20130101 LA20131012BHEP        </classification-cpc><classification-cpc mxw-id="PCL1988109503" load-source="docdb" scheme="CPC">A45D2200/207       20130101 LA20130314BHEP        </classification-cpc><classification-cpc mxw-id="PCL1988110080" load-source="docdb" scheme="CPC">A61K   8/44        20130101 LI20131012BHEP        </classification-cpc><classification-cpc mxw-id="PCL1988111680" load-source="docdb" scheme="CPC">A61K2800/82        20130101 LA20131012BHEP        </classification-cpc><classification-cpc mxw-id="PCL1988114257" load-source="docdb" scheme="CPC">A61K   8/347       20130101 LI20131012BHEP        </classification-cpc><classification-cpc mxw-id="PCL1988118052" load-source="docdb" scheme="CPC">A61L   2/025       20130101 FI20131205BHEP        </classification-cpc><classification-cpc mxw-id="PCL1988118767" load-source="docdb" scheme="CPC">A61K   8/40        20130101 LI20131012BHEP        </classification-cpc><classification-cpc mxw-id="PCL1988119340" load-source="docdb" scheme="CPC">A45D  24/30        20130101 LI20131214BHEP        </classification-cpc><classification-cpc mxw-id="PCL1988127411" load-source="docdb" scheme="CPC">A61K   8/33        20130101 LI20131012BHEP        </classification-cpc><classification-cpc mxw-id="PCL1988127717" load-source="docdb" scheme="CPC">A01K  13/002       20130101 LI20131012BHEP        </classification-cpc><classification-cpc mxw-id="PCL1988134307" load-source="docdb" scheme="CPC">A01K  13/003       20130101 LI20131012BHEP        </classification-cpc><classification-cpc mxw-id="PCL1988134678" load-source="docdb" scheme="CPC">A61N   7/00        20130101 LI20131012BHEP        </classification-cpc><classification-cpc mxw-id="PCL1988138248" load-source="docdb" scheme="CPC">A61Q  17/02        20130101 LI20131012BHEP        </classification-cpc><classification-cpc mxw-id="PCL2026852821" load-source="docdb" scheme="CPC">A46B  15/0028      20130101 LI20140211BHEP        </classification-cpc><classification-cpc mxw-id="PCL2026855423" load-source="docdb" scheme="CPC">A46B2200/1093      20130101 LA20140211BHEP        </classification-cpc><classification-cpc mxw-id="PCL2026859243" load-source="docdb" scheme="CPC">A46B2200/104       20130101 LA20140211BHEP        </classification-cpc></classifications-cpc><invention-title mxw-id="PT132187716" lang="DE" load-source="patent-office">SYSTEM UND VERFAHREN ZUR SCHÄDIGUNG VON PARASITEN</invention-title><invention-title mxw-id="PT132187717" lang="EN" load-source="patent-office">SYSTEM AND METHOD FOR DAMAGING PARASITES</invention-title><invention-title mxw-id="PT132187718" lang="FR" load-source="patent-office">SYSTÈME ET PROCÉDÉ D'ENDOMMAGEMENT DE PARASITES</invention-title></technical-data><parties><applicants><applicant mxw-id="PPAR918145677" load-source="docdb" sequence="1" format="epo"><addressbook><last-name>NOVOSEED TECHNOLOGIES LTD</last-name><address><country>IL</country></address></addressbook></applicant><applicant mxw-id="PPAR918161768" load-source="docdb" sequence="1" format="intermediate"><addressbook><last-name>NOVOSEED TECHNOLOGIES LTD.</last-name></addressbook></applicant><applicant mxw-id="PPAR918991677" load-source="patent-office" sequence="1" format="original"><addressbook><last-name>Novoseed Technologies Ltd.</last-name><iid>101334341</iid><address><street>3/7 Simtat Ayalon Street</street><city>52315 Ramat-Gan</city><country>IL</country></address></addressbook></applicant></applicants><inventors><inventor mxw-id="PPAR918165335" load-source="docdb" sequence="1" format="epo"><addressbook><last-name>COHEN MOR MIRI</last-name><address><country>IL</country></address></addressbook></inventor><inventor mxw-id="PPAR918151996" load-source="docdb" sequence="1" format="intermediate"><addressbook><last-name>COHEN, Mor Miri</last-name></addressbook></inventor><inventor mxw-id="PPAR918979939" load-source="patent-office" sequence="1" format="original"><addressbook><last-name>COHEN, Mor Miri</last-name><address><street>3/7 Simtat Ayalon Street</street><city>52315 Ramat-Gan</city><country>IL</country></address></addressbook></inventor></inventors><agents><agent mxw-id="PPAR918992894" load-source="patent-office" sequence="1" format="original"><addressbook><last-name>Pearl Cohen Zedek Latzer UK LLP</last-name><iid>101344752</iid><address><street>15 Old Bailey</street><city>London EC4M 7EF</city><country>GB</country></address></addressbook></agent></agents></parties><international-convention-data><pct-or-regional-filing-data ucid="IL-2012050058-W"><document-id><country>IL</country><doc-number>2012050058</doc-number><kind>W</kind><date>20120223</date><lang>EN</lang></document-id></pct-or-regional-filing-data><pct-or-regional-publishing-data ucid="WO-2012114340-A1"><document-id><country>WO</country><doc-number>2012114340</doc-number><kind>A1</kind><date>20120830</date><lang>EN</lang></document-id></pct-or-regional-publishing-data><designated-states><ep-contracting-states><country mxw-id="DS548818371" load-source="docdb">AL</country><country mxw-id="DS548937006" load-source="docdb">AT</country><country mxw-id="DS548818372" load-source="docdb">BE</country><country mxw-id="DS548948373" load-source="docdb">BG</country><country mxw-id="DS548841528" load-source="docdb">CH</country><country mxw-id="DS548924575" load-source="docdb">CY</country><country mxw-id="DS548937007" load-source="docdb">CZ</country><country mxw-id="DS548869715" load-source="docdb">DE</country><country mxw-id="DS548818373" load-source="docdb">DK</country><country mxw-id="DS548924576" load-source="docdb">EE</country><country mxw-id="DS548940148" load-source="docdb">ES</country><country mxw-id="DS548948714" load-source="docdb">FI</country><country mxw-id="DS548948715" load-source="docdb">FR</country><country mxw-id="DS548869716" load-source="docdb">GB</country><country mxw-id="DS548818374" load-source="docdb">GR</country><country mxw-id="DS548818375" load-source="docdb">HR</country><country mxw-id="DS548924577" load-source="docdb">HU</country><country mxw-id="DS548841529" load-source="docdb">IE</country><country mxw-id="DS548818376" load-source="docdb">IS</country><country mxw-id="DS548948716" load-source="docdb">IT</country><country mxw-id="DS548924650" load-source="docdb">LI</country><country mxw-id="DS548869717" load-source="docdb">LT</country><country mxw-id="DS548937008" load-source="docdb">LU</country><country mxw-id="DS548869718" load-source="docdb">LV</country><country mxw-id="DS548869719" load-source="docdb">MC</country><country mxw-id="DS548938492" load-source="docdb">MK</country><country mxw-id="DS548938493" load-source="docdb">MT</country><country mxw-id="DS548940149" load-source="docdb">NL</country><country mxw-id="DS548937009" load-source="docdb">NO</country><country mxw-id="DS548940150" load-source="docdb">PL</country><country mxw-id="DS548937018" load-source="docdb">PT</country><country mxw-id="DS548940151" load-source="docdb">RO</country><country mxw-id="DS548937019" load-source="docdb">RS</country><country mxw-id="DS548940152" load-source="docdb">SE</country><country mxw-id="DS548924651" load-source="docdb">SI</country><country mxw-id="DS548938494" load-source="docdb">SK</country><country mxw-id="DS548938495" load-source="docdb">SM</country><country mxw-id="DS548841530" load-source="docdb">TR</country></ep-contracting-states></designated-states></international-convention-data><office-specific-data><eptags><ep-no-a-document-published>*</ep-no-a-document-published></eptags></office-specific-data></bibliographic-data><abstract mxw-id="PA99622816" ref-ucid="WO-2012114340-A1" lang="EN" load-source="patent-office"><p num="0000">A method of damaging a parasite while being a resident in or on a surface of a body of a mammal. The method comprises irradiating the parasite with ultrasound radiation at a frequency of from about 1 MHz to about 2.6 MHz for a period of at least one second.</p></abstract><abstract mxw-id="PA99821819" ref-ucid="WO-2012114340-A1" lang="EN" source="national office" load-source="docdb"><p>A method of damaging a parasite while being a resident in or on a surface of a body of a mammal. The method comprises irradiating the parasite with ultrasound radiation at a frequency of from about 1 MHz to about 2.6 MHz for a period of at least one second.</p></abstract><abstract mxw-id="PA99622817" ref-ucid="WO-2012114340-A1" lang="FR" load-source="patent-office"><p num="0000">L'invention concerne un procédé d'endommagement d'un parasite tandis que celui-ci réside dans ou à la surface du corps d'un mammifère. Le procédé comporte une étape consistant à irradier le parasite par un rayonnement ultrasonore à une fréquence allant d'environ 1 MHz à environ 2,6 MHz pendant une durée d'au moins une seconde.</p></abstract><abstract mxw-id="PA99821820" ref-ucid="WO-2012114340-A1" lang="FR" source="national office" load-source="docdb"><p>L'invention concerne un procédé d'endommagement d'un parasite tandis que celui-ci réside dans ou à la surface du corps d'un mammifère. Le procédé comporte une étape consistant à irradier le parasite par un rayonnement ultrasonore à une fréquence allant d'environ 1 MHz à environ 2,6 MHz pendant une durée d'au moins une seconde.</p></abstract><description mxw-id="PDES50930797" ref-ucid="WO-2012114340-A1" lang="EN" load-source="patent-office"><!-- EPO <DP n="2"/>--><p id="p0001" num="0001"> SYSTEM AND METHOD FOR KILLING PARASITES </p><p id="p0002" num="0002">RELATED APPLICATIONS </p><p id="p0003" num="0003"> This application claims the benefit of priority of U.S. Provisional Patent Application Nos. 61/446,589 filed February 25, 2011, and 61/493,422 filed June 4, 2011, the contents of which are incorporated herein by reference in their entirety </p><p id="p0004" num="0004">FIELD AND BACKGROUND OF THE INVENTION </p><p id="p0005" num="0005"> The present invention, in some embodiments thereof, relates to parasite destruction and, more particularly, but not exclusively, to a system and method for damaging parasites and optionally parasite eggs by ultrasound. </p><p id="p0006" num="0006"> Parasitic sucking lice feed on the blood, serum or lymph of their hosts and cause irritation, pruritis and disease. Some species are vectors of serious diseases and all are generally undesirable. For example, the common human head louse, Pediculus capitis and the human pubic louse Phthirus pubis are blood sucking ectoparasites which cause pediculosis disease, producing hiveslike irritation and pruritis in infested subjects. The human body louse, Pediculus humanus corporis causes irritation and pruritis and is also a vector of typhus, which is a potentially lethal disease. </p><p id="p0007" num="0007"> Head lice are a common problem, particularly among children and are highly communicable. Head lice attach to hair, move to the scalp where they become resident and feed on the blood. Lice may pierce the skin and exude an antigenic salivary secretion which, with the piercing of the skin, creates a pruritic dermatitis. </p><p id="p0008" num="0008"> The head lice lay eggs (also known as nits), which become attached to hairs close to the scalp by a drop of cement secreted by the female louse, which subsequently becomes hard. Female lice lay 50-150 eggs in their lives. Upon sufficient growth, the eggs hatch thereby increasing the numbers of lice on the scalp. If not treated, the amount of lice on the head of an individual may become substantial and pose a serious health risk. </p><p id="p0009" num="0009"> Once a significant number of lice get a foothold in the scalp of a human, they are extremely difficult to eradicate. Heretofore, various attempts have been made to treat people with head lice. These include anti-lice substances and shampoos, and 
<!-- EPO <DP n="3"/>-->
 nonpharmacologic approaches including occlusion therapy, nit combing, and hair removal. </p><p id="p0010" num="0010"> A device for mechanically removing and killing lice is marketed under the trade name Lice-Guard Robi® Comb (Epilady® 2000, L.L.C.). The device is a battery- powered electronic comb with oscillating tooth that electrocute lice. </p><p id="p0011" num="0011"> U.S. Patent No. 5,318,051 describes a fine tooth comb with an electric power source. The comb includes two sections formed of conductive sheet material which are insolated from each other by an insulating separator. The comb also includes two interleaved sets of teeth, each extending from one of the sections. An electric potential applied between adjacent teeth causes current to flow through an intervening nit. </p><p id="p0012" num="0012"> U.S. Published Application No. 2002096125 describes a hair grooming comb, such as for pet, with ionizer for ionized air onto hair to be groomed and with an ultrasonic wave generator for generating ultrasonic waves onto hair in order to repel fleas. The used comb is a brush that goes thought the fur and does not create a closed acoustic filed, therefore the apparatus is only using for repealing fleas </p><p id="p0013" num="0013"> Chinese Patent No. 2843056 describes an ultrasonic insect-repelling massage comb, which comprises comb teeth, a comb handle and an outer shell. A pet vibration comb emit sound wave frequency, exceeds the hearing range of human and pet, for expelling fleas, louses, etc. As the person' skilled in the art will appreciate, if a teeth comb emits ultrasonic wave with no appropriate mediate, the ultrasonic wave will not be effective since ultrasound is poorly pass troughs air. </p><p id="p0014" num="0014"> International Publication Nos. 2007/037143 and 2009/107034 describe an ultrasonic hair treatment device having clamps with a vibrator. Impregnation and infusion hair treatment agent is accelerated into the hair and distributed therein by ultrasonic vibration. </p><p id="p0015" num="0015"> Additional background art includes Douglas L Miller, Progress in Biophysics and Molecular Biology (2007), 93 (1-3): 314-330; Child et al, 1980, Ultrasound in Medicine and Biology, 6(2): 127-130; Child et al, 1981, Ultrasound in Medicine and Biology 7(2): 167-173; Child et al, 1982, Pay et al, 1987, Ultrasound in Medicine and Biology 13 (2): 93 -95. These publications describe various studies directed to investigate the effect of ultrasound on mammalian tissue and Drosophila melanogaster. 
<!-- EPO <DP n="4"/>-->
 SUMMARY OF THE INVENTION </p><p id="p0016" num="0016"> According to an aspect of some embodiments of the present invention there is provided a method of damaging a parasite while being a resident in or on a surface of a body of a mammal. The method comprises irradiating the parasite with ultrasound radiation at a frequency of from about 1 MHz to about 2.6 MHz for a period of at least one second. </p><p id="p0017" num="0017"> According to an aspect of some embodiments of the present invention there is provided a system for damaging a parasite while being a resident in or on a surface of a body of a mammal. The system comprises an ultrasound transmitter, configured for generating ultrasound radiation at a frequency of from about 1 MHz to about 2.6 MHz for a period of at least one second; and a hand-held device coupled to the ultrasound transmitter and adapted for being placed on or at proximity to the parasite so as to deliver the ultrasound radiation to the parasite. </p><p id="p0018" num="0018"> According to some embodiments of the invention the parasite comprises a head louse. According to some embodiments of the invention the parasite comprises a nit. </p><p id="p0019" num="0019"> According to some embodiments of the invention the frequency is from about 1.4 MHz to about 2.6 MHz. According to some embodiments of the invention the frequency is from about 1.4 MHz to about 1.8 MHz. According to some embodiments of the invention the frequency is from about 1.5 MHz to about 1.8 MHz. According to some embodiments of the invention the frequency is from about 1.53 MHz to about 1.8 MHz. According to some embodiments of the invention the frequency is from about 1.6 MHz to about 1.8 MHz </p><p id="p0020" num="0020"> According to some embodiments of the invention the ultrasound transmitter is configured for providing a power density of at most 0.5 W/cm<sup>2</sup>. According to some embodiments of the invention the ultrasound transmitter is configured for providing a power density of at most 0.35 W/cm<sup>2</sup>. According to some embodiments of the invention the ultrasound transmitter is configured for providing a power density of at least 0.08 W/cm<sup>2</sup>. </p><p id="p0021" num="0021"> According to some embodiments of the invention the irradiating is in the presence of an impedance matching medium. 
<!-- EPO <DP n="5"/>-->
 According to some embodiments of the invention the irradiating is executed while the parasite is in direct contact with an ultrasound transmitter generating the ultrasound radiation. </p><p id="p0022" num="0022"> According to some embodiments of the invention the irradiating is in the presence of a liquid composition having an active agent. </p><p id="p0023" num="0023"> According to some embodiments of the invention the liquid composition is selected such as to provide at least partial impedance matching between a body of the parasite and a body of an ultrasound transmitter emitting the radiation and the parasite. </p><p id="p0024" num="0024"> According to some embodiments of the invention the liquid composition is non- toxic to the parasite in the absence of the ultrasound radiation. </p><p id="p0025" num="0025"> According to some embodiments of the invention the liquid composition comprises an antimicrobial agent. </p><p id="p0026" num="0026"> According to some embodiments of the invention the liquid composition comprises a pesticide. </p><p id="p0027" num="0027"> According to some embodiments of the invention the liquid composition comprises silica. </p><p id="p0028" num="0028"> According to some embodiments of the invention the liquid composition comprises EDTA. </p><p id="p0029" num="0029"> According to some embodiments of the invention the liquid composition comprises silica and EDTA. </p><p id="p0030" num="0030"> According to some embodiments of the invention the concentration of silica is from about 0.1 wt. % to about 5 wt. %. According to some embodiments of the invention the concentration of silica is from about 0.25 wt. % to about 5 wt. %. According to some embodiments of the invention the concentration of silica is from about 0.5 wt. % to about 5 wt. %. According to some embodiments of the invention the concentration of silica is from about 0.25 wt. % to about 3 wt. %. According to some embodiments of the invention the concentration of silica is from about 0.25 wt. % to about 2 wt. %. According to some embodiments of the invention the concentration of silica is about 0.5 wt. %. According to some embodiments of the invention the concentration of silica is about 1 wt. %. According to some embodiments of the invention the concentration of silica is about 2 wt. %. According to some embodiments of the invention the concentration of silica is about 3 wt. %. 
<!-- EPO <DP n="6"/>-->
 According to some embodiments of the invention the EDTA is at molarity of from 0.05 to 0.5. </p><p id="p0031" num="0031"> According to some embodiments of the invention the EDTA is at molarity of from about 0.05 to about 0.2. According to some embodiments of the invention the EDTA is at molarity of from about 0.05 to about 1.5. According to some embodiments of the invention the EDTA is at molarity of 0.1. </p><p id="p0032" num="0032"> According to some embodiments of the invention the method comprises removing the parasite from the body subsequently to the irradiation. </p><p id="p0033" num="0033"> According to some embodiments of the invention the removal is effected by vacuum. </p><p id="p0034" num="0034"> According to some embodiments of the invention the removal is effected by combing. </p><p id="p0035" num="0035"> According to some embodiments of the invention the hand-held device comprises a comb having a plurality of teeth extending from a base. </p><p id="p0036" num="0036"> According to some embodiments of the invention the ultrasound transmitter comprises a vibrating element mounted on the base so as to collectively vibrate the teeth. </p><p id="p0037" num="0037"> According to some embodiments of the invention the ultrasound transmitter comprises a plurality of vibrating elements each being mounted on a different tooth so as to vibrate the tooth. </p><p id="p0038" num="0038"> According to some embodiments of the invention the ultrasound transmitter comprises a plurality of vibrating elements mounted on the base, and wherein each tooth of the plurality of teeth is mounted on a different vibrating element and being vibrated thereby. </p><p id="p0039" num="0039"> According to some embodiments of the invention the hand-held device comprises a gripping device. </p><p id="p0040" num="0040"> According to some embodiments of the invention the gripping device comprises a pair of pivotally attached arms biasable towards each other. </p><p id="p0041" num="0041"> According to some embodiments of the invention the pair of arms comprises a first arm having a base and a plurality of teeth extending from the base. </p><p id="p0042" num="0042"> According to some embodiments of the invention the pair of arms comprises a second arm being devoid of teeth. 
<!-- EPO <DP n="7"/>-->
 According to some embodiments of the invention the pair of arms comprises a second arm having a base and a plurality of teeth extending from the base, and where when the arms are biased towards each other, the plurality of teeth of the first arm is interlaced with the plurality of teeth of the second arm. </p><p id="p0043" num="0043"> According to some embodiments of the invention the hand-held device comprises a hollow member having a body portion and a head portion, the body portion having an open end adapted to be coupled to a vacuum hose and the head portion having an opening defining an intake for capturing the parasite. </p><p id="p0044" num="0044"> Unless otherwise defined, all technical and/or scientific terms used herein have the same meaning as commonly understood by one of ordinary skill in the art to which the invention pertains. Although methods and materials similar or equivalent to those described herein can be used in the practice or testing of embodiments of the invention, exemplary methods and/or materials are described below. In case of conflict, the patent specification, including definitions, will control. In addition, the materials, methods, and examples are illustrative only and are not intended to be necessarily limiting. </p><p id="p0045" num="0045">BRIEF DESCRIPTION OF THE DRAWINGS </p><p id="p0046" num="0046"> Some embodiments of the invention are herein described, by way of example only, with reference to the accompanying drawings. </p><p id="p0047" num="0047"> With specific reference now to the drawings in detail, it is stressed that the particulars shown are by way of example and for purposes of illustrative discussion of embodiments of the invention. In this regard, the description taken with the drawings makes apparent to those skilled in the art how embodiments of the invention may be practiced. </p><p id="p0048" num="0048"> In the drawings: </p><p id="p0049" num="0049"> FIG. 1 is a schematic illustration of a system for damaging a parasite according to some embodiments of the present invention; </p><p id="p0050" num="0050"> FIG. 2 is a schematic illustration of a system for damaging a parasite in embodiment of the invention in which the ultrasound transmitter comprises a plurality of vibrating elements each being mounted on a different tooth; 
<!-- EPO <DP n="8"/>-->
 FIG. 3 is a schematic illustration of a system for damaging a parasite in embodiment of the invention in which the vibrating elements are mounted on a base and each tooth is mounted on a different vibrating element; </p><p id="p0051" num="0051"> FIGs. 4A-C are schematic illustrations of an acoustic amplifier, according to some embodiments of the present invention; </p><p id="p0052" num="0052"> FIGs. 5A-G are schematic illustrations showing various configurations of a handheld according to some embodiments of the present invention; </p><p id="p0053" num="0053"> FIG. 6 is a schematic illustration of a system for damaging a parasite according to embodiments of the invention in which the system comprises a hollow member for removing the parasite by vacuum; </p><p id="p0054" num="0054"> FIG. 7 is a graph showing the mortality in percentage as a function of the frequency in kHz, as obtained during experiments performed according to some embodiments of the present invention; </p><p id="p0055" num="0055"> FIGs. 8A-D are schematic illustrations of chemical agents used in experiments performed according to some embodiments of the present invention; </p><p id="p0056" num="0056"> FIG. 9 is a graph showing the mortality in percentage as a function of the power density, for various types of active agents, as obtained during experiments performed according to some embodiments of the present invention; </p><p id="p0057" num="0057"> FIG. 10 is a schematic illustration of another chemical agent used in experiments performed according to some embodiments of the present invention; and </p><p id="p0058" num="0058"> FIG. 11 is a graph showing a power density at which at least 90% mortality was achieved, as a function of the frequency, as obtained during experiments performed according to some embodiments of the present invention. DESCRIPTION OF SPECIFIC EMBODIMENTS OF THE INVENTION </p><p id="p0059" num="0059"> The present invention, in some embodiments thereof, relates to parasite destruction and, more particularly, but not exclusively, to a system and method for damaging parasites and optionally parasite eggs by ultrasound. </p><p id="p0060" num="0060"> Before explaining at least one embodiment of the invention in detail, it is to be understood that the invention is not necessarily limited in its application to the details of construction and the arrangement of the components and/or methods set forth in the following description and/or illustrated in the drawings and/or the Examples. The 
<!-- EPO <DP n="9"/>-->
 invention is capable of other embodiments or of being practiced or carried out in various ways. </p><p id="p0061" num="0061"> According to some embodiments of the present invention, there is provided a method suitable damaging a parasite while being a resident in or on a surface of a body of a mammal. The parasite can be of any type that typically becomes resident, at least temporarily, in or on the skin of the mammal. Representative examples include, without limitation, lice, louse eggs (also known as nits), ticks, fleas, biting insects, true bugs, mites, bedbugs and other pests. In some embodiments of the invention the parasite is a louse and in some embodiments of the present invention the parasite is a nit. </p><p id="p0062" num="0062"> The parasite can be located at any part of the body. Typically, the parasite is located at a hairy or furry part of the body. For example, when the parasite is a louse or a nit, it can be located on the head of a human, e.g. , a child. </p><p id="p0063" num="0063"> The method typically comprises irradiating the parasite with ultrasound radiation, wherein at least one of a frequency, a duration and power of the ultrasound radiation is selected to damage the parasite. </p><p id="p0064" num="0064"> As used herein "damage" refers to a process in which the viability of the parasite is at least partially reduced. </p><p id="p0065" num="0065"> Preferably, the ultrasound radiation is selected to kill the parasite. When the parasite is a nit or an egg, the ultrasound radiation is optionally and preferably selected to destroy the ability of the nit or egg to hatch. In various exemplary embodiments of the invention the ultrasound radiation is selected such as not to induce cavitation near or in the parasite. </p><p id="p0066" num="0066"> Typical ultrasound frequencies suitable for the present embodiments including, without limitation, from about 1 MHz to about 2.6 MHz, or from about 1.4 MHz to about 2.6 MHz, or from about 1.4 MHz to about 1.8 MHz, or from about 1.5 MHz to about 1.8 MHz, or from about 1.53 MHz to about 1.8 MHz. In experiments performed by the present inventor, it was found that the above ranges of frequencies are particularly useful for killing lice. Other frequencies, however, are not excluded from the scope of the present invention. </p><p id="p0067" num="0067"> Typically, but not necessarily, the irradiation is applied for a period of one or more seconds, e.g., for a period of from about 1 second to about 4 seconds, or from about 1 second to about 3 seconds, or from about 1 second to about 2 seconds. Other 
<!-- EPO <DP n="10"/>-->
 periods, for example, less than one second or more than 4 seconds are also contemplated. </p><p id="p0068" num="0068"> The power density of the ultrasound radiation at the emitting face of the ultrasound transmitter is preferably 3 W/cm<sup>2</sup> or less, more preferably 2 W/cm<sup>2</sup> or less, more preferably 1 W/cm<sup>2</sup> or less, more preferably 0.5 W/cm<sup>2</sup> or less. In various exemplary embodiments of the invention the density of the ultrasound radiation at the emitting surface of the ultrasound transmitter is at least 0.08 W/cm<sup>2</sup>. </p><p id="p0069" num="0069"> The irradiation by ultrasound can be executed while the parasite is in direct contact with the ultrasound transmitter generating the radiation. Alternatively, the irradiating can be in the presence of an impedance matching medium. The impedance matching medium can be of any type and form. Preferably, the acoustic impedance of the medium is between the characteristic acoustic impedance of the emitting face of the ultrasound transmitter and the characteristic acoustic impedance of the parasite's body. </p><p id="p0070" num="0070"> In some embodiments, the irradiation is in the presence of a liquid composition having an active agent. The liquid composition can be selected such as to provide at least partial impedance matching between the body of parasite and the emitting face of the ultrasound transmitter. </p><p id="p0071" num="0071"> In some embodiments, the composition is non-toxic to the parasite in the absence of the ultrasound radiation. It was found by the present inventor that even such compositions are suitable for damaging the parasite when combined with ultrasound radiation. Without wishing to be bound to any particular theory, it is assumed that in the absence of ultrasound radiation, when the cuticle of the parasite is intact, the liquid composition contacts the parasite only externally and there is no systemic exposure to the agent. Such external contact is insufficient for reducing the viability or vitality of the parasite. On the other hand, when the liquid composition is used in combination with the ultrasound radiation of the present embodiments, the ultrasound radiation wounds the cuticle of the parasite, thereby allowing systemic delivery of the active agent into the parasite through the wound. Once the agent systemically contacts the parasite, the parasite is damaged. </p><p id="p0072" num="0072"> Thus, the active agent is optionally and preferably toxic to parasite when systemically contacting the parasite. For example, the active agent can be an antimicrobial agent. 
<!-- EPO <DP n="11"/>-->
 As used herein, "antimicrobial agent" refers to any agent that kills, inhibits the growth of, or prevents the growth of a bacteria, fungus, yeast, or virus. </p><p id="p0073" num="0073"> Antimicrobial agents suitable for the present embodiments include pharmaceutical agents, biocidal or pesticidal agents (e.g., insecticides, herbicides, and rodentacides), antibacterial agents, antifmgal agents, and antiviral agents. </p><p id="p0074" num="0074"> Exemplary active agents that are toxic when systemically contacting the parasite include, but are not limited to, salts of alkali metals, such as, but not limited to, sodium chloride (NaCl), sodium fluoride (NaF), calcium chloride (CaCl<sub>2</sub>), magnesium chloride (MgCl<sub>2</sub>), barium chloride (BaCl<sub>2</sub>) and the like; fluoride-containing silicates or aluminates, such as sodium fluorosilicate, barium fluorosilicate, sodium fluoroaluminate and the like, each containing one or more fluoride group(s); carboxylic acids such as citric acid and acetic acid, and any additional agent that has an insecticidal or pecticiadal activity, including carbaryl (1-naphthyl methylcarbamate) and derivatives thereof, polyethylene imine, urea derivatives thereof and EDTA. </p><p id="p0075" num="0075"> Additional exemplary agents include biocides, such as, but not limited to, chlorhexidine, chlorhexidine gluconate, chlorhexidine acetate, chlorhexidine hydrochloride, dibromopropamidine, halogenated diphenylalkanes, dibromsalan, metabromsalan, tribromsalan, carbanilide, salicylanilide, tetrachlorosalicylanilide, trichlorocarbanilide, propamidine isethionate, pentamidine, picloxydine, mendalamine, the acid addition and quaternary, methenamine mandelate, polyoxymethylene esters such as polyoxymethylene diester, polyoxymethylene diacetate and the like, and mixtures thereof. Also contemplated is one or more biocide selected from the group consisting of triclosan, chlorhexidine dihydrochloride, chlorhexidine gluconate, chlorhexidine acetate, chlorhexidine diacetate, chloroxylenol, dequalinium chloride, benzethonium chloride, benzalkonium chloride and combinations thereof. </p><p id="p0076" num="0076"> In some embodiments of the present invention the active agent is selected so as to maintain or at least reduce the recovery rate of the wound caused by the ultrasound radiation. For example, it was found by the present inventor that the combination of 3 % silica and 0.1M EDTA, is useful in maintaining wounds formed on louse bode open. </p><p id="p0077" num="0077"> In some embodiments of the present invention the parasite is removed from the body subsequently to the irradiation. This can be done by any technique known in the art, including, without limitation, washing, combing and application of vacuum. 
<!-- EPO <DP n="12"/>-->
 Reference is now made to FIG. 1 which is a schematic illustration of a system 10 for damaging a parasite 12 while being a resident in or on a surface 14 of a body of a mammal. System 10 comprises an ultrasound transmitter 16 having a vibrating element 24, configured for generating ultrasound radiation as further detailed hereinabove. Ultrasound transmitter 16 can be embodied in the form of an electromechanical transducer in which vibrating element 24 is typically a piezoelectric element. </p><p id="p0078" num="0078"> In some embodiments of the present invention system 10 also comprises a handheld device 18 coupled to ultrasound transmitter 16 and being adapted for being placed on or at proximity to parasite 12 so as to deliver ultrasound radiation to parasite 12. Device 18 can include electronic circuitry 34 for controlling the operation of ultrasound transmitter 16. Device 18 is preferably mobile and powered by an independent power source, e.g., a battery (not shown). Alternatively, device 18 can include a power cord (not shown) for connecting device 18 to an external power source. </p><p id="p0079" num="0079"> The present inventor contemplates many configurations for hand-held device 18, and the relation between device 18 and transmitter 16. In the representative example shown in FIG. 1, device 18 comprises a comb having a plurality of teeth 20 extending from a base 22. In this illustration, the vibrating element of ultrasound transmitter 16 is mounted on base 22 so as to collectively vibrate teeth 20. </p><p id="p0080" num="0080"> Use of teeth 20 is particularly useful when system 10 is operated for damaging a parasite residing on a hairy or furry surface of the mammal. For example, teeth 20 can be useful for damaging head lice and/or nits, in which case the irradiation by ultrasound radiation is accompanied by hair combing for facilitating the removal of the lice and/or nits from the hair. In some embodiments of the present invention the spacing between adjacent teeth is selected to allow passage of a hair shaft between adjacent teeth, but prevents passage of lice and nits. For example, the spacing between adjacent teeth can be from about 1 mm to about 3 mm. However, this need not necessarily be the case, since, for some applications, it may be sufficient to have larger spacing. </p><p id="p0081" num="0081"> FIG. 2 is a schematic illustration of system 10 in embodiment of the invention in which ultrasound transmitter 16 comprises a plurality of vibrating elements 24 each being mounted on a different tooth of so as to vibrate the respective tooth. </p><p id="p0082" num="0082"> FIG. 3 is a schematic illustration of system 10 in embodiment of the invention in which vibrating elements 24 are mounted on base 22 and each tooth is mounted on a 
<!-- EPO <DP n="13"/>-->
 different vibrating element, such that the respective vibrating element vibrates the respective tooth. </p><p id="p0083" num="0083"> In some embodiments of the present invention system 10 amplifies the amplitude of the acoustic waves carrying the acoustic energy. This can be done, for example, using an acoustic amplifier which is configured for amplifying the amplitude of acoustic waves prior to the coupling of acoustic energy into teeth 20. </p><p id="p0084" num="0084"> A representative example of an embodiment in which system 10 comprises acoustic amplifier 26 is illustrated in FIGs. 4A-C. Acoustic amplifier 26 can comprise an acoustic horn, which is constructed to receive vibrations from the vibrating element 24 and transmit the vibrations to teeth 20. Preferably, the horn is tapered toward the teeth. The horn may be provided with a tapered wall portion 28 and a tip 30, which may be cylindrical, however, this need not necessarily be the case since other configurations are contemplated as well. The tapered wall portion 28 may be frustoconical, however, however, this need not necessarily be the case since other configurations are contemplated as well, such as for example, elliptical, conical, bi-conic, parabolic and stepped. </p><p id="p0085" num="0085"> FIG. 4A illustrates a configuration in which the same acoustic amplifier transmits the vibrations to several teeth 20, wherein the vibrations are generally along the longitudinal axis of the teeth. This embodiment is particularly useful for a configuration in which vibrating element 24 is mounted on base 22 (not shown in FIG. 4A, see e.g., FIG. 1) so as to collectively vibrate several teeth 20. </p><p id="p0086" num="0086"> FIG. 4B illustrates a configuration in which an acoustic amplifier transmits the vibrations to one tooth, wherein the vibrations are generally perpendicular {e.g., at an angle of 70° or more) to the longitudinal axis of the teeth. This embodiment is particularly useful for a configuration in which the ultrasound transmitter comprises a plurality of vibrating elements. Thus, each tooth can be coupled along its length to a respective acoustic amplifier which is mounted between the respective tooth and the respective vibrating element. </p><p id="p0087" num="0087"> FIG. 4C illustrates a configuration in which an acoustic amplifier transmits the vibrations to one tooth, wherein the vibrations are generally along the longitudinal axis of the tooth. This embodiment is particularly useful for a configuration in which there is a plurality of vibrating elements mounted on base 22 (not shown in FIG. 4C, see e.g., 
<!-- EPO <DP n="14"/>-->
 FIG. 3). Thus, for each vibrating element there can be a respective amplifier mounted thereon, wherein the tip of each tooth is coupled to the respective acoustic amplifier. </p><p id="p0088" num="0088"> Optionally and preferably, the amplitude of the vibrations are further amplified by the teeth themselves. This can be done, for example, by providing teeth 20 with sufficient flexibility and elasticity such that the amplitude of the vibrations is enhanced by an elastic resonance effect. Optionally, the amplitude of the vibrations at the distal ends 32 of teeth 20 is larger than the amplitude of the vibrations of element 24 and amplifier 26. </p><p id="p0089" num="0089"> Other configurations of hand-held device 18 are schematically illustrated in FIGs. 5A-G. In the configurations shown in FIGs. 5A, 5B, 5E, 5F and 5G, hand-held device 18 comprises a gripping device 36. Generally, gripping device 36 comprises a pair of pivotally attached arms 40, 42 having respective gripping portions 60, 62 biasable towards each other. Gripping device 36 can be configured for gripping the parasite itself, or an object near the parasite or an on which the parasite resides. For example, when system 10 is employed for damaging lice and/or nits, gripping device 36 can be configured for gripping hairs, preferably near the scalp. </p><p id="p0090" num="0090"> In the representative illustrations of FIGs. 5B, 5E and 5F, one of the gripping ends (gripping end 62 in the present example) receives the vibrations from vibrating element 24, while the other gripping end (gripping end 60 in the present example) is static. In the representative illustration of FIG. 5 A, both griping ends are provided with vibrating elements, hence vibrate. In the representative illustration of FIG. 5G, two vibrating elements 24 serve as two respective griping arms. </p><p id="p0091" num="0091"> In some embodiments of the present invention gripping device 36 is provided with teeth 20 (see FIGs. 5A, 5E and 5F). The teeth can be provided on one of the arms, e.g., arm 40, wherein the other arm, e.g., arm 42 is devoid of teeth (FIG. 5 A). Alternatively, both arms 40 and 42 can be provided with teeth. The latter embodiment is illustrated in FIGs. 5E and 5F, where FIG. 5E shows arms 40 and 42 in an unbiased (open) state, and FIG. 5F shows arms 40 and 42 once biased against each other. Optionally and preferably the teeth of arm 40 are interlaced with the teeth of arm 42. </p><p id="p0092" num="0092"> It is to be understood, however, that it is not necessary for gripping device 36 to include teeth. In some embodiments of the present invention, both arms 40 and 42 are devoid of teeth. A representative example of these embodiments is illustrated in FIGs. 
<!-- EPO <DP n="15"/>-->
 5B and 5G. In FIG. 5B, gripping device 36 has a shape of scissors, wherein arms 40 and 42 are pivotally mount to each other on an axis 58 in a crossed configuration. In FIG. 5G, gripping device 36 comprises two vibrating elements 24 which may also serve as the arms 40 and 42 of the gripping device. Optionally, device 36 also comprises a plate 64 between arms 40 and 42. Plate 64 can be, for example, a metal plate. In an embodiment of the invention, plate 64 is made of aluminum. </p><p id="p0093" num="0093"> The biasing of arms 40 and 42 towards each other can be performed manually or it can be controlled by the electronic circuitry 34. In some embodiments of the present invention gripping device 36 comprises a spring member 38 for maintaining arms 40 and 42 in an unbiased state when system 10 is not operative. This configuration is illustrated in FIG. 5E. Alternatively, spring member 38 can be constituted for maintaining arms 40 and 42 in a biased state when system 10 is not operative. </p><p id="p0094" num="0094"> When gripping device 36 is used for damaging a parasite residing on a hairy or fury surface, gripping device 36 can be brought into proximity to the surface such that the hair or fur is positioned between arms 40 and 42. Thereafter, are biased towards each other to grip the hair or fur. Vibrating element 24 is activated prior to or immediately subsequently to the gripping. The gripping force is optionally sufficiently strong to maintain the gripped objects therein, and yet sufficiently weak to allow a relative motion (e.g., sliding) between the gripped objects and the arms of device 36. Thus, while element 24 transmits the ultrasound griping device 36 can be pulled along the gripped objects, such that the objects slides along the surfaces of arms 40 and 42. During this motion, a parasite residing on the gripped objects comes into contact with the arms hence being irradiated by the ultrasound radiation, as further detailed hereinabove. </p><p id="p0095" num="0095"> FIGs. 5C and 5D are schematic illustrations showing a perspective view (FIG. 5C) and a cross sectional view (FIG. 5D) of system 10 in embodiments of the invention in which hand-held device is shaped as a brush, e.g., adapted for brushing hair or fur. In these embodiments teeth are arranged at any arrangement other than along a single straight line. In the representative example shown in FIGs. 5C and 5D, teeth 20 are arranged in four straight rows, but this need not necessarily be the case, since, for some applications, it may be desired to have the teeth arranged in more than four rows or less than four rows, or to be arranged not in rows (e.g., randomly). Optionally, each teeth 
<!-- EPO <DP n="16"/>-->
 row vibrates by means of one or more vibrating element 24 mounted under the row or between teeth rows. In the representative example illustrated in FIGs. 5C and 5D, system 10 comprises three vibrating elements each being mounted between a pair of adjacent teeth rows. The vibrating element(s) can be powered by a power source 54 that can be placed, for example, in a handle 56 of hand-held device 18, as schematically illustrated in FIG. 5D. The gaps between adjacent teeth in the brush are not necessarily fine, as in the case of conventional lice combs. For example, the average gap between adjacent teeth can be from about 1 mm to about 10 mm, or from about 2 mm to about 8 mm, or from about 4 mm to about 6 mm. </p><p id="p0096" num="0096"> FIG. 6 is a schematic illustration of system 10 according to embodiments of the invention in which hand-held device 18 comprises a hollow member 44 for removing the parasite by vacuum. It is to be understood that it is not intended to limit the scope of the present invention to the combination illustrated in FIG. 6. Thus, a hollow member 44 can be implemented together with any other configuration, such as, but not limited to, the configurations described above with reference to FIGs. 1-5F. </p><p id="p0097" num="0097"> Member 44 comprises a body portion 46 and a head portion 48, where body portion 46 has an open end 50 adapted to be coupled to a vacuum hose (not shown) and head portion 48 has an opening 52 defining an intake for capturing the parasite. </p><p id="p0098" num="0098"> In use, ultrasound transmitter 16 is activated as further detailed hereinabove for damaging the parasite and member 44 is connected to the vacuum hose for removing the parasite by vacuum. The activation of vacuum is optionally and preferably synchronously with the activation of the ultrasound transmitter. For example, ultrasound radiation can be applied simultaneously with the vacuum. Alternatively, the vacuum and ultrasound radiation can be applied intermittently. </p><p id="p0099" num="0099">As used herein the term "about" refers to ± 10 %. </p><p id="p0100" num="0100"> The word "exemplary" is used herein to mean "serving as an example, instance or illustration." Any embodiment described as "exemplary" is not necessarily to be construed as preferred or advantageous over other embodiments and/or to exclude the incorporation of features from other embodiments. 
<!-- EPO <DP n="17"/>-->
 The word "optionally" is used herein to mean "is provided in some embodiments and not provided in other embodiments." Any particular embodiment of the invention may include a plurality of "optional" features unless such features conflict. </p><p id="p0101" num="0101"> The terms "comprises", "comprising", "includes", "including", "having" and their conjugates mean "including but not limited to". </p><p id="p0102" num="0102"> The term "consisting of means "including and limited to". </p><p id="p0103" num="0103"> The term "consisting essentially of means that the composition, method or structure may include additional ingredients, steps and/or parts, but only if the additional ingredients, steps and/or parts do not materially alter the basic and novel characteristics of the claimed composition, method or structure. </p><p id="p0104" num="0104"> As used herein, the singular form "a", "an" and "the" include plural references unless the context clearly dictates otherwise. For example, the term "a compound" or "at least one compound" may include a plurality of compounds, including mixtures thereof. </p><p id="p0105" num="0105"> Throughout this application, various embodiments of this invention may be presented in a range format. It should be understood that the description in range format is merely for convenience and brevity and should not be construed as an inflexible limitation on the scope of the invention. Accordingly, the description of a range should be considered to have specifically disclosed all the possible subranges as well as individual numerical values within that range. For example, description of a range such as from 1 to 6 should be considered to have specifically disclosed subranges such as from 1 to 3, from 1 to 4, from 1 to 5, from 2 to 4, from 2 to 6, from 3 to 6 etc., as well as individual numbers within that range, for example, 1, 2, 3, 4, 5, and 6. This applies regardless of the breadth of the range. </p><p id="p0106" num="0106"> Whenever a numerical range is indicated herein, it is meant to include any cited numeral (fractional or integral) within the indicated range. The phrases "ranging/ranges between" a first indicate number and a second indicate number and "ranging/ranges from" a first indicate number "to" a second indicate number are used herein interchangeably and are meant to include the first and second indicated numbers and all the fractional and integral numerals therebetween. </p><p id="p0107" num="0107">It is appreciated that certain features of the invention, which are, for clarity, described in the context of separate embodiments, may also be provided in combination 
<!-- EPO <DP n="18"/>-->
 in a single embodiment. Conversely, various features of the invention, which are, for brevity, described in the context of a single embodiment, may also be provided separately or in any suitable subcombination or as suitable in any other described embodiment of the invention. Certain features described in the context of various embodiments are not to be considered essential features of those embodiments, unless the embodiment is inoperative without those elements. </p><p id="p0108" num="0108">Various embodiments and aspects of the present invention as delineated hereinabove and as claimed in the claims section below find experimental support in the following examples. </p><p id="p0109" num="0109">EXAMPLES </p><p id="p0110" num="0110"> Reference is now made to the following examples, which together with the above descriptions illustrate some embodiments of the invention in a non limiting fashion. </p><p id="p0111" num="0111"> Embodiments of the present invention have been utilized for killing head lice by ultrasound radiation. </p><p id="p0112" num="0112"> EXAMPLE 1 </p><p id="p0113" num="0113"> Materials and Methods </p><p id="p0114" num="0114"> Living head lice were collected from 35 infected children, ages 4-17. Several trials were performed. For each trial, 50 head lice were selected (10 adult males, 10 adult females and 30 nymphs). </p><p id="p0115" num="0115"> The head lice were placed on a piezoelectric element (Noliac Ceramic or Ferroperm), and 500μ1 of distilled water (dH<sub>2</sub>0) were poured on the lice. The piezoelectric element was activated to emit ultrasound radiation for 3 seconds. The power density at the ultrasound emitting surface of the crystal was set to 0.5 W/cm<sup>2</sup>. </p><p id="p0116" num="0116"> The head lice were removed from the crystal and washed with normal hair shampoo dissolved in water 1 :50 (ARGAN shampoo, Frulatte) for 2 min, and then with water for additional 2 min. </p><p id="p0117" num="0117"> After treatment, head lice were incubated overnight at a temperature of 28 °C and relative humidity of 50% - 70%. Mortality was determined after 12-16 hours. </p><p id="p0118" num="0118"> For the control group, the lice were placed in water for 3 seconds without irradiation by ultrasound. 
<!-- EPO <DP n="19"/>-->
 The following procedure was employed for determining the power density. The water temperature was measured before and after 5 minutes of irradiation. The two temperatures were subtracted from each other to obtain the temperature difference T induced by the ultrasound radiation. Then the heat rate Q (energy per unit time) added to the water by the ultrasound radiation was calculated according to the relation Q = m-C<sub>p</sub>- T/t, where C<sub>p</sub> is the specific heat capacity (4.18 J/gr for water), m is the mass of the water and t is the duration of radiation (5 minutes in the present example). To determine the mass of the water, the density of water (0.998g/ml) was multiplied by the volume of water. The heat rate Q was then divided by the area of the emitting surface of the piezoelectric element, to provide the power density. </p><p id="p0119" num="0119"> Twelve different frequencies were tested: 75kHz, 140kHz, 220kHz, 410kHz, 560kHz, 960kHz, 1200kHz, 1410kHz, 1650kHz, 1800kHz, 2200KHz and 2540kHz. </p><p id="p0120" num="0120"> Results </p><p id="p0121" num="0121"> FIG. 7 is a graph showing the mortality in percentage as a function of the frequency in kHz. As shown, high percentage of mortality was observed at frequency of 1.4- 2.54MHz. A mortality peak was observed at approximately 1.7 MHz. </p><p id="p0122" num="0122"> EXAMPLE 2 </p><p id="p0123" num="0123"> The present Example describes trials performed in accordance with some embodiments of the present invention for investigating the effect of combination of ultrasound radiation and active agents on head lice. </p><p id="p0124" num="0124"> Materials and Methods </p><p id="p0125" num="0125"> Head lice were collected as detailed in Example 1 above. For each trial 100 head lice were selected (25 adult males, 25 adult females and 50 nymphs). In all trials, the frequency of the ultrasound radiation was set to 1.65 MHz. </p><p id="p0126" num="0126"> The following power densities were used output of: 0.065, 0.09, 0.125, 0.25</p><p id="p0127" num="0127">W/cm<sup>2</sup>. </p><p id="p0128" num="0128"> The control groups were placed into dH<sub>2</sub>0 for 2 min with no ultrasonic energy. The following active agents were used for the test groups. </p><p id="p0129" num="0129">EDTA EDTA (Ethylenediaminetetraacetic acid, see FIG. 8A) is a strong chelating of divalent metal ions (e.g., Ca<sup>2+</sup>, Mg<sup>2+</sup>, Zn<sup>2+</sup>). EDTA is know to cause nonspecific increase in permeability of Gram negative bacteria and can lyse many such species. 
<!-- EPO <DP n="20"/>-->
 Because of its strong complexing ability for most metal ions allows EDTA use for incidents of lead poisoning by the medical profession. Moreover, injection if PbEDTA was found to transfer freely from cell to cell and did not respect the segmental boundary in insect, Calliphora erythrocephala[Warner et al., , 1982, 28(2):243-52] </p><p id="p0130" num="0130">Chlorhexidine </p><p id="p0131" num="0131"> Chlorhexidine (CAS Number: 18472-51-0, C9394, Sigma, see FIG. 8B) is a chemical antiseptic and its mechanism of action being membrane disruption. It is effective on both Gram-positive and Gram-negative bacteria, although it is less effective with some Gram-negative bacteria. [World Health Organization, Department of Reproductive Health and Research (1998). "The most common topical antimicrobial". Care of the Umbilical Cord. World Health Organization]. </p><p id="p0132" num="0132"> Chlorhexidine has caused extensive damage to the cytoplasmic inner membrane, precipitation or coagulation of protein and nucleic acids [Russell, A. D., and M. J. Day, 1993, Antibacterial activity of chlorhexidine, J. Hosp. Infect. 25:229-238]. Damage also occurs to the outer membrane in gram-negative bacteria and the cell wall in gram- positive cells [Fitzgerald, K. A., A. Davies, and A. D. Russell. 1992. Effect of chlorhexidine and phenoxyethanol on cell surface hydrophobicity of Gram-positive and Gram-negative bacteria. Lett. Appl. Microbiol. 14:91-95]. </p><p id="p0133" num="0133">Chloroxylenol </p><p id="p0134" num="0134"> Chloroxylenol (4-chloro-3,5-dimethylphenol, see FIG. 8C) is an antimicrobial chemical compound used to control bacteria, algae, and fungi in adhesives, emulsions, paints, and wash tanks. It is commonly used in antibacterial soaps such as Dettol and ointments, such as the now discontinued Medicated Vaseline. Its antibacterial action is due to disruption of cell membrane potentials. </p><p id="p0135" num="0135">Triclosan (Irgasan) </p><p id="p0136" num="0136"> Triclosan (5-chloro-2-(2,4-dichlorophenoxy)phenol, see FIG. 8D), (CAS Number: 3380-34-5, 72779, Sigma) is an antibacterial and antifungal agent. Phenols often show antibacterial properties. Triclosan is present in soaps (0.10-1.00%), deodorants, toothpastes, shaving creams, mouth washes, and cleaning supplies, and is infused in an increasing number of consumer products, such as kitchen utensils, toys, bedding, socks, and trash bags. The commonly used concentration in antiseptic soaps is 1%. Triclosan blocks lipid synthesis by inhibition of the enzyme enoyl-acyl carrier 
<!-- EPO <DP n="21"/>-->
 protein reductase, which plays an essential role in lipid synthesis (McMurry, et al,</p><p id="p0137" num="0137">Nature 394:531-532.). </p><p id="p0138" num="0138"> Silica </p><p id="p0139" num="0139"> Silica (Si02) (CAS Number: 7631-86-9, 420883 Aldrich) is known as a substance that kills insect by absorbing the waxy coating on the insect's body damages their native water balance and causes death by dehydration. Silica is quite a small molecule (60.6 gr/mol). Its small molecular weight assist to penetrate it into head lice body and their eggs. Combination of silica (3%) with A10<sub>3</sub> (0.4%) permits bounding the Aluminum to EDTA. This complex can penetrates into the lice body and caused severe injury to their body. Al is a good conductor to ultrasound waves and even proximity to lice body permit Al becomes conductor nuclei. </p><p id="p0140" num="0140"> The following liquid compositions were prepared: dH<sub>2</sub>0 (hereinafter composition No. 1), 0.1M EDTA and 1 wt. % SDS (hereinafter composition No. 2), 0.1M EDTA (hereinafter composition No. 3), 1 wt. % Chlorhexidine (hereinafter composition No. 4), 1 wt. % Chlorhexidine and 0.1M EDTA (hereinafter composition No. 5), 3 wt. % Silica (hereinafter composition No. 6), 3 wt. % Silica and 0.1M EDTA (hereinafter composition No. 7), 1 wt. % Chloroxylenol (hereinafter composition No. 8), 1 wt. % Triclosan (Irgasan) (hereinafter composition No. 9), and 1 wt. % Triclosan (Irgasan) and 0.1M EDTA (hereinafter composition No. 10). </p><p id="p0141" num="0141"> Results </p><p id="p0142" num="0142"> FIG. 9 is a graph showing the mortality in percentage as a function of the power density, for various types of active agents. The liquid composition used for each agent is also provided in FIG. 9. The liquid compositions are enumerated from No. 1 to No. 10, as further detailed hereinabove. </p><p id="p0143" num="0143"> As shown, an enhanced mortality (close to 100%) was observed for composition</p><p id="p0144" num="0144">Nos. 6 and 7 and power density above 0.09 W/cm<sup>2</sup>. Similar results were also obtained with a composition comprising 1 wt. % Silica and 0.1M EDTA, and with a composition comprising 0.5 wt. % Silica and 0.1M EDTA. </p><p id="p0145" num="0145"> EXAMPLE 3 </p><p id="p0146" num="0146"> The present Example describes additional trials performed in accordance with some embodiments of the present invention for investigating the effect of combination of ultrasound radiation and active agents on head lice. 
<!-- EPO <DP n="22"/>-->
 Head lice were collected as detailed in Example 1 above. For each trial 100 head lice were selected (25 adult males, 25 adult females and 50 nymphs). In all trials, the frequency of the ultrasound radiation was set to 1.65 MHz and the power densities were set to 0.25 W/cm<sup>2</sup>. </p><p id="p0147" num="0147"> The control group was treated as further detailed in Example 2. </p><p id="p0148" num="0148"> Following is a list of the active agents used in the present example, together with their effect on the mortality, when combined with the ultrasound of the present embodiments. </p><p id="p0149" num="0149"> 1% Sodium fluorosilicate (Na<sub>2</sub>SiF<sub>6</sub>, CAS Number: 16893-85-9, 71596 Fluka) 1% Barium fluorosilicate (BaSiF<sub>6</sub>, CAS Number:17125-80-3, 433381 Aldrich)</p><p id="p0150" num="0150">Each of the above active agents was tested both alone and in combination with ammonium salts, aluminum or magnesium. </p><p id="p0151" num="0151"> All were found to be effective, up to 96%, compared with control group. </p><p id="p0152" num="0152"> Stomach poison, 0.05% Sodium fluoride [NaF, CAS Number:7681-49-4, 47072 Fluka], was found to be effective on head lice with mortality rate of 73%, while increased to 81% combined with EDTA 0.1M. </p><p id="p0153" num="0153"> Carbaryl (CAS Number: 63-25-2, 36856, Fluka see FIG. 10), is known as head lice treatment. This composition is typically applied and maintained on the head for 12 hours. Using 0.04% Carbaryl together with the ultrasound radiation of the present embodiments, resulted in mortality percentage of 78%. </p><p id="p0154" num="0154"> Polyethyleneimine (PEI, CAS Number: 9002-98-6, 03880 Fluka) 4% showed increment of 6% in the mortality percentage, relative to irradiation in the absence of any active agent. </p><p id="p0155" num="0155"> Citric acid 5% showed increased of 8% in the mortality percentage , relative to irradiation in the absence of any active agent. </p><p id="p0156" num="0156"> For any of the compositions in this example, exposing the lice to the composition in the absence of ultrasound radiation for a period of 2 minutes did not show mortality percentage above about 5%. </p><p id="p0157" num="0157"> EXAMPLE 4 </p><p id="p0158" num="0158"> The present Example describes trials performed in accordance with some embodiments of the present invention for investigating the effect of ultrasound radiation on head lice of different sizes and different development stages. 
<!-- EPO <DP n="23"/>-->
 Head lice were collected from 14 different infected children. For each trial 100 head lice were selected. The lice were exposed to the following frequencies: 1410 kHz, 1530 kHz, 1650 kHz, 1800 kHz, 2200 kHz. All the head lice exposed to ultrasound radiation for a period of 3 seconds and at a power density of 0.5W/cm<sup>2</sup>. </p><p id="p0159" num="0159"> The stage of development, size and gender of each louse was determined under a binocular (SteREO Discovery .V8, Zeiss), magnification x20. Head lice that found to be relatively small or large for the respective development stage were not included in the trial. </p><p id="p0160" num="0160"> The results are summarized in Table 1, below. For each stage of development Table 1 lists the size, number of samples, and mortality fraction and percentage for each frequency. </p><p id="p0161" num="0161"> Table 1 </p><p id="p0162" num="0162"><img id="imgf000023_0001" he="120" wi="150" file="imgf000023_0001.tif" img-format="tif" img-content="table" orientation="portrait" inline="no"/></p><p id="p0163" num="0163"> Table 1 demonstrates that the technique of the present embodiments is capable of damaging head lice irrespectively of their stage of development. </p><p id="p0164" num="0164"> The experiments were repeated also for body lice (female adult, about 4 length). Similar results were recorded. 
<!-- EPO <DP n="24"/>-->
 EXAMPLE 5 </p><p id="p0165" num="0165"> The present Example describes trials performed in accordance with some embodiments of the present invention for investigating the effect of a composition which comprises 3 wt. % silica and 0.1M EDTA (composition No. 7 in Example 2, above) when combined with ultrasound radiation on head lice. </p><p id="p0166" num="0166"> Living head lice were collected as further detailed in Example 1. The lice were subjected to either dH<sub>2</sub>0 or composition No. 7. The following frequencies were employed: 560 kHz, 960 kHz, 1090 kHz, 1410 kHz, 1650 kHz, 1800 kHz and 2540 kHz. For each frequency, the power density was varied until mortality percentage of at least 90% were achieved. The results are summarized in Table 2, below and in FIG. 11. </p><p id="p0167" num="0167"> Table 2 </p><p id="p0168" num="0168"><img id="imgf000024_0001" he="76" wi="151" file="imgf000024_0001.tif" img-format="tif" img-content="table" orientation="portrait" inline="yes"/></p><p id="p0169" num="0169"> As shown in Table 2 and FIG. 11, the liquid composition allows a considerably reduction in the power density. </p><p id="p0170" num="0170">Although the invention has been described in conjunction with specific embodiments thereof, it is evident that many alternatives, modifications and variations will be apparent to those skilled in the art. Accordingly, it is intended to embrace all such alternatives, modifications and variations that fall within the spirit and broad scope of the appended claims. </p><p id="p0171" num="0171"> All publications, patents and patent applications mentioned in this specification are herein incorporated in their entirety by reference into the specification, to the same extent as if each individual publication, patent or patent application was specifically and 
<!-- EPO <DP n="25"/>-->
 individually indicated to be incorporated herein by reference. In addition, citation or identification of any reference in this application shall not be construed as an admission that such reference is available as prior art to the present invention. To the extent that section headings are used, they should not be construed as necessarily limiting. 
</p></description><claims mxw-id="PCLM44726739" ref-ucid="WO-2012114340-A1" lang="EN" load-source="patent-office"><claim id="clm-0001" num="0001"><!-- EPO <DP n="26"/>--><claim-text/><claim-text>WHAT IS CLAIMED IS: </claim-text><claim-text>1. A method of damaging a parasite while being a resident in or on a surface of a body of a mammal, comprising irradiating the parasite with ultrasound radiation at a frequency of from about 1 MHz to about 2.6 MHz for a period of at least one second. </claim-text><claim-text>2. The method according to claim 1, wherein the parasite comprises a head louse. </claim-text><claim-text>3. The method according to any of claims 1 and 2, wherein the parasite comprises a nit. </claim-text><claim-text>4. The method according to any of claims 1-3, wherein said frequency is from about 1.4 MHz to about 2.6 MHz. </claim-text><claim-text>5. The method according to any of claims 1-3, wherein said frequency is from about 1.5 MHz to about 1.8 MHz. </claim-text><claim-text>6. The method according to any of claims 1-3, wherein said frequency is from about 1.6 MHz to about 1.8 MHz. </claim-text><claim-text>7. The method according to any of claims 1-6, wherein said irradiating is by an ultrasound transmitter providing a power density of at most 0.5 W/cm<sup>2</sup>. </claim-text><claim-text>8. The method according to any of claims 1-6, wherein said irradiating is by an ultrasound transmitter providing a power density of at most 0.35 W/cm<sup>2</sup>. </claim-text><claim-text>9. The method according to any of claims 1-7, wherein said irradiating is by an ultrasound transmitter providing a power density of at least 0.08 W/cm<sup>2</sup>. </claim-text><claim-text>10. The method according to any of claims 1-9, wherein said irradiating is in the presence of an impedance matching medium. 
<!-- EPO <DP n="27"/>-->
</claim-text><claim-text>11. The method according to any of claims 1-9, wherein said irradiating is executed while the parasite is in direct contact with ultrasound transmitter generating said ultrasound radiation. </claim-text><claim-text>12. The method according to any of claims 1-10, wherein said irradiating is in the presence of a liquid composition having an active agent. </claim-text><claim-text>13. The method according to claim 12, wherein said liquid composition is selected such as to provide at least partial impedance matching between a body of said parasite and a body of an ultrasound transmitter emitting said radiation and said parasite. </claim-text><claim-text>14. The method according to any of claims 12 and 13, wherein said liquid composition is non-toxic to the parasite in the absence of said ultrasound radiation. </claim-text><claim-text>15. The method according to any of claims 12-14, wherein said liquid composition comprises an antimicrobial agent. </claim-text><claim-text>16. The method according to any of claims 12-15, wherein said liquid composition comprises a pesticide. </claim-text><claim-text>17. The method according to any of claims 1-16, further comprising removing the parasite from said body subsequently to said irradiation. </claim-text><claim-text>18. The method according to claim 17, wherein said removal is effected by vacuum. </claim-text><claim-text>19. The method according to any of claims 17 and 18, wherein said removal is effected by combing. </claim-text><claim-text>20. A system for damaging a parasite while being a resident in or on a surface of a body of a mammal, comprising: 
<!-- EPO <DP n="28"/>-->
 an ultrasound transmitter, configured for generating ultrasound radiation at a frequency of from about 1 MHz to about 2.6 MHz for a period of at least one second; and </claim-text><claim-text> a hand-held device coupled to said ultrasound transmitter and adapted for being placed on or at proximity to the parasite so as to deliver said ultrasound radiation to the parasite. </claim-text><claim-text>21. The system according to claim 20, wherein said frequency is from about</claim-text><claim-text>1.4 MHz to about 2.6 MHz. </claim-text><claim-text>22. The system according to claim 20, wherein said frequency is from about</claim-text><claim-text>1.5 MHz to about 1.8 MHz. </claim-text><claim-text>23. The system according to claim 20, wherein said frequency is from about</claim-text><claim-text>1.6 MHz to about 1.8 MHz. </claim-text><claim-text>24. The system according to any of claims 20 and 23, wherein said ultrasound transmitter is configured for providing a power density of at most 0.5 W/cm<sup>2</sup>. </claim-text><claim-text>25. The system according to any of claims 20-24, wherein said ultrasound transmitter is configured for providing a power density of at least 0.08 W/cm<sup>2</sup>. </claim-text><claim-text>26. The system according to any of claims 20-25, wherein said hand-held device comprises a comb having a plurality of teeth extending from a base. </claim-text><claim-text>27. The system according to claim 26, wherein said ultrasound transmitter comprises a vibrating element mounted on said base so as to collectively vibrate said teeth. </claim-text><claim-text>28. The system according to claim 26, wherein said ultrasound transmitter comprises a plurality of vibrating elements each being mounted on a different tooth so as to vibrate said tooth. 
<!-- EPO <DP n="29"/>-->
</claim-text><claim-text>29. The system according to claim 26, wherein said ultrasound transmitter comprises a plurality of vibrating elements mounted on said base, and wherein each tooth of said plurality of teeth is mounted on a different vibrating element and being vibrated thereby. </claim-text><claim-text>30. The system according to any of claims 20-28, wherein said hand-held device comprises a gripping device. </claim-text><claim-text>31. The system according to claim 30, wherein said gripping device comprises a pair of pivotally attached arms biasable towards each other. </claim-text><claim-text>32. The system according to claim 31, wherein said pair of arms comprises a first arm having a base and a plurality of teeth extending from said base. </claim-text><claim-text>33. The system according to claim 32, wherein said pair of arms comprises a second arm being devoid of teeth. </claim-text><claim-text>34. The system according to claim 32, wherein said pair of arms comprises a second arm having a base and a plurality of teeth extending from said base, and where when said arms are biased towards each other, said plurality of teeth of said first arm is interlaced with said plurality of teeth of said second arm. </claim-text><claim-text>35. The system according to any of claims 20-34, wherein said hand-held device comprises a hollow member having a body portion and a head portion, said body portion having an open end adapted to be coupled to a vacuum hose and said head portion having an opening defining an intake for capturing said parasite. 
</claim-text></claim></claims><copyright>User acknowledges that Fairview Research LLC and its third party providers retain all right, title and interest in and to this xml under applicable copyright laws.  User acquires no ownership rights to this xml including but not limited to its format.  User hereby accepts the terms and conditions of the Licence Agreement</copyright></patent-document>
