<?xml version="1.0" encoding="UTF-8"?>
<patent-document ucid="EP-2681162-A1" country="EP" doc-number="2681162" kind="A1" date="20140108" family-id="45833485" file-reference-id="253940" date-produced="20180823" status="corrected" lang="EN"><bibliographic-data><publication-reference fvid="146586594" ucid="EP-2681162-A1"><document-id><country>EP</country><doc-number>2681162</doc-number><kind>A1</kind><date>20140108</date><lang>EN</lang></document-id></publication-reference><application-reference ucid="EP-12708949-A" is-representative="NO"><document-id mxw-id="PAPP154848786" load-source="docdb" format="epo"><country>EP</country><doc-number>12708949</doc-number><kind>A</kind><date>20120228</date><lang>EN</lang></document-id><document-id mxw-id="PAPP172244776" load-source="docdb" format="original"><country>EP</country><doc-number>12708949.8</doc-number><date>20120228</date></document-id></application-reference><priority-claims><priority-claim mxw-id="PPC140556251" ucid="EP-11156628-A" load-source="docdb"><document-id format="epo"><country>EP</country><doc-number>11156628</doc-number><kind>A</kind><date>20110302</date></document-id></priority-claim><priority-claim mxw-id="PPC140549054" ucid="EP-12708949-A" load-source="docdb"><document-id format="epo"><country>EP</country><doc-number>12708949</doc-number><kind>A</kind><date>20120228</date></document-id></priority-claim><priority-claim mxw-id="PPC140549579" ucid="IB-2012050920-W" linkage-type="W" load-source="docdb"><document-id format="epo"><country>IB</country><doc-number>2012050920</doc-number><kind>W</kind><date>20120228</date></document-id></priority-claim></priority-claims><technical-data><classifications-ipcr><classification-ipcr mxw-id="PCL1989317737" load-source="docdb">C03C  14/00        20060101AFI20120920BHEP        </classification-ipcr><classification-ipcr mxw-id="PCL1989318040" load-source="docdb">C09K  11/08        20060101ALI20120920BHEP        </classification-ipcr><classification-ipcr mxw-id="PCL1989321991" load-source="docdb">C09K  11/77        20060101ALI20120920BHEP        </classification-ipcr></classifications-ipcr><classifications-cpc><classification-cpc mxw-id="PCL-2062987851" load-source="docdb" scheme="CPC">C09K  11/7734      20130101 LI20150501BHEP        </classification-cpc><classification-cpc mxw-id="PCL-2062990552" load-source="docdb" scheme="CPC">H01L  33/501       20130101 LI20150501BHEP        </classification-cpc><classification-cpc mxw-id="PCL-2062991168" load-source="docdb" scheme="CPC">C03C  14/004       20130101 LI20150501BHEP        </classification-cpc><classification-cpc mxw-id="PCL-2062992211" load-source="docdb" scheme="CPC">H01L  33/502       20130101 LA20150501BHEP        </classification-cpc><classification-cpc mxw-id="PCL-2062992663" load-source="docdb" scheme="CPC">C09K  11/0883      20130101 LI20150501BHEP        </classification-cpc><classification-cpc mxw-id="PCL-2062993604" load-source="docdb" scheme="CPC">C03C2214/04        20130101 LA20150501BHEP        </classification-cpc><classification-cpc mxw-id="PCL-2062994239" load-source="docdb" scheme="CPC">C09K  11/7774      20130101 LI20150501BHEP        </classification-cpc><classification-cpc mxw-id="PCL1989641706" load-source="docdb" scheme="CPC">C09K  11/025       20130101 FI20131212BHEP        </classification-cpc><classification-cpc mxw-id="PCL1989644420" load-source="docdb" scheme="CPC">H05B  33/145       20130101 LI20131212BHEP        </classification-cpc></classifications-cpc><invention-title mxw-id="PT132364415" lang="DE" load-source="patent-office">ZINNPHOSPHATGLAS MIT EINGEBETTETEN LEUCHTSTOFFMATERIALTEILCHEN</invention-title><invention-title mxw-id="PT132364416" lang="EN" load-source="patent-office">TIN PHOSPHATE GLASS CONTAINING EMBEDDED LUMINESCENT MATERIAL PARTICLES</invention-title><invention-title mxw-id="PT132364417" lang="FR" load-source="patent-office">VERRE À BASE DE PHOSPHATE D'ÉTAIN DANS LEQUEL DES PARTICULES DE MATÉRIAU LUMINESCENT SONT INCRUSTÉES</invention-title><citations><non-patent-citations><nplcit><text>See references of WO 2012117346A1</text><sources><source mxw-id="PNPL67456047" load-source="docdb" name="SEA"/></sources></nplcit></non-patent-citations></citations></technical-data><parties><applicants><applicant mxw-id="PPAR919531561" load-source="docdb" sequence="1" format="epo"><addressbook><last-name>KONINKL PHILIPS NV</last-name><address><country>NL</country></address></addressbook></applicant><applicant mxw-id="PPAR919513865" load-source="docdb" sequence="1" format="intermediate"><addressbook><last-name>KONINKLIJKE PHILIPS N.V.</last-name></addressbook></applicant><applicant mxw-id="PPAR919018172" load-source="patent-office" sequence="1" format="original"><addressbook><last-name>Koninklijke Philips N.V.</last-name><iid>101391185</iid><address><street>High Tech Campus 5</street><city>5656 AE Eindhoven</city><country>NL</country></address></addressbook></applicant></applicants><inventors><inventor mxw-id="PPAR919507290" load-source="docdb" sequence="1" format="epo"><addressbook><last-name>BECKERS LUCAS JOHANNES ANNA MARIA</last-name><address><country>NL</country></address></addressbook></inventor><inventor mxw-id="PPAR919521066" load-source="docdb" sequence="1" format="intermediate"><addressbook><last-name>BECKERS, LUCAS JOHANNES ANNA MARIA</last-name></addressbook></inventor><inventor mxw-id="PPAR919006827" load-source="patent-office" sequence="1" format="original"><addressbook><last-name>BECKERS, LUCAS JOHANNES ANNA MARIA</last-name><address><street>c/o High Tech Campus Building 44</street><city>NL-5656 AE Eindhoven</city><country>NL</country></address></addressbook></inventor><inventor mxw-id="PPAR919515308" load-source="docdb" sequence="2" format="epo"><addressbook><last-name>OFFERMANS PAULUS HUBERTUS GERARDUS</last-name><address><country>NL</country></address></addressbook></inventor><inventor mxw-id="PPAR919530575" load-source="docdb" sequence="2" format="intermediate"><addressbook><last-name>OFFERMANS, PAULUS HUBERTUS GERARDUS</last-name></addressbook></inventor><inventor mxw-id="PPAR919008771" load-source="patent-office" sequence="2" format="original"><addressbook><last-name>OFFERMANS, PAULUS HUBERTUS GERARDUS</last-name><address><street>c/o High Tech Campus Building 44</street><city>NL-5656 AE Eindhoven</city><country>NL</country></address></addressbook></inventor></inventors><agents><agent mxw-id="PPAR919010304" load-source="patent-office" sequence="1" format="original"><addressbook><last-name>Van Eeuwijk, Alexander Henricus Waltherus</last-name><iid>100822969</iid><address><street>Philips Intellectual Property &amp; Standards P.O. Box 220</street><city>5600 AE Eindhoven</city><country>NL</country></address></addressbook></agent></agents></parties><international-convention-data><pct-or-regional-filing-data ucid="IB-2012050920-W"><document-id><country>IB</country><doc-number>2012050920</doc-number><kind>W</kind><date>20120228</date><lang>EN</lang></document-id></pct-or-regional-filing-data><pct-or-regional-publishing-data ucid="WO-2012117346-A1"><document-id><country>WO</country><doc-number>2012117346</doc-number><kind>A1</kind><date>20120907</date><lang>EN</lang></document-id></pct-or-regional-publishing-data><designated-states><ep-contracting-states><country mxw-id="DS549915625" load-source="docdb">AL</country><country mxw-id="DS549855339" load-source="docdb">AT</country><country mxw-id="DS549915626" load-source="docdb">BE</country><country mxw-id="DS549762698" load-source="docdb">BG</country><country mxw-id="DS549762524" load-source="docdb">CH</country><country mxw-id="DS549841726" load-source="docdb">CY</country><country mxw-id="DS549855340" load-source="docdb">CZ</country><country mxw-id="DS549773455" load-source="docdb">DE</country><country mxw-id="DS549915627" load-source="docdb">DK</country><country mxw-id="DS549841727" load-source="docdb">EE</country><country mxw-id="DS549840884" load-source="docdb">ES</country><country mxw-id="DS549762699" load-source="docdb">FI</country><country mxw-id="DS549762700" load-source="docdb">FR</country><country mxw-id="DS549773456" load-source="docdb">GB</country><country mxw-id="DS549915628" load-source="docdb">GR</country><country mxw-id="DS549773465" load-source="docdb">HR</country><country mxw-id="DS549841728" load-source="docdb">HU</country><country mxw-id="DS549762529" load-source="docdb">IE</country><country mxw-id="DS549915629" load-source="docdb">IS</country><country mxw-id="DS549762705" load-source="docdb">IT</country><country mxw-id="DS549915630" load-source="docdb">LI</country><country mxw-id="DS549773466" load-source="docdb">LT</country><country mxw-id="DS549855341" load-source="docdb">LU</country><country mxw-id="DS549773467" load-source="docdb">LV</country><country mxw-id="DS549773468" load-source="docdb">MC</country><country mxw-id="DS549855346" load-source="docdb">MK</country><country mxw-id="DS549855347" load-source="docdb">MT</country><country mxw-id="DS549762706" load-source="docdb">NL</country><country mxw-id="DS549762530" load-source="docdb">NO</country><country mxw-id="DS549762707" load-source="docdb">PL</country><country mxw-id="DS549840885" load-source="docdb">PT</country><country mxw-id="DS549762708" load-source="docdb">RO</country><country mxw-id="DS549840890" load-source="docdb">RS</country><country mxw-id="DS549762713" load-source="docdb">SE</country><country mxw-id="DS549842038" load-source="docdb">SI</country><country mxw-id="DS549762531" load-source="docdb">SK</country><country mxw-id="DS549762532" load-source="docdb">SM</country><country mxw-id="DS549915631" load-source="docdb">TR</country></ep-contracting-states></designated-states></international-convention-data><office-specific-data><eptags><ep-no-a-document-published>*</ep-no-a-document-published></eptags></office-specific-data></bibliographic-data><abstract mxw-id="PA99835306" ref-ucid="WO-2012117346-A1" lang="EN" load-source="patent-office"><p num="0000">The invention provides a tin phosphate glass containing embedded luminescent material particles, wherein the luminescent material particles comprise luminescent material from the class of CaAlSiN 3 :Eu 2+ and optionally other luminescent material particles. The invention further provides a method for the production of such glass as well as a lighting unit using such glass as (part of) a light conversion unit.</p></abstract><abstract mxw-id="PA100331140" ref-ucid="WO-2012117346-A1" lang="EN" source="national office" load-source="docdb"><p>The invention provides a tin phosphate glass containing embedded luminescent material particles, wherein the luminescent material particles comprise luminescent material from the class of CaAlSiN 3 :Eu 2+ and optionally other luminescent material particles. The invention further provides a method for the production of such glass as well as a lighting unit using such glass as (part of) a light conversion unit.</p></abstract><abstract mxw-id="PA99835307" ref-ucid="WO-2012117346-A1" lang="FR" load-source="patent-office"><p num="0000">La présente invention concerne un verre à base de phosphate d'étain dans lequel des particules de matériau luminescent sont incrustées. Les particules de matériau luminescent comprennent un matériau luminescent de type CaAlSiN 3 :Eu 2+ et, éventuellement, d'autres particules de matériau luminescent. En outre, l'invention concerne un procédé de production de ce verre ainsi qu'une unité d'éclairage utilisant ce verre en tant qu'unité de conversion de lumière ou partie de cette unité.</p></abstract><abstract mxw-id="PA100331141" ref-ucid="WO-2012117346-A1" lang="FR" source="national office" load-source="docdb"><p>La présente invention concerne un verre à base de phosphate d'étain dans lequel des particules de matériau luminescent sont incrustées. Les particules de matériau luminescent comprennent un matériau luminescent de type CaAlSiN 3 :Eu 2+ et, éventuellement, d'autres particules de matériau luminescent. En outre, l'invention concerne un procédé de production de ce verre ainsi qu'une unité d'éclairage utilisant ce verre en tant qu'unité de conversion de lumière ou partie de cette unité.</p></abstract><description mxw-id="PDES51232948" ref-ucid="WO-2012117346-A1" lang="EN" load-source="patent-office"><!-- EPO <DP n="2"/>--><p id="p0001" num="0001"> Tin phosphate glass containing embedded luminescent material particles </p><p id="p0002" num="0002">FIELD OF THE INVENTION </p><p id="p0003" num="0003"> The invention relates to a tin phosphate glass, a method for the production thereof, and a lighting unit comprising such tin phosphate glass. BACKGROUND OF THE INVENTION </p><p id="p0004" num="0004"> Bodies consisting of glass-type materials containing luminescent materials are known in the art. US2009186433, for instance, describes a method of making a light emitting device including mixing a glass powder with a luminescent material powder including at least one of a sulfide luminescent material, an aluminate luminescent material and a silicate luminescent material to produce a mixed powder in which the luminescent material powder is dispersed in the glass powder, heating and softening the mixed powder to provide an integrated material, and subsequently solidifying the integrated material to provide a luminescent material-dispersed glass, and fusion-bonding the luminescent material-dispersed glass onto a mounting portion on which a light emitting element is mounted by hot pressing, and simultaneously sealing the light emitting element with the luminescent material- dispersed glass on the mounting portion. </p><p id="p0005" num="0005">SUMMARY OF THE INVENTION </p><p id="p0006" num="0006"> Yellow inorganic luminescent materials in combination with blue LEDs now seem to be commodity in producing white LED lamps. In this way, cold light can be provided. For long lifetime LED lamps, inorganic solutions seem to be needed, since organic materials are not stable with respect to blue/UV light and high temperatures &gt; 120 °C. </p><p id="p0007" num="0007"> Presently, luminescent materials are sometimes incorporated in ceramic bodies. An option within the context of inorganic luminescent materials in combination with LED light sources could be to incorporate luminescent materials in glass instead of in a ceramic body. However, it appears that some luminescent materials, especially nitride based luminescent materials, cannot (easily) be incorporated into glasses without damage or even disintegration of the luminescent material. It also appears that some luminescent materials are 
<!-- EPO <DP n="3"/>-->
 not compatible when heating together, as may happen when making glasses containing a combination of two or more different luminescent materials. </p><p id="p0008" num="0008"> Yellow inorganic luminescent materials are typical garnet type systems like YAG and LuAG with their specific dopes, especially Ce<sup>3+</sup>. Red inorganic luminescent materials may for instance be silicon nitride based structures. Co-firing of these red and yellow luminescent materials appeared to lead to badly luminescent products. Silicon nitride luminescent materials and garnet luminescent materials appear to be reactive and may destroy each other. This leads to worse optical properties, which is of course not desired. A solution could be to process the different inorganic luminescent materials separately as ceramic plates or glasses. This is however less desired, since it complicates the production process. Further, it may also complicate adjustment of optical properties. </p><p id="p0009" num="0009"> Hence, it is an aspect of the invention to provide an alternative glass containing luminescent material, an alternative method for the production thereof, and an alternative lighting unit comprising such alternative glass, which preferably further at least partly obviate one or more of above-described drawbacks. </p><p id="p0010" num="0010"> Surprisingly, a glass was found wherein a red inorganic luminescent material could be dispersed, and wherein even a combination with other luminescent materials could be dispersed without substantial detrimental effects on the luminescent properties. It was found that red silicon nitride luminescent material particles could be packaged into a glass matrix of tin phosphate glass and it appeared that both red and yellow luminescent material particles could be dispersed (processed) in the same glass matrix. Hence, a low temperature melting glass, especially tin phosphate glass (T<sub>g</sub> is especially in the range of 160-250°C, more especially 180-210°C and T<sub>m</sub> is especially in the range of 250-350°C, more especially 290-310°C), with good optical properties is used as glass component. </p><p id="p0011" num="0011"> Hence, in a first aspect, the invention provides a tin phosphate glass containing embedded luminescent material particles, wherein the luminescent material particles comprise luminescent material from the class of CaAlSiN<sub>3</sub>:Eu<sup>2+</sup>. </p><p id="p0012" num="0012"> In such glass, luminescent material, especially the indicated red emitting luminescent material may be dispersed, without substantial damage of the luminescent material. Also a combination of luminescent material may be dispersed in the glass. </p><p id="p0013" num="0013"> The tin phosphate glass may especially have the chemical formula of </p><p id="p0014" num="0014">Sn<sub>3</sub>(P0<sub>4</sub>)4, although, as is known with glasses, the stoichiometry may (locally) slightly differ. Hence, the tin phosphate glass may especially have the chemical formula of Sn<sub>3</sub>(PC"4)4 or close to said stoichiometry. The fact that the glass is a tin phosphate glass does, in an 
<!-- EPO <DP n="4"/>-->
 embodiment, not exclude the presence of one or more other elements in the glass than Sn, P and O (not taking into account the dispersed luminescent particles, which comprise (further) different elements per se, such as for instance, one or more of Y, Eu and Ce, etc.). For instance, small amounts of one or more other elements may be present in the glass (phase). </p><p id="p0015" num="0015"> The luminescent material is dispersed as particles in the glass. This is herein indicated as that the luminescent material particles are embedded in the glass. This may for instance be visible with SEM (see also figures). The luminescent material particles at least comprise particles from the class of CaAlSiN<sub>3</sub>:Eu<sup>2+</sup>. </p><p id="p0016" num="0016"> The phrase "class of CaAlSiN<sub>3</sub>:Eu<sup>2+</sup>" may imply that the luminescent material is of the type MAlSiN<sub>3</sub>:Eu<sup>2+</sup>, wherein M may relate to one or more of Ca, Sr and Ba. </p><p id="p0017" num="0017"> Especially, M relates to Ca and/or Sr, especially at least 80 mol% Ca relative to the total number of moles of alkaline earth element M. Hence, in an embodiment, the invention provides such glass, wherein the luminescent material particles comprise luminescent (Ca,Sr)AlSiN<sub>3</sub>:Eu<sup>2+</sup>. As example, Ca<sub>0</sub>.<sub>85</sub>Sr<sub>0</sub>.i<sub>5</sub>AlSiN<sub>3</sub>:Eu<sup>2+</sup> is given. Assuming for instance 0.5% europium, the formula could be Cao.85Sro.145Euo.005 AlSiN<sub>3</sub>. </p><p id="p0018" num="0018"> The phrase "class of CaAlSiN<sub>3</sub>:Eu<sup>2+</sup>" may alternatively or additionally also imply that other elements may partly be replaced. For instance, Al may partly be replaced by Ga; Si may partly be replaced by Ge; and N may partly be replaced by O. In the latter case, charge compensation may be necessary, for instance by some exchange of Si to Al. </p><p id="p0019" num="0019">Preferably, the M element is at least 80 mol% Ca relative to the total number moles of alkaline earth element M, and the other elements Al, Si, N are not replaced by other elements, or only in an extend to 2 mol% or less, relative to the respective elements. </p><p id="p0020" num="0020"> Optionally, the CaAlSiN<sub>3</sub>:Eu<sup>2+</sup> material may contain further luminescent ions, like Mn<sup>2+</sup>. </p><p id="p0021" num="0021"> As indicated above, the glass may also contain other luminescent materials.</p><p id="p0022" num="0022">Hence, in an embodiment, the tin phosphate glass further contains one or more other types of embedded luminescent material particles. Again, also those type of particles may be distinguished in the glass, for instance with SEM and/or ED AX. Hence, the glass may have particles of two or more luminescent material types embedded. </p><p id="p0023" num="0023"> Especially, the glass may contain embedded luminescent material particles comprising luminescent material from the class of Y<sub>3</sub>AlsOi<sub>2</sub>:Ce<sup>3+</sup>. </p><p id="p0024" num="0024"> Those luminescent materials together, when mixed in the appropriate amounts, may lead to white light when excited with blue or UV light. Dependent upon the amount and 
<!-- EPO <DP n="5"/>-->
 the color of excitation light, the light emanating from the combination of light source and glass may be warm white or cool white, or may be colored. </p><p id="p0025" num="0025"> The phrase "the class of Y<sub>3</sub>Al50i<sub>2</sub>:Ce<sup>3+</sup>" again indicates that one or more of Y, Al and O may at least partially be replaced by other elements. Especially, Y may at least partially be replaced by Gd, Tb, Lu. Further, Al may at least partially be replaced by Ga, or even Si, and O may at least partially be replaced by N. In the latter cases, charge </p><p id="p0026" num="0026">compensation may be desired. Especially, the replacement of Al and O is equal to or less than 2 %, relative to Al and O, respectively. Y may especially be at least partly replaced by Lu. Hence, in an embodiment, the luminescent material of the class of Y<sub>3</sub>Al50i<sub>2</sub>:Ce<sup>3+</sup> may also comprise the class of Lu3Al<sub>5</sub>0i<sub>2</sub>:Ce<sup>3+</sup>. </p><p id="p0027" num="0027"> The term "luminescent material" may also comprise a plurality of luminescent materials. The term "luminescent material particles" may in an embodiment also relate to a plurality of different types of luminescent material particles, such particles of the class of Y<sub>3</sub>Al50i<sub>2</sub>:Ce<sup>3+</sup> and particles of the class of CaAlSiN<sub>3</sub>:Eu<sup>2+</sup>, but may in another embodiment for instance also relate to a glass containing embedded particles of Y<sub>3</sub>Al<sub>5</sub>0i<sub>2</sub>:Ce<sup>3+</sup>, </p><p id="p0028" num="0028"> Lu<sub>3</sub>Al<sub>5</sub>0i<sub>2</sub>:Ce<sup>3+</sup>, CaAlSiN<sub>3</sub>:Eu<sup>2+</sup>, and for instance (Ca<sub>0</sub>.<sub>9</sub>Sr<sub>0</sub>.i)AlSiN<sub>3</sub>:Eu<sup>2+</sup>, respectively. </p><p id="p0029" num="0029"> If desired, the luminescent material particles may be coated. Further, the weight percentage of the total amount of luminescent material particles relative to the total weight of the thin phosphate glass may be in the range of 0.5-20 wt.%, such as in the range of 1-15 wt.%. </p><p id="p0030" num="0030"> The tin phosphate glass may especially be obtainable by vitrification of a tin source and a phosphate source in the presence of luminescent material particles. This may be performed in several ways, see also below. Vitrification herein especially means the transformation of a substance into a glass. </p><p id="p0031" num="0031"> In a further aspect, the invention provides a method for the production of a tin phosphate glass containing embedded luminescent material particles, the method comprising vitrifying a tin source and phosphate source, in the presence of luminescent material particles, especially wherein the luminescent material particles comprise luminescent material from the class of CaAlSiN<sub>3</sub>:Eu<sup>2+</sup>. For instance, the tin source and phosphate source may be heated until a liquid glass is obtained. Then, the luminescent material particles may be added. Upon cooling down, often with a rapid temperature drop, the glass is formed. </p><p id="p0032" num="0032"> Alternatively or additionally, the tin source and phosphate source may be heated until a liquid glass is obtained in the presence of the luminescent material particles. Upon cooling down, often with a rapid temperature drop, the glass is formed. 
<!-- EPO <DP n="6"/>-->
 In a specific embodiment, the tin source and phosphate source are provided as tin phosphate glass particles. This may imply that first a tin phosphate glass is produced, and the thus obtained glass is particulated, for instance by grinding. The thus obtained glass particles may then be used as starting particles and may be vitrified into the glass of the invention, by the above defined method and method embodiments. Especially, the tin source comprises one or more of tin oxide (especially SnO) and tin oxalate (SnC<sub>2</sub>0<sub>4</sub>; stannous oxalate). Further, especially the phosphate source comprises one or more of P<sub>2</sub>0<sub>5</sub> and </p><p id="p0033" num="0033">The above glass may especially be used for light conversion of light of a light source. Hence, the glass may be used as light conversion unit. In this way, UV light and/or blue light may for instance (partly) be converted in visible light. The luminescent materials may be selected to provide the desired color point and other desired optical properties. When UV light is used, for instance a blue emitting luminescent material may (additionally) be applied. </p><p id="p0034" num="0034"> Hence, especially the light source is configured to provide light source light with a wavelength selected from the UV and blue range. The term "light source" may also refer to a plurality of light sources. Optionally, different types of light sources may be applied, such as a UV light source and a blue light source. Optionally, additional light sources may be applied to further tune the color point. For instance, in addition to one or more blue light sources, a green emitting and/or red emitting light source may be applied, irrespective of the fact that the tin phosphate glass comprises a red emitting luminescent material. </p><p id="p0035" num="0035"> Hence, in a further aspect the invention provides a lighting unit comprising a light source and a light conversion unit, wherein the light conversion unit comprises the tin phosphate glass as described herein, wherein the light source is configured to provide light source light, and wherein the light conversion unit is configured to convert at least part of the light source light into visible light. The luminescent material particles embedded in the tin phosphate glass may in an embodiment have particle size dimensions in the range of 0.5-15 mum. Especially, 50% of the embedded particles has particle size dimensions in the range of 0.5-15 μιη, such as in the range of 1-10 μιη. </p><p id="p0036" num="0036"> Especially, for instance in view of design aspects such as dimensions, but also in view of stability, the light source comprises a solid state light source (i.e. a solid state light emitting diode LED). Alternatively, the light source may comprise a laser diode. 
<!-- EPO <DP n="7"/>-->
 The tin phosphate glass may be arranged at a distance or very close or even in physical contact with the light source. In an embodiment, the light source is a solid state light source with a LED die, and the tin phosphate glass is in physical contact with the LED die. This may be beneficial in view of dimensions and in view of efficiency. In an embodiment, the glass is directly bonded to the die. Optionally, an optical coupling paste may be applied between the die and the tin phosphate glass. </p><p id="p0037" num="0037"> However, the tin phosphate glass may also be arranged remote from the light source. Especially, the invention also provides an embodiment of the lighting unit as described herein, comprising a light box, wherein the light source is contained in the light box, and wherein the light conversion unit is a light transmissive window of the light box. The light transmissive window of the light box in this embodiment comprises the tin phosphate glass (with embedded luminescent material particles). As will be clear to the person skilled in the art, the light box may comprise a plurality of light sources, optionally with one or more different types of light source light. </p><p id="p0038" num="0038"> Hence, the invention especially provides for LED applications red luminescent inorganic silicon nitride luminescent material and optionally one or more other luminescent materials, such as yellow inorganic (YAG, LuAG family), embedded in a tin phosphate glass, thereby providing both a red and optionally a yellow luminescent material into one inorganic matrix. </p><p id="p0039" num="0039"> The term "substantially" herein, such as in "substantially all emission" or in</p><p id="p0040" num="0040">"substantially consists", will be understood by the person skilled in the art. The term </p><p id="p0041" num="0041">"substantially" may also include embodiments with "entirely", "completely", "all", etc. </p><p id="p0042" num="0042">Hence, in embodiments the adjective substantially may also be removed. Where applicable, the term "substantially" may also relate to 90% or higher, such as 95% or higher, especially 99%) or higher, even more especially 99.5% or higher, including 100%). The term "comprise" includes also embodiments wherein the term "comprises" means "consists of. </p><p id="p0043" num="0043"> Furthermore, the terms first, second, third and the like in the description and in the claims, are used for distinguishing between similar elements and not necessarily for describing a sequential or chronological order. It is to be understood that the terms so used are interchangeable under appropriate circumstances and that the embodiments of the invention described herein are capable of operation in other sequences than described or illustrated herein. 
<!-- EPO <DP n="8"/>-->
 The devices herein are amongst others described during operation. As will be clear to the person skilled in the art, the invention is not limited to methods of operation or devices in operation. </p><p id="p0044" num="0044"> It should be noted that the above-mentioned embodiments illustrate rather than limit the invention, and that those skilled in the art will be able to design many alternative embodiments without departing from the scope of the appended claims. In the claims, any reference signs placed between parentheses shall not be construed as limiting the claim. Use of the verb "to comprise" and its conjugations does not exclude the presence of elements or steps other than those stated in a claim. The article "a" or "an" preceding an element does not exclude the presence of a plurality of such elements. The invention may be implemented by means of hardware comprising several distinct elements, and by means of a suitably programmed computer. In the device claim enumerating several means, several of these means may be embodied by one and the same item of hardware. The mere fact that certain measures are recited in mutually different dependent claims does not indicate that a combination of these measures cannot be used to advantage. </p><p id="p0045" num="0045"> The invention further applies to a device comprising one or more of the characterizing features described in the description and/or shown in the attached drawings. </p><p id="p0046" num="0046">BRIEF DESCRIPTION OF THE DRAWINGS </p><p id="p0047" num="0047"> Embodiments of the invention will now be described, by way of example only, with reference to the accompanying schematic drawings in which corresponding reference symbols indicate corresponding parts, and in which: </p><p id="p0048" num="0048"> Figs, la- lb schematically depict some embodiments of the tin phosphate glass;</p><p id="p0049" num="0049">Figs. 2a-2b schematically depict some embodiments of the lighting unit. </p><p id="p0050" num="0050"> The drawings are not necessarily on scale. </p><p id="p0051" num="0051"> Fig. 3 shows a SEM picture of a the tin phosphate glass with luminescent material embedded. </p><p id="p0052" num="0052">DETAILED DESCRIPTION OF THE EMBODIMENTS </p><p id="p0053" num="0053"> Fig. la schematically depicts a tin phosphate glass 100 containing embedded luminescent material particles 10, wherein the luminescent material particles 10 comprise luminescent material from the class of CaAlSiN<sub>3</sub>:Eu<sup>2+</sup>. Reference 11 is used to indicate those specific class of (CaAlSiN<sub>3</sub>:Eu<sup>2+</sup>) particles. 
<!-- EPO <DP n="9"/>-->
 The glass may be provided as a plate, having for instance a height h of 0.2-10 mm, such as 0.5-10 mm. Such plate may have first face 101 and an opposite second face 102 (at a distance of each other of h). </p><p id="p0054" num="0054"> Fig. lb schematically depicts the same embodiment, now with luminescent material particles 10 of a second type or class. Those luminescent particles of another class, such as cerium doped YAG, are indicated with reference 12. </p><p id="p0055" num="0055"> The tin phosphate glass 100 can be used as light conversion unit or as part of a light conversion unit. Such light conversion unit is indicated with reference 150. For consistency with figs. 2a-2b, the tin phosphate glasses 100 are therefore also indicated as light conversion units 150. </p><p id="p0056" num="0056"> Fig. 2b schematically depicts an embodiment of a lighting unit 1 comprising a light source 200 and a light conversion unit 150 (see also above). The light conversion unit 150 comprises the tin phosphate glass 100. Here, in this schematic drawing the glass 100 is the light conversion unit. The light source 200 is configured to provide light source light 205. The light conversion unit 150, more especially the tin phosphate glass 100, even more especially the therein embedded luminescent material, is configured to convert at least part of the light source light 205 into visible light 105. The combination of visible light 105 of the luminescent material and the optional remaining (i.e. non-absorbed light source light 205) downstream of the light conversion unit 150 is indicated as (lighting unit) light 5. </p><p id="p0057" num="0057"> In fig. 2a, the light source 200 is a solid state light source with a LED die 210.</p><p id="p0058" num="0058">By way of example, the tin phosphate glass 100 is in physical contact with the LED die 210. For instance, the tin phosphate glass 100 may be directly bonded to the die LED 210. </p><p id="p0059" num="0059">Optionally, a light coupling paste may be arranged in between </p><p id="p0060" num="0060"> Optionally, the tin phosphate glass 100 may be remote from the light source 200. An example of such embodiment is schematically depicted in fig. 2b. Fig. 2b schematically depicts an embodiment of the lighting unit 1, comprising a light box 30. The light source 200, or at least its light emitting part, is contained in the light box 30. The light conversion unit 150 is here a light transmissive window 31 of the light box 30. As indicated above, the tin phosphate glass 100 may comprise a plurality of luminescent material types. </p><p id="p0061" num="0061"> Further, the lighting unit 1 may comprise a plurality of (tin phosphate) glasses 100, here indicated by tin phosphate glass 100 and a second glass 100', which may also be a tin phosphate glass but which may also be another glass. Alternatively, the lighting unit may comprise such tin phosphate glass 100 and a glass, optionally a tin phosphate glass, which comprises one or more other luminescent materials (than tin phosphate glass 100). 
<!-- EPO <DP n="10"/>-->
 Further, the window 31 may comprise optional further optics, indicated with reference 35, like a diffuser, or a collimator (like an micro lens optic MLO layer). The interior of the light box 30 is indicated with reference 32. The light box 30 may have reflective surfaces (in an embodiment except for the window 31). </p><p id="p0062" num="0062"> Fig. 3 shows a SEM graph of a tin phosphate glass 100. The entire graph shows the transmissive tin phosphate glass 100, with clearly present the luminescent material particles 10 embedded. Even, the different types of luminescent material particles are visible, including crystallographic edges/faces. </p><p id="p0063" num="0063"> Tin phosphate glasses with dispersed red and yellow luminescent material particle are easy to detect by chemical analysis. See for example the SEM and ED AX measurement above. </p><p id="p0064" num="0064">EXPERIMENTAL Example 1 </p><p id="p0065" num="0065"> The tin phosphate glass was milled in a crucible and mixed with calcium aluminum silicon nitride luminescent material. A powder compact of this mixture was heat treated in a furnace. The result was a pellet where red particles were dispersed in a clear glass matrix of tin phosphate. The pellet was tested onto blue LEDs and blue light was at least partly converted into red light. </p><p id="p0066" num="0066">Example 2 </p><p id="p0067" num="0067"> In a second experiment glass particles + red luminescent particles (11) and yellow luminescent particles (12) (YAG:Ce) particles were mixed and compacted. After heat treatment, again pellets were formed and tested on blue LEDs. Warm white light was generated by the luminescent material mix glass matrix (composite). </p><p id="p0068" num="0068">Example 3 </p><p id="p0069" num="0069"> All kind of glasses were tested on their ability to host the red luminescent material and to host a combination of luminescent materials. It appeared that from all investigated glasses only the tin phosphate glass had suitable properties. </p><p id="p0070" num="0070"> For instance, tellurium phosphate glasses was prepared, but they were all colored (yellow /orange). The T<sub>g</sub> of these glasses were not lower than 300°C. The lowest T° measured of tellurium phosphate glass was 347°C. 
<!-- EPO <DP n="11"/>-->
 The tin phosphate glasses made for this application have typical refractory indices between 1.5 and 1.7. </p><p id="p0071" num="0071">Example 4 </p><p id="p0072" num="0072"> Tin(II)oxide (SnO) powder 10 and Ammonium phosphate monobasic crystalline powder (NH<sub>4</sub>H<sub>2</sub>PO<sub>4</sub>) were used for the preparation on tin phosphate glass. </p><p id="p0073" num="0073">SnO and NH<sub>4</sub>H<sub>2</sub>PO<sub>4</sub> powders were mixed and heated in crucible. Water and ammonia was evaporated out. After some time, the glass was cast onto a cold steel plate. A colorless clear glassy matrix was frozen in and the T<sub>g</sub> is of these samples were between 190 and 200°C. T<sub>m</sub> was near 300°C. 
</p></description><claims mxw-id="PCLM44852113" ref-ucid="WO-2012117346-A1" lang="EN" load-source="patent-office"><claim-statement><!-- EPO <DP n="12"/>-->CLAIMS: </claim-statement><claim id="clm-0001" num="1"><claim-text>1. A tin phosphate glass (100) containing embedded luminescent material particles (10), wherein the luminescent material particles (10) comprise luminescent material from the class of CaAlSiN<sub>3</sub>:Eu<sup>2+</sup>. </claim-text></claim><claim id="clm-0002" num="2"><claim-text>2. The tin phosphate glass (100) according to claim 1 , wherein the luminescent material particles (10) comprise luminescent (Ca,Sr)AlSiN<sub>3</sub>:Eu<sup>2+</sup>. </claim-text></claim><claim id="clm-0003" num="3"><claim-text>3. The tin phosphate glass (100) according to any one of claims 1-2, further containing one or more other types of embedded luminescent material particles (10). </claim-text></claim><claim id="clm-0004" num="4"><claim-text>4. The tin phosphate glass (100) according to claim 3, further containing embedded luminescent material particles (10) comprising luminescent material from the class <img id="imgf000012_0001" he="6" wi="32" file="imgf000012_0001.tif" img-format="tif" img-content="drawing" orientation="portrait" inline="no"/></claim-text></claim><claim id="clm-0005" num="5"><claim-text>5. The tin phosphate glass (100) according to any one of the preceding claims, wherein the tin phosphate glass (100) is obtainable by the vitrification of a tin source and a phosphate source in the presence of luminescent material particles (10). </claim-text></claim><claim id="clm-0006" num="6"><claim-text>6. The tin phosphate glass (100) according to any one of the preceding claims, wherein the weight percentage of the total amount of luminescent material particles (10) relative to the total weight of the thin phosphate glass (100) is in the range of 0.5-20 wt.%. </claim-text></claim><claim id="clm-0007" num="7"><claim-text>7. A method for the production of a tin phosphate glass (100) containing embedded luminescent material particles (10) comprising vitrifying a tin source and phosphate source in the presence of luminescent material particles (10), wherein the luminescent material particles (10) comprise luminescent material from the class of </claim-text><claim-text>CaAlSiN<sub>3</sub>:Eu<sup>2+</sup>. <!-- EPO <DP n="13"/>--> </claim-text></claim><claim id="clm-0008" num="8"><claim-text>8. The method according to claim 7, wherein the tin source comprises one or more of tin oxide and tin oxalate and wherein the phosphate source comprises one or more of P<sub>2</sub>0<sub>5</sub> and NH<sub>4</sub>H<sub>2</sub>P0<sub>4</sub>. </claim-text></claim><claim id="clm-0009" num="9"><claim-text>9. The method according to claim 7, wherein the tin source and phosphate source are provided as tin phosphate glass particles. </claim-text></claim><claim id="clm-0010" num="10"><claim-text>10. A lighting unit (1) comprising a light source (200) and a light conversion unit (150), wherein the light conversion unit (150) comprises the tin phosphate glass (100) according to any one of claims 1-6, wherein the light source (200) is configured to provide light source light (205), and wherein the light conversion unit (150) is configured to convert at least part of the light source light (205) into visible light (105). </claim-text></claim><claim id="clm-0011" num="11"><claim-text>11. The lighting unit (1) according to claim 10, wherein the light source (200) comprises a solid state light source. </claim-text></claim><claim id="clm-0012" num="12"><claim-text>12. The lighting unit (1) according to any one of claims 10-11, wherein the light source (200) is configured to provide light source light (205) with a wavelength selected from the UV and blue range. </claim-text></claim><claim id="clm-0013" num="13"><claim-text>13. The lighting unit (1) according to any one of claims 10-12, wherein the light source (200) is a solid state light source with a LED die (210), and wherein the tin phosphate glass (100) is in physical contact with the LED die (210). </claim-text></claim><claim id="clm-0014" num="14"><claim-text>14. The lighting unit (1) according to any one of claims 10-12, wherein the tin phosphate glass (100) is remote from the light source (200). </claim-text></claim><claim id="clm-0015" num="15"><claim-text>15. The lighting unit (1) according to claim 14, comprising a light box (30), wherein the light source (200) is contained in the light box (30), and wherein the light conversion unit (150) is a light transmissive window (31) of the light box (30). </claim-text></claim></claims><copyright>User acknowledges that Fairview Research LLC and its third party providers retain all right, title and interest in and to this xml under applicable copyright laws.  User acquires no ownership rights to this xml including but not limited to its format.  User hereby accepts the terms and conditions of the Licence Agreement</copyright></patent-document>
