<?xml version="1.0" encoding="UTF-8"?>
<patent-document ucid="EP-2958770-A1" country="EP" doc-number="2958770" kind="A1" date="20151230" family-id="48289298" file-reference-id="302177" date-produced="20180825" status="corrected" lang="FR"><bibliographic-data><publication-reference fvid="160453359" ucid="EP-2958770-A1"><document-id><country>EP</country><doc-number>2958770</doc-number><kind>A1</kind><date>20151230</date><lang>FR</lang></document-id></publication-reference><application-reference ucid="EP-14704616-A" is-representative="NO"><document-id mxw-id="PAPP193869686" load-source="patent-office" format="original"><country>EP</country><doc-number>14704616.3</doc-number><date>20140127</date><lang>FR</lang></document-id><document-id mxw-id="PAPP193869687" load-source="docdb" format="epo"><country>EP</country><doc-number>14704616</doc-number><kind>A</kind><date>20140127</date><lang>FR</lang></document-id></application-reference><priority-claims><priority-claim mxw-id="PPC162027363" ucid="FR-1350708-A" load-source="docdb"><document-id format="epo"><country>FR</country><doc-number>1350708</doc-number><kind>A</kind><date>20130128</date></document-id></priority-claim><priority-claim mxw-id="PPC162032561" ucid="FR-2014050150-W" linkage-type="W" load-source="docdb"><document-id format="epo"><country>FR</country><doc-number>2014050150</doc-number><kind>W</kind><date>20140127</date></document-id></priority-claim></priority-claims><technical-data><classifications-ipcr><classification-ipcr mxw-id="PCL-1988527496" load-source="docdb">B60N   2/48        20060101AFI20140812BHEP        </classification-ipcr></classifications-ipcr><classifications-cpc><classification-cpc mxw-id="PCL-1699660003" load-source="docdb" scheme="CPC">B60N   2/844       20180201 LI20180203BHEP        </classification-cpc><classification-cpc mxw-id="PCL-1699660004" load-source="docdb" scheme="CPC">B60N   2/847       20180201 FI20180203BHEP        </classification-cpc><classification-cpc mxw-id="PCL-1699660005" load-source="docdb" scheme="CPC">B60N   2/818       20180201 LI20180203BHEP        </classification-cpc><classification-cpc mxw-id="PCL-1699660006" load-source="docdb" scheme="CPC">B60N   2/815       20180201 LI20180203BHEP        </classification-cpc></classifications-cpc><invention-title mxw-id="PT165551543" lang="DE" load-source="patent-office">KOPFSTÜTZE FÜR EINEN KRAFTFAHRZEUGSITZ</invention-title><invention-title mxw-id="PT165551544" lang="EN" load-source="patent-office">HEADREST FOR A MOTOR VEHICLE SEAT</invention-title><invention-title mxw-id="PT165551545" lang="FR" load-source="patent-office">APPUI-TÊTE DE SIÈGE DE VÉHICULE AUTOMOBILE</invention-title></technical-data><parties><applicants><applicant mxw-id="PPAR1103322836" load-source="docdb" sequence="1" format="epo"><addressbook><last-name>CERA TSC</last-name><address><country>FR</country></address></addressbook></applicant><applicant mxw-id="PPAR1103314032" load-source="docdb" sequence="1" format="intermediate"><addressbook><last-name>CERA TSC</last-name></addressbook></applicant><applicant mxw-id="PPAR1101651508" load-source="patent-office" sequence="1" format="original"><addressbook><last-name>Cera TSC</last-name><iid>101504263</iid><address><street>109 rue du Faubourg Saint Honoré</street><city>75008 Paris</city><country>FR</country></address></addressbook></applicant></applicants><inventors><inventor mxw-id="PPAR1103323865" load-source="docdb" sequence="1" format="epo"><addressbook><last-name>GEORGES LAURENT</last-name><address><country>FR</country></address></addressbook></inventor><inventor mxw-id="PPAR1103302623" load-source="docdb" sequence="1" format="intermediate"><addressbook><last-name>GEORGES, LAURENT</last-name></addressbook></inventor><inventor mxw-id="PPAR1101642000" load-source="patent-office" sequence="1" format="original"><addressbook><last-name>GEORGES, LAURENT</last-name><address><street>11 Petite rue</street><city>08190 Roizy</city><country>FR</country></address></addressbook></inventor><inventor mxw-id="PPAR1103335648" load-source="docdb" sequence="2" format="epo"><addressbook><last-name>PATTE DAMIEN</last-name><address><country>FR</country></address></addressbook></inventor><inventor mxw-id="PPAR1103339493" load-source="docdb" sequence="2" format="intermediate"><addressbook><last-name>PATTE, DAMIEN</last-name></addressbook></inventor><inventor mxw-id="PPAR1101642923" load-source="patent-office" sequence="2" format="original"><addressbook><last-name>PATTE, DAMIEN</last-name><address><street>13 rue de France</street><city>51490 Epoye</city><country>FR</country></address></addressbook></inventor><inventor mxw-id="PPAR1103343042" load-source="docdb" sequence="3" format="epo"><addressbook><last-name>AIRAULT JEAN-YVES</last-name><address><country>FR</country></address></addressbook></inventor><inventor mxw-id="PPAR1103319540" load-source="docdb" sequence="3" format="intermediate"><addressbook><last-name>Airault, Jean-Yves</last-name></addressbook></inventor><inventor mxw-id="PPAR1101639928" load-source="patent-office" sequence="3" format="original"><addressbook><last-name>Airault, Jean-Yves</last-name><address><street>La Feuvrais</street><city>56430 Concoret</city><country>FR</country></address></addressbook></inventor><inventor mxw-id="PPAR1103324987" load-source="docdb" sequence="4" format="epo"><addressbook><last-name>GANIER DAVID</last-name><address><country>FR</country></address></addressbook></inventor><inventor mxw-id="PPAR1103306553" load-source="docdb" sequence="4" format="intermediate"><addressbook><last-name>GANIER, DAVID</last-name></addressbook></inventor><inventor mxw-id="PPAR1101640237" load-source="patent-office" sequence="4" format="original"><addressbook><last-name>GANIER, DAVID</last-name><address><street>23 rue de Nazelle</street><city>02190 Guignicourt</city><country>FR</country></address></addressbook></inventor><inventor mxw-id="PPAR1103315558" load-source="docdb" sequence="5" format="epo"><addressbook><last-name>BRICE PATRICK</last-name><address><country>FR</country></address></addressbook></inventor><inventor mxw-id="PPAR1103321014" load-source="docdb" sequence="5" format="intermediate"><addressbook><last-name>BRICE, PATRICK</last-name></addressbook></inventor><inventor mxw-id="PPAR1101641276" load-source="patent-office" sequence="5" format="original"><addressbook><last-name>BRICE, PATRICK</last-name><address><street>12 ter rue du Meix Blot</street><city>54110 Hudiviller</city><country>FR</country></address></addressbook></inventor></inventors><agents><agent mxw-id="PPAR1101649750" load-source="patent-office" sequence="1" format="original"><addressbook><last-name>Sayettat, Julien Christian</last-name><iid>101163221</iid><address><street>Strato-IP 18, rue Soleillet</street><city>75020 Paris</city><country>FR</country></address></addressbook></agent></agents></parties><international-convention-data><pct-or-regional-filing-data ucid="FR-2014050150-W"><document-id><country>FR</country><doc-number>2014050150</doc-number><kind>W</kind><date>20140127</date><lang>FR</lang></document-id></pct-or-regional-filing-data><pct-or-regional-publishing-data ucid="WO-2014114898-A1"><document-id><country>WO</country><doc-number>2014114898</doc-number><kind>A1</kind><date>20140731</date><lang>FR</lang></document-id></pct-or-regional-publishing-data><designated-states><ep-contracting-states><country mxw-id="DS660635722" load-source="docdb">AL</country><country mxw-id="DS660639473" load-source="docdb">AT</country><country mxw-id="DS660637147" load-source="docdb">BE</country><country mxw-id="DS660747747" load-source="docdb">BG</country><country mxw-id="DS660718775" load-source="docdb">CH</country><country mxw-id="DS660637148" load-source="docdb">CY</country><country mxw-id="DS660792864" load-source="docdb">CZ</country><country mxw-id="DS660635732" load-source="docdb">DE</country><country mxw-id="DS660637149" load-source="docdb">DK</country><country mxw-id="DS660637150" load-source="docdb">EE</country><country mxw-id="DS660726298" load-source="docdb">ES</country><country mxw-id="DS660747748" load-source="docdb">FI</country><country mxw-id="DS660718776" load-source="docdb">FR</country><country mxw-id="DS660635733" load-source="docdb">GB</country><country mxw-id="DS660637163" load-source="docdb">GR</country><country mxw-id="DS660635734" load-source="docdb">HR</country><country mxw-id="DS660792865" load-source="docdb">HU</country><country mxw-id="DS660718777" load-source="docdb">IE</country><country mxw-id="DS660637164" load-source="docdb">IS</country><country mxw-id="DS660747749" load-source="docdb">IT</country><country mxw-id="DS660637165" load-source="docdb">LI</country><country mxw-id="DS660747750" load-source="docdb">LT</country><country mxw-id="DS660639474" load-source="docdb">LU</country><country mxw-id="DS660747755" load-source="docdb">LV</country><country mxw-id="DS660747756" load-source="docdb">MC</country><country mxw-id="DS660639479" load-source="docdb">MK</country><country mxw-id="DS660639480" load-source="docdb">MT</country><country mxw-id="DS660726307" load-source="docdb">NL</country><country mxw-id="DS660716047" load-source="docdb">NO</country><country mxw-id="DS660726308" load-source="docdb">PL</country><country mxw-id="DS660747757" load-source="docdb">PT</country><country mxw-id="DS660792866" load-source="docdb">RO</country><country mxw-id="DS660747758" load-source="docdb">RS</country><country mxw-id="DS660726309" load-source="docdb">SE</country><country mxw-id="DS660718778" load-source="docdb">SI</country><country mxw-id="DS660716048" load-source="docdb">SK</country><country mxw-id="DS660716049" load-source="docdb">SM</country><country mxw-id="DS660639481" load-source="docdb">TR</country></ep-contracting-states><ep-extended-states><ep-extended-state-data><country>BA</country></ep-extended-state-data><ep-extended-state-data><country>ME</country></ep-extended-state-data></ep-extended-states></designated-states></international-convention-data><office-specific-data><eptags><ep-no-a-document-published>*</ep-no-a-document-published></eptags></office-specific-data></bibliographic-data><abstract mxw-id="PA136223430" ref-ucid="WO-2014114898-A1" lang="EN" load-source="patent-office"><p num="0000">The invention relates to a headrest (1) for a motor vehicle seat, comprising: a frame (20) for mounting the headrest on the backrest of a seat; a bearing plate (7) rotatably mounted at the top of the frame along a first transverse axis (8), such that the plate can be adjusted according to a plurality of angular positions; a cushion (21) comprising a block (22) of flexible foam padding encased in a cover (23), said block having a fixed part (24) at least partially covering the frame and a mobile part (25) covering the plate, such that, in side view, the cushion has the general form of an inverted V that can be deformed angularly by rotation of the plate, with a flexible hinge being formed by the foam at the interface (26) between the parts; a device (27) for blocking the rearward rotation of the plate in its different adjustment positions, said device being disposed inside the cover at the interface, such that an empty space is maintained between the branches of the V; and a means for deactivating the rotation-blocking arrangement.</p></abstract><abstract mxw-id="PA138527719" ref-ucid="WO-2014114898-A1" lang="EN" source="national office" load-source="docdb"><p>The invention relates to a headrest (1) for a motor vehicle seat, comprising: a frame (20) for mounting the headrest on the backrest of a seat; a bearing plate (7) rotatably mounted at the top of the frame along a first transverse axis (8), such that the plate can be adjusted according to a plurality of angular positions; a cushion (21) comprising a block (22) of flexible foam padding encased in a cover (23), said block having a fixed part (24) at least partially covering the frame and a mobile part (25) covering the plate, such that, in side view, the cushion has the general form of an inverted V that can be deformed angularly by rotation of the plate, with a flexible hinge being formed by the foam at the interface (26) between the parts; a device (27) for blocking the rearward rotation of the plate in its different adjustment positions, said device being disposed inside the cover at the interface, such that an empty space is maintained between the branches of the V; and a means for deactivating the rotation-blocking arrangement.</p></abstract><abstract mxw-id="PA136223431" ref-ucid="WO-2014114898-A1" lang="FR" load-source="patent-office"><p num="0000">L'invention concerne un appui-tête (1) de siège de véhicule automobile, comprenant : une armature (20) de montage dudit appui-tête sur un dossier dudit siège; une palette (7) d'appui montée en rotation en haut de ladite armature selon un premier axe (8) transversal, de manière à permettre un réglage de ladite palette selon une pluralité de positions angulaires; un coussin (21) comprenant un bloc (22) de mousse flexible de rembourrage revêtu d'une coiffe (23) de revêtement, ledit bloc présentant une partie fixe (24) recouvrant au moins partiellement ladite armature et une partie mobile (25) recouvrant ladite palette, de sorte que ledit coussin présente en vue latérale une forme générale de V renversé déformable angulairement par mise en rotation de ladite palette, la mousse disposée à l'interface (26) entre lesdites parties formant charnière souple; un dispositif de blocage (27) de la rotation de ladite palette vers l'arrière dans ses différentes positions de réglage, ledit dispositif étant disposé dans ladite coiffe au niveau de ladite interface, de manière à préserver un espace vide entre les branches du V; un moyen de désactivation du blocage.</p></abstract><abstract mxw-id="PA138527720" ref-ucid="WO-2014114898-A1" lang="FR" source="national office" load-source="docdb"><p>L'invention concerne un appui-tête (1) de siège de véhicule automobile, comprenant : une armature (20) de montage dudit appui-tête sur un dossier dudit siège; une palette (7) d'appui montée en rotation en haut de ladite armature selon un premier axe (8) transversal, de manière à permettre un réglage de ladite palette selon une pluralité de positions angulaires; un coussin (21) comprenant un bloc (22) de mousse flexible de rembourrage revêtu d'une coiffe (23) de revêtement, ledit bloc présentant une partie fixe (24) recouvrant au moins partiellement ladite armature et une partie mobile (25) recouvrant ladite palette, de sorte que ledit coussin présente en vue latérale une forme générale de V renversé déformable angulairement par mise en rotation de ladite palette, la mousse disposée à l'interface (26) entre lesdites parties formant charnière souple; un dispositif de blocage (27) de la rotation de ladite palette vers l'arrière dans ses différentes positions de réglage, ledit dispositif étant disposé dans ladite coiffe au niveau de ladite interface, de manière à préserver un espace vide entre les branches du V; un moyen de désactivation du blocage.</p></abstract><description mxw-id="PDES73617307" ref-ucid="WO-2014114898-A1" lang="FR" load-source="patent-office"><!-- EPO <DP n="3"/>--><p id="p0001" num="0001"> Appui-tête de siège de véhicule automobile </p><p id="p0002" num="0002">L'invention concerne un appui-tête de siège de véhicule automobile. </p><p id="p0003" num="0003">Il est connu de réaliser, notamment du document FR-2 747 349, un appui-tête de siège de véhicule automobile, ledit appui-tête comprenant : </p><p id="p0004" num="0004"> • une armature de montage dudit appui-tête sur un dossier dudit siège,</p><p id="p0005" num="0005">• une palette d'appui montée en rotation en haut de ladite armature selon un premier axe transversal, de manière à permettre un réglage de ladite palette selon une pluralité de positions angulaires, ceci de manière à définir une pluralité de positions longitudinales d'appui de la tête du passager en vue d'optimiser son confort, </p><p id="p0006" num="0006"> • un coussin comprenant un bloc de mousse flexible de rembourrage revêtu d'une coiffe de revêtement, ledit bloc présentant une partie fixe recouvrant au moins partiellement ladite armature et une partie mobile recouvrant ladite palette, de sorte que ledit coussin présente en vue latérale une forme générale de V renversé déformable angulairement par mise en rotation de ladite palette, la mousse disposée à l'interface entre lesdites parties formant charnière souple, </p><p id="p0007" num="0007"> • un moyen de freinage de la rotation de ladite palette, en particulier sous forme de charnière à friction, ledit moyen étant agencé de manière à permettre un maintien de ladite palette dans la position de réglage choisie. </p><p id="p0008" num="0008">Un tel appui-tête, dont le coussin présente en vue latérale une forme générale de V renversé déformable angulairement, présente une esthétique particulièrement avantageuse en raison l'allégement visuel provoqué par l'espace dégagé entre les branches du V. </p><p id="p0009" num="0009">Cependant, en cas de choc violent de la tête du passager contre l'appui-tête, lorsque la palette est en position de réglage vers l'avant, dans laquelle elle se maintient grâce au moyen de freinage, cette dernière ne reste pas dans sa position et se trouve projetée en position de réglage maximale arrière. 
<!-- EPO <DP n="4"/>-->
 Or, il est avéré que la sécurité du passager est d'autant plus menacée que la palette est éloignée de sa tête. </p><p id="p0010" num="0010">L'invention a pour but de pallier cet inconvénient tout en préservant l'espace vide entre les branches du V afin de conserver l'esthétique avantageuse de l'appui- tête. </p><p id="p0011" num="0011">A cet effet, l'invention propose un appui-tête de siège de véhicule automobile, ledit appui-tête comprenant : </p><p id="p0012" num="0012"> • une armature de montage dudit appui-tête sur un dossier dudit siège,</p><p id="p0013" num="0013">• une palette d'appui montée en rotation en haut de ladite armature selon un premier axe transversal, de manière à permettre un réglage de ladite palette selon une pluralité de positions angulaires, </p><p id="p0014" num="0014"> • un coussin comprenant un bloc de mousse flexible de rembourrage revêtu d'une coiffe de revêtement, ledit bloc présentant une partie fixe recouvrant au moins partiellement ladite armature et une partie mobile recouvrant ladite palette, de sorte que ledit coussin présente en vue latérale une forme générale de V renversé déformable angulairement par mise en rotation de ladite palette, la mousse disposée à l'interface entre lesdites parties formant charnière souple, </p><p id="p0015" num="0015">ledit appui-tête comprenant en outre : </p><p id="p0016" num="0016"> • un dispositif de blocage de la rotation de ladite palette vers l'arrière dans ses différentes positions de réglage, ledit dispositif étant disposé dans ladite coiffe au niveau de ladite interface, de manière à préserver un espace vide entre les branches du V, </p><p id="p0017" num="0017"> • un moyen de désactivation du blocage. </p><p id="p0018" num="0018">Dans cette description, les termes de positionnement dans l'espace (haut, bas, longitudinal, transversal, latéral, avant, arrière, vertical, ...) sont pris en référence à l'appui-tête disposé sur un siège en configuration d'utilisation dans le véhicule. 
<!-- EPO <DP n="5"/>-->
 En cas de choc violent de la tête du passager sur l'appui-tête, lorsque la palette est en position de réglage vers l'avant, cette dernière reste bloquée dans sa position du fait de son blocage par le dispositif de blocage, ce qui améliore la sécurité du passager. </p><p id="p0019" num="0019">Par ailleurs, le blocage de la palette peut être désactivé par le moyen de désactivation pour permettre de modifier le réglage. </p><p id="p0020" num="0020">En outre, l'esthétique de l'appui-tête est préservée, ceci dans la mesure où l'espace entre les branches du V est gardé vide du fait du positionnement du dispositif de blocage au niveau de l'interface entre les parties fixe et mobile. </p><p id="p0021" num="0021">D'autres particularités et avantages de l'invention apparaîtront dans la description qui suit, faite en référence aux figures jointes, dans lesquelles :</p><p id="p0022" num="0022">• la figure 1 est une vue schématique en perspective partielle d'un appui- tête selon une réalisation, le corps étant en position de réglage basse et la palette étant en position de réglage arrière, </p><p id="p0023" num="0023"> • les figures 2 sont analogues à la figure 1 , l'appui-tête étant représenté en vue latérale avec la palette en position de réglage avant (2a) et arrière (2b), </p><p id="p0024" num="0024"> • les figures 3 sont des vues partielles de l'appui-tête des figures 1 et 2, en coupe selon un plan orthogonal aux tiges, lesdites tiges étant déverrouillées (3a) et verrouillées (3b) en coulissement, </p><p id="p0025" num="0025"> • les figures 4 sont des vues de l'appui-tête des figures 1 et 2, en coupe selon un plan longitudinal parallèle aux tiges, la palette étant en position de réglage arrière, ladite palette étant bloquée (4a) et débloquée (4b) en rotation, </p><p id="p0026" num="0026"> • la figure 5 est analogue à la figure 4a, la palette étant en position de réglage avant. </p><p id="p0027" num="0027">En référence aux figures, on décrit un appui-tête 1 de siège de véhicule automobile, ledit appui-tête comprenant : 
<!-- EPO <DP n="6"/>-->
 • une armature 20 - ici sous forme de deux tiges 3 métalliques parallèles - de montage dudit appui-tête sur un dossier dudit siège, </p><p id="p0028" num="0028"> • une palette 7 d'appui montée en rotation en haut de ladite armature selon un premier axe 8 transversal, de manière à permettre un réglage de ladite palette selon une pluralité de positions angulaires, ceci de manière à définir une pluralité de positions longitudinales d'appui de la tête du passager en vue d'optimiser son confort, </p><p id="p0029" num="0029"> • un coussin 21 comprenant un bloc 22 de mousse flexible de rembourrage revêtu d'une coiffe 23 de revêtement, ledit bloc présentant une partie fixe</p><p id="p0030" num="0030">24 recouvrant au moins partiellement ladite armature et une partie mobile</p><p id="p0031" num="0031">25 recouvrant ladite palette, de sorte que ledit coussin présente en vue latérale une forme générale de V renversé déformable angulairement par mise en rotation de ladite palette, la mousse disposée à l'interface 26 entre lesdites parties formant charnière souple, </p><p id="p0032" num="0032"> ledit appui-tête comprenant en outre : </p><p id="p0033" num="0033"> • un dispositif de blocage 27 de la rotation de ladite palette vers l'arrière dans ses différentes positions de réglage, ledit dispositif étant disposé dans ladite coiffe au niveau de ladite interface, de manière à préserver un espace vide entre les branches du V, </p><p id="p0034" num="0034"> • un moyen de désactivation du blocage. </p><p id="p0035" num="0035">Selon la réalisation représentée, l'appui-tête 1 comprend en outre un corps 2 rigide monté - ici en coulissement vertical - sur l'armature 20, la palette 7 étant montée en haut de ladite armature par l'intermédiaire dudit corps. </p><p id="p0036" num="0036">Selon la réalisation représentée, le dispositif de blocage comprend : </p><p id="p0037" num="0037"> • un premier secteur denté 9 prévu sur la palette 7, </p><p id="p0038" num="0038"> • un loquet 10 monté en rotation sur ledit corps selon un deuxième axe 1 1 transversal, ledit loquet étant pourvu d'un deuxième secteur denté 12 engrenant sous l'action d'un ressort, non représenté, avec ledit premier secteur denté pour définir les différentes positions angulaires. 
<!-- EPO <DP n="7"/>-->
 Par secteur denté, on entend un secteur comprenant au moins une dent et pouvant se présenter comme une crémaillère dans le cas où il est pourvu de plusieurs dents. </p><p id="p0039" num="0039">Selon la réalisation représentée, les secteurs dentés 9,12 sont agencés de sorte que la palette 7 puisse être actionnée vers l'avant sans actionnement du moyen de désactivation du blocage. </p><p id="p0040" num="0040">De la sorte, l'utilisateur peut effectuer un rapprochement de la palette 7 de sa tête par simple traction effectuée vers l'avant sur ladite palette. </p><p id="p0041" num="0041">En revanche, le retour de la palette 7 vers l'arrière requiert de la part de l'utilisateur un actionnement du moyen de désactivation du blocage. </p><p id="p0042" num="0042">Selon la réalisation représentée, l'armature 20 comprend deux tiges 3 montées coulissantes sur le corps 2, au moins une desdites tiges étant pourvue d'une pluralité de crans 4 de verrouillage définissant une pluralité de positions de réglage en hauteur dudit corps, l'appui-tête 1 comprenant en outre : </p><p id="p0043" num="0043"> • un moyen de verrouillage 5 du coulissement de ladite tige crantée, ici sous forme de tiroir actionné par un ressort non représenté, ledit moyen étant monté sur ledit corps et étant agencé pour coopérer avec lesdits crans lors des mises en position de réglage, </p><p id="p0044" num="0044"> • un moyen de désactivation du verrouillage. </p><p id="p0045" num="0045">Avec l'agencement proposé, le moyen de désactivation du verrouillage est situé sur l'appui-tête 1 , notamment au niveau de la tête du passager, ce qui procure une grande ergonomie d'actionnement. </p><p id="p0046" num="0046">Selon la réalisation représentée, les deux tiges 3 sont pourvues d'une pluralité de crans 4 de verrouillage, l'appui-tête 1 comprenant deux moyens de verrouillage 5 respectifs du coulissement desdites tiges, lesdits moyens étant tous deux montés sur le corps 2 et étant agencés pour coopérer avec lesdits crans lors des mises en position de réglage. 
<!-- EPO <DP n="8"/>-->
 Selon la réalisation représentée, les moyens de désactivation du blocage et du verrouillage sont intégrés à un dispositif de désactivation commun, ledit dispositif comprenant un moyen d'actionnement 14 unique - ici sous forme de bouton poussoir - permettant de libérer simultanément le coulissement des tiges 3 et la rotation de la palette 7 vers l'arrière. </p><p id="p0047" num="0047">Selon la réalisation représentée, le dispositif de désactivation comprend en outre un barreau 15 actionnable par le moyen d'actionnement 14, ledit barreau étant monté en coulissement transversal sur le corps 2, ledit barreau comprenant des surfaces de came 16a, 16b agencées pour pouvoir coopérer avec des suiveurs de came 17a, 17b prévus sur le/les moyens de verrouillage 5 et sur le loquet 10 de manière à désactiver le verrouillage des tiges 3 et le blocage de la palette 7. </p><p id="p0048" num="0048">De façon non représentée, l'appui-tête 1 peut comprendre en outre un moyen de freinage de la rotation de la palette 7, notamment sous forme d'une lame ressort, de manière à notamment empêcher le déréglage de la position de ladite palette quand on effectue un réglage en hauteur dudit appui-tête. </p><p id="p0049" num="0049">De façon non représentée, il peut être prévu un moyen de dissipation d'énergie, par exemple sous forme d'une pièce dimensionné pour se rompre sous un effort donné, lors d'un choc violent de la tête d'un passager sur l'appui-tête. </p><p id="p0050" num="0050">De façon non représentée, les dispositifs de blocage et/ou de désactivation et les moyens de verrouillage et/ou de désactivation et/ou de freinage sont logés dans un boîtier d'étanchéité à la mousse, ledit boîtier étant surmoulé par le bloc 22 de mousse flexible. </p><p id="p0051" num="0051">De façon non représentée, le corps 2 rigide peut comprendre une partie formant coque arrière, l'appui-tête 1 comprenant en outre une coque avant refermant ladite coque arrière de manière à définir le boîtier étanche logeant les dispositifs de blocage et/ou de désactivation et les moyens de verrouillage et/ou de désactivation et/ou de freinage. 
<!-- EPO <DP n="9"/>-->
 Selon une réalisation, le bloc 22 de mousse flexible surmoule en outre la coiffe 23 et la palette 7. </p><p id="p0052" num="0052">Pour réaliser un tel appui-tête 1 , on injecte un mélange précurseur de mousse dans la coiffe 23 dans laquelle a été disposé au préalable l'ensemble boitier/palette, le tout étant alors disposé dans un moule, la mousse ne pénétrant pas dans ledit boîtier du fait de son étanchéité. </p><p id="p0053" num="0053">On remarquera que le fait que le dispositif de blocage 27 de la rotation de la palette 7 soit disposé au niveau de l'interface 26 permet de réaliser une certaine absorption d'énergie en cas de choc de la tête d'un passager sur le coussin 21 d'appui-tête 1 , ceci du fait du fléchissement de ladite palette observé lors d'un tel choc. </p><p id="p0054" num="0054">On peut cependant prévoir, de façon non représentée, que l'appui-tête 1 comprenne un moyen d'absorption d'énergie agencé pour se rompre sous l'effet d'un couple seuil appliqué à la palette 7 afin de permettre à ladite palette de se déplacer vers sa position de réglage arrière. </p><p id="p0055" num="0055">Le moyen d'absorption d'énergie peut être intégré au dispositif 27, ce dernier étant dimensionné pour se rompre à partir de l'application du couple seuil. </p><p id="p0056" num="0056">En variante, il peut être prévu sur la palette 7 une zone de moindre résistance, notamment par amincissement localisé de matière, disposée à proximité du dispositif 27, ladite zone étant dimensionnée pour se rompre à partir de l'application du couple seuil. 
</p></description><claims mxw-id="PCLM65201577" ref-ucid="WO-2014114898-A1" lang="FR" load-source="patent-office"><claim-statement><!-- EPO <DP n="10"/>--> REVENDICATIONS </claim-statement><claim id="clm-0001" num="1"><claim-text>1 . Appui-tête (1 ) de siège de véhicule automobile, ledit appui-tête comprenant :</claim-text><claim-text>• une armature (20) de montage dudit appui-tête sur un dossier dudit siège,</claim-text><claim-text>• une palette (7) d'appui montée en rotation en haut de ladite armature selon un premier axe (8) transversal, de manière à permettre un réglage de ladite palette selon une pluralité de positions angulaires, </claim-text><claim-text> • un coussin (21 ) comprenant un bloc (22) de mousse flexible de rembourrage revêtu d'une coiffe (23) de revêtement, ledit bloc présentant une partie fixe (24) recouvrant au moins partiellement ladite armature et une partie mobile (25) recouvrant ladite palette, de sorte que ledit coussin présente en vue latérale une forme générale de V renversé déformable angulairement par mise en rotation de ladite palette, la mousse disposée à l'interface (26) entre lesdites parties formant charnière souple, ledit appui-tête étant caractérisé en ce qu'il comprend en outre : </claim-text><claim-text> • un dispositif de blocage (27) de la rotation de ladite palette vers l'arrière dans ses différentes positions de réglage, ledit dispositif étant disposé dans ladite coiffe au niveau de ladite interface, de manière à préserver un espace vide entre les branches du V, </claim-text><claim-text> • un moyen de désactivation du blocage. </claim-text></claim><claim id="clm-0002" num="2"><claim-text>2. Appui-tête selon la revendication 1 , caractérisé en ce qu'il comprend en outre un corps (2) rigide monté sur l'armature (20), la palette (7) étant montée en haut de ladite armature par l'intermédiaire dudit corps. </claim-text></claim><claim id="clm-0003" num="3"><claim-text>3. Appui-tête selon la revendication 2, caractérisé en ce que le dispositif de blocage comprend : </claim-text><claim-text> • un premier secteur denté (9) prévu sur la palette (7), </claim-text><claim-text> • un loquet (10) monté en rotation sur ledit corps selon un deuxième axe (1 1 ) transversal, ledit loquet étant pourvu d'un deuxième secteur denté 
<!-- EPO <DP n="11"/>-->
 (12) engrenant sous l'action d'un ressort avec ledit premier secteur denté pour définir les différentes positions angulaires. </claim-text></claim><claim id="clm-0004" num="4"><claim-text>4. Appui-tête selon la revendication 3, caractérisé en ce que les secteurs dentés (9,12) sont agencés de sorte que la palette (7) puisse être actionnée vers l'avant sans actionnement du moyen de désactivation du blocage. </claim-text></claim><claim id="clm-0005" num="5"><claim-text>5. Appui-tête selon l'une quelconque des revendications 2 à 4, caractérisé en ce que l'armature (20) comprend deux tiges (3) montées coulissantes sur le corps (2), au moins une desdites tiges étant pourvue d'une pluralité de crans (4) de verrouillage définissant une pluralité de positions de réglage en hauteur dudit corps, ledit appui-tête comprenant en outre : </claim-text><claim-text> • un moyen de verrouillage (5) du coulissement de ladite tige crantée, ledit moyen étant monté sur ledit corps et étant agencé pour coopérer avec lesdits crans lors des mises en position de réglage, </claim-text><claim-text> • un moyen de désactivation du verrouillage. </claim-text></claim><claim id="clm-0006" num="6"><claim-text>6. Appui-tête selon la revendication 5, caractérisé en ce que les deux tiges (3) sont pourvues d'une pluralité de crans (4) de verrouillage, ledit appui-tête comprenant deux moyens de verrouillage (5) respectifs du coulissement desdites tiges, lesdits moyens étant tous deux montés sur le corps (2) et étant agencés pour coopérer avec lesdits crans lors des mises en position de réglage. </claim-text></claim><claim id="clm-0007" num="7"><claim-text>7. Appui-tête selon la revendication 5 ou 6, caractérisé en ce que les moyens de désactivation du blocage et du verrouillage sont intégrés à un dispositif de désactivation commun, ledit dispositif comprenant un moyen d'actionnement (14) unique permettant de libérer simultanément le coulissement des tiges (3) et la rotation de la palette (7) vers l'arrière. </claim-text></claim><claim id="clm-0008" num="8"><claim-text>8. Appui-tête selon la revendication 7, caractérisé en ce que le dispositif de désactivation comprend en outre un barreau (15) actionnable par le moyen d'actionnement (14), ledit barreau étant monté en coulissement transversal sur le corps (2), ledit barreau comprenant des surfaces de came (16a, 16b) agencées 
<!-- EPO <DP n="12"/>-->
 pour pouvoir coopérer avec des suiveurs de came (17a, 17b) prévus sur le/les moyens de verrouillage (5) et sur le loquet (10) de manière à désactiver le verrouillage des tiges (3) et le blocage de la palette (7). </claim-text></claim><claim id="clm-0009" num="9"><claim-text>9. Appui-tête selon l'une quelconque des revendications 1 à 8, caractérisé en ce que les dispositifs de blocage et/ou de désactivation et les moyens de verrouillage et/ou de désactivation et/ou de freinage sont logés dans un boîtier d'étanchéité à la mousse, ledit boîtier étant surmoulé par le bloc (22) de mousse flexible. </claim-text></claim><claim id="clm-0010" num="10"><claim-text>10. Appui-tête selon l'une quelconque des revendications 1 à 9, caractérisé en ce qu'il comprend un moyen d'absorption d'énergie agencé pour se rompre sous l'effet d'un couple seuil appliqué à la palette (7) afin de permettre à ladite palette de se déplacer vers sa position de réglage arrière. 
</claim-text></claim></claims><copyright>User acknowledges that Fairview Research LLC and its third party providers retain all right, title and interest in and to this xml under applicable copyright laws.  User acquires no ownership rights to this xml including but not limited to its format.  User hereby accepts the terms and conditions of the Licence Agreement</copyright></patent-document>
