<?xml version="1.0" encoding="UTF-8"?>
<patent-document ucid="EP-2678113-A1" country="EP" doc-number="2678113" kind="A1" date="20140101" family-id="46148936" file-reference-id="318301" date-produced="20180823" status="corrected" lang="EN"><bibliographic-data><publication-reference fvid="146551957" ucid="EP-2678113-A1"><document-id><country>EP</country><doc-number>2678113</doc-number><kind>A1</kind><date>20140101</date><lang>EN</lang></document-id></publication-reference><application-reference ucid="EP-12723271-A" is-representative="NO"><document-id mxw-id="PAPP154825880" load-source="docdb" format="epo"><country>EP</country><doc-number>12723271</doc-number><kind>A</kind><date>20120223</date><lang>NO</lang></document-id><document-id mxw-id="PAPP181745979" load-source="docdb" format="original"><country>EP</country><doc-number>12723271.8</doc-number><date>20120223</date></document-id></application-reference><priority-claims><priority-claim mxw-id="PPC140455132" ucid="NO-20110306-A" load-source="docdb"><document-id format="epo"><country>NO</country><doc-number>20110306</doc-number><kind>A</kind><date>20110224</date></document-id></priority-claim><priority-claim mxw-id="PPC140454850" ucid="NO-2012050028-W" linkage-type="W" load-source="docdb"><document-id format="epo"><country>NO</country><doc-number>2012050028</doc-number><kind>W</kind><date>20120223</date></document-id></priority-claim></priority-claims><technical-data><classifications-ipcr><classification-ipcr mxw-id="PCL2070350519" load-source="docdb">A62C   2/08        20060101AFI20140407BHEP        </classification-ipcr><classification-ipcr mxw-id="PCL2070350520" load-source="docdb">B05B   1/02        20060101ALI20140407BHEP        </classification-ipcr><classification-ipcr mxw-id="PCL2070350521" load-source="docdb">B05B   1/06        20060101ALI20140407BHEP        </classification-ipcr><classification-ipcr mxw-id="PCL2070350522" load-source="docdb">B05B   1/14        20060101ALI20140407BHEP        </classification-ipcr><classification-ipcr mxw-id="PCL2070350523" load-source="docdb">B05B   1/20        20060101ALI20140407BHEP        </classification-ipcr></classifications-ipcr><classifications-cpc><classification-cpc mxw-id="PCL-1991043323" load-source="docdb" scheme="CPC">B05B   1/20        20130101 FI20151212BHEP        </classification-cpc><classification-cpc mxw-id="PCL-2027183888" load-source="docdb" scheme="CPC">B05B   1/06        20130101 LI20150822BHEP        </classification-cpc><classification-cpc mxw-id="PCL-2027184134" load-source="docdb" scheme="CPC">B05B   1/14        20130101 LI20150822BHEP        </classification-cpc><classification-cpc mxw-id="PCL-2027186894" load-source="docdb" scheme="CPC">A62C   2/08        20130101 LA20150822BHEP        </classification-cpc><classification-cpc mxw-id="PCL-2027187230" load-source="docdb" scheme="CPC">B05B   1/02        20130101 LI20150822BHEP        </classification-cpc></classifications-cpc><invention-title mxw-id="PT132188355" lang="DE" load-source="patent-office">DÜSE ZUR ERZEUGUNG EINES WASSERHITZESCHILDES BEIM ABFACKELN VON ABFALLGASEN</invention-title><invention-title mxw-id="PT132188356" lang="EN" load-source="patent-office">NOZZLE FOR CREATING A WATER HEAT SHIELD WHEN FLARING WASTE GASES</invention-title><invention-title mxw-id="PT132188357" lang="FR" load-source="patent-office">BUSE POUR PRODUIRE UN BOUCLIER THERMIQUE D'EAU PENDANT LE TORCHAGE DE GAZ DE COMBUSTION</invention-title><citations><non-patent-citations><nplcit><text>See references of WO 2012115524A1</text><sources><source mxw-id="PNPL67452098" load-source="docdb" name="SEA"/></sources></nplcit></non-patent-citations></citations></technical-data><parties><applicants><applicant mxw-id="PPAR918159347" load-source="docdb" sequence="1" format="epo"><addressbook><last-name>SWT AS</last-name><address><country>NO</country></address></addressbook></applicant><applicant mxw-id="PPAR918158618" load-source="docdb" sequence="1" format="intermediate"><addressbook><last-name>SWT AS</last-name></addressbook></applicant><applicant mxw-id="PPAR918993361" load-source="patent-office" sequence="1" format="original"><addressbook><last-name>SWT AS</last-name><iid>101334091</iid><address><street>Flyplassveien 214</street><city>4050 Sola</city><country>NO</country></address></addressbook></applicant></applicants><inventors><inventor mxw-id="PPAR918146125" load-source="docdb" sequence="1" format="epo"><addressbook><last-name>SOLTVEDT TERJE MORTEN</last-name><address><country>NO</country></address></addressbook></inventor><inventor mxw-id="PPAR918155596" load-source="docdb" sequence="1" format="intermediate"><addressbook><last-name>SOLTVEDT, Terje Morten</last-name></addressbook></inventor><inventor mxw-id="PPAR918993327" load-source="patent-office" sequence="1" format="original"><addressbook><last-name>SOLTVEDT, Terje Morten</last-name><address><street>Veidemannsveien 12 A</street><city>N-4328 Sandnes</city><country>NO</country></address></addressbook></inventor><inventor mxw-id="PPAR918142242" load-source="docdb" sequence="2" format="epo"><addressbook><last-name>SOLTVEDT DANIEL</last-name><address><country>NO</country></address></addressbook></inventor><inventor mxw-id="PPAR918157793" load-source="docdb" sequence="2" format="intermediate"><addressbook><last-name>SOLTVEDT, Daniel</last-name></addressbook></inventor><inventor mxw-id="PPAR918980293" load-source="patent-office" sequence="2" format="original"><addressbook><last-name>SOLTVEDT, Daniel</last-name><address><street>Veidemannsveien 12 A</street><city>N-4328 Sandnes</city><country>NO</country></address></addressbook></inventor><inventor mxw-id="PPAR918152663" load-source="docdb" sequence="3" format="epo"><addressbook><last-name>TJOERHOLM SVEN EGIL</last-name><address><country>NO</country></address></addressbook></inventor><inventor mxw-id="PPAR918165582" load-source="docdb" sequence="3" format="intermediate"><addressbook><last-name>TJOERHOLM, SVEN EGIL</last-name></addressbook></inventor><inventor mxw-id="PPAR918988661" load-source="patent-office" sequence="3" format="original"><addressbook><last-name>TJØRHOLM, Sven Egil</last-name><address><street>Fabrikkveien 13</street><city>N-4323 Sandnes</city><country>NO</country></address></addressbook></inventor></inventors><agents><agent mxw-id="PPAR918994151" load-source="patent-office" sequence="1" format="original"><addressbook><last-name>Selmer, Lorentz</last-name><suffix>et al</suffix><iid>101083982</iid><address><street>Oslo Patentkontor AS Patent Department Postboks 7007M</street><city>0306 Oslo</city><country>NO</country></address></addressbook></agent></agents></parties><international-convention-data><pct-or-regional-filing-data ucid="NO-2012050028-W"><document-id><country>NO</country><doc-number>2012050028</doc-number><kind>W</kind><date>20120223</date><lang>EN</lang></document-id></pct-or-regional-filing-data><pct-or-regional-publishing-data ucid="WO-2012115524-A1"><document-id><country>WO</country><doc-number>2012115524</doc-number><kind>A1</kind><date>20120830</date><lang>EN</lang></document-id></pct-or-regional-publishing-data><designated-states><ep-contracting-states><country mxw-id="DS548941633" load-source="docdb">AL</country><country mxw-id="DS548843457" load-source="docdb">AT</country><country mxw-id="DS548941634" load-source="docdb">BE</country><country mxw-id="DS548929724" load-source="docdb">BG</country><country mxw-id="DS548952647" load-source="docdb">CH</country><country mxw-id="DS548941142" load-source="docdb">CY</country><country mxw-id="DS548843458" load-source="docdb">CZ</country><country mxw-id="DS548820001" load-source="docdb">DE</country><country mxw-id="DS548941635" load-source="docdb">DK</country><country mxw-id="DS548941143" load-source="docdb">EE</country><country mxw-id="DS548871389" load-source="docdb">ES</country><country mxw-id="DS548929725" load-source="docdb">FI</country><country mxw-id="DS548929730" load-source="docdb">FR</country><country mxw-id="DS548941636" load-source="docdb">GB</country><country mxw-id="DS548941637" load-source="docdb">GR</country><country mxw-id="DS548941638" load-source="docdb">HR</country><country mxw-id="DS548941144" load-source="docdb">HU</country><country mxw-id="DS548952648" load-source="docdb">IE</country><country mxw-id="DS548941639" load-source="docdb">IS</country><country mxw-id="DS548929731" load-source="docdb">IT</country><country mxw-id="DS548941145" load-source="docdb">LI</country><country mxw-id="DS548820002" load-source="docdb">LT</country><country mxw-id="DS548843459" load-source="docdb">LU</country><country mxw-id="DS548820003" load-source="docdb">LV</country><country mxw-id="DS548820004" load-source="docdb">MC</country><country mxw-id="DS548945472" load-source="docdb">MK</country><country mxw-id="DS548945473" load-source="docdb">MT</country><country mxw-id="DS548843460" load-source="docdb">NL</country><country mxw-id="DS548871390" load-source="docdb">NO</country><country mxw-id="DS548843461" load-source="docdb">PL</country><country mxw-id="DS548871391" load-source="docdb">PT</country><country mxw-id="DS548843462" load-source="docdb">RO</country><country mxw-id="DS548820005" load-source="docdb">RS</country><country mxw-id="DS548843463" load-source="docdb">SE</country><country mxw-id="DS548820006" load-source="docdb">SI</country><country mxw-id="DS548952649" load-source="docdb">SK</country><country mxw-id="DS548952654" load-source="docdb">SM</country><country mxw-id="DS548945474" load-source="docdb">TR</country></ep-contracting-states></designated-states></international-convention-data><office-specific-data><eptags><ep-no-a-document-published>*</ep-no-a-document-published></eptags></office-specific-data></bibliographic-data><abstract mxw-id="PA99620622" ref-ucid="WO-2012115524-A1" lang="EN" load-source="patent-office"><p num="0000">The present invention provides a nozzle 1 for generating a water shield, the nozzle comprises a nozzle body 2 being hollow and having a substantially circular circumference, said nozzle body comprises a first and second end 3,4 and an inner 7 and an outer 6 surface, the first end 3 is open and has a construction suited for coupling to a source of pressurized water, and the second end 4 is closed, the nozzle body further comprises multiple holes 5extending from the inner to the outer surface, the holes arranged in at least one row extending around at least parts of the substantially circular circumference, the holes having a cross-section at the inner and outer surface of the nozzle body, wherein the cross-section of the holes 5has a larger area at the inner surface 7of the nozzle body than at the outer surface 6.</p></abstract><abstract mxw-id="PA99820264" ref-ucid="WO-2012115524-A1" lang="EN" source="national office" load-source="docdb"><p>The present invention provides a nozzle 1 for generating a water shield, the nozzle comprises a nozzle body 2 being hollow and having a substantially circular circumference, said nozzle body comprises a first and second end 3,4 and an inner 7 and an outer 6 surface, the first end 3 is open and has a construction suited for coupling to a source of pressurized water, and the second end 4 is closed, the nozzle body further comprises multiple holes 5extending from the inner to the outer surface, the holes arranged in at least one row extending around at least parts of the substantially circular circumference, the holes having a cross-section at the inner and outer surface of the nozzle body, wherein the cross-section of the holes 5has a larger area at the inner surface 7of the nozzle body than at the outer surface 6.</p></abstract><abstract mxw-id="PA99620623" ref-ucid="WO-2012115524-A1" lang="FR" load-source="patent-office"><p num="0000">L'invention concerne une buse (1) servant à produire un bouclier d'eau, la buse comprenant un corps de buse (2) creux et qui présente une circonférence sensiblement circulaire, ledit corps de buse comprenant une première et une seconde extrémité (3, 4) ainsi qu'une surface intérieure (7) et une surface extérieure (6), la première extrémité (3) étant ouverte et présentant une structure permettant de la coupler à une source d'eau sous pression, et la seconde extrémité (4) étant fermée. Le corps de buse comprend en outre de multiples orifices (5) se déployant de la surface intérieure vers la surface extérieure, lesdits orifices étant aménagés de manière à former au moins une rangée, qui se déploie autour d'au moins certaines parties de la circonférence sensiblement circulaire; la section des orifices (5), sur les surfaces intérieure et extérieure du corps de buse, présente une superficie, sur la surface intérieure (7) du corps de buse, qui est supérieure à celle de la surface extérieure (6).</p></abstract><abstract mxw-id="PA99820265" ref-ucid="WO-2012115524-A1" lang="FR" source="national office" load-source="docdb"><p>L'invention concerne une buse (1) servant à produire un bouclier d'eau, la buse comprenant un corps de buse (2) creux et qui présente une circonférence sensiblement circulaire, ledit corps de buse comprenant une première et une seconde extrémité (3, 4) ainsi qu'une surface intérieure (7) et une surface extérieure (6), la première extrémité (3) étant ouverte et présentant une structure permettant de la coupler à une source d'eau sous pression, et la seconde extrémité (4) étant fermée. Le corps de buse comprend en outre de multiples orifices (5) se déployant de la surface intérieure vers la surface extérieure, lesdits orifices étant aménagés de manière à former au moins une rangée, qui se déploie autour d'au moins certaines parties de la circonférence sensiblement circulaire; la section des orifices (5), sur les surfaces intérieure et extérieure du corps de buse, présente une superficie, sur la surface intérieure (7) du corps de buse, qui est supérieure à celle de la surface extérieure (6).</p></abstract><description mxw-id="PDES50930694" ref-ucid="WO-2012115524-A1" lang="EN" load-source="patent-office"><!-- EPO <DP n="3"/>--><p id="p0001" num="0001"> NOZZLE FOR CREATING A WATER HEAT SHIELD WHEN FLARING WASTE GASES</p><p id="p0002" num="0002">Technical field of invention </p><p id="p0003" num="0003">The present invention concerns a nozzle. The nozzle is particularly suited for generating a water shield, and consequently for use in protecting against heat generated during the flaring of gas in oil/gas production. </p><p id="p0004" num="0004">Background of the invention </p><p id="p0005" num="0005">In oil/gas production it is necessary to get rid of hydrocarbons during the testing/test- production of wells. Several nozzles of various designs are known for use with the aim of creating a water shield which protects the platform, equipment and people from the intense heat which arises when excess of hydrocarbons, oil or gas, is burnt by using so called flaring, i.e. the burning of said hydrocarbons from a flaring boom. </p><p id="p0006" num="0006">Both patent application GB 2433710 A and GB 2465427 A shows nozzles for the generation of a water shield for heat protection during flaring. The nozzles are closely related and use a deflector plate at the end of the nozzle in order to achieve the desired water shield. </p><p id="p0007" num="0007">The nozzles presently in use consist of a number of moveable parts which requires a high level of maintenance. Further, said nozzles do not have the possibility for an asymmetric design of the water shield or several water shields at the same time, they are not suited for highly pressurized water (only max 20 bar), and may easily be clogged. </p><p id="p0008" num="0008">The aim of the present invention is to provide a nozzle for generating a water shield, while at the same time avoiding or alleviating at least one, preferably several, of the disadvantages of the presently used nozzles. Abstract of the invention </p><p id="p0009" num="0009">The present invention provides a nozzle for generating a water shield. Accordingly, the invention is further defined by: 
<!-- EPO <DP n="4"/>-->
 A nozzle for generating a water shield, comprising a substantially circular and hollow nozzle body with a first and second end and an inner and an outer surface, the first end of the nozzle body is open and has a construction suited for coupling to a source of pressurized water, the second end is closed, the nozzle body comprises multiple holesextending from the innersurface to the outer surface, the holes arranged in at least one row extending around at least parts of the substantially circular circumference of the nozzle body, the holes having across-sectionat theinner and outer surfaceof the nozzle body, saidcross-section having a larger area atthe innersurfacethan at theoutersurface. </p><p id="p0010" num="0010">In one embodiment of the nozzle, the cross-section of the holes, atthe inner and outer surface of the nozzle body, comprisestwo first sides,the first sides being parallel to each other and perpendicular to a centerline of the nozzle body, and two second sides. </p><p id="p0011" num="0011">In one embodiment of the nozzle, the spacing between the first sides is less atthe outer surface of the nozzle body than at the inner surface. </p><p id="p0012" num="0012">In one embodiment of the nozzle, the cross-section of the holes at the outer and inner surface, comprises two first sides, the first sides being parallel to each other and perpendicular to a centerline of the nozzle body, and two second sides, at least some of the holes comprises two planes extending from the outer to the inner surface of the nozzle body, each planelimitedby one of the first sides at the outer and inner surface, and the two planes are inclined with respect to each other at an angle of about 20° to 45°, preferably 25° to 40° . </p><p id="p0013" num="0013">In one embodiment of the nozzle, the spacing between the second sides is the same atthe outer surface and the inner surface. </p><p id="p0014" num="0014">In one embodiment of the nozzle, the spacing between the second sides islarger at the outer surface than at the inner surface. </p><p id="p0015" num="0015">In one embodiment of the nozzle it comprises two rows ofholes around the whole circumference of the nozzle body. The nozzle may further comprise a row of holes along aboutone fourth ofthe circumference of the nozzle body, and a row of holes along aboutone fifth ofthe circumference of the nozzle body. </p><p id="p0016" num="0016">In one embodiment of the nozzle, the circumference of the nozzle body is larger at the first end than at the second. 
<!-- EPO <DP n="5"/>-->
 In one embodiment, the nozzle comprises a flange or another suitable pipe coupling, such as 2" or 3" NPT, at the first end. Any suitable method/design for coupling the first end of the nozzle body to a high pressure water sourcemay be used. </p><p id="p0017" num="0017">In one embodiment of the nozzle, the holes of the same row havean equal spacing to one end of the nozzle body. </p><p id="p0018" num="0018">The invention also comprises the use of a nozzle, as defined over, for the protection ofequipment and personnel from heat sources. </p><p id="p0019" num="0019">The nozzle according to the present invention has a number of advantageous properties, including the fact that no moveable parts are necessary, it can be designed to provide water shields of several different shapes, and/or several layers of water shields at the same time, it can sustain very high water pressure (above 100 bar if desirable), the whole nozzle is preferably manufactured in stainless steel (provides a low weight and reduces the risk of clogging of the nozzle due to salt). </p><p id="p0020" num="0020">By customizing the holes according to the need, the nozzle can be adapted for harder working conditions. Such as for instance a harder and stronger water shield that may be optimal in strong winds, wherein the water shield must keep the height as long as possible before being broken up by the wind. </p><p id="p0021" num="0021">The nozzle provides a water shield having a much larger diameter than the presently used nozzles. This means that the number of nozzles which needs to be installed on the rig is significantly less. </p><p id="p0022" num="0022">The nozzle can use the high pressure system of the rig for the provision of cooling water.This entails a reduced need for equipment which must be adapted for using the nozzle. Presently used nozzles are not suited or designed for use of the rig's own high pressure system, and the need for third party equipment delivery is significantly larger. Short description of the drawings </p><p id="p0023" num="0023">Figure 1 shows a nozzle according to the invention. Figure 2 shows a side view of the nozzle in figure 1. Figure 3 shows a top view of the nozzle in figure 2. Figure 4 shows a cross-section of the nozzle in figure 2. 
<!-- EPO <DP n="6"/>-->
 Figure 5 shows enlarged details J and K fromfigure 4 and 2, respectively. </p><p id="p0024" num="0024">Figure 6 shows a side view of an alternative embodiment of a nozzle according to the invention. </p><p id="p0025" num="0025"> Figure 7 shows a cross-section of the nozzle in figure 6. </p><p id="p0026" num="0026">Figure 8 shows a cross-section of the nozzle in figure 6. </p><p id="p0027" num="0027"> Figure 9 shows details ofnozzle holes for the nozzle in figure 6. </p><p id="p0028" num="0028">Detailed description of the invention </p><p id="p0029" num="0029">An embodiment of the nozzle according to the present invention is shown in the figures 1-5. </p><p id="p0030" num="0030">The nozzle 1, see fig. 1, is mounted via the end 3 to a corresponding couplingon a pipe for the supply of water under high pressure, see fig. 2 and 4. In this embodiment, the end 3 of the nozzle comprises a flange. A gasket is mounted in between the bearing surfaces. Supplied water will enter the nozzle body 2 and pushed out via the holes 5. Due to the design of the holes 5, see figure 5 detail K and J, the water will pass through the holes 5 from the inner surface 7 of the nozzle body to the outer surface 6 and leave the nozzle body 2 having avery high velocity. The water leaves the nozzle body 2 with a direction which makes the water keep together in a straight beambefore it loses its kinetic energy and fallsdown. This effect is achieved by, among other things, inclining two of the opposing planes of the holes (the holes can be either substantially oval or rectangular), the planes that are perpendicular with regards to the direction of the supplied water (or the longitudinal direction of the nozzle body), in towards each other in the direction out of the nozzle. The inclination angle between the planes is preferably about 25-40° . The two other opposing planes of the hole, the planes which are not perpendicular with regards to the direction of the supplied water, are either parallelto each other or inclined away from each other in the direction out of the nozzle. In this specific connection it shall be noted that the holes may have a cross-section which is substantially oval or rectangular, and that the terms perpendicular and parallel is to be broadly interpreted in that they also include the case that the opposing planes of the holes are more or less bow shaped. </p><p id="p0031" num="0031">The water which is pushed through the two rows of holes 5, which are closest to the first end 3, whereinhighly pressurized water is supplied, will leave the nozzle body 2 in a 
<!-- EPO <DP n="7"/>-->
 larger amount, and with correspondingly increased energy, to achieve ahigher vertical beam than what is achieved for the two rowsof holes 5 furthest from said first end . This beam will preferably have its area of effect in a direction between 10: 00 and 14:00 hours. The water which leaves the nozzle body 2 through the row of holes closest to the first end 3, the end comprising a flange, will preventheat radiation towards the rig during an operation performed when wind is non-existent or weak. </p><p id="p0032" num="0032">In other embodiments of the nozzle, the first end 3, which is coupled to the high- pressure water supply, is designed such that it may be coupled by using other coupling meansthan a flange. These techniques include various types of threads, such as 2" and 3" NPT (National Pipe Thread Taper), and other suitable coupling means known to the skilled person. One such alternative embodiment is shown in figures 6-9, wherein the first end which is coupled to the water supply is intended for a coupling according to 2" or "3 NPT. </p><p id="p0033" num="0033">The number, positioning and design of the holes, and the rows formed by these, may be varied according to the desired dimension and direction of the water shield(s) . In this regard, the nozzle shown in the figures 6-9 has only to rows of holes for generating a symmetrical water shield . 
</p></description><claims mxw-id="PCLM44726631" ref-ucid="WO-2012115524-A1" lang="EN" load-source="patent-office"><claim-statement><!-- EPO <DP n="8"/>-->Claims </claim-statement><claim id="clm-0001" num="1"><claim-text>1. A nozzle (1) for generating a water shield, the nozzlecomprises a nozzle body (2) being hollow and having a substantially circular circumference, said nozzle body comprises a first and second end (3,4) and an inner (7) and an outer (6) surface, the first end (3) is open and has a construction suited for coupling to a source of pressurized water, and the second end (4) isclosed, the nozzle body further comprises multiple holes</claim-text><claim-text>(5) extending from the inner to the outer surface, the holes arranged in at least onerow extending around at least parts of the substantially circular circumference, the holes having a cross-section at the inner and outer surface of the nozzle body, </claim-text><claim-text>c h a r a c t e r i z e d i n t h a t the cross-section of the holes (5) has a larger area atthe inner surface (7) of the nozzle body than at the outer surface (6). </claim-text></claim><claim id="clm-0002" num="2"><claim-text>2. A nozzle according to claim 1, wherein the cross-section of the holes (5) at the outer</claim-text><claim-text>(6) and inner (7) surface of the nozzle body, comprises two first sides (8) and two second sides (9), the first sides (8) being parallel to each other and perpendicular to a centerline of the nozzle body. </claim-text></claim><claim id="clm-0003" num="3"><claim-text>3. A nozzle according to claim 1 or 2, wherein the cross-section of the holes (5) at the outer (6) and inner (7) surface of the nozzle body, comprises two first sides (8) and two second sides (9), and the spacing between the two first sides (8) is lessatthe outer surface (6) of the nozzle body than at the inner surface (7). </claim-text></claim><claim id="clm-0004" num="4"><claim-text>4. A nozzle according to any of claims 1-3, wherein the cross-section of the holes (5) at the outer (6) and inner (7) surface, comprises two first sides (8) being parallel to each other and perpendicular to a centerline of the nozzle body,and at least some of the holes comprises two planes extending from the outer to the inner surface of the nozzle body, each planelimitedby the first sides at the outer and inner surface, and the two planes are inclined with respect to each other at an angle of about 20° to 45°, preferably 25° to 40° . </claim-text></claim><claim id="clm-0005" num="5"><claim-text>5. A nozzle according to any of claims 2-4, wherein the spacing between the second sides (9) is the same at the outer surface (6)and inner surface (7) of the nozzle. </claim-text></claim><claim id="clm-0006" num="6"><claim-text>6. A nozzle according to any of claims 2-4, wherein the spacing between the second sides (9) is larger at the outer surface (6)of the nozzle body than at the inner surface (7). <!-- EPO <DP n="9"/>--> </claim-text></claim><claim id="clm-0007" num="7"><claim-text>7. A nozzle according to any of claims 1-6, comprising two rows of holes (5)around the substantially circular circumference of the nozzle body. </claim-text></claim><claim id="clm-0008" num="8"><claim-text>8. A nozzleaccording to claim 7, further comprising a row of holes (5) extending around about one fourth of the circumference of the nozzle body, and a row of holes extending around about one fifth of the circumference of the nozzle body. </claim-text></claim><claim id="clm-0009" num="9"><claim-text>9. A nozzle according to any of claims 1-8, wherein the circular circumference of the nozzle body islarger at the first end (3) than at the second end (4). </claim-text></claim><claim id="clm-0010" num="10"><claim-text>10. A nozzle according to any of claims 1-9, wherein the first end (3) comprises a flange or another suitable pipe coupling, such as 2" or 3" NPT. </claim-text></claim><claim id="clm-0011" num="11"><claim-text>11. Use of a nozzle according to any of claims 1-10, for the protection ofequipment and personnel from heat sources. </claim-text></claim></claims><copyright>User acknowledges that Fairview Research LLC and its third party providers retain all right, title and interest in and to this xml under applicable copyright laws.  User acquires no ownership rights to this xml including but not limited to its format.  User hereby accepts the terms and conditions of the Licence Agreement</copyright></patent-document>
