<?xml version="1.0" encoding="UTF-8"?>
<patent-document ucid="EP-2681098-A1" country="EP" doc-number="2681098" kind="A1" date="20140108" family-id="44625541" file-reference-id="311159" date-produced="20180823" status="corrected" lang="EN"><bibliographic-data><publication-reference fvid="146586670" ucid="EP-2681098-A1"><document-id><country>EP</country><doc-number>2681098</doc-number><kind>A1</kind><date>20140108</date><lang>EN</lang></document-id></publication-reference><application-reference ucid="EP-11710680-A" is-representative="NO"><document-id mxw-id="PAPP154848862" load-source="docdb" format="epo"><country>EP</country><doc-number>11710680</doc-number><kind>A</kind><date>20110304</date><lang>EN</lang></document-id><document-id mxw-id="PAPP176648339" load-source="docdb" format="original"><country>EP</country><doc-number>11710680.7</doc-number><date>20110304</date><lang>EN</lang></document-id></application-reference><priority-claims><priority-claim mxw-id="PPC140548075" ucid="EP-2011001071-W" linkage-type="A" load-source="docdb"><document-id format="epo"><country>EP</country><doc-number>2011001071</doc-number><kind>W</kind><date>20110304</date></document-id></priority-claim></priority-claims><technical-data><classifications-ipcr><classification-ipcr mxw-id="PCL-1873986336" load-source="docdb">B62D   6/06        20060101AFI20161123BHEP        </classification-ipcr><classification-ipcr mxw-id="PCL-1873986337" load-source="docdb">B62D   6/00        20060101ALI20161123BHEP        </classification-ipcr><classification-ipcr mxw-id="PCL-1873986338" load-source="docdb">B62D   5/04        20060101ALI20161123BHEP        </classification-ipcr></classifications-ipcr><classifications-cpc><classification-cpc mxw-id="PCL-2044367458" load-source="docdb" scheme="CPC">B62D   6/06        20130101 LI20150626BHEP        </classification-cpc><classification-cpc mxw-id="PCL1989645833" load-source="docdb" scheme="CPC">B62D   5/0463      20130101 FI20131220BHEP        </classification-cpc></classifications-cpc><invention-title mxw-id="PT132364643" lang="DE" load-source="patent-office">LENKSYSTEM MIT ÜBERLASTSCHUTZ</invention-title><invention-title mxw-id="PT132364644" lang="EN" load-source="patent-office">STEERING SYSTEM WITH OVERLOAD PROTECTION</invention-title><invention-title mxw-id="PT132364645" lang="FR" load-source="patent-office">SYSTÈME DE DIRECTION À PROTECTION CONTRE LES SURCHARGES</invention-title></technical-data><parties><applicants><applicant mxw-id="PPAR919504562" load-source="docdb" sequence="1" format="epo"><addressbook><last-name>THYSSENKRUPP PRESTA AG</last-name><address><country>LI</country></address></addressbook></applicant><applicant mxw-id="PPAR919504193" load-source="docdb" sequence="1" format="intermediate"><addressbook><last-name>THYSSENKRUPP PRESTA AG</last-name></addressbook></applicant><applicant mxw-id="PPAR919016034" load-source="patent-office" sequence="1" format="original"><addressbook><last-name>ThyssenKrupp Presta AG</last-name><iid>101260217</iid><address><street>Essanestrasse 10</street><city>9492 Eschen</city><country>LI</country></address></addressbook></applicant></applicants><inventors><inventor mxw-id="PPAR919520917" load-source="docdb" sequence="1" format="epo"><addressbook><last-name>SZABOLCS DORA</last-name><address><country>HU</country></address></addressbook></inventor><inventor mxw-id="PPAR919528806" load-source="docdb" sequence="1" format="intermediate"><addressbook><last-name>SZABOLCS, DORA</last-name></addressbook></inventor><inventor mxw-id="PPAR919013476" load-source="patent-office" sequence="1" format="original"><addressbook><last-name>SZABOLCS, DORA</last-name><address><street>Aknasz u. 12</street><city>H-3200 Gyongyos</city><country>HU</country></address></addressbook></inventor><inventor mxw-id="PPAR919539385" load-source="docdb" sequence="2" format="epo"><addressbook><last-name>BENYO IMRE</last-name><address><country>HU</country></address></addressbook></inventor><inventor mxw-id="PPAR919527073" load-source="docdb" sequence="2" format="intermediate"><addressbook><last-name>BENYO, IMRE</last-name></addressbook></inventor><inventor mxw-id="PPAR919016236" load-source="patent-office" sequence="2" format="original"><addressbook><last-name>BENYO, IMRE</last-name><address><street>Sasadi u. 86</street><city>H-1118 Budapest</city><country>HU</country></address></addressbook></inventor><inventor mxw-id="PPAR919530593" load-source="docdb" sequence="3" format="epo"><addressbook><last-name>KUSLITS MARTON</last-name><address><country>HU</country></address></addressbook></inventor><inventor mxw-id="PPAR919516630" load-source="docdb" sequence="3" format="intermediate"><addressbook><last-name>KUSLITS, MARTON</last-name></addressbook></inventor><inventor mxw-id="PPAR919007260" load-source="patent-office" sequence="3" format="original"><addressbook><last-name>KUSLITS, MARTON</last-name><address><street>Dr. Szilvassy Gyula u. 8</street><city>H-9400 Sopron</city><country>HU</country></address></addressbook></inventor><inventor mxw-id="PPAR919520099" load-source="docdb" sequence="4" format="epo"><addressbook><last-name>SZUCS SANDOR</last-name><address><country>HU</country></address></addressbook></inventor><inventor mxw-id="PPAR919532294" load-source="docdb" sequence="4" format="intermediate"><addressbook><last-name>SZUCS, SANDOR</last-name></addressbook></inventor><inventor mxw-id="PPAR919011385" load-source="patent-office" sequence="4" format="original"><addressbook><last-name>SZUCS, SANDOR</last-name><address><street>Rozsa Ferenc u. 38</street><city>H-3777 Parasznya</city><country>HU</country></address></addressbook></inventor></inventors><agents><agent mxw-id="PPAR919007931" load-source="patent-office" sequence="1" format="original"><addressbook><last-name>Lenzing Gerber Stute</last-name><iid>101158387</iid><address><street>Partnerschaft von Patentanwälten Bahnstraße 9</street><city>40212 Düsseldorf</city><country>DE</country></address></addressbook></agent></agents></parties><international-convention-data><pct-or-regional-filing-data ucid="EP-2011001071-W"><document-id><country>EP</country><doc-number>2011001071</doc-number><kind>W</kind><date>20110304</date><lang>EN</lang></document-id></pct-or-regional-filing-data><pct-or-regional-publishing-data ucid="WO-2012119606-A1"><document-id><country>WO</country><doc-number>2012119606</doc-number><kind>A1</kind><date>20120913</date><lang>EN</lang></document-id></pct-or-regional-publishing-data><designated-states><ep-contracting-states><country mxw-id="DS549763401" load-source="docdb">AL</country><country mxw-id="DS549915992" load-source="docdb">AT</country><country mxw-id="DS549763726" load-source="docdb">BE</country><country mxw-id="DS549842900" load-source="docdb">BG</country><country mxw-id="DS549843067" load-source="docdb">CH</country><country mxw-id="DS549763727" load-source="docdb">CY</country><country mxw-id="DS549774555" load-source="docdb">CZ</country><country mxw-id="DS549763402" load-source="docdb">DE</country><country mxw-id="DS549763728" load-source="docdb">DK</country><country mxw-id="DS549763741" load-source="docdb">EE</country><country mxw-id="DS549857091" load-source="docdb">ES</country><country mxw-id="DS549842901" load-source="docdb">FI</country><country mxw-id="DS549842906" load-source="docdb">FR</country><country mxw-id="DS549763403" load-source="docdb">GB</country><country mxw-id="DS549763742" load-source="docdb">GR</country><country mxw-id="DS549763404" load-source="docdb">HR</country><country mxw-id="DS549774556" load-source="docdb">HU</country><country mxw-id="DS549843068" load-source="docdb">IE</country><country mxw-id="DS549763743" load-source="docdb">IS</country><country mxw-id="DS549842907" load-source="docdb">IT</country><country mxw-id="DS549763744" load-source="docdb">LI</country><country mxw-id="DS549842908" load-source="docdb">LT</country><country mxw-id="DS549915993" load-source="docdb">LU</country><country mxw-id="DS549842909" load-source="docdb">LV</country><country mxw-id="DS549842914" load-source="docdb">MC</country><country mxw-id="DS549915994" load-source="docdb">MK</country><country mxw-id="DS549915995" load-source="docdb">MT</country><country mxw-id="DS549915996" load-source="docdb">NL</country><country mxw-id="DS549774561" load-source="docdb">NO</country><country mxw-id="DS549915997" load-source="docdb">PL</country><country mxw-id="DS549763757" load-source="docdb">PT</country><country mxw-id="DS549843445" load-source="docdb">RO</country><country mxw-id="DS549763758" load-source="docdb">RS</country><country mxw-id="DS549915998" load-source="docdb">SE</country><country mxw-id="DS549763409" load-source="docdb">SI</country><country mxw-id="DS549774562" load-source="docdb">SK</country><country mxw-id="DS549774563" load-source="docdb">SM</country><country mxw-id="DS549857092" load-source="docdb">TR</country></ep-contracting-states></designated-states></international-convention-data><office-specific-data><eptags><ep-no-a-document-published>*</ep-no-a-document-published></eptags></office-specific-data></bibliographic-data><abstract mxw-id="PA100073200" ref-ucid="WO-2012119606-A1" lang="EN" load-source="patent-office"><p num="0000">A method for operating an electromechanical steering system for a motor vehicle with variable chassis height, - with a steering rack (4), which is driven by a servo motor (18) through a recirculating ball screw drive, - with a control unit (10), which receives input signals and generates output signals for driving the servo motor (18), the output signals being representative of an assist torque (T) to be provided by the steering system, is characterised in that - in operation the control unit (10) is, receiving or generating a chassis height signal (X) indicative of the current chassis height of the vehicle, and - limiting the assist torque (T) on the basis of the chassis height signal (X) to an upper limit, wherein the upper limit is decreased with an increase of the difference between the current chassis height and a mean chassis height.</p></abstract><abstract mxw-id="PA100341240" ref-ucid="WO-2012119606-A1" lang="EN" source="national office" load-source="docdb"><p>A method for operating an electromechanical steering system for a motor vehicle with variable chassis height, - with a steering rack (4), which is driven by a servo motor (18) through a recirculating ball screw drive, - with a control unit (10), which receives input signals and generates output signals for driving the servo motor (18), the output signals being representative of an assist torque (T) to be provided by the steering system, is characterised in that - in operation the control unit (10) is, receiving or generating a chassis height signal (X) indicative of the current chassis height of the vehicle, and - limiting the assist torque (T) on the basis of the chassis height signal (X) to an upper limit, wherein the upper limit is decreased with an increase of the difference between the current chassis height and a mean chassis height.</p></abstract><abstract mxw-id="PA100073201" ref-ucid="WO-2012119606-A1" lang="FR" load-source="patent-office"><p num="0000">Un procédé destiné à faire fonctionner un système de direction électromécanique pour véhicule à moteur ayant une hauteur de châssis variable, - ayant une crémaillère de direction (4), qui est entraînée par un servomoteur (18) par le biais d'un entraînement à vis à recirculation de billes, - ayant une unité de commande (10), qui reçoit des signaux d'entrée et produit des signaux de sortie pour entraîner le servomoteur (18), les signaux de sortie étant représentatifs d'un couple d'assistance (T) à fournir par le système de direction, est caractérisé en ce que - en fonctionnement, l'unité de commande (10) reçoit ou produit un signal de hauteur de châssis (X) indiquant la hauteur de châssis actuelle du véhicule, et - limite le couple d'assistance (T) sur la base du signal de hauteur de châssis (X) à une limite supérieure, la limite supérieure diminuant quand augmente la différence entre la hauteur de châssis actuelle et une hauteur de châssis moyenne.</p></abstract><abstract mxw-id="PA100341241" ref-ucid="WO-2012119606-A1" lang="FR" source="national office" load-source="docdb"><p>Un procédé destiné à faire fonctionner un système de direction électromécanique pour véhicule à moteur ayant une hauteur de châssis variable, - ayant une crémaillère de direction (4), qui est entraînée par un servomoteur (18) par le biais d'un entraînement à vis à recirculation de billes, - ayant une unité de commande (10), qui reçoit des signaux d'entrée et produit des signaux de sortie pour entraîner le servomoteur (18), les signaux de sortie étant représentatifs d'un couple d'assistance (T) à fournir par le système de direction, est caractérisé en ce que - en fonctionnement, l'unité de commande (10) reçoit ou produit un signal de hauteur de châssis (X) indiquant la hauteur de châssis actuelle du véhicule, et - limite le couple d'assistance (T) sur la base du signal de hauteur de châssis (X) à une limite supérieure, la limite supérieure diminuant quand augmente la différence entre la hauteur de châssis actuelle et une hauteur de châssis moyenne.</p></abstract><description mxw-id="PDES51374126" ref-ucid="WO-2012119606-A1" lang="EN" load-source="patent-office"><!-- EPO <DP n="2"/>--><p id="p0001" num="0001"> Steering system with overload protection </p><p id="p0002" num="0002">The present invention relates to a method for operating an electromechanical steering system for a motor vehicle with the features of the preamble to Claim 1 steering system for a motor vehicle with the features of the preamble to Claim 9. Electrically-assisted power steering systems are known in a design form, in which the steering assistance power is applied directly by means of a re-circulating ball screw drive onto the toothed rack, wherein the toothed rack is provided with a corresponding ball screw. With toothed rack steering systems, the principle is generally known that the connection between the toothed rack and the steered wheels is provided by means of track rods, which are attached at the free ends of the toothed rack. Track roads are sometime called as to tie rods. The track rods are not aligned coaxially to the toothed rack, but occupy an angle to the axis of the toothed rack. Forces which act on the toothed rack from the steered wheels via the track rods thus have an axial component and a radial component in relation to the axis of the toothed rack. The ratio between the radial component and the axial component becomes greater the greater the angle is between the track rod and the longitudinal axis of the toothed rack. </p><p id="p0003" num="0003">The re-circulating ball screw drive of an electromechanical power steering system is designed in such a way that the torque applied by the electric motor is not able to damage the re-circulating ball screw drive. There are circumstances, however, in which the re-circulating ball screw drive is subjected to a combination of the 
<!-- EPO <DP n="3"/>-->
 motor torque and the externally acting forces which in some operating conditions can be so high that damage to the re-circulating ball screw drive cannot be ruled out. Such damage then occurs due to high surface pressure in the area of the recirculating ball screw surfaces and leads to noise development and a reduced service life. </p><p id="p0004" num="0004"> From the prior art, the principle is known of limiting the assistance capacity of the power drive, in order to rule out damage to the re-circulating ball screw drive. For example, steering systems are known from the German published applications DE 3821789 A1 and DE 102005 047 935 A1 , in which the steering assistance is reduced by the electric motor when the steering power generated in the steering system as a whole or the torque applied by the driver on the steering wheel exceed a specified limit value. Such exceeding of the limit value can occur, for example, if one of the steered wheels strikes a fixed obstacle. These steering systems only reduce the assistance power after a specified limit value has been exceeded. If exceeding of the limit value occurs rapidly damage to the drive components of the servo drive can nevertheless arise. In particular, these systems do not take account of the geometry of the steering system, in particular the influence of the track rods located at an angle to the toothed rack. In the real driving situation this angle is also significantly influenced by the height of the chassis as result of the spring deflection of road wheels ore steered wheels. This variable chassis height could be named as biasing chassis height. Another form of variable chassis height could be an adjustable chassis height, as example for more sporting drive on high way or better outdoor drive on cart-road. For vehicles with adjustable chassis heights, this angle is also significantly influenced by the height setting selected. This influence is not taken into account in the steering systems referred to. </p><p id="p0005" num="0005">There are steering systems in which the springing or suspension of the vehicle is influenced by the steering. Such systems are known from the patents US </p><p id="p0006" num="0006">4,865,148 and US 5,530,648. No overload protection for the steering systems is known from these publications. 
<!-- EPO <DP n="4"/>-->
 The patent US 4,762,194 describes a vehicle with height sensors for the chassis, wherein conclusions are made on the driving condition of the vehicle from the signals from the height sensors. From high signal dynamics from the height sensors, it is concluded that the vehicle is moving over uneven terrain. Under these conditions, the steering assistance is reduced, in order to avoid unwanted movements. Precautionary measures for avoiding damage to the steering system are not provided. </p><p id="p0007" num="0007">The object of the present invention is, therefore, to provide a steering system for a vehicle with variable chassis height, in which damage to the transmission components, and in particular to the re-circulating ball screw drive, can be avoided with greater reliability. </p><p id="p0008" num="0008">This object is achieved by a method with the features of Claim 1 and a steering system with the features of Claim 9. </p><p id="p0009" num="0009">Because in a method for operating an electromechanical steering system for a motor vehicle with variable chassis height, with a steering rack, which is driven by a servo motor through a re-circulating ball screw drive, with a control unit, which receives input signals and generates output signals for driving the servo motor, the output signals being representative of an assist torque to be provided by the steering system, the steering assistance power is limited as a function of the chassis height, it is possible for operational conditions to be identified and taken into account, in which potentially high radial forces act on the re-circulating ball screw drive, and to limit the steering assistance power before an overload state occurs. Exceeding the limit value, as is required in the prior art to limit the motor current of the servomotor, does not then as a rule occur at all. </p><p id="p0010" num="0010">The invention is applicable for an adjustable chassis height and/or for a biasing chassis height. 
<!-- EPO <DP n="5"/>-->
 Preferably, the steering system is also controlled as a function of the speed of the vehicle, wherein provision can be made for a reduction of the support torque at low speeds, since at these speeds high radial forces can occur. Provision can also be made for maximum motor torque values to be calculated, as a function of the toothed rack in the direction of their longitudinal axis, since in this way particularly unfavourable angles between the toothed rack and the track rods in the area of the end contact points of the steering system can be taken into account. In a preferred embodiment, the electric motor is subjected to a motor current, the value of which lies between the maximum current value, calculated on the basis of the steering torque at the steering wheel, and the current value limited on the basis of the chassis height, the position of the toothed rack and/or the vehicle speed. </p><p id="p0011" num="0011">This mean value is preferably a weighted mean value, wherein the weighting is applied on the basis of the vehicle speed. </p><p id="p0012" num="0012">Provision can further be made for the position of the toothed rack to be measured or calculated during limitation of the steering assistance and for a case to be recognised, in which the toothed rack is displaced against the control due to external forces. In this case, preferably after termination of the overload state, the toothed rack is automatically moved into the position which existed at the beginning of the overload state. </p><p id="p0013" num="0013">Furthermore, the object is achieved by an electromechanical steering system for a motor vehicle with variable chassis height, with a steering rack, which is driven by a servo motor through a re-circulating ball screw drive, with a control unit, which receives input signals and generates output signals for driving the servo motor, the output signals being representative of an assist torque to be provided by the steering system. Because the control unit comprises means to receive or generate a chassis height signal indicative of the chassis height of the vehicle, 
<!-- EPO <DP n="6"/>-->
 and means to adjust the assist torque as a function of the chassis height signal, the assist torque provided by the servo motor can effectively be limited to prevent damage of the gearing, namely of the ball screw drive, by high radial forces. The steering system preferably comprises means to limit the the assist torque on the basis of the vehicle speed and/or of the rack position, as described above. </p><p id="p0014" num="0014">Exemplary embodiments of the present invention are described in greater detail below on the basis of the drawing, in which: </p><p id="p0015" num="0015">Figure 1 : shows a steering system for a motor vehicle in a diagrammatic representation; </p><p id="p0016" num="0016">Figure 2: shows the control arrangement for the steering system from Figure </p><p id="p0017" num="0017"> 1 in a block diagram; </p><p id="p0018" num="0018">Figure 3: shows a set of regulating curves for the maximum motor torque as a function of the deflection of the toothed rack and for different chassis heights and </p><p id="p0019" num="0019">Figure 4: shows an example for the calculation of the actual limit value for the motor torque as a mean value between a fixed upper limit and a lower limit value calculated on the basis of the chassis height. Figure 1 shows in diagrammatic form a steering system for a motor vehicle with a steering shaft 1 , which at its upper end holds a steering wheel 2 and at its lower end a steering pinion 3. The steering pinion 3 meshes with the teeth of a toothed rack 4, so that, when the steering wheel 2 is turned, the toothed rack 4 is displaced in its axial direction. The rack is guided in a rack housing 9 which is fixed to the vehicle structure 25 respective the vehicle chassis. Track rods 5 are attached to both ends of the toothed rack 4 and are connected to steering knuckles 7, which in turn carry steered wheels 6. A rotation of the steering wheel 
<!-- EPO <DP n="7"/>-->
 2 thus leads, in a known manner, to pivoting of the steered wheels 6. The steered wheels 6 contact the road surface 19. A MacPherson strut unit 8 or a similar biasing and damping unit, fixed to the vehicle structure 25 respective the vehicle chassis, allows a linear movement of steered wheels 6 to improve the comfort of driver, damping the road surface reliefs. By this linear movement the distance between the road surface 19 and the rack 3 and between the road surface 19 and the rack housing is changing. In other words the chassis height X is changing and this is meaning the chassis height X is variable. Additional it is also possible to adjust the distance between the rack 3 and the road surface 19 with adjusting means 26, what is also covered by the meaning the chassis height X is variable. This would one of the important objects to provide for such adjustable chassis an adopted overload damping method and an adequate device. Because the steered wheels could bias different the local chassis height at any steered wheel could be also different. The chassis height could be determined as an average value of such different local chassis height. In the preferred solution the chassis height is determined as to the minimal value of all local chassis height values at any steered wheel. This minimal local chassis height determines the most critical angle situation in the driving device and following the forces introduced into the steering device. In some steering devices could a large chassis height and a low chassis height the critical height in view of steering forces. In such steering devices the biggest absolute value of the difference between any local chassis height and the during the vehicle design designed standard chassis height is determined as to the chassis height in the meaning of this invention. </p><p id="p0020" num="0020">A control unit 10 receives signals from a torque sensor 11 via a signal line 12, wherein the torque sensor 11 is arranged between the steering wheel 2 and the steering pinion 3 and measures the torque acting on the steering wheel 2. The control unit 10 further receives different signals from sensors of the vehicle, such 
<!-- EPO <DP n="8"/>-->
 as a speed signal V and a signal which reproduces the height X of the vehicle chassis. Via a signal line 13, the control unit 10 actuates a servomotor 18 which is actuated with the corresponding control signal. The servomotor 18 acts via a recirculating ball screw drive on the toothed rack 4 and causes a displacement in the axial direction. The position of the toothed rack in the axial direction is identified by R. The manual torque initiated by the driver via the steering wheel 2 and the assistance torque produced by the electric motor 18 cause the steered wheels 6 to pivot against the frictional and restoring forces which are caused by the road surface 19. </p><p id="p0021" num="0021">Figure 2 represents a block diagram of a steering system according to the invention, in a particularly preferred exemplary embodiment. The same </p><p id="p0022" num="0022">components as in Figure 1 have the same reference figures. The control unit 10 from Figure 1 comprises several components which are represented separately in Figure 2. The components here are a status observer 15, a regulator 16 and a motor control unit 17 for direct actuation of the </p><p id="p0023" num="0023">servomotor 18. The status observer 15 receives input signals, such as the manual torque T<sub>T</sub>s, from the torque sensor 11 via the input line 12, a speed signal V, and possibly other signals via the signal line 14, which may derive from other sensors. Such signals can derive, for example, from acceleration sensors, assistance systems or the like. </p><p id="p0024" num="0024">The status observer 15 passes on a number of signals to the regulator 16. The signals which are passed on can be unchanged, such as, for example, the speed signal V. They can, however, also have been changed during processing in the status observer 15, so that an output signal 14a is obtained from an input signal 14. The status observer 15 can also generate signals itself which can be obtained from a vehicle model, which is stored in the status observer 15, with the incoming measured values. Thus, for example, a signal R can be obtained for the position 
<!-- EPO <DP n="9"/>-->
 of the toothed rack, even if no particular dedicated sensor detects the current position of the toothed rack. The current height X of the vehicle chassis can accordingly be calculated in the observer 15 from other measured values. The signals obtained in this way are forwarded to the regulator 16. The regulator 16 then calculates a preset value 12b which is output to the motor control unit 17. The motor control unit 17 then actuates the servomotor 18 on the basis of the preset value 12b in such a way that the servomotor 18 produces precisely the desired torque value. Embodiments are also provided, in which the observer 15 can be dispensed with. In these cases, the regulator 16 receives the required sensor signals directly, in particular as is illustrated in Figure 2 with continuous lines, the sensor signals R for the current position of the toothed rack and X for the current height of the vehicle chassis. </p><p id="p0025" num="0025">The regulator 16 takes account of the values R and X, measured directly or provided by the status observer 15, in order to calculate, depending on these values, the maximum permissible torque of the electric motor 18 and limit it. The result of this calculation is a group of characteristic values which is represented in Figure 3, by way of example, by means of a set of curves. Figure 3 thus shows, in a diagram, different curves for reference torque values which can be delivered as the control signal 12b by the regulator 16 to the motor control unit 17. The abscissa ( x-axis) reproduces the value R, i.e. the </p><p id="p0026" num="0026">displacement of the toothed rack out of the middle position. The value R = 0 corresponds to the middle position and hence designed to motor vehicle travelling straight ahead. The maximum value Rmax corresponds to the steering stop of the motor vehicle steering system on chassis which are usually designed to be geometrically symmetrical in both directions, and the same curve can be used for the steering deflection to the right and to the left. </p><p id="p0027" num="0027">Entered on the ordinate (y-axis) is the reference torque value, i.e. the value 12b. Five different curves are illustrated in total, which represent 5 different chassis 
<!-- EPO <DP n="10"/>-->
 heights X of the motor vehicle. These curves are explained in greater detail below. </p><p id="p0028" num="0028">The aim of the regulation is to reduce or limit the motor torque in steering geometries which give reason to expect high radial loading of the re-circulating ball screw drive. These loadings are correlated with a large angle between the direction of the track rod 5 and the longitudinal axis of the toothed rack 4. On vehicles with height-adjustable chassis, the steering arrangement is usually implemented so that the angle between the toothed rack 4 and the track rod 5, with a middle height setting and travel straight ahead, as R = 0, is relatively small. This position is particularly favourable for the transmission of the steering forces. If the height of the chassis is reduced or increased, then the angle between the track rod 5 and the toothed rack 4 also changes, so that the radial component of the steering forces acting upon the steering rack and the ball screw drive increases. The radial component also increases if the toothed rack 4 is displaced out of its mid- position R = 0. The more unfavourable, i.e. the greater, the angle is between the toothed rack 4 and the track rod 5, the greater the limitation of the motor torque of the servomotor 18 should be. This is reflected by the curves 20 to 24 in Figure 3. </p><p id="p0029" num="0029">The upper curve 20 is provided for the kinematically most favourable height setting of the chassis height X. At this height setting, in the mid-position R = 0 of the toothed rack 4, a high control value 12b is output. When the toothed rack begins to deflect, i.e. with small steering angles, this value initially rises. From the maximum value, which is attained approximately at a toothed rack deflection R = 20 mm, the control value 12b falls again, and specifically up to a deflection of about R = 60 mm. From this value, the control value 12b remains constant until the end stop is reached, which is designated as Rmax. The rise on the first 20 mm of the movement path is intended to make steering in the straight-ahead position a little heavier, which many drivers prefer. 
<!-- EPO <DP n="11"/>-->
 A second curve 21 is identical to the curve 20 in its course. It is, however, about 20 % lower than the curve 20. The curve 21 can correspond, for example, to a reduction in the chassis height X by 20 mm in relation to the normal position. The geometry of the steering arrangement, i.e. the angle between the track rod 5 and the toothed rack 4, in this chassis setting is a little more disadvantageous than in the normal position, to which the curve 20 applies. The control signal 12b of the curve 21 is therefore a little below the curve 20. </p><p id="p0030" num="0030">The curve 22 can be provided for a chassis position in which the chassis is raised in relation to the normal position by, for example, 50 mm. The torque values, which are represented by the control signal 12b, have a similar course but are again reduced in relation to the curve 21. The curve 23 can correspond to a lowering of the chassis of 80 mm. The geometry of the track rods is in this case very unfavourable and produces high radial forces, so that there is an increased reduction in the control signal 12b again. The curve 24 can, finally, for example in off-road vehicles, correspond to a raising of the chassis by 150 mm. With this increase in the value X, the track rods have a large angle in relation to the toothed rack 4, which can bring about particularly high radial forces. The control value 12b is therefore substantially lowered, in particular with large steering deflections, so that no excessive radial forces can act on the re-circulating ball screw drive. </p><p id="p0031" num="0031">The control signals from Figure 3 can be calculated as factors directly with the torque requirement signal from the torque sensor 11 , for example as a factor in a multiplication. </p><p id="p0032" num="0032">Another type of calculation is illustrated in Figure 4. Figure 4 shows, in the same illustration as Figure 3, a characteristic line, in this case the characteristic line 24 for a particularly high raised chassis position, and a nominal value which corresponds to the assistance torque, which calculates at the torque sensor 11 the assistance provided based on the manual torque. The regulating value 12b actually output is an intermediate value, which is calculated as a weighted mean value between the nominal value and the curve 24. The weighting in the 
<!-- EPO <DP n="12"/>-->
 calculation is, preferably, speed-dependent, so that, for example, at high speeds the mean value rather corresponds to the nominal value, since at high speeds only low toothed rack forces are to be expected. At low speeds, the weighting is rather displaced in the direction of the curve 24, since at low speeds with elevated chassis heights it can be assumed that off-road driving is carried out with a raised chassis, and therefore high radial forces on the toothed rack are to be expected. In the embodiment described, this weighting effectively means that a speed- dependent component is incorporated into the calculation of the signal 12b which is actually delivered to the motor control unit. 
<!-- EPO <DP n="13"/>-->
</p><p id="p0033" num="0033">Reference number list </p><p id="p0034" num="0034">1. Steering shaft </p><p id="p0035" num="0035"> 2. Steering wheel</p><p id="p0036" num="0036">3. Steering pinion</p><p id="p0037" num="0037">4. Toothed rack </p><p id="p0038" num="0038"> 5. Track rod </p><p id="p0039" num="0039"> 6. Wheels </p><p id="p0040" num="0040"> 7. Knuckles </p><p id="p0041" num="0041"> 8. MacPherson strut unit</p><p id="p0042" num="0042">9. Rack housing </p><p id="p0043" num="0043"> 10. Control unit </p><p id="p0044" num="0044"> 11. Torque sensor</p><p id="p0045" num="0045">12. Signal line </p><p id="p0046" num="0046"> 12b. Signal line </p><p id="p0047" num="0047"> 14. Signal line </p><p id="p0048" num="0048"> 15. Status observer</p><p id="p0049" num="0049">16. Regulator </p><p id="p0050" num="0050"> 17. Motor control unit</p><p id="p0051" num="0051">18. Servomotor </p><p id="p0052" num="0052"> 19. Road surface </p><p id="p0053" num="0053"> 20. Curve </p><p id="p0054" num="0054"> 21. Curve </p><p id="p0055" num="0055"> 22. Curve </p><p id="p0056" num="0056"> 24. Characteristic line</p><p id="p0057" num="0057">25. Vehicle structure</p><p id="p0058" num="0058">26. adjusting means 
</p></description><claims mxw-id="PCLM44998740" ref-ucid="WO-2012119606-A1" lang="EN" load-source="patent-office"><claim-statement><!-- EPO <DP n="14"/>--> Claims </claim-statement><claim id="clm-0001" num="1"><claim-text>1. Method for operating an electromechanical steering system for a motor vehicle with variable chassis height, </claim-text><claim-text> - with a steering rack (4), which is driven by a servo motor (18) through a re-circulating ball screw drive, </claim-text><claim-text> - with a control unit (10), which receives input signals and generates output signals for driving the servo motor (18), the output signals being </claim-text><claim-text> representative of an assist torque (T) to be provided by the steering system, </claim-text><claim-text> characterised in that </claim-text><claim-text> - in operation the control unit (10) is, receiving or generating a chassis height signal (X) indicative of the current chassis height of the vehicle, and</claim-text><claim-text>- limiting the assist torque (T) on the basis of the chassis height signal (X) to an upper limit, wherein the upper limit is decreased with an increase of the difference between the current chassis height and a mean chassis height. </claim-text></claim><claim id="clm-0002" num="2"><claim-text>2. The method of claim 1 , wherein limiting the assist torque (T) is additionally effected as a function of the speed (V) of the vehicle. </claim-text></claim><claim id="clm-0003" num="3"><claim-text>3. The method of claim 1 or claim 2, wherein provision is made for a </claim-text><claim-text> reduction of the support torque at low speeds. </claim-text></claim><claim id="clm-0004" num="4"><claim-text>4. The method of one of the preceding claims, wherein limiting the assist torque (T) is additionally effected as a function of a displacement (R) of steering rack (4) from a centre position (R0). </claim-text></claim><claim id="clm-0005" num="5"><claim-text>5. The method of one of the preceding claims, wherein the electric servo motor is subjected to a motor current, the value is a mean value, which lies between a maximum current value, calculated only on the basis of the steering torque at a steering wheel (2), and a current value limited on the basis of the chassis height signal (X), the position of the toothed rack (R) and/or the vehicle speed (V). <!-- EPO <DP n="15"/>--> </claim-text></claim><claim id="clm-0006" num="6"><claim-text>6. The method of one of the preceding claims, wherein the mean value is preferably a weighted mean value, wherein the weighting is applied on the basis of the vehicle speed (V). </claim-text></claim><claim id="clm-0007" num="7"><claim-text>7. The method of one of the preceding claims, wherein the position (R) of the toothed rack is measured or calculated during limitation of the steering assistance and wherein an overload case can be recognised, in which the toothed rack (4) is displaced against the control due to external forces. </claim-text></claim><claim id="clm-0008" num="8"><claim-text>8. The method of claim 7, wherein after termination of the overload state, the toothed rack is automatically moved into the position (R) which existed at the beginning of the overload state. </claim-text></claim><claim id="clm-0009" num="9"><claim-text>9. Electromechanical steering system for a motor vehicle with variable </claim-text><claim-text> chassis height, </claim-text><claim-text> - with a steering rack (4), which is driven by a servo motor (18) through a re-circulating ball screw drive, </claim-text><claim-text> - with a control unit (10), which receives input signals and generates output signals for driving the servo motor (18), the output signals being </claim-text><claim-text> representative of an assist torque (T) to b<sup>'</sup>e provided by the steering<sup>"</sup> system, </claim-text><claim-text> characterised in that </claim-text><claim-text> - the control unit (10) comprises </claim-text><claim-text> - means to receive or generate a chassis height signal (X) indicative of the chassis height of the vehicle, and </claim-text><claim-text> - means to adjust the assist torque (T) as a function of the chassis height signal (X). </claim-text></claim></claims><copyright>User acknowledges that Fairview Research LLC and its third party providers retain all right, title and interest in and to this xml under applicable copyright laws.  User acquires no ownership rights to this xml including but not limited to its format.  User hereby accepts the terms and conditions of the Licence Agreement</copyright></patent-document>
