<?xml version="1.0" encoding="UTF-8"?>
<patent-document ucid="EP-2958718-A1" country="EP" doc-number="2958718" kind="A1" date="20151230" family-id="50240010" file-reference-id="252649" date-produced="20180825" status="corrected" lang="EN"><bibliographic-data><publication-reference fvid="160453411" ucid="EP-2958718-A1"><document-id><country>EP</country><doc-number>2958718</doc-number><kind>A1</kind><date>20151230</date><lang>EN</lang></document-id></publication-reference><application-reference ucid="EP-14709063-A" is-representative="NO"><document-id mxw-id="PAPP193869790" load-source="docdb" format="epo"><country>EP</country><doc-number>14709063</doc-number><kind>A</kind><date>20140220</date><lang>EN</lang></document-id><document-id mxw-id="PAPP193869791" load-source="patent-office" format="original"><country>EP</country><doc-number>14709063.3</doc-number><date>20140220</date><lang>EN</lang></document-id></application-reference><priority-claims><priority-claim mxw-id="PPC162028179" ucid="US-201361766928-P" load-source="docdb"><document-id format="epo"><country>US</country><doc-number>201361766928</doc-number><kind>P</kind><date>20130220</date></document-id></priority-claim><priority-claim mxw-id="PPC162028376" ucid="US-2014017306-W" linkage-type="W" load-source="docdb"><document-id format="epo"><country>US</country><doc-number>2014017306</doc-number><kind>W</kind><date>20140220</date></document-id></priority-claim></priority-claims><technical-data><classifications-ipcr><classification-ipcr mxw-id="PCL-1988525727" load-source="docdb">B26B  21/52        20060101AFI20140910BHEP        </classification-ipcr></classifications-ipcr><classifications-cpc><classification-cpc mxw-id="PCL-1987763361" load-source="docdb" scheme="CPC">B26B  21/522       20130101 FI20140822BHEP        </classification-cpc><classification-cpc mxw-id="PCL-1987767061" load-source="docdb" scheme="CPC">B26B  21/527       20130101 LI20140515BHEP        </classification-cpc><classification-cpc mxw-id="PCL-1987773294" load-source="docdb" scheme="CPC">B26B  21/528       20130101 LI20140821BHEP        </classification-cpc><classification-cpc mxw-id="PCL-1987782239" load-source="docdb" scheme="CPC">B26B  21/521       20130101 LI20140821BHEP        </classification-cpc><classification-cpc mxw-id="PCL-1987782880" load-source="docdb" scheme="CPC">Y10T  29/49716     20130101 LA20150115BCEP        </classification-cpc><classification-cpc mxw-id="PCL-1987794530" load-source="docdb" scheme="CPC">Y10T  16/476       20130101 LA20150115BCEP        </classification-cpc></classifications-cpc><invention-title mxw-id="PT165551699" lang="DE" load-source="patent-office">HANDGRIFF FÜR EIN RASIERER</invention-title><invention-title mxw-id="PT165551700" lang="EN" load-source="patent-office">HANDLE FOR A SHAVER</invention-title><invention-title mxw-id="PT165551701" lang="FR" load-source="patent-office">POIGNÉE POUR RASOIR</invention-title><citations><non-patent-citations><nplcit><text>See references of WO 2014130624A1</text><sources><source mxw-id="PNPL67568227" load-source="docdb" name="SEA"/></sources></nplcit></non-patent-citations></citations></technical-data><parties><applicants><applicant mxw-id="PPAR1103338211" load-source="docdb" sequence="1" format="epo"><addressbook><last-name>GILLETTE CO</last-name><address><country>US</country></address></addressbook></applicant><applicant mxw-id="PPAR1103340138" load-source="docdb" sequence="1" format="intermediate"><addressbook><last-name>THE GILLETTE COMPANY</last-name></addressbook></applicant><applicant mxw-id="PPAR1101653549" load-source="patent-office" sequence="1" format="original"><addressbook><last-name>The Gillette Company</last-name><iid>101365826</iid><address><street>World Shaving Headquarters One Gillette Park</street><city>Boston, Massachusetts 02127</city><country>US</country></address></addressbook></applicant></applicants><inventors><inventor mxw-id="PPAR1103333536" load-source="docdb" sequence="1" format="epo"><addressbook><last-name>EAGLETON CHRISTOPHER RAYMOND</last-name><address><country>GB</country></address></addressbook></inventor><inventor mxw-id="PPAR1103303690" load-source="docdb" sequence="1" format="intermediate"><addressbook><last-name>Eagleton, Christopher, Raymond</last-name></addressbook></inventor><inventor mxw-id="PPAR1101644775" load-source="patent-office" sequence="1" format="original"><addressbook><last-name>Eagleton, Christopher, Raymond</last-name><address><street>460 Basingstoke Road</street><city>Reading Berkshire RG2 0QE</city><country>GB</country></address></addressbook></inventor><inventor mxw-id="PPAR1103305123" load-source="docdb" sequence="2" format="epo"><addressbook><last-name>SZCZEPANOWSKI ANDREW ANTHONY</last-name><address><country>US</country></address></addressbook></inventor><inventor mxw-id="PPAR1103336345" load-source="docdb" sequence="2" format="intermediate"><addressbook><last-name>SZCZEPANOWSKI, ANDREW, ANTHONY</last-name></addressbook></inventor><inventor mxw-id="PPAR1101640679" load-source="patent-office" sequence="2" format="original"><addressbook><last-name>SZCZEPANOWSKI, ANDREW, ANTHONY</last-name><address><street>One Gillette Park</street><city>Boston, Massachusetts 02127</city><country>US</country></address></addressbook></inventor></inventors><agents><agent mxw-id="PPAR1101647647" load-source="patent-office" sequence="1" format="original"><addressbook><last-name>Kohol, Sonia</last-name><iid>100040809</iid><address><street>Technical Centres Limited Procter &amp; Gamble Patent Department Rusham Park Whitehall Lane</street><city>Egham, Surrey TW20 9NW</city><country>GB</country></address></addressbook></agent></agents></parties><international-convention-data><pct-or-regional-filing-data ucid="US-2014017306-W"><document-id><country>US</country><doc-number>2014017306</doc-number><kind>W</kind><date>20140220</date><lang>EN</lang></document-id></pct-or-regional-filing-data><pct-or-regional-publishing-data ucid="WO-2014130624-A1"><document-id><country>WO</country><doc-number>2014130624</doc-number><kind>A1</kind><date>20140828</date><lang>EN</lang></document-id></pct-or-regional-publishing-data><designated-states><ep-contracting-states><country mxw-id="DS660717088" load-source="docdb">AL</country><country mxw-id="DS660719474" load-source="docdb">AT</country><country mxw-id="DS660717090" load-source="docdb">BE</country><country mxw-id="DS660793117" load-source="docdb">BG</country><country mxw-id="DS660637845" load-source="docdb">CH</country><country mxw-id="DS660727350" load-source="docdb">CY</country><country mxw-id="DS660719483" load-source="docdb">CZ</country><country mxw-id="DS660717099" load-source="docdb">DE</country><country mxw-id="DS660727363" load-source="docdb">DK</country><country mxw-id="DS660727364" load-source="docdb">EE</country><country mxw-id="DS660636313" load-source="docdb">ES</country><country mxw-id="DS660793118" load-source="docdb">FI</country><country mxw-id="DS660793119" load-source="docdb">FR</country><country mxw-id="DS660717100" load-source="docdb">GB</country><country mxw-id="DS660727365" load-source="docdb">GR</country><country mxw-id="DS660717101" load-source="docdb">HR</country><country mxw-id="DS660719484" load-source="docdb">HU</country><country mxw-id="DS660637846" load-source="docdb">IE</country><country mxw-id="DS660727366" load-source="docdb">IS</country><country mxw-id="DS660793120" load-source="docdb">IT</country><country mxw-id="DS660727391" load-source="docdb">LI</country><country mxw-id="DS660640302" load-source="docdb">LT</country><country mxw-id="DS660719485" load-source="docdb">LU</country><country mxw-id="DS660640311" load-source="docdb">LV</country><country mxw-id="DS660640312" load-source="docdb">MC</country><country mxw-id="DS660749600" load-source="docdb">MK</country><country mxw-id="DS660749601" load-source="docdb">MT</country><country mxw-id="DS660719486" load-source="docdb">NL</country><country mxw-id="DS660636314" load-source="docdb">NO</country><country mxw-id="DS660637855" load-source="docdb">PL</country><country mxw-id="DS660640314" load-source="docdb">PT</country><country mxw-id="DS660719491" load-source="docdb">RO</country><country mxw-id="DS660640327" load-source="docdb">RS</country><country mxw-id="DS660637856" load-source="docdb">SE</country><country mxw-id="DS660640328" load-source="docdb">SI</country><country mxw-id="DS660636319" load-source="docdb">SK</country><country mxw-id="DS660637857" load-source="docdb">SM</country><country mxw-id="DS660749602" load-source="docdb">TR</country></ep-contracting-states><ep-extended-states><ep-extended-state-data><country>BA</country></ep-extended-state-data><ep-extended-state-data><country>ME</country></ep-extended-state-data></ep-extended-states></designated-states></international-convention-data><office-specific-data><eptags><ep-no-a-document-published>*</ep-no-a-document-published></eptags></office-specific-data></bibliographic-data><abstract mxw-id="PA139073215" ref-ucid="WO-2014130624-A1" lang="EN" load-source="patent-office"><p num="0000">A hand held device with a handle comprising a gripping portion which includes a substrate which is retained in a retaining member such that the substrate can be changed during use or manufacturing without impacting the rest of the handle. Preferably, the substrate comprises an elastomeric material, and can even consist essentially of such an elastomeric material.</p></abstract><abstract mxw-id="PA139540864" ref-ucid="WO-2014130624-A1" lang="EN" source="national office" load-source="docdb"><p>A hand held device with a handle comprising a gripping portion which includes a substrate which is retained in a retaining member such that the substrate can be changed during use or manufacturing without impacting the rest of the handle. Preferably, the substrate comprises an elastomeric material, and can even consist essentially of such an elastomeric material.</p></abstract><abstract mxw-id="PA139073216" ref-ucid="WO-2014130624-A1" lang="FR" load-source="patent-office"><p num="0000">La présente invention concerne un dispositif à main doté d'une poignée comprenant une partie de saisie incluant un substrat qui est retenu dans un élément de retenue de façon à ce que le substrat puisse être changé durant l'utilisation ou la fabrication sans que cela n'ait un impact sur le reste de la poignée. De préférence, le substrat comprend un matériau élastomère, et peut même être constitué essentiellement d'un tel matériau élastomère.</p></abstract><abstract mxw-id="PA139540865" ref-ucid="WO-2014130624-A1" lang="FR" source="national office" load-source="docdb"><p>La présente invention concerne un dispositif à main doté d'une poignée comprenant une partie de saisie incluant un substrat qui est retenu dans un élément de retenue de façon à ce que le substrat puisse être changé durant l'utilisation ou la fabrication sans que cela n'ait un impact sur le reste de la poignée. De préférence, le substrat comprend un matériau élastomère, et peut même être constitué essentiellement d'un tel matériau élastomère.</p></abstract><description mxw-id="PDES78476851" ref-ucid="WO-2014130624-A1" lang="EN" load-source="patent-office"><!-- EPO <DP n="2"/>--><p id="p0001" num="0001"> HANDLE FOR A SHAVER </p><p id="p0002" num="0002">BACKGROUND OF THE INVENTION Shaving hand held device typically include a head unit head and a handle which releasably or permanently attaches to the head unit at one end. Hand held device handles are typically rigid elongated rods. Recently, many hand held devices have been described to hold batteries, electronic components, as well as sachets and so forth, contributing to the hand held device handles becoming larger and longer. See for example the Schick Hydro Silk Power Select hand held device and the Gillette ProGlide Styler trimmer. See e.g. USD644789 and U.S. Patent Publication No. 2011/0219620. These hand held devices, like the majority of hand held devices in the market rely on elongated rigid handles. </p><p id="p0003" num="0003"> Although many razor handles are made of metal and/or plastic, the addition of softer gripping materials to the exterior of the razor have also been disclosed. See U.S. e.g. 7,975,389; 7,874,076. 5,497,551. These handles, however, merely add an external surface layer of the gripping material to an otherwise rigid metal or plastic handle. Although the addition of the grip material can help with gripping and surface feel, most handles remain rigid and have an elongated shape. </p><p id="p0004" num="0004"> Hand held devices with differently shaped handles have also been described. For example handles having elongated oval shaped handles have been described and marketed. See e.g. USD349242, USD363142, USD364707, and USD381768. Various hand held devices having cylindrical shaped handles for receiving fingers have also been described. See e.g. US Patent App. No. 2011/0016734 Al, US Patent Nos. 6,018,877 and 6,112,421. Convenience and space saving hand held devices have also been described. See e.g.US Patent App. No. </p><p id="p0005" num="0005">2011/0088268 Al describing a hand held device with an articulated handle extension having an adjustable length. WO 97/25189 also describes a hand held device with two hand held device heads attached to a flat oval shaped handle. See also, U.S. Patent Publication No. 2012/0042478. Further, storage of various forms of compact hand held devices within containers have also been described. See e.g., US 1,234,834. </p><p id="p0006" num="0006"> Despite the handles which have been described, there remains a need for a handle which has a gripping portion made of a component which can easily be changed and is preferably flexible and elastic but allow users to have a portable handle which is ergonomic and user friendly but still provide the responsiveness needed to control the device head unit. 
<!-- EPO <DP n="3"/>-->
 SUMMARY OF THE INVENTION </p><p id="p0007" num="0007">One aspect of the invention provides for a hand held device comprising: a head unit, such as for a toothbrush or razor; and a handle comprising a docking member for connecting to said head unit, and a gripping portion positioned distally away from and said docking member, wherein said gripping portion comprises: a substrate retaining member forming a receiving region; a substrate fixedly or removably retained by said retaining member in said receiving region, said substrate comprising an elastomeric material, and forming a first finger receiving region and second finger receiving region, on the opposing side of said substrate. </p><p id="p0008" num="0008"> Another aspect provides for a handle comprising a docking member and a gripping portion, wherein said gripping portion is positioned distally away from and said docking member, wherein said docking member connects to said head unit, and wherein gripping portion consists essentially of: a substrate retaining member forming at least a partial ring forming a receiving region; a elastomeric substrate is retained within said receiving region, said elastomeric substrate is a unitary body comprising a first finger receiving region and second finger receiving region, on the opposing side of said substrate. In one preferred embodiment the elastomeric substrate can be shaped like a disc or coin and inserted into the receiving region such when handled by a user, the user' s fingers are guided to apply opposing pressure onto the two large flat surfaces of the substrate. </p><p id="p0009" num="0009"> Yet another embodiment provides for a method of changing the substrate a handle as described herein comprising the steps of: obtaining a handle in accordance to the present invention; removing said substrate currently retained in the handle; obtaining a second substrate which can be the same or different from the substrate which has been removed; retaining said second substrate into the substrate retaining region. Importantly, this process can be done by the manufacturer, a service provider, or the consumer themselves. In such a situation, it may be useful to sell refills of the substrate, or provide multiple substrates to the consumer when they purchase the device. BRIEF DESCRIPTION OF THE DRAWINGS</p><p id="p0010" num="0010">FIG. 1 is a side perspective view of a device according to at least one embodiment of the invention wherein various parts of the device are shown detached. </p><p id="p0011" num="0011"> FIGs. 2a - 2e show various planar views of a device according to at least one </p><p id="p0012" num="0012">embodiment of the present invention. 
<!-- EPO <DP n="4"/>-->
 FTG. 3 a shows top view of a device where a retaining member is formed into said handle. FTGs 3b and 3c show an elastomeric substrate suitable for insertion into the handle shown in FIG. 3a. </p><p id="p0013" num="0013"> FIG. 4 shows two dimensional views of various shapes which can be used for the elastomeric substrate of the present invention. </p><p id="p0014" num="0014"> FIGs. 5a and 5b are top planar views of two additional devices in accordance with the present invention. </p><p id="p0015" num="0015"> FIG. 6 shows a handle where the gripping portion forms a retaining member which merely forms a partial ring for retaining a substrate. </p><p id="p0016" num="0016"> FIGs. 7a and 7b are side views of two other devices in accordance with the present invention. </p><p id="p0017" num="0017"> FIGs. 8a and 8b show another embodiment in accordance with the invention. </p><p id="p0018" num="0018"> FIGs. 9a and 9b show side views of yet another embodiment in accordance with the invention. </p><p id="p0019" num="0019"> FIG. 10a and FIG. 10b show two perspective views of a razor in accordance with the present invention within an enclosable case. </p><p id="p0020" num="0020">DETAILED DESCRIPTION OF THE INVENTION </p><p id="p0021" num="0021"> The present invention relates to a hand held device, such as a hair removal device, shaving razor, or a toothbrush, a drawing or cosmetic utensil, more preferably a shaving razor, wherein the hand held device comprises a head unit and a handle. The handle comprises docking member for permanently or removably connecting to the head unit, and a gripping portion, wherein said gripping portion and said docking member are positioned distally away from one another, wherein said docking member permanently or detachably connects to said head unit base, and wherein said gripping portion fixedly or releasably retains at least one substrate therein. </p><p id="p0022" num="0022"> The gripping portion forms a substrate retaining member forming a substrate receiving region which can be an enclosed aperture or an open receiving region which is adapted to retain a substrate. Preferably the substrate is an elastomeric substrate but it could also be designed such that the substrate has a rigid core and has elastomeric material layered on one or both sides. In one embodiment, the retaining member is a partial or full peripheral ring forming at least one aperture. Fixedly or releasably retained within said substrate receiving region is a substrate. In one embodiment the substrate comprises an elastomeric material, such as a elastomeric coating, 
<!-- EPO <DP n="5"/>-->
 in another embodiment, the substrate consists essentially of elastomer and forms a unitary body made of said elastomeric material. </p><p id="p0023" num="0023"> The substrate comprises a first (top) surface forming a first finger receiving region and a second (bottom) surface forming a second finger receiving region, wherein the first surface is on the opposite side of the substrate than the second surface. In use the first finger receiving region can be contacted by the thumb while the second finger receiving region is contacted by one or both of the index and middle fingers. Or vice versa where the thumb is on the second finger receiving region and so forth. </p><p id="p0024" num="0024"> The substrate is fixedly or removably attached to said substrate retaining member. This is particularly useful as it allows for added flexibility in manufacture by making the portion of the handle which is the primary gripping portion component driven such that the substrate can be changed if the manufacture desires a stiffer or softer handle. The component nature of this substrate also allows for modifications based on consumer preferences without need to change the rest of the handle; for example, by changing the materials in the substrate, or adding a surface treatment, the rest of the gripping portion can remain the same (such as the retaining member), but the handle can look and perform very differently. It may also be useful to allow consumers to change the substrate themselves based on their usage needs. For example, if a user tends to use the device in a wet of soapy environment, he or she may want a substrate that has enhanced grip. If, however, the user prefers a smoother look and finish, they could obtain a substrate which is metallic or chromed in appearance. </p><p id="p0025" num="0025"> Where the substrate is an elastomeric substrate, it can provide particularly desirable user feel and response. Without intending to be bound by theory, it is believed that hand held devices which are used in such a way allows the handle to react to forces applied by the user in an adaptive and responsive way with the elastomeric material provides for dynamic resistance to forces applied by the opposing fingers. In effect, the elastomeric substrate is a moving and flexible membrane which allows the user to apply force to the device but still has some elastic give and flexibility. </p><p id="p0026" num="0026"> One important benefit of having the body portion of the handle consist of the elastomeric substrate, as opposed to mere layers of elastomer coating on the surface of a rigid handle, is that the elastomeric material provides a softer feel allowing for a sense of feeling through the entire thickness of the handle. Some of the performance improvements related to having an elastomeric substrate forming the first and second finger receiving regions is that the user has enhanced control over the handle while maintaining comfort during use from the soft, pliable nature of the 
<!-- EPO <DP n="6"/>-->
 elastomers. Further since the elastomeric substrate is pliable, the user can apply force in different regions or angles onto the elastomeric substrate but it will naturally contour based on how the head unit contacts the body. The elastomeric substrate can also, provides enhanced grip due to any surface treatments which can be applied onto the elastomeric material, </p><p id="p0027" num="0027">1. HEAD UNIT </p><p id="p0028" num="0028"> The head unit can be a toothbrush, a writing or cosmetic utensil such as a pen or pencil, or a wide scraping surface such as for hair removal. Nonlimiting examples of hair removal device include those used with a depilatory or for skin exfoliation, or razors with a blade unit, such as a safety razor. Where the hair removal head is a razor cartridge razor may be power or manual, disposable or a refillable system. The razor cartridge may also include multiple blades. For example, U.S. Patent 7,168,173 generally describes a Fusion® razor that is commercially available from The Gillette Company which includes a razor cartridge with multiple blades. Additionally, the razor cartridge may include a guard as well as a shaving aid. A variety of razor cartridges can be used in accordance with the present invention. Nonlimiting examples of suitable razor cartridges, with and without fins, guards, and/or shave aids, include those marketed by The Gillette Company under the Fusion®, Venus® product lines as well as those disclosed in U.S. Patent Nos. 7,197,825, 6,449,849, 6,442,839, 6,301,785, 6,298,558; 6,161,288, and U.S. Patent Publ. 2008/060201. The head unit can also be a brush or a toothbrush, such as shown in FIG. 6b where bristles extend away from the head unit. </p><p id="p0029" num="0029">The terms "forward" and "aft", as used herein, define relative position between features of the blade unit (i.e., razor cartridge). A feature "forward" of the at least one blade, for example, is positioned so that the surface to be treated with by the device encounters the feature before it encounters the at least one blade. For example, if the device is being stroked in its intended cutting direction, the guard is forward of the blade(s). A feature "aft" of the blade(s) is positioned so that the surface to be treated by the device encounters the feature after it encounters the blade(s), for example if the device is stroked in its intended cutting direction, the cap is disposed aft of the blade(s). </p><p id="p0030" num="0030">In one embodiment, the head unit is a razor cartridge comprising one or more blades, and a guard positioned forward of said one or more blades, wherein the guard has at least one elongated flexible protrusions to engage a user's skin. In one embodiment, at least one flexible protrusions comprises flexible fins generally parallel to said one or more elongated edges. In 
<!-- EPO <DP n="7"/>-->
 another embodiment, said at least one flexible protrusions comprises flexible fins comprises at least one portion which is not generally parallel to said one or more elongated edges. Non- limiting examples of suitable guards include those used in current razor blades and include those disclosed in U.S. Patent Nos. 7,607,230 and 7,024,776; (disclosing elastomeric / flexible fin bars); 2008/0034590 (disclosing curved guard fins); 2009/0049695 A 1 (disclosing an elastomeric guard having guard forming at least one passage extending between an upper surface and a lower surface). </p><p id="p0031" num="0031">In one embodiment, the head unit comprises at least one skin engaging member such as a conventional shave aid or lubrication strip. The skin engaging member can be positioned forward and/or aft of any blade(s). Non-limiting examples of known skin conditioning compositions suitable for use herein include shave aids and lubrication strips as described in: U.S. Patent Nos. 7,581,318, 7,069,658, 6,944,952, 6,594,904, 6,302,785, 6,182,365, D424J45, 6,185,822, 6,298,558 and 5,113,585, and 2009/0223057. </p><p id="p0032" num="0032">The head unit is fixedly or removably attached to a handle. The attachment can be a direct attachment from head unit to a docking member of the handle, or the head unit can attach to an interconnect member which is then connected to the docking member of the handle. </p><p id="p0033" num="0033">2. HANDLE </p><p id="p0034" num="0034"> a. GRIPPING PORTION </p><p id="p0035" num="0035"> The handle comprises a docking member and a gripping portion, wherein said gripping portion is positioned distally away from and said docking member, wherein said docking member connects to said head unit. The gripping portion comprise a substrate retaining member which forms at least one receiving region. In one embodiment, the substrate retaining member forms a ring which defines an aperture, suitable for retaining one or more substrates. The retaining member need not form a full ring yet still be able to retain a substrate. Also, the retaining member could form a full ring but not wrap around the entire periphery of the substrate (i.e. the retaining member can define a perfectly circular ring, while the substrate forms a half circle, or other void space where a through hole or other passage can be defined). See e.g. FIG. 5a, substrate 502 which defines a void space or through hole such that the substrate retaining member, which is in this case a ring, fails to wrap around the entire periphery of the substrate. In other embodiments, one or more voids or through holes can be formed in various regions of the 
<!-- EPO <DP n="8"/>-->
 elastomeric substrate to allow for water passage, or for different ergonomic response and feel during use. </p><p id="p0036" num="0036"> In certain instances, such as where the substrate is more rigid, the retaining member could merely attach to a portion of the substrate such as by adhesive or a mechanical attachment without forming a fully connected ring. </p><p id="p0037" num="0037"> In one embodiment, a portion of the substrate retaining member can be coated with an elastomeric grip material. This can be useful if users desire the entire gripping portion to have an elastomeric feel. In one embodiment, the entire exterior surface (the surface not contacting the docking member or the elastomeric substrate) of the gripping portion or the exterior surface of the retaining member is coated with one or more elastomer grip materials. These elastomeric grip materials are known in the art and include many of the elastomeric materials described for used in the elastomeric substrate. They can be the same or different than those used in the substrate. </p><p id="p0038" num="0038"> The gripping portion can have many different shapes, including but not limited to a flat rounded disk shape where the retaining member retains a round coin shaped substrate. The substrate can be removably or fixedly retained in the retaining member. In one embodiment, the substrate is an elastomeric substrate and can be molded or otherwise cast directly into the retaining member or peripheral ring. Alternatively, the substrate can be formed in a separate step, then fitted into the aperture. Various forms of retaining the substrate can be used. If a removable embodiment is desired, the substrate can be force fitted into the aperture, such as with a tongue and groove fitment along a portion or the entire retaining member, one or more pin and receiving holes, such as where the retaining member includes one or more pins projecting into corresponding receiving holes formed in the substrate. Various ways to fixedly retain the elastomeric substrate onto the substrate retaining member are possible, such as, but not limited to, use of adhesives, or thermal bonding. b. ELASTOMERIC SUBSTRATE </p><p id="p0039" num="0039"> In one embodiment, the substrate comprises or is made primarily of elastomeric material, referred to herein as an elastomeric substrate. The elastomeric substrate of the present invention is retained within said substrate receiving region or aperture. The elastomeric substrate is a generally wide and flat structure which could be in the form of a disc or coin shape. The elastomeric substrate comprises a first surface forming a first finger receiving region and a second surface forming a second finger receiving region. 
<!-- EPO <DP n="9"/>-->
 In one embodiment, the elastomeric substrate is removable and or replaceable. With replaceable elastomeric substrates, the consumer can select from different surface treatments or colors depending on their need. For example, if the user desires a smoother finish with lower friction, they can select an elastomeric substrate with a smooth finish. Correspondingly, if the user desires something with more friction and easier to grip, such as when used in a wet environment, they can select an elastomeric grip with more embossments or surface treatments to increase friction. The hardness of the elastomeric substrate can also be varied so the user can pick their desired firmness and feel. Further, the user can replace the substrate if it becomes dirty or otherwise worn from use. </p><p id="p0040" num="0040"> In one embodiment the substrate is easily removable from the retaining member, such as where it is slide in place and only requires a minor amount of force to separate and remove. In another embodiment, the elastomeric substrate is fixedly attached to the substrate such that it is not readily removable by the consumer but can be removed such as a force fit or tongue and groove fitment. In another embodiment, the substrate is permanently attached to said retaining member such as by heat bonding or adhesives. </p><p id="p0041" num="0041"> In one embodiment the elastomeric substrate is a unitary body. Unitary body, as defined herein, means that the elastomeric substrate is a self supported structure which does not include a supporting beam or internal structure such as other handles where an elastomeric grip material is layered over a rigid handle. The unitary body need not be made of one single material, and can have multiple layers but should be made entire of elastomeric materials such that if sufficient force is applied to one surface the unitary body can wholly deform and flex on the opposite side. In effect, aside from any portion of the retaining member which attaches to the elastomeric substrate, the handle need little to no additional rigid material necessary. The elastomeric nature of the substrate allows the handle to deform yet still allow the user control over the head unit with desirable ergonomic feel during use. </p><p id="p0042" num="0042"> In one embodiment, the elastomeric substrate comprises more than one layer of elastomeric material. This can be particularly useful as different materials can have different elasticity and hardness. The multiple layers can be of the same material or of different materials. In one embodiment a stiffer material is used in a central layer with softer and/or more elastic materials used in the layer(s) forming the first and/or second finger receiving regions. One or more coatings can also be applied over the elastomeric substrate such as to provide specific surface finish or textures or colors. In one embodiment, the elastomeric substrate comprises a single layer. 
<!-- EPO <DP n="10"/>-->
 Non-limiting examples of suitable materials which can be used as the elastomeric substrate include natural and synthetic rubbers, polymers such as high impact polystyrene (HIPS), polypropylene (PP) and acrylonitrile butadiene styrene (ABS), elastomers, and mixtures thereof. </p><p id="p0043" num="0043"> Suitable elastomeric materials include an elastomer or blend of elastomers. Elastomers suitable for use in gripping areas 14 are well known in the razor and toothbrush art. Generally, the elastomeric material includes one or more thermoplastic elastomers (TPEs). Suitable TPEs include thermoplastic vulcanates (rubber polyolefin blends), polyetheramides, polyesters, styrene-ethylene-butylene-styrene (SEBS) block copolymers, styrene-butadiene- styrene block copolymers, partially or fully hydrogenated styrene-butadiene-styrene block copolymers, styrene - isoprene-styrene block copolymers, partially or fully hydrogenated styrene-isoprene-styrene block copolymers, polyurethanes, polyolefin plastomers, polyolefin plastomers, styrenic based polyolefin elastomers, compatible mixtures thereof, and similar thermoplastic elastomers. </p><p id="p0044" num="0044">Preferred TPEs include styrene-ethylene-butylene-styrene (SEBS) block copolymers, styrene- butadiene-styrene block copolymers, partially or fully hydrogenated styrene-butadiene-styrene block copolymers, styrene-isoprene-styrene block copolymers, and partially or fully </p><p id="p0045" num="0045">hydrogenated styrene-isoprene-styrene block copolymers, commercially available from Shell under the tradename KRATON rubber. Particularly preferred are styrene-ethylene-butylene- styrene (SEBS) block copolymers available from Shell under the tradename "G-Type" KRATON rubbers. The aforementioned TPEs may be modified with fillers such as talc, and with oil, which will generally reduce the hardness of the elastomer, as is well known in the art. Other suitable elastomers include resilient urethanes and silicones. Elastomers may be available from Arkema Inc., Philadelphia, Pennsylvania (e.g., Pebax® 2533); E.I. DuPont de Nemours &amp; Co., </p><p id="p0046" num="0046">Wilmington, Delaware (e.g., Zytel® 2158L); Kraton Polymers U.S. LLC, Houston, Texas; and Kraiburg TPE Corp., Duluth, Georgia (e.g. Kraiburg HTC8858). </p><p id="p0047" num="0047"> In one embodiment, the elastomeric substrate comprises a compressible thermoplastic elastomeric material which is moldable. Suitable thermoplastic elastomeric materials are block copolymers comprising styrene, ethylene, and butylene. Representative useful thermoplastic elastomers include commercially available polyolefin thermoplastic elastomeric polymers such as those sold under the tradenames "SOMEL" by E.I. DuPont de Nemours &amp; Co. or "TELCAR" by B.F. Goodrich Co. or "PROFAX" by Hercules Inc. Block copolymers such as styrene- butadiene-styrene copolymers sold under the tradename KRATON D by Shell Chemical Co. or styrene-ethylene/butylene-styrene copolymers sold under the tradename KRATON G by Shell 
<!-- EPO <DP n="11"/>-->
 Chemical Co. are especially preferred. Other representative suitable thermoplastic elastomers include polyester and polyurethane thermoplastic elastomers. </p><p id="p0048" num="0048"> In one embodiment, the elastomeric material can have a compressibility index (CI) value between about 1000 to about 18,000 gm/cm. The compressibility index (CI) is defined as the slope of the force/compression distance curve at a distance of compression of 0.025 cm. as measured in accordance with the procedure described later. The CI value has been derived from extensive consumer test data involving test subject responses to numerous commercial and experimental finger gripping devices. The consumer test data was analyzed and evaluated to determine if some common factor or factors existed which could be used to reliably predict test subject's favorable ratings and acceptance for a given finger gripping device. Interpretation of the data indicated that favorable test subject response to a given device appeared to be primarily dependent on the combination of the softness and compressibility and resiliency properties provided by the tested device. These properties, in turn, are dependent on the combination of the compressible material and configuration selected to provide the device. In accordance with our invention, we have found that a close correlation exists between CI value and the test subjects' perception of increased comfort and decreased fatigue in use of the device. </p><p id="p0049" num="0049"> In one embodiment, the thermoplastic elastomer is polar and hydrophobic. The thermoplastic elastomer can have a coefficient of friction of in a range of about 2.0 to about 3.5 when wet with water, a tack force of about 3 g to about 12 g when dry, and/or a Shore A hardness of about 35 to about 50. Hardness of materials is tested at room temperature and at 36 degrees Celsius using Shore A Durometer Instron Model 9130-35 (available from Instron, Norwood, Massachusetts) according to ASTM 2240-00. Friction and tack measurements can be conducted in accordance with the methods described in U.S. Patent Publication No. </p><p id="p0050" num="0050">2012/0167401. The thermoplastic elastomer can also be used with additives, fillers, and/or rubber mixtures or modifiers. Suitable composite structures, additives, and/or fillers are described in U.S. Patent No. 3,972,528. For examples, additives may be one or more of the following additives: paraffinic white oils, inorganic bulking agents, ether ester plasticizers, sulfurized mineral oil, alkenyl amide, styrol, polystyrol, petrolatum, polyisobutylene, polybutene, styrene, elastomeric styrene, ethylene, butylene, aqueous carboxylated synthetic polymer having a minimum film-forming temperature (MFFT) (e.g., 10 degrees Celsius or below), low MFFT synthetic polymer reinforced during manufacturing by co- agglomeration with polystyrene, combinations thereof, or any other suitable additive to achieve an elastomeric substrate that has a high coefficient of friction when wet and low tack when dry. 
<!-- EPO <DP n="12"/>-->
 The elastomeric material can include a styrenic block copolymer, e.g., styrene-ethylene- butylene-styrene (SEBS). Additional examples of potentially suitable elastomeric materials are disclosed in US Patent 4,932,800, 7,160,508, 5,314,940, 5,670,263, 6,610,382, and 6,904,615, U.S. Patent Application Publication Nos. 2002/0114920, 2011/0143112 and U.S. Patent Publication No. 2012/0167401. </p><p id="p0051" num="0051"> Depending on the type of elastomeric material used, it may be desirable to add some rigidity to the substrate. In one embodiment, the handle further comprises one or more support beams running through the substrate receiving region. The support beams can be rigid like the material used to form the substrate retaining member. Those of skill in the art will appreciate, however, that stiffer elastomeric materials can also be chosen if the users prefer a stiffer feel. </p><p id="p0052" num="0052"> In one embodiment, the one or more support beams is connected to two regions of the retaining member. In one embodiment, the one or more support beams forms a diameter running through the central region of the substrate receiving region. In one embodiment, the at least one support beam is fully encased within said elastomeric substrate such that no portion of the support beam is exposed through the elastomeric material forming the substrate. As such, the support beam can provide structural support if a softer and more elastic substrate is used but still have the first and second finger receiving regions retain the desirable feel of the elastomeric material. Notably, the support beams are different from the known razors where the body of the handle is primarily rigid and an external elastomer or grip coating is applied. The support beam, if used in the present invention, should make up no more than 50% by weight of the elastomeric substrate, preferably less than about 40%, preferably less than about 25%, preferably less than 10%, and in many instances is not needed. </p><p id="p0053" num="0053"> In one embodiment, the support beam forms a central spine within said elastomeric substrate. Central spine, as defined herein means that the support beam generally passes through or near the center of gravity of the fully assembled device, with a head unit attached. Multiple support beams (parallel or not) can also be used). In another embodiment, the elastomeric substrate retains its structural integrity without a need for any support beams. The elastomeric substrate, as explained before, can be one or more layers of elastomeric material. Preferably, force applied by a user on one finger receiving surface can in some humanly detectable manner be sensed on the opposing finger receiving surface while the device remains stationary. 
<!-- EPO <DP n="13"/>-->
 c. OTHER SUBSTRATE DETAILS </p><p id="p0054" num="0054"> The substrate can also include an antimicrobial agent. If present, the antimicrobial agent can include an isothiazolinone. The antimicrobial agent is thermally stable. The antimicrobial agent is present in a concentration of at least 500 ppm, preferably from about 700 to 2000 ppm. The antimicrobial agent has a minimum inhibitory concentration of less than 100 ppm. The antimicrobial agent includes 4,5-dichloro-2-n-octyl-4-isothiazolin-3-one. The antimicrobial agent exhibits both antifungal and antibacterial properties. Examples of specific antimicrobial agents include: e.g., 4,5-dichloro-2-n-octyl-4-isothiazolin-3-one (CnH17CL2NOS; CAS Registration No. 64359-81-5). Isothiazolinones are commercially available, e.g., from Rohm &amp; Haas </p><p id="p0055" num="0055">Company. 4,5-dichloro-2-n-octyl-4-isothiazolin-3-one has an MIC of about 50 ppm, a molecular weight of 282.2, and is thermally stable. These and other antimicrobial agents are known and include those described in US Patent 7160508. </p><p id="p0056" num="0056"> In one embodiment, the substrate is substantially flat. The substrate can also be domed such that the bottom surface forms a concave depression, the top surface forms a convex shape, or where both the top and the bottom surfaces are concave shaped such that they taper inwards towards the center of the substrate. The top and bottom surfaces could also both be convex shaped such that they form a bulbous substrate where the substrate is thicker towards the center portion and thinner about the periphery. </p><p id="p0057" num="0057"> In one embodiment, the handle or a portion thereof (such as just the elastomeric substrate) can be coated with or comprise a thermochromic material such as shown and described in U.S. Patent No. 6,868,610. This can be particularly pleasing to consumers who like to see aesthetic changes when they handle the razor, particularly one where the handle has an elastomeric substrate as presently described. </p><p id="p0058" num="0058"> One embodiment of the present invention provides for a method of replacing or changing the substrate from an already assembled handle. The method comprises a step of obtaining a handle in accordance to the present invention; removing said substrate currently retained in the handle; obtaining a second substrate which can be the same or different from the substrate which has been removed; retaining said second substrate into the substrate retaining region. </p><p id="p0059" num="0059">Importantly, this process can be done by the manufacturer, a service provider, or the consumer themselves. In such a situation, it may be useful to sell refills of the substrate, or provide multiple substrates to the consumer when they purchase the device. The handle can be sold fully assembled with a substrate retained therein, or can be sold in component manner so the user can assemble the handle by retaining the substrate into the substrate retaining member. 
<!-- EPO <DP n="14"/>-->
 The device can also be marketed in various combinations, i.e. one handle with one head unit and one substrate, kits with multiple head units, multiple substrates, or multiple handles can be provided. In one embodiment, the kit consists of one assembled device, refills on the head unit, and / or replacement substrates. </p><p id="p0060" num="0060">3. DEVICE DIMENSIONS </p><p id="p0061" num="0061">Unlike existing razor and toothbrush handles currently on the market, the handle of the present device is relatively small and not a long stick like shape. Without intending to be bound by theory, it is believed that having a shorter handle allows for more dexterity when handling the device. In effect, the center of gravity is closer to the head unit, with a more even distribution of weight. Improved ergonomics and handl-ability can also be helped with the actual shape of the gripping portion of the handle. Non-limiting examples of suitable shapes are disclosed herein. </p><p id="p0062" num="0062"> In one embodiment, the device is a razor such that the shortest distance from a razor blade on the head unit to the furthest portion of said handle is less than about twice the maximum width of said head unit, preferably less than about 1.5 times, preferably less than 1.25 times. Having a razor with a relatively short handle compared to the cartridge width can be preferable to some users for ergonomics, design, ease of handling or storage, and so forth. In another embodiment, the greatest length of the handle (without the head unit attached) is less than or equal to the maximum width of the head unit, or from 2:1 to 1:1, preferably from 1.75:1 to 1.5:1. Specific ratios of suitable dimensions are shown in the Figures. </p><p id="p0063" num="0063">4. ENCLOSABLE CASE </p><p id="p0064" num="0064"> In one embodiment, a container case is also provided for storing the device. The container case can be open, such as a razor tray or holder, or more preferably is enclosable so the device can be stored within a container. In one embodiment, the enclosable case comprises at least one aperture to allow air to pass between the interior and exterior of the case. This can be particularly useful if the device needs to dry between uses. Those of skill in the art will understand that where the device is a toothbrush or razor, it may be desirable to allow the device to dry to avoid bacterial or fungal growth, malodors, adverse affects on chemical components, such as the lubrication aids, and so forth. As such, in one embodiment, the enclosable case comprises one or more apertures positioned in a discrete area or uniformly throughout the case to allow moisture and water to evaporate and exit the interior of the case. 
<!-- EPO <DP n="15"/>-->
 The enclosable case can be have a cap and tray which may be attached or detached. If attached, they cap and tray can be hinged or slidably mounted. If detached, the cap can be closed onto the tray like a box top. Various forms of enclosable cases are known and can be modified to contain the device described herein. Other forms of attaching the cap and tray are also within the scope of this invention. In one embodiment, the enclosed case includes a retention mechanism that helps the case stay closed when in a closed orientation. The retention mechanism can be a tongue and groove fitment, magnets, a latching hook, a snap fit or pressure fit closure, and so forth. The enclosable case could also be biased to stay in a closed position when not opened by the user such as by spring biasing members or magnets. </p><p id="p0065" num="0065">5. FIGURES </p><p id="p0066" num="0066"> FIG. 1 exemplifies a disassembled hand held device in accordance to at least one embodiment of the present invention. The hand held device comprises a head unit (100) removably attached to a handle (200) shown with components detached. The handle comprises a docking member (300) with an release member (350) to allow releasing of the head unit. Similar docking members are known and used on various refillable razor handles. The handle also comprises a gripping portion (400) which is designed to be the first region where the user will hold the device. Those of skill in the art will of course understand that users could also hold other regions of the device based on individual preference. The gripping portion (400) comprises a substrate retaining member (420), shown here as a peripheral ring, functionally attached to the docking member such that the docking member removably of fixedly attached to the gripping portion of the handle. The retaining member forms at least one receiving region, shown here as an aperture which retains a substrate (500) having a first surface (510) forming a first finger receiving region and a second surface (520) forming a second finger receiving region. The first surface and the second surface are on opposing sides of the elastomeric substrate, in one embodiment the first surface forms the top of the handle and the second surface forms the bottom when the assembled device has the head unit facing down. As explained above, the substrate can be rigid or be an elastomeric substrate. Those of skill in the art will understand that various other head units can be attached to the same handle, including but not limited to toothbrushes, mirrors, cosmetics applicators and so forth. </p><p id="p0067" num="0067"> FIGs. 2a - 2e shows various angles of a fully assembled hand held device in accordance with at least one embodiment of the present invention. As shown here, the substrate can have various forms of surface treatments including nubs as shown in the second surface (525) or a 
<!-- EPO <DP n="16"/>-->
 finger orienting guide (515). Apertures, embossments, depressions, blind holes, or various other surface treatments can also be formed into one or more surfaces of the substrate based on what would provide the user with improved feel or control, particularly if the handle were wetted or made slippery by soap or other chemicals during use. FIG. 2A is a perspective view of the bottom of the device, while 2b is a perspective view of the top. FIG. 2c is a planar bottom view and FIG. 2d shows a side view of the device with topographical changes on the first surface. In one embodiment, one or more of the substrate surfaces can be smooth or have a layered surface. FIG. 2e is a top view. </p><p id="p0068" num="0068"> FIG. 3a shows top view of a device according to at least one embodiment of the present invention wherein the substrate is removed (such as those shown in FIGs. 3b or 3c). FIG. 3z shows a support beam (450) passing through the aperture in a manner generally parallel with the major axis of the handle. Other orientations are also within the scope of the invention. At least one end of the support beam is attached to the retaining member (shown here as a peripheral ring) (420), in this embodiment, both ends are attached to said ring. Also shown is the head unit width (920) and the distance from the blade closest to the handle to the opposing end of the handle. If the head unit does not include a blade, this latter distance can be measured as the maximum length of the handle from tip of docking member to opposing end of the handle. FIG. 3b shows a detached substrate suitable for use with the handle shown in FIG. 3 a. An aperture (550) is shown where the support beam would be present. To assemble the member in this situation, it may be useful to mold the substrate into the gripping portion so the substrate is formed around the support beam. Alternatively, FIG. 3c shows a 2 layer substrate with a first layer (502) and a second layer (505). The substrates shown in FIGs. 3 - 9 are lightly shaded for visibility in contrast to the retaining member of the handle. </p><p id="p0069" num="0069"> As shown, the gripping portion of the handle forms a generally circular shape. The gripping portion can also form other shapes such as 2-dimensional arcoidal shape selected from the group consisting of a circle, oval, or a semi-circle. </p><p id="p0070" num="0070"> FIG. 4 shows two dimensional views of various shapes which can be used for the substrate and/or the gripping portion. </p><p id="p0071" num="0071"> FIGs. 5a and 5b are top planar views of two additional devices in accordance with the present invention. These devices are shown where the peripheral ring forms more than one aperture and one or more substrates (501) and (501) which are retained in said apertures. The substrates can be made of the same material or different and can have same or different surface treatments. If the substrate is formed by pouring and molding directly into the peripheral ring, 
<!-- EPO <DP n="17"/>-->
 the apertures can be connected via a channel. Thus, the substrates can be poured into a first aperture and flow into both apertures filling them with the same composition, if desired. </p><p id="p0072" num="0072"> FIG. 6 shows a top view of yet another device in accordance with the present invention. This device comprises a handle comprising a docking member and a gripping portion, wherein said gripping portion is positioned distally away from and said docking member, wherein said docking member connects to said head unit, and wherein gripping portion comprises: a retaining member forming at least a partial ring forming a substrate receiving region, which is also referred to in other embodiments as the aperture; a substrate (500) retained within said receiving region. The substrate can be an elastomeric substrate being a unitary body forming a first surface forming a first finger receiving region and a second surface forming a second finger receiving region. The elastomeric member can be arcoidally shaped, such as in the form of a disc. Those of skill in the art will understand that disc need not be perfectly cylindrical as long as the substrate is generally rounded and retained in receiving region formed in the retaining member during use and is easily gripped by hand. </p><p id="p0073" num="0073"> FIGs. 7a and 7b are side views of two other devices in accordance with the present invention. FIG. 6a shows a device where the handle is curved with the substrate having a similar curve shape. FIG. 7b shows the handle generally flat with a curved substrate. Those of skill in the art will understand that the curves, though shown as concave if you are looking down on the top surface, can also be made concave when viewed from the same view point. The head unit of the device of FIG. 7b is shown with a substrate, bristles, or sponge on the head unit. </p><p id="p0074" num="0074"> FIGs. 8a and 8b show another embodiment in accordance with the invention. Here the substrate may have a generally flat region (as shown in the center) with additional elastomeric material providing flexing support or membrane between the flat region and the peripheral ring. These flexing membranes are similar to speaker cone where a central element is suspended by a membrane connecting to a peripheral rigid structure. In this case, the central element could be the portion of the substrate designed for gripping by the fingers, around this portion can be the flexing membrane which can be chosen elastomeric and flexible in nature. Similar flexing materials are shown in WO 2012/157624 where a flexible membrane is shown suspending a razor cartridge. </p><p id="p0075" num="0075"> FIGs. 9a and 9b are side views of other handles in accordance with the present invention.</p><p id="p0076" num="0076">In FIG. 9a, the elastomeric member is shown bellowing out away from the center of the handle. In FIG. 9b, the elastomeric member deforms inwards. Combinations of concave and convex formations can also used (i.e. where both surfaces deform in similar shape as shown in FIG. 6a). 
<!-- EPO <DP n="18"/>-->
 FTG. 10a shows a top perspective views of a razor in accordance with the present invention within an enclosable case (800) having a receiving portion which contains a razor and a hinged lid. FTG. 10b shows a bottom view of the same enclosable case with a set of apertures formed in the receiving portion of the case which stores the razor. </p><p id="p0077" num="0077"> It should be understood that every maximum numerical limitation given throughout this specification includes every lower numerical limitation, as if such lower numerical limitations were expressly written herein. Every minimum numerical limitation given throughout this specification includes every higher numerical limitation, as if such higher numerical limitations were expressly written herein. Every numerical range given throughout this specification includes every narrower numerical range that falls within such broader numerical range, as if such narrower numerical ranges were all expressly written herein. </p><p id="p0078" num="0078">All parts, ratios, and percentages herein, in the Specification, Examples, and Claims, are by weight and all numerical limits are used with the normal degree of accuracy afforded by the art, unless otherwise specified. The dimensions and values disclosed herein are not to be understood as being strictly limited to the exact numerical values recited. Instead, unless otherwise specified, each such dimension is intended to mean both the recited value and a functionally equivalent range surrounding that value. For example, a dimension disclosed as "40 mm" is intended to mean "about 40 mm". All measurements are performed at 25 °C, unless otherwise specified. All documents cited in the DETAILED DESCRIPTION OF THE INVENTION are, in the relevant part, incorporated herein by reference; the citation of any document is not to be construed as an admission that it is prior art with respect to the present invention. To the extent that any meaning or definition of a term or in this written document conflicts with any meaning or definition in a document incorporated by reference, the meaning or definition assigned to the term in this written document shall govern. Except as otherwise noted, the articles "a," "an," and "the" mean "one or more." </p><p id="p0079" num="0079">While particular embodiments of the present invention have been illustrated and described, it would be obvious to those skilled in the art that various other changes and modifications can be made without departing from the spirit and scope of the invention. It is therefore intended to cover in the appended claims all such changes and modifications that are within the scope of this invention. 
</p></description><claims mxw-id="PCLM70077111" ref-ucid="WO-2014130624-A1" lang="EN" load-source="patent-office"><claim id="clm-0001" num="0001"><!-- EPO <DP n="19"/>--><claim-text> CLAIMS </claim-text><claim-text>What is claimed is: </claim-text><claim-text>1) A hand held device comprising: </claim-text><claim-text> a) a head unit; and </claim-text><claim-text> b) a handle comprising a docking member for connecting to said head unit, and a </claim-text><claim-text> gripping portion positioned distally away from and said docking member, wherein said gripping portion comprises: </claim-text><claim-text> i) a substrate retaining member forming a receiving region; ii) a substrate removably retained by said substrate retaining member in said receiving region, said substrate comprising a top surface and bottom surface, opposite said top surface, wherein said top surface comprises a series of overlapping rings. </claim-text><claim-text>2) The hand held device of claim 1 , wherein said series of overlapping rings are selected from the group consisting embossed rings, debossed rings, visual indicia, and combinations thereof. </claim-text><claim-text>3) The hand held device of any preceding claim, wherein said series of overlapping rings comprises a first ring, and a second ring contained within said first ring. </claim-text><claim-text>4) The hand held device of any preceding claim, further comprising more than two rings. </claim-text><claim-text>5) The hand held device of any preceding claim, wherein said first ring and said second ring do not touch. </claim-text><claim-text>6) The hand held device of any preceding claim, wherein said first ring has a central point which is not the same location as the central point of the top surface. </claim-text><claim-text>7) The hand held device of any preceding claim, wherein said first ring and said second ring have offset central points. 
<!-- EPO <DP n="20"/>-->
 8) The hand held device of any preceding claim, wherein said first finger receiving region has a terraced surface. </claim-text><claim-text> 9) The hand held device of any preceding claim, wherein said series of overlapping rings comprises a spiral. </claim-text><claim-text>10) The hand held device of any preceding claim, wherein said series of overlapping rings form a plurality of concentric rings. </claim-text><claim-text>11) The hand held device of any preceding claim, wherein the central point of said plurality of concentric rings is not the central point of the substrate. </claim-text><claim-text>12) The hand held device of any preceding claim, wherein said series of overlapping rings are not circle shaped. </claim-text><claim-text>13) The hand held device of any preceding claim, wherein said series of overlapping rings have the same general shape as the periphery of said substrate. </claim-text><claim-text>14) The hand held device of any preceding claim, wherein said series of overlapping rings are formed of an elastomeric material. </claim-text><claim-text>15) The hand held device of any preceding claim, wherein said series of overlapping rings are formed of a different material from said substrate. 
</claim-text></claim></claims><copyright>User acknowledges that Fairview Research LLC and its third party providers retain all right, title and interest in and to this xml under applicable copyright laws.  User acquires no ownership rights to this xml including but not limited to its format.  User hereby accepts the terms and conditions of the Licence Agreement</copyright></patent-document>
