<?xml version="1.0" encoding="UTF-8"?>
<patent-document ucid="EP-2680812-A1" country="EP" doc-number="2680812" kind="A1" date="20140108" family-id="43923189" file-reference-id="311174" date-produced="20180823" status="corrected" lang="EN"><bibliographic-data><publication-reference fvid="146586849" ucid="EP-2680812-A1"><document-id><country>EP</country><doc-number>2680812</doc-number><kind>A1</kind><date>20140108</date><lang>EN</lang></document-id></publication-reference><application-reference ucid="EP-12706265-A" is-representative="NO"><document-id mxw-id="PAPP154849041" load-source="docdb" format="epo"><country>EP</country><doc-number>12706265</doc-number><kind>A</kind><date>20120301</date><lang>EN</lang></document-id><document-id mxw-id="PAPP175260732" load-source="docdb" format="original"><country>EP</country><doc-number>12706265.1</doc-number><date>20120301</date><lang>EN</lang></document-id></application-reference><priority-claims><priority-claim mxw-id="PPC140549268" ucid="EP-2012053520-W" linkage-type="W" load-source="docdb"><document-id format="epo"><country>EP</country><doc-number>2012053520</doc-number><kind>W</kind><date>20120301</date></document-id></priority-claim><priority-claim mxw-id="PPC140555321" ucid="GB-201103690-A" load-source="docdb"><document-id format="epo"><country>GB</country><doc-number>201103690</doc-number><kind>A</kind><date>20110304</date></document-id></priority-claim></priority-claims><technical-data><classifications-ipcr><classification-ipcr mxw-id="PCL1989319508" load-source="docdb">C08J   3/03        20060101ALI20120927BHEP        </classification-ipcr><classification-ipcr mxw-id="PCL1989320434" load-source="docdb">A61K   8/89        20060101AFI20120927BHEP        </classification-ipcr><classification-ipcr mxw-id="PCL1989321208" load-source="docdb">C08L  83/04        20060101ALI20120927BHEP        </classification-ipcr></classifications-ipcr><classifications-cpc><classification-cpc mxw-id="PCL-2050376069" load-source="docdb" scheme="CPC">C08G  77/16        20130101 LA20150527BHEP        </classification-cpc><classification-cpc mxw-id="PCL-2050376229" load-source="docdb" scheme="CPC">A61K2800/21        20130101 LA20150527BHEP        </classification-cpc><classification-cpc mxw-id="PCL-2050377554" load-source="docdb" scheme="CPC">C08J2383/04        20130101 LA20150527BHEP        </classification-cpc><classification-cpc mxw-id="PCL-2050379121" load-source="docdb" scheme="CPC">A61Q  19/00        20130101 LI20150527BHEP        </classification-cpc><classification-cpc mxw-id="PCL-2050379500" load-source="docdb" scheme="CPC">A61Q   5/12        20130101 LI20150527BHEP        </classification-cpc><classification-cpc mxw-id="PCL-2050380773" load-source="docdb" scheme="CPC">C08J   3/03        20130101 LI20150527BHEP        </classification-cpc><classification-cpc mxw-id="PCL-2050384698" load-source="docdb" scheme="CPC">A61K   8/062       20130101 LI20150527BHEP        </classification-cpc><classification-cpc mxw-id="PCL2066399439" load-source="docdb" scheme="CPC">A61Q  19/10        20130101 LI20140327BHEP        </classification-cpc><classification-cpc mxw-id="PCL2066399440" load-source="docdb" scheme="CPC">A61Q   5/02        20130101 LI20140404BHEP        </classification-cpc><classification-cpc mxw-id="PCL2066399441" load-source="docdb" scheme="CPC">C11D  17/0021      20130101 LI20140327BHEP        </classification-cpc><classification-cpc mxw-id="PCL2066399443" load-source="docdb" scheme="CPC">C08J   3/05        20130101 FI20140327BHEP        </classification-cpc><classification-cpc mxw-id="PCL2066399444" load-source="docdb" scheme="CPC">C08L  83/04        20130101 LI20140404BHEP        </classification-cpc><classification-cpc mxw-id="PCL2066399445" load-source="docdb" scheme="CPC">A61K   8/06        20130101 LI20140327BHEP        </classification-cpc><classification-cpc mxw-id="PCL2066399446" load-source="docdb" scheme="CPC">A61K   8/891       20130101 LI20140404BHEP        </classification-cpc></classifications-cpc><invention-title mxw-id="PT132365180" lang="DE" load-source="patent-office">EMULSIONSPOLYMERISATIONSVERFAHREN</invention-title><invention-title mxw-id="PT132365181" lang="EN" load-source="patent-office">EMULSION POLYMERISATION METHOD</invention-title><invention-title mxw-id="PT132365182" lang="FR" load-source="patent-office">PROCÉDÉ DE POLYMÉRISATION EN ÉMULSION</invention-title></technical-data><parties><applicants><applicant mxw-id="PPAR919527062" load-source="docdb" sequence="1" format="epo"><addressbook><last-name>DOW CORNING</last-name><address><country>US</country></address></addressbook></applicant><applicant mxw-id="PPAR919518228" load-source="docdb" sequence="1" format="intermediate"><addressbook><last-name>DOW CORNING CORPORATION</last-name></addressbook></applicant><applicant mxw-id="PPAR919005695" load-source="patent-office" sequence="1" format="original"><addressbook><last-name>Dow Corning Corporation</last-name><iid>101212936</iid><address><street>2200 West Salzburg Road P.O. Box 994</street><city>Midland, MI 48611</city><country>US</country></address></addressbook></applicant></applicants><inventors><inventor mxw-id="PPAR919533019" load-source="docdb" sequence="1" format="epo"><addressbook><last-name>CAUVIN SEVERINE</last-name><address><country>BE</country></address></addressbook></inventor><inventor mxw-id="PPAR919538809" load-source="docdb" sequence="1" format="intermediate"><addressbook><last-name>CAUVIN, SEVERINE</last-name></addressbook></inventor><inventor mxw-id="PPAR919009741" load-source="patent-office" sequence="1" format="original"><addressbook><last-name>CAUVIN, SEVERINE</last-name><address><street>Rue Emile Vandervelde 163</street><city>B-7000 Mons</city><country>BE</country></address></addressbook></inventor><inventor mxw-id="PPAR919536049" load-source="docdb" sequence="2" format="epo"><addressbook><last-name>VAN ROY BLONDINE</last-name><address><country>BE</country></address></addressbook></inventor><inventor mxw-id="PPAR919519045" load-source="docdb" sequence="2" format="intermediate"><addressbook><last-name>VAN ROY, BLONDINE</last-name></addressbook></inventor><inventor mxw-id="PPAR919016013" load-source="patent-office" sequence="2" format="original"><addressbook><last-name>VAN ROY, BLONDINE</last-name><address><street>Warandeberg 84</street><city>B-1970 Wezembeek-Oppem</city><country>BE</country></address></addressbook></inventor><inventor mxw-id="PPAR919542011" load-source="docdb" sequence="3" format="epo"><addressbook><last-name>RASSART BENOIT</last-name><address><country>BE</country></address></addressbook></inventor><inventor mxw-id="PPAR919534120" load-source="docdb" sequence="3" format="intermediate"><addressbook><last-name>RASSART, Benoit</last-name></addressbook></inventor><inventor mxw-id="PPAR919013631" load-source="patent-office" sequence="3" format="original"><addressbook><last-name>RASSART, Benoit</last-name><address><street>Rue Jules Destrée 3</street><city>B-7100 La Louvière</city><country>BE</country></address></addressbook></inventor><inventor mxw-id="PPAR919520797" load-source="docdb" sequence="4" format="epo"><addressbook><last-name>PETROSINO ALBERTO</last-name><address><country>BE</country></address></addressbook></inventor><inventor mxw-id="PPAR919533665" load-source="docdb" sequence="4" format="intermediate"><addressbook><last-name>PETROSINO, Alberto</last-name></addressbook></inventor><inventor mxw-id="PPAR919015639" load-source="patent-office" sequence="4" format="original"><addressbook><last-name>PETROSINO, Alberto</last-name><address><street>Pave D'abel 59</street><city>B-7170 Manage</city><country>BE</country></address></addressbook></inventor><inventor mxw-id="PPAR919511825" load-source="docdb" sequence="5" format="epo"><addressbook><last-name>HANSSENS SOPHIE</last-name><address><country>BE</country></address></addressbook></inventor><inventor mxw-id="PPAR919541066" load-source="docdb" sequence="5" format="intermediate"><addressbook><last-name>HANSSENS, SOPHIE</last-name></addressbook></inventor><inventor mxw-id="PPAR919013228" load-source="patent-office" sequence="5" format="original"><addressbook><last-name>HANSSENS, SOPHIE</last-name><address><street>Rue G Delvaux 79</street><city>B-1450 Chastre</city><country>BE</country></address></addressbook></inventor></inventors><agents><agent mxw-id="PPAR919016273" load-source="patent-office" sequence="1" format="original"><addressbook><last-name>Donlan, Andrew Michael</last-name><iid>100045220</iid><address><street>Dow Corning Limited, Intellectual Property Department, Cardiff Road</street><city>Barry CF63 2YL</city><country>GB</country></address></addressbook></agent></agents></parties><international-convention-data><pct-or-regional-filing-data ucid="EP-2012053520-W"><document-id><country>EP</country><doc-number>2012053520</doc-number><kind>W</kind><date>20120301</date><lang>EN</lang></document-id></pct-or-regional-filing-data><pct-or-regional-publishing-data ucid="WO-2012119916-A1"><document-id><country>WO</country><doc-number>2012119916</doc-number><kind>A1</kind><date>20120913</date><lang>EN</lang></document-id></pct-or-regional-publishing-data><designated-states><ep-contracting-states><country mxw-id="DS549846906" load-source="docdb">AL</country><country mxw-id="DS549847229" load-source="docdb">AT</country><country mxw-id="DS549846907" load-source="docdb">BE</country><country mxw-id="DS549765621" load-source="docdb">BG</country><country mxw-id="DS549765985" load-source="docdb">CH</country><country mxw-id="DS549860756" load-source="docdb">CY</country><country mxw-id="DS549860757" load-source="docdb">CZ</country><country mxw-id="DS549845241" load-source="docdb">DE</country><country mxw-id="DS549846908" load-source="docdb">DK</country><country mxw-id="DS549846909" load-source="docdb">EE</country><country mxw-id="DS549777182" load-source="docdb">ES</country><country mxw-id="DS549765622" load-source="docdb">FI</country><country mxw-id="DS549765623" load-source="docdb">FR</country><country mxw-id="DS549845246" load-source="docdb">GB</country><country mxw-id="DS549846918" load-source="docdb">GR</country><country mxw-id="DS549845247" load-source="docdb">HR</country><country mxw-id="DS549860798" load-source="docdb">HU</country><country mxw-id="DS549765986" load-source="docdb">IE</country><country mxw-id="DS549846919" load-source="docdb">IS</country><country mxw-id="DS549765624" load-source="docdb">IT</country><country mxw-id="DS549846920" load-source="docdb">LI</country><country mxw-id="DS549845248" load-source="docdb">LT</country><country mxw-id="DS549847234" load-source="docdb">LU</country><country mxw-id="DS549765629" load-source="docdb">LV</country><country mxw-id="DS549845249" load-source="docdb">MC</country><country mxw-id="DS549847235" load-source="docdb">MK</country><country mxw-id="DS549847236" load-source="docdb">MT</country><country mxw-id="DS549777183" load-source="docdb">NL</country><country mxw-id="DS549916836" load-source="docdb">NO</country><country mxw-id="DS549777184" load-source="docdb">PL</country><country mxw-id="DS549765630" load-source="docdb">PT</country><country mxw-id="DS549777197" load-source="docdb">RO</country><country mxw-id="DS549765631" load-source="docdb">RS</country><country mxw-id="DS549777198" load-source="docdb">SE</country><country mxw-id="DS549765987" load-source="docdb">SI</country><country mxw-id="DS549916837" load-source="docdb">SK</country><country mxw-id="DS549916838" load-source="docdb">SM</country><country mxw-id="DS549847237" load-source="docdb">TR</country></ep-contracting-states></designated-states></international-convention-data><office-specific-data><eptags><ep-no-a-document-published>*</ep-no-a-document-published></eptags></office-specific-data></bibliographic-data><abstract mxw-id="PA100073047" ref-ucid="WO-2012119916-A1" lang="EN" load-source="patent-office"><p num="0000">The invention relates to a method for the production of silicone in water emulsions by emulsion polymerisation. The emulsion contains particles of an organopolysiloxane polymer having an average particle diameter of less than 1µm. The method comprises: - combining a silanol end-blocked organosiloxane starting polymer, water, and a surfactant; said starting polymer having a viscosity of at least 2 Pa.s preferably at least 2.5 Pa.s preferably at least 3.5 Pa.s preferably at least 4 Pa.s and up to 150 Pa.s; - emulsifying the starting polymer by agitating or shearing the ingredients; - polymerizing the starting polymer to form a longer chain silanol end-blocked organopolysiloxane polymer; wherein at least a portion of said polymerising step is performed at a temperature of less than or equal to 16 ºC preferably less than or equal to 15 ºC.</p></abstract><abstract mxw-id="PA100341087" ref-ucid="WO-2012119916-A1" lang="EN" source="national office" load-source="docdb"><p>The invention relates to a method for the production of silicone in water emulsions by emulsion polymerisation. The emulsion contains particles of an organopolysiloxane polymer having an average particle diameter of less than 1µm. The method comprises: - combining a silanol end-blocked organosiloxane starting polymer, water, and a surfactant; said starting polymer having a viscosity of at least 2 Pa.s preferably at least 2.5 Pa.s preferably at least 3.5 Pa.s preferably at least 4 Pa.s and up to 150 Pa.s; - emulsifying the starting polymer by agitating or shearing the ingredients; - polymerizing the starting polymer to form a longer chain silanol end-blocked organopolysiloxane polymer; wherein at least a portion of said polymerising step is performed at a temperature of less than or equal to 16 ºC preferably less than or equal to 15 ºC.</p></abstract><abstract mxw-id="PA100073048" ref-ucid="WO-2012119916-A1" lang="FR" load-source="patent-office"><p num="0000">La présente invention concerne un procédé pour la production de silicone dans des émulsions aqueuses par polymérisation en émission. L'émulsion contient des particules d'un polymère d'organopolysiloxane ayant un diamètre de particule moyen inférieur à 1 µm. Le procédé comprend : - la combinaison d'un polymère de départ d'organosiloxane à blocage terminal silanol, d'eau, et d'un tensioactif ; ledit polymère de départ ayant une viscosité d'au moins 2 Pa.s de préférence au moins 2,5 Pa.s, de préférence au moins 3,5 Pa.s, de préférence au moins 4 Pa.s et jusqu'à 150 Pa.s ; - l'émulsification du polymère de départ par agitation ou cisaillement des composants ; - la polymérisation du polymère de départ pour former un polymère d'organosiloxane à blocage terminal silanol
de chaîne plus longue ; au moins une partie de ladite étape de polymérisation est effectuée à une température inférieure ou égale à 16 °C, de préférence inférieure ou égale à 15 °C.</p></abstract><abstract mxw-id="PA100341088" ref-ucid="WO-2012119916-A1" lang="FR" source="national office" load-source="docdb"><p>La présente invention concerne un procédé pour la production de silicone dans des émulsions aqueuses par polymérisation en émission. L'émulsion contient des particules d'un polymère d'organopolysiloxane ayant un diamètre de particule moyen inférieur à 1 µm. Le procédé comprend : - la combinaison d'un polymère de départ d'organosiloxane à blocage terminal silanol, d'eau, et d'un tensioactif ; ledit polymère de départ ayant une viscosité d'au moins 2 Pa.s de préférence au moins 2,5 Pa.s, de préférence au moins 3,5 Pa.s, de préférence au moins 4 Pa.s et jusqu'à 150 Pa.s ; - l'émulsification du polymère de départ par agitation ou cisaillement des composants ; - la polymérisation du polymère de départ pour former un polymère d'organosiloxane à blocage terminal silanol de chaîne plus longue ; au moins une partie de ladite étape de polymérisation est effectuée à une température inférieure ou égale à 16 °C, de préférence inférieure ou égale à 15 °C.</p></abstract><description mxw-id="PDES51374079" ref-ucid="WO-2012119916-A1" lang="EN" load-source="patent-office"><!-- EPO <DP n="2"/>--><p id="p0001" num="0001"> EMULSION POLYMERISATION METHOD </p><p id="p0002" num="0002">[0001] This invention relates to a method for the production of silicone in water emulsions by emulsion polymerisation. </p><p id="p0003" num="0003">[0002] Silicone in water emulsions can be classically prepared by mechanical </p><p id="p0004" num="0004">emulsification of the silicone or by emulsion polymerization. Generally, mechanical emulsification is used when a relatively low viscosity silicone needs to be emulsified. </p><p id="p0005" num="0005">Indeed, above certain viscosities (600 Pa.s), the silicone cannot be emulsified anymore with conventional mixers without the particle size becoming too high. </p><p id="p0006" num="0006">[0003] Thus in order to prepare emulsion of high viscosity silicone, a polymerization reaction is necessary. [0004] Various cyclosiloxanes including octamethylcyclotetrasiloxane (D4) and </p><p id="p0007" num="0007">decamethylcyclopentasiloxane (D5) are extensively used as monomers as they are cost effective and available in large quantities. However, the ring-opening polymerization of cyclosiloxanes is not complete and sometimes a large amount of residual </p><p id="p0008" num="0008">octamethylcyclotetrasiloxane (D4) and decamethylcyclopentasiloxane (D5) stays in the final product (typically 2-10%). Short hydroxyl terminated (poly)diorganosiloxane are also used as starting material using a condensation reaction that leads to silicone emulsions with high internal phase viscosity. In this last method, around 1 % octamethylcyclotetrasiloxane (D4) and decamethylcyclopentasiloxane (D5) are generated as an unintended by-product of the condensation reaction. Reducing the presence of solvents, un-reacted siloxanes, catalyst residues, cyclic polymerization by-products, and other impurities in silicone emulsions is an ongoing challenge in the art. The need to reduce such impurities may arise, among other reasons, when such impurities are incompatible with downstream applications (for example, medical, cosmetic, and personal care applications), where the presence of such impurities would reduce the stability of an emulsion, or where regulatory requirements require removal or reduction of their presence. In particular, there is an interest to reduce the presence of cyclosiloxanes, such as octamethylcyclotetrasiloxanes (D4) and </p><p id="p0009" num="0009">decamethylcyclopentasiloxanes (D5), and optionally dodecamethylcyclohexasiloxane (D6), in silicone emulsions. 
<!-- EPO <DP n="3"/>-->
 [0005] The abstract of JP11071522A describes a reaction using short hydroxyl-PDMS but the level of cyclics is rather high, being up to 3.5 wt%. US6235834B1 describes an emulsion polymerisation but with the use of various specific anionic surfactants and particle sizes must be above 1 micron which is not appropriate for many applications as it limits the stability of the emulsions. </p><p id="p0010" num="0010">[0006] US6232396B1 describes the process for the preparation of emulsions and shows some control over the condensation reaction to limit the formation of cyclics below 1 % but the inventors of the present invention prefer further control over cyclic formation. </p><p id="p0011" num="0011">[0007] WO2009/129175 describes a process for preparing an emulsion composition by forming a mixture of a silanol functional polyorganosiloxane, a boron compound, an emulsifier, and then admixing water to the mixture to form an emulsion. The mixing step is generally conducted at ambient temperature and pressure. </p><p id="p0012" num="0012">[0008] WO2005/040250 describes an emulsion composition containing (i) a linear hydroxyl terminated polydiorganosiloxane, (ii) a silicone MQ resin and (iii) an organofunctional polysiloxane. [0009] EP1069149 describes a method for preparing an emulsion containing particles of an organopolysiloxane polymer with average particle diameter of at least one micron. </p><p id="p0013" num="0013">[0010] The abstract of JP2000053769 describes a polyorganosiloxane emulsion obtained with starting from a silanol group-terminated polydiorganosiloxane having a viscosity of 10 to 3,000 cSt. Density of polydiorganosiloxane being about 1 , the viscosity is up to 3 Pa s. The temperature condition of the polymerization is preferably the freezing point of the emulsion to 20 °C. </p><p id="p0014" num="0014">[0011] The abstract of JP200797533 describes a method for producing a functional group- containing diorganopolysiloxane emulsion having a small median diameter, starting from a terminal hydroxydiorganopolysiloxane represented by general formula H-[0-Si(R)2n-OH]<sub>n</sub>-OH wherein R is a monovalent hydrocarbon group and n is an integer between 10 and 200. 
<!-- EPO <DP n="4"/>-->
 [0012] EP1072629 describes a process for making a silicone emulsion comprising preparing a neutral aqueous surfactant by adding to water an anionic surfactant and a base and mixing to form a uniform neutral aqueous surfactant having a pH of about 7. The starting polysiloxane used has a viscosity from about 15 to about 1000 centistokes. </p><p id="p0015" num="0015">[0013] Thus the prior art does not describe a method which can be used to achieve a low rate of cyclic formation for such an emulsion polymerisation reaction, especially with an acceptable average particle size and acceptable polymerization time. An object of the present invention is to mitigate or alleviate at least one of the problems associated with the prior art. </p><p id="p0016" num="0016">[0014] According to a first aspect of the invention, there is provided a method of preparing an emulsion containing particles of an organopolysiloxane polymer having an average particle diameter of less than 1 μηι, the method comprising: </p><p id="p0017" num="0017">(i) combining a silanol endblocked organosiloxane starting polymer, water, and a </p><p id="p0018" num="0018"> surfactant; said starting polymer having a viscosity of at least 2 Pa.s, preferably at least 2.5 Pa.s preferably at least 3.5 Pa.s and up to 150 Pa.s </p><p id="p0019" num="0019"> (ii) emulsifying the starting polymer by agitating or shearing the ingredients; </p><p id="p0020" num="0020"> (ii) polymerizing the starting polymer to form a longer chain silanol end-blocked </p><p id="p0021" num="0021"> organopolysiloxane polymer; </p><p id="p0022" num="0022">wherein at least a portion of said polymerising step is performed at a temperature of less than or equal to 16 °C, preferably less than or equal to 15 °C, preferably less than 14 °C. </p><p id="p0023" num="0023">[0015] For certain embodiments the viscosity may be up to 100 Pa.s which assists in producing particle sizes of less than 1 micron. </p><p id="p0024" num="0024">[0016] In certain embodiments the polymerisation step is started at a first temperature and then reduced to a lower temperature, said lower temperature being less than or equal to 15 °C, optionally less than 12 °C. </p><p id="p0025" num="0025">[0017] Normally the starting temperature is less than or equal to 25 °C, optionally less than or equal to 22 °C. Normally the starting temperature is more than or equal to 18 °C. Thus normally the polymerisation is started at a temperature of above or equal to 18 °C, optionally above or equal to 20 °C, and reduced to said lower temperature of below or equal to 15 °C. For certain embodiments, the lower temperature may be below or equal to 12 °C. 
<!-- EPO <DP n="5"/>-->
 [0018] For certain embodiments, the portion of the polymerisation step performed at less than or equal to 15 °C is also performed at a temperature more than 2 °C, optionally more than 5 °C optionally more than 10 °C. [0019] Viscosities are expressed in Pascal-seconds (Pa.s) and are typically measured following ASTM D4287 using a Brookfield type of viscosimeter namely a cone/plate CP-52 at 25 °C at 1 rpm for the starting organopolysiloxane and at 25 °C for final organopolysiloxane with a cone/plate DVIII NO. 52 at 0.3 rpm. [0020] Thus the inventors of the present invention have gone against the teaching in the art and increased the viscosity of the starting polymer to at least 2, preferably at least 2.5 preferably at least 3.5 preferably 4 Pa.s which, in itself, will increase the particle size. This is in marked contrast to the accepted wisdom in the art where particle size is minimised to maintain a stable emulsion. Indeed the use of polymerisation emulsion in preference to mechanical emulsion is intended to minimise particle size and so including a step which would result, in itself, in an increased particle size is not expected. Moreover one may expect such a high viscosity starting polymers to be extremely difficult to emulsify before the polymerisation reaction. [0021] Nevertheless to mitigate or eliminate the increase in particle size it is preferred to use a high shear method, that is the siloxane starting polymer, the surfactant and the water are fed into a high shear mixer through a single supply line and the pressure in the supply line at the inlet to the high shear mixer is monitored to be within 20% of a target pressure predetermined to give a desired emulsion particle size. The target pressure may be within the range 0.05 to 40 bar. </p><p id="p0026" num="0026">[0022] Typically a high-shear dynamic mixer (Homomic line mixer from Tokushu Kika Kogyo Co. or Greerco® From Chemineer, Inc.) is used and a method followed as described in EP135201 1 , the disclosure of which is incorporated herein in its entirety by reference. </p><p id="p0027" num="0027">[0023] Alternatively to a high-shear dynamic mixer, a high-shear device like a Change Can Mixer (Charles Ross &amp; Son Company) can be used. The emulsion is thus supplied as a concentrated emulsion which is then diluted and reacted in a tank or a reactor. 
<!-- EPO <DP n="6"/>-->
 [0024] Thus an advantage of certain embodiments is that the particle sizes are kept reasonably small, normally less than 1 μηι preferably less than 0.8 μηι sometimes less than 0.6 μηι or less than 0.5 μηι. This provides a more stable emulsion. Typically, Dv[0.5] is below 0.5 μηι. The advantage of having small particle size is that reaction time is reduced and it improves the stability of the emulsion upon creaming. </p><p id="p0028" num="0028">[0025] Average particle diameter sizes are measured using a Malvern Mastersizer 2000 or with a Microtrac UPA150. Dv[0.5] is the volume average diameter, [0.5] means that 50% of the volume of the sample has a particle diameter below this value. </p><p id="p0029" num="0029">[0026] The inventors of the present invention discovered that managing the temperature profile by performing at least a portion of the polymerisation at or below 16 °C preferably at or below 15 °C more preferably at or below 14°C surprisingly results in a reduced cyclics level, without a significant effect on the reaction time. </p><p id="p0030" num="0030">[0027] In certain embodiments starting the reaction at least 18 °C and at most 25 °C; and then decreasing to 15 °C or below is particularly beneficial since the reaction time can be reduced by at least 1 hour compared to working at a constant temperature at or below 15 °C. [0028] The reaction can be completed in, for example, 1 - 24 hours, preferably 2 to 16 hours for example 2 - 10 hours, optionally 2 - 8 hours. However, if less acid/surfactant catalyst is added then the reaction can take longer to complete up to 24 hours. </p><p id="p0031" num="0031">[0029] Moreover during large scale production of preferred embodiments, the </p><p id="p0032" num="0032">polymerisation may be started without waiting for the emulsion to be cooled to below 15 °C. A benefit of this is that it can save production time, potentially as much as four hours or more. </p><p id="p0033" num="0033">[0030] Moreover in large scale production less energy is required since the starting polymer of certain embodiments does not need to be cooled to below 15 °C before starting the polymerisation. </p><p id="p0034" num="0034">[0031] The time at said lower temperature may be at least 30%, optionally more than 60% of the total reaction time. The lower temperature is normally more than 2 °C, typically more than 5 °C preferably more than 10 °C. 
<!-- EPO <DP n="7"/>-->
 [0032] Typically the process is a continuous process and so the starting silanol endblocked organosiloxane polymer, surfactant(s) and water are continuously fed to the high shear mixer in such proportions so as to form a viscous oil in water emulsion which is typically continuously withdrawn from the mixer. </p><p id="p0035" num="0035">[0033] The surfactant is normally anionic such as alkylaryl sulfonic acids and their salts, alkyi sulfonic acids and their salts, alkylesters of sulfosuccinic acids and their salts, alkyi aryl polyethylene glycol ether sulfates, alkyi polyethylene glycol ether sulphates, alkyi ether of sulfuric acids and their salts which have some catalytic activity for condensation </p><p id="p0036" num="0036">polymerisation of polysiloxanes naturally or in acidic media. However, the anionic surfactant is more preferably introduced for the emulsification under its neutralized form, for example alkylarylsulfonic and alkylsulfonics acids are normally neutralized by a base, such as triethanolamine (TEA) or sodium hydroxide, and the product of the neutralisation is used for the emulsification. The salts forms of sulphonates and sulphates, such as sodium </p><p id="p0037" num="0037">alkylbenzene sulphonate, can also be used directly if they do not present any catalytic activity for condensation polymerization of polysiloxane. </p><p id="p0038" num="0038">[0034] Example of suitable (but not exhaustive) surfactants are hexylbenzene sulfonic acid, octylbenzene sulfonic acid, decylbenzene sulfonic acid, linear or branched </p><p id="p0039" num="0039">dodecylbenzene sulfonic acid, linear or branched C10-C14 benzene sulfonic acid, sodium linear or branched C10-C14 benzene sulfonate, ammonium linear or branched C10-C14 benzene sulfonate, linear or branched C10-C14 sulphates, sodium lauryl sulphates, sodium laureth sulphates and the mixture of the above mentioned [0035] Typically step (iii) is performed by adding a condensation specific acid catalyst. This can be further addition of catalytically active anionic surfactant, typically under their acidic form, as described above or any suitable strong acid. One particularly suitable acid is a mixture of alkylbenzene sulfonic acids, alkylsulfonic acids, sulfuric acid or hydrochloric acid. [0036] The amount of water used for preparing the emulsion being 10-90 percent by weight based on the total weight of the emulsion. </p><p id="p0040" num="0040">[0037] Typically the amount of starting silanol end-blocked organopolysiloxane used for preparing the emulsion being 25-80 wt %, optionally 35 - 65 wt %, based on the total weight of the emulsion. 
<!-- EPO <DP n="8"/>-->
 [0038] The amount of anionic surfactant used for preparing the emulsion being 0.5-10 wt %, optionally 1.5 - 8 wt %, based on the total weight of the emulsion. </p><p id="p0041" num="0041">[0039] In case of the use of a catalytically active anionic surfactant, the molar ratio between the catalytically active anionic surfactant and the base to neutralise it is normally 1- 1.5. </p><p id="p0042" num="0042">[0040] A molar ratio of active acid R<sup>+</sup> is defined as being the ratio between the molar amount of catalytically active anionic surfactant plus the molar amount of condensation catalyst minus the molar amount of base divided by the molar amount of catalytically active anionic surfactant. </p><p id="p0043" num="0043">[0041] The amount of condensation catalyst is calculated such as R<sup>+</sup> may be between 0.1 and 5, optionally 0.9 and 1.5. </p><p id="p0044" num="0044">[0042] Typically the polymerising step (iii) is continued until the resulting </p><p id="p0045" num="0045">organopolysiloxane polymer has attained the desired increase in viscosity. Neutralizing agent is normally added to stop the polymerisation to reach a final pH, which may be in the range of 6.5-8, most typically between 7-7.5. </p><p id="p0046" num="0046">[0043] Suitable neutralizing agents are strong or weak bases such as amines, typically triethanolamine or a hydroxide salt, such as sodium hydroxide. </p><p id="p0047" num="0047">[0044] The viscosity of the starting polymer may be above 2 Pa.s, preferably above 3.5 more preferably above 4 Pa s. </p><p id="p0048" num="0048">[0 </p><p id="p0049" num="0049"><img id="imgf000008_0001" he="51" wi="151" file="imgf000008_0001.tif" img-format="tif" img-content="drawing" orientation="portrait" inline="no"/><!-- EPO <DP n="9"/>-->
 wherein to R<sub>6</sub> represent an alkyl group containing 1-6 carbon atoms or an aryl group, and n is normally in the range of 300 - 2000, preferably 500-2000 and more normally in the range of 500 - 1000. [0046] After step (ii) and before step (iii), the concentrated oil in water emulsion containing the siloxane starting polymer may be diluted further, for example by the addition of water especially when a continuous process is used. </p><p id="p0050" num="0050">[0047] Typically, internal phase viscosity, that is the viscosity of the polymerised particles, is 600 Pa.s to 5000 Pa.s for certain embodiments of the present invention. </p><p id="p0051" num="0051">[0048] An advantage of certain embodiments is that the reaction is controlled and so the level of D4, D5 and D6 formed during the reaction attained to be less than 0.1 % for one or more, sometimes each of D4, D5 and D6. </p><p id="p0052" num="0052">[0049] The emulsifying step may be continued until the particle size Dv0.5 may be below 1 μηι optionally below Ο.δμηι. </p><p id="p0053" num="0053">[0050] For certain embodiments of the invention, the emulsion can contain some additives such as non-ionic surfactant(s) used to reduce particle size during the emulsification or added in post-addition for the stability of the emulsion, biocides for preventing </p><p id="p0054" num="0054">microbiological growth, and/or organic or inorganic thickener for improving emulsion stability towards creaming. In some preferred embodiments, the surfactant is an anionic surfactant with optionally one or more non-ionic surfactant(s). It can be used in a weight percentage of maximum 3% preferably below 1 % in percentages of the weight of the emulsion containing the silanol end-blocked organosiloxane, water and surfactant. </p><p id="p0055" num="0055">[0051] Examples of non-ionic surfactants include polyoxyalkylene alkyl ethers such as polyethylene glycol long chain (9-22C, especially 12-14C) alkyl ether, polyoxyalkylene sorbitan ethers, polyoxyalkylene alkoxylate esters, ethylene oxide propylene oxide copolymers, polyvinyl alcohol, glyceride esters and alkylpolysaccharides. </p><p id="p0056" num="0056">[0052] The polymerisation step is normally stopped before 0.1 % of each of D4 and D5 are formed. 
<!-- EPO <DP n="10"/>-->
 [0053] The invention provides a composition comprising an emulsion containing particles of a silanol end-blocked organopolysiloxane polymer having an average particle diameter of less than 1 μηι, the composition containing less than 0.1 wt % of </p><p id="p0057" num="0057">octamethylcyclotetrasiloxane (D4) and less than 0.1 wt % decamethylcyclopentasiloxane (D5). </p><p id="p0058" num="0058">[0054] The composition is suitable for use within a hair shampoo, hair conditioner, hair treatment, for skin care products, for paper or textile treatment, leather treatment and/or home care applications. </p><p id="p0059" num="0059">[0055] Embodiments of the invention will now be described by way of example only. </p><p id="p0060" num="0060">COMPARATIVE EXAMPLE [0056] First, to provide a composition comprising an acid, a base and the starting end- blocked siloxane polymer, 116.8 g of Marlon AS 3 (alkylbenzene sulfonic acid) was added to 1572.6g of water in a 5L plastic pail under stirring (250 rpm). 99g of triethanolamine LFG 85% was then added to the surfactant solution. When the aqueous solution was </p><p id="p0061" num="0061">homogeneous, 2200g of a Me<sub>2</sub>SiOH terminated dimethylpolysiloxane having a viscosity of approximately 100 mPa sec and a number average molecular weight of approximately 4,000 was then added under stirring (500 rpm). After 1 hour stirring, a coarse emulsion was obtained and then passed three times in a Rannie mixer at 700bar. This masterbatch emulsion had average mean particle size of 0.169 micron. [0057] 732g of this masterbatch emulsion was poured in a 1 litre double-wall glass reactor. The temperature was decreased until 21 °C and, in order to start the emulsion polymerisation reaction, 55.06g of sulfuric acid 10% was added under stirring (500 rpm) for 5 minutes. After 5 minutes, the stirring rate was decreased to 250 rpm. The temperature of the reaction was decreased slowly down to 10°C in 10 hours. After 10 hours, the reaction was stopped by the addition of 21.5g of triethanolamine. The viscosity of the final endblocked siloxane was 1600 Pa.s. The level of D4, D5 and D6 formed are respectively 0.225, 0.046 and 0.031 wt %. In this comparative example the level of D4 was too high to get the desired polysiloxane viscosity (1000 Pa s) for the application. 
<!-- EPO <DP n="11"/>-->
 EXAMPLE 1 </p><p id="p0062" num="0062">[0058] First, to provide a composition comprising an acid, base and the starting polymer, 400 g of triethanolamine was added into Change Can Mixer followed by the addition of 400g of Marlon AS 3 (alkylbenzene sulfonic acid). The mixture was gently mixed with a scrapper at 30 rpm. 150g of distilled water was then added under stirring (60 rpm). 4400 g of a Me<sub>2</sub>SiOH terminated dimethylpolysiloxane having a viscosity of approximately 50,000 mPa sec. (cP) and a number average molecular weight of approximately 64,000 was then added. The mixture was stirred for 20 minutes at 3500 rpm. A concentrated oil in water emulsion was obtained. 2548 g of dilution water was then slowly poured. This masterbatch emulsion had average mean particle size of 0.233 micron. </p><p id="p0063" num="0063">[0059] 545 g of this masterbatch emulsion was further diluted with 202g of water in a 1 litre double-wall glass reactor. The temperature was decreased until 21 °C and, in order to start the emulsion polymerisation reaction, 92.8g of sulphuric acid 10% was added under stirring (500 rpm) for 5 minutes. After 5 minutes, the stirring rate was decreased to 250 rpm. The temperature of the reaction was decreased slowly down to 14°C in 2 hours and down to 10°C in 4 hours. After 6 hours, the reaction was stopped by the addition of 35g of triethanolamine. The polymer extracted from the emulsion had a viscosity of 2600 Pa.s. The level of D4, D5 and D6 formed are respectively 0.068, 0.011 and 0 wt %. </p><p id="p0064" num="0064">EXAMPLE 2 </p><p id="p0065" num="0065">[0060] First, to provide a composition comprising an acid, base and the starting polymer, 402 g of triethanolamine was added into Change Can Mixer followed by the addition of 464g of Marlon AS 3 (alkylbenzene sulfonic acid). The mixture was gently mixed with a scrapper at 30 rpm. 150g of distilled water was then added under stirring (60 rpm). 4400 g of a Me<sub>2</sub>SiOH terminated dimethylpolysiloxane having a viscosity of approximately 14,000 mPa sec. (cP) and a number average molecular weight of approximately 44,000 was then added. The mixture was stirred for 20 minutes at 3500 rpm. A concentrated oil in water emulsion was obtained. 2550 g of dilution water was then slowly poured. This masterbatch emulsion had average mean particle size of 0.196 micron. 
<!-- EPO <DP n="12"/>-->
 [0061] 652g of this masterbatch emulsion was further diluted with 101.2g of water in a 1 litre double-wall glass reactor. The temperature was decreased until 21 °C and, in order to start the emulsion polymerisation reaction, 99.8 g of sulfuric acid 10% was added under stirring (500 rpm) for 5 minutes. After 5 minutes, the stirring rate was decreased to 250 rpm. The temperature of the reaction was decreased slowly down to 10°C in 4 hours. After 6 hours, the reaction was stopped by the addition of 37.7g of triethanolamine. The polymer extracted from the emulsion had a viscosity of 2750 Pa.s. The level of D4, D5 and D6 formed are respectively 0.072, 0.012 and 0 wt %. EXAMPLE 3 </p><p id="p0066" num="0066">[0062] First, to provide a composition comprising an acid, base and the starting polymer, 400 g of triethanolamine was added into Change Can Mixer followed by the addition of 464g of Marlon AS 3 (alkylbenzene sulfonic acid). The mixture was gently mixed with a scrapper at 30 rpm. 150g of distilled water was then added under stirring (60 rpm). 4400 g of a</p><p id="p0067" num="0067">Me<sub>2</sub>SiOH terminated dimethylpolysiloxane having a viscosity of approximately 5,000 mPa sec. (cP) and a number average molecular weight of approximately 33,000 was then added. The mixture was stirred for 35 minutes at 3500 rpm. A concentrated oil in water emulsion was obtained. 2550 g of dilution water was then slowly poured. This masterbatch emulsion had average mean particle size of 0.200 micron. </p><p id="p0068" num="0068">[0063] 700.1 g of this masterbatch emulsion was further diluted with 100.2g of water in a 1 litre double-wall glass reactor. The temperature was decreased until 21 °C and, in order to start the emulsion polymerisation reaction, 97.6 g of sulfuric acid 10% was added under stirring (500 rpm) for 5 minutes. After 5 minutes, the stirring rate was decreased to 250 rpm. The temperature of the reaction was decreased slowly down to 10°C in 4 hours. After 6 hours, the reaction was stopped by the addition of 36.3g of triethanolamine. The polymer extracted from the emulsion had a viscosity of 1300Pa.s. The level of D4, D5 and D6 formed are respectively 0.083, 0.016 and 0.006 wt %. 
<!-- EPO <DP n="13"/>-->
 EXAMPLE 4 </p><p id="p0069" num="0069">[0064] First, to provide a composition comprising an acid, base and the starting polymer, 198 g of triethanolamine was added into Change Can Mixer followed by the addition of 234g of Marlon AS 3 (alkylbenzene sulfonic acid). The mixture was gently mixed with a scrapper at 30 rpm. 176g of distilled water was then added under stirring (60 rpm). 4400 g of a Me<sub>2</sub>SiOH terminated dimethylpolysiloxane having a viscosity of approximately 5,000 mPa sec. (cP) and a number average molecular weight of approximately 33,000 was then added. The mixture was stirred for 25 minutes at 3500 rpm. A concentrated oil in water emulsion was obtained. 2922 g of dilution water was then slowly poured. This masterbatch emulsion had average mean particle size of 0.297 micron. </p><p id="p0070" num="0070">[0065] 821.3g of this masterbatch emulsion was poured in a 1 litre double-wall glass reactor. The temperature was decreased until 21 °C and, in order to start the emulsion polymerisation reaction, 62.09g of sulphuric acid 10% was added under stirring (500 rpm) for 5 minutes. After 5 minutes, the stirring rate was decreased to 250 rpm. The temperature of the reaction was decreased slowly down to 10°C in 4 hours. After 10 hours, the reaction was stopped by the addition of 24.5g of triethanolamine. The polymer extracted from the emulsion had a viscosity of 1500Pa.s. The level of D4, D5 and D6 formed are respectively 0.087, 0.017 and 0.008 wt %. </p><p id="p0071" num="0071">EXAMPLE 5 </p><p id="p0072" num="0072">[0066] First, to provide a composition comprising an acid, base and the starting polymer, 400 g of triethanolamine was added into Change Can Mixer followed by the addition of 464g of Marlon AS 3 (alkylbenzene sulfonic acid). The mixture was gently mixed with a scrapper at 30 rpm. 180g of distilled water was then added under stirring (60 rpm). 4400 g of a Me<sub>2</sub>SiOH terminated dimethylpolysiloxane having a viscosity of approximately 2,500 mPa sec. (cP). The mixture was stirred for 25 minutes at 3500 rpm. A concentrated oil in water emulsion was obtained. 2521 g of dilution water was then slowly poured. This masterbatch emulsion had average mean particle size of 0.186 micron. 
<!-- EPO <DP n="14"/>-->
 [0067] 650.1 g of this masterbatch emulsion was poured in a 1 litre double-wall glass reactor. The temperature was decreased until 21 °C and, in order to start the emulsion polymerisation reaction, 99.04g of sulphuric acid 10% was added under stirring (500 rpm) for 5 minutes. After 5 minutes, the stirring rate was decreased to 250 rpm. The temperature of the reaction was decreased slowly down to 10°C in 4 hours. After 10 hours, the reaction was stopped by the addition of 25.99g of triethanolamine TEA. The polymer extracted from the emulsion had a viscosity of 1700Pa.s. The level of D4, D5 and D6 formed are respectively 0.088, 0.017 and 0.008 wt %. 
<!-- EPO <DP n="15"/>-->
</p><p id="p0073" num="0073">Starting Marlon Final D4 D5</p><p id="p0074" num="0074">Starting End TEA (wt Reaction </p><p id="p0075" num="0075"> Viscosity AS 3 (wt R+ Viscosity formation formati temp.(°C) temp.(°C) %) Time (h) </p><p id="p0076" num="0076"> (mPa.s) %) (Pa.s) (wt %) (wt %) </p><p id="p0077" num="0077">Example 6a 21 10 80000 2.9 2.5 1.14 5.0 972 0.030 0.000 </p><p id="p0078" num="0078">Example 6b 21 10 80000 2.9 2.5 0.1 1 19.0 940 0.040 0.009 </p><p id="p0079" num="0079">Example 6c 21 10 80000 2.9 2.5 4.00 3.1 902 0.050 0.009 </p><p id="p0080" num="0080">Example 7a 10 10 60000 2.9 2.5 1.14 5.0 690 0.017 0.002 </p><p id="p0081" num="0081">Example 7b 20 10 60000 2.9 2.5 1.14 5.4 964 0.054 0.009 </p><p id="p0082" num="0082">Example 8a 10 10 5000 2.4 2 1.14 7.5 1030 0.055 0.012 </p><p id="p0083" num="0083">Example 8b 21 10 5000 2.4 2 1.14 7.5 1410 0.070 0.016 </p><p id="p0084" num="0084">Example 9 18 15 5000 2.4 2 1.14 7.5 1643 0.088 0.025 </p><p id="p0085" num="0085">Example 10 10 10 60000 2.9 2.5 1.14 10 1 112 0.055 0.035 </p><p id="p0086" num="0086">Example 1 1 21 10 20000 2.3 2.1 1.14 3.0 710 0.067 0.023 </p><p id="p0087" num="0087">Summary tab e: level of si tarting polymer is set at A 15 wt % silicone for all the examples described in the table 
<!-- EPO <DP n="16"/>-->
</p><p id="p0088" num="0088">Masterbatch for Example 6 </p><p id="p0089" num="0089">[0068] First, to provide a composition comprising an acid, base and the starting polymer, 313 g of triethanolamine was added into Change Can Mixer followed by the addition of 369g of Marlon AS 3 (alkylbenzene sulfonic acid). The mixture was gently mixed with a scrapper at 30 rpm. 251 g of distilled water was then added under stirring (60 rpm). 5700 g of a Me<sub>2</sub>SiOH terminated dimethylpolysiloxane having a viscosity of approximately 80, 000 mPa sec. (cP). The mixture was stirred for 25 minutes at 3500 rpm. A concentrated oil in water emulsion was obtained. 1368 g of dilution water was then slowly poured. This masterbatch emulsion had average mean particle size of 0.396 micron. </p><p id="p0090" num="0090">Masterbatch for Example 7 </p><p id="p0091" num="0091">[0069] Same as for example 6 except that the terminated dimethylpolysiloxane has a viscosity of approximately 60,000 mPa sec. (cP). This masterbatch emulsion had average mean particle size of 0.41 micron. </p><p id="p0092" num="0092">Masterbatch for Example 8 and 9 [0070] First, to provide a composition comprising an acid, base and the starting polymer, 259 g of triethanolamine was added into Change Can Mixer followed by the addition of 305g of Marlon AS 3 (alkylbenzene sulfonic acid). The mixture was gently mixed with a scrapper at 30 rpm. 270g of distilled water was then added under stirring (60 rpm). 5779 g of a Me<sub>2</sub>SiOH terminated dimethylpolysiloxane having a viscosity of approximately 5, 000 mPa sec. (cP). The mixture was stirred for 25 minutes at 3500 rpm. A concentrated oil in water emulsion was obtained. 1387 g of dilution water was then slowly poured. This masterbatch emulsion had average mean particle size of 0.303 micron. </p><p id="p0093" num="0093">Masterbatch of Example 10 </p><p id="p0094" num="0094">[0071] Same as for example 6 except that 57g of polyoxyethylene (12) tridecyl ether as non-ionic surfactant, is added after the Marlon AS3 abd the terminated dimethylpolysiloxane has a viscosity of approximately 60,000 mPa sec. (cP). This masterbatch emulsion had average mean particle size of 0.31 micron. 
<!-- EPO <DP n="17"/>-->
 Reaction Conditions for example 6 to 11 </p><p id="p0095" num="0095">[0072] For the examples 6 to 11 presented in the summary table, between 450 and 900g of masterbatch emulsion described above were poured was poured in a 1 litre double-wall glass reactor. The temperature was decreased until the "starting temperature" and, in order to start the emulsion polymerisation reaction, a certain quantity of sulphuric acid 10% to reach the right R+ was added under stirring (500 rpm) for 5 minutes. After 5 minutes, the stirring rate was decreased to 250 rpm. The temperature of the reaction was decreased slowly down to the "final temperature" in 4 hours. The reaction was stopped by the addition of enough triethanolamine to reach a pH between 7 and 7.5 once the desired final viscosity is reached. </p><p id="p0096" num="0096">[0073] Example 6a, b and c show that a large range of R+ can be used. Still the formation of cyclics is low and the final viscosity is reasonably high without impairing strongly the reaction rate </p><p id="p0097" num="0097">[0074] Examples 7a and 7b show the influence of the benefit of using a temperature ramp during the reaction compared to a constant temperature. Example 7a is carried out at 10°C and the polymerization of the example 7b is started at 21 °C and then the temperature decreased down to 10°C after 4 hours of reaction. One can see that after 5 hours of reaction, a higher internal phase viscosity is obtained in the case of use of the temperature ramp profile instead of a constant temperature, keeping below 0.1 % the formation of D4 and D5. [0075] Example 8 shows the same thing despite the use of a less viscous hydroxyl- terminated organopolysiloxane at the starting point. After 7.5 hours of reaction, the final viscosity is obtained keeping below 0.1 % the formation of D4 and D5. </p><p id="p0098" num="0098">[0076] In addition to a reduction of the reaction, the advantageous of starting at 20°C instead of 10°C is a reduction of the total production batch time. Indeed, few hours are required to cool down the full reactor to 10°C. </p><p id="p0099" num="0099">[0077] Example 9 shows that high final viscosity and low formation of D4 and D5% is obtained with another ramp of temperature with a starting temperature of 18°C reduced to 15°C after 4 hours. 
<!-- EPO <DP n="18"/>-->
 [0078] Example 10 needs to be compared to Example 7a. The addition of a non-ionic surfactant in example 10 allows reducing particle size from 0.4 to 0.3um. The polymerization was carried out as for the other examples. Despite the presence of the non-ionic surfactant, a final viscosity of 1 110 Pa.s is reached in 10 hours still with a formation of cyclics inferior to 0.1 %. </p><p id="p0100" num="0100">EXAMPLE 11 </p><p id="p0101" num="0101">[0079] Triethanolamine, Marlon AS 3 (alkylbenzene sulfonic acid), Me<sub>2</sub>SiOH terminated dimethylpolysiloxane having a viscosity of approximately 20,000 mPa sec. (cP) and water were feed to a premix mixer running at 500 rpm and then to a high shear dynamic mixer (Homomic Line Mill) running at 3000 rpm. The detailed process is described in the example 1 and 2 of the patent EP 1352011. The rate of feeding of Triethanolamine, Marlon AS 3 (alkylbenzene sulfonic acid), Me<sub>2</sub>SiOH terminated dimethylpolysiloxane and water was respectively 15kg/h, 16.5kg/h, 325kg/h and 7kg/h which gives a composition respectively of 4.2 wt %, 4.5 wt %, 89.4 wt %, 1.9 wt %. </p><p id="p0102" num="0102">[0080] Thus the various non-limiting examples show a small level of cyclics production compared with the comparative example outwith the scope of the invention. </p><p id="p0103" num="0103">[0081] Embodiments of the invention may be used in a variety of applications such as hair shampoos, hair conditioners, leather treatment or for a delivery formulation for skin care products. They may also be used in paper or textile coating and home care applications. [0082] Improvements and modifications may be made without departing from the scope of the invention. 
</p></description><claims mxw-id="PCLM44998693" ref-ucid="WO-2012119916-A1" lang="EN" load-source="patent-office"><claim-statement><!-- EPO <DP n="19"/>-->CLAIMS </claim-statement><claim id="clm-0001" num="1"><claim-text>1. A method of preparing an emulsion containing particles of an organopolysiloxane polymer having an average particle diameter of less than 1 μηι, the method comprising: </claim-text><claim-text> (i) combining a silanol end-blocked organosiloxane starting polymer, water, and a surfactant; said starting polymer having a viscosity of at least 2 Pa.s preferably at least 2.5 Pa.s preferably at least 3.5 Pa.s preferably at least 4 Pa.s and up to 150 Pa.s; </claim-text><claim-text> (ii) emulsifying the starting polymer by agitating or shearing the ingredients;</claim-text><claim-text>(iii) polymerizing the starting polymer to form a longer chain silanol end- blocked organopolysiloxane polymer; </claim-text><claim-text> wherein at least a portion of said polymerising step is performed at a temperature of less than or equal to 16 °C preferably less than or equal to 15 °C. </claim-text></claim><claim id="clm-0002" num="2"><claim-text>2. A method as claimed in claim 1 , wherein the viscosity of the starting polymer is up to 100 Pa. s, optionally in the range of 2.5 - 80 preferably 5 - 80 Pa.s. </claim-text></claim><claim id="clm-0003" num="3"><claim-text>3. A method as claimed in claim 1 or 2, wherein the surfactant is an anionic surfactant with optionally a small portion of a non-ionic surfactant. </claim-text></claim><claim id="clm-0004" num="4"><claim-text>4. A method as claimed in either preceding claim, wherein the polymerisation step is started at a temperature of at least 18 °C and then lowered to said temperature of less than or equal to 16 °C, optionally less than 12 °C. </claim-text></claim><claim id="clm-0005" num="5"><claim-text>5. A method as claimed in any preceding claim, wherein the portion of the </claim-text><claim-text> polymerisation step performed at 16 °C, preferably 15 °C, is also performed at a temperature more than 2 °C, optionally more than 5 °C preferably more than 10 °C. </claim-text></claim><claim id="clm-0006" num="6"><claim-text>6. A method as claimed in any preceding claim, wherein the portion of the </claim-text><claim-text> polymerisation step performed at less than 16 °C is at least 30% of the total polymerisation time, optionally at least 60% of the total polymerisation time. </claim-text></claim><claim id="clm-0007" num="7"><claim-text>7. A method as claimed in any preceding claim, wherein the polymerisation step takes place for 1 to 24 hours, preferably 2 - 16 hours, typically 2 - 8 hours. <!-- EPO <DP n="20"/>--> </claim-text></claim><claim id="clm-0008" num="8"><claim-text>8. A method as claimed in any preceding claim, wherein the average particle diameter is less than 0.8 μηι optionally less than 0.5 μηι. </claim-text></claim><claim id="clm-0009" num="9"><claim-text>9. A method as claimed in any preceding claim, wherein the method is a continuous process and so the starting silanol endblocked organosiloxane polymer, surfactant and water are continuously fed to a high shear mixer in such proportions so as to form a viscous oil in water emulsion which is continuously withdrawn from the mixer. </claim-text></claim><claim id="clm-0010" num="10"><claim-text>10. A method as claimed in any preceding claim, wherein the siloxane starting polymer, surfactant and water are fed into a high shear mixer through a single supply line and the pressure in the supply line at the inlet to the high shear mixer is monitored to be within 20% of a target pressure predetermined to give a desired emulsion particle size. </claim-text></claim><claim id="clm-0011" num="11"><claim-text>1 1. A method as claimed in claim 9 wherein the target pressure is within the range 0.05 to 40 bar. </claim-text></claim><claim id="clm-0012" num="12"><claim-text>12. A method as claimed in any preceding claim, wherein the surfactant is anionic and also comprises a base. </claim-text></claim><claim id="clm-0013" num="13"><claim-text>13. A method as claimed in any preceding claim, wherein the amount of condensation catalyst is calculated such as R+ may be between 0.1 and 5, optionally 0.9 and 1.5; R+ being defined as being the ratio between the molar amount of catalytically active anionic surfactant plus the molar amount of condensation catalyst, minus the molar amount of base, all divided by the molar amount of catalytically active anionic surfactant. <!-- EPO <DP n="21"/>--> </claim-text></claim><claim id="clm-0014" num="14"><claim-text>14. A method as claimed in any preceding claim, wherein the silanol endblocked siloxane starting polymer has a formula. </claim-text><claim-text><img id="imgf000021_0001" he="39" wi="116" file="imgf000021_0001.tif" img-format="tif" img-content="drawing" orientation="portrait" inline="no"/> wherein to R<sub>6</sub> represent an alkyl group containing 1-6 carbon atoms or an aryl group, and n is normally in the range of 300 - 2000. </claim-text></claim><claim id="clm-0015" num="15"><claim-text>15. A method as claimed in claim 13, wherein n is in the range of 500 - 2000 preferably 500 - 1000. </claim-text></claim><claim id="clm-0016" num="16"><claim-text>16. A method as claimed in any preceding claim, wherein internal phase viscosity, that is the viscosity of the polymerised particles after step (iii) is from 600 Pa.s to 5000 Pa.s, optionally 1000 Pa.s to 3000 Pa.s. </claim-text></claim><claim id="clm-0017" num="17"><claim-text>17. A composition comprising the emulsion prepared according to any preceding claim. </claim-text></claim><claim id="clm-0018" num="18"><claim-text>18. A composition comprising an emulsion containing particles of a silanol end-blocked organopolysiloxane polymer having an average particle diameter of less than 1 μηι, the composition containing less than 0.1 wt % of octamethylcydotetrasiloxane (D4) and less than 0.1 wt % decamethylcyclopentasiloxane (D5). </claim-text></claim><claim id="clm-0019" num="19"><claim-text>19. The composition as claimed in claim 16 or 17, the composition being suitable for use within a hair shampoo, hair conditioner, hair treatment, for skin care products, leather treatment, for paper or textile treatment and/or home care applications. </claim-text></claim></claims><copyright>User acknowledges that Fairview Research LLC and its third party providers retain all right, title and interest in and to this xml under applicable copyright laws.  User acquires no ownership rights to this xml including but not limited to its format.  User hereby accepts the terms and conditions of the Licence Agreement</copyright></patent-document>
