<?xml version="1.0" encoding="UTF-8"?>
<patent-document ucid="EP-2958830-A1" country="EP" doc-number="2958830" kind="A1" date="20151230" family-id="51387762" file-reference-id="246720" date-produced="20180822" status="corrected" lang="EN"><bibliographic-data><publication-reference fvid="160453848" ucid="EP-2958830-A1"><document-id><country>EP</country><doc-number>2958830</doc-number><kind>A1</kind><date>20151230</date><lang>EN</lang></document-id></publication-reference><application-reference ucid="EP-13875945-A" is-representative="NO"><document-id mxw-id="PAPP193870664" load-source="docdb" format="epo"><country>EP</country><doc-number>13875945</doc-number><kind>A</kind><date>20131120</date><lang>EN</lang></document-id><document-id mxw-id="PAPP193870665" load-source="patent-office" format="original"><country>EP</country><doc-number>13875945.1</doc-number><date>20131120</date><lang>EN</lang></document-id></application-reference><priority-claims><priority-claim mxw-id="PPC162027699" ucid="US-2013071107-W" linkage-type="W" load-source="docdb"><document-id format="epo"><country>US</country><doc-number>2013071107</doc-number><kind>W</kind><date>20131120</date></document-id></priority-claim><priority-claim mxw-id="PPC162031511" ucid="US-201313895349-A" load-source="docdb"><document-id format="epo"><country>US</country><doc-number>201313895349</doc-number><kind>A</kind><date>20130515</date></document-id></priority-claim><priority-claim mxw-id="PPC162027444" ucid="US-201361768751-P" load-source="docdb"><document-id format="epo"><country>US</country><doc-number>201361768751</doc-number><kind>P</kind><date>20130225</date></document-id></priority-claim></priority-claims><technical-data><classifications-ipcr><classification-ipcr mxw-id="PCL-1900007445" load-source="docdb">H04N   5/225       20060101ALI20160825BHEP        </classification-ipcr><classification-ipcr mxw-id="PCL-1900007768" load-source="docdb">B65D  85/30        20060101ALI20160825BHEP        </classification-ipcr><classification-ipcr mxw-id="PCL-1900008738" load-source="docdb">G02B  23/16        20060101ALI20160825BHEP        </classification-ipcr><classification-ipcr mxw-id="PCL-1900012670" load-source="docdb">G06F   1/16        20060101ALI20160825BHEP        </classification-ipcr><classification-ipcr mxw-id="PCL-1900012862" load-source="docdb">B65D  85/00        20060101AFI20160825BHEP        </classification-ipcr></classifications-ipcr><classifications-cpc><classification-cpc mxw-id="PCL-1906582339" load-source="docdb" scheme="CPC">G02B  23/16        20130101 LI20160823BHEP        </classification-cpc><classification-cpc mxw-id="PCL-1906583295" load-source="docdb" scheme="CPC">H04N   5/2251      20130101 LI20160823BHEP        </classification-cpc><classification-cpc mxw-id="PCL-1987783350" load-source="docdb" scheme="CPC">H04N   5/2252      20130101 FI20140828BHEP        </classification-cpc></classifications-cpc><invention-title mxw-id="PT165553010" lang="DE" load-source="patent-office">BEHÄLTNIS FÜR EINE BILDERFASSUNGSCOMPUTERVORRICHTUNG</invention-title><invention-title mxw-id="PT165553011" lang="EN" load-source="patent-office">RECEPTACLE FOR AN IMAGE CAPTURE COMPUTING DEVICE</invention-title><invention-title mxw-id="PT165553012" lang="FR" load-source="patent-office">SOCLE DE FIXATION POUR UN DISPOSITIF INFORMATIQUE DE CAPTURE D'IMAGE</invention-title></technical-data><parties><applicants><applicant mxw-id="PPAR1103326278" load-source="docdb" sequence="1" format="epo"><addressbook><last-name>IOGRAPHER LLC</last-name><address><country>US</country></address></addressbook></applicant><applicant mxw-id="PPAR1103329160" load-source="docdb" sequence="1" format="intermediate"><addressbook><last-name>IOGRAPHER LLC</last-name></addressbook></applicant><applicant mxw-id="PPAR1101639903" load-source="patent-office" sequence="1" format="original"><addressbook><last-name>Iographer LLC</last-name><iid>101476085</iid><address><street>400 Oak Lane</street><city>San Gabriel, CA 91775</city><country>US</country></address></addressbook></applicant></applicants><inventors><inventor mxw-id="PPAR1103304791" load-source="docdb" sequence="1" format="epo"><addressbook><last-name>BASULTO DAVID</last-name><address><country>US</country></address></addressbook></inventor><inventor mxw-id="PPAR1103328606" load-source="docdb" sequence="1" format="intermediate"><addressbook><last-name>BASULTO, David</last-name></addressbook></inventor><inventor mxw-id="PPAR1101652028" load-source="patent-office" sequence="1" format="original"><addressbook><last-name>BASULTO, David</last-name><address><street>400 Oak Lane</street><city>San Gabriel, CA 91775</city><country>US</country></address></addressbook></inventor></inventors><agents><agent mxw-id="PPAR1101642982" load-source="patent-office" sequence="1" format="original"><addressbook><last-name>Robinson, David Edward Ashdown</last-name><iid>101284217</iid><address><street>Marks &amp; Clerk LLP 1 New York Street</street><city>Manchester M1 4HD</city><country>GB</country></address></addressbook></agent></agents></parties><international-convention-data><pct-or-regional-filing-data ucid="US-2013071107-W"><document-id><country>US</country><doc-number>2013071107</doc-number><kind>W</kind><date>20131120</date><lang>EN</lang></document-id></pct-or-regional-filing-data><pct-or-regional-publishing-data ucid="WO-2014130110-A1"><document-id><country>WO</country><doc-number>2014130110</doc-number><kind>A1</kind><date>20140828</date><lang>EN</lang></document-id></pct-or-regional-publishing-data><designated-states><ep-contracting-states><country mxw-id="DS660647100" load-source="docdb">AL</country><country mxw-id="DS660643806" load-source="docdb">AT</country><country mxw-id="DS660795303" load-source="docdb">BE</country><country mxw-id="DS660724848" load-source="docdb">BG</country><country mxw-id="DS660736134" load-source="docdb">CH</country><country mxw-id="DS660795304" load-source="docdb">CY</country><country mxw-id="DS660643815" load-source="docdb">CZ</country><country mxw-id="DS660647102" load-source="docdb">DE</country><country mxw-id="DS660795305" load-source="docdb">DK</country><country mxw-id="DS660795306" load-source="docdb">EE</country><country mxw-id="DS660725826" load-source="docdb">ES</country><country mxw-id="DS660724849" load-source="docdb">FI</country><country mxw-id="DS660736139" load-source="docdb">FR</country><country mxw-id="DS660647107" load-source="docdb">GB</country><country mxw-id="DS660795307" load-source="docdb">GR</country><country mxw-id="DS660647108" load-source="docdb">HR</country><country mxw-id="DS660643816" load-source="docdb">HU</country><country mxw-id="DS660736140" load-source="docdb">IE</country><country mxw-id="DS660795308" load-source="docdb">IS</country><country mxw-id="DS660724850" load-source="docdb">IT</country><country mxw-id="DS660795309" load-source="docdb">LI</country><country mxw-id="DS660724863" load-source="docdb">LT</country><country mxw-id="DS660642633" load-source="docdb">LU</country><country mxw-id="DS660724864" load-source="docdb">LV</country><country mxw-id="DS660724865" load-source="docdb">MC</country><country mxw-id="DS660642634" load-source="docdb">MK</country><country mxw-id="DS660642643" load-source="docdb">MT</country><country mxw-id="DS660724866" load-source="docdb">NL</country><country mxw-id="DS660736141" load-source="docdb">NO</country><country mxw-id="DS660724879" load-source="docdb">PL</country><country mxw-id="DS660725831" load-source="docdb">PT</country><country mxw-id="DS660647110" load-source="docdb">RO</country><country mxw-id="DS660725832" load-source="docdb">RS</country><country mxw-id="DS660724880" load-source="docdb">SE</country><country mxw-id="DS660760145" load-source="docdb">SI</country><country mxw-id="DS660736142" load-source="docdb">SK</country><country mxw-id="DS660736147" load-source="docdb">SM</country><country mxw-id="DS660795310" load-source="docdb">TR</country></ep-contracting-states><ep-extended-states><ep-extended-state-data><country>BA</country></ep-extended-state-data><ep-extended-state-data><country>ME</country></ep-extended-state-data></ep-extended-states></designated-states></international-convention-data><office-specific-data><eptags><ep-no-a-document-published>*</ep-no-a-document-published></eptags></office-specific-data></bibliographic-data><abstract mxw-id="PA139073091" ref-ucid="WO-2014130110-A1" lang="EN" load-source="patent-office"><p num="0000">An apparatus comprises a receptacle configured to receive a mobile computing device that has an integrated image capture component. Further, the apparatus comprises a plurality of handles such that each handle is operably connected to the receptacle. Another apparatus comprises a receptacle configured to receive a mobile computing device that has an integrated image capture component. Further, the apparatus comprises a handle such that the handle is operably connected to the receptacle.</p></abstract><abstract mxw-id="PA139540740" ref-ucid="WO-2014130110-A1" lang="EN" source="national office" load-source="docdb"><p>An apparatus comprises a receptacle configured to receive a mobile computing device that has an integrated image capture component. Further, the apparatus comprises a plurality of handles such that each handle is operably connected to the receptacle. Another apparatus comprises a receptacle configured to receive a mobile computing device that has an integrated image capture component. Further, the apparatus comprises a handle such that the handle is operably connected to the receptacle.</p></abstract><abstract mxw-id="PA139073092" ref-ucid="WO-2014130110-A1" lang="FR" load-source="patent-office"><p num="0000">L'invention concerne un équipement qui comprend un socle de fixation configuré pour recevoir un dispositif informatique mobile qui comporte un composant intégré de capture d'image. En outre, l'équipement comprend une pluralité de poignées telles que chaque poignée est raccordée fonctionnellement au socle de fixation. Un autre équipement comprend un socle de fixation configuré pour recevoir un dispositif informatique mobile qui comporte un composant intégré de capture d'image. En outre, l'équipement comprend une poignée telle que la poignée est raccordée fonctionnellement au socle de fixation.</p></abstract><abstract mxw-id="PA139540741" ref-ucid="WO-2014130110-A1" lang="FR" source="national office" load-source="docdb"><p>L'invention concerne un équipement qui comprend un socle de fixation configuré pour recevoir un dispositif informatique mobile qui comporte un composant intégré de capture d'image. En outre, l'équipement comprend une pluralité de poignées telles que chaque poignée est raccordée fonctionnellement au socle de fixation. Un autre équipement comprend un socle de fixation configuré pour recevoir un dispositif informatique mobile qui comporte un composant intégré de capture d'image. En outre, l'équipement comprend une poignée telle que la poignée est raccordée fonctionnellement au socle de fixation.</p></abstract><description mxw-id="PDES78476819" ref-ucid="WO-2014130110-A1" lang="EN" load-source="patent-office"><!-- EPO <DP n="2"/>--><p id="p0001" num="0001"> RECEPTACLE FOR AN IMAGE CAPTURE COMPUTING DEVICE </p><p id="p0002" num="0002">RELATED APPLICATIONS </p><p id="p0003" num="0003"> [0001] This application claims priority to U.S. Provisional Patent Application Serial No. 61/768,751 , filed on February 25, 2013, entitled A PLASTIC CASE FOR THE IPAD MINI AND IPAD. IT HAS HANDLES ON THE SIDES, 3 ACCESSORY SHOE AREAS, A TRIPOD MOUNT, AND THE ABILITY TO SCREW ON 37 MM LENSES., which is hereby incorporated by reference in its entirety. BACKGROUND </p><p id="p0004" num="0004">[0002] 1. Field </p><p id="p0005" num="0005"> [0003] This disclosure generally relates to the field of image capture. More particularly, the disclosure relates to a receptacle for an image capture computing device. [0004] 2. General Background </p><p id="p0006" num="0006"> [0005] Current mobile computing devices, e.g., tablet devices, smartphones, and/or the like, provide image capture capabilities, e.g., still or motion, that are comparable with standard image capture devices such as standard cameras. Yet the picture quality from such mobile computing devices is often of a lesser quality than that of standard cameras. Standard cameras provide users with firm stabilization abilities. For example, a user can firmly hold a standard camera with both hands or place a standard camera on a tripod to minimize possible movement during image capture. </p><p id="p0007" num="0007"> [0006] In contrast, current mobile computing devices do not provide similar stabilization to that of a standard camera. Users often have difficulty keeping the mobile computing device stable during image capture. The mobile computing device often wobbles during the image capture, which then results in pictures or videos that are often of a less than ideal quality. 
<!-- EPO <DP n="3"/>-->
 [0007] Further, the standard cameras often allow photographers to interchange lenses and add additional components to vary viewing and lighting conditions. Current mobile computing devices simply do not provide such features. Users are often limited to the image capture capabilities that are integrated within the mobile computing device. As a result, current mobile computing devices provide limited capabilities to photographers. </p><p id="p0008" num="0008">SUMMARY </p><p id="p0009" num="0009"> [0008] In one aspect of the disclosure, an apparatus is provided. The apparatus comprises a receptacle configured to receive a mobile computing device that has an integrated image capture component. Further, the apparatus comprises a plurality of handles such that each handle is operably connected to the receptacle. </p><p id="p0010" num="0010">[0009] In another aspect of the disclosure, an apparatus is provided. The apparatus comprises a receptacle configured to receive a mobile computing device that has an integrated image capture component. Further, the apparatus comprises a handle such that the handle is operably connected to the receptacle. </p><p id="p0011" num="0011">BRIEF DESCRIPTION OF THE DRAWINGS </p><p id="p0012" num="0012"> [0010] The above-mentioned features of the present disclosure will become more apparent with reference to the following description taken in conjunction with the accompanying drawings wherein like reference numerals denote like elements and in which: </p><p id="p0013" num="0013">[001 1 ] Figure 1 illustrates a front view of an image capture computing device receptacle. [0012] Figure 2 illustrates a back view of the image capture computing device receptacle. </p><p id="p0014" num="0014">[0013] Figure 3 illustrates a side view of the receiving means. 
<!-- EPO <DP n="4"/>-->
 [0014] Figure 4 illustrates a front view of the image capture computing device receptacle with a mobile computing device secured to the image capture computing device receptacle. </p><p id="p0015" num="0015">[0015] Figure 5 illustrates a front view of the image capture computing device receptacle 100 with the mobile computing device secured to the image capture computing device receptacle and the image capture computing device receptacle having a bottom handle. </p><p id="p0016" num="0016">[0016] Figure 6 illustrates a front view of the image capture computing device receptacle with the mobile computing device secured to the image capture computing device receptacle and the image capture computing device receptacle only having the right handle for a handle. </p><p id="p0017" num="0017">[0017] Figure 7 illustrates a front view of an image capture computing device receptacle that is configured to receive a smartphone. </p><p id="p0018" num="0018">[0018] Figure 8 illustrates a back view of the image capture computing device receptacle illustrated in Figure 7. </p><p id="p0019" num="0019">DETAILED DESCRIPTION </p><p id="p0020" num="0020">[0019]A receptacle for an image capture computing device is provided. The image capture computing device is received by the receptacle. A user then grasps the receptacle and motions the receptacle to a position for image capture. The receptacle has handles that provide for stabilization of the receptacle and the image capture computing device. As a result, users performing image capture have the ability to capture still images and/or video images with stabilization. In contrast with heavy receptacles that do not have handles, the receptacle for the image capture computing device provides a lightweight configuration that provides stabilization for an image capture computing device. </p><p id="p0021" num="0021">[0020] Further, the receptacle may have additional components that allow the user performing image capture to vary image capture conditions. For example, the receptacle may receive a variety of lenses that may be utilized to vary viewing conditions. Further, various lighting and/or audio equipment may be 
<!-- EPO <DP n="5"/>-->
 positioned on the receptacle to vary lighting and/or audio conditions. The receptacle may also have a tripod component so that the receptacle may be stabilized with a tripod to minimize motion of the image capture computing device during image capture. [0021] Figure 1 illustrates a front view of an image capture computing device receptacle 100. In one embodiment, the image capture computing device 100 includes a plurality of handles, e.g., a right handle 102 and a left handle 104. The front of the image capture computing device receptacle 100 is illustrated from the perspective of what another user views if in front of the image capture computing device 100 when an image is captured by a user such as a photographer. The right handle 102 and the left handle 104 allow the user to perform image capture with minimal wobbling. As a result, the photographer is able to perform image capture with more stabilization and accuracy than without the image capture computing device receptacle 100. Although the right handle 102 and the left handle 104 are illustrated, the handles may be in other locations, e.g., a top handle and a bottom handle. Further, a single handle or more than two handles may be utilized. The right handle 102 and the left handle 104 are provided merely for illustrative purposes. </p><p id="p0022" num="0022">[0022] The image capture computing device receptacle 100 also has an aperture 106. The aperture 106 is configured so that an image capture component, e.g., a lens of a mobile image capture computing device, may be positioned to capture images through the aperture 106. In one embodiment, the aperture 106 is configured to be in substantial proximity to the image capture component. For example, the aperture may be narrow enough to only be positioned over the lens to minimize reflection. </p><p id="p0023" num="0023">[0023] In another embodiment, the image capture computing device receptacle 100 has a plurality of accessory receiving means. As an example, the image capture computing device receptacle 100 has a receiving means 108, a receiving means 1 10, a receiving means 1 12, and a receiving means 1 14. The various receiving means may be utilized to receive accessories such as lighting devices, e.g., lamps, audio devices, e.g., microphones, additional lenses, e.g., 
<!-- EPO <DP n="6"/>-->
 wide angle lenses, tripods, and/or the like. For example, the receiving means 1 14 may receive a tripod mount to provide further stabilization for the image capture computing device receptacle 100 with a tripod. A single or different quantity of receiving means may be utilized from that illustrated in Figure 1 . [0024] In one embodiment, the right handle 102 and the left handle 104 are integrated within the same frame as the image capture computing device receptacle 100. In other words, a single molding may be utilized for the frame and the handles. In an alternative embodiment, the right handle 102 and the left handle are detachable from the frame. [0025] Figure 2 illustrates a back view of the image capture computing device receptacle 100. The back view is from the perspective of the photographer that is placing the mobile computing device in the image capture computing device receptacle 100. In one embodiment, the image capture computing device receptacle 100 has a receiving means for receiving the image capture computing device receptacle 100. An example of the receiving means is the lip 202. The lip 202 may be positioned throughout all of the frame or at least a portion of the frame. A photographer may then snap the mobile computing device within the lip to secure the mobile computing device in the image capture computing device receptacle 100. As a result, the photographer may easily snap the mobile computing device into position. The lip is only an example of the receiving means. The receiving means may also be a fastening means such as a screw, bolt, nail, clip, and/or the like. </p><p id="p0024" num="0024">[0026] Figure 3 illustrates a side view of the receiving means 202. The receiving means 202 is illustrated as a lip only for illustrative purposes as various other receiving means may be utilized. </p><p id="p0025" num="0025">[0027] Figure 4 illustrates a front view of the image capture computing device receptacle 100 with a mobile computing device 402 secured to the image capture computing device receptacle 100. The mobile computing device 402 may be a tablet device, smartphone, or any other mobile device. Further, the mobile computing device 402 may have an image capture component, e.g., a built in camera, for still or motion image capture. Various accessories 404, 406, 
<!-- EPO <DP n="7"/>-->
 and 408 may be connected to the receiving means 108, 1 10, and 1 12. The receiving means 108, 1 10, and 1 12 may be a lip, screw, bolt, nail, clip, and/or the like. Further, a lens accessory 412 is positioned over the aperture 106. </p><p id="p0026" num="0026">[0028] Although a frame single frame is illustrated in Figure 4, multiple frames may alternatively be utilized to secure the mobile computing device 402. In other words, the image capture computing device receptacle 100 may comprise multiple parts such as a front portion and a back portion to secure the mobile computing device 402 to the image capture computing device receptacle 100. Accordingly, the image capture computing device receptacle 100 is not limited to a single frame as multiple frames may alternatively be utilized. </p><p id="p0027" num="0027">[0029] Although Figures 1 -4 illustrated two handles, a single handle or more than two handles may be utilized. Figure 5 illustrates a front view of the image capture computing device receptacle 100 with the mobile computing device 402 secured to the image capture computing device receptacle 100 and the image capture computing device receptacle 100 having a bottom handle 502. Alternatively, the right handle 102, the left handle 104, and the bottom handle 502 may be considered a single handle. Further, Figure 6 illustrates a front view of the image capture computing device receptacle 100 with the mobile computing device 402 secured to the image capture computing device receptacle 100 and the image capture computing device receptacle 100 only having the left handle 104 for a handle. </p><p id="p0028" num="0028">[0030] Although Figures 4-6 illustrate the mobile computing device 402 as a tablet device, a smartphone may alternatively be utilized. Accordingly, Figure 7 illustrates a front view of an image capture computing device receptacle 700 that is configured to receive a smartphone. The image capture computing device receptacle 700 has a right handle 702 and a left handle 704. The image capture computing device receptacle 700 also has an aperture 706. Figure 8 illustrates a back view of the image capture computing device receptacle 700 illustrated in Figure 7. 
<!-- EPO <DP n="8"/>-->
 [0031] A variety of types of materials may be utilized for the image capture computing device receptacles. For example, plastic, carbonite, metal, or the like may be utilized. </p><p id="p0029" num="0029">[0032] It is understood that the apparatuses described herein may also be applied in other types of apparatuses. Those skilled in the art will appreciate that the various adaptations and modifications of the embodiments of the apparatuses described herein may be configured without departing from the scope and spirit of the apparatuses. Therefore, it is to be understood that, within the scope of the appended claims, the present apparatuses may be practiced other than as specifically described herein. 
</p></description><claims mxw-id="PCLM70077075" ref-ucid="WO-2014130110-A1" lang="EN" load-source="patent-office"><claim-statement><!-- EPO <DP n="9"/>-->I Claim: </claim-statement><claim id="clm-0001" num="1"><claim-text>1 . An apparatus comprising: </claim-text><claim-text> a receptacle configured to receive a mobile computing device that has an integrated image capture component; and </claim-text><claim-text> a plurality of handles such that each handle is operably connected to the receptacle. </claim-text></claim><claim id="clm-0002" num="2"><claim-text>2. The apparatus of claim 1 , further comprising a frame that comprises the receptacle and the plurality of handles. </claim-text></claim><claim id="clm-0003" num="3"><claim-text>3. The apparatus of claim 1 , wherein each of the plurality of handles is detachable from the receptacle. </claim-text></claim><claim id="clm-0004" num="4"><claim-text>4. The apparatus of claim 1 , wherein the plurality of handles comprises a right handle and a left handle. </claim-text></claim><claim id="clm-0005" num="5"><claim-text>5. The apparatus of claim 1 , wherein the plurality of handles comprises a right handle, a left handle, and a top handle. </claim-text></claim><claim id="clm-0006" num="6"><claim-text>6. The apparatus of claim 1 , wherein the plurality of handles comprises a right handle, a left handle, and a bottom handle. </claim-text></claim><claim id="clm-0007" num="7"><claim-text>7. The apparatus of claim 1 , wherein the plurality of handles comprises a right handle, a left handle, a top handle, and a bottom handle. </claim-text></claim><claim id="clm-0008" num="8"><claim-text>8. The apparatus of claim 1 , further comprising a receiving means for receiving the mobile computing device. </claim-text></claim><claim id="clm-0009" num="9"><claim-text>9. The apparatus of claim 1 , further comprising a receiving means for receiving an accessory device. </claim-text></claim><claim id="clm-0010" num="10"><claim-text>10. The apparatus of claim 9, wherein the accessory device is a lens accessory. </claim-text></claim><claim id="clm-0011" num="11"><claim-text>1 1 . The apparatus of claim 9, wherein the accessory device is an audio accessory. 
<!-- EPO <DP n="10"/>-->
</claim-text></claim><claim id="clm-0012" num="12"><claim-text>12. The apparatus of claim 9, wherein the accessory device is a tripod mount. </claim-text></claim><claim id="clm-0013" num="13"><claim-text>13. The apparatus of claim 1 , wherein the receptacle has an aperture through which a lens of the image capture component is positioned. </claim-text></claim><claim id="clm-0014" num="14"><claim-text>14. The apparatus of claim 13, wherein the aperture is in substantial proximity to the image capture component to minimize reflection. </claim-text></claim><claim id="clm-0015" num="15"><claim-text>15. The apparatus of claim 1 , wherein the mobile computing device is selected from the group consisting of a tablet device and a smartphone. </claim-text></claim><claim id="clm-0016" num="16"><claim-text>16. An apparatus comprising: </claim-text><claim-text> a receptacle configured to receive a mobile computing device that has an integrated image capture component; and </claim-text><claim-text> a handle such that the handle is operably connected to the receptacle. </claim-text></claim><claim id="clm-0017" num="17"><claim-text>17. The apparatus of claim 16, further comprising a frame that comprises the receptacle and the handle. </claim-text></claim><claim id="clm-0018" num="18"><claim-text>18. The apparatus of claim 16, wherein the handle is detachable from the receptacle. </claim-text></claim><claim id="clm-0019" num="19"><claim-text>19. The apparatus of claim 16, further comprising a receiving means for receiving the mobile computing device. </claim-text></claim><claim id="clm-0020" num="20"><claim-text>20. The apparatus of claim 16, further comprising a receiving means for receiving an accessory device. 
</claim-text></claim></claims><copyright>User acknowledges that Fairview Research LLC and its third party providers retain all right, title and interest in and to this xml under applicable copyright laws.  User acquires no ownership rights to this xml including but not limited to its format.  User hereby accepts the terms and conditions of the Licence Agreement</copyright></patent-document>
