<?xml version="1.0" encoding="UTF-8"?>
<patent-document ucid="EP-2958608-A1" country="EP" doc-number="2958608" kind="A1" date="20151230" family-id="51391833" file-reference-id="306218" date-produced="20180825" status="corrected" lang="EN"><bibliographic-data><publication-reference fvid="160453592" ucid="EP-2958608-A1"><document-id><country>EP</country><doc-number>2958608</doc-number><kind>A1</kind><date>20151230</date><lang>EN</lang></document-id></publication-reference><application-reference ucid="EP-14753917-A" is-representative="NO"><document-id mxw-id="PAPP193870152" load-source="docdb" format="epo"><country>EP</country><doc-number>14753917</doc-number><kind>A</kind><date>20140221</date><lang>EN</lang></document-id><document-id mxw-id="PAPP193870153" load-source="patent-office" format="original"><country>EP</country><doc-number>14753917.5</doc-number><date>20140221</date><lang>EN</lang></document-id></application-reference><priority-claims><priority-claim mxw-id="PPC162027321" ucid="US-201361768462-P" load-source="docdb"><document-id format="epo"><country>US</country><doc-number>201361768462</doc-number><kind>P</kind><date>20130223</date></document-id></priority-claim><priority-claim mxw-id="PPC162035942" ucid="US-2014017546-W" linkage-type="W" load-source="docdb"><document-id format="epo"><country>US</country><doc-number>2014017546</doc-number><kind>W</kind><date>20140221</date></document-id></priority-claim></priority-claims><technical-data><classifications-ipcr><classification-ipcr mxw-id="PCL-1923986610" load-source="docdb">A61M  39/10        20060101ALI20160630BHEP        </classification-ipcr><classification-ipcr mxw-id="PCL-1923986923" load-source="docdb">A61F   5/00        20060101ALI20160630BHEP        </classification-ipcr><classification-ipcr mxw-id="PCL-1923989224" load-source="docdb">A61M   3/02        20060101ALI20160630BHEP        </classification-ipcr><classification-ipcr mxw-id="PCL-1923990699" load-source="docdb">A61M   1/00        20060101AFI20160630BHEP        </classification-ipcr></classifications-ipcr><classifications-cpc><classification-cpc mxw-id="PCL-1645073926" load-source="docdb" scheme="CPC">A61M2210/1053      20130101 LA20180504BHEP        </classification-cpc><classification-cpc mxw-id="PCL-1645075652" load-source="docdb" scheme="CPC">A61M2039/2466      20130101 LA20180504BHEP        </classification-cpc><classification-cpc mxw-id="PCL-1645076675" load-source="docdb" scheme="CPC">A61M2039/1044      20130101 LA20180504BHEP        </classification-cpc><classification-cpc mxw-id="PCL-1645076777" load-source="docdb" scheme="CPC">A61M  39/1011      20130101 LA20180504BHEP        </classification-cpc><classification-cpc mxw-id="PCL-1645078740" load-source="docdb" scheme="CPC">A61M   1/0058      20130101 LI20180504BHEP        </classification-cpc><classification-cpc mxw-id="PCL-1645080289" load-source="docdb" scheme="CPC">A61M   1/0021      20130101 LI20180504BHEP        </classification-cpc><classification-cpc mxw-id="PCL-1645081160" load-source="docdb" scheme="CPC">A61M2209/088       20130101 LA20180504BHEP        </classification-cpc><classification-cpc mxw-id="PCL-1645082486" load-source="docdb" scheme="CPC">A61M   3/0262      20130101 LA20180504BHEP        </classification-cpc><classification-cpc mxw-id="PCL-1984697242" load-source="docdb" scheme="CPC">Y10T  29/49828     20130101 LA20151224BHEP        </classification-cpc><classification-cpc mxw-id="PCL-1984698169" load-source="docdb" scheme="CPC">A61M2209/10        20130101 LA20151224BHEP        </classification-cpc><classification-cpc mxw-id="PCL-1984699955" load-source="docdb" scheme="CPC">B08B   9/0321      20130101 LI20151224BHEP        </classification-cpc><classification-cpc mxw-id="PCL-1984700179" load-source="docdb" scheme="CPC">A61M  39/105       20130101 LI20151224BHEP        </classification-cpc><classification-cpc mxw-id="PCL-1984701886" load-source="docdb" scheme="CPC">A61M  39/24        20130101 LI20160106BHEP        </classification-cpc><classification-cpc mxw-id="PCL-1984702667" load-source="docdb" scheme="CPC">A61F   5/0076      20130101 FI20151224BHEP        </classification-cpc><classification-cpc mxw-id="PCL-1984704448" load-source="docdb" scheme="CPC">A61M2207/00        20130101 LA20151224BHEP        </classification-cpc></classifications-cpc><invention-title mxw-id="PT165552242" lang="DE" load-source="patent-office">VORRICHTUNG UND VERFAHREN FÜR DRAINAGE VON MATERIAL AUS DEM MAGEN</invention-title><invention-title mxw-id="PT165552243" lang="EN" load-source="patent-office">APPARATUS AND METHOD FOR DRAINING MATERIAL FROM A STOMACH</invention-title><invention-title mxw-id="PT165552244" lang="FR" load-source="patent-office">APPAREIL ET PROCÉDÉ POUR ÉVACUER UNE MATIÈRE D'UN ESTOMAC</invention-title></technical-data><parties><applicants><applicant mxw-id="PPAR1103344175" load-source="docdb" sequence="1" format="epo"><addressbook><last-name>ASPIRE BARIATRICS INC</last-name><address><country>US</country></address></addressbook></applicant><applicant mxw-id="PPAR1103304020" load-source="docdb" sequence="1" format="intermediate"><addressbook><last-name>ASPIRE BARIATRICS, INC.</last-name></addressbook></applicant><applicant mxw-id="PPAR1101652518" load-source="patent-office" sequence="1" format="original"><addressbook><last-name>Aspire Bariatrics, Inc.</last-name><iid>101381989</iid><address><street>2711 Centerville Road suite 400</street><city>Wilmington, DE 19808</city><country>US</country></address></addressbook></applicant></applicants><inventors><inventor mxw-id="PPAR1103332906" load-source="docdb" sequence="1" format="epo"><addressbook><last-name>WOJCIK STEVEN E</last-name><address><country>US</country></address></addressbook></inventor><inventor mxw-id="PPAR1103332844" load-source="docdb" sequence="1" format="intermediate"><addressbook><last-name>WOJCIK, STEVEN, E.</last-name></addressbook></inventor><inventor mxw-id="PPAR1101639735" load-source="patent-office" sequence="1" format="original"><addressbook><last-name>WOJCIK, STEVEN, E.</last-name><address><street>19525 22nd Place NW</street><city>Shoreline, WA 98177</city><country>US</country></address></addressbook></inventor><inventor mxw-id="PPAR1103324666" load-source="docdb" sequence="2" format="epo"><addressbook><last-name>O'CONNOR SEAN</last-name><address><country>US</country></address></addressbook></inventor><inventor mxw-id="PPAR1103342358" load-source="docdb" sequence="2" format="intermediate"><addressbook><last-name>O'CONNOR, SEAN</last-name></addressbook></inventor><inventor mxw-id="PPAR1101643009" load-source="patent-office" sequence="2" format="original"><addressbook><last-name>O'CONNOR, SEAN</last-name><address><street>201 Ford Circle</street><city>Westchester, PA 19380</city><country>US</country></address></addressbook></inventor><inventor mxw-id="PPAR1103325483" load-source="docdb" sequence="3" format="epo"><addressbook><last-name>DAS KUSAL</last-name><address><country>US</country></address></addressbook></inventor><inventor mxw-id="PPAR1103323990" load-source="docdb" sequence="3" format="intermediate"><addressbook><last-name>DAS, KUSAL</last-name></addressbook></inventor><inventor mxw-id="PPAR1101646426" load-source="patent-office" sequence="3" format="original"><addressbook><last-name>DAS, KUSAL</last-name><address><street>191 Pheasant Lane</street><city>Wrightstown, PA 18940</city><country>US</country></address></addressbook></inventor></inventors><agents><agent mxw-id="PPAR1101647878" load-source="patent-office" sequence="1" format="original"><addressbook><last-name>Carpmaels &amp; Ransford</last-name><iid>101299776</iid><address><street>One Southampton Row</street><city>London WC1B 5HA</city><country>GB</country></address></addressbook></agent></agents></parties><international-convention-data><pct-or-regional-filing-data ucid="US-2014017546-W"><document-id><country>US</country><doc-number>2014017546</doc-number><kind>W</kind><date>20140221</date><lang>EN</lang></document-id></pct-or-regional-filing-data><pct-or-regional-publishing-data ucid="WO-2014130757-A1"><document-id><country>WO</country><doc-number>2014130757</doc-number><kind>A1</kind><date>20140828</date><lang>EN</lang></document-id></pct-or-regional-publishing-data><designated-states><ep-contracting-states><country mxw-id="DS660730744" load-source="docdb">AL</country><country mxw-id="DS660643543" load-source="docdb">AT</country><country mxw-id="DS660730746" load-source="docdb">BE</country><country mxw-id="DS660754595" load-source="docdb">BG</country><country mxw-id="DS660638801" load-source="docdb">CH</country><country mxw-id="DS660720639" load-source="docdb">CY</country><country mxw-id="DS660643544" load-source="docdb">CZ</country><country mxw-id="DS660721986" load-source="docdb">DE</country><country mxw-id="DS660730759" load-source="docdb">DK</country><country mxw-id="DS660720640" load-source="docdb">EE</country><country mxw-id="DS660640322" load-source="docdb">ES</country><country mxw-id="DS660754596" load-source="docdb">FI</country><country mxw-id="DS660754597" load-source="docdb">FR</country><country mxw-id="DS660721991" load-source="docdb">GB</country><country mxw-id="DS660730760" load-source="docdb">GR</country><country mxw-id="DS660730761" load-source="docdb">HR</country><country mxw-id="DS660720641" load-source="docdb">HU</country><country mxw-id="DS660638802" load-source="docdb">IE</country><country mxw-id="DS660730762" load-source="docdb">IS</country><country mxw-id="DS660754598" load-source="docdb">IT</country><country mxw-id="DS660720642" load-source="docdb">LI</country><country mxw-id="DS660721992" load-source="docdb">LT</country><country mxw-id="DS660643545" load-source="docdb">LU</country><country mxw-id="DS660721993" load-source="docdb">LV</country><country mxw-id="DS660721994" load-source="docdb">MC</country><country mxw-id="DS660643546" load-source="docdb">MK</country><country mxw-id="DS660794025" load-source="docdb">MT</country><country mxw-id="DS660640331" load-source="docdb">NL</country><country mxw-id="DS660794026" load-source="docdb">NO</country><country mxw-id="DS660640332" load-source="docdb">PL</country><country mxw-id="DS660643555" load-source="docdb">PT</country><country mxw-id="DS660640333" load-source="docdb">RO</country><country mxw-id="DS660643556" load-source="docdb">RS</country><country mxw-id="DS660640334" load-source="docdb">SE</country><country mxw-id="DS660720647" load-source="docdb">SI</country><country mxw-id="DS660794027" load-source="docdb">SK</country><country mxw-id="DS660794028" load-source="docdb">SM</country><country mxw-id="DS660754643" load-source="docdb">TR</country></ep-contracting-states><ep-extended-states><ep-extended-state-data><country>BA</country></ep-extended-state-data><ep-extended-state-data><country>ME</country></ep-extended-state-data></ep-extended-states></designated-states></international-convention-data><office-specific-data><eptags><ep-no-a-document-published>*</ep-no-a-document-published></eptags></office-specific-data></bibliographic-data><abstract mxw-id="PA139072169" ref-ucid="WO-2014130757-A1" lang="EN" load-source="patent-office"><p num="0000">This invention relates to new apparatuses for draining material from a stomach and infusing fluid into the stomach comprising a tubing connector, a housing unit, and a one-way valve. In an embodiment the connector can have a first port, a second port, a third port and a branched lumen that extends through each of the first, second and third ports. The housing unit can have a housing lumen that is sized and shaped to receive the third port and the housing unit is sized and shaped to receive the connector. The one-way valve can be sized and shaped to be received in the housing lumen.</p></abstract><abstract mxw-id="PA139539818" ref-ucid="WO-2014130757-A1" lang="EN" source="national office" load-source="docdb"><p>This invention relates to new apparatuses for draining material from a stomach and infusing fluid into the stomach comprising a tubing connector, a housing unit, and a one-way valve. In an embodiment the connector can have a first port, a second port, a third port and a branched lumen that extends through each of the first, second and third ports. The housing unit can have a housing lumen that is sized and shaped to receive the third port and the housing unit is sized and shaped to receive the connector. The one-way valve can be sized and shaped to be received in the housing lumen.</p></abstract><abstract mxw-id="PA139072170" ref-ucid="WO-2014130757-A1" lang="FR" load-source="patent-office"><p num="0000">L'invention concerne de nouveaux appareils pour évacuer une matière d'un estomac et perfuser un fluide dans l'estomac, comprenant un raccord de tube, une unité de boîtier et un clapet de non-retour. Dans un mode de réalisation, le raccord peut avoir un premier orifice, un deuxième orifice, un troisième orifice et une lumière ramifiée qui s'étend à travers chacun des premier, deuxième et troisième orifices. L'unité de boîtier peut avoir une lumière de boîtier qui est dimensionnée et façonnée pour recevoir le troisième orifice, et l'unité de boîtier est dimensionnée et façonnée pour recevoir le raccord. Le clapet de non-retour peut être dimensionné et façonné pour être reçu dans la lumière de boîtier.</p></abstract><abstract mxw-id="PA139539819" ref-ucid="WO-2014130757-A1" lang="FR" source="national office" load-source="docdb"><p>L'invention concerne de nouveaux appareils pour évacuer une matière d'un estomac et perfuser un fluide dans l'estomac, comprenant un raccord de tube, une unité de boîtier et un clapet de non-retour. Dans un mode de réalisation, le raccord peut avoir un premier orifice, un deuxième orifice, un troisième orifice et une lumière ramifiée qui s'étend à travers chacun des premier, deuxième et troisième orifices. L'unité de boîtier peut avoir une lumière de boîtier qui est dimensionnée et façonnée pour recevoir le troisième orifice, et l'unité de boîtier est dimensionnée et façonnée pour recevoir le raccord. Le clapet de non-retour peut être dimensionné et façonné pour être reçu dans la lumière de boîtier.</p></abstract><description mxw-id="PDES78476421" ref-ucid="WO-2014130757-A1" lang="EN" load-source="patent-office"><!-- EPO <DP n="2"/>--><p id="p0001" num="0001"> APPARATUS AND METHOD FOR DRAINING MATERIAL FROM A STOMACH </p><p id="p0002" num="0002">CROSS REFERENCE TO RELATED APPLICATIONS </p><p id="p0003" num="0003"> [0001] This application claims the benefit of U.S. Provisional Application No. </p><p id="p0004" num="0004">61/768,462, filed February 23, 2013, the entirety of which is incorporated by reference herein for all purposes. </p><p id="p0005" num="0005">TECHNICAL FIELD </p><p id="p0006" num="0006"> [0002] The invention generally relates to removal of ingested material from a stomach. </p><p id="p0007" num="0007">BACKGROUND </p><p id="p0008" num="0008"> [0003] Obesity is a major health problem in the United States and other countries. The National Health and Nutrition Examination Survey (1988-1994) reported that approximately 20- 25% of Americans are obese, while another study estimated the percentage of overweight Americans to be between 60% and 65% (Flegal K M, Carroll M D, Ogden C L, Johnson C L "Prevalence and trends in obesity among US adults, 1999-2000" JAMA 2002; 288: 1723-1727). Obesity can cause numerous health problems, including diabetes, degenerative joint disease, hypertension, and heart disease. Weight reduction can be achieved by increased caloric expenditure through exercise and/or by reduced caloric consumption through diet. However, in most cases, weight gain often recurs and improvements in related co-morbidities are often not sustained. </p><p id="p0009" num="0009"> [0004] Surgical procedures present an increasingly common solution for obese patients. Surgical procedures include, for example, stapled gastroplasty, banded gastroplasty, gastric banding, gastric bypass surgery, and bilopancreatic bypass. However, these surgical procedures are invasive, risky and expensive to perform, and many patients regain a substantial portion of the lost weight. </p><p id="p0010" num="0010"> [0005] The use of a gastrostomy to drain a portion of ingested food is an alternative to these procedures for weight loss management. Upon installation, one end of the gastrostomy tube will reside within the stomach with the other end passing through the abdominal wall outside of the body. A low-profile valve which rests against the surface of the skin of the abdomen is typically fitted to the external end of the gastrostomy tube to prevent the inadvertent discharge of the contents of the stomach and to prevent inadvertent pulling of the tube inside the stomach. 
<!-- EPO <DP n="3"/>-->
 [0006] Typically a fluid, such as water is infused into the stomach to improve the flow of partially digested material out of the stomach through the gastrostomy tube. While a simple drain tube may be connected to the external end of the gastrostomy tube to partially drain the contents of the stomach after a meal therefore reducing the amount of food which is digested, in practice, this simple approach is unsatisfactory. Often, less than the desired portion of the ingested food can be drained before the gastrostomy tube clogs with partially digested food. In practice, a fluid, typically water, is infused through the discharge end of the gastrostomy tube to clear any clogs and further dilute the contents of the stomach so that additional partially digested food may be drained. </p><p id="p0011" num="0011"> [0007] Various devices have been used to allow the user to alternately switch between draining the stomach, unclogging the gastrostomy tube, or diluting the contents of the stomach more quickly and efficiently without disconnecting the drain tube. However, the devices described in prior art for draining material from the stomach and infusing fluid into the stomach allow the drained material from the stomach to pass directly through the apparatus. This makes it difficult to thoroughly clean the malodorous stomach discharge from the apparatus. It also makes it difficult to visually identify a clog within the apparatus itself. Additionally, it is desirable that the process of clearing a clogged gastrostomy tube and diluting the partially digested food can be performed quickly with little physical exertion. The present invention is directed to overcoming some of these deficiencies. </p><p id="p0012" num="0012">SUMMARY </p><p id="p0013" num="0013"> [0008] In one embodiment, an apparatus for draining material from a stomach and infusing fluid into the stomach comprises a connector, a housing unit, and a one-way valve. The connector can have a first port, a second port, a third port and a branched lumen that extends through each of the first, second and third ports. The housing unit can have a housing lumen that is sized and shaped to receive the third port. In some embodiments, the housing unit can further have a slot that is sized and shaped to receive the connector. The one-way valve can be sized and shaped to be received in the housing lumen. </p><p id="p0014" num="0014"> [0009] In another embodiment, an apparatus for draining material from a stomach and infusing fluid into the stomach comprises a tubing set, a fluid reservoir, and a housing unit to connect the fluid reservoir to the tubing set. The tubing set includes a connector that has three ports and a branched lumen which connects all of the ports. The fluid reservoir consists of a deformable container which when squeezed ejects fluid from the reservoir. The housing has a 
<!-- EPO <DP n="4"/>-->
 housing lumen which connects the third port of the connector to the fluid container through a one-way valve and a means to occlude the fluid flow out of the first fluid port of the connector. </p><p id="p0015" num="0015"> [0010] Methods of assembling an apparatus for draining material from a stomach and infusing fluid into the stomach are also disclosed. In one embodiment a connector is removed from a housing unit, the connector defining a first port, a second port, and a branched lumen, and the housing unit defining a housing lumen. A first tube can be connected to the first port and a second tube can be connected to the second port. The connector assembly can then be fit into the housing unit such that the housing lumen and branched lumen together form a fluid conduit, and an interface between the housing unit and the connector forms a fluid tight seal. </p><p id="p0016" num="0016"> [0011] Methods of cleaning an apparatus for draining material from a stomach are also disclosed. In one embodiment a connector can be engaged to a housing unit. The connector can define a first port, a second port, a third port and a branched lumen. The branched lumen can have a first arm that extends through the first port, a second arm that extends through the second port and a third arm that extends through the third port. The housing unit can define a housing lumen; wherein the engaging causes the branched lumen and the housing lumen together to form a fluid conduit and causes an interface between the housing unit and the connector to form a fluid tight seal. A first tube can be occluded, the first tube defining a first tube lumen. The first tube can be engaged to the first port of the connector and the first tube lumen and the branched lumen together can form a first fluid path. A fluid reservoir having an outlet and containing a fluid can be engaged to the housing unit such that the outlet and housing lumen together form a reservoir fluid pathway. A first pressure can be exerted on the fluid reservoir, causing fluid to flow from the fluid reservoir and through the conduit. The occlusion can be removed from the first tube. A second pressure can be exerted on the fluid reservoir, wherein the second pressure on the fluid reservoir causes fluid to flow from the fluid reservoir, and through the outlet, the reservoir fluid pathway, the fluid conduit and the first tube. </p><p id="p0017" num="0017">BRIEF DESCRIPTION OF THE DRAWINGS </p><p id="p0018" num="0018"> [0012] The foregoing summary, as well as the following detailed description will be better understood when read in conjunction with the appended drawings. For the purpose of illustrating the subject matter, there are shown in the drawings exemplary embodiments of the subject matter; however, the presently disclosed subject matter is not limited to the specific methods, devices, and systems disclosed. In addition, the drawings are not necessarily drawn to scale. In the drawings: 
<!-- EPO <DP n="5"/>-->
 [0013] FIG. 1A is a perspective view of an apparatus for draining material from a stomach in relation to a skin port. </p><p id="p0019" num="0019"> [0014] FIG. IB is a perspective view of the apparatus for draining material from a stomach connected to a skin port. </p><p id="p0020" num="0020"> [0015] FIG. 2 A is a perspective view of a connector element of an apparatus for draining material from a stomach. </p><p id="p0021" num="0021"> [0016] FIG. 2B is a perspective view of a connector element shown in FIG. 2A, the connector element having first and second tubes attached to the first and second ports. </p><p id="p0022" num="0022"> [0017] FIG. 3 is a cross-section view of an apparatus for draining material from a stomach. </p><p id="p0023" num="0023"> [0018] FIG. 4 is a perspective view of elements of an apparatus for draining material from a stomach according to one embodiment. </p><p id="p0024" num="0024"> [0019] FIG. 5A is a perspective view of an apparatus for draining material from a stomach showing the connector engaged to the housing unit. </p><p id="p0025" num="0025"> [0020] FIG. 5B is a perspective view of the apparatus for draining material from a stomach showing the fluid reservoir engaged to the housing unit. </p><p id="p0026" num="0026"> [0021] FIG. 5C is a perspective view of the apparatus for draining material from a stomach showing a clamp for occluding the first tube in an undamped position. </p><p id="p0027" num="0027">DETAILED DESCRIPTION </p><p id="p0028" num="0028"> [0022] The present invention may be understood more readily by reference to the following description taken in connection with the accompanying Figures and Examples, all of which form a part of this disclosure. It is to be understood that this invention is not limited to the specific products, methods, conditions or parameters described and / or shown herein, and that the terminology used herein is for the purpose of describing particular embodiments by way of example only and is not intended to be limiting of any claimed invention. Similarly, unless specifically otherwise stated, any description as to a possible mechanism or mode of action or reason for improvement is meant to be illustrative only, and the invention herein is not to be constrained by the correctness or incorrectness of any such suggested mechanism or mode of action or reason for improvement. Throughout this text, it is recognized that the descriptions refer both to the features and methods of making and using apparatuses for removal of material from a stomach, as well as the apparatuses themselves, and vice versa. </p><p id="p0029" num="0029"> [0023] In the present disclosure the singular forms "a," "an," and "the" include the plural reference, and reference to a particular numerical value includes at least that particular 
<!-- EPO <DP n="6"/>-->
 value, unless the context clearly indicates otherwise. Thus, for example, a reference to "a material" is a reference to at least one of such materials and equivalents thereof known to those skilled in the art, and so forth. </p><p id="p0030" num="0030"> [0024] When a value is expressed as an approximation by use of the descriptor "about," it will be understood that the particular value forms another embodiment. In general, use of the term "about" indicates approximations that can vary depending on the desired properties sought to be obtained by the disclosed subject matter and is to be interpreted in the specific context in which it is used, based on its function. The person skilled in the art will be able to interpret this as a matter of routine. In some cases, the number of significant figures used for a particular value may be one non-limiting method of determining the extent of the word "about." In other cases, the gradations used in a series of values may be used to determine the intended range available to the term "about" for each value. Where present, all ranges are inclusive and combinable. That is, references to values stated in ranges include every value within that range. </p><p id="p0031" num="0031"> [0025] It is to be appreciated that certain features of the invention which are, for clarity, described herein in the context of separate embodiments, may also be provided in combination in a single embodiment. That is, unless obviously incompatible or specifically excluded, each individual embodiment is deemed to be combinable with any other embodiment(s) and such a combination is considered to be another embodiment. Conversely, various features of the invention that are, for brevity, described in the context of a single embodiment, may also be provided separately or in any sub-combination. It is further noted that the claims may be drafted to exclude any optional element. As such, this statement is intended to serve as antecedent basis for use of such exclusive terminology as "solely," "only" and the like in connection with the recitation of claim elements, or use of a "negative" limitation. Finally, while an embodiment may be described as part of a series of steps or part of a more general structure, each said step may also be considered an independent embodiment in itself. </p><p id="p0032" num="0032"> [0026] Unless defined otherwise, all technical and scientific terms used herein have the same meaning as commonly understood by one of ordinary skill in the art to which this invention belongs. Although any methods and materials similar or equivalent to those described herein can also be used in the practice or testing of the present invention, representative illustrative methods and materials are described herein. </p><p id="p0033" num="0033"> [0027] Referring to FIGs. 1A-1B, an apparatus 100 is configured to align with a gastrostomy tube 305 such that when the gastrostomy tube is positioned in the stomach of a patient, ingested material (semi-digested food, fluid, etc.) can drain from the stomach through the gastrostomy tube 305 and through the apparatus 100. As shown in FIGs. 1A and IB, the 
<!-- EPO <DP n="7"/>-->
 apparatus 100 can comprise a first tube 204 and a second tube 203. The second tube 203 can be attached to a skin port connector 315 that can be designed to mate with a skin port 310; in some embodiments the skin port connector 315 can be locked onto the skin port 310. When the skin port connector 315 is attached and locked to skin port 310, a fluid path is formed by the gastrostomy tube 305 and the apparatus 100, including tubes 203 and 204. The apparatus 100 can include a fluid reservoir 500 for infusing fluid into the stomach through the fluid path or for rinsing the first tube 204 or the second tube 203. The fluid reservoir itself may comprise a hollow body 502 and a reservoir connector 501 - see, e.g., FIG. 5B). </p><p id="p0034" num="0034"> [0028] It should be appreciated that the term "fluid" as used herein, while generally referring to liquids, such as water, in some circumstances also includes air or other gaseous or vaporous materials. It is expected that, at times, people may squeeze air from the reservoir to clear clogs, particularly when they are in a hurry and do not want to take the time to fill the reservoir with water. Such embodiments fall within the scope of the present invention. </p><p id="p0035" num="0035"> [0029] Referring now to FIGs. 2-5, the apparatus 100 can include a connector 201, a housing unit 115 (also referred to herein as "companion" or "companion body," in FIGs. 3-5) and a one way valve 103 (FIG. 3). The connector 201 can have a plurality of ports, such as a first port 205, a second port 210, and a third port 215 (see especially FIG. 2B). The connector</p><p id="p0036" num="0036">201 can comprise a lumen, such as a branched lumen 220 (FIG. 3). Such a branched lumen 220 can extend through each of the plurality of ports, such as the first 205, second 210, and third ports 215. The connector 201 can have a T-shape, for example where the first port 205 and second port 210 are aligned substantially along a common axis and the third port 215 is aligned perpendicular to and positioned between the first port 205 and second port 210 and can therefore be referred to as a Tee Fitting. While described here as a T-shaped connector this is but one embodiment of the connector. The shape of the connector 201 is not necessarily required to have the axes of the ports aligned or perpendicular to each other as long as the ports share a common branched lumen. Accordingly, "Y-shape" configuration may also be employed. The housing unit 1 15 can have a housing lumen 120. The housing lumen 120 (FIG. 3) can be straight, curved, angled, branched or any other configuration. The housing lumen 120 can extend through the housing unit such that it forms a reservoir inlet 130 and a connector inlet 135 (FIG. 3). The housing unit 1 15 can also have a slot 125 that is sized and shaped to receive the connector 201.</p><p id="p0037" num="0037">The housing lumen 120 can be sized and shaped to receive the third port 215 of the connector</p><p id="p0038" num="0038">201. The connector 201 can engage with the housing unit 1 15 (FIGs. 3-5) so that part or all of the third port 215 fits within the housing lumen 120 (FIG. 3). In some embodiments the slot 125 and connector 201 are designed so that the connector 201 will only fit in the slot 125 (FIG. 5B) 
<!-- EPO <DP n="8"/>-->
 in a particular, pre-selected orientation. This feature can be advantageous if the tubing connected to the first port and second port are of different sizes, wall thicknesses, or materials. For example, the tube connected to the second port may be a more kink-resistant, thick-walled silicone rubber tube than the tube connected to the second port which undergoes less bending during use. While the one-way valve 103 is generally described herein as an umbrella valve, this is but one embodiment, and the valve can be any type of valve that permits the flow of fluid in one direction and prevents the flow of fluid in the opposite direction, such as a trumpet valve, a ball valve, a duck-bill valve, or an umbrella valve. The one-way valve 103 (FIG. 4) can be sized and shaped to fit within the housing lumen. In some embodiments the one way valve is positioned to permit fluid to flow in the direction from the reservoir inlet 130 toward the connector inlet 135 and to prevent fluid from flowing in the direction from the connector inlet 135 to the reservoir inlet 130 (FIG. 3). Preferably, the one-way valve is positioned to permit fluid to flow in the direction from the reservoir inlet 130 toward the conenctor inlet 135 thereby allowing fluid to flow from the fluid reservoir 502 through the second tube 203 into the patient's stomach, or from the fluid reservoir 502 through both the first tube 504 and the second tube 203 for clearing obstructions or cleaning. Positioning the one-way valve so that fluid cannot flow from the connector inlet 135 toward the reservoir inlet will also prevent material that is drained from the stomach from passing from the second tube 203 to the fluid reservoir 502. </p><p id="p0039" num="0039"> [0030] Referring to FIGs. 2A/B, 3, and 5A, the apparatus can include a first tube 204 having a first tube lumen 225 that is sized and shaped to connect to the first port 205. The first tube 204 can connect to the first port 205 by receiving the first port 205 in the first tube lumen 225 (see FIGs. 2A/B). Alternatively the first port 205 can receive the first tube lumen 225 in the branched lumen 220 extending through the first port 205. When the first tube 204 is connected to the first port 205 the first tube lumen 225 and the branched lumen 220 form a conduit through which fluid can pass. The apparatus can also include a second tube 203 having a second tube lumen 230 that is sized and shaped to connect to the second port 210. The second tube 203 can connect to the second port 210 by receiving the second port 210 in the second tube lumen 230. Alternatively the second port 210 can receive the second tube lumen 230 in the branched lumen 220 extending through the second port 210. When the second tube 203 is connected to the second port 210 the second tube lumen 230 and the branched lumen 220 form a conduit through which fluid can pass. </p><p id="p0040" num="0040"> [0031] Referring now to FIGs. 3, 4, and 5A-C, the housing unit 1 15 can be comprised of a back housing 101 and a front housing 102. The housing unit 1 15 can also include one or more tubular fittings, such as elbow fitting 105, which together with the back housing 101 and 
<!-- EPO <DP n="9"/>-->
 the front housing 102 define lumen 120. The housing unit can further comprise one or more gaskets, such as O-rings 104 and 106, which can be made of an elastomeric material and can form a fluid tight seal between individual elements of the housing unit. Alternatively the housing unit 115 can be made of a single element having a lumen therein. </p><p id="p0041" num="0041"> [0032] Some embodiments contain as fixture within the back housing 101 onto which a lanyard 610 or neckstrap may be fastened. The incorporation of such a lanyard / neck strap is important for the ease of use of the device, since it supports the apparatus during therapy, thus freeing up both hands of the patient to manipulate the device. In preferred embodiments, the device is designed to make it easy for the lanyard to be removed for cleaning purposes. </p><p id="p0042" num="0042"> [0033] Still referring to FIG. 4, the apparatus 100 can further comprise a fluid reservoir 500 for holding a fluid. The fluid reservoir 500 can have a hollow body 502, for example a bag or a bottle. The reservoir body 502 can be made of a flexible material. In some embodiments the reservoir body 502 is constructed of two layers of welded flexible film. The reservoir body 502 can then be flattened and folded or rolled when not in use. The fluid reservoir 500 can also have a reservoir connector 501 for engaging the housing unit 1 15. The reservoir connector 501 can be permanently affixed to the reservoir body 502 or can be detachable from the reservoir body 502. The reservoir connector 501 can include a groove, threading, lip, or other structure capable of engaging the housing unit 1 15. In other embodiments, the reservoir comprises a bottle, or other reservoir body, with an accompanying pump that is capable of forcing air out of the reservoir. </p><p id="p0043" num="0043"> [0034] As shown in FIG. 4, the housing unit 115 can include a reservoir locking device for holding a fluid reservoir 500 to the housing unit 1 15, for example by spring-tension. In an embodiment, a reservoir locking device can include a reservoir release 107. The reservoir release 107 can engage a groove or a lip on the reservoir connector 501. The reservoir locking device can also include a reservoir release spring 108 that can exert a biasing force on the reservoir release 107. The reservoir 500 can be locked to the reservoir release 107 by pushing the reservoir connector 501 into the lumen 120 of housing unit 115 until the reservoir 500 is positioned such that the reservoir release spring 108 pushes the reservoir release 107 into a groove on the reservoir connector 501. The reservoir 500 can be released by simultaenously disengaging the reservoir release 107 from the reservoir connector 501 and pulling the reservoir away from the housing unit 1 15. The reservoir release 107 can be disengaged from the reservoir connector 501, for example, by having a portion of the reservoir release 107 at the opposite end of the reservoir release 107 from the reservoir release spring 108, or a button connected to the reservoir release 107 or the reservoir release spring 108, accessible from the outside of the 
<!-- EPO <DP n="10"/>-->
 housing unit 115 so that depression of the button or reservoir release 107 compresses the reservoir release spring 108 and disengages the reservoir release 107 from the reservoir connector 501. FIG. 5B illustrates an embodiment where the reservoir 500 is engaged with the housing unit 115. The solid arrow indicates that the reservoir release button will extend away from the housing unit 1 15 and the reservoir release 107 will snap into locked position when the reservoir connector 501 reaches the proper engagement depth. </p><p id="p0044" num="0044"> [0035] The housing unit 1 15 can include a locking device that can hold the connector 201 to the housing unit 115, such as by spring-tension. In some embodiments, the locking device can be made of a connector release 1 10 and connector release spring 109. As the connector 201 is pushed into the slot 125, the connector 201 can deflect the connector release spring 109 until the connector 201 is fully engaged with the housing unit 115 and the connector release spring 109 holds the connector 201 in place. The connector 201 can be removed from the housing unit 1 15 by simultaneously depressing a button (such as a rocker) connected to the connector release spring 109 and pulling the connector 201 away from the housing unit 1 15. FIG. 5A illustrates the connector 201 positioned in slot 125 of housing unit 115 but not fully engaged with the housing unit 1 15. The solid arrow indicates that connector 201 can be fully engaged with the housing unit 115 and locked in place by pushing the connector 201 until the connector release 110 deflects and continuing to push the connector 201 until it snaps into the locked position. </p><p id="p0045" num="0045"> [0036] As shown in FIGs. 1, 3, and 5A-B, the apparatus 100 can also include a clamp 1 12 for occluding the first tube lumen 225. FIG. 5C illustrates an embodiment of apparatus 100 including a clamp 1 12, where the clamp 112 is in an open position and not occluding the first tube lumen 225. The solid arrow indicates that the clamp 1 12 can be rotated until it is in a locked position, indicating that the first tube lumen 225 is occluded. It may be desirable to lock the drain clamp 112 and so close the fluid path through the first tube 204 in order to direct fluid from the fluid reservoir into the second tube 203 and into the stomach. It may also be desirable to lock the drain claim 1 12 and so close the fluid path through the first tube 204 in order to direct fluid from the fluid reservoir into the second tube 203 to rinse the second tube 203 after it has been used to drain material from the stomach. </p><p id="p0046" num="0046"> [0037] In an illustrative emodiment, and with reference to FIG. 4, an apparatus 100 can have Drain Tube (204) and Connector Tube (203) connected via a removable 3 -way Tee</p><p id="p0047" num="0047">Connector (201). The third port 215 of Tee Connector (201) can connect to a bore 120 in the</p><p id="p0048" num="0048">Companion body 115 with an O-ring seal 202. When the Tee Connector (201) is attached to the</p><p id="p0049" num="0049">Companion body 115, Tee Connector Release (1 10) can be used to secure it to the Companion 
<!-- EPO <DP n="11"/>-->
 body 115. At the other end of the bore 120 in the Companion body 115 there can be an </p><p id="p0050" num="0050">Umbrella Valve (103). An Umbrella Valve (103) is a one-way check valve, which can be mounted on a surface through a small hole, which also can have additional openings located at strategic areas within, for example under the dome of, the profile of the Umbrella Valve (103) for allowing fluids to flow into the adjacent chamber. The design of the Umbrella Valve (103) is a thin circular dome or umbrella-like shape that seals against fluid flow in one direction and lets fluid pass through the other direction with a very low cracking pressure. The opening on the other side of the Umbrella Valve (103) can be connected to the Reservoir (500) via an Elbow Fitting (105). The Reservoir (500) can connect to the Companion body 115 by means of an easily detachable reservoir Connector (501). An O-ring mounted to the Elbow Fitting (105) can create a seal between the Reservoir Connector (501) and Elbow Fitting (105) when connected. When the Reservoir (500) is squeezed it can create a pressure in excess of the cracking pressure of the Umbrella Valve (103) which results in water flow through the bore 120 of the Companion body 115, into the Tee Connector (201) and beyond. The slot 125 can include channels on the either side of the Tee Connector (201) for Drain Tube (204) and the Connector Tube (203) to rest within the profile of the Companion body 115. There is an L-shaped Drain Clamp (112) for clamping and occluding Drain Tube (204). </p><p id="p0051" num="0051"> [0038] Referring now to FIG. 1, The skin port connector (315) can be located at the distal end of the Connector Tube (203), that is, the end of the second tube (203) nearest the body of the patient. The distal end of the Connector Tube (203) can be connected to the gastrostomy tube (305) through Skin Port Valve and Skin Port Flange (310). </p><p id="p0052" num="0052"> [0039] Advantages of the various features of the present invention can be understood with reference to FIGs. 2-4. Apparatuses of the invention can be smaller and lighter than previous designs. In an embodiment of the invention, an apparatus can use an Umbrella Valve</p><p id="p0053" num="0053">(103) instead of duckbill valve as a one-way check valve. In this design, an Umbrella Valve</p><p id="p0054" num="0054">(103) can provide better features than the duckbill valve in the following areas: (1) better flow rate for infusion of water while not allowing any flow in the reverse direction, thus, reducing infusion time; (2) infusion requires less effort by the patient in exerting pressure on the reservoir bag (502); (3) faster infusion enables better cleaning the fluid paths; (4) faster fluid flow reduces possibility of occlusion and (5) it is easier to clean partially-digested food particles from the domed surface of the umbrella valve without damaging the seal. Designs of the invention employ a simplified fluid path that can be easily disassembled and reassembled by the patient for cleaning and maintenance purposes. Design of the invention enables the patient to remove the</p><p id="p0055" num="0055">Tee Fitting sub-assembly (200) with associated tubing (203, 204) from main structure of device 
<!-- EPO <DP n="12"/>-->
 (1 15). The Tee Fitting sub-assembly (200) can be further dissembled by detaching drain (204) and connector tubes (203) from barb connections (205, 210) of Tee Fitting. The connector may also be molded from a transparent, tinted, or translucent plastic to allow the user to visually inspect the branched lumen within the connector. Therefore, in designs of the invention, no semi- digested food can remain inside the device that cannot easily be noticed, enabling thorough cleaning of the device after the procedure, and preventing the possibility of generating foul odor. An additional advantage of the present invention having a removable connector 201 is that the Tee Connector (201) can be keyed to the housing body 115 to prevent reverse installation of Connector Tube (203) and Drain Tube (204) orientations. In an alternative embodiment, the entire Tee-fitting tubing sub-assembly may be supplied as a pre-assembled disposable. This is particularly advantageous for situations such as dining out, where it may be inconvenient to clean the tubing set. This would also allow less expensive, lower durable materials to be used for the tubing and connector. A push-to-connect Reservoir (500) attachment system is easier to use and does not require radial alignment of Reservoir Connector (501) to housing 115 to engage locking mechanism. A single button release feature may be used to un-lock the Reservoir (500) from housing 1 15. The Reservoir (500) is constructed of two layers of welded flexible film which, when empty, can be flattened and rolled up, requiring minimum space for storage between uses. Such a Reservoir (500) is more durable since it can be manufactured from a stronger and thicker material. The Reservoir Connector (501) can be welded to the film of the Reservoir Bag (502). </p><p id="p0056" num="0056"> [0040] The apparatus can be assembled before aspiration therapy, or draining ingested material from a patient's stomach and infusing fluid into the stomach. First the Tee Connector (201) is removed from housing 1 15. The Connector Tube (203) is attached to the proper barbed fitting (210) of the Tee Connector (201). Connect Drain Tube (204) to the proper barb fitting (205) of the Tee Connector (201). The Tee Connector (201) is inserted into the housing 115, making sure O-ring is in place and not twisted and the Tee Connector (201) is secured by the Tee Connector Release (1 10). The Drain Clamp (1 12) is rotated closed to occlude Drain Tube (204). After filling the Reservoir (500) with water, it is connected to the bottle connector or reservoir locking device by pushing up until it snaps in place. The skin port connector 315 is connected to the Skin Port Valve 310 of the patient and latched by pushing the lever on the skin port </p><p id="p0057" num="0057">Connector 315 until a click is heard, confirming it is properly connected. The patient is then ready for the aspiration therapy. </p><p id="p0058" num="0058"> [0041] Apparatuses of the invention can be used to perform aspiration therapy, and methods of assembling an apparatus for draining material from a stomach and infusing fluid into 
<!-- EPO <DP n="13"/>-->
 the stomach are also considered within the scope of the present invention. In one embodiment a connector is removed from a housing unit, the connector defining a first port, a second port, and a branched lumen, and the housing unit defining a housing lumen. A first tube can be connected to the first port and a second tube can be connected to the second port. The connector assembly can then be fit into the housing unit such that the housing lumen and branched lumen together form a fluid conduit, and an interface between the housing unit and the connector forms a fluid tight seal. While it is somewhat easier to attach the tubing with the connector out of the housing, the tubing can be attached regardless of whether the connector is inserted in the housing or removed. Regardless, this isn't necessarily an advantage. What is advantageous is that the tubing set with the connector can be treated as a single unit. The user will typically keep this tubing set assembled and ready to use or clean it as a unit. </p><p id="p0059" num="0059"> [0042] When used for aspiration therapy, the housing 115 connects to the gastrostomy tube 305 via the skin port Connector 315 and the Skin Port valve 310. It provides a passage for aspiration of the semi-digested food out of the patient's stomach. It provides the means for infusing water into the patient's stomach to improve aspiration. It provides a simpler way of cleaning the housing 1 15 and associated connector 201 and tubing 203, 204 after the procedure. </p><p id="p0060" num="0060"> [0043] The following is an example method of aspiration: After the assembled apparatus is connected to the patient through a skin port connector 315, the Drain Tube (204) can be placed over a toilet, bucket, or other removal system for discharging aspirated semi-digested food and fluid from the patient. Unclamping the Drain Tube (204) by releasing the Drain Clamp (1 12) starts aspiration. Semi-digested food can flow by gravitation and siphon from the gastrostomy tube 305, through the Skin Port valve, and the skin port connector 315 into the Connector Tube (203). Then it can flow into the Tee Connector (201). The Umbrella check valve (103) downstream of the third port 215, does not allow the fluid to pass through into the Reservoir (500). The aspirating semi-digested food can only flow into the Drain Tube (204) for discharge into the toilet. </p><p id="p0061" num="0061"> [0044] The addition of water into the stomach can increase the pressure inside the stomach and dilute the contents within the stomach of the patient and improve aspiration. This can be done if and when aspiration stops even when connected to the apparatus 100 with Drain</p><p id="p0062" num="0062">Tube (204) open. The following is an example procedure for infusing water: Occlude the Drain</p><p id="p0063" num="0063">Tube (204), for example, by clamping using the Drain Clamp (112). This blocks the infusing water from flowing into the Drain Tube (204). Squeezing the Reservoir (500) creates pressure forcing water to flow out of the Reservoir, past the Umbrella valve and into the third port of the connector. Since the drain tube is occluded by the Drain Clamp, the water is forced through the 
<!-- EPO <DP n="14"/>-->
 second port into the Connector Tube (203), gastrostomy tube (305) and into the stomach clearing any clogs by the force of the water pressure. This additional volume of water in the patient's stomach increases the pressure inside the patient's stomach to restart aspiration. </p><p id="p0064" num="0064"> [0045] Methods of cleaning an apparatus for draining material from a stomach are also disclosed. In one embodiment a connector can be engaged to a housing unit. The connector can define a first port, a second port, a third port and a branched lumen. The branched lumen can have a first arm that extends through the first port, a second arm that extends through the second port and a third arm that extends through the third port. The housing unit can define a housing lumen; wherein the engaging causes the branched lumen and the housing lumen together to form a fluid conduit and causes an interface between the housing unit and the connector to form a fluid tight seal. A first tube can be occluded, the first tube defining a first tube lumen. The first tube can be engaged to the first port of the connector and the first tube lumen and the branched lumen together can form a first fluid path. A fluid reservoir having an outlet and containing a fluid can be engaged to the housing unit such that the outlet and housing lumen together form a reservoir fluid pathway. A first pressure can be exerted on the fluid reservoir, causing fluid to flow from the fluid reservoir and through the conduit. The occlusion can be removed from the first tube. A second pressure can be exerted on the fluid reservoir, wherein the second pressure on the fluid reservoir causes fluid to flow from the fluid reservoir, and through the outlet, the reservoir fluid pathway, the fluid conduit and the first tube. </p><p id="p0065" num="0065"> [0046] The following is a method for cleaning the apparatus 100 after the procedure is over: Remove the apparatus 100 from the patient by releasing the skin port Connector 315 from the Skin Port valve 310. Occlude the Drain Tube 204, such as by closing the Drain Claim 112. Squeezing the Reservoir 500 forces water through the Umbrella Valve 103 into the Tee </p><p id="p0066" num="0066">Connector 201. Since the Drain Tube 204 is clamped, water will flow through the Tee Connector 201 cleaning the skin port connector 315, the Connector Tube 203 and part of the Tee Connector 201. Next, occlude the Connector Tube 203 by blocking the Connector port 210 or by pinching the Connector Tube 203 closed. Unclamp the Drain Tube 204 by releasing the Drain Clamp 1 12. Squeeze the Reservoir 500 to force water through the Umbrella Valve 103 into the Tee </p><p id="p0067" num="0067">Connector 201. Since, the water cannot flow through the occluded Connector Tube 203; it will flow through the Drain Tube 204 to discharge into the toilet. This will remove any food particles from the Drain Tube 204 and part of the Tee Connector 201. </p><p id="p0068" num="0068"> [0047] It is to be understood that while the invention has been described in conjunction with the preferred specific embodiments thereof, that the foregoing description and the examples that follow are intended to illustrate and not limit the scope of the invention. It will be 
<!-- EPO <DP n="15"/>-->
 understood by those skilled in the art that various changes may be made and equivalents may be substituted without departing from the scope of the invention, and further that other aspects, advantages and modifications will be apparent to those skilled in the art to which the invention pertains. In addition to the embodiments described herein, the present invention contemplates and claims those inventions resulting from the combination of features of the invention cited herein and those of the cited prior art references which complement the features of the present invention. Similarly, it will be appreciated that any described material, feature, or article may be used in combination with any other material, feature, or article, and such combinations are considered within the scope of this invention. 
</p></description><claims mxw-id="PCLM70076661" ref-ucid="WO-2014130757-A1" lang="EN" load-source="patent-office"><claim-statement><!-- EPO <DP n="16"/>-->What is Claimed: </claim-statement><claim id="clm-0001" num="1"><claim-text> 1. An apparatus for draining material from a stomach and infusing fluid into the stomach comprising: </claim-text><claim-text> a removeable tubing connector having a first port, a second port, and a third port, said connector comprising a branched lumen extending through each of said first, second and third ports; </claim-text><claim-text> a housing unit having a housing lumen that is sized and shaped to receive the third port, said housing unit sized and shaped to receive the connector; and </claim-text><claim-text> a one-way valve that is sized and shaped to be received in the housing lumen. </claim-text></claim><claim id="clm-0002" num="2"><claim-text>2. The apparatus according to claim 1, further comprising a first tube having a first tube lumen, the first tube lumen being sized and shaped for receiving the first port. </claim-text></claim><claim id="clm-0003" num="3"><claim-text>3. The apparatus according to claim 2, further comprising a second tube having a second tube lumen, the second tube lumen being sized and shaped for receiving the second port. </claim-text></claim><claim id="clm-0004" num="4"><claim-text>4. The apparatus according to any of claims 1-3, further comprising a fluid reservoir. </claim-text></claim><claim id="clm-0005" num="5"><claim-text>5. The apparatus according to any of claims 1-4, the connector defining a T-shape or a Y- shape. </claim-text></claim><claim id="clm-0006" num="6"><claim-text>6. The apparatus according to any of claims 1-5, the one-way valve being a trumpet valve, a ball valve, a duck-bill valve, or an umbrella valve. </claim-text></claim><claim id="clm-0007" num="7"><claim-text>7. The apparatus according to claim 2, further comprising a clamp for occluding the first tube lumen. </claim-text></claim><claim id="clm-0008" num="8"><claim-text>8. The apparatus according to claim 1, wherein the housing receives the third port only in a preselected orientation. </claim-text></claim><claim id="clm-0009" num="9"><claim-text>9. The apparatus according to claim 1, the housing unit further comprising a fluid reservoir connector. </claim-text></claim><claim id="clm-0010" num="10"><claim-text>10. The apparatus according to claim 9, the reservoir connector comprising a spring- tensioned fluid reservoir locking mechanism. </claim-text></claim><claim id="clm-0011" num="11"><claim-text>1 1. The apparatus according to any of claims 9-10, further comprising a fluid reservoir. 
<!-- EPO <DP n="17"/>-->
</claim-text></claim><claim id="clm-0012" num="12"><claim-text>12. The apparatus according to claim 11, the fluid reservoir comprising a flexible material. </claim-text></claim><claim id="clm-0013" num="13"><claim-text>13. The apparatus according to claim 1, the housing unit further comprising a spring- tensioned connector locking mechanism. </claim-text></claim><claim id="clm-0014" num="14"><claim-text>14. A method of assembling an apparatus for draining material from a stomach and infusing fluid into the stomach comprising: </claim-text><claim-text> removing a connector from a housing unit, the connector defining a first port, a second port, and a branched lumen, and the housing unit defining a housing lumen; </claim-text><claim-text> connecting a first tube to the first port; </claim-text><claim-text> connecting a second tube to the second port; </claim-text><claim-text> fitting the connector assembly into the housing unit such that the housing lumen and branched lumen together form a fluid conduit, and an interface between the housing unit and the connector forms a fluid tight seal. </claim-text></claim><claim id="clm-0015" num="15"><claim-text>15. A method of cleaning an apparatus for draining material from a stomach comprising: engaging a tubing connector to a housing unit, the connector defining a first port, a second port, a third port and a branched lumen, the branched lumen having a first arm that extends through the first port, a second arm that extends through the second port and a third arm that extends through the third port; the housing unit defining a housing lumen; wherein the engaging causes the branched lumen and the housing lumen together to form a fluid conduit and causes an interface between the housing unit and the connector to form a fluid tight seal; </claim-text><claim-text> occluding a first tube defining a first tube lumen, the first tube being engaged to the first port of the connector, the first tube lumen and the branched lumen together forming a first fluid path; </claim-text><claim-text> engaging a fluid reservoir having an outlet and containing a fluid to the housing unit, such that the outlet and housing lumen together form a reservoir fluid pathway; </claim-text><claim-text> exerting a first pressure on the fluid reservoir, causing fluid to flow from the fluid reservoir and through the conduit; </claim-text><claim-text> removing the occlusion from the first tube; and </claim-text><claim-text> exerting a second pressure on the fluid reservoir, wherein the second pressure on the fluid reservoir causes fluid to flow from the fluid reservoir, and through the outlet, the reservoir fluid pathway, the fluid conduit and the first tube. 
<!-- EPO <DP n="18"/>-->
</claim-text></claim><claim id="clm-0016" num="16"><claim-text>16. The method according to claim 15, further comprising occluding a second tube defining a second tube lumen, the second tube being engaged to the second port of the connection, the second tube lumen and the branched lumen together forming a second fluid path. </claim-text></claim><claim id="clm-0017" num="17"><claim-text>17. The method according to claim 15, further comprising disposing a fluid within the fluid reservoir. </claim-text></claim><claim id="clm-0018" num="18"><claim-text>18. The method according to claim 15, wherein the engaging a fluid reservoir step comprises locking the fluid reservoir to the housing unit with spring tension. 
</claim-text></claim></claims><copyright>User acknowledges that Fairview Research LLC and its third party providers retain all right, title and interest in and to this xml under applicable copyright laws.  User acquires no ownership rights to this xml including but not limited to its format.  User hereby accepts the terms and conditions of the Licence Agreement</copyright></patent-document>
