<?xml version="1.0" encoding="UTF-8"?>
<patent-document ucid="EP-2678198-A1" country="EP" doc-number="2678198" kind="A1" date="20140101" family-id="45757406" file-reference-id="302759" date-produced="20180826" status="corrected" lang="DE"><bibliographic-data><publication-reference fvid="146551350" ucid="EP-2678198-A1"><document-id><country>EP</country><doc-number>2678198</doc-number><kind>A1</kind><date>20140101</date><lang>DE</lang></document-id></publication-reference><application-reference ucid="EP-12705835-A" is-representative="NO"><document-id mxw-id="PAPP154825273" load-source="docdb" format="epo"><country>EP</country><doc-number>12705835</doc-number><kind>A</kind><date>20120216</date><lang>DE</lang></document-id><document-id mxw-id="PAPP220438383" load-source="docdb" format="original"><country>EP</country><doc-number>12705835.2</doc-number><date>20120216</date></document-id></application-reference><priority-claims><priority-claim mxw-id="PPC140445248" ucid="DE-102011004628-A" load-source="docdb"><document-id format="epo"><country>DE</country><doc-number>102011004628</doc-number><kind>A</kind><date>20110224</date></document-id></priority-claim><priority-claim mxw-id="PPC140451368" ucid="EP-2012052708-W" linkage-type="W" load-source="docdb"><document-id format="epo"><country>EP</country><doc-number>2012052708</doc-number><kind>W</kind><date>20120216</date></document-id></priority-claim></priority-claims><technical-data><classifications-ipcr><classification-ipcr mxw-id="PCL1988107515" load-source="docdb">B60S   1/38        20060101AFI20120910BHEP        </classification-ipcr></classifications-ipcr><classifications-cpc><classification-cpc mxw-id="PCL-2102488996" load-source="docdb" scheme="CPC">Y10T  29/49865     20130101 LA20150123BCEP        </classification-cpc><classification-cpc mxw-id="PCL1988102174" load-source="docdb" scheme="CPC">B60S2001/3898      20130101 LA20131220BHEP        </classification-cpc><classification-cpc mxw-id="PCL1988107368" load-source="docdb" scheme="CPC">B60S   1/3855      20130101 LI20131220BHEP        </classification-cpc><classification-cpc mxw-id="PCL1988116490" load-source="docdb" scheme="CPC">B60S   1/3879      20130101 LA20131220BHEP        </classification-cpc><classification-cpc mxw-id="PCL1988120036" load-source="docdb" scheme="CPC">B60S   1/38        20130101 FI20131212BHEP        </classification-cpc><classification-cpc mxw-id="PCL1988136384" load-source="docdb" scheme="CPC">B60S   1/3896      20130101 LA20131220BHEP        </classification-cpc></classifications-cpc><invention-title mxw-id="PT132186534" lang="DE" load-source="patent-office">VERFAHREN ZUM HERSTELLEN VON WISCHBLÄTTER SOWIE EIN WISCHBLATT ZUM WISCHEN VON SCHEIBEN</invention-title><invention-title mxw-id="PT132186535" lang="EN" load-source="patent-office">METHOD FOR PRODUCING WIPER BLADES AND WIPER BLADE FOR WIPING PANES</invention-title><invention-title mxw-id="PT132186536" lang="FR" load-source="patent-office">PROCÉDÉ DE FABRICATION DE BALAIS D'ESSUIE-GLACE ET BALAI D'ESSUIE-GLACE POUR NETTOYER DES VITRES</invention-title></technical-data><parties><applicants><applicant mxw-id="PPAR918143900" load-source="docdb" sequence="1" format="epo"><addressbook><last-name>BOSCH GMBH ROBERT</last-name><address><country>DE</country></address></addressbook></applicant><applicant mxw-id="PPAR918152575" load-source="docdb" sequence="1" format="intermediate"><addressbook><last-name>ROBERT BOSCH GMBH</last-name></addressbook></applicant><applicant mxw-id="PPAR918991249" load-source="patent-office" sequence="1" format="original"><addressbook><last-name>Robert Bosch GmbH</last-name><iid>101244499</iid><address><street>Postfach 30 02 20</street><city>70442 Stuttgart</city><country>DE</country></address></addressbook></applicant></applicants><inventors><inventor mxw-id="PPAR918137680" load-source="docdb" sequence="1" format="epo"><addressbook><last-name>ENDRES WOLFGANG</last-name><address><country>DE</country></address></addressbook></inventor><inventor mxw-id="PPAR918164868" load-source="docdb" sequence="1" format="intermediate"><addressbook><last-name>ENDRES, WOLFGANG</last-name></addressbook></inventor><inventor mxw-id="PPAR918993556" load-source="patent-office" sequence="1" format="original"><addressbook><last-name>ENDRES, WOLFGANG</last-name><address><street>Roemerstrasse 37</street><city>76532 Baden-Baden</city><country>DE</country></address></addressbook></inventor><inventor mxw-id="PPAR918141045" load-source="docdb" sequence="2" format="epo"><addressbook><last-name>CRABBE RUDDY</last-name><address><country>BE</country></address></addressbook></inventor><inventor mxw-id="PPAR918168253" load-source="docdb" sequence="2" format="intermediate"><addressbook><last-name>CRABBE, RUDDY</last-name></addressbook></inventor><inventor mxw-id="PPAR918990295" load-source="patent-office" sequence="2" format="original"><addressbook><last-name>CRABBE, RUDDY</last-name><address><street>Langstraat 17</street><city>B-3350 Linter (Neerhespen)</city><country>BE</country></address></addressbook></inventor></inventors></parties><international-convention-data><pct-or-regional-filing-data ucid="EP-2012052708-W"><document-id><country>EP</country><doc-number>2012052708</doc-number><kind>W</kind><date>20120216</date><lang>DE</lang></document-id></pct-or-regional-filing-data><pct-or-regional-publishing-data ucid="WO-2012113712-A1"><document-id><country>WO</country><doc-number>2012113712</doc-number><kind>A1</kind><date>20120830</date><lang>DE</lang></document-id></pct-or-regional-publishing-data><designated-states><ep-contracting-states><country mxw-id="DS548927684" load-source="docdb">AL</country><country mxw-id="DS548816446" load-source="docdb">AT</country><country mxw-id="DS548927685" load-source="docdb">BE</country><country mxw-id="DS548932390" load-source="docdb">BG</country><country mxw-id="DS548866233" load-source="docdb">CH</country><country mxw-id="DS548935346" load-source="docdb">CY</country><country mxw-id="DS548816447" load-source="docdb">CZ</country><country mxw-id="DS548927690" load-source="docdb">DE</country><country mxw-id="DS548935347" load-source="docdb">DK</country><country mxw-id="DS548935348" load-source="docdb">EE</country><country mxw-id="DS548930419" load-source="docdb">ES</country><country mxw-id="DS548932391" load-source="docdb">FI</country><country mxw-id="DS548932392" load-source="docdb">FR</country><country mxw-id="DS548927691" load-source="docdb">GB</country><country mxw-id="DS548935349" load-source="docdb">GR</country><country mxw-id="DS548927692" load-source="docdb">HR</country><country mxw-id="DS548816448" load-source="docdb">HU</country><country mxw-id="DS548866234" load-source="docdb">IE</country><country mxw-id="DS548935350" load-source="docdb">IS</country><country mxw-id="DS548932393" load-source="docdb">IT</country><country mxw-id="DS548935351" load-source="docdb">LI</country><country mxw-id="DS548837860" load-source="docdb">LT</country><country mxw-id="DS548816449" load-source="docdb">LU</country><country mxw-id="DS548837861" load-source="docdb">LV</country><country mxw-id="DS548837862" load-source="docdb">MC</country><country mxw-id="DS548915673" load-source="docdb">MK</country><country mxw-id="DS548915674" load-source="docdb">MT</country><country mxw-id="DS548927693" load-source="docdb">NL</country><country mxw-id="DS548932398" load-source="docdb">NO</country><country mxw-id="DS548837863" load-source="docdb">PL</country><country mxw-id="DS548866235" load-source="docdb">PT</country><country mxw-id="DS548927698" load-source="docdb">RO</country><country mxw-id="DS548866236" load-source="docdb">RS</country><country mxw-id="DS548837864" load-source="docdb">SE</country><country mxw-id="DS548866237" load-source="docdb">SI</country><country mxw-id="DS548932399" load-source="docdb">SK</country><country mxw-id="DS548837865" load-source="docdb">SM</country><country mxw-id="DS548935352" load-source="docdb">TR</country></ep-contracting-states></designated-states></international-convention-data><office-specific-data><eptags><ep-no-a-document-published>*</ep-no-a-document-published></eptags></office-specific-data></bibliographic-data><abstract mxw-id="PA99626588" ref-ucid="WO-2012113712-A1" lang="DE" load-source="patent-office"><p num="0000">Die Erfindung betrifft ein Verfahren zum Herstellen von Wischblätter sowie ein Wischblatt zum Wischen von Scheiben, insbesondere von Kraftfahrzeugscheiben, mit einem Tragelement (12) zum Aufnehmen einer Wischleiste (14), an denen eine Anschlussvorrichtung (20) befestigt ist, die ein wischblattseitiges Teil (15) mit krallenartigen Ansätzen (50) aufweist, die das Tragelement (12) zumindest bereichsweise umgreifen. Es wird vorgeschlagen, dass das wischblattseitige Teil (15) mit einer nur geringfügig größeren lichten Weite (44) als die Dickedes Tragelements (12) auf das Tragelement aufgeschoben und positioniert wird und nach dem Positionieren wärmebehandelt wird.</p></abstract><abstract mxw-id="PA99825107" ref-ucid="WO-2012113712-A1" lang="DE" source="national office" load-source="docdb"><p>Die Erfindung betrifft ein Verfahren zum Herstellen von Wischblätter sowie ein Wischblatt zum Wischen von Scheiben, insbesondere von Kraftfahrzeugscheiben, mit einem Tragelement (12) zum Aufnehmen einer Wischleiste (14), an denen eine Anschlussvorrichtung (20) befestigt ist, die ein wischblattseitiges Teil (15) mit krallenartigen Ansätzen (50) aufweist, die das Tragelement (12) zumindest bereichsweise umgreifen. Es wird vorgeschlagen, dass das wischblattseitige Teil (15) mit einer nur geringfügig größeren lichten Weite (44) als die Dickedes Tragelements (12) auf das Tragelement aufgeschoben und positioniert wird und nach dem Positionieren wärmebehandelt wird.</p></abstract><abstract mxw-id="PA99626589" ref-ucid="WO-2012113712-A1" lang="EN" load-source="patent-office"><p num="0000">The invention relates to a method for producing a wiper blades and to a wiper blade for wiping panes, in particular motor vehicle panes, comprising a support element (12) for receiving a wiper strip (14), to which a connecting device (20) is attached, which has a wiper blade-side part (15) having claw-like shoulders (50) surrounding the support element (12) at least in some regions. According to the invention, the wiper blade-side part (15) is pushed onto the support element with an only slightly larger inner width (44) than the thickness of the support element (12) and positioned, and is heat-treated after positioning.</p></abstract><abstract mxw-id="PA99825108" ref-ucid="WO-2012113712-A1" lang="EN" source="national office" load-source="docdb"><p>The invention relates to a method for producing a wiper blades and to a wiper blade for wiping panes, in particular motor vehicle panes, comprising a support element (12) for receiving a wiper strip (14), to which a connecting device (20) is attached, which has a wiper blade-side part (15) having claw-like shoulders (50) surrounding the support element (12) at least in some regions. According to the invention, the wiper blade-side part (15) is pushed onto the support element with an only slightly larger inner width (44) than the thickness of the support element (12) and positioned, and is heat-treated after positioning.</p></abstract><abstract mxw-id="PA99626590" ref-ucid="WO-2012113712-A1" lang="FR" load-source="patent-office"><p num="0000">L'invention concerne un procédé de fabrication de balais d'essuie-glace et un balai d'essuie-glace pour nettoyer des vitres, notamment des vitres de véhicules à moteur, ce balai comportant un élément support (12) pour recevoir une lame d'essuyage (14), sur lesquels est fixé un dispositif de raccordement (20) qui présente une partie (15) côté balai dotée d'épaulements (50) de type griffes qui entourent au moins partiellement l'élément support (12). Selon l'invention, la partie (15) côté balai, présentant une largeur intérieure (44) seulement légèrement supérieure à l'épaisseur de l'élément support (12), est glissée et positionnée sur l'élément support avant de subir un traitement thermiquement.</p></abstract><abstract mxw-id="PA99825109" ref-ucid="WO-2012113712-A1" lang="FR" source="national office" load-source="docdb"><p>L'invention concerne un procédé de fabrication de balais d'essuie-glace et un balai d'essuie-glace pour nettoyer des vitres, notamment des vitres de véhicules à moteur, ce balai comportant un élément support (12) pour recevoir une lame d'essuyage (14), sur lesquels est fixé un dispositif de raccordement (20) qui présente une partie (15) côté balai dotée d'épaulements (50) de type griffes qui entourent au moins partiellement l'élément support (12). Selon l'invention, la partie (15) côté balai, présentant une largeur intérieure (44) seulement légèrement supérieure à l'épaisseur de l'élément support (12), est glissée et positionnée sur l'élément support avant de subir un traitement thermiquement.</p></abstract><description mxw-id="PDES50931657" ref-ucid="WO-2012113712-A1" lang="DE" load-source="patent-office"><!-- EPO <DP n="2"/>--><p id="p0001" num="0001"> Beschreibung </p><p id="p0002" num="0002">VERFAHREN UM HERSTELLEN VON WISCHBLÄTTER SOWIE EIN WISCHBLATT UM WISCHEN VON</p><p id="p0003" num="0003">SCHEIBEN </p><p id="p0004" num="0004">Stand der Technik </p><p id="p0005" num="0005">Bei Wisch blättern der im Oberbegriff des Anspruchs 1 bezeichneten Art soll das Tragelement über das gesamte vom Wischblatt bestrichene Wischfeld eine möglichst gleichmäßige </p><p id="p0006" num="0006">Verteilung des vom Wischerarm ausgehenden Wischblatt-Anpressdrucks an der Scheibe gewährleisten. Durch eine entsprechende Krümmung des unbelasteten Tragelements - also wenn das Wischblatt nicht an der Scheibe anliegt - werden die Enden der im Betrieb des Wischblatts vollständig an der Scheibe angelegten Wischleiste durch das dann gespannte Tragelement zur Scheibe belastet, auch wenn sich die Krümmungsradien von sphärische gekrümmten Fahrzeugscheiben bei jeder Wischblattposition ändern. Die Krümmung des Wischblatts muss also etwas stärker sein als die im Wischfeld an der zu wischenden </p><p id="p0007" num="0007">Scheibe gemessene stärkste Krümmung. Am Tragelement ist eine Anschlussvorrichtung befestigt, über die die Verbindung zum Wischerarm hergestellt wird. </p><p id="p0008" num="0008">Aus der EP 0914269 Bl ist es bekannt, die Anschlussvorrichtung mittels einer </p><p id="p0009" num="0009">Schweißverbindung am Tragelement zu befestigen. Dazu wird das entweder aus Metall oder einem Kunststoff bestehende wischblattseitige Verbindungselement auf das Tragelement aufgebracht oder aufgeschoben und mittels einer Widerstandsschweißung im Falle eines metallenen Verbindungselements oder mittels einer Ultraschallschweißung im Falle eines Kunststoff- Verbindungselements stoffschlüssig mit dem Tragelement verbunden. Diese </p><p id="p0010" num="0010">Schweißverbindung ist im Alltag extremen Bedingungen ausgesetzt und muss hohen </p><p id="p0011" num="0011">Drehmomenten und Vibrationen auch bei unterschiedlichen Witterungsbedingungen </p><p id="p0012" num="0012">standhalten Insbesondere bei den in großen Stückzahlen hergestellten Wischblättern stellt eine Schweißverbindung hohe Qualitätsanforderungen an die Prozessführung und verteuert damit das Wischblatt, was gerade bei Massenprodukten zu vermeiden ist. </p><p id="p0013" num="0013">Vorteile der Erfindung 
<!-- EPO <DP n="3"/>-->
 Das erfindungsgemäße Verfahren zum Herstellen eines Wischblatts nach Anspruch 1 hat den Vorteil, dass sich das Wischblatt sehr kostengünstig herstellen lässt. In der Regel besteht das Tragelement aus gezogenen oder gewalzten Schienen, die kostenneutral in engen Toleranzen bezogen werden können, während das wischblattseitige Teil aus Blech gefaltet oder spritzgegossenen ist. Auch in diesem Fall sind in die notwendigen Toleranzen problemlos darzustellen. Dadurch, dass nach dem Zusammenfügen der Teile eine </p><p id="p0014" num="0014">Wärmebehandlung erfolgt, ist es jedoch nicht notwendig auf sehr enge Toleranzen zu achten. Die Wärmebehandlung stellt sicher, dass sich die Elemente des Tragelements und des wischblattseitigen Teils eng aneinander anlegen und zumindest einen kraftschlüssigen Verbund schaffen. Durch eine entsprechende Oberflächenbeschaffenheit oder auch </p><p id="p0015" num="0015">Stoffauswahl kann auch erreicht werden, dass sich die Teile ineinander verkrallen oder gar miteinander verkleben. </p><p id="p0016" num="0016">Bevorzugt wirkt die Wärmebehandlung auf krallenartige Ansätze des wischblattseitigen Teils, die sich in ihrer Form und/oder Ausdehnung so verändern, dass sie sich eng an das </p><p id="p0017" num="0017">Tragelement anlegen. </p><p id="p0018" num="0018">Wird die Wärmebehandlung auf das Tragelement gerichtet, insbesondere auf die untere Seite des Tragelements, wirkt die Wärme von innen und damit direkt im Kontaktbereich zwischen dem Tragelement und dem wischblattseitigen Teil und verbessert damit den Verbund. </p><p id="p0019" num="0019">Besonders einfach kann die Wärme eingebracht werden, wenn sie in Form von geblasener Heißluft auf die Stellen gerichtet wird, die erwärmt werden sollen. </p><p id="p0020" num="0020">Ist es notwendig, die Wärme möglichst ohne weitere Einflüsse einzubringen, kann die Wärmebehandlung in Form von Wärmestrahlung erfolgen. Ist aber auch möglich, </p><p id="p0021" num="0021">beispielsweise das Tragelement, sofern dieses aus einem Metall besteht, induktiv zu erwärmen und so die Wärme gezielt von innen nach außen in einem definierten Bereich zu leiten. </p><p id="p0022" num="0022">Erfolgt die Wärmebehandlung mittels einer heißen Platte, so kann diese lediglich in einem Abstand von den zu erwartenden Teilen gehalten werden oder auch in den direkten Kontakt gelangen. Im Letzteren Fall, ist es möglich formgebenden auf die Elemente des </p><p id="p0023" num="0023">Tragelements und/oder des wischblattseitigen Teils der Anschlussvorrichtung einzuwirken und den Verbund zu verbessern. 
<!-- EPO <DP n="4"/>-->
 Sehr schonend kann die Wärmebehandlung über ein Wärmebad erfolgen, durch das zumindest die zu erwärmenden Teile gezogen werden. </p><p id="p0024" num="0024">Soll eine möglichst gleichmäßige Erwärmung des gesamten Tragelement stattfinden, kann das Tragelement in einen Wärmeofen eingestellt werden. </p><p id="p0025" num="0025">Bevorzugt werden die erwärmten Teile im Anschluss an die Wärmebehandlung </p><p id="p0026" num="0026">formgebenden bearbeitet, insbesondere aufeinander gepresst. Dadurch verringern sich die Spalte und es ergibt sich eine kraftschlüssige und oder formschlüssige Verbindungen. </p><p id="p0027" num="0027">Während des aufeinander Treffens kann bereits eine Kühlung der erwärmten Teile stattfinden, so dass eine tretende Formgebung erreicht wird. </p><p id="p0028" num="0028">Die Verbindung zwischen Tragelement und dem wischblattseitigen Teil der </p><p id="p0029" num="0029">Anschlussvorrichtung kann verbessert werden, wenn in den Bereich zwischen diesen Teilen ein Stoff eingebracht ist, der während der Wärmebehandlung aushärtet, und/oder aufquillt und/oder verklebt. Dieser Stoff kann sich dann in kleinsten Ritzen verkrallen und den </p><p id="p0030" num="0030">Verbund erheblich verbessern. </p><p id="p0031" num="0031">Das Aufbringen des wischblattseitigen Teils der Anschlussvorrichtung auf das Tragelement insbesondere vor der Wärmebehandlung gelingt dann besonders einfach, wenn das </p><p id="p0032" num="0032">Tragelement aus zwei beabstandeten Federschienen besteht beziehungsweise solche aufweist, die vor dem Aufschieben des wischblattseitigen Teils aneinander angelegt werden und nach dem Positionieren des wischblattseitigen Teils auf den konkreten Abstand gebracht, also insbesondere auseinander geschoben werden. </p><p id="p0033" num="0033">Ein erfindungsgemäßes Wischblatt zum Wischen von Scheiben mit den Merkmalen des Anspruchs 14 hat den Vorteil, dass es sehr einfach hergestellt werden kann, weil die </p><p id="p0034" num="0034">Verbindung zwischen dem Tragelement und dem wischblattseitigen Teil der </p><p id="p0035" num="0035">Anschlussvorrichtung durch eine Wärmebehandlung in diesem Bereich deutlich verbessert wird. Dies ist deshalb besonders wichtig, weil während des Wischbetriebs insbesondere bei trockener Scheibe oder wenn Schnee auf der Scheibe liegt erhebliche Drehmomente zwischen dem Tragelement und dem wischblattseitigen Teil der Anschlussvorrichtung vorherrschen. Diese Drehmomente sind auch nicht konstant sondern regelmäßig wechselnd. </p><p id="p0036" num="0036">Die zwischen dem Tragelement und dem wischblattseitigen Teil der Anschlussvorrichtung vorherrschende lichte Weite sollte, dass die Wärmebehandlung effektiv wirkt, in einem 
<!-- EPO <DP n="5"/>-->
 Toleranzband von 0 mm bis 0,5 mm, vorzugsweise von 0 mm bis 0,2 mm, mindestens jedoch von 0 mm bis 0,5 mm liegen. </p><p id="p0037" num="0037">Die Maßhaltigkeit der Anordnung kann dann einfach eingehalten werden, wenn die beabstandeten Federschienen an deren enden von Endkappen abgedeckt sind, wobei mindestens eine Endkappe einen Abstandhalter aufweist. </p><p id="p0038" num="0038">Eine einfache Montage ergibt sich, wenn die Anschlussvorrichtung im Bereich der Ansätze Anlaufschrägen aufweist, so dass ein einfaches einfädeln der Federschienen in diesem Bereich gewährleistet ist. </p><p id="p0039" num="0039">Zeichnung </p><p id="p0040" num="0040">In der Zeichnung zeigen: Figur 1 ein erfindungsgemäßes Wischblatt in perspektivischer Darstellung mit strichpunktiert angedeutetem Wischerarm und strichpunktiert angedeuteter Oberfläche einer Windschutzscheibe, Fig. 2 zeigt eine Ansicht nach II-II in Fig. 1, Fig. 3 eine schematische Darstellung der Ansicht nach Fig. 2 mit nur einer Federschiene, Fig. 4 eine schematische Ansicht in Blickrichtung IV in Fig. 1 mit nur einer Endkappe, Fig. 5 eine schematische Ansicht entsprechend Fig. 2 eines Ausführungsbeispieles mit einem </p><p id="p0041" num="0041">Warmluftgebläse, Fig. 6 entsprechend Fig. 5 mit einer Wärmestrahlungsquelle, Fig. 7 entsprechend Fig. 5 mit einer Induktionserwärmungseinheit, Fig. 8 entsprechend Fig. 5 mit einer Heizfläche, Fig. 9 entsprechend Fig. 5 in einem Wärmeofen und Fig. 10 eine schematische seitliche Darstellung eines erfindungsgemäßen Wischblatts in einem </p><p id="p0042" num="0042">Wärmebad. </p><p id="p0043" num="0043">Beschreibung der Ausführungsbeispiele </p><p id="p0044" num="0044">Ein in Figur 1 gezeigtes Wischblatt 10 weist ein bandartig langgestrecktes, federelastisches Tragelement 12 auf (Figuren 1 und 2), an dessen unteren, der Scheibe zugewandten Bandseite 13 eine langgestreckte, gummielastische Wischleiste 14 längsachsenparallel befestigt ist. An der oberen, von der Scheibe abgewandten Bandseite 11 des auch als Federschiene zu bezeichnenden Tragelements 12 ist in dessen Mittelabschnitt das wischblattseitige Teil 15 einer Anschlussvorrichtung angeordnet, mit deren Hilfe das Wischblatt 10 gelenkig mit einem in Figur 1 strichpunktiert angedeuteten Wischerarm 16 lösbar verbunden werden kann. Der in Richtung eines Doppelpfeils 18 in Figur 1 pendelnd angetriebenen Wischerarm 16 ist in Richtung eines Pfeils 24 zur zu wischenden Scheibe - beispielsweise zur Windschutzscheibe eines Kraftfahrzeugs belastet - deren Oberfläche in 
<!-- EPO <DP n="6"/>-->
 Figur 1 durch eine strichpunktierte Linie 22 angedeutet ist. Da die Linie 22 die stärkste Krümmung der Scheibenoberfläche darstellen soll ist klar ersichtlich, dass die Krümmung des mit seinen beiden Enden an der Scheibe anliegenden, noch unbelasteten Wischblatts stärker ist als die maximale Scheibenkrümmung (Figur 1). Unter dem Anpressdruck (Pfeil 24) legt sich das Wischblatt 10 mit seiner Wischlippe 26 über seine gesamte Länge an der Scheibenoberfläche 22 an. Dabei baut sich im aus Metall gefertigten, federelastischen Tragelement 12 eine Spannung auf, welche für eine ordnungsgemäße Anlage der </p><p id="p0045" num="0045">Wischleiste 14 beziehungsweise der Wischlippe 26 über deren gesamte Länge an der Scheibenoberfläche 22 sowie für eine gleichmäßige Verteilung des Anpressdrucks (Pfeil 24) sorgt. </p><p id="p0046" num="0046">Im Folgenden soll nun auf die besondere Ausgestaltung des erfindungsgemäßen Wischblatts näher eingegangen werden. </p><p id="p0047" num="0047">In Fig. 2 ist erkennbar, dass das Tragelement 12 aus zwei, voneinander getrennten </p><p id="p0048" num="0048">Federleisten 28 und 30 aufgebaut ist, die zueinander beabstandet sind und einen Spalt 32 begründen. Die Anschlussvorrichtung 15 weist in einem unteren Bereich zwei u-förmige Aufnahmen 34 und 36 auf, in denen die Federleisten 28 und 30 aufgenommen sind. Die Aufnahmen 34 und 36 umfassen die Federleisten 28 und 30 jeweils über einen größeren Teil ihres Querschnitt, wobei der mit dem Wischerarm 16 korrespondierende Teil der </p><p id="p0049" num="0049">Anschlussvorrichtung 15 auf der konvexen Seite 29 des Tragelements 12 angeordnet ist, während die konkave Seite 31 dieser gegenüberliegt. Zwischen den Federleisten 28, 30 und der jeweiligen Aufnahme 34, 36 besteht ein kleiner Spalt 41. </p><p id="p0050" num="0050">In Fig. 3 ist die Anschlussvorrichtung 15 schematisch dargestellt, wobei in der Aufnahme 34 die entsprechende Federleiste 28 eingezeichnet ist, während die Federleiste 30, nicht in der entsprechenden Aufnahme 36 liegt, so dass die lichte Weite 42 zu sehen ist. Es ist erkennbar, dass die Aufnahmen 34 und 36 die Federleisten 28 und 30 passend umgreifen, wobei auf die vorliegenden Toleranzen später eingegangen wird. Im Bereich oberhalb der Federleisten 28 und 30 sowie oberhalb des Spalts 32 weist die Anschlussvorrichtung 15 eine Aussparung 40 auf, in die, wenn das Wischblatt 10 zusammengebaut ist, ein Kopfteil einer Wischleiste 14 zu liegen kommt. </p><p id="p0051" num="0051">Das in Fig. 4 von unten dargestellte Wischblatt 10, das ohne die Wischleiste 14 bzw. </p><p id="p0052" num="0052">Wischerlippe 26 gezeichnet ist, zeigt die Federleisten 28 und 30, den Spalt 32 sowie die Aufnahmen 34 und 36 der Anschlussvorrichtung 15. Es ist erkennbar, dass bei dieser Ausführungsform des Wischblatts 10 die Federleisten 28 und 30 vollständig voneinander 
<!-- EPO <DP n="7"/>-->
 getrennt sind und lediglich durch die Anschlussvorrichtung 15 bzw. über Endkappen 38, von denen in Fig. 4 nur eine an einem Ende gezeichnet ist, zusammengehalten werden. </p><p id="p0053" num="0053">Zumindest eine der Endkappen 38 weist einen Abstandhalter 39 auf, der in montiertem Zustand die Federleisten 28, 30 auf dem Abstand des Spalts 32 hält. </p><p id="p0054" num="0054">Bei dem erfindungsgemäßen Verfahren wird nun das wischblattseitige Teil 15 der </p><p id="p0055" num="0055">Anschlussvorrichtung 20 auf das Tragelement 12 aufgeschoben, wozu das wischblattseitige Teil 15 im Bereich der Aufnahmen 34, 36 eine lichte Weite 42 aufweist, die gleich oder geringfügig größer ist als die Dicke der Federleisten 28, 30. Dazu ist die lichte Weite ungefähr 0 mm bis mindestens 0,05 mm größer als die Dicke der Federleisten 28, 30. Die Montage wird einfacher, wenn das zulässige Toleranzband im Bereich von 0 mm bis 0,2 mm liegt, wobei dann jedoch erhöhte Anforderungen an die Wärmebehandlung stellen sind. Eine sehr einfache Montage kann erfolgen, wenn das Toleranzband zwischen 0 mm bis 0,5 mm liegt wobei dann davon auszugehen ist, dass zusätzliche Maßnahmen zur Verringerung des Spalts nach der Wärmebehandlung notwendig werden. Insbesondere bei kleinen Spalten 41 ist die Montage des wischblattseitigen Teils 15 auf die Federleisten 28, 30 der Art zu vollziehen, dass die Federleisten 28, 30 unter Verringerung der Spaltes 32 in die lichte Weiten nebeneinander gehalten werden, das wischblattseitige Teil 15 aufgeschoben wird und erst dann die Federleisten 28, 30 auf denen Abstand 32 gebracht und damit in die Aufnahmen eingeschoben werden. Dieses Verfahren kann natürlich auch bei den anderen Toleranzen von Vorteil sein. </p><p id="p0056" num="0056">Um das ineinander Einführen von wischblattseitigen Teil und Federschienen 28, 30 zu erleichtern, weisen die Aufnahmen 34, 36 im Bereich der krallenartigen Ansätze 50 </p><p id="p0057" num="0057">Anlaufschrägen 51 auf. </p><p id="p0058" num="0058">Sobald Tragelement 12 und wischblattseitiges Teil 15 zueinander die richtige Position eingenommen haben, wird mit einer Wärmebehandlung begonnen, die entweder auf das wischblattseitige Teil 15 oder auf das Tragelement 12 oder auch auf beide Elemente gerichtet ist. Dadurch verändert sich die lichte Weite 44 der Art, dass sie den Spalt 41 ganz oder zumindest weit gehend verschließt. </p><p id="p0059" num="0059">In Fig. 5 ist dargestellt, wie mit einem Heißluftgebläse 46 ein heißer Luftstrom 48 von unten auf die Aufnahmen 34 und 36 bzw. direkt auf krallenartigen Ansätze 50 geblasen wird. Das Heißluftgebläse 46 weist dazu einen Richtungsgeber 52 auf, der Ausführungsbeispiel trichterförmig ausgestaltet ist. Dadurch wird der heißer Luftstrom 48 gleichzeitig auf beide 
<!-- EPO <DP n="8"/>-->
 krallenartigen Ansätze 50, auf die im Spalt 32 herausragenden Federleisten 28, 30 und in die Aussparung 40 gerichtet. Der gesamte Bereich wird damit gleichmäßig erwärmt. </p><p id="p0060" num="0060">Das Heißluftgebläse 46 kann in seiner Ausdehnung entsprechend der Länge des </p><p id="p0061" num="0061">wischblattseitigen Teils 15 in Längsrichtung des Wischblatts gesehen angepasst sein oder auch kleiner gehalten und in Längsrichtung verfahren werden. </p><p id="p0062" num="0062">In einem weiteren Ausführungsbeispiel nach Fig. 6 ist als Wärmequelle ein Wärmestrahler 54 dargestellt, von dem ausgehend Wärmestrahlung 56 auf den unteren Bereich des Wischblatts 10 gerichtet ist. Die Wärmestrahlung 56 wird im Ausführungsbeispiel durch zwei Heizstrahler 58 erzeugt, wie sie beispielsweise in sogenannten Reflow -Öfen beim Löten eingesetzt werden. Die Wärmestrahlung 56 besitzt gegenüber dem heißen Luftstrom 48 den Vorteil, dass keine Verwirbelungen, Turbulenzen und damit keine Kräfte auf das Wischblatt 10 entstehen. Nachteilig kann es jedoch sein, dass die Wärme insgesamt nur direkt von unten einwirkt, während sich der heiße Luftstrom 48 bis in die Aussparung 40 fortpflanzen kann. </p><p id="p0063" num="0063">Einen anderen Weg geht ein Ausführungsbeispiel nach Fig. 7, bei dem die Wärme mittels einer Induktionsvorrichtung 60 in den metallischen Federleisten 28, 30 des Tragelements 12 erzeugt wird. Dazu wird das bereits zusammengesetzte Ensemble aus den Federleisten 28, 30 und dem wischblattseitigen Teil 15 durch eine Induktionsschleife 62 bewegt bzw. die Induktionsschleife 62 über das Ensemble geführt, während ein hochfrequenter </p><p id="p0064" num="0064">Wechselstrom an der Induktionsschleife 62, die bevorzugt an Spule ausgebildet ist, anliegt. </p><p id="p0065" num="0065">In Fig. 8 ist wieder das bereits zusammengesetzte Ensemble aus den Federleisten 28, 30 und dem wischblattseitigen Teil 15 dargestellt, unter dem eine heiße Platte 64 positioniert ist. Wird ein Abstand zwischen der Platte 64 und den krallenartigen Ansätzen 50 eingehalten, so wird die Wärme ähnlich dem Ausführungsbeispiel nach Fig. 6 mittels Wärmestrahlung übertragen. Es ist jedoch auch möglich, die Platte 64 mit Kraft auf die krallenartigen Ansätze 50 zu pressen, so dass zusätzlich zur Erwärmung ein formgebender Druck entsteht, der den Spalt 41 bzw. die Spalte 41 verschließt. </p><p id="p0066" num="0066">In Fig. 9 ist das zusammengesetzte Ensemble aus den Federleisten 28, 30 und dem wischblattseitigen Teil 15 in einem Wärmeofen 66 positioniert, indem eine definierte </p><p id="p0067" num="0067">Atmosphäre vorherrschen kann. In Fig. 10 ist das zusammengesetzte Ensemble aus den Federleisten 28, 30 und dem wischblattseitigen Teil 15 in einen Wärmebad 68 getaucht. 
<!-- EPO <DP n="9"/>-->
 Je nach Art der Wärmeeinbringung und/oder der Vorbereitung der Federleisten 28, 30 bzw. des wischblattseitigen Teils 15 können sich die Spalte 41 von selbst verschließen oder müssen durch zusätzlichen Kraftaufwand verschlossen werden. Ist dieser weitere Schritt notwendig, kann im einfachsten Fall, wie das im Beispiel nach Fig. 8 zu sehen ist, eine mehr oder weniger stark erwärmte Platte am wischblattseitigen Teil 15 eingepresst werden. Die Platte kann eine Temperatur aufweisen, die zusätzlich Wärme einbringt oder bereits ein Abkühlungsvorgang in Gang gesetzt. Durch die Abkühlung wird eine bleibende </p><p id="p0068" num="0068">Formänderung erzielt. </p><p id="p0069" num="0069">In allen Verfahren nach den Ausführungsbeispielen ist es möglich, einen zusätzlichen Stoff 70 in die lichte Weite 42 einzubringen, der während der Wärmebehandlung aushärtet und/oder aufquillt und/oder die Federleisten 28, 30 mit dem wischblattseitigen Teil 15 verkleben. 
</p></description><claims mxw-id="PCLM44727616" ref-ucid="WO-2012113712-A1" lang="DE" load-source="patent-office"><claim-statement><!-- EPO <DP n="10"/>-->Patentansprüche </claim-statement><claim id="clm-0001" num="1"><claim-text>1. Verfahren zum Herstellen eines Wischblatts mit einem Tragelement (12) und einer Anschlussvorrichtung (20), die mit einem wischblattseitigen Teil (15) am Tragelement (12) befestigt ist, das krallenartige Ansätze (50) aufweist, die das Tragelement (12) zumindest bereichsweise umgreifen, dadurch gekennzeichnet, dass das wischblattseitige Teil (15) mit einer nur geringfügig größeren lichten Weite (42) als die Dicke des Tragelements (12) auf das Tragelement (12) aufgeschoben und positioniert wird und nach dem Positionieren wärmebehandelt wird. </claim-text></claim><claim id="clm-0002" num="2"><claim-text>2. Verfahren nach Anspruch 1, dadurch gekennzeichnet, dass die Wärmebehandlung von einer unteren Seite auf die krallenartigen Ansätze (50) wirkt. </claim-text></claim><claim id="clm-0003" num="3"><claim-text>3. Verfahren nach einem der vorhergehenden Ansprüche, dadurch gekennzeichnet, dass di Wärmebehandlung von einer unteren Seite auf das Tragelement (12) wirkt. </claim-text></claim><claim id="clm-0004" num="4"><claim-text>4. Verfahren nach einem der vorhergehenden Ansprüche, dadurch gekennzeichnet, dass di Wärmebehandlung in Form von geblasener Heißluft (48) erfolgt. </claim-text></claim><claim id="clm-0005" num="5"><claim-text>5. Verfahren nach einem der vorhergehenden Ansprüche, dadurch gekennzeichnet, dass di Wärmebehandlung in Form von Wärmestrahlung (56) erfolgt. </claim-text></claim><claim id="clm-0006" num="6"><claim-text>6. Verfahren nach einem der vorhergehenden Ansprüche, dadurch gekennzeichnet, dass di Wärmebehandlung in induktiver Form (60, 62) erfolgt. </claim-text></claim><claim id="clm-0007" num="7"><claim-text>7. Verfahren nach einem der vorhergehenden Ansprüche, dadurch gekennzeichnet, dass di Wärmebehandlung mittels einer heißen Platte (64) erfolgt. </claim-text></claim><claim id="clm-0008" num="8"><claim-text>8. Verfahren nach einem der vorhergehenden Ansprüche, dadurch gekennzeichnet, dass di Wärmebehandlung über ein Wärmebad (68) erfolgt. </claim-text></claim><claim id="clm-0009" num="9"><claim-text>9. Verfahren nach einem der vorhergehenden Ansprüche, dadurch gekennzeichnet, dass fü die Wärmebehandlung das Tragelement (12) in einen Wärmeofen (66) gebracht wird. <!-- EPO <DP n="11"/>--> </claim-text></claim><claim id="clm-0010" num="10"><claim-text>10. Verfahren nach einem der vorhergehenden Ansprüche, dadurch gekennzeichnet, dass Während oder nach der Wärmebehandlung die Ansätze (50) gepresst werden. </claim-text></claim><claim id="clm-0011" num="11"><claim-text>11. Verfahren nach einem der vorhergehenden Ansprüche, dadurch gekennzeichnet, dass das nach der Wärmebehandlung die Ansätze (50) durch eine kühlenden Vorrichtung gepresst und abgekühlt werden. </claim-text></claim><claim id="clm-0012" num="12"><claim-text>12. Verfahren nach einem der vorhergehenden Ansprüche, dadurch gekennzeichnet, dass in der lichten Weite (42) ein Stoff (70) eingebracht ist, der während der Wärmebehandlung aushärtet und/oder aufquillt und/oder verklebt. </claim-text></claim><claim id="clm-0013" num="13"><claim-text>13. Verfahren nach einem der vorhergehenden Ansprüche, dadurch gekennzeichnet, dass das Tragelement (12) zwei beabstandete Federschienen (28, 30) aufweist, die vor dem Aufschieben des wischblattseitigen Teils (15) aneinander angelegt werden und nach dem Positionieren des wischblattseitigen Teils (15) auf den korrekten Abstand (32) gebracht werden. </claim-text></claim><claim id="clm-0014" num="14"><claim-text>14. Wischblatt zum Wischen von Scheiben, insbesondere von Kraftfahrzeugscheiben, mit einem Tragelement (12) zum Aufnehmen einer Wischleiste (14), an dem eine </claim-text><claim-text>Anschlussvorrichtung (20) befestigt ist, die ein wischblattseitiges Teil (15) mit krallenartigen Ansätzen (50) aufweist, die das Tragelement (12) zumindest bereichsweise umgreifen, insbesondere hergestellt nach einem vorhergehenden Verfahren, dadurch gekennzeichnet, dass die Ansätze (50) eine lichte Weite (42) aufweisen, die der Dicke des Tragelements (12) im wesentlichen entspricht oder geringfügig größer ist und dass die Befestigung des wischblattseitigen Teils (15) mit dem Tragelement (12) durch eine mindestens auf die Ansätze (50) wirkende Wärmebehandlung verbessert ist. </claim-text></claim><claim id="clm-0015" num="15"><claim-text>15. Wischblatt nach Anspruch 14, dadurch gekennzeichnet, dass die lichte Weite (42) in einem Toleranzband von 0 mm bis 0,5 mm, vorzugsweise von 0 mm bis 0,2 mm mindestens jedoch von 0 mm bis 0,05 mm größer als die Dicke des Tragelements (12) liegt. </claim-text></claim><claim id="clm-0016" num="16"><claim-text>16. Wischblatt nach einem der Ansprüche 14 bis 15, dadurch gekennzeichnet, dass das Tragelement (12) zwei beabstandete Federschienen (28, 30) aufweist, deren Enden von jeweils einer Endkappe (38) abgedeckt sind, wobei mindestens eine Endkappe (38) einen Abstand halter (39) aufweist. <!-- EPO <DP n="12"/>--> </claim-text></claim><claim id="clm-0017" num="17"><claim-text>17. Wischblatt nach einem der Ansprüche 14 bis 16, dadurch gekennzeichnet, das die Anschlussvorrichtung (20) im Bereich der Ansätze (50) Anlaufschrägen (51) aufweist. </claim-text></claim></claims><copyright>User acknowledges that Fairview Research LLC and its third party providers retain all right, title and interest in and to this xml under applicable copyright laws.  User acquires no ownership rights to this xml including but not limited to its format.  User hereby accepts the terms and conditions of the Licence Agreement</copyright></patent-document>
