<?xml version="1.0" encoding="UTF-8"?>
<patent-document ucid="EP-2958807-A1" country="EP" doc-number="2958807" kind="A1" date="20151230" family-id="48145583" file-reference-id="312929" date-produced="20180822" status="corrected" lang="EN"><bibliographic-data><publication-reference fvid="160453871" ucid="EP-2958807-A1"><document-id><country>EP</country><doc-number>2958807</doc-number><kind>A1</kind><date>20151230</date><lang>EN</lang></document-id></publication-reference><application-reference ucid="EP-14708686-A" is-representative="NO"><document-id mxw-id="PAPP193870710" load-source="patent-office" format="original"><country>EP</country><doc-number>14708686.2</doc-number><date>20140220</date><lang>IT</lang></document-id><document-id mxw-id="PAPP193870711" load-source="docdb" format="epo"><country>EP</country><doc-number>14708686</doc-number><kind>A</kind><date>20140220</date><lang>IT</lang></document-id></application-reference><priority-claims><priority-claim mxw-id="PPC162027485" ucid="IB-2014059134-W" linkage-type="W" load-source="docdb"><document-id format="epo"><country>IB</country><doc-number>2014059134</doc-number><kind>W</kind><date>20140220</date></document-id></priority-claim><priority-claim mxw-id="PPC162029225" ucid="IT-MO20130046-A" load-source="docdb"><document-id format="epo"><country>IT</country><doc-number>MO20130046</doc-number><kind>A</kind><date>20130222</date></document-id></priority-claim></priority-claims><technical-data><classifications-ipcr><classification-ipcr mxw-id="PCL-1988522628" load-source="docdb">B65B  29/02        20060101AFI20140910BHEP        </classification-ipcr><classification-ipcr mxw-id="PCL-1988524415" load-source="docdb">B65D  85/804       20060101ALI20140910BHEP        </classification-ipcr><classification-ipcr mxw-id="PCL-1988525676" load-source="docdb">B65B  61/18        20060101ALI20140910BHEP        </classification-ipcr></classifications-ipcr><classifications-cpc><classification-cpc mxw-id="PCL-1763875242" load-source="docdb" scheme="CPC">B65B  29/022       20170801 LI20170920BHEP        </classification-cpc><classification-cpc mxw-id="PCL-1835129598" load-source="docdb" scheme="CPC">B65D2565/385       20130101 LA20170324BHEP        </classification-cpc><classification-cpc mxw-id="PCL-1984699861" load-source="docdb" scheme="CPC">B65B   7/2842      20130101 LI20160107BHEP        </classification-cpc><classification-cpc mxw-id="PCL-1984702287" load-source="docdb" scheme="CPC">B65D  85/8043      20130101 LI20160108BHEP        </classification-cpc><classification-cpc mxw-id="PCL-1984704817" load-source="docdb" scheme="CPC">B65B  61/18        20130101 LI20160108BHEP        </classification-cpc><classification-cpc mxw-id="PCL-1984705430" load-source="docdb" scheme="CPC">B65B  29/02        20130101 FI20160108BHEP        </classification-cpc></classifications-cpc><invention-title mxw-id="PT165553079" lang="DE" load-source="patent-office">VERFAHREN ZUR HERSTELLUNG EINER KAPSEL FÜR GETRÄNKE UND KAPSEL</invention-title><invention-title mxw-id="PT165553080" lang="EN" load-source="patent-office">METHOD FOR MAKING A CAPSULE FOR BEVERAGES AND CAPSULE</invention-title><invention-title mxw-id="PT165553081" lang="FR" load-source="patent-office">PROCÉDÉ DE FABRICATION D'UNE CAPSULE POUR BOISSON ET CAPSULE AINSI OBTENUE</invention-title></technical-data><parties><applicants><applicant mxw-id="PPAR1103326456" load-source="docdb" sequence="1" format="epo"><addressbook><last-name>SARONG SPA</last-name><address><country>IT</country></address></addressbook></applicant><applicant mxw-id="PPAR1103328597" load-source="docdb" sequence="1" format="intermediate"><addressbook><last-name>SARONG SOCIETA' PER AZIONI</last-name></addressbook></applicant><applicant mxw-id="PPAR1101650310" load-source="patent-office" sequence="1" format="original"><addressbook><last-name>Sarong Societa' Per Azioni</last-name><iid>101036665</iid><address><street>Via Colombo 18</street><city>42046 Reggiolo (RE)</city><country>IT</country></address></addressbook></applicant></applicants><inventors><inventor mxw-id="PPAR1103310925" load-source="docdb" sequence="1" format="epo"><addressbook><last-name>BARTOLI ANDREA</last-name><address><country>IT</country></address></addressbook></inventor><inventor mxw-id="PPAR1103329709" load-source="docdb" sequence="1" format="intermediate"><addressbook><last-name>BARTOLI, ANDREA</last-name></addressbook></inventor><inventor mxw-id="PPAR1101648209" load-source="patent-office" sequence="1" format="original"><addressbook><last-name>BARTOLI, ANDREA</last-name><address><street>Via Dumas 3</street><city>I-42123 Reggio Emilia</city><country>IT</country></address></addressbook></inventor><inventor mxw-id="PPAR1103343228" load-source="docdb" sequence="2" format="epo"><addressbook><last-name>CAPITINI DAVIDE</last-name><address><country>IT</country></address></addressbook></inventor><inventor mxw-id="PPAR1103334286" load-source="docdb" sequence="2" format="intermediate"><addressbook><last-name>CAPITINI, Davide</last-name></addressbook></inventor><inventor mxw-id="PPAR1101645584" load-source="patent-office" sequence="2" format="original"><addressbook><last-name>CAPITINI, Davide</last-name><address><street>Via Dumas 4</street><city>I-42123 Reggio Emilia</city><country>IT</country></address></addressbook></inventor><inventor mxw-id="PPAR1103341172" load-source="docdb" sequence="3" format="epo"><addressbook><last-name>GRILLENZONI ALESSANDRO</last-name><address><country>IT</country></address></addressbook></inventor><inventor mxw-id="PPAR1103314528" load-source="docdb" sequence="3" format="intermediate"><addressbook><last-name>GRILLENZONI, Alessandro</last-name></addressbook></inventor><inventor mxw-id="PPAR1101640667" load-source="patent-office" sequence="3" format="original"><addressbook><last-name>GRILLENZONI, Alessandro</last-name><address><street>Via Galleria 12</street><city>I-41011 Campogalliano (modena)</city><country>IT</country></address></addressbook></inventor><inventor mxw-id="PPAR1103342542" load-source="docdb" sequence="4" format="epo"><addressbook><last-name>TRALDI FLAVIO</last-name><address><country>IT</country></address></addressbook></inventor><inventor mxw-id="PPAR1103308546" load-source="docdb" sequence="4" format="intermediate"><addressbook><last-name>TRALDI, FLAVIO</last-name></addressbook></inventor><inventor mxw-id="PPAR1101640694" load-source="patent-office" sequence="4" format="original"><addressbook><last-name>TRALDI, FLAVIO</last-name><address><street>Via Verdeta 78</street><city>I-41030 San Prospero (Modena)</city><country>IT</country></address></addressbook></inventor></inventors><agents><agent mxw-id="PPAR1101648803" load-source="patent-office" sequence="1" format="original"><addressbook><last-name>Persi, Patrizia</last-name><suffix>et al</suffix><iid>101160134</iid><address><street>Luppi Crugnola &amp; Partners S.r.l. Viale Corassori, 54</street><city>41124 Modena</city><country>IT</country></address></addressbook></agent></agents></parties><international-convention-data><pct-or-regional-filing-data ucid="IB-2014059134-W"><document-id><country>IB</country><doc-number>2014059134</doc-number><kind>W</kind><date>20140220</date><lang>EN</lang></document-id></pct-or-regional-filing-data><pct-or-regional-publishing-data ucid="WO-2014128647-A1"><document-id><country>WO</country><doc-number>2014128647</doc-number><kind>A1</kind><date>20140828</date><lang>EN</lang></document-id></pct-or-regional-publishing-data><designated-states><ep-contracting-states><country mxw-id="DS660726100" load-source="docdb">AL</country><country mxw-id="DS660642978" load-source="docdb">AT</country><country mxw-id="DS660726102" load-source="docdb">BE</country><country mxw-id="DS660725248" load-source="docdb">BG</country><country mxw-id="DS660647332" load-source="docdb">CH</country><country mxw-id="DS660760379" load-source="docdb">CY</country><country mxw-id="DS660642991" load-source="docdb">CZ</country><country mxw-id="DS660726111" load-source="docdb">DE</country><country mxw-id="DS660760380" load-source="docdb">DK</country><country mxw-id="DS660760381" load-source="docdb">EE</country><country mxw-id="DS660795419" load-source="docdb">ES</country><country mxw-id="DS660725249" load-source="docdb">FI</country><country mxw-id="DS660725250" load-source="docdb">FR</country><country mxw-id="DS660726112" load-source="docdb">GB</country><country mxw-id="DS660760382" load-source="docdb">GR</country><country mxw-id="DS660726113" load-source="docdb">HR</country><country mxw-id="DS660642992" load-source="docdb">HU</country><country mxw-id="DS660647333" load-source="docdb">IE</country><country mxw-id="DS660726114" load-source="docdb">IS</country><country mxw-id="DS660725263" load-source="docdb">IT</country><country mxw-id="DS660760387" load-source="docdb">LI</country><country mxw-id="DS660736595" load-source="docdb">LT</country><country mxw-id="DS660642993" load-source="docdb">LU</country><country mxw-id="DS660736596" load-source="docdb">LV</country><country mxw-id="DS660736597" load-source="docdb">MC</country><country mxw-id="DS660644116" load-source="docdb">MK</country><country mxw-id="DS660644117" load-source="docdb">MT</country><country mxw-id="DS660642994" load-source="docdb">NL</country><country mxw-id="DS660795420" load-source="docdb">NO</country><country mxw-id="DS660647334" load-source="docdb">PL</country><country mxw-id="DS660736603" load-source="docdb">PT</country><country mxw-id="DS660643007" load-source="docdb">RO</country><country mxw-id="DS660736604" load-source="docdb">RS</country><country mxw-id="DS660643008" load-source="docdb">SE</country><country mxw-id="DS660736605" load-source="docdb">SI</country><country mxw-id="DS660795421" load-source="docdb">SK</country><country mxw-id="DS660647339" load-source="docdb">SM</country><country mxw-id="DS660644118" load-source="docdb">TR</country></ep-contracting-states><ep-extended-states><ep-extended-state-data><country>BA</country></ep-extended-state-data><ep-extended-state-data><country>ME</country></ep-extended-state-data></ep-extended-states></designated-states></international-convention-data><office-specific-data><eptags><ep-no-a-document-published>*</ep-no-a-document-published></eptags></office-specific-data></bibliographic-data><abstract mxw-id="PA139078948" ref-ucid="WO-2014128647-A1" lang="EN" load-source="patent-office"><p num="0000">A method for making a capsule (100) that is usable in a brewing machine and comprises a casing (101) provided with a cavity (105) and containing a filtering element (60) made of non-woven material arranged for receiving an initial product (P1) for preparing a final product in said brewing machine, the method comprising: - making a filtering element (60) comprising a central portion (61) intended for containing the initial product (P1) and at least one gripping portion (62; 162; 61a); - inserting into the cavity (105) the filtering element (60), the casing (101) and/or the filtering element (60) being arranged in such a manner that the gripping portion (62; 162; 61a) protrudes from the casing (101), in particular extending outwards from a rim (104) of the casing (101); - fixing the filtering element (60) to the casing (101), in particular fixing to the rim (104); - filling the filtering element (60) with a dose of the initial product (P1); - applying and fixing a covering element (70; 75) to the casing (101), in particular to the rim (104), in such a manner as to close hermetically inside the cavity (105) the filtering element (60) and the initial product (P1); - reinforcing the gripping portion (62; 162; 61 a) to enable a user grasping the latter to remove at least the filtering element (60) from the casing (101) after use, said reinforcing comprising: - providing in the covering element (70; 75) a cover portion (71; 75a) and superimposing and associating said cover portion (71; 75a) with the gripping portion (62; 61a) and/or • hot pressing the gripping portion (162; 61a) in such a manner as to press and compact fibres of at least one external surface layer of said non-woven material and reduce a thickness of said non-woven material by a percentage comprised between 30 and 50 %.</p></abstract><abstract mxw-id="PA139545503" ref-ucid="WO-2014128647-A1" lang="EN" source="national office" load-source="docdb"><p>A method for making a capsule (100) that is usable in a brewing machine and comprises a casing (101) provided with a cavity (105) and containing a filtering element (60) made of non-woven material arranged for receiving an initial product (P1) for preparing a final product in said brewing machine, the method comprising: - making a filtering element (60) comprising a central portion (61) intended for containing the initial product (P1) and at least one gripping portion (62; 162; 61a); - inserting into the cavity (105) the filtering element (60), the casing (101) and/or the filtering element (60) being arranged in such a manner that the gripping portion (62; 162; 61a) protrudes from the casing (101), in particular extending outwards from a rim (104) of the casing (101); - fixing the filtering element (60) to the casing (101), in particular fixing to the rim (104); - filling the filtering element (60) with a dose of the initial product (P1); - applying and fixing a covering element (70; 75) to the casing (101), in particular to the rim (104), in such a manner as to close hermetically inside the cavity (105) the filtering element (60) and the initial product (P1); - reinforcing the gripping portion (62; 162; 61 a) to enable a user grasping the latter to remove at least the filtering element (60) from the casing (101) after use, said reinforcing comprising: - providing in the covering element (70; 75) a cover portion (71; 75a) and superimposing and associating said cover portion (71; 75a) with the gripping portion (62; 61a) and/or • hot pressing the gripping portion (162; 61a) in such a manner as to press and compact fibres of at least one external surface layer of said non-woven material and reduce a thickness of said non-woven material by a percentage comprised between 30 and 50 %.</p></abstract><abstract mxw-id="PA139078949" ref-ucid="WO-2014128647-A1" lang="FR" load-source="patent-office"><p num="0000">Procédé de fabrication d'une capsule (100) qui peut être utilisée dans une machine de percolation et comprend un boîtier (101) pourvu d'une cavité (105) et contenant un élément filtrant (60) constitué d'un matériau non-tissé conçu pour recevoir un produit initial (P1) destiné à la préparation d'un produit final dans ladite machine de percolation. Ledit procédé comprend les étapes suivantes : fabrication d'un élément filtrant (60) comprenant une partie centrale (61) destinée à contenir le produit initial (P1) et au moins une partie de préhension (62; 162; 61a) ; introduction de l'élément filtrant (60) dans la cavité (105), le boîtier (101) et/ou l'élément filtrant (60) étant agencés de telle manière que la partie de préhension (62; 162; 61a) fait saillie à partir du boîtier (101), en particulier s'étend vers l'extérieur depuis un rebord (104) du boîtier (101) ; fixation de l'élément filtrant (60) sur le boîtier (101), en particulier fixation sur le rebord (104) ; remplissage de l'élément filtrant (60) avec une dose du produit initial (P1) ; application et fixation d'un élément de recouvrement (70; 75) sur le boîtier (101), en particulier sur le rebord (104), de manière à enfermer hermétiquement l'élément filtrant (60) et le produit initial (P1) à l'intérieur de la cavité (105) ; et renforcement de la partie de préhension (62; 162; 61a) pour permettre à un utilisateur de saisir celle-ci afin d'enlever au moins l'élément filtrant (60) du boîtier (101) après utilisation, le renforcement consistant - à intégrer dans l'élément de recouvrement (70; 75) une partie de couverture (71; 75a) et à superposer ladite partie de couverture (71; 75a) avec la partie de préhension (62; 61a) et à associer ladite partie de couverture à ladite partie de préhension, et/ou à presser à chaud la partie de préhension (162; 61a) de manière à presser et à compacter les fibres d'au moins une couche de surface externe dudit matériau non-tissé et à réduire l'épaisseur de ladite matière non tissée sur la base d'un pourcentage compris entre 30 et 50 %.</p></abstract><abstract mxw-id="PA139545504" ref-ucid="WO-2014128647-A1" lang="FR" source="national office" load-source="docdb"><p>Procédé de fabrication d'une capsule (100) qui peut être utilisée dans une machine de percolation et comprend un boîtier (101) pourvu d'une cavité (105) et contenant un élément filtrant (60) constitué d'un matériau non-tissé conçu pour recevoir un produit initial (P1) destiné à la préparation d'un produit final dans ladite machine de percolation. Ledit procédé comprend les étapes suivantes : fabrication d'un élément filtrant (60) comprenant une partie centrale (61) destinée à contenir le produit initial (P1) et au moins une partie de préhension (62; 162; 61a) ; introduction de l'élément filtrant (60) dans la cavité (105), le boîtier (101) et/ou l'élément filtrant (60) étant agencés de telle manière que la partie de préhension (62; 162; 61a) fait saillie à partir du boîtier (101), en particulier s'étend vers l'extérieur depuis un rebord (104) du boîtier (101) ; fixation de l'élément filtrant (60) sur le boîtier (101), en particulier fixation sur le rebord (104) ; remplissage de l'élément filtrant (60) avec une dose du produit initial (P1) ; application et fixation d'un élément de recouvrement (70; 75) sur le boîtier (101), en particulier sur le rebord (104), de manière à enfermer hermétiquement l'élément filtrant (60) et le produit initial (P1) à l'intérieur de la cavité (105) ; et renforcement de la partie de préhension (62; 162; 61a) pour permettre à un utilisateur de saisir celle-ci afin d'enlever au moins l'élément filtrant (60) du boîtier (101) après utilisation, le renforcement consistant - à intégrer dans l'élément de recouvrement (70; 75) une partie de couverture (71; 75a) et à superposer ladite partie de couverture (71; 75a) avec la partie de préhension (62; 61a) et à associer ladite partie de couverture à ladite partie de préhension, et/ou à presser à chaud la partie de préhension (162; 61a) de manière à presser et à compacter les fibres d'au moins une couche de surface externe dudit matériau non-tissé et à réduire l'épaisseur de ladite matière non tissée sur la base d'un pourcentage compris entre 30 et 50 %.</p></abstract><description mxw-id="PDES78477771" ref-ucid="WO-2014128647-A1" lang="EN" load-source="patent-office"><!-- EPO <DP n="2"/>--><p id="p0001" num="0001"> Method for making a capsule for beverages and capsule </p><p id="p0002" num="0002"> The invention relates to containers or capsules for preparing beverages in brewing machines and in particular relates to a method for making a capsule provided with an internal filtering element intended for containing an initial product to be combined with a liquid for preparing a final product, typically a hot beverage, for example coffee or tea, in a brewing machine. The invention also relates to a capsule. </p><p id="p0003" num="0003"> Disposable sealed capsules are known that are provided with an internal filtering element that comprise an external container or casing, made of impermeable plastic material, in the shape of a glass or cup, provided with a bottom wall and a side wall that define a cavity provided with an upper opening. The latter is closed hermetically by a cover so as to internally seal the casing the filtering element, or filter, containing the initial product from which to obtain the final product (beverage) by percolation or infusion. The cover and the bottom wall of the casing are perforable (by suitable brewing machine means) to enable a pressurised liquid, typically water, to be introduced, (generally from above through the cover) and the extraction of the beverage obtained by percolation or infusion (generally from the bottom, via the bottom wall). </p><p id="p0004" num="0004"> The known capsules are made of aluminium or plastics, in the latter case by injection moulding processes or processes of thermoforming single or multilayered plastic sheets. In one type of capsule for obtaining a final product by percolation or infusion of the initial product, the filter, which is shaped as a bag to make a respective cavity that is open upwards to contain the initial product, is fixed, in particular welded, to the side wall of the casing at an upper peripheral rim thereof that is typically in the shape of a flange. The filter divides the inside of the casing into a first upper chamber containing the product and accessible through the upper opening of the casing (to enable filling) and a second lower chamber, comprised between the filter and the bottom wall and/or the side wall of the casing, which enables the beverage obtained from the initial product to be extracted. </p><p id="p0005" num="0005">In known machines for making capsules for beverages, the filters are formed separately, by folding portions of suitable dimensions obtained by cutting or shearing a film of filtering material unwound from a reel. The formed filters are then inserted into and fixed to respective previously formed capsules. </p><p id="p0006" num="0006"> The filters generally have a conical or frustoconical shape with smooth or pleated or folded walls so as to increase the passage surface of the fluid. 
<!-- EPO <DP n="3"/>-->
 The known filtering elements are generally made of filter paper, a material that is permeable to liquids, light and thin that can be easily cut. </p><p id="p0007" num="0007"> Filtering elements are also known that are made with films or sheets of non-woven material, which has stratified or crossed fibres, joined together mechanically, with adhesives or with thermal processes. The fibres comprise threads of synthetic material and/or plastics, typically threads of polyester, polypropylene, polyamide. Although the filters made of non- woven material ensure the same performance as the filter paper in terms of filtration, they are more resistant mechanically, in particular to traction. </p><p id="p0008" num="0008">Following the demand for solid urban waste sorting, the need to dispose of the capsules has recently emerged that were once used in the brewing machines, separating the components thereof on the basis of the material with which they are made, in particular dividing the external casing into plastics or metal (aluminium) from the internal filter containing the initial organic product and possibly from the cover made of plastics or metal. </p><p id="p0009" num="0009">The removal of the bag filters in the known capsules is nevertheless very complex and difficult, as the filter is not only not graspable directly by the user but is also welded to the walls or to the rim of the casing and can easily become torn or broken when it is detached, releasing the initial product contained therein, generally at high temperature, this causing hazards for the safety of the user and problems of hygiene and cleanliness. </p><p id="p0010" num="0010">This drawback occurs independently of the filtering material used for making the filter, i.e. using both filter paper and non-woven material. In effect, it is observed that the wet filtering material at the welding zones tends to tear when subjected to traction to detach the filter from the casing. </p><p id="p0011" num="0011"> An object of the present invention is to improve the known capsules to prepare beverages in brewing machines and the known methods for making the aforesaid capsules, in particular capsules provided with filtering elements suitable for containing an initial product from which to obtain a final product, typically a beverage, by means of percolation or infusion with a liquid. </p><p id="p0012" num="0012"> Another object is to provide a capsule and a corresponding manufacturing method provided with a filtering element that can be firmly fixed to a casing of the capsule, so as not to be detached in use and which at the same time can be easily detached and removed from the casing by a user during disposal of the capsule after use. </p><p id="p0013" num="0013"> In a first aspect of the invention a method is provided for making a capsule according to claim 1. 
<!-- EPO <DP n="4"/>-->
 In a second aspect of the invention a capsule for beverages is provided according to claim 13. The invention can be better understood and implemented with reference to the attached drawings that illustrate some embodiments thereof by way of non-limiting example, in which: </p><p id="p0014" num="0014">Figure 1 is a schematic cross section of a capsule provided with a filtering element according to the invention and in an assembled configuration; </p><p id="p0015" num="0015">Figure 2 is a plan view of the capsule in figure 1 ; </p><p id="p0016" num="0016"> Figure 3 is a cross section of the capsule in figure 1 in a detachment and partial removal configuration of the filtering element; </p><p id="p0017" num="0017">Figure 4 is a cross section of a version of the capsule of the invention and in an assembled configuration; </p><p id="p0018" num="0018"> Figure 5 is a plan view of the capsule in figure 4; </p><p id="p0019" num="0019"> Figure 6 is a cross section of another version of the capsule of the invention and in an assembled configuration; </p><p id="p0020" num="0020">Figure 7 is an enlarged detail of Figure 6; </p><p id="p0021" num="0021"> Figure 8 is a bottom plan view of the capsule in figure 6; </p><p id="p0022" num="0022"> Figure 9 is a bottom plan view of a further version of the capsule of the invention. </p><p id="p0023" num="0023">With reference to figure 1, a capsule 100 is illustrated comprising a casing 101 provided with a base wall 102 and with a side wall 103 defining a cavity 105 suitable for containing a filtering element 60 and an initial product PI from which to obtain a final product using the aforesaid capsule in a brewing machine. </p><p id="p0024" num="0024"> The filtering element 60 is made of non-woven material of known type containing fibres of synthetic material and/or plastics such as nylon, polyester, polyethylene, polypropylene, polyamide that are joined together, braided and/or superimposed, by mechanical thermal processes or by coupling with binding substances. </p><p id="p0025" num="0025"> The capsule 100 further comprises a covering element 70 formed, for example, of a film of plastics or metal and fixed to a flange rim 104 of the casing 101 to close the cavity 105 hermetically, and more precisely to enclose in the cavity 105 the filtering element 60 and the dose of initial product PI that it contains. </p><p id="p0026" num="0026">The filtering element 60 is fixed to the rim 104 and comprises a central portion 61 intended for containing the initial product PI and at least one gripping portion 62 that protrudes externally from the casing 101, and in particular extends externally starting from the rim 
<!-- EPO <DP n="5"/>-->
 2014/059134 </p><p id="p0027" num="0027"> 4 </p><p id="p0028" num="0028"> 104 of the casing 101. Alternatively, the filtering element 60 can be fixed to the side wall 103 or to the latter and to the rim 104. </p><p id="p0029" num="0029"> The filtering element 60 in the illustrated embodiment comprises a central portion 61 having a plan shape corresponding to the shape, for example circular, of the rim 104 of the casing, and a tab-shaped gripping portion 62 that extends radially from said central portion 61. On the latter there is formed, for example by the process of stretching and drawing non-woven material, a respective cavity intended for containing a dose of initial product PI. </p><p id="p0030" num="0030"> An annular zone of the central portion 61 is fixed, in particular thermally welded, to the rim 104 of the casing 101. </p><p id="p0031" num="0031"> To reinforce the gripping portion 62 and enable a user gripping the latter to remove and detach at least the filtering element 60 from the casing 101 after using the capsule 100 in the brewing machine, it is provided that the covering element 70 comprises at least one cover portion 71 arranged for being superimposed and associated with the gripping portion 62 of the filtering element 60. In particular, the cover portion 71 is fixed, for example welded thermally or by ultrasound, to the gripping portion 62. In this manner, it is possible for the user to grasp together the gripping portion 62 and the cover portion 71 and detach and remove from the casing 101 the filtering element 60 and the covering element 70. The cover portion 70 confers resistance to traction and to tearing on the gripping portion 62 of the filtering element 60, preventing it being able to tear or get detached from the central portion 61, fixed to the rim 104 of the casing, during detachment of the filtering element (Figure 3). </p><p id="p0032" num="0032"> It is thus possible, after use of the capsule 100 in a brewing machine, to separate easily and effectively the filtering element 60, containing the initial organic product PI, from the casing 101 made of plastics of the capsule 101, so as to perform sorting of solid urban waste. </p><p id="p0033" num="0033"> Figures 4 and 5 illustrate a version of the capsule 100 of the invention that differs through the fact that the filtering element 60 comprises a gripping portion 162 that is treated thermally and mechanically by hot pressure so that it comprises at least one external surface layer of the non- woven material in which fibres of the latter are compacted and pressed together and has a thickness of said non-woven material reduced by a percentage comprised between 30 and 50 %. In other words, the non-woven material at the gripping portion 62 is treated to vary the physical-mechanical features thereof. 
<!-- EPO <DP n="6"/>-->
 Preferably, the hot-pressed gripping portion 162 comprises two external and opposite surface layers in the fibres are compacted and pressed together. The fibres are substantially alongside and brought next to one another with a substantially reduction of the passages (pores) between adjacent fibres. </p><p id="p0034" num="0034">Further, the fibres of the two surface layers are joined by partial fusion and resulting adhesion of the aforesaid fibres during the hot press step. </p><p id="p0035" num="0035"> As explained in detail further on in the description, in the hot-pressed gripping portion 162 the non-woven material has different physical and mechanical features from those of the original non- woven material (central portion 61). More precisely, through the effect of the compacting and partial joining (partial and surface fusion) of the fibres of the surface layers of the non-woven material, in the hot-pressed gripping portion 62, in addition to a decrease in the thickness, greater density, greater resistance to traction, to penetration and to cutting and less permeability to liquids of the material are observed. The greater resistance to traction and to penetration also determines greater compliance and elastoplastic elongation of the non-woven material. </p><p id="p0036" num="0036"> The greater resistance to traction and the lesser compliance of the non-woven material at the hot-pressed gripping portion 162 thus enable a user to grasp the aforesaid gripping portion 162 and pull the gripping portion 162 to detach and remove the filtering element 60 from the casing 101, without the risk that the aforesaid gripping portion 162 can become torn or detached from the central portion 61 fixed to the rim 104 of the casing. </p><p id="p0037" num="0037"> Also in this case it is possible, after using the capsule 100 in a brewing machine, to separate the filtering element 60 containing the initial organic product PI from the casing 101 made of plastics of the capsule 101 easily and effectively, so as to meet the requirements for the sorting of solid urban waste. </p><p id="p0038" num="0038">In this embodiment, the covering element 75 is devoid of a cover portion to be associated with the gripping portion 162 of the filtering element 60. </p><p id="p0039" num="0039"> Another embodiment of the capsule 100 of the invention is provided, which is not shown in the figures, comprising a covering element provided with a cover portion to be superimposed and joined to the gripping portion 162 to confer greater resistance to traction and tears. </p><p id="p0040" num="0040"> In a further embodiment of the capsule 100, not shown in the figures, it is provided that in addition to the gripping portion 162 also the annular zone of the central portion 61 is treated thermally and mechanically by hot pressure, which is fixed, in particular thermally 
<!-- EPO <DP n="7"/>-->
 welded, to the rim 104 of the casing 101. The non-woven material, after hot compression, becomes more easily thermally sealed to the casing of the capsule. By virtue of the reduced thickness and of the greater density of the non- oven material in the pressed portion it is in fact easier to transmit heat to the casing below to activate the sealing layer thereof. </p><p id="p0041" num="0041">In another embodiment of the capsule of the invention, not shown in the figures, the covering element does not comprise a cover portion to be superimposed on and joined with the gripping portion 162, but comprises a further gripping portion that is also tab-shaped and extends radially outwards, for example substantially superimposed on the gripping portion 162 of the filter element 60. The further gripping portion enables a user gripping the latter to remove separately the covering element from the filtering element 60. In this case it is thus possible to detach from the casing 101 first the covering element by means of the further gripping portion and subsequently the filtering element 60 by means of the gripping portion 162. Alternatively, the user can grasp by hand the two grasping portions and detach at the same time and separately the filtering element 60 from the casing 101 and the covering element from the filtering element 60. </p><p id="p0042" num="0042"> Figures 6 to 8 illustrate a still another embodiment of the capsule 100 of the invention that differs from the previously disclosed embodiments through the fact that the flange rim 104 of the casing 101 comprises an indentation 110 or notch or nick arrange to discover and define the gripping portion 61a of the filtering element 60. The latter does not thus comprise any tab-shaped portion that extends radially from the central portion 61. Owing to the indentation 110, on the central portion 61 of the filtering element 60 a gripping portion 61a is defined that protrudes externally from the casing 101 and can be easily grasped by a user to detach and remove the filtering element 60 from the casing 101. In this embodiment of the capsule, the covering element 75 is provided with a cover portion 75a to be associated with the gripping portion 61a of the filtering element 60 to reinforce the latter. The cover portion 75a can be fixed, in particular welded, to the gripping portion 61a. Alternatively or in combination, the gripping portion 61a of the filtering element 60 can be reinforced by hot compression so as to press and compact the fibres of the external surface layers of the non-woven material. </p><p id="p0043" num="0043">Figure 9 illustrates a version of the capsule in figure 8 in which the rim 104 of the casing 101 and the central portion 61 of the filtering element 60 comprise further respective indentations 11 lor notches or nicks that are substantially superimposed on one another and are such as to discover and define on the covering element 75 a further gripping portion 
<!-- EPO <DP n="8"/>-->
 75b that enables a user grasping the latter to remove separately the covering element 75 from the filtering element 60. In this case it is thus possible to detach from the casing 101 first the covering element 75 by means of the further gripping portion 75b and subsequently the filtering element 60 by means of the gripping portion 61a. </p><p id="p0044" num="0044">The method of the invention for making a capsule 100 that is usable in a brewing machine and comprises a casing 101 provided with a cavity 105 and containing a filtering element 60 made of non- woven material arranged for receiving an initial product PI for preparing a final product in the brewing machine, comprises the following steps: </p><p id="p0045" num="0045"> making a filtering element 60 comprising a central portion 61 intended for containing the initial product PI and at least one gripping portion 62, 162, 61a; </p><p id="p0046" num="0046"> inserting into a cavity 105 of the casing 101 the filtering element 60, the casing 101 and/or the filtering element (60) being arranged in such a manner that the gripping portion 62, 162, 61a protrudes from the casing 101, in particular extending externally from a rim 104 of the casing 101; </p><p id="p0047" num="0047"> fixing the filtering element 60 to the casing 101, in particular at the rim 104 of the latter; </p><p id="p0048" num="0048"> filling the filtering element 60 with a dose of the initial product PI ; </p><p id="p0049" num="0049"> applying and fixing a covering element 70, 75 to the casing 101 , in particular to the rim 104 of the latter in such a manner as to close hermetically inside the cavity 105 the filtering element 60 and the initial product PI; </p><p id="p0050" num="0050"> reinforcing the gripping portion 62, 162, 61a to enable a user grasping the latter to remove at least the filtering element 60 from the casing 101 after use. </p><p id="p0051" num="0051">Reinforcing comprises: </p><p id="p0052" num="0052"> providing in the covering element 70, 75 a respective cover portion 71, 75a and superimposing and associating said cover portion 71, 75a with the gripping portion 62; 61a and/or </p><p id="p0053" num="0053"> hot pressing the gripping portion 162 in such a manner as to press and compact fibres of at least one external surface layer of said non-woven material and reduce a thickness of said non-woven material by a percentage comprised between 30 and 50 %. </p><p id="p0054" num="0054">Preferably, the non- woven material in the gripping portion 162 is hot-pressed on both sides so that respective fibres of external and opposite surface layers of said non-woven material are compacted and pressed. After hot compression, the fibres are substantially alongside 
<!-- EPO <DP n="9"/>-->
 and brought next to one another with a substantial reduction of the passages (pores) between adjacent fibres. </p><p id="p0055" num="0055"> It is furthermore provided that hot pressure is such as to melt, at least partially, a respective surface layer of each fibre so as to join the fibres together. </p><p id="p0056" num="0056">The hot pressing step of the gripping portion 162 can be made, for example, whilst the filtering element 60 is fixed, in particular thermally welded, to the casing 101. </p><p id="p0057" num="0057">Alternatively, the gripping portion 1 2 can be hot pressed in a step preceding the insertion of the filtering element 60 into the casing 101 or into a step following the step of fixing the covering element 70. </p><p id="p0058" num="0058">During the pressing step pressure is exerted on the defined portion of non- woven material, the pressure being comprised between 0.1 and 1.0 MPa, in particular preferably comprised between 0.2 and 0.6 MPa, at a temperature comprised between 80°C and 250°C, in particular preferably comprised between 1 10°C and 230°C for a pressing time comprised between 0.1 and 4 s, in particular preferably comprised between 0.3 and 1 s. The pressure, temperature and compression time values vary according to the features of the non- woven material. </p><p id="p0059" num="0059"> Experimental tests have shown that the localised hot pressing of the non-woven material leads to a reversible variation in the physical and mechanical features of said non-woven material in the aforesaid gripping portion 162. </p><p id="p0060" num="0060">In particular, through the effect of compacting and partial joining (partial and superficial melting) of the fibres of the surface layers of the non-woven material, in the hot-pressed gripping portion 162 it is noted, in addition to a decrease in thickness, greater density of the material, greater resistance to traction, to penetration and to cutting and less permeability to liquids. Greater resistance to traction and penetration also causes less compliance and less elastoplastic elongation of the non-woven material. </p><p id="p0061" num="0061"> From the point of view of the external appearance, a change of colour (from opaque to shiny) is noted and a variation in consistency (increased stiffness) of the hot-pressed gripping portion 162. </p><p id="p0062" num="0062"> The tests run on a plurality of non-woven materials with different combinations of pressure, temperature and pressure time have shown an increase in resistance to traction comprised between 70 and 100%, and an increase in resistance to static punching comprised between 60 and 90% and a decrease in permeability to liquids (ethyl alcohol) comprised between 60 and 80%. 
<!-- EPO <DP n="10"/>-->
 The greater resistance to traction and the lesser compliance of the non-woven material in the hot-pressed gripping portion 162 thus enable a user to grasp the aforesaid gripping portion 162 and pull the portion 1 2 so as to detach and remove the filtering element 60 from the casing 101, without the risk that the aforesaid gripping portion 162 can become torn or detached from the central portion 61 , fixed to the rim 104 of the casing. </p><p id="p0063" num="0063">The method comprises, before the step of inserting the filtering element 60, a step of thermoforming in which a sheet of thermoformable plastics is formed to make thereupon the casing 101 provided with the cavity 105. </p><p id="p0064" num="0064"> After the step of applying the covering element 70 and/or of subjecting the gripping portion to hot pressing a cutting step can be provided for separating from the sheet of plastics the capsule 100 containing the filtering element 60 and the initial product. </p><p id="p0065" num="0065">Alternatively, the cutting step can be performed after the step of forming the casing 101 to separate the latter from the sheet of plastics. </p><p id="p0066" num="0066"> The method also provides for making on the rim 104 of the casing 101 at least one indentation 110 or notch or nick to discover and define the gripping portion 61a of the filtering element 60. </p><p id="p0067" num="0067"> The method also provides for making on the rim 104 of the casing 101 and on the central portion 61 of the filtering element 60 respective further indentations or notches or nicks 1 11 that are substantially superimposed on one another so as to discover and define on the covering element 75 a further gripping portion 75b that is suitable for enabling a user grasping the latter to remove separately the covering element 75 from the filtering element 60. 
</p></description><claims mxw-id="PCLM70078052" ref-ucid="WO-2014128647-A1" lang="EN" load-source="patent-office"><claim-statement><!-- EPO <DP n="11"/>-->Claims </claim-statement><claim id="clm-0001" num="1"><claim-text> 1. Method for making a capsule (100) that is usable in a brewing machine and comprises a casing (101) provided with a cavity (105) and containing a filtering element (60) made of non- woven material arranged for receiving an initial product (PI) for preparing a final product in said brewing machine, said method comprising: </claim-text><claim-text> - making a filtering element (60) comprising a central portion (61) intended for containing said initial product (PI) and at least one gripping portion (62; 162; 61a);</claim-text><claim-text>- inserting into said cavity (105) said filtering element (60), said casing (101) and/or said filtering element (60) being arranged in such a manner that said at least one gripping portion (62; 162; 61a) protrudes from said casing (101), in particular extending outwards from a rim (104) of said casing (101); </claim-text><claim-text> - fixing said filtering element (60) to said casing (101), in particular fixing to said rim (104); </claim-text><claim-text> - filling said filtering element (60) with a dose of said initial product (PI); </claim-text><claim-text> - applying and fixing a covering element (70; 75) to said casing (101), in particular to said rim (104), in such a manner as to close hermetically inside said cavity (105) said filtering element (60) and said initial product (PI); </claim-text><claim-text> - reinforcing said at least one gripping portion (62; 162; 61 a) to enable a user grasping the latter to remove at least said filtering element (60) from the casing (101) after use, said reinforcing comprising: </claim-text><claim-text> - providing in said covering element (70; 75) a cover portion (71 ; 75a) and superimposing and associating said cover portion (71; 75a) with said gripping portion (62; 61a) and/or </claim-text><claim-text> - hot pressing said gripping portion (1 2; 61a) in such a manner as to press and compact fibres of at least one external surface layer of said non- woven material and reduce a thickness of said non-woven material by a percentage comprised between 30 and 50 %. </claim-text></claim><claim id="clm-0002" num="2"><claim-text> 2. Method according to claim 1, wherein said hot pressing comprises pressing said fibres in such a manner that they are alongside each other and next to one another so as to reduce passages between adjacent fibres. </claim-text></claim><claim id="clm-0003" num="3"><claim-text> 3. Method according to claim 1 or 2, wherein said hot pressing comprises pressing opposite sides of said non-woven material in such a manner as to compact and press respective fibres of external and opposite surface layers of said non-woven material. 
<!-- EPO <DP n="12"/>-->
</claim-text></claim><claim id="clm-0004" num="4"><claim-text>4. Method according to any preceding claim, wherein said hot pressing comprises melting at least partially a respective surface layer of each fibre in such a manner as to join, in particular to weld, said fibres together. </claim-text></claim><claim id="clm-0005" num="5"><claim-text> 5. Method according to any preceding claim, wherein said hot pressing comprises exerting on said gripping portion (162; 61a) a pressure comprised between 0.1 and 1.0 MPa, in particular between 0.2 and 0.6 MPa, and/or with a temperature comprised between 80°C and 250°C, in particular comprised between 110°C and 230°C, and/or for a time comprised between 0.1 and 4 s, in particular comprised between 0.3 and 1 s. </claim-text></claim><claim id="clm-0006" num="6"><claim-text> 6. Method according to any preceding claim, wherein said associating comprises fixing, in particular welding, said cover portion (71; 75a) with said gripping portion (62; 162; 61a). </claim-text></claim><claim id="clm-0007" num="7"><claim-text> 7. Method according to any preceding claim, comprising before said inserting, forming a sheet of thermoformable plastics to make thereupon at least said casing (101) provided with said cavity (105). </claim-text></claim><claim id="clm-0008" num="8"><claim-text> 8. Method according to any preceding claim, wherein said fixing comprises welding to said casing (101) said filtering element (60) and said covering element (70). </claim-text></claim><claim id="clm-0009" num="9"><claim-text> 9. Method according to any preceding claim, wherein said hot pressing is performed before said inserting said filtering element (60) into said casing (101). </claim-text></claim><claim id="clm-0010" num="10"><claim-text> 10. Method according to any preceding claim, comprising providing in said covering element (75) a further gripping portion (75a) to enable a user grasping the latter to remove said covering element (75) from said filtering element (60). </claim-text></claim><claim id="clm-0011" num="11"><claim-text> 11. Method according to any preceding claim, comprising making on said rim (104) at least one indentation (110) so as to uncover and define said gripping portion (61a) of said filtering element (60). </claim-text></claim><claim id="clm-0012" num="12"><claim-text> 12. Method according to claim 11 , comprising making on said rim (104) and on said central portion (61) of said filtering element (60) respective further indentations (111) that are substantially superimposed so as to uncover and define on said covering element (75) a further gripping portion (75b) to enable a user grasping the latter to remove said covering element (75) from said filtering element (60). </claim-text></claim><claim id="clm-0013" num="13"><claim-text> 13. Capsule comprising a casing (101) provided with a base wall (102) and with a side wall (103) defining a cavity (105) that is suitable for containing a filtering element (60) and an initial product (PI) to obtain a final product in a brewing machine, a covering element (70; 75) fixed to a rim (104) of said casing (101) to close said cavity (105) 
<!-- EPO <DP n="13"/>-->
 hermetically, said filtering element (60) being fixed to said side wall (103) and/or to said rim (104) and comprising a central portion (61) containing said initial product (PI) and at least one gripping portion (62; 162; 61a), said casing (101) and/or said filtering element (60) being arranged in such a manner that said at least one gripping portion (62; 162; 61a) protrudes outwards from said rim (104), wherein, to reinforce said gripping portion (62; 162; 61a) and to enable a user gripping the latter to remove at least said filtering element (60) from the casing (101) after using the capsule (100) </claim-text><claim-text> - said covering element (70; 75) comprises at least one cover portion (71 ; 75a) superimposed and associated with said gripping portion (62; 162; 61a) and/or</claim-text><claim-text>- said gripping portion (162; 61a) comprises at least one external surface layer of said non-woven material wherein fibres of the latter are compacted and pressed together by hot pressure and has a thickness of said non-woven material reduced by a percentage comprised between 30 and 50 %. </claim-text></claim><claim id="clm-0014" num="14"><claim-text> 14. Capsule according to claim 13, wherein said cover portion (71 ; 75a) is fixed, in particular welded, to said gripping portion (62; 162; 61a). </claim-text></claim><claim id="clm-0015" num="15"><claim-text> 15. Capsule according to claim 13 or 14, wherein the fibres of said external surface layer of said non-woven material are alongside each other and next to one another so as to reduce passages between adjacent fibres. </claim-text></claim><claim id="clm-0016" num="16"><claim-text> 16. Capsule according to any one of claims 13 to 15, wherein in said gripping portion (162; </claim-text><claim-text> 61a) comprises two external and opposite surface layers wherein said fibres are compacted and pressed together. </claim-text></claim><claim id="clm-0017" num="17"><claim-text> 17. Capsule according to any one of claims 13 to 16, wherein in said gripping portion (162; </claim-text><claim-text> 61a) respective surface layers of said fibres are at least partially melted together so as to join, in particular to weld, said fibres together. </claim-text></claim><claim id="clm-0018" num="18"><claim-text> 18. Capsule according to any one of claims 13 to 17, wherein said covering element (75) comprises a further gripping portion (75a) to enable a user grasping the latter to remove said covering element (75) from said filtering element (60). </claim-text></claim><claim id="clm-0019" num="19"><claim-text> 19. Capsule according to any one of claims 13 to 18, wherein said rim (104) comprises at least one indentation (110) arranged for uncovering and defining said gripping portion (61a) of said filtering element (60). </claim-text></claim><claim id="clm-0020" num="20"><claim-text> 20. Capsule according to claim 19, wherein said rim (104) of said casing (101) and said central portion (61) of said filtering element (60) comprise respective further indentations (111) that are substantially superimposed and such as to uncover and define 
<!-- EPO <DP n="14"/>-->
 on said covering element (75) a further gripping portion (75b) to enable a user grasping the latter to remove said covering element (75) from said filtering element (60) separately. 
</claim-text></claim></claims><copyright>User acknowledges that Fairview Research LLC and its third party providers retain all right, title and interest in and to this xml under applicable copyright laws.  User acquires no ownership rights to this xml including but not limited to its format.  User hereby accepts the terms and conditions of the Licence Agreement</copyright></patent-document>
