<?xml version="1.0" encoding="UTF-8"?>
<patent-document ucid="EP-2681265-A1" country="EP" doc-number="2681265" kind="A1" date="20140108" family-id="44584699" file-reference-id="314654" date-produced="20180823" status="corrected" lang="EN"><bibliographic-data><publication-reference fvid="146587001" ucid="EP-2681265-A1"><document-id><country>EP</country><doc-number>2681265</doc-number><kind>A1</kind><date>20140108</date><lang>EN</lang></document-id></publication-reference><application-reference ucid="EP-12720578-A" is-representative="NO"><document-id mxw-id="PAPP154849193" load-source="docdb" format="epo"><country>EP</country><doc-number>12720578</doc-number><kind>A</kind><date>20120228</date><lang>NL</lang></document-id><document-id mxw-id="PAPP196400009" load-source="docdb" format="original"><country>EP</country><doc-number>12720578.9</doc-number><date>20120228</date></document-id></application-reference><priority-claims><priority-claim mxw-id="PPC140552588" ucid="BE-201100139-A" load-source="docdb"><document-id format="epo"><country>BE</country><doc-number>201100139</doc-number><kind>A</kind><date>20110228</date></document-id></priority-claim><priority-claim mxw-id="PPC140557046" ucid="IB-2012050928-W" linkage-type="W" load-source="docdb"><document-id format="epo"><country>IB</country><doc-number>2012050928</doc-number><kind>W</kind><date>20120228</date></document-id></priority-claim></priority-claims><technical-data><classifications-ipcr><classification-ipcr mxw-id="PCL1989316476" load-source="docdb">C08L  75/00        20060101ALI20120920BHEP        </classification-ipcr><classification-ipcr mxw-id="PCL1989319374" load-source="docdb">A61F  13/00        20060101ALI20120920BHEP        </classification-ipcr><classification-ipcr mxw-id="PCL1989320738" load-source="docdb">C08L  67/04        20060101ALI20120920BHEP        </classification-ipcr><classification-ipcr mxw-id="PCL1989321091" load-source="docdb">C08J   5/00        20060101AFI20120920BHEP        </classification-ipcr><classification-ipcr mxw-id="PCL1989321210" load-source="docdb">A61B  19/00        20060101ALI20120920BHEP        </classification-ipcr><classification-ipcr mxw-id="PCL1989321235" load-source="docdb">C08L  23/00        20060101ALI20120920BHEP        </classification-ipcr><classification-ipcr mxw-id="PCL1989322832" load-source="docdb">C08K   3/04        20060101ALI20120920BHEP        </classification-ipcr></classifications-ipcr><classifications-cpc><classification-cpc mxw-id="PCL-1620477118" load-source="docdb" scheme="CPC">C08K   3/04        20130101 LI20180706BHEP        </classification-cpc><classification-cpc mxw-id="PCL-1627944023" load-source="docdb" scheme="CPC">C08L  75/00        20130101 LA20180609BHEP        </classification-cpc><classification-cpc mxw-id="PCL-1627944024" load-source="docdb" scheme="CPC">C08L  67/04        20130101 LA20180609BHEP        </classification-cpc><classification-cpc mxw-id="PCL-1627944026" load-source="docdb" scheme="CPC">C08L  23/00        20130101 LA20180609BHEP        </classification-cpc><classification-cpc mxw-id="PCL-1627944027" load-source="docdb" scheme="CPC">C08K2201/011       20130101 LA20180609BHEP        </classification-cpc><classification-cpc mxw-id="PCL-1627944032" load-source="docdb" scheme="CPC">C08J   5/005       20130101 LI20180609BHEP        </classification-cpc><classification-cpc mxw-id="PCL-1627944033" load-source="docdb" scheme="CPC">A61F  13/04        20130101 LI20180609BHEP        </classification-cpc><classification-cpc mxw-id="PCL-1627944034" load-source="docdb" scheme="CPC">A61B  90/18        20160201 LI20180609BHEP        </classification-cpc><classification-cpc mxw-id="PCL-1627944035" load-source="docdb" scheme="CPC">B82Y  30/00        20130101 LI20180609BHEP        </classification-cpc><classification-cpc mxw-id="PCL-1748625078" load-source="docdb" scheme="CPC">C08K   3/041       20170501 LI20171013BHEP        </classification-cpc><classification-cpc mxw-id="PCL2032328729" load-source="docdb" scheme="CPC">A61L  15/12        20130101 FI20140213BHEP        </classification-cpc></classifications-cpc><invention-title mxw-id="PT132365636" lang="DE" load-source="patent-office">BLATTFÖRMIGER KOHLENSTOFFNANORÖHRENPOLYMERVERBUNDSTOFF</invention-title><invention-title mxw-id="PT132365637" lang="EN" load-source="patent-office">SHEET-LIKE CARBON NANOTUBE-POLYMER COMPOSITE MATERIAL</invention-title><invention-title mxw-id="PT132365638" lang="FR" load-source="patent-office">MATÉRIAU COMPOSITE EN FORME DE FEUILLE CONTENANT DES NANOTUBES DE CARBONE ET UN POLYMÈRE</invention-title></technical-data><parties><applicants><applicant mxw-id="PPAR919534072" load-source="docdb" sequence="1" format="epo"><addressbook><last-name>ORFIT IND</last-name><address><country>BE</country></address></addressbook></applicant><applicant mxw-id="PPAR919519495" load-source="docdb" sequence="1" format="intermediate"><addressbook><last-name>ORFIT INDUSTRIES</last-name></addressbook></applicant><applicant mxw-id="PPAR919008061" load-source="patent-office" sequence="1" format="original"><addressbook><last-name>Orfit Industries</last-name><iid>100193098</iid><address><street>Vosveld 9A</street><city>2110 WIJNEGEM</city><country>BE</country></address></addressbook></applicant></applicants><inventors><inventor mxw-id="PPAR919525208" load-source="docdb" sequence="1" format="epo"><addressbook><last-name>CUYPERS STEVEN</last-name><address><country>BE</country></address></addressbook></inventor><inventor mxw-id="PPAR919524636" load-source="docdb" sequence="1" format="intermediate"><addressbook><last-name>CUYPERS, STEVEN</last-name></addressbook></inventor><inventor mxw-id="PPAR919005976" load-source="patent-office" sequence="1" format="original"><addressbook><last-name>CUYPERS, STEVEN</last-name><address><street>Groene Wandeling 58</street><city>B-2970 's Gravenwezel</city><country>BE</country></address></addressbook></inventor><inventor mxw-id="PPAR919515671" load-source="docdb" sequence="2" format="epo"><addressbook><last-name>BOGDANOV BOGDAN</last-name><address><country>BE</country></address></addressbook></inventor><inventor mxw-id="PPAR919523218" load-source="docdb" sequence="2" format="intermediate"><addressbook><last-name>BOGDANOV, BOGDAN</last-name></addressbook></inventor><inventor mxw-id="PPAR919017844" load-source="patent-office" sequence="2" format="original"><addressbook><last-name>BOGDANOV, BOGDAN</last-name><address><street>Jozef Cogelslei 2</street><city>B-2900 Schoten</city><country>BE</country></address></addressbook></inventor></inventors><agents><agent mxw-id="PPAR919013793" load-source="patent-office" sequence="1" format="original"><addressbook><last-name>Duyver, Jurgen Martha Herman</last-name><suffix>et al</suffix><iid>101257655</iid><address><street>Gevers Patents Holidaystraat 5</street><city>1831 Diegem</city><country>BE</country></address></addressbook></agent></agents></parties><international-convention-data><pct-or-regional-filing-data ucid="IB-2012050928-W"><document-id><country>IB</country><doc-number>2012050928</doc-number><kind>W</kind><date>20120228</date><lang>EN</lang></document-id></pct-or-regional-filing-data><pct-or-regional-publishing-data ucid="WO-2012117349-A1"><document-id><country>WO</country><doc-number>2012117349</doc-number><kind>A1</kind><date>20120907</date><lang>EN</lang></document-id></pct-or-regional-publishing-data><designated-states><ep-contracting-states><country mxw-id="DS549917564" load-source="docdb">AL</country><country mxw-id="DS549767641" load-source="docdb">AT</country><country mxw-id="DS549917565" load-source="docdb">BE</country><country mxw-id="DS549849658" load-source="docdb">BG</country><country mxw-id="DS549863880" load-source="docdb">CH</country><country mxw-id="DS549779907" load-source="docdb">CY</country><country mxw-id="DS549767642" load-source="docdb">CZ</country><country mxw-id="DS549917566" load-source="docdb">DE</country><country mxw-id="DS549779908" load-source="docdb">DK</country><country mxw-id="DS549779921" load-source="docdb">EE</country><country mxw-id="DS549848346" load-source="docdb">ES</country><country mxw-id="DS549849659" load-source="docdb">FI</country><country mxw-id="DS549863881" load-source="docdb">FR</country><country mxw-id="DS549917567" load-source="docdb">GB</country><country mxw-id="DS549779922" load-source="docdb">GR</country><country mxw-id="DS549917568" load-source="docdb">HR</country><country mxw-id="DS549767643" load-source="docdb">HU</country><country mxw-id="DS549849599" load-source="docdb">IE</country><country mxw-id="DS549779923" load-source="docdb">IS</country><country mxw-id="DS549863886" load-source="docdb">IT</country><country mxw-id="DS549779924" load-source="docdb">LI</country><country mxw-id="DS549849660" load-source="docdb">LT</country><country mxw-id="DS549767315" load-source="docdb">LU</country><country mxw-id="DS549849661" load-source="docdb">LV</country><country mxw-id="DS549849666" load-source="docdb">MC</country><country mxw-id="DS549767316" load-source="docdb">MK</country><country mxw-id="DS549767325" load-source="docdb">MT</country><country mxw-id="DS549849600" load-source="docdb">NL</country><country mxw-id="DS549848347" load-source="docdb">NO</country><country mxw-id="DS549849601" load-source="docdb">PL</country><country mxw-id="DS549849667" load-source="docdb">PT</country><country mxw-id="DS549767644" load-source="docdb">RO</country><country mxw-id="DS549849668" load-source="docdb">RS</country><country mxw-id="DS549849606" load-source="docdb">SE</country><country mxw-id="DS549863887" load-source="docdb">SI</country><country mxw-id="DS549848348" load-source="docdb">SK</country><country mxw-id="DS549848349" load-source="docdb">SM</country><country mxw-id="DS549767326" load-source="docdb">TR</country></ep-contracting-states></designated-states></international-convention-data><office-specific-data><eptags><ep-no-a-document-published>*</ep-no-a-document-published></eptags></office-specific-data></bibliographic-data><abstract mxw-id="PA99835300" ref-ucid="WO-2012117349-A1" lang="EN" load-source="patent-office"><p num="0000">Use of a sheet-like composite material for the manufacture of an immobilization element, wherein the sheet-like composite material is made from a material comprising a thermoplastic polymer containing carbon nanotubes as a fibrous reinforcing material, obtainable by dispersing carbon nanotubes in a dispersing liquid in which the thermoplastic polymer does not dissolve, subjecting the dispersion to a treatment with ultrasonic waves, the adding of particles thermoplastic polymer to the dispersion and the mixing of the thermoplastic polymer with the dispersion of carbon nanotubes, the removal of the dispersing liquid, the forming of the thermoplastic polymer impregnated with carbon nanotubes into a sheet.</p></abstract><abstract mxw-id="PA100331134" ref-ucid="WO-2012117349-A1" lang="EN" source="national office" load-source="docdb"><p>Use of a sheet-like composite material for the manufacture of an immobilization element, wherein the sheet-like composite material is made from a material comprising a thermoplastic polymer containing carbon nanotubes as a fibrous reinforcing material, obtainable by dispersing carbon nanotubes in a dispersing liquid in which the thermoplastic polymer does not dissolve, subjecting the dispersion to a treatment with ultrasonic waves, the adding of particles thermoplastic polymer to the dispersion and the mixing of the thermoplastic polymer with the dispersion of carbon nanotubes, the removal of the dispersing liquid, the forming of the thermoplastic polymer impregnated with carbon nanotubes into a sheet.</p></abstract><abstract mxw-id="PA99835301" ref-ucid="WO-2012117349-A1" lang="FR" load-source="patent-office"><p num="0000">La présente invention concerne l'utilisation d'un matériau composite en forme de feuille pour la fabrication d'un élément d'immobilisation. Le matériau composite en forme de feuille est préparé à partir d'un matériau comprenant un polymère thermoplastique contenant des nanotubes de carbone jouant le rôle de matériau fibreux de renforcement, le matériau pouvant être obtenu par la dispersion des nanotubes de carbone dans un liquide de dispersion dans lequel le polymère thermoplastique ne se dissout pas, le traitement de la dispersion avec des ondes ultrasonores, l'ajout de particules de polymère thermoplastique à la dispersion et le mélange du polymère thermoplastique avec la dispersion de nanotubes de carbone. Le liquide de dispersion est ensuite éliminé et une feuille est formée à partir du polymère thermoplastique imprégné par les nanotubes de carbone.</p></abstract><abstract mxw-id="PA100331135" ref-ucid="WO-2012117349-A1" lang="FR" source="national office" load-source="docdb"><p>La présente invention concerne l'utilisation d'un matériau composite en forme de feuille pour la fabrication d'un élément d'immobilisation. Le matériau composite en forme de feuille est préparé à partir d'un matériau comprenant un polymère thermoplastique contenant des nanotubes de carbone jouant le rôle de matériau fibreux de renforcement, le matériau pouvant être obtenu par la dispersion des nanotubes de carbone dans un liquide de dispersion dans lequel le polymère thermoplastique ne se dissout pas, le traitement de la dispersion avec des ondes ultrasonores, l'ajout de particules de polymère thermoplastique à la dispersion et le mélange du polymère thermoplastique avec la dispersion de nanotubes de carbone. Le liquide de dispersion est ensuite éliminé et une feuille est formée à partir du polymère thermoplastique imprégné par les nanotubes de carbone.</p></abstract><description mxw-id="PDES51232945" ref-ucid="WO-2012117349-A1" lang="EN" load-source="patent-office"><!-- EPO <DP n="2"/>--><p id="p0001" num="0001"> Sheet-like carbon nanotube-polymer composite material </p><p id="p0002" num="0002">The invention relates to the use of a sheet-like composite material comprising a thermoplastic polymer containing carbon nanotubes as a fibrous reinforcing material for the manufacture of an immobilization element for immobilization of at least a portion of a body part, according to the preamble of the first claim. </p><p id="p0003" num="0003"> The use of fixation and immobilization elements or templates for immobilizing a part of a body has become well known technology in applications such as orthotics and prosthetics, physical rehabilitation, and radiation oncology and diagnostic imaging. The possibility to mould the immobilization element directly on the patient is considered an important advantage, together with the mechanical properties and surface finishing. Besides that an immobilisation element which is light is observed as comfortable to the patient. For radiation oncology it is desired the targeted body part may be immobilized in a precise and reproducible position with respect to the irradiation source, thereby leaving limited possibility to the immobilized body part to move with respect to the irradiation source. In particular when high precision treatments - for example in Intensity Modulated Radiation Therapy, in Image Guided Radiation Therapy, in Stereotactic Radiation Therapy or Surgery-, or treatments with high energy, for example proton therapy, are involved where the target is very well defined and delineated, the immobilization element should permit precise, highly accurate and reproducible re-positioning of the anatomical area of interest, and assure a limitation of movement of less than 2 mm to ensure that the radiation is delivered to the target, at minimum risk to exposure of surrounding healthy tissue. Other applications for immobilization elements include physical rehabilitation applications and orthopedic applications for example in splints and braces, to immobilize and protect inflamed or injured joints, to support and 
<!-- EPO <DP n="3"/>-->
 immobilize ligaments and fractures and muscular structures and podiatry for example as insole (foot-bed) applications. </p><p id="p0004" num="0004"> To produce fixation or immobilization elements, which are suitable for use in the above described applications, use is usually made of a sheet-like thermoplastic material, which is molded to conform as good as possible to the body part that is to be immobilized. With high melting thermoplastics, a positive mould is used in the shape of the part that needs to be immobilized. Over the years, continuous development has been going on towards thermoplastic materials which may be directly moulded to the body part to be immobilized, as this permits achieving immobilization with the highest accuracy, where the size and shape of the immobilization elements may be directly adapted to each individual patient in the position in which the body part is to be immobilized, and it may be adapted in the course of time by re-moulding the immobilization element. To permit this direct moulding, the thermoplastic material should have a melting temperature which is sufficiently low to be sustained by the body. </p><p id="p0005" num="0005"> Immobilization elements or templates of the type described above preferably have a bending modulus which is sufficiently high to minimize the risk to deformation of the element and the ability of the body part to move, provide a high stability during use of the immobilization element meaning that the ability of the body part to move in the immobilised state is restricted. To improve comfort and permit evaporation of moisture through the material, the material is often perforated, which however compromises rigidity of the material and stability of the immobilisation element. </p><p id="p0006" num="0006"> The article "CNTs / UHMWPE composites with a two-dimensional conductive network" of J.-F. Gao, Z.-M. Li, Q.-J. eng and Q. Yang in Materials Letters, 62 (2008) 3530-3532 discloses a process for the manufacture of a composite material comprising ultrahigh molecular weight polyethylene (UHMWPE), with the carbon nanotubes as a fibrous reinforcing material. The carbon nanotubes are dispersed in the alcohol with the aid of ultrasonic waves, and then the ultra-high molecular weight polyethylene in the form of granules are added to the dispersion. After evaporation of the alcohol 
<!-- EPO <DP n="4"/>-->
 the impregnated granules are processed into a composite material by compression molding. </p><p id="p0007" num="0007"> The article "Combining Carbon and Polymeric Particles in an Inert Fluid as a Promising Approach to Synthesis of Nano Composites" of I.I. Konstantinov, V.V. Karbushev, A.V. Semakov and V.G. Kulichikhin from the Russian Journal of Applied Chemistry, 82 (2009) 489-493 describes a process for the manufacture of a composite material, comprising nano diamond dispersed in a polymer, selected from the group consisting of hydroxypropyl cellulose, polysulfone and a copolymer of styrene and acrylonitrile (SAN ). The nano diamonds are dispersed in an inert liquid by means of ultrasonic waves, and then the polymer is added to the dispersion in the form of granules. After evaporation of the inert liquid, the impregnated beads are processed into a composite material by extrusion. </p><p id="p0008" num="0008"> CN 1472239 discloses a process for the manufacture of a composite material comprising carbon nanotubes, dispersed in a polymer, selected from the group consisting of thermotropic liquid crystalline polyesters, polyethylene, polypropylene, polytetrafluoroethylene, polytrifluorochloroethyleen, PVC, Merlon, polymethyl methacrylate, polystyrene, poly formaldehyde, polyvinyl alcohol, polyamide, polyacrylic nitrile, and ABS resin. The carbon nanotubes are dispersed in a liquid using ultrasonic waves and then the polymer is added to the dispersion in the form of granules. After evaporation of the inert liquid, the impregnated beads are processed into a composite material by extrusion. </p><p id="p0009" num="0009"> Ramasubramaniam Rajagopal et al describe in Applied Physics Letter 83, 14 (2003) composite films having a thickness of 10.2 urn, made of polystyrene, or polycarbonate with a single walled carbon nanotubes with PPE functional groups. The article concludes that although the PPE functional groups are not covalently bound to the carbon nanotubes, the composite exhibits a much improved electrical conductivity and is suitable for mechanical and thermal applications due to the multifunctional nature of the carbon nanotubes. </p><p id="p0010" num="0010"> According to D. Lahiri et al in Applied Materials and Interfaces, vol. 1 , no 11 , 2470-2476 (2009) copolymers of polylactide - 
<!-- EPO <DP n="5"/>-->
 caprolactone reinforced with carbon nanotubes in an amount up to 5 wt. % exhibit an increased modulus of elasticity by the reinforcement provided by the rigid CNT and an increased tensile strength. Due to the high tensile strength of the CNT, they form an effective reinforcing material for improving the mechanical properties of a poly-£-caprolactone composite material on the condition that the interfacial bonding is good. </p><p id="p0011" num="0011"> None of these publications, however, disclose that the composite material is obtained by the method described, is suitable for use as immobilization element for immobilization of the body parts in a predetermined position. </p><p id="p0012" num="0012"> Immobilization elements for the immobilization of body parts are often made of a sheet-like thermoplastic material, which is formed in such a way that it encloses as good as possible to the body part to be immobilized. The sheet-shaped thermoplastic material is preferably directly formed on the body part to be immobilized, because then the most accurate immobilization can be achieved and the size and shape of the immobilization element can be adjusted to the individual patient. This requires the use of a thermoplastic material having a sufficiently low melting temperature, and a material which at that temperature exhibits sufficient plasticity and elasticity to make forming possible. Examples of suitable sheet-like thermoplastic materials for the direct formation on the body are, inter alia, polyurethane, transpolyisoprene, polyesters e.g. poly-e-caprolactone or mixtures of two or more of these materials. In practice, the sheet-like thermoplastic material is heated in a hot water bath to melt the material, after which it is applied and formed on the body part to be immobilized. </p><p id="p0013" num="0013"> The object of the present invention is to provide a method for producing an immobilization element using a sheet of a composite material. </p><p id="p0014" num="0014"> This is achieved by the invention with the technical features of the characterizing part of the first claim. </p><p id="p0015" num="0015"> For this purpose, the invention is characterized by the use of a sheet-like composite material comprising a thermoplastic polymer containing carbon nanotubes as a fibrous reinforcing material, wherein the 
<!-- EPO <DP n="6"/>-->
 composite materia! is obtainable by the dispersion of carbon nanotubes in a dispersing liquid in which the thermoplastic polymer does not dissolve, exposing the dispersion to ultrasonic waves, adding particles of thermoplastic polymer to the dispersion, and then mixing, the removal of the dispersing liquid, the formation into sheets of the thermoplastic polymer impregnated with the carbon nanotubes. </p><p id="p0016" num="0016"> The invention also relates to a sheet-like composite material comprising a thermoplastic polymer containing carbon nanotubes as the fibrous reinforcing material, wherein the composite material is obtained by dispersion of carbon nanotubes in a dispersing liquid in which the thermoplastic polymer does not dissolve, as described above. </p><p id="p0017" num="0017"> The invention further relates to an immobilization element for immobilization of at least a part of a body part, wherein the immobilisation element is made from a material having a sheet-shaped composite material comprises a thermoplastic polymer with carbon nanotubes as a fibrous reinforcing material , wherein the composite material is obtained by dispersing carbon nanotubes are in a dispersing liquid in which the thermoplastic polymer does not dissolve, as described above. </p><p id="p0018" num="0018"> The sheet-like composite material according to the invention combines a good electrical conductivity with a good thermal conductivity. This favorable combination can be achieved with a small amount of carbon nanotubes, which the inventors attribute to the good dispersion of the carbon nanotubes which is obtained by means of the method of the first claim. Carbon nanotubes are generally commercially available as aggregates of a multitude of tubes. By the ultrasonic treatment in the dispersion it is possible to disaggregate these aggregates in an efficient way. As a result, it is possible to bring about a fine distribution of carbon nanotubes in the dispersion and finally to achieve a fine distribution of the carbon nanotubes in the thermoplastic material. The presence of electrical conductivity properties allows the sheet-like composite material to be heated to a deformable sheet by applying an electric voltage to the material, and in other words, to heat the material in a direct manner. A direct heating offers the advantage over the conventional heating of the sheet in a hot water bath that the sheet after 
<!-- EPO <DP n="7"/>-->
 heating is cooling less rapidly as no heat is withdrawn from the sheet by evaporation of the water. Due to slower cooling, a longer period of time remains available for forming the sheet to the body part to be immobilized, to a form which corresponds to and connects to the shape of the body part to be immobilized, and which encloses the body part to be immobilized well. In forming the sheet, it is important that the sheet can take as well as possible the form of the body part to be immobilized, to enable an efficient immobilization. Because with the invention, the cooling of the sheet takes place more slowly, a longer time will remain available for forming the sheet, and this is made possible. </p><p id="p0019" num="0019"> Other methods for the direct heating to obtain include heating in a gas atmosphere, for example in an oven with air or another gas. </p><p id="p0020" num="0020"> The thickness of the sheet may vary within wide limits. When using the composite material for an immobilization element for immobilization of a body part, the thickness will usually vary between 0.5 and 3.2 mm, preferably 0.5 and 2.0 mm, more preferably 0.8 and 1.5 mm, most preferably 1.1 and 1.3 mm. Often, a thickness of about 1.2 mm is used. The skilled person will ensure in the selection of the suitable thickness that the thickness is sufficiently large to satisfy the requirements for the intended application. For immobilization elements, the thickness is usually chosen such that the flexural modulus and strength end up within the required limits for that application, and that the cooling time of the composite material after being heated to its melting or softening temperature, is sufficiently long to allow forming at/around the body part to be immobilized. The favorable flexural modulus and strength of the sheet-like composite material make it possible to use sheets with a smaller thickness so that the comfort provided to the patient is improved, without the stability of the immobilization element being adversely affected. Such a sheet thickness may also be heated sufficiently uniformly by means of direct heating to ensure a good formability of the sheet. </p><p id="p0021" num="0021"> The nature of the thermoplastic polymer used for the manufacture of the composite material of this invention is not critical to the invention. Preferably, however, the thermoplastic polymer is selected from the 
<!-- EPO <DP n="8"/>-->
 group of thermoplastic elastomers, thermoplastic polyurethane, thermoplastic polyisoprene, thermoplastic polyesters, thermoplastic polyolefins, polyvinyl chloride, polystyrene, or a mixture of two or more of these polymers. In addition, polymers are preferably chosen which have a relatively low softening temperature at which the material is deformable, so that they are particularly suitable for the manufacture of an immobilization element which is directly formed on the body part to be immobilized. The body part serves then directly as a mold for the immobilization element. The skilled person is able to select from the above group of materials, the most suitable material or mixture. </p><p id="p0022" num="0022"> Examples of suitable thermoplastic polyolefins include polyethylene, polypolylene, or ethylene-propylene co-polymers. Examples of suitable thermoplastic polyesters include polyethylene vinyl acetate, polyacrylate or polymethacrylate, polymeric fatty acid esters, in particular, poly-E-caprolactone. Poly-£-caprolactone, for example, marketed by Perstorp (UK) (under the brandname Capa). Preferably, thermoplastic polyurethane, isotactic polypropylene, a copolymer of ethylene with 1-butene, a copolymer of ethylene with 1-octene, poly-e-caprolactone, thermoplastic polyurethane that contains poly-e-caprolactone, as well as a mixture of two or more of these materials is used. Poly- -caprolactone is particularly preferred because it has a low melting point and is moldable at temperatures which are tolerated by the human or animal body. The thermoplastic polymers are provided in the form of small particles having a particle size comprised between 0, 5 and 500 microns, preferably between 1 and 300 micrometers. The small particles of thermoplastic polymer can be obtained, for example by cryogenic grinding of the polymer or by any other means found suitable by the skilled person. </p><p id="p0023" num="0023"> Within the context of this invention, the concentration of carbon nanotubes in the composite material can be varied within wide limits. Preferably, the concentration of carbon nanotubes is lower than 2.0 wt. % relative to the weight of the composite material, preferably lower than 1.5 wt. %, more preferably less than 1.0 wt. %. The inventors have found that an increased electrical and thermal conductivity is obtained at relatively low content of carbon nanotubes. Without wishing to be bound by 
<!-- EPO <DP n="9"/>-->
 this theory, they assume that this is due to the high degree of dispersion which is achieved with the carbon nanotubes according to this invention. The carbon nanotubes, which are available as aggregates of a plurality of nanotubes, disaggregate by an ultrasonic dispersion treatment in which an extremely fine distribution of the nanotubes can be obtained. In addition, it is possible to steer the degree of dispersion by steering the duration and intensity of the ultrasonic treatment. The amount of carbon nanotubes in order to achieve this desired effect, and the concentration of carbon nanotubes that can dispersed, is dependent on the choice of the thermoplastic polymer and the compatibility between both. Increasing the concentration above 2.0 wt. % does not lead to a necessarily increased electrical and thermal conductivity. The further increase of the concentration may result in a dispersion with a viscosity which makes the further processing of the material extremely difficult. </p><p id="p0024" num="0024"> Preferably, the concentration of carbon nanotubes is greater than 0.05 wt. %, preferably greater than 0.1 wt. %, more preferably greater than 0.25 wt. %. With carbon nanotubes in an amount which is lower than 0.05 wt. %, there is a risk that the electrical and thermal conductivity is considered to be inadequate. The inventors have further found that, depending on the nature of the thermoplastic polymer, the electrical and thermal conductivity increases abruptly at the crossing of a threshold concentration. Preferably, the concentration of carbon nanotubes in the composite material is at least equal to the threshold concentration. </p><p id="p0025" num="0025"> Preferably, the thermoplastic polymer particles have a particle size between 1 and 300 μιη, more preferably between 50 and 200 m. The inventors have found that in the method used in this invention, the carbon nanotubes are absorbed and adsorbed on the surface of the thermoplastic polymer particles, so that the surface-volume ratio of the particles may be important. The inventors have determined that for this application, the surface-volume ratio is optimal for a particle size of the thermoplastic polymer between 1 and 300 pm. Such particles are sufficiently large to ensure that the carbon nanotubes can be absorbed on it and on the other hand that these thermoplastic polymer particles are sufficiently small to enable good dispersion of the carbon nanotubes into the polymer. In the 
<!-- EPO <DP n="10"/>-->
 above-mentioned particle size there is thus sufficient surface area per volume unit of thermoplastic polymer made available for absorption of carbon nanotubes. The polymer will usually partially crystalline and partially noncrystalline. The inventors assume that in addition to surface adsorption, the carbon nanotubes with the above-mentioned dimensions are also able to penetrate the amorphous phase. </p><p id="p0026" num="0026"> Within the scope of this invention both multi- walled and single-walled carbon nanotubes can be used. Preferably, the carbon nanotubes are multiwall carbon nanotubes as they are easier to produce than single-walled carbon nanotubes, which clearly reduces cost. </p><p id="p0027" num="0027"> The dimensions of the carbon nanotubes can vary within wide limits, without that the thermal and electric conductivity is too much affected. Preferably, the multi-walled carbon nanotubes have an inner diameter of 0.5-15 nm, preferably 3-7 nm, an outer diameter of 1-50 nm, preferably 5 to 25 nm, and a length of up to 100 μητι, preferably a maximum of 75 m, more preferably up to 50 pm. The inventors have found that multi- walled carbon nanotubes of that size are easy to disperse, both in the dispersing liquids as well as in the thermoplastic polymers in which they are dispersed for the applications in this invention. The dimensions of the carbon nanotubes are aligned with the particle size of above-mentioned polymers nanotubes so that they are able to absorb well on the polymer particles. </p><p id="p0028" num="0028"> For the production of the sheet-like composite material used in the immobilization element of this invention, each technique which may be deemed suitable by the skilled in the art can be used. Preferably the formation of the thermoplastic polymer impregnated by the carbon nanotubes to a sheet takes place by means of extrusion, in particular direct extrusion of the impregnated polymer of which the dispersing liquid is evaporated. </p><p id="p0029" num="0029"> In the production of the carbon nanotubes dispersion, carbon nanotubes are dispersed in a dispersing liquid in which the thermoplastic polymer does not dissolve. Preferably, the dispersing liquid in which the thermoplastic polymer does not dissolve, is selected from the group of PDMS, toluene, methanol, acetone, diethyl ether, DMF and cyclohexane. 
<!-- EPO <DP n="11"/>-->
 The skilled person will be able to make the correct combination of thermoplastic polymer particles and dispersing liquid that meets the requirements and the desired properties of the present invention. For example, the dispersing liquid must be chosen such that the carbon nanotubes are absorbed on the surface of the thermoplastic polymer particles. </p><p id="p0030" num="0030"> According to this invention, a sheet-shaped composite material is used for producing an immobilization element for immobilization of a body part. </p><p id="p0031" num="0031"> Carbon nanotubes are one of the carbon allotropes, which occur as one or several layers of graphite which are to be rolled up in the form of a cylinder. Carbon nanotubes can be formed with a single wall, with a double wall, or with multiple walls, depending on the number of layers of graphite which are rolled up. In the present invention are preferably multi-walled carbon nanotubes are used. Carbon nanotubes are marketed by Nanocyl, Bayer MaterialScience, Arkema, Inc. and CNT Cheap Tubes Inc. Carbon nanotubes can be commercially available in pure form, raw or functionalized. Impure carbon nanotubes could contain impurities such as amorphous carbon, pyrolytic carbon, carbon nanoparticles and carbon fibers that were not removed during purification. </p><p id="p0032" num="0032"> Carbon nanotubes, suitable for the present invention, may or may not be functionalized with one or more organic substances. Where necessary, the surface of the nanotubes may be changed to improve compatibility with the thermoplastic polymer, in order to obtain a better dispersion. Surface modifications may for example comprise surface coating of the carbon nanotubes with organic functional groups, which are compatible with the thermoplastic polymer in which the nanotubes are to be dispersed. Surface modifications also comprise the coating of the carbon nanotubes with polyethylene, polypropylene or poly-e-caprolactone. </p><p id="p0033" num="0033"> To bring about a disaggregation of the aggregated carbon nanotubes, the raw carbon nanotubes are dispersed in a dispersing liquid. The nature of the chosen dispersing liquid is not critical to this invention, and suitable examples are poly (dimethylsiloxane), toluene, ε-caprolactone, methanol, acetone, diethyl ether, dimethylformamide, cyclohexane, or water. 
<!-- EPO <DP n="12"/>-->
 Preferably, a dispersing liquid selected that have a contact angle with the carbon nanotubes which is less than 90° so that an optimum wetting of the carbon nanotubes by the dispersing is possible. The dispersing liquid is further chosen such that the thermoplastic polymer does not dissolve in it. The skilled person is capable of making a suitable combination of carbon nanotubes and dispersing liquids that is compatible with the thermoplastic polymer in which the nanotubes are contained. </p><p id="p0034" num="0034"> By dispersing the nanotubes in the above described dispersing liquid, and exposing the dispersion to ultrasonic waves, a very fine particle distribution can be obtained. The ultrasonic waves can be generated for example, a dispersion on a laboratory scale by means of an ultrasonic generator, with a capacity of approximately 200 W and a probe with a point of about 12 mm in diameter. The skilled person is able to adapt the capacity of the ultrasonic generator taking into account the amount of dispersion. The skilled person is also capable of adjusting the duration of exposure to ultrasonic waves taking into account the nature of the materials, the envisaged disaggregation of the carbon nanotubes and the desired degree of dispersion of the carbon nanotubes. </p><p id="p0035" num="0035"> The nanotubes dispersed in the dispersing liquid, obtained after exposing the dispersion to ultrasonic waves, are mixed with the thermoplastic polymer particles in a finely divided state. The polymer particles have a particle size comprised between 0, 5 and 500 pm, preferably between 1 and 300 μιτι. Because of their mixing, the polymer particles are impregnated with the carbon nanotubes. After the polymer particles have been impregnated, the dispersing liquid is removed, for example by evaporation. </p><p id="p0036" num="0036"> The composite material comprising a thermoplastic polymer impregnated with carbon nanotubes can be produced in any manner known by the skilled person. The production is preferably controlled in such a way that a fine and homogeneous distribution of the carbon nanotubes into the polymer will result. This can be achieved for example by extrusion, by melting the impregnated thermoplastic material at the appropriate temperature and then extruding it into a sheet, but other techniques may be used. The concentration of carbon nanotubes, dispersed in the thermoplastic polymer is generally less 
<!-- EPO <DP n="13"/>-->
 than 2.0 wt. %, preferably less than 1.5 wt. %, more preferably less than 1.0 wt. % but more than 0.05 wt. %, preferably more than 0.1 wt. %, more preferably more than 0.25 wt. %. The lower limit is determined by the minimum concentration required to obtain a sudden increase in the electrical conductivity, the upper limit by the value of the concentration at which the electrical conductivity of a plateau is reached. </p><p id="p0037" num="0037"> For an immobilization element made of a composite material, the composite material can be used in the form of a single sheet or a plurality of aggregate sheets, wherein the aggregate sheets are preferably connected to each other, for example by melting, by means of adhesives, by the sheets physically connect to each other, as by stitching, stapling and the like. </p><p id="p0038" num="0038"> The sheet-like composite material can be used as a solid sheet, but may also comprise a multiplicity of perforations, extending through the thickness of the sheet and improving the comfort. A perforated sheet is preferred because it is lighter and allows evaporation which increases the comfort of the patient. With perforations is meant a plurality of holes extending through the material of the sheet. When forming, the composite material will normally be stretched, and therefore, will stretch along the perforations, so that their dimensions increase. The perforations can be applied randomly or according to a certain pattern. The dimensions of the perforations in the composite material will usually be between 0.5 and 3.0 mm, preferably between 1 and 2 mm. The dimensions and pattern of the perforations will usually be chosen in such a way that the heat is kept inside the immobilization element, to provide sufficient time for cooling the composite material, in order to have enough time for the immobilization element to be formed. </p><p id="p0039" num="0039"> The invention relates to the use of a sheet-shaped composite material as described above for the manufacture of an immobilization element for the immobilization of a body part in a predetermined position. With immobilization element is meant for example, a splint for immobilizing a hand or a part of the hand, arm, or a part thereof, a leg or a part thereof, a foot or a part thereof, and, for example a mask for the immobilization of a head or any other part of the body. The immobilization element can, if desired, also consist of two parts, wherein a first part which is provided to enable it to immobilize the 
<!-- EPO <DP n="14"/>-->
 body to be covered, is made from the above-described sheet-like composite material and the second part which is provided to attach the first part, for example, to a support surface, is manufactured from a thermoplastic material or from a different plastic material. </p><p id="p0040" num="0040"> The invention relates to a process for the manufacture of an immobilization element for immobilization of a body part in a predetermined position, wherein the immobilization element is manufactured from a sheet-like composite material containing or consisting of carbon nanotubes, dispersed in a thermoplastic polymer, wherein the composite material is obtained by dispersion of carbon nanotubes in a dispersing liquid in which the thermoplastic polymer does not dissolve, subjecting the dispersion to a treatment with ultrasonic waves, adding particles of thermoplastic polymer to the dispersion, and then mixing with the dispersion of carbon nanotubes , the removal of the dispersing liquid, the formation of the thermoplastic polymer impregnated by carbon nanotubes into sheets and the forming of the sheet into an immobilization element. </p><p id="p0041" num="0041"> To form the immobilization element in such a way that it is capable of immobilizing the body part, the sheet-like composite material according to the present invention is heated to a temperature which corresponds to the melting or softening temperature of the thermoplastic polymer, which is placed either on the body part to be immobilized or in a positive mold, and after formation the element is allowed to cool. The heating of the immobilization element can occur in the usual manner, namely by immersing the sheet-like composite material in a hot water bath until the thermoplastic polymer is melted. Heating can also happen by means of a so- called dry heating, wherein the immobilization element is heated in an oven at a suitable temperature, or by means of microwaves, or in a hot gas at the appropriate temperature. The good electrical and thermal conductivity allows the sheet-like composite material to be heated to a deformable sheet by applying an electric voltage to the material. This direct heating offers the advantage over the conventional heating of the sheet in a hot water bath that the sheet after heating is cooling less rapidly as no heat is withdrawn from the sheet by evaporation of the water, so that a longer period of time is available 
<!-- EPO <DP n="15"/>-->
 to form the sheet on the body in such a way that the body part to be immobilized can be tightly enclosed, in which there is a choice between an immobilization without allowing movement, or an immobilization in which limited movement is permitted. </p><p id="p0042" num="0042"> The invention further relates to an immobilization element for the immobilization of a body part in a predetermined position, an immobilization element for immobilization of a body part in a predetermined position, wherein the immobilization element has been manufactured by dispersion of carbon nanotubes in a dispersing liquid in which the thermoplastic polymer does not dissolve, subjecting the dispersion to a treatment with ultrasonic waves, adding particles of thermoplastic polymer to the dispersion, and then mixing with the dispersion of carbon nanotubes, the removal of the dispersing liquid, forming the thermoplastic polymer impregnated by carbon nanotubes into sheets, whereupon the sheet is formed into an immobilization element. Preferably, the sheet is heated to its melting or softening temperature prior to its forming. Preferably, the sheet is formed by application of the heated sheet on the body part to be immobilized, and forming of the sheet on the body part. </p><p id="p0043" num="0043"> Preferred embodiments of the composite material are as described above. </p><p id="p0044" num="0044"> Figure 1 shows an example of an apparatus for the immobilization of the head. </p><p id="p0045" num="0045"> Figure 2 shows an example of a splint for immobilizing a hand. The invention will now be further described with reference to exemplary embodiments. </p><p id="p0046" num="0046">Example 1 </p><p id="p0047" num="0047"> A sheet of a composite material was prepared by dispersing carbon nanotubes with various concentrations of 0.25 to 2.5 wt.%, as is clearly shown on the x-axis in Figure 3, in poly-e-caprolactone (Capa 6506) in powder form, obtained from Perstorp UK Ltd. The carbon nanotubes are multiwalled carbon nanotubes (Nanocyl 7000) of Nanocyl. 
<!-- EPO <DP n="16"/>-->
 The carbon nanotubes were dispersed in diethyl ether, and the dispersion was subjected to ultrasonic waves. Poly-e-caprolactone in the form of fine particles was mixed with the dispersion and the polymer particles were impregnated with the carbon nanotubes. </p><p id="p0048" num="0048"> The composite material was produced by extruding the impregnated poly-£-caprolaetone particles in a ZSK 18 twin-screw extruder (Coperion) with a screw optimized for poly-e-caprolactone nanocomposites (screw rotation speed 150 rpm, throughput rate 2 kg per hour). The composite material that was obtained in this way, was formed into a sheet by means of press molding at a temperature of 140°C and a pressure of 100 bar, with a hydraulic press of Agila model PE30. </p><p id="p0049" num="0049"> In order to evaluate the electrical conductivity, four-point conductivity measurements were carried out on the surface of the sheet-like composite material, with a Keithley 6512 programmable electronic meter (current range 1.1 x 10-6 - 1.1 x 2.10 A; voltage range 4.10 - 100 V) . A colloidal graphite paste of Electron Microscopy Science was used to ensure fitting contact between the sample and the measuring electrodes. The results of these measurements are summarized in Figure 3. The x-axis indicates the amount of carbon nanotubes, expressed in percent by weight with respect to the total weight of the composite material, and the y-axis the electrical conductivity, expressed in Siemens per meter. 
</p></description><claims mxw-id="PCLM44852110" ref-ucid="WO-2012117349-A1" lang="EN" load-source="patent-office"><claim-statement><!-- EPO <DP n="17"/>-->CLAIMS </claim-statement><claim id="clm-0001" num="1"><claim-text> 1. Use of a sheet-like composite material for the manufacture of an immobilization element for the immobilization of a body part in a predetermined position, wherein the sheet-like composite material is made from a material comprising a thermoplastic polymer containing carbon nanotubes as the fibrous reinforcing material, wherein the composite material is obtainable by </claim-text><claim-text> - the dispersing of carbon nanotubes in a dispersing liquid in which the thermoplastic polymer does not dissolve; </claim-text><claim-text> - the subjecting the dispersion to a treatment with ultrasonic waves; </claim-text><claim-text> - the addition of particulate thermoplastic polymer to the dispersion and the mixing of the thermoplastic polymer with the dispersion of carbon nanotubes; </claim-text><claim-text> - the removal of the dispersing liquid; </claim-text><claim-text> - the formation of thermoplastic polymer impregnated with carbon nanotubes to form a sheet having a thickness of 0.5 to 3.2 mm. </claim-text></claim><claim id="clm-0002" num="2"><claim-text> 2. Use of a sheet-like composite material according to claim 1 , characterized in that the thermoplastic polymer is selected from the group of thermoplastic polyurethanes, isotactic polypropylene, a copolymer of ethylene with 1-butene, a copolymer of ethylene with -octene, poly-ε- caprolactone, thermoplastic polyurethane that poly-e-caprolactone, or a mixture of two or more of these materials. </claim-text></claim><claim id="clm-0003" num="3"><claim-text> 3. Use of a sheet-like composite material according to claims 1-2, characterized in that the concentration of carbon nanotubes is lower than 2.0 wt. %, preferably lower than 1.5 wt. %, more preferably lower than 1.0 wt. %. </claim-text></claim><claim id="clm-0004" num="4"><claim-text> 4. Use of a sheet-like composite material according to claims 1-3, characterized in that the concentration of carbon nanotubes is greater than 0.05 wt. %, preferably greater than 0.1 wt. %, more preferably greater than 0.25 wt. %. </claim-text></claim><claim id="clm-0005" num="5"><claim-text> 5. Use of a sheet-like composite material according to claims 1-4, characterized in that the thermoplastic polymer particles have a particle size between 1 and 300 μητι, preferably between 50 and 200 μιη. <!-- EPO <DP n="18"/>--> </claim-text></claim><claim id="clm-0006" num="6"><claim-text>6. Use of a sheet-like composite material according to claims 1-5, characterized in that the carbon nanotubes are multi-walled carbon nanotubes. </claim-text></claim><claim id="clm-0007" num="7"><claim-text> 7. Use of a sheet-like composite material according to claims 1-6, characterized in that the forming of the thermoplastic polymer impregnated with carbon nanotubes into sheets takes place by means of extrusion.</claim-text></claim><claim id="clm-0008" num="8"><claim-text>8. Use of a sheet-like composite material according to claims 1-7, characterized in that the dispersing liquid in which the thermoplastic polymer does not dissolve, is selected from the group consisting of PDMS, toluene, methanol, acetone, diethyl ether, DMF and cyclohexane. </claim-text></claim><claim id="clm-0009" num="9"><claim-text> 9. A method for manufacturing an immobilization element for the immobilization of a body part in a predetermined position, wherein the immobilization element is manufactured by </claim-text><claim-text> - making a sheet-like composite material, in which carbon nanotubes are dispersed in a thermoplastic polymer by dispersing carbon nanotubes in a dispersing liquid in which the thermoplastic polymer does not dissolve, the subjecting the dispersion to a treatment with ultrasonic waves, the addition of granules thermoplastic polymer to the dispersion, and then mixing with the dispersion of carbon nanotubes, the removal of the dispersing liquid, the formation of the thermoplastic polymer impregnated with carbon nanotubes into a sheet </claim-text><claim-text> - forming the sheet into an immobilization element that encloses the body part to be immobilized as well as possible. </claim-text></claim><claim id="clm-0010" num="10"><claim-text> 10. The method according to claim 9, wherein the sheet is subjected to direct heating, after which the sheet is formed. </claim-text></claim><claim id="clm-0011" num="11"><claim-text> 11. An immobilization element for the immobilization of a body part in a predetermined position, wherein the immobilization element is manufactured by </claim-text><claim-text> - the dispersion of carbon nanotubes in a dispersing liquid in which the thermoplastic polymer does not dissolve, subjecting the dispersion to a treatment with ultrasonic waves, the adding of particles of thermoplastic polymer to the dispersion, and then the mixing with the dispersion of carbon nanotubes, the removal of the dispersing liquid, the formation of the <!-- EPO <DP n="19"/>--> thermoplastic polymer impregnated with carbon nanotubes into a sheet - forming the sheet into an immobilization with a thickness of 0.5 to 3.2 mm. </claim-text></claim></claims><copyright>User acknowledges that Fairview Research LLC and its third party providers retain all right, title and interest in and to this xml under applicable copyright laws.  User acquires no ownership rights to this xml including but not limited to its format.  User hereby accepts the terms and conditions of the Licence Agreement</copyright></patent-document>
