<?xml version="1.0" encoding="UTF-8"?>
<patent-document ucid="EP-2681293-A1" country="EP" doc-number="2681293" kind="A1" date="20140108" family-id="45808906" file-reference-id="284931" date-produced="20180823" status="corrected" lang="EN"><bibliographic-data><publication-reference fvid="146586973" ucid="EP-2681293-A1"><document-id><country>EP</country><doc-number>2681293</doc-number><kind>A1</kind><date>20140108</date><lang>EN</lang></document-id></publication-reference><application-reference ucid="EP-12707098-A" is-representative="NO"><document-id mxw-id="PAPP154849165" load-source="docdb" format="epo"><country>EP</country><doc-number>12707098</doc-number><kind>A</kind><date>20120302</date><lang>EN</lang></document-id><document-id mxw-id="PAPP216598653" load-source="docdb" format="original"><country>EP</country><doc-number>12707098.5</doc-number><date>20120302</date></document-id></application-reference><priority-claims><priority-claim mxw-id="PPC140553934" ucid="EP-2012053669-W" linkage-type="W" load-source="docdb"><document-id format="epo"><country>EP</country><doc-number>2012053669</doc-number><kind>W</kind><date>20120302</date></document-id></priority-claim><priority-claim mxw-id="PPC140556564" ucid="US-201161449145-P" load-source="docdb"><document-id format="epo"><country>US</country><doc-number>201161449145</doc-number><kind>P</kind><date>20110304</date></document-id></priority-claim><priority-claim mxw-id="PPC140555376" ucid="US-201161449856-P" load-source="docdb"><document-id format="epo"><country>US</country><doc-number>201161449856</doc-number><kind>P</kind><date>20110307</date></document-id></priority-claim></priority-claims><technical-data><classifications-ipcr><classification-ipcr mxw-id="PCL1989316430" load-source="docdb">F24J   2/00        20060101ALI20120927BHEP        </classification-ipcr><classification-ipcr mxw-id="PCL1989317113" load-source="docdb">B01D  53/86        20060101ALI20120927BHEP        </classification-ipcr><classification-ipcr mxw-id="PCL1989317731" load-source="docdb">C25B   1/04        20060101ALI20120927BHEP        </classification-ipcr><classification-ipcr mxw-id="PCL1989319916" load-source="docdb">C07C  29/151       20060101ALI20120927BHEP        </classification-ipcr><classification-ipcr mxw-id="PCL1989320013" load-source="docdb">C10G   2/00        20060101AFI20120927BHEP        </classification-ipcr><classification-ipcr mxw-id="PCL1989320852" load-source="docdb">H01L  31/058       20060101ALI20120927BHEP        </classification-ipcr><classification-ipcr mxw-id="PCL1989321911" load-source="docdb">B01J  23/72        20060101ALI20120927BHEP        </classification-ipcr><classification-ipcr mxw-id="PCL1989323231" load-source="docdb">B01J  23/06        20060101ALI20120927BHEP        </classification-ipcr></classifications-ipcr><classifications-cpc><classification-cpc mxw-id="PCL-1873986325" load-source="docdb" scheme="CPC">Y02P  20/52        20151101 LA20161128BHEP        </classification-cpc><classification-cpc mxw-id="PCL1989633711" load-source="docdb" scheme="CPC">Y02E  50/18        20130101 LA20130724BHEP        </classification-cpc><classification-cpc mxw-id="PCL1989642044" load-source="docdb" scheme="CPC">C07C  29/1518      20130101 LI20130919BHEP        </classification-cpc><classification-cpc mxw-id="PCL1989644609" load-source="docdb" scheme="CPC">B01J  23/80        20130101 LA20130919BHEP        </classification-cpc><classification-cpc mxw-id="PCL1989646907" load-source="docdb" scheme="CPC">B01J  23/06        20130101 LA20130919BHEP        </classification-cpc><classification-cpc mxw-id="PCL1989648345" load-source="docdb" scheme="CPC">B01J  23/72        20130101 LA20130919BHEP        </classification-cpc><classification-cpc mxw-id="PCL1991310790" load-source="docdb" scheme="CPC">C10G   2/50        20130101 LI20140106BHEP        </classification-cpc><classification-cpc mxw-id="PCL1991311048" load-source="docdb" scheme="CPC">C07C  51/00        20130101 LI20131226BHEP        </classification-cpc><classification-cpc mxw-id="PCL1991311589" load-source="docdb" scheme="CPC">C07C  29/1516      20130101 LI20131226BHEP        </classification-cpc><classification-cpc mxw-id="PCL1991312418" load-source="docdb" scheme="CPC">C07C  45/00        20130101 LI20131226BHEP        </classification-cpc><classification-cpc mxw-id="PCL1991314266" load-source="docdb" scheme="CPC">C10L   1/02        20130101 FI20131226BHEP        </classification-cpc><classification-cpc mxw-id="PCL2003767725" load-source="docdb" scheme="CPC">Y02E  60/366       20130101 LA20140122BHEP        </classification-cpc></classifications-cpc><invention-title mxw-id="PT132365552" lang="DE" load-source="patent-office">KATALYTISCHES VERFAHREN ZUR UMWANDLUNG VON KOHLENDIOXID IN EINEN FLÜSSIGEM BRENNSTOFF ODER EINE PLATTFORMCHEMIKALIE</invention-title><invention-title mxw-id="PT132365553" lang="EN" load-source="patent-office">CATALYTIC PROCESS FOR CONVERTING CARBON DIOXIDE TO A LIQUID FUEL OR PLATFORM CHEMICAL</invention-title><invention-title mxw-id="PT132365554" lang="FR" load-source="patent-office">PROCÉDÉ CATALYTIQUE DE CONVERSION DU DIOXYDE DE CARBONE EN CARBURANT LIQUIDE OU AGENT CHIMIQUE PLATEFORME</invention-title></technical-data><parties><applicants><applicant mxw-id="PPAR1180786408" load-source="docdb" sequence="1" format="epo"><addressbook><last-name>ANTECY BV</last-name><address><country>NL</country></address></addressbook></applicant><applicant mxw-id="PPAR919518251" load-source="docdb" sequence="1" format="intermediate"><addressbook><last-name>ANTECY B.V.</last-name></addressbook></applicant><applicant mxw-id="PPAR919012726" load-source="patent-office" sequence="1" format="original"><addressbook><last-name>Antecy B.V.</last-name><iid>101280374</iid><address><street>Hogebrinkerweg 15E</street><city>3871 KM Hoevelaken</city><country>NL</country></address></addressbook></applicant></applicants><inventors><inventor mxw-id="PPAR919522708" load-source="docdb" sequence="1" format="epo"><addressbook><last-name>O'CONNOR PAUL</last-name><address><country>NL</country></address></addressbook></inventor><inventor mxw-id="PPAR919533063" load-source="docdb" sequence="1" format="intermediate"><addressbook><last-name>O'CONNOR, PAUL</last-name></addressbook></inventor><inventor mxw-id="PPAR919017971" load-source="patent-office" sequence="1" format="original"><addressbook><last-name>O'CONNOR, PAUL</last-name><address><street>Hogebrinkerweg 9</street><city>NL-3871 KM Hoevelaken</city><country>NL</country></address></addressbook></inventor><inventor mxw-id="PPAR919537403" load-source="docdb" sequence="2" format="epo"><addressbook><last-name>DAAMEN SJOERD</last-name><address><country>ES</country></address></addressbook></inventor><inventor mxw-id="PPAR919505937" load-source="docdb" sequence="2" format="intermediate"><addressbook><last-name>DAAMEN, SJOERD</last-name></addressbook></inventor><inventor mxw-id="PPAR919011599" load-source="patent-office" sequence="2" format="original"><addressbook><last-name>DAAMEN, SJOERD</last-name><address><street>Calle Batlle 1-2</street><city>E-46880 Bocairent</city><country>ES</country></address></addressbook></inventor></inventors><agents><agent mxw-id="PPAR919009441" load-source="patent-office" sequence="1" format="original"><addressbook><last-name>Pierce, Christopher James</last-name><suffix>et al</suffix><iid>101235150</iid><address><street>Hoyng Monegier LLP Rembrandt Tower 31st Floor Amstelplein 1</street><city>1096 HA Amsterdam</city><country>NL</country></address></addressbook></agent></agents></parties><international-convention-data><pct-or-regional-filing-data ucid="EP-2012053669-W"><document-id><country>EP</country><doc-number>2012053669</doc-number><kind>W</kind><date>20120302</date><lang>EN</lang></document-id></pct-or-regional-filing-data><pct-or-regional-publishing-data ucid="WO-2012119958-A1"><document-id><country>WO</country><doc-number>2012119958</doc-number><kind>A1</kind><date>20120913</date><lang>EN</lang></document-id></pct-or-regional-publishing-data><designated-states><ep-contracting-states><country mxw-id="DS549849302" load-source="docdb">AL</country><country mxw-id="DS549779339" load-source="docdb">AT</country><country mxw-id="DS549849303" load-source="docdb">BE</country><country mxw-id="DS549849017" load-source="docdb">BG</country><country mxw-id="DS549847916" load-source="docdb">CH</country><country mxw-id="DS549917431" load-source="docdb">CY</country><country mxw-id="DS549779340" load-source="docdb">CZ</country><country mxw-id="DS549849304" load-source="docdb">DE</country><country mxw-id="DS549917432" load-source="docdb">DK</country><country mxw-id="DS549917433" load-source="docdb">EE</country><country mxw-id="DS549766977" load-source="docdb">ES</country><country mxw-id="DS549849030" load-source="docdb">FI</country><country mxw-id="DS549849031" load-source="docdb">FR</country><country mxw-id="DS549849305" load-source="docdb">GB</country><country mxw-id="DS549917434" load-source="docdb">GR</country><country mxw-id="DS549849310" load-source="docdb">HR</country><country mxw-id="DS549779373" load-source="docdb">HU</country><country mxw-id="DS549847917" load-source="docdb">IE</country><country mxw-id="DS549849311" load-source="docdb">IS</country><country mxw-id="DS549849032" load-source="docdb">IT</country><country mxw-id="DS549917435" load-source="docdb">LI</country><country mxw-id="DS549863369" load-source="docdb">LT</country><country mxw-id="DS549779374" load-source="docdb">LU</country><country mxw-id="DS549863406" load-source="docdb">LV</country><country mxw-id="DS549863407" load-source="docdb">MC</country><country mxw-id="DS549767357" load-source="docdb">MK</country><country mxw-id="DS549767358" load-source="docdb">MT</country><country mxw-id="DS549766978" load-source="docdb">NL</country><country mxw-id="DS549849033" load-source="docdb">NO</country><country mxw-id="DS549767359" load-source="docdb">PL</country><country mxw-id="DS549847922" load-source="docdb">PT</country><country mxw-id="DS549766979" load-source="docdb">RO</country><country mxw-id="DS549847923" load-source="docdb">RS</country><country mxw-id="DS549767360" load-source="docdb">SE</country><country mxw-id="DS549847924" load-source="docdb">SI</country><country mxw-id="DS549849058" load-source="docdb">SK</country><country mxw-id="DS549767365" load-source="docdb">SM</country><country mxw-id="DS549917436" load-source="docdb">TR</country></ep-contracting-states></designated-states></international-convention-data><office-specific-data><eptags><ep-no-a-document-published>*</ep-no-a-document-published></eptags></office-specific-data></bibliographic-data><abstract mxw-id="PA100072948" ref-ucid="WO-2012119958-A1" lang="EN" load-source="patent-office"><p num="0000">A process is claimed for converting carbon dioxide to liquid fuels. In the process carbon dioxide is adsorbed to a catalyst composition, and reacted with hydrogen to form oxygenated hydrocarbons. Hydrogen for use in the process can be generated in situ or ex situ. The process can be carried out in a fully carbon neutral manner.</p></abstract><abstract mxw-id="PA100340988" ref-ucid="WO-2012119958-A1" lang="EN" source="national office" load-source="docdb"><p>A process is claimed for converting carbon dioxide to liquid fuels. In the process carbon dioxide is adsorbed to a catalyst composition, and reacted with hydrogen to form oxygenated hydrocarbons. Hydrogen for use in the process can be generated in situ or ex situ. The process can be carried out in a fully carbon neutral manner.</p></abstract><abstract mxw-id="PA100072949" ref-ucid="WO-2012119958-A1" lang="FR" load-source="patent-office"><p num="0000">Le procédé ci-revendiqué concerne la conversion du dioxyde de carbone en carburants liquides. Dans ce procédé, le dioxyde de carbone est adsorbé sur une composition catalytique et mis en réaction avec de l'hydrogène pour former des hydrocarbures oxygénés. L'hydrogène utilisé dans le procédé peut être généré in situ ou ex situ. Le procédé peut être conduit dans des conditions de bilan carbone complètement neutre.</p></abstract><abstract mxw-id="PA100340989" ref-ucid="WO-2012119958-A1" lang="FR" source="national office" load-source="docdb"><p>Le procédé ci-revendiqué concerne la conversion du dioxyde de carbone en carburants liquides. Dans ce procédé, le dioxyde de carbone est adsorbé sur une composition catalytique et mis en réaction avec de l'hydrogène pour former des hydrocarbures oxygénés. L'hydrogène utilisé dans le procédé peut être généré in situ ou ex situ. Le procédé peut être conduit dans des conditions de bilan carbone complètement neutre.</p></abstract><description mxw-id="PDES51374037" ref-ucid="WO-2012119958-A1" lang="EN" load-source="patent-office"><!-- EPO <DP n="3"/>--><p id="p0001" num="0001"> CATALYTIC PROCESS FOR CONVERTI NG CARBON DIOXIDE TO A LIQUID FUEL OR PLATFORM </p><p id="p0002" num="0002"> CHEMICAL </p><p id="p0003" num="0003">BACKGROUN D OF THE INVENTION </p><p id="p0004" num="0004"> 1. Field of the I nvention </p><p id="p0005" num="0005"> [0001] The invention relates generally to a catalytic process in which carbon dioxide is reacted to a liquid fuel or platform chemicals, and more particularly to such a process wherein the catalyst composition is capable of adsorbing carbon dioxide. </p><p id="p0006" num="0006">2. Description of the Related Art </p><p id="p0007" num="0007"> [0002] Crude-oil based liquid fuels are the backbone of the transportation infrastructure of the western world and, increasingly, of the developing world as well. These liquid fuels are associated with serious disadvantages. Many oil producing countries are politically unstable, with oil revenue being used to prop up undemocratic governments. The need to import large quantities of crude oil exposes mature economies to dramatic trade imbalances. And the combustion of crude oil based fuels is a major factor in the rising level of carbon dioxide in the earth's atmosphere, which is generally believed to contribute to global climate changes. </p><p id="p0008" num="0008">[0003] Thus, there is a growing interest in the development of alternative transportation fuels. Examples include plant-based oxygenated fuels, such as ethanol. Compressed natural gas, which is predominantly methane, can be used as a fuel for gasoline engines, requiring only modest modifications to the engine and the vehicle. Hydrogen is being used on a small scale, both as a fuel for internal combustion engines and for vehicles powered by one or mere fuel cells. More and more, electric power from the grid is being used as a </p><p id="p0009" num="0009">transportation fuel, either in all-electric vehicles, such as the Nissan Leaf, or in so-called "plug-in hybrids", such as the Chevrolet Volt. </p><p id="p0010" num="0010">[0004] Each of these alternative fuels presents serious disadvantages. Ethanol is generally produced from renewable sources, such as sugar and corn, which makes it in principle carbon neutral. Ethanol is also far less toxic than methanol. However, the fermentation processes used in producing fuel grade ethanol are expensive and time consuming. These processes produce ethanol/water mixtures containing large amounts of water, requiring 
<!-- EPO <DP n="4"/>-->
 energy-intensive separation steps. As a result the carbon gain from the use of ethanol is minimal, and the production costs are very high. At this time ethanol requires hefty subsidies for it to be able to compete with traditional gasoline. Ethanol is far more corrosive than gasoline. It can be blended with gasoline up to 15%; higher blending ratios would require significant modifications to vehicles and the distribution infrastructure. </p><p id="p0011" num="0011">[0005] Natural gas is domestically produced in a number of western countries, including Norway, The Netherlands, and the United States, and is abundantly available. Having a H/C ratio about twice that of gasoline, its combustion produces less carbon dioxide than gasoline. However, natural gas is a fossil fuel, and all carbon dioxide produced by its combustion represents a net increase of the amount of carbon dioxide in the atmosphere. In addition, the distribution and use of compressed natural gas as a transportation fuel would require a new infrastructure. </p><p id="p0012" num="0012">[0006] Hydrogen is currently produced from fossil fuels, which means that its use produces just the same amount of carbon dioxide as the direct combustion of fossil fuel. Hydrogen can be produced from renewable resources, such as solar energy and biomass. Therefore, hydrogen has the potential of offering carbon neutral energy. Its distribution and use would require an entirely new infrastructure, however. </p><p id="p0013" num="0013">[0007] The use of electric power from the grid has the advantage that the power is generated in centralized power plants, which offers the possibility of using renewable fuels, such as biomass, and/or carbon dioxide sequestration at the source. However, the use of electric power for propelling vehicles is inherently inefficient, because it requires the use of heavy batteries, which add to the energy required for moving the vehicle. In addition, storing and withdrawing electric energy in batteries results in significant losses. </p><p id="p0014" num="0014">[0008] Thus, there is a need for a process for converting energy from renewable resources to liquid fuels that are compatible with the existing liquid fuel infrastructure. There is a particular need for converting such energy to liquid hydrocarbons. There is an even greater need for such a process that uses carbon dioxide as one of the reactants. 
<!-- EPO <DP n="5"/>-->
 BRIEF SUMMARY OF THE INVENTION </p><p id="p0015" num="0015">[0009] The present invention addresses these problems by providing a process for converting carbon dioxide to a liquid fuel or platform chemicals, said process comprising the steps of: </p><p id="p0016" num="0016">a. providing a catalyst composition capable of adsorbing carbon dioxide; b. contacting the catalyst composition with a carbon dioxide-containing gas stream, whereby carbon dioxide becomes adsorbed to the catalyst composition; </p><p id="p0017" num="0017">c. contacting the catalyst composition obtained in step b. with a hydrogen source; d. supplying energy to the catalyst composition in the presence of the hydrogen source, whereby adsorbed carbon dioxide is catalytically reduced to a liquid fuel; </p><p id="p0018" num="0018">Optionally the process comprises one or more of the following process steps: </p><p id="p0019" num="0019">e. Desorption of reaction products. f. Regeneration of the catalyst. </p><p id="p0020" num="0020">[0010] The term "liquid fuel" as used herein includes, but is not limited to hydrocarbons. The term also includes, for example, methanol, which can be used "as is", or can be converted to hydrocarbons. In the former case it is not fully compatible with the existing infrastructure for liquid transportation fuel distribution and consumption. The term also includes dimethyl ether (DME), which can be readily synthesized from methanol. DME, having a high cetane number, is an excellent alternative for conventional diesel fuel. </p><p id="p0021" num="0021">Reaction products of the process can also be converted to longer chain hydrocarbons using a Fischer-Tropsch process. In this manner, conventional gasoline and diesel fuel fractions hydrocarbon mixtures can be produced. </p><p id="p0022" num="0022"> [0011] The term "platform chemical" as used herein refers to any chemical compound that can be used as a feedstock in chemical synthesis reactions. As such, the term includes, but is not limited to, methanol, formaldehyde, formic acid, acetaldehyde, acetic acid, ethanol, and higher alcohols, such as butanol. 
<!-- EPO <DP n="6"/>-->
 [0012] As a more general matter, the process of the invention has the potential of being entirely carbon neutral. For example, carbon dioxide used in the process may be obtained from the atmosphere, or from a flue gas. Hydrogen used in the process may be obtained from a renewable resource, such as biomass or solar energy. Energy used in any of the process steps may be from a renewable resource, such as solar energy. When operated in this manner, the process of the invention is fully carbon neutral, because no net carbon dioxide is produced in running the process, and the carbon dioxide produced when the liquid fuel is combusted does not exceed the amount of carbon dioxide consumed in the process. </p><p id="p0023" num="0023">[0013] As local or economic circumstances mandate, the process may also be run in what could be called a low carbon mode. For example, the hydrogen source used in step c. may be derived from a fossil fuel, or energy used in any of the process steps may be fully or partially derived from a non-renewable resource. Although in low carbon mode the process is not fully carbon neutral, it still offers a carbon efficiency that is much improved compared to processes based entirely on fossil fuels. </p><p id="p0024" num="0024">[0014] Another aspect of the invention comprises liquid fuel and platform chemicals produced by the inventive process. </p><p id="p0025" num="0025">BRI EF DESCRI PTION OF THE DRAWINGS </p><p id="p0026" num="0026"> [0015] The features and advantages of the invention will be appreciated upon reference to the following drawings, in which: </p><p id="p0027" num="0027">[0016] Figure 1 is a schematic representation of a process embodiment in which hydrogen is generated in situ. </p><p id="p0028" num="0028">[0017] Figure 2 is a schematic representation of a continuous process according to the embodiment of Figure 1; </p><p id="p0029" num="0029">[0018] Figure 3 is a schematic representation of the process of Figure 2, modified in that an external hydrogen source is used. </p><p id="p0030" num="0030">[0019] Figure 4 is a schematic representation of a process for simultaneously producing carbon dioxide and hydrogen for use in the process of the invention. 
<!-- EPO <DP n="7"/>-->
 [0020] Figure 5 is a schematic representation of an embodiment of the process in which water electrolysis is used as a hydrogen source. </p><p id="p0031" num="0031">[0021] Figure 6 is a schematic representation of en embodiment of the process in which methane is used as a hydrogen source. </p><p id="p0032" num="0032">DETAILED DESCRI PTION OF THE INVENTION </p><p id="p0033" num="0033"> [0022] The catalyst composition used in the process of the invention is capable of adsorbing carbon dioxide. Materials capable of absorbing or adsorbing carbon dioxide are well known in the art. The processes of absorption and adsorption are fundamentally different. Absorption takes place throughout the bulk of the material, whereas adsorption is limited to the surface of the material. For the purpose of the process of the invention the interaction of the catalyst composition must be strong enough for the composition to sequester carbon dioxide from a gas stream (step b.), yet not so strong as to prevent the catalytic reaction with the hydrogen source (step d.) to take place. </p><p id="p0034" num="0034">[0023] As a general rule, materials that absorb carbon dioxide bind it too strongly for the purpose of step d. For this reason the catalyst composition preferably contains a material that adsorbs carbon dioxide. It will be understood that this rule is not absolute, as absorbent materials may be found that are capable of releasing the absorbed carbon dioxide in step d. These materials will be considered adsorbents of ca rbon dioxide within the meaning of step a. of the inventive process, even though the mechanism by which carbon dioxide is bound to the material may be one of absorption. </p><p id="p0035" num="0035">[0024] Suitable examples include alumina, layered double hydroxides, hydrotalcite, and hydrotalcite-like materials. The term "hydrotalcite-like materials" as used herein refers to materials having a crystal structure similar to that of hydrotalcite, wherein Mg ions are replaced with other divalent ions; or aluminum ions are replaced with other trivalent ions; or both. Examples of other suitable materials include zeolites, in particular zeolite Y and/or ZSM-5. The carbon dioxide adsorbent can suitable serve as catalyst support material as well. </p><p id="p0036" num="0036">[0025] It is desirable to include one or more catalytic metals in the catalytic composition, either in metallic form or as metal oxide. Examples of catalytic metals include Mn, Fe, Zn, 
<!-- EPO <DP n="8"/>-->
 Cu, Ce, Ni, Co, Cr, Pt, Ru, Sn, and combinations of these metals, for example Fe/Zn, Fe/Mn, Zn/Ce, and Cu/Zn. Particularly preferred catalytic compositions are those comprising ceria, for example ceria dispersed on a zeolite, such as zeolite Y and/or ZSM-5; and those comprising Cu/Zn, for example Cu/ZnO on an alumina or zeolite support. Other suitable support materials include (mixed) metal oxides comprising Mg, Ti, Zr, rare earth metals, such as Ce and mixed oxides of the perovskite type. It will be appreciated that some oxides, such as ceria, can act as (primarily) a catalytic support material or (primarily) as a catalyst, depending in particular on particle size. Catalytic support materials, such as mixed oxides containing ceria or zirconia will have oxygen storage capacity that can enhance the catalytic activity of the applied system. Small amount of stabilizers or dopants like Yttrium or Samarium can be added to improve the oxygen conductivity of the support and/or influence the oxygen capture/release dynamics of the supporting matrix. </p><p id="p0037" num="0037">[0026] Particularly preferred are nano-particulate and nano-porous forms of these catalytic metals and metal oxides. </p><p id="p0038" num="0038">[0027] The affinity of the adsorbent material for carbon dioxide can be increased by promoting the material with an alkaline earth or an alkali metal, in particular potassium. The catalytic activity of the metal component of the catalyst can be increased by the presence of the alkali metal. </p><p id="p0039" num="0039">[0028] In step b., the catalyst composition is contacted with a gas stream containing carbon dioxide, so that carbon dioxide becomes adsorbed to the catalyst composition. The gas stream may be ambient air, or it may be a gas that is enriched in carbon dioxide, for example gas streams comprising more than 5% w/w carbon dioxide. Examples of the latter include shale gas (a mixture of carbon dioxide and methane); gases obtained in the combustion of carbon-based fuel, such as engine exhaust; flue gas from a power plant, and the like. Carbon dioxide can be produced in other chemical reactions, such as a reform reaction of a hydrocarbon or coal, or in a water shift reaction. It is also possible to use a saturated carbon dioxide sequestering agent as the carbon dioxide source. The saturated sequestering agent is subjected to decomposition conditions, which causes it to release the 
<!-- EPO <DP n="9"/>-->
 sequestered carbon dioxide. The almost pure carbon dioxide stream is suitable for a highly efficient operation of step b. </p><p id="p0040" num="0040">[0029] The amount of gas that needs to be contacted with the catalyst composition in step b. is inversely related to the carbon dioxide content of the gas stream. If the gas stream is ambient air, a large volume of it needs to be passed over the catalyst composition in order to obtain the desired carbon dioxide loading. A significant amount of energy is required to flow this amount of air through a bed of the catalyst composition. However, it is possible to propel the air using solar energy, for example by means of a solar chimney. </p><p id="p0041" num="0041">[0030] The catalyst composition is contacted with a hydrogen source in step c. of the process. Step c. may be carried out subsequent to or concurrent with step b. The hydrogen source can be molecular hydrogen, or a hydrogen-containing compound, such as water or a hydrocarbon. Examples of suitable hydrocarbons include methane and ethane, methane being the preferred hydrocarbon. If water is used as the hydrogen source, it is typically used in the form of steam. </p><p id="p0042" num="0042">[0031] Molecular hydrogen can be produced by ex situ electrolysis of water, in a reform reaction of a hydrocarbon or coal, in a water gas shift reaction, and the like. </p><p id="p0043" num="0043">[0032] The choice of hydrogen source governs to some extent the choice of catalyst composition used in the process of the invention. As discussed above, the catalyst composition must be capable of adsorbing carbon dioxide. I n addition, the catalyst composition must be capable of catalyzing the reaction of carbon dioxide with hydrogen, in step d. The latter function is suitably provided by metal sites in the catalyst composition, for example Cu, Zn, Cr, Ga, La and the lanthanides, Ni, and the like. Particularly preferred catalytic materials include CuO, ZnO, and mixtures thereof. </p><p id="p0044" num="0044">[0033] If a compound other than hydrogen is used as the hydrogen source, the catalyst must also be capable of dissociating the hydrogen source. If the hydrogen source is water, examples of suitable catalytic materials include Fe, Zn, Ni, Co, and the like. If the hydrogen source is a hydrocarbon, such as methane or ethane, suitable catalysts include the well- known Fischer Tropsch catalysts, such as Fe and Mn. 
<!-- EPO <DP n="10"/>-->
 [0034] The catalytic conversion of step d. requires supplying energy to the catalyst composition in the presence of the hydrogen source. Energy can be supplied in the form of heat. Suitable reaction temperatures are in the range of from 100 to 1000 °C, preferably from 200 to 750 °C. The reaction rate can be increased by operating under elevated pressure, for example in the range of 5 to 200 bars, preferably from 10 to 50 bars. </p><p id="p0045" num="0045">[0035] In a preferred embodiment energy is supplied in the form of microwave energy. The use of microwave energy is particularly efficient, because it permits the reaction to be carried out at a lower overall temperature. Without wishing to be bound by theory, the inventors believe that the activation energy required for the reaction to proceed is supplied directly to the (metal) site of the catalyst, instead of by collisions with gas phase molecules, as would be the case in a thermal reaction. Accordingly, microwave energy provides "heat" where it is really needed, i.e., at the catalytic site where the reaction takes place, without a need to heat the entire reactor and its contents. </p><p id="p0046" num="0046">[0036] Thus, the reaction can be carried out at a lower temperature, but it will be appreciated that the concept of temperature does not have its conventional meaning in a reaction carried out under the influence of microwave energy. The more meaningful parameter is the amount of microwave energy supplied to the reaction mixture. This amount can be in the range of from 300 to 300,000 Watts/mole, preferably from 1000 to 200,000 Watts/mole. </p><p id="p0047" num="0047">[0037] In a preferred embodiment the energy supplied to the process is generated from a renewable resource. For example, solar energy can be used to generated electricity, either by photovoltaic means or by steam generated with solar heat. In a solar chimney the air flow can be used to drive a turbine, which in turn can generate electricity. In yet another embodiment, less valuable reaction products of the process of the invention can be burned to generate heat energy and/or electricity. </p><p id="p0048" num="0048">[0038] It will be understood that energy from a renewable resource can also be used to generate hydrogen, for example by using photovoltaic electricity to electrolyze water into oxygen and hydrogen. 
<!-- EPO <DP n="11"/>-->
 [0039] After completion of step d. the catalyst can be regenerated by desorbing any reaction products adsorbed to it. The reaction products are carbon monoxide, methanol and methane. The reaction products may further contain higher alkanes, such as ethane, propane, and butane, in particular if the catalyst composition has Fischer-Tropsch activity. The reaction products can be desorbed from the catalyst by stripping the catalyst with an inert gas, such as steam. </p><p id="p0049" num="0049">[0040] Oxygen trapped on the catalyst particle, as may have been produced in in situ decomposition of water, can be removed from the catalyst using thermal or </p><p id="p0050" num="0050">electromagnetic (e.g., microwave) energy. Ceria, or mixed oxides containing ceria can, in the reduced state, capture oxygen and at higher temperature releasing the captured oxygen forming a redox cycle, which can be represented by the following double equation. </p><p id="p0051" num="0051">Ce<sub>2</sub>0<sub>3</sub> + H<sub>2</sub>0 -&gt; 2Ce0<sub>2</sub> + H<sub>2</sub>, 2Ce0<sub>2</sub> + Energy -&gt; Ce<sub>2</sub>0<sub>3</sub> + 0.5O<sub>2</sub> </p><p id="p0052" num="0052">The temperature of the regeneration of the catalyst is generally higher than the </p><p id="p0053" num="0053">temperature of the conversion step. Suitable reaction temperatures are in the range of 500- 1500°C, preferably from 700-1200°C. </p><p id="p0054" num="0054">Alternatively reduction can be provoked at a lower temperature by applying a reducing agent like methane or higher hydrocarbons. </p><p id="p0055" num="0055">2Ce0<sub>2</sub> + CH<sub>4</sub> -&gt; Ce<sub>2</sub>03 + CO + 2H<sub>2</sub>, </p><p id="p0056" num="0056">The produced syngas (CO/H<sub>2</sub>) can be fed back to step d of the process to be converted to a liquid hydrocarbon. </p><p id="p0057" num="0057">[0041] The skilled person will appreciate that the regenerated catalyst can be re-used in step b. Regeneration of the catalyst makes it possible to run the process continuously. It may be desired to cool down the catalyst prior to re-use in step b., in particular if step d. was carried out thermally (as distinguished from the use of microwave energy). Heat recovered from the catalyst in the cool down step can be re-used in one of the other process steps, in particular step d. </p><p id="p0058" num="0058">[0042] Figure 1 shows a block diagram of an embodiment of the process of the invention. In block [1] catalyst composition C, comprising a carbon dioxide adsorbent material H and a 
<!-- EPO <DP n="12"/>-->
 metal component M, is contacted with a carbon dioxide containing gas stream, identified as C0<sub>2</sub>. It will be understood that in reality the catalyst composition comprises a large number of metal particles M on each particle of carbon dioxide adsorbing material. It will also be understood that the adsorbent material is highly porous, so as to present a large specific surface area. </p><p id="p0059" num="0059">[0043] In block [2] the carbon dioxide laden catalyst composition is exposed to water in the form of steam. Under the influence of microwave energy MW, water decomposes on the catalytic surface to hydrogen (H<sub>2</sub>) and oxygen (0<sub>2</sub>) (see block [3]). Microwave energy continues to be applied in block [4]. In a preferred embodiment microwave energy is applied in a pulsed fashion. Adsorbed carbon dioxide reacts with hydrogen to form oxygenated hydrocarbons CHO, for example methanol (CH3OH). </p><p id="p0060" num="0060"> [0044] In block [5] reaction products CHO are stripped from the catalyst. In block [6] oxygen and any remaining water are removed from the catalyst by means of microwave energy. The catalyst is now ready to be recycled to block [1]. </p><p id="p0061" num="0061">[0045] It will be appreciated that blocks [1] through [6] do not represent individual reactors. Rather, they represent individual stages of the process, which may all be carried out in one reactor, or in a number of consecutive reactors. </p><p id="p0062" num="0062">[0046] Figure 2 provides a schematic representation of reactors in which the process of Figure 1 can be carried out. A stream 31 of catalyst material enters first reactor 10 at the top, and flows down in countercurrent with air stream 11. In first reactor 10 the catalyst particles 31 adsorb carbon dioxide from air stream 11. The catalyst particles in first reactor 10 are fluidized or semi-fluidized by air stream 11, so that the residence time of the catalyst particles in first reactor 10 is optimized. </p><p id="p0063" num="0063">[0047] At the bottom of reactor 10 a stream 12 of carbon dioxide laden catalyst particles is collected and transported to second reactor 20. Second reactor 20 is a riser. Catalyst particles 12 are fluidized at the bottom by carrier gas 13, which comprises steam. The catalyst particles travel through zone 21 of second reactor 20. In zone 21 microwave energy is applied to the reaction mixture. In second reactor 20, in particular in zone 21, water is converted to hydrogen and oxygen, and carbon dioxide is converted to reaction products. 
<!-- EPO <DP n="13"/>-->
 such as methanol. Near the top of second reactor 20 the steam carrier gas acts to strip reaction products from the catalyst particles. </p><p id="p0064" num="0064">[0048] At the top of second reactor 20, a stream 22 of reaction products is separated from a stream 23 of catalyst particles. Stream 23 is conveyed to third reactor 30, where microwave energy is used to strip oxygen and water from the catalyst particles. The regenerated catalyst particles 31 are recycled to first reactor 10. </p><p id="p0065" num="0065">[0049] Figure 3 shows an alternate embodiment of the reactors of figure 2. Instead of steam, carrier gas 13 introduced at the bottom of second reactor 20 comprises hydrogen. Hydrogen stream 13 is produced ex situ in hydrogen reactor 40. The plant of figure 3 does not contain a third reactor 30 for stripping oxygen from the catalyst. It will be understood that such a reactor can be included, if desired. </p><p id="p0066" num="0066">[0050] Figure 4 is a schematic representation of a reform reactor, in which a carbon source, such as coal, is reacted to carbon dioxide and hydrogen. </p><p id="p0067" num="0067">[0051] Figure 5 is a schematic representation of an electrolysis cell, in which water is decomposed into oxygen and hydrogen, using electric energy. </p><p id="p0068" num="0068">[0052] Figure 6 shows an embodiment of the process of the invention specifically adapted for the conversion of shale gas, which is a mixture of primarily carbon dioxide and methane. Shale gas is preheated in heat exchanger 60. The preheated shale gas is pressurized to a pressure of 10-100 bar in reactor 70, which contains a bed of catalyst particles. The bulk temperature in reactor 70 is in the range of 200 to 300 °C. Under influence of microwave radiation MW, the temperature of the catalyst particles is much higher, more than 400 °C. The methane component of the shale gas mixture serves as a hydrogen source. </p><p id="p0069" num="0069">[0053] Product stream 71 consists primarily of oxygenated hydrocarbons, oxygen, water, unreacted methane, and unreacted carbon dioxide. This product stream is split in condensor 80 into liquid oxygenated hydrocarbons and gaseous products. The gaseous products are recycled to reactor 70. Waste heat recovered from condensor 80 is recycled to heat exchanger 60. 
<!-- EPO <DP n="14"/>-->
 [0054] Thus, the invention has been described by reference to certain embodiments discussed above. It will be recognized that these embodiments are susceptible to various modifications and alternative forms well known to those of skill in the art. </p><p id="p0070" num="0070">[0055] Many modifications in addition to those described above may be made to the structures and techniques described herein without departing from the spirit and scope of the invention. Accordingly, although specific embodiments have been described, these are examples only and are not limiting upon the scope of the invention. 
</p></description><claims mxw-id="PCLM44998648" ref-ucid="WO-2012119958-A1" lang="EN" load-source="patent-office"><claim-statement><!-- EPO <DP n="15"/>-->WHAT IS CLAIMED IS: </claim-statement><claim id="clm-0001" num="1"><claim-text>1. A process for converting carbon dioxide to a liquid fuel, said process comprising the steps of: </claim-text><claim-text> a. providing a catalyst composition capable of adsorbing carbon dioxide; </claim-text><claim-text> b. contacting the catalyst composition with a carbon dioxide-containing gas stream, whereby carbon dioxide becomes adsorbed to the catalyst composition; c. contacting the catalyst composition obtained in step b. with a hydrogen source; d. supplying energy to the catalyst composition in the presence of the hydrogen source, whereby adsorbed carbon dioxide is catalytically reduced to a liquid fuel; e. regenerating the catalyst composition by desorption of reaction products. </claim-text></claim><claim id="clm-0002" num="2"><claim-text>2. The process of claim 1 which is made continuous by recycling the catalyst composition of step e. to step b. </claim-text></claim><claim id="clm-0003" num="3"><claim-text>3. The process of claim 1 or 2 wherein energy is supplied to the catalyst composition in step e. </claim-text></claim><claim id="clm-0004" num="4"><claim-text>4. The process of any one of the preceding claims wherein the energy used in step d. and/or step e. is generated from a renewable resource. </claim-text></claim><claim id="clm-0005" num="5"><claim-text>5. The process of any one of the preceding claims wherein the energy used in step d. and/or step e. comprises microwave energy, preferably pulsed microwave energy. </claim-text></claim><claim id="clm-0006" num="6"><claim-text>6. The process of any one of the preceding claims wherein the carbon dioxide-containing gas stream comprises atmospheric air. </claim-text></claim><claim id="clm-0007" num="7"><claim-text>7. The process of claim 6 wherein the carbon dioxide-containing gas stream is generated by a solar chimney. </claim-text></claim><claim id="clm-0008" num="8"><claim-text>8. The process of claim 7 wherein the energy supplied in step d. and/or step e. is </claim-text><claim-text> generated by the solar chimney. </claim-text></claim><claim id="clm-0009" num="9"><claim-text>9. The process of any one of claims 1 - 5 wherein the carbon dioxide containing gas </claim-text><claim-text> stream comprises more than 5% w/w carbon dioxide. <!-- EPO <DP n="16"/>--> </claim-text></claim><claim id="clm-0010" num="10"><claim-text>10. The process of claim 9 wherein the carbon dioxide-containing gas stream is obtained in the combustion of a carbon-based fuel, in a reform reaction of a hydrocarbon or coal, or in a water gas shift reaction. </claim-text></claim><claim id="clm-0011" num="11"><claim-text>11. The process of any one of the preceding claims wherein the liquid fuel comprises </claim-text><claim-text> methanol. </claim-text></claim><claim id="clm-0012" num="12"><claim-text>12. The process of any one of the preceding claims wherein the catalyst composition </claim-text><claim-text> comprises Cu, Zn, Fe, Mn, Ni, Co, Cr, Pt, Ru, Sn, Ce, or a combination thereof. </claim-text></claim><claim id="clm-0013" num="13"><claim-text>13. The process of claim 12 wherein the catalyst composition comprises an oxide of Cu, Zn, Fe, Mn, Ce, or a combination thereof. </claim-text></claim><claim id="clm-0014" num="14"><claim-text>14. The process of claim 13 wherein the catalyst composition comprises CuO and/or ZnO. </claim-text></claim><claim id="clm-0015" num="15"><claim-text>15. The process of claim 13 or 14 wherein the catalyst composition further comprises an adsorbent for carbon dioxide selected from alumina, layered double hydroxides, hydrotalcite and hyd rota lcite-l ike materials. </claim-text></claim><claim id="clm-0016" num="16"><claim-text>16. The process of claim 15 wherein the adsorbent for carbon dioxide is promoted with an alkali metal. </claim-text></claim><claim id="clm-0017" num="17"><claim-text>17. The process of claim 16 wherein the alkali metal is potassium. </claim-text></claim><claim id="clm-0018" num="18"><claim-text>18. The process of any one of the preceding claims wherein the hydrogen source comprises molecular hydrogen. </claim-text></claim><claim id="clm-0019" num="19"><claim-text>19. The process of claim 18 wherein the molecular hydrogen is obtained by electrolysis of water. </claim-text></claim><claim id="clm-0020" num="20"><claim-text>20. The process of claim 19 wherein the water electrolysis is carried out with energy from a renewable resource. </claim-text></claim><claim id="clm-0021" num="21"><claim-text>21. The process of claim 18 wherein the molecular hydrogen is obtained in a reform </claim-text><claim-text> reaction of a hydrocarbon or coal, or in a water gas shift reaction. </claim-text></claim><claim id="clm-0022" num="22"><claim-text>22. The process of any one of claims 1 - 17 wherein the hydrogen source is water, and hydrogen is created in the presence of the catalyst composition by supplying energy. <!-- EPO <DP n="17"/>--> </claim-text></claim><claim id="clm-0023" num="23"><claim-text>23. The process of claim 22 wherein the energy is supplied at least in part in the form of microwave energy, preferably pulsed microwave energy. </claim-text></claim><claim id="clm-0024" num="24"><claim-text> 24. A liquid fuel composition produced by the process of any one of the preceding claims</claim-text></claim><claim id="clm-0025" num="25"><claim-text>25. A platform chemical composition produced by the process of any one of claims 1-23. </claim-text></claim></claims><copyright>User acknowledges that Fairview Research LLC and its third party providers retain all right, title and interest in and to this xml under applicable copyright laws.  User acquires no ownership rights to this xml including but not limited to its format.  User hereby accepts the terms and conditions of the Licence Agreement</copyright></patent-document>
