<?xml version="1.0" encoding="UTF-8"?>
<patent-document ucid="EP-2958452-A1" country="EP" doc-number="2958452" kind="A1" date="20151230" family-id="50942312" file-reference-id="315737" date-produced="20180822" status="corrected" lang="EN"><bibliographic-data><publication-reference fvid="160453732" ucid="EP-2958452-A1"><document-id><country>EP</country><doc-number>2958452</doc-number><kind>A1</kind><date>20151230</date><lang>EN</lang></document-id></publication-reference><application-reference ucid="EP-14729999-A" is-representative="NO"><document-id mxw-id="PAPP193870432" load-source="docdb" format="epo"><country>EP</country><doc-number>14729999</doc-number><kind>A</kind><date>20140422</date><lang>EN</lang></document-id><document-id mxw-id="PAPP193870433" load-source="patent-office" format="original"><country>EP</country><doc-number>14729999.4</doc-number><date>20140422</date><lang>EN</lang></document-id></application-reference><priority-claims><priority-claim mxw-id="PPC162036094" ucid="US-201313868136-A" load-source="docdb"><document-id format="epo"><country>US</country><doc-number>201313868136</doc-number><kind>A</kind><date>20130423</date></document-id></priority-claim><priority-claim mxw-id="PPC162026321" ucid="US-2014034965-W" linkage-type="W" load-source="docdb"><document-id format="epo"><country>US</country><doc-number>2014034965</doc-number><kind>W</kind><date>20140422</date></document-id></priority-claim></priority-claims><technical-data><classifications-ipcr><classification-ipcr mxw-id="PCL-1988520617" load-source="docdb">A43D  95/14        20060101AFI20141107BHEP        </classification-ipcr><classification-ipcr mxw-id="PCL-1988524474" load-source="docdb">A43D   3/02        20060101ALI20141107BHEP        </classification-ipcr><classification-ipcr mxw-id="PCL-1988527415" load-source="docdb">A43B   3/00        20060101ALI20141107BHEP        </classification-ipcr></classifications-ipcr><classifications-cpc><classification-cpc mxw-id="PCL-1927395718" load-source="docdb" scheme="CPC">A43D   3/023       20130101 LI20160615BHEP        </classification-cpc><classification-cpc mxw-id="PCL-1927395719" load-source="docdb" scheme="CPC">A43B   3/0084      20130101 FI20160615BHEP        </classification-cpc><classification-cpc mxw-id="PCL-1927395720" load-source="docdb" scheme="CPC">A43D   3/025       20130101 LI20160615BHEP        </classification-cpc><classification-cpc mxw-id="PCL-1927395721" load-source="docdb" scheme="CPC">A43D   3/029       20130101 LI20160615BHEP        </classification-cpc><classification-cpc mxw-id="PCL-1927395722" load-source="docdb" scheme="CPC">A43D2200/60        20130101 LA20160615BHEP        </classification-cpc><classification-cpc mxw-id="PCL-1927395723" load-source="docdb" scheme="CPC">B41J   3/4073      20130101 LI20160615BHEP        </classification-cpc><classification-cpc mxw-id="PCL-1927395724" load-source="docdb" scheme="CPC">A43D  95/14        20130101 LI20160615BHEP        </classification-cpc><classification-cpc mxw-id="PCL-1927395725" load-source="docdb" scheme="CPC">A43D   3/022       20130101 LI20160615BHEP        </classification-cpc><classification-cpc mxw-id="PCL-1927395726" load-source="docdb" scheme="CPC">A43B   3/0078      20130101 LI20160615BHEP        </classification-cpc></classifications-cpc><invention-title mxw-id="PT165552662" lang="DE" load-source="patent-office">HALTEANORDNUNG MIT VERRIEGELUNGSSYSTEMEN FÜR GEGENSTÄNDE</invention-title><invention-title mxw-id="PT165552663" lang="EN" load-source="patent-office">HOLDING ASSEMBLY WITH LOCKING SYSTEMS FOR ARTICLES</invention-title><invention-title mxw-id="PT165552664" lang="FR" load-source="patent-office">ENSEMBLE DE MAINTIEN À SYSTÈMES DE BLOCAGE POUR ARTICLES</invention-title></technical-data><parties><applicants><applicant mxw-id="PPAR1103324718" load-source="docdb" sequence="1" format="epo"><addressbook><last-name>NIKE INNOVATE CV</last-name><address><country>US</country></address></addressbook></applicant><applicant mxw-id="PPAR1103330604" load-source="docdb" sequence="1" format="intermediate"><addressbook><last-name>NIKE INNOVATE C.V.</last-name></addressbook></applicant><applicant mxw-id="PPAR1101645985" load-source="patent-office" sequence="1" format="original"><addressbook><last-name>NIKE Innovate C.V.</last-name><iid>101458490</iid><address><street>One Bowerman Drive</street><city>Beaverton, OR 97005-6453</city><country>US</country></address></addressbook></applicant></applicants><inventors><inventor mxw-id="PPAR1103313260" load-source="docdb" sequence="1" format="epo"><addressbook><last-name>MILLER TODD W</last-name><address><country>US</country></address></addressbook></inventor><inventor mxw-id="PPAR1348099378" load-source="docdb" sequence="1" format="intermediate"><addressbook><last-name>MILLER, TODD W.</last-name></addressbook></inventor><inventor mxw-id="PPAR1101646713" load-source="patent-office" sequence="1" format="original"><addressbook><last-name>MILLER, Todd, W.</last-name><address><street>C/O NIKE, INC. One Bowerman Drive</street><city>Beaverton, OR 97005-6453</city><country>US</country></address></addressbook></inventor><inventor mxw-id="PPAR1103319324" load-source="docdb" sequence="2" format="epo"><addressbook><last-name>CHAMBLIN MIKE A</last-name><address><country>US</country></address></addressbook></inventor><inventor mxw-id="PPAR1348099380" load-source="docdb" sequence="2" format="intermediate"><addressbook><last-name>CHAMBLIN, MIKE A.</last-name></addressbook></inventor><inventor mxw-id="PPAR1101645916" load-source="patent-office" sequence="2" format="original"><addressbook><last-name>CHAMBLIN, Mike, A.</last-name><address><street>C/O NIKE, INC. One Bowerman Drive</street><city>Beaverton, OR 97005-6453</city><country>US</country></address></addressbook></inventor><inventor mxw-id="PPAR1103335499" load-source="docdb" sequence="3" format="epo"><addressbook><last-name>TROYKE ELI R</last-name><address><country>US</country></address></addressbook></inventor><inventor mxw-id="PPAR1348099379" load-source="docdb" sequence="3" format="intermediate"><addressbook><last-name>TROYKE, ELI R.</last-name></addressbook></inventor><inventor mxw-id="PPAR1101649177" load-source="patent-office" sequence="3" format="original"><addressbook><last-name>TROYKE, Eli, R.</last-name><address><street>c/o Nike, Inc. Onew Bowerman Drive</street><city>Beaverton, OR 97005-6453</city><country>US</country></address></addressbook></inventor></inventors><agents><agent mxw-id="PPAR1101646758" load-source="patent-office" sequence="1" format="original"><addressbook><last-name>Müller-Boré &amp; Partner Patentanwälte</last-name><iid>100060440</iid><address><street>Friedenheimer Brücke 21</street><city>80639 München</city><country>DE</country></address></addressbook></agent></agents></parties><international-convention-data><pct-or-regional-filing-data ucid="US-2014034965-W"><document-id><country>US</country><doc-number>2014034965</doc-number><kind>W</kind><date>20140422</date><lang>EN</lang></document-id></pct-or-regional-filing-data><pct-or-regional-publishing-data ucid="WO-2014176244-A1"><document-id><country>WO</country><doc-number>2014176244</doc-number><kind>A1</kind><date>20141030</date><lang>EN</lang></document-id></pct-or-regional-publishing-data><designated-states><ep-contracting-states><country mxw-id="DS660757637" load-source="docdb">AL</country><country mxw-id="DS660733769" load-source="docdb">AT</country><country mxw-id="DS660757679" load-source="docdb">BE</country><country mxw-id="DS660640897" load-source="docdb">BG</country><country mxw-id="DS660794730" load-source="docdb">CH</country><country mxw-id="DS660723982" load-source="docdb">CY</country><country mxw-id="DS660733770" load-source="docdb">CZ</country><country mxw-id="DS660757680" load-source="docdb">DE</country><country mxw-id="DS660723987" load-source="docdb">DK</country><country mxw-id="DS660723988" load-source="docdb">EE</country><country mxw-id="DS660645613" load-source="docdb">ES</country><country mxw-id="DS660640898" load-source="docdb">FI</country><country mxw-id="DS660642235" load-source="docdb">FR</country><country mxw-id="DS660757681" load-source="docdb">GB</country><country mxw-id="DS660723989" load-source="docdb">GR</country><country mxw-id="DS660757682" load-source="docdb">HR</country><country mxw-id="DS660733775" load-source="docdb">HU</country><country mxw-id="DS660794731" load-source="docdb">IE</country><country mxw-id="DS660723990" load-source="docdb">IS</country><country mxw-id="DS660642236" load-source="docdb">IT</country><country mxw-id="DS660723991" load-source="docdb">LI</country><country mxw-id="DS660640907" load-source="docdb">LT</country><country mxw-id="DS660722872" load-source="docdb">LU</country><country mxw-id="DS660640908" load-source="docdb">LV</country><country mxw-id="DS660640909" load-source="docdb">MC</country><country mxw-id="DS660722873" load-source="docdb">MK</country><country mxw-id="DS660722874" load-source="docdb">MT</country><country mxw-id="DS660757719" load-source="docdb">NL</country><country mxw-id="DS660642237" load-source="docdb">NO</country><country mxw-id="DS660640915" load-source="docdb">PL</country><country mxw-id="DS660794732" load-source="docdb">PT</country><country mxw-id="DS660757720" load-source="docdb">RO</country><country mxw-id="DS660794733" load-source="docdb">RS</country><country mxw-id="DS660640916" load-source="docdb">SE</country><country mxw-id="DS660645614" load-source="docdb">SI</country><country mxw-id="DS660642238" load-source="docdb">SK</country><country mxw-id="DS660640917" load-source="docdb">SM</country><country mxw-id="DS660723992" load-source="docdb">TR</country></ep-contracting-states><ep-extended-states><ep-extended-state-data><country>BA</country></ep-extended-state-data><ep-extended-state-data><country>ME</country></ep-extended-state-data></ep-extended-states></designated-states></international-convention-data><office-specific-data><eptags><ep-no-a-document-published>*</ep-no-a-document-published></eptags></office-specific-data></bibliographic-data><abstract mxw-id="PA142498675" ref-ucid="WO-2014176244-A1" lang="EN" load-source="patent-office"><p num="0000">A holding assembly for holding articles in place for printing includes features for locking an article in place. The holding assembly can include an adjustable heel assembly. The holding assembly can include a lace locking member. The adjustable heel assembly and the lace locking member can be used to keep the article in a temporarily fixed position on the holding assembly.</p></abstract><abstract mxw-id="PA142971464" ref-ucid="WO-2014176244-A1" lang="EN" source="national office" load-source="docdb"><p>A holding assembly for holding articles in place for printing includes features for locking an article in place. The holding assembly can include an adjustable heel assembly. The holding assembly can include a lace locking member. The adjustable heel assembly and the lace locking member can be used to keep the article in a temporarily fixed position on the holding assembly.</p></abstract><abstract mxw-id="PA142498676" ref-ucid="WO-2014176244-A1" lang="FR" load-source="patent-office"><p num="0000">Ensemble de maintien destiné à maintenir des articles en place pour impression comprenant des éléments destinés à bloquer un article en place. L'ensemble de maintien peut comprendre un ensemble talon réglable. L'ensemble de maintien peut comprendre un élément de blocage de lacet. L'ensemble talon réglable et l'élément de blocage de lacet peuvent être utilisés pour maintenir un article dans une position provisoirement fixe sur l'ensemble de maintien.</p></abstract><abstract mxw-id="PA142971465" ref-ucid="WO-2014176244-A1" lang="FR" source="national office" load-source="docdb"><p>Ensemble de maintien destiné à maintenir des articles en place pour impression comprenant des éléments destinés à bloquer un article en place. L'ensemble de maintien peut comprendre un ensemble talon réglable. L'ensemble de maintien peut comprendre un élément de blocage de lacet. L'ensemble talon réglable et l'élément de blocage de lacet peuvent être utilisés pour maintenir un article dans une position provisoirement fixe sur l'ensemble de maintien.</p></abstract><description mxw-id="PDES81663944" ref-ucid="WO-2014176244-A1" lang="EN" load-source="patent-office"><!-- EPO <DP n="3"/>--><p id="p0001" num="0001"> HOLDING ASSEMBLY WITH </p><p id="p0002" num="0002"> LOCKING SYSTEMS FOR ARTICLES </p><p id="p0003" num="0003">RELATED APPLICATIONS </p><p id="p0004" num="0004"> [0001] This application is related to the following commonly owned copending applications: U.S. Patent Application Publication Number , now U.S.</p><p id="p0005" num="0005">Patent Application Number 13/868,132, filed April 23, 2013, titled "Method of Printing onto an Article" (Attorney Docket No. 51 -3226) and U.S. Patent </p><p id="p0006" num="0006"> Application Publication Number , now U.S. Patent Application Number</p><p id="p0007" num="0007">13/860,130, filed April 23, 2013, titled "Holding Assembly for Articles," (Attorney Docket No. 51 -2516) which are all herein incorporated by reference in their entirety. </p><p id="p0008" num="0008">BACKGROUND </p><p id="p0009" num="0009"> [0002] The present embodiments relate generally to articles of footwear and in particular to a flexible manufacturing system for an article of footwear. </p><p id="p0010" num="0010"> [0003] Articles of footwear generally include two primary elements: an upper and a sole structure. The upper is often formed from a plurality of material elements (e.g., textiles, polymer sheet layers, foam layers, leather, synthetic leather) that are stitched or adhesively bonded together to form a void on the interior of the footwear for comfortably and securely receiving a foot. More particularly, the upper forms a structure that extends over instep and toe areas of the foot, along medial and lateral sides of the foot, and around a heel area of the foot. </p><p id="p0011" num="0011"> [0004] The sole structure is secured to a lower portion of the upper so as to be positioned between the foot and the ground. In athletic footwear, for 
<!-- EPO <DP n="4"/>-->
 example, the sole structure may include a midsole and an outsole. The midsole may be formed from a polymer foam material that attenuates ground reaction forces (i.e., provides cushioning) during walking, running, and other ambulatory activities. The midsole may also include fluid-filled chambers, plates, moderators, or other elements that further attenuate forces, enhance stability, or influence the motions of the foot, for example. The outsole forms a ground-contacting element of the footwear and is usually fashioned from a durable and wear-resistant rubber material that includes texturing to impart traction. The sole structure may also include a sockliner positioned within the upper and proximal a lower surface of the foot to enhance footwear comfort. </p><p id="p0012" num="0012"> [0005] Articles can be manufactured with a variety of designs. Various kinds of graphics can be applied to an article using, for example, printing techniques. 
<!-- EPO <DP n="5"/>-->
</p><p id="p0013" num="0013">SUMMARY </p><p id="p0014" num="0014"> [0006] In another aspect, a holding assembly configured to hold an article of footwear includes a base portion including a body portion supported by at least two leg portions, the base portion further including a forward mounting portion that extends from the body portion. The holding assembly also includes a last portion connected to the forward mounting portion and an adjustable heel assembly connected to the forward mounting portion, the adjustable heel assembly further including a heel engaging portion that extends in parallel with a rearward edge of the last portion. The adjustable heel assembly can be extended and retracted from the forward mounting portion thereby adjusting the distance between the heel engaging portion and the rearward edge of the last portion. </p><p id="p0015" num="0015"> [0007] In another aspect, a holding assembly configured to hold an article of footwear includes a base portion and a last portion attached to the base portion. The holding assembly also includes a lace locking member attached to the base portion, the lace locking member further including a central portion extending from the base portion as well as a first catching portion and a second catching portion, where the first catching portion and the second catching portion are spaced apart from the base portion. The lace locking member is configured to receive the lace of an article of footwear that may be disposed on the last portion. </p><p id="p0016" num="0016"> [0008] Other systems, methods, features and advantages of the embodiments will be, or will become, apparent to one of ordinary skill in the art upon examination of the following figures and detailed description. It is intended that all such additional systems, methods, features and advantages be included within this description and this summary, be within the scope of the embodiments, and be protected by the following claims. 
<!-- EPO <DP n="6"/>-->
 BRIEF DESCRIPTION OF THE DRAWINGS </p><p id="p0017" num="0017"> [0009] The embodiments can be better understood with reference to the following drawings and description. The components in the figures are not necessarily to scale, emphasis instead being placed upon illustrating the principles of the embodiments. Moreover, in the figures, like reference numerals designate corresponding parts throughout the different views. </p><p id="p0018" num="0018"> [0010] FIG. 1 is a schematic view of various components of an embodiment of a flexible manufacturing system; </p><p id="p0019" num="0019"> [0011] FIG. 2 is an isometric view of an embodiment of a holding assembly; </p><p id="p0020" num="0020"> [0012] FIG. 3 is a bottom up isometric view of an embodiment of a holding assembly; </p><p id="p0021" num="0021"> [0013] FIG. 4 is an exploded isometric view of an embodiment of a holding assembly; </p><p id="p0022" num="0022"> [0014] FIG. 5 is a side schematic view of an embodiment of a holding assembly indicating provisions for applying pressure and a vacuum to portions of the holding assembly; </p><p id="p0023" num="0023"> [0015] FIG. 6 is a side schematic view of an embodiment of a holding assembly, in which a last portion is in an unexpanded configuration; </p><p id="p0024" num="0024"> [0016] FIG. 7 is a side schematic view of an embodiment of a holding assembly, in which a last portion is in an expanded configuration; </p><p id="p0025" num="0025"> [0017] FIG. 8 is a side schematic view of an embodiment of a first side portion of a last portion; </p><p id="p0026" num="0026"> [0018] FIG. 9 is a side schematic view of the first side portion of FIG. 8, in which the outer surface changes shape in response to a deforming force; </p><p id="p0027" num="0027"> [0019] FIG. 10 is a side schematic view of the first side portion of FIG. 9, in which the shape of the outer surface is temporarily fixed using a vacuum; 
<!-- EPO <DP n="7"/>-->
 [0020] FIG. 1 1 is a top down view of an embodiment of an article of footwear mounted to a holding assembly, where an adjustable heel assembly is in a retracted position; </p><p id="p0028" num="0028"> [0021] FIG. 12 is a schematic cross-sectional view of the article of FIG.</p><p id="p0029" num="0029">1 1 ; </p><p id="p0030" num="0030"> [0022] FIG. 13 is a top down view of an embodiment of the article and holding assembly of FIG. 1 1 , wherein the adjustable heel assembly has been adjusted to contact the heel portion of the article; </p><p id="p0031" num="0031"> [0023] FIG. 14 is a schematic cross-sectional view of the article of FIG.</p><p id="p0032" num="0032">13; </p><p id="p0033" num="0033"> [0024] FIG. 15 is a top down view of an embodiment of the article and holding assembly of FIG. 1 1 , wherein the adjustable heel assembly has been adjusted to tension the heel portion of the article; </p><p id="p0034" num="0034"> [0025] FIG. 16 is a schematic cross-sectional view of the article of FIG.</p><p id="p0035" num="0035">15; </p><p id="p0036" num="0036"> [0026] FIG. 17 is a schematic isometric view of an embodiment of an article of footwear mounted to a holding assembly, where a lace locking member is clearly seen on a base portion of the holding assembly; </p><p id="p0037" num="0037"> [0027] FIG. 18 is a schematic isometric view of the article of footwear and holding assembly of FIG. 17, where the laces of the article of footwear are tightened around the lace locking member; </p><p id="p0038" num="0038"> [0028] FIG. 19 is a schematic view of an embodiment of an article of footwear and an associated holding assembly placed on the platform of a flexible manufacturing system; </p><p id="p0039" num="0039"> [0029] FIG. 20 is a schematic view of an embodiment of a flexible manufacturing system, where a flattening plate has been mounted to a plurality of mounting arms; </p><p id="p0040" num="0040"> [0030] FIG. 21 is a schematic cross-sectional view of an embodiment of an article of footwear mounted to a last portion of a holding assembly with a flattening plate pressing down on the article; 
<!-- EPO <DP n="8"/>-->
 [0031] FIG. 22 is a top down schematic view of an embodiment of an article of footwear disposed beneath a flattening plate in which the contact area between the article of footwear and the flattening plate is highlighted; </p><p id="p0041" num="0041"> [0032] FIG. 23 is a schematic cross-sectional view of an embodiment of an article of footwear mounted to a last portion of a holding assembly, in which the last portion has expanded and adjusted the position of the article of footwear; </p><p id="p0042" num="0042"> [0033] FIG. 24 is a top down schematic view of an embodiment of an article of footwear disposed beneath a flattening plate in which the contact area between the article of footwear and the flattening plate is highlighted; </p><p id="p0043" num="0043"> [0034] FIG. 25 is a schematic cross-sectional view of an embodiment of an article of footwear mounted to a last portion of a holding assembly, in which a vacuum has been applied to temporarily fix the geometry of an outer surface of the last portion; </p><p id="p0044" num="0044"> [0035] FIG. 26 is a schematic cross-sectional view of an embodiment of an article of footwear mounted to a last portion of a holding assembly, in which a vacuum has been applied to temporarily fix the geometry of an outer surface of the last portion; </p><p id="p0045" num="0045"> [0036] FIG. 27 is a schematic view of an embodiment of a flattening plate being removed from a plurality of mounting arms of a flexible manufacturing system; </p><p id="p0046" num="0046"> [0037] FIG. 28 is a schematic view of an embodiment of a display device mounted to a plurality of mounting arms of a flexible manufacturing system; </p><p id="p0047" num="0047"> [0038] FIG. 29 is a schematic view of a step in a process of aligning an article of footwear for printing using a display device, according to an embodiment; </p><p id="p0048" num="0048"> [0039] FIG. 30 is a schematic view of a step in a process of aligning an article of footwear for printing using a display device, according to an embodiment; </p><p id="p0049" num="0049"> [0040] FIG. 31 is a schematic view of a step in a process of preparing an article for printing, according to an embodiment; </p><p id="p0050" num="0050"> [0041] FIG. 32 is a schematic isometric view of an embodiment of a printing system printing to an article of footwear; 
<!-- EPO <DP n="9"/>-->
 [0042] FIG. 33 is a schematic front on view of an embodiment of a printing system printing to an article of footwear; </p><p id="p0051" num="0051"> [0043] FIG. 34 is a schematic view of various components of an embodiment of a flexible manufacturing system after a graphic has been printed to an article of footwear; </p><p id="p0052" num="0052"> [0044] FIG. 35 is a schematic view of an embodiment of two </p><p id="p0053" num="0053">corresponding holding assemblies configured for use with opposing sides of an article of footwear; </p><p id="p0054" num="0054"> [0045] FIG. 36 is a schematic view of a plurality of different shoe sizes that can be used with an embodiment of a holding assembly; </p><p id="p0055" num="0055"> [0046] FIG. 37 is a schematic view of an embodiment of a flexible manufacturing system including a flattening plate with a strip member; </p><p id="p0056" num="0056"> [0047] FIG. 38 is a schematic cross-sectional view of an embodiment of a flattening plate with a strip member depressing a sole structure; </p><p id="p0057" num="0057"> [0048] FIG. 39 is a schematic view of an embodiment of a holding assembly that can be temporarily fixed on a platform using magnetism; and </p><p id="p0058" num="0058"> [0049] FIG. 40 is a schematic view of an embodiment of a holding assembly that can be temporarily fixed on a platform using a vacuum table. 
<!-- EPO <DP n="10"/>-->
</p><p id="p0059" num="0059">DETAILED DESCRIPTION </p><p id="p0060" num="0060"> [0050] FIG. 1 is a schematic view of an embodiment of flexible manufacturing system 100. In some embodiments, flexible manufacturing system 100 may be intended for use with various kinds of articles including footwear and/or apparel. In particular, flexible manufacturing system 100 may include various kinds of provisions for applying graphics, or any type of design or image, to footwear and/or apparel. Moreover, the process of applying graphics may occur during manufacturing of an article and/or after an article has been manufactured. In some embodiments, graphics may be applied to an article of footwear after the article of footwear has been manufactured into a three-dimensional form including an upper and sole structure. In some embodiments, a flexible manufacturing system could be used at a retail location to apply user selected graphics to articles of footwear and/or articles of apparel. </p><p id="p0061" num="0061"> [0051] The term "graphic" as used throughout this detailed description and in the claims refers to any visual design elements including, but not limited to: photos, logos, text, illustrations, lines, shapes, patterns, images of various kinds as well as any combinations of these elements. Moreover, the term graphic is not intended to be limiting and could incorporate any number of contiguous or noncontiguous visual features. For example, in one embodiment, a graphic may comprise a logo that is applied to a small region of an article of footwear. In another embodiment, a graphic may comprise a large region of color that is applied over one or more regions, including the entirety, of an article of footwear. </p><p id="p0062" num="0062"> [0052] For clarity, the following detailed description discusses an exemplary embodiment, in which flexible manufacturing system 100 is used to apply graphics to article of footwear 102. In this case, article of footwear 102, or simply article 102, may take the form of an athletic shoe, such as a running shoe. However, it should be noted that in other embodiments flexible manufacturing system 100 may be used with any other kinds footwear including, but not limited 
<!-- EPO <DP n="11"/>-->
 to: hiking boots, soccer shoes, football shoes, sneakers, rugby shoes, basketball shoes, baseball shoes as well as other kinds of shoes. While FIG. 1 shows a single article, it will be understood that flexible manufacturing system 100 could be used to apply graphics to two or more articles, including articles that make up a pair of footwear. </p><p id="p0063" num="0063"> [0053] In some embodiments, article 102 may include upper 104 and sole structure 106. Generally, upper 102 may be any type of upper. In particular, upper 104 may have any design, shape, size and/or color. For example, in embodiments where article 102 is a basketball shoe, upper 104 could be a high top upper that is shaped to provide high support on an ankle. In embodiments where article 102 is a running shoe, upper 104 could be a low top upper. </p><p id="p0064" num="0064"> [0054] As seen in FIG. 1 , upper 104 generally has a contoured shape that approximates the shape of the foot. For example, lateral side portion 108 of upper 104 may be generally contoured, rather than substantially flat. Moreover, it will be understood that the shape of lateral side portion 108, as well as any other portion of upper 104, could vary in any other manner from one embodiment to another. In particular, the principles described here for applying graphics to an article of footwear are not limited to articles with any predetermined geometry and/or shape. </p><p id="p0065" num="0065"> [0055] In some embodiments, upper 104 may be configured with one or more design elements. For example, upper 104 may include design element 1 10, which is disposed on lateral side portion 108. In the current embodiment, design element 1 10 takes the form of an oval-like design on upper 104. However, in other embodiments, design element 1 10 could be configured as any kind of indicia, graphic or other design feature. Examples of various design elements that could be incorporated into upper 104 include, but are not limited to: logos, numbers, letters, various kinds of graphics, trim elements as well as other kinds of design elements. Moreover, in some embodiments, a design element may be applied to upper 104 using inks, for example using a printer. In other embodiments, a design 
<!-- EPO <DP n="12"/>-->
 element could comprise a separate material layer that is attached to a base layer of upper 104. </p><p id="p0066" num="0066"> [0056] Flexible manufacturing system 100 need not be limited to use with articles of footwear and the principles taught throughout this detailed description may be applied to additional articles as well. Examples of articles that could be used with a flexible manufacturing system include, but are not limited to: footwear, gloves, shirts, pants, socks, scarves, hats, jackets, as well as other articles. Other examples of articles include, but are not limited to: shin guards, knee pads, elbow pads, shoulder pads, as well as any other type of protective equipment and/or sporting equipment. Additionally, in some embodiments, the article could be another type of article, including, but not limited to: balls, bags, purses, backpacks, as well as other articles that may not be worn. </p><p id="p0067" num="0067"> [0057] Flexible manufacturing system 100 may comprise various provisions that are useful in applying a graphic directly to an article. In some embodiments, flexible manufacturing system 100 may include printing system 120. Printing system 120 may comprise one or more individual printers. Although a single printer is illustrated in FIG. 1 , other embodiments could incorporate two or more printers that may be networked together. </p><p id="p0068" num="0068"> [0058] Printing system 120 may utilize various types of printing techniques. These can include, but are not limited to: toner-based printing, liquid inkjet printing, solid ink printing, dye-sublimation printing, inkless printing (including thermal printing and UV printing), MEMS jet printing technologies as well as any other methods of printing. In some embodiments, printing system 120 may make use of a combination of two or more different printing techniques. The type of printing technique used may vary according to factors including, but not limited to: material of the target article, size and/or geometry of the target article, desired properties of the printed image (such as durability, color, ink density, etc.) as well as printing speed, printing costs and maintenance requirements. </p><p id="p0069" num="0069"> [0059] In one embodiment, printing system 120 may utilize an inkjet printer in which ink droplets may be sprayed onto a substrate, such as the medial 
<!-- EPO <DP n="13"/>-->
 or lateral side panel of a formed upper. Using an inkjet printer allows for easy variation in color and ink density. This arrangement also allows for some separation between the printer head and the target object, which can facilitate printing directly to objects with some curvature and/or surface texture. </p><p id="p0070" num="0070"> [0060] Flexible manufacturing system 100 can include provisions for facilitating the alignment of a printed graphic onto article 102. In some </p><p id="p0071" num="0071">embodiments, it may be useful to provide a user with a way of aligning an article with a printing system so as to ensure a graphic is printed in the desired portion (i.e., location) of the article. In particular, in some embodiments, flexible manufacturing system 100 may include provisions for pre-aligning an article with a printer in such a way as to accommodate articles of various types, shapes and sizes. </p><p id="p0072" num="0072"> [0061] Referring to FIG. 1 , some embodiments of flexible manufacturing system 100 can include provisions that help to facilitate alignment of a graphic on an article. Examples of alignment systems that may be used to ensure that a graphic is printed onto the desired portion (or location) of an article are disclosed in Miller, U.S. Patent Application Publication Number 2014/0026773, now U.S. Patent Application Number 13/557,935, filed July 25, 2012, and titled "Projector Assisted Alignment and Printing," (herein referred to as "the alignment and printing case") as well as in Miller, U.S. Patent Application Publication Number 2014- 0026769, now U.S. Patent Application Number 13/557,963, filed July 25, 2012, and titled "Projection Assisted Printer Alignment Using Remote Device," (herein referred to as "the printer alignment using remote device case"), the entirety of both being herein incorporated by reference. </p><p id="p0073" num="0073"> [0062] In one embodiment, flexible manufacturing system 100 may include base portion 130 and platform 140. Base portion 130 may comprise a substantially flat surface for mounting one or more components of flexible manufacturing system 100. In some embodiments, for example, base portion 130 may be a table-top. In some embodiments, platform 140 is disposed on base portion 130. In some embodiments, platform 140 comprises a surface that is 
<!-- EPO <DP n="14"/>-->
 accessible to printing system 120. In particular, articles placed on platform 140 may be printed to using printing system 120. </p><p id="p0074" num="0074"> [0063] In some embodiments, printing system 120 may be mounted to tracks 150 of base portion 130. In some embodiments, printing system 120 is mounted in a movable manner to base portion 130, so that printing system 120 is capable of sliding along tracks 150. This allows printing system 120 to move between a first position, in which printing system 120 is disposed away from platform 140 (as shown in FIG. 1 ), and a second position, in which printing system 120 is disposed over platform 140 (see FIG. 32). With this arrangement, alignment of a graphic on an article may be done while printing system 120 is in the first, or inactive, position. Once the graphic alignment has been completed, printing system 120 may be moved to the second, or active, position. In this active position, printing system 120 may be disposed directly over platform 140 and may be configured to print a graphic onto an article that is disposed on platform 140. </p><p id="p0075" num="0075"> [0064] While the current embodiment illustrates a configuration where printing system 120 moves with respect to base portion 130, while platform 140 remains stationary, other embodiments could incorporate any other methods for moving printing system 120 and platform 140 relative to one another. As an example, other embodiments could utilize a transfer system where a platform could be moved to various positions, including a position under printing system 120. An example of such a transfer system is disclosed in the alignment and printing case discussed above. </p><p id="p0076" num="0076"> [0065] In some embodiments, flexible manufacturing system 100 may further include one or more mounting arms to facilitate the preparation of an article for printing, as discussed in further detail below. In some embodiments, flexible manufacturing system 100 can include plurality of mounting arms 160, which includes first mounting arm 161 , second mounting arm 162, third mounting arm 163 and fourth mounting arm 164. Although the current embodiment illustrates four mounting arms for attaching and supporting various components of a flexible 
<!-- EPO <DP n="15"/>-->
 manufacturing system, other embodiments could include any other number of mounting arms as well as any other kind of mounting structures. </p><p id="p0077" num="0077"> [0066] Provisions for aligning an article to ensure a graphic is printed on a desired region of the article can also be included. One method of alignment, which uses a display device such as a transparent LCD screen, is discussed below and shown in FIGS. 28-30. Further examples of methods of aligning an article to receive a graphic in a desired region are disclosed in the alignment and printing case. </p><p id="p0078" num="0078"> [0067] Some embodiments may include provisions to help hold an article in place in order to facilitate alignment and printing of a graphic onto the article. In some embodiments, for example, a flexible manufacturing system can include a holding assembly, which may comprise a stand, fixture, or similar type of device that is capable of holding an article in a predetermined position and/or orientation. In one embodiment, flexible manufacturing system includes a holding assembly that acts as a fixture for an article of footwear by holding an article in place during a printing process. Additionally, as described below, the holding assembly may also include provisions to prepare a portion of an article for printing, such as provisions to flatten one or more portions of an article of footwear. </p><p id="p0079" num="0079"> [0068] In some embodiments, flexible manufacturing system 100 may include holding assembly 200. Holding assembly 200 may further include a base portion 202 and a last portion 220. Base portion 202 may provide a support for last portion 220, so that last portion 220 can hold an article in a predetermined position and/or orientation. Details of holding assembly 200 are discussed in further detail below. </p><p id="p0080" num="0080"> [0069] In some embodiments, flexible manufacturing system 100 may include computing system 101 . The term "computing system" refers to the computing resources of a single computer, a portion of the computing resources of a single computer, and/or two or more computers in communication with one another. Any of these resources can be operated by one or more users. In some embodiments, computing system 101 can include user input device 105 that allow 
<!-- EPO <DP n="16"/>-->
 a user to interact with computing system 101 . Likewise, computing system 101 may include display 103. In some embodiments, computing system 101 can include additional provisions, such as a data storage device (not shown). A data storage device could include various means for storing data including, but not limited to: magnetic, optical, magneto-optical, and/or memory, including volatile memory and non-volatile memory. These provisions for computing system 101 , as well as possibly other provisions not shown or described here, allow computing system 101 to communicate with and/or control various components of flexible manufacturing system 100. For example, computing system 101 may be used to: create and/or manipulate graphics, control printing system 120, control </p><p id="p0081" num="0081">components of an alignment system (such as an LCD screen) as well as to possibly control systems associated with holding assembly 200. </p><p id="p0082" num="0082"> [0070] For purposes of facilitating communication between various components of flexible manufacturing system 100 (including computing system 101 , printing system 120, holding assembly 220, as well as possibly other components), the components can be connected using a network of some kind. Examples of networks include, but are not limited to: local area networks (LANs), networks utilizing the Bluetooth protocol, packet switched networks (such as the Internet), various kinds of wired networks as well as any other kinds of wireless networks. In other embodiments, rather than utilizing an external network, one or more components (i.e., printing system 120) could be connected directly to computing system 101 , for example, as peripheral hardware devices. </p><p id="p0083" num="0083"> [0071] In operation, article 102 may be placed onto last portion 220 of holding assembly 200. In some embodiments, article 102 may be aligned in a predetermined position on platform 140 using, for example, an LCD screen that communicates with computing system 101 . Finally, a graphic may be printed onto a portion of article 102 using printing system 120. The details of this operation are discussed in further detail below. </p><p id="p0084" num="0084"> [0072] FIGS. 2 through 4 illustrate various views of an embodiment of holding assembly 200. In particular, FIG. 2 illustrates a front isometric view, FIG. 3 
<!-- EPO <DP n="17"/>-->
 illustrates a bottom up isometric view and FIG. 4 illustrates an exploded isometric view of holding assembly 200. Referring to FIGS. 2 through 4, base portion 202 of holding assembly 200 may include body 204, first leg portion 206 and second leg portion 208. Body portion 204 comprises an approximately rectangular portion that is generally upright. Body portion 204 may be supported by first leg portion 206 and second leg portion 208. Additionally, body portion 204 may include forward mounting portion 210, which connects last portion 220 with body portion 204. </p><p id="p0085" num="0085"> [0073] As seen most clearly in FIG. 4, in some embodiments, body portion 204 and forward mounting portion may be substantially perpendicular. In particular, a first longitudinal axis 217 of body portion 204 may be substantially perpendicular with a second longitudinal axis 219 of forward mounting portion 210. In other embodiments, first longitudinal axis 217 and second longitudinal axis 219 could form any other angle. </p><p id="p0086" num="0086"> [0074] In some embodiments, last portion 220 comprises various components that receive an article and help control the position, orientation and geometry of an upper. In some embodiments, last portion 220 may comprise a first side portion 222 and a second side portion 224. Additionally, last portion 220 may include bladder member 226, which may be disposed between first side portion 222 and second side portion 224. </p><p id="p0087" num="0087"> [0075] In some embodiments, first side portion 222 may include a frame portion 230, including an outer sidewall portion 232 and a separating portion 234. In some cases, separating portion 234 may divides an upper recess 236 of frame portion 230 from a lower recess 238 (see FIG. 21 ) of frame portion 230. Upper recess 236 may be sealed off using flexible membrane 240 to form an interior chamber 246 (see FIG. 21 ). In some embodiments, flexible membrane 240 may be mounted to an upper edge 233 of outer sidewall portion 232 using gasket member 242. Gasket member 242 may be further fastened to frame member 230 at upper edge 233 using any types of fasteners known in the art. 
<!-- EPO <DP n="18"/>-->
 [0076] In some embodiments, the interior chamber 246 that is formed between separating portion 234 of frame portion 230 and flexible membrane 240 may be filled with one or more materials. In some embodiments, interior chamber 246 may be filled with plurality of bead members 250. The term "bead member" as used throughout this detailed description and in the claims refers to any beadlike object having an approximately rounded shape. In particular, while some embodiments may include spherical beads, in other embodiments bead members may be non-spherical and may have, for example, oblong rounded shapes. </p><p id="p0088" num="0088"> [0077] When assembled together, flexible membrane 240 and plurality of bead members 250 provide a substantially flexible and/or moldable outer surface for first side portion 222 of last portion 220. In particular, outer surface 260 of first side portion 222 may take a variety of different shapes as flexible membrane 240 is depressed in various locations and plurality of bead members 250 are rearranged within the resulting volume formed between flexible membrane 240 and frame portion 230. This configuration may allow outer surface 260 to deform in response to forces applied by an article that is placed onto last portion 220. </p><p id="p0089" num="0089"> [0078] In some embodiments, second side portion 224 may include a base plate 270. In some embodiments, base plate 270 may further comprise a raised central portion 272. Moreover, in some embodiments, a contoured member 274 may be attached to base plate 270. In particular, contoured member 274 may be attached to an outer side of base plate 270, such that contoured member 274 is exposed outwardly on second side portion 224. </p><p id="p0090" num="0090"> [0079] In contrast to first side portion 222, which has a generally flexible and deformable outer surface on last portion 220, second side portion 224 may have a substantially rigid outer surface. In some embodiments, for example, contoured member 274 could be a substantially rigid material that deflects and/or deforms little in response to forces that might be applied by an article placed onto last portion 220. 
<!-- EPO <DP n="19"/>-->
 [0080] In some embodiments, attachment between first side portion 222 and second side portion 224 may be partially facilitated by bladder member 226. In one embodiment, bladder member 226 includes a first face 280 that is attached to frame portion 230 of first side portion 222. In some cases, first face 280 attaches to separating portion 234 within lower recess 238 (see FIG. 21 ), so that a portion of bladder member 226 may be disposed within first side portion 222. Additionally, bladder member 226 may include a second face 282 that is attached to central portion 272 of base plate 270. With this arrangement, as bladder member 226 expands, this may cause first side portion 222 and second side portion 224 to separate from one another. </p><p id="p0091" num="0091"> [0081] In some embodiments, first side portion 222 and second side portion 224 may be further connected to one another in the area adjacent to forward mounting portion 210 of base portion 204. For example, in some embodiments, first side portion 222 may be fixed in place with respect to mounting portion 210 and second side portion 224 may pivot about forward mounting portion 210. In particular, in some embodiments, second side portion 224 may attach to forward mounting portion 210 at a hinge-like connection. In other embodiments, however, first side portion 222 may be fixed in place with respect to forward mounting portion 210, but second side portion 224 may not be directly attached to forward mounting portion 210. Instead, in some embodiments, second side portion 224 may only be attached to first side portion 222 by way of bladder member 226. </p><p id="p0092" num="0092"> [0082] Materials used for various components and elements of last portion 220 may vary according to various factors including manufacturing costs, desired material properties as well as possibly other factors. As an example, in different embodiments the materials used for flexible membrane 240 could vary. Examples of flexible materials that may be used include, but are not limited to: flexible textiles, natural rubber, synthetic rubber, silicone, elastomers, other elastomers such as silicone rubber, as well as other materials known in the art. As another example, materials used for plurality of bead members 250 may vary from 
<!-- EPO <DP n="20"/>-->
 one embodiment to another. Examples of materials that could be used for bead members include, but are not limited to: plastic beads, silicone beads, metal beads (including, for example, ball bearings) as well as other kinds of materials known in the art. Furthermore, materials used for frame portions and various plates of a last portion can vary. Examples of materials that can be used for frame portions and/or plates include, but are not limited to, metals or metal alloys such as aluminum, plastics, as well as any other kinds of materials known in the art. </p><p id="p0093" num="0093"> [0083] In different embodiments, the materials used for bladder member 226 can vary. In some embodiments, bladder member 226 may comprise of a rigid to semi-rigid material. In other embodiments, bladder member 226 may comprise of a substantially flexible material. In some embodiments, bladder member 226 can be made of a substantially flexible and resilient material that is configured to deform under fluid forces. In some cases, bladder member 226 can be made of a plastic material. Examples of plastic materials that may be used include high density polyvinyl-chloride (PVC), polyethylene, thermoplastic materials, elastomeric materials as well as any other types of plastic materials including combinations of various materials. In embodiments where thermoplastic polymers are used for a bladder, a variety of thermoplastic polymer materials may be utilized for the bladder, including polyurethane, polyester, polyester </p><p id="p0094" num="0094">polyurethane, and polyether polyurethane. Another suitable material for a bladder is a film formed from alternating layers of thermoplastic polyurethane and ethylene-vinyl alcohol copolymer, as disclosed in U.S. Pat. Nos. 5,713,141 and 5,952,065 to Mitchell et al, hereby incorporated by reference. A bladder may also be formed from a flexible microlayer membrane that includes alternating layers of a gas barrier material and an elastomeric material, as disclosed in U.S. Pat. Nos. 6,082,025 and 6,127,026 to Bonk et al., both hereby incorporated by reference. In addition, numerous thermoplastic urethanes may be utilized, such as </p><p id="p0095" num="0095">PELLETHANE, a product of the Dow Chemical Company; ELASTOLLAN, a product of the BASF Corporation; and ESTANE, a product of the B.F. Goodrich Company, all of which are either ester or ether based. Still other thermoplastic 
<!-- EPO <DP n="21"/>-->
 urethanes based on polyesters, polyethers, polycaprolactone, and polycarbonate macrogels may be employed, and various nitrogen blocking materials may also be utilized. Additional suitable materials are disclosed in U.S. Pat. Nos. 4,183,156 and 4,219,945 to Rudy, hereby incorporated by reference. Further suitable materials include thermoplastic films containing a crystalline material, as disclosed in U.S. Pat. Nos. 4,936,029 and 5,042,176 to Rudy, hereby incorporated by reference, and polyurethane including a polyester polyol, as disclosed in U.S. Pat. Nos. 6,013,340; 6,203,868; and 6,321 ,465 to Bonk et al., also hereby incorporated by reference. In one embodiment, bladder member 226 may comprise one or more layers of thermoplastic-urethane (TPU). </p><p id="p0096" num="0096"> [0084] Holding assembly 200 may also include additional features for holding an article in place on last portion 220. In some embodiments, holding assembly 200 may include adjustable heel assembly 290. Adjustable heel assembly 290 may be used to accommodate a variety of different footwear sizes. </p><p id="p0097" num="0097"> [0085] In some embodiments, adjustable heel assembly 290 may further include a body portion 292. Body portion 292 may be adjustably connected to forward mounting portion 210 via rods 294. In particular, rods 294 may extend outwardly from forward mounting portion 210 and may be received by body portion 292. In some embodiments, body portion 292 may be permanently fixed in place with respect to rods 294. In such embodiments, the position of body portion 292 relative to forward mounting portion 210 may be adjusted by sliding rods 294 to various positions within receiving cavities 21 1 of forward mounting portion 210. In other embodiments, body portion 292 may be configured to translate relative to rods 294. In such embodiments, the position of body portion 292 relative to forward mounting portion 210 may be adjusted by sliding body portion 292 along the length of rods 294. </p><p id="p0098" num="0098"> [0086] Adjustable heel assembly 290 may include a heel engaging portion 296 that extends out from body portion 292. In some embodiments, heel engaging portion 296 may extend in a direction that is generally perpendicular to the direction that body portion 292 translates with respect to forward mounting 
<!-- EPO <DP n="22"/>-->
 portion 210. In some embodiments, the position and orientation of heel engaging portion 296 may be substantially fixed with respect to body portion 292. With this arrangement, heel engaging portion 296 may be configured to translate with body portion 292. Moreover, as discussed in further detail below, this arrangement allows the position of heel engaging portion 296 to be adjusted relative to a rearward edge of last portion 220. </p><p id="p0099" num="0099"> [0087] In some embodiments, heel engaging portion 296 may have a shape that generally approximates the shape of the heel of a foot. This may allow heel engaging portion 296 to accommodate the corresponding geometry of the heel region of an upper. In other embodiments, however, heel engaging portion 296 could have any other geometry. </p><p id="p0100" num="0100"> [0088] In some embodiments, a handle 298 may provide leverage for translating body portion 292. When adjustable heel assembly 290 has been adjusted to a desired position, handle 298 may be rotated to lock adjustable heel assembly 290 in place. Various methods of locking the position of adjustable heel assembly 290 into place using handle 298 could be used. In some embodiments, for example, handle 298 may comprise a cam-like feature that creates a frictional force to prevent body portion 292 from translating with respect to rods 294 when handle 298 is in the locked position. However, it will be understood that in other embodiments any other methods for locking the position of body portion 292 could be used. Further details concerning the operation of adjustable heel assembly 290 are discussed in further detail below. </p><p id="p0101" num="0101"> [0089] In some embodiments, holding assembly 200 may include provisions to help fix an article in place and prevent the article from moving around on last portion 220. In some embodiments, holding assembly 200 may include lace locking member 275. Lace locking member 275 may extend outwardly from base portion 204. In some cases, lace locking member 275 includes a first catching portion 277 and a second catching portion 279. Moreover, in some embodiments, lace locking member 275 may be disposed on the side of holding assembly 200 associated with the toe region of last portion 220, so that the lace of 
<!-- EPO <DP n="23"/>-->
 an article can easily be pulled taut between the article and lace locking member 275. As discussed in further detail below, lace locking member 275 may be configured to receive laces of an article, which may be wrapped around lace locking member 275 to help hold the article in tension. </p><p id="p0102" num="0102"> [0090] Some embodiments may include provisions to facilitate the flow of fluid into and out of various components of holding assembly 200. In particular, some embodiments can include provisions to control the pressure of bladder member 226. Likewise, some embodiments can include provisions to control the pressure within interior chamber 246 (which is sealed between flexible membrane 240 and frame member 230). Such provisions may facilitate the expansion (and possibly the contraction) of bladder member 226, as well as the contraction of interior chamber 246 (e.g., by creating a vacuum within interior chamber 246). </p><p id="p0103" num="0103"> [0091] FIG. 5 illustrates a schematic side view of an embodiment of holding assembly 200, in which some components of an adjustable pressure system 500 are shown in solid, while other components of holding assembly 200 are shown in phantom. For purposes of clarity, the various components of holding assembly 200 are shown schematically. </p><p id="p0104" num="0104"> [0092] Referring to FIG. 5, adjustable pressure system 500 includes bladder member 226, as well as interior chamber 246 (the location of interior chamber 246 is indicated schematically in FIG. 5) that is bounded by flexible membrane 240 and frame portion 230. Additionally, adjustable pressure system 500 may include provisions for facilitating fluid communication between bladder member 226 and a first external fluid pump 520 as well as between interior chamber 246 and a second external fluid pump 522. </p><p id="p0105" num="0105"> [0093] In some embodiments, first external fluid pump 520 is a pump configured to fill bladder member 226 with fluid. In other words, in some embodiments, first external fluid pump 520 may be operated to increase the fluid pressure within bladder member 226, which may cause bladder member 226 to expand. In some embodiments, first external fluid pump 520 could also be configured to operate in a manner that draws fluid from bladder member 226, 
<!-- EPO <DP n="24"/>-->
 thereby decreasing the internal pressure within bladder member 226. This mode of operation would allow bladder member 226 to be automatically deflated. </p><p id="p0106" num="0106"> [0094] In some embodiments, second external fluid pump 522 is a vacuum pump configured to draw fluid from interior chamber 246. In particular, second external fluid pump 522 may be used to significantly decrease the fluid pressure in interior chamber 246, which may pull flexible membrane 240 taut against plurality of beads 250 (as shown for example in FIG. 25). This may create a generally rigid arrangement for outer surface 260 of first side portion 222. </p><p id="p0107" num="0107"> [0095] Adjustable pressure system 500 may include provisions for transferring fluid between first external fluid pump 520 and bladder member 226 as well as between second external fluid pump 522 and interior chamber 246. In some embodiments, tube 530 may connect second external fluid pump 520 with interior chamber 246. In particular, tube 530 may be connected to a fluid port 540 of interior chamber 246. In some embodiments, tube 532 may connect first external fluid pump 520 with an interior chamber 550 of bladder member 226. In particular, tube 532 may be connected to a fluid port 542 of interior chamber 550. </p><p id="p0108" num="0108"> [0096] For purposes of illustration, some components of adjustable pressure system 500 are shown schematically in the Figures. In different embodiments, various configurations of fluid pumps, fluid lines (i.e., tubes or hoses), fluid ports as well as other fluid transfer provisions may be used. In some embodiments, tube 530 and tube 532 may extend along a rearward side of base portion 202, and could pass through openings beneath forward mounting portion 210. In other embodiments, any other arrangement of tube 530 and/or tube 532 within base portion 202 and/or last portion 220 could be used. In still further embodiments, one or more fluid valves could be used to control the amount and/or direction of fluid between fluid pumps and components of holding assembly 200. </p><p id="p0109" num="0109"> [0097] The operation of first external fluid pump 520 and second external fluid pump 522 may be manual or automatic. As an example, in one embodiment, a user may control first external fluid pump 520 and/or second external fluid pump 522 using manual controls at each pump. As another example, 
<!-- EPO <DP n="25"/>-->
 in some embodiments, first external fluid pump 520 and/or second external fluid pump 522 could be controlled automatically using computing system 101 or any other automated system in communication with first external fluid pump 520 and/or second external fluid pump 522. </p><p id="p0110" num="0110"> [0098] Thus, it can be seen by this arrangement that the pressure of bladder member 226 may be actively increased and while the pressure of interior chamber 246 may be actively decreased. More specifically, the pressure of bladder member 226 may be increased to expand last portion 220 while the pressure of interior chamber 246 is simultaneously decreased (i.e., a vacuum is applied) in order to evacuate interior chamber 246 of fluid and temporarily fix the geometry of first side portion 222. Further details of these operations are discussed in detail below. </p><p id="p0111" num="0111"> [0099] For purposes of illustration, some of the provisions of adjustable pressure system 500 may not be shown in some figures. It will however be understood that the following embodiments may all include one or more of the features of adjustable pressure system 500 described here and indicated schematically in FIG. 5. </p><p id="p0112" num="0112"> [00100] FIGS. 6-7 illustrate side schematic views of the operation of last portion 220 as bladder member 226 is filled with fluid. In the low pressure, or deflated, configuration of bladder member 226 shown in FIG. 6, second side portion 224 may be disposed directly adjacent to first side portion 226. Moreover, in this lower pressure configuration, second side portion 224 may be </p><p id="p0113" num="0113">approximately parallel with first side portion 222. However, in the pressurized, or inflated, configuration of bladder member 226 shown in FIG. 7, second side portion 224 may be separated from first side portion 222. More specifically, in some embodiments, second side portion 224 tilts away from first side portion 222 at an angle. In some embodiments, second side portion 224 may generally pivot about the forwardmost portion 209 of forward mounting portion 210, which is where last portion 220 joins connecting portion 210. 
<!-- EPO <DP n="26"/>-->
 [00101] This arrangement allows the width of last portion 220 to vary according to the pressure of bladder member 226. Moreover, once an article has been placed onto last portion 220, inflating bladder member 226 may cause last member 220 to expand to fill the interior of the article, which may help keep the article mounted on last portion 220. </p><p id="p0114" num="0114"> [00102] As previously discussed, first side portion 222 may comprise a moldable or flexible outer surface that can be deformed in response to applied pressures or forces. Moreover, the rigidity of first side portion 222 may be varied through the use of vacuum pressure. </p><p id="p0115" num="0115"> [00103] FIGS. 8-10 illustrate schematic side views of embodiments of first side portion 222 of last portion 220 in isolation. In the configuration shown in FIG. 8, first side portion 222 presents a substantially flexible outer surface at flexible membrane 240. As seen in FIG. 9, as a force 900 is applied to flexible membrane 240, flexible membrane 240 deforms in a manner that creates depression 902. Referring next to FIG. 10, by creating a vacuum within interior chamber 502 of first side portion 222, flexible membrane 240 is pulled taut against the plurality of beads 250 (see FIG. 25). This results in a substantially rigid outer surface 930 for first side portion 222. Using this arrangement, the contouring or geometry of first side portion 222 can be varied by subjecting first side portion 222 to various pressures and/or forces. </p><p id="p0116" num="0116"> [00104] FIGS. 1 1 through 34 illustrate schematic views of an embodiment of a method for printing a graphic onto an article of footwear. In particular, FIGS. 1 1 through 18 illustrate an exemplary process for securing an article of footwear on a holding assembly, FIGS. 19 through 31 illustrate an exemplary process for preparing an article for printing and FIGS. 32 through 34 illustrate an exemplary process for printing onto an article. </p><p id="p0117" num="0117"> [00105] FIGS. 1 1 -16 illustrate schematic top down views of an </p><p id="p0118" num="0118">embodiment of article 102 disposed on holding assembly 200. In particular, FIGS. 1 1 through 16 illustrate an exemplary process for adjusting the position of adjustable heel assembly 290 in order to help secure article 102 to last portion 220. 
<!-- EPO <DP n="27"/>-->
 [00106] As seen in FIGS. 1 1 through 16, heel engaging portion 296 may generally extend in an approximately parallel direction with a rearward edge 291 of last portion 220. Thus, the position of heel engaging portion 296 may be adjusted to accommodate various different sizes of footwear. In other words, the distance between heel engaging portion 296 and forward portion 223 of last portion 220 may be changed to accommodate different footwear sizes. </p><p id="p0119" num="0119"> [00107] Initially, as shown in FIGS. 1 1 and 12, adjustable heel assembly 290 may be in a first position 1 100, in which adjustable heel assembly 290 is fully retracted towards forward mounting portion 210. With adjustable heel assembly 290 in first position 1 100, upper 104 may be easily placed on (or taken off) of last portion 220, as last portion 220 and adjustable heel assembly 290 may both easily be inserted into opening 1 102 of upper 104. As seen in FIG. 12, heel engaging portion 296 may be spaced inwardly from heel portion 1 1 10 of upper 104. </p><p id="p0120" num="0120"> [00108] In FIGS. 13 and 14, adjustable heel assembly 290 has been adjusted to second position 1300. In some embodiments, this may be </p><p id="p0121" num="0121">accomplished by a user pulling on handle 298 (shown in phantom beneath body portion 292 of adjustable heel assembly 290) to slide adjustable heel assembly 290 away from mounting portion 210. Moreover, in second position 1300, heel engaging member 296 may be disposed against heel portion 1 1 10 of upper 104. </p><p id="p0122" num="0122"> [00109] In some embodiments, it may be desirable to place upper 104 in tension using adjustable heel assembly 290. Referring now to FIGS. 15 and 16, adjustable heel assembly 290 may be adjusted to third position 1500. In third position 1500, heel engaging portion 296 may stretch heel portion 1 1 10 further outwards so that upper 104 is substantially tensioned between heel engaging portion 296 and toe portion 1 1 12 of last portion 220. </p><p id="p0123" num="0123"> [00110] In some embodiments, the position of adjustable heel assembly 290 can be locked to prevent adjustable heel assembly 290 from retracting under the forces of heel portion 1 1 10 of upper 104. As previously discussed, in some embodiments the position of adjustable heel assembly 290 may be locked by adjusting handle 298. As seen in the current example shown in FIGS. 1 1 through 
<!-- EPO <DP n="28"/>-->
 14, handle 298 may be disposed in an unlocked position (below body portion 292 in these views) so that the position of adjustable heel assembly 290 can be changed. Moreover, when the desired position is achieved, a user may rotate handle 298 to the position illustrated in FIGS. 15 and 16, thereby locking adjustable heel assembly 290 in place. </p><p id="p0124" num="0124"> [00111] Once adjustable heel assembly 290 has been adjusted to fit upper 102, a user may tighten the laces of article 102 using lace locking member 275. </p><p id="p0125" num="0125"> [00112] FIGS. 17 and 18 illustrate schematic isometric views of article 102 in configurations before and after lace 1702 has been tensioned using lace locking member 275. As previously discussed, lace locking member 275 may extend outwardly from base portion 204 of holding assembly 200. In particular, a central portion 276 may extend outwardly from base portion 204. First catching portion 277 and second catching portion 279 may extend from central portion 276 such that first catching portion 277 and second catching portion 279 are spaced away from base portion 204. This arrangement may allow portions of a lace to be wrapped around central portion 276 such that the lace is disposed between first catching portion 277 and second catching portion 279 and base portion 204. </p><p id="p0126" num="0126"> [00113] Referring to FIG. 17, lace 1702 may be in a loosened position following the mounting of article 102 to last portion 220. Referring next to FIG. 18, a user may wind lace 1702 around first catching portion 277 and second catching portion 279 to apply tension to upper 104. In some embodiments, lace 1702 may first be pulled taut prior to being wound onto lace locking member 275. With this arrangement, lace 1702 can be used to apply tension to upper 104 along a first side 1802 of holding assembly 200, while adjustable heel assembly 290 applies tension along second side 1804 of holding assembly 200. These tensioning forces may help to keep upper 104 locked onto last portion 220. </p><p id="p0127" num="0127"> [00114] Referring now to FIG. 19, in order to prepare article 102 for printing, holding assembly 200 may be placed onto platform 140. Generally, holding assembly 200 may be placed onto any portion of platform 140, and may 
<!-- EPO <DP n="29"/>-->
 be oriented in any direction. In some embodiments, holding assembly 200 may be positioned and oriented to ensure that the printing heads of printing system 120 can be positioned over the desired portion of upper 104. In some embodiments, flexible manufacturing system 100 may include provisions to secure holding assembly 200 on platform 140 at a desired position and/or in a desired orientation. Such provisions are discussed in further detail below and shown in FIGS. 39-40. </p><p id="p0128" num="0128"> [00115] Embodiments can include provisions that facilitate flattening portions of an article in order to improve printing quality. In some embodiments, a flexible manufacturing system may include a flattening plate that can be used to press an article on a holding assembly such that portions of the upper are deformed and temporarily flattened. In some embodiments, a flexible </p><p id="p0129" num="0129">manufacturing system can include further provisions to ensure that the flattening plate can come into contact with the desired portion of the upper to be flattened. </p><p id="p0130" num="0130"> [00116] FIG. 20 illustrates an embodiment of flexible manufacturing system 100 that utilizes a flattening plate 2000 to apply pressure across portions of article 102. In some embodiments, flattening plate 2000 may be mounted to plurality of mounting arms 160. With this arrangement, flattening plate 2000 may be positioned over holding assembly 200 and article 102, which are disposed on platform 140. In some embodiments, flattening plate 2000 may be fastened to one or more of plurality of mounting arms 160 using any kinds of fasteners known in the art. In other embodiments, however, flattening plate 2000 may be manually held in place by a user. In still other embodiments, the weight of flattening plate 2000 may be sufficient to keep flattening plate 2000 resting on plurality of mounting arms 160. </p><p id="p0131" num="0131"> [00117] In some embodiments, flattening plate 2000 may comprise a substantially rigid material. In some embodiments, flattening plate 2000 may comprise a sheet of plexi-glass material. In other embodiments, flattening plate 2000 could be made of any other materials including, but not limited to, polymer materials, metallic materials, wood, composite materials, glass materials or any other kinds of materials that may be rigid enough to press down on holding 
<!-- EPO <DP n="30"/>-->
 assembly 200 and article 102 without substantially deforming, bending, buckling or otherwise failing. </p><p id="p0132" num="0132"> [00118] In some embodiments, the thickness of flattening plate 2000 could range between 0.01 inches and 2 inches. In other embodiments, the thickness of flattening plate 2000 could range between 1 inch and 5 inches. In still other embodiments, flattening plate 2000 could have any other thickness. </p><p id="p0133" num="0133"> [00119] FIG. 21 illustrates a cross sectional view of portions of holding assembly 200, article 102 and flattening plate 2000. As seen in FIG. 21 , with the side portions of article 102 oriented in a generally parallel direction with first side portion 222 and second side portion 224, sole structure 106 may generally interfere with the ability of flattening plate 2000 to apply pressure directly to upper 102. Instead, in this initial configuration, the primary contact between flattening plate 2000 and article 102 may occur along a sidewall 2102 of sole structure 106. This area of contact between article 102 and flattening plate 2000 may also be seen in FIG. 22, which shows a top down view of article 102 through flattening plate 2000 (which is transparent in this embodiment). In particular, in FIG. 22, the contact area 2202 is highlighted. </p><p id="p0134" num="0134"> [00120] In order to facilitate better contact between flattening plate 2000 and upper 104, holding assembly 200 may include provisions to change the position and/or orientation of upper 104 on last portion 220. In some embodiments, as bladder member 226 expands, second side portion 224 may a push against upper 104 and thereby change the orientation of article 102 on last portion 220. Referring to FIG. 23, bladder member 226 has been inflated and expanded, which may tend to push first side portion 222 and second side portion 224 apart. More specifically, second side portion 224 is rotated away from first side portion 222. As second side portion 224 rotates, last portion 220 may expand to fill the interior cavity 2320 of upper 104. Moreover, second side portion 224 may contact medial side portion 2332 of upper 104. As second side portion 224 continues to press against medial side portion 2330, upper 104 may tend to rotate slightly on last 
<!-- EPO <DP n="31"/>-->
 portion 220. In particular, lateral side portion 108 of upper 104 may slide further from base portion 202 of holding assembly 200. </p><p id="p0135" num="0135"> [00121] As seen in FIG. 23, the position of sole structure 106 may also be adjusted as last portion 220 expands. In some embodiments, the position of sole structure 106 may be tilted downwardly, or away from, flattening plate 2000. In this tilted position, sole structure 106 may be spaced apart from flattening plate 2000. Thus, the expansion of last portion 220 helps to reposition article 102 on last portion 220 such that sole structure 106 is no longer in contact with flattening plate 2000 and such that lateral side portion 108 of upper 104 is in direct contact with flattening plate 2000. This arrangement allows flattening plate 2000 to provide a substantially uniform pressure over the entirety of the region of lateral side portion 108 in contact with flattening plate 2000, thereby facilitating flattening of the desired region. </p><p id="p0136" num="0136"> [00122] The area of contact between article 102 and flattening plate 2000 may also be seen in FIG. 24, which shows a top down view of article 102 through flattening plate 2000 (which is transparent in this embodiment). In particular, in FIG. 24, the contact area 2402 is highlighted. Comparing FIG. 22 with FIG. 24 it can be seen that adjusting the orientation of article 102 on last portion 220 helps provide a substantially larger contact area between flattening plate 2000 and lateral side portion 108 of upper 104. </p><p id="p0137" num="0137"> [00123] As seen in FIG. 23, first side portion 222 comprises a flexible outer surface 2350 that forms a substantially flat surface as flattening plate 2000 depresses lateral side wall 108 of upper 104. At this stage in the process for preparing article 102 for printing, a vacuum may be introduced to first side portion 222 so that the flattened shape of outer surface 2350 can be maintained even after flattening plate 2000 has been removed. </p><p id="p0138" num="0138"> [00124] Referring now to FIG. 25, fluid (e.g., air) in interior chamber 2502 of first side portion 222 has been removed via fluid communication with a vacuum source, such as a vacuum pump. As previously described, this may cause flexible membrane 240 to be pulled taut against plurality of beads 250 so that the 
<!-- EPO <DP n="32"/>-->
 configuration of plurality of beads 250 and the corresponding geometry of outer surface 2350 can be fixed. In other words, a vacuum is used to create a substantially rigid outer surface 2350 that will tend to hold its shape after flattening plate 2000 has been removed. As seen in FIG. 26, with flattening plate 2000 removed, outer surface 2350 maintains a substantially flat shape. </p><p id="p0139" num="0139"> [00125] A flexible manufacturing system may include provisions for aligning an article on a platform in a manner that minimizes calibration </p><p id="p0140" num="0140">requirements. In some embodiments, a flexible manufacturing system may include a transparent display device that can be used to precisely align a portion of an article with respect to a printer to ensure a graphic is printed in a desired location. </p><p id="p0141" num="0141"> [00126] FIGS. 27 and 28 illustrate schematic views of flexible </p><p id="p0142" num="0142">manufacturing system 100, in which a transparent a display device is used to align the position and/or orientation of an article for printing. Referring to FIGS. 27 and 28, after the desired portion of article 102 has been flattened in preparation for printing, flattening plate 2000 can be removed from plurality of mounting arms 160. At this point, a display device 2720 may be mounted onto plurality of mounting arms 160. In some embodiments, display device 2720 may communicate with computing system 101 (see FIG. 1 ) via a wired and/or wireless connection. </p><p id="p0143" num="0143"> [00127] Display device 2720 may include an outer frame portion 2622 that houses a screen portion 2624. As seen in FIGS. 27 and 28, in some embodiments, screen portion 2624 is substantially transparent. This allows a viewer to see through screen portion 2624. </p><p id="p0144" num="0144"> [00128] Display device 2720 may be further configured to display one or more images on screen portion 2624. In the current embodiment, for example, display device 2720 receives information from computing system 101 (see FIG. 1 ) and displays graphic 2830 in a central portion of screen portion 2624. This may allow a user to see graphic 2830 superimposed over article 102 when article 102 is viewed through display device 2720. In particular, this arrangement allows a graphic to be superimposed, and therefore aligned, over a portion of an article, in 
<!-- EPO <DP n="33"/>-->
 order to align the article for printing. Details of this method are discussed in further detail below. </p><p id="p0145" num="0145"> [00129] Display device 2720 may be any kind of device capable of displaying graphics and/or images. Generally, display device 2720 may utilize any display technology capable of displaying images on a transparent or semi- transparent screen. Some embodiments could make use of heads-up-display (HUD) technologies, which display images on a transparent screen using, for example, CRT images on a phosphor screen, optical waveguide technology, scanning lasers for displaying images on transparent screens as well as solid state technologies such as LEDs. Examples of solid state technologies that may be used with display device 2720 include, but are not limited to liquid crystal displays (LCDs), liquid crystal on silicon displays (LCoS), digital micro-mirrors (DMD) as well as various kinds of light emitting diode displays (LEDs), such as organic light emitting diodes (OLEDs). The type of display technology used may be selected according to various factors such as display size, weight, cost, manufacturing constraints (such as space requirements), degree of transparency as well as possibly other factors. </p><p id="p0146" num="0146"> [00130] Although some embodiments may use screens that are substantially transparent, other embodiments may use screens that are only partially transparent or translucent. The degree of transparency required may vary according to manufacturing considerations such as lighting conditions, </p><p id="p0147" num="0147">manufacturing costs, and precision tolerances for alignment. </p><p id="p0148" num="0148"> [00131] FIGS. 29 and 30 illustrate an exemplary method for aligning an article with a printer using display device 2720. For purposes of illustration, article 102 is seen beneath display device 2720 in isolation, however it will be understood that article 102 may generally be held in position beneath display device 2720 by holding assembly 200. In the embodiments shown in FIGS. 29 and 30, display device 2720 may display graphic 2830 that is intended to be aligned with design element 1 10 of article 102. As previously discussed, design element 1 10 could be a logo or any other kind of design element that is integrated into upper 104. 
<!-- EPO <DP n="34"/>-->
 Aligning graphic 2830 over design element 1 10 ensures that article 102, and especially the region around design element 1 10, will be correctly aligned with printing system 120. </p><p id="p0149" num="0149"> [00132] As seen in FIGS. 29 and 30, graphic 2830 may be generated by computing system 101 . In particular, graphic 2830 may be substantially identical to a graphic 2850 displayed on display 103 of computing system 101 . </p><p id="p0150" num="0150"> [00133] FIGS. 29 and 30 illustrate relative positions of graphic 2830 and design element 1 10 prior to alignment, and after alignment, respectively. In some embodiments, to align graphic 2830 over the desired location of article 102, a user may move the position of holding assembly 200 and article 102 beneath display device 2720 to achieve the desired alignment between graphic 2830 and design element 1 10. Thus for example, a user can slide holding assembly 200 and article 102 into the desired relative position as seen in FIG. 30 in order to achieve the desired alignment. </p><p id="p0151" num="0151"> [00134] In still other embodiments, the position of graphic 2830 may be adjusted in order to achieve the desired alignment. In such an embodiment, the position of graphic 2830 on display device 2720 may be changed by a user. </p><p id="p0152" num="0152">Generally, the position of graphic 2830 may be changed using any desired technology, including, for example, touch-screen technology. In other words, in some cases a user may touch graphic 2830 on display device 2720 and slide graphic 2830 into the desired location for alignment with design element 1 10. In other embodiments, a user could adjust the relative location of graphic 2830 on display device 2720 using computing device 101 , a remote device or any other method known for controlling the positions of graphics on a display. </p><p id="p0153" num="0153"> [00135] Further methods for aligning images on a display device with portions of an article, as well as methods of calibrating a display device and a printing system are disclosed in the alignment and printing case as well as in the printer alignment using remote device case. </p><p id="p0154" num="0154"> [00136] In some embodiments, once graphic 2830 has been aligned over design element 1 10, a user may initiate the process of printing onto the article 
<!-- EPO <DP n="35"/>-->
 using printing system 120. As seen in FIG. 31 , a user may select a desired graphic 3102 to be printed onto article 102. In this example, graphic 3102 is a lightning bolt that overlaps with graphic 2830. Thus, a user may expect printing system 120 to print graphic 3102 directly onto design element 1 10. </p><p id="p0155" num="0155"> [00137] As seen in FIGS. 32 and 33, the current arrangement facilitates accurate printing by presenting a substantially flat printing surface 3202 on lateral side portion 108 of upper 104. Specifically, the flattened geometry of lateral side portion 108 accomplished using holding assembly 200 better approximates a desired planar printing area than the default curved geometry of lateral side portion 108, which is indicated by phantom curve 3240. Thus, as clearly seen in FIGS. 32 and 33, the flattening of lateral side portion 108 that is accomplished using the provisions discussed above allows printers configured to print in generally 2 dimensions to apply graphics to articles with three dimensional geometries. </p><p id="p0156" num="0156"> [00138] The method described here may produce printed graphic 3402 on lateral side portion 108 of article 102, as seen in FIG. 34. Although the current embodiment illustrates printing to lateral side portion 108 of article 102, a similar process could be used to print one or more graphics onto a medial side portion of article 102. Moreover, this method can be utilized to print graphics over any portion of article 102, including the toe portions, midfoot portions and/or heel portions of article 102. </p><p id="p0157" num="0157"> [00139] As seen in the figures, first side portion 222 of last portion 220 may be substantially deformable, while second side portion 224 may be </p><p id="p0158" num="0158">substantially rigid. This may facilitate the flattening of the lateral side of an article, which is disposed over first side portion 222. Some embodiments may include a corresponding holding assembly configured for use in flattening the medial side of an article. </p><p id="p0159" num="0159"> [00140] FIG. 35 illustrates an embodiment utilizing a pair of </p><p id="p0160" num="0160">corresponding holding assemblies 3500 and a corresponding article 3510. In this embodiment, first holding assembly 3502 may be used for printing onto lateral side 
<!-- EPO <DP n="36"/>-->
 printing onto medial side 3514 of article 3510. In particular, first holding assembly 3502 includes a last portion 3505 that is oriented in a manner so that when article 3510 is placed onto last portion 3505, lateral side 3512 of article 3510 will face upwards and towards a printing system. Similarly, second holding assembly 3504 includes a last portion 3503 that is oriented in a manner so that when article 3510 is placed onto last portion 3503, medial side 3514 of article 3510 will face upwards and towards a printing system. </p><p id="p0161" num="0161"> [00141] The arrangement here allows for printing onto both sides of an article by utilizing a pair of corresponding holding assemblies. It will be further understood that two holding assemblies can be used to print to opposing sides of both left and right articles of footwear. </p><p id="p0162" num="0162"> [00142] As previously discussed, a holding assembly may be configured for use with multiple different footwear sizes. In particular, using an adjustable heel assembly to accommodate different lengths of footwear as well as a last portion with a deformable outer surface allows a holding assembly to fit a wide range of different footwear sizes. </p><p id="p0163" num="0163"> [00143] FIG. 36 illustrates a schematic view of a holding assembly 3600 that is configured to accommodate a wide variety of different footwear sizes. In this case, any of plurality of article of footwear sizes 3610 may be accommodated by holding assembly 3600 in order to hold and prepare the article for printing. In this example, ten different footwear sizes are shown, however additional footwear sizes may also be accommodated with holding assembly 3600. In some embodiments, for example, holding assembly 3600 may be used with a range of footwear sizes including all half step sizes between a women's size 5 to a women's size 1 1 , as well as all half step sizes between a men's size 6 to a men's size 15. In still other embodiments, a holding assembly could be configured for use with any other range of footwear sizes, including U.S. men's sizes, U.S. </p><p id="p0164" num="0164">women's sizes, various different international shoe sizes, as well as kid's sizes. In one embodiment, for example, a first holding assembly could be configured for use 
<!-- EPO <DP n="37"/>-->
 with all U.S. men's and women's shoe sizes, while a second holding assembly could be configured for use with all kid's sizes. </p><p id="p0165" num="0165"> [00144] Some embodiments can include additional provisions for adjusting the position and/or orientation of an article on a last portion. In another embodiment, shown in FIGS. 37 and 38, a flattening plate 3700 may be configured with a strip member 3702 that is configured to contact a sole structure 3720 of article 3722. As seen in FIG. 38, with flattening plate 3700 in place over article 3722, strip member 3702 may contact sole structure 3720. Moreover, strip member 3702 extends below lower surface 3704 of flattening plate 3700. With this arrangement, strip member 3702 may act to push sole structure 3720 down and away from lower surface 3704. This may help increase the contact area between flattening plate 3700 and upper 3724 of article 3702. In some cases, the contact area may be further increased by expanding last portion 3730 within upper 3724. </p><p id="p0166" num="0166"> [00145] As previously discussed, a flexible manufacturing system may include provisions for locking or otherwise temporarily securing a holding </p><p id="p0167" num="0167">assembly in place after the holding assembly has been placed on a platform in preparation for printing. FIGS. 39 and 40 illustrate schematic views of various methods for locking the position of a holding assembly in place on a platform. </p><p id="p0168" num="0168">Referring first to FIG. 39, some embodiments may include magnetic provisions that help to lock the position of a holding assembly 3900 in place on platform 3940. For example, in the embodiment of FIG. 39, holding assembly 3900 may include first magnetic strip 3902 and second magnetic strip 3904 on a bottom surface 3906 of base portion 3908. In embodiments where platform 3940 is susceptible to magnetic forces, first magnetic strip 3902 and second magnetic strip 3904 may help keep holding assembly 3900 locked in a particular position on platform 3940. In still other embodiments, one of a holding assembly or corresponding platform could be configured with a magnetic paint. </p><p id="p0169" num="0169"> [00146] FIG. 40 illustrates still another embodiment in which holding assembly 4000 is held in position using suction (i.e., a vacuum). In particular, in 
<!-- EPO <DP n="38"/>-->
 this embodiment platform 4040 is configured with a plurality of vacuum holes 4042 that pull a vacuum. The vacuum may act to pull holding assembly 4000 towards platform 4040 and prevent horizontal movement of holding assembly 4000 along platform 4040. </p><p id="p0170" num="0170"> [00147] While various embodiments have been described, the description is intended to be exemplary, rather than limiting and it will be apparent to those of ordinary skill in the art that many more embodiments and implementations are possible that are within the scope of the embodiments. Accordingly, the embodiments are not to be restricted except in light of the attached claims and their equivalents. Also, various modifications and changes may be made within the scope of the attached claims. 
</p></description><claims mxw-id="PCLM73311179" ref-ucid="WO-2014176244-A1" lang="EN" load-source="patent-office"><claim-statement><!-- EPO <DP n="39"/>-->WHAT IS CLAIMED IS: </claim-statement><claim id="clm-0001" num="1"><claim-text>1 . A holding assembly configured to hold an article of footwear, comprising: a base portion including a body portion supported by at least two leg portions, the base portion further including a forward mounting portion that extends from the body portion; </claim-text><claim-text> a last portion connected to the forward mounting portion; </claim-text><claim-text> an adjustable heel assembly connected to the forward mounting portion, the adjustable heel assembly further including a heel engaging portion that extends in parallel with a rearward edge of the last portion; and </claim-text><claim-text> wherein the adjustable heel assembly can be extended and retracted from the forward mounting portion thereby adjusting the distance between the heel engaging portion and the rearward edge of the last portion. </claim-text></claim><claim id="clm-0002" num="2"><claim-text>2. The holding assembly according to claim 1 , wherein the body portion is associated with a first longitudinal axis and the forward mounting portion is associated with a second longitudinal axis and wherein the first longitudinal axis is approximately perpendicular with the second longitudinal axis. </claim-text></claim><claim id="clm-0003" num="3"><claim-text>3. The holding assembly according to claim 1 , wherein the adjustable heel assembly can be translated along a first direction and wherein the heel engaging portion extends in a second direction that is approximately perpendicular to the first direction. </claim-text></claim><claim id="clm-0004" num="4"><claim-text>4. The holding assembly according to claim 1 , wherein the last portion includes a first side portion, a second side portion and a bladder member disposed between the first side portion, and the second side portion. </claim-text></claim><claim id="clm-0005" num="5"><claim-text>5. The holding assembly according to claim 4, wherein the bladder member can expand to separate the first side portion from the second side portion. 
<!-- EPO <DP n="40"/>-->
</claim-text></claim><claim id="clm-0006" num="6"><claim-text>6. The holding assembly according to claim 4, wherein the first side portion has a moldable outer surface. </claim-text></claim><claim id="clm-0007" num="7"><claim-text>7. The holding assembly according to claim 6, wherein the rigidity of the moldable outer surface can be varied. </claim-text></claim><claim id="clm-0008" num="8"><claim-text>8. The holding assembly according to claim 1 , wherein the position of the adjustable heel assembly relative to the forward mounting portion can be temporarily locked. </claim-text></claim><claim id="clm-0009" num="9"><claim-text>9. The holding assembly according to claim 8, wherein the position can be temporarily locked using a cam-type handle. </claim-text></claim><claim id="clm-0010" num="10"><claim-text>10. The holding assembly according to claim 9, wherein the cam-type handle can be grasped for adjusting the position of the adjustable heel assembly. </claim-text></claim><claim id="clm-0011" num="11"><claim-text>1 1 . The holding assembly according to claim 1 , wherein the position of the heel engaging portion can be adjusted to accommodate different footwear sizes. </claim-text></claim><claim id="clm-0012" num="12"><claim-text>12. The holding assembly according to claim 1 , wherein the heel engaging portion extends outwardly from a body portion of the adjustable heel assembly and wherein the body portion is slidably mounted to the forward mounting portion of the holding assembly. 
<!-- EPO <DP n="41"/>-->
</claim-text></claim><claim id="clm-0013" num="13"><claim-text>13. The holding assembly according to claim 1 , wherein the heel engaging portion applies tension to a heel portion of the article of footwear and wherein the holding assembly includes a lace locking member, and wherein a lace of the article of footwear can be wrapped around the lace locking member to apply tension to a portion of the article of footwear that is forward of the heel engaging portion. </claim-text></claim><claim id="clm-0014" num="14"><claim-text>14. A holding assembly configured to hold an article of footwear, comprising: a base portion and a last portion attached to the base portion; </claim-text><claim-text> a lace locking member attached to the base portion, the lace locking member further including a central portion extending from the base portion as well as a first catching portion and a second catching portion, wherein the first catching portion and the second catching portion are spaced apart from the base portion; and </claim-text><claim-text> wherein the lace locking member is configured to receive the lace of an article of footwear that may be disposed on the last portion. </claim-text></claim><claim id="clm-0015" num="15"><claim-text>15. The holding assembly according to claim 14, wherein the lace locking member may be configured to anchor the lace on the base portion. </claim-text></claim><claim id="clm-0016" num="16"><claim-text>16. The holding assembly according to claim 14, wherein the holding assembly further includes an adjustable heel assembly including a heel engaging portion configured to apply tension to a heel region of the article of footwear. </claim-text></claim><claim id="clm-0017" num="17"><claim-text>17. The holding assembly according to claim 14, wherein the lace locking member works in coordination with the adjustable heel assembly to tension the article of footwear at opposing sides of the opening of the article of footwear. 
<!-- EPO <DP n="42"/>-->
</claim-text></claim><claim id="clm-0018" num="18"><claim-text>18. The holding assembly according to claim 14, wherein the last portion is adjustable. </claim-text></claim><claim id="clm-0019" num="19"><claim-text>19. The holding assembly according to claim 18, wherein the last portion can expand. </claim-text></claim><claim id="clm-0020" num="20"><claim-text>20. The holding assembly according to claim 18, wherein an outer surface of the last portion is deformable. 
</claim-text></claim></claims><copyright>User acknowledges that Fairview Research LLC and its third party providers retain all right, title and interest in and to this xml under applicable copyright laws.  User acquires no ownership rights to this xml including but not limited to its format.  User hereby accepts the terms and conditions of the Licence Agreement</copyright></patent-document>
