<?xml version="1.0" encoding="UTF-8"?>
<patent-document ucid="EP-2677898-A1" country="EP" doc-number="2677898" kind="A1" date="20140101" family-id="45812746" file-reference-id="318301" date-produced="20180823" status="corrected" lang="DE"><bibliographic-data><publication-reference fvid="146551739" ucid="EP-2677898-A1"><document-id><country>EP</country><doc-number>2677898</doc-number><kind>A1</kind><date>20140101</date><lang>DE</lang></document-id></publication-reference><application-reference ucid="EP-12707977-A" is-representative="NO"><document-id mxw-id="PAPP154825662" load-source="docdb" format="epo"><country>EP</country><doc-number>12707977</doc-number><kind>A</kind><date>20120217</date><lang>DE</lang></document-id><document-id mxw-id="PAPP172244724" load-source="docdb" format="original"><country>EP</country><doc-number>12707977.0</doc-number><date>20120217</date></document-id></application-reference><priority-claims><priority-claim mxw-id="PPC140454334" ucid="DE-102011012206-A" load-source="docdb"><document-id format="epo"><country>DE</country><doc-number>102011012206</doc-number><kind>A</kind><date>20110223</date></document-id></priority-claim><priority-claim mxw-id="PPC140451490" ucid="EP-2012000711-W" linkage-type="W" load-source="docdb"><document-id format="epo"><country>EP</country><doc-number>2012000711</doc-number><kind>W</kind><date>20120217</date></document-id></priority-claim></priority-claims><technical-data><classifications-ipcr><classification-ipcr mxw-id="PCL-2062985204" load-source="docdb">A47F   5/08        20060101ALI20150420BHEP        </classification-ipcr><classification-ipcr mxw-id="PCL-2062988473" load-source="docdb">F16B   9/02        20060101AFI20150420BHEP        </classification-ipcr><classification-ipcr mxw-id="PCL-2062989390" load-source="docdb">A47B  96/06        20060101ALI20150420BHEP        </classification-ipcr><classification-ipcr mxw-id="PCL-2062989700" load-source="docdb">F16B   1/00        20060101ALI20150420BHEP        </classification-ipcr></classifications-ipcr><classifications-cpc><classification-cpc mxw-id="PCL1988109105" load-source="docdb" scheme="CPC">A47B  96/061       20130101 FI20130101BHEP        </classification-cpc><classification-cpc mxw-id="PCL1988110116" load-source="docdb" scheme="CPC">F16B2001/0064      20130101 LA20121213BHEP        </classification-cpc><classification-cpc mxw-id="PCL1988112118" load-source="docdb" scheme="CPC">A47F   5/083       20130101 LI20130101BHEP        </classification-cpc><classification-cpc mxw-id="PCL1988126274" load-source="docdb" scheme="CPC">F16B   9/023       20130101 LA20121213BHEP        </classification-cpc></classifications-cpc><invention-title mxw-id="PT132187701" lang="DE" load-source="patent-office">VORRICHTUNG ZUM LÖSBAREN BEFESTIGEN EINES ELEMENTS AN EINER WAND OD. DGL.</invention-title><invention-title mxw-id="PT132187702" lang="EN" load-source="patent-office">DEVICE FOR RELEASABLY FASTENING AN ELEMENT TO A WALL OR THE LIKE</invention-title><invention-title mxw-id="PT132187703" lang="FR" load-source="patent-office">DISPOSITIF DE FIXATION AMOVIBLE D'UN ÉLÉMENT SUR UNE PAROI OU SIMILAIRE</invention-title><citations><non-patent-citations><nplcit><text>See references of WO 2012113528A1</text><sources><source mxw-id="PNPL67455465" load-source="docdb" name="SEA"/></sources></nplcit></non-patent-citations></citations></technical-data><parties><applicants><applicant mxw-id="PPAR918167418" load-source="docdb" sequence="1" format="epo"><addressbook><last-name>DUSTMANN DULA WERK</last-name><address><country>DE</country></address></addressbook></applicant><applicant mxw-id="PPAR918156761" load-source="docdb" sequence="1" format="intermediate"><addressbook><last-name>DULA-WERKE DUSTMANN &amp; CO. GMBH</last-name></addressbook></applicant><applicant mxw-id="PPAR918982730" load-source="patent-office" sequence="1" format="original"><addressbook><last-name>Dula-Werke Dustmann &amp; Co. GmbH</last-name><iid>100112914</iid><address><street>Harkortstrasse 25-27</street><city>44225 Dortmund</city><country>DE</country></address></addressbook></applicant></applicants><inventors><inventor mxw-id="PPAR918161210" load-source="docdb" sequence="1" format="epo"><addressbook><last-name>DUSTMANN HEINZ-HERBERT</last-name><address><country>DE</country></address></addressbook></inventor><inventor mxw-id="PPAR918139503" load-source="docdb" sequence="1" format="intermediate"><addressbook><last-name>Dustmann, Heinz-Herbert</last-name></addressbook></inventor><inventor mxw-id="PPAR918992284" load-source="patent-office" sequence="1" format="original"><addressbook><last-name>Dustmann, Heinz-Herbert</last-name><address><street>Silberknapp 140</street><city>44227 Dortmund</city><country>DE</country></address></addressbook></inventor><inventor mxw-id="PPAR918151928" load-source="docdb" sequence="2" format="epo"><addressbook><last-name>MEIS ALFONS</last-name><address><country>DE</country></address></addressbook></inventor><inventor mxw-id="PPAR918149048" load-source="docdb" sequence="2" format="intermediate"><addressbook><last-name>MEIS, ALFONS</last-name></addressbook></inventor><inventor mxw-id="PPAR918993175" load-source="patent-office" sequence="2" format="original"><addressbook><last-name>MEIS, ALFONS</last-name><address><street>Schlittenweg 18</street><city>46286 Dorsten</city><country>DE</country></address></addressbook></inventor><inventor mxw-id="PPAR918171127" load-source="docdb" sequence="3" format="epo"><addressbook><last-name>HOHEISEL STEFAN</last-name><address><country>DE</country></address></addressbook></inventor><inventor mxw-id="PPAR918149074" load-source="docdb" sequence="3" format="intermediate"><addressbook><last-name>HOHEISEL, Stefan</last-name></addressbook></inventor><inventor mxw-id="PPAR918980655" load-source="patent-office" sequence="3" format="original"><addressbook><last-name>HOHEISEL, Stefan</last-name><address><street>Wickeder Hellweg 38</street><city>44319 Dortmund</city><country>DE</country></address></addressbook></inventor></inventors><agents><agent mxw-id="PPAR918988572" load-source="patent-office" sequence="1" format="original"><addressbook><last-name>Patentanwälte Buse, Mentzel, Ludewig</last-name><iid>101006409</iid><address><street>Kleiner Werth 34</street><city>42275 Wuppertal</city><country>DE</country></address></addressbook></agent></agents></parties><international-convention-data><pct-or-regional-filing-data ucid="EP-2012000711-W"><document-id><country>EP</country><doc-number>2012000711</doc-number><kind>W</kind><date>20120217</date><lang>DE</lang></document-id></pct-or-regional-filing-data><pct-or-regional-publishing-data ucid="WO-2012113528-A1"><document-id><country>WO</country><doc-number>2012113528</doc-number><kind>A1</kind><date>20120830</date><lang>DE</lang></document-id></pct-or-regional-publishing-data><designated-states><ep-contracting-states><country mxw-id="DS548938465" load-source="docdb">AL</country><country mxw-id="DS548924432" load-source="docdb">AT</country><country mxw-id="DS548938466" load-source="docdb">BE</country><country mxw-id="DS548841510" load-source="docdb">BG</country><country mxw-id="DS548948333" load-source="docdb">CH</country><country mxw-id="DS548936364" load-source="docdb">CY</country><country mxw-id="DS548924433" load-source="docdb">CZ</country><country mxw-id="DS548938467" load-source="docdb">DE</country><country mxw-id="DS548936365" load-source="docdb">DK</country><country mxw-id="DS548936966" load-source="docdb">EE</country><country mxw-id="DS548869573" load-source="docdb">ES</country><country mxw-id="DS548841511" load-source="docdb">FI</country><country mxw-id="DS548841512" load-source="docdb">FR</country><country mxw-id="DS548938468" load-source="docdb">GB</country><country mxw-id="DS548936967" load-source="docdb">GR</country><country mxw-id="DS548938469" load-source="docdb">HR</country><country mxw-id="DS548924438" load-source="docdb">HU</country><country mxw-id="DS548948338" load-source="docdb">IE</country><country mxw-id="DS548938470" load-source="docdb">IS</country><country mxw-id="DS548841513" load-source="docdb">IT</country><country mxw-id="DS548936968" load-source="docdb">LI</country><country mxw-id="DS548939949" load-source="docdb">LT</country><country mxw-id="DS548924439" load-source="docdb">LU</country><country mxw-id="DS548940058" load-source="docdb">LV</country><country mxw-id="DS548940059" load-source="docdb">MC</country><country mxw-id="DS548818352" load-source="docdb">MK</country><country mxw-id="DS548818353" load-source="docdb">MT</country><country mxw-id="DS548924440" load-source="docdb">NL</country><country mxw-id="DS548869690" load-source="docdb">NO</country><country mxw-id="DS548948339" load-source="docdb">PL</country><country mxw-id="DS548940060" load-source="docdb">PT</country><country mxw-id="DS548924441" load-source="docdb">RO</country><country mxw-id="DS548940061" load-source="docdb">RS</country><country mxw-id="DS548948340" load-source="docdb">SE</country><country mxw-id="DS548940066" load-source="docdb">SI</country><country mxw-id="DS548869691" load-source="docdb">SK</country><country mxw-id="DS548948341" load-source="docdb">SM</country><country mxw-id="DS548818354" load-source="docdb">TR</country></ep-contracting-states></designated-states></international-convention-data><office-specific-data><eptags><ep-no-a-document-published>*</ep-no-a-document-published></eptags></office-specific-data></bibliographic-data><abstract mxw-id="PA99626203" ref-ucid="WO-2012113528-A1" lang="DE" load-source="patent-office"><p num="0000">Die Erfindung betrifft eine Vorrichtung (10) zum lösbaren Befestigen eines Elements (30) an einer Wand, an einem Möbelstück, einer Säule, einer Holz-bzw. Glasplatte od.dgl. Die Vorrichtung besitzt eine Stangenplatte (31), die am Element (30) angeordnet ist oder dieses bildet, wobei die Stangenplatte (31) über mindestens zwei Klauen (32) verfügt, welches wenigstens ein Kupplungsmittel (33) bilden, wobei die Klauen (32) insbesondere zueinander gegenseitig geneigt ausgebildet sind. Weiterhin ist ein an der Wand befestigbarer Kupplungsknopf (13) vorgesehen, der eine Knopfplatte (12) und ein oder mehrere Gegenkupplungsmittel (14) aufweist, die bei der Montage mit dem oder den Kupplungsmitteln (33) des Elements (30) in Wirkverbindung bringbar sind. Der Plattenumriss (17) der Knopfplatte (12) weist dabei wenigstens eine Einschnürung (20) auf, die ein Gegenkupplungsmittel (14) bildet. Die Einschnürung (20) gliedert die Knopfplatte (12) in ein Plattenkopfstück (21) und ein Plattenfußstück (22). Die Erfindung schlägt nun vor, dass an der Knopfplatte (12) elektrische Anschlussstellen (40) vorgesehen sind, insbesondere im Bereich der Einschnürung (20), welche mit einer Spannungsquelle verbindbar sind. Die Stangenplatte (31) weist dabei elektrische Gegenanschlussstellen (34) auf, über welche ein oder mehrere an der Stangenplatte (31) anbringbare elektrisch betreibbare Bauteile anschließbar sind. Die elektrischen Anschlussstellen (40) und die elektrischen Gegenanschlussstellen (34) sind so angeordnet, dass im Kupplungsfall (11) diese automatisch miteinander in elektrisch kontaktwirksame Lage gebracht werden.</p></abstract><abstract mxw-id="PA99824722" ref-ucid="WO-2012113528-A1" lang="DE" source="national office" load-source="docdb"><p>Die Erfindung betrifft eine Vorrichtung (10) zum lösbaren Befestigen eines Elements (30) an einer Wand, an einem Möbelstück, einer Säule, einer Holz-bzw. Glasplatte od.dgl. Die Vorrichtung besitzt eine Stangenplatte (31), die am Element (30) angeordnet ist oder dieses bildet, wobei die Stangenplatte (31) über mindestens zwei Klauen (32) verfügt, welches wenigstens ein Kupplungsmittel (33) bilden, wobei die Klauen (32) insbesondere zueinander gegenseitig geneigt ausgebildet sind. Weiterhin ist ein an der Wand befestigbarer Kupplungsknopf (13) vorgesehen, der eine Knopfplatte (12) und ein oder mehrere Gegenkupplungsmittel (14) aufweist, die bei der Montage mit dem oder den Kupplungsmitteln (33) des Elements (30) in Wirkverbindung bringbar sind. Der Plattenumriss (17) der Knopfplatte (12) weist dabei wenigstens eine Einschnürung (20) auf, die ein Gegenkupplungsmittel (14) bildet. Die Einschnürung (20) gliedert die Knopfplatte (12) in ein Plattenkopfstück (21) und ein Plattenfußstück (22). Die Erfindung schlägt nun vor, dass an der Knopfplatte (12) elektrische Anschlussstellen (40) vorgesehen sind, insbesondere im Bereich der Einschnürung (20), welche mit einer Spannungsquelle verbindbar sind. Die Stangenplatte (31) weist dabei elektrische Gegenanschlussstellen (34) auf, über welche ein oder mehrere an der Stangenplatte (31) anbringbare elektrisch betreibbare Bauteile anschließbar sind. Die elektrischen Anschlussstellen (40) und die elektrischen Gegenanschlussstellen (34) sind so angeordnet, dass im Kupplungsfall (11) diese automatisch miteinander in elektrisch kontaktwirksame Lage gebracht werden.</p></abstract><abstract mxw-id="PA99626204" ref-ucid="WO-2012113528-A1" lang="EN" load-source="patent-office"><p num="0000">The invention relates to a device (10) for releasably fastening an element (30) to a wall, to an item of furniture, a column, a wood or glass panel or the like. The device has a rod plate (31) which is disposed on or forms the element (30), wherein the rod plate (31) has at least two claws (32) which form at least one coupling means (33), wherein the claws (32) are designed in particular to be inclined relative to one another. Furthermore a coupling button (13) is provided which can be fastened to a wall and has a button plate (12) and one or more counterpart coupling means (14) which during assembly can be operatively connected to the coupling means (33) of the element (30). For this purpose the plate outline (17) of the button plate (12) has at least one narrowed section (20) which forms a counterpart coupling means (14). The narrowed section (20) divides the button plate (12) into a plate head piece (21) and a plate foot piece (22). According to the invention electrical connection points (40) which can be connected to a voltage source are provided on the button plate (12), in particular in the region of the narrowed section (20). For this purpose the rod plate (31) has counterpart electrical connection points (34) by which electrically operated components which can be mounted on the rod plate (31) can be connected. The electrical connection points (40) and the counterpart electrical connection points (34) are disposed so that in the case of coupling (11) same are brought automatically into a position for effective electrical contact.</p></abstract><abstract mxw-id="PA99824723" ref-ucid="WO-2012113528-A1" lang="EN" source="national office" load-source="docdb"><p>The invention relates to a device (10) for releasably fastening an element (30) to a wall, to an item of furniture, a column, a wood or glass panel or the like. The device has a rod plate (31) which is disposed on or forms the element (30), wherein the rod plate (31) has at least two claws (32) which form at least one coupling means (33), wherein the claws (32) are designed in particular to be inclined relative to one another. Furthermore a coupling button (13) is provided which can be fastened to a wall and has a button plate (12) and one or more counterpart coupling means (14) which during assembly can be operatively connected to the coupling means (33) of the element (30). For this purpose the plate outline (17) of the button plate (12) has at least one narrowed section (20) which forms a counterpart coupling means (14). The narrowed section (20) divides the button plate (12) into a plate head piece (21) and a plate foot piece (22). According to the invention electrical connection points (40) which can be connected to a voltage source are provided on the button plate (12), in particular in the region of the narrowed section (20). For this purpose the rod plate (31) has counterpart electrical connection points (34) by which electrically operated components which can be mounted on the rod plate (31) can be connected. The electrical connection points (40) and the counterpart electrical connection points (34) are disposed so that in the case of coupling (11) same are brought automatically into a position for effective electrical contact.</p></abstract><abstract mxw-id="PA99626205" ref-ucid="WO-2012113528-A1" lang="FR" load-source="patent-office"><p num="0000">L'invention concerne un dispositif (10) de fixation amovible d'un élément (30) sur une paroi, un meuble, une colonne, une plaque de bois ou de verre ou similaire. Le dispositif présente une plaque en forme de barre (31) qui est agencée sur l'élément (30) ou forme ce dernier, la plaque en forme de barre (31) disposant d'au moins deux griffes (32) formant au moins un moyen d'accouplement (33), les griffes (32) étant réalisées de manière inclinée en particulier l'une en regard de l'autre. En outre, un bouton d'accouplement (13) pouvant être fixé sur la paroi comporte une plaque de bouton (12) et un ou plusieurs moyens d'accouplement complémentaires (14), qui peuvent être amenés à coopérer avec le ou les moyens d'accouplement (33) de l'élément (30) lors du montage. Le contour (17) de la plaque de bouton (12) présente au moins un rétrécissement (20) qui forme un moyen d'accouplement complémentaire (14). Le rétrécissement (20) divise la plaque de bouton (12) en une partie de tête de plaque (21) et une partie de pied de plaque (22). Selon l'invention, des points de raccordement électriques (40) sont agencés sur la plaque de bouton (12), en particulier dans la zone du rétrécissement (20), et peuvent être reliés à une source de tension. La plaque en forme de barre (31) comporte des points de raccordement électriques complémentaires (34) permettant de raccorder un ou plusieurs éléments à commande électrique pouvant être fixés sur la plaque en forme de barre (31). Les points de raccordement électriques (40) et les points de raccordement complémentaires électriques (34) sont agencés de manière à être mis automatiquement en position de contact électrique les uns avec les autres, en cas d'accouplement (11).</p></abstract><abstract mxw-id="PA99824724" ref-ucid="WO-2012113528-A1" lang="FR" source="national office" load-source="docdb"><p>L'invention concerne un dispositif (10) de fixation amovible d'un élément (30) sur une paroi, un meuble, une colonne, une plaque de bois ou de verre ou similaire. Le dispositif présente une plaque en forme de barre (31) qui est agencée sur l'élément (30) ou forme ce dernier, la plaque en forme de barre (31) disposant d'au moins deux griffes (32) formant au moins un moyen d'accouplement (33), les griffes (32) étant réalisées de manière inclinée en particulier l'une en regard de l'autre. En outre, un bouton d'accouplement (13) pouvant être fixé sur la paroi comporte une plaque de bouton (12) et un ou plusieurs moyens d'accouplement complémentaires (14), qui peuvent être amenés à coopérer avec le ou les moyens d'accouplement (33) de l'élément (30) lors du montage. Le contour (17) de la plaque de bouton (12) présente au moins un rétrécissement (20) qui forme un moyen d'accouplement complémentaire (14). Le rétrécissement (20) divise la plaque de bouton (12) en une partie de tête de plaque (21) et une partie de pied de plaque (22). Selon l'invention, des points de raccordement électriques (40) sont agencés sur la plaque de bouton (12), en particulier dans la zone du rétrécissement (20), et peuvent être reliés à une source de tension. La plaque en forme de barre (31) comporte des points de raccordement électriques complémentaires (34) permettant de raccorder un ou plusieurs éléments à commande électrique pouvant être fixés sur la plaque en forme de barre (31). Les points de raccordement électriques (40) et les points de raccordement complémentaires électriques (34) sont agencés de manière à être mis automatiquement en position de contact électrique les uns avec les autres, en cas d'accouplement (11).</p></abstract><description mxw-id="PDES50931545" ref-ucid="WO-2012113528-A1" lang="DE" load-source="patent-office"><!-- EPO <DP n="3"/>--><p id="p0001" num="0001"> Vorrichtung zum lösbaren Befestigen eines Elements an einer Wand od. dgl. </p><p id="p0002" num="0002">Die Erfindung betrifft eine Vorrichtung zum lösbaren Befestigen eines Elements an einer Wand, an einem Möbelstück, einer Säule, einer Holz- bzw. Glasplatte od. dgl. mit den Merkmalen des Oberbegriffs von Anspruch 1 . </p><p id="p0003" num="0003">Solche Vorrichtungen werden insbesondere in der Möbelindustrie, im Ladenbau, im Bereich des Innenausbaus und überall dort verwendet, wo man Elemente möglichst einfach montieren, demontieren und umdekorieren möchte. </p><p id="p0004" num="0004">Eine Vorrichtung der eingangs genannten Art beschreibt die DE 200 08 818 U l . Die dort beschriebene Vorrichtung dient zum lösbaren Anbringen einer Tragstange an einer Wand oder einem Regalelement. Hierzu sind eine Stangenplatte und eine Knopfplatte vorgesehen, welche miteinander in Wirkverbindung bringbar sind. Die Knopfplatte weist dabei eine Einschnürung auf, welche Gegenkupplungsmittel für die Kupplungsmittel der Stangenplatte bildet. Nachteilig bei dieser Anordnung ist es, wenn die Tragstange elektrisch betreibbare Bauteile, wie beispielsweise Beleuchtungen, Lautsprecher oder Anzeigenelemente aufweist. Sofern diese nicht über Batterien oder Akkumulatoren betrieben werden, müssen immer noch elektrische Anschlüsse verlegt werden, beispielsweise über Kabel oder Stecker. Dies ist zeitaufwendig und von einer mit elektrischen Anschlüssen ungeübten Bedienperson nicht einfach zu bewerkstelligen. Aufgabe der Erfindung ist es daher, eine Vorrichtung der eingangs genannten Art dahingehend zu verbessern, dass eine einfache Montage und Demontage des Elementes möglich ist, auch wenn am Element ein oder mehrere elektrisch </p><p id="p0005" num="0005">BESTÄTIGUNGSKOPIE 
<!-- EPO <DP n="4"/>-->
 betreibbare Bauteile vorgesehen sind. Diese Aufgabe wird erfindungsgemäß durch die kennzeichnenden Merkmale von Anspruch 1 gelöst, denen folgende besondere Bedeutung zukommt. An der Knopfplatte existieren elektrische Anschlussstellen, welche sich insbesondere im Bereich der Einschnürung befinden und die mit einer Spannungsquelle, wie beispielsweise den üblichen in einem Gebäude befindlichen Stromleitungen verbindbar sind. Die Stangenplatte wiederum weist elektrische Gegenanschlussstellen auf. Über diese sind ein oder mehrere elektrisch betreibbare Bauteile anschließbar, wodurch sie mit der Spannungsquelle elektrisch kontaktwirksam verbunden werden. Die elektrischen Anschlussstellen sowie die elektrischen Gegenanschlussstellen sind so angeordnet, dass im Kupplungsfall diese automatisch miteinander in elektrisch kontaktwirksame Lage gebracht werden, so dass elektrische Energie über die Anschlussstellen und Gegenanschlussstellen übertragen werden kann und so die elektrisch betreibbaren Bauteile mit der entsprechenden elektrischen Energie versorgt werden können. Dies bildet eine sehr einfache Möglichkeit, verschiedene Elemente zu montieren und zu demontieren bzw. eine mit einer oder mehreren Vorrichtungen ausgestatteten Möbelstück, Säule od.dgl. schnell und einfach umzudekorieren. Bei der Montage der Stangenplatte an der Knopfplatte treten automatisch die elektrischen Anschlussstellen und elektrischen Gegenanschlussstellen miteinander in elektrisch kontaktwirksame Lage, so dass die Stromversorgung des bzw. der elektrisch betreibbaren Bauteile automatisch erfolgt. Eine komplizierte Montage ist somit nicht notwendig. Auch kann die Montage durch Bedienpersonen vorgenommen werden, bei denen es sich nicht um Fachkräfte des Elektrobereiches handelt. Beispielsweise ist denkbar, dass in einem Ladengeschäft als Element ein Warenträger vorgesehen ist, der zu Zwecken der Umdekoration an immer anderen Positionen angeordnet werden kann, wobei dann am Warenträger befindliche Beleuchtungseinrichtungen direkt mit der notwendigen elektrischen Energie versorgt werden. Die Umdekorierung kann dann einfach vom 
<!-- EPO <DP n="5"/>-->
 Verkaufspersonal des Ladengeschäfts durchgeführt werden, da die elektrische Kontaktierung automatisch erfolgt. </p><p id="p0006" num="0006">In einem bevorzugten Ausführungsbeispiel ist als Element an der Stangenplatte eine Stange vorgesehen, die zum Aufhängen von Waren und/oder zur Halterung eines Warenträgers verwendbar ist, wobei die Stangenplatte am wandseitigem Ende der Stange angeordnet ist. Die Stange und die Stangenplatte können einstückig ausgebildet sein. Es ist jedoch auch möglich, die Stange mehrteilig auszubilden. Die Stange selber kann als Warenträger dienen. Sie kann allerdings auch einen speziellen Warenträger halten, beispielsweise einen Regalboden oder Ähnliches. Die Stangenplatte kann auch selbst das Element bilden. Ist kein weiteres Element, wie eine Stange oder Ähnliches, gewünscht, so kann entweder die Knopfplatte frei bleiben oder mit einer als Element ausgebildeten Stangenplatte versehen werden. Die Stangenplatte kann unabhängig davon, welche Art Element vorgesehen ist, an ihrer Außenseite verziert werden, um einen vorteilhaften optischen Eindruck zu erwirken. </p><p id="p0007" num="0007">In einem besonders bevorzugten Ausführungsbeispiel ist die Vorrichtung mit Niederspannung ausgestattet, so dass elektrisch betreibbare Bauteile mit Schwachstrom betrieben werden. Dies ist für die meisten Anwendungsgebiete ausreichend. Darüber hinaus gibt es den Vorteil, dass Verletzungen durch Stromschläge quasi ausgeschlossen werden. Es ist somit nicht notwendig, die Anschlussstellen vor Berührung zu sichern. Auch ist es vollkommen unbedenklich, wenn die Montage bzw. Demontage der Stangenplatte von einer im Umgang mit elektrischem Strom nicht geschulten Personen durchgeführt wird. </p><p id="p0008" num="0008">In einem weiteren bevorzugten Ausführungsbeispiel liegt die Knopfplatte im Kupplungsfall mit ihrer rückseitigen Plattenbreitseite an der Wand an. Somit ist eine gute Abstützung der Knopfplatte an der Wand gegeben; insbesondere kann auch noch ein Konterstück vorgesehen sein, welches die Knopfplatte an der Wand von der der Knopfplatte abgewandten Seite der Wand her haltert. Somit 
<!-- EPO <DP n="6"/>-->
 ist es möglich, auch Stangenplatten mit Elementen vorzusehen, welche ein höheres Gewicht haben, da beispielsweise eine größere Menge von Waren auf dem Element angeordnet wird. Besonders vorteilhaft ist es, die Knopfplatte so an der Wand zu haltern, dass sie verdrehsicher gelagert ist. Ein unbeabsichtigtes Verdrehen der Knopfplatte bzw. Lösen der Stangenplatte von der Knopfplatte kann so vermieden werden. </p><p id="p0009" num="0009">Empfehlenswerterweise sind die elektrischen Anschlussstellen in einem Adapter angeordnet, welcher in einer Aufnahme der Knopfplatte anbringbar ist. Der Adapter besteht dabei vorzugsweise ganz oder teilweise aus Kunststoff. Durch die Verwendung eines Adapters ist es auch möglich, Vorrichtungen, welche nicht über elektrische Anschlussstellen verfügen, nachzurüsten. Außerdem kann die Knopfplatte selbst beispielsweise aus Metall gefertigt werden, um bessere Festigkeiten oder eine ansprechendere Optik zu erzielen, ohne dass es zwischen den elektrischen Anschlussstellen zu einem Kurzschluss kommen kann. Der Kunststoff, aus dem der Adapter dann besteht, ist einfach und preiswert in der Fertigung und weist die notwendigen elektrisch isolierenden Eigenschaften auf, um einen Kurzschluss zwischen den elektrischen Anschlussstellen zu vermeiden. </p><p id="p0010" num="0010">Eine einfache Möglichkeit, den Adapter vorzusehen, besteht darin, die elektrischen Leitungen, die zum Anschluss der elektrischen Anschlussstellen an die Spannungsquelle dienen, durch den Adapter zu führen und dann in elektrischen Kontakten zu verklemmen. Diese Kontakte können dann mittelbar oder unmittelbar die elektrischen Anschlussstellen bilden. Selbstverständlich ist es auch möglich, den Adapter um die elektrischen Leitungen herum durch Spritzgießen oder ähnliche Verfahren anzuformen. Der Adapter kann dann einfach an der Knopfplatte befestigt werden. 
<!-- EPO <DP n="7"/>-->
 Weitere Vorteile und Ausführungsbeispiele ergeben sich aus der nachfolgenden Beschreibung, den Unteransprüchen und den Zeichnungen. In den Figuren ist die Erfindung in einem Ausführungsbeispiel dargestellt. Es zeigen: </p><p id="p0011" num="0011">Fig. 1 : die einzelnen Bauteile einer erfindungsgemäßen Vorrichtung in </p><p id="p0012" num="0012"> Explosionsdarstellung, </p><p id="p0013" num="0013">Fig. 2: die Elemente aus Fig. 1 zusammengebaut perspektivisch von hinten, </p><p id="p0014" num="0014">Fig. 3 : die Elemente aus Fig. 2 in Seitenansicht, </p><p id="p0015" num="0015">Fig. 4: die Elemente aus Fig. 3 in Rückansicht, Fig. 5: die Elemente aus Fig. 1 bis 4 entlang des Schnitts B-B in Fig. </p><p id="p0016" num="0016"> 4, </p><p id="p0017" num="0017">Fig. 6: einen Ausschnitt bzgl. der elektrischen Anschlussstellen und </p><p id="p0018" num="0018"> Gegenanschlussstellen, </p><p id="p0019" num="0019">Fig. 7: die Elemente aus Fig. 4 in Draufsicht, </p><p id="p0020" num="0020">Fig. 8: die Elemente aus Fig. 7 in einem Schnitt gemäß D-D, Fig. 9: eine Vergrößerung aus Fig. 8 gemäß E. </p><p id="p0021" num="0021">Fig. 1 zeigt ein Ausführungsbeispiel der Vorrichtung 10 in Explosionsdarstellung. Man erkennt die Knopfplatte 12, welche eine Einschnürung 20 aufweist, wodurch die Knopfplatte 12 in ein Plattenknopfstück 21 und ein Plattenfußstück 22 geteilt wird. An der Knopfplatte 12 ist ein Kupplungsknopf 13 vorgesehen, welcher als Gegenkupplungsmittel 14 zum Kupplungsmittel 33 der Stangenplatte 31 dient. Die Stangenplatte 31 ist in 
<!-- EPO <DP n="8"/>-->
 diesem Ausführungsbeispiel als Element 30 ausgebildet. Die Einschnürung 20 befindet sich im Plattenumriss 17 der Knopfplatte 12. Sie ist in etwa U-förmig ausgebildet und bestimmt einen trapezförmigen inneren Umriss 24. Die Form dieses inneren Umrisses 24 wird später noch näher gezeigt werden. </p><p id="p0022" num="0022">Des Weiteren ist ein Adapter 41 erkennbar, an weichem die elektrischen Anschlussstellen 40 anordbar sind. Die elektrischen Anschlussstellen 40 sind hier als Kontakte 43 ausgebildet. Der Stangenplatte 31 ist ein Einsatz 35 zugeordnet, welcher hier vorzugsweise aus Kunststoff besteht. An diesem Einsatz 35 sind die elektrischen Gegenanschlussstellen 34 angeordnet. Der Einsatz 35 ist in diesem Ausführungsbeispiel auf die Stangenplatte 31 aufclipsbar. Die elektrischen Anschlussstellen 40 und die elektrischen Gegenanschlussstellen 34 sind so angeordnet, dass sie im Kupplungsfall 1 1 direkt automatisch miteinander in elektrisch kontaktwirksame Lage gebracht werden. </p><p id="p0023" num="0023">Außerdem ist noch sowohl am Adapter 41 als auch an dem Einsatz 35 jeweils eine Markierung 44 erkennbar, welche aussagt, an welcher der beiden elektrischen Anschlussstellen 40 bzw. elektrischen Gegenanschlussstellen 34 der elektrische Pluspol vorgesehen ist. Dies gilt selbstverständlich für die Verwendung von Gleichspannung. Bei Wechselspannung kann derart beispielsweise der spannungsführende Anschluss gekennzeichnet werden (Phase). </p><p id="p0024" num="0024">Die Fig. 2 bis 5 zeigen die Vorrichtung 10 im zusammengebauten Zustand. Man erkennt leicht, dass es sich um eine einfache und kompakte Bauweise handelt. Der Plattenumriss 1 7 der Knopfplatte 12 sowie der Außenumriss der Stangenplatte 31 sind hier in etwa quaderförmig gestaltet. Selbstverständlich ist es auch möglich, eine oder beide Platten 12, 31 anders geformt auszubilden, beispielsweise in Form eines Kreises, Ovals, Achtecks oder einer anderen Form. Insbesondere die Stangenplatte 31 kann äußerlich nahezu jede beliebige 
<!-- EPO <DP n="9"/>-->
 Form aufweisen, da es lediglich auf die innere Ausgestaltung mit den Klauen 32 ankommt, damit die Stangeplatte 31 mit der Knopfplatte 12 in die gewünschte Position gebracht werden kann. Fig. 5 zeigt wiederum die an der Knopfplatte 12 montierte Stangenplatte 31. Die in der Stangenplatte 3 1 gezeigten Bohrungen können dabei dazu dienen, eine Stange oder auch ein anderes Element, wie einen Warenträger oder Ähnliches, an der Stangenplatte 31 sicher zu befestigen. Fig. 6 zeigt das Zusammenwirken von Adapter 41 und Einsatz 35, um die elektrischen Anschlussstellen 40 mit den elektrischen Gegenanschlussstellen 34 in elektrisch kontaktwirksame Lage zu bringen. Die elektrischen Anschlussstellen 40 sind als Kontakte 43 ausgebildet, die in der in Fig. 6 gezeigten Lage automatisch gegen die elektrischen Gegenanschlussstellen 34 drücken und so den elektrischen Kontakt herstellen, über welchen die elektrisch betreibbaren Bauteile anschließbar sind. </p><p id="p0025" num="0025">Fig. 7 wiederum zeigt die erfindungsgemäße Vorrichtung 10 in Draufsicht. Auch im zusammengebauten Zustand ist von außen noch die Markierung 44 an der Knopfplatte 12 erkennbar, so dass ein elektrisch betreibbares Bauteil an einem Element 30, welches an die Stangenplatte 31 montiert werden soll, korrekt angebracht werden kann. </p><p id="p0026" num="0026">Aus den Fig. 8 und 9 wird nochmals der innere Aufbau der Vorrichtung 10 im Kupplungsfall 1 1 erkennbar. Man erkennt den trapezförmigen inneren Umriss 24 der Einschnürung 20 an der Knopfplatte 12. Die Trapez-Basis 25 befindet sich an der unteren Schmalseite der Knopfplatte 12, wobei die beiden Trapezschenkel 26 zwei zueinander gegensinnig geneigte Stützflächen 27 bilden. Die Klauen 32 der Stangenplatte 31 bilden ebenfalls zwei zueinander gegensinnig geneigt verlaufende Gegenstützflächen 36, welche im hier gezeigten Kupplungsfall 1 1 an den Stützflächen 27 zur Anlage kommen. Hierdurch ist die Montage zwischen Stangenplatte 3 1 und Knopfplatte 12 sehr 
<!-- EPO <DP n="10"/>-->
 einfach. Auch bei der Herstellung der Bauteile können gewisse Toleranzen akzeptiert werden. Trotzdem werden Knopfplatte 12 und Stangenplatte 31 sicher und fest aneinander gehaltert. Die Montage ist ohne zusätzliches Werkzeug möglich, was sie einerseits erleichtert und andererseits Montagefehler minimiert. </p><p id="p0027" num="0027">Man erkennt auch, dass auch hier automatisch die elektrischen Anschlussstellen 40 und die elektrischen Gegenanschlussstellen 34 in elektrisch kontaktwirksamer Lage sind. Die elektrischen Anschlussstellen 40 sind dabei als Kontakte 43 ausgebildet. </p><p id="p0028" num="0028">Abschließend sei noch darauf hingewiesen, dass es sich bei den hier gezeigten Darstellungen lediglich um beispielhafte Verwirklichungen der Erfindung handelt. Diese ist nicht darauf beschränkt. Es sind vielmehr noch Abänderungen und Abwandlungen möglich. 
<!-- EPO <DP n="11"/>-->
</p><p id="p0029" num="0029">B e z u g s z e i c h e n l i s t e : </p><p id="p0030" num="0030">Vorrichtung </p><p id="p0031" num="0031"> Kupplungsfall </p><p id="p0032" num="0032"> Knopfplatte </p><p id="p0033" num="0033"> Kupplungsknopf </p><p id="p0034" num="0034"> Gegenkupplungsmittel </p><p id="p0035" num="0035"> Rückseitige Plattenbreitseite von 12 </p><p id="p0036" num="0036"> Aufnahme </p><p id="p0037" num="0037"> Plattenumriss von 12 </p><p id="p0038" num="0038"> Einschnürung </p><p id="p0039" num="0039"> Plattenkopfstück </p><p id="p0040" num="0040"> Plattenfußstück </p><p id="p0041" num="0041"> Einschnürprofil </p><p id="p0042" num="0042"> Innerer Umriss von 20 </p><p id="p0043" num="0043"> Trapez-Basis von 24 </p><p id="p0044" num="0044"> Trapezschenkel </p><p id="p0045" num="0045"> Stützfläche </p><p id="p0046" num="0046"> Element </p><p id="p0047" num="0047"> Stangenplatte </p><p id="p0048" num="0048"> Klauen </p><p id="p0049" num="0049"> Kupplungsmittel </p><p id="p0050" num="0050"> Elektrische Gegenanschlussstellen </p><p id="p0051" num="0051"> Einsatz </p><p id="p0052" num="0052"> Gegenstützfläche </p><p id="p0053" num="0053"> Elektrische Anschlussstellen </p><p id="p0054" num="0054"> Adapter </p><p id="p0055" num="0055"> Kontakt </p><p id="p0056" num="0056"> Markierung 
</p></description><claims mxw-id="PCLM44727502" ref-ucid="WO-2012113528-A1" lang="DE" load-source="patent-office"><claim id="clm-0001" num="0001"><!-- EPO <DP n="12"/>--><claim-text> P a t e n t a n s p r ü c h e : </claim-text><claim-text>Vorrichtung (10) zum lösbaren Befestigen eines Elements (30) an einer Wand, einem Möbelstück, einer Säule, einer Holz- bzw. Glasplatte od. dgl-, mit einer Stangenplatte (31), die am Element (30) angeordnet ist oder dieses bildet, wobei die Stangenplatte (31) über mindestens zwei Klauen (32) verfügt, welche wenigstens ein Kupplungsmittel (33) bilden, wobei die Klauen (32) insbesondere zueinander gegenseitig geneigt ausgebildet sind, wobei ein an der Wand befestigbarer Kupplungsknopf (13) vorgesehen ist, der eine Knopfplatte (12) und ein oder mehrere Gegenkupplungsmittel (14) aufweist, die bei der Montage mit dem oder den Kupplungsmitteln (33) des Elements (30) in Wirkverbindung bringbar sind, wobei der Plattenumriss (17) der Knopfplatte (12) wenigstens eine Einschnürung (20) aufweist, die ein Gegenkupplungsmittel (14) bildet und wobei die Einschnürung (20) die Knopfplatte (12) in ein Plattenkopfstück (21) und ein Plattenfußstück (22) gliedert, d a d u r c h g e k e n n z e i c h n e t , dass an der Knopfplatte (12) elektrische Anschlussstellen (40) vorgesehen sind, insbesondere im Bereich der Einschnürung (20), welche mit einer Spannungsquelle verbindbar sind, dass die Stangenplatte (31) elektrische Gegenanschlussst eilen (34) aufweist, über welche ein oder mehrere an der Stangenplatte (31) anbringbare, elektrisch betreibbare Bauteile anschließbar sind, 
<!-- EPO <DP n="13"/>-->
 und dass die elektrischen Anschlussstellen (40) und die elektrischen Gegenanschlussstellen (34) so angeordnet sind, dass im Kupplungsfall</claim-text><claim-text>(1 1 ) diese automatisch miteinander in elektrisch kontaktwirksame Lage gebracht werden. </claim-text><claim-text>Vorrichtung nach Anspruch 1 , dadurch gekennzeichnet, dass als Element (30) an der Stangenplatte (31 ) eine Stange vorgesehen ist, die zum Aufhängen von Waren und/oder zur Halterung eines Warenträgers verwendbar ist und dass die Stangenplatte (3 1 ) an dem wandseitigen Ende der Stange angeordnet ist, wobei die Stange und die Stangenplatte (31) miteinander einstückig oder mehrteilig ausgebildet sind. </claim-text><claim-text>Vorrichtung nach einem der Ansprüche 1 oder 2, dadurch gekennzeichnet, dass die Knopfplatte (12) im Kupplungsfall (1 1 ) mit ihrer rückseitigen Plattenbreitseite (15) an der Wand anliegt, wobei insbesondere ein Konterstück vorgesehen ist, welches die Knopfplatte</claim-text><claim-text>(12) an der Wand von der der Knopfplatte (12) abgewandten Seite der Wand her haltert. </claim-text><claim-text>Vorrichtung nach einem der Ansprüche 1 bis 3, dadurch gekennzeichnet, dass die elektrischen Anschlussstellen (40) in einem Adapter (41 ) angeordnet sind, welcher in einer Aufnahme (16) der Knopfplatte (12) anbringbar ist, wobei der Adapter (41) vorzugsweise ganz oder teilweise aus Kunststoff besteht. </claim-text><claim-text>Vorrichtung nach Anspruch 4, dadurch gekennzeichnet, dass die elektrischen Leitungen, die zum Anschluss der elektrischen Anschlussstellen (40) an die Spannungsquelle dienen, durch den Adapter (41 ) geführt und dort in Kontakten (43) verklemmt werden, die mittelbar oder unmittelbar die elektrischen Anschlussstellen (40) bilden. 
<!-- EPO <DP n="14"/>-->
</claim-text><claim-text>6. Vorrichtung nach einem der Ansprüche 1 bis 5, dadurch gekennzeichnet, dass an der Stangenplatte (31) ein Einsatz (35), insbesondere aus Kunststoff vorgesehen ist, an welchem die elektrischen Gegenanschlussstellen (34) angeordnet sind, wobei der Einsatz (35) vorzugsweise auf die Stangenplatte (31 ) aufsteckbar oder anclipsbar ist. </claim-text><claim-text>7. Vorrichtung nach einem der Ansprüche 1 bis 6, dadurch gekennzeichnet, dass die Einschnürung (20) ein U-förmiges Einschnürprofil (23) aufweist, und einen trapezförmigen inneren Umriss (24) bestimmt, dessen Trapez-Basis (25) sich an der unteren Schmalseite der Knopfplatte (12) befindet, wobei die beiden Trapezschenkel (26) zwei zueinander gegensinnig geneigte Stützflächen (27) bilden, wobei die Klauen (32) zwei zueinander gegensinnig geneigt verlaufende Gegenstützflächen (36) bilden, wobei im Kupplungsfall (1 1) die Gegenstützflächen (36) an den Stützflächen (27) zur Anlage kommen. </claim-text><claim-text>8. Vorrichtung nach einem der Ansprüche 1 bis 7 dadurch gekennzeichnet, dass die Vorrichtung (10) mit Niederspannung bzw. Schwachstrom betrieben wird. </claim-text><claim-text>9. Vorrichtung nach einem der Ansprüche 1 bis 8, dadurch gekennzeichnet, dass an der Knopfplatte (12) und/oder am Adapter (41 ) und/oder an der Stangenplatte (31 ) und/oder am Einsatz (35) wenigstens eine Markierung (44) vorgesehen ist, die die Polarität der elektrischen Anschlussstellen (40) angibt. </claim-text><claim-text>10. Vorrichtung nach einem der Ansprüche 1 bis 9, dadurch gekennzeichnet, dass die Knopfplatte (12) verdrehsicher an der Wand halterbar ist. 
</claim-text></claim></claims><copyright>User acknowledges that Fairview Research LLC and its third party providers retain all right, title and interest in and to this xml under applicable copyright laws.  User acquires no ownership rights to this xml including but not limited to its format.  User hereby accepts the terms and conditions of the Licence Agreement</copyright></patent-document>
