<?xml version="1.0" encoding="UTF-8"?>
<patent-document ucid="EP-2681090-A1" country="EP" doc-number="2681090" kind="A1" date="20140108" family-id="43824921" file-reference-id="314654" date-produced="20180823" status="corrected" lang="EN"><bibliographic-data><publication-reference fvid="146586678" ucid="EP-2681090-A1"><document-id><country>EP</country><doc-number>2681090</doc-number><kind>A1</kind><date>20140108</date><lang>EN</lang></document-id></publication-reference><application-reference ucid="EP-12718089-A" is-representative="NO"><document-id mxw-id="PAPP154848870" load-source="docdb" format="epo"><country>EP</country><doc-number>12718089</doc-number><kind>A</kind><date>20120131</date><lang>EN</lang></document-id><document-id mxw-id="PAPP214535166" load-source="docdb" format="original"><country>EP</country><doc-number>12718089.1</doc-number><date>20120131</date></document-id></application-reference><priority-claims><priority-claim mxw-id="PPC140554004" ucid="EP-2012051487-W" linkage-type="W" load-source="docdb"><document-id format="epo"><country>EP</country><doc-number>2012051487</doc-number><kind>W</kind><date>20120131</date></document-id></priority-claim><priority-claim mxw-id="PPC140557440" ucid="GB-201101705-A" load-source="docdb"><document-id format="epo"><country>GB</country><doc-number>201101705</doc-number><kind>A</kind><date>20110201</date></document-id></priority-claim></priority-claims><technical-data><classifications-ipcr><classification-ipcr mxw-id="PCL1989317748" load-source="docdb">B60W  30/20        20060101ALI20120820BHEP        </classification-ipcr><classification-ipcr mxw-id="PCL1989318809" load-source="docdb">B60W  10/08        20060101ALI20120820BHEP        </classification-ipcr><classification-ipcr mxw-id="PCL1989320138" load-source="docdb">B60W  20/00        20060101AFI20120820BHEP        </classification-ipcr><classification-ipcr mxw-id="PCL1989320375" load-source="docdb">B60W  10/02        20060101ALI20120820BHEP        </classification-ipcr><classification-ipcr mxw-id="PCL1989321463" load-source="docdb">B60W  10/06        20060101ALI20120820BHEP        </classification-ipcr></classifications-ipcr><classifications-cpc><classification-cpc mxw-id="PCL-1623805845" load-source="docdb" scheme="CPC">B60W  20/00        20130101 LI20180626BHEP        </classification-cpc><classification-cpc mxw-id="PCL-1758553080" load-source="docdb" scheme="CPC">B60W  20/40        20130101 LI20171004BHEP        </classification-cpc><classification-cpc mxw-id="PCL-1758553081" load-source="docdb" scheme="CPC">B60W  20/20        20130101 FI20171004BHEP        </classification-cpc><classification-cpc mxw-id="PCL-1833766567" load-source="docdb" scheme="CPC">Y02T  10/6286      20130101 LA20170329BHEP        </classification-cpc><classification-cpc mxw-id="PCL-1833766568" load-source="docdb" scheme="CPC">Y02T  10/6252      20130101 LA20170329BHEP        </classification-cpc><classification-cpc mxw-id="PCL-1833766569" load-source="docdb" scheme="CPC">B60W2710/085       20130101 LA20170329BHEP        </classification-cpc><classification-cpc mxw-id="PCL-1833766570" load-source="docdb" scheme="CPC">B60W2710/083       20130101 LA20170329BHEP        </classification-cpc><classification-cpc mxw-id="PCL-1833766571" load-source="docdb" scheme="CPC">B60W2710/0666      20130101 LA20170329BHEP        </classification-cpc><classification-cpc mxw-id="PCL-1833766572" load-source="docdb" scheme="CPC">B60W2710/0644      20130101 LA20170329BHEP        </classification-cpc><classification-cpc mxw-id="PCL-1833766573" load-source="docdb" scheme="CPC">B60W2710/023       20130101 LA20170329BHEP        </classification-cpc><classification-cpc mxw-id="PCL-1833766574" load-source="docdb" scheme="CPC">B60W2540/10        20130101 LA20170329BHEP        </classification-cpc><classification-cpc mxw-id="PCL-1833766575" load-source="docdb" scheme="CPC">B60W  30/20        20130101 LI20170329BHEP        </classification-cpc><classification-cpc mxw-id="PCL-1833766577" load-source="docdb" scheme="CPC">B60K2006/4825      20130101 LA20170329BHEP        </classification-cpc><classification-cpc mxw-id="PCL2007296050" load-source="docdb" scheme="CPC">B60W  10/08        20130101 LI20140201BHEP        </classification-cpc><classification-cpc mxw-id="PCL2007296051" load-source="docdb" scheme="CPC">B60W  10/02        20130101 LI20140201BHEP        </classification-cpc><classification-cpc mxw-id="PCL2007296052" load-source="docdb" scheme="CPC">B60W  10/06        20130101 LI20140201BHEP        </classification-cpc><classification-cpc mxw-id="PCL2007296053" load-source="docdb" scheme="CPC">B60W2600/00        20130101 LA20140123BHEP        </classification-cpc><classification-cpc mxw-id="PCL2007296054" load-source="docdb" scheme="CPC">Y10S 903/93        20130101 LA20140123BHEP        </classification-cpc></classifications-cpc><invention-title mxw-id="PT132364667" lang="DE" load-source="patent-office">STEUERUNG EINES ELEKTRISCHEN HYBRIDFAHRZEUGS UND VERFAHREN ZUR STEUERUNG EINES ELEKTRISCHEN HYBRIDFAHRZEUGS</invention-title><invention-title mxw-id="PT132364668" lang="EN" load-source="patent-office">HYBRID ELECTRIC VEHICLE CONTROLLER AND METHOD OF CONTROLLING A HYBRID ELECTRIC VEHICLE</invention-title><invention-title mxw-id="PT132364669" lang="FR" load-source="patent-office">SYSTÈME DE COMMANDE DE VÉHICULE ÉLECTRIQUE HYBRIDE ET PROCÉDÉ DE COMMANDE D'UN VÉHICULE ÉLECTRIQUE HYBRIDE</invention-title></technical-data><parties><applicants><applicant mxw-id="PPAR919543287" load-source="docdb" sequence="1" format="epo"><addressbook><last-name>JAGUAR LAND ROVER LTD</last-name><address><country>GB</country></address></addressbook></applicant><applicant mxw-id="PPAR919545220" load-source="docdb" sequence="1" format="intermediate"><addressbook><last-name>JAGUAR LAND ROVER LIMITED</last-name></addressbook></applicant><applicant mxw-id="PPAR919011772" load-source="patent-office" sequence="1" format="original"><addressbook><last-name>Jaguar Land Rover Limited</last-name><iid>101413529</iid><address><street>Abbey Road Whitley</street><city>Coventry, Warwickshire CV3 4LF</city><country>GB</country></address></addressbook></applicant></applicants><inventors><inventor mxw-id="PPAR919520080" load-source="docdb" sequence="1" format="epo"><addressbook><last-name>HANCOCK MATTHEW</last-name><address><country>GB</country></address></addressbook></inventor><inventor mxw-id="PPAR919532577" load-source="docdb" sequence="1" format="intermediate"><addressbook><last-name>HANCOCK, MATTHEW</last-name></addressbook></inventor><inventor mxw-id="PPAR919017746" load-source="patent-office" sequence="1" format="original"><addressbook><last-name>HANCOCK, MATTHEW</last-name><address><street>Jaguar Land Rover Patents Department (W/1/073) Abbey Road Whitley</street><city>Coventry Warwickshire CV3 4LF</city><country>GB</country></address></addressbook></inventor><inventor mxw-id="PPAR919516852" load-source="docdb" sequence="2" format="epo"><addressbook><last-name>VILLEGAS JAVIER</last-name><address><country>GB</country></address></addressbook></inventor><inventor mxw-id="PPAR919516816" load-source="docdb" sequence="2" format="intermediate"><addressbook><last-name>VILLEGAS, Javier</last-name></addressbook></inventor><inventor mxw-id="PPAR919007794" load-source="patent-office" sequence="2" format="original"><addressbook><last-name>VILLEGAS, Javier</last-name><address><street>Jaguar Land Rover Patents Department (W/1/073) Abbey Road Whitley</street><city>Coventry Warwickshire CV3 4LF</city><country>GB</country></address></addressbook></inventor></inventors><agents><agent mxw-id="PPAR919007746" load-source="patent-office" sequence="1" format="original"><addressbook><last-name>Rogers, Ivan Mark</last-name><iid>101405147</iid><address><street>Jaguar Land Rover Limited Patents Department W/1/073 Abbey Road</street><city>Whitley, Coventry CV3 4LF</city><country>GB</country></address></addressbook></agent></agents></parties><international-convention-data><pct-or-regional-filing-data ucid="EP-2012051487-W"><document-id><country>EP</country><doc-number>2012051487</doc-number><kind>W</kind><date>20120131</date><lang>EN</lang></document-id></pct-or-regional-filing-data><pct-or-regional-publishing-data ucid="WO-2012104267-A1"><document-id><country>WO</country><doc-number>2012104267</doc-number><kind>A1</kind><date>20120809</date><lang>EN</lang></document-id></pct-or-regional-publishing-data><designated-states><ep-contracting-states><country mxw-id="DS549842986" load-source="docdb">AL</country><country mxw-id="DS549763843" load-source="docdb">AT</country><country mxw-id="DS549842987" load-source="docdb">BE</country><country mxw-id="DS549857602" load-source="docdb">BG</country><country mxw-id="DS549843536" load-source="docdb">CH</country><country mxw-id="DS549842988" load-source="docdb">CY</country><country mxw-id="DS549763484" load-source="docdb">CZ</country><country mxw-id="DS549843748" load-source="docdb">DE</country><country mxw-id="DS549842989" load-source="docdb">DK</country><country mxw-id="DS549842994" load-source="docdb">EE</country><country mxw-id="DS549916031" load-source="docdb">ES</country><country mxw-id="DS549857603" load-source="docdb">FI</country><country mxw-id="DS549857604" load-source="docdb">FR</country><country mxw-id="DS549843749" load-source="docdb">GB</country><country mxw-id="DS549842995" load-source="docdb">GR</country><country mxw-id="DS549843754" load-source="docdb">HR</country><country mxw-id="DS549763489" load-source="docdb">HU</country><country mxw-id="DS549843537" load-source="docdb">IE</country><country mxw-id="DS549842996" load-source="docdb">IS</country><country mxw-id="DS549857605" load-source="docdb">IT</country><country mxw-id="DS549842997" load-source="docdb">LI</country><country mxw-id="DS549843755" load-source="docdb">LT</country><country mxw-id="DS549763844" load-source="docdb">LU</country><country mxw-id="DS549857610" load-source="docdb">LV</country><country mxw-id="DS549843756" load-source="docdb">MC</country><country mxw-id="DS549763853" load-source="docdb">MK</country><country mxw-id="DS549763854" load-source="docdb">MT</country><country mxw-id="DS549857611" load-source="docdb">NL</country><country mxw-id="DS549843542" load-source="docdb">NO</country><country mxw-id="DS549857612" load-source="docdb">PL</country><country mxw-id="DS549916032" load-source="docdb">PT</country><country mxw-id="DS549843757" load-source="docdb">RO</country><country mxw-id="DS549916033" load-source="docdb">RS</country><country mxw-id="DS549857613" load-source="docdb">SE</country><country mxw-id="DS549774667" load-source="docdb">SI</country><country mxw-id="DS549843543" load-source="docdb">SK</country><country mxw-id="DS549843544" load-source="docdb">SM</country><country mxw-id="DS549843002" load-source="docdb">TR</country></ep-contracting-states></designated-states></international-convention-data><office-specific-data><eptags><ep-no-a-document-published>*</ep-no-a-document-published></eptags></office-specific-data></bibliographic-data><abstract mxw-id="PA98921391" ref-ucid="WO-2012104267-A1" lang="EN" load-source="patent-office"><p num="0000">The invention relates to control means (140) for a hybrid electric vehicle operable to control an engine (121) and a motor (123) of a vehicle to deliver motive torque to drive a vehicle. During transition from a first mode in which the engine (121) is disconnected from the driveline to a second mode in which the engine (121) is connected to the driveline, the control means (140) controls rotation of the engine (121) by means of a speed control means towards a target engine speed and controls a clutch (122) to transition between a disconnected condition and a connected condition thereby to connect the engine (121) to the driveline. The control means (140) is further configured to ramp an amount of torque delivered by the engine (121) towards an engine target torque split value, and to ramp an amount of torque delivered by the motor (123) towards a motor target torque split value whilst retaining a total drive torque value provided to the vehicle substantially equal to a driver demanded torque, wherein the target engine speed is a speed greater than a speed at which the engine (121) would rotate with a clutch (122) in the connected condition.</p></abstract><abstract mxw-id="PA99093744" ref-ucid="WO-2012104267-A1" lang="EN" source="national office" load-source="docdb"><p>The invention relates to control means (140) for a hybrid electric vehicle operable to control an engine (121) and a motor (123) of a vehicle to deliver motive torque to drive a vehicle. During transition from a first mode in which the engine (121) is disconnected from the driveline to a second mode in which the engine (121) is connected to the driveline, the control means (140) controls rotation of the engine (121) by means of a speed control means towards a target engine speed and controls a clutch (122) to transition between a disconnected condition and a connected condition thereby to connect the engine (121) to the driveline. The control means (140) is further configured to ramp an amount of torque delivered by the engine (121) towards an engine target torque split value, and to ramp an amount of torque delivered by the motor (123) towards a motor target torque split value whilst retaining a total drive torque value provided to the vehicle substantially equal to a driver demanded torque, wherein the target engine speed is a speed greater than a speed at which the engine (121) would rotate with a clutch (122) in the connected condition.</p></abstract><abstract mxw-id="PA98921392" ref-ucid="WO-2012104267-A1" lang="FR" load-source="patent-office"><p num="0000">L'invention concerne un moyen de commande (140) pour un véhicule électrique hybride, permettant de commander un moteur thermique (121) et un moteur électrique (123) d'un véhicule pour fournir un couple moteur pour entraîner un véhicule. Lors du passage d'un premier mode dans lequel le moteur thermique (121) est désaccouplé de la chaîne cinématique à un second mode dans lequel le moteur thermique (121) est accouplé à la chaîne cinématique, le moyen de commande (140) commande la rotation du moteur thermique (121) à l'aide d'un moyen de commande de vitesse pour atteindre une vitesse cible de moteur thermique et commande un embrayage (122) pour passer d'un état désaccouplé à un état accouplé et accoupler ainsi le moteur thermique (121) à la chaîne cinématique. Le moyen de commande (140) est en outre configuré pour élever une quantité de couple fourni par le moteur thermique (121) jusqu'à une valeur divisée de couple cible de moteur thermique, et pour élever une quantité de couple fourni par le moteur électrique (123) jusqu'à une valeur divisée de couple cible de moteur électrique tout en maintenant une valeur totale de couple d'entraînement fourni au véhicule sensiblement égale à un couple demandé par le conducteur. La vitesse cible de moteur thermique correspond à une vitesse supérieure à une vitesse à laquelle le moteur thermique (121) tournerait si un embrayage (122) se trouvait à l'état accouplé.</p></abstract><abstract mxw-id="PA99093745" ref-ucid="WO-2012104267-A1" lang="FR" source="national office" load-source="docdb"><p>L'invention concerne un moyen de commande (140) pour un véhicule électrique hybride, permettant de commander un moteur thermique (121) et un moteur électrique (123) d'un véhicule pour fournir un couple moteur pour entraîner un véhicule. Lors du passage d'un premier mode dans lequel le moteur thermique (121) est désaccouplé de la chaîne cinématique à un second mode dans lequel le moteur thermique (121) est accouplé à la chaîne cinématique, le moyen de commande (140) commande la rotation du moteur thermique (121) à l'aide d'un moyen de commande de vitesse pour atteindre une vitesse cible de moteur thermique et commande un embrayage (122) pour passer d'un état désaccouplé à un état accouplé et accoupler ainsi le moteur thermique (121) à la chaîne cinématique. Le moyen de commande (140) est en outre configuré pour élever une quantité de couple fourni par le moteur thermique (121) jusqu'à une valeur divisée de couple cible de moteur thermique, et pour élever une quantité de couple fourni par le moteur électrique (123) jusqu'à une valeur divisée de couple cible de moteur électrique tout en maintenant une valeur totale de couple d'entraînement fourni au véhicule sensiblement égale à un couple demandé par le conducteur. La vitesse cible de moteur thermique correspond à une vitesse supérieure à une vitesse à laquelle le moteur thermique (121) tournerait si un embrayage (122) se trouvait à l'état accouplé.</p></abstract><description mxw-id="PDES50026432" ref-ucid="WO-2012104267-A1" lang="EN" load-source="patent-office"><!-- EPO <DP n="2"/>--><p id="p0001" num="0001"> HYBRID ELECTRIC VEHICLE CONTROLLER AND METHOD OF CONTROLLING A</p><p id="p0002" num="0002">HYBRID ELECTRIC VEHICLE </p><p id="p0003" num="0003">FIELD OF THE INVENTION </p><p id="p0004" num="0004">The present invention relates to a controller and a method of controlling a hybrid electric vehicle (HEV). In particular but not exclusively the invention relates to a controller and a method of controlling a parallel-type HEV during a transition from an electric vehicle (EV) mode of operation to a parallel mode. </p><p id="p0005" num="0005">BACKGROUND </p><p id="p0006" num="0006">It is known to provide a hybrid electric vehicle (HEV) having an electric machine and an internal combustion engine (ICE) connected in parallel to a driveline of the vehicle. </p><p id="p0007" num="0007">The vehicle may be operated in an electric vehicle (EV) mode in which torque to the driveline is provided exclusively by the electric machine. Alternatively the vehicle may be operated in a parallel mode in which torque is provided to the driveline by the ICE and electric machine. </p><p id="p0008" num="0008">It is desirable to provide a HEV having improved drivability. It is also desirable to provide a HEV having improved noise, vibration and harshness (NVH) performance in respect of the transition from the EV mode to the parallel mode of operation. </p><p id="p0009" num="0009">That is, it is desirable to provide a HEV having improved smoothness in the transition from EV to parallel mode. Smoothness can be compromised by fluctuations in vehicle rate of acceleration and/or speed when the transition is made, such as jerk or the like. It is further desirable to provide a HEV operable to transition from the EV mode to the parallel mode in a reduced time period. </p><p id="p0010" num="0010">STATEMENT OF THE INVENTION </p><p id="p0011" num="0011">Embodiments of the invention may be understood by reference to the appended claims. Aspects of the invention provide a controller, a motor vehicle and a method as claimed in the appended claims. 
<!-- EPO <DP n="3"/>-->
 In another aspect of the invention for which protection is sought there is provided control means for a hybrid electric vehicle (HEV) operable to control first and second actuators of a vehicle to deliver motive torque to drive a vehicle, </p><p id="p0012" num="0012"> the control means being operable to control a vehicle to transition between a first mode in which a first actuator is substantially disconnected from a driveline of a vehicle and a second actuator delivers motive torque to drive a vehicle and a second mode in which a first actuator is connected to a driveline by means of a releasable torque transmitting means and the control means controls first and second actuators to deliver respective first and second actuator target torque split values to drive a vehicle thereby to provide a driver demanded drive torque , </p><p id="p0013" num="0013"> when a transition from the first mode to the second mode is required the control means being configured to control rotation of a first actuator by means of a speed control means towards a target first actuator speed and to control a releasable torque transmitting means to transition between an actuator disconnected condition and an actuator connected condition thereby to connect a first actuator to a driveline, </p><p id="p0014" num="0014"> the control means being further configured to ramp an amount of torque delivered by a first actuator towards a first actuator target torque split value, and to ramp an amount of torque delivered by a second actuator towards a second actuator target torque split value whilst retaining a total drive torque value provided to a vehicle substantially equal to a driver demanded torque, </p><p id="p0015" num="0015"> wherein the target first actuator speed is a speed greater than a speed at which a first actuator would rotate with a releasable torque transmitting means in the actuator connected condition. </p><p id="p0016" num="0016">Thus an amount of torque delivered from a first actuator as demanded by the speed control means may be blended with the target first actuator torque split value. The first actuator torque split value which may be determined by the control means according to an energy management program or protocol (EMP) to obtain optimum vehicle performance. </p><p id="p0017" num="0017">That is, the torque value demanded by the speed control means may be blended with the first actuator target torque split value such that the amount of torque provided by a first actuator changes from the value demanded by the speed control means to the first actuator target torque split value (or EMP value) over a period of time. 
<!-- EPO <DP n="4"/>-->
 Furthermore, the target rotational speed of the first actuator is set to a value greater than a speed at which the first actuator would rotate if connected to a driveline, being the expected speed of the first actuator when the releasable torque transmitting means is in the actuator connected condition. This feature results in a significant increase in a speed with which a first actuator may reach a speed at which the releasable torque transmitting means may assume an actuator connected condition. Furthermore, it reduces a difference between an amount of torque generated by a first actuator and the first actuator target torque split value at the moment the releasable torque transmitting means assumes the actuator connected condition. </p><p id="p0018" num="0018">Embodiments of the invention have the advantage that a more smooth transition from the first mode to the second mode may be made, enhancing a noise, vibration and harshness (NVH) performance of a vehicle. It is to be understood that a HEV controlled by control means according to the present invention is not restricted to having only first and second actuators. The HEV may have more than two actuators. </p><p id="p0019" num="0019">It is to be further understood that the first and second actuator torque values may be determined by the control means. </p><p id="p0020" num="0020">In an embodiment the control means is configured to ramp an amount of torque delivered by a first actuator to become equal to the first actuator target torque split value and to adjust an amount of torque delivered by a second actuator to become equal to the second actuator target torque split value once a releasable torque transmitting means has assumed an actuator connected condition. </p><p id="p0021" num="0021">It is to be understood that the first and second target torque split values may change responsive to driver torque demand. Furthermore, the target first actuator speed may also change responsive to driver torque demand. </p><p id="p0022" num="0022">In an embodiment the control means is configured to control an amount of motive torque delivered by a second actuator during the course of a transition of a releasable torque transmitting means between an actuator disconnected condition and an actuator connected condition such that a total drive torque delivered by first and second actuators remains substantially equal to a value of a driver demanded torque. 
<!-- EPO <DP n="5"/>-->
 This feature has the advantage that as a first actuator is connected to a driveline and begins to make a contribution to the net amount of torque delivered to a driveline by first and second actuators, this contribution may be compensated for by the second actuator in maintaining the total torque delivered to the driveline substantially equal to the driver demanded torque. It is to be understood that for a given value of driver demanded torque, an amount of torque delivered by a second actuator will typically decrease as a first actuator is connected to a driveline and delivers drive torque thereto. In an embodiment when a transition from the first mode to the second mode is required a speed control means is controlled to control a speed of rotation of a first actuator to approach a target speed. </p><p id="p0023" num="0023">In an embodiment the control means is further configured to control a first actuator to maintain a speed of rotation thereof substantially equal to a speed at which a first actuator would rotate when in the actuator connected condition whilst a releasable torque transmitting means transitions from an actuator disconnected condition to an actuator connected condition. The control means may be configured to control a releasable torque transmitting means to assume an actuator connected condition when a speed of a first actuator is substantially equal to a speed at which a first actuator would rotate with a releasable torque transmitting means in an actuator connected condition. Thus in some embodiments as a first actuator increases in speed towards the first actuator target speed, when a first actuator speed is equal to the speed at which a first actuator would rotate with a releasable torque transmitting means in the actuator connected condition a releasable torque transmitting means is controlled to assume the actuator connected condition. Since the target speed of a first actuator is greater than the speed at which a first actuator would rotate with a releasable torque transmitting means in the actuator connected condition, a releasable torque transmitting means may be controlled to assume the actuator connected condition as the speed of a first actuator passes through that speed as it increases towards the target speed. It is to be understood that whilst the control means is configured to control a first actuator to achieve and maintain a target speed greater than the speed at which a first 
<!-- EPO <DP n="6"/>-->
 actuator would rotate with a releasable torque transmitting means in the actuator connected condition, the actual speed of rotation of a first actuator may not actually attain the target speed. This may be due for example to a torque loading on the first actuator as the releasable torque transmitting means transitions from the actuator disconnected condition to the actuator connected condition. Thus the torque loading experienced by the first actuator may be sufficiently high to prevent the speed of rotation of the first actuator from achieving the target speed even though the control means is providing a control signal to increase the speed of rotation of the first actuator towards the target speed in an attempt to achieve this speed. The control signal to increase the speed of rotation of the first actuator may for example be a control signal indicating an amount of torque to be delivered by a first actuator. The failure to achieve the required rotational speed of the first actuator may be due at least in part to the speed at which the releasable torque transmitting means transitions from the actuator disconnected condition to the actuator connected condition. In other words the first actuator may not have sufficient time to achieve the target speed due to the relatively high rate at which a torque loading is applied thereto as the releasable torque transmitting means transitions from the actuator disconnected condition to the actuator connected condition. </p><p id="p0024" num="0024">Embodiments of the invention have the advantage that when the releasable torque transmitting means has fully assumed the actuator connected condition, the amount of torque delivered to the driveline by the first actuator is more likely to be closer to the first actuator target torque split value. </p><p id="p0025" num="0025">In an embodiment, when a transition from a first mode to a second mode is required the control means is configured to control a speed of rotation of a first actuator by means of a speed control means until a releasable torque transmitting means is in an actuator connected condition. </p><p id="p0026" num="0026">In an embodiment when an amount of torque delivered by a first actuator is ramped from a value demanded by a speed control means to a first actuator target torque split value according to a ramp function, wherein the ramp function comprises one selected from a substantially linear function and a substantially non-linear function. 
<!-- EPO <DP n="7"/>-->
 In an embodiment the ramp function is responsive to a value of a driver demanded torque. In an embodiment the ramp function is arranged to increase the rate at which the amount of torque delivered by the first actuator is ramped from the value demanded by the speed control means to the first actuator target torque split value as the amount of driver demanded torque increases. This has the advantage that the transition from the first mode to the second mode occurs more quickly when a driver is demanding greater torque, thereby increasing a drivability of the vehicle. </p><p id="p0027" num="0027">Optionally the ramp function is arranged to increase a rate at which an amount of torque delivered by a first actuator is ramped from the value demanded by the speed control means to the first actuator target torque split value responsive to a value of driver demanded torque. </p><p id="p0028" num="0028">In an embodiment the control means is configured to ramp an amount of torque delivered by a first actuator at a rate corresponding to a rate of change of a first actuator target torque split value, the rate of change of torque delivered by a first actuator being offset from that of the first actuator target torque split value thereby to cause convergence of an amount of torque delivered by a first actuator towards the first actuator target torque split value. </p><p id="p0029" num="0029">It is to be understood that if the amount of torque delivered by the first actuator is ramped at the same rate as the rate of change of the first actuator target torque split value the first actuator torque value may 'track' the first actuator target torque split value, i.e. it may rise and fall in a corresponding manner but a difference between the torque values will remain unchanged. Thus in some embodiments of the invention the amount of torque delivered by a first actuator is changed in a manner so as to track the first actuator target torque split value but with an offset thereby to cause convergence. Thus the amount of torque delivered by the first actuator is arranged to change at a rate different from the first actuator target torque split value in such a manner as to cause convergence of the amount of torque delivered by the first actuator towards the first actuator target torque split value. 
<!-- EPO <DP n="8"/>-->
 Optionally the control means may be configured to determine the first and second target torque split values according to an energy management protocol based on one or more vehicle parameters. </p><p id="p0030" num="0030">In one aspect of the invention for which protection is sought there is provided a hybrid electric vehicle comprising control means according to a preceding aspect. </p><p id="p0031" num="0031">In an embodiment the first actuator comprises an internal combustion engine, the second actuator comprises an electric machine and the releasable torque transmitting means comprises clutch means. </p><p id="p0032" num="0032">In a further aspect of the invention for which protection is sought there is provided a method of controlling a hybrid electric vehicle to deliver motive torque to drive a vehicle by means of first and second actuators, the method comprising: </p><p id="p0033" num="0033"> controlling the vehicle to transition between a first mode in which the first actuator is substantially disconnected from a driveline of a vehicle and a second actuator delivers motive torque to drive a vehicle, and </p><p id="p0034" num="0034"> a second mode in which the first actuator is connected to the driveline by means of a releasable torque transmitting means and the control means controls the first and second actuators to deliver respective first and second actuator target torque split values to drive the vehicle thereby to provide a driver demanded drive torque, </p><p id="p0035" num="0035"> when a transition from the first mode to the second mode is required the method comprising controlling rotation of the first actuator by means of a speed control means towards a target rotational speed and controlling the releasable torque transmitting means to transition between an actuator disconnected condition and an actuator connected condition thereby to connect the first actuator to the driveline, </p><p id="p0036" num="0036"> the method further comprising ramping an amount of torque delivered by the first actuator from a value demanded by the speed control means to the first actuator target torque split value, and ramping an amount of torque delivered by the second actuator from a current value to the second actuator target torque split value whilst retaining a total drive torque value provided to drive a vehicle substantially equal to the driver demanded torque, </p><p id="p0037" num="0037"> whereby the target first actuator speed is a speed greater than a speed at which the first actuator would rotate with a releasable torque transmitting means in the actuator connected condition. 
<!-- EPO <DP n="9"/>-->
 In an aspect of the invention there is provided a hybrid electric vehicle (HEV) comprising: first and second actuators; a driveline, the first and second actuators being operable to deliver torque to the driveline; and releasable torque transmitting means operable releasably to couple the first actuator to the driveline, the releasable torque transmitting means being operable between a first condition in which the first actuator is substantially disconnected from the driveline and a second condition in which the first actuator is substantially connected to the driveline, the vehicle having control means operable to control the vehicle to transition between a first mode in which the releasable torque transmitting means is in the first condition and a second mode in which the releasable torque transmitting means is in the second condition, in the first mode the control means being arranged to control the second actuator to deliver a torque to the driveline corresponding to a value of driver demanded torque, in the second mode the control means being arranged to control the first and second actuators to deliver respective first and second actuator torques determined according to an energy management program (EMP) thereby to provide the driver demanded torque to the driveline, when a transition from the first mode to the second mode is required the control means being configured to control rotation of the first actuator by means of a speed control means and to control the releasable torque transmitting means to assume the second condition, the control means being further configured to ramp the amount of torque delivered by the first actuator from a value demanded by the speed control means to the first actuator EMP torque value and to ramp the amount of torque delivered by the second actuator to become equal to the second actuator EMP torque value whilst retaining a sum of the torque values provided by the first and second actuators substantially equal to the driver demanded torque. </p><p id="p0038" num="0038">In an embodiment the control means is configured to ramp the amount of torque delivered by the first actuator to become equal to the first actuator EMP torque value and to adjust the amount of torque delivered by the second actuator to become equal to the second actuator EMP torque once the releasable torque transmitting means has assumed the second condition. </p><p id="p0039" num="0039">The vehicle may be configured to control the amount of torque delivered to the driveline by the second actuator during the course of a transition of the releasable torque transmitting means between the first and second conditions such that the total torque 
<!-- EPO <DP n="10"/>-->
 delivered to the driveline by the first and second actuators remains substantially equal to the driver demanded torque. </p><p id="p0040" num="0040">In the first mode the speed control means may be configured to control the speed of rotation of the first actuator to achieve a target speed. </p><p id="p0041" num="0041">The control means may be further configured to control the first actuator to maintain the speed of rotation of the first actuator substantially equal to the target speed whilst the releasable torque transmitting means transitions from the first condition to the second condition. </p><p id="p0042" num="0042">The target speed may be a speed substantially equal to the speed at which the first actuator would rotate with the releasable torque transmitting means in the second condition. </p><p id="p0043" num="0043">The vehicle may be configured to control the releasable torque transmitting means to assume the second condition when the speed of the first actuator is substantially equal to the target speed. Alternatively the target speed may be a speed greater than the speed at which the first actuator would rotate with the releasable torque transmitting means in the second condition. </p><p id="p0044" num="0044">The vehicle may be configured to control the releasable torque transmitting means to assume the second condition when the speed of the first actuator is substantially equal to the speed at which the first actuator would rotate with the releasable torque transmitting means in the second condition. </p><p id="p0045" num="0045">In an embodiment when a transition from the first mode to the second mode is required the vehicle is configured to control the speed of rotation of the first actuator by means of the speed control means until the releasable torque transmitting means is in the second condition. </p><p id="p0046" num="0046">In an embodiment the amount of torque delivered by the first actuator ma be ramped from a value demanded by the speed control means to the first actuator EMP torque value according to a ramp function. 
<!-- EPO <DP n="11"/>-->
 The ramp function may comprise a substantially linear function. </p><p id="p0047" num="0047">In addition or instead the ramp function may comprise a substantially non-linear function. </p><p id="p0048" num="0048">The ramp function may be responsive to the value of driver demanded torque. </p><p id="p0049" num="0049">In an embodiment the ramp function is arranged to increase the rate at which the amount of torque delivered by the first actuator is ramped from the value demanded by the speed control means to the first actuator EMP torque value as the amount of driver demanded torque increases. </p><p id="p0050" num="0050">The vehicle may be configured to ramp the amount of torque delivered by the first actuator at a rate corresponding to a rate of change of the first actuator EMP torque value but having an offset thereby to cause convergence of the amount of torque delivered by the first actuator towards the first actuator EMP torque. </p><p id="p0051" num="0051">Optionally when in the second mode the vehicle is configured to control the relative amounts of torque provided by the first and second actuators according to the EMP based on one or more vehicle parameters. </p><p id="p0052" num="0052">Further optionally when in the first mode the vehicle is configured to control the amount of torque provided by the second actuator according to the energy management program based on one or more vehicle parameters. </p><p id="p0053" num="0053">In an embodiment the one or more vehicle parameters comprise at least one selected from amongst a crankshaft speed, a driver demanded crankshaft torque, a battery state of charge, an engine temperature, an engine coolant temperature, an exhaust gas temperature, a state of a gearbox of the vehicle being a gear ratio of the gearbox, a wheel speed and a driver demanded wheel torque. </p><p id="p0054" num="0054">The releasable torque transmitting means may be provided between the first actuator and the second actuator. </p><p id="p0055" num="0055">When in the first condition the control means may be configured to control a speed of rotation of the first actuator to correspond to the speed of rotation of the second actuator 
<!-- EPO <DP n="12"/>-->
 prior to controlling the releasable torque transmitting means to assume the second condition. </p><p id="p0056" num="0056">The releasable torque transmitting means may comprise clutch means. </p><p id="p0057" num="0057">In an embodiment the first actuator comprises an internal combustion engine. </p><p id="p0058" num="0058">In an embodiment the second actuator comprises an electric machine. The control means may be operable to control the second actuator as a motor or as a generator. </p><p id="p0059" num="0059">The first actuator may comprise a crankshaft and the second actuator may comprise a starter generator integrated into the crankshaft of the first actuator. </p><p id="p0060" num="0060">In a further aspect of the invention for which protection is sought there is provided a method of controlling a hybrid electric vehicle to transition between a first mode in which a first actuator does not deliver torque to a driveline and a second actuator does deliver torque to the driveline and a second mode in which the first and second actuators both deliver torque to the driveline according to a required energy management program (EMP) torque split in which the first actuator delivers a first actuator EMP torque and the second actuator delivers a second actuator EMP torque, the method comprising: when a transition from the first mode to the second mode is required: controlling rotation of the first actuator by means of a speed control means; coupling the first actuator to the driveline by means of releasable torque transmitting means, the step of coupling the first actuator to the driveline comprising controlling the releasable torque transmitting means to transition from a first mode in which the first actuator is isolated from the driveline to a second mode in which the first actuator is coupled to the driveline; ramping the amount of torque delivered to the driveline by the first actuator from a value demanded by the speed control means to the first actuator EMP torque value; and ramping the amount of torque delivered to the driveline by the second actuator to become equal to the second actuator EMP torque value whilst retaining a sum of the torque values provided by the first and second actuators substantially equal to the driver demanded torque. In an embodiment the method comprises the step of ramping the amount of torque delivered by the first actuator to become equal to the first EMP torque and ramping the 
<!-- EPO <DP n="13"/>-->
 amount of torque delivered by the second actuator to become equal to the second EMP torque once the releasable torque transmitting means has assumed the second condition. Optionally the method comprises the step of controlling the amount of torque delivered to the driveline by the second actuator during the course of a transition of the releasable torque transmitting means between the first and second conditions such that the total torque delivered to the driveline by the first and second actuators remains substantially equal to the driver demanded torque. </p><p id="p0061" num="0061">As discussed above this feature has the advantage that if the first actuator makes a contribution to the net amount of torque delivered to the driveline by the first and second actuators, this contribution may be compensated for by the second actuator in maintaining the total torque delivered to the driveline substantially equal to the driver demanded torque. </p><p id="p0062" num="0062">The method may comprise the step of in the first mode controlling the speed of rotation of the first actuator to achieve a target speed. The method may comprise controlling the first actuator to maintain the speed of rotation of the first actuator substantially equal to the target speed whilst the releasable torque transmitting means transitions from the first condition to the second condition. </p><p id="p0063" num="0063">The target speed may be a speed substantially equal to the speed at which the first actuator would rotate with the releasable torque transmitting means in the second condition. </p><p id="p0064" num="0064">The method may comprise controlling the releasable torque transmitting means to assume the second condition when the speed of the first actuator is substantially equal to the target speed. </p><p id="p0065" num="0065">Alternatively the target speed may be a speed greater than the speed at which the first actuator would rotate with the releasable torque transmitting means in the second condition. 
<!-- EPO <DP n="14"/>-->
 The method may comprise the step of controlling the releasable torque transmitting means to assume the second condition when the speed of the first actuator is substantially equal to the speed at which the first actuator would rotate with the releasable torque transmitting means in the second condition. </p><p id="p0066" num="0066">Thus in some embodiments when the first actuator speed is equal to the speed at which the first actuator would rotate with the releasable torque transmitting means in the second condition the releasable torque transmitting means is controlled to assume the second condition. In the case that the target speed of the first actuator is greater than the speed at which the first actuator would rotate with the releasable torque transmitting means in the second condition, the releasable torque transmitting means may be controlled to assume the second condition as the speed of the first actuator passes through that speed as it increases towards the target speed. It is to be understood that whilst the control means may be configured to control the first actuator to achieve and maintain a target speed greater than the speed at which the first actuator would rotate with the releasable torque transmitting means in the second condition, the actual speed of rotation of the first actuator may not actually attain the target speed. </p><p id="p0067" num="0067">This may be due for example to a torque loading on the first actuator as the releasable torque transmitting means transitions from the first mode to the second mode. Thus the torque loading experienced by the first actuator may be sufficiently high to prevent the speed of rotation of the first actuator from achieving the target speed even though the control means is providing a control signal to increase the speed of rotation of the first actuator towards the target speed. The control signal to increase the speed of rotation of the first actuator may for example be control signal indicating an amount of torque to be delivered by the first actuator. The failure to achieve the required rotational speed of the first actuator may be due at least in part to the speed at which the releasable torque transmitting means transitions from the first mode to the second mode. In other words the first actuator may not have sufficient time to achieve the target speed due to the relatively high rate at which a torque loading is applied thereto as the releasable torque transmitting means transitions from the first mode to the second mode. 
<!-- EPO <DP n="15"/>-->
 This has the advantage that when the releasable torque transmitting means has fully assumed the second mode, the amount of torque delivered to the driveline by the first actuator is more likely to be closer to the first actuator EMP torque value. In an embodiment when a transition from the first mode to the second mode is required the method comprises controlling the speed of rotation of the first actuator by means of the speed control means until the releasable torque transmitting means is in the second condition. The method may comprise the step of ramping the amount of torque delivered by the first actuator to become equal to the first EMP torque according to a ramp function. </p><p id="p0068" num="0068">The ramp function may comprise a substantially linear function. Alternatively or in addition the ramp function may comprise a substantially non-linear function. </p><p id="p0069" num="0069">In an embodiment the ramp function is responsive to the value of driver demanded torque. </p><p id="p0070" num="0070">The method may comprise the step of increasing the rate at which the amount of torque delivered by the first actuator is ramped from the value demanded by the speed control means to the first actuator EMP torque value as the amount of driver demanded torque increases. </p><p id="p0071" num="0071">The method may comprise the step of ramping the amount of torque delivered by the first actuator at a rate corresponding to a rate of change of the first actuator EMP torque value, the method further comprising providing an offset to the rate thereby to cause convergence of the amount of torque delivered by the first actuator towards the first actuator EMP torque. </p><p id="p0072" num="0072">Optionally when the vehicle is in the second mode the method comprises controlling the relative amounts of torque provided by the first and second actuators according to the EMP based on one or more vehicle parameters. 
<!-- EPO <DP n="16"/>-->
 Further optionally when in the first mode the method comprises controlling the amount of torque provided by the second actuator according to the energy management program based on one or more vehicle parameters. In an embodiment the one or more vehicle parameters comprise at least one selected from amongst a crankshaft speed, a driver demanded crankshaft torque, a battery state of charge, an engine temperature, an engine coolant temperature, an exhaust gas temperature, a state of a gearbox of the vehicle being a gear ratio of the gearbox, a wheel speed and a driver demanded wheel torque. </p><p id="p0073" num="0073">The method may comprise providing the releasable torque transmitting means between the first actuator and the second actuator. </p><p id="p0074" num="0074">In an embodiment when in the first condition the method comprises controlling a speed of rotation of the first actuator to correspond to the speed of rotation of the second actuator prior to controlling the releasable torque transmitting means to assume the second condition. </p><p id="p0075" num="0075">The releasable torque transmitting means may comprise clutch means. </p><p id="p0076" num="0076">In an embodiment the first actuator comprises an internal combustion engine. </p><p id="p0077" num="0077">In an embodiment the second actuator comprises an electric machine. The method may comprise the step of controlling the second actuator as a motor at one moment in time and controlling the second actuator as a generator at another moment in time. </p><p id="p0078" num="0078">The first actuator may comprise a crankshaft and the second actuator may comprise a starter generator integrated into the crankshaft of the first actuator. </p><p id="p0079" num="0079">Within the scope of this application it is envisaged that the various aspects, embodiments, examples and alternatives, and in particular the features thereof, set out in the preceding paragraphs, in the claims and/or in the following description and drawings, may be taken independently or in any combination. For example, features 
<!-- EPO <DP n="17"/>-->
 described in connection with one embodiment are applicable to all embodiments, unless such features are incompatible. </p><p id="p0080" num="0080">BRIEF DESCRIPTION OF THE DRAWINGS </p><p id="p0081" num="0081">Embodiments of the invention will now be described, by way of example only, with reference to the accompanying figures in which: </p><p id="p0082" num="0082">FIGURE 1 is a schematic illustration of a hybrid electric vehicle (HEV) according to an embodiment of the invention; </p><p id="p0083" num="0083">FIGURE 2 shows an example of a plot of demanded torque from an internal combustion engine TQ<sub>e</sub> and a crankshaft integrated motor generator (CIMG) TQ<sub>C</sub> as a function of time during a transition from an electric vehicle (EV) mode to a parallel mode together with engine speed W<sub>e</sub>, CIMG speed W<sub>c</sub>, clutch state S<sub>c</sub> and engine on/off state S<sub>e</sub> for one embodiment of the invention; </p><p id="p0084" num="0084">FIGURE 3 is a flow chart of a method of transitioning from EV to parallel mode according to an embodiment of the invention; and </p><p id="p0085" num="0085">FIGURE 4 shows an example of a plot of TQ<sub>e</sub> and TQ<sub>C</sub> as a function of time during a transition from EV mode to parallel mode together with W<sub>e</sub>, W<sub>c</sub>, S<sub>c</sub> and S<sub>e</sub> in a vehicle according to a further embodiment of the invention. DETAILED DESCRIPTION </p><p id="p0086" num="0086">FIG. 1 shows a hybrid electric vehicle (HEV) 100 according to an embodiment of the present invention. The HEV 100 has an internal combustion engine 121 releasably coupled to a crankshaft integrated motor/generator (CIMG) 123 by means of a clutch 122. The clutch 122 has an input shaft 122IN coupled to a crankshaft of the engine 121 and arranged to rotate therewith. The clutch 122 also has an output shaft 1220UT coupled to the CIMG 123 and arranged to rotate therewith. </p><p id="p0087" num="0087">The clutch 122 has a pair of plates 122A, 122B that are fixedly coupled to the input shaft 122IN and output shaft 1220UT respectively. 
<!-- EPO <DP n="18"/>-->
 The clutch 122 is operable to transition between an open condition and a closed condition. In the open condition the plates 122A, 122B are separated from one another such that substantially no torque is transferred from the input shaft 122IN to the output shaft 1220UT. In the closed condition the plates 122A, 122B are urged together such that torque applied to the input shaft 122IN by the engine 121 is transferred substantially directly to the output shaft 1220UT. </p><p id="p0088" num="0088">The clutch 122 is operable to move the plates 122A, 122B towards one another as the clutch 122 transitions from the open condition to the closed condition whereby the amount of torque transferred from the input shaft 122IN to the output shaft 1220UT may be increased in a controlled manner. </p><p id="p0089" num="0089">Similarly, the clutch 122 is operable to move the plates 122A, 122B away from one another as the clutch transitions from the closed condition to the open condition. </p><p id="p0090" num="0090">The CIMG 123 is in turn coupled to an automatic transmission 124. The transmission 124 is arranged to drive a pair of front wheels 1 1 1 , 1 12 of the vehicle 100 by means of a pair of front drive shafts 1 18. The transmission 124 is also arranged to drive a pair of rear wheels 1 14, 1 15 by means of an auxiliary driveline 130 having an auxiliary driveshaft 132, a rear differential 135 and a pair of rear driveshafts 139. </p><p id="p0091" num="0091">A battery 150 is provided that may be coupled to the CIMG 123 in order to power the CIMG 123 when it is operated as a motor. Alternatively the battery 150 may be coupled to the CIMG 123 to receive charge when the CIMG 123 is operated as a generator, thereby to recharge the battery 150. </p><p id="p0092" num="0092">The vehicle 100 is configured to operate in either one of a parallel mode and an electric vehicle (EV) mode. In the parallel mode of operation the clutch 122 is closed and the engine 121 is arranged to provide torque to the transmission 124. In this mode the CIMG 123 may be operated either as a motor or as a generator. </p><p id="p0093" num="0093">In the EV mode of operation the clutch 122 is opened and the engine 121 is turned off. Again, the CIMG 123 is then operated either as a motor or as a generator. It is to be 
<!-- EPO <DP n="19"/>-->
 understood that the CIMG 123 may be arranged to act as a generator in EV mode in order to effect regenerative braking of the vehicle. </p><p id="p0094" num="0094">The vehicle 100 has a controller 140 arranged to control the vehicle 100 to transition between the parallel and EV modes when required. </p><p id="p0095" num="0095">In the present embodiment when a transition from EV mode to parallel mode is required the controller 140 is configured to start the engine 121 by means of a starter motor 121 M and to control the speed of the engine 121 to match that of the output shaft 1220UT of the clutch 122 before closing the clutch 122. In the embodiment of FIG. 1 the speed of the output shaft 1220UT corresponds to that of the CIMG 123, W<sub>C</sub>. The controller 140 controls W<sub>E</sub> by reference to an output of an engine speed sensor 121 S that provides a signal corresponding to the actual engine speed W<sub>e</sub>(t) at a given time t. In the embodiment of FIG. 1 the controller 140 controls the engine 121 to achieve the required W<sub>E</sub> (which may be referred to as a target engine speed W<sub>e</sub>-r) by modulating the amount of torque TQ<sub>e</sub> that the controller 140 demands the engine 121 to provide. </p><p id="p0096" num="0096">The controller 140 is arranged to employ a closed loop feedback control methodology in order to modulate TQ<sub>e</sub> to achieve the required value of W<sub>E</sub>. Thus, the controller 140 uses the signal from the speed measurement device 121 S to calculate an engine speed error value e(t) which corresponds to a difference between the actual engine speed W<sub>e</sub>(t) and the target engine speed W<sub>ET</sub>. It is to be understood that it is desirable that the controller 140 controls the engine 140 to achieve W<sub>6</sub>T as quickly as possible and in a manner such that minimal overshoot of W<sub>6</sub>T occurs. Furthermore it is desirable to reduce oscillation of the engine about W<sub>ET</sub> to a minimum. As well as controlling the engine to start and to achieve a target speed W<sub>E</sub>T, in some embodiments the controller 140 is configured gradually to close the clutch 122 to connect the engine 121 to the CIMG 123 once the engine speed W<sub>E</sub> has achieved the target engine speed W<sub>ET</sub>. It is to be understood that the controller 140 is configured to maintain the engine speed at the target engine speed W<sub>6</sub>T as the clutch 122 is gradually closed. 
<!-- EPO <DP n="20"/>-->
 In some embodiments control of the engine speed W<sub>e</sub> is performed by means of an engine speed controller. The engine speed controller may be implemented by means of a software program run by the controller 140. Alternatively the engine speed controller may be provided by a separate controller, for example by a separate engine speed control module. </p><p id="p0097" num="0097">Once the clutch is closed the controller 140 is arranged to control the engine 121 and CIMG 123 to deliver torque to the driveline according to a torque split determined by an energy management program (EMP). In other words, the EMP is configured to determine the relative amounts of torque to be delivered to the transmission 124 by the engine 121 and CIMG 123 respectively. </p><p id="p0098" num="0098">Since torque to drive the vehicle 100 is provided substantially entirely by the CIMG 123 in EV mode it is to be understood that once the clutch 122 is closed the controller 140 will typically control the engine 121 and CIMG 123 such that the amount of torque provided to the transmission 124 by the engine 121 (TQ<sub>e</sub>) is increased and the amount of torque provided by the CIMG 123 (TQ<sub>C</sub>) is decreased (compared to that provided by the CIMG 123 when in EV mode) for a given value of driver demanded torque TQ<sub>d</sub>. </p><p id="p0099" num="0099">However it is to be understood that the actual amounts of torque provided to the transmission 124 by the engine 121 and CIMG 123 will depend on the value of driver demanded torque TQ<sub>d</sub>. For example if TQ<sub>d</sub> is substantially zero, TQ<sub>e</sub> and TQ<sub>C</sub> may also be substantially zero. In some embodiments when TQ<sub>d</sub> is substantially zero the controller 140 may be configured to control the engine 121 to deliver a positive torque TQ<sub>e</sub> and the CIMG 123 to deliver a negative torque TQ<sub>C</sub>, the two torque values being substantially equal in magnitude so that the net torque to the transmission 124 is substantially zero. It is to be understood that the CIMG 123 may also be arranged to deliver a negative torque at other times when TQ<sub>d</sub> is non-zero. </p><p id="p0100" num="0100">It is to be understood that when the CIMG 123 delivers a negative torque electric power may be generated by the CIMG 123 for storage in the battery 150. 
<!-- EPO <DP n="21"/>-->
 In the present embodiment the controller 140 is configured to control the engine 121 and CIMG 123 to change the amount of torque provided to the transmission 124 by each in a substantially linear manner from their value substantially at the instant of clutch closure to the values determined by the EMP. </p><p id="p0101" num="0101">FIG. 2 shows a plot of W<sub>e</sub> and W<sub>c</sub> as a function of time together with the amounts of torque generated by each of the engine 121 (TQ<sub>e</sub>) and CIMG 123 (TQ<sub>C</sub>) and the total torque TQ, provided to the transmission 124 by the engine 121 and the CIMG 123 together. It is to be understood that TQ, is typically arranged to correspond to the driver demanded torque TQ<sub>d</sub>. </p><p id="p0102" num="0102">FIG. 2 also shows the state of a clutch control signal S<sub>c</sub> being a signal by means of which the controller 140 controls the clutch 122 to open or close and the state of an engine start/stop control signal S<sub>e</sub> by means of which the controller 140 controls the engine 121 to start or stop. </p><p id="p0103" num="0103">When the controller 140 determines that the clutch 122 should be open the controller 140 sets control signal S<sub>c</sub>=0. If the clutch 122 is closed a clutch controller (which may be provided by a transmission control module or TCM) controls the clutch 122 to open. When the controller 140 determines that the clutch 122 should be closed the controller sets control signal S<sub>c</sub>=1 . If the clutch 122 is open the clutch controller controls the clutch 122 to close. </p><p id="p0104" num="0104">Similarly, when the controller 140 determines that the engine 121 should be off it sets control signal S<sub>e</sub>=0 whilst when the controller 140 determines that the engine 121 should be on it sets control signal S<sub>e</sub>=1 . An engine controller (not shown) then controls operation of the engine 121 and starter motor 121 M accordingly. </p><p id="p0105" num="0105">FIG. 2 illustrates control of the vehicle 100 during an example transition from EV to parallel mode. </p><p id="p0106" num="0106">It can be seen that at time t<sub>0</sub> in the example of FIG. 2 the clutch 122 is set to the open condition (S<sub>c</sub>=0) and the engine 121 is set to remain off (S<sub>e</sub>=0). The amount of torque developed by the engine 121 (TQ<sub>e</sub>) is therefore substantially zero. 
<!-- EPO <DP n="22"/>-->
 In contrast, the CIMG 123 is providing a torque TQ<sub>C</sub> to the transmission 124, TQ<sub>C</sub> being equal to TQ<sub>d</sub>. </p><p id="p0107" num="0107">At time ti the controller 140 controls the engine 121 to start by setting engine start/stop control signal S<sub>e</sub>=1 . </p><p id="p0108" num="0108">The controller 140 then controls the engine 121 to spin up to a speed corresponding to that of the CIMG 124 (W<sub>c</sub>) so that the clutch 122 may be closed without causing an undue decrease in NVH performance of the vehicle 100. </p><p id="p0109" num="0109">Thus, at time t<sub>2</sub> when W<sub>e</sub> is substantially equal to W<sub>c</sub> the controller 140 controls the clutch 122 to close by setting control signal S<sub>c</sub>=1 as described above. Whilst the clutch 122 is closing the controller 140 controls the engine 121 to maintain a speed corresponding to that of the CIMG 123, i.e. W<sub>e</sub>=W<sub>c</sub>. </p><p id="p0110" num="0110">Once the clutch 122 is fully closed (at time t<sub>3</sub>) the controller 140 controls the engine 121 and CIMG 123 to deliver respective amounts of torque according to the torque split determined by the EMP. If at t<sub>3</sub> the amounts of torque being delivered by the engine 121 and CIMG 123 are not equal to the required torque split determined by the EMP then the controller 140 controls the engine 121 and CIMG 123 gradually to change the amount of torque they are each providing to the transmission 124 according to a substantially linear ramp function although other functions are also useful. </p><p id="p0111" num="0111">The controller 140 is arranged to perform this operation whilst maintaining a total torque TQ, delivered to the transmission 124 substantially equal to a value of driver demanded torque TQ<sub>d</sub> as determined by the controller 140. As can be seen from FIG. 2, between time t<sub>3</sub> and t<sub>4</sub> TQ<sub>e</sub> is controlled to change from a value TQi at time t<sub>3</sub> to a value TQ<sub>2</sub> at time t<sub>4</sub>. </p><p id="p0112" num="0112">Similarly, TQ<sub>C</sub> is configured to change from a value TQ<sub>3</sub> at time t<sub>3</sub> to a value TQ<sub>4</sub> at time t<sub>4</sub>. 
<!-- EPO <DP n="23"/>-->
 Throughout the period from t<sub>3</sub> to t<sub>4</sub> the controller 140 controls the engine 121 and the CIMG 123 such that the total torque TQ, provided to the transmission 124 corresponds to the value of driver demanded torque TQ<sub>d</sub> that the controller 140 determines is required to be provided to the transmission 124. </p><p id="p0113" num="0113">From time t<sub>4</sub> onwards the relative amounts of torque provided by the engine 121 and CIMG 123 are determined substantially entirely by the EMP and the controller 140 controls the engine 121 and CIMG 123 to provide torque accordingly. FIG. 3 is a flow chart of the method of controlling the vehicle 100 when a transition from EV to parallel mode is required as discussed above. </p><p id="p0114" num="0114">At step S101 the controller 140 determines whether the EMP requires a transition from EV to parallel mode to be made. </p><p id="p0115" num="0115">If at step S101 the controller determines that a transition from EV to parallel mode is required then at step S102 the controller 140 controls the engine 121 to start by providing an engine start control signal S<sub>e</sub>=1 to the engine 121 . At step S103 the controller 140 controls the engine 121 to rotate at a speed matching that of the CIMG 123. </p><p id="p0116" num="0116">At step S104 the controller determines whether the engine speed is equal to the CIMG speed. If the speeds are not equal the controller repeats step S103. </p><p id="p0117" num="0117">If the speeds are equal then at step S105 the controller 140 controls the clutch 122 to close by setting clutch control signal S<sub>c</sub>=1 . The controller 140 maintains the speeds of the engine 121 and CIMG 123 substantially equal throughout the period of clutch closure from time t<sub>2</sub> to time t<sub>3</sub>. </p><p id="p0118" num="0118">At step S106 the controller 140 determines whether the clutch 122 has actually closed. If the clutch is not closed the controller 140 waits for the clutch 122 to close. If the clutch 122 has closed the controller 140 proceeds to step S107. At step S107 the controller 140 controls TQ<sub>e</sub> and TQ<sub>C</sub> gradually to become equal to the values that the EMP determines they should provide. 
<!-- EPO <DP n="24"/>-->
 As discussed above the controller controls TQ<sub>C</sub> and TQ<sub>e</sub> gradually to change according to a linear ramp function whilst keeping the total torque TQ, delivered to the transmission 124 substantially equal to the driver demanded torque TQ<sub>d</sub> determined by the controller 140. </p><p id="p0119" num="0119">As noted above other ramp functions are also useful. </p><p id="p0120" num="0120">It is to be understood that embodiments of the invention have the advantage that a transition from EV mode to parallel mode may be made with improved NVH performance. This is because when the transition from EV to parallel mode is made and clutch closure has taken place, the amounts of torque delivered to the driveline of the vehicle 100 by the engine 121 and CIMG 123 are controlled to approach the values determined to be required according to the EMP in a gradual manner rather than an abrupt, 'digital' manner in which torque values are changed substantially instantaneously. </p><p id="p0121" num="0121">If abrupt changes in the amounts of torque provided by the engine 121 and CIMG 123 are made, the risk exists that an undesirable acceleration and/or deceleration of the vehicle may take place. This is at least in part because the time taken for TQ<sub>C</sub> and TQ<sub>e</sub> to attain their respective EMP torque values may be different. Thus the CIMG 123 may attain its EMP value sooner than (or later than) the engine 121 resulting in TQ, rising above or falling below TQ<sub>d</sub>. In a variation on this embodiment of the invention, when a transition from EV to parallel mode is required the controller 140 is configured to control the engine 121 to achieve a target speed W<sub>T</sub> that is greater than W<sub>c</sub> rather than substantially equal to W<sub>c</sub>. The controller 140 may provide a signal to the clutch 122 to close as the speed of the engine 121 increases through W<sub>c</sub>. The controller 140 continues to control the engine 121 to achieve a speed equal to W<sub>T</sub> as the clutch closes. </p><p id="p0122" num="0122">It is to be understood that closure of the clutch 122 has the effect of increasing the load experienced by the engine 121 and therefore decreasing W<sub>e</sub> for a given engine torque. Since in this alternative embodiment the controller 140 is seeking to control the engine 121 to achieve a speed that is greater than that of the CIMG 123 the amount of torque 
<!-- EPO <DP n="25"/>-->
 developed by the engine 121 will increase above that which would be developed if W<sub>eT</sub> were substantially equal to W<sub>c</sub>. </p><p id="p0123" num="0123">This has the feature that upon completion of closure of the clutch 122 a difference between the respective amounts of torque required to be provided to the driveline by the engine 121 and CIMG 123 according to the EMP and the respective amounts of torque actually provided at the moment the clutch 122 is fully closed may be reduced. </p><p id="p0124" num="0124">Accordingly, as the clutch 122 is closed TQ<sub>C</sub> is controlled to decrease as TQ<sub>e</sub> increases in order to main TQ, substantially equal to TQ<sub>d</sub> throughout the period of clutch closure. </p><p id="p0125" num="0125">It is to be understood that in embodiments such as that described above in which W<sub>e</sub> is maintained substantially equal to W<sub>c</sub> during closure of the clutch 122 the amount of torque transferred to the transmission 124 by the engine 121 is in principle substantially zero throughout the period of clutch closure. Therefore it may not be necessary in such embodiments to adjust TQ<sub>C</sub> in order to compensate for torque provided to the transmission 124 by the engine 121 . </p><p id="p0126" num="0126">However in some such embodiments some torque may still be provided by the engine 121 to the transmission 124 and therefore it may be necessary to adjust TQ<sub>C</sub> in order to compensate for this. </p><p id="p0127" num="0127">Once the clutch 122 is fully closed control of the engine 121 by the controller 140 transitions to control according to the EMP (rather than according to engine speed) in order to deliver a required proportion of TQ<sub>d</sub> as opposed to a required speed of rotation for clutch closure. </p><p id="p0128" num="0128">The transition from 'speed control' to ΈΜΡ control' is performed in a similar manner to that described above whereby the relative amounts of torque provided by the engine 121 and CIMG 123 are 'blended', allowing a relatively smooth change in TQ<sub>e</sub> and TQ<sub>C</sub> and allowing TQ, to remain substantially equal to TQ<sub>d</sub> during the course of the torque blending process. </p><p id="p0129" num="0129">Thus, TQ<sub>e</sub> is controlled to transition to the value demanded by the EMP according to a substantially linear ramp function whilst TQ<sub>C</sub> is controlled to transition to the EMP 
<!-- EPO <DP n="26"/>-->
 demanded value in a complementary manner such that TQ, remains substantially equal to TQ<sub>d</sub>. </p><p id="p0130" num="0130">FIG. 4 shows a plot of W<sub>e</sub> W<sub>c</sub> as a function of time (lower plot) and a corresponding plot (upper plot) of TQ<sub>d</sub>, TQ<sub>C</sub> and TQ<sub>e</sub> as a function of time for an embodiment in which W<sub>eT</sub> is greater than W<sub>c</sub>. Also shown (middle plot) are the states of control signals S<sub>e</sub> and S<sub>c</sub>. </p><p id="p0131" num="0131">It can be seen that at time t<sub>0</sub> the engine 121 is started (S<sub>e</sub>=1 ) and W<sub>e</sub> is controlled to increase towards a target engine speed W<sub>eT</sub> as shown in the lower plot. As W<sub>e</sub> passes through W<sub>c</sub> (i.e. when W<sub>e</sub> is equal to or greater than W<sub>c</sub>) at time t<sub>2</sub>, the controller 140 controls the clutch 122 to close (S<sub>c</sub>=1 ). As the clutch 122 closes the load applied to the engine 121 increases and W<sub>e</sub> is caused to decrease towards W<sub>c</sub>. As the clutch continues to close the load on the engine 121 increases still further until at the moment of clutch closure W<sub>e</sub> and W<sub>c</sub> are substantially equal. </p><p id="p0132" num="0132">It is to be understood that S<sub>c</sub> may be set to a value of 1 before or after the value of W<sub>e</sub> passes through that of W<sub>c</sub>. </p><p id="p0133" num="0133">As shown in the upper plot, TQ<sub>e</sub> increases relatively abruptly when the engine 121 is started before decreasing rapidly as W<sub>e</sub> approaches W<sub>e</sub>T- </p><p id="p0134" num="0134">As the clutch 122 begins to close, a finite portion of TQ<sub>e</sub> is transmitted through the clutch 122 to the transmission 124. The controller 140 therefore controls TQ<sub>C</sub> to decrease in order to compensate for the torque transmitted to the transmission 124 from the engine 121 by the clutch 122 so that the total amount of torque TQ, delivered to the transmission 124 remains substantially equal to TQ<sub>d</sub> throughout the period of closure of the clutch 122. </p><p id="p0135" num="0135">As noted with respect to the embodiment described above, when the clutch 122 is fully closed at time t<sub>3</sub>, a mismatch may exist between the actual values of TQ<sub>e</sub> and TQ<sub>C</sub> and the values demanded by the EMP. </p><p id="p0136" num="0136">Thus the controller 140 controls TQ<sub>e</sub> and TQ<sub>C</sub> to change in a substantially linear manner from their values at time t<sub>3</sub> towards the values demanded by the EMP. This transition takes place between time t<sub>3</sub> and time t<sub>4</sub> in the plot of FIG. 4. 
<!-- EPO <DP n="27"/>-->
 It is to be understood that because W<sub>eT</sub> is set to be higher than W<sub>c</sub> in this embodiment, the value of TQ<sub>e</sub> at the moment of clutch closure (time t<sub>3</sub>) is greater than in the case where W<sub>eT</sub> is substantially equal to W<sub>c</sub>. This is because the controller 140 attempts to make W<sub>E</sub> equal to W<sub>6</sub>T by increasing TQ<sub>e</sub>, but the torque loading applied by the clutch 122 as it is closed prevents W<sub>e</sub> from achieving W<sub>eT</sub>. </p><p id="p0137" num="0137">Thus at the moment of clutch closure (when W<sub>e</sub> is substantially equal to W<sub>c</sub>&lt;W<sub>eT</sub>), TQ<sub>e</sub> is higher than that value which would be required to maintain W<sub>e</sub> equal to W<sub>c</sub>. Thus the amount by which TQ<sub>e</sub> must be increased and TQ<sub>C</sub> must be decreased in order to attain the respective torque values required according to the EMP is lower than if W<sub>6</sub>T were equal to Wc. </p><p id="p0138" num="0138">In some embodiments the target engine speed W<sub>eT</sub> during the transition from EV mode to parallel mode is responsive to the current value of W<sub>c</sub>. Thus W<sub>6</sub>T may be greater than W<sub>c</sub> by a fixed amount, for example a value from around 300-400rpm greater than W<sub>c</sub>. Thus the value of W<sub>6</sub>T may track that of W<sub>c</sub> with a fixed offset. </p><p id="p0139" num="0139">Alternatively W<sub>6</sub>T may be greater than W<sub>c</sub> by a fixed proportion of W<sub>c</sub> such as 10%, 20%, 30% or any other suitable proportion. In some embodiments W<sub>eT</sub> is not responsive to W<sub>c</sub>, WeT being a substantially fixed value regardless of the value of W<sub>c</sub>. </p><p id="p0140" num="0140">It is to be understood that other arrangements are also useful. </p><p id="p0141" num="0141">It is to be understood that in the embodiments described, W<sub>c</sub> is the speed at which the engine 121 will rotate when the clutch 122 is closed. This is the reason W<sub>eT</sub> is set equal to W<sub>c</sub> or the value of W<sub>c</sub> plus a prescribed value of (say) 400rpm in the second embodiment described above. </p><p id="p0142" num="0142">As noted above embodiments of the invention have the advantage that a transition from EV mode to parallel mode may be made with increased NVH performance. That is, an amount of noise, vibration and/or harshness of ride experienced by the driver of the vehicle 100 may be reduced. Alternatively or in addition, closure of the clutch 122 may be effected more rapidly for a given required NVH performance of the vehicle 100. </p><p id="p0143" num="0143">Throughout the description and claims of this specification, the words "comprise" and "contain" and variations of the words, for example "comprising" and "comprises", means 
<!-- EPO <DP n="28"/>-->
 "including but not limited to", and is not intended to (and does not) exclude other moieties, additives, components, integers or steps. </p><p id="p0144" num="0144">Throughout the description and claims of this specification, the singular encompasses the plural unless the context otherwise requires. In particular, where the indefinite article is used, the specification is to be understood as contemplating plurality as well as singularity, unless the context requires otherwise. </p><p id="p0145" num="0145">Features, integers, characteristics, compounds, chemical moieties or groups described in conjunction with a particular aspect, embodiment or example of the invention are to be understood to be applicable to any other aspect, embodiment or example described herein unless incompatible therewith. 
</p></description><claims mxw-id="PCLM44270063" ref-ucid="WO-2012104267-A1" lang="EN" load-source="patent-office"><claim-statement><!-- EPO <DP n="29"/>-->CLAIMS: </claim-statement><claim id="clm-0001" num="1"><claim-text>1 . Control means for controlling first and second actuators of a hybrid electric vehicle (HEV) to deliver motive torque to drive the vehicle, </claim-text><claim-text> the control means being operable to control the vehicle to transition between a first mode in which the first actuator is substantially disconnected from a driveline of the vehicle and the second actuator delivers motive torque to drive the vehicle and a second mode in which the first actuator is connected to the driveline by means of a releasable torque transmitting means and the control means controls the first and second actuators to deliver respective first and second actuator target torque split values to drive the vehicle thereby to provide a driver demanded drive torque, </claim-text><claim-text> wherein when a transition from the first mode to the second mode is required the control means is configured to control rotation of the first actuator by means of a speed control means towards a target first actuator speed and to control the releasable torque transmitting means to transition between an actuator disconnected condition and an actuator connected condition thereby to connect the first actuator to the driveline, </claim-text><claim-text> the control means being further configured to ramp an amount of torque delivered by the first actuator towards a first actuator target torque split value, and to ramp an amount of torque delivered by the second actuator towards a second actuator target torque split value whilst retaining a total drive torque value provided to the vehicle substantially equal to a driver demanded torque, </claim-text><claim-text> wherein the target first actuator speed is a speed greater than a speed at which the first actuator would rotate with a releasable torque transmitting means in the actuator connected condition. </claim-text></claim><claim id="clm-0002" num="2"><claim-text>2. Control means as claimed in claim 1 configured to ramp an amount of torque delivered by the first actuator to become equal to the first actuator target torque split value and to adjust an amount of torque delivered by the second actuator to become equal to the second actuator target torque split value once the releasable torque transmitting means has assumed an actuator connected condition. </claim-text></claim><claim id="clm-0003" num="3"><claim-text>3. Control means as claimed in claim 1 or claim 2 configured to control an amount of motive torque delivered by the second actuator during the course of a transition of the releasable torque transmitting means between an actuator disconnected condition and an actuator connected condition such that a total drive torque delivered by the first and second actuators remains substantially equal to a value of a driver demanded torque. <!-- EPO <DP n="30"/>--> </claim-text></claim><claim id="clm-0004" num="4"><claim-text>4. Control means as claimed in any preceding claim wherein when a transition from the first mode to the second mode is required the speed control means is controlled to control a speed of rotation of the first actuator to approach a target speed. </claim-text></claim><claim id="clm-0005" num="5"><claim-text>5. Control means as claimed in claim 4 further configured to control the first actuator to maintain a speed of rotation thereof substantially equal to a speed at which the first actuator would rotate when in the actuator connected condition whilst the releasable torque transmitting means transitions from an actuator disconnected condition to an actuator connected condition. </claim-text></claim><claim id="clm-0006" num="6"><claim-text>6. Control means as claimed in any preceding claim configured to control a releasable torque transmitting means to assume an actuator connected condition when a speed of a first actuator is substantially equal to a speed at which a first actuator would rotate with a releasable torque transmitting means in an actuator connected condition. </claim-text></claim><claim id="clm-0007" num="7"><claim-text>7. Control means as claimed in any preceding claim wherein when a transition from a first mode to a second mode is required the control means is configured to control a speed of rotation of a first actuator by means of the speed control means until a releasable torque transmitting means is in an actuator connected condition. </claim-text></claim><claim id="clm-0008" num="8"><claim-text>8. Control means as claimed in any preceding claim wherein an amount of torque delivered by a first actuator is ramped from a value demanded by the speed control means to a first actuator target torque split value according to a ramp function, wherein the ramp function comprises one selected from a substantially linear function and a substantially non-linear function. </claim-text></claim><claim id="clm-0009" num="9"><claim-text>9. Control means as claimed in claim 8 wherein the ramp function is responsive to a value of a driver demanded torque. </claim-text></claim><claim id="clm-0010" num="10"><claim-text>10. Control means as claimed in claim 9 wherein the ramp function is arranged to increase a rate at which an amount of torque delivered by a first actuator is ramped from the value demanded by the speed control means to the first actuator target torque split value responsive to a value of driver demanded torque. <!-- EPO <DP n="31"/>--> </claim-text></claim><claim id="clm-0011" num="11"><claim-text>1 1 . Control means as claimed in any preceding claim configured to ramp an amount of torque delivered by a first actuator at a rate corresponding to a rate of change of a first actuator target torque split value, the rate of change of torque delivered by a first actuator being offset from that of the first actuator target torque split value thereby to cause convergence of an amount of torque delivered by a first actuator towards the first actuator target torque split value. </claim-text></claim><claim id="clm-0012" num="12"><claim-text>12. Control means as claimed in any preceding claim configured to determine the first and second target torque split values according to an energy management protocol based on one or more vehicle parameters. </claim-text></claim><claim id="clm-0013" num="13"><claim-text>13. A hybrid electric vehicle comprising control means as claimed in any preceding claim. </claim-text></claim><claim id="clm-0014" num="14"><claim-text>14. A vehicle as claimed in claim 13 wherein the first actuator comprises an internal combustion engine, the second actuator comprises an electric machine and the releasable torque transmitting means comprises clutch means. </claim-text></claim><claim id="clm-0015" num="15"><claim-text>15. A method of controlling a hybrid electric vehicle to deliver motive torque to drive a vehicle by means of first and second actuators, the method comprising: </claim-text><claim-text> controlling the vehicle to transition between a first mode in which the first actuator is substantially disconnected from a driveline of a vehicle and a second actuator delivers motive torque to drive a vehicle, and </claim-text><claim-text> a second mode in which the first actuator is connected to the driveline by means of a releasable torque transmitting means and the control means controls the first and second actuators to deliver respective first and second actuator target torque split values to drive the vehicle thereby to provide a driver demanded drive torque, </claim-text><claim-text> when a transition from the first mode to the second mode is required the method comprising controlling rotation of the first actuator by means of a speed control means towards a target rotational speed and controlling the releasable torque transmitting means to transition between an actuator disconnected condition and an actuator connected condition thereby to connect the first actuator to the driveline, </claim-text><claim-text> the method further comprising ramping an amount of torque delivered by the first actuator from a value demanded by the speed control means to the first actuator target torque split value, and ramping an amount of torque delivered by the second actuator from a current value to the second actuator target torque split value whilst retaining a <!-- EPO <DP n="32"/>--> total drive torque value provided to drive a vehicle substantially equal to the driver demanded torque, </claim-text><claim-text> whereby the target first actuator speed is a speed greater than a speed at which the first actuator would rotate with a releasable torque transmitting means in the actuator connected condition. </claim-text></claim></claims><copyright>User acknowledges that Fairview Research LLC and its third party providers retain all right, title and interest in and to this xml under applicable copyright laws.  User acquires no ownership rights to this xml including but not limited to its format.  User hereby accepts the terms and conditions of the Licence Agreement</copyright></patent-document>
