<?xml version="1.0" encoding="UTF-8"?>
<patent-document ucid="EP-2958693-A1" country="EP" doc-number="2958693" kind="A1" date="20151230" family-id="49955562" file-reference-id="315472" date-produced="20180825" status="corrected" lang="DE"><bibliographic-data><publication-reference fvid="160453436" ucid="EP-2958693-A1"><document-id><country>EP</country><doc-number>2958693</doc-number><kind>A1</kind><date>20151230</date><lang>DE</lang></document-id></publication-reference><application-reference ucid="EP-14717971-A" is-representative="NO"><document-id mxw-id="PAPP193869840" load-source="patent-office" format="original"><country>EP</country><doc-number>14717971.7</doc-number><date>20140218</date><lang>DE</lang></document-id><document-id mxw-id="PAPP193869841" load-source="docdb" format="epo"><country>EP</country><doc-number>14717971</doc-number><kind>A</kind><date>20140218</date><lang>DE</lang></document-id></application-reference><priority-claims><priority-claim mxw-id="PPC162034224" ucid="AT-2014000032-W" linkage-type="W" load-source="docdb"><document-id format="epo"><country>AT</country><doc-number>2014000032</doc-number><kind>W</kind><date>20140218</date></document-id></priority-claim><priority-claim mxw-id="PPC192774080" ucid="AT-602013-U" load-source="docdb"><document-id format="epo"><country>AT</country><doc-number>602013</doc-number><kind>U</kind><date>20130222</date></document-id></priority-claim></priority-claims><technical-data><classifications-ipcr><classification-ipcr mxw-id="PCL-1988521759" load-source="docdb">B23C   5/26        20060101ALI20140905BHEP        </classification-ipcr><classification-ipcr mxw-id="PCL-1988522325" load-source="docdb">B23B  31/11        20060101ALI20140905BHEP        </classification-ipcr><classification-ipcr mxw-id="PCL-1988522482" load-source="docdb">B23B  31/00        20060101AFI20140905BHEP        </classification-ipcr></classifications-ipcr><classifications-cpc><classification-cpc mxw-id="PCL-1853804290" load-source="docdb" scheme="CPC">B23B2251/02        20130101 LA20170124BHEP        </classification-cpc><classification-cpc mxw-id="PCL-1853804291" load-source="docdb" scheme="CPC">B23B2240/32        20130101 LA20170124BHEP        </classification-cpc><classification-cpc mxw-id="PCL-1984697937" load-source="docdb" scheme="CPC">B23C2240/24        20130101 LA20160106BHEP        </classification-cpc><classification-cpc mxw-id="PCL-1984698337" load-source="docdb" scheme="CPC">B23C2210/02        20130101 LA20160106BHEP        </classification-cpc><classification-cpc mxw-id="PCL-1984698898" load-source="docdb" scheme="CPC">B23B  31/005       20130101 LI20160106BHEP        </classification-cpc><classification-cpc mxw-id="PCL-1984700497" load-source="docdb" scheme="CPC">B23B  31/11        20130101 LI20160106BHEP        </classification-cpc><classification-cpc mxw-id="PCL-1984701504" load-source="docdb" scheme="CPC">B23C2210/03        20130101 LA20160106BHEP        </classification-cpc><classification-cpc mxw-id="PCL-1984702176" load-source="docdb" scheme="CPC">B23B2231/0204      20130101 LA20160106BHEP        </classification-cpc><classification-cpc mxw-id="PCL-1984702989" load-source="docdb" scheme="CPC">B23C   5/10        20130101 FI20160106BHEP        </classification-cpc></classifications-cpc><invention-title mxw-id="PT165551774" lang="DE" load-source="patent-office">FRÄSWERKZEUG</invention-title><invention-title mxw-id="PT165551775" lang="EN" load-source="patent-office">MILLING TOOL</invention-title><invention-title mxw-id="PT165551776" lang="FR" load-source="patent-office">OUTIL DE FRAISAGE</invention-title></technical-data><parties><applicants><applicant mxw-id="PPAR1103305208" load-source="docdb" sequence="1" format="epo"><addressbook><last-name>CERATIZIT AUSTRIA GMBH</last-name><address><country>AT</country></address></addressbook></applicant><applicant mxw-id="PPAR1103313237" load-source="docdb" sequence="1" format="intermediate"><addressbook><last-name>CERATIZIT AUSTRIA GESELLSCHAFT M.B.H.</last-name></addressbook></applicant><applicant mxw-id="PPAR1101643777" load-source="patent-office" sequence="1" format="original"><addressbook><last-name>Ceratizit Austria Gesellschaft m.b.H.</last-name><iid>101337625</iid><address><city>6600 Reutte</city><country>AT</country></address></addressbook></applicant></applicants><inventors><inventor mxw-id="PPAR1103318136" load-source="docdb" sequence="1" format="epo"><addressbook><last-name>BURTSCHER PETER</last-name><address><country>AT</country></address></addressbook></inventor><inventor mxw-id="PPAR1103309206" load-source="docdb" sequence="1" format="intermediate"><addressbook><last-name>BURTSCHER, PETER</last-name></addressbook></inventor><inventor mxw-id="PPAR1101641257" load-source="patent-office" sequence="1" format="original"><addressbook><last-name>BURTSCHER, PETER</last-name><address><street>Luxnach 145</street><city>A-6651 Häselgehr</city><country>AT</country></address></addressbook></inventor><inventor mxw-id="PPAR1103327988" load-source="docdb" sequence="2" format="epo"><addressbook><last-name>PRAST JOSEF</last-name><address><country>AT</country></address></addressbook></inventor><inventor mxw-id="PPAR1103335157" load-source="docdb" sequence="2" format="intermediate"><addressbook><last-name>PRAST, JOSEF</last-name></addressbook></inventor><inventor mxw-id="PPAR1101645706" load-source="patent-office" sequence="2" format="original"><addressbook><last-name>PRAST, JOSEF</last-name><address><street>Reuttenerstrasse 62</street><city>A-6600 Pflach</city><country>AT</country></address></addressbook></inventor></inventors><agents><agent mxw-id="PPAR1101645831" load-source="patent-office" sequence="1" format="original"><addressbook><last-name>Ciesla, Dirk</last-name><iid>101377835</iid><address><street>IP Department Plansee Group Plansee Group Service GmbH</street><city>6600 Reutte</city><country>AT</country></address></addressbook></agent></agents></parties><international-convention-data><pct-or-regional-filing-data ucid="AT-2014000032-W"><document-id><country>AT</country><doc-number>2014000032</doc-number><kind>W</kind><date>20140218</date><lang>DE</lang></document-id></pct-or-regional-filing-data><pct-or-regional-publishing-data ucid="WO-2014127391-A1"><document-id><country>WO</country><doc-number>2014127391</doc-number><kind>A1</kind><date>20140828</date><lang>DE</lang></document-id></pct-or-regional-publishing-data><designated-states><ep-contracting-states><country mxw-id="DS660636615" load-source="docdb">AL</country><country mxw-id="DS660719873" load-source="docdb">AT</country><country mxw-id="DS660636617" load-source="docdb">BE</country><country mxw-id="DS660793242" load-source="docdb">BG</country><country mxw-id="DS660640739" load-source="docdb">CH</country><country mxw-id="DS660750678" load-source="docdb">CY</country><country mxw-id="DS660719874" load-source="docdb">CZ</country><country mxw-id="DS660636618" load-source="docdb">DE</country><country mxw-id="DS660750683" load-source="docdb">DK</country><country mxw-id="DS660750684" load-source="docdb">EE</country><country mxw-id="DS660717464" load-source="docdb">ES</country><country mxw-id="DS660793243" load-source="docdb">FI</country><country mxw-id="DS660793244" load-source="docdb">FR</country><country mxw-id="DS660636631" load-source="docdb">GB</country><country mxw-id="DS660750685" load-source="docdb">GR</country><country mxw-id="DS660636632" load-source="docdb">HR</country><country mxw-id="DS660719879" load-source="docdb">HU</country><country mxw-id="DS660640740" load-source="docdb">IE</country><country mxw-id="DS660750686" load-source="docdb">IS</country><country mxw-id="DS660793245" load-source="docdb">IT</country><country mxw-id="DS660750691" load-source="docdb">LI</country><country mxw-id="DS660638172" load-source="docdb">LT</country><country mxw-id="DS660719880" load-source="docdb">LU</country><country mxw-id="DS660638173" load-source="docdb">LV</country><country mxw-id="DS660638174" load-source="docdb">MC</country><country mxw-id="DS660727794" load-source="docdb">MK</country><country mxw-id="DS660727799" load-source="docdb">MT</country><country mxw-id="DS660719881" load-source="docdb">NL</country><country mxw-id="DS660636633" load-source="docdb">NO</country><country mxw-id="DS660750692" load-source="docdb">PL</country><country mxw-id="DS660638180" load-source="docdb">PT</country><country mxw-id="DS660719882" load-source="docdb">RO</country><country mxw-id="DS660638181" load-source="docdb">RS</country><country mxw-id="DS660750693" load-source="docdb">SE</country><country mxw-id="DS660638182" load-source="docdb">SI</country><country mxw-id="DS660636634" load-source="docdb">SK</country><country mxw-id="DS660750694" load-source="docdb">SM</country><country mxw-id="DS660727800" load-source="docdb">TR</country></ep-contracting-states><ep-extended-states><ep-extended-state-data><country>BA</country></ep-extended-state-data><ep-extended-state-data><country>ME</country></ep-extended-state-data></ep-extended-states></designated-states></international-convention-data><office-specific-data><eptags><ep-no-a-document-published>*</ep-no-a-document-published></eptags></office-specific-data></bibliographic-data><abstract mxw-id="PA139081670" ref-ucid="WO-2014127391-A1" lang="DE" load-source="patent-office"><p num="0000">Es wird ein Fräswerkzeug (1) bereitgestellt, mit: einem Werkzeugschaft (2) mit einer Längsachse (L) und einem stirnseitig an dem Werkzeugschaft (2) befestigten Schneidkopf (4), der eine Mehrzahl von Schneiden (4a) zur zerspanenden Bearbeitung eines Werkstücks aufweist. Der Werkzeugschaft (2) und der Schneidkopf (4) sind über eine Klemmverbindung miteinander verbunden. Die Klemmverbindung weist einen Vorsprung (11) mit umfangsseitig einer Mehrzahl von Klemmflächen (12) und eine Ausnehmung (3) mit umfangsseitig einer Mehrzahl von mit den Klemmflächen (12) zusammenwirkenden Zentrierflächen (6) auf. Die Zentrierflächen (6) weisen jeweils einen ersten Bereich (6a) auf, bei dem die Zentrierflächen (6) in einem Schnitt senkrecht zur Längsachse (L) einen ersten Abstand zu der Längsachse (L) aufweisen, und der erste Bereich (6a) geht in einen zweiten Bereich (6b) über, bei dem die Zentrierflächen (6) in dem Schnitt senkrecht zur Längsachse (L) einen kleineren zweiten Abstand zu der Längsachse (L) aufweisen, so dass die Klemmflächen (12) des Vorsprungs (11) zwischen den ersten Bereichen (6a) der Zentrierflächen (6) in die Ausnehmung (3) einführbar sind und durch Rotation des Schneidkopfes (4) relativ zu dem Werkzeugschaft (2) um die Längsachse (L) in eine Klemmposition bewegbar sind, in der die Klemmflächen (12) kraftschlüssig mit den zweiten Bereichen (6b) der Zentrierflächen (6) zusammenwirken.</p></abstract><abstract mxw-id="PA139547997" ref-ucid="WO-2014127391-A1" lang="DE" source="national office" load-source="docdb"><p>Es wird ein Fräswerkzeug (1) bereitgestellt, mit: einem Werkzeugschaft (2) mit einer Längsachse (L) und einem stirnseitig an dem Werkzeugschaft (2) befestigten Schneidkopf (4), der eine Mehrzahl von Schneiden (4a) zur zerspanenden Bearbeitung eines Werkstücks aufweist. Der Werkzeugschaft (2) und der Schneidkopf (4) sind über eine Klemmverbindung miteinander verbunden. Die Klemmverbindung weist einen Vorsprung (11) mit umfangsseitig einer Mehrzahl von Klemmflächen (12) und eine Ausnehmung (3) mit umfangsseitig einer Mehrzahl von mit den Klemmflächen (12) zusammenwirkenden Zentrierflächen (6) auf. Die Zentrierflächen (6) weisen jeweils einen ersten Bereich (6a) auf, bei dem die Zentrierflächen (6) in einem Schnitt senkrecht zur Längsachse (L) einen ersten Abstand zu der Längsachse (L) aufweisen, und der erste Bereich (6a) geht in einen zweiten Bereich (6b) über, bei dem die Zentrierflächen (6) in dem Schnitt senkrecht zur Längsachse (L) einen kleineren zweiten Abstand zu der Längsachse (L) aufweisen, so dass die Klemmflächen (12) des Vorsprungs (11) zwischen den ersten Bereichen (6a) der Zentrierflächen (6) in die Ausnehmung (3) einführbar sind und durch Rotation des Schneidkopfes (4) relativ zu dem Werkzeugschaft (2) um die Längsachse (L) in eine Klemmposition bewegbar sind, in der die Klemmflächen (12) kraftschlüssig mit den zweiten Bereichen (6b) der Zentrierflächen (6) zusammenwirken.</p></abstract><abstract mxw-id="PA139081671" ref-ucid="WO-2014127391-A1" lang="EN" load-source="patent-office"><p num="0000">A milling tool (1) is provided, comprising: a tool shank (2) with a longitudinal axis (L), and a cutting head (4), which is secured at an end face to the tool shank (2) and has a plurality of cutting edges (4a) for the machining of a workpiece. The tool shank (2) and the cutting head (4) are connected to one another by way of a clamping connection. The clamping connection has a projection (11) with a plurality of clamping areas (12) around the circumference and a clearance (3) with a plurality of centring areas (6) around the circumference, interacting with the clamping areas (12). The centring areas (6) have in each case a first region (6a), where the centring areas (6) are at a first distance from the longitudinal axis (L) in a section perpendicular to the longitudinal axis (L), and the first region (6a) goes over into a second region (6b), where the centring areas (6) are at a smaller, second distance from the longitudinal axis (L) in the section perpendicular to the longitudinal axis (L), and so the clamping areas (12) of the projection (11) can be inserted into the clearance (3) between the first regions (6a) of the centring areas (6) and, by rotation of the cutting head (4) in relation to the tool shank (2) about the longitudinal axis (L), can be moved into a clamping position, in which the clamping areas (12) interact in a frictionally engaging manner with the second regions (6b) of the centring areas (6).</p></abstract><abstract mxw-id="PA139547998" ref-ucid="WO-2014127391-A1" lang="EN" source="national office" load-source="docdb"><p>A milling tool (1) is provided, comprising: a tool shank (2) with a longitudinal axis (L), and a cutting head (4), which is secured at an end face to the tool shank (2) and has a plurality of cutting edges (4a) for the machining of a workpiece. The tool shank (2) and the cutting head (4) are connected to one another by way of a clamping connection. The clamping connection has a projection (11) with a plurality of clamping areas (12) around the circumference and a clearance (3) with a plurality of centring areas (6) around the circumference, interacting with the clamping areas (12). The centring areas (6) have in each case a first region (6a), where the centring areas (6) are at a first distance from the longitudinal axis (L) in a section perpendicular to the longitudinal axis (L), and the first region (6a) goes over into a second region (6b), where the centring areas (6) are at a smaller, second distance from the longitudinal axis (L) in the section perpendicular to the longitudinal axis (L), and so the clamping areas (12) of the projection (11) can be inserted into the clearance (3) between the first regions (6a) of the centring areas (6) and, by rotation of the cutting head (4) in relation to the tool shank (2) about the longitudinal axis (L), can be moved into a clamping position, in which the clamping areas (12) interact in a frictionally engaging manner with the second regions (6b) of the centring areas (6).</p></abstract><abstract mxw-id="PA139081672" ref-ucid="WO-2014127391-A1" lang="FR" load-source="patent-office"><p num="0000">La présente invention concerne un outil de fraisage (1)comprenant une tige (2) ayant un axe longitudinal (L) et une tête de coupe (4) fixée à la tige (2) et comportant une pluralité de taillants (4a) destinés à usiner une pièce par enlèvement de copeaux. La tige (2) et la tête de coupe (4) sont reliées l'une à l'autre par une liaison par serrage. La liaison par serrage comprend une saillie (11) dotée sur la périphérie d'une pluralité de faces de serrage (12) et un évidement (3) doté sur la périphérie d'une pluralité de faces de centrage (6) coopérant avec les faces de serrage (12). Les faces de centrage (6) comportent chacune une première zone (6a) dans laquelle les faces de centrage (6) se trouvent, dans une section perpendiculaire à l'axe longitudinal (L), à une première distance de l'axe longitudinal (L). De plus, La première zone (6a) se raccorde à une seconde zone (6b) dans laquelle les faces de centrage (6) se trouvent, dans la section perpendiculaire à l'axe longitudinal (L), à une seconde distance, plus petite, de l'axe longitudinal (L). De cette façon, selon l'invention, les faces de serrage (12) de la saillie (11) entre les premières zones (6a) des faces de centrage (6) peuvent être insérées dans l'évidement (3) et, par rotation de la tête de coupe (4) par rapport à la tige de l'outil (2), elles peuvent être déplacées autour de l'axe longitudinal (L) pour venir dans une position de serrage dans laquelle les faces de serrage (12) coopèrent par adhérence avec les secondes zones (6b) des faces de centrage (6).</p></abstract><abstract mxw-id="PA139547999" ref-ucid="WO-2014127391-A1" lang="FR" source="national office" load-source="docdb"><p>La présente invention concerne un outil de fraisage (1)comprenant une tige (2) ayant un axe longitudinal (L) et une tête de coupe (4) fixée à la tige (2) et comportant une pluralité de taillants (4a) destinés à usiner une pièce par enlèvement de copeaux. La tige (2) et la tête de coupe (4) sont reliées l'une à l'autre par une liaison par serrage. La liaison par serrage comprend une saillie (11) dotée sur la périphérie d'une pluralité de faces de serrage (12) et un évidement (3) doté sur la périphérie d'une pluralité de faces de centrage (6) coopérant avec les faces de serrage (12). Les faces de centrage (6) comportent chacune une première zone (6a) dans laquelle les faces de centrage (6) se trouvent, dans une section perpendiculaire à l'axe longitudinal (L), à une première distance de l'axe longitudinal (L). De plus, La première zone (6a) se raccorde à une seconde zone (6b) dans laquelle les faces de centrage (6) se trouvent, dans la section perpendiculaire à l'axe longitudinal (L), à une seconde distance, plus petite, de l'axe longitudinal (L). De cette façon, selon l'invention, les faces de serrage (12) de la saillie (11) entre les premières zones (6a) des faces de centrage (6) peuvent être insérées dans l'évidement (3) et, par rotation de la tête de coupe (4) par rapport à la tige de l'outil (2), elles peuvent être déplacées autour de l'axe longitudinal (L) pour venir dans une position de serrage dans laquelle les faces de serrage (12) coopèrent par adhérence avec les secondes zones (6b) des faces de centrage (6).</p></abstract><description mxw-id="PDES78478712" ref-ucid="WO-2014127391-A1" lang="DE" load-source="patent-office"><!-- EPO <DP n="3"/>--><p id="p0001" num="0001"> FRÄSWERKZEUG </p><p id="p0002" num="0002">Die vorliegende Erfindung betrifft ein Fräswerkzeug mit einem Werkzeugschaft und einem stimseitig an dem Werkzeugschaft befestigten Schneidkopf, einen Schneid köpf für ein solches Fräswerkzeug, eine Verwendung eines solchen Schneidkopfes und ein Verfahren zum Befestigen eines Schneidkopfes an einem Werkzeugschaft eines Fräswerkzeugs. </p><p id="p0003" num="0003">Bei der zerspanenden Bearbeitung von insbesondere metallischen Werkstoffen kommen üblicherweise Werkzeuge zum Einsatz, die zumindest im Bereich der mit dem Werkstoff in Eingriff gelangenden Schneiden aus einem Hartwerkstoff gebildet sind. Als Hartwerkstoffe kommen dabei neben Hartmetall und Cermets zum Teil auch ultraharte Werkstoffe wie insbesondere polykristalliner Diamant (PKD) oder kubisches Bornitrid (CBN) zum Einsatz. Dabei ist es einerseits bekannt, das gesamte Werkzeug, wie z.B. ein Fräswerkzeug, vollständig aus dem Hartwerkstoff zu fertigen, was allerdings eine relativ große Menge des wertvollen und relativ spröden Hartwerkstoffs erfordert. Andererseits ist es bekannt, einen Werkzeugschaft, der aus einem zäheren und kostengünstigeren Material, wie z.B. Werkzeugstahl, gefertigt sein kann, mit auswechselbaren Bauteilen aus Hartwerkstoff zu bestücken, die mit den Schneiden versehen sind. Diese Lösung hat den Vorteil, dass der Materialbedarf an dem </p><p id="p0004" num="0004">Hartwerkstoff verringert werden kann und bei einem auftretenden Verschleiß der Schneiden nur ein Austausch der auswechselbaren Bauteile aus </p><p id="p0005" num="0005">Hartwerkstoff erfolgen muss. </p><p id="p0006" num="0006">Insbesondere Fräswerkzeuge sind dabei häufig mit einem Werkzeugschaft aus z.B. Werkzeugstahl ausgebildet, der mit einer Mehrzahl von </p><p id="p0007" num="0007">Wendeschneidplatten bestückt ist, die jeweils eine Mehrzahl von Schneiden aufweisen können, die bei auftretendem Verschleiß sukzessiv durch Indexieren zum Einsatz gebracht werden können. Aufgrund der nur in gewissen Grenzen möglichen Miniaturisierung der Wendeschneidplatten und Aufnahmen, in denen diese befestigt werden, bereitet es Probleme mit dieser Bauart Fräswerkzeuge bereitzustellen, die einen kleinen Durchmesser und gleichzeitig eine relativ große Anzahl an gleichzeitig einsetzbaren Schneiden bzw. Zähnen aufweisen. 
<!-- EPO <DP n="4"/>-->
 Um die Vorteile von auswechselbaren Schneiden aus Hartwerkstoff auch bei Fräswerkzeugen mit kleinen Durchmessern realisieren zu können, wird zum Beispiel in DE 203 06 151 U1 ein Fräswerkzeug vorgeschlagen, das einen Werkzeugschaft aufweist, an dem stirnseitig ein auswechselbarer Schneidkopf befestigt ist, der mit einer Mehrzahl von Schneiden versehen ist. Bei dem in der DE 203 06 151 111 beschriebenen Fräswerkzeug weist der Werkzeugschaft eine stirnseitige Ausnehmung auf, in die ein Vorsprung an der Unterseite des Schneidkopfes, der exakt die Form der Ausnehmung aufweist, formschlüssig in der axialen Richtung eingeführt wird. Diese Ausgestaltung erfordert jedoch das Einhalten äußerst geringer Toleranzen bei dem Vorsprung an der Unterseite des Schneidkopfes. </p><p id="p0008" num="0008">Es ist Aufgabe der vorliegenden Erfindung, ein Fräswerkzeug bereitzustellen, dass auch bei kleinem Durchmesser eine große Anzahl an gleichzeitig einsetzbaren Schneiden ermöglicht und dabei eine einfache und dennoch exakte Befestigung eines Schneidkopfes an einem Werkzeugschaft bereitstellt, die keine mechanische Feinbearbeitung des der Befestigung dienenden </p><p id="p0009" num="0009">Bereichs des Schneidkopfes erfordert. Die Aufgabe wird durch ein Fräswerkzeug nach Anspruch 1 gelöst. Vorteilhafte Weiterbildungen sind in den abhängigen Ansprüchen angegeben. </p><p id="p0010" num="0010">Das Fräswerkzeug weist einen Werkzeugschaft mit einer Längsachse und einen stirnseitig an dem Werkzeugschaft befestigten Schneidkopf, der eine Mehrzahl von Schneiden zur zerspanenden Bearbeitung eines Werkstücks aufweist, auf. Der Werkzeugschaft und der Schneidkopf sind über eine </p><p id="p0011" num="0011">Klemmverbindung miteinander verbunden. Die Klemmverbindung weist einen Vorsprung mit umfangsseitig einer Mehrzahl von Klemmflächen und eine Ausnehmung mit umfangsseitig einer Mehrzahl von mit den Klemmflächen zusammenwirkenden Zentnerflächen auf. Die Zentrierflächen weisen jeweils einen ersten Bereich auf, bei dem die Zentrierflächen in einem Schnitt senkrecht zur Längsachse einen ersten Abstand zu der Längsachse aufweisen, und der erste Bereich geht in einen zweiten Bereich über, bei dem die </p><p id="p0012" num="0012">Zentrierflächen in dem Schnitt senkrecht zur Längsachse einen kleineren 
<!-- EPO <DP n="5"/>-->
 zweiten Abstand zu der Längsachse aufweisen, so dass die Klemmflächen des Vorsprungs zwischen den ersten Bereichen der Zentrierflächen in die </p><p id="p0013" num="0013">Ausnehmung einführbar sind und durch Rotation des Schneidkopfes relativ zu dem Werkzeugschaft um die Längsachse in eine Klemmposition bewegbar sind, in der die Klemmflächen kraftschlüssig mit den zweiten Bereichen der Zentrierflächen zusammenwirken. </p><p id="p0014" num="0014">Der Vorsprung der Klemmverbindung kann dabei gemäß einer bevorzugten ersten Variante an dem Schneidkopf ausgebildet sein und die Ausnehmung an dem Werkzeugschaft. Gemäß einer zweiten Variante kann die Ausnehmung der Klemmverbindung jedoch auch an dem Schneidkopf ausgebildet sein und der Vorsprung an dem Werkzeugschaft. Durch die angegebene Ausgestaltung der Klemmverbindung zwischen dem Schneidkopf und dem Werkzeugschaft wird eine selbstzentrierende und zuverlässige Verbindung zwischen dem </p><p id="p0015" num="0015">Werkzeugschaft und dem Schneidkopf ermöglicht, die keine mechanische Nachbearbeitung des Teils der Klemmverbindung erfordert, der an dem </p><p id="p0016" num="0016">Schneidkopf ausgebildet ist, so </p><p id="p0017" num="0017">dass der Schneidkopf in kostengünstiger Weise in einem pulvermetallurgischen Herstellungsverfahren durch Pressen und Sintern aus pulverförmigem </p><p id="p0018" num="0018">Ausgangsmaterial herstellbar ist. Durch den selbstzentrierenden Effekt der angegebenen Ausgestaltung von Ausnehmung und Vorsprung und durch das kraftschlüssige Zusammenwirken der Klemmflächen mit den zweiten Bereichen der Zentrierflächen werden ferner die auf eine Befestigungsschraube zum Befestigen des Schneidkopfes an dem Werkzeugschaft wirkenden Kräfte sehr gering gehalten, wodurch die Zuverlässigkeit des Fräswerkzeugs erhöht wird. Ferner kann bei der angegebenen Ausgestaltung vorteilhaft erreicht werden, dass die den Kraftschluss bewirkenden Kontaktbereiche der Klemmflächen mit den Zentrierflächen zumindest im Wesentlichen tangential an einen Kreis verlaufen, dessen Mitte sich auf der Längsachse des Fräswerkzeugs befindet. Die den Kraftschluss bewirkenden Kräfte verlaufen in diesem Fall im </p><p id="p0019" num="0019"> Wesentlichen in radialer Richtung. Unter im Wesentlichen tangential wird dabei eine Abweichung von der tangentialen Richtung um weniger als 10°, bevorzugt weniger als 8°, mehr bevorzugt weniger als 5° verstanden. Sofern im Rahmen der vorliegenden Beschreibung die Begriffe axial, radial oder tangential oder 
<!-- EPO <DP n="6"/>-->
 von diesen abgeleitete Formen verwendet werden, beziehen sich diese Begriffe jeweils auf die Längsachse des Fräswerkzeugs, die gleichzeitig im Betrieb des Fräswerkzeugs die Rotationsachse bildet. Durch die Ausbildung der </p><p id="p0020" num="0020">kraftschlüssigen Verbindung zwischen den Klemmflächen und den zweiten Bereichen der Zentrierflächen ist der Schneidkopf in der Klemmposition ferner selbsthemmend an dem Werkzeugschaft gehalten. </p><p id="p0021" num="0021">Gemäß einer Weiterbildung weist die Ausnehmung eine Mehrzahl von radial nach innen vorspringenden Anschlagabschnitten auf, die eine Rotation des Schneidkopfes relativ zu dem Werkzeugschaft um die Längsachse begrenzen. Durch die Anschlagabschnitte kann die Klemmposition des Schneidkopfes an dem Werkzeugabschnitt exakt vorgegeben werden und die in radialer Richtung wirkenden Klemmkräfte, die den Kraftschluss zwischen dem Schneidkopf und dem Werkzeugschaft bewirken, können zuverlässig begrenzt werden, so dass eine unerwünscht hohe Krafteinwirkung auf die Wände der Ausnehmung verhindert ist. Ferner dienen die Anschlagabschnitte gleichzeitig als </p><p id="p0022" num="0022">Mitnehmerabschnitte, die im Betrieb eine zuverlässige Übertragung der Rotation von dem Werkzeugschaft auf den Schneidkopf vermitteln. Gemäß einer Weiterbildung verlaufen die Klemmflächen in einem Schnitt senkrecht zur Längsachse betrachtet auf einem gemeinsamen Kreis, dessen Zentrum auf der Längsachse liegt. In diesem Fall werden eine besonders gleichmäßige Einleitung der Klemmkräfte und eine zuverlässige Zentrierung des Schneidkopfes relativ zu dem Werkzeugschaft erreicht. Gemäß einer bevorzugten Ausgestaltung können die Klemmflächen bezüglich einer Rotation um die Längsachse auch eine n-zählige Symmetrie mit n e {2, 3, 4, ...}, bevorzugt n = 3 aufweisen. </p><p id="p0023" num="0023">Gemäß einer Weiterbildung erstrecken sich die Klemmflächen entlang einer gemeinsamen Zylinder- oder Kegeloberfläche, deren Symmetrieachse mit der Längsachse zusammenfällt. In diesem Fall ist eine besonders einfache </p><p id="p0024" num="0024">Fertigung der Klemmflächen ermöglicht. Insbesondere in einem Fall, bei dem die Klemmflächen an dem Schneidkopf ausgebildet sind, ist eine besonders einfache pulvermetallurgische Fertigung der Klemmflächen ohne mechanische 
<!-- EPO <DP n="7"/>-->
 Nachbearbeitung ermöglicht. Im Fall einer Erstreckung entlang einer </p><p id="p0025" num="0025">Kegeloberfläche verjüngt sich der Vorsprung bevorzugt in Richtung seines freien Endes. Gemäß einer Weiterbildung weist der Vorsprung drei Klemmflächen auf. In diesem Fall wird mit geringen Toleranzanforderungen eine zuverlässige </p><p id="p0026" num="0026">Zentrierung und Befestigung des Schneidkopfes an dem Werkzeugschaft ermöglicht. Bevorzugt sind die Klemmflächen dabei gleichmäßig über den Außenumfang des Vorsprungs verteilt. </p><p id="p0027" num="0027">Gemäß einer Weiterbildung bilden die Klemmflächen in einem Schnitt senkrecht zu der Längsachse die radial am weitesten hervorstehenden Bereiche des Vorsprungs. In diesem Fall wird zuverlässig eine Krafteinleitung für die kraftschlüssige Verbindung zwischen den Klemmflächen und den </p><p id="p0028" num="0028">Zentrierflächen erreicht, bei der die wirkenden Kräfte im Wesentlichen in radialer Richtung verlaufen. </p><p id="p0029" num="0029">Gemäß einer Weiterbildung weist der Schneidkopf eine Bohrung zur Aufnahme einer Befestigungsschraube auf und die Bohrung erstreckt sich in der axialen Richtung durch den Schneidkopf hindurch. In diesem Fall ist eine besonders zuverlässige und symmetrische Befestigung des Schneidkopfes an dem </p><p id="p0030" num="0030">Werkzeugschaft erreicht. </p><p id="p0031" num="0031">Gemäß einer Weiterbildung ist in dem Werkzeugschaft eine koaxiale </p><p id="p0032" num="0032">Gewindebohrung zur Befestigung des Schneidkopfes an dem Werkzeugschaft ausgebildet. Durch die koaxiale Anordnung der Gewindebohrung kann die durch die Gewindebohrung bedingte Schwächung des Werkzeugschaftes gering gehalten werden. Gemäß einer Weiterbildung ist eine Gewindebuchse vorgesehen, die ein Außengewinde zum Zusammenwirken mit der Gewindebohrung in dem </p><p id="p0033" num="0033">Werkzeugschaft und ein Innengewinde zum Zusammenwirken mit einer </p><p id="p0034" num="0034">Befestigungsschraube zum Befestigen des Schneidkopfes aufweist. Die 
<!-- EPO <DP n="8"/>-->
 Gewindebuchse ermöglicht ein zuverlässiges Lösen des Schneidkopfes von dem Werkzeugschaft, wenn ein Austausch des Schneidkopfes erfolgen soll. </p><p id="p0035" num="0035">Gemäß einer Weiterbildung weist die Gewindebuchse zumindest auf einer dem Schneidkopf zugewandten Seite einen Außendurchmesser auf, der größer ist als ein Innendurchmesser einer Bohrung in dem Schneidkopf. In diesem Fall kann die kraftschlüssige Verbindung zwischen dem Schneidkopf und dem Werkzeugschaft besonders zuverlässig dadurch gelöst werden, dass die dem Schneidkopf zugewandte Seite der Gewindebuchse gegen den Schneidkopf gedrückt wird. </p><p id="p0036" num="0036">Bevorzugt ist die Gewindebuchse auf einer dem Schneidkopf zugewandten Seite mit einem Profil zum Eingreifen mit einem Schraubwerkzeug versehen, so dass die Gewindebuchse in einfacher Weise zum Lösen der kraftschlüssigen Verbindungen zwischen dem Schneidkopf und dem Werkzeugschaft bewegt werden kann. Bevorzugt kann das Profil dabei z.B. durch ein Innenprofil, wie insbesondere einen Innensechskant gebildet sein. </p><p id="p0037" num="0037">Bevorzugt weist der Schneidkopf eine Bohrung zur Aufnahme einer </p><p id="p0038" num="0038">Befestigungsschraube auf, deren Durchmesser derart auf das Profil zum Eingreifen mit einem Schraubwerkzeug abgestimmt ist, dass ein </p><p id="p0039" num="0039">Schraubwerkzeug durch die Bohrung in dem Schneidkopf hindurch mit dem Profil in Eingriff bringbar ist. In diesem Fall ist ein besonders komfortabler Austausch des Schneidkopfes ermöglicht. Um dies zu erreichen, können insbesondere zumindest Teile des Profils einen Innendurchmesser aufweisen, der kleiner als der Durchmesser der Bohrung zur Aufnahme der </p><p id="p0040" num="0040">Befestigungsschraube ist. </p><p id="p0041" num="0041">Gemäß einer bevorzugten Ausgestaltung ist der Vorsprung der </p><p id="p0042" num="0042">Klemmverbindung einstückig mit dem Schneidkopf ausgebildet und die </p><p id="p0043" num="0043">Ausnehmung der Klemmverbindung ist stirnseitig in dem Werkzeugschaft ausgebildet. In diesem Fall sind der in der Klemmposition druckbelastete Vorsprung aus dem üblicherweise spröderen Material des Schneidkopfes und die Ausnehmung in dem zäheren Material des Werkzeugschaftes ausgebildet, 
<!-- EPO <DP n="9"/>-->
 so dass ein unerwünschtes Aufplatzen des Materials des Schneidkopfes zuverlässig verhindert werden kann. Bevorzugt ist der Vorsprung dabei in einem gemeinsamen pulvermetallurgischen Herstellungsprozess mit dem Rest des Schneidkopfes ausgebildet, so dass der Vorsprung und der Rest des Schneidkopfes eine im Wesentlichen homogene Gefügestruktur aufweisen. </p><p id="p0044" num="0044">Gemäß einer anderen Ausgestaltung ist der Vorsprung der Klemmverbindung einstückig mit dem Werkzeugschaft ausgebildet und die Ausnehmung der Klemmverbindung ist in dem Schneidkopf ausgebildet. </p><p id="p0045" num="0045">Gemäß einer bevorzugten Weiterbildung ist der Schneidkopf aus einem </p><p id="p0046" num="0046">Hartwerkstoff, insbesondere Hartmetall oder einem Cermet, ausgebildet. </p><p id="p0047" num="0047">Die Aufgabe wird auch durch einen Schneidkopf für ein zuvor beschriebenes Fräswerkzeug nach Anspruch 16 gelöst. Vorteilhafte Weiterbildungen sind in den abhängigen Ansprüchen angegeben. </p><p id="p0048" num="0048">Der Schneidkopf für ein zuvor beschriebenes Fräswerkzeug weist eine </p><p id="p0049" num="0049">Mehrzahl von Schneiden zur zerspanenden Bearbeitung eines Werkstücks und einen einstückig mit dem Schneidkopf ausgebildeten Vorsprung mit einer</p><p id="p0050" num="0050">Mehrzahl von Klemmflächen zum gleichzeitigen Klemmen und Zentrieren des Schneidkopfes in einer Ausnehmung an einem Werkzeugschaft auf. Die Klemmflächen sind zur Ausbildung einer kraftschlüssigen Verbindung mit Zentrierflächen in der Ausnehmung ausgebildet. Die Klemmflächen erstrecken sich in einem Schnitt senkrecht zu einer Längsachse des Schneidkopfes entlang der Kontur eines gemeinsamen Kreises, dessen Zentrum auf der Längsachse liegt. </p><p id="p0051" num="0051">Mit dem Schneidkopf werden die oben in Bezug auf das Fräswerkzeug angegebenen Vorteile erzielt. Durch die Anordnung der Klemmflächen derart, dass sich diese entlang der Kontur des gemeinsamen Kreises erstrecken, wird insbesondere eine selbstzentrierende und zuverlässige Verbindung mit dem Werkzeugschaft ermöglicht, die keine mechanische Nachbearbeitung des Vorsprungs an dem Schneidkopf erfordert. Ferner werden die auf eine 
<!-- EPO <DP n="10"/>-->
 Befestigungsschraube zum Befestigen des Schneidkopfes an dem </p><p id="p0052" num="0052">Werkzeugschaft wirkenden Kräfte sehr gering gehalten. Es ist zudem erreicht, dass die den Kraftschluss bewirkenden Kontaktbereiche der Klemmflächen mit den Zentrierflächen zumindest im Wesentlichen tangential an einen Kreis verlaufen, dessen Mitte sich auf der Längsachse befindet. </p><p id="p0053" num="0053">Gemäß einer Weiterbildung weist der Vorsprung zwischen benachbarten Klemmflächen angeordnete Abflachungen zum Abstützen an radial nach innen vorstehenden Anschlagabschnitten in einer Ausnehmung an einem </p><p id="p0054" num="0054">Werkzeugschaft auf. Durch die Abflachungen kann die Klemmposition des Schneidkopfes in der Ausnehmung exakt vorgegeben werden und die in radialer Richtung wirkenden Klemmkräfte, die den Kraftschluss zwischen dem Schneidkopf und dem Werkzeugschaft bewirken, können zuverlässig begrenzt werden, so dass eine unerwünscht hohe Krafteinwirkung auf die Wände der Ausnehmung verhindert ist. Ferner ist über die Abflachungen im Betrieb des Fräswerkzeugs eine zuverlässige Übertragung der Rotation von dem </p><p id="p0055" num="0055">Werkzeugschaft auf den Schneidkopf ermöglicht. </p><p id="p0056" num="0056">Gemäß einer Weiterbildung bilden die Klemmflächen in einem Schnitt senkrecht zu der Längsachse die radial am weitesten hervorstehenden Bereiche des Vorsprungs. In diesem Fall wird zuverlässig eine Krafteinleitung für die kraftschlüssige Verbindung zwischen den Klemmflächen und an einer </p><p id="p0057" num="0057">Ausnehmung vorgesehenen Zentrierflächen erreicht, bei der die wirkenden Kräfte im Wesentlichen in radialer Richtung verlaufen. </p><p id="p0058" num="0058">Gemäß einer Weiterbildung erstrecken sich die Klemmflächen entlang der Kontur einer gemeinsamen Zylinder- oder Kegeloberfläche, deren </p><p id="p0059" num="0059">Symmetrieachse mit der Längsachse zusammenfällt. In diesem Fall ist eine besonders einfache Fertigung der Klemmflächen ermöglicht, insbesondere eine pulvermetallurgische Fertigung der Klemmfiächen ohne mechanische </p><p id="p0060" num="0060">Nachbearbeitung. </p><p id="p0061" num="0061">Die Aufgabe wird auch durch eine Verwendung eines derartigen Schneidkopfes gemäß Anspruch 20 gelöst. 
<!-- EPO <DP n="11"/>-->
 Es handelt sich dabei um eine Verwendung eines derartigen Schneidkopfes an einem Werkzeugschaft mit einer Längsachse und einer stirnseitigen </p><p id="p0062" num="0062">Ausnehmung, die umfangsseitig eine Mehrzahl von mit den Klemmflächen zusammenwirkenden Zentrierflächen aufweist. Die Zentrierflächen weisen jeweils einen ersten Bereich auf, bei dem die Zentrierflächen in einem Schnitt senkrecht zur Längsachse einen ersten Abstand zu der Längsachse aufweisen, und der erste Bereich geht in einen zweiten Bereich über, bei dem die </p><p id="p0063" num="0063">Zentrierflächen in dem Schnitt senkrecht zur Längsachse einen kleineren zweiten Abstand zu der Längsachse aufweisen. Bei der Verwendung werden die Klemmflächen in eine kraftschlüssige Verbindung mit den zweiten </p><p id="p0064" num="0064">Bereichen der Zentrierflächen gebracht. </p><p id="p0065" num="0065">Die Aufgabe wird auch durch ein Verfahren zum Befestigen eines </p><p id="p0066" num="0066">Schneidkopfes an einem Werkzeugschaft nach Anspruch 21 gelöst. </p><p id="p0067" num="0067">Es handelt sich um ein Verfahren zum Befestigen eines Schneidkopfes an einem Werkzeugschaft eines Fräswerkzeugs, wobei der Werkzeugschaft eine Längsachse aufweist und der Schneidkopf eine Mehrzahl von Schneiden zur zerspanenden Bearbeitung eines Werkstücks aufweist, wobei der </p><p id="p0068" num="0068">Werkzeugschaft und der Schneidkopf über eine Klemmverbindung miteinander verbunden werden, welche Klemmverbindung einen Vorsprung mit </p><p id="p0069" num="0069">umfangsseitig einer Mehrzahl von Klemmflächen und eine Ausnehmung mit umfangsseitig einer Mehrzahl von mit den Klemmflächen zusammenwirkenden Zentrierflächen aufweist, und wobei die Zentrierflächen jeweils einen ersten Bereich aufweisen, bei dem die Zentrierflächen in einem Schnitt senkrecht zur Längsachse einen ersten Abstand zu der Längsachse aufweisen, und der erste Bereich in einen zweiten Bereich übergeht, bei dem die Zentrierflächen in dem Schnitt senkrecht zur Längsachse einen kleineren zweiten Abstand zu der Längsachse aufweisen. Das Verfahren weist die folgenden Schritte auf: </p><p id="p0070" num="0070">Einführen der Klemmflächen des Vorsprungs zwischen den ersten Bereichen der Zentrierflächen in die Ausnehmung und Rotation des Schneidkopfes relativ zu dem Werkzeugschaft um die Längsachse in eine Kiemmposition, so dass die Klemmflächen eine kraftschlüssige Verbindung mit den zweiten Bereichen der Zentrierflächen eingehen. 
<!-- EPO <DP n="12"/>-->
 Weitere Vorteile und Zweckmäßigkeiten der Erfindung ergeben sich anhand der nachfolgenden Beschreibung von Ausführungsbeispielen unter Bezugnahme auf die beigefügten Figuren. </p><p id="p0071" num="0071">Von den Figuren zeigen: </p><p id="p0072" num="0072"> Fig. 1 : eine perspektivische Darstellung eines Fräswerkzeugs gemäß einer Ausführungsform; </p><p id="p0073" num="0073"> Fig. 2: eine Seitenansicht des Fräswerkzeugs gemäß der </p><p id="p0074" num="0074"> Ausführungsform; </p><p id="p0075" num="0075"> Fig. 3: eine Schnittdarstellung entlang der Linie A-A von Fig. 2; </p><p id="p0076" num="0076"> Fig. 4: eine Fig. 3 entsprechende Schnittdarstellung, jedoch ohne </p><p id="p0077" num="0077"> Befestigungsschraube; </p><p id="p0078" num="0078"> Fig. 5: eine perspektivische Darstellung einer Gewindebuchse bei der </p><p id="p0079" num="0079"> Ausführungsform; </p><p id="p0080" num="0080"> Fig. 6: eine schematische Prinzipdarstellung zur Erläuterung der </p><p id="p0081" num="0081"> Klemmverbindung bei der Ausführungsform; </p><p id="p0082" num="0082"> Fig. 7: eine perspektivische Darstellung des Werkzeugschafts bei der </p><p id="p0083" num="0083"> Ausführungsform; </p><p id="p0084" num="0084"> Fig. 8: eine Schnittdarstellung des Werkzeugschafts; </p><p id="p0085" num="0085"> Fig. 9: eine perspektivische Darstellung eines Schneidkopfes bei der </p><p id="p0086" num="0086"> Ausführungsform; </p><p id="p0087" num="0087"> Fig. 10: eine weitere perspektivische Darstellung des Schneidkopfes;</p><p id="p0088" num="0088">Fig. 11 : eine Draufsicht auf die Stirnseite des Schneidkopfes; </p><p id="p0089" num="0089"> Fig. 12: eine Draufsicht auf die Rückseite des Schneidkopfes; </p><p id="p0090" num="0090"> Fig. 13: einen Schnitt senkrecht zu der Längsachse im Bereich eines </p><p id="p0091" num="0091"> Vorsprungs und einer Ausnehmung einer Klemmverbindung in einer ersten Stellung; </p><p id="p0092" num="0092">Fig. 14: einen Schnitt senkrecht zu der Längsachse im Bereich des </p><p id="p0093" num="0093"> Vorsprungs und der Ausnehmung der Klemmverbindung in einer zweiten Stellung; </p><p id="p0094" num="0094"> Fig. 15: eine Fig. 11 entsprechende Prinzipdarstellung zur Erläuterung der </p><p id="p0095" num="0095"> Klemmverbindung zwischen dem Schneid köpf und dem Werkzeugschaft; und 
<!-- EPO <DP n="13"/>-->
 Fig. 16: eine Fig. 12 entsprechende Prinzipdarstellung zur Erläuterung der Klemmverbindung. </p><p id="p0096" num="0096">Ein Fräswerkzeug 1 gemäß einer Ausführungsform der vorliegenden Erfindung wird nachfolgend unter Bezug auf die Fig. 1 bis 16 beschrieben. </p><p id="p0097" num="0097">Das Fräswerkzeug 1 weist einen Werkzeugschaft 2 auf, der dazu ausgebildet ist, mit einem rückseitigen Ende 2a an einer entsprechenden Aufnahme einer Fräsmaschine befestigt zu werden. Der Werkzeugschaft 2 weist eine </p><p id="p0098" num="0098">Längsachse L auf, die im Betrieb des Fräswerkzeugs 1 in einer Fräsmaschine gleichzeitig die Rotationsachse des Fräswerkzeugs 1 bildet. Der </p><p id="p0099" num="0099">Werkzeugschaft 2 weist im Wesentlichen eine zylindrische Grundform auf, wobei bei dem dargestellten Ausführungsbeispiel der Außendurchmesser an einem dem rückseitigen Ende 2a gegenüberliegenden stirnseitigen Ende 2b etwas geringer ist, als an dem rückseitigen Ende 2a. </p><p id="p0100" num="0100">Wie insbesondere in den Fig. 1 bis Fig. 3 zu sehen ist, weist der </p><p id="p0101" num="0101">Werkzeugschaft 2 an seinen Außenumfang eine Einkerbung 2c für eine verdrehsichere Befestigung an der Aufnahme der Fräsmaschine auf. </p><p id="p0102" num="0102">An dem stirnseitigen Ende 2b des Werkzeugschafts 2 ist eine Ausnehmung 3 ausgebildet, die im Folgenden noch eingehender beschrieben wird. Die </p><p id="p0103" num="0103">Ausnehmung 3 ist derart ausgebildet, dass ein Schneidkopf 4 stirnseitig an dem Werkzeugschaft 2 befestigbar ist. Die Ausnehmung 3 ist an dem stirnseitigen Ende 2b von einer flachen Anlagefläche 2d umgeben, die sich senkrecht zu der Längsachse L des Werkzeugschafts 2 erstreckt und eine große Abstützung für den an dem Werkzeugschaft 2 befestigten Schneidkopf 4 bildet. </p><p id="p0104" num="0104">Wie insbesondere in den Fig. 7 und Fig. 8 zu sehen ist, weist die </p><p id="p0105" num="0105">Ausnehmung 3 angrenzend an das freie Ende einen ersten Abschnitt 3a mit einem relativ großen Querschnitt auf. An den ersten Abschnitt 3a schließt sich über eine Schulter 3b ein im Wesentlichen zylindrischer zweiter Abschnitt 3c mit einem kleineren Querschnitt an, dem sich über eine weitere Schulter eine zu der Längsachse L koaxiale Gewindebohrung 5 anschließt. Die 
<!-- EPO <DP n="14"/>-->
 Gewindebohrung 5 ist als Sackloch ausgeführt, das mit einem Innengewinde versehen ist, dessen Funktion noch eingehender beschrieben wird. Die </p><p id="p0106" num="0106">Gewindebohrung 5 weist in der Richtung senkrecht zu der Längsachse L einen Querschnitt auf, der kleiner als der Querschnitt des ersten Abschnitts 3a der Ausnehmung 3 ist. </p><p id="p0107" num="0107">Die Form des ersten Abschnitts 3a der Ausnehmung 3 wird unter Bezug auf die Fig. 6 und Fig. 7 eingehender erläutert. Wie in Fig. 6 zu sehen ist, weist der erste Abschnitt 3a in der Ebene senkrecht zu der Längsachse L eine Form auf, die einem stilisierten dreiblättrigen Kleeblatt ähnelt. Die Seitenwände der Ausnehmung 3 sind in dem ersten Abschnitt 3a durch drei Zentrierflächen 6 gebildet, zwischen denen radial nach innen vorspringende </p><p id="p0108" num="0108">Anschlagabschnitte 7 ausgebildet sind. Die Zentrierflächen 6 und die </p><p id="p0109" num="0109">Anschlagabschnitte 7 sind dabei gleichmäßig über den Umfang des ersten Abschnitts 3a verteilt, so dass der erste Abschnitt 3a bezügliche einer Rotation um die Längsachse L eine n-zählige Symmetrie mit n = 3 aufweist. Mit anderen Worten weist der erste Abschnitt 3a eine drei-zählige Drehsymmetrie bezüglich der Längsachse L auf. Die Zentrierflächen 6 sind konkav ausgebildet. Die Anschlagabschnitte 7 sind in einem Schnitt senkrecht zu der Längsachse L konvex ausgebildet, so dass sie radial nach innen ragende Vorsprünge ausbilden. Bei dem dargestellten Ausführungsbeispiel erstrecken sich die Zentrierflächen 6 und die Anschlagabschnitte 7 jeweils zumindest im </p><p id="p0110" num="0110">Wesentlichen parallel zu der Längsachse L. Gemäß einer Weiterbildung ist es z.B. aber auch möglich, dass sich der Innenquerschnitt des ersten </p><p id="p0111" num="0111">Abschnitts 3a in der Richtung von dem stirnseitigen Ende 2b zu dem </p><p id="p0112" num="0112">rückseitigen Ende 2a des Werkzeugschafts 2 verjüngt. </p><p id="p0113" num="0113">Wie in Bezug auf eine der Zentrierflächen 6 beispielhaft erläutert wird, weisen die Zentrierflächen 6, in einem Schnitt senkrecht zu der Längsachse L, einen ersten Bereich 6a auf, in dem die Zentrierflächen 6 einen ersten Abstand von der Längsachse L haben. Der erste Bereich 6a geht bei der dargestellten Ausführungsform kontinuierlich in einen zweiten Bereich 6b über, in dem die Zentrierflächen 6 einen kleineren, zweiten Abstand zu der Längsachse L haben. Mit anderen Worten nähern sich die Oberflächen der Zentrierflächen 6 mit 
<!-- EPO <DP n="15"/>-->
 fortschreitendem Verlauf um die Längsachse L der Längsachse L. Bei der dargestellten Ausführungsform sind die Zentrierflächen 6 dabei derart ausgerichtet, dass sie sich bei einer Blickrichtung auf das stirnseitige Ende 2b des Werkzeugschaftes 2 mit fortschreitendem Verlauf im Uhrzeigersinn um die Längsachse L der Längsachse L nähern. Abhängig von der beabsichtigten Drehrichtung des Fräswerkzeugs 1 ist es jedoch z.B. auch möglich, die </p><p id="p0114" num="0114">Zentrierflächen 6 so auszubilden, dass sie sich mit fortschreitendem Verlauf entgegen dem Uhrzeigersinn der Längsachse L annähern. Es ist auf jeden Fall bevorzugt, dass sich die Zentrierflächen 6 mit fortschreitendem Verlauf entgegen der beim Einsatz des Fräswerkzeugs 1 vorgesehenen </p><p id="p0115" num="0115"> Rotationsrichtung der Längsachse L annähern. Bevorzugt weisen die </p><p id="p0116" num="0116">Zentrierflächen 6 dabei eine konkav gekrümmte Form auf. Die Zentrierflächen 6 können z.B. bevorzugt eine zylindrisch oder elliptisch gekrümmte Form aufweisen, so dass sie sich mit fortschreitender Drehung möglichst gleichmäßig der Längsachse L annähern. </p><p id="p0117" num="0117">Wie insbesondere in den Fig. 3, Fig. 4 und Fig. 5 zu sehen ist, ist ferner eine Gewindebuchse 8 vorgesehen, die zumindest teilweise in der </p><p id="p0118" num="0118">Gewindebohrung 5 aufgenommen ist. Die Gewindebuchse 8 weist einen </p><p id="p0119" num="0119">Gewindeabschnitt 8a auf, der zumindest bereichsweise mit einem </p><p id="p0120" num="0120">Außengewinde 8c versehen ist, das dazu ausgebildet ist, mit dem </p><p id="p0121" num="0121">Innengewinde der Gewindebohrung 5 zusammenzuwirken. Die </p><p id="p0122" num="0122">Gewindebuchse 8 weist ferner einen Kopfabschnitt 8b auf. Bei der dargestellten Ausführungsform weist der Kopfabschnitt 8b einen etwas größeren </p><p id="p0123" num="0123">Außenumfang als der Gewindeabschnitt 8a auf. Der Kopfabschnitt 8b ist derart bemessen, dass er bei einem Einschrauben des Gewindeabschnitts 8a in die Gewindebohrung 5 in dem zweiten Abschnitt 3c der Ausnehmung 3 </p><p id="p0124" num="0124">aufgenommen werden kann. Die Gewindebuchse 8 weist zumindest an dem Kopfabschnitt 8b einen Außendurchmesser auf, der größer als der </p><p id="p0125" num="0125">Durchmesser einer Bohrung 10 in dem Schneidkopf 4 ist, wie noch eingehender beschrieben wird. Die Stirnseite 8f des Kopfabschnitts 8b weist eine Fläche auf, die dazu ausgebildet ist, gegen eine Unterseite des Schneidkopfes 4 zu drücken. In dem Gewindeabschnitt 8a ist die Gewindebuchse 8 ferner zumindest bereichsweise mit einem Innengewinde 8d versehen, das dazu 
<!-- EPO <DP n="16"/>-->
 ausgebildet ist, mit einem Außengewinde einer Befestigungsschraube 9 zum Befestigen des Schneidkopfes 4 an dem Werkzeugschaft 2 </p><p id="p0126" num="0126">zusammenzuwirken. In dem Bereich des Kopfabschnitts 8b ist die Gewindebuchse 8 auf der </p><p id="p0127" num="0127">Innenseite ferner mit einem Profil 8e zum Eingreifen mit einem </p><p id="p0128" num="0128">Schraubwerkzeug versehen. Bei der dargestellten Ausführungsform ist das Profil 8e zum Eingreifen mit einem Schraubwerkzeug z.B. als ein </p><p id="p0129" num="0129">Innen-Sechskant ausgebildet. Es ist aber auch eine andere Formgebung möglich, die ein Zusammenwirken mit einem entsprechenden </p><p id="p0130" num="0130"> Schraubwerkzeug ermöglicht. Wie insbesondere in Fig. 4 zu sehen ist, weist das Profil 8e zum Eingreifen mit einem Schraubwerkzeug einen freien </p><p id="p0131" num="0131">Innenquerschnitt auf, der etwas größer ist als der Durchmesser des </p><p id="p0132" num="0132">Innengewindes 8d. In dieser Weise ist erreicht, dass das Außengewinde der Befestigungsschraube 9 durch den Kopfabschnitt 8b hindurch zu dem </p><p id="p0133" num="0133">Innengewinde 8d geführt werden kann. </p><p id="p0134" num="0134">Die Ausgestaltung des Schneid köpf es 4 bei dem vorliegenden </p><p id="p0135" num="0135">Ausführungsbeispiel wird nun unter Bezug auf die Fig. 9 bis Fig. 12 </p><p id="p0136" num="0136">eingehender beschrieben. Der Schneidkopf 4 ist bei der Ausführungsform als ein einstückiges, in einem pulvermetallurgischen Herstellungsprozess durch Pressen und Sintern gefertigtes Bauteil aus Hartmetall oder Cermet </p><p id="p0137" num="0137">ausgebildet. Der Schneidkopf 4 ist mit einer Mehrzahl von Schneiden 4a zur zerspanenden Bearbeitung eines Werkstücks versehen. Bei dem in den Figuren dargestellten Ausführungsbeispiel ist der Schneidkopf 4 speziell für ein Fräsen mit großen Vorschüben (high-feed milling) ausgebildet, wie aus der Anordnung der Schneiden 4a ersichtlich ist. Es ist jedoch auch möglich, andersgeartete Schneiden vorzusehen, so dass der Schneidkopf 4 für andere Fräsoperationen eingesetzt werden kann. </p><p id="p0138" num="0138">Der Schneidkopf 4 ist mit einer Bohrung 10 versehen, die sich in der axialen Richtung durch den Schneidkopf 4 hindurch erstreckt und den Schneidkopf 4 von der Stirnseite 4b zu der Rückseite 4c durchdringt. Die Bohrung verläuft koaxial zu einer Längsachse des Schneidkopfes 4, die mit der Längsachse L 
<!-- EPO <DP n="17"/>-->
 des Werkzeugschaftes 2 übereinstimmt. Die Bohrung 10 ist zur Aufnahme einer Befestigungsschraube 9 zum Befestigen des Schneidkopfes 4 an dem </p><p id="p0139" num="0139">Werkzeugschaft 2 ausgebildet. Auf ihrer der Stirnseite 4b zugewandten Seite weist die Bohrung 10 einen ersten Abschnitt mit einem erweiterten Querschnitt auf, der dazu ausgebildet ist, den Kopf der Befestigungsschraube 9 </p><p id="p0140" num="0140">aufzunehmen. Der erste Abschnitt weist zumindest eine Anlagefläche 10a auf, an der sich die Unterseite des Kopfes der Befestigungsschraube 9 abstützt, um den Schneidkopf 4 gegen den Werkzeugschaft 2 zu spannen. Bei dem </p><p id="p0141" num="0141">Ausführungsbeispiel weist der erste Abschnitt z.B. einen sich in Richtung der Rückseite 4c des Schneidkopfes 4 konisch verjüngenden Querschnitt zur Aufnahme eines kegeligen Senkkopfes der Befestigungsschraube 9 auf. Es sind jedoch z.B. auch andere Ausgestaltungen möglich, wie insbesondere eine gestufte Ausgestaltung zur Aufnahme eines flachen oder zylindrischen Kopfes der Befestigungsschraube 9. </p><p id="p0142" num="0142">Der erste Abschnitt geht bei dem Ausführungsbeispiel in einen zweiten </p><p id="p0143" num="0143">Abschnitt 10b über, der einen kleineren Durchmesser mit im Wesentlichen zylindrischem Querschnitt aufweist. Der Durchmesser des zweiten </p><p id="p0144" num="0144">Abschnitts 10b ist so bemessen, dass das Außengewinde an einem </p><p id="p0145" num="0145">Gewindeabschnitt der Befestigungsschraube 9 durch den zweiten Abschnitt 10b hindurchgeführt werden kann. Der Durchmesser des zweiten Abschnitts 10b ist ferner so bemessen, dass er kleiner als der Außendurchmesser des </p><p id="p0146" num="0146">Kopfabschnitts 8b der Gewindebuchse 8 ist. Bei dem gezeigten Ausführungsbeispiel ist an der Rückseite 4c des </p><p id="p0147" num="0147"> Schneidkopfes 4 ein Vorsprung 1 ausgebildet. Der Vorsprung 1 weist einen kleineren Außenumfang als die Stirnseite 4b des Schneidkopfes 4 auf, so dass auf der Rückseite 4c des Schneidkopfes 4 eine flache Auflagefläche 4d ausgebildet ist, mit der sich der Schneidkopf 4 an der flachen Anlagefläche 2d des Werkzeugschaftes 2 abstützt. Bei dem Ausführungsbeispiel erstreckt sich die Auflagefläche 4d in einer Ebene senkrecht zu der Längsachse L um den Vorsprung 11 herum. Der Vorsprung 11 weist in der axialen Richtung eine Höhe auf, die etwas geringer ist als die Tiefe des ersten Abschnitts 3a der </p><p id="p0148" num="0148">Ausnehmung 3. In dieser Weise ist sichergestellt, dass sich der Schneidkopf 4 
<!-- EPO <DP n="18"/>-->
 zuverlässig mit der Auflagefläche 4d an der flachen Anlagefläche 2d des Werkzeugschaftes 2 abstützt. Die Bohrung 10, insbesondere deren zweiter Abschnitt 10b, erstreckt sich auch durch den Vorsprung 11 hindurch. Der Vorsprung 11 und die Ausnehmung 3 bilden zusammen einen Teil einer Klemmverbindung zwischen dem Schneidkopf 4 und dem Werkzeugschaft 2. Dabei bewirken der Vorsprung 11 und die Ausnehmung 3 zusammenwirkend die Klemmung, wie noch eingehender beschrieben wird. Die Außenkontur des Vorsprungs 11 wird im Folgenden unter Bezug auf die Fig. 6, Fig. 10 und Fig. 12 eingehender beschrieben. Der Vorsprung 11 weist eine Mehrzahl n von Klemmflächen 12 auf, die dazu ausgebildet sind, mit den Zentnerflächen 6 der Ausnehmung 3 zusammenzuwirken. Bei dem </p><p id="p0149" num="0149">Ausführungsbeispiel weist der Vorsprung 11 drei Klemmflächen 12 auf (n = 3). Die Klemmflächen 12 erstrecken sich in einem Schnitt senkrecht zu der</p><p id="p0150" num="0150">Längsachse L entlang der Kontur eines gemeinsamen Kreises, dessen Zentrum sich auf der Längsachse L befindet. Die Klemmflächen 12 bilden in dem Schnitt senkrecht zu der Längsachse L die radial am weitesten hervorstehenden Bereiche des Vorsprungs 11. Bei dem dargestellten Ausführungsbeispiel erstrecken sich die Klemmflächen 12 entlang einer gemeinsamen </p><p id="p0151" num="0151"> Zylinderoberfläche, wobei die Zylinderachse der Längsachse L entspricht. Wie in Bezug auf den ersten Abschnitt 3a der Ausnehmung 3 bereits beschrieben wurde, ist es z.B. auch möglich, den Vorsprung 11 so auszubilden, dass sich dessen Außenumfang zu der dem Werkzeugschaft 2 zugewandten Seite leicht verjüngt. In diesem Fall können sich die Klemmflächen 12 z.B. auch entlang einer gemeinsamen Kegeloberfläche erstrecken, wobei die Kegelachse entlang der Längsachse L verläuft. Obwohl bei dem Ausführungsbeispiel relativ großflächig ausgebildete Klemmflächen 2 dargestellt sind, die sowohl in der axialen Richtung als auch in der tangentialen Richtung eine relativ große Erstreckung aufweisen, kann die Größe der Klemmflächen 12 auch reduziert werden, ohne die Funktionsweise wesentlich zu beeinflussen. Im Extremfall können die Klemmflächen 12 auf beinahe punktförmige Kontaktbereiche mit den Zentrierflächen 6 verringert werden. 
<!-- EPO <DP n="19"/>-->
 Die Klemmflächen 12 sind symmetrisch über den Umfang des Vorsprungs 11 verteilt und zwischen den Klemmflächen 12 sind Abflachungen 13 zum </p><p id="p0152" num="0152">Abstützen an den radial nach innen vorstehenden Anschlagabschnitten 7, die in der Ausnehmung 3 vorgesehen sind, angeordnet. Im Bereich der </p><p id="p0153" num="0153">Abflachungen 13 liegt die Kontur des Vorsprungs 11 in einem Schnitt senkrecht zu der Längsachse L vollständig innerhalb des gemeinsamen Kreises, entlang dem sich die Klemmflächen 12 erstrecken. In tangentialer Richtung sind die Klemmflächen 12 wesentlich schmaler als die entsprechenden </p><p id="p0154" num="0154">Zentrierflächen 6, die in der Ausnehmung 3 ausgebildet sind. Bei dem </p><p id="p0155" num="0155">Ausführungsbeispiel sind die Klemmflächen 12 in etwa halb so breit wie die Zentrierflächen 6, wie in den Fig. 6, Fig. 13 und Fig. 14 zu sehen ist. Aufgrund dieser Ausgestaltung hat der Vorsprung in einem Schnitt senkrecht zu der Längsachse L eine Kontur, die in etwa einem gleichschenkligen Dreieck mit abgerundeten Ecken entspricht, wobei die abgerundeten Ecken durch die Klemmflächen 2 gebildet sind. </p><p id="p0156" num="0156">Wie in den Fig. 9 bis Fig. 12 zu sehen ist, ist der Schneidkopf 4 frei von </p><p id="p0157" num="0157">Hinterschneidungen ausgebildet, so dass eine direkte pulvermetallurgische Fertigung durch Pressen und Sintern ermöglicht ist, bei der nur in dem Bereich der Schneiden 4a eine mechanische Nachbearbeitung durch Schleifen erforderlich ist. </p><p id="p0158" num="0158">Das Befestigen und Lösen des Schneidkopfes 4 an dem Werkzeugschaft 2 wird nun unter Bezugnahme auf die Fig. 3 und Fig. 13 bis Fig. 16 eingehender beschrieben. </p><p id="p0159" num="0159">Zum Befestigen des Schneidkopfes 4 an dem Werkzeugschaft 2 wird zunächst die Gewindebuchse 8 in die Gewindebohrung 5 des Werkzeugschaftes 2 eingeschraubt, so dass der Kopfabschnitt 8b der Gewindebuchse 8 in dem zweiten Abschnitt 3c der Ausnehmung 3 aufgenommen ist. Anschließend wird der Vorsprung 1 in den ersten Abschnitt 3a der Ausnehmung 3 eingeführt, wobei die Klemmflächen 12 zum Einführen gegenüber den ersten Bereichen 6a der Zentrierflächen 6 angeordnet werden, wie in den Fig. 13 und Fig. 15 dargestellt ist. Der Abstand der ersten Bereiche 6a der Zentrierflächen 6 von 
<!-- EPO <DP n="20"/>-->
 der Längsachse L ist so gewählt, dass er etwas größer ist als der Abstand der Klemmflächen 12 von der Längsachse L, so dass der Vorsprung in dieser Ausrichtung in die Ausnehmung 3 eingeführt werden kann. Der Schneidkopf 4 und der Werkzeugschaft 2 werden dabei solange in der Längsrichtung zueinander bewegt, bis sich die Auflagefläche 4d des Schneidkopfes 4 an der Anlagefläche 2d des Werkzeugschaftes 2 abstützt. </p><p id="p0160" num="0160">Durch Rotation des Schneidkopfes 4 relativ zu dem Werkzeugschaft 2 um die Längsachse L werden die Klemmflächen 12 des Vorsprungs 11 in der tangentialen Richtung von den ersten Bereichen 6a zu den zweiten </p><p id="p0161" num="0161"> Bereichen 6b der Zentrierflächen 6 in der Ausnehmung 3 bewegt, wie in den Fig. 14 und Fig. 16 dargestellt ist. Die Klemmflächen 12 bewegen sich dabei entlang der Zentrierflächen 6. Der Abstand der zweiten Bereiche 6b der </p><p id="p0162" num="0162">Zentrierflächen 6 von der Längsachse L ist so gewählt, dass er etwas kleiner ist als der Abstand der Klemmflächen 12 von der Längsachse L. Bei der Rotation des Schneidkopfes 4 relativ zu dem Werkzeugschaft 2 drücken somit die Zentrierflächen 6 im Wesentlichen in der radialen Richtung gegen die </p><p id="p0163" num="0163">Klemmflächen 12, so dass sich eine kraftschlüssige Klemmverbindung zwischen den Klemmflächen 12 und den Zentrierflächen 6 ausbildet. Bei dieser Bewegung erfolgt gleichzeitig eine Zentrierung des Schneidkopfes 4 relativ zu dem Werkzeugschaft 2. </p><p id="p0164" num="0164">Die mögliche Rotation des Schneidkopfes 4 relativ zu dem Werkzeugschaft 2 ist durch die Anschlagabschnitte 7 und die damit zusammenwirkenden </p><p id="p0165" num="0165">Abflachungen 13 begrenzt, die eine weitere Relativbewegung verhindern, wenn sich die Klemmflächen 12 gegenüber den zweiten Bereichen 6b der </p><p id="p0166" num="0166">Zentrierflächen 6 befinden. Aufgrund dieser Begrenzung der weiteren </p><p id="p0167" num="0167">Verdrehung kann über den Winkel, den die Zentrierflächen 6 mit den </p><p id="p0168" num="0168">Klemmflächen 12 in ihrem Kontaktbereich miteinander einschließen und über den ermöglichten Drehwinkel, der im Wesentlichen durch die Breite der </p><p id="p0169" num="0169">Klemmflächen 12 im Verhältnis zu der Breite der Zentrierflächen 6 in der tangentialen Richtung vorgegeben ist, die wirkende Kraft für die kraftschlüssige Verbindung des Schneidkopfes 4 mit dem Werkzeugschaft 2 zuverlässig vorgegeben werden. Der Winkel, den die Zentrierflächen 6 mit den 
<!-- EPO <DP n="21"/>-->
 Klemmflächen 12 in dem Kontaktbereich miteinander einschließen, kann dabei darüber vorgegeben werden, wie stark sich die Zentrierflächen 6 von dem ersten Bereich 6a zu dem zweiten Bereich 6b der Längsachse annähern. Bei dem Ausführungsbeispiel ist bei der Bewegung in die Klemmposition eine relative Rotation des Schneidkopfes 4 zu dem Werkzeugschaft 2 um etwa 35° ermöglicht. Um eine zuverlässige kraftschlüssige Befestigung zu erzielen, sollte eine relative Rotation um zumindest 15°, bevorzugt zumindest 20°, mehr bevorzugt zumindest 25° ermöglicht sein. Die fast ausschließlich in der radialen Richtung wirkenden Kräfte der </p><p id="p0170" num="0170">kraftschlüssigen Verbindung zwischen den Klemmflächen 12 und den </p><p id="p0171" num="0171">Zentrierflächen 6 resultieren darin, dass eine Selbsthemmung auftritt, die verhindert, dass sich der Schneidkopf 4 wieder von dem Werkzeugschaft 2 lösen kann. </p><p id="p0172" num="0172">Die Befestigung des Schneidkopfes 4 an dem Werkzeugschaft 2 wird dadurch abgeschlossen, dass die Befestigungsschraube 9 mit ihrem Gewindeabschnitt durch die Bohrung 10 hindurchgeführt und in das Innengewinde 8d der </p><p id="p0173" num="0173">Gewindebuchse 8 eingeschraubt wird, bis sich die Unterseite des Kopfes der Befestigungsschraube 9 an der Anlagefläche 10c der Bohrung 10 abstützt. Durch die bereits ausgebildete kraftschlüssige Verbindung zwischen dem Schneidkopf 4 und dem Werkzeugschaft 2 sind die im Betrieb des </p><p id="p0174" num="0174">Fräswerkzeugs 1 auf die Befestigungsschraube 9 wirkenden Kräfte sehr gering. Zum Lösen des Schneidkopfes 4 von dem Werkzeugschaft 2 wird die </p><p id="p0175" num="0175">Befestigungsschraube 9 wieder aus dem Innengewinde 8d der </p><p id="p0176" num="0176">Gewindebuchse 8 herausgeschraubt und von dem Fräswerkzeug 1 </p><p id="p0177" num="0177">entnommen. Aufgrund der kraftschlüssigen Verbindung, die zwischen den Klemmflächen 12 und den zweiten Bereichen 6b der Zentrierflächen 6 ausgebildet ist, löst sich der Schneidkopf 4 in diesem Zustand noch nicht von dem Werkzeugschaft 2. Nach dem Entfernen der Befestigungsschraube 9 kann ein Schraubwerkzeug, wie z.B. ein Sechskant-Schraubwerkzeug, durch die Bohrung 10 hindurchgeführt und mit dem Profil 8e zum Eingreifen mit einem Schraubwerkzeug in der Gewindebuchse 8 in Eingriff gebracht werden. Durch 
<!-- EPO <DP n="22"/>-->
 Ausschrauben der Gewindebuchse 8 aus der Gewindebohrung 5 bewegt sich die Stirnseite 8f der Gewindebuchse 8 gegen die Unterseite des </p><p id="p0178" num="0178">Schneidkopfes 4, so dass durch weiteres Ausschrauben der Gewindebuchse 8 die kraftschlüssige Verbindung zwischen dem Schneidkopf 4 und dem </p><p id="p0179" num="0179">Werkzeugschaft 2 gelöst werden kann, indem der Vorsprung 11 aus dem ersten Abschnitt 3a der Ausnehmung 3 herausgedrückt wird. In dieser Weise ist ein zuverlässiges Lösen des Schneidkopfes 4 von dem Werkzeugschaft 2 selbst dann ermöglicht, wenn relativ große Klemmkräfte zwischen den </p><p id="p0180" num="0180">Klemmflächen 12 und den zweiten Bereichen 6b der Zentrierflächen 6 wirken. </p><p id="p0181" num="0181">ABWANDLUNG </p><p id="p0182" num="0182"> Obwohl eine Ausführungsform beschrieben wurde, bei der der Vorsprung 11 der Klemmverbindung an dem Schneidkopf 4 ausgebildet ist und die </p><p id="p0183" num="0183">Ausnehmung 3 an dem Werkzeugschaft 2, ist es auch möglich, eine </p><p id="p0184" num="0184">umgekehrte Anordnung von Vorsprung 11 und Ausnehmung 3 vorzusehen. In diesem Fall ist der Vorsprung 11 stirnseitig an dem Werkzeugschaft 2 vorgesehen und weist in gleicher Weise die Klemmflächen 12 und die </p><p id="p0185" num="0185">Abflachungen 13 auf und die Ausnehmung 3 ist in der Rückseite 4c des </p><p id="p0186" num="0186">Schneidkopfes 4 ausgebildet und weist in gleicher Weise die Zentrierflächen 6 und die zwischen diesen angeordneten Anschlagabschnitte 7 auf. Auch in diesem Fall kann die Gewindebuchse 8 vorgesehen sein und in einer koaxialen Bohrung angeordnet sein, die sich von dem freien Ende in den Vorsprung 11 hinein erstreckt. 
</p></description><claims mxw-id="PCLM70079005" ref-ucid="WO-2014127391-A1" lang="DE" load-source="patent-office"><claim id="clm-0001" num="0001"><!-- EPO <DP n="23"/>--><claim-text/><claim-text>Patentansprüche </claim-text><claim-text>Fräswerkzeug (1) mit: </claim-text><claim-text>einem Werkzeugschaft (2) mit einer Längsachse (L) und </claim-text><claim-text>einem stirnseitig an dem Werkzeugschaft (2) befestigten Schneidkopf (4), der eine Mehrzahl von Schneiden (4a) zur zerspanenden Bearbeitung eines Werkstücks aufweist, </claim-text><claim-text>wobei der Werkzeugschaft (2) und der Schneidkopf (4) über eine </claim-text><claim-text>Klemmverbindung miteinander verbunden sind, </claim-text><claim-text>wobei die Klemmverbindung einen Vorsprung (11) mit umfangsseitig einer Mehrzahl von Klemmflächen (12) und eine Ausnehmung (3) mit </claim-text><claim-text>umfangsseitig einer Mehrzahl von mit den Klemmflächen (12) </claim-text><claim-text>zusammenwirkenden Zentrierflächen (6) aufweist, </claim-text><claim-text>wobei die Zentrierflächen (6) jeweils einen ersten Bereich (6a) aufweisen, bei dem die Zentrierflächen (6) in einem Schnitt senkrecht zur </claim-text><claim-text>Längsachse (L) einen ersten Abstand zu der Längsachse (L) aufweisen, und der erste Bereich (6a) in einen zweiten Bereich (6b) übergeht, bei dem die Zentrierflächen (6) in dem Schnitt senkrecht zur Längsachse (L) einen kleineren zweiten Abstand zu der Längsachse (L) aufweisen, so dass die Klemmflächen (12) des Vorsprungs (11) zwischen den ersten Bereichen (6a) der Zentrierflächen (6) in die Ausnehmung (3) einführbar sind und durch Rotation des Schneid kopfes (4) relativ zu dem </claim-text><claim-text>Werkzeugschaft (2) um die Längsachse (L) in eine Klemmposition bewegbar sind, in der die Klemmflächen (12) kraftschlüssig mit den zweiten Bereichen (6b) der Zentrierflächen (6) zusammenwirken. </claim-text><claim-text>Fräswerkzeug nach Anspruch 1 , dadurch gekennzeichnet, dass die Ausnehmung (3) eine Mehrzahl von radial nach innen vorspringenden Anschlagabschnitten (7) aufweist, die eine Rotation des Schneidkopfes (4) relativ zu dem Werkzeugschaft (2) um die Längsachse (L) begrenzen. 
<!-- EPO <DP n="24"/>-->
 Fräswerkzeug nach Anspruch 1 oder 2, dadurch gekennzeichnet, dass die Klemmflächen (12) in einem Schnitt senkrecht zur Längsachse (L) betrachtet auf einem gemeinsamen Kreis verlaufen, dessen Zentrum auf der Längsachse (L) liegt. </claim-text><claim-text>Fräswerkzeug nach einem der vorangehenden Ansprüche, dadurch gekennzeichnet, dass sich die Klemmflächen (12) entlang einer gemeinsamen Zylinder- oder Kegeloberfläche erstrecken, deren </claim-text><claim-text>Symmetrieachse mit der Längsachse (L) zusammenfällt. </claim-text><claim-text>Fräswerkzeug nach einem der vorangehenden Ansprüche, dadurch gekennzeichnet, dass der Vorsprung (11) drei Klemmflächen (12) aufweist. </claim-text><claim-text>Fräswerkzeug nach einem der vorangehenden Ansprüche, dadurch gekennzeichnet, dass die Klemmflächen (12) in einem Schnitt senkrecht zu der Längsachse (L) die radial am weitesten hervorstehenden Bereiche des Vorsprungs ( 1) bilden. </claim-text><claim-text>Fräswerkzeug nach einem der vorangehenden Ansprüche, dadurch gekennzeichnet, dass der Schneidkopf (4) eine Bohrung (10) zur </claim-text><claim-text>Aufnahme einer Befestigungsschraube (9) aufweist und die Bohrung (10) sich in der axialen Richtung durch den Schneidkopf (4) hindurch erstreckt. </claim-text><claim-text>Fräswerkzeug nach einem der vorangehenden Ansprüche, dadurch gekennzeichnet, dass in dem Werkzeugschaft (2) eine koaxiale </claim-text><claim-text>Gewindebohrung (5) zur Befestigung des Schneidkopfes (4) an dem Werkzeugschaft (2) ausgebildet ist. </claim-text><claim-text>Fräswerkzeug nach Anspruch 8, mit einer Gewindebuchse (8), die ein Außengewinde (8c) zum Zusammenwirken mit der Gewindebohrung (5) in dem Werkzeugschaft (2) und ein Innengewinde (8d) zum </claim-text><claim-text>Zusammenwirken mit einer Befestigungsschraube (9) zum Befestigen des Schneidkopfes (4) aufweist. 
<!-- EPO <DP n="25"/>-->
 Fräswerkzeug nach Anspruch 9, dadurch gekennzeichnet, dass die Gewindebuchse (8) zumindest auf einer dem Schneidkopf (4) </claim-text><claim-text>zugewandten Seite einen Außendurchmesser aufweist, der größer ist als ein Innendurchmesser einer Bohrung (10) in dem Schneidkopf (4). </claim-text><claim-text>Fräswerkzeug nach einem der Ansprüche 9 oder 10, dadurch </claim-text><claim-text>gekennzeichnet, dass die Gewindebuchse (8) auf einer dem </claim-text><claim-text>Schneidkopf (4) zugewandten Seite mit einem Profil (8e)zum Eingreifen mit einem Schraubwerkzeug versehen ist. </claim-text><claim-text>Fräswerkzeug nach Anspruch 11 , dadurch gekennzeichnet, dass der Schneidkopf (4) eine Bohrung (10) zur Aufnahme einer </claim-text><claim-text>Befestigungsschraube (9) aufweist, wobei der Durchmesser der </claim-text><claim-text>Bohrung (10) derart auf das Profil (8e) zum Eingreifen mit einem </claim-text><claim-text>Schraubwerkzeug abgestimmt ist, dass ein Schraubwerkzeug durch die Bohrung (10) in dem Schneidkopf (4) hindurch mit dem Profil (8e) in Eingriff bringbar ist. </claim-text><claim-text>Fräswerkzeug nach einem der vorangehenden Ansprüche, dadurch gekennzeichnet, dass der Vorsprung (11) der Klemmverbindung einstückig mit dem Schneid köpf (4) ausgebildet ist und die </claim-text><claim-text>Ausnehmung (3) der Klemmverbindung stirnseitig in dem </claim-text><claim-text>Werkzeugschaft (2) ausgebildet ist. </claim-text><claim-text>Fräswerkzeug nach einem der vorangehenden Ansprüche, dadurch gekennzeichnet, dass der Vorsprung (1 ) der Klemmverbindung einstückig mit dem Werkzeugschaft (2) ausgebildet ist und die </claim-text><claim-text>Ausnehmung (3) der Klemmverbindung in dem Schneidkopf (4) ausgebildet ist. </claim-text><claim-text>Fräswerkzeug nach einem der vorangehenden Ansprüche, dadurch gekennzeichnet, dass der Schneidkopf (4) aus einem Hartwerkstoff, insbesondere Hartmetall oder einem Cermet, ausgebildet ist. 
<!-- EPO <DP n="26"/>-->
 Schneidkopf (4) für ein Fräswerkzeug nach einem der Ansprüche 1 bis 15, wobei der Schneidkopf (4) eine Mehrzahl von Schneiden (4a) zur zerspanenden Bearbeitung eines Werkstücks und einen einstückig mit dem Schneidkopf (4) ausgebildeten Vorsprung (1 ) mit einer Mehrzahl von Klemmflächen (12) zum gleichzeitigen Klemmen und Zentrieren des Schneidkopfes (4) in einer Ausnehmung (3) an einem Werkzeugschaft (2) aufweist, </claim-text><claim-text> wobei die Klemmflächen (12) zur Ausbildung einer kraftschlüssigen Verbindung mit in der Ausnehmung (3) ausgebildeten Zentrierflächen (6) ausgebildet sind und </claim-text><claim-text> wobei die sich die Klemmflächen (12) in einem Schnitt senkrecht zu einer Längsachse (L) des Schneidkopfes (4) entlang der Kontur eines </claim-text><claim-text> gemeinsamen Kreises erstrecken, dessen Zentrum auf der </claim-text><claim-text> Längsachse (L) liegt. </claim-text><claim-text>Schneidkopf für ein Fräswerkzeug nach Anspruch 16, dadurch </claim-text><claim-text> gekennzeichnet, dass der Vorsprung (11) zwischen benachbarten </claim-text><claim-text> Klemmflächen (12) angeordnete Abflachungen ( 3) zum Abstützen an radial nach innen vorstehenden Anschlagabschnitten (7) in einer </claim-text><claim-text> Ausnehmung (3) an einem Werkzeugschaft (2) aufweist. </claim-text><claim-text>Schneidkopf nach Anspruch 16 oder 17, dadurch gekennzeichnet, dass die Klemmflächen (12) in einem Schnitt senkrecht zu der Längsachse (L) die radial am weitesten hervorstehenden Bereiche des Vorsprungs (11) bilden. </claim-text><claim-text>Schneidkopf nach einem der Ansprüche 16 bis 18, dadurch </claim-text><claim-text> gekennzeichnet, dass sich die Klemmflächen (12) entlang der Kontur gemeinsamen Zylinder- oder Kegeloberfläche erstrecken, deren </claim-text><claim-text> Symmetrieachse mit der Längsachse (L) zusammenfällt. </claim-text><claim-text>20. Verwendung eines Schneidkopfes (4) nach einem der Ansprüche </claim-text><claim-text> 16 bis 19 an einem Werkzeugschaft (2) mit einer Längsachse (L) und einer stirnseitigen Ausnehmung (3), die umfangsseitig eine Mehrzahl von 
<!-- EPO <DP n="27"/>-->
 mit den Klemmflächen (12) zusammenwirkenden Zentrierflächen (6) aufweist, wobei die Zentrierflächen (6) jeweils einen ersten Bereich (6a) aufweisen, bei dem die Zentrierfiächen (6) in einem Schnitt senkrecht zur Längsachse (L) einen ersten Abstand zu der Längsachse (L) aufweisen, und der erste Bereich (6a) in einen zweiten Bereich (6b) übergeht, bei dem die Zentrierflächen (6) in dem Schnitt senkrecht zur Längsachse (L) einen kleineren zweiten Abstand zu der Längsachse (L) aufweisen, wobei die Verwendung des Schneidkopfes (4) derart erfolgt, dass die Klemmflächen (12) in eine kraftschlüssige Verbindung mit den zweiten Bereichen (6b) der Zentrierflächen (6) gebracht werden. </claim-text><claim-text>Verfahren zum Befestigen eines Schneidkopfes (4) an einem </claim-text><claim-text> Werkzeugschaft (2) eines Fräswerkzeugs, </claim-text><claim-text>wobei der Werkzeugschaft (2) eine Längsachse (L) aufweist und der Schneidkopf (4) eine Mehrzahl von Schneiden (4a) zur zerspanenden</claim-text><claim-text>Bearbeitung eines Werkstücks aufweist, </claim-text><claim-text>wobei der Werkzeugschaft (2) und der Schneidkopf (4) über eine </claim-text><claim-text>Klemmverbindung miteinander verbunden werden, welche </claim-text><claim-text>Klemmverbindung einen Vorsprung (11) mit umfangsseitig einer Mehrzahl von Klemmflächen (12) und eine Ausnehmung (3) mit umfangsseitig einer Mehrzahl von mit den Klemmflächen (11) zusammenwirkenden </claim-text><claim-text>Zentrierflächen (6) aufweist, </claim-text><claim-text>wobei die Zentrierflächen (6) jeweils einen ersten Bereich (6a) aufweisen, bei dem die Zentrierflächen (6) in einem Schnitt senkrecht zur </claim-text><claim-text>Längsachse (L) einen ersten Abstand zu der Längsachse (L) aufweisen, und der erste Bereich (6a) in einen zweiten Bereich (6b) übergeht, bei dem die Zentrierflächen (6) in dem Schnitt senkrecht zur Längsachse (L) einen kleineren zweiten Abstand zu der Längsachse (L) aufweisen, wobei das Verfahren die Schritte aufweist: </claim-text><claim-text> Einführen der Klemmflächen (12) des Vorsprungs (11) zwischen den ersten Bereichen (6a) der Zentrierflächen (6) in die Ausnehmung (3), Rotation des Schneidkopfes (4) relativ zu dem Werkzeugschaft (2) um die Längsachse (L) in eine Klemmposition, so dass die Klemmflächen (12) 
<!-- EPO <DP n="28"/>-->
 eine kraftschlüssige Verbindung mit den zweiten Bereichen (6b) der Zentrierflächen (6) eingehen. 
</claim-text></claim></claims><copyright>User acknowledges that Fairview Research LLC and its third party providers retain all right, title and interest in and to this xml under applicable copyright laws.  User acquires no ownership rights to this xml including but not limited to its format.  User hereby accepts the terms and conditions of the Licence Agreement</copyright></patent-document>
