<?xml version="1.0" encoding="UTF-8"?>
<patent-document ucid="EP-2680719-A1" country="EP" doc-number="2680719" kind="A1" date="20140108" family-id="46757304" file-reference-id="290959" date-produced="20180823" status="corrected" lang="EN"><bibliographic-data><publication-reference fvid="146587133" ucid="EP-2680719-A1"><document-id><country>EP</country><doc-number>2680719</doc-number><kind>A1</kind><date>20140108</date><lang>EN</lang></document-id></publication-reference><application-reference ucid="EP-12752021-A" is-representative="NO"><document-id mxw-id="PAPP154849325" load-source="docdb" format="epo"><country>EP</country><doc-number>12752021</doc-number><kind>A</kind><date>20120302</date><lang>EN</lang></document-id><document-id mxw-id="PAPP220440280" load-source="docdb" format="original"><country>EP</country><doc-number>12752021.1</doc-number><date>20120302</date></document-id></application-reference><priority-claims><priority-claim mxw-id="PPC140552954" ucid="AU-2011900751-A" load-source="docdb"><document-id format="epo"><country>AU</country><doc-number>2011900751</doc-number><kind>A</kind><date>20110303</date></document-id></priority-claim><priority-claim mxw-id="PPC140554157" ucid="AU-2012000218-W" linkage-type="W" load-source="docdb"><document-id format="epo"><country>AU</country><doc-number>2012000218</doc-number><kind>W</kind><date>20120302</date></document-id></priority-claim></priority-claims><technical-data><classifications-ipcr><classification-ipcr mxw-id="PCL2100271849" load-source="docdb">A45C  13/03        20060101AFI20140711BHEP        </classification-ipcr><classification-ipcr mxw-id="PCL2100273004" load-source="docdb">A45C  13/04        20060101ALI20140711BHEP        </classification-ipcr><classification-ipcr mxw-id="PCL2100274190" load-source="docdb">B65D  33/02        20060101ALI20140711BHEP        </classification-ipcr><classification-ipcr mxw-id="PCL2100276120" load-source="docdb">A47G  25/00        20060101ALI20140711BHEP        </classification-ipcr><classification-ipcr mxw-id="PCL2100277817" load-source="docdb">B65D  30/02        20060101ALI20140711BHEP        </classification-ipcr></classifications-ipcr><classifications-cpc><classification-cpc mxw-id="PCL1991310087" load-source="docdb" scheme="CPC">A45F   3/04        20130101 LI20140110BHEP        </classification-cpc><classification-cpc mxw-id="PCL1991310606" load-source="docdb" scheme="CPC">A45C   3/004       20130101 LI20140110BHEP        </classification-cpc><classification-cpc mxw-id="PCL1991311232" load-source="docdb" scheme="CPC">A45F2003/003       20130101 LA20140110BHEP        </classification-cpc><classification-cpc mxw-id="PCL1991313034" load-source="docdb" scheme="CPC">A45C  13/03        20130101 LI20140110BHEP        </classification-cpc><classification-cpc mxw-id="PCL1991316909" load-source="docdb" scheme="CPC">A45F   3/02        20130101 LI20140110BHEP        </classification-cpc><classification-cpc mxw-id="PCL1991317580" load-source="docdb" scheme="CPC">A45C  13/04        20130101 LI20140110BHEP        </classification-cpc><classification-cpc mxw-id="PCL1991317771" load-source="docdb" scheme="CPC">B65D  85/18        20130101 FI20140102BHEP        </classification-cpc></classifications-cpc><invention-title mxw-id="PT132366032" lang="DE" load-source="patent-office">KLEIDERTRÄGER</invention-title><invention-title mxw-id="PT132366033" lang="EN" load-source="patent-office">GARMENT CARRIER</invention-title><invention-title mxw-id="PT132366034" lang="FR" load-source="patent-office">PORTE-VÊTEMENTS</invention-title></technical-data><parties><applicants><applicant mxw-id="PPAR919506231" load-source="docdb" sequence="1" format="epo"><addressbook><last-name>MARIEVILLE CAPITAL PTY LTD</last-name><address><country>GB</country></address></addressbook></applicant><applicant mxw-id="PPAR919507646" load-source="docdb" sequence="1" format="intermediate"><addressbook><last-name>MARIEVILLE CAPITAL PTY LTD</last-name></addressbook></applicant><applicant mxw-id="PPAR919019141" load-source="patent-office" sequence="1" format="original"><addressbook><last-name>Marieville Capital Pty Ltd</last-name><iid>101336193</iid><address><street>29 Chessington House Union Grove</street><city>London SW8 2RB</city><country>GB</country></address></addressbook></applicant></applicants><inventors><inventor mxw-id="PPAR919542898" load-source="docdb" sequence="1" format="epo"><addressbook><last-name>GREY JEREMY</last-name><address><country>GB</country></address></addressbook></inventor><inventor mxw-id="PPAR919512551" load-source="docdb" sequence="1" format="intermediate"><addressbook><last-name>GREY, JEREMY</last-name></addressbook></inventor><inventor mxw-id="PPAR919010170" load-source="patent-office" sequence="1" format="original"><addressbook><last-name>GREY, JEREMY</last-name><address><street>29 Chessington House</street><city>Union Grove, London, SW8 2RB</city><country>GB</country></address></addressbook></inventor></inventors></parties><international-convention-data><pct-or-regional-filing-data ucid="AU-2012000218-W"><document-id><country>AU</country><doc-number>2012000218</doc-number><kind>W</kind><date>20120302</date><lang>EN</lang></document-id></pct-or-regional-filing-data><pct-or-regional-publishing-data ucid="WO-2012116412-A1"><document-id><country>WO</country><doc-number>2012116412</doc-number><kind>A1</kind><date>20120907</date><lang>EN</lang></document-id></pct-or-regional-publishing-data><designated-states><ep-contracting-states><country mxw-id="DS549782180" load-source="docdb">AL</country><country mxw-id="DS549768938" load-source="docdb">AT</country><country mxw-id="DS549782189" load-source="docdb">BE</country><country mxw-id="DS549851282" load-source="docdb">BG</country><country mxw-id="DS549865932" load-source="docdb">CH</country><country mxw-id="DS549769188" load-source="docdb">CY</country><country mxw-id="DS549768939" load-source="docdb">CZ</country><country mxw-id="DS549918193" load-source="docdb">DE</country><country mxw-id="DS549782190" load-source="docdb">DK</country><country mxw-id="DS549769193" load-source="docdb">EE</country><country mxw-id="DS549852210" load-source="docdb">ES</country><country mxw-id="DS549851283" load-source="docdb">FI</country><country mxw-id="DS549851284" load-source="docdb">FR</country><country mxw-id="DS549918194" load-source="docdb">GB</country><country mxw-id="DS549782191" load-source="docdb">GR</country><country mxw-id="DS549918195" load-source="docdb">HR</country><country mxw-id="DS549769194" load-source="docdb">HU</country><country mxw-id="DS549865933" load-source="docdb">IE</country><country mxw-id="DS549782192" load-source="docdb">IS</country><country mxw-id="DS549851285" load-source="docdb">IT</country><country mxw-id="DS549782201" load-source="docdb">LI</country><country mxw-id="DS549918196" load-source="docdb">LT</country><country mxw-id="DS549768940" load-source="docdb">LU</country><country mxw-id="DS549918197" load-source="docdb">LV</country><country mxw-id="DS549918198" load-source="docdb">MC</country><country mxw-id="DS549768953" load-source="docdb">MK</country><country mxw-id="DS549768954" load-source="docdb">MT</country><country mxw-id="DS549852211" load-source="docdb">NL</country><country mxw-id="DS549850609" load-source="docdb">NO</country><country mxw-id="DS549852212" load-source="docdb">PL</country><country mxw-id="DS549851290" load-source="docdb">PT</country><country mxw-id="DS549852213" load-source="docdb">RO</country><country mxw-id="DS549851291" load-source="docdb">RS</country><country mxw-id="DS549852222" load-source="docdb">SE</country><country mxw-id="DS549865954" load-source="docdb">SI</country><country mxw-id="DS549850614" load-source="docdb">SK</country><country mxw-id="DS549850615" load-source="docdb">SM</country><country mxw-id="DS549768955" load-source="docdb">TR</country></ep-contracting-states></designated-states></international-convention-data><office-specific-data><eptags><ep-no-a-document-published>*</ep-no-a-document-published></eptags></office-specific-data></bibliographic-data><abstract mxw-id="PA99838447" ref-ucid="WO-2012116412-A1" lang="EN" load-source="patent-office"><p num="0000">A garment carrier (100) comprises an outer backing portion (103), an inner cover portion (104) arranged over an inner surface of the outer backing portion (103) to form a compartment for receiving a garment between the outer backing portion (103) and the inner cover portion (104). A resilient frame (116) inhibits folding of the garment carrier (100) and biases the garment carrier (100) to a generally flat unrolled configuration. The garment carrier (100) is adapted to be rolled from the unrolled configuration into a hollow rolled configuration and fastened in the rolled configuration using a fastening mechanism (132).</p></abstract><abstract mxw-id="PA100334032" ref-ucid="WO-2012116412-A1" lang="EN" source="national office" load-source="docdb"><p>A garment carrier (100) comprises an outer backing portion (103), an inner cover portion (104) arranged over an inner surface of the outer backing portion (103) to form a compartment for receiving a garment between the outer backing portion (103) and the inner cover portion (104). A resilient frame (116) inhibits folding of the garment carrier (100) and biases the garment carrier (100) to a generally flat unrolled configuration. The garment carrier (100) is adapted to be rolled from the unrolled configuration into a hollow rolled configuration and fastened in the rolled configuration using a fastening mechanism (132).</p></abstract><abstract mxw-id="PA99838448" ref-ucid="WO-2012116412-A1" lang="FR" load-source="patent-office"><p num="0000">L'invention porte sur un porte-vêtements (100), qui comprend une partie de revêtement externe (103), et une partie de housse interne (104) disposée sur une surface interne de la partie de revêtement externe (103) de façon à former un compartiment pour recevoir un vêtement entre la partie de revêtement externe (103) et la partie de housse interne (104). Un cadre élastique (116) inhibe le pliage du porte-vêtements (100) et sollicite le porte-vêtements (100) dans une configuration déroulée globalement plate. Le porte-vêtements (100) est apte à être enroulé à partir de la configuration déroulée, sous la forme d'une configuration enroulée creuse, et fixé dans la configuration enroulée à l'aide d'un mécanisme de fixation (132).</p></abstract><abstract mxw-id="PA100334033" ref-ucid="WO-2012116412-A1" lang="FR" source="national office" load-source="docdb"><p>L'invention porte sur un porte-vêtements (100), qui comprend une partie de revêtement externe (103), et une partie de housse interne (104) disposée sur une surface interne de la partie de revêtement externe (103) de façon à former un compartiment pour recevoir un vêtement entre la partie de revêtement externe (103) et la partie de housse interne (104). Un cadre élastique (116) inhibe le pliage du porte-vêtements (100) et sollicite le porte-vêtements (100) dans une configuration déroulée globalement plate. Le porte-vêtements (100) est apte à être enroulé à partir de la configuration déroulée, sous la forme d'une configuration enroulée creuse, et fixé dans la configuration enroulée à l'aide d'un mécanisme de fixation (132).</p></abstract><description mxw-id="PDES51233860" ref-ucid="WO-2012116412-A1" lang="EN" load-source="patent-office"><!-- EPO <DP n="3"/>--><p id="p0001" num="0001"> Garment carrier </p><p id="p0002" num="0002"> Field of the Invention </p><p id="p0003" num="0003"> The present invention relates to a garment carrier and in particular, to a garment carrier for travellers carrying suits and other formal dress wear. </p><p id="p0004" num="0004">Background of the Invention </p><p id="p0005" num="0005"> Carrying formal dress wear garments, such as suits, can be difficult while travelling. In order to prevent the garment from being creased or crushed, a garment bag sized to fit the garment without folding is typically used. However, such garment bags can be awkward for the user to carry and also may not meet carry-on baggage size requirements for travelling by commercial airline. </p><p id="p0006" num="0006">Traditional garment bags are designed either for the garment to remain hanging upright without folding or for the garment bag to be folded at least once to create a more traditionally sized item of luggage. However, even when folded once, garment bags are often too large to fit in the overhead or under seat luggage compartments of commercial airlines. As a result of the garment bag being doubled over on itself, creasing or crushing of the garment at the fold line is common when a traditional garment bag is used. </p><p id="p0007" num="0007">[Existing garment carriers are available in which a rigid cylindrical core is used. The garment is rolled around the outer surface of the cylindrical core to reduce wrinkling of the garment during travel. However, because the garment carrier is required to be rolled around a solid core, wrinkling still occurs. Similarly, because of the requirement for multiple components including a cylindrical core, these garment carriers tend to be inflexible, stiff, heavy and bulky. The complex design also tends to be expensive to manufacture and can be complicated for users to assemble and are difficult to adapt for different needs. </p><p id="p0008" num="0008">Object of the Invention </p><p id="p0009" num="0009"> It is an object of the present invention to substantially overcome or at least ameliorate one or more of the above disadvantages, or to provide a useful alternative. 
<!-- EPO <DP n="4"/>-->
 Summary of the Invention </p><p id="p0010" num="0010"> In a first aspect, the present invention provides a garment carrier comprising: </p><p id="p0011" num="0011"> an outer backing portion; </p><p id="p0012" num="0012"> an inner cover portion arranged over an inner surface of the outer backing portion to form a compartment for receiving a garment between the outer backing portion and the inner cover portion; and </p><p id="p0013" num="0013"> a resilient frame that inhibits folding of the garment carrier and biases the garment carrier to a generally flat unrolled configuration; and </p><p id="p0014" num="0014"> a fastening mechanism, wherein the garment carrier is adapted to be rolled from the unrolled configuration into a rolled configuration and fastened in the rolled configuration using the fastening mechanism. </p><p id="p0015" num="0015">In a preferred embodiment, the resilient frame comprises two generally parallel lateral stiffening ribs and two generally parallel flexible and resilient elongate straps. </p><p id="p0016" num="0016">Preferably, the resilient frame is a component of the outer backing portion. </p><p id="p0017" num="0017">Further preferably, the garment carrier comprises a gusseted upper section between the outer backing portion and the inner cover portion for receiving a coat hanger. </p><p id="p0018" num="0018">In one optional embodiment, the gusseted upper section is curved with the outer backing portion radially outward relative to the inner cover portion, so that the curved upper section assists in rolling the garment carrier into the rolled configuration. Further optionally, the gusseted upper section is formed from moulded plastic or bonded foam. </p><p id="p0019" num="0019">The garment carrier may further comprise a clothes hanger attachment provided at an apex of the gusseted upper section. </p><p id="p0020" num="0020">In a preferred embodiment, the inner cover portion is formed from polyvinyl chloride or another plastic material. 
<!-- EPO <DP n="5"/>-->
 In a preferred embodiment, the inner cover portion is formed at least in part with a plastic material that is adapted to hold an electrostatic charge that allows the inner cover portion to adhere to the garment by electrostatic forces. </p><p id="p0021" num="0021">Optionally, the garment carrier further comprises a clothes hanger detachably mounted in the compartment. </p><p id="p0022" num="0022">Preferably, the garment carrier further comprises a zip mechanism provided on the inner cover portion for providing closable access to the compartment between the outer backing portion and the inner cover portion. </p><p id="p0023" num="0023">Further preferably, the garment carrier further comprises a shoulder strap attachable to the garment carrier for carrying the garment carrier in the rolled configuration. </p><p id="p0024" num="0024">Optionally, the garment carrier further comprises a cover adapted to enclose the garment carrier in the rolled configuration. </p><p id="p0025" num="0025">Preferably, the garment carrier further comprises a generally cylindrical bag adapted to be releasably secured to the inner cover portion. </p><p id="p0026" num="0026">Brief Description of the Drawings </p><p id="p0027" num="0027"> A preferred embodiment of the invention will now be described by way of specific example with reference to the accompanying drawings, in which: </p><p id="p0028" num="0028"> Fig. 1 is a perspective view of a garment carrier in an unrolled configuration; </p><p id="p0029" num="0029"> Fig. 2 depicts the garment carrier of Fig. 1 with the inner cover portion open; </p><p id="p0030" num="0030"> Fig. 3 is a side view of an alternative garment carrier in an unrolled configuration;</p><p id="p0031" num="0031">Fig. 4 is a side view of the garment carrier of Fig. 3 in a rolled configuration; </p><p id="p0032" num="0032"> Fig. 5 depicts a carry sack for containing the garment carrier of Fig. 4; </p><p id="p0033" num="0033"> Fig. 6 is an inner side view of an alternative garment carrier in an unrolled </p><p id="p0034" num="0034">configuration; </p><p id="p0035" num="0035"> Fig. 7 depicts a frame of the garment carrier of Fig. 7; </p><p id="p0036" num="0036"> Fig. 8 is an outer side view of the garment carrier of Fig. 7 in an unrolled </p><p id="p0037" num="0037">configuration; 
<!-- EPO <DP n="6"/>-->
 Fig. 9 is an inner side view of the garment carrier of Fig. 7 in an unrolled configuration with a detachable bag; and </p><p id="p0038" num="0038"> Fig. 10 is a side view of the garment carrier of Rg. 7 in a rolled configuration. </p><p id="p0039" num="0039">Detailed Description of the Preferred Embodiments </p><p id="p0040" num="0040"> As depicted in Fig. 1, one embodiment of a garment carrier 10 comprises a resilient outer backing portion 12 and a flexible inner cover portion 14 arranged over the inner surface of the outer backing portion 12. As best shown in Fig. 2, the outer backing portion 12 and inner cover portion 14 form a compartment 16 for receiving a garment 18 between the outer backing portion 12 and the inner cover portion 14. A zip mechanism 20 provided in the inner cover portion 14 allows a user to access the compartment 16 to place a garment 18 in, and remove the garment 18 from, the compartment 16. </p><p id="p0041" num="0041">Returning to Rg. 1, the garment carrier 10 has an upper section 22 with a moulded gusset panel 24 between the outer backing portion 12 and the inner cover portion 14. The gusset panel 24 spaces the inner cover portion 14 from the outer backing portion 12 and allows a profiled hanger to be accommodated within the upper section 22 of the garment carrier 10. As shown in Rg. 2, a hanger 26 is detachably mounted to a hanger attachment 25 provided at the apex of the moulded gusset panel 24. In this way, the hanger 26 is detachably secured within the upper section 22. In order to strengthen the upper section 22, the gusset panel 24 is typically formed from a moulded plastic material or bonded foam. </p><p id="p0042" num="0042">The flexible inner cover portion 14 is typically formed from a clear flexible plastic material, such as polyvinyl chloride (PVC). A stiffening rib 28 is also provided extending across the breadth of the garment carrier 10 at the base of the upper section 22. This provides structural support across the breadth of the garment carrier 10 at the upper section 22. </p><p id="p0043" num="0043">As depicted in Rgs. 3 and 4, the garment carrier 10 is designed to be rolled from the flat configuration shown in Fig. 3 to the rolled configuration shown in Fig. 4. This is achieved by rolling one end of the garment carrier 10 inwardly on itself until the garment carrier 10 forms the rolled configuration shown in Rg. 4. In the embodiment depicted, the garment carrier 10 is rolled starting with the gusseted upper section 22 of the garment carrier 10. In 
<!-- EPO <DP n="7"/>-->
 alternative embodiments, the garment carrier 10 can be rolled starting with the lower end of the garment carrier 10. </p><p id="p0044" num="0044">In order to provide the required resilience in the outer backing portion 12, the outer backing portion 12 is typically formed from a rubber or bonded foam material that is sufficiently resilient to inhibit creasing of the garment carrier 10 when the garment carrier 10 is rolled on itself to form the rolled configuration depicted in Fig. 4. </p><p id="p0045" num="0045">As best depicted in Figs. 3 and 4, in one embodiment, the gusseted upper section 22 is curved with the outer backing portion 12 arranged radially outward relative to the inner cover portion 14, so that the curved upper section 22 assists in rolling the garment carrier 10 into the rolled configuration. </p><p id="p0046" num="0046">A fastening mechanism 30, depicted here as simple clips and loops, is provided for fastening the garment carrier 10 in the rolled configuration. Once in the rolled configuration, the garment carrier 10 is fastened by securing the clips to the respective loops of the fastening mechanism 30. This maintains the garment carrier 10 in the rolled configuration during storage or transport of the garment carrier 10. Alternate fastening mechanisms, such as straps or hook and loop fasteners, can also be used in alternate embodiments. </p><p id="p0047" num="0047">As shown in Fig. 5, the garment carrier 10 can be stored in a carry sack 32 with shoulder straps 34 and a drawstring 36, so a user can carry the garment carrier 10 on their back. In this way the garment carrier can be carried while cycling or during other activities requiring use of both hands. </p><p id="p0048" num="0048">The garment carrier 10 allows a user to store a garment 18 in a conveniently sized carrier that can be easily carried by hand. The garment carrier 10 can also be easily accommodated in luggage compartments of airlines and other transit vehicles and can be stored in a carry sack 32 to enable the garment carrier 10 to be worn on a user's back. These advantages are provided while keeping the garment 18 in a ready-to-wear condition, by inhibiting folding of the garment carrier 10 and hence, creasing of the garment 18. </p><p id="p0049" num="0049">As depicted in Figs. 6 to 10, starting with Fig.6, another embodiment of a garment carrier 100 has a top end 101 and a bottom end 102. The garment carrier 100 is formed from a 
<!-- EPO <DP n="8"/>-->
 resilient outer backing portion 103 and a flexible inner cover portion 104. The inner cover portion 104 includes a first zip mechanism 106 that defines a flap 108 that when unfastened creates an opening that allows access to an interior compartment of the garment carrier 100 between the outer backing portion 103 and the inner cover portion 104. </p><p id="p0050" num="0050">The garment carrier further includes a gusset panel 110 at the top end 101 of the garment carrier 100 that separates the outer backing portion 103 and the inner cover portion 104. The gusset panel 110 allows various sizes of garment hangers to be accommodated in the interior compartment of the garment carrier 100. </p><p id="p0051" num="0051">A hanger loop, formed from two 'hook/loop' fastener straps 112, is installed on the interior surface of the gusset panel 110 to allow a garment hanger to be attached to and hang from the gusset panel 110 in the interior compartment. A slit 113 is provided in the gusset panel 110 allowing the two straps 112 to pass through the slit 113 and project from the outer surface of the gusset panel 110. The two hook/loop fastener straps 112 can be joined to form a loop by engaging opposing hook/loop fastener surfaces of the straps 112 together. The loop is then adapted receive the hook of a garment hanger to allow the garment to hang within the interior compartment. </p><p id="p0052" num="0052">Alternatively, the hook/loop fastener straps 112 can be joined to form a loop around a coat hanger rail of a wardrobe or closet, allowing the carrier bag to hang from the rail. As a further alternative, a coat hanger hook can be passed through the slit 113 to allow use of the hook to hang the carrier bag on a coat hanger rail. </p><p id="p0053" num="0053">The outer backing portion 103 has an arrangement of internal pockets 114 formed within the outer backing portion 103 that house a resilient frame 116, shown separately in Rg. 7. In this embodiment, the frame 116 is stitched in place between fabric layers of the outer backing portion 103. </p><p id="p0054" num="0054">A first patch of hook/loop fastener material 115 is provided on the outer backing portion 103 in the interior compartment of the garment carrier 100, for securing the flap 108, the operation of which is discussed in more detail below. 
<!-- EPO <DP n="9"/>-->
 Turning to Fig. 7, the frame 116 comprises two elongate strips 118 formed from a flexible and resilient plastic material, such as polyvinyl chloride (PVC) and two stiffening ribs 120. In this embodiment, the stiffening ribs 120 are also formed from PVC but are dimensioned to have a greater thickness than the elongate strips 118 and are therefore more rigid than the elongate strips 118. Other materials and/or dimensions may be used to provide a frame with resilient strips and relatively stiffer cross- ribs. Many other designs of frames are possible that would provide stiffening across the width of the garment carrier and resilience against rolling of the garment carrier from top to bottom or vice versa. </p><p id="p0055" num="0055">Other features of the garment carrier 100 are depicted in Fig. 8, including a top handle 122, a shoulder strap 124, a closable compartment 126 with a second zip mechanism 125, sweat pad 128, outer straps 130 and buckle mechanisms 132. A second patch of hook/loop fastener material 133 is provided towards the top end 101 of the garment carrier 100 on the outer backing portion 103, the operation of which will be discussed in more detail below. </p><p id="p0056" num="0056">Fig. 9 depicts the garment carrier 100 with the flap 108 fastened in place by the closed zip mechanism 106, enclosing the garment in the interior compartment. The garment carrier 100 further comprises a detachable bag 134 that can be attached to the garment carrier 100 near the top end 101 via one or more strap and buckle mechanisms 136. A third patch of hook/loop fastener material 138 is provided near the bottom end 102 of the garment carrier on the flap 108 of the inner cover portion 104. The third patch 138 has an opposite hook/loop configuration to the first and second patches 115, 133 so that the third patch 138 can be fastened to either of the first and second patches 115, 133 by pressing one patch against the other. </p><p id="p0057" num="0057">In use, a suit or other garment is placed between the outer backing portion 103 and the inner cover portion 104 via the opening created by unfastening the first zip mechanism 106. The garment can either be arranged on a hanger, in which case the hanger is hooked to the hanger loop 112, or laid freely in the garment carrier 100. The flap 108 is then zip fastened to cover the opening and retain the garment in the interior compartment between the outer backing portion 103 and the inner cover portion 104. </p><p id="p0058" num="0058">With the garment carrier 100 laying flat in an unrolled configuration with the inner cover portion 104 facing upwards and starting at the top end 101, the garment carrier 100 is rolled 
<!-- EPO <DP n="10"/>-->
 towards the bottom end 102, creating the rolled configuration shown in Fig. 10. The resilient elongate strips 118 are biased to their natural flat state and inhibit folding of the garment carrier 100 as it is rolled. This results in a coiled rolled configuration that inhibits any folding of the garment carrier 100. </p><p id="p0059" num="0059">In the rolled configuration, the second patch of hook/loop fastener material 133 engages the third patch of hook/loop fastener material 138, which assists in holding the garment carrier 100 in the rolled configuration and prevents lateral movement of the top end 101 relative to the bottom end 102. </p><p id="p0060" num="0060">The outer straps 130 can then be drawn to engage the two components of the buckle mechanisms 132, thereby securing the garment carrier 100 in the rolled configuration. In the rolled configuration, the garment carrier 100 can be comfortably carried either by hand or over a shoulder using the shoulder strap 124. </p><p id="p0061" num="0061">In the unrolled configuration shown in Fig. 6, with the flap 108 unfastened, the flap 108 itself can be rolled upwards towards the bottom end 102 of the garment carrier 100. When fully rolled, the third patch of hook/loop fastener material 138 can be engaged with the first patch of hook/loop fastener material 115 to hold the rolled flap 108 within the interior compartment of the garment carrier 100. </p><p id="p0062" num="0062">The inner cover portion 14, 104 of either embodiment may be formed with a flexible material that is adapted to hold an electrostatic charge, such as polyvinyl chloride (PVC). PVC and various other materials have a natural tendency to accumulate a negative electrostatic charge, as indicated by the symbols in Fig. 6. Many common garments, such as woollen suits, have a natural tendency to accumulate a positive electrostatic charge and would therefore be attracted to the inner cover portion 14, 104. The electrostatic attraction created between the garment and the inner cover portion 14, 104 assists in holding the garment against the inner cover portion 14, 104 and further inhibits creasing and wrinkling of the garment. Many other suitable materials with similar electrostatic properties may be used in place of PVC, which would perform the same function of attracting various types of garments. In addition, a cloth of suitable material may be provided to impart an </p><p id="p0063" num="0063">electrostatic charge to the inner cover portion 14, 104 by rubbing the cloth on the inner cover portion 14, 104. 
<!-- EPO <DP n="11"/>-->
 The above embodiments of garment carriers 10, 100 provide a garment carrier that reduces the amount of creasing and wrinkling of garments that occur when garments are transported in conventional luggage. By inhibiting folding of the garment, far less creasing and wrinkling occurs. Advantageously, the garment is not pressed against any rigid surfaces of the garment carrier, which further inhibits creasing and wrinkling. The garment carrier is compact and easy to carry either by hand or over a shoulder and can be hung in the unrolled configuration by a number of different means. Although the invention has been described with reference to specific examples, it will be appreciated by those skilled in the art that the invention may be embodied in many other forms including different combinations of select features of both embodiments described above. 
</p></description><claims mxw-id="PCLM44853044" ref-ucid="WO-2012116412-A1" lang="EN" load-source="patent-office"><claim-statement><!-- EPO <DP n="12"/>-->CLAIMS: </claim-statement><claim id="clm-0001" num="1"><claim-text>1. A garment carrier comprising: </claim-text><claim-text> an outer backing portion; </claim-text><claim-text> an inner cover portion arranged over an inner surface of the outer backing portion to form a compartment for receiving a garment between the outer backing portion and the inner cover portion; and </claim-text><claim-text> a resilient frame that inhibits folding of the garment carrier and biases the garment carrier to a generally flat unrolled configuration; and </claim-text><claim-text> a fastening mechanism, wherein the garment carrier is adapted to be rolled from the unrolled configuration into a rolled configuration and fastened in the rolled configuration using the fastening mechanism. </claim-text></claim><claim id="clm-0002" num="2"><claim-text>2. The garment carrier of claim 1 wherein the resilient frame comprises two generally parallel lateral stiffening ribs and two generally parallel flexible and resilient elongate straps. </claim-text></claim><claim id="clm-0003" num="3"><claim-text>3. The garment carrier of claim 2 wherein the resilient frame is a component of the outer backing portion. </claim-text></claim><claim id="clm-0004" num="4"><claim-text>4. The garment carrier of any one of claims 1 to 3 further comprising a gusseted upper section between the outer backing portion and the inner cover portion for receiving a coat hanger. </claim-text></claim><claim id="clm-0005" num="5"><claim-text>5. The garment carrier of claim 4 wherein the gusseted upper section is curved with the outer backing portion radially outward relative to the inner cover portion, so that the curved upper section assists in rolling the garment carrier into the rolled configuration. </claim-text></claim><claim id="clm-0006" num="6"><claim-text>6. The garment carrier of claim 4 or 5 wherein the gusseted upper section is formed from moulded plastic or bonded foam. </claim-text></claim><claim id="clm-0007" num="7"><claim-text>7. The garment carrier of any one of claims 4 to 6 further comprising a clothes hanger attachment provided at an apex of the gusseted upper section. <!-- EPO <DP n="13"/>--> </claim-text></claim><claim id="clm-0008" num="8"><claim-text>8. The garment carrier of any one of claims 1 to 7 wherein the inner cover portion is formed from polyvinyl chloride or another plastic material. </claim-text></claim><claim id="clm-0009" num="9"><claim-text>9. The garment carrier of any one of claims 1 to 8 wherein the inner cover portion is formed at least in part with a plastic material that is adapted to hold an electrostatic charge that allows the inner cover portion to adhere to the garment by electrostatic forces. </claim-text></claim><claim id="clm-0010" num="10"><claim-text>10. The garment carrier of any one of claims 1 to 9 further comprising a clothes hanger detachably mounted in the compartment. </claim-text></claim><claim id="clm-0011" num="11"><claim-text>11. The garment carrier of any one of claims 1 to 10 further comprising a zip mechanism provided on the inner cover portion for providing closable access to the compartment between the outer backing portion and the inner cover portion. </claim-text></claim><claim id="clm-0012" num="12"><claim-text>12. The garment carrier of any one of claims 1 to 11 further comprising a shoulder strap attachable to the garment carrier for carrying the garment carrier in the rolled configuration. </claim-text></claim><claim id="clm-0013" num="13"><claim-text>13. The garment carrier of any one of claims 1 to 12 further comprising a cover adapted to enclose the garment carrier in the rolled configuration. </claim-text></claim><claim id="clm-0014" num="14"><claim-text>14. The garment carrier of any one of claims 1 to 13 further comprising a generally cylindrical bag adapted to be releasably secured to the inner cover portion. </claim-text></claim></claims><copyright>User acknowledges that Fairview Research LLC and its third party providers retain all right, title and interest in and to this xml under applicable copyright laws.  User acquires no ownership rights to this xml including but not limited to its format.  User hereby accepts the terms and conditions of the Licence Agreement</copyright></patent-document>
