<?xml version="1.0" encoding="UTF-8"?>
<patent-document ucid="EP-2677872-A1" country="EP" doc-number="2677872" kind="A1" date="20140101" family-id="45932286" file-reference-id="316853" date-produced="20180823" status="corrected" lang="DE"><bibliographic-data><publication-reference fvid="146551765" ucid="EP-2677872-A1"><document-id><country>EP</country><doc-number>2677872</doc-number><kind>A1</kind><date>20140101</date><lang>DE</lang></document-id></publication-reference><application-reference ucid="EP-12712594-A" is-representative="NO"><document-id mxw-id="PAPP154825688" load-source="docdb" format="epo"><country>EP</country><doc-number>12712594</doc-number><kind>A</kind><date>20120221</date><lang>DE</lang></document-id><document-id mxw-id="PAPP176648279" load-source="docdb" format="original"><country>EP</country><doc-number>12712594.6</doc-number><date>20120221</date></document-id></application-reference><priority-claims><priority-claim mxw-id="PPC140451617" ucid="DE-102011004460-A" load-source="docdb"><document-id format="epo"><country>DE</country><doc-number>102011004460</doc-number><kind>A</kind><date>20110221</date></document-id></priority-claim><priority-claim mxw-id="PPC140453807" ucid="EP-2012052951-W" linkage-type="W" load-source="docdb"><document-id format="epo"><country>EP</country><doc-number>2012052951</doc-number><kind>W</kind><date>20120221</date></document-id></priority-claim></priority-claims><technical-data><classifications-ipcr><classification-ipcr mxw-id="PCL1988125143" load-source="docdb">F24C  15/20        20060101ALI20120913BHEP        </classification-ipcr><classification-ipcr mxw-id="PCL1988131939" load-source="docdb">A21B   3/04        20060101AFI20120913BHEP        </classification-ipcr></classifications-ipcr><classifications-cpc><classification-cpc mxw-id="PCL-1796773442" load-source="docdb" scheme="CPC">Y02P  70/34        20151101 LA20170627BHEP        </classification-cpc><classification-cpc mxw-id="PCL-1835140638" load-source="docdb" scheme="CPC">B01D   5/0027      20130101 LI20170324BHEP        </classification-cpc><classification-cpc mxw-id="PCL-2004750590" load-source="docdb" scheme="CPC">Y02P  60/80        20151101 LA20151103BHEP        </classification-cpc><classification-cpc mxw-id="PCL-2004753449" load-source="docdb" scheme="CPC">Y02P  60/831       20151101 LA20151103BHEP        </classification-cpc><classification-cpc mxw-id="PCL1988111884" load-source="docdb" scheme="CPC">F24C  15/20        20130101 LI20131204BHEP        </classification-cpc><classification-cpc mxw-id="PCL1988136252" load-source="docdb" scheme="CPC">A21B   3/04        20130101 FI20131204BHEP        </classification-cpc></classifications-cpc><invention-title mxw-id="PT132187779" lang="DE" load-source="patent-office">VERFAHREN ZUR ENTFERNUNG VON IN SCHWADEN ENTHALTENEN ORGANISCHEN INHALTSSTOFFEN UND DEREN UMWANDLUNGSPRODUKTEN UND ZUR WÄRMERÜCKGEWINNUNG AUS SCHWADEN UND EINE VORRICHTUNG ZUR DURCHFÜHRUNG DIESES VERFAHRENS</invention-title><invention-title mxw-id="PT132187780" lang="EN" load-source="patent-office">METHOD FOR REMOVING ORGANIC COMPONENTS AND THE CONVERSION PRODUCTS OF SAID COMPONENTS CONTAINED IN VAPOR AND FOR RECOVERING HEAT FROM VAPOR, AND DEVICE FOR CARRYING OUT SAID METHOD</invention-title><invention-title mxw-id="PT132187781" lang="FR" load-source="patent-office">PROCÉDÉ POUR ÉLIMINER DES COMPOSANTS ORGANIQUES CONTENUS DANS DES BUÉES DE CUISSON ET LEURS PRODUITS DE CONVERSION AINSI QUE POUR RÉCUPÉRER LA CHALEUR DÉGAGÉE DE BUÉES ET DISPOSITIF POUR METTRE LEDIT PROCÉDÉ EN OEUVRE</invention-title></technical-data><parties><applicants><applicant mxw-id="PPAR918143041" load-source="docdb" sequence="1" format="epo"><addressbook><last-name>KUCHENMEISTER GMBH</last-name><address><country>DE</country></address></addressbook></applicant><applicant mxw-id="PPAR918170798" load-source="docdb" sequence="1" format="intermediate"><addressbook><last-name>KUCHENMEISTER GMBH</last-name></addressbook></applicant><applicant mxw-id="PPAR918983866" load-source="patent-office" sequence="1" format="original"><addressbook><last-name>Kuchenmeister GmbH</last-name><iid>101271622</iid><address><street>Coesterweg 31</street><city>59494 Soest</city><country>DE</country></address></addressbook></applicant></applicants><inventors><inventor mxw-id="PPAR918164644" load-source="docdb" sequence="1" format="epo"><addressbook><last-name>GERMAN HEINER</last-name><address><country>DE</country></address></addressbook></inventor><inventor mxw-id="PPAR918144274" load-source="docdb" sequence="1" format="intermediate"><addressbook><last-name>GERMAN, Heiner</last-name></addressbook></inventor><inventor mxw-id="PPAR918993496" load-source="patent-office" sequence="1" format="original"><addressbook><last-name>GERMAN, Heiner</last-name><address><street>Treiberpfad 22</street><city>13469 Berlin</city><country>DE</country></address></addressbook></inventor></inventors><agents><agent mxw-id="PPAR918988261" load-source="patent-office" sequence="1" format="original"><addressbook><last-name>Morawski, Birgit</last-name><suffix>et al</suffix><iid>101089528</iid><address><street>Maikowski &amp; Ninnemann Patentanwälte Postfach 15 09 20</street><city>10671 Berlin</city><country>DE</country></address></addressbook></agent></agents></parties><international-convention-data><pct-or-regional-filing-data ucid="EP-2012052951-W"><document-id><country>EP</country><doc-number>2012052951</doc-number><kind>W</kind><date>20120221</date><lang>DE</lang></document-id></pct-or-regional-filing-data><pct-or-regional-publishing-data ucid="WO-2012113800-A1"><document-id><country>WO</country><doc-number>2012113800</doc-number><kind>A1</kind><date>20120830</date><lang>DE</lang></document-id></pct-or-regional-publishing-data><designated-states><ep-contracting-states><country mxw-id="DS548924962" load-source="docdb">AL</country><country mxw-id="DS548938739" load-source="docdb">AT</country><country mxw-id="DS548924963" load-source="docdb">BE</country><country mxw-id="DS548869813" load-source="docdb">BG</country><country mxw-id="DS548940530" load-source="docdb">CH</country><country mxw-id="DS548818474" load-source="docdb">CY</country><country mxw-id="DS548938740" load-source="docdb">CZ</country><country mxw-id="DS548949010" load-source="docdb">DE</country><country mxw-id="DS548924964" load-source="docdb">DK</country><country mxw-id="DS548818475" load-source="docdb">EE</country><country mxw-id="DS548841650" load-source="docdb">ES</country><country mxw-id="DS548869814" load-source="docdb">FI</country><country mxw-id="DS548869815" load-source="docdb">FR</country><country mxw-id="DS548949011" load-source="docdb">GB</country><country mxw-id="DS548924965" load-source="docdb">GR</country><country mxw-id="DS548924966" load-source="docdb">HR</country><country mxw-id="DS548818476" load-source="docdb">HU</country><country mxw-id="DS548940531" load-source="docdb">IE</country><country mxw-id="DS548924967" load-source="docdb">IS</country><country mxw-id="DS548869816" load-source="docdb">IT</country><country mxw-id="DS548818477" load-source="docdb">LI</country><country mxw-id="DS548949012" load-source="docdb">LT</country><country mxw-id="DS548938741" load-source="docdb">LU</country><country mxw-id="DS548949013" load-source="docdb">LV</country><country mxw-id="DS548949014" load-source="docdb">MC</country><country mxw-id="DS548937458" load-source="docdb">MK</country><country mxw-id="DS548937459" load-source="docdb">MT</country><country mxw-id="DS548938742" load-source="docdb">NL</country><country mxw-id="DS548841651" load-source="docdb">NO</country><country mxw-id="DS548938743" load-source="docdb">PL</country><country mxw-id="DS548841652" load-source="docdb">PT</country><country mxw-id="DS548938744" load-source="docdb">RO</country><country mxw-id="DS548841653" load-source="docdb">RS</country><country mxw-id="DS548938745" load-source="docdb">SE</country><country mxw-id="DS548949015" load-source="docdb">SI</country><country mxw-id="DS548940532" load-source="docdb">SK</country><country mxw-id="DS548940533" load-source="docdb">SM</country><country mxw-id="DS548937460" load-source="docdb">TR</country></ep-contracting-states></designated-states></international-convention-data><office-specific-data><eptags><ep-no-a-document-published>*</ep-no-a-document-published></eptags></office-specific-data></bibliographic-data><abstract mxw-id="PA99625637" ref-ucid="WO-2012113800-A1" lang="DE" load-source="patent-office"><p num="0000">Die vorliegende Erfindung betrifft ein Verfahren zur Behandlung von Schwaden, insbesondere Backschwaden, zur Anwendung in Anlagen, die Wasserdampf und organische Bestandteile und deren Umwandlungsprodukte enthaltende Schwaden freisetzen, insbesondere in Backöfen, wobei der in den Schwaden enthaltene Wasserdampf einstufig durch direkte Kühlung der Schwaden durch Kontaktierung der Schwaden mit einem Kühlmedium in mindestens einem Kondensationsraum auskondensiert wird und dabei auch die in den Schwaden enthaltenen organischen Bestandteile und deren Umwandlungsprodukte abgeschieden werden. Die Erfindung betrifft ebenfalls eine Vorrichtung zur Durchführung dieses Verfahrens.</p></abstract><abstract mxw-id="PA99824156" ref-ucid="WO-2012113800-A1" lang="DE" source="national office" load-source="docdb"><p>Die vorliegende Erfindung betrifft ein Verfahren zur Behandlung von Schwaden, insbesondere Backschwaden, zur Anwendung in Anlagen, die Wasserdampf und organische Bestandteile und deren Umwandlungsprodukte enthaltende Schwaden freisetzen, insbesondere in Backöfen, wobei der in den Schwaden enthaltene Wasserdampf einstufig durch direkte Kühlung der Schwaden durch Kontaktierung der Schwaden mit einem Kühlmedium in mindestens einem Kondensationsraum auskondensiert wird und dabei auch die in den Schwaden enthaltenen organischen Bestandteile und deren Umwandlungsprodukte abgeschieden werden. Die Erfindung betrifft ebenfalls eine Vorrichtung zur Durchführung dieses Verfahrens.</p></abstract><abstract mxw-id="PA99625638" ref-ucid="WO-2012113800-A1" lang="EN" load-source="patent-office"><p num="0000">The invention relates to a method for treating vapor, in particular baking vapor, for use in systems that release vapor which contains steam, organic components, and the conversion products of said components, in particular in bake ovens. The steam contained in the vapor is condensed out in a single stage by directly cooling the vapor by contacting same with a coolant in at least one condensation chamber, and the organic components and the conversion products of said components contained in the vapor are also separated at the same time. The invention likewise relates to a device for carrying out said method.</p></abstract><abstract mxw-id="PA99824157" ref-ucid="WO-2012113800-A1" lang="EN" source="national office" load-source="docdb"><p>The invention relates to a method for treating vapor, in particular baking vapor, for use in systems that release vapor which contains steam, organic components, and the conversion products of said components, in particular in bake ovens. The steam contained in the vapor is condensed out in a single stage by directly cooling the vapor by contacting same with a coolant in at least one condensation chamber, and the organic components and the conversion products of said components contained in the vapor are also separated at the same time. The invention likewise relates to a device for carrying out said method.</p></abstract><abstract mxw-id="PA99625639" ref-ucid="WO-2012113800-A1" lang="FR" load-source="patent-office"><p num="0000">L'invention concerne un procédé pour traiter des buées, en particulier des buées de cuisson, ledit procédé s'utilisant dans des installations qui dégagent de la vapeur d'eau et des composants organiques et des buées contenant leurs produits de conversion, en particulier dans des fours de cuisson, la vapeur d'eau contenue dans les buées étant extraite par condensation dans au moins une chambre de condensation, par refroidissement direct des buées par mise en contact desdites buées avec un agent réfrigérant, les composants organiques contenus dans lesdites buées ainsi que leurs produits de conversion sont également précipités à cette occasion. L'invention concerne également un dispositif pour mettre ledit procédé en oeuvre.</p></abstract><abstract mxw-id="PA99824158" ref-ucid="WO-2012113800-A1" lang="FR" source="national office" load-source="docdb"><p>L'invention concerne un procédé pour traiter des buées, en particulier des buées de cuisson, ledit procédé s'utilisant dans des installations qui dégagent de la vapeur d'eau et des composants organiques et des buées contenant leurs produits de conversion, en particulier dans des fours de cuisson, la vapeur d'eau contenue dans les buées étant extraite par condensation dans au moins une chambre de condensation, par refroidissement direct des buées par mise en contact desdites buées avec un agent réfrigérant, les composants organiques contenus dans lesdites buées ainsi que leurs produits de conversion sont également précipités à cette occasion. L'invention concerne également un dispositif pour mettre ledit procédé en oeuvre.</p></abstract><description mxw-id="PDES50931334" ref-ucid="WO-2012113800-A1" lang="DE" load-source="patent-office"><!-- EPO <DP n="3"/>--><p id="p0001" num="0001"> Verfahren zur Entfernung von in Schwaden enthaltenen organischen Inhaltsstoffen und deren Umwandlungsprodukten und zur Wärmerückgewinnung aus Schwaden und eine Vorrichtung zur Durchführung dieses Verfahrens Die vorliegende Erfindung betrifft ein Verfahren zur Behandlung und Wärmerückgewinnung von Schwaden gemäß dem Oberbegriff des Anspruchs 1 , eine Vorrichtung zur Durchführung dieses Verfahrens gemäß Anspruch 15 und die Verwendung dieser Vorrichtung nach Anspruch 26. Schwaden, insbesondere die im Backgewerbe im Backraum der Backöfen entstehenden Backschwaden, bestehen typischerweise aus Wasserdampf, Luft sowie anderen, teilweise umweltbelastenden und geruchsaktiven Bestandteilen. </p><p id="p0002" num="0002">Der Wasserdampfanteil der Backschwaden stammt sowohl aus außerhalb des Backofens erzeugtem, in den Backofen eingeführtem Wasserdampf, als auch aus dem Wasser, das aus dem Backgut während des Backens ausdampft. Bei direkt beheizten Backöfen entstammt zusätzlicher Wasserdampf aus den Verbrennungsgasen der Brenner. </p><p id="p0003" num="0003">Der eingeführte Wasserdampf benötigt zu seiner Erzeugung etwa ein Drittel des gesamten Wärmebedarfes der Backwarenherstellung. Der Wasserdampf dient technologischen Zwecken, u.a. dazu, die Oberfläche der Teigstücke elastisch zu halten, bis diese ihr volles Volumen erreichen, und das Aussehen der Teigstücke positiv zu beeinflussen. Seine Konzentration in der Backraumatmosphäre entscheidet in den verschiedenen Zeitabschnitten des Backvorgangs maßgeblich die Gebäckqualität. </p><p id="p0004" num="0004">Der Luftanteil der Backschwaden stammt aus der Umgebung der Backöfen. Die Luft dringt über den natürlichen Auftrieb an Ofenöffnungen und an Undichtigkeiten des Backraums in diesen ein. Bei direkt beheizten Backöfen entstammt den Verbrennungsgasen der Brenner zusätzliche Luft. </p><p id="p0005" num="0005">Wegen des Gehalts an Wasserdampf enthalten Backschwaden eine große Menge an Energie in Form von Kondensationswärme. Die Rückgewinnung der in den Backschwaden erhaltenen Energie ist somit von bedeutender ökonomischer und ökologischer Relevanz. </p><p id="p0006" num="0006">Wasserdampf und Luft werden im Backraum typischerweise auf Temperaturen von über Ι ΟΟ 'Ό erhitzt und fallen im Verlauf des Backvorganges in unterschiedlichen 
<!-- EPO <DP n="4"/>-->
 Mengenverhältnissen in Form der so genannten Backschwaden an, Backschwaden sind belastet mit organischen Bestandteilen, mit deren Umwandlungsprodukten sowie bei direkt beheizten Öfen mit den Rauchgasen aus den Heizeinrichtungen. Verschiedene Lösungsvorschläge zur Wärmerückgewinnung aus Schwaden, insbesondere Backschwaden, wurden in der Vergangenheit verfolgt. </p><p id="p0007" num="0007">So ist aus der DE 197 23 407 A1 bekannt, die Backschwaden zusammen mit den Rauchgasen aus den öl- oder gasbefeuerten Heizeinrichtungen von Durchlaufbacköfen durch eine wärmetauschende und abgasreinigende Einrichtung zu führen, die wiederum mit einem Speisewasserspeicher und einem Dampferzeuger verbunden sind. </p><p id="p0008" num="0008">Die DE 30 13 330 A1 beschreibt ebenfalls ein Verfahren zur Rückgewinnung von Abwärmeenergie und deren Wiederverwendung beim Backvorgang, wobei die Backschwaden in einem ersten Schritt in einen Wärmetauscher und in einem zweiten, folgenden Schritt zurück in die Dampfzone des Backofens geführt wird. </p><p id="p0009" num="0009">In der DE 10 2009 014 805 A1 wird eine Vorrichtung zur Energierückgewinnung aus Abgasen und Backschwaden in Kombination mit einer Reinigung der Abgase offenbart, wobei die Abgase und Backschwaden jeweils durch Module geführt werden. Diese Module bestehen aus einer Wärmetauschkammer und einer Reinigungskammer. In letzterer ist ein rotierender Scheibenwäscher angeordnet, der eine Reinigung der Abgase und Schwaden bewirkt. Im Laufe des Reinigungsvorganges erfolgen eine Rauchgasentschwefelung und eine Reduzierung der Stickoxide sowie eine Abtrennung der Feinstaubpartikel. Die Scheiben des Scheibenwäschers tauchen in ein Flüssigkeitsbad ein, um so die an den Scheiben anhaftenden Feststoffbestandteile abzuwaschen. </p><p id="p0010" num="0010">Schwaden, insbesondere Backschwaden, weisen neben dem hohen Energiegehalt auch - bedingt durch den Gar- und Backvorgang - Anteile von organischen Bestandteilen wie diverse Öle, Fette, Zuckerstoffe, Proteine, Alkohole und organische Säuren sowie deren</p><p id="p0011" num="0011">Umwandlungsprodukte auf, die in den Backschwaden in gasförmiger, flüssiger oder fester (kristallin, amorph) Form vorliegen. </p><p id="p0012" num="0012">Diese Stoffe werden üblicherweise unmittelbar mit den Schwaden an die Umgebung abgegeben und können insbesondere wegen ihrer Geruchsaktivität zu erheblichen Belästigungen führen. Die Backschwaden gelangen aus dem Backraum über 
<!-- EPO <DP n="5"/>-->
 Schwadenkamine in die Umwelt und bilden, insbesondere bei industrieller Produktion, eine Emissionsquelle. </p><p id="p0013" num="0013">Umweltbelastende und geruchsaktive Schwaden entstehen üblicherweise in Anlagen, die zur Herstellung von Nahrungsmitteln wie z.B. Back- oder Konditoreiwaren verwendet werden. Solche Anlagen kommen in verschiedenen Bereichen der Lebensmittelindustrie wie z.B. in Großbäckereien, Großküchen oder der fleischverarbeitenden Industrie zum Einsatz. Beträchtliche Mengen an Schwaden werden auch von Restaurantküchen u.a. in Schnellrestaurants oder Selbstbedienungsrestaurant freigesetzt, die ebenfalls zu einer erheblichen Umweltbelastung führen können. </p><p id="p0014" num="0014">Mittels der bekannten Verfahren zur Wärmerückgewinnung aus Backschwaden ist es bisher nur bedingt möglich, die organischen, umweltbelastende Komponenten kontinuierlich aus den Backschwaden zu entfernen. So scheitern die technischen Ausführungen bis heute an den festen Inhaltstoffen der Backschwaden, insbesondere an den fetthaltigen und staubhaltigen Anteilen, welche die Wärmetauscher verstopfen und den erforderlichen Wärmeübergang bis zur Ineffizienz behindern. </p><p id="p0015" num="0015">So wird in der DE 36 43 299 C1 eine Vorrichtung zum Entfeuchten von Raumluft oder Abgasen und/oder zum Kondensieren des Dunstes und der Schwaden aus Bäckereien beschrieben. Die hierzu verwendete Vorrichtung umfasst Rohre, die sich vertikal und parallel zueinander nach oben erstrecken und an beiden Enden offen sind, sowie Behältnisse zur Aufnahme von Kühl- und Spülwasser für die Rohre. Das zu behandelnde Medium wie z.B. Backschwaden strömt durch die von außen gekühlten Rohre nach oben, die als indirekte Wärmeaustauscher dienen und somit eine Kondensation des Wassers aus den Schwaden bewirken. Die Vorrichtung kann zusätzlich in einer unteren Kammer eine Sprüheinrichtung aufweisen, die zusätzlich eine Sprühkondensation des Dampfanteils in dem nach oben strömenden Medium bewirkt. Zugleich werden durch diese Besprühung des nach oben strömenden Mediums mit Wasser mitgeführte Schwebstoffe aus dem Medium ausgewaschen. Nachteilig ist bei der hier beschriebenen Vorrichtung deren recht komplexer</p><p id="p0016" num="0016">Aufbau. Insbesondere erfordert diese Vorrichtung einen hohen konstruktiven Aufwand und ggf. einen erhöhten Reinigungsaufwand durch Drallkörper oder Bürsten, was einem flexiblen und kostengünstigen Einbau in Schwaden erzeugende Vorrichtungen entgegensteht. Es sind weitere Entwicklungen zur Entfernung der umweltrelevanten Emissionen aus Backschwaden bekannt. Dabei werden die Backschwaden durch Oxidation in einer 
<!-- EPO <DP n="6"/>-->
 Verbrennungsanlage oder durch indirekte Kondensation in einer Kühlanlage von umweltbelastenden Inhaltsstoffen befreit. Diese Verfahren sind jedoch mit erheblichem Zusatz-Energieaufwand verbunden und daher sehr kostenintensiv. Es ist daher eine Aufgabe der vorliegenden Erfindung, ein Verfahren und eine Vorrichtung bereitzustellen, die eine energiegünstige Entfernung der organischen, umweltbelastenden Komponenten und deren Umwandlungsprodukte aus den Schwaden, insbesondere den Backschwaden ermöglicht. Diese Aufgabe wird erfindungsgemäß durch ein Verfahren mit den Merkmalen des Anspruchs 1 und eine Vorrichtung mit den Merkmalen des Anspruchs 15 gelöst. </p><p id="p0017" num="0017">Demnach wird ein Verfahren zur Behandlung von Schwaden, insbesondere von Backschwaden, zur Anwendung in Anlagen, die Schwaden mit Wasserdampf und organischen Bestandteilen und deren Umwandlungsprodukten freisetzen, insbesondere in Backöfen, bereitgestellt, mittels welchem der in den Schwaden enthaltende Wasserdampf einstufig durch direkte Kühlung der Schwaden mittels Kontaktierung der Schwaden mit mindestens einem Kühlmedium im Gegenstrom in mindestens einem Kondensationsraum kondensiert wird. Während des Kondensationsvorganges werden auch die in den Schwaden enthaltenen organischen Bestandteile und deren Umwandlungsprodukte größtenteils abgeschieden. </p><p id="p0018" num="0018">Demnach wird die Kondensation des in den Schwaden enthaltenen Wasserdampfes in dem mindestens einen Kondensationsraum ausschließlich durch direkten Kontakt der Backschwaden mit einem Kühlmedium, d.h. bevorzugt ohne Verwendung von</p><p id="p0019" num="0019">Wärmeaustauschern bewirkt. </p><p id="p0020" num="0020">Das vorliegende Verfahren betrifft somit eine einstufige Kondensation, wobei die Kondensation des Wassers aus den Schwaden innerhalb des mindestens einen Kondensationsraumes fast vollständig bzw. vollständig erfolgt. Dabei sind keine weiteren</p><p id="p0021" num="0021">Wärmeaustauscher, die z.B. von einem geeigneten Kühlmedium durchströmt werden, in dem Kondensationsraum vorgesehen. </p><p id="p0022" num="0022">Durch das Verfahren wird der Schwaden in einen Kondensatanteil und einen Luftanteil aufgeteilt. Der Kondensatanteil enthält die gleichzeitig mit dem Wasserdampf abgeschiedenen organischen Bestandteile und deren Umwandlungsprodukte sowie die 
<!-- EPO <DP n="7"/>-->
 rückgewonnene Wärme. Der Wasserdampf der Schwaden bzw. dessen Kondensat sind in diesem Verfahren als ein Trägermedium für die organischen Bestandteile und deren Umwandlungsprodukte anzusehen. Das erfindungsgemäße Verfahren ermöglicht somit eine gekoppelte bzw. gleichzeitige Entfernung umweltbelastender, organischer Inhaltsstoffe und deren Umwandlungsprodukten aus den Schwaden bei gleichzeitiger oder zeitversetzter Wärmerückgewinnung aus den Schwaden. Durch die direkte Kühlung der Schwaden werden die umweltbelastenden, organischen Stoffe und deren Umwandlungsprodukte aus den Schwaden abgeschieden und somit aus den Schwaden entfernt. Der Luftanteil der gekühlten Schwaden besteht nach der Kühlung zum größten Teil aus Luft und kann nahezu frei von Umweltbelastungen in die Umwelt abgeführt werden. Das Schwadenkondensat enthält die ausgeschiedenen, organischen Bestandteile. Diese sind biologisch abbaubar und können mit dem Abwasser entsorgt werden. Es ist aber auch möglich, das erhaltene Schwadenkondensat anderweitig zu benutzen, wie weiter unten detailliert beschrieben wird. </p><p id="p0023" num="0023">Bevorzugterweise weisen die Schwaden bei Eintritt in den Kondensationsraum eine Taupunkttemperatur Qd von mindestens 50 °C, bevorzugt in einem Bereich zwischen 50 °C und 95 °C auf. Unter der Taupunkttemperatur ist dabei diejenige Temperatur zu verstehen, bei der sich ein Gleichgewichtszustand zwischen Wasser im flüssigen und dampfförmigen Aggregatszustand einstellt und bei deren Unterschreitung Kondensatbildung einsetzt. </p><p id="p0024" num="0024">Eine Vorraussetzung für die Effizienz des vorliegenden Verfahrens sind gro ße Wasserdampfkonzentrationen in den Backschwaden, was durch entsprechende Klimaregelung des Backraums unter Anreicherung des im Backraum vorhandenen</p><p id="p0025" num="0025">Wasserdampfs auf Taupunkttemperaturen oberhalb 50 °C geschehen kann. Eine Klimaregelung des Raums, in welchem die Umwandlung der Lebensmittel erfolgt, ermöglicht die Anwendung des Verfahrens auch in anderen großtechnischen Anlagen als Backöfen, wie z.B. in Röst-, Trocknungs- oder Kochanlagen. </p><p id="p0026" num="0026">Bei Backvorgängen wird die Taupunkttemperatur als absolutes Maß für die Konzentration von Wasserdampf in feuchter Luft gewählt. Die physikalisch maximal erzielbare Taupunkttemperatur beträgt bei atmosphärischem Druck 100 °C. Je nach Fabrikat, Bauart und Bauzustand des Backofens wird die maximal erzielbare Taupunkttemperatur tatsächlich erreicht, in der Regel stellen sich im Backraum während des Backvorgangs jedoch</p><p id="p0027" num="0027">Taupunkttemperaturen zwischen 40 und 95°C ein, bedingt durch Luft, die in den Backraum 
<!-- EPO <DP n="8"/>-->
 ungewollt eindringt oder die zur Erzielung technologischer Effekte gezielt in den Backraum eingebracht wird und auf diese Weise die Wasserdampfkonzentration vermindert. </p><p id="p0028" num="0028">Die verschiedenen Gebäcksorten benötigen zur Ausprägung ihrer jeweiligen Qualitätsmerkmale unterschiedliche Verläufe der Taupunkttemperatur während des Backvorgangs. </p><p id="p0029" num="0029">Bei vielen Brot- und Kleingebäcksorten wird während der ersten ein bis zwei Minuten des Backvorgangs eine möglichst große Taupunkttemperatur benötigt. Im unmittelbaren weiteren Verlauf des Backvorgangs sind teilweise Taupunkttemperaturen von unter 70 °C erforderlich, beispielsweise um Rissbildung in der Gebäckkruste zu vermeiden. In der Mitte des Backvorgangs ist der Einfluss der Taupunkttemperatur auf die Gebäckqualität weniger relevant. Hier ist es wünschenswert, die Taupunkttemperatur produktspezifisch zu maximieren, um bei möglichst großen Taupunkttemperaturen die größtmögliche Energieeffizienz beim Backen zu erzielen. Gegen Ende des Backvorgangs wird die Taupunkttemperatur üblicherweise auf Werte zwischen 60 und 80 °C gesenkt, um bestimmte Krusteneigenschaften wie Knusprigkeit und Rösche zu erzielen. </p><p id="p0030" num="0030">Das Verfahren ist mit steigenden Taupunkttemperaturen umso effizienter, weil diese mit der maximal erzielbaren Temperatur des gewonnenen Warmwassers im Verfahren korrespondiert. Bevorzugt wird das Verfahren bei Taupunkttemperaturen oberhalb 50 °C durchgeführt. </p><p id="p0031" num="0031">Das Wasserdampf/Luft-Gemisch, das sich um das Backgut herum bildet, wird als Schwaden üblicherweise an verschiedenen Stellen bzw. zu verschiedenen Zeitpunkten des</p><p id="p0032" num="0032">Backvorgangs aus dem Backraum entnommen, gesammelt, dabei üblicherweise gemischt und mit freier oder erzwungener Konvektion ins Freie verbracht. Durch Klimaregelung des Backraums ist es möglich, den Wasserdampf im Backraum und dadurch in den Schwaden anzureichern, wodurch die Taupunkttemperatur gesteigert wird und dadurch die Effizienz des zu vorliegenden Verfahrens maximiert wird. </p><p id="p0033" num="0033">Die Konzentration an organischen, häufig geruchsaktiven Bestandteilen nimmt während des Backvorgangs zu und erreicht im letzten Drittel des Backvorgangs einen maximalen Wert. Das Verfahren wird bevorzugt analog zum atmosphärischen Druck der korrespondierenden Backräume nur bei atmosphärischem Druck durchgeführt. 
<!-- EPO <DP n="9"/>-->
 Die Schwaden werden bevorzugt unter Herbeiführung der Wasserdampfsättigung auf eine Temperatur unterhalb von 30 Ό in dem mindestens einen Kondensationsraum abgekühlt. Die Abkühlung von feuchter Luft mit einer Taupunkttemperatur von z.B. 50 °C auf eine Temperatur unter 30 °C verläuft ab Unterschreitung der Lufttemperatur von 50 °C gemäß dem Mollier-Diagramm auf der Taupunktlinie. Mit anderen Worten, ab 50 °C kondensiert überschüssiges Wasser und die Taupunkttemperatur der verbleibenden Luft stimmt mit der Lufttemperatur überein. Somit weist die Restluft, d.h. die den Kondensationsraum verlassene Luft eine Temperatur unterhalb von 30 °C auf. </p><p id="p0034" num="0034">Das erfindungsgemäße Verfahren unterscheidet sich von den bisher bekannten Verfahren insbesondere darin, dass die Kühlung der Schwaden separat von einer Kühlung von Rauchgasen erfolgt. Es ist aber auch denkbar, dass die Kühlung der Schwaden gemeinsam mit der Kühlung der Rauchgase erfolgt. </p><p id="p0035" num="0035">In dem vorliegenden Verfahren wird die Kühlung der Schwaden durch einen direkten Kontakt der Schwaden mit mindestens einem Kühlmedium, insbesondere Wasser oder Schwadenkondensat, in dem mindestens einen Kondensationsraum verwirklicht, wobei der unmittelbare Kontakt der Schwaden und des Kühlmediums im Gegenstrom erfolgt. Die Kühlung der Schwaden im Gegenstrom erlaubt ein permanentes Reinigen der Schwaden von organischen Stoffen und deren Umwandlungsprodukten. Das Kühlmedium ersetzt die bisher üblichen indirekten Wärmeaustauscher. Dadurch entfällt die regelmäßig erforderliche Reinigung und Wartung der Wärmeaustauschoberflächen, so dass die Intervalle zwischen den einzelnen Wartungen der gesamten Anlage erhöht werden können und somit längere Produktionsintervalle möglich sind, was erheblich zu einer Kostenreduzierung des gesamten</p><p id="p0036" num="0036">Produktionsvorganges beiträgt. </p><p id="p0037" num="0037">In einer bevorzugten Ausführungsform des vorliegenden Verfahrens wird das mindestens eine Kühlmedium mit einer Fließgeschwindigkeit zwischen 0,5 m/min und 10 m/min, bevorzugt zwischen 1 ,0 m/min und 5,0 m/min, insbesondere bevorzugt zwischen 1 ,0 m/min und 2,5 m/min durch den mindestens einen Kondensationsraum geführt. Das Kühlmedium läuft demnach in den Kondensationsraum in Form eines Flüssigkeitsstromes, insbesondere eines kontinuierlichen Flüssigkeitsstromes ein. Es erfolgt keine Sprühkondensation und somit auch keine Tröpfchenbildung des in den Kondensationsraum einlaufenden Kühlmediums. Eine Sprühkondensation wäre im vorliegenden Verfahren auch gar nicht ausführbar, da die Schwaden in den Kondensationsraum mit hoher 
<!-- EPO <DP n="10"/>-->
 Strömungsgeschwindigkeit eintreten und damit die Sprühtropfen statt auf einen Füllkörper zu gelangen, vom Luftstrom mitgerissen werden, so dass eine verminderte Reinigungswirkung und eine verschlechterte energetische Auslastung bzw. schlechtere Wärmerückgewinngung eintritt. </p><p id="p0038" num="0038">Das Kühlmedium wie Wasser oder Schwadenkondensat kann ebenfalls mit einem geeigneten Additiv zur Reduzierung der Oberflächenspannung versetzt werden. Hierfür geeignete Additive sind z.B. Tenside oder Emulgatoren, die eine bessere Benetzung der Keramikoberfläche bewirken. </p><p id="p0039" num="0039">Weitere Additive z.B. in Form von geeigneten Säuren können zur Einstellung des pH-Wertes des Kühlmediums verwendet werden. Dabei ist ein saurer pH-Wert des Kühlmediums bevorzugt, um das Wachstum von Mikroorganismen wie Bakterien oder auch Pilze zu verhindern bzw. einzuschränken. </p><p id="p0040" num="0040">In einer bevorzugten Ausführungsform erfolgen die Kondensation der in den Schwaden organischen Bestandteile und deren Umwandlungsprodukte an mindestens einer Oberfläche eines in dem Kondensationsraum angeordneten Kondensationsmittels. Das mindestens eine Kondensationsmittel ist dabei in dem Kondensationsraum derart angeordnet, dass es zumindest zeitweise von dem Kühlmittel kontaktiert bzw. befeuchtet wird. Aufgrund dieser zumindest zeitweise stattfindenden Benetzung der Oberfläche des Kondensationsmittels mit dem Kühlmittel entfällt auch die Notwendigkeit des Waschens derselben, da die auskondensierten bzw. abgeschiedenen organischen Stoffe unmittelbar im Schwadenkondensat gelöst sind. Ein wesentlicher Aspekt ist dabei, dass die Oberfläche der Kondensationsmittel nicht antrocknet, da es sonst zu schwer zu entfernenden Verkrustungen auf der Oberfläche des Kondensationsmittels kommt. </p><p id="p0041" num="0041">Die mindestens eine Oberfläche des in dem Kondensationsraum angeordneten Kondensationsmittels kann eine Hohlraumstruktur, insbesondere ein offenporiges Zellsystem, eine strukturierte Packung und/oder eine unstrukturierte Packung aufweisen. Es ist ebenfalls möglich, die Kondensationsmittel mit metallorganischen oder biokatalytischen Oberflächen zu versehen bzw. zu beschichten, </p><p id="p0042" num="0042">In einer bevorzugten Ausführungsform liegt das als Kondensationsmittel verwendete offenporige Zellsystem in Form eines keramischen Porensystems mit einer Porung von 20 ppi, bevorzugt 15 ppi, insbesondere bevorzugt von 10 ppi vor. So ist z.B. die Verwendung 
<!-- EPO <DP n="11"/>-->
 von Keramikschaum mit einer entsprechenden Porengröße denkbar, wobei dieser ca. 20% des freien Querschnitts des Kondensationsraumes, der z.B. in Form einer Säule oder eines Rohres ausgebildet ist, beansprucht. In einer Ausführungsform wird das nach Kondensation der Schwaden erhaltene Schwadenkondensat unmittelbar, gegebenenfalls nach vorheriger Reinigung oder Filterung, als Warmwasser z.B. für Gebäudeheizungsanlagen verwendet. </p><p id="p0043" num="0043">Es ist ebenfalls möglich, das nach Kondensation der Schwaden erhaltene Schwadenkondensat in einen Wärmeaustauscher zur Wärmegewinnung zu überführen. </p><p id="p0044" num="0044">Die den mindestens einen Kondensationsraum nach Auskondensation des Wassers aus den Schwaden verlassene Luft kann eine Strömungsgeschwindigkeit zwischen 0,5 m/s und 2,0 m/s, bevorzugt zwischen 0,5 und 1 ,5 m/s, insbesondere bevorzugt zwischen 0,7 m/s und 1 , 1 m/s aufweisen. Die Strömungsgeschwindigkeit der den Kondensationsraum verlassenen Luft bzw. Abluft, d.h. im auskondensierten Zustand am Ende des Kondensationsraumes, kann aus dem gemessenen Wert der Luftgeschwindigkeit z.B. an einem am Ende des Kondensationsraumes vorgesehenen Abluftstutzen berechnet werden. Die angegebenen Werte der Strömungsgeschwindigkeit werden durch die Druckdifferenz im Kondensationsraum beeinflusst. So kann z.B. bei einer Strömungsgeschwindigkeit der Abluft von 0,7 m/s eine Druckdifferenz von 100 Pa im Kondensationsraum vorliegen, während bei einer Strömungsgeschwindigkeit der Abluft von 1 , 1 m/s die Druckdifferenz im Kondensationsraum 300 Pa betragen kann. Die Strömung der Schwaden durch den Kondensationsraum, insbesondere durch den mit einer keramischen Packung bzw. mit einem Keramikschaum als Kondensationsmittel versehenen Kondensationsraum ist bevorzugt laminar. Die Art der Strömung ist durch die Packungsdichte der keramischen Packung abhängig. Die Packungsdichte muss dabei optimal sein, um z.B. eine Flutung der keramischen Packung bei zu hoher Packungsdichte zu verhindern. </p><p id="p0045" num="0045">In einer Ausführungsform wird der nach der Reinigung durch Kondensation verbleibende Luftanteil des Schwadens unmittelbar in die die Schwaden freisetzende Anlage, wie z.B. in den Backofen rückgeführt, wodurch ein pneumatisch geschlossener Backvorgang entsteht. 
<!-- EPO <DP n="12"/>-->
 Das erfindungsgemäße Verfahren kann unter Verwendung einer Vorrichtung mit den Merkmalen des Anspruchs 15 verwirklicht werden. Die vorliegende Vorrichtung wird zur Behandlung von Schwaden, insbesondere zur Entfernung von in den Schwaden enthaltenen organischen Bestandteilen und deren Umwandlungsprodukten und zur Wärmerückgewinnung aus Schwaden, insbesondere Backschwaden, verwendet. </p><p id="p0046" num="0046">Demnach weist die Vorrichtung zur Behandlung von Schwaden, insbesondere zur Entfernung von in Backschwaden enthaltenen organischen Inhaltsstoffen und deren Umwandlungsprodukten und Wärmerückgewinnung aus Schwaden, insbesondere Backschwaden, zur Verwendung in Anlagen, die Schwaden und darin enthaltene organische Bestandteile und deren Umwandlungsprodukte freisetzen, insbesondere Backöfen, mindestens einen horizontal und/oder vertikal angeordneten Behälter mit mindestens einem Eingang für den Eintritt der Schwaden und mindestens einem Ausgang für den Austritt der behandelten, d.h. der gereinigten Schwaden, sowie mindestens einen Eingang für mindestens ein Kühlmedium und mindestens einen Ausgang für das mindestens eine Kühlmedium auf. Die entsprechenden Eingänge und Ausgänge sind dabei derart am Kondensationsraum zueinander angeordnet, dass die Schwaden und das Kühlmedium im Gegenstrom den Kondensationsraum durchströmen. Darüber hinaus umfasst der mindestens eine Kondensationsraum mindestens ein Kondensationsmittel zur Kondensation der Schwaden und weist keinen Wärmeaustauscher auf, d.h. ist wärmetauscherfrei. </p><p id="p0047" num="0047">Der mindestens eine Kondensationsraum ist bevorzugt ein zylindrischer Behälter wie eine Säule oder ein Rohr oder ein anderweitiges, zur Durchführung des Verfahrens geeignetes Behältnis. Ebenfalls ist es generell möglich, dass der mindestens eine Kondensationsraum parallel mit weiteren Kondensationsräumen vorliegt. </p><p id="p0048" num="0048">Liegt der Kondensationsraum z.B. in Form einer Säule vor, so können mehrere parallel zueinander angeordnete Säulen als Säulenbündel verwendet werden. Die Höhe einer Säule und somit auch eines Säulenbündels beträgt 100 bis 1500 mm, bevorzugt 500 bis 1000 mm, insbesondere bevorzugt 600 bis 800 mm. Ein Säulenbündel weist z.B. 2 bis 8 Säulen auf, bevorzugt 2 bis 5 Säulen, insbesondere bevorzugt aus 3 Säulen. Der Durchmesser eines Säulenbündels kann zwischen 50 und 500 mm, bevorzugt 100 und 300 mm, insbesondere bevorzugt 200 mm betragen. 
<!-- EPO <DP n="13"/>-->
 Bevorzugt ist das mindestens eine Kondensationsmittel in dem Kondensationsraum so angeordnet, dass es von dem Kühlmedium zumindest zeitweise, insbesondere in definierten zeitlichen Abständen kontaktiert wird. In einer Ausführungsform besteht das mindestens eine Kondensationsmittel aus einem Material in Form eines offenporigen Zellsystems (OZS), einer strukturierten und/oder unstrukturierten Packung. </p><p id="p0049" num="0049">Bei Verwendung eines offenporigen Zellsystems weisen die Poren dieses Materiales einen mittleren Porendurchmesser zwischen 1 und 20 mm, bevorzugt zwischen 5 und 15 mm, insbesondere bevorzugt zwischen 8 und 10 mm auf. Das verwendete Material kann auch als schwammartiges Material mit entsprechend großen Poren vorliegen. Das für das Kondensationsmittel verwendete Material besteht bevorzugt aus einem metallischen und/oder keramischen Stoff. Die Verwendung von metallischem Material dient darüber hinaus der zusätzlichen Wärmeleitung. Das keramische Material liegt bevorzugt als Sintermaterial oder als Keramikschaum vor. </p><p id="p0050" num="0050">Es ist aber auch möglich, dass das mindestens eine Kondensationsmittel in dem Kondensationsraum lose oder befestigt in mindestens einem geeigneten Behälter vorliegt. So ist es denkbar, dass das Kondensationsmittel z.B. in eine Trommel eingetragen wird, die sich in dem Kondensationsraum, insbesondere einer horizontal angeordneten Trommel rotierend bewegt. Für den Fall, dass das Kondensationsmittel lose in dem Behälter vorliegt, ist der Behälter bevorzugt vollständig mit dem Kondensationsmittel gefüllt, so dass das Kondensationsmittel nur geringfügig oder gar nicht in dem Behälter bewegbar ist. Durch die Rotation wird zum einem die Bildung von Flüssigkeits- und Luftkanälen verhindert. Zum anderen taucht das Kondensationsmaterial während der Rotation in kontinuierlichen zeitlichen Abständen in einem an der Unterseite des horizontal gelagerten Kondensationsraumes gebildeten Sumpf bestehend aus dem Kühlmittel, wie Wasser oder Schwadenkondensat ein. Dies garantiert die erforderliche kontinuierliche Benetzung des Porenmateriales mit dem Kühlmittel. </p><p id="p0051" num="0051">In einem vertikal angeordneten Kondensationsraum ist das Kondensationsmittel lose oder befestigt in mindestens einem geeigneten Behälter angeordnet. Das Kondensationsmittel kann auch in Form von einzelnen, übereinander angeordneten horizontalen Scheiben im Behälter angeordnet sein, wobei die Scheiben rotiert werden können. Durch geeignete Strömungsführung von Wasser/Schwadenkondensat und Luft, welche die Ausbildung von 
<!-- EPO <DP n="14"/>-->
 Kanälen verhindert, kann jedoch der Wärme- und Stoffübergang so gefördert werden, dass auf die Rotation des Kondensationsmittels verzichtet werden kann. </p><p id="p0052" num="0052">Die vorliegende Vorrichtung umfasst mindestens eine mit dem mindestens einen Kondensationsraum in Verbindung stehende Wärmeaustauschanlage, durch welche das in dem Kondensationsraum gebildete Schwadenkondensat geführt wird. Die Wärme aus den in dem Kondensationsraum kondensierten Schwaden, d.h. das Schwadenkondensat, das üblicherweise Temperaturen nahe oder oberhalb der Taupunkttemperatur der Schwaden aufweist, wird in einer nachgeschalteten Wärmeaustauschanlage gewonnen und z.B. zur Erwärmung von Wasser verwendet. </p><p id="p0053" num="0053">Der Kondensationsraum der erfindungsgemäßen Vorrichtung kann je nach Erfordernis und Platzbedarf unterschiedlich positioniert sein. So ist der mindestens eine Kondensationsraum in einer Ausführungsform unmittelbar in der Abgasführung der Schwaden nach außen angeordnet. Das heißt, dass ein als Kondensationsraum verwendeter Behälter vertikal in der Abgasführung bzw. im Schwadenkamin angeordnet ist und somit kein weiterer Platzbedarf besteht. Dies erleichtert den Einbau der Behälter in eine Vielzahl von großtechnischen Anlagen. Es ist aber auch möglich, den mindestens einen Kondensationsraum separat zur Abgasführung, insbesondere horizontal zur Abgasführung, anzuordnen. Hierbei ist der als Kondensationsraum verwendete Behälter bevorzugt an dem Ende der Abgasführung angeordnet, welches in unmittelbarer Nähe zum Backofen oder einer sonstigen Schwadenerzeugenden beheizbaren Vorrichtung liegt. Der Kondensationsraum ist somit horizontal am unteren Ende der Abgasführung der Schwaden angeordnet, so dass die Schwaden aus dem Ofen unmittelbar in den Kondensationsraum eingeführt werden. </p><p id="p0054" num="0054">Die Erfindung wird nachfolgend unter Bezugnahme auf die Figuren an Ausführungsbeispielen erläutert. Es zeigen: </p><p id="p0055" num="0055">Figur 1A eine schematische Ansicht eines Kondensationsraumes in Form eines </p><p id="p0056" num="0056"> Behälters verwendbar in einer erfindungsgemäßen Vorrichtung gemäß einer ersten Ausführungsform; 
<!-- EPO <DP n="15"/>-->
 Figur 1 B eine schematische Ansicht eines Kondensationsraumes in Form eines Behälters verwendbar in einer erfindungsgemäßen Vorrichtung gemäß einer zweiten Ausführungsform; Figur 2 eine schematische Ansicht einer erfindungsgemäßen Vorrichtung mit einem </p><p id="p0057" num="0057"> Kondensationsraum gemäß Figur 1A; und </p><p id="p0058" num="0058">Figur 3 eine schematische Ansicht einer erfindungsgemäßen Vorrichtung mit einem </p><p id="p0059" num="0059"> Kondensationsraum gemäß Figur 1 B. </p><p id="p0060" num="0060">Figur 1A zeigt einen Behälter 1 a als Kondensationsraum, der vertikal in einer ersten Ausführungsform der erfindungsgemäßen Vorrichtung 10 angeordnet ist (siehe Figur 2), wobei der Behälter 1 a unmittelbar im Schwadenkamin 8 angeordnet ist und somit Teil des Schwadenkamins 8 ist, was zu einer Platzersparnis führt. Der Behälter 1 a umfasst ein Kondensationsmittel 2, welches aus offenporigem Material, hier insbesondere ein keramisches Sintermaterial bzw. Keramikschaum mit einer Porung von 10 ppi, hergestellt ist. Das Kondensationsmittel 2 liegt im vertikalen Behälter 1 a in Form von OZS-Strukturen vor, die übereinander angeordnet sind. Die den Backofen verlassenen Backschwaden L treten am unteren Ende des vertikalen</p><p id="p0061" num="0061">Behälters 1 a in denselben mit einer Temperatur Tu ein. Während des Durchströmens des vertikalen Behälters 1 a werden die Backschwaden L im Gegenstrom durch ein geeignetes Kühlmittel K in Form von Kondensat oder Wasser abgekühlt, welches am oberen Ende des vertikalen Behälters 1 a in denselben mit der Temperatur T«i eintritt. </p><p id="p0062" num="0062">Während des Durchströmens des vertikalen Behälters 1 a erfolgt neben der Abkühlung der Backschwaden L auch deren Kondensation, wobei es zu einer gleichzeitigen Kondensation von in den Schwaden enthaltendem Wasserdampf als auch einer Abscheidung der in den Schwaden enthaltenden organischen Bestandteile kommt. Hierbei erfolgt bevorzugt eine vollständige bzw. fast vollständige Kondensation der Backschwaden, so dass auf die</p><p id="p0063" num="0063">Verwendung von weiteren Kondensationsmitteln wie z.B. Wärmeaustauschern im Kondensationsraum oder au ßerhalb des Kondensationsraumes verzichtet werden kann. </p><p id="p0064" num="0064">Durch die Anordnung der Oberflächen des Kondensationsmittels 2 und durch das Abfließen des Schwadenkondensats von den Oberflächen des Kondensationsmittels 2 wird die Selbstreinigung derselben herbeigeführt, so dass die in konventionellen Verfahren 
<!-- EPO <DP n="16"/>-->
 notwendige Unterbrechung des Backvorgangs zum Zwecke der Reinigung der Wärmeaustauschflächen nicht notwendig ist. Somit ist es nunmehr möglich, die Backanlage mit wesentlich verlängerten Laufzyklen zu betreiben, was zu einer erheblichen Kostenreduzierung beiträgt. </p><p id="p0065" num="0065">Gemäß Figur 2 ist der vertikale Behälter 1 a Teil einer erfindungsgemäßen Vorrichtung 10, wobei der Behälter 1 a unmittelbar mit dem Backofen 3 verbunden ist. Die im Backofen 3 entstehenden Backschwaden werden mit den üblicherweise vorhandenen ofeninternen Einrichtungen wie Schwadenschieber und Hauben gesammelt und mit den vorhandenen ofeninternen Rohrleitungen und Kanälen an die Ofenperipherie geführt. Anstatt der bisher üblichen Ausleitung der Backschwaden in die freie Umgebung über sogenannte Schwadenkamine werden die Backschwaden in den vertikalen Behälter l a geführt. </p><p id="p0066" num="0066">In den genannten Ausführungsformen ist es möglich, die Konzentration der Backschwaden L mittels bereits vorhandener oder nachzurüstender Backraum-Klimaregelungen in Abhängigkeit von den Backprodukten und deren Backraumbelegung zu maximieren. </p><p id="p0067" num="0067">Die beim Durchströmen des Behälters 1 a abgekühlten Backschwaden L verlassen den Behälter 1 a mit einer Temperatur T<sub>L2</sub>, wobei T<sub>L2</sub> &lt; T<sub>L1</sub> ist, und werden zurück in den Backofen 3 geleitet (siehe Figur 2), so dass ein geschlossener Backprozess entsteht und Schwadeninhaltstoffe nicht mehr in die Luft emittiert werden. </p><p id="p0068" num="0068">Das Schwadenkondensat K wird beim Durchströmen des Behälters 1 a aufgewärmt und verlässt den Behälter 1 a an dessen unteren Ende mit der Temperatur Τκ<sub>2</sub>, wobei T<sub>K2</sub> &gt; T«i ist. </p><p id="p0069" num="0069">Gemäß der Ausführungsform der Figur 2 wird das Schwadenkondensat K in eine Wärmeaustauschanlage 4 eingeführt. Die Wärmeaustauschanlage 4 ist konventioneller Art, so dass die konstruktive Gestaltung des Wärmeaustauschers beliebig gewählt werden kann. In der Wärmeaustauschanlage 4 wird das Kondensat K durch Vorbeiführen an einem geeigneten Kühlmittel wie z.B. Wasser abgekühlt. Das Kühlwasser W wird mit einer Temperatur T<sub>W1</sub> in die Anlage 4 eingespeist, in der Anlage 4 erwärmt und verlässt die Anlage 4 mit der Temperatur T<sub>W2</sub>, wobei T<sub>W2</sub> &gt; T<sub>W1</sub> ist. Das erwärmte Kühlwasser kann als Warmwasser für Gebäudeheizungsanlagen oder zur Vorwärmung von Kesselspeisewasser verwendet werden . 
<!-- EPO <DP n="17"/>-->
 Das aus der Wärmeaustauschanlage 4 austretende abgekühlte Schwadenkondensat K wird unmittelbar zur Abkühlung der Backschwaden wiederverwendet und hierfür mit der Temperatur T«i am oberen Ende des vertikalen Behälters 1 a in denselben eingespeist. Das Backschwadenkondensat K zirkuliert also in einem geschlossenen System. </p><p id="p0070" num="0070">Die Menge des als Kühlmittel verwendeten Schwadenkondensates K ist durch einen Überlaufbehälter 7 regulierbar. </p><p id="p0071" num="0071">Figur 1 B zeigt einen Behälter 1 b als Kondensationsraum, der horizontal in einer weiteren Ausführungsform der erfindungsgemäßen Vorrichtung 10 angeordnet ist (siehe Figur 3). Der Behälter 1 b ist dabei separat vom Schwadenkamin 8 und horizontal zu diesem angeordnet. </p><p id="p0072" num="0072">Der horizontale Behälter 1 b umfasst eine rotierbare Trommel 5, die mittels eines Motors 6 angetrieben wird. In der Trommel 5 ist das offenporige Kondensationsmittel 2b eingebracht und an der Trommel 5 befestigt. Es ist jedoch auch vorstellbar, dass das gesamte Volumen der Trommel 5 mit dem losen Kondensationsmittel 2b so ausgefüllt ist, dass sich das Kondensationsmittel 2b in der Trommel 5 nicht bewegt. </p><p id="p0073" num="0073">Die Backschwaden L werden mit der Temperatur T<sub>L1</sub> unmittelbar vom Backofen in den horizontalen Behälter 1 b eingeführt, und zwar an dem Ende des Behälters 1 b, der am nächsten zum Backschwadenkamin 8 gelagert ist. Nach Durchströmen des Behälters 1 b, wobei es zur Abkühlung und Kondensation der Backschwaden kommt, verlassen die Backschwaden an dem gegenüberliegenden Ende den Behälter 1 b mit der Temperatur T<sub>L2</sub>, wobei Tu? &lt; Tu ist. Die abgekühlten Backschwaden L werden zurück in den Backofen geleitet (siehe auch Figur 3). </p><p id="p0074" num="0074">Der horizontale Behälter 1 b weist auf seiner inneren Unterseite einen Sumpf 9 aus als Kühlmittel dienendem Schwadenkondensat K auf. Die Menge des sich im Behälter 1 b befindlichen Kühlmittels und damit die Füllhöhe des Sumpfes 9 ist variabel einstellbar. Die Regulierung der Kühlmittelmenge kann z.B. durch den Überlaufbehälter 7 erfolgen. </p><p id="p0075" num="0075">Durch die Rotation der Trommel 5 wird das sich in der Trommel befindliche Kondensationsmittel 2b ebenfalls bewegt, so dass dasselbe während der Rotation in kontinuierlichen zeitlichen Abständen in den an der Unterseite des horizontal gelagerten Behälters gebildeten Sumpf 9 eintaucht. Hierdurch wird die erforderliche kontinuierliche Benetzung des Porenmateriales mit dem Kühlmittel garantiert und gleichzeitig wird das 
<!-- EPO <DP n="18"/>-->
 Kondensationsmittel 2b regelmäßig gewaschen, wodurch die Erfordernisse an eine zusätzliche externe Reinigung des Kondensationsmittels 2b reduziert werden. </p><p id="p0076" num="0076">Das als Kühlmittel fungierende Backschwaden kondensat K wird mit der Temperatur T<sub>K</sub>i in den Behälter 1 b eingeführt, durch diesen z.B. mittels Pumpen, durchgeführt, wobei das Kühlmittel K im Gegenstrom durch die Backschwaden L erwärmt wird, und verlässt den Behälter 1 b mit der Temperatur T<sub>K2</sub>, wobei T<sub>K2</sub> &gt; T«i ist. </p><p id="p0077" num="0077">Das erwärmte Schwadenkondensat K wird anschließend in eine Wärmeaustauschanlage 4 eingeführt und dort wie für das erste Ausführungsbeispiel bereits oben beschrieben abgekühlt und in den Behälter 1 b recycelt. 
<!-- EPO <DP n="19"/>-->
</p><p id="p0078" num="0078">Bezugszeichenliste </p><p id="p0079" num="0079">1 a vertikaler Behälter </p><p id="p0080" num="0080"> 1 b horizontaler Behälter </p><p id="p0081" num="0081"> 2a Kondensationsmittel in Form von Packungen für vertikale Durchströmung </p><p id="p0082" num="0082"> 2b Kondensationsmittel in Form von Packungen für horizontale Durchströmung </p><p id="p0083" num="0083"> 3 Backofen </p><p id="p0084" num="0084"> 4 Wärmeaustauschanlage </p><p id="p0085" num="0085"> 5 Trommel </p><p id="p0086" num="0086"> 6 Motor zum Rotieren der Trommel 5 </p><p id="p0087" num="0087"> 7 Überlaufbehälter </p><p id="p0088" num="0088"> 8 Schwadenkamin </p><p id="p0089" num="0089"> 9 Sumpf </p><p id="p0090" num="0090"> 10 Vorrichtung zur Entfernung der organischen Bestandteile und zur Wärmerückgewinnung aus Backschwaden 
</p></description><claims mxw-id="PCLM44727288" ref-ucid="WO-2012113800-A1" lang="DE" load-source="patent-office"><claim id="clm-0001" num="0001"><!-- EPO <DP n="20"/>--><claim-text/><claim-text>Verfahren zur Behandlung von Schwaden, insbesondere Backschwaden, zur Anwendung in Anlagen, die Wasserdampf und organische Bestandteile und deren Umwandlungsprodukte enthaltene Schwaden freisetzen, insbesondere in Backöfen, dadurch gekennzeichnet, dass der in den Schwaden enthaltene Wasserdampf einstufig durch direkte Kühlung der Schwaden durch Kontaktierung der Schwaden mit mindestens einem Kühlmedium im Gegenstrom in mindestens einem Kondensationsraum (1 a, 1 b) auskondensiert wird und dabei auch die in den Schwaden enthaltenen organischen Bestandteile und deren Umwandlungsprodukte größtenteils abgeschieden werden. </claim-text><claim-text>Verfahren nach Anspruch 1 , dadurch gekennzeichnet, dass die Kondensation des in den Schwaden enthaltenen Wasserdampfes in dem mindestens einen Kondensationsraum (1 a, 1 b) ohne Verwendung von Wärmeaustauschern bewirkt wird. </claim-text><claim-text>Verfahren nach Anspruch 1 oder 2, dadurch gekennzeichnet, dass das mindestens eine Kühlmedium Wasser oder Schwadenkondensat ist. </claim-text><claim-text>Verfahren nach einem der vorhergehenden Ansprüche, dadurch gekennzeichnet, dass die Schwaden werden unter Herbeiführung der Wasserdampfsättigung auf eine Temperatur unterhalb von 30 ^ in dem mindestens einen Kondensationsraum abgekühlt. </claim-text><claim-text>Verfahren nach einem der vorhergehenden Ansprüche, dadurch gekennzeichnet, dass das mindestens eine Kühlmedium mit einer Fließgeschwindigkeit zwischen 0,5 m/min und 10 m/min, bevorzugt zwischen 1 ,0 m/min und 5,0 m/min, insbesondere bevorzugt zwischen 1 ,0 m/min und 2,5 m/min durch den mindestens einen Kondensationsraum fließt. </claim-text><claim-text>6. Verfahren nach einem der vorhergehenden Ansprüche , dadurch gekennzeichnet, dass die Kondensation des in den Schwaden enthaltenen Wasserdampfes und die Abscheidung der organischen Bestandteile und deren Umwandlungsprodukte an 
<!-- EPO <DP n="21"/>-->
 mindestens einer Oberfläche eines in Kondensationsraum (1 a, 1 b) angeordneten Kondensationsmittels (2a, 2b) erfolgen. </claim-text><claim-text>7. Verfahren nach Anspruch 6, dadurch gekennzeichnet, dass das im Kondensationsraum (1 a, 1 b) angeordnete Kondensationsmittel (2a, 2b) mindestens eine Hohlraumstruktur aufweist, wobei die Hohlraumstruktur, insbesondere ein offenporiges Zellsystem, eine strukturierte Packung und / oder eine unstrukturierte Packung aufweist. 8. Verfahren nach Anspruch 6 oder 7, dadurch gekennzeichnet, dass das</claim-text><claim-text>Kondensationsmittel (2a, 2b) ein offenporiges Zellsystem in Form eines keramischen Schwamms mit einer Porung von 20 ppi, bevorzugt 15 ppi, insbesondere bevorzugt von 10 ppi ist. 9. Verfahren nach einem der vorhergehenden Ansprüche, dadurch gekennzeichnet, dass die Kühlung der Schwaden separat oder zusammen mit einer Kühlung von Rauchgasen erfolgt. </claim-text><claim-text>10. Verfahren nach einem der vorhergehenden Ansprüche, dadurch gekennzeichnet, dass die Schwaden bei Eintritt in den Kondensationsraum (1 a, 1 b) eine</claim-text><claim-text>Taupunkttemperatur 9d von mindestens 50 °C, bevorzugt zwischen 50 °C und 95°C, aufweist. </claim-text><claim-text>1 1 . Verfahren nach einem der vorhergehenden Ansprüche, dadurch gekennzeichnet, dass das nach Kondensation der Schwaden erhaltene Schwadenkondensat unmittelbar als Warmwasser verwendet wird. </claim-text><claim-text>12. Verfahren nach einem der Ansprüche 1 bis 10, dadurch gekennzeichnet, dass das nach Kondensation der Schwaden erhaltene Schwadenkondensat in einen Wärmeaustauscher (4) zur Wärmegewinnung überführt wird. </claim-text><claim-text>13. Verfahren nach einem der vorhergehenden Ansprüche, dadurch gekennzeichnet, dass die den mindestens einen Kondensationsraum (1 a, 1 b) nach Auskondensation des Wassers aus den Schwaden verlassene Luft eine Strömungsgeschwindigkeit zwischen 0,5 m/s und 2,0 m/s, bevorzugt zwischen 0,5 und 1 ,5 m/s, insbesondere bevorzugt zwischen 0,7 m/s und 1 ,1 m/s aufweist. 
<!-- EPO <DP n="22"/>-->
</claim-text><claim-text>14. Verfahren nach einem der vorhergehende Ansprüche, dadurch gekennzeichnet, dass der nach Kondensation der Schwaden erhaltene Luftanteil in die die Schwaden freisetzende Anlage (3) rückführbar ist. </claim-text><claim-text>15. Vorrichtung zur Behandlung von Backschwaden zur Verwendung in einem Verfahren nach einem der vorhergehenden Ansprüche in Anlagen, die Wasserdampf und organische Bestandteile und deren Umwandlungsprodukte enthaltene Schwaden freisetzen, insbesondere Backöfen, gekennzeichnet durch mindestens einen horizontal und/oder vertikal angeordneten Kondensationsraum (1 a, 1 b) mit mindestens einem Eingang für den Eintritt der Schwaden und mindestens einem Ausgang für den Austritt der behandelten Schwaden sowie mit mindestens einem Eingang für mindestens ein Kühlmedium und mindestens einem Ausgang für das mindestens eine Kühlmedium, wobei die jeweiligen Eingänge und Ausgänge derart zueinander angeordnet sind, dass Schwaden und Kühlmedium im Gegenstrom den Kondensationsraum durchströmen, und wobei der mindestens eine Kondensationsraum (1 a, 1 b) mindestens ein Kondensationsmittel (2a, 2b) zur</claim-text><claim-text>Kondensation der Schwaden und zur Abscheidung der in den Schwaden enthaltenen organischen Bestandteile und deren Umwandlungsprodukte umfasst, und wobei der mindestens eine Kondensationsraum (1 a, 1 b) wärmetauscherfrei ist. 16. Vorrichtung nach Anspruch 15, dadurch gekennzeichnet, dass der mindestens eine</claim-text><claim-text>Kondensationsraum (1 a, 1 b) eine Säule, ein Rohr, ein Behälter oder ein anderes geeignetes Behältnis ist. </claim-text><claim-text>17. Vorrichtung nach Anspruch 15 oder 16, dadurch gekennzeichnet, dass der mindestens eine Kondensationsraum (1 a, 1 b) parallel mit weiteren</claim-text><claim-text>Kondensationsräumen in Form eines Bündels vorliegt. </claim-text><claim-text>18. Vorrichtung nach einem Anspruch 15 bis 17, dadurch gekennzeichnet, dass das mindestens eine Kondensationsmittel (2a, 2b) in dem Kondensationsraum (1 a, 1 b) so angeordnet ist, dass es von dem Kühlmedium kontaktiert wird. 
<!-- EPO <DP n="23"/>-->
</claim-text><claim-text>19. Vorrichtung nach einem der Ansprüche 15 bis 18, dadurch gekennzeichnet, dass das mindestens eine Kondensationsmittel (2a, 2b) ein offenporiges Zellsystem (OZS), eine strukturierte Packung und/oder eine unstrukturierte Packung umfasst. 20. Vorrichtung nach einem der Ansprüche 15 bis 19, dadurch gekennzeichnet, dass das mindestens eine Kondensationsmittel (2b) lose oder befestigt innerhalb von mindestens einem geeigneten Behälter in dem Kondensationsraum (1 a, 1 b) vorliegt. </claim-text><claim-text>21 . Vorrichtung nach einem der Ansprüche 15 bis 20, dadurch gekennzeichnet, dass das mindestens eine Kondensationsmittel (2a, 2b) ein Material mit Poren mit einem mittleren Porendurchmesser zwischen 1 und 20 mm, bevorzugt zwischen 5 und 15 mm, insbesondere bevorzugt zwischen 8 und 10 mm umfasst. </claim-text><claim-text>22. Vorrichtung nach einem der Ansprüche 15 bis 21 , dadurch gekennzeichnet, dass das mindestens eine Kondensationsmittel (2a, 2b) aus einem metallischen und/oder keramischen Material, insbesondere einem Keramikschaum besteht. </claim-text><claim-text>23. Vorrichtung nach einem der Ansprüche 15 bis 22, gekennzeichnet durch mindestens eine mit dem mindestens einem Kondensationsraum (1 a, 1 b) in Verbindung stehende Wärmeaustauschanlage (4), durch welche das in dem</claim-text><claim-text>Kondensationsraum (1 a, 1 b) gebildete Schwadenkondensat geführt wird. </claim-text><claim-text>24. Vorrichtung nach einem der Ansprüche 15 bis 23, dadurch gekennzeichnet, dass der mindestens eine Kondensationsraum (1 a) unmittelbar in der Abgasführung (8) der Schwaden nach au ßen, insbesondere vertikal, angeordnet ist. </claim-text><claim-text>25. Vorrichtung nach einem der Ansprüche 15 bis 24, dadurch gekennzeichnet, dass der mindestens eine Kondensationsraum (1 b) separat zur Abgasführung (8) der Schwaden nach außen, insbesondere horizontal zur Abgasführung, angeordnet ist. </claim-text><claim-text>26. Verwendung einer Vorrichtung nach mindestens einem der Ansprüche 15 bis 25 zur Behandlung von Schwaden, insbesondere zur Entfernung von in den Schwaden enthaltenen organischen Inhaltsstoffen und deren Umwandlungsprodukte und zur Wärmerückgewinnung aus Schwaden, insbesondere Backschwaden. 
</claim-text></claim></claims><copyright>User acknowledges that Fairview Research LLC and its third party providers retain all right, title and interest in and to this xml under applicable copyright laws.  User acquires no ownership rights to this xml including but not limited to its format.  User hereby accepts the terms and conditions of the Licence Agreement</copyright></patent-document>
