<?xml version="1.0" encoding="UTF-8"?>
<patent-document ucid="EP-2678312-A1" country="EP" doc-number="2678312" kind="A1" date="20140101" family-id="45688166" file-reference-id="318301" date-produced="20180826" status="corrected" lang="DE"><bibliographic-data><publication-reference fvid="146551183" ucid="EP-2678312-A1"><document-id><country>EP</country><doc-number>2678312</doc-number><kind>A1</kind><date>20140101</date><lang>DE</lang></document-id></publication-reference><application-reference ucid="EP-12704512-A" is-representative="NO"><document-id mxw-id="PAPP154825106" load-source="docdb" format="epo"><country>EP</country><doc-number>12704512</doc-number><kind>A</kind><date>20120213</date><lang>DE</lang></document-id><document-id mxw-id="PAPP170521161" load-source="docdb" format="original"><country>EP</country><doc-number>12704512.8</doc-number><date>20120213</date><lang>DE</lang></document-id></application-reference><priority-claims><priority-claim mxw-id="PPC140453692" ucid="EP-2012052367-W" linkage-type="W" load-source="docdb"><document-id format="epo"><country>EP</country><doc-number>2012052367</doc-number><kind>W</kind><date>20120213</date></document-id></priority-claim><priority-claim mxw-id="PPC140455386" ucid="US-201161445781-P" load-source="docdb"><document-id format="epo"><country>US</country><doc-number>201161445781</doc-number><kind>P</kind><date>20110223</date></document-id></priority-claim></priority-claims><technical-data><classifications-ipcr><classification-ipcr mxw-id="PCL1988096888" load-source="docdb">C07C 319/20        20060101AFI20120910BHEP        </classification-ipcr><classification-ipcr mxw-id="PCL1988127802" load-source="docdb">C07C 323/25        20060101ALI20120910BHEP        </classification-ipcr></classifications-ipcr><classifications-cpc><classification-cpc mxw-id="PCL2104298732" load-source="docdb" scheme="CPC">C07C 319/20        20130101 FI20140804BHEP        </classification-cpc></classifications-cpc><invention-title mxw-id="PT132186033" lang="DE" load-source="patent-office">VERFAHREN ZUR HERSTELLUNG VON 2-HYDROXY-4-(METHYLTHIO)BUTTERSÄURENITRIL AUS 3-(METHYLTHIO)PROPANAL UND CYANWASSERSTOFF</invention-title><invention-title mxw-id="PT132186034" lang="EN" load-source="patent-office">METHOD FOR PRODUCING 2-HYDROXY-4-(METHYLTHIO)BUTANENITRILE FROM 3-(METHYLTHIO)PROPANAL AND HYDROGEN CYANIDE</invention-title><invention-title mxw-id="PT132186035" lang="FR" load-source="patent-office">PROCÉDÉ DE PRÉPARATION DE NITRILE 2-HYDROXY-4-(MÉTHYLTHIO)BUTYRIQUE À PARTIR DE 3-(MÉTHYLTHIO)PROPANAL ET DE CYANURE D'HYDROGÈNE</invention-title></technical-data><parties><applicants><applicant mxw-id="PPAR918141718" load-source="docdb" sequence="1" format="epo"><addressbook><last-name>EVONIK DEGUSSA GMBH</last-name><address><country>DE</country></address></addressbook></applicant><applicant mxw-id="PPAR918159925" load-source="docdb" sequence="1" format="intermediate"><addressbook><last-name>EVONIK DEGUSSA GMBH</last-name></addressbook></applicant><applicant mxw-id="PPAR918983427" load-source="patent-office" sequence="1" format="original"><addressbook><last-name>Evonik Degussa GmbH</last-name><iid>101049895</iid><address><street>Rellinghauser Straße 1- 11</street><city>45128 Essen</city><country>DE</country></address></addressbook></applicant></applicants><inventors><inventor mxw-id="PPAR918170866" load-source="docdb" sequence="1" format="epo"><addressbook><last-name>BUSS DIETER</last-name><address><country>DE</country></address></addressbook></inventor><inventor mxw-id="PPAR918170259" load-source="docdb" sequence="1" format="intermediate"><addressbook><last-name>BUSS, DIETER</last-name></addressbook></inventor><inventor mxw-id="PPAR918985140" load-source="patent-office" sequence="1" format="original"><addressbook><last-name>BUSS, DIETER</last-name><address><street>Am Sioniterhof 44</street><city>50389 Wesseling</city><country>DE</country></address></addressbook></inventor><inventor mxw-id="PPAR918155394" load-source="docdb" sequence="2" format="epo"><addressbook><last-name>STEURENTHALER MARTIN</last-name><address><country>DE</country></address></addressbook></inventor><inventor mxw-id="PPAR918138295" load-source="docdb" sequence="2" format="intermediate"><addressbook><last-name>STEURENTHALER, Martin</last-name></addressbook></inventor><inventor mxw-id="PPAR918985914" load-source="patent-office" sequence="2" format="original"><addressbook><last-name>STEURENTHALER, Martin</last-name><address><street>Raimundstraße 132</street><city>60320 Frankfurt</city><country>DE</country></address></addressbook></inventor><inventor mxw-id="PPAR918152377" load-source="docdb" sequence="3" format="epo"><addressbook><last-name>RINNER MICHAEL R</last-name><address><country>SG</country></address></addressbook></inventor><inventor mxw-id="PPAR918140125" load-source="docdb" sequence="3" format="intermediate"><addressbook><last-name>RINNER, Michael, R.</last-name></addressbook></inventor><inventor mxw-id="PPAR918980985" load-source="patent-office" sequence="3" format="original"><addressbook><last-name>RINNER, Michael, R.</last-name><address><street>29 Keppel Bay View No.10-87</street><city>SG-098417 Singapore</city><country>SG</country></address></addressbook></inventor><inventor mxw-id="PPAR918149195" load-source="docdb" sequence="4" format="epo"><addressbook><last-name>KRETZ STEPHAN</last-name><address><country>DE</country></address></addressbook></inventor><inventor mxw-id="PPAR918170296" load-source="docdb" sequence="4" format="intermediate"><addressbook><last-name>KRETZ, STEPHAN</last-name></addressbook></inventor><inventor mxw-id="PPAR918990875" load-source="patent-office" sequence="4" format="original"><addressbook><last-name>KRETZ, STEPHAN</last-name><address><street>Über der Kirche 4</street><city>63599 Biebergemünd</city><country>DE</country></address></addressbook></inventor><inventor mxw-id="PPAR918173722" load-source="docdb" sequence="5" format="epo"><addressbook><last-name>HASSELBACH HANS JOACHIM</last-name><address><country>DE</country></address></addressbook></inventor><inventor mxw-id="PPAR918150337" load-source="docdb" sequence="5" format="intermediate"><addressbook><last-name>HASSELBACH, HANS JOACHIM</last-name></addressbook></inventor><inventor mxw-id="PPAR918989850" load-source="patent-office" sequence="5" format="original"><addressbook><last-name>HASSELBACH, HANS JOACHIM</last-name><address><street>Deutschordenstr. 6</street><city>63571 Gelnhausen</city><country>DE</country></address></addressbook></inventor><inventor mxw-id="PPAR918152089" load-source="docdb" sequence="6" format="epo"><addressbook><last-name>FINKELDEI CASPAR-HEINRICH</last-name><address><country>DE</country></address></addressbook></inventor><inventor mxw-id="PPAR918147398" load-source="docdb" sequence="6" format="intermediate"><addressbook><last-name>FINKELDEI, CASPAR-HEINRICH</last-name></addressbook></inventor><inventor mxw-id="PPAR918985350" load-source="patent-office" sequence="6" format="original"><addressbook><last-name>FINKELDEI, CASPAR-HEINRICH</last-name><address><street>Schillerstrasse 15</street><city>63755 Alzenau</city><country>DE</country></address></addressbook></inventor><inventor mxw-id="PPAR918161758" load-source="docdb" sequence="7" format="epo"><addressbook><last-name>KOERFER MARTIN</last-name><address><country>DE</country></address></addressbook></inventor><inventor mxw-id="PPAR918150374" load-source="docdb" sequence="7" format="intermediate"><addressbook><last-name>KOERFER, MARTIN</last-name></addressbook></inventor><inventor mxw-id="PPAR918986651" load-source="patent-office" sequence="7" format="original"><addressbook><last-name>Körfer, Martin </last-name><address><street>Mainstrasse 20</street><city>63796 Kahl</city><country>DE</country></address></addressbook></inventor><inventor mxw-id="PPAR918160324" load-source="docdb" sequence="8" format="epo"><addressbook><last-name>ZACCHI PABLO</last-name><address><country>DE</country></address></addressbook></inventor><inventor mxw-id="PPAR918152362" load-source="docdb" sequence="8" format="intermediate"><addressbook><last-name>Zacchi, Pablo</last-name></addressbook></inventor><inventor mxw-id="PPAR918978875" load-source="patent-office" sequence="8" format="original"><addressbook><last-name>Zacchi, Pablo</last-name><address><street>Heinrich-Hoerle-Strasse 7</street><city>50354 Hürth</city><country>DE</country></address></addressbook></inventor></inventors></parties><international-convention-data><pct-or-regional-filing-data ucid="EP-2012052367-W"><document-id><country>EP</country><doc-number>2012052367</doc-number><kind>W</kind><date>20120213</date><lang>DE</lang></document-id></pct-or-regional-filing-data><pct-or-regional-publishing-data ucid="WO-2012113664-A1"><document-id><country>WO</country><doc-number>2012113664</doc-number><kind>A1</kind><date>20120830</date><lang>DE</lang></document-id></pct-or-regional-publishing-data><designated-states><ep-contracting-states><country mxw-id="DS548925901" load-source="docdb">AL</country><country mxw-id="DS548927994" load-source="docdb">AT</country><country mxw-id="DS548925902" load-source="docdb">BE</country><country mxw-id="DS548815490" load-source="docdb">BG</country><country mxw-id="DS548912277" load-source="docdb">CH</country><country mxw-id="DS548836659" load-source="docdb">CY</country><country mxw-id="DS548927995" load-source="docdb">CZ</country><country mxw-id="DS548925903" load-source="docdb">DE</country><country mxw-id="DS548836660" load-source="docdb">DK</country><country mxw-id="DS548836661" load-source="docdb">EE</country><country mxw-id="DS548924649" load-source="docdb">ES</country><country mxw-id="DS548815491" load-source="docdb">FI</country><country mxw-id="DS548815492" load-source="docdb">FR</country><country mxw-id="DS548925904" load-source="docdb">GB</country><country mxw-id="DS548836662" load-source="docdb">GR</country><country mxw-id="DS548925905" load-source="docdb">HR</country><country mxw-id="DS548927996" load-source="docdb">HU</country><country mxw-id="DS548912278" load-source="docdb">IE</country><country mxw-id="DS548836663" load-source="docdb">IS</country><country mxw-id="DS548815493" load-source="docdb">IT</country><country mxw-id="DS548836664" load-source="docdb">LI</country><country mxw-id="DS548864779" load-source="docdb">LT</country><country mxw-id="DS548927997" load-source="docdb">LU</country><country mxw-id="DS548864780" load-source="docdb">LV</country><country mxw-id="DS548864781" load-source="docdb">MC</country><country mxw-id="DS548933782" load-source="docdb">MK</country><country mxw-id="DS548933783" load-source="docdb">MT</country><country mxw-id="DS548925146" load-source="docdb">NL</country><country mxw-id="DS548815494" load-source="docdb">NO</country><country mxw-id="DS548933784" load-source="docdb">PL</country><country mxw-id="DS548912279" load-source="docdb">PT</country><country mxw-id="DS548925147" load-source="docdb">RO</country><country mxw-id="DS548912280" load-source="docdb">RS</country><country mxw-id="DS548933785" load-source="docdb">SE</country><country mxw-id="DS548912281" load-source="docdb">SI</country><country mxw-id="DS548815495" load-source="docdb">SK</country><country mxw-id="DS548933786" load-source="docdb">SM</country><country mxw-id="DS548836665" load-source="docdb">TR</country></ep-contracting-states></designated-states></international-convention-data><office-specific-data><eptags><ep-no-a-document-published>*</ep-no-a-document-published></eptags></office-specific-data></bibliographic-data><abstract mxw-id="PA99625817" ref-ucid="WO-2012113664-A1" lang="DE" load-source="patent-office"><p num="0000">Offenbart wird ein Verfahren zur Herstellung von 2-Hydroxy-4-(methylthio)buttersäurenitril, bei dem 3-Methylmercapto-propionaldehyd mit Cyanwasserstoff in Gegenwart einer Base als Katalysator in einer Hauptreaktionszone zum Nitril umgesetzt wird und Restmengen an gasförmigem Cyanwasserstoff, welche die Hauptreaktionszone verlassen in einer Absorptions- und Nachreaktionszone enthaltend eine Mischung aus 3-Methylmercaptopropion-aldehyd und Katalysator und wahlweise 2-Hydroxy-4-(methylthio)-buttersäurenitril absorbiert und weiter umgesetzt werden.</p></abstract><abstract mxw-id="PA99824336" ref-ucid="WO-2012113664-A1" lang="DE" source="national office" load-source="docdb"><p>Offenbart wird ein Verfahren zur Herstellung von 2-Hydroxy-4-(methylthio)buttersäurenitril, bei dem 3-Methylmercapto-propionaldehyd mit Cyanwasserstoff in Gegenwart einer Base als Katalysator in einer Hauptreaktionszone zum Nitril umgesetzt wird und Restmengen an gasförmigem Cyanwasserstoff, welche die Hauptreaktionszone verlassen in einer Absorptions- und Nachreaktionszone enthaltend eine Mischung aus 3-Methylmercaptopropion-aldehyd und Katalysator und wahlweise 2-Hydroxy-4-(methylthio)-buttersäurenitril absorbiert und weiter umgesetzt werden.</p></abstract><abstract mxw-id="PA99625818" ref-ucid="WO-2012113664-A1" lang="EN" load-source="patent-office"><p num="0000">The invention relates to a method for producing 2-hydroxy-4-(methylthio)butanenitrile, wherein 3-methylmercapto-propionaldehyde is reacted with hydrogen cyanide in the presence of a base as catalyst into nitrile in a main reaction zone, and residual gaseous hydrogen cyanide quantities that exit the main reaction zone are absorbed in an absorption- and post-reaction zone containing a mixture of 3-methylmercapto-propionaldehyde, catalyst, and optionally 2-hydroxy-4-(methylthio)butanenitrile, and said quantities are further reacted.</p></abstract><abstract mxw-id="PA99824337" ref-ucid="WO-2012113664-A1" lang="EN" source="national office" load-source="docdb"><p>The invention relates to a method for producing 2-hydroxy-4-(methylthio)butanenitrile, wherein 3-methylmercapto-propionaldehyde is reacted with hydrogen cyanide in the presence of a base as catalyst into nitrile in a main reaction zone, and residual gaseous hydrogen cyanide quantities that exit the main reaction zone are absorbed in an absorption- and post-reaction zone containing a mixture of 3-methylmercapto-propionaldehyde, catalyst, and optionally 2-hydroxy-4-(methylthio)butanenitrile, and said quantities are further reacted.</p></abstract><abstract mxw-id="PA99625819" ref-ucid="WO-2012113664-A1" lang="FR" load-source="patent-office"><p num="0000">L'invention concerne un procédé de préparation de nitrile 2-hydroxy-4-(méthylthio)butyrique consistant à faire réagir du 3-méthylmercaptopropionaldéhyde avec du cyanure d'hydrogène en présence d'une base en tant que catalyseur dans une zone de réaction principale pour obtenir du nitrile, puis à absorber et à faire réagir à nouveau les résidus de cyanure d'hydrogène gazeux sortant de la zone de réaction principale dans une zone d'absorption et de réaction ultérieure contenant un mélange de 3-méthylmercaptopropionaldéhyde et de catalyseur et éventuellement du nitrile 2-hydroxy-4-(méthylthio)-butyrique.</p></abstract><abstract mxw-id="PA99824338" ref-ucid="WO-2012113664-A1" lang="FR" source="national office" load-source="docdb"><p>L'invention concerne un procédé de préparation de nitrile 2-hydroxy-4-(méthylthio)butyrique consistant à faire réagir du 3-méthylmercaptopropionaldéhyde avec du cyanure d'hydrogène en présence d'une base en tant que catalyseur dans une zone de réaction principale pour obtenir du nitrile, puis à absorber et à faire réagir à nouveau les résidus de cyanure d'hydrogène gazeux sortant de la zone de réaction principale dans une zone d'absorption et de réaction ultérieure contenant un mélange de 3-méthylmercaptopropionaldéhyde et de catalyseur et éventuellement du nitrile 2-hydroxy-4-(méthylthio)-butyrique.</p></abstract><description mxw-id="PDES50931405" ref-ucid="WO-2012113664-A1" lang="DE" load-source="patent-office"><!-- EPO <DP n="2"/>--><p id="p0001" num="0001"> Verfahren zur Herstellung von 2-Hydroxy-4- (methylthio) buttersäurenitril aus 3- (Methylthio) propanal und Cyanwasserstoff </p><p id="p0002" num="0002">Gegenstand der Erfindung ist ein katalytisches Verfahren zur Herstellung von 2-Hydroxy-4-</p><p id="p0003" num="0003">(methylthio) buttersäurenitril (MMP-CN) aus 3-</p><p id="p0004" num="0004">(Methylthio ) propanal (= Methylmercapto-propionaldehyd, MMP) und Cyanwasserstoff (HCN) . Insbesondere beschreibt die Erfindung einen Prozess zur Darstellung von lagerstabilem MMP-CN unter Verwendung stöchiometrischer Blausäuremengen, wobei das Produkt im Verhältnis zum nicht umgesetzten bzw. zum im Gleichgewicht zum MMP-CN stehenden MMP überstöchiometrische Mengen an Blausäure enthält. </p><p id="p0005" num="0005">2-Hydroxy-4- (methylthio ) buttersäurenitril (MMP-Cyanhydrin) ist ein Intermediat für die Darstellung von D, L-Methionin und dem Methionin-Hydroxy-Analogen 2-Hydroxy-4-methylthio- buttersäure (MHA) . Methionin ist eine essentielle Aminosäure, die u.a. als Ergänzung in Futtermitteln einge<sup>¬</sup> setzt wird. MHA ist ein flüssiger Methioninersat zstoff mit geringerer biologischer Verfügbarkeit. </p><p id="p0006" num="0006">Stand der Technik </p><p id="p0007" num="0007">Aus MMP lässt sich durch Reaktion mit Cyanwasserstoff (Blausäure) unter Verwendung geeigneter Katalysatoren das MMP-Cyanhydrin ( 2-Hydroxy-4- (methylthio ) buttersäurenitril ) herstellen. Geeignete Katalysatoren sind z.B. Pyridin oder Triethylamin . Durch Hydrolyse von MMP-Cyanhydrin mit z.B. Mineralsäuren erhält man MHA. Methionin entsteht durch Reaktion von MMP-Cyanhydrin mit Ammoniumhydrogencarbonat unter Bildung von Hydantoin, das mit einer Base, z.B. 
<!-- EPO <DP n="3"/>-->
Kaliumcarbonat oder Natriumhydroxid verseift werden kann. Die Freisetzung des Methionins geschieht mit Kohlendioxid oder Schwefelsäure. </p><p id="p0008" num="0008">Es ist beispielsweise aus dem Patent US A 4 960 932 bekannt, Methionin nach einem vierstufigen Verfahren herzustellen. Im ersten Schritt wird durch Addition von HCN an MMP in Gegenwart von Triethylamin das MMP-Cyanhydrin hergestellt. Die eingesetzte Menge an HCN entspricht 1,05 Mol in Bezug zur eingesetzten Menge an MMP. Dann wird das MMP-Cyanhydrin in einem zweiten Schritt mit Ammoniak umgesetzt, wodurch das 2-Amino- 4-methylthiobutyronitril gebildet wird, das dann in einem dritten Schritt in Gegenwart eines Ketons und eines Alkalihydroxids unter Bildung des Methylthiobutyramids hydrolysiert wird, das schließlich zu einem Alkalimethioninat verseift wird. </p><p id="p0009" num="0009">Im Falle der Herstellung von 2-Hydroxy-4- methylthiobuttersäure (MHA) wird das 2-Hydroxy-4- methylthio-butyronitril durch Umsetzung von MMP und HCN in einem Medium erhalten, das Pyridin oder ein Amin enthält (siehe Patent US A 2 745 745, Spalte 2, Zeilen 52 bis 55) . Überschüssiges HCN wird lediglich abdestilliert, z.B. im Vakuum. Das erhaltene 2-Hydroxy-4-methylthio-butyronitril wird dann mit Schwefelsäure hydrolysiert, wodurch unmittelbar das Amid von 2-Hydroxy-4-methylthiobuttersäure und schließlich die 2-Hydroxy-4-methylthiobuttersäure gebildet wird. Ein ähnliches Verfahren ist auch in EP A 330 527 AI bzw. in US 4 912 257 beschrieben. </p><p id="p0010" num="0010">Weiterhin wird in WO 96/40631 AI die Herstellung von MMP- Cyanhydrin durch die Umsetzung von MMP mit Cyanwasserstoff in Gegenwart eines geeigneten Additionsreaktions- 
<!-- EPO <DP n="4"/>-->
katalysators beschrieben. Dort wurde gefunden, dass Triisopropanolamin, Nicotinamid, Imidazol, Benzimidazol , 2-Fluorpyridin, Poly-4-vinylpyridin, 4-</p><p id="p0011" num="0011">Dimethylaminopyridin, Picolin und Pyrazin als</p><p id="p0012" num="0012">Additionsreaktionskatalysator zur Herstellung von MMP- Cyanhydrin dienen können. Ferner können auch Trialkylamine mit drei bis achtzehn Kohlenstoffatomen in jedem der an das Stickstoffatom gebundenen Alkylsubstituenten und tertiäre Amine, in denen wenigstens einer der an das Stickstoffatom gebundenen Nicht-Wasserstoff-Substituenten gemäß obiger Beschreibung eine Arylgruppe enthält, dazu dienen, die Reaktion zwischen MMP und Cyanwasserstoff zu MMP-Cyanhydrin zu katalysieren. </p><p id="p0013" num="0013">Vorzugsweise wird dabei der Cyanwasserstoff in einem molaren Überschuss von etwa 2 % bezogen auf MMP eingesetzt. </p><p id="p0014" num="0014">WO 2006/015684 A2 offenbart schließlich ein Verfahren zur insbesondere kontinuierlichen Herstellung von MMP bzw. von MMP-Cyanhydrin, bei dem jeweils heterogene Amin- Katalysatoren für die Additionsreaktion verwendet werden. </p><p id="p0015" num="0015">Weiterhin ist aus dem Patent US 5 756 803 bekannt, einen Aldehyd mit Cyanwasserstoff in Gegenwart eines Puffers, mit dem der pH-Wert der Lösung über 4 eingestellt werden kann, umzusetzen, wobei Amine ausgenommen sind. Ganz allgemein können als Puffer Gemische von Alkalisalzen von Säuren und Säuren oder Gemische von Säuren und Alkalihydroxiden verwendet werden. Der Puffer wird verwendet, um einerseits die Zersetzung der Ausgangsstoffe und des gewünschten Produktes zu vermeiden und andererseits die zur Stabilisierung von Cyanwasserstoff verwendeten Säuren zu neutralisieren. Ebenfalls wird hier HCN in molarem 
<!-- EPO <DP n="5"/>-->
Überschuss zum MMP dosiert, wobei der molare Überschuss vorzugsweise im Bereich von 2 % bis 5 % liegt. Bei der Umsetzung des MMP mit HCN in Gegenwart der üblicherweise verwendeten Basen erhöhen diese unter den angegebenen Bedingungen zwar die Reaktionsgeschwindigkeit, führen jedoch schnell zu einer Zersetzung des gebildeten Cyanhydrins und einer Zersetzung des anfänglich eingesetzten Aldehyds unter Bildung einer stark gefärbten Lösung . </p><p id="p0016" num="0016">Um die im Abgas des Reaktivabsorbers enthaltenen Restmengen an nicht umgesetzter HCN und MMP zurückzugewinnen, werden diese mittels eines Wasserwäschers ausgewaschen, wobei das Waschwasser in das Produkt gelangt. Der Wassergehalt im Produkt beträgt ca. 48 Gew-%. </p><p id="p0017" num="0017">Die wesentlichen Nachteile der bisher in der Literatur beschriebenen Verfahren bestehen darin, dass zur Erreichung einer hohen MMP-CN-Ausbeute hohe molare Überschüsse an HCN eingesetzt werden müssen. Die überschüssigen Mengen an HCN gehen in den beschriebenen Verfahren verloren und bedeuten einen großen wirtschaftlichen Nachteil. Weiterhin fördern die eingesetzten Katalysatoren in den beschriebenen Verfahren auch die Bildung von unerwünschten Nebenprodukten aus den eingesetzten Aldehyden, die zu einer nicht tolerierbaren Verunreinigung des Produktes führen. Ein Ansatz zur Lösung dieses Problems der Bildung von Nebenprodukten wird in US 5 756 803 beschrieben, wobei allerdings große Mengen an Wasser in das Produkt gelangen, die einerseits zur Herstellung von Methionin wenigstens teilweise wieder entfernt werden müssen und die andererseits wiederum die Zersetzung des MMP-Cyanhydrins begünstigen, was jeweils einen nicht unerheblichen Nachteil 
<!-- EPO <DP n="6"/>-->
bedeutet. Daher ist das in dem Patent US 5 756 803 beschriebene Produkt nicht lagerstabil und muss zur Lagerung und insbesondere für den Transport aufwändig mittels destillativer Abtrennung des Wassers aufgearbeitet werden, was einen hohen wirtschaftlichen Nachteil des Verfahrens bedeutet. </p><p id="p0018" num="0018">Aufgabe der Erfindung </p><p id="p0019" num="0019">Es war Aufgabe dieser Erfindung, ein katalytisches Verfahren bereitzustellen, das sowohl die Reaktion von Aldehyd, insbesondere von MMP mit Cyanwasserstoff katalysiert, als auch ein lagerstabiles Cyanhydrin bereitstellt, wobei das Verfahren gleichzeitig deutliche Verbesserungen hinsichtlich der Ausbeuten bzgl. des eingesetzten Aldehyds und des Cyanwasserstoffs aufweisen sollte. </p><p id="p0020" num="0020">Beschreibung der Erfindung </p><p id="p0021" num="0021">Diese und weitere Aufgaben werden gelöst durch ein </p><p id="p0022" num="0022">Verfahren zur Herstellung von 2-Hydroxy-4- (methylthio ) - buttersäurenitril , bei dem 3- (Methylmercapto ) - propionaldehyd mit Cyanwasserstoff in Gegenwart einer Base als Katalysator in einer Hauptreaktionszone zum Nitril umgesetzt wird und Restmengen an gasförmigem </p><p id="p0023" num="0023">Cyanwasserstoff (HCN) , welche die Hauptreaktionszone verlassen in einer Absorptions- und Nachreaktionszone enthaltend eine Mischung aus 3- (Methylmercapto ) - propionaldehyd und Katalysator und wahlweise 2-Hydroxy-4- (methylthio) buttersäurenitril absorbiert und weiter umgesetzt werden. 
<!-- EPO <DP n="7"/>-->
Der Restgehalt von HCN reagiert infolge der Absorption bzw. Kondensation mit dem Aldehyd zum Cyanhydrin. Aufgrund der effektiven Entfernung des HCN aus der Gasphase ist es möglich, im Unterschied zu den in der Literatur bekannten Verfahren ein Molverhältnis von Cyanwasserstoff zu Aldehyd von 0,99 bis 1,01 zu verwenden, was einen großen wirtschaftlichen Vorteil für das Verfahren bedeutet. </p><p id="p0024" num="0024">Die Erfindung bezieht sich insbesondere auf ein Verfahren zur Additionsreaktion von Cyanwasserstoff an MMP in </p><p id="p0025" num="0025">Gegenwart einer Base, insbeondere eines Amins, wobei das Verfahren derart ausgestaltet ist, dass Restgehalte an gasförmigem Cyanwasserstoff außerhalb einer </p><p id="p0026" num="0026"> Hauptreaktionszone bei Temperaturen von etwa 0 °C bis 25 °C in eine flüssigen Mischung aus dem Aldehyd MMP und dem Reaktionsprodukt aus MMP mit Cyanwasserstoff und </p><p id="p0027" num="0027"> Katalysator absorbiert und dann mit MMP weiterumgesetzt werden . </p><p id="p0028" num="0028">Mit dem erfindungsgemäßen Verfahren können generell </p><p id="p0029" num="0029">Aldehyde enthaltend 1 bis 6 Kohlenstoffatome, die </p><p id="p0030" num="0030">gegebenenfalls mit Alkyl, Alkoxy oder Alkylthio </p><p id="p0031" num="0031">substituiert sind, vorteilhaft mit Cyanwasserstoff </p><p id="p0032" num="0032">umgesetzt werden. </p><p id="p0033" num="0033">Dabei bevorzugt ist, dass die in der Absorptions- und Nachreaktionszone enthaltene Mischung zumindest teilweise aus der Hauptreaktions zone stammt. Dadurch wird im Gegensatz zu US 5,756,803 eine Verdünnung mit Fremdstoffen oder -Lösemitteln verhindert. </p><p id="p0034" num="0034">Die Hauptreaktionszone kann sowohl einen Rührreaktor oder einen Schlaufenreaktor beinhalten. Beide Aus führungs formen 
<!-- EPO <DP n="8"/>-->
führen zu einer schnellen und guten Durchmischung und schnellen Umsatz von MMP und HCN . </p><p id="p0035" num="0035">Die Hauptreaktionszone kann auch zusätzlich eine </p><p id="p0036" num="0036">Strahlpumpe beinhalten. Dies führt zu einer weiteren </p><p id="p0037" num="0037">Intensivierung der Mischung der Komponenten und kann besonders vorteilhaft zum Einsaugen von HCN in die </p><p id="p0038" num="0038">Hauptreaktionszone mit verwendet werden. </p><p id="p0039" num="0039">Die Nachreaktion kann wie oben angegeben zwischen einem HCN-haltigen Gas und einer Flüssigkeit erfolgen. Sie findet dann in einer Absorptions- und Nachreaktionszone statt, die vorzugsweise eine Vorrichtung zum In-Kontakt-Bringen eines Gases mit einer Flüssigkeit beinhaltet, insbesondere eine Kolonne wie beispielsweise eine Bodenkolonne, eine Füllkörperkolonne, einen Blasensäulenreaktor, eine Tropfenkolonne oder wahlweise einen Reaktor mit mechanisch gerührtem Behälter oder einem Tauchstrahlreaktor. </p><p id="p0040" num="0040">Die Absorptionszone und die Nachreaktionszone kann auch Teil eines Schlaufenreaktors sein, was eine hohe </p><p id="p0041" num="0041">Vermischung und schnelle Umsetzung der Komponenten bewirkt. </p><p id="p0042" num="0042">Beim erfindungsgemäßen Verfahren wird im Wesentlichen gasförmiger Cyanwasserstoff in die Hauptreaktionszone eingebracht, vorzugsweise ein cyanwasserstoffhaltiges </p><p id="p0043" num="0043">Produktgas aus einem Cyanwasserstoffproduktionsverfahren . </p><p id="p0044" num="0044">Der Cyanwasserstoff-Gehalt des eingesetzten Gasgemisches reicht von 1 bis 99 Gew.%, vorzugsweise von 5 bis 75 Gew.%, besonders bevorzugt von 6-22 Gew.%. Der Cyanwasserstoff wird insbesondere nach dem Andrussow-Verfahren gemäß DE 102007034715A1 oder auch nach dem sogenannten BMA-Verfahren 
<!-- EPO <DP n="9"/>-->
 (Blausäure aus Methan und Ammonik) gemäß DE1041476 </p><p id="p0045" num="0045"> (Reaktor) hergestellt. Beide Verfahren sind auch </p><p id="p0046" num="0046">beschrieben in Ullmann<sup>'</sup> s Encyclopedia of Industrial </p><p id="p0047" num="0047">Chemistry, 1987 VCH-Verlagsgesellschaft mbH, Kapitel „Cyano Compounds Inorganic", Abschnitt 1.2.1 -1.2.2. Der </p><p id="p0048" num="0048">enthaltene Ammoniak wird jeweils aus dem Produktgas </p><p id="p0049" num="0049">entfernt. Das Produktgas aus dem Andrussow-Verfahren </p><p id="p0050" num="0050"> (Andrussow-Gas ) enthält nach der Ammoniakabtrennung </p><p id="p0051" num="0051">typischerweise etwa 10 Gew.% Cyanwasserstoff, das </p><p id="p0052" num="0052">Produktgas aus dem BMA-Verfahren (BMA-Gas) dagegen etwa 70 Gew.% Cyanwasserstoff. </p><p id="p0053" num="0053">So weisen die typischen Produktgaszusammensetzungen des Andrussow-Verfahrens etwa folgende Gehalte auf: 10,3 Gew.% HCN, 3,7 Gew.% H<sub>2</sub>0, 1,3 Gew.% H<sub>2</sub>, 75,8 Gew.% N<sub>2</sub>, 0,4 Gew.% 0<sub>2</sub>, 6, 3 Gew.% CO, 0,6 Gew.% C0<sub>2</sub>, 0,4 Gew.% CH<sub>4</sub>, 1,3 Gew.% Ar, die des BMA-Verfahrens etwa 68,3 Gew.% HCN, 6,7 Gew.% H<sub>2</sub>0, 17,3 Gew.% H<sub>2</sub>, 3,6 Gew.% N<sub>2</sub>, 4 Gew.% CH<sub>4</sub>. </p><p id="p0054" num="0054">Die direkte Verwendung des Produktgases hat den erheblichen Vorteil, dass keine vorgeschaltete und energieintensive Verflüssigung des Cyanwasserstoffs erfolgen muss und bei entsprechender Kopplung mit einer Anlage zur Herstellung von Cyanwasserstoffgas erhebliche Investitionen in </p><p id="p0055" num="0055">entsprechende Verfahrensstufen zur Absorption und </p><p id="p0056" num="0056">Destillation des HCN eingespart werden. Die weiteren </p><p id="p0057" num="0057">Gasanteile neben HCN haben überraschenderweise keinen nachteiligen Einfluss auf die Cyanhydrin-Ausbeute . </p><p id="p0058" num="0058">Das Restgas der MMP-Cyanhydrin- und der Cyanwasserstoff- Herstellung kann anschließend gemeinsam verwertet oder verbrannt werden. Im letzten Fall kann die dabei gewonnene Energie für den Betrieb beider Verfahren wiederverwendet 
<!-- EPO <DP n="10"/>-->
werden, was mehr Freiheitsgrade und einen erheblichen wirtschaftlichen Vorteil bedeutet. </p><p id="p0059" num="0059">Eine bevorzugte Aus führungs form des erfindungsgemäßen Verfahrens bzw. einer entsprechenden Vorrichtung ist in Fig. 1 skizziert, welche nachstehend näher erläutert wird: </p><p id="p0060" num="0060">Bei Verwendung einer Bodenkolonne oder einer Füllkörperkolonne zur reaktiven Absorption wird der Gasfluss, der die Blausäure enthält, in den Sumpf (A) der Kolonne (C) zugeführt oder vorzugsweise bereits über einen Gasventilator (B) mit der Aldehydlösung in Kontakt gebracht, die mittels einer Pumpe (I) im Kreis (8) gefördert wird. Die Temperatureinstellung im Sumpf der Kolonne erfolgt mittels Wärmeübertrager (J) . Insbesondere der Sumpf (A) und die Kolonne (C) dienen als Hauptreaktionszone, wobei die Kolonne C gesondert mittels Wärmeübertrager (K) temperiert werden kann. Dabei wird die Temperatur der Ströme (7) und (8) so gewählt, dass die Reaktionswärme mit Kühlwasser entsprechend der Umgebungstemperatur abgegeben werden kann und die Reaktion zwischen Aldehyd und HCN im Kolonnenteil (C) zu 80 % bis 99,9 % abgeschlossen ist. </p><p id="p0061" num="0061">Die Zufuhr des Aldehyds kann getrennt oder zusammen mit dem Katalysator erfolgen ( (2) , (3) ) . Vorzugsweise wird der Aldehyd oder die Aldehyd / Katalysatormischung (2) + (3) mit einem Teilstrom (6) aus dem Absorptions- und Kondensationsteil (E) der Kolonne, der einem Zwischensumpf (D) entnommen wird, vermischt. Die Zufuhr des Katalysators kann z.B. auch über den Weg (4) erfolgen. In diesem Fall sollte der Katalysator über den Weg (13) anteilig auch in den Kopfkreislauf gelangen. Die im Strom (6) enthaltenen 
<!-- EPO <DP n="11"/>-->
Restmengen an HCN werden mit dem zugeführten Aldehyd im Verweilzeitbehälter (G) , der (zweiten) Nachreaktionszone, vollständig bzw. nahezu vollständig zum Cyanhydrin umgesetzt. Danach wird der Strom im Wärmetauscher (H) auf 0 °C bis 25 °C abgekühlt, um die möglichst vollständige Kondensation/Absorption von HCN zu gewährleisten. Insbesondere der Zwischensumpf (D) , der Absorptions- und Kondensationsteil (E) und der Verweilzeitbehälter (G) dienen als Absorptions- und Nachreaktionszone. Aufgrund der im Strom (5) enthaltenen Mengen an Cyanhydrin und der erfolgten Abkühlung enthalten die am Kolonnenkopf austretenden Restgase auch nur ganz wenige Restmengen des Aldehyds, sodass es keinerlei zusätzlicher Wäsche zur Rückgewinnung des Aldehyds aus dem Restgas bedarf. Die Konzentration des Cyanhydrins kann über eine entsprechende Dosierung aus dem Kolonnensumpf (13) vorzugsweise im Bereich von 10 Gew.-% bis 70 Gew.-% im Strom (5) eingestellt werden. Die gereinigten Gase werden vorteilhaft in eine Verbrennungsanlage geleitet. Das mit Strom (9) austretende Produkt hat ein Molverhältnis von Cyanwasserstoff zu nicht umgesetztem Aldehyd von größer als 1, was zur Stabilisierung des Produktes wesentlich beiträgt. Weiterhin ist das Produkt klar und nur schwach gefärbt, was die außerordentlich hohe Selektivität dieser Verfahrensausführung unterstreicht . </p><p id="p0062" num="0062">Nach dem Passieren eines Nachreaktors (L) , in dem </p><p id="p0063" num="0063">gegebenenfalls enthaltene Restanteile des Aldehyds bis zum Erreichen des Gleichgewichtes mit Cyanwasserstoff </p><p id="p0064" num="0064">abreagieren, wird der so erhaltene Produktstrom mit einer Säure vermischt. Hierzu wird ein geeignetes Mischorgan (M) verwendet. Der dabei eingestellte pH-Wert des Produktes (Strom (11)) liegt zwischen 1 und 4, bevorzugt zwischen 2 
<!-- EPO <DP n="12"/>-->
und 3. </p><p id="p0065" num="0065">Handelt es sich beim Aldehyd um MMP, wie in Fig.l dargestellt, so enthält der MMP-Eduktstrom des beschriebenen Verfahrens in der Regel einen kleinen Anteil an Methylmercaptan (MC) , das zum überwiegenden Teil in den Abgasstrom (12) gelangen würde. Dieses überschüssige MC kann auch wahlweise mit Acrolein, das dem Verfahren z. B. über Strom (14) zugeführt werden kann, zu MMP und in Folge mit HCN zu MMP-CN umgesetzt werden und damit die Ausbeute weiter gesteigert werden. </p><p id="p0066" num="0066">Beim erfindungsgemäßen Verfahren können als Katalysator niedermolekulare oder heterogene Amine oder Lösungen von anorganischen Basen oder Mischungen aus Säuren und </p><p id="p0067" num="0067">niedermolekularen Aminen verwendet werden. Diese werden auch gebraucht, um den für die Reaktion benötigten </p><p id="p0068" num="0068">optimalen pH-Bereich von ca. 4,5 bis 6,0, vorzugsweise 5,0 -5,5 einzustellen, der mit einer pH-Elektrode (Typ: </p><p id="p0069" num="0069">„Aquatrode Plus mit Pt 1000", Hersteller: Metrohm Schweiz AG) direkt im Cyanhydrin mit einem typischen Wassergehalt von 2 - 14 Gew.% gemessen wird. Die Messungen erfolgen bei einer Temperatur von etwa 23° in einem gerührten Gefäß, wobei die pH-Messung temperaturkompensiert ist. Zur </p><p id="p0070" num="0070">zeitnahen Nachverfolgung der Reaktionsbedingungen und zur Eliminierung von Messfehlern erfolgt im Abstand einer </p><p id="p0071" num="0071">Stunde jeweils eine 4-fach-Messung des pH-Wertes mit </p><p id="p0072" num="0072"> Bildung des Mittelwertes, wobei jede Messung ungefähr 30 Sekunden lang dauert. Die Messung kann aber auch direkt während der Reaktion online im Reaktions-system bei der dort eingestellten Temperatur durchgeführt werden und auf den pH-Wert bei 23 °C umgerechnet werden, was die </p><p id="p0073" num="0073">Verfahrenskontrolle weiter vereinfacht. 
<!-- EPO <DP n="13"/>-->
Niedermolekulare Amine, vorzugsweise mit 1 bis 36 C-Atomen, haben den besonderen Vorteil der praktisch unbegrenzten Mischbarkeit mit dem Reaktionsmedium, was wiederum eine schnelle Reaktion begünstigt. </p><p id="p0074" num="0074">Dabei bevorzugte niedermolekulare Amine sind Tri- ( C1-C12- alkyl ) -amine, vorzugsweise Triethylamin oder </p><p id="p0075" num="0075">Triisopropanolamin, Dialkylaralkylamine, vorzugsweise </p><p id="p0076" num="0076">Dimethylbenzylamin, Dialkylarylamine, vorzugsweise N, lö<sup>¬</sup> Dimethylanilin, heterozyklische Amine, vorzugsweise </p><p id="p0077" num="0077">Nicotinamid, Imidazol, Benzimidazol, 2-Fluorpyridin, 4- Dimethylaminopyridin, Picolin oder Pyrazin. </p><p id="p0078" num="0078">Alternativ können auch heterogene Amine der allgemeinen Formel </p><p id="p0079" num="0079"><img id="imgf000013_0001" he="17" wi="40" file="imgf000013_0001.tif" img-format="tif" img-content="drawing" orientation="portrait" inline="no"/>
 Formel I </p><p id="p0080" num="0080">oder Polyvinylpyridin verwendet werden, wobei </p><p id="p0081" num="0081">Ri und R<sub>2</sub> Wasserstoff, Alkyl mit Kettenlängen zwischen Ci und C<sub>12</sub> , Aryl oder Heteroaryl sind; </p><p id="p0082" num="0082"> Ri kann verschieden von R<sub>2</sub> sein </p><p id="p0083" num="0083"> X ist eine Zahl zwischen 0 und 6, und </p><p id="p0084" num="0084"> A ist ein natürliches oder synthetisches Harz, vorzugsweise ein Polystyrol. Diese und die damit verbundenen Vorteile wie etwa leichtere Abtrennbarkeit , geringe Verschleppung in nachfolgende Reaktionsstufen sind bereits in der </p><p id="p0085" num="0085">WO 2006/015684 beschrieben. 
<!-- EPO <DP n="14"/>-->
Dabei bevorzugt ist, dass der Katalysator gemäß Formel I eine Polymer-gebundene Base ausgewählt aus der Gruppe der homologen Dialkylaminoalkylpolystyrole oder Dialkylamino- makroretikulären Harze ist. </p><p id="p0086" num="0086">Besonders bevorzugt wird, dass der Katalysator gemäß Formel I Diethylaminoethylpolystyrol , </p><p id="p0087" num="0087">Diethylaminomethylpolystyrol , </p><p id="p0088" num="0088">Dirnethylaminomethylpolystyrol , </p><p id="p0089" num="0089">Diethylaminomethylmakroretikuläres Harz oder </p><p id="p0090" num="0090">Dimethylaminoethylpolystyrol ist . </p><p id="p0091" num="0091">Als anorganische Base können vorteilhafterweise </p><p id="p0092" num="0092">Alkalihydroxid, vorzugsweise NaOH oder KOH, Alkalicyanid, vorzugsweise NaCN oder KCN, Alkalicarbonat , vorzugsweise Na<sub>2</sub>CC&gt;3 oder K<sub>2</sub>CO<sub>3</sub>, oder Alkalihydrogencarbonat , vorzugsweise NaHCC&gt;3 oder KHCO<sub>3</sub>, alleine oder in gemischter Form </p><p id="p0093" num="0093">verwendet werden. Diese haben den Vorteil der besonders hohen katalytischen Wirkung, was wiederum eine sehr </p><p id="p0094" num="0094">schnelle Reaktion begünstigt sowie des geringen </p><p id="p0095" num="0095">Störpotentials der daraus entstehenden geringen Salzanteile im nachfolgenden Verfahren. Allerdings muß hier für extrem gute Durchmischung und Temperaturkontrolle gesorgt werden, damit keine nennenswerte Nebenproduktbildung erfolgt. </p><p id="p0096" num="0096">Als Katalysatoren können in vorteilhafter Weise auch </p><p id="p0097" num="0097">Mischungen aus Säuren und den oben genannten </p><p id="p0098" num="0098">niedermolekularen Aminen eingesetzt werden, um den pH-Wert im gewünschten Bereich besser einstellen und durch die Pufferwirkung stabilisieren zu können. Besonders </p><p id="p0099" num="0099">vorteilhaft hierbei ist die Verwendung von organischen Säuren wie kurzkettigen Fettsäuren z.B. Essigsäure, </p><p id="p0100" num="0100">Ameisensäure, Zitronensäure, und organische Sulfonsäuren, 
<!-- EPO <DP n="15"/>-->
z. B. Trifluormethansulfonsäure oder die Verwendung von Mineralsäuren, wie z.B. Schwefelsäure oder Phosphorsäure in Verbindung mit den niedermolekularen Aminen. </p><p id="p0101" num="0101">Nach einer weiteren bevorzugten Ausführungsform der Erfindung wird die Temperatur in der Hauptreaktionszone so gewählt, dass die frei werdende Rektionswärme an Kühlwasser entsprechend der Umgebungstemperatur abgegeben werden kann, was einen weiteren großen wirtschaftlichen Vorteil des Verfahrens bedeutet. </p><p id="p0102" num="0102">Entsprechend wird die Hauptreaktionszone bei einer </p><p id="p0103" num="0103">Temperatur von 20°C bis 80°C, vorzugsweise von 30°C bis 70°C , besonders bevorzugt von 35°C bis 65°C betrieben. In diesem Bereich verläuft die Reaktion auch vergleichsweise schnell . </p><p id="p0104" num="0104">Beim erfindungsgemäßen Verfahren ist weiter bevorzugt, dass die Absorptions- und Nachreaktionszone bei einer Temperatur von 0°C bis 30°C, vorzugsweise von 4°C bis 15°C betrieben wird. Dies sorgt für eine besonders effiziente Absorption des Cyanwasserstoffs und ermöglicht immer noch eine </p><p id="p0105" num="0105">weitgehende Umsetzung von HCN mit dem MMP zum MMP- Cyanhydrin . </p><p id="p0106" num="0106">Außerdem vorteilhaft ist die Verwendung einer zweiten </p><p id="p0107" num="0107">Nachreaktionszone kurz vor der Produktaustragsstelle des MMP-Cyanhydrins . Diese wird bei einer ähnlichen Temperatur wie die Hauptreaktionszone von 20°C bis 80°C, vorzugsweise von 40°C bis 70°C, besonders bevorzugt von 45°C bis 65°C betrieben. So wird eine schnelle und praktisch quantitative Vervollständigung der Umsetzung von HCN und MMP zum MMP- Cyanhydrin kurz vor dem Produktaustrag gewährleistet. 
<!-- EPO <DP n="16"/>-->
Das erfindungsgemäße Verfahren wird vorteilhafterweise unter einem Absolutdruck von 0,9 bis 5 bar, vorzugsweise von 1,0 bis 3 bar, besonders bevorzugt von 1 bis 1,5 bar betrieben. Dies hat den Effekt, dass ein schnelles Ausgasen des absorbierten HCN aus der Lösung und damit entsprechende Verluste verhindert werden. </p><p id="p0108" num="0108">Das erfindungsgemäße Verfahren ist ferner dadurch gekennzeichnet, dass ein molares Verhältnis von Blausäure zu 3- (Methylthio ) propanal von 0,98 bis 1,03, bevorzugt von 0,99 bis 1,01 eingestellt werden kann. Zum einen werden dadurch Verluste von Blausäure vermieden, die gerade im großtechnischen Maßstab von großem wirtschaftlichen Nachteil sind. Zum anderen werden unerwünschte Blausäureabbauprodukte wie z.B. polymere Blausäure oder das Verseifungsprodukt Ameisensäure, welches korrosive Eigenschaften gegenüber diversen metallischen Werkstoffen hat, vermieden und damit entsprechende nachteilige Wirkungen in den nachgeschalteten Verfahrensstufen zum Methionin . </p><p id="p0109" num="0109">Beim erfindungsgemäßen Verfahren wird vorzugsweise ein Gewichtsverhältnis von Katalysator zu 3- (Methylthio ) propanal von 0,00005 bis 0,002, besonders bevorzugt von 0,0001 bis 0,001 verwendet. Dies hat den Effekt einer besonders geringen Nebenproduktbildung bei gleichzeitig hoher Reaktionsgeschwindigkeit. </p><p id="p0110" num="0110">Das erfindungsgemäße Verfahren kann wahlweise im Batch, halbkontinuierlich oder auch kontinuierlich durchgeführt wird, wobei die kontinuierliche Aus führungs form im </p><p id="p0111" num="0111">großtechnischen Maßstab von über 10,000 tons/a besonders wirtschaftlich zu betreiben ist. 
<!-- EPO <DP n="17"/>-->
Das erfindungsgemäß hergestellte MMP-Cyanhydrin hat </p><p id="p0112" num="0112">typischerweise folgende Zusammensetzung: </p><p id="p0113" num="0113">MMP-CN: 86 - 97 Gew%, </p><p id="p0114" num="0114">MMP: 0 - 1 Gew%, HCN: 0,05 - 0,5 Gew%, </p><p id="p0115" num="0115">H<sub>2</sub>0: 2 - 14 Gew%, </p><p id="p0116" num="0116">Oligomere: 0,01 - 0,1 Gew% . </p><p id="p0117" num="0117">Die molaren Ausbeuten bezogen auf MMP betragen </p><p id="p0118" num="0118">typischerweise 99,50 bis 99,99 %. Das nach einem erfindungsgemäßen Verfahren erhaltene Methylthiopropionaldehydcyanhydrin (MMP-Cyanhydrin) enthaltende Reaktionsprodukt kann in besonders vorteilhafter Weise direkt verwendet werden zur Herstellung von Methionin und von 2-Hydroxy-4-methylthiobuttersäure . Dazu wird es entweder aminiert (Aminonitrilweg) oder mit einem Gemisch von Ammoniak und Kohlendioxid umgesetzt (Hydantoinweg) , um das Methionin zu bilden oder direkt zu 2-Hydroxy-4-methylthiobuttersäure </p><p id="p0119" num="0119"> (Methioninhydroxyanaloges , MHA) hydrolysiert . Es wurde darüber hinaus überraschenderweise gefunden, dass in MMP bereits vorhandene hochsiedende MMP-Oligomere im erfindungsgemäßen Verfahren zum überwiegenden Teil zum gewünschten MMP-Cyanhydrin umgesetzt werden. Dies zeigt sich z.B. daran, dass der bei der Destillation der Produkte entstehende Rückstand nach der Reaktion deutlich geringer ausfällt als vor der Reaktion zum MMP-Cyanhydrin. 
<!-- EPO <DP n="18"/>-->
Die vorliegende Erfindung wird anhand der folgenden Beispiele näher erläutert. </p><p id="p0120" num="0120">Verwendete Analysenmethoden : </p><p id="p0121" num="0121">Der Gehalt an H<sub>2</sub>O in MMP-CN wurde nach der Methode der Titration mit biamperometrischer Indikation des Endpunktes (Karl-Fischer-Titration) bestimmt . </p><p id="p0122" num="0122">Hierzu wurden im Titriergefäß 20-30 ml Titriermedium (z.B. Hydranal Solvent 5, Fa. Fluka) vorgelegt und mit Titriermittel (z.B. Hydranal Titrant 5, Fa. Fluka) trockentitriert. Eine Probenmenge von ca. 500 mg wurde der austitrierten Vorlage zugesetzt (Kunststoffeinwegspritze ) und mit Titriermittel bis zum Endpunkt titriert. Die Bestimmung der genauen Probeneinwaage erfolgte durch Diffe- renzwägung . Die Durchführung dieser Standardmethode ist dem Fachmann bekannt (siehe z.B. P. A. Bruttel, R. Schlink: Wasserbestimmung durch Karl-Fischer-Titration Metrohm AG) . </p><p id="p0123" num="0123">Die Bestimmung des Produktgehaltes an freier Blausäure erfolgte nach dem Prinzip der Ionenchromatographie (IC) mit amperometrischer Cyaniddetektion an einer Ag- Arbeitselektrode, wobei als Probenvorbereitung eine Abtrennung der freien Blausäure von der Probenmatrix mittels präparativer Säulenchromatographie erfolgte. </p><p id="p0124" num="0124">Die Durchführung der präparativen Cyanidabtrennung erfolgte z. B. bei Raumtemperatur an einer PRP-X 300 - Trennsäule, 250 mm Länge x 4,1 mm Innendurchmesser der Fa. Hamilton. Die mobile Phase bestand aus einer 5 mmolaren 
<!-- EPO <DP n="19"/>-->
Schwefelsäure. Bei einem Fluss von 1,0 ml/min wurden 100 μΐ der Probelösung (0,1 g Probe in 10 ml mobiler Phase) injiziert. Das Säuleneluat von 4 min bis 8 min wurde in einem 100 ml-Messkolben gesammelt, mit Reinstwasser zur Marke aufgefüllt und 100 μΐ in den IC zur Cyanid-Bestimmung inj iziert . </p><p id="p0125" num="0125">Analog der Probelösung wurde eine NaCN-Kalibrierlösung bekannten Gehaltes der präparativen Abtrennung mittels Säulenchromatographie unterzogen und 100 μΐ in den IC zur Cyanidbestimmung injiziert. </p><p id="p0126" num="0126">Die Durchführung der ionenchromatographischen</p><p id="p0127" num="0127">Cyanidbestimmung erfolgte bei Raumtemperatur z.B. an einer Carbo Pac PAl-Trennsäule, 250 mm Länge x 4,0 mm Innendurchmesser der Fa. Dionex. Die mobile Phase bestand aus einer Lösung von 1,5 g Natriumchlorid und 1 ml Ethylendiamin in 1 1 einer 50 mmolaren Natronlauge. Bei einem Fluss von 1,0 ml/min wurden 100 μΐ Probe- bzw. Kalibrierlösung injiziert. Die Auswertung erfolgte durch Peakflächenvergleich mittels der externen Standardmethode. </p><p id="p0128" num="0128">Die Durchführung dieser Standardmethode ist dem Fachmann bekannt . </p><p id="p0129" num="0129">Die Bestimmung des Produktgehaltes an MMP-CN und MMP erfolgte mittels isokratischer Ionenausschlusschromato- graphie an einem Kationenaustauscher mit anschließender UV- Detektion bei 205 nm. Die Durchführung der Bestimmung erfolgte z. B. an einer PRP-X 300-Trennsäule, 250 mm Länge x 4,1 mm Innendurchmesser der Fa. Hamilton bei einer Temperatur von 25 °C. Die mobile Phase bestand aus einer 5 mmolaren Schwefelsäure. Bei einem Fluss von 1,0 ml/min 
<!-- EPO <DP n="20"/>-->
wurden 100 μΐ der jeweiligen Probelösung (0,5 g Probe für MMP-BeStimmung bzw. 0,06 g Probe für MMP-CN-Bestimmung in 50 ml Lösungsmittel) injiziert. Die Kalibrierung erfolgte durch Injektion von geeigneten Kalibrierlösungen (0,5 mg MMP in 50 ml Lösungsmittel bzw. 50 mg MMP-CN in 50 ml Lösungsmittel) . </p><p id="p0130" num="0130">Das Lösungsmittel bestand aus einer Mischung von 500 μΐ 0,5 molare H<sub>2</sub>SO und 5 ml Acetonitril, die mit Reinstwasser zu 50 ml verdünnt wurde. Die Auswertung erfolgte durch Peakflächenvergleich mittels der externen Standardmethode. </p><p id="p0131" num="0131">Die Durchführung dieser Standardmethode ist dem Fachmann bekannt . </p><p id="p0132" num="0132">Die Bestimmung der Komponenten im HCN-haltigen Eduktgas Stickstoff (N<sub>2</sub>) , Kohlenmonoxid (CO) , Kohlendioxid (C0<sub>2</sub>) , Methan (CH<sub>4</sub>) , Ammoniak (NH<sub>3</sub>) , Blausäure (HCN) , Wasser (H<sub>2</sub>0) , Argon (Ar) / Sauerstoff (O<sub>2</sub>) (entweder/oder) , Wasserstoff (H<sub>2</sub>) (nur bedingt) und Benzol als internem Standard erfolgte mittels Gaschomatographie. Verwendet wurde hierbei der Gaschromatograph 6890 (Agilent, auf Basis des HP 6890) Der Gaschromatograph war für diese Analytik mit drei Trennsäulen: 1. HP-CPWAX 52CB 25m*0, 32mm*0, 2μπι (hier wurden NH<sub>3</sub>, HCN, Wasser und Benzol getrennt), 2. Molsieb 30m*0, 32ΐΐΐπι*12μπι (hier wurden H<sub>2</sub>, N<sub>2</sub>, 0<sub>2</sub>, CO und Methan getrennt) und 3. Plot Q 30m*0, 32ΐΐΐΐΐΐ*20μπι (hier wurden C0<sub>2</sub> und Benzol getrennt) , zwei Wärmeleitfähigkeitsdetektoren (WLD) , einer Druckmesseinheit und einem</p><p id="p0133" num="0133">Massendurchflußmesser (MDM) für Helium ausgestattet. Die Säule 1 war über einen Back Injektor mit dem Back Detektor 
<!-- EPO <DP n="21"/>-->
verbunden. Die Säulen 2 und 3 waren mit einem Front Injektor mit dem Front Detektor verbunden. </p><p id="p0134" num="0134">Die Durchführung dieser Standardmethode ist dem Fachmann bekannt . Die Die Bestimmung der Komponenten Methylmercaptan (MC) und Methylmercaptopropionaldehyd (MMP) und Acrolein (AC) des im Kolonnenkopf austretenden Restgases erfolgte mittels Gaschromatographie. Verwendet wurde hierbei der Gaschromatograph 7890A (Agilent) . Der Gaschromatograph war für diese Analytik mit einer Trennsäule (HP-INNOWAX 60m*0, 32mm*0, 25μπι) und einem Back Detektor (FID) ausgestattet. Die Durchführung dieser Standardmethode ist dem Fachmann bekannt. </p><p id="p0135" num="0135">Beispiel 1 Es wurde eine Apparatur wie in Fig. 1 gezeigt mit einer Kolonne von 70 mm Durchmesser verwendet, die mit 2 Packungen (C) und (E) ausgestattet war und die eine Höhe von jeweils 2500 und 1700 mm aufwiesen. Zwischen den Packungen befand sich ein Zwischensumpf (D) , dem zum Betrieb eines Kopfkreislaufs ein Strom (6) entnommen werden kann. Unterhalb der Kolonne befand sich der Kolonnensumpf mit einem Volumen von 4 Litern. Das Schema dieser Vorrichtung ist beigefügt (siehe Figur 1) . </p><p id="p0136" num="0136">Mit dem Strom (1) wurden 8,98 kg/h rohes Produktgas der Cyanwasserstoffherstellung nach dem Andrussow-Verfahren über den Gasventilator (B) in den Kolonnensumpf A zugeführt, das auf das Gewicht bezogen enthielt: HCN: 8,87%, H<sub>2</sub>0: 3, 88 %, H<sub>2</sub> : 1,33 %, N<sub>2</sub> : 76,01 %, 0<sub>2</sub> : 1, 48 %, CO: 
<!-- EPO <DP n="22"/>-->
5,67 %, C0<sub>2</sub>: 1,13 %, CH : 0,39 %. Das eintretende Gas wurde an der Strahlpumpe (B) mit einem umlaufenden Strom (8) von 300 kg/h vermischt. Der Umlaufström war dabei so temperiert, dass im Kolonnensumpf (A) bei einem Füllstand von 50% eine Temperatur von 50 °C herrschte. Der Zulaufstrom (7) auf die Packung (C) hatte bei 40 kg/h eine Temperatur von 35 °C. </p><p id="p0137" num="0137">Der Methylthiopropionaldehyd wurde mit einem Durchsatz von 2,966 kg/h über die Zuführung (2) in den Reaktor (G) eingeführt. Er enthielt auf das Gewicht bezogen: </p><p id="p0138" num="0138">MMP: 96,46 %, H<sub>2</sub>0: 2,77 %, MC: 0,2 %. Uber die Zuleitung (3) wurden gleichzeitig 0,211 kg/h eines Gemisches aus 99 Gew.% MMP in der oben beschriebenen Zusammensetzung und 1 Gew.% Triethanolamin als Katalysator in den Reaktor (G) eingeführt. Der Gesamtstrom (5) bestehend aus den Edukten und dem Kreislaufström (6) betrug in der Zuführung zur oberen Packung (E) 40 kg/h bei einer Temperatur von 6 °C. </p><p id="p0139" num="0139">Das molare Eduktverhältnis HCN/MMP entsprach 1. Das Produkt verließ den Kolonnensumpf mit 4,20 kg/h und hatte bezogen auf das Gewicht folgende Zusammensetzung: MMP-CN: 90,43 %, H<sub>2</sub>0: 7,82 %, MMP: 0,14 %, HCN: 0,16 %, MC: 0,01 %. Das Abgas verließ den Kolonnenkopf mit 8,07 kg/h und hatte bezogen auf das Gewicht folgende Zusammensetzung: HCN: 0,00 %, MMP: 0,07 %, MC: 0,05 %, H<sub>2</sub>0: 1, 34 %, H<sub>2</sub> : 1,48 %, N<sub>2</sub> : 86, 02 %, 0<sub>2</sub>: 1, 64 %, CO: 6,31 %, C0<sub>2</sub> : 1, 26 %, CH<sub>4</sub> : 0,44 %. Die Gase wurden einer Verbrennungsanlage zugeführt. </p><p id="p0140" num="0140">Beispiel 2 </p><p id="p0141" num="0141">Es wurde die Apparatur aus Beispiel 1 verwendet. 
<!-- EPO <DP n="23"/>-->
Mit dem Strom (1) wurden 8,94 kg/h rohes Produktgas der Cyanwasserstoffherstellung nach dem Andrussow-Verfahren über den Gasventilator (B) in den Kolonnensumpf A zugeführt, das auf das Gewicht bezogen enthielt: HCN: 8,9 %, H<sub>2</sub>0: 3,7 %, H<sub>2</sub> : 1,3 %, N<sub>2</sub>: 76,3 %, 0<sub>2</sub>: 1,5 %, CO: 5,6 %, C0<sub>2</sub> : 1,1 %, CH : 0,4 %. Das eintretende Gas wurde an der Strahlpumpe (B) mit einem umlaufenden Strom (8) von 280 kg/h vermischt. Der Umlaufström war dabei so temperiert, dass im Kolonnensumpf (A) bei einem Füllstand von 50% eine Temperatur von 49,8 °C herrschte. Der Zulaufstrom (7) auf die Packung (C) hatte bei 40 kg/h eine Temperatur von 35 °C. </p><p id="p0142" num="0142">Der Methylthiopropionaldehyd wurde mit einem Durchsatz von 2,976 kg/h über die Zuführung (2) in den Reaktor (G) eingeführt. Er enthielt auf das Gewicht bezogen: </p><p id="p0143" num="0143">MMP: 96,9 %, H<sub>2</sub>0: 2,8 %, MC: 0,2 %. Uber die Zuleitung (3) wurden gleichzeitig 0,2 kg/h eines Gemisches aus 99 Gew.% MMP in der oben beschriebenen Zusammensetzung und 1 Gew.% Triethanolamin als Katalysator in den Reaktor (G) </p><p id="p0144" num="0144">eingeführt. Weiterhin wurden 2 kg/h des Sumpfproduktes über den Weg (13) in den Reaktor (G) eingeführt. Der Gesamtstrom (5) bestehend aus den Edukten und dem Kreislaufström (6) und dem Produktstrom (13) betrug in der Zuführung zur oberen Packung (E) 42 kg/h bei einer Temperatur von 5,5 °C. Das molare Eduktverhältnis HCN/MMP entsprach 1. Das Produkt verließ den Kolonnensumpf mit 4,25 kg/h und hatte bezogen auf das Gewicht folgende Zusammensetzung: </p><p id="p0145" num="0145">MMP-CN: 90,06 %, H<sub>2</sub>0: 8,81 %, MMP: 0,75 %, HCN: 0,21 %, MC: 0,01 %. Das Abgas verließ den Kolonnenkopf mit 7,88 kg/h 
<!-- EPO <DP n="24"/>-->
und hatte bezogen auf das Gewicht folgende Zusammensetzung: </p><p id="p0146" num="0146">HCN: 0,00 %, MMP: 0,09 %, MC: 0,10 %, H<sub>2</sub>0: 0,6 %, H2 : 1,50 %, N<sub>2</sub>: 86, 60 %, 0<sub>2</sub> : 1, 70 %, CO: 6,40 %, C0<sub>2</sub> : 1, 20 %, CH<sub>4</sub> : 0,50 %. Die Gase wurden einer Verbrennungsanlage zugeführt. 
</p></description><claims mxw-id="PCLM44727359" ref-ucid="WO-2012113664-A1" lang="DE" load-source="patent-office"><claim id="clm-0001" num="0001"><!-- EPO <DP n="25"/>--><claim-text/><claim-text>Patentansprüche </claim-text><claim-text>1. Verfahren zur Herstellung von 2-Hydroxy-4-</claim-text><claim-text>(methylthio ) buttersäurenitril , bei dem 3- Methylmercapto-propionaldehyd mit Cyanwasserstoff in Gegenwart einer Base als Katalysator in einer </claim-text><claim-text> Hauptreaktionszone zum Nitril umgesetzt wird und </claim-text><claim-text> Restmengen an gasförmigem Cyanwasserstoff, welche die Hauptreaktionszone verlassen in einer Absorptions- und Nachreaktionszone enthaltend eine Mischung aus 3- Methylmercaptopropion-aldehyd und Katalysator und wahlweise 2-Hydroxy-4- (methylthio ) buttersäurenitril absorbiert und weiter umgesetzt werden. </claim-text><claim-text>2. Verfahren gemäß Anspruch 1, dadurch gekennzeichnet, dass die in der Absorptions- und Nachreaktionszone enthaltene Mischung zumindest teilweise aus der</claim-text><claim-text>Hauptreaktionszone stammt. </claim-text><claim-text>3. Verfahren gemäß Anspruch 1, dadurch gekennzeichnet, dass die Hauptreaktionszone einen Rührreaktor oder Schlaufenreaktor beinhaltet. 4. Verfahren gemäß Anspruch 3, dadurch gekennzeichnet, dass die Hauptreaktionszone zusätzlich eine </claim-text><claim-text> Strahlpumpe beinhaltet. </claim-text><claim-text>5. Verfahren gemäß einem der Ansprüche 1 bis 4, dadurch gekennzeichnet, dass die Absorptions- und </claim-text><claim-text> Nachreaktionszone eine Vorrichtung zum In-Kontakt-</claim-text><claim-text>Bringen eines Gases mit einer Flüssigkeit beinhaltet, vorzugsweise eine Kolonne, insbesondere eine </claim-text><claim-text> Bodenkolonne, eine Füllkörperkolonne, einen 
<!-- EPO <DP n="26"/>-->
 Blasensäulenreaktor , eine Tropfenkolonne oder </claim-text><claim-text> wahlweise einen Reaktor mit mechanisch gerührtem </claim-text><claim-text> Behälter, einem Tauchstrahlreaktor oder eine </claim-text><claim-text> Strahlpumpe beinhaltet. </claim-text><claim-text>6. Verfahren gemäß einem der Ansprüche 1 bis 5, dadurch gekennzeichnet, dass die Absorptions- und </claim-text><claim-text> Nachreaktionszone Teil eines Schlaufenreaktors sind. </claim-text><claim-text>Verfahren gemäß einem der Ansprüche 1 bis 6, dadurch gekennzeichnet, dass im Wesentlichen gasförmiger </claim-text><claim-text> Cyanwasserstoff in die Hauptreaktionszone eingebracht wird, vorzugsweise ein cyanwasserstoffhaltiges </claim-text><claim-text> Produktgas aus einer Anlage zur HerStellung von </claim-text><claim-text> Cyanwasserstoff . </claim-text><claim-text>8. Verfahren gemäß Anspruch 7 dadurch gekennzeichnet, dass der Cyanwasserstoff-Gehalt des eingesetzten Gases von 1 bis 99 Gew.%, vorzugsweise von 5 bis 75 Gew.%, besonders bevorzugt von 6-22 Gew.% beträgt. </claim-text><claim-text>9. Verfahren gemäß einem der Ansprüche 1 bis 8 dadurch gekennzeichnet, dass als Katalysator niedermolekulare oder heterogene Amine, Lösungen von anorganischen Basen oder Mischungen aus Säuren und niedermolekularen Aminen verwendet werden. </claim-text><claim-text>Verfahren gemäß Anspruch 9 dadurch gekennzeichnet, dass als niedermolekulare Amine Tri- (Ci-Ci2<sup>_</sup>alkyl ) - amine, vorzugsweise Triethylamin oder </claim-text><claim-text> Triisopropanolamin, Dialkylaralkylamine, vorzugsweise Dimethylbenzylamin, Dialkylarylamine, vorzugsweise N, N-Dimethylanilin, heterozyklische Amine, 
<!-- EPO <DP n="27"/>-->
 vorzugsweise Nicotinamid, Imidazol, Benzimidazol , 2-Fluorpyridin, 4-Dimethylaminopyridin, Picolin oder Pyrazin, verwendet werden. </claim-text><claim-text>1 1. Verfahren gemäß Anspruch 9, dadurch gekennzeichnet, dass heterogene Amine der allgemeinen Formel </claim-text><claim-text><img id="imgf000027_0001" he="17" wi="41" file="imgf000027_0001.tif" img-format="tif" img-content="drawing" orientation="portrait" inline="no"/>
 Formel I </claim-text><claim-text> oder Polyvinylpyridin verwendet werden, wobei </claim-text><claim-text>Ri und R.2 Wasserstoff, Alkyl mit Kettenlängen zwischen Ci und C<sub>1</sub>2, Aryl oder Heteroaryl sind; </claim-text><claim-text> Ri kann verschieden von R2 sein </claim-text><claim-text> X ist eine Zahl zwischen 0 und 6, und </claim-text><claim-text> A ist ein natürliches oder synthetisches Harz, vorzugsweise ein Polystyrol. 12. Verfahren gemäß Anspruch 11, dadurch gekennzeichnet dass der Katalysator gemäß Formel I eine Polymergebundene Base ausgewählt aus der Gruppe der homologen Dialkylaminoalkylpolystyrole oder Dialkylamino- makroretikulären Harze ist. 13. Verfahren gemäß Anspruch 12, dadurch gekennzeichnet, dass der Katalysator gemäß Formel I </claim-text><claim-text> Diethylaminoethylpolystyrol , </claim-text><claim-text> Diethylaminomethylpolystyrol , </claim-text><claim-text> Dirnethylaminomethylpolystyrol , </claim-text><claim-text> Diethylaminomethylmakroretikuläres Harz oder </claim-text><claim-text> Dimethylaminoethylpolystyrol ist . 
<!-- EPO <DP n="28"/>-->
Verfahren gemäß Anspruch 9 dadurch gekennzeichnet, dass als anorganische Base Alkalihydroxid, </claim-text><claim-text>vorzugsweise NaOH oder KOH, Alkalicyanid, vorzugsweise NaCN oder KCN, Alkalicarbonat , vorzugsweise Na<sub>2</sub>CC&gt;3 oder K<sub>2</sub>CO<sub>3</sub>, oder Alkalihydrogencarbonat , vorzugsweise NaHCC&gt;3 oder KHCO<sub>3</sub>, alleine oder in gemischter Form verwendet werden. </claim-text><claim-text>Verfahren gemäß Anspruch 9, dadurch gekennzeichnet, dass als Säure in den Mischungen aus Säuren und niedermolekularen Aminen organischen Säuren, </claim-text><claim-text>vorzugsweise, kurzkettigen Fettsäuren, insbesondere Essigsäure, Ameisensäure, Zitronensäure, oder </claim-text><claim-text>organische Sulfonsäuren, vorzugsweise </claim-text><claim-text>Trifluormethansulfonsäure oder Mineralsäuren, </claim-text><claim-text>vorzugsweise Schwefelsäure oder Phosphorsäure </claim-text><claim-text>verwendet werden. </claim-text><claim-text>Verfahren gemäß einem der Ansprüche 1 bis 15, dadurch gekennzeichnet, dass ein pH-Wert von 4,5 bis 6,0, vorzugsweise 5,0-5,5 gemessen mit einer pH-Elektrode bei 23°C und einem Wassergehalt von 2 bis 14 Gew.% in der Hauptreaktionszone und der Absorptions-und </claim-text><claim-text>Nachreaktionszone eingestellt wird. </claim-text><claim-text>Verfahren gemäß einem der Ansprüche 1 bis 16, dadurch gekennzeichnet, dass die Hauptreaktionszone bei einer Temperatur von 20°C bis 80°C, vorzugsweise von 30°C bis 70°C, besonders bevorzugt von 35°C bis 65°C betrieben wird. </claim-text><claim-text>Verfahren gemäß einem der Ansprüche 1 bis 17, dadurch gekennzeichnet, dass die Absorptions- und 
<!-- EPO <DP n="29"/>-->
 Nachreaktionszone bei einer Temperatur von 0°C bis 30°C, vorzugsweise von 4°C bis 15°C betrieben wird. </claim-text><claim-text>Verfahren gemäß einem der Ansprüche 1 bis 18, dadurch gekennzeichnet, dass eine weitere Nachreaktionszone vor der Produktaustragsstelle von MMP-Cyanhydrin zur Vervollständigung der Umsetzung von HCN und MMP zum MMP-Cyanhydrin bei einer Temperatur von 20°C bis 80°C, vorzugsweise von 40°C bis 70°C , besonders bevorzugt von 45°C bis 65°C betrieben wird. </claim-text><claim-text>Verfahren gemäß einem der Ansprüche 1 bis 19 dadurch gekennzeichnet, dass unter einem Absolutdruck von 0, bis 5 bar, vorzugsweise von 1,0 bis 3 bar, besonders bevorzugt von 1 bis 1,5 bar gearbeitet wird. </claim-text><claim-text>Verfahren gemäß einem der Ansprüche 1 bis 20, dadurch gekennzeichnet, dass das molare Verhältnis von Blausäure zu 3- (Methylthio ) propanal von 0,98 bis 1,03, bevorzugt von 0,99 bis 1,01 ist. </claim-text><claim-text>Verfahren gemäß einem der Ansprüche 1 bis 21, dadurch gekennzeichnet, dass ein Gewichtsverhältnis von </claim-text><claim-text> Katalysator zu 3- (Methylthio ) propanal von 0,00005 bis 0,002 vorzugsweise von 0,0001 bis 0,001 verwendet wird . </claim-text><claim-text>23. Verfahren gemäß einem der Ansprüche 1 bis 22, dadurch gekennzeichnet, dass das Verfahren im Batch, </claim-text><claim-text> halbkontinuierlich oder kontinuierlich durchgeführt wird . 
<!-- EPO <DP n="30"/>-->
</claim-text><claim-text>24. Verwendung eines gemäß einem der Ansprüche 1 bis 23 hergestellten MMP-Cyanhydrin-haltigen </claim-text><claim-text> Reaktionsproduktes zur Herstellung von D, L-Methionin oder von 2-Hydroxy-4-methylthiobuttersäure . 
</claim-text></claim></claims><copyright>User acknowledges that Fairview Research LLC and its third party providers retain all right, title and interest in and to this xml under applicable copyright laws.  User acquires no ownership rights to this xml including but not limited to its format.  User hereby accepts the terms and conditions of the Licence Agreement</copyright></patent-document>
