<?xml version="1.0" encoding="UTF-8"?>
<patent-document ucid="EP-2678417-A1" country="EP" doc-number="2678417" kind="A1" date="20140101" family-id="46721125" file-reference-id="311173" date-produced="20180826" status="corrected" lang="EN"><bibliographic-data><publication-reference fvid="146551650" ucid="EP-2678417-A1"><document-id><country>EP</country><doc-number>2678417</doc-number><kind>A1</kind><date>20140101</date><lang>EN</lang></document-id></publication-reference><application-reference ucid="EP-12750008-A" is-representative="NO"><document-id mxw-id="PAPP154825573" load-source="docdb" format="epo"><country>EP</country><doc-number>12750008</doc-number><kind>A</kind><date>20120222</date><lang>EN</lang></document-id><document-id mxw-id="PAPP198209351" load-source="docdb" format="original"><country>EP</country><doc-number>12750008.0</doc-number><date>20120222</date><lang>EN</lang></document-id></application-reference><priority-claims><priority-claim mxw-id="PPC140448010" ucid="SE-1150158-A" load-source="docdb"><document-id format="epo"><country>SE</country><doc-number>1150158</doc-number><kind>A</kind><date>20110224</date></document-id></priority-claim><priority-claim mxw-id="PPC140449832" ucid="SE-2012050198-W" linkage-type="W" load-source="docdb"><document-id format="epo"><country>SE</country><doc-number>2012050198</doc-number><kind>W</kind><date>20120222</date></document-id></priority-claim></priority-claims><technical-data><classifications-ipcr><classification-ipcr mxw-id="PCL-1965269666" load-source="docdb">C12M   3/06        20060101AFI20160223BHEP        </classification-ipcr><classification-ipcr mxw-id="PCL-1965270078" load-source="docdb">C12M   1/12        20060101ALI20160223BHEP        </classification-ipcr></classifications-ipcr><classifications-cpc><classification-cpc mxw-id="PCL-1949013564" load-source="docdb" scheme="CPC">C12M  29/10        20130101 LI20160421BHEP        </classification-cpc><classification-cpc mxw-id="PCL-1949013565" load-source="docdb" scheme="CPC">C12M  29/04        20130101 LI20160420BHEP        </classification-cpc><classification-cpc mxw-id="PCL-1949013566" load-source="docdb" scheme="CPC">C12M  27/16        20130101 LI20160421BHEP        </classification-cpc><classification-cpc mxw-id="PCL-1949013567" load-source="docdb" scheme="CPC">C12M  21/00        20130101 LI20160420BHEP        </classification-cpc><classification-cpc mxw-id="PCL-1949013568" load-source="docdb" scheme="CPC">C12M   3/067       20130101 LI20160420BHEP        </classification-cpc><classification-cpc mxw-id="PCL-1949013569" load-source="docdb" scheme="CPC">C12M   3/06        20130101 LI20160420BHEP        </classification-cpc><classification-cpc mxw-id="PCL-1949013570" load-source="docdb" scheme="CPC">C12M   1/12        20130101 LI20160420BHEP        </classification-cpc><classification-cpc mxw-id="PCL1988111397" load-source="docdb" scheme="CPC">C12M  33/14        20130101 FI20131129BHEP        </classification-cpc></classifications-cpc><invention-title mxw-id="PT132187434" lang="DE" load-source="patent-office">BIOREAKTOR MIT ZUFUHR- UND ERNTEDURCHFLUSSFILTERANORDNUNG</invention-title><invention-title mxw-id="PT132187435" lang="EN" load-source="patent-office">BIOREACTOR WITH FEED AND HARVEST FLOW THROUGH FILTER ASSEMBLY</invention-title><invention-title mxw-id="PT132187436" lang="FR" load-source="patent-office">BIORÉACTEUR PRÉSENTANT UN ÉCOULEMENT D'ALIMENTATION ET DE RÉCUPÉRATION À TRAVERS UN ENSEMBLE DE FILTRES</invention-title></technical-data><parties><applicants><applicant mxw-id="PPAR918168059" load-source="docdb" sequence="1" format="epo"><addressbook><last-name>GE HEALTHCARE BIO SCIENCES AB</last-name><address><country>SE</country></address></addressbook></applicant><applicant mxw-id="PPAR918151246" load-source="docdb" sequence="1" format="intermediate"><addressbook><last-name>GE HEALTHCARE BIO-SCIENCES AB</last-name></addressbook></applicant><applicant mxw-id="PPAR918991825" load-source="patent-office" sequence="1" format="original"><addressbook><last-name>GE Healthcare Bio-Sciences AB</last-name><iid>101333856</iid><address><street>Björkgatan 30</street><city>751 84 Uppsala</city><country>SE</country></address></addressbook></applicant></applicants><inventors><inventor mxw-id="PPAR918135768" load-source="docdb" sequence="1" format="epo"><addressbook><last-name>FRICKING PATRIC</last-name><address><country>SE</country></address></addressbook></inventor><inventor mxw-id="PPAR918168830" load-source="docdb" sequence="1" format="intermediate"><addressbook><last-name>FRICKING, PATRIC</last-name></addressbook></inventor><inventor mxw-id="PPAR918982780" load-source="patent-office" sequence="1" format="original"><addressbook><last-name>FRICKING, PATRIC</last-name><address><street>GE Healthcare Björkgatan 30</street><city>S-751 84 Uppsala</city><country>SE</country></address></addressbook></inventor></inventors><agents><agent mxw-id="PPAR918987466" load-source="patent-office" sequence="1" format="original"><addressbook><last-name>Stavbom, Ellen Elisabet</last-name><iid>101348797</iid><address><street>GE Healthcare Björkgatan 30</street><city>751 84 Uppsala</city><country>SE</country></address></addressbook></agent></agents></parties><international-convention-data><pct-or-regional-filing-data ucid="SE-2012050198-W"><document-id><country>SE</country><doc-number>2012050198</doc-number><kind>W</kind><date>20120222</date><lang>EN</lang></document-id></pct-or-regional-filing-data><pct-or-regional-publishing-data ucid="WO-2012115586-A1"><document-id><country>WO</country><doc-number>2012115586</doc-number><kind>A1</kind><date>20120830</date><lang>EN</lang></document-id></pct-or-regional-publishing-data><designated-states><ep-contracting-states><country mxw-id="DS548934049" load-source="docdb">AL</country><country mxw-id="DS548817912" load-source="docdb">AT</country><country mxw-id="DS548934122" load-source="docdb">BE</country><country mxw-id="DS548839720" load-source="docdb">BG</country><country mxw-id="DS548868943" load-source="docdb">CH</country><country mxw-id="DS548937509" load-source="docdb">CY</country><country mxw-id="DS548817913" load-source="docdb">CZ</country><country mxw-id="DS548934123" load-source="docdb">DE</country><country mxw-id="DS548937510" load-source="docdb">DK</country><country mxw-id="DS548937511" load-source="docdb">EE</country><country mxw-id="DS548945403" load-source="docdb">ES</country><country mxw-id="DS548839721" load-source="docdb">FI</country><country mxw-id="DS548938556" load-source="docdb">FR</country><country mxw-id="DS548934124" load-source="docdb">GB</country><country mxw-id="DS548937512" load-source="docdb">GR</country><country mxw-id="DS548934125" load-source="docdb">HR</country><country mxw-id="DS548817914" load-source="docdb">HU</country><country mxw-id="DS548868944" load-source="docdb">IE</country><country mxw-id="DS548937513" load-source="docdb">IS</country><country mxw-id="DS548938557" load-source="docdb">IT</country><country mxw-id="DS548937514" load-source="docdb">LI</country><country mxw-id="DS548839722" load-source="docdb">LT</country><country mxw-id="DS548922550" load-source="docdb">LU</country><country mxw-id="DS548839723" load-source="docdb">LV</country><country mxw-id="DS548839724" load-source="docdb">MC</country><country mxw-id="DS548922551" load-source="docdb">MK</country><country mxw-id="DS548922552" load-source="docdb">MT</country><country mxw-id="DS548839725" load-source="docdb">NL</country><country mxw-id="DS548938562" load-source="docdb">NO</country><country mxw-id="DS548839726" load-source="docdb">PL</country><country mxw-id="DS548868945" load-source="docdb">PT</country><country mxw-id="DS548934130" load-source="docdb">RO</country><country mxw-id="DS548868946" load-source="docdb">RS</country><country mxw-id="DS548839727" load-source="docdb">SE</country><country mxw-id="DS548945404" load-source="docdb">SI</country><country mxw-id="DS548938563" load-source="docdb">SK</country><country mxw-id="DS548839728" load-source="docdb">SM</country><country mxw-id="DS548937515" load-source="docdb">TR</country></ep-contracting-states></designated-states></international-convention-data><office-specific-data><eptags><ep-no-a-document-published>*</ep-no-a-document-published></eptags></office-specific-data></bibliographic-data><abstract mxw-id="PA99620368" ref-ucid="WO-2012115586-A1" lang="EN" load-source="patent-office"><p num="0000">The present invention relates to a bioreactor and a method for operating a bioreactor which comprises a chamber(100) capable of receiving a liquid media, and a filter assembly (200) comprising a perfusion filter(210; 212; 214). The filter assembly (200) is disposed in the chamber(100) and the filter assembly (200) is free to move within the chamber(100). The filter assembly(200) comprises means for coupling a harvesting flow through said filter (210; 212; 214) and means for coupling a feed flow through said filter in an opposite direction compared to the harvesting flow. Through this arrangement, the clogging prevention of the perfusion filter can be improved.</p></abstract><abstract mxw-id="PA99820031" ref-ucid="WO-2012115586-A1" lang="EN" source="national office" load-source="docdb"><p>The present invention relates to a bioreactor and a method for operating a bioreactor which comprises a chamber(100) capable of receiving a liquid media, and a filter assembly (200) comprising a perfusion filter(210; 212; 214). The filter assembly (200) is disposed in the chamber(100) and the filter assembly (200) is free to move within the chamber(100). The filter assembly(200) comprises means for coupling a harvesting flow through said filter (210; 212; 214) and means for coupling a feed flow through said filter in an opposite direction compared to the harvesting flow. Through this arrangement, the clogging prevention of the perfusion filter can be improved.</p></abstract><abstract mxw-id="PA99620369" ref-ucid="WO-2012115586-A1" lang="FR" load-source="patent-office"><p num="0000">La présente invention concerne un bioréacteur et un procédé de mise en fonctionnement d'un bioréacteur qui comprend une chambre (100) apte à recevoir un milieu liquide, et un ensemble de filtres (200) comprenant un filtre de perfusion (210 ; 212 ; 214). L'ensemble de filtres (200) est disposé dans la chambre (100) et l'ensemble de filtres (200) est libre de se déplacer à l'intérieur de la chambre (100). L'ensemble de filtres (200) comprend des moyens de couplage d'un écoulement de récupération à travers ledit filtre (210 ; 212 ; 214) et des moyens de couplage d'un écoulement d'alimentation à travers ledit filtre dans une direction opposée à l'écoulement de récupération. Par cette disposition, on améliore la prévention d'une obstruction du filtre de perfusion.</p></abstract><abstract mxw-id="PA99820032" ref-ucid="WO-2012115586-A1" lang="FR" source="national office" load-source="docdb"><p>La présente invention concerne un bioréacteur et un procédé de mise en fonctionnement d'un bioréacteur qui comprend une chambre (100) apte à recevoir un milieu liquide, et un ensemble de filtres (200) comprenant un filtre de perfusion (210 ; 212 ; 214). L'ensemble de filtres (200) est disposé dans la chambre (100) et l'ensemble de filtres (200) est libre de se déplacer à l'intérieur de la chambre (100). L'ensemble de filtres (200) comprend des moyens de couplage d'un écoulement de récupération à travers ledit filtre (210 ; 212 ; 214) et des moyens de couplage d'un écoulement d'alimentation à travers ledit filtre dans une direction opposée à l'écoulement de récupération. Par cette disposition, on améliore la prévention d'une obstruction du filtre de perfusion.</p></abstract><description mxw-id="PDES50930590" ref-ucid="WO-2012115586-A1" lang="EN" load-source="patent-office"><!-- EPO <DP n="3"/>--><p id="p0001" num="0001"> Bioreactor with feed and harvest flow through filter assembly </p><p id="p0002" num="0002">FIELD OF THE INVENTION The present invention generally relates to bioreactors comprising a perfusion filter and to a method for operating a bioreactor comprising a perfusion filter. </p><p id="p0003" num="0003">BACKGROUND OF THE INVENTION Cell culture has generated considerable interest in recent years due to the revolution in genetic engineering and biotechnology. Cells are cultured to make for example proteins, receptors, vaccines, and antibodies for therapy, research, and for diagnostics. </p><p id="p0004" num="0004">It has long been recognized that perfusion culture offers relatively good economics for cell cultures. In this operation, cells are retained in the bioreactor, and the product is continuously removed along with toxic metabolic byproducts. Feed, containing nutrients, is added continually to the bioreactor. Perfusion culture operation is capable of achieving high cell densities and more importantly, the cells can be maintained in a highly productive state for weeks. This achieves much higher yields and reduces the size of the bioreactor necessary. It is also a useful technique for cultivating primary or other slow growing cells. </p><p id="p0005" num="0005">Perfusion operations have been greatly developed during recent years. US Patent No. 6,544,788 discloses a prior art bioreactor comprising a perfusion filter which allows liquid to be removed from the bioreactor without losing cells. The perfusion filter is constructed such that it is neutrally buoyant with respect to the culture media. It is placed inside the bioreactor so that it can move freely with bioreactor's rocking motion. The bottom surface of the filter consists of a liquid permeable, but cell-retentive membrane. A flexible tube allows the essentially cell-free filtrate to be drawn out from inside the filter. As the bioreactor is rocked, the filter moves rapidly back and forth in the culture media. This back and forth motion serves to clean the filter and allows it to operate without severe clogging. Nutrient feed is pumped into the bioreactor and the harvest filtrate is removed continuously, or at periodic intervals. 
<!-- EPO <DP n="4"/>-->
 Even though the above-defined perfusion filter provides a satisfactory prevention of clogging of the filter, there is still a further desire to improve the prevention of clogging of the perfusion filter and extend the operational durability of the perfusion filter. Documents US5032524, WO2007076865 and FR2679248 deal with the problems of clogging in filters in bioreactors. In each of the documents, a system including recirculation of liquid media is suggested. However, such systems are difficult to implement in bioreactors in which filter assembly is free to move within the chamber. SUMMARY OF THE INVENTION </p><p id="p0006" num="0006">The objective of the present invention is to improve bioreactors of the above mentioned type so that the clogging prevention of a perfusion filter in a bioreactor is improved. A further objective is to extend the operational durability of the perfusion filter. </p><p id="p0007" num="0007">The objectives above are accomplished by the bioreactor according to the present invention which is defined in the pending claims. </p><p id="p0008" num="0008">According to the invention a bioreactor comprising a chamber capable of receiving a liquid media, and a filter assembly comprising a perfusion filter is provided. The filter assembly is disposed in the chamber and the filter assembly is free to move within the chamber. The filter assembly comprises means for coupling a harvesting flow through said filter and means for coupling a feed flow in an opposite direction compared to the harvesting flow through said filter. </p><p id="p0009" num="0009">The objectives above are also achieved by a method of operating a bioreactor comprising a chamber capable of receiving a liquid media, and a filter assembly comprising a perfusion filter, wherein the filter assembly is disposed in the chamber and the filter assembly is free to move within the chamber, wherein the method comprises removing a harvesting flow through said perfusion filter from the bioreactor and feeding a feed flow through said perfusion filter to the bioreactor. The harvesting flow is removed through said perfusion filter in an opposite direction compared to the feed flow. 
<!-- EPO <DP n="5"/>-->
 Thereby it is possible to perform perfusion cell culture with an extended operational period due to the decreased clogging of the filter. The present invention provides an inexpensive cell culture bioreactor capable of perfusion operation without extensive clogging of the filter. </p><p id="p0010" num="0010">The means for coupling the flows may comprise a flexible tube attached to the filter assembly. The flexible tubes allow the movement of the perfusion filter inside the bioreactor in a desirable manner while they enable the flows to be fed or harvested in an effective way. </p><p id="p0011" num="0011">The filter assembly may comprise separate means for coupling the feed flow and the harvesting flow, respectively. To simplify the system and to keep feed and harvest flows out of contact with each other, the feed flow is pumped to the bioreactor by means of a feed pump and the harvesting flow is pumped from the bioreactor by means of a harvest pump. In this way, the mixing of the two flows is prevented. Therefore, it can be assured that the harvesting flow contains desirable cell-free products and the amount of nutrients in the harvesting flow is minimized. This is important since nutrients are often expensive and the amount of loss of nutrients should be minimized. The filter assembly may comprise means for coupling the feed flow and harvesting flow in a coaxial manner. The feed flow may be arranged coaxially around the harvesting flow. Through this arrangement a possible turbulence is prevented. Also, through this arrangement, only a single coaxial tube connection is required which is less obstructive to the filter movement inside the bioreactor bag than arrangement with two separate tubes, i.e. the filter can move freely inside the bag. </p><p id="p0012" num="0012">The filter assembly may comprise at least two filters, whereby the filtration of the harvest liquid may be enhanced. The feed flow may then be directed to flow between the at least two filters. Through this arrangement the amount of feed liquid that can be caught inside the filter assembly may be minimized. Further, the turbulence may be prevented. </p><p id="p0013" num="0013">The method of operating the bioreactor may be carried out in a mode in which a specific volume of the harvesting flow is first removed from the bioreactor and then a 
<!-- EPO <DP n="6"/>-->
 amount of the nutrients in the harvesting flow can be minimized. The removal of the harvesting flow and the feeding of the feed flow may be performed in periodic intervals. </p><p id="p0014" num="0014">Further aspects and advantages of the present invention will be apparent from the detailed description below and the figures illustrating examples of the ways to carry out the invention. </p><p id="p0015" num="0015"> BRIEF DESCRIPTION OF THE DRAWINGS </p><p id="p0016" num="0016">For the purposes of illustrating the present invention a prior art construction of the bioreactor and preferred embodiments of the present invention are shown in the drawings, it being understood however, that the invention is not limited to the precise form shown by the drawings in which: </p><p id="p0017" num="0017">FIG. 1 is a cross-sectional view of a prior art perfusion bioreactor; </p><p id="p0018" num="0018">FIG. 1 a is a cross-sectional view of the prior art filter assembly; </p><p id="p0019" num="0019"> FIG. 2 is a schematic view of an embodiment of the bioreactor according to the present invention with flow control circuit; </p><p id="p0020" num="0020"> FIG. 3 is a schematic view of an embodiment of the perfusion filter assembly with a coaxial coupling for harvest flow and feed flow; and </p><p id="p0021" num="0021">FIG. 4 is a schematic view of an embodiment of the perfusion filter assembly with a rim coupling for feed flow. </p><p id="p0022" num="0022">DETAILED DESCRIPTION OF THE INVENTION The perfusion bioreactors based on wave-induced agitation include but are not limited to WAVE Bioreactor™ systems manufactured by GE Healthcare. Such bioreactors comprise a chamber, such as a plastic bag, that is partially filled with culture media and inflated to rigidity. The chamber, also herein referred to as a bioreactor bag, is placed on a rocking platform that moves it back and forth through a preset angle and at a preset rocking rate. The rocking motion induces waves in the culture media promoting agitation and oxygen transfer, both essential to good bioreactor performance. </p><p id="p0023" num="0023">The perfusion filter is constructed such that it is neutrally buoyant with respect to the culture media and it may be designed as for example shown by US Patent No. 
<!-- EPO <DP n="7"/>-->
 In FIG. 1 a prior art bioreactor is shown. The bioreactor comprises a plastic bag 10 that is partially (10% to 80%) filled with culture media and cells 1 1 . The remainder of the chamber is inflated and consists of gas filled headspace 12. Oxygen, necessary for cell metabolism, is provided by air (or other oxygen enriched gas) introduced through sterilizing inlet filter 13. Exhaust air is vented from the chamber through exhaust filter 14. The bag 10 is attached to a rocking platform 15 that moves back and forth across pivot point 16. Typical rocking speed is 10 to 30 rocks per minute through an angle of 2 to 20 degrees from the horizontal plane. The perfusion filter 20 floats on the liquid surface 17. It can be seen from FIG. 1 a that the lower surface of the filter 20 consists of a liquid permeable membrane 21 that is submerged. This membrane 21 has porosity such that cells cannot pass through it. The filter membrane 21 may be a sintered porous polyethylene sheet with a mean pore size of 7 microns (Porex T3). Other suitable plastics such as nylon and polyethylene could also be used. The filtration membrane 21 is heat welded to a non-porous upper layer 26. A hose barb port 27 is attached to the upper layer 26 so that the filtrate tube 22 may be easily attached. In this prior art solution, suction is applied on the flexible filtrate tube 22, cell-free filtrate 23 is drawn up into the filter 20 and removed from the bioreactor. The flexible tube 22 is the only attachment point of the filter 20. A polyethylene mesh 24 may be placed inside the filter 20 to prevent the filtration membrane 21 from being sucked flat against the upper layer 26 and choking off flow. The entire filter assembly 20 may be sealed by a thermally welded seam 25. Nutrients are fed to the bioreactor via a separate inlet port 30. In the present invention, as illustrated in FIG. 2, the perfusion filter 210 is comprised in a filter assembly 200 which further comprises means to couple a harvest flow tube 220, herein also called filtrate tube, and feed flow tube 300 to the filter assembly 200 such that the harvest flow and the feed flow comprising nutrients can flow through the perfusion filter 210 in opposite directions. The rocking platform 150, the bioreactor bag 100, the material for the flexible tubes 220, 300 and the type of the perfusion filter 210 may be similar or having corresponding features as discussed in connection with the prior art bioreactor above and as shown in Figures 1 and 1 a. </p><p id="p0024" num="0024">The means to attach the flow tubes 220, 300 to the filter assembly may comprise for 
<!-- EPO <DP n="8"/>-->
 for the skilled person that any other suitable attachment means providing liquid and/ gas tight connection may be used. </p><p id="p0025" num="0025">The flexible tubes 220, 300 are coupled through the wall of the bioreactor bag 100. The flexible tubes 220, 300 are flexible enough to permit the filter assembly 200 to move freely on the liquid surface 170. If necessary, the length and the position of the flexible tubes 220, 300 in relation to the bioreactor wall may be arranged such that the movement of the perfusion filter assembly 200 is somewhat limited, e.g. to prevent the filter assembly 200 from colliding with the walls of the bioreactor 100. In such a way, the operational durability of the perfusion filter may be further increased. </p><p id="p0026" num="0026">The perfusion filter 200 and bioreactor bag 100 may be sterilized in situ by gamma radiation. In use the bag 100 is filled with growth promoting sterile nutrient media. Cells are added and the bag 100 is placed on the rocking platform 150. The bioreactor is rocked and aerated to promote cell growth. </p><p id="p0027" num="0027">The bioreactor according to the present invention may be operated as further illustrated in FIG. 2. The bioreactor is harvested, i.e. the harvesting flow (cell-free filtrate) is drawn up into the filter 210 and removed from the bioreactor by switching on the harvest pump 340. This pump sucks filtrate in a desired amount up through the perfusion filter 220 and pumps it into a collection vessel 350. The collection vessel is suspended by a hook which comprises means 310, such as a weight sensor, for measuring weight of the collection vessel 350. A controller 500 keeps the pump 340 on until preset and/or desired weight of harvest, as measured by gain of weight of the collection vessel 350, is delivered into the collection vessel 350. Next, the feed pump 330 is switched on. Nutrients are fed from a feed container 320 that is suspended from the same hook as the collection vessel 350. The rate of feed is controlled by feed pump 330. This feed pump 330 is operated intermittently by controller 500 pumping feed into the bioreactor bag 100 via a flexible tube 300 coupled to the filter assembly 200. The controller 500 turns the feed pump 330 on until preset weight of feed, as measured by loss in weight of the feed container 320, is delivered into the bioreactor bag 100. The amount of feed equals to the amount of harvest collected from the bioreactor bag 100. The cycle is then repeated. The frequency of cycling can be adjusted to give the desired overall perfusion rate. The cumulative amount of feed added and harvest removed can be 
<!-- EPO <DP n="9"/>-->
 In another variant of the invention, the bioreactor bag 100 may be operated by first adding a feed flow of nutrients into the bioreactor bag 100 and then collecting the harvest. The control system 500 functions analogously with the one described above. When the feed is added first, the loss of weight in the feed container 320 is measured, and the amount of harvest is then adapted to be equal with the feed added to the reactor 100. Through this arrangement the level of nutrients can be kept relatively high during culturing. In one variant of the invention, each of the feed container 320 and collection vessel 350 includes means for measuring weight, such as a weight sensor, respectively. In such an arrangement, the control system 500 is adapted to receive information from each sensor, respectively, and thereafter to adapt the amount of harvest and feed as equal. Through this arrangement the accuracy of the system may be further improved. </p><p id="p0028" num="0028">In a further embodiment of the invention, the weight measuring means, such as a weight sensor or a scale arrangement, is incorporated in the rocking platform 150 of the bioreactor. The control system functions 500 analogously with the one described above, i.e. the control system adapts the amount of harvest to be equal with the feed added to the reactor 100. Through such an arrangement the system may be </p><p id="p0029" num="0029">constructed more compact. </p><p id="p0030" num="0030">In perfusion operation it is critical that cells not be allowed to leave the bioreactor. </p><p id="p0031" num="0031">Otherwise, the cell concentration in the bioreactor will drop due to washout of the cells. In practice, a small amount of cell loss (&lt;10%) is tolerated in order to remove dead and dying cells and to promote a low level of cell regrowth. Alarms can be programmed to warn of pump or filter failure to prevent the loss of valuable cells. </p><p id="p0032" num="0032">In Figure 3 it is shown an embodiment in which the filter assembly 200' comprises coaxially arranged flexible tubing for the feed flow 300', and the harvesting flow 220'. The flexible tubes are coupled via a single coaxial coupling means 270' to the filter assembly 200', which coupling means may be of any suitable construction providing inlet for both the harvesting flow and the feed flow and attached to said filter assembly 200', and is not illustrated in more detail in the drawing. As illustrated in the Fig. 3, the 
<!-- EPO <DP n="10"/>-->
 the filter assembly 200' to the second perfusion filter 212. The harvesting flow 220' in connection with the removal of the filtrate travels through the both filters 21 1 and 212. Thereby, the harvesting flow 220' is removed from the bioreactor bag through the perfusion filter 212 in an opposite direction compared to the feed flow 300' and an enhanced filtration is obtained for the harvesting flow. Through this arrangement, it is possible to minimize the amount of feed flow that can be caught inside the filter assembly. Also, turbulence may be avoided. It is also possible to direct the feed flow and the harvest flow, which are arranged in a coaxial manner, through a single perfusion filter to the bioreactor bag, i.e. in a similar manner as illustrated in connection with Fig. 2. </p><p id="p0033" num="0033">In another variant (not illustrated in figures), the harvest flow tube and the feed flow tube may be attached side by side or at a close distance from each other on the filter assembly in a parallel manner. The feed flow may then be arranged to flow around the filter assembly and be fed to the bioreactor bag through a second perfusion filter in a similar manner as illustrated in connection with Figure 3. The feed flow can also be arranged such that it flows through a single perfusion filter in a similar manner as illustrated in Figure 2. By arranging the means for coupling the feed flow and harvest flow side by side and/or in a parallel manner, the free movement of the filter assembly inside the bioreactor can be ensured. </p><p id="p0034" num="0034">In Figure 4 a further embodiment of the present invention is shown. The filter assembly 200" comprises two perfusion filters 213 and 214. The filter assembly 200" comprises flexible tube 300" for the feed flow and tube 220" for the harvesting flow. The feed flow tube 300" is attached to the rim of the filter assembly 200 and the feed flow is directed in between the two perfusion filters 213 and 214. Also through this arrangement, it is possible to minimize the amount of feed flow that can be caught inside the filter assembly. Also, turbulence may be avoided. According to the present invention as defined above, the perfusion filter can be kept from clogging during an extended period due to the backflow provided on the perfusion filter surface. The clogging is prevented in an easy, economic and effective way. </p><p id="p0035" num="0035">Although the invention has been described in terms of specific embodiments and 
<!-- EPO <DP n="11"/>-->
 embodiments without exceeding the scope or departing from the spirit of the claimed invention. The specific composition of the various elements of the perfusion bioreactor system, for example, should not be construed as a limiting factor. Accordingly, it is to be understood that the drawings and descriptions in this disclosure are proffered to facilitate comprehension of the invention and should not be construed to limit the scope thereof. 
</p></description><claims mxw-id="PCLM44726522" ref-ucid="WO-2012115586-A1" lang="EN" load-source="patent-office"><claim-statement><!-- EPO <DP n="12"/>-->Claims </claim-statement><claim id="clm-0001" num="1"><claim-text>1 . A bioreactor comprising a chamber (100) capable of receiving a liquid media, and a filter assembly (200) comprising a perfusion filter (210; 212; 214), wherein the filter assembly (200) is disposed in the chamber (100) and the filter assembly (200) is free to move within the chamber (100), characterized in that the filter assembly (200) comprises means for coupling a harvesting flow through said filter (210; 212; 214) and means for coupling a feed flow through said filter in an opposite direction compared to the harvesting flow, wherein the feed flow is pumped to the bioreactor by means of a feed pump (330) and the harvest flow is pumped from the bioreactor by means of a harvest pump (340). </claim-text></claim><claim id="clm-0002" num="2"><claim-text> 2. The bioreactor assembly according to claim 1 , wherein the means for coupling the flows comprises a flexible tube attached to the filter assembly. </claim-text></claim><claim id="clm-0003" num="3"><claim-text> 3. The bioreactor assembly according to claim 1 or 2, wherein the filter assembly (200) comprises means for coupling the feed flow and the harvesting flow, respectively. </claim-text></claim><claim id="clm-0004" num="4"><claim-text> 4. The bioreactor assembly according to any of the preceding claims, wherein the filter assembly (200) comprises means for coupling the feed flow and harvesting flow in a coaxial manner. </claim-text></claim><claim id="clm-0005" num="5"><claim-text> 5. The bioreactor assembly according to claim 4, wherein the feed flow is arranged coaxially around the harvesting flow. </claim-text></claim><claim id="clm-0006" num="6"><claim-text> 6. The bioreactor assembly according to any one of the preceding claims, wherein the filter assembly comprises at least two filters (21 1 , 212; 213, 214). </claim-text></claim><claim id="clm-0007" num="7"><claim-text> 7. The bioreactor assembly according to claim 6, wherein the feed flow is directed to flow between the at least two filters (21 1 , 212; 213, 214). </claim-text></claim><claim id="clm-0008" num="8"><claim-text> 8. Method of operating a bioreactor comprising a chamber (100) capable of </claim-text><claim-text> receiving a liquid media, and a filter assembly (200) comprising a perfusion filter (210; 212; 214), wherein the filter assembly (200) is disposed in the chamber (100) and the filter assembly (200) is free to move within the chamber (100), wherein the method comprises: </claim-text><claim-text> - removing a harvesting flow through said perfusion filter (210; 212; 214) from the bioreactor by means of a harvest pump (340); </claim-text><claim-text> - feeding a feed flow through said perfusion filter (210; 212; 214) to the bioreactor by means of a feed pump (330); <!-- EPO <DP n="13"/>--> wherein the harvesting flow is removed through said perfusion filter (210; 212; 214) in an opposite direction compared to the feed flow. </claim-text></claim><claim id="clm-0009" num="9"><claim-text>9. Method according to claim 7, wherein the method is carried out in a mode in which a specific volume of the harvesting flow is first removed from the bioreactor (100) and then a substantially equal volume of the feed flow is fed to the bioreactor (100). </claim-text></claim><claim id="clm-0010" num="10"><claim-text>10. Method according to claim 8, wherein the removal of the harvesting flow and the feeding of the feed flow are performed in periodic intervals. </claim-text></claim></claims><copyright>User acknowledges that Fairview Research LLC and its third party providers retain all right, title and interest in and to this xml under applicable copyright laws.  User acquires no ownership rights to this xml including but not limited to its format.  User hereby accepts the terms and conditions of the Licence Agreement</copyright></patent-document>
