<?xml version="1.0" encoding="UTF-8"?>
<patent-document ucid="EP-2680785-A1" country="EP" doc-number="2680785" kind="A1" date="20140108" family-id="43923217" file-reference-id="305010" date-produced="20180823" status="corrected" lang="EN"><bibliographic-data><publication-reference fvid="146586876" ucid="EP-2680785-A1"><document-id><country>EP</country><doc-number>2680785</doc-number><kind>A1</kind><date>20140108</date><lang>EN</lang></document-id></publication-reference><application-reference ucid="EP-12754387-A" is-representative="NO"><document-id mxw-id="PAPP154849068" load-source="docdb" format="epo"><country>EP</country><doc-number>12754387</doc-number><kind>A</kind><date>20120302</date><lang>EN</lang></document-id><document-id mxw-id="PAPP199413595" load-source="docdb" format="original"><country>EP</country><doc-number>12754387.4</doc-number><date>20120302</date></document-id></application-reference><priority-claims><priority-claim mxw-id="PPC140548407" ucid="GB-201103724-A" load-source="docdb"><document-id format="epo"><country>GB</country><doc-number>201103724</doc-number><kind>A</kind><date>20110304</date></document-id></priority-claim><priority-claim mxw-id="PPC140548909" ucid="US-2012027482-W" linkage-type="W" load-source="docdb"><document-id format="epo"><country>US</country><doc-number>2012027482</doc-number><kind>W</kind><date>20120302</date></document-id></priority-claim></priority-claims><technical-data><classifications-ipcr><classification-ipcr mxw-id="PCL-2102486371" load-source="docdb">A61F   2/01        20060101AFI20150121BHEP        </classification-ipcr></classifications-ipcr><classifications-cpc><classification-cpc mxw-id="PCL-1959463380" load-source="docdb" scheme="CPC">A61F2230/0006      20130101 LA20160317BHEP        </classification-cpc><classification-cpc mxw-id="PCL1989643895" load-source="docdb" scheme="CPC">A61F   2/01        20130101 FI20131220BHEP        </classification-cpc></classifications-cpc><invention-title mxw-id="PT132365261" lang="DE" load-source="patent-office">MEDIZINISCHE FILTERVORRICHTUNGEN UND VERWENDUNGSVERFAHREN DAFÜR</invention-title><invention-title mxw-id="PT132365262" lang="EN" load-source="patent-office">MEDICAL FILTERING DEVICES AND METHODS OF USE</invention-title><invention-title mxw-id="PT132365263" lang="FR" load-source="patent-office">DISPOSITIFS MÉDICAUX DE FILTRATION ET PROCÉDÉS D'UTILISATION</invention-title></technical-data><parties><applicants><applicant mxw-id="PPAR919540876" load-source="docdb" sequence="1" format="epo"><addressbook><last-name>COOK MEDICAL TECHNOLOGIES LLC</last-name><address><country>US</country></address></addressbook></applicant><applicant mxw-id="PPAR919535295" load-source="docdb" sequence="1" format="intermediate"><addressbook><last-name>COOK MEDICAL TECHNOLOGIES LLC</last-name></addressbook></applicant><applicant mxw-id="PPAR919011017" load-source="patent-office" sequence="1" format="original"><addressbook><last-name>Cook Medical Technologies LLC</last-name><iid>101336876</iid><address><street>P.O. Box 2269</street><city>Bloomington, IN 47402-2269</city><country>US</country></address></addressbook></applicant></applicants><inventors><inventor mxw-id="PPAR919521082" load-source="docdb" sequence="1" format="epo"><addressbook><last-name>HANSEN PALLE</last-name><address><country>DK</country></address></addressbook></inventor><inventor mxw-id="PPAR919505821" load-source="docdb" sequence="1" format="intermediate"><addressbook><last-name>HANSEN, PALLE</last-name></addressbook></inventor><inventor mxw-id="PPAR919010313" load-source="patent-office" sequence="1" format="original"><addressbook><last-name>HANSEN, PALLE</last-name><address><street>Granvej 56 Vemmedrup</street><city>DK-4632 Bjaeverskov</city><country>DK</country></address></addressbook></inventor><inventor mxw-id="PPAR919513661" load-source="docdb" sequence="2" format="epo"><addressbook><last-name>HENDRIKSEN PER</last-name><address><country>DK</country></address></addressbook></inventor><inventor mxw-id="PPAR919503984" load-source="docdb" sequence="2" format="intermediate"><addressbook><last-name>HENDRIKSEN, PER</last-name></addressbook></inventor><inventor mxw-id="PPAR919013579" load-source="patent-office" sequence="2" format="original"><addressbook><last-name>HENDRIKSEN, PER</last-name><address><street>Paerevej 5 Skelby</street><city>DK-4160 Herlufmagle</city><country>DK</country></address></addressbook></inventor><inventor mxw-id="PPAR919543946" load-source="docdb" sequence="3" format="epo"><addressbook><last-name>LUND-CLAUSEN JACOB</last-name><address><country>DK</country></address></addressbook></inventor><inventor mxw-id="PPAR919526928" load-source="docdb" sequence="3" format="intermediate"><addressbook><last-name>LUND-CLAUSEN, Jacob</last-name></addressbook></inventor><inventor mxw-id="PPAR919009780" load-source="patent-office" sequence="3" format="original"><addressbook><last-name>LUND-CLAUSEN, Jacob</last-name><address><street>Norgaardsvej 23 1. Tv</street><city>DK-2800 Lyngby</city><country>DK</country></address></addressbook></inventor><inventor mxw-id="PPAR919529697" load-source="docdb" sequence="4" format="epo"><addressbook><last-name>RASMUSSEN ERIK</last-name><address><country>DK</country></address></addressbook></inventor><inventor mxw-id="PPAR919536744" load-source="docdb" sequence="4" format="intermediate"><addressbook><last-name>RASMUSSEN, ERIK</last-name></addressbook></inventor><inventor mxw-id="PPAR919007866" load-source="patent-office" sequence="4" format="original"><addressbook><last-name>RASMUSSEN, ERIK</last-name><address><street>Vesterhaven 1</street><city>DK-4200 Slagelse</city><country>DK</country></address></addressbook></inventor></inventors><agents><agent mxw-id="PPAR919013319" load-source="patent-office" sequence="1" format="original"><addressbook><last-name>Powell, Stephen David</last-name><iid>100025188</iid><address><street>Williams Powell Staple Court 11 Staple Inn Buildings</street><city>London, WC1V 7QH</city><country>GB</country></address></addressbook></agent></agents></parties><international-convention-data><pct-or-regional-filing-data ucid="US-2012027482-W"><document-id><country>US</country><doc-number>2012027482</doc-number><kind>W</kind><date>20120302</date><lang>EN</lang></document-id></pct-or-regional-filing-data><pct-or-regional-publishing-data ucid="WO-2012122020-A1"><document-id><country>WO</country><doc-number>2012122020</doc-number><kind>A1</kind><date>20120913</date><lang>EN</lang></document-id></pct-or-regional-publishing-data><designated-states><ep-contracting-states><country mxw-id="DS549916959" load-source="docdb">AL</country><country mxw-id="DS549766256" load-source="docdb">AT</country><country mxw-id="DS549916960" load-source="docdb">BE</country><country mxw-id="DS549861695" load-source="docdb">BG</country><country mxw-id="DS549847600" load-source="docdb">CH</country><country mxw-id="DS549765928" load-source="docdb">CY</country><country mxw-id="DS549766261" load-source="docdb">CZ</country><country mxw-id="DS549916961" load-source="docdb">DE</country><country mxw-id="DS549765941" load-source="docdb">DK</country><country mxw-id="DS549765942" load-source="docdb">EE</country><country mxw-id="DS549845502" load-source="docdb">ES</country><country mxw-id="DS549777640" load-source="docdb">FI</country><country mxw-id="DS549861696" load-source="docdb">FR</country><country mxw-id="DS549916962" load-source="docdb">GB</country><country mxw-id="DS549765943" load-source="docdb">GR</country><country mxw-id="DS549916963" load-source="docdb">HR</country><country mxw-id="DS549766262" load-source="docdb">HU</country><country mxw-id="DS549847601" load-source="docdb">IE</country><country mxw-id="DS549765944" load-source="docdb">IS</country><country mxw-id="DS549861697" load-source="docdb">IT</country><country mxw-id="DS549765949" load-source="docdb">LI</country><country mxw-id="DS549777645" load-source="docdb">LT</country><country mxw-id="DS549847326" load-source="docdb">LU</country><country mxw-id="DS549777646" load-source="docdb">LV</country><country mxw-id="DS549777647" load-source="docdb">MC</country><country mxw-id="DS549847327" load-source="docdb">MK</country><country mxw-id="DS549847328" load-source="docdb">MT</country><country mxw-id="DS549861718" load-source="docdb">NL</country><country mxw-id="DS549845503" load-source="docdb">NO</country><country mxw-id="DS549847618" load-source="docdb">PL</country><country mxw-id="DS549847329" load-source="docdb">PT</country><country mxw-id="DS549861719" load-source="docdb">RO</country><country mxw-id="DS549847346" load-source="docdb">RS</country><country mxw-id="DS549847619" load-source="docdb">SE</country><country mxw-id="DS549766263" load-source="docdb">SI</country><country mxw-id="DS549845504" load-source="docdb">SK</country><country mxw-id="DS549847620" load-source="docdb">SM</country><country mxw-id="DS549777648" load-source="docdb">TR</country></ep-contracting-states></designated-states></international-convention-data><office-specific-data><eptags><ep-no-a-document-published>*</ep-no-a-document-published></eptags></office-specific-data></bibliographic-data><abstract mxw-id="PA100066098" ref-ucid="WO-2012122020-A1" lang="EN" load-source="patent-office"><p num="0000">A filter device 10 for trapping embolic debris comprises a bag which is deployed by everting it from an end 22 of a delivery catheter 20. After release from the catheter, with the assistance of a pusher member 24, the open end of the bag self- expands against the walls of a body lumen 30. In one method of removal after use, the device 10 is withdrawn into catheter 20 by pulling on a wire 16 attached to the closed end of the bag.</p></abstract><abstract mxw-id="PA100335206" ref-ucid="WO-2012122020-A1" lang="EN" source="national office" load-source="docdb"><p>A filter device 10 for trapping embolic debris comprises a bag which is deployed by everting it from an end 22 of a delivery catheter 20. After release from the catheter, with the assistance of a pusher member 24, the open end of the bag self- expands against the walls of a body lumen 30. In one method of removal after use, the device 10 is withdrawn into catheter 20 by pulling on a wire 16 attached to the closed end of the bag.</p></abstract><abstract mxw-id="PA100066099" ref-ucid="WO-2012122020-A1" lang="FR" load-source="patent-office"><p num="0000">L'invention concerne un dispositif filtrant (10) destiné à piéger les débris emboliques, qui comprend une poche qui est déployée en la retournant depuis une extrémité (22) d'un cathéter de délivrance (20). Après sa libération du cathéter, à l'aide d'un élément pousseur (24), l'extrémité ouverte de la poche s'étend automatiquement contre les parois d'une lumière corporelle (30). Dans un procédé de retrait après utilisation, le dispositif (10) est retiré dans le cathéter (20) par traction d'un fil (16) attaché à l'extrémité fermée de la poche.</p></abstract><abstract mxw-id="PA100335207" ref-ucid="WO-2012122020-A1" lang="FR" source="national office" load-source="docdb"><p>L'invention concerne un dispositif filtrant (10) destiné à piéger les débris emboliques, qui comprend une poche qui est déployée en la retournant depuis une extrémité (22) d'un cathéter de délivrance (20). Après sa libération du cathéter, à l'aide d'un élément pousseur (24), l'extrémité ouverte de la poche s'étend automatiquement contre les parois d'une lumière corporelle (30). Dans un procédé de retrait après utilisation, le dispositif (10) est retiré dans le cathéter (20) par traction d'un fil (16) attaché à l'extrémité fermée de la poche.</p></abstract><description mxw-id="PDES51372705" ref-ucid="WO-2012122020-A1" lang="EN" load-source="patent-office"><!-- EPO <DP n="2"/>--><p id="p0001" num="0001"> MEDICAL FILTERING DEVICES AND METHODS OF USE </p><p id="p0002" num="0002">Description </p><p id="p0003" num="0003"> Technical Field </p><p id="p0004" num="0004"> The present invention relates to a medical device suitable for filtering materials, in particular embolic materials from the body lumens of patients. </p><p id="p0005" num="0005">Background Art </p><p id="p0006" num="0006"> When undertaking certain medical procedures, materials such as embolic debris can be inadvertently released and it is important that these do not enter and possible block blood vessels which supply the brain or other vital organs. In light of the short period of time during which brain tissue can survive without blood supply, there is significant importance to constantly providing suitable means for preventing even small embolic material from entering the carotid arteries, so as to avoid stroke and brain damage. </p><p id="p0007" num="0007"> US 2007/0149996 discloses an example of a filtering device for collecting debris in a body lumen. </p><p id="p0008" num="0008"> Devices in accordance with the present invention can also be used as vena cava filters, which can be retrieved via a femoral or popliteal approach. </p><p id="p0009" num="0009">Disclosure of The Invention </p><p id="p0010" num="0010"> Aspects of the present invention seek to provide an improved filtering device and deployment method. </p><p id="p0011" num="0011"> According to the invention there is provided a deployment arrangement comprising a filter device and a delivery catheter therefor, the catheter having a delivery end, and the filter device having an open end and a closed end with the open end being adjacent the delivery end of the catheter, with the filter device being detached from or releasably attached to the catheter, wherein the filter device is capable of being everted upon deployment thereof from the delivery end of the catheter, and wherein the filter device is self-expanding, whereby, after eversion and deployment from the catheter, it is capable of expanding against the interior walls of a body lumen. </p><p id="p0012" num="0012"> The filter device is preferably configured as a bag. </p><p id="p0013" num="0013"> The material of the bag is preferably braided. This provides a structure with 
<!-- EPO <DP n="3"/>-->
 holes therethrough which is capable of allowing blood to continue to flow through a vessel while capturing any entrained embolic debris. </p><p id="p0014" num="0014"> The filter device is preferably of shape memory material. This ensures that the filter device adopts its desired configuration once it is free of the catheter. </p><p id="p0015" num="0015"> The filter device can be deployed from the delivery catheter into a body lumen by a method comprising the steps of: </p><p id="p0016" num="0016"> inserting the filter device into the delivery catheter with an open end of the filter device being located adjacent to a delivery end of the catheter and a closed end of the filter device being located remote from the delivery end of the catheter; </p><p id="p0017" num="0017"> everting the filter device simultaneously with deploying it from the delivery end of the catheter, and allowing the filter device to expand against the walls of the lumen. </p><p id="p0018" num="0018"> The step of allowing the filter device to expand against the walls of the lumen may be effected gradually, so that the filter device gently unfolds along the walls of the lumen during the eversion process. Alternatively, the filter device may be fully, or substantially fully, everted before there is any substantial contact with the walls of the lumen. </p><p id="p0019" num="0019"> The filter device can be withdrawn from a body lumen into the catheter by a method comprising the steps of: </p><p id="p0020" num="0020"> placing the catheter inside the lumen with one end adjacent the open end of the filter device; </p><p id="p0021" num="0021"> pulling on the closed end of the filter device from the inside thereof whereby to evert the filter device and simultaneously withdraw it into the catheter; and </p><p id="p0022" num="0022"> removing the catheter from the body lumen with the filter device inside the catheter. </p><p id="p0023" num="0023"> The pulling step may be effected by means of a wire permanently attached to the closed end of the filter device. </p><p id="p0024" num="0024"> Alternatively, the pulling step may be preceded by the attachment of a wire to the closed end of the filter device by suitable connection means. </p><p id="p0025" num="0025"> In an alternative withdrawal method, the filter device is withdrawn by a pulling force on the outside of the closed end of the filter device in its deployed disposition. Brief Description of the Drawings </p><p id="p0026" num="0026"> Preferred embodiments of the invention will now be described, by way of 
<!-- EPO <DP n="4"/>-->
 example only, with reference to the accompanying drawings, of which: </p><p id="p0027" num="0027"> Figure 1 shows an arrangement comprising a filter device and a catheter member in accordance with a preferred embodiment of the present invention, with the catheter member deployed in a body vessel; </p><p id="p0028" num="0028"> Figure 2 shows the arrangement of Figure 1 after deployment of the filter device from the catheter member; </p><p id="p0029" num="0029"> Figure 3 shows the filter device of Figure 1 and 2 in use; </p><p id="p0030" num="0030"> Figure 4 shows an initial stage in the removal process of the filter device; </p><p id="p0031" num="0031"> Figures 5 and 6 show stages subsequent to Figure 4 in the removal process of the filter device; </p><p id="p0032" num="0032"> Figures 7 and 8 show alternative removal processes to that of Figures 4 to 6; and </p><p id="p0033" num="0033"> Figure 9 shows a modified arrangement of a filter device and associated catheter member. </p><p id="p0034" num="0034">Best Modes For Carrying Out The Invention </p><p id="p0035" num="0035"> Referring to the drawings, Figure 1 shows a filter device 10 of braided shape- memory material having the general form of a tubular bag having an open end 12 and a closed end 14. The filter device is particularly suitable for use as a vena cava filter. The outside of the closed end has a wire 16 fixedly attached thereto. </p><p id="p0036" num="0036"> The device 10 is shown inserted in a catheter member 20 which has been deployed in a body vessel or lumen 30 of a patient. The device is located adjacent to a delivery end 22 of the catheter member. Inside the catheter member, adjacent the closed end of the device 10, there is located a pusher member 24. </p><p id="p0037" num="0037"> To deploy the filter device 10, relative movement is produced between the catheter member 20 and the pusher member 24. This can be produced by movement of the catheter member to the left in Figure 1 , or by movement of the pusher member to the right in Figure 1 , or by a combination of both movements. In the course of such movements, the material of the filter device is everted so that the outside of the bag in Figure 1 becomes the inside of the bag in Figure 2. </p><p id="p0038" num="0038"> Once the bag has left the catheter member 20, the shape memory effect of the bag material comes into action and the filter device expands and becomes tightly braced against the interior wall of vessel 30, see Figure 3. The filter device 0 is thus 
<!-- EPO <DP n="5"/>-->
 deployed in its position of use where it collects embolic debris 36. </p><p id="p0039" num="0039"> The size of the filter device 10 depends upon the size of the body lumen 30 to be filtered. For cranial applications, the expanded diameter of the device 10, i.e. from the top of the bottom in Figure 3, lies within the range 5 to 15 mm. For use in pulmonary vessels, the expanded diameter of the device 10 lies within the range 15mm to 30mm. </p><p id="p0040" num="0040"> Catheter member 20 and its associated pusher member 24 can conveniently be completely removed from the patient. </p><p id="p0041" num="0041"> To remove the filter, catheter member 20 is moved back into position, Figure 4. By exerting a pulling force on wire 16 to the left in Figure 4 (which will generally be the femoral direction) one first reaches the disposition shown in Figure 5 and then the disposition shown in Figure 6. Instead of an abrupt separation of the material of filter bag 10 from the interior body vessel walls, only a relatively gentle peeling force is applied at locations 38 at the circumference of the bag as it is withdrawn, see Figure 5. In Figure 6, the filter bag 10 has been everted back to its original state, with its closed end 14 at the left of the Figures, and is withdrawn into the end 22 of the catheter member. The entire assembly is then withdrawn. </p><p id="p0042" num="0042"> Some of the embolic material 36 will attach itself to the inside of the filter bag in use in its Figure 3 disposition. Moreover, as the filter bag moves between its Figure 4 and Figure 5 dispositions, some loose embolic material will be entrained therewith into the catheter member 20. However, to avoid any danger of unwanted release of embolic material into the body vessel, the embolic material is preferably flushed away while the filter bag is still in its Figure 3 disposition. This can be effected by dissolving away the embolic debris. </p><p id="p0043" num="0043"> An advantage of the above described arrangement is that the catheter member</p><p id="p0044" num="0044">20, and the other parts of the introducer arrangement including pusher member 24, can be completely removed between the deployment, Figure 2, and removal (Figure 4) phases of the filter device 10. This leaves the vasculature free for other medical interventions. </p><p id="p0045" num="0045"> Another advantage of the arrangement is the gentle removal procedure described in correction with Figures 5 and 6. Because filter device 10 comprises braided material, some growth of the body wall around the device may have occurred 
<!-- EPO <DP n="6"/>-->
 between deployment and removal. Because the removal of the material of the device consists of gently peeling it from the walls of the body vessel 30, minimal damage is caused to the vessel wall. </p><p id="p0046" num="0046"> The deployment and withdrawal procedures of the filter device are relatively simple. Once the introducer arrangement comprising the catheter member 20 has been deployed, Figure 1 , a single relative movement of the components effects complete deployment of the filter bag 10, Figure 2. </p><p id="p0047" num="0047"> The change between the configurations of the filter device 10 in Figures 2 and 3 may be a relatively sudden one. However, in one preferred arrangement, the walls of the filter device gradually engage the walls of the body lumen as the device is everted, and unfold relatively slowly theralong. This is substantially the opposite of the previously described withdrawal process and has the advantage of reducing trauma for the patient. </p><p id="p0048" num="0048"> In a modified arrangement, a filter device 40, Figure 7, is installed without a wire 16. The device has a loop 42 at its closed end. When it is desired to remove the device 40, a wire 46 with a hook 48 at its end is advanced through catheter 20 and into the device 40. The loop 42 is snared by the hook 48, and the filter device is then withdrawn as shown in Figure 6. An advantage of this modification is that, between the deployment and withdrawal procedures, it is not necessary to leave a wire 16 in the patient's vasculature. The positions of the hook and loop may be interchanged, and any other suitable connection arrangement can be employed. </p><p id="p0049" num="0049"> In an alternative modification, a filter device 50, Figure 8, has a loop 52 on the other side of the closed end. When it is desired to remove the device 50, a wire 56 with a hook 58 at its end is advanced thorough the patient's vasculature, typically from the jugular direction. The loop 52 is snared by the hook 58 and the filter device is withdrawn to the right in Figure 8. It will be noted that the filter device is not everted during this withdrawal procedure. The same modifications can be made as described in connection with Figure 7. </p><p id="p0050" num="0050"> Alternatively, if desired, the filter device may be left permanently in the patient's body lumen 30, and may be provided with barbs to ensure long-term retention. </p><p id="p0051" num="0051"> In other modified arrangements, the mouth of filter bag 10 is releasably attached to the delivery end 22 of catheter 20 by means of one or more circumferential 
<!-- EPO <DP n="7"/>-->
 hook members 60, Figure 9. The hook members 60 are configured to maintain open the mouth of the bag 10 as it is moved between its dispositions shown in Figures 1 and 2. When the bag 10 reaches its Figure 2 disposition, the shape and orientation of the hook members 60 are such that they are automatically released from the bag. </p><p id="p0052" num="0052"> The filter device 10 is preferably made of a shape memory material such as</p><p id="p0053" num="0053">Nitinol. Alternatively it can be made of a resilient material such as stainless steel or cobalt-chronium etc. This also has advantages of ensuring a good seal between the filter device and the body lumen walls. </p><p id="p0054" num="0054"> The filter device does not need to be braided. It can have a mesh or any other suitable perforated structure. </p><p id="p0055" num="0055"> The filter device can be coated and/or impregnated with a substance which resists restenosis or minimises ingrowth. </p><p id="p0056" num="0056"> The disclosures in United Kingdom patent application no. 1103724.9, from which this application claims priority, and in the abstract accompanying this application are incorporated herein by reference. 
</p></description><claims mxw-id="PCLM44997273" ref-ucid="WO-2012122020-A1" lang="EN" load-source="patent-office"><claim-statement><!-- EPO <DP n="8"/>-->Claims </claim-statement><claim id="clm-0001" num="1"><claim-text> 1. A deployment arrangement comprising a filter device (10) and a delivery catheter (20) therefor, the catheter having a delivery end (22), and the filter device having an open end (12) and a closed end (14) with the open end being adjacent the delivery end of the catheter, with the filter device being detached from or releasably attached to the catheter, wherein the filter device is capable of being everted upon deployment thereof from the delivery end of the catheter, and wherein the filter device is self-expanding, whereby, after eversion and deployment from the catheter, it is capable of expanding against the interior walls of a body lumen (30). </claim-text></claim><claim id="clm-0002" num="2"><claim-text> 2. An arrangement according to claim 1 , wherein the filter device (10) is configured as a bag. </claim-text></claim><claim id="clm-0003" num="3"><claim-text> 3. An arrangement according to claim 1 or 2, wherein the material of the bag (10) is braided. </claim-text></claim><claim id="clm-0004" num="4"><claim-text> 4. An arrangement according to any preceding claim, wherein the filter device (10) is of shape memory material. </claim-text></claim><claim id="clm-0005" num="5"><claim-text> 5. An arrangement according to any preceding claim, wherein the filter device (10) is of resilient material. </claim-text></claim><claim id="clm-0006" num="6"><claim-text> 6. An arrangement according to any preceding claim, wherein the open end (12) of the filter device and the delivery end (22) of the catheter are attached by one or more releasable attachment members (60). </claim-text></claim><claim id="clm-0007" num="7"><claim-text> 7. An arrangement according to any preceding claim, further including a pusher member (24) arranged within the catheter (20) so as to be axially displaceable relative thereto to engage the filter device. </claim-text></claim><claim id="clm-0008" num="8"><claim-text> 8. A method of deploying a filter device (10) from a delivery catheter (20) into a body lumen (30), the catheter having a delivery end (22), and the filter having an open end (12) and a closed end (14), comprising the steps of: </claim-text><claim-text> inserting the filter device into the delivery catheter with an open end of the filter device being located adjacent to a delivery end of the catheter and a closed end of the filter device being located remote from the delivery end of the catheter; </claim-text><claim-text> everting the filter device simultaneously with deploying it from the delivery end of the catheter, and allowing the filter device to expand against the walls of the lumen. </claim-text></claim><claim id="clm-0009" num="9"><claim-text> 9. A method according to claim 8, wherein a pusher member (24) is used to <!-- EPO <DP n="9"/>--> evert the filter device (10). </claim-text></claim><claim id="clm-0010" num="10"><claim-text> 10. A method according to claim 8 or 9, wherein the step of allowing the filter device (10) to expand against the walls of the lumen is effected gradually during the eversion process. </claim-text></claim><claim id="clm-0011" num="11"><claim-text> 11. A method according to claim 8 or 9 wherein the filter device (10) is substantially fully everted before there is any substantial contact with the walls of the lumen (30). </claim-text></claim><claim id="clm-0012" num="12"><claim-text> 12. A method of withdrawing a deployed filter device (10) from a body lumen (30) into a catheter (20) the filter having an open end (12) and a closed end (14), comprising the steps of: </claim-text><claim-text> placing the catheter inside the lumen with one end adjacent the open end of the filter device; </claim-text><claim-text> pulling on the closed end of the filter device from the inside thereof whereby to evert the filter device and simultaneously withdraw it into the catheter; and </claim-text><claim-text> removing the catheter from the body lumen with the filter device inside the catheter. </claim-text></claim><claim id="clm-0013" num="13"><claim-text> 13. A method according to claim 12, wherein the pulling step is effected by means of a wire (16) permanently attached to the closed end (14) of the filter device. </claim-text></claim><claim id="clm-0014" num="14"><claim-text> 14. A method according to claim 12, wherein the pulling step is preceded by the attachment of a wire (46) to the inside of the closed end (14) of the filter device by a connection means (48), the wire being subsequently used in the pulling step. </claim-text></claim><claim id="clm-0015" num="15"><claim-text> 15. A method according to claim 12, wherein the pulling step is preceded by the attachment of a wire (56) to the outside of the closed end (14) of the filter device by a connection means (52, 58), the wire being subsequently used in the pulling step. </claim-text></claim></claims><copyright>User acknowledges that Fairview Research LLC and its third party providers retain all right, title and interest in and to this xml under applicable copyright laws.  User acquires no ownership rights to this xml including but not limited to its format.  User hereby accepts the terms and conditions of the Licence Agreement</copyright></patent-document>
