<?xml version="1.0" encoding="UTF-8"?>
<patent-document ucid="EP-2680686-A1" country="EP" doc-number="2680686" kind="A1" date="20140108" family-id="43977292" file-reference-id="311173" date-produced="20180825" status="corrected" lang="EN"><bibliographic-data><publication-reference fvid="146587166" ucid="EP-2680686-A1"><document-id><country>EP</country><doc-number>2680686</doc-number><kind>A1</kind><date>20140108</date><lang>EN</lang></document-id></publication-reference><application-reference ucid="EP-12707265-A" is-representative="NO"><document-id mxw-id="PAPP154849358" load-source="docdb" format="epo"><country>EP</country><doc-number>12707265</doc-number><kind>A</kind><date>20120224</date><lang>EN</lang></document-id><document-id mxw-id="PAPP199048068" load-source="docdb" format="original"><country>EP</country><doc-number>12707265.0</doc-number><date>20120224</date><lang>EN</lang></document-id></application-reference><priority-claims><priority-claim mxw-id="PPC140556536" ucid="EP-2012053180-W" linkage-type="W" load-source="docdb"><document-id format="epo"><country>EP</country><doc-number>2012053180</doc-number><kind>W</kind><date>20120224</date></document-id></priority-claim><priority-claim mxw-id="PPC140549731" ucid="IT-PN20110014-A" load-source="docdb"><document-id format="epo"><country>IT</country><doc-number>PN20110014</doc-number><kind>A</kind><date>20110304</date></document-id></priority-claim></priority-claims><technical-data><classifications-ipcr><classification-ipcr mxw-id="PCL-1962106319" load-source="docdb">A01G  17/06        20060101AFI20160307BHEP        </classification-ipcr></classifications-ipcr><classifications-cpc><classification-cpc mxw-id="PCL-1811128553" load-source="docdb" scheme="CPC">A01G  17/085       20130101 LI20170515BHEP        </classification-cpc><classification-cpc mxw-id="PCL-1939982194" load-source="docdb" scheme="CPC">A01G  17/06        20130101 LI20160511BHEP        </classification-cpc><classification-cpc mxw-id="PCL-1939988718" load-source="docdb" scheme="CPC">A01G  17/08        20130101 LI20160510BHEP        </classification-cpc><classification-cpc mxw-id="PCL1989628810" load-source="docdb" scheme="CPC">A01G  17/04        20130101 FI20131121BHEP        </classification-cpc></classifications-cpc><invention-title mxw-id="PT132366131" lang="DE" load-source="patent-office">VORRICHTUNG ZUR MECHANISIERTEN VERSCHIEBUNG BEWEGLICHER DRÄHTE AUF EINER REIHE VON ANLAGEN UND BETRIEBSVERFAHREN DAFÜR</invention-title><invention-title mxw-id="PT132366132" lang="EN" load-source="patent-office">APPARATUS FOR THE MECHANIZED DISPLACEMENT OF MOVABLE WIRES ON A ROW OF PLANTS AND RELATIVE PROCESS OF OPERATION</invention-title><invention-title mxw-id="PT132366133" lang="FR" load-source="patent-office">APPAREIL POUR LE DÉPLACEMENT MÉCANISÉ DE CÂBLES MOBILES SUR UNE RANGÉE DE PLANTES ET PROCESSUS DE FONCTIONNEMENT ASSOCIÉ</invention-title></technical-data><parties><applicants><applicant mxw-id="PPAR919522927" load-source="docdb" sequence="1" format="epo"><addressbook><last-name>BORTOLUSSI CLAUDIO</last-name><address><country>IT</country></address></addressbook></applicant><applicant mxw-id="PPAR919505567" load-source="docdb" sequence="1" format="intermediate"><addressbook><last-name>BORTOLUSSI, CLAUDIO</last-name></addressbook></applicant><applicant mxw-id="PPAR919016004" load-source="patent-office" sequence="1" format="original"><addressbook><last-name>Bortolussi, Claudio</last-name><iid>101279729</iid><address><street>Via Grigoletti 3</street><city>33080 Fiume Veneto (Pordenone)</city><country>IT</country></address></addressbook></applicant><applicant mxw-id="PPAR919514202" load-source="docdb" sequence="2" format="epo"><addressbook><last-name>BORTOLUSSI FRANCO</last-name><address><country>IT</country></address></addressbook></applicant><applicant mxw-id="PPAR919527254" load-source="docdb" sequence="2" format="intermediate"><addressbook><last-name>BORTOLUSSI, FRANCO</last-name></addressbook></applicant><applicant mxw-id="PPAR919008573" load-source="patent-office" sequence="2" format="original"><addressbook><last-name>Bortolussi, Franco</last-name><iid>101214501</iid><address><street>Via Trieste 93</street><city>33080 Fiume Veneto (Pordenone)</city><country>IT</country></address></addressbook></applicant></applicants><inventors><inventor mxw-id="PPAR919524546" load-source="docdb" sequence="1" format="epo"><addressbook><last-name>BORTOLUSSI CLAUDIO</last-name><address><country>IT</country></address></addressbook></inventor><inventor mxw-id="PPAR919517864" load-source="docdb" sequence="1" format="intermediate"><addressbook><last-name>BORTOLUSSI, CLAUDIO</last-name></addressbook></inventor><inventor mxw-id="PPAR919012893" load-source="patent-office" sequence="1" format="original"><addressbook><last-name>BORTOLUSSI, CLAUDIO</last-name><address><street>Via Grigoletti 3</street><city>33080 Fiume Veneto (Pordenone)</city><country>IT</country></address></addressbook></inventor><inventor mxw-id="PPAR919522520" load-source="docdb" sequence="2" format="epo"><addressbook><last-name>BORTOLUSSI FRANCO</last-name><address><country>IT</country></address></addressbook></inventor><inventor mxw-id="PPAR919509021" load-source="docdb" sequence="2" format="intermediate"><addressbook><last-name>BORTOLUSSI, FRANCO</last-name></addressbook></inventor><inventor mxw-id="PPAR919019047" load-source="patent-office" sequence="2" format="original"><addressbook><last-name>BORTOLUSSI, FRANCO</last-name><address><street>Via Trieste 93</street><city>33080 Fiume Veneto (Pordenone)</city><country>IT</country></address></addressbook></inventor></inventors><agents><agent mxw-id="PPAR919013552" load-source="patent-office" sequence="1" format="original"><addressbook><last-name>Giugni, Valter</last-name><suffix>et al</suffix><iid>100018888</iid><address><street>Propria S.r.l. Via della Colonna 35</street><city>33170 Pordenone</city><country>IT</country></address></addressbook></agent></agents></parties><international-convention-data><pct-or-regional-filing-data ucid="EP-2012053180-W"><document-id><country>EP</country><doc-number>2012053180</doc-number><kind>W</kind><date>20120224</date><lang>EN</lang></document-id></pct-or-regional-filing-data><pct-or-regional-publishing-data ucid="WO-2012119871-A1"><document-id><country>WO</country><doc-number>2012119871</doc-number><kind>A1</kind><date>20120913</date><lang>EN</lang></document-id></pct-or-regional-publishing-data><designated-states><ep-contracting-states><country mxw-id="DS549782678" load-source="docdb">AL</country><country mxw-id="DS549851675" load-source="docdb">AT</country><country mxw-id="DS549782679" load-source="docdb">BE</country><country mxw-id="DS549769415" load-source="docdb">BG</country><country mxw-id="DS549852109" load-source="docdb">CH</country><country mxw-id="DS549918349" load-source="docdb">CY</country><country mxw-id="DS549851676" load-source="docdb">CZ</country><country mxw-id="DS549769627" load-source="docdb">DE</country><country mxw-id="DS549782680" load-source="docdb">DK</country><country mxw-id="DS549918350" load-source="docdb">EE</country><country mxw-id="DS549852699" load-source="docdb">ES</country><country mxw-id="DS549769416" load-source="docdb">FI</country><country mxw-id="DS549769425" load-source="docdb">FR</country><country mxw-id="DS549782689" load-source="docdb">GB</country><country mxw-id="DS549782690" load-source="docdb">GR</country><country mxw-id="DS549782691" load-source="docdb">HR</country><country mxw-id="DS549918351" load-source="docdb">HU</country><country mxw-id="DS549852234" load-source="docdb">IE</country><country mxw-id="DS549782692" load-source="docdb">IS</country><country mxw-id="DS549769426" load-source="docdb">IT</country><country mxw-id="DS549918352" load-source="docdb">LI</country><country mxw-id="DS549769628" load-source="docdb">LT</country><country mxw-id="DS549851677" load-source="docdb">LU</country><country mxw-id="DS549769633" load-source="docdb">LV</country><country mxw-id="DS549769634" load-source="docdb">MC</country><country mxw-id="DS549866640" load-source="docdb">MK</country><country mxw-id="DS549866641" load-source="docdb">MT</country><country mxw-id="DS549782701" load-source="docdb">NL</country><country mxw-id="DS549769427" load-source="docdb">NO</country><country mxw-id="DS549782702" load-source="docdb">PL</country><country mxw-id="DS549769428" load-source="docdb">PT</country><country mxw-id="DS549782703" load-source="docdb">RO</country><country mxw-id="DS549769437" load-source="docdb">RS</country><country mxw-id="DS549782704" load-source="docdb">SE</country><country mxw-id="DS549852235" load-source="docdb">SI</country><country mxw-id="DS549769635" load-source="docdb">SK</country><country mxw-id="DS549769636" load-source="docdb">SM</country><country mxw-id="DS549918353" load-source="docdb">TR</country></ep-contracting-states></designated-states></international-convention-data><office-specific-data><eptags><ep-no-a-document-published>*</ep-no-a-document-published></eptags></office-specific-data></bibliographic-data><abstract mxw-id="PA100072125" ref-ucid="WO-2012119871-A1" lang="EN" load-source="patent-office"><p num="0000">The present invention concerns an apparatus for the mechanized displacement of movable wires (F) arranged on opposite sides of a row of plants, in particular grapevines, and the process of operation of said apparatus. An apparatus according to the invention comprises a frame (1, 301) suitable to be removably mounted on a farm vehicle, said frame (1, 301) being provided with means (14, 14, 314) for moving said movable wires (F). The apparatus is characterized in that said moving means (14, 114, 314) include a pair of opposite gripping elements (15, 115, 315), each of which being suitable to slidingly receive one of said movable wires (F), said gripping elements (15, 115, 315) being movable in a sequential and synchronized manner along at least two orthogonal axes so as to displace said movable wires (F) from a first height to a second height.</p></abstract><abstract mxw-id="PA100340165" ref-ucid="WO-2012119871-A1" lang="EN" source="national office" load-source="docdb"><p>The present invention concerns an apparatus for the mechanized displacement of movable wires (F) arranged on opposite sides of a row of plants, in particular grapevines, and the process of operation of said apparatus. An apparatus according to the invention comprises a frame (1, 301) suitable to be removably mounted on a farm vehicle, said frame (1, 301) being provided with means (14, 14, 314) for moving said movable wires (F). The apparatus is characterized in that said moving means (14, 114, 314) include a pair of opposite gripping elements (15, 115, 315), each of which being suitable to slidingly receive one of said movable wires (F), said gripping elements (15, 115, 315) being movable in a sequential and synchronized manner along at least two orthogonal axes so as to displace said movable wires (F) from a first height to a second height.</p></abstract><abstract mxw-id="PA100072126" ref-ucid="WO-2012119871-A1" lang="FR" load-source="patent-office"><p num="0000">La présente invention concerne un appareil pour le déplacement mécanisé de câbles mobiles (F) organisés sur des côtés opposés d'une rangée de plantes, en particulier des vignes, et le processus de fonctionnement dudit appareil. L'appareil de l'invention comprend un châssis (1, 301) adapté pour être monté de façon amovible sur un véhicule agricole, ledit châssis (1, 301) étant doté de moyens (14, 14, 314) de déplacement desdits câbles mobiles (F). L'appareil est caractérisé en ce que lesdits moyens de déplacement (14, 114, 314) comprennent une paire d'éléments de prise (15, 115, 315), chacun étant adapté pour recevoir par glissement un desdits câbles mobiles (F), lesdits éléments de prise (15, 115, 315) étant mobiles de façon séquentielle et synchronisée le long d'au moins deux axes orthogonaux de façon à déplacer lesdits câbles mobiles (F) d'une première hauteur à une deuxième hauteur.</p></abstract><abstract mxw-id="PA100340166" ref-ucid="WO-2012119871-A1" lang="FR" source="national office" load-source="docdb"><p>La présente invention concerne un appareil pour le déplacement mécanisé de câbles mobiles (F) organisés sur des côtés opposés d'une rangée de plantes, en particulier des vignes, et le processus de fonctionnement dudit appareil. L'appareil de l'invention comprend un châssis (1, 301) adapté pour être monté de façon amovible sur un véhicule agricole, ledit châssis (1, 301) étant doté de moyens (14, 14, 314) de déplacement desdits câbles mobiles (F). L'appareil est caractérisé en ce que lesdits moyens de déplacement (14, 114, 314) comprennent une paire d'éléments de prise (15, 115, 315), chacun étant adapté pour recevoir par glissement un desdits câbles mobiles (F), lesdits éléments de prise (15, 115, 315) étant mobiles de façon séquentielle et synchronisée le long d'au moins deux axes orthogonaux de façon à déplacer lesdits câbles mobiles (F) d'une première hauteur à une deuxième hauteur.</p></abstract><description mxw-id="PDES51373779" ref-ucid="WO-2012119871-A1" lang="EN" load-source="patent-office"><!-- EPO <DP n="3"/>--><p id="p0001" num="0001"> APPARATUS FOR THE MECHANIZED DISPLACEMENT OF MOVABLE WIRES ON A ROW OF PLANTS AND RELATIVE PROCESS OF</p><p id="p0002" num="0002">OPERATION" </p><p id="p0003" num="0003">DESCRIPTION </p><p id="p0004" num="0004">The present invention concerns an apparatus for the mechanized displacement of movable wires arranged on opposite sides of a row of plants, in particular grapevines, and the process of operation of said apparatus. </p><p id="p0005" num="0005"> In agriculture, and particularly in the viticultural field, a well-known practice is to arrange support structures for the plants consisting of rows of poles driven into the ground so as to form the vine rows. The poles are spaced apart from each other and are interconnected in their parts above the ground by a horizontal wire, called "carrying wire", fastened on said poles at a suitable height above the ground. On the two poles at the ends of each row, called "head poles", is also fastened at least one pair of parallel wires arranged on respective sides of each pole in the row. These wires are commonly called "containment wires" or "movable wires" because, during the different phases of cultivation of the plants, they are moved to different heights above the ground to contain and train the growing vegetation according to a desired configuration. In the intermediate poles in the row, included between the head poles, are provided suitable supports, or hooks, for temporarily fastening the movable wires at one or more heights above the ground. </p><p id="p0006" num="0006"> In winter, when the vine shoots are very short or are completely absent, the pairs of movable wires are arranged in a position closer to the ground. In the spring and summer seasons, when the plants are in full growth, each pair of movable wires is progressively moved to a position farther from the ground in the direction orthogonal to the ground, to harness the foliage between the wires of each pair, thus making it grow according to a desired configuration. </p><p id="p0007" num="0007"> According to a well-known method, at least one of the ends of the movable wires is fastened to a head pole on the row by means of metal chains provided with a suitable coupling device or suitable clamps, which were used to fasten one of the chain links to the pole. With this fastening solution, when it is necessary to move each movable wire to another position, the wire must first be loosened by uncoupling the relative chain from the pole, then repositioning the 
<!-- EPO <DP n="4"/>-->
 movable wire at the desired height, and finally coupling the chain back on the pole. These manual operations, all of them fairly complex and strenuous, require the presence of at least two persons, one to support the chain while keeping the movable wire taut, and at least another person to move the movable wire to a new position. Thus it is evident, especially considering the fact that on a tilled field the rows are numerous and of considerable length, that such a fastening configuration of the movable wires on a head pole of a row of vines involves a considerable amount of physical labour and relatively long working times and considerable costs. </p><p id="p0008" num="0008"> As a partial improvement of the chain-based fastening method, in the International Patent Application WO 2005/048691 is disclosed an elastic compensation device that makes it possible for a single person to vertically reposition each movable wire. According to this embodiment, at least one end of each movable wire is coupled to a first end of an elastic compensation device stably fixed to the head pole in the row. Although the manual work that the operator is required to carry out is considerably reduced in comparison with the plant rows in which the movable wires were fastened with chains to the head poles, this work remains substantial, considering the fact that, for each of the two sides of each row, the operator will have to release the movable wire previously arranged at a first height above the ground and to fasten it again at a second height different from the first one. In this situation, too, when there are many rows of plants of considerable length, the manual operations of displacing the movable wires can be rather strenuous. </p><p id="p0009" num="0009"> Recent solutions proposed for fastening the movable wires on a row of plants include one or more sliding guides arranged near the head poles of each row in a manner substantially vertical with respect to the ground. On the guides are mounted sliding means on which are stably fastened the movable wires. An example of such an arrangement is shown in the Italian Patent Application ITPN2010A000023. With such configuration, the displacement of the movable wires is even more simplified compared to the solution described above, but it still remains characterized by manual operations that imply the possible release of the movable wires previously arranged at a first height above the ground, and their subsequent placement at a second height different from the first one. Thus it can be appreciated how, in this situation too, the manual operations for 
<!-- EPO <DP n="5"/>-->
 repositioning the movable wires remain laborious. </p><p id="p0010" num="0010"> In the present state of the art are also known automatic machines capable of repositioning the movable wires of rows of plants, typically grapevines, by means of rotating elements. An example of such machines is described in European Patent EP 0 318 406. This type of machines have however an important shortcoming that consists in the considerable damage that the rotating bodies can cause to the vegetation, with negative effects on the yield in terms of fruit production. </p><p id="p0011" num="0011"> The objective of the present invention is therefore to provide an apparatus capable of mechanically displacing the movable wires on a row of plants, in particular grapevines, and to provide the process of operation of said apparatus. </p><p id="p0012" num="0012"> In the scope of the above objective, one purpose of the present invention is to provide an apparatus for the mechanized displacement of the movable wires on a row of plants that cuts down to a minimum the need of manual operations. </p><p id="p0013" num="0013"> Another purpose of the present invention is to provide an apparatus for the mechanized displacement of the movable wires on a row of plants in both a completely automatic and a semi-automatic mode. </p><p id="p0014" num="0014"> A further purpose of the present invention is to provide an apparatus for the mechanized displacement of the movable wires on a row of plants that is easy to manufacture and simple to install on a normal farm vehicle, such as for example a tractor. </p><p id="p0015" num="0015"> One not least important purpose of this invention is to realize an apparatus for the mechanized displacement of the movable wires on a row of plants that safeguards the condition of the foliage during the operations of repositioning the movable wires. </p><p id="p0016" num="0016"> A further purpose of the present invention is to provide a process of operation of said apparatus that can be practicable in both a completely automatic and a semi-automatic mode. </p><p id="p0017" num="0017"> Another purpose of the invention is to realize a process of operation of said apparatus that is reliable and that can be easily adapted to rows of plants provided with any number of movable wires and to their different configurations for fastening said movable wires on the head poles. </p><p id="p0018" num="0018"> The above objective and purposes are achieved by an apparatus for the 
<!-- EPO <DP n="6"/>-->
 mechanized displacement of the movable wires on a row of plants having the characteristics set forth in claim 1 and by a process of operation of said apparatus according to claim 12. Characteristics and advantages of the invention will become evident from the description which follows, given by way of non-restrictive example, with reference to the enclosed drawings, wherein: </p><p id="p0019" num="0019"> - Figure 1 shows a partially phantom perspective view of a first embodiment of an apparatus according to the present invention; </p><p id="p0020" num="0020"> - Figure 2 shows a possible coupling means to connect an apparatus according to the invention to a farm vehicle; </p><p id="p0021" num="0021"> - Figure 3 shows a lever for operating the means for locking the movable wires on gripping elements of the apparatus of Figure 1 ; </p><p id="p0022" num="0022"> - Figure 4 shows sensing means for controlling an apparatus according to the invention; </p><p id="p0023" num="0023"> - Figure 5 shows a control panel for controlling the apparatus of Figure 1 ;</p><p id="p0024" num="0024">- Figure 6 shows a hydraulic valve for controlling the directions of movement of the displacement cycle for the movable wire; </p><p id="p0025" num="0025"> - Figure 7 shows a detail of a second embodiment of an apparatus according to the present invention; </p><p id="p0026" num="0026"> - Figure 8 shows a detail of a third embodiment of an apparatus according to the present invention in a front perspective view; </p><p id="p0027" num="0027"> - Figure 9 shows the machine of Figure 8 according to a rear perspective view. </p><p id="p0028" num="0028"> With reference to Figure 1 , a first embodiment of an apparatus for mechanically displacing movable wires arranged on opposite sides of a row of plants includes a frame 1 formed by a pair of parallel uprights 2, 3 joined by a cross element 4 so as to define a space 5, open at the bottom and delimited at the top by the cross element 4, that can be made to travel without substantial interference along the longitudinal extension of the row of plants. On the cross element 4 are pivoted the first ends 8 of arms 6 of an articulated quadrilateral frame 7. The second ends 9 of the arms 6 are pivoted on brackets 10 fastened to a support body 11 so that the entire frame 1 is cantilevered on that support body 11 . The latter is provided with a connector 12, for example in the shape of a tubular element, which, as can be seen in Figure 2, can be rotatingly received in a base 29 provided in a support 28 that forms part of the common equipment 
<!-- EPO <DP n="7"/>-->
 of a farm vehicle, for example a tractor, not shown in the figures. The support 28 is shown with dashed lines in Figure 2 because it is not necessarily a part of the apparatus covered by the invention. </p><p id="p0029" num="0029"> Preferably, the articulated quadrilateral frame 7 is provided with a damping device 13, as for example a hydraulic or pneumatic damper, arranged between the frame 1 and the support body 11 , so that the oscillations of the frame 1 with respect to the support body 11 are effectively and rapidly damped, maintaining the frame 1 in a position orthogonal to the tilled ground, thus preventing the uprights 2 and 3 from beating repeatedly against the vegetation contained within the space 5 during the operations for displacing the movable wires F from a first to a second height. </p><p id="p0030" num="0030"> The frame 1 is provided with moving means 14 that include a pair of opposing gripping means 15, in each of which is slidingly received a movable wire F of the row of plants. Suitable sliding elements, such as for example pulleys 22, favour the sliding of the movable wires F engaged in the gripping elements 15, while conveying surfaces 24 are provided to direct the movable wires F toward the gripping elements 15. </p><p id="p0031" num="0031"> More particularly, each gripping element 15 is mounted on one of the uprights 2, 3 through a slide element 16 sliding on the upright 2, 3 that serves as a guide. The position of the gripping element 15 on the upright 2, 3 on which it is mounted is fixed by blocking the sliding movement of the slide element 16 on the respective upright 2, 3 through locking means 17, consisting for example of a pin or of screws. As will be extensively described later, in this first embodiment of the invention the positioning of the gripping elements 15 on the respective uprights 2 and 3 is set at the start of the operations for displacing the movable wires F and maintained constant through the course of these operations. The movement in the direction orthogonal to the ground will in fact be produced by lifting/lowering the entire frame 1 by means of the farm vehicle to which is associated the apparatus according to the present invention. </p><p id="p0032" num="0032"> The gripping elements 15 are advantageously provided with locking means 18 that prevent the release of the movable wires F from the gripping elements 15. The locking means 18 can consist of a pin that fits into a slit in which the movable wires F are slidingly received. Each locking means 18 can, for example, be operated with a lever control 19, shown in Figure 3, that acts on 
<!-- EPO <DP n="8"/>-->
 cables 20A and 20B connected to the locking means 18. The lever control 19 can be advantageously fixed on a farm vehicle on which the apparatus according to the first embodiment of the invention is to be mounted or assembled. Naturally, other types of known mechanical or hydraulic control means can equally be used, instead of a lever. A further example of control device will be described later with reference to a second embodiment of the present invention. </p><p id="p0033" num="0033"> The moving means 14 include actuating means 21 , consisting for example of hydraulic pistons, to displace the gripping elements 15 from a first position in which the latter are spaced apart (see Figure 1 ) and a second position in which the gripping elements 15 are moved closer to each other. In the first position of the gripping elements 15, the movable wires F are at the maximum distance from each other, while in the second position of the gripping elements 15 the movable wires F are at the minimum distance or even in contact with each other. To enable the displacement of the gripping elements 15 by the effect of the actuating means 21 , each slide element 16 is provided with a telescopic structure 23 configured and arranged so as to extend in a direction substantially orthogonal to the prevalent extension of the uprights 2 and 3. </p><p id="p0034" num="0034"> The operation of the actuating means 21 , which involves a displacement along a substantially horizontal axis, that is, parallel to the tilled ground, is controlled through a hydraulic circuit. In particular, two pairs of conduits 25A, 25B and 26A, 26B are arranged in fluid communication with a further pair of conduits 27A, 27B. The conduits 27A, 27B are connected to the hydraulic system present as standard equipment on any farm vehicle of known type, not shown in the figures, through a diversion valve 30 shown schematically in Figure 6, operated through a lever 31 . To the valve 30 are in fact also connected two conduits 32A, 32B, belonging to the hydraulic circuit of the farm vehicle, which supply with fluid an actuator 34 (Figure 2) to displace the base 29 of the support 28 in a direction "V" substantially orthogonal to the tilled ground. Through the lever 31 of the valve 30 it is possible to control the direction of movement (schematically indicated in Figure 6 with the words "FORW" and "BACK" of the actuating means 21 and, consequently, the movement of the movable wires F. Thanks to the valve 30 that puts the conduits 27A, 27B of the hydraulic circuit of the apparatus of a first embodiment of the 
<!-- EPO <DP n="9"/>-->
 invention in fluid communication with the conduits 32A, 32B of the hydraulic system of the farm vehicle, the movements of the actuating means 21 and of the actuator 34 (Figure 2) are sequential and synchronized. In fact, when the gripping elements 15 reach their second position, that is, they are near to each other, the pressure of the fluid circulating in the conduits 27A, 27B increases and activates the actuator 34. In this manner, it will not be necessary to provide particular electric/electronic controls to coordinate the movements of the gripping elements 15 along two axes at right angles to each other, one substantially parallel to the tilled ground (movement applied by the actuating means 21 ) and the other substantially perpendicular to the ground (movement applied to the whole frame 1 by the actuator 34 of the farm vehicle). </p><p id="p0035" num="0035"> In Figure 2, the support 28 is provided with a further actuator 35 fed by two conduits 33A and 33B of the hydraulic system of the farm vehicle. The actuator 35, which similarly to the actuator 34 may consist of a hydraulic piston, is used to move the base 29 of the support 28, and consequently the entire frame 1 of the apparatus of the invention, in a direction parallel to the ground and indicated with "O" in Figure 2. For this purpose, the base 29 is integral to a telescopic arm 37. </p><p id="p0036" num="0036"> With reference to Figures 1 and 4, to enable the automatic operation of the apparatus according to a first embodiment of the invention, the apparatus can be provided with sensing means 36A, 36B mounted, respectively, on an upright 2, 3 of the frame 1 to detect the presence of a pole in the row of plants. The sensors 36A, 36B substantially detect the moment when the frame 1 is about to receive a pole of the row of plants within the space 5. Advantageously, the sensing means 36A, 36B are mounted on the uprights 2, 3 from the side opposite the gripping elements 15, so that an approaching pole in the row can be detected before the gripping elements 15 reach it or move past it. The sensing means 36A, 36B can be mounted in a similar manner as described with reference to the gripping elements 15, or through sliding means 38 slidingly received on the uprights 2, 3. Locking means 39, consisting for example of a pin or screws, make it possible to lock the sensing means 36A, 36B on the relative uprights 2 and 3. Guiding surfaces 40 are provided to direct the vegetation in predetermined positions and signal lines S1 and S2 connect the sensing means 36A, 36B to a control panel 42, shown schematically in Figure 5, for controlling 
<!-- EPO <DP n="10"/>-->
 the apparatus. The signal lines S1 and S2, together with the conduits 27A, 27B of the hydraulic circuit, are provided for the connection, respectively, to the control panel 42 and to the hydraulic system of the farm vehicle through a cavity of the connector 12. </p><p id="p0037" num="0037"> With reference to Figure 4, additional sensing means 41 A and 41 B are provided to detect the position of the gripping elements 15 by sensing the position of the frame 1 in a direction perpendicular to the ground, that is, in a vertical direction. Advantageously, the sensing means 41 A and 41 B can be slidingly mounted one after the other, and at a desired distance, on a bar 43 by means of sliding means 50. The bar 43 will be applied in the area of operation of the telescopic arm 37 of the support 28 in a direction parallel to the vertical direction "V" shown in Figure 2. The position of the sensing means 41 A and 41 B on the bar can be adjusted with locking means 44, consisting, for example, of a pin or of screws. In particular, the bar 43 can in turn be mounted on the farm vehicle to which the apparatus according to the present invention is associated or integrated. The distance between the sensing means 41 A and 41 B defines the start and stop points of the movement of the telescopic arm 37 in the direction "V" of Figure 2 and, consequently, the movement of the base 29 and of the whole frame 1 . </p><p id="p0038" num="0038"> The sensing means 41 A and 41 B are placed in signal communication with the control panel 42 (Figure 5) through signal lines S3, S4. </p><p id="p0039" num="0039"> With reference to Figure 5, the control panel 42 to be installed on the farm vehicle to which the apparatus according to a first embodiment of the present invention is associated or integrated, in addition to the signal lines S1 , S2 and S3, S4 is also electrically connected to a source of energy through an electric line "P" and to suitable electrical control devices provided on the hydraulic system of the farm vehicle for controlling the actuators 34 (Figure 2) and 21 (Figure 1 ) through an electric line "C". </p><p id="p0040" num="0040"> The control panel 42 is preferably equipped with a first main ON/OFF switch 45, a second switch 46 to control the movement of the frame 1 in the two directions (UP/DOWN) of the vertical arrow "V" shown in Figure 2 by means of the actuator 34, a third switch 47 to select the manual or automatic operation of the apparatus. The switch 47 substantially breaks/connects the signal lines S1 , S2 and S3, S4, determining respectively the manual (MAN) or automatic 
<!-- EPO <DP n="11"/>-->
 (AUTO) operation of the apparatus. A push button 48 (SEMIAUTO) is provided on the control panel 42 to actuate, in the manual operating mode (switch 47 positioned on MAN), the sequential and synchronized movements of the gripping elements 15 in the two orthogonal axes corresponding to a first direction substantially parallel to the ground and to a second direction perpendicular to the ground. Finally, another push button 49 (TEST) is provided to test said sequential and synchronized movement in order to check the proper operation of the components. </p><p id="p0041" num="0041"> The operating process of the apparatus for the mechanized displacement of movable wires F arranged on opposite sides of a row of plants, in particular grapevines, according to the first embodiment of the present invention will now be described in detail. To illustrate said operating process, reference will be made to an operation of lifting two movable wires F from a first height to a second height higher than the first one from the tilled ground. The positioning of the movable wires F at the second height also envisages their engagement on suitable retaining elements placed at the second height on each intermediate pole of the row of plants. </p><p id="p0042" num="0042"> The apparatus according to the invention, associated or incorporated in a farm vehicle so as to project orthogonally to the direction of travel of said vehicle, is first arranged so that the frame 1 presents a space 5 in a position suitable to receive the head pole and the first plant adjacent to the same pole without any interference with the uprights 2 and 3 or with the cross element 4. The control panel 42 (Figure 5) is switched on by means of the switch 45, and the switch 47 is placed in the manual (MAN) mode of operation. The position of the frame 1 is first adjusted by means of the actuators 34 and 35 of the farm vehicle. In particular, the actuator 34 is controlled through the switch 46 on the control panel 42 by an operator seated in the driving position of the farm vehicle. Then, taking into account the position of the movable wires F and the maximum travel in the direction V of Figure 2 that the frame 1 can cover, the positions of the moving means 14 with respect to the uprights 2 and 3 are determined by sliding the slide elements 16 and operating on the locking means 17. The moving means 14 are arranged in position opposite to each other and at the same height. The positions of the moving means 14 with respect to the uprights 2 and 3 remain unchanged during all the operations for displacing the 
<!-- EPO <DP n="12"/>-->
 movable wires F. If the apparatus is to operate in the automatic mode, the position of the sensing means 36A, 36B with respect to the uprights 2 and 3, as well as the position of the sensing means 41 A, 41 B on the bar 43 are set in a manner as previously described for the gripping elements 15, by operating on the sliding means 38, 50 and on the locking means 39 and 44, respectively. The gripping elements 15 of the moving means 14 are in their first position, that is, spaced apart from each other in a direction parallel to the tilled field. </p><p id="p0043" num="0043"> After having first prepared the apparatus for use according to the first embodiment of the invention, the frame 1 is arranged astride the row of plants so as to position the moving means 14 for the movable wires F on opposite sides of the row and at a lower height than before. In other words, the frame 1 is moved by the farm vehicle, which moves forward between two adjacent rows along the rows until the head pole is received inside the space 5. At this point, the gripping elements 15 are brought to their second position, that is, next to each other at a slightly higher level than the initial height of the movable wires F. The latter, thanks to the conveying surfaces 24, are received in, and associated therein, the gripping elements 15. Through the locking means 18, actuated by the operator through the lever 19 (Figure 3), the movable wires F remain connected to the gripping elements 15 during all the wire displacement operations. Next, the gripping elements 15 are again moved apart from each other by operating on the actuating means 21 . This brings about a spreading of the movable wires F along an axis parallel to the ground, so as to allow the frame 1 to be moved forward while reducing to a minimum the interference of the moving means 14 with the vegetation. </p><p id="p0044" num="0044"> After having completed said preparatory operations, the apparatus can perform the mechanized displacement of the movable wires F from a first level to a second level, which in this description is assumed to be higher than the first (lifting of the movable wires F). Evidently, if the second height were lower than the first one, the operations to be carried out by the apparatus according to the invention would be easy to appreciate by an expert in the field from the description, which follows. </p><p id="p0045" num="0045"> The farm vehicle, and thus the frame 1 , are moved forward along the row of plants until the frame 1 comes near an intermediate pole of said row of plants, keeping the gripping elements 15, and consequently the movable wires 
<!-- EPO <DP n="13"/>-->
 F, at a level slightly higher than the level at which they are to be placed. In particular, when the frame 1 is about to engage one of the intermediate poles in the row of plants or is positioned just above the pole, the movable wires F are lifted by acting on the actuator 34 through the switch 46 on the control panel 42. With this lifting, the movable wires F are brought to a pre-positioning level that is slightly higher than the level al which said wires will have to be set at the end of the displacement operation. The pre-positioning level takes into account the vertical extension of the hooks arranged on each intermediate pole and defining the levels of possible positioning of the movable wires F. The placing of the movable wires F at the pre-positioning level is carried out through a first sequential and synchronized displacement of the gripping elements 15 along an axis substantially orthogonal to the tilled ground. </p><p id="p0046" num="0046"> To simplify the steps for displacing the movable wires F, and to favour the positioning of said wires F at the pre-positioning height, before the frame 1 is brought near the first intermediate pole on the row of plants, the gripping elements 15 associated with the wires F can first be brought near the second height at which the wires F will have to be finally laid, by acting on the actuator 34 through the switch 46 on the control panel 42. </p><p id="p0047" num="0047"> The positioning of the movable wires F at their definitive height is completed by moving the frame 1 forward to just past the intermediate pole involved by the displacement the height of the wires F and pressing the button 48 on the control panel to carry out a further sequential and synchronized displacement of the gripping elements 15 along two axes at right angles to each other, or along a first axis substantially parallel to the ground and a second axis orthogonal to the ground. In particular, the gripping elements 15, which are at the pre-positioning height, are first brought to their second position, that is, one beside the other, by operating on the actuating means 21 to produce a corresponding movement of the movable wires F toward each other. When the gripping elements 15 reach their second position, the pressure of the fluid circulating in the conduits 27A, 27B increases, causing the activation of the actuator 34, which lowers the gripping elements 15 along an axis substantially orthogonal to the ground. At the end of this second displacement, the movable wires F will be held on a hook provided on the intermediate pole and placed at the definitive height at which the wires are to be positioned. After the wires F 
<!-- EPO <DP n="14"/>-->
 have been set in place, the gripping elements 15 are brought back to their first position, that is, they are spaced apart from each other with a movement along an axis substantially parallel to the tilled ground made through the actuating means 21 . At this point, the gripping elements 15 will be ready to move the wires F to the next intermediate pole according to the sequence of movements previously described. </p><p id="p0048" num="0048"> The sequential and synchronized movements of the gripping elements 15 can be accomplished by operating according to a manual procedure (switch 47 set on MAN), and by operating in the automatic mode (switch 47 set on AUTO). </p><p id="p0049" num="0049"> According to the manual mode of operation, the operator will have to advance the farm vehicle along a row of plants and perform a first displacement of the gripping elements 15 along an axis substantially orthogonal to the ground just before the frame 1 reaches the intermediate pole of the row involved by the displacement of the wires F, and will slow down the farm vehicle whenever the frame 1 reaches a position slightly past said pole. In this last position, the operator can press the button 48 to complete the fastening of the movable wires F at their intended height. This mode of operation allows the operator to manually update the height of the gripping elements 15 by lifting and/or lowering the frame 1 by means of the switch 46 on the control panel 42 that controls the actuator 34. In this manner, the operator can easily take into account the unevenness of the tilled ground. </p><p id="p0050" num="0050"> The periodic slowing downs of the farm vehicle in the vicinity of each intermediate pole in the row are eliminated in the automatic mode of operation. In this case, the sensing means 36A, 36B and 41 A, 41 B are active and communicate to the control panel 42 the presence of an intermediate pole in the vicinity of the frame 1 , and the position of the frame 1 itself, and consequently the position of the gripping elements 15, according to a direction perpendicular to the ground, and thus the operator will be able to proceed with the vehicle without interruptions and to lead the frame 1 along the whole length of the row. The operation of displacement of the movable wires F will be carried out automatically for each of the poles on the row. </p><p id="p0051" num="0051"> When the displacement of the movable wires F is completed along the whole length of the row, the wires F are released from the gripping elements 15 by actuating the locking elements 18 by means of the lever 19 (Figure 3), thus 
<!-- EPO <DP n="15"/>-->
 separating the apparatus from the row. </p><p id="p0052" num="0052"> To make the apparatus according to the invention more practical and easier to use, especially in the automatic mode of operation, it is possible to make some modifications on the previously described components by applying the following indications. </p><p id="p0053" num="0053"> Specifically, in a variant embodiment of the apparatus according to the invention, the support body 11 includes a mechanical articulated joint that substantially divides it in two portions. These portions extend along the same axis, or along parallel axes, and are rotatingly coupled so that one of said portions can rotate around the extension axis of the other portion. Similarly to what is illustrated in Figure 2, one of said portions is provided with a connector that can be rotatingly received in a base 29 provided in a support 28 that forms part of the common equipment of a farm vehicle, for example a tractor. A second portion of the support body 11 supports the brackets 10 of the articulated quadrilateral frame 7 shown in Figure 2. The joint between the two portions of the support body can be equipped with an elastic element that favours the rotation of the second portion with respect to the first portion toward a predefined balanced position. In addition, the relative position of the two portions of the support body 11 can be adjusted by means of a suitable hydraulic actuator controlled manually through a further switch on the control panel 42 or automatically. </p><p id="p0054" num="0054"> This variant embodiment of the support body 11 allows the frame 1 to rotate around an axis substantially parallel to the ground and orthogonal to the lengthwise direction of the row of plants. Thus it is possible to keep the frame 1 as orthogonal as possible to the ground, compensating for any unevennesses of the ground (particularly differences in height in the lengthwise direction of the row of plants) that the farm vehicle to which the equipment is associated or incorporated is likely to encounter. </p><p id="p0055" num="0055"> According to a further embodiment of the apparatus of the invention, to simplify the operation in the manual mode, the sensing means 36A and 36B, instead of being installed on the uprights 2 and 3 of the frame 1 , can be arranged one after the other in the lengthwise direction of the row on an element that can be fixed to the frame of a farm vehicle. The positions of the sensing means 36A and 36B are such that a first sensor 36A is mounted in front 
<!-- EPO <DP n="16"/>-->
 of the frame 1 and the second sensor 36B is placed rearwardly of the frame, or the sensing means 36A and 36B are mounted on opposite parts with respect to the frame 1 . With such embodiment, when the farm vehicle brings the apparatus near an intermediate pole of the row of plants, and the automatic operating mode is switched on, a first sensor 36A detects the presence of said pole and activates the actuator 34, which displaces the gripping elements 15 in a sequential and synchronized manner along an axis substantially orthogonal to the ground, bringing the movable wires F to a previously described pre- positioning height. The activation of the second sensor 36B by the intermediate pole of the row by effect of the forward movement of the frame 1 in the lengthwise direction of the row indicates that the frame itself has moved past the pole and that therefore the fastening of the movable wires F at their final height can be completed. The completion of the fastening of the wires on the intermediate pole of the row is carried out as previously described, that is, by displacing the gripping elements 15 in a sequential and synchronized manner by means of two movements in opposite directions along an axis substantially parallel to the ground and orthogonal to the lengthwise direction of the row, said two movements being separated by a further displacement of the gripping elements 15 along an axis substantially orthogonal to the ground. </p><p id="p0056" num="0056"> In a further embodiment of the apparatus according to the invention, the cross element 4 can be fastened to the support body 11 in a rotating manner through a simple pin around which the entire frame 1 rotates. In this manner, the articulated quadrilateral frame 7 is eliminated, and the weight of the apparatus is reduced, thus favouring the portability of the apparatus. </p><p id="p0057" num="0057"> According to a still further embodiment, to compensate for the differences in height of the ground and thus to favour the automatic operation of the apparatus, it is possible to install a hydraulic actuator on the bar 43 that supports the second sensing means 41 A and 41 B for detecting the position of the gripping elements 115 by sensing the position of the frame 1 in a direction perpendicular to the ground. The actuator, controlled by a suitable switch on the control panel 42, enables an operator to displace the bar 43 vertically to adjust its position with respect to the ground, based on the configuration of the ground. </p><p id="p0058" num="0058"> A further improvement of the apparatus according to the invention envisages a control panel 42 provided with a programmable logic controller 
<!-- EPO <DP n="17"/>-->
 (PLC) that processes the signals received from the sensing means 36A, 36B, 41 A and 41 B and runs a program driving the actuators installed in the apparatus, or the actuators 21 of the gripping elements 15 (Figure 1 ), the actuators 34 and 35, respectively, for the vertical and horizontal displacement of the frame 1 (Figure 2), the actuator mounted on the bar 43 for adjusting the vertical position of the second sensing means 41 A and 41 B that detect the vertical position of the gripping elements 115 by sensing the vertical position of the frame 1 , and the actuator mounted on the joint on the support body 11 to adjust the relative position of the two couplied rotating portions that form it. In particular, the operation of the actuators 21 and 34 will be sequential, that is, according to a predefined sequence, and synchronized, that is, paced at suitable time intervals. By means of the PLC controller, the actuators 34, 35 and/or 21 can also be controlled manually through one or more joysticks installed on the control panel 42. </p><p id="p0059" num="0059"> Referring now to Figure 7, a second embodiment of an apparatus according to the present invention is described, wherein the apparatus can be associated to a support 28 (Figure 2) of a farm vehicle in a manner similar to what was described with reference to the first embodiment of the invention. In this second embodiment, the elements in common with the first embodiment will be indicated with the same numeral references or with corresponding numeral references, and the description of their operation and of their structure will not be repeated. </p><p id="p0060" num="0060"> The apparatus according to the second embodiment, in a manner substantially similar to what is illustrated in Figure 1 with reference to the first embodiment, includes a frame 1 provided with a pair of uprights 2, 3 joined by a cross element so as to define a space 5, open at the bottom and delimited at the top by the cross element, that can be made to travel without substantial interference in the lengthwise direction of the row of plants. In this second embodiment, the frame 1 is provided with moving means 114 that include a first pair of opposing gripping elements 115, in each of which is slidingly received a movable wire F of the row of plants. In Figure 7, for simplicity of illustration, only one of the two moving means 114 is shown, as the other one is substantially identical and mounted in a manner that is a mirror image of the one shown. Conveying surfaces 24 are provided to guide the movable wires F toward the 
<!-- EPO <DP n="18"/>-->
 gripping elements 115. </p><p id="p0061" num="0061"> More particularly, each gripping element 115 is mounted on one of the uprights 2, 3 through a slide element 116 that slides on the upright 2, 3 that serves as a guide. The position of each gripping element 115 on the upright 2, 3 on which it is mounted is fixed by operating on the chain 160 that is partially wound around pulleys 161 (only one of these pulleys 160 is visible in Figure 7) arranged at the ends of each upright 2, 3 and the ends of which are fastened to the sliding element 116. The movement of the chain can be provided, for example, by an electric motor mounted on the frame 1 and provided with a sprocket wheel that meshes with the chain 160. The gripping elements 115 are advantageously provided with locking means 18 that prevent the release of the movable wires F from the gripping elements 115. The locking means 18 may consist of a pin inserted in a slit in which are slidingly received the movable wires F. </p><p id="p0062" num="0062"> In this second embodiment, each locking means 18 can, for example, be activated in a direction transversal to the extension of the movable wires F by means of a pneumatic actuator 162 provided with a pair of aeraulic conduits 163A, 163B for its operation. The actuator 162 is mounted on a support 164 that sustains the guide surfaces 24 of the movable wires F and that is in turn connected to a guide surface 140 provided to guide the vegetation in predetermined positions. </p><p id="p0063" num="0063"> The moving means 114 include actuating means 121 , consisting of pneumatic pistons, to displace the gripping elements 115 between a first position in which the latter are spaced apart from each other and a second position in which the gripping elements 115 are brought near to each other. In the first position of the gripping elements 115, the movable wires F are at a maximum distance from each other, while in the second position of the gripping elements 115 the movable wires are at the minimum distance or even in contact with each other. Said pneumatic pistons are operated through a pair of aeraulic conduits 165A, 165B. A first end 168 of the pneumatic pistons making up the actuating means 121 is mounted in a support element 166 which, as will be better explained later, is integral to a sliding element 170 that slides on a guide 167 extending along the movable wires F and is stably fixed to the slide element 116. A second end 169, corresponding to the end of the sliding stem of the 
<!-- EPO <DP n="19"/>-->
 pneumatic pistons, is connected to the guide surface 140 so that the latter is mobile jointly with the gripping elements 115. </p><p id="p0064" num="0064"> To allow the simultaneous displacement of the gripping elements 115 and of the guide surface 140 by the effect of the actuating means 121 , a slide element 171 associated with the surface 140 is mounted so as to slide on a guide 172 formed on the support element 166 so as to extend in a direction substantially orthogonal to the direction of extension of the movable wires F. </p><p id="p0065" num="0065"> A travel limit 173 defines the travel distance of the slide element 171 that allows the simultaneous sliding of the gripping elements 115, the foliage guiding surfaces 140, the movable wire conveying surfaces 24 and the relative support 164 that supports the actuator 162 in a direction substantially orthogonal to the direction of the movable wires F and substantially parallel to the ground on which the row of plants is arranged. The travel limit 173 is fixed on the slide element 171 and consists preferably of a bar received so as to slide within a support 174 fastened to the slide element 170 that allows the translation of the support element 166 in a direction substantially parallel to the movable wires F. The travel limit 173 is further provided with two stops 175A, 175B, which, moving in a direction substantially at right angles to the movable wires together with the slide element 171 , abut against a projection 176 formed on the support element 166 near the slide element 170 and stop on said projection 176, thus determining the travel limit of the slide element 171 , and, consequently, of the gripping elements 115. In Figure 7, the stop 175B is shown in the position of contact with the projection 176, since the gripping element 115 is in the first position, where the movable wires F are spaced at the maximum distance from each other. </p><p id="p0066" num="0066"> On the slide element 171 that allows the sliding of the gripping elements 115 is connected a bracket 177 that extends in a direction substantially parallel to the movable wires F and at right angles to the slide element 171 . The bracket 177 also extends in the direction opposite the direction of the arrow "A" in Figure 7, which corresponds to the forward direction of the apparatus according to the invention during the operations for displacing the movable wires F. </p><p id="p0067" num="0067"> Preferably, on the end of the bracket 177 opposite the end fastened to the slide element 171 is hinged a fin 178 that can rotate between an idle position (shown in Figure 7), in which the fin 178 is parallel to the uprights 2, 3 and to 
<!-- EPO <DP n="20"/>-->
 the direction of travel of the apparatus shown by the arrow "A" during the operations for displacing the movable wires F, and an operating position in which the fin 178 is set transversally to said direction of travel "A" by rotating it toward the upright 3. The direction of rotation of the fin 178 around the pin 179 is indicated by the arrow "B" on Figure 7. In mirror-image fashion, the fin on the moving means 114 arranged on the upright 3, and not shown in Figure 7, will rotate toward the upright 2 and move close to the other fin 178. As will be described later, the fins 178 are used to keep the wires F engaged in the gripping elements 115 near the intermediate pole in the row as they are being displaced from a first height to a second height above the ground. </p><p id="p0068" num="0068"> The rotation of the fin 178 around the pin 179 is provided by an actuator 180, preferably in the form of a pneumatic piston provided with a pair of aeraulic conduits 181 A, 181 B. The movement of the fins 178 provided on the moving means 114 is coordinated sequentially with the movement of the gripping elements 115. </p><p id="p0069" num="0069"> As already mentioned, the support element 166 is integral with a slide element 170 that runs on a guide 167 extending in the direction of the movable wires F. By means of fastening bodies 182A and 182B, the guide 167 is stably fastened to the slide element 116 that slides on the upright 2. The guide 167 extends mainly in the direction opposite the direction of the arrow "A" in Figure 7 which corresponds to the direction of movement of the apparatus according to the invention during the operations for displacing the movable wires F. The displacement of the whole support element 166 and thus of the gripping elements 115 along the extension of the movable wires F is provided by means of an actuator 183, preferably consisting of a pneumatic piston provided with aeraulic conduits 184A and 184B for its stroke movements. The actuator 183 is controlled through the aeraulic conduits 184A and 184B to move the gripping elements 115 away from and then closer to the uprights 2, 3. The travel of the whole support element 166 and thus of the gripping elements 115 away from the uprights 2, 3 is limited to the maximum extension of the actuator 183, while the travel toward the uprights 2, 3 is limited by a stop 185 fastened on the guide 167. </p><p id="p0070" num="0070"> Therefore, in this second embodiment of the apparatus, the gripping elements 115, in addition to the movements already described with reference to 
<!-- EPO <DP n="21"/>-->
 the first embodiment of the invention, can also be moved lengthwise along the movable wires F, keeping them engaged within the slit that receives them. This further movement significantly improves the possibility of automating the operations of displacing the movable wires F from a first height to a second height from the ground. In fact, the travel of the gripping elements 115 away from the uprights 2 and 3 makes it possible to keep said gripping elements 115 near the intermediate pole of the row of plants on which the movable wires F are to be positioned for a longer time while the whole frame 1 that receives the row of plants in the space 5 advances without interruptions in the direction "A" of Figure 7. </p><p id="p0071" num="0071"> It should also be noted that in this second embodiment of the apparatus according to the invention, the displacement of the gripping elements 115 in a direction substantially orthogonal to the ground can be made in two ways. A first way is as already described with reference to the first embodiment of the apparatus, in other words, by maintaining the position of each gripping element 115 constant with respect to the relative upright 2, 3 which supports it and by lifting the whole frame 1 by means of the actuating device 34 illustrated in Figure 2 and with the possible help of the sensing means 41 A and 41 B shown in Figure 4. A second mode of operation involves, instead, moving the gripping devices 115 by sliding them along the respective uprights 2, 3 by operating on each chain 160 associated with the relative slide element 116, while maintaining the position of the frame 1 constant with respect to the ground. </p><p id="p0072" num="0072"> The second embodiment of the apparatus according to the invention is provided with sensing means 136 that substantially detect the moment when the frame 1 has just gone past a pole in the row of plants. Advantageously, the sensing means 136 are mounted on an element 186 that can be fastened to the frame of a farm vehicle. The element 186 makes it possible to adjust the position of the sensing means 136 in a direction at right angles to the direction of the movable wires so that a pole in the row that comes to be between the uprights 2, 3 is always intercepted by the sensitive part of the sensing means 136. The sensing means 136 also come to be in a position rearward of the frame 1 along its direction of movement indicated by the arrow "A" in Figure 7. The sensing means 136 are provided with a signal line S101 that signals the presence of an intermediate pole in the row and thus starts the displacement of 
<!-- EPO <DP n="22"/>-->
 the movable wires F from a first height to a second height above the ground, as will be described here later. </p><p id="p0073" num="0073"> The process of operation of the second embodiment of the invention for the mechanized repositioning of movable wires F arranged on opposite sides of a row of plants, in particular grapevines, will now be described in detail. In a manner similar to what was described with reference to the first embodiment, to illustrate said process of operation, the description will refer to an operation of lifting two movable wires F from a first height to a second height higher than the first one from the ground. The positioning of the movable wires F at the second height also foresees their engagement on suitable retaining elements placed at the second height on each intermediate pole in the row. Evidently, if the second height is lower than the first height, the operations that the frame according to the invention must carry out will be easily appreciated by a person skilled in the field from the following description. </p><p id="p0074" num="0074"> For a simpler explanation, in the following description the repositioning of the gripping elements 115 in a direction orthogonal to the ground on which the row of plants is installed is carried out by moving the whole frame 1 by means of the actuating means 34 (Figure 2) and controlling the extent of said movement through the sensing means 41 A and 41 B shown in Figure 4. </p><p id="p0075" num="0075"> The apparatus of the invention, connected to or incorporated in a farm vehicle so as to project therefrom orthogonally to the direction of travel of said vehicle, is first arranged so that the frame 1 has the space 5 in a position suitable to receive the head pole in the row and the first plant adjacent to the same pole without any interference with the uprights 2 and 3 or with the cross element between the uprights 2 and 3. The position of the frame 1 is first adjusted through the actuators 34 and 35 of the farm vehicle. Subsequently, taking into account the position of the movable wires F and the maximum distance in the direction V in Figure 2 that the frame 1 can travel, the positions of the moving means 114 with respect to the uprights 2 and 3 are determined by moving the slide means 116 by operating on the chains 160 by means of an electric motor provided with a sprocket wheel that meshes with the relative chain 160. The moving means 114 are arranged in positions opposite to each other and at the same height. As previously mentioned, described in simple terms, the positions of the moving means 114 with respect to the uprights 2 and 
<!-- EPO <DP n="23"/>-->
 3 remain unchanged during all the operations for displacing the movable wires F. The position of the sensing means 136 is also adjusted in a direction orthogonal to the extension of the movable wires F so that the sensitive part of the sensing means 136 intercepts a pole in the row as soon as the frame 1 travels past it. The positions of the sensing means 41 A, 41 B on the bar 43 (Figure 4) are also adjusted by operating on the slide means 50 and on the stop 44, respectively. The gripping elements 115 of the moving means 114 are in their first position, that is, spaced apart from each other in a direction parallel to the ground. </p><p id="p0076" num="0076"> After having completed the above operations, the frame 1 is arranged astride the row of plants so as to position the moving means 114 of the movable wires F on opposite parts of the row and at a height lower than the height of the movable wires F. In other words, the frame 1 is moved by the farm vehicle advancing in the lengthwise direction between two rows of plants until the head pole in the row is received within the space 5. At this point, the gripping elements 115 are brought to their second position, that is, one near the other at a level slightly higher than the initial height of the movable wires F. The wires, thanks to the conveying surfaces 24, are received in and associated with the gripping elements 115. Through the locking means 18, activated by the operator by means of the actuator 162, the movable wires F remain associated with the gripping elements 115 during all the operations of repositioning the movable wires F on a row. Subsequently, the gripping elements 115 are again spaced apart from each other by acting on the actuating means 121 . This results in a spreading apart of the movable wires F along an axis parallel to the ground, so as to allow the frame 1 to move forward while reducing to a minimum the interference of the moving means 114 with the vegetation. </p><p id="p0077" num="0077"> At this point, the gripping elements 115, and consequently the movable wires F, are brought to a level slightly higher than the height from which they are to be displaced. This height is adjusted manually, at the first intermediate pole of the row that the frame 1 comes upon, by acting on the actuator 34 (Figure 2) until the telescopic arm 37 of the support 28 is brought near the sensor 41 B (Figure 4). This height corresponds to the prepositioning height mentioned above, that is, at a level slightly higher than the height at which the movable wires will have to be positioned at the end of the displacement operation. The 
<!-- EPO <DP n="24"/>-->
 prepositioning height takes into account the vertical extension of the retainers that are applied or formed on each intermediate pole in the row and define the levels of possible positioning of the movable wires F. </p><p id="p0078" num="0078"> At this point, during the movement of the frame 1 along the row of plants by means of the farm vehicle in the direction of the arrow "A" in Figure 7, the passage of the frame 1 past an intermediate pole activates the sensing means 136, which set the apparatus into operation through the signal line S101 . </p><p id="p0079" num="0079"> The gripping elements 115 that engage the movable wires F are brought to their second position, that is, next to each other, through a sequential and synchronized displacement along an axis substantially parallel to the ground obtained by operating each of the actuators 121 . After this movement, which comes about at the above-mentioned prepositioning height, the gripping elements 115 are brought between the uprights 2, 3 and the intermediate pole just passed by the frame 1 . In addition, the fins 178 of each moving means 114 move closer to one another. At the same time as the activation of the actuators 121 , or immediately after the gripping elements 115 have started to move, the actuators 180 that control the rotation of the fins 178 toward each other are also activated, thus fastening the wires F in the vicinity of the pole on which they are to be fastened. </p><p id="p0080" num="0080"> As soon as the gripping elements 115 reach their second position (the stop 175A abuts against the projection 176 formed on the support element 166), and continuing to advance with the farm vehicle while keeping the gripping elements 115 in said second position, the actuators 183 of each moving means 114 are activated to displace each support element 166 and thus the gripping elements 115 in the direction opposite to the direction of travel of the frame 1 along an axis parallel to the ground. Thanks to this movement opposite the direction of travel of the frame 1 along the row, the gripping elements 115, drawn by the farm vehicle which continues to move forward without interruptions and at a rate faster than the maximum speed achievable for the correct operation of the first embodiment of the apparatus, can remain near the intermediate pole on which the movable wires F are to be repositioned for a time of sufficient length to complete their displacement. </p><p id="p0081" num="0081"> At the same time as the activation of the actuators 183, or immediately after the gripping elements 115 have started their movement, the actuator 34 
<!-- EPO <DP n="25"/>-->
 (Figure 2) is also activated to displace the frame 1 , and the gripping elements 115 integral to it, from the prepositioning height to the final height of the movable wires F, in other words, the new height at which the wires F are to be repositioned. The controlled displacement of the actuator 34 occurs along an axis orthogonal to the ground, that is, in the direction "V" shown in Figure 2, and in this illustrative description, the movement of the gripping elements 115 is toward the ground. </p><p id="p0082" num="0082"> Therefore, the substantially simultaneous activation of the actuators 183 and 34 produces a sequential and synchronized displacement of the gripping elements 115 along two axes, one substantially parallel to the ground and the other perpendicular to the ground. Such displacements complete the fastening of the movable wires F at their final height on an intermediate pole in the row. </p><p id="p0083" num="0083"> Subsequently, the apparatus is operated so as to return the gripping elements 115 to their starting position, shown schematically in Figure 7. This is achieved by displacing the gripping elements 115 from their second position to their first position, that is, by bringing the gripping elements 115 to their maximum distance while keeping the movable wires F constantly engaged. The reciprocal displacement of the two gripping elements 115 is carried out by activating the actuators 121 again along an axis parallel to the ground. At the same time as the activation of the actuators 121 the actuators 180 are also activated to reciprocally spread the fins 178 apart by a rotation of the respective pins 179. </p><p id="p0084" num="0084"> After the gripping elements 115 have reached their first position, or are close to reaching that position, the actuators 183 are activated again to bring the gripping elements 115 near the uprights 2, 3 by moving them in the direction of the arrow "A" in Figure 7. At the same time as the activation of the actuators 183, or immediately after the displacement of the gripping elements 115 has started to bring them toward the uprights 2, 3, the actuator 34 is also activated to return the gripping elements 115 to the prepositioning height, starting from the final height of the movable wires F. </p><p id="p0085" num="0085"> At the end of these displacements, the apparatus is prearranged to repeat the repositioning of the movable wires F by displacing them from a first height above the ground and reattaching them to the intermediate poles in the row at a second height different from the first one. 
<!-- EPO <DP n="26"/>-->
 Naturally, the coordinated operation of the actuators 34, 121 , 180, 183 will be supervised by a programmable logic controller (PLC) or by another suitable control system such as, for example, an electro-mechanical control unit; in addition, the actuators 121 , 180, 183 and 162 make up portions of a pneumatic circuit fed by suitable pumping means. </p><p id="p0086" num="0086"> Referring now to Figures 8 and 9, a description is given of a third embodiment of an apparatus according to the present invention that can be associated to a support 28 (Figure 2) of a farm vehicle in a manner similar to what was described with reference to the two previous embodiments of the invention. This third embodiment is particularly suitable to displace the movable wires from a first to a second height above the ground in a completely automatic mode. In any case, if desired, the third embodiment of the apparatus can carry out the displacement of the wires through a repetitive manual control. In this third embodiment, the common elements in the first and/or second embodiment will be indicated with the same numeral references or with corresponding numeral references, and the description of their operation as well as that of their structure will not be repeated. </p><p id="p0087" num="0087"> In this third embodiment, the frame 301 is provided with a pair of uprights 302, 303 slidingly associated to the ends of a framework 387 that extends transversally to the uprights 302, 303, forming thereby a space 305 that can be made to move without substantial interference in the lengthwise direction of a row of plants. The framework 387 includes a strut assembly 388 substantially consisting of two guide elements 389 on which are slidingly coupled the uprights 302 and 303 and a pair of transversal brackets 389A, 389B the end of which are fastened to the guide elements 389. The framework 387 is rotatably pivoted on a fastening body 390 by means of a pin 391 that extends parallel to the pair of transversal brackets 389A, 389B, that is transversally, and in particular perpendicularly, to the pair of uprights 302 and 303. Thanks to the pin 391 , the frame 301 can rotate around it and compensate for any unevennesses of the ground that extend in the direction of travel of a farm vehicle (arrow "A" in Figure 8) to which the apparatus can be associated, and/or to compensate for any tangles of vegetation in the operating parts of the machine as it moves forward along a row of plants. The rotation of the frame around the pin 391 is countered by fluid dampers 392A and elastic elements 392B interposed 
<!-- EPO <DP n="27"/>-->
 between the strut assembly 388 and the fastening body 390. In particular, in Figure 8 the fluid-dynamics dampers 392A include a pair of gas dampers, while the elastic elements 392B consist of a pair of spiral springs having a first end fastened to the transversal bracket 389B and a second end fastened to the fastening body 390. </p><p id="p0088" num="0088"> The fastening body 390 is in turn rotatably associated to a support body 311 by means of a pin 393 and a bracket 394 integral with the support body 311 . The pin 393 extends in the direction of forward travel of the apparatus (arrow "A" in Figure 8), and in this manner the frame 301 can oscillate transversally to the extension of the row of plants, thereby compensating for the unevennesses of the ground encountered by the farm vehicle on which the apparatus is mounted. To attenuate the oscillation of the frame 301 , a damping actuator 394 is provided in position between the fastening body 390 and the support body 311 . </p><p id="p0089" num="0089"> On the framework 387 are connected a pair of conveying elements 395 comprising a pair of belts 396A and 396B driven by rollers 397, at least one of which is powered by a motor 398, for example of electric, pneumatic or hydraulic type. The conveying elements 395 extend forwardly of the frame 301 in the direction of forward travel of the frame above the row of plants when it is carried by a farm vehicle (arrow "A" in Figure 8). </p><p id="p0090" num="0090"> The conveying elements 395 interact with the vegetation when the frame 301 is moved along the row of vines, helping to displace them and thus preventing them from hindering the displacement of the movable wires. The belts 396A and 396B can be driven in both directions, thus making it possible to suitably arrange the vegetation without damaging it. In addition, the rollers 397 can have their axes of rotation reciprocally inclined in order to untwist the length of the belt. </p><p id="p0091" num="0091"> On the framework 387 is mounted an electric motor 399 (Figure 8) that drives a pair of toothed wheels 400 (only one of them is shown in Figure 8) engaged in a rack, or a chain, provided on each of the two uprights 302, 303. This mechanical coupling is used to provide the displacement of the uprights 302, 303 with respect to the framework 387 in a direction substantially orthogonal to the ground. This displacement, which is added to the movement that can be applied to the whole frame 301 by means of the actuator 34, as 
<!-- EPO <DP n="28"/>-->
 described above with reference to the first two embodiments, is useful in the preliminary steps of preparation of the apparatus when the movable wires to be displaced are associated to it. </p><p id="p0092" num="0092"> On each of the two uprights 302, 303 is mounted a pneumatic actuator, 401 and 402 respectively, provided with a pair of aeraulic conduits, 401 A, 401 B; 402A, 402B respectively, for its operation. Each of the actuators 401 , 402 is interposed between the respective upright 302, 303 and the moving means 314 mounted on each of the two uprights 302, 303 to provide the displacement along the upright. In this third embodiment, the sequential and synchronized displacement of the moving means 314 in a direction orthogonal to the ground for the purpose of repositioning the movable wires of a row of plants is achieved by translating the moving means 314 along the uprights 302, 303 without needing to lift or lower the whole frame 301 . In this manner, the weight of the moving masses is advantageously reduced. </p><p id="p0093" num="0093"> Therefore, in this third embodiment, in the direction orthogonal to the ground it is possible to: displace the whole frame 301 by means of the actuator 34 (Figure 2); displace the uprights 302, 303 with respect to the framework 387 by operating the electric motor 399; displace the moving means 314 with respect to the uprights 302, 304 by operating the actuators 401 , 402. </p><p id="p0094" num="0094"> The structure and the operation of the moving means 314 are substantially identical to those indicated with the numeral reference 114 in the previous description of the second embodiment of the invention. In particular, the displacement of the gripping elements 315 in the lengthwise direction of the movable wires F is achieved by means of an actuator 383, preferably consisting of a pneumatic cylinder provided with aeraulic conduits 384A and 384B for its operation. The actuator 383 can be controlled by means of aeraulic conduits 384A and 384B to move the gripping elements 315 away from and then toward the uprights 302, 303. In addition, the rotation around the pin 379 of each of the fins 378 provided on the moving means 314 is given by an actuator 380, preferably in the form of a pneumatic piston provided with a pair of aeraulic conduits 381 A, 381 B for its operation. The movement of the fins 378 is coordinated sequentially with the movement of the gripping elements 315. </p><p id="p0095" num="0095"> The operating steps of the cycle for displacing the movable wires carried out by the third embodiment of the apparatus according to the invention are 
<!-- EPO <DP n="29"/>-->
 identical to ones in the process described with reference to the second embodiment of the invention. Naturally, as already mentioned, in this third embodiment the displacement of the gripping elements 315 provided on the moving means in a direction orthogonal to the ground will be carried out by the actuators 401 , 402 instead of by the actuator 34 that moves the whole frame 301 . The actuator 34 and the electric motor 399 are operated in the preparatory phases of installation of the apparatus above a row of plants and of association of the movable wires F to the gripping elements 315. </p><p id="p0096" num="0096"> The displacement, along the uprights 302 and 303, of the gripping elements 315 provided on the moving means 314 is limited by a pair of sensing means 341 A and 341 B slidingly associated to the upright 302. In practice, when the gripping elements 315 in their movement along the uprights 302, 303 intercept one of the sensing means 341 a, 341 b, the displacement of the gripping elements 315 stops. The function of the sensing means 341 A, 341 B is identical to that of the sensing means 41 A, 41 B described with reference to the first and to the second embodiment. </p><p id="p0097" num="0097"> The displacement cycle of the movable wires on a row of plants it started by sensing means 336 that substantially detect the moment when the frame 301 has just gone past a pole in the row of plants. Advantageously, the sensing means 336 are mounted on an element 386 that can be fastened to the frame of a farm vehicle or on the support body 311 as shown in Figure 9. The element 386 makes it possible to adjust the position of the sensing means 336 in a direction orthogonal to the lengthwise direction of the movable wires so that a pole in the row that comes between the uprights 302, 303 is always intercepted by the sensing means 336. In addition, the sensing means 336 place themselves in a position behind the frame 301 seen in its direction of travel indicated by the arrow "A" in Figure 8. The sensing means 336 are provided with a signal line S301 that signals the presence of an intermediate pole in the row, thereby starting the displacement of the movable wires F from a first height to a second height above the ground. Thanks to a pneumatic actuator 403, the sensing means 336 can be retracted so as not to interfere with the poles in the row when it is necessary to move the frame 301 above the row without carrying out the cycle of displacement of the movable wires F. </p><p id="p0098" num="0098"> In this third embodiment it is possible to connect the aeraulic circuits 
<!-- EPO <DP n="30"/>-->
 feeding the conduits 365A, 365B for controlling the actuating means 321 , consisting of pneumatic pistons, which displace the gripping elements 315 from a first position in which the latter are spaced apart from each other and a second position in which the gripping elements 315 are closer to each other. The connection of the aeraulic circuits is used to allow an immediate transfer of fluid from one actuator 321 to the other, thus enabling the gripping elements 315 that are moved close to each other, that is, in said second position, to move at the same time in the same direction of movement determined by the actuators 321 without moving apart from each other. This operating feature is particularly useful to compensate for unexpected displacements of the frame 301 and/or of the farm vehicle that moves it in a direction transversal to the extension of the row of plants, due, for example, to unevennesses of the ground. This avoids the possibility that the movable wires F engaged in the gripping elements 315 can be pulled transversally to the row together with the frame 301 . </p><p id="p0099" num="0099"> It was thus seen that the invention achieved the predetermined objective and purposes, as an apparatus was provided for the mechanized displacement of the movable wires of a row of plants with which the operator can organize the vegetation of plants arranged in rows of considerable length while remaining on board the farm vehicle on which the apparatus is removably mounted or incorporated. The apparatus can be extended on one side of the machine in a direction orthogonal to the direction of travel of the farm vehicle. As an alternative, the apparatus can be fastened to the front or rear part of the farm vehicle by means of suitable fastening systems possibly already prearranged on the same vehicle. In this manner, the farm vehicle can pass between two adjacent rows of plants, with the frame 1 astride the row undergoing treatment. Using suitable fastening systems, the apparatus according to the invention can also be connected to farm vehicles having a track (vehicle width) defined by a bridge structure capable of straddling a row of plants, with the wheels of said vehicle running along the two portions of land that extends between two adjacent rows of a set of three rows in the direction of extension of the same. In this case, the apparatus can be simply hung to the bridge structure by limiting the swinging displacements of the apparatus caused by any unevennesses of the ground on which the farm vehicle travels. 
<!-- EPO <DP n="31"/>-->
 Thanks to the apparatus and to the process according to the invention, the vegetation involved in the displacement of the movable wires does not suffer any damage, and thus its natural growth is guaranteed. Advantageously, the apparatus according to the invention can operate in both the automatic mode, performing all the operations necessary to displace the movable wires whenever the equipment is in the vicinity of a pole in the row of plants, and in the semi-automatic mode, in which the operator starts manually the cycle for displacing the movable wires after having brought the apparatus in the vicinity of a pole in the row. The apparatus can advantageously be constructed in such a manner as to partly fold upon itself so as to take up the least space possible when not in use and to facilitate the movement of the farm vehicle when driven on the road. </p><p id="p0100" num="0100"> The process of operation of an apparatus for the mechanized displacement of the movable wires on a row of plants can be easily adapted to rows of plants having different modes of arrangement and number of movable wires, wherein the same process can be equally effective. For this purpose, the sequence of synchronized movements accomplished by the gripping elements 15, 115, 315 along an axis parallel to the ground and an axis perpendicular to the ground, can be paced, as may be required, in different modes in relation to the displacement of the frame 1 along the row of plants. It was also found that the apparatus according to the invention can not only perform operations for lifting the movable wires but also for lowering the same wires without damaging the vegetation. </p><p id="p0101" num="0101"> The embodiments of an apparatus for the mechanized displacement of the movable wires on a row of plants, in particular grapevines, according to the present invention are not limited to those shown in the accompanying drawings but may consist of various variant embodiments, all of them comprised in the scope of the enclosed claims. Also, the materials and dimensions of the individual components of the invention can be the most suitable for the specific requirements. 
</p></description><claims mxw-id="PCLM44998388" ref-ucid="WO-2012119871-A1" lang="EN" load-source="patent-office"><claim-statement><!-- EPO <DP n="32"/>--> CLAIMS </claim-statement><claim id="clm-0001" num="1"><claim-text> Apparatus for mechanized displacement of movable wires (F) arranged on opposite sides of a row of plants, in particular grape vines, comprising a frame (1 , 301 ) suitable to be removably mounted on a farm vehicle, said frame (1 , 301 ) being provided with means (14, 114, 314) for moving said movable wires (F), characterized in that said moving means (14, 114, 314) comprise a pair of opposed gripping elements (15, 115, 315), each of which is suitable to slidingly receive one of said movable wires (F), said gripping elements (15, 115, 315) being movable in a sequential and synchronized manner along at least two orthogonal axes to cause a displacement of said movable wires (F) from a first height to a second height. </claim-text></claim><claim id="clm-0002" num="2"><claim-text> Apparatus according to claim 1 , wherein said frame (1 , 301 ) comprises a pair of uprights (2, 3; 302, 303) joined by a cross element (4, 387) to form a space (5, 405) that can be made to slide without substantial interference along the direction of extension of the row of plants, each of said gripping elements (15, 115, 315) being slidingly associated to one of the uprights (2, 3; 302, 303) and provided with means (17, 160; 401 , 402) for adjusting the position of the gripping element (15, 115, 315) relative to the upright (2, </claim-text></claim><claim id="clm-0003" num="3"><claim-text>3; 302, 303). </claim-text><claim-text> Apparatus according to claim 1 or 2, wherein said moving means (14, 114,</claim-text></claim><claim id="clm-0004" num="4"><claim-text>314) comprise actuating means (21 , 121 , 321 ) suitable to displace the gripping elements (15, 115, 315) between a first position in which the gripping elements (15, 115, 315) are spaced apart from each other and a second position in which the gripping elements (15, 115, 315) are brought against each other. </claim-text><claim-text> Apparatus according to one of the previous claims, comprising first sensing means (36A, 36B; 136; 336) for detecting the presence of a pole of said row of plants, and second sensing means (41 A, 41 B; 341 A, 341 B) for detecting the displacement of the gripping elements (15, 115, 315) along one of said displacement axes of said gripping elements (15, 115, <!-- EPO <DP n="33"/>--> </claim-text></claim><claim id="clm-0005" num="5"><claim-text>5. Apparatus according to claim 4, wherein said first sensing means (36A, 36B) are arranged on opposite sides relative to said frame (1 ). </claim-text></claim><claim id="clm-0006" num="6"><claim-text> 6. Apparatus according to claims 2 and 4, wherein the first sensing means (36A, 36B) and the gripping elements (115) are arranged in respectively opposite parts relative to said uprights (2, 3). </claim-text></claim><claim id="clm-0007" num="7"><claim-text> 7. Apparatus according to claims 2 and 4, wherein the first sensing means (136, 336) and the gripping elements (15, 315) are arranged on the same side relative to said uprights (2, 3; 302, 303). </claim-text></claim><claim id="clm-0008" num="8"><claim-text> 8. Apparatus according to any one of claims 1 to 4 or according to claim 7, wherein said gripping elements (115, 315) are movable in a direction parallel to the direction of extension of said movable wires (F). </claim-text></claim><claim id="clm-0009" num="9"><claim-text> 9. Apparatus according to any one of the claims 5 to 8, wherein said second sensing means (41 A, 41 B; 341 A, 341 B) are mounted on support means (43, 302) so that their position is adjustable relative to the tilled field in which the row of plants is located. </claim-text></claim><claim id="clm-0010" num="10"><claim-text> 10. Apparatus according to any one of the previous claims, comprising a fluid dynamics circuit (25A, 25B; 27A, 27B; 165A, 165B, 181 A, 181 B, 184A, 184B; 365A, 365B, 381 A, 381 B, 384A, 384B) for displacing the gripping elements (15, 115, 315) along at least one of said axes. </claim-text></claim><claim id="clm-0011" num="11"><claim-text> 11. Apparatus according to claim 10, wherein said fluid dynamics circuit comprises portions (365A, 365B) for controlling actuating means (321 ) suitable to displace the gripping elements (315) between a first position wherein said elements (315) are spaced apart from each other and a second position wherein they are reciprocally brought against each other, said portions (365A, 365B) being in fluid communication to allow the transfer of fluid from a first one of said actuating means (321 ) to a second one of a said actuating means. </claim-text></claim><claim id="clm-0012" num="12"><claim-text> 12. Process of operation of an apparatus according to any one of claims 1 to 11 for the mechanized displacement of movable wires (F) from a first to a second height, said wires (F) being arranged on opposite sides of a row of plants, in particular grape vines, characterized in that it comprises the following steps of: <!-- EPO <DP n="34"/>--> a) arranging a frame (1 , 301 ) astride the row of plants so as to position means (14, 114, 314) for moving the movable wires (F) on opposite sides of said row; </claim-text><claim-text> b) connecting the movable wires (F) to a pair of gripping elements (15, 115, 315) provided on said moving means (14, 114, 314) and arranging said frame (1 , 301 ) in proximity of an intermediate pole of said row; </claim-text><claim-text> c) moving the gripping elements (15, 115, 315) to a prepositioning height through a sequential and synchronized displacement along at least one axis substantially orthogonal to the tilled ground in which said row is located; </claim-text><claim-text> d) arranging the movable wires (F) at the second height through a sequential and synchronized displacement of said gripping elements (15, 115, 315) along two axes, one substantially parallel to the tilled ground and the other perpendicular to said ground. </claim-text></claim><claim id="clm-0013" num="13"><claim-text> 13. Process according to claim 12, wherein steps c) and d) are carried out while the frame (1 , 301 ) is being moved along the direction of extension of the row of plants. </claim-text></claim><claim id="clm-0014" num="14"><claim-text> 14. Process according to claim 13, wherein steps c) and d) are controlled by sensing means (36A, 36B; 41 A, 41 B; 136; 336, 341 A, 341 B). </claim-text></claim><claim id="clm-0015" num="15"><claim-text> 15. Process according to any one of claims 12 to 14, wherein steps c) and d) comprise displacing said gripping elements (115, 315) along a direction parallel to the direction of extension of said movable wires (F). </claim-text></claim><claim id="clm-0016" num="16"><claim-text> 16. Farm vehicle comprising an apparatus according to any one of claims 1 to 11 operating in accordance with any one of claims 11 to 15. </claim-text></claim></claims><copyright>User acknowledges that Fairview Research LLC and its third party providers retain all right, title and interest in and to this xml under applicable copyright laws.  User acquires no ownership rights to this xml including but not limited to its format.  User hereby accepts the terms and conditions of the Licence Agreement</copyright></patent-document>
