<?xml version="1.0" encoding="UTF-8"?>
<patent-document ucid="EP-2680946-A1" country="EP" doc-number="2680946" kind="A1" date="20140108" family-id="45809361" file-reference-id="318301" date-produced="20180825" status="corrected" lang="EN"><bibliographic-data><publication-reference fvid="146587342" ucid="EP-2680946-A1"><document-id><country>EP</country><doc-number>2680946</doc-number><kind>A1</kind><date>20140108</date><lang>EN</lang></document-id></publication-reference><application-reference ucid="EP-12707652-A" is-representative="NO"><document-id mxw-id="PAPP154849534" load-source="docdb" format="epo"><country>EP</country><doc-number>12707652</doc-number><kind>A</kind><date>20120227</date><lang>EN</lang></document-id><document-id mxw-id="PAPP168045870" load-source="docdb" format="original"><country>EP</country><doc-number>12707652.9</doc-number><date>20120227</date></document-id></application-reference><priority-claims><priority-claim mxw-id="PPC140548533" ucid="EP-11156858-A" load-source="docdb"><document-id format="epo"><country>EP</country><doc-number>11156858</doc-number><kind>A</kind><date>20110303</date></document-id></priority-claim><priority-claim mxw-id="PPC140548828" ucid="EP-12707652-A" load-source="docdb"><document-id format="epo"><country>EP</country><doc-number>12707652</doc-number><kind>A</kind><date>20120227</date></document-id></priority-claim><priority-claim mxw-id="PPC140550997" ucid="IB-2012050879-W" linkage-type="W" load-source="docdb"><document-id format="epo"><country>IB</country><doc-number>2012050879</doc-number><kind>W</kind><date>20120227</date></document-id></priority-claim></priority-claims><technical-data><classifications-ipcr><classification-ipcr mxw-id="PCL1989316352" load-source="docdb">B01D  53/22        20060101ALI20120919BHEP        </classification-ipcr><classification-ipcr mxw-id="PCL1989317401" load-source="docdb">C01B  13/02        20060101ALI20120919BHEP        </classification-ipcr><classification-ipcr mxw-id="PCL1989319315" load-source="docdb">B01D  53/047       20060101AFI20120919BHEP        </classification-ipcr><classification-ipcr mxw-id="PCL1989322821" load-source="docdb">B01D  63/00        20060101ALI20120919BHEP        </classification-ipcr></classifications-ipcr><classifications-cpc><classification-cpc mxw-id="PCL-1934606301" load-source="docdb" scheme="CPC">Y02P  20/126       20151101 LA20160530BHEP        </classification-cpc><classification-cpc mxw-id="PCL-2073183303" load-source="docdb" scheme="CPC">B01D  71/024       20130101 LI20150411BHEP        </classification-cpc><classification-cpc mxw-id="PCL-2073184501" load-source="docdb" scheme="CPC">B01D2325/027       20130101 LA20150411BHEP        </classification-cpc><classification-cpc mxw-id="PCL-2073184812" load-source="docdb" scheme="CPC">C01B  13/0255      20130101 LI20150411BHEP        </classification-cpc><classification-cpc mxw-id="PCL-2073184961" load-source="docdb" scheme="CPC">B01D2256/12        20130101 LA20150411BHEP        </classification-cpc><classification-cpc mxw-id="PCL-2073186598" load-source="docdb" scheme="CPC">C01B  13/0259      20130101 LI20150411BHEP        </classification-cpc><classification-cpc mxw-id="PCL-2073187074" load-source="docdb" scheme="CPC">C01B  13/027       20130101 LI20150411BHEP        </classification-cpc><classification-cpc mxw-id="PCL-2073187075" load-source="docdb" scheme="CPC">B01D2259/402       20130101 LA20150411BHEP        </classification-cpc><classification-cpc mxw-id="PCL-2073188004" load-source="docdb" scheme="CPC">B01D  53/229       20130101 LA20150411BHEP        </classification-cpc><classification-cpc mxw-id="PCL-2073188131" load-source="docdb" scheme="CPC">B01D  53/047       20130101 LA20150411BHEP        </classification-cpc><classification-cpc mxw-id="PCL-2073188203" load-source="docdb" scheme="CPC">B01D  53/22        20130101 LI20150411BHEP        </classification-cpc><classification-cpc mxw-id="PCL1989647468" load-source="docdb" scheme="CPC">C01B  13/0251      20130101 FI20131220BHEP        </classification-cpc></classifications-cpc><invention-title mxw-id="PT132366659" lang="DE" load-source="patent-office">VERFAHREN UND ANORDNUNG ZUR HERSTELLUNG VON SAUERSTOFF</invention-title><invention-title mxw-id="PT132366660" lang="EN" load-source="patent-office">METHOD AND ARRANGEMENT FOR GENERATING OXYGEN</invention-title><invention-title mxw-id="PT132366661" lang="FR" load-source="patent-office">PROCÉDÉ ET DISPOSITIF POUR GÉNÉRER DE L'OXYGÈNE</invention-title><citations><non-patent-citations><nplcit><text>See references of WO 2012117325A1</text><sources><source mxw-id="PNPL67456370" load-source="docdb" name="SEA"/></sources></nplcit></non-patent-citations></citations></technical-data><parties><applicants><applicant mxw-id="PPAR919520081" load-source="docdb" sequence="1" format="epo"><addressbook><last-name>KONINKL PHILIPS NV</last-name><address><country>NL</country></address></addressbook></applicant><applicant mxw-id="PPAR919543597" load-source="docdb" sequence="1" format="intermediate"><addressbook><last-name>KONINKLIJKE PHILIPS N.V.</last-name></addressbook></applicant><applicant mxw-id="PPAR919014263" load-source="patent-office" sequence="1" format="original"><addressbook><last-name>Koninklijke Philips N.V.</last-name><iid>101391185</iid><address><street>High Tech Campus 5</street><city>5656 AE Eindhoven</city><country>NL</country></address></addressbook></applicant><applicant mxw-id="PPAR919508419" load-source="docdb" sequence="2" format="epo"><addressbook><last-name>PHILIPS INTELLECTUAL PROPERTY</last-name><address><country>DE</country></address></addressbook></applicant><applicant mxw-id="PPAR919545054" load-source="docdb" sequence="2" format="intermediate"><addressbook><last-name>PHILIPS INTELLECTUAL PROPERTY &amp; STANDARDS GMBH</last-name></addressbook></applicant><applicant mxw-id="PPAR919016997" load-source="patent-office" sequence="2" format="original"><addressbook><last-name>Philips Intellectual Property &amp; Standards GmbH</last-name><iid>100798256</iid><address><street>Lübeckertordamm 5</street><city>20099 Hamburg</city><country>DE</country></address></addressbook></applicant></applicants><inventors><inventor mxw-id="PPAR919536196" load-source="docdb" sequence="1" format="epo"><addressbook><last-name>HILBIG RAINER</last-name><address><country>NL</country></address></addressbook></inventor><inventor mxw-id="PPAR919504206" load-source="docdb" sequence="1" format="intermediate"><addressbook><last-name>HILBIG, RAINER</last-name></addressbook></inventor><inventor mxw-id="PPAR919009535" load-source="patent-office" sequence="1" format="original"><addressbook><last-name>HILBIG, RAINER</last-name><address><street>c/o High Tech Campus Building 44</street><city>NL-5656 AE Eindhoven</city><country>NL</country></address></addressbook></inventor><inventor mxw-id="PPAR919514390" load-source="docdb" sequence="2" format="epo"><addressbook><last-name>KOERBER ACHIM GERHARD ROLF</last-name><address><country>NL</country></address></addressbook></inventor><inventor mxw-id="PPAR919522448" load-source="docdb" sequence="2" format="intermediate"><addressbook><last-name>KOERBER, ACHIM GERHARD ROLF</last-name></addressbook></inventor><inventor mxw-id="PPAR919007427" load-source="patent-office" sequence="2" format="original"><addressbook><last-name>KOERBER, ACHIM GERHARD ROLF</last-name><address><street>c/o High Tech Campus Building 44</street><city>NL-5656 AE Eindhoven</city><country>NL</country></address></addressbook></inventor><inventor mxw-id="PPAR919531413" load-source="docdb" sequence="3" format="epo"><addressbook><last-name>KLEE MAREIKE</last-name><address><country>NL</country></address></addressbook></inventor><inventor mxw-id="PPAR919516641" load-source="docdb" sequence="3" format="intermediate"><addressbook><last-name>KLEE, MAREIKE</last-name></addressbook></inventor><inventor mxw-id="PPAR919008261" load-source="patent-office" sequence="3" format="original"><addressbook><last-name>KLEE, MAREIKE</last-name><address><street>c/o High Tech Campus Building 44</street><city>NL-5656 AE Eindhoven</city><country>NL</country></address></addressbook></inventor><inventor mxw-id="PPAR919540377" load-source="docdb" sequence="4" format="epo"><addressbook><last-name>KEUR WILCO CORNELIS</last-name><address><country>NL</country></address></addressbook></inventor><inventor mxw-id="PPAR919527322" load-source="docdb" sequence="4" format="intermediate"><addressbook><last-name>KEUR, Wilco Cornelis</last-name></addressbook></inventor><inventor mxw-id="PPAR919011985" load-source="patent-office" sequence="4" format="original"><addressbook><last-name>KEUR, Wilco Cornelis</last-name><address><street>c/o High Tech Campus Bbuilding 44</street><city>NL-5656AE Eindhoven</city><country>NL</country></address></addressbook></inventor></inventors><agents><agent mxw-id="PPAR919009565" load-source="patent-office" sequence="1" format="original"><addressbook><last-name>Steffen, Thomas</last-name><iid>100958149</iid><address><street>Philips Intellectual Property &amp; Standards P.O. Box 220</street><city>5600 AE Eindhoven</city><country>NL</country></address></addressbook></agent></agents></parties><international-convention-data><pct-or-regional-filing-data ucid="IB-2012050879-W"><document-id><country>IB</country><doc-number>2012050879</doc-number><kind>W</kind><date>20120227</date><lang>EN</lang></document-id></pct-or-regional-filing-data><pct-or-regional-publishing-data ucid="WO-2012117325-A1"><document-id><country>WO</country><doc-number>2012117325</doc-number><kind>A1</kind><date>20120907</date><lang>EN</lang></document-id></pct-or-regional-publishing-data><designated-states><ep-contracting-states><country mxw-id="DS549772201" load-source="docdb">AL</country><country mxw-id="DS549786132" load-source="docdb">AT</country><country mxw-id="DS549772202" load-source="docdb">BE</country><country mxw-id="DS549856491" load-source="docdb">BG</country><country mxw-id="DS549871364" load-source="docdb">CH</country><country mxw-id="DS549771909" load-source="docdb">CY</country><country mxw-id="DS549771910" load-source="docdb">CZ</country><country mxw-id="DS549855957" load-source="docdb">DE</country><country mxw-id="DS549772203" load-source="docdb">DK</country><country mxw-id="DS549772204" load-source="docdb">EE</country><country mxw-id="DS549854642" load-source="docdb">ES</country><country mxw-id="DS549856492" load-source="docdb">FI</country><country mxw-id="DS549856493" load-source="docdb">FR</country><country mxw-id="DS549855962" load-source="docdb">GB</country><country mxw-id="DS549772209" load-source="docdb">GR</country><country mxw-id="DS549855963" load-source="docdb">HR</country><country mxw-id="DS549771911" load-source="docdb">HU</country><country mxw-id="DS549871365" load-source="docdb">IE</country><country mxw-id="DS549772210" load-source="docdb">IS</country><country mxw-id="DS549856498" load-source="docdb">IT</country><country mxw-id="DS549772211" load-source="docdb">LI</country><country mxw-id="DS549855964" load-source="docdb">LT</country><country mxw-id="DS549786145" load-source="docdb">LU</country><country mxw-id="DS549855965" load-source="docdb">LV</country><country mxw-id="DS549855970" load-source="docdb">MC</country><country mxw-id="DS549786146" load-source="docdb">MK</country><country mxw-id="DS549786147" load-source="docdb">MT</country><country mxw-id="DS549854643" load-source="docdb">NL</country><country mxw-id="DS549919183" load-source="docdb">NO</country><country mxw-id="DS549854644" load-source="docdb">PL</country><country mxw-id="DS549786148" load-source="docdb">PT</country><country mxw-id="DS549854645" load-source="docdb">RO</country><country mxw-id="DS549786153" load-source="docdb">RS</country><country mxw-id="DS549854650" load-source="docdb">SE</country><country mxw-id="DS549771912" load-source="docdb">SI</country><country mxw-id="DS549919184" load-source="docdb">SK</country><country mxw-id="DS549919185" load-source="docdb">SM</country><country mxw-id="DS549856499" load-source="docdb">TR</country></ep-contracting-states></designated-states></international-convention-data><office-specific-data><eptags><ep-no-a-document-published>*</ep-no-a-document-published></eptags></office-specific-data></bibliographic-data><abstract mxw-id="PA99835348" ref-ucid="WO-2012117325-A1" lang="EN" load-source="patent-office"><p num="0000">The invention relates to a method of generating oxygen. The method comprises the steps of: intermittently guiding a stream of oxygen comprising gas through at least one adsorption chamber (12) being equipped with an oxygen separation adsorbent (16), thereby defining an adsorption mode and a desorption mode of the at least one adsorption chamber (12), and thereby enriching the oxygen comprising gas with respect to oxygen, guiding the enriched oxygen comprising gas to a primary side of a dense membrane (52), heating the dense membrane(52) to a temperature at which it is permeable for oxygen, generating an oxygen flow through the dense membrane (52) to its secondary side, thereby separating the oxygen from the enriched oxygen comprising gas and forming a stream of oxygen. According to the invention, the invention further comprises the step of guiding at least a part of the generated oxygen through the at least one adsorption chamber (12) being in desorption mode. The method according to the invention allows generating oxygen in a high purity, thereby being energy saving, cost saving and being performable in a compact device.</p></abstract><abstract mxw-id="PA100331182" ref-ucid="WO-2012117325-A1" lang="EN" source="national office" load-source="docdb"><p>The invention relates to a method of generating oxygen. The method comprises the steps of: intermittently guiding a stream of oxygen comprising gas through at least one adsorption chamber (12) being equipped with an oxygen separation adsorbent (16), thereby defining an adsorption mode and a desorption mode of the at least one adsorption chamber (12), and thereby enriching the oxygen comprising gas with respect to oxygen, guiding the enriched oxygen comprising gas to a primary side of a dense membrane (52), heating the dense membrane(52) to a temperature at which it is permeable for oxygen, generating an oxygen flow through the dense membrane (52) to its secondary side, thereby separating the oxygen from the enriched oxygen comprising gas and forming a stream of oxygen. According to the invention, the invention further comprises the step of guiding at least a part of the generated oxygen through the at least one adsorption chamber (12) being in desorption mode. The method according to the invention allows generating oxygen in a high purity, thereby being energy saving, cost saving and being performable in a compact device.</p></abstract><abstract mxw-id="PA99835349" ref-ucid="WO-2012117325-A1" lang="FR" load-source="patent-office"><p num="0000">L'invention concerne un procédé de génération d'oxygène. Le procédé comprend les étapes consistant à : guider de façon intermittente un courant de gaz comprenant de l'oxygène à travers au moins une chambre d'adsorption (12) qui est équipée d'un adsorbant de séparation d'oxygène (16), définissant de cette façon un mode d'adsorption et un mode de désorption de la au moins une chambre d'adsorption (12), et enrichissant de cette façon le gaz comprenant de l'oxygène en ce qui concerne l'oxygène, guider le gaz enrichi comprenant de l'oxygène vers un côté primaire d'une membrane dense (52), chauffer la membrane dense (52) à une température à laquelle elle est perméable à l'oxygène, générer un courant d'oxygène à travers la membrane dense (52) vers son côté secondaire, séparant de cette façon l'oxygène du gaz enrichi comprenant de l'oxygène et formant un courant d'oxygène. Selon l'invention, l'invention comprend en outre l'étape de guidage d'au moins une partie de l'oxygène généré à travers la au moins une chambre d'adsorption (12) qui est en mode de désorption. Le procédé selon l'invention permet de générer de l'oxygène dans une pureté élevée, étant de cette façon économe en énergie, économe en coûts et étant apte à être effectué dans un dispositif compact.</p></abstract><abstract mxw-id="PA100331183" ref-ucid="WO-2012117325-A1" lang="FR" source="national office" load-source="docdb"><p>L'invention concerne un procédé de génération d'oxygène. Le procédé comprend les étapes consistant à : guider de façon intermittente un courant de gaz comprenant de l'oxygène à travers au moins une chambre d'adsorption (12) qui est équipée d'un adsorbant de séparation d'oxygène (16), définissant de cette façon un mode d'adsorption et un mode de désorption de la au moins une chambre d'adsorption (12), et enrichissant de cette façon le gaz comprenant de l'oxygène en ce qui concerne l'oxygène, guider le gaz enrichi comprenant de l'oxygène vers un côté primaire d'une membrane dense (52), chauffer la membrane dense (52) à une température à laquelle elle est perméable à l'oxygène, générer un courant d'oxygène à travers la membrane dense (52) vers son côté secondaire, séparant de cette façon l'oxygène du gaz enrichi comprenant de l'oxygène et formant un courant d'oxygène. Selon l'invention, l'invention comprend en outre l'étape de guidage d'au moins une partie de l'oxygène généré à travers la au moins une chambre d'adsorption (12) qui est en mode de désorption. Le procédé selon l'invention permet de générer de l'oxygène dans une pureté élevée, étant de cette façon économe en énergie, économe en coûts et étant apte à être effectué dans un dispositif compact.</p></abstract><description mxw-id="PDES51232969" ref-ucid="WO-2012117325-A1" lang="EN" load-source="patent-office"><!-- EPO <DP n="2"/>--><p id="p0001" num="0001"> Method and arrangement for generating oxygen </p><p id="p0002" num="0002">FIELD OF THE INVENTION </p><p id="p0003" num="0003"> The invention relates to the field of oxygen generation. The invention particularly relates to the field of oxygen separation using pressure swing adsorption combined with a dense inorganic membrane. </p><p id="p0004" num="0004">BACKGROUND OF THE INVENTION </p><p id="p0005" num="0005"> Oxygen therapy is the administration of oxygen as a therapeutic modality. It is widely used for a variety of purposes in both chronic and acute patient care as it is essential for cell metabolism, and in turn, tissue oxygenation is essential for all physiological functions. Oxygen therapy can be used to benefit the patient by increasing the supply of oxygen to the lungs and thereby increasing the availability of oxygen to the body tissues, especially when the patient is suffering from hypoxia and/or hypoxaemia. Oxygen therapy may be used both in applications in hospital or in home care. The main home care application of oxygen therapy is for patients having severe chronic obstructive pulmonary disease (COPD). </p><p id="p0006" num="0006"> Oxygen may be administered in a number of ways. A preferable way of oxygen administration is given by a so called on demand generation of oxygen, or an in situ generation, respectively. Referring to this, commercial solutions, so-called oxygen concentrators, or separators, respectively, are widely known. These oxygen concentrators mostly separate oxygen from an oxygen comprising gas, so that the oxygen is provided on demand, i.e. directly before use. Most known oxygen concentrators require a compressor to compress the oxygen containing gas. Furthermore, oxygen, preferably pure oxygen, has to be generated. Therefore, most known oxygen concentrators comprise a membrane, in particular an organic membrane, a molecular sieve, or the like, to separate oxygen from the oxygen comprising gas. Alternatively, using a pressure swing adsorption, or vacuum swing adsorption is known. </p><p id="p0007" num="0007"> One of the major drawbacks of the known oxygen concentrators is given by the costs which are generated with respect to producing and operating said devices. </p><p id="p0008" num="0008">Additionally, by using swing processes such as pressure swing adsorption, the generated 
<!-- EPO <DP n="3"/>-->
 oxygen typically has a concentration of more than 88% but mostly below 95%, in particular of more than 90% but below 93%. These concentrations, however, might be too low for a plurality of applications. </p><p id="p0009" num="0009"> Known from EP 2 196 235 Al is a ceramic oxygen generating system for generating and delivering oxygen to a user. This system comprises an electrochemical oxygen generating means for producing a controlled amount and pressure of a desired product gas and an electronically controlled unit controlling the operation of the </p><p id="p0010" num="0010">electrochemical oxygen generating system. The product gas from the gas generating system is thereby communicated to a regulator means for controlling the product flow to a user of the product gas. In order to generate oxygen, the system may comprise a low pressure subsystem which uses ceramic oxygen generating elements for purifying impure oxygen supplied by other oxygen generating techniques, such as pressure swing adsorption. </p><p id="p0011" num="0011"> Using such a system for generating oxygen from an oxygen comprising gas, oxygen of a high purity may be provided. However, by using two oxygen separation devices, the maintenance costs by using the system may be rather high. </p><p id="p0012" num="0012">SUMMARY OF THE INVENTION </p><p id="p0013" num="0013"> It is an object of the present invention to provide a method and an arrangement for generating oxygen which overcomes at least one of the limitations as set forth above. </p><p id="p0014" num="0014"> It is a further object of the invention to provide a method and an arrangement for generating oxygen which may provide oxygen with high purity and low maintenance costs. </p><p id="p0015" num="0015"> These objects are achieved by a method of generating oxygen, said method comprising the steps of: intermittently guiding a stream of oxygen comprising gas through at least one adsorption chamber being equipped with an oxygen separation adsorbent, thereby defining an adsorption mode and a desorption mode of the at least one adsorption chamber, and thereby enriching the oxygen comprising gas with respect to oxygen, guiding the enriched oxygen comprising gas to a primary side of a dense membrane, heating the dense membrane to a temperature at which it is permeable for oxygen, generating an oxygen flow through the dense membrane to its secondary side, thereby separating the oxygen from the enriched oxygen comprising gas and forming a stream of oxygen, wherein said method further comprises the step of guiding at least a part of the generated oxygen through the at least one adsorption chamber being in desorption mode. 
<!-- EPO <DP n="4"/>-->
 According to the invention, oxygen is generated by using a method essentially comprising two main steps. The first step comprises an enrichment with respect to oxygen of the oxygen comprising gas resulting in a stream of enriched oxygen comprising gas. This step is carried out by adsorbing the remaining components, or at least a part of the remaining components, of the oxygen comprising gas by an oxygen separation adsorbent. An oxygen separation adsorbent according to the invention is thus an adsorbent letting oxygen pass but interacting with other components, or at least with one other component of the oxygen comprising gas. For example, if the oxygen comprising gas is air, the adsorbent preferably adsorbs nitrogen. The oxygen separation adsorbent is thereby arranged in an adsorbent chamber. This first step provides a flow of gas being enriched with respect to oxygen and thus being pre-purified. </p><p id="p0016" num="0016"> In the second step, the enriched oxygen comprising gas is guided to a membrane unit having a dense membrane, in detail to the primary side of the membrane. This enables to generate a stream of the enriched oxygen comprising gas through the dense membrane, or of the oxygen of the latter, thereby separating the oxygen from the remaining components of enriched the oxygen comprising gas. Especially by using a dense ceramic membrane, the enriched oxygen comprising gas is further purified and thus a flow of pure or essentially pure oxygen is generated as permeate, at the secondary side of the dense membrane. Accordingly, a gas being depleted with respect to oxygen is generated as retentate flow at the primary side of the dense membrane. Referring to this, the primary side of the dense membrane is the side being directed towards the adsorption chamber, i.e. to the side from where the enriched oxygen comprising gas is guided to the membrane. Consequently, the secondary side of the dense membrane is the side being opposite to the primary side, i.e. at the secondary side, pure oxygen is provided. </p><p id="p0017" num="0017"> Furthermore, due to the fact that the oxygen comprising gas is guided through the adsorption chamber intermittently, an adsorption mode and a desorption mode of the at least one adsorption chamber is defined. In detail, in case the oxygen comprising gas is guided through the adsorption chamber, the latter is in adsorption mode, thus adsorbing at least a part of remaining constituents of the oxygen comprising gas. After a certain interval of adsorption, i.e. in which interval the adsorbent chamber is in adsorption mode, the adsorbent has to be regenerated. This means that the adsorbed components have to be desorbed again, for example by flushing the adsorbent with oxygen. During this period of time, the adsorption chamber is in desorption mode, which means that the adsorbed species, for example nitrogen, are at least partially released and flushed out of the chamber by suited measures. 
<!-- EPO <DP n="5"/>-->
 According to the invention, the adsorbent is regenerated in its desorption mode by using at least a part of the permeate stream of the membrane unit, i.e. the generated pure oxygen. Therefore, at least a part of the generated oxygen is guided through the at least one adsorption chamber when the latter is in desorption mode. </p><p id="p0018" num="0018"> These measures according to the invention lead to several benefits. For example, by combining an enrichment of an oxygen comprising gas with respect to oxygen together with the usage of a dense membrane, oxygen may be generated in a very high purity. However due to the fact that the oxygen is pre purified by the oxygen separation adsorbent leading to a high oxygen concentration before reaching the dense membrane, the separation performance of the dense membrane may be improved compared to a single membrane system. In detail, the heating power required for heating the dense membrane in order to make it permeable for oxygen may be considerably reduced. This is especially preferred for homecare devices with respect to therapeutic applications due to the fact that bulky and heavy batteries may be saved. Additionally, the costs of performing the method according to the invention may be reduced increasing the economy of a method according to the present invention. </p><p id="p0019" num="0019"> For example, by using a standard adsorption system as used in nowadays oxygen concentrators for medical applications, approximately 300W input power may be used to come up with an oxygen flux of 51/min. A main reason for the power consumption is the power consumption of the compressor generating an appropriate gas stream. In a combined adsorption and separating method according to the invention an input power of approximately 130W may be sufficient for the adsorption chamber. Together with the power input for heating the dense membrane, an overall power input of approximately 240W may be sufficient. </p><p id="p0020" num="0020"> Additionally, due to the fact that at least a part of the generated oxygen is guided through the at least one adsorption chamber being in desorption mode, oxygen is not guided solely to its desired application, but at least a part of the oxygen stream may be branched off in order to regenerate the adsorbent. This allows optimizing the desorption step. In detail, the desorption step is strongly dependent from the purity of the purging gas. </p><p id="p0021" num="0021">According to the invention, this requirement is solved by the synergistic effect of combining both purifying steps. At the secondary side of the dense membrane, a stream of oxygen is generated having a very high purity, i.e. up to 100%. Therefore, the so generated gas is very well suited for being used as purging gas in order to purge the adsorption chamber to desorb the components being adsorbed to the oxygen separation adsorbent. Thus, according to the 
<!-- EPO <DP n="6"/>-->
 invention a very effective desorption may be realized, thereby allowing very short desorption times. This further improves the efficiency of the method according to the invention. </p><p id="p0022" num="0022">Additionally, due to the fact that the generated gas is used for purging purposes, no further gas source has to be provided. Consequently, the method according to the invention may be performed in a very compact device which is particularly suitable for home care applications allowing a high degree of convenience, or for further applications in which only a limited space is available. </p><p id="p0023" num="0023"> Besides, due to the fact that the purging gas is generated at the hot dense membrane, the purging gas as such exhibits elevated temperatures when streaming into the adsorption chamber. This additionally improves the desorption step due to the fact that a desorption is thermodynamically improved by using a hot purging gas. This effect further reduces the time required for a desorption and furthermore improves the efficiency of the desorption. </p><p id="p0024" num="0024"> According to a preferred embodiment of the present invention the stream of oxygen comprises oxygen in a concentration in a range of &gt; 95%. Consequently, a membrane unit, or a membrane, respectively, is used allowing providing a stream of oxygen in a very high purity, i.e. up to 100%. This further improves the effects of purging the adsorbent chambers with the oxygen stream coming from the membrane chamber. </p><p id="p0025" num="0025"> According to a further preferred embodiment of the present invention the stream of oxygen comprising gas is guided alternately through at least two adsorption chambers being connected in parallel. Again, the generated oxygen is at least partly guided through the respective adsorption chamber when being in desorption mode. This allows generating a continuous, or at least particularly continuous flow of gas being enriched with oxygen at the outlet of the desorption chambers. In detail, a first desorption chamber may be in adsorption mode, i.e. the oxygen comprising gas is guided through this adsorption chamber thereby enriching the oxygen comprising gas with respect to oxygen, whereas the a second adsorption chamber is in desorption mode, i.e. the adsorbent of the latter is regenerated. Accordingly, there is always at least one adsorbent chamber being in adsorption mode, at which time at least one further adsorption chamber is in desorption mode resulting in a continuous stream of enriched oxygen comprising gas. It is clear for one skilled in the art that this embodiment may be performed either with two or more that two adsorption chambers. It may then be adjusted according to the used adsorbent and according to the desired </p><p id="p0026" num="0026">application how many adsorption chambers may be in adsorption mode, or desorption mode, respectively. 
<!-- EPO <DP n="7"/>-->
 According to a further preferred embodiment of the present invention the oxygen is guided through the at least one adsorption chamber being in desorption mode in a direction being reversed with respect to the direction of the stream of oxygen comprising gas. This allows purging the respective adsorption chamber from its outlet side. According to this, the desorption process starts at the downstream end of the adsorption chamber. Therefore, the hot purging gas firstly comes in contact with the downstream end of the adsorption chamber and cools down during flowing through the adsorption chamber. Consequently, the gas is cooler at the upstream end of the adsorption chamber with respect to the flow direction of the oxygen comprising gas resulting in a temperature gradient of the adsorbent from its downstream end to its upstream end at the end of the desorption process. The following adsorption step may thus start using at an adsorbent having only slightly elevated </p><p id="p0027" num="0027">temperatures thus not considerably decreasing the adsorption capability of the adsorbent. Additionally, during the adsorption process, an adsorption front is propagating through the adsorption chamber during which the adsorbent is cooled by means of the oxygen comprising gas. Therefore, when the adsorption front reaches a certain region, the latter does not exhibit elevated temperatures anymore. Consequently, the desorption step may be improved by use of the hot purging gas, whereas the adsorption step is not considerably deteriorated. </p><p id="p0028" num="0028"> According to a further preferred embodiment of the present invention the oxygen comprising gas is guided to the at least one adsorption chamber by use of an overpressure. This method is thus a so called pressure swing adsorption (PSA) process. </p><p id="p0029" num="0029"> Pressure swing adsorption processes may enrich the oxygen comprising gas with respect to oxygen in an adaptable concentration. Additionally, pressure swing adsorption is an economic method especially for small scale generation of oxygen having a reasonable purity being suitable for pre-purifying the oxygen comprising gas before the latter reaches the membrane unit. </p><p id="p0030" num="0030"> With this regard, it is especially preferred that an overpressure of &gt; 0.2bar to &lt; 2 bar is used. By using an overpressure in the above identified range, the pressure is sufficient for guiding the oxygen comprising gas through the adsorbent chamber, or the adsorbent chambers, respectively, and furthermore for creating a stream of oxygen enriched gas which may permeate through the dense membrane, or only the oxygen of the latter, respectively. Accordingly, only one pressurizing device may be sufficient for enabling a stream of oxygen comprising gas resulting in a sufficient stream of pure oxygen. </p><p id="p0031" num="0031"> In a further preferred embodiment of the present invention, the oxygen comprising gas is enriched with respect to oxygen in the adsorption chamber to an oxygen 
<!-- EPO <DP n="8"/>-->
 concentration in the range of &lt; 88%. Consequently, the purification of the first step is not required to be in such a high degree being typical for swing adsorption steps, but the purification performance, or enrichment performance, respectively may be downscaled. This allows further reducing the power consumption of the adsorption step such as a lower compressor power. Apart from that, the ratio of the adsorption step with respect to the desorption step may be improved such that adsorption may be performed during a longer time scale before a desorption has to be performed. Additionally, the adsorbent chamber may be downscaled with respect to its dimension by using smaller adsorbent surfaces or smaller adsorption beds. Furthermore, particularly according to this embodiment two adsorption chambers may be sufficient. Consequently, the device for performing the method according to the invention may be very compact. The above defined advantages with respect to lower power consumption and smaller dimensions are especially preferred at home care devices for example in the field of therapeutic applications. The reduced purifying quantity is however not problematic due to the fact that the enriched oxygen comprising gas is purified further by means of the second step, i.e. by the dense membrane. </p><p id="p0032" num="0032"> The present invention further relates to an arrangement for generating oxygen, the arrangement comprising at least one adsorption chamber being equipped with an oxygen separation adsorbent and having an inlet for inserting oxygen comprising gas into the adsorption chamber and an outlet for guiding enriched oxygen comprising gas out of the adsorption chamber, wherein the arrangement further comprises a membrane unit comprising a dense membrane and having an inlet at a primary side of the membrane for inserting enriched oxygen comprising gas into the membrane unit, and an outlet at a secondary side of the membrane for guiding oxygen out of the membrane unit, wherein the outlet of the at least one adsorption chamber is in fluid communication with the inlet of the membrane unit, and wherein a conduit is provided connecting the outlet of the membrane unit with the outlet of the at least one adsorption chamber. </p><p id="p0033" num="0033"> The arrangement according to the invention is configured for performing the method according to the invention. Consequently, essentially the advantages being described with respect to the method according to the invention are achieved. In detail, the arrangement according to the invention allows generating oxygen in a very high purity, thereby being energy saving and thus cost saving. Consequently, the arrangement according to the invention allows enriching an oxygen comprising gas with respect to oxygen in a first step and to separate the oxygen from the enriched oxygen comprising gas in a second step, 
<!-- EPO <DP n="9"/>-->
 thereby using the permeate stream of the membrane unit to flush the adsorption chamber, like described above with respect to the method according to the invention. </p><p id="p0034" num="0034"> According to the invention, at least one adsorption chamber is provided. The adsorption chamber is equipped with an oxygen separation adsorbent. According to the invention, an oxygen separation adsorbent shall mean an adsorbent which is capable of at least partly separating oxygen from an oxygen comprising gas. Consequently, the oxygen separation adsorbent is capable of adsorbing substances which are present in the oxygen comprising gas and to let the oxygen pass in order to separate the oxygen from at least a part of the remaining components. In case air is used as oxygen comprising gas, for example, it is preferred that the oxygen separation adsorbent adsorbs nitrogen. </p><p id="p0035" num="0035"> Furthermore, the arrangement according to the invention comprises a dense membrane in order to separate oxygen form the enriched oxygen comprising gas. A dense membrane particularly is a membrane being selectively permeable with respect to oxygen, but being strictly or at least substantially non-permeable for other gases, especially for nitrogen. </p><p id="p0036" num="0036"> Due to the fact that a conduit is provided connecting the outlet of the membrane unit with the outlet of the at least one adsorption chamber, the adsorption chamber may be purged with pure and hot oxygen. A conduit may thereby comprise several single conduits being connected to each other. The conduit thereby particularly extends outside the membrane unit, i.e. the gas is not guided through the membrane in order to guide the oxygen, or at least a part of it, through an adsorption chamber when oxygen comprising gas is guided through the membrane. A conduit may thereby be any device or connection which is capable of transporting a gas stream. For example, the conduit may be a duct, a tube, a pipe, or the like. </p><p id="p0037" num="0037"> In a preferred embodiment of the present invention, the arrangement comprises at least two adsorption chambers being connected in parallel. Of course, there may be more than two adsorption chambers depending on the desired application and depending on the desired stream of oxygen, for example of the amount of oxygen stream required. By providing at least to adsorption chambers, a continuous stream of oxygen comprising gas being enriched with respect to oxygen may be generated at the outlet of the adsorption chambers. By connecting the at least two adsorption chambers in parallel, at least one adsorption chamber may be used in adsorption mode, whereas at least one adsorption chamber may be used in desorption mode. Consequently, a pressure swing adsorption may be performed in the arrangement according to this embodiment. It is clear to one skilled in the 
<!-- EPO <DP n="10"/>-->
 art that by providing more than one adsorption chamber, the outlet of the membrane unit is in fluid communication with the outlets of all adsorption chambers due to the fact that all adsorption chambers have to be purged for desorption purposes. </p><p id="p0038" num="0038"> In a further preferred embodiment of the present invention, the oxygen separation adsorbent comprises a zeolite material. These materials exhibit good adsorption properties with respect to nitrogen, for example, allowing getting suitable results of an enrichment of the oxygen comprising gas with respect to oxygen. Additionally, these materials do not interact with oxygen thus not releasing toxic substances in the stream of oxygen comprising gas. Consequently, the arrangement according to the invention may be used in therapeutic applications. </p><p id="p0039" num="0039"> In a further preferred embodiment of the present invention, the membrane is based on a material having a perovskite or fluorite crystal structure. It is especially preferred, that the membrane is based on a perovskite, the perovskite being chosen from the group comprising Sri_<sub>y</sub>Ba<sub>y</sub>Coi_<sub>x</sub>Fex03-<sub>z</sub>, which can be undoped or doped with donors or acceptors and Lai_<sub>y</sub>Sr<sub>y</sub>Fei_<sub>x</sub>Cr<sub>x</sub>03-z, which can be undoped or doped with niobium, magnesium, titanium or gallium, Sri_<sub>y</sub>_<sub>x</sub>Ba<sub>y</sub>La<sub>x</sub>Coi_b-<sub>c</sub>FebCr<sub>c</sub>03-<sub>z</sub>, which can be undoped or doped with e.g. donors or acceptors like niobium, magnesium, titanium or gallium, Bai_<sub>x</sub>Sr<sub>x</sub>Ti03_<sub>z</sub>, which can be undoped or doped with donors or acceptors such as manganese, iron, chromium or any other doping compounds and PbZri_<sub>x</sub>Ti<sub>x</sub>03_<sub>z</sub>, which can be undoped or doped with donors or acceptors such as iron, niobium, lanthanum, chromium, or any other doping compounds. These kind of ceramic compounds exhibit a good flux of gas and furthermore have an excellent selectivity with respect to oxygen. In detail, if the primary side of the membrane comprising this component may be subjected to an overpressure of air, for example, it will let oxygen pass only. Thereby, it is possible to generate oxygen in a purity of up to 100%. </p><p id="p0040" num="0040"> In a further preferred embodiment of the present invention a gas reservoir is provided between the outlet of the at least one adsorption chamber and the inlet of the membrane unit. This embodiment allows storing the enriched oxygen comprising gas before guiding it to the membrane unit. Consequently, it is possible to guide the oxygen enriched gas to the membrane unit with a pressure which is higher compared to the pressure the oxygen comprising gas is guided through the adsorption chamber. Therefore, a further pressurizing device may be provided between the adsorption chamber and the membrane unit. This embodiment further allows providing a continuous flow of pure oxygen in any case at the outlet of the membrane unit. For example, in case only one adsorption chamber is used, the desorption step of this adsorption chamber may be bridged. Additionally, even in case the 
<!-- EPO <DP n="11"/>-->
 step of changing the gas flow between two adsorption chambers is accompanied with a gap in the air stream a continuous stream may be provided at the dense membrane in case two or more adsorption chambers are used. </p><p id="p0041" num="0041"> In a still further embodiment of the present invention, a gas reservoir is provided downstream the outlet of the membrane unit and upstream the at least one adsorption chamber. This allows storing purified oxygen and guiding the latter to the desired application when it is required. In therapeutic applications, for example, it may be preferred to provide an intermittent stream of pure oxygen. During these times, the full stream of oxygen being generated at the membrane unit may be guided to the required application. During the time of a gap however, the stream of oxygen may be guided into the reservoir thereby filling the latter. Consequently, a full stream of oxygen may be provided both for purging and for application purposes. Alternatively, the oxygen may be guided directly into the gas reservoir and further on to desired application as well as to the at least one adsorption chamber. Therefore, the gas reservoir may comprise two outlets. It is thus ensured that at each time of the method according to the invention a sufficient stream of oxygen may be guided both to the application and to the adsorption chamber. </p><p id="p0042" num="0042">BRIEF DESCRIPTION OF THE DRAWINGS </p><p id="p0043" num="0043"> These and other aspects of the invention will be apparent from and elucidated with reference to the embodiments described hereinafter. </p><p id="p0044" num="0044"> In the drawings: </p><p id="p0045" num="0045"> Fig. 1 shows a schematic cross sectional view of an arrangement according to the invention. DETAILED DESCRIPTION OF EMBODIMENTS </p><p id="p0046" num="0046"> In figure 1, an arrangement 10 for generating oxygen is schematically shown. The arrangement 10 may be used for generating oxygen with respect to therapeutic applications, for example in the field of COPD treatment. The arrangement 10 may be designed as a stationary arrangement, for example for using it in a hospital, or it may be a portable device, for example for using it in the field of homecare applications. However, the arrangement 10 may furthermore be used for any application at which pure or essentially pure oxygen has to be provided, for example in air planes or for welding purposes. </p><p id="p0047" num="0047"> The arrangement 10 comprises at least one adsorption chamber 12. However, it is preferred that the arrangement 10 comprises at least two adsorption chambers 12, 14, the 
<!-- EPO <DP n="12"/>-->
 adsorption chambers 12, 14 being connected in parallel. In the following, the invention is described with respect to two adsorption chambers 12, 14. However, it is clear for one skilled in the art that every feature may be provided correspondingly by using just one adsorption chamber 12 or more than two adsorption chambers 12, 14. Each adsorption chamber 12, 14 is equipped with an oxygen separation adsorbent 16, 18. The oxygen separation adsorbent 16, 18 is configured for letting oxygen pass but for interacting with, or adsorbing, respectively other components being present in an oxygen comprising gas. In case air is used as oxygen comprising gas, it is thus preferred that the oxygen separation adsorbent 16, 18 is configured for adsorbing nitrogen. Suitable oxygen separation adsorbents 16, 18 may comprises a zeolite material. However it may be possible to use every suitable oxygen separation adsorbent known in the art for swing processes, such as pressure swing adsorption ore vacuum swing adsorption. </p><p id="p0048" num="0048"> Each adsorbent chamber 12, 14 has an inlet 20, 22 for inserting oxygen comprising gas into the adsorption chamber 12, 14 and an outlet 24, 26 for guiding enriched oxygen comprising gas out of the adsorption chamber 12, 14. Therefore, the inlets 20, 22 of the adsorption chambers 12, 14 are connected to an inlet 28 of the arrangement 10. </p><p id="p0049" num="0049">Connected to the inlet 28 may be a source of oxygen comprising gas, such as a gas storing device. However, there may simply be a pump which guides the surrounding air into the inlet 28. Starting from the inlet 28, a conduit 30 is connected to the inlet 28 as well as to the inlet 20 of the first adsorption chamber 12, whereas a conduit 32 is connected to the inlet 28 and the inlet 22 of the second adsorption chamber 14. Furthermore, the outlet 24 of the first adsorption chamber 12 is connected to a conduit 34 which in turn is connected to an outlet conduit 40, whereas the outlet 26 of the second adsorption chamber 14 is connected to a conduit 36 which in turn is connected to the outlet conduit 40. Consequently, the adsorption chambers 12, 14 are connected in parallel. It is apparent to one skilled in the art that a respective arrangement may be formed by using more than two adsorption chambers 12, 14. </p><p id="p0050" num="0050"> In order to allow the oxygen comprising gas to be guided through the adsorption chambers 12, 14 intermittently, a valve 42 may be provided in the conduit 30 and a further valve 44 may be provided in the conduit 32. A valve according to the invention shall be any device which may allow a gas flow, inhibit a gas flow and/or regulate the amount of a gas flow. Consequently, by closing the valve 42 and by opening the valve 44, the oxygen comprising gas may be guided through the second adsorption chamber 14, whereas the oxygen comprising gas may be guided through the first adsorption chamber 12 by opening the valve 42 and by closing the valve 44. Correspondingly, a valve 46 may be provided in the 
<!-- EPO <DP n="13"/>-->
 conduit 34 and a valve 48 may be provided in the conduit 36. By guiding the oxygen comprising gas through the first adsorption chamber 12, the valve 46 should be opened whereas the valve 48 should be closed. Correspondingly, by guiding the oxygen comprising gas through the second adsorption chamber 14, the valve 48 should be opened whereas the valve 46 should be closed. This ensures that the enriched oxygen comprising gas is guided solely into the outlet conduct 40. </p><p id="p0051" num="0051"> The arrangement 10 thus allows intermittently guiding a stream of oxygen comprising gas through at least one adsorption chamber 12, or through more than one adsorption chamber, for example two adsorption chambers 12, 14 being equipped with an oxygen separation adsorbent 16, 18 thereby enriching the oxygen comprising gas with respect to oxygen. In that way, an adsorption mode and a desorption mode of the at least one adsorption chamber, or adsorption chambers 12, 14, respectively, is defined. Particularly, the stream of oxygen comprising gas is guided alternately through at least two adsorption chambers 12, 14 being connected in parallel. It may be preferred that the oxygen comprising gas is enriched with respect to oxygen in the adsorption chamber to an oxygen concentration in the range of &lt; 88%, particularly in the range of &lt; 75%, especially preferred in the range of &lt; 50%. </p><p id="p0052" num="0052"> Downstream the outlet conduit 40, the arrangement 10 further comprises a membrane unit 50, wherein the outlets 24, 26 of the adsorption chambers 12, 14 are in fluid communication with an inlet 51 of the membrane unit 50. It may be preferred that a gas reservoir 49 is provided between the outlets 24, 26 of the adsorption chambers 12, 14 and the inlet 51 of the membrane unit 50. Especially by providing just one adsorption chamber 12, the gas reservoir 49 may allow generating a continuous gas stream. It is furthermore preferred that the oxygen comprising gas is guided to the at least one adsorption chamber 12 by use of an overpressure. This allows in one step guiding the enriched oxygen comprising gas into the membrane unit 50 and creating a stream of gas through the membrane unit 50 like it will be apparent down below. Therefore, an overpressure of &gt; 0.2bar to &lt; 2bar may be preferred. </p><p id="p0053" num="0053"> The membrane unit 50 comprises a dense membrane 52 in order to separate oxygen from the remaining components of the enriched oxygen comprising gas coming from the adsorption chambers 12, 14 and thus being enriched with respect to oxygen. To achieve these properties, the membrane 52 may be a solid ceramic membrane comprising selected inorganic oxide compounds. Preferable membranes 52 are based on a perovskite or fluorite crystal structure. As an example, the perovskite may be chosen from the group comprising 
<!-- EPO <DP n="14"/>-->
 Sri_<sub>y</sub>Ba<sub>y</sub>Coi_<sub>x</sub>Fex03-z, which can be undoped or doped with donors or acceptors and Lai_ ySr<sub>y</sub>Fei_<sub>x</sub>Cr<sub>x</sub>0<sub>3</sub>-z, which can be undoped or doped with niobium, magnesium, titanium or gallium, Sri_y_<sub>x</sub>Ba<sub>y</sub>La<sub>x</sub>Coi_b-<sub>c</sub>FebCr<sub>c</sub>03-z, which can be undoped or doped with e.g. donors or acceptors like niobium, magnesium, titanium or gallium, Bai_<sub>x</sub>Sr<sub>x</sub>Ti0<sub>3</sub>_<sub>z</sub>, which can be undoped or doped with donors or acceptors such as manganese, iron, chromium or any other doping compounds and PbZri_<sub>x</sub>Ti<sub>x</sub>03_<sub>z</sub>, which can be undoped or doped with donors or acceptors such as iron, niobium, lanthanum, chromium, or any other doping compounds. As a preferred example, the perovskite-related material Bao.<sub>5</sub>Sr<sub>0</sub>.<sub>5</sub>Coo.<sub>5</sub>Fe<sub>0</sub>.<sub>2</sub>03-5 (BSCF) is very well suited. As an alternative, for example, a Sro.<sub>5</sub>Bao.<sub>5</sub>Coo.8Feo.<sub>2</sub>03<sub>-x</sub> thin film may be used. Especially in case such membranes 52 are used, it may be required to heat the dense membrane 52 to a temperature at which it is permeable for oxygen. This may be realized in a direct way, for example by providing a heating device for heating the membrane 52, or in an indirect way, by heating the oxygen comprising gas and heat the membrane 52 by the influence of the hot gas. However, in the last case it is preferred to heat the oxygen comprising gas downstream the adsorption chamber 12, or the adsorption chambers 12, 14, respectively, due to the fact that a hot gas will deteriorate the adsorption step. Consequently, it may be preferred to combine a heating device with a gas reservoir 49 or with a further pump being arranged upstream the membrane unit 50. </p><p id="p0054" num="0054"> The membrane 52 comprises a primary side, which may be visualized by a primary membrane chamber 54, and the membrane 52 further comprises a secondary side, which may be visualized by the secondary membrane chamber 56. The membrane 52 is dense which means that the oxygen is separated from the remaining components of the enriched oxygen comprising gas. In order to guide the enriched oxygen comprising gas into the membrane unit 50 and to the primary side of the membrane 52, the inlet 51 is arranged at the primary side of the membrane 52. </p><p id="p0055" num="0055"> Consequently, on the primary side of the membrane 52, a stream of gas is generated which is depleted with respect to oxygen. This gas stream may leave the primary membrane chamber 54 through an outlet conduit 58. The outlet conduit 58 may thereby be equipped with a valve 60 to allow using a required pressure in the primary membrane chamber 54 as well as regulating the egress of the stream of gas out of the primary membrane chamber 54. </p><p id="p0056" num="0056"> Correspondingly, due to the fact that a gas flow through the dense membrane 52 is generated to its secondary side thereby separating the oxygen from the enriched oxygen comprising gas, on the secondary side of the membrane 52, i.e. in the secondary membrane 
<!-- EPO <DP n="15"/>-->
 chamber 56, a stream of pure, or at least essentially pure oxygen is formed. The generated oxygen may leave the membrane unit 50 through an outlet 62 being arranged at the secondary side of the membrane 52 and through an outlet conduit 64 and may be delivered to the desired application. For example, the oxygen may be delivered to an administration device, such as a mask, or it may be stored in a gas storing device. </p><p id="p0057" num="0057"> In the outlet conduit 64, a valve 66, such as a three way valve may be provided. This valve 66 allows not only to guide the oxygen to the desired application, but also into a further conduit 68 in any desired ratio. Furthermore, the membrane unit 50 may have two separate outlets at the secondary side of the membrane 52, one being connected to the outlet conduit 64 and one being connected to the conduit 68. Preferably, both outlets are equipped with respective valves allowing guiding a required stream of oxygen in each conduit 64, 68. Alternatively, a gas reservoir may be provided downstream the outlet 62 of the membrane unit 52. For example, the gas reservoir may be equipped with two outlets, one being connected to the outlet conduit 64 and one being connected to the conduit 68. Again, the gas reservoir allows not only guiding the oxygen to the desired application, but also into the conduit 68 in any desired ratio. The conduit 68 allows the outlet 62 of the membrane unit 50 being in fluid communication with the outlets 24, 26 of the adsorption chambers 12, 14, or with the outlet of one single adsorption chamber 12, respectively. Therefore, the conduit 68 comprises two branch conduits 70, 72 each having a valve 74, 76. The branch conduit 72 is connected to the conduit 34 downstream the outlet 24 of the adsorption chamber 12 but upstream the valve 46, whereas the branch conduit 70 is connected to the conduit 36 downstream the outlet 26 of the adsorption chamber 14 but upstream the valve 48, in the flow direction of the oxygen comprising gas. The conduit 68 may thus guide oxygen into the adsorption chambers 12, 14, respectively, being in desorption mode in a direction being reversed with respect to the direction of the stream of oxygen comprising gas. </p><p id="p0058" num="0058"> In order to ensure that at least a part of the generated oxygen is guided through the respective adsorption chamber 12, 14, being in desorption mode in order to desorb the adsorbed substances, the valves 46, 48, 74, 76 may be regulated, dependent on which adsorption chamber 12, 14 is in desorption mode or in adsorption mode, respectively. For example, in case the adsorption chamber 12 is in adsorption mode, the oxygen is guided through the adsorption chamber 14 being in desorption mode. In this case, the valves 46, 74 are open, whereas the valves 48, 76 are closed. Correspondingly, in case the adsorption chamber 14 is in adsorption mode, the oxygen is guided through the adsorption chamber 12 
<!-- EPO <DP n="16"/>-->
 being in desorption mode. In this case, the valves 48, 76 are open, whereas the valves 46, 74 are closed. </p><p id="p0059" num="0059"> Downstream the adsorption chambers 12, 14, with respect to the above described flow direction of the oxygen as purging gas, an outlet conduit 80 being equipped with a valve 82 is connected to the conduit 30 and an outlet conduit 84 being equipped with a valve 86 is connected to the conduit 32. By opening or closing the respective valves 82, 84, the purging gas together with the desorbed substances, for example nitrogen, may be egressed out of the arrangement 10. In detail, in case the adsorption chamber 12 is in adsorption mode whereas the adsorption chamber 14 is in desorption mode, the valve 82 is closed and the valve 86 is opened. Correspondingly, in case the adsorption chamber 14 is in adsorption mode whereas the adsorption chamber 12 is in desorption mode, the valve 86 is closed and the valve 82 is opened. </p><p id="p0060" num="0060"> Additionally, the purging step of the adsorption chamber 12 or the adsorption chambers 12, 14 may be performed by using both the stream of oxygen coming from the conduit 68 and thus from the membrane unit 50 and a stream of oxygen or oxygen comprising gas coming from a gas source being arranged outside the arrangement 10. In detail, a source of oxygen comprising gas may be used like known from the state of the art, for example, a gas cylinder of oxygen may be used. However, every purging gas can be used known for desorbing nitrogen, for example, from the oxygen separation adsorbent 16, 18. Consequently, a common purging gas may be guided into the adsorbent chambers 12, 14 together with the stream of oxygen either from the same side, i.e. through the outlets 24, 26, or from opposite sides, i.e. additionally through the inlets 20, 22. In the last case a further outlet may be preferred which is used for guiding the purging gases out of the adsorbent chambers 12, 14 for example in the middle part of the latter. This embodiment enables to increase the performance of a common purging step, thereby using a common purging gas as one source, for example as main source, and additionally a small part of the generated oxygen only. </p><p id="p0061" num="0061"> While the invention has been illustrated and described in detail in the drawings and foregoing description, such illustration and description are to be considered illustrative or exemplary and not restrictive; the invention is not limited to the disclosed embodiments. Other variations to the disclosed embodiments can be understood and effected by those skilled in the art in practicing the claimed invention, from a study of the drawings, the disclosure, and the appended claims. In the claims, the word "comprising" does not exclude other elements or steps, and the indefinite article "a" or "an" does not exclude a plurality. The 
<!-- EPO <DP n="17"/>-->
 mere fact that certain measures are recited in mutually different dependent claims does not indicate that a combination of these measures cannot be used to advantage. Any reference signs in the claims should not be construed as limiting the scope. 
</p></description><claims mxw-id="PCLM44852134" ref-ucid="WO-2012117325-A1" lang="EN" load-source="patent-office"><claim-statement><!-- EPO <DP n="18"/>-->CLAIMS: </claim-statement><claim id="clm-0001" num="1"><claim-text>1. Method of generating oxygen, said method comprising the steps of: </claim-text><claim-text> intermittently guiding a stream of oxygen comprising gas through at least one adsorption chamber (12) being equipped with an oxygen separation adsorbent (16), thereby defining an adsorption mode and a desorption mode of the at least one adsorption chamber (12), and thereby enriching the oxygen comprising gas with respect to oxygen, </claim-text><claim-text> guiding the enriched oxygen comprising gas to a primary side of a dense membrane (52), </claim-text><claim-text> heating the dense membrane (52) to a temperature at which it is permeable for oxygen, </claim-text><claim-text> generating an oxygen flow through the dense membrane (52) to its secondary side, thereby separating the oxygen from the enriched oxygen comprising gas and forming a stream of oxygen, wherein said method further comprises the step of </claim-text><claim-text> guiding at least a part of the generated oxygen through the at least one adsorption chamber (12) being in desorption mode. </claim-text></claim><claim id="clm-0002" num="2"><claim-text>2. Method according to claim 1, wherein the stream of oxygen comprises oxygen in a concentration in a range of &gt; 95%. </claim-text></claim><claim id="clm-0003" num="3"><claim-text>3. Method according to claim 1, wherein the stream of oxygen comprising gas is guided alternately through at least two adsorption chambers (12, 14) being connected in parallel. </claim-text></claim><claim id="clm-0004" num="4"><claim-text>4. Method according to claim 1, wherein the oxygen is guided through the at least one adsorption chamber (12) being in desorption mode in a direction being reversed with respect to the direction of the stream of oxygen comprising gas. </claim-text></claim><claim id="clm-0005" num="5"><claim-text>5. Method according to claim 1, wherein the oxygen comprising gas is guided to the at least one adsorption chamber (12) by use of an overpressure. <!-- EPO <DP n="19"/>--> </claim-text></claim><claim id="clm-0006" num="6"><claim-text>6. Method according to claim 5, wherein an overpressure of &gt; 0.2bar to &lt; 2 bar is used. </claim-text></claim><claim id="clm-0007" num="7"><claim-text>7. Method according to claim 1, wherein the oxygen comprising gas is enriched with respect to oxygen in the adsorption chamber (12) to an oxygen concentration in the range of &lt; 88%. </claim-text></claim><claim id="clm-0008" num="8"><claim-text>8. Arrangement for generating oxygen, the arrangement (10) comprising </claim-text><claim-text> at least one adsorption chamber (12) being equipped with an oxygen separation adsorbent (16) and having an inlet (20) for inserting oxygen comprising gas into the adsorption chamber (12) and an outlet (24) for guiding enriched oxygen comprising gas out of the adsorption chamber (12), wherein the arrangement (10) further comprises </claim-text><claim-text> a membrane unit (50) comprising a dense membrane (52) and having an inlet (51) at a primary side of the membrane (52) for inserting enriched oxygen comprising gas into the membrane unit (50), and an outlet (62) at a secondary side of the membrane (52) for guiding oxygen out of the membrane unit (50), wherein </claim-text><claim-text> the outlet (24) of the at least one adsorption chamber (12) is in fluid communication with the inlet (51) of the membrane unit (50), and wherein </claim-text><claim-text> a conduit (68) is provided connecting the outlet (62) of the membrane unit (50) with the outlet (24) of the at least one adsorption chamber (12). </claim-text></claim><claim id="clm-0009" num="9"><claim-text>9. Arrangement according to claim 8, wherein the arrangement (10) comprises at least two adsorption chambers (12, 14) being connected in parallel. </claim-text></claim><claim id="clm-0010" num="10"><claim-text>10. Arrangement according to claim 8, wherein the oxygen separation adsorbent</claim-text><claim-text>(16) comprises a zeolite material. </claim-text></claim><claim id="clm-0011" num="11"><claim-text>11. Arrangement according to claim 8, wherein the membrane (52) is based on a material having a perovskite or fluorite crystal structure. </claim-text></claim><claim id="clm-0012" num="12"><claim-text>12. Arrangement according to claim 8, wherein a gas reservoir (49) is provided between the outlet (24) of the at least one adsorption chamber (12) and the inlet (51) of the membrane unit (50). <!-- EPO <DP n="20"/>--> </claim-text></claim><claim id="clm-0013" num="13"><claim-text>13. Arrangement according to claim 8, wherein a gas reservoir is provided downstream the outlet (62) of the membrane unit (50) and upstream the at least one adsorption chamber (12). </claim-text></claim></claims><copyright>User acknowledges that Fairview Research LLC and its third party providers retain all right, title and interest in and to this xml under applicable copyright laws.  User acquires no ownership rights to this xml including but not limited to its format.  User hereby accepts the terms and conditions of the Licence Agreement</copyright></patent-document>
