<?xml version="1.0" encoding="UTF-8"?>
<patent-document ucid="EP-2958708-A1" country="EP" doc-number="2958708" kind="A1" date="20151230" family-id="48091949" file-reference-id="316602" date-produced="20180825" status="corrected" lang="EN"><bibliographic-data><publication-reference fvid="160453421" ucid="EP-2958708-A1"><document-id><country>EP</country><doc-number>2958708</doc-number><kind>A1</kind><date>20151230</date><lang>EN</lang></document-id></publication-reference><application-reference ucid="EP-14706304-A" is-representative="NO"><document-id mxw-id="PAPP193869810" load-source="patent-office" format="original"><country>EP</country><doc-number>14706304.4</doc-number><date>20140224</date><lang>EN</lang></document-id><document-id mxw-id="PAPP193869811" load-source="docdb" format="epo"><country>EP</country><doc-number>14706304</doc-number><kind>A</kind><date>20140224</date><lang>EN</lang></document-id></application-reference><priority-claims><priority-claim mxw-id="PPC162030138" ucid="EP-2014053562-W" linkage-type="W" load-source="docdb"><document-id format="epo"><country>EP</country><doc-number>2014053562</doc-number><kind>W</kind><date>20140224</date></document-id></priority-claim><priority-claim mxw-id="PPC162035736" ucid="GB-201303178-A" load-source="docdb"><document-id format="epo"><country>GB</country><doc-number>201303178</doc-number><kind>A</kind><date>20130222</date></document-id></priority-claim></priority-claims><technical-data><classifications-ipcr><classification-ipcr mxw-id="PCL-1988521353" load-source="docdb">B23Q  17/22        20060101ALI20140911BHEP        </classification-ipcr><classification-ipcr mxw-id="PCL-1988522088" load-source="docdb">F16H  19/02        20060101ALI20140911BHEP        </classification-ipcr><classification-ipcr mxw-id="PCL-1988524641" load-source="docdb">B23Q  16/02        20060101AFI20140911BHEP        </classification-ipcr></classifications-ipcr><classifications-cpc><classification-cpc mxw-id="PCL-1984696610" load-source="docdb" scheme="CPC">F16H  19/025       20130101 FI20160106BHEP        </classification-cpc></classifications-cpc><invention-title mxw-id="PT165551729" lang="DE" load-source="patent-office">MECHANISMUS ZUR UMKEHRUNG EINES WALZRINGANTRIEBS</invention-title><invention-title mxw-id="PT165551730" lang="EN" load-source="patent-office">REVERSAL MECHANISM FOR A ROLLING RING DRIVE</invention-title><invention-title mxw-id="PT165551731" lang="FR" load-source="patent-office">MÉCANISME D'INVERSION POUR ENTRAÎNEMENT DE BAGUE DE ROULEMENT</invention-title></technical-data><parties><applicants><applicant mxw-id="PPAR1103316971" load-source="docdb" sequence="1" format="epo"><addressbook><last-name>JOACHIM UHING GMBH &amp; CO KG</last-name><address><country>DE</country></address></addressbook></applicant><applicant mxw-id="PPAR1103319097" load-source="docdb" sequence="1" format="intermediate"><addressbook><last-name>JOACHIM UHING GMBH &amp; CO. KG</last-name></addressbook></applicant><applicant mxw-id="PPAR1101641123" load-source="patent-office" sequence="1" format="original"><addressbook><last-name>Joachim Uhing GmbH &amp; Co. KG</last-name><iid>101439396</iid><address><street>Kieler Strasse 23</street><city>24247 Mielkendorf</city><country>DE</country></address></addressbook></applicant></applicants><inventors><inventor mxw-id="PPAR1103321063" load-source="docdb" sequence="1" format="epo"><addressbook><last-name>THADEN FLORIAN</last-name><address><country>DE</country></address></addressbook></inventor><inventor mxw-id="PPAR1103316992" load-source="docdb" sequence="1" format="intermediate"><addressbook><last-name>THADEN, Florian</last-name></addressbook></inventor><inventor mxw-id="PPAR1101651789" load-source="patent-office" sequence="1" format="original"><addressbook><last-name>THADEN, Florian</last-name><address><street>Kaiserstrasse 35</street><city>24782 Büdelsdorf</city><country>DE</country></address></addressbook></inventor><inventor mxw-id="PPAR1103329249" load-source="docdb" sequence="2" format="epo"><addressbook><last-name>BEUTIN PAUL</last-name><address><country>DE</country></address></addressbook></inventor><inventor mxw-id="PPAR1103308299" load-source="docdb" sequence="2" format="intermediate"><addressbook><last-name>BEUTIN, Paul</last-name></addressbook></inventor><inventor mxw-id="PPAR1101650774" load-source="patent-office" sequence="2" format="original"><addressbook><last-name>BEUTIN, Paul</last-name><address><street>Kastanienallee 7</street><city>24796 Krummwisch</city><country>DE</country></address></addressbook></inventor><inventor mxw-id="PPAR1103341125" load-source="docdb" sequence="3" format="epo"><addressbook><last-name>REESE HAUKE</last-name><address><country>DE</country></address></addressbook></inventor><inventor mxw-id="PPAR1103330685" load-source="docdb" sequence="3" format="intermediate"><addressbook><last-name>REESE, HAUKE</last-name></addressbook></inventor><inventor mxw-id="PPAR1101642306" load-source="patent-office" sequence="3" format="original"><addressbook><last-name>REESE, HAUKE</last-name><address><street>Krusenhofer Weg 113</street><city>24647 Wasbek</city><country>DE</country></address></addressbook></inventor></inventors><agents><agent mxw-id="PPAR1101646792" load-source="patent-office" sequence="1" format="original"><addressbook><last-name>Spencer, Michael David</last-name><suffix>et al</suffix><iid>100035674</iid><address><street>Bromhead Johnson Sovereign House 212-224 Shaftesbury Avenue</street><city>London WC2H 8HQ</city><country>GB</country></address></addressbook></agent></agents></parties><international-convention-data><pct-or-regional-filing-data ucid="EP-2014053562-W"><document-id><country>EP</country><doc-number>2014053562</doc-number><kind>W</kind><date>20140224</date><lang>EN</lang></document-id></pct-or-regional-filing-data><pct-or-regional-publishing-data ucid="WO-2014128302-A1"><document-id><country>WO</country><doc-number>2014128302</doc-number><kind>A1</kind><date>20140828</date><lang>EN</lang></document-id></pct-or-regional-publishing-data><designated-states><ep-contracting-states><country mxw-id="DS660719588" load-source="docdb">AL</country><country mxw-id="DS660717275" load-source="docdb">AT</country><country mxw-id="DS660719589" load-source="docdb">BE</country><country mxw-id="DS660636377" load-source="docdb">BG</country><country mxw-id="DS660640469" load-source="docdb">CH</country><country mxw-id="DS660749782" load-source="docdb">CY</country><country mxw-id="DS660749795" load-source="docdb">CZ</country><country mxw-id="DS660637969" load-source="docdb">DE</country><country mxw-id="DS660719590" load-source="docdb">DK</country><country mxw-id="DS660719595" load-source="docdb">EE</country><country mxw-id="DS660793169" load-source="docdb">ES</country><country mxw-id="DS660636378" load-source="docdb">FI</country><country mxw-id="DS660636383" load-source="docdb">FR</country><country mxw-id="DS660637970" load-source="docdb">GB</country><country mxw-id="DS660719596" load-source="docdb">GR</country><country mxw-id="DS660637979" load-source="docdb">HR</country><country mxw-id="DS660749796" load-source="docdb">HU</country><country mxw-id="DS660640470" load-source="docdb">IE</country><country mxw-id="DS660719597" load-source="docdb">IS</country><country mxw-id="DS660636384" load-source="docdb">IT</country><country mxw-id="DS660719598" load-source="docdb">LI</country><country mxw-id="DS660637980" load-source="docdb">LT</country><country mxw-id="DS660717276" load-source="docdb">LU</country><country mxw-id="DS660636385" load-source="docdb">LV</country><country mxw-id="DS660637981" load-source="docdb">MC</country><country mxw-id="DS660717277" load-source="docdb">MK</country><country mxw-id="DS660717278" load-source="docdb">MT</country><country mxw-id="DS660717283" load-source="docdb">NL</country><country mxw-id="DS660640475" load-source="docdb">NO</country><country mxw-id="DS660717284" load-source="docdb">PL</country><country mxw-id="DS660793170" load-source="docdb">PT</country><country mxw-id="DS660727517" load-source="docdb">RO</country><country mxw-id="DS660793171" load-source="docdb">RS</country><country mxw-id="DS660717285" load-source="docdb">SE</country><country mxw-id="DS660637987" load-source="docdb">SI</country><country mxw-id="DS660640476" load-source="docdb">SK</country><country mxw-id="DS660640477" load-source="docdb">SM</country><country mxw-id="DS660719603" load-source="docdb">TR</country></ep-contracting-states><ep-extended-states><ep-extended-state-data><country>BA</country></ep-extended-state-data><ep-extended-state-data><country>ME</country></ep-extended-state-data></ep-extended-states></designated-states></international-convention-data><office-specific-data><eptags><ep-no-a-document-published>*</ep-no-a-document-published></eptags></office-specific-data></bibliographic-data><abstract mxw-id="PA139079770" ref-ucid="WO-2014128302-A1" lang="EN" load-source="patent-office"><p num="0000">Reversal mechanism for a rolling ring drive A reversal mechanism for a rolling ring drive (10) comprising a motor (12) attached to an inner ring housing (16), a controller controlling the angle of the rolling rings via the motor (12) in dependence upon a sensor which detects the position of the rolling ring drive (10) and other desired parameters.</p></abstract><abstract mxw-id="PA139546325" ref-ucid="WO-2014128302-A1" lang="EN" source="national office" load-source="docdb"><p>Reversal mechanism for a rolling ring drive A reversal mechanism for a rolling ring drive (10) comprising a motor (12) attached to an inner ring housing (16), a controller controlling the angle of the rolling rings via the motor (12) in dependence upon a sensor which detects the position of the rolling ring drive (10) and other desired parameters.</p></abstract><abstract mxw-id="PA139079771" ref-ucid="WO-2014128302-A1" lang="FR" load-source="patent-office"><p num="0000">La présente invention concerne un mécanisme d'inversion pour entraînement de bague de roulement (10) comprenant un moteur (12) fixé à un logement de bague interne (16), une unité de commande qui commande l'angle des bagues de roulement par le biais du moteur (12) en fonction d'un capteur qui détecte la position de l'entraînement de bague de roulement (10) et d'autres paramètres désirés.</p></abstract><abstract mxw-id="PA139546326" ref-ucid="WO-2014128302-A1" lang="FR" source="national office" load-source="docdb"><p>La présente invention concerne un mécanisme d'inversion pour entraînement de bague de roulement (10) comprenant un moteur (12) fixé à un logement de bague interne (16), une unité de commande qui commande l'angle des bagues de roulement par le biais du moteur (12) en fonction d'un capteur qui détecte la position de l'entraînement de bague de roulement (10) et d'autres paramètres désirés.</p></abstract><description mxw-id="PDES78478042" ref-ucid="WO-2014128302-A1" lang="EN" load-source="patent-office"><!-- EPO <DP n="3"/>--><p id="p0001" num="0001"> Reversal mechanism for a rolling ring drive </p><p id="p0002" num="0002">The present invention is directed to the reversal mechanism for a rolling ring drive. </p><p id="p0003" num="0003">Rolling ring drives are a common method of converting rotary motion to linear motion. Such drives are often used with regard to coiling wire and such like. The rolling ring drive proceeds in one direction whereupon its direction of travel is reversed by flipping the rings contained within the rolling ring drive. Previously such reversal mechanisms have been entirely mechanical and the reversal of rings has been achieved by a lever attached to the reversal mechanism hitting a stop and the direction of travel of the drive thereby reversing as the rolling rings inside are rotated by spring-loaded mechanical mechanism. This has had the problem that considerable shock is introduced into the drive by this mechanical reversal. It has been previously proposed in German Utility Model No. 2004 003501.4 that the lever mechanism for such a mechanical reversal mechanism be replaceable to deal with the breakages that occur due to the mechanical stress. 
<!-- EPO <DP n="4"/>-->
It is an aim of the present invention to provide a reversal mechanism which does not have the disadvantages of previously mentioned reversal mechanisms namely the wear on the reversal mechanism and shock to the drive upon contact with a fixed stop. </p><p id="p0004" num="0004">Accordingly the present invention is directed to a reversal mechanism for a rolling ring drive comprising a motor attached to an inner ring housing, a controller controlling the angle of the rolling rings via the motor in dependence upon a sensor which detects the position of the rolling ring drive and other desired parameters. </p><p id="p0005" num="0005">This provides the advantage that the motor alters the pitch of the rolling rings in a controlled constant manner thus avoiding the mechanical shock to the drive and leading to smoother reversal of direction. This results in significantly less wear to the rolling ring drive. Preferably the motor is a stepper motor. </p><p id="p0006" num="0006">In a preferred embodiment the position detection system comprises a magnetic incremental measuring system with a scanning head. This provides a simple positional system that can be easily fitted to indicate the position of the rolling ring drive. This provides the further advantage 
<!-- EPO <DP n="5"/>-->
if the rolling ring drive is further equipped with a non- contact flange detection mechanism. This enables the valley or mountain formation on any winding material to be compensated for by the rolling ring drive. The pitch of the rolling ring drive merely needs adjusting to greater or lesser extent with the shaft at constant speed . </p><p id="p0007" num="0007">Therefore the motor allows significantly more control over the mechanism to ensure smooth running of any winding process. </p><p id="p0008" num="0008">An example of a reversal mechanism for a rolling ring drive will now be discussed in conjunction with the attached drawings in which: </p><p id="p0009" num="0009">Figure 1 shows a cross-section through a rolling ring drive ; Figure 2 shows a side perspective view of a rolling ring drive fitted to a rotating shaft with a measuring system attached; </p><p id="p0010" num="0010">Figure 3 shows a cross-section through the rolling ring drive equivalent to that shown in Figure 1, below it is 
<!-- EPO <DP n="6"/>-->
shown a plan view of the rolling ring drive taken from the side opposite the motor with the cover removed; and </p><p id="p0011" num="0011">Figure 4 shows the perspective view shown in Figure 4 where the cover of the rolling ring drive has been removed . </p><p id="p0012" num="0012">Rolling ring drives are an adhesion transmission drive, which converts the rotary movement of a constantly rotating smooth shaft by means of rolling rings, which roll at an adjustable pitch angle on the shaft into a stroke movement. The rolling ring drive acts like nuts on screw spindles, but have a fine-pitch adjustment that can go to left or right and also be close to zero. The pitch is corrected by swivelling rolling rings, which roll their geometry and pressure at the shaft surface. </p><p id="p0013" num="0013">In Figure 1 the stepper motor 12 is attached to the side of the rolling ring drive 10 instead a standard mechanical reversal system. The stepper motor 12 is connected to an inner ring housing 16 of the rolling ring drive 10 by a clamping ring 15. The clamping ring is attached to a shaft 18 which is attached to the central rolling ring 20. The central rolling ring 20 is mechanically connected to the other two rings 22 and 24. 
<!-- EPO <DP n="7"/>-->
Thus when the shaft 18 is rotated the pitch of all the rings is altered accordingly. </p><p id="p0014" num="0014">Figure 2 shows the position control of the rolling ring drive 10. A magnetic incremental measuring system 25 is attached to the side of the rolling ring drive each. The magnetic incremental measuring system 26 comprises a scanning head 13 attached to the side of the rolling ring drive 10, which runs during the stroke over a magnetic strip 14 attached to the outside of the track of the rolling ring drive 10. Thus detecting the portion of the drive and via a control altering the position of the rolling ring drives 22, 24 and 26 via the stepper motor 12. </p><p id="p0015" num="0015">Figure 3 shows a cross-section through the rolling ring drive as shown in Figure 1 in which the journals 34 about which the two outer drives 22 and 24 rotate can be seen. The figure also shows a plan view taken from the top of the rolling ring drive which is opposite to the side on which the motor 12 is mounted. This shows a T-Shaped mechanical linkage 26 which is connected via a notch 28 on the bottom of the T and a protrusion 30 on the central rolling ring drive 20 to it. The mechanical linkage 26 connection has a hole through the centre of its T-Shape 
<!-- EPO <DP n="8"/>-->
which is elongate and in which the journal 34 of the central rolling ring drive 20 passes. The two sides of the top of the T are attached to the rolling ring drives 22 and 24 by swivels 32. This means that when the central rolling ring drive is rotated via the motor 12 the other two ring drives 22 and 24 are moved by the mechanical linkage 26. </p><p id="p0016" num="0016">Figure 4 shows a cross-section through the rolling ring drive, firstly as shown in Figure 1 in which the journals 34 about which the two outer drives 22 and 24 rotate can easily be seen. The figure also shows a plan view taken from the top of the rolling ring drive which is opposite to the side on which the motor 12 is mounted can be seen. This shows a mechanical linkage 26 which is attached via a notch and a protrusion 30 to the central rolling ring drive 20. The connection has a hole through its central of its T-shape which is elongate and in which the journal 34 of the central rolling ring drive 20 fits. The two sides of the top of the T are attached to the rolling ring drives 22 and 24 by swivels 32. This means that when the central rolling ring drive is rotated via the motor the other two ring drives 22 and 24 are moved the mechanical linkage 26. 
<!-- EPO <DP n="9"/>-->
Figure 4 shows Figure 2 with the casing of the rolling ring drive 10 removed this clearly shows the relationship of the motor 12 on the rolling ring drive to be opposite to the mechanical connection 26. </p><p id="p0017" num="0017">This electronic reversal mechanism for rolling ring drive replaces the mechanical reversal system with a stepper motor reversal mechanism including a control system. In the standard mechanical reversal system the shifting process is triggered by a spring-actuated mechanism, which acts upon contact fixed stops. The key advantage of the present reversal mechanism over the standard mechanical reversal system is that during a stroke, the pitch value and the reversal point (changeover) of the rolling ring drive can be changed individually for special winding or traversing tasks. Winding and traversing tasks with variable parameters during a stroke can be achieved. Pitch value per shaft rotation and the switchover of the rolling ring drive can be changed individually by the step motor control. The exact position or the distance path of the rolling ring drive can be monitored by the controller through an incremental magnetic measure system, a cable sensor, or similar. 
<!-- EPO <DP n="10"/>-->
By using a stepper motor reversal mechanism you can run speed up and slow down ramps at constant shaft speed by simple pitch control during the stroke. It is also possible through the combination of stepper motor reversal mechanism and position detection of the rolling ring drive to wind several coils side by side to a drive, if the exact reversal points are stored in the controller . 
</p></description><claims mxw-id="PCLM70078326" ref-ucid="WO-2014128302-A1" lang="EN" load-source="patent-office"><claim-statement><!-- EPO <DP n="11"/>-->- 8 -Claims </claim-statement><claim id="clm-0001" num="1"><claim-text>1. A reversal mechanism for a rolling ring drive comprising a motor attached to an inner ring housing, a controller controlling the angle of the rolling rings via the motor in dependence upon a sensor which detects the position of the rolling ring drive and other desired parameters. </claim-text></claim><claim id="clm-0002" num="2"><claim-text>2. A reversal mechanism according to Claim 1, in which the motor is a stepper motor. </claim-text></claim><claim id="clm-0003" num="3"><claim-text>3. A reversal mechanism according to Claim 1 or Claim 2, in which the position detection sensor comprises a magnetic incremental measuring system with a scanning head. </claim-text></claim><claim id="clm-0004" num="4"><claim-text>4. A reversal mechanism substantially as described herein, with reference to the accompanying drawings. 
</claim-text></claim></claims><copyright>User acknowledges that Fairview Research LLC and its third party providers retain all right, title and interest in and to this xml under applicable copyright laws.  User acquires no ownership rights to this xml including but not limited to its format.  User hereby accepts the terms and conditions of the Licence Agreement</copyright></patent-document>
