<?xml version="1.0" encoding="UTF-8"?>
<patent-document ucid="EP-2681067-A1" country="EP" doc-number="2681067" kind="A1" date="20140108" family-id="45841437" file-reference-id="318301" date-produced="20180823" status="corrected" lang="FR"><bibliographic-data><publication-reference fvid="146586701" ucid="EP-2681067-A1"><document-id><country>EP</country><doc-number>2681067</doc-number><kind>A1</kind><date>20140108</date><lang>FR</lang></document-id></publication-reference><application-reference ucid="EP-12709013-A" is-representative="NO"><document-id mxw-id="PAPP154848893" load-source="docdb" format="epo"><country>EP</country><doc-number>12709013</doc-number><kind>A</kind><date>20120228</date><lang>FR</lang></document-id><document-id mxw-id="PAPP196971944" load-source="docdb" format="original"><country>EP</country><doc-number>12709013.2</doc-number><date>20120228</date><lang>FR</lang></document-id></application-reference><priority-claims><priority-claim mxw-id="PPC140551379" ucid="DE-102011012933-A" load-source="docdb"><document-id format="epo"><country>DE</country><doc-number>102011012933</doc-number><kind>A</kind><date>20110303</date></document-id></priority-claim><priority-claim mxw-id="PPC140552931" ucid="EP-2012000861-W" linkage-type="W" load-source="docdb"><document-id format="epo"><country>EP</country><doc-number>2012000861</doc-number><kind>W</kind><date>20120228</date></document-id></priority-claim><priority-claim mxw-id="PPC140547622" ucid="FR-1101736-A" load-source="docdb"><document-id format="epo"><country>FR</country><doc-number>1101736</doc-number><kind>A</kind><date>20110607</date></document-id></priority-claim></priority-claims><technical-data><classifications-ipcr><classification-ipcr mxw-id="PCL1989316844" load-source="docdb">G01D   7/00        20060101ALI20120918BHEP        </classification-ipcr><classification-ipcr mxw-id="PCL1989317379" load-source="docdb">G02F   1/13357     20060101ALI20120918BHEP        </classification-ipcr><classification-ipcr mxw-id="PCL1989318655" load-source="docdb">B60K  37/02        20060101AFI20120918BHEP        </classification-ipcr><classification-ipcr mxw-id="PCL1989320787" load-source="docdb">B60Q   3/04        20060101ALI20120918BHEP        </classification-ipcr><classification-ipcr mxw-id="PCL1989323696" load-source="docdb">G01D  11/28        20060101ALI20120918BHEP        </classification-ipcr></classifications-ipcr><classifications-cpc><classification-cpc mxw-id="PCL-1655637447" load-source="docdb" scheme="CPC">B60Q   3/14        20170201 FI20180324BHEP        </classification-cpc><classification-cpc mxw-id="PCL-1928759890" load-source="docdb" scheme="CPC">Y10T  29/49002     20130101 LA20160608BHEP        </classification-cpc><classification-cpc mxw-id="PCL-1973207405" load-source="docdb" scheme="CPC">B60K2350/2034      20130101 LA20160206BHEP        </classification-cpc><classification-cpc mxw-id="PCL-1973207651" load-source="docdb" scheme="CPC">B60K2350/2039      20130101 LA20160206BHEP        </classification-cpc><classification-cpc mxw-id="PCL-1973208646" load-source="docdb" scheme="CPC">B60K  37/02        20130101 LI20160206BHEP        </classification-cpc><classification-cpc mxw-id="PCL-1973211060" load-source="docdb" scheme="CPC">B60K2350/203       20130101 LA20160206BHEP        </classification-cpc><classification-cpc mxw-id="PCL-1973211151" load-source="docdb" scheme="CPC">G01D  11/28        20130101 LI20160206BHEP        </classification-cpc></classifications-cpc><invention-title mxw-id="PT132364736" lang="DE" load-source="patent-office">ARMATURENBRETT UND VERFAHREN ZUR MONTAGE EINES ARMATURENBRETTS</invention-title><invention-title mxw-id="PT132364737" lang="EN" load-source="patent-office">DASHBOARD AND METHOD FOR ASSEMBLING A DASHBOARD</invention-title><invention-title mxw-id="PT132364738" lang="FR" load-source="patent-office">TABLEAU DE BORD ET METHODE D'ASSEMBLAGE D'UN TABLEAU DE BORD</invention-title></technical-data><parties><applicants><applicant mxw-id="PPAR919507240" load-source="docdb" sequence="1" format="epo"><addressbook><last-name>JOHNSON CONTR AUTOMOTIVE ELECT</last-name><address><country>FR</country></address></addressbook></applicant><applicant mxw-id="PPAR919539883" load-source="docdb" sequence="1" format="intermediate"><addressbook><last-name>JOHNSON CONTROLS AUTOMOTIVE ELECTRONICS SAS</last-name></addressbook></applicant><applicant mxw-id="PPAR919014045" load-source="patent-office" sequence="1" format="original"><addressbook><last-name>Johnson Controls Automotive Electronics SAS</last-name><iid>101285771</iid><address><street>10, Avenue de l'Enterprise</street><city>95892 Cergy-Pontoise Cedex</city><country>FR</country></address></addressbook></applicant></applicants><inventors><inventor mxw-id="PPAR919508577" load-source="docdb" sequence="1" format="epo"><addressbook><last-name>HENON FABRICE</last-name><address><country>FR</country></address></addressbook></inventor><inventor mxw-id="PPAR919544760" load-source="docdb" sequence="1" format="intermediate"><addressbook><last-name>HENON, Fabrice</last-name></addressbook></inventor><inventor mxw-id="PPAR919006810" load-source="patent-office" sequence="1" format="original"><addressbook><last-name>HENON, Fabrice</last-name><address><street>3 sente Margot</street><city>F-95800 Cergy</city><country>FR</country></address></addressbook></inventor><inventor mxw-id="PPAR919543844" load-source="docdb" sequence="2" format="epo"><addressbook><last-name>BOX BENOIT</last-name><address><country>FR</country></address></addressbook></inventor><inventor mxw-id="PPAR919509316" load-source="docdb" sequence="2" format="intermediate"><addressbook><last-name>BOX, BENOIT</last-name></addressbook></inventor><inventor mxw-id="PPAR919009345" load-source="patent-office" sequence="2" format="original"><addressbook><last-name>BOX, BENOIT</last-name><address><street>15C résidence Parc de la Faisanderie</street><city>F-95290 L'Isle Adam</city><country>FR</country></address></addressbook></inventor></inventors><agents><agent mxw-id="PPAR919015751" load-source="patent-office" sequence="1" format="original"><addressbook><last-name>Schwöbel, Karl T.</last-name><suffix>et al</suffix><iid>100797359</iid><address><street>Kutzenberger Wolff &amp; Partner Theodor-Heuss-Ring 23</street><city>50668 Köln</city><country>DE</country></address></addressbook></agent></agents></parties><international-convention-data><pct-or-regional-filing-data ucid="EP-2012000861-W"><document-id><country>EP</country><doc-number>2012000861</doc-number><kind>W</kind><date>20120228</date><lang>FR</lang></document-id></pct-or-regional-filing-data><pct-or-regional-publishing-data ucid="WO-2012116804-A1"><document-id><country>WO</country><doc-number>2012116804</doc-number><kind>A1</kind><date>20120907</date><lang>FR</lang></document-id></pct-or-regional-publishing-data><designated-states><ep-contracting-states><country mxw-id="DS549916133" load-source="docdb">AL</country><country mxw-id="DS549764093" load-source="docdb">AT</country><country mxw-id="DS549916134" load-source="docdb">BE</country><country mxw-id="DS549857853" load-source="docdb">BG</country><country mxw-id="DS549844004" load-source="docdb">CH</country><country mxw-id="DS549775000" load-source="docdb">CY</country><country mxw-id="DS549764094" load-source="docdb">CZ</country><country mxw-id="DS549916135" load-source="docdb">DE</country><country mxw-id="DS549775013" load-source="docdb">DK</country><country mxw-id="DS549775014" load-source="docdb">EE</country><country mxw-id="DS549843234" load-source="docdb">ES</country><country mxw-id="DS549857858" load-source="docdb">FI</country><country mxw-id="DS549857859" load-source="docdb">FR</country><country mxw-id="DS549916136" load-source="docdb">GB</country><country mxw-id="DS549775015" load-source="docdb">GR</country><country mxw-id="DS549916137" load-source="docdb">HR</country><country mxw-id="DS549764095" load-source="docdb">HU</country><country mxw-id="DS549844005" load-source="docdb">IE</country><country mxw-id="DS549775016" load-source="docdb">IS</country><country mxw-id="DS549857860" load-source="docdb">IT</country><country mxw-id="DS549775025" load-source="docdb">LI</country><country mxw-id="DS549844840" load-source="docdb">LT</country><country mxw-id="DS549764096" load-source="docdb">LU</country><country mxw-id="DS549844841" load-source="docdb">LV</country><country mxw-id="DS549844846" load-source="docdb">MC</country><country mxw-id="DS549763746" load-source="docdb">MK</country><country mxw-id="DS549763747" load-source="docdb">MT</country><country mxw-id="DS549764105" load-source="docdb">NL</country><country mxw-id="DS549843235" load-source="docdb">NO</country><country mxw-id="DS549844006" load-source="docdb">PL</country><country mxw-id="DS549844847" load-source="docdb">PT</country><country mxw-id="DS549764106" load-source="docdb">RO</country><country mxw-id="DS549844848" load-source="docdb">RS</country><country mxw-id="DS549844007" load-source="docdb">SE</country><country mxw-id="DS549857861" load-source="docdb">SI</country><country mxw-id="DS549843236" load-source="docdb">SK</country><country mxw-id="DS549844008" load-source="docdb">SM</country><country mxw-id="DS549763748" load-source="docdb">TR</country></ep-contracting-states></designated-states></international-convention-data><office-specific-data><eptags><ep-no-a-document-published>*</ep-no-a-document-published></eptags></office-specific-data></bibliographic-data><abstract mxw-id="PA99838071" ref-ucid="WO-2012116804-A1" lang="EN" load-source="patent-office"><p num="0000">The present invention relates to a dashboard for automobiles, wherein said dashboard includes at least one display area, the display area including a first portion and a second portion, wherein the first display area is located in a first main extension plane while the second display area is located in a second main extension plane. The second main extension plane is parallel to the first main extension plane and is offset relative to the first main extension plane in the direction of the user of the dashboard such that the second portion of the display area forms a diaphragm opening at least partially around the first portion of the display area, and such that the first portion of the display area is located in a central area of the dashboard. The dashboard includes a light source, and the display area comprises a frame member for defining the first portion of the display area, wherein the light source comprises a first portion for backlighting the first portion of the display area, as well as a second portion in which the light source extends beyond the first portion of the display area.</p></abstract><abstract mxw-id="PA100333673" ref-ucid="WO-2012116804-A1" lang="EN" source="national office" load-source="docdb"><p>The present invention relates to a dashboard for automobiles, wherein said dashboard includes at least one display area, the display area including a first portion and a second portion, wherein the first display area is located in a first main extension plane while the second display area is located in a second main extension plane. The second main extension plane is parallel to the first main extension plane and is offset relative to the first main extension plane in the direction of the user of the dashboard such that the second portion of the display area forms a diaphragm opening at least partially around the first portion of the display area, and such that the first portion of the display area is located in a central area of the dashboard. The dashboard includes a light source, and the display area comprises a frame member for defining the first portion of the display area, wherein the light source comprises a first portion for backlighting the first portion of the display area, as well as a second portion in which the light source extends beyond the first portion of the display area.</p></abstract><abstract mxw-id="PA99838072" ref-ucid="WO-2012116804-A1" lang="FR" load-source="patent-office"><p num="0000">La présente invention concerne un tableau de bord pour véhicules automobiles, le tableau de bord comprenant au moins une zone d'affichage, - la zone d'affichage comprenant une première partie, — la zone d'affichage comprenant une deuxième partie, la première partie de la zone d'affichage étant localisé dans un premier plan d'extension principale, la deuxième partie de la zone d'affichage étant localisé dans un deuxième plan d'extension principale, le deuxième plan d'extension principale étant localisé parallèle au premier plan d'extension principale, le deuxième plan d'extension principale étant translaté par rapport au premier plan d'extension principale vers un utilisateur du tableau de bord de manière à ce que la deuxième partie de la zone d'affichage forme une ouverture de diaphragme au moins partiellement autour de la première partie de la zone d'affichage et que la première partie de la zone d'affichage est localisée dans une zone centrale du tableau de bord, le tableau de bord comprenant une source de lumière, la zone d'affichage comprenant un élément de cadre pour définir la première partie de la zone d'affichage, la source de lumière comprenant une première partie pour rétro-éclairer la première partie de la zone d'affichage, et la source de lumière comprenant une deuxième partie dans laquelle la source de lumière dépasse la première partie de zone d'affichage.</p></abstract><abstract mxw-id="PA100333674" ref-ucid="WO-2012116804-A1" lang="FR" source="national office" load-source="docdb"><p>La présente invention concerne un tableau de bord pour véhicules automobiles, le tableau de bord comprenant au moins une zone d'affichage, - la zone d'affichage comprenant une première partie, - la zone d'affichage comprenant une deuxième partie, la première partie de la zone d'affichage étant localisé dans un premier plan d'extension principale, la deuxième partie de la zone d'affichage étant localisé dans un deuxième plan d'extension principale, le deuxième plan d'extension principale étant localisé parallèle au premier plan d'extension principale, le deuxième plan d'extension principale étant translaté par rapport au premier plan d'extension principale vers un utilisateur du tableau de bord de manière à ce que la deuxième partie de la zone d'affichage forme une ouverture de diaphragme au moins partiellement autour de la première partie de la zone d'affichage et que la première partie de la zone d'affichage est localisée dans une zone centrale du tableau de bord, le tableau de bord comprenant une source de lumière, la zone d'affichage comprenant un élément de cadre pour définir la première partie de la zone d'affichage, la source de lumière comprenant une première partie pour rétro-éclairer la première partie de la zone d'affichage, et la source de lumière comprenant une deuxième partie dans laquelle la source de lumière dépasse la première partie de zone d'affichage.</p></abstract><description mxw-id="PDES51233800" ref-ucid="WO-2012116804-A1" lang="FR" load-source="patent-office"><!-- EPO <DP n="3"/>--><p id="p0001" num="0001"> TABLEAU DE BORD ET METHODE D'ASSEMBLAGE D'UN TABLEAU DE BORD </p><p id="p0002" num="0002">La présente invention concerne, d'une part, un tableau de bord, notamment pour véhicule automobile, et d'autre part, une méthode d'assemblage d'un tableau de bord pour véhicule automobile. </p><p id="p0003" num="0003">Dans l'état connu de la technique, un tableau de bord pour véhicule automobile est connu produisant un effet luminescent d'auréole (effet halo en anglais), par exemple du document US 2006/0120062 A1. </p><p id="p0004" num="0004">De tels tableaux de bord peuvent comprendre une aiguille telle qu'une aiguille coudée par exemple pour afficher une valeur comme la vitesse ou d'autres grandeurs qui intéressent un conducteur d'un véhicule. </p><p id="p0005" num="0005">Par ailleurs, des tableaux de bord sont connus comprenant une zone d'affichage comprenant une première partie et comprenant une deuxième partie, la première partie de la zone d'affichage étant localisé dans un premier plan d'extension principale, la deuxième partie de la zone d'affichage étant localisé dans un deuxième plan d'extension principale, tel que la première partie de la zone d'affichage est localisée dans une zone centrale du tableau de bord. </p><p id="p0006" num="0006">Il est également connu de prévoir des aiguilles coudées qui peuvent être entraînées en rotation autour d'un axe de rotation derrière le cadran du tableau de bord pour permettre au tableau de bord d'afficher d'autres informations à l'endroit ou aux alentours de l'axe de rotation de l'aiguille. </p><p id="p0007" num="0007">Selon l'art antérieur, il est difficile de réaliser un tableau de bord de telle manière que les coûts associés sont minimisés et néanmoins une multitude de différents fonctions sont réalisées, notamment des fonctions de confort pour l'utilisateur tels que des modes d'illumination du tableau de bord. </p><p id="p0008" num="0008">La présente invention à notamment pour but de palier aux inconvénients de l'art connu, et notamment ceux cités ci-dessus et à également pour but de proposer un tableau de bord de façon à réaliser d'avantages de modes d'illumination. </p><p id="p0009" num="0009">Suivant l'invention, ce but est atteint par un tableau de bord pour véhicules automobiles, le tableau de bord comprenant au moins une zone d'affichage, 
<!-- EPO <DP n="4"/>-->
 - la zone d'affichage comprenant une première partie, </p><p id="p0010" num="0010"> - la zone d'affichage comprenant une deuxième partie, </p><p id="p0011" num="0011"> la première partie de la zone d'affichage étant localisé dans un premier plan d'extension principale, </p><p id="p0012" num="0012"> la deuxième partie de la zone d'affichage étant localisé dans un deuxième plan d'extension principale, </p><p id="p0013" num="0013"> le deuxième plan d'extension principale étant localisé parallèle au premier plan d'extension principale, le deuxième plan d'extension principale étant translaté par rapport au premier plan d'extension principale vers un utilisateur du tableau de bord de manière à ce que la deuxième partie de la zone d'affichage forme une ouverture de diaphragme au moins partiellement autour de la première partie de la zone d'affichage et que la première partie de la zone d'affichage est localisée dans une zone centrale du tableau de bord, le tableau de bord comprenant une source de lumière, et la zone d'affichage comprenant un élément de cadre pour définir la première partie de la zone d'affichage, la source de lumière comprenant une première partie pour rétro-éclairer la première partie de la zone d'affichage, et la source de lumière comprenant une deuxième partie dans laquelle la source de lumière dépasse la première partie de zone d'affichage. </p><p id="p0014" num="0014">De par une telle réalisation du tableau de bord, il est avantageusement possible de réaliser une illumination d'auréole entre la première partie de la zone d'affichage et la deuxième partie de la zone d'affichage. </p><p id="p0015" num="0015">Selon la présente invention, la deuxième partie de la zone d'affichage comprend une autre source de lumière. Avec la source de lumière et l'autre source de lumière, il est possible de rétro-éclairer la première partie de la zone d'affichage et la deuxième partie de la zone d'affichage. Le tableau de bord comprend un élément de fixation associé à la première partie de la zone d'affichage. Par ailleurs, le tableau de bord comprend la source de lumière et un dispositif d'affichage, la source de lumière et le dispositif d'affichage étant également associés à la première partie de la zone d'affichage. Il est préféré selon la présente invention que le dispositif d'affichage associé à la première partie de la zone d'affichage correspond approximativement, quant à ses dimensions, à l'élément de cadre pour définir la première partie de la zone d'affichage. Il est prévu selon la présente invention que la source de lumière dépasse (dans sa deuxième partie) la première partie de la zone d'affichage, c'est à dire que la source de lumière dépasse (dans sa deuxième partie) l'élément de cadre pour définir la première partie de la zone d'affichage. 
<!-- EPO <DP n="5"/>-->
 Ainsi, il est avantageusement possible selon la présente invention qu'une illumination égale ou régulière peut être réalisée à l'endroit du saut entre le premier plan d'extension principale et le deuxième plan d'extension principale (c'est à dire à l'endroit entre la première partie de la zone d'affichage et la deuxième partie de la zone d'affichage). </p><p id="p0016" num="0016">Un perfectionnement préféré de l'invention réside dans le fait que la lumière de la deuxième partie de la source de lumière illumine la région de l'élément de cadre pour définir la première partie de la zone d'affichage. </p><p id="p0017" num="0017">De par une telle réalisation du tableau de bord selon la présente invention, il est </p><p id="p0018" num="0018"> avantageusement possible d'adapter la (première partie de la) source de lumière à l'illumination de la première partie de la zone d'affichage. </p><p id="p0019" num="0019">Selon un autre mode de réalisation préféré du tableau de bord selon la présente invention, il est prévu que l'illumination de la deuxième partie de la source de lumière est visible par un utilisateur du tableau de bord. </p><p id="p0020" num="0020">Selon encore un autre mode de réalisation préféré du tableau de bord selon la présente invention, il est prévu que la lumière de la deuxième partie de source de lumière est visible par un utilisateur du tableau de bord dans la partie extérieur de l'élément de cadre pour définir la première partie de la zone d'affichage. </p><p id="p0021" num="0021">De par une telle réalisation du tableau de bord, il est avantageusement possible de réaliser un effet d'auréole autour de la première partie de la zone d'affichage. </p><p id="p0022" num="0022">Selon encore un autre mode de réalisation préféré du tableau de bord selon la présente invention, il est prévu que le tableau de bord comprend une aiguille entraînée en rotation autour d'un axe de rotation, l'axe de rotation étant prévue positionnée dans la première partie de la zone d'affichage, l'aiguille étant visible par un utilisateur uniquement dans la deuxième partie de la zone d'affichage. </p><p id="p0023" num="0023">De par une telle réalisation du tableau de bord, il est avantageusement possible d'utiliser la partie centrale du tableau de bord pour l'affichage d'une information autre que l'information indiquée par l'aiguille. 
<!-- EPO <DP n="6"/>-->
 Un autre perfectionnement préféré de l'invention réside dans le fait que la première partie de la zone d'affichage comprend un dispositif d'affichage, notamment à cristaux liquides (LCD, en anglais: liquid crystal display). </p><p id="p0024" num="0024">Encore un autre perfectionnement préféré de l'invention réside dans le fait que le dispositif d'affichage est un dispositif d'affichage de type matriciel. </p><p id="p0025" num="0025">Un autre perfectionnement préféré de l'invention réside dans le fait que le tableau de bord comprend une aiguille entraînée en rotation autour d'un axe de rotation, l'axe de rotation étant prévue positionnée dans la première partie de la zone d'affichage, l'aiguille étant visible par un utilisateur dans la première partie de la zone d'affichage. </p><p id="p0026" num="0026">Un autre objet de la présente invention concerne une méthode d'assemblage d'un tableau de bord pour véhicules automobiles, le tableau de bord comprenant au moins une zone d'affichage,: </p><p id="p0027" num="0027"> -- la zone d'affichage comprenant une première partie, </p><p id="p0028" num="0028"> - la zone d'affichage comprenant une deuxième partie, </p><p id="p0029" num="0029"> la première partie de la zone d'affichage étant localisé dans un premier plan d'extension principale, </p><p id="p0030" num="0030"> la deuxième partie de la zone d'affichage étant localisé dans un deuxième plan d'extension principale, </p><p id="p0031" num="0031"> le deuxième plan d'extension principale étant localisé parallèle au premier plan d'extension principale, le deuxième plan d'extension principale étant translaté par rapport au premier plan d'extension principale vers un utilisateur du tableau de bord de manière à ce que la deuxième partie de la zone d'affichage forme une ouverture de diaphragme au moins partiellement autour de la première partie de la zone d'affichage et que la première partie de la zone d'affichage est localisée dans une zone centrale du tableau de bord, caractérisé en ce que </p><p id="p0032" num="0032">le tableau de bord comprend une source de lumière, et la zone d'affichage comprenant un élément de cadre pour définir la première partie de la zone d'affichage, la source de lumière comprenant une première partie pour rétro-éclairer la première partie de la zone d'affichage, la méthode d'assemblage comprenant une étape pendant laquelle l'élément de cadre est positionné tel que la deuxième partie de la source de lumière dépasse la première partie de la zone d'affichage. </p><p id="p0033" num="0033">D'autres caractéristiques et avantages de l'invention ressortiront à la lecture de la description qui suit d'un mode de réalisation particulier non limitatif de l'invention. 
<!-- EPO <DP n="7"/>-->
 BREVE DESCRIPTION DES DESSINS </p><p id="p0034" num="0034">L'invention sera mieux comprise grâce à la description ci-après, qui se rapporte à des modes de réalisation préférés, donnés à titre d'exemples non limitatifs, et expliqués avec référence aux dessins schématiques annexés, dans lesquels : la figure 1 est une vue schématique de dessus d'un tableau de bord rétro-éclairé, la figure 2 est une vue schématique d'un tableau de bord rétro-éclairé selon l'état de la technique connu, la figure 3A est une vue schématique d'explosion d'un tableau de bord selon la figure 2, la figure 3B est une vue schématique de perspective d'un dispositif de support, d'un élément de fixation avec une source de lumière et avec un dispositif d'affichage rétro-éclairé selon l'état de la technique, la figure 3C est une vue schématique de perspective d'un élément de cadre d'un tableau de bord, la figure 4A est une vue schématique de dessus d'un élément de fixation avec une source de lumière selon l'état de la technique, la figure 4B est une vue schématique de dessus d'un dispositif de support avec une source de lumière et avec un dispositif d'affichage rétro-éclairé selon l'état de la technique, la figure 5A est une vue schématique de dessus d'un dispositif de support avec une source de lumière, la figure 5B est une vue schématique de dessus d'un dispositif de support avec une source de lumière et un dispositif d'affichage, la figure 6A est une vue schématique de dessus d'un dispositif d'affichage et d'une source de lumière selon la Figure 5B et un dispositif de fixation, et 
<!-- EPO <DP n="8"/>-->
 la figure 6B est une vue schématique de dessus d'un dispositif d'affichage rétro-éclairé avec des informations affichées, positionné dans un élément de cadre et avec une illumination périphérique quasiment homogène. </p><p id="p0035" num="0035">DESCRIPTION DES DESSINS </p><p id="p0036" num="0036">Des parties ou composants correspondants dans différentes figures sont désignés par les mêmes signes de référence dans les différentes figures. </p><p id="p0037" num="0037">La figure 1 est une vue schématique de dessus d'un tableau de bord 1. </p><p id="p0038" num="0038">Le tableau de bord 1 est entouré par un dispositif de cadre 2. Le tableau de bord 1 comprend au moins une zone d'affichage, la zone d'affichage comprenant une première partie 1.1 de la zone d'affichage et une deuxième partie 1.2 de la zone d'affichage. La première partie 1.1 de la zone d'affichage est entouré par un élément de cadre 2.1 qui fait partie du dispositif de cadre 2. L'élément de cadre 2.1 est aussi appelé cadre 2.1 par la suite. </p><p id="p0039" num="0039">La première partie 1.1 de la zone d'affichage comprend (ou est localisé dans) un premier plan d'extension principale. La deuxième partie 1.2 de la zone d'affichage comprend (ou est localisé dans) un deuxième plan d'extension principale. Le deuxième plan d'extension principale est localisé parallèle au premier plan d'extension principale, le deuxième plan d'extension principale étant translaté par rapport au premier plan d'extension principale vers un utilisateur du tableau de bord 1 de manière à ce que la deuxième partie 1.2 de la zone d'affichage forme une ouverture de diaphragme 1.3 au moins partiellement autour de la première partie 1.1 de la zone d'affichage et que la première partie 1.1 de la zone d'affichage est localisée dans une zone centrale du tableau de bord 1. </p><p id="p0040" num="0040">Selon un exemple préféré de l'invention, la deuxième partie 1.2 de la zone d'affichage contourne la première partie 1.1 de la zone d'affichage de telle manière que la deuxième partie 1.2 de la zone d'affichage comprend un cadran pour une aiguille qui peut être entraîné en rotation autour d'un axe de rotation, l'aiguille étant de préférence prévue dans les première et deuxième parties 1.1 , 1.2 de la zone d'affichage. Par exemple, l'aiguille peut être prévu en tant qu'aiguille coudée, non-visible par un utilisateur dans (ou devant) la première partie 1.1 de la zone d'affichage et visible, par un utilisateur, uniquement dans (ou devant) la deuxième partie 1.2 de la zone d'affichage. Alternativement, l'aiguille peut être prévu en tant qu'aiguille qui est visible par un utilisateur dans (ou devant) les première et deuxième partie 1.1 , 1.2 de la zone d'affichage. 
<!-- EPO <DP n="9"/>-->
 A l'endroit entre la première partie 1.1 de la zone d'affichage et la deuxième partie 1.2 de la zone d'affichage, une transition est réalisée du premier plan d'extension principale au deuxième plan d'extension principale. Cette transition n'est pas visible par un utilisateur. La première partie 1.1 de la zone d'affichage est au moins partiellement contournée part la deuxième partie 1.2 de la zone d'affichage tel que l'ouverture de diaphragme 1.3 est réalisée. L'ouverture de diaphragme 1.3 est réalisé en tant que bord de diaphragme qui contourne la première partie 1.1 de la zone d'affichage qui est contourné au moins partiellement par la deuxième partie 1.2 de la zone d'affichage. Il est également possible et préféré selon la présente invention que la première partie 1.1 est complètement contourné par la deuxième partie 1.2 de la zone d'affichage. </p><p id="p0041" num="0041">Dans l'exemple représenté, la première partie 1.1 de la zone d'affichage est prévue en tant que dispositif d'affichage 1.1.1 ayant la possibilité d'afficher un nombre d'informations affichée, notamment en forme de dispositif d'affichage à transistors à couche mince (en anglais: TFT-display, thin film transistor display). Au dispositif d'affichage 1.1.1 est associé une source de lumière 1.1.2 qui est attachée au dispositif d'affichage 1.1.1 par l'intermédiaire</p><p id="p0042" num="0042">- d'une fixation par adhésion et/ou </p><p id="p0043" num="0043"> - par la forme du dispositif d'affichage 1.1.1 et de la source de lumière 1.1.2 et/ou </p><p id="p0044" num="0044"> - par une fusion des matériaux du dispositif d'affichage 1.1.1 et de la source de lumière 1.1.2. </p><p id="p0045" num="0045">La source de lumière 1.1.2 sert à rétro-éclairer la première partie 1.1 de la zone d'affichage. A l'endroit de l'ouverture de diaphragme 1.3 de la deuxième partie de la zone d'affichage, c'est à dire à l'endroit de la transition entre la première partie 1.1 de la zone d'affichage et la deuxième partie 1.2 de la zone d'affichage, il y a une émergence de la lumière L telle que l'émergence est distribuée de manière quasiment homogène autour de l'ouverture de diaphragme 1.3, notamment quasiment homogène par rapport au rétro-éclairage de la deuxième partie .2 de la zone d'affichage. </p><p id="p0046" num="0046">L'émergence de la lumière L à l'endroit de l'ouverture de diaphragme 1.3 a un effet d'auréole (en anglais: effet "halo") dans la direction d'un utilisateur du tableau de bord, c'est à dire une couronne de lumière (ou un demi-cercle de lumière) autour de la première partie 1.1 de la zone d'affichage, c'est à dire autour du dispositif d'affichage 1.1.1. </p><p id="p0047" num="0047">La deuxième partie 1.2 de la zone d'affichage comprend un film (ou une couche) qui est en partie non-transparent (ou qui a une transparence réduite dans certaines parties). D'autres 
<!-- EPO <DP n="10"/>-->
 parties de ce film (ou de cette couche) sont prévues avec une plus grand transparence en forme de symboles et/ou en forme d'un cadran et/ou en forme de chiffres de telle manière que du à un rétro-éclairage de la deuxième partie 1.2 de la zone d'affichage les symboles et/ou le cadran et/ou les chiffres sont bien visibles par un utilisateur du tableau de bord du véhicule. </p><p id="p0048" num="0048">Les figures 2 à 3C montrent un tableau de bord selon l'état de la technique. </p><p id="p0049" num="0049">Le dispositif d'affichage 1.1.1 comprend un élément conducteur 1.1.1.1 qui relie le dispositif d'affichage 1.1.1 avec un module de contrôle (qui n'est pas représenté dans les figures et) à l'aide duquel le dispositif d'affichage 1.1.1 peut être contrôlé. Dans l'exemple représenté, la source de lumière 1.1.2 est réalisée en tant que matrice de diodes électroluminescentes (en anglais: LED array, array of light emitting diodes) et formé en un angle, comportant une première partie (ou branche) 1.1.2.1 et une deuxième partie (ou branche) 1.1.2.2 qui sont orienté l'un par rapport à l'autre en un angle de 90°. La première partie (ou branche) 1.1.2.1 de la source de lumière 1.1.2 est par exemple orientée horizontalement dans sa position d'utilisation (mais représenté verticalement dans la figure 3A), et la deuxième partie (ou branche) 1.1.2.2 de la source de lumière 1.1.2 est par exemple orientée verticalement dans sa position d'utilisation (mais représenté horizontalement dans la figure 3A). Par exemple, la deuxième partie (ou branche) 1.1.2.2 de la source de lumière 1.1.2 forme une surface plane qui est orientée vers l'utilisateur. La première partie (ou branche) 1.1.2.1 de la source de lumière 1.1.2 est détourné de l'utilisateur et orienté vers un dispositif de fixation 1.1.3. La première partie (ou branche) 1.1.2.1 de la source de lumière 1.1.2 sert à positionner ou attacher la source de lumière 1.1.2 à l'élément de fixation 1.1.3. La source de lumière 1.1.2 est attachée à l'élément de fixation 1.1.3 par l'intermédiaire </p><p id="p0050" num="0050"> - d'une fixation par adhésion et/ou </p><p id="p0051" num="0051"> - par la forme de la source de lumière 1.1.2 et de l'élément de fixation 1.1.3 et/ou </p><p id="p0052" num="0052"> - par une fusion des matériaux de la source de lumière 1.1.2 et de l'élément de fixation 1.1.3. </p><p id="p0053" num="0053">L'élément de fixation 1.1.3 a une forme qui correspond à la forme de la source de lumière 1.1.2, notamment en formant un angle ayant une première partie (ou branche) 1.1.3.1 de l'élément de fixation 1.1.3 qui est orientée horizontalement dans sa position d'utilisation (mais représenté verticalement dans la figure 3A), et ayant une deuxième partie (ou branche) 1.1.3.2 de l'élément de fixation 1.1.3 qui est orientée verticalement dans sa position d'utilisation (mais représenté horizontalement dans la figure 3A). L'élément de fixation 1.1.3 est notamment réalisé d'un matériau isolant électriquement, de préférence un matériau 
<!-- EPO <DP n="11"/>-->
 plastique. L'élément de fixation 1.1.3 est notamment positionné dans un logement d'un dispositif de support 3 du tableau de bord 1. Le dispositif de support 3 sert notamment pour recevoir une pluralité d'élément de lumière. Le dispositif de fixation 1.1.3 est attaché au dispositif de support 3 </p><p id="p0054" num="0054"> - par l'intermédiaire d'une fixation par adhésion et/ou </p><p id="p0055" num="0055"> - par la forme du dispositif de fixation 1.1.3 et du dispositif de support 3 et/ou </p><p id="p0056" num="0056"> -- par une fusion des matériaux du dispositif de fixation 1.1.3 et du dispositif de support 3. </p><p id="p0057" num="0057">Les figures 4A et 4B sont des vues schématiques de dessus d'un élément de fixation 1.1.3 avec une source de lumière 1.1.2. Dans la figure 4A, la deuxième partie (ou branche) 1.1.2.2 de la source de lumière 1.1.2 est représentée. Dans la figure 4B, le dispositif d'affichage 1.1.1 et l'élément de cadre 2.1 sont représentés. La deuxième partie (ou branche) 1.1.2.2 de la source de lumière 1.1.2 comprend une surface qui correspond à une surface de la deuxième partie (ou branche) 1.1.3.2 du dispositif de fixation 1.1.3 de façon à ce que la surface de la deuxième partie (ou branche) 1.1.3.2 du dispositif de fixation 1.1.3 soit quasiment complètement couverte du dispositif d'affichage 1.1.1. </p><p id="p0058" num="0058">La surface du dispositif d'affichage 1.1.1 correspond quasiment complètement avec la surface de la deuxième partie (ou branche) 1.1.3.2 du dispositif de fixation 1.1.3 et avec la surface de la deuxième partie (ou branche) 1.1.2.2 de la source de lumière 1.1.2. Ainsi, cette surface de la source de lumière 1.1.2 est quasiment complètement couverte par le dispositif d'affichage 1.1.1. </p><p id="p0059" num="0059">Les figures 5A et 5B montrent un tableau de bord 1 selon la présente invention. Pour réaliser un rétro-eclairage de manière homogène de la deuxième partie 1.2 de la zone d'affichage (c'est à dire pour réaliser un rétro-eclairage homogène L à l'endroit de l'ouverture de diaphragme 1.3 de la deuxième partie 1.2 de la zone d'affichage), un dispositif de fixation 1.1.3 et une source de lumière 1.1.2 selon la présente invention sont montrés dans les figures 5A et 5B. Notamment dans la figure 5B, il est visible que la surface du dispositif de fixation 1.1.3 et notamment la surface de la source de lumière 1.1.2 selon la présente invention sont plus grande(s) que la surface du dispositif d'affichage 1.1.1 (et notamment aussi la surface de la deuxième partie (ou branche) 1.1.3.2 du dispositif de fixation 1.1.3) de façon à ce que la source de lumière 1.1.2 forme une première partie pour rétro-éclairer la première partie 1.1 de la zone d'affichage et une deuxième partie dans laquelle la source de lumière 1.1.2 dépasse la première partie 1.1 de la zone d'affichage. 
<!-- EPO <DP n="12"/>-->
 La figure 6A est une vue schématique de dessus d'un dispositif d'affichage 1.1.1 et d'une source de lumière 1.1.2 selon la Figure 5B et un dispositif de fixation .1.3. La figure 6A montre le dispositif d'affichage 1.1.1 dans son état illuminé. </p><p id="p0060" num="0060">La figure 6B est une vue schématique de dessus du dispositif d'affichage 1.1.1 rétro-éclairé avec des informations affichées, positionné dans l'élément de cadre 2.1 avec une illumination périphérique quasiment homogène dans la deuxième partie de la source de lumière 1.1.2. Lorsque le dispositif d'affichage 1.1.1 est positionné avec la source de lumière 1.1.2 et le dispositif de fixation 1.1.3 dans l'élément de cadre 2.1 du dispositif de cadre 2, l'émergence de lumière L (tel que représenté dans la figure 1 ) est réalisée à l'aide duquel un rétro-éclairage et une émergence de lumière L est possible de réaliser de façon homogène à l'endroit de la transition entre la première partie 1.1 de la zone d'affichage et la deuxième partie 1.2 de la zone d'affichage (c'est à dire en partie aussi un rétro-éclairage de la deuxième partie 1.2 de la zone d'affichage) sans qu'un élément supplémentaire ou plusieurs éléments supplémentaires soit nécessaires pour rétro-éclairer la deuxième partie 1.2 de la zone d'affichage. 
<!-- EPO <DP n="13"/>-->
</p><p id="p0061" num="0061">Liste des signes de référence </p><p id="p0062" num="0062">1 tableau de bord </p><p id="p0063" num="0063"> 1.1 première partie de la zone d'affichage </p><p id="p0064" num="0064"> 1.1.1 dispositif d'affichage </p><p id="p0065" num="0065"> 1.1.1.1 élément conducteur </p><p id="p0066" num="0066"> 1.1.2 source de lumière </p><p id="p0067" num="0067"> 1.1.2.1 première partie (ou branche) de la source de lumière </p><p id="p0068" num="0068"> 1.1.2.2 deuxième partie (ou branche) de la source de lumière </p><p id="p0069" num="0069"> 1.1.3 dispositif de fixation </p><p id="p0070" num="0070"> 1.1.3.1 première partie (ou branche) du dispositif de fixation </p><p id="p0071" num="0071"> 1.1.3.2 deuxième partie (ou branche) du dispositif de fixation </p><p id="p0072" num="0072"> 1.2 deuxième partie de la zone d'affichage </p><p id="p0073" num="0073"> 1.3 ouverture de diaphragme </p><p id="p0074" num="0074"> 2 dispositif de cadre </p><p id="p0075" num="0075"> 2.1 cadre / élément de cadre </p><p id="p0076" num="0076"> 3 dispositif de support </p><p id="p0077" num="0077"> L émergence de la lumière à l'endroit de l'ouverture de diaphragme 
</p></description><claims mxw-id="PCLM44852984" ref-ucid="WO-2012116804-A1" lang="FR" load-source="patent-office"><claim-statement><!-- EPO <DP n="14"/>-->12 Revendications: </claim-statement><claim id="clm-0001" num="1"><claim-text>1. Tableau de bord (1) pour véhicules automobiles, le tableau de bord comprenant au moins une zone d'affichage, </claim-text><claim-text> - la zone d'affichage comprenant une première partie (1.1 ), </claim-text><claim-text> - la zone d'affichage comprenant une deuxième partie (1.2), </claim-text><claim-text> la première partie (1.1 ) de la zone d'affichage étant localisé dans un premier plan d'extension principale, </claim-text><claim-text> la deuxième partie (1.2) de la zone d'affichage étant localisé dans un deuxième plan d'extension principale, </claim-text><claim-text> le deuxième plan d'extension principale étant localisé parallèle au premier plan d'extension principale, le deuxième plan d'extension principale étant translaté par rapport au premier plan d'extension principale vers un utilisateur du tableau de bord (1) de manière à ce que la deuxième partie (1.2) de la zone d'affichage forme une ouverture de diaphragme (1.3) au moins partiellement autour de la première partie de la zone d'affichage et que la première partie (1.1 ) de la zone d'affichage est localisée dans une zone centrale du tableau de bord (1), caractérisé en ce que </claim-text><claim-text> le tableau de bord (1 ) comprend une source de lumière (1.1.2), et la zone d'affichage comprenant un élément de cadre (2.1 ) pour définir la première partie (1.1 ) de la zone d'affichage, la source de lumière (1.1.2) comprenant une première partie pour rétro- éclairer la première partie (1.1) de la zone d'affichage, et la source de lumière (1.1.2) comprenant une deuxième partie dans laquelle la source de lumière (1.1.2) dépasse la première partie (1.1 ) de zone d'affichage. </claim-text></claim><claim id="clm-0002" num="2"><claim-text>2. Tableau de bord (1 ) selon la revendication 1, caractérisé en ce que la lumière de la deuxième partie de la source de lumière (1.1.2) illumine la région de l'élément de cadre (2.1) pour définir la première partie (1.1) de la zone d'affichage. </claim-text></claim><claim id="clm-0003" num="3"><claim-text>3. Tableau de bord (1) selon l'une quelconque des revendications précédentes, </claim-text><claim-text> caractérisé en ce que l'illumination de la deuxième partie de la source de lumière (1.1.2) est visible par un utilisateur du tabieau de bord (1). </claim-text></claim><claim id="clm-0004" num="4"><claim-text>4. Tableau de bord (1 ) selon l'une quelconque des revendications précédentes, </claim-text><claim-text> caractérisé en ce que la lumière de la deuxième partie de source de lumière (1 1 2) est visible par un utilisateur du tableau de bord (1) dans la partie extérieur de <!-- EPO <DP n="15"/>--> l'élément de cadre (2.1 ) pour définir la première partie (1.1 ) de la zone d'affichage. </claim-text></claim><claim id="clm-0005" num="5"><claim-text>5. Tableau de bord (1 ) selon l'une quelconque des revendications précédentes, </claim-text><claim-text> caractérisé en ce que le tableau de bord (1 ) comprend une aiguille entraînée en rotation autour d'un axe de rotation, l'axe de rotation étant prévue positionnée dans la première partie (1.1 ) de la zone d'affichage, l'aiguille étant visible par un utilisateur uniquement dans la deuxième partie (1.2) de la zone d'affichage. </claim-text></claim><claim id="clm-0006" num="6"><claim-text>6. Tableau de bord (1 ) selon l'une quelconque des revendications précédentes, </claim-text><claim-text> caractérisé en ce que la première partie (1.1 ) de la zone d'affichage comprend un dispositif d'affichage, notamment à cristaux liquides (LCD, en anglais: liquid crystal display). </claim-text></claim><claim id="clm-0007" num="7"><claim-text>7. Tableau de bord (1 ) selon l'une quelconque des revendications précédentes, </claim-text><claim-text> caractérisé en ce que le dispositif d'affichage est un dispositif d'affichage de type matriciel. </claim-text></claim><claim id="clm-0008" num="8"><claim-text>8. Tableau de bord (1 ) selon l'une quelconque des revendications précédentes, </claim-text><claim-text> caractérisé en ce que le tableau de bord (1 ) comprend une aiguille entraînée en rotation autour d'un axe de rotation, l'axe de rotation étant prévue positionnée dans la première partie (1.1 ) de la zone d'affichage, J'aiguille étant visible par un utilisateur dans la première partie (1.1 ) de la zone d'affichage. </claim-text></claim><claim id="clm-0009" num="9"><claim-text>9. Méthode d'assemblage d'un tableau de bord pour véhicules automobiles, le tableau de bord comprenant au moins une zone d'affichage,: </claim-text><claim-text> - la zone d'affichage comprenant une première partie (1.1 ), </claim-text><claim-text> -- la zone d'affichage comprenant une deuxième partie (1.2), </claim-text><claim-text> la première partie ( 1.1 ) de la zone d'affichage étant localisé dans un premier plan d'extension principale, </claim-text><claim-text> la deuxième partie (1.2) de la zone d'affichage étant localisé dans un deuxième plan d'extension principale, </claim-text><claim-text> le deuxième plan d'extension principale étant localisé parallèle au premier plan d'extension principale, le deuxième plan d'extension principale étant translaté par rapport au premier plan d'extension principale vers un utilisateur du tableau de bord (1 ) de manière à ce que la deuxième partie (1.2) de la zone d'affichage forme une ouverture de diaphragme (1.3) au moins partiellement autour de la première partie de la zone d'affichage et que la première partie de la zone d'affichage est localisée dans <!-- EPO <DP n="16"/>--> une zone centrale du tableau de bord, caractérisé en ce que </claim-text><claim-text>le tableau de bord (1) comprend une source de lumière (1.1.2), et la zone d'affichage comprenant un élément de cadre (2.1 ) pour définir la première partie (1.1) de la zone d'affichage, la source de lumière (1.1.2) comprenant une première partie pour rétro- éclairer la première partie ( 1.1 ) de la zone d'affichage, </claim-text><claim-text>la méthode d'assemblage comprenant une étape pendant laquelle l'élément de (2.1 ) cadre est positionné tel que la deuxième partie de la source de lumière (1.1.2) dépasse la première partie (1.1) de la zone d'affichage. </claim-text></claim></claims><copyright>User acknowledges that Fairview Research LLC and its third party providers retain all right, title and interest in and to this xml under applicable copyright laws.  User acquires no ownership rights to this xml including but not limited to its format.  User hereby accepts the terms and conditions of the Licence Agreement</copyright></patent-document>
