<?xml version="1.0" encoding="UTF-8"?>
<patent-document ucid="EP-2958813-A1" country="EP" doc-number="2958813" kind="A1" date="20151230" family-id="48048706" file-reference-id="311201" date-produced="20180822" status="corrected" lang="EN"><bibliographic-data><publication-reference fvid="160453865" ucid="EP-2958813-A1"><document-id><country>EP</country><doc-number>2958813</doc-number><kind>A1</kind><date>20151230</date><lang>EN</lang></document-id></publication-reference><application-reference ucid="EP-14708320-A" is-representative="NO"><document-id mxw-id="PAPP193870698" load-source="docdb" format="epo"><country>EP</country><doc-number>14708320</doc-number><kind>A</kind><date>20140220</date><lang>EN</lang></document-id><document-id mxw-id="PAPP193870699" load-source="patent-office" format="original"><country>EP</country><doc-number>14708320.8</doc-number><date>20140220</date><lang>EN</lang></document-id></application-reference><priority-claims><priority-claim mxw-id="PPC162033319" ucid="GB-201303009-A" load-source="docdb"><document-id format="epo"><country>GB</country><doc-number>201303009</doc-number><kind>A</kind><date>20130220</date></document-id></priority-claim><priority-claim mxw-id="PPC162028521" ucid="GB-2014050499-W" linkage-type="W" load-source="docdb"><document-id format="epo"><country>GB</country><doc-number>2014050499</doc-number><kind>W</kind><date>20140220</date></document-id></priority-claim></priority-claims><technical-data><classifications-ipcr><classification-ipcr mxw-id="PCL-1988520758" load-source="docdb">B65D  81/127       20060101ALI20140911BHEP        </classification-ipcr><classification-ipcr mxw-id="PCL-1988524482" load-source="docdb">B65D   5/50        20060101ALI20140911BHEP        </classification-ipcr><classification-ipcr mxw-id="PCL-1988526662" load-source="docdb">B65D   5/02        20060101AFI20140911BHEP        </classification-ipcr></classifications-ipcr><classifications-cpc><classification-cpc mxw-id="PCL-1984697443" load-source="docdb" scheme="CPC">B65D   5/4266      20130101 LI20160107BHEP        </classification-cpc><classification-cpc mxw-id="PCL-1984698427" load-source="docdb" scheme="CPC">B65D2585/6837      20130101 LA20160108BHEP        </classification-cpc><classification-cpc mxw-id="PCL-1984699986" load-source="docdb" scheme="CPC">B65D   5/5028      20130101 LI20160108BHEP        </classification-cpc><classification-cpc mxw-id="PCL-1984701692" load-source="docdb" scheme="CPC">B65D   5/0281      20130101 LI20160107BHEP        </classification-cpc><classification-cpc mxw-id="PCL-1984701849" load-source="docdb" scheme="CPC">B65D   5/0245      20130101 LI20160108BHEP        </classification-cpc><classification-cpc mxw-id="PCL-1984703161" load-source="docdb" scheme="CPC">B65D  81/1275      20130101 LI20160108BHEP        </classification-cpc><classification-cpc mxw-id="PCL-1984704798" load-source="docdb" scheme="CPC">B65D   5/509       20130101 LI20160108BHEP        </classification-cpc><classification-cpc mxw-id="PCL-1984705639" load-source="docdb" scheme="CPC">B65D  81/03        20130101 FI20160107BHEP        </classification-cpc></classifications-cpc><invention-title mxw-id="PT165553061" lang="DE" load-source="patent-office">UMHÜLLUNGSBEHÄLTER</invention-title><invention-title mxw-id="PT165553062" lang="EN" load-source="patent-office">WRAP AROUND CONTAINER</invention-title><invention-title mxw-id="PT165553063" lang="FR" load-source="patent-office">CONTENANT ENVELOPPANT</invention-title><citations><non-patent-citations><nplcit><text>See references of WO 2014128473A1</text><sources><source mxw-id="PNPL67568439" load-source="docdb" name="SEA"/></sources></nplcit></non-patent-citations></citations></technical-data><parties><applicants><applicant mxw-id="PPAR1103344710" load-source="docdb" sequence="1" format="epo"><addressbook><last-name>PACKAGING ONE LTD</last-name><address><country>GB</country></address></addressbook></applicant><applicant mxw-id="PPAR1103313421" load-source="docdb" sequence="1" format="intermediate"><addressbook><last-name>PACKAGING ONE LIMITED</last-name></addressbook></applicant><applicant mxw-id="PPAR1101653148" load-source="patent-office" sequence="1" format="original"><addressbook><last-name>Packaging One Limited</last-name><iid>101477008</iid><address><street>Unit 5 Byley Warehousing Moss Lane Byley</street><city>Middlewich, Cheshire CW10 9NG</city><country>GB</country></address></addressbook></applicant></applicants><inventors><inventor mxw-id="PPAR1103343732" load-source="docdb" sequence="1" format="epo"><addressbook><last-name>CHESWORTH IAN NEIL</last-name><address><country>GB</country></address></addressbook></inventor><inventor mxw-id="PPAR1103324300" load-source="docdb" sequence="1" format="intermediate"><addressbook><last-name>CHESWORTH, Ian Neil</last-name></addressbook></inventor><inventor mxw-id="PPAR1101649001" load-source="patent-office" sequence="1" format="original"><addressbook><last-name>CHESWORTH, Ian Neil</last-name><address><street>68 Mornant Avenue Hartford</street><city>Northwich Cheshire CW8 2FQ</city><country>GB</country></address></addressbook></inventor></inventors><agents><agent mxw-id="PPAR1101642370" load-source="patent-office" sequence="1" format="original"><addressbook><last-name>Murgatroyd, Susan Elizabeth</last-name><suffix>et al</suffix><iid>100026841</iid><address><street>Baron Warren Redfern Cambridge House 100 Cambridge Grove</street><city>Hammersmith London W6 0LE</city><country>GB</country></address></addressbook></agent></agents></parties><international-convention-data><pct-or-regional-filing-data ucid="GB-2014050499-W"><document-id><country>GB</country><doc-number>2014050499</doc-number><kind>W</kind><date>20140220</date><lang>EN</lang></document-id></pct-or-regional-filing-data><pct-or-regional-publishing-data ucid="WO-2014128473-A1"><document-id><country>WO</country><doc-number>2014128473</doc-number><kind>A1</kind><date>20140828</date><lang>EN</lang></document-id></pct-or-regional-publishing-data><designated-states><ep-contracting-states><country mxw-id="DS660647259" load-source="docdb">AL</country><country mxw-id="DS660644042" load-source="docdb">AT</country><country mxw-id="DS660642847" load-source="docdb">BE</country><country mxw-id="DS660795388" load-source="docdb">BG</country><country mxw-id="DS660736433" load-source="docdb">CH</country><country mxw-id="DS660642848" load-source="docdb">CY</country><country mxw-id="DS660644051" load-source="docdb">CZ</country><country mxw-id="DS660647261" load-source="docdb">DE</country><country mxw-id="DS660642849" load-source="docdb">DK</country><country mxw-id="DS660642850" load-source="docdb">EE</country><country mxw-id="DS660725207" load-source="docdb">ES</country><country mxw-id="DS660795389" load-source="docdb">FI</country><country mxw-id="DS660736434" load-source="docdb">FR</country><country mxw-id="DS660642859" load-source="docdb">GR</country><country mxw-id="DS660647267" load-source="docdb">HR</country><country mxw-id="DS660644052" load-source="docdb">HU</country><country mxw-id="DS660725208" load-source="docdb">IE</country><country mxw-id="DS660642860" load-source="docdb">IS</country><country mxw-id="DS660795390" load-source="docdb">IT</country><country mxw-id="DS660642861" load-source="docdb">LI</country><country mxw-id="DS660795391" load-source="docdb">LT</country><country mxw-id="DS660726022" load-source="docdb">LU</country><country mxw-id="DS660795392" load-source="docdb">LV</country><country mxw-id="DS660795393" load-source="docdb">MC</country><country mxw-id="DS660726027" load-source="docdb">MK</country><country mxw-id="DS660726028" load-source="docdb">MT</country><country mxw-id="DS660726029" load-source="docdb">NL</country><country mxw-id="DS660736439" load-source="docdb">NO</country><country mxw-id="DS660726030" load-source="docdb">PL</country><country mxw-id="DS660725209" load-source="docdb">PT</country><country mxw-id="DS660760321" load-source="docdb">RO</country><country mxw-id="DS660725210" load-source="docdb">RS</country><country mxw-id="DS660726035" load-source="docdb">SE</country><country mxw-id="DS660647269" load-source="docdb">SI</country><country mxw-id="DS660736440" load-source="docdb">SK</country><country mxw-id="DS660736441" load-source="docdb">SM</country><country mxw-id="DS660642862" load-source="docdb">TR</country></ep-contracting-states><ep-extended-states><ep-extended-state-data><country>BA</country></ep-extended-state-data><ep-extended-state-data><country>ME</country></ep-extended-state-data></ep-extended-states></designated-states></international-convention-data><office-specific-data><eptags><ep-no-a-document-published>*</ep-no-a-document-published></eptags></office-specific-data></bibliographic-data><abstract mxw-id="PA139078447" ref-ucid="WO-2014128473-A1" lang="EN" load-source="patent-office"><p num="0000">A wrap around container (31) for holding an electronic device (53) has a substantially rectangular panel (34) comprising a device receiving portion (43) at one end of the panel (34), a fixing portion (35) at the opposite end of the panel (34), and a wrap around portion (37) in between. A pair of flaps (32, 33) extend from opposite sides of the device receiving portion (43) of the panel (34), each side being on a respective longitudinal edge of the rectangular panel (34). Each flap (32, 33) is arranged to be folded into a closed position where the flap (32, 33) is over at least a part of the device receiving portion (43) and an upper surface of a device (53) when placed on the device receiving portion (43). The wrap around portion (37) is arranged to wrap at least over the flaps (32, 33) in the closed position and the fixing portion (35) is arranged to be fixed to an outside of the container (31) after wrapping of the wrap around portion (37) to close the container (31). Foam means (50) extend over at least part of the device receiving portion (43) and onto the surface of each flap (32, 33) facing the device receiving portion (43) when in the closed position so as to form a foam barrier between a device (53) placed on the device receiving portion (43) and the device receiving portion (43) and the closed flaps (32, 33). The foam means (50) are attached to the device receiving portion (43) and the two flaps (32, 33) and the foam means (50) is configured to be peelable away from the container (31) when the container (31) is open.</p></abstract><abstract mxw-id="PA139545002" ref-ucid="WO-2014128473-A1" lang="EN" source="national office" load-source="docdb"><p>A wrap around container (31) for holding an electronic device (53) has a substantially rectangular panel (34) comprising a device receiving portion (43) at one end of the panel (34), a fixing portion (35) at the opposite end of the panel (34), and a wrap around portion (37) in between. A pair of flaps (32, 33) extend from opposite sides of the device receiving portion (43) of the panel (34), each side being on a respective longitudinal edge of the rectangular panel (34). Each flap (32, 33) is arranged to be folded into a closed position where the flap (32, 33) is over at least a part of the device receiving portion (43) and an upper surface of a device (53) when placed on the device receiving portion (43). The wrap around portion (37) is arranged to wrap at least over the flaps (32, 33) in the closed position and the fixing portion (35) is arranged to be fixed to an outside of the container (31) after wrapping of the wrap around portion (37) to close the container (31). Foam means (50) extend over at least part of the device receiving portion (43) and onto the surface of each flap (32, 33) facing the device receiving portion (43) when in the closed position so as to form a foam barrier between a device (53) placed on the device receiving portion (43) and the device receiving portion (43) and the closed flaps (32, 33). The foam means (50) are attached to the device receiving portion (43) and the two flaps (32, 33) and the foam means (50) is configured to be peelable away from the container (31) when the container (31) is open.</p></abstract><abstract mxw-id="PA139078448" ref-ucid="WO-2014128473-A1" lang="FR" load-source="patent-office"><p num="0000">La présente invention concerne un contenant enveloppant (31), destiné à maintenir un dispositif électronique (53), qui présente un panneau (34) sensiblement rectangulaire, contenant une partie (43) de réception de dispositif sur une extrémité du panneau (34), une partie fixation (35) située à l'extrémité opposée du panneau (34) et une partie enveloppante (37) entre deux. Une paire de rabats (32, 33) s'étend depuis les côtés opposés de la partie (43) de réception de dispositif du panneau (34), chaque côté se trouvant sur un bord longitudinal respectif du panneau rectangulaire (34). Chaque rabat (32, 33) est agencé de manière à être plié en position fermée, où le rabat (32, 33) se trouve sur au moins une partie de la partie (43) de réception de dispositif et une surface supérieure d'un dispositif (53), lorsqu'il est placé sur la partie (43) de réception de dispositif. La partie (37) enveloppante est agencée pour s'envelopper au moins au-dessus des rabats (32, 33) dans la position fermée et la partie (35) de fixation est agencée pour être fixée sur un extérieur du contenant (31), après enveloppement de la partie (37) enveloppante, afin de fermer le contenant (31). Un moyen (50) de mousse s'étend sur au moins une partie de la partie (43) de réception de dispositif et sur la surface de chaque rabat (32, 33) qui est face à la partie (43) de réception de dispositif lorsqu'elle est en position fermée, de manière à former une barrière de mousse entre un dispositif (53) placé sur la partie (43) de réception de dispositif et la partie (43) de réception de dispositif et les rabats fermés (32, 33). Le moyen (50) de mousse est fixé à la partie (43) de réception de dispositif et aux deux rabats (32, 33) et le moyen (50) de mousse est conçu pour être décollé du contenant (31) lorsque le contenant (31) est ouvert.</p></abstract><abstract mxw-id="PA139545003" ref-ucid="WO-2014128473-A1" lang="FR" source="national office" load-source="docdb"><p>La présente invention concerne un contenant enveloppant (31), destiné à maintenir un dispositif électronique (53), qui présente un panneau (34) sensiblement rectangulaire, contenant une partie (43) de réception de dispositif sur une extrémité du panneau (34), une partie fixation (35) située à l'extrémité opposée du panneau (34) et une partie enveloppante (37) entre deux. Une paire de rabats (32, 33) s'étend depuis les côtés opposés de la partie (43) de réception de dispositif du panneau (34), chaque côté se trouvant sur un bord longitudinal respectif du panneau rectangulaire (34). Chaque rabat (32, 33) est agencé de manière à être plié en position fermée, où le rabat (32, 33) se trouve sur au moins une partie de la partie (43) de réception de dispositif et une surface supérieure d'un dispositif (53), lorsqu'il est placé sur la partie (43) de réception de dispositif. La partie (37) enveloppante est agencée pour s'envelopper au moins au-dessus des rabats (32, 33) dans la position fermée et la partie (35) de fixation est agencée pour être fixée sur un extérieur du contenant (31), après enveloppement de la partie (37) enveloppante, afin de fermer le contenant (31). Un moyen (50) de mousse s'étend sur au moins une partie de la partie (43) de réception de dispositif et sur la surface de chaque rabat (32, 33) qui est face à la partie (43) de réception de dispositif lorsqu'elle est en position fermée, de manière à former une barrière de mousse entre un dispositif (53) placé sur la partie (43) de réception de dispositif et la partie (43) de réception de dispositif et les rabats fermés (32, 33). Le moyen (50) de mousse est fixé à la partie (43) de réception de dispositif et aux deux rabats (32, 33) et le moyen (50) de mousse est conçu pour être décollé du contenant (31) lorsque le contenant (31) est ouvert.</p></abstract><description mxw-id="PDES78477558" ref-ucid="WO-2014128473-A1" lang="EN" load-source="patent-office"><!-- EPO <DP n="2"/>--><p id="p0001" num="0001"> WRAP AROUND CONTAINER </p><p id="p0002" num="0002">The present invention relates to a wrap around container for holding an electronic device such as smart phones, hand-held tablet PCs, HDDs, optical drives and LCD screens whilst in transit, for example by mail or courier service. </p><p id="p0003" num="0003"> An existing wrap around container for holding a product, such as a DVD, which is to be mailed is disclosed in GB 2441997. The container is made from corrugated cardboard and comprises a base panel separated by a lateral fold line from a wrap around panel. The end of the wrap around panel distal from the base panel is connected to a securing flap by a tear strip. A pair of side wall flaps extend from opposite sides of the base panel, and each flap is arranged to be folded over an upper surface of a product placed on the base panel. The wrap around panel is then wrapped over the flaps and underneath the base panel, the securing flap being fixed to the underside of the base panel by adhesive. </p><p id="p0004" num="0004"> A problem with this wrap around container is that it is not suitable for transporting electronic devices such as smart phones and hand-held tablet PCs as the corrugated cardboard provides insufficient protection to the device from impact to the container. </p><p id="p0005" num="0005"> It is an object of the present invention to provide a wrap around container that alleviates the above-mentioned problem. </p><p id="p0006" num="0006"> According to the present invention there is provided a wrap around container for holding an electronic device, the container comprising: </p><p id="p0007" num="0007"> a substantially rectangular panel including a device receiving portion at one end of the panel, a fixing portion at the opposite end of the panel, and a wrap around portion in between; </p><p id="p0008" num="0008"> a pair of flaps extending from opposite sides of the device receiving portion of the panel, each side being on a respective longitudinal edge of the rectangular panel, and each flap being arranged to be folded into a closed position where the flap is over at least a part of the device receiving portion and 
<!-- EPO <DP n="3"/>-->
 an upper surface of a device when placed on the device receiving portion, the wrap around portion being arranged to wrap at least over the flaps in the closed position and the fixing portion being arranged to be fixed to an outside of the container after wrapping of the wrap around portion to close the container; and foam means extending over at least part of the device receiving portion and onto the surface of each flap facing the device receiving portion when in the closed position so as to form a foam barrier between a device placed on the device receiving portion and the device receiving portion and the closed flaps, the foam means being attached to the device receiving portion and/or at least one of the two flaps, the foam means being configured to be peelable away from the container when the container is open. </p><p id="p0009" num="0009"> By having the foam means, the wrap around container can more readily protect an electronic device held within by absorbing shock from say the container being dropped or being moved suddenly. Since the foam means is peelable away from the container, the foam means can be easily separated or removed enabling the rectangular panel and the flaps of the container to be recycled separately from the foam means. All of the container can thus be recycled. </p><p id="p0010" num="0010"> The container is arranged to tightly wrap around the device when the container is closed so that the device cannot move around in the container. The Royal Mail requires this when they are to transport lithium battery powered electronic devices. The wrap around container when closed around a tablet PC or smart phone would be of a sufficiently small size so that it can be posted as a large letter. The wrap around container may be used, for example, to hold a new electronic device or an electronic device that is being sent to or from repair. </p><p id="p0011" num="0011"> The foam means may be attached to the container by double sided tape. Alternatively, the foam means may be attached to the container by an adhesive that enables it to be peeled away. Such an adhesive is used on letters on which new credit cards are attached. </p><p id="p0012" num="0012"> The foam means may comprise a single foam member that extends over 
<!-- EPO <DP n="4"/>-->
 the device receiving portion and onto the surface of each flap facing the device receiving portion when in the closed position. This is suitable for transporting a smart phone. </p><p id="p0013" num="0013"> The foam means may comprise a pair of foam members wherein each foam member extends over a part of the device receiving portion and onto the surface of each flap facing the device receiving portion when in the closed position. This arrangement is suitable for transporting an electronic device such as a tablet PC. </p><p id="p0014" num="0014"> A gap or a second gap may be provided between facing distal ends of the foam members on the surface of each flap facing the device receiving portion when in the closed position. </p><p id="p0015" num="0015"> Another gap or a first gap may be provided between facing ends of the foam members on the device receiving portion. </p><p id="p0016" num="0016"> The gap and/or the another gap provide shock dissipation. </p><p id="p0017" num="0017"> The foam means may include a foam strip that extends longitudinally over part of the surface of the wrap around portion facing the device receiving portion when folded over the flaps in the closed position, the foam strip being positioned to fit within the gap. The foam strip may extend in a longitudinal plane to form a further foam barrier, the further foam barrier being between opposite sides of a device held in the container and the wrap around portion when the container is closed. The foam strip may extend into said another gap. The foam strip thus provides a way of protecting opposite sides of the device which would not be protected by the foam member or members. </p><p id="p0018" num="0018"> The foam means comprises a load bearing foam which may comprise closed cell foam. The foam means comprises a load bearing foam which may comprise an olefinic polymer. The foam means comprises a load bearing foam which may comprise a polyethylene foam. </p><p id="p0019" num="0019"> The wrap around portion is preferably arranged to be wrapped under the device receiving portion, the fixing portion being arranged to be fixed to an outer surface of the wrap around portion above the flaps in the closed position to 
<!-- EPO <DP n="5"/>-->
 close the container. The fixing portion may comprise a flap arranged to be fixed to the outside of the container after wrapping of the wrap around portion to close the container and a severable strip between the fixing portion flap and the wrap around portion. </p><p id="p0020" num="0020"> The wrap around portion may have a protrusion for being on the outside of each flap in the closed position. The protrusion can engage a side of the flap to provide additional strength to the flap in the closed position. </p><p id="p0021" num="0021"> The substantially rectangular panel and the flaps of the wrap around container may comprise corrugated cardboard, the flutes of the corrugated cardboard of the panel and the flaps running laterally. The arrangement of panel and flaps of corrugated cardboard, and the foam means provide optimum cushioning for an electronic device held in the wrap around container. The foam means and corrugated cardboard provides a compression aid which widely spreads the load of other containers stacked above it. The foam means provides strength for stacking as it is load bearing. The containers can be stacked securely. </p><p id="p0022" num="0022"> Embodiments of the present invention will now be described, by way of example, with reference to the accompanying schematic drawings, in which: </p><p id="p0023" num="0023"> Figure 1 is a perspective view of a wrap around container in an open state in accordance with a first embodiment of the present invention; </p><p id="p0024" num="0024"> Figures 2 and 3 are perspective views of the wrap around container of Figure 1 as it is being closed; </p><p id="p0025" num="0025"> Figure 4 is a perspective view of part of the wrap around container of Figure 1 when the container is closed; </p><p id="p0026" num="0026"> Figure 5 is a longitudinal sectional view of the wrap around container of</p><p id="p0027" num="0027">Figure 1 when the container is closed; </p><p id="p0028" num="0028"> Figure 6 is a perspective view of a blank forming part of a modified wrap around container; </p><p id="p0029" num="0029"> Figures 7 and 8 are perspective views of the blank of Figure 6 in various stages of being folded; 
<!-- EPO <DP n="6"/>-->
 Figure 9 is a perspective view of the modified wrap around container comprising the folded blank and foam members; </p><p id="p0030" num="0030"> Figure 10 is a perspective view of the wrap around container of Figure 9 with a hand held tablet PC placed on it; </p><p id="p0031" num="0031"> Figures 11 and 12 are perspective views of the wrap around container of</p><p id="p0032" num="0032">Figure 9 in various stages of being wrapped around the tablet PC; </p><p id="p0033" num="0033"> Figure 13 is a sectional perspective view of the container of Figure 9 wrapped around the tablet PC; </p><p id="p0034" num="0034"> Figure 14 is a sectional perspective view of a modified container wrapped around a smart phone; and </p><p id="p0035" num="0035"> Figure 15 is a plan view of a specific example of a blank for a wrap around container. </p><p id="p0036" num="0036"> Referring to Figure 1 of the accompanying drawings, a wrap around container or carton 1 according to a first embodiment of the invention comprises a substantially rectangular panel 2. The panel 2 comprises a device receiving portion 3 at one end of the panel 2, a fixing portion 4 at the opposite end of the panel 2, and a wrap around portion 5 in between. The container 1 also has a pair of flaps 6, 7. One end portion 8 (see also Fig. 2) of a major surface of each flap 6, 7 is fixed by adhesive to a major surface of the device receiving portion 3 adjacent to a respective longitudinal edge of the rectangular panel 2. Each flap 6, 7 is bent back on itself so that a distal end of the flap extends away from the other flap. </p><p id="p0037" num="0037"> The wrap around portion 5 has a first lateral fold line 10 with the device receiving portion 3, a second lateral fold line 1 1 and a third lateral fold line 12 with a tapered part 13 of the wrap around portion 5. The tapered part 13 is initially of the same width as the rest of the wrap around portion 5 before it tapers to a shorter width where it is fixed to a fixing flap 14 of the fixing portion 4 by a severable strip 15 of the fixing portion 4. The fixing flap 14 has a self- adhesive sealing strip (not shown). </p><p id="p0038" num="0038"> The wrap around portion 5 has a pair of longitudinal side strips 17 which 
<!-- EPO <DP n="7"/>-->
 are folded so as to produce double thickness edge strips and are held down by a strong adhesive. These edge strips 17 provide strengthened side impact protection. </p><p id="p0039" num="0039"> Each flap 6, 7 is covered by a foam member 18 and the foam member 18 extends onto the major surface of the device receiving portion 3. There is a first gap 19 between facing ends 18a of the foam members 18. A foam strip 20 extends longitudinally between the first and second lateral fold lines 10, 1 1 and slightly beyond each fold line 10, 1 1 , the portion 21 of the foam strip 20 which extends slightly beyond the first fold line 10 extending into the first gap 19 between the flap foam members 18. Each flap foam member 18 is attached to its respective flap 6, 7 and the device receiving portion 3, and the foam strip 20 is attached to the wrap around portion 5. This may be done by double sided adhesive tape (not shown). </p><p id="p0040" num="0040"> Referring to Figure 2, an electronic device such as a tablet PC (not shown), which is substantially cuboid in shape, is placed on the device receiving portion 3. It rests on the end portion 22 of each foam member 18 that is adjacent the first gap 19 and spans the first gap 19 between the foam members 18. The two flaps 6, 7 are folded towards each other over the electronic device and in Figure 3, the wrap around portion 5 is folded over the device receiving portion 3 and the flaps 6, 7. </p><p id="p0041" num="0041"> Referring to Figures 4 and 5, the wrap around portion 5 is wrapped in a longitudinal direction. It is folded from the first fold line 10 up and over the folded flaps 6, 7 which are now in a closed position. Each foam member 18 thus extends over a part of the device receiving portion 3 and onto the surface of a respective flap 6, 7 facing the device receiving portion 3 and there is a second gap 19' between facing distal ends 18b of the foam members 18 on said flap surfaces. Each foam member 18 is also adjacent an upper surface of the electronic device placed on the device receiving portion 3. The foam strip 20 is on the surface of the wrap around portion 5 facing the device receiving portion 3 and fits within the second gap 19' between the two foam members 18. The first 
<!-- EPO <DP n="8"/>-->
 gap 19 provided between the foam members 18 provides shock dissipation. The gaps 19, 19' are aligned with each other. </p><p id="p0042" num="0042"> The wrap around portion 5 is folded about the second fold line 1 1 and down and underneath the device receiving portion 3. The wrap around portion 5 is then folded about the third fold line 12 and the fixing portion 4 is over an outer surface of the wrap around portion 5 above the folded flaps 6, 7 with the fixing flap 14 being fixed to the wrap around portion 5 by adhesive which has been exposed by removing the self-adhesive sealing strip. The container 1 is thus secured tightly around the device and is closed. The foam members 18 form a foam barrier between the device and the device receiving portion 3 and the flaps 6, 7. Each foam member 18 has a C shape fit around the device. The end portion 21 of the foam strip 20 protects one side of the device and extends into the first gap 19 and the opposite end portion 23 protects the other or opposite side of the device. The foam strip 20 thus provides a further foam barrier and extends in a longitudinal plane 25 (see Figure 4). The opposite end portion 23 includes the portion 21 that extends in the first gap 19 and underneath the device. The foam members 18 and foam strip 20 are strategically placed to protect the device in the container 1 . They act as bumpers compressing and decompressing inside a closed container 1 to protect the device inside if the container 1 is, say, dropped or subjected to sudden movement. </p><p id="p0043" num="0043"> To remove the device from the closed wrap around container 1 the severable strip 15 is ripped away and the wrap around container 1 is unwrapped. To dispose of the wrap around container 1 each flap foam member 8 is peeled away from its respective flap 6, 7 and the device receiving portion 3, and the foam strip 20 is peeled away from the wrap around portion 5 so that the foam and the rest of the container can be easily recycled. </p><p id="p0044" num="0044"> The foam used for the foam members 18 and the foam strip 20 comprises an olefinic polymer such as polyethylene. This is stronger than a soft foam such as polyurethane. Also, if polyurethane foam was used it would be glued to the 
<!-- EPO <DP n="9"/>-->
 corrugated cardboard with a permanent adhesive and could therefore not be easily separated from the cardboard causing a problem for recycling. </p><p id="p0045" num="0045"> The substantially rectangular panel 2 and the flaps 6, 7 comprise corrugated cardboard, the flutes of the corrugated cardboard of the panel and the flaps running laterally as indicated by arrow 24 on Figure 2. </p><p id="p0046" num="0046"> In a specific example of a preferred embodiment, the foam is a 28 kg/m<sup>3</sup> load bearing foam which is suitable for use with tablet PCs. The foam is preferably of a thickness of about 7 mm. When the wrap around container 1 is secured around a device it would have a thickness of about 30 to 38 mm, and the closed flaps 6, 7 would be a height t (see Figure 4) of about 21 mm above the device receiving portion 3. </p><p id="p0047" num="0047"> Referring to Figure 6, a blank 30 for forming part of a modified wrap around container 31 has a pair of flaps 32, 33 at one end of the substantially rectangular panel 34. The flaps 32, 33 are shown adjacent each other but they may be separated by a gap. The fixing portion 35 is at the opposite end of the panel 34. It includes the tapered portion 36 which is adjacent one end of the wrap around portion 37 of the rectangular panel 34. Unlike the tapered portion 13 illustrated in Figure 1 , there is no double thickness edge strip along the tapered portion 36 for the modified wrap around container 31 . The fixing portion 35 also has a self-seal adhesive strip 38, 39 on the fixing flap 40 on one side of the severable strip 41 of the fixing portion 35 and on the tapered portion 36 on the other side of the severable strip 41 . A longitudinal strip 42 is on each longitudinal side of the wrap around portion 37 of the panel 34 and there is no longitudinal strip on each longitudinal side of the device receiving portion 43 of the panel 34 which is between the wrap around portion 37 and the flaps 32, 33. </p><p id="p0048" num="0048"> The end portion of each flap 32, 33 adjacent each respective longitudinal edge of the rectangular panel 34 has a strip of glue or adhesive 44 and the end portion is the only part of the flap connected to the device receiving portion 43 of the rectangular panel 34. Each longitudinal strip 42 has a square of glue 45 at the end adjacent the device receiving portion 43 and a strip of glue 46 at the 
<!-- EPO <DP n="10"/>-->
 opposite end. In between the square of glue 45 and the strip of glue 46, the longitudinal strip 42 is unglued and has a diagonal crease 47 extending across the width of the strip 42 from each corner of the unglued strip 48 adjacent the rectangular panel 34. </p><p id="p0049" num="0049"> Referring to Figure 7, each longitudinal strip 42 is folded onto the square of glue 45 and the strip of glue 46, and the unglued strip is lifted up from the rectangular panel 34 to form a locking crease 48. Each flap 32, 33 is folded onto the device receiving portion 43 and is held down to the device receiving portion 43 by the respective strip of glue 44. Each flap 32, 33 is then folded back over its end portion having the strip of glue 44 and away from each other (see Figure 8). Each flap 32, 33 is covered by the foam member 50 (see Figure 9) which also extends onto the major surface of the device receiving portion 43. Each foam member 50 is attached to its respective flap and the device receiving portion 43 by double sided tape 56 shown on Figure 8. The foam strip 51 is on the wrap around portion 37 of the rectangular panel 34 and extends into the first gap 52 between facing ends 50a of the flap foam members 50. The foam strip 51 is attached to the wrap around portion 37 and the device receiving portion 43 by double sided tape 56 shown on Figure 8. </p><p id="p0050" num="0050"> A tablet PC 53 is placed on the device receiving portion 43 (see Figure 10) and rests on the end portion of each foam member 50 that is adjacent the first gap 52. The two flaps 32, 33 are folded towards each other over the tablet PC 53 so that the foam member 50 for each flap is adjacent an upper surface of the tablet PC 53 (see Figure 11 ), there being a second gap 52' between facing distal ends 50b (see Figure 13) of the flaps. The wrap around portion 37 is folded over the folded flaps 32, 33 which are now in a closed position (see</p><p id="p0051" num="0051">Figures 12 and 13) and there is a locking crease 48 on the outside of a side portion 54 of each folded flap 32, 33. The foam strip 51 on the surface of the wrap around portion 37 facing the device receiving portion 43 fits within the second gap 52' between the two foam members 50. </p><p id="p0052" num="0052"> The wrap around portion 37 is then folded underneath the device 
<!-- EPO <DP n="11"/>-->
 receiving portion 43. The fixing portion 35 is placed over an outer surface of the wrap around portion 37 above the folded flaps 32, 33 with the fixing flap 40 and the tapered portion 36 being fixed to the wrap around portion 37 by adhesive which has been exposed by removing the respective self-adhesive sealing strips 38, 39 to close the container 31 . </p><p id="p0053" num="0053"> The locking creases 48 form protrusions on the wrap around portion 37. The locking creases 48 provide additional strength to the folded flaps 32, 33 adding extra protection to the closed container 31 from side impact. Since the locking creases 48 prevent the sides 54 of the folded flaps 32, 33 from moving outwards this prevents movement of the device inside the closed container 31 . Each locking crease 48 may cover three quarters of the side 54 of the respective folded flap 32, 33. </p><p id="p0054" num="0054"> Also, the locking creases 48 prevent someone from trying to remove a device from a closed container without it appearing that the closed container has been tampered with. Known wrap around containers, such as that described in GB 2441997, can have a side portion of a folded flap cut along one edge enabling the device inside to be removed and the cut side portion can then be pushed back to make it look like the container has not been tampered with. To do this with the closed container 31 , the locking crease 48 would need to be cut as well which would provide evidence that the closed container 31 has been tampered with. </p><p id="p0055" num="0055"> When the container 31 is closed, opposite end portions 55 (see Figure 13) of the foam strip 51 protect opposite sides 53a of the tablet PC 53 and provides a foam barrier with the part of the wrap around portion 37 adjacent the opposite sides 53a. </p><p id="p0056" num="0056"> Referring to Figure 14, another modified wrap around container 60 is shown wrapped around a smart phone 61 . It is similar to the wrap around container 31 illustrated in Figures 6 to 13 but it does not have a foam strip 51 . Also, instead of having two foam members 50, there is a single foam member 62 that extends over the device receiving portion 63 and onto the surface of each 
<!-- EPO <DP n="12"/>-->
 flap 64, 65 facing the device receiving portion 63 when in the closed position. In a specific example of a preferred embodiment, when the wrap around container 60 is secured around a device, the closed flaps 64, 65 would be a height t of about 13 mm above the device receiving portion 63. This height is suitable for all mobile phones. In a modification, there may be no gap 66 between the facing distal ends of the closed flaps and/or foam member. </p><p id="p0057" num="0057"> Referring to Figure 15, a specific example of a preferred embodiment of a blank 70 for forming part of a wrap around container has a gap w of 35 mm between the flaps 71 , 72. This is particularly suitable for a wrap around container for a tablet PC. The longitudinal strips 73 have an 8 bar crease 74 with the wrap around portion 75. The diagonal creases 76 of each locking crease 77 have an 8 bar crease 74 and opposite ends of the locking crease 77 have an 8 bar crease 74. Each flap 71 , 72 has an 8 bar crease 74 with the flap end portion to be glued to the device receiving portion 78. Where each flap 71 , 72 is to be folded from being beside a device to being on top of the device, this fold would have a normal crease 79. Where each flap 71 , 72 is connected to the device receiving portion 78, the fold here would have a normal crease 79. The remainder of each flap 71 , 72 is perforated cut 80 from the device receiving portion 78. The fixing portion 81 is shown as having a single self-adhesive sealing strip 82 on the fixing flap 83 only. Glue or adhesive 84 is shown to be on the same places as on the blank 30 illustrated in Figure 6 except that there is glue 84' on the device receiving portion 78 instead of on the end portions of the flaps. </p><p id="p0058" num="0058"> Whilst particular embodiments have been described, it will be understood that various modifications may be made without departing from the scope of the invention. 
</p></description><claims mxw-id="PCLM70077834" ref-ucid="WO-2014128473-A1" lang="EN" load-source="patent-office"><claim-statement><!-- EPO <DP n="13"/>--> CLAIMS: </claim-statement><claim id="clm-0001" num="1"><claim-text>1 . A wrap around container (31 ) for holding an electronic device (53), the container comprising: </claim-text><claim-text> a substantially rectangular panel (34) including a device receiving portion</claim-text><claim-text>(43) at one end of the panel (34), a fixing portion (35) at the opposite end of the panel (34), and a wrap around portion (37) in between; </claim-text><claim-text> a pair of flaps (32, 33) extending from opposite sides of the device receiving portion (43) of the panel (34), each side being on a respective longitudinal edge of the rectangular panel (34), and each flap (32, 33) being arranged to be folded into a closed position where the flap (32, 33) is over at least a part of the device receiving portion (43) and an upper surface of a device (53) when placed on the device receiving portion (43), the wrap around portion (37) being arranged to wrap at least over the flaps (32, 33) in the closed position and the fixing portion (35) being arranged to be fixed to an outside of the container (31 ) after wrapping of the wrap around portion (37) to close the container (31 ); and </claim-text><claim-text> foam means (50) extending over at least part of the device receiving portion (43) and onto the surface of each flap (32, 33) facing the device receiving portion (43) when in the closed position so as to form a foam barrier between a device (53) placed on the device receiving portion (43) and the device receiving portion (43) and the closed flaps (32, 33), the foam means (50) being attached to the device receiving portion (43) and/or at least one of the two flaps (32, 33), the foam means (50) being configured to be peelable away from the container (31 ) when the container (31 ) is open. </claim-text></claim><claim id="clm-0002" num="2"><claim-text>2. The wrap around container as claimed in claim 1 , wherein the wrap around portion (37) is arranged to be wrapped under the device receiving portion (43), the fixing portion (35) being arranged to be fixed to an outer surface of the wrap around portion (37) above the flaps (32, 33) in the closed 
<!-- EPO <DP n="14"/>-->
 position to close the container (31 ). </claim-text></claim><claim id="clm-0003" num="3"><claim-text>3. The wrap around container as claimed in claim 1 or 2, wherein the foam means (50) is attached to the container (31 ) by double sided tape (56). </claim-text></claim><claim id="clm-0004" num="4"><claim-text>4. The wrap around container as claimed in claim 1 or 2, wherein the foam means is attached to the container by adhesive. </claim-text></claim><claim id="clm-0005" num="5"><claim-text>5. The wrap around container as claimed in any preceding claim, wherein the foam means comprises a single foam member (62) that extends over the device receiving portion (63) and onto the surface of each flap (64, 65) facing the device receiving portion (43) when in the closed position. </claim-text></claim><claim id="clm-0006" num="6"><claim-text>6. The wrap around container as claimed in any one of claims 1 to 4, wherein the foam means comprises a pair of foam members (50) wherein each foam member (50) extends over a part of the device receiving portion (43) and onto the surface of each flap (32, 33) facing the device receiving portion (43) when in the closed position. </claim-text></claim><claim id="clm-0007" num="7"><claim-text>7. The wrap around container as claimed in claim 5 or 6, including a gap (52') between facing distal ends (50b) of the foam members (50) on the surface of each flap (32, 33) facing the device receiving portion (43) when in the closed position. </claim-text></claim><claim id="clm-0008" num="8"><claim-text>8. The wrap around container as claimed in claims 6 and 7, including another gap (52) between facing ends (50a) of the foam members (50) on the device receiving portion (43). </claim-text></claim><claim id="clm-0009" num="9"><claim-text>9. The wrap around container as claimed in claim 7 or 8, wherein the foam means includes a foam strip (51 ) that extends longitudinally over part of the surface of the wrap around portion (37) facing the device receiving portion (43) when folded over the flaps (32, 33) in the closed position, the foam strip (51 ) 
<!-- EPO <DP n="15"/>-->
 being positioned to fit within the gap (52'). </claim-text></claim><claim id="clm-0010" num="10"><claim-text>10. The wrap around container as claimed in claim 9, wherein the foam strip (51 ) extends in a longitudinal plane to form a further foam barrier, the further foam barrier being between opposite sides of a device (56) held in the container (31 ) and the wrap around portion (37) when the container (31 ) is closed. </claim-text></claim><claim id="clm-0011" num="11"><claim-text>1 1 . The wrap around container as claimed in claims 8 and 10, wherein the foam strip (51 ) extends into said another gap (52). </claim-text></claim><claim id="clm-0012" num="12"><claim-text>12. The wrap around container as claimed in any preceding claim, wherein the foam means (50, 51 ) comprises a closed cell foam. </claim-text></claim><claim id="clm-0013" num="13"><claim-text>13. The wrap around container as claimed in any preceding claim, wherein the foam means (50, 51 ) comprises an olefinic polymer. </claim-text></claim><claim id="clm-0014" num="14"><claim-text>14. The wrap around container as claimed in claim 13, wherein the foam means (50, 51 ) comprises a polyethylene foam. </claim-text></claim><claim id="clm-0015" num="15"><claim-text>15. The wrap around container as claimed in any preceding claim, wherein the fixing portion (35) comprises a flap (40) arranged to be fixed to the outside of the container (31 ) after wrapping of the wrap around portion (37) to close the container (31 ) and a severable strip (41 ) between the fixing portion flap (40) and the wrap around portion (37). 
</claim-text></claim></claims><copyright>User acknowledges that Fairview Research LLC and its third party providers retain all right, title and interest in and to this xml under applicable copyright laws.  User acquires no ownership rights to this xml including but not limited to its format.  User hereby accepts the terms and conditions of the Licence Agreement</copyright></patent-document>
