<?xml version="1.0" encoding="UTF-8"?>
<patent-document ucid="EP-2958464-A1" country="EP" doc-number="2958464" kind="A1" date="20151230" family-id="51350105" file-reference-id="318326" date-produced="20180822" status="corrected" lang="EN"><bibliographic-data><publication-reference fvid="160453720" ucid="EP-2958464-A1"><document-id><country>EP</country><doc-number>2958464</doc-number><kind>A1</kind><date>20151230</date><lang>EN</lang></document-id></publication-reference><application-reference ucid="EP-14754244-A" is-representative="NO"><document-id mxw-id="PAPP193870408" load-source="docdb" format="epo"><country>EP</country><doc-number>14754244</doc-number><kind>A</kind><date>20140207</date><lang>EN</lang></document-id><document-id mxw-id="PAPP193870409" load-source="patent-office" format="original"><country>EP</country><doc-number>14754244.3</doc-number><date>20140207</date><lang>EN</lang></document-id></application-reference><priority-claims><priority-claim mxw-id="PPC162033693" ucid="US-201361766143-P" load-source="docdb"><document-id format="epo"><country>US</country><doc-number>201361766143</doc-number><kind>P</kind><date>20130219</date></document-id></priority-claim><priority-claim mxw-id="PPC162028559" ucid="US-2014015193-W" linkage-type="W" load-source="docdb"><document-id format="epo"><country>US</country><doc-number>2014015193</doc-number><kind>W</kind><date>20140207</date></document-id></priority-claim></priority-claims><technical-data><classifications-ipcr><classification-ipcr mxw-id="PCL-1916212575" load-source="docdb">A47F   9/04        20060101AFI20160712BHEP        </classification-ipcr></classifications-ipcr><classifications-cpc><classification-cpc mxw-id="PCL-1946262612" load-source="docdb" scheme="CPC">B65B2210/04        20130101 LA20160425BHEP        </classification-cpc><classification-cpc mxw-id="PCL-1987763245" load-source="docdb" scheme="CPC">B65D   5/0254      20130101 LI20140917BHEP        </classification-cpc><classification-cpc mxw-id="PCL-1987769568" load-source="docdb" scheme="CPC">B65D   5/542       20130101 LI20140917BHEP        </classification-cpc><classification-cpc mxw-id="PCL-1987778622" load-source="docdb" scheme="CPC">B65B   5/06        20130101 LI20141128BHEP        </classification-cpc><classification-cpc mxw-id="PCL-1987789332" load-source="docdb" scheme="CPC">B65B  57/14        20130101 LI20141128BHEP        </classification-cpc><classification-cpc mxw-id="PCL-1987790635" load-source="docdb" scheme="CPC">B65B  61/26        20130101 LI20140821BHEP        </classification-cpc><classification-cpc mxw-id="PCL-1987797546" load-source="docdb" scheme="CPC">B65D   5/4279      20130101 FI20141201BHEP        </classification-cpc></classifications-cpc><invention-title mxw-id="PT165552626" lang="DE" load-source="patent-office">INDIVIDUELLES VERPACKUNGSZENTRUM UND VERPACKUNG ZUR VERWENDUNG IN DEM INDIVIDUELLEN VERPACKUNGSZENTRUM</invention-title><invention-title mxw-id="PT165552627" lang="EN" load-source="patent-office">CUSTOM PACKAGING CENTER AND PACKAGING FOR USE IN THE CUSTOM PACKAGING CENTER</invention-title><invention-title mxw-id="PT165552628" lang="FR" load-source="patent-office">CENTRE D'EMBALLAGE SUR MESURE ET EMBALLAGE DESTINÉ À ÊTRE UTILISÉ DANS LE CENTRE D'EMBALLAGE SUR MESURE</invention-title></technical-data><parties><applicants><applicant mxw-id="PPAR1103308236" load-source="docdb" sequence="1" format="epo"><addressbook><last-name>NESTEC SA</last-name><address><country>CH</country></address></addressbook></applicant><applicant mxw-id="PPAR1103324684" load-source="docdb" sequence="1" format="intermediate"><addressbook><last-name>NESTEC S.A.</last-name></addressbook></applicant><applicant mxw-id="PPAR1101652859" load-source="patent-office" sequence="1" format="original"><addressbook><last-name>Nestec S.A.</last-name><iid>101084267</iid><address><street>Avenue Nestlé 55</street><city>1800 Vevey</city><country>CH</country></address></addressbook></applicant></applicants><inventors><inventor mxw-id="PPAR1103343283" load-source="docdb" sequence="1" format="epo"><addressbook><last-name>TAYLOR CURTIS</last-name><address><country>US</country></address></addressbook></inventor><inventor mxw-id="PPAR1103310637" load-source="docdb" sequence="1" format="intermediate"><addressbook><last-name>TAYLOR, CURTIS</last-name></addressbook></inventor><inventor mxw-id="PPAR1101640521" load-source="patent-office" sequence="1" format="original"><addressbook><last-name>TAYLOR, CURTIS</last-name><address><street>10 North Main Street</street><city>Chagrin Falls, Ohio 44022</city><country>US</country></address></addressbook></inventor><inventor mxw-id="PPAR1103317087" load-source="docdb" sequence="2" format="epo"><addressbook><last-name>MISENER AARON</last-name><address><country>US</country></address></addressbook></inventor><inventor mxw-id="PPAR1103322325" load-source="docdb" sequence="2" format="intermediate"><addressbook><last-name>MISENER, AARON</last-name></addressbook></inventor><inventor mxw-id="PPAR1101645962" load-source="patent-office" sequence="2" format="original"><addressbook><last-name>MISENER, AARON</last-name><address><street>315 Solon Road</street><city>Chagrin Falls, Ohio 44022</city><country>US</country></address></addressbook></inventor></inventors><agents><agent mxw-id="PPAR1101651161" load-source="patent-office" sequence="1" format="original"><addressbook><last-name>Kiwit, Benedikt</last-name><iid>101344452</iid><address><street>Mitscherlich PartmbB Patent- und Rechtsanwälte Sonnenstrasse 33</street><city>80331 München</city><country>DE</country></address></addressbook></agent></agents></parties><international-convention-data><pct-or-regional-filing-data ucid="US-2014015193-W"><document-id><country>US</country><doc-number>2014015193</doc-number><kind>W</kind><date>20140207</date><lang>EN</lang></document-id></pct-or-regional-filing-data><pct-or-regional-publishing-data ucid="WO-2014130262-A1"><document-id><country>WO</country><doc-number>2014130262</doc-number><kind>A1</kind><date>20140828</date><lang>EN</lang></document-id></pct-or-regional-publishing-data><designated-states><ep-contracting-states><country mxw-id="DS660722651" load-source="docdb">AL</country><country mxw-id="DS660794667" load-source="docdb">AT</country><country mxw-id="DS660722653" load-source="docdb">BE</country><country mxw-id="DS660723793" load-source="docdb">BG</country><country mxw-id="DS660757294" load-source="docdb">CH</country><country mxw-id="DS660645443" load-source="docdb">CY</country><country mxw-id="DS660794668" load-source="docdb">CZ</country><country mxw-id="DS660722654" load-source="docdb">DE</country><country mxw-id="DS660645444" load-source="docdb">DK</country><country mxw-id="DS660645445" load-source="docdb">EE</country><country mxw-id="DS660640743" load-source="docdb">ES</country><country mxw-id="DS660723794" load-source="docdb">FI</country><country mxw-id="DS660723799" load-source="docdb">FR</country><country mxw-id="DS660722727" load-source="docdb">GB</country><country mxw-id="DS660645446" load-source="docdb">GR</country><country mxw-id="DS660722728" load-source="docdb">HR</country><country mxw-id="DS660794669" load-source="docdb">HU</country><country mxw-id="DS660757299" load-source="docdb">IE</country><country mxw-id="DS660645451" load-source="docdb">IS</country><country mxw-id="DS660723800" load-source="docdb">IT</country><country mxw-id="DS660645452" load-source="docdb">LI</country><country mxw-id="DS660733312" load-source="docdb">LT</country><country mxw-id="DS660794670" load-source="docdb">LU</country><country mxw-id="DS660733313" load-source="docdb">LV</country><country mxw-id="DS660733314" load-source="docdb">MC</country><country mxw-id="DS660642060" load-source="docdb">MK</country><country mxw-id="DS660642061" load-source="docdb">MT</country><country mxw-id="DS660794671" load-source="docdb">NL</country><country mxw-id="DS660722729" load-source="docdb">NO</country><country mxw-id="DS660645453" load-source="docdb">PL</country><country mxw-id="DS660733324" load-source="docdb">PT</country><country mxw-id="DS660794672" load-source="docdb">RO</country><country mxw-id="DS660733325" load-source="docdb">RS</country><country mxw-id="DS660645454" load-source="docdb">SE</country><country mxw-id="DS660733326" load-source="docdb">SI</country><country mxw-id="DS660722730" load-source="docdb">SK</country><country mxw-id="DS660645463" load-source="docdb">SM</country><country mxw-id="DS660642062" load-source="docdb">TR</country></ep-contracting-states><ep-extended-states><ep-extended-state-data><country>BA</country></ep-extended-state-data><ep-extended-state-data><country>ME</country></ep-extended-state-data></ep-extended-states></designated-states></international-convention-data><office-specific-data><eptags><ep-no-a-document-published>*</ep-no-a-document-published></eptags></office-specific-data></bibliographic-data><abstract mxw-id="PA139072573" ref-ucid="WO-2014130262-A1" lang="EN" load-source="patent-office"><p num="0000">A custom packaging center for custom selecting and custom packaging canned and/or container goods and a novel box for use with the custom packaging center. The present invention is directed to a custom packaging center. The custom packaging center creates a customized package of a plurality of food items with a loading station, a packaging station, and an identification arrangement. The identification arrangement is designed to identify each of the food items that were loaded into the loading station to create an identification code.</p></abstract><abstract mxw-id="PA139540222" ref-ucid="WO-2014130262-A1" lang="EN" source="national office" load-source="docdb"><p>A custom packaging center for custom selecting and custom packaging canned and/or container goods and a novel box for use with the custom packaging center. The present invention is directed to a custom packaging center. The custom packaging center creates a customized package of a plurality of food items with a loading station, a packaging station, and an identification arrangement. The identification arrangement is designed to identify each of the food items that were loaded into the loading station to create an identification code.</p></abstract><abstract mxw-id="PA139072574" ref-ucid="WO-2014130262-A1" lang="FR" load-source="patent-office"><p num="0000">L'invention concerne un centre d'emballage sur mesure pour une sélection sur mesure et l'emballage sur mesure de conserves et/ou de produits en contenants, et concerne également une nouvelle boîte destinée à être utilisée avec le centre d'emballage sur mesure. Ce centre d'emballage sur mesure crée un emballage personnalisé d'une pluralité d'articles alimentaires et comprend à cet effet un poste de chargement, un poste d'emballage et un système d'identification. Le système d'identification est conçu pour identifier chacun des articles alimentaires qui ont été chargés dans le poste de chargement pour créer un code d'identification.</p></abstract><abstract mxw-id="PA139540223" ref-ucid="WO-2014130262-A1" lang="FR" source="national office" load-source="docdb"><p>L'invention concerne un centre d'emballage sur mesure pour une sélection sur mesure et l'emballage sur mesure de conserves et/ou de produits en contenants, et concerne également une nouvelle boîte destinée à être utilisée avec le centre d'emballage sur mesure. Ce centre d'emballage sur mesure crée un emballage personnalisé d'une pluralité d'articles alimentaires et comprend à cet effet un poste de chargement, un poste d'emballage et un système d'identification. Le système d'identification est conçu pour identifier chacun des articles alimentaires qui ont été chargés dans le poste de chargement pour créer un code d'identification.</p></abstract><description mxw-id="PDES78476623" ref-ucid="WO-2014130262-A1" lang="EN" load-source="patent-office"><!-- EPO <DP n="3"/>--><p id="p0001" num="0001"> CUSTOM PACKAGING CENTER AND </p><p id="p0002" num="0002"> PACKAGING FOR USE IN THE CUSTOM PACKAGING CENTER </p><p id="p0003" num="0003"> [0001] The present provisional application claims priority on United States Provisional</p><p id="p0004" num="0004">Application Serial No. 61/766,143 filed February 19, 2013, which is incorporated by reference. </p><p id="p0005" num="0005"> [0002] The present invention is directed to a custom packaging center. The invention is particularly applicable to the custom packaging of canned items and will be described with particular reference thereto; however, it will be appreciated that the invention has much broader applications and can be used to custom package other types of goods (e.g., pet food, canned soup, canned meat, canned seafood, canned fruit, canned vegetables, containers of mints/breath fresheners, containers of gum, containers of candy, beverage containers, spice containers, frozen beverage concentrates containers, containers of yogurt, containers of refrigerated or frozen bakery goods, containers of ice cream or sorbet, votive candles, etc.). </p><p id="p0006" num="0006"> BACKGROUND OF THE INVENTION </p><p id="p0007" num="0007"> [0003] Grocery stores and other retail stores commonly provide a variety of choices for certain types of items. For instance, canned pet food from a particular supplier is commonly offered in a variety of flavors. As such, it is not uncommon for an individual to purchase several different flavors of pet food during a shopping visit at a store. During checkout, each of the canned pet food items needs to be individually scanned and is then placed in a bag at checkout.</p><p id="p0008" num="0008">Commonly, the pet food cans are intermixed with other items during the bagging process at the store. The time and labor to scan and bag many differently flavored pet food containers can result in slower checkout times at the checkout counter. Also, it is not uncommon for the checkout clerk to scan a single can of pet food and then repeat this same entry for the other cans of pet food. Although this can result in reduced checkout times, scanning a single can to be representative of different flavored pet food results in improper inventory control of the pet food items at the store. The intermixing of the pet food cans with other food items increases the sorting time required by the purchasers to put away the purchased items at home. These problems also can exist with other food items that are commonly offered with a variety of different flavors (e.g., soups, yogurt, canned vegetables, etc.). </p><p id="p0009" num="0009"> [0004] In view of the current manner in which similar type and/or brand of food items are offered in a variety of flavors are selected, checked out, bagged and sorted, there is a need for a 
<!-- EPO <DP n="4"/>-->
 more efficient way to check out and package similar type and/or brand of food items that are purchased and taken home by the consumer. </p><p id="p0010" num="0010"> SUMMARY OF THE INVENTION </p><p id="p0011" num="0011">[0005] The present invention is directed to a custom packing center that addresses the deficiencies of checking out and packaging similar types and/or brands of food items that are purchased and taken home by the consumer. The invention is particularly applicable to the custom packaging of canned pet food and will be described with particular reference thereto; however, it will be appreciated that the invention has much broader applications and can be used to custom package other types of canned goods or goods in a container (e.g., soup containers [e.g, canned soup, etc.], meat containers [e.g., canned meat, etc.], seafood container [e.g., canned tuna, canned salmon, etc.], fruit containers [e.g., canned pears, canned fruit cocktail, etc.], canned vegetables, containers of sauces [e.g., canned tomato sauce, canned tomato paste, canned spaghetti sauce, etc.], containers of mints/breath fresheners, containers of gum, containers of candy, beverage containers [e.g., cans or bottles of Coke® products, bottled water, etc.), spice containers, frozen beverage concentrates containers, containers of yogurt, containers of refrigerated or frozen bakery goods, containers of ice cream or sorbet, etc.). The canned goods or goods in the container can be in a metal, plastic, paper, etc. can or container. The shape, configuration and size of the can or container are non-limiting. </p><p id="p0012" num="0012"> [0006] The custom packaging center of the present invention is designed to allow a customer to select several items of a particular brand of canned pet food and to package the selected items in a single package. The single package optionally includes information (e.g., bar code, etc.) that identifies each item in the single packaging. As such, the single package reduces the scanning time and packaging time during checkout, and also reduces the sorting time of pet food when the customer is putting away purchased items since the purchased pet food items are already together in a single package. The custom packaging center of the present invention has the advantage over bulk prepackaged pet food cans in that the customer is able to customize the quantity for each flavor of the pet food. Typically, bulk prepackaged pet food cans are packaged as a single flavor or packaged in equal quantities of several flavors (e.g., a 24-container package includes six cans for each of the four flavors in the package, etc.). As any pet owner knows, a pet generally prefers one flavor over others. As such, if a pet owner wanted to purchase 24 cans of pet food and such cans represented different flavors and different quantities for each flavor (e.g., 
<!-- EPO <DP n="5"/>-->
 14 cans of one flavor, eight cans of another flavor, and two cans of another flavor, etc.), the pet owner would not be able to purchase a standard bulk package of the pet food, but would instead be required to place 24 cans of the selected pet food in the cart and have each can scanned and bagged at checkout. The custom packaging center of the present invention overcomes this problem by allowing the pet owner to select the desired flavor or variety of pet food and have such selection placed in a single package for easy and more convenient checkout. As such, the custom packaging center of the present invention represents a significant advancement in the manner in which a consumer is able to customize the packaging of canned pet food and then conveniently use the packaging to check out of a grocery or retail store. The size, configuration and shape of the custom packaging center of the present invention is non-limiting. The custom packaging center of the present invention can be positioned on or integrated with a shelf system, such as, but not limited to, a shelf system located at a grocery store, discount or big box store (e.g., Walmart, Target, Kmart, etc.). As can be appreciated, the custom packaging center can be designed to be a free-standing system. The free-standing system can optionally be designed to be mobile. </p><p id="p0013" num="0013"> [0007] In one non-limiting aspect of the present invention, the custom packaging center is designed to enable a user to custom select and custom package an assortment of flavors of canned cat food such as, but not limited to, Fancy Feast® brand cat food. As can be appreciated, other cat food brands and/or other types of pet food (e.g., dog food, etc.) can be custom packaged by the custom packaging center of the present invention. </p><p id="p0014" num="0014"> [0008] In another and/or alternative non-limiting aspect of the present invention, the custom packaging center generally includes one or more loading stations. The loading station is designed to receive one or more item to be packaged by the custom packaging center. In one non-limiting arrangement, the loading station is designed to enable a customer to load 1-20 items at a time (e.g., one item, two items, ... 19 items, 20 items) or any range within such values. In one non-limiting example, the loading station is designed to enable a customer to load up to six items (e.g., pet food containers, etc.) at a time. The loading station can optionally be designed to require the customer to orient the item a certain way prior to the item being properly loaded in the loading station. For example, some types of pet food containers have a top with a larger radius than the bottom of the container. For such a container, the loading station can be designed such that the top of each container fits into a certain location in the loading station so that some 
<!-- EPO <DP n="6"/>-->
 or all of the loaded containers are required to be oriented a certain way in the loading station. As can be appreciated, the loading station can be designed to load other types of containers in a certain way; however, this is not required. The loading station can optionally include a visual diagram that provides information on how to properly load product in the loading station. The loading station can optionally include audible and/or visual indicators (e.g., lights, etc.) to indicate that 1) the product has been properly or improperly loaded into the loading station, 2) the proper amount of product has been loaded into the loading station, and/or 3) the proper type of product has been loaded into the loading station. The size, shape and configuration of the loading station are non-limiting. The location of the loading station on the custom packaging center is non-limiting. The loading station can optionally be movable so as to position the product loaded in the loading station for further processing by the custom packaging center. In one non-limiting arrangement, the loading station can be rotated to cause the loading station to move from a loading position to a non-load position such that the product is moved to and/or is now in the processing position for further processing by the custom packaging center. The loading station, when rotatable, can be manually and/or automatically operated. In one non- limiting arrangement, the loading station can be rotated at 4 -360" so as to secure the product in the loading station and thereby prevent product in the loading station from being removed from the loading station; however, this is not require. The loading station can be designed to not rotate until the loading station is fully and properly loaded with product; however, this is not required. In another non-limiting arrangement, the custom packaging center includes a closing cover that is used to partially or fully cover product that is loaded in the loading station; however, this is not required. The closing cover, when used, can be manually and/or automatically operated. In one non-limiting arrangement, the closing cover at least partially or fully covers the product that is loaded in the loading station so as to secure the product in the loading station and thereby prevent product in the loading station from being removed from the loading station; however, this is not require. The closing cover can be designed to not close until the loading station is fully and properly loaded with product; however, this is not required. After the closing cover is closed, the product in the loading station is moved to and/or is now in the processing position for further processing by the custom packaging center. </p><p id="p0015" num="0015">[0009] In still another and/or alternative non-limiting aspect of the present invention, the custom packaging center generally includes one or more packaging stations. The packaging 
<!-- EPO <DP n="7"/>-->
 station is designed to receive packaging that is used to receive the selected items by the customer. The size, shape and configuration of the packaging station are non-limiting. The location of the packaging station on the custom packaging center is non-limiting. The packaging station is generally designed to allow a customer to remove the package that is partially or fully filled with the selected items; however, this is not required. The packaging station is also generally designed to allow a customer to insert the package into the packaging station so that the packaging can receive the selected items; however, this is not required. In one non-limiting arrangement, the packaging station includes a box tray that is designed to receive packaging that is used to receive the selected items by the customer; however, this is not required. The box tray, when used, is not limited to any size, shape or configuration. The box tray can be designed to be movable between a load/remove position and a fill position; however, this is not required. The load/remove position allows the packaging to be loaded into the box tray prior to being loaded with product and to allow the packaging to be removed from the box tray after the packaging has been loaded with product. The fill position orients the packaging in the box tray to receive product that has been processed by the custom packaging center. Generally, the packaging in the box tray cannot be removed from the box tray when the box tray is in the fill position; however, this is not required. In one non-limiting example, the box tray is designed to be pivotable between the load/remove position and the fill position; however, this is not required. The movement of the box tray between the load/remove position and the fill position can be manual and/or automatic. </p><p id="p0016" num="0016"> [0010] In yet another and/or alternative non-limiting aspect of the present invention, the custom packaging center generally includes an item identification arrangement to identify the one or more items that were loaded in the loading station; however, this is not required. The identification arrangement, when used, can be used to facilitate in inventory control of items purchased by a consumer; however, this is not required. In one non-limiting example, the identification arrangement can store information (e.g., hard disk storage, flash drive storage, etc.) that can be downloaded and/or send information (e.g., wire transmissions, wireless transmission, etc.) to a processing unit (e.g., computer, printer, email system, etc.) that can be used by a grocery store, retail store, etc. to track the sale and/or inventory of items that are processed by the custom packaging center. In another and/or alternative non-limiting example, the identification arrangement can include a product detector and/or scanner (e.g. bar code scanner, rfid 
<!-- EPO <DP n="8"/>-->
 reader/detector, etc.). The product detector and/or scanner, when used, can be used to identify the one or more products that were placed in the loading station and/or processed through the custom packaging center so as to keep track of the products that are packaged in the packaging. The size, shape, configuration, type and location of the product detector on the custom packaging center are non-limiting. In still another and/or alternative non-limiting example, the identification arrangement can include an orientation/movement system used to move and/or orient the product relative to the product detector to facilitate in the identification/scanning of the product by the product detector; however, this is not required. In one non-limiting arrangement, the orientation/movement system, when used, can include a rotating mechanism that causes the product to rotate. For instance, when the product detector includes a bar code scanner, the bar code on the product may not be aligned with the scanner when placed in the loading station and/or moved to a scanning location in the custom packaging center. The rotating mechanism can be used to rotate the product such that the bar code on the product passes/moves by the detection zone of the bar code scanner so that the bar code scanner can detect the bar code on the product. As can be appreciated, the type, shape and configuration of the orientation/movement system are non-limiting. In one non-limiting example, when the product that was loaded in the loading station is in or moved to the processing position, the product is in the processing position contacts or can be contacted by the rotating mechanism; however, this is not required. In yet another and/or alternative non-limiting example, the identification arrangement can include a printer that prints out a label and/or applies a label, bar code and/or other information to the packaging that can be used at check-out to identify the items in the packaging; however, this is not required. In one non-limiting example, the identification arrangement includes a label printer that prints information on a label (e.g., bar code, item list, etc.) that can be printed out so a customer can apply the label to the packaging and/or can be automatically applied by the custom packaging center to the packaging. In another and/or alternative non-limiting example, the identification arrangement includes a printer that prints information (e.g., ink printing, thermal printing, pressure printing, etc.) onto the packaging. When the custom packaging center automatically applies information to the packaging, the information is generally applied prior to the packaging being removed from the packaging station; however, this is not required. When the custom packaging center prints out a label for the customer to apply to the packaging, the location of the printer and/or the label dispenser on the custom packaging center is non-limiting. 
<!-- EPO <DP n="9"/>-->
 [0011] In still yet another and/or alternative non-limiting aspect of the present invention, the custom packaging center can include one or more monitors and/or interactive screens; however, this is not required. The monitor and/or interactive screen, when used, can be used to 1) provide information about the custom packaging center, 2) provide instructions on how to use the custom packaging center, 3) provide information about the products that have been loaded by the customer into the custom packaging center, 4) provide information about the pricing of the products that have been loaded by the customer into the custom packaging center, 5) provide status information to the customer during the loading process of the product into the packaging, 6) provide advertising about products, brands and/or store promotions, etc., 7) enable the customer to select coupons, enter discount codes and/or scan coupons for products to be packaged by the custom packaging center, 8) provide information to guide the customer during the steps of use of the custom packaging center, 9) start the process for using the custom packaging center, 10) notify the customer that the products have been properly and/or improperly loaded in the loading station, 11) cause the loading station to rotate and/or the closing cover to close after product has been loaded into the loading station, 12) notify the customer that the packing process has been completed, 13) cause a label to be printed on a label and/or onto the packaging, 14) cancel the packaging process, 15) provide error information regarding the custom packaging center, 16) provide error information when the packaging receptacle is empty, 17) cause the box tray of the packaging station to open and/or close, 18) enable a user to obtain information about the cat food (e.g., nutrition information, etc.), and/or 19) provide error information to a customer during the use of the custom packaging center. As can be appreciated, the monitor and/or interactive screen can be used to provide other or additional information to a customer (e.g., price information, whether a flavor is unavailable, provide coupons, provide pricing specials, provide promotional information, provide audio sounds and/or video information, etc.). As can be appreciated, the types of information, the manner of presenting the information to the user, and the manner in which the user accesses and/or interfaces with the selection panel are non-limiting. The size, shape, configuration and/or location of the monitor and/or interactive screen on the custom packaging center are non-limiting. The monitor and/or interactive screen can be designed to interact with a scanner on a mobile device, etc.; however, this is not required. The monitor and/or interactive screen can may or may not be a touch screen. For example, the monitor and/or interactive screen may include a video screen, but includes one 
<!-- EPO <DP n="10"/>-->
 or more buttons, knobs, switches, etc. that are used by the user to make a selection and/or to view information on the video screen; however, this is not required. As can be appreciated, the monitor and/or interactive screen can be completely absent a video screen or other type of electronic display; however, this is not required. As can also be appreciated, the monitor and/or interactive screen can be voice interactive, mobile device interactive, etc.; however, this is not required. </p><p id="p0017" num="0017"> [0012] In another and/or alternative non-limiting aspect of the present invention, the custom packaging center can include a product transport arrangement that is used to move the product on the loading station into the packaging located in the packaging station; however, this is not required. The transport arrangement can use gravity, motors, conveyor systems, guide rails, guide shoots/slots and the like to guide and/or move the product from the loading station into the packaging. In one non-limiting arrangement, there is provided a moveable panel or door in the bottom portion of the loading station and/or below the loading station. When the moveable panel or door is in the open position, gravity causes the one or more products in the loading station to fall past the open panel or door and to fall into the packaging in the packaging station. A manual system and/or automated system can be used to control the opening and closing of the panel or door. In one non-limiting arrangement, the panel or door is opened after the product detector detects the products in the loading station and thereafter closes when the products drop into the packaging; however, this is not required. </p><p id="p0018" num="0018"> [0013] In still another and/or alternative non-limiting aspect of the present invention, the custom packaging center can include one or more processing chips, computers, communication devices, storage devices, monitors, displays, motors and/or power sources to operate and/or power one or more components of the custom packaging center; however, this is not required. </p><p id="p0019" num="0019">[0014] In yet another and/or alternative non-limiting aspect of the present invention, the custom packaging center can include a packaging bin that is designed to contain the packaging that is used in the custom packaging center; however, this is not required. Generally, the packaging bin is designed to contain a plurality of packaging; however, this is not required. Generally, the packaging in the packaging bin is in a folded form; however, this is not required. The size, shape and configuration of the packaging bin are non-limiting. The location of the packaging bin relative to the custom packaging center is non-limiting. 
<!-- EPO <DP n="11"/>-->
 [0015] In still yet another and/or alternative non-limiting aspect of the present invention, the custom packaging center can be mounted in a fixed position or mounted to a mobile unit; however, this is not required. </p><p id="p0020" num="0020"> [0016] In another and/or alternative non-limiting aspect of the present invention, the custom packaging center can include or be used with one or more product arrangement trays or retainers; however, this is not required. The product arrangement tray or retainer, when used, allows a customer to select and then place product on the product arrangement tray or retainer prior to loading the product into the loading station of the custom packaging center. As such, the product arrangement tray or retainer allows the customer to preselect the desired flavors of product prior to loading the product into the loading station of the custom packaging center. The size, shape and configuration of the product arrangement tray or retainer are non-limiting. </p><p id="p0021" num="0021">[0017] In still another and/or alternative non-limiting aspect of the present invention, the custom packaging center can use special packaging that is specifically designed for use with the custom packaging center; however, this is not required. In one non-limiting arrangement, the packaging is in the form of a foldable box. The packaging is generally made of a paper, paper board and/or cardboard material; however, other or additional materials can be used (e.g., plastic, metal, etc.). The packaging typically includes a closing arrangement such as an adhesive seal, lock tab, etc.; however, this is not required. The packaging can optionally include a serrated, slotted, grooved, etc. lid portion that can be opened to easily access product in the packaging. </p><p id="p0022" num="0022">[0018] In yet another and/or alternative non-limiting aspect of the present invention, the custom packaging center can optionally include an advertising space for any type of electronic and/or printed advertising. </p><p id="p0023" num="0023"> [0019] It is one non-limiting object of the present invention to provide a device that addresses the deficiencies of checking out and packaging similar types and/or brands of items that are purchased and taken home by the consumer. </p><p id="p0024" num="0024"> [0020] It is another and/or alternative non-limiting object of the present invention to provide a custom packaging center that is designed to allow a customer to select several items of an item and to package the selected items in a single package. </p><p id="p0025" num="0025"> [0021] It is still another and/or alternative non-limiting object of the present invention to provide a custom packaging center that creates a single package that includes information that identifies each item in the single packaging so as to reduce the scanning time and packaging time 
<!-- EPO <DP n="12"/>-->
 during checkout, and/or to reduce the sorting time of pet food when the customer is putting away purchased items. </p><p id="p0026" num="0026"> [0022] It is yet another and/or alternative non-limiting object of the present invention to provide a custom packaging center that enables a customer to customize the quantity for each flavor of the food product that is packaged in the packaging. </p><p id="p0027" num="0027"> [0023] It is still yet another and/or alternative non-limiting object of the present invention to provide a custom packaging center that can be positioned on or integrated with a shelf system, such as, but not limited to, a shelf system located at a grocery store, discount or big box store. </p><p id="p0028" num="0028">[0024] It is another and/or alternative non-limiting object of the present invention to provide a custom packaging center that can be designed to be a free-standing system, which free-standing system can optionally be mobile. </p><p id="p0029" num="0029"> [0025] It is still another and/or alternative non-limiting object of the present invention to provide a custom packaging center that includes one or more loading stations designed to receive one or more items to be packaged by the custom packaging center. </p><p id="p0030" num="0030"> [0026] It is yet another and/or alternative non-limiting object of the present invention to provide a custom packaging center that includes a loading station designed to require the customer to orient the items in a certain way prior to the item being properly loaded in the loading station. </p><p id="p0031" num="0031"> [0027] It is still yet another and/or alternative non-limiting object of the present invention to provide a custom packaging center that includes a loading station having a visual diagram that provides information on how to properly load product in the loading station. </p><p id="p0032" num="0032">[0028] It is another and/or alternative non-limiting object of the present invention to provide a custom packaging center that includes a loading station which has audible and/or visual indicators to indicate that a) product has been properly or improperly loaded into the loading station, b) the proper amount of product has been loaded into the loading station, and/or c) the proper type of product has been loaded into the loading station. </p><p id="p0033" num="0033"> [0029] It is still another and/or alternative non-limiting object of the present invention to provide a custom packaging center that includes a loading station which is movable so as to position the product loaded in the loading station for further processing by the custom packaging center. 
<!-- EPO <DP n="13"/>-->
 [0030] It is yet another and/or alternative non-limiting object of the present invention to provide a custom packaging center that includes one or more packaging stations designed to receive packaging that is used to receive the selected items by the customer. </p><p id="p0034" num="0034">[0031] It is still yet another and/or alternative non-limiting object of the present invention to provide a custom packaging center that includes a packaging station having a box tray that is designed to receive packaging that is used to receive the selected items by the customer. </p><p id="p0035" num="0035">[0032] It is another and/or alternative non-limiting object of the present invention to provide a custom packaging center that includes a packaging station having a box tray that is designed to be movable between a load/remove position and a fill position. </p><p id="p0036" num="0036"> [0033] It is still another and/or alternative non-limiting object of the present invention to provide a custom packaging center that includes an item identification arrangement to identify the one or more items loaded in the loading station. </p><p id="p0037" num="0037"> [0034] It is yet another and/or alternative non-limiting object of the present invention to provide a custom packaging center that includes an item identification arrangement that can be used to facilitate in inventory control of items purchased by a consumer. </p><p id="p0038" num="0038"> [0035] It is still yet another and/or alternative non-limiting object of the present invention to provide a custom packaging center that includes an item identification arrangement that can store information that can be downloaded and/or send information to a processing unit that can be used by a store to track the sale and/or inventory of items that are processed by the custom packaging center. </p><p id="p0039" num="0039"> [0036] It is another and/or alternative non-limiting object of the present invention to provide a custom packaging center that includes an item identification arrangement that includes a product detector and/or scanner to identify the one or more products that were placed in the loading station and/or processed through the custom packaging center. </p><p id="p0040" num="0040"> [0037] It is still another and/or alternative non-limiting object of the present invention to provide a custom packaging center that includes an item identification arrangement that includes an orientation/movement system used to move and/or orient the product relative to the product detector to facilitate in the identification/scanning of the product by the product detector. </p><p id="p0041" num="0041">[0038] It is yet another and/or alternative non-limiting object of the present invention to provide a custom packaging center that includes an item identification arrangement that includes 
<!-- EPO <DP n="14"/>-->
 a printer that prints out a label and/or applies a label, bar code and/or other information to the packaging that can be used at checkout to identify the items in the packaging. </p><p id="p0042" num="0042">[0039] It is still yet another and/or alternative non-limiting object of the present invention to provide a custom packaging center that includes one or more monitors and/or interactive screens used to 1) provide information about the custom packaging center, 2) provide instructions on how to use the custom packaging center, 3) provide information about the products that have been loaded by the customer into the custom packaging center, 4) provide information about the pricing of the products that have been loaded by the customer into the custom packaging center, 5) provide status information to the customer during the loading process of the product into the packaging, 6) provide advertising about products, brands and/or store promotions, etc., 7) enable customer to select coupons, enter discount codes and/or scan coupons for products to be packaged by the custom packaging center, 8) provide information to guide the customer during the steps of use of the custom packaging center, 9) start the process for using the custom packaging center, 10) notify the customer that the products have been properly and/or improperly loaded in the loading station, 11) cause the loading station to rotate and/or the closing cover to close after product has been loaded into the loading station, 12) notify the customer that the packaging process has been completed, 13) cause a label to be printed on a label and/or onto the packaging, 14) cancel the packaging process, 15) provide error information regarding the custom packaging center, 16) provide error information when the packaging receptacle is empty, 17) cause the box tray of the packaging station to open and/or close, 18) enable a user to obtain information about the cat food (e.g., nutrition information, etc.), and/or 19) provide error information to a customer during the use of the custom packaging center. </p><p id="p0043" num="0043"> [0040] It is another and/or alternative non-limiting object of the present invention to provide a custom packaging center that includes a monitor and/or interactive screen used to provide information to a customer (e.g., price information, whether a flavor is unavailable, provide coupons, provide pricing specials, provide promotional information, provide audio sounds and/or video information, etc.). </p><p id="p0044" num="0044"> [0041] It is still another and/or alternative non-limiting object of the present invention to provide a custom packaging center that includes a product transport arrangement used to move the product on the loading station into the packaging located in the packaging station. 
<!-- EPO <DP n="15"/>-->
 [0042] It is yet another and/or alternative non-limiting object of the present invention to provide a custom packaging center that includes a packaging bin designed to contain the packaging that is used in the custom packaging center. </p><p id="p0045" num="0045"> [0043] It is still yet another and/or alternative non-limiting object of the present invention to provide a custom packaging center that is mounted in a fixed position or mounted to a mobile unit. </p><p id="p0046" num="0046"> [0044] It is another and/or alternative non-limiting object of the present invention to provide a custom packaging center that includes or can be used with one or more product arrangement trays or retainers that allow a customer to select and then place product on the product arrangement tray or retainer prior to loading the product into the loading station of the custom packaging center. </p><p id="p0047" num="0047"> [0045] It is still another and/or alternative non-limiting object of the present invention to provide a custom packaging center that includes special packaging that is specifically designed for use with the custom packaging center. </p><p id="p0048" num="0048"> [0046] These and other objects, features and advantages of the present invention will become apparent from the subsequent description taken in conjunction with the accompanying drawings. </p><p id="p0049" num="0049"> BRIEF DESCRIPTION OF THE FIGURES </p><p id="p0050" num="0050">[0047] Reference may now be made to the drawings, which illustrate various non-limiting embodiments that the invention may take in physical form and in certain parts and arrangements of parts wherein: </p><p id="p0051" num="0051"> [0048] Fig. 1 illustrated a front elevation view of one non-limiting embodiment of the custom packaging center in accordance with the present invention; </p><p id="p0052" num="0052"> [0049] Fig. 2 is a front plan view of the custom packaging of Fig. 1 ; </p><p id="p0053" num="0053"> [0050] Fig. 3 is a side plan view of the custom packaging of Fig. 1 ; </p><p id="p0054" num="0054"> [0051] Figs. 4A and 4B are cross-section views of the custom packaging of Fig. 3 ; </p><p id="p0055" num="0055"> [0052] Fig. 5 is a front elevation view of the custom packaging center of Fig. 1 wherein the box tray is pivoted to the load/remove position; </p><p id="p0056" num="0056"> [0053] Fig. 6 is a front elevation view of the custom packaging center of Fig. 1 wherein the box tray is pivoted to the load/remove position and the packaging is being inserted into the box tray; 
<!-- EPO <DP n="16"/>-->
 [0054] Fig. 7 is a front elevation view of the custom packaging center of Fig. 6 wherein the package is fully inserted into the box tray; </p><p id="p0057" num="0057"> [0055] Fig. 8 is a front elevation view of the custom packaging center of Fig. 7 wherein the box tray is pivoted to the fill position and includes the packaging; </p><p id="p0058" num="0058"> [0056] Fig. 9 A is a front elevation view of the custom packaging center of Fig. 8 wherein the loading station is partially loaded with container; </p><p id="p0059" num="0059"> [0057] Fig. 9B is an enlarged top portion of the custom packaging center of Fig. 9; </p><p id="p0060" num="0060"> [0058] Fig. 10 is a front elevation view of the custom packaging center of Fig. 9 wherein the loading station is fully loaded with containers; </p><p id="p0061" num="0061"> [0059] Fig. 11 is a front elevation view of the custom packaging center of Fig. 10 wherein the loading station is rotated to the non-load position; </p><p id="p0062" num="0062"> [0060] Fig. 12 is a front elevation view of the custom packaging center of Fig. 1 that is positioned in a stationary center housing; </p><p id="p0063" num="0063"> [0061] Fig. 13 is a front plan view of the custom packaging and stationary center housing of Fig. 12; </p><p id="p0064" num="0064"> [0062] Fig. 14 is a side plan view of the custom packaging and stationary center housing of Fig. 12; </p><p id="p0065" num="0065"> [0063] Fig. 15 is a front elevation view of the custom packaging center of Fig. 1 that is positioned in a mobile center housing; </p><p id="p0066" num="0066"> [0064] Fig. 16 is a front plan view of the custom packaging and mobile center housing of Fig. 15; </p><p id="p0067" num="0067"> [0065] Fig. 17 is a side plan view of the custom packaging and mobile center housing of Fig. 15; </p><p id="p0068" num="0068"> [0066] Fig. 18 is a front elevation view of the assembled and seal packaging; </p><p id="p0069" num="0069"> [0067] Fig. 19 is a top plan view of the non-folded packaging of Fig. 18; </p><p id="p0070" num="0070"> [0068] Fig. 20 is a front elevation view of the assembled, collapsed and non-sealed packaging of Fig. 18; </p><p id="p0071" num="0071"> [0069] Fig. 21 is a front elevation view of the assembled and non-sealed packaging of Fig. 18; </p><p id="p0072" num="0072"> [0070] Fig. 22 is a logic diagram of a non-limiting operation of the custom packaging center in accordance with the present invention. 
<!-- EPO <DP n="17"/>-->
 DETAILED DISCUSSION OF NON-LIMITING EMBODIMENTS </p><p id="p0073" num="0073">[0071] Referring now to the drawings wherein the showing is for the purpose of illustrating non-limiting embodiments of the invention only and not for the purpose of limiting the same, as illustrated in Figs. 1-11 there is illustrated a custom packaging center 100 that is designed to allow a customer to select several items of an item such as, but not limited to canned pet food, and to package the selected items in a single package. </p><p id="p0074" num="0074"> [0072] The custom packaging center 100 includes a housing 110, a loading station 200 and a packaging station 300. The loading station is illustrated as being positioned on the top front portion of the custom packaging center 100; however, this is not required. The loading station includes a loading tray 210 that is designed to receive a plurality of containers of a food item 400 as illustrated in Figs. 9 and 10. As illustrated in Fig. 10, the loading tray is designed to hold up to six containers of a food item; however, it will be appreciated that the loading tray can be designed to hold more than or less than six containers of a food item. The body 212 of the loading station has a generally half-cylinder configuration; however, this is not required. Each end of body 212 includes a circular flange 214; however, this is not required. The body 212 optionally includes a plurality of slots 216 which can be used to orient the food item 400 in a certain manner on the body of the loading tray. As illustrated in Figs. 9A and 9B, the food item is in the form of a container that include a container body 410 and a top flange 412. A removable lid 414 is optionally connected to the flange. The lid can optionally include a tab 416 that is used to facilitate in the removal of the lid from the flange. The flange is illustrated as having a larger radius than the container body; however, this is not required. For such a container arrangement, the slots 216 are designed to receive the flange of the container when the container is positioned in the loading tray. If the container is not properly placed in the loading tray, the container will not properly sit in the loading tray and the processing of the containers in the loading tray will not be able to continue; however, this is not required. Fig. 9B illustrated that an optional diagram 230 can be used to indicate the manner in which the container is to be loaded in the loading tray. </p><p id="p0075" num="0075"> [0073] The loading tray is designed to rotate about its longitudinal axis between a load position as illustrated in Figs. 1, 2 and 4 A- 10 and a non-load position as illustrated in Fig. 11. The rotation of the loading tray can be done manually by a user or automatically by the custom packaging center. When the loading tray is manually rotated, the custom packaging center will 
<!-- EPO <DP n="18"/>-->
 generally include a lever, knob 220, or some other structure that will enable the user to rotate the loading tray. As illustrated in Figs. 1-3 and 5-11, the sides of the housing includes two knobs 220 that allow the user to rotate the loading tray. The knob can optionally include grooves 222 to facilitate in the grasping and the turn of the knobs. When the loading tray is automatically rotated by the custom packaging center, the custom packaging center generally includes one or more motors (not shown) that are connected and/or interconnected to the loading tray to cause the loading tray to rotate. </p><p id="p0076" num="0076"> [0074] The packaging station 300 is illustrated as being positioned at the front of the custom packaging center and below the loading station; however, this is not required. The packaging station includes a box tray 310 that is pivotally connected to the housing so as to be able to pivot between a load/remove position as illustrated in Figs. 5-7 and the fill position as illustrated in Figs. 1, 2 and 4A, 8-11. The box tray includes a back face 312, a bottom flange 314, two side flanges 316 and two front flanges 318. The packaging 600 is designed to be inserted between the back face and front flanges and rest on the bottom flange as illustrated in Figs. 6-11. When the box tray is in the load/remove position, the packaging 600 can be inserted into or removed from the box tray. When the box tray is positioned in the fill position, the packaging generally cannot be removed from the box tray; however, this is not required. The movement of the box tray between the load/remove position and the fill position can be done manually by the user or automatically be the custom packaging center. When the box tray is designed to be manually pivoted, the housing can include a lever, knob, or some other structure (not shown) that will enable the user to pivot the tray box between the load/remove position and the fill position. When the tray box is automatically pivoted between the load/remove position and the fill position by the custom packaging center, the custom packaging center generally includes one or more motors (not shown) that are connected and/or interconnected to the tray box to cause the tray box to pivot. The pivot box can be spring loaded to move to the tray box to the load/remove position or the fill position; however, this is not required. </p><p id="p0077" num="0077"> [0075] Referring again to Figs. 1-11, the custom packaging center can optionally include a label opening 120 that is designed to dispense a printed label 650 from a printer 450 that is located in the interior of the custom packaging center as illustrated in Fig. 4A. Fig. 4B illustrates the printer 450 located in a different region of the interior of the custom packaging center. In this arrangement, the printer applies a label directly to the packaging or prints the information 
<!-- EPO <DP n="19"/>-->
 directly on the packaging. As can be appreciated, the printer can be located on the exterior of the housing of the custom packaging center. The location of the label opening on the housing of the custom packaging center and the location of the printer in the interior or exterior of the housing is non-limiting. </p><p id="p0078" num="0078"> [0076] Referring again to Figs. 1, 2 and 5-11, the custom packaging center optionally includes a display panel 130. The housing of the custom packaging center can include more than one display panel. The display panel can optionally function as a monitor and/or interactive screen. The display panel can be used to 1) provide information about the custom packaging center, 2) provide instructions on how to use the custom packaging center, 3) provide information about the products that have been loaded by the customer into the custom packaging center (e.g., flavor, nutritional value, recommended serving amounts, cost per ounce, etc.), 4) provide information about the pricing of the products that have been loaded by the customer into the custom packaging center, 5) provide status information to the customer during the loading process of the product into the packaging, 6) provide advertising about products, brands and/or store promotions, etc., 7) enable customer to select coupons, enter discount codes and/or scan coupons for products to be packaged by the custom packaging center, 8) provide information to guide the customer during the steps of use of the custom packaging center, 9) start the process for using the custom packaging center, 10) notify the customer that the products have been properly and/or improperly loaded in the loading station, 11) cause the loading station to rotate and/or the closing cover to close after product has been loaded into the loading station, 12) notify the customer that the packing process has been completed, 13) cause a label to be printed on a label and/or onto the packaging, 14) cancel the packaging process, 15) provide error information regarding the custom packaging center, 16) provide error information when the packaging receptacle is empty, 17) cause the box tray of the packaging station to open and/or close, 18) enable a user to obtain information about the food item (e.g., nutrition information, etc.), and/or 19) provide error information to a customer during the use of the custom packaging center. As can be appreciated, the display panel can have other or additional functions and/or uses. The display can be a color, monochrome or black and white display. The display may or may not be a touch screen display. The display can be designed to interact with other devices (e.g., smart phone, tablet, computer, etc.); however, this is not required. The location of the display on the housing is non-limiting. 
<!-- EPO <DP n="20"/>-->
 [0077] Referring now to Fig. 4A, the custom packaging center includes an item identification arrangement which includes a product detector and/or scanner to identify the one or more products that were placed in the loading station. As illustrated in Fig. 4A, the product detector and/or scanner is in the form of a bar code scanner 500; however, it can be appreciated that other types of product detectors and/or scanners can be used. The product detector and/or scanner is generally connected to a computer or processor 510 that processes the scanned information. The scanned information can be used to generate a label that is printed by printer 450. Generally, the printer is connected or interconnected to the computer or processor 510; however, this is not required. Likewise, the display 130 is generally connected or interconnected to the computer or processor 510; however, this is not required. As can be appreciated, the computer or processor 510 can be used to partially or fully control the operation and/or electronic features of the custom packaging center; however, this is not required. </p><p id="p0079" num="0079"> [0078] The item identification arrangement can optionally include a roller 520 that is designed to rotate food items 400 so that bar code scanner 500 can scan the bar code on the food items when the food items are located in the processing position. The roller is typically driven by an electric motor; however, the roller can be driven manually or by some other means. </p><p id="p0080" num="0080">[0079] The custom packaging center includes a product transport arrangement that is used to move and/or guide the food items that were loaded on the loading station to a processing position to be scanned by the scanner and then deposited in the packaging that is located in the tray box. As illustrated in Fig. 10, the body of loading tray 210 is fully filled with food items 400. Once the loading tray is properly and fully loaded, the loading tray is manually or automatically rotated about it longitudinal axis and causes the food items to drop into the scan zone 530 and partially rest on roller 520. Once the food items are contacting the roller, the roller can be caused to rotate, which in turn causes the food items to rotate to thereby allow the bar code scanner to scan the bar codes on the food items. </p><p id="p0081" num="0081"> [0080] Once the scanning process is complete, the food items are allowed to drop into the open end of the packaging that is located beneath the scan zone. The food items can be caused to drop by a manual or automatic operation. As illustrated in Fig 4A, a drop rod 540 is positioned adjacent to roller 520. The drop rod and roller are designed to support the food items in the scan zone during the scanning operation. After the scanning operation is complete, the drop rod is designed to move to allow the food items to drop from the scan zone and down toward the tray 
<!-- EPO <DP n="21"/>-->
 box. When packaging is located in the tray box, the food items drop into the opening of the packaging. The movement of the drop rod can be by a manual or automated operation. As can be appreciated, other or additional arrangements can be used to control the movement of the food items from the loading tray to the packaging. </p><p id="p0082" num="0082"> [0081] The custom packaging center can include a battery and/or transformer 550 that is used to power the electronic components, motors, printers, display and other energy consuming components of the custom packaging center. When the custom packaging center includes a battery, the battery can be rechargeable; however, this is not required. As can be appreciated, the power source for the custom packaging center can be from a power outlet or other type of power source. </p><p id="p0083" num="0083"> [0082] Referring now to Figs. 18-21, a non-limiting configuration of packaging 600 is illustrated. The packaging is generally formed of paper board and/or cardboard; however, other materials can be used. Fig. 18 illustrates the packaging in a fully assembled and sealed form. Generally, when the packaging is in this form, processed product is located in the packaging; however, this is not required. Fig. 19 illustrates the packaging in a flat, non-assembled form. The packaging can optionally include a sealable primary flap 610 that seals the opening 620 in the packaging once the food items have been loaded into the packaging. As illustrated in Fig. 20, the primary flap can include an adhesive strip 612 to form the seal; however, this is not required. The body 630 of the packaging can optionally include a serrated flap portion 640 that can be opened to provide access to the food items in the packaging without having to break the seal of the primary flap. The serrated flap portion can optionally include a pull tab 642 that can be grasped by the user to facilitate in the opening of the packaging via the serrated flap portion. As illustrated in Fig. 18, the packaging can include a label 650 that includes the information (e.g., bar code, printed item list, etc.) that is representative of the contents of the packaging. In one non-limiting arrangement, a bar code is printed on the label, which bar code can be scanned at checkout. The printed bar code provides information to the scanner at checkout of the contents of the packaging so that a complete package price for the package can be rung up and the contents of the packaging need not be individually scanned. The bar code can also be used by a store for inventory control since the single bar code will provide information to the store about each of the items in the packaging. As can be appreciated, the label can be manually or 
<!-- EPO <DP n="22"/>-->
 automatically applied to the packaging. As can also be appreciated, the bar code can be printed directly onto the packaging without use of a separate label. </p><p id="p0084" num="0084"> [0083] Referring now to Figs. 12-17, the custom packaging center can be mounted or placed on a stationary center housing as illustrated in Figs. 12-14 or on a mobile center housing as illustrated in Figs. 15-17. The stationary center housing 700 is generally designed to be placed on a shelf or connected to the shelf that is near the food items that are be used with the custom packaging center. The mobile center station 800 is designed to provide mobility to the custom packaging center to allow the custom packaging center to be easily moved to various locations. The configuration of the stationary center housing and the mobile center housing is non-limiting. Both the stationary center housing and the mobile center housing illustrate the optional shelf system 710, 820 that can be used by the user to initially select and store food items prior to loading the food items in into the loading tray 210. The size, shape and configuration of the shelf system and location of the shelf system on the stationary center housing and the mobile center housing is non-limiting, when used, are non-limiting. The stationary center housing is illustrated as including one or more packaging slots 720 that can be used to store the folded packaging 600. The mobile center housing is illustrated as having an optional packaging bin 820 wherein folded packaging 600 can be stored. The packaging bin can include a bin opening 822 to enable packaging to be removed from the packaging bin; however, it can be appreciated that the packaging bin can include a door or other type of access to enable a user to remove the packaging from the packaging bin. The mobile center housing is illustrated as including one or more rollers or wheels 830 to facilitate in the mobility of the mobile center housing. </p><p id="p0085" num="0085">[0084] Referring now to Fig. 22, a process flow chart that set forth one non-limiting way in which the custom packaging center can be used is illustrated. As illustrated in the process flow chart, the custom packaging center can include one or more sensors to sense 1) when packaging is loaded into the box tray, 2) when the box tray is in the load/remove position and/or the fill position, and/or 3) when the loading tray has been rotated to cause the food item to move to the processing position. As can be appreciated, other or additional sensors can be used (e.g., sensor to verify the loading tray is properly and/or fully loaded, sensor to detect whether the packaging is partially or fully filled, sensor to verify the packaging is properly positioned in the box tray, sensor to detect whether food items are located in the processing position and/or properly located in the processing position, sensor to verify the food items are being rotated by the roller, sensor 
<!-- EPO <DP n="23"/>-->
 to detect whether there is power or proper power to the custom packaging center, sensor to detect if the food items have been properly or fully moved from the processing position to the packaging, sensor to detect if printer labels need to be replaced, sensor to detect if printer ink for printer needs to be replaced, sensor to detect if the printer is properly functioning, sensor to detect if scanner is properly functioning, sensor to detect if display is properly functioning, etc.). </p><p id="p0086" num="0086">[0085] It will thus be seen that the objects set forth above, among those made apparent from the preceding description, are efficiently attained, and since certain changes may be made in the constructions set forth without departing from the spirit and scope of the invention, it is intended that all matter contained in the above description and shown in the accompanying drawings shall be interpreted as illustrative and not in a limiting sense. The invention has been described with reference to preferred and alternate embodiments. Modifications and alterations will become apparent to those skilled in the art upon reading and understanding the detailed discussion of the invention provided herein. This invention is intended to include all such modifications and alterations insofar as they come within the scope of the present invention. It is also to be understood that the following claims are intended to cover all of the generic and specific features of the invention herein described and all statements of the scope of the invention, which, as a matter of language, might be said to fall therebetween. The invention has been described with reference to the preferred embodiments. These and other modifications of the preferred embodiments as well as other embodiments of the invention will be obvious from the disclosure herein, whereby the foregoing descriptive matter is to be interpreted merely as illustrative of the invention and not as a limitation. It is intended to include all such modifications and alterations insofar as they come within the scope of the appended claims. 
</p></description><claims mxw-id="PCLM70076867" ref-ucid="WO-2014130262-A1" lang="EN" load-source="patent-office"><claim-statement><!-- EPO <DP n="24"/>-->I claim: </claim-statement><claim id="clm-0001" num="1"><claim-text> 1. A custom packaging center for creating a customized package of a plurality of food items comprising a loading station, a packaging station and an identification arrangement, said loading station designed to receive said plurality of food items, said identification arrangement designed to identify each of the food items that were loaded into the loading station and to create an identification code that is representative of the identify of each of the food items that were loaded in the loading station, said packaging station designed to support a removable packaging and to position said removable packaging in a location to receive said plurality of food items, said removable packaging designed to receive said plurality of food items after said identification arrangement has identified each of the food items that were loaded into the loading station. </claim-text></claim><claim id="clm-0002" num="2"><claim-text>2. The custom packaging center as defined in claim 1, wherein said identification arrangement includes a printer system that is designed to print said identification code on at least one medium selected from the group consisting of a label and said packaging. </claim-text></claim><claim id="clm-0003" num="3"><claim-text>3. The custom packaging center as defined in claim 2, including a label dispenser designed to dispense a label printed by said printer system, said label designed to be secured to said packaging. </claim-text></claim><claim id="clm-0004" num="4"><claim-text>4. The custom packaging center as defined in claim 1, wherein said identification arrangement includes a bar code scanner designed to scan a bar code on each of said plurality of said food items. </claim-text></claim><claim id="clm-0005" num="5"><claim-text>5. The custom packaging center as defined in claim 2 or 3, wherein said identification arrangement includes a bar code scanner designed to scan a bar code on each of said plurality of said food items. </claim-text></claim><claim id="clm-0006" num="6"><claim-text>6. The custom packaging center as defined in claim 1, wherein said identification arrangement includes a rotating mechanism designed to rotate at least one of said plurality of said food items to facilitate in said identification of each of said plurality of said food items. 
<!-- EPO <DP n="25"/>-->
</claim-text></claim><claim id="clm-0007" num="7"><claim-text>7. The custom packaging center as defined in any one of claims 2-5, wherein said identification arrangement includes a rotating mechanism designed to rotate each of said plurality of said food items to facilitate in said identification of each of said plurality of said food items. </claim-text></claim><claim id="clm-0008" num="8"><claim-text>8. The custom packaging center as defined in claim 1, wherein said packaging station includes a movable tray box, said tray box movable between a load/remove position or the fill position, said load/remove position designed to enable said packaging to be inserted into, removed from, or combinations thereof said box tray, said fill position designed to position said packaging so as to receive said food items after said identification arrangement has identified at least one of said food items. </claim-text></claim><claim id="clm-0009" num="9"><claim-text>9. The custom packaging center as defined in any one of claims 2-7, wherein said packaging station includes a movable tray box, said tray box movable between a load/remove position or the fill position, said load/remove position designed to enable said packaging to be inserted into, removed from, or combinations thereof said box tray, said fill position designed to position said packaging so as to receive said food items after said identification arrangement has identified at least one of said food items. </claim-text></claim><claim id="clm-0010" num="10"><claim-text>10. The custom packaging center as defined in claim 1, including a display screen, said display screen designed to perform one or more actions selected from the group consisting of 1) providing information about said custom packaging center, 2) providing instructions on how to use said custom packaging center, 3) providing information about said food items, 4) providing information about pricing of said food items, 5) providing status information as to the operation of said custom packaging center, 6) providing advertising about said food items, related food items, brands, store promotions, of combinations thereof, 7) enabling a selection of coupons, 8) enabling entry of discount codes, 9) enabling scanning of coupons, promotion codes, or combinations thereof, 10) providing information as to steps of use for said custom packaging center, 11) starting a process for using said custom packaging center, 12) providing notification that said food items have been properly loaded, improperly loaded, or combinations thereof in 
<!-- EPO <DP n="26"/>-->
 said loading station, 13) causing said loading station to rotate, closing cover over said loading station, or combinations thereof after said food items have been loaded in said loading station, 14) providing notice that a packing process of said food items has been completed, 15) causing said identification code to be printed on a label, 16) causing said identification code to be printed on said packaging, 17) canceling a packaging process, 18) providing error information regarding said custom packaging center, 19) providing error information when a packaging receptacle is empty, and 20) causing a box tray of said packaging station to open, close or combinations thereof. </claim-text></claim><claim id="clm-0011" num="11"><claim-text>11. The custom packaging center as defined in any one of claims 2-9, including a display screen, said display screen designed to perform one or more actions selected from the group consisting of 1) providing information about said custom packaging center, 2) providing instructions on how to use said custom packaging center, 3) providing information about said food items, 4) providing information about pricing of said food items, 5) providing status information as to the operation of said custom packaging center, 6) providing advertising about said food items, related food items, brands, store promotions, of combinations thereof, 7) enabling a selection of coupons, 8) enabling entry of discount codes, 9) enabling scanning of coupons, promotion codes, or combinations thereof, 10) providing information as to steps of use for said custom packaging center, 11) starting a process for using said custom packaging center, 12) providing notification that said food items have been properly loaded, improperly loaded, or combinations thereof in said loading station, 13) causing said loading station to rotate, closing cover over said loading station, or combinations thereof after said food items have been loaded in said loading station, 14) providing notice that a packing process of said food items has been completed, 15) causing said identification code to be printed on a label, 16) causing said identification code to be printed on said packaging, 17) canceling a packaging process, 18) providing error information regarding said custom packaging center, 19) providing error information when a packaging receptacle is empty, and 20) causing a box tray of said packaging station to open, close or combinations thereof. 
<!-- EPO <DP n="27"/>-->
</claim-text></claim><claim id="clm-0012" num="12"><claim-text>12. A method for creating a customized package of a plurality of food items comprising: </claim-text><claim-text> a. providing a custom packaging center that includes a loading station, a packaging station and an identification arrangement, said loading station designed to receive said plurality of food items, said identification arrangement designed to identify each of the food items that were loaded into the loading station and to create an identification code that is representative of the identification of each of the food items that were loaded in the loading station, said packaging station designed to support a removable packaging and to position said removable packaging in a location to receive said plurality of food items, said removable packaging designed to receive said plurality of food items after said identification arrangement has identified each of the food items that were loaded into the loading station; </claim-text><claim-text> b. loading said plurality of food items in said loading station; </claim-text><claim-text> c. moving said plurality of food items to a processing position; </claim-text><claim-text> d. identifying each of said food items in said processing position; </claim-text><claim-text> e. loading each of said food items into said removable packaging after said food items have been identified; and, </claim-text><claim-text> f. generating said identification code that is representative of said identification of each of said food items loaded into said removable packaging. </claim-text></claim><claim id="clm-0013" num="13"><claim-text>13. The method as defined in claim 12, further including the step of printing said identification code on at least one medium selected from the group consisting of a label and said removable packaging. </claim-text></claim><claim id="clm-0014" num="14"><claim-text>14. The method as defined in claim 13, wherein said custom packaging center includes a label dispenser designed to dispense a label printed by a printer, said label designed to be secured to said removable packaging. </claim-text></claim><claim id="clm-0015" num="15"><claim-text>15. The method as defined in claim 12, wherein said identification arrangement includes a bar code scanner designed to scan a bar code on at each of said plurality of said food items. 
<!-- EPO <DP n="28"/>-->
</claim-text></claim><claim id="clm-0016" num="16"><claim-text>16. The method as defined in claim 13 or 14, wherein said identification arrangement includes a bar code scanner designed to scan a bar code on at each of said plurality of said food items. </claim-text></claim><claim id="clm-0017" num="17"><claim-text>17. The method as defined in claim 12, wherein said identification arrangement includes a rotating mechanism designed to rotate at least one of said plurality of said food items to facilitate in said identification of each of said plurality of said food items. </claim-text></claim><claim id="clm-0018" num="18"><claim-text>18. The method as defined in any one of claims 13-16, wherein said identification arrangement includes a rotating mechanism designed to rotate at least one of said plurality of said food items to facilitate in said identification of each of said plurality of said food items. </claim-text></claim><claim id="clm-0019" num="19"><claim-text>19. The method as defined in claim 12, wherein said packaging station includes a movable tray box, said tray box movable between a load/remove position or the fill position, said load/remove position designed to enable said packaging to be inserted into, removed from, or combinations thereof said box tray, said fill position designed to position said packaging so as to receive said food items after said identification arrangement has identified at least one of said food items. </claim-text></claim><claim id="clm-0020" num="20"><claim-text>20. The method as defined in any one of claims 13-18, wherein said packaging station includes a movable tray box, said tray box movable between a load/remove position or the fill position, said load/remove position designed to enable said packaging to be inserted into, removed from, or combinations thereof said box tray, said fill position designed to position said packaging so as to receive said food items after said identification arrangement has identified at least one of said food items. </claim-text></claim><claim id="clm-0021" num="21"><claim-text>21. The method as defined in claim 12, wherein said custom packaging center includes a display screen, said display screen designed to perform one or more actions selected from the group consisting of 1) providing information about said custom packaging center, 2) providing instructions on how to use said custom packaging center, 3) providing information about said food items, 4) providing information about pricing of said food items, 5) providing 
<!-- EPO <DP n="29"/>-->
 status information as to the operation of said custom packaging center, 6) providing advertising about said food items, related food items, brands, store promotions, of combinations thereof, 7) enabling a selection of coupons, 8) enabling entry of discount codes, 9) enabling scanning of coupons, promotion codes, or combinations thereof, 10) providing information as to steps of use for said custom packaging center, 11) starting a process for using said custom packaging center, 12) providing notification that said food items have been properly loaded, improperly loaded, or combinations thereof in said loading station, 13) causing said loading station to rotate, closing cover over said loading station, or combinations thereof after said food items have been loaded in said loading station, 14) providing notice that a packing process of said food items has been completed, 15) causing said identification code to be printed on a label, 16) causing said identification code to be printed on said packaging, 17) canceling a packaging process, 18) providing error information regarding said custom packaging center, 19) providing error information when a packaging receptacle is empty, and 20) causing a box tray of said packaging station to open, close or combinations thereof. </claim-text></claim><claim id="clm-0022" num="22"><claim-text>22. The method as defined in any one of claims 13-20, wherein said custom packaging center includes a display screen, said display screen designed to perform one or more actions selected from the group consisting of 1) providing information about said custom packaging center, 2) providing instructions on how to use said custom packaging center, 3) providing information about said food items, 4) providing information about pricing of said food items, 5) providing status information as to the operation of said custom packaging center, 6) providing advertising about said food items, related food items, brands, store promotions, of combinations thereof, 7) enabling a selection of coupons, 8) enabling entry of discount codes, 9) enabling scanning of coupons, promotion codes, or combinations thereof, 10) providing information as to steps of use for said custom packaging center, 11) starting a process for using said custom packaging center, 12) providing notification that said food items have been properly loaded, improperly loaded, or combinations thereof in said loading station, 13) causing said loading station to rotate, closing cover over said loading station, or combinations thereof after said food items have been loaded in said loading station, 14) providing notice that a packing process of said food items has been completed, 15) causing said identification code to be printed on a label, 16) causing said identification code to be printed on said packaging, 17) canceling a 
<!-- EPO <DP n="30"/>-->
 packaging process, 18) providing error information regarding said custom packaging center, 19) providing error information when a packaging receptacle is empty, and 20) causing a box tray of said packaging station to open, close or combinations thereof. </claim-text></claim><claim id="clm-0023" num="23"><claim-text>23. A packaging for use in a custom packaging center, said packaging formed of paper board, cardboard or combinations thereof, said packaging including a cavity and cavity opening, said cavity designed to receive a plurality of food items, said packaging including a primary flap that includes an adhesive strip to form the seal, said primary flap designed to overlie said cavity opening and be sealed by said adhesive strip to the body portion of said packaging when said primary flap is in a closed position, said primary flap in said closed positioned designed to prevent removal of food items in said cavity via said cavity opening, said packaging including a serrated flap portion designed to be openable so as to provide access to food items in said packaging without having to move said primary flap from said closed position. </claim-text></claim><claim id="clm-0024" num="24"><claim-text>24. The packaging as define in claim 23, wherein said serrated flap portion includes a pull tab designed to facilitate in said opening of said packaging via said serrated flap portion. 
</claim-text></claim></claims><copyright>User acknowledges that Fairview Research LLC and its third party providers retain all right, title and interest in and to this xml under applicable copyright laws.  User acquires no ownership rights to this xml including but not limited to its format.  User hereby accepts the terms and conditions of the Licence Agreement</copyright></patent-document>
