<?xml version="1.0" encoding="UTF-8"?>
<patent-document ucid="EP-2958709-A1" country="EP" doc-number="2958709" kind="A1" date="20151230" family-id="52302021" file-reference-id="301307" date-produced="20180825" status="corrected" lang="DE"><bibliographic-data><publication-reference fvid="160453420" ucid="EP-2958709-A1"><document-id><country>EP</country><doc-number>2958709</doc-number><kind>A1</kind><date>20151230</date><lang>DE</lang></document-id></publication-reference><application-reference ucid="EP-14824760-A" is-representative="NO"><document-id mxw-id="PAPP193869808" load-source="patent-office" format="original"><country>EP</country><doc-number>14824760.4</doc-number><date>20141114</date><lang>DE</lang></document-id><document-id mxw-id="PAPP193869809" load-source="docdb" format="epo"><country>EP</country><doc-number>14824760</doc-number><kind>A</kind><date>20141114</date><lang>DE</lang></document-id></application-reference><priority-claims><priority-claim mxw-id="PPC162033848" ucid="AT-2014000204-W" linkage-type="W" load-source="docdb"><document-id format="epo"><country>AT</country><doc-number>2014000204</doc-number><kind>W</kind><date>20141114</date></document-id></priority-claim><priority-claim mxw-id="PPC162035185" ucid="AT-8852013-A" load-source="docdb"><document-id format="epo"><country>AT</country><doc-number>8852013</doc-number><kind>A</kind><date>20131114</date></document-id></priority-claim></priority-claims><technical-data><classifications-ipcr><classification-ipcr mxw-id="PCL-1988522749" load-source="docdb">B24B   9/10        20060101ALI20150529BHEP        </classification-ipcr><classification-ipcr mxw-id="PCL-1988523654" load-source="docdb">B24B  49/00        20120101ALI20150529BHEP        </classification-ipcr><classification-ipcr mxw-id="PCL-1988523973" load-source="docdb">G01B   5/004       20060101ALI20150529BHEP        </classification-ipcr><classification-ipcr mxw-id="PCL-1988524748" load-source="docdb">B23Q  17/22        20060101AFI20150529BHEP        </classification-ipcr><classification-ipcr mxw-id="PCL-1988526766" load-source="docdb">B24B  55/02        20060101ALI20150529BHEP        </classification-ipcr></classifications-ipcr><classifications-cpc><classification-cpc mxw-id="PCL-1987767018" load-source="docdb" scheme="CPC">B24B  49/00        20130101 LI20150327BHEP        </classification-cpc><classification-cpc mxw-id="PCL-1987776096" load-source="docdb" scheme="CPC">B24B  55/02        20130101 FI20150327BHEP        </classification-cpc><classification-cpc mxw-id="PCL-1987776315" load-source="docdb" scheme="CPC">G01B   7/003       20130101 LA20150612BHEP        </classification-cpc><classification-cpc mxw-id="PCL-1987795528" load-source="docdb" scheme="CPC">B24B   9/10        20130101 LI20150327BHEP        </classification-cpc></classifications-cpc><invention-title mxw-id="PT165551726" lang="DE" load-source="patent-office">VORRICHTUNG ZUM BEARBEITEN DER RÄNDER FLÄCHIGER WERKSTÜCKE</invention-title><invention-title mxw-id="PT165551727" lang="EN" load-source="patent-office">DEVICE FOR MACHINING THE EDGES OF FLAT WORKPIECES</invention-title><invention-title mxw-id="PT165551728" lang="FR" load-source="patent-office">DISPOSITIF D'USINAGE DES BORDS DE PIÈCES PLANES</invention-title><citations><non-patent-citations><nplcit><text>See references of WO 2015070269A1</text><sources><source mxw-id="PNPL67568232" load-source="docdb" name="SEA"/></sources></nplcit></non-patent-citations></citations></technical-data><parties><applicants><applicant mxw-id="PPAR1103315973" load-source="docdb" sequence="1" format="epo"><addressbook><last-name>LISEC AUSTRIA GMBH</last-name><address><country>AT</country></address></addressbook></applicant><applicant mxw-id="PPAR1103330382" load-source="docdb" sequence="1" format="intermediate"><addressbook><last-name>LISEC AUSTRIA GMBH</last-name></addressbook></applicant><applicant mxw-id="PPAR1101640349" load-source="patent-office" sequence="1" format="original"><addressbook><last-name>LISEC Austria GmbH</last-name><iid>101410417</iid><address><street>Peter Lisec Straße 1</street><city>3353 Seitenstetten</city><country>AT</country></address></addressbook></applicant></applicants><inventors><inventor mxw-id="PPAR1103328736" load-source="docdb" sequence="1" format="epo"><addressbook><last-name>MADER LEOPOLD</last-name><address><country>AT</country></address></addressbook></inventor><inventor mxw-id="PPAR1103326702" load-source="docdb" sequence="1" format="intermediate"><addressbook><last-name>MADER, LEOPOLD</last-name></addressbook></inventor><inventor mxw-id="PPAR1101651653" load-source="patent-office" sequence="1" format="original"><addressbook><last-name>MADER, LEOPOLD</last-name><address><street>Gaistechen 1</street><city>3364 Neuhofen/Ybbs</city><country>AT</country></address></addressbook></inventor></inventors><agents><agent mxw-id="PPAR1101653325" load-source="patent-office" sequence="1" format="original"><addressbook><last-name>Beer &amp; Partner Patentanwälte KG</last-name><iid>101361893</iid><address><street>Lindengasse 8</street><city>1070 Wien</city><country>AT</country></address></addressbook></agent></agents></parties><international-convention-data><pct-or-regional-filing-data ucid="AT-2014000204-W"><document-id><country>AT</country><doc-number>2014000204</doc-number><kind>W</kind><date>20141114</date><lang>DE</lang></document-id></pct-or-regional-filing-data><pct-or-regional-publishing-data ucid="WO-2015070269-A1"><document-id><country>WO</country><doc-number>2015070269</doc-number><kind>A1</kind><date>20150521</date><lang>DE</lang></document-id></pct-or-regional-publishing-data><designated-states><ep-contracting-states><country mxw-id="DS660717255" load-source="docdb">AL</country><country mxw-id="DS660793161" load-source="docdb">AT</country><country mxw-id="DS660717257" load-source="docdb">BE</country><country mxw-id="DS660719580" load-source="docdb">BG</country><country mxw-id="DS660749780" load-source="docdb">CH</country><country mxw-id="DS660640446" load-source="docdb">CY</country><country mxw-id="DS660793162" load-source="docdb">CZ</country><country mxw-id="DS660717258" load-source="docdb">DE</country><country mxw-id="DS660640455" load-source="docdb">DK</country><country mxw-id="DS660640456" load-source="docdb">EE</country><country mxw-id="DS660636376" load-source="docdb">ES</country><country mxw-id="DS660719581" load-source="docdb">FI</country><country mxw-id="DS660719582" load-source="docdb">FR</country><country mxw-id="DS660717267" load-source="docdb">GB</country><country mxw-id="DS660640457" load-source="docdb">GR</country><country mxw-id="DS660717268" load-source="docdb">HR</country><country mxw-id="DS660793163" load-source="docdb">HU</country><country mxw-id="DS660749781" load-source="docdb">IE</country><country mxw-id="DS660717269" load-source="docdb">IS</country><country mxw-id="DS660719587" load-source="docdb">IT</country><country mxw-id="DS660640458" load-source="docdb">LI</country><country mxw-id="DS660727494" load-source="docdb">LT</country><country mxw-id="DS660793164" load-source="docdb">LU</country><country mxw-id="DS660727507" load-source="docdb">LV</country><country mxw-id="DS660727508" load-source="docdb">MC</country><country mxw-id="DS660637957" load-source="docdb">MK</country><country mxw-id="DS660637958" load-source="docdb">MT</country><country mxw-id="DS660793165" load-source="docdb">NL</country><country mxw-id="DS660717270" load-source="docdb">NO</country><country mxw-id="DS660793166" load-source="docdb">PL</country><country mxw-id="DS660727510" load-source="docdb">PT</country><country mxw-id="DS660793167" load-source="docdb">RO</country><country mxw-id="DS660727515" load-source="docdb">RS</country><country mxw-id="DS660793168" load-source="docdb">SE</country><country mxw-id="DS660727516" load-source="docdb">SI</country><country mxw-id="DS660640467" load-source="docdb">SK</country><country mxw-id="DS660640468" load-source="docdb">SM</country><country mxw-id="DS660637967" load-source="docdb">TR</country></ep-contracting-states><ep-extended-states><ep-extended-state-data><country>BA</country></ep-extended-state-data><ep-extended-state-data><country>ME</country></ep-extended-state-data></ep-extended-states></designated-states></international-convention-data><office-specific-data><eptags><ep-no-a-document-published>*</ep-no-a-document-published></eptags></office-specific-data></bibliographic-data><abstract mxw-id="PA156909721" ref-ucid="WO-2015070269-A1" lang="DE" load-source="patent-office"><p num="0000">Beim Erzeugen von Fasen (11, 12) am Rand (4) eines Werkstückes, wie einer Glasscheibe (1), wird eine Schleifscheibe (6) verwendet, die entlang des Randes (4) der Glasscheibe (1) bewegt wird. Dabei werden die Kanten A, B des Randes (4) der Glasscheibe (1) durch das an seiner Umfangsflache Wirkbereiche (9, 10) aufweisende Werkzeug unter Bilden der Fasen (11, 12) abtragend bearbeitet. Wenn die eben, gekrümmt oder gewellt ausgebildete Stirnfläche (5) des Randes (4) der Glasscheibe (1) zur Mittelebene der Glasscheibe (1) schief ausgerichtet ist, wird das Werkzeug so ausgerichtet entlang des Randes (4) der Glasscheibe (1) bewegt, dass im Wesentlichen gleich große Fasen (11, 12) gebildet werden. Das Werkzeug wird hierzu so ausgerichtet, dass die Symmetrieebene (13) der Wirkbereiche (9, 10) des Werkzeuges nicht in.der Mittelebene der Glasscheibe (1) liegt, also von dieser Abstand aufweist und dass die Wirkbereiche (9, 10) von den Kanten (A, B) des Randes (4) der Glasscheibe (1) im Wesentlichen gleich große Abstände haben. Der Schleifscheibe sind Vorrichtungen zugeordnet, welche die Lage der Kanten (A, B) des Randes (4) des Werkstückes (1) erfassen, wobei die Vorrichtungen zum Erfassen der Lage der Kanten (A, B) Taster (20, 21) sind, die an den Kanten (A, B) des Randes (4) des Werkstückes (1) unter elastischer Vorspannung anliegen und dass die Taster (20, 21) zu den Flächen (2, 3) des Werkstückes (1) unter einem Winkel von etwa 45° ausgerichtet sind.</p></abstract><abstract mxw-id="PA157167758" ref-ucid="WO-2015070269-A1" lang="DE" source="national office" load-source="docdb"><p>Beim Erzeugen von Fasen (11, 12) am Rand (4) eines Werkstückes, wie einer Glasscheibe (1), wird eine Schleifscheibe (6) verwendet, die entlang des Randes (4) der Glasscheibe (1) bewegt wird. Dabei werden die Kanten A, B des Randes (4) der Glasscheibe (1) durch das an seiner Umfangsflache Wirkbereiche (9, 10) aufweisende Werkzeug unter Bilden der Fasen (11, 12) abtragend bearbeitet. Wenn die eben, gekrümmt oder gewellt ausgebildete Stirnfläche (5) des Randes (4) der Glasscheibe (1) zur Mittelebene der Glasscheibe (1) schief ausgerichtet ist, wird das Werkzeug so ausgerichtet entlang des Randes (4) der Glasscheibe (1) bewegt, dass im Wesentlichen gleich große Fasen (11, 12) gebildet werden. Das Werkzeug wird hierzu so ausgerichtet, dass die Symmetrieebene (13) der Wirkbereiche (9, 10) des Werkzeuges nicht in.der Mittelebene der Glasscheibe (1) liegt, also von dieser Abstand aufweist und dass die Wirkbereiche (9, 10) von den Kanten (A, B) des Randes (4) der Glasscheibe (1) im Wesentlichen gleich große Abstände haben. Der Schleifscheibe sind Vorrichtungen zugeordnet, welche die Lage der Kanten (A, B) des Randes (4) des Werkstückes (1) erfassen, wobei die Vorrichtungen zum Erfassen der Lage der Kanten (A, B) Taster (20, 21) sind, die an den Kanten (A, B) des Randes (4) des Werkstückes (1) unter elastischer Vorspannung anliegen und dass die Taster (20, 21) zu den Flächen (2, 3) des Werkstückes (1) unter einem Winkel von etwa 45° ausgerichtet sind.</p></abstract><abstract mxw-id="PA156909722" ref-ucid="WO-2015070269-A1" lang="EN" load-source="patent-office"><p num="0000">A grinding disk (6) which is moved along the edge (4) of the glass pane (1) is used during the production of bevels (11, 12) on the edge (4) of a workpiece, such as a glass pane (1). The borders (A, B) of the edge (4) of the glass pane (1) are machined so as to remove material using a tool which has active areas (9, 10) on the tool circumferential surface, thereby forming the bevels (11, 12). When the flat, curved, or waved end face (5) of the edge (4) of the glass pane (1) is inclined relative to the central plane of the glass pane (1), the tool is moved along the edge (4) of the glass pane (1) in an aligned manner such that substantially equally sized bevels (11, 12) are formed. For this purpose, the tool is designed such that the plane of symmetry (13) of the active areas (9, 10) of the tool does not lie on the central plane of the glass pane (1), i.e. is at a distance from the central plane, and the active areas (9, 10) are arranged at a substantially equal distance to the borders (A, B) of the edge (4) of the glass pane (1). Devices are associated with the grinding disk (6), which detect the position of the boarders (A, B) of the edge (4) of the workpieces (1). The devices for detecting the position of the borders (A, B) are tasters (20, 21) which rest on the boarders (A, B) of the edges (4) of the workpiece (1) under elastic prestress and that the tasters (20, 21) are aligned to the surfaces (2, 3) of the workpiece (1) at an angle of approximately 45°.</p></abstract><abstract mxw-id="PA157167759" ref-ucid="WO-2015070269-A1" lang="EN" source="national office" load-source="docdb"><p>A grinding disk (6) which is moved along the edge (4) of the glass pane (1) is used during the production of bevels (11, 12) on the edge (4) of a workpiece, such as a glass pane (1). The borders (A, B) of the edge (4) of the glass pane (1) are machined so as to remove material using a tool which has active areas (9, 10) on the tool circumferential surface, thereby forming the bevels (11, 12). When the flat, curved, or waved end face (5) of the edge (4) of the glass pane (1) is inclined relative to the central plane of the glass pane (1), the tool is moved along the edge (4) of the glass pane (1) in an aligned manner such that substantially equally sized bevels (11, 12) are formed. For this purpose, the tool is designed such that the plane of symmetry (13) of the active areas (9, 10) of the tool does not lie on the central plane of the glass pane (1), i.e. is at a distance from the central plane, and the active areas (9, 10) are arranged at a substantially equal distance to the borders (A, B) of the edge (4) of the glass pane (1). Devices are associated with the grinding disk (6), which detect the position of the boarders (A, B) of the edge (4) of the workpieces (1). The devices for detecting the position of the borders (A, B) are tasters (20, 21) which rest on the boarders (A, B) of the edges (4) of the workpiece (1) under elastic prestress and that the tasters (20, 21) are aligned to the surfaces (2, 3) of the workpiece (1) at an angle of approximately 45°.</p></abstract><abstract mxw-id="PA156909723" ref-ucid="WO-2015070269-A1" lang="FR" load-source="patent-office"><p num="0000">Lorsque l'on crée des chanfreins (11, 12) sur le bord (4) d'une pièce, telle qu'une plaque de verre (1), on utilise une roue de meulage (6) que l'on déplace le long du bord (4) de la plaque de verre (1). Au moyen de l'outil qui comporte sur sa surface circonférentielle des zones actives (9, 10), on usine par enlèvement de matière les arêtes A, B du bord (4) de la plaque de verre (1) en formant les chanfreins (11, 12). Lorsque la face frontale (5), de forme plane, incurvée ou ondulée, du bord (4) de la plaque de verre (1) est orientée obliquement par rapport au plan médian de la plaque de verre (1), on déplace l'outil le long du bord (4) de la plaque de verre (1) avec une orientation telle que l'on forme des chanfreins (11, 12) de dimensions sensiblement égales. Pour cela, on oriente l'outil de telle sorte que le plan de symétrie (13) des zones actives (9, 10) de l'outil ne se trouve pas dans le plan médian de la plaque de verre (1), c'est-à-dire qu'il se trouve à distance de celui-ci, et que les zones actives (9, 10) se trouvent à des distances sensiblement égales des arêtes (A, B) du bord (4) de la plaque de verre (1). La roue de meulage est dotée d'équipements qui détectent la position des arêtes (A, B) du bord (4) de la plaque de verre (1), ces équipements de détection de la position des arêtes (A, B) étant des palpeurs (20, 21) qui sont plaqués sous précontrainte élastique contre les arêtes (A, B) du bord (4) de la plaque de verre (1) et qui sont orientés en un angle d'environ 45° par rapport aux surfaces (2, 3) de la plaque de verre (1).</p></abstract><abstract mxw-id="PA157167760" ref-ucid="WO-2015070269-A1" lang="FR" source="national office" load-source="docdb"><p>Lorsque l'on crée des chanfreins (11, 12) sur le bord (4) d'une pièce, telle qu'une plaque de verre (1), on utilise une roue de meulage (6) que l'on déplace le long du bord (4) de la plaque de verre (1). Au moyen de l'outil qui comporte sur sa surface circonférentielle des zones actives (9, 10), on usine par enlèvement de matière les arêtes A, B du bord (4) de la plaque de verre (1) en formant les chanfreins (11, 12). Lorsque la face frontale (5), de forme plane, incurvée ou ondulée, du bord (4) de la plaque de verre (1) est orientée obliquement par rapport au plan médian de la plaque de verre (1), on déplace l'outil le long du bord (4) de la plaque de verre (1) avec une orientation telle que l'on forme des chanfreins (11, 12) de dimensions sensiblement égales. Pour cela, on oriente l'outil de telle sorte que le plan de symétrie (13) des zones actives (9, 10) de l'outil ne se trouve pas dans le plan médian de la plaque de verre (1), c'est-à-dire qu'il se trouve à distance de celui-ci, et que les zones actives (9, 10) se trouvent à des distances sensiblement égales des arêtes (A, B) du bord (4) de la plaque de verre (1). La roue de meulage est dotée d'équipements qui détectent la position des arêtes (A, B) du bord (4) de la plaque de verre (1), ces équipements de détection de la position des arêtes (A, B) étant des palpeurs (20, 21) qui sont plaqués sous précontrainte élastique contre les arêtes (A, B) du bord (4) de la plaque de verre (1) et qui sont orientés en un angle d'environ 45° par rapport aux surfaces (2, 3) de la plaque de verre (1).</p></abstract><description mxw-id="PDES92027424" ref-ucid="WO-2015070269-A1" lang="DE" load-source="patent-office"><!-- EPO <DP n="3"/>--><p id="p0001" num="0001">Vorrichtung zum Bearbeiten der Ränder flächiger Werkstücke </p><p id="p0002" num="0002">Die Erfindung betrifft eine Vorrichtung mit den Merkmalen des einleitenden Teils von Anspruch 1. </p><p id="p0003" num="0003">Bei der Vorrichtung der EP 1 488 886 Bl sind zum Erfassen der Lage der Kanten an den Rändern der Glasscheibe zwei Sensoren vorgesehen. Ausweislich Absatz [0060] bis [0066] der EP 1 488 886 Bl ist eine beweglich gehaltene Rolle als Tastrolle, die am Rand der Glasscheibe anliegt, vorgesehen (vgl. Fig. 7 der EP 1 488 886 Bl). Der Rolle sind Sensoren zugeordnet. </p><p id="p0004" num="0004">Der Sensor erfasst Bewegungen der Rolle quer zur Ebene der </p><p id="p0005" num="0005">Glasscheibe. Der Sensor erfasst Bewegungen der Rolle in Richtung der Ebene der Glasscheibe. </p><p id="p0006" num="0006">Die Sensoren sind mit der Maschinensteuerung verbunden, um unter Berücksichtigung der Lage der Rolle die gegenseitige Ausrichtung der Schleifscheibe und der Glasscheibe so auszurichten, dass an beiden Kanten der Ränder der Glasscheibe (im Wesentlichen) identische Fasen erzeugt werden. </p><p id="p0007" num="0007">Aus der EP 1 488 886 Bl ist somit eine Vorrichtung mit den </p><p id="p0008" num="0008">Merkmalen des Oberbegriffes des Anspruches 1 bekannt. </p><p id="p0009" num="0009">Definitionen von im Vorliegenden verwendeten Begriffen: </p><p id="p0010" num="0010">"Werkzeug": Ein Werkzeug, mit dem die Kanten von Rändern eines flächigen Werkstückes, z.B. einer Glasscheibe, zum Erzeugen von Fasen abtragend bearbeitet werden können, insbesondere eine Schleifscheibe . </p><p id="p0011" num="0011">"Wirkbereiche": Die Bereiche des Werkzeuges, die am Rand eines flächigen Werkstückes abtragend angreifen. Die Wirkbereiche einer Schleifscheibe können zueinander im Winkel, beispielsweise im rechten Winkel, stehende Bereiche einer Umfangsflache sein, 
<!-- EPO <DP n="4"/>-->
die von geraden Erzeugenden gebildet ist (Fig. 1 und 7), oder ein Bereich einer konkav gekrümmten ümfangsfläche , der von einer bogenförmigen Erzeugenden gebildet ist (Fig 6) . Zwischen von geraden Erzeugenden gebildeten Wirkbereichen an der </p><p id="p0012" num="0012">Umfangsfläche einer Schleifscheibe kann ein </p><p id="p0013" num="0013">zylindermantelförmiger Bereich liegen (Fig. 7). </p><p id="p0014" num="0014">"Symmetrieebene der Wirkbereiche": Bei einer Schleifscheibe die zur Achse der Schleifscheibe senkrechte stehende Symmetrieebene der Umfangsfläche . </p><p id="p0015" num="0015">"Mittelebene" des Werkstückes, insbesondere der Glasscheibe: Die Ebene, die im. Bereich des Randes, an dem Fasen erzeugt werden, mittig zwischen den Oberflächen des Werkstückes liegt. </p><p id="p0016" num="0016">"Stirnfläche": Die ebene, gewölbte oder wellige Fläche des Randes des Werkstückes zwischen den Kanten des Randes des </p><p id="p0017" num="0017">Werkstückes (in Fig. 18 die Fläche zwischen den mit A und B bezeichneten Kanten) . </p><p id="p0018" num="0018">"Winkel der Stirnfläche des Randes des Werkstückes": Der Winkel, den eine Gerade, welche die Kanten des Randes des Werkstückes miteinander verbindet (Gerade zwischen "A" und "B" in Fig. 18) mit dem Werkstück im Bereich des Randes, an dem Fasen erzeugt werden, einnimmt. Ist der Winkel kein rechter Winkel, liegt eine "schiefe Stirnfläche" vor. </p><p id="p0019" num="0019">"Größe einer Fase": Unter Größe einer Fase wird verstanden: </p><p id="p0020" num="0020">"Fasenhöhe" (AC oder BE in Fig. 18), "Fasenbreite" (CF oder EG in Fig. 18) und "Fasenfläche" (Größe der Fläche bes Bereiches des Randes, der beim Erzeugen der Fase abgetragen wird (Dreieck ACF und Dreieck BEG in Fig. 18). </p><p id="p0021" num="0021">"Besäumen": Erzeugen von Fasen an beiden Kanten eines Randes eines flächigen Werkstückes, insbesondere einer Glasscheibe durch Abtragen von Material, insbesondere durch Beschleifen. 
<!-- EPO <DP n="5"/>-->
"Rauen": Aufrauen der Stirnfläche des Randes eines flächigen Werkstückes, insbesondere einer Glasscheibe, durch Beschleifen. (Durch Rauen des Randes einer Glasscheibe wird verhindert, dass über die Stirnfläche einfallendes Licht in der </p><p id="p0022" num="0022">Scheibenoberfläche unerwünschte Reflexionen verursacht.) </p><p id="p0023" num="0023">Das Rauen eines Randes einer Glasscheibe kann erfolgen, ohne dass dieselbe im Bereich ihres Randes besäumt wird, um Fasen zu erzeugen . </p><p id="p0024" num="0024">Es ist möglich, einen Rand eines flächigen Werkstückes, </p><p id="p0025" num="0025">insbesondere einer Glasscheibe, sowohl zu rauen als auch zu besäumen. Das Rauen und Besäumen kann mit demselben Werkzeug, unmittelbar hintereinander mit voneinander unabhängigen </p><p id="p0026" num="0026">Werkzeugen oder aber in getrennten Arbeitsgängen erfolgen. Fasen können mit ebenen Begrenzungsflächen ausgebildet werden. </p><p id="p0027" num="0027">Es ist auch möglich, Fasen mit konvex gekrümmten </p><p id="p0028" num="0028">Begrenzungsflächen zu erzeugen, wobei Fasen in die Stirnfläche des Werkstückes übergeben können. </p><p id="p0029" num="0029">Derartige, konvex gekrümmte Fasen können beispielsweise erzeugt werden, indem der Rand eines flächigen Werkstückes, insbesondere einer Glasscheibe, mit Hilfe einer an dem zu bearbeitenden Rand entlang geführten Schleifscheibe mit konkav gekrümmten </p><p id="p0030" num="0030">"Wirkbereichen" an der Umfangsfläche bearbeitet wird. </p><p id="p0031" num="0031">Zum Erzeugen von Fasen können auch Schleifscheiben mit V- förmiger Umgangsfläche (umfassend zwei im Winkel, zueinander stehende "Wirkbereiche") erzeugt werden. Falls zusätzlich zum Erzeugen von Fasen die Stirnfläche des Randes eines flächigen Werkstückes, insbesondere einer Glasscheibe, zu Rauen ist, kann eine Schleifscheibe verwendet werden, die eine trapezförmige Umgangsfläche (umfassend zwei "Wirkbereiche" und dazwischen einen zylindermantelförmigen "Wirkbereich") aufweist. 
<!-- EPO <DP n="6"/>-->
Wenn nur die Stirnfläche eines flächigen Werkstückes, insbesondere einer Glasscheibe, zu rauen ist, kann eine </p><p id="p0032" num="0032">Schleifscheibe mit zylindermanterförmiger Umfangsfläche (als "Wirkbereich") verwendet werden. </p><p id="p0033" num="0033">Üblicherweise wird, insbesondere wenn das flächige Werkstück eine Glasscheibe ist, verlangt, dass die Fasen an beiden Kanten von Rändern wenigstens im Wesentlichen gleich groß sind. Es ist also unerwünscht, dass eine Fase an einer Kante eines Randes wesentlich größer ist als die Fase an der anderen Kante. </p><p id="p0034" num="0034">Das Herstellen von im Wesentlichen gleich großen Fasen ist kein Problem, wenn die Stirnfläche des Randes zur Ebene des flächigen Werkstückes (Glasscheibe) unter einem rechten Winkel </p><p id="p0035" num="0035">ausgerichtet ist. Insbesondere bei durch Brechen erzeugten </p><p id="p0036" num="0036">Glasscheiben ergeben sich aber häufig Stirnflächen, die zur Ebene der Glasscheibe unter einem Winkel geneigt sind, der von einem rechten Winkel abweicht, und die nicht eben, sondern gekrümmt und/oder gewellt sein können. </p><p id="p0037" num="0037">Der Erfindung liegt die Aufgabe zugrunde, eine Vorrichtung anzugeben, bei der auch bei nicht unter rechtem Winkel zur Ebene des Werkstückes stehender Stirnfläche des Randes im Wesentlichen gleich große Fasen erzeugt werden können. </p><p id="p0038" num="0038">Gelöst wird diese Aufgabe erfindungsgemäß mit einer Vorrichtung, welche die Merkmale von Anspruch 1 aufweist. </p><p id="p0039" num="0039">Bevorzugte und vorteilhafte Ausgestaltungen der </p><p id="p0040" num="0040">erfindungsgemäßen Vorrichtung sind Gegenstand des </p><p id="p0041" num="0041">Unteranspruches . </p><p id="p0042" num="0042">Anders als bei der aus der EP 1 488 886 Bl bekannten Vorrichtung ist bei der erfindungsgemäßen Vorrichtung vorgesehen, dass die Vorrichtungen zum Erfassen der Lage der Kanten A, B Taster sind, die an den Kanten des Randes des Werkstückes unter elastischer 
<!-- EPO <DP n="7"/>-->
Vorspannung anliegen und dass die Taster zu den Flächen des Werkstückes unter einem Winkel von 45° ausgerichtet sind. </p><p id="p0043" num="0043">Einmal ist damit ein gesondertes Abtastelement, wie die Rolle der EP 1 488 886 Bl, entbehrlich und die erfindungsgemäß </p><p id="p0044" num="0044">vorgesehenen Taster erfassen wegen ihrer Ausrichtung die </p><p id="p0045" num="0045">Glasscheibe einfacher und genauer. </p><p id="p0046" num="0046">Bei der Erfindung wird das Werkzeug mit seinem Wirkbereich, insbesondere mit seinen Wirkbereichen, so ausgerichtet, dass auch bei einem Winkel der Stirnflächen des Randes des </p><p id="p0047" num="0047">Werkstückes, der kein rechter Winkel ist ("schiefe </p><p id="p0048" num="0048">Stirnfläche"), im Wesentlichen gleich große Fasen erreicht werden. Dabei ist das Werkzeug mit seinen Wirkflächen anders als symmetrisch zum Rand des Werkstückes ausgerichtet. Das Werkzeug wird so ausgerichtet, dass die Symmetrieebene zwischen den </p><p id="p0049" num="0049">Wirkbereichen des Werkzeuges mit der Mittelebene des Werkstückes (Glasscheibe) nicht zusammenfällt. Das Werkzeug wird </p><p id="p0050" num="0050">erfindungsgemäß so ausgerichtet, dass es auch bei schiefer </p><p id="p0051" num="0051">Stirnfläche des Randes des Werkstückes an den Kanten des Randes wenigstens im Wesentlichen gleich große Fasen erzeugt. </p><p id="p0052" num="0052">Weitere Einzelheiten und Merkmale der Erfindung ergeben sich aus der nachstehenden Beschreibung bevorzugter Ausführungsbeispiele an Hand der Zeichnungen. Es zeigt </p><p id="p0053" num="0053">Fig. 1 schematisch eine Schleifscheibe und (teilweise) eine </p><p id="p0054" num="0054"> Glasscheibe, an der Fasen erzeugt werden, </p><p id="p0055" num="0055"> Fig. 2 </p><p id="p0056" num="0056">bis 5 verschiedene Ausführungsformen von Fasen am Rand einer </p><p id="p0057" num="0057"> Glasscheibe, </p><p id="p0058" num="0058"> Fig. 6 eine Schleifscheibe mit konkav gekrümmter </p><p id="p0059" num="0059"> Umfangsfläche , wie sie beispielswiese zum Herstellen von Fasen der Fig. 3 und 4 oder 5 verwendet werden kann, </p><p id="p0060" num="0060"> Fig. 7 eine Schleifscheibe mit trapezförmiger Mantelfläche, 
<!-- EPO <DP n="8"/>-->
Fig. 8 eine Schleifscheibe zum Rauen der Stirnflächen von Rändern von Glasscheiben mit zylindermantelförmiger Umgangsfläche , </p><p id="p0061" num="0061"> Fig. 9 </p><p id="p0062" num="0062">bis 14 weitere Ausführungsformen von Fasen am Rand von </p><p id="p0063" num="0063"> Glasscheiben, </p><p id="p0064" num="0064"> Fig. 15 den Rand einer Glasscheibe mit zu ihrer Ebene schräg gestellter ("schiefer") Stirnfläche, </p><p id="p0065" num="0065">Fig. 16 die Zuordnung einer Schleifscheibe zu der in Fig. 15 gezeigten Glasscheibe, </p><p id="p0066" num="0066">Fig. 17 ein weiteres Beispiel für die Zuordnung einer </p><p id="p0067" num="0067"> Schleifscheibe zu einer Glasscheibe gemäß Fig. 15, Fig. 18 schematisch die Zuordnung einer Schleifscheibe zu </p><p id="p0068" num="0068"> einer Glasscheibe mit schräger Stirnfläche, Fig. 19 die Zuordnung einer Schleifscheibe mit zylindrischer </p><p id="p0069" num="0069"> Umgangsfläche zu einer Glasscheibe mit schräger </p><p id="p0070" num="0070"> Stirnfläche , </p><p id="p0071" num="0071"> Fig. 20 die wesentlichen Teile einer Vorrichtung zum Ausführen eines Verfahrens mit der erfindungsgemäßen </p><p id="p0072" num="0072"> Vorrichtung, </p><p id="p0073" num="0073"> Fig. 21 schematisiert weitere Einzelheiten einer Vorrichtung zum Ausführen eines Verfahrens mit der </p><p id="p0074" num="0074"> erfindungsgemäßen Vorrichtung, </p><p id="p0075" num="0075">Fig. 22 eine weitere Ausführungsform einer erfindungsgemäßen </p><p id="p0076" num="0076"> Vorrichtung und </p><p id="p0077" num="0077">Fig. 23 schematisch eine Anordnung zum Ausführen eines </p><p id="p0078" num="0078"> Verfahrens mit der erfindungsgemäßen Vorrichtung. </p><p id="p0079" num="0079">Wenn im Folgenden beim Erläutern der in den Zeichnungen </p><p id="p0080" num="0080">gezeigten Ausführungsbeispiele von einer Glasscheibe als flächiges Werkstück gesprochen wird, ist dies nicht beschränkend zu verstehen, da mit dem erfindungsgemäßen Verfahren und der erfindungsgemäßen Vorrichtung grundsätzlich auch andere, plattenförmige ("flächige") Werkstücke als Glasscheiben </p><p id="p0081" num="0081">bearbeitet werden können. 
<!-- EPO <DP n="9"/>-->
In allen Darstellungen wird die Erfindung beispielhaft mit Bezug auf einen Rand 4 einer lotrecht stehenden Glasscheibe 1 </p><p id="p0082" num="0082">erläutert. An den übrigen Rändern der Glasscheibe 1 und bei einer nicht lotrecht stehenden Glasscheibe 1 liegen sinngemäße Verhältnisse vor. </p><p id="p0083" num="0083">In der Beschreibung wird die Richtung der Längserstreckung des Randes 4 als X-Richtung bezeichnet. Die Richtung normal auf die Flächen 2 und 3 der Glasscheibe 1 (z. B. Ebene der Glasscheibe 1) wird als Z-Richtung bezeichnet. Eine Richtung senkrecht zum Rand 4 der Glasscheibe 1 wird als Y-Richtung bezeichnet. </p><p id="p0084" num="0084">Beim Ausbilden von gekrümmten Fasen (Fig. 3) kann der </p><p id="p0085" num="0085">Materialabtrag so weit getrieben werden, dass die Stirnfläche 5 des Randes 4 der Glasscheibe 1 verschwindet und die Fasen ineinander übergehen. Es ist beispielshaft in den Fig. 4 und 5 dargestellt. In diesem Fall wird von einem "Randschliff" gesprochen . </p><p id="p0086" num="0086">Eine Schleifscheibe 6 mit konkav ausgebildeter Umgangsfläche 8 als Werkzeug weist beispielsweise die in Fig. 1 gezeigte Form mit einer Umgangsfläche 8 auf, die zwei zueinander V-förmig ausgerichtete Wirkbereiche 9 und 10 aufweist. Mit der </p><p id="p0087" num="0087">Schleifscheibe 6 werden die Kanten des Randes 4 der Glasscheibe 1 abtragend bearbeitet ("besäumt") , wobei Fasen 11 und 12 entstehen . </p><p id="p0088" num="0088">Dabei wird die Schleifscheibe 6 in X-Richtung entlang des Randes 4 der Glasscheibe 1 bewegt und um seine Achse 7 gedreht. </p><p id="p0089" num="0089">Weitere Ausführungsformen von Schleifscheiben 6 sind in Fig. 6 (konkav gekrümmte Umgangsfläche 8 umfassend einen Wirkbereich),</p><p id="p0090" num="0090">Fig. 7 (trapezförmiger Wirkbereich) und Fig. 8 </p><p id="p0091" num="0091"> ( zylindermantelförmig ausgebildeter Wirkbereich) gezeigt. </p><p id="p0092" num="0092">Die in Fig. 8 gezeigte Schleifscheibe 6 wird insbesondere zum 
<!-- EPO <DP n="10"/>-->
Rauen der Stirnfläche 5 der Glasscheibe 1 verwendet, wobei die Kanten nicht gebrochen werden, also keine Fasen 11, 12 </p><p id="p0093" num="0093">entstehen . </p><p id="p0094" num="0094">Um den gesamten Rand 4 einer Glasscheibe 1, d. h. alle ihre Ränder 4 zu bearbeiten, führt die Schleifscheibe 6 eine </p><p id="p0095" num="0095">Relativbewegung um die Glasscheibe 1 herum aus. </p><p id="p0096" num="0096">Dazu kann entweder die Schleifscheibe 6 um die Glasscheibe 1 herum geführt werden oder es wird die Glasscheibe 1 entlang des gesamten Randes 4 an der Schleifscheibe 6 entlang geführt. In Betracht gezogen ist auch eine Kombination aus Bewegungen der Schleifscheibe 6 und der Glasscheibe 1. </p><p id="p0097" num="0097">Im Rahmen der Erfindung ist auch in Betracht gezogen, das </p><p id="p0098" num="0098">Bearbeiten der Ränder 4 einer Glasscheibe 1 nicht nur mit einer, sondern mit mehr als einer, beispielsweise zwei Schleifscheiben 6 auszuführen. Bei mehr als einer Schleifscheibe 6 kann das Bearbeiten der Ränder 4 einer Glasscheibe 1 teils gleichzeitig, teils nacheinander, ausgeführt werden. </p><p id="p0099" num="0099">Gleich große Fasen 11, 12 an den Kanten eines Randes 4 einer Glasscheibe 1 werden ohne Weiteres erreicht, wenn die </p><p id="p0100" num="0100">Stirnfläche 5 (genauer eine durch die Kanten des Randes 4 gehende (definierte) Ebene, weil die Stirnfläche 5 nicht </p><p id="p0101" num="0101">zwingend eben ist, sondern auch gewölbt oder gewellt sein kann) eine Ebene ist, die normal auf die Flächen 2, 3 der Glasscheibe 1 ausgerichtet ist. In diesem Fall wird die Schleifscheibe 6 symmetrisch zur Mittelebene der Glasscheibe 1 (Ebene, die in der Mitte zwischen den Flächen 2, 3 der Glasscheibe 1 liegt und zu diesen parallel ist) ausgerichtet. Diese Ausrichtung der </p><p id="p0102" num="0102">Schleifscheibe 6 zur Glasscheibe 1 ist in den Fig. 1, 6 und 7 gezeigt . </p><p id="p0103" num="0103">Allerdings ergibt eine zur Mittelebene der Glasscheibe 1 symmetrische Ausrichtung der Wirkbereichen des Schleifwerkzeuges 
<!-- EPO <DP n="11"/>-->
nur dann gleich große Fasen 11 und 12, wenn der Winkel der </p><p id="p0104" num="0104">Stirnfläche 5 des Randes 4 wenigstens zu den Flächen 2, 3 der Glasscheibe 1 annähernd normal, also ein rechter Winkel, ist. </p><p id="p0105" num="0105">Glasscheiben 1 werden durch Aufteilen einer größeren Glastafel hergestellt. Dabei werden die Glastafeln nach dem. </p><p id="p0106" num="0106">Aufteilungsmuster geritzt und dann entlang der Ritzlinien gebrochen. Dadurch entstehen häufig Ränder 4, deren (ebene oder gekrümmte) Stirnflächen 5 zu den Flächen 2, 3 der Glasscheibe 1 schief stehen. Dies ist beispielsweise in Fig. 15 schematisch dargestellt . </p><p id="p0107" num="0107">Das Ausmaß der Schrägstellung der Stirnfläche 5 des Randes 4 der Glasscheibe 1 kann sich über die Länge des Randes 4 ändern. </p><p id="p0108" num="0108">Wenn eine Glasscheibe 1 mit einem Rand 4 gemäß Fig. 15, also mit schiefer Stirnfläche 5 mit einer symmetrisch ausgerichteten Schleifscheibe 6 (in Fig. 16 in ausgezogenen Linien dargestellt) bearbeitet wird, ergeben sich Fasen 11, 12 mit unterschiedlicher Größe . </p><p id="p0109" num="0109">Erfindungsgemäß wird die Lage der Schleifscheibe 6 relativ zur Glasscheibe 1 aus der symmetrischen Ausrichtung um den Versatz V<sub>12</sub> verstellt, also die Schleifscheibe 6 aus ihrer zur </p><p id="p0110" num="0110">Glasscheibe 1 symmetrischen Ausrichtung (mittige Positionierung) wegbewegt, und nimmt die in Fig. 16 und 17 in strichlierten Linien angedeutete Lage zur Glasscheibe 1 ein. </p><p id="p0111" num="0111">Durch Verändern der Lage der Schleifscheibe 6 in Z-Richtung (normal auf die Ebene der Glasscheibe 1 und parallel zur </p><p id="p0112" num="0112">Drehachse 7 der Schleifscheibe 6) wird erreicht, dass von beiden Kanten etwa gleich viel Glas abgetragen wird, so dass etwa gleich große Fasen 11, 12 gebildet werden. </p><p id="p0113" num="0113">Dabei kann der Versatz V<sub>12</sub> von Fig. 16 und 17 durch Verändern der Lage der Schleifscheibe 6 und/oder Verändern der Lage der 
<!-- EPO <DP n="12"/>-->
Glasscheibe 1 jeweils in Z-Richtung erreicht werden. </p><p id="p0114" num="0114">Falls nach dem Verändern der Lage der Schleifscheibe 6 von beiden Kanten des Randes 4 der Glasscheibe 1 zu große oder zu kleine Fasen 11, 12 gebildet würden, kann die Schleifscheibe 6 auch in Y-Richtung versetzt werden, indem sie vom Rand 4 weg oder zum Rand 4 hin verstellt wird (Versatz V<sub>23</sub> in Fig. 17) . </p><p id="p0115" num="0115">Wenn beispielsweise die Schleifscheibe 6 in der in Fig. 16 in durchgehenden Linien eingezeichneten Stellung an der in Fig. 16 linken Kante eine Fase mit der richtigen Größe abträgt, würde das Versetzen der Schleifscheibe 6 um den Versatz V<sub>12</sub>, also in die in Fig. 16 strichliert dargestellte Stellung, dazu führen, dass an beiden Kanten zu große Fasen 11, 12 ausgebildet würden. Um dem Rechnung zu tragen, wird die Schleifscheibe 6 durch </p><p id="p0116" num="0116">Versatz um die Strecke V<sub>23</sub> aus der in Fig. 17 strichliert </p><p id="p0117" num="0117">dargestellten Stellung in die in Fig. 17 in durchgehenden Linien gezeigte Stellung verstellt. </p><p id="p0118" num="0118">In Fig. 18 sind eine Glasscheibe 1 und eine Schleifscheibe 6 in der Stellung von Fig. 17 (durchgehende Linien) dargestellt. Die Punkte A und B entsprechen den Kanten der Ränder 4 der </p><p id="p0119" num="0119">Glasscheibe 1 vor dem Besäumen. Die Verbindung der Punkte C und F entspricht der Fase 11 an der einen Kante und die Verbindung der Punkte E und G der Fase 12 an der anderen Kante. </p><p id="p0120" num="0120">Das Ausmaß des Versatzes V<sub>12</sub> (Fig. 16) und des Versatzes V<sub>23</sub> (Fig. 17) kann aus der gemessenen Lage der Kanten A und B, an denen Fasen erzeugt werden sollen, errechnet werden. </p><p id="p0121" num="0121">Im Rahmen der Erfindung ist in Betracht gezogen, dass während der Bewegung der Schleifscheibe 6 und/oder der Glasscheibe 1 beim Herstellen von Fasen 11, 12 der Versatz V<sub>12</sub> und/oder V<sub>23</sub> dem jeweils am Ort des Angriffes der Schleifscheibe 6 vorliegenden Größe des Winkels der Stirnfläche 5 angepasst wird. 
<!-- EPO <DP n="13"/>-->
Bei der Erfindung wird die Lage der Kanten Ä, B am Rand 4 einer Glasscheibe 1 bestimmt. Auf dieser Grundlage wird die Lage der Schleifscheibe 6 relativ zur Glasscheibe.1 gewählt. So kann beispielsweise ein gleichmäßiges Besäumen der Kanten A, B der Ränder 4 einer Glasscheibe 1 im Sinne konstanter Abmessungen der Fasen 11, 12 erreicht werden. Dies kann bei kontinuierlichen Nachj ustieren (Anpassen) der Lage der Schleifscheibe 6 relativ zur Glasscheibe 1 unter Berücksichtigung der Lage der Kanten A, B der Ränder 4 der Glasscheibe 1 die angestrebte Größe der Fasen 11,12 auch durchgängig erreicht werden. </p><p id="p0122" num="0122">Im Rahmen der Erfindung ist auch in Betracht gezogen, die </p><p id="p0123" num="0123">Schleifscheibe 6 um eine in X-Richtung verlaufende Achse um einen Winkel ψ zu schwenken, um die Lage der Schleifscheibe 6 der Lage der Kanten am Rand 4 der zu bearbeitenden Glasscheibe 1 anzupassen. Dabei wird die Symmetrieebene 13 zwischen den </p><p id="p0124" num="0124">Winkelbereichen 9 und 10 zur Mittelebene der Glasscheibe 1 schräg gestellt. Der Winkel ψ kann so festgelegt werden, dass nach dem Schwenken der Schleifscheibe 6 um den Winkel ψ die Symmetrieebene 13 zwischen den Wirkflächen 9 und 10 der </p><p id="p0125" num="0125">Schleifscheibe 6 normal auf die Stirnfläche 5 (zwischen den Punkten A und B von Fig. 18) ausgerichtet ist. Das Festlegen des Winkels † ist insbesondere beim Rauen der Stirnfläche 5 des Randes 4 einer Glasscheibe 1 vorteilhaft, wie dies in Fig. 19 beispielhaft dargestellt ist. </p><p id="p0126" num="0126">Für das kontinuierliche Anpassen des Versatzes V<sub>12</sub> und V<sub>23</sub> können eigenständige Aktoren (Antriebe) vorgesehen sein. </p><p id="p0127" num="0127">Das kontinuierliche Anpassen des Versatzes V<sub>23</sub> kann auch von einem Antrieb ausgeführt werden, der auch die Relativbewegung von Schleifscheibe 6 und Glasscheibe 1 ausführt. </p><p id="p0128" num="0128">Das kontinuierliche Anpassen des Versatzes V<sub>12</sub> kann auch von einem Antrieb ausgeführt werden, der dem Anpassen der Position der Schleifscheibe 5 an die Dicke der Glasscheibe 1 dient. 
<!-- EPO <DP n="14"/>-->
Für das Bestimmen der Position der Kanten (symbolisiert durch "A" und "B" in Fig. 18) eines Randes 4 einer Glasscheibe 1 können verschiedene Verfahren angewendet werden. Beispielsweise sind optische oder bilderkennende Verfahren, insbesondere auch mechanische Abtastverfahren, vorteilhaft. Beispielsweise können die Kanten A, B eines Randes 4 einer Glasscheibe 1 durch an den Kanten A, B entlang gleitende Taster, die beispielsweise an Schwenkarmen angebracht oder als Federn ausgebildet sind, verwendet werden. Das im Rahmen der Erfindung bevorzugte </p><p id="p0129" num="0129">mechanische Abtasten mit Hilfe zweier Blattfeder ist apparativ besonders einfach zu verwirklichen. </p><p id="p0130" num="0130">Eine derartige Abtastvorrichtung ist in den Fig. 20, 21 und 22 teilweise und schematisch dargestellt, wobei Fig. 20 und 22 Schrägansichten und Fig. 21 eine Stirnansicht der </p><p id="p0131" num="0131">Abtastvorrichtung zeigen. In Fig. 20 ist das Werkzeug </p><p id="p0132" num="0132"> (Schleifscheibe 6) zum Erzeugen der Fasen 11,12 nicht </p><p id="p0133" num="0133">dargestellt, weshalb in Fig. 20 auch die Fasen 11,12 nicht gezeigt sind. </p><p id="p0134" num="0134">Die die Position der Kanten A, B des Randes 4 erfassenden Taster 20, 21 sind im gezeigten Ausführungsbeispiel Blattfedern, die (unter Vorspannung) elastisch federnd an den Kanten A, B des Randes 4 der Glasscheibe 1, deren Position zu bestimmen ist, anliegen. Die Taster 20, 21 sind an ihrem einen Ende (in einer nicht gezeigten) Halterung fixiert, wogegen sie im Bereich ihrer freien beweglichen Enden 22, 23 entlang der Kanten des Randes 4 der Glasscheibe 1 gleiten. Die Taster 20, 21 sind (vgl. Fig. 21) zueinander so ausgerichtet, dass sie zu den Flächen 2, 3 der Glasscheibe 1 die Winkel und ß (vgl. Fig. 21) einnehmen. Diese Winkel α und ß betragen etwa 45°. Es bedeutet, dass die Taster 20, 21 zueinander einen Winkel γ einnehmen, der etwa einem rechten Winkel entspricht. </p><p id="p0135" num="0135">In den Fig. 20 und 21 ist in durchgehenden Linien die Situation bei einer Glasscheibe 1, deren Stirnfläche 5 zur Ebene der 
<!-- EPO <DP n="15"/>-->
Glasscheibe 1 im Wesentlichen senkrecht steht (rechter Winkel der Stirnfläche 5) und in strichlierten Linien die Situation dargestellt, bei welcher die Stirnfläche 5 zur Ebene der </p><p id="p0136" num="0136">Glasscheibe 1 unter einem nicht rechten Winkel, also schräg, gestellt ist ("schiefe Stirnfläche") . </p><p id="p0137" num="0137">Die Taster 20, 21 liegen an den Kanten A bzw. B auf, sodass unter der Annahme, dass die Lage der den Flächen 2, 3 der </p><p id="p0138" num="0138">Glasscheibe 1 entsprechenden Ebenen konstant und bekannt ist, aus der Lage der Taster 20, 21 auf die Lage der Kanten A, B geschlossen werden kann. Die Lage der Taster 20, 21 kann mit Hilfe von Wegsensoren 24, 25 (Fig. 21), die an der Halterung der Taster 20, 21 angebracht sind, bestimmt werden. Für die </p><p id="p0139" num="0139">Wegsensoren 24, 25 können verschiedene Messprinzipien Verwendung finden, insbesondere kann die Messung kontaktlos mit Hilfe eines induktiven Sensors erfolgen. Das Abtasten kann in beiden </p><p id="p0140" num="0140">Bewegungsrichtungen der Schleifscheibe 6 erfolgen, wie dies durch den Pfeil 26 in Fig. 20 und den Pfeil 27 in Fig. 22 symbolisiert ist. In der Regel befindet sich die Schleifscheibe 6 aber, bezogen auf die Bewegungsrichtung, hinter der </p><p id="p0141" num="0141">Abtastvorrichtung mit den Tastern 20, 21 (vgl. Fig. 22). </p><p id="p0142" num="0142">Wenn beispielsweise die Abtastvorrichtung in Richtung des </p><p id="p0143" num="0143">Pfeiles 27 (Fig. 22) verwendet wird, ist die Schleifscheibe 6 auf der Seite der freien (beweglichen) Enden 22, 23 der Taster 20, 21 angeordnet. In diesem Fall hat die Ausführungsform der Taster 20, 21 als Blattfedern den weiteren Vorteil, dass sie konkav gekrümmt ausgebildet sein und eine Rinne bilden können, über die für das Schleifen übliche Kühlflüssigkeit über </p><p id="p0144" num="0144">Leitungen 30, 31 zugeführt werden kann. Dies ist schematisch in Fig. 22 angedeutet. </p><p id="p0145" num="0145">Die zuvor beschriebene Bestimmung der Lage der Kanten A, B mit Hilfe der Taster 20, 21 setzt voraus, dass die Lage der Flächen 2, 3 der Glasscheibe 1 konstant oder bekannt ist. Ist dies nicht der Fall, kann mit Hilfe einer weiteren Abtastvorrichtung die 
<!-- EPO <DP n="16"/>-->
Position der Flächen 2, 3 der Glasscheiben 1 in der Nähe der Kanten A, B des zu bearbeitenden Randes 4 bestimmt werden. </p><p id="p0146" num="0146">Beispielsweise kann die Lage der Flächen 2, 3 der Glasscheibe 1, so wie dies in Fig. 23 dargestellt ist, mit Hilfe zweier </p><p id="p0147" num="0147">Abtastrollen 32, 33 ermittelt werden. Anstelle der Abtastrollen 32, 33 können auch federnde Taster 20, 21, wie dies in den Fig. 20 und 21 für das Abtasten der Kanten A, B dargestellt ist, verwendet werden. </p><p id="p0148" num="0148">Zusammenfassend kann ein Ausführungsbeispiel der Erfindung wie folgt beschrieben werden: </p><p id="p0149" num="0149">Beim Erzeugen von Fasen 11, 12 am Rand 4 eines Werkstückes, wie einer Glasscheibe 1, wird eine Schleifscheibe 6 verwendet, die entlang des Randes 4 der Glasscheibe 1 bewegt wird. Dabei werden die Kanten A, B des Randes 4 der Glasscheibe 1 durch das an seiner Umfangsfläche Wirkbereiche 9, 10 aufweisende Werkzeug unter Bilden der Fasen 11, 12 abtragend bearbeitet. Wenn die eben, gekrümmt oder gewellt ausgebildete Stirnfläche 5 des </p><p id="p0150" num="0150">Randes 4 der Glasscheibe 1 zur Mittelebene der Glasscheibe 1 schief ausgerichtet ist, wird das Werkzeug so ausgerichtet entlang des Randes 4 der Glasscheibe 1 bewegt, dass im </p><p id="p0151" num="0151">Wesentlichen gleich große Fasen 11, 12 gebildet werden. Das Werkzeug wird hierzu so ausgerichtet, dass die Symmetrieebene 13 der Wirkbereiche 9, 10 des Werkzeuges nicht in der Mittelebene der Glasscheibe 1 liegt, also von dieser Abstand aufweist und dass die Wirkbereiche 9, 10 von den Kanten A, B des Randes 4 der Glasscheibe 1 im Wesentlichen gleich große Abstände haben. 
</p></description><claims mxw-id="PCLM83920956" ref-ucid="WO-2015070269-A1" lang="DE" load-source="patent-office"><claim id="clm-0001" num="0001"><!-- EPO <DP n="17"/>--><claim-text> Ansprüche : </claim-text><claim-text>Vorrichtung zum Bearbeiten von flächigen Werkstücken (1), wie Glasscheiben, mit einem Werkzeug, insbesondere einer Schleifscheibe (6), das Wirkbereiche (9, 10) aufweist und das beim Erzeugen von Fasen (11, 12) durch abtragendes Bearbeiten von Kanten (A, B) an Rändern (4) des Werkstückes</claim-text><claim-text>(1) entlang des Randes (4) des Werkstückes (1) bewegbar ist, wobei dem Werkzeug Verstellorgane zugeordnet sind, mit welchen das Werkzeug relativ zum Werkstück (1) quer zur Mittelebene des Werkstückes (1) und in Richtung der </claim-text><claim-text>Mittelebene des Werkstückes (i) verstellbar ist, um das Werkzeug entlang des Randes (4) des Werkstückes (1) in einer Lage zu bewegen, in der die Symmetrieebene (13) der Wirkbereiche (9, 10) des Werkzeuges gegenüber einer mit der Mittelebene des Werkstückes (1) zusammenfallenden Stellung geändert ist, derart, dass die Lage der Wirkbereiche (9, 10) des Werkzeuges relativ zu den Kanten (A, B) des Randes</claim-text><claim-text>(4) des Werkstückes (1) im Wesentlichen identisch ist, und wobei dem Werkzeug Vorrichtungen zugeordnet sind, welche die Lage der Kanten (A, B) des Randes (4) des Werkstückes</claim-text><claim-text>(1) erfassen, dadurch gekennzeichnet, dass die </claim-text><claim-text>Vorrichtungen zum Erfassen der Lage der Kanten (A, B) Taster (20, 21) sind, die an den Kanten (A, B) des Randes</claim-text><claim-text>(4) des Werkstückes (1) unter elastischer Vorspannung anliegen und dass die Taster (20, 21) zu den Flächen (2, 3) des Werkstückes (1) unter einem Winkel von etwa 45° ausgerichtet sind. </claim-text><claim-text>Vorrichtung nach Anspruch 1, dadurch gekennzeichnet, dass die Taster (20, 21) rinnenförmig ausgebildet sind und dass den Tastern (20, 21) Leitungen (30, 31) zum Zuführen von Kühlflüssigkeit zugeordnet sind. 
</claim-text></claim></claims><copyright>User acknowledges that Fairview Research LLC and its third party providers retain all right, title and interest in and to this xml under applicable copyright laws.  User acquires no ownership rights to this xml including but not limited to its format.  User hereby accepts the terms and conditions of the Licence Agreement</copyright></patent-document>
