<?xml version="1.0" encoding="UTF-8"?>
<patent-document ucid="EP-2680728-A1" country="EP" doc-number="2680728" kind="A1" date="20140108" family-id="45814320" file-reference-id="301349" date-produced="20180823" status="corrected" lang="DE"><bibliographic-data><publication-reference fvid="146587124" ucid="EP-2680728-A1"><document-id><country>EP</country><doc-number>2680728</doc-number><kind>A1</kind><date>20140108</date><lang>DE</lang></document-id></publication-reference><application-reference ucid="EP-12708082-A" is-representative="NO"><document-id mxw-id="PAPP154849316" load-source="docdb" format="epo"><country>EP</country><doc-number>12708082</doc-number><kind>A</kind><date>20120227</date><lang>DE</lang></document-id><document-id mxw-id="PAPP220440277" load-source="docdb" format="original"><country>EP</country><doc-number>12708082.8</doc-number><date>20120227</date></document-id></application-reference><priority-claims><priority-claim mxw-id="PPC140556581" ucid="CH-2012000051-W" linkage-type="W" load-source="docdb"><document-id format="epo"><country>CH</country><doc-number>2012000051</doc-number><kind>W</kind><date>20120227</date></document-id></priority-claim><priority-claim mxw-id="PPC140549665" ucid="CH-3522011-A" load-source="docdb"><document-id format="epo"><country>CH</country><doc-number>3522011</doc-number><kind>A</kind><date>20110301</date></document-id></priority-claim></priority-claims><technical-data><classifications-ipcr><classification-ipcr mxw-id="PCL1989317567" load-source="docdb">A47J  42/24        20060101AFI20120918BHEP        </classification-ipcr></classifications-ipcr><classifications-cpc><classification-cpc mxw-id="PCL1989625083" load-source="docdb" scheme="CPC">A47J  42/24        20130101 FI20130101BHEP        </classification-cpc></classifications-cpc><invention-title mxw-id="PT132366005" lang="DE" load-source="patent-office">KRÄUTERMÜHLE</invention-title><invention-title mxw-id="PT132366006" lang="EN" load-source="patent-office">HERB MILL</invention-title><invention-title mxw-id="PT132366007" lang="FR" load-source="patent-office">HACHOIR À HERBES</invention-title><citations><non-patent-citations><nplcit><text>See references of WO 2012116457A1</text><sources><source mxw-id="PNPL67456321" load-source="docdb" name="SEA"/></sources></nplcit></non-patent-citations></citations></technical-data><parties><applicants><applicant mxw-id="PPAR919535940" load-source="docdb" sequence="1" format="epo"><addressbook><last-name>BETTY BOSSI AG</last-name><address><country>CH</country></address></addressbook></applicant><applicant mxw-id="PPAR919539001" load-source="docdb" sequence="1" format="intermediate"><addressbook><last-name>BETTY BOSSI AG</last-name></addressbook></applicant><applicant mxw-id="PPAR919019299" load-source="patent-office" sequence="1" format="original"><addressbook><last-name>Betty Bossi AG</last-name><iid>101301300</iid><address><street>Bürglistrasse 29</street><city>8002 Zürich</city><country>CH</country></address></addressbook></applicant></applicants><inventors><inventor mxw-id="PPAR919524550" load-source="docdb" sequence="1" format="epo"><addressbook><last-name>MORF FEMKE</last-name><address><country>CH</country></address></addressbook></inventor><inventor mxw-id="PPAR919533313" load-source="docdb" sequence="1" format="intermediate"><addressbook><last-name>MORF, Femke</last-name></addressbook></inventor><inventor mxw-id="PPAR919017605" load-source="patent-office" sequence="1" format="original"><addressbook><last-name>MORF, Femke</last-name><address><street>Gerechtigkeit Gasse 3</street><city>3011 Bern</city><country>CH</country></address></addressbook></inventor></inventors><agents><agent mxw-id="PPAR919019431" load-source="patent-office" sequence="1" format="original"><addressbook><last-name>Gachnang, Hans Rudolf</last-name><iid>101222696</iid><address><street>Gachnang AG Patentanwälte Badstrasse 5 Postfach 323</street><city>8501 Frauenfeld</city><country>CH</country></address></addressbook></agent></agents></parties><international-convention-data><pct-or-regional-filing-data ucid="CH-2012000051-W"><document-id><country>CH</country><doc-number>2012000051</doc-number><kind>W</kind><date>20120227</date><lang>DE</lang></document-id></pct-or-regional-filing-data><pct-or-regional-publishing-data ucid="WO-2012116457-A1"><document-id><country>WO</country><doc-number>2012116457</doc-number><kind>A1</kind><date>20120907</date><lang>DE</lang></document-id></pct-or-regional-publishing-data><designated-states><ep-contracting-states><country mxw-id="DS549851178" load-source="docdb">AL</country><country mxw-id="DS549782037" load-source="docdb">AT</country><country mxw-id="DS549851179" load-source="docdb">BE</country><country mxw-id="DS549852098" load-source="docdb">BG</country><country mxw-id="DS549769047" load-source="docdb">CH</country><country mxw-id="DS549865759" load-source="docdb">CY</country><country mxw-id="DS549782038" load-source="docdb">CZ</country><country mxw-id="DS549850413" load-source="docdb">DE</country><country mxw-id="DS549865760" load-source="docdb">DK</country><country mxw-id="DS549865761" load-source="docdb">EE</country><country mxw-id="DS549768800" load-source="docdb">ES</country><country mxw-id="DS549852099" load-source="docdb">FI</country><country mxw-id="DS549852100" load-source="docdb">FR</country><country mxw-id="DS549851180" load-source="docdb">GB</country><country mxw-id="DS549851181" load-source="docdb">GR</country><country mxw-id="DS549851186" load-source="docdb">HR</country><country mxw-id="DS549782039" load-source="docdb">HU</country><country mxw-id="DS549769048" load-source="docdb">IE</country><country mxw-id="DS549851187" load-source="docdb">IS</country><country mxw-id="DS549852101" load-source="docdb">IT</country><country mxw-id="DS549865810" load-source="docdb">LI</country><country mxw-id="DS549850450" load-source="docdb">LT</country><country mxw-id="DS549782040" load-source="docdb">LU</country><country mxw-id="DS549850451" load-source="docdb">LV</country><country mxw-id="DS549850452" load-source="docdb">MC</country><country mxw-id="DS549918150" load-source="docdb">MK</country><country mxw-id="DS549918151" load-source="docdb">MT</country><country mxw-id="DS549768805" load-source="docdb">NL</country><country mxw-id="DS549782045" load-source="docdb">NO</country><country mxw-id="DS549768806" load-source="docdb">PL</country><country mxw-id="DS549865811" load-source="docdb">PT</country><country mxw-id="DS549768807" load-source="docdb">RO</country><country mxw-id="DS549865812" load-source="docdb">RS</country><country mxw-id="DS549768808" load-source="docdb">SE</country><country mxw-id="DS549865813" load-source="docdb">SI</country><country mxw-id="DS549918152" load-source="docdb">SK</country><country mxw-id="DS549918153" load-source="docdb">SM</country><country mxw-id="DS549769053" load-source="docdb">TR</country></ep-contracting-states></designated-states></international-convention-data><office-specific-data><eptags><ep-no-a-document-published>*</ep-no-a-document-published></eptags></office-specific-data></bibliographic-data><abstract mxw-id="PA99837799" ref-ucid="WO-2012116457-A1" lang="DE" load-source="patent-office"><p num="0000">Die Kräutermühle zum Zerkleinern von eingefrorenen Kräutern aller Art umfasst zwei zusammenwirkende Schneidradorgane (13), deren Schneidräder (15) ineinandergreifend angeordnet sind. Über den Schneidradorganen (13) liegt ein Rechen (29), welcher die unzerkleinerten Kräuter an die Zähne der Schneidräder (15) heranführt.</p></abstract><abstract mxw-id="PA100333401" ref-ucid="WO-2012116457-A1" lang="DE" source="national office" load-source="docdb"><p>Die Kräutermühle zum Zerkleinern von eingefrorenen Kräutern aller Art umfasst zwei zusammenwirkende Schneidradorgane (13), deren Schneidräder (15) ineinandergreifend angeordnet sind. Über den Schneidradorganen (13) liegt ein Rechen (29), welcher die unzerkleinerten Kräuter an die Zähne der Schneidräder (15) heranführt.</p></abstract><abstract mxw-id="PA99837800" ref-ucid="WO-2012116457-A1" lang="EN" load-source="patent-office"><p num="0000">The herb mill for chopping frozen herbs of all kinds comprises two interacting cutting wheel members (13), the cutting wheels (15) of which are arranged in a manner engaging in one another. Above the cutting wheel members (13) there is a rake (29) which guides the unchopped herbs up to the teeth of the cutting wheels (15).</p></abstract><abstract mxw-id="PA100333402" ref-ucid="WO-2012116457-A1" lang="EN" source="national office" load-source="docdb"><p>The herb mill for chopping frozen herbs of all kinds comprises two interacting cutting wheel members (13), the cutting wheels (15) of which are arranged in a manner engaging in one another. Above the cutting wheel members (13) there is a rake (29) which guides the unchopped herbs up to the teeth of the cutting wheels (15).</p></abstract><abstract mxw-id="PA99837801" ref-ucid="WO-2012116457-A1" lang="FR" load-source="patent-office"><p num="0000">L'invention concerne un hachoir à herbes servant à hacher des herbes congelées de toutes sortes. Ledit hachoir comprend deux organes de coupe (13) coopérants dont les disques coupants (15) sont agencés de manière à venir en prise les uns avec les autres. Sur les organes de coupe (13) se trouve une raclette (29) amenant les herbes non hachées vers les dents des disques coupants (15).</p></abstract><abstract mxw-id="PA100333403" ref-ucid="WO-2012116457-A1" lang="FR" source="national office" load-source="docdb"><p>L'invention concerne un hachoir à herbes servant à hacher des herbes congelées de toutes sortes. Ledit hachoir comprend deux organes de coupe (13) coopérants dont les disques coupants (15) sont agencés de manière à venir en prise les uns avec les autres. Sur les organes de coupe (13) se trouve une raclette (29) amenant les herbes non hachées vers les dents des disques coupants (15).</p></abstract><description mxw-id="PDES51233701" ref-ucid="WO-2012116457-A1" lang="DE" load-source="patent-office"><!-- EPO <DP n="3"/>--><p id="p0001" num="0001"> Kräutermühle Gegenstand der Erfindung ist eine Kräutermühle gemäss Oberbegriff des Patentanspruchs 1. </p><p id="p0002" num="0002">Kräutermühlen zum Zerkleinern von frisch eingefrorenen Kräutern aus Blättern, Nadeln oder dergleichen sind in vielen Ausführungen bekannt. Die Zerkleinerung von </p><p id="p0003" num="0003"> Kräutern bewirkt, dass deren Aromen durch Zerschneiden an die Oberfläche treten und entsprechend stärker wirken. Weiter können zerkleinerte Kräuter in den Gerichten belassen werden, da nicht grosse Stücke, wie </p><p id="p0004" num="0004">beispielsweise Blätter, wie Basilikum oder Salbeiblätter, entweder gegessen oder während des Essens auf den Rand des Tellers gehoben oder aus dem Gericht herausgefischt werden müssen, bevor dieses serviert wird. Kräuter, insbesondere Frischkräuter, sind oft ölhaltig und neigen dazu, die Kräutermühle zu verstopfen. </p><p id="p0005" num="0005"> Es sind jedoch keine funktionstüchtigen Mühlen in solchen Ausführungen auf dem Markt vorhanden. </p><p id="p0006" num="0006">Eine Aufgabe der vorliegenden Erfindung ist die Schaffung einer Kräutermühle zum Zerkleinern von eingefrorenen </p><p id="p0007" num="0007">Kräutern von nadeiförmiger oder blättriger Gestalt. 
<!-- EPO <DP n="4"/>-->
Gelöst wird diese Aufgabe durch eine Kräutermühle mit den Merkmalen des Patenanspruchs 1. Vorteilhafte </p><p id="p0008" num="0008">Ausgestaltungen der Kräutermühle sind in den abhängigen Ansprüchen umschrieben. </p><p id="p0009" num="0009">Die erfindungsgemässe Kräutermühle weist einen einfachen Aufbau auf und kann mit geringem Aufwand in der </p><p id="p0010" num="0010">Spülmaschine gereinigt werden. Das geschlossene Gehäuse ermöglicht es, frische unzerkleinerte Kräuter im </p><p id="p0011" num="0011">Vorratsbehälter oberhalb der Schneidorgane über längere Zeit im Gefrierfach aufzubewahren und jeweils bei Bedarf die benötigte Menge herzustellen oder zu entnehmen. </p><p id="p0012" num="0012">Die Kräutermühle inkl. des Mahlwerks ist zu 100% aus Kunststoff, vor allem sind die Schneidräder aus ganz speziellem Hochleistungskunststoff gefertigt. Die </p><p id="p0013" num="0013"> Kräutermühle wird im Gefrierfach aufbewahrt. Dank der Kräutermühle sind die frischen Kräuter bis zu drei Monate im Gefrierfach aufbewahrungsfähig, saisonal unabhängig und für alle Kräutersorten geeignet. Ungebrauchte Kräuter gehen nicht verloren. Die Mühle ist sehr einfach zu bedienen . </p><p id="p0014" num="0014">Anhand eines illustrierten Ausführungsbeispiels wird die Erfindung näher erläutert. Es zeigen: </p><p id="p0015" num="0015">Figur 1 einen Vorratsbehälter für frische Kräuter, , 
<!-- EPO <DP n="5"/>-->
Figur 2 eine Keramikkugel zum Zerschlagen von gefrorenen Kräutern, </p><p id="p0016" num="0016">Figur 3 einen trichterförmigen Rechen, </p><p id="p0017" num="0017"> Figur 4 zwei Schneidorgane, </p><p id="p0018" num="0018">Figur 5 ein Gehäuse für die Schneidorgane, </p><p id="p0019" num="0019"> Figur 6 ein Antriebselement, </p><p id="p0020" num="0020"> Figur 7 einen Deckel </p><p id="p0021" num="0021"> Figur 8 eine Schneidradwelle mit expandiert </p><p id="p0022" num="0022"> dargestellten Schneidrädern sowie </p><p id="p0023" num="0023"> Übertriebszahnrädern, </p><p id="p0024" num="0024"> Figur 9 eine Welle für die Schneidräder gemäss Figur </p><p id="p0025" num="0025"> 8, </p><p id="p0026" num="0026"> Figur 10 eine zweite Schneidradwelle, expandiert </p><p id="p0027" num="0027"> dargestellt mit Antriebsritzeln (Knebelgriff/Drehgriff) und </p><p id="p0028" num="0028"> Figur 11 einen Vertikalschnitt durch die Kräutermühle lotrecht zu den Wellen der Schneidorgane. </p><p id="p0029" num="0029">In Figur 1 ist in Perspektive ein Vorratsbehälter 1 dargestellt. An dessen Rand 5 ist ein Rastelement 7 </p><p id="p0030" num="0030"> (Vertiefung für einen Nocken 11) ausgebildet, mit welchem der Vorratsbehälter 1 auf ein Gehäuse 9 (Figur 4) </p><p id="p0031" num="0031">aufsetzbar und mit entsprechenden dort angebrachten Nocken 11 (Erhebung für Rastelement 7) verrastbar ist. Der </p><p id="p0032" num="0032">Vorratsbehälter 1 weist ein im Verhältnis zum Gehäuse 9 grosses Volumen für unzerkleinerte, frisch eingefrorene Kräuter auf. 
<!-- EPO <DP n="6"/>-->
In Figur 4 sind Schneidorgane 13 dargestellt, deren </p><p id="p0033" num="0033">Schneidräder 15 (siehe auch Figuren 8 und 10) </p><p id="p0034" num="0034">ineinandergreifen, wenn die Schneidradorgane 13, getragen von Wellenlagern 17 im Gehäuse 9 eingesetzt sind. Die Schneidräder 15 sind axial beabstandet auf Wellen 19</p><p id="p0035" num="0035">(Figur 9) aufgereiht. Deren Zähne sind jeweils um einige Winkelgrade versetzt zueinander. Im ersten Schneidradorgan 13a gemäss Figur 8 erstreckt sich die Welle 19 vom ersten zum letzten Schneidrad 15 und ist dort von zwei Zahnrädern 21 abgeschlossen. Die zweite Schneidradwelle 13b (Figur 10) sitzt auf einer Hohlwelle (nicht dargestellt) mit einer Keilnut, in welche eine zweite längere Welle 23 (Figur 6) einschiebbar ist, an deren Ende ein Handrad, Knebelgriff oder Drehgriff 25 aufgesetzt ist (Figur 6) . Der Griff 25 kann mit einer Überlastsicherung ausgestaltet sein, di das Schneidorgan 13 vor Überdrehungen schützt. Die längere Welle 23 wird durch eine ein Drehlager </p><p id="p0036" num="0036">bildende Öffnung 27 im Gehäuse 9 eingeführt. Oberhalb der beiden Schneidorgane 13 kommt ein trichterförmiger Rechen 29 zu liegen, dessen Kämme 31 zwischen die Spitzen der Zähne der Schneidräder 15 und der Welle 19 sowie 23 der jeweils gegenüber liegenden Schneidradorgane 13 eingreifen (vgl. Figur 11) . Mit zwei vom Rechen 29 nach oben ragenden Laschen 33 kann der Rechen 29 aus dem Gehäuse 9 </p><p id="p0037" num="0037">herausgehoben werden, wenn die Kräutermühle für die </p><p id="p0038" num="0038">Reinigung zerlegt wird. 
<!-- EPO <DP n="7"/>-->
Unten ist das Gehäuse 9 durch einen Deckel 35 für die Aufbewahrung verschliessbar . Der Deckel 35 ist, wie auch der Vorratsbehälter 1, mit geeigneten Rastmitteln 37 am Gehäuse 9 lösbar befestigt. Der Deckel 35 dient als </p><p id="p0039" num="0039">Abdeckung für die in der Kräutermühle befindlichen </p><p id="p0040" num="0040">Kräuter. </p><p id="p0041" num="0041"> In den trichterförmigen Oberteil des Rechens 29 wird eine Kugel 39 aus Keramik oder dergleichen lose eingelegt. </p><p id="p0042" num="0042">Diese dient dem Zerkleinern/Zerstören der eingefrorenen Kräuter und löst diese von den Wänden ab und drängt sie zu den Zerkleinerungselementen. 
</p></description><claims mxw-id="PCLM44852883" ref-ucid="WO-2012116457-A1" lang="DE" load-source="patent-office"><claim id="clm-0001" num="0001"><!-- EPO <DP n="8"/>--><claim-text/><claim-text>Patentansprüche </claim-text><claim-text>1. Kräutermühle zum Zerkleinern von Kräutern aller Art, umfassend ein Gehäuse (9) für ein Schneidorgan (13), sowie einen Deckel (35) zum Verschliessen des Gehäuses (9) für die Aufbewahrung der Kräuter im Gefrierfach und einen Vorratsbehälter (1) für das zu zerkleinernde Gut, welcher Vorratsbehälter (1) durch Verschlüsse (37) mit dem Gehäuse (9) verbunden ist, wobei das Schneidorgan (13) zwei Schneidradwellen (13a, 13b) mit je einer Mehrzahl n von ineinandergreifenden gezahnten Schneidrädern (15) aufweist, welche durch ein </claim-text><claim-text> Betätigungsorgan (25) gegenläufig drehend antreibbar sind, sowie einen trichterförmigen Rechen (29) zum Zuführen der Kräuter zwischen die Schneidräder (15). </claim-text><claim-text>2. Kräutermühle nach Anspruch 1, dadurch gekennzeichnet, dass die Schneidräder (15) auf der ersten Welle (19) derart axial beabstandet angeordnet sind, dass die Schneidräder (15) auf der zweiten Welle (23) in die Zwischenräume der Schneidräder (15) auf der jeweils anderen Welle eingreifen. 3. Kräutermühle nach Anspruch 2, dadurch gekennzeichnet, dass die Spitzen der Zähne der gleichartig </claim-text><claim-text> ausgebildeten Schneidräder (15) von Schneidrad (15) 
<!-- EPO <DP n="9"/>-->
zum zweiten Schneidrad (15) um einige Winkelgrade versetzt auf der Welle (19,23) aufgereiht sind. </claim-text><claim-text>Kräutermühle nach einem der Ansprüche 1 bis 3, dadurch gekennzeichnet, dass die Schneidradwellen (15,23) durch Zahnräder (21) untereinander drehverbunden sind und dass auf einer der Wellen (23) das </claim-text><claim-text>Betätigungsorgan (25) , das als Knebelgriff oder </claim-text><claim-text>Drehgriff ausgebildet ist, aufgesetzt ist. </claim-text><claim-text>Kräutermühle nach einem der Ansprüche 1 bis 4, dadurch gekennzeichnet, dass die einzelnen Kämme (31) des Rechens (29) jeweils in die Räume zwischen den </claim-text><claim-text>Zahnspitzen der Schneidräder (15) und der Welle </claim-text><claim-text>(15,23) der gegenüberliegenden Schneidräder (25) eingreifen . </claim-text><claim-text>Kräutermühle nach einem der Ansprüche 1 bis 5, dadurch gekennzeichnet, dass im trichterförmigem </claim-text><claim-text>Einlaufbereich des Rechens (29) eine frei bewegliche Kugel (39) eingelegt ist und durch den Vorratsbehälter (1) gefangen gehalten wird. </claim-text><claim-text>Kräutermühle nach einem der Ansprüche 1 bis 6, dadurch gekennzeichnet, dass die beiden Wellen (19,23) mit den Schneidrädern (15) in Wellenlagern (17) am Gehäuse (9) gelagert sind. 
<!-- EPO <DP n="10"/>-->
</claim-text><claim-text>8. Kräutermühle nach Anspruch 7, dadurch gekennzeichnet, dass eine der Wellen (19,23) in eine axiale Bohrung mit mindestens einer Keilnut einschiebbar ist, auf deren Ende das Betätigungsorgan (25) sitzt. </claim-text><claim-text>9. Kräutermühle nach einem der Ansprüche 6 bis 8, dadurch gekennzeichnet, dass die Kugel (39) aus Keramik besteht . </claim-text><claim-text>10. Verwendung der Kräutermühle zum Zerkleinern von </claim-text><claim-text> blätterförmigen oder nadeiförmigen eingefrorenen </claim-text><claim-text> Kräutern . 
</claim-text></claim></claims><copyright>User acknowledges that Fairview Research LLC and its third party providers retain all right, title and interest in and to this xml under applicable copyright laws.  User acquires no ownership rights to this xml including but not limited to its format.  User hereby accepts the terms and conditions of the Licence Agreement</copyright></patent-document>
