<?xml version="1.0" encoding="UTF-8"?>
<patent-document ucid="EP-2958768-A1" country="EP" doc-number="2958768" kind="A1" date="20151230" family-id="50193442" file-reference-id="301352" date-produced="20180825" status="corrected" lang="DE"><bibliographic-data><publication-reference fvid="160453361" ucid="EP-2958768-A1"><document-id><country>EP</country><doc-number>2958768</doc-number><kind>A1</kind><date>20151230</date><lang>DE</lang></document-id></publication-reference><application-reference ucid="EP-14707657-A" is-representative="NO"><document-id mxw-id="PAPP193869690" load-source="patent-office" format="original"><country>EP</country><doc-number>14707657.4</doc-number><date>20140204</date><lang>DE</lang></document-id><document-id mxw-id="PAPP193869691" load-source="docdb" format="epo"><country>EP</country><doc-number>14707657</doc-number><kind>A</kind><date>20140204</date><lang>DE</lang></document-id></application-reference><priority-claims><priority-claim mxw-id="PPC162027258" ucid="DE-102013202671-A" load-source="docdb"><document-id format="epo"><country>DE</country><doc-number>102013202671</doc-number><kind>A</kind><date>20130219</date></document-id></priority-claim><priority-claim mxw-id="PPC162032499" ucid="EP-2014052157-W" linkage-type="W" load-source="docdb"><document-id format="epo"><country>EP</country><doc-number>2014052157</doc-number><kind>W</kind><date>20140204</date></document-id></priority-claim></priority-claims><technical-data><classifications-ipcr><classification-ipcr mxw-id="PCL-1988523278" load-source="docdb">B60L   5/08        20060101AFI20140910BHEP        </classification-ipcr><classification-ipcr mxw-id="PCL-1988525931" load-source="docdb">B60L   5/19        20060101ALI20140910BHEP        </classification-ipcr><classification-ipcr mxw-id="PCL-1988526686" load-source="docdb">H01R  41/02        20060101ALI20140910BHEP        </classification-ipcr><classification-ipcr mxw-id="PCL-1988526738" load-source="docdb">B60L   5/36        20060101ALI20140910BHEP        </classification-ipcr></classifications-ipcr><classifications-cpc><classification-cpc mxw-id="PCL-1934578731" load-source="docdb" scheme="CPC">B60L   5/19        20130101 LA20160528BHEP        </classification-cpc><classification-cpc mxw-id="PCL-1934578793" load-source="docdb" scheme="CPC">B60L   5/08        20130101 LI20160528BHEP        </classification-cpc><classification-cpc mxw-id="PCL-1934579816" load-source="docdb" scheme="CPC">B60L2200/26        20130101 LA20160528BHEP        </classification-cpc><classification-cpc mxw-id="PCL-1934581001" load-source="docdb" scheme="CPC">H01R  41/02        20130101 LA20160528BHEP        </classification-cpc><classification-cpc mxw-id="PCL-1934582667" load-source="docdb" scheme="CPC">B60L   5/36        20130101 LI20160528BHEP        </classification-cpc><classification-cpc mxw-id="PCL-1984705045" load-source="docdb" scheme="CPC">H01R  13/02        20130101 FI20151231BHEP        </classification-cpc></classifications-cpc><invention-title mxw-id="PT165551549" lang="DE" load-source="patent-office">KONTAKTVORRICHTUNG ZUR KONTAKTIERUNG EINER KONTAKTLEITERANORDNUNG</invention-title><invention-title mxw-id="PT165551550" lang="EN" load-source="patent-office">CONTACT DEVICE FOR CONTACTING A CONTACT CONDUCTOR ARRANGEMENT</invention-title><invention-title mxw-id="PT165551551" lang="FR" load-source="patent-office">DISPOSITIF D'ÉTABLISSEMENT D'UN CONTACT ÉLECTRIQUE AVEC UN SYSTÈME DE CONDUCTEURS DE CONTACT</invention-title></technical-data><parties><applicants><applicant mxw-id="PPAR1163508313" load-source="docdb" sequence="1" format="epo"><addressbook><last-name>SCHUNK BAHN &amp; INDUSTRIETECHNIK GMBH</last-name><address><country>AT</country></address></addressbook></applicant><applicant mxw-id="PPAR1103333404" load-source="docdb" sequence="1" format="intermediate"><addressbook><last-name>SCHUNK BAHN- UND INDUSTRIETECHNIK GMBH</last-name></addressbook></applicant><applicant mxw-id="PPAR1101646740" load-source="patent-office" sequence="1" format="original"><addressbook><last-name>Schunk Bahn- und Industrietechnik GmbH</last-name><iid>101408501</iid><address><street>Aupoint 23</street><city>5101 Bergheim</city><country>AT</country></address></addressbook></applicant></applicants><inventors><inventor mxw-id="PPAR1103339508" load-source="docdb" sequence="1" format="epo"><addressbook><last-name>GAMSJÄGER TOBIAS</last-name><address><country>AT</country></address></addressbook></inventor><inventor mxw-id="PPAR1103336910" load-source="docdb" sequence="1" format="intermediate"><addressbook><last-name>GAMSJÄGER, TOBIAS</last-name></addressbook></inventor><inventor mxw-id="PPAR1101641432" load-source="patent-office" sequence="1" format="original"><addressbook><last-name>GAMSJÄGER, TOBIAS</last-name><address><street>Joseph-Messner-Straße 12/1</street><city>A-5020 Salzburg</city><country>AT</country></address></addressbook></inventor></inventors><agents><agent mxw-id="PPAR1101651825" load-source="patent-office" sequence="1" format="original"><addressbook><last-name>advotec.</last-name><iid>101164803</iid><address><street>Patent- und Rechtsanwälte Georg-Schlosser-Straße 6</street><city>35390 Giessen</city><country>DE</country></address></addressbook></agent></agents></parties><international-convention-data><pct-or-regional-filing-data ucid="EP-2014052157-W"><document-id><country>EP</country><doc-number>2014052157</doc-number><kind>W</kind><date>20140204</date><lang>DE</lang></document-id></pct-or-regional-filing-data><pct-or-regional-publishing-data ucid="WO-2014127991-A1"><document-id><country>WO</country><doc-number>2014127991</doc-number><kind>A1</kind><date>20140828</date><lang>DE</lang></document-id></pct-or-regional-publishing-data><designated-states><ep-contracting-states><country mxw-id="DS660635752" load-source="docdb">AL</country><country mxw-id="DS660718793" load-source="docdb">AT</country><country mxw-id="DS660635754" load-source="docdb">BE</country><country mxw-id="DS660792870" load-source="docdb">BG</country><country mxw-id="DS660726340" load-source="docdb">CH</country><country mxw-id="DS660637191" load-source="docdb">CY</country><country mxw-id="DS660718794" load-source="docdb">CZ</country><country mxw-id="DS660635759" load-source="docdb">DE</country><country mxw-id="DS660637192" load-source="docdb">DK</country><country mxw-id="DS660637193" load-source="docdb">EE</country><country mxw-id="DS660716058" load-source="docdb">ES</country><country mxw-id="DS660792871" load-source="docdb">FI</country><country mxw-id="DS660792872" load-source="docdb">FR</country><country mxw-id="DS660635760" load-source="docdb">GB</country><country mxw-id="DS660637194" load-source="docdb">GR</country><country mxw-id="DS660635761" load-source="docdb">HR</country><country mxw-id="DS660718799" load-source="docdb">HU</country><country mxw-id="DS660726341" load-source="docdb">IE</country><country mxw-id="DS660635762" load-source="docdb">IS</country><country mxw-id="DS660792873" load-source="docdb">IT</country><country mxw-id="DS660637199" load-source="docdb">LI</country><country mxw-id="DS660639503" load-source="docdb">LT</country><country mxw-id="DS660718800" load-source="docdb">LU</country><country mxw-id="DS660639504" load-source="docdb">LV</country><country mxw-id="DS660639505" load-source="docdb">MC</country><country mxw-id="DS660747774" load-source="docdb">MK</country><country mxw-id="DS660747779" load-source="docdb">MT</country><country mxw-id="DS660718801" load-source="docdb">NL</country><country mxw-id="DS660716067" load-source="docdb">NO</country><country mxw-id="DS660726342" load-source="docdb">PL</country><country mxw-id="DS660639519" load-source="docdb">PT</country><country mxw-id="DS660718802" load-source="docdb">RO</country><country mxw-id="DS660639520" load-source="docdb">RS</country><country mxw-id="DS660726355" load-source="docdb">SE</country><country mxw-id="DS660639521" load-source="docdb">SI</country><country mxw-id="DS660716068" load-source="docdb">SK</country><country mxw-id="DS660726356" load-source="docdb">SM</country><country mxw-id="DS660747780" load-source="docdb">TR</country></ep-contracting-states><ep-extended-states><ep-extended-state-data><country>BA</country></ep-extended-state-data><ep-extended-state-data><country>ME</country></ep-extended-state-data></ep-extended-states></designated-states></international-convention-data><office-specific-data><eptags><ep-no-a-document-published>*</ep-no-a-document-published></eptags></office-specific-data></bibliographic-data><abstract mxw-id="PA139079251" ref-ucid="WO-2014127991-A1" lang="DE" load-source="patent-office"><p num="0000">Die Erfindung betrifft eine Kontaktvorrichtung (20) zur Kontaktierung einer Kontaktleiteranordnung (27) mit zumindest zwei Kontaktleitern (25, 26), wobei die Kontaktvorrichtung zumindest zwei Kontaktleistenanordnungen mit zumindest jeweils einer auf einem Kontaktleistenträger (23, 24) angeordneten Kontaktleiste (21, 22) aufweist, wobei die Kontaktleistenträger über ein zwei parallel angeordnete Verbindungsstangen (35, 36) aufweisendes Parallelgestänge miteinander verbunden sind, derart, dass die Kontaktleistenträger jeweils in einer von zwei parallelen Gelenkebenen (64, 65 ) in voneinander beabstandeten Gelenkpunkten (33, 34) auf parallel zu einander verlaufenden Drehachsen mit den Verbindungsstangen verbunden sind und mit den zu einander parallel ausgerichteten Kontaktleisten ein Parallelogramm ausbilden, wobei zumindest eine parallel zu den Drehachsen verlaufende Mittelachse einer Verbindungsstange in einem Gelenkpunkt (40) mit einem Basisträger (42) drehgelenkig verbunden ist, derart, dass eine Zustellbewegung (43) des Basisträgers in Richtung der Kontaktleiteranordnung eine entsprechende Zustellbewegung der Kontaktleisten bewirkt.</p></abstract><abstract mxw-id="PA139545806" ref-ucid="WO-2014127991-A1" lang="DE" source="national office" load-source="docdb"><p>Die Erfindung betrifft eine Kontaktvorrichtung (20) zur Kontaktierung einer Kontaktleiteranordnung (27) mit zumindest zwei Kontaktleitern (25, 26), wobei die Kontaktvorrichtung zumindest zwei Kontaktleistenanordnungen mit zumindest jeweils einer auf einem Kontaktleistenträger (23, 24) angeordneten Kontaktleiste (21, 22) aufweist, wobei die Kontaktleistenträger über ein zwei parallel angeordnete Verbindungsstangen (35, 36) aufweisendes Parallelgestänge miteinander verbunden sind, derart, dass die Kontaktleistenträger jeweils in einer von zwei parallelen Gelenkebenen (64, 65 ) in voneinander beabstandeten Gelenkpunkten (33, 34) auf parallel zu einander verlaufenden Drehachsen mit den Verbindungsstangen verbunden sind und mit den zu einander parallel ausgerichteten Kontaktleisten ein Parallelogramm ausbilden, wobei zumindest eine parallel zu den Drehachsen verlaufende Mittelachse einer Verbindungsstange in einem Gelenkpunkt (40) mit einem Basisträger (42) drehgelenkig verbunden ist, derart, dass eine Zustellbewegung (43) des Basisträgers in Richtung der Kontaktleiteranordnung eine entsprechende Zustellbewegung der Kontaktleisten bewirkt.</p></abstract><abstract mxw-id="PA139079252" ref-ucid="WO-2014127991-A1" lang="EN" load-source="patent-office"><p num="0000">The invention relates to a contact device (20) for contacting a contact conductor arrangement (27) with at least two contact conductors (25, 26). The contact device has at least two contact strip arrangements, each comprising at least one contact strip (21, 22) arranged on a contact strip support (23, 24), and the contact strip supports are connected to each other via a parallel rod assembly, which has two mutually parallel connecting rods (35, 36), such that each contact strip support is connected to the connecting rods at mutually spaced hinge points (33, 34) about mutually parallel rotational axes on one of two parallel hinge planes (64, 65) and form a parallelogram together with the contact strips, which are aligned parallel to each other. At least one connecting rod central axis which runs parallel to the rotational axes is connected to a base support (42) at a hinge point (40) in a pivotal manner such that an advancing movement (43) of the base support in the direction of the contact strip arrangement causes a corresponding advancing movement of the contact strips.</p></abstract><abstract mxw-id="PA139545807" ref-ucid="WO-2014127991-A1" lang="EN" source="national office" load-source="docdb"><p>The invention relates to a contact device (20) for contacting a contact conductor arrangement (27) with at least two contact conductors (25, 26). The contact device has at least two contact strip arrangements, each comprising at least one contact strip (21, 22) arranged on a contact strip support (23, 24), and the contact strip supports are connected to each other via a parallel rod assembly, which has two mutually parallel connecting rods (35, 36), such that each contact strip support is connected to the connecting rods at mutually spaced hinge points (33, 34) about mutually parallel rotational axes on one of two parallel hinge planes (64, 65) and form a parallelogram together with the contact strips, which are aligned parallel to each other. At least one connecting rod central axis which runs parallel to the rotational axes is connected to a base support (42) at a hinge point (40) in a pivotal manner such that an advancing movement (43) of the base support in the direction of the contact strip arrangement causes a corresponding advancing movement of the contact strips.</p></abstract><abstract mxw-id="PA139079253" ref-ucid="WO-2014127991-A1" lang="FR" load-source="patent-office"><p num="0000">L'invention concerne un dispositif (20) servant à établir un contact électrique avec un système de conducteurs de contact (27) comprenant au moins deux conducteurs de contact (25, 26). Le dispositif de contact comporte au moins deux systèmes de barrettes de contact dont chacun possède au moins une barrette de contact (21, 22) disposée sur un support de barrette de contact (23, 24). Les supports de barrettes de contact sont reliés entre eux par le biais d'une tringlerie parallèle comprenant deux tiges de liaison (35, 36) disposées en parallèle, de sorte que les supports de barrettes de contact sont reliés aux tiges de liaison respectivement dans un parmi deux plans d'articulation (64, 65) parallèles, en des points d'articulation (33, 34) espacés l'un de l'autre sur des axes de rotation parallèles entre eux, et forment un parallélogramme avec les barrettes de contact alignées parallèles entre elles. Au moins un axe médian parallèle aux axes de rotation d'une tige de liaison est relié de manière mobile en rotation en un point d'articulation (40) à un support de base (42) de telle sorte qu'un mouvement d'avance (43) du support de base en direction du système de conducteurs de contact provoque un mouvement d'avance correspondant des barrettes de contact.</p></abstract><abstract mxw-id="PA139545808" ref-ucid="WO-2014127991-A1" lang="FR" source="national office" load-source="docdb"><p>L'invention concerne un dispositif (20) servant à établir un contact électrique avec un système de conducteurs de contact (27) comprenant au moins deux conducteurs de contact (25, 26). Le dispositif de contact comporte au moins deux systèmes de barrettes de contact dont chacun possède au moins une barrette de contact (21, 22) disposée sur un support de barrette de contact (23, 24). Les supports de barrettes de contact sont reliés entre eux par le biais d'une tringlerie parallèle comprenant deux tiges de liaison (35, 36) disposées en parallèle, de sorte que les supports de barrettes de contact sont reliés aux tiges de liaison respectivement dans un parmi deux plans d'articulation (64, 65) parallèles, en des points d'articulation (33, 34) espacés l'un de l'autre sur des axes de rotation parallèles entre eux, et forment un parallélogramme avec les barrettes de contact alignées parallèles entre elles. Au moins un axe médian parallèle aux axes de rotation d'une tige de liaison est relié de manière mobile en rotation en un point d'articulation (40) à un support de base (42) de telle sorte qu'un mouvement d'avance (43) du support de base en direction du système de conducteurs de contact provoque un mouvement d'avance correspondant des barrettes de contact.</p></abstract><description mxw-id="PDES78477904" ref-ucid="WO-2014127991-A1" lang="DE" load-source="patent-office"><!-- EPO <DP n="3"/>--><p id="p0001" num="0001"> Kontaktvorrichtung zur Kontaktierung einer Kontaktleiteranordnung </p><p id="p0002" num="0002">Die vorliegende Erfindung betrifft eine Kontaktvorrichtung zur Kontaktierung einer Kontaktleiteranordnung mit zumindest zwei Kontaktleitern, wobei die Kontaktvorrichtung zumindest zwei Kontaktleistenanordnungen mit zumindest jeweils einer auf einem Kontaktleistenträger angeordneten Kontaktleiste aufweist, wobei die Kontaktleistenträger über ein zwei parallel angeordnete Verbindungsstangen aufweisendes Parallelgestänge miteinander verbunden sind, derart, dass die Kontaktleistenträger j eweils in einer von zwei parallelen Gelenkebenen in voneinander beabstandeten Gelenkpunkten auf parallelen Drehachsen mit den Verbindungsstangen verbunden sind und mit den parallel zueinander ausgerich- teten Kontaktleisten ein Parallelogramm ausbilden, wobei zumindest eine parallel zu den Drehachsen verlaufende Mittelachse einer Verbindungsstange in einem Gelenkpunkt mit einem Basisträger drehgelenkig verbunden ist, derart, dass eine Zustellbewegung des Basisträgers in Richtung der Kontaktleiteranordnung eine entsprechende Zustellbewegung der Kontaktleisten bewirkt. 
<!-- EPO <DP n="4"/>-->
 Kontaktvorrichtungen der eingangs genannten Art sind in der Regel Bestandteil von Stromübertragungssystemen für elektrisch betriebene Maschinen, die an eine externe Energiequelle angeschlossen sind. Insbesondere können Kontaktvorrichtungen der eingangs genannten Art zur Stromübertragung von elektrisch betriebenen Fahrzeugen verwendet werden, also beispielsweise zur Übertragung von Strom über ein Oberleitungsdrahtsystem auf den elektrischen Antrieb eines Schienenfahrzeugs. Insbesondere bei hybriden Antriebssystemen, bei denen neben der Versorgung mit elektrischem Strom noch eine andere Energiequelle zur Verfügung steht, werden Kontaktvorrichtungen der eingangs genannten Art für eine temporäre Stromübertragung eingesetzt. </p><p id="p0003" num="0003">Die insbesondere für eine temporäre Stromübertragung benötigte temporäre Kontaktierung der Kontaktvorrichtung mit einer stromzuführenden Kontaktleiteranordnung erfordert in der Regel eine mit der Kontaktvor- richtung verbundene ZuStelleinrichtung, die beispielsweise als Hubeinrichtung ausgeführt sein kann, um die Kontaktleisten der Kontaktvorrichtung zur Anlage gegen die Kontaktleiteranordnung zu bringen und bei Bedarf den Kontakt durch Entfernung der Kontaktleisten von der Kontaktleiteranordnung wieder zu unterbrechen. Die hierzu mit den Kontakt- leisten ausgeführten Zustellbewegungen erfordern je nach Größe und</p><p id="p0004" num="0004">Installationsbedingungen der benötigten Kontaktvorrichtungen mehr oder weniger aufwändig gestaltete ZuStelleinrichtungen, die oftmals sowohl den konstruktiven Aufwand als auch die Herstellungskosten für die eigentliche Kontaktvorrichtung bei weitem übersteigen. Der vorliegenden Erfindung liegt die Aufgabe zugrunde, eine Kontaktvorrichtung der eingangs genannten Art vorzuschlagen, die derart ausgebildet ist, dass die zur Verwendung der Kontaktvorrichtung benötigte ZuStelleinrichtung möglichst einfach und kostengünstig ausgestaltet sein kann. Diese Aufgabe wird durch eine Kontaktvorrichtung mit den Merkmalen des Anspruchs 1 gelö st. 
<!-- EPO <DP n="5"/>-->
 Bei der erfindungsgemäßen Kontaktvorrichtung sind Kontaktleistenträger, auf denen die zur Kontaktierung der Kontaktleiteranordnung vorgesehenen Kontaktleisten angeordnet sind, über ein zwei parallel angeordnete Verbindungsstangen aufweisendes Parallelgestänge miteinander verbunden, derart, dass die Kontaktleistenträger j eweils in einer von zwei parallelen Gelenkebenen in voneinander beabstandeten Gelenkpunkten auf parallelen Drehachsen mit den Verbindungsstangen verbunden sind und mit parallel zueinander ausgerichteten Kontaktleisten ein </p><p id="p0005" num="0005">Parallelogramm ausbilden. Zumindest eine parallel zu den Drehachsen verlaufende Mittelachse einer Verbindungsstange ist in einem Gelenkpunkt mit einem Basisträger drehgelenkig verbunden, derart, dass eine Zustellbewegung des Basisträgers in Richtung der Kontaktleiteranordnung eine entsprechende Zustellbewegung der Kontaktträgerleisten bewirkt. Aufgrund der erfindungsgemäßen Ausgestaltung der Kontaktvorrichtung wird eine Kinematik ermöglicht, die sicherstellt, dass eine Kontaktierung zwischen zwei über ein Parallelgestänge mit einem gemeinsamen Basisträger beweglich verbundenen Kontaktleisten und zwei voneinander unabhängigen Kontaktleitern einer Kontaktleiteranordnung über lediglich eine mit dem Basisträger der Kontaktvorrichtung verbundene ZuStelleinrichtung mit definierter und übereinstimmender Kontaktkraft an den Kontaktleitern der Kontaktleiteranordnung anliegen. </p><p id="p0006" num="0006">Aufgrund der parallel zueinander ausgerichteten Kontaktleisten in </p><p id="p0007" num="0007">Kombination mit den Verbindungsstangen des Parallelgestänges wird ein Getriebe-Parallelo gramm ausgebildet, das sicherstellt, dass unabhängig vom horizontalen und vertikalen Abstand der Kontaktleiter untereinander eine einheitliche Kontaktkraft zwischen den Kontaktleisten und den Kontaktträgern ausgebildet wird. </p><p id="p0008" num="0008">Das als Gelenkparallelogramm ausgebildete Parallelgestänge, mit dem die auf den Kontaktleistenträgern angeordneten Kontaktleisten an den Basisträger angeschlossen sind, gewährleistet einerseits, dass sich die 
<!-- EPO <DP n="6"/>-->
 Kontaktleisten stets in zueinander parallelen Ebenen befinden und sich andererseits bei Anlage einer Kontaktleiste gegen einen Kontaktleiter der Kontaktleiteranordnung vermittels des Parallelgestänges eine übereinstimmende Kontaktkraft zwischen den Kontaktleisten und den zugeord- neten Kontaktleitern auch dann einstellt, wenn sich die Kontaktleiter in unterschiedlichen Kontaktleiterebenen befinden. </p><p id="p0009" num="0009">Wenn bei einer bevorzugten Ausführungsform beide Verbindungsstangen mit ihrer j eweils parallel zu den Drehachsen verlaufenden Mittelachse in einem Gelenkpunkt mit dem Basisträger drehgelenkig verbunden sind, wir eine besonders stabile Ausführung der Kontaktvorrichtung möglich. </p><p id="p0010" num="0010">Bei einer weiteren bevorzugten Ausführungsform der Kontaktvorrichtung sind die Kontaktleisten über Federeinrichtungen mit den Kontaktleistenträgern verbunden, sodass bei einer Kontaktierung zwischen den Kontaktleisten und den Kontaktleitern der Kontaktleiteranordnung eine stetige Zunahme der Kontaktkraft ermöglicht wird. </p><p id="p0011" num="0011">Wenn zusätzlich zu den beiden Kontaktleistenträgern der Basisträger als weiterer Kontaktleistenträger ausgebildet ist, mit einer über eine Federeinrichtung mit dem Basisträger verbundene Kontaktleistenanordnung mit zumindest einer Kontaktleiste, kann eine gleichzeitige Kontaktierung von zumindest drei Kontaktleitern einer Kontaktleiteranordnung durchgeführt werden, wobei sich die drei Kontaktleiter in unterschiedlichen Kontaktleiterebenen befinden können. </p><p id="p0012" num="0012">Vorzugsweise erfolgt die drehgelenkige Verbindung zwischen den </p><p id="p0013" num="0013">Verbindungsstangen und dem Basisträger in zwei voneinander beabstan- deten Gelenkpunkten des Basisträgers, die sich in einer parallel zu den Gelenkebenen der Kontaktleistenträger angeordneten Gelenkebene befinden, so dass auch die Kontaktleiste des Basisträgers während der Zustellung parallel zu den Erstreckungsebenen der Kontaktleiter ausgerichtet ist. 
<!-- EPO <DP n="7"/>-->
 Insbesondere dann, wenn die Anordnung der Kontaktleistenanordnung auf dem Basisträger derart gewählt ist, dass sich die Kontaktleistenanordnung des Basisträgers oberhalb der Kontaktleisten der weiteren Kontaktleistenträger befindet, kann sichergestellt werden, dass beim Einsatz der Kontaktvorrichtung stets zuerst eine Kontaktierung zwischen der Kontaktleistenanordnung des Basisträgers und erst anschließend eine Kontaktierung zwischen den Kontaktleisten der beiden weiteren Kontaktleistenträger stattfindet. Dies kann besonders dann von Vorteil sein, wenn etwa ein mittlerer Kontaktleiter einer Kontaktleiteranordnung als Erdungsleiter ausgebildet ist und eine sichere Kontaktierung zwischen der Kontaktleiteranordnung und der elektrischen Maschine es erfordert, dass als erstes eine elektrische Kontaktierung zum Erdungsleiter erfo lgt. </p><p id="p0014" num="0014">Vorzugsweise umfasst die Kontaktleistenanordnung des Basisträgers zumindest zwei Kontaktleisten, die hintereinander oder auch quer zur Erstreckungsrichtung der Kontaktleiteranordnung nebeneinander liegend angeordnet sein können. </p><p id="p0015" num="0015">Wenn j eder Kontaktleiste eine Federeinrichtung zugeordnet ist, ist es möglich, über die verschiedenen Kontaktleisten der Kontaktleistenanordnung des Basisträgers in unterschiedlichen Kontaktleiterebenen angeord- nete Kontaktleiter zu kontaktieren. </p><p id="p0016" num="0016">Wenn die Kontaktleisten zumindest teilweise als Schleifkontaktleisten ausgebildet sind, können konventionelle Kontaktleisten verwendet werden. </p><p id="p0017" num="0017">Vorzugsweise sind die Kontaktleisten zumindest teilweise drehbar auf den Kontaktleistenträgern angeordnet, so dass der Verschleiß der Kontaktleisten reduziert werden kann. Darüber hinaus ist es somit möglich, dass die Kontaktleisten sich an den Kontaktleitern ausrichten können, um eine möglichst große Kontaktfläche zu ermöglichen. 
<!-- EPO <DP n="8"/>-->
 Wenn der Basisträger zur Ausführung einer Zustellbewegung mit einer Hubvorrichtung verbunden ist, ist eine Zustellbewegung der Kontaktvorrichtung besonders einfach ausführbar; insbesondere dann, wenn die Hubvorrichtung über ein Drehgelenk mit dem Basisträger verbunden ist. Nachfo lgend werden bevorzugte Ausführungsformen der Kontaktvorrichtung anhand der Zeichnungen näher erläutert. </p><p id="p0018" num="0018">Es zeigen: </p><p id="p0019" num="0019">Fig. 1 : eine Kontaktvorrichtung gemäß einer ersten Ausführungsform in Vorderansicht; Fig. 2 : die in Fig. 1 dargestellte Kontaktvorrichtung in Draufsicht; </p><p id="p0020" num="0020">Fig. 3 : eine auf einem Kontaktleistenträger angeordnete Kontaktleiste in Vorderansicht; </p><p id="p0021" num="0021">Fig. 4 : die in Fig. 3 dargestellte Kontaktleiste in Draufsicht; Fig. 5 : einen Basisträger der in Fig. 1 dargestellten Kontaktvorrichtung in Vorderansicht; </p><p id="p0022" num="0022">Fig. 6 : den in Fig. 5 dargestellten Basisträger in Draufsicht; </p><p id="p0023" num="0023">Fig. 7 : eine Kontaktvorrichtung in einer weiteren Ausführungsform mit einem als Kontaktleistenträger ausgebildeten Ba- sisträger in Vorderansicht; </p><p id="p0024" num="0024">Fig. 8 : die in Fig. 7 dargestellte Kontaktvorrichtung in Draufsicht; </p><p id="p0025" num="0025">Fig. 9 : den als Kontaktleistenträger ausgebildeten Basisträger in </p><p id="p0026" num="0026"> Vorderansicht; Fig. 10 : den Basisträger in Draufsicht. 
<!-- EPO <DP n="9"/>-->
 Die Fig. 1 und 2 zeigen eine Kontaktvorrichtung 20 mit zwei Kontaktleisten 21 , 22, die j eweils auf einem Kontaktleistenträger 23 , 24 angeordnet sind und zur Kontaktierung j eweils eines Kontaktleiters 25 bzw. 26 einer Kontaktleiteranordnung 27 dienen. Die Kontaktleistenträger 23 , 24 sind parallel zu einer Erstreckungsebene 60, 61 der Kontaktleiter 25 , 26 angeordnet. </p><p id="p0027" num="0027">Wie insbesondere aus den Fig. 3 und 4 zu ersehen ist, umfassen die Kontaktleisten 21 , 22 im vorliegenden Fall j eweils einen Kontakt 28 , der auf einer Kontaktachse 29 drehbar gelagert ist, wobei die Kontaktachse 29 über eine Federeinrichtung 30 mit zwei hier als Teleskopvorrichtung ausgeführten Federstützen 3 1 , 32 mit dem Kontaktleistenträger 23 , 24 verbunden ist. </p><p id="p0028" num="0028">Bei dem dargestellten Ausführungsbeispiel sind die Kontaktleistenträger 23 , 24 in zwei voneinander beabstandeten Gelenkpunkten 33 , 34, die j eweils in einer von zwei parallelen Gelenkebenen 64 , 65 angeordnet sind, wie in Fig. 1 und 2 dargestellt, auf zwei parallel zu den Erstre- ckungsebenen 60, 61 der Kontaktleiter 25 , 26 angeordneten Drehachsen 48 , 49 an ein zwei Verbindungsstangen 35 , 36 umfassendes Parallelgestänge 37 drehgelenkig angeschlo ssen, und zwar so, dass über eine erste Verbindungsstange 35 j eweils der linke Gelenkpunkt 33 der Kontaktleistenträger 23 , 24 und über die zweite Verbindungsstange 36 j eweils der rechte Gelenkpunkt 34 der Kontaktleistenträger 23 , 24 miteinander verbunden sind. Weiterhin sind j eweils quer zur Längserstreckung der Verbindungsstangen 35 , 36 verlaufende Mittelachsen 38 , 39 der Verbin- dungsstangen 35 bzw. 36 in Gelenkpunkten 40, 41 mit einem parallel zu den Kontaktleistenträgern 23 , 24 angeordneten Basisträger 42 drehgelenkig verbunden, wobei sich die Gelenkpunkte 40, 41 in einer parallel zu den Erstreckungsebenen 60, 6 1 der Kontaktleiter 25 , 26 befinden. Somit bewirkt eine Zustellbewegung 43 in Richtung auf die Kontaktleiteran- Ordnung 27 eine entsprechende Zustellung der über das Parallelgestänge 37 mit dem Basisträger 42 verbundenen Kontaktleistenträger 23 , 24 . 
<!-- EPO <DP n="10"/>-->
 Zur Ausführung einer derartigen Zustellbewegung 43 ist der Basisträger über ein Drehgelenk 44 verschwenkbar an einen Schwenkausleger 45 einer hier im Übrigen nicht näher dargestellten Hubvorrichtung, die beispielsweise auf dem Dach eines Schienenfahrzeugs nach Art eines Pantographen angeordnet sein kann, angeschlossen. </p><p id="p0029" num="0029">Wie insbesondere die Fig. 5 und 6 zeigen, weist die Drehgelenkvorrichtung 44 im vorliegenden Fall eine zum Anschluss an den Schwenkausleger 45 vorgesehene Gelenkhülse 46 auf, die auf einer mit dem Basisträger 42 verbundenen Schwenkachse 47 angeordnet ist. In den Fig. 7 bis 10 ist in einer weiteren Ausführungsform eine Kontaktvorrichtung 50 dargestellt, die sämtliche Bestandteile der bereits Bezug nehmend auf die Fig. 1 bis 9 erläuterten Kontaktvorrichtung 20 aufweist und im Unterschied zu der Kontaktvorrichtung 20 einen Basisträger 5 1 aufweist, der als Kontaktleistenträger ausgebildet ist mit einer im Falle des vorliegend dargestellten Ausführungsbeispiels zwei Kontaktleisten 52, 53 umfassenden Kontaktleistenanordnung 54 , wobei die Kontaktleisten 52 , 53 in Richtung eines weiteren, oberhalb des Basisträgers 5 1 in einer Erstreckungsebene 62 angeordneten Kontaktleiters 55 hintereinander liegend angeordnet sind. Die Kontaktleisten 52, 53 sind entsprechend den bereits vorstehend erläuterten Kontaktleisten 21 , 22 ausgebildet und über eine zwei Federstützen 57, 58 umfassende Federeinrichtung 59 mit dem Basisträger 5 1 verbunden. 
</p></description><claims mxw-id="PCLM70078185" ref-ucid="WO-2014127991-A1" lang="DE" load-source="patent-office"><claim id="clm-0001" num="0001"><!-- EPO <DP n="11"/>--><claim-text/><claim-text>Patentansprüche </claim-text><claim-text>Kontaktvorrichtung (20, 50) zur Kontaktierung einer Kontaktleiteranordnung (27) mit zumindest zwei Kontaktleitern (25 , 26), wobei die Kontaktvorrichtung zumindest zwei Kontaktleistenanordnungen mit zumindest jeweils einer auf einem Kontaktleistenträger (23 , 24) angeordneten Kontaktleiste (21 ,22) aufweist, wobei die Kontaktleistenträger über ein zwei parallel angeordnete Verbindungsstangen (35 , 36) aufweisendes Parallelgestänge (37) miteinander verbunden sind, derart, dass die Kontaktleistenträger j eweils in einer von zwei parallelen Gelenkebenen (64, 65) in voneinander beabstandeten Gelenkpunkten (33 , 34) auf parallel zu einander verlaufenden Drehachsen (48 , 49) mit den Verbindungsstangen verbunden sind und mit den zu einander parallel ausgerichteten Kontaktleisten ein Parallelogramm ausbilden, wobei zumindest eine parallel zu den Drehachsen verlaufende Mittelachse (38 , 39) einer Verbindungsstange in einem Gelenkpunkt (40, 41 ) mit einem Basisträger (42, 5 1 ) drehgelenkig verbunden ist, derart, dass eine Zustellbewegung (43) des Basisträgers in Richtung der Kontaktleiteranordnung eine entsprechende Zustellbewegung der Kontaktleisten bewirkt. 
<!-- EPO <DP n="12"/>-->
</claim-text><claim-text>2. Kontaktvorrichtung nach Anspruch 1, </claim-text><claim-text> d a dur c h g e k e nn z e i c hn e t, </claim-text><claim-text> dass beide Verbindungsstangen (35, 36) mit ihrer jeweils parallel zu den Drehachsen (48, 49) verlaufenden Mittelachse (38, 39) in einem Gelenkpunkt (40, 41) mit dem Basisträger (42) drehgelenkig verbunden sind. </claim-text><claim-text>3. Kontaktvorrichtung nach Anspruch 1 oder 2, </claim-text><claim-text> d a dur c h g e k e nn z e i c hn e t, </claim-text><claim-text> dass die Kontaktleisten (21, 22) über Federeinrichtungen (30) mit den Kontaktleistenträgern (23, 24) verbunden sind. </claim-text><claim-text>Kontaktvorrichtung nach Anspruch 1 oder 2, </claim-text><claim-text> d a dur c h g e k e nn z e i c hn e t, </claim-text><claim-text> dass der Basisträger (51) als weiterer Kontaktleistenträger ausgebildet ist, mit einer über eine Federeinrichtung (59) mit dem Basisträger verbundenen Kontaktleistenanordnung (54) mit zumindest einer Kontaktleiste (52, 53). </claim-text><claim-text>Kontaktvorrichtung nach einem der vorangehenden Ansprüche, d a dur c h g e k e nn z e i c hn e t, </claim-text><claim-text> dass die drehgelenkige Verbindung zwischen den Verbindungsstangen (35, 36) und dem Basisträger (42, 51) in zwei voneinander beabstandeten Gelenkpunkten (40, 41) des Basisträgers erfolgt, die sich in einer parallel zu den Gelenkebenen (64, 65) der Kontaktleistenträger angeordneten Gelenkebene (63) befinden. </claim-text><claim-text>6. Kontaktvorrichtung nach Anspruch 4 oder 5, </claim-text><claim-text> d a dur c h g e k e nn z e i c hn e t, </claim-text><claim-text> dass die Kontaktleistenanordnung (54) zumindest zwei Kontaktleisten (52, 53) aufweist. 
<!-- EPO <DP n="13"/>-->
</claim-text><claim-text>7. Kontaktvorrichtung nach einem der Ansprüche 4 bis 6, </claim-text><claim-text> d a dur c h g e k e nn z e i c hn e t, </claim-text><claim-text> dass die Kontaktleistenanordnung (54) eine Mehrzahl in Erstre- ckungsrichtung der Kontaktleiteranordnung (27) hintereinander ange- ordnete Kontaktleisten (52, 53) aufweist. </claim-text><claim-text>Kontaktvorrichtung nach einem der Ansprüche 4 bis 6, </claim-text><claim-text> d a dur c h g e k e nn z e i c hn e t, </claim-text><claim-text> dass die Kontaktleistenanordnung eine Mehrzahl quer zur Erstre- ckungsrichtung der Kontaktleiteranordnung nebeneinander angeor nete Kontaktleisten aufweist. </claim-text><claim-text>9. Kontaktvorrichtung nach einem der Ansprüche 4 bis 8, </claim-text><claim-text> d a dur c h g e k e nn z e i c hn e t, </claim-text><claim-text> dass jeder Kontaktleiste (52, 53) eine Federeinrichtung zugeordnet ist. </claim-text><claim-text>Kontaktvorrichtung nach einem der vorangehenden Ansprüche, d a dur c h g e k e nn z e i c hn e t, </claim-text><claim-text> dass die Kontaktleisten zumindest teilweise als Schleifkontaktleisten ausgebildet sind. </claim-text><claim-text>11. Kontaktvorrichtung nach einem der vorangehenden Ansprüche, </claim-text><claim-text> d a dur c h g e k e nn z e i c hn e t, </claim-text><claim-text> dass die Kontaktleisten (21, 22, 52, 53) zumindest teilweise drehbar auf den Kontaktleistenträgern (23, 24) angeordnet sind. </claim-text><claim-text>Kontaktvorrichtung nach einem der vorangehenden Ansprüche, d a dur c h g e k e nn z e i c hn e t, </claim-text><claim-text> dass der Basisträger (42, 51) zur Ausführung einer Zustellbewe (43) mit einer Hubvorrichtung verbunden ist. 
<!-- EPO <DP n="14"/>-->
</claim-text><claim-text>13. Kontaktvorrichtung nach Anspruch 12, </claim-text><claim-text> d a dur c h g e k e nn z e i c hn e t, </claim-text><claim-text> dass die Hubvorrichtung über ein Drehgelenk (44) mit dem Basisträger (42, 51) verbunden ist. 
</claim-text></claim></claims><copyright>User acknowledges that Fairview Research LLC and its third party providers retain all right, title and interest in and to this xml under applicable copyright laws.  User acquires no ownership rights to this xml including but not limited to its format.  User hereby accepts the terms and conditions of the Licence Agreement</copyright></patent-document>
