<?xml version="1.0" encoding="UTF-8"?>
<patent-document ucid="EP-2958750-A1" country="EP" doc-number="2958750" kind="A1" date="20151230" family-id="47754330" file-reference-id="315106" date-produced="20180825" status="corrected" lang="EN"><bibliographic-data><publication-reference fvid="160453379" ucid="EP-2958750-A1"><document-id><country>EP</country><doc-number>2958750</doc-number><kind>A1</kind><date>20151230</date><lang>EN</lang></document-id></publication-reference><application-reference ucid="EP-14707687-A" is-representative="NO"><document-id mxw-id="PAPP193869726" load-source="patent-office" format="original"><country>EP</country><doc-number>14707687.1</doc-number><date>20140219</date><lang>EN</lang></document-id><document-id mxw-id="PAPP193869727" load-source="docdb" format="epo"><country>EP</country><doc-number>14707687</doc-number><kind>A</kind><date>20140219</date><lang>EN</lang></document-id></application-reference><priority-claims><priority-claim mxw-id="PPC162029226" ucid="EP-13155975-A" load-source="docdb"><document-id format="epo"><country>EP</country><doc-number>13155975</doc-number><kind>A</kind><date>20130220</date></document-id></priority-claim><priority-claim mxw-id="PPC162035279" ucid="EP-14707687-A" load-source="docdb"><document-id format="epo"><country>EP</country><doc-number>14707687</doc-number><kind>A</kind><date>20140219</date></document-id></priority-claim><priority-claim mxw-id="PPC162031133" ucid="EP-2014053227-W" linkage-type="W" load-source="docdb"><document-id format="epo"><country>EP</country><doc-number>2014053227</doc-number><kind>W</kind><date>20140219</date></document-id></priority-claim></priority-claims><technical-data><classifications-ipcr><classification-ipcr mxw-id="PCL-1988523725" load-source="docdb">B41J   2/175       20060101AFI20140911BHEP        </classification-ipcr></classifications-ipcr><classifications-cpc><classification-cpc mxw-id="PCL-1987785705" load-source="docdb" scheme="CPC">B41J   2/17513     20130101 FI20151214BHEP        </classification-cpc><classification-cpc mxw-id="PCL-1987799438" load-source="docdb" scheme="CPC">B41J2002/17516     20130101 LA20151212BHEP        </classification-cpc></classifications-cpc><invention-title mxw-id="PT165551603" lang="DE" load-source="patent-office">FLÜSSIGKEITSBEHÄLTER</invention-title><invention-title mxw-id="PT165551604" lang="EN" load-source="patent-office">LIQUID CONTAINER</invention-title><invention-title mxw-id="PT165551605" lang="FR" load-source="patent-office">RÉCIPIENT POUR LIQUIDE</invention-title></technical-data><parties><applicants><applicant mxw-id="PPAR1103329351" load-source="docdb" sequence="1" format="epo"><addressbook><last-name>OCE TECH BV</last-name><address><country>NL</country></address></addressbook></applicant><applicant mxw-id="PPAR1103307175" load-source="docdb" sequence="1" format="intermediate"><addressbook><last-name>OCE-TECHNOLOGIES B.V.</last-name></addressbook></applicant><applicant mxw-id="PPAR1101647268" load-source="patent-office" sequence="1" format="original"><addressbook><last-name>OCE-Technologies B.V.</last-name><iid>101100849</iid><address><street>P.O. Box 101 St. Urbanusweg 43</street><city>5914 CA Venlo</city><country>NL</country></address></addressbook></applicant></applicants><inventors><inventor mxw-id="PPAR1103315802" load-source="docdb" sequence="1" format="epo"><addressbook><last-name>STOK ESTELLA</last-name><address><country>NL</country></address></addressbook></inventor><inventor mxw-id="PPAR1103307219" load-source="docdb" sequence="1" format="intermediate"><addressbook><last-name>STOK, ESTELLA</last-name></addressbook></inventor><inventor mxw-id="PPAR1101643256" load-source="patent-office" sequence="1" format="original"><addressbook><last-name>STOK, ESTELLA</last-name><address><street>Hendrik Casimirstraat 5</street><city>NL-5616 BJ Eindhoven</city><country>NL</country></address></addressbook></inventor><inventor mxw-id="PPAR1103336924" load-source="docdb" sequence="2" format="epo"><addressbook><last-name>WONGKEE ALYSSA</last-name><address><country>CA</country></address></addressbook></inventor><inventor mxw-id="PPAR1103327883" load-source="docdb" sequence="2" format="intermediate"><addressbook><last-name>WONGKEE, Alyssa</last-name></addressbook></inventor><inventor mxw-id="PPAR1101651721" load-source="patent-office" sequence="2" format="original"><addressbook><last-name>WONGKEE, Alyssa</last-name><address><street>2645 Du Ruisseau</street><city>St-Lazare, Québec J7T 2K7</city><country>CA</country></address></addressbook></inventor></inventors></parties><international-convention-data><pct-or-regional-filing-data ucid="EP-2014053227-W"><document-id><country>EP</country><doc-number>2014053227</doc-number><kind>W</kind><date>20140219</date><lang>EN</lang></document-id></pct-or-regional-filing-data><pct-or-regional-publishing-data ucid="WO-2014128160-A1"><document-id><country>WO</country><doc-number>2014128160</doc-number><kind>A1</kind><date>20140828</date><lang>EN</lang></document-id></pct-or-regional-publishing-data><designated-states><ep-contracting-states><country mxw-id="DS660716253" load-source="docdb">AL</country><country mxw-id="DS660719077" load-source="docdb">AT</country><country mxw-id="DS660716259" load-source="docdb">BE</country><country mxw-id="DS660792958" load-source="docdb">BG</country><country mxw-id="DS660637412" load-source="docdb">CH</country><country mxw-id="DS660726816" load-source="docdb">CY</country><country mxw-id="DS660719078" load-source="docdb">CZ</country><country mxw-id="DS660639806" load-source="docdb">DE</country><country mxw-id="DS660716260" load-source="docdb">DK</country><country mxw-id="DS660726817" load-source="docdb">EE</country><country mxw-id="DS660635984" load-source="docdb">ES</country><country mxw-id="DS660792959" load-source="docdb">FI</country><country mxw-id="DS660792960" load-source="docdb">FR</country><country mxw-id="DS660639819" load-source="docdb">GB</country><country mxw-id="DS660716261" load-source="docdb">GR</country><country mxw-id="DS660639820" load-source="docdb">HR</country><country mxw-id="DS660726818" load-source="docdb">HU</country><country mxw-id="DS660637413" load-source="docdb">IE</country><country mxw-id="DS660716262" load-source="docdb">IS</country><country mxw-id="DS660792961" load-source="docdb">IT</country><country mxw-id="DS660716267" load-source="docdb">LI</country><country mxw-id="DS660639821" load-source="docdb">LT</country><country mxw-id="DS660719083" load-source="docdb">LU</country><country mxw-id="DS660639822" load-source="docdb">LV</country><country mxw-id="DS660639835" load-source="docdb">MC</country><country mxw-id="DS660719084" load-source="docdb">MK</country><country mxw-id="DS660719085" load-source="docdb">MT</country><country mxw-id="DS660719086" load-source="docdb">NL</country><country mxw-id="DS660637414" load-source="docdb">NO</country><country mxw-id="DS660719091" load-source="docdb">PL</country><country mxw-id="DS660635985" load-source="docdb">PT</country><country mxw-id="DS660719092" load-source="docdb">RO</country><country mxw-id="DS660635986" load-source="docdb">RS</country><country mxw-id="DS660719093" load-source="docdb">SE</country><country mxw-id="DS660639837" load-source="docdb">SI</country><country mxw-id="DS660637427" load-source="docdb">SK</country><country mxw-id="DS660637428" load-source="docdb">SM</country><country mxw-id="DS660716268" load-source="docdb">TR</country></ep-contracting-states><ep-extended-states><ep-extended-state-data><country>BA</country></ep-extended-state-data><ep-extended-state-data><country>ME</country></ep-extended-state-data></ep-extended-states></designated-states></international-convention-data><office-specific-data><eptags><ep-no-a-document-published>*</ep-no-a-document-published></eptags></office-specific-data></bibliographic-data><abstract mxw-id="PA139078655" ref-ucid="WO-2014128160-A1" lang="EN" load-source="patent-office"><p num="0000">A liquid container comprising a box (10) and a flexible bag (12) accommodated in the box and containing a liquid and having a first end (28) fixed at the box (10) and a second end (30) opposite to the first end (28) and biased in a direction away from the first end by an elastic member (32), characterized in that the box (10) has two parts (14, 16) that are telescopically movable relative to one another and are biased apart by the elastic member (32), and the bag (12) is held at one of these parts(16) with its first end (28) and at the other of these parts (14) with its second end (30).</p></abstract><abstract mxw-id="PA139545210" ref-ucid="WO-2014128160-A1" lang="EN" source="national office" load-source="docdb"><p>A liquid container comprising a box (10) and a flexible bag (12) accommodated in the box and containing a liquid and having a first end (28) fixed at the box (10) and a second end (30) opposite to the first end (28) and biased in a direction away from the first end by an elastic member (32), characterized in that the box (10) has two parts (14, 16) that are telescopically movable relative to one another and are biased apart by the elastic member (32), and the bag (12) is held at one of these parts(16) with its first end (28) and at the other of these parts (14) with its second end (30).</p></abstract><abstract mxw-id="PA139078656" ref-ucid="WO-2014128160-A1" lang="FR" load-source="patent-office"><p num="0000">La présente invention concerne un récipient pour liquide comprenant une boîte (10) et un sac souple (12) logé dans la boîte et contenant un liquide et possédant une première extrémité (28) fixée à la boîte (10) et une seconde extrémité (30) en regard de la première extrémité (28) et sollicitée dans une direction distante de la première extrémité par un élément élastique (32), caractérisé en ce que la boîte (10) comporte deux parties (14, 16) mobiles de façon télescopique l'une par rapport à l'autre et sollicitées de façon à s'éloigner par l'élément élastique (32), et le sac (12) est tenu au niveau de l'une de ces parties (16) par sa première extrémité (28) et au niveau de l'autre de ces parties (14) par sa seconde extrémité (30).</p></abstract><abstract mxw-id="PA139545211" ref-ucid="WO-2014128160-A1" lang="FR" source="national office" load-source="docdb"><p>La présente invention concerne un récipient pour liquide comprenant une boîte (10) et un sac souple (12) logé dans la boîte et contenant un liquide et possédant une première extrémité (28) fixée à la boîte (10) et une seconde extrémité (30) en regard de la première extrémité (28) et sollicitée dans une direction distante de la première extrémité par un élément élastique (32), caractérisé en ce que la boîte (10) comporte deux parties (14, 16) mobiles de façon télescopique l'une par rapport à l'autre et sollicitées de façon à s'éloigner par l'élément élastique (32), et le sac (12) est tenu au niveau de l'une de ces parties (16) par sa première extrémité (28) et au niveau de l'autre de ces parties (14) par sa seconde extrémité (30).</p></abstract><description mxw-id="PDES78477642" ref-ucid="WO-2014128160-A1" lang="EN" load-source="patent-office"><!-- EPO <DP n="2"/>--><p id="p0001" num="0001"> Liquid Container </p><p id="p0002" num="0002">The invention relates to a liquid container comprising a box and a flexible bag accommodated in the box and containing the liquid and having a first end and a second end , the first end being fixed at a wall part of the box. Liquid containers of this type may for example be used for liquid ink for a printer or copier. </p><p id="p0003" num="0003">JP 2012-183714 A describes an example of such a liquid container. The box, thanks to its regular shape and rigidity, facilitates handling and storage of the container while the flexible bag provides a lightweight and liquid-tight enclosure that is easy to manufacture. When the bag is emptied, an elastic member tends to stretch the bag into a flattened state. </p><p id="p0004" num="0004">EP 2 095 955 discloses an ink cartridge that comprises a container body, a slider that encloses the container body, and an elastic member for urging the container body and the slider apart. Since the walls of the container body are not flexible, the container body may not collapse when the ink is consumed. In order to avoid that a vacuum develops in the container body, it is therefore necessary that air is permitted to enter into the container body. </p><p id="p0005" num="0005">It is an object of the present invention to provide a liquid container that is capable of collapsing into a flat state without forming wrinkles in which remnants of the ink would be retained. </p><p id="p0006" num="0006">In order to achieve this object, the box according to the invention has two parts that are telescopically movable relative to one another, an elastic member is provided for urging the two parts of the box apart, and said first end of the bag is fixed at one of the parts of the box and said second end of the bag is fixed at the other of the two parts of the box. 
<!-- EPO <DP n="3"/>-->
 When the bag is filled with liquid, the two telescopic parts of the box are in a retracted state, so that no space needs to be reserved, neither inside the box nor outside thereof, for permitting the bag to be stretched. Consequently, the box requires only little space during transport and storage. However, when the bag is being emptied, the elastic member causes the telescopic parts of the box to expand and thereby to stretch the bag into its flat state by drawing the opposite ends of the bag apart from outside. This not only prevents the bag from forming wrinkles but has the additional advantage that the amount by which the telescopic parts are expanded and, therewith, the amount to which the bag has been emptied, is readily visible from the outside. </p><p id="p0007" num="0007">More specific optional features of the invention are indicated in the dependent claims. </p><p id="p0008" num="0008">In a preferred embodiment, the one of the two parts of the box that is arranged to be telescopically moved out of the other part may have a scale that indicates the relative position of the two parts and, accordingly, the quantity of liquid left in the bag. </p><p id="p0009" num="0009">An embodiment example will now be described in conjunction with the drawings, wherein: Fig. 1 is a sectional view of a liquid container filled with liquid; </p><p id="p0010" num="0010">Fig. 2 shows the liquid container of Fig. 1 in the emptied state; </p><p id="p0011" num="0011">Fig. 3 is an exploded perspective view of a box of the liquid container; </p><p id="p0012" num="0012"> and </p><p id="p0013" num="0013">Figs. 4 and 5 are perspective views of the liquid container in the filled and emptied state, respectively. </p><p id="p0014" num="0014">Fig. 6 shows a supply cabinet of a printing system comprising a liquid container according to the present invention. </p><p id="p0015" num="0015">The ink container shown in Fig. 1 comprises a box 10 that accommodates a flexible bag 12. The bag 12 is filled with a liquid, e.g. with liquid ink, maintenance liquid or media pretreatment liquid for an ink jet printer. 
<!-- EPO <DP n="4"/>-->
 The box 10 has two parts 14, 16 that are telescopically movable relative to one another. The part 14 (bottom part) has a bottom wall 18 and side walls 20. The part 16 (top part) has a roof-shaped top wall 22 and side walls 24 that are held in sliding engagement with the internal surfaces of the side walls 20 of the bottom part 14, so that the top part 16 is guided for vertical movement relative to the bottom part 14. </p><p id="p0016" num="0016"> A spout 26 through which the liquid that is contained in the bag 12 may be withdrawn or poured out is mounted in the top wall 22 of the top part 16, and a first end 28 of the bag 12 is fluid-tightly connected to the spout 26 and thus held rigidly at the top wall 22 of the part 16. An opposite second part 30 of the bag 12 is fixed at the bottom wall 18 of the part 14. </p><p id="p0017" num="0017">An elastic member 32 is provided for biasing the two parts 14, 16 of the box 10 apart, i.e. for biasing the top part 16 upwardly relative to the bottom part 14. In the example shown, the elastic member 32 takes the form of a coil spring the windings of which extend along the side walls 20 of the part 14 so that a relatively large hollow space is left inside the spring, permitting the bag 12 to be attached at the bottom wall 18. A lower end of the elastic member 32 is supported on the bottom wall 18 whereas the top end is supported at the lower edge of the side walls 24 of the top part 16. </p><p id="p0018" num="0018">In the condition shown in Fig. 1 , the elastic member 32 is compressed into a flat state. Since the bag 12 is filled with liquid, it tends to retain an inflated state in which the volume is large enough to accommodate the liquid and, correspondingly, the distance between the first and second ends 28, 30 of the bag is relatively short. Since the ends of the bag are attached to the parts 14 and 16, respectively, the bag 12 exerts a tensile force onto the two parts 14, 16 of the box, and this tensile force counterbalances the force of the elastic member 32. </p><p id="p0019" num="0019">However, when the bag 12 is emptied, it collapses into a flattened state, as has been shown in Fig. 2. This allows the first and second ends 28, 30 of the bag to be drawn apart under the force of the elastic member 32 while the top part 16 of the bag is telescopically moved out of the bottom part 14. In this embodiment, the flattened bag extends approximately along a diagonal plane of the internal cross-section of the box 10. 
<!-- EPO <DP n="5"/>-->
 In Fig. 3, the bottom part 14 and the top part 16 of the box 10 have been shown separately. It will be understood that these parts of the box can easily be manufactured, e.g. from cardboard or semi-rigid plastics. Fig. 4 shows the box 10 in the collapsed state, i.e. in the condition in which the bag inside the box is filled with liquid. Fig. 5 shows the box 10 in an expanded state, when the bag has been emptied to some degree. It can be seen here that one side wall of the top part 16 of the box is provided with a scale 34 that, together with the top edge of the side wall of the bottom part 14, serves as an indicator for the amount of liquid still left in the bag. </p><p id="p0020" num="0020">It is noted that the terms 'bottom', 'side' and 'top' as used above only indicate the relative positions of the respective walls of the two parts 14, 16 of the box 10 and are not to be used to limit the orientation of the box 10 when used in a printer or printing system. </p><p id="p0021" num="0021">The liquid contained in the box 10 as shown in Fig. 1 may be emptied out of the liquid container in various ways including using a pump and by gravity. In Fig. 6 a supply cabinet 50 of a printing system comprising six liquid containers according to the present invention is shown. The liquid containers (40, 41 , 42, 43, 44 and 45) respectively contain cyan, magenta, yellow and black ink (CMYK); maintenance liquid e.g. for flushing ink jet print heads, e.g. indicated with L1 and a primer liquid for pre-treating recording substrates, e.g. indicated with L2. In the cabinet the orientations of liquid containers 40, 41 , 42, 44, 45 are such that the spouts of the respective containers are the lowest parts of the liquid containers relative to the floor 60, such that the liquids can be emptied out of the bags by gravity. By comparing liquid containers 40, 41 and 42, it can be noticed that container 40 (cyan) is almost empty; container 41 (magenta) is approximately half full and container 42 (yellow) is almost full. Container 43 (black) is in a "changing position". This position is such that an operator may be able to position a liquid container according to the present invention in the supply cabinet 50 and connect the spout 26 to the printer or printing system e.g. via a hose (not shown) in an ergonomic way. After establishing a fluid connection between the liquid container and the printer or printing system, the liquid container 43 is tilted in a position similar to the shown positions of liquid containers 40, 41 , 42, 44 and 45. 
<!-- EPO <DP n="6"/>-->
 It will be understood that the shape of the top and bottom parts of the box 10 may be varied in various ways. Likewise, the elastic member 32 may have a different configuration. Instead of a compression spring, it would also be possible to use elastic tension elements, e.g. rubber straps that are fixed near the top edge of the side walls of the bottom part 14 with their top ends and near the bottom edge of the side walls of the top part 16 with their lower ends, so that they will lift the top part 16 when they tend to contract. The elastic member 32 may also be externally attached to the box, preferably to the bottom wall 18 with its lower end and to a wall of the supply cabinet with its top end. This configuration may be preferred from a cost point of view: the elastic member is in this embodiment is not an integral part of the box and hence does not contribute to the costs of the box. An external elastic member (i.e. not contained within the box) can be reused over and over again. 
</p></description><claims mxw-id="PCLM70077920" ref-ucid="WO-2014128160-A1" lang="EN" load-source="patent-office"><claim-statement><!-- EPO <DP n="7"/>-->Claims </claim-statement><claim id="clm-0001" num="1"><claim-text>1 . A liquid container comprising a box (10) and a flexible bag (12) accommodated in the box and containing a liquid and having a first end (28) and a second end (30), the first end being fixed at a wall part of the box (10), characterized in that the box (10) has two parts (14, 16) that are telescopically movable relative to one another, an elastic member (32) is provided for urging the two parts (14, 16) of the box (10) apart, and said first end (28) of the bag (12) is fixed at one of the parts (16) of the box (10) and said second end (30) of the bag (12) is fixed at the other of the two parts (14) of the box (10). </claim-text></claim><claim id="clm-0002" num="2"><claim-text>2. The liquid container according to claim 1 , wherein a bottom part (14) of the box (10) has a bottom wall (18) and side walls (20), and a top part (16) of the box (10) has a top wall (22) and side walls (24) held in sliding engagement with the side walls (20) of the bottom part (14), and wherein the first end (28) of the bag (12) is fixed at the top wall (22) of the top part (16) and the second end (30) of the bag (12) is fixed at the bottom wall (18) of the bottom part (14). </claim-text></claim><claim id="clm-0003" num="3"><claim-text>3. The liquid container according to claim 1 or 2, wherein each of the two parts (14, 16) of the box (10) has a first side wall on a first side of the box and a second side wall on a second side of the box, the first and second sides being opposite to one another, the first end (28) of the bag (12) is attached to one of the parts (14, 16) of the box (10) in a position that is closer to the first side than to the second side, and the second end (30) of the box is attached to the other of the parts (14, 16) of the box (10) in a position that is closer to the second side than to the first side . </claim-text></claim><claim id="clm-0004" num="4"><claim-text>4. The liquid container according to any of the preceding claims, wherein one of the first and second ends (28, 30) of the bag (12) is connected to a spout (26) that is formed in a wall of one of the two parts (14, 16) of the box. </claim-text></claim><claim id="clm-0005" num="5"><claim-text>5. The liquid container according to any of the preceding claims, wherein the elastic member (32) is a spring arranged to press the two parts (14, 16) of the box 10 apart. </claim-text></claim><claim id="clm-0006" num="6"><claim-text>6. The liquid container according to any of the preceding claims, comprising an indicator for the fill level of the bag (12), said indicator comprising a scale (34) on one 
<!-- EPO <DP n="8"/>-->
 (16) of the two parts (14, 16) of the box (10) and an edge of a wall of the other part (14) of the box (10). 
</claim-text></claim></claims><copyright>User acknowledges that Fairview Research LLC and its third party providers retain all right, title and interest in and to this xml under applicable copyright laws.  User acquires no ownership rights to this xml including but not limited to its format.  User hereby accepts the terms and conditions of the Licence Agreement</copyright></patent-document>
