<?xml version="1.0" encoding="UTF-8"?>
<patent-document ucid="EP-2678222-A1" country="EP" doc-number="2678222" kind="A1" date="20140101" family-id="47072629" file-reference-id="318291" date-produced="20180826" status="corrected" lang="EN"><bibliographic-data><publication-reference fvid="146551324" ucid="EP-2678222-A1"><document-id><country>EP</country><doc-number>2678222</doc-number><kind>A1</kind><date>20140101</date><lang>EN</lang></document-id></publication-reference><application-reference ucid="EP-11864375-A" is-representative="NO"><document-id mxw-id="PAPP154825247" load-source="docdb" format="epo"><country>EP</country><doc-number>11864375</doc-number><kind>A</kind><date>20110426</date><lang>EN</lang></document-id><document-id mxw-id="PAPP207570286" load-source="docdb" format="original"><country>EP</country><doc-number>11864375.8</doc-number><date>20110426</date></document-id></application-reference><priority-claims><priority-claim mxw-id="PPC140449534" ucid="US-2011033956-W" linkage-type="A" load-source="docdb"><document-id format="epo"><country>US</country><doc-number>2011033956</doc-number><kind>W</kind><date>20110426</date></document-id></priority-claim></priority-claims><dates-of-public-availability><search-report-dispatch-date><date>20131115</date></search-report-dispatch-date></dates-of-public-availability><technical-data><classifications-ipcr><classification-ipcr mxw-id="PCL1988099997" load-source="docdb">F16F  13/06        20060101ALI20131111BHEP        </classification-ipcr><classification-ipcr mxw-id="PCL1988120694" load-source="docdb">B64C  27/51        20060101AFI20131111BHEP        </classification-ipcr></classifications-ipcr><classifications-cpc><classification-cpc mxw-id="PCL-1934602376" load-source="docdb" scheme="CPC">F16F  13/06        20130101 LI20160528BHEP        </classification-cpc><classification-cpc mxw-id="PCL1988097597" load-source="docdb" scheme="CPC">B64C  27/51        20130101 FI20130425BHEP        </classification-cpc></classifications-cpc><invention-title mxw-id="PT132186456" lang="DE" load-source="patent-office">ZWEIREIHIGES DÄMPFERSYSTEM</invention-title><invention-title mxw-id="PT132186457" lang="EN" load-source="patent-office">DUAL SERIES DAMPER SYSTEM</invention-title><invention-title mxw-id="PT132186458" lang="FR" load-source="patent-office">SYSTÈME D'AMORTISSEUR À DOUBLE SÉRIE</invention-title></technical-data><parties><applicants><applicant mxw-id="PPAR918133473" load-source="docdb" sequence="1" format="epo"><addressbook><last-name>BELL HELICOPTER TEXTRON INC</last-name><address><country>US</country></address></addressbook></applicant><applicant mxw-id="PPAR918154392" load-source="docdb" sequence="1" format="intermediate"><addressbook><last-name>BELL HELICOPTER TEXTRON INC.</last-name></addressbook></applicant><applicant mxw-id="PPAR918981772" load-source="patent-office" sequence="1" format="original"><addressbook><last-name>Bell Helicopter Textron Inc.</last-name><iid>100085435</iid><address><street>P.O. Box 482</street><city>Fort Worth, TX 76101</city><country>US</country></address></addressbook></applicant></applicants><inventors><inventor mxw-id="PPAR918170647" load-source="docdb" sequence="1" format="epo"><addressbook><last-name>YUCE MITHAT</last-name><address><country>US</country></address></addressbook></inventor><inventor mxw-id="PPAR918136419" load-source="docdb" sequence="1" format="intermediate"><addressbook><last-name>YUCE, MITHAT</last-name></addressbook></inventor><inventor mxw-id="PPAR918988234" load-source="patent-office" sequence="1" format="original"><addressbook><last-name>YUCE, MITHAT</last-name><address><street>680 Griffin Street</street><city>Argyle, TX 76226</city><country>US</country></address></addressbook></inventor><inventor mxw-id="PPAR918145762" load-source="docdb" sequence="2" format="epo"><addressbook><last-name>POPELKA DAVID A</last-name><address><country>US</country></address></addressbook></inventor><inventor mxw-id="PPAR918152540" load-source="docdb" sequence="2" format="intermediate"><addressbook><last-name>POPELKA, DAVID, A.</last-name></addressbook></inventor><inventor mxw-id="PPAR918981839" load-source="patent-office" sequence="2" format="original"><addressbook><last-name>POPELKA, DAVID, A.</last-name><address><street>4705 Mill Brook Drive</street><city>Colleyville, TX 76034</city><country>US</country></address></addressbook></inventor><inventor mxw-id="PPAR918169898" load-source="docdb" sequence="3" format="epo"><addressbook><last-name>STAMPS FRANK B</last-name><address><country>US</country></address></addressbook></inventor><inventor mxw-id="PPAR918150477" load-source="docdb" sequence="3" format="intermediate"><addressbook><last-name>STAMPS, FRANK, B.</last-name></addressbook></inventor><inventor mxw-id="PPAR918982635" load-source="patent-office" sequence="3" format="original"><addressbook><last-name>STAMPS, FRANK, B.</last-name><address><street>4705 Mill Crossing West</street><city>Colleyville, TX 76034</city><country>US</country></address></addressbook></inventor><inventor mxw-id="PPAR918170363" load-source="docdb" sequence="4" format="epo"><addressbook><last-name>WIINIKKA MARK A</last-name><address><country>US</country></address></addressbook></inventor><inventor mxw-id="PPAR918134372" load-source="docdb" sequence="4" format="intermediate"><addressbook><last-name>WIINIKKA, MARK, A.</last-name></addressbook></inventor><inventor mxw-id="PPAR918985821" load-source="patent-office" sequence="4" format="original"><addressbook><last-name>WIINIKKA, MARK, A.</last-name><address><street>201 Frazier Drive</street><city>Hurst, TX 76053</city><country>US</country></address></addressbook></inventor></inventors><agents><agent mxw-id="PPAR918993667" load-source="patent-office" sequence="1" format="original"><addressbook><last-name>Lawrence, John</last-name><iid>100029147</iid><address><street>Barker Brettell LLP 100 Hagley Road</street><city>Edgbaston Birmingham B16 8QQ</city><country>GB</country></address></addressbook></agent></agents></parties><international-convention-data><pct-or-regional-filing-data ucid="US-2011033956-W"><document-id><country>US</country><doc-number>2011033956</doc-number><kind>W</kind><date>20110426</date><lang>EN</lang></document-id></pct-or-regional-filing-data><pct-or-regional-publishing-data ucid="WO-2012148389-A1"><document-id><country>WO</country><doc-number>2012148389</doc-number><kind>A1</kind><date>20121101</date><lang>EN</lang></document-id></pct-or-regional-publishing-data><designated-states><ep-contracting-states><country mxw-id="DS548931658" load-source="docdb">AL</country><country mxw-id="DS548930031" load-source="docdb">AT</country><country mxw-id="DS548931659" load-source="docdb">BE</country><country mxw-id="DS548935123" load-source="docdb">BG</country><country mxw-id="DS548927408" load-source="docdb">CH</country><country mxw-id="DS548837752" load-source="docdb">CY</country><country mxw-id="DS548930032" load-source="docdb">CZ</country><country mxw-id="DS548931660" load-source="docdb">DE</country><country mxw-id="DS548837753" load-source="docdb">DK</country><country mxw-id="DS548837754" load-source="docdb">EE</country><country mxw-id="DS548816314" load-source="docdb">ES</country><country mxw-id="DS548935124" load-source="docdb">FI</country><country mxw-id="DS548927409" load-source="docdb">FR</country><country mxw-id="DS548931661" load-source="docdb">GB</country><country mxw-id="DS548837755" load-source="docdb">GR</country><country mxw-id="DS548931662" load-source="docdb">HR</country><country mxw-id="DS548930033" load-source="docdb">HU</country><country mxw-id="DS548915143" load-source="docdb">IE</country><country mxw-id="DS548837756" load-source="docdb">IS</country><country mxw-id="DS548927410" load-source="docdb">IT</country><country mxw-id="DS548837757" load-source="docdb">LI</country><country mxw-id="DS548935125" load-source="docdb">LT</country><country mxw-id="DS548866070" load-source="docdb">LU</country><country mxw-id="DS548935126" load-source="docdb">LV</country><country mxw-id="DS548935127" load-source="docdb">MC</country><country mxw-id="DS548866071" load-source="docdb">MK</country><country mxw-id="DS548866072" load-source="docdb">MT</country><country mxw-id="DS548866073" load-source="docdb">NL</country><country mxw-id="DS548930106" load-source="docdb">NO</country><country mxw-id="DS548866074" load-source="docdb">PL</country><country mxw-id="DS548837758" load-source="docdb">PT</country><country mxw-id="DS548816315" load-source="docdb">RO</country><country mxw-id="DS548837759" load-source="docdb">RS</country><country mxw-id="DS548866075" load-source="docdb">SE</country><country mxw-id="DS548931663" load-source="docdb">SI</country><country mxw-id="DS548930107" load-source="docdb">SK</country><country mxw-id="DS548930108" load-source="docdb">SM</country><country mxw-id="DS548915144" load-source="docdb">TR</country></ep-contracting-states></designated-states></international-convention-data><office-specific-data><eptags><ep-no-a-document-published>*</ep-no-a-document-published></eptags></office-specific-data></bibliographic-data><abstract mxw-id="PA101515936" ref-ucid="WO-2012148389-A1" lang="EN" load-source="patent-office"><p num="0000">A dual series damper includes a fluid damper portion and a elastomeric damper portion. The fluid damper portion includes a first housing, a first connection member, and a piston coupled to the first connection member. The piston divides an interior of the first housing into a first fluid chamber and a second fluid chamber. The piston has a fluid passage in the piston, the fluid passage being configured to provide fluid communication between the first fluid chamber and the second fluid chamber. The elastomeric damper portion includes a second housing, a second connection member coupled to the second housing, and an elastomer between the first housing and the second housing. When a lead/lag force is introduced to the dual series damper, the fluid damper portion behaves rigidly so that the elastomeric damper portion dampens the lead/lag oscillation.</p></abstract><abstract mxw-id="PA101781125" ref-ucid="WO-2012148389-A1" lang="EN" source="national office" load-source="docdb"><p>A dual series damper includes a fluid damper portion and a elastomeric damper portion. The fluid damper portion includes a first housing, a first connection member, and a piston coupled to the first connection member. The piston divides an interior of the first housing into a first fluid chamber and a second fluid chamber. The piston has a fluid passage in the piston, the fluid passage being configured to provide fluid communication between the first fluid chamber and the second fluid chamber. The elastomeric damper portion includes a second housing, a second connection member coupled to the second housing, and an elastomer between the first housing and the second housing. When a lead/lag force is introduced to the dual series damper, the fluid damper portion behaves rigidly so that the elastomeric damper portion dampens the lead/lag oscillation.</p></abstract><abstract mxw-id="PA101515937" ref-ucid="WO-2012148389-A1" lang="FR" load-source="patent-office"><p num="0000">La présente invention a trait à un amortisseur à double série qui inclut une partie d'amortisseur fluide et une partie d'amortisseur en élastomère. La partie d'amortisseur fluide inclut un premier logement, un premier élément de connexion et un piston qui est couplé au premier élément de connexion. Le piston divise l'intérieur du premier logement en une première chambre à fluide hydraulique et en une seconde chambre à fluide hydraulique. Le piston est pourvu d'un passage de fluide dans le piston, le passage de fluide étant configuré de manière à fournir une communication fluidique entre la première chambre à fluide hydraulique et la seconde chambre à fluide hydraulique. La partie d'amortisseur en élastomère inclut un second logement, un second élément de connexion qui est couplé au second logement et un élastomère entre le premier logement et le second logement. Lorsqu'une force d'avance/de retard est introduite dans l'amortisseur à double série, la partie d'amortisseur fluide se comporte fermement de sorte que la partie d'amortisseur en élastomère amortit l'oscillation d'avance/de retard.</p></abstract><abstract mxw-id="PA101781126" ref-ucid="WO-2012148389-A1" lang="FR" source="national office" load-source="docdb"><p>La présente invention a trait à un amortisseur à double série qui inclut une partie d'amortisseur fluide et une partie d'amortisseur en élastomère. La partie d'amortisseur fluide inclut un premier logement, un premier élément de connexion et un piston qui est couplé au premier élément de connexion. Le piston divise l'intérieur du premier logement en une première chambre à fluide hydraulique et en une seconde chambre à fluide hydraulique. Le piston est pourvu d'un passage de fluide dans le piston, le passage de fluide étant configuré de manière à fournir une communication fluidique entre la première chambre à fluide hydraulique et la seconde chambre à fluide hydraulique. La partie d'amortisseur en élastomère inclut un second logement, un second élément de connexion qui est couplé au second logement et un élastomère entre le premier logement et le second logement. Lorsqu'une force d'avance/de retard est introduite dans l'amortisseur à double série, la partie d'amortisseur fluide se comporte fermement de sorte que la partie d'amortisseur en élastomère amortit l'oscillation d'avance/de retard.</p></abstract><description mxw-id="PDES52291830" ref-ucid="WO-2012148389-A1" lang="EN" load-source="patent-office"><!-- EPO <DP n="2"/>--><p id="p0001" num="0001"> DUAL SERIES DAMPER SYSTEM </p><p id="p0002" num="0002">Technical Field </p><p id="p0003" num="0003">The system of the present application relates to a damper for an aircraft. In particular, the system of the present application relates to a lead/lag damper for a rotorcraft. </p><p id="p0004" num="0004">Description of the Prior Art </p><p id="p0005" num="0005">Certain rotorcraft have multi-bladed rotor hub configurations that require lead/lag dampers to compensate for the acceleration and deceleration of each rotor blade about a rotor blade hinge axis. During forward flight of the rotorcraft, unequal drag forces on the advancing and retreating rotor blade positions typically cause oscillating forces that if left untreated, negatively affect the rotorcraft. For example, untreated lead/lag oscillating forces severely limit the life of structural components through fatigue. Furthermore, untreated lead/lag oscillating forces have even been known to cause catastrophic results in a "ground resonance" phenomenon in which the oscillation frequency is similar to the resonant frequency of the aircraft on its landing gear. </p><p id="p0006" num="0006">Conventionally, lead/lag dampers are used to treat lead/lag oscillatory forces. However, considerably shortcomings in conventional lead/lag dampers remain. </p><p id="p0007" num="0007">Brief Description of the Drawings </p><p id="p0008" num="0008">The novel features believed characteristic of the system of the present application are set forth in the appended claims. However, the system itself, as well as a preferred mode of use, and further objectives and advantages thereof, will best be understood by reference to the following detailed description when read in conjunction with the accompanying drawings, in which the leftmost significant digit(s) in the reference numerals denote(s) the first figure in which the respective reference numerals appear, wherein: 
<!-- EPO <DP n="3"/>-->
 Figure 1 is a top schematic view of a rotor hub according the preferred embodiment of the present application; </p><p id="p0009" num="0009">Figure 2 is a top schematic view of the rotor hub according the preferred embodiment of the present application; Figures 3A and 3B are top schematic views of the rotor hub according the preferred embodiment of the present application; </p><p id="p0010" num="0010">Figures 4A and 4B are top schematic views of the rotor hub according the preferred embodiment of the present application; </p><p id="p0011" num="0011">Figure 5 is a partially removed perspective view of a dual series damper, according to the preferred embodiment of the present application; </p><p id="p0012" num="0012">Figure 6 is a cross-sectional view of the dual series damper, take along section lines VI-VI in Figure 5, according to the preferred embodiment of the present application; </p><p id="p0013" num="0013">Figure 7 is a cross-sectional view of the dual series damper, according to the preferred embodiment of the present application; </p><p id="p0014" num="0014">Figure 8 is a cross-sectional view of the dual series damper, according to the preferred embodiment of the present application; </p><p id="p0015" num="0015">Figure 9 is a cross-sectional view of the dual series damper, according to the preferred embodiment of the present application; Figure 10 is a cross-sectional view of the dual series damper, according to the preferred embodiment of the present application; </p><p id="p0016" num="0016">Figure 11 is a cross-sectional view of a dual series damper, according to an alternative embodiment of the present application; and 
<!-- EPO <DP n="4"/>-->
 Figure 12 is a cross-sectional view of a dual series damper, according to an alternative embodiment of the present application. </p><p id="p0017" num="0017">While the system of the present application is susceptible to various modifications and alternative forms, specific embodiments thereof have been shown by way of example in the drawings and are herein described in detail. It should be understood, however, that the description herein of specific embodiments is not intended to limit the method to the particular forms disclosed, but on the contrary, the intention is to cover all modifications, equivalents, and alternatives falling within the spirit and scope of the application as defined by the appended claims. 
<!-- EPO <DP n="5"/>-->
</p><p id="p0018" num="0018">Description of the Preferred Embodiment </p><p id="p0019" num="0019">Illustrative embodiments of the system of the present application are described below. In the interest of clarity, not all features of an actual implementation are described in this specification. It will of course be appreciated that in the development of any such actual embodiment, numerous implementation-specific decisions must be made to achieve the developer's specific goals, such as compliance with system-related and business-related constraints, which will vary from one implementation to another. Moreover, it will be appreciated that such a development effort might be complex and time-consuming but would nevertheless be a routine undertaking for those of ordinary skill in the art having the benefit of this disclosure. </p><p id="p0020" num="0020">In the specification, reference may be made to the spatial relationships between various components and to the spatial orientation of various aspects of components as the devices are depicted in the attached drawings. However, as will be recognized by those skilled in the art after a complete reading of the present application, the devices, members, apparatuses, etc. described herein may be positioned in any desired orientation. Thus, the use of terms such as "above," "below," "upper," "lower," or other like terms to describe a spatial relationship between various components or to describe the spatial orientation of aspects of such components should be understood to describe a relative relationship between the components or a spatial orientation of aspects of such components, respectively, as the device described herein may be oriented in any desired direction. </p><p id="p0021" num="0021">Referring to Figure 1 , a rotor hub 101 for a rotorcraft includes a plurality of rotor blades 103 coupled to a central yoke 109, via a rotor grip 07. Yoke 109 is coupled to a rotor mast 05 such that rotation of rotor mast 105, in a direction 113, causes the yoke 109 and rotor blades 103 to rotate about the rotor mast axis of rotation. The pitch of each rotor blade 103 is selectively controlled in order to selectively control direction, thrust, and lift of the rotorcraft. Each rotor blade 103 is preferably hinged about a hinge axis 1 1 1. Hinge axis 1 11 can be the result of a discreet hinge, or alternatively from a 
<!-- EPO <DP n="6"/>-->
 virtual hinge. A dual series damper 501 is coupled between each rotor blade 103 and the rotor yoke 109. Dual series damper 501 is configured to dampen lead/lag oscillations during operation of the rotorcraft, as further described herein. It should be appreciated that the even though rotor hub 101 is illustrated with four rotor blades 103, the system of the present application is equally applicable to rotor hubs having an alternative number of rotor blades 103. </p><p id="p0022" num="0022">Referring now to Figure 2, rotor hub 101 is further illustrated. For clarity, only a single rotor blade 103 is shown; however, it should be appreciated that the discussion regarding the rotor blade 103 is equally applicable to other rotor blades 103 that are not shown for clarity. During operation of the rotorcraft, rotor hub 101 is subjected to a variety of aerodynamic forces, as well as mechanical dynamic forces. Rotor hub 101 rotates around the rotor mast axis at approximately 300-350 revolutions per minute (RPM). However, it should appreciated that the rate of rotation of rotor hub 101 is implementation specific; accordingly, the system of the present invention contemplates rotor hubs that rotate at other RPM's as well. </p><p id="p0023" num="0023">A centrifugal force 119 acts upon rotor blade 103 when rotor blade 103 is rotating around the rotor mast axis. Further, an aerodynamic drag force 117 imparts a restraining force upon the rotor blade 103. The centrifugal force 119 and aerodynamic drag force 117 create moments that act upon rotor blade 103. When the moments from the centrifugal force 119 and aerodynamic drag force 117 are balanced, then the rotor blade 103 is an equilibrium position, such as equilibrium position 115. However, when the centrifugal force 119 and aerodynamic drag force 117 change during operation of the rotorcraft, then a relatively steady force acts on rotor blade 103 until the relatively steady force repositions rotor blade 103 into a new equilibrium position. Referring to Figure 3A, rotor blade 103 is shown in a forward position 5' in which the position of rotor blade 103 has deviated forwardly from equilibrium position 115. Referring also to Figure 3B, rotor blade 103 is shown in an aft position 115" in which the position of rotor blade 103 has deviated aft of equilibrium position 115. These 
<!-- EPO <DP n="7"/>-->
 deviations can be the result of a relatively steady force resulting from a change in the aerodynamic drag or centrifugal force. For example, an increase or decrease in aerodynamic drag can be the result of a change in the pitch angle of the rotor blade 103, thereby causing a steady force to reposition rotor blade 103 to forward position 115' or aft position 115". An increase in pitch angle of rotor blade 103 increases profile drag on the rotor blade 103, whereas a decrease in pitch angle of rotor blade 103 decreases profile drag on the rotor blade 103. </p><p id="p0024" num="0024">Deviations from equilibrium position 115 can be the result of a high frequency oscillatory force acting upon rotor blade 103, such as a lead/lag force. Referring to Figures 4A and 4B, the deviation of rotor blade 103 into a forward position 115a or an aft position 115b, can be the result of a lead/lag force that imparts a high frequency oscillatory force facilitating the temporary positioning of rotor blade 103 in forward position 1 5a or aft position 115b. When airflow resulting from a translation of the rotorcraft, or a wind gust, aligns with a directional position of rotor blade 103, then the temporary decrease in drag acts to accelerate the rotor blade 103 during that rotational phase of the rotor blade 103, resulting in the temporary forward position 115a. In contrast, when the translation airflow direction opposes the directional position of rotor blade 103, then the temporary increase in drag acts to decelerate the rotor blade 103 during that rotation phase of the rotor blade 103, resulting in the temporary aft position 115b. These lead/lag forces act to accelerate and decelerate each rotor blade 103 within a single revolution about the rotor mast 105. As such, these lead/lag forces are high frequency oscillatory forces. </p><p id="p0025" num="0025">Referring now to Figures 5-10, a dual series damper 501 , according to the preferred embodiment is illustrated. Dual series damper 501 includes a fluid damper portion 503 and an elastomeric damper portion 505. Fluid damper portion 503 includes a first connection member 511 coupled to a piston 517. The piston 517 acts to divide a cylinder portion of the housing into a first fluid chamber 523 and a second fluid chamber 525, which are in fluid communication via one or more fluid passages 519a and 519b. 
<!-- EPO <DP n="8"/>-->
 A fluid 521 is located within first fluid chamber 523 and second fluid chamber 525. Fluid 521 is preferably a hydraulic fluid, but fluid 521 can be a variety of fluid types. Seals 527 and 529, act to prevent fluid 521 from leaking out of the first fluid chamber 523 and second fluid chamber 525. Further, seals 527 and 529 are preferably sliding seals that allow a shaft portion of piston 517 to slide relative to a cylinder portion of first housing 507 while preventing the leakage of fluid 521. A seal 531 creates a sliding seal to keep fluid communication between first fluid chamber 523 and second fluid chamber 525 through fluid passages 519a and 519b. </p><p id="p0026" num="0026">Dual series damper 501 also includes an elastomeric damper portion 505. Elastomeric damper portion 505 includes a second connection member 513 coupled to a second housing 509. An elastomer portion 515 is coupled to an interior of second housing 509 and to an exterior of a central portion of first housing 507. In one embodiment, elastomer portion 515 is adhesively bonded to the interior of second housing 509 and the exterior of the central portion of first housing 507. It should be appreciated that elastomer portion 515 may have a wide variety of configurations to tailor stiffness and damping properties. For example, one or more openings may be located in and around elastomer portion 515. Furthermore, elastomer portion 515 may be a solid elastomer member or a laminate of elastomer layers. Further, the laminate of elastomeric layers can include cylindrically shaped shims bonded therebetween. Further, the requisite length and thickness of elastomer portion 515 is implementation specific and depends in part on the predicted rotor hub and blade loads. The geometry and composition of elastomer portion 515 may be configured to provide linear or nonlinear strain properties. </p><p id="p0027" num="0027">One of the first connection member 5 1 and the second connection member 513 is coupled to the rotor yoke 109, while the other of the first connection member 5 1 and the second connection member 513 is coupled to the rotor grip 107 of rotor blade 103. It should be appreciated that the dual series damper 501 may be associated with the rotor hub 101 in a variety of configurations. Furthermore, dual series damper 501 may 
<!-- EPO <DP n="9"/>-->
 alternatively be coupled between adjacent rotor blades 103, instead of being coupled between the rotor blade 103 and rotor yoke 109. In the preferred embodiment, first and second connection members 511 and 513 are rod ends having an integral spherical bearing; however, it should be appreciated that first and second connection members 511 and 513 may be of any configuration capable of providing a structural connection between rotor blade 103 and rotor yoke 109. </p><p id="p0028" num="0028">The fluid damper portion 503 of dual series damper 501 is configured to be rigid when subjected to a high frequency oscillatory force, such as a lead/lag force. The lead/lag oscillatory forces act to generate an oscillatory lead/lag motion of rotor blade103 at a lead/lag frequency mode. The elastomer damper portion 505 is to treat both the oscillatory lead/lag motion and the lead/lag frequency mode. The fluid damper portion 503 is configured to be rigid at frequencies of the lead/lag frequency mode and higher, thereby obligating the elastomer damper portion 505 to endure, thus treat oscillatory lead/lag motion and the lead/lag frequency mode. The fluid damper portion 503 accomplishes a rigid reaction to the oscillatory lead/lag motion through the sizing of first housing 507, piston 517, and fluid passages 519a and 519b. For example, when dual series damper 501 is subjected to an oscillatory lead/lag motion, the fluid portion 503 essentially hydrolocks so that the oscillatory lead/lag forces are rigidly transferred between first connection member 511 and first housing 507. The fluid passages 519a and 519b are sized relatively small so that little or no fluid 521 is able to travel through fluid passages 519a and 519b when piston 517 is subjected to a lead/lag oscillatory force. However, when dual series damper 501 is subjected to a steady force, piston 517 translates relative to first housing 507 with the gradual flow of fluid 521 between first fluid chamber 523 and second fluid chamber 525 through fluid passages 519a and 519b. </p><p id="p0029" num="0029">When dual series damper 501 is subjected to an oscillatory lead/lag motion, thereby producing a rigid reaction from the fluid damper portion 503, the elastomeric damper portion 505 is configured to treat the oscillatory lead/lag motion and the lead/lag 
<!-- EPO <DP n="10"/>-->
 frequency mode. More specifically, the spring function of the elastomeric portion 505 is configured to treat the lead/lag mode frequency of the rotor blade 103. For example, the spring function of the elastomeric portion 505 can transform a 1 per revolution lead/lag frequency to a frequency range between 0.4 and 0.75 per revolution. It should be appreciated that the spring constant of the elastomeric portion 505 can be specifically configured to transform the lead/lag frequency into a variety of selected frequencies. Furthermore, the dampening function of the elastomeric portion 505 is configured to dampen the oscillatory lead/lag motion of the rotor blade 103 at the lead/lag mode frequency and higher. Elastomeric portion 505 achieves damping of the lead/lag mode frequencies via shearing deformation of elastomer 515. </p><p id="p0030" num="0030">Referring now to Figure 6, a length L1 corresponds with a length of dual series damper 501 while rotor blade 103 is in equilibrium position 115. Equilibrium position 115 represents the position of rotor blade 103 in a normal or average position based up predicted flight regimes. As shown in Figure 6, the fluid damper portion 503 and the elastomeric damper portion 505 are each in a central position. More specifically, piston 517 is located centrally in the cylinder portion of first housing 507, while elastomer 5 5 is in an undeformed state between the central portion of first housing 507 and second housing 509. </p><p id="p0031" num="0031">Referring now to Figure 7, a length L2 and positioning of fluid damper portion 503 are indicative of dual series damper 501 of being compressed from equilibrium position 115 to aft position 115" as the result of being subjected to a steady force. The steady force acts to translate piston 517 until the fluid pressures in first fluid chamber 523 and second fluid chamber 525 are equalized. The steady force acts on dual series damper 501 to reposition rotor blade 103 from equilibrium potion 115 to aft position 115" so that aft position 115" becomes the new stabilized blade position. Thus, at the aft position 115", the rotor blade 03 is in a new stabilized blade position such that the steady force is zero. 
<!-- EPO <DP n="11"/>-->
 Referring now to Figure 8, a length L3 and positioning of fluid damper portion 503 are indicative of dual series damper 501 of being stretched from equilibrium position 115 to forward position 115' as the result of being subjected to a steady force. The steady force acts to translate piston 517 until the fluid pressures in first fluid chamber 523 and second fluid chamber 525 are equalized. The steady force acts on dual series damper 501 to reposition rotor blade 103 from equilibrium position 115 to forward position 115' so that forward position 115' becomes the new stabilized blade position. Thus, at the forward position 115', the rotor blade 103 is in a new stabilized blade position such that the steady force is zero. As shown in Figures 7 and 8, a steady force is fully eliminated by the fluid damper portion 503 of the dual series damper 501. One significant advantage of this feature is that without fluid damper portion 503, the elastomer damper portion 505 would have to endure the steady force. One shortcoming of elastomer material is that it is susceptible to creep, in which a steady force causes continual deflection over time, even when the steady force doesn't change. Furthermore, the magnitude of creep on each elastomer damper may typically be different for each damper on a particular rotor hub. As such, the creep differential on each elastomer damper could cause each rotor blade to be located in different position, thus causing an out-of-position vibration inducing scenario. As such, dual series damper 501 is configured to prevent creep of elastomer 515 by preventing the elastomer damper portion 505 from being subjected to steady forces. Furthermore, dual series damper 501 is configured to passively adjust the length L1 in order to compensate for changes in equilibrium position 115 due to steady forces induced by a change in a flight regime of the rotorcraft. For example, a variable rpm rotorcraft can be configured such that the rotor hub 101 can rotate around the rotor hub 101 at different RPM's. Each rotor hub RPM will typically correspond with a slightly different equilibrium position 115 of the rotor blades 103. Therefore, dual series damper 501 is particularly well suited for variable rpm rotorcraft because the fluid damper portion 503 eliminates the steady forces by changing the damper length, such as damper length L1. Furthermore, this prevents creep induced misalignment of the 
<!-- EPO <DP n="12"/>-->
 rotor blades, due to the absence of the steady force, while also preserving elastomer damper portion 505 for treatment of the oscillatory lead/lag motion and the lead/lag frequency mode. </p><p id="p0032" num="0032">Referring to Figure 9, a length L4 and positioning of elastomeric damper portion 505 are indicative of dual series damper 501 being stretched from equilibrium position 115 to forward position 115a as the result of being subjected to a lead/lag oscillatory motion. The lead/lag oscillatory motion acts to translate the central portion of first housing 507 relative to second housing 509, thereby deforming elastomer 515 so as to treat the lead/lag oscillatory motion and the lead/lag frequency mode. Referring to Figure 10, a length L5 and positioning of elastomeric damper portion</p><p id="p0033" num="0033">505 are indicative of dual series damper 501 being compressed from equilibrium position 115 to aft position 115b as the result of being subjected to a lead/lag oscillatory motion. The lead/lag oscillatory motion acts to translate the central portion of first housing 507 relative to second housing 509, thereby deforming elastomer 515 so as to treat the lead/lag oscillatory motion and the lead/lag frequency mode. </p><p id="p0034" num="0034">Referring now to Figure 11 , an alternative embodiment of a dual series damper 1101 is illustrated. Dual series damper 1101 is similar to dual series damper 501 except that sliding seals 527 and 529 are replaced with elastomeric membranes 1127 and 1129, respectively. It should also be appreciated that seal 531 may also be replaced with an elastomeric membrane similar to membranes 1127 and 1129. Membranes 1127 and 1129 are bonded to first housing 507 and piston 511. Deflection of membranes 1127 and 1129 allow piston 511 to translate relative to first housing 507 while preventing undesired leakage of fluid 521. In some implementations of dual series damper 501 and 1101 , dual series damper 1101 may be preferred because elastomer membranes may provide better reliability than sliding seals. </p><p id="p0035" num="0035">Referring now to Figure 12, an alternative embodiment of a dual series damper 1201 is illustrated. Dual series damper 1201 is similar to dual series damper 501 
<!-- EPO <DP n="13"/>-->
 except that sliding seal 531 on piston 517 is not used. Rather, a gap 1203 between a circumferential surface of piston 517 and an interior surface of first housing 507 replaces the fluid passages 519a and 519b of dual series damper 501. As such, gap 1203 functions similar to fluid passages 519a and 519b of dual series damper 501. The system of the present application provides significant advantages, including:</p><p id="p0036" num="0036">(1) providing a dual series damper that prevents creep of an elastomer, thus increasing rotor blade position uniformity; and (2) providing a dual series damper that passively changes length when subjected to a steady force. </p><p id="p0037" num="0037">The particular embodiments disclosed above are illustrative only, as the application may be modified and practiced in different but equivalent manners apparent to those skilled in the art having the benefit of the teachings herein. Furthermore, no limitations are intended to the details of construction or design herein shown, other than as described in the claims below. It is therefore evident that the particular embodiments disclosed above may be altered or modified and all such variations are considered within the scope and spirit of the application. Accordingly, the protection sought herein is as set forth in the claims below. It is apparent that a system with significant advantages has been described and illustrated. Although the system of the present application is shown in a limited number of forms, it is not limited to just these forms, but is amenable to various changes and modifications without departing from the spirit thereof. 
</p></description><claims mxw-id="PCLM45937365" ref-ucid="WO-2012148389-A1" lang="EN" load-source="patent-office"><claim id="clm-0001" num="1"><!-- EPO <DP n="14"/>--><claim-text/><claim-text>Claims . A dual series damper for a rotorcraft, the dual series damper comprising: </claim-text><claim-text> a fluid damper portion comprising: </claim-text><claim-text> a first housing; </claim-text><claim-text> a first connection member; </claim-text><claim-text> a piston coupled to the first connection member, the piston dividing an interior of the first housing into a first fluid chamber and a second fluid chamber; </claim-text><claim-text> a fluid passage in the piston, the fluid passage being configured to provide fluid communication between the first fluid chamber and the second fluid chamber; </claim-text><claim-text> an elastomeric damper portion comprising: </claim-text><claim-text> a second housing; </claim-text><claim-text> a second connection member coupled to the second housing; </claim-text><claim-text> an elastomer between the first housing and the second housing. </claim-text></claim><claim id="clm-0002" num="2"><claim-text>2. The dual series damper according to claim 1 , wherein the fluid damper portion is configured to behave rigidly when the dual series damper is subjected to a lead/lag oscillatory force. </claim-text></claim><claim id="clm-0003" num="3"><claim-text>3. The dual series damper according to claim 1 , wherein the elastomeric damper portion is configured to dampen an oscillatory lead/lag motion and also provide a spring force that adjusts a lead/lag mode frequency to a desired value. </claim-text></claim><claim id="clm-0004" num="4"><claim-text>4. The dual series damper according to claim 1 , wherein the fluid damper portion is configured such that the fluid passage allows a fluid to travel between the first fluid chamber and the second fluid chamber when the dual series damper is subjected to a steady force. <!-- EPO <DP n="15"/>--> </claim-text></claim><claim id="clm-0005" num="5"><claim-text>5. The dual series damper according to claim 1 , wherein the fluid damper portion is configured to behave rigidly when the dual series damper is subjected to a force occurring at a lead/lag mode frequency. </claim-text></claim><claim id="clm-0006" num="6"><claim-text>6. The dual series damper according to claim 1 , wherein the dual series damper is configured for attachment between a rotor blade and a rotor yoke. </claim-text></claim><claim id="clm-0007" num="7"><claim-text>7. The dual series damper according to claim 1 , wherein the dual series damper is configured for attachment between adjacent rotor blades. </claim-text></claim><claim id="clm-0008" num="8"><claim-text>8. The dual series damper according to claim 1 , wherein the elastomeric damper portion is configured to dampen a lead/lag oscillatory motion and provide spring force to adjust a lead/lag mode frequency, through deflection of the elastomer. </claim-text></claim><claim id="clm-0009" num="9"><claim-text>9. A dual series damper for a rotorcraft, the dual series damper comprising: </claim-text><claim-text> a fluid damper portion comprising: </claim-text><claim-text> a first housing having a cylinder portion and a central portion; </claim-text><claim-text> a first connection member; </claim-text><claim-text> a piston coupled to the first connection member, the piston dividing an interior of the cylinder portion of the first housing into a first fluid chamber and a second fluid chamber; </claim-text><claim-text> a fluid passage configured to provide fluid communication between the first fluid chamber and the second fluid chamber; </claim-text><claim-text> an elastomeric damper portion comprising: </claim-text><claim-text> a second housing; </claim-text><claim-text> a second connection member coupled to the second housing; </claim-text><claim-text> an elastomer between the central portion of the first housing and the second housing; </claim-text><claim-text> wherein the elastomeric damper portion is configured to a dampen an oscillatory motion, while the fluid damper portion is configured to eliminate a steady force. <!-- EPO <DP n="16"/>--> </claim-text></claim><claim id="clm-0010" num="10"><claim-text>10. The dual series damper according to claim 9, wherein the oscillatory motion occurs at a lead/lag mode frequency and higher. </claim-text></claim><claim id="clm-0011" num="11"><claim-text>11. The dual series damper according to claim 9, wherein the elastomer of the elastomeric damper portion has a stiffness sufficient to treat the oscillatory motion. </claim-text></claim><claim id="clm-0012" num="12"><claim-text>12. The dual series damper according to claim 9, the fluid damper portion further comprising: </claim-text><claim-text> a sliding seal between the piston and the cylinder portion of the first housing. </claim-text></claim><claim id="clm-0013" num="13"><claim-text>13. The dual series damper according to claim 9, the fluid damper portion further comprising: </claim-text><claim-text> an elastomer seal between the piston and the cylinder portion of the first housing. </claim-text></claim><claim id="clm-0014" num="14"><claim-text>14. The dual series damper according to claim 9, wherein the fluid damper portion is configured to passively change the length of the dual series damper when subjected to the steady force. </claim-text></claim><claim id="clm-0015" num="15"><claim-text>15. The dual series damper according to claim 9, wherein the fluid damper portion is configured to passively change the length of the dual series damper when subjected to the steady force through a translation of the piston relative to the cylinder portion of the first housing. </claim-text></claim><claim id="clm-0016" num="16"><claim-text>16. A rotor hub for an aircraft, the rotor hub comprising: </claim-text><claim-text> a rotor yoke; </claim-text><claim-text> a plurality of blade grips coupled to the rotor yoke; </claim-text><claim-text> a rotor blade coupled to each blade grip; </claim-text><claim-text> a dual series damper coupled between each blade grip and the rotor yoke, the dual series damper comprising: <!-- EPO <DP n="17"/>--> a fluid damper portion comprising: </claim-text><claim-text> a first housing; </claim-text><claim-text> a first connection member; </claim-text><claim-text> a piston coupled to the first connection member, the piston dividing an interior of the first housing into a first fluid chamber and a second fluid chamber; </claim-text><claim-text> a fluid passage in the piston, the fluid passage being configured to provide fluid communication between the first fluid chamber and the second fluid chamber; </claim-text><claim-text> an elastomeric damper portion comprising: </claim-text><claim-text> a second housing; </claim-text><claim-text> a second connection member coupled to the second housing; </claim-text><claim-text> an elastomer between first housing and the second housing. </claim-text></claim><claim id="clm-0017" num="17"><claim-text>17. The rotor hub according to claim 16, wherein the fluid damper portion of the dual series damper is configured to behave rigidly when the dual series damper is subjected to a lead/lag oscillatory force at a lead/lag frequency mode and higher. </claim-text></claim><claim id="clm-0018" num="18"><claim-text>18. The rotor hub according to claim 16, wherein the elastomeric damper portion of the dual series damper is configured to dampen a lead/lag oscillation and provide a spring force to a lead/lag frequency mode. </claim-text></claim><claim id="clm-0019" num="19"><claim-text>19. The rotor hub according to claim 16, wherein the fluid damper portion of the dual series damper is configured such that the fluid passage allows a fluid to travel between the first fluid chamber and the second fluid chamber when the dual series damper is subjected to a steady force. </claim-text></claim><claim id="clm-0020" num="20"><claim-text>20. The rotor hub according to claim 16, wherein the fluid damper portion behaves rigidly when a lead/lag oscillatory force is introduced to the dual series damper, so that the elastomeric damper portion treats the lead/lag oscillatory force. </claim-text></claim></claims><copyright>User acknowledges that Fairview Research LLC and its third party providers retain all right, title and interest in and to this xml under applicable copyright laws.  User acquires no ownership rights to this xml including but not limited to its format.  User hereby accepts the terms and conditions of the Licence Agreement</copyright></patent-document>
