<?xml version="1.0" encoding="UTF-8"?>
<patent-document ucid="EP-2681264-A1" country="EP" doc-number="2681264" kind="A1" date="20140108" family-id="45757435" file-reference-id="318301" date-produced="20180823" status="corrected" lang="DE"><bibliographic-data><publication-reference fvid="146587002" ucid="EP-2681264-A1"><document-id><country>EP</country><doc-number>2681264</doc-number><kind>A1</kind><date>20140108</date><lang>DE</lang></document-id></publication-reference><application-reference ucid="EP-12705868-A" is-representative="NO"><document-id mxw-id="PAPP154849194" load-source="docdb" format="epo"><country>EP</country><doc-number>12705868</doc-number><kind>A</kind><date>20120227</date><lang>DE</lang></document-id><document-id mxw-id="PAPP199413596" load-source="docdb" format="original"><country>EP</country><doc-number>12705868.3</doc-number><date>20120227</date><lang>DE</lang></document-id></application-reference><priority-claims><priority-claim mxw-id="PPC140549858" ucid="EP-11156209-A" load-source="docdb"><document-id format="epo"><country>EP</country><doc-number>11156209</doc-number><kind>A</kind><date>20110228</date></document-id></priority-claim><priority-claim mxw-id="PPC140555552" ucid="EP-12705868-A" load-source="docdb"><document-id format="epo"><country>EP</country><doc-number>12705868</doc-number><kind>A</kind><date>20120227</date></document-id></priority-claim><priority-claim mxw-id="PPC140548936" ucid="EP-2012053232-W" linkage-type="W" load-source="docdb"><document-id format="epo"><country>EP</country><doc-number>2012053232</doc-number><kind>W</kind><date>20120227</date></document-id></priority-claim></priority-claims><technical-data><classifications-ipcr><classification-ipcr mxw-id="PCL1989321058" load-source="docdb">C08J   3/12        20060101AFI20120921BHEP        </classification-ipcr><classification-ipcr mxw-id="PCL1989322364" load-source="docdb">A61K   9/28        20060101ALI20120921BHEP        </classification-ipcr></classifications-ipcr><classifications-cpc><classification-cpc mxw-id="PCL1989627017" load-source="docdb" scheme="CPC">C08J2333/12        20130101 LA20130101BHEP        </classification-cpc><classification-cpc mxw-id="PCL1989629790" load-source="docdb" scheme="CPC">A61K   9/2846      20130101 LI20130101BHEP        </classification-cpc><classification-cpc mxw-id="PCL1989636307" load-source="docdb" scheme="CPC">C08J2333/14        20130101 LA20130101BHEP        </classification-cpc><classification-cpc mxw-id="PCL1989636653" load-source="docdb" scheme="CPC">C08J   3/122       20130101 FI20130101BHEP        </classification-cpc></classifications-cpc><invention-title mxw-id="PT132365639" lang="DE" load-source="patent-office">HERSTELLUNG VON PULVERFÖRMIGEN ÜBERZUGSMITTELN FÜR STABILE PROTEKTIVE ÜBERZÜGE FÜR PHARMAZEUTISCHE DOSIERUNGSFORMEN</invention-title><invention-title mxw-id="PT132365640" lang="EN" load-source="patent-office">PRODUCING POWDERY COATING AGENTS FOR STABLE PROTECTIVE COATINGS FOR PHARMACEUTICAL DOSAGE FORMS</invention-title><invention-title mxw-id="PT132365641" lang="FR" load-source="patent-office">PRODUCTION D'AGENTS D'ENROBAGE PULVÉRULENTS POUR DES ENROBAGES DE PROTECTION STABLES DE FORMES GALÉNIQUES</invention-title></technical-data><parties><applicants><applicant mxw-id="PPAR919535084" load-source="docdb" sequence="1" format="epo"><addressbook><last-name>BASF SE</last-name><address><country>DE</country></address></addressbook></applicant><applicant mxw-id="PPAR919522261" load-source="docdb" sequence="1" format="intermediate"><addressbook><last-name>BASF SE</last-name></addressbook></applicant><applicant mxw-id="PPAR919010314" load-source="patent-office" sequence="1" format="original"><addressbook><last-name>BASF SE</last-name><iid>101298228</iid><address><city>67056 Ludwigshafen</city><country>DE</country></address></addressbook></applicant></applicants><inventors><inventor mxw-id="PPAR919519155" load-source="docdb" sequence="1" format="epo"><addressbook><last-name>KOLTER KARL</last-name><address><country>DE</country></address></addressbook></inventor><inventor mxw-id="PPAR919504168" load-source="docdb" sequence="1" format="intermediate"><addressbook><last-name>KOLTER, KARL</last-name></addressbook></inventor><inventor mxw-id="PPAR919007530" load-source="patent-office" sequence="1" format="original"><addressbook><last-name>KOLTER, KARL</last-name><address><street>Sudetenstr.1</street><city>67117 Limburgerhof</city><country>DE</country></address></addressbook></inventor><inventor mxw-id="PPAR919529203" load-source="docdb" sequence="2" format="epo"><addressbook><last-name>ANGEL MAXIMILIAN</last-name><address><country>DE</country></address></addressbook></inventor><inventor mxw-id="PPAR919507948" load-source="docdb" sequence="2" format="intermediate"><addressbook><last-name>ANGEL, MAXIMILIAN</last-name></addressbook></inventor><inventor mxw-id="PPAR919006209" load-source="patent-office" sequence="2" format="original"><addressbook><last-name>ANGEL, MAXIMILIAN</last-name><address><street>Bayernstr.12</street><city>67105 Schifferstadt</city><country>DE</country></address></addressbook></inventor><inventor mxw-id="PPAR919511458" load-source="docdb" sequence="3" format="epo"><addressbook><last-name>LINNER BERNHARD</last-name><address><country>DE</country></address></addressbook></inventor><inventor mxw-id="PPAR919536043" load-source="docdb" sequence="3" format="intermediate"><addressbook><last-name>LINNER, BERNHARD</last-name></addressbook></inventor><inventor mxw-id="PPAR919008660" load-source="patent-office" sequence="3" format="original"><addressbook><last-name>LINNER, BERNHARD</last-name><address><street>Max-Slevogt-Str.12</street><city>67240 Bobenheim-Roxheim</city><country>DE</country></address></addressbook></inventor></inventors></parties><international-convention-data><pct-or-regional-filing-data ucid="EP-2012053232-W"><document-id><country>EP</country><doc-number>2012053232</doc-number><kind>W</kind><date>20120227</date><lang>DE</lang></document-id></pct-or-regional-filing-data><pct-or-regional-publishing-data ucid="WO-2012116941-A1"><document-id><country>WO</country><doc-number>2012116941</doc-number><kind>A1</kind><date>20120907</date><lang>DE</lang></document-id></pct-or-regional-publishing-data><designated-states><ep-contracting-states><country mxw-id="DS549767649" load-source="docdb">AL</country><country mxw-id="DS549917569" load-source="docdb">AT</country><country mxw-id="DS549767650" load-source="docdb">BE</country><country mxw-id="DS549848354" load-source="docdb">BG</country><country mxw-id="DS549849607" load-source="docdb">CH</country><country mxw-id="DS549779941" load-source="docdb">CY</country><country mxw-id="DS549917570" load-source="docdb">CZ</country><country mxw-id="DS549767651" load-source="docdb">DE</country><country mxw-id="DS549779942" load-source="docdb">DK</country><country mxw-id="DS549779943" load-source="docdb">EE</country><country mxw-id="DS549863888" load-source="docdb">ES</country><country mxw-id="DS549848355" load-source="docdb">FI</country><country mxw-id="DS549848356" load-source="docdb">FR</country><country mxw-id="DS549767652" load-source="docdb">GB</country><country mxw-id="DS549779944" load-source="docdb">GR</country><country mxw-id="DS549767657" load-source="docdb">HR</country><country mxw-id="DS549917571" load-source="docdb">HU</country><country mxw-id="DS549849608" load-source="docdb">IE</country><country mxw-id="DS549779957" load-source="docdb">IS</country><country mxw-id="DS549848357" load-source="docdb">IT</country><country mxw-id="DS549779958" load-source="docdb">LI</country><country mxw-id="DS549767327" load-source="docdb">LT</country><country mxw-id="DS549917572" load-source="docdb">LU</country><country mxw-id="DS549767328" load-source="docdb">LV</country><country mxw-id="DS549767337" load-source="docdb">MC</country><country mxw-id="DS549849669" load-source="docdb">MK</country><country mxw-id="DS549849682" load-source="docdb">MT</country><country mxw-id="DS549917573" load-source="docdb">NL</country><country mxw-id="DS549767658" load-source="docdb">NO</country><country mxw-id="DS549779959" load-source="docdb">PL</country><country mxw-id="DS549767338" load-source="docdb">PT</country><country mxw-id="DS549917574" load-source="docdb">RO</country><country mxw-id="DS549767339" load-source="docdb">RS</country><country mxw-id="DS549779960" load-source="docdb">SE</country><country mxw-id="DS549767340" load-source="docdb">SI</country><country mxw-id="DS549767659" load-source="docdb">SK</country><country mxw-id="DS549779973" load-source="docdb">SM</country><country mxw-id="DS549849683" load-source="docdb">TR</country></ep-contracting-states></designated-states></international-convention-data><office-specific-data><eptags><ep-no-a-document-published>*</ep-no-a-document-published></eptags></office-specific-data></bibliographic-data><abstract mxw-id="PA99836412" ref-ucid="WO-2012116941-A1" lang="DE" load-source="patent-office"><p num="0000">Verfahren zur Herstellung von pulverförmigen Überzugsmitteln aus wässrigen Polymerdispersionen, enthaltend i) als Komponente A ein durch radikalische Polymerisation erhaltenes Polymer aus a) Ν,Ν-Diethylaminoethylmethacrylat, und b) wenigstens eine radikalisch polymerisierbare Verbindung, ausgewählt unter Estern α,β-ethylenisch ungesättigter Mono- und Dicarbonsäuren mit C<sub>1</sub>-C<sub>8</sub>-Alkanolen, dadurch gekennzeichnet, dass die wässrige Polymerdispersion durch Sprühverfahren in Gegenwart eines Trocknungsgases in Pulver überführt wird, wobei die Eingangstemperatur des Trocknungsgases in die Sprühvorrichtung mindestens 20°C über der Glasübergangstemperatur liegt und mindestens 20°C über der Mindestfilmbildetemperatur des Polymers liegt des Polymeren liegt und die Ausgangstemperatur des Trocknungsgases aus der Sprühvorrichtung bei 40 bis 85°C gehalten wird.</p></abstract><abstract mxw-id="PA100332184" ref-ucid="WO-2012116941-A1" lang="DE" source="national office" load-source="docdb"><p>Verfahren zur Herstellung von pulverförmigen Überzugsmitteln aus wässrigen Polymerdispersionen, enthaltend i) als Komponente A ein durch radikalische Polymerisation erhaltenes Polymer aus a) ?,?-Diethylaminoethylmethacrylat, und b) wenigstens eine radikalisch polymerisierbare Verbindung, ausgewählt unter Estern a,ß-ethylenisch ungesättigter Mono- und Dicarbonsäuren mit C1-C8-Alkanolen, dadurch gekennzeichnet, dass die wässrige Polymerdispersion durch Sprühverfahren in Gegenwart eines Trocknungsgases in Pulver überführt wird, wobei die Eingangstemperatur des Trocknungsgases in die Sprühvorrichtung mindestens 20°C über der Glasübergangstemperatur liegt und mindestens 20°C über der Mindestfilmbildetemperatur des Polymers liegt des Polymeren liegt und die Ausgangstemperatur des Trocknungsgases aus der Sprühvorrichtung bei 40 bis 85°C gehalten wird.</p></abstract><abstract mxw-id="PA99836413" ref-ucid="WO-2012116941-A1" lang="EN" load-source="patent-office"><p num="0000">The invention relates to a method for producing powdery coating agents from aqueous polymer dispersions, containing i) as component A a polymer, obtained by radical polymerization, made of a) N,N-diethylaminoethyl methacrylate, and b) at least one radically polymerizable compound, selected among esters of α,β-ethylenically unsaturated monocarboxylic and dicarboxylic acids containing C<sub>1</sub>-C<sub>8</sub>-alkanols, characterized in that the aqueous polymer dispersion is transferred into a powder by spray methods in the presence of a drying gas, wherein the input temperature of the drying gas in the spray device is at least 20ºC above the glass transition temperature and at least 20ºC above the minimum film formation temperature of the polymer, and the output temperature of the drying gas from the spray device is maintained at 40 to 85ºC.</p></abstract><abstract mxw-id="PA100332185" ref-ucid="WO-2012116941-A1" lang="EN" source="national office" load-source="docdb"><p>The invention relates to a method for producing powdery coating agents from aqueous polymer dispersions, containing i) as component A a polymer, obtained by radical polymerization, made of a) N,N-diethylaminoethyl methacrylate, and b) at least one radically polymerizable compound, selected among esters of a,ß-ethylenically unsaturated monocarboxylic and dicarboxylic acids containing C1-C8-alkanols, characterized in that the aqueous polymer dispersion is transferred into a powder by spray methods in the presence of a drying gas, wherein the input temperature of the drying gas in the spray device is at least 20ºC above the glass transition temperature and at least 20ºC above the minimum film formation temperature of the polymer, and the output temperature of the drying gas from the spray device is maintained at 40 to 85ºC.</p></abstract><abstract mxw-id="PA99836414" ref-ucid="WO-2012116941-A1" lang="FR" load-source="patent-office"><p num="0000">Procédés de production d'agents d'enrobage pulvérulents à base de dispersions polymères aqueuses, comportant i) comme composant A, un polymère obtenu par polymérisation radicalaire à base de a) Ν,Ν-diéthylaminoéthylméthacrylate et de b) au moins un composé polymérisable par des radicaux, sélectionné parmi des esters d'acides monocarboxyliques et dicarboxyliques α,β-éthyléniquement insaturés et comportant des alcanols en C1-C8. L'invention est caractérisée en ce que la dispersion polymère aqueuse est transformée en poudre par un procédé de pulvérisation en présence d'un gaz séchant, la température d'entrée du gaz séchant dans le dispositif de pulvérisation dépassant d'au moins 20°C la température de transition vitreuse et d'au moins 20°C la température filmogène minimale du polymère, et la température de sortie du gaz séchant du dispositif de pulvérisation étant maintenue entre 40 et 85°C.</p></abstract><abstract mxw-id="PA100332186" ref-ucid="WO-2012116941-A1" lang="FR" source="national office" load-source="docdb"><p>Procédés de production d'agents d'enrobage pulvérulents à base de dispersions polymères aqueuses, comportant i) comme composant A, un polymère obtenu par polymérisation radicalaire à base de a) ?,?-diéthylaminoéthylméthacrylate et de b) au moins un composé polymérisable par des radicaux, sélectionné parmi des esters d'acides monocarboxyliques et dicarboxyliques a,ß-éthyléniquement insaturés et comportant des alcanols en C1-C8. L'invention est caractérisée en ce que la dispersion polymère aqueuse est transformée en poudre par un procédé de pulvérisation en présence d'un gaz séchant, la température d'entrée du gaz séchant dans le dispositif de pulvérisation dépassant d'au moins 20°C la température de transition vitreuse et d'au moins 20°C la température filmogène minimale du polymère, et la température de sortie du gaz séchant du dispositif de pulvérisation étant maintenue entre 40 et 85°C.</p></abstract><description mxw-id="PDES51233290" ref-ucid="WO-2012116941-A1" lang="DE" load-source="patent-office"><!-- EPO <DP n="2"/>--><p id="p0001" num="0001"> Herstellung von pulverförmigen Überzugsmitteln für stabile protektive Überzüge für pharmazeutische Dosierungsformen </p><p id="p0002" num="0002">Beschreibung </p><p id="p0003" num="0003">Die vorliegende Erfindung betrifft die Herstellung von pulverförmigen Überzugsmittels für stabile protektive Überzüge für pharmazeutische Dosierungsformen, die zwecks Geschmacksmaskierung oder zum Schutz gegen Feuchtigkeit mit einem Filmüberzug auf Basis eines kationischen Polymers, welches mittels radikalischer Emulsionspolymerisation eines N,N- Diethylaminoethylmethacrylat enthaltenden Monomergemischs erhalten wird, versehen werden, durch Überführen einer wässrigen Dispersion mittels Sprühverfahren in ein freifliessendes Pulver mit guter Redispergierbarkeit. Weiterhin betrifft die Erfindung Verfahren zur Redispergierung der Pulver. </p><p id="p0004" num="0004"> Die DE-AS 2512238 lehrt zur Bereitstellung von Bindemitteln für Arzneimittelüberzüge mit ge- ringem Restmonomerengehalt die Verwendung eines durch Sprühtrocknen einer Polymerdispersion erhaltenen Pulvers zur Herstellung von Überzugslösungen für diese Arzneiformen. Bezüglich der zur Sprühtrocknung eingesetzten Dispersionen wird auf die DE 1090381 , DE 1219175 und DE 2135073 Bezug genommen. Die DE 3049179 A1 ist eine Zusatzanmeldung zur DE 2512238 und betrifft die Verwendung eines durch Sprühtrocknen nach der Lehre des letztgenannten Dokuments gewonnenen Pulvers in Form einer wässrigen Suspension, die zusätzlich ein Weichmachungsmittel enthält, zur Herstellung von Überzügen durch Thermogelierung. Die WO 00/05307 beschäftigt sich mit der Bereitstellung von Überzugs- und Bindemitteln für Arzneiformen, die (Meth)acrylat-Copolymere enthalten, die Monomerreste mit tertiären Ami- nogruppen aufweisen, wobei eine einfache trockene oder wässrige Weiterverarbeitung möglich sein soll. Dazu lehrt dieses Dokument ein Verfahren, bei dem man (a) ein Copolymer aus Ci- C4-Estern der (Meth)acrylsäure und (Meth)acrylat-Monomeren, die tertiäre Ammoniumgruppen aufweisen, (b) einen Weichmacher und (c) einen Emulgator mit einem HLB-Wert von mindestens 14 miteinander vermengt und daraus das Überzugs- oder Bindemittel durch Schmelzen, Gießen, Ausstreichen oder Aufsprühen herstellt, wobei das Copolymer (a) in Pulverform mit einer mittleren Teilchengröße von 1 bis 40 μιη eingebracht wird. Die dabei erzielte Verarbeit- barkeit wird der Bereitstellung des Copolymeren (a) in Pulverform mit extrem geringer Korngrö- ße zugeschrieben. </p><p id="p0005" num="0005">Die WO 02/067906 betrifft Überzugs- und Bindemittel mit verbesserter Wasserdampfdurchlässigkeit gegenüber den in der WO 00/05307 beschriebenen. Dabei erfolgt die Herstellung der Überzugs- und Bindemittel mit einer Mischung, die (a) ein Copolymer aus Ci-C4-Estern der (Meth)acrylsäure und weitere (Meth)acrylat-Monomere mit funktionellen tertiären Ammoniumgruppen in Pulverform mit einer mittleren Teilchengröße von 1 bis 40 μιη, (b) einen Emulga- 
<!-- EPO <DP n="3"/>-->
 tor mit einem HLB-Wert von mindestens 14 und (c) eine Ci2-Ci8-Monocarbonsäure oder eine Ci2-Ci<sub>8</sub>-Hydroxylverbindung enthält. </p><p id="p0006" num="0006">Die WO 2004/019918 beschreibt Überzugs- und Bindemittel, die bezüglich ihrer Zusammenset- zung den in der WO 00/05307 und WO 02/067906 beschriebenen entsprechen. </p><p id="p0007" num="0007">Gemäß der US 6,696,085 B2 soll ein Methacrylsäure-Copolymer Typ C als Zerfallsmittel eingesetzt werden. Das Methacrylsäure-Copolymer Typ C ist ein magensaft-resistentes Polymer, welches im sauren pH-Bereich nicht löslich ist, im pH-Bereich von 7, wie er in der Mundhöhle vorliegt, aber wasserlöslich ist. Die Tabletten weisen neben einer niedrigen Bruchfestigkeit (&lt;20N) eine hohe Friabilität (&gt;7%) auf und beinhalten einen hohen Anteil im Bereich von 15Gew.-% eines grobkörnigen Sprengmittels. Sie besitzen folglich eine niedrige mechanische Festigkeit und erzeugen aufgrund des hohen Anteils an grobkörnigem Sprengmittel ein unangenehmes, sandiges Mundgefühl. </p><p id="p0008" num="0008">In der EP88951 A2 ist ein Verfahren zum Überziehen von Arzneimitteln mittels eines in Wasser dispergierten Überzugsmittels auf Basis von Emulsionspolymerisaten beschrieben, wo bei die Überzugsmittel partiell in Salzform vorliegen können. Die Überzugsmittel können auch aus re- dispergierten Pulvern erhalten werden, wobei als grundsätzlich geeignete Methoden die Verfah- ren der Sprühtrocknung und der Gefriertrocknung genannt werden. Allerdings wird in diesem Zusammenhang auch ausgeführt, dass die Gefriertrocknung auch an der unteren Grenze des Bereichs geeigneter Glastemperaturen noch anwandbar sei. Konkret beschreiben werden entweder durch Gefriertrocknung erhaltene Pulver oder ein sprühgetrocknetes Produkt aus 30 % Methacrylsäure und 70 % Methylmethacrylat, dass aufgrund seiner Zusammensetzung eine hohe Glasübergangstemperatur aufweist. </p><p id="p0009" num="0009">In der WO 97/42255 ist die Sprühtrocknung von in wässriger Lösung redispergierbaren Polymerpulvern, enthaltend freie säuren- oder basen-gruppentragende Copolymere, durch Sprühtrocknung beschrieben, wobei vor der Sprühtrocknung die pH-Werte der Dispersionen mit Hilfe eine Puffersystems eingestellt werden müssen. </p><p id="p0010" num="0010">In der EP 262326 A2 ist ein Verfahren zur Herstellung eines redispergierbaren Kunststoffpul- vers beschrieben, bei dem eine wässrige Dispersion eines Copolymers aus (Meth)acrylsäure und (Meth)acrylsäureestern mit einer Mindestfilmbildetemperatur unter 60°C und einer dynami- sehen Einfriertemperatur unter 150°C so sprühgetrocknet wrid, dass die Eingangstemperatur des Trocknungsgases über der Mindestfilmbildetemperatur und unter der Einfriertemperatur liegt. </p><p id="p0011" num="0011">Aus der WO 2009/016258 ist die Herstellung der wässrigen Polymerdispersionen kationischer Polymere auf Basis von Ν,Ν-Diethylaminoethylmethacrylat wie sie erfindungsgemäß zum Einsatz kommen und deren Verwendung zum Überziehen von Arzneistoffen bekannt. Der Einsatz in Pulverform ist nur ganz allgemein erwähnt. Hinzu kommt, dass die Polymere aufgrund ihrer 
<!-- EPO <DP n="4"/>-->
 niedrigen Glasübergangstemperatur eine unerwünschte Neigung zur Agglomeration zeigen können und damit verarbeitungstechnisch hohe Anforderungen stellen. </p><p id="p0012" num="0012">Der vorliegenden Erfindung liegt die Aufgabe zu Grunde, freifliessende pulverförmige Filmüberzugsmittel mit guter Redispergierbarkeit in Wasser zu finden, die für pharmazeutische Dosierungsformen, die auch bei längerer oder temperaturbelastender Lagerung keine Veränderung im Freisetzungsverhalten aufweisen, geeignet sind. Eine besondere Anforderung an die zu findenden redispergierten Überzugsmittel ist die Erzeugung von kleinteiligen Dispersionen mit engen Teilchengrößenverteilungen und die Vermeidung von Koagulatbildung. </p><p id="p0013" num="0013">Demgemäß wurde ein Verfahren zur Herstellung von pulverförmigen Überzugsmitteln aus wässrigen Polymerdispersionen, enthaltend </p><p id="p0014" num="0014">i) als Komponente A ein durch radikalische Polymerisation erhaltenes Polymer aus a) Ν,Ν-Diethylaminoethylmethacrylat, und b) wenigstens eine radikalisch polymerisierbare Verbindung, ausgewählt unter Estern α,β-ethylenisch ungesättigter Mono- und Dicarbonsäuren mit Ci-Ce-Alkanolen, </p><p id="p0015" num="0015">gefunden, welches dadurch gekennzeichnet ist, dass die wässrige Polymerdispersion durch Sprühverfahren in Gegenwart eines Trocknungsgases in freifliessende Pulver überführt wird, wobei die Eingangstemperatur des Trocknungsgases in die Sprühvorrichtung mindestens 20°C über der Glasübergangstemperatur und mindestens 20°C über der Mindestfilmbildetemperatur des Polymers liegt und die Ausgangstemperatur des Trocknungsgases aus der Sprühvorrich- tung bei 40 bis 85°C gehalten wird. </p><p id="p0016" num="0016">Gemäß einer weiteren Ausführungsform liegt die Eingangstemperatur des Trockengases mindestens 20°C über der dynamischen Einfriertemperatur und mindestens 20°C über der dynami- sehen Einfriertemperatur und mindestens 20°C über der Mindestfilmbildetemperatur des Polymers und wobei die Ausgangstemperatur des Trocknungsgases aus der Sprühvorrichtung bei 40 bis 85°C beträgt. </p><p id="p0017" num="0017">Vorzugsweise liegt die Eingangstemperatur des Trocknungsgases in die Sprühvorrichtung min- destens 40°C über der Glasübergangstemperatur und mindestens 40°C über der Mindestfilmbildetemperatur des Polymers. </p><p id="p0018" num="0018">Gemäß einer Ausführungsform der Erfindung liegt die Eingangstemperatur des Trockengases mindestens 20°C über der dynamischen Einfriertemperatur und mindestens 40°C über der dy- namischen Einfriertemperatur und mindestens 40°C über der Mindestfilmbildetemperatur des Polymers. Gemäß einer weiteren Ausführungsform und/oder mindestens 40°C über der dynamischen Einfriertemperatur. 
<!-- EPO <DP n="5"/>-->
 Für alle oben genannten Ausführungsformen beträgt die Ausgangstemperatur des Trocknungsgases vorzugsweise 45 bis 70°C </p><p id="p0019" num="0019">Gemäß einer weiteren bevorzugten Ausführungsform erfolgt die Überführung in freifliessende Pulver durch agglomerierende Sprühtrocknung. </p><p id="p0020" num="0020"> Gemäß einer weiteren bevorzugten Ausführungsform werden die Polymere vor oder nach dem Sprühverfahren mit Säuren teilneutralisiert. </p><p id="p0021" num="0021">Eine weitere Ausführungsform betrifft die Durchführung eines Sprühverfahrens in Gegenwart von weiteren Polymeren und/oder weiteren Hilfsstoffen. </p><p id="p0022" num="0022">Weiterhin wurde die Verwendung der so erhaltenen Pulver als pharmazeutische Überzugsmittel gefunden. Vorzugsweise werden die Überzugsmittel durch Redispergierung in Wasser erhalten, wobei das durch ein Sprühverfahren erhaltene Pulver unter Einsatz von niedrig-scherenden Rührvorrichtungen bei Umdrehungen bis 1000 Upm redispergiert wird. Überraschenderweise können auch hoch-scherende Dispergiervorrichtungen bei Umdrehungen von &gt; 5000 Upm verwendet werden. Dies kann erfindungsgemäß erfolgen, ohne dass die bei der Redisperdierung gebildeten feinen Teilchen agglomerieren und die Zubereitung koaguliert. </p><p id="p0023" num="0023">Freifliessende Pulver im Sinne der vorliegenden Erfindung bedeutet, dass die Pulver bei der Bestimmung der Fließfähigkeit nach der DIN ISO 4324 unter Verwendung des Gerätes nach Pfrengle ohne Rührhilfe frei und vollständig aus dem Trichter ausfließen. </p><p id="p0024" num="0024">Die für die Sprühverfahren verwendeten Überzugsmittel basieren auf wässrigen Polymerdispersionen, welche durch radikalische Emulsionspolymerisation eines Monomergemischs M), ent- haltend a) Ν,Ν-Diethylaminoethylmethacrylat, und b) wenigstens eine radikalisch polymerisierbare Verbindung, ausgewählt unter Estern α,β- ethylenisch ungesättigter Mono- und Dicarbonsäuren mit Ci-Ce-Alkanolen, in einem wässrigen Medium bei einem pH-Wert von wenigstens 8, erhalten werden. </p><p id="p0025" num="0025">Die Überzugsmittel in Form von wässrigen Polymerdispersionen enthalten vorzugsweise keine zusätzlichen organischen Lösungsmittel. </p><p id="p0026" num="0026">Erfindungsgemäß dienen die Überzugsmittel zur Herstellung von pharmazeutischen Dosierungsformen, die im sauren Milieu des Magens schnell freisetzend sein sollen. D.h. die erfin- dungsgemäßen Überzüge sind magensaftlöslich. Schnell freisetzend bedeutet in diesem Zusammenhang, dass nach 60 min mindestens 80 % des Wirkstoffs freigesetzt sind. Erfindungs- 
<!-- EPO <DP n="6"/>-->
 gemäß erhaltene Überzüge sollen sich in Mundhöhle und Rachen im neutralen oder nahezu neutralen Milieu des Speichels nicht auflösen. </p><p id="p0027" num="0027"> Die erfindungsgemäßen Überzugsmittel können zur Geschmacksmaskierung oder zum Schutz vor Feuchtigkeit verwendet werden. Die Wasserdampfpermeabilität der Überzüge ist sehr nied- rig, wodurch feuchtigkeitsempfindliche Wirkstoffe geschützt werden. </p><p id="p0028" num="0028">Zur Herstellung der Polymerisate durch radikalische Emuslionspolymerisation wird hiermit ausdrücklich auf die Offenbarung der WO 2009/016258 Bezug genommen, in der die Herstellung und bevorzugte Ausführungsformen bezüglich Herstellung sowie Zusammensetzung ausführlich beschrieben sind. </p><p id="p0029" num="0029">In einer besonders bevorzugten Ausführungsform des erfindungsgemäßen Verfahrens wird eine Polymerdispersion eingesetzt, die aus einem Monomergemisch M), das aus </p><p id="p0030" num="0030">43 bis 47 Gew.- %, bezogen auf das Gesamtgewicht der zur Polymerisation eingesetzten Monomere, Ν,Ν-Diethylaminoethylmethacrylat a), und </p><p id="p0031" num="0031">53 bis 57 Gew.- %, bezogen auf das Gesamtgewicht der zur Polymerisation eingesetzten Monomere, wenigstens einer Verbindung b), insbesondere Methyl methacrylat, besteht, erhalten wird. </p><p id="p0032" num="0032">Die in den Dispersionen enthaltenen Polymere weisen vorzugsweise ein mittels </p><p id="p0033" num="0033">Gelpermeationschromatographie bestimmtes mittleres Molekulargewicht M<sub>w</sub> im Bereich von 30000 bis 500000, besonders bevorzugt 60000 bis 140000, insbesondere 80000 bis 120000 g/mol, auf. </p><p id="p0034" num="0034">Die in den Dispersionen Pd) enthaltenen Polymere weisen vorzugsweise einen K-Wert </p><p id="p0035" num="0035">(bestimmt nach Fikentscher an einer 1 %igen Lösung in N-Methylpyrrolidon (NMP)) im Bereich von 40 bis 60 auf. </p><p id="p0036" num="0036">Die Glasübergangstemperatur TG bestimmt mittels DSC„Differential Scanning Calorimetry" liegt vorzugsweise in einem Bereich von 40 bis 70°C, besonders bevorzugt 52 bis 62°C. Dabei werden die Proben zunächst auf 150°C aufgeheizt und dann von 150°C schnell abgekühlt. Die Messung der Glasübergangstemperatur erfolgt mit einer Heizrate von 20°K/min. </p><p id="p0037" num="0037">Die Mindestfilmbildetemperatur wird nach der in der DIN ISO 2115 beschriebenen Methode bestimmt und liegt im Bereich von 40 bis 70°C, vorzugsweise 50 bis 65°C. Die Messgenauigkeit der Methode liegt im Bereicht von +/- 5°C. </p><p id="p0038" num="0038">Bei den in den Dispersionen enthaltenen Polymeren handelt es sich im Wesentlichen um statistische Copolymere. 
<!-- EPO <DP n="7"/>-->
 Der mittlere Teilchendurchmesser der in der Polymerdispersion enthaltenen Polymerteilchen (bestimmt mittels analytischer Ultrazentrifuge) liegt vorzugsweise in einem Bereich von 70 bis 200 nm, besonders bevorzugt von 80 bis 150 nm, insbesondere von 90 bis 120 nm Die Teil- chengrößenverteilung ist vorzugsweise im Wesentlichen unimodal. </p><p id="p0039" num="0039">Der LD-Wert der erfindungsgemäßen Dispersionen, bestimmt an einer 0,01 %igen Dispersion in Wasser (2,5 cm Küvette, weißes Licht) beträgt vorzugsweise wenigstens 70 %, besonders bevorzugt wenigstens 80 %. Die Bestimmung der Lichtdurchlässigkeit wird z. B. in Dieter Distler, Wässrige Polymerdispersionen, Wiley-VCH (1999), S. 40, beschrieben. </p><p id="p0040" num="0040">Der Feststoffgehalt der erfindungsgemäß für die Sprühverfahren eingesetzten Dispersionen beträgt vorzugsweise 10 bis 50 Gew.-%, besonders bevorzugt 20 bis 40 Gew.-%. Im Falle einer vorherigen Reinigung der Dispersion mittels Ultrafiltration weisen die erfindungsgemäß eingesetzten Dispersionen vorzugsweise vor und nach der Ultrafiltration Feststoffgehalte auf, die in diesen Bereichen liegen. Selbstverständlich ist es ebenfalls möglich, eine verdünnte Polymerdispersion vor dem Sprühverfahren einer Aufkonzentrierung durch Ultrafiltration zu unterziehen. Die erfindungsgemäß zur Geschmacksmaskierung verwendeten redispergierbaren Polymerpulver weisen in Wasser bei einem Feststoffgehalt von 20 Gew.-% niedrige Viskositäten von vorzugsweise kleiner 300 mPas, besonders bevorzugt kleiner 200 mPas und insbesondere kleiner 100 mPas auf (Werte bestimmt mittels Brookfield-Viskosimeter bei 20 °C und 100 s <sup>1</sup>). Solche Viskositäten sind für viele Anwendungen von besonderer Bedeutung. </p><p id="p0041" num="0041">Erfindungsgemäß erfolgt die Überführung der wässrigen Polymerdisperionen in die Pulverform mittels Sprühverfahren. Als Sprühverfahren eignen sich prinzipiell die Sprühtrocknung, die agglomerierende Sprühtrocknung, die Sprühgranulation (Sprühwirbelschichttrocknung) oder die Sprühagglomeration. </p><p id="p0042" num="0042">Die im Folgenden genannten Bedingungen für die Durchführung der Zerstäubung und </p><p id="p0043" num="0043">Trocknung beziehen sich auf alle prinzipiell durchführbaren Ausführungsformen des </p><p id="p0044" num="0044">Sprühverfahrens, sei es normale Sprühtrocknung, Sprühgranulation oder agglomerierende Sprühtrocknung. </p><p id="p0045" num="0045">Die Zerstäubung erfolgt vorzugsweise als hydrodynamische Zerstäubung durch </p><p id="p0046" num="0046">Flüssigkeitsdruck oder Luftdruck über Düsen wie beispielsweise Einstoff- oder Mehrstoff-Düsen oder über Zerstäubungsscheiben. </p><p id="p0047" num="0047">Als Sprühvorrichtungen eignen sich herkömmliche Sprühtürme, in die die zu zerstäubende Polymerdispersion von oben eingeführt wird. Die erhaltenen Polymerpulver können am unteren 
<!-- EPO <DP n="8"/>-->
 Ende ausgetragen werden und in einem nachgeschalteten Zyklon vom Trocknungsgasstrom abgeschieden werden. </p><p id="p0048" num="0048">Als Trocknungsgase können Luft oder inerte Gase wie Stickstoff, Argon oder Helium verwendet werden. Die Trocknungsgase können im Gegenstrom oder im Gleichstrom zu den durch die Zerstäubung erzeugten Flüssigkeitströpfchen durch die Sprühvorrichtung geleitet werden. </p><p id="p0049" num="0049">Vorzugsweise wird das Trocknungsgas im Gleichstrom eingesetzt. Die Eingangstemperatur des Trocknungsgases wird mindestens 20°C, vorzugsweise mindestens 40°C über der </p><p id="p0050" num="0050">Glasübergangstemperatur und gemäß einer Ausführungsform auch mindestens 20°C bevorzugt mindestens 40°C, über der dynamischen Einfriertemperatur und mindestens 20°C, bevorzugt mindestens 40°C, über der Mindestfilmbildetemperatur des Polymers gehalten. Die Eingangstemperatur des Trocknungsgases in die Sprühvorrichtung wird besonders bevorzugt bei 100 bis 140°C und die Ausgangstemperatur des Trocknungsgases aus der Sprühvorrichtung bei 45 bis 70°C gehalten. Ganz besonders bevorzugt wird die Eingangstemperatur des Trocknungsga- ses in die Sprühvorrichtung bei 1 10 bis 130°C und die Ausgangstemperatur des Trocknungsgases aus der Sprühvorrichtung bei 50 bis 60°C gehalten. Die Ausgangstemperatur des Trocknungsgases liegt ganz besonders bevorzugt im gleichen Temperaturbereich plus/minus 5°C wie die Mindestfilmbildetemperatur. Die Verdampfung des Wassers in der Sprühvorrichtung kann sowohl bei Normaldruck als auch bei 0.06 bis 0.12 MPa erfolgen. </p><p id="p0051" num="0051">Bei der Durchführung der Sprühverfahren können den wässrigen Polymerdispersionen auch polymere Sprühhilfsmittel wie Polyvinylalkohole, Mischungen aus Polyvinylalkohol und einem aus Polyethylenglykol als Pfropfgrundlage und Polyvinylalkohol-Seitenketten bestehenden</p><p id="p0052" num="0052">Pfropfcopolymer (kommerziell verfügbar als Kollicoat® Protect), Polyvinylpyrrolidone,alkylierte und/oder hydroxyalkylierte Cellulosen, Stärkederivate, Ligninsulfonate, Polyacrylsäuren oder Polyacrylamide zugegeben werden. Geeignete Mengen solcher Sprühhilfsmittel liegen im Bereich von 0,1 bis 30, vorzugsweise 1 bis 10 Gew.-%, bezogen auf den Feststoffgehalt. </p><p id="p0053" num="0053">Weiterhin können den wässrigen Polymerdisperionen auch Antiblockiermittel zugegeben werden. Geeignete Antiblockiermittel sind z.B. Aluminium-Silikate wie Bentonit, weiterhin Kieselgur, kolloidale Kieselsäure, gefällte Kieselsäure, Diaatomeenerde, Calciumcarbonat, Titandioxid, Zinkoxid, Magnesiumsilikate wie Talkum oder Tricalciumphosphat. Geeignete Mengen solcher Antiblockiermittel liegen im Bereich von 0,1 bis 15, vorzugsweise 0,5 bis 5 Gew.-%, bezogen auf den Feststoffgehalt. </p><p id="p0054" num="0054">Prinzipiell können den wässrigen Polymerdispersionen auch übliche Coatinghilfsstoffe hinzugefügt werden. Geeignete Hilfsstoffe können sein: Aromastoffe, geschmacksverbessernde Stoffe, Süßungsmittel (Zucker, Zuckeralkohole, Süßstoffe wie z. B. Aspartame, Saccharin-Na, Natriumcyclamat), Gleitmittel, Netzmittel, Trennmittel, Antiklebemittel, Stabilisatoren, Antioxidantien, Porenbildner, Neutralisierungsmittel, Glanzmittel, Farbstoffe, Pigmente, Desinfektions- 
<!-- EPO <DP n="9"/>-->
 oder Konservierungsmittel, Verdickungsmittel oder Weichmacher. Geeignete Hilfsmittel sind z. B. in Fiedler, H. P. Lexikon der Hilfsstoffe für Pharmazie, Kosmetik und angrenzende Gebiete, 4. Aufl., Aulendorf: ECV-Editio-Cantor-Verlag, 1996, beschrieben. Wie bereits erwähnt betrifft eine Ausführungsform der Erfindung die konventionelle </p><p id="p0055" num="0055"> Sprühtrocknung, bei der die zu trocknende wässrige Polymerdispersion zerstäubt und im Gasstrom des Trocknungsgases getrocknet und auf diese Weise in Pulverform überführt wird. </p><p id="p0056" num="0056">Gemäß einer weiteren Ausführungsform kann die Überführung in Pulver durch eine </p><p id="p0057" num="0057">Sprühgranulierung erfolgen. Dazu wird die zu trocknende wässrige Polymerdispersion ebenfalls zerstäubt und die erzeugten Tröpfchen gelangen dann in einem Wirbelbett in Kontakt mit vorgelegten Saatpartikeln, Durch dieses Inkontaktbringen der Saatpartikel mit den Tröpfchen der wässrigen Polymerdispersion wachsen die Saatteilchen zu größeren Granulatteilchen heran, wobei sich eine zwiebelschalenartige Struktur um das als Saatgut verwendete Teilchen ausbildet. </p><p id="p0058" num="0058">Gemäß einer bevorzugten Ausführungsform der Erfindung erfolgt die Überführung in die Pulverform mit Hilfe der agglomerierenden Sprühtrocknung. Dabei wird die Polymerdispersion in ei- nem Sprühturm wie oben beschrieben zerstäubt, wobei gleichzeitig Feinstaub, der aus der</p><p id="p0059" num="0059">Trocknungszone abgeführt wird, in die Zerstäubungszone, in der die wässrige Polymerdispersion in Form von feinen Tröpfchen vorliegt, eingeblasen wird. Die Feinstaubpartikel werden dabei zu größeren Aggregaten mit einer brombeerförmigen Struktur verklebt. Zusätzlich kann auch noch ein Wirbelbett angeschlossen werden, in dem der Wassergehalt der gebildeten Teilchen weiter reduziert werden kann. Die resultierenden Aggregate können Teilchengrößen von 150 bis 1000 μιη bevorzugt von 200 bis 500 μιη aufweisen. Auch bei dieser Ausführungssform wird die Eingangstemperatur mindestens 20°C und bevorzugt mindestens 40°C über der Glasübergangstemperatur, und gemäß einer Ausführungsform auch mindestens 20°C, bevorzugt mindestens 40 °C, über der dynamischen Einfriertemperatur und mindestens 20°C bevorzugt min- destens 40 °C über der Mindestfilmbildetemperatur des Polymers und die Ausgangstemperatur des Trocknungsgases aus der Sprühvorrichtung bei 40 bis 85°C vorzugsweise bei 45 bis 70°C des Polymers gewählt. Bevorzugt wird die Eingangstemperatur des Trocknungsgases in die Sprühvorrichtung bei 100 bis 140°C und die Ausgangstemperatur des Trocknungsgases aus der Sprühvorrichtung bei 45 bis 70°C gehalten. Besonders bevorzugt wird die Eingangstempe- ratur des Trocknungsgases in die Sprühvorrichtung bei 110 bis 130°C und die Ausgangstemperatur des Trocknungsgases aus der Sprühvorrichtung bei 50 bis 60°C gehalten. Die durch Sprühagglomeration erhaltenen brombeerförmigen Strukturen sind nahezu staubfrei und zeigen ein besonders vorteilhaftes Verhalten bei der Redispergierung. Bei allen vorstehend genannten Ausführungsformen können während des Sprühprozesses Sprühhilfsmittel wie z.B. Aluminium-Silikate wie Bentonit, Kieselgur, kolloidale Kieselsäure, gefällte Kieselsäure, Diaatomeenerde, Calciumcarbonat, Titandioxid, Zinkoxid, 
<!-- EPO <DP n="10"/>-->
 Magnesiumsilikate wie Talkum oder Tricalciumphosphat in Mengen von 0,1 bis 15, vorzugsweise 0,5 bis 5 Gew.-%, bezogen auf das Polymerpulver in den Sprühtum eingeblasen werden. Der Restlösemittelgehalt beträgt üblicherweise nicht mehr als 5 Gew.-%, bezogen auf den Feststoffgehalt des Pulvers. </p><p id="p0060" num="0060">Insgesamt richten sich die Teilchengrößen des durch Sprühverfahren entstehenden Pulvers nach der jeweiligen Ausführungsform. Bei einer normalen Sprühtrocknung können mittlereTeil- chengrößen von 10 bis 150 μιη erzielt werden. Bei einer Sprühgranulation wie beispielsweise einer Sprühwirbelschichttrocknung können größere Teilchengrößen von 150 bis zu 1000 μιη erreicht werden. Bei der agglomerierenden Sprühtrocknung können Teilchengrößen von 150 bis 1000 μιη erzielt werden. Gemäß einer weiteren Ausführungsform werden dem Polymer Säuren zugesetzt. Vorzugsweise werden solche Mengen an Säure zugesetzt, dass die basischen Gruppen teilweise in Form der Säuresalze vorliegen. Bevorzugt werden 1 bis 20 mol-%, besonders bevorzugt 2 bis 15 mol-% der basischen Gruppen neutralisiert. Dies kann vor oder nach der Sprühtrocknung erfolgen. So kann beispielsweise die Säure vor der Sprühtrocknung zu der wässrigen Polymerdispersion gegeben werden. Gemäß einer anderen Ausführungsform kann die Säure auch vor oder während der Redispergierung zugesetzt werden. Erfolgt die Einarbeitung der Säure vor der Sprühtrocknung, so kann diese mit üblichen Verfahren in die wässrige Dispersion eingerührt werden. Bei Zugabe nach der Sprühtrocknung erfolgt die Einarbeitung der Säure in das Polymerpulver so, dass zunächst das Polymerpulver in Wasser mittels eines einfachen Rührers grob vor- dispergiert wird, anschließend die Säure zugesetzt wird und durch Weiterrühren die vollständige Redispergierung erreicht wird. Die Redispergierung ist sehr schnell und so liegen schon nach 10min feinteilige Dispergate vor. In einer modifizierten Vorgehensweise kann auch zunächst die Säure in Wasser vorgelegt werden und hierzu unter Rühren das Polymerpulver gegeben werden. Ferner ist es möglich, zunächst Polymerpulver und Säure zu mischen und diese Pulvermi- schung in Wasser einzutragen. </p><p id="p0061" num="0061"> Als Säuren eignen sich anorganische Säuren oder saure Salze wie Kohlensäure (Einpressen von Kohlendioxid), Ammoniumhydrogencarbonat, Natriumhydrogencarbonat, Salzsäure, Schwefelsäure oder Phosphorsäure oder Phosphorsäuresalze wie Natriumdihydrogenphosphat. Weiterhin eignen sich organische Säuren wie Weinsäure, Citronensäure, Milchsäure, Glykol- säure, Äpfelsäure, Malonsäure, Maleinsäure, Bernsteinsäure, Fumarsäure, Asparaginsäure,</p><p id="p0062" num="0062">Glutaminsäure, Gluconsäure oder weitere physiologisch verträgliche Säuren. Selbstverständlich kommen auch polymere Säuren auf natürlicher und/oder synthetischer Basis in Frage. Die genannten Säuren eigenen sich für alle beschriebenen Ausführungsformen. Gemäß einer weiteren Ausführungsform der Erfindung werden Säuren, die unter den Bedingungen des Sprühverfahrens zersetzt werden oder verdampfen, eingesetzt. Nach dieser Ausführungsform liegen die Polymere vor und während des Sprühverfahrens in neutralisierter oder 
<!-- EPO <DP n="11"/>-->
 teilneutralisierter Form vor, während im entstehenden Pulver wieder die freie basische Form vorliegt. </p><p id="p0063" num="0063"> Welche Gewichtsmengen an Surren im Einzelnen verwendet werden, richtet sich nach dem jeweiligen Molekulargewicht und dem oben beschriebenen angestrebten Neutralisationsgrad. </p><p id="p0064" num="0064">Bevorzugt wird die Behandlung mit Säuren so durchgeführt, dass der pH-Wert der wässrigen Dispersion, des Pulvers oder des in Wasser redispergierten Pulvers im Bereich von 5 bis 9 liegt. </p><p id="p0065" num="0065">Besonders bevorzugt erfolg die Zugabe der Säure oder des sauren Salzes so, dass der pH- Wert der wässrigen Dispersion, des Pulvers oder des in Wasser redispergierten Pulvers im Bereich von 6 bis 8 liegt. </p><p id="p0066" num="0066">Die Herstellung von Überzugsmitteln kann z. B. durch inniges Vermischen einer durch Re- dispergieren des erfindungsgemäß erhaltenen Polymerpulvers zu einer wässrigen Polymerdispersion, der vorzugsweise mindestens ein weiterer Hilfsstoff zugesetzt wird, erfolgen. </p><p id="p0067" num="0067">Gemäß einer bevorzugten Ausführungsform wird während oder nach dem Sprühverfahren dem entstehenden Polymerpulver Siliciumdioxid zugesetzt. </p><p id="p0068" num="0068">Geeignete zusätzliche Hilfsstoffe können sein: Aromastoffe, geschmacksverbessernde Stoffe, Süßungsmittel (Zucker, Zuckeralkohole, Süßstoffe wie z. B. Aspartame, Saccharin-Na, Natri- umcyclamat), Gleitmittel, Netzmittel, Trennmittel, Antiklebemittel, Stabilisatoren, Antioxidantien, Porenbildner, Neutralisierungsmittel, Glanzmittel, Farbstoffe, Pigmente, Desinfektions- oder Konservierungsmittel, Verdickungsmittel, Weichmacher etc. Solche Stoffe sind z. B. in Fiedler, H. P. Lexikon der Hilfsstoffe für Pharmazie, Kosmetik und angrenzende Gebiete, 4. Aufl., Aulendorf: ECV-Editio-Cantor-Verlag, 1996, beschrieben. Gemäß einer Ausführungsform der Erfindung wird zur Herstellung des Überzugsmittels das</p><p id="p0069" num="0069">Ν,Ν-Diethylaminoethylmethacrylat-basierende Polymerpulver vor der Redisergierung in Wasser gemahlen. Die Mahlung kann auch in Gegenwart der genannten zusätzlichen Hilfsstoffe erfolgen. Übliche Mengen der Hilfsstoffe liegen in einem Bereich von jeweils 0 bis 70 Gew.-%, bevorzugt 0 bis 60 Gew.-%, insbesondere 1 bis 50 Gew.-%, bezogen auf das Gesamtgewicht des Feststoffes des Überzugsmittels. </p><p id="p0070" num="0070">Das aus den erfindungsgemäßen Pulvern erhaltene Überzugsmittel kann aber auch in Pulver- form auf die pharmazeutischen Dosierungsformen aufgetragen werden. </p><p id="p0071" num="0071"> Der Auftrag kann auch in wässriger Form durch Granulieren, Gießen, Ausstreichen oder mittels Sprühauftrag erfolgen. 
<!-- EPO <DP n="12"/>-->
 Bevorzugt ist die Anwendung als durch Redispergierung erhaltene wässrige Polymerdispersion. Grundsätzlich eignet sich jede Dispergiervorrichtung für die Redispergierung. Dabei erfolgt die Redispergierung vorzugsweise unter Anwendung niedriger Scherkräfte, vorzugsweise mittels eines Blatt, Propeller, Ankerrührers oder eines vergleichbaren Rührwerkzeuges. Die erfindungsgemäßen Polymerpulver redispergieren hierbei spontan und schnell. Die Redispergierung der Polymerpulver in Wasser ist üblicherweise in 10 min abgeschlossen. </p><p id="p0072" num="0072">Diesen redispergierten Zubereitungen können für den Coatingauftrag erforderliche weitere Komponenten zugesetzt werden. Solche Komponenten sind insbesondere Weichmacher wie z.B. Triethylcitrat, Tributylcitrat, Diethylsebacat, Dibutylsebacat, Acetyltriethylcitrat. </p><p id="p0073" num="0073">Überraschenderweise überstehen die feinteiligen Dispersionen auch sehr hohe Scherkräfte wie beispielsweise in einer Rotor-Stator-Vorrichtung, die auch Ultra-turrax genannt wird oder einer Kolloidmühle. Die Eintragung hoher Scherkräfte wird in einer Rotor-Stator-Vorrichtung über die Umdrehungszahl der Vorrichtung geregelt. Vorzugsweise erfolgt die Redispergierung mit Hilfe einer Dispergiervorrichtung bei &lt; 5000 Upm. Dieses Verfahren ist insbesondere von Vorteil wenn zusätzlich in die Dispersion weitere grobteilige Zusatzstoffe oder agglomerierte Zusatzstoffe eingearbeitet werden müssen, die einer besonderen Zerkleinerung bedürfen. Es entfällt somit die separate Zerkleinerung dieser Zusatzstoffe in Wasser und spätere Zugabe zum redispergierten Polymerpulver. </p><p id="p0074" num="0074"> In einer besonderen Ausführungsform werden aus den erfindungsgemäßen redispergierbaren Polymerpulvern durch Vermischen mit weiteren üblichen vorstehend beschriebenen Coating- bestandteilen bzw. Zusatzstoffen sogenannte ready-to use Zubereitungen hergestellt, die alle erforderlichen Bestandteile eine Coatings enthalten. Diese liegen in Pulver- oder Granulatform vor. Der Anwender braucht diese zur Herstellung einer sprühfertigen Suspension nur noch in Wasser einzurühren. Die Herstellung dieser ready-to-use Zubereitungen erfolgt durch trockenes Mischen, Vermählen, Kompaktieren oder Granulieren der Bestandteile mit einer Granulierflüssigkeit gefolgt von einem Abtrocknungsschritt. Insbesondere können auf diese Weise Säuren oder saure Salze, die die Redispergierung unterstützen, eingearbeitet werden. </p><p id="p0075" num="0075">Wenn nicht anders angegeben, handelt es sich bei allen Angaben im Rahmen der vorliegenden Erfindung zur mittleren Teilchengröße von Pulvern im Mikrometerbereich um das mittels Lichtbeugung bestimmte Volumenmittel der Teilchendurchmesser (d4,3-Wert). </p><p id="p0076" num="0076">Die erfindungsgemäßen Überzugsmittel können zusätzlich wenigstens eine weitere Polymerkomponente enthalten. Dabei können Mischungen aus wenigstens zwei Dispersionen, wenigstens einer Dispersion und wenigstens einer Lösung, wenigstens einer Dispersion und wenigstens einem Pulver, wenigstens zwei Pulvern, etc. zum Einsatz kommen. </p><p id="p0077" num="0077">Die erfindungsgemäßen Überzugsmittel eignen sich für Dosierungsformen grundsätzlich beliebiger pharmazeutischer Wirkstoffe, die vorzugsweise in isolierter oder geschützter Form verab- 
<!-- EPO <DP n="13"/>-->
 reicht werden können, wie Antidepressiva, Betarezeptorenblocker, Antidiabetika, Analgetika, Antiphlogistika, Antirheumatika, Antihypotonika, Antihypertonika, Psychopharmaka, Tranquilizer, Antiemetika, Muskelrelaxantien, Glucocorticoide, Mittel zur Behandlung von Colitis ulcerosa oder Morbus Crohn, Antiallergika, Antibiotika, Antiepileptika, Antikoagulantia, Antimykotika, An- titussiva, Arteriosklerosemittel, Diuretika, Enzyme, Enzyminhibitoren, Gichtmittel, Hormone und deren Hemmstoffe, Herzglykoside, Immuntherapeutika und Zytokine, Laxantien, Lipidsenker, Magen- Darmtherapeutika, Migränemittel, Mineralstoffpräparate, Otologika, Parkinsonmittel, Schilddrüsentherapeutika, Spasmolytika, Thrombozytenaggregationshemmer, Vitamine, Zytostatika und Metastasenhemmer, Phytopharmaka, Chemotherapeutika, Nutraceuticals, Vitamine, Carotinoide und Aminosäuren. </p><p id="p0078" num="0078">Beispiele geeigneter Wirkstoffe sind: Acarbose, Nichtsteroidale Antirheumatika, Herzglykoside, Acetylsalicylsäure, Virustatika, Aclarubicin, Aciclovir, Cisplatin, Actinomycin, α-und ß- Sympatomimetika, Allopurinol, Alosetron, Alprostadil, Prostaglandine, Amantädin, Ambroxol, Amlodipin, Methotrexat, 5-Aminosalicylsäure, Amitriptylin, Amoxicillin, Anastrozol, Atenolol, A- torvastatin, Azathioprin, Balsalazid, Beclomethason, Betahistin, Bezafibrat, Bicalutamid, Diazepam und Diazepamderivate, Budesonid, Bufexamac, Buprenorphin, Methadon, Calciumsalze, Kaliumsalze, Magnesiumsalze, Candesartan, Carbamazepin, Captopril, Cefalosporine, Celeto- xib, Cetirizin, Chenodeoxycholsäure, Ursodeoxycholsäure, Theophyllin und Theophyllinderivate, Trypsine, Cimetidin, Clarithromycin, Clavulansäure, Clindamycin, Clobutinol, Clonidin, Cotrimoxazol, Codein, Coffein, Vitamin D und. Derivate von Vitamin D, Colestyramin, Cromoglicinsäure, Cumarin und Cumarinderivate, Cystein, Cytarabin, Cyclophosphamid, Ciclosporin, Cyproteron, Cytarabin, Dapiprazol, Desogestrel, Desonid, Dihydralazin, Diltiazem, Mutterkornalkaloide, Dimenhydrinat, Dimethylsulfoxid, Dimeticon, Dipyridamol, Domperidon und Domperidonderivate, Donepzil, Dopamin, Doxazosin, Doxorubicin, Doxylamin, Dapiprazol, Benzodiazepine, Diclofenac, Glykosidantibiotika, Desipramin, Econazol, ACE-Hemmer, Enalapril, Ephedrin, Epinephrin, Epoetin und Epoetinderivate, Morphinane, Calciumantagonisten, Irinotecan, Modafinil, Orlistat, Peptidantibiotika, Phenytoin, Riluzole, Risedronat, Sildenafil, Topiramat, Makrolidantibiotika, Esomeprazol, Estrogen und Estrogenderivate, Gestagen und Gestagenderivate, Testosteron und Testosteronderivate, Androgen und Androgenderivate, Ethenzamid, Etofenamat, Etofibrat, Fenofibrat, Etofyllin, Etoposid, Famciclovir, Famotidin, Felodipin, Fenofibrat, Fentanyl, Fentico- nazol, Gyrasehemmer, Fluconazol, Fludarabin, Flunarizin, Fluorouracil, Fluoxetin, Flurbiprofen, Ibuprofen, Flutamid, Fluvastatin, Follitropin, Formoterol, Fosfomicin, Furosemid, Fusidinsäure, Galantamin, Gallopamil, Ganciclovir, Gemfibrozil, Gentamicin, Ginkgo, Johanniskraut, Glibenc- lamid, Harnstoffderivate als orale Antidiabetika, Glucagon, Glucosamin und Glucosaminderiva- te, Glutathion, Glycerol und Glycerofderivate, Hypothalamushormone, Goserelin, Guanethidin, Halofantrin, Haloperidol, Heparin und Heparinderivate, Hyaluronsäure, Hydralazin, Hydrochlo- rothiazid und Hydrochlorothiazidderivate, Salicylate, Hydroxyzin, Idarubicin, Ifosfamid, Imipramin, Indometacin, Indoramin, Insulin, Interferone, Jod und Jodderivate, Isoconazol, Isoprenalin, Glucitol und Glucitolclerivate, Itraconazol, Ketoconazol, Ketoprofen, Ketotifen, Lacidipin, Lan- soprazol, Levodopa, Levomethadon, Schilddrüsenhormone, Liponsäure und Liponsäurederiva- te, Lisinopril, Lisurid, Lofepramin, Lomustin, Loperamid, Loratadin, Maprotilin, Mebendazol, Me- 
<!-- EPO <DP n="14"/>-->
 beverin, Meclozin, Mefenaminsäure, Mefloquin, Meloxicam, Mepindolol, Meprobamat, Merope- nem, Mesalazin, Mesuximid, Metamizol, Metformin, Methotrexat, Methylphenidat, Methylpredni- solon, Metixen, Metoclopramid, Metoprolol, Metronidazol, Mianserin, Miconazol, Minocyclin, Minoxidil, Misoprostol, Mitomycin, Mizolastin, Moexipril, Morphin und Morphinderivate ; Nacht- kerze, Nalbuphin, Naloxon, Tilidin, Naproxen, Narcotin, Natamycin, Neostigmin, Nicergolin, Ni- cethamid, Nifedipin, Nifluminsäure, Nimodipin, Nimorazol, Nimustin, Nisoldipin, Adrenalin und Adrenalinderivate, Norfloxacin, Novaminsulfon, Noscapin, Nystatin, Ofloxacin, Olanzapin, Olsa- lazin, Omeprazol, Omoconazol, Ondansetron, Orlistat, Oseltamivir, Oxaceprol, Oxacillin, Oxico- nazol, Oxymetazolin, Pantoprazol, Paracetamol, Paroxetin, Penciclovir, orale Penicilline, Penta- zocin, Pentifyllin, Pentoxifyllin, Perphenazin, Pethidin, Pflanzenextrakte, Phenazon, Pheniramin, Barbitursäurederivate, Phenylbutazon, Phenytoin, Pimozid, Pindolol, Piperazin, Piracetam, Pi- renzepin, Piribedil, Piroxicam, Pramipexol, Pravastatin, Prazosin, Procain, Promazin, Propiverin, Propranolol, Propyphenazon, Prostaglandine, Protionamid, Proxyphyllin, Quetiapin, Quinapril, Quinaprilat, Ramipril, Ranitidin, Reproterol, Reserpin, Ribavirin, Rifampicin, Risperidon, Ritona- vir, Ropinirol, Rosiglitazon, Roxatidin, Roxithromycin, Ruscogenin, Rutosid und Rutosidderivate, Sabadilla, Salbutamol, Salmeterol, Scopolamin, Selegilin, Sertaconazol, Sertindol, Sertralin, Silikate, Simvastatin, Sitosterin, Sotalol, Spagluminsäure, Sparfloxacin, Spectinomycin, Spira- mycin, Spirapril, Spironolacton, Stavudin, Streptomycin, Sucralfat, Sufentanil, Sulbactam, Sulfonamide, Sulfasalazin, Sulpirid, Sultamicillin, Sultiam, Sumatriptan, Suxamethoniumchlorid, Tacrin, Tacrolimus, Taliolol, Tamoxifen, Taurolidin, Tazaroten, Tegaserod, Temazepam, Teni- posid, Tenoxicam, Terazosin, Terbinafin, Terbutalin, Terfenadin, Terlipressin, Tertatolol, Tetracycline, Tetryzolin, Theobromin, Theophyllin, Butizin, Thiamazol, Phenothiazine, Thiotepa, Tia- gabin, Tiaprid, Propionsaurederivate, Ticlopidin, Timolol, Tinidazol, Tioconazol, Tioguanin, Tio- xolon, Tiropramid, Tizanidin, Tolazolin, Tolbutamid, Tolcapon, Tolnaftat, Tolperison, Topotecan, Torasemid, AntiÖstrogene, Tramadol, Tramazolin, Trandolapril, Tranylcypromin, Trapidil, Trazo- don, Triamcinolon und Triamcinolonderivate, Triamteren, Trifluperidol, Trifluridin, Trimethoprim, Trimipramin, Tripelennamin, Triprolidin, Trifosfamid, Tromantadin, Trometamol, Tropalpin, Troxerutin, Tulobuterol, Tyramin, Tyrothricin, Urapidil, Ursodeoxycholsäure, Chenodeoxycholsäure, Valaciclovir, Valdecoxib, Valproinsäure, Vancomycin, Vecuroniumchlorid, Venlafaxin, Verapa- mil, Vidarabin, Vigabatrin, Viloxazin, Vinblastin, Vincamin, Vincristin, Vindesin, Vinorelbin, Vin- pocetin, Viquidil, Warfarin, Xantinolnicotinat, Xipamid, Zafirlukast, Zalcitabin, Zanamivir, Zidovu- din, Zolmitriptan, Zolpidem, Zopiclon, Zotepin und dergleichen. </p><p id="p0079" num="0079">Die Wirkstoffe können gewünschtenfalls auch in Form ihrer pharmazeutisch akzeptablen Salze oder Derivate verwendet werden, und im Falle chiraler Wirkstoffe können sowohl optisch aktive Isomere als auch Racemate oder Diastereoisomerengemische eingesetzt werden. Gewünschtenfalls können die erfindungsgemäßen Zusammensetzungen auch zwei oder mehrere pharmazeutische Wirkstoffe enthalten. Erfindungsgemäß können die Überzugsmittel zur Beschichtung von Extrudaten, Minitabletten, Kapseln, Weichkapseln, Granulaten, Pellets, Mikropellets, Mikrokapseln, Nanokapseln oder Kristallen eingesetzt werden. 
<!-- EPO <DP n="15"/>-->
 Zur Herstellung von Dosierungsformen können die überzogenen Granulate, Pellets, Mikropellets, Mikrokapseln, Kristalle mit geeigneten Hilfsstoffen abgemischt und zu Tabletten verpresst werden, die im wässrigen Milieu der Mundhöhle zerfallen und die gecoateten feinen Formlinge wieder freigeben. Besondere Bedeutung haben hierbei so genannte oral dispersibles, d. h. Tabletten, die im Mund innerhalb von kurzer Zeit zerfallen und die geschmacksmaskierten kleinen Formlinge freisetzen. </p><p id="p0080" num="0080">Weiterhin können die Überzugsmittel auch vorteilhaft zum Überziehen von Tabletten eingesetzt werden. </p><p id="p0081" num="0081">Wirkstoffklassen und Substanzen, die oftmals einen unangenehmen bitteren Geschmack hervorrufen können und sich vorteilhaft erfindungsgemäß formulieren lassen, sind z. B.: Analgetika und Antirheumatika, wie Paracetamol, Diclofenac, Aceclofenac, Ibuprofen, Ketoprofen, Flubiprofen, Acetylsalicylsäure, Levacetylmethadol und Oxycodon; </p><p id="p0082" num="0082">Psychopharmaka, wie Promethazine, Donepezil, Modafinil, Nefazodon, Reboxetin, Sertindol und Sertralin; </p><p id="p0083" num="0083"> Antibiotika, wie Erythromycin, Roxithromycin, Clarithromycin, Grepafloxacin, Ciprofloxacin, Le- vofloxacin, Sparfloxacin, Trovafloxacin und Nevirapin; </p><p id="p0084" num="0084"> Betablocker, wie Propranolol, Metoprolol, Bisoprolol und Nebivolol; </p><p id="p0085" num="0085">Antidiabetika, wie Metformin, Miglitol und Repaglinid; </p><p id="p0086" num="0086">Hi-Antihistaminika, wie Diphenhydramin, Fexofenadin und Mizolastin; </p><p id="p0087" num="0087"> H2 Antihistaminika, wie Cimetidin, Famotidin, Roxatidin, Nizatidin, Ticlopidin, Cetirizin und Rani- tidin; </p><p id="p0088" num="0088"> Vitamine wie Thiaminnitrat sowie Chinidin-Sulfat, Amyloprilose-HCI, Pseudoephedrin-HCI, Sildenafil, Topiramat, Granisetron, Rebamipide, Chinin- HCl, etc. </p><p id="p0089" num="0089">Auch verschiedene Salze dieser Wirkstoffe können entsprechend formuliert werden. Die hervorragende Geschmacksmaskierung resultiert aus der Unlöslichkeit der erfindungsgemäßen Polymeren bei pH-Werten größer 6 und der schnellen Löslichkeit bei pH-Werten unter 6. Das heißt im Speichel (pH-Wert: 7,2) sind entsprechend überzogene Formen sehr lange stabil und es erfolgt kein Kontakt des bitteren Arzneistoffs mit der Mundschleimhaut, aber im Magen bei pH-Werten von 1 bis 5 erfolgt eine sehr schnelle Freisetzung des Wirkstoffs. Die Auflösung ist dabei so schnell, dass kein Unterschied im Wirkungseintritt vorhanden ist, verglichen mit einer nicht gecoateten Form. In der Regel lösen sich Filmüberzüge eines erfindungsgemäßen Polymers innerhalb von 5 min in Magensaft auf, wohingegen sie in Phosphatpuffer pH 7,2 über 2 Stunden stabil sind. Überraschenderweise lösen sich die Filmüberzüge auch in Medien mit pH-Werten von 4,5 relativ schnell, so dass die daraus hergestellten Darreichungsformen auch bei anaciden Patienten bzw. Patienten, die mit Antacida behandelt werden, eine schnelle Wirkung entfalten. Diese hervorragenden Anwendungseigenschaften der Überzugsmittel bleiben auch nach der Überführung in Pulver und Redispergierung der Pulver erhalten. 
<!-- EPO <DP n="16"/>-->
 Überraschenderweise gelingt mit Hilfe des erfindungsgemäßen Verfahrens die Überführung der wässrigen Polymerdispersion in freifliessende Pulver, ohne das es zu größeren Agglomerationen und Ablagerungen in der Sprühvorrichtung kommt. </p><p id="p0090" num="0090">Überraschend war für den Fachmann auch, dass sich die agglomerierende Sprühtrocknung so vorteilhaft anwenden Hess. Die Anwendbarkeit dieser Technologie ist umso überraschender, als hierbei feine Pulverteilchen wieder vor die Sprühdüse geblasen werden, somit Kontakt mit heißer Zuluft erhalten, und trotzdem redispergierbar bleiben. </p><p id="p0091" num="0091">Für den Fachmann war dies im Hinblick auf die Empfehlungen des Standes der Technik bezüglich Trocknungsmethode oder Temperaturführung der Trocknungsgase nicht zu erwarten gewesen. Überraschend war auch, dass die redispergierten feinteiligen Dispersionen den Einsatz hoher Scherkräfte überstehen, da der Fachmann bei hohen Scherkräften normalerweise ein Koagulieren der Dispersion erwartet hätte. Feinteilige Dispersionen sind nämlichsonst hinlänglich dafür bekannt, sehr empfindlich gegenüber starken Scherbeanspruchungen zu sein. </p><p id="p0092" num="0092">Das erfindungsgemäße Verfahren führt demgemäß zu Polymerpulvern mit einer guten Teilchengrößenverteilung und guten anwendungstechnischen Eigenschaften wie beispielsweise der Fliessfähigkeit. Bei der Verwendung zur Herstellung von Überzugsmitteln lassen sich die Pulver sehr vorteilhaft zu feinteiligen Dispersionen redispergieren. Häufig bestehen zwischen den Teilchengrößen des Redispergates und der originären Dispersion nur geringe Unterschiede. Beispiele </p><p id="p0093" num="0093">Verwendete Abkürzungen: </p><p id="p0094" num="0094">Glasübergangstemperatur: Tg Alle Angaben in % beziehen sich auf Gew.-%. </p><p id="p0095" num="0095">Die Herstellung des Polymeren erfolgt analog Beispiel 1 der WO 2009/016258. </p><p id="p0096" num="0096">Polymer A: Methylmethacrylat/Diethylaminoethylmethacrylat, Gew.v. 60:40, K-Wert 50, Tg 62°C Polymer B: Methylmethacrylat/Diethylaminoethylmethacrylat, Gew.v. 55:45, K-Wert 49, Tg 57°C Polymer C: Methylmethacrylat/Diethylaminoethylmethacrylat, Gew.v. 53:47, K-Wert 52, Tg 55°C </p><p id="p0097" num="0097">Die K-Werte wurden 0.1 gew.-%ig in NMP gemessen .Die Polymere wurden als 30 gew.-%ige wässrige Dispersionen mit einem pH-Wert von 9+/- 0.3 eingesetzt. Die mittleren Partikelgrößen der Primärdispersionen betrugen 128, 127 und 131 nm. Die Glasübergangstemperaturen wur- den mittels DSC bei einer Heizrate von 20 °K/min bestimmt. Die Mindestfilmbildetemperatur entsprach im Rahmen der Messgenauigkeit von +/- 5°C der Tg. 
<!-- EPO <DP n="17"/>-->
 Bei der Bestimmung der mittleren Teilchengrößen der Pulver wurde der (d4,3)-Wert durch Lichtbeugung mittels eines Malvern Mastersizers 2000 bestimmt. </p><p id="p0098" num="0098">Bei der Bestimmung der mittleren Teilchengrößen der redispergierten Pulver mittels Lichtstreu- ung wurde der Wert mittels eines„Malvern Zetasizer nano-s" als Intensitätsmittel bestimmt. </p><p id="p0099" num="0099">Beispiel 1 </p><p id="p0100" num="0100"> 1000 ml einer wässrigen Dispersion des Polymers B mit einem Feststoffgehalt von 30% wurden unter Rühren mit 72,9 ml 1 molarer Salzsäure vermischt. Dies entspricht einem Neutralisationsgrad von 10 mol-%. Diese teilneutralisierte Dispersion wurde in einem FSD-Sprühturm sprühgetrocknet, wobei die Zerstäubung über eine 1 ,2 mm Zweistoffdüse bei 2,5 bar Zerstäubungsdruck erfolgte. Die Zulufttemperatur betrug 109°C und die Ablufttemperatur 54°C. Der Feinanteil wurde während der Sprühtrocknung abgetrennt und wieder vor die Sprühdüse geblasen, so dass sprühgetrocknete Teilchen mit einer mittleren Teilchengröße von 180 μιη resultierten. Das sprühgetrocknete Produkt wurde in Wasser zu einer Sprühsuspension mit 20% Feststoffgehalt durch Rühren mit einem Blattrührer für 15 min redispergiert. Die Messung der Teilchengröße mittels Lichtstreuungergab einen Wert von 128 nm. Beispiel 2 </p><p id="p0101" num="0101"> 1000 ml einer wässrigen Dispersion des Polymers A mit einem Feststoffgehalt von 30% wurden in einem-Sprühturm sprühgetrocknet. Die Zerstäubung erfolgte hierbei über eine 1 ,2 mm Zweistoffdüse bei 3,0 bar Zerstäubungsdruck. Das Trocknungsgas wurde tangential im Eingangsbereich des Sprühtrockners zugeführt und das getrocknete Produkt in einem Zyklon abgeschie- den. Die Zulufttemperatur betrug 108°C und die Ablufttemperatur 57°C. Die mittlere Teilchengröße der Pulver betrug 30 μιη. </p><p id="p0102" num="0102"> 100g sprühgetrocknetes Produkt wurden in 900 ml Wasser eingetragen, in dem vorher 2,55g Bernsteinsäure gelöst wurden. Die Zubereitung wurde 20 min mit einem Propellerrührer gerührt. Die Messung der Teilchengröße mittels Lichtstreuung ergab einen Wert von 135 nm. </p><p id="p0103" num="0103">Beispiel 3 </p><p id="p0104" num="0104"> 1000 ml einer wässrigen Dispersion des Polymers A mit einem Feststoffgehalt von 30% wurden in einem-Sprühturm sprühgetrocknet. Die Zerstäubung erfolgte hierbei über eine 1 ,2 mm Zweistoffdüse bei 3,0 bar Zerstäubungsdruck. Das Trocknungsgas wurde tangential im Eingangsbe- reich des Sprühtrockners zugeführt und das getrocknete Produkt in einem Zyklon abgeschieden. Die Zulufttemperatur betrug 110°C und die Ablufttemperatur 59°C. Die mittlere Teilchengröße der Pulver betrug 32 μιτι. </p><p id="p0105" num="0105">150g sprühgetrocknetes Produkt wurden in 850 ml Wasser eingetragen und die Zubereitung 20 min mit einem Ultra-turrax bei 12.000 Upm behandelt. Die Messung der Teilchengröße mittels Lichtstreuung ergab einen Wert von 270 nm. 
<!-- EPO <DP n="18"/>-->
 Beispiel 4 </p><p id="p0106" num="0106"> 1000 ml einer wässrigen Dispersion des Polymers B mit einem Feststoffgehalt von 30% wurden unter Rühren mit 36,5 ml 1 molarer Salzsäure vermischt. Dies entspricht einem Neutralisationsgrad von 5 mol-%. Diese teilneutralisierte Dispersion wurde in einem FSD-Sprühturm sprühge- trocknet, wobei die Zerstäubung über eine 1 ,2 mm Zweistoffdüse bei 3,0 bar Zerstäubungsdruck erfolgte. Die Zulufttemperatur betrug 130°C und die Ablufttemperatur 59°C. Der Feinanteil wurde während der Sprühtrocknung abgetrennt und wieder vor die Sprühdüse geblasen, so dass sprühgetrocknete Teilchen mit einer mittleren Teilchengröße von 200 μιη resultierten. Während des Sprühprozesses wurde kolloidales Siliciumdioxid mit einer BET-Oberfläche von 200 m2/g in einer Menge von 0,5% bezogen auf die Gesamtmasse des Polymerpulvers in den Turm eingeblasen. </p><p id="p0107" num="0107"> Das sprühgetrocknete Produkt wurde in Wasser zu einer Sprühsuspension mit 20% Feststoff- gehalt durch Rühren mit einem Blattrührer für 20 min redispergiert. Die Messung der Teilchengröße mittels Lichtstreuung ergab einen Wert von 130 nm. </p><p id="p0108" num="0108">Beispiel 5 </p><p id="p0109" num="0109"> 1000 ml einer wässrigen Dispersion des Polymers C mit einem Feststoffgehalt von 30% wurden unter Rühren mit 1 ,31 g Malonsäure vermischt. Dies entspricht einem Neutralisationsgrad von 5 mol-%. Diese teilneutralisierte Dispersion wurde mit 200 ml einer 40%igen Suspension von Tal- kum vermischt und in einem FSD-Sprühturm sprühgetrocknet, wobei die Zerstäubung über eine 1 ,2 mm Zweistoffdüse bei 3,0 bar Zerstäubungsdruck erfolgte. Die Zulufttemperatur betrug 135°C und die Ablufttemperatur 61 °C. Der Feinanteil wurde während der Sprühtrocknung abgetrennt und wieder vor die Sprühdüse geblasen, so dass sprühgetrocknete Teilchen mit einer mittleren Teilchengröße von 210 μιη resultierten. </p><p id="p0110" num="0110">Das sprühgetrocknete Produkt wurde in Wasser zu einer Sprühsuspension mit 20% Feststoffgehalt durch Rühren mit einem Blattrührer für 15 min redispergiert. Die Messung der Teilchengröße mittels Lichtstreuung ergab für die Polymerteilchen einen Wert von 141 nm. </p><p id="p0111" num="0111">Beispiel 6 </p><p id="p0112" num="0112">1000 ml einer wässrigen Dispersion des Polymers B mit einem Feststoffgehalt von 30% wurden unter Rühren mit 200 g Wasser, 100 g Talkum, 20 g rotes Eisenoxid und 10g Polyvinylalkohol und 36,5 ml 1 molarer Salzsäure versetzt. Diese Zubereitung wurde mittels eines Ultra-turrax 20 min bei 12.000 Upm homogenisiert und anschließend in einem FSD-Sprühturm sprühgetrocknet, wobei die Zerstäubung über eine 1 ,2 mm Zweistoffdüse bei 3,0 bar Zerstäubungsdruck erfolgte. Die Zulufttemperatur betrug 138°C und die Ablufttemperatur 62°C. Der Feinanteil wurde während der Sprühtrocknung abgetrennt und wieder vor die Sprühdüse geblasen, so dass sprühgetrocknete Teilchen mit einer mittleren Teilchengröße von 220 μιη resultierten. </p><p id="p0113" num="0113">Das sprühgetrocknete Produkt wurde in Wasser zu einer Sprühsuspension mit 20% Feststoffgehalt durch Rühren mit einem Blattrührer für 30 min redispergiert. Die Messung der Teilchen- große mittels Lichtstreuung ergab für die Polymerteilchen einen Wert von 133 nm. </p><p id="p0114" num="0114">Beispiel 7 
<!-- EPO <DP n="19"/>-->
 1000 ml einer wässrigen Dispersion des Polymers B mit einem Feststoffgehalt von 30% wurden unter Rühren mit 15g Polyvinylalkohol, 6g Dokusat-Natrium und 3 g kolloidalem Siliciumdioxid versetzt. Diese Dispersion wurde in einem FSD-Sprühturm sprühgetrocknet, wobei die Zerstäubung über eine 1 ,2 mm Zweistoffdüse bei 3,0 bar Zerstäubungsdruck erfolgte. Die Zulufttempe- ratur betrug 105°C und die Ablufttemperatur 48°C. Der Feinanteil wurde während der Sprühtrocknung abgetrennt und wieder vor die Sprühdüse geblasen. Während des Sprühprozesses wurde kolloidales Siliciumdioxid mit einer BET-Oberfläche von 200 m2/g in einer Menge von 1 ,0% bezogen auf die Gesamtmasse des Polymerpulvers in den Turm eingeblasen. In einem direkt an den Sprühturm angeschlossenem Wirbelbett wurde das Pulver bei 45°C nachgetrock- net. Die sprühgetrockneten Teilchen wiesen eine mittlere Teilchengröße von 210 μιη auf. </p><p id="p0115" num="0115"> Das sprühgetrocknete Produkt wurde in Wasser zu einer Sprühsuspension mit 15% Feststoff- gehalt durch Rühren mit einem Blattrührer für 20 min redispergiert. Die Messung der Teilchengröße mittels Lichtstreuung ergab einen Wert von 170 nm. Beispiel e </p><p id="p0116" num="0116"> In 1000 ml einer wässrigen Dispersion des Polymers A mit einem Feststoffgehalt von 30% wurden 3,5 g Natriumdihydrogenphosphat gelöst und anschließend in einem-Sprühturm sprühgetrocknet. Die Zerstäubung erfolgte hierbei über eine 1 ,2 mm Zweistoffdüse bei 3,0 bar Zerstäubungsdruck. Das Trocknungsgas wurde tangential im Eingangsbereich des Sprühtrockners zu- geführt und das getrocknete Produkt in einem Zyklon abgeschieden. Die Zulufttemperatur betrug 1 15°C und die Ablufttemperatur 55°C. Die mittlere Teilchengröße betrug 35 μιη. </p><p id="p0117" num="0117">Nach der Redispergierung dieser Zubereitung in Wasser zu einer 15%igen Suspension mittels eines Propellerrührers über 15 min ergab sich eine Teilchengröße der Polymerteilchen von 138 nm. </p><p id="p0118" num="0118">Beispiel 9 </p><p id="p0119" num="0119"> 100 g Polymerpulver hergestellt nach Beispiel 3 wurden mit 50 g feinst gemahlenem Talkum, 4g Indigotinlack und 2g Bernsteinsäure in einem Turbulamischer vermischt. </p><p id="p0120" num="0120">Nach der Redispergierung dieser Zubereitung in Wasser zu einer 15%igen Suspension mittels eines Propellerrührers ergab sich eine Teilchengröße der Polymerteilchen von 150 nm. </p><p id="p0121" num="0121">Beispiel 10 </p><p id="p0122" num="0122">Die nach Beispiel 9 hergestellte Zubereitung wurde mit 15 g Triethylcitrat versetzt, zwei Stun- den gerührt und durch Versprühen auf Tablettenkerne aufgebracht. </p><p id="p0123" num="0123">Sprühbedingungen: </p><p id="p0124" num="0124">Maschine Horizontaltrommelcoater </p><p id="p0125" num="0125"> Zulufttemperatur 54°C </p><p id="p0126" num="0126"> Sprühdruck 0.2 MPa </p><p id="p0127" num="0127"> Formierluftdruck 0.1 MPa 
<!-- EPO <DP n="20"/>-->

<img id="imgf000020_0001" he="20" wi="113" file="imgf000020_0001.tif" img-format="tif" img-content="table" orientation="portrait" inline="yes"/>
 
</p></description><claims mxw-id="PCLM44852462" ref-ucid="WO-2012116941-A1" lang="DE" load-source="patent-office"><claim-statement><!-- EPO <DP n="21"/>-->Patentansprüche </claim-statement><claim id="clm-0001" num="1"><claim-text>1. Verfahren zur Herstellung von pulverförmigen Überzugsmitteln aus wässrigen Polymerdispersionen, enthaltend i) als Komponente A ein durch radikalische Polymerisation erhaltenes Polymer aus a) Ν,Ν-Diethylaminoethylmethacrylat, und b) wenigstens eine radikalisch polymerisierbare Verbindung, ausgewählt unter Estern α,β-ethylenisch ungesättigter Mono- und Dicarbonsäuren mit Ci-Ce- Alkanolen, dadurch gekennzeichnet, dass die wässrige Polymerdispersion durch Sprühverfahren in Gegenwart eines Trocknungsgases in Pulver überführt wird, wobei die Eingangstemperatur des Trocknungsgases in die Sprühvorrichtung mindestens 20°C über der Glasübergangstemperatur liegt und mindestens 20°C über der Mindestfilmbildetempe- ratur des Polymeren liegt und die Ausgangstemperatur des Trocknungsgases aus der Sprühvorrichtung bei 40 bis 85°C gehalten wird. </claim-text></claim><claim id="clm-0002" num="2"><claim-text>2. Verfahren nach Anspruch 1 , dadurch gekennzeichnet, dass die Eingangstemperatur des Trocknungsgases in die Sprühvorrichtung mindestens 40°C über der Glasübergangstemperatur liegt und mindestens 40°C über der Mindestfilmbildetemperatur des Polymeren liegt. </claim-text></claim><claim id="clm-0003" num="3"><claim-text>3. Verfahren nach Anspruch 1 oder 2, dadurch gekennzeichnet, dass die Eingangstemperatur des Trocknungsgases in die Sprühvorrichtung mindestens 20 °C über der dynamischen Einfriertemperatur liegt. </claim-text></claim><claim id="clm-0004" num="4"><claim-text>4. Verfahren nach einem der Ansprüche 1 bis 3, dadurch gekennzeichnet, dass die Eingangstemperatur des Trocknungsgases in die Sprühvorrichtung mindestens 40 °C über der dynamischen Einfriertemperatur liegt. </claim-text></claim><claim id="clm-0005" num="5"><claim-text>5. Verfahren nach einem der Ansprüche 1 bis 4, dadurch gekennzeichnet, dass die Ausgangstemperatur des Trocknungsgases aus der Sprühvorrichtung bei 45 bis 70 °C gehalten wird. </claim-text></claim><claim id="clm-0006" num="6"><claim-text>6. Verfahren nach einem der Ansprüche 1 bis 5, dadurch gekennzeichnet, dass die Eingangstemperatur des Trocknungsgases in die Sprühvorrichtung bei 100 bis 140 °C und die Ausgangstemperatur des Trocknungsgases aus der Sprühvorrichtung bei 45 bis 70°C gehalten wird. <!-- EPO <DP n="22"/>--> </claim-text></claim><claim id="clm-0007" num="7"><claim-text>7. Verfahren nach einem der Ansprüche 1 bis 6, dadurch gekennzeichnet, dass die Eingangstemperatur des Trocknungsgases in die Sprühvorrichtung bei 1 10 bis 130°C und die Ausgangstemperatur des Trocknungsgases aus der Sprühvorrichtung bei 50 bis 60°C gehalten wird. </claim-text></claim><claim id="clm-0008" num="8"><claim-text>8. Verfahren nach einem der Ansprüche 1 bis 7, dadurch gekennzeichnet, dass die Ausgangstemperatur des Trocknungsgases aus der Sprühvorrichtung im Bereich von plus/minus 5°C der Mindestfilmbildetemperatur gehalten wird. </claim-text></claim><claim id="clm-0009" num="9"><claim-text>9. Verfahren nach einem der Ansprüche 1 bis 8, dadurch gekennzeichnet, dass das Sprühverfahren als Sprühtrocknung durchgeführt wird. </claim-text></claim><claim id="clm-0010" num="10"><claim-text>10. Verfahren nach einem der Ansprüche 1 bis 8, dadurch gekennzeichnet, dass das Sprühverfahren als agglomerierende Sprühtrocknung durchgeführt wird. </claim-text></claim><claim id="clm-0011" num="11"><claim-text>1 1 . Verfahren nach einem der Ansprüche 1 bis 10, dadurch gekennzeichnet, dass der wässrigen Polymerdispersion vor dem Sprühverfahren eine Säure oder ein saures Salz zugesetzt wird. </claim-text></claim><claim id="clm-0012" num="12"><claim-text>12. Verfahren nach einem der Ansprüche 1 bis 10, dadurch gekennzeichnet, dass nach dem Sprühverfahren dem entstandenen Pulver eine Säure oder ein saures Salz zugesetzt wird. </claim-text></claim><claim id="clm-0013" num="13"><claim-text>13. Verfahren nach einem der Ansprüche 1 bis 12, dadurch gekennzeichnet, dass nach dem Sprühverfahren das entstandenen Pulver in Wasser redispergiert und mit einer Säure oder einem sauren Salz versetzt wird. </claim-text></claim><claim id="clm-0014" num="14"><claim-text>14. Verfahren nach einem der Ansprüche 1 bis13, dadurch gekennzeichnet, dass als Säure eine anorganische Säure oder ein saures Salz davon zugesetzt wird. </claim-text></claim><claim id="clm-0015" num="15"><claim-text>15. Verfahren nach einem der Ansprüche 1 bis14, dadurch gekennzeichnet, dass als Säure eine organische Säure oder ein saures Salz davon zugesetzt wird. </claim-text></claim><claim id="clm-0016" num="16"><claim-text>16. Verfahren nach einem der Ansprüche 1 bis 15, dadurch gekennzeichnet, dass als Säure eine Säure oder ein saures Salz davon zugesetzt wird, die unter den Bedingungen des Sprühverfahrens zersetzt oder verdampft wird. </claim-text></claim><claim id="clm-0017" num="17"><claim-text>17. Verfahren nach einem der Ansprüche 1 bis16, dadurch gekennzeichnet, dass durch Zugabe der Säure oder des sauren Salzes der pH-Wert der wässrigen Dispersi- on, des Pulvers oder des in Wasser redispergierten Pulvers im Bereich von 5 bis 9 liegt. <!-- EPO <DP n="23"/>--> </claim-text></claim><claim id="clm-0018" num="18"><claim-text>18. Verfahren nach einem der Ansprüche 1 bis 17, dadurch gekennzeichnet, dass durch Zugabe der Säure oder des sauren Salzes der pH-Wert der wässrigen Dispersion, des Pulvers oder des in Wasser redispergierten Pulvers im Bereich von 6 bis 8 liegt. </claim-text></claim><claim id="clm-0019" num="19"><claim-text>19. Verfahren nach einem der Ansprüche 1 bis 18, dadurch gekennzeichnet, dass der wässrigen Polymerdispersion vor dem Sprühverfahren ein weiterer Hilfsstoff zugesetzt wird. </claim-text></claim><claim id="clm-0020" num="20"><claim-text>20. Verfahren nach einem der Ansprüche 1 bis 19, dadurch gekennzeichnet, dass während oder nach dem Sprühverfahren dem entstehenden Polymerpulver Siliciumdi- oxid zugesetzt wird. </claim-text></claim><claim id="clm-0021" num="21"><claim-text>21 . Verwendung eines gemäß den Ansprüchen 1 bis 20 erhaltenen Polymerpulvers als Überzugsmittel für pharmazeutische Dosierungsformen. </claim-text></claim><claim id="clm-0022" num="22"><claim-text>22. Verwendung nach Anspruch 21 , wobei das Überzugsmittel in Form einer durch redispergieren des Polymerpulvers erhaltenen wässrigen Dispersion auf die Dosierungsform aufgebracht wird. </claim-text></claim><claim id="clm-0023" num="23"><claim-text>23. Verwendung nach Anspruch 21 oder 22, wobei die Redispergierung mit Hilfe einer Dispergiervorrichtung bei Umdrehungen von größer 5000 Upm erfolgt. </claim-text></claim><claim id="clm-0024" num="24"><claim-text>24. Verwendung nach Anspruch 21 oder 22, wobei die Redispergierung mit Hilfe einer Dispergiervorrichtung bei Umdrehungen von kleiner 1000 Upm erfolgt. </claim-text></claim><claim id="clm-0025" num="25"><claim-text>25. Verwendung nach einem der Ansprüche 21 bis 24 zur Herstellung eines Überzugsmittels in Form von Pulvern oder Granulaten, die zusätzlich Hilfsstoffe aus der Gruppe bestehend aus Aromastoffen, geschmacksverbessernden Stoffen, Süßungs- mittein, Gleitmitteln, Netzmitteln, Trennmitteln, Antiklebemitteln, Stabilisatorenn, Antioxidantien, Porenbildnern Neutralisierungsmitteln, Glanzmitteln, Farbstoffen, Pigmenten, Desinfektions- oder Konservierungsmitteln, Verdickungsmitteln und Weichmachern, enthalten. </claim-text></claim><claim id="clm-0026" num="26"><claim-text>26. Verwendung nach einem der Ansprüche 21 bis 25, wobei zur Herstellung des Überzugsmittels das Polymerpulver vor der Einbringung in Wasser alleine oder zusammen mit zusätzlichen Hilfsstoffen gemahlen wird. </claim-text></claim></claims><copyright>User acknowledges that Fairview Research LLC and its third party providers retain all right, title and interest in and to this xml under applicable copyright laws.  User acquires no ownership rights to this xml including but not limited to its format.  User hereby accepts the terms and conditions of the Licence Agreement</copyright></patent-document>
