<?xml version="1.0" encoding="UTF-8"?>
<patent-document ucid="EP-2958885-A1" country="EP" doc-number="2958885" kind="A1" date="20151230" family-id="50000331" file-reference-id="317513" date-produced="20180822" status="corrected" lang="EN"><bibliographic-data><publication-reference fvid="160453793" ucid="EP-2958885-A1"><document-id><country>EP</country><doc-number>2958885</doc-number><kind>A1</kind><date>20151230</date><lang>EN</lang></document-id></publication-reference><application-reference ucid="EP-14809676-A" is-representative="NO"><document-id mxw-id="PAPP193870554" load-source="patent-office" format="original"><country>EP</country><doc-number>14809676.1</doc-number><date>20141202</date><lang>EN</lang></document-id><document-id mxw-id="PAPP193870555" load-source="docdb" format="epo"><country>EP</country><doc-number>14809676</doc-number><kind>A</kind><date>20141202</date><lang>EN</lang></document-id></application-reference><priority-claims><priority-claim mxw-id="PPC162029099" ucid="GB-201321627-A" load-source="docdb"><document-id format="epo"><country>GB</country><doc-number>201321627</doc-number><kind>A</kind><date>20131206</date></document-id></priority-claim><priority-claim mxw-id="PPC162027834" ucid="GB-2014053588-W" linkage-type="W" load-source="docdb"><document-id format="epo"><country>GB</country><doc-number>2014053588</doc-number><kind>W</kind><date>20141202</date></document-id></priority-claim></priority-claims><technical-data><classifications-ipcr><classification-ipcr mxw-id="PCL-1988527609" load-source="docdb">C07C  67/08        20060101AFI20150616BHEP        </classification-ipcr></classifications-ipcr><classifications-cpc><classification-cpc mxw-id="PCL-1894789709" load-source="docdb" scheme="CPC">B01D   3/009       20130101 LI20160915BHEP        </classification-cpc><classification-cpc mxw-id="PCL-1894789710" load-source="docdb" scheme="CPC">C07C  67/08        20130101 FI20160920BHEP        </classification-cpc><classification-cpc mxw-id="PCL-1894789711" load-source="docdb" scheme="CPC">B01D   3/143       20130101 LI20160915BHEP        </classification-cpc><classification-cpc mxw-id="PCL-1894789712" load-source="docdb" scheme="CPC">C07C  67/54        20130101 LI20160915BHEP        </classification-cpc><classification-cpc mxw-id="PCL-1894789713" load-source="docdb" scheme="CPC">B01D  17/0208      20130101 LI20160915BHEP        </classification-cpc></classifications-cpc><invention-title mxw-id="PT165552845" lang="DE" load-source="patent-office">VERFAHREN ZUR HERSTELLUNG VON SUCCINSÄUREESTERN</invention-title><invention-title mxw-id="PT165552846" lang="EN" load-source="patent-office">PROCESS FOR THE PREPARATION OF SUCCINIC ACID ESTER</invention-title><invention-title mxw-id="PT165552847" lang="FR" load-source="patent-office">PROCÉDÉ DE PRÉPARATION D'ESTER D'ACIDE SUCCINIQUE</invention-title></technical-data><parties><applicants><applicant mxw-id="PPAR1103319944" load-source="docdb" sequence="1" format="epo"><addressbook><last-name>JOHNSON MATTHEY DAVY TECHNOLOGIES LTD</last-name><address><country>GB</country></address></addressbook></applicant><applicant mxw-id="PPAR1103333486" load-source="docdb" sequence="1" format="intermediate"><addressbook><last-name>JOHNSON MATTHEY DAVY TECHNOLOGIES LIMITED</last-name></addressbook></applicant><applicant mxw-id="PPAR1101643971" load-source="patent-office" sequence="1" format="original"><addressbook><last-name>Johnson Matthey Davy Technologies Limited</last-name><iid>101439201</iid><address><street>10 Eastbourne Terrace</street><city>London W2 6LG</city><country>GB</country></address></addressbook></applicant></applicants><inventors><inventor mxw-id="PPAR1103304010" load-source="docdb" sequence="1" format="epo"><addressbook><last-name>SMIDT MARTIN LUCAS</last-name><address><country>GB</country></address></addressbook></inventor><inventor mxw-id="PPAR1103340722" load-source="docdb" sequence="1" format="intermediate"><addressbook><last-name>SMIDT, Martin Lucas</last-name></addressbook></inventor><inventor mxw-id="PPAR1101640597" load-source="patent-office" sequence="1" format="original"><addressbook><last-name>SMIDT, Martin Lucas</last-name><address><street>10 Eastbourne Terrace</street><city>London W2 6LG</city><country>GB</country></address></addressbook></inventor><inventor mxw-id="PPAR1103312594" load-source="docdb" sequence="2" format="epo"><addressbook><last-name>CAMPBELL IAN</last-name><address><country>GB</country></address></addressbook></inventor><inventor mxw-id="PPAR1103330600" load-source="docdb" sequence="2" format="intermediate"><addressbook><last-name>CAMPBELL, IAN</last-name></addressbook></inventor><inventor mxw-id="PPAR1101643776" load-source="patent-office" sequence="2" format="original"><addressbook><last-name>CAMPBELL, IAN</last-name><address><street>10 Eastbourne Terrace</street><city>London W2 6LG</city><country>GB</country></address></addressbook></inventor><inventor mxw-id="PPAR1103340769" load-source="docdb" sequence="3" format="epo"><addressbook><last-name>REED GRAHAM</last-name><address><country>GB</country></address></addressbook></inventor><inventor mxw-id="PPAR1103333247" load-source="docdb" sequence="3" format="intermediate"><addressbook><last-name>REED, GRAHAM</last-name></addressbook></inventor><inventor mxw-id="PPAR1101648168" load-source="patent-office" sequence="3" format="original"><addressbook><last-name>REED, GRAHAM</last-name><address><street>10 Eastbourne Terrace</street><city>London W2 6LG</city><country>GB</country></address></addressbook></inventor><inventor mxw-id="PPAR1103303900" load-source="docdb" sequence="4" format="epo"><addressbook><last-name>GORDON PAUL</last-name><address><country>GB</country></address></addressbook></inventor><inventor mxw-id="PPAR1103315500" load-source="docdb" sequence="4" format="intermediate"><addressbook><last-name>GORDON, PAUL</last-name></addressbook></inventor><inventor mxw-id="PPAR1101653105" load-source="patent-office" sequence="4" format="original"><addressbook><last-name>GORDON, PAUL</last-name><address><street>The Technology Centre Princeton Drive Thornaby</street><city>Stockton-on-Tees Durham TS17 6PY</city><country>GB</country></address></addressbook></inventor><inventor mxw-id="PPAR1103332431" load-source="docdb" sequence="5" format="epo"><addressbook><last-name>FERGUSON CHRISTOPHER</last-name><address><country>GB</country></address></addressbook></inventor><inventor mxw-id="PPAR1103318373" load-source="docdb" sequence="5" format="intermediate"><addressbook><last-name>FERGUSON, CHRISTOPHER</last-name></addressbook></inventor><inventor mxw-id="PPAR1101649190" load-source="patent-office" sequence="5" format="original"><addressbook><last-name>FERGUSON, CHRISTOPHER</last-name><address><street>The Technology Centre Princeton Drive Thornaby</street><city>Stockton-on-Tees Durham TS17 6PY</city><country>GB</country></address></addressbook></inventor></inventors><agents><agent mxw-id="PPAR1101647040" load-source="patent-office" sequence="1" format="original"><addressbook><last-name>Smaggasgale, Gillian Helen</last-name><suffix>et al</suffix><iid>100036829</iid><address><street>WP Thompson 55 Drury Lane</street><city>London WC2B 5SQ</city><country>GB</country></address></addressbook></agent></agents></parties><international-convention-data><pct-or-regional-filing-data ucid="GB-2014053588-W"><document-id><country>GB</country><doc-number>2014053588</doc-number><kind>W</kind><date>20141202</date><lang>EN</lang></document-id></pct-or-regional-filing-data><pct-or-regional-publishing-data ucid="WO-2015082915-A1"><document-id><country>WO</country><doc-number>2015082915</doc-number><kind>A1</kind><date>20150611</date><lang>EN</lang></document-id></pct-or-regional-publishing-data><designated-states><ep-contracting-states><country mxw-id="DS660643035" load-source="docdb">AL</country><country mxw-id="DS660759159" load-source="docdb">AT</country><country mxw-id="DS660643036" load-source="docdb">BE</country><country mxw-id="DS660646542" load-source="docdb">BG</country><country mxw-id="DS660795034" load-source="docdb">CH</country><country mxw-id="DS660724763" load-source="docdb">CY</country><country mxw-id="DS660724764" load-source="docdb">CZ</country><country mxw-id="DS660641779" load-source="docdb">DE</country><country mxw-id="DS660643037" load-source="docdb">DK</country><country mxw-id="DS660643038" load-source="docdb">EE</country><country mxw-id="DS660734831" load-source="docdb">ES</country><country mxw-id="DS660646547" load-source="docdb">FI</country><country mxw-id="DS660646548" load-source="docdb">FR</country><country mxw-id="DS660643051" load-source="docdb">GR</country><country mxw-id="DS660641781" load-source="docdb">HR</country><country mxw-id="DS660724765" load-source="docdb">HU</country><country mxw-id="DS660795035" load-source="docdb">IE</country><country mxw-id="DS660643052" load-source="docdb">IS</country><country mxw-id="DS660646549" load-source="docdb">IT</country><country mxw-id="DS660643053" load-source="docdb">LI</country><country mxw-id="DS660641782" load-source="docdb">LT</country><country mxw-id="DS660759160" load-source="docdb">LU</country><country mxw-id="DS660646550" load-source="docdb">LV</country><country mxw-id="DS660641787" load-source="docdb">MC</country><country mxw-id="DS660759161" load-source="docdb">MK</country><country mxw-id="DS660759162" load-source="docdb">MT</country><country mxw-id="DS660734832" load-source="docdb">NL</country><country mxw-id="DS660724077" load-source="docdb">NO</country><country mxw-id="DS660734833" load-source="docdb">PL</country><country mxw-id="DS660646555" load-source="docdb">PT</country><country mxw-id="DS660724766" load-source="docdb">RO</country><country mxw-id="DS660646556" load-source="docdb">RS</country><country mxw-id="DS660734834" load-source="docdb">SE</country><country mxw-id="DS660795036" load-source="docdb">SI</country><country mxw-id="DS660724078" load-source="docdb">SK</country><country mxw-id="DS660724083" load-source="docdb">SM</country><country mxw-id="DS660759167" load-source="docdb">TR</country></ep-contracting-states><ep-extended-states><ep-extended-state-data><country>BA</country></ep-extended-state-data><ep-extended-state-data><country>ME</country></ep-extended-state-data></ep-extended-states></designated-states></international-convention-data><office-specific-data><eptags><ep-no-a-document-published>*</ep-no-a-document-published></eptags></office-specific-data></bibliographic-data><abstract mxw-id="PA157777068" ref-ucid="WO-2015082915-A1" lang="EN" load-source="patent-office"><p num="0000">A process for the production of dialkyl succinate from a bio-succinic acid feedstock comprising the steps of: feeding bio-succinic acid to a point at or near the bottom of a reaction distillation zone column operated at temperatures and pressures to enable esterification of the succinic acid and passing said stream co-currently with upflowing alkanol such that said esterification reaction occurs: removing an overhead vapour stream from at or near the top of the reaction distillation zone column comprising di-ester, alkanol, water of esterification and organic components and passing said stream to an alkanol separation column where the alkanol is separated from the water of esterification and from the organic components; removing a side draw from the alkanol separation column from a point below the feed point thereto, said side draw comprising partially immiscible organic and aqueous phases; passing said side draw to phase separation apparatus where the partially immiscible organic and aqueous phases are separated; passing said organic phase to a column where the dialkyl succinate is separated from residual water and other organic components; and recovering the dialkyl succinate.</p></abstract><abstract mxw-id="PA157918581" ref-ucid="WO-2015082915-A1" lang="EN" source="national office" load-source="docdb"><p>A process for the production of dialkyl succinate from a bio-succinic acid feedstock comprising the steps of: feeding bio-succinic acid to a point at or near the bottom of a reaction distillation zone column operated at temperatures and pressures to enable esterification of the succinic acid and passing said stream co-currently with upflowing alkanol such that said esterification reaction occurs: removing an overhead vapour stream from at or near the top of the reaction distillation zone column comprising di-ester, alkanol, water of esterification and organic components and passing said stream to an alkanol separation column where the alkanol is separated from the water of esterification and from the organic components; removing a side draw from the alkanol separation column from a point below the feed point thereto, said side draw comprising partially immiscible organic and aqueous phases; passing said side draw to phase separation apparatus where the partially immiscible organic and aqueous phases are separated; passing said organic phase to a column where the dialkyl succinate is separated from residual water and other organic components; and recovering the dialkyl succinate.</p></abstract><abstract mxw-id="PA157777069" ref-ucid="WO-2015082915-A1" lang="FR" load-source="patent-office"><p num="0000">L'invention concerne un procédé de production de succinate de dialkyle à partir d'une charge d'alimentation d'acide bio-succinique comportant les étapes suivantes : l'alimentation d'acide bio-succinique à un point au niveau ou près du fond d'une colonne à zone de réaction distillation fonctionnant à des températures et des pressions permettant l'estérification de l'acide succinique et le passage dudit courant de manière simultanée à l'écoulement ascendant d'un alcanol de telle sorte que ladite réaction d'estérification a lieu ; l'élimination d'un courant de vapeur de distillat de tête au niveau ou près du sommet de la colonne à zone de réaction distillation comprenant du di-ester, de l'alcanol, de l'eau d'estérification et des constituants organiques et passage dudit courant vers une colonne de séparation d'alcanol où l'alcanol est séparé de l'eau d'estérification et des constituants organiques ; l'élimination d'un soutirage latéral de la colonne de séparation d'alcanol depuis un point en dessous du point d'alimentation, ledit soutirage latéral comprenant des phases organique et aqueuse partiellement immiscibles ; le passage dudit soutirage latéral vers un appareil de séparation de phases où les phases organique et aqueuse partiellement immiscibles sont séparées ; le passage de ladite phase organique vers une colonne où le succinate de dialkyle est séparé de l'eau résiduelle et des autres constituants organiques ; et la récupération du succinate de dialkyle.</p></abstract><abstract mxw-id="PA157918582" ref-ucid="WO-2015082915-A1" lang="FR" source="national office" load-source="docdb"><p>L'invention concerne un procédé de production de succinate de dialkyle à partir d'une charge d'alimentation d'acide bio-succinique comportant les étapes suivantes : l'alimentation d'acide bio-succinique à un point au niveau ou près du fond d'une colonne à zone de réaction distillation fonctionnant à des températures et des pressions permettant l'estérification de l'acide succinique et le passage dudit courant de manière simultanée à l'écoulement ascendant d'un alcanol de telle sorte que ladite réaction d'estérification a lieu ; l'élimination d'un courant de vapeur de distillat de tête au niveau ou près du sommet de la colonne à zone de réaction distillation comprenant du di-ester, de l'alcanol, de l'eau d'estérification et des constituants organiques et passage dudit courant vers une colonne de séparation d'alcanol où l'alcanol est séparé de l'eau d'estérification et des constituants organiques ; l'élimination d'un soutirage latéral de la colonne de séparation d'alcanol depuis un point en dessous du point d'alimentation, ledit soutirage latéral comprenant des phases organique et aqueuse partiellement immiscibles ; le passage dudit soutirage latéral vers un appareil de séparation de phases où les phases organique et aqueuse partiellement immiscibles sont séparées ; le passage de ladite phase organique vers une colonne où le succinate de dialkyle est séparé de l'eau résiduelle et des autres constituants organiques ; et la récupération du succinate de dialkyle.</p></abstract><description mxw-id="PDES92337934" ref-ucid="WO-2015082915-A1" lang="EN" load-source="patent-office"><!-- EPO <DP n="2"/>--><p id="p0001" num="0001"> PROCESS FOR THE PREPARATION OF SUCCINIC ACID ESTER </p><p id="p0002" num="0002">The present invention relates to a process for the production of dialkyl succinate from a feedstock comprising succinic acid produced by a fermentation based process. </p><p id="p0003" num="0003">It is known to produce diols by reaction of dicarboxylic acids and/or anhydrides, or mono- or dialkyl esters, lactones, and mixtures thereof with hydrogen. Commercially, where the desired product is 1 ,4-butanediol, typically with the co-products tetrahydrofuran and v~butyroiactone, the starting materiai is normally a dialkyl ester of maleic acid and/or anhydride, such as dimethyl maleate or diethyl maleate, which may contain minor amounts of dialkyl fumarate and/or dialkyl succinate. </p><p id="p0004" num="0004">Information relating to these processes can be found in, for example, US4584419, US4751334, VVO86/03189, WO88/00937, US4767869, US4945173, US4919785, US5254758, US5310954 and WO91/01960. </p><p id="p0005" num="0005">The dialkyl maleates which are used as feedstock in these conventional reaction processes may be produced by any suitable means. The production of dialkyl maleates for use in such processes is discussed in detail in US4584419, US4751334, WO88/Q0937, US4795824 and WO90/0S127. in one conventional process for the production of 1 ,4-butanedioi and co-product tetrahydrofuran with optional production of γ-butyroiactone, a dialkyl ester, such as dimethyl maleate together with any residual methanol from the esterification reactor, is fed to a vaporiser where it Is vaporised by a stream of hot cycle gas fed to the vaporiser which may be mixed with make-up hydrogen. The cycle gas will normally contain a high concentration of hydrogen gas but may also include other gases including hydrocarbons, carbon oxides, methane and nitrogen. Further, where the cycle gas includes recycled gases from downstream, condensates including product ether, methanol, water, co-products and by-products may also be present. </p><p id="p0006" num="0006">The combined vaporous stream from the vaporiser is then passed to a reactor where it is reacted in the presence of a catalyst to form 1 ,4-butanediol, tetrahydrofuran and/or γ-butyrolactone. The product stream is cooled and the reaction products are condensed and separated from the excess cycle gas before being passed into a refining zone, In the refining zone the various products are separated and the 1 ,4-butanediol and the tetrahydrofuran are removed. The γ~ butyrolactone, together with the intermediate, dimethyl succinate, and some 1 ,4-butanedioi may be recycled, in one arrangement the y-butyrolactone may be at least partially extracted in an optional refining zone and recovered. The methanol water stream separated from the product 
<!-- EPO <DP n="3"/>-->
 mix will be recycled upstream. In general, a significant portion of the 1 ,4-butanedJo! produced by this or other conventional methods is subsequently converted to tetrahyd ofuran. </p><p id="p0007" num="0007">The overall reaction which occurs is a series of steps and includes a final dehydration step in which the tetrahydrofuran is produced. A probable reaction path is set out in Scheme 1. </p><p id="p0008" num="0008">Scheme 1 </p><p id="p0009" num="0009"> .-COOM e </p><p id="p0010" num="0010"><img id="imgf000003_0001" he="30" wi="64" file="imgf000003_0001.tif" img-format="tif" img-content="drawing" orientation="portrait" inline="no"/>
 ^-CGOMe </p><p id="p0011" num="0011">* ÷2H-. </p><p id="p0012" num="0012"> -2 eOH </p><p id="p0013" num="0013"><img id="imgf000003_0002" he="95" wi="115" file="imgf000003_0002.tif" img-format="tif" img-content="drawing" orientation="portrait" inline="no"/><!-- EPO <DP n="4"/>-->
 An alternative process is described in W099/35113 in which maleic anhydride esters are fed to a reaction process in which three different catalysts are used. First the maieate is converted to the succinate in the presence of the first catalyst which is a heterogeneous selective hydrogenation catalyst at a temperature of from 120°C to 17CPC and a pressure of 3 to 40 bara. The succinate is then passed directly to the presence of the second catalyst where it is converted mainly into γ-butyrolaetone. The product of the reaction with the second catalyst is then fed directly to the presence of a third catalyst which is used to dehydrate the y-butyroiactone to produce tetrahydrofuran. Some of the y-butyrolactone formed in the presence of the second catalyst is transferred to a second reaction loop operating at a higher pressure where it is converted to 1 ,4-butanedioi. </p><p id="p0014" num="0014">As the first step in Scheme 1 and the first catalyst used in the alternative process described in W099/35113 reiates to the hydrogenation of the dimethyl maieate to dimethyl succinate, it has been suggested that dimethyl succinate or diethyl succinate may be suitable starting materials for the reaction with hydrogen to form 1 ,4-butanedioi, tetrahydrofuran and/or y~ butyrolactone. </p><p id="p0015" num="0015">One process in which dimethyl succinate is used in the production of tetrahydrofuran and 1 - 4-butanediol is described in US4856297, In this process, methanol is added to the ester feed to increase conversion and reduce transesterification. Another example of a process in which dimethyl succinate is suggested as a feed is W099/35136 in which reaction with hydrogen occurs over two different catalysts, to form a mixture of tetrahydrofuran and γ~ butyrolactone, </p><p id="p0016" num="0016">Maieic anhydride is commonly produced commercially from benzene or n-butane, both of which are ultimately derived from crude oil. It is therefore desirable to look for alternative starting materials which are not derived from oil in an attempt to improve the environmentai impact and potentially improve the economics. </p><p id="p0017" num="0017">Recently, there have been significant advancements in processes to produce and recover succinic acid from the fermentation of sugars. Examples of processes can be found in, for example, US5958744, US6265190 and US8246792, Currently demonstration plants have been constructed, it is anticipated that in due course such processes may be able to compete with maleic anhydride as an economic feedstock for the production of 1 ,4- butanedioi. </p><p id="p0018" num="0018">Where succinic acid is used as the feedstock, it will generally first be esterifted to produce dialkyi succinate. While the processes and plant described in US4795824 and WO90/08127 
<!-- EPO <DP n="5"/>-->
 may be used to produce dialkyl succinates from succinic acid, there are various disadvantages and drawbacks. </p><p id="p0019" num="0019">The processes described in these prior art systems are not ideaily suited to being carried out where the starting material is succinic acid, This is particularly the case where the succinic acid is produced by a fermentation process. For ease of reference, we will refer to succinic acid produced by fermentation processes as "bio-succinic acid" and the term should be construed accordingly. </p><p id="p0020" num="0020">Bio-succinic acid generally contains impurities. These may be fermentation residues and byproducts. These impurities, which may include sulphur, may be detrimental to the operation of catalysts used in reactions which utilise this bio-succinic acid. This is particularly problematic where the subsequent reactions utilise a copper based catalyst. Another arrangement where the impurities are particularly detrimental is where the subsequent reaction uses an acid resin catalyst such as an esterification, Whiist it may be possible to address the problem by removal of these impurities by purification processes prior to contact with catalyst in the subsequent reactions, the number of steps required to produce succinic acid of sufficient purity are substantial. The requirement for these purification steps significantly increase both the capital and operating costs associated with the succinic acid production plant. it is therefore desirable to provide a process for the production of dialkly succinate from bio- succinic acid without the need for the complex and expensive purification steps. </p><p id="p0021" num="0021">JP1218958 describes a process for the esterification of succinic acid using a homogeneous acid catalyst. In this process, an extremely dilute solution of the succinic acid in methanol is supplied, with a homogeneous catalyst to the upper region of a distillation column where it is passed in counter-current to methanol added at the base of the column. Esterification occurs within the column and the dialkyi succinate is removed from the base of the column. As a very dilute solution of the succinic acid is used, about 1 to 20 wt percent, a large methanol recycle flow will be required and substantial costs will be incurred in separating the methanol from the water of esterification produced in the reaction. Example 1 of JP 1218958 illustrated the problems associated with the deactivation of a resin catalyst where the succinic acid is bio-succinic acid. </p><p id="p0022" num="0022">The problems associated with using bio-succinic acid in an esterification reaction in the presence of a resin catalyst are also illustrated In Example 1 of "Reaction Kinetics for the Heterogeneously Catalyzed Esterification of Succinic Acid with Ethanof Kolah A K er ai Ind. Eng. Chem. Res., 2008, 47(15) pp 5313-5317, "Pervaporation-assisted Esterification of 
<!-- EPO <DP n="6"/>-->
 Lactic and Succinic Acids with Downstream Ester Recovery" Benedict at ai, J. Membrane Sci., 2008, 281 pp 535-445, "Combined Technology of Catalytic Esterification and Absorption of Succinic Acid" Ding B et ai The Chinese Joumai of Process Engineering 2007- 01 , US 5723839, and "Preparation of Diethyl Succinate by Catalytic Esterification and Absorption Dehydration" Gang C et ai China Surfactant Detergent &amp; Cosmetics 2008-04, </p><p id="p0023" num="0023">Various processes have been suggested for carrying out the esterification in a non-catalysed system. in JP 04091055 succinic monoester obtained by the esterification reaction of succinic acid or succinic anhydride is introduced into a reactor with alcohol, The reaction to the diester is carried out in the absence of a catalyst. It is likely that the product removed from the bottom of the reactor will still contain significant amounts of mono-ester and as such would be unsuitable for use in downstream reactions using, for example, a copper catalyst. In addition, it is believed that the diester taken from the base of the reactor will include heavy impurities carried over from the production of the bio-succinic acid, </p><p id="p0024" num="0024">A further problem with non-catalysed reactions is that these systems are likely to have a low conversion rate and will therefore have a high acid content. Since many of the known processes for producing, for example, 1 ,4-butanediol use a copper based catalyst, the presence of the acid is problematic since it will be deactivated by the acidic species present. This will necessitate regular shut down to replace the deactivated catalyst. This deactivation may be exacerbated in systems where the starting material includes a double bond due to the the high heat release on the conversion of the double bond in the hydrogenation step. To address this, the acid would have to be removed, which would require a number of steps which would add to the capital and operating costs of the process. </p><p id="p0025" num="0025">Using dialkyl succinate may overcome the problems associated with the high heat released on the conversion of the double bond and offer various other advantages such as obviating the risks of fumarates being formed which is also a problem associated with using maleic anhydride as a starting material. However, if the di-estehfication of the succinic acid is not complete, acidic species will still be present in the reaction feed which can lead to deactivation of the catalyst unless steps are taken to remove the acid. If is therefore desirable to have a process which produces complete conversion to the di-ester and in particular a di-ester which is a suitable feed to a hydrogenation reaction. High conversion will require a large excess of dry alkanoi. The recovery and recycie of this dry alkanol incurs high capital and operating costs. </p><p id="p0026" num="0026">S 
<!-- EPO <DP n="7"/>-->
 There are also problems associated with using succinic acid as the starting material. Succinic acid Is a crystalline solid at ambient temperatures and has a melting point above normal esterification temperatures. In addition it has low solubility in water and a!kanols such as methanol. These iimit the manner in which it can be used. This presents challenges in using succinic acid as a starting material in conventional esterification processes which are generally tailored to liquid feeds. </p><p id="p0027" num="0027">A further problem is that the volatility of the dialkyl succinate means that although in conventional counter-current reactions, the diester is predominately removed from the base of the column, a portion will carry over from the top of the reaction column with the produced water of esterification and excess alkano! and will be lost thereby reducing the efficiency and hence impacting on the economics of the process, In addition, the presence of the ester in this stream can create an effluent problem. </p><p id="p0028" num="0028">It is therefore desirable to provide a process which addresses at least some of the above- identified problems which occur when the starting material is bio-succinic acid. It is particularly desirable to provide a process which addresses ail of the above problems. </p><p id="p0029" num="0029">The problem may be addressed by carrying out an aufocatalytic reaction in a reaction distillation zone coiumn in which the acid and the alcohol flow co-currentiy in an esterification reaction column, recovering a stream comprising the ester from the coiumn and purging the heavy impurities from at or near the base of the coiumn. A combination of distillation and phase separation and stages can enable the prior art probiems to be addressed. </p><p id="p0030" num="0030">Thus according to the present invention, there is provided a process for the production of dialkyl succinate from a bio-succinic acid feedstock comprising the steps of: </p><p id="p0031" num="0031"> (a) feeding bio-succinic acid to a point at or near the bottom of a reaction distillation zone column operated at temperatures and pressures to enable esterification of the succinic acid and passing said stream co-currentiy with upflowing alkanol such that said esterification reaction occurs; </p><p id="p0032" num="0032"> (b) removing an overhead vapour stream from at or near the top of the reaction distillation zone column comprising di-ester, alkanol, water of esterification and organic components and passing said stream to an alkanol separation column where the alkanol is separated from the water of esterification and from the organic components; </p><p id="p0033" num="0033"> (c) removing a side draw from the alkanol separation coiumn from a point below the feed point thereto, said side draw comprising partially immiscible organic and aqueous phases; 
<!-- EPO <DP n="8"/>-->
 (d) passing said side draw to phase separation apparatus where the partially immiscible organic and aqueous phases are separated; </p><p id="p0034" num="0034"> (e) passing said organic phase to a column where the dialkyl succinate is separated from residual water and other organic components; and </p><p id="p0035" num="0035"> (f) recovering the dialkyl succinate. </p><p id="p0036" num="0036">By removing the di~ester at or near the top of the reaction distillation zone column, the problems associated with the heavy impurities from the feed contaminating the ester, which are noted where the product is taken from the bottom of the column as occurs in counter- current systems, are overcome. Further, carrying out the reaction and initial distillation in a co-current manner enables unreacted acid and mono-ester to be retained within the column by internal recycles for subsequent reaction thereby improving the conversion and hence the efficiency of the reaction, </p><p id="p0037" num="0037">A further benefit of the present invention is that the ratio of aikanol required to complete the conversion to the diester is reduced when compared to that required for counter-current reactions. In the counter-current systems, where the succinic acid is introduced slurried or dissolved in methanoi, a significant proportion of that methanol flashes into the vapour phase and therefore does not take part in the liquid phase reactions, In contrast, in the present invention, where the reaction column is operated in a co-current manner, all of the alkanoi is available for the esterification reaction. As the ratio of aikanol to the succinic acid is lower in the present invention, the size of reactor vessels can be reduced and hence the capital and operating costs are similarly reduced, in addition, energy requirements wi!! be reduced. </p><p id="p0038" num="0038">The feed to the reaction distillation zone column will comprise bio-succinic acid which will inciude the impurities which are present following the formation of the succinic acid by fermentation of biomass. Impurities present will depend on the source of the biomass and the fermentation process employed. However, they will generally include one of more of proteins, sugars, amino acids, succinamic acid, succinamides, ammonium, sulphur, organics and metal ions. Organics include other organic acids such as acetic acid, pyruvic acid, fumaric acid, malic acid and/or lactic acid. The metal ions may be present in the biomass due to nutrient or feed impurities. The present invention enables the reaction to be carried out without the requirement to separate out these impurities in advance of the esterification reaction. in one arrangement, the bio-succinic acid may be supplied to the reaction distillation zone column as a solid. In another arrangement, it may be provided as a slurry or in solution in alkanoi or water. Where it is provided as a slurry or solution in aikanol, this aikanol may represent the full aikanol inventory or a part thereof. Where it is only a part of the fu!i 
<!-- EPO <DP n="9"/>-->
 requirement, make-up alkanol may be added to the reaction distillation zone. The overall ratio of alkanol to succinic acid will be in the region of about 3:1 to about 10:1. It will be understood that this is above the stoichiometric ratio for the esterification of succinic acid. </p><p id="p0039" num="0039">The present invention may be operated with bio-succinic acid feed comprising 50 wt% or more succinic acid, In one arrangement, it may be 80 wt% or more. The acid feeds may include up to about 20 wt% water. However, a lower water content is generally preferred. The water content will vary with the crystallisation conditions and drying profile. In one arrangement, the typical water content will be in the region of about 5 wt% water. The remainder will generally be the impurities. </p><p id="p0040" num="0040">The bio-succinic acid feed may be co-fed with one or more of maleic acid, maleic anhydride and mono-alkyl maieate. </p><p id="p0041" num="0041">The reaction distillation zone column operates in co-current manner and as the di-ester of succinic acid is more volatile than both the succinic acid and the mono-ester it is preferentially vaporised from each reaction stage, and therefore its concentration upward !y through the column will increase. The temperature profile can be designed to retain the acid and mono-ester in the coiumn until di-esterification has occurred, Thus the conversion to the desired product is optimised. in one optional arrangement, before the bio-succinic acid is added to the reaction column, it may be pre-reacted with alkanol in a pre-reactor. Suitable pre-reactors Include a stirred tank reactor. The stirred tank reactor is preferably a continuous stirred tank reactor. Any suitable reaction conditions may be operated, in one arrangement the stirred tank reactor will be operated at a temperature in the region of from about 120°C to about 140°C to enable the crystals of succinic acid to be dissolved and to keep the acid in solution and to allow the esterification reaction to occur. Suitable temperatures include 120<sup>C'</sup>C<sub>»</sub> 125°C, 130°C, 135<sup>C</sup>'C and 140<sup>*</sup>0. The pressure within the stirred tank reactor may be in the region of from about 5 bara to about 10 bara. This is the optimum pressure to keep the alkanol in solution. Suitable pressures include 5 bara, 8 bara, 7 bara, 8 bara, 9 bara and 10 bara. Where an elevated pressure is used, the first reactor will be operated at a sufficiently high temperature for the autocatalytic esterification reaction to proceed relatively fast, in the order of 20 to 90 minutes, and the vaporisation of the alkanol to be prevented. The vaporisation is undesirable as it will adversely affect the reaction equilibrium. In one arrangement, the reaction time will be of the order of 40 to 50 minutes. </p><p id="p0042" num="0042">Any suitable molar ratio of alkanol to succinic acid may be selected for the stirred tank reactor. I one arrangement, the molar ratio selected will be of from about 1 :1 to about 6:1 
<!-- EPO <DP n="10"/>-->
 alkanoi to succinic acid. Molar ratios of about 2:1 , 3:1 and 4:1 may a!so be used. It will be understood that increased alkanoi will reduce reaction time. However, the presence of increased alkanoi will increase the cost of alkanoi recycle. </p><p id="p0043" num="0043">Heat may be generated in the autocataiytic reaction in the pre-reactor. A portion of this may be used to overcome the heat of dissolution of the bio-succinic acid where the feed is a solid or a slurry. Any residual heat may be recovered and utilised in the process of the present invention or in upstream or downstream reactions. This may be by means of condensing vapourised alkanoi or my alternative means. In an alternative arrangement, heat may have to be supplied to overcome the heat of dissolution. </p><p id="p0044" num="0044">The stream removed from the pre-reactor may be a solution but may contain some residual solids. In one arrangement, the stream removed from the pre-reactor may be a slurry. </p><p id="p0045" num="0045">The product stream from the pre-reactor comprising unreacted succinic acid, mono alkyl ester, dialkyl ester, alkanoi, water of esterification and impurities may optionally be passed via a subsequent reaction vessel where further reaction occurs such that the conversion of any mono-ester to di-ester is increased. Any suitable subsequent reaction vessel may be used, In one arrangement, a plug flow reaction vessel may be used. Any suitable reaction conditions may be used in this reactor which allows the further esterification to occur. </p><p id="p0046" num="0046">If the subsequent reaction vessel is used, the reaction stream recovered from the plug flow reactor will be passed to the reaction distillation zone column. </p><p id="p0047" num="0047">Where a pre-reactor, optionally with a subsequent reactor are used, the recovered steam may be treated such that there is a crude removal of the water of esterification, and optionally, excess alkanoi. Any suitable treatment means may be provided. In one arrangement, a flash/distillation column may be used. </p><p id="p0048" num="0048">Additionally or alternatively, the temperature of the reaction stream may be adjusted as required before being added to the reaction distillation zone column. </p><p id="p0049" num="0049">The use of the optional pre-reactor and the optional subsequent reaction vessel will generally reduce the amount of alkanoi required for the reaction distillation zone column. </p><p id="p0050" num="0050">Any suitable reaction distillation zone column arrangement may be used. In general if will be designed to maximise reaction and improve separation. Thus a plurality of reaction distiliation stages may be used. In one arrangement, the reaction distillation zone column will comprise liquid hold-up trays to afford extra residence time therein. In addition, conventional distillation stages may be located in the reaction distillation zone column above 
<!-- EPO <DP n="11"/>-->
 the reactive distillation stages. By this arrangement, heavy impurities, succinic acid and mono-ester can be retained in the reaction distillation zone column, A partial condenser may be present to assist in retaining the impurities in the column. The heavy impurities may then be purged from the sump of the reactor. </p><p id="p0051" num="0051">In one alternative arrangement, a divided wall column may be used. In this arrangement, the feed may be fed to opposite sides of the wall to any recycles. </p><p id="p0052" num="0052">The reaction distillation zone column may be operated at any suitable reaction conditions to assist the furtherance of the reaction. An overheads pressure of about 1.3 bara to about 10 bara. Pressures of 1 bara, 2 bara, 3 bara, 4 bara, 5 bara and 8 bara may be used. A pressure of about 2 bara may offer certain advantages particularly where the alkanoi is methanol, The pressure is selected to allow sufficient alkanoi concentration to be retained in the liquid phase at the required reaction temperature. </p><p id="p0053" num="0053">Any suitable reaction temperature may be used. In one arrangement the reaction distillation zone column may operate at a temperature of about 80°C to about 300<sup>a</sup>C. Particular advantages may be noted where a temperature of about 100°C to about 200°C is used, A temperature of about 150<sup>3</sup>C may be particularly advantageous. The temperature in the column sump may be about 80°C to about 250°C while the temperature in the overheads of the column may be about 80"C to about 170<sup>C</sup>'C, </p><p id="p0054" num="0054">The reaction in the reaction distillation zone column may be carried out in the absence of a catalyst such that it is auto-catalysed. In an alternative arrangement, a catalyst may be used. In one arrangement, the catalyst may be located in the sump of the reaction distillation zone column. In an alternative arrangement, the catalyst may be located in the upper stages of the reaction distillation zone column. By this means, the impurities will not come into contact with the catalyst. </p><p id="p0055" num="0055">The stream removed from at or near the top of the reaction distillation zone column is passed to an alkanoi separation column. In one alternative, before the stream is passed to the alkanoi separation column, it may be passed through a condenser, or part condenser, to recover heat which may be used in the system. In addition, this will reduce the cooling water load on any condenser on the alkanoi separation column. Fully condensing the overheads stream may be desirable to allow the reaction distillation zone column to operate at a lower pressure, rather than a higher pressure, than the alkanoi separation zone in order to moderate the temperature of the sump of the reaction distillation zone column. This will allow lower grade reboil heat and hence allow lower grade material to be used for 
<!-- EPO <DP n="12"/>-->
 construction. in one arrangement, the presence of the aikanol separation column can give an overhead pressure of about 1.3 bara. </p><p id="p0056" num="0056">The stream removed from the reaction distillation zone column may be supplied to any suitable point of the aikanol separation column. In one arrangement it will be supplied at or near a central region thereof. </p><p id="p0057" num="0057">The aikanol separation column may be of any suitable configuration, Aikanol will be removed from at, or near to, the top of the aikanol separation column, This aikanol may be recycled to the reaction distillation zone column and/or to the pre-reactor where present. Conventionally, this aikanol will be removed as a liquid. In one arrangement, the aikanol may be removed as a vapour. Generally the vapour will be compressed before being pumped to the point at which it will be used. By this means, the condenser duty on the aikanol separation column can be reduced. Where the vapour is returned to the reaction column, having it as a vapour will reduce the vaporisation duty for the reboiier of the reaction column, </p><p id="p0058" num="0058">In one arrangement, a purge may be taken. This purge may remove light impurities and/or sulphur. As the aikanol is continuously removed overhead from the reaction distillation zone column, the reaction is not equilibrium limited and as such very high purity aikanol is not required to achieve a high purity di-ester product, The aikanol separation column will be operated at any suitable conditions to enable the separation to occur, in one arrangement, the pressure of the column overhead will be in the region of about 1 ,3 bara to about 2 bara. This is particularly appropriate where the aikanol is methanol. Pressures of about 1.5 bara, about 1 bara, and about 1.5 bara. The temperature will depend on the aikanol used. Where the aikanol is methanol, the temperature will be about 70°C. </p><p id="p0059" num="0059">A stream comprising the desired di~ester is removed from the aikanol separation column as a side draw. Generally, the side draw is removed from the aikanol separation column at a point below the feed point. As this side draw comprises partially immiscible organic and aqueous phases, it is passed to a phase separation apparatus. Any suitable phase separation apparatus may be used, in one arrangement, a decanter may be used. </p><p id="p0060" num="0060">The feed io the phase separation apparatus may be cooled to enhance the phase separation. </p><p id="p0061" num="0061">In one arrangement, the separated aqueous phase is returned to the aikanol separation column. The returned aqueous phase is generally returned to a point below the draw point. In a preferred arrangement, the aqueous phase is added just below the draw point. This will </p><p id="p0062" num="0062">II 
<!-- EPO <DP n="13"/>-->
 allow the water/dialkyl succinate azeotrope to be overcome and will minimise di-ester slippage into the alkano! separation coiumn bottoms. An interchanger may be used to recover heat from the aqueous phase being returned to the aikanol separation column. </p><p id="p0063" num="0063">The organic phase recovered from that of the phase separation apparatus may be passed to the reaction distillation zone column, In this arrangement, a stream removing liquid dialkyl succinate will generally be removed from the reaction coiumn as a side draw below the point at which the organic stream from the phase separation apparatus is supplied to the reaction distillation column. In this arrangement, a purge may be taken from the aikanol separation coiumn to remove butanoi. The purge may be taken from a point below the feed point but above the diaikyl succinate/water draw. The draw may be passed through the decanter to minimise the water/alkanol/dialkyi succinate losses in the purge. </p><p id="p0064" num="0064">In an alternative arrangement, the organic phase recovered from the phase separation apparatus ma be passed to a diaikyl succinate separation column. This coiumn preferably operates at mild vacuum to moderate the temperatures required, in one arrangement, the pressure of the column overhead will be in the region of about Q.1 bara to about 1 bara. Pressures of about 0.25 bara, 0.5 bara and about 0.75 bara. The bottoms from the column will be essentially 100% dirnethyisuccinate and thus the temperature will be about 140°C to about 170°C depending on the operating pressure. </p><p id="p0065" num="0065">Generally the di-aikyl succinate will be removed from the diaikyl succinate separation coiumn as a bottom stream. </p><p id="p0066" num="0066">In one arrangement, any residual water in the feed to the dialkyl succinate separation coiumn is removed as an overhead, it may be recycled to the aikanol separation column. </p><p id="p0067" num="0067">Streams containing water from downstream reactions, such as those from the distillation train in the butanedioi production process, may be fed to the aikanol separation column. Where this occurs, butanoi, which is a by-product of the hydrogenolysis reaction in the production of butanedioi, will concentrate in the organics phase from the phase separation apparatus and may optionally he purged from the dialkyl succinate separation column, generally as a liquid draw. Additionally or alternatively, butanoi may be purged from the aikanol separation coiumn. </p><p id="p0068" num="0068">This butanoi purge, if taken, may contain a significant portion of dialkyl succinate which will be a loss to the system. In one arrangement, these losses may be reduced by replacing the liquid draw purge and allowing more organics to pass into the overhead stream. In this arrangement, the overhead is passed to a second phase separation apparatus where the 
<!-- EPO <DP n="14"/>-->
 aqueous phase is separated from the organic phase. This second phase separation apparatus may be a decanter. In one arrangement, the aqueous phase may be returned to the aikanol separation column. It may be suppiied directly to the a!kanoi separation column or it may be combined with the aqueous phase from the phase separation apparatus located after the aikanol separation column. </p><p id="p0069" num="0069">In one arrangement, the organic phase from the second phase separation apparatus is passed to a dialkyl succinate/butanol separation column, in this arrangement, butanol is concentrated in the overheads of the dialkyl succinate/butanol separation column and a high purity ds-afky! succinate stream is recovered from at, or near, the column bottoms. </p><p id="p0070" num="0070">As the feed to the dialky! succinate/butanol separation column will generaiiy be of relatively low volume, the dialkyl succinate/butanol separation column may advantageously be arranged as a side column in the dialkyl succinate separation column, in this arrangement a vapour draw from the bottom of the dialkyl succinate separation column may be used in place of a dedicated reboiler, in one alternative, the dialkyl succinate/butanol separation column and the dialkyl succinate separation column may be integrated by the use of a divided wail at the base of the dialkyl succinate separation column. in an alternative arrangement, a portion of the diester produced in the reaction distillation column zone is removed as a liquid side draw. The remainder is removed in the overhead and passed to the alkanoi separation column as discussed above, !n one arrangement, a major portion of the diester is removed in the side draw. In this arrangement, the reflux ratio of the reaction distillation zone column will generally be increased so that the majority of the separation of the dialkyl-succsnate from the water of esterification and excess methanol occurs within the reaction distillation zone column rather than in the alkanoi separation column. </p><p id="p0071" num="0071">A portion of the hot dialkyl ester draw from the reaction distillation zone column may optionally be supplied to the dialkyl succinate separation column where the vapour flashed by letting down the pressure can be used in place of a reboiler on the column. </p><p id="p0072" num="0072">Where a portion of the product stream is removed as a side draw from the reaction distillation column and where aqueous recycle streams from the downstream distillation train of butandiol production, the butanol which is a by-product of the hydrogenolysis reaction may be optionally purged as a liquid draw from the alkanoi separation column rather than the 
<!-- EPO <DP n="15"/>-->
 dialkyi succinate separation co!umn since the dialkyi succinate concentration is lower and thus di-ester tosses are reduced. </p><p id="p0073" num="0073">The esterification in the reaction distillation zone column and one or both of the alkanol separation and the dialkyi succinate separation can be performed in separate columns. In one alternative, the reaction distillation column zone and one or both of the distiilation columns can be combined in a single column. In this latter arrangement, the unreacted acid and mono-ester are largely retained in the reaction distiliation column zone by the coiumn reflux with only the more volatile ester leaving overhead. A benefit of keeping the reaction and distillation zones in a single column has the benefit of keeping the recycles within the coiumn. </p><p id="p0074" num="0074">Certain advantages may be noted where the reaction distiliation zone coiumn and the aikanol separation and the dialkyi succinate separation columns are located in separate columns since the column overhead pressures can be tailored to the specific requirements of the respective coiumn. </p><p id="p0075" num="0075">In some embodiments, where the composition of the sump in the reaction distiliation zone column is iargely succinic acid and monoalkyl succinate, a high temperature, possibly in the region of 240° C or above, may be noted. This high temperature may provide some challenges. First, substantial heat may have to be provided to the reboiler. This may be of the order of 40 bar steam. Further, the corrosive nature of the compositions present in the reactor at these temperatures may mean that higher grade materials may be required for the fabrication of the reactors. It is also possible that at these temperatures by-product reactions may occur and/or thermal decomposition of feedstock, impurities may become significant which will negatively impact on the efficiency of the reaction. It is therefore desirable to seek to mitigate these challenges in the embodiments where they occur. </p><p id="p0076" num="0076">In arrangements where this occurs, it may be desirable to remove a purge from the sump of the reaction distiliation zone column. The purge may be taken at a higher than conventional rate, A purge up to about 5% of the feed rate may be taken. This purge may optionally be mixed with alkanoi and passed to a purge reactor in which succinic acid and monoalkyi succinate are converted to the desired dialkyi succinate. This dialkyi succinate may be directly recovered, or in one arrangement may be recycled to the reaction distillation zone column. Where the dialkyi succinate is returned to the reaction distillation zone column, it will generally be supplied above the reaction stages of the column. 
<!-- EPO <DP n="16"/>-->
 The alkanol mixed with the purge will generally be provided in a large excess. In one arrangement 4 or 5 moles of alkanol may be used for each mole of succinic acid and monoalkyl succinate, </p><p id="p0077" num="0077">Any suitable reactor may be used for the purge reactor. In one arrangement, the reactor will be a plug flow type reactor, Any suitable reaction conditions may be used for the purge reactor. Generally, the purge reactor will be operated at a higher pressure, normally 10 to 20 bara, than the coiumn in order to keep the alkanol in solution at sufficiently high temperatures for conversion to occur. Suitable temperatures include about 150<sup>n</sup>C to about 180"C. Whilst a catalyst may be used, generally the reaction will be autocatalytic, The residence time may be from about 1.5 to about 2 hours. It is believed that this should allow 75% or more of the succinic acid and monoalkyl succinate in the purge stream to be converted. This would allow the reaction distillation column zone sump temperature to be reduced to about 220°C. </p><p id="p0078" num="0078">Any suitable alkanol may be used, Generally a C| to C<sub>4</sub> alkanol will be used with methanol o ethanol being preferred and with methanol being particularly preferred. </p><p id="p0079" num="0079">As the process of the present invention can utilise succinic acid of a lower purity such as bio- succinic acid, there are significant savings in the number of purification steps required to be performed on the product of the fermentation process. Thus the costs will be substantially reduced and the succinic esterification plant will be able to supply feed to the butanediol plant at a competitive price in comparison to the conventional maleic anhydride. in one arrangement, a weak base anion exchange resin system may be used as a polishing step to remove any residual impurities which may be present and which could poison any catalyst used in downstream reactions. This polishing step will also act as a guard bed to protect downstream catalyst in the event of slippages in the operation of the present invention. In one arrangement the exchange resin could be a sacrificial system in which case it will generally be constructed for ease of replacement. In an alternative arrangement, it will include a regeneration system with a base solution. </p><p id="p0080" num="0080">The condensing requirement for the alkanol may be reduced by using mechanical vapour recompression of any alkanol recycle stream such that it can be introduced directly into the bottom of the reaction distillation zone column. </p><p id="p0081" num="0081">Whilst the present invention has been described with reference to a purpose-built piant, it will be understood that conventional plants, such as those built to operate the processes described in US 479584 and WO 90/08127, may be adapted to use the present invention. 
<!-- EPO <DP n="17"/>-->
 The dialkl succinate produced in the present invention may be used in the production of 1 ,4- butanediol, tetrahydrofuran and/or γ-butyroiactone. In addition, it may be used in other processes such as in the manufacture of pharmaceuticals, agrochemicals, perfumery products, plasties, coatings, dyes, pigments, printing inks and other organic compounds. Further it may be hydrolysed back to succinic acid. In this case, the add will have a higher purit than the add fed to the present invention. </p><p id="p0082" num="0082">The present invention will now be described by way of example with reference to the accompanying drawings in which: </p><p id="p0083" num="0083">Figure 1 is a schematic illustration of a flow sheet according to one aspect of the present invention; </p><p id="p0084" num="0084">Figure 2 is a schematic iiiustration of a flow sheet according to a second aspect of the present invention; </p><p id="p0085" num="0085">Figure 3 is a schematic iiiustration of a modified arrangement of the flow sheet of Figure 2; </p><p id="p0086" num="0086">Figure 4 is a schematic illustration of a flow sheet according to a third aspect of the present invention; </p><p id="p0087" num="0087">Figure 5 is an iiiustration of one design of a reaction distillation zone column suitable for use in the flow sheet of Figure 2 or 3; </p><p id="p0088" num="0088">Figure 6 is an iiiustration of a design of a reaction distillation zone column suitable for use in the flow sheet of Figure 1 , 4 or 7; </p><p id="p0089" num="0089">Figure 7 is a schematic illustration of a flow sheet according to a fourth aspect of the present invention; </p><p id="p0090" num="0090">Figure 8 is a graph of results from Background Example 1 ; </p><p id="p0091" num="0091">Figure 9 is a graph of results from Background Example 2; </p><p id="p0092" num="0092">Figure 10 is a graph of results from Background Example 3; </p><p id="p0093" num="0093">Figure 11 is a graph Illustrating the results from Example 1 ; </p><p id="p0094" num="0094">Figure 12 is schematic representation of the autociave set up used in Example 
<!-- EPO <DP n="18"/>-->
 Figure 13 is a graph illustrating the results of Example 2 (run 1 }; </p><p id="p0095" num="0095">Figure 14 illustrates the overheads analysis of Example 4; </p><p id="p0096" num="0096">Figure 15 illustrates the flask analysis of Example 4; </p><p id="p0097" num="0097">Figure 18 illustrates the temperatures of Example 4; </p><p id="p0098" num="0098">Figure 17 illustrates the overheads analysis of Example 5; </p><p id="p0099" num="0099">Figure 18 illustrates the pot analysis of Example 5; and </p><p id="p0100" num="0100">Figure 19 illustrates the temperatures of Example 5. </p><p id="p0101" num="0101"> It will be understood by those skilled in the art that the drawings are diagrammatic and that further items of equipment such as reflux drums, pumps, vacuum pumps, temperature sensors, pressure sensors, pressure relief valves, control valves, flow controllers, level controllers, holding tanks, storage tanks, and the like may be required in a commercial plant. The provision of such ancillary items of equipment forms no part of the present invention and is in accordance with conventional chemical engineering practice. </p><p id="p0102" num="0102">The invention will be discussed with reference to the methylation of succinic acid, However, it is equally applicable to the use of other alkanols, </p><p id="p0103" num="0103">As illustrated in Figure 1 , optionally, succinic acid crystals are added in line 1 to a continuous stirred tank reactor A operating at above atmospheric pressure by means of a lock hopper system. Methanol is added in line 2. The succinic acid is simultaneously dissolved in and reacted with the methanol, A product stream 3 from the continuous stirred tank reactor A comprises a part converted mixture of dissolved succinic acid, mono-ester, di-ester, methanol and wafer. This is optionally passed to a plug flow reaction vessel B where further conversion from mono to di-esfer occurs. This feed is then passed to the distillation reaction distillation zone column C at or near the base thereof. </p><p id="p0104" num="0104">Alternatively, the succinic acid is fed directly at or near to the base of the reaction distillation zone column C. It may be fed as a solid or it may be pre-siurried in methanol. Where the plug flow reaction vessel B is admitted, the product stream 3 from the stirred tank reactor is fed directly to the reaction distillation zone column C, The succinic acid and reaction products will flow upwardly as vapour. Additional methanol may be added in line 4. </p><p id="p0105" num="0105">One example of a suitable arrangement for the reaction distillation column zone is illustrated in Figure 8. In one arrangement, a distillation zone 202 is located above a reaction zone 201 , Any suitable packing may be used for these zones. Trays of any suitable configuration 
<!-- EPO <DP n="19"/>-->
 may be used. A purge 11 is removed from the bottom of the reactor C. This will contain the heavy impurities from the hio-succinic acid. A portion of the purge may be returned through the reactor C via heater 203. </p><p id="p0106" num="0106">The bio-succinic acid and the methanol flow upwardly through the reaction distillation column zone C of Figure 1. A methanol wash may be applied to the reaction zone column, impurities from the feed are purged in line 11. </p><p id="p0107" num="0107">A stream comprising diaikyi succinate, water, and excess methanol are removed as an overhead stream 8. A condenser 7 may be provided to provide reflux. The remainder of the stream may be passed through an optional condenser G (illustrated in Figure 2) to fully condense the stream before it is passed in iine 8 to the alkanol separation column E. Fully condensing the stream enables the reaction distillation zone column to be operated at a lower pressure than the alkanol separation column. </p><p id="p0108" num="0108">A methanol stream is removed in line 29. A condenser 10 may be provided to provide column reflux. Column bottoms are purged in line 5. A reboiler 12 may be provided on the column E. </p><p id="p0109" num="0109">Butanoi may be removed as a side draw in line 28 as shown in Figure 1. </p><p id="p0110" num="0110">Dimethyl succinate is removed from the alkanol separation column E as a liquid side draw 13 from a point below the point at which line 8 is added to the column E. This stream 13, which will also include water, is passed to decanter F where the partially immiscible organic and aqueous phases are separated. The aqueous phase is returned to column E in line 14 to a point just below the point at which line 13 is removed. This allows the azeotrope between the water and ester to be overcome and minimise slippage of desired ester into the column bottoms. </p><p id="p0111" num="0111">The dimethyl succinate organic stream is removed from the decanter F in line 15 and returned to the reaction distillation column zone C at a point above the reaction stages. </p><p id="p0112" num="0112">The product stream is removed from reaction distillation column zone C in line 27 at a point below where the dimethyl succinate organic stream in line 15 is added the reaction distillation column zone C. </p><p id="p0113" num="0113">An alternative arrangement is illustrated in Figure 2. In this arrangement, the dimethyl succinate organic stream removed from the decanter F in iine 15 is passed to the diaikyi succinate separation column H. The column includes a reboiler 18. The dimethyl succinate product is recovered from column H in line 17. Any aqueous phase carried over in stream </p><p id="p0114" num="0114">IS 
<!-- EPO <DP n="20"/>-->
 15 from the decanter F will be separated in column H and will be removed overhead in line 18. This stream is recycled back to column E and will generally be added to the reactor with the aqueous stream 14 from the decanter F, A condenser 19 may provide column reflux, </p><p id="p0115" num="0115">Where the a!kanol separation column is also used to separate streams containing water and methanol from a butanediol distillation process, butanol will concentrate In the organics phase in stream 15 from decanter F and may be purged from the dialkyl succinate separation column as a liquid draw in line 20. </p><p id="p0116" num="0116">A modified process is illustrated in Figure 3. This is particularly suitable where the alkanol separation column is used to separate streams containing water and methanol from a butanediol distilSation process. Although the arrangement described above in which the butanol is removed as a side draw in line 20 offers various advantages, some dialkyl succinate will be lost in this draw. The modified process, as illustrated in Figure 3, addresses this. </p><p id="p0117" num="0117">In this arrangement, the side draw 20 is omitted and more organics are allowed to pass in line 18 to decanter I in which partially immiscible aqueous and organic phases are separated. The aqueous phase is returned to the alkanol separation column in line 21. The organic phase is passed in line 22 to a dialkyl succinate/butanoi separation column J. Butanol is removed as overhead in line 23. A condenser 24 may provide column reflux. A column reboiler 25 will generally be provided. The dialkyl succinate is removed from the column J in line 26. </p><p id="p0118" num="0118">A further alternative to the arrangement of Figure 2 is illustrated in Figure 4. In this arrangement, a portion of the product is removed from reaction distillation zone column C as a side draw in line 27. Any butanol present can be removed as a side draw in line 28 from the alkanol separation column. </p><p id="p0119" num="0119">A schematic representation of a reaction distillation column zone C suitable for use in this alternative process is illustrated in Figure 8. </p><p id="p0120" num="0120">A further alternative arrangement is illustrated in Figure 7. This has been illustrated as a modification of the process illustrated in Figure 1. However, it will be understood that this modification may be applied to any embodiment of the present invention. </p><p id="p0121" num="0121">A purge 30 is removed from the sample of reaction distillation zone column C and passed to a purge reactor K. The purge will generally comprise succinic acid and monomethyl succinate. This purge reactor is generally a plug flow type reactor. Methanol is added to the purge reactor K in line 31 , The product from purge reactor K, which contains any unreacted 
<!-- EPO <DP n="21"/>-->
 components from the purge and of the desired dimethyl succinate are returned in line 32 to the reaction distillation zone column C, </p><p id="p0122" num="0122">The present invention will now be described with reference to the following examples. Background Example 1 </p><p id="p0123" num="0123"> A 1 litre autoclave was charged with yriant bio-succinic acid (500 g<sub>s</sub> 4.2 mo!) and methanol (149 g, 4.7 mol, 1.1 equivalent). The vessel was sealed, pressurised to 40 bar(g) under nitrogen and heated to 200°C at which point the reaction mixture was agitated by stirring at 300 rpm. After 3 hours the vessel was cooled and the product discharged as a light-brown slurry. This process was repeated until sufficient monomethyl succinate had been prepared for further esterification testwork. </p><p id="p0124" num="0124">The testwork was repeated to obtain discrete samples of monomethyl succinate derived from crude and pure Myriant bio-succinic acid samples. </p><p id="p0125" num="0125">A 500 mi reaction vessel was charged with 300 g of the crude bio-mono-methyl succinate and 30 g of DPT-2 resin (available from Johnson Matthey Davy Technologies Limited). The vessel was then heated to give an approximate pot temperature of 115<sup>*</sup>0, with the flange heated to a temperature of 120°C to reduce internal reflux. Methanol was then introduced directly into the liquor at 3 molar equivalents per hour. The resulting vapour was removed and condensed, Samples of the liquor were taken with time and analysed by titration against 0.1 M potassium hydroxide using phenoiphthalein as the indicator and acetone as the solvent. The reaction was continued until the monomethyl succinate concentration was &lt;0.5 wt . </p><p id="p0126" num="0126">The experiment was repeated to give 4 runs, the results of which can be seen in Figure 8. The results of the testwork suggest that there was deactivation of the resin with the crude Myriant succinate. </p><p id="p0127" num="0127">Analysis of the deactivated resin by XRF indicated the presence of relatively large amounts of Fe, however, this was not seen in the crude bio-monomethyl succinate. </p><p id="p0128" num="0128">Background Example 2 </p><p id="p0129" num="0129"> The experiment described above was repeated using bio-monomethyl succinate derived from pure Myriant bio-succinic acid. Five repeat runs were performed using the same charge of ion exchange resin, the results of which can be seen in Figure 9. The results indicate that there is little deactivation of the resin with the purer material. 
<!-- EPO <DP n="22"/>-->
 Background Example 3 </p><p id="p0130" num="0130"> To confirm the efficacy of the experiments on the y iant bio-succinic acid samples the process described above was repeated, for a mono-ester feed derived from maieic anhydride. To a 3-necked round -bottomed fiask was added mateic anhydride (2 kg, 20.4 fflol). The vessel was heated to 60°C with stirring, at which point methanol (784 g, 3 mol equivalent) was added drop-wise, maintaining an exotherm of less than 10°C. Once the methanol addition was complete the vessel was crash cooled under running water and discharged. </p><p id="p0131" num="0131">Four repeat esterification tests were performed using the monomethyS maleate synthesised above according to the procedure described previously using the same sample of resin. There was no evidence of deactivation as illustrated in Figure 10. </p><p id="p0132" num="0132">Example 1 </p><p id="p0133" num="0133"> This example demonstrates esterification of succinic acid with methanol at temperatures of 190-210°C in batch autoclaves. </p><p id="p0134" num="0134">Studies on succinic acid conversion were undertaken using 8 x 100 cm<sup>3</sup> Hasielloy<sup>! M</sup> autoclaves each containing a cross-shaped magnetic follower. Heating was provided by a metallic block-heater which was close-fitted to each autoclave. Heating was controlled by a suitable temperature controller and each autoclave was individually magnetically stirred. The block was pre-heated to the desired reaction temperature prior to the addition of the autoclaves. </p><p id="p0135" num="0135">Each autoclave was individually charged with the desired starting composition of succinic acid and methanol (up to 30 g) and the resulting suspension seaied and pressured with 150 psig nitrogen at room temperature, to minimise component vapour losses during reaction. The autoclaves were leak-tested for 45 minutes and all six placed into the pre-heated block together. An initial run had determined that a maximum autoclave pressure (ca. 390 psig at 190°C) was obtained after 25 minutes in the heated block (30 minutes at 21Q°C) and these timings were therefore used as the "T = 0" start times for sampling. </p><p id="p0136" num="0136">Autoclaves were then removed from the block upon reaching their desired sample timings and immediately submerged in ice-water for 15 minutes in order to rapidly quench the reaction. Mass balances were calculated from comparison of the autoclave masses after reaction (vented) with that of the empty autoclave. Ali samples were analysed for water (coulometric Karl-Fisher) and by GC (Regisii-treated, 50 m DB-1 column, HY 381 method). 
<!-- EPO <DP n="23"/>-->
 Starting molar compositions of succinic acid to methanol of 1 :2 and 1 :4 were employed at reaction temperatures of 190°C and 210<sup>B</sup>C, above the melting point of succinic acid. Data was collected at 10 or 15 minute intervals starting from T ~ 0 giving data for 50 or 75 minutes per run. Mass balances were generally good (&gt;98%) which is likely to be due to good retention of volatiles with the cold-sampling method employed. Methanol levels by GC, however, are still considered unreliable due to the rapid exotherm present upon Regisii treatment of samples. This is likely to be due to the high levels of water present in these samples, typically being in excess of 10 wt%. </p><p id="p0137" num="0137">The data obtained, which is presented in Tables 1 - 4 shows trends in the components as expected, with greater conversion to dimethylsuccinate at increased temperature and increased methanol to succinic acid ratio. </p><p id="p0138" num="0138">Table 1 </p><p id="p0139" num="0139"> Results of estenf cation of succinic acid in a 1 :4 ratio with methanol at 190°C in 6 x batch autoclaves </p><p id="p0140" num="0140"><img id="imgf000023_0001" he="149" wi="163" file="imgf000023_0001.tif" img-format="tif" img-content="drawing" orientation="portrait" inline="no"/><!-- EPO <DP n="24"/>--></p><p id="p0141" num="0141"><img id="imgf000024_0001" he="180" wi="162" file="imgf000024_0001.tif" img-format="tif" img-content="drawing" orientation="portrait" inline="yes"/></p><p id="p0142" num="0142"> 
<!-- EPO <DP n="25"/>-->
 Tahte 3 </p><p id="p0143" num="0143"> Results of esterif Ication of succinic acid n a 1:4 ratio with methanol at 21 ø*€ in 6 x batch autoclaves </p><p id="p0144" num="0144"><img id="imgf000025_0001" he="160" wi="162" file="imgf000025_0001.tif" img-format="tif" img-content="drawing" orientation="portrait" inline="yes"/><!-- EPO <DP n="26"/>--></p><p id="p0145" num="0145">Table 4 </p><p id="p0146" num="0146"> stilts of esterifica imc acid in </p><p id="p0147" num="0147"> methanol at </p><p id="p0148" num="0148"><img id="imgf000026_0001" he="160" wi="163" file="imgf000026_0001.tif" img-format="tif" img-content="drawing" orientation="portrait" inline="no"/></p><p id="p0149" num="0149">j succinate (C<sub>4</sub> basis) {%) .1 </p><p id="p0150" num="0150">The results are illustrated in Figure 11. </p><p id="p0151" num="0151">Example 2 </p><p id="p0152" num="0152"> This example lustrates esterification of mono-methyl succinate with methanol to the di-ester with conversio 1 of almost 90% at a temperature of 190°C. 
<!-- EPO <DP n="27"/>-->
 The monornethyl succinate for this testwork was synthesized in-house from commercially available succinic anhydride and used in its crude form. A 1 dm<sup>3</sup> stainless steel autoclave fitted with a bottoms sample point was charged with monomethylsuccinate and made up to 200 psig with nitrogen to minimise component vapour pressures. The reactor was then heated to the desired reaction temperature of 190X and methanol pumped to the autoclave via an HPLC pump at a desired rate this was called time zero {"T = 0"), Overheads were extracted via an electrically traced heated line to avoid condensation and reflux of the product mixture. This was then condensed and collected via a water cooled catch-pot as is detailed schematically In Figure 12. in this arrangement, nitrogen and methanol are fed to a stirred reactor 3 in lines 1 and 2 respectively in which monornethyl succinate is formed. The product stream is removed in line 4 where it is trace heated, the stream is then cooled in condenser 5 such that energy is removed, it is then added to the water cooled catchpot 8 </p><p id="p0153" num="0153">A small gas flow through the system was controiled at a needie/metering valve and bubbler combination 7 after the catch-pot 6 whilst maintaining the reactor pressure at 200 psig. The stream may be cooled against water in condenser 8. Samples from the autoclave itself and of the overheads collected were taken al periodic time intervals and subsequently analysed for wafer (coulomelric Karl-Fisher) and by GC. Autoclave samples were analysed after Regisii treatment on a 50 m DB-1 column, and overheads directly analysed for methanol and dimethyl ether on a 80 m DB-1 column. Masses of all samples and reactor contents were noted to allow mass balances to be calculated. </p><p id="p0154" num="0154">A reaction temperature of 190<sup>a</sup>C and a feed rate of 2 mols methanol per mole of monornethyl succinate per hour was chosen; 3 mols of monornethyl succinate was charged to the autoclave requiring a methanol flow rate of 4.05 mL min<sup>"1</sup> for the run. A second run was performed at double this flow rate. When the system was at temperature, methanol flow commenced for 120 minute, with periodic sampling throughout the am. The feed composition and conditions used for each test, Runs 1 &amp; 2 are given in Tables 5 &amp; 8 respectively, while the results are given in Tables 6, 7, 9 and 10. 
<!-- EPO <DP n="28"/>-->
 Table 5 </p><p id="p0155" num="0155"> Feed composition and test conditions for un 1 at 2 mol Methanol per hour per mo! succinic acid </p><p id="p0156" num="0156"><img id="imgf000028_0001" he="104" wi="160" file="imgf000028_0001.tif" img-format="tif" img-content="drawing" orientation="portrait" inline="no"/><!-- EPO <DP n="29"/>--></p><p id="p0157" num="0157">Tabte 6 </p><p id="p0158" num="0158"> Results of un 1 </p><p id="p0159" num="0159"><img id="imgf000029_0001" he="118" wi="160" file="imgf000029_0001.tif" img-format="tif" img-content="drawing" orientation="portrait" inline="no"/><!-- EPO <DP n="30"/>--></p><p id="p0160" num="0160">Table 7 </p><p id="p0161" num="0161"> Results of Run 1 continued </p><p id="p0162" num="0162"><img id="imgf000030_0001" he="116" wi="160" file="imgf000030_0001.tif" img-format="tif" img-content="drawing" orientation="portrait" inline="no"/><!-- EPO <DP n="31"/>--></p><p id="p0163" num="0163">Table 8 </p><p id="p0164" num="0164"> Feed composition and test conditions for Run 2 at 4 mol M t anol per hour per mol succinic ac d </p><p id="p0165" num="0165">Experiment ID Run 2 </p><p id="p0166" num="0166"> Experiment Description 4 moi Methanol hr per mol Succinic acid charged at 19CTC</p><p id="p0167" num="0167">Autodave Charge (1 L Parr) </p><p id="p0168" num="0168"> Component Mass / g RMM / g moT ois Mol Fraction</p><p id="p0169" num="0169">Monomethyisuccinate (Crude) 396.Q 132 3.0 1.00</p><p id="p0170" num="0170">Theoretical Yield (of D S) 438,0 </p><p id="p0171" num="0171"> Crude MonamethylsMcdnste </p><p id="p0172" num="0172"> Analysis </p><p id="p0173" num="0173"> Component Mass RM / g moi<sup>"</sup>' Mois Moi Fraction</p><p id="p0174" num="0174">Methanol 0.9 32 0.027 0.01</p><p id="p0175" num="0175">Dimethyl succinate 62,5 146 0.428 0.14</p><p id="p0176" num="0176">Monomethy! succinate 284.3 132 2.154 0.70</p><p id="p0177" num="0177">Succinic add 47,4 118 0,402 0.13</p><p id="p0178" num="0178">Water 0.9 18 0.048 0.02</p><p id="p0179" num="0179">Iota! 396.0 3..060 </p><p id="p0180" num="0180"> Methanol Flow </p><p id="p0181" num="0181"> Target (molar) 4,0 rno! rr mo (MMS) 12.0 moi MeOH h<sup>"1</sup></p><p id="p0182" num="0182">Flew 384.0 </p><p id="p0183" num="0183"> Density (Methanol) 0.79 g mi<sup>*1</sup> </p><p id="p0184" num="0184"> Target Flow Rate 8.10 mL min<sup>"1</sup> 
<!-- EPO <DP n="32"/>-->
</p><p id="p0185" num="0185"><img id="imgf000032_0001" he="116" wi="157" file="imgf000032_0001.tif" img-format="tif" img-content="drawing" orientation="portrait" inline="yes"/><!-- EPO <DP n="33"/>--></p><p id="p0186" num="0186">Results of Run 2 continued </p><p id="p0187" num="0187"><img id="imgf000033_0001" he="111" wi="123" file="imgf000033_0001.tif" img-format="tif" img-content="drawing" orientation="portrait" inline="yes"/></p><p id="p0188" num="0188"> Sum of Knowns | 112.0 113.0 113,9 1 16.5 
<!-- EPO <DP n="34"/>-->
</p><p id="p0189" num="0189">Exampte 3 </p><p id="p0190" num="0190"> This example demonstrates semi-continuous conversion of mono-methyl succinate and succinic acid to di-methyi succinate with a Sow acid product taken overhead. </p><p id="p0191" num="0191">To prepare feed for ihe test an autoclave was charged with 3000 g bio-succinic acid and 2440 g methanol and heated to 120<sup>°</sup>C under an Inert atmosphere. Once at temperature the vessel was pressurised to 8 - 9 bar(g) and the contents held for 30 minutes prior to discharge. This was to prevent over conversion to dimethyl succinate. The resulting composition was found to be: (wt%) </p><p id="p0192" num="0192">Methanol </p><p id="p0193" num="0193"> Monomethyi succinate </p><p id="p0194" num="0194"> Water </p><p id="p0195" num="0195"> Dimethyl succinate </p><p id="p0196" num="0196"> Succinic acid </p><p id="p0197" num="0197">The distiliation was performed using a 1 " diameter glass column containing nine pieces of Sulzer type EX structured packing, operated in continuous mode, A Liebig condenser was used on the top of the column to cool/condense the overheads. Heating tape was also applied to the column walls allowing then to be held at temperature to assist in entraining the Dimethyl succinate overhead and prevent it being boxed up in the reactor and/or in the column. </p><p id="p0198" num="0198">The reboiler was an insulated 2 litre round-bottomed flask, heated using an isomantle, which would also provide the reaction volume. The temperature of the isomantle was controiied using a Watlow burst fire module with a k type thermocouple attached to the skin of the vessel. A further k type thermocouple was located inside the reboiler to determine the actual process temperature. </p><p id="p0199" num="0199">The column temperature was controlled at 21 G , The flask was charged with 870 g of the above feed and heated to 230<sup>°</sup>C. Once at temperature the feed was introduced via a constametric pump and sampled every hour attempting to maintain 100% mass balance by varying the feed rate (rate maintained between 0,8 - 1.2 niLs/min). </p><p id="p0200" num="0200">Analysis of the chemical composition of the flask was carried out by gas chromatography (GC) using Λ/,Ο-Bis trimethyisilyiacetamide (Regisii) to allow the resolution of acidic species to be achieved. The level of methanol, dimethyl succinate, monomethyl succinate, and succinic acid were determined (Sii8 column 50 m x 0.32 mm). Flask samples were also 
<!-- EPO <DP n="35"/>-->
 analysed for acid conteni by means of a base titration with 0.1 N KOH using methanolic phenolphthalein indicator solution. Water analysis was performed on HP08 which as was fitted with a thermal conductivity detector (TCD), </p><p id="p0201" num="0201">Overheads were analysed for water (HP08) and dimethyi succinate/methanol AS08 (30 rn x 0.32 mm DB-FFAP column), Overhead samples were also analysed for acid content by means of a base titration with 0,1 N KOH using methanolic phenolphfhaiein indicator solution. </p><p id="p0202" num="0202">The separation of dimethyi succinate from the heavier boiling acid species of monomethyl succinate and succinic acid was successful. Acid levels throughout remained low (&lt;0,2 wt% as monomethyl succinate) in the overheads with a dimethyi succinate concentration of &gt;80 wt% observed as shown in Tables 1 1 and 12, </p><p id="p0203" num="0203">Tab!® 11 </p><p id="p0204" num="0204"> Example 3 Results </p><p id="p0205" num="0205"> Hours on fine 0.00 0.75 1.00 1.25 1.50 1.75 2.00 2.75 3.75 6.25</p><p id="p0206" num="0206">Temperatures </p><p id="p0207" num="0207"><sup>'"</sup> S¾ <sup>" </sup> <sup>'</sup>G 230 280.3 280.2 279.8 281.3 <sup>""</sup>ge r 280.2 280.3 280 279.8</p><p id="p0208" num="0208">;Ί¾<sup>· </sup> <sup>"</sup>C 232.2 231.1 230.6 231.7 232.4 <sup>"</sup>233:7 <sup>" </sup> <sup>"</sup>¾¾T¾ 228.2 231.2 237.6 "</p><p id="p0209" num="0209">Column <sup>*</sup>c 215 214.2 212.8 212,7 212.6 <sup>"</sup>¾Ϊ2 ¾ 212,4 212,8 209.9 Heater </p><p id="p0210" num="0210"> Overheads <sup>™</sup>·ζ 115 70 173 153 151 16? 163 170 170 44</p><p id="p0211" num="0211">Rates </p><p id="p0212" num="0212"> Feed<sup>■</sup>· set ml mi!-! 0.50 0.50 <sup>"</sup> J6 <sup>"</sup> 0.70 0.70 0.70 0.70 0.70 0.70 0.7</p><p id="p0213" num="0213">Feed - actual m!/mir- 0.50 0.52 0.75 0.74 0.74 0.74 0.75 0.75 <sup>"</sup> 0689 <sup>""</sup></p><p id="p0214" num="0214">Overhead 9 18.55 23.18 8.41 4.91 18.04 14.5? 34.78 43.66 25.464 sample </p><p id="p0215" num="0215"> weight </p><p id="p0216" num="0216"> Overheads </p><p id="p0217" num="0217"> Analysis </p><p id="p0218" num="0218"> Methane! wt% 1 .89 88.22 26.10 26.10 21.38 27.48 33.54 35.12</p><p id="p0219" num="0219">Dimethyl wi% 78.77 28.24 69.02 69.02 75.23 68.39 61.12 55.68 succinate </p><p id="p0220" num="0220"> Water <sup>'</sup>··¾% 8.83 8.83 3.54 4.8? 4.87 3.39 4.15 5.34 7.12</p><p id="p0221" num="0221">Acid <sup>"</sup> † 0.17 0.17 0.16 0.12 0.12 0.12 0.19 0.13 0.12.</p><p id="p0222" num="0222">Pot Analysis </p><p id="p0223" num="0223"> Methanol <sup>"</sup>¾% 0.00 0.10 0.00 </p><p id="p0224" num="0224"> Dimethyi 37, 72 28.24 31.29 succinate </p><p id="p0225" num="0225"> Monomethyl 41.83 45.27 5 .75 succinate </p><p id="p0226" num="0226"> Succinic add 4.62 5.90 7.38 </p><p id="p0227" num="0227"> Water- 0.00 0.00 0.00 </p><p id="p0228" num="0228"> Others 15.83 .20.48 9.58 
<!-- EPO <DP n="36"/>-->
 Table 12 </p><p id="p0229" num="0229"> E am le 3 Results Continued </p><p id="p0230" num="0230"> Hours on line? <sup>'</sup>Ύϊο 7.35 7.76 8.76 <sup>"</sup>WW 9.93 10.85 11.43 11 .86 i</p><p id="p0231" num="0231">Temperatures </p><p id="p0232" num="0232"> Skin <sup>"'</sup>¾ ' 2 ?<sup>'</sup>9.9 279,8 280.5 279.6 263.8 274 5 280 279.6 280</p><p id="p0233" num="0233">Pot 232.5 233.8 234.1 239.2 230.4 235.8 236 236</p><p id="p0234" num="0234">Column <sup>"</sup>15 212.2 212.4 212.2 233.9 233 2 : 6 206.6 205.1 214.4 Heater </p><p id="p0235" num="0235"> Overheads °G 65 90 1 75 162 2 86 154 177 160</p><p id="p0236" num="0236">Rates </p><p id="p0237" num="0237"><sup>"</sup> F d mi min 0.7 0.7 0.7 0.7 1 1 0.7 0.7 0.7</p><p id="p0238" num="0238">Feed - actual 0.7637 0.7637 ' 0.7659 0.75 1.264 1.264 0,793 0.793 0.7</p><p id="p0239" num="0239">Overhead g 9.8116 10.638 41.28 103,5 38,675 17.9995 17.3475 42.03 12.33 sample </p><p id="p0240" num="0240"> weight </p><p id="p0241" num="0241"> Overheads </p><p id="p0242" num="0242"> Analysis </p><p id="p0243" num="0243"> Methanol wt% 84.9? 90.14 22.75 οΙΤ 19.77 41 ,07 3 .93 20,97 .21.98</p><p id="p0244" num="0244">Dimethyl 10.01 <sup>"</sup>Toi 64.08 <sup>"</sup>SOT<sup>" </sup> <sup>'</sup> 74 : 3 49.08 49.55 72.31 71.14</p><p id="p0245" num="0245">Succinate </p><p id="p0246" num="0246"> Water wt 5.02 8.72 13.18 3,91 <sup>"</sup>lITo 9,85 18.51 8,71 8.88</p><p id="p0247" num="0247">Acid 0.36 0.24 0.14 0.16 0.15 Έ2 0.24 0.15 0.15</p><p id="p0248" num="0248">Pol Analysts </p><p id="p0249" num="0249"> Methanol 0.00 0. 8 0.12 0.00 0.00 </p><p id="p0250" num="0250"> Dimethyl wt% 31.08 28.81 2.56 24.41 18.23 </p><p id="p0251" num="0251"> Succinate </p><p id="p0252" num="0252"> McrsornethyS wt% 48,91 I 50.40 53.98 48.11 54.88 succinate </p><p id="p0253" num="0253"> Succinic acid wt% 8.23 ] 7.09 8.61 12,54 17,52 </p><p id="p0254" num="0254"> Water wt% 0.00 ] <sup>'</sup>Too 0.00 0.00 0.00 </p><p id="p0255" num="0255"> 11.77 13.56 14.94 9.37 
<!-- EPO <DP n="37"/>-->
</p><p id="p0256" num="0256">Example 4 </p><p id="p0257" num="0257"> This example demonstrates an extended test replicating the resuits of Example 3 to achieve near steady state conditions. </p><p id="p0258" num="0258">The feed was prepared as detailed in Example 3. The resulting composition was found to </p><p id="p0259" num="0259">Methanol </p><p id="p0260" num="0260">Monomethyl succinate Water </p><p id="p0261" num="0261">Dimethyl succinate Succinic acid </p><p id="p0262" num="0262">A 1 litre round-bottomed flask (RBF) was charged with 820.9 g of the above feed. The reaction was performed as in Example 3, except that the 1" wide distillation column now contained twelve pieces of Suizer packing to aid separation and the column had two heated zones enabling the temperature of both the top and bottom areas of the column to be controlled. The reaction was sampled periodically as described in Example 3. </p><p id="p0263" num="0263">Dimethyl succinate levels in the overheads were relatively steady throughout the test and acid (as monomethy! succinate) in the overheads was low (&lt;0,1 wt%). An increase in the column heater temperature at the end of the test, leading to flooding of the column demonstrates how overheating and reduced separation efficiency will lead to increased acid carryover into the overheads. Figures 14, 15 and 16 show the overheads composition, flash composition and key temperatures over the duration of the test. </p><p id="p0264" num="0264">Example 5 </p><p id="p0265" num="0265"> This example demonstrates further distillation of the overheads from Example 4 to separate dimethyl succinate from methanol and water. </p><p id="p0266" num="0266">The overheads collected during Example 4 were bulked together and 1471.4 g were charged to a 2 L round bottom flask and distilled batch wise using the column set-up described in Example 3. Overhead samples and pot samples were taken every hour and the samples were analysed on GC AS08 for methanol and dimethyl succinate concentration and water analysis (Karl Fischer volumetric titration). Some samples were also analysed for acid 
<!-- EPO <DP n="38"/>-->
 content by means of a base titration with 0.1 N KOH using methanoiic phenolphfhaiein indicator solution. </p><p id="p0267" num="0267">Figure 17, 18 and 19 show the overheads composition, pot composition and temperatures respectively over the course of the test. Note in Figure 17 how water is not compieteiy separable from dimethyl succinate by simple distillation, due to the existence of a low boiling azeotrope. </p><p id="p0268" num="0268">3<sup>'</sup>? 
</p></description><claims mxw-id="PCLM84244926" ref-ucid="WO-2015082915-A1" lang="EN" load-source="patent-office"><claim id="clm-0001" num="0001"><!-- EPO <DP n="39"/>--><claim-text> CLAIMS </claim-text><claim-text>A process for the production of dialkyl succinate from a bio-succlnic acid feedstock comprising the steps of: </claim-text><claim-text> (a) feeding hio-succinic acid to a point at or near the bottom of a reaction distillation zone column operated at temperatures and pressures to enable esterification of the succinic acid and passing said stream co-currently with upflowing aikanol such that said esterification reaction occurs; </claim-text><claim-text> (b) removing an overhead vapour stream from at or near the top of the reaction distillation zone column comprising di-ester, aikanol, wafer of esterification and organic components and passing said stream to an aikanol separation column where the aikanol is separated from the water of esterification and from the organic components; </claim-text><claim-text> (c) removing a side draw from the aikanol separation coiumn from a point below the feed point thereto, said side draw comprising partially immiscible organic and aqueous phases; </claim-text><claim-text> (d) passing said side draw to phase separation apparatus where the partially immiscible organic and aqueous phases are separated; </claim-text><claim-text> (e) passing said organic phase to a coiumn where the diaikyi succinate is separated from residual water and other organic components; and </claim-text><claim-text> (f) recovering the diaikyi succinate. </claim-text><claim-text>A process according to Claim 1 wherein the bio-succlnic acid is added to a pre- reactor prior to being supplied to the reaction distillation zone column. </claim-text><claim-text>A process according to Claim 2 wherein the pre-reactor is a continuous stirred tank reactor. </claim-text><claim-text>A process according to Claim 2 or 3 wherein a product from the pre-reactor is passed to a plug flow reaction vessel before being fed to the reaction distillation zone coiumn, </claim-text><claim-text>A process according to any one of Claims 1 to 3 wherein the reaction distillation zone coiumn is operated at an overheads pressure of about 1.3 bara to about 10 bara, </claim-text><claim-text>A process according to any one of Claims 1 to 5 wherein reaction distillation zone column operates at a temperature of about 80°C to about 300"C. 
<!-- EPO <DP n="40"/>-->
</claim-text><claim-text>7. A process according to any one of Claims 1 to 6 wherein the reaction in the reaction distillation zone column is carried out in the absence of a catalyst such that it is auto- catalysed. </claim-text><claim-text>8. A process according to any one of Claims 1 to 8 wherein the reaction in the reaction distillation zone column is carried out in the presence of a catalyst. </claim-text><claim-text>9. A process according to Claim 8 wherein the catalyst is located in the upper stages of the reaction distillation zone column. </claim-text><claim-text>10. A process according to any one of Claims 1 to 9 wherein the stream removed from at or near the top of the reaction distillation zone column is passed through a condenser before being passed to the alkanoi separation column. </claim-text><claim-text>1 1. A process according to any one of Claims 1 to 10 wherein the stream removed from the reaction distillation zone column is supplied to a central region of the alkanoi separation column. </claim-text><claim-text>12. A process according to any one of Claims 1 to 11 wherein the alkanoi separated in the alkanoi separation column is recycled to the reaction distillation zone column and/or to the pre-reactor where present. </claim-text><claim-text>13. A process according to any one of Claims 1 to 12 wherein the desired di-ester is removed from the alkanoi separation column as a side draw. </claim-text><claim-text>14. A process according to Claim 13 wherein the side draw is removed from the alkanoi separation column at a point below the feed point. </claim-text><claim-text>15. A process according to any one of Claims 1 to 13 wherein the phase separation apparatus is a decanter. </claim-text><claim-text>18. A process according to any one of Claims 1 to 15 wherein the aqueous phase from the phase separation apparatus is returned to the alkanoi separation column. </claim-text><claim-text>17. A process according to Claim 16 wherein the returned aqueous phase is returned to a point below the side draw point. 
<!-- EPO <DP n="41"/>-->
</claim-text><claim-text>18. A process according to any one of Claims 1 to 17 wherein the organic phase from the phase separation apparatus is passed to the reaction distillation coiumn, </claim-text><claim-text>19. A process according to Claim 18 wherein the diaikyi succinate is removed from the reaction distillation coiumn as a side draw. </claim-text><claim-text>20. A process according to any one of Claims 1 to 17 wherein the organic phase from the phase separation apparatus is passed to a diaikyi succinate separation column. </claim-text><claim-text>21. A process according to Claim 20 wherein the diaikyi succinate separation column is operated at mild vacuum. </claim-text><claim-text>22. A process according to Claim 20 or 21 wherein the diaikyi succinate is removed from the diaikyi succinate separation coiumn as a bottom stream. </claim-text><claim-text>23. A process according to any one of Claims 20 to 22 wherein any water separated in the diaikyi succinate separation column is recycled to the a!kanol separation column. </claim-text><claim-text>24. A process according to any one of Claims 20 to 23 wherein any butanol is removed as a liquid draw from the diaikyi succinate separation column. </claim-text><claim-text>25. A process according to any one of Claims 20 to 24 wherein an overhead from the diaikyi succinate separation column and passed to a second phase separation apparatus. </claim-text><claim-text>28. A process according to Claim 25 wherein the second phase separation apparatus is a decanter. </claim-text><claim-text>27. A process according to Claim 25 or 28 wherein the aqueous phase from the second phase separation apparatus is returned to the alkanol separation column. </claim-text><claim-text>28. A process according to any one of Claims 22 to 24 wherein the organic phase from the second phase separation apparatus is passed to a diaikyi succinate/butanol separation coiumn. </claim-text><claim-text>A process according to any one of Claims 1 to 28 wherein a portion of the diester produced in the reaction distillation column zone is removed as a liquid side draw. 
</claim-text></claim></claims><copyright>User acknowledges that Fairview Research LLC and its third party providers retain all right, title and interest in and to this xml under applicable copyright laws.  User acquires no ownership rights to this xml including but not limited to its format.  User hereby accepts the terms and conditions of the Licence Agreement</copyright></patent-document>
