<?xml version="1.0" encoding="UTF-8"?>
<patent-document ucid="EP-2677983-A1" country="EP" doc-number="2677983" kind="A1" date="20140101" family-id="43975931" file-reference-id="318301" date-produced="20180826" status="corrected" lang="EN"><bibliographic-data><publication-reference fvid="146551488" ucid="EP-2677983-A1"><document-id><country>EP</country><doc-number>2677983</doc-number><kind>A1</kind><date>20140101</date><lang>EN</lang></document-id></publication-reference><application-reference ucid="EP-12708944-A" is-representative="NO"><document-id mxw-id="PAPP154825411" load-source="docdb" format="epo"><country>EP</country><doc-number>12708944</doc-number><kind>A</kind><date>20120223</date><lang>IT</lang></document-id><document-id mxw-id="PAPP181191674" load-source="docdb" format="original"><country>EP</country><doc-number>12708944.9</doc-number><date>20120223</date></document-id></application-reference><priority-claims><priority-claim mxw-id="PPC140447283" ucid="IB-2012050825-W" linkage-type="W" load-source="docdb"><document-id format="epo"><country>IB</country><doc-number>2012050825</doc-number><kind>W</kind><date>20120223</date></document-id></priority-claim><priority-claim mxw-id="PPC140450281" ucid="IT-BO20110078-A" load-source="docdb"><document-id format="epo"><country>IT</country><doc-number>BO20110078</doc-number><kind>A</kind><date>20110224</date></document-id></priority-claim></priority-claims><technical-data><classifications-ipcr><classification-ipcr mxw-id="PCL1988125805" load-source="docdb">A61F  13/15        20060101AFI20120912BHEP        </classification-ipcr></classifications-ipcr><classifications-cpc><classification-cpc mxw-id="PCL-1611583931" load-source="docdb" scheme="CPC">B23K  26/57        20151001 LA20180802BHEP        </classification-cpc><classification-cpc mxw-id="PCL-2030633405" load-source="docdb" scheme="CPC">B23K  26/0063      20130101 LA20150810BHEP        </classification-cpc><classification-cpc mxw-id="PCL-2030635456" load-source="docdb" scheme="CPC">Y10T 156/12        20130101 LA20150810BHEP        </classification-cpc><classification-cpc mxw-id="PCL-2030635569" load-source="docdb" scheme="CPC">A61F  13/15739     20130101 LI20150813BHEP        </classification-cpc><classification-cpc mxw-id="PCL-2030636500" load-source="docdb" scheme="CPC">A61F  13/15756     20130101 LI20150813BHEP        </classification-cpc><classification-cpc mxw-id="PCL-2030638104" load-source="docdb" scheme="CPC">Y10T 156/1313      20130101 LA20150810BHEP        </classification-cpc><classification-cpc mxw-id="PCL-2030638784" load-source="docdb" scheme="CPC">Y10T 156/1348      20130101 LA20150810BHEP        </classification-cpc><classification-cpc mxw-id="PCL-2030640269" load-source="docdb" scheme="CPC">A61F  13/15804     20130101 LA20150810BHEP        </classification-cpc><classification-cpc mxw-id="PCL-2030641668" load-source="docdb" scheme="CPC">A61F  13/15723     20130101 LI20150813BHEP        </classification-cpc><classification-cpc mxw-id="PCL-2030641798" load-source="docdb" scheme="CPC">B65H  35/04        20130101 LA20150810BHEP        </classification-cpc><classification-cpc mxw-id="PCL-2030642463" load-source="docdb" scheme="CPC">B23K  26/206       20130101 LA20150810BHEP        </classification-cpc><classification-cpc mxw-id="PCL-2030642932" load-source="docdb" scheme="CPC">B29C  65/1619      20130101 LA20150810BHEP        </classification-cpc><classification-cpc mxw-id="PCL-2030643722" load-source="docdb" scheme="CPC">B29C  65/002       20130101 LA20150810BHEP        </classification-cpc><classification-cpc mxw-id="PCL-2030644585" load-source="docdb" scheme="CPC">B23K  26/0838      20130101 LA20150810BHEP        </classification-cpc><classification-cpc mxw-id="PCL1988117561" load-source="docdb" scheme="CPC">A61F  13/15699     20130101 FI20131107BHEP        </classification-cpc></classifications-cpc><invention-title mxw-id="PT132186948" lang="DE" load-source="patent-office">MASCHINE ZUR HERSTELLUNG VON SAUGFÄHIGEN HYGIENEARTIKELN WIE WINDELN FÜR BABYS ODER INKONTINENZEINLAGEN FÜR ERWACHSENE, DAMENBINDEN ODER DERGLEICHEN</invention-title><invention-title mxw-id="PT132186949" lang="EN" load-source="patent-office">MACHINE FOR MAKING ABSORBENT SANITARY ARTICLES, SUCH AS NAPPIES FOR BABIES OR INCONTINENCE PADS FOR ADULTS, SANITARY TOWELS OR THE LIKE</invention-title><invention-title mxw-id="PT132186950" lang="FR" load-source="patent-office">MACHINE DE CONFECTION D'ARTICLES D'HYGIÈNES ABSORBANTS TELS QUE COUCHES-CULOTTES POUR BÉBÉS, COUCHES POUR ADULTES INCONTINENTS, SERVIETTES HYGIÉNIQUES OU ANALOGUES</invention-title></technical-data><parties><applicants><applicant mxw-id="PPAR918172504" load-source="docdb" sequence="1" format="epo"><addressbook><last-name>GDM SPA</last-name><address><country>IT</country></address></addressbook></applicant><applicant mxw-id="PPAR918159841" load-source="docdb" sequence="1" format="intermediate"><addressbook><last-name>GDM S.P.A.</last-name></addressbook></applicant><applicant mxw-id="PPAR918981481" load-source="patent-office" sequence="1" format="original"><addressbook><last-name>GDM S.p.A.</last-name><iid>100128375</iid><address><street>Via Battindarno, 91</street><city>40133 Bologna</city><country>IT</country></address></addressbook></applicant></applicants><inventors><inventor mxw-id="PPAR918161646" load-source="docdb" sequence="1" format="epo"><addressbook><last-name>ROSANI MARCO</last-name><address><country>IT</country></address></addressbook></inventor><inventor mxw-id="PPAR918160813" load-source="docdb" sequence="1" format="intermediate"><addressbook><last-name>ROSANI, MARCO</last-name></addressbook></inventor><inventor mxw-id="PPAR918992997" load-source="patent-office" sequence="1" format="original"><addressbook><last-name>ROSANI, MARCO</last-name><address><street>Via Marcel Proust 7</street><city>26019 Vailate (Cremona)</city><country>IT</country></address></addressbook></inventor><inventor mxw-id="PPAR918133699" load-source="docdb" sequence="2" format="epo"><addressbook><last-name>GUARNIERI DAVIDE</last-name><address><country>IT</country></address></addressbook></inventor><inventor mxw-id="PPAR918138131" load-source="docdb" sequence="2" format="intermediate"><addressbook><last-name>GUARNIERI, Davide</last-name></addressbook></inventor><inventor mxw-id="PPAR918986879" load-source="patent-office" sequence="2" format="original"><addressbook><last-name>GUARNIERI, Davide</last-name><address><street>Via Ozanam 13</street><city>20129 Milano</city><country>IT</country></address></addressbook></inventor><inventor mxw-id="PPAR918134070" load-source="docdb" sequence="3" format="epo"><addressbook><last-name>BUGINI LUCA</last-name><address><country>IT</country></address></addressbook></inventor><inventor mxw-id="PPAR918173587" load-source="docdb" sequence="3" format="intermediate"><addressbook><last-name>BUGINI, LUCA</last-name></addressbook></inventor><inventor mxw-id="PPAR918983773" load-source="patent-office" sequence="3" format="original"><addressbook><last-name>BUGINI, LUCA</last-name><address><street>Via Istria 15/10</street><city>24045 Fara Gera D'Adda ( Bergamo)</city><country>IT</country></address></addressbook></inventor><inventor mxw-id="PPAR918132558" load-source="docdb" sequence="4" format="epo"><addressbook><last-name>RUSSO DAVIDE</last-name><address><country>IT</country></address></addressbook></inventor><inventor mxw-id="PPAR918140827" load-source="docdb" sequence="4" format="intermediate"><addressbook><last-name>RUSSO, DAVIDE</last-name></addressbook></inventor><inventor mxw-id="PPAR918992974" load-source="patent-office" sequence="4" format="original"><addressbook><last-name>RUSSO, DAVIDE</last-name><address><street>via del Fico 5</street><city>50122 Firenze</city><country>IT</country></address></addressbook></inventor><inventor mxw-id="PPAR918167159" load-source="docdb" sequence="5" format="epo"><addressbook><last-name>PIANTONI MATTEO</last-name><address><country>IT</country></address></addressbook></inventor><inventor mxw-id="PPAR918169468" load-source="docdb" sequence="5" format="intermediate"><addressbook><last-name>PIANTONI, MATTEO</last-name></addressbook></inventor><inventor mxw-id="PPAR918991376" load-source="patent-office" sequence="5" format="original"><addressbook><last-name>PIANTONI, MATTEO</last-name><address><street>Via Cà Bianca 2/E</street><city>24021 Albino (Bergamo)</city><country>IT</country></address></addressbook></inventor><inventor mxw-id="PPAR918167369" load-source="docdb" sequence="6" format="epo"><addressbook><last-name>PEREGO ALBERTO</last-name><address><country>IT</country></address></addressbook></inventor><inventor mxw-id="PPAR918161696" load-source="docdb" sequence="6" format="intermediate"><addressbook><last-name>PEREGO, ALBERTO</last-name></addressbook></inventor><inventor mxw-id="PPAR918985366" load-source="patent-office" sequence="6" format="original"><addressbook><last-name>PEREGO, ALBERTO</last-name><address><street>Via Paolo Lomazzo 14</street><city>20154 Milano</city><country>IT</country></address></addressbook></inventor></inventors><agents><agent mxw-id="PPAR918988162" load-source="patent-office" sequence="1" format="original"><addressbook><last-name>Bianciardi, Ezio</last-name><iid>101229088</iid><address><street>Bugnion S.p.A. Via di Corticella, 87</street><city>40128 Bologna</city><country>IT</country></address></addressbook></agent></agents></parties><international-convention-data><pct-or-regional-filing-data ucid="IB-2012050825-W"><document-id><country>IB</country><doc-number>2012050825</doc-number><kind>W</kind><date>20120223</date><lang>EN</lang></document-id></pct-or-regional-filing-data><pct-or-regional-publishing-data ucid="WO-2012114295-A1"><document-id><country>WO</country><doc-number>2012114295</doc-number><kind>A1</kind><date>20120830</date><lang>EN</lang></document-id></pct-or-regional-publishing-data><designated-states><ep-contracting-states><country mxw-id="DS548838710" load-source="docdb">AL</country><country mxw-id="DS548867524" load-source="docdb">AT</country><country mxw-id="DS548838711" load-source="docdb">BE</country><country mxw-id="DS548936377" load-source="docdb">BG</country><country mxw-id="DS548930470" load-source="docdb">CH</country><country mxw-id="DS548942064" load-source="docdb">CY</country><country mxw-id="DS548867525" load-source="docdb">CZ</country><country mxw-id="DS548838712" load-source="docdb">DE</country><country mxw-id="DS548942065" load-source="docdb">DK</country><country mxw-id="DS548942070" load-source="docdb">EE</country><country mxw-id="DS548919272" load-source="docdb">ES</country><country mxw-id="DS548936378" load-source="docdb">FI</country><country mxw-id="DS548936379" load-source="docdb">FR</country><country mxw-id="DS548838713" load-source="docdb">GB</country><country mxw-id="DS548942071" load-source="docdb">GR</country><country mxw-id="DS548838714" load-source="docdb">HR</country><country mxw-id="DS548867526" load-source="docdb">HU</country><country mxw-id="DS548930471" load-source="docdb">IE</country><country mxw-id="DS548942072" load-source="docdb">IS</country><country mxw-id="DS548936380" load-source="docdb">IT</country><country mxw-id="DS548942073" load-source="docdb">LI</country><country mxw-id="DS548934831" load-source="docdb">LT</country><country mxw-id="DS548867527" load-source="docdb">LU</country><country mxw-id="DS548934832" load-source="docdb">LV</country><country mxw-id="DS548934833" load-source="docdb">MC</country><country mxw-id="DS548817129" load-source="docdb">MK</country><country mxw-id="DS548817130" load-source="docdb">MT</country><country mxw-id="DS548867528" load-source="docdb">NL</country><country mxw-id="DS548838715" load-source="docdb">NO</country><country mxw-id="DS548942078" load-source="docdb">PL</country><country mxw-id="DS548934838" load-source="docdb">PT</country><country mxw-id="DS548867529" load-source="docdb">RO</country><country mxw-id="DS548934839" load-source="docdb">RS</country><country mxw-id="DS548942079" load-source="docdb">SE</country><country mxw-id="DS548934840" load-source="docdb">SI</country><country mxw-id="DS548838716" load-source="docdb">SK</country><country mxw-id="DS548942080" load-source="docdb">SM</country><country mxw-id="DS548817131" load-source="docdb">TR</country></ep-contracting-states></designated-states></international-convention-data><office-specific-data><eptags><ep-no-a-document-published>*</ep-no-a-document-published></eptags></office-specific-data></bibliographic-data><abstract mxw-id="PA99623478" ref-ucid="WO-2012114295-A1" lang="EN" load-source="patent-office"><p num="0000">In a machine for making absorbent sanitary articles, such as nappies for babies or incontinence pads for adults, sanitary towels or the like, a plurality of operating stations are equipped with cutting and/or sealing devices for the materials of which the articles (2) consist; all or some of the operating stations each being equipped with at least one laser unit for performing the cutting and/or sealing operation; the laser units all being connected to the same laser source (60).</p></abstract><abstract mxw-id="PA99822297" ref-ucid="WO-2012114295-A1" lang="EN" source="national office" load-source="docdb"><p>In a machine for making absorbent sanitary articles, such as nappies for babies or incontinence pads for adults, sanitary towels or the like, a plurality of operating stations are equipped with cutting and/or sealing devices for the materials of which the articles (2) consist; all or some of the operating stations each being equipped with at least one laser unit for performing the cutting and/or sealing operation; the laser units all being connected to the same laser source (60).</p></abstract><abstract mxw-id="PA99623479" ref-ucid="WO-2012114295-A1" lang="FR" load-source="patent-office"><p num="0000">Sur une machine de confection d'articles d'hygiène absorbants tels que couches-culottes pour bébés, couches pour adultes incontinents, serviettes hygiéniques et analogues, une pluralité de postes de travail sont équipés de dispositifs de coupe et/ou de scellage pour les matériaux utilisés pour la confection des articles (2) susmentionnés. Ces postes individuels sont équipés en totalité ou en partie d'au moins une unité laser pour l'exécution d'opérations de coupe et/ou de scellage. Les unités laser sont connectées à la même source laser (60).</p></abstract><abstract mxw-id="PA99822298" ref-ucid="WO-2012114295-A1" lang="FR" source="national office" load-source="docdb"><p>Sur une machine de confection d'articles d'hygiène absorbants tels que couches-culottes pour bébés, couches pour adultes incontinents, serviettes hygiéniques et analogues, une pluralité de postes de travail sont équipés de dispositifs de coupe et/ou de scellage pour les matériaux utilisés pour la confection des articles (2) susmentionnés. Ces postes individuels sont équipés en totalité ou en partie d'au moins une unité laser pour l'exécution d'opérations de coupe et/ou de scellage. Les unités laser sont connectées à la même source laser (60).</p></abstract><description mxw-id="PDES50930842" ref-ucid="WO-2012114295-A1" lang="EN" load-source="patent-office"><!-- EPO <DP n="2"/>--><p id="p0001" num="0001"> Description </p><p id="p0002" num="0002">Machine for making absorbent sanitary articles, such as nappies for babies or incontinence pads for adults, sanitary towels or the like </p><p id="p0003" num="0003">Technical Field </p><p id="p0004" num="0004"> This invention relates to a machine for making absorbent sanitary articles, such as nappies for babies or incontinence pads for adults, sanitary towels or the like </p><p id="p0005" num="0005">Background Art </p><p id="p0006" num="0006"> As is known, the above-mentioned articles are obtained by superposing a sheet of permeable material (non-woven fabric) on a sheet of impermeable material, and interposing an absorbent pad between them. </p><p id="p0007" num="0007"> Generally, in addition to the above-mentioned basic components, the absorbent articles comprise various other components which make their structure, as well as their production, more or less complex. In particular, in the case of nappies for babies or incontinence pads for adults accessory components are normally used, for example, elastic bands, faecal barriers and lateral wings for fastening the nappies or incontinence pads around the waist of the users. </p><p id="p0008" num="0008"> Prior art machines for making such products therefore comprise many feed means for the materials used to make the above-mentioned basic and accessory components. </p><p id="p0009" num="0009"> More precisely, the sheets of impermeable and permeable materials and the various accessory components are made from continuous webs unwound from respective reels and separated into pieces, at operating stations or units, by suitable cutting devices. The various pieces are then joined to each other at stations in which gluing or sealing devices operate. </p><p id="p0010" num="0010"> The devices for transversal cutting of the webs used in machines of the type considered comprise a blade able to move with a back-and-forth motion and an 
<!-- EPO <DP n="3"/>-->
 anvil, or a pair of rollers rotating in opposite directions, substantially at a tangent to each other and respectively equipped with a blade and a counter-blade. </p><p id="p0011" num="0011"> In addition to the transversal cutting devices, there may be further cutting devices for shaping the articles to give them an anatomical shape. In particular, in the case of nappies for babies or incontinence pads for adults, they make two lateral leg openings at the central portion of the nappies for babies or incontinence pads for adults. </p><p id="p0012" num="0012"> As is known, such cutting devices, all of the mechanical type, as well as having considerable dimensions, have the disadvantage of requiring frequent sharpening and regular substitution of the blades. </p><p id="p0013" num="0013"> Moreover, due to the stresses which the reciprocal mechanical action of the blade and the counter-blade apply on the frame of the cutting device, the frame must be suitably sized. For that reasons, the frame is usually made of steel, with consequent negative repercussions in terms of weight, manoeuvrability during installation and transportation, and cost. </p><p id="p0014" num="0014"> In addition to that, the large number of mechanical cutting units of the above-mentioned type significantly increases the noise emitted by the machine. </p><p id="p0015" num="0015"> Similar considerations apply for the various sealing devices located along the production line. In fact, again, the presence of huge steel frames is a disadvantage in terms of dimensions, weight, manoeuvrability and cost. </p><p id="p0016" num="0016">Disclosure of the Invention </p><p id="p0017" num="0017"> The aim of this invention is to provide a machine for making absorbent sanitary articles, such as nappies for babies or incontinence pads for adults, sanitary towels or the like, which is economical to make, assemble and manage, and which at the same time has reduced overall dimensions and weight. </p><p id="p0018" num="0018"> The above-mentioned aim is fulfilled with a machine for making absorbent sanitary articles, such as nappies for babies or incontinence pads for adults, sanitary towels or the like having the features described in one or more of the appended claims. 
<!-- EPO <DP n="4"/>-->
 Brief Description of the Drawings </p><p id="p0019" num="0019"> This invention will now be described with reference to the accompanying drawings which show a non-limiting example embodiment, in which: </p><p id="p0020" num="0020"> Figure 1 is a schematic front view of a machine for making absorbent sanitary articles; </p><p id="p0021" num="0021"> Figure 2 is a plan view of an example of an absorbent sanitary article made by the machine of Figure 1; </p><p id="p0022" num="0022"> Figure 3 is an exploded perspective view of the absorbent sanitary article of Figure 2; </p><p id="p0023" num="0023"> Figure 4 is a block diagram relating to the machine of Figure 1; </p><p id="p0024" num="0024"> Figure 5 is a plan view of the various steps for making the absorbent sanitary article of Figure 3; </p><p id="p0025" num="0025"> Figure 6 is a schematic view of the various steps for making a first detail of Figure 5; and </p><p id="p0026" num="0026"> Figure 7 is a schematic view of the various steps for making a second detail of Figure 5. </p><p id="p0027" num="0027">Detailed Description of the Preferred Embodiments of the Invention </p><p id="p0028" num="0028"> With reference to Figure 1 , the numeral 1 denotes in its entirety a machine for making absorbent sanitary articles 2, such as nappies for babies or incontinence pads for adults, illustrated in Figure 2. </p><p id="p0029" num="0029"> As shown in Figures 2 and 3, the articles 2 have a substantially rectangular shape. </p><p id="p0030" num="0030"> The articles 2 comprise, aligned according to their longitudinal axis, labelled A, a front portion 3, a central portion 4 and a rear portion 5. </p><p id="p0031" num="0031"> At the central portion 4 the articles 2 comprise a recess 6, or leg opening, formed by two arched stretches which are symmetrical relative to the axis A. </p><p id="p0032" num="0032"> The articles 2 comprise a plurality of elements, which may be separated into main elements, or basic components, and accessory elements, or accessory components. </p><p id="p0033" num="0033"> The main elements are a sheet 7 of impermeable material and a sheet 8 of 
<!-- EPO <DP n="5"/>-->
 permeable material (non-woven fabric), designed to respectively form the outer face and the inner face of the article 2. </p><p id="p0034" num="0034"> The sheets 7 and 8 are superposed one on top of the other and interposed between them there is a third main element consisting of an absorbent pad 9, comprising a wad of cellulose fibre 10, enclosed between two sheets 11 of permeable material. </p><p id="p0035" num="0035"> The accessory elements, which may vary in number and shape, are hereinafter described with reference to the sanitary article 2 illustrated in Figure 3. </p><p id="p0036" num="0036"> The numeral 12 denotes two shaped wings fixed to the inner face of the sheet 7, having a grip lobe 12a at the free end and projecting transversally to the axis A from the front portion 3. </p><p id="p0037" num="0037"> The numeral 13 denotes two shaped wings, parallel with the wings 12, projecting from the rear portion 5. </p><p id="p0038" num="0038"> Applied to each of the rear wings 13 there is a small wing 14 equipped with an adhesive strip 15, extending parallel with the axis A, designed to adhere, in use, to a corresponding front strip 16 applied to the front portion 3 of the outer face of the sheet 7. The wings 13 equipped with the small wings 14, together with the front strip 16, form means for fastening the article 2. </p><p id="p0039" num="0039"> Sealed to the sides of the sheet 8 of permeable material there are two strips 17 of impermeable material for thickening and expanding its longitudinal edges, having an elasticated portion 18 at an intermediate stretch of them. </p><p id="p0040" num="0040"> A further accessory element is an elastic band 19 applied, transversally to the axis A, to the inner face of the rear portion 5 of the sheet 7. </p><p id="p0041" num="0041"> On the inner face of the sheet 8 of permeable material, in contact with the absorbent pad 9 and sealed along the border of the latter, there is a sheet of absorbent material 20, called the "acquisition layer", which is designed to render uniform the absorption by the surface of the pad 9. </p><p id="p0042" num="0042"> With reference to Figures 1 and 4, the machine 1 comprises a plurality of modules 21 which are drawn near each other, together forming a base 22 substantially having the shape of a parallelepiped delimited at the front by vertical wall 23. 
<!-- EPO <DP n="6"/>-->
 The wall 23 constitutes the support for a plurality of operating units which are associated with each of the modules 21. </p><p id="p0043" num="0043"> Said operating units comprise cutting and sealing devices, as well as units for unwinding reels of the various component materials of the articles 2, the reels being mounted shafts transversal to the wall 23. </p><p id="p0044" num="0044"> Starting from the left end of Figure 4, the machine 1 comprises at its infeed a unit for unwinding from a reel 24 a continuous web 25 of impermeable material which, once separated into pieces, will form the sheets 7. </p><p id="p0045" num="0045"> With reference also to Figure 5, the continuous web 25 slides along a horizontal path P, in the direction indicated by the arrow F, through the operating units, which gradually make the article 2 by adding successive elements to each stretch, labelled 7', of web 25 corresponding to a sheet 7. </p><p id="p0046" num="0046"> At a first operating unit 26 in the known way, using an adhesive substance, the front strip 16 transversal to the axis A is applied to the front portion 3 of the outer face of each stretch 7' of the web 25 (Figure 5 a). </p><p id="p0047" num="0047"> The strips 16 are obtained by transversally cutting into pieces, with a cutting device which is a laser unit 28, a continuous web unwound from a reel 27. </p><p id="p0048" num="0048"> At a second operating unit 29, using an adhesive substance, the strip 19 of elastic material is applied, transversally to the axis A, on the rear portion 5 of the inner face of each stretch 7' of the web 25 (Figure 5b). </p><p id="p0049" num="0049"> The strips 19 are obtained by transversally cutting into pieces, with a cutting device which is a laser unit 31, a continuous web unwound from a reel 30. </p><p id="p0050" num="0050"> At a third operating unit 32, at the central zone of each stretch 7', an absorbent pad 9 is applied, comprising the wad 10 of cellulose fibre sandwiched between two pieces of 11 permeable material (Figure 5 c). </p><p id="p0051" num="0051"> The pads 9 are made in a continuous succession by a unit, schematically illustrated with a block 33, according to a method described in patent IT2006BO00586, which is incorporated herein in its entirety for a complete description. </p><p id="p0052" num="0052"> A cutting device comprising a laser cutting unit 34 separates the above- mentioned continuous succession into the individual pads 9. 
<!-- EPO <DP n="7"/>-->
 Downstream of the operating unit 32 the web 25 passes through a fourth operating unit 35 for making the two front wings 12 and then application of said wings, with the grip lobe 12a outwards, on each stretch 7' of the web 25 (Figure 5d). </p><p id="p0053" num="0053"> With reference also to Figure 6, the wings 12 are made from the same web</p><p id="p0054" num="0054">36a unwound from a reel 36. </p><p id="p0055" num="0055"> A first cutting device which is a laser unit 37, able to move by oscillating transversally to the direction of feed of the web 36a, divides the web 36a longitudinally according to a line 38 which is substantially sinusoidal (Figure 6a). </p><p id="p0056" num="0056"> The two webs 36b generated by that cutting operation are divided into pieces 12' by respective cutting devices which are a laser unit 39 for making the individual wings 12 (Figures 6b, 6c). </p><p id="p0057" num="0057"> The two front wings 12 are applied in the known way, with the lobes 12a outwards, on each stretch 7' of the web 25. </p><p id="p0058" num="0058"> Downstream of the operating unit 35, along the path P, there is a fifth operating unit 40 for making the two rear wings 13, each provided with a respective small grip wing 14. </p><p id="p0059" num="0059"> With reference also to Figure 7, the wings 13, which have a substantially trapezoidal shape, are made from the same web 41a unwound from a reel 41. </p><p id="p0060" num="0060"> A first cutting device which is a fixed laser unit 42 divides the web 41a longitudinally into two identical webs 41b (Figure 7a). </p><p id="p0061" num="0061"> On each stretch 13', which will form an individual wing 13, on each of the webs 41b, an adhesive substance is used to apply a small wing 14 (Figure 7b). </p><p id="p0062" num="0062"> The small wings 14 are obtained by transversally cutting into pieces, with a cutting device which is a laser unit 43, a continuous web unwound from a reel 44, substantially according to the method already used to obtain the wings 12. </p><p id="p0063" num="0063"> Two cutting devices comprising an oscillating laser unit, schematically illustrated with the block 45, make the oblique cutting lines 13a forming the triangular portions, labelled 13b, located between each pair of wings 13. Said portions 13b are eliminated using suction by a suction roller which is not illustrated. 
<!-- EPO <DP n="8"/>-->
 A further cutting device which is a laser unit 46 completely separates the individual rear wings 13 from the respective continuous webs 41b. </p><p id="p0064" num="0064"> Downstream of the unit 40 the wall 23 supports, close to its right-hand end, a sixth operating unit 47 comprising a unit for unwinding from a reel 48 a web 48a of permeable material (Figure 5i). </p><p id="p0065" num="0065"> A sheet 20 of absorbent material, constituting the "acquisition layer" is coupled to each stretch 8' which will form an inner sheet 8 of a sanitary article 2 (Figure 51). </p><p id="p0066" num="0066"> The sheets 20 are obtained by dividing into pieces, with a cutting device which is a laser unit schematically illustrated with a block 50, a web unwound from a reel 49. </p><p id="p0067" num="0067"> The sheets 20 are then applied to the web 48a by a sealing device which is a laser unit which is schematically illustrated with a block 51. </p><p id="p0068" num="0068"> The lateral strips 17 of impermeable material are also applied to the stretches 8' of the absorbent web 48a (Figures 5m, 5n). </p><p id="p0069" num="0069"> The strips 17 are obtained from a web unwound from a reel 52, through cutting operations carried out by a cutting device which is a laser unit 53. </p><p id="p0070" num="0070"> A sealing device which is a laser unit 54 seals two strips 17, equipped with the above-mentioned elasticated portions 18, according to lines 17a close to the opposite longitudinal edges of each stretch 8'. </p><p id="p0071" num="0071"> The web 48a equipped with the sheets 20 and the lateral strips 17 is guided (arrow Fl) towards the path P and placed against the web 25 of impermeable material, in such a way that the stretches 8' are precisely superposed on the stretches 7'. </p><p id="p0072" num="0072"> The block labelled 55 indicates a device for sealing the stretches 8' and 7' to each other along the respective borders for making a continuous web 56 comprising stretches 2' designed to form the articles 2 (station 5e). </p><p id="p0073" num="0073"> The web 56 passes through a further operating unit 58, comprising a cutting device, consisting of a laser unit 57, able to move in such a way as to cut from each stretch 2' of web 56 two substantially semi-circular portions, thus giving said stretches 2' substantially the shape of an hourglass (Figure 5g). 
<!-- EPO <DP n="9"/>-->
 The operating unit 58 also comprises a cutting device which is a laser unit 59, which divides the web 56 into the individual finished articles 2. </p><p id="p0074" num="0074"> With reference in particular to the diagram in Figure 4, the block 60 indicates a diode-type laser source with predetermined power. </p><p id="p0075" num="0075"> The laser source 60 is shared by all or some of the operating stations used for the cutting and/or sealing operations. </p><p id="p0076" num="0076"> The laser source 60 emits a beam 60a, which is fed to the input of a splitter device of the known type, schematically illustrated with a block 61. </p><p id="p0077" num="0077"> The splitter device 61 splits the beam 60a into a number of secondary beams 60b equal to the number of the above-mentioned laser units for cutting and/or sealing. </p><p id="p0078" num="0078"> The means for conveying the secondary beams 60b to the respective laser units for cutting and/or sealing comprise fibre optic cables 62. </p><p id="p0079" num="0079"> The use of optical fibres is particularly advantageous since the operating stations equipped with the respective laser units are usually remote from each other, that is to say, distributed along the articles production line in positions which are not adjacent. </p><p id="p0080" num="0080"> According to an alternative embodiment, the diode-type laser source 60 is substituted with a QCL (quantum cascade laser) semiconductor-type laser source 60. </p><p id="p0081" num="0081"> In this case, preferably, the laser source 60 emits at a frequency of between 2800 cm-1 and 3200 cm-1. In particular, preferably, the laser source 60 emits at a frequency of between 2900 cm-1 and 3100 cm-1. In that frequency range, the optimum frequency is substantially equal to 3000 cm-1. In fact, at that frequency, in temperature conditions equal to ambient temperature, experiments have shown that the various materials of which the absorbent articles are made demonstrate maximum energy absorption. </p><p id="p0082" num="0082"> According to a further embodiment, the laser source 60 could be of the C02 type. In that case, the means for conveying the secondary beams 60b to the respective laser units for cutting and/or sealing comprise tubular ducts (not illustrated). 
<!-- EPO <DP n="10"/>-->
 The rated power of the source 60 may be substantially equal to the sum of the maximum powers necessary for each of the laser units connected to it. </p><p id="p0083" num="0083"> If the various cutting and/or sealing operations are offset, in such a way that they do not all occur at the same time, the rated power of the laser source 60 may be suitably reduced. In this case, a central unit 63 is provided for selectively powering the individual laser units for cutting and/or sealing, the central unit being associated with the splitter device 61. </p><p id="p0084" num="0084"> Preferably the laser source 60 is positioned remotely relative to the machine 1, since the secondary beams 60b are easily conveyed via the fibre optic cables 62. </p><p id="p0085" num="0085"> Thanks to the use of the laser and the consequent substantial absence of mechanical stresses for the cutting and/or sealing operations, the individual operating stations can each be equipped with a frame made of plastic material. For example, each laser cutting device may comprise a respective frame made of plastic material. Similarly, each laser sealing device may comprise a respective frame made of plastic material. </p><p id="p0086" num="0086"> It is apparent from the above description how this invention eliminates the various disadvantages of the prior art, caused by the use of mechanical cutting and sealing devices. </p><p id="p0087" num="0087"> Full or partial substitution of the mechanical cutting and sealing devices with devices powered by a shared laser source 60, that is to say, a single laser source 60, allows considerable advantages over the conventional methods in terms of maintenance, noise, overall dimensions, overall weight, cost and manoeuvrability of the devices during installation and transportation. 
</p></description><claims mxw-id="PCLM44726785" ref-ucid="WO-2012114295-A1" lang="EN" load-source="patent-office"><claim id="clm-0001" num="0001"><!-- EPO <DP n="11"/>--><claim-text/><claim-text>Claims </claim-text><claim-text>1) A machine for making absorbent sanitary articles, such as nappies for babies or incontinence pads for adults, sanitary towels or the like, comprises a plurality of operating stations equipped with devices for cutting and/or sealing the materials of which the articles (2) consist, characterised in that at least two of the operating stations each comprise at least one laser unit for performing the cutting and/or sealing operation, the laser units being connected to the same laser source (60). </claim-text><claim-text>2) The machine for making absorbent sanitary articles according to claim 1 , characterised in that at least two operating stations, each comprising at least one laser unit for performing the cutting and/or sealing operation, are remote from each other. </claim-text><claim-text>3) The machine for making absorbent sanitary articles according to claim 1 or 2, characterised in that the laser source (60) is of the diode type. </claim-text><claim-text>4) The machine for making absorbent sanitary articles according to claim 1 or 2, characterised in that the laser source (60) is of the QCL (quantum cascade laser) semiconductor type. </claim-text><claim-text>5) The machine for making absorbent sanitary articles according to claim 4, characterised in that the laser source (60) emits at a frequency of between 2800 cm-1 and 3200 cm-1. 6) The machine for making absorbent sanitary articles according to claim 4, characterised in that the laser source (60) emits at a frequency of between 2900 cm-1 and 3100 cm-1. </claim-text><claim-text>7) The machine for making absorbent sanitary articles according to claim 4, 
<!-- EPO <DP n="12"/>-->
 characterised in that the laser source (60) emits at a frequency substantially equal to 3000 cm- 1. </claim-text><claim-text>8) The machine for making absorbent sanitary articles according to any of the foregoing claims from 1 to 7, characterised in that it comprises splitter means (61) for the laser beam (60a) emitted by the laser source (60) for splitting the laser beam (60a) emitted into a plurality of secondary laser beams (60b). </claim-text><claim-text>9) The machine for making absorbent sanitary articles according to claim 8, characterised in that it comprises conveying means (62) for the secondary laser beams (60b) for conveying the secondary laser beams (60b) from the splitter means (61) to the laser units. </claim-text><claim-text>10) The machine for making absorbent sanitary articles according to claim 9, characterised in that the conveying means comprise optical fibres (62). </claim-text><claim-text>11) The machine for making absorbent sanitary articles according to claim 1 or 2, characterised in that the laser source (60) is of the C02 type. 12) The machine for making absorbent sanitary articles according to any of the foregoing claims from 1 to 11, characterised in that the rated power of the laser source (60) is equal to the sum of the maximum powers absorbed by the laser units. 13) The machine for making absorbent sanitary articles according to any of the foregoing claims from 1 to 11, characterised in that the rated power of the laser source (60) is less than the sum of the powers absorbed by the laser units of the cutting and/or sealing devices, there being a central unit (63) for selectively powering the laser units. </claim-text><claim-text>14) The machine for making absorbent sanitary articles according to any of the 
<!-- EPO <DP n="13"/>-->
 foregoing claims from 1 to 13, characterised in that the laser source (60) is located in a remote position relative to the machine (1). </claim-text><claim-text>15) The machine for making absorbent sanitary articles according to any of the foregoing claims from 1 to 14, characterised in that the operating stations each comprise a respective frame made of plastic material. 
</claim-text></claim></claims><copyright>User acknowledges that Fairview Research LLC and its third party providers retain all right, title and interest in and to this xml under applicable copyright laws.  User acquires no ownership rights to this xml including but not limited to its format.  User hereby accepts the terms and conditions of the Licence Agreement</copyright></patent-document>
