<?xml version="1.0" encoding="UTF-8"?>
<patent-document ucid="EP-2677973-A1" country="EP" doc-number="2677973" kind="A1" date="20140101" family-id="46653384" file-reference-id="296091" date-produced="20180826" status="corrected" lang="EN"><bibliographic-data><publication-reference fvid="146551498" ucid="EP-2677973-A1"><document-id><country>EP</country><doc-number>2677973</doc-number><kind>A1</kind><date>20140101</date><lang>EN</lang></document-id></publication-reference><application-reference ucid="EP-12750234-A" is-representative="NO"><document-id mxw-id="PAPP154825421" load-source="docdb" format="epo"><country>EP</country><doc-number>12750234</doc-number><kind>A</kind><date>20120223</date><lang>EN</lang></document-id><document-id mxw-id="PAPP194946807" load-source="docdb" format="original"><country>EP</country><doc-number>12750234.2</doc-number><date>20120223</date></document-id></application-reference><priority-claims><priority-claim mxw-id="PPC140455021" ucid="US-201113033450-A" load-source="docdb"><document-id format="epo"><country>US</country><doc-number>201113033450</doc-number><kind>A</kind><date>20110223</date></document-id></priority-claim><priority-claim mxw-id="PPC140454957" ucid="US-2012026259-W" linkage-type="W" load-source="docdb"><document-id format="epo"><country>US</country><doc-number>2012026259</doc-number><kind>W</kind><date>20120223</date></document-id></priority-claim></priority-claims><technical-data><classifications-ipcr><classification-ipcr mxw-id="PCL-1981043828" load-source="docdb">A61F   2/44        20060101AFI20160114BHEP        </classification-ipcr><classification-ipcr mxw-id="PCL-1981049328" load-source="docdb">A61B  17/70        20060101ALI20160114BHEP        </classification-ipcr></classifications-ipcr><classifications-cpc><classification-cpc mxw-id="PCL-1841949929" load-source="docdb" scheme="CPC">A61B  17/7064      20130101 LI20170228BHEP        </classification-cpc><classification-cpc mxw-id="PCL-2083195944" load-source="docdb" scheme="CPC">A61B  17/7068      20130101 LA20150319BHEP        </classification-cpc><classification-cpc mxw-id="PCL1988113556" load-source="docdb" scheme="CPC">A61B  17/7067      20130101 FI20131129BHEP        </classification-cpc></classifications-cpc><invention-title mxw-id="PT132186978" lang="DE" load-source="patent-office">WIRBELSÄULENIMPLANTATVORRICHTUNG MIT FUSIONSKÄFIG UND FIXIERUNGSPLATTEN SOWIE IMPLANTATIONSVERFAHREN DAFÜR</invention-title><invention-title mxw-id="PT132186979" lang="EN" load-source="patent-office">SPINAL IMPLANT DEVICE WITH FUSION CAGE AND FIXATION PLATES AND METHOD OF IMPLANTING</invention-title><invention-title mxw-id="PT132186980" lang="FR" load-source="patent-office">DISPOSITIF D'IMPLANT SPINAL AYANT UNE CAGE DE FUSION ET DES PLAQUES DE FIXATION, ET PROCÉDÉ D'IMPLANTATION</invention-title></technical-data><parties><applicants><applicant mxw-id="PPAR918136496" load-source="docdb" sequence="1" format="epo"><addressbook><last-name>MASSOUDI FARZAD</last-name><address><country>US</country></address></addressbook></applicant><applicant mxw-id="PPAR918159642" load-source="docdb" sequence="1" format="intermediate"><addressbook><last-name>MASSOUDI, Farzad</last-name></addressbook></applicant><applicant mxw-id="PPAR918990122" load-source="patent-office" sequence="1" format="original"><addressbook><last-name>Massoudi, Farzad</last-name><iid>101335052</iid><address><street>3 Muir Beach Circle</street><city>Corona Del Mar, California 92625</city><country>US</country></address></addressbook></applicant></applicants><inventors><inventor mxw-id="PPAR918173306" load-source="docdb" sequence="1" format="epo"><addressbook><last-name>MASSOUDI FARZAD</last-name><address><country>US</country></address></addressbook></inventor><inventor mxw-id="PPAR918138119" load-source="docdb" sequence="1" format="intermediate"><addressbook><last-name>MASSOUDI, Farzad</last-name></addressbook></inventor><inventor mxw-id="PPAR918987661" load-source="patent-office" sequence="1" format="original"><addressbook><last-name>MASSOUDI, Farzad</last-name><address><street>3 Muir Beach Circle</street><city>Corona Del Mar, California 92625</city><country>US</country></address></addressbook></inventor></inventors><agents><agent mxw-id="PPAR918989407" load-source="patent-office" sequence="1" format="original"><addressbook><last-name>Mackenzie, Andrew Bryan</last-name><suffix>et al</suffix><iid>100815805</iid><address><street>Scott &amp; York Intellectual Property Limited 45 Grosvenor Road</street><city>St. Albans Hertfordshire AL1 3AW</city><country>GB</country></address></addressbook></agent></agents></parties><international-convention-data><pct-or-regional-filing-data ucid="US-2012026259-W"><document-id><country>US</country><doc-number>2012026259</doc-number><kind>W</kind><date>20120223</date><lang>EN</lang></document-id></pct-or-regional-filing-data><pct-or-regional-publishing-data ucid="WO-2012116144-A1"><document-id><country>WO</country><doc-number>2012116144</doc-number><kind>A1</kind><date>20120830</date><lang>EN</lang></document-id></pct-or-regional-publishing-data><designated-states><ep-contracting-states><country mxw-id="DS548867572" load-source="docdb">AL</country><country mxw-id="DS548838905" load-source="docdb">AT</country><country mxw-id="DS548867573" load-source="docdb">BE</country><country mxw-id="DS548919391" load-source="docdb">BG</country><country mxw-id="DS548817175" load-source="docdb">CH</country><country mxw-id="DS548934963" load-source="docdb">CY</country><country mxw-id="DS548934964" load-source="docdb">CZ</country><country mxw-id="DS548942502" load-source="docdb">DE</country><country mxw-id="DS548867614" load-source="docdb">DK</country><country mxw-id="DS548867615" load-source="docdb">EE</country><country mxw-id="DS548936426" load-source="docdb">ES</country><country mxw-id="DS548919392" load-source="docdb">FI</country><country mxw-id="DS548919393" load-source="docdb">FR</country><country mxw-id="DS548942503" load-source="docdb">GB</country><country mxw-id="DS548867616" load-source="docdb">GR</country><country mxw-id="DS548942504" load-source="docdb">HR</country><country mxw-id="DS548934965" load-source="docdb">HU</country><country mxw-id="DS548817176" load-source="docdb">IE</country><country mxw-id="DS548867617" load-source="docdb">IS</country><country mxw-id="DS548919394" load-source="docdb">IT</country><country mxw-id="DS548867618" load-source="docdb">LI</country><country mxw-id="DS548942505" load-source="docdb">LT</country><country mxw-id="DS548838906" load-source="docdb">LU</country><country mxw-id="DS548919395" load-source="docdb">LV</country><country mxw-id="DS548942510" load-source="docdb">MC</country><country mxw-id="DS548838907" load-source="docdb">MK</country><country mxw-id="DS548838908" load-source="docdb">MT</country><country mxw-id="DS548919396" load-source="docdb">NL</country><country mxw-id="DS548817177" load-source="docdb">NO</country><country mxw-id="DS548919397" load-source="docdb">PL</country><country mxw-id="DS548936427" load-source="docdb">PT</country><country mxw-id="DS548942511" load-source="docdb">RO</country><country mxw-id="DS548936428" load-source="docdb">RS</country><country mxw-id="DS548919398" load-source="docdb">SE</country><country mxw-id="DS548931056" load-source="docdb">SI</country><country mxw-id="DS548817178" load-source="docdb">SK</country><country mxw-id="DS548817179" load-source="docdb">SM</country><country mxw-id="DS548867619" load-source="docdb">TR</country></ep-contracting-states></designated-states></international-convention-data><office-specific-data><eptags><ep-no-a-document-published>*</ep-no-a-document-published></eptags></office-specific-data></bibliographic-data><abstract mxw-id="PA99618746" ref-ucid="WO-2012116144-A1" lang="EN" load-source="patent-office"><p num="0000">There is provided a spinal implant device for placement between adjacent spinous processes and a pair of opposing facet joints. The spinal implant device includes a fusion cage, first and second fixation plates and a connector for connecting the cage to the plates. The fusion cage includes a superficial face, a deep face, superior and inferior saddle portions, and opposing cage ends. Each cage end defining a facet fusion surface sized and configured to respectively contact the opposing facet joints. The first and second fixation plate are sized and configured to extend along and in contact with the adjacent spinous processes. A method of implanting the device is provided. In another embodiment the device includes the fusion cage.</p></abstract><abstract mxw-id="PA99818433" ref-ucid="WO-2012116144-A1" lang="EN" source="national office" load-source="docdb"><p>There is provided a spinal implant device for placement between adjacent spinous processes and a pair of opposing facet joints. The spinal implant device includes a fusion cage, first and second fixation plates and a connector for connecting the cage to the plates. The fusion cage includes a superficial face, a deep face, superior and inferior saddle portions, and opposing cage ends. Each cage end defining a facet fusion surface sized and configured to respectively contact the opposing facet joints. The first and second fixation plate are sized and configured to extend along and in contact with the adjacent spinous processes. A method of implanting the device is provided. In another embodiment the device includes the fusion cage.</p></abstract><abstract mxw-id="PA99618747" ref-ucid="WO-2012116144-A1" lang="FR" load-source="patent-office"><p num="0000">L'invention concerne un dispositif d'implant spinal pour une mise en place entre des apophyses épineuses adjacentes et une paire de facettes vertébrales lombaires opposées. Le dispositif d'implant spinal comprend une cage de fusion, des première et seconde plaques de fixation et un connecteur pour relier la cage aux plaques. La cage de fusion comprend une face superficielle, une face profonde, des parties selles supérieure et inférieure, et des extrémités de cage opposées. Chaque extrémité de cage définissant une surface de fusion de facette dimensionnée et configurée pour entrer en contact respectivement avec les facettes vertébrales lombaires opposées. Les première et seconde plaques de fixation sont dimensionnées et configurées pour s'étendre le long et en contact avec les apophyses épineuses adjacentes. L'invention concerne également un procédé d'implantation du dispositif. Dans un autre mode de réalisation, le dispositif comprend la cage de fusion.</p></abstract><abstract mxw-id="PA99818434" ref-ucid="WO-2012116144-A1" lang="FR" source="national office" load-source="docdb"><p>L'invention concerne un dispositif d'implant spinal pour une mise en place entre des apophyses épineuses adjacentes et une paire de facettes vertébrales lombaires opposées. Le dispositif d'implant spinal comprend une cage de fusion, des première et seconde plaques de fixation et un connecteur pour relier la cage aux plaques. La cage de fusion comprend une face superficielle, une face profonde, des parties selles supérieure et inférieure, et des extrémités de cage opposées. Chaque extrémité de cage définissant une surface de fusion de facette dimensionnée et configurée pour entrer en contact respectivement avec les facettes vertébrales lombaires opposées. Les première et seconde plaques de fixation sont dimensionnées et configurées pour s'étendre le long et en contact avec les apophyses épineuses adjacentes. L'invention concerne également un procédé d'implantation du dispositif. Dans un autre mode de réalisation, le dispositif comprend la cage de fusion.</p></abstract><description mxw-id="PDES50929919" ref-ucid="WO-2012116144-A1" lang="EN" load-source="patent-office"><!-- EPO <DP n="2"/>--><p id="p0001" num="0001"> SPINAL IMPLANT DEVICE WITH FUSION CAGE AND FIXATION PLATES AND METHOD OF IMPLANTING </p><p id="p0002" num="0002">CROSS-REFERENCE TO RELATED APPLICATIONS Not Applicable </p><p id="p0003" num="0003">STATEMENT RE: FEDERALLY SPONSORED RESEARCH/DEVELOPMENT Not Applicable BACKGROUND </p><p id="p0004" num="0004"> 1. Technical Field </p><p id="p0005" num="0005"> The present disclosure relates generally to spinal implant devices. More particularly, the present disclosure relates to spinal implant devices with a fusion cage and fixation plates and methods of implanting the same. </p><p id="p0006" num="0006"> 2. Related Art </p><p id="p0007" num="0007"> There have been a myriad of spinal implant devices and techniques for treating spinal conditions that focus on fusion of the various levels of the lumbar spine. Moreover, a myriad of fixation devices and techniques have been implemented. Such fixation techniques range from use of peticle or facet screws with attached connecting rods to interspinous devices interacting with the spinous processes (such as spacers attaching the spinous processes with screw or bands). Implantation techniques may require multiple procedures which may be posterior and/or lateral in nature. Further, many devices require specialized surgical tools. Many attempts have been made to improve upon these devices and procedures to be minimally invasive, require a minimum number of procedures, and reduce recovery time. Such attempts have been met with varying degrees of success. </p><p id="p0008" num="0008"> In view of the foregoing, there is a need in the art for an improved spinal implant device and method of implanting the same. BRIEF SUMMARY </p><p id="p0009" num="0009"> In accordance with one embodiment, a spinal implant device is provided for placement between adjacent spinous processes and adjacent a thecal sac. The spinous processes include a superior spinous process extending to a superior spinolaminar 
<!-- EPO <DP n="3"/>-->
 junction and an inferior spinous process extending to the inferior spinolaminar junction. The spinous processes are disposed about a pair of opposing facet joints. The spinal implant device includes a fusion cage, first and second fixation plates, and a connector. The fusion cage includes a superficial face defining an interspinous surface, and a deep face defining a thecal sac surface disposable adjacent the thecal sac. The fusion cage further includes a superior saddle portion defining a superior interlaminar fusion surface disposed between the superficial and deep faces. The superior saddle portion is sized and configured to receive the superior spinolaminar junction. The fusion cage further includes an inferior saddle portion defining an inferior interlaminar fusion surface disposed between the superficial and deep faces.</p><p id="p0010" num="0010">The inferior saddle portion is sized and configured to receive the inferior spinolaminar junction. The fusion cage further includes opposing cage ends. Each cage end defines a facet fusion surface disposed between the superior and inferior interlaminar fusion surfaces. The facet fusion surfaces are sized and configured to respectively contact the opposing facet joints. The first and second fixation plates each have a superior end and an inferior end. The first and second fixation plates each are sized and configured to extend along the adjacent spinous processes with the superior ends disposed about and in contact with the superior spinous process and the inferior ends disposed about and in contact with the inferior spinous process. The connector extends from the superficial face and is connected to the first and second fixation plates. </p><p id="p0011" num="0011"> The spinal implant device allows for simultaneous posterior minimally invasive neural decompression and fusion and allows for instrumentation at all levels of the lumbar spine extending to SI. Advantageously, the spinal implant device incorporates posterior interspinous and facet fusion concepts in a single device.</p><p id="p0012" num="0012">Further, the use of the fixation plates facilitates fixation of the fusion cage in a single device. It is contemplated that it may be utilized in a single or multi level construct and be extended up to three levels in the LI to SI region of the spine. An aspect of the invention recognizes that the interspinous interlaminar space unique allows bone fusion of adjacent spinolaminar junctions and facet joints through a single surgical window using a single device. </p><p id="p0013" num="0013"> It is contemplated that the spinal implant device may be implanted in through a minimally disruptive surgery. In this regard, muscle and ligaments attached to the 
<!-- EPO <DP n="4"/>-->
 transverse processes and facet joints need not be directly or substantially disturbed. The spinal implant device may be deployed with a midline exposure minimally invasive retractor based system or in standard minimally open fashion. It is contemplated that interlaminar exposure would provide the surgical window for neural decompression and spinolaminar decortications combined with medial partial bilateral facetectomies ,which would provide the surface area necessary for fusion. </p><p id="p0014" num="0014"> An aspect of the invention is that the spinal implant device facilitates synergistic and optimal interspinous fusion results far exceeding the potential of either interspinous or facet fusion devices alone or in combination. It is contemplated that the spinal implant device substantially reduces the operative time, perioperative morbidity and postoperative patient recovery in comparison to other prior devices and procedures whether alone or in combination with each other. Further, the design allows for interspinous and facet fusion without the need for pedicle or facet screws which may result in iatrogenic destabilization of the motion segment. Moreover, the design avoids transverse process fusion, which is contemplated to be highly invasive. </p><p id="p0015" num="0015"> In accordance with various embodiments, the fusion cage may include a cage recess. The superior interlaminar fusion surface may include a superior opening extending to the cage recess, and the inferior interlaminar fusion surface may include an inferior opening extending to the cage recess. In addition, each of the facet fusion surfaces may include a facet opening extending to the cage recess. Further, the interspinous surface may include interspinous openings therein extending to the cage recess. In an embodiment, the superior and inferior interlaminar fusion surfaces are concave shaped, the facet fusion surfaces are convex shaped, the interspinous surface is generally planar, and the thecal sac surface is concave. The thecal sac surface may be a continuously smooth surface. </p><p id="p0016" num="0016"> The connector may be connected to the first and second fixation plates with the connector between the first and second fixation plates. The connector may be pivotably connected to the first and second fixation plates, such as through the use of a pin. The fixation plates may be configured to pivot in unison with regard to the connector. The first and second fixation plates may each include teeth for respectively engaging the spinous processes. The connector may be connected to the first and second fixation plates with a fastener sized and configured to compress the first and second fixation plates against the spinous processes. Each of the first and 
<!-- EPO <DP n="5"/>-->
 second fixation plates has a superior end and an inferior end, and the fixation plates each may be sized and configured to extend along the adjacent spinous processes with the superior ends disposed about and in contact with the superior spinous process and the inferior ends disposed about and in contact with the inferior spinous process. The superior ends and the inferior ends may each include a screw hole, and the spinal implant device further may include a first screw sized and configured to extend through the screw holes of the superior ends with the superior ends disposed about the superior spinous process. The spinal implant device may further include a second screw sized and configured to extend through the screw holes of the inferior ends with the inferior ends disposed about the inferior spinous process. The first and second screws may be lag screws. In this regard, the screw hole of the superior end of the first fixation plate may be threaded and sized and configured to threadedly engage the first screw, and the screw hole of the inferior end of the first fixation plate may be threaded and sized and configured to threadedly engage the second screw. </p><p id="p0017" num="0017"> In another embodiment, the connector is rigidly connected to the superficial face. The connector may be integrated with the fusion cage with the connector and the fusion cage formed of a common material having material continuity. In another embodiment, the connector defines a longitudinal axis and the connector is rotatably connected to the cage with respect to rotation about the longitudinal axis. Further, the connector may be pivotably connected to the cage with respect to pivoting about an axis other than the longitudinal axis. </p><p id="p0018" num="0018"> According to another embodiment, there is provided a method of implanting a spinal implant device for placement between adjacent spinous processes and adjacent a thecal sac. The spinous processes include a superior spinous process extending to a superior spinolaminar junction and an inferior spinous process extending to the inferior spinolaminar junction. The spinous processes are disposed about a pair of opposing facet joints. The method includes removing a portion of the superior spinolaminar junction. The method further includes removing a portion of each of the facet joints. The method further includes providing the spinal implant device including a fusion cage, first and second fixation plates and a connector extending between the fusion cage and the first and second fusion plates. The fusion cage has a superior saddle portion, an inferior saddle portion and opposing cage ends. The method further includes positioning the fusion cage between the spinous processes 
<!-- EPO <DP n="6"/>-->
 with the superior saddle portion receiving the superior spinolaminar junction where the portion of the superior spinolaminar junction has been removed, and the inferior saddle portion receiving the inferior spinolaminar junction. The opposing cage ends are respectively contacting the opposing facet joints where the portion of each of the facet joints has been removed. The method further includes attaching the first and second fixation plates to the adjacent spinous processes with the spinous processes disposed between the fixation plates. The method may further include selecting the spinal implant device from an array of spinal implant devices each with a fusion cage, but with varying fusion cage dimensions. </p><p id="p0019" num="0019"> The cage may include a cage recess. The method may further include exposing the cage recess to the superior spinolaminar junction. The method may further include exposing the cage recess to the inferior spinolaminar junction. A boney fusion mass may be disposed within the cage recess. The method may further include exposing the boney fusion mass to the superior spinolaminar junction. The method may further include exposing the boney fusion mass to the inferior spinolaminar junction. The method may further include removing a portion of the superior spinous process. The method may further include removing a portion of the inferior spinolaminar junction. The superior spinolaminar junction extends to a lamina and the fusion cage includes a superficial face defining an interspinous surface and a deep face defining a thecal sac surface. The method may further include positioning the fusion cage with the interspinious surface generally aligned with the lamina and the thecal sac surface aligned with the thecal sac. Further a superior spinolaminar junction extends to a superior lamina and the inferior spinolaminar junction extends to an inferior lamina. The method may further include disposing a boney fusion mass in contact with the superior lamina and the inferior lamina across and in contact with the fusion cage. The fusion cage may include a superficial face and defining an interspinous surface and an opposing deep face. The interspinous surface may include interspinous openings therein extending to the cage recess, and the interspinous openings are exposed to the boney fusion mass. The method may further include disposing a boney fusion mass in contact with the superior lamina and the inferior lamina across and in contact with the boney fusion mass within the fusion cage. 
<!-- EPO <DP n="7"/>-->
 The method may include using a fastener to compress the first and second fixation plates to the adjacent spinous processes with the spinous processes disposed between the fixation plates. The fastener may be disposed between the spinous processes. The first and second fixation plates may include teeth, and the method may further include positioning the teeth respectively against the spinous processes.</p><p id="p0020" num="0020">The method may further include attaching the fixation plates to the spinous processes with screws. The method may further include inserting a screw through the first fixation plate, through the spinous process and through the second fixation plate. The method may further include inserting a lag screw through the first fixation plate, and through the superior spinous process, and screwing the screw into the second fixation plate. The method may further include drilling a hole through the superior spinous process. The method may include providing a drill guide engaged with the first fixation plate, and inserting a drill bit through the drill guide through the first fixation plate and into the superior spinous process. </p><p id="p0021" num="0021"> In accordance with another embodiment, a spinal implant device is provided for placement between adjacent spinous processes and adjacent a thecal sac. The spinous processes include a superior spinous process extending to a superior spinolaminar junction and an inferior spinous process extending to the inferior spinolaminar junction. The spinous processes are disposed about a pair of opposing facet joints. The spinal implant device includes a fusion cage. The fusion cage includes a superficial face defining an interspinous surface, and a deep face defining a thecal sac surface disposable adjacent the thecal sac. The fusion cage further includes a superior saddle portion defining a superior interlaminar fusion surface disposed between the superficial and deep faces. The superior saddle portion is sized and configured to receive the superior spinolaminar junction. The fusion cage further includes an inferior saddle portion defining an inferior interlaminar fusion surface disposed between the superficial and deep faces. The inferior saddle portion is sized and configured to receive the inferior spinolaminar junction. The fusion cage further includes opposing cage ends. Each cage end defines a facet fusion surface disposed between the superior and inferior interlaminar fusion surfaces. The facet fusion surfaces are sized and configured to respectively contact the opposing facet joints. The first and second fixation plates each have a superior end and an inferior end. 
<!-- EPO <DP n="8"/>-->
 The present invention will be best understood by reference to the following detailed description when read in conjunction with the accompanying drawings. </p><p id="p0022" num="0022">BRIEF DESCRIPTION OF THE DRAWINGS </p><p id="p0023" num="0023"> These and other features and advantages of the various embodiments disclosed herein will be better understood with respect to the following description and drawings, in which: </p><p id="p0024" num="0024"> Figure 1 is a perspective view of a spinal implant device according to an embodiment of the invention; </p><p id="p0025" num="0025"> Figure 2 is a side view of the spinal implant device of Figure 1 ; </p><p id="p0026" num="0026"> Figure 3 is an end view of the spinal implant device of Figure 1 ; </p><p id="p0027" num="0027"> Figure 4 is a top view of the spinal implant device of Figure 1 ; </p><p id="p0028" num="0028"> Figure 5 is a bottom view of the spinal implant device of Figure 1 ; </p><p id="p0029" num="0029"> Figure 6a is a posterior view illustrating the lumbar region of the spine taken along the sagittal plane; </p><p id="p0030" num="0030"> Figure 6b is a posterior view illustrating two vertebrae L4 and L5 of the lumbar region of the spine of Figure 6a with portions removed in preparation of receiving the spinal implant device; </p><p id="p0031" num="0031"> Figure 7a is the posterior view illustrating the two vertebrae L4 and L5 of the lumbar region of the spine of Figure 6b with the spinal implant device installed with the spinal implant device including a boney mass inside a fusion cage; </p><p id="p0032" num="0032"> Figure 7b is the posterior view illustrating the lumbar region of the spine of Figure 6b with a boney mass positioned over the fusion cage and the lamina of the adjacent vertebrae; </p><p id="p0033" num="0033"> Figure 8a is a side view illustrating the L4 and L5 vertebrae of Figure 6a;</p><p id="p0034" num="0034">Figure 8b is the side view illustrating the L4 and L5 vertebrae of Figure 8a with portions of the spine having been removed in preparation of receiving the spinal implant device; </p><p id="p0035" num="0035"> Figure 9a is the side view illustrating the L4 and L5 vertebrae of Figure 8b with the spinal implant device installed (portions of which shown in phantom); </p><p id="p0036" num="0036"> Figure 9b is the side view illustrating the L4 and L5 vertebrae of Figure 9a with the spinal implant device installed and a boney mass positioned over the fusion cage and the lamina of the adjacent vertebrae ((portions of which shown in phantom); 
<!-- EPO <DP n="9"/>-->
 Figure 10a is an exploded perspective view of a portion of a spinal implant device having a fusion cage and a connector with a ball joint according to another embodiment; </p><p id="p0037" num="0037"> Figure 10b is an assembled view of the portion of the spinal implant device of Figure 10a; </p><p id="p0038" num="0038"> Figure 11 is an exploded perspective view of portion of a spinal implant device having a connector, first and second fixation plates and fastener connecting the connector and the plates according to another embodiment; </p><p id="p0039" num="0039"> Figure 12 is an exploded view of a fastener according to another embodiment;</p><p id="p0040" num="0040">Figure 13a is a side view of a spinal implant device according to another embodiment; </p><p id="p0041" num="0041"> Figure 13b is a reverse side view of a spinal implant device of Figure 13 a;</p><p id="p0042" num="0042">Figure 14 is an exploded end view of the spinal implant device of Figure 13a with lag screws as seen along axis 14-14; and </p><p id="p0043" num="0043"> Figure 15 is a perspective view of a spinal implant device according to another embodiment of the invention that includes a fusion cage. </p><p id="p0044" num="0044"> Common reference numerals are used throughout the drawings and the detailed description to indicate the same elements. </p><p id="p0045" num="0045">DETAILED DESCRIPTION </p><p id="p0046" num="0046"> The detailed description set forth below in connection with the appended drawings is intended as a description of certain embodiments of the present disclosure, and is not intended to represent the only forms that may be developed or utilized. The description sets forth the various functions in connection with the illustrated embodiments, but it is to be understood, however, that the same or equivalent functions may be accomplished by different embodiments that are also intended to be encompassed within the scope of the present disclosure. It is further understood that the use of relational terms such as top and bottom, first and second, and the like are used solely to distinguish one entity from another without necessarily requiring or implying any actual such relationship or order between such entities. </p><p id="p0047" num="0047"> Referring now to Figure 1, there is depicted a perspective view of a spinal implant device 10 according to an embodiment of the invention. Figure 2 is a side view of the spinal implant device 10, Figure 3 is an end view of the spinal implant 
<!-- EPO <DP n="10"/>-->
 device 10, Figure 4 is a top view of the spinal implant device 10, and Figure 5 is a bottom view of the spinal implant device 10. </p><p id="p0048" num="0048"> Figure 6a is a posterior view illustrating the lumbar region of the spine taken along the sagittal plane. The lumbar spine includes a series of stacked vertebrae (Ll- 5). Each vertebra includes a spinous process (SP1-SP5), lamina (LA1-5 a, b) and a pair of facet joints (FJ1-FJ5 a, b). The facet joint (also referred to as the zygapophysial joint or zygapophyseal) is a synovial joint between the superior articular process (SAP1-5 a, b) of one vertebra and the inferior articular process (IAP1-5 a, b) of the vertebra directly above it. The lamina (LA 1-5 a, b) is the flattened posterior part of the vertebral arch from which the spinous process (SP1-5) extends. Between the lamina (LA1-5 a, b) and the spinous process (SP1-5) is the spinolaminar junction. </p><p id="p0049" num="0049"> The spinal implant device 10 is for use with installation within a spine. In this regard, referring additionally to Figure 6a there is provided a posterior view illustrating the lumbar region of the spine taken along the sagittal plane. Figure 6b is a posterior view illustrating the two lowermost vertebrae L4 and L5 of the lumbar region of the spine of Figure 6a, with portions having been removed in preparation of receiving the spinal implant device 10. Figure 7a is the posterior view illustrating the two vertebrae (L4, L5) of Figure 6b with the spinal implant device 10 installed. Further, Figure 8a is a side view illustrating the vertebrae (L4, L5) of Figure 6a, and Figure 8b is the side view illustrating the vertebrae (L4, L5) of Figure 8a with portions having been removed in preparation of receiving the spinal implant device 10. Figure 9a is the side view illustrating the vertebrae (L4, L5) vertebrae of Figure 8b with the spinal implant device 10 installed (portions of which shown in phantom). </p><p id="p0050" num="0050"> In accordance with one embodiment, a spinal implant device 10 is provided for placement between adjacent spinous processes and adjacent a thecal sac. For example, the spinal implant device 10 may be installed between the two vertebrae (such as L4 and L5). As used herein in the context of installation of the spinal implant device 10 between two vertebrae (such as L4 and L5), the term superior refers to that skeletal structure anatomically positioned relatively above and the terms inferior refers to that skeletal structure anatomically positioned below. In this regard, for example, the spinal implant device 10 may be installed between the vertebrae (L4, L5). The adjacent spinous processes would be the SP4 and SP5 with the spinous 
<!-- EPO <DP n="11"/>-->
 processes (SP4) being referred to the superior spinous process and the spinous process (SP5) being referred to the inferior spinous process. </p><p id="p0051" num="0051"> As such, in the example installation, the spinous processes include a superior spinous process SP4 and an inferior spinous process SP5. As best viewed in Figure 6b and 7a, the superior spinous process (SP4) extends to a superior spinolaminar junction (SSJ) and an inferior spinous process (SP5) extends to the inferior spinolaminar junction (IAJ). The spinous processes (SP4, SP5) are disposed about a pair of opposing facet joints (FJ5a, FJ5b). The spinal implant device 10 includes a fusion cage 12, first and second fixation plates 14, 16, and a connector 18. The fusion cage 12 includes a superficial face 20 defining an interspinous surface 22, and a deep face 24 defining a thecal sac surface 26 disposable adjacent the thecal sac (TS). The fusion cage 12 further includes a superior saddle portion 28 defining a superior interlaminar fusion surface 30 disposed between the superficial and deep faces 20, 24. The superior saddle portion 28 is sized and configured to receive the superior spinolaminar junction (SSJ). The fusion cage 12 further includes an inferior saddle portion 32 defining an inferior interlaminar fusion surface 34 disposed between the superficial and deep faces 20, 22. The inferior saddle portion 32 is sized and configured to receive the inferior spinolaminar junction (ISJ). The fusion cage 12 further includes opposing cage ends 36a-b. Each cage end 36a-b respectively defines a facet fusion surface 38a-b disposed between the superior and inferior interlaminar fusion surfaces 30, 34. The facet fusion surfaces 38a-b are sized and configured to respectively contact the opposing facet joints (FJ5a-b). The first and second fixation plates 14, 16 each respectively have a superior end 50, 54 and an inferior end 52, 54. The first and second fixation plates 14, 16 each are sized and configured to extend along the adjacent spinous processes (SP4, SP5) with the superior ends 50, 52 disposed about and in contact with the superior spinous process (SP4) and the inferior ends 52, 56 disposed about and in contact with the inferior spinous process (SP5). The connector 18 extends from the superficial face 20 and is connected to the first and second fixation plates 14, 16. </p><p id="p0052" num="0052"> The spinal implant device 10 allows for simultaneous posterior minimally invasive neural decompression and fusion and allows for instrumentation at all levels of the lumbar spine extending to SI. Advantageously, the spinal implant device 10 incorporates posterior interspinous and facet fusion concepts in a single device. 
<!-- EPO <DP n="12"/>-->
 Further, the use of the fixation plates 14, 16 facilitates fixation of the fusion cage 12 in a single device. It is contemplated that it can be utilized in a single or multi level construct and be extended up to three levels in the LI to SI region of the spine. An aspect of the invention recognizes that the interspinous interlaminar space unique allows bone fusion of adjacent spinolaminar junctions and facet joints through a single surgical window using a single device. </p><p id="p0053" num="0053"> It is contemplated that the spinal implant device 10 may be implanted in through a minimally disruptive surgery. In this regard, muscle and ligaments attached to the transverse processes and facet joints (FJ1-5 a-b) need not be directly or substantially disturbed. The spinal implant device may be deployed with a midline exposure minimally invasive retractor based system or in standard minimally open fashion. It is contemplated that interlaminar exposure would provide the surgical window for neural decompression and spinolaminar decortications combined with medial partial bilateral facetectomies would provide the surface area necessary for fusion. </p><p id="p0054" num="0054"> An aspect of the invention is that the spinal implant device 10 facilitates synergistic and optimal interspinous fusion results, which far exceeds the potential of either interspinous or facet fusion devices alone or in combination. It is contemplated that the spinal implant device 10 substantially reduces the operative time, perioperative morbidity and postoperative patient recovery in comparison to other prior devices and procedures whether alone or in combination with each other. Further, the design allows for interspinous and facet fusion without the need for pedicle or facet screws which may result in iatrogenic destabilization of the motion segment. Moreover, the design avoids transverse process fusion which is contemplated to be highly invasive. </p><p id="p0055" num="0055"> In accordance with various embodiments, the fusion cage 12 may include a cage recess 40. In the embodiment depicted in Figures 1-5, the cage recess 40 collectively takes the form of three separate recesses. It is contemplated that the cage recess 40 may be of the form other than three recesses, such as a single recess or a multitude of recesses. The superior interlaminar fusion surface 30 may include a superior opening 42b extending to the cage recess 40. The inferior interlaminar fusion surface may respectively include an inferior opening 44a, b extending to the cage recess 40. In addition, each of the facet fusion surfaces 38a, b may respectively 
<!-- EPO <DP n="13"/>-->
 include a facet opening 46a, b extending to the cage recess 40. As will be discussed further below, the cage recess 40 may be packed with a boney fusion mass (actual and/or artificial) to facilitate fusion between the fusion cage 12 and the adjacent vertebrae (L4, L5). The various openings (the superior opening 42b, the inferior opening 44b, and the facet openings 46a-b, and the interspinous openings 48a-b) facilitate direct access to the adjacent vertebrae (L4, L5) for fusion at such locations of exposure. Further, the interspinous surface 22 may include interspinous openings 48a-b therein extending to the cage recess 40. As further discussed below, boney fusion mass (actual and/or artificial) may be provided across the interspinous surface 22 to facilitate fusion. It is contemplated the fusion cage 12 may include more or less openings than as depicted in the present embodiment. In this regard, the fusion cage 12 may include portions that are formed of a honeycomb material or other porosity to facilitate fusion. </p><p id="p0056" num="0056"> In an embodiment, the superior and inferior interlaminar fusion surfaces 30, 34 may be concave shaped. Such shape is contemplated to facilitate the superior saddle portion 28 to receive the superior spinolaminar junction (SSJ) and the inferior saddle portion 32 to receive the inferior spinolaminar junction (ISJ). The inferior interlaminar fusion surface 34 may be defined by an arc radius larger than an art radius of the superior interlaminar fusion surface 30 to accommodate the relatively larger structure of the inferior spinolaminar junction (ISJ). </p><p id="p0057" num="0057"> Further, the facet fusion surfaces 38a, b may be convex shaped. In this respect, the embodiment depicted of the fusion cage is generally bean shaped or double oval shaped. Other shapes of the fusion cage 12 are contemplated; however, this particular configuration may be desirable as it strikes a balance between fusion potential and invasiveness with regard to the implantation procedure. </p><p id="p0058" num="0058"> In addition, the interspinous surface 22 may generally planar, although other shapes are contemplated. The thecal sac surface 26 may be concave (as best seen in the end view of Figure 3). In this regard the thecal sac surface 26 may be formed to re-create the roof of the spinal canal where portions are removed during the spinal implant device installation procedure. Further, the thecal sac surface 26 may be a continuously smooth surface. This regard fusion with the thecal sac (TS) may be mitigated. 
<!-- EPO <DP n="14"/>-->
 The connector 18 may be connected to the first and second fixation plates 14, 16 with the connector 18 between the first and second fixation plates 14, 16. The connector 18 may be pivotably connected to the first and second fixation plates 14, 16. In this regard, the connector 18 may be connected to the first and second fixation plates with a pin 60. In the embodiment depicted, the pin 60 has a round cross section. Each of the first and second fixation plates 14, 16 may independently rotate about the pin 60. In addition, the pin 60 may rotate with respect to the connector 18. The length of the pin 60 may facilitate an ease of attachment and positioning of the first and second fixation plates 14, 16 with regard to the superior and inferior spinous processes (SP4, SP5). In this embodiment, the pin 60 may include end caps 62a, b.</p><p id="p0059" num="0059">The end caps 62a, b may be press fit onto the pin 60 or material of the pin 60 may be deformed so as to form the end caps 62a-b after installation of the pin 60 with the connector 18 and the first and second fixation plates 14, 16 on the pin 60. It is contemplated that other arrangements for attaching the first and second fixation plates 14, 16 may be implemented, such as use of fasteners in lieu of the pin 60 as discussed below as well as any of those which are well known to one of ordinary skill in the art. In addition, components may be integrated with one or both of the fixation plates 14, 16. In this regard an end of the pin 60 could be modified to be integrated with one of the first or second fixation plates 14, 16. </p><p id="p0060" num="0060"> The first and second fixation plates may each include teeth 58 for respectively engaging the spinous processes (SP4, SP5). The shape, number and sizing of the teeth 58 may vary depending upon such factors as material selection of the teeth 58 themselves and whether any other means of attaching the first and second fixation plates 14, 16 are utilized (such as a fastener to provide a compressive force of the first and second fixation plates 14, 16 to the spinous processes (SP4, SP5)). As mentioned above, the first and second fixation plates 14, 16 each are sized and configured to extend along the adjacent spinous processes (SP4, SP5) with the superior ends 50, 52 disposed about and in contact with the superior spinous process (SP4) and the inferior ends 52, 56 disposed about and in contact with the inferior spinous process (SP5). In this regard, the teeth 58 may be disposed at each of the superior ends, 50, 52 and the inferior ends 52, 56 at such locations where the first and second fixation plates 14, 16 are intended to contact the spinous processes (SP4, SP5). 
<!-- EPO <DP n="15"/>-->
 The first and second fixation plates 14, 16 may include indexing features 64. The indexing features 64 may take the form of a simple dimple depression such as depicted in the embodiment. The indexing features 64 may be used as a gripping location such as for use with forceps during the installation procedure of the spinal implant device 10. Additionally, such gripping may be particularly useful when applying a compressive force against the first and second fixation plates 14, 16 as to bite the teeth 58 into the spinous processes (SP4, SP5). The design of the number, size and shape of the indexing features 64 may be adjusted depending upon the needs of the particular surgical instrumentation utilized. </p><p id="p0061" num="0061"> The first and second fixation plates 14, 16 include the superior ends 50, 54 and the inferior ends 52, 56 that are tapered. Such tapering is contemplated to allow for similarly constructed spinal implant devices 10 to have their first and second fixation plates 14, 16 about each other where the spinal implant devices 10 are being deployed in a manner that shares a common spinous process (i.e., installations at adjacent levels). </p><p id="p0062" num="0062"> The connector 18 may be rigidly connected to the superficial face 20. In the embodiment depicted, a pin insert 68 may be positioned in the fixation cage 12. Though not depicted, the pin insert 68 is engaged with the lower end of the connector 18 for rigidly securing the connector 18 to the fixation cage 12 and therefore the superficial face 20 from which it extends. The pin insert 68 may be provided during or after the fabrication process of the fusion cage 12. It is also contemplated that the connector 18 may be integrated with the fusion cage 12 with the connector 18 and the fusion cage 12 being formed of a common material having material continuity. </p><p id="p0063" num="0063"> Suitable implant materials for the spinal implant device 10 may be chosen from those which are well known to one of ordinary skill in the art. In some embodiments, all components of the spinal implant device 10 may be of a same material or a combination of differing materials. It is contemplated that medical grade metals may be utilized, such as titanium, stainless steel, cobalt chrome, and alloys thereof. In this regard, other suitable materials include certain medical grade polymers. A group of biocompatible polymer is the polyaryl ester ketones which have several members including polyetheretherketone (PEEK) and polyetherketoneketone (PEKK). In an embodiment, the fusion cage 12 may be formed of PEEK and the connector 18 and the fixation plates 14, 16 may be formed of 
<!-- EPO <DP n="16"/>-->
 titanium. The use of titanium may be particularly desirable for the fixation plates 14, 16 due to the strength characteristics with regard to the formation of the teeth 58. While PEEK may be a desirable material selection for the fusion cage 12 as opposed to a relatively harder material like a metal which may compress and deform adjacent bone structures. In another embodiment, the fusion cage 12, connector 18 and the fixation plates 14, 16 may all be formed of PEEK. This may be desirable as this would be an all non-metal option. </p><p id="p0064" num="0064"> According to another embodiment, there is provided a method of implanting the spinal implant device 10 for placement between adjacent spinous processes (such as between SP4 and SP5) and adjacent the thecal sac (TS). Referring now to Figure</p><p id="p0065" num="0065">6b there is depicted a posterior view illustrating two vertebrae L4 and L5 of the lumbar region of the spine of Figure 6a with portions removed in preparation of receiving the spinal implant device 10. Figure 8b is the side view illustrating the L4 and L5 vertebrae of Figure 8a with portions of the spine having been removed in preparation for receiving the spinal implant device 10. The method includes removing a portion of the superior spinolaminar junction (SSJ). The method further includes removing a portion of each of the facet joints (FJ5a-b). Having created a minimum surgical window, the method further includes providing the spinal implant device 10 such as described above and in additional embodiments below. </p><p id="p0066" num="0066"> Referring now to Figure 7a is the posterior view illustrating the two vertebrae</p><p id="p0067" num="0067">L4 and L5 of the lumbar region of the spine of Figure 6b with the spinal implant device 10 installed. Figure 9a is the side view illustrating the L4 and L5 vertebrae of Figure 8b with the spinal implant device 10 installed. The method further includes positioning the fusion cage 12 between the spinous processes (SP4, SP5) with the superior saddle portion 28 receiving the superior spinolaminar junction (SSJ) where the portion of the superior spinolaminar junction (SSJ) has been removed, and the inferior saddle portion 32 receiving the inferior spinolaminar junction (IS J). The opposing cage ends 36a-b are respectively contacting the opposing facet joints (FJ5a, b) where the portion of each of the facet joints (FJ5a, b) has been removed. </p><p id="p0068" num="0068"> The method further includes attaching the first and second fixation plates 14,</p><p id="p0069" num="0069">16 to the adjacent spinous processes (SP4, SP5) with the spinous processes (SP4, SP5) disposed between the first and second fixation plates 14, 16. In this regard, the 
<!-- EPO <DP n="17"/>-->
 method may further include positioning the teeth 58 respectively against the spinous processes (SP4, SP5). </p><p id="p0070" num="0070"> In further detail, according to various embodiments of the method of the present invention, in creating the surgical window in preparation for the installation of the spinal implant device 10, the method may include removal of the posterior interspinous ligament and the ligamentum flavum inside the spinal canal. The method may further include removing a portion of the superior spinous process (SP4), such as is depicted in Figures 6b and 8b. In addition, the method may further include removing a portion of the inferior spinolaminar junction (ISJ), as is depicted in Figure 8b. </p><p id="p0071" num="0071"> It is contemplated that the surgeon is provided with an array of spinal implant devices 10 having differing sized components. In particular, there may be provided various spinal implant devices 10 each with a fusion cage 12, but with varying fusion cage dimensions. For example, the length of the fusion cage 12 as measured between the cage ends 36a, b (peak to peak) may be provided in multiple sizes, such as 4 cm.,</p><p id="p0072" num="0072">6 cm. and 8 cm. (small, medium and large). It is contemplated that the surgeon may significantly control the proper size required by the amount of bone removal at the facet joints (FJ5a,b). The width of the fusion cage 12 as measured between the superior and inferior saddle portions 28, 32 (trough to trough) may be provided in a multitude of sizes, such as 8-20 mm in single mm. increments. It is contemplated that such dimensions may be largely anatomy controlled. </p><p id="p0073" num="0073"> The method may further include positioning the fusion cage 12 with the interspinious surface 22 generally aligned with the lamina (LA4a-b and LA5a-b), and the thecal sac surface 26 aligned with the thecal sac (TS). With this positioning it is contemplated that the superior openings 42a-c may be exposed to the adjacent vertebra (L4) and in particular the superior spinolaminar junction (SSJ) and lamina (LA4a-b). Further, the inferior openings 44a-c may be exposed to the adjacent vertebra (L5), and in particular the inferior spinolaminar junction (ISJ) and lamina (L54a-b). In addition, the facet openings 42a, b may be exposed to the adjacent facet joints (FJ5a-b). </p><p id="p0074" num="0074"> As described above, the fusion cage 12 may include a cage recess 40. The cage recess 40 may be packed with a boney fusion mass (BFMa) (actual and/or artificial) to facilitate fusion between the fusion cage 12 and the adjacent vertebrae 
<!-- EPO <DP n="18"/>-->
 (L4, L5). The superior openings 42a-c, the inferior openings 44a-c, and the facet openings 42a-b may all expose the packed boney fusion mass for contact with the adjacent vertebrae (L4, L5) for fusion at such locations of exposure. </p><p id="p0075" num="0075"> Referring now to Figure 7b there is depicted the posterior view illustrating the lumbar region of the spine of Figure 6b with a boney fusion mass (BFMb-c) positioned over the fusion cage 12 and the lamina (LA4a-b and LA5a-b) of the adjacent vertebrae (SP4, SP5). The boney fusion mass (BFMb) is also depicted in Figure 9b (shown in phantom). The interspinous surface 22 with the interspinous openings 48a-b therein extending to the cage recess 40 and the boney fusion mass packed therein. It is contemplated that the interspinous openings 48a-b allow for contact and fusion with the boney fusion mass (BFMa) and the boney fusion mass (BFMb-c). In this regard, the method may further include disposing a boney fusion mass (BFMb-c) in contact with the superior lamina (LA4a-b) and the inferior lamina (LA5a-b) across and in contact with the boney fusion mass (BFMa) within the fusion cage 12. </p><p id="p0076" num="0076"> The method may include using a fastener, such as fasteners 82, 90, to compress the first and second fixation plates 14, 16 to the adjacent spinous processes (SP4, SP5) with the spinous processes (SP4, SP5) disposed between the fixation plates 14, 16. In addition, the method may further include attaching the fixation plates 14, 16 to the spinous processes (SP4, SP5) with screws. Such an embodiment is discussed further below. </p><p id="p0077" num="0077"> Referring now to Figure 10a, there is depicted an exploded perspective view of a portion of a spinal implant device according to another embodiment similar to the spinal implant device 10. Like reference numerals indicate like structures. Thus, similar referenced structures are as described above but with those differences noted.</p><p id="p0078" num="0078">In this embodiment, there is provided a connector 66 that may be connected to the fusion cage 12 (as described above). Figure 10b is an assembled view of the portion of the spinal implant device of Figure 10a. The connector 66 includes a shaft 68 and a base 70. The base 70 further includes a ball joint 72. The shaft 68 includes a recess (not shown) sized and configured to receive the ball joint 72. The connector 66 defines a longitudinal axis (Lon axis). With the connector 66 assembled, the connector 66 is rotatably connected to the fusion cage 12 with respect to rotation about the longitudinal axis (Lon axis). Further, the connector 66 may be pivotably 
<!-- EPO <DP n="19"/>-->
 connected to the fusion cage 12 with respect to pivoting about an axis other than the longitudinal axis (Lon axis), such as with respect to any combination of pivoting with regard to a lateral axis (Lat axis) and a superficial/deep axis (SD axis) which are disposed orthogonal to the longitudinal axis (Lon axis) and each other. For example, it is contemplated that the connector 66 may be constrained to only rotate about the</p><p id="p0079" num="0079">Lon axis and pivot about the Lat axis. It is contemplated that other arrangements for limiting the extent of or number of degrees of freedom in which the connector 68 may be implemented may be chosen from those which are well know to one of ordinary skill in the art. </p><p id="p0080" num="0080"> Referring now to Figure 11 there is depicted an exploded perspective view of portion of a spinal implant device according to another embodiment having first and second fixation plates 74, 76 and a fastener 82 that is used to connect the first and second fixation plates 74, 76 to the connector 18. The connector 18 is a described above and is contemplated to be attached to the fusion cage 12 also as described above. Like reference numerals indicate like structures. Thus, similar referenced structures are as described above, but with those differences noted. </p><p id="p0081" num="0081"> The first and second fixation plates 74, 76 are similar to the first and second fixation plates 14, 16 described above. However, in this embodiment, the first fixation plate 74 includes a fastener hole 78 and the second fixation plate 76 includes a fastener hole 80. A fastener 82 is provided that includes a head 84, a shaft 86 and a threaded end 88. The fastener shaft 86 is contemplated to extend through the fastener hole 78, the connector 18 and the fastener hole 80. The head 84 is of a non-circular cross-section, and, in this embodiment the head 84 has a square cross-section. The head 84 is sized and configured to engage the fastener hole 78 to prevent rotation of the head 84 when engaged with the fastener hole 78. The shaft 86 is also of a non- circular cross-section, and in this embodiment the shaft 86 has a square cross-section. The shaft 86 is configured to engage the fastener hole 80 to prevent rotation of the shaft 86 when engaged with the fastener hole 80. In this embodiment, the first and second fixation plates 74, 76 are configured to pivot in unison with regard to the connector 18. In this regard, the particular non-circular nature of the cross-sections of the fastener head 84 and the shaft 86 facilitate engagement with the first and second fixation plates 74, 76 to lock relative movement. Also in this embodiment, the threaded end 88 of the fastener 82 is sized and configured to threadedly engage a nut 
<!-- EPO <DP n="20"/>-->
90. In this regard the connector 18 may be connected to the first and second fixation plates 74, 76 with the fastener 82 sized and configured to compress the first and second fixation plates 74, 76 against the spinous processes (SP4, SP5). </p><p id="p0082" num="0082"> Figure 12 is a perspective view of a fastener 92 according to another embodiment. It is contemplated that the fastener 92 may be used in place of the fastener 82 described above. In this embodiment, rather than using a nut 90, a lock washer 94 is provided that is sized and configured to engage the fastener 92 that includes a ribbed end. As one of ordinary skill in the art will appreciate, the selection of the fastener 92 over the fastener 82 would depend upon the torque strength requirements of the fastener application. </p><p id="p0083" num="0083"> Referring now to Figures 13a-b and 14 there is depicted a spinal implant device 96 according to another embodiment. Figure 13a is a side view of the spinal implant device 96, and Figure 13b is a reverse side view of the spinal implant device 96. Figure 14 is an exploded end view of the spinal implant device 96 of Figure 13a as viewed along axis A-A with first and second fixation plates 98, 100 configured to engage lag screws 102, 106. Like reference numerals indicate like structures. Thus, similar referenced structures are as described above, but with those differences noted. The spinal implant device 96 includes first and second fixation plates 98, 100 are similar to the first and second fixation plates 14, 16 described above. However, in this embodiment, the first and second fixation plates 98, 100 respectively include screw holes 110, 112, 114, 116 that are disposed at an oblique angle through the first and second fixation plates 98, 100. It is contemplated that such angulation allows for an ease for the surgeon to insert the screws (as opposed to being inserted laterally which may require additional anatomical structures and matter to be disturbed). </p><p id="p0084" num="0084"> The lag screw 102 includes a threaded end 104, and the lag screw 106 includes a threaded end 106. The screw holes 112, 116 are threaded and cooperatively sized and configured to respectively threadedly engage the threaded ends 104, 108 of the lag screws 102, 106. The screw hole 110 is configured to receive the lag screw 102 there the screw hole 110, and the screw hole 114 is configured to receive the lag screw 104 there the screw hole 114. </p><p id="p0085" num="0085"> As such during installation, the lag screw 102 may be inserted through the screw hole 110, through the spinous process (such as SP5), and into the screw hole 116. Likewise, the lag screw 104 may be inserted through the screw hole 114, 
<!-- EPO <DP n="21"/>-->
 through the spinous process (such as SP4), and into the screw hole 112. It is contemplated that by screwing the lag screws 102, 106 respectively into the screw holes 116, 112 the first and second fixation plates 98, 100 are drawn toward each other. Moreover, the first and second fixation plates 98, 100 may be thus be configured to apply a compressive force against the spinous processes (SP4, SP5) to lock the first and second fixation plates 98, 100 in place and to provide fixation for the connected fusion cage 12. In this embodiment, there is provided a pin 118 with an end cap 120 and a threaded end 122. The threaded end 122 is sized and configured to engage a nut 124. The first and second fixation plates 98, 100 further includes indexing features 126. The indexing features 126 are similar to the indexing features</p><p id="p0086" num="0086">64 of the embodiment discussed above. </p><p id="p0087" num="0087"> Relative spacing between the first and second fixation plates 98, 100 is dictated to a large degree by the angle and placement in which the screw holes 110, 112, 114, 116 are formed respectively with regard to the first and second fixation plates 98. 100. As such, it is contemplated that the surgeon would have an array of similarly configured spinal implant devices 96 with differing spacing between the first and second fixation plates 98, 100 (with corresponding differing angulations and/or placement of the screw holes 110, 112, 114, 116). As such, after the surgeon has created the necessary surgical window discussed above, a particular spinal implant device 96 may be chosen in reference to the width requirements associated with the spinous processes (SP4, SP5). </p><p id="p0088" num="0088"> In addition, the method of installing the spinal implant device 96 may include attaching the fixation plates 98, 100 to the spinous processes (SP4, SP5) with the lag screws 104, 106. The method includes positioning the first and second fixation plates 98, 100 in their desired position with regard to the spinous processes (SP4, SP5). The pin 118 is then inserted through the first fixation plate 98, through the connector 10 and through the second fixation plate 100. The nut 124 is then engaged with the threaded end 122 of the pin 118. </p><p id="p0089" num="0089"> The method may further include inserting the lag screws 102, 104. Prior to such insertion, the method would further include drilling a hole through each of the spinous processes (SP4, SP5). To facilitate such drilling, a drill guide (not depicted) may be provided that is engaged with the first fixation plate at the screw hole 110. The drill guide is contemplated to aid in maintaining a drill bit at a desired angle so as 
<!-- EPO <DP n="22"/>-->
 to align the drill bit with the screw holes 110, 116. The method would thus include inserting the drill bit through the drill guide through the first fixation plate, into and through the spinous process (SP5), and into the screw hole 116. The lag screw 102 may then be inserted through first fixation plate 98, through the spinous process (SP5), and through the second fixation plate 100. The lag screw 102 is then screwed into the second fixation plate 100 with the threaded end 104 engaging the screw hole 116. A like process would be performed with regard to the lag screw 106, the screw holes 114, 112, and the spinous process (SP4). </p><p id="p0090" num="0090"> Referring now to Figure 15 there is depicted a perspective view of a spinal implant device 128 according to another embodiment of the invention. In this embodiment the spinal implant device 128 takes the form of a fusion cage, similar to the fusion cage 12 of the spinal implant device 10. However, in this embodiment, the spinal implant device 128 does not required the fixation features of the spinal implant device 10 (i.e., a connector and fixation plates). Like reference numerals indicate like structures. Thus, similar referenced structures are as described above but with those differences noted. The spinal implant device 128 includes a superficial face 130 that defines a interspinous surface 132. Spinal implant device 128 is contemplated to provide a fusion capability similar to that of the spinal implant device 10 described above. However, in this embodiment, the spinal implant device 128 allow for the flexibility to employ other fixation techniques, such as any of those which may be chosen from those which are well known to one of ordinary skill in the art. </p><p id="p0091" num="0091"> The particulars shown herein are by way of example only for purposes of illustrative discussion, and are presented in the cause of providing what is believed to be the most useful and readily understood description of the principles and conceptual aspects of the various embodiments set forth in the present disclosure. In this regard, no attempt is made to show any more detail than is necessary for a fundamental understanding of the different features of the various embodiments, the description taken with the drawings making apparent to those skilled in the art how these may be implemented in practice. 
</p></description><claims mxw-id="PCLM44725836" ref-ucid="WO-2012116144-A1" lang="EN" load-source="patent-office"><claim-statement><!-- EPO <DP n="23"/>--> WHAT IS CLAIMED IS: </claim-statement><claim id="clm-0001" num="1"><claim-text> 1. A spinal implant device for placement between adjacent spinous processes and adjacent a thecal sac, the spinous processes including a superior spinous process extending to a superior spinolaminar junction and an inferior spinous process extending to the inferior spinolaminar junction, the spinous processes disposed about a pair of opposing facet joints, the spinal implant device comprising: </claim-text><claim-text> a fusion cage including: </claim-text><claim-text> a superficial face defining an interspinous surface; </claim-text><claim-text> a deep face defining a thecal sac surface disposable adjacent the thecal sac; </claim-text><claim-text> a superior saddle portion defining a superior interlaminar fusion surface disposed between the superficial and deep faces, the superior saddle portion sized and configured to receive the superior spinolaminar junction; an inferior saddle portion defining an inferior interlaminar fusion surface disposed between the superficial and deep faces, the inferior saddle portion sized and configured to receive the inferior spinolaminar junction; and opposing cage ends, each cage end defining a facet fusion surface disposed between the superior and inferior interlaminar fusion surfaces, the facet fusion surfaces sized and configured to respectively contact the opposing facet joints; </claim-text><claim-text> first and second fixation plates each having a superior end and an inferior end, the first and second fixation plates each being sized and configured to extend along the adjacent spinous processes with the superior ends disposed about and in contact with the superior spinous process and the inferior ends disposed about and in contact with the inferior spinous process; and </claim-text><claim-text> a connector extending from the superficial face and connected to the first and second fixation plates. </claim-text></claim><claim id="clm-0002" num="2"><claim-text> 2. The spinal implant device of Claim 1 wherein the fusion cage includes a cage recess. </claim-text></claim><claim id="clm-0003" num="3"><claim-text> 3. The spinal implant device of Claim 2 wherein the superior interlaminar fusion surface includes a superior opening extending to the cage recess, the inferior interlaminar fusion surface includes an inferior opening extending to the cage recess. <!-- EPO <DP n="24"/>--> </claim-text></claim><claim id="clm-0004" num="4"><claim-text>4. The spinal implant device of Claim 2 wherein each of the facet fusion surfaces includes a facet opening extending to the cage recess. </claim-text></claim><claim id="clm-0005" num="5"><claim-text> 5. The spinal implant device of Claim 2 wherein the interspinous surface includes interspinous openings therein extending to the cage recess. </claim-text></claim><claim id="clm-0006" num="6"><claim-text> 6. The spinal implant device of Claim 1 wherein the superior and inferior interlaminar fusion surfaces are concave shaped. </claim-text></claim><claim id="clm-0007" num="7"><claim-text> 7. The spinal implant device of Claim 1 wherein the facet fusion surfaces are convex shaped. </claim-text></claim><claim id="clm-0008" num="8"><claim-text> 8. The spinal implant device of Claim 1 wherein the interspinous surface is generally planar. </claim-text></claim><claim id="clm-0009" num="9"><claim-text> 9. The spinal implant device of Claim 1 wherein the thecal sac surface is concave. </claim-text></claim><claim id="clm-0010" num="10"><claim-text> 10. The spinal implant device of Claim 1 wherein the thecal sac surface defines a continuously smooth surface. </claim-text></claim><claim id="clm-0011" num="11"><claim-text> 11. The spinal implant device of Claim 1 wherein the connector is connected to the first and second fixation plates with the connector between the first and second fixation plates. </claim-text></claim><claim id="clm-0012" num="12"><claim-text> 12. The spinal implant device of Claim 1 wherein the connector is pivotably connected to the first and second fixation plates. </claim-text></claim><claim id="clm-0013" num="13"><claim-text> 13. The spinal implant device of Claim 12 wherein the connector is connected to the first and second fixation plates with a pin. </claim-text></claim><claim id="clm-0014" num="14"><claim-text> 14. The spinal implant device of Claim 12 wherein the fixation plates are configured to pivot in unison with regard to the connector. </claim-text></claim><claim id="clm-0015" num="15"><claim-text> 15. The spinal implant device of Claim 1 wherein the first and second fixation plates each include teeth for respectively engaging the spinous processes. </claim-text></claim><claim id="clm-0016" num="16"><claim-text> 16. The spinal implant device of Claim 1 wherein the connector is connected to the first and second fixation plates with a fastener sized and configured to compress the first and second fixation plates against the spinous processes. </claim-text></claim><claim id="clm-0017" num="17"><claim-text> 17 The spinal implant device of Claim 1 wherein each of the first and second fixation plates has a superior end and an inferior end, the fixation plates are each sized and configured to extend along the adjacent spinous processes with the superior ends disposed about and in contact with the superior spinous process and the inferior ends disposed about and in contact with the inferior spinous process. <!-- EPO <DP n="25"/>--> </claim-text></claim><claim id="clm-0018" num="18"><claim-text>18. The spinal implant device of Claim 17 wherein the superior ends and the inferior ends each include a screw hole, the spinal implant device further includes a first screw sized and configured to extend through the screw holes of the superior ends with the superior ends disposed about the superior spinous process, the spinal implant device further includes a second screw sized and configured to extend through the screw holes of the inferior ends with the inferior ends disposed about the inferior spinous process. </claim-text></claim><claim id="clm-0019" num="19"><claim-text> 19. The spinal implant device of Claim 18 wherein the first and second screws are lag screws. </claim-text></claim><claim id="clm-0020" num="20"><claim-text> 20. The spinal implant device of Claim 19 wherein the screw hole of the superior end of the first fixation plate is threaded and sized and configured to threadedly engage the first screw. </claim-text></claim><claim id="clm-0021" num="21"><claim-text> 21. The spinal implant device of Claim 20 wherein the screw hole of the inferior end of the first fixation plate is threaded and sized and configured to threadedly engage the second screw. </claim-text></claim><claim id="clm-0022" num="22"><claim-text> 22. The spinal implant device of Claim 1 wherein the connector is rigidly connected to the superficial face. </claim-text></claim><claim id="clm-0023" num="23"><claim-text> 23. The spinal implant device of Claim 1 wherein the connector is integrated with the fusion cage with the connector and the fusion cage formed of a common material having material continuity. </claim-text></claim><claim id="clm-0024" num="24"><claim-text> 24. The spinal implant device of Claim 1 wherein the connector defines a longitudinal axis, the connector is rotatably connected to the cage with respect to rotation about the longitudinal axis. </claim-text></claim><claim id="clm-0025" num="25"><claim-text> 25. The spinal implant device of Claim 1 wherein the connector defines a longitudinal axis, the connector pivotably is connected to the cage with respect to pivoting about an axis other than the longitudinal axis. </claim-text></claim><claim id="clm-0026" num="26"><claim-text> 26. A method of implanting a spinal implant device for placement between adjacent spinous processes and adjacent a thecal sac, the spinous processes including a superior spinous process extending to a superior spinolaminar junction and an inferior spinous process extending to the inferior spinolaminar junction, the spinous processes disposed about a pair of opposing facet joints, the method comprising: </claim-text><claim-text> a) removing a portion of the superior spinolaminar junction; </claim-text><claim-text> b) removing a portion of each of the facet joints; <!-- EPO <DP n="26"/>--> c) providing the spinal implant device including a fusion cage, first and second fixation plates and a connector extending between the fusion cage and the first and second fusion plates, the fusion cage having a superior saddle portion, an inferior saddle portion and opposing cage ends; </claim-text><claim-text> d) positioning the fusion cage between the spinous processes with the superior saddle portion receiving the superior spinolaminar junction where the portion of the superior spinolaminar junction having been removed, the inferior saddle portion receiving the inferior spinolaminar junction, and opposing cage ends respectively contacting the opposing facet joints where the portion of each of the facet joints having been removed; and </claim-text><claim-text> e) attaching the first and second fixation plates to the adjacent spinous processes with the spinous processes disposed between the fixation plates. </claim-text></claim><claim id="clm-0027" num="27"><claim-text> 27. The method of Claim 26 wherein c) further includes: </claim-text><claim-text> selecting the spinal implant device from an array of spinal implant devices each with a fusion cage, but with varying fusion cage dimensions.</claim-text></claim><claim id="clm-0028" num="28"><claim-text>28. The method of Claim 26 wherein the cage includes a cage recess, wherein d) further includes: </claim-text><claim-text> exposing the cage recess to the superior spinolaminar junction. </claim-text></claim><claim id="clm-0029" num="29"><claim-text> 29. The method of Claim 26 wherein the cage includes a cage recess, wherein d) further includes: </claim-text><claim-text> exposing the cage recess to the inferior spinolaminar junction </claim-text></claim><claim id="clm-0030" num="30"><claim-text> 30. The method of Claim 26 wherein the cage includes a cage recess with boney fusion mass disposed within the cage recess. </claim-text></claim><claim id="clm-0031" num="31"><claim-text> 31. The method of Claim 30 wherein d) further includes: </claim-text><claim-text> exposing the boney fusion mass to the superior spinolaminar junction.</claim-text></claim><claim id="clm-0032" num="32"><claim-text>32. The method of Claim 30 wherein d) further includes: </claim-text><claim-text> exposing the boney fusion mass to the inferior spinolaminar junction.</claim-text></claim><claim id="clm-0033" num="33"><claim-text>33. The method of Claim 26 wherein a) further includes: </claim-text><claim-text> a) removing a portion of the superior spinous process.</claim-text></claim><claim id="clm-0034" num="34"><claim-text>34. The method of Claim 26 wherein a) further includes: </claim-text><claim-text> a) removing a portion of the inferior spinolaminar junction. <!-- EPO <DP n="27"/>--> </claim-text></claim><claim id="clm-0035" num="35"><claim-text>35. The method of Claim 26 wherein the superior spinolaminar junction extends to a lamina and wherein the fusion cage includes a superficial face and defining an interspinous surface and a deep face defining a thecal sac surface, wherein d) further includes: </claim-text><claim-text> positioning the fusion cage with the interspinious surface generally aligned with the lamina and the thecal sac surface aligned with the thecal sac.</claim-text></claim><claim id="clm-0036" num="36"><claim-text>36. The method of Claim 26, wherein the superior spinolaminar junction extends to a superior lamina and the inferior spinolaminar junction extends to an inferior lamina, the method further includes: </claim-text><claim-text> disposing a boney fusion mass in contact with the superior lamina and the inferior lamina across and in contact with the fusion cage. </claim-text></claim><claim id="clm-0037" num="37"><claim-text> 37. The method of Claim 36, wherein the fusion cage includes a superficial face and defining an interspinous surface and an opposing deep face, the interspinous surface includes interspinous openings therein extending to the cage recess, the interspinous openings are exposed to the boney fusion mass. </claim-text></claim><claim id="clm-0038" num="38"><claim-text> 38. The method of Claim 26, wherein the fusion cage includes a superficial face and defining an interspinous surface and an opposing deep face, the interspinous surface includes interspinous openings therein extending to the cage recess, a boney fusion mass is disposed within the cage recess, the superior spinolaminar junction extends to a superior lamina and the inferior spinolaminar junction extends to an inferior lamina, the method further includes: </claim-text><claim-text> disposing a boney fusion mass in contact with the superior lamina and the inferior lamina across and in contact with the boney fusion mass within the fusion cage. </claim-text></claim><claim id="clm-0039" num="39"><claim-text> 39. The method of Claim 26 wherein e) further includes: </claim-text><claim-text> using a fastener to compress the first and second fixation plates to the adjacent spinous processes with the spinous processes disposed between the fixation plates. </claim-text></claim><claim id="clm-0040" num="40"><claim-text> 40. The method of Claim 26 wherein the fastener is disposed between the spinous processes. </claim-text></claim><claim id="clm-0041" num="41"><claim-text> 41. The method of Claim 26 wherein the first and second fixation plates include teeth, wherein e) further includes: </claim-text><claim-text> positioning the teeth respectively against the spinous processes. <!-- EPO <DP n="28"/>--> </claim-text></claim><claim id="clm-0042" num="42"><claim-text>42. The method of Claim 26, wherein e) further includes: </claim-text><claim-text> attaching the fixation plates to the spinous processes with screws.</claim-text></claim><claim id="clm-0043" num="43"><claim-text>43. The method of Claim 26, wherein e) further includes: </claim-text><claim-text> inserting a screw through the first fixation plate, through the spinous process and through the second fixation plate. </claim-text></claim><claim id="clm-0044" num="44"><claim-text> 44. The method of Claim 26, wherein e) further includes: </claim-text><claim-text> inserting a lag screw through the first fixation plate, and through the superior spinous process; and </claim-text><claim-text> screwing the screw into the second fixation plate. </claim-text></claim><claim id="clm-0045" num="45"><claim-text> 45. The method of Claim 44, where e) further includes drilling a hole through the superior spinous process. </claim-text></claim><claim id="clm-0046" num="46"><claim-text> 46. The method of Claim 45, wherein e) further includes providing a drill guide engaged with the first fixation plate, and inserting a drill bit through the drill guide through the first fixation plate and into the superior spinous process. </claim-text></claim><claim id="clm-0047" num="47"><claim-text> 47. A spinal implant device for placement between adjacent spinous processes and adjacent a thecal sac, the spinous processes including a superior spinous process extending to a superior spinolaminar junction and an inferior spinous process extending to the inferior spinolaminar junction, the spinous processes disposed about a pair of opposing facet joints, the spinal implant device comprising: </claim-text><claim-text> a fusion cage including: </claim-text><claim-text> a superficial face defining an interspinous surface; </claim-text><claim-text> a deep face defining a thecal sac surface disposable adjacent the thecal sac; </claim-text><claim-text> a superior saddle portion defining a superior interlaminar fusion surface disposed between the superficial and deep faces, the superior saddle portion sized and configured to receive the superior spinolaminar junction; an inferior saddle portion defining an inferior interlaminar fusion surface disposed between the superficial and deep faces, the inferior saddle portion sized and configured to receive the inferior spinolaminar junction; and opposing cage ends, each cage end defining a facet fusion surface disposed between the superior and inferior interlaminar fusion surfaces, the facet fusion surfaces sized and configured to respectively contact the opposing facet joints. <!-- EPO <DP n="29"/>--> </claim-text></claim><claim id="clm-0048" num="48"><claim-text>48. The spinal implant device of Claim 47 wherein the cage includes a cage recess. </claim-text></claim><claim id="clm-0049" num="49"><claim-text> 49. The spinal implant device of Claim 48 wherein the superior interlaminar fusion surface includes a superior opening extending to the cage recess, the inferior interlaminar fusion surface includes an inferior opening extending to the cage recess. </claim-text></claim><claim id="clm-0050" num="50"><claim-text> 50. The spinal implant device of Claim 48 wherein each of the facet fusion surfaces includes a facet opening extending to the cage recess. </claim-text></claim><claim id="clm-0051" num="51"><claim-text> 51. The spinal implant device of Claim 48 wherein the interspinous surface includes interspinous openings therein extending to the cage recess. </claim-text></claim><claim id="clm-0052" num="52"><claim-text> 52. The spinal implant device of Claim 47 wherein the superior and inferior inter-laminar fusion surfaces are concave shaped. </claim-text></claim><claim id="clm-0053" num="53"><claim-text> 53. The spinal implant device of Claim 47 wherein the facet fusion surfaces are convex shaped. </claim-text></claim><claim id="clm-0054" num="54"><claim-text> 54. The spinal implant device of Claim 47 wherein the interspinous surface is generally planar. </claim-text></claim><claim id="clm-0055" num="55"><claim-text> 55. The spinal implant device of Claim 47 wherein the thecal sac surface is concave. </claim-text></claim><claim id="clm-0056" num="56"><claim-text> 56. The spinal implant device of Claim 47 wherein the thecal sac surface defines a continuously smooth surface. </claim-text></claim></claims><copyright>User acknowledges that Fairview Research LLC and its third party providers retain all right, title and interest in and to this xml under applicable copyright laws.  User acquires no ownership rights to this xml including but not limited to its format.  User hereby accepts the terms and conditions of the Licence Agreement</copyright></patent-document>
