<?xml version="1.0" encoding="UTF-8"?>
<patent-document ucid="EP-2681037-A1" country="EP" doc-number="2681037" kind="A1" date="20140108" family-id="45855414" file-reference-id="318301" date-produced="20180823" status="corrected" lang="DE"><bibliographic-data><publication-reference fvid="146586731" ucid="EP-2681037-A1"><document-id><country>EP</country><doc-number>2681037</doc-number><kind>A1</kind><date>20140108</date><lang>DE</lang></document-id></publication-reference><application-reference ucid="EP-12709497-A" is-representative="NO"><document-id mxw-id="PAPP154848923" load-source="docdb" format="epo"><country>EP</country><doc-number>12709497</doc-number><kind>A</kind><date>20120301</date><lang>DE</lang></document-id><document-id mxw-id="PAPP194946833" load-source="docdb" format="original"><country>EP</country><doc-number>12709497.7</doc-number><date>20120301</date></document-id></application-reference><priority-claims><priority-claim mxw-id="PPC140549247" ucid="AT-2012000047-W" linkage-type="W" load-source="docdb"><document-id format="epo"><country>AT</country><doc-number>2012000047</doc-number><kind>W</kind><date>20120301</date></document-id></priority-claim><priority-claim mxw-id="PPC140556266" ucid="AT-2952011-A" load-source="docdb"><document-id format="epo"><country>AT</country><doc-number>2952011</doc-number><kind>A</kind><date>20110304</date></document-id></priority-claim></priority-claims><technical-data><classifications-ipcr><classification-ipcr mxw-id="PCL2104291382" load-source="docdb">B29C  70/44        20060101AFI20140725BHEP        </classification-ipcr><classification-ipcr mxw-id="PCL2104296077" load-source="docdb">B29C  70/02        20060101ALN20140725BHEP        </classification-ipcr></classifications-ipcr><classifications-cpc><classification-cpc mxw-id="PCL-1984036824" load-source="docdb" scheme="CPC">B29L2007/002       20130101 LA20160111BHEP        </classification-cpc><classification-cpc mxw-id="PCL-1984036825" load-source="docdb" scheme="CPC">B29D  99/001       20130101 LI20160111BHEP        </classification-cpc><classification-cpc mxw-id="PCL-1984036826" load-source="docdb" scheme="CPC">B29C  70/443       20130101 LI20160111BHEP        </classification-cpc><classification-cpc mxw-id="PCL1991315972" load-source="docdb" scheme="CPC">B29C  70/021       20130101 FI20131226BHEP        </classification-cpc></classifications-cpc><invention-title mxw-id="PT132364826" lang="DE" load-source="patent-office">VERFAHREN ZUR HERSTELLUNG EINES FASERVERBUNDBAUTEILS UND WERKZEUGANORDNUNG HIERFÜR</invention-title><invention-title mxw-id="PT132364827" lang="EN" load-source="patent-office">METHOD FOR PRODUCING A FIBRE COMPOSITE COMPONENT, AND A TOOL ARRANGEMENT FOR SAME</invention-title><invention-title mxw-id="PT132364828" lang="FR" load-source="patent-office">PROCÉDÉ DE PRODUCTION D'UNE PIÈCE STRUCTURALE EN COMPOSITE FIBREUX, ET ENSEMBLE OUTIL UTILISÉ À CETTE FIN</invention-title><citations><non-patent-citations><nplcit><text>See references of WO 2012119163A1</text><sources><source mxw-id="PNPL67456118" load-source="docdb" name="SEA"/></sources></nplcit></non-patent-citations></citations></technical-data><parties><applicants><applicant mxw-id="PPAR919522346" load-source="docdb" sequence="1" format="epo"><addressbook><last-name>FACC AG</last-name><address><country>AT</country></address></addressbook></applicant><applicant mxw-id="PPAR919516788" load-source="docdb" sequence="1" format="intermediate"><addressbook><last-name>FACC AG</last-name></addressbook></applicant><applicant mxw-id="PPAR919009989" load-source="patent-office" sequence="1" format="original"><addressbook><last-name>FACC AG</last-name><iid>101065615</iid><address><street>Fischerstrasse 9</street><city>4910 Ried im Innkreis</city><country>AT</country></address></addressbook></applicant></applicants><inventors><inventor mxw-id="PPAR919538488" load-source="docdb" sequence="1" format="epo"><addressbook><last-name>SCHNEIDERBAUER GERNOT</last-name><address><country>AT</country></address></addressbook></inventor><inventor mxw-id="PPAR919517582" load-source="docdb" sequence="1" format="intermediate"><addressbook><last-name>SCHNEIDERBAUER, Gernot</last-name></addressbook></inventor><inventor mxw-id="PPAR919009544" load-source="patent-office" sequence="1" format="original"><addressbook><last-name>SCHNEIDERBAUER, Gernot</last-name><address><street>Th. Körnerstrasse 11</street><city>A-4770 Andorf</city><country>AT</country></address></addressbook></inventor><inventor mxw-id="PPAR919511278" load-source="docdb" sequence="2" format="epo"><addressbook><last-name>KOCH OLAF</last-name><address><country>AT</country></address></addressbook></inventor><inventor mxw-id="PPAR919513313" load-source="docdb" sequence="2" format="intermediate"><addressbook><last-name>KOCH, OLAF</last-name></addressbook></inventor><inventor mxw-id="PPAR919009386" load-source="patent-office" sequence="2" format="original"><addressbook><last-name>KOCH, OLAF</last-name><address><street>Ehgutnerstrasse 3</street><city>A-4563 Micheldorf in Oberösterreich</city><country>AT</country></address></addressbook></inventor></inventors><agents><agent mxw-id="PPAR919007235" load-source="patent-office" sequence="1" format="original"><addressbook><last-name>Sonn &amp; Partner Patentanwälte</last-name><iid>100061345</iid><address><street>Riemergasse 14</street><city>1010 Wien</city><country>AT</country></address></addressbook></agent></agents></parties><international-convention-data><pct-or-regional-filing-data ucid="AT-2012000047-W"><document-id><country>AT</country><doc-number>2012000047</doc-number><kind>W</kind><date>20120301</date><lang>DE</lang></document-id></pct-or-regional-filing-data><pct-or-regional-publishing-data ucid="WO-2012119163-A1"><document-id><country>WO</country><doc-number>2012119163</doc-number><kind>A1</kind><date>20120913</date><lang>DE</lang></document-id></pct-or-regional-publishing-data><designated-states><ep-contracting-states><country mxw-id="DS549844358" load-source="docdb">AL</country><country mxw-id="DS549764120" load-source="docdb">AT</country><country mxw-id="DS549844359" load-source="docdb">BE</country><country mxw-id="DS549845678" load-source="docdb">BG</country><country mxw-id="DS549858286" load-source="docdb">CH</country><country mxw-id="DS549764484" load-source="docdb">CY</country><country mxw-id="DS549764125" load-source="docdb">CZ</country><country mxw-id="DS549844360" load-source="docdb">DE</country><country mxw-id="DS549764489" load-source="docdb">DK</country><country mxw-id="DS549764490" load-source="docdb">EE</country><country mxw-id="DS549775454" load-source="docdb">ES</country><country mxw-id="DS549845679" load-source="docdb">FI</country><country mxw-id="DS549845680" load-source="docdb">FR</country><country mxw-id="DS549844361" load-source="docdb">GB</country><country mxw-id="DS549764491" load-source="docdb">GR</country><country mxw-id="DS549844370" load-source="docdb">HR</country><country mxw-id="DS549764126" load-source="docdb">HU</country><country mxw-id="DS549858287" load-source="docdb">IE</country><country mxw-id="DS549844371" load-source="docdb">IS</country><country mxw-id="DS549845681" load-source="docdb">IT</country><country mxw-id="DS549764492" load-source="docdb">LI</country><country mxw-id="DS549843634" load-source="docdb">LT</country><country mxw-id="DS549764127" load-source="docdb">LU</country><country mxw-id="DS549843635" load-source="docdb">LV</country><country mxw-id="DS549843636" load-source="docdb">MC</country><country mxw-id="DS549916278" load-source="docdb">MK</country><country mxw-id="DS549916279" load-source="docdb">MT</country><country mxw-id="DS549775455" load-source="docdb">NL</country><country mxw-id="DS549845710" load-source="docdb">NO</country><country mxw-id="DS549775456" load-source="docdb">PL</country><country mxw-id="DS549858288" load-source="docdb">PT</country><country mxw-id="DS549775469" load-source="docdb">RO</country><country mxw-id="DS549858289" load-source="docdb">RS</country><country mxw-id="DS549775470" load-source="docdb">SE</country><country mxw-id="DS549858294" load-source="docdb">SI</country><country mxw-id="DS549916280" load-source="docdb">SK</country><country mxw-id="DS549916281" load-source="docdb">SM</country><country mxw-id="DS549764501" load-source="docdb">TR</country></ep-contracting-states></designated-states></international-convention-data><office-specific-data><eptags><ep-no-a-document-published>*</ep-no-a-document-published></eptags></office-specific-data></bibliographic-data><abstract mxw-id="PA100074608" ref-ucid="WO-2012119163-A1" lang="DE" load-source="patent-office"><p num="0000">Verfahren zur Herstellung eines Faserverbundbauteils (1) und Werkzeuganordnung hierfür, wobei auf einer Tragform (2) ein flächiges Fasergelege (3) angeordnet wird, welches auf einer von der Tragform (2) abgewandten Seite mit zumindest einem von der Längsebene des Fasergeleges (3) abstehenden Versteifungsprofil (5) versehen wird, das zwischen entsprechenden Werkzeugteilen (6) eines Formwerkzeugs (7) verpresst wird, wobei mittels einer das Formwerkzeug (7) und das Fasergelege (3) bzw. das zumindest eine Versteifungsprofil (5) umschließenden luftdichten Folie (9) ein zur Tragform (2) abgedichteter Raum (10) gebildet wird, der mit zumindest einer Harz-Zuleitung (12) und zumindest einer Vakuumleitung (15) verbunden wird, wobei durch Anlegen eines Unterdrucks an der Vakuumleitung (15) Harz angesaugt wird, welches das Fasergelege (3) bzw. das Versteifungsprofil (5) zur Ausbildung des Faserverbundbauteils (1) durchtränkt, wobei Luft und Harz zwischen den Werkzeugteilen (6) des Formwerkzeugs (7) durch das zumindest eine Versteifungsprofil (5) in einen im Formwerkzeug (7) verlaufenden Absaugkanal (16) gesaugt werden, der über eine Absaugöffnung (17) des Formwerkzeugs (7) in luft- bzw. harzleitender Verbindung mit der zumindest einen Vakuumleitung (15) steht.</p></abstract><abstract mxw-id="PA100342356" ref-ucid="WO-2012119163-A1" lang="DE" source="national office" load-source="docdb"><p>Verfahren zur Herstellung eines Faserverbundbauteils (1) und Werkzeuganordnung hierfür, wobei auf einer Tragform (2) ein flächiges Fasergelege (3) angeordnet wird, welches auf einer von der Tragform (2) abgewandten Seite mit zumindest einem von der Längsebene des Fasergeleges (3) abstehenden Versteifungsprofil (5) versehen wird, das zwischen entsprechenden Werkzeugteilen (6) eines Formwerkzeugs (7) verpresst wird, wobei mittels einer das Formwerkzeug (7) und das Fasergelege (3) bzw. das zumindest eine Versteifungsprofil (5) umschließenden luftdichten Folie (9) ein zur Tragform (2) abgedichteter Raum (10) gebildet wird, der mit zumindest einer Harz-Zuleitung (12) und zumindest einer Vakuumleitung (15) verbunden wird, wobei durch Anlegen eines Unterdrucks an der Vakuumleitung (15) Harz angesaugt wird, welches das Fasergelege (3) bzw. das Versteifungsprofil (5) zur Ausbildung des Faserverbundbauteils (1) durchtränkt, wobei Luft und Harz zwischen den Werkzeugteilen (6) des Formwerkzeugs (7) durch das zumindest eine Versteifungsprofil (5) in einen im Formwerkzeug (7) verlaufenden Absaugkanal (16) gesaugt werden, der über eine Absaugöffnung (17) des Formwerkzeugs (7) in luft- bzw. harzleitender Verbindung mit der zumindest einen Vakuumleitung (15) steht.</p></abstract><abstract mxw-id="PA100074609" ref-ucid="WO-2012119163-A1" lang="EN" load-source="patent-office"><p num="0000">The invention relates to a method for producing a fibre composite component (1) and to a tool arrangement for same, a planar fibre scrim (3) being arranged on a carrier mould (2) and provided, on a side that faces away from said carrier mould (2), with at least one reinforcement section (5) that protrudes from the longitudinal plane of said fibre scrim (3) and is pressed between corresponding tool parts (6) of a moulding tool (7), a chamber (10) sealed with regard to the carrier mould (2) being formed by an air-tight film (9) that encloses the moulding tool (7), the fibre scrim (3) and the at least one reinforcement section (5), and said chamber being connected to at least one resin supply line (12) and at least one vacuum line (15). Resin is aspirated by means of negative pressure being applied to the vacuum line (15), and the fibre scrim (3) and the reinforcement section (5) are saturated by the resin so as to form the fibre composite component (1). Air and resin are drawn between the tool parts (6) of the moulding tool (7), through the at least one reinforcement section (5), and into a suction channel (16) which extends in the moulding tool (7) and is connected to the at least one vacuum line (15) via a suction opening (17) of said moulding tool (7), such that air and/or resin can be conducted.</p></abstract><abstract mxw-id="PA100342357" ref-ucid="WO-2012119163-A1" lang="EN" source="national office" load-source="docdb"><p>The invention relates to a method for producing a fibre composite component (1) and to a tool arrangement for same, a planar fibre scrim (3) being arranged on a carrier mould (2) and provided, on a side that faces away from said carrier mould (2), with at least one reinforcement section (5) that protrudes from the longitudinal plane of said fibre scrim (3) and is pressed between corresponding tool parts (6) of a moulding tool (7), a chamber (10) sealed with regard to the carrier mould (2) being formed by an air-tight film (9) that encloses the moulding tool (7), the fibre scrim (3) and the at least one reinforcement section (5), and said chamber being connected to at least one resin supply line (12) and at least one vacuum line (15). Resin is aspirated by means of negative pressure being applied to the vacuum line (15), and the fibre scrim (3) and the reinforcement section (5) are saturated by the resin so as to form the fibre composite component (1). Air and resin are drawn between the tool parts (6) of the moulding tool (7), through the at least one reinforcement section (5), and into a suction channel (16) which extends in the moulding tool (7) and is connected to the at least one vacuum line (15) via a suction opening (17) of said moulding tool (7), such that air and/or resin can be conducted.</p></abstract><abstract mxw-id="PA100074610" ref-ucid="WO-2012119163-A1" lang="FR" load-source="patent-office"><p num="0000">L'invention concerne un procédé de production d'une pièce structurale en composite fibreux (1), et un ensemble outil utilisé à cette fin, procédé consistant à disposer sur une structure porteuse (2), un canevas de fibres plat (3) qui est pourvu, sur une face opposée à la structure porteuse, d'au moins un profilé de renforcement (5), à distance du plan longitudinal du canevas de fibres (3), ledit profilé étant compressé entre des éléments d'outil correspondants (6) d'un outil de façonnage (7), un espace (10) étant formé au moyen d'une feuille (9) étanche à l'air, entourant l'outil de formage (7) et le canevas de fibres (3) et ledit au moins profilé de renforcement (5), ledit espace étant relié avec au moins une amenée de résine (12) et au moins une conduite de vide (15), la résine étant aspirée par application d'une dépression à la conduite de vide (15), ladite résine imprégnant le canevas de fibres (3) ou le profilé de renforcement (5), pour la formation de la pièce structurale en composite fibreux (1), l'air et la résine étant aspirés entre les éléments d'outil (6) de l'outil de façonnage (7), à travers ledit au moins profilé de renforcement (5), dans un canal d'aspiration (16) s'étendant dans l'outil de façonnage (7) qui, via une ouverture d'aspiration (17) de l'outil de façonnage (7), est en liaison de conduction d'air et de résine, avec ladite au moins conduite de vide (15).</p></abstract><abstract mxw-id="PA100342358" ref-ucid="WO-2012119163-A1" lang="FR" source="national office" load-source="docdb"><p>L'invention concerne un procédé de production d'une pièce structurale en composite fibreux (1), et un ensemble outil utilisé à cette fin, procédé consistant à disposer sur une structure porteuse (2), un canevas de fibres plat (3) qui est pourvu, sur une face opposée à la structure porteuse, d'au moins un profilé de renforcement (5), à distance du plan longitudinal du canevas de fibres (3), ledit profilé étant compressé entre des éléments d'outil correspondants (6) d'un outil de façonnage (7), un espace (10) étant formé au moyen d'une feuille (9) étanche à l'air, entourant l'outil de formage (7) et le canevas de fibres (3) et ledit au moins profilé de renforcement (5), ledit espace étant relié avec au moins une amenée de résine (12) et au moins une conduite de vide (15), la résine étant aspirée par application d'une dépression à la conduite de vide (15), ladite résine imprégnant le canevas de fibres (3) ou le profilé de renforcement (5), pour la formation de la pièce structurale en composite fibreux (1), l'air et la résine étant aspirés entre les éléments d'outil (6) de l'outil de façonnage (7), à travers ledit au moins profilé de renforcement (5), dans un canal d'aspiration (16) s'étendant dans l'outil de façonnage (7) qui, via une ouverture d'aspiration (17) de l'outil de façonnage (7), est en liaison de conduction d'air et de résine, avec ladite au moins conduite de vide (15).</p></abstract><description mxw-id="PDES51374534" ref-ucid="WO-2012119163-A1" lang="DE" load-source="patent-office"><!-- EPO <DP n="3"/>--><p id="p0001" num="0001"> Verfahren zur Herstellung eines Faserverbundbauteils und Werk- zeuganordnung hierfür </p><p id="p0002" num="0002">Die Erfindung betrifft ein Verfahren zur Herstellung eines Faserverbundbauteils, wobei auf einer Tragform ein flächiges Fasergelege angeordnet wird, welches auf einer von der Tragform abgewandten Seite mit zumindest einem von der Längsebene des Fasergeleges abstehenden Versteifungsprofil versehen wird, das zwischen entsprechenden Werkzeugteilen eines Formwerkzeugs ver- presst wird, wobei mittels einer das Formwerkzeug und das Fasergelege bzw. das zumindest eine Versteifungsprofil umschließenden luftdichten Folie ein zur Tragform abgedichteter Raum gebildet wird, der mit zumindest einer Harz-Zuleitung und zumindest einer Vakuumleitung verbunden wird, wobei durch Anlegen eines Unterdrucks an der Vakuumleitung Harz angesaugt wird, welches das Fasergelege bzw. das Versteifungsprofil zur Ausbildung des </p><p id="p0003" num="0003">Faserverbundbauteils durchtränkt . </p><p id="p0004" num="0004">Die Erfindung betrifft weiters eine Werkzeuganordnung für ein Verfahren zur Herstellung eines Faserverbundbauteils, mit einer Tragform zur Aufnahme eines flächigen Fasergeleges, und einem Formwerkzeug mit entsprechenden Werkzeugteilen, welche im geschlossenen Zustand eine Ausnehmung zur Aufnahme eines Versteifungsprofils für das Fasergelege einschließen. </p><p id="p0005" num="0005">Im Stand der Technik sind verschiedenste Infusionsverfahren zur Herstellung von Faserverbundbauteilen bekannt, wobei ein trockenes Fasermaterial mit einem Matrixwerkstoff durchtränkt wird, das durch Anlegen eines Vakuums an einen abgedichteten Raum angesaugt wird. Das Fasermaterial, welches eine Vorform bzw. ein Halbzeug des fertigen Verbundbauteils darstellt, kann je nach Ausführung durch ein Multiaxialgelege, ein Gewebe oder durch un- idirektionale Lagen gebildet sein. Diese Vorform wird auf einem Werkzeug angeordnet, welches die zugewandte Bauteilseite des Faserverbundbauteils definiert. Auf der gegenüberliegenden Seite des Verbundbauteils wird ein Vakuumaufbau angeordnet, der je nach Ausführung unterschiedliche Folien, Abreißgewebe und Membrane aufweist. </p><p id="p0006" num="0006">Aus der EP 1 181 149 Bl ist ein Injektionsverfahren zur Herstel- 
<!-- EPO <DP n="4"/>-->
lung eines faserverstärkten Kunststoff-Bauteils aus einem trockenen Faserverbund-Halbzeug bekannt, das auf einem Werkzeug angeordnet wird. Das Faserverbundbauteil wird zur Ausbildung eines Infusionsraums mit einer semipermeablen Membran überzogen, die gasdurchlässig ist, jedoch den Durchtritt von Matrix-Material verhindert. Zudem kann ein Abreißgewebe und eine Fließhilfe angeordnet werden. Diese Anordnung wird mit einer gasundurchlässigen Folie überdeckt, welche mittels einer Dichtung auf dem </p><p id="p0007" num="0007">Werkzeug abgedichtet ist, so dass ein zweiter Raum ausgebildet wird, der mit einer Vakuumleitung verbunden wird. Somit werden zwei getrennte Räume dazu verwendet, eine flächendeckende Entlüftung des Fasergeleges zu gewährleisten und den Eintritt von Matrixmaterial in die Vakuumleitung zu verhindern. </p><p id="p0008" num="0008">In der EP 21 19 544 AI und WO 2009/060347 AI sind weitere Verfahren zur Herstellung von Verbundbauteilen bekannt, bei welchen der Faserverbundwerkstoff im Bereich des Formwerkzeugs mit einem Folienaufbau versehen wird, um die Zu- bzw. Ableitung des Matrix-Materials zu kontrollieren. </p><p id="p0009" num="0009">In der US 5,601,852 ist ein weiteres Infusionsverfahren beschrieben, bei welchem das Verbundbauteil auf einem festen Träger hergestellt wird, welcher mit einem speziellen, einzelne Zuleitungskanäle ausbildenden Vakuumsack abgedichtet wird. </p><p id="p0010" num="0010">Die bekannten Verfahren sind grundsätzlich sehr gut dazu geeignet, qualitativ hochwertige Faserverbundbauteile herzustellen, stoßen jedoch an ihre Grenzen, wenn großflächige Strukturen mit Verstärkungsprofilen versehen werden sollen. In diesem Fall sind bei den bekannten Verfahren komplexe und aufwendige Vakuumaufbauten und Folien- bzw. Membran-Anordnungen erforderlich. Dabei besteht insbesondere die Gefahr, dass es zu lokalen Undichtigkeiten, zum Reißen der Folien oder zum vorzeitigen Füllen der Vakuumleitungen mit Matrixwerkstoff kommt. Diese Problematik wird zusätzlich erschwert, wenn enge Toleranzen für die Geometrie der Profile (Lage, Position, Dicke, Höhe etc.) vorgegeben werden. </p><p id="p0011" num="0011">Demzufolge besteht die Aufgabe der vorliegenden Erfindung darin, ein Verfahren der eingangs angeführten Art zu schaffen, welches 
<!-- EPO <DP n="5"/>-->
hinsichtlich der vorstehend erläuterten Probleme verbessert ist. Demnach soll insbesondere ein einfach umzusetzendes Verfahren zur Verfügung gestellt werden, welches zur Herstellung von Faserverbundbauteilen mit Verstärkungsprofilen, selbst in größerer Anzahl und mit kompliziertem Verlauf, gut geeignet ist. Zudem soll eine konstruktiv einfache Werkzeuganordnung zur Verwendung in einem solchen Verfahren geschaffen werden. </p><p id="p0012" num="0012">Diese Aufgabe wird beim Verfahren der eingangs angeführten Art dadurch gelöst, dass Luft und Harz zwischen den Werkzeugteilen des Formwerkzeugs durch das zumindest eine Versteifungsprofil in einen im Formwerkzeug verlaufenden Absaugkanal gesaugt wird, der über eine Absaugöffnung des Formwerkzeugs in luft- bzw. harzleitender Verbindung mit der zumindest einen Vakuumleitung steht. </p><p id="p0013" num="0013">Demnach werden beim Anlegen eines Unterdrucks an den abgedichteten Raum Luft und Harz zwischen den Werkzeugteilen des Formwerkzeugs durch das Versteifungsprofil gesaugt. Nach Durchtränkung des Versteifungsprofils wird der durchgetretene Luft- bzw. Harzstrom in den Absaugkanal im Formwerkzeug geleitet, welcher an die zentrale Ausnehmung des Formwerkzeugs anschließt. Der Ab<sup>¬</sup> saugkanal, welcher zweckmäßigerweise als integrale Aussparung des Formwerkzeugs ausgebildet ist, weist einen gegenüber der zentralen Ausnehmung des Formwerkzeugs vergleichsweise kleinen Querschnitt auf, wobei der eingeleitete Luft- bzw. Harzstrom zur Absaugöffnung des Formwerkzeugs gelangt, welche an die Vakuu<sup>¬</sup> meinrichtung angeschlossen ist. Hierdurch wird auf vorteilhafte Weise gewährleistet, dass Luft und Harz erst nach vollständiger Durchdringung der Vorform, welche sich aus dem Fasergelege und dem Versteifungsprofil zusammensetzt, in die Vakuumleitung gelangen kann. Dies ermöglicht es insbesondere, dass die Vorform zumindest einen von einer semipermeablen, d.h. luftdurchlässigen aber harzundurchlässigen, Membran freien Abschnitt, vorzugsweise im Bereich des zumindest einen Versteifungsprofils, aufweisen kann. Somit können die beim Stand der Technik auftretenden Probleme, speziell die komplizierte und fehleranfällige Anordnung der semipermeablen Membran im Bereich der Versteifungselemente sowie ein unerwünschtes Eindringen von Harz in die Vakuumleitung vor vollständiger Durchdringung der Vorform, zuverlässig vermieden werden. Somit können qualitativ hochwertige Faserverbundbau- 
<!-- EPO <DP n="6"/>-->
teile für verschiedenartige Anordnungen und Ausgestaltungen der Versteifungsprofile hergestellt werden. Zudem kann vorteilhaf- terweise die Ausschussware beträchtlich verringert werden. </p><p id="p0014" num="0014">Um eine vollständige Durchtränkung des Versteifungsprofils in vergleichsweise kurzen Zeitintervallen zu gewährleisten, ist es günstig, wenn die Absaugung von Harz und Luft über die Absaugöffnung an der von der Tragform abgewandten Oberseite des Formwerkzeugs erfolgt. Demnach weist das Formwerkzeug an seiner Oberseite eine insbesondere als Aussparung des Formwerkzeugs gebildete Absaugöffnung auf, so dass Luft und Harz nach dem Durchtritt durch das Versteifungsprofil über den Absaugkanal an die Außenseite des Formwerkzeugs gelangt. Die Absaugöffnung wird in geeigneter Weise mit der Vakuumleitung verbunden, um den Saug<sup>¬</sup> druck im Inneren des Formwerkzeugs aufrechtzuerhalten. </p><p id="p0015" num="0015">Zur Entlüftung des Versteifungsprofils ist es von Vorteil, wenn im Absaugkanal Luft und Harz zumindest abschnittsweise im Wesentlichen senkrecht zur Längsebene des Fasergeleges abgesaugt werden. Hierdurch kann Harz und Luft effizient vom Fasergelege durch das Versteifungsprofil in den Absaugkanal angesaugt und über den zumindest abschnittsweise senkrecht zur Längsebene des Fasergeleges verlaufenden Absaugkanal zur außenseitigen Absaugöffnung des Formwerkzeugs transportiert werden, an welcher mit<sup>¬</sup> tels der Vakuumleitung ein Unterdruck angelegt wird. </p><p id="p0016" num="0016">Um einen Eintritt von Harz in die Vakuumleitung zu verhindern, ist es günstig, wenn die Vakuumleitung ein im trockenen Zustand luftdurchlässiges und harzundurchlässiges Membranfilter auf<sup>¬</sup> weist, welches dazu eingerichtet ist, bei einer Durchtränkung mit Harz in einen im Wesentlichen luftdichten Zustand überzugehen. Nach vollständiger Durchtränkung des Faser-Halbzeugs gelangt das Harz über den Absaugkanal in die Vakuumleitung, welche das Membranfilter aufweist. Bei vollständiger Benetzung mit Harz schließt das Membranfilter, wodurch die Luftabsaugung unterbrochen wird. Somit wird eine selbstregulierende Luftabsaugung erzielt. Vorzugsweise weist die Vakuumleitung bzw. die daran angeschlossene Vakuumeinrichtung Detektionsmittel auf, welche dazu eingerichtet sind, eine Druckveränderung in der Vakuumleitung zu detektieren. Wenn das Membranfilter bei Durchtränkung 
<!-- EPO <DP n="7"/>-->
mit Harz in den luftundurchlässigen Zustand übergeht, wird hierdurch ein Druckanstieg in der Vakuumleitung hervorgerufen, der mit den Detektionsmitteln detektiert werden kann, um die vollständige Durchtränkung des Faser-Halbzeugs festzustellen. Diese Anordnung des embranfilters in der Vakuumleitung ist insbesondere dann von Vorteil, wenn das Verfahren in einem abgeschlossenen Raum durchgeführt wird, so dass der Fortschritt in der </p><p id="p0017" num="0017">Herstellung des Faserverbundbauteils nicht direkt beobachtet werden kann. Derartige semipermeable Membrane bzw. Membranfilter sind im Stand der Technik aus einem anderen Zusammenhang bekannt. Bei einer vorzugten Ausführung des Membranfilters, welche aus der Sportbekleidung bekannt ist, ist eine dünne Silikon-Haut vorgesehen, welche im Herstellungsprozess derart überdehnt wird, dass feine Poren erzeugt werden, die für Luft durchlässig, jedoch für eine Flüssigkeit, im vorliegenden Fall Harz, undurchlässig sind. Im Kontakt mit Harz werden die Poren allmählich verschlossen, so dass die Membran in den luftdichten Zustand übergeht. Die Silikon-Haut kann mit einer Tragschicht in Form eines Gewebes verbunden sein. </p><p id="p0018" num="0018">Um die Entlüftung des Faser-Halbzeugs zu unterstützen, ist es günstig, wenn eine weitere Vakuumleitung, insbesondere in einem Randbereich des Fasergeleges, angeordnet wird. Die Anzahl der verwendeten Vakuumleitungen richtet sich vorrangig nach den Abmessungen des Faserverbundbauteils sowie nach Anzahl und Beschaffenheit der Versteifungsprofile. </p><p id="p0019" num="0019">Im Hinblick auf eine einfach zu installierende, teilesparende Anordnung zur Herstellung des Faserverbundbauteils ist es von Vorteil, wenn die im Randbereich des Fasergeleges angeordnete weitere Vakuumleitung mit der an den Absaugkanal im Formwerkzeug angeschlossenen Vakuumleitung in einer gemeinsamen Hauptleitung zusammengeführt wird. Demnach erfolgt die Absaugung an zumindest zwei Stellen des Faser-Halbzeugs, wobei die Vakuumleitungen mit der gemeinsamen Hauptleitung verbunden sind, welche zum Erzeugen des Unterdrucks an die Vakuumeinrichtung angeschlossen wird. </p><p id="p0020" num="0020">Zweckmäßigerweise ist in einem vom Formwerkzeug freien Bereich, insbesondere in einem Randbereich des Faserverbundbauteils, ein Membran- bzw. Gewebeaufbau angeordnet, der eine Verteilermembran 
<!-- EPO <DP n="8"/>-->
und/oder ein Abreißgewebe aufweist. Ein derartiger Membran- bzw. Gewebeaufbau ist im Stand der Technik grundsätzlich bekannt. Die Absaugung von Luft und Harz am Formwerkzeug ermöglicht es jedoch, auf eine semipermeable Membran zur Trennung eines Infusionsraums von einem Entlüftungsraum zu verzichten oder eine solche semipermeable Membran ausschließlich im Randbereich des Faserverbundbauteils einzusetzen, wogegen die übrigen Bereiche des Faserverbundbauteils von der semipermeablen Membran frei sein können. </p><p id="p0021" num="0021">Zur Ausbildung eines luftdicht abgeschlossenen Infusionsraumes im Inneren der luftdichten Folie ist es günstig, wenn die Verteilermembran im Randbereich des Fasergeleges gegenüber der Tragform abgedichtet wird. </p><p id="p0022" num="0022">Zur Durchführung des Verfahrens ist zweckmäßigerweise vorgesehen, dass das Ansaugen von Harz in einem Ofen unter Wärmezufuhr durchgeführt wird. Wenn das Verfahren im Ofen durchgeführt ist, kann nicht ohne weiteres festgestellt werden, ob die Durchtränkung des Fasergeleges abgeschlossen ist. Wie vorstehend beschrieben, ist es daher von besonderem Vorteil, wenn in der Vakuumleitung ein semipermeables Membranfilter angeordnet ist, welches im Kontakt mit Harz in einen geschlossenen, luftdichten Zustand übergeht. Somit wird die Luftabsaugung nach vollständiger Durchtränkung des Fasergeleges bzw. des Versteifungsprofils automatisch unterbrochen, sobald das Harz zum Membranfilter in der Vakuumleitung gelangt. </p><p id="p0023" num="0023">Die der Erfindung zugrundeliegende Aufgabe wird zudem durch eine Werkzeuganordnung der eingangs angeführten Art gelöst, bei wel<sup>¬</sup> cher das Formwerkzeug einen mit der Ausnehmung zur Aufnahme des Versteifungsprofils verbundenen Absaugkanal aufweist, der über eine am Formwerkzeug ausgebildete Absaugöffnung mit einer Vaku<sup>¬</sup> umleitung zum Absaugen von Luft verbindbar ist. Im Stand der Technik sind Formwerkzeuge zur Verwendung in einem Infusionsverfahren in verschiedensten Ausführungen bekannt. Das Formwerkzeug weist zumindest zwei zusammenarbeitende Werkzeugteile auf, die eine zentrale Ausnehmung zum Verpressen eines darin aufgenommenen, entsprechend geformten Versteifungsprofils einschließen. Das Formwerkzeug weist zudem zumindest einen Absaugkanal auf, 
<!-- EPO <DP n="9"/>-->
der als Aussparung zumindest eines Werkzeugteils des Formwerkzeugs ausgebildet ist. Der Absaugkanal verbindet die Ausnehmung für das Versteifungsprofil mit der Absaugöffnung, welche an die Vakuumeinrichtung angeschlossenen werden kann. Die hiermit erzielbaren Effekte bzw. Vorteile entsprechen im Wesentlichen jenen beim vorstehend erläuterten Verfahren, so dass zwecks </p><p id="p0024" num="0024">Vermeidung von Wiederholungen auf diese Ausführungen verwiesen werden kann. </p><p id="p0025" num="0025">Um die Absaugung von Luft und Harz durch das Formwerkzeug zu verbessern, ist bevorzugt vorgesehen, dass die Absaugöffnung als Aussparung des Formwerkzeugs an der von der Tragförm abgewandten Oberseite des Formwerkzeugs ausgebildet ist. In der Betriebsstellung des Formwerkzeugs ist die Längsachse des Absaugkanals vorzugsweise im Wesentlichen senkrecht zur Längsebene der Tragform angeordnet. </p><p id="p0026" num="0026">Gemäß einer bevorzugten Ausführungsform weist das Formwerkzeug im geschlossenen Zustand eine im Querschnitt im Wesentlichen rechteckige Ausnehmung zum Verpressen eines stegförmigen Teils des Versteifungsprofils auf. Zur Ausbildung eines Stringerele- ments kann insbesondere ein T-förmiges Versteifungsprofil vorgesehen sein, welches beispielsweise bei einem Flugzeugflügel eine großflächige, aus dem flächigen Fasergelege erzeugte Flügelstruktur verstärkt. </p><p id="p0027" num="0027">Selbstverständlich können jedoch auch andere, im Stand der Tech<sup>¬</sup> nik für sich genommen bekannte Ausgestaltungen des Formwerkzeugs vorgesehen sein, um entsprechende Versteifungsprofile vorzusehen. Demnach ist bei einer alternativen bevorzugten Ausführungsform vorgesehen, dass das Formwerkzeug im geschlossenen Zustand eine im Querschnitt im Wesentlichen L-förmige Ausnehmung zum Verpressen eines entsprechend geformten Teils des Versteifungsprofils aufweist. Hierdurch kann insbesondere ein sogenanntes LZ-Versteifungsprofil hergestellt werden. </p><p id="p0028" num="0028">Bei einer bevorzugten Ausführungsform ist vorgesehen, dass zumindest zwei Formwerkzeuge zum Verpressen jeweils eines Versteifungsprofils vorgesehen sind, zwischen denen zumindest ein </p><p id="p0029" num="0029">Distanzblock angeordnet ist, der einen mit der Harz-Zuleitung . 
<!-- EPO <DP n="10"/>-->
verbindbaren Harzzufuhrkanal aufweist. Das Distanzstück ist einerseits dazu eingerichet, benachbarte Formwerkzeuge in der bestimmungsgemäßen Position zu fixieren; zudem kann die Harz- Zuführung durch die Distanzstücke erfolgen, wobei das Harz über den Harz zufuhrkanal im Bereich des Fasergeleges in den abgedich<sup>¬</sup> teten Raum eingeleitet wird. </p><p id="p0030" num="0030">Zur Harz-Zuführung ist es günstig, wenn der Harzzufuhrkanal des Distanzblocks einen im Wesentlichen senkrecht zur Längsebene des Fasergeleges verlaufenden Abschnitt, der mit der Harz-Zuleitung verbindbar ist, und einen im Wesentlichen parallel zur Längsebene des Fasergeleges verlaufenden Abschnitt zum Einleiten von Harz aufweist. Die Einleitung von Harz erfolgt somit tangential bzw. parallel zur Längsebene des Fasergeleges, wodurch eine zweckmäßige Durchtränkung des Fasergeleges erzielt werden kann. </p><p id="p0031" num="0031">Die Erfindung wird nachstehend anhand von in den Figuren darge<sup>¬</sup> stellten Ausführungsbeispielen, auf die sie jedoch nicht beschränkt sein soll, noch weiter erläutert. Im Einzelnen zeigen in der Zeichnung: </p><p id="p0032" num="0032">Fig. 1 eine schematische Schnittansicht durch einen Aufbau zur Herstellung eines Faserverbundbauteils im Infusionsverfahren ge<sup>¬</sup> mäß einer Ausführungsform der Erfindung, wobei ein Luft- bzw. Harzstrom durch ein T-förmiges Versteifungsprofil in einem Formwerkzeug gesaugt wird, das einen mit zumindest einer Vakuumlei<sup>¬</sup> tung verbundenen Absaugkanal aufweist; </p><p id="p0033" num="0033">Fig. 2 eine Fig. 1 entsprechende Schnittansicht eines Aufbaus zur Herstellung eines Faserverbundbauteils, wobei gemäß einer weiteren Ausführungsform der Erfindung ein LZ-Versteifungsprofil vorgesehen wird; </p><p id="p0034" num="0034">Fig. 3 eine schematische Schnittansicht durch einen erfindungsgemäßen Aufbau zur Herstellung eines Faserverbundbauteils, wobei in einem Randbereich des Faserverbundbauteils eine luftdurchlässige und harzundurchlässige Membran angeordnet wird; </p><p id="p0035" num="0035">Fig. 4 schematisch einen Schnitt durch die Werkzeuganordnung im Bereich des Absaugkanals, wobei auf eine die Absaugöffnung des 
<!-- EPO <DP n="11"/>-->
Absaugkanals aufweisende Oberseite des Formwerkzeugs ein Anschlussteil aufgesetzt ist, an welchem die Vakuumleitung angeschlossen wird; </p><p id="p0036" num="0036">Fig. 5a und Fig. 5b jeweils eine schematische Ansicht der Vakuumleitung, welche ein im trockenen Zustand (vgl. Fig. 5a) luftdurchlässiges und harzundurchlässiges Membranfilter aufweist, welches bei Durchtränkung mit Harz in einen im Wesentlichen luftdichten Zustand (vgl. Fig. 5b) übergeht; </p><p id="p0037" num="0037">Fig. 6 eine schaubildliche, im Bereich eines Absaugkanals eines Formwerkzeugs geschnittene Ansicht der Werkzeuganordnung mit darin aufgenommenem Faserverbundbauteil, wobei benachbarte Formwerkzeuge durch Distanzblöcke beabstandet sind, die einen mit der Harz-Zuleitung verbindbaren Harzzufuhrkanal aufweisen; </p><p id="p0038" num="0038">Fig. 7 das in Fig. 6 mit einem Kreis eingerahmte Detail A in demgegenüber vergrößertem Maßstab; </p><p id="p0039" num="0039">Fig. 8 eine schaubildliche Ansicht der Werkzeuganordnung ent<sup>¬</sup> sprechend Fig. 6 mit einem Schnitt im Bereich des Harzzufuhrkanals eines Distanzblocks; </p><p id="p0040" num="0040">Fig. 9 das in Fig. 8 mit einem Kreis eingerahmte Detail B in demgegenüber vergrößertem Maßstab; </p><p id="p0041" num="0041">Fig. 10 eine Draufsicht auf die Werkzeuganordnung gemäß den Fig. 6 bis 9; </p><p id="p0042" num="0042">Fig. 11 eine Aufrissansicht der Werkzeuganordnung gemäß den Fig. 6 bis Fig. 10; und </p><p id="p0043" num="0043">Fig. 12 ein schematisches Diagramm des Temperaturverlaufs (oben) bzw. des Druckverlaufs (unten) während der Herstellung des Faserverbundbauteils . </p><p id="p0044" num="0044">In Fig. 1 und Fig. 2 ist jeweils ein Aufbau zur Herstellung eines Faserverbundbauteils 1 im Infusionsverfahren dargestellt, wobei auf einer Tragform 2, die lediglich schematisch dargestellt ist, ein flächiges Fasergelege 3 insbesondere aus Kohlen- 
<!-- EPO <DP n="12"/>-->
stofffasern angeordnet wird, welches beispielsweise ein Beplankungsfeld ausbildet. Auf einer von der Tragform 2 abgewandten Seite des Faserverbundbauteils 1 wird zumindest ein Versteifungsprofil 5 angeordnet, das von der Längsebene des Fasergeleges 3 hochsteht. Zu Beginn liegen das Fasergelege 3 und das Versteifungsprofil 5 als trockenes Faser-Halbzeug bzw. als Vorform vor, die zur Ausbildung des Faserverbundbauteils 1 mit Harz durchtränkt wird. Das Versteifungsprofil 5 weist gemäß der in Fig. 1 dargestellten Ausführungsform einen steg- bzw. stringer- förmigen Teil 5' und einen auf dem Fasergelege 3 aufliegenden Teil 5<sup>1</sup>' auf, welche gemeinsam ein T-förmiges Faserverbundbau<sup>¬</sup> teil 5 ausbilden. </p><p id="p0045" num="0045">Der steg- bzw. stringerförmige Teil 5' des Versteifungsprofils 5 wird zwischen entsprechenden Werkzeugteilen 6 eines Formwerkzeugs 7 verpresst. Hierfür weist das Formwerkzeug 7 eine dem Versteifungsprofil 5 entsprechende Ausnehmung 8 auf, in welcher das Versteifungsprofil 5 aufgenommen wird (der besseren Übersicht halber ist das Formwerkzeug 7 in den schematischen Fig. 1 bis 3 beabstandet vom Versteifungsprofil 5 eingezeichnet; beim Verpressen liegt das Formwerkzeug 7 jedoch selbstverständlich am Versteifungsprofil an, vgl. Fig. 7 bis 11). Beim gezeigten Ausführungsbeispiel sind als Werkzeugteile 6 keilförmige Blöcke vorgesehen, welche jedoch selbstverständlich auch eine andere Gestalt aufweisen können. Zur Herstellung des Faserverbundbauteils 1 im Infusionsverfahren wird mittels zumindest einer das Fasergelege 3 und das Versteifungsprofil 5 umschließenden luftdichten Folie 9 (auch mit Vakuumsack bezeichnet) ein zur Trag<sup>¬</sup> form 2 hin abgedichteter Raum 10 gebildet. Hierfür sind an gegenüberliegenden Seiten der Werkzeuganordnung (schematisch dargestellte) Dichtungen 11 vorgesehen. Der Raum 10 wird mit zu<sup>¬</sup> mindest einer (mit einem Pfeil schematisch dargestellten) Harz- Zuleitung 12 verbunden, welche ein (Absperr- ) Ventil 13 aufweisen kann. Die Harz-Zuleitung 12 ist mit einem (nicht dargestellten) Harzvorratsbehälter verbunden. Der Aufbau weist zudem eine Vakuumeinrichtung 14 auf, die zumindest eine aus dem Raum 10 führende Vakuumleitung 15 aufweist, die mit einer entsprechenden </p><p id="p0046" num="0046"> (nicht gezeigten) Vakuummaschine zum Erzeugen eines Unterdrucks verbunden wird. Durch Anlegen eines Unterdrucks wird Harz durch die Harz-Zuleitung 12 in den Raum 10 angesaugt. Das angesaugte 
<!-- EPO <DP n="13"/>-->
Harz wird durch das Fasergelege 3 bzw. durch das Versteifungsprofil 5 gesaugt, um das Fasergelege 3 bzw. das Versteifungsprofil 5 zur Ausbildung des Faserverbundbauteils 1 mit Harz zu durchtränken . </p><p id="p0047" num="0047">Bei bekannten Verfahren dieser Art hat es sich als schwierig herausgestellt, die Durchtränkung der Vorform mit Matrixmaterial von der Luftabsaugung zu trennen. Hierfür wurde zumeist eine sich zumindest einseitig um die Werkzeuganordnung herum erstreckende semipermeable, d.h. luftdurchlässige aber für Matrixmaterial undurchlässige, Folie verwendet, um einen mit der </p><p id="p0048" num="0048">Harzzufuhr verbundenen Infusionsraum von einem mit der Vakuumleitung verbundenen Entlüftungsraum zu trennen. Dies hat sich jedoch insbesondere bei großflächigen Strukturen, welche mit komplizierten Versteifungselementen versehen werden, als aufwendig und fehleranfällig erwiesen. </p><p id="p0049" num="0049">Demgegenüber wird bei der gezeigten Ausführung Luft und Harz zwischen den Werkzeugteilen 6 des <sup>"</sup> Formwerkzeugs 7 durch das Versteifungsprofil 5 in einen im Formwerkzeug 7 ausgebildeten Absaugkanal 16 (vgl. Fig. 3 und Fig. 7) gesaugt, welcher an der von der Tragform 2 abgewandten Seite des Versteifungsprofils 5 an die Ausnehmung 8 zwischen den Werkzeugteilen 6 des Formwerkzeugs 5 anschließt. Der Absaugkanal 16 ist über eine an der Oberseite des Formwerkzeugs 7 ausgebildete Absaugöffnung 17 in luft- und harzleitender Verbindung mit der Vakuumleitung 15. Aus Fig. 2 ist zudem eine weitere Vakuumleitung 15' ersichtlich, welche zur Unterstützung der Vakuumleitung 15 in einem Randbe<sup>¬</sup> reich des Fasergeleges 3 angeordnet wird. Die Vakuumleitung 15' kann mit der an den Absaugkanal 16 im Formwerkzeug 7 anschließenden Vakuumleitung 15 in einer gemeinsamen Hauptleitung (nicht dargestellt) zusammengeführt werden, wobei die Hauptleitung mit einer gemeinsamen Vakuummaschine (nicht dargestellt) verbunden wird . </p><p id="p0050" num="0050">Wie aus Fig. 1 und Fig. 2 weiters ersichtlich, ist in einem vom Formwerkzeug 5 freien Bereich ein Membran- bzw. Gewebeaufbau 18 vorgesehen, der zumindest eine Fließhilfe bzw. Verteilermembran 18' aufweist, die beispielsweise mit einem Klebeband fixiert werden kann. Zudem kann unterhalb der Verteilermembran 18' ein 
<!-- EPO <DP n="14"/>-->
Abreißgewebe ("Peel-Ply") vorgesehen sein, welches unmittelbar auf die Bauteiloberfläche aufgebracht wird. Die Verteilermembran 18' dient dazu, das angesaugte Harz auf der Bauteiloberfläche zu verteilen. Das Abreißgewebe erleichtert das Abziehen der mit Matrixmaterial durchtränkten Verteilermembran 18 ' nach Fertigstellung des Faserverbundbauteils 1. Bei der gezeigten </p><p id="p0051" num="0051">Ausführungsform ist es jedoch nicht erforderlich, dass eine semipermeable Membran über den gesamten Aufbau gestülpt wird, um einen Infusionsraum von einem Lüftungsraum abzutrennen. </p><p id="p0052" num="0052">Wie aus Fig. 1 und Fig. 2 weiters schematisch ersichtlich, ist in den Vakuumleitungen 15, 15' jeweils ein Membranfilter 19 bzw. 19' angeordnet, welches jeweils dazu eingerichtet ist, bei einer Durchtränkung mit Harz in einen im Wesentlichen luftdichten Zustand überzugehen. Die Anordnung der Membranfilter 19, 19', deren Funktion im Zusammenhang mit Fig. 5a, 5b näher beschrieben wird, ermöglicht eine vorteilhafte Selbstregulierung des Infusionsverfahrens, indem die Luftabsaugung über die Vakuumleitungen 15, 15' gestoppt wird, sobald das aus dem Absaugkanal 16 abgeleitete Harz über die Vakuumleitung 15, 15' zum jeweiligen Membranfilter 19, 19' gelangt. </p><p id="p0053" num="0053">Aus Fig. 2 ist eine alternative Ausführung des Versteifungsprofils 5 ersichtlich, welches einen L-förmigen Teil 5' aufweist, der an einen stufenförmig vom flächigen Fasergelege 3 abgesetzten Teil 5'' anschließt, so dass ein LZ-Profil erhalten wird. Die Ausnehmung 8 zwischen den Werkzeugteilen 6 ist entsprechend L-förmig ausgebildet. </p><p id="p0054" num="0054">Aus Fig. 3 ist insbesondere der Randbereich des Aufbaus ersichtlich. Demnach ist im Randbereich des Faserverbundbauteils 1 eine semipermeable, d.h. luftdurchlässige und harzundurchlässige, Membran 20 angeordnet, welche mittels Dichtungen 21 gegenüber dem Formwerkzeug 7 bzw. der Tragform 2 abgedichtet ist. Hierdurch wird ein vorzeitiger Harzeintritt in die Vakuumleitung 15' verhindert. Die übrigen Abschnitte des Faserverbundbauteils 1, speziell im Bereich der Versteifungsprofile 5 und in Bereichen zwischen benachbarten Versteifungsprofilen 5, können jedoch von einer derartigen semipermeablen Membran frei bleiben; in diesen Bereichen wird ein vorzeitiger Harzeintritt in die Vakuumleitung 
<!-- EPO <DP n="15"/>-->
15 durch die vorstehend erläuterte Anordnung des Absaugkanals 16 im Formwerkzeug 7 verhindert . </p><p id="p0055" num="0055">Fig. 4 zeigt eine Schnittansicht des Aufbaus im Bereich des Formwerkzeugs 7, wobei der an die Ausnehmung 8 oberhalb des Versteifungsprofils 5 anschließende Absaugkanal 16 ersichtlich ist, der über die Absaugöffnung 17 mit einem Anschlussteil 22 (beispielsweise einem Silikonprofil) in Verbindung steht. Das Anschlussteil 22 erstreckt sich vorzugsweise über die gesamte Länge des Versteifungsprofils 5. Vorzugsweise weist jedes Versteifungsprofil 5 ein eigenes Anschlussteil 22 zum Anschluss an die Vakuumeinrichtung 14 auf. Das Anschlussteil 22 ist, wie aus Fig. 4 schematisch ersichtlich, mit der Vakuumleitung 15 verbunden, welche das Membranfilter 19 aufweist. Das Anschlussteil 22 kann in Längsrichtung beabstandete Trennwände (nicht gezeigt) aufweisen, welche den Innenraum des Anschlussteils 22 in einzelne Kammern unterteilen, die vorzugsweise jeweils mit einem Absaugkanal 16 des Formwerkzeugs 7 verbunden sind. Nach dem </p><p id="p0056" num="0056">Durchtritt durch das Versteifungsprofil 5 strömen Luft und Harz über den Absaugkanal 16 in das Anschlussteil 22 und von dort in die Vakuumleitung 15. Wenn das Harz über die Vakuumleitung 15 zum Membranfilter 19 gelangt, wird das Membranfilter in den luftdichten Zustand überführt, so dass die Luftabsaugung unterbrochen ist. Der Druckabfall an der Vakuumleitung 15 kann mit (nicht gezeigten) Detektionsmitteln erfasst werden, um das Ende des Infusionsvorgangs festzustellen. Dies birgt insbesondere dann Vorteile, wenn eine direkte Beobachtung des Herstellungsverfahrens nicht möglich ist, was insbesondere dann der Fall ist, wenn das Verfahren in einem Ofen unter Wärmezufuhr durchgeführt wird. </p><p id="p0057" num="0057">Aus den Fig. 5a und Fig. 5b ist schematisch die Funktion des Membranfilters 19 ersichtlich; das Membranfilter 19' ist entsprechend ausgebildet. Demnach weist die Vakuumleitung 15 einen mit dem Raum 10, speziell mit dem darin angeordneten Anschlussteil 22, verbundenen Abschnitt 15a auf, welcher über einen Verbindungsteil 23 mit einem Abschnitt 15b verbunden ist, der an die Vakuummaschine angeschlossen ist. Das Membranfilter 19 ist im Verbindungsteil 23 angeordnet. Im offenen Zustand, welcher in Fig. 5a dargestellt ist, ist das Membranfilter 19 für einen mit 
<!-- EPO <DP n="16"/>-->
einem Pfeil 24 veranschaulichten Harzfluss und für einen mit ei<sup>¬</sup> nem Pfeil 25 veranschaulichten Luftstrom durchlässig. Hierfür kann das Membranfilter 19 feine Poren aufweisen, welche in der Herstellung des Membranfilters 19, 19' beispielsweise durch Überdehnung einer dünnen Silikon-Haut erzeugt werden. Bei Benetzung mit Harz bleibt das Membranfilter 19, 19' noch solange luftdurchlässig, bis das Membranfilter 19, 19' vollständig durchnässt ist, wodurch die Luftdurchlässigkeit verloren geht. Somit bewirkt das Membranfilter 19, 19' zunächst eine Drosselwirkung, wenn die Poren im Kontakt mit Harz nach und nach verschlossen werden, bevor das Membranfilter 19, 19' im </p><p id="p0058" num="0058">luftundurchlässigen Zustand die Funktion einer Matrixsperre ana<sup>¬</sup> log einem sich selbst regelenden Ventil übernimmt. In dem in Fig. 5b dargestellten luftdichten Zustand wird somit sowohl ein Harzdurchtritt (Pfeil 24) als auch ein Luftdurchtritt (Pfeil 25) in den Abschnitt 15b der Vakuumleitung 15 verhindert. </p><p id="p0059" num="0059">In den Fig. 6 bis Fig. 11 sind verschiedene Ansichten der Werk<sup>¬</sup> zeuganordnung zur Verwendung im vorstehend beschriebenen Infusi<sup>¬</sup> onsverfahren gezeigt. </p><p id="p0060" num="0060">Wie aus Fig. 6 ersichtlich, sind zum Verpressen einer Mehrzahl von Versteifungsprofilen 5 (Fig. 6 zeigt beispielsweise drei Versteifungsprofile 5) eine entsprechende Anzahl von Formwerkzeugen 7 vorgesehen, welche auf der Tragform 2 angeordnet werden. Zwischen den Formwerkzeugen 7 sind Distanzblöcke 26 </p><p id="p0061" num="0061">angeordnet, welche die Formwerkzeuge 7 in der bestimmungsgemäßen Position fixieren. Die Formwerkzeuge 7 weisen zudem Stellmittel, z.B. Schrauben oder Klemmen, auf, um das darin aufgenommene Ver<sup>¬</sup> steifungsprofil 5 auf das gewünschte Nominalmaß zu verpressen. </p><p id="p0062" num="0062">Wie aus der Detailansicht gemäß Fig. 7 ersichtlich, ist der Ab<sup>¬</sup> saugkanal 16 als integrale Aussparung des Formwerkzeugs 7 ausge<sup>¬</sup> bildet. Beim gezeigten Ausführungsbeispiel verläuft der </p><p id="p0063" num="0063">Absaugkanal 16 im Wesentlichen senkrecht zur Längsebene des Fa<sup>¬</sup> sergeleges 3. Der Absaugkanal 16 schließt über eine Eintrittsöffnung 27 an den oberhalb des Versteifungsprofils 5 zur </p><p id="p0064" num="0064">zugewandten Innenseite des Formwerkzeugs 7 hin freibleibenden Bereich der Ausnehmung 8 an; somit wird oberhalb des Profilstegs des Versteifungsprofils 5 ein in Längsrichtung verlaufender Ka- 
<!-- EPO <DP n="17"/>-->
nal ausgebildet. Der Absaugkanal 16 kann beispielsweise eine kreisförmige, ovale oder rechteckige Querschnittsgeometrie aufweisen . </p><p id="p0065" num="0065">In den Fig. 8 und 9 ist die Werkzeuganordnung jeweils mit einem Schnitt im Bereich des Distanzblocks 26 gezeigt. Demnach weist der Distanzblock 26 einen zentralen Harzzufuhrkanal 28 auf, der mit der Harz-Zuleitung 12 verbunden wird. Der Harzzufuhrkanal 28 weist einen im Wesentlichen senkrecht zur Längsebene des Fasergeleges 3 verlaufenden Abschnitt 28a, der an die Harz-Zuleitung 12 angeschlossen wird, und einen im Wesentlichen parallel zur Längsebene des Fasergeleges 3 verlaufenden Abschnitt 28b auf, der im Bereich des Fasergeleges 3 in den Raum 10 mündet. Demach kann das Harz vorteilhafterweise im Wesentlichen tangential zur Längsebene des Fasergeleges 3 eingeleitet werden. </p><p id="p0066" num="0066">Wie aus der Draufsicht gemäß Fig. 10 ersichtlich, erfolgt die Luftabsaugung über mehrere in Längsrichtung des Formwerkzeugs 7 beabstandete Absaugöffnungen 17, welche jeweils in das (in Fig. 10 nicht gezeigte) Anschlussteil 22 münden, an das zumindest eine Vakuumleitung 15 angeschlossen wird. Die Harzzufuhr erfolgt, wie erwähnt, an mehreren Distanzblöcken 26, die in bestimmten Abständen über die Länge der Formwerkzeuge 7 verteilt sind . </p><p id="p0067" num="0067">Das vorstehend beschriebene Verfahren unter Verwendung der hierfür eingerichteten Werkzeuganordnung kann mit verschiedenen Matrixmaterialien bzw. Harzen verwendet werden, welche sich insbesondere durch ihre Viskositäten und ihre Temperaturparameter unterscheiden. Hierfür sind einerseits bei Raumtemperatur aushärtende Matrixmaterialien oder alternativ Heißhärter geeignet, welche jeweils in verschiedenen Ausführungen erhältlich sind. Im Fall von Raumtemperatur-Harzen erfolgt die Infusion und die anschließende Aushärtung bei Raumtemperatur. Für die Heißhärter liegen die typischen Infusionstemperaturen zwischen z.B. 80° C bis 120° C und die Aushärtetemperaturen im Bereich von ca. 180° C. Ein zweckmäßiger Vakuumdruck für alle Temperaturbereiche liegt bei ca. 20 mbar, wobei als Toleranz für die Qualität des Vakuums ein Druckabfall beim Abschalten der Vakuummaschine in der Höhe von ca. 20 mbar pro 10 min vorgegeben wird. Zu Beginn 
<!-- EPO <DP n="18"/>-->
des Prozesses kann der gesamte Aufbau einem Vakuumtest unterzogen werden. Beim Anlegen des Vakuums wird die Drosselfunktion der Membranfilter 19, 19' beobachtet, welche bewirkt, dass sich das Gleichgewicht zwischen dem Vakuumdruck vor und nach dem Membranfilter 19, 19' erst nach einer gewissen Zeit einstellt. Anschließend kann mit dem Vakuumtest begonnen werden, welcher die oben angeführten Toleranzen erfüllen sollte. </p><p id="p0068" num="0068">Im Fall eines Heißhärter-Harzes wird die Werkzeuganordnung gemeinsam mit der darin angeordneten Vorform des Faserverbundbauteils 1 auf eine Infusionstemperatur von z.B. 100° C erhitzt. Hierfür wird der gesamte Aufbau in einem Ofen platziert. Das zur Infusion bereitgestellte Harz wird hiervon gesondert auf Infusionstemperatur gebracht. Vorteilhafterweise liegt die Temperatur des Harzes etwas unterhalb der Temperatur der Werkzeuganordnung, um ein verbessertes Fließverhalten zu erzielen. Nach dem Erreichen der notwendigen Sollparameter (Temperatur, Vakuumdruck) beginnt der Infusionsprozess . </p><p id="p0069" num="0069">In Fig. 12 ist ein typischer Temperatur- (oben) bzw. Druckverlauf (unten) während des Infusionsprozesses bei Verwendung eines Heißhärter-Harzes dargestellt. Darin bezeichnet Tl die Raumtemperatur, T2 die Infusionstemperatur, T3 eine optionale Haltestufe und T4 die Aushärtetemperatur. Im entsprechenden </p><p id="p0070" num="0070">Druckdiagramm bezeichnet pl den Umgebungsdruck und pv den Infusionsdruck. Der Vakuum wird dabei mindestens bis zum Ablauf der Zeit der Aushärtetemperatur T4 angeschaltet, wenn die Matrix an Viskosität verliert und die chemische Aushärtung beginnt. 
</p></description><claims mxw-id="PCLM44999154" ref-ucid="WO-2012119163-A1" lang="DE" load-source="patent-office"><claim-statement><!-- EPO <DP n="19"/>-->Patentansprüche : </claim-statement><claim id="clm-0001" num="1"><claim-text>1. Verfahren zur Herstellung eines Faserverbundbauteils (1), wobei auf einer Tragform (2) ein flächiges Fasergelege (3) angeordnet wird, welches auf einer von der Tragform (2) abgewandten Seite mit zumindest einem von der Längsebene des Fasergeleges</claim-text><claim-text>(3) abstehenden Versteifungsprofil (5) versehen wird, das zwischen entsprechenden Werkzeugteilen (6) eines Formwerkzeugs (7) verpresst wird, wobei mittels einer das Formwerkzeug (7) und das Fasergelege (3) bzw. das zumindest eine Versteifungsprofil (5) umschließenden luftdichten Folie (9) ein zur Tragform (2) abgedichteter Raum (10) gebildet wird, der mit zumindest einer Harz- Zuleitung (12) und zumindest einer Vakuumleitung (15) verbunden wird, wobei durch Anlegen eines ünterdrucks an der Vakuumleitung</claim-text><claim-text>(15) Harz angesaugt wird, welches das Fasergelege (3) bzw. das Versteifungsprofil (5) zur Ausbildung des Faserverbundbauteils</claim-text><claim-text>(1) durchtränkt, dadurch gekennzeichnet, dass Luft und Harz zwischen den Werkzeugteilen (6) des Formwerkzeugs (7) durch das zumindest eine Versteifungsprofil (5) in einen im Formwerkzeug (7) verlaufenden Absaugkanal (16) gesaugt werden, der über eine Absaugöffnung (17) des Formwerkzeugs (7) in luft- bzw. harzleitender Verbindung mit der zumindest einen Vakuumleitung (15) steht. </claim-text></claim><claim id="clm-0002" num="2"><claim-text>2. Verfahren nach Anspruch 1, dadurch gekennzeichnet, dass das Formwerkzeug (7) im Bereich des zumindest einen Versteifungsprofils (5) einen von einem Membran- bzw. Folienaufbau, insbesondere einer semipermeablen Membran, freien Abschnitt aufweist. </claim-text></claim><claim id="clm-0003" num="3"><claim-text>3. Verfahren nach Anspruch 1 oder 2, dadurch gekennzeichnet, dass die Absaugung von Harz und Luft über die Absaugöffnung (17) an der von der Tragform (2) abgewandten Oberseite des Formwerkzeugs (7) erfolgt. </claim-text></claim><claim id="clm-0004" num="4"><claim-text>4. Verfahren nach einem der Ansprüche 1 bis 3, dadurch gekennzeichnet, dass im Absaugkanal (16) Luft und Harz zumindest abschnittsweise im Wesentlichen senkrecht zur Längsebene des </claim-text><claim-text>Fasergeleges (3) abgesaugt werden. </claim-text></claim><claim id="clm-0005" num="5"><claim-text>5. Verfahren nach einem der Ansprüche 1 bis 4, dadurch gekennzeichnet, dass die Vakuumleitung (15) ein im trockenen Zustand <!-- EPO <DP n="20"/>--> luftdurchlässiges und harzundurchlässiges Membranfilter (19) aufweist, welches dazu eingerichtet ist, bei einer Durchtränkung mit Harz in einen im Wesentlichen luftdichten Zustand überzugehen . </claim-text></claim><claim id="clm-0006" num="6"><claim-text>6. Verfahren nach einem der Ansprüche 1 bis 5, dadurch gekennzeichnet, dass zumindest eine weitere Vakuumleitung (15<sup>1</sup>), insbesondere in einem Randbereich des Fasergeleges (3), angeordnet wird . </claim-text></claim><claim id="clm-0007" num="7"><claim-text>7. Verfahren nach Anspruch 6, dadurch gekennzeichnet, dass die zumindest eine im Randbereich des Fasergeleges (3) angeordnete weitere Vakuumleitung (15') mit der an den Absaugkanal (16) im Formwerkzeug (7) anschließenden Vakuumleitung (15) in einer gemeinsamen Hauptleitung zusammengeführt wird. </claim-text></claim><claim id="clm-0008" num="8"><claim-text>8. Verfahren nach einem der Ansprüche 1 bis 7, dadurch gekennzeichnet, dass in einem vom Formwerkzeug (7) freien Bereich, insbesondere in einem Randbereich des Faserverbundbauteils (1), ein Membran- bzw. Gewebeaufbau (18) angeordnet wird, der eine Verteilermembran (18') und/oder ein Abreißgewebe aufweist. </claim-text></claim><claim id="clm-0009" num="9"><claim-text>9. Verfahren nach Anspruch 8, dadurch gekennzeichnet, dass die Verteilermembran (18') im Randbereich des Fasergeleges (3) gegenüber der Tragform (2) abgedichtet wird. </claim-text></claim><claim id="clm-0010" num="10"><claim-text>10. Verfahren nach einem der Ansprüche 1 bis 9, dadurch gekennzeichnet, dass das Ansaugen von Harz in einem Ofen unter Wärmezufuhr durchgeführt wird. </claim-text></claim><claim id="clm-0011" num="11"><claim-text>11. Werkzeuganordnung für ein Verfahren zur Herstellung eines Faserverbundbauteils (1), mit einer Tragform (2) zur Aufnahme eines flächigen Fasergeleges (3), und einem Formwerkzeug (7) mit entsprechenden Werkzeugteilen (6), welche im geschlossenen Zustand eine Ausnehmung (8) zur Aufnahme eines Versteifungsprofils</claim-text><claim-text>(5) für das Fasergelege (3) einschließen, dadurch gekennzeichnet, dass das Formwerkzeug (7) einen mit der Ausnehmung (8) zur Aufnahme des Versteifungsprofils (5) verbundenen Absaugkanal</claim-text><claim-text>(16) aufweist, der über eine am Formwerkzeug (7) ausgebildete Absaugöffnung (17) mit einer Vakuumleitung (15) zum Absaugen von <!-- EPO <DP n="21"/>--> Luft verbindbar ist. </claim-text></claim><claim id="clm-0012" num="12"><claim-text>12. Werkzeuganordnung nach Anspruch 11, dadurch gekennzeichnet, dass die Absaugöffnung (17) als Aussparung des Formwerkzeugs (7) an der von der Tragform (2) abgewandten Oberseite des Formwerkzeugs (7) ausgebildet ist. </claim-text></claim><claim id="clm-0013" num="13"><claim-text>13. Werkzeuganordnung nach Anspruch 11 oder 12, dadurch gekenn<sup>¬</sup> zeichnet, dass das Formwerkzeug (7) im geschlossenen Zustand eine im Querschnitt im Wesentlichen rechteckige Ausnehmung (8) zum Verpressen eines stegförmigen Teils (5') des Versteifungsprofils (5) aufweist. </claim-text></claim><claim id="clm-0014" num="14"><claim-text>14. Werkzeuganordnung nach Anspruch. 11 oder 12, dadurch gekenn<sup>¬</sup> zeichnet, dass das Formwerkzeug (7) im geschlossenen Zustand eine im Querschnitt im Wesentlichen L-förmige Ausnehmung (8) zum Verpressen eines entsprechend geformten Teils (5') des Verstei- fungsprofils (5) aufweist. </claim-text></claim><claim id="clm-0015" num="15"><claim-text>15. Werkzeuganordnung nach einem der Ansprüche 11 bis 14, dadurch gekennzeichnet, dass zumindest zwei Formwerkzeuge (7) zum Verpressen jeweils eines Versteifungsprofils (5) vorgesehen sind, zwischen denen zumindest ein Distanzblock (26) angeordnet ist., der einen mit der Harz-Zuleitung (12) verbindbaren Harzzufuhrkanal (28) aufweist. </claim-text></claim><claim id="clm-0016" num="16"><claim-text>16. Werkzeuganordnung nach Anspruch 15, dadurch gekennzeichnet, dass der Harzzufuhrkanal (28) des Distanzblocks (26) einen im Wesentlichen senkrecht zur Längsebene des Fasergeleges (3) verlaufenden Abschnitt, der mit der Harz-Zuleitung (12) verbindbar ist, und einen im Wesentlichen parallel zur Längsebene des Fasergeleges (3) verlaufenden Abschnitt (28b) zum Einleiten von Harz aufweist. </claim-text></claim></claims><copyright>User acknowledges that Fairview Research LLC and its third party providers retain all right, title and interest in and to this xml under applicable copyright laws.  User acquires no ownership rights to this xml including but not limited to its format.  User hereby accepts the terms and conditions of the Licence Agreement</copyright></patent-document>
