<?xml version="1.0" encoding="UTF-8"?>
<patent-document ucid="EP-2958845-A1" country="EP" doc-number="2958845" kind="A1" date="20151230" family-id="51391662" file-reference-id="312929" date-produced="20180822" status="corrected" lang="EN"><bibliographic-data><publication-reference fvid="160453833" ucid="EP-2958845-A1"><document-id><country>EP</country><doc-number>2958845</doc-number><kind>A1</kind><date>20151230</date><lang>EN</lang></document-id></publication-reference><application-reference ucid="EP-13875665-A" is-representative="NO"><document-id mxw-id="PAPP193870634" load-source="docdb" format="epo"><country>EP</country><doc-number>13875665</doc-number><kind>A</kind><date>20130221</date><lang>EN</lang></document-id><document-id mxw-id="PAPP193870635" load-source="patent-office" format="original"><country>EP</country><doc-number>13875665.5</doc-number><date>20130221</date><lang>EN</lang></document-id></application-reference><priority-claims><priority-claim mxw-id="PPC162036024" ucid="US-2013027013-W" linkage-type="A" load-source="docdb"><document-id format="epo"><country>US</country><doc-number>2013027013</doc-number><kind>W</kind><date>20130221</date></document-id></priority-claim></priority-claims><technical-data><classifications-ipcr><classification-ipcr mxw-id="PCL-1892461423" load-source="docdb">B66B   5/24        20060101AFI20160922BHEP        </classification-ipcr><classification-ipcr mxw-id="PCL-1892464811" load-source="docdb">B66B   7/12        20060101ALI20160922BHEP        </classification-ipcr><classification-ipcr mxw-id="PCL-1892467304" load-source="docdb">B66B   5/02        20060101ALI20160922BHEP        </classification-ipcr></classifications-ipcr><classifications-cpc><classification-cpc mxw-id="PCL-1801301866" load-source="docdb" scheme="CPC">D07B2501/2007      20130101 LA20170612BHEP        </classification-cpc><classification-cpc mxw-id="PCL-1801301867" load-source="docdb" scheme="CPC">D07B2301/45        20130101 LA20170612BHEP        </classification-cpc><classification-cpc mxw-id="PCL-1801301868" load-source="docdb" scheme="CPC">D07B2301/307       20130101 LA20170612BHEP        </classification-cpc><classification-cpc mxw-id="PCL-1984698512" load-source="docdb" scheme="CPC">G01R  31/12        20130101 LI20160107BHEP        </classification-cpc><classification-cpc mxw-id="PCL-1984700869" load-source="docdb" scheme="CPC">G01R  17/00        20130101 LI20160107BHEP        </classification-cpc><classification-cpc mxw-id="PCL-1984702513" load-source="docdb" scheme="CPC">B66B   9/00        20130101 LI20160107BHEP        </classification-cpc><classification-cpc mxw-id="PCL-1984704619" load-source="docdb" scheme="CPC">B66B   7/1223      20130101 FI20160108BHEP        </classification-cpc></classifications-cpc><invention-title mxw-id="PT165552965" lang="DE" load-source="patent-office">INTEGRITÄTSÜBERWACHUNG FÜR AUFZUGSSEIL</invention-title><invention-title mxw-id="PT165552966" lang="EN" load-source="patent-office">ELEVATOR CORD HEALTH MONITORING</invention-title><invention-title mxw-id="PT165552967" lang="FR" load-source="patent-office">SURVEILLANCE D'INTÉGRITÉ DE CORDON D'ASCENSEUR</invention-title></technical-data><parties><applicants><applicant mxw-id="PPAR1103335041" load-source="docdb" sequence="1" format="epo"><addressbook><last-name>OTIS ELEVATOR CO</last-name><address><country>US</country></address></addressbook></applicant><applicant mxw-id="PPAR1103322333" load-source="docdb" sequence="1" format="intermediate"><addressbook><last-name>OTIS ELEVATOR COMPANY</last-name></addressbook></applicant><applicant mxw-id="PPAR1101643582" load-source="patent-office" sequence="1" format="original"><addressbook><last-name>Otis Elevator Company</last-name><iid>101282188</iid><address><street>10 Farm Springs Road</street><city>Farmington, CT 06032</city><country>US</country></address></addressbook></applicant></applicants><inventors><inventor mxw-id="PPAR1103336771" load-source="docdb" sequence="1" format="epo"><addressbook><last-name>SUN FANPING</last-name><address><country>US</country></address></addressbook></inventor><inventor mxw-id="PPAR1103325218" load-source="docdb" sequence="1" format="intermediate"><addressbook><last-name>SUN, FANPING</last-name></addressbook></inventor><inventor mxw-id="PPAR1101647822" load-source="patent-office" sequence="1" format="original"><addressbook><last-name>SUN, FANPING</last-name><address><street>422 Goodale Hill Road</street><city>Glastonbury, Connecticut 06033</city><country>US</country></address></addressbook></inventor><inventor mxw-id="PPAR1103302741" load-source="docdb" sequence="2" format="epo"><addressbook><last-name>LUO XIAODONG</last-name><address><country>US</country></address></addressbook></inventor><inventor mxw-id="PPAR1103308823" load-source="docdb" sequence="2" format="intermediate"><addressbook><last-name>LUO, XIAODONG</last-name></addressbook></inventor><inventor mxw-id="PPAR1101644384" load-source="patent-office" sequence="2" format="original"><addressbook><last-name>LUO, XIAODONG</last-name><address><street>95 Krawski Drive</street><city>South Windsor, Connecticut 06074</city><country>US</country></address></addressbook></inventor><inventor mxw-id="PPAR1103341197" load-source="docdb" sequence="3" format="epo"><addressbook><last-name>MOSHER DANIEL A</last-name><address><country>US</country></address></addressbook></inventor><inventor mxw-id="PPAR1103307159" load-source="docdb" sequence="3" format="intermediate"><addressbook><last-name>MOSHER, Daniel, A.</last-name></addressbook></inventor><inventor mxw-id="PPAR1101649446" load-source="patent-office" sequence="3" format="original"><addressbook><last-name>MOSHER, Daniel, A.</last-name><address><street>80 Kinne Road</street><city>Glastonbury, Connecticut 06033</city><country>US</country></address></addressbook></inventor><inventor mxw-id="PPAR1103318089" load-source="docdb" sequence="4" format="epo"><addressbook><last-name>ZHANG HUAN</last-name><address><country>US</country></address></addressbook></inventor><inventor mxw-id="PPAR1103318928" load-source="docdb" sequence="4" format="intermediate"><addressbook><last-name>ZHANG, Huan</last-name></addressbook></inventor><inventor mxw-id="PPAR1101641582" load-source="patent-office" sequence="4" format="original"><addressbook><last-name>ZHANG, Huan</last-name><address><street>109 Salmon Brook Drive</street><city>Glastonbury, Connecticut 06033</city><country>US</country></address></addressbook></inventor><inventor mxw-id="PPAR1103328944" load-source="docdb" sequence="5" format="epo"><addressbook><last-name>WESSON JOHN P</last-name><address><country>US</country></address></addressbook></inventor><inventor mxw-id="PPAR1103318534" load-source="docdb" sequence="5" format="intermediate"><addressbook><last-name>WESSON, JOHN, P.</last-name></addressbook></inventor><inventor mxw-id="PPAR1101649935" load-source="patent-office" sequence="5" format="original"><addressbook><last-name>WESSON, JOHN, P.</last-name><address><street>66 Sylvan Avenue</street><city>West Hartford, Connecticut 06107</city><country>US</country></address></addressbook></inventor><inventor mxw-id="PPAR1103339118" load-source="docdb" sequence="6" format="epo"><addressbook><last-name>CHEN YAN</last-name><address><country>US</country></address></addressbook></inventor><inventor mxw-id="PPAR1103322766" load-source="docdb" sequence="6" format="intermediate"><addressbook><last-name>CHEN, YAN</last-name></addressbook></inventor><inventor mxw-id="PPAR1101652384" load-source="patent-office" sequence="6" format="original"><addressbook><last-name>CHEN, YAN</last-name><address><street>77 Pheasant Way</street><city>South Windsor, Connecticut 06074</city><country>US</country></address></addressbook></inventor><inventor mxw-id="PPAR1103305486" load-source="docdb" sequence="7" format="epo"><addressbook><last-name>THOMPSON MARK STEVEN</last-name><address><country>US</country></address></addressbook></inventor><inventor mxw-id="PPAR1103340884" load-source="docdb" sequence="7" format="intermediate"><addressbook><last-name>THOMPSON, MARK, STEVEN</last-name></addressbook></inventor><inventor mxw-id="PPAR1101649668" load-source="patent-office" sequence="7" format="original"><addressbook><last-name>THOMPSON, MARK, STEVEN</last-name><address><street>151 Old Kent Road North</street><city>Tolland, Connecticut 06084</city><country>US</country></address></addressbook></inventor><inventor mxw-id="PPAR1103328103" load-source="docdb" sequence="8" format="epo"><addressbook><last-name>KOUNTANYA RAJA</last-name><address><country>US</country></address></addressbook></inventor><inventor mxw-id="PPAR1103332312" load-source="docdb" sequence="8" format="intermediate"><addressbook><last-name>KOUNTANYA, RAJA</last-name></addressbook></inventor><inventor mxw-id="PPAR1101644201" load-source="patent-office" sequence="8" format="original"><addressbook><last-name>KOUNTANYA, RAJA</last-name><address><street>465 Buckland Drive Apt. 29322</street><city>Manchester, Connecticut 06042</city><country>US</country></address></addressbook></inventor><inventor mxw-id="PPAR1103329266" load-source="docdb" sequence="9" format="epo"><addressbook><last-name>FARGO RICHARD N</last-name><address><country>US</country></address></addressbook></inventor><inventor mxw-id="PPAR1103335413" load-source="docdb" sequence="9" format="intermediate"><addressbook><last-name>FARGO, RICHARD N.</last-name></addressbook></inventor><inventor mxw-id="PPAR1101639571" load-source="patent-office" sequence="9" format="original"><addressbook><last-name>FARGO, RICHARD N.</last-name><address><street>12 Mohawk Road</street><city>Plainville, Connecticut 06062</city><country>US</country></address></addressbook></inventor></inventors><agents><agent mxw-id="PPAR1101641023" load-source="patent-office" sequence="1" format="original"><addressbook><last-name>Ramsay, Laura Anne</last-name><iid>101104703</iid><address><street>Dehns St Bride's House 10 Salisbury Square</street><city>London EC4Y 8JD</city><country>GB</country></address></addressbook></agent></agents></parties><international-convention-data><pct-or-regional-filing-data ucid="US-2013027013-W"><document-id><country>US</country><doc-number>2013027013</doc-number><kind>W</kind><date>20130221</date><lang>EN</lang></document-id></pct-or-regional-filing-data><pct-or-regional-publishing-data ucid="WO-2014130028-A1"><document-id><country>WO</country><doc-number>2014130028</doc-number><kind>A1</kind><date>20140828</date><lang>EN</lang></document-id></pct-or-regional-publishing-data><designated-states><ep-contracting-states><country mxw-id="DS660646940" load-source="docdb">AL</country><country mxw-id="DS660643600" load-source="docdb">AT</country><country mxw-id="DS660646942" load-source="docdb">BE</country><country mxw-id="DS660735601" load-source="docdb">BG</country><country mxw-id="DS660724593" load-source="docdb">CH</country><country mxw-id="DS660642385" load-source="docdb">CY</country><country mxw-id="DS660643601" load-source="docdb">CZ</country><country mxw-id="DS660646947" load-source="docdb">DE</country><country mxw-id="DS660642386" load-source="docdb">DK</country><country mxw-id="DS660642391" load-source="docdb">EE</country><country mxw-id="DS660759790" load-source="docdb">ES</country><country mxw-id="DS660735602" load-source="docdb">FI</country><country mxw-id="DS660735607" load-source="docdb">FR</country><country mxw-id="DS660646948" load-source="docdb">GB</country><country mxw-id="DS660642392" load-source="docdb">GR</country><country mxw-id="DS660646949" load-source="docdb">HR</country><country mxw-id="DS660643602" load-source="docdb">HU</country><country mxw-id="DS660724594" load-source="docdb">IE</country><country mxw-id="DS660642393" load-source="docdb">IS</country><country mxw-id="DS660735608" load-source="docdb">IT</country><country mxw-id="DS660642394" load-source="docdb">LI</country><country mxw-id="DS660795232" load-source="docdb">LT</country><country mxw-id="DS660643607" load-source="docdb">LU</country><country mxw-id="DS660795233" load-source="docdb">LV</country><country mxw-id="DS660795234" load-source="docdb">MC</country><country mxw-id="DS660725350" load-source="docdb">MK</country><country mxw-id="DS660725363" load-source="docdb">MT</country><country mxw-id="DS660759795" load-source="docdb">NL</country><country mxw-id="DS660735609" load-source="docdb">NO</country><country mxw-id="DS660725364" load-source="docdb">PL</country><country mxw-id="DS660724599" load-source="docdb">PT</country><country mxw-id="DS660759796" load-source="docdb">RO</country><country mxw-id="DS660724600" load-source="docdb">RS</country><country mxw-id="DS660725365" load-source="docdb">SE</country><country mxw-id="DS660724601" load-source="docdb">SI</country><country mxw-id="DS660735610" load-source="docdb">SK</country><country mxw-id="DS660725366" load-source="docdb">SM</country><country mxw-id="DS660642403" load-source="docdb">TR</country></ep-contracting-states><ep-extended-states><ep-extended-state-data><country>BA</country></ep-extended-state-data><ep-extended-state-data><country>ME</country></ep-extended-state-data></ep-extended-states></designated-states></international-convention-data><office-specific-data><eptags><ep-no-a-document-published>*</ep-no-a-document-published></eptags></office-specific-data></bibliographic-data><abstract mxw-id="PA139073815" ref-ucid="WO-2014130028-A1" lang="EN" load-source="patent-office"><p num="0000">A method of fault detection of a belt or rope includes interconnecting a plurality of cords of the belt or rope, the cords including a plurality of wires, to form a bridge circuit. A fault detection bridge circuit is subjected to a voltage excitation and outputs a voltage which is indicative of the belt or rope damage but remaining insensitive to other environmental noises.</p></abstract><abstract mxw-id="PA139541464" ref-ucid="WO-2014130028-A1" lang="EN" source="national office" load-source="docdb"><p>A method of fault detection of a belt or rope includes interconnecting a plurality of cords of the belt or rope, the cords including a plurality of wires, to form a bridge circuit. A fault detection bridge circuit is subjected to a voltage excitation and outputs a voltage which is indicative of the belt or rope damage but remaining insensitive to other environmental noises.</p></abstract><abstract mxw-id="PA139073816" ref-ucid="WO-2014130028-A1" lang="FR" load-source="patent-office"><p num="0000">L'invention concerne un procédé de détection d'anomalie d'une courroie ou d'un câble comprenant l'interconnexion d'une pluralité de cordons de la courroie ou du câble, les cordons comprenant une pluralité de fils, pour former un circuit de pont. Un circuit en pont de détection d'anomalie est soumis à une excitation de tension et produit une tension qui est caractéristique d'un dommage de la courroie ou du câble, mais qui reste insensible à d'autres parasites environnementaux.</p></abstract><abstract mxw-id="PA139541465" ref-ucid="WO-2014130028-A1" lang="FR" source="national office" load-source="docdb"><p>L'invention concerne un procédé de détection d'anomalie d'une courroie ou d'un câble comprenant l'interconnexion d'une pluralité de cordons de la courroie ou du câble, les cordons comprenant une pluralité de fils, pour former un circuit de pont. Un circuit en pont de détection d'anomalie est soumis à une excitation de tension et produit une tension qui est caractéristique d'un dommage de la courroie ou du câble, mais qui reste insensible à d'autres parasites environnementaux.</p></abstract><description mxw-id="PDES78477084" ref-ucid="WO-2014130028-A1" lang="EN" load-source="patent-office"><!-- EPO <DP n="3"/>--><p id="p0001" num="0001"> ELEVATOR CORD HEALTH MONITORING </p><p id="p0002" num="0002">BACKGROUND OF THE INVENTION </p><p id="p0003" num="0003"> [0001] The subject matter disclosed herein relates to belts or ropes used, for example, in elevator systems. More specifically, the subject disclosure relates to fault detection (e.g. of corrosion, fatigue, wear, etc.) of belts or ropes used for elevator suspension and/or driving. </p><p id="p0004" num="0004"> [0002] Elevator systems utilize ropes or belts operably connected to an elevator car, and routed over one or more pulleys, also known as sheaves, to propel the elevator car along a hoistway. Coated steel belts in particular include a plurality of wires located at least partially within a jacket material. The plurality of wires is often arranged into one or more strands and the strands are then arranged into one or more cords. In an exemplary belt construction, a plurality of cords is typically arranged equally spaced within a jacket in a longitudinal direction. </p><p id="p0005" num="0005"> [0003] During normal elevator operation, coated steel belts and ropes are subject to various failures due to fatigue, wear and corrosion over the time of their service which could progressively lead to a catastrophic consequence. It is desirable to have an online health monitoring system for early warning of structural compromise at low cost. The prevalent technology for real time health monitoring of ferromagnetic rope is magnetic flux leakage (MFL) based inspection which could provide adequate detection of minor rope damage but the system is complex, bulky and costly to elevator industry. Resistance based inspection (RBI) is a low cost and popular method for steel cord reinforced belt inspection. However, it lacks of sensitivity for early warning and ability to detect all the common failure modes of the ropes and belts. Dynamic measurement of extremely low resistance multi- strand cords subject to electromagnetic interference or "noise" and/or thermal or mechanical variations presents major challenges relative to interference resistance and signal to noise ratio of the system. A method of continuous monitoring elevator for early warning of wire rope or steel belt damage with low cost is highly desirable. </p><p id="p0006" num="0006">BRIEF DESCRIPTION OF THE INVENTION </p><p id="p0007" num="0007"> [0004] According to one aspect of the invention, a method of fault detection of a belt or rope includes interconnecting a plurality of cords of the belt or rope, the cords including a plurality of wires, to form a bridge circuit. The bridge circuit is subjected to an excitation voltage and outputs a signal voltage, the bridge circuit structure suppressing environmental 
<!-- EPO <DP n="4"/>-->
 noise to increase signal to noise ratio of the signal voltage. The signal voltage is monitored to detect a fault condition of the rope. </p><p id="p0008" num="0008"> [0005] According to this or other aspects of the invention, the method includes comparing a profile of the measured electrical impedance to a baseline electrical impedance profile and determining a fault condition of the belt or rope via the comparison. </p><p id="p0009" num="0009">[0006] According to this or other aspects of the invention, each leg of the bridge circuit includes at least one cord of the belt or rope. </p><p id="p0010" num="0010"> [0007] According to this or other aspects of the invention, each leg of the bridge circuit includes two or more cords of the belt or rope. </p><p id="p0011" num="0011"> [0008] According to this or other aspects of the invention, fault conditions include wire breakage, fretting and/or birdcaging. </p><p id="p0012" num="0012"> [0009] According to this or other aspects of the invention, the method further includes switching the interconnection of the plurality of cords via a switching mechanism operably connected to the plurality of cords. </p><p id="p0013" num="0013"> [0010] According to this or other aspects of the invention, the belt or rope is a coated belt or rope. </p><p id="p0014" num="0014"> [0011] According to this or other aspects of the invention, at least one leg of the bridge circuit is a fixed resistor. </p><p id="p0015" num="0015"> [0012] According to this or other aspects of the invention, two legs of the bridge circuit each comprise at least one cord and two legs of the bridge circuit each comprise a fixed resistor. </p><p id="p0016" num="0016"> [0013] According to another aspect of the invention, an elevator system includes an elevator car and one or more sheaves. A belt or rope having a plurality of wires arranged into a plurality of cords for supporting and/or driving the elevator car is routed across the one or more sheaves and is operably connected to the elevator car. The plurality of cords are interconnected to form a bridge circuit. </p><p id="p0017" num="0017">BRIEF DESCRIPTION OF THE DRAWINGS </p><p id="p0018" num="0018"> [0014] FIG. 1 is a schematic of an exemplary elevator system; </p><p id="p0019" num="0019"> [0015] FIG. 2 is a schematic of another exemplary elevator system; </p><p id="p0020" num="0020"> [0016] FIG. 3 is a cross-sectional view of an embodiment of an elevator belt; </p><p id="p0021" num="0021"> [0017] FIG. 4 is a cross-sectional view of an embodiment of a cord or rope; </p><p id="p0022" num="0022"> [0018] FIG. 5 is a schematic of an embodiment of an elevator belt fault detection unit; and 
<!-- EPO <DP n="5"/>-->
 [0019] FIG. 6 is schematic circuit diagram for elevator belt fault detection; </p><p id="p0023" num="0023"> [0020] FIG. 7 is a schematic of another embodiment of an elevator belt fault detection unit; </p><p id="p0024" num="0024"> [0021] FIG. 8 is another schematic circuit diagram for elevator fault detection; </p><p id="p0025" num="0025"> [0022] FIG. 9 is yet another embodiment of an elevator belt fault detection unit. </p><p id="p0026" num="0026"> [0023] FIG. 10 is still another embodiment of an elevator belt fault detection unit; </p><p id="p0027" num="0027"> [0024] FIG. 11 is a schematic circuit diagram of the embodiment of FIG. 10; </p><p id="p0028" num="0028"> [0025] FIG. 12 is another embodiment of an elevator belt fault detection unit; </p><p id="p0029" num="0029"> [0026] FIG. 13 is a schematic circuit diagram of the embodiment of FIG. 12; </p><p id="p0030" num="0030"> [0027] FIG. 14 is still another embodiment of an elevator belt fault detection unit; and</p><p id="p0031" num="0031">[0028] FIG. 15 is a schematic circuit diagram of the embodiment of FIG. 14; </p><p id="p0032" num="0032"> [0029] The detailed description explains the invention, together with advantages and features, by way of examples with reference to the drawings. </p><p id="p0033" num="0033">DETAILED DESCRIPTION OF THE INVENTION </p><p id="p0034" num="0034"> [0030] Shown in FIGs. 1 and 2 are schematics of exemplary traction elevator systems</p><p id="p0035" num="0035">10. Features of the elevator system 10 that are not required for an understanding of the present invention (such as the guide rails, safeties, etc.) are not discussed herein. The elevator system 10 includes an elevator car 12 operatively suspended or supported in a hoistway 14 with one or more belts 16 or ropes. The one or more belts 16 interact with one or more sheaves 18 to be routed around various components of the elevator system 10. The one or more belts 16 could also be connected to a counterweight 22, which is used to help balance the elevator system 10 and reduce the difference in belt tension on both sides of the traction sheave during operation. It is to be appreciated that while the embodiments herein are described as applied to coated steel belts, it is to be appreciated that the disclosure herein may similarly be applied to steel ropes, either coated or uncoated. </p><p id="p0036" num="0036"> [0031] The sheaves 18 each have a diameter 20, which may be the same or different than the diameters of the other sheaves 18 in the elevator system 10. At least one of the sheaves 18 could be a drive sheave. A drive sheave is driven by a machine (not shown). Movement of the drive sheave by the machine drives, moves and/or propels (through traction) the one or more belts 16 that are routed around the drive sheave. </p><p id="p0037" num="0037">[0032] At least one of the sheaves 18 could be a diverter, deflector or idler sheave.</p><p id="p0038" num="0038">Diverter, deflector or idler sheaves are not driven by a machine, but help guide the one or more belts 16 around the various components of the elevator system 10. Further, one or 
<!-- EPO <DP n="6"/>-->
 more of the sheaves 18, such as the diverter, deflector or idler sheaves, may have a convex shape or crown along its axis of rotation to assist in keeping the one or more belts 16 centered, or in a desired position, along the sheaves 18. </p><p id="p0039" num="0039"> [0033] In some embodiments, the elevator system 10 could use two or more belts 16 for suspending and/or driving the elevator car 12. In addition, the elevator system 10 could have various configurations such that either both sides of the one or more belts 16 engage the one or more sheaves 18 (such as shown in the exemplary elevator systems in FIGS. l or 2) or only one side of the one or more belts 16 engages the one or more sheaves 18. </p><p id="p0040" num="0040">[0034] FIG 1 illustrates an elevator system 10 in which the elevator car 12 includes a sheave 18 around which the belt 16 is routed to support the elevator car 12. Similarly, the counterweight 22 includes a sheave 18 around which the belt 16 is routed to support the counterweight 22. Each end 24a and 24b of the belt 16 is terminated at a fixed location such as a support 26 or other fixed location of the elevator system 10. FIG.2 illustrates an embodiment of an elevator system 10 in which, as in FIG. 1, the elevator car 12 includes a sheave 18 around which the belt 16 is routed to support the elevator car 12. In this embodiment, however, a first end 24a of the belt 16 is terminated at the support 26, while a second end 24b of the belt 16 is terminated at the counterweight 22 and is movable with the counterweight 22. </p><p id="p0041" num="0041"> [0035] FIG. 3 provides a schematic of a belt construction or design. Each belt 16 is constructed of a plurality of wires 28 (e.g. twisted into one or more strands 30 and/or cords 32 as shown in FIG. 4) in a jacket 34. As seen in FIG. 3, the belt 16 has an aspect ratio greater than one (i.e. belt width is greater than belt thickness). The belts 16 are constructed to have sufficient flexibility when passing over the one or more sheaves 18 to provide low bending stresses, meet belt life requirements and have smooth operation, while being sufficiently strong to be capable of meeting strength requirements for suspending and/or driving the elevator car 12. The jacket 34 could be any suitable material, including a single material, multiple materials, two or more layers using the same or dissimilar materials, and/or a film. In one arrangement, the jacket 26 could be a polymer, such as an elastomer, applied to the cords 32 using, for example, an extrusion or a mold wheel process. In another arrangement, the jacket 34 could be a woven fabric that engages and/or integrates the cords 32. As an additional arrangement, the jacket 34 could be one or more of the previously mentioned alternatives in combination. </p><p id="p0042" num="0042"> [0036] The jacket 34 can substantially retain the cords 32 therein. The phrase substantially retain means that the jacket 34 has sufficient engagement with the cords 32 to 
<!-- EPO <DP n="7"/>-->
 transfer torque from the machine 50 through the jacket 34 to the cords 32 to drive movement of the elevator car 12. The jacket 34 could completely envelop the cords 32 (such as shown in FIG. 3), substantially envelop the cords 32, or at least partially envelop the cords 32. </p><p id="p0043" num="0043">[0037] Referring to FIG. 5, a fault detection unit 52 is electrically connected to a plurality of cords 32 of the belt 16. The fault detection unit 52 is connected to a terminated portion of the belt 16, for example, at an end 24a and/or 24b of the belt 16 located at the support 26 (shown in FIG. 1). The cords 32 are electrically connected to the fault detection unit 52 in a Wheatstone bridge configuration. In one embodiment, as shown in FIG. 5, each cord 32a, 32b, 32c and 32d of a four-cord 32 arrangement forms each leg of the Wheatstone bridge. Cord ends 32A and 32B are connected are connected via input leads 54, while cord ends 32C and 32D are connected via input leads 54. Other ends of cords 32a and 32b, referred to as 32A' and 32B' are connected via output lead 56, while ends of cords 32c and 32d, referred to as 32C and 32D' are also connected by an output lead 56. The resulting bridge circuit 58 is shown in FIG. 6. Each leg 60 of the bridge circuit 58 is an LCR circuit allowing for measurement of complex impedance of the legs 60 or alternatively resistance of the legs 60. An excitation voltage is applied across the bridge circuit 58 via the input leads 54 from the fault detection unit 52 in the form of an AC voltage , or alternatively a DC voltage source, and the bridge circuit 58 outputs a signal voltage via output leads 56 to the fault detection unit 52. The fault detection unit 52 compares the excitation voltage to the signal voltage and evaluates an electrical impedance and/or electrical resistance of the belt 16. The measurements are dynamic such that changes in complex impedance or electrical resistance are evaluated by the detection unit 52 and are indicative of wear, fretting and wire breakage in the cords 32 of the belt 16. Configuring the cords 32 as a bridge circuit 58 suppresses noise from electromagnetic interference (EMI), temperature variation along a length of the cords 32, and tensile load variation along each cord 32. The connection scheme increases the total resistance of the circuit 58 and reduced the interrogating current through the cords 32, thus improving signal to noise ratio. Further, since the cords 32 are all interconnected in the circuit 58, all of the cords 32 are monitored simultaneously, thus reducing a number of required measurement channels. </p><p id="p0044" num="0044"> [0038] In another embodiment, as shown in FIG. 7, the belt 16 includes 8 cords 32, with adjacent cords 32 arranged in cord-pairs 64A, 64B, 64C and 64D. The configuration of FIG. 7 is utilized when, for example, the first end 24a of the belt 16 is fixed and the second end 24b is not fixed, as in the elevator system 10 of FIG. 2. In this embodiment, the individual cords 32 of each cord-pair 64A, 64B, 64C, 64D are connected at the second end 
<!-- EPO <DP n="8"/>-->
 24b by jumper wires 66. At the first end 24a, the cord pairs 64A, 64B, 64C, 64D are interconnected to form the bridge circuit 58. For example, as shown in FIG. 7 and FIG. 8, cord-pair 64A is connected to cord-pair 64B, cord-pair 64B is connected to cord-pair 64C, cord-pair 64C is connected to cord-pair 64D, and cord-pair 64D is connected to cord-pair 64A. As in the embodiment of FIG. 6, voltage is applied across the bridge circuit 58 via the input leads 54 and output leads 56 from the fault detection unit 52 measures an electrical impedance and/or electrical resistance of the belt 16. Specifically, an output voltage at the output leads 56 indicates a difference in impedance of cord-pairs 64A and 64D from cord- pairs 64B and 64C, or inner cords 32 of the belt 16 compared to outer cords 32 of the belt 16. While the cords 32 of cord-pairs 64A, 64B, 64C and 64D are illustrated as connected external to the jacket 34, in some embodiments, the cords 32 are connected internal to the jacket 34. Further, while embodiments of belts 16 having 4 or 8 cords 32 are illustrated, it is to be appreciated that in other embodiments, belts 16 having any number of cords 32 four or greater may be utilized, with select cords 32 connected as bridge circuit 58 at any one time. </p><p id="p0045" num="0045">[0039] In another embodiment, as shown in FIG. 9, the cords 32 are connected to a switch array 68 including one or more relays or other switching elements. In this embodiment, the cords 32 are selectably connected fault detection unit 52. In belts 16 having greater than 4 cords 32, this allows for selection of cords 32 or multiples of cords 32 for assessment. Further, with the selective connection of a single cord 32, the fault detection unit 52 may assess the condition of the single cord 32 via, for example, a traditional resistance- based inspection process. </p><p id="p0046" num="0046"> [0040] Referring now to FIGs. 10 - 15, a combination of cords 32 and fixed resistors</p><p id="p0047" num="0047">70 may be used to define the bridge circuit 58. As shown in FIGs. 10 and 11, two cords, in this embodiment 32c and 32d are used in combination with two resistors 70, for example, two low inductance resistors 70, to form the bridge circuit 58. Output leads 56 are connected between cords 32 and resistors 70 and the fault detection unit 52 essentially compares the complex impedance of the cords 32c and 32d to the impedance of the fixed resistors 70. The impedance of the fixed resistors 70 is stable, while the impedance of cords 32c and 32d is variable, so change in impedance of the cords 32c, 32d is more easily detectable. In some embodiments, the resistor 70 legs are low inductance and may also be temperature matched utilizing thermocouples and heaters (not shown). Further, the resistors 70 are matched to the cord impedance within 0.5 to lOx of the cord impedance. </p><p id="p0048" num="0048"> [0041] In another embodiment, as shown in FIGs. 12 and 13, cord pairs 64A and 64B are connected to form two legs of the bridge circuit 58, while resistors 70 for the other two 
<!-- EPO <DP n="9"/>-->
 legs. The behavior of this bridge circuit 58 is similar to that of the circuit in FIGs. 10-11, but with higher levels of cord impedance. Additional cords 32 may be connected in series to form legs 64A and 64B. </p><p id="p0049" num="0049"> [0042] Referring to FIGs. 14 and 15, in some embodiments, the cords 32 and resistors</p><p id="p0050" num="0050">70 are interconnected such that the bridge circuit 58 is formed with cords 32 at opposing legs, and likewise resistors 70 at opposing legs, as opposed to at adjacent legs as in other embodiments. In this embodiment, an increase in complex impedance in the cords 32 will unbalance the bridge in opposite directions, resulting in approximately double the measurable signal at the fault detection unit 52. Thus a smaller change in impedance in the cords 32 is detectable. </p><p id="p0051" num="0051"> [0043] While the invention has been described in detail in connection with only a limited number of embodiments, it should be readily understood that the invention is not limited to such disclosed embodiments. Rather, the invention can be modified to incorporate any number of variations, alterations, substitutions or equivalent arrangements not heretofore described, but which are commensurate with the spirit and scope of the invention. Additionally, while various embodiments of the invention have been described, it is to be understood that aspects of the invention may include only some of the described embodiments. Accordingly, the invention is not to be seen as limited by the foregoing description, but is only limited by the scope of the appended claims. 
</p></description><claims mxw-id="PCLM70077352" ref-ucid="WO-2014130028-A1" lang="EN" load-source="patent-office"><claim-statement><!-- EPO <DP n="10"/>-->CLAIMS: </claim-statement><claim id="clm-0001" num="1"><claim-text> 1. A method of fault detection of a belt or rope comprising: </claim-text><claim-text> interconnecting a plurality of cords of the belt or rope, the cords including a plurality of wires, to form a bridge circuit; </claim-text><claim-text> subjecting the bridge circuit to an excitation voltage; </claim-text><claim-text> outputting a signal voltage from the bridge circuit, the bridge circuit structure suppressing environmental noise to increase signal to noise ratio of the signal voltage; and </claim-text><claim-text> monitoring the signal voltage to detect a fault condition of the rope. </claim-text></claim><claim id="clm-0002" num="2"><claim-text>2. The method of Claim 1, further comprising comparing the signal voltage to the excitation voltage in magnitude and phase to detect the fault condition of the rope. </claim-text></claim><claim id="clm-0003" num="3"><claim-text>3. The method of Claim 1, further comprising: </claim-text><claim-text> comparing a profile of a measured electrical impedance to a baseline electrical impedance profile; and </claim-text><claim-text> determining a fault condition of the belt or rope via the comparison. </claim-text></claim><claim id="clm-0004" num="4"><claim-text>4. The method of Claim 1, wherein each leg of the bridge circuit comprises at least one cord of the belt or rope. </claim-text></claim><claim id="clm-0005" num="5"><claim-text>5. The method of Claim 4, wherein each leg of the bridge circuit comprises two or more cords of the belt or rope. </claim-text></claim><claim id="clm-0006" num="6"><claim-text>6. The method of Claim 1, wherein the output voltage is proportional to an impedance difference between cords of the plurality of cords. </claim-text></claim><claim id="clm-0007" num="7"><claim-text>7. The method of Claim 6, wherein the output voltage is indicative of an impedance difference between laterally inner cords of the belt and laterally outer cords of the belt. </claim-text></claim><claim id="clm-0008" num="8"><claim-text>8. The method of Claim 1, wherein fault conditions include wire breakage, fretting and/or birdcaging. </claim-text></claim><claim id="clm-0009" num="9"><claim-text>9. The method of Claim 1, wherein the electrical impedance is measured substantially continuously. </claim-text></claim><claim id="clm-0010" num="10"><claim-text>10. The method of Claim 1, further comprising switching the interconnection of the plurality of cords via a switching mechanism operably connected to the plurality of cords. </claim-text></claim><claim id="clm-0011" num="11"><claim-text>11. The method of Claim 1, wherein the excitation voltage is supplied from an AC voltage source. 
<!-- EPO <DP n="11"/>-->
</claim-text></claim><claim id="clm-0012" num="12"><claim-text>12. The method of Claim 1, wherein at least one leg of the bridge circuit comprises a fixed resistor. </claim-text></claim><claim id="clm-0013" num="13"><claim-text>13. The method of Claim 12, wherein two legs of the bridge circuit each comprise at least one cord and two legs of the bridge circuit each comprise a fixed resistor. </claim-text></claim><claim id="clm-0014" num="14"><claim-text>14. An elevator system comprising: </claim-text><claim-text> an elevator car; </claim-text><claim-text> one or more sheaves; </claim-text><claim-text> a belt or rope comprising a plurality of wires arranged into a plurality of cords for supporting and/or driving the elevator car routed across the one or more sheaves and operably connected to the elevator car, the plurality of cords interconnected to form a bridge circuit. </claim-text></claim><claim id="clm-0015" num="15"><claim-text>15. The elevator system of Claim 14, wherein each leg of the bridge circuit comprises at least one cord of the belt or rope. </claim-text></claim><claim id="clm-0016" num="16"><claim-text>16. The elevator system of Claim 15, wherein each leg of the bridge circuit comprises two or more cords of the belt or rope. </claim-text></claim><claim id="clm-0017" num="17"><claim-text>17. The elevator system of Claim 14, further comprising a switching element operably connected to the plurality of cords to change an interconnection configuration of the plurality of cords. </claim-text></claim><claim id="clm-0018" num="18"><claim-text>18. The elevator system of Claim 14, further comprising an AC voltage source operably connected to the belt or rope. </claim-text></claim><claim id="clm-0019" num="19"><claim-text>19. The elevator system of Claim 14, wherein the belt or rope is a coated belt or rope. </claim-text></claim><claim id="clm-0020" num="20"><claim-text>20. The elevator system of Claim 14, wherein at least one leg of the bridge circuit comprises a fixed resistor. </claim-text></claim><claim id="clm-0021" num="21"><claim-text>21. The elevator system of Claim 20, wherein two legs of the bridge circuit each comprise at least one cord and two legs of the bridge circuit each comprise a fixed resistor. 
</claim-text></claim></claims><copyright>User acknowledges that Fairview Research LLC and its third party providers retain all right, title and interest in and to this xml under applicable copyright laws.  User acquires no ownership rights to this xml including but not limited to its format.  User hereby accepts the terms and conditions of the Licence Agreement</copyright></patent-document>
