<?xml version="1.0" encoding="UTF-8"?>
<patent-document ucid="EP-2958679-A1" country="EP" doc-number="2958679" kind="A1" date="20151230" family-id="48048565" file-reference-id="313465" date-produced="20180825" status="corrected" lang="EN"><bibliographic-data><publication-reference fvid="160453450" ucid="EP-2958679-A1"><document-id><country>EP</country><doc-number>2958679</doc-number><kind>A1</kind><date>20151230</date><lang>EN</lang></document-id></publication-reference><application-reference ucid="EP-14703832-A" is-representative="NO"><document-id mxw-id="PAPP193869868" load-source="docdb" format="epo"><country>EP</country><doc-number>14703832</doc-number><kind>A</kind><date>20140210</date><lang>EN</lang></document-id><document-id mxw-id="PAPP193869869" load-source="patent-office" format="original"><country>EP</country><doc-number>14703832.7</doc-number><date>20140210</date><lang>EN</lang></document-id></application-reference><priority-claims><priority-claim mxw-id="PPC162031316" ucid="EP-2014052544-W" linkage-type="W" load-source="docdb"><document-id format="epo"><country>EP</country><doc-number>2014052544</doc-number><kind>W</kind><date>20140210</date></document-id></priority-claim><priority-claim mxw-id="PPC162029243" ucid="GB-201302824-A" load-source="docdb"><document-id format="epo"><country>GB</country><doc-number>201302824</doc-number><kind>A</kind><date>20130219</date></document-id></priority-claim></priority-claims><technical-data><classifications-ipcr><classification-ipcr mxw-id="PCL-1861371571" load-source="docdb">B05B   9/04        20060101ALI20161222BHEP        </classification-ipcr><classification-ipcr mxw-id="PCL-1861372250" load-source="docdb">B05B  12/08        20060101AFI20161222BHEP        </classification-ipcr><classification-ipcr mxw-id="PCL-1861372390" load-source="docdb">F16K  17/04        20060101ALI20161222BHEP        </classification-ipcr><classification-ipcr mxw-id="PCL-1861374478" load-source="docdb">F16K  15/06        20060101ALI20161222BHEP        </classification-ipcr></classifications-ipcr><classifications-cpc><classification-cpc mxw-id="PCL-1702753103" load-source="docdb" scheme="CPC">B05B  15/58        20180201 LI20180202BHEP        </classification-cpc><classification-cpc mxw-id="PCL-1858707862" load-source="docdb" scheme="CPC">B05B   9/0403      20130101 LI20170109BHEP        </classification-cpc><classification-cpc mxw-id="PCL-1858707863" load-source="docdb" scheme="CPC">B05B   1/3046      20130101 LI20170109BHEP        </classification-cpc><classification-cpc mxw-id="PCL-1858707864" load-source="docdb" scheme="CPC">B05B   1/3026      20130101 LI20170109BHEP        </classification-cpc><classification-cpc mxw-id="PCL-1858707865" load-source="docdb" scheme="CPC">B05B   1/00        20130101 LI20170109BHEP        </classification-cpc><classification-cpc mxw-id="PCL-1984698606" load-source="docdb" scheme="CPC">F16K  17/04        20130101 FI20160108BHEP        </classification-cpc><classification-cpc mxw-id="PCL-1984699549" load-source="docdb" scheme="CPC">B05B   9/04        20130101 LI20160108BHEP        </classification-cpc><classification-cpc mxw-id="PCL-1984700592" load-source="docdb" scheme="CPC">F16K  15/063       20130101 LI20160108BHEP        </classification-cpc><classification-cpc mxw-id="PCL-1984703438" load-source="docdb" scheme="CPC">B05B  12/087       20130101 LI20160108BHEP        </classification-cpc><classification-cpc mxw-id="PCL-1984704632" load-source="docdb" scheme="CPC">B05D   1/02        20130101 LI20160107BHEP        </classification-cpc></classifications-cpc><invention-title mxw-id="PT165551816" lang="DE" load-source="patent-office">DRUCKENTLASTUNGSMODUL</invention-title><invention-title mxw-id="PT165551817" lang="EN" load-source="patent-office">PRESSURE RELIEF MODULE</invention-title><invention-title mxw-id="PT165551818" lang="FR" load-source="patent-office">MODULE DE DÉCOMPRESSION</invention-title></technical-data><parties><applicants><applicant mxw-id="PPAR1103326417" load-source="docdb" sequence="1" format="epo"><addressbook><last-name>CARLISLE FLUID TECHNOLOGIES INC</last-name><address><country>US</country></address></addressbook></applicant><applicant mxw-id="PPAR1103328752" load-source="docdb" sequence="1" format="intermediate"><addressbook><last-name>CARLISLE FLUID TECHNOLOGIES, INC.</last-name></addressbook></applicant><applicant mxw-id="PPAR1101652372" load-source="patent-office" sequence="1" format="original"><addressbook><last-name>Carlisle Fluid Technologies, Inc.</last-name><iid>101544966</iid><address><street>11605 North Community House Road, Suite 600</street><city>Charlotte NC 28277</city><country>US</country></address></addressbook></applicant></applicants><inventors><inventor mxw-id="PPAR1103303883" load-source="docdb" sequence="1" format="epo"><addressbook><last-name>SMITH ALAN</last-name><address><country>GB</country></address></addressbook></inventor><inventor mxw-id="PPAR1103323965" load-source="docdb" sequence="1" format="intermediate"><addressbook><last-name>SMITH, ALAN</last-name></addressbook></inventor><inventor mxw-id="PPAR1101647461" load-source="patent-office" sequence="1" format="original"><addressbook><last-name>SMITH, ALAN</last-name><address><street>146 Honeycombe Beach Boscombe</street><city>Bournemouth Dorset BH5 1LG</city><country>GB</country></address></addressbook></inventor><inventor mxw-id="PPAR1103309884" load-source="docdb" sequence="2" format="epo"><addressbook><last-name>MARTIN PHILIP JEREMY</last-name><address><country>GB</country></address></addressbook></inventor><inventor mxw-id="PPAR1103327676" load-source="docdb" sequence="2" format="intermediate"><addressbook><last-name>MARTIN, Philip Jeremy</last-name></addressbook></inventor><inventor mxw-id="PPAR1101645943" load-source="patent-office" sequence="2" format="original"><addressbook><last-name>MARTIN, Philip Jeremy</last-name><address><street>6A Sydenham Crescent Wool</street><city>Wareham Dorset DH20 6ES</city><country>GB</country></address></addressbook></inventor></inventors><agents><agent mxw-id="PPAR1101649925" load-source="patent-office" sequence="1" format="original"><addressbook><last-name>Somervell, Thomas Richard</last-name><iid>100057917</iid><address><street>Marks &amp; Clerk LLP Alpha Tower Suffolk Street Queensway</street><city>Birmingham B1 1TT</city><country>GB</country></address></addressbook></agent></agents></parties><international-convention-data><pct-or-regional-filing-data ucid="EP-2014052544-W"><document-id><country>EP</country><doc-number>2014052544</doc-number><kind>W</kind><date>20140210</date><lang>EN</lang></document-id></pct-or-regional-filing-data><pct-or-regional-publishing-data ucid="WO-2014128020-A1"><document-id><country>WO</country><doc-number>2014128020</doc-number><kind>A1</kind><date>20140828</date><lang>EN</lang></document-id></pct-or-regional-publishing-data><designated-states><ep-contracting-states><country mxw-id="DS660750842" load-source="docdb">AL</country><country mxw-id="DS660638387" load-source="docdb">AT</country><country mxw-id="DS660750848" load-source="docdb">BE</country><country mxw-id="DS660727992" load-source="docdb">BG</country><country mxw-id="DS660793315" load-source="docdb">CH</country><country mxw-id="DS660720084" load-source="docdb">CY</country><country mxw-id="DS660638388" load-source="docdb">CZ</country><country mxw-id="DS660717641" load-source="docdb">DE</country><country mxw-id="DS660750849" load-source="docdb">DK</country><country mxw-id="DS660720085" load-source="docdb">EE</country><country mxw-id="DS660640965" load-source="docdb">ES</country><country mxw-id="DS660727993" load-source="docdb">FI</country><country mxw-id="DS660727994" load-source="docdb">FR</country><country mxw-id="DS660717642" load-source="docdb">GB</country><country mxw-id="DS660750850" load-source="docdb">GR</country><country mxw-id="DS660717827" load-source="docdb">HR</country><country mxw-id="DS660720086" load-source="docdb">HU</country><country mxw-id="DS660793316" load-source="docdb">IE</country><country mxw-id="DS660750855" load-source="docdb">IS</country><country mxw-id="DS660728007" load-source="docdb">IT</country><country mxw-id="DS660750856" load-source="docdb">LI</country><country mxw-id="DS660717828" load-source="docdb">LT</country><country mxw-id="DS660638389" load-source="docdb">LU</country><country mxw-id="DS660717829" load-source="docdb">LV</country><country mxw-id="DS660717830" load-source="docdb">MC</country><country mxw-id="DS660638390" load-source="docdb">MK</country><country mxw-id="DS660638399" load-source="docdb">MT</country><country mxw-id="DS660750857" load-source="docdb">NL</country><country mxw-id="DS660717836" load-source="docdb">NO</country><country mxw-id="DS660750858" load-source="docdb">PL</country><country mxw-id="DS660728008" load-source="docdb">PT</country><country mxw-id="DS660750863" load-source="docdb">RO</country><country mxw-id="DS660728009" load-source="docdb">RS</country><country mxw-id="DS660750864" load-source="docdb">SE</country><country mxw-id="DS660793317" load-source="docdb">SI</country><country mxw-id="DS660717837" load-source="docdb">SK</country><country mxw-id="DS660717838" load-source="docdb">SM</country><country mxw-id="DS660638400" load-source="docdb">TR</country></ep-contracting-states><ep-extended-states><ep-extended-state-data><country>BA</country></ep-extended-state-data><ep-extended-state-data><country>ME</country></ep-extended-state-data></ep-extended-states></designated-states></international-convention-data><office-specific-data><eptags><ep-no-a-document-published>*</ep-no-a-document-published></eptags></office-specific-data></bibliographic-data><abstract mxw-id="PA139079180" ref-ucid="WO-2014128020-A1" lang="EN" load-source="patent-office"><p num="0000">A paint circulating system 10 and a pressure relief module 40 utilised therein are described. The paint circulating system 10 comprises a pressurised paint supply pipeline 22, a tank return pipeline 34 and a pressure relief module 40. The pressure relief module 40 comprises: a first flow chamber 65 through which pressurised paint is provided to said supply pipeline 22; a second flow chamber 69 through which paint returns to said tank return pipeline 34; an orifice 42 interconnecting said first and second flow chambers; and a valve member 46 biased towards the orifice so as to block said orifice. The valve member 46 is moveable in response to a pressure in said first flow chamber 65 exceeding a predetermined relief pressure so as to displace said valve member 46 to open said orifice 42. This allows paint to flow from said first flow chamber 65 into said second flow chamber 69, preventing failure occurring in the paint circulating system 10.</p></abstract><abstract mxw-id="PA139545735" ref-ucid="WO-2014128020-A1" lang="EN" source="national office" load-source="docdb"><p>A paint circulating system 10 and a pressure relief module 40 utilised therein are described. The paint circulating system 10 comprises a pressurised paint supply pipeline 22, a tank return pipeline 34 and a pressure relief module 40. The pressure relief module 40 comprises: a first flow chamber 65 through which pressurised paint is provided to said supply pipeline 22; a second flow chamber 69 through which paint returns to said tank return pipeline 34; an orifice 42 interconnecting said first and second flow chambers; and a valve member 46 biased towards the orifice so as to block said orifice. The valve member 46 is moveable in response to a pressure in said first flow chamber 65 exceeding a predetermined relief pressure so as to displace said valve member 46 to open said orifice 42. This allows paint to flow from said first flow chamber 65 into said second flow chamber 69, preventing failure occurring in the paint circulating system 10.</p></abstract><abstract mxw-id="PA139079181" ref-ucid="WO-2014128020-A1" lang="FR" load-source="patent-office"><p num="0000">Système de circulation 10 de peinture et module de décompression 40 utilisé dans celui-ci. Le système de circulation 10 de peinture comprend une conduite d'alimentation 22 en peinture sous pression, une conduite de retour 34 au réservoir et un module de décompression 40. Le module de décompression 40 comprend : une première chambre d'écoulement 65 dans laquelle la peinture sous pression est apportée à ladite conduite d'alimentation 22 ; une seconde chambre d'écoulement 69 dans laquelle la peinture revient à ladite conduite de retour 34 au réservoir ; un orifice 42 reliant lesdites première et seconde chambres d'écoulement ; et un élément clapet 46 sollicité vers l'orifice de manière à bloquer ledit orifice. L'élément clapet 46 est mobile en réaction à une pression présente dans ladite première chambre d'écoulement 65 dépassant une pression de relâchement prédéfinie de manière à déplacer ledit élément clapet 46 pour qu'il ouvre ledit orifice 42. Cela permet à la peinture de s'écouler depuis ladite première chambre d'écoulement 65 jusque dans ladite seconde chambre d'écoulement 69, empêchant une panne de survenir dans le système de circulation 10 de peinture.</p></abstract><abstract mxw-id="PA139545736" ref-ucid="WO-2014128020-A1" lang="FR" source="national office" load-source="docdb"><p>Système de circulation 10 de peinture et module de décompression 40 utilisé dans celui-ci. Le système de circulation 10 de peinture comprend une conduite d'alimentation 22 en peinture sous pression, une conduite de retour 34 au réservoir et un module de décompression 40. Le module de décompression 40 comprend : une première chambre d'écoulement 65 dans laquelle la peinture sous pression est apportée à ladite conduite d'alimentation 22 ; une seconde chambre d'écoulement 69 dans laquelle la peinture revient à ladite conduite de retour 34 au réservoir ; un orifice 42 reliant lesdites première et seconde chambres d'écoulement ; et un élément clapet 46 sollicité vers l'orifice de manière à bloquer ledit orifice. L'élément clapet 46 est mobile en réaction à une pression présente dans ladite première chambre d'écoulement 65 dépassant une pression de relâchement prédéfinie de manière à déplacer ledit élément clapet 46 pour qu'il ouvre ledit orifice 42. Cela permet à la peinture de s'écouler depuis ladite première chambre d'écoulement 65 jusque dans ladite seconde chambre d'écoulement 69, empêchant une panne de survenir dans le système de circulation 10 de peinture.</p></abstract><description mxw-id="PDES78477875" ref-ucid="WO-2014128020-A1" lang="EN" load-source="patent-office"><!-- EPO <DP n="3"/>--><p id="p0001" num="0001"> Pressure Relief Module </p><p id="p0002" num="0002">The present invention relates to a pressure relief module and a paint circulating system including a pressure relief module. More particularly, the present invention relates to a pressure relief valve for a fluid circulating system and to a paint circulating system comprising a pressurised paint supply pipeline, a tank return pipeline and a pressure relief valve. </p><p id="p0003" num="0003">When working with pressurised liquid flows, such as in automotive paint finishing facilities, it is important to provide relief systems, designed to intentionally fail, analogous to a fuse, if the pressure within the facility increases beyond safe predetermined levels. </p><p id="p0004" num="0004">Pressure increases may occur naturally due to blockages within the pipelines pumping the pressurised liquids, or may be inadvertently created due to incorrect closing of a valve etc. Without a mechanism to release the pressure, unpredictable, expensive and potentially dangerous failure can occur within the pipelines and the pumping equipment. To address this, rupture discs are often used to provide a form of rudimentary pressure management. These discs are installed in the pipelines and are designed to fail when a predetermined pressure limit is exceeded. Once this limit is reached, the disc ruptures and diverts paint into a run-off pipeline and back to the supply tank. Although a solution, such discs need to be replaced after each failure. There is also the problem that the separate run-off pipeline must be cleaned after use to prevent aggregation of dried paint. </p><p id="p0005" num="0005">The present invention aims to alleviate these issues by providing an improved paint circulating system with pressure relief module. </p><p id="p0006" num="0006">According to a first aspect of the present invention, there is provided a pressure relief module for a fluid circulating system, said module comprising a housing, said housing comprising a supply flow inlet port for receiving a pressurised supply fluid flow; a supply flow outlet port for supplying the pressurised fluid flow; a return flow inlet port for receiving a low pressure return fluid flow; and a return flow outlet port for supplying the 
<!-- EPO <DP n="4"/>-->
 low pressure return fluid flow; a first flow chamber connecting the supply flow inlet port to the supply flow outlet port; a second flow chamber connecting the return flow inlet port to the return flow outlet port; and pressure relief means configured to divert at least a portion of the supply fluid flow from the first flow chamber into the second flow chamber when the pressure of the supply fluid flow exceeds a threshold value. </p><p id="p0007" num="0007">Advantageously, the first and second flow chambers share a common separating wall. Within the common separating wall there is an orifice, which interconnects the first flow chamber to the second flow chamber. A valve member, biased against the orifice, seals the orifice in normal operating conditions and is arranged to open the valve (the valve member moves away from the orifice) when the pressure of the supply fluid flow exceeds a threshold value. </p><p id="p0008" num="0008">Generally, the first flow chamber and the second flow chamber are orthogonally arranged within the housing. This allows for a compact arrangement of the housing and is easier to construct than if the first and second flow chambers are arranged parallel. This is because the common separating wall is minimised in a perpendicular (orthogonal) arrangement, allowing the position of the orifice to be more easily controlled. </p><p id="p0009" num="0009">According to a second aspect of the present invention there is provided a paint circulating system comprising a pressurised paint supply pipeline, a tank return pipeline and a pressure relief module, wherein the pressure relief module comprises: a first flow chamber through which pressurised paint is provided to said supply pipeline; a second flow chamber through which paint returns to said tank return pipeline; an orifice interconnecting said first and second flow chambers; and a valve member biased towards the orifice so as to block said orifice, and wherein said valve member is moveable in response to a pressure in said first flow chamber exceeding a predetermined relief pressure so as to displace said valve member to open said orifice to allow paint to flow from said first flow chamber into said second flow chamber. </p><p id="p0010" num="0010">In an embodiment, the pressure relief module comprises a housing such that the first flow chamber and the second flow chamber each define a passageway therein. Such an arrangement allows the pressure relief valve to divert or vent paint from the pressurised paint pipeline entering the housing directly towards and into the tank return 
<!-- EPO <DP n="5"/>-->
 pipeline, eliminating the need for a separate pipeline for overflow or relief paint and ensuring the operating time lost for the facility due to an exceeded pressure event is minimised or eliminated. Advantageously, the first flow chamber and the second flow chamber are arranged perpendicularly to one another within the housing. </p><p id="p0011" num="0011">Preferably, the first flow chamber is arranged adjacent to the second flow chamber within the housing. </p><p id="p0012" num="0012">In embodiments of the invention, the orifice of the valve is located in a common wall separating the first flow chamber and the second flow chamber. </p><p id="p0013" num="0013">Generally, the system also comprises a tank for storing paint for supply to the system and a pump for pumping paint from the tank and to the pressurised paint supply pipeline, wherein the tank return line returns paint to the tank. A plurality of sprayers may also be provided downstream of the pressurised paint supply pipeline to apply the paint to automobiles and the like. Particular embodiments of the invention are illustrated in the accompanying drawings in which: </p><p id="p0014" num="0014"> Figure 1 is a schematic representation of a paint circulation system with a pressure relief module according to the present invention when the system is operating in a normal condition; </p><p id="p0015" num="0015"> Figure 2 is a schematic representation of the paint circulation system shown in</p><p id="p0016" num="0016">Figure 1 when the system is operating in a fault condition; </p><p id="p0017" num="0017"> Figure 3 is a schematic top view representation of the pressure relief module shown in Figures 1 and 2. </p><p id="p0018" num="0018"> Figure 4a is cross sectional view along the line A-A of the pressure relief module shown in Figure 3 in the condition shown in Figure 1 when the fluid flowing through the system and the module is below a set pressure; and </p><p id="p0019" num="0019"> Figure 4b is a cross sectional view of the pressure relief valve shown in Figure 4a and the condition shown in Figure 2 when the fluid flowing through the system and the module is above a set pressure. 
<!-- EPO <DP n="6"/>-->
 Figure 1 shows a paint circulation system 10 for supplying paint to a plurality of paint sprayers (not shown). The system 10 comprises a pump 12 for pumping paint from a mix tank 14 and around the system 10. The pump 12 is typically an electric variable speed pump, although alternative equivalent pumps may be used. The mix tank 14 is a storage tank for holding paint or other liquid prior to it being pumped (circulated) around the system 10 by the pump 12. When the liquid is paint, it is important to ensure that the paint is continuously pumped (circulated) to prevent sedimentation within the pipework and equipment. The pump supplies pressurised paint around the system via a plurality of pipelines 20, 22, 24. In use, paint is received by the pump 12 from the mix-tank 14 via paint supply pipeline 24 (shown as a dash-dot-dot line in Figure 1 ). The pump displaces the paint to a pre-set level, for example 10 litres per minute. The paint is then directed around the system to the paint sprayers (not shown) via pump outlet pipeline 20 and main spray pipeline 22 (shown as solid lines in Figure 1 ). Optionally, the main spray pipeline 22 may contain a flow filter 26 to remove particulates from the pressurised paint flow and a ball stop valve 28 through which the paint flows. </p><p id="p0020" num="0020">The paint is delivered to the sprayers and circulated back through a return pipeline 30. A back pressure regulator 32 is provided in the return pipeline 30 that acts to set and maintain the pressure of the paint upstream of the regulator 32, whilst paint downstream of the back pressure regulator 32 is unpressurised. </p><p id="p0021" num="0021">Downstream of the back pressure regulator 32, the return pipeline 30 enters a pressure relief module 40. The pressure relief module 40 includes a first flow chamber, or passageway for the paint, that connects the return pipeline 30 (shown as a solid line in Figure 1 ) to the tank return pipeline 34 (shown as a dash-dot line in Figure 1 ). Additionally, a second flow chamber, or passageway for paint, connects the pump outlet pipeline 20 to the main spray pipeline 22. Furthermore, the pressure relief module 40 has an orifice that interconnects the first and second flow chambers, allowing paint flowing from the pump outlet pipeline 20 into the main spray pipeline 22 to be diverted into the tank return pipeline 34. Around the orifice is a seat which cooperates with a valve member, which is normally biased against the seat, to block the orifice. When the pressure of paint in the first flow chamber (from the pump outlet pipeline 20 to the main spray pipeline 22) exceeds a preset value, the pressure 
<!-- EPO <DP n="7"/>-->
 overcomes the biasing force on the valve member to lift it away from the seat so as to open the orifice. This allows paint to flow from the first flow chamber to the second flow chamber i.e. from the pump outlet pipeline 20 into the tank return pipeline 34. In the example shown, the preset value is 21 bar (2,100,000 Pa). The operation of the pressure relief module will be described in greater detail with relation to Figures 3, 4a and 4b below. </p><p id="p0022" num="0022">Optionally, within the return pipeline is a second ball stop valve 36 positioned upstream of the back pressure regulator 32. This valve 36, with associated valve 28 may be used to isolate the paint sprayers (not shown) from the pump system. </p><p id="p0023" num="0023">Figure 2 shows the system in a fault mode. Such a scenario may occur when a blockage forms within the pipelines or filter 26 or may also occur in the event of human error, for example ball valve 28 being incorrectly closed. The latter example is shown in figure 2. Such a blockage may occur at any point within the pressurised flow line. In the event of a fault, paint is no longer free to flow around the system. </p><p id="p0024" num="0024">As the flow of paint around the system is prevented, once a blockage (such as an incorrectly or inadvertently closed valve 28) has occurred, the pressure of the paint within the pump outlet pipeline 20 increases. In the example shown, the paint within the pump outlet pipeline 20 (shown as a solid line in Figure 2) has exceeded a preset pressure of the pressure relief valve 40, e.g. 21 bar (2,100,000 Pa). This causes the valve member in the pressure relief module 40 to open, diverting paint from the pump outlet pipeline 20 into the tank return pipeline 34 (now shown as a solid line in Figure 2). This diversion prevents the pressure within the pump outlet pipeline 20 from reaching a value high enough to burst the pipeline 20 or to cause damage to the pump 12, or other components. With the diversion in place, the flow of paint through the main spray pipeline 22 and the return pipeline 30 (both shown as dotted lines in Figure 2) is reduced or prevented. </p><p id="p0025" num="0025">The use of the pressure relief module 40 also removes the need to use additional replaceable pressure relief systems such as rupture discs or the like. Additionally, by diverting paint from the high pressure pump outlet pipeline 20 directly into the tank return pipeline 34 (rather than by using a dedicated relief pipeline) no pipelines require 
<!-- EPO <DP n="8"/>-->
 cleaning after a fault. This minimises the downtime of the system after a fault condition. </p><p id="p0026" num="0026">Figure 3 shows a schematic top view representation of the pressure relief module shown in figures 1 and 2. Figures 4a and 4b additionally show cross-sectional views of the pressure relief module 40 of Figure 3, taken along the line A-A, in normal conditions (Figure 4a) and fault conditions (Figure 4b). The pressure relief module 40 has a housing 60 with a supply flow inlet port 62 for receiving a pressurised supply fluid flow from the pump outlet pipeline 20 and a supply flow outlet port 64 for supplying the pressurised fluid flow to the main spray pipeline 22. The supply flow inlet port 62 and the supply flow outlet port 64 are connected by a first flow chamber 65 through which the paint flows. Additionally, the pressure relief module 40 has a return flow inlet port 66 for receiving a low pressure return fluid flow from the return pipeline 30 and a return flow supply port 68 for supplying a low pressure return fluid flow to the tank return pipeline 34. Similarly, the return flow inlet port 66 and the return flow outlet port 68 are connected by a second flow chamber 69 through which paint flows from the return pipeline 30 to the tank return pipeline 34. </p><p id="p0027" num="0027">Where the first and second flow chambers 65, 69 are in closest proximity (i.e. where they cross in this example) they share a common separating wall. The pressure relief module contains an orifice 42 located in the common separating wall. The orifice 42 is provided with a valve seat 44 against which a valve member 46 is biased by a valve spring 48. The orifice 42 interconnects the first flow chamber to the second flow chamber 69 when the preset pressure of the pressure relief module 40 is exceeded such that the valve member 46 lifts off the valve seat 44. </p><p id="p0028" num="0028">In normal use (Figure 4a), pressurised paint 50 is free to flow through the first flow chamber 65 from the pump outlet pipeline 20 to the main spray pipeline 22. Additionally, return low pressure paint 52 flows through the second flow chamber 69 from the return pipeline 30 to the tank return pipeline 34. In the event that the pressure of the paint 50 increases beyond the setpoint pressure of the pressure relief module 40 (such as during a fault), the pressure of the paint pushes against the valve seat 44, urging the valve member 46 away from the orifice 42 against the force of the biasing valve spring 48. As the orifice 42 is no longer sealed by the valve seat 44, high 
<!-- EPO <DP n="9"/>-->
 pressure paint 54 is free to pass through the orifice 42 and to enter the second flow chamber 69 and into the tank return pipeline 34. </p><p id="p0029" num="0029">In the examples shown, the first and second flow chambers 65, 69 are substantially orthogonally arranged within the housing to allow the housing to be as compact as possible. However, alternative arrangements such as parallel first and second flow chambers or curved flow chambers may be envisaged. 
</p></description><claims mxw-id="PCLM70078156" ref-ucid="WO-2014128020-A1" lang="EN" load-source="patent-office"><claim-statement><!-- EPO <DP n="10"/>-->CLAIMS: </claim-statement><claim id="clm-0001" num="1"><claim-text>1 . A pressure relief module for a fluid circulating system, said module comprising: a housing, said housing comprising: </claim-text><claim-text> a supply flow inlet port for receiving a pressurised supply fluid flow; a supply flow outlet port for supplying the pressurised fluid flow; </claim-text><claim-text> a return flow inlet port for receiving a low pressure return fluid flow; and a return flow outlet port for supplying the low pressure return fluid flow; a first flow chamber connecting the supply flow inlet port to the supply flow outlet port; </claim-text><claim-text> a second flow chamber connecting the return flow inlet port to the return flow outlet port; and </claim-text><claim-text> pressure relief means configured to divert at least a portion of the supply fluid flow from the first flow chamber into the second flow chamber when the pressure of the supply fluid flow exceeds a threshold value. </claim-text></claim><claim id="clm-0002" num="2"><claim-text>2. The pressure relief module of claim 1 , wherein the first and second flow chambers share a common separating wall. </claim-text></claim><claim id="clm-0003" num="3"><claim-text>3. The pressure relief module of claim 2, said pressure relief valve further comprising: </claim-text><claim-text> an orifice located in the common separating wall, interconnecting the first flow chamber to the second flow chamber. </claim-text></claim><claim id="clm-0004" num="4"><claim-text>4. The pressure relief module of claim 3, wherein the pressure relief means comprises: </claim-text><claim-text> a valve member biased against the orifice, wherein when the pressure of the supply fluid flow exceeds a threshold value, the valve member moves away from the orifice. </claim-text></claim><claim id="clm-0005" num="5"><claim-text>5. The pressure relief module according to any of claims 1 to 4, wherein the first flow chamber and the second flow chamber are orthogonally arranged within the housing. 
<!-- EPO <DP n="11"/>-->
</claim-text></claim><claim id="clm-0006" num="6"><claim-text>6. A paint circulating system comprising a pressurised paint supply pipeline, a tank return pipeline and a pressure relief module, wherein the pressure relief module comprises: </claim-text><claim-text> a first flow chamber through which pressurised paint is provided to said supply pipeline; </claim-text><claim-text> a second flow chamber through which paint returns to said tank return pipeline; an orifice interconnecting said first and second flow chambers; and </claim-text><claim-text> a valve member biased towards the orifice so as to block said orifice, and wherein said valve member is moveable in response to a pressure in said first flow chamber exceeding a predetermined relief pressure so as to displace said valve member to open said orifice allowing paint to flow from said first flow chamber into said second flow chamber. </claim-text></claim><claim id="clm-0007" num="7"><claim-text>7. The system according to claim 6, wherein the pressure relief module comprises a housing, the first flow chamber and the second flow chamber defining passageways therein. </claim-text></claim><claim id="clm-0008" num="8"><claim-text>8. The system according to claim 7, wherein the first flow chamber and the second flow chamber are arranged perpendicularly to one another within the housing. </claim-text></claim><claim id="clm-0009" num="9"><claim-text>9. The system according to claim 7 or claim 8, wherein the first flow chamber is arranged adjacent to the second flow chamber within the housing. </claim-text></claim><claim id="clm-0010" num="10"><claim-text>10. The system according to any one of claims 7 to 9, wherein the orifice is located in a common wall separating the first flow chamber and the second flow chamber. </claim-text></claim><claim id="clm-0011" num="11"><claim-text>1 1 . The system of claim 10, further comprising a tank for storing paint for supply to the system and a pump for pumping paint from the tank such that the tank return line returns paint to the tank. 
</claim-text></claim></claims><copyright>User acknowledges that Fairview Research LLC and its third party providers retain all right, title and interest in and to this xml under applicable copyright laws.  User acquires no ownership rights to this xml including but not limited to its format.  User hereby accepts the terms and conditions of the Licence Agreement</copyright></patent-document>
