<?xml version="1.0" encoding="UTF-8"?>
<patent-document ucid="EP-2681048-A1" country="EP" doc-number="2681048" kind="A1" date="20140108" family-id="45930884" file-reference-id="315082" date-produced="20180823" status="corrected" lang="FR"><bibliographic-data><publication-reference fvid="146586720" ucid="EP-2681048-A1"><document-id><country>EP</country><doc-number>2681048</doc-number><kind>A1</kind><date>20140108</date><lang>FR</lang></document-id></publication-reference><application-reference ucid="EP-12712310-A" is-representative="NO"><document-id mxw-id="PAPP154848912" load-source="docdb" format="epo"><country>EP</country><doc-number>12712310</doc-number><kind>A</kind><date>20120301</date><lang>FR</lang></document-id><document-id mxw-id="PAPP220440180" load-source="docdb" format="original"><country>EP</country><doc-number>12712310.7</doc-number><date>20120301</date></document-id></application-reference><priority-claims><priority-claim mxw-id="PPC140550260" ucid="FR-1151634-A" load-source="docdb"><document-id format="epo"><country>FR</country><doc-number>1151634</doc-number><kind>A</kind><date>20110301</date></document-id></priority-claim><priority-claim mxw-id="PPC140549932" ucid="FR-2012050435-W" linkage-type="W" load-source="docdb"><document-id format="epo"><country>FR</country><doc-number>2012050435</doc-number><kind>W</kind><date>20120301</date></document-id></priority-claim></priority-claims><technical-data><classifications-ipcr><classification-ipcr mxw-id="PCL1989319398" load-source="docdb">B32B  38/06        20060101ALI20120921BHEP        </classification-ipcr><classification-ipcr mxw-id="PCL1989319736" load-source="docdb">B32B  38/10        20060101AFI20120921BHEP        </classification-ipcr><classification-ipcr mxw-id="PCL1989320584" load-source="docdb">B41F  16/00        20060101ALI20120921BHEP        </classification-ipcr></classifications-ipcr><classifications-cpc><classification-cpc mxw-id="PCL1989620954" load-source="docdb" scheme="CPC">B32B2309/12        20130101 LA20131223BHEP        </classification-cpc><classification-cpc mxw-id="PCL1989621769" load-source="docdb" scheme="CPC">B32B2309/02        20130101 LA20131223BHEP        </classification-cpc><classification-cpc mxw-id="PCL1989623956" load-source="docdb" scheme="CPC">B32B  38/10        20130101 LI20131223BHEP        </classification-cpc><classification-cpc mxw-id="PCL1989624549" load-source="docdb" scheme="CPC">B32B2429/00        20130101 LA20131223BHEP        </classification-cpc><classification-cpc mxw-id="PCL1989626021" load-source="docdb" scheme="CPC">B32B  37/025       20130101 LI20131223BHEP        </classification-cpc><classification-cpc mxw-id="PCL1989637886" load-source="docdb" scheme="CPC">B44C   1/16        20130101 LI20131220BHEP        </classification-cpc><classification-cpc mxw-id="PCL1989643497" load-source="docdb" scheme="CPC">B41P2219/20        20130101 LA20131220BHEP        </classification-cpc><classification-cpc mxw-id="PCL1989643541" load-source="docdb" scheme="CPC">B41F  19/068       20130101 LI20131220BHEP        </classification-cpc><classification-cpc mxw-id="PCL1989650214" load-source="docdb" scheme="CPC">B32B  38/06        20130101 LA20131223BHEP        </classification-cpc><classification-cpc mxw-id="PCL1989652947" load-source="docdb" scheme="CPC">B32B  37/0046      20130101 LA20131223BHEP        </classification-cpc><classification-cpc mxw-id="PCL2039494871" load-source="docdb" scheme="CPC">B32B  38/0004      20130101 LI20140228BHEP        </classification-cpc><classification-cpc mxw-id="PCL2039497601" load-source="docdb" scheme="CPC">B32B  38/185       20130101 FI20140220BHEP        </classification-cpc></classifications-cpc><invention-title mxw-id="PT132364793" lang="DE" load-source="patent-office">VORRICHTUNG ZUM ÜBERTRAGEN EINER SCHUTZSCHICHT FÜR EIN SUBSTRAT BEI HOHER TEMPERATUR UND UNTER DRUCK SOWIE ZUGEHÖRIGES VERFAHREN</invention-title><invention-title mxw-id="PT132364794" lang="EN" load-source="patent-office">MACHINE FOR TRANSFERRING A PROTECTIVE LAYER FOR A SUBSTRATE AT HIGH TEMPERATURE AND UNDER PRESSURE, AND ASSOCIATED METHOD</invention-title><invention-title mxw-id="PT132364795" lang="FR" load-source="patent-office">MACHINE DE TRANSFERT A CHAUD ET SOUS PRESSION D'UNE COUCHE DE PROTECTION D'UN SUBSTRAT ET PROCÉDÉ ASSOCIÉ</invention-title><citations><non-patent-citations><nplcit><text>See references of WO 2012117208A1</text><sources><source mxw-id="PNPL67456112" load-source="docdb" name="SEA"/></sources></nplcit></non-patent-citations></citations></technical-data><parties><applicants><applicant mxw-id="PPAR919524587" load-source="docdb" sequence="1" format="epo"><addressbook><last-name>ASTEA</last-name><address><country>FR</country></address></addressbook></applicant><applicant mxw-id="PPAR919539147" load-source="docdb" sequence="1" format="intermediate"><addressbook><last-name>ASTEA</last-name></addressbook></applicant><applicant mxw-id="PPAR919018182" load-source="patent-office" sequence="1" format="original"><addressbook><last-name>Astea</last-name><iid>101336399</iid><address><street>22 avenue de l'Europe Parc d'activité Gustave Eiffel</street><city>77600 Bussy-Saint-Georges</city><country>FR</country></address></addressbook></applicant><applicant mxw-id="PPAR919506797" load-source="docdb" sequence="2" format="epo"><addressbook><last-name>HOLOGRAM IND</last-name><address><country>FR</country></address></addressbook></applicant><applicant mxw-id="PPAR919507969" load-source="docdb" sequence="2" format="intermediate"><addressbook><last-name>HOLOGRAM INDUSTRIES</last-name></addressbook></applicant><applicant mxw-id="PPAR919008247" load-source="patent-office" sequence="2" format="original"><addressbook><last-name>Hologram Industries</last-name><iid>101336400</iid><address><street>22 Avenue de l'Europe Parc d'Activité Gustave Eiffel Bussy Saint Georges</street><city>77607 MARNE LA VALLEE CEDEX 3</city><country>FR</country></address></addressbook></applicant></applicants><inventors><inventor mxw-id="PPAR919515761" load-source="docdb" sequence="1" format="epo"><addressbook><last-name>OLIVEIRA JOSE</last-name><address><country>FR</country></address></addressbook></inventor><inventor mxw-id="PPAR919520109" load-source="docdb" sequence="1" format="intermediate"><addressbook><last-name>OLIVEIRA, JOSE</last-name></addressbook></inventor><inventor mxw-id="PPAR919010340" load-source="patent-office" sequence="1" format="original"><addressbook><last-name>OLIVEIRA, José</last-name><address><street>17 avenue de la Mission Marchand</street><city>F-94350 Villiers sur Marne</city><country>FR</country></address></addressbook></inventor><inventor mxw-id="PPAR919520245" load-source="docdb" sequence="2" format="epo"><addressbook><last-name>PUSTEL ANDRE</last-name><address><country>FR</country></address></addressbook></inventor><inventor mxw-id="PPAR919517267" load-source="docdb" sequence="2" format="intermediate"><addressbook><last-name>PUSTEL, ANDRE</last-name></addressbook></inventor><inventor mxw-id="PPAR919007516" load-source="patent-office" sequence="2" format="original"><addressbook><last-name>Pustel, André</last-name><address><street>86 Avenue Pierre Brossolette</street><city>F-94170 Le Perreux sur Marne</city><country>FR</country></address></addressbook></inventor></inventors><agents><agent mxw-id="PPAR919011089" load-source="patent-office" sequence="1" format="original"><addressbook><last-name>Thomas, Nadine</last-name><iid>101189496</iid><address><street>Bletry &amp; Associés 23, rue du Renard</street><city>75004 Paris</city><country>FR</country></address></addressbook></agent></agents></parties><international-convention-data><pct-or-regional-filing-data ucid="FR-2012050435-W"><document-id><country>FR</country><doc-number>2012050435</doc-number><kind>W</kind><date>20120301</date><lang>FR</lang></document-id></pct-or-regional-filing-data><pct-or-regional-publishing-data ucid="WO-2012117208-A1"><document-id><country>WO</country><doc-number>2012117208</doc-number><kind>A1</kind><date>20120907</date><lang>FR</lang></document-id></pct-or-regional-publishing-data><designated-states><ep-contracting-states><country mxw-id="DS549845126" load-source="docdb">AL</country><country mxw-id="DS549916225" load-source="docdb">AT</country><country mxw-id="DS549858170" load-source="docdb">BE</country><country mxw-id="DS549843473" load-source="docdb">BG</country><country mxw-id="DS549844220" load-source="docdb">CH</country><country mxw-id="DS549858171" load-source="docdb">CY</country><country mxw-id="DS549775298" load-source="docdb">CZ</country><country mxw-id="DS549845127" load-source="docdb">DE</country><country mxw-id="DS549858172" load-source="docdb">DK</country><country mxw-id="DS549858173" load-source="docdb">EE</country><country mxw-id="DS549764304" load-source="docdb">ES</country><country mxw-id="DS549843478" load-source="docdb">FI</country><country mxw-id="DS549843479" load-source="docdb">FR</country><country mxw-id="DS549845128" load-source="docdb">GB</country><country mxw-id="DS549858178" load-source="docdb">GR</country><country mxw-id="DS549845129" load-source="docdb">HR</country><country mxw-id="DS549775299" load-source="docdb">HU</country><country mxw-id="DS549844221" load-source="docdb">IE</country><country mxw-id="DS549858179" load-source="docdb">IS</country><country mxw-id="DS549843480" load-source="docdb">IT</country><country mxw-id="DS549858180" load-source="docdb">LI</country><country mxw-id="DS549843481" load-source="docdb">LT</country><country mxw-id="DS549916226" load-source="docdb">LU</country><country mxw-id="DS549843486" load-source="docdb">LV</country><country mxw-id="DS549843487" load-source="docdb">MC</country><country mxw-id="DS549916227" load-source="docdb">MK</country><country mxw-id="DS549916228" load-source="docdb">MT</country><country mxw-id="DS549916229" load-source="docdb">NL</country><country mxw-id="DS549775300" load-source="docdb">NO</country><country mxw-id="DS549916230" load-source="docdb">PL</country><country mxw-id="DS549858181" load-source="docdb">PT</country><country mxw-id="DS549763989" load-source="docdb">RO</country><country mxw-id="DS549858186" load-source="docdb">RS</country><country mxw-id="DS549916231" load-source="docdb">SE</country><country mxw-id="DS549845134" load-source="docdb">SI</country><country mxw-id="DS549775309" load-source="docdb">SK</country><country mxw-id="DS549775310" load-source="docdb">SM</country><country mxw-id="DS549764313" load-source="docdb">TR</country></ep-contracting-states></designated-states></international-convention-data><office-specific-data><eptags><ep-no-a-document-published>*</ep-no-a-document-published></eptags></office-specific-data></bibliographic-data><abstract mxw-id="PA99835783" ref-ucid="WO-2012117208-A1" lang="EN" load-source="patent-office"><p num="0000">The present invention relates to a machine for transferring, at high temperature and under pressure, at least one layer, known as a transfer layer, that is a constituent part of a multilayer laminate (10), said transfer layer being intended in particular for the protection of a flat substrate (100).</p></abstract><abstract mxw-id="PA100331590" ref-ucid="WO-2012117208-A1" lang="EN" source="national office" load-source="docdb"><p>The present invention relates to a machine for transferring, at high temperature and under pressure, at least one layer, known as a transfer layer, that is a constituent part of a multilayer laminate (10), said transfer layer being intended in particular for the protection of a flat substrate (100).</p></abstract><abstract mxw-id="PA99835784" ref-ucid="WO-2012117208-A1" lang="FR" load-source="patent-office"><p num="0000">La présente invention concerne une machine de transfert à chaud et sous pression d'au moins une couche dite de transfert constitutive d'un laminât multicouches (10 ), ladite couche de transfert étant notamment destinée à la protection d'un substrat plat (100 ).</p></abstract><abstract mxw-id="PA100331591" ref-ucid="WO-2012117208-A1" lang="FR" source="national office" load-source="docdb"><p>La présente invention concerne une machine de transfert à chaud et sous pression d'au moins une couche dite de transfert constitutive d'un laminât multicouches (10 ), ladite couche de transfert étant notamment destinée à la protection d'un substrat plat (100 ).</p></abstract><description mxw-id="PDES51233074" ref-ucid="WO-2012117208-A1" lang="FR" load-source="patent-office"><!-- EPO <DP n="3"/>--><p id="p0001" num="0001"> MACHINE DE TRANSFERT A CHAUD ET SOUS PRESSION D'UNE COUCHE DE PROTECTION D'UN SUBSTRAT ET PROCEDE ASSOCIE </p><p id="p0002" num="0002">DOMAINE TECHNIQUE DE L'INVENTION </p><p id="p0003" num="0003"> [0001] L'invention se rapporte au domaine du transfert à chaud et sous pression de couche ou film dits de transfert sur des substrats tels que des supports papier. </p><p id="p0004" num="0004">[0002] Plus précisément l'invention a trait au transfert d'au moins une couche destinée à la protection d'un support tel qu'un document officiel d'identification. La couche en elle-même est préférentiellement transparente et peut comporter intrinsèquement des éléments optiques de sécurité tels que des hologrammes ou autres éléments d'information devant être scellés sur le support officiel. </p><p id="p0005" num="0005">ETAT DE LA TECHNIQUE ANTERIEURE </p><p id="p0006" num="0006"> [0003] Dans ce domaine de nombreuses techniques existent depuis fort longtemps et évoluent techniquement dans le temps afin de rendre le document (ou substrat) final aussi infalsifiable que possible. </p><p id="p0007" num="0007">[0004]On connaît des techniques de laminage à chaud qui se divisent essentiellement en deux catégories. La première utilise deux cylindres tournants l'un presseur et l'autre chauffant entraînant entre eux le substrat et le film protecteur. </p><p id="p0008" num="0008">[0005] Cette technique nécessite des équipements de type laminateurs à rouleaux où l'adhésion du film protecteur sur le substrat (passeport par exemple) est réalisée le long de la génératrice de contact entre les deux cylindres grâce à la chaleur amenée par le cylindre chauffant et à la pression du deuxième cylindre. Cette unique ligne de contact induit des cadences de production relativement lentes si l'on souhaite une adhésion de bonne qualité. De plus la qualité de l'adhésion n'est pas optimale car la contre-pression appliquée ne permet pas une bonne pénétration de l'adhésif dans l'épaisseur c'est-à-dire dans la fibre du papier (lorsque le substrat est constitué de papier). Une amélioration de cette technique consiste à multiplier le nombre de paires de cylindres en contact mais 
<!-- EPO <DP n="4"/>-->
 bien entendu ceci a un coût que les industriels ne sont pas prêts à supporter. L'encombrement est un autre inconvénient de cette technique. </p><p id="p0009" num="0009">[0006] La demanderesse a déposé une demande de brevet française FR 2 889 482 portant sur une amélioration de cette technique selon laquelle un unique tambour est prévu au centre du dispositif, et une pluralité de moyens presseurs sont disposés autour ; le tambour ou les presseurs sont chauffants. L'inconvénient d'un tel dispositif réside en ce que le substrat est courbé lorsqu'il est chauffé ce qui peut poser problème ensuite lors de son refroidissement ; des plis peuvent se former ; de plus ce type de laminateur est obligatoirement destiné au laminage de documents comportant de manière intrinsèque un laminât et il ne permet pas l'utilisation de films de laminage en bobines. De plus la courbure associée à la pression des cylindres ou galets presseur peut, dans le cas d'application d'un passeport électronique, endommager les composants RFID (Radio Fréquency IDentification) tels que puce ou antenne inclus dans ledit passeport. </p><p id="p0010" num="0010">[0007] Une deuxième technique de laminage consiste à presser à chaud par placage entre deux mâchoires, le substrat et le film protecteur. Le document WO 95/04657 décrit un dispositif de ce type qui comprend un organe de pressage dont la surface est inférieure à l'organe conjugué, dit semelle. Ce dispositif ne comprend pas de moyens de séparation du film vis-à-vis du support ; le seul moyen techniquement équivalent consiste en l'application d'une tension suffisante sur le film lui-même. C'est donc une force parallèle à la surface du substrat (document) et du film de transfert qui est ici mise en jeu pour cette fonction de séparation du film de transfert vis-à-vis du laminât. </p><p id="p0011" num="0011">[0008] La plupart des laminats qui servent au transfert d'une couche (ou film) de protection sur un substrat (ou document) sont initialement constitués d'un empilage de couches ou films : un film porteur en PET ou matière équivalente, une couche dite de détachement de type cire, une couche de protection (mécanique ou chimique) de type vernis, une couche de colle qui adhère sur le substrat à protéger. De façon optionnelle entre la couche de protection et la 
<!-- EPO <DP n="5"/>-->
 couche de colle peuvent être interposées une couche comportant une image de type hologramme et/ou une couche transparente de haut indice optique. Bien entendu suite au transfert, le film porteur et la couche de détachement sont éloignées du substrat, en général rembobinées sur une bobine spécifique ; elles ne sont pas réutilisables. </p><p id="p0012" num="0012">EXPOSE DE L'INVENTION </p><p id="p0013" num="0013"> [0009] L'invention vise à remédier aux inconvénients de l'état de la technique et notamment à proposer un équipement selon lequel le transfert est rapide ; dont le cout est modeste notamment par le faible nombre de moyens mis en œuvre ; qui permet un collage efficace sur de grandes surfaces, qui préserve la brillance du document. </p><p id="p0014" num="0014">[0010] Pour ce faire est proposé selon un premier aspect de l'invention une machine de transfert à chaud et sous pression d'au moins une couche dite de transfert constitutive d'un laminat multicouches, ladite couche de transfert étant notamment destinée à la protection d'un substrat plat, comprenant : </p><p id="p0015" num="0015">• une presse constituée d'une première et d'une deuxième mâchoires plates disposées horizontalement et mobiles verticalement l'une par rapport à l'autre entre une première position ménageant un espace entre elles et une deuxième position où leurs surfaces en vis-à-vis sont en contact, l'une au moins desdites mâchoires étant chauffante </p><p id="p0016" num="0016"> • au moins une première bobine motorisée autour de laquelle est initialement enroulé ledit laminat, une deuxième bobine autour de laquelle s'enroule ledit laminat après le transfert </p><p id="p0017" num="0017"> • des moyens de guidage et de contrôle de la tension dudit laminat entre ladite première et ladite deuxième bobine </p><p id="p0018" num="0018"> • des moyens motorisés pour le déplacement relatif de l'une desdites première ou deuxième mâchoire, entre ladite première et ladite deuxième position </p><p id="p0019" num="0019"> [0011]Selon l'invention, la machine comprend en outre : des moyens pour déplacer le laminat longitudinalement et horizontalement sur une distance donnée 
<!-- EPO <DP n="6"/>-->
 de part et d'autre d'une position de transfert; et des moyens mécaniques disposés de part et d'autre desdits mâchoires pour détacher ledit substrat revêtu de ladite couche de transfert vis-à-vis du laminât. </p><p id="p0020" num="0020">[0012] De façon plus précise, lesdits moyens de détachement du substrat comprennent au moins un élément de type couteau disposé perpendiculairement à la direction de défilement du laminât, et constitué d'au moins une arête définie par l'intersection d'un premier plan parallèle au plan des mâchoires et d'un second plan orienté vis-à-vis dudit premier plan de telle sorte que que l'arête soit saillante. Ce sont ainsi des forces de cisaillement translaminaires c'est-à-dire perpendiculaires au plan du laminât qui permettent le détachement du substrat auquel est collé la couche de transfert, vis-à-vis du reste du laminât. </p><p id="p0021" num="0021">[0013] Par ailleurs, l'élément de type couteau est disposé à proximité longitudinale de l'un des bords de l'une des mâchoires et il est disposé vis-à-vis desdits moyens de déplacement ou desdits moyens de guidage du laminât de façon à dévier le laminât au niveau de ladite arête vive d'un angle compris entre environ 45° et 90°. </p><p id="p0022" num="0022">[0014]Cet arrangement particulier permet au substrat muni de sa couche de protection de se détacher quasi naturellement, par son propre poids, du film porteur. Le nombre de pièces mises en mouvement est réduit, ce qui rend la machine particulièrement simple et fiable. </p><p id="p0023" num="0023">[0015] En outre, selon un mode de réalisation particulier, lesdits moyens pour déplacer le laminât de part et d'autre de la position de transfert comprennent deux cylindres dont l'un est motorisé, entre lesquels est déplacé ledit laminât qui est entraîné par contact par l'un au moins desdits cylindres. </p><p id="p0024" num="0024">[0016] Ce sont donc ces déplacements alternatifs, dans deux sens opposés qui permettent de décoller une première puis une deuxième zone du substrat vis-à- vis du film porteur. </p><p id="p0025" num="0025">[0017] De façon avantageuse, la surface totale dudit substrat correspond sensiblement à la surface commune de la première et de la deuxième mâchoire 
<!-- EPO <DP n="7"/>-->
 placées en vis-à-vis. La surface de transfert peut donc être importante, du même ordre de grandeur que celle du substrat. </p><p id="p0026" num="0026">[0018] De façon intéressante, la machine comprend en outre au moins une cellule destinée à repérer la position dudit laminât vis-à-vis du substrat avant le transfert. Ladite cellule coopère avec des moyens de commande du déplacement et/ou de la tension du laminât ; ceci permet un positionnement précis du laminât vis-à-vis du substrat avant le transfert. </p><p id="p0027" num="0027">[0019] Par ailleurs, la machine selon l'invention comprend en outre des moyens de réglage du chauffage de l'une au moins desdites mâchoires, en température et/ou en durée. </p><p id="p0028" num="0028">[0020] Selon l'invention, la machine comprend en outre des moyens de réglage de la pression d'application entre la première et la deuxième mâchoire. </p><p id="p0029" num="0029">[0021] De façon caractéristique la machine comprend en outre des moyens de contrôle et/ou de réglage de la vitesse de défilement dudit laminât. Ainsi plusieurs vitesses de défilement du laminât sont possibles : rapide pour un approche globale du substrat ; lente pour un positionnement plus précis. </p><p id="p0030" num="0030">[0022]Sans sortir du cadre de l'invention, la surface de l'une au moins desdites mâchoires placée en vis-à-vis de l'autre surface est munie de bossages et/ou protubérances et/ou creux. Des utilisations particulières, plus sophistiquées, peuvent nécessiter ces éléments afin de renforcer le niveau de sécurisation ou encore de créer des zones tactiles. </p><p id="p0031" num="0031">[0023] Par « surface de l'une au moins des mâchoires » on entend la surface elle-même de l'une des mâchoires ou encore la surface d'une plaque fixée et détachable vis-à-vis de l'une des mâchoires. </p><p id="p0032" num="0032">[0024] Par ailleurs, la surface de l'une au moins desdites mâchoires placée en vis-à-vis de l'autre surface peut présenter des zones fonctionnelles spécifiques. 
<!-- EPO <DP n="8"/>-->
 [0025] La présente invention concerne en outre un procédé de transfert à chaud et sous pression entre une première et une deuxième mâchoire, d'au moins une couche dite de transfert faisant initialement partie d'un laminat initialement enroulé autour d'une première bobine, sur un substrat essentiellement plat caractérisé en ce qu'il consiste à détacher par cisaillement ladite couche une fois collée audit substrat, le détachement étant obtenu par un déplacement alternatif dudit substrat vis-à-vis d'une arête saillante d'au moins deux éléments disposés de part et d'autre desdites mâchoires en contact avec ledit laminat qui, après le transfert, est enroulé autour d'une deuxième bobine. brève description des figures </p><p id="p0033" num="0033">BREVE DESCRIPTIONS DES FIGURES </p><p id="p0034" num="0034"> [0026] [001 ]D'autres caractéristiques, détails et avantages de l'invention ressortiront à la lecture de la description qui suit, en référence aux figures annexées, qui illustrent : la figure 1 , une vue de face d'une machine de transfert selon un mode de réalisation de l'invention ; </p><p id="p0035" num="0035"> la figure 2, une vue de face de ladite machine au cours d'une 2<sup>eme</sup> étape du procédé de transfert ; </p><p id="p0036" num="0036"> la figure 3, une vue de face de ladite machine au cours d'une 3<sup>eme</sup> étape du procédé de transfert ; et </p><p id="p0037" num="0037"> la figure 4, une vue de face d'une plaque ou mâchoire plate constitutive d'une presse selon un mode de réalisation de l'invention. </p><p id="p0038" num="0038">[0027] Pour plus de clarté, les éléments identiques ou similaires sont repérés par des signes de référence identiques sur l'ensemble des figures. </p><p id="p0039" num="0039">DESCRIPTION DETAILLEE D'UN MODE DE REALISATION </p><p id="p0040" num="0040">[0028] De façon classique et connue la machine de transfert selon l'invention comprend essentiellement : une presse constituée d'une première 1 et d'une deuxième 2 mâchoires disposées respectivement l'une au-dessus de l'autre et qui s'étendent chacune dans un plan horizontal ou sensiblement horizontal. L'une au moins des mâchoires est chauffante ; selon le mode de réalisation préféré c'est la 
<!-- EPO <DP n="9"/>-->
 mâchoire supérieure 1 qui est chauffante. Bien entendu les éléments et connexions utiles à la fonction de chauffage ne sont pas ici détaillées car de la pratique courante de l'homme de métier. De façon préférée l'invention prévoit des moyens de réglage du chauffage, en température et/ou en durée. L'homme de métier choisira un réglage en fonction du cas de figure envisagé, notamment selon la nature des matériaux, leur épaisseur. </p><p id="p0041" num="0041">[0029] Par mâchoire on entend une plaque plate faisant partie du bâti de la machine, ou encore une plaque spécifique additionelle fixée sur une telle plaque plate. Dans le cas d'une plaque spécifique, cette dernière peut être changée aisément, en fonction des besoins et contraintes de l'utilisateur. </p><p id="p0042" num="0042">[0030] Les mâchoires 1 , 2 sont mobiles l'une par rapport à l'autre, ici verticalement, entre une première position ménageant un espace entre elles et une deuxième position où leurs surfaces en vis-à-vis sont en contact. La première position correspond à une étape de mise en place ou de retrait du substrat plat, tandis que la deuxième position correspond à un collage du laminât 10 sur le substrat 100. </p><p id="p0043" num="0043">[0031]Comme il sera explicité plus en détail ci-après, et de façon intéressante, la surface totale du substrat 100 à protéger correspond sensiblement à la surface de contact commune entre la première 1 et la deuxième 2 mâchoire. </p><p id="p0044" num="0044">[0032] La mâchoire inférieure 2 peut comprendre des moyens 20, 21 pour positionner et guider le substrat 100, tel que visible sur la figure 2. </p><p id="p0045" num="0045">[0033] De façon optionnelle des rouleaux 22 peuvent être longitudinalement juxtaposés à la mâchoire inférieure 2 afin de faciliter la translation du substrat de part et d'autre de la mâchoire 2. </p><p id="p0046" num="0046">[0034] L'invention prévoit par ailleurs des moyens de réglage de la pression d'application de la première mâchoire 1 contre la deuxième mâchoire 2. L'homme de métier adaptera la pression en fonction du cas d'espèce. A titre illustratif la pression entre lesdites mâchoires est d'environ 9 kg/cm2 pour des ressorts de 
<!-- EPO <DP n="10"/>-->
 rappel associés (non référencés mais visibles sur la figure 1 par exemple), ici au nombre de quatre, qui présentent chacun une raideur de l'ordre de 25 Kg/cm. </p><p id="p0047" num="0047">[0035] De plus pour certaines applications spécifiques il peut être intéressant de créer des substrats dont tout ou partie de la surface n'est pas lisse mais présente des irrégularités de surface. Par exemple on peut chercher à graver sur une surface du substrat des signes en braille ou tout autre marquage ayant un effet tactile ou optiquement variable. Pour ce faire la surface de l'une au moins des mâchoires 1 , 2 sera munie de bossages. Selon une autre alternative ayant le même effet technique, une plaque gravée peut être fixée sur l'une des mâchoires, de préférence mais non nécessairement sur la mâchoire 1 dite supérieure. Comme on le verra plus loin cette caractéristique peut être un obstacle pour le décollement du film de protection vis-à-vis du laminat après le transfert puisque les surfaces en contact sont plus importantes. </p><p id="p0048" num="0048">[0036] La figure 4 illustre de façon particulière et plus précise, l'une des mâchoire 2 (ou plaque) munie en surface de différentes zones spécifiques : par exemple au moins une zone 25 est prévue et munie de gaufrages consistant en des protubérances associés à des creux. Protubérances et creux sont définis par rapport à la surface plane de ladite mâchoire 2. Ces irrégularités de surface sont par exemple obtenues par gravure de la plaque 2, sur une épaisseur comprise entre 10 et 200 micromètres, de préférence entre 20 et 100 micromètres. Les gravures peuvent prendre toutes formes adaptées aux besoins ; la figure 4 montre ainsi plusieurs lignes ondulées de gaufrage, ainsi que des lettres et symboles. </p><p id="p0049" num="0049">[0037] Par ailleurs l'une au moins des mâchoires 1 , 2 peut présenter un autre type de zones fonctionnelles spécifiques, à savoir des zones dite de réserve : par exemple une zone 26 est prévue de telle sorte qu'aucun transfert ne puisse y être opéré. Ainsi il est possible de changer à volonté les inscriptions prévues dans une telle zone. Une autre zone fonctionnelle 27 peut permettre de ménager un espace pour une signature ou pour laisser apparent un gaufrage initialement présent sur le substrat 100. Sans sortir du cadre de l'invention encore une autre 
<!-- EPO <DP n="11"/>-->
 zone fonctionnelle 28 peut être prévue afin de caler ou repérer visuellement la couche de transfert vis-à-vis du substrat 100. </p><p id="p0050" num="0050">[0038] En outre, une première bobine 3 est prévue afin d'enrouler et de stocker le laminat avant le transfert. Cette bobine 3 est motorisée ; sa vitesse de rotation est commandée par une unité interne de sorte que l'on puisse avoir par exemple une première vitesse de défilement de la bande de laminat, par exemple pour dérouler en mode rapide la bobine afin d'aller chercher une image appartenant au laminat ; une deuxième vitesse de rotation est prévue pour dérouler en mode lent le laminat afin, en liaison avec un détecteur 5 de position du laminat, de positionner de façon précise le laminat 10 vis-à-vis du substrat avant tout transfert. </p><p id="p0051" num="0051">[0039] Une deuxième bobine 4 est prévue et destinée à permettre l'enroulement du support du laminat 10 après le transfert. Selon les figures illustratives la deuxième bobine 4 est placée à la même hauteur que la première bobine 3, à l'opposée de la bobine 3. Ceci est une disposition parmi d'autres, qui n'a rien de limitatif. </p><p id="p0052" num="0052">[0040] Comme on le voit sur les différentes figures, le laminat 10 s'étend entre la première et la deuxième bobine selon un cheminement notamment défini par des moyens de guidage et de tension, constitués de cylindres 1 1 , 12, 13. Ce cheminement est bien entendu choisi par l'homme de métier en fonction de contraintes d'encombrement, d'orientation et autres. </p><p id="p0053" num="0053">[0041] De façon particulièrement intéressante, la machine comprend en outre des moyens 6 pour déplacer le laminat 10 longitudinalement et horizontalement, sur une distance donnée, de part et d'autre de la position de transfert. Plus précisément les moyens 6 comprennent un premier cylindre 61 et un deuxième cylindre 62 entre lesquels passe le laminat 10, dans le NIP ainsi formé. Le NIP assure un positionnement extrêmement précis, en évitant les glissements relatifs du substrat vis-à-vis des cylindres. L'un des cylindres est motorisé, l'autre pas nécessairement. Le laminat étant en tension et en contact avec les cylindres 61 , 62, la rotation de l'un des cylindres entraine le laminat en translation, dans un sens ou dans l'autre selon le sens de rotation des cylindres 61 , 62. La flèche F1 
<!-- EPO <DP n="12"/>-->
 sur la figure 2 illustre une translation dans un sens tandis que la flèche F2 montre une translation dans le sens opposé, comme il sera explicité ci-après. </p><p id="p0054" num="0054">[0042] Par ailleurs la machine selon l'invention comprend des moyens mécaniques pour détacher le substrat revêtu de la couche de transfert vis-à-vis du laminat. Ces moyens se présentent ici sous la forme de pièces 7 de type couteaux, disposés perpendiculairement à la longueur ou direction de défilement du laminat ; Les figures représentent les pièces 7 en forme de barre de section transversale carrée ; ceci est un mode de réalisation de l'invention qui fonctionne correctement. D'autres formes de pièces dites de détachement sont envisageables sans sortir du cadre de l'invention. </p><p id="p0055" num="0055">[0043]Ainsi il apparaît opportun que l'une desdites pièces 7 présente une arête vive 70 définie par l'intersection d'un premier plan (ou paroi) 71 parallèle au plan des mâchoires 1 , 2 et d'un deuxième plan (ou paroi) 72 orienté vis-à-vis du premier plan 71 de telle sorte que l'arête 70 soit saillante. L'angle B entre les premier 71 et deuxième 72 plans est préférentiellement compris entre 20° et 90°. </p><p id="p0056" num="0056">[0044] La ou chaque pièce 7 est disposée à proximité longitudinale de l'un des bords (le bord transversal) des mâchoires 1 , 2. Selon le mode préféré représenté sur les figures 1 à 3, deux pièces 7 sont prévues, disposées de part et d'autre des mâchoires 1 , 2, de telle sorte que le laminat 10 passe au-dessous du premier plan 71 de chaque pièce 7. Entre les deux pièces 7 le laminat 10 s'étend horizontalement. </p><p id="p0057" num="0057">[0045] En outre l'une des deux pièces 7 est disposé vis-à-vis des moyens 6 de telle sorte que le laminat est dévié au niveau de l'arête vive 70 de la pièce 7, d'un angle A compris entre 45° et 90°. Cet angle doit permettre une déviation nette et franche du laminat à ce niveau. </p><p id="p0058" num="0058">[0046]Ainsi comme le montrent successivement les figures 1 , 2 et 3 : le substrat 100 est d'abord posé sur l'une des mâchoires 2 comme le montre la figure 1 . Le laminat s'étend alors horizontalement entre la première 1 et la deuxième mâchoire 2. Les deux pièces 7 délimitent le parcours horizontal du laminat. On vient alors 
<!-- EPO <DP n="13"/>-->
 rapprocher la première mâchoire 1 de la deuxième mâchoire 2, puis les presser l'une contre l'autre tout en chauffant l'une des mâchoires 1 , 2. Le transfert à chaud et sous pression est ainsi opéré, préférentiellement sur toute la surface du substrat qui correspond à la surface de contact des mâchoires 1 , 2 selon un mode avantageux mais non obligatoire de l'invention. </p><p id="p0059" num="0059">[0047] Les mâchoires 1 , 2 sont éloignées l'une de l'autre et l'on comprend que le substrat 100 colle entièrement au laminat 10. </p><p id="p0060" num="0060">[0048] Il s'agit alors de détacher le film porteur vis-à-vis des couches de protection ou autres maintenant collées sur le substrat 100. Pour ce faire on commande une rotation de l'un des cylindres 61 ou 62 de la pièce 6, ce qui entraine une translation du laminat 10, selon la flèche F1 comme le montre la figure 2. Ce mouvement déplace le substrat 100 jusqu'à ce qu'il dépasse d'une première longueur la pièce 7 placée à proximité. Vue l'orientation quasi verticale du laminat 10 au-delà de la pièce 7 et l'arête vive 70 associée, on obtient un détachement du substrat 100 sur la longueur qui dépasse au-delà de l'arête vive 70. On poursuit le processus en commandant la rotation de l'un des cylindres 61 ou 62 dans le sens opposé à celui de l'étape précédente. Ceci amène le substrat dans la positon illustrée par la figure 3 où celui-ci dépasse (selon la flèche F2) de la deuxième pièce 7 sur une deuxième longueur . De la même façon sur cette longueur le substrat 100 sera séparé du laminat 10. </p><p id="p0061" num="0061">[0049]Selon les réglages, la première et la deuxième longueur cumulées peuvent correspondre à tout ou partie de la longueur totale du substrat. Les mouvements alternatifs du substrat, auquel est collé le laminat, à l'aplomb du deuxième plan 72 de la pièce 7, permettent la rupture de la couche de détachement du laminat par les forces de cisaillement qui y sont appliquées. Les passages alternatifs du laminat à l'aplomb du deuxième plan 72 permettent la rupture par cisaillement de la couche de détachement du laminat. On crée ainsi une rupture franche des couches par l'application d'une force perpendiculaire au plan du laminat. Ces forces sont appelées translaminaires dans le domaine. Il est courant et connu que des forces de cisaillement dites interlaminaires c'est-à-dire parallèles au plan du 
<!-- EPO <DP n="14"/>-->
 laminât, permettent un détachement des couches. Ici, de manière nouvelle et inattendue, ce sont des forces orientées perpendiculairement au plan du laminât qui créent le détachement. </p><p id="p0062" num="0062">[0050] Suite à cette étape de détachement, seuls le film porteur et la couche de détachement constituent le laminât 10 ; la couche de transfert adhère alors totalement au substrat 100 qui tombe par gravité par exemple sur la mâchoire 2. Dans tous les cas, le substrat 100 se détache de lui-même , de son propre poids, vis-à-vis du laminât 10. Il tombe sur la mâchoire 2 ou sur les cylindres 22 disposés directement au-dessous. </p><p id="p0063" num="0063">[0051]Aucun moyen mobile n'est utilisé pour obtenir ce détachement, de sorte que le processus est très fiable. Aucun moyen de déplacement spécifique du substrat n'est prévu, ce qui diminue le nombre de pièces nécessaires au fonctionnement de la machine. </p><p id="p0064" num="0064">[0052] La durée de transfert est assez courte, de l'ordre de 2 à 3 secondes ; un chauffage compris entre 100 et 150°C est suffisant pour réaliser le transfert d'un vernis épais de quelques micromètres sur un papier (substrat) présentant une épaisseur inférieure à 1 millimètre. La couche de colle présente une épaisseur de 8 à 10 micromètres. La machine selon l'invention permet donc un transfert statique en ce sens qu'à la fois le document et le substrat sont immobilisés pendant la durée du transfert. Le fait que le document soit bien immobilisé pendant le transfert permet un meilleur calage et un meilleur positionnement. </p><p id="p0065" num="0065">[0053] En outre on réalise un réglage précis du chauffage, de l'ordre de 1/10 °C grâce à des composants électriques appropriés. La machine selon l'invention peut avantageusement comprendre un moyen empêchant le transfert si une température minimale, dite de consigne, n'est pas atteinte au niveau de la première ou de la deuxième mâchoire. </p><p id="p0066" num="0066">[0054] C'est donc une combinaison intéressante de moyens tels que le ou les couteaux 7 et de déplacements spécifiques du laminât 10 qui permettent non seulement de transférer un film de protection de façon efficace sur un substrat 
<!-- EPO <DP n="15"/>-->
 100, mais encore de détacher ledit film collé au substrat vis-à-vis du laminat 10, d'une manière simple et fiable. 
</p></description><claims mxw-id="PCLM44852242" ref-ucid="WO-2012117208-A1" lang="FR" load-source="patent-office"><claim-statement><!-- EPO <DP n="16"/>-->REVENDICATIONS </claim-statement><claim id="clm-0001" num="1"><claim-text>1 . Machine de transfert à chaud et sous pression d'au moins une couche dite de transfert constitutive d'un laminat multicouches, ladite couche de transfert étant notamment destinée à la protection d'un substrat plat (100), comprenant : </claim-text><claim-text> • une presse constituée d'une première (1 ) et d'une deuxième (2) mâchoires plates disposées horizontalement et mobiles verticalement l'une par rapport à l'autre entre une première position ménageant un espace entre elles et une deuxième position où leurs surfaces en vis-à-vis sont en contact, l'une au moins desdites mâchoires étant chauffante </claim-text><claim-text> • au moins une première bobine (3) motorisée autour de laquelle est initialement enroulé ledit laminat, une deuxième bobine (4) autour de laquelle s'enroule ledit laminat après le transfert </claim-text><claim-text> • des moyens (1 1 , 12, 13) de guidage et de contrôle de la tension dudit laminat entre ladite première et ladite deuxième bobine </claim-text><claim-text> • des moyens motorisés pour le déplacement relatif de l'une desdites première ou deuxième mâchoire, entre ladite première et ladite deuxième position </claim-text><claim-text> caractérisée en ce qu'elle comprend en outre : des moyens (6) pour déplacer le laminat longitudinalement et horizontalement sur une distance donnée de part et d'autre d'une position de transfert; et des moyens mécaniques (7) disposés de part et d'autre desdites mâchoires pour détacher ledit substrat revêtu de ladite couche de transfert vis-à-vis du laminat. </claim-text></claim><claim id="clm-0002" num="2"><claim-text> 2. Machine selon la revendication 1 caractérisée en ce que lesdits moyens de détachement du substrat comprennent au moins un élément de type couteau (7) disposé perpendiculairement à la direction de défilement du laminat, et constitué d'au moins une arête (70) définie par l'intersection d'un premier plan (71 ) parallèle au plan des mâchoires et d'un second plan (72) orienté vis-à-vis du premier plan de telle sorte que l'arête soit saillante. <!-- EPO <DP n="17"/>--> </claim-text></claim><claim id="clm-0003" num="3"><claim-text>3. Machine selon la revendication 2 caractérisée en ce que l'élément de type couteau (7) est disposé à proximité longitudinale de l'un des bords de l'une des mâchoires (1 , 2) et en ce qu'il est disposé vis-à-vis desdits moyens de déplacement ou desdits moyens de guidage du laminat de façon à dévier le laminat au niveau de ladite arête d'un angle compris entre environ 45° et 90°. </claim-text></claim><claim id="clm-0004" num="4"><claim-text> 4. Machine selon l'une quelconque des revendications précédentes caractérisée en ce que lesdits moyens pour déplacer le laminat de part et d'autre de la position de transfert comprennent deux cylindres (61 , 62) dont l'un est motorisé, entre lesquels est déplacé ledit laminat qui est entraîné par contact par l'un au moins desdits cylindres. </claim-text></claim><claim id="clm-0005" num="5"><claim-text> 5. Machine selon la revendication 1 caractérisée en ce que la surface totale dudit substrat correspond sensiblement à la surface commune de la première et de la deuxième mâchoires placées en vis-à-vis. </claim-text></claim><claim id="clm-0006" num="6"><claim-text> 6. Machine selon l'une quelconque des revendications précédentes caractérisée en ce qu'elle comprend en outre au moins une cellule (5) destinée à repérer la position dudit laminat vis-à-vis du substrat avant le transfert. </claim-text></claim><claim id="clm-0007" num="7"><claim-text> 7. Machine selon la revendication 6 caractérisée en ce que ladite cellule (5) coopère avec des moyens de commande du déplacement et/ou de la tension du laminat. </claim-text></claim><claim id="clm-0008" num="8"><claim-text> 8. Machine selon l'une quelconque des revendications précédentes caractérisée en ce qu'elle comprend en outre des moyens de réglage du chauffage de l'une au moins desdites mâchoires, en température et/ou en durée. </claim-text></claim><claim id="clm-0009" num="9"><claim-text> 9. Machine selon l'une quelconque des revendications précédentes caractérisée en ce qu'elle comprend en outre des moyens de réglage de la pression d'application entre la première et la deuxième mâchoire. </claim-text></claim><claim id="clm-0010" num="10"><claim-text> 10. Machine selon l'une quelconque des revendications précédentes caractérisée en ce qu'elle comprend en outre des moyens de contrôle et/ou de réglage de la vitesse de défilement dudit laminat. <!-- EPO <DP n="18"/>--> </claim-text></claim><claim id="clm-0011" num="11"><claim-text>1 1 . Machine selon l'une quelconque des revendications précédentes caractérisée en ce que la surface de l'une au moins desdites mâchoires placée en vis-à-vis de l'autre surface est munie de bossages (25) et/ou protubérances et/ou creux. </claim-text></claim><claim id="clm-0012" num="12"><claim-text> 12. Machine selon l'une quelconque des revendications précédentes caractérisée en ce que la surface de l'une au moins desdites mâchoires placée en vis-à-vis de l'autre surface présente des zones fonctionnelles spécifiques (26, 27). </claim-text></claim><claim id="clm-0013" num="13"><claim-text> 13. Procédé de transfert à chaud et sous pression entre une première et une deuxième mâchoire, d'au moins une couche dite de transfert faisant initialement partie d'un laminat initialement enroulé autour d'une première bobine, sur un substrat essentiellement plat caractérisé en ce qu'il consiste à détacher par cisaillement ladite couche une fois collée audit substrat, le détachement étant obtenu par un déplacement alternatif dudit substrat vis-à- vis d'une arête saillante d'au moins deux éléments disposés de part et d'autre desdites mâchoires en contact avec ledit laminat qui, après le transfert, est enroulé autour d'une deuxième bobine. </claim-text></claim></claims><copyright>User acknowledges that Fairview Research LLC and its third party providers retain all right, title and interest in and to this xml under applicable copyright laws.  User acquires no ownership rights to this xml including but not limited to its format.  User hereby accepts the terms and conditions of the Licence Agreement</copyright></patent-document>
