<?xml version="1.0" encoding="UTF-8"?>
<patent-document ucid="EP-2958850-A1" country="EP" doc-number="2958850" kind="A1" date="20151230" family-id="49989668" file-reference-id="316324" date-produced="20180822" status="corrected" lang="DE"><bibliographic-data><publication-reference fvid="160453828" ucid="EP-2958850-A1"><document-id><country>EP</country><doc-number>2958850</doc-number><kind>A1</kind><date>20151230</date><lang>DE</lang></document-id></publication-reference><application-reference ucid="EP-14700552-A" is-representative="NO"><document-id mxw-id="PAPP193870624" load-source="docdb" format="epo"><country>EP</country><doc-number>14700552</doc-number><kind>A</kind><date>20140116</date><lang>DE</lang></document-id><document-id mxw-id="PAPP193870625" load-source="patent-office" format="original"><country>EP</country><doc-number>14700552.4</doc-number><date>20140116</date><lang>DE</lang></document-id></application-reference><priority-claims><priority-claim mxw-id="PPC162026432" ucid="DE-102013101812-A" load-source="docdb"><document-id format="epo"><country>DE</country><doc-number>102013101812</doc-number><kind>A</kind><date>20130225</date></document-id></priority-claim><priority-claim mxw-id="PPC162027590" ucid="DE-102013101813-A" load-source="docdb"><document-id format="epo"><country>DE</country><doc-number>102013101813</doc-number><kind>A</kind><date>20130225</date></document-id></priority-claim><priority-claim mxw-id="PPC162035440" ucid="EP-2014000108-W" linkage-type="W" load-source="docdb"><document-id format="epo"><country>EP</country><doc-number>2014000108</doc-number><kind>W</kind><date>20140116</date></document-id></priority-claim></priority-claims><technical-data><classifications-ipcr><classification-ipcr mxw-id="PCL-1988521193" load-source="docdb">B67C   3/22        20060101ALI20140910BHEP        </classification-ipcr><classification-ipcr mxw-id="PCL-1988521743" load-source="docdb">B67C   3/24        20060101AFI20140910BHEP        </classification-ipcr></classifications-ipcr><classifications-cpc><classification-cpc mxw-id="PCL-1984017745" load-source="docdb" scheme="CPC">B67C2003/228       20130101 LA20160114BHEP        </classification-cpc><classification-cpc mxw-id="PCL-1984022337" load-source="docdb" scheme="CPC">B67C   3/244       20130101 LI20160115BHEP        </classification-cpc><classification-cpc mxw-id="PCL-1984022471" load-source="docdb" scheme="CPC">B67C   3/225       20130101 FI20160115BHEP        </classification-cpc><classification-cpc mxw-id="PCL-1984023046" load-source="docdb" scheme="CPC">B67C   3/2634      20130101 LI20160114BHEP        </classification-cpc></classifications-cpc><invention-title mxw-id="PT165552950" lang="DE" load-source="patent-office">FÜLLSYSTEM</invention-title><invention-title mxw-id="PT165552951" lang="EN" load-source="patent-office">FILLING SYSTEM</invention-title><invention-title mxw-id="PT165552952" lang="FR" load-source="patent-office">SYSTÈME DE REMPLISSAGE</invention-title></technical-data><parties><applicants><applicant mxw-id="PPAR1103312894" load-source="docdb" sequence="1" format="epo"><addressbook><last-name>KHS GMBH</last-name><address><country>DE</country></address></addressbook></applicant><applicant mxw-id="PPAR1103329821" load-source="docdb" sequence="1" format="intermediate"><addressbook><last-name>KHS GMBH</last-name></addressbook></applicant><applicant mxw-id="PPAR1101643036" load-source="patent-office" sequence="1" format="original"><addressbook><last-name>KHS GmbH</last-name><iid>101185339</iid><address><street>Juchostrasse 20</street><city>44143 Dortmund</city><country>DE</country></address></addressbook></applicant></applicants><inventors><inventor mxw-id="PPAR1103340652" load-source="docdb" sequence="1" format="epo"><addressbook><last-name>CLüSSERATH LUDWIG</last-name><address><country>DE</country></address></addressbook></inventor><inventor mxw-id="PPAR1103315435" load-source="docdb" sequence="1" format="intermediate"><addressbook><last-name>Clüsserath, Ludwig</last-name></addressbook></inventor><inventor mxw-id="PPAR1101651484" load-source="patent-office" sequence="1" format="original"><addressbook><last-name>Clüsserath, Ludwig</last-name><address><street>Nikolaus-Lenau-Straße 3</street><city>55543 Bad Kreuznach</city><country>DE</country></address></addressbook></inventor><inventor mxw-id="PPAR1103308502" load-source="docdb" sequence="2" format="epo"><addressbook><last-name>KRULITSCH DIETER-RUDOLF</last-name><address><country>DE</country></address></addressbook></inventor><inventor mxw-id="PPAR1103312758" load-source="docdb" sequence="2" format="intermediate"><addressbook><last-name>KRULITSCH, DIETER-RUDOLF</last-name></addressbook></inventor><inventor mxw-id="PPAR1101650260" load-source="patent-office" sequence="2" format="original"><addressbook><last-name>KRULITSCH, DIETER-RUDOLF</last-name><address><street>Stromberger Straße 22 b</street><city>55545 Bad Kreuznach</city><country>DE</country></address></addressbook></inventor></inventors></parties><international-convention-data><pct-or-regional-filing-data ucid="EP-2014000108-W"><document-id><country>EP</country><doc-number>2014000108</doc-number><kind>W</kind><date>20140116</date><lang>DE</lang></document-id></pct-or-regional-filing-data><pct-or-regional-publishing-data ucid="WO-2014127879-A1"><document-id><country>WO</country><doc-number>2014127879</doc-number><kind>A1</kind><date>20140828</date><lang>DE</lang></document-id></pct-or-regional-publishing-data><designated-states><ep-contracting-states><country mxw-id="DS660725284" load-source="docdb">AL</country><country mxw-id="DS660724553" load-source="docdb">AT</country><country mxw-id="DS660725286" load-source="docdb">BE</country><country mxw-id="DS660759722" load-source="docdb">BG</country><country mxw-id="DS660643539" load-source="docdb">CH</country><country mxw-id="DS660735502" load-source="docdb">CY</country><country mxw-id="DS660724554" load-source="docdb">CZ</country><country mxw-id="DS660725291" load-source="docdb">DE</country><country mxw-id="DS660735507" load-source="docdb">DK</country><country mxw-id="DS660735508" load-source="docdb">EE</country><country mxw-id="DS660795208" load-source="docdb">ES</country><country mxw-id="DS660759739" load-source="docdb">FI</country><country mxw-id="DS660642273" load-source="docdb">FR</country><country mxw-id="DS660725292" load-source="docdb">GB</country><country mxw-id="DS660735509" load-source="docdb">GR</country><country mxw-id="DS660725293" load-source="docdb">HR</country><country mxw-id="DS660724559" load-source="docdb">HU</country><country mxw-id="DS660643540" load-source="docdb">IE</country><country mxw-id="DS660735510" load-source="docdb">IS</country><country mxw-id="DS660642274" load-source="docdb">IT</country><country mxw-id="DS660735515" load-source="docdb">LI</country><country mxw-id="DS660759740" load-source="docdb">LT</country><country mxw-id="DS660646898" load-source="docdb">LU</country><country mxw-id="DS660759741" load-source="docdb">LV</country><country mxw-id="DS660759742" load-source="docdb">MC</country><country mxw-id="DS660646903" load-source="docdb">MK</country><country mxw-id="DS660646904" load-source="docdb">MT</country><country mxw-id="DS660642287" load-source="docdb">NL</country><country mxw-id="DS660795209" load-source="docdb">NO</country><country mxw-id="DS660643541" load-source="docdb">PL</country><country mxw-id="DS660646905" load-source="docdb">PT</country><country mxw-id="DS660642288" load-source="docdb">RO</country><country mxw-id="DS660646906" load-source="docdb">RS</country><country mxw-id="DS660643542" load-source="docdb">SE</country><country mxw-id="DS660724560" load-source="docdb">SI</country><country mxw-id="DS660795210" load-source="docdb">SK</country><country mxw-id="DS660643551" load-source="docdb">SM</country><country mxw-id="DS660759748" load-source="docdb">TR</country></ep-contracting-states><ep-extended-states><ep-extended-state-data><country>BA</country></ep-extended-state-data><ep-extended-state-data><country>ME</country></ep-extended-state-data></ep-extended-states></designated-states></international-convention-data><office-specific-data><eptags><ep-no-a-document-published>*</ep-no-a-document-published></eptags></office-specific-data></bibliographic-data><abstract mxw-id="PA139079291" ref-ucid="WO-2014127879-A1" lang="DE" load-source="patent-office"><p num="0000">Füllsystem zum Füllen von Flaschen oder dergleichen Behältern (2) mit einem flüssigen Füllgut mit mehreren jeweils zumindest ein Füllelement (7, 32) und einen Behälterträger (8, 8a) aufweisenden Füllstellen (4.1, 4.2), von denen jeweils zwei ein Füllstellenpaar bilden, wobei jedes Füllelement in einem Füllelementgehäuse (9) einen Flüssigkeitskanal (10) besitzt, der zumindest eine Abgabeöffnung (13) zur Abgabe des Füllgutes in den jeweiligen Behälter sowie wenigstens ein diese Abgabe steuerndes Flüssigkeitsventil (14) aufweist, wobei für jedes Füllelement zur Steuerung des Füllprozesses zumindest ein Gasweg, der wenigstens ein Gaswegsteuerventil (19) enthält, sowie für die Füllstellen jedes Füllstellenpaares wenigstens eine Hubvorrichtung (28, 28a, 28b) zum Anheben und Absenken des wenigstens einen Behälterträgers vorgesehen sind.</p></abstract><abstract mxw-id="PA139545846" ref-ucid="WO-2014127879-A1" lang="DE" source="national office" load-source="docdb"><p>Füllsystem zum Füllen von Flaschen oder dergleichen Behältern (2) mit einem flüssigen Füllgut mit mehreren jeweils zumindest ein Füllelement (7, 32) und einen Behälterträger (8, 8a) aufweisenden Füllstellen (4.1, 4.2), von denen jeweils zwei ein Füllstellenpaar bilden, wobei jedes Füllelement in einem Füllelementgehäuse (9) einen Flüssigkeitskanal (10) besitzt, der zumindest eine Abgabeöffnung (13) zur Abgabe des Füllgutes in den jeweiligen Behälter sowie wenigstens ein diese Abgabe steuerndes Flüssigkeitsventil (14) aufweist, wobei für jedes Füllelement zur Steuerung des Füllprozesses zumindest ein Gasweg, der wenigstens ein Gaswegsteuerventil (19) enthält, sowie für die Füllstellen jedes Füllstellenpaares wenigstens eine Hubvorrichtung (28, 28a, 28b) zum Anheben und Absenken des wenigstens einen Behälterträgers vorgesehen sind.</p></abstract><abstract mxw-id="PA139079292" ref-ucid="WO-2014127879-A1" lang="EN" load-source="patent-office"><p num="0000">The invention relates to a filling system for filling bottles or similar containers (2) with liquid contents, said system comprising multiple filling points (4.1, 4.2), each of which has at least one filler element (7, 32) and a container holder (8, 8a) and two of which form a respective filling point pair. Each filler element has a liquid channel (10) in a filler element housing (9), said channel comprising at least one dispensing opening (13) for dispensing the liquid contents into the respective container and at least one liquid valve (14) that controls said dispensing process. At least one gas path containing at least one gas path control valve (19) is provided for each filler element for controlling the filling process and at least one lifter device (28, 28a, 28b) for raising and lowering the at least one container holder is provided for the filling points of each filling point pair.</p></abstract><abstract mxw-id="PA139545847" ref-ucid="WO-2014127879-A1" lang="EN" source="national office" load-source="docdb"><p>The invention relates to a filling system for filling bottles or similar containers (2) with liquid contents, said system comprising multiple filling points (4.1, 4.2), each of which has at least one filler element (7, 32) and a container holder (8, 8a) and two of which form a respective filling point pair. Each filler element has a liquid channel (10) in a filler element housing (9), said channel comprising at least one dispensing opening (13) for dispensing the liquid contents into the respective container and at least one liquid valve (14) that controls said dispensing process. At least one gas path containing at least one gas path control valve (19) is provided for each filler element for controlling the filling process and at least one lifter device (28, 28a, 28b) for raising and lowering the at least one container holder is provided for the filling points of each filling point pair.</p></abstract><abstract mxw-id="PA139079293" ref-ucid="WO-2014127879-A1" lang="FR" load-source="patent-office"><p num="0000">L'invention concerne un système de remplissage de bouteilles ou de récipients (2) similaires avec un produit à conditionner liquide, comprenant plusieurs postes de remplissage (4.1, 4.2), équipés chacun d'au moins un élément de remplissage (7, 7a) et d'un support de récipient (8, 8a) et formant deux à deux une paire de postes de remplissage. Dans un boîtier d'élément de remplissage (9), chaque élément de remplissage possède un conduit de liquide (10), comportant au moins un orifice de distribution (13) pour distribuer le produit à conditionner dans le récipient concerné, ainsi qu'au moins une vanne fluidique (14) servant à commander cette distribution. Pour commander le processus de remplissage, chaque élément de remplissage contient au moins un passage de gaz équipé d'au moins une vanne de commande de passage de gaz (19) et les postes de remplissage de chaque paire comportent au moins un mécanisme élévateur (28, 28a, 28b) servant à relever et abaisser le ou les supports de récipients.</p></abstract><abstract mxw-id="PA139545848" ref-ucid="WO-2014127879-A1" lang="FR" source="national office" load-source="docdb"><p>L'invention concerne un système de remplissage de bouteilles ou de récipients (2) similaires avec un produit à conditionner liquide, comprenant plusieurs postes de remplissage (4.1, 4.2), équipés chacun d'au moins un élément de remplissage (7, 7a) et d'un support de récipient (8, 8a) et formant deux à deux une paire de postes de remplissage. Dans un boîtier d'élément de remplissage (9), chaque élément de remplissage possède un conduit de liquide (10), comportant au moins un orifice de distribution (13) pour distribuer le produit à conditionner dans le récipient concerné, ainsi qu'au moins une vanne fluidique (14) servant à commander cette distribution. Pour commander le processus de remplissage, chaque élément de remplissage contient au moins un passage de gaz équipé d'au moins une vanne de commande de passage de gaz (19) et les postes de remplissage de chaque paire comportent au moins un mécanisme élévateur (28, 28a, 28b) servant à relever et abaisser le ou les supports de récipients.</p></abstract><description mxw-id="PDES78477918" ref-ucid="WO-2014127879-A1" lang="DE" load-source="patent-office"><!-- EPO <DP n="3"/>--><p id="p0001" num="0001"> Füllsystem </p><p id="p0002" num="0002">Die Erfindung bezieht sich auf ein Füllsystem gemäß Oberbegriff Patentanspruch 1 oder 3. </p><p id="p0003" num="0003">Füllsysteme mit einer Vielzahl von Füllstellen, die jeweils wenigstens ein Füllelement sowie einen Behälterträger zum Halten des jeweiligen Behälters in Dichtlage gegen das Füllelement beim Füllen sind in unterschiedlichen Ausführungen bekannt, auch für unterschiedliche Füllverfahren (z.B. Freistrahlfüllen, Vakuumfüllen, Druckfüllen usw.). Es ist hierbei auch bekannt, in den Füllelementen oder deren </p><p id="p0004" num="0004"> Füllelementgehäuse gesteuerte Gaswege vorzusehen. Insbesondere für beim Füllen verwendete Prozessgase und/oder für Vakuum vorzusehen. </p><p id="p0005" num="0005">Speziell beim Druckfüllen ist es erforderlich, die Behälter nicht nur während einer Füllphase, in der das flüssige Füllgut dem betreffenden Behälter zufließt, sondern auch in wenigstens einer dieser Füllphase vorausgehenden Prozessphase, beispielsweise zum Vorspannen des Behälterinnenraumes mit Druck, in Dichtlage am Füllelement zu halten, und zwar angepresst mit dem von einer Hubeinrichtung angehobenen Behälterträger. Hierbei ist es auch bekannt, den benötigten </p><p id="p0006" num="0006">Anpressdruck jeweils durch ein von einem Faltenbalg gebildetes pneumatisches Betätigungselement zu erzeugen, dessen Innenraum oder Druckraum über einen Gasweg mit dem Behälterinnenraum in Verbindung steht und dadurch mit dem Innendruck des in Dichtlage am Füllelement angeordneten Behälters beaufschlagt wird, und zwar zur Erzeugung einer Anpresskraft, die ausreicht um die </p><p id="p0007" num="0007">Behältermündung am Füllelement abzudichten (EP 1 520 833 B1 ). </p><p id="p0008" num="0008">Aufgabe der Erfindung ist es, ein Füllsystem aufzuzeigen, welches sich durch einen reduzierten konstruktiven und steuerungstechnischen Aufwand auszeichnet, und zwar bei hoher Betriebssicherheit. Zur Lösung dieser Aufgabe ist ein Füllsystem entsprechend dem Patentanspruch 1 oder 3 ausgebildet. </p><p id="p0009" num="0009">Bei dem erfindungsgemäßen Füllsystem bilden die Füllstellen nicht nur </p><p id="p0010" num="0010">Füllstellenpaare mit für die Füllelemente jedes Füllstellenpaares gemeinsamen Gaswegsteuerventilen in Prozessgas und/oder Vakuum führenden Gaswegen 
<!-- EPO <DP n="4"/>-->
 und/oder mit für die Füllelemente jedes Füllstellenpaares gemeinsamen pneumatischen Betätigungselementen für die Behälterträger, sondern dass wenigstens eine für die beiden Füllstellen jedes Füllstellenpaares gemeinsame Gaswegsteuerventil und/oder das wenigstens eine für die beiden Füllstellen jedes Füllstellenpaares gemeinsame pneumatische Betätigungselement sind Teil eines Einzel-Steuer- und/oder Betätigungsmoduls oder eines Vielfach-Steuer- und/oder Betätigungsmoduls mit wenigstens einem äußeren gesteuerten Gasweg für jedes Füllstellenpaar, der mit jeweils wenigstens einem in jedem Füllelement des betreffenden Füllstellenpaares ausgebildeten inneren Gasweg verbunden ist. Diese inneren Gaswege der Füllelemente sind nicht gesteuert, d.h. die Füllelemente selbst besitzen keine Gaswegsteuerventile. </p><p id="p0011" num="0011">Dieser modulare Aufbau hat erhebliche Vorteile. So kann mit ihm auf verkürzten Gaswegen die jeweils erforderliche Verbindung zwischen den Füllstellen und einem für sämtliche Füllelemente eines Füllsystems gemeinsamen Ringkanal geschaltet werden, der beispielsweise zum Zuführen und/oder Abführen von Prozessgasen oder Vakuum dient. Weiterhin ermöglicht der modulare Aufbau, die Steuer- und/oder Betätigungsmodule und dabei insbesondere die Gaswegsteuerventile und/oder die Betätigungselemente außerhalb eines Hygiene- oder Aseptikbereichs oder -raums anzuordnen, in welchem lediglich die Füllelemente mit einer die Abgabeöffnung aufweisenden Teillänge sowie die Behälterträger angeordnet sind. </p><p id="p0012" num="0012">Bei einer bevorzugten Ausführungsform der Erfindung sind die äußeren Gaswege in einem Ring zusammengefasst, der achsgleich mit der vertikalen Maschinenachse einer das Füllsystem bildenden Füllmaschine angeordnet ist. Die Füllelemente sind dabei bevorzugt mit der Oberseite ihres Füllelementgehäuses an der Unterseite dieses Ringes befestigt. </p><p id="p0013" num="0013">Der modulare Aufbau ermöglicht es weiterhin, auch unterschiedliche Füllergrößen oder Füllerteilungen, d.h. eine unterschiedliche Anzahl von Füllstellenpaaren an</p><p id="p0014" num="0014">Rotoren mit jeweils den selben Füllelementen und den selben Gaswegsteuerventilen und/oder pneumatischen Betätigungselementen zu realisieren. Die Anpassung an die jeweilige Füllerteilung erfolgt dann beispielsweise allein über einen Ring, der 
<!-- EPO <DP n="5"/>-->
 achsgleich mit der Maschinenachse einer das Füllsystem aufweisenden Füllmaschine angeordnet ist und in welchem die äußeren Gaswege ausgebildet sind. </p><p id="p0015" num="0015">In jedem Fall sind aber die Füllelemente und das Vielfach-Steuer- und/oder </p><p id="p0016" num="0016">Betätigungsmodul oder das Einzel- Steuer- und/oder Betätigungsmodul so </p><p id="p0017" num="0017">ausgeführt, dass mit der mechanischen Befestigung der Füllelemente zugleich auch die Verbindung zwischen den inneren und den äußeren Gaskanälen hergestellt wird. </p><p id="p0018" num="0018">Unter„Druckfüllen" ist im Sinne der Erfindung allgemein ein Füllverfahren zu verstehen, bei dem der jeweils zu füllende Behälter in Dichtlage gegen das </p><p id="p0019" num="0019"> Füllelement anliegt und in der Regel vor der eigentlichen Füllphase, d.h. vor dem Öffnen des Flüssigkeitsventils über wenigstens einen gesteuerten, im Füllelement ausgebildeten Gasweg mit einem unter Druck stehenden Spanngas (Inertgas bzw. C02-Gas) vorgespannt wird, welches dann während des Füllens von dem dem Behälter zufließenden Füllgut zunehmend als Rückgas aus den Behälterinnenraum verdrängt wird, und zwar ebenfalls über wenigstens einen gesteuerten, im </p><p id="p0020" num="0020">Füllelement ausgebildeten Gasweg. Dieser Vorspannphase können weitere </p><p id="p0021" num="0021">Behandlungsphasen vorausgehen, beispielsweise ein Evakuieren und/oder ein Spülen des Behälterinnenraums mit einem Inertgas, z.B. C02-Gas usw., und zwar ebenfalls über die im Füllelement ausgebildeten Gaswege. </p><p id="p0022" num="0022">Unter„Freistrahlfüllen" ist im Sinne der Erfindung ein Verfahren zu verstehen, bei dem das flüssige Füllgut dem zu befüllenden Behälter in einem freien Füllstrahl zuströmt, wobei der Behälter mit seiner Behältermündung oder -Öffnung nicht am Füllelement anliegt, sondern von dem Füllelement bzw. von einem dortigen </p><p id="p0023" num="0023"> Füllgutauslass beabstandet ist. Wesentliches Merkmal dieses Verfahrens ist auch, dass die aus dem Behälter während des Füllprozesses vom flüssigen Füllgut verdrängte Luft nicht in das Füllelement bzw. in einen dort ausgebildeten Gas führenden Bereich oder Kanal gelangt, sondern frei in die Umgebung strömt. </p><p id="p0024" num="0024">Der Ausdruck„im Wesentlichen" bzw.„etwa" bedeutet im Sinne der Erfindung </p><p id="p0025" num="0025">Abweichungen vom jeweils exakten Wert um +/- 10%, bevorzugt um +/- 5% und/oder Abweichungen in Form von für die Funktion unbedeutenden Änderungen. 
<!-- EPO <DP n="6"/>-->
 Weiterbildungen, Vorteile und Anwendungsmöglichkeiten der Erfindung ergeben sich auch aus der nachfolgenden Beschreibung von Ausführungsbeispielen und aus den Figuren. Dabei sind alle beschriebenen und/oder bildlich dargestellten Merkmale für sich oder in beliebiger Kombination grundsätzlich Gegenstand der Erfindung, unabhängig von ihrer Zusammenfassung in den Ansprüchen oder deren </p><p id="p0026" num="0026"> Rückbeziehung. Auch wird der Inhalt der Ansprüche zu einem Bestandteil der Beschreibung gemacht. </p><p id="p0027" num="0027">Die Erfindung wird im Folgenden anhand der Figuren an Ausführungsbeispielen näher erläutert. Es zeigen: </p><p id="p0028" num="0028">Fig. 1 in schematischer Funktionsdarstellung und in Draufsicht eine Füllmaschine umlaufender Bauart zum Füllen von Behältern in Form von Flaschen mit einem flüssigen Füllgut (z.B. Getränk); </p><p id="p0029" num="0029">Fig. 2 in schematischer Funktionsdarstellung zwei ein Füllstellenpaar bildende </p><p id="p0030" num="0030"> Füllstellen der Füllmaschine der Figur 1 ; </p><p id="p0031" num="0031">Fig. 3 in Seitenansicht und in Blickrichtung radial zu einer vertikalen </p><p id="p0032" num="0032"> Maschinenachse zwei Füllelemente eines Füllstellenpaares; </p><p id="p0033" num="0033">Fig. 4 in vereinfachter Darstellung einen Schnitt durch ein Rotorelement sowie eines der Füllelemente des Füllstellenpaares der Figur 3; </p><p id="p0034" num="0034"> Fig. 5 und 6 Darstellungen wie Figuren 3 und 4 bei einer weiteren Ausführungsform der Erfindung; </p><p id="p0035" num="0035"> Fig. 7 und 8 Darstellungen wie Figuren 3 und 4 bei einer weiteren Ausführungsform der Erfindung; </p><p id="p0036" num="0036">*Fig. 9 und 10 jeweils in vereinfachter schematischer Darstellung in Draufsicht und in </p><p id="p0037" num="0037"> Seitenansicht zwei ein Füllstellenpaar bildenden Füllstellen bei einer weiteren Ausführungsform der Erfindung; </p><p id="p0038" num="0038">Fig. 1 1 und 12 Darstellungen wir Figuren 9 und 10 bei einer weiteren </p><p id="p0039" num="0039"> Ausführungsform; </p><p id="p0040" num="0040">Fig. 13 den von einer Dichtung gebildete Anschluss oder Übergang zwischen einem äußeren Gaskanal in einem für die Füllstellen des Füllstellenpaares gemeinsamen Steuer- und/oder Betätigungsmoduls und einem inneren Gaskanal des jeweiligen Füllelementes. 
<!-- EPO <DP n="7"/>-->
 In den Figuren ist 1 eine Füllmaschine umlaufender Bauart zum Füllen von Behältern in Form von Flaschen 2 mit einem flüssigen Füllgut. Die Füllmaschine besitzt u.a. einen um eine vertikale Maschinenachse umlaufend angetriebenen Rotor 3, an dessen Umfang eine Vielzahl von Füllstellen 4.1 und 4.2 gebildet sind, und zwar in der Weise, dass in Drehrichtung (Pfeil A) des Rotors 3 auf jede Füllstelle 4.1 eine Füllstelle 4.2 und auf diese wiederum eine Füllstelle 4.1 folgen. Die Füllstellen 4.1 und 4.2 sind in gleichen Achsabständen (Teilungsabstand) auf einem die </p><p id="p0041" num="0041">Maschinenachse umschließenden Teilkreis vorgesehen. Die leeren, zu füllenden Flaschen 2 werden der Füllmaschine 1 bzw. den Füllstellen 4.1 und 4.2 über einen Behältereinlauf 5 zugeführt. Die gefüllten Flaschen 2 werden den Füllstellen 4.1 und 4.2 an einem Behälterauslauf 6 entnommen. </p><p id="p0042" num="0042">Die Füllstellen 4.1 und 4.2 sind für unterschiedliche Füllverfahren ausgebildet, insbesondere auch für ein Druckfüllen der Flaschen 2, und zwar nicht nur mit einem Vorspannen des Innenraums dieser Flaschen mit einem unter Druck stehenden Prozessgas bzw. Inertgas (z.B. CO-2-Gas), sondern beispielsweise auch mit einem vorausgehenden einfachen oder mehrfachen Spülen des Flascheninnenraumes mit Prozessgas bzw. Inertgas und/oder Evakuieren des Flascheninnenraumes und/oder mit einem Schnellfüllen und Langsamfüllen und/oder mit einem Vorentlasten des Flascheninnenraumes nach Beendigung des Füllens usw. Diese dem Fachmann bekannten Verfahrensschritte werden u.a. durch Gaswegteuerventile in Gaswegen der Füllstellen 4.1 und 4.2 gesteuert. </p><p id="p0043" num="0043">Die Füllstellen 4.1 und 4.2 weisen entsprechend den Figuren 2 - 4 jeweils ein Füllelement 7 sowie einen Behälterträger 8 auf, der zum hängenden Halten der jeweiligen Flasche 2 an einem Mündungsflansch 2.1 ausgebildet ist und mit dem die Flasche 2 während des Füllprozesses mit ihrer oberen Flaschenöffnung oder - mündung in Dichtlage gegen die Unterseite des Füllelementes 7 angepresst anliegt. Eine Besonderheit der Füllmaschine 1 besteht darin, dass jede Füllstelle 4.1 mit einer Füllstelle 4.2 ein Füllstellenpaar 4 mit zwei Füllelementen 7 und zugehörigen Behälterträgern 8 bilden. </p><p id="p0044" num="0044">Jedes Füllelement 7 besteht bei der dargestellten Ausführungsform aus einem Füllelementgehäuse 9, in welchem ein Flüssigkeitskanal 10 ausgebildet ist, in den 
<!-- EPO <DP n="8"/>-->
 oben eine Produktleitung 11 mündet, die zu einem am Rotor 3 für sämtliche Füllstellen 4.1 und 4.2 gemeinsamen Füllgutkessel 12 führt, der während des </p><p id="p0045" num="0045">Füllprozesses mit dem flüssigen Füllgut teilgefüllt ist. An der Unterseite jedes </p><p id="p0046" num="0046">Füllelementgehäuses 9 bildet der Flüssigkeitskanal 9 eine beispielsweise ringförmige Abgabeöffnung 13 für das flüssige Füllgut. Im Inneren des Flüssigkeitskanals 10 ist weiterhin ein Flüssigkeitsventil 14 vorgesehen, dessen Ventilkörper 15 zum Öffnen und Schließen des Flüssigkeitsventils 10 sowie zur Steuerung der Abgabe des flüssigen Füllgutes über die Abgabeöffnung 13 an die jeweilige Flasche 2 in einer vertikalen Füllelementachse FA axial bewegbar ist, und zwar gesteuert durch eine beispielsweise pneumatische Betätigungseinrichtung 14.1. </p><p id="p0047" num="0047">Montiert sind die Füllelemente 7 jeweils am Rand eines oberen scheibenartigen Rotorelementes 3.1 , und zwar in dortigen Öffnungen derart, dass sie nur mit einer Teillänge, die deutlich kleiner ist als die Gesamtlänge, zusammen mit dem </p><p id="p0048" num="0048">zugehörigen Behälterträger 8 in einem unterhalb des Rotorelementes 3.1 bzw. von diesem oben verschlossenen Rein- oder Sterilraum oder Aseptikraum 16 angeordnet sind, in dem sich die Flaschen 2 während des Füllens zumindest mit ihrem oberen, die jeweilige Flaschenöffnung bildenden Flaschenbereich bewegen. Der Aseptikraum 16 ist seitlich sowie unten durch nicht dargestellte Wandelemente zur Umgebung hin verschlossen. An der Oberseite des Rotorelementes 3.1 sind auch für sämtliche</p><p id="p0049" num="0049">Füllelemente 7 gemeinsame, Prozessgas oder Vakuum führende Ringkanäle 17 und 18 vorgesehen. </p><p id="p0050" num="0050">Eine weitere Besonderheit der Füllmaschine 1 besteht darin, dass die </p><p id="p0051" num="0051">Gaswegsteuerventile 19, die zur Steuerung der verschiedenen Phasen des jeweiligen Füllprozesses bzw. zu der Steuerung der Gaswege dienen, zumindest für die beiden Füllelemente 7 jedes Füllstellenpaares 4 gemeinsam vorgesehen sind und gemeinsam gesteuert werden. Während in den Füllelementen 7 bzw. in den Füllelementgehäusen 9 lediglich ungesteuerte innere Gaswege 20.1 , d.h. Gaswege ohne Steuerventile ausgebildet sind. In die äußeren Gaswege 20.2 münden die inneren Gaswege 20.1 der beiden Füllelemente 7 jedes Füllstellenpaares 4, so dass durch Ansteuerung des jeweiligen Gaswegsteuerventils 19 eine zeitgleiche </p><p id="p0052" num="0052">Steuerung beider Füllelemente 7 des jeweiligen Füllstellenpaares 4 erfolgt. Die für jedes Füllstellenpaar 4 gemeinsamen Gaswegsteuerventile 19 sind bei der 
<!-- EPO <DP n="9"/>-->
 dargestellten Ausführungsform vorzugsweise pneumatisch betätigbare Ventile, die über einen mehrere elektrisch gesteuerte Pneumatikventile aufweisenden Ventilblock 21 gesteuert werden, welcher seinerseits von der zentralen Maschinensteuerung 22 der Füllmaschine betätigt wird. Über den Ventilblock 21 werden auch die </p><p id="p0053" num="0053">Flüssigkeitsventile 14 zum Öffnen und Schließen der Füllelemente 7 betätigt, und zwar bei der dargestellten Ausführungsform in Abhängigkeit von der den Flaschen 2 während der Füllphase zufließenden Füllgutmenge. Diese wird von einem </p><p id="p0054" num="0054">Durchflussmesser 23 (z.B. MID-Durchflussmesser) erfasst. Da bei präziser </p><p id="p0055" num="0055">Ausbildung der Füllelemente 7 deren Füllverhalten identisch ist, ist es möglich, für jedes Füllstellenpaar 4 nur einen einzigen Durchflussmesser 23 in der an eines der Füllelemente 7 führenden Produktleitung 11 vorzusehen. </p><p id="p0056" num="0056">Der besondere Vorteil der erfindungsgemäßen Doppelventilsteuerung bzw. der Vorrichtung besteht darin, dass erst aufgrund der synchronen Ventilansteuerung bei quasi identischen Prozessverhältnissen, wie Produktkesseldruck, Füllstand des Produktkessels, Temperatur etc., es erstmalig möglich wird, nur ein </p><p id="p0057" num="0057">Durchflussmesssystem (MID) in einer Ventilzuleitung anzuordnen, der als Mess- und Steuersignalgeber für zwei Füllstellen dient. Vorbekannte Lösungen, nur einen MID für zwei oder mehr Füllstellen vorzusehen, sind immer daran gescheitert, dass die zum Teil sehr kurzfristigen Änderungen der Prozessparameter, die sich durch den zeitversetzten Start des Füllprozesses auf die jeweiligen Füllstellen unterschiedlich auswirken, zu wesentlichen Differenzen in der Füllcharakteristik auch direkt benachbarter Ventile geführt haben, so dass in der Realität zwingend ein </p><p id="p0058" num="0058">Durchflussmesser an jeder Füllstelle vorgesehen werden musste. </p><p id="p0059" num="0059">Die Gaswegsteuerventile 19 und die äußeren Gaswege 20.2 sämtlicher </p><p id="p0060" num="0060">Füllstellenpaare 4 sind bei der dargestellten Ausführungsform Teil eines Vielfach- Steuer- und/oder Betätigungsmoduls 24, welches die Gaswegsteuerventile 19 und die äußeren Gaswege 20.2 für jedes Füllstellenpaar 4 jeweils gesondert aufweist und mit welchem die Füllelemente 7 mechanisch sowie insbesondere auch </p><p id="p0061" num="0061">strömungsmäßig verbunden sind. Anstelle des Vielfach-Steuer- und/oder </p><p id="p0062" num="0062">Betätigungsmoduls 24 können für die Füllstellenpaare 4 auch die </p><p id="p0063" num="0063">Gaswegsteuerventile 19 und die äußeren Gaswege 20.2 aufweisende Einzel-Steuer- und/oder Betätigungsmodule verwendet sein. 
<!-- EPO <DP n="10"/>-->
 Unabhängig davon, ob ein Vielfach-Steuer- und/oder Betätigungsmodul 24 oder mehrere Einzel-Module verwendet sind, ergibt sich in vorteilhafter Weise ein modularer Aufbau aus den Füllelementen 7 und dem Vielfach-Steuer- und/oder Betätigungsmodulen 24 oder den Einzel-Modulen. Dieser modulare Aufbau gestattet u.a. einen vereinfachten Austausch von defekten Komponenten (Füllelemente 7 oder Vielfach-Steuer- und/oder Betätigungsmodul 24 oder Einzel-Modul). Weiterhin ermöglicht der modulare Aufbau auch, für spezielle Füllprozesse speziell ausgeführte Füllelemente 7 mit einem Standard-Vielfach-Steuer- und/oder Betätigungsmodul 24 oder Standard-Einzel-Modulen und/oder aber unterschiedlich ausgeführte Vielfach- Steuer- und/oder Betätigungsmodule 24 oder Einzel-Module mit standardmäßigen Füllelementen 7 usw. zu verbauen. </p><p id="p0064" num="0064">Wie die Figuren 3 und 4 mehr im Detail zeigen, umfassen die Vielfach-Steuer- und/oder Betätigungsmodule 24 einen für alle Vielfach-Steuer- und/oder </p><p id="p0065" num="0065"> Betätigungsmodule gemeinsamen die vertikale Maschinenachse MA konzentrisch umschließenden Ring 24.1 , in dem die äußeren Gaskanäle 20.2 ausgebildet und an dem die Gaswegsteuerventile 19 vorgesehen sind. Der Ring 24.1 befindet sich ebenfalls außerhalb des Aseptikraumes 16 oberhalb des Rotorelementes 3.1 und ist mit seinem bezogen auf die vertikale Maschinenachse MA radial außenliegenden Randbereich in das jeweilige Füllelementgehäuse 9 der Füllelemente 7 integriert oder bildet einen oberen Abschluss des jeweiligen Füllelementgehäuses 9. Bezogen auf die vertikale Maschinenachse MA gegenüber dem jeweiligen </p><p id="p0066" num="0066">Füllelementgehäuse 9 radial nach innen versetzt sind an der Oberseite des Rings 24.1 die Gaswegsteuerventile 19 angeordnet. </p><p id="p0067" num="0067">Eine weitere Besonderheit der Füllmaschine 1 bzw. deren Füllstellen 4.1 und 4.2 besteht darin, dass der in der jeweiligen Flasche 2 während des Füllprozesses herrschende Innendruck zumindest unterstützend für das Anpressen der Flaschen 2 mit ihrer Flaschenmündung gegen die Unterseite des jeweiligen Füllelementes 7 im Bereich der dortigen Abgabeöffnung 13 genutzt wird. Hierfür ist in jedem Füllelement 7 ein Gaskanal 25 vorgesehen, der während des Füllens mit einer unteren Öffnung mit dem Innenraum der Flasche 2 in Verbindung steht und oben in den zur </p><p id="p0068" num="0068">Umgebung hin geschlossenen Druckraum 26.1 eines pneumatischen 
<!-- EPO <DP n="11"/>-->
 Betätigungselementes 26 mündet. Dieses ist mit einer parallel zur Füllelementachse FA angeordneten Hubstange 27 verbunden ist, die an ihrem unteren Ende den Behälterträger 8 aufweist. Bei der dargestellten Ausführungsform ist der Gaskanal 25 zumindest zum Teil in einem rohrförmigen, den Ventilkörper 15 des </p><p id="p0069" num="0069">Flüssigkeitsventils aufweisenden Ventilstößel ausgebildet. Durch den Innendruck der jeweiligen Flasche wird über das Betätigungselement 26 und die Hubstange 27 die Anpresskraft zum Anpressen der Flasche 2 gegen das Füllelement 7 erzeugt. </p><p id="p0070" num="0070">Bevorzugt weist das Betätigungselement 26 auch Federmittel auf, die den </p><p id="p0071" num="0071">Behälterträger 8 in seine obere Hubstellung vorspannen. Das Betätigungselement 26 und die Hubstange 27 sind Teil einer Hubvorrichtung 28. Jede Hubeinrichtung 28 weist an der Oberseite des Füllelementes eine Kurvenrolle 29 auf, die mit einer mit dem Rotor 3 nicht umlaufenden Steuerkurve 30 zusammenwirkt, um die </p><p id="p0072" num="0072">Behälterträger 8 auch gegen die Hubkraft des Betätigungselement 26 dort </p><p id="p0073" num="0073">abzusenken, wo dies im Rahmen des jeweiligen Füllprozesses, beispielsweise am Ende des Füllprozesses erforderlich ist. </p><p id="p0074" num="0074">Die Betätigungselemente 26, die an der Oberseite des Rings 24.1 vorgesehen und Bestandteil des Vielfach-Steuer- und/oder Betätigungsmoduls 24 sind, bestehen jeweils aus einem Faltenbalg 26.2, der den Druckraum 26.1 bildet, aus einem den Faltenbalg 26.2 umschließenden Gehäuse 26.3 und aus einem im Gehäuse 26.3 axial beweglich geführten Stößel 26.4. </p><p id="p0075" num="0075">Die Figuren 5 und 6 zeigen als weitere Ausführungsform ein Füllstellenpaar 4a, welches wiederum die beiden Füllstellen 4.1 und 4.2 mit den Füllelementen 7 aufweist, allerdings mit einem für beide Füllelemente 7 gemeinsamen Behälterträger 8, an dem während des Füllens jeweils zwei Flaschen 2 an ihrem Mündungsflansch 2.1 hängend gehalten sind. Für den Behälterträger 8a ist eine gemeinsame </p><p id="p0076" num="0076">Hubeinrichtung 28a vorgesehen, die von zwei wiederum als Faltenbalg </p><p id="p0077" num="0077">ausgebildeten pneumatischen Betätigungselementen 26 und einer gemeinsamen Hubstange 27 gebildet ist. Die Betätigungselemente 26 sind mit dem Ende einer Traverse 31 verbunden, in deren Mitte die zwischen den Füllelementen 7 </p><p id="p0078" num="0078">angeordnete Hubstange 27 mit ihrem oberen Ende befestigt ist. An dem unteren Ende der Hubstange 27 ist der Behälterträger 8a mittig befestigt. An der Traverse 31 ist in der Mitte die Kurvenrolle 29 drehbar gelagert. Ansonsten entspricht das 
<!-- EPO <DP n="12"/>-->
 Füllstellenpaar 4a auch hinsichtlich der Ausbildung der Füllelemente 7 und des Vielfach-Steuer- und/oder Betätigungsmoduls 24 dem Füllstellenpaar 4. </p><p id="p0079" num="0079">Die Figuren 7 und 8 zeigen als weitere Ausführungsform ein Füllstellenpaar 4b, welches sich von dem Füllstellenpaar 4a dadurch unterscheidet, dass die </p><p id="p0080" num="0080"> Hubvorrichtung 28b lediglich ein für beide Füllstellen 4.1 und 4.2 gemeinsames Betätigungselement 26 aufweist, welches ebenso wie die Gaswegsteuerventile 19 an der Oberseite des Ringes 24.1 vorgesehen ist und dessen Druckraum 26.1 während des Füllprozesses mit dem Innendruck wenigstens einer Flasche beaufschlagt ist, und zwar über einen äußeren Gaskanal 20.2. </p><p id="p0081" num="0081">Die Hubstange 27 für den gemeinsamen Behälterträger 8a sowie auch das </p><p id="p0082" num="0082">Betätigungselement 26 sind bezogen auf die Maschinenachse MA gegenüber den Füllelementen 7 radial nach innen versetzt vorgesehen, und zwar derart, dass der radiale Abstand des Betätigungselementes 26 von der Maschinenachse MA etwas kleiner ist als der entsprechende radiale Abstand der Hubstange 27, deren oberes Ende über eine Traverse 31 b mit dem Betätigungselement 26 bzw. dessen Stößel 26.2 verbunden ist. An der Traverse 31 b ist mittig wiederum die Kurvenrolle 29 drehbar gelagert. </p><p id="p0083" num="0083">Allen vorbeschriebenen Ausführungsformen ist gemeinsam, dass jeweils zwei Füllelemente 7 ein Füllstellenpaar 4, 4a und 4b bilden und dass zumindest für dieses Füllstellenpaar, bevorzugt aber für sämtliche Füllstellenpaare ein Vielfach-Steuer- und/oder Betätigungsmodul 24 vorgesehen ist, das die Gaswegsteuerventile 19 mit den gesteuerten äußeren Gaswegen 20 aufweist, während die Füllelemente selbst nur ungesteuerte Gaswege aufweisen. Das Vielfach-Steuer- und/oder </p><p id="p0084" num="0084">Betätigungsmodul 24 besitzt ebenfalls einen modulartigen Aufbau, insbesondere bestehend aus dem Ring 24.1 den Gaswegsteuerventilen 19 und den </p><p id="p0085" num="0085">Betätigungselementen 26. </p><p id="p0086" num="0086">Den in den Figuren 3 - 8 dargestellten Ausführungen ist weiterhin gemeinsam, dass für die beiden Füllstellen 4.1 und 4.2 jedes Füllstellenpaares 4a und 4b ein </p><p id="p0087" num="0087">gemeinsamer Behälterträger 8a und eine gemeinsame Hubeinrichtung 28a und 28b für den Behälterträger 8a vorgesehen ist, wobei eine weitere Besonderheit der 
<!-- EPO <DP n="13"/>-->
 Füllstellenpaare 4b der Figuren 7 und 8 darin besteht, dass die Hubeinrichtung 28b für den gemeinsamen Behälterträger 8a nur ein einziges pneumatisches </p><p id="p0088" num="0088">Betätigungselement 26 aufweist und dieses an dem Ring 24.1 vorgesehen und über einen dortigen äußeren Gaskanal 20 mit Druck beaufschlagt wird. </p><p id="p0089" num="0089">Die Figuren 9 und 10 zeigen in sehr schematischer Teildarstellung und in Draufsicht (Figur 9) sowie in sehr vereinfachter schematischer Seitenansicht (Figur 10) zwei jeweils ein Füllelement 32 aufweisenden Füllstellen 4.1 und 4.2, die an einem Rotor 3 eine Füllmaschine 1 a vorgesehen ein Füllstellenpaar 4c bilden. Für jedes </p><p id="p0090" num="0090">Füllstellenpaar 4c ist wiederum zur Steuerung der Gaswege ein gemeinsames Steuer- und/oder Betätigungsmodul 33 vorgesehen, welches bei dieser </p><p id="p0091" num="0091">Ausführungsform nicht von einem für sämtliche Füllstellenpaare gemeinsamen Ring gebildet ist, sondern von einem für jedes Füllstellenpaar 4c eigenständigen </p><p id="p0092" num="0092">Modulkörper 34. Dieser Modulkörper 34 ist bei der dargestellten Ausführungsform plattenförmig oder im Wesentlichen plattenförmig ausgebildet und weist den wenigstens einen äußere Gasweg 20.2 auf, der das Gasweg-Steuerventil 19 enthält. Dieses dient bei der dargestellten Ausführungsform zur Steuerung der Verbindung zwischen dem äußeren Gasweg 20.2 und einem für sämtliche Füllstellen 4.1 und 4.2 gemeinsamen, am Rotor 3 ausgebildeten ringförmigen Gaskanal, der in den Figuren 9 und 10 schematisch mit 35 bezeichnet ist. Das Steuer- und/oder Betätigungsmodul 33 ist gegen über den Füllelementen 32 bezogen auf die Maschinenachse radial nach innen, d.h. zur Maschinenachse hin versetzt. </p><p id="p0093" num="0093">Die Verbindung zwischen dem äußeren Gasweg 20.2 und den zugehörigen inneren, in den Gehäusen der Füllelemente 32 ausgebildeten Gaswege 20.1 erfolgt über Anschlussöffnungen 20.2.1 des äußeren Gasweges 20.2 und über </p><p id="p0094" num="0094">Anschlussöffnungen 20.1 .1 der inneren Gaswege 20.1 , und zwar jeweils einer ebenen Fläche, die vorzugsweise senkrecht zur vertikalen Maschinenachse orientiert ist und an der das jeweilige Füllelement 32 und der Modulkörper 34 gegen einander anliegen. Für einen dichten Übergang zwischen dem äußeren Gasweg 20.2 und dem zugehörigen inneren Gasweg 20.1 ist jeweils eine Dichtung 35 vorgesehen, deren Öffnungsquerschnitt größer ist als der Querschnitt der Mündungsöffnung 20.2.1 des äußeren Gasweges 20.2, zumindest aber größer ist als der Querschnitt der </p><p id="p0095" num="0095">Mündungsöffnung 20.1.1 des jeweiligen inneren Gasweges 20.1 . Das Steuer- 
<!-- EPO <DP n="14"/>-->
 und/oder Betätigungsmodul 33 bzw. dessen Modulkörper 34 ist weiterhin mit einem Anschluss 37 zur Verbindung mit dem Gaskanal 35 versehen. </p><p id="p0096" num="0096">Die Besonderheit des von den Füllelementen 32 und dem Steuer- und/oder </p><p id="p0097" num="0097">Betätigungsmoduls 32 gebildeten modularen Aufbaus der Füllstellenpaare 4c besteht darin, dass die Füllstellenpaare 4c bei dem selben Teilungsabstand TA der </p><p id="p0098" num="0098">Füllelemente 32 mit denselben Füllelementen 32 und denselben Steuer- und/oder Betätigungsmodulen 33 an Füllmaschinen mit unterschiedlichen Rotordurchmesser und mit unterschiedlichen Teilkreisgrößen realisiert werden können, wie ein </p><p id="p0099" num="0099">Vergleich der Figuren 9 und 10, die die Anordnung der Füllelemente 32 auf einem kleineren Teilkreis TK zeigt, mit den Figuren 1 1 und 12 verdeutlicht, die die </p><p id="p0100" num="0100">Anordnung der Füllelemente 30 auf einem größeren Teilkreis TK wiedergeben. </p><p id="p0101" num="0101">Ein sich dabei wegen unterschiedlicher Teilkreisgröße ändernder Achsabstand X zwischen den Anschlussöffnungen 20.1 .1 wird dadurch ausgeglichen, dass die Dichtungen 36 jeweils eine innere Öffnung aufweisen, die wesentlich größer ist als der Querschnitt zumindest der Anschlussöffnungen 20.1 .1 (Figur 13). Hierdurch ist ein Ausgleich des Achsabstandes X bis zu einem Maß möglich, das gleich der Differenz der Querschnittsabmessungen der Dichtungsöffnung 36.1 und des </p><p id="p0102" num="0102">Öffnungsquerschnittes 20.1 .1 ist. </p><p id="p0103" num="0103">Für unterschiedliche Teilungsabstände TA der Füllstellen 4.1 und 4.2, d.h. </p><p id="p0104" num="0104">Achsabstände der diese Füllstellen 4.1 und 4.2 bildenden Füllelemente 32 am </p><p id="p0105" num="0105">Umfang des Rotors 3 sind dann allerdings Steuer- und/oder Betätigungsmodule 33 erforderlich, bei denen der Achsabstand der Anschlussöffnungen 20.2.1 an den jeweilige Teilungsabstand angepasst ist. </p><p id="p0106" num="0106">Die Erfindung wurde voranstehend an Ausführungsbeispielen beschrieben. Es versteht sich, dass zahlreiche Änderungen sowie Abwandlungen möglich sind, ohne dass dadurch der der Erfindung zugrundeliegende Erfindungsgedanke verlassen wird. 
<!-- EPO <DP n="15"/>-->
 Bezugszeichenliste </p><p id="p0107" num="0107">1 , 1a Füllmaschine </p><p id="p0108" num="0108"> 2 Flasche </p><p id="p0109" num="0109"> 2.1 Mündungsflansch </p><p id="p0110" num="0110"> 3 Rotor </p><p id="p0111" num="0111"> 3.1 Rotorelement </p><p id="p0112" num="0112"> 4, 4a, 4b, 4c Füllstellenpaar </p><p id="p0113" num="0113"> 4.1 , 4.2 Füllstelle </p><p id="p0114" num="0114"> 5 Behältereinlauf </p><p id="p0115" num="0115"> 6 Behälterauslauf </p><p id="p0116" num="0116"> 7 Füllelemente </p><p id="p0117" num="0117"> 8, 8a Behälterträger </p><p id="p0118" num="0118"> 9 Füllelementgehäuse </p><p id="p0119" num="0119"> 10 Flüssigkeitskanal </p><p id="p0120" num="0120"> 1 1 Produktleitung </p><p id="p0121" num="0121"> 12 Füllgutkessel </p><p id="p0122" num="0122"> 13 Abgabeöffnung </p><p id="p0123" num="0123"> 14 Flüssigkeitsventil </p><p id="p0124" num="0124"> 14.1 Betätigungselement </p><p id="p0125" num="0125"> 15 Ventilkörper </p><p id="p0126" num="0126"> 16 Aseptikraum oder Rein- bzw. Sterilraum </p><p id="p0127" num="0127"> 17, 18 Ringkammer </p><p id="p0128" num="0128"> 19 Gaswegsteuerventil </p><p id="p0129" num="0129"> 20.1 innerer Gasweg </p><p id="p0130" num="0130"> 20.1.1 Mündungsöffnung des inneren Gasweges </p><p id="p0131" num="0131"> 20.2 äußerer Gasweg </p><p id="p0132" num="0132"> 20.2.1 Mündungsöffnung des äußeren Gasweges </p><p id="p0133" num="0133"> 21 Ventilanordnung </p><p id="p0134" num="0134"> 22 Maschinensteuerung </p><p id="p0135" num="0135"> 23 Durchflussmesser </p><p id="p0136" num="0136"> 24 Steuer- und/oder Betätigungsmodul oder Vielfach-Steuer- und/oder Betätigungsmodul </p><p id="p0137" num="0137"> 24.1 Ring 
<!-- EPO <DP n="16"/>-->
 25 Gaskanal </p><p id="p0138" num="0138"> 26 pneumatisches Betätigungselement</p><p id="p0139" num="0139">26.1 Druckraum </p><p id="p0140" num="0140"> 26.2 Faltenbalg </p><p id="p0141" num="0141"> 26.3 Gehäuse </p><p id="p0142" num="0142"> 26.4 Stößel </p><p id="p0143" num="0143"> 27 Hubstange </p><p id="p0144" num="0144"> 28, 28a, 28b Hubvorrichtung </p><p id="p0145" num="0145"> 29 Kurvenrolle </p><p id="p0146" num="0146"> 30 Steuerkurve </p><p id="p0147" num="0147"> 31 , 31 b Traverse </p><p id="p0148" num="0148"> 32 Füllelement </p><p id="p0149" num="0149"> 33 Steuer- und/oder Betätigungsmodul</p><p id="p0150" num="0150">34 Modulkörper </p><p id="p0151" num="0151"> 35 Gaskanal </p><p id="p0152" num="0152"> 36 Dichtung </p><p id="p0153" num="0153"> 36.1 Dichtungsöffnung </p><p id="p0154" num="0154"> 37 Anschluss </p><p id="p0155" num="0155"> A Drehrichtung des Rotors 5 </p><p id="p0156" num="0156"> FA Füllelementachse </p><p id="p0157" num="0157"> MA vertikale Maschinenachse </p><p id="p0158" num="0158"> TK Teilkreis </p><p id="p0159" num="0159"> TA Teilungsabstand </p><p id="p0160" num="0160"> X Achsabstand der Öffnungen 20.1.1 
</p></description><claims mxw-id="PCLM70078199" ref-ucid="WO-2014127879-A1" lang="DE" load-source="patent-office"><claim-statement><!-- EPO <DP n="17"/>-->Patentansprüche </claim-statement><claim id="clm-0001" num="1"><claim-text>1 . Füllsystem zum Füllen von Flaschen oder dergleichen Behältern (2) mit einem flüssigen Füllgut mit mehreren jeweils zumindest ein Füllelement (7, 32) und einen Behälterträger (8, 8a) aufweisenden Füllstellen (4.1 , 4.2), von denen jeweils zwei ein Füllstellenpaar (4, 4a, 4b, 4c) bilden, wobei jedes Füllelement (7, 32) in einem Füllelementgehäuse (9) einen Flüssigkeitskanal (10) besitzt, der zumindest eine Abgabeöffnung (13) zur Abgabe des Füllgutes in den jeweiligen Behälter (2) sowie wenigstens ein diese Abgabe steuerndes </claim-text><claim-text> Flüssigkeitsventil (14) aufweist, wobei für jedes Füllelement zur Steuerung des Füllprozesses zumindest ein Gasweg, der wenigstens ein Gaswegsteuerventil (19) enthält, sowie für die Füllstellen (4.1 , 4.2) jedes Füllstellenpaares (4, 4a, 4b, 4c) wenigstens eine Hubvorrichtung (28, 28a, 28b) zum Anheben und Absenken des wenigstens einen Behälterträgers (8, 8a) vorgesehen sind, dadurch gekennzeichnet, </claim-text><claim-text> dass den Füllelementen (7, 32) der Füllstellenpaare (4, 4a, 4b, 4c) wenigstens ein Steuer- und/oder Betätigungsmodul (24, 33) zugeordnet ist, in welchem wenigstens ein für die beiden Füllelemente (7, 32) jedes Füllstellenpaares (4, 4a, 4b, 4c) gemeinsamer und das wenigstens eine Gaswegsteuerventil (19) aufweisender äußerer Gasweg (20.2) ausgebildet ist, an den jeweils ein nicht gesteuerter Gasweg (20.1) der beiden Füllelemente (7, 32) des betreffenden Füllstellenpaares (4, 4a, 4b, 4c) angeschlossen ist. </claim-text></claim><claim id="clm-0002" num="2"><claim-text>2. Füllsystem nach Anspruch 1 , dadurch gekennzeichnet, dass die </claim-text><claim-text> Hubvorrichtungen (28, 28a, 28b) jeweils wenigstens ein pneumatisch betätigtes Betätigungselement (26) aufweisen, welches über einen Gasweg oder </claim-text><claim-text> Gaskanal mit dem Innenraum wenigstens eines Behälter (2) verbunden ist. </claim-text></claim><claim id="clm-0003" num="3"><claim-text>3. Füllsystem zum Füllen von Flaschen oder dergleichen Behältern (2) mit einem flüssigen Füllgut mit mehreren jeweils zumindest ein Füllelement (7, 32) und einen Behälterträger (8, 8a) aufweisenden Füllstellen (4.1 , 4.2), von denen jeweils zwei ein Füllstellenpaar (4, 4a, 4b, 4c) bilden, wobei jedes Füllelement (7, 32) in einem Füllelementgehäuse (9) einen Flüssigkeitskanal (10) besitzt, der zumindest eine Abgabeöffnung (13) zur Abgabe des Füllgutes in den 
<!-- EPO <DP n="18"/>-->
 jeweiligen Behälter (2) sowie wenigstens ein diese Abgabe steuerndes </claim-text><claim-text> Flüssigkeitsventil (14) aufweist, wobei für jedes Füllelement zur Steuerung des Füllprozesses zumindest ein Gasweg, der wenigstens ein Gaswegsteuerventil (19) enthält, sowie für die Füllstellen (4.1 , 4.2) jedes Füllstellenpaares (4, 4a, 4b, 4c) wenigstens eine Hubvorrichtung (28, 28a, 28b) zum Anheben und Absenken des wenigstens einen Behälterträgers (8, 8a) vorgesehen sind, und wobei jede Hubvorrichtung (28a, 28b) jeweils wenigstens ein pneumatisch betätigtes Betätigungselement (26) aufweist, welches über einen Gasweg oder Gaskanal mit dem Innenraum wenigstens eines der Behälter (2) verbunden ist, dadurch gekennzeichnet, </claim-text><claim-text> dass für die Füllstellen (4.1 , 4.2) jedes Füllstellenpaares (4a, 4b) jeweils ein gemeinsamer Behälterträger (8a) mit der Hubeinrichtung (28a, 28b) vorgesehen ist. </claim-text></claim><claim id="clm-0004" num="4"><claim-text>4. Füllsystem nach Anspruch 3, dadurch gekennzeichnet, dass den Füllelementen (7, 32) der Füllstellenpaare (4, 4a, 4b, 4c) wenigstens ein Steuer- und/oder Betätigungsmodul (24, 33) zugeordnet ist, in welchem wenigstens ein für die beiden Füllelemente (7, 32) jedes Füllstellenpaares (4, 4a, 4b, 4c) gemeinsamer und das wenigstens eine Gaswegsteuerventil (19) aufweisender äußerer Gasweg (20.2) ausgebildet ist, an den jeweils ein nicht gesteuerter Gasweg (20.1) der beiden Füllelemente (7, 32) des betreffenden Füllstellenpaares (4, 4a, 4b, 4c) angeschlossen ist. </claim-text></claim><claim id="clm-0005" num="5"><claim-text>5. Füllsystem nach einem der vorhergehenden Ansprüche, dadurch </claim-text><claim-text> gekennzeichnet, dass das wenigstens eine Gaswegsteuerventil (19) und/oder das wenigstens eine Betätigungselement (26) jedes Füllstellenpaares (4, 4a, 4b, 4c) Teil eines Einzel-Steuer- und/oder Betätigungsmoduls (33) oder eines Vielfach- Steuer- und/oder Betätigungsmoduls (24) für sämtliche </claim-text><claim-text> Füllstellenpaares (4, 4a, 4b, 4c) sind. </claim-text></claim><claim id="clm-0006" num="6"><claim-text>6. Füllsystem nach Anspruch 5, dadurch gekennzeichnet, dass die äußeren </claim-text><claim-text> Gaswege (20.2) des Einzel- oder Vielfach-Steuer- und/oder Betätigungsmoduls (24, 33) in einer Platte oder in einem für sämtliche Füllstellenpaare (4, 4a, 4b, 4c) gemeinsamen Ring (24.1) ausgebildet sind, und dass an einer 
<!-- EPO <DP n="19"/>-->
 Oberflächenseite der Platte oder des Rings (24.1) das wenigstens eine </claim-text><claim-text> Gaswegsteuerventil (19) jedes Füllstellenpaares (4, 4a, 4b, 4c) und/oder das wenigstens eine pneumatische Betätigungselement (26) der Hubvorrichtung (28, 28a, 28b) jedes Füllstellenpaares (4, 4a, 4b, 4c) vorgesehen ist. </claim-text></claim><claim id="clm-0007" num="7"><claim-text>7. Füllsystem nach Anspruch 6, dadurch gekennzeichnet, dass die Füllelemente (7, 32) mit einem der Abgabeöffnung (13) abgewandten Oberseite ihres </claim-text><claim-text> Füllelementgehäuses (9) an der Unterseite der Platte oder des Rings (24.1) befestigt sind, und dass die Gaswegsteuerventile (19) und/oder die </claim-text><claim-text> pneumatischen Betätigungselemente (26) an der Oberseite der Platte oder des Rings (24.1) angeordnet sind. </claim-text></claim><claim id="clm-0008" num="8"><claim-text>8. Füllsystem nach einem der vorhergehenden Ansprüche, dadurch </claim-text><claim-text> gekennzeichnet, dass die Füllstellenpaare (4, 4a) jeweils zwei </claim-text><claim-text> Betätigungselemente (26) aufweisen, von denen jeweils ein Betätigungselement (26) jedem Füllelement (7, 32) zugeordnet und zumindest während des Füllens über einen Gasweg mit dem Innendruck des an dem zugehörigen Füllelement (7, 32) in Dichtlage angeordneten Behälters (2) beaufschlagt wird, und dass die beiden Betätigungselemente (26) jedes Füllstellenpaares (4, 4a) über ein Gestänge (27) mit einem für jedes Füllelement (7, 32) eigenständigen </claim-text><claim-text> Behälterträger (8) oder mit einem für die beiden Füllstellen (4.1 , 4.2) des </claim-text><claim-text> Füllstellenpaares (4a) gemeinsamen Behälterträger einwirken. </claim-text></claim><claim id="clm-0009" num="9"><claim-text>9. Füllsystem nach einem der vorhergehenden Ansprüche, dadurch </claim-text><claim-text> gekennzeichnet, dass die Hubvorrichtung (28b) jedes Füllstellenpaares (4b) lediglich ein Betätigungselement (26) aufweist, welches zumindest beim Füllen über wenigstens einen Gaskanal mit dem Innenraum zumindest eines in </claim-text><claim-text> Dichtlage an einem Füllelement des Füllstellenpaares (4b) gehaltenen Behälters (2) in Verbindung steht und mit dem Innendruck dieses Behälters beaufschlagt wird, und dass das Betätigungselement (26) über ein Gestänge (27) auf den für die beiden Füllstellen (4.1 , 4.2) gemeinsamen Behälterträger (8a) einwirkt. </claim-text></claim><claim id="clm-0010" num="10"><claim-text>10. Füllsystem nach einem der vorhergehenden Ansprüche, dadurch </claim-text><claim-text> gekennzeichnet, dass, dass die pneumatischen Betätigungselemente (26) 
<!-- EPO <DP n="20"/>-->
 jeweils nach Art einer Kolben-Zylinder-Anordnung und/oder als Faltenbalg ausgebildet sind. </claim-text></claim><claim id="clm-0011" num="11"><claim-text>11. Füllsystem nach einem der vorhergehenden Ansprüche, dadurch </claim-text><claim-text> gekennzeichnet, dass die Füllelemente (7, 32) an einem um eine vertikale Maschinenachse (MA) umlaufend antreibbaren Rotorelement (3.1) derart vorgesehen sind, dass deren Füllelementgehäuse (9) jeweils nur mit einer die jeweilige Abgabeöffnung (13) aufweisenden Teillänge über die Unterseite des Rotorelementes (3.1) vorstehen, dass die restliche Teillänge jedes </claim-text><claim-text> Füllelementgehäuses (9) sowie auch die Einzel-Steuer- und/oder </claim-text><claim-text> Betätigungsmodule oder das Vielfach- Steuer- und/oder Betätigungsmodul mit den Gaswegsteuerventilen (19) oberhalb des Rotorelementes (3.1) angeordnet sind, und dass das Rotorelement (3.1) vorzugsweise einen unterhalb dieses Elementes ausgebildeten Aseptikraum (16) von der Umgebung trennt. </claim-text></claim><claim id="clm-0012" num="12"><claim-text>12. Füllsystem nach einem der vorhergehenden Ansprüche, dadurch </claim-text><claim-text> gekennzeichnet, dass die Steuer- und Betätigungsmodule (33) für jedes Füllstellpaar (4c) jeweils gesondert vorgesehen sind. </claim-text></claim><claim id="clm-0013" num="13"><claim-text>13. Füllsystem nach einem der vorhergehenden Ansprüche, dadurch </claim-text><claim-text> gekennzeichnet, dass der wenigstens eine äußere Gasweg (20.2) mit dem zugehörigen inneren Gasweg (20.1) der beiden Füllelemente (32) des jeweiligen Füllstellenpaares (4c) verbunden ist, und dass die Dichtung (36) einen Öffnungsquerschnitt (36.1) aufweist, der größer ist als der </claim-text><claim-text> Öffnungsquerschnitt des wenigstens einen äußeren Gasweges (20.2) und/oder des zugehörigen inneren Gasweges (20.1) im Bereich dieser Dichtung (36). </claim-text></claim><claim id="clm-0014" num="14"><claim-text>14. Füllsystem nach einem der vorhergehenden Ansprüche, dadurch </claim-text><claim-text> gekennzeichnet, dass mit jeweils identischen Füllelementen (32) und </claim-text><claim-text> identischen Steuer- und/oder Betätigungsmodulen (33) Füllstellenpaare (4c) realisiert sind, deren Füllelemente (32) auf unterschiedlich großem, die </claim-text><claim-text> Maschinenachse umgebenden Teilkreisen angeordnet sind. 
</claim-text></claim></claims><copyright>User acknowledges that Fairview Research LLC and its third party providers retain all right, title and interest in and to this xml under applicable copyright laws.  User acquires no ownership rights to this xml including but not limited to its format.  User hereby accepts the terms and conditions of the Licence Agreement</copyright></patent-document>
