<?xml version="1.0" encoding="UTF-8"?>
<patent-document ucid="EP-2958959-A1" country="EP" doc-number="2958959" kind="A1" date="20151230" family-id="48407703" file-reference-id="311201" date-produced="20180825" status="corrected" lang="FR"><bibliographic-data><publication-reference fvid="160453308" ucid="EP-2958959-A1"><document-id><country>EP</country><doc-number>2958959</doc-number><kind>A1</kind><date>20151230</date><lang>FR</lang></document-id></publication-reference><application-reference ucid="EP-14713152-A" is-representative="NO"><document-id mxw-id="PAPP193869584" load-source="patent-office" format="original"><country>EP</country><doc-number>14713152.8</doc-number><date>20140218</date><lang>FR</lang></document-id><document-id mxw-id="PAPP193869585" load-source="docdb" format="epo"><country>EP</country><doc-number>14713152</doc-number><kind>A</kind><date>20140218</date><lang>FR</lang></document-id></application-reference><priority-claims><priority-claim mxw-id="PPC162030844" ucid="FR-1351542-A" load-source="docdb"><document-id format="epo"><country>FR</country><doc-number>1351542</doc-number><kind>A</kind><date>20130222</date></document-id></priority-claim><priority-claim mxw-id="PPC162031255" ucid="FR-2014050333-W" linkage-type="W" load-source="docdb"><document-id format="epo"><country>FR</country><doc-number>2014050333</doc-number><kind>W</kind><date>20140218</date></document-id></priority-claim><priority-claim mxw-id="PPC162029612" ucid="US-201361771101-P" load-source="docdb"><document-id format="epo"><country>US</country><doc-number>201361771101</doc-number><kind>P</kind><date>20130301</date></document-id></priority-claim></priority-claims><technical-data><classifications-ipcr><classification-ipcr mxw-id="PCL-1988520128" load-source="docdb">C08K   9/04        20060101ALI20140905BHEP        </classification-ipcr><classification-ipcr mxw-id="PCL-1988527581" load-source="docdb">C08K   5/521       20060101AFI20140905BHEP        </classification-ipcr></classifications-ipcr><classifications-cpc><classification-cpc mxw-id="PCL-1987766190" load-source="docdb" scheme="CPC">Y10T 428/2991      20130101 LA20150115BCEP        </classification-cpc><classification-cpc mxw-id="PCL-1987781201" load-source="docdb" scheme="CPC">C09C   1/62        20130101 FI20140828BHEP        </classification-cpc><classification-cpc mxw-id="PCL-1987784509" load-source="docdb" scheme="CPC">C01P2004/90        20130101 LA20150507BHEP        </classification-cpc><classification-cpc mxw-id="PCL-1987789152" load-source="docdb" scheme="CPC">C08K   5/521       20130101 LI20131104BHEP        </classification-cpc><classification-cpc mxw-id="PCL-1987795338" load-source="docdb" scheme="CPC">Y10T 428/2993      20130101 LA20150115BCEP        </classification-cpc><classification-cpc mxw-id="PCL-1987796256" load-source="docdb" scheme="CPC">C08K   9/04        20130101 LI20140829BHEP        </classification-cpc></classifications-cpc><invention-title mxw-id="PT165551390" lang="DE" load-source="patent-office">HYDROPHOBISIERUNGSMITTEL UND VERWENDUNG DAVON ZUR OBERFLÄCHENBEHANDLUNG VON PARTIKELN ANORGANISCHER STOFFE</invention-title><invention-title mxw-id="PT165551391" lang="EN" load-source="patent-office">HYDROPHOBISATION AGENT AND USE THEREOF FOR THE SURFACE TREATMENT OF PARTICLES OF INORGANIC MATTER</invention-title><invention-title mxw-id="PT165551392" lang="FR" load-source="patent-office">AGENT D'HYDROPHOBISATION ET UTILISATION POUR TRAITER EN SURFACE DES PARTICULES DE MATIERE MINERALE</invention-title><citations><non-patent-citations><nplcit><text>See references of WO 2014128398A1</text><sources><source mxw-id="PNPL67568175" load-source="docdb" name="SEA"/></sources></nplcit></non-patent-citations></citations></technical-data><parties><applicants><applicant mxw-id="PPAR1112508042" load-source="docdb" sequence="1" format="epo"><addressbook><last-name>COATEX SAS</last-name><address><country>FR</country></address></addressbook></applicant><applicant mxw-id="PPAR1103309039" load-source="docdb" sequence="1" format="intermediate"><addressbook><last-name>COATEX</last-name></addressbook></applicant><applicant mxw-id="PPAR1101640675" load-source="patent-office" sequence="1" format="original"><addressbook><last-name>COATEX</last-name><iid>101183347</iid><address><street>35 rue Ampère</street><city>69730 Genay</city><country>FR</country></address></addressbook></applicant></applicants><inventors><inventor mxw-id="PPAR1103336502" load-source="docdb" sequence="1" format="epo"><addressbook><last-name>SUAU JEAN-MARC</last-name><address><country>FR</country></address></addressbook></inventor><inventor mxw-id="PPAR1103338956" load-source="docdb" sequence="1" format="intermediate"><addressbook><last-name>SUAU, JEAN-MARC</last-name></addressbook></inventor><inventor mxw-id="PPAR1101653507" load-source="patent-office" sequence="1" format="original"><addressbook><last-name>SUAU, JEAN-MARC</last-name><address><street>60 chemin Perrault</street><city>F-69480 Lucenay</city><country>FR</country></address></addressbook></inventor><inventor mxw-id="PPAR1103315735" load-source="docdb" sequence="2" format="epo"><addressbook><last-name>MONGOIN JACQUES</last-name><address><country>FR</country></address></addressbook></inventor><inventor mxw-id="PPAR1103327249" load-source="docdb" sequence="2" format="intermediate"><addressbook><last-name>MONGOIN, JACQUES</last-name></addressbook></inventor><inventor mxw-id="PPAR1101651684" load-source="patent-office" sequence="2" format="original"><addressbook><last-name>MONGOIN, JACQUES</last-name><address><street>Enchuel</street><city>F-69650 Quincieux</city><country>FR</country></address></addressbook></inventor><inventor mxw-id="PPAR1103306917" load-source="docdb" sequence="3" format="epo"><addressbook><last-name>JACQUEMET CHRISTIAN</last-name><address><country>FR</country></address></addressbook></inventor><inventor mxw-id="PPAR1103323089" load-source="docdb" sequence="3" format="intermediate"><addressbook><last-name>JACQUEMET, CHRISTIAN</last-name></addressbook></inventor><inventor mxw-id="PPAR1101639641" load-source="patent-office" sequence="3" format="original"><addressbook><last-name>JACQUEMET, CHRISTIAN</last-name><address><street>24 Allée Henriette</street><city>F-69005 France</city><country>FR</country></address></addressbook></inventor></inventors><agents><agent mxw-id="PPAR1101641121" load-source="patent-office" sequence="1" format="original"><addressbook><last-name>Fiorucci, Hélène</last-name><iid>101336045</iid><address><street>Coatex SAS DPI 35 rue ampère</street><city>69730 Genay</city><country>FR</country></address></addressbook></agent></agents></parties><international-convention-data><pct-or-regional-filing-data ucid="FR-2014050333-W"><document-id><country>FR</country><doc-number>2014050333</doc-number><kind>W</kind><date>20140218</date><lang>FR</lang></document-id></pct-or-regional-filing-data><pct-or-regional-publishing-data ucid="WO-2014128398-A1"><document-id><country>WO</country><doc-number>2014128398</doc-number><kind>A1</kind><date>20140828</date><lang>FR</lang></document-id></pct-or-regional-publishing-data><designated-states><ep-contracting-states><country mxw-id="DS660636465" load-source="docdb">AL</country><country mxw-id="DS660746597" load-source="docdb">AT</country><country mxw-id="DS660636475" load-source="docdb">BE</country><country mxw-id="DS660638635" load-source="docdb">BG</country><country mxw-id="DS660714999" load-source="docdb">CH</country><country mxw-id="DS660635084" load-source="docdb">CY</country><country mxw-id="DS660746598" load-source="docdb">CZ</country><country mxw-id="DS660792609" load-source="docdb">DE</country><country mxw-id="DS660636476" load-source="docdb">DK</country><country mxw-id="DS660635085" load-source="docdb">EE</country><country mxw-id="DS660724799" load-source="docdb">ES</country><country mxw-id="DS660638636" load-source="docdb">FI</country><country mxw-id="DS660638637" load-source="docdb">FR</country><country mxw-id="DS660792610" load-source="docdb">GB</country><country mxw-id="DS660636477" load-source="docdb">GR</country><country mxw-id="DS660792611" load-source="docdb">HR</country><country mxw-id="DS660635086" load-source="docdb">HU</country><country mxw-id="DS660715000" load-source="docdb">IE</country><country mxw-id="DS660636478" load-source="docdb">IS</country><country mxw-id="DS660638638" load-source="docdb">IT</country><country mxw-id="DS660636487" load-source="docdb">LI</country><country mxw-id="DS660792612" load-source="docdb">LT</country><country mxw-id="DS660746603" load-source="docdb">LU</country><country mxw-id="DS660792613" load-source="docdb">LV</country><country mxw-id="DS660792614" load-source="docdb">MC</country><country mxw-id="DS660746604" load-source="docdb">MK</country><country mxw-id="DS660746605" load-source="docdb">MT</country><country mxw-id="DS660724800" load-source="docdb">NL</country><country mxw-id="DS660718185" load-source="docdb">NO</country><country mxw-id="DS660724801" load-source="docdb">PL</country><country mxw-id="DS660746606" load-source="docdb">PT</country><country mxw-id="DS660724802" load-source="docdb">RO</country><country mxw-id="DS660746627" load-source="docdb">RS</country><country mxw-id="DS660724895" load-source="docdb">SE</country><country mxw-id="DS660635095" load-source="docdb">SI</country><country mxw-id="DS660718186" load-source="docdb">SK</country><country mxw-id="DS660718191" load-source="docdb">SM</country><country mxw-id="DS660638651" load-source="docdb">TR</country></ep-contracting-states><ep-extended-states><ep-extended-state-data><country>BA</country></ep-extended-state-data><ep-extended-state-data><country>ME</country></ep-extended-state-data></ep-extended-states></designated-states></international-convention-data><office-specific-data><eptags><ep-no-a-document-published>*</ep-no-a-document-published></eptags></office-specific-data></bibliographic-data><abstract mxw-id="PA139080626" ref-ucid="WO-2014128398-A1" lang="EN" load-source="patent-office"><p num="0000">The present invention relates to a novel agent for hydrophobisation of particles of inorganic matter and to the various uses thereof for the surface treatment of particles of inorganic matter.</p></abstract><abstract mxw-id="PA139547079" ref-ucid="WO-2014128398-A1" lang="EN" source="national office" load-source="docdb"><p>The present invention relates to a novel agent for hydrophobisation of particles of inorganic matter and to the various uses thereof for the surface treatment of particles of inorganic matter.</p></abstract><abstract mxw-id="PA139080627" ref-ucid="WO-2014128398-A1" lang="FR" load-source="patent-office"><p num="0000">La présente invention se rapporte à un nouvel agent d'hydrophobisation de particules de matière minérale et à ses diverses utilisations pour traiter en surface des particules de matière minérale.</p></abstract><abstract mxw-id="PA139547080" ref-ucid="WO-2014128398-A1" lang="FR" source="national office" load-source="docdb"><p>La présente invention se rapporte à un nouvel agent d'hydrophobisation de particules de matière minérale et à ses diverses utilisations pour traiter en surface des particules de matière minérale.</p></abstract><description mxw-id="PDES78478339" ref-ucid="WO-2014128398-A1" lang="FR" load-source="patent-office"><!-- EPO <DP n="2"/>--><p id="p0001" num="0001"> AGENT D'HYDROPHOBISATION ET UTILISATION POUR TRAITER EN SURFACE DES PARTICULES DE MATIERE MINERALE </p><p id="p0002" num="0002">La présente invention se rapporte à un nouvel agent d'hydrophobisation de particules de matière minérale et à ses diverses utilisations pour traiter en surface des particules de matière minérale. </p><p id="p0003" num="0003">De manière générale, les particules de matière minérale sont utilisées comme charge inorganique dans une variété d'applications et notamment dans des compositions de film thermoplastique. </p><p id="p0004" num="0004"> Parmi les différentes charges minérales utilisées, le carbonate de calcium (CaCO<sub>3</sub>) est l'une des plus courantes, principalement en raison de sa disponibilité sous une forme facilement utilisable et de faible coût. Toutefois, le carbonate de calcium présente une surface hydrophile ce qui le rend incompatible avec les polymères hydrophobes, par exemple, polyéthylène (PE) et le polypropylène (PP). Pour résoudre ce problème technique, la surface du carbonate de calcium est rendue hydrophobe par utilisation de divers modificateurs de surface. Parmi ceux-ci, l'acide stéarique est le modificateur de surface (également appelé agent d'hydrophobisation ou agent antagonisant) le plus couramment utilisé, notamment en raison de son faible coût et de son origine. </p><p id="p0005" num="0005"> Notamment, il est connu du document WO 95/17441 (ECC International Inc) de recouvrir les charges de carbonate particulaire avec un ou plusieurs acides gras ayant de 12 à 20 atomes de carbones dans le but d'augmenter la proportion de charges minérales dans les granules ou pellets thermoplastiques. </p><p id="p0006" num="0006">D'autres documents d'art antérieur proposent d'utiliser l'acide stéarique (ou un de ses dérivés) pour traiter le carbonate de calcium dans le but de résoudre le problème technique de la susceptibilité des charges minérales à l'absorption de l'humidité de surface (« moisture pick-up » en anglais). </p><p id="p0007" num="0007"> Le document US 5,008,296 (Hercules Inc.) décrit une méthode pour réduire le taux d'humidité d'une composition de film respirable, comprenant de 0,1 à 3 % en poids de stéarate de calcium. </p><p id="p0008" num="0008"> Le document EP 0 998 522 (Imerys Minerais Limited) notamment décrit le traitement de matières particulaires inorganiques avec un agent de traitement de surface 
<!-- EPO <DP n="3"/>-->
 hydrophobisant, les matières obtenues présentant un taux d'humidité réduit et une susceptibilité basse à l'absorption de l'humidité de surface. De telles matières particulaires sont utilisées dans des articles thermoplastiques du type film respirant. L'agent de traitement de surface hydrophobisant est du type acide carboxylique aliphatique ayant de 10 à 24 atomes de carbone, tel que l'acide stéarique. </p><p id="p0009" num="0009"> D'autres documents encore, par exemple US 4,698,372, décrivent l'utilisation de l'acide stéarique comme agent hydrophobisant de manière notamment à réduire la tension de surface de la charge minérale. </p><p id="p0010" num="0010"> D'autres documents, par exemple US 4,350,655 (Biax Filmerfilm) décrivent des procédés de préparations de film synthétique consistant à mélanger un polymère thermoplastique avec une charge inorganique sur laquelle a été déposé une couche d'un ester d'acide gras comportant un atome de titane ou de silice. </p><p id="p0011" num="0011"> Le document EP 2 546 410 (Omya Development AG) décrit un procédé comprenant une étape d'hydrophobisation de particules de carbonate de calcium dans le but de réduire la poix (« pitch » en anglais) générée lors de la préparation de la pâte à papier. L'agent d'hydrophobisation est de préférence l'acide stéarique. </p><p id="p0012" num="0012"> L'article de Supaphol et al. (Colloids and surfaces, A 275 (2006) 114-125) indique, de manière très générale, que la surface de la calcite peut être rendue « organophile » par l'utilisation de modificateurs de surface tels que les silanes, les titanates, les phosphates et l'acide stéarique. Aucun détail supplémentaire n'est donné quant à ces modificateurs de surface. </p><p id="p0013" num="0013"> Il est connu des documents FR 2 582 310 et FR 2 602 236 (Pluess Staufer AG) d'utiliser un agent fluidifiant de polymères polyoléfiniques comme constituant d'agrégats thermoplastiques à haute teneur en matière minérale pulvérulente. Cet agent fluidifiant est un phosphate de formule : </p><p id="p0014" num="0014"><img id="imgf000003_0001" he="23" wi="50" file="imgf000003_0001.tif" img-format="tif" img-content="drawing" orientation="portrait" inline="no"/>
 dans laquelle (A) est l'oxyde d'éthylène, (B) est l'oxyde de propylène, avec 0 &lt; (m + n) &lt; 24, R est choisi dans le groupe formé par les radicaux alkyls linéaires ou non, saturés ou insaturés, les radicaux aryl, les hétérocycles saturés ou non, contenant de 5 à 28 atomes de carbone et de préférence de 8 à 24 atomes de carbone, les stéroïdes, et R' est 
<!-- EPO <DP n="4"/>-->
 choisi dans le groupe constitue par l'hydrogène, une chaîne carbonée contenant de 1 à 4 atomes de carbone et l'un des radicaux appartenant au groupe défini pour R. </p><p id="p0015" num="0015">Les documents FR 2 671 555 et FR 2 671 556 (COATEX) concernent un agent dispersant de charges minérales dans les résines thermodurcissables, de type organo- phosphoré, avec des chaînes oxyalkylées (oxyde d'éthylène et/ou oxyde de propylène) substituées par un groupe aryle ramifié ou non. En outre, cet agent n'est pas utilisé dans ces demandes de brevet comme agent d'hydrophobisation de particules de charge minérale pulvérulente. </p><p id="p0016" num="0016">Un objet de la présente invention est de proposer un composé qui permette de rendre hydrophobe des particules de matière minérale qui doivent être formulées avec des polymères hydrophobes, par exemple le polyéthylène (PE) et le polypropylène (PP). </p><p id="p0017" num="0017">Un autre objet de la présente invention est de proposer un tel composé qui permette de préparer des compositions (par exemple thermoplastiques) qui présentent une concentration en matière minérale élevée, qui soient homogènes et qui présentent un indice de fluidité amélioré par rapport aux agents d'hydrophobisation actuellement disponibles. </p><p id="p0018" num="0018">Ces objectifs sont atteints au moyen d'un agent d'hydrophobisation selon la présente invention. </p><p id="p0019" num="0019">Il est à noter que dans le cadre de la présente invention, les différents modes de réalisation décrits peuvent être combinés. </p><p id="p0020" num="0020">Ainsi, un objet de la présente invention consiste en un agent d'hydrophobisation de particules de matière minérale, comprenant un mélange des composés de formule (I) et (II) suivants : </p><p id="p0021" num="0021"><img id="imgf000004_0001" he="22" wi="95" file="imgf000004_0001.tif" img-format="tif" img-content="drawing" orientation="portrait" inline="no"/></p><p id="p0022" num="0022"> (I) (II) 
<!-- EPO <DP n="5"/>-->
 dans lesquelles : </p><p id="p0023" num="0023">R représente C<sub>n</sub>H<sub>2n+1</sub> où n représente un nombre entier qui varie entre 6 et 40, le groupe C<sub>n</sub>H<sub>2n+1</sub> étant ramifié, éventuellement cyclique, non aromatique, </p><p id="p0024" num="0024"> X représente H ou M, et </p><p id="p0025" num="0025"> M représente un cation monovalent, divalent ou trivalent. </p><p id="p0026" num="0026">Ainsi, le groupe R représente une chaîne carbonée ramifiée qui comporte entre 6 et 40 atomes de carbone (les bornes, à savoir 6 atomes de carbone et 40 atomes de carbone, étant comprises dans l'intervalle). Par « ramifié », il faut comprendre, par opposition à une chaîne linéaire, une chaîne carbonée qui comporte au moins un groupe substituant sur le côté. On dit que le groupe R comporte une chaîne principale (nombre de carbone le plus grand) et au moins une ramification (la longueur de la chaîne est inférieure à celle de la chaîne principale). Dans le cadre de la présente invention, le groupe R peut comporter une ramification, deux ramifications ou plus. </p><p id="p0027" num="0027">Selon l'invention, le groupe R peut être acyclique ou cyclique. </p><p id="p0028" num="0028"> Lorsqu'il est cyclique, le groupe R comporte également, indépendamment des atomes de carbone constitutifs du cycle, une chaîne carbonée ramifiée. </p><p id="p0029" num="0029">Selon l'invention, le groupe R n'est pas oxyalkylé. Notamment, il ne comporte pas de motifs d'oxyde d'éthylène (OE) ou de motifs d'oxyde de propylène (PO). </p><p id="p0030" num="0030">Selon un mode de réalisation de l'invention, le groupe R est ramifié, acyclique, non aromatique, et de type 2-alkyl-alkyl. </p><p id="p0031" num="0031">Selon un autre mode de réalisation de l'invention, le groupe R est sélectionné dans le groupe consistant en le 2-butyloctanyl (n représente 12 atomes de carbone, R est ramifié, acyclique et non aromatique), le 2-hexyldecanyl (n représente 16 atomes de carbone, R est ramifié, acyclique et non aromatique), le 2-octyldodecanyl (n représente 20 atomes de carbone, R est ramifié, acyclique et non aromatique), le 2-decyltetradecanyl (n représente 24 atomes de carbone, R est ramifié, acyclique et non aromatique), le 2-dodecylhexadecanyl (n représente 28 atomes de carbone, R est 
<!-- EPO <DP n="6"/>-->
 ramifié, acyclique et non aromatique) et le 2-tetradecyloctadecanyl (n représente 32 atomes de carbone, R est ramifié, acyclique et non aromatique). </p><p id="p0032" num="0032">Selon un mode de réalisation, l'agent d'hydrophobisation est tel que le ratio molaire entre le composé de formule (I) et le composé de formule (II) varie entre 1: 100 et 10: 1, par exemple entre 1:20 à 2: 1 ou entre 1: 10 à 1: 1. </p><p id="p0033" num="0033">Selon un mode de réalisation de la présente invention, le nombre n du groupement R dans les formules (I) et (II) varie entre 12 et 32 (les bornes, à savoir 12 atomes de carbone et 32 atomes de carbone, étant comprises dans l'intervalle). </p><p id="p0034" num="0034">L'agent d'hydrophobisation selon la présente invention peut se trouver sous forme liquide ou sous forme solide à température ambiante. L'agent d'hydrophobisation peut se trouver sous forme dissoute dans un solvant (par exemple alcool, cétone, ester, éther). Il peut alternativement se trouver sous forme non solubilisée, par exemple sous forme d'émulsion. </p><p id="p0035" num="0035">Selon un mode de réalisation, l'agent d'hydrophobisation se trouve à l'état liquide à température ambiante. </p><p id="p0036" num="0036">Selon un autre mode de réalisation, l'agent d'hydrophobisation se trouve à l'état solide à température ambiante. </p><p id="p0037" num="0037"> Ainsi, s'il est solide à température ambiante, l'agent d'hydrophobisation est chauffé à une température telle à opérer le changement de phase solide-liquide. L'agent d'hydrophobisation peut être chauffé à une température d'au moins 50°C, par exemple d'au moins 75°C, ou comprise entre 50 et 120°C ou entre 70 et 100°C. On obtient ainsi ledit agent d'hydrophobisation sous forme fondue. Selon un mode de réalisation de la présente invention, ledit agent d'hydrophobisation comprend un mélange des composés de formule (I) et (II), ainsi que le composé de formule (III) suivant : 
<!-- EPO <DP n="7"/>-->
 XO-P-OX </p><p id="p0038" num="0038"> i </p><p id="p0039" num="0039">(III) </p><p id="p0040" num="0040">Selon un autre mode de réalisation de la présente invention, ledit agent d'hydrophobisation comprend un mélange des composés de formule (I) et (II), mais il ne comprend pas de composé de formule (IV) suivant : </p><p id="p0041" num="0041">O</p><p id="p0042" num="0042">II</p><p id="p0043" num="0043">RO-^-OR </p><p id="p0044" num="0044"> OR </p><p id="p0045" num="0045"> (IV) </p><p id="p0046" num="0046">Selon un autre mode de réalisation encore de la présente invention, ledit agent d'hydrophobisation consiste en un mélange des composés de formule (I), (II) et (III) tels que décrits ci-dessus. Ainsi, selon ce mode de réalisation, ledit agent d'hydrophobisation ne comprend pas de composés de formule (IV) tel que décrit ci- dessus. </p><p id="p0047" num="0047">Selon un mode de réalisation, les composés (I), (II) et (III) se trouvent sous leur forme acide. </p><p id="p0048" num="0048"> Selon ce mode de réalisation, le groupe X dans les composés de formule (I), (II) et (III) représente H et les dits composés présentent les formules suivantes : </p><p id="p0049" num="0049"> O O </p><p id="p0050" num="0050"> Il II </p><p id="p0051" num="0051"> HO-^-OR RO-^-OR </p><p id="p0052" num="0052"> OH OH </p><p id="p0053" num="0053"> (Γ) (ΙΓ) </p><p id="p0054" num="0054">O</p><p id="p0055" num="0055">II</p><p id="p0056" num="0056">HO-^-OH </p><p id="p0057" num="0057"> OH </p><p id="p0058" num="0058"> (Π ) ou acide phosphorique 
<!-- EPO <DP n="8"/>-->
 Selon un autre mode de réalisation, les composés (I), (II) et (III) se trouvent sous forme neutralisée, ou autrement dit, sous forme de sels de phosphate. </p><p id="p0059" num="0059">Un cation est susceptible de se lier aux atomes d'oxygène du composé (II), ce qui conduit à un composé ionique R<sub>2</sub>PO<sub>4</sub><sup>"</sup>, M<sup>+</sup>, insoluble dans l'eau aux conditions standard de température et de pression. </p><p id="p0060" num="0060"> Deux cations sont susceptibles de se lier aux atomes d'oxygène du composé (I), ce qui conduit à un composé ionique RP0<sub>4</sub><sup>2~</sup>, 2 M<sup>+</sup>, insoluble dans l'eau aux conditions standard de température et de pression. </p><p id="p0061" num="0061">Trois cations sont susceptibles de se lier aux atomes d'oxygène du composé (III), ce qui conduit à un composé ionique P0<sub>4</sub><sup>3"</sup>, 3 M<sup>+</sup>. </p><p id="p0062" num="0062">Lorsque les composés constitutifs de l'agent d'hydrophobisation selon l'invention sont sous forme neutralisée, M représente un cation monovalent, divalent ou trivalent. M est par exemple choisi parmi l'ion potassium, l'ion sodium, l'ion lithium, l'ion calcium, l'ion magnésium ou un mélange de ces ions. M peut également être une aminé primaire, secondaire ou tertiaire. </p><p id="p0063" num="0063">Selon un autre mode de réalisation de la présente invention, ledit agent d'hydrophobisation consiste en, en % en poids par rapport au poids total de l'agent d'hydrophobisation : </p><p id="p0064" num="0064"> de 10 à 50 % en poids de composés de formule (I) et </p><p id="p0065" num="0065"> de 50 à 90 % en poids de composés de formule (II). Selon un autre mode de réalisation de la présente invention, ledit agent d'hydrophobisation consiste en, en % en poids par rapport au poids total de l'agent d'hydrophobisation : </p><p id="p0066" num="0066"> de 10 à 50 % en poids de composés de formule (I), </p><p id="p0067" num="0067"> de 50 à 90 % en poids de composés de formule (II) et </p><p id="p0068" num="0068"> - de 0,01 à 4 % en poids de composés de formule (III) </p><p id="p0069" num="0069">L'agent d'hydrophobisation selon l'invention peut être obtenu par des méthodes connues de l'homme du métier. 
<!-- EPO <DP n="9"/>-->
 Selon un mode de réalisation de la présente invention, ledit agent est obtenu par réaction de l'anhydride phosphorique (P<sub>2</sub>O<sub>5</sub>) avec un alcool de formule (V) : </p><p id="p0070" num="0070">ROH (V) dans laquelle R représente C<sub>n</sub>H2<sub>n+</sub>i où n représente un nombre entier qui varie entre 6 et 40, le groupe C<sub>n</sub>H<sub>2n+1</sub> étant ramifié, éventuellement cyclique, non aromatique. </p><p id="p0071" num="0071">Selon un mode de réalisation de l'invention, l'alcool de formule (V) ROH est choisi pour être un alcool primaire linéaire avec une ramification sur la chaîne carbonée. Un tel alcool de type 2-alkyl-l-alcanol est connu sous le nom alcool de Guerbet. </p><p id="p0072" num="0072">Selon un autre mode de réalisation de l'invention, l'alcool de formule (V) ROH est sélectionné dans le groupe consistant en le 2-tetradecyloctadecanol, le 2- dodecylhexadecanol, le 2-octyldodecanol, le 2-decyltetradecanol, le 2-hexyldecanol et le 2-butyloctanol. </p><p id="p0073" num="0073">Un objet de la présente invention concerne le procédé de préparation de l'agent d'hydrophobisation de l'invention tel que décrit ci-dessus. </p><p id="p0074" num="0074"> Plus précisément, l'invention concerne le procédé de préparation d'un agent d'hydrophobisation tel que défini ci-dessus, ledit procédé comprenant une étape de réaction de l'anhydride phosphorique (P<sub>2</sub>O<sub>5</sub>) avec un alcool de formule (V) : </p><p id="p0075" num="0075"> ROH (V) </p><p id="p0076" num="0076">dans laquelle R représente C<sub>n</sub>H<sub>2n+1</sub> où n représente un nombre entier qui varie entre 6 et 40, le groupe C<sub>n</sub>H<sub>2n+1</sub> étant ramifié, éventuellement cyclique, non aromatique. </p><p id="p0077" num="0077">Ledit procédé de préparation d'un agent d'hydrophobisation selon l'invention peut en outre comprendre une étape supplémentaire de neutralisation, c'est-à-dire d'ajout d'un agent neutralisant. </p><p id="p0078" num="0078">Selon un mode de réalisation de la présente invention, le procédé de préparation d'un agent d'hydrophobisation comprend une étape de réaction de l'anhydride phosphorique (P<sub>2</sub>O<sub>5</sub>) avec un alcool de formule ROH (V) et un autre alcool de formule R'OH (VI) dans laquelle R' représente un groupe C<sub>m</sub>H<sub>2m+1</sub>, linéaire ou ramifié, où m varie de 6 à 60. 
<!-- EPO <DP n="10"/>-->
 Selon ce mode de réalisation, on obtient un agent d'hydrophobisation qui comprend un mélange : </p><p id="p0079" num="0079"> de composés de formule (I) et (II) décrites ci-dessus, X<sub>2</sub>P0<sub>4</sub>R et XP0<sub>4</sub>R<sub>2</sub>, dans lesquelles R représente C<sub>n</sub>H<sub>2n+1</sub> où n représente un nombre entier qui varie entre 6 et 40, le groupe C<sub>n</sub>H<sub>2n+1</sub> étant ramifié, éventuellement cyclique, non aromatique, et dans lesquelles X représente H ou M, </p><p id="p0080" num="0080"> de composés H<sub>2</sub>P0<sub>4</sub>R' et HP0<sub>4</sub>R'<sub>2</sub>, dans lesquelles R' représente H ou un groupe C<sub>m</sub>H<sub>2m+1</sub>, linéaire ou ramifié, où m varie de 6 à 60, et </p><p id="p0081" num="0081"> de composé HP0<sub>4</sub>RR', dans lesquels R et R' sont tels que ci-dessus définis. </p><p id="p0082" num="0082">Les composés décrits ci-dessus peuvent ensuite être neutralisés et ainsi se trouver sous forme acide ou neutralisée (partiellement ou totalement). </p><p id="p0083" num="0083">Un autre objet de la présente invention concerne le procédé de préparation de particules de matière minérale traitées en surface, comprenant les étapes consistant à : </p><p id="p0084" num="0084"> a) on dispose d'un agent d'hydrophobisation de particules de matière minérale selon l'invention, </p><p id="p0085" num="0085"> b) on dispose de particules de matière minérale choisies dans le groupe consistant en le talc, le dioxyde de titane, le mica, le gypse, l'alumine, le kaolin, la magnésie, la chaux et un mélange d'au moins deux de ces matières minérales, et </p><p id="p0086" num="0086"> c) on met en contact les particules de matière minérale de l'étape b) avec l'agent d'hydrophobisation de l'étape a). </p><p id="p0087" num="0087">Un tel procédé est avantageux en ce qu'il permet de disposer de particules de matière minérale traitées, c'est-à-dire qui présentent une surface hydrophobe, directement utilisable pour le formulateur. </p><p id="p0088" num="0088"> En effet, pour disposer de particules de matière minérale compatibles avec les polymères hydrophobes (PE ou PP par exemple), le formulateur doit ajouter un agent d'hydrophobisation dans sa formulation. Cet agent est, dans certains cas, à l'état de cire à température ambiante et doit, par conséquent, être fondu avant utilisation. </p><p id="p0089" num="0089"> Disposer de particules de matière minérale traitées permet de réduire le temps de préparation pour le formulateur. 
<!-- EPO <DP n="11"/>-->
 Selon l'étape a) du procédé, on dispose d'un agent d'hydrophobisation de particules de matière minérale selon l'invention. </p><p id="p0090" num="0090"> Selon l'étape b) du procédé, on dispose de particules de matière minérale sélectionnées dans le groupe consistant en le talc, le dioxyde de titane, le gypse, le noir de carbone, le mica, l'alumine, le kaolin, la magnésie, la chaux et un mélange d'au moins deux de ces matières minérales. </p><p id="p0091" num="0091"> Ces particules peuvent se trouver seules ou en mélange avec d'autres particules de matière minérale. Selon un mode de réalisation de la présente invention, lesdites particules de matière minérale se trouvent sous forme sèche ou pulvérulente, c'est-à-dire sous forme de poudre. </p><p id="p0092" num="0092"> Par « sèche », on entend des particules de matière minérale ayant une teneur en humidité de surface totale inférieure à 0,5 % en poids, par exemple inférieure à 0,2 % en poids ou inférieure à 0,1 % en poids, par rapport au poids total de particules de matière minérale. </p><p id="p0093" num="0093"> Le terme « poudre », tel qu'il est utilisé dans la présente invention, couvre les poudres minérales solides d'au moins 90 % en poids de matière minérale inorganique, par rapport au poids total de la poudre. </p><p id="p0094" num="0094">Selon un autre mode de réalisation de la présente invention, lesdites particules de matière minérale se trouvent sous forme d'une suspension aqueuse (« slurry » en anglais). </p><p id="p0095" num="0095"> Selon la présente invention, le terme « suspension » signifie une suspension aqueuse qui comprend des solides insolubles et facultativement au moins un additif. </p><p id="p0096" num="0096">Dans le cadre de la présente invention, il peut être nécessaire de soumettre la matière minérale à un processus de broyage avant la mise en contact des particules avec l'agent d'hydrophobisation, selon l'étape c) du procédé de la présente invention, ce afin d'obtenir des particules de matière minérale de dimension souhaitée. Cette étape de broyage peut être effectuée au moyen de tout dispositif classique de broyage connu de l'homme du métier. </p><p id="p0097" num="0097"> Il peut également s'avérer nécessaire de sécher les particules de matière minérale avant ou pendant la mise en contact des particules avec l'agent d'hydrophobisation, selon 
<!-- EPO <DP n="12"/>-->
 l'étape c) du procédé de la présente invention, de manière à obtenir des particules sous la forme d'une poudre. </p><p id="p0098" num="0098">Dans le cadre de la présente invention, il peut être nécessaire de chauffer l'agent d'hydrophobisation afin d'obtenir un agent d'hydrophobisation à l'état fondu, cette étape de chauffe ayant lieu avant l'étape c) de mise en contact avec les particules de matière minérale et à une température en lien avec la température de changement de phase de l'agent d'hydrophobisation. L'agent d'hydrophobisation peut être chauffé à une température d'au moins 50°C, par exemple d'au moins 75°C, ou comprise entre 50 et 120°C ou entre 70 et 100°C. On obtient ainsi ledit agent d'hydrophobisation sous forme fondue. </p><p id="p0099" num="0099">Selon l'étape c) du procédé, on met en contact les particules de matière minérale de l'étape b) avec l'agent d'hydrophobisation de l'étape a). </p><p id="p0100" num="0100">La mise en contact des particules de matière minérale avec l'agent d'hydrophobisation selon l'invention conduit à rendre plus hydrophobe la surface des particules et conduit alors à des particules traitées en surface. Les particules qui en résultent peuvent alors être utilisées comme charge dans une variété d'applications, par exemple dans des compositions thermoplastiques. Un tel traitement de surface des particules notamment permet de résoudre le problème des incompatibilités avec les polymères hydrophobes (PP et PE par exemple) constituant les compositions thermoplastiques. </p><p id="p0101" num="0101">Dans le procédé de la présente invention, la mise en contact des particules de matière minérale avec l'agent d'hydrophobisation, selon l'étape c), est par exemple réalisée par mélange des particules avec l'agent d'hydrophobisation. Par « mélange » au sens de la présente invention, on entend tout procédé classique de mélange connu de l'homme du métier. Le mélange est de préférence effectué sous agitation continue afin que l'ensemble des particules de matière minérale, de façon égale, soit mis en contact avec l'agent d'hydrophobisation. </p><p id="p0102" num="0102">La mise en contact des particules et de l'agent d'hydrophobisation selon l'étape c) peut avoir lieu à température ambiante ou à une température supérieure à la température ambiante. 
<!-- EPO <DP n="13"/>-->
 Par exemple, l'étape c) peut avoir lieu à une température ajustée, de manière à ce que l'agent d'hydrophobisation soit à l'état liquide ou fondu. La température de mise en contact des particules à hydrophobiser avec l'agent selon l'invention peut résulter du cisaillement du dispositif de mélange utilisé ou, alternativement, d'une source externe, ou encore d'une combinaison des deux. </p><p id="p0103" num="0103">Un autre objet de la présente invention concerne les particules de matière minérale traitées en surface obtenues par le procédé de l'invention. </p><p id="p0104" num="0104">Un autre objet de la présente invention encore consiste en une composition homogène, comprenant un agent d'hydrophobisation de particules de matière minérale selon l'invention, des particules de matière minérale sélectionnées dans le groupe consistant en le talc, le dioxyde de titane, le mica, l'alumine, le gypse, le kaolin, la magnésie, la chaux et un mélange d'au moins deux de ces matières minérales, et au moins un autre composant, par exemple de type résine polymérique. </p><p id="p0105" num="0105">Un autre objet de la présente invention encore consiste en une composition homogène, comprenant des particules de matière minérale traitées en surface selon la présente invention, et au moins un autre constituant, par exemple de type résine polymérique. </p><p id="p0106" num="0106">Selon un mode de réalisation de l'invention, la composition homogène selon l'invention, comprend : - de 50 à 99 , par exemple de 60 à 99 , en poids desdites particules de matière minérale traitées, et </p><p id="p0107" num="0107">- de 1 à 50 , par exemple de 1 à 40 , en poids de ladite résine polymérique. Un autre objet de la présente invention concerne l'utilisation d'un agent d'hydrophobisation de particules de matière minérale selon l'invention, pour traiter en surface des particules de matière minérale. 
<!-- EPO <DP n="14"/>-->
 EXEMPLES Exemple 1 Cet exemple a pour objet d'illustrer la préparation de huit agents d'hydrophobisation par réaction de l'anhydride phosphorique avec un alcool de type chaîne alkyle linéaire (hors invention) ou chaîne alkyle ramifiée (invention), les chaînes alkyles étant non cycliques et non aromatiques. La réaction permet d'obtenir un mélange des composés mono-ester et di-ester phosphoriques. </p><p id="p0108" num="0108">Exemple de préparation d'un agent d'hydrophobisation selon l'invention, constitué d'un mélange de composés de formule (I) et (II) dans lesquels R représente une chaîne alkyle 2-tétradecyloctadecanyl </p><p id="p0109" num="0109"> 200 g d'Isofol® 32 (SASOL) sont disposés dans un bêcher de 400 mL muni d'un barreau magnétique destiné à l'agitation. On chauffe à 70°C . </p><p id="p0110" num="0110"> On ajoute à l'aide d'une spatule, progressivement pendant 1 heure, 30,4 g d'anhydride phosphorique (P<sub>2</sub>0<sub>5</sub>). La température est maintenue entre 70 et 80°C pendant cette étape d'ajout. </p><p id="p0111" num="0111"> On cuit 4 heures sous agitation à une température d'environ 65°C, jusqu'à ce que tous les grains de P<sub>2</sub>0<sub>5</sub> aient disparu. </p><p id="p0112" num="0112"> On obtient un liquide brun homogène. Le pourcentage en poids de monoesters phosphoriques, de diesters phosphoriques, et d'acide phosphorique, ainsi que le ratio molaire mono-ester : di-ester phosphorique de l'agent d'hydrophobisation ainsi obtenu, sont déterminés par dosage au moyen d'un potentiomètre (DL20 Mettler). </p><p id="p0113" num="0113"> On procède tout d'abord à la préparation de l'échantillon. </p><p id="p0114" num="0114">0,3 g d'agent d'hydrophobisation est ajouté, sous agitation magnétique, à un mélange chauffé de solvants (50°C &lt; t &lt; 60°C), constitué de 50 mL d'éthylméthylcétone (MEK) et 70 mL d'isopropanol. Au moment du dosage, 30 mL d'eau bipermutée, chauffée à 60°C, sont ajoutés. 
<!-- EPO <DP n="15"/>-->
 Le dosage est réalisé par l'utilisation de soude 0,1 N. Au cours du dosage, l'échantillon est maintenu sous agitation sur le potentiomètre et à une température comprise entre 50°C et 60°C au moyen d'une plaque chauffante. </p><p id="p0115" num="0115"> On obtient deux points équivalents correspondants à deux volumes VI et V2*. </p><p id="p0116" num="0116">On ajoute ensuite une solution d'acide chlorhydrioque 0,1 N jusqu'à obtenir un pH de 10,6. </p><p id="p0117" num="0117"> On ajoute enfin 15 mL de solution CaCl<sub>2</sub> à 10 %. </p><p id="p0118" num="0118"> On dose par la soude 0,1 N. On obtient le point équivalent correspondant au volume V3. </p><p id="p0119" num="0119">Les pourcentages en poids de monoesters phosphoriques, de diesters phosphoriques et d'acide phophorique dans le produit obtenu peuvent être déterminés au moyen des formules ci-dessous : </p><p id="p0120" num="0120"> (V2 </p><p id="p0121" num="0121"> % monoester = - V3 ) Mmono T </p><p id="p0122" num="0122"> 1000 pe </p><p id="p0123" num="0123">(V1 </p><p id="p0124" num="0124"> % diester = - V2 ) Mdi T </p><p id="p0125" num="0125"> 1000 pe </p><p id="p0126" num="0126">V3 Mh T </p><p id="p0127" num="0127"> % H<sub>3</sub>P0<sub>4</sub> = </p><p id="p0128" num="0128"> 1000 pe </p><p id="p0129" num="0129">Selon lesquelles : </p><p id="p0130" num="0130">T : titre de la solution de soude 0.1N </p><p id="p0131" num="0131"> VI et V3 : donnés par le dosage </p><p id="p0132" num="0132"> V2 = V2* (donné par le dosage) -V </p><p id="p0133" num="0133"> V : déterminé par dosage par la soude 0,1 N du mélange de solvant </p><p id="p0134" num="0134"> pe : prise d'essai en g </p><p id="p0135" num="0135"> Mmono : masse moléculaire du monoester </p><p id="p0136" num="0136"> Mdi : masse moléculaire du diester </p><p id="p0137" num="0137"> Mh : masse moléculaire de l'acide phosphorique (98 g/mol) </p><p id="p0138" num="0138">Les caractéristiques des agents d'hydrophobisation ainsi préparés sont données dans le tableau 1 ci-dessous : 
<!-- EPO <DP n="16"/>-->
</p><p id="p0139" num="0139"><img id="imgf000016_0001" he="59" wi="151" file="imgf000016_0001.tif" img-format="tif" img-content="drawing" orientation="portrait" inline="yes"/></p><p id="p0140" num="0140"> Ratio molaire mono : diester 1 : 4 1 : 4 1 : 2 1 : 2 </p><p id="p0141" num="0141"><img id="imgf000016_0002" he="62" wi="151" file="imgf000016_0002.tif" img-format="tif" img-content="table" orientation="portrait" inline="yes"/></p><p id="p0142" num="0142">Tableau 1 nd : non détectable </p><p id="p0143" num="0143"> Essai 1-2 : R représente le 2-butyloctanyl </p><p id="p0144" num="0144">Essai 1-5 : R représente le 2-octyldodecanyl </p><p id="p0145" num="0145">Essai 1-7 : R représente le 2-dodecylhexadecanyl </p><p id="p0146" num="0146">Essai 1-8 : R représente le 2-tetradecyloctadecanyl </p><p id="p0147" num="0147">Exemple 2 </p><p id="p0148" num="0148"> Cet exemple, hors invention, a pour objet d'illustrer la préparation des particules de CaCC"3 traitées en surface au moyen d'un agent d'hydrophobisation tel que décrit aux essais 1-1 et 1-2 de l'exemple 1 ci-dessus. 
<!-- EPO <DP n="17"/>-->
 Plus précisément, un mélangeur du type Guédu de type 4,5NO est préchauffé à 80°C. 1 000 g de CaC0<sub>3</sub> (Millicarb<sup>®</sup> Omya, &lt;¾o = 3 μιη) sont ajoutés au mélangeur. On met ensuite en contact, doucement et sous agitation, 11,4 g de l'agent d'hydrophobisation selon l'essai 1-1 (HI) ou selon l'essai 1-2 (INV) dans le mélangeur avec les particules de CaC0<sub>3</sub>. Si nécessaire, l'agent d'hydrophobisation est préalablement fondu à 70°C avant d'être ajouté dans le mélangeur. </p><p id="p0149" num="0149"> Le mélange est réalisé pendant 15 minutes sous agitation minimale. </p><p id="p0150" num="0150">On obtient des particules de CaC0<sub>3</sub> traitées en surface. </p><p id="p0151" num="0151">Exemple 3 </p><p id="p0152" num="0152">Cet exemple, hors invention, a pour objet d'illustrer la préparation de granulés de composition thermoplastique, à partir des particules de carbonate de calcium et en présence d'agents d'hydrophobisation selon les essais 1-1 à 1-8 de l'exemple 1 ci- dessus. </p><p id="p0153" num="0153">On introduit le mélange suivant dans le récipient préchauffé à 140°C d'un mélangeur Guédu de type 4,5NO : </p><p id="p0154" num="0154">- 875 g de particules de CaC0<sub>3</sub> (Millicarb<sup>®</sup> Omya, &lt;¾o = 3 μιη), </p><p id="p0155" num="0155"> - 10 g d'agent d'hydrophobisation selon les essais 1-1 à 1-8 et </p><p id="p0156" num="0156"> - 115 g d'une résine polymérique constituée à 49,5% en poids de Vestoplast™ 508 (HULS), 49,5 % en poids de Vestoplast™ 408 (HULS), de 0,5 % en poids de Irganox™ (agent de stabilisation thermique Ciba) et 0,5 % en poids de Tinuvin. </p><p id="p0157" num="0157">Le mélange est réalisé à une température de 140°C et à vitesse maximale (réglage de la vitesse sur la position H, échelle allant de A à H avec H maximum). Le mélange est maintenu pendant 18 minutes. </p><p id="p0158" num="0158">Dans un second temps, le mélange, réglé sur une vitesse réduite (position A), est maintenu pendant 2 minutes. </p><p id="p0159" num="0159">Le temps total de malaxage est de 20 minutes. </p><p id="p0160" num="0160">La pâte ainsi obtenue est étalée à chaud sur une plaque. 
<!-- EPO <DP n="18"/>-->
 Elle est ensuite mise sous forme de granulés (ou agrégats ou pellets) au moyen d'un couteau puis mise au repos pendant 15 heures avant mesure du MFI. </p><p id="p0161" num="0161">L'indice de fluidité (ou Melt Flow Index) des granulés de composition thermoplastique est mesuré selon la norme ASTM D 1238 par introduction de granulés dans le siphon d'un plastomètre de marque ZWICK de type 4105. Il correspond à la quantité de composition thermoplastique sous forme de granulés, exprimé en grammes pour 10 minutes, qui s'écoule à la température de 150°C (comprise dans l'intervalle limité par les températures de ramollissement et de transformation) sous une charge donnée normalisée (5 kg en l'espèce) au travers d'une filière de diamètre déterminé (environ 2,1 mm) pendant 10 minutes. </p><p id="p0162" num="0162"><img id="imgf000018_0001" he="39" wi="153" file="imgf000018_0001.tif" img-format="tif" img-content="table" orientation="portrait" inline="yes"/></p><p id="p0163" num="0163"><img id="imgf000018_0002" he="39" wi="153" file="imgf000018_0002.tif" img-format="tif" img-content="table" orientation="portrait" inline="no"/></p><p id="p0164" num="0164">Tableau 2 Exemple 4 </p><p id="p0165" num="0165">Cet exemple, hors invention, a pour objet d'illustrer la préparation de granulés de composition thermoplastique, à partir des particules de carbonate de calcium traitées en surface au moyen d'un agent d'hydrophobisation telles qu'obtenues selon l'exemple 2. </p><p id="p0166" num="0166">On introduit le mélange suivant dans le récipient préchauffé à 140°C d'un malaxeur de type Guédu de type 4,5NO : 
<!-- EPO <DP n="19"/>-->
 - 885 g de particules de CaC0<sub>3</sub> (Millicarb Omya, dso = 3 μηι) traitées en surface selon l'exemple 2 et </p><p id="p0167" num="0167">- 115 g d'une résine polymérique constituée à 49,5 % en poids de Vestoplast 508 (HULS), 49,5 % en poids de Vestoplast™ 408 (HULS), de 0,5 % en poids de Irganox™ (agent de stabilisation thermique Ciba) et 0,5 % en poids de Tinuvin. </p><p id="p0168" num="0168">Le MFI est ici mesuré sous 5 kg à 150°C. </p><p id="p0169" num="0169"><img id="imgf000019_0001" he="39" wi="153" file="imgf000019_0001.tif" img-format="tif" img-content="table" orientation="portrait" inline="yes"/>
 Tableau 3 </p><p id="p0170" num="0170">Exemple 5 </p><p id="p0171" num="0171">Cet exemple a pour objet d'illustrer la préparation selon l'invention de particules de dioxyde de titane traitées en surface au moyen d'un agent d' hydrophobisation, tel que décrit aux essais 1-6 et 1-7 de l'exemple 1 ci-dessus. </p><p id="p0172" num="0172">Plus précisément, un mélangeur du type Vorwerk est préchauffé à 100°C. 500 g de Ti0<sub>2</sub> (Kronos® 2220) sont ajoutés au mélangeur. On met ensuite en contact, doucement et sous agitation, 7,14 g de l'agent d' hydrophobisation selon l'essai 1-6 (HI) ou selon l'essai 1-7 (INV) dans le mélangeur avec les particules de Ti0<sub>2</sub>. Si nécessaire, l'agent d'hydrophobisation est préalablement fondu à 70°C avant d'être ajouté dans le mélangeur. Le mélange est réalisé pendant 15 minutes sous agitation minimale. On obtient des particules de Ti0<sub>2</sub> traitées en surface. 
<!-- EPO <DP n="20"/>-->
 Exemple 6 </p><p id="p0173" num="0173">Cet exemple a pour objet d'illustrer la préparation selon l'invention de granulés de composition thermoplastique, à partir des particules de Ti0<sub>2</sub> traitées en surface au moyen d'un agent d'hydrophobisation telles qu'obtenues selon l'exemple 5. </p><p id="p0174" num="0174">On introduit le mélange suivant dans un malaxeur RMC Guittard préchauffé à 170°C : </p><p id="p0175" num="0175">- 284 g de particules de Ti0<sub>2</sub> traitées en surface selon l'exemple 5 et </p><p id="p0176" num="0176">- 116 g d'une résine polymérique constituée de 110,4 g de polyéthylène basse densité (Repsol), 3,2 g de stéarate de zinc et 2,4 g d'un antioxydant. </p><p id="p0177" num="0177">Le mélange est réalisé pendant 20 minutes à 160°C (sous agitation lente pendant 5 minutes puis sous agitation rapide pendant 15 minutes). </p><p id="p0178" num="0178">Le MFI est ici mesuré sous 5 kg à 190°C. </p><p id="p0179" num="0179"><img id="imgf000020_0001" he="39" wi="153" file="imgf000020_0001.tif" img-format="tif" img-content="table" orientation="portrait" inline="yes"/></p><p id="p0180" num="0180">Tableau 4 
</p></description><claims mxw-id="PCLM70078627" ref-ucid="WO-2014128398-A1" lang="FR" load-source="patent-office"><claim-statement><!-- EPO <DP n="21"/>-->REVENDICATIONS </claim-statement><claim id="clm-0001" num="1"><claim-text>1. Procédé de préparation de particules de matière minérale traitées en surface, comprenant les étapes consistant à : a) on dispose d'un agent d'hydrophobisation de particules de matière minérale, comprenant un mélange des composés de formule (I) et (II) suivants : </claim-text><claim-text>0 o </claim-text><claim-text> i l <sup>1 1</sup> </claim-text><claim-text> XO-P-QR XO-P -0R </claim-text><claim-text> 1 <sup>1</sup> </claim-text><claim-text> QX <sup>GR</sup> </claim-text><claim-text> (I) (II) </claim-text><claim-text>dans lesquelles : </claim-text><claim-text>R représente C<sub>n</sub>H<sub>2n+1</sub> où n représente un nombre entier qui varie entre 6 et 40, le groupe C<sub>n</sub>H<sub>2n+1</sub> étant ramifié, éventuellement cyclique, non aromatique, </claim-text><claim-text> X représente H ou M, et </claim-text><claim-text> M représente un cation monovalent, divalent ou trivalent ; b) on dispose de particules de matière minérale choisies dans le groupe consistant en le talc, le dioxyde de titane, le gypse, le mica, l'alumine, le kaolin, la magnésie, la chaux et un mélange d'au moins deux de ces matières minérales, et c) on met en contact les particules de matière minérale de l'étape b) avec l'agent d'hydrophobisation de l'étape a). </claim-text></claim><claim id="clm-0002" num="2"><claim-text>2. Procédé selon la revendication 1, selon lequel l'agent d'hydrophobisation est tel que le ratio molaire entre le composé de formule (I) et le composé de formule (II) varie entre 1: 100 et 10: 1. </claim-text></claim><claim id="clm-0003" num="3"><claim-text>3. Procédé selon la revendication 1 ou 2, selon lequel l'agent d'hydrophobisation est tel que le nombre n du groupement R dans les formules (I) et (II) varie entre 12 et 32. 
<!-- EPO <DP n="22"/>-->
</claim-text></claim><claim id="clm-0004" num="4"><claim-text>4. Procédé selon l'une quelconque des revendications précédentes, selon lequel l'agent d'hydrophobisation est tel que R est choisi dans le groupe consistant en le 2- butyloctanyl, le 2-hexyldecanyl, le 2-octyldodecanyl, le 2-decyltetradecanyl, le 2- dodecylhexadecanyl et le 2-tetradecyloctadecanyl. </claim-text></claim><claim id="clm-0005" num="5"><claim-text>5. Procédé selon l'une quelconque des revendications précédentes, selon lequel l'agent d'hydrophobisation est tel qu'il comprend en outre un composé de formule (III) : </claim-text><claim-text> O I I</claim-text><claim-text>XO- P- OX </claim-text><claim-text> ox </claim-text><claim-text> (III) </claim-text></claim><claim id="clm-0006" num="6"><claim-text>6. Procédé selon l'une quelconque des revendications précédentes, selon lequel l'agent d'hydrophobisation est tel qu'il ne comprend pas de composé de formule (IV) suivant : </claim-text><claim-text> O</claim-text><claim-text>II</claim-text><claim-text>RO-P-OR </claim-text><claim-text> OR </claim-text><claim-text> (IV) </claim-text></claim><claim id="clm-0007" num="7"><claim-text>7. Particules de matière minérale traitées en surface obtenues par le procédé de l'une des revendication 1-6, lesdites particules de matière minérale étant choisies dans le groupe consistant en le talc, le dioxyde de titane, le gypse, le mica, l'alumine, le kaolin, la magnésie, la chaux et un mélange d'au moins deux de ces matières minérales. </claim-text></claim><claim id="clm-0008" num="8"><claim-text>8. Utilisation d'un agent d'hydrophobisation de particules de matière minérale, comprenant un mélange des composés de formule (I) et (II) suivants : </claim-text><claim-text>G o </claim-text><claim-text> il </claim-text><claim-text> XO-F -O XO-P -OR </claim-text><claim-text> ! i </claim-text><claim-text> OX OR (I) (Π) </claim-text><claim-text>dans lesquelles 
<!-- EPO <DP n="23"/>-->
 R représente C<sub>n</sub>H<sub>2n+</sub>i où n représente un nombre entier qui varie entre 6 et 40, le groupe C<sub>n</sub>H<sub>2n+</sub>i étant ramifié, éventuellement cyclique, non aromatique, </claim-text><claim-text> X représente H ou M, et </claim-text><claim-text> M représente un cation monovalent, divalent ou trivalent, </claim-text><claim-text>pour traiter en surface des particules de matière minérale. </claim-text></claim><claim id="clm-0009" num="9"><claim-text>9. Utilisation selon la revendication 8, selon laquelle l'agent d'hydrophobisation est tel que le nombre n du groupement R dans les formules (I) et (II) varie entre 12 et 32. </claim-text></claim><claim id="clm-0010" num="10"><claim-text>10. Utilisation selon l'une quelconque des revendications 8-9, selon laquelle l'agent d'hydrophobisation est tel que R est choisi dans le groupe consistant en le 2- butyloctanyl, le 2-hexyldecanyl, le 2-octyldodecanyl, le 2-decyltetradecanyl, le 2- dodecylhexadecanyl et le 2-tetradecyloctadecanyl. 
</claim-text></claim></claims><copyright>User acknowledges that Fairview Research LLC and its third party providers retain all right, title and interest in and to this xml under applicable copyright laws.  User acquires no ownership rights to this xml including but not limited to its format.  User hereby accepts the terms and conditions of the Licence Agreement</copyright></patent-document>
