<?xml version="1.0" encoding="UTF-8"?>
<patent-document ucid="EP-2680955-A1" country="EP" doc-number="2680955" kind="A1" date="20140108" family-id="46757301" file-reference-id="285200" date-produced="20180825" status="corrected" lang="EN"><bibliographic-data><publication-reference fvid="146587333" ucid="EP-2680955-A1"><document-id><country>EP</country><doc-number>2680955</doc-number><kind>A1</kind><date>20140108</date><lang>EN</lang></document-id></publication-reference><application-reference ucid="EP-12752470-A" is-representative="NO"><document-id mxw-id="PAPP154849525" load-source="docdb" format="epo"><country>EP</country><doc-number>12752470</doc-number><kind>A</kind><date>20120302</date><lang>EN</lang></document-id><document-id mxw-id="PAPP173226929" load-source="docdb" format="original"><country>EP</country><doc-number>12752470.0</doc-number><date>20120302</date></document-id></application-reference><priority-claims><priority-claim mxw-id="PPC140555131" ucid="AU-2011900759-A" load-source="docdb"><document-id format="epo"><country>AU</country><doc-number>2011900759</doc-number><kind>A</kind><date>20110303</date></document-id></priority-claim><priority-claim mxw-id="PPC140547175" ucid="AU-2012000215-W" linkage-type="W" load-source="docdb"><document-id format="epo"><country>AU</country><doc-number>2012000215</doc-number><kind>W</kind><date>20120302</date></document-id></priority-claim></priority-claims><technical-data><classifications-ipcr><classification-ipcr mxw-id="PCL-2122370446" load-source="docdb">F28B   1/00        20060101ALI20141223BHEP        </classification-ipcr><classification-ipcr mxw-id="PCL-2122372172" load-source="docdb">F28D  21/00        20060101ALI20141223BHEP        </classification-ipcr><classification-ipcr mxw-id="PCL-2122374471" load-source="docdb">C02F   1/44        20060101ALI20141223BHEP        </classification-ipcr><classification-ipcr mxw-id="PCL-2122375602" load-source="docdb">B01D  63/00        20060101ALI20141223BHEP        </classification-ipcr><classification-ipcr mxw-id="PCL-2122377066" load-source="docdb">B01D  61/36        20060101AFI20141223BHEP        </classification-ipcr></classifications-ipcr><classifications-cpc><classification-cpc mxw-id="PCL-1937869372" load-source="docdb" scheme="CPC">Y02W  10/37        20150501 LA20160517BHEP        </classification-cpc><classification-cpc mxw-id="PCL-1937869666" load-source="docdb" scheme="CPC">B01D2311/103       20130101 LA20160517BHEP        </classification-cpc><classification-cpc mxw-id="PCL-1937869775" load-source="docdb" scheme="CPC">C02F   1/02        20130101 LI20160517BHEP        </classification-cpc><classification-cpc mxw-id="PCL-1937872464" load-source="docdb" scheme="CPC">F28D  21/0015      20130101 LI20160517BHEP        </classification-cpc><classification-cpc mxw-id="PCL-1937873144" load-source="docdb" scheme="CPC">B01D  61/368       20130101 LI20160517BHEP        </classification-cpc><classification-cpc mxw-id="PCL-2077488491" load-source="docdb" scheme="CPC">C02F   1/447       20130101 LI20150406BHEP        </classification-cpc><classification-cpc mxw-id="PCL-2077491330" load-source="docdb" scheme="CPC">B01D  61/364       20130101 FI20150406BHEP        </classification-cpc><classification-cpc mxw-id="PCL-2077498311" load-source="docdb" scheme="CPC">B01D2313/38        20130101 LA20150406BHEP        </classification-cpc></classifications-cpc><invention-title mxw-id="PT132366632" lang="DE" load-source="patent-office">WÄRMETAUSCHSYSTEM</invention-title><invention-title mxw-id="PT132366633" lang="EN" load-source="patent-office">A HEAT EXCHANGE SYSTEM</invention-title><invention-title mxw-id="PT132366634" lang="FR" load-source="patent-office">SYSTÈME D'ÉCHANGE DE CHALEUR</invention-title></technical-data><parties><applicants><applicant mxw-id="PPAR919524456" load-source="docdb" sequence="1" format="epo"><addressbook><last-name>VICTORIA UNIVERSITY</last-name><address><country>AU</country></address></addressbook></applicant><applicant mxw-id="PPAR919528787" load-source="docdb" sequence="1" format="intermediate"><addressbook><last-name>VICTORIA UNIVERSITY</last-name></addressbook></applicant><applicant mxw-id="PPAR919006577" load-source="patent-office" sequence="1" format="original"><addressbook><last-name>Victoria University</last-name><iid>101336188</iid><address><street>St Albans Campus PO Box 14428</street><city>Melbourne, Victoria 8001</city><country>AU</country></address></addressbook></applicant></applicants><inventors><inventor mxw-id="PPAR919542819" load-source="docdb" sequence="1" format="epo"><addressbook><last-name>DUKE MIKEL COLIN</last-name><address><country>AU</country></address></addressbook></inventor><inventor mxw-id="PPAR919539345" load-source="docdb" sequence="1" format="intermediate"><addressbook><last-name>DUKE, Mikel, Colin</last-name></addressbook></inventor><inventor mxw-id="PPAR919011535" load-source="patent-office" sequence="1" format="original"><addressbook><last-name>DUKE, Mikel, Colin</last-name><address><street>108 Farm Street</street><city>Newport, Victoria 3015</city><country>AU</country></address></addressbook></inventor><inventor mxw-id="PPAR919544076" load-source="docdb" sequence="2" format="epo"><addressbook><last-name>HAUSMANN ANGELA</last-name><address><country>DE</country></address></addressbook></inventor><inventor mxw-id="PPAR919532197" load-source="docdb" sequence="2" format="intermediate"><addressbook><last-name>HAUSMANN, Angela</last-name></addressbook></inventor><inventor mxw-id="PPAR919019515" load-source="patent-office" sequence="2" format="original"><addressbook><last-name>HAUSMANN, Angela</last-name><address><street>Rönskenstr. 40</street><city>46562 Voerde</city><country>DE</country></address></addressbook></inventor></inventors><agents><agent mxw-id="PPAR919014939" load-source="patent-office" sequence="1" format="original"><addressbook><last-name>Tischner, Oliver</last-name><iid>101296153</iid><address><street>Lavoix Munich Bayerstrasse 83</street><city>80335 München</city><country>DE</country></address></addressbook></agent></agents></parties><international-convention-data><pct-or-regional-filing-data ucid="AU-2012000215-W"><document-id><country>AU</country><doc-number>2012000215</doc-number><kind>W</kind><date>20120302</date><lang>EN</lang></document-id></pct-or-regional-filing-data><pct-or-regional-publishing-data ucid="WO-2012116409-A1"><document-id><country>WO</country><doc-number>2012116409</doc-number><kind>A1</kind><date>20120907</date><lang>EN</lang></document-id></pct-or-regional-publishing-data><designated-states><ep-contracting-states><country mxw-id="DS549785963" load-source="docdb">AL</country><country mxw-id="DS549772104" load-source="docdb">AT</country><country mxw-id="DS549785964" load-source="docdb">BE</country><country mxw-id="DS549854547" load-source="docdb">BG</country><country mxw-id="DS549871181" load-source="docdb">CH</country><country mxw-id="DS549771759" load-source="docdb">CY</country><country mxw-id="DS549772109" load-source="docdb">CZ</country><country mxw-id="DS549919143" load-source="docdb">DE</country><country mxw-id="DS549785973" load-source="docdb">DK</country><country mxw-id="DS549771760" load-source="docdb">EE</country><country mxw-id="DS549856367" load-source="docdb">ES</country><country mxw-id="DS549854548" load-source="docdb">FI</country><country mxw-id="DS549854549" load-source="docdb">FR</country><country mxw-id="DS549785974" load-source="docdb">GB</country><country mxw-id="DS549785975" load-source="docdb">GR</country><country mxw-id="DS549785976" load-source="docdb">HR</country><country mxw-id="DS549772110" load-source="docdb">HU</country><country mxw-id="DS549871186" load-source="docdb">IE</country><country mxw-id="DS549785989" load-source="docdb">IS</country><country mxw-id="DS549854554" load-source="docdb">IT</country><country mxw-id="DS549771773" load-source="docdb">LI</country><country mxw-id="DS549919144" load-source="docdb">LT</country><country mxw-id="DS549772111" load-source="docdb">LU</country><country mxw-id="DS549919145" load-source="docdb">LV</country><country mxw-id="DS549919146" load-source="docdb">MC</country><country mxw-id="DS549855841" load-source="docdb">MK</country><country mxw-id="DS549855846" load-source="docdb">MT</country><country mxw-id="DS549856368" load-source="docdb">NL</country><country mxw-id="DS549854555" load-source="docdb">NO</country><country mxw-id="DS549856369" load-source="docdb">PL</country><country mxw-id="DS549854556" load-source="docdb">PT</country><country mxw-id="DS549856374" load-source="docdb">RO</country><country mxw-id="DS549871187" load-source="docdb">RS</country><country mxw-id="DS549856375" load-source="docdb">SE</country><country mxw-id="DS549871188" load-source="docdb">SI</country><country mxw-id="DS549855847" load-source="docdb">SK</country><country mxw-id="DS549855848" load-source="docdb">SM</country><country mxw-id="DS549771774" load-source="docdb">TR</country></ep-contracting-states></designated-states></international-convention-data><office-specific-data><eptags><ep-no-a-document-published>*</ep-no-a-document-published></eptags></office-specific-data></bibliographic-data><abstract mxw-id="PA99838453" ref-ucid="WO-2012116409-A1" lang="EN" load-source="patent-office"><p num="0000">A heat exchanger (10) including a hot process stream (14) fluidly connected to an industrial process, a cold process stream (16) fluidly connected to an industrial process, and a membrane distillation system (18). The membrane distillation system (18) includes a vapourising stream (12) comprising a mixture of components, a condensing stream (20), and a membrane (30) located between the vapourising stream (12) and the condensing stream (20). The vapourising stream (12) and condensing stream (20) are in fluid communication through the membrane (30). The membrane (30) facilitates transfer of at least one volatised component of the vapourising stream (12) into the condensing stream (20). The membrane distillation system (18) also includes a first heat transfer area (24) between the hot process stream (14) and the vapourising stream (12). In use, the first heat transfer area (24) facilitates the transfer of a quantity of heat energy from the hot process stream (14) to the vapourising stream (12) to heat the vapourising stream (12). Additionally, the membrane distillation system (18) includes a second heat transfer area (26) between the condensing stream (20) and the cold process stream (16). In use, the second heat transfer area (26) facilitates transfer of a quantity of heat energy from the condensing stream (20) to the cold process stream (16).</p></abstract><abstract mxw-id="PA100334038" ref-ucid="WO-2012116409-A1" lang="EN" source="national office" load-source="docdb"><p>A heat exchanger (10) including a hot process stream (14) fluidly connected to an industrial process, a cold process stream (16) fluidly connected to an industrial process, and a membrane distillation system (18). The membrane distillation system (18) includes a vapourising stream (12) comprising a mixture of components, a condensing stream (20), and a membrane (30) located between the vapourising stream (12) and the condensing stream (20). The vapourising stream (12) and condensing stream (20) are in fluid communication through the membrane (30). The membrane (30) facilitates transfer of at least one volatised component of the vapourising stream (12) into the condensing stream (20). The membrane distillation system (18) also includes a first heat transfer area (24) between the hot process stream (14) and the vapourising stream (12). In use, the first heat transfer area (24) facilitates the transfer of a quantity of heat energy from the hot process stream (14) to the vapourising stream (12) to heat the vapourising stream (12). Additionally, the membrane distillation system (18) includes a second heat transfer area (26) between the condensing stream (20) and the cold process stream (16). In use, the second heat transfer area (26) facilitates transfer of a quantity of heat energy from the condensing stream (20) to the cold process stream (16).</p></abstract><abstract mxw-id="PA99838454" ref-ucid="WO-2012116409-A1" lang="FR" load-source="patent-office"><p num="0000">L'invention porte sur un échangeur de chaleur (10) comprenant un flux de processus chaud (14) relié fluidiquement à un processus industriel, un flux de processus froid (16) relié fluidiquement à un processus industriel, et un système de distillation à membrane (18). Le système de distillation à membrane (18) comprend un flux de vaporisation (12) comprenant un mélange de composants, un flux de condensation (20) et une membrane (30) placée entre le flux de vaporisation (12) et le flux de condensation (20). Le flux de vaporisation (12) et le flux de condensation (20) sont en communication fluidique à travers la membrane (30). La membrane (30) facilite le transfert d'au moins un composant volatilisé du flux de vaporisation (12) dans le flux de condensation (20). Le système de distillation à membrane (18) comprend en outre une première zone de transfert de chaleur (24) entre le flux de processus chaud (14) et le flux de vaporisation (12). En utilisation, la première zone de transfert de chaleur (24) facilite le transfert d'une quantité d'énergie thermique du flux de processus chaud (14) au flux de vaporisation (12) pour chauffer le flux de vaporisation (12). En supplément, le système de distillation à membrane (18) comprend une deuxième zone de transfert de chaleur (26) entre le flux de condensation (20) et le flux de processus froid (16). En utilisation, la deuxième zone de transfert de chaleur (26) facilite le transfert d'une quantité d'énergie thermique du flux de condensation (20) au flux de processus froid (16).</p></abstract><abstract mxw-id="PA100334039" ref-ucid="WO-2012116409-A1" lang="FR" source="national office" load-source="docdb"><p>L'invention porte sur un échangeur de chaleur (10) comprenant un flux de processus chaud (14) relié fluidiquement à un processus industriel, un flux de processus froid (16) relié fluidiquement à un processus industriel, et un système de distillation à membrane (18). Le système de distillation à membrane (18) comprend un flux de vaporisation (12) comprenant un mélange de composants, un flux de condensation (20) et une membrane (30) placée entre le flux de vaporisation (12) et le flux de condensation (20). Le flux de vaporisation (12) et le flux de condensation (20) sont en communication fluidique à travers la membrane (30). La membrane (30) facilite le transfert d'au moins un composant volatilisé du flux de vaporisation (12) dans le flux de condensation (20). Le système de distillation à membrane (18) comprend en outre une première zone de transfert de chaleur (24) entre le flux de processus chaud (14) et le flux de vaporisation (12). En utilisation, la première zone de transfert de chaleur (24) facilite le transfert d'une quantité d'énergie thermique du flux de processus chaud (14) au flux de vaporisation (12) pour chauffer le flux de vaporisation (12). En supplément, le système de distillation à membrane (18) comprend une deuxième zone de transfert de chaleur (26) entre le flux de condensation (20) et le flux de processus froid (16). En utilisation, la deuxième zone de transfert de chaleur (26) facilite le transfert d'une quantité d'énergie thermique du flux de condensation (20) au flux de processus froid (16).</p></abstract><description mxw-id="PDES51233863" ref-ucid="WO-2012116409-A1" lang="EN" load-source="patent-office"><!-- EPO <DP n="2"/>--><p id="p0001" num="0001"> A HEAT EXCHANGE SYSTEM </p><p id="p0002" num="0002">Field of the Invention </p><p id="p0003" num="0003">[0001 ] The present invention generally relates to a heat exchange system, and more particularly a membrane distillation heat exchanger system and apparatus. The invention is particularly applicable for use in water treatment applications and it will be convenient to hereinafter disclose the invention in relation to that exemplary application. However, it is to be appreciated that the invention is not limited to that application and could be used in any process system, process train or plant that include both heat exchange and fluid treatment process steps. </p><p id="p0004" num="0004">Background of the Invention </p><p id="p0005" num="0005">[0002] The following discussion of the background to the invention is intended to facilitate an understanding of the invention. However, it should be appreciated that the discussion is not an acknowledgement or admission that any of the material referred to was published, known or part of the common general knowledge as at the priority date of the application. </p><p id="p0006" num="0006">[0003] Heat exchange technology is a ubiquitous part of many chemical and industrial processes. Process streams generally need heat adjustment to meet requirements for a unit process, transport, discharge or the like. Utilisation of the different temperatures of process streams within industrial processes using, for example pinch analysis methodology, can assist in minimising energy consumption of chemical processes. In many cases, excess heat from one or more process streams can be transferred to a cooler process stream through a heat exchanger. </p><p id="p0007" num="0007">[0004] Purified process water and/or other liquids can also be required in a large number of chemical and industrial processes. Purified water can be produced using a number of unit operations, such as distillation, osmosis, membrane 
<!-- EPO <DP n="3"/>-->
 filtration or the like. All these processes require a significant amount of energy to operate. </p><p id="p0008" num="0008">[0005] One process that can be used to produce purified process water is membrane distillation. Membrane distillation is a separation method in which a porous membrane is used to separate a vapour phase from a hot vapourising liquid feed (or retentant) on one side of the membrane and feed that vapour to a cold condensing, permeate fluid, or in some cases a cold surface, on the other side. A vapour pressure temperature difference is established across the membranes sides to create a vapour pressure difference between the membrane sides which is the driving force for the diffusion. Temperature difference across the membrane can conveniently create the vapour pressure difference, but vapour can also be drawn away from the membrane by other means. Separation is achieved utilising the relative volatility of various components in the vapourising fluid enabling vapour from components in the vapourising fluid of higher volatility to passes through the membrane pores by a convective or diffusive mechanism. In the case of membranes with smaller pores, the membrane can also act selectively by molecular sieving and/or adsorption based separation. This is more commonly referred to as pervaporation. In any case, the vapour penetrates through the porous membrane, and condenses in the cooler fluid or surface on the condensing permeate side or in an externally mounted condenser unit. The condensed vapour is therefore removed from the retentant and thus is beneficial in its effect to separate the vapour from the retentant. An example of such benefit is the desalination of salty water. </p><p id="p0009" num="0009">[0006] There are four broad types of membrane distillation systems: </p><p id="p0010" num="0010"> 1 . Direct contact membrane distillation (DCMD), where both the warm, vaporising vapourising stream and the cold condensing stream (distillate stream) are in direct contact with the membrane. </p><p id="p0011" num="0011"> 2. Air gap membrane distillation (AGMD), where a condenser surface contacting the condensing stream is separated from the membrane by an air gap. 
<!-- EPO <DP n="4"/>-->
 3. Sweeping gas membrane distillation (SGMD), where the vaporised portion of the vapourising stream is removed in vapour form by an inert gas.</p><p id="p0012" num="0012">4. Vacuum membrane distillation (VMD), where the vaporised portion of the vapourising stream is removed in vapour form by vacuum. </p><p id="p0013" num="0013">[0007] Each of these membrane distillation systems require an external heat source and sink to heat the vapourising fluid and cool the condensing fluid. The vapourising fluid is typically heated using waste or fuel derived (combustion) sources. The condensing fluid is typically cooled using a cooling vent, such as a convective air cooler. </p><p id="p0014" num="0014">[0008] Energy optimisation of membrane distillation systems have generally concentrated on the use of cheap or waste heat sources, for example solar and waste process heat, to heat and vapourise the liquid feed of these systems. </p><p id="p0015" num="0015">[0009] For example, Japanese patent publication JP6205761 1 A describes an air gap membrane distillation system for desalinating seawater using diesel engine waste heat from a cooling fluid of that engine. This desalination system comprises two non-permeable condensing heat-transfer plates provided on the outside of two permeable membranes, forming a liquid condensate passage therebetween, and two non-permeable heating heat-transfer plates located between both permeable membranes, forming a heat source fluid passage therebetween. Furthermore, a raw liquid passage is formed between the heating heat-transfer plate and the permeable membrane. Cooling fluid from a diesel engine is passed through the heat source fluid passage as the heat source fluid. Seawater is fed into a cooling liquid passage to cool the heat- transfer plate and the resulting heated seawater is sent into the raw liquid passage for distillation through the membrane distillation system. Energy efficiency in this system is obtained by capturing lost heat from the membrane distillation process in the incoming seawater prior to being fed into to the membrane distillation membrane. </p><p id="p0016" num="0016">[0010] United States patent publication US2010/0072135A1 describes a membrane distillation in which a distillate is created by passing the heat of 
<!-- EPO <DP n="5"/>-->
 condensation (latent heat) towards a condenser surface which is contact with the feed stream of the membrane distillation system, enabling at least part of the latent heat to be transferred to that feed stream. Energy efficiency in this system is again obtained by capturing lost heat from the membrane distillation process in the incoming feed stream prior to being fed into to the membrane distillation membrane. </p><p id="p0017" num="0017">[001 1 ] Furthermore, the paper "Membrane distillation and applications for water purification in thermal cogeneration plants" by Alaa Kullab and Andrew Martin, Separation and Purification Technology 76 (201 1 ) 231 -237 ("Kullab and Martin"), describes a cogeneration type membrane distillation (MD) process which uses waste heat produced from a first industry process (district heating supply) to supply heat to an unrelated industrial process (municipal water, used as cooling water for the MD process). The test unit produces 1 to 2 m<sup>3</sup>/day of purified water. In this case, the MD unit is being utilised in a cogeneration configuration, where waste heat from a first industrial process is useful elsewhere in another industrial process. Internal process energy efficiency is therefore not achieved in each individual industrial process. </p><p id="p0018" num="0018">[0012] None of these prior membrane systems assist in heat optimisation of process streams within a proximate and related chemical process in that plant, and more particularly utilise internal heat recycling for an industrial process or plant. Energy optimisation of the systems focuses on energy efficiency of the membrane distillation process in isolation to the overall chemical process in which that membrane distillation system is a part of. </p><p id="p0019" num="0019">[0013] It would therefore be desirable to provide a membrane distillation system which can provide a more energy efficient means of heating and cooling the process streams of a co-located chemical or industrial process in an industrial plant, and more particularly heating and cooling the process streams utilising internal heat recycling for a plant. 
<!-- EPO <DP n="6"/>-->
 Summary of the Invention </p><p id="p0020" num="0020">[0014] A first aspect of the present invention provides a heat exchanger including a hot process stream fluidly connected to an industrial process, a cold process stream fluidly connected to an industrial process, and a membrane distillation system. The membrane distillation system includes a vapourising stream comprising a mixture of components, a condensing stream, and a membrane located between the vapourising stream and the condensing stream. The vapourising stream and condensing stream are in fluid communication through the membrane. The membrane facilitates transfer of at least one volatised component of the vapourising stream into the condensing stream. The membrane distillation system also includes a first heat transfer area between the hot process stream and the vapourising stream. In use, the first heat transfer area facilitates the transfer of a quantity of heat energy from the hot process stream to the vapourising stream to heat the vapourising stream. Additionally, the membrane distillation system includes a second heat transfer area between the condensing stream and the cold process stream. In use, the second heat transfer area facilitates transfer of a quantity of heat energy from the condensing stream to the cold process stream. </p><p id="p0021" num="0021">[0015] A second aspect of the present invention provides a membrane distillation apparatus that includes a vapourising stream comprising a mixture of components, a condensing stream, and a membrane located between the vapourising stream and the condensing stream. The vapourising stream and condensing stream are in fluid communication through the membrane. The membrane facilitates transfer of at least one volatised component of the vapourising stream into the condensing stream. The system also includes a hot process stream. A first heat transfer area is also provided between the hot process stream and the vapourising stream. In use, the first heat transfer area facilitates transfer of a quantity of heat energy from the hot process stream to the vapourising stream to heat the vapourising stream. The system also includes a cold process stream. The hot and cold process streams can be part of or fluidly linked to a co-located or generally proximate industrial process, and in some cases part of the same co-located or generally proximate industrial 
<!-- EPO <DP n="7"/>-->
 process. More preferably, the hot and cold process streams are internal process streams of an industrial process or plant which are utilised for internal heat recycling for in that process or plant. A second heat transfer area is provided between the condensing stream and the cold process stream. In use, the second heat transfer area facilitates transfer of a quantity of heat energy from the condensing stream to the cold process stream to produce a heated cold process stream. Furthermore, the hot process stream and cold process stream are fluidly separate to the vapourising stream and the condensing stream. </p><p id="p0022" num="0022">[0016] The present invention results from the realisation that membrane distillation processes can be coupled with heat exchange functionality to provide a duel energy saving benefit for a chemical/industrial process. The system and apparatus of the present invention form a heat exchanger which transfers energy from the hot process stream to the cold process stream of a co-located or generally proximate industrial process, and more preferably heating and cooling the hot and cold process streams utilising internal heat recycling for a plant. The system and apparatus also utilizes energy in hot process streams of a co-located or generally proximate industrial process to heat the vapourising fluid of a membrane distillation apparatus. The energy transferred between these streams can be significant compared to heat exhausted from the process (waste heat), which can become a substantial energy source for membrane distillation. </p><p id="p0023" num="0023">[0017] In a preferred embodiment, the system and apparatus utilizes energy in hot process streams of a single industrial plant or process to heat the vapourising fluid of a membrane distillation apparatus, preferably hot and cold process streams utilising internal heat recycling for a plant. In this respect, the process of the present application can be utilised in industrial plants and process in which cogeneration is not possible. The present invention can be installed between any process streams of different heat value, where it is apparent this heat is of value within the process as opposed to simply needing to get rid of it to a sink of little concern to the operation of the plant or process. The applicability of the present invention spans to many more industries than 
<!-- EPO <DP n="8"/>-->
 just simply 'thermal' plants, such as is for example is covered by the MD arrangement discussed in Kullab and Martin. </p><p id="p0024" num="0024">[0018] This is a different view to conventional energy efficiency considerations for membrane distillation which focuses on membrane distillation sourcing heat from waste sources or from combusted fuels reduce and in some forms substantially avoid the use of additional heat in the plant's overall operations and thus can reduce the overall energy burden in that process and plant. </p><p id="p0025" num="0025">[0019] The present invention also increases the benefit of internal fluid treatment within an industrial process. Process streams within a co-located or generally proximate industrial process can be treated using membrane distillation to improve their value in applications such as water reuse or product refinement. </p><p id="p0026" num="0026">[0020] It should be understood that hot process stream refers to a process stream that has a temperature differential relative to the vapourising stream and the condensing stream, where the hot process stream is at a higher temperature than the vapourising stream and the condensing stream. Similarly, the cold process stream refers to a process stream that has a temperature differential relative to the vapourising stream and the condensing stream, where the cold process stream is at a lower temperature than the vapourising stream and the condensing stream. In those embodiments that have a hot stream and a cold stream, it should be understood that the hot stream is at a higher temperature than the cold stream. The exact temperatures and temperature differential is dependent on the vaporisation temperature desirable for the vapourising stream and the condensation temperature of the condensing stream. It should be appreciated that a large number of temperature differentials are therefore possible within the scope of the present invention. </p><p id="p0027" num="0027">[0021 ] The system and apparatus of the present invention acts as a heat exchanger and heat a cold process stream using energy from the hot process stream. The membrane distillation apparatus harnesses work as it internally transfers energy from the hot process stream (heat source) to the cold process 
<!-- EPO <DP n="9"/>-->
 stream (heat sink). In use, a quantity of heat energy can be transferred from the hot process stream to the cold process stream to heat the cold process stream. This quantity of heat energy is preferably transferred through the first heat transfer area, through the membrane and through the second heat transfer area. It should be appreciated that the membrane transfers latent and sensible heat from the vapourising stream to the condensing stream. </p><p id="p0028" num="0028">[0022] This form of the membrane distillation system can be conceptually viewed as a heat exchanger which includes a membrane distillation apparatus in which the vapourising stream, the condensing stream and the membrane are located. The hot process stream and cold process stream form the two process flows flowing into the heat exchanger across which latent and sensible heat is transferred. </p><p id="p0029" num="0029">[0023] The present invention can incorporate any conventional Membrane Distillation apparatus or system including (but not limited to) Direct Contact Membrane Distillation (DCMD), Air Gap Membrane Distillation (AGMD), Sweep Gas Membrane Distillation (SGMD) or Vacuum Membrane Distillation (VMD). These systems all require a heat source and sink. </p><p id="p0030" num="0030">[0024] The membrane in the system and apparatus of the present invention acts as a physical barrier between the vapourising and condensing streams which only allows the transport of vapour from the heat vapourising stream to the cooled condensing stream. The membrane is preferably substantially hydrophobic, and more preferably nonwetting and microporous. Suitable membranes include ethylene chlorotrifluoroethylene (Halar), polytetrafluoroethylene (PTFE), polypropylene (PP), polyethylene (PE), or poly(vinylidene fluoride) (PVDF) based membranes. The membranes can have any suitable configuration including hollow fibre membranes, sheet, tubular, plate, mat types or the like. The system also extends to inorganic (including ceramic) membranes, as well as those inorganic and polymeric membranes with a selective ability (i.e. pervaporation membranes). 
<!-- EPO <DP n="10"/>-->
 [0025] The heat exchanger system and membrane distillation apparatus may also include a heat recovery system which facilitates transfer of a quantity of heat energy from the heated cold process stream to the vapourising stream. In some embodiments, the heat recovery system is a preheater which precedes the first heat transfer area. </p><p id="p0031" num="0031">[0026] The first heat transfer area and/or second heat transfer area may comprise a heat exchanger. Various heat exchangers are possible, including but not limited to a shell and tube heat exchanger, plate heat exchanger, adiabatic heat exchanger, plate heat exchanger, fin heat exchanger, pillow plate heat exchanger, fluid heat exchangers, waste heat recovery units, dynamic scraped surface heat exchanger, phase-change heat exchangers, direct contact heat exchangers, HVAC air coils, or spiral heat exchangers. In preferred forms, at least one or each of the first heat transfer area or second heat transfer area comprises a plate heat exchanger. </p><p id="p0032" num="0032">[0027] The first and second heat transfer areas may be housed in a separate process vessel or apparatus to a process vessel that includes the membrane. For example, the first and second heat transfer areas may be housed in a separate heat exchanger. In other embodiments, the first and second heat transfer area may be housed in the same process vessel or apparatus which includes the membrane. Preferably, the first heat transfer area is located generally proximate the membrane. Similarly, the second heat transfer area is preferably located generally proximate the membrane. Typically each of the first and second heat transfer areas would be co-located with the membrane in a process vessel. In these embodiments, heat is transferred between the hot process stream and the vapourising stream and/or between the condensing stream and the cold process stream substantially simultaneously when the vapourising stream and condensing stream contacts the membrane. </p><p id="p0033" num="0033">[0028] The heat exchanger system and membrane distillation apparatus of the present invention preferably utilises waste heat sources in a co-located or generally proximate process (as opposed to valuable sources) to heat the vapourising stream to drive separation of the components in the vapourising 
<!-- EPO <DP n="11"/>-->
 stream. For example, in one embodiment the hot process stream and/or cold process stream are process streams of a dairy processing plant. For example, the hot process stream may be a whey process stream. Furthermore, the vapourising stream may be a water stream, a waste water stream which is treated, and in some cases substantially purified, when the vaporised water component of that waste water stream passes through the membrane. In some embodiments, the vapourising stream may be a water or liquid stream which undergoes concentration through the vaporization of a component. </p><p id="p0034" num="0034">[0029] The hot process stream and cold process stream are preferably process streams which are respectively cooled and heated in the co-located or generally proximate process. The desired temperature of each of these streams would typically be utilised in a heat exchanger to obtain the desired temperature. The membrane system of the present invention could be used in this heat exchanger to provide additional fluid treatment benefits to process fluids, for example process water, in that process. Preferably, the hot process stream and cold process streams of the heat exchanger system are fluidly separate to the vapourising stream and the condensing stream. </p><p id="p0035" num="0035">[0030] The membrane distillation apparatus of the present invention is preferably constructed as a module. </p><p id="p0036" num="0036">Brief Description of the Drawings </p><p id="p0037" num="0037">[0031 ] The present invention will now be described with reference to the figures of the accompanying drawings, which illustrate particular preferred embodiments of the present invention, wherein: </p><p id="p0038" num="0038">[0032] Figure 1 is a broad schematic representation of a heat exchanger system according to one embodiment of the present invention. </p><p id="p0039" num="0039">[0033] Figure 2 is a process flow diagram illustrating a heat exchanger system according to one embodiment of the present invention which includes a Direct Contact Membrane Distillation system. 
<!-- EPO <DP n="12"/>-->
 [0034] Figure 3 shows the general configuration of a modified Direct Contact Membrane Distillation system including a direct heat exchange system according to one embodiment of the present invention. </p><p id="p0040" num="0040">[0035] Figure 4 shows a prototype membrane distillation heat exchanger (MDHX) constructed in accordance with one embodiment of the present invention. </p><p id="p0041" num="0041">[0036] Figure 5 provides experimental data from the prototype membrane distillation heat exchange system (MDHX) module shown in Figure 4 compared to experimental data from a conventional Membrane Distillation system. </p><p id="p0042" num="0042">[0037] Figure 6 shows a conventional (prior art) MD system in direct contact mode. </p><p id="p0043" num="0043">[0038] Figure 7 shows the general configuration of a membrane distillation heat exchange system according to one embodiment of the present invention in a process configuration to reduce pump electricity requirements </p><p id="p0044" num="0044">Detailed Description </p><p id="p0045" num="0045">[0039] Figures 1 to 3 illustrate a new process system 10, hereinafter referred to as a membrane distillation heat exchanger (MDHX) that operates as a heat exchanger in the process industry, and utilizes the exchange of heat to treat a separate process stream (vapourising stream 12 in Figures 1 to 3) to improve the value of that stream for other uses. For example, that stream 12 could be a process water stream which is purified for reuse or product development or could be a process stream which is purified or concentrated for reuse or product development. </p><p id="p0046" num="0046">[0040] As best shown in Figure 1 , the membrane distillation heat exchanger 10 includes a hot process stream 14 fluidly connected to an industrial process (not shown), a cold process stream 16 fluidly connected to an industrial process (not shown), preferably the same industrial process as the hot process stream 14, 
<!-- EPO <DP n="13"/>-->
 and a membrane distillation system 18. The membrane distillation system 18 includes a vapourising stream 12, in this case used process water, a condensing stream 20 that comprises purified water, a reject stream 22 that comprises concentrated contaminated water, and a membrane (not shown in Figure 1 , but component 30 in Figures 2 and 3) located between the vapourising stream 12, reject stream 22 and the condensing stream 20. The hot process stream 14 and cold process stream 16 are fluidly separate to the vapourising stream 12 and the condensing stream 20. </p><p id="p0047" num="0047">[0041 ] The vapourising stream 12, and reject stream 22 are located on one side of the membrane 30 and the condensing stream 20 is on the other side of the membrane. The vapourising stream 12 and condensing stream 20 are in fluid communication through the membrane 30. The membrane 30 facilitates transfer of volatised water of the vapourising stream 12 into the condensing stream 20, thereby purifying that water. The remaining water in the vapourising stream 12 which is not evaporated in the membrane distillation system 18 and transported through the membrane 30 exits the membrane distillation system 18 via the reject stream 22 a concentrated contaminated water product. </p><p id="p0048" num="0048">[0042] It should be appreciated that the membrane distillation heat exchanger 10 can also concentrating a vapourising stream 12, for example a product stream such as producing a protein-concentrate of high value. In this embodiment, the reject stream 22 would comprise the concentrated high value product. </p><p id="p0049" num="0049">[0043] The membrane distillation heat exchanger 10 also includes a first heat transfer area 24 between the hot process stream 14 and the vapourising stream 12. In use, the first heat transfer area 24 facilitates the transfer of a quantity of heat energy from the hot process stream 14 to the vapourising stream 12 to heat the vapourising stream 12 to a temperature in which the partial pressure of volatised water is sufficient in the vapourising stream 12 to pass through the membrane. The membrane distillation heat exchanger 10 also includes a second heat transfer area 26 between the condensing stream 20 and the cold process stream 16. In use, the second heat transfer area 26 facilitates transfer 
<!-- EPO <DP n="14"/>-->
 of a quantity of heat energy from the condensing stream 20 to the cold process stream 16. This cools the condensing stream 20, which is heated through latent and sensible heat transfer from the vapourising stream 12 through the membrane 30, and also heats the cold process stream 16. </p><p id="p0050" num="0050">[0044] The hot process stream 14 and cold process stream 16 preferably comprise process streams which are respectively cooled and heated in the co- located or generally proximate industrial process. In alternative embodiments (not illustrated), the cold process stream 16 could be replaced with a coolant stream or other heat sink without departing from the scope of the present invention. Nevertheless, it should be appreciated that optimal energy utilisation for an industrial process would be gained by using a cold process stream 16 from that industrial process. </p><p id="p0051" num="0051">[0045] The membrane 30 used in the membrane distillation system 18 is a nonwetting and microporous membrane. One or more membranes can be used to perform the separation function described above. Suitable membranes 30 include ethylene chlorotrifluoroethylene (Halar), polytetrafluoroethylene (PTFE), polypropylene (PP), polyethylene (PE), or poly(vinylidene fluoride) (PVDF) based membranes. The membrane or membranes 30 can have any suitable configuration including hollow fibre membranes, sheet, tubular, plate, mat types or the like. </p><p id="p0052" num="0052">[0046] The first heat transfer area 24 and second heat transfer area 26 are configured to transfer heat between the respective process streams 12, 14, 16, 20. In some embodiments, for example as shown in Figure 2, each of the first heat transfer area 24 and second heat transfer area 26 is a heat exchanger. Various heat exchangers are possible such as shell and tube heat exchangers, plate heat exchangers or the like. </p><p id="p0053" num="0053">[0047] Figure 2 shows one form of the membrane distillation heat exchanger 10A according to the present invention which includes a separate membrane distillation apparatus module 18 in which the vapourising stream 12, the condensing stream 20, reject stream 22 and the membrane 30 are housed. 
<!-- EPO <DP n="15"/>-->
 The hot process stream 14 (inlet), 14A (exit) and cold process stream 16 (exit), 16A (inlet) are linked to the vapourising stream 12 and condensing streams 20 of that module 18 through individual heat exchangers 24, 26. A feed stream 12A, such as water to be purified or the like, is feed into the system, and a treated water stream 20A is discharged. </p><p id="p0054" num="0054">[0048] This membrane distillation system 10A also includes a heat recovery system in the form of a preheater 32 (shown split into two components either side of the membrane module) which facilitates transfer of quantity of heat energy from the heated cold process stream 20 to the vapourising stream 12 via the heat path 36. </p><p id="p0055" num="0055">[0049] The heat exchanger 26 includes a heat sink which typically comprises the cool process stream which flows through the heat exchanger 26 (via inlet stream 16A and exits as a heated stream 16) but can in some embodiments include an additional heat sink source. </p><p id="p0056" num="0056">[0050] The membrane module 18 for the MDHX system 10A shown in Figure 2 can be any of the conventional membrane distillation modules currently available on the market. The present invention can incorporate any conventional membrane distillation apparatus or system including (but not limited to) Direct Contact Membrane Distillation (DCMD), Air Gap Membrane Distillation (AGMD), Sweep Gas Membrane Distillation (SGMD) or Vacuum Membrane Distillation (VMD). </p><p id="p0057" num="0057">[0051 ] Figure 3 shows a further embodiment of the membrane distillation system 10B according to the present invention in which the design of conventional membrane distillation system has been modified to increase the heat transfer efficiency of the membrane distillation heat exchanger 10B. Here, the first and second heat transfer areas 24 and 26 are proximate and parallel to the membrane 30 co-locating each of these heat transfer areas 24, 26 with the membrane in the module. Heat is transferred between the hot process stream 14 and the vapourising stream 12 and between the condensing stream 20 and the cold process stream 16 when the vapourising stream 12 and condensing 
<!-- EPO <DP n="16"/>-->
 stream 20 contacts the membrane 30. It should be appreciated that the various process streams may flow in counter current, co current or cross flow configuration to achieve this heat transfer. </p><p id="p0058" num="0058">[0052] While not wishing to be limited to any one theory, the Applicant considers that the performance of a membrane distillation process substantially depends on the distribution of heat over the surface area of the entire membrane. In the conventional membrane distillation module designs, heat is added to the vapourising stream prior to entering the module. The Membrane Distillation Effect (evaporation on the hot side, condensation on the cold side and sensible heat conduction) inside the module thus has declining temperature profile over the length of the membrane and a reduced efficiency. This is because the hot cycle temperature drops while passing along the membrane, likewise the cold side temperature increases. The result is a reduction in the driving force across the membrane. As shown in the membrane distillation system 10B illustrated in Figure 3, adding the heat directly to the vapourising stream 12 within the module 10B adjacent the membrane 30, and likewise removing heat from the condensing stream 20 within the module 10B adjacent the membrane 30 can reduce this problem in a way that temperature decline along the membrane in the vapourising stream 12 and condensing stream 20 is reduced or substantially eliminated, thereby increasing the membrane's total area driving force. </p><p id="p0059" num="0059">[0053] The membrane distillation system 10B in Figure 3 includes a DCMD configuration. It is to be understood that this modification would equally apply in AGMD configurations and may be incorporated into SGMD and VMD configurations. It should be appreciated that SGMD and VMD designs would need to accommodate a condensing unit needed for these systems. </p><p id="p0060" num="0060">Examples </p><p id="p0061" num="0061"> Example 1 - Dairy Process Integration </p><p id="p0062" num="0062"> [0054] In a dairy process, whey is routinely cooled from 45<sup>Q</sup>C to around 30<sup>Q</sup>C by a heat exchanger coupled to the incoming milk stream which heats this stream up from 6 <sup>Q</sup>C to about 27 <sup>Q</sup>C. In this example, the heat transferred is about 2300 kW. 
<!-- EPO <DP n="17"/>-->
 [0055] The heat transferred in this operation can be passed through a MDHX system according to the present invention. Assuming an energy demand of Membrane Distillation (MD) of 100 kWh per m<sup>3</sup> of water recovered, the dairy example transferring 2300 kW of heat translates to a water recovery capacity by a MDHX system according to the present invention of 23 m<sup>3</sup>/hour. In the same plant, this treatment capacity is enough to treat all the water required for cleaning in place procedures. Alternatively, this energy could also be used for concentration purposes instead of or additionally to water recovery. </p><p id="p0063" num="0063">Example 2 - Bench Scale Results </p><p id="p0064" num="0064"> [0056] A MDHX module prototype was constructed, and is illustrated in Figure 4. The hot heat exchange (HE) ports (Ηοΐ,<sub>η</sub> and Hot<sub>ou</sub>t) and feed membrane distillation (MD) ports (Feedin and Feed<sub>ou</sub>t) are indicated in Figure 4. It should be appreciated that the cold heat exchange and membrane distillation permeate ports are located on a side of the module that is not visible in Figure 4. There are a total of eight ports on this prototype MDHX. </p><p id="p0065" num="0065">[0057] An experiment was set up using the prototype MDHX shown in Figure 4. In the experiment, the prototype MDHX was operated as a normal membrane distillation module, without the use of the heat exchange section and heat exchange ports. The same conditions were then used running the prototype MDHX with the heat exchange section operating. The flow rate fed to the MD feed and permeate sides were varied for both a normal MD and the MDHX setup. </p><p id="p0066" num="0066">[0058] Figure 5 provides experimental data from a prototype MDHX module compared to conventional Membrane Distillation system. Performance expressed as single pass recovery linked to MD channel flow rates. </p><p id="p0067" num="0067">[0059] The effect to the flux, expressed in terms of single pass recovery (or the ratio of the permeate flow over the feed flow) is shown in Figure 5. HX channel conditions were kept at 55 <sup>°</sup>C on the hot side (Ηοΐ,<sub>η</sub> and Hot<sub>ou</sub>t), 5 <sup>°</sup>C into the cold side (Cold<sub>in</sub> and Cold<sub>ou</sub>t) and flow was kept at 800 ml/min (0.13 m/s linear velocity). Here, for this prototype MDHX, flow rates higher than 200 mL/min 
<!-- EPO <DP n="18"/>-->
 yield similar performance to the MD-only system, but as the flow rate decreases, there is a great increase in the single pass recovery (at least 7-fold measured experimentally) because lost temperature in the MD hot channel is topped up by the HX hot channel. Likewise, the heat is removed from the MD permeate side by the HX cold channel ensuring effective temperature drop (i.e. driving force) across the membrane at low feed flows. The advantage of increased single pass recovery translates to lower recirculation to achieve full recovery (i.e. reduced multiple passes) which leads to less pumping requirement, thus less electricity for the same amount of treated water. </p><p id="p0068" num="0068">[0060] Figure 5 also shows that the temperature conditions in the channels labelled on the MD channel insert diagrams. Under normal MD mode, the 45 °C Feedin stream drops to 39 °C (Feed<sub>ou</sub>t)- This drop is due to sensible heat transfer from conduction as well as latent heat transfer from membrane flux. This heat is transferred to the MD permeate stream causing it to rise to 33 °C from 10°C. There is an improvement by the MDHX system in the same temperature profiles where the MD feed stream now only drops to 39 °C, and likewise the MD permeate stream rises only to 24 °C. This is because of the HX hot and cold sides adding and removing heat from the MD feed and permeate sides respectively. Thus, for the same flow rate, there is a greater driving force across the membrane, leading to higher flux and thus higher single pass recovery. </p><p id="p0069" num="0069">Example 3 - Reduction in electrical energy required </p><p id="p0070" num="0070"> [0061 ] A conventional membrane distillation (MD) system shown in Figure 6 was operated as a comparison to a membrane distillation heat exchange (HXMD) system according to the present invention shown in Figure 7. </p><p id="p0071" num="0071">[0062] In operating the MD system shown in Figure 6, raw solution to be treated by MD enters at 'MD feed' 100, then enters a warm recirculation loop 102 pumped by pump 'P01 '. The solution in the cycle 102 is heated by heat exchanger ΉΧ01 ' where heat energy is added via ΟΕΧΤΗΧ<sub>,ΙΠ</sub> 104, in this case an external heat source, such as a heating coil. The solution then passes into the MD module 1 10 where some treated permeate is removed from the cycle 102 via the membrane 1 12 in a single pass after which it then exits the module 1 10. 
<!-- EPO <DP n="19"/>-->
 A portion of retentate is drawn from module exit stream 106 into a reject stream 108, while the remaining majority returns to the entrance of P01 via recycle stream 109. The permeate that was treated via the membrane is now in the cooler permeate loop 120 where it is drawn by pump P02 through exit stream 122, then flows to the heat exchanger HX02 which cools the loop according to heat removed ΟΕΧΤΗΧ,Ο<sub>ΙΙΙ</sub> 124. A portion of clean permeate is removed from stream 126, in discharge stream 128 which becomes product water, while the rest is returned to the module 1 10 via feed stream 129 to continue the permeate loop 120. </p><p id="p0072" num="0072">[0063] It is typically found that due to thermodynamic restrictions, a single pass in a normal MD module can take no more than -2% of the flow entering the module (Figure 6). This is highly unfavourable for a typical desalination process which aims to recover 50% to 90% (and more) of the water feed to the system. In order to achieve this via MD, the water must be recirculated by more than 30 times to achieve a practical recovery of feed water. This leads to sufficiently large pumps P01 and P02 which consume electricity thus defeating the potential for MD as a low-energy process. </p><p id="p0073" num="0073">[0064] The Applicant has found that a HXMD module according to the present invention can be set up to reduce pumping requirements, as shown in Figure 7. </p><p id="p0074" num="0074">[0065] This setup has the same general configuration as the MD system in Figure 6 with the inclusion of non-fluid connected heating feed source 130 and cooling feed source 132 connected directly to the HXMD module 1 1 OA. It should be noted that similar features in Figure 7 to the MD module in Figure 6 have been given the same reference numeral plus an "A" reference. The inclusion of non-fluid connected heating feed source 130 and cooling feed source 132 transfers the heating duty from HX01 A and HX02A to the external heating/cooling fluids. It is feasible that HX01 A and HX02A be removed completely. </p><p id="p0075" num="0075">[0066] Using the experimental data from Figure 5 where 14% single pass recovery was achieved, the results in Table 1 demonstrate that an 86% reduction in the electricity required for pumps P01 A and P02A for the HXMD 
<!-- EPO <DP n="20"/>-->
 system shown in Figure 7 can be achieved in comparison to a conventional MD system shown in Figure 6. The key assumption in this example is the use of an identical flux for both MD and HXMD to ensure the same overall process is compared. It was assumed that the pump works against the heat exchangers and module channels to a pressure drop of 20 kPa, which is typical in the Applicant's experience with MD modules. It was assumed both pumps circulate at the same rate. </p><p id="p0076" num="0076">Table 1 : input parameters and performance results of MD and HXMD systems 
<img id="imgf000020_0001" he="43" wi="139" file="imgf000020_0001.tif" img-format="tif" img-content="table" orientation="portrait" inline="no"/>
 </p><p id="p0077" num="0077">[0067] We see in Table 1 , that the specific electric requirement of MD is lower (0.67 kWh/m<sup>3</sup>), but still relatively high compared to state of the art desalination plants which use around 3 kWh of electricity for every cubic meter of fresh water produced (i.e. 3 kWh/m<sup>3</sup>). HXMD improves the conventional MD specific electric requirement to &lt;0.1 kWh/m<sup>3</sup>. This example alone demonstrates a viable means for HXMD to harness heat, for example from waste industry sources or in conventional process heat exchange, to produce a treated process water with minimal electricity requirement. A reduced electric requirement means, for example, less greenhouse gas emissions associated with the electricity production. </p><p id="p0078" num="0078">[0068] Those skilled in the art will appreciate that the invention described herein is susceptible to variations and modifications other than those specifically described. It is understood that the invention includes all such variations and modifications which fall within the spirit and scope of the present invention. </p><p id="p0079" num="0079">[0069] Where the terms "comprise", "comprises", "comprised" or "comprising" are used in this specification (including the claims) they are to be interpreted as specifying the presence of the stated features, integers, steps or components, 
<!-- EPO <DP n="21"/>-->
 but not precluding the presence of one or more other feature, integer, step, component or group thereof. 
</p></description><claims mxw-id="PCLM44853047" ref-ucid="WO-2012116409-A1" lang="EN" load-source="patent-office"><claim-statement><!-- EPO <DP n="22"/>-->Claims: </claim-statement><claim id="clm-0001" num="1"><claim-text>1 . A heat exchanger including: </claim-text><claim-text> a hot process stream fluidly connected to an industrial process; </claim-text><claim-text> a cold process stream fluidly connected to an industrial process; and a membrane distillation system including: </claim-text><claim-text> a vapourising stream comprising a mixture of components; </claim-text><claim-text> a condensing stream; </claim-text><claim-text> a membrane located between the vapourising stream and the condensing stream, the vapourising stream and condensing stream being in fluid communication through the membrane, the membrane facilitating transfer of at least one volatised component of the vapourising stream into the condensing stream; </claim-text><claim-text> a first heat transfer area between the hot process stream and the vapourising stream which, in use, facilitates the transfer of a quantity of heat energy from the hot process stream to the vapourising stream to heat the vapourising stream; and </claim-text><claim-text> a second heat transfer area between the condensing stream and the cold process stream which, in use, facilitates transfer of a quantity of heat energy from the condensing stream to the cold process stream. </claim-text></claim><claim id="clm-0002" num="2"><claim-text>2. A heat exchanger according to claim 1 , wherein in use, a quantity of heat energy is transferred from the hot process stream to the cold process stream to heat the cold process stream. </claim-text></claim><claim id="clm-0003" num="3"><claim-text>3. A heat exchanger according to claim 2, wherein said quantity of heat energy is transferred through the first heat transfer area, the membrane and the second heat transfer area. </claim-text></claim><claim id="clm-0004" num="4"><claim-text>4. A heat exchanger according to any preceding claim, wherein the hot process stream and cold process stream are fluidly separate to the vapourising stream and the condensing stream. <!-- EPO <DP n="23"/>--> </claim-text></claim><claim id="clm-0005" num="5"><claim-text>5. A heat exchanger according to any preceding claim, wherein the membrane distillation system includes at least one of a Direct Contact Membrane Distillation (DCMD), Air Gap Membrane Distillation (AGMD), Sweep Gas Membrane Distillation (SGMD) or Vacuum Membrane Distillation (VMD) system. </claim-text></claim><claim id="clm-0006" num="6"><claim-text>6. A heat exchanger according to any preceding claim, further including a heat recovery system which facilitates transfer of a quantity of heat energy from the heated cold process stream to the vapourising stream. </claim-text></claim><claim id="clm-0007" num="7"><claim-text>7. A heat exchanger according to claim 6, wherein the heat recovery system is a preheater. </claim-text></claim><claim id="clm-0008" num="8"><claim-text>8. A heat exchanger according to any preceding claim, wherein at least one of the first heat transfer area or second heat transfer area comprises a heat exchanger. </claim-text></claim><claim id="clm-0009" num="9"><claim-text>9. A heat exchanger according to claim 8, wherein at least one of the first heat transfer area or second heat transfer area comprises a plate heat exchanger. </claim-text></claim><claim id="clm-0010" num="10"><claim-text>10. A heat exchanger according to any preceding claim, wherein the first heat transfer area is generally proximate the membrane such than in use, heat is transferred between the hot process stream and the vapourising stream when the vapourising stream contacts the membrane. </claim-text></claim><claim id="clm-0011" num="11"><claim-text>1 1 . A heat exchanger according to any preceding claim, wherein the second heat transfer area is generally proximate the membrane such than in use, heat is transferred between the condensing stream and the cold process stream when the condensing stream contacts the membrane. </claim-text></claim><claim id="clm-0012" num="12"><claim-text>12. A heat exchanger according to any preceding claim, wherein the membrane is a nonwetting microporous membrane. <!-- EPO <DP n="24"/>--> </claim-text></claim><claim id="clm-0013" num="13"><claim-text>13. A heat exchanger according to any preceding claim, wherein the hot process stream and cold process stream are process streams which are respectively cooled and heated in the co-located or generally proximate process. </claim-text></claim><claim id="clm-0014" num="14"><claim-text>14. A heat exchanger according to any preceding claim, wherein the hot and cold process streams are internal process streams of an industrial process or plant which are utilised for internal heat recycling for in that process or plant. </claim-text></claim><claim id="clm-0015" num="15"><claim-text>15. A heat exchanger according to any preceding claim, wherein the hot process stream is a waste heat source in the co-located or generally proximate process. </claim-text></claim><claim id="clm-0016" num="16"><claim-text>16. A heat exchanger according to any preceding claim, wherein at least one of the hot process stream or cold process stream is a process stream of a dairy processing plant. </claim-text></claim><claim id="clm-0017" num="17"><claim-text>17. A heat exchanger according to claim 16, wherein the hot process stream comprises a whey process stream. </claim-text></claim><claim id="clm-0018" num="18"><claim-text>18. A heat exchanger according to any preceding claim, wherein the vapourising stream comprises a water stream, preferably a waste water stream which is treated, preferably substantially purified, when passed through the membrane. </claim-text></claim><claim id="clm-0019" num="19"><claim-text>19. A membrane distillation apparatus including: </claim-text><claim-text> a vapourising stream comprising a mixture of components; </claim-text><claim-text> a condensing stream; </claim-text><claim-text> a membrane located between the vapourising stream and the condensing stream, the vapourising stream and condensing stream being in fluid communication through the membrane, the membrane facilitating transfer of at least one volatised component of the vapourising stream into the condensing stream; </claim-text><claim-text> a hot process stream; <!-- EPO <DP n="25"/>--> a first heat transfer area between the hot process stream and the vapourising stream which in use facilitates the transfer of a quantity of heat energy from the hot process stream to the vapourising stream to heat the vapourising stream; </claim-text><claim-text> a cold process stream; and </claim-text><claim-text> a second heat transfer area between the condensing stream and the cold process stream which in use, facilitates transfer of a quantity of heat energy from the condensing stream to the cold process stream to produce a heated cold process stream, </claim-text><claim-text> wherein the hot process stream and cold process stream are fluidly separate to the vapourising stream and the condensing stream. </claim-text></claim><claim id="clm-0020" num="20"><claim-text>20. A membrane distillation apparatus according to claim 19, wherein in use, a quantity of heat energy is transferred from the hot process stream to the cold process stream to heat the cold process stream. </claim-text></claim><claim id="clm-0021" num="21"><claim-text>21 . A membrane distillation apparatus according to claim 20, wherein said quantity of heat energy is transferred through the first heat transfer area, the membrane and the second heat transfer area. </claim-text></claim><claim id="clm-0022" num="22"><claim-text>22. A membrane distillation apparatus according to any one of claims 20 or</claim-text><claim-text>21 , which includes at least one of a Direct Contact Membrane Distillation (DCMD), Air Gap Membrane Distillation (AGMD), Sweep Gas Membrane Distillation (SGMD) or Vacuum Membrane Distillation (VMD) system. </claim-text></claim><claim id="clm-0023" num="23"><claim-text>23. A membrane distillation apparatus according to any one of claims 20 to</claim-text><claim-text>22, further including a heat recovery system which facilitates transfer of a quantity of heat energy from the heated cold process stream to the vapourising stream. </claim-text></claim><claim id="clm-0024" num="24"><claim-text>24. A membrane distillation apparatus according to claim 23, wherein the heat recovery system is a preheater. <!-- EPO <DP n="26"/>--> </claim-text></claim><claim id="clm-0025" num="25"><claim-text>25. A membrane distillation apparatus according to any one of claims 20 to 24, wherein at least one of the first heat transfer area or second heat transfer area comprises a heat exchanger. </claim-text></claim><claim id="clm-0026" num="26"><claim-text>26. A membrane distillation apparatus according to claim 25, wherein at least one of the first heat transfer area or second heat transfer area comprises a plate heat exchanger. </claim-text></claim><claim id="clm-0027" num="27"><claim-text>27. A membrane distillation apparatus according to any one of claims 20 to</claim-text><claim-text>26, wherein the first heat transfer area is generally proximate the membrane such than in use, heat is transferred between the hot process stream and the vapourising stream when the vapourising stream contacts the membrane. </claim-text></claim><claim id="clm-0028" num="28"><claim-text>28. A membrane distillation apparatus according to any one of claims 20 to</claim-text><claim-text>27, wherein the second heat transfer area is generally proximate the membrane such than in use, heat is transferred between the condensing stream and the cold process stream when the condensing stream contacts the membrane. </claim-text></claim><claim id="clm-0029" num="29"><claim-text>29. A membrane distillation apparatus according to any one of claims 20 to</claim-text><claim-text>28, wherein the membrane is a nonwetting microporous membrane. </claim-text></claim><claim id="clm-0030" num="30"><claim-text>30. A membrane distillation apparatus according to any one of claims 20 to</claim-text><claim-text>29, wherein the hot process stream and cold process stream are process streams which are respectively cooled and heated in a co-located or generally proximate process. </claim-text></claim><claim id="clm-0031" num="31"><claim-text>31 . A membrane distillation apparatus according to any one of claims 20 to</claim-text><claim-text>30, wherein the hot process stream is a waste heat source in a co-located or generally proximate process. </claim-text></claim><claim id="clm-0032" num="32"><claim-text>32. A membrane distillation apparatus according to any one of claims 20 to 30, wherein the hot and cold process streams are internal process streams of an industrial process or plant which are utilised for internal heat recycling for in that process or plant. <!-- EPO <DP n="27"/>--> </claim-text></claim><claim id="clm-0033" num="33"><claim-text>33. A membrane distillation apparatus according to any one of claims 20 to 32, wherein at least one of the hot process stream or cold process stream is a process stream of a dairy processing plant. </claim-text></claim><claim id="clm-0034" num="34"><claim-text>34. A membrane distillation apparatus according to claim 33, wherein the hot process stream comprises a whey process stream. </claim-text></claim><claim id="clm-0035" num="35"><claim-text>35. A membrane distillation apparatus according to any one of claims 20 to 34, wherein the vapourising stream comprises a water stream, preferably a waste water stream which is treated, preferably substantially purified, when passed through the membrane. </claim-text></claim></claims><copyright>User acknowledges that Fairview Research LLC and its third party providers retain all right, title and interest in and to this xml under applicable copyright laws.  User acquires no ownership rights to this xml including but not limited to its format.  User hereby accepts the terms and conditions of the Licence Agreement</copyright></patent-document>
