<?xml version="1.0" encoding="UTF-8"?>
<patent-document ucid="EP-2678195-A1" country="EP" doc-number="2678195" kind="A1" date="20140101" family-id="43927558" file-reference-id="302169" date-produced="20180826" status="corrected" lang="DE"><bibliographic-data><publication-reference fvid="146551353" ucid="EP-2678195-A1"><document-id><country>EP</country><doc-number>2678195</doc-number><kind>A1</kind><date>20140101</date><lang>DE</lang></document-id></publication-reference><application-reference ucid="EP-12700167-A" is-representative="NO"><document-id mxw-id="PAPP154825276" load-source="docdb" format="epo"><country>EP</country><doc-number>12700167</doc-number><kind>A</kind><date>20120109</date><lang>DE</lang></document-id><document-id mxw-id="PAPP189754555" load-source="docdb" format="original"><country>EP</country><doc-number>12700167.5</doc-number><date>20120109</date></document-id></application-reference><priority-claims><priority-claim mxw-id="PPC140453287" ucid="DE-202011003000-U" load-source="docdb"><document-id format="epo"><country>DE</country><doc-number>202011003000</doc-number><kind>U</kind><date>20110222</date></document-id></priority-claim><priority-claim mxw-id="PPC140455059" ucid="EP-2012050227-W" linkage-type="W" load-source="docdb"><document-id format="epo"><country>EP</country><doc-number>2012050227</doc-number><kind>W</kind><date>20120109</date></document-id></priority-claim></priority-claims><technical-data><classifications-ipcr><classification-ipcr mxw-id="PCL1988120004" load-source="docdb">B60S   1/38        20060101AFI20120914BHEP        </classification-ipcr></classifications-ipcr><classifications-cpc><classification-cpc mxw-id="PCL-2001294847" load-source="docdb" scheme="CPC">B60S   1/381       20130101 LA20151107BHEP        </classification-cpc><classification-cpc mxw-id="PCL-2001296536" load-source="docdb" scheme="CPC">B60S2001/3836      20130101 LA20151107BHEP        </classification-cpc><classification-cpc mxw-id="PCL-2001296614" load-source="docdb" scheme="CPC">B60S   1/3894      20130101 LA20151107BHEP        </classification-cpc><classification-cpc mxw-id="PCL-2001300962" load-source="docdb" scheme="CPC">B60S   1/3889      20130101 LI20151107BHEP        </classification-cpc><classification-cpc mxw-id="PCL-2001301403" load-source="docdb" scheme="CPC">B60S   1/3879      20130101 LA20151107BHEP        </classification-cpc><classification-cpc mxw-id="PCL1988115467" load-source="docdb" scheme="CPC">B60S   1/3886      20130101 LI20131205BHEP        </classification-cpc><classification-cpc mxw-id="PCL1988120409" load-source="docdb" scheme="CPC">B60S   1/3848      20130101 FI20131205BHEP        </classification-cpc></classifications-cpc><invention-title mxw-id="PT132186543" lang="DE" load-source="patent-office">WISCHBLATT UND ENDKAPPE</invention-title><invention-title mxw-id="PT132186544" lang="EN" load-source="patent-office">WIPER BLADE AND END CAP</invention-title><invention-title mxw-id="PT132186545" lang="FR" load-source="patent-office">BALAI D'ESSUIE-GLACE ET EMBOUT</invention-title></technical-data><parties><applicants><applicant mxw-id="PPAR918172419" load-source="docdb" sequence="1" format="epo"><addressbook><last-name>BOSCH GMBH ROBERT</last-name><address><country>DE</country></address></addressbook></applicant><applicant mxw-id="PPAR918163058" load-source="docdb" sequence="1" format="intermediate"><addressbook><last-name>ROBERT BOSCH GMBH</last-name></addressbook></applicant><applicant mxw-id="PPAR918986360" load-source="patent-office" sequence="1" format="original"><addressbook><last-name>Robert Bosch GmbH</last-name><iid>101244499</iid><address><street>Postfach 30 02 20</street><city>70442 Stuttgart</city><country>DE</country></address></addressbook></applicant></applicants><inventors><inventor mxw-id="PPAR918165410" load-source="docdb" sequence="1" format="epo"><addressbook><last-name>DE BLOCK PETER</last-name><address><country>BE</country></address></addressbook></inventor><inventor mxw-id="PPAR918150226" load-source="docdb" sequence="1" format="intermediate"><addressbook><last-name>DE BLOCK, PETER</last-name></addressbook></inventor><inventor mxw-id="PPAR918992313" load-source="patent-office" sequence="1" format="original"><addressbook><last-name>DE BLOCK, PETER</last-name><address><street>Pandputweg 5</street><city>B-3545 Halen</city><country>BE</country></address></addressbook></inventor></inventors></parties><international-convention-data><pct-or-regional-filing-data ucid="EP-2012050227-W"><document-id><country>EP</country><doc-number>2012050227</doc-number><kind>W</kind><date>20120109</date><lang>DE</lang></document-id></pct-or-regional-filing-data><pct-or-regional-publishing-data ucid="WO-2012113586-A1"><document-id><country>WO</country><doc-number>2012113586</doc-number><kind>A1</kind><date>20120830</date><lang>DE</lang></document-id></pct-or-regional-publishing-data><designated-states><ep-contracting-states><country mxw-id="DS548935360" load-source="docdb">AL</country><country mxw-id="DS548837878" load-source="docdb">AT</country><country mxw-id="DS548935361" load-source="docdb">BE</country><country mxw-id="DS548816460" load-source="docdb">BG</country><country mxw-id="DS548915680" load-source="docdb">CH</country><country mxw-id="DS548927709" load-source="docdb">CY</country><country mxw-id="DS548837879" load-source="docdb">CZ</country><country mxw-id="DS548935362" load-source="docdb">DE</country><country mxw-id="DS548927718" load-source="docdb">DK</country><country mxw-id="DS548927719" load-source="docdb">EE</country><country mxw-id="DS548930518" load-source="docdb">ES</country><country mxw-id="DS548816461" load-source="docdb">FI</country><country mxw-id="DS548915681" load-source="docdb">FR</country><country mxw-id="DS548935363" load-source="docdb">GB</country><country mxw-id="DS548927720" load-source="docdb">GR</country><country mxw-id="DS548935364" load-source="docdb">HR</country><country mxw-id="DS548837880" load-source="docdb">HU</country><country mxw-id="DS548930519" load-source="docdb">IE</country><country mxw-id="DS548927721" load-source="docdb">IS</country><country mxw-id="DS548816462" load-source="docdb">IT</country><country mxw-id="DS548927722" load-source="docdb">LI</country><country mxw-id="DS548816463" load-source="docdb">LT</country><country mxw-id="DS548932627" load-source="docdb">LU</country><country mxw-id="DS548816464" load-source="docdb">LV</country><country mxw-id="DS548816465" load-source="docdb">MC</country><country mxw-id="DS548932628" load-source="docdb">MK</country><country mxw-id="DS548932629" load-source="docdb">MT</country><country mxw-id="DS548930520" load-source="docdb">NL</country><country mxw-id="DS548866245" load-source="docdb">NO</country><country mxw-id="DS548930521" load-source="docdb">PL</country><country mxw-id="DS548816466" load-source="docdb">PT</country><country mxw-id="DS548837881" load-source="docdb">RO</country><country mxw-id="DS548816467" load-source="docdb">RS</country><country mxw-id="DS548930526" load-source="docdb">SE</country><country mxw-id="DS548915682" load-source="docdb">SI</country><country mxw-id="DS548866246" load-source="docdb">SK</country><country mxw-id="DS548866247" load-source="docdb">SM</country><country mxw-id="DS548932630" load-source="docdb">TR</country></ep-contracting-states></designated-states></international-convention-data><office-specific-data><eptags><ep-no-a-document-published>*</ep-no-a-document-published></eptags></office-specific-data></bibliographic-data><abstract mxw-id="PA99626046" ref-ucid="WO-2012113586-A1" lang="DE" load-source="patent-office"><p num="0000">Die Erfindung geht aus von Wischblatt (10) in Flachbalkenbauweise mit einer gummielastischen Wischleiste (14), in deren seitlichen Längsnuten (24) zwei bandförmige, parallel neben einander verlaufende, zu einer Wischlippe (16) konkav vorgebogene Federschienen (28) als Tragelemente eingesetzt sind, die seitlich aus den Längsnuten (24) vorstehen und an ihren Enden durch Endkappen (36) zusammengehalten und zueinander fixiert sind, die an ihren Längsseiten im Querschnitt u-förmige Führungsprofile (44) besitzen, deren Seitenwangen (46, 48, 60) auf den aus den Längsnuten (24) vorstehenden Teilen der zugeordneten Federschiene (28) geführt sind, wobei die Endkappen (36) Federzungen mit Rastnasen (50, 62) aufweisen, die in Aussparungen (30) der Federschienen (28) einrasten und diese in Montagerichtung (52) fixieren. Es wird vorgeschlagen, dass eine der Seitenwangen (46, 48, 60) jedes Führungsprofils (44) mindestens teilweise elastisch nachgiebig ausgebildet ist und als Federzunge dient und an dem nachgiebigen Teil der Seitenwange (46, 48, 60) die Rastnase (50, 62) angeformt ist, deren Höhe in Montagerichtung (52) abnimmt und somit eine Anlaufschräge (54) bildet, während die Rastnase (50, 62) in der entgegengesetzten Richtung steil abfällt.</p></abstract><abstract mxw-id="PA99824565" ref-ucid="WO-2012113586-A1" lang="DE" source="national office" load-source="docdb"><p>Die Erfindung geht aus von Wischblatt (10) in Flachbalkenbauweise mit einer gummielastischen Wischleiste (14), in deren seitlichen Längsnuten (24) zwei bandförmige, parallel neben einander verlaufende, zu einer Wischlippe (16) konkav vorgebogene Federschienen (28) als Tragelemente eingesetzt sind, die seitlich aus den Längsnuten (24) vorstehen und an ihren Enden durch Endkappen (36) zusammengehalten und zueinander fixiert sind, die an ihren Längsseiten im Querschnitt u-förmige Führungsprofile (44) besitzen, deren Seitenwangen (46, 48, 60) auf den aus den Längsnuten (24) vorstehenden Teilen der zugeordneten Federschiene (28) geführt sind, wobei die Endkappen (36) Federzungen mit Rastnasen (50, 62) aufweisen, die in Aussparungen (30) der Federschienen (28) einrasten und diese in Montagerichtung (52) fixieren. Es wird vorgeschlagen, dass eine der Seitenwangen (46, 48, 60) jedes Führungsprofils (44) mindestens teilweise elastisch nachgiebig ausgebildet ist und als Federzunge dient und an dem nachgiebigen Teil der Seitenwange (46, 48, 60) die Rastnase (50, 62) angeformt ist, deren Höhe in Montagerichtung (52) abnimmt und somit eine Anlaufschräge (54) bildet, während die Rastnase (50, 62) in der entgegengesetzten Richtung steil abfällt.</p></abstract><abstract mxw-id="PA99626047" ref-ucid="WO-2012113586-A1" lang="EN" load-source="patent-office"><p num="0000">The invention relates to a wiper blade (10) in a flat bar construction, having a rubber-elastic wiper strip (14), in the lateral longitudinal grooves (24) of which two band-shaped spring rails (28) which extend next to each other in a parallel manner and which are bent concavely toward a wiper lip (16) are inserted as support elements which protrude laterally out of the longitudinal grooves (24), and which are held together and attached to each other at the ends thereof by end caps (36) which, on the longitudinal sides thereof, have guide profiles (44) having a u-shaped cross section, the side jaws (46, 48, 60) of which are guided on the portions of the associated spring rail (28), which protrude out of the longitudinal grooves (24), wherein the end caps (36) comprise spring tongues having engagement lugs (50, 62) which engage in recesses (30) of the spring rails (28) and attach same in the assembly direction (52). According to the invention, one of the side jaws (46, 48, 60) of each guide profile (44) is designed to be at least partially elastic and is used as spring tongue, and the engagement lug (50, 62) is molded on the yielding portion of the side jaw (46, 48, 60), wherein the height of said engagement lug decreases in the assembly direction (52) and thus forms a striking bevel (54), while the engagement lug (50, 62) drops off steeply in the opposite direction..</p></abstract><abstract mxw-id="PA99824566" ref-ucid="WO-2012113586-A1" lang="EN" source="national office" load-source="docdb"><p>The invention relates to a wiper blade (10) in a flat bar construction, having a rubber-elastic wiper strip (14), in the lateral longitudinal grooves (24) of which two band-shaped spring rails (28) which extend next to each other in a parallel manner and which are bent concavely toward a wiper lip (16) are inserted as support elements which protrude laterally out of the longitudinal grooves (24), and which are held together and attached to each other at the ends thereof by end caps (36) which, on the longitudinal sides thereof, have guide profiles (44) having a u-shaped cross section, the side jaws (46, 48, 60) of which are guided on the portions of the associated spring rail (28), which protrude out of the longitudinal grooves (24), wherein the end caps (36) comprise spring tongues having engagement lugs (50, 62) which engage in recesses (30) of the spring rails (28) and attach same in the assembly direction (52). According to the invention, one of the side jaws (46, 48, 60) of each guide profile (44) is designed to be at least partially elastic and is used as spring tongue, and the engagement lug (50, 62) is molded on the yielding portion of the side jaw (46, 48, 60), wherein the height of said engagement lug decreases in the assembly direction (52) and thus forms a striking bevel (54), while the engagement lug (50, 62) drops off steeply in the opposite direction..</p></abstract><abstract mxw-id="PA99626048" ref-ucid="WO-2012113586-A1" lang="FR" load-source="patent-office"><p num="0000">L'invention concerne un balai d'essuie-glace (10) en forme de barre plate comprenant une lèvre d'essuie-glace (14) élastiquement déformable possédant des gorges latérales (24) dans lesquelles sont insérés, comme éléments porteurs, parallèlement l'un à côté de l'autre, deux rails flexibles (28) en forme de bande, pré-courbés de façon concave par rapport à une lèvre d'essuie-glace (16), dépassant latéralement les gorges longitudinales (24), retenus ensembles à leurs extrémités par des embouts (36) et fixes l'un par rapport à l'autre, possédant sur leur faces latérales des profils de guidage (44) d'une section transversale en forme de u, dont les faces latérales (46, 48, 60) sont guidées sur les parties dépassant le rail élastique (28) correspondant, les embouts (36) comprenant des languettes ressort à tenon d'enclenchement (50, 62) s'encliquetant dans des évidements (30) des rails flexibles (28) et les fixant dans le sens du montage (52). Selon l'invention, une des faces latérales (46, 48, 60) de chaque profil de guidage (44) est au moins partiellement élastique et sert de languette ressort, et sur la partie flexible de la face latérale (46, 48, 60) est formé le tenon d'enclenchement (50, 62) dont la hauteur diminue dans le sens du montage (52) et forme ainsi un biseau de contact (54) tandis que dans le sens opposé, le tenon d'enclenchement (50, 62) est doté d'une forte pente négative.</p></abstract><abstract mxw-id="PA99824567" ref-ucid="WO-2012113586-A1" lang="FR" source="national office" load-source="docdb"><p>L'invention concerne un balai d'essuie-glace (10) en forme de barre plate comprenant une lèvre d'essuie-glace (14) élastiquement déformable possédant des gorges latérales (24) dans lesquelles sont insérés, comme éléments porteurs, parallèlement l'un à côté de l'autre, deux rails flexibles (28) en forme de bande, pré-courbés de façon concave par rapport à une lèvre d'essuie-glace (16), dépassant latéralement les gorges longitudinales (24), retenus ensembles à leurs extrémités par des embouts (36) et fixes l'un par rapport à l'autre, possédant sur leur faces latérales des profils de guidage (44) d'une section transversale en forme de u, dont les faces latérales (46, 48, 60) sont guidées sur les parties dépassant le rail élastique (28) correspondant, les embouts (36) comprenant des languettes ressort à tenon d'enclenchement (50, 62) s'encliquetant dans des évidements (30) des rails flexibles (28) et les fixant dans le sens du montage (52). Selon l'invention, une des faces latérales (46, 48, 60) de chaque profil de guidage (44) est au moins partiellement élastique et sert de languette ressort, et sur la partie flexible de la face latérale (46, 48, 60) est formé le tenon d'enclenchement (50, 62) dont la hauteur diminue dans le sens du montage (52) et forme ainsi un biseau de contact (54) tandis que dans le sens opposé, le tenon d'enclenchement (50, 62) est doté d'une forte pente négative.</p></abstract><description mxw-id="PDES50931487" ref-ucid="WO-2012113586-A1" lang="DE" load-source="patent-office"><!-- EPO <DP n="3"/>--><p id="p0001" num="0001"> Beschreibung </p><p id="p0002" num="0002">Titel </p><p id="p0003" num="0003"> Wischblatt und Endkappe Stand der Technik </p><p id="p0004" num="0004">Die Erfindung geht von einem Wischblatt nach dem Oberbegriff des Anspruchs 1 aus. </p><p id="p0005" num="0005">Aus der DE 10 2004 051 466 A1 ist ein gattungsgemäßes Wschblatt bekannt. Dieses besitzt eine Wschleiste aus einem elastomeren Werkstoff, die mit einer Wischlippe an einer Fahrzeugscheibe anliegt. Damit die Wschleiste der Krümmung der Fahrzeugscheibe folgen kann, sind in seitlichen Längsnuten der Wischleiste zwei bandförmige, parallel nebeneinander verlaufende, zu einer Wischlippe konkav vorgebogene Federschienen als Tragelemente eingesetzt, die seitlich aus den Längsnuten vorstehen und an ihren Enden durch Endkappen zusammengehalten und zueinander fixiert sind. Die Endkappen weisen an ihren Längsseiten jeweils zwei parallel zur Längsrichtung der Wischleiste verlaufende Führungsprofile mit Führungsflächen und Stegen auf. Die Führungsflächen führen die Endkappen an den aus den Längsnuten vorstehenden Teilen der Federschienen. </p><p id="p0006" num="0006">Jede Endkappe weist mindestens eine angeformte, im Wesentlichen parallel zur oberen Seite der Kopfleiste verlaufende Federzunge auf. An ihrer zur Kopfleiste weisenden Seite besitzt die Federzunge eine Sperrnase. Diese ist keilförmig gestaltet und nimmt zum Ende des Wschblatts hin in ihrer Höhe zu, sodass die Montage der Endkappe erleichtert wird. Bei einer Schwenkbewegung der Federzunge richtet sich die dem Ende zugewandte Flanke der keilförmigen Sperrnase vermehrt auf, sodass die Endkappe gegen ein Abziehen von der Wschleiste gesichert ist. Damit sich die Sperrnase nicht unbeabsichtigt lösen kann, ist ein Sperrriegel vorgesehen, der in einer Aussparung der Endkappe geführt ist und in der 
<!-- EPO <DP n="4"/>-->
 Verriegelungsposition die Federzunge gegen die Kopfleiste der Wischleiste drückt und blockiert. </p><p id="p0007" num="0007">Zusätzlich zu der Sperrnase kann die Federzunge auf der den Federschienen zugewandten Seite zwei seitlich von der Sperrnase und symmetrisch dazu angeordnete Rastzapfen aufweisen, die in montiertem Zustand in Rastlöcher eingreifen, die im Endbereich der Federschienen angeordnet sind und als zusätzliche Führung dienen. Während die Rastzapfen zylindrisch ausgeführt sind, sind die Rastlöcher als Langlöcher ausgebildet, sodass die Federschienen in Längsrichtung ein begrenztes Spiel haben. Ferner bestimmen die Rastzapfen den Abstand der Federschienen zueinander. Dadurch besitzt der Steg der Wischleiste zwischen den Federschienen einen ausreichenden Freiraum für eine gute Funktionalität. </p><p id="p0008" num="0008">Offenbarung der Erfindung </p><p id="p0009" num="0009">Nach der Erfindung sind die Rastnasen an den von der Wischlippe entfernteren Seitenwangen des Führungsprofils vorgesehen sind, während die anderen Seitenwangen des Führungsprofils die Rastnasen zur Stirnwand der Endkappe überdecken und vor dieser enden. Da die Seitenwangen, die der Wschlippe am nächsten liegen, nicht an der Stirnwand angeformt sind, sind Sie in einem bedeutenden Maße nachgiebig, sodass beide Seitenwangen eines Führungsprofils bei der Montage nachgeben, wodurch sich insgesamt ein großer Federweg ergibt, ohne dass das Material überbeansprucht wird. Trotzdem können die Seitenwangen der Führungsprofile genügend steif ausgebildet werden, sodass sich eine Sicherung der Rastnasen in der Rastposition durch einen Riegel erübrigt. </p><p id="p0010" num="0010">Die Rastnasen können entweder an den von der Wschlippe entfernteren Seitenwangen der Führungsprofile vorgesehen sein oder an den der Wschlippe nächstliegenden Seitenwangen der Führungsprofile. Diese Alternative ist günstiger, weil die der Wischlippe näher gelegene Seitenwange leichter für die zusätzliche Aufgabe als Federzunge modifiziert werden kann. Außerdem ist die Rastnase bei der Demontage der Endkappe einfacher mit einem Werkzeug zu erreichen und die Rastposition zu lösen. 
<!-- EPO <DP n="5"/>-->
 Gemäß einer Ausgestaltung der Erfindung wird vorgeschlagen, dass bei einer Anordnung der Rastnase an der der Wischlippe entfernteren Seitenwange die andere Seitenwange zum Ende der zugeordneten Federschiene vor der größten Erhebung der Rastnase endet, sodass eine Lücke gebildet wird, durch die der Rastzapfen von außen betätigt werden kann. Es besteht jedoch auch die Möglichkeit, dass die der Wschlippen nächstgelegene Seitenwange in montierter Position den Rastzapfen zur Wschlippe hin abdeckt, sodass er und die Öffnung in der Federschiene vor Verschmutzungen geschützt sind und Strömungsgeräusche in diesem Bereich reduziert werden. </p><p id="p0011" num="0011">Zweckmäßigerweise nimmt die Höhe der Rastnase in Montagerichtung ab. Sie bildet so zwecks einer leichten Montage eine Anlaufschräge. In der entgegengesetzten Richtung fällt die Rastnase steil ab, wodurch die Sperrwirkung verstärkt ist. Gemäß einer weiteren Ausgestaltung wird vorgeschlagen, dass die Aussparungen in den Federschienen symmetrisch zur Längsmittelebene der jeweiligen Federschiene gestaltet sind. Dadurch ist gewährleistet, dass die Federschienen auf beiden Seiten des Wischblatts gleich sind und die Teilevielfalt klein gehalten wird. </p><p id="p0012" num="0012">Die Erfindung betrifft sowohl ein Wschblatt mit einer Endkappe als auch die Endkappe als Einzelteil, die in Verbindung mit dem erfindungsgemäßen Wischblatt verwendet werden kann. Die Endkappe zeichnet sich dadurch aus, dass die Seitenwangen jedes Führungsprofils teilweise elastisch nachgiebig ausgebildet sind und als Federzungen dienen und die der Wschlippe zugewandten Seitenwangen vor der Stirnwand der Endkappe enden, wobei die Höhe in Montagerichtung abnimmt und somit eine Anlaufschräge bildet, während die Rastnase in der entgegengesetzten Richtung steil abfällt. Dabei ist es zweckmäßig, dass die Erstreckung der Rastnase in Montagerichtung größer ist, als quer dazu. Hierzu passt eine Federschiene mit einem entsprechenden Langloch als Aussparung, wobei zur Verbesserung der Funktionalität ein geeignetes Spiel zwischen der Rastnase und der Aussparung vorgesehen werden kann. </p><p id="p0013" num="0013">Weitere Vorteile ergeben sich aus der folgenden Zeichnungsbeschreibung. In der Zeichnung sind Ausführungsbeispiele der Erfindung dargestellt. Die Zeichnung, die Beschreibung und die Ansprüche enthalten zahlreiche Merkmale in Kombina- 
<!-- EPO <DP n="6"/>-->
 tion. Der Fachmann wird die Merkmale zweckmäßigerweise auch einzeln betrachten und zu sinnvollen weiteren Kombinationen zusammenfassen. </p><p id="p0014" num="0014">Es zeigen: </p><p id="p0015" num="0015">Fig. 1 eine Seitenansicht eines erfindungsgemäßen Wischblatts, </p><p id="p0016" num="0016">Fig. 2 einen Schnitt entsprechend der Linie I I-I I in Fig. 1 , </p><p id="p0017" num="0017">Fig. 3 einen Schnitt entsprechend der Linie II I-I I I Fig. 1 , </p><p id="p0018" num="0018">Fig. 4 eine Draufsicht auf ein Ende einer Federschiene, </p><p id="p0019" num="0019">Fig. 5. eine Ansicht eines Endes eines Wschblatts nach Fig. 1 von unten,</p><p id="p0020" num="0020">Figur 6 einen Längsschnitt durch eine Endkappe, </p><p id="p0021" num="0021">Fig. 7 eine Variante zu Fig. 5, </p><p id="p0022" num="0022">Fig. 8 und Fig. 9 Varianten zu Fig. 6. Ein Wischblatt 10 in Flachbalkenbauweise besitzt eine Wschleiste 14, deren</p><p id="p0023" num="0023">Wischlippe 16 über einen Kippsteg 18 an einer Kopfleiste 22 angebunden ist. Zwischen der Wischlippe 16 und der Kopfleiste 22 sind seitlich Stützleisten 20 angeordnet. Ferner sind in der Kopfleiste 22 seitliche Längsnuten 24 vorgesehen, die zwischen sich einen Steg 25 bilden. Der von der Wschlippe 16 abge- wandte Teil der Kopfleiste 22 ist als Rückenleiste 26 bezeichnet. </p><p id="p0024" num="0024">In den Längsnuten 24 sind auf jeder Seite des Wschblatts 10 eine Federschiene 28 eingesetzt, die seitlich ein Stück weit vorsteht. Auf dem vorstehenden Teil der Federscheine 28 ist in Längsrichtung zu beiden Seiten eines Anschlusselements 32 für die gelenkige Verbindung mit einem nicht dargestellten Wscharm ein</p><p id="p0025" num="0025">Spoiler 34 geführt. Der Spoiler 34 ist optional und kann in gewissen Anwendungsfällen entfallen. An den Enden des Wschblatts 10 sind Endkappen 36 vorgesehen. Diese besitzen an ihren Längsseiten Führungsprofile 44, mit denen sie auf den aus den Nuten 24 vorstehenden Teilen der Federschienen 28 geführt sind. Dabei liegen die bandförmigen Federschienen 28 zwischen den Seitenwangen 46 und 48 der Führungsprofile 44. Die Seitenwangen 46 auf der der Wischlippe 16 abgewandte Seite können zu einer Zwischenwand verbunden sein, die eine Aussparung 42 für die Rückenleiste 26 der Wschleiste 14 bildet. </p><p id="p0026" num="0026">Wenn das Wischblatt 10 einen Spoiler 34 besitzt, weisen die Endkappen 36 ebenfalls Strömungsprofile 38 auf und verfügen über Aussparungen 40 zum An- schluss an den Spoiler 34. 
<!-- EPO <DP n="7"/>-->
 Damit das Wischblatt 10 einer gekrümmten Fahrzeugscheibe 12 folgen kann, sind die Federschienen 28 konkav zur Wischlippe 16 hin vorgebogen, sodass im unbelasteten Zustand (Fig. 1 ) nur die Enden des Wischblatts 10 die Fahrzeugscheibe 12 berühren. </p><p id="p0027" num="0027">Damit man auf beiden Seiten des Wschblatts 10 gleiche Federschienen verwenden kann, ist es vorteilhaft, dass die Aussparungen 30 der Federschienen 28 symmetrisch zu einer Längsmittelebene 64 der zugeordneten Federschiene gestaltet sind. Dabei kann es zweckmäßig sein, dass der Teil der Federschiene 28, der in die Längsnut 24 der Wischleiste 14 eintaucht schmaler ist, als der vorstehende Teil. </p><p id="p0028" num="0028">Wie aus Fig. 3 und 5 zu ersehen ist, werden die Federschienen 28 zwischen den Rastnasen 50, die in die Aussparungen 30 der Federschienen eingreifen und der Innenseite der endseitigen Stirnwand 56 der Endkappe 36 in Längsrichtung fixiert. Damit sich eindeutige Anlageflächen zwischen den Stirnseiten der Federschienen 28 und der Innenseite der Stirnwand 56 der Endkappe 36 ergeben, sind die Ecken der Federschienen 28 gebrochen, wodurch ein ausreichender Freiraum in den Ecken gebildet wird. Ferner ist an der Innenseite der Stirnwand 56 eine Vertiefung 58 für die Kopfleiste 22 der Wischleiste 14 vorgesehen. </p><p id="p0029" num="0029">Bei der Montage der Endkappe 36 wird diese in Montagerichtung 52 mit den Führungsprofilen 44 auf die Federschienen 28 geschoben, wobei sich die Führungsprofile 44 auf Grund der elastisch nachgiebigen Gestaltung der Seitenwan- ge 46 aufweiten, bis die Rastnasen 50, 62 in die Aussparungen 30 der Federschienen 28 einrasten können. Im eingerasteten Zustand der Rastnase 50 befindet sich das der Stirnwand 56 zugewandte Ende der Seitenwange 48, die der Wischlippe 16 am nächsten liegt im Bereich der Anlaufschrägen 54, sodass die Rastnase 56 nur teilweise überdeckt ist und von dieser Seite durch die Lücke zwischen der Seitenwange 48 und der Stirnwand 56 betätigt werden kann. </p><p id="p0030" num="0030">Bei der Ausführung nach Fig. 7 sind die der Wischlippe 16 nächstgelegenen Seitenwangen 60 der Führungsprofile 44 länger ausgeführt, sodass sie in der eingerasteten Position die Rastnasen 56, 62 zur Wschlippe 16 hin überdecken, jedoch vor der Stirnwand 56 enden. Somit sind sie Rastnasen 56, 62 und die Ausspa- 
<!-- EPO <DP n="8"/>-->
 rungen 30 gegen Verschmutzungen geschützt. Fig. 8 zeigt einen entsprechenden Längsschnitt durch eine Endkappe 36 in der Ausführung nach Fig. 7. </p><p id="p0031" num="0031">Die Ausführung nach Fig. 9 unterscheidet sich von den vorher beschriebenen Ausführungen insbesondere dadurch, dass die Rastnase 62 an der unteren Seitenwange 60 des Führungsprofils 44 angeformt ist und von der der Wischlippe 16 zugewandten Seite in die Aussparung 30 der Federschiene 28 einrastet. 
</p></description><claims mxw-id="PCLM44727442" ref-ucid="WO-2012113586-A1" lang="DE" load-source="patent-office"><claim id="clm-0001" num="0001"><!-- EPO <DP n="9"/>--><claim-text/><claim-text>Ansprüche </claim-text><claim-text>Wischblatt (10) in Flachbalkenbauweise mit einer gummielastischen Wischleiste (14), in deren seitlichen Längsnuten (24) zwei bandförmige, parallel neben einander verlaufende, zu einer Wischlippe (16) konkav vorgebogene Federschienen (28) als Tragelemente eingesetzt sind, die seitlich aus den Längsnuten (24) vorstehen und an ihren Enden durch Endkappen (36) zusammengehalten und zueinander fixiert sind, die an ihren Längsseiten im Querschnitt u-förmige Führungsprofile (44) besitzen, deren Seitenwangen (46, 48, 60) auf den aus den Längsnuten (24) vorstehenden Teilen der zugeordneten Federschiene (28) geführt sind, wobei eine der Seitenwangen (46, 48, 60) jedes Führungsprofils (44) mindestens teilweise elastisch nachgiebig ausgebildet ist und eine Rastnase (50, 62) aufweist, die in eine Aussparung (30) der zugeordneten Federschiene (28) einrastet und diese in Montagerichtung (52) fixiert, dadurch gekennzeichnet, dass die Rastnasen (50) an den von der Wschlippe (16) entfernteren Seitenwangen (46) des Führungsprofils (44) vorgesehen sind, während die anderen Seitenwangen (60) des Führungsprofils (44) die Rastnasen (50) zur Stirnwand (56) der Endkappe (36) überdecken und vor dieser enden. </claim-text><claim-text>Wischblatt (10) nach Anspruch 1 , dadurch gekennzeichnet, dass die Rastnasen (50, 62) an den Seitenwangen (48, 60) angeordnet sind, die der Wischlippe (16) am nächsten liegen und vor der Stirnwand (56) der Endkappe (36) enden. </claim-text><claim-text>Wischblatt (10) nach Anspruch 1 , dadurch gekennzeichnet, dass die der Wischlippe (16) am nächsten liegenden Seitenwangen (48) des Führungsprofils (44) an ihren der Stirnwand (56) der Endkappe (36) zugewandten Enden vor der größten Erhebung der Rastnasen (50) enden, sodass die Rastnasen (50) zumindest teilweise diese Seitenwangen (48) queren können. 
<!-- EPO <DP n="10"/>-->
 Wischblatt (10) nach Anspruch 1 , dadurch gekennzeichnet, dass die Höhe der Rastnase (50, 62) in Montagerichtung (52) abnimmt und somit eine Anlaufschräge (54) bildet, während die Rastnase (50, 62) in der entgegengesetzten Richtung steil abfällt. </claim-text><claim-text>Wischblatt (10) nach einem der vorhergehenden Ansprüche, dadurch gekennzeichnet, dass Aussparungen (30) in den Federschienen (28) symmetrisch zur Längsmittelebene (64) der jeweiligen Federschienen (28) gestaltet sind. </claim-text><claim-text>6. Endkappe (36) zum Verwenden mit einem Wschblatt (10) nach Anspruch 1 , wobei die Endkappen (36) an ihren Längsseiten im Querschnitt u-förmige Führungsprofile (44) mit Seitenwangen (46, 48, 60) besitzen, wobei jedes Führungsprofile (44) an einer Seitenwange (46, 48, 60) eine Rastnase (50, 62) aufweist, die zu anderen Seitenwange (46, 48, 60) vorsteht, dadurch gekennzeichnet, dass die Seitenwangen (46, 48, 60) jedes Führungsprofils (44) teilweise elastisch nachgiebig ausgebildet sind und als Federzungen dienen und die der Wschlippe zugewandten Seitenwangen (46, 48, 60) vor der Stirnwand (56) der Endkappe (36) enden, wobei die Höhe in Montagerichtung (52) abnimmt und somit eine Anlaufschräge (54) bildet, während die Rastnase (50, 62) in der entgegengesetzten Richtung steil abfällt. 
</claim-text></claim></claims><copyright>User acknowledges that Fairview Research LLC and its third party providers retain all right, title and interest in and to this xml under applicable copyright laws.  User acquires no ownership rights to this xml including but not limited to its format.  User hereby accepts the terms and conditions of the Licence Agreement</copyright></patent-document>
