<?xml version="1.0" encoding="UTF-8"?>
<patent-document ucid="EP-2958422-A1" country="EP" doc-number="2958422" kind="A1" date="20151230" family-id="48484943" file-reference-id="252649" date-produced="20180822" status="corrected" lang="EN"><bibliographic-data><publication-reference fvid="160453762" ucid="EP-2958422-A1"><document-id><country>EP</country><doc-number>2958422</doc-number><kind>A1</kind><date>20151230</date><lang>EN</lang></document-id></publication-reference><application-reference ucid="EP-14705497-A" is-representative="NO"><document-id mxw-id="PAPP193870492" load-source="patent-office" format="original"><country>EP</country><doc-number>14705497.7</doc-number><date>20140218</date><lang>EN</lang></document-id><document-id mxw-id="PAPP193870493" load-source="docdb" format="epo"><country>EP</country><doc-number>14705497</doc-number><kind>A</kind><date>20140218</date><lang>EN</lang></document-id></application-reference><priority-claims><priority-claim mxw-id="PPC162034500" ucid="BE-201300118-A" load-source="docdb"><document-id format="epo"><country>BE</country><doc-number>201300118</doc-number><kind>A</kind><date>20130221</date></document-id></priority-claim><priority-claim mxw-id="PPC162033318" ucid="EP-2014053068-W" linkage-type="W" load-source="docdb"><document-id format="epo"><country>EP</country><doc-number>2014053068</doc-number><kind>W</kind><date>20140218</date></document-id></priority-claim></priority-claims><technical-data><classifications-ipcr><classification-ipcr mxw-id="PCL-1988521282" load-source="docdb">A01F  15/08        20060101AFI20140912BHEP        </classification-ipcr><classification-ipcr mxw-id="PCL-1988526178" load-source="docdb">A01F  21/00        20060101ALI20140912BHEP        </classification-ipcr></classifications-ipcr><classifications-cpc><classification-cpc mxw-id="PCL-1984701509" load-source="docdb" scheme="CPC">A01F  21/00        20130101 FI20160108BHEP        </classification-cpc><classification-cpc mxw-id="PCL-1984701727" load-source="docdb" scheme="CPC">A01F  15/0841      20130101 LI20160108BHEP        </classification-cpc><classification-cpc mxw-id="PCL-1984703713" load-source="docdb" scheme="CPC">F16D  51/00        20130101 LI20160107BHEP        </classification-cpc><classification-cpc mxw-id="PCL-1984703921" load-source="docdb" scheme="CPC">F16D  55/225       20130101 LI20160107BHEP        </classification-cpc></classifications-cpc><invention-title mxw-id="PT165552752" lang="DE" load-source="patent-office">LANDWIRTSCHAFTLICHE BALLENPRESSE MIT VERBESSERTER SCHWUNGRADBREMSE</invention-title><invention-title mxw-id="PT165552753" lang="EN" load-source="patent-office">AGRICULTURAL BALER WITH IMPROVED FLYWHEEL BRAKE</invention-title><invention-title mxw-id="PT165552754" lang="FR" load-source="patent-office">PRESSE À FOURRAGE AGRICOLE À FREIN DE VOLANT MOTEUR AMÉLIORÉ</invention-title><citations><non-patent-citations><nplcit><text>See references of WO 2014128098A1</text><sources><source mxw-id="PNPL67568403" load-source="docdb" name="SEA"/></sources></nplcit></non-patent-citations></citations></technical-data><parties><applicants><applicant mxw-id="PPAR1103337136" load-source="docdb" sequence="1" format="epo"><addressbook><last-name>CNH IND BELGIUM NV</last-name><address><country>BE</country></address></addressbook></applicant><applicant mxw-id="PPAR1103313724" load-source="docdb" sequence="1" format="intermediate"><addressbook><last-name>CNH INDUSTRIAL BELGIUM NV</last-name></addressbook></applicant><applicant mxw-id="PPAR1101641790" load-source="patent-office" sequence="1" format="original"><addressbook><last-name>CNH Industrial Belgium nv</last-name><iid>101425793</iid><address><street>Leon Claeysstraat 3a</street><city>8210 Zedelgem</city><country>BE</country></address></addressbook></applicant></applicants><inventors><inventor mxw-id="PPAR1103340220" load-source="docdb" sequence="1" format="epo"><addressbook><last-name>BONTE XAVIER G J M</last-name><address><country>NL</country></address></addressbook></inventor><inventor mxw-id="PPAR1103329838" load-source="docdb" sequence="1" format="intermediate"><addressbook><last-name>BONTE, Xavier, G., J., M.</last-name></addressbook></inventor><inventor mxw-id="PPAR1101641440" load-source="patent-office" sequence="1" format="original"><addressbook><last-name>BONTE, Xavier, G., J., M.</last-name><address><street>Wilhelminaweg 38</street><city>NL-4528 Et Sint Kruis</city><country>NL</country></address></addressbook></inventor><inventor mxw-id="PPAR1103327817" load-source="docdb" sequence="2" format="epo"><addressbook><last-name>DE RYCKE STEFAN</last-name><address><country>BE</country></address></addressbook></inventor><inventor mxw-id="PPAR1103308012" load-source="docdb" sequence="2" format="intermediate"><addressbook><last-name>DE RYCKE, STEFAN</last-name></addressbook></inventor><inventor mxw-id="PPAR1101639814" load-source="patent-office" sequence="2" format="original"><addressbook><last-name>DE RYCKE, STEFAN</last-name><address><street>Processiestraat 35</street><city>B-9870 Olsene - Zulte</city><country>BE</country></address></addressbook></inventor><inventor mxw-id="PPAR1103324520" load-source="docdb" sequence="3" format="epo"><addressbook><last-name>DEMON FREDERIK</last-name><address><country>BE</country></address></addressbook></inventor><inventor mxw-id="PPAR1103325676" load-source="docdb" sequence="3" format="intermediate"><addressbook><last-name>DEMON, FREDERIK</last-name></addressbook></inventor><inventor mxw-id="PPAR1101642666" load-source="patent-office" sequence="3" format="original"><addressbook><last-name>DEMON, FREDERIK</last-name><address><street>Beaupréstraat 22</street><city>B-8310 Brugge (Sint-Kruis)</city><country>BE</country></address></addressbook></inventor><inventor mxw-id="PPAR1103328858" load-source="docdb" sequence="4" format="epo"><addressbook><last-name>VANDEVELDE PIETER</last-name><address><country>BE</country></address></addressbook></inventor><inventor mxw-id="PPAR1103318190" load-source="docdb" sequence="4" format="intermediate"><addressbook><last-name>VANDEVELDE, Pieter</last-name></addressbook></inventor><inventor mxw-id="PPAR1101640062" load-source="patent-office" sequence="4" format="original"><addressbook><last-name>VANDEVELDE, Pieter</last-name><address><street>August Bontestraat 16</street><city>B-8200 Sint Michiels Brugge</city><country>BE</country></address></addressbook></inventor></inventors><agents><agent mxw-id="PPAR1101644379" load-source="patent-office" sequence="1" format="original"><addressbook><last-name>CNH Industrial IP Department</last-name><iid>101358245</iid><address><street>Patent Department, Leon Claeysstraat 3A</street><city>8210 Zedelgem</city><country>BE</country></address></addressbook></agent></agents></parties><international-convention-data><pct-or-regional-filing-data ucid="EP-2014053068-W"><document-id><country>EP</country><doc-number>2014053068</doc-number><kind>W</kind><date>20140218</date><lang>EN</lang></document-id></pct-or-regional-filing-data><pct-or-regional-publishing-data ucid="WO-2014128098-A1"><document-id><country>WO</country><doc-number>2014128098</doc-number><kind>A1</kind><date>20140828</date><lang>EN</lang></document-id></pct-or-regional-publishing-data><designated-states><ep-contracting-states><country mxw-id="DS660794875" load-source="docdb">AL</country><country mxw-id="DS660723678" load-source="docdb">AT</country><country mxw-id="DS660794877" load-source="docdb">BE</country><country mxw-id="DS660641330" load-source="docdb">BG</country><country mxw-id="DS660642647" load-source="docdb">CH</country><country mxw-id="DS660734402" load-source="docdb">CY</country><country mxw-id="DS660723683" load-source="docdb">CZ</country><country mxw-id="DS660794878" load-source="docdb">DE</country><country mxw-id="DS660734407" load-source="docdb">DK</country><country mxw-id="DS660734408" load-source="docdb">EE</country><country mxw-id="DS660724371" load-source="docdb">ES</country><country mxw-id="DS660641335" load-source="docdb">FI</country><country mxw-id="DS660641336" load-source="docdb">FR</country><country mxw-id="DS660794879" load-source="docdb">GB</country><country mxw-id="DS660734409" load-source="docdb">GR</country><country mxw-id="DS660794880" load-source="docdb">HR</country><country mxw-id="DS660723684" load-source="docdb">HU</country><country mxw-id="DS660642648" load-source="docdb">IE</country><country mxw-id="DS660794881" load-source="docdb">IS</country><country mxw-id="DS660641337" load-source="docdb">IT</country><country mxw-id="DS660734410" load-source="docdb">LI</country><country mxw-id="DS660646145" load-source="docdb">LT</country><country mxw-id="DS660723685" load-source="docdb">LU</country><country mxw-id="DS660646146" load-source="docdb">LV</country><country mxw-id="DS660646159" load-source="docdb">MC</country><country mxw-id="DS660758531" load-source="docdb">MK</country><country mxw-id="DS660758532" load-source="docdb">MT</country><country mxw-id="DS660641338" load-source="docdb">NL</country><country mxw-id="DS660724372" load-source="docdb">NO</country><country mxw-id="DS660642649" load-source="docdb">PL</country><country mxw-id="DS660758533" load-source="docdb">PT</country><country mxw-id="DS660641351" load-source="docdb">RO</country><country mxw-id="DS660758534" load-source="docdb">RS</country><country mxw-id="DS660642650" load-source="docdb">SE</country><country mxw-id="DS660758539" load-source="docdb">SI</country><country mxw-id="DS660724373" load-source="docdb">SK</country><country mxw-id="DS660642655" load-source="docdb">SM</country><country mxw-id="DS660646161" load-source="docdb">TR</country></ep-contracting-states><ep-extended-states><ep-extended-state-data><country>BA</country></ep-extended-state-data><ep-extended-state-data><country>ME</country></ep-extended-state-data></ep-extended-states></designated-states></international-convention-data><office-specific-data><eptags><ep-no-a-document-published>*</ep-no-a-document-published></eptags></office-specific-data></bibliographic-data><abstract mxw-id="PA139078795" ref-ucid="WO-2014128098-A1" lang="EN" load-source="patent-office"><p num="0000">An agricultural baler (70) comprises a shaft (3), and a flywheel (2) connected to the shaft (3), and a brake system (40) for holding or for stopping the flywheel (2). The brake system (40) may be of the drum-type and/or of the caliper-type. The caliper-type comprises a brake disc (41) and a brake caliper (51). The brake disc (41) may be mounted on the flywheel (2), or on the shaft (3). The brake system (40) may have an adjustable braking force. The disc brake (40) may be manually or hydraulically activated. The brake system (40) may be remotely activated from a tractor (17).</p></abstract><abstract mxw-id="PA139545350" ref-ucid="WO-2014128098-A1" lang="EN" source="national office" load-source="docdb"><p>An agricultural baler (70) comprises a shaft (3), and a flywheel (2) connected to the shaft (3), and a brake system (40) for holding or for stopping the flywheel (2). The brake system (40) may be of the drum-type and/or of the caliper-type. The caliper-type comprises a brake disc (41) and a brake caliper (51). The brake disc (41) may be mounted on the flywheel (2), or on the shaft (3). The brake system (40) may have an adjustable braking force. The disc brake (40) may be manually or hydraulically activated. The brake system (40) may be remotely activated from a tractor (17).</p></abstract><abstract mxw-id="PA139078796" ref-ucid="WO-2014128098-A1" lang="FR" load-source="patent-office"><p num="0000">L'invention concerne une presse à fourrage agricole (70) comprenant un arbre (3), un volant moteur (2) relié à l'arbre (3) et un système de freinage (40) pour maintenir ou arrêter le volant moteur (2). Le système de freinage (40) peut être du type à tambour et/ou du type à étrier. Le type à étrier comprend un disque de frein (41) et un étrier de frein (51). Le disque de frein (41) peut être monté sur le volant moteur (2) ou sur l'arbre (3). Le système de freinage (40) peut être une force de freinage réglable. Le frein à disque (40) peut être activé manuellement ou hydrauliquement. Le système de freinage (40) peut être activé à distance à partir d'un tracteur (17).</p></abstract><abstract mxw-id="PA139545351" ref-ucid="WO-2014128098-A1" lang="FR" source="national office" load-source="docdb"><p>L'invention concerne une presse à fourrage agricole (70) comprenant un arbre (3), un volant moteur (2) relié à l'arbre (3) et un système de freinage (40) pour maintenir ou arrêter le volant moteur (2). Le système de freinage (40) peut être du type à tambour et/ou du type à étrier. Le type à étrier comprend un disque de frein (41) et un étrier de frein (51). Le disque de frein (41) peut être monté sur le volant moteur (2) ou sur l'arbre (3). Le système de freinage (40) peut être une force de freinage réglable. Le frein à disque (40) peut être activé manuellement ou hydrauliquement. Le système de freinage (40) peut être activé à distance à partir d'un tracteur (17).</p></abstract><description mxw-id="PDES78477704" ref-ucid="WO-2014128098-A1" lang="EN" load-source="patent-office"><!-- EPO <DP n="3"/>--><p id="p0001" num="0001"> AGRICULTURAL BALER WITH IMPROVED FLYWHEEL BRAKE </p><p id="p0002" num="0002">Field of the invention </p><p id="p0003" num="0003"> The invention relates to the field of agricultural balers for producing bales of compressed agricultural crop material. More specifically, the present invention relates to large balers with a heavy flywheel (e.g. 700 kg). </p><p id="p0004" num="0004">Background of the invention </p><p id="p0005" num="0005"> The vast majority of balers does not have its own engine, but is towed by a tractor, and is powered by coupling the power take-off (PTO) shaft of the tractor to an input shaft of the baler. The baler further has a flywheel connected to the input shaft, and a gearbox that drives the various mechanisms in the baler to pick-up the crop from a field, to form the crop into bales and to wrap twine and/or foil around the bales. </p><p id="p0006" num="0006"> A one-way clutch is typically arranged between the PTO shaft and the flywheel to allow the flywheel to rotate faster than the PTO shaft. The baler input shaft can be operatively decoupled from the tractor PTO, e.g. for transportation of the baler from one field to the other. </p><p id="p0007" num="0007"> A large and heavy flywheel is typically required in a baler, especially in so called "large square balers", or "high density balers" to overcome peak loads encountered by the baler gearbox, which occurs e.g. when the plunger of the baler compresses the crop material in the bale chamber when forming the bales. By using a flywheel with a high inertia and running at a high speed (e.g. 1000 rpm), peak energy for the peak loads can be delivered by the flywheel, which slightly slows down during each compression, and which is accelerated again by the tractor PTO between two compressions. </p><p id="p0008" num="0008"> When all the crop material of one field is processed, the baler is shut down for safety reasons before being transported to another field. When the baler (i.e. the flywheel and the various mechanisms connected thereto) has come to a stop, it is known in the art to keep the flywheel (and the various mechanisms along with it) in a fixed position by using a belt which is tensioned around a section of the flywheel. </p><p id="p0009" num="0009"> It is important to keep the flywheel in a fixed position during transport, because objects or people wearing loose clothing that may come too close to the baler might get caught in the moving parts. This is especially important with heavy flywheels (e.g. 700 kg) and heavy crank arms (e.g. 150 kg), which may cause the flywheel to turn under their weight, or due to acceleration or deceleration of the tractor, or inclination of the road. 
<!-- EPO <DP n="4"/>-->
 It may be even more important to keep the flywheel in a fixed position when an operator is working on the baler, e.g. during maintenance or repair. </p><p id="p0010" num="0010"> As the flywheel becomes larger and heavier, the belt and fastener do not guarantee sufficient safety anymore. Moreover, improper handling of the belt can cause dangerous situations. </p><p id="p0011" num="0011">Summary of the invention </p><p id="p0012" num="0012"> It is an object of embodiments of the present invention to provide a baler with a good safety. </p><p id="p0013" num="0013"> In particular, it is an object of embodiments of the present invention to provide a baler with a safe mechanism for holding the flywheel in a fixed position during transport. </p><p id="p0014" num="0014"> In a first aspect, the present invention provides an agricultural baler, comprising a shaft for coupling with a power take-off; a flywheel connected to the shaft; and a brake system comprising a disc brake system and/or a drum brake system adapted for braking the flywheel. </p><p id="p0015" num="0015"> Whereas a belt was useful for holding small flywheels in position, this is not the case anymore for heavy flywheels, having weight of e.g. 700 kg. By adding a brake system comprising a disc brake and/or a drum brake to the baler, a baler with a highly reliable and safe brake system is provided, not only for holding the flywheel in a fixed position, but also for slowing down the flywheel when the baler is switched off. Even when the brake is operated manually, the flywheel can be controlled accurately and securely. </p><p id="p0016" num="0016"> Disc brake systems and drum brake systems are mature components with a well- known reliability, and manageable wear issues. By adding a disc brake system or a drum brake system to the baler flywheel, the safety of the baler is largely increased, not only during transportation or while being parked, but also during maintenance or repair, as the risk that the flywheel would suddenly move because of shocks or vibrations is reduced or suppressed. </p><p id="p0017" num="0017"> A huge advantage of the disc brake system or drum brake system is that it not only guarantees a fixed maintained position of the flywheel, but in addition, can also be used for slowing down a moving flywheel. This was simply not possible with the belt. By offering the ability to actively slow down the baler, instead of having to wait until the baler has come to a full stop by itself, time (e.g. on the field) can be more efficiently used. Alternatively, the safety of the baler operators is increased, especially for those cases where the baler was 
<!-- EPO <DP n="5"/>-->
 already torn away before it had come to a complete stop, or late at night, after a hard day of work. </p><p id="p0018" num="0018"> Furthermore, the disc brake system or drum brake system is especially useful in emergency situations, because it allows the flywheel, and the various baler mechanisms, to be stopped much faster than was possible in the past, and moreover, in a safe and reliable way, without damaging the machine, or parts thereof. </p><p id="p0019" num="0019"> An advantage of a disc brake system is that the force exerted by the brake is adjustable. Thus, if desired, a relatively low force can be applied for moderately braking the flywheel, at moderate wear during daily work. But in cases of emergency, the flywheel can be stopped at maximum force, in a minimum amount of time. It is clear that in such cases having a disc brake on the flywheel or not can make the difference between life and death. </p><p id="p0020" num="0020"> In embodiments of the agricultural baler the brake system comprises a drum brake system. </p><p id="p0021" num="0021"> In embodiments of the present invention, the brake system can be a drum brake system. In another embodiment, the brake system can be a disc brake system comprising a drum brake system (e.g. for hand brake purpose). A particular advantage of drum brake systems is that they are less expensive to manufacture than disc brake systems, and they easily incorporate an emergency mechanism, which can be actuated by a different power source than the primary braking system, e.g. by a cable actuation mechanism. The cable may e.g. be connected to a handbrake lever. </p><p id="p0022" num="0022"> In embodiments of the agricultural baler, the disc brake system is a caliper-type disc brake system, comprising a brake disc and a brake caliper. </p><p id="p0023" num="0023"> A particular advantage of a disc brake system and in particular of a caliper-type disc brake system is that it contains less parts than a drum brake system, and is easier to maintain. Other advantages are that the braking force is adjustable and proportional to the pressure placed on the brake pads, and that a disc brake system such as a caliper-type disc brake system cannot block because of lack of self-assist. </p><p id="p0024" num="0024"> In embodiments of the agricultural baler, the brake disc is mounted on the flywheel. This has the advantage that the braking forces and braking heat can be directly transferred to the flywheel, and stress exerted on the shaft can be reduced. </p><p id="p0025" num="0025"> In embodiments of the agricultural baler, the centre of mass of the brake disc coincides with the centre of mass of the flywheel. 
<!-- EPO <DP n="6"/>-->
 In this way, the flywheel and brake disc are better balanced, which further reduces stresses and wear of the shaft. </p><p id="p0026" num="0026"> An agricultural baler according to embodiments of the present invention may further comprise a gearbox, and the brake caliper may be mounted to the gearbox. </p><p id="p0027" num="0027"> This offers the advantage that the forces acting upon the brake caliper are transferred to the gearbox, which is a rigid and high strength part of the baler, well capable of withstanding these forces, without breaking off, thus enhancing the safety. In addition, vibrations, wear and tolerances can be kept well under control. </p><p id="p0028" num="0028"> An agricultural baler according to embodiments of the present invention may further comprise a handle connected to the brake system via a cable. </p><p id="p0029" num="0029"> The handle may be a handbrake lever for manually stopping the flywheel, or for fixing the position of the flywheel. In an embodiment, the handle has a toothed segment for blocking its position in one of several alternative positions, and a push-button for releasing it from this blocked position. This may be particularly useful as an emergency brake, since it can be operated manually. </p><p id="p0030" num="0030"> In embodiments of the agricultural baler, the brake system comprises a hydraulic brake system, and the baler further comprises a hydraulic circuit fluidly connected to the brake system, and further comprises a brake controller for activating and deactivating the brake system. </p><p id="p0031" num="0031"> In this embodiment, very large forces can be exerted on the brake system, resulting in a very large braking force for the flywheel, which is decelerated much faster, while only minimal effort is required for operating it (a child can operate it). This further improves the safety. Moreover, it allows the activation to be done remotely, e.g. from the tractor, which further increases the safety, because time can be gained by not having to leave the tractor, time which may not be available in case of emergency. Furthermore, the brake controller may communicate with a tractor controller, and may e.g. prohibit baler startup as long as the flywheel brake is active. </p><p id="p0032" num="0032"> An agricultural baler according to embodiments of the present invention may further comprise an emergency stop input device connected to the brake controller, and the brake controller may be adapted for activating the brake system with at least a predetermined braking force. 
<!-- EPO <DP n="7"/>-->
 When receiving a 'brake'-command from the emergency stop input device, the controller would apply the maximum allowable braking force, so as to bring the flywheel and the various baler functions to a stop as soon as possible. </p><p id="p0033" num="0033"> In embodiments thereof, the agricultural baler further comprises a sensor connected to the brake controller, and is further adapted for detecting if a door of the baler is opened, and for sending a signal to the brake controller for stopping the flywheel when the door is opened. </p><p id="p0034" num="0034"> In this way the flywheel is automatically stopped when a door or a panel of the baler is opened. This again enhances the safety. </p><p id="p0035" num="0035"> In a second aspect, the present invention provides a baler flywheel assembly, comprising a flywheel and a brake system mounted on the baler flywheel, the brake system comprising a disc brake system and/or a drum brake system. </p><p id="p0036" num="0036"> This flywheel assembly is an integrated part of one of the embodiments of the baler according to the invention. </p><p id="p0037" num="0037"> In embodiments of the baler flywheel assembly, the centre of mass of the brake disc substantially coincides with the centre of mass of the flywheel. </p><p id="p0038" num="0038"> In a third aspect, the present invention provides a baler gearbox assembly, comprising a baler gearbox and a baler flywheel assembly according to the second aspect, mounted to the baler gearbox, wherein the brake system is a caliper-type disc brake system comprising a brake disc and a brake caliper, the brake caliper being mounted to the baler gearbox for engaging with the brake disc of the baler flywheel assembly. </p><p id="p0039" num="0039"> This gearbox assembly is a further integrated part of a baler according to embodiments of the invention. </p><p id="p0040" num="0040"> In a fourth aspect, the present invention provides a tractor and baler combination, comprising an agricultural baler according to the first aspect; a tractor having a PTO connectable to the shaft of the baler for accelerating the flywheel of the baler and wherein the tractor further comprises a tractor controller circuit for sending a command to the brake controller for activating the brake system. </p><p id="p0041" num="0041"> This allows commands for stopping the flywheel to be sent by the tractor driver remotely, without having to step towards the baler. This is faster, safer, and more convenient. Such brake controller may also incorporate additional functionality such as checking if the brake is deactivated before allowing the PTO shaft to be coupled. 
<!-- EPO <DP n="8"/>-->
 Particular and preferred aspects of the invention are set out in the accompanying independent and dependent claims. Features from the dependent claims may be combined with features of the independent claims and with features of other dependent claims as appropriate and not merely as explicitly set out in the claims. </p><p id="p0042" num="0042"> These and other aspects of the invention will be apparent from and elucidated with reference to the embodiment(s) described hereinafter. </p><p id="p0043" num="0043">Brief description of the drawings </p><p id="p0044" num="0044"> The invention will be further elucidated by means of the following figures. </p><p id="p0045" num="0045"> FIG. 1 is an side view of (part of) a classical tractor and a towable baler. </p><p id="p0046" num="0046"> FIG. 2 is a schematic drawing of a flywheel and disc brake arrangement according to an embodiment of the present invention. </p><p id="p0047" num="0047"> FIG. 3 is a front view (direction V) of the schematic drawing of FIG. 2, further showing the position of a brake pad. </p><p id="p0048" num="0048"> FIG. 4 is a schematic drawing in side view of another flywheel and disc brake arrangement according to an embodiment of the present invention, the brake disc being directly mounted on the flywheel. </p><p id="p0049" num="0049"> FIG. 5 is a schematic drawing of an embodiment of a flywheel and brake disc assembly shaped and arranged for having coinciding centers of mass. </p><p id="p0050" num="0050"> FIG. 6 is a schematic drawing of a system according to an embodiment of the present invention comprising a tractor (right) and a baler (left), the baler comprising the flywheel and disc brake arrangement of FIG. 4. </p><p id="p0051" num="0051"> FIG. 7 and FIG. 8 are isometric views of an embodiment of a gearbox assembly comprising a gearbox and a flywheel mounted on an input shaft of the gearbox, and a brake disc mounted to the flywheel, and a brake caliper mounted to the gearbox. </p><p id="p0052" num="0052"> FIG. 9 is a front view of a flywheel assembly comprising the flywheel and the brake disc shown in FIG. 7 and FIG. 8 according to an embodiment of the present invention. </p><p id="p0053" num="0053"> FIG. 10 is a rear view of the flywheel assembly of FIG. 9, additionally showing a brake caliper. </p><p id="p0054" num="0054"> FIG. 11 is a sectional side view of the gearbox assembly of FIG. 7 and FIG. 8. </p><p id="p0055" num="0055"> FIG. 12 is an enlarged view of the encircled portion of the gearbox assembly of</p><p id="p0056" num="0056">FIG. 11. 
<!-- EPO <DP n="9"/>-->
 The drawings are only schematic and are non-limiting. In the drawings, the size of some of the elements may be exaggerated and not drawn on scale for illustrative purposes. </p><p id="p0057" num="0057"> Any reference signs in the claims shall not be construed as limiting the scope. </p><p id="p0058" num="0058"> In the different drawings, the same reference signs refer to the same or analogous elements. </p><p id="p0059" num="0059">Detailed description of illustrative embodiments </p><p id="p0060" num="0060"> The present invention will be described with respect to particular embodiments and with reference to certain drawings but the invention is not limited thereto but only by the claims. The drawings described are only schematic and are non-limiting. In the drawings, the size of some of the elements may be exaggerated and not drawn on scale for illustrative purposes. The dimensions and the relative dimensions do not correspond to actual reductions to practice of the invention. </p><p id="p0061" num="0061"> Furthermore, the terms first, second and the like in the description and in the claims, are used for distinguishing between similar elements and not necessarily for describing a sequence, either temporally, spatially, in ranking or in any other manner. It is to be understood that the terms so used are interchangeable under appropriate circumstances and that the embodiments of the invention described herein are capable of operation in other sequences than described or illustrated herein. </p><p id="p0062" num="0062"> Moreover, the terms top, under and the like in the description and the claims are used for descriptive purposes and not necessarily for describing relative positions. It is to be understood that the terms so used are interchangeable under appropriate circumstances and that the embodiments of the invention described herein are capable of operation in other orientations than described or illustrated herein. </p><p id="p0063" num="0063"> It is to be noticed that the term "comprising", used in the claims, should not be interpreted as being restricted to the means listed thereafter; it does not exclude other elements or steps. It is thus to be interpreted as specifying the presence of the stated features, integers, steps or components as referred to, but does not preclude the presence or addition of one or more other features, integers, steps or components, or groups thereof. Thus, the scope of the expression "a device comprising means A and B" should not be limited to devices consisting only of components A and B. It means that with respect to the present invention, the only relevant components of the device are A and B. 
<!-- EPO <DP n="10"/>-->
 Reference throughout this specification to "one embodiment" or "an embodiment" means that a particular feature, structure or characteristic described in connection with the embodiment is included in at least one embodiment of the present invention. Thus, appearances of the phrases "in one embodiment" or "in an embodiment" in various places throughout this specification are not necessarily all referring to the same embodiment, but may. Furthermore, the particular features, structures or characteristics may be combined in any suitable manner, as would be apparent to one of ordinary skill in the art from this disclosure, in one or more embodiments. </p><p id="p0064" num="0064"> Similarly it should be appreciated that in the description of exemplary embodiments of the invention, various features of the invention are sometimes grouped together in a single embodiment, figure, or description thereof for the purpose of streamlining the disclosure and aiding in the understanding of one or more of the various inventive aspects. This method of disclosure, however, is not to be interpreted as reflecting an intention that the claimed invention requires more features than are expressly recited in each claim. Rather, as the following claims reflect, inventive aspects lie in less than all features of a single foregoing disclosed embodiment. Thus, the claims following the detailed description are hereby expressly incorporated into this detailed description, with each claim standing on its own as a separate embodiment of this invention. </p><p id="p0065" num="0065"> Furthermore, while some embodiments described herein include some but not other features included in other embodiments, combinations of features of different embodiments are meant to be within the scope of the invention, and form different embodiments, as would be understood by those in the art. For example, in the following claims, any of the claimed embodiments can be used in any combination. </p><p id="p0066" num="0066"> In the description provided herein, numerous specific details are set forth. However, it is understood that embodiments of the invention may be practiced without these specific details. In other instances, well-known methods, structures and techniques have not been shown in detail in order not to obscure an understanding of this description. </p><p id="p0067" num="0067"> Where in embodiments of the present invention reference is made to "rectangular baler" reference is made to an agricultural baler for making cuboid bales. </p><p id="p0068" num="0068"> Where in embodiments of the present invention reference is made to "high density bales", bales with a density higher than 100 kg/m<sup>3</sup>, for example higher than 190 kg/m<sup>3</sup> are meant. 
<!-- EPO <DP n="11"/>-->
 In the present invention, "centre of gravity" and "centre of mass" are used as synonyms. </p><p id="p0069" num="0069"> Where in embodiments of the present invention reference is made to a "brake system", reference is made to a device for slowing or stopping the rotation of a wheel while it is in motion. In this application reference is made to disc brake systems (such as the caliper- type of disc brake systems), as well as drum brake systems. The caliper-type of disc brake comprises a brake disc and a caliper, the brake caliper comprising two brake pads to be forced to the sides of the disc. </p><p id="p0070" num="0070"> Agricultural balers, of the type that can be towed and powered via a tractor PTO are known in the art. Referring to the drawings, FIG. 1 shows an example of an agricultural baler 70 comprising a frame 25 which is equipped with a forwardly extending tongue 26 at its front end with hitch means (not shown) for coupling the baler 70 to a towing tractor 17. A pick-up assembly 27 lifts windrowed crop material off the field as the baler 70 is travelled thereover, e.g. while being pulled by a tractor, and delivers such material into the front end of a rearwardly and upwardly curved, charge-forming feeder duct 28. The duct 28 communicates at its upper end with an overhead, fore-and-aft extending bale chamber 80 into which crop charges are loaded by a cyclically operating stuffer mechanism 29. A continuously operating packer mechanism 24 at the lower front end of the feeder duct 28 continuously feeds and packs material into the duct 28 so as to cause charges of the crop material to take on and assume the internal configuration of the duct 28 prior to periodic engagement by the stuffer mechanism 29 and insertion up into the bale chamber 80. The packer mechanism 24 may be replaced by a rotor mechanism which will also continuously feed and pack material into the duct 28. The feeder duct 28 may be equipped with means (not illustrated) for establishing whether a complete charge has been formed therein and operating the stuffer mechanism 29 in response thereto. Each action of the stuffer mechanism 29 introduces a "charge" or "flake" of crop material from the duct 28 into the chamber 80. </p><p id="p0071" num="0071"> A plunger 13 reciprocates in a fore-and-aft direction within the bale chamber 80, at least within a first part thereof. Biomass fed via the feeder duct 28 is thereby compacted, e.g. compressed or otherwise treated, so as to form bales in the above-described operation of the agricultural baler 70. Cuboid shaped bales, also known as "rectangular bales" are formed. The formed bales may then be moved forward by the reciprocating motion of the plunger 13 to shift serially and incrementally along the bale chamber 80 towards a discharge outlet, wherefrom the bales may eventually be ejected. The baler 70 may furthermore comprise 
<!-- EPO <DP n="12"/>-->
 components such as a knotter mechanism for automatically tying the completed bales with e.g. twine or similar lineal object to make them self-supporting, for example for shipping and storage. Once tied, the bales are discharged from the discharge outlet of the bale chamber 80 onto a discharge 31 in the form of a chute, generally designated 31, for gently lowering the bales near ground level. </p><p id="p0072" num="0072"> Large balers 70, especially rectangular balers 70 for producing high-density bales have a flywheel 2 with a relatively large diameter (e.g. in the range of 75 to 130 cm, e.g. 110 cm) and heavy weight (e.g. in the range of 300 to 1000 kg, e.g. 700 kg) for obtaining a high inertial mass or energy equivalent. When all crop material of one field is compacted into bales, the baler 70 is temporarily stopped, e.g. by decoupling or disabling the tractor PTO. While running freely, the flywheel 2 will slow down until it stops, and the related functions, such as the pick-up, packer or stuffer mechanism are deactivated along with the flywheel 2. When the baler 70 is stopped, e.g. temporarily on the field before being transported to another field, or e.g. permanently when parked in a barn, or e.g. for maintenance in a garage, it is important that the flywheel 2 cannot accidentally rotate, e.g. under the weight of the crank 6, or e.g. due to shocks or vibrations. </p><p id="p0073" num="0073"> It is known in the art to block the flywheel by means of a belt, e.g. made from leather, but the use of such a belt has several disadvantages, e.g. the belt is subject to wear, and cannot and should not be tensioned while the flywheel 2 is still moving. A more reliable mechanism for holding the flywheel 2 is therefore desired. </p><p id="p0074" num="0074"> While looking for a more reliable mechanism for holding a flywheel 2 (especially a large and heavy flywheel 2), the inventors came up with the idea of adding a brake system 40 comprising a disc brake system 40 and/or a drum brake system 40 to the flywheel 2. As far as known to the inventors, no agricultural balers 70 with such a brake system for keeping the flywheel 2 in a fixed position, exist yet. Balers 70 may have other brakes, such as brakes for stopping a wrapping roll, or brakes for stopping the conveyer, but these brakes are required for its normal operation. A brake system 40 (according to embodiments of the invention) mounted to the flywheel 2 is not required for its normal operation. On the contrary, whereas disc brake systems 40 and drum brake systems 40 are known and very much used for stopping moving vehicles, such as automobiles and trains, they are not used in the field of agricultural balers 70 for stopping the flywheel 2. There is a general acceptance in the field of agricultural balers 70 that balers 70 have a flywheel 2 with a large inertia, which needs a 
<!-- EPO <DP n="13"/>-->
 significant time to come to a complete stop. Everyone also knows and it is generally accepted that it may be dangerous to approach a baler 40 before it has come to a full stop. </p><p id="p0075" num="0075"> By providing a brake system 40, not only the problem of holding a large and heavy flywheel 2 in a fixed position is solved, but in addition, the brake system 40 adds the ability to actively slow down the flywheel 2 when the baler 70 is switched off. This has the advantage that the switch-off of the baler 70 may be considerably faster and the use of the baler 70 may be considerably safer. </p><p id="p0076" num="0076"> Such a baler flywheel arrangement is schematically illustrated in FIG. 2. For example, the flywheel 2 may have a three-dimensional shape with an outer diameter "D" in the range of 75 to 130 cm, e.g. 110 cm, and a maximum thickness of 40 to 60 cm, e.g. 50 cm, and a weight in the range of 300 to 1000 kg, e.g. 700 kg, whereas the brake disc 41 may have a substantially planar shape, with a diameter "d" in the range of 30 to 60 cm, e.g. 45 cm, and a thickness of 25 to 35 mm, e.g. 30 mm, and a weight in the range of 20 to 40 kg, e.g. 30 kg. Such a disc 41 is quite easy to produce, e.g. starting from casted iron, machining its side surface. It can also be easily mounted on the shaft 3, or to a flywheel 2, if the flywheel 2 has provisions for mounting the brake disc 41. Note that the diameter "d" of the brake disc 41 can be selected independent of the diameter "D" of the flywheel 2, so that the dimensions of the flywheel 2 and disc 41 may be optimized for different purposes, in particular the diameter "d" of the brake disc 41 can be optimized for the desired braking speed, and for heat transfer. </p><p id="p0077" num="0077"> It is noted that FIG. 2 to FIG. 6 are only schematic drawings, they are not drawn to scale, but only show the principles of the invention. For example, the flywheel 2 and the parts of the disc brake system 40 as shown have a very simple shape for illustrative purposes, so as not to obscure their relation with the other elements shown in the figure. FIG. 7 to FIG. 12 show a real example, by means of 3D CAD drawings, and are drawn to scale. </p><p id="p0078" num="0078"> Several embodiments are described next. In FIG. 2 the brake disc 41 is mounted on the shaft 3, and is thus mounted to the flywheel 2 indirectly, whereas in the embodiments of FIG. 4 and FIG. 5, the brake disc 41 is mounted to the flywheel 2 directly. The brake disc 41 may be connected to the flywheel 2 by fastening means, such as e.g. screws (not shown). </p><p id="p0079" num="0079"> FIG. 3 is a view from angle V of FIG. 2. The brake disc 41 is preferably made of steel or cast iron. The brake disc 41 may have holes drilled through them (not shown), for heat dissipation purposes. The brake caliper 51 may be a floating caliper (having a single piston), but is preferably a fixed caliper, for avoiding sticking failures. In embodiments of the present invention, the disc brake system 40 comprises the brake disc 41 described above, and a brake 
<!-- EPO <DP n="14"/>-->
 caliper 51, having a pair of brake claws 42, each having a brake pad 58 made of a high friction material for contacting the side surface of the brake disc 41 when the disc brake 40 is activated. Although the disc brake system 40 shown in FIG. 2 and FIG. 3 is a disc brake system</p><p id="p0080" num="0080">40 (actually a caliper-type disc brake system 40), the invention will also work with a drum brake system 40. Both types of brake systems are well known in the field of automobiles and railway, and therefore need not be described in further detail here. The brake system 40 may be activated in any known way, e.g. mechanically, hydraulically, pneumatically or electromagnetically. In an embodiment the brake system 40 is activated manually by means of a handbrake lever, pivotally mounted for creating a leverage effect. The lever may have a toothed section, for maintaining the position of the handle in a predefined position. The handle may also have a knob for disengaging the toothed section, for releasing the brake system 40. Such brake systems and handles are well known in the automobile industry, and have proven their reliability. In an embodiment of the present invention, the brake system 40 may comprise both, a disc brake system (e.g. hydraulically activated) and a drum brake system (e.g. a mechanical drum brake system manually activated via a handbrake lever as described above). </p><p id="p0081" num="0081"> Caliper-type disc brakes 40 have the advantage (e.g. over drum brake systems (40)) that the braking can be better controlled, because the braking force is proportional to the pressure placed on the brake pad 58 by the braking system 40, e.g. via any brake servo, braking pedal or lever, and a caliper-type disc brake system 40 cannot block because of lack of self-assist. Drum brake systems (40) may be cheaper. </p><p id="p0082" num="0082"> FIG. 4 shows a variant of the flywheel arrangement of FIG. 2, wherein the brake disc</p><p id="p0083" num="0083">41 is connected directly to the flywheel 2, e.g. by means of screws (not shown). An advantage of mounting the brake disc 41 directly to the flywheel 2 is that the forces applied to the brake disc 41 during deceleration of the flywheel 2 (i.e. when braking) are directly transferred from the disc 41 to the flywheel 2, instead of via the shaft 3. This prevents a large torque to be applied over the shaft portion between the flywheel 2 and the brake disc 41. Another advantage is that heat transfer is increased, thanks to the larger contact area with the flywheel 2, closer to the braking surface. </p><p id="p0084" num="0084"> FIG. 5 shows another variant of the flywheel arrangement of FIG. 4, wherein the flywheel 2 is shaped such that the centre of mass cl of the flywheel 2, and the centre of mass c2 of the brake disc 41 coincide. The main advantage hereof is that during acceleration or deceleration of the flywheel 2 by means of the disc brake 41, the forces exerted upon the 
<!-- EPO <DP n="15"/>-->
 shaft 3 are largely reduced. This also reduces stresses exerted upon other components connected to the shaft 3, such as e.g. the shaft bearings (not shown). </p><p id="p0085" num="0085"> FIG. 6 is a schematic drawing of an example of a system comprising a tractor 17 (right) and a baler 70 (left), the baler 70 comprising any of the flywheel arrangements described above. In fact, the system embodiment of FIG. 6 combines several technical features, which may also be implemented separately, or combined differently. </p><p id="p0086" num="0086"> Common to all embodiments is the brake disc 41 having a smooth, e.g. machined side portion adapted for contacting brake pads 58. The brake caliper 51 is preferably mounted to the gearbox 46 (see FIG. 12), which is a rigid part, located close to the flywheel 2, but other suitable parts of the baler frame 25 may also be used for mounting the brake caliper 51. Mounting the brake caliper 51 to the gearbox 46, which is a rigid part, offers the advantage that tolerances can be better controlled, and stresses and vibrations can be limited. </p><p id="p0087" num="0087"> The brake caliper 51 of FIG. 6 is a hydraulic caliper fluidly coupled to the hydraulic system 49 of the baler 70 via hydraulic lines 54 and a control valve 53. The brake caliper 51, may comprise two or more pistons, also called 'pots'. The control valve 53 is controlled via a brake controller 47 which may be part of an integrated baler controller (not shown). The brake controller 47 may e.g. be or comprise an electronic controller adapted for activating or deactivating the brake caliper 51 with a predetermined braking force, depending on the input devices 43, 44, 48, 45 giving a brake command. In an embodiment, the baler 70 has a sensor 43 for detecting if a door or panel (not shown) is opened, and for sending a signal to the brake controller 47 for activating the disc brake 40 for stopping and/or holding the flywheel 2. In the same, a further or another embodiment, the brake controller 47 may be connected to a tractor controller, which may send a command from a tractor input device 45, e.g. a handle or a button, for activating the flywheel disc brake 40. In the same, a further or another embodiment, the baler 70 may have an local input device 44, e.g. a handle, a button, a pedal or another input device, connected to the brake controller 47, for activating the disc brake 40. In the same, a further or another embodiment, the baler 70 may have an emergency stop input device 48, e.g. an emergency button or emergency foot pedal connected to the brake controller 47, e.g. for activating the disc brake 40 in such a way that the flywheel 2 is stopped as soon as possible (e.g. by applying the maximum possible braking force). </p><p id="p0088" num="0088"> FIG. 7 and FIG. 8 show 3D CAD drawings of a gearbox 46 with an shaft 3 and a flywheel 2 mounted on the shaft 3. The flywheel 2 has a combined shape consisting of a conical outer part with a high inertia, and three supporting ribs for connecting the conical 
<!-- EPO <DP n="16"/>-->
 outer part to the shaft 3. A brake disc 41 of the disc brake 40 is connected to the flywheel 2 by means of screws. The centre of mass of the brake disc 41 coincides with the centre of mass of the flywheel 2. The brake caliper 51 is connected to the gearbox 46. This offers the advantage that the forces acting upon the brake caliper 51 are transferred to the gearbox 46, which is a rigid and high strength part of the baler 70, well capable of withstanding these forces, without breaking. </p><p id="p0089" num="0089"> Instead of providing a single caliper 51, it is also possible to provide multiple, e.g. two or three or more brake calipers 51. This has the advantage that the total braking force exerted upon the flywheel 2 can be increased, and consequently that the time needed to stop the flywheel can be decreased. By distributing the brake calipers 51 at 180° (in case of two calipers), or at 120° angular distance (in case of three calipers), etc, the forces exerted upon the shaft 3 during braking may also be reduced, because the friction forces exerted upon the brake disc 41 would be approximately equal in size, but having different directions, thus forming no net force, but a moment. Another advantage would of course be that in case of failure or malfunction of one of the brake calipers, the others would still function, thus increasing the safety of the baler. </p><p id="p0090" num="0090"> FIG. 9 and FIG. 10 show the flywheel 2 and disc brake assembly of FIG. 7 and FIG. 8 respectively in front view F and in rear view (viewing angle F and in FIG. 7 and FIG. 8). In FIG. 9, the flywheel ribs are visible and hiding a large part of the brake disc 41. In FIG. 10, the brake disc 41 is hiding a large part of the flywheel ribs. </p><p id="p0091" num="0091"> In the examples shown in FIG. 7 to FIG. 10, the (single) brake caliper 51 is positioned substantially "vertically above" the shaft 3, (on the Y-axis of FIG. 10), but other positions are also possible. In fact, for the shape of the baler gearbox 46 shown in FIG. 7 and FIG. 8, positioning the brake caliper 51 substantially in the same horizontal plane as the shaft 3 (on the X-axis of FIG. 10), may provide for easier access to the brake caliper 51, e.g. when replacing brake pads 58, or when accessing any greasing nipples (not shown). </p><p id="p0092" num="0092"> FIG. 11 shows an embodiment of a gearbox assembly according to the present invention, comprising the gearbox 46 and a flywheel 2 connected to an input shaft 3 of the gearbox 46, and a disc brake 40, from the side and in partially sectional view (as indicated by viewing angle S in FIG. 8). The brake disc 41 is colored in black for illustrative purposes. </p><p id="p0093" num="0093"> FIG. 12 gives an enlarged view of the encircled part of the gearbox assembly of</p><p id="p0094" num="0094">FIG. 11. 
<!-- EPO <DP n="17"/>-->
 REFERENCES </p><p id="p0095" num="0095"> 2 flywheel </p><p id="p0096" num="0096"> 3 shaft </p><p id="p0097" num="0097"> 6 crank </p><p id="p0098" num="0098"> 14 tractor controller </p><p id="p0099" num="0099"> 15 tractor PTO </p><p id="p0100" num="0100"> 17 tractor </p><p id="p0101" num="0101"> 18 crop material, e.g. straw</p><p id="p0102" num="0102">24 packer mechanism </p><p id="p0103" num="0103"> 25 frame </p><p id="p0104" num="0104"> 26 forward extending tongue</p><p id="p0105" num="0105">27 pick-up assembly </p><p id="p0106" num="0106"> 28 feeder duct </p><p id="p0107" num="0107"> 29 stuffer mechanism </p><p id="p0108" num="0108"> 31 discharge </p><p id="p0109" num="0109"> 40 disc brake </p><p id="p0110" num="0110"> 41 brake disc </p><p id="p0111" num="0111"> 42 brake claw </p><p id="p0112" num="0112"> 43 sensor </p><p id="p0113" num="0113"> 44 input device (of the baler)</p><p id="p0114" num="0114">45 input device (of the tractor)</p><p id="p0115" num="0115">46 gearbox </p><p id="p0116" num="0116"> 47 brake controller </p><p id="p0117" num="0117"> 48 emergency stop input device</p><p id="p0118" num="0118">49 hydraulic system </p><p id="p0119" num="0119"> 51 brake caliper </p><p id="p0120" num="0120"> 53 control valve </p><p id="p0121" num="0121"> 54 hydraulic lines </p><p id="p0122" num="0122"> 58 brake pads </p><p id="p0123" num="0123"> 70 baler 
</p></description><claims mxw-id="PCLM70077984" ref-ucid="WO-2014128098-A1" lang="EN" load-source="patent-office"><claim-statement><!-- EPO <DP n="18"/>--> Claims </claim-statement><claim id="clm-0001" num="1"><claim-text>1. Agricultural baler (70) comprising: </claim-text><claim-text> - a shaft (3) for coupling with a power take-off (15), </claim-text><claim-text> - a flywheel (2) connected to the shaft (3), and </claim-text><claim-text> - a brake system (40) comprising a disc brake system (40) and/or a drum brake system (40) adapted for braking the flywheel (2). </claim-text></claim><claim id="clm-0002" num="2"><claim-text>2. The agricultural baler (70) according to claim 1, wherein the brake system (40) comprises a drum brake system. </claim-text></claim><claim id="clm-0003" num="3"><claim-text>3. The agricultural baler (70) according to claim 1, wherein the disc brake system (40) is a caliper-type disc brake system (40), comprising a brake disc (41) and a brake caliper (51). </claim-text></claim><claim id="clm-0004" num="4"><claim-text>4. The agricultural baler (70) according to claim 3, wherein the brake disc (41) is mounted on the flywheel (2). </claim-text></claim><claim id="clm-0005" num="5"><claim-text>5. The agricultural baler (70) according to claim 4, wherein the centre of mass (c2) of the brake disc (41) coincides with the centre of mass (cl) of the flywheel (2). </claim-text></claim><claim id="clm-0006" num="6"><claim-text>6. The agricultural baler (70) according to any one of claims 3 to 5, further comprising a gearbox (46), and wherein the brake caliper (51) is mounted to the gearbox (46). </claim-text></claim><claim id="clm-0007" num="7"><claim-text>7. The agricultural baler (70) according to any of the preceding claims, further comprising a handle connected to the brake system via a cable. </claim-text></claim><claim id="clm-0008" num="8"><claim-text>8. The agricultural baler (70) according to any of the preceding claims, wherein the brake system (40) comprises a hydraulic brake system (40), and wherein the baler (70) further comprises a hydraulic circuit (49) fluidly connected to the brake system (40), and further comprising a brake controller (47) for activating and deactivating the brake system (40). 
<!-- EPO <DP n="19"/>-->
</claim-text></claim><claim id="clm-0009" num="9"><claim-text>9. The agricultural baler (70) according to claim 8, further comprising an emergency stop input device (48) connected to the brake controller (47), and wherein the brake controller (47) is adapted for activating the brake system (40) with at least a predetermined braking force. </claim-text></claim><claim id="clm-0010" num="10"><claim-text>10. The agricultural baler (70) according to claim 8 or 9, further comprising a sensor (43) connected to the brake controller (47) and adapted for detecting if a door of the baler (70) is opened, and for sending a signal to the brake controller(47) for stopping the flywheel (2) when the door is opened. </claim-text></claim><claim id="clm-0011" num="11"><claim-text>11. A baler flywheel assembly comprising: </claim-text><claim-text> - a flywheel (2); </claim-text><claim-text> - a brake system (40) mounted on the baler flywheel (2), the brake system (40) comprising a disc brake system (40) and/or a drum brake system (40). </claim-text></claim><claim id="clm-0012" num="12"><claim-text>12. The baler flywheel assembly according to claim 11, wherein the centre of mass (c2) of the brake disc (41) substantially coincides with the centre of mass (cl) of the flywheel (2). </claim-text></claim><claim id="clm-0013" num="13"><claim-text>13. A baler gearbox assembly comprising: </claim-text><claim-text> - a baler gearbox (46); </claim-text><claim-text> - the baler flywheel assembly according to claim 11 or 12, mounted to the baler gearbox (46), wherein the brake system (40) is a caliper-type disc brake system (40) comprising a brake disc (41) and a brake caliper (51), the brake caliper (51) being mounted to the baler gearbox (46) for engaging with the brake disc (41) of the baler flywheel assembly. </claim-text><claim-text>A tractor (17) and baler (70) combination, comprising: </claim-text><claim-text> - the agricultural baler (70) according to any of the claims 1-10; </claim-text><claim-text> - a tractor (17) having a PTO (15) connectable to the shaft (3) of the baler (70) for accelerating the flywheel (2) of the baler (70); </claim-text><claim-text> wherein the tractor (17) further comprises a tractor controller circuit for sending a command to the brake controller (47) for activating the brake system (40). 
</claim-text></claim></claims><copyright>User acknowledges that Fairview Research LLC and its third party providers retain all right, title and interest in and to this xml under applicable copyright laws.  User acquires no ownership rights to this xml including but not limited to its format.  User hereby accepts the terms and conditions of the Licence Agreement</copyright></patent-document>
