<?xml version="1.0" encoding="UTF-8"?>
<patent-document ucid="EP-2678106-A1" country="EP" doc-number="2678106" kind="A1" date="20140101" family-id="45757011" file-reference-id="302779" date-produced="20180823" status="corrected" lang="FR"><bibliographic-data><publication-reference fvid="146551964" ucid="EP-2678106-A1"><document-id><country>EP</country><doc-number>2678106</doc-number><kind>A1</kind><date>20140101</date><lang>FR</lang></document-id></publication-reference><application-reference ucid="EP-12705683-A" is-representative="NO"><document-id mxw-id="PAPP154825887" load-source="docdb" format="epo"><country>EP</country><doc-number>12705683</doc-number><kind>A</kind><date>20120224</date><lang>FR</lang></document-id><document-id mxw-id="PAPP220438454" load-source="docdb" format="original"><country>EP</country><doc-number>12705683.6</doc-number><date>20120224</date></document-id></application-reference><priority-claims><priority-claim mxw-id="PPC140447309" ucid="EP-2012053159-W" linkage-type="W" load-source="docdb"><document-id format="epo"><country>EP</country><doc-number>2012053159</doc-number><kind>W</kind><date>20120224</date></document-id></priority-claim><priority-claim mxw-id="PPC140454405" ucid="FR-1151571-A" load-source="docdb"><document-id format="epo"><country>FR</country><doc-number>1151571</doc-number><kind>A</kind><date>20110225</date></document-id></priority-claim></priority-claims><technical-data><classifications-ipcr><classification-ipcr mxw-id="PCL1988111470" load-source="docdb">B01L   3/00        20060101AFI20120914BHEP        </classification-ipcr><classification-ipcr mxw-id="PCL1988127582" load-source="docdb">G01N   1/40        20060101ALI20120914BHEP        </classification-ipcr></classifications-ipcr><classifications-cpc><classification-cpc mxw-id="PCL1988095789" load-source="docdb" scheme="CPC">B01L   3/502769    20130101 LI20131012BHEP        </classification-cpc><classification-cpc mxw-id="PCL1988097645" load-source="docdb" scheme="CPC">G01N2001/381       20130101 LA20131012BHEP        </classification-cpc><classification-cpc mxw-id="PCL1988101808" load-source="docdb" scheme="CPC">B01L2400/0472      20130101 LA20131012BHEP        </classification-cpc><classification-cpc mxw-id="PCL1988105973" load-source="docdb" scheme="CPC">B01L2300/0864      20130101 LA20131012BHEP        </classification-cpc><classification-cpc mxw-id="PCL1988128184" load-source="docdb" scheme="CPC">G01N   1/4005      20130101 LI20131012BHEP        </classification-cpc><classification-cpc mxw-id="PCL1988133701" load-source="docdb" scheme="CPC">B01L2400/086       20130101 LA20131012BHEP        </classification-cpc><classification-cpc mxw-id="PCL1988135229" load-source="docdb" scheme="CPC">B01L2300/0816      20130101 LA20131012BHEP        </classification-cpc><classification-cpc mxw-id="PCL1991311953" load-source="docdb" scheme="CPC">B01D  11/0496      20130101 FI20131226BHEP        </classification-cpc><classification-cpc mxw-id="PCL1991314469" load-source="docdb" scheme="CPC">B01L   3/502753    20130101 LI20140106BHEP        </classification-cpc><classification-cpc mxw-id="PCL1991318702" load-source="docdb" scheme="CPC">B81B   1/00        20130101 LI20131226BHEP        </classification-cpc></classifications-cpc><invention-title mxw-id="PT132188376" lang="DE" load-source="patent-office">MIKROFLUIDISCHE EXTRAKTIONSVORRICHTUNG MIT STABILISIERTER FLÜSSIG-FLÜSSIG-SCHNITTSTELLE</invention-title><invention-title mxw-id="PT132188377" lang="EN" load-source="patent-office">MICROFLUIDIC EXTRACTION DEVICE HAVING A STABILIZED LIQUID/LIQUID INTERFACE</invention-title><invention-title mxw-id="PT132188378" lang="FR" load-source="patent-office">DISPOSITIF MICROFLUIDIQUE D'EXTRACTION A INTERFACE LIQUIDE-LIQUIDE STABILISEE</invention-title><citations><non-patent-citations><nplcit><text>See references of WO 2012113905A1</text><sources><source mxw-id="PNPL67452101" load-source="docdb" name="SEA"/></sources></nplcit></non-patent-citations></citations></technical-data><parties><applicants><applicant mxw-id="PPAR918170138" load-source="docdb" sequence="1" format="epo"><addressbook><last-name>COMMISSARIAT ENERGIE ATOMIQUE</last-name><address><country>FR</country></address></addressbook></applicant><applicant mxw-id="PPAR918145354" load-source="docdb" sequence="1" format="intermediate"><addressbook><last-name>COMMISSARIAT A L'ENERGIE ATOMIQUE ET AUX ENERGIESALTERNATIVES</last-name></addressbook></applicant><applicant mxw-id="PPAR918981354" load-source="patent-office" sequence="1" format="original"><addressbook><last-name>Commissariat à l'Énergie Atomique et aux Énergies Alternatives</last-name><iid>101237959</iid><address><street>25, rue Leblanc Bâtiment "Le Ponant D"</street><city>75015 Paris</city><country>FR</country></address></addressbook></applicant></applicants><inventors><inventor mxw-id="PPAR918168233" load-source="docdb" sequence="1" format="epo"><addressbook><last-name>BERTHIER JEAN</last-name><address><country>FR</country></address></addressbook></inventor><inventor mxw-id="PPAR918169823" load-source="docdb" sequence="1" format="intermediate"><addressbook><last-name>BERTHIER, JEAN</last-name></addressbook></inventor><inventor mxw-id="PPAR918994344" load-source="patent-office" sequence="1" format="original"><addressbook><last-name>BERTHIER, JEAN</last-name><address><street>8 Les Florentines</street><city>F-38240 Meylan</city><country>FR</country></address></addressbook></inventor><inventor mxw-id="PPAR918153963" load-source="docdb" sequence="2" format="epo"><addressbook><last-name>SARRUT-RIO NICOLAS</last-name><address><country>FR</country></address></addressbook></inventor><inventor mxw-id="PPAR918166134" load-source="docdb" sequence="2" format="intermediate"><addressbook><last-name>SARRUT-RIO, NICOLAS</last-name></addressbook></inventor><inventor mxw-id="PPAR918993609" load-source="patent-office" sequence="2" format="original"><addressbook><last-name>SARRUT-RIO, NICOLAS</last-name><address><street>140 rue Georges Maeder</street><city>F-38170 Seyssinet-Pariset</city><country>FR</country></address></addressbook></inventor></inventors><agents><agent mxw-id="PPAR918986150" load-source="patent-office" sequence="1" format="original"><addressbook><last-name>Ahner, Philippe</last-name><suffix>et al</suffix><iid>101021902</iid><address><street>BREVALEX 95 rue d'Amsterdam</street><city>75378 Paris Cedex 8</city><country>FR</country></address></addressbook></agent></agents></parties><international-convention-data><pct-or-regional-filing-data ucid="EP-2012053159-W"><document-id><country>EP</country><doc-number>2012053159</doc-number><kind>W</kind><date>20120224</date><lang>FR</lang></document-id></pct-or-regional-filing-data><pct-or-regional-publishing-data ucid="WO-2012113905-A1"><document-id><country>WO</country><doc-number>2012113905</doc-number><kind>A1</kind><date>20120830</date><lang>FR</lang></document-id></pct-or-regional-publishing-data><designated-states><ep-contracting-states><country mxw-id="DS548941755" load-source="docdb">AL</country><country mxw-id="DS548843498" load-source="docdb">AT</country><country mxw-id="DS548941756" load-source="docdb">BE</country><country mxw-id="DS548929846" load-source="docdb">BG</country><country mxw-id="DS548820034" load-source="docdb">CH</country><country mxw-id="DS548945518" load-source="docdb">CY</country><country mxw-id="DS548843499" load-source="docdb">CZ</country><country mxw-id="DS548941757" load-source="docdb">DE</country><country mxw-id="DS548945519" load-source="docdb">DK</country><country mxw-id="DS548945520" load-source="docdb">EE</country><country mxw-id="DS548871424" load-source="docdb">ES</country><country mxw-id="DS548929847" load-source="docdb">FI</country><country mxw-id="DS548929848" load-source="docdb">FR</country><country mxw-id="DS548941758" load-source="docdb">GB</country><country mxw-id="DS548945521" load-source="docdb">GR</country><country mxw-id="DS548941759" load-source="docdb">HR</country><country mxw-id="DS548843500" load-source="docdb">HU</country><country mxw-id="DS548820035" load-source="docdb">IE</country><country mxw-id="DS548945526" load-source="docdb">IS</country><country mxw-id="DS548929849" load-source="docdb">IT</country><country mxw-id="DS548945527" load-source="docdb">LI</country><country mxw-id="DS548941227" load-source="docdb">LT</country><country mxw-id="DS548843501" load-source="docdb">LU</country><country mxw-id="DS548941228" load-source="docdb">LV</country><country mxw-id="DS548941229" load-source="docdb">MC</country><country mxw-id="DS548952773" load-source="docdb">MK</country><country mxw-id="DS548952778" load-source="docdb">MT</country><country mxw-id="DS548929854" load-source="docdb">NL</country><country mxw-id="DS548871425" load-source="docdb">NO</country><country mxw-id="DS548820036" load-source="docdb">PL</country><country mxw-id="DS548952779" load-source="docdb">PT</country><country mxw-id="DS548929855" load-source="docdb">RO</country><country mxw-id="DS548952780" load-source="docdb">RS</country><country mxw-id="DS548820037" load-source="docdb">SE</country><country mxw-id="DS548843502" load-source="docdb">SI</country><country mxw-id="DS548871426" load-source="docdb">SK</country><country mxw-id="DS548820038" load-source="docdb">SM</country><country mxw-id="DS548941230" load-source="docdb">TR</country></ep-contracting-states></designated-states></international-convention-data><office-specific-data><eptags><ep-no-a-document-published>*</ep-no-a-document-published></eptags></office-specific-data></bibliographic-data><abstract mxw-id="PA99625397" ref-ucid="WO-2012113905-A1" lang="EN" load-source="patent-office"><p num="0000">The invention relates to a microfluidic extraction device (1) for extracting analytes of interest from a carrier liquid (P) in a solvent liquid (S), the two liquids (P, S) forming an interface (2) between micro-pillars (32) of an extraction chamber (30). According to the invention, the carrier liquid (P) forms a wetting angle Θ1 on the micro-pillars (31) and the lower wall (11) of the extraction chamber on the one hand, and a wetting angle Θ2 on the upper wall (21) on the other hand, said wetting angles complying with the relation 45°≤(Θ1+Θ2)/2≤135°.</p></abstract><abstract mxw-id="PA99823916" ref-ucid="WO-2012113905-A1" lang="EN" source="national office" load-source="docdb"><p>The invention relates to a microfluidic extraction device (1) for extracting analytes of interest from a carrier liquid (P) in a solvent liquid (S), the two liquids (P, S) forming an interface (2) between micro-pillars (32) of an extraction chamber (30). According to the invention, the carrier liquid (P) forms a wetting angle T1 on the micro-pillars (31) and the lower wall (11) of the extraction chamber on the one hand, and a wetting angle T2 on the upper wall (21) on the other hand, said wetting angles complying with the relation 45°=(T1+T2)/2=135°.</p></abstract><abstract mxw-id="PA99625398" ref-ucid="WO-2012113905-A1" lang="FR" load-source="patent-office"><p num="0000">L' invention porte sur un dispositif microfluidique d' extraction (1) d' analytes d' intérêt d' un liquide porteur (P) dans un liquide solvant (S), les deux liquides (P, S) formant une interface (2) entre des micro-piliers (32) d' une chambre d' extraction (30). Selon l' invention, le liquide porteur (P) forme un angle de mouillage Θ1 sur les micro-piliers (32) et la paroi inférieure (11) de la chambre d' extraction d' une part, et un angle de mouillage Θ2 sur la paroi supérieure (21) d' autre part, lesdits angles de mouillage vérifiant la relation 45°≤ (Θ1+Θ2) /2 ≤135°.</p></abstract><abstract mxw-id="PA99823917" ref-ucid="WO-2012113905-A1" lang="FR" source="national office" load-source="docdb"><p>L' invention porte sur un dispositif microfluidique d' extraction (1) d' analytes d' intérêt d' un liquide porteur (P) dans un liquide solvant (S), les deux liquides (P, S) formant une interface (2) entre des micro-piliers (32) d' une chambre d' extraction (30). Selon l' invention, le liquide porteur (P) forme un angle de mouillage T1 sur les micro-piliers (32) et la paroi inférieure (11) de la chambre d' extraction d' une part, et un angle de mouillage T2 sur la paroi supérieure (21) d' autre part, lesdits angles de mouillage vérifiant la relation 45°= (T1+T2) /2 =135°.</p></abstract><description mxw-id="PDES50931230" ref-ucid="WO-2012113905-A1" lang="FR" load-source="patent-office"><!-- EPO <DP n="3"/>--><p id="p0001" num="0001"> DISPOSITIF MICROFLUIDIQUE D'EXTRACTION A INTERFACE LIQUIDE-LIQUIDE STABILISEE </p><p id="p0002" num="0002">DESCRIPTION DOMAINE TECHNIQUE </p><p id="p0003" num="0003"> La présente invention concerne le domaine général de la microfluidique et porte sur un dispositif microfluidique d'extraction liquide - liquide d' analytes d' intérêt . </p><p id="p0004" num="0004"> L' extraction des analytes d' intérêt est réalisée dans une chambre d' extraction du micro-dispositif dans laquelle les deux liquides circulent, séparés l'un de 1' autre par des micro-piliers disposés parallèlement aux écoulements . </p><p id="p0005" num="0005"> Les analytes d' intérêt peuvent être des particules chimiques et/ou biologiques, telles que des macromolécules, des cellules, des organites, des pathogènes , voire des agents intercalants . </p><p id="p0006" num="0006"> Le dispositif microfluidique d' extraction trouve une application notamment dans les biotechnologies, la chimie et les sciences de l'environnement. </p><p id="p0007" num="0007">ÉTAT DE LA TECHNIQUE ANTÉRIEURE </p><p id="p0008" num="0008"> Dans de nombreux domaines industriels , on cherche à analyser des échantillons liquides, dans le but notamment de déterminer la concentration en analytes qu'ils peuvent éventuellement contenir. </p><p id="p0009" num="0009"> C<sup>f</sup> est le cas par exemple du domaine du diagnostic , du suivi agroalimentaire ou de la surveillance de l'environnement. 
<!-- EPO <DP n="4"/>-->
 Les étapes d' analyse peuvent nécessiter, préalablement à la détection des analytes et à la mesure de leur concentration, de transférer lesdits analytes d' intérêt d' un liquide porteur vers un solvant liquide pour obtenir une concentration élevée d' analytes dans le solvant liquide. Cela permet d' augmenter l' efficacité et la précision de la détection desdits analytes par les moyens d' analyse courants . </p><p id="p0010" num="0010"> Pour cela, il est connu d' utiliser un dispositif microfluidique d'extraction liquide-liquide, tel que décrit notamment dans l'article de Berthier et al. intitulé « The physïcs of a coflow micro-extractor : Interface stability and optimal extraction length » , 2009, Sensor. Actuator. A 149, 56-64. </p><p id="p0011" num="0011"> Comme le montrent les figures 1 et 2, un tel micro-extracteur 1 comporte une chambre d' extraction 30 formée de deux zones de transfert 31A, 31B séparées 1' une de l' autre dans le sens longitudinal par une pluralité de micro-piliers 32. Le sens longitudinal coïncide avec le sens d' écoulement des liquides dans la chambre d'extraction. Il correspond à la direction selon laquelle s' étend l' interface entre les deux liquides . </p><p id="p0012" num="0012"> La chambre d' extraction 30 est délimitée par des parois inférieure, supérieure et latérales. Les micropiliers 32 sont alignés dans le sens longitudinal et s' étendent chacun entre les parois inférieure et supérieure . </p><p id="p0013" num="0013"> Chaque zone de transfert 31A, 31B communique avec un microcanal 40A, 40B qui assure la circulation fluidique de deux liquides dans la chambre d' extraction 
<!-- EPO <DP n="5"/>-->
30 suivant le sens longitudinal de celle-ci . </p><p id="p0014" num="0014"> Le liquide porteur P d' analytes d' intérêt circule au sein de la première zone de transfert 31A, et le solvant liquide S circule dans la seconde zone de transfert 31B. </p><p id="p0015" num="0015"> Selon l' article cité plus haut, le liquide porteur P est de l' eau ou une solution aqueuse, et le solvant liquide S est une solution organique. Les deux liquides sont non miscibles l'un avec 1/ autre. </p><p id="p0016" num="0016"> Les analytes d' intérêt peuvent être des particules chimiques et/ou biologiques, telles que des macromolécules, des cellules, des organites , des pathogènes, voire des agents intercalants. </p><p id="p0017" num="0017"> U interface du liquide porteur P avec le solvant liquide S est située entre chaque micro-pilier 32 et s' étend entre les parois inférieure et supérieure. Plus précisément , le liquide porteur P forme une pluralité d' interfaces avec le solvant liquide S, qui sont chacune au contact de deux micro-piliers 32 adjacents et des parois inférieure et supérieure. </p><p id="p0018" num="0018"> Les analytes d' intérêt diffusent au travers des interfaces, du liquide porteur vers le solvant liquide, et se lient, par exemple à des ligands de sorte qu' ils ne puissent revenir dans le liquide porteur, ou, par exemple du fait d'une meilleure solubilité dans le solvant . </p><p id="p0019" num="0019">Cependant, le fonctionnement d' un tel microextracteur nécessite de maintenir stables les interfaces du liquide porteur avec le solvant liquide, c' est-à-dire de les maintenir, lors de la circulation des liquides, au contact des micro-piliers et des 
<!-- EPO <DP n="6"/>-->
parois supérieure et inférieure. </p><p id="p0020" num="0020"> Les interfaces sont notamment soumises à des forces capillaires de mouillage du fait du contact des fluides considérés avec les micro- iliers et lesdites parois , lors de leur circulation . </p><p id="p0021" num="0021"> Or, il a été observé que la valeur des angles de mouillage du liquide porteur sur le matériau constituant les micro-piliers et sur le matériau constituant les parois inférieure et supérieure peut avoir une influence déterminante sur la stabilité de 1<sup>1</sup> écoulement . </p><p id="p0022" num="0022"> Ainsi , lorsqu'un premier liquide (par exemple le liquide porteur) présente un angle de mouillage trop élevé (notamment supérieur à 165° voire 170° ) avec 1 ' un des matériaux constituant le dispositif ( la paroi supérieure , paroi inférieure ou piliers) , 1 ' interface n'est pas stable. Cela provoque l'envahissement, par ledit premier liquide , de la zone occupée par le second liquide (par exemple le solvant) . </p><p id="p0023" num="0023"> Cette rupture de l' interface du premier liquide, du fait des forces capillaires de mouillage , peut donc entraîner une dégradation importante de efficacité d' extraction du micro-extracteur, voire un blocage du dispositif . </p><p id="p0024" num="0024">EXPOSÉ DE L'INVENTION </p><p id="p0025" num="0025">1/ invention a pour but de présenter un dispositif microfluidique d' extraction d' analytes d' intérêt d' un liquide porteur dans un liquide solvant , dont l<sup>f</sup> interface du liquide porteur avec le solvant liquide présente une stabilité améliorée par rapport à la 
<!-- EPO <DP n="7"/>-->
 réalisation de l'art antérieur mentionné précédemment.</p><p id="p0026" num="0026">Pour ce faire, l' invention a pour objet un dispositif microfluidique d' extraction d' analytes d' intérêt d' un liquide porteur aqueux dans un solvant liquide non miscible avec le liquide porteur, comportant une chambre d' extraction délimitée par des parois inférieure, supérieure et latérales, et formée d' une première et d<sup>f</sup> une seconde zones de transfert formant, respectivement, une partie d' un premier microcanal et d' un second microcanal et étant séparées 1' une de l' autre dans le sens longitudinal par une pluralité de micro-piliers s' étendant entre lesdites parois inférieure et supérieure, ledit dispositif comportant des moyens pour assurer une circulation dans lesdits microcanaux du liquide porteur avec un débit non nul Dl et du solvant liquide avec un débit non nul D2 , avec D1/D2 &gt; 1, ladite première zone de transfert contenant ledit liquide porteur et ladite seconde zone de transfert contenant ledit solvant liquide, ledit solvant liquide formant avec ledit liquide porteur une pluralité d' interfaces dont chacune s' étend entre deux micro-piliers adjacents et lesdites parois inférieure et supérieure, ledit dispositif étant caractérisé en ce que le liquide porteur baignant dans le solvant liquide et formant, au contact d' un premier matériau constituant les micro-piliers et la paroi inférieure, un premier angle de mouillage Θ1, et, au contact d' un second matériau constituant la paroi supérieure, un deuxième angle, de mouillage Θ2, lesdits liquides et lesdits matériaux sont choisis de sorte à satisfaire la relation : 
<!-- EPO <DP n="8"/>-->
 9min &lt; (θ1+θ2)/2 &lt; 9max avec θιηίη &gt; 45° et 9max ≤ 135°. On voit alors que la moyenne des angles Θ1 et 92 de mouillage précédemment définis doit être comprise entre deux angles limites θ,<sub>η</sub>ι<sub>η</sub> et 9<sub>max</sub>. </p><p id="p0027" num="0027"> D'une façon générale, il est possible de considérer 9<sub>min</sub> &gt; 45°et 9<sub>max</sub> ≤ 135°, ce qui définit une première plage dans laquelle la moyenne des angles de mouillage θχ et θ<sub>2</sub> peut évoluer. De façon préférentielle, on définit une deuxième plage plus restreinte, comprise entre des angles limites 9<sub>min</sub> et 9<sub>raax</sub> tels que 9<sub>min</sub> &gt; 70°et 9<sub>raax</sub>≤ 110°. </p><p id="p0028" num="0028"> Les inventeurs se sont aperçus que plus a se rapproche de 0°, (donc lorsque la moyenne des angles de mouillage θ<sub>χ</sub> et 9<sub>2</sub> définis ci-dessus se rapproche des angles limites 45° ou 135°) , plus la variation de pression de part et d'autre de l'interface doit être maîtrisée, et inférieure à une variation de pression critique APmax, décrite ultérieurement. </p><p id="p0029" num="0029"> Autrement dit, plus les angles de mouillage d'un des deux liquides avec le matériau constituant les piliers ( θ ) et la paroi supérieure (9<sub>2</sub>) se rapprochent des valeurs limites de 45° ou 135°, plus l'équilibre de l'interface sera fragile, et sensible à la moindre fluctuation de la variation de pression de part et d'autre de l'interface. </p><p id="p0030" num="0030"> De préférence, les angles de mouillage θ<sub>1</sub> et θ<sub>2</sub> sont supérieurs à 10° voire 15° et inférieurs à 170°, voire 165° afin d' éviter l' apparition d'un film de 
<!-- EPO <DP n="9"/>-->
contact avec l'un des matériaux constituant le dispositif . </p><p id="p0031" num="0031"> Afin de réduire les risques d'une instabilité de 1 ' interface due aux fluctuations de la variation de pression de part et d ' autre de 1 ' interface , il est préférable que a soit compris entre 25° et 45°. Ainsi , les angles de mouillage précédemment définis sont contenus dans une plage angulaire restreinte dont les valeurs limites 9<sub>min</sub> et 9<sub>max</sub> sont telles que 9<sub>min</sub> &gt; 70°et e<sub>max</sub>≤ 120° . </p><p id="p0032" num="0032"> Une telle plage angulaire restreinte permet par exemple une bonne stabilité de 1 ' interface, en étant relativement insensible aux fluctuations de pression de part et d ' autre de 1 ' interface . Cette gamme peut, par exemple , être obtenue en utilisant les matériaux et liquides suivants : </p><p id="p0033" num="0033"> - premier liquide : solution aqueuse </p><p id="p0034" num="0034"> - deuxième liquide : liquide ionique , par exemple du [BMP] , [NTf;?] ( 1 -butyl- lméthylpyrrolidinium bis- ( trifluorométhane suifonamidure) . </p><p id="p0035" num="0035"> - matériau constituant les piliers ainsi que la paroi inférieure : Si0<sub>2</sub> </p><p id="p0036" num="0036"> - matériau constituant la face supérieure : Verre , par exemple du Pyre . </p><p id="p0037" num="0037"> On comprend que dans le mesure du possible , on a intérêt à ce que la moyenne des angles de mouillage Q<sub>x</sub> et θ<sub>2</sub> se rapproche le plus possible de 90° . </p><p id="p0038" num="0038"> Par liquide porteur, on entend un liquide contenant des analytes d'intérêt. </p><p id="p0039" num="0039"> Par solvant liquide , on entend un liquide apte à recevoir et à garder les analytes d' intérêt initialement contenus dans le liquide porteur . 
<!-- EPO <DP n="10"/>-->
 Le sens longitudinal coïncide avec la direction selon laquelle s<sup>f</sup> étend l' interface entre le liquide porteur et le solvant liquide . Lorsque le liquide porteur et éventuellement le solvant liquide sont en écoulement , le sens longitudinal coïncide avec le sens d' écoulement du ou des liquide (s) . Le sens longitudinal est compris dans un plan sensiblement orthogonal aux parois inférieure et supérieure . </p><p id="p0040" num="0040"> Avantageusement , les largeurs wl , w2 respectives desdites zones de transfert sont choisies de manière à vérifier la relation : )</p><p id="p0041" num="0041"><img id="imgf000010_0001" he="11" wi="41" file="imgf000010_0001.tif" img-format="tif" img-content="drawing" orientation="portrait" inline="no"/>
 où η<sub>ί</sub> est la viscosité dynamique du liquide considéré , et ξ{α<sub>ί</sub>) est un coefficient traduisant la friction à laquelle est soumis le liquide traversant le canal . Plus un canal est étroit , plus ce coefficient est élevé . Pour les applications visées , ce facteur est généralement compris entre 1 et 5. Dans le cas d <sup>1</sup> un canal de section rectangulaire , on a : </p><p id="p0042" num="0042">2[(l / 3) - (64a,. / 7z-<sup>5</sup>) tanh( </p><p id="p0043" num="0043">avec «, - mm où w<sub>t</sub> est la largeur du canal i et H 
<img id="imgf000010_0002" he="13" wi="17" file="imgf000010_0002.tif" img-format="tif" img-content="drawing" orientation="portrait" inline="no"/>
 </p><p id="p0044" num="0044">est la hauteur des canaux, I et D<sub>2</sub> sont respectivement les débits du liquide porteur et du solvant liquide . 
<!-- EPO <DP n="11"/>-->
 Ainsi, la différence de pression dynamique entre le liquide porteur et le solvant liquide dans la chambre d' extraction est constante suivant le sens longitudinal de celle-ci. Il n' y a pas de risque qu' il y ait une zone de la chambre d' extraction dans laquelle la différence de pression dépasse une valeur seuil APmax au-delà de laquelle l' interface est susceptible de rompre . Cette valeur seuil peut être le saut de pression capillaire 2γ/δ, où y est la tension de surface du solvant liquide en contact avec le liquide porteur, et δ est l' espacement moyen entre deux micropiliers adj acents . On obtient ainsi une chambre d' extraction dans laquelle les interfaces sont stables en tout point vis-à-vis des contraintes normales de pression. La chambre d' extraction peut donc être d'une grande longueur utile de transfert . </p><p id="p0045" num="0045"> Avantageusement , le dispositif microfluidique d' extraction comporte des moyens adaptés à imposer, en amont ou en aval de la chambre d' extraction, la pression statique de chacun desdits liquides , lesdites pressions statiques imposées étant sensiblement égales 1' une avec l' autre. Autrement dit, on a intérêt à maintenir une variation de pression ΔΡ, de part et d ' autre de 1 ' interface , aussi proche que possible de 0 , et, dans tous les cas , inférieure à la valeur critique APmax . </p><p id="p0046" num="0046"> Ainsi , la différence de pression dynamique entre les deux liquides au niveau de l' une quelconque desdites interfaces est sensiblement nulle , donc strictement inférieure à la valeur seuil capillaire 2γ/δ. </p><p id="p0047" num="0047"> Le dispositif microfluidique d' extraction selon 
<!-- EPO <DP n="12"/>-->
 1' invention peut être realise a partir de deux substrats . Un substrat inférieur et un substrat supérieur, lesdits micro-piliers et ladite paroi inférieure étant réalisés au sein dudit substrat inférieur tandis que ladite paroi supérieure est formée par ledit substrat supérieur . </p><p id="p0048" num="0048"> De préférence, ledit substrat inférieur est réalisé en oxyde de silicium et ledit substrat supérieur est réalisé en verre. </p><p id="p0049" num="0049"> D' autres avantages et caractéristiques de 1' invention apparaîtront dans la description détaillée non limitative ci-dessous. </p><p id="p0050" num="0050">BRÈVE DESCRIPTION DES DESSINS On décrira à présent, à titre d' exemples non limitatifs, des modes de réalisation de 1' invention, en se référant aux dessins annexés , dans lesquels : </p><p id="p0051" num="0051"> La figure 1, déj à décrite , est une vue schématique en vue de dessus d' un dispositif microfluidique d' extraction selon un exemple de 1' art antérieur ; </p><p id="p0052" num="0052"> La figure 2, déj à décrite , est une vue agrandie et en perspective d' une partie du dispositif microfluidique d' extraction illustré sur la figure 1 ; </p><p id="p0053" num="0053"> La figure 3 est une représentation de 1 ' angle de mouillage Θ formé par un premier liquide Ll mouillant dans un deuxième liquide L2 , au contact de la surface d'un matériau M ; </p><p id="p0054" num="0054"> La figure 4 est une vue schématique en perspective de la chambre d' extraction d' un dispositif microfluidique d' extraction selon le mode de 
<!-- EPO <DP n="13"/>-->
 réalisation préféré de l' invention ; </p><p id="p0055" num="0055"> La figure 5 illustre une coupe transversale du dispositif microfluidique de la Fig . 4 lorsque la condition de stabilité n' est pas respectée. </p><p id="p0056" num="0056">EXPOSÉ DÉTAILLÉ D ' UN MODE DE RÉALI SATION PRÉFÉRÉ </p><p id="p0057" num="0057"> Sur la figure 4 est représenté un dispositif microfluidique d' extraction liquide - liquide , ou microextracteur, permettant le transfert d<sup>f</sup> analytes d' intérêt d' un liquide porteur vers un solvant liquide selon le mode de réalisation préféré de l' invention . </p><p id="p0058" num="0058"> Il est à noter que les échelles ne sont pas respectées , pour privilégier la clarté du dessin. </p><p id="p0059" num="0059"> Dans toute la description qui va suivre , par convention, on utilise un repère orthonormé direct en coordonnées cartésiennes (X , Y, Z ) présenté sur la figure 3. La direction X est orienté suivant le sens longitudinal correspondant au sens de circulation des liquides , la direction Y est orthogonale à la direction X et la direction Z est orientée suivant la hauteur du dispositif . </p><p id="p0060" num="0060"> Les termes « inférieur » et « supérieur » sont ici à comprendre en termes d' orientation suivant la direction Z dudit repère . </p><p id="p0061" num="0061">Le dispositif 1 comporte une chambre d' extraction 30 délimitée par des parois latérales, inférieure 11 et supérieure 12. </p><p id="p0062" num="0062"> La chambre d' extraction 30 est formée d' une première et d' une seconde zones de transfert 31A, 31B séparées l' une de l' autre dans le sens longitudinal par 
<!-- EPO <DP n="14"/>-->
une pluralité de micro-piliers 32. </p><p id="p0063" num="0063"> Les micro-piliers 32 sont alignés suivant le sens longitudinal et s' étendent suivant la direction Z entre lesdites parois inférieure 11 et supérieure 21. </p><p id="p0064" num="0064"> Ils sont de préférence cylindriques au sens général du terme , et peuvent présenter une section circulaire , oblongue , voire polygonale . De préférence , la section est polygonale , par exemple triangulaire , carrée , rectangulaire , et présente des angles vifs . </p><p id="p0065" num="0065"> Ils présentent une hauteur moyenne H définie par la distance entre les parois inférieure 11 et supérieure 21, et une épaisseur moyenne e mesurée suivant le sens transversal . </p><p id="p0066" num="0066"> La chambre d' extraction 30 est formée par un substrat inférieur et un substrat supérieur . Dans le substrat inférieur sont réalisées les zones de transfert 31A, 31B et les micro-piliers 32. Le substrat supérieur, ou capot , est assemblé au substrat inférieur . </p><p id="p0067" num="0067"> Ainsi , les parois latérales , la paroi inférieure</p><p id="p0068" num="0068">11 , ainsi que les micro-piliers 32 , sont réalisées dans le substrat inférieur, alors que la paroi supérieure 21 est une face du substrat supérieur. </p><p id="p0069" num="0069"> Chaque zone de transfert 31A, 31B communique avec un microcanal 40A, 40B (non représenté sur la figure 4 ) identique à celui illustré sur la figure 1. Le microcanal 40A, 40B est formé d'un conduit d'entrée 41A, 41B et d'un conduit de sortie 42A, 42B disposés respectivement en amont et en aval de la chambre d' extraction 30 (figure 1) . </p><p id="p0070" num="0070"> Le premier microcanal 40A est connecté à des moyens 50A permettant de faire circuler un liquide 
<!-- EPO <DP n="15"/>-->
 ^ </p><p id="p0071" num="0071">porteur P d' analytes d' intérêt dans la première zone de transfert 31A avec un débit non nul Dl . Le. second microcanal 40B est connecté à des moyens 50B permettant de faire circuler un solvant liquide S dans la seconde zone de transfert 31B avec un débit D2 , celui-ci pouvant être nul ( figure 1 ) . </p><p id="p0072" num="0072"> Il est à noter que les liquides P, S peuvent circuler à co- courant ou à contre-courant . </p><p id="p0073" num="0073"> La première zone de transfert 31A contient le liquide porteur P et la seconde zone de transfert 31B contient le solvant liquide S . </p><p id="p0074" num="0074"> Avantageusement le solvant liquide S est ionique . Le liquide porteur P forme avec le solvant liquide S, dans la chambre d' extraction 30 , une pluralité d' interfaces 2 dont chacune s' étend entre deux micro-piliers 32 adjacents et entre les parois inférieure 11 et supérieure 21. </p><p id="p0075" num="0075"> Pour chaque liquide considéré , en 1<sup>1</sup> occurrence le liquide porteur et le liquide solvant, des angles de mouillage θι et θ<sub>2</sub> sur les matériaux constituant les piliers , et les surfaces inférieures ou supérieures peuvent être définis . </p><p id="p0076" num="0076"> La figure 3 illustre particulièrement la définition d'un angle de mouillage selon l' invention. Sur cette figure , l' angle de mouillage Θ peut être défini , comme correspondant à 1 ' angle de contact qu'une goutte d'un premier liquide Ll au repos, baignant dans un second liquide L2 au repos , forme lorsqu ' elle est placée au contact d' un matériau M. </p><p id="p0077" num="0077"> Pour la définition des angles de mouillage θι et θ<sub>2</sub>, on considère en effet que le premier liquide et le second liquide sont au repos . Les angles de mouillage 
<!-- EPO <DP n="16"/>-->
ainsi définis sont alors caractéristiques des matériaux constituant le dispositif (la paroi supérieure , la paroi inférieure ou les piliers) et non des écoulements . </p><p id="p0078" num="0078"> Si l'on considère un premier liquide (par exemple le liquide porteur) , un premier angle de mouillage θι peut être défini, correspondant à l'angle de contact qu'une goutte de ce premier liquide, baignant dans le second liquide (le liquide solvant dans cet exemple) , forme lorsqu'elle est placée au contact du matériau constituant les micro-piliers . </p><p id="p0079" num="0079"> Selon l' invention, puisque les angles de mouillage sont définis en fonction des liquides et des matériaux, 1' angle de mouillage au niveau de la paroi inférieure 11 est sensiblement égal à celui mesuré au niveau des micro-piliers 32. Cet angle sera également noté θχ . En effet, la paroi inférieure et les micro-piliers sont réalisés dans le même matériau, puisque ils sont réalisés dans le substrat inférieur </p><p id="p0080" num="0080"> Un second angle de mouillage θ<sub>2</sub> est défini au niveau de la paroi supérieure 21; il correspond alors à l'angle de contact qu'une goutte du premier liquide, baignant dans le second liquide (le liquide solvant dans cet exemple), forme lorsqu'elle est placée au contact du matériau constituant la paroi supérieure. </p><p id="p0081" num="0081"> Il est à noter que les surfaces sont dites hydrophiles lorsque l' angle de mouillage Θ tel que représenté en figure 3, est inférieur à 90° et dites hydrophobes pour un angle Θ supérieur à 90°. On comprend que l' angle de mouillage Θ peut représenter 1' angle θι dans le cas où le matériau M est le matériau du substrat inférieur, où θ<sub>2</sub> dans le cas ou M est le 
<!-- EPO <DP n="17"/>-->
matériau du substrat supérieur. </p><p id="p0082" num="0082"> Dans le premier cas, c'est-à-dire pour Θ inférieur à 90°, le liquide considéré est dit mouillant et dans le second cas, non-mouillant . Il est à noter que l' on se situe ici dans la situation du mouillage partiel et non dans le cas du mouillage total. </p><p id="p0083" num="0083"> Selon l'invention, le liquide porteur P, le solvant liquide S et les matériaux des micro-piliers et de la paroi supérieure ou inférieure sont choisis de sorte que les angles de mouillage Θ1 et Θ2 vérifient la relation : 
<img id="imgf000017_0001" he="7" wi="41" file="imgf000017_0001.tif" img-format="tif" img-content="drawing" orientation="portrait" inline="no"/>
 De préférence, les angles de mouillage θ<sub>ί</sub> et θ<sub>2</sub> sont supérieurs à 10° voire 15° et inférieurs à 170°, voire 165° afin d'éviter l'apparition d'un film de contact avec l'un des matériaux constituant le dispositif (la paroi supérieure, la paroi inférieure ou les piliers) . </p><p id="p0084" num="0084"> Ainsi, les interfaces 2 entre deux micro-piliers 32 sont stables et restent au contact des micro-piliers 32 et des parois inférieures 11 et supérieure 21. </p><p id="p0085" num="0085"> Autrement dit, à l'interface entre les micro- piliers, un matériau constituant une paroi supérieure (ou inférieure ) , on définit : </p><p id="p0086" num="0086"> un premier angle de mouillage θι que forme un premier liquide baignant dans le deuxième liquide, au contact du matériau constituant les piliers et la paroi inférieure ; </p><p id="p0087" num="0087"> un deuxième angle de mouillage θ<sub>2</sub> que forme ledit premier liquide baignant dans ledit deuxième 
<!-- EPO <DP n="18"/>-->
 liquide , au contact du matériau constituant la paroi supérieure ; les matériaux constituant les micro-piliers, la paroi inférieure et la paroi supérieure étant choisis tels que la condition, de stabilité est respectée : 
<img id="imgf000018_0001" he="7" wi="41" file="imgf000018_0001.tif" img-format="tif" img-content="drawing" orientation="portrait" inline="no"/>
 Ainsi , la moyenne des premier et deu ième angles de mouillage doit être comprise entre deux angles limites 9min et 9max, avec 9min &gt; 45° et 9max ≤ 135°. </p><p id="p0088" num="0088"> Naturellement , cette condition doit s ' appliquer à la fois au niveau de la paroi inférieure et au niveau de la paroi supérieure . </p><p id="p0089" num="0089"> Si cette condition de stabilité n' est pas satisfaite , 1 ' interface 2 se déplace selon les flèches en gras représentées sur la Figure 5, ce qui peut conduire à une rupture d ' interface . Dans l'exemple de la figure 5, le premier liquide Ll envahit le demi - canal destiné à L2. Plus précisément, on a représenté en Fig . 5 une coupe transversale du dispositif microfluidique de la Fig. 4. L' interface 2 s' est ici déplacée au-delà du micro-pilier 32 et a pénétré dans la partie du micro- canal réservée à L2. Les angles de contact s i et ε <sub>2</sub> , qui ont été représentés résultent des conditions d ' écoulement des liquides Ln et L<sub>2</sub> dans le dispositif. Il ne s'agit pas d'angles de mouillage (θ<sub>χ</sub> ou θ<sub>2</sub>) au sens de 1 ' invention. On rappelle que dans cette description, un angle de mouillage Θ est défini comme étant 1<sup>1</sup> angle formé par une goutte d ' un premier liquide mouillant un matériau M, cette goutte baignant , 
<!-- EPO <DP n="19"/>-->
au repos , dans un deuxième liquide . </p><p id="p0090" num="0090"> Grâce à la condition précitée , on évite la formation d' un écoulement capillaire de coin (Capillar -dri ven flow in a corner, en anglais ) qui apparaît lorsque la moyenne des angles Θ1 et Θ2 dépasse des limites inférieures ou supérieures définies par la condition de Conçus - Finn . En effet , comme le montre Berthier et Silberzan dans l' ouvrage intitulé Microfluidics for biotechnology, 2010 , Artech House , une interface au contact d' une arête formée de deux surfaces de mouiHabilité différente , définies par leur angle de mouillage Θ1 et Θ2, reste au repos lorsque les angles Θ1 et Θ2 vérifient la condition de Conçus -Finn : </p><p id="p0091" num="0091"> π/2-α&lt; (Θ1+Θ2) /2&lt; π/2+ où a est le demi -angle du coin . Cependant , il apparaît que \<sup>l</sup> interface 2 peut être instable lorsque la moyenne des angles Θ1 et Θ2 est proche de ces angles limites. En effet , dans de telles conditions , la stabilité ne peut-être obtenue que lorsque la variation de pression AP de part et d ' autre de 1<sup>1</sup> interface est inférieure au seuil APmax précédemment défini . La moindre fluctuation de cette variation de pression est susceptible d ' entraîner une instabilité de 1 ' interface , pouvant générer un envahissement du canal occupé par le liquide le moins mouillant par le liquide le plus mouillant . </p><p id="p0092" num="0092"> Or, il a été observé que l' interface 2 reste stable lorsque la relation 70°&lt; (Θ1+Θ2 ) /2 110° donnée précédemment est vérifiée . Cette plage angulaire réduite est avantageuse , car elle permet une moindre maîtrise de la variation de pression de part et d <sup>1</sup> autre de 1 ' interface . Ainsi , des fluctuations mineures autour 
<!-- EPO <DP n="20"/>-->
de .APmax sont moins susceptibles de générer une rupture de 1 ' interface . Par conséquent , le système est plus robuste . </p><p id="p0093" num="0093"> A titre il lustratif , lorsque les micro-piliers 32 et la paroi supérieure 21 sont en Si02, le liquide porteur P étant une solution aqueuse et le solvant S étant un solvant organique comme le cyclohexane , la moyenne des angles Θ1 et Θ2 donne 120°. Cependant, bien que ce résultat vérifie la relation de Conçus -Finn, il a été observé une rupture de l' interface lorsque la pression de part et d'autre de l'interface n'est pas suffisamment maîtrisée . </p><p id="p0094" num="0094"> Au contraire , lorsque le solvant S est le liquide ionique BMP ( 1 -butyl - 1 -méthylpyrrolidinium) , on mesure , dans les mêmes conditions , un angle Θ1 de 97<sup>0</sup> et un angle Θ2 de 110°, ce qui donne une moyenne de 103°. Cette moyenne entre dans la plage angulaire restreinte 70°&lt; (Θ1+Θ2 ) /2&lt;110° . Il a été observé que l'interface 2 est ici parfaitement stable . </p><p id="p0095" num="0095"> Par ailleurs , la pression dynamique du liquide porteur P , et éventuellement celle du solvant liquide S , diminue progressivement suivant le sens longitudinal de la chambre d'extraction 30. </p><p id="p0096" num="0096"> Or, il a été montré dans l' article de Berthier et al. 2009 cité précédemment , que la différence de pression dynamique entre le liquide porteur P et le solvant liquide S suivant le sens longitudinal peut dépasser une valeur seuil au-delà de laquelle 1' interface se rompt . </p><p id="p0097" num="0097"> Cette valeur seuil correspond sensiblement au saut de pression capillaire 2γ/δ, où γ est la tension de surface du liquide porteur P en contact avec le 
<!-- EPO <DP n="21"/>-->
solvant liquide S, et δ est l'espacement moyen entre deux micro-piliers 32 adjacents. longueur de la chambre d' extraction 30 au-delà de laquelle la différence de pression dynamique atteint la v leur seuil . Cette longueur critique limite donc la longueur utile de transfert dans la chambre d'extraction. Pour éviter ce phénomène de longueur cri ique , les largeurs wl , w2 respectives desdites zones de transfert 31A, 31B sont choisies de manière à vérifier la relation : 
<img id="imgf000021_0001" he="12" wi="44" file="imgf000021_0001.tif" img-format="tif" img-content="drawing" orientation="portrait" inline="no"/>
 où η<sub>ί</sub> est la viscosité dynamique du liquide considéré , et ξ( ί) est un coefficient traduisant la friction à laquelle est soumis le liquide traversant le canal i , Plus un canal est étroit , plus ce coefficient est élevé . Pour les applications visées , ce facteur est généralement compris entre 1 et 5. Dans le cas d ' un canal de section rectangulaire , on a : </p><p id="p0098" num="0098">ξ(α<sub>ι</sub>) = </p><p id="p0099" num="0099"> 13) - (64«. Ιπ<sup>5</sup>)tanh(,T /2a,)j </p><p id="p0100" num="0100">avec , comme précédemment , a. où w, est la 
<img id="imgf000021_0002" he="13" wi="28" file="imgf000021_0002.tif" img-format="tif" img-content="drawing" orientation="portrait" inline="no"/>
 </p><p id="p0101" num="0101">largeur du canal z<sup>"</sup> et H est la hauteur des canaux, D, et D<sub>2</sub> sont respectivement les débits du liquide porteur et du solvant liquide . 
<!-- EPO <DP n="22"/>-->
 Ainsi, la différence de pression dynamique entre le liquide porteur P et le solvant liquide S dans la chambre d' extraction 30 est constante suivant le sens longitudinal de celle-ci. </p><p id="p0102" num="0102"> Il n' y a donc plus de longueur limite pour laquelle la différence de pression dynamique atteint la valeur seuil capillaire et rend l'interface instable. </p><p id="p0103" num="0103"> On obtient alors une chambre d' extraction 30 dans laquelle les interfaces 2 sont stables en tout point. La chambre d' extraction 30 peut donc être d' une grande longueur, ce qui permet d' obtenir une surface utile de transfert particulièrement importante. </p><p id="p0104" num="0104"> De plus, il est particulièrement avantageux que la pression statique de chacun des liquides P , S soit fixée en amont ou en aval de la chambre d' extraction 30, de sorte que les pressions statiques imposées soient sensiblement égales. Ainsi, la variation de la pression étant nulle de part et d'autre de l'interface, cette dernière est très stable, et encore plus particulièrement lorsque 70 °&lt; ( Θ1+Θ2 ) /2&lt;110 ° . </p><p id="p0105" num="0105"> Ainsi, la différence de pression dynamique entre les deux liquides P, S au niveau de l' une quelconque desdites interfaces 2 est donc sensiblement nulle et toujours strictement inférieure à la valeur seuil capillaire 2γ/δ. </p><p id="p0106" num="0106"> Les pressions statiques amont ou aval peuvent être fixées par les moyens 50A, 50B adaptés à faire circuler les liquides dans les microcanaux,, par exemple des pompes pour écoulement microfluidique (figure 1) . </p><p id="p0107" num="0107"> Le micro-extracteur 1 selon le mode de réalisation préféré de l' invention peut être réalisé de 
<!-- EPO <DP n="23"/>-->
 la manière suivante, comme il est décrit en partie dans 1' article de Tran et al. intitulé « Micro-extractor for liquid- liquid extraction, concentration and in-situ détection of lead » I RET- 10 : 10th International Conférence on Microreaction, AIchE 2008 pring National Meeting, 6-10 April 2008, New Orléans, USA. </p><p id="p0108" num="0108"> Le substrat inférieur est monolithique et peut être en silicium (Si0<sub>2</sub>) . Le substrat supérieur peut être en silicium ou en verre. </p><p id="p0109" num="0109"> Les microcanaux 40A, 40B, les zones de transfert</p><p id="p0110" num="0110">31A, 31B formant la chambre d' extraction 30 et les micro-piliers 32 peuvent être réalisés par des techniques classiques de microtechnologies (par exemple photolithographie suivie d'une gravure) , par exemple par gravure sélective de type DRIE (« Deep Reactive Ion Etching » en anglais) . </p><p id="p0111" num="0111"> Le procédé de gravure par DRIE du substrat inférieur pour réaliser les zones de transfert 31A, 31B et les micro-piliers 32 est identique à celui décrit dans l'article de Tran et al. mentionné précédemment. </p><p id="p0112" num="0112"> Les surfaces des substrats inférieur et supérieur peuvent être traitées par silanisation, de manière à éventuellement modifier les angles de mouillage Θ1 et Θ2 du liquide porteur. </p><p id="p0113" num="0113"> L' assemblage des deux substrats peut être réalisé par des techniques classiques de scellement moléculaire dans le cas silicium/silicium ou de scellement anodique dans le cas silicium/verre. Il peut aussi se faire par sérigraphie de colle. </p><p id="p0114" num="0114"> La hauteur H de la chambre d<sup>f</sup> extraction 30 peut être comprise entre ΙΟμιτι et 1mm, de préférence entre 50<sub>/</sub>um et 500μπι . La longueur peut être de quelques 
<!-- EPO <DP n="24"/>-->
millimètres à quelques centimètres, par exemple être comprise entre 5mm et 10cm. </p><p id="p0115" num="0115"> La largeur wl, w2 des zones de transfert 31A, 31B peut être comprise entre 0.5 et 10 fois la hauteur H. </p><p id="p0116" num="0116"> Les micro-piliers 32 sont sensiblement identiques les uns aux autres. Leur hauteur est égale à la hauteur H de la chambre d' extraction 30. Leur côté ou la diagonale est comprise entre 0,02 et 1 fois la hauteur H. Par exemple, les micro-piliers 32 peuvent présenter un diamètre ou un côté de 30/xm et une hauteur de ΙΟΟμιτι. </p><p id="p0117" num="0117"> Les micro-piliers 32 sont espacés les uns des autres d' une distance â de préférence supérieure à Ιμτη, par exemple quelques microns à quelques dizaines de microns, de préférence de l'ordre de 5 à ΙΟμιη. </p><p id="p0118" num="0118"> Ainsi, la surface d' interface 2 est la surface utile de transfert, qui peut être de quelques millimètres carrés à quelques dizaines de millimètres carrés . </p><p id="p0119" num="0119"> Les liquides P, S sont non miscibles l' un avec l'autre. Le liquide porteur P est avantageusement aqueux, par exemple de l' eau. Le solvant liquide S est avantageusement ionique, par exemple le [BMP] [NTf2] (1- butyl - 1 -méthylpyrrolidinium bis - ( trifluorométhane suifonamidure) ) . </p><p id="p0120" num="0120"> Les deux liquides P, S présentent un débit Dl et</p><p id="p0121" num="0121">D2 tel que D1/D2 est supérieur à 1, de préférence supérieur à 10 et avantageusement supérieur à 100. Le liquide porteur P peut présenter un débit de 1 à ΙΟμΙ/min et le solvant liquide S un débit de 0.01 à 5/l/min. </p><p id="p0122" num="0122"> Les deux liquides P, S sont choisis, de préférence, de sorte que la moyenne des angles de 
<!-- EPO <DP n="25"/>-->
mouillage Θ1 et Θ2 définis précédemment vérifie la relation 70°&lt; ( Θ1+Θ2 ) /2&lt;110 ° . </p><p id="p0123" num="0123"> La circulation des liquides P, S est obtenue par des pompes seringues et/ou des nanopompes électroniques telles que la Dionex Ultimate 3000. </p><p id="p0124" num="0124"> Bien entendu, diverses modifications peuvent être apportées par l' homme du métier à l' invention qui vient d' être décrite, uniquement à titre d' exemples non limitatifs . </p><p id="p0125" num="0125"> Ainsi, la description ne décrit de manière détaillée que le mode de réalisation dans lequel les parois latérales, la paroi inférieure 11, ainsi que les micro-piliers 32 , sont réalisés dans un même matériau constituant le substrat inférieur, alors que la paroi supérieure 21 est une face du substrat supérieur réalisé dans un autre matériau . </p><p id="p0126" num="0126"> Dans ce cas, le premier angle de mouillage θι a été décrit comme l' angle que forme un premier liquide baignant dans un deuxième liquide , au contact du matériau constituant les piliers et la paroi inférieure et le deuxième angle de mouillage θ<sub>2</sub> comme 1' angle que forme ledit premier liquide baignant dans ledit deuxième liquide , au contact du matériau constituant la paroi supérieure . </p><p id="p0127" num="0127"> On comprendra, sans sortir du cadre de la présente invention que les parois latérales , la paroi supérieure 11 , ainsi que les micro-piliers , peuvent selon une première variante du mode de réalisation décrit , être réalisés dans un même matériau constituant le substrat inférieur , alors que la paroi inférieure est une face du substrat supérieur réalisé dans un autre matériau . 
<!-- EPO <DP n="26"/>-->
 Selon cette première variante, le premier angle de mouillage θι est l' angle que forme un premier liquide baignant dans un deuxième liquide, au contact du matériau constituant les piliers et la paroi supérieure ; et le deuxième angle de mouillage θ<sub>2</sub> est 1' angle que forme ledit premier liquide baignant dans ledit deuxième liquide, au contact du matériau constituant la paroi inférieure. </p><p id="p0128" num="0128"> Dans une seconde variante du mode de réalisation décrit, la paroi inférieure et la paroi supérieure pourront être réalisées dans un même matériau, et les piliers dans autre matériau. </p><p id="p0129" num="0129"> Selon cette seconde variante, le premier angle de mouillage Q est l' angle que forme un premier liquide baignant dans un deuxième liquide, au contact du matériau constituant les piliers; et le deuxième angle de mouillage θ<sub>2</sub> est l' angle que forme ledit premier liquide baignant dans ledit deuxième liquide, au contact du matériau constituant la paroi inférieure et la paroi supérieure. 
</p></description><claims mxw-id="PCLM44727183" ref-ucid="WO-2012113905-A1" lang="FR" load-source="patent-office"><claim-statement><!-- EPO <DP n="27"/>-->REVENDICATIONS </claim-statement><claim id="clm-0001" num="1"><claim-text>1. Dispositif microfluidique d' extraction (1) d' analytes d' intérêt d' un liquide porteur (P) dans un solvant liquide (S) non miscible avec le liquide porteur (P) , comportant une chambre d' extraction (30) délimitée par des parois inférieure (11), supérieure (21) et latérales, et formée d' une première et d' une seconde zones de transfert (31A, 31B) formant, respectivement, une partie d' un premier microcanal (40A) et d' un second microcanal (40B) et étant séparées 1' une de l' autre dans le sens longitudinal par une pluralité de micro-piliers (32) s' étendant entre lesdites parois inférieure (11) et supérieure (21) , ledit dispositif comportant des moyens (50A, 50B) pour assurer une circulation dans lesdits microcanaux (40A, 40B) du liquide porteur (P) et du solvant liquide (S) , ladite première zone de transfert (31A) contenant ledit liquide porteur (P) et ladite seconde zone de transfert (31B) contenant ledit solvant liquide (S) , ledit solvant liquide (S) formant avec ledit liquide porteur (P) une pluralité d' interfaces (2) dont chacune s' étend entre deux micro-piliers (32) adjacents et lesdites parois inférieure (11) et supérieure (21) , </claim-text><claim-text> ledit dispositif étant caractérisé en ce que le liquide porteur (P) baignant dans le solvant liquide (S) et formant, au contact d' un premier matériau constituant les micro-piliers ( 32 ) , un premier angle de mouillage Θ1 , et , au contact d'un second matériau constituant la paroi supérieure (21) ou la paroi inférieure (11) , un deuxième angle de mouillage Θ2 , lesdits liquides et lesdits matériaux sont choisis de <!-- EPO <DP n="28"/>--> sorte à satisfaire la relation </claim-text><claim-text>6min &lt; (θ1+θ2)/2 &lt; 9max avec θιηίη &gt; 45° et Gmax ≤ 135°. </claim-text></claim><claim id="clm-0002" num="2"><claim-text>2. Dispositif microfluidique d'extraction (1) selon la revendication 1, tel que </claim-text><claim-text> 9min &gt; 70° et 9max &lt; 110° . </claim-text></claim><claim id="clm-0003" num="3"><claim-text>3 . Dispositif microfluidique d'extraction (1) selon la revendication 1 ou 2 , caractérisé en ce que le solvant (S) est ionique . </claim-text></claim><claim id="clm-0004" num="4"><claim-text>4. Dispositif microfluidique d'extraction (1) selon l' une quelconque des revendications précédentes caractérisé en ce que le liquide porteur ( P) est aqueu . </claim-text></claim><claim id="clm-0005" num="5"><claim-text>5. Dispositif microfluidique d' extraction ( 1 ) selon l'une quelconque des revendications précédentes, caractérisé en ce que les moyens (50A, 50B) pour assurer une circulation dans lesdits microcanaux (40A, 40B) assurent une circulation du liquide porteur (P) avec un débit Dl non nul , et du solvant liquide (S) avec un débit D2 non nul , avec D1/D2 &gt; 1. </claim-text></claim><claim id="clm-0006" num="6"><claim-text>6. Dispositif microfluidique d' extraction ( 1 ) selon la revendication 5 , caractérisé en ce que les largeurs wl , w2 respectives desdites zones de transfert (31A, 31B) sont choisies de manière à vérifier la <!-- EPO <DP n="29"/>--> relation <sup>1</sup> <sub>3</sub>' ξ( <sub>ι</sub>)= <sup>2</sup> <sub>3</sub><sup>2</sup> ξ( .,) où η<sub>ί</sub> est la viscosité dynamique du liquide i considéré, ζ( ,) est un coefficient traduisant la friction à laquelle est soumis le liquide traversant le canal , étant compris entre 1 et 5, et D<sub>]</sub>,D<sub>2</sub> sont respectivement les débits du liquide porteur (P) et du solvant liquide (S) . </claim-text></claim><claim id="clm-0007" num="7"><claim-text>7 . Dispositif microfluidique d'extraction (1) selon l'une quelconque des revendications précédentes, caractérisé qu' il comporte des moyens (50A, 50B) adaptés à imposer, en amont ou en aval de la chambre d'extraction (30), la pression statique de chacun desdits liquides (P, S) , lesdites pressions statiques imposées étant sensiblement égales. </claim-text></claim><claim id="clm-0008" num="8"><claim-text>8 . Dispositif microfluidique d'extraction (1) selon l' une quelconque des revendications précédentes , caractérisé en ce qu' il comporte un substrat inférieur et un substrat supérieur, lesdits micro-piliers (32) et ladite paroi inférieure (11) étant réalisés au sein dudit substrat inférieur et ladite paroi supérieure (21) étant formée par ledit substrat supérieur. </claim-text></claim><claim id="clm-0009" num="9"><claim-text>9 . Dispositif microfluidique d'extraction (1) selon la revendication 8, caractérisé en ce que ledit substrat inférieur est réalisé en oxyde de silicium et ledit substrat supérieur est réalisé en verre. </claim-text></claim></claims><copyright>User acknowledges that Fairview Research LLC and its third party providers retain all right, title and interest in and to this xml under applicable copyright laws.  User acquires no ownership rights to this xml including but not limited to its format.  User hereby accepts the terms and conditions of the Licence Agreement</copyright></patent-document>
