<?xml version="1.0" encoding="UTF-8"?>
<patent-document ucid="EP-2958871-A1" country="EP" doc-number="2958871" kind="A1" date="20151230" family-id="47748488" file-reference-id="316602" date-produced="20180822" status="corrected" lang="DE"><bibliographic-data><publication-reference fvid="160453807" ucid="EP-2958871-A1"><document-id><country>EP</country><doc-number>2958871</doc-number><kind>A1</kind><date>20151230</date><lang>DE</lang></document-id></publication-reference><application-reference ucid="EP-13811519-A" is-representative="NO"><document-id mxw-id="PAPP193870582" load-source="patent-office" format="original"><country>EP</country><doc-number>13811519.1</doc-number><date>20131219</date><lang>DE</lang></document-id><document-id mxw-id="PAPP193870583" load-source="docdb" format="epo"><country>EP</country><doc-number>13811519</doc-number><kind>A</kind><date>20131219</date><lang>DE</lang></document-id></application-reference><priority-claims><priority-claim mxw-id="PPC162026928" ucid="EP-13155970-A" load-source="docdb"><document-id format="epo"><country>EP</country><doc-number>13155970</doc-number><kind>A</kind><date>20130220</date></document-id></priority-claim><priority-claim mxw-id="PPC162029699" ucid="EP-13811519-A" load-source="docdb"><document-id format="epo"><country>EP</country><doc-number>13811519</doc-number><kind>A</kind><date>20131219</date></document-id></priority-claim><priority-claim mxw-id="PPC162035092" ucid="EP-2013077352-W" linkage-type="W" load-source="docdb"><document-id format="epo"><country>EP</country><doc-number>2013077352</doc-number><kind>W</kind><date>20131219</date></document-id></priority-claim></priority-claims><technical-data><classifications-ipcr><classification-ipcr mxw-id="PCL-1988519725" load-source="docdb">B32B  17/06        20060101ALI20140910BHEP        </classification-ipcr><classification-ipcr mxw-id="PCL-1988520206" load-source="docdb">C03C  17/00        20060101AFI20140910BHEP        </classification-ipcr><classification-ipcr mxw-id="PCL-1988520469" load-source="docdb">C08J   7/00        20060101ALI20140910BHEP        </classification-ipcr><classification-ipcr mxw-id="PCL-1988521281" load-source="docdb">C03C  17/34        20060101ALI20140910BHEP        </classification-ipcr><classification-ipcr mxw-id="PCL-1988521886" load-source="docdb">G02B   1/11        20150101ALI20140910BHEP        </classification-ipcr><classification-ipcr mxw-id="PCL-1988523148" load-source="docdb">C03C  27/10        20060101ALI20140910BHEP        </classification-ipcr></classifications-ipcr><classifications-cpc><classification-cpc mxw-id="PCL-1858707846" load-source="docdb" scheme="CPC">G02B   5/26        20130101 LI20170112BHEP        </classification-cpc><classification-cpc mxw-id="PCL-1858707847" load-source="docdb" scheme="CPC">G02B   5/208       20130101 LI20170112BHEP        </classification-cpc><classification-cpc mxw-id="PCL-1858707848" load-source="docdb" scheme="CPC">G02B   1/115       20130101 LI20170112BHEP        </classification-cpc><classification-cpc mxw-id="PCL-1858707849" load-source="docdb" scheme="CPC">G02B   1/113       20130101 LI20170112BHEP        </classification-cpc><classification-cpc mxw-id="PCL-1858707850" load-source="docdb" scheme="CPC">C03C  17/3417      20130101 LI20170112BHEP        </classification-cpc><classification-cpc mxw-id="PCL-1858707851" load-source="docdb" scheme="CPC">B32B  17/10174     20130101 LI20170112BHEP        </classification-cpc><classification-cpc mxw-id="PCL-1984696939" load-source="docdb" scheme="CPC">C03C2217/948       20130101 LA20160108BHEP        </classification-cpc><classification-cpc mxw-id="PCL-1984697450" load-source="docdb" scheme="CPC">C23C  14/185       20130101 LI20160107BHEP        </classification-cpc><classification-cpc mxw-id="PCL-1984697506" load-source="docdb" scheme="CPC">C23C  14/0652      20130101 LI20160107BHEP        </classification-cpc><classification-cpc mxw-id="PCL-1984697549" load-source="docdb" scheme="CPC">C03C2217/734       20130101 LA20160108BHEP        </classification-cpc><classification-cpc mxw-id="PCL-1984699194" load-source="docdb" scheme="CPC">C03C  17/3435      20130101 FI20160108BHEP        </classification-cpc><classification-cpc mxw-id="PCL-1984699510" load-source="docdb" scheme="CPC">B32B2605/08        20130101 LA20160107BHEP        </classification-cpc><classification-cpc mxw-id="PCL-1984699691" load-source="docdb" scheme="CPC">C23C  14/35        20130101 LI20160107BHEP        </classification-cpc><classification-cpc mxw-id="PCL-1984699782" load-source="docdb" scheme="CPC">C23C  14/086       20130101 LI20160107BHEP        </classification-cpc><classification-cpc mxw-id="PCL-1984699840" load-source="docdb" scheme="CPC">C23C  14/0036      20130101 LI20160107BHEP        </classification-cpc><classification-cpc mxw-id="PCL-1984699927" load-source="docdb" scheme="CPC">B32B2419/00        20130101 LA20160107BHEP        </classification-cpc><classification-cpc mxw-id="PCL-1984700870" load-source="docdb" scheme="CPC">C23C  14/081       20130101 LI20160107BHEP        </classification-cpc><classification-cpc mxw-id="PCL-1984702754" load-source="docdb" scheme="CPC">B32B  17/10431     20130101 LI20160107BHEP        </classification-cpc><classification-cpc mxw-id="PCL-1984703035" load-source="docdb" scheme="CPC">C23C  14/0641      20130101 LI20160107BHEP        </classification-cpc><classification-cpc mxw-id="PCL-1984703036" load-source="docdb" scheme="CPC">B32B2605/12        20130101 LA20160107BHEP        </classification-cpc><classification-cpc mxw-id="PCL-1984703061" load-source="docdb" scheme="CPC">C03C  17/3482      20130101 LI20160107BHEP        </classification-cpc><classification-cpc mxw-id="PCL-1984703230" load-source="docdb" scheme="CPC">B32B2605/10        20130101 LA20160107BHEP        </classification-cpc><classification-cpc mxw-id="PCL-1984703548" load-source="docdb" scheme="CPC">B32B2255/28        20130101 LA20160107BHEP        </classification-cpc><classification-cpc mxw-id="PCL-1984703867" load-source="docdb" scheme="CPC">C03C2217/94        20130101 LA20160108BHEP        </classification-cpc><classification-cpc mxw-id="PCL-1984705037" load-source="docdb" scheme="CPC">C23C  14/083       20130101 LI20160107BHEP        </classification-cpc><classification-cpc mxw-id="PCL-1984705357" load-source="docdb" scheme="CPC">B32B2605/18        20130101 LA20160107BHEP        </classification-cpc><classification-cpc mxw-id="PCL-1984705392" load-source="docdb" scheme="CPC">B32B  17/10036     20130101 LI20160108BHEP        </classification-cpc><classification-cpc mxw-id="PCL-1984705431" load-source="docdb" scheme="CPC">B32B  17/10761     20130101 LI20160108BHEP        </classification-cpc></classifications-cpc><invention-title mxw-id="PT165552887" lang="DE" load-source="patent-office">SCHEIBE MIT WÄRMESTRAHLUNG REFLEKTIERENDER BESCHICHTUNG</invention-title><invention-title mxw-id="PT165552888" lang="EN" load-source="patent-office">PANEL WITH A COATING WHICH REFLECTS THERMAL RADIATION</invention-title><invention-title mxw-id="PT165552889" lang="FR" load-source="patent-office">VITRE DOTÉE D'UN REVÊTEMENT RÉFLÉCHISSANT LE RAYONNEMENT THERMIQUE</invention-title></technical-data><parties><applicants><applicant mxw-id="PPAR1103344176" load-source="docdb" sequence="1" format="epo"><addressbook><last-name>SAINT GOBAIN</last-name><address><country>FR</country></address></addressbook></applicant><applicant mxw-id="PPAR1103320555" load-source="docdb" sequence="1" format="intermediate"><addressbook><last-name>SAINT-GOBAIN GLASS FRANCE</last-name></addressbook></applicant><applicant mxw-id="PPAR1101649350" load-source="patent-office" sequence="1" format="original"><addressbook><last-name>Saint-Gobain Glass France</last-name><iid>101235223</iid><address><street>18 avenue d' Alsace</street><city>92400 Courbevoie</city><country>FR</country></address></addressbook></applicant></applicants><inventors><inventor mxw-id="PPAR1103306068" load-source="docdb" sequence="1" format="epo"><addressbook><last-name>HAGEN JAN</last-name><address><country>DE</country></address></addressbook></inventor><inventor mxw-id="PPAR1103323322" load-source="docdb" sequence="1" format="intermediate"><addressbook><last-name>HAGEN, JAN</last-name></addressbook></inventor><inventor mxw-id="PPAR1101645804" load-source="patent-office" sequence="1" format="original"><addressbook><last-name>HAGEN, JAN</last-name><address><street>Kannheideweg 94</street><city>53123 Bonn</city><country>DE</country></address></addressbook></inventor><inventor mxw-id="PPAR1103342025" load-source="docdb" sequence="2" format="epo"><addressbook><last-name>MANZ FLORIAN</last-name><address><country>DE</country></address></addressbook></inventor><inventor mxw-id="PPAR1103334437" load-source="docdb" sequence="2" format="intermediate"><addressbook><last-name>MANZ, FLORIAN</last-name></addressbook></inventor><inventor mxw-id="PPAR1101646574" load-source="patent-office" sequence="2" format="original"><addressbook><last-name>MANZ, FLORIAN</last-name><address><street>Guaitastr. 25</street><city>52064 Aachen</city><country>DE</country></address></addressbook></inventor></inventors><agents><agent mxw-id="PPAR1101647671" load-source="patent-office" sequence="1" format="original"><addressbook><last-name>Gebauer, Dieter Edmund</last-name><suffix>et al</suffix><iid>101163894</iid><address><street>Splanemann Patentanwälte Partnerschaft Rumfordstrasse 7</street><city>80469 München</city><country>DE</country></address></addressbook></agent></agents></parties><international-convention-data><pct-or-regional-filing-data ucid="EP-2013077352-W"><document-id><country>EP</country><doc-number>2013077352</doc-number><kind>W</kind><date>20131219</date><lang>DE</lang></document-id></pct-or-regional-filing-data><pct-or-regional-publishing-data ucid="WO-2014127868-A1"><document-id><country>WO</country><doc-number>2014127868</doc-number><kind>A1</kind><date>20140828</date><lang>DE</lang></document-id></pct-or-regional-publishing-data><designated-states><ep-contracting-states><country mxw-id="DS660735067" load-source="docdb">AL</country><country mxw-id="DS660759401" load-source="docdb">AT</country><country mxw-id="DS660735069" load-source="docdb">BE</country><country mxw-id="DS660724172" load-source="docdb">BG</country><country mxw-id="DS660795106" load-source="docdb">CH</country><country mxw-id="DS660724924" load-source="docdb">CY</country><country mxw-id="DS660759402" load-source="docdb">CZ</country><country mxw-id="DS660735070" load-source="docdb">DE</country><country mxw-id="DS660724925" load-source="docdb">DK</country><country mxw-id="DS660724926" load-source="docdb">EE</country><country mxw-id="DS660643250" load-source="docdb">ES</country><country mxw-id="DS660724173" load-source="docdb">FI</country><country mxw-id="DS660646697" load-source="docdb">FR</country><country mxw-id="DS660735079" load-source="docdb">GB</country><country mxw-id="DS660724931" load-source="docdb">GR</country><country mxw-id="DS660735080" load-source="docdb">HR</country><country mxw-id="DS660759407" load-source="docdb">HU</country><country mxw-id="DS660795107" load-source="docdb">IE</country><country mxw-id="DS660724932" load-source="docdb">IS</country><country mxw-id="DS660646698" load-source="docdb">IT</country><country mxw-id="DS660724933" load-source="docdb">LI</country><country mxw-id="DS660724174" load-source="docdb">LT</country><country mxw-id="DS660642058" load-source="docdb">LU</country><country mxw-id="DS660724179" load-source="docdb">LV</country><country mxw-id="DS660724180" load-source="docdb">MC</country><country mxw-id="DS660642063" load-source="docdb">MK</country><country mxw-id="DS660642064" load-source="docdb">MT</country><country mxw-id="DS660642065" load-source="docdb">NL</country><country mxw-id="DS660646703" load-source="docdb">NO</country><country mxw-id="DS660642066" load-source="docdb">PL</country><country mxw-id="DS660795108" load-source="docdb">PT</country><country mxw-id="DS660643259" load-source="docdb">RO</country><country mxw-id="DS660795109" load-source="docdb">RS</country><country mxw-id="DS660642075" load-source="docdb">SE</country><country mxw-id="DS660735082" load-source="docdb">SI</country><country mxw-id="DS660646704" load-source="docdb">SK</country><country mxw-id="DS660642076" load-source="docdb">SM</country><country mxw-id="DS660724934" load-source="docdb">TR</country></ep-contracting-states><ep-extended-states><ep-extended-state-data><country>BA</country></ep-extended-state-data><ep-extended-state-data><country>ME</country></ep-extended-state-data></ep-extended-states></designated-states></international-convention-data><office-specific-data><eptags><ep-no-a-document-published>*</ep-no-a-document-published></eptags></office-specific-data></bibliographic-data><abstract mxw-id="PA139079348" ref-ucid="WO-2014127868-A1" lang="DE" load-source="patent-office"><p num="0000">Die vorliegende Erfindung betrifft eine Scheibe mit Wärmestrahlung reflektierender Beschichtung, umfassend mindestens ein Substrat (1) und mindestens eine Wärmestrahlung reflektierende Beschichtung (2) mindestens auf der innenraumseitigen Oberfläche des Substrats (1), wobei - die Scheibe eine Transmission im sichtbaren Spektralbereich kleiner als 5 % aufweist und - die Beschichtung (2) ausgehend vom Substrat (1) mindestens umfasst: - eine Haftschicht (3), welche zumindest ein Material mit einem Brechungsindex von kleiner als 1,8 enthält, - eine funktionelle Schicht (4), die zumindest ein transparentes, elektrisch leitfähiges Oxid enthält, - eine optisch hochbrechende Schicht (5), welche zumindest ein Material mit einem Brechungsindex von größer oder gleich 1,8 enthält, und - eine optisch niedrigbrechende Schicht (6), welche zumindest ein Material mit einem Brechungsindex von kleiner als 1,8 enthält.</p></abstract><abstract mxw-id="PA139545903" ref-ucid="WO-2014127868-A1" lang="DE" source="national office" load-source="docdb"><p>Die vorliegende Erfindung betrifft eine Scheibe mit Wärmestrahlung reflektierender Beschichtung, umfassend mindestens ein Substrat (1) und mindestens eine Wärmestrahlung reflektierende Beschichtung (2) mindestens auf der innenraumseitigen Oberfläche des Substrats (1), wobei - die Scheibe eine Transmission im sichtbaren Spektralbereich kleiner als 5 % aufweist und - die Beschichtung (2) ausgehend vom Substrat (1) mindestens umfasst: - eine Haftschicht (3), welche zumindest ein Material mit einem Brechungsindex von kleiner als 1,8 enthält, - eine funktionelle Schicht (4), die zumindest ein transparentes, elektrisch leitfähiges Oxid enthält, - eine optisch hochbrechende Schicht (5), welche zumindest ein Material mit einem Brechungsindex von größer oder gleich 1,8 enthält, und - eine optisch niedrigbrechende Schicht (6), welche zumindest ein Material mit einem Brechungsindex von kleiner als 1,8 enthält.</p></abstract><abstract mxw-id="PA139079349" ref-ucid="WO-2014127868-A1" lang="EN" load-source="patent-office"><p num="0000">The invention relates to a panel with a coating which reflects thermal radiation, comprising at least one substrate (1) and at least one thermal radiation-reflecting coating (2) at least on the interior-side surface of the substrate (1), wherein - the panel has a transmission in the visible spectrum range of less than 5%, and - starting from the substrate (1), the coating (2) at least comprises: - an adhesive layer (3) which contains at least one material with a refractive index of less than 1.8, - a functional layer (4) which contains at least one transparent electrically conductive oxide, - an optically high-refractive-index layer (5) which contains at least one material with a refractive index greater than or equal to 1.8, and - an optically low-refractive-index layer (6) which contains at least one material with a refractive index of less than 1.8.</p></abstract><abstract mxw-id="PA139545904" ref-ucid="WO-2014127868-A1" lang="EN" source="national office" load-source="docdb"><p>The invention relates to a panel with a coating which reflects thermal radiation, comprising at least one substrate (1) and at least one thermal radiation-reflecting coating (2) at least on the interior-side surface of the substrate (1), wherein - the panel has a transmission in the visible spectrum range of less than 5%, and - starting from the substrate (1), the coating (2) at least comprises: - an adhesive layer (3) which contains at least one material with a refractive index of less than 1.8, - a functional layer (4) which contains at least one transparent electrically conductive oxide, - an optically high-refractive-index layer (5) which contains at least one material with a refractive index greater than or equal to 1.8, and - an optically low-refractive-index layer (6) which contains at least one material with a refractive index of less than 1.8.</p></abstract><abstract mxw-id="PA139079350" ref-ucid="WO-2014127868-A1" lang="FR" load-source="patent-office"><p num="0000">La présente invention concerne une vitre dotée d'un revêtement réfléchissant le rayonnement thermique, contenant au moins un substrat (1) et au moins un revêtement (2) réfléchissant le rayonnement thermique appliqué au moins sur la surface du substrat (1) située du côté intérieur de la pièce. Le facteur de transmission de la vitre dans le domaine du spectre visible est inférieure à 5 % et, en partant du substrat (1), le revêtement (2) comprend au moins : - une couche adhésive (3) qui contient au moins un matériau dont l'indice de réfraction est inférieur à 1,8 ; - une couche fonctionnelle (4) qui contient au moins un oxyde électriquement conducteur transparent ; - une couche hautement réfringente (5) qui contient au moins un matériau dont l'indice de réfraction est égal ou supérieur à 1,8 ; et - une couche faiblement réfringente (6) qui contient au moins un matériau dont l'indice de réfraction est inférieur à 1,8.</p></abstract><abstract mxw-id="PA139545905" ref-ucid="WO-2014127868-A1" lang="FR" source="national office" load-source="docdb"><p>La présente invention concerne une vitre dotée d'un revêtement réfléchissant le rayonnement thermique, contenant au moins un substrat (1) et au moins un revêtement (2) réfléchissant le rayonnement thermique appliqué au moins sur la surface du substrat (1) située du côté intérieur de la pièce. Le facteur de transmission de la vitre dans le domaine du spectre visible est inférieure à 5 % et, en partant du substrat (1), le revêtement (2) comprend au moins : - une couche adhésive (3) qui contient au moins un matériau dont l'indice de réfraction est inférieur à 1,8 ; - une couche fonctionnelle (4) qui contient au moins un oxyde électriquement conducteur transparent ; - une couche hautement réfringente (5) qui contient au moins un matériau dont l'indice de réfraction est égal ou supérieur à 1,8 ; et - une couche faiblement réfringente (6) qui contient au moins un matériau dont l'indice de réfraction est inférieur à 1,8.</p></abstract><description mxw-id="PDES78477929" ref-ucid="WO-2014127868-A1" lang="DE" load-source="patent-office"><!-- EPO <DP n="2"/>--><p id="p0001" num="0001"> Scheibe mit Wärmestrahlung reflektierender Beschichtung </p><p id="p0002" num="0002">Die Erfindung betrifft eine Scheibe mit Wärmestrahlung reflektierender Beschichtung, ein Verfahren zu deren Herstellung und deren Verwendung. </p><p id="p0003" num="0003">Der Innenraum eines Kraftfahrzeugs kann sich im Sommer bei hohen Umgebungstemperaturen und intensiver direkter Sonneneinstrahlung stark erwärmen. Ist die Außentemperatur geringer als die Temperatur im Fahrzeuginnenraum, was insbesondere im Winter auftritt, so wirkt eine kalte Scheibe als Wärmesenke, die von den Insassen als unangenehm empfunden wird. Auch muss eine hohe Heizleistung der Klimaanlage bereitgestellt werden, um eine Auskühlung des Innenraums über die Fahrzeugscheiben zu vermeiden. </p><p id="p0004" num="0004">Wärmestrahlung reflektierende Beschichtungen (sogenannte Low-E-Beschichtungen) sind bekannt. Eine solche Beschichtung reflektiert einen erheblichen Teil der Sonnenstrahlung insbesondere im Infrarotbereich, was im Sommer zu einer verringerten Erwärmung des Fahrzeuginnenraums führt. Die Beschichtung verringert außerdem die Aussendung von langwelliger Wärmestrahlung einer erwärmten Scheibe in den Fahrzeuginnenraum hinein, wenn die Beschichtung auf der dem Fahrzeuginnenraum zugewandten Oberfläche einer Scheibe aufgebracht ist. Eine solche Beschichtung verringert außerdem bei niedrigen Außentemperaturen im Winter die Abstrahlung der Wärme des Innenraums in die äußere Umgebung. </p><p id="p0005" num="0005">Dem Fachmann sind eine Vielzahl von Wärmestrahlung reflektierenden Beschichtungen bekannt. Solche Beschichtungen können funktionelle Schichten aus Niob, Tantal, Nickel, Chrom, Zirkonium oder Legierungen daraus enthalten, wie beispielsweise in US7592068B2, US7923131 B2 und WO2004076174A1 offenbart ist. Die Beschichtungen können auch funktionelle Schichten aus Silber bekannt, wie beispielsweise aus EP 877 006 B1 , EP 1 047 644 B1 und EP 1 917 222 B1 . Außerdem sind auch Beschichtungen mit funktionellen Schichten aus Indium-Zinn-Oxid bekannt, beispielsweise aus EP2141 135A1 , WO20101 15558A1 und WO201 1 105991 A1. </p><p id="p0006" num="0006">Aus ästhetischen oder thermischen Gründen kann es gewünscht sein, dass eine Fahrzeugscheibe eine verminderte Lichttransmission aufweist. Dies ist beispielsweise bei hinteren Seitenscheiben, Heckscheiben oder Dachscheiben häufig der Fall. Es ist 
<!-- EPO <DP n="3"/>-->
 üblich, für solche Scheiben getönte Gläser zu verwenden. Stark getönte Gläser haben jedoch den Nachteil eines hohen innenraumseitigen Reflexionsgrades im Vergleich zum Transmissionsgrad. Während von außen die geringere Transmission für eine gewünschte Erhöhung der Privatsphäre sorgt, verschlechtert sich der optische Eindruck für die Fahrzeuginsassen. Die Wahrnehmung der äußeren Umgebung für die Insassen wird gestört, insbesondere wenn der innenraumseitige Reflexionsgrad größer als der Transmissionsgrad ist. Zudem können zu starke Reflexionen für die Insassen störend oder irritierend wirken. Ist die innenraumseitige Oberfläche der Scheibe mit einer Wärmestrahlung reflektierenden Beschichtung versehen, so kann die Reflexion nicht durch herkömmliche Antireflexionsbeschichtungen einfach vermindert werden, weil die beiden Beschichtungen in der Regel optisch nicht aufeinander abgestimmt und daher nicht einfach zu kombinieren sind. </p><p id="p0007" num="0007">Die Aufgabe der vorliegenden Erfindung besteht darin, eine verbesserte Scheibe mit Wärmestrahlung reflektierender Beschichtung sowie ein Verfahren zu ihrer Herstellung bereitzustellen. Die Scheibe soll bei geringer Lichttransmission eine verminderte innenraumseitige Reflexion aufweisen. </p><p id="p0008" num="0008">Die Aufgabe der vorliegenden Erfindung wird erfindungsgemäß durch eine Scheibe mit Wärmestrahlung reflektierender Beschichtung gemäß Anspruch 1 gelöst. Bevorzugte Ausführungen gehen aus den Unteransprüchen hervor. </p><p id="p0009" num="0009">Die erfindungsgemäße Scheibe mit Wärmestrahlung reflektierender Beschichtung, umfasst mindestens ein Substrat und mindestens eine Wärmestrahlung reflektierende Beschichtung mindestens auf der innenraumseitigen Oberfläche des Substrats, wobei die Scheibe eine Transmission im sichtbaren Spektralbereich von kleiner als 5 % aufweist und wobei die Beschichtung ausgehend vom Substrat mindestens </p><p id="p0010" num="0010"> - eine Haftschicht, welche zumindest ein Material mit einem Brechungsindex von kleiner als 1 ,8 enthält, </p><p id="p0011" num="0011"> - eine funktionelle Schicht, die zumindest ein transparentes, elektrisch leitfähiges Oxid (TCO) enthält, </p><p id="p0012" num="0012"> - eine optisch hochbrechende Schicht, welche zumindest ein Material mit einem Brechungsindex von größer oder gleich 1 ,8 enthält, und </p><p id="p0013" num="0013"> - eine optisch niedrigbrechende Schicht, welche zumindest ein Material mit einem Brechungsindex von kleiner als 1 ,8 enthält, umfasst. 
<!-- EPO <DP n="4"/>-->
 Die erfindungsgemäße Scheibe ist dafür vorgesehen, in einer Öffnung, beispielsweise eines Fahrzeugs oder eines Gebäudes, den Innenraum gegenüber der äußeren Umgebung abzutrennen. Die Oberfläche, die dafür vorgesehen ist, in Einbaulage der Scheibe dem Innenraum zugewandt zu sein, wird im Sinne der Erfindung als innenraumseitige Oberfläche bezeichnet. Die erfindungsgemäße Beschichtung ist erfindungsgemäß auf der innenraumseitigen Oberfläche des Substrats angeordnet. Das ist besonders vorteilhaft im Hinblick auf den thermischen Komfort im Innenraum. Die erfindungsgemäße Beschichtung kann dabei bei hohen Außentemperaturen und Sonneneinstrahlung besonders effektiv die von der gesamten Scheibe in Richtung des Innenraums abgestrahlte Wärmestrahlung zumindest teilweise reflektieren. Bei niedrigen Außentemperaturen kann die erfindungsgemäße Beschichtung effektiv die aus dem Innenraum abgestrahlte Wärmestrahlung reflektieren und somit die Wirkung der kalten Scheibe als Wärmesenke verringern. </p><p id="p0014" num="0014">Der große Vorteil der Erfindung liegt in der Verbindung einer Scheibe mit sehr geringer Lichttransmission und der erfindungsgemäßen Wärmestrahlung reflektierenden Beschichtung. Die geringe Lichttransmission der Scheibe wird typischerweise durch ein getöntes Substrat und/oder getönte mit dem Substrat verbundene Schichten (beispielsweise eine weitere Scheibe und eine Polymerfolie in einem Verbundglas) erreicht. Eine solche Scheibe weist an sich einen hohen innenraumseitigen Reflexionsgrad auf. Von Personen, die sich in dem von der Scheibe begrenzten Innenraum befinden, wird die ausgeprägte Reflexion häufig als störend oder sogar irritierend wahrgenommen. Dies gilt insbesondere dann, wenn der innenraumseitige Reflexionsgrad größer ist als der Transmissionsgrad, wodurch die Wahrnehmung der äußeren Umgebung gestört oder verhindert wird. Es hat sich überraschend gezeigt, dass die erfindungsgemäße Beschichtung neben der Wärmestrahlung reflektierenden Wirkung auf eine reflexionsmindernde Wirkung aufweist. Durch die erfindungsgemäße Beschichtung wird der innenraumseitige Reflexionsgrad vorteilhaft vermindert und das Verhältnis des Transmissionsgrads zum innenraumseitigen Reflexionsgrad vorteilhaft erhöht. </p><p id="p0015" num="0015">Die erfindungsgemäße Wärmestrahlung reflektierende Beschichtung ist ein Schichtaufbau, welcher zumindest die folgenden Schichten umfasst: </p><p id="p0016" num="0016">- die erfindungsgemäße Haftschicht, 
<!-- EPO <DP n="5"/>-->
 - oberhalb der Haftschicht die erfindungsgemäße funktionelle Schicht, </p><p id="p0017" num="0017"> - oberhalb der funktionellen Schicht die erfindungsgemäße optisch hochbrechende Schicht und </p><p id="p0018" num="0018"> - oberhalb der optisch hochbrechende Schicht die erfindungsgemäße optisch niedrigbrechende Schicht. </p><p id="p0019" num="0019">Ist eine erste Schicht oberhalb einer zweiten Schicht angeordnet, so bedeutet dies im Sinne der Erfindung, dass die erste Schicht weiter vom Substrat entfernt angeordnet ist als die zweite Schicht. Ist eine erste Schicht unterhalb einer zweiten Schicht angeordnet ist, so bedeutet dies im Sinne der Erfindung, dass die zweite Schicht weiter vom Substrat entfernt angeordnet ist als die erste Schicht. </p><p id="p0020" num="0020">Ist eine erste Schicht oberhalb oder unterhalb einer zweiten Schicht angeordnet, so bedeutet dies im Sinne der Erfindung nicht notwendigerweise, dass sich die erste und die zweite Schicht in direktem Kontakt miteinander befinden. Es können eine oder mehrere weitere Schichten zwischen der ersten und der zweiten Schicht angeordnet sein, sofern dies nicht explizit ausgeschlossen wird. </p><p id="p0021" num="0021">Die oberste Schicht der Beschichtung ist im Sinne der Erfindung diejenige Schicht, welche den größten Abstand zum Substrat aufweist. Die unterste Schicht der Beschichtung ist im Sinne der Erfindung diejenige Schicht, welche den geringsten Abstand zum Substrat aufweist. </p><p id="p0022" num="0022">Enthält eine Schicht oder ein sonstiges Element zumindest ein Material, so schließt das im Sinne der Erfindung den Fall ein, dass die Schicht aus dem Material besteht. </p><p id="p0023" num="0023">Oxide und Nitride können grundsätzlich stöchiometrisch, unterstöchiometrisch oder überstöchiometrisch in Bezug auf den Sauerstoffgehalt beziehungsweise Stickstoffgehalt sein. </p><p id="p0024" num="0024">Die angegebenen Werte für Brechungsindizes sind bei einer Wellenlänge von 550 nm gemessen. </p><p id="p0025" num="0025">Die innenraumseitige Emissivität der erfindungsgemäßen Scheibe beträgt bevorzugt kleiner oder gleich 35%, besonders bevorzugt kleiner oder gleich 25%, ganz besonders 
<!-- EPO <DP n="6"/>-->
 bevorzugt kleiner oder gleich 20%. Mit innenraumseitiger Emissivität wird dabei das Maß bezeichnet, welches angibt, wie viel Wärmestrahlung die Scheibe in Einbaulage im Vergleich zu einem idealen Wärmestrahler (einem schwarzen Körper) in einen Innenraum, beispielsweise eines Gebäudes oder eines Fahrzeugs abgibt. Unter Emissivität wird im Sinne der Erfindung der normale Emissionsgrad bei 283 K nach der Norm EN 12898 verstanden. </p><p id="p0026" num="0026">Die erfindungsgemäße Scheibe weist bevorzugt eine Transmission im sichtbaren Spektralbereich von kleiner als 4 %, besonders bevorzugt kleiner als 3 % auf. Bei Scheiben mit einer so geringen Transmission wird der innenraumseitige Reflexionsgrad besonders vorteilhaft verringert. </p><p id="p0027" num="0027">Das Verhältnis T<sub>L</sub>/R|_ des innenraumseitigen Transmissionsgrads T<sub>L</sub> im sichtbaren Spektralbereich zum innenraumseitigen Reflexionsgrad R<sub>L</sub> im sichtbaren Spektralbereich beträgt bevorzugt größer oder gleich 0,6, besonders bevorzugt größer oder gleich 0,8, ganz besonders bevorzugt größer oder gleich 1 und insbesondere größer oder gleich 1 ,5. Das ist besonders vorteilhaft im Hinblick auf eine angenehme Wahrnehmung der äußeren Umgebung durch einen Betrachter im Innenraum. </p><p id="p0028" num="0028">Der innenraumseitige Transmissionsgrad beschreibt dabei den Anteil der Strahlung, welche von außen durch die Scheibe hindurch in den Innenraum dringt, an der von außen auf die Scheibe treffenden Strahlung im sichtbaren Spektralbereich. Der innenraumseitige Reflexionsgrad Anteil der Strahlung beschreibt den Anteil der Strahlung, welche in den Innenraum zurückreflektiert wird, an der vom Innenraum aus auf die Scheibe treffenden Strahlung im sichtbaren Spektralbereich. </p><p id="p0029" num="0029">Der Wert der erfindungsgemäßen Scheibe für den Gesamtenergieeintrag durch Sonnenstrahlung beträgt bevorzugt kleiner 50 %, besonders bevorzugt kleiner 40 %, ganz besonders bevorzugt kleiner 30 %, insbesondere kleiner 20 %. Dieser Wert ist dem Fachmann auch als TTS-Wert („total transmitted sun") bekannt. </p><p id="p0030" num="0030">Der Flächenwiderstand der erfindungsgemäßen Beschichtung beträgt bevorzugt von 10 Ohm/Quadrat bis 50 Ohm/Quadrat, besonders bevorzugt von 15 Ohm/Quadrat bis 30 Ohm/Quadrat. 
<!-- EPO <DP n="7"/>-->
 In einer vorteilhaften Ausgestaltung der Erfindung ist die erfindungsgemäße Scheibe eine Verbundscheibe. Dabei ist das Substrat über zumindest eine thermoplastische Zwischenschicht mit einer Deckscheibe verbunden. Die Deckscheibe ist dafür vorgesehen, in Einbaulage der Verbundscheibe der äußeren Umgebung zugewandt zu sein, während das Substrat dem Innenraum zugewandt ist. Die erfindungsgemäße Beschichtung ist auf der von der Deckscheibe abgewandten Oberfläche des Substrats angeordnet, welche die innenraumseitige Oberfläche der Verbundscheibe ist. </p><p id="p0031" num="0031">Das Substrat und gegebenenfalls die Deckscheibe enthalten bevorzugt Glas, besonders bevorzugt Flachglas, Floatglas, Quarzglas, Borsilikatglas, Kalk-Natron-Glas oder Kunststoffe, vorzugsweise starre Kunststoffe, insbesondere Polyethylen, Polypropylen, Polycarbonat, Polymethylmethacrylat, Polystyrol, Polyamid, Polyester, Polyvinylchlorid und / oder Gemische davon. Das Substrat und gegebenenfalls die Deckscheibe weisen bevorzugt eine Dicke von 1 ,0 mm bis 25 mm und besonders bevorzugt von 1 ,4 mm bis 4,9 mm auf. </p><p id="p0032" num="0032">Ist die erfindungsgemäße Scheibe eine Verbundscheibe, so enthält die thermoplastische Zwischenschicht bevorzugt thermoplastische Kunststoffe, beispielsweise Polyvinylbutyral (PVB), Ethylenvinylacetat (EVA), Polyurethan (PU), Polyethylenterephthalat (PET) oder mehrere Schichten davon, bevorzugt mit Dicken von 0,3 mm bis 0,9 mm. </p><p id="p0033" num="0033">Die Scheibe weist erfindungsgemäß eine Transmission im sichtbaren Spektralbereich von kleiner oder gleich 5 % auf. Das Substrat ist dazu bevorzugt entsprechend getönt und/oder gefärbt. Ist die Scheibe eine Verbundscheibe, so können alternativ oder zusätzlich auch die Deckscheibe und/oder die thermoplastische Zwischenschicht gefärbt und/oder getönt sein. Im Falle einer Verbundscheibe weist das Substrat und die Deckscheibe bevorzugt jeweils eine Transmission im sichtbaren Spektralbereich von kleiner 35 %, besonders bevorzugt kleiner 30 % auf. Die thermoplastische Zwischenschicht weist bevorzugt eine Transmission von 20 % bis 80% auf, besonders bevorzugt von 20 % bis 70%, ganz besonders bevorzugt von 20 % bis 50%. </p><p id="p0034" num="0034">Die funktionelle Schicht weist reflektierende Eigenschaften gegenüber Wärmestrahlung, insbesondere Infrarotstrahlung auf, ist im sichtbaren Spektralbereich jedoch weitgehend transparent. Die funktionelle Schicht enthält erfindungsgemäß 
<!-- EPO <DP n="8"/>-->
 zumindest ein transparentes, elektrisch leitfähiges Oxid (transparent conductive oxide, TCO). Der Brechungsindex des transparenten, elektrisch leitfähigen Oxids beträgt bevorzugt von 1 ,7 bis 2,3. Die funktionelle Schicht enthält bevorzugt zumindest Fluordotiertes Zinnoxid (Sn0<sub>2</sub>:F), Antimon-dotiertes Zinnoxid (Sn0<sub>2</sub>:Sb) und/oder Indium- Zinn-Oxid (ITO), besonders bevorzugt Indium-Zinn-Oxid (ITO). Damit werden besonders gute Ergebnisse hinsichtlich der Emissivität und der Biegbarkeit der erfindungsgemäßen Beschichtung erreicht. </p><p id="p0035" num="0035">Das Indium-Zinn-Oxid wird bevorzugt mittels magnetfeldunterstützter Kathodenzerstäubung mit einem Target aus Indium-Zinn-Oxid abgeschieden. Das Target enthält bevorzugt von 75 Gew. % bis 95 Gew. % Indiumoxid und von 5 Gew. % bis 25 Gew. % Zinnoxid sowie herstellungsbedingte Beimengungen. Die Abscheidung des Indium-Zinn-Oxids erfolgt bevorzugt unter einer Schutzgasatmosphäre, beispielsweise Argon. Dem Schutzgas kann auch ein geringer Anteil an Sauerstoff zugesetzt werden, beispielsweise um die Homogenität der funktionellen Schicht zu verbessern. </p><p id="p0036" num="0036">Das Target kann alternativ bevorzugt zumindest von 75 Gew. % bis 95 Gew. % Indium und von 5 Gew. % bis 25 Gew. % Zinn enthalten. Die Abscheidung des Indium-Zinn- Oxids erfolgt dann bevorzugt unter Zugabe von Sauerstoff als Reaktionsgas während der Kathodenzerstäubung. </p><p id="p0037" num="0037">Die funktionelle Schicht kann aber auch andere transparente, elektrisch leitfähige Oxide enthalten, beispielsweise Indium-Zink-Mischoxid (IZO), Gallium-dotiertes oder Aluminium-dotiertes Zinkoxid, Niobium-dotiertes Titanoxid, Cadmiumstannat und/oder Zinkstannat. </p><p id="p0038" num="0038">Die Dicke der funktionellen Schicht beträgt bevorzugt von 50 nm bis 150 nm, besonders bevorzugt von 60 nm bis 140 nm und ganz besonders bevorzugt von 70 nm bis 130 nm. In diesem Bereich für die Dicke der funktionellen Schicht wird einerseits ein vorteilhafte antireflektierende Wirkung und andererseits eine niedrige Emissivität erreicht. </p><p id="p0039" num="0039">Die optisch hochbrechende Schicht bewirkt insbesondere eine Anpassung der Reflexionsfarbe der erfindungsgemäßen Scheibe. Darüber hinaus kann durch die 
<!-- EPO <DP n="9"/>-->
 optisch hochbrechende Schicht die Stabilität sowie die Korrosions- und Oxidationsbeständigkeit der funktionellen Schicht verbessert werden. Dies ist insbesondere dann vorteilhaft, wenn die mit der Beschichtung versehende Scheibe einer Temperaturbehandlung, einem Biegeprozess und/oder einem Vorspannprozess unterzogen werden soll. </p><p id="p0040" num="0040">Der Brechungsindex des Materials der optisch hochbrechenden Schicht beträgt bevorzugt von 1 ,7 bis 2,3 und ist besonders bevorzugt größer oder gleich dem Brechungsindex des Materials der funktionellen Schicht. Dadurch werden vorteilhafte optische Eigenschaften der Beschichtung erreicht, insbesondere ein ästhetischer Farbeindruck. </p><p id="p0041" num="0041">Die optisch hochbrechende Schicht enthält bevorzugt zumindest ein Oxid oder Nitrid, besonders bevorzugt Wolframoxid, Nioboxid, Tantaloxid, Zirkoniumoxid, Hafniumoxid, Bismutoxid, Titanoxid, Siliziumnitrid, Zirkoniumnitrid, Hafniumnitrid, und/oder Aluminiumnitrid. Die optisch hochbrechende Schicht enthält besonders bevorzugt Siliziumnitrid (Si<sub>3</sub>N<sub>4</sub>). Damit werden besonders gute Ergebnisse hinsichtlich der Stabilität der Beschichtung und der optischen Eigenschaften erzielt. Das Siliziumnitrid kann Dotierungen aufweisen, beispielsweise Titan, Zirkonium, Bor, Hafnium und / oder Aluminium. Das Siliziumnitrid ist ganz besonders bevorzugt mit Aluminium dotiert (Si<sub>3</sub>N<sub>4</sub>:AI) oder mit Zirkonium dotiert (Si<sub>3</sub>N<sub>4</sub>:Zr) oder mit Bor dotiert (Si<sub>3</sub>N<sub>4</sub>:B). Das ist besonders vorteilhaft im Hinblick auf die optischen Eigenschaften und die Emissivität der Beschichtung sowie die Geschwindigkeit des Aufbringens der optisch hochbrechenden Schicht beispielsweise durch Kathodenzerstäubung. </p><p id="p0042" num="0042">Das Siliziumnitrid wird bevorzugt mittels magnetfeldunterstützter Kathodenzerstäubung abgeschieden mit einem Target, das zumindest Silizium enthält. Das Target zur Abscheidung einer Schicht enthaltend Aluminium-dotiertes Siliziumnitrid enthält bevorzugt von 80 Gew. % bis 95 Gew. % Silizium und von 5 Gew. % bis 20 Gew. % Aluminium sowie herstellungsbedingte Beimengungen. Das Target zur Abscheidung einer Schicht enthaltend Bor-dotiertes Siliziumnitrid enthält bevorzugt von 99,9990 Gew. % bis 99,9999 Gew. % Silizium und von 0,0001 Gew. % bis 0,001 Gew. % Bor sowie herstellungsbedingte Beimengungen. Das Target zur Abscheidung einer Schicht enthaltend Zirkonium-dotiertes Siliziumnitrid enthält bevorzugt von 60 Gew. % bis 90 Gew. % Silizium und von 10 Gew. % bis 40 Gew. % Zirkonium sowie 
<!-- EPO <DP n="10"/>-->
 herstellungsbedingte Beimengungen. Die Abscheidung des Siliziumnitrids erfolgt bevorzugt unter Zugabe von Stickstoff als Reaktionsgas während der Kathodenzerstäubung. </p><p id="p0043" num="0043">Die Dicke der optisch hochbrechenden Schicht beträgt bevorzugt kleiner als 20 nm, besonders bevorzugt kleiner als 12 nm, ganz besonders bevorzugt kleiner als 10 nm und insbesondere kleiner als 8 nm. Die Dicke der optisch hochbrechenden Schicht sollte mindestens 1 nm, bevorzugt mindestens 2 nm betragen. In diesem Bereich für die Dicke der optisch hochbrechenden Schicht werden besonders vorteilhafte antireflektierende Eigenschaften der erfindungsgemäßen Beschichtung erreicht. Die Dicke beträgt bevorzugt von 1 nm bis 20 nm, besonders bevorzugt von 2 nm bis 12 nm, ganz besonders bevorzugt von 2 nm bis 10 nm und insbesondere von 2 nm bis 8 nm. </p><p id="p0044" num="0044">Bei einer Temperaturbehandlung nach dem Aufbringen der erfindungsgemäßen Beschichtung kann das Siliziumnitrid teilweise oxidiert werden. Eine als Si<sub>3</sub>N<sub>4</sub> abgeschiedene Schicht enthält dann nach der Temperaturbehandlung Si<sub>x</sub>N<sub>y</sub>O<sub>z</sub>, wobei der Sauerstoffgehalt typischerweise von 0 Atom-% bis 35 Atom-% beträgt. </p><p id="p0045" num="0045">Die Haftschicht führt zu einer dauerhaft stabilen Haftung der oberhalb der Haftschicht abgeschiedenen Schichten auf dem Substrat. Die Haftschicht verhindert weiter die Anreicherung von aus dem Substrat diffundierenden Ionen im Grenzbereich zur funktionellen Schicht, insbesondere von Natriumionen, falls das Substrat aus Glas besteht. Solche Ionen können zur Korrosion und zu einer geringen Haftung der funktionellen Schicht führen. Die Haftschicht ist daher besonders vorteilhaft im Hinblick auf die Stabilität der funktionellen Schicht. </p><p id="p0046" num="0046">Die Haftschicht enthält bevorzugt zumindest ein Material mit einem Brechungsindex zwischen 1 ,5 und 1 ,8. Das Material der Haftschicht weist bevorzugt einen Brechungsindex im Bereich des Brechungsindexes des Substrats auf. Die Haftschicht kann beispielsweise zumindest ein Oxid und/oder ein Nitrid enthalten, bevorzugt zumindest ein Oxid. Die Haftschicht enthält besonders bevorzugt Siliziumdioxid (Si0<sub>2</sub>). Das ist besonders vorteilhaft im Hinblick auf die Haftung der oberhalb der Haftungsschicht abgeschiedenen Schichten auf dem Substrat. Das Siliziumdioxid kann Dotierungen aufweisen, beispielsweise Fluor, Kohlenstoff, Stickstoff, Bor, Phosphor 
<!-- EPO <DP n="11"/>-->
 und / oder Aluminium. Das Siliziumdioxid ist ganz besonders bevorzugt mit Aluminium dotiert (Si0<sub>2</sub>:AI), mit Bor dotiert (Si0<sub>2</sub>:B) oder mit Zirkonium dotiert (Si0<sub>2</sub>:Zr). Das ist besonders vorteilhaft im Hinblick auf die optischen Eigenschaften der Beschichtung sowie die Geschwindigkeit des Aufbringens der Haftschicht beispielsweise durch Kathodenzerstäubung. </p><p id="p0047" num="0047">Das Siliziumdioxid wird bevorzugt mittels magnetfeldunterstützter Kathodenzerstäubung mit einem Target abgeschieden, welches zumindest Silizium enthält. Das Target zur Abscheidung einer Haftschicht enthaltend Aluminium-dotiertes Siliziumdioxid enthält bevorzugt von 80 Gew. % bis 95 Gew. % Silizium und von 5 Gew. % bis 20 Gew. % Aluminium sowie herstellungsbedingte Beimengungen. Das Target zur Abscheidung einer Haftschicht enthaltend Bor-dotiertes Siliziumdioxid enthält bevorzugt von 99,9990 Gew. % bis 99,9999 Gew. % Silizium und von 0,0001 Gew. % bis 0,001 Gew. % Bor sowie herstellungsbedingte Beimengungen. Das Target zur Abscheidung einer Haftschicht enthaltend Zirkonium-dotiertes Siliziumdioxid enthält bevorzugt von 60 Gew. % bis 90 Gew. % Silizium und von 10 Gew. % bis 40 Gew. % Zirkonium sowie herstellungsbedingte Beimengungen. Die Abscheidung des Siliziumdioxids erfolgt bevorzugt unter Zugabe von Sauerstoff als Reaktionsgas während der Kathodenzerstäubung. </p><p id="p0048" num="0048">Die Dotierung der Haftschicht kann auch die Glätte der oberhalb der Haftschicht aufgebrachten Schichten verbessern. Eine hohe Glätte der Schichten ist besonders günstig bei Verwendung der erfindungsgemäßen Scheibe im Kraftfahrzeugbereich, da hierdurch eine unangenehme raue Haptik der Scheiben vermieden wird. Ist die erfindungsgemäße Scheibe eine Seitenscheibe, so kann sie mit geringer Reibung zu den Dichtlippen bewegt werden. </p><p id="p0049" num="0049">Die Haftschicht kann alternativ aber auch beispielsweise Aluminiumoxid (Al<sub>2</sub>0<sub>3</sub>) enthalten. </p><p id="p0050" num="0050">Die Haftschicht weist bevorzugt eine Dicke von 10 nm bis 150 nm auf, besonders bevorzugt von 15 nm bis 50 nm, beispielsweise etwa 30 nm. Das ist besonders vorteilhaft im Hinblick auf die Haftung der erfindungsgemäßen Beschichtung und die Vermeidung der Diffusion von Ionen vom Substrat in die funktionelle Schicht. 
<!-- EPO <DP n="12"/>-->
 Unterhalb der Haftschicht kann auch eine zusätzliche optisch wirksame Schicht angeordnet sein, bevorzugt mit einer Dicke von 5 nm bis 40 nm. Beispielsweise kann die Haftschicht Si0<sub>2</sub> enthalten und die zusätzliche optisch wirksame Schicht kann zumindest ein Oxid wie Ti0<sub>2</sub>, Al<sub>2</sub>0<sub>3</sub>, Ta<sub>2</sub>0<sub>5</sub>, Y<sub>2</sub>0<sub>3</sub>, ZnO und / oder ZnSnO<sub>x</sub>, oder ein Nitrid wie AIN oder Si<sub>3</sub>N<sub>4</sub> enthalten. Durch die optisch wirksame Schicht werden die antireflektierenden Eigenschaften der erfindungsgemäßen Beschichtung vorteilhaft weiter verbessert. Außerdem ermöglicht die optisch wirksame Schicht eine verbesserte Anpassung der Farbwerte in Transmission bzw. Reflexion. </p><p id="p0051" num="0051">Die optisch niedrigbrechende Schicht ist entscheidend für die antireflektierende Wirkung der erfindungsgemäßen Beschichtung. Durch die optisch niedrigbrechende Schicht wird außerdem ein neutralerer Farbeindruck von reflektiertem und transmittiertem Licht erreicht und die Korrosionsbeständigkeit der funktionellen Schicht verbessert. </p><p id="p0052" num="0052">Die optisch niedrigbrechende Schicht kann beispielsweise zumindest ein Oxid und/oder ein Nitrid enthalten. Die optisch niedrigbrechende Schicht enthält bevorzugt zumindest ein Oxid, besonders bevorzugt zumindest Siliziumoxid (Si0<sub>2</sub>). Das ist besonders vorteilhaft im Hinblick auf die optischen Eigenschaften der Scheibe und die Korrosionsbeständigkeit der funktionellen Schicht. Das Siliziumdioxid kann Dotierungen aufweisen, beispielsweise Fluor, Kohlenstoff, Stickstoff, Bor, Phosphor und / oder Aluminium. Das Siliziumoxid ist ganz besonders bevorzugt mit Aluminium dotiert (Si0<sub>2</sub>:AI), mit Bor dotiert (Si0<sub>2</sub>:B) oder mit Zirkonium dotiert (Si0<sub>2</sub>:Zr). Damit werden besonders gute Ergebnisse erzielt. </p><p id="p0053" num="0053">Die optisch niedrigbrechende Schicht kann alternativ aber auch beispielsweise Aluminiumoxid (Al<sub>2</sub>0<sub>3</sub>) enthalten. </p><p id="p0054" num="0054">Die optisch niedrigbrechende Schicht weist bevorzugt eine Dicke von 40 nm bis 130 nm auf, besonders bevorzugt von 50 nm bis 120 nm, ganz besonders bevorzugt von 60 nm bis 1 10 nm und insbesondere von 70 nm bis 100 nm. Das ist besonders vorteilhaft im Hinblick auf eine geringe Reflexion und eine hohe Transmission von sichtbarem Licht sowie die Einstellung eines gezielten Farbeindrucks der Scheibe und die Korrosionsbeständigkeit der funktionellen Schicht. In diesem Bereich für die Dicke 
<!-- EPO <DP n="13"/>-->
 der optisch niedrigbrechenden Schicht werden besonders vorteilhafte antireflektierende Eigenschaften der erfindungsgemäßen Beschichtung erreicht. </p><p id="p0055" num="0055">In einer vorteilhaften Ausgestaltung der Erfindung ist oberhalb der optisch hochbrechenden Schicht eine Abdeckschicht angeordnet. Die Abdeckschicht schützt die erfindungsgemäße Beschichtung vor Beschädigungen, insbesondere vor Verkratzen. Die Abdeckschicht enthält bevorzugt zumindest ein Oxid, besonders bevorzugt zumindest Ti0<sub>2</sub>, Zr0<sub>2</sub>, Hf0<sub>2</sub>, Nb<sub>2</sub>0<sub>5</sub>, Ta<sub>2</sub>0<sub>5</sub>, Cr<sub>2</sub>0<sub>3</sub>, W0<sub>3</sub> und / oder Ce0<sub>2</sub>. Die Dicke der Abdeckschicht beträgt bevorzugt von 2 nm bis 50 nm, besonders bevorzugt von 5 nm bis 20 nm. Damit werden besonders gute Ergebnisse hinsichtlich der Kratzfestigkeit erzielt. </p><p id="p0056" num="0056">In einer vorteilhaften Ausgestaltung ist unterhalb der Haftschicht keine Schicht angeordnet mit einem Brechungsindex größer als der Brechungsindex der Haftschicht und ist oberhalb der optisch niedrigbrechenden Schicht keine Schicht angeordnet mit einem Brechungsindex größer als der Brechungsindex der optisch niedrigbrechenden Schicht. Das ist besonders vorteilhaft im Hinblick auf die optischen Eigenschaften der Scheibe und einen einfachen Schichtaufbau. </p><p id="p0057" num="0057">Die erfindungsgemäße Scheibe kann plan oder leicht oder stark in einer Richtung oder in mehreren Richtungen des Raumes gebogen. Solche gebogenen Scheiben treten insbesondere für Verglasungen im Fahrzeugbereich auf. Typische Krümmungsradien der gebogenen Scheiben liegen im Bereich von etwa 10 cm bis etwa 40 m. Es hat sich gezeigt, dass die erfindungsgemäße Beschichtung besonders dafür geeignet ist, einen Biegeprozess ohne Beschädigungen wie beispielsweise Risse zu überstehen. </p><p id="p0058" num="0058">Die erfindungsgemäße Beschichtung kann ganzflächig auf die Oberfläche des Substrates aufgebracht sein. Die Oberfläche des Substrats kann aber auch beschichtungsfreie Bereiche aufweisen. Die Oberfläche des Substrats kann beispielsweise einen umlaufenden beschichtungsfreien Randbereich und / oder einen beschichtungsfreien Bereich, welcher als Datenübertragungsfenster oder Kommunikationsfenster dient, aufweisen. Die Scheibe ist in dem beschichtungsfreien Bereich für elektromagnetische und insbesondere infrarote Strahlung durchlässig. 
<!-- EPO <DP n="14"/>-->
 Ist die erfindungsgemäße Scheibe eine Verbundscheibe, so ist in einer vorteilhaften Ausgestaltung auf der der Deckscheibe zugewandten Oberfläche des Substrats, auf der dem Substrat zugewandten Oberfläche der Deckscheibe oder auf einer Trägerfolie in der thermoplastischen Zwischenschicht eine Sonnenschutzbeschichtung aufgebracht. Die Sonnenschutzbeschichtung ist dort vorteilhaft vor Korrosion und mechanischer Beschädigung geschützt. Die Sonnenschutzbeschichtung umfasst bevorzugt zumindest eine metallische Schicht auf Basis von Silber oder einer silberhaltigen Legierung mit einer Dicke von 5 nm bis 25 nm. Besonders gute Ergebnisse werden mit zwei oder drei funktionellen Schichten erzielt, die durch dielektrische Schichten mit Dicken von 10 nm bis 100 nm voneinander getrennt sind. Die Sonnenschutzbeschichtung reflektiert Anteile der einfallenden Sonnenstrahlung außerhalb des sichtbaren Spektralbereichs, insbesondere im infraroten Spektralbereich. Durch die Sonnenschutzbeschichtung wird die Aufheizung des Innenraums durch direkte Sonneneinstrahlung verringert. Zudem verringert die Sonnenschutzbeschichtung die Erwärmung der in Einfallsrichtung der Sonnenstrahlung hinter der Sonnenschutzbeschichtung angeordneten Elemente der Verbundscheibe und damit die von der Verbundscheibe ausgesandte Wärmestrahlung. Durch die Kombination der Sonnenschutzbeschichtung mit der erfindungsgemäßen Beschichtung zur Reflexion von Wärmestrahlung wird der thermische Komfort im Innenraum vorteilhaft weiter verbessert. </p><p id="p0059" num="0059">Die Erfindung umfasst weiter ein Verfahren zur Herstellung einer erfindungsgemäßen Scheibe mit Wärmestrahlung reflektierender Beschichtung, wobei auf die innenraumseitige Oberfläche eines Substrats nacheinander zumindest </p><p id="p0060" num="0060"> (a) eine Haftschicht (3), welche zumindest ein Material mit einem Brechungsindex von kleiner als 1 ,8 enthält, </p><p id="p0061" num="0061"> (b) eine funktionelle Schicht (4), die zumindest ein transparentes, elektrisch leitfähiges</p><p id="p0062" num="0062">Oxid (TCO) enthält, </p><p id="p0063" num="0063"> (c) eine optisch hochbrechende Schicht (5), welche zumindest ein Material mit einem</p><p id="p0064" num="0064">Brechungsindex von größer oder gleich als 1 ,8 enthält, und </p><p id="p0065" num="0065"> (d) eine optisch niedrigbrechende Schicht (6), welche zumindest ein Material mit einem</p><p id="p0066" num="0066">Brechungsindex von kleiner als 1 ,8 enthält, </p><p id="p0067" num="0067">aufgebracht werden. 
<!-- EPO <DP n="15"/>-->
 Die einzelnen Schichten werden durch an sich bekannte Verfahren abgeschieden, bevorzugt durch magnetfeldunterstützte Kathodenzerstäubung. Das ist besonders vorteilhaft im Hinblick auf eine einfache, schnelle, kostengünstige und gleichmäßige Beschichtung des Substrats. Die Kathodenzerstäubung erfolgt in einer Schutzgasatmosphäre, beispielsweise aus Argon, beziehungsweise in einer Reaktivgasatmosphäre, beispielsweise durch Zugabe von Sauerstoff oder Stickstoff. </p><p id="p0068" num="0068">Die einzelnen Schichten können aber auch durch andere, dem Fachmann bekannte Verfahren aufgebracht werden, beispielsweise durch Aufdampfen oder chemische Gasphasenabscheidung (chemical vapour deposition, CVD), durch Atomlagenabscheidung (atomic layer deposition, ALD), durch plasmagestützte Gasphasenabscheidung (PECVD) oder durch nasschemische Verfahren. </p><p id="p0069" num="0069">Die Scheibe wird bevorzugt nach dem Aufbringen der Wärmestrahlung reflektierenden Beschichtung einer Temperaturbehandlung unterzogen. Dabei wird das Substrat mit der erfindungsgemäßen Beschichtung auf eine Temperatur von mindestens 200°C, besonders bevorzugt mindestens 300°C erhitzt. Durch die Temperaturbehandlung wird insbesondere die Kristallinität der funktionellen Schicht verbessert. Die Temperaturbehandlung verringert insbesondere den Flächenwiderstand der Beschichtung, was zu einer verringerten Emissivität und verbesserten reflektierenden Eigenschaften gegenüber Wärmestrahlung führt. Außerdem werden die optischen Eigenschaften der Scheibe deutlich verbessert. </p><p id="p0070" num="0070">In einer vorteilhaften Ausführung des erfindungsgemäßen Verfahrens erfolgt die Temperaturbehandlung im Rahmen eines Biegeprozesses. Dabei wird das Substrat mit der erfindungsgemäßen Beschichtung im erhitzten Zustand in eine oder mehrere Richtungen des Raumes gebogen. Die Temperatur, auf die das Substrat erhitzt wird, beträgt bevorzugt von 500°C bis 700°C. Es ist ein besonderer Vorteil der erfindungsgemäßen Beschichtung zur Reflexion von Wärmestrahlung, dass sie einem solchen Biegeprozess unterzogen werden kann, ohne dabei beschädigt zu werden. Die erfindungsgemäße Abdunklungsschicht wird während des Biegeprozesses nicht beschädigt, beispielsweise durch Risse 
<!-- EPO <DP n="16"/>-->
 Natürlich können zeitlich vor oder nach dem Biegeprozess weitere Temperaturbehandlungsschritte erfolgen. Eine Temperaturbehandlung kann alternativ auch mittels Laserstrahlung durchgeführt werden. </p><p id="p0071" num="0071">Das Substrat kann in einer vorteilhaften Ausführung nach der Temperaturbehandlung und gegebenenfalls nach dem Biegen mit einer Vorspannung oder Teilvorspannung versehen werden. Dazu wird das Substrat in an sich bekannter Weise geeignet abgekühlt. Ein vorgespanntes Substrat weist typischerweise Oberflächendruckspannungen von mindestens 69 MPa auf. Ein teilvorgespanntes Substrat weist typischerweise Oberflächendruckspannungen von 24 MPa bis 52 MPa auf. Ein vorgespanntes Substrat eignet sich als Einscheibensicherheitsglas beispielsweise als Seitenscheibe oder Heckscheibe eines Kraftfahrzeugs. </p><p id="p0072" num="0072">In einer vorteilhaften Ausführung der Erfindung wird das Substrat nach dem Aufbringen der Beschichtung über zumindest eine thermoplastische Zwischenschicht mit einer Deckscheibe zu einer Verbundscheibe verbunden. Prinzipiell kann das Substrat auch zuerst mit der Deckscheibe verbunden und anschließend mit der Beschichtung versehen werden. </p><p id="p0073" num="0073">Die Erfindung umfasst weiter die Verwendung der erfindungsgemäßen Scheibe mit Wärmestrahlung reflektierender Beschichtung in Gebäuden, als Einbauteil in Möbeln und Geräten oder in Fortbewegungsmitteln für den Verkehr auf dem Lande, in der Luft oder zu Wasser, insbesondere in Zügen, Schiffen und Kraftfahrzeugen beispielsweise als Heckscheibe, Seitenscheibe und / oder Dachscheibe. 
<!-- EPO <DP n="17"/>-->
</p><p id="p0074" num="0074">Im Folgenden wird die Erfindung anhand einer Zeichnung und Ausführungsbeispielen näher erläutert. Die Zeichnung ist eine schematische Darstellung und nicht maßstabsgetreu. Die Zeichnung schränkt die Erfindung in keiner Weise ein. </p><p id="p0075" num="0075">Es zeigen: </p><p id="p0076" num="0076"> Fig. 1 einen Querschnitt durch eine Ausgestaltung der erfindungsgemäßen Scheibe mit Wärmestrahlung reflektierender Beschichtung, </p><p id="p0077" num="0077">Fig. 2 einen Querschnitt durch eine weitere Ausgestaltung der erfindungsgemäßen</p><p id="p0078" num="0078">Scheibe mit Wärmestrahlung reflektierender Beschichtung, </p><p id="p0079" num="0079">Fig. 3 einen Querschnitt durch eine weitere Ausgestaltung der erfindungsgemäßen</p><p id="p0080" num="0080">Scheibe als Verbundscheibe, </p><p id="p0081" num="0081">Fig. 4 ein Diagramm des Verhältnisses T<sub>L</sub>/R|_ in Abhängigkeit von der Dicke der</p><p id="p0082" num="0082">Haftschicht, </p><p id="p0083" num="0083"> Fig. 5 ein Diagramm des Verhältnisses T<sub>L</sub>/R|_ in Abhängigkeit von der Dicke der funktionellen Schicht, </p><p id="p0084" num="0084"> Fig. 6 ein Diagramm des Verhältnisses T<sub>L</sub>/R|_ in Abhängigkeit von der Dicke der optisch hochbrechenden Schicht, </p><p id="p0085" num="0085">Fig. 7 ein Diagramm des Verhältnisses T<sub>L</sub>/R|_ in Abhängigkeit von der Dicke der optisch niedrigbrechenden Schicht und </p><p id="p0086" num="0086">Fig. 8 ein detailliertes Flussdiagramm einer Ausführungsform des erfindungsgemäßen Verfahrens. </p><p id="p0087" num="0087">Fig. 1 zeigt einen Querschnitt durch eine Ausgestaltung der erfindungsgemäßen Scheibe mit dem Substrat 1 und der Wärmestrahlung reflektierenden Beschichtung 2. Das Substrat 1 enthält beispielsweise getöntes Kalk-Natron-Glas und weist eine Dicke von 6 mm auf. Die Beschichtung 2 umfasst eine Haftschicht 3, eine funktionelle Schicht 4, eine optisch hochbrechende Schicht 5 und eine optisch niedrigbrechende Schicht 6. Die Schichten sind in der angegebenen Reihenfolge mit wachsendem Abstand zum Substrat 1 angeordnet. </p><p id="p0088" num="0088">Die Haftschicht 3 besteht beispielsweise aus Aluminium-dotiertem Siliziumoxid und weist eine Dicke von 30 nm auf. Die funktionelle Schicht 4 besteht beispielsweise aus Indium-Zinnoxid (ITO) und weist eine Dicke von 130 nm auf. Die optisch hochbrechende Schicht 5 besteht beispielsweise aus Aluminium-dotiertem Siliziumnitrid und weist eine Dicke von 5 nm auf. Die optisch niedrigbrechende Schicht 
<!-- EPO <DP n="18"/>-->
 6 besteht beispielsweise aus Aluminium-dotiertem Siliziumoxid und weist eine Dicke von 70 nm auf. </p><p id="p0089" num="0089">Die einzelnen Schichten der Beschichtung 2 wurden durch magnetfeldunterstützte Kathodenstrahlzerstäubung abgeschieden. Das Target zur Abscheidung der Haftschicht 3 und der optisch niedrigbrechende Schicht 6 enthielt 92 Gew. % Silizium und 8 Gew. % Aluminium. Die Abscheidung erfolgte unter Zugabe von Sauerstoff als Reaktionsgas während der Kathodenzerstäubung. Das Target zur Abscheidung der funktionellen Schicht 4 enthielt 90 Gew. % Indiumoxid und 10 Gew. % Zinnoxid. Die Abscheidung erfolgte unter einer Argon-Schutzgasatmosphäre mit einem Sauerstoffanteil von kleiner 1 %. Das Target zur Abscheidung der optisch hochbrechenden Schicht 5 enthielt 92 Gew. % Silizium und 8 Gew. % Aluminium. Die Abscheidung erfolgte unter Zugabe von Stickstoff als Reaktionsgas während der Kathodenzerstäubung. </p><p id="p0090" num="0090">Fig. 2 zeigt einen Querschnitt durch eine weitere Ausgestaltung der erfindungsgemäßen Scheibe mit dem Substrat 1 und der Wärmestrahlung reflektierenden Beschichtung 2. Die Beschichtung 2 ist wie in Figur 1 ausgestaltet mit der Haftschicht 3, der funktionellen Schicht 4, der optisch hochbrechenden Schicht 5 und der optisch niedrigbrechenden Schicht 6. Oberhalb der optisch niedrigbrechenden Schicht 6 ist eine Abdeckschicht 7 angeordnet. Die Abdeckschicht enthält Ti0<sub>2</sub> und weist eine Dicke von 10 nm auf. Durch die Abdeckschicht wird die Beschichtung 2 vorteilhaft vor mechanischer Beschädigung, insbesondere vor Verkratzen geschützt. </p><p id="p0091" num="0091">Fig. 3 zeigt einen Querschnitt durch eine erfindungsgemäße Scheibe mit Wärmestrahlung reflektierender Beschichtung 2 als Verbundscheibe. Das Substrat 1 ist über eine thermoplastische Zwischenschicht 9 mit einer Deckscheibe 8 verbunden. Die Verbundscheibe ist als Dachscheibe für ein Kraftfahrzeug vorgesehen. Die Verbundscheibe ist gebogen, wie es für Scheiben im Automobilbereich üblich ist. In Einbaulage der Verbundscheibe ist die Deckscheibe 8 der äußeren Umgebung und das Substrat 1 dem Fahrzeuginnenraum zugewandt. Die innenraumseitige Oberfläche des Substrats 1 , welche von der Deckscheibe 8 und der thermoplastischen Zwischenschicht 9 abgewandt ist, ist mit der erfindungsgemäßen Beschichtung 2 versehen. Die Substrat 1 und die Deckscheibe 8 bestehen aus Kalk-Natron-Glas und 
<!-- EPO <DP n="19"/>-->
 weisen jeweils eine Dicke von 2,1 mm auf. Die thermoplastische Zwischenschicht 9 enthält getöntes Polyvinylbutyral (PVB) und weist eine Dicke von 0,76 mm auf. </p><p id="p0092" num="0092">Das Substrat 1 , die Deckscheibe 8 und die thermoplastische Zwischenschicht 9 sind getönt. Das Substrat 1 und die Deckscheibe 9 weisen beispielsweise jeweils eine Transmission im sichtbaren Spektralbereich von 27 % auf, die thermoplastisch Zwischenschicht 8 weist beispielsweise eine Transmission von 23 % auf. Die Verbundscheibe weist ohne die Beschichtung 2 eine innenraumseitige Transmission T<sub>L</sub> im sichtbaren Spektralbereich von 2,3 % und eine innenraumseitige Reflexion R<sub>L</sub> von 4,4% auf. Das Verhältnis T<sub>L</sub>/R|_ beträgt ohne die Beschichtung 2 0,5. Die erfindungsgemäße Wärmestrahlung reflektierende Beschichtung 2 verbessert überraschenderweise nicht nur den thermischen Komfort im Inneren des Kraftfahrzeugs, sonders wirkt auch als Antireflexionsbeschichtung. Die innenraumseitige Reflexion wird R<sub>L</sub> durch die Beschichtung 2 auf 2,0% herabgesetzt. Das Verhältnis T<sub>L</sub>/R|_ wird durch die Beschichtung 2 auf 1 ,1 erhöht. Durch die Beschichtung 2 können Personen im Fahrzeuginnenraum die äußere Umgebung besser wahrnehmen und werden weniger durch Reflexionen gestört. </p><p id="p0093" num="0093">Fig. 4, Fig. 5, Fig. 6 und Fig. 7 zeigen Ergebnisse von Simulationen des Verhältnisses T<sub>L</sub>/R|_ des Transmissionsgrads T<sub>L</sub> im sichtbaren Spektralbereich zum Reflexionsgrad R<sub>L</sub> im sichtbaren Spektralbereich. Je größer das Verhältnis T<sub>L</sub>/R|_ ist, desto weniger ausgeprägt sind störende innenraumseitige Reflexionen und desto angenehmer ist der optische Eindruck von der Scheibe. In Fig. 4 ist das Verhältnis T<sub>L</sub>/R|_ in Abhängigkeit von der Dicke der Haftschicht 3 dargestellt. In Fig. 5 ist das Verhältnis T<sub>L</sub>/R|_ in Abhängigkeit von der Dicke der funktionellen Schicht 4 dargestellt. In Fig. 6 ist das Verhältnis T<sub>L</sub>/R|_ in Abhängigkeit von der Dicke der optisch hochbrechenden Schicht 5 dargestellt. In Fig. 7 ist das Verhältnis T<sub>L</sub>/R|_ in Abhängigkeit von der Dicke der optisch niedrigbrechenden Schicht 6 dargestellt. </p><p id="p0094" num="0094">Die Simulationen gehen von dem grundsätzlichen Schichtaufbau aus, dessen Schichtenfolge mit Materialen und Schichtdicken in Tabelle 1 dargestellt sind. Es wurde jeweils eine der Schichtdicken variiert, die übrigen Schichtdicken entsprachen den Werten in Tabelle 1. Die Gesamtheit aus Substrat 1 , thermoplastischer Zwischenschicht 8 und Deckglas 9 hatte ohne die Beschichtung 2 eine Transmission T<sub>L</sub> von etwa 4,2 %. 
<!-- EPO <DP n="20"/>-->
 Zum Vergleich ist in den Figuren das Verhältnis T<sub>L</sub>/R|_ ohne die Beschichtung 2 dargestellt. Die Werte sind jeweils für zwei verschiedene Beobachtungswinkel α angegeben. Der Winkel α ist dabei der Winkel zwischen der Beobachtungsrichtung (Verbindungslinie zwischen Beobachter und Scheibe) und der Flächennormalen der Scheibe. </p><p id="p0095" num="0095">Tabelle 1 </p><p id="p0096" num="0096"><img id="imgf000020_0001" he="57" wi="94" file="imgf000020_0001.tif" img-format="tif" img-content="table" orientation="portrait" inline="yes"/></p><p id="p0097" num="0097">Die absoluten Werte für das Verhältnis T<sub>L</sub>/R|_ hängen von der Transmission durch Scheibe ab. Eine geringere Transmission bei gleichbleibender Reflexion führt zu geringerem Verhältnis T<sub>L</sub>/R|_. Das bedeutet, dass die gleiche Beschichtung 2 auf einer Scheibe mit geringerer Transmission zu einem geringeren Verhältnis T<sub>L</sub>/R|_ führt als auf einer Scheibe mit höherer Transmission. Die qualitative Abhängigkeit des Verhältnisses T<sub>L</sub>/R|_ ist jedoch von der Transmission der Scheibe unabhängig und kann den Figuren entnommen werden. </p><p id="p0098" num="0098">Aus Fig. 4 ist ersichtlich, dass das Verhältnis T<sub>L</sub>/R|_ keine deutliche Abhängigkeit von der Dicke der Haftschicht 3 aufweist. Die Dicke der Haftschicht 3 beeinflusst die antireflektierenden Eigenschaften der Beschichtung 2 also kaum. Die Dicke der Haftschicht 3 kann daher auf Grundlage der haftvermittelnden Eigenschaften und der Barrierewirkung gegenüber diffundierenden Ionen ausgewählt werden. Es hat sich gezeigt, dass mit einer Haftschicht mit einer Dicke von 10 nm bis 150 nm, bevorzugt von 15 nm bis 50 nm besonders gute Ergebnisse erzielt werden. 
<!-- EPO <DP n="21"/>-->
 Aus Fig. 5 ist ersichtlich, dass die Dicke der funktionellen Schicht 4 einen deutlichen Einfluss auf die antireflektierenden Eigenschaften der Beschichtung 2 und damit auf das Verhältnis T<sub>L</sub>/R|_ hat. Das Maximum für das Verhältnis T<sub>L</sub>/R|_ wird bei einer Dicke von etwa 100 nm erreicht. Um die Wärmestrahlung reflektierende Wirkung zu verbessern, kann jedoch eine dickere funktionelle Schicht 4 gewünscht sein. Es hat sich gezeigt, dass für Dicken der funktionellen Schicht 4 von 50 nm bis 150 nm, bevorzugt von 60 nm bis 140 nm, besonders bevorzugt von 70 nm bis 130 nm ein guter Kompromiss zwischen dem Verhältnis T<sub>L</sub>/R|_ und der Wärmestrahlung reflektierenden Wirkung erreicht wird. </p><p id="p0099" num="0099">Aus Fig. 6 ist ersichtlich, dass die Dicke der optisch hochbrechenden Schicht 5 einen deutlichen Einfluss auf die antireflektierenden Eigenschaften der Beschichtung 2 und damit auf das Verhältnis T<sub>L</sub>/R|_ hat. Das Verhältnis T<sub>L</sub>/R|_ wird größer, je dünner die optisch hochbrechende Schicht 5 ausgebildet ist. Bei einer Dicke von kleiner als 20 nm ist das Verhältnis T<sub>L</sub>/R|_ größer als bei der Scheibe ohne Beschichtung 2. Besonders gute Ergebnisse werden für eine Dicke der optisch hochbrechenden Schicht 5 von kleiner als 12 nm, bevorzugt kleiner als 10 nm, besonders bevorzugt kleiner als 8 nm erreicht. Damit die optisch hochbrechenden Schicht 5 die funktionelle Schicht 4 dennoch effektiv vor Korrosion und Oxidation schützen kann, sollte sie eine Dicke von mindestens 1 nm, bevorzugt mindestens 2 nm aufweisen. </p><p id="p0100" num="0100">Aus Fig. 7 ist ersichtlich, dass die Dicke der optisch niedrigbrechenden Schicht 6 einen deutlichen Einfluss auf die antireflektierenden Eigenschaften der Beschichtung 2 und damit auf das Verhältnis T<sub>L</sub>/R|_ hat. Bei einer Dicke von etwa 40 nm bis 130 nm ist das Verhältnis T<sub>L</sub>/R|_ größer als bei der Scheibe ohne Beschichtung 2. Besonders gute Ergebnisse werden für eine Dicke der optisch niedrigbrechenden Schicht 6 von 50 nm bis 120 nm, bevorzugt von 60 nm bis 1 10 nm, besonders bevorzugt von 70 nm bis 100 nm erreicht. </p><p id="p0101" num="0101">Durch die erfindungsgemäße Beschichtung 2 wird nicht nur eine Wärmestrahlung reflektierende Wirkung erzielt, sondern außerdem auch eine antireflektierende Wirkung. Wird die Beschichtung 2 auf eine Scheibe mit geringer Lichttransmission aufgebracht, so vermindert sie störende und irritierende innenraumseitige Reflexionen. Die antireflektierende Wirkung ist auch bei schrägem Lichteinfall noch stark ausgeprägt. Diese Ergebnisse waren für den Fachmann unerwartet und überraschend. 
<!-- EPO <DP n="22"/>-->
 Fig. 8 zeigt ein Flussdiagramm eines Ausführungsbeispiels des erfindungsgemäßen Verfahrens zur Herstellung einer Scheibe mit Wärmestrahlung reflektierender Beschichtung 2. </p><p id="p0102" num="0102">Bezugszeichenliste: </p><p id="p0103" num="0103">(1 ) Substrat </p><p id="p0104" num="0104"> (2) Wärmestrahlung reflektierende Beschichtung </p><p id="p0105" num="0105"> (3) Haftschicht </p><p id="p0106" num="0106"> (4) funktionelle Schicht </p><p id="p0107" num="0107"> (5) optisch hochbrechende Schicht </p><p id="p0108" num="0108"> (6) optisch niedrigbrechende Schicht </p><p id="p0109" num="0109"> (7) Abdeckschicht </p><p id="p0110" num="0110"> (8) Deckscheibe </p><p id="p0111" num="0111"> (9) thermoplastische Zwischenschicht 
</p></description><claims mxw-id="PCLM70078210" ref-ucid="WO-2014127868-A1" lang="DE" load-source="patent-office"><claim-statement><!-- EPO <DP n="23"/>-->Patentansprüche </claim-statement><claim id="clm-0001" num="1"><claim-text>1 . Scheibe mit Wärmestrahlung reflektierender Beschichtung zur Abtrennung eines Innenraum gegenüber einer äußeren Umgebung, umfassend mindestens ein Substrat (1 ) und mindestens eine Wärmestrahlung reflektierende Beschichtung (2) mindestens auf der innenraumseitigen Oberfläche des Substrats (1 ), wobei</claim-text><claim-text>- die Scheibe eine Transmission im sichtbaren Spektralbereich kleiner als 5 % aufweist und </claim-text><claim-text> - die Beschichtung (2) ausgehend vom Substrat (1 ) mindestens umfasst: </claim-text><claim-text> - eine Haftschicht (3), welche zumindest ein Material mit einem Brechungsindex von kleiner als 1 ,8 enthält, </claim-text><claim-text> - eine funktionelle Schicht (4), die zumindest ein transparentes, elektrisch leitfähiges Oxid enthält, </claim-text><claim-text> - eine optisch hochbrechende Schicht (5), welche zumindest ein Material mit einem Brechungsindex von größer oder gleich 1 ,8 enthält, und </claim-text><claim-text> - eine optisch niedrigbrechende Schicht (6), welche zumindest ein Material mit einem Brechungsindex von kleiner als 1 ,8 enthält. </claim-text></claim><claim id="clm-0002" num="2"><claim-text>2. Scheibe nach Anspruch 1 , die eine Verbundscheibe ist, wobei das Substrat (1 ) über zumindest eine thermoplastische Zwischenschicht (9) mit einer Deckscheibe (8) verbunden ist. </claim-text></claim><claim id="clm-0003" num="3"><claim-text>3. Scheibe nach Anspruch 1 oder 2, die eine Transmission im sichtbaren Spektralbereich von kleiner als 4 %, bevorzugt kleiner 3 % aufweist. </claim-text></claim><claim id="clm-0004" num="4"><claim-text>4. Scheibe nach einem der Ansprüche 1 bis 3, wobei die Haftschicht (3) zumindest ein Oxid enthält, bevorzugt Siliziumoxid und/oder Aluminiumoxid, besonders bevorzugt Aluminium-dotiertes Siliziumdioxid, Zirkonium-dotiertes Siliziumdioxid oder Bor-dotiertes Siliziumdioxid. </claim-text></claim><claim id="clm-0005" num="5"><claim-text>5. Scheibe nach einem der Ansprüche 1 bis 4, wobei die Haftschicht (3) eine Dicke von 10 nm bis 150 nm, bevorzugt von 15 nm bis 50 nm aufweist. 
<!-- EPO <DP n="24"/>-->
</claim-text></claim><claim id="clm-0006" num="6"><claim-text>6. Scheibe nach einem der Ansprüche 1 bis 5, wobei die funktionelle Schicht (4) zumindest Fluor-dotiertes Zinnoxid, Antimon-dotiertes Zinnoxid und / oder Indium-Zinn-Oxid enthält. </claim-text></claim><claim id="clm-0007" num="7"><claim-text>7. Scheibe nach einem der Ansprüche 1 bis 6, wobei die funktionelle Schicht (4) eine Dicke von 50 nm bis 150 nm, bevorzugt von 60 nm bis 140 nm, besonders bevorzugt von 70 nm bis 130 nm aufweist. </claim-text></claim><claim id="clm-0008" num="8"><claim-text>8. Scheibe nach einem der Ansprüche 1 bis 7, wobei die optisch hochbrechende Schicht (5) zumindest ein Oxid oder Nitrid enthält, bevorzugt Wolframoxid, Nioboxid, Tantaloxid, Zirkoniumoxid, Hafniumoxid, Bismutoxid, Titanoxid, Siliziumnitrid, Zirkoniumnitrid, Hafniumnitrid, und/oder Aluminiumnitrid, besonders bevorzugt Siliziumnitrid, ganz besonders bevorzugt Aluminium-dotiertes Siliziumnitrid, Zirkonium-dotiertes Siliziumnitrid oder Bor-dotiertes Siliziumnitrid. </claim-text></claim><claim id="clm-0009" num="9"><claim-text>9. Scheibe nach einem der Ansprüche 1 bis 8, wobei die optisch hochbrechende Schicht (5) eine Dicke von mindestens 1 nm und von kleiner als 20 nm aufweist, bevorzugt kleiner als 12 nm, besonders bevorzugt kleiner als 10 nm, ganz besonders bevorzugt kleiner als 8 nm. </claim-text></claim><claim id="clm-0010" num="10"><claim-text>10. Scheibe nach einem der Ansprüche 1 bis 9, wobei die optisch niedrigbrechende Schicht (6) zumindest ein Oxid enthält, bevorzugt Siliziumoxid und/oder Aluminiumoxid, besonders bevorzugt Aluminium-dotiertes Siliziumoxid, Zirkonium-dotiertes Siliziumoxid oder Bor-dotiertes Siliziumoxid. </claim-text></claim><claim id="clm-0011" num="11"><claim-text>1 1 . Scheibe nach einem der Ansprüche 1 bis 10, wobei die optisch niedrigbrechende Schicht (6) eine Dicke von 40 nm bis 130 nm, bevorzugt von 50 nm bis 120 nm, besonders bevorzugt von 60 nm bis 1 10 nm, ganz besonders bevorzugt von 70 nm bis 100 nm aufweist. </claim-text></claim><claim id="clm-0012" num="12"><claim-text>12. Scheibe nach einem der Ansprüche 1 bis 1 1 , wobei oberhalb der optisch niedrigbrechenden Schicht (6) eine Abdeckschicht (7) angeordnet ist, die zumindest ein Oxid, bevorzugt zumindest Ti0<sub>2</sub>, Zr0<sub>2</sub>, Hf0<sub>2</sub>, Nb<sub>2</sub>0<sub>5</sub>, Ta<sub>2</sub>0<sub>5</sub>, Cr<sub>2</sub>0<sub>3</sub>, W0<sub>3</sub> und / oder Ce0<sub>2</sub> enthält und die bevorzugt eine Dicke von 2 nm bis 50 nm, besonders bevorzugt von 5 nm bis 20 nm aufweist. 
<!-- EPO <DP n="25"/>-->
</claim-text></claim><claim id="clm-0013" num="13"><claim-text>13. Scheibe nach einem der Ansprüche 1 bis 12, wobei das Verhältnis des innenraumseitigen Transmissionsgrads T<sub>L</sub> im sichtbaren Spektralbereich zum innenraumseitigen Reflexionsgrad R<sub>L</sub> im sichtbaren Spektralbereich T<sub>L</sub>/RL größer oder gleich 0,6, bevorzugt größer oder gleich 0,8, besonders bevorzugt größer oder gleich 1 , ganz bevorzugt größer oder gleich 1 ,5 beträgt. </claim-text></claim><claim id="clm-0014" num="14"><claim-text>14. Verfahren zur Herstellung einer Scheibe mit Wärmestrahlung reflektierender Beschichtung (2) nach einem der Ansprüche 1 bis 13, wobei auf die innenraumseitige Oberfläche des Substrats (1 ) nacheinander zumindest </claim-text><claim-text> (a) die Haftschicht (3), </claim-text><claim-text> (b) die funktionelle Schicht (4), </claim-text><claim-text> (c) die optisch hochbrechende Schicht (5) und </claim-text><claim-text> (d) die optisch niedrigbrechende Schicht (6) </claim-text><claim-text> aufgebracht werden. </claim-text></claim><claim id="clm-0015" num="15"><claim-text>15. Verwendung der Scheibe mit Wärmestrahlung reflektierender Beschichtung nach einen der Ansprüche 1 bis 13 in Gebäuden oder in Fortbewegungsmitteln für den Verkehr auf dem Lande, in der Luft oder zu Wasser, insbesondere in Zügen, Schiffen und Kraftfahrzeugen beispielsweise als Heckscheibe, Seitenscheibe und/oder Dachscheibe. 
</claim-text></claim></claims><copyright>User acknowledges that Fairview Research LLC and its third party providers retain all right, title and interest in and to this xml under applicable copyright laws.  User acquires no ownership rights to this xml including but not limited to its format.  User hereby accepts the terms and conditions of the Licence Agreement</copyright></patent-document>
