<?xml version="1.0" encoding="UTF-8"?>
<patent-document ucid="EP-2958488-A1" country="EP" doc-number="2958488" kind="A1" date="20151230" family-id="47826913" file-reference-id="318326" date-produced="20180822" status="corrected" lang="EN"><bibliographic-data><publication-reference fvid="160453696" ucid="EP-2958488-A1"><document-id><country>EP</country><doc-number>2958488</doc-number><kind>A1</kind><date>20151230</date><lang>EN</lang></document-id></publication-reference><application-reference ucid="EP-14705762-A" is-representative="NO"><document-id mxw-id="PAPP193870360" load-source="docdb" format="epo"><country>EP</country><doc-number>14705762</doc-number><kind>A</kind><date>20140219</date><lang>EN</lang></document-id><document-id mxw-id="PAPP193870361" load-source="patent-office" format="original"><country>EP</country><doc-number>14705762.4</doc-number><date>20140219</date><lang>EN</lang></document-id></application-reference><priority-claims><priority-claim mxw-id="PPC162029161" ucid="EP-13156374-A" load-source="docdb"><document-id format="epo"><country>EP</country><doc-number>13156374</doc-number><kind>A</kind><date>20130222</date></document-id></priority-claim><priority-claim mxw-id="PPC162029648" ucid="EP-14705762-A" load-source="docdb"><document-id format="epo"><country>EP</country><doc-number>14705762</doc-number><kind>A</kind><date>20140219</date></document-id></priority-claim><priority-claim mxw-id="PPC162035259" ucid="EP-2014053198-W" linkage-type="W" load-source="docdb"><document-id format="epo"><country>EP</country><doc-number>2014053198</doc-number><kind>W</kind><date>20140219</date></document-id></priority-claim></priority-claims><technical-data><classifications-ipcr><classification-ipcr mxw-id="PCL-1853804273" load-source="docdb">G06T   7/00        20170101ALI20170118BHEP        </classification-ipcr><classification-ipcr mxw-id="PCL-1853804274" load-source="docdb">G01R  33/48        20060101ALI20170118BHEP        </classification-ipcr><classification-ipcr mxw-id="PCL-1853804275" load-source="docdb">A61N   7/02        20060101ALI20170118BHEP        </classification-ipcr><classification-ipcr mxw-id="PCL-1853804276" load-source="docdb">A61N   7/00        20060101ALI20170118BHEP        </classification-ipcr><classification-ipcr mxw-id="PCL-1853804277" load-source="docdb">A61N   5/10        20060101ALI20170118BHEP        </classification-ipcr><classification-ipcr mxw-id="PCL-1853804278" load-source="docdb">A61N   1/40        20060101AFI20170118BHEP        </classification-ipcr><classification-ipcr mxw-id="PCL-1853804279" load-source="docdb">A61B  18/14        20060101ALI20170118BHEP        </classification-ipcr><classification-ipcr mxw-id="PCL-1853804280" load-source="docdb">A61B   5/055       20060101ALI20170118BHEP        </classification-ipcr><classification-ipcr mxw-id="PCL-1853804281" load-source="docdb">A61B   5/01        20060101ALI20170118BHEP        </classification-ipcr><classification-ipcr mxw-id="PCL-1853804282" load-source="docdb">A61B  90/00        20160101ALI20170118BHEP        </classification-ipcr><classification-ipcr mxw-id="PCL-1853804283" load-source="docdb">A61B  18/00        20060101ALI20170118BHEP        </classification-ipcr><classification-ipcr mxw-id="PCL-1853804284" load-source="docdb">A61B   5/00        20060101ALI20170118BHEP        </classification-ipcr></classifications-ipcr><classifications-cpc><classification-cpc mxw-id="PCL-1976522156" load-source="docdb" scheme="CPC">A61B2090/374       20160201 LA20160201BHEP        </classification-cpc><classification-cpc mxw-id="PCL-1984696443" load-source="docdb" scheme="CPC">A61N   1/403       20130101 LI20151231BHEP        </classification-cpc><classification-cpc mxw-id="PCL-1984697617" load-source="docdb" scheme="CPC">A61B   5/055       20130101 LI20160106BHEP        </classification-cpc><classification-cpc mxw-id="PCL-1984698269" load-source="docdb" scheme="CPC">A61B   5/015       20130101 LI20160106BHEP        </classification-cpc><classification-cpc mxw-id="PCL-1984699164" load-source="docdb" scheme="CPC">A61B   5/743       20130101 LI20151231BHEP        </classification-cpc><classification-cpc mxw-id="PCL-1984699727" load-source="docdb" scheme="CPC">G06T2207/30004     20130101 LA20151231BHEP        </classification-cpc><classification-cpc mxw-id="PCL-1984701069" load-source="docdb" scheme="CPC">G06T   7/0012      20130101 LI20151231BHEP        </classification-cpc><classification-cpc mxw-id="PCL-1984701841" load-source="docdb" scheme="CPC">G06T2207/30196     20130101 LA20151231BHEP        </classification-cpc><classification-cpc mxw-id="PCL-1984702058" load-source="docdb" scheme="CPC">A61B   5/4836      20130101 FI20151231BHEP        </classification-cpc><classification-cpc mxw-id="PCL-1984704702" load-source="docdb" scheme="CPC">A61N   7/02        20130101 LI20160106BHEP        </classification-cpc><classification-cpc mxw-id="PCL-1984705070" load-source="docdb" scheme="CPC">G06T2207/10096     20130101 LA20151231BHEP        </classification-cpc><classification-cpc mxw-id="PCL-1987767651" load-source="docdb" scheme="CPC">A61N   5/1039      20130101 LI20140926BHEP        </classification-cpc><classification-cpc mxw-id="PCL-1987774969" load-source="docdb" scheme="CPC">A61B2018/00791     20130101 LA20150805BHEP        </classification-cpc><classification-cpc mxw-id="PCL-1987780340" load-source="docdb" scheme="CPC">G01R  33/4814      20130101 LI20140924BHEP        </classification-cpc><classification-cpc mxw-id="PCL-1987789975" load-source="docdb" scheme="CPC">A61N2007/0082      20130101 LA20150306BHEP        </classification-cpc><classification-cpc mxw-id="PCL-1987792046" load-source="docdb" scheme="CPC">A61B2018/00738     20130101 LA20150306BHEP        </classification-cpc><classification-cpc mxw-id="PCL-1987794817" load-source="docdb" scheme="CPC">A61N2005/1055      20130101 LA20150312BHEP        </classification-cpc><classification-cpc mxw-id="PCL-1987800259" load-source="docdb" scheme="CPC">A61B  18/14        20130101 LI20150306BHEP        </classification-cpc></classifications-cpc><invention-title mxw-id="PT165552554" lang="DE" load-source="patent-office">HYPERTHERMIE FÜR DIAGNOSTISCHE BILDGEBUNG</invention-title><invention-title mxw-id="PT165552555" lang="EN" load-source="patent-office">HYPERTHERMIA FOR DIAGNOSTIC IMAGING</invention-title><invention-title mxw-id="PT165552556" lang="FR" load-source="patent-office">HYPERTHERMIE POUR IMAGERIE DIAGNOSTIQUE</invention-title></technical-data><parties><applicants><applicant mxw-id="PPAR1103311854" load-source="docdb" sequence="1" format="epo"><addressbook><last-name>KONINKL PHILIPS NV</last-name><address><country>NL</country></address></addressbook></applicant><applicant mxw-id="PPAR1103305037" load-source="docdb" sequence="1" format="intermediate"><addressbook><last-name>KONINKLIJKE PHILIPS N.V.</last-name></addressbook></applicant><applicant mxw-id="PPAR1101648557" load-source="patent-office" sequence="1" format="original"><addressbook><last-name>Koninklijke Philips N.V.</last-name><iid>101391185</iid><address><street>High Tech Campus 5</street><city>5656 AE Eindhoven</city><country>NL</country></address></addressbook></applicant></applicants><inventors><inventor mxw-id="PPAR1103338870" load-source="docdb" sequence="1" format="epo"><addressbook><last-name>VAHALA ERKKI TAPANI</last-name><address><country>NL</country></address></addressbook></inventor><inventor mxw-id="PPAR1103339191" load-source="docdb" sequence="1" format="intermediate"><addressbook><last-name>VAHALA, ERKKI, TAPANI</last-name></addressbook></inventor><inventor mxw-id="PPAR1101641645" load-source="patent-office" sequence="1" format="original"><addressbook><last-name>VAHALA, ERKKI, TAPANI</last-name><address><street>c/o High Tech Campus 5</street><city>NL-5656 AE Eindhoven</city><country>NL</country></address></addressbook></inventor></inventors><agents><agent mxw-id="PPAR1101647932" load-source="patent-office" sequence="1" format="original"><addressbook><last-name>Cohen, Julius Simon</last-name><iid>101471454</iid><address><street>Philips International B.V. Intellectual Property &amp; Standards High Tech Campus 5</street><city>5656 AE Eindhoven</city><country>NL</country></address></addressbook></agent></agents></parties><international-convention-data><pct-or-regional-filing-data ucid="EP-2014053198-W"><document-id><country>EP</country><doc-number>2014053198</doc-number><kind>W</kind><date>20140219</date><lang>EN</lang></document-id></pct-or-regional-filing-data><pct-or-regional-publishing-data ucid="WO-2014128147-A1"><document-id><country>WO</country><doc-number>2014128147</doc-number><kind>A1</kind><date>20140828</date><lang>EN</lang></document-id></pct-or-regional-publishing-data><designated-states><ep-contracting-states><country mxw-id="DS660723372" load-source="docdb">AL</country><country mxw-id="DS660722381" load-source="docdb">AT</country><country mxw-id="DS660723374" load-source="docdb">BE</country><country mxw-id="DS660640383" load-source="docdb">BG</country><country mxw-id="DS660641763" load-source="docdb">CH</country><country mxw-id="DS660732621" load-source="docdb">CY</country><country mxw-id="DS660722382" load-source="docdb">CZ</country><country mxw-id="DS660756917" load-source="docdb">DE</country><country mxw-id="DS660723379" load-source="docdb">DK</country><country mxw-id="DS660732622" load-source="docdb">EE</country><country mxw-id="DS660794548" load-source="docdb">ES</country><country mxw-id="DS660640384" load-source="docdb">FI</country><country mxw-id="DS660640385" load-source="docdb">FR</country><country mxw-id="DS660723380" load-source="docdb">GB</country><country mxw-id="DS660723381" load-source="docdb">GR</country><country mxw-id="DS660723382" load-source="docdb">HR</country><country mxw-id="DS660722387" load-source="docdb">HU</country><country mxw-id="DS660641764" load-source="docdb">IE</country><country mxw-id="DS660723395" load-source="docdb">IS</country><country mxw-id="DS660640386" load-source="docdb">IT</country><country mxw-id="DS660732627" load-source="docdb">LI</country><country mxw-id="DS660756918" load-source="docdb">LT</country><country mxw-id="DS660722388" load-source="docdb">LU</country><country mxw-id="DS660756923" load-source="docdb">LV</country><country mxw-id="DS660756924" load-source="docdb">MC</country><country mxw-id="DS660645122" load-source="docdb">MK</country><country mxw-id="DS660645127" load-source="docdb">MT</country><country mxw-id="DS660640391" load-source="docdb">NL</country><country mxw-id="DS660794549" load-source="docdb">NO</country><country mxw-id="DS660640392" load-source="docdb">PL</country><country mxw-id="DS660794550" load-source="docdb">PT</country><country mxw-id="DS660640393" load-source="docdb">RO</country><country mxw-id="DS660645128" load-source="docdb">RS</country><country mxw-id="DS660640394" load-source="docdb">SE</country><country mxw-id="DS660645129" load-source="docdb">SI</country><country mxw-id="DS660641765" load-source="docdb">SK</country><country mxw-id="DS660641766" load-source="docdb">SM</country><country mxw-id="DS660756926" load-source="docdb">TR</country></ep-contracting-states><ep-extended-states><ep-extended-state-data><country>BA</country></ep-extended-state-data><ep-extended-state-data><country>ME</country></ep-extended-state-data></ep-extended-states></designated-states></international-convention-data><office-specific-data><eptags><ep-no-a-document-published>*</ep-no-a-document-published></eptags></office-specific-data></bibliographic-data><abstract mxw-id="PA139078683" ref-ucid="WO-2014128147-A1" lang="EN" load-source="patent-office"><p num="0000">The present invention provides a diagnostic imaging system (100), comprising a magnetic resonance (MR) imaging system (110) for providing an image representation of at least a portion of a subject of interest (120) positioned in an examination space (116), a hyperthermia device (111) for locally heating a target zone within the portion of the subject of interest (120), and a control unit (126) for controlling the MR imaging system (110) and the hyperthermia device (111), wherein the diagnostic imaging system (100) is adapted to provide a diagnostic image representation of the portion of the subject of interest (120) by correlating image representations obtained at different temperatures of the target zone, wherein the diagnostic image representation comprises information on temperature dependent changes of the metabolism of the subject of interest (120). The invention further provides a treatment system comprising the above diagnostic imaging system (100), a treatment module (146) for applying a treatment to the subject of interest (120) for destroying cells within the target zone, and a control module (126) for controlling the treatment module (146) for applying the treatment based on diagnostic image representations obtained by the diagnostic imaging system (100). Accordingly, changes of the metabolism of the subject of interest can be evaluated to direct a treatment to such areas, where the cells have not yet been destroyed as desired. By comparing the difference of the above measurements between the first and the second temperature, the efficiency of the treatment can be evaluated and the further treatment can be adapted based on the metabolism changes.</p></abstract><abstract mxw-id="PA139545238" ref-ucid="WO-2014128147-A1" lang="EN" source="national office" load-source="docdb"><p>The present invention provides a diagnostic imaging system (100), comprising a magnetic resonance (MR) imaging system (110) for providing an image representation of at least a portion of a subject of interest (120) positioned in an examination space (116), a hyperthermia device (111) for locally heating a target zone within the portion of the subject of interest (120), and a control unit (126) for controlling the MR imaging system (110) and the hyperthermia device (111), wherein the diagnostic imaging system (100) is adapted to provide a diagnostic image representation of the portion of the subject of interest (120) by correlating image representations obtained at different temperatures of the target zone, wherein the diagnostic image representation comprises information on temperature dependent changes of the metabolism of the subject of interest (120). The invention further provides a treatment system comprising the above diagnostic imaging system (100), a treatment module (146) for applying a treatment to the subject of interest (120) for destroying cells within the target zone, and a control module (126) for controlling the treatment module (146) for applying the treatment based on diagnostic image representations obtained by the diagnostic imaging system (100). Accordingly, changes of the metabolism of the subject of interest can be evaluated to direct a treatment to such areas, where the cells have not yet been destroyed as desired. By comparing the difference of the above measurements between the first and the second temperature, the efficiency of the treatment can be evaluated and the further treatment can be adapted based on the metabolism changes.</p></abstract><abstract mxw-id="PA139078684" ref-ucid="WO-2014128147-A1" lang="FR" load-source="patent-office"><p num="0000">La présente invention concerne un système d'imagerie diagnostique (100), comprenant un système d'imagerie par résonance magnétique (RM) (110) pour produire une représentation d'image d'au moins une partie d'un sujet d'intérêt (120) positionné dans un espace d'examen (116), un dispositif d'hyperthermie (111) pour chauffer localement une zone cible dans la partie du sujet d'intérêt (120), et une unité de commande (126) pour commander le système d'imagerie RM (110) et le dispositif d'hyperthermie (111), le système d'imagerie diagnostique (100) étant adapté pour produire une représentation d'image diagnostique de la partie du sujet d'intérêt (120) par corrélation des représentations d'image obtenues à différentes températures de la zone cible, la représentation d'image diagnostique comprenant des informations sur les changements en fonction de la température du métabolisme du sujet d'intérêt (120). L'invention concerne en outre un système de traitement comprenant le système d'imagerie diagnostique ci-dessus (100), un module de traitement (146) pour appliquer un traitement au sujet d'intérêt (120) pour détruire des cellules dans la zone cible, et un module de commande (126) pour commander le module de traitement (146) pour appliquer le traitement sur la base de représentations d'image diagnostiques obtenues par le système d'imagerie diagnostique (100). En conséquence, les changements du métabolisme du sujet d'intérêt peuvent être évalués pour diriger un traitement vers de telles zones, où les cellules n'ont pas encore été détruites comme souhaité. En comparant la différence des mesures ci-dessus entre la première et la deuxième température, l'efficacité du traitement peut être évaluée et le traitement ultérieur peut être adapté sur la base des changements du métabolisme.</p></abstract><abstract mxw-id="PA139545239" ref-ucid="WO-2014128147-A1" lang="FR" source="national office" load-source="docdb"><p>La présente invention concerne un système d'imagerie diagnostique (100), comprenant un système d'imagerie par résonance magnétique (RM) (110) pour produire une représentation d'image d'au moins une partie d'un sujet d'intérêt (120) positionné dans un espace d'examen (116), un dispositif d'hyperthermie (111) pour chauffer localement une zone cible dans la partie du sujet d'intérêt (120), et une unité de commande (126) pour commander le système d'imagerie RM (110) et le dispositif d'hyperthermie (111), le système d'imagerie diagnostique (100) étant adapté pour produire une représentation d'image diagnostique de la partie du sujet d'intérêt (120) par corrélation des représentations d'image obtenues à différentes températures de la zone cible, la représentation d'image diagnostique comprenant des informations sur les changements en fonction de la température du métabolisme du sujet d'intérêt (120). L'invention concerne en outre un système de traitement comprenant le système d'imagerie diagnostique ci-dessus (100), un module de traitement (146) pour appliquer un traitement au sujet d'intérêt (120) pour détruire des cellules dans la zone cible, et un module de commande (126) pour commander le module de traitement (146) pour appliquer le traitement sur la base de représentations d'image diagnostiques obtenues par le système d'imagerie diagnostique (100). En conséquence, les changements du métabolisme du sujet d'intérêt peuvent être évalués pour diriger un traitement vers de telles zones, où les cellules n'ont pas encore été détruites comme souhaité. En comparant la différence des mesures ci-dessus entre la première et la deuxième température, l'efficacité du traitement peut être évaluée et le traitement ultérieur peut être adapté sur la base des changements du métabolisme.</p></abstract><description mxw-id="PDES78477655" ref-ucid="WO-2014128147-A1" lang="EN" load-source="patent-office"><!-- EPO <DP n="3"/>--><p id="p0001" num="0001"> Hyperthermia for diagnostic imaging </p><p id="p0002" num="0002">FIELD OF THE INVENTION </p><p id="p0003" num="0003"> The invention relates to the field of diagnostic imaging, in particular magnetic resonance imaging, and treatments for destroying cells within a subject of interest. BACKGROUND OF THE INVENTION </p><p id="p0004" num="0004"> Diagnostic imaging like magnetic resonance imaging (MRI) is becoming a more important issue in the area of therapy. In particular, diagnostic imaging is used in the area of cancer treatments to plan an efficient treatment of cancerous tissues in an area of interest of the subject of interest, as described e.g. in WO 02/082995 Al. As described therein, a magnetic resonance (MR) apparatus is used to plan a treatment regimen using a linear accelerator (linac). The features of slice width selection and depth selection are used to better ascertain where a medial malignancy is within a subject of interest, which is an animate being, e.g. a human being or an animal. A conversion algorithm translates the linac input into an imaging region for a magnetic resonance sequence that images the malignancy. Along each planned treatment trajectory radiation and MR projection images are </p><p id="p0005" num="0005">superimposed to delineate the malignancy clearly for beam aiming and collimation adjustments. This enables a reliable planning of the treatment. </p><p id="p0006" num="0006"> Nevertheless, the effectiveness of the treatment is not known during the irradiation treatment. This also applies to all kinds of treatments, in particular cancer treatments, where cells within the subject of interest are destroyed. Similarly, the cell death due to chemotherapy or tissue necrosis due to heating is difficult to measure. Current MR imaging and MR spectroscopy, which rely on blood oxygen level, are sensitive to patient movement and errors from signal changes due to the therapy. </p><p id="p0007" num="0007"> US 528411 describes a hyperthermia/MRI probe which is utilized to monitor temperatures within a heating zone. </p><p id="p0008" num="0008"> US 5722411 describes an ultrasound apparatus, which can be used for thermal treatment. US 5722411 mentions a method in which imaging for a treatment effect check is performed. 
<!-- EPO <DP n="4"/>-->
 SUMMARY OF THE INVENTION </p><p id="p0009" num="0009"> It is an object of the invention to provide means and methods for improved diagnostic imaging and for improved treatment for destroying cells within the target zone of a subject of interest. </p><p id="p0010" num="0010"> In one aspect of the present invention, the object is achieved by a diagnostic imaging system, comprising a magnetic resonance imaging system for providing an image representation of at least a portion of a subject of interest positioned in an examination space, a hyperthermia device for locally heating a target zone within the portion of the subject of interest, and a control unit for controlling the MR imaging system and the hyperthermia device, wherein the diagnostic imaging system is adapted to provide a diagnostic image representation of the portion of the subject of interest by correlating image representations obtained at different temperatures of the target zone, wherein the diagnostic image representation comprises information on temperature dependent changes of the metabolism of the subject of interest. </p><p id="p0011" num="0011"> In a further aspect of the present invention, the object is achieved by a treatment system, in particular an oncological treatment system, comprising a diagnostic imaging system as described above, a treatment module for applying a treatment to the subject of interest for destroying cells within the target zone, and a control module for controlling the treatment module for applying the treatment based on diagnostic image representations obtained by the diagnostic imaging system. </p><p id="p0012" num="0012"> In a further aspect of the present invention, the object is achieved by a method for providing a diagnostic image representation of a portion of a subject of interest, comprising the steps of providing an image representation of at least a portion of a subject of interest positioned in an examination space, whereby a target zone of the portion of subject of interest has a first temperature, locally heating the target zone, providing a further image representation of the portion of the subject of interest positioned in an examination space, whereby the target zone has a second temperature, correlating the obtained image </p><p id="p0013" num="0013">representations with the target zone having the first and the second temperature, and providing a diagnostic image representation of the portion of the subject of interest with the correlated image representations, wherein the diagnostic image representation comprises information on temperature dependent changes of the metabolism of the subject of interest. </p><p id="p0014" num="0014"> In a further aspect of the present invention, the object is achieved by a method for treatment, in particular for oncological treatment, of a subject of interest, comprising the steps of applying a treatment dose for destroying cells within the target zone of the subject of 
<!-- EPO <DP n="5"/>-->
 interest, providing a diagnostic image representation of a portion of a subject of interest covering the target zone according to the above method, and applying a further treatment dose for destroying cells within the target zone of the subject of interest based on the diagnostic image representation. </p><p id="p0015" num="0015"> In a still further aspect of the present invention, the object is achieved by a software package for upgrading a magnetic resonance (MR) imaging system, whereby the software package contains instructions for controlling the MR imaging system according to the above method. </p><p id="p0016" num="0016"> Accordingly, changes of the metabolism of the subject of interest, which is an animate being, e.g. a human being or an animal, can be evaluated using the MR imaging system. This information can be used to direct a treatment to such areas, where the cells have not yet been destroyed as desired. Such metabolism changes can be identified based on oxygenation, e.g., by a blood oxygen level dependent (BOLD) image representations, which can be evaluated by magnetic resonance (MR) scans. Another possibility of identifying metabolism changes is MR spectroscopy, which enables the detection of the amount of metabolic activity. Also, Perfusion and/or diffusion imaging can be used to detect an altered flow within tissues in the subject of interest. By comparing the difference of the above measurements between the first and the second temperature, the efficiency of the treatment can be evaluated and the further treatment can be adapted based on the metabolism changes. Areas, where the cells have already been destroyed, can be excluded from further treatments to speed up the treatment and reduce the stress and exposure for a subject of interest. In general, the temperature of the subject of interest is not part of the diagnostic image representation. </p><p id="p0017" num="0017"> Accordingly, treatment doses can be adapted in respect to intensity and/or location. In particular, the control module can control the treatment module for applying the treatment to apply a treatment dose with an adapted intensity at an adapted location. </p><p id="p0018" num="0018"> The first and second image representation are usually provided in a near temporal context, e.g. during a treatment with the treatment system. The image </p><p id="p0019" num="0019">representations are preferably provided when a desired temperature is reached or the heating has been performed for a pre-defined time. </p><p id="p0020" num="0020"> The hyperthermia device can be any kind of device for locally heating the target zone. Preferably, the hyperthermia device is adapted to direct heat to the target zone to avoid the heating of areas out of the target zone. The hyperthermia device can be provided integrally within the MRI system. Preferably, the hyperthermia device is arranged to heat the 
<!-- EPO <DP n="6"/>-->
 target zone of the subject of interest when positioned within the examination space. Further preferred, the hyperthermia device is positioned in or at the examination space. Nevertheless, it is also possible to provide the hyperthermia device separately, and the subject of interest is moved into the examination space of the MRI system for providing the image representations thereof and to a different location for applying heat with the hyperthermia device. Preferably, a contact gel pad is provided to facilitate transmission of heat from the ultrasound-based hyperthermia device to the target zone. In a further embodiment, the hyperthermia device is a device movable within the examination space. </p><p id="p0021" num="0021"> The image representations, including the diagnostic image representation, can be provided in any suitable form, e.g. as visible images. Nevertheless, it is not required to provide the image representations as images, they can be provided as any kind of data achieved from an imaging system prior to generating the image. E.g. the diagnostic image representation can be generated based on data received when performing MR scans of the portion of the subject of interest. Also the diagnostic image representation can be provided in any form. E.g. the diagnostic image representation can be provided in any form suitable for the control module to automatically control the treatment module. The diagnostic image representation is preferably provided as visible image indicating the metabolism changes. The image representation can also comprise two or more kinds of representations, e.g. a visible image that enables an operator of the diagnostic imaging system and/or the treatment system to verify the metabolism activity and/or the metabolism changes, and a representation which is e.g. passed directly to the control module. </p><p id="p0022" num="0022"> The control unit for controlling the MRI system and the hyperthermia device can be a separate control unit, or a control unit of the MRI system, which is adapted to additionally control the hyperthermia device. </p><p id="p0023" num="0023"> In the treatment system, the treatment module can be any kind of device suitable to achieve the destruction of cells. The treatment module can be provided integrally within the MRI system. Preferably, the treatment module is arranged to destroy cells within the target zone of the subject of interest when positioned within the examination space. </p><p id="p0024" num="0024">Further preferred, the treatment module is positioned in or at the examination space. </p><p id="p0025" num="0025">Nevertheless, it is also possible to provide the treatment module separately, and the subject of interest is moved into the examination space of the MRI system for providing the image representations thereof and to a different location for applying treatment with the treatment module. In a further embodiment, the treatment module is a device movable within the examination space. 
<!-- EPO <DP n="7"/>-->
 The control module for controlling the treatment module and the diagnostic imaging system can be a separate control module, or a control unit of the diagnostic imaging system, which is adapted to additionally control the treatment module. Furthermore, the control module can be a control unit of the MRI system, which is adapted to additionally control the treatment module and the hyperthermia device. </p><p id="p0026" num="0026"> The first temperature generally refers to a temperature without heating the target zone, and the second temperature refers to a temperature after the target area has been heated. One temperature, usually the first temperature, refers to normal body temperature. The lower temperature, typically the body temperature, can be obtained after heating the target zone with the hyperthermia device through normal thermal conduction and perfusion. Nevertheless, the method can also be performed by first heating the target zone to the second temperature and then cooling the target zone to the first temperature for providing the further image representation. The cooling can comprise active cooling or normal thermal conduction and perfusion only. </p><p id="p0027" num="0027"> The step of applying a treatment dose for destroying cells within the target zone refers to any kind of suitable treatment. The treatment module can directly or indirectly achieve the destruction of the cells. </p><p id="p0028" num="0028"> The method steps of the above methods can be performed in any suitable order and are not limited to the order listed above. In the method for treatment, the steps of providing a diagnostic image representation and applying a further treatment dose can be performed repeatedly to provide a treatment with a continuous verification of the success of the treatment and a continuous adaptation to the diagnostic image representation. </p><p id="p0029" num="0029"> The target zone refers to a 3-dimensional zone within the subject of interest, where the cells to be destroyed are located. Typically, the target zone is a zone containing cancerous cells. </p><p id="p0030" num="0030"> According to a preferred embodiment of the diagnostic imaging system the control unit is adapted to perform a pulsed operation of the hyperthermia device and the MR imaging system to provide an image representation of the portion of the subject of interest when the hyperthermia device is inactive. Correlation errors can be reduced by an efficient modulation of the hyperthermia device and the MR imaging system. Accordingly, the operation of the MR imaging system is not limited by the operation of the hyperthermia device. </p><p id="p0031" num="0031"> According to a preferred embodiment of the diagnostic imaging system the hyperthermia device is an ultrasonic and/or a radio-frequency (RF) irradiation device. The 
<!-- EPO <DP n="8"/>-->
 irradiation can be used to efficiently heat the target zone within the subject of interest directly. Heating of the subject of interest outside the target zone can be reduced. </p><p id="p0032" num="0032"> According to a preferred embodiment the hyperthermia device is a heat source, which can be brought into contact with the subject of interest. </p><p id="p0033" num="0033"> According to a preferred embodiment the diagnostic imaging system comprises an application module for applying a contrast agent to the subject of interest. The contrast agent can be used to improve the diagnostic image representation in respect to changes of the metabolism of the subject of interest. Contrast agents can be sensitive to heat shock proteins, oxygen concentration, radiation damage or others. </p><p id="p0034" num="0034"> According to a preferred embodiment the diagnostic imaging system is adapted to provide a diagnostic image representation of the portion of the subject of interest including hypoxia information of the portion of the subject of interest. Cancerous cells frequently show a reduced local hypoxia. By comparing the difference between the first and second temperature signals of the target zone, the amount of hypoxia can be estimated, and the amount of treatment damage to the cells can be estimated from the temporally altered response due to the thermal stress. The hypoxia information can be fed back to dose calculations even before the treatment starts, to boost the dose on hypoxic volumes. The damage estimation can be used to optimize the amount of dose to minimize damage to healthy tissue while ensuring the effectiveness of treatment on the target zone during the irradiation or a single fraction. For example, with blood oxygen level dependent (BOLD) image representations, hypoxic tissue does not show a similar change due to different temperatures as normal tissue. </p><p id="p0035" num="0035"> According to a preferred embodiment of the treatment system the control module is further adapted to control the hyperthermia device for locally heating the target zone within the portion of the subject of interest together with the treatment module for applying the treatment. In addition to improving location and doses of the treatment, the hyperthermia can be used to enhance the outcome of the treatment, i.e. the treatment effectiveness can be improved by hyperthermia. This is partly due to increased metabolism, altered blood-flow, and reduced local hypoxia often present in cancerous tissue. Due to the locally applied heat, cells outside the target zone are not subject to an increased destruction. </p><p id="p0036" num="0036"> According to a preferred embodiment of the treatment system the treatment module comprises a high power linear accelerator for applying irradiation to the target zone of the subject of interest. The linear accelerator (linac) can be used to irradiate the target zone with high accuracy in respect to location and intensity, i.e. dose. 
<!-- EPO <DP n="9"/>-->
 According to a preferred embodiment of the treatment system the treatment module comprises a high intensity focused ultrasound device for applying ultrasound to the target zone of the subject of interest. The high intensity focused ultrasound (HIFU) device can be used to irradiate the target zone with high accuracy in respect to location and intensity, i.e. dose. Preferably, the HIFU device can be used as hyperthermia device when controlled to heat the target area with low intensity, so that a separate hyperthermia device can be omitted. </p><p id="p0037" num="0037"> According to a preferred embodiment of the treatment system the treatment module comprises a chemotherapy/drug release module for releasing drugs into the subject of interest. The drugs can destroy the cells, or improve the destruction of the cells when using a further treatment system as from the above treatment systems. The release module is preferably provided to release the drugs in or close to the target zone. </p><p id="p0038" num="0038"> According to a preferred embodiment the method for providing a diagnostic image representation comprises applying a contrast agent to the subject of interest. The contrast agent can be used to improve the diagnostic image representation in respect to changes of the metabolism of the subject of interest. Contrast agents can be sensitive to heat shock proteins, oxygen concentration, radiation damage or others. </p><p id="p0039" num="0039"> According to a preferred embodiment of the method for providing a diagnostic image representation the step of providing a diagnostic image representation of the portion of the subject of interest with the correlated image representations comprises identifying hypoxic areas within the portion of the subject of interest. Cancerous cells frequently show a reduced local hypoxia. By comparing the difference between the first and second temperature signals of the target zone, the amount of hypoxia can be estimated, and the amount of treatment damage to the cells can be estimated from the temporally altered response due to the thermal stress. The hypoxia information can be fed back to dose calculations even before the treatment starts, to boost the dose on hypoxic volumes. The damage estimation can be used to optimize the amount of dose to minimize damage to healthy tissue while ensuring the effectiveness of treatment on the target zone during the irradiation or a single fraction. For example, with blood oxygen level dependent (BOLD) image representations, hypoxic tissue does not show a similar change due to different temperatures as normal tissue. </p><p id="p0040" num="0040"> According to a preferred embodiment of the method for treatment of a subject of interest the step of applying a treatment dose for destroying cells within the target zone of the subject of interest comprises locally heating the target zone. In addition to improving location and doses of the treatment, the hyperthermia can be used to enhance the outcome of the treatment, i.e., the treatment effectiveness can be improved by hyperthermia. This is 
<!-- EPO <DP n="10"/>-->
 partly due to increased metabolism, altered blood- flow, and reduced local hypoxia often present in cancerous tissue. Due to the locally applied heat, cells outside the target zone are not subject to an increased destruction. BRIEF DESCRIPTION OF THE DRAWINGS </p><p id="p0041" num="0041"> These and other aspects of the invention will be apparent from and elucidated with reference to the embodiments described hereinafter. Such an embodiment does not necessarily represent the full scope of the invention, however, and reference is made therefore to the claims and herein for interpreting the scope of the invention. </p><p id="p0042" num="0042"> In the drawings: </p><p id="p0043" num="0043"> Fig. 1 is a schematic illustration of a first embodiment of a diagnostic imaging system in accordance with the invention, </p><p id="p0044" num="0044"> Fig. 2 is a schematic illustration of a second embodiment of a diagnostic imaging system in accordance with the invention, and </p><p id="p0045" num="0045"> Fig. 3 is a timing diagram indicating the activation f different components of a treatment system. </p><p id="p0046" num="0046">DETAILED DESCRIPTION OF EMBODIMENTS </p><p id="p0047" num="0047"> Fig. 1 shows a schematic illustration of an embodiment of a diagnostic imaging system 100 comprising a magnetic resonance (MR) imaging system 110 and a hyperthermia device 111. </p><p id="p0048" num="0048"> The MR imaging system 110 comprises an MR scanner 112 and includes a main magnet 114 provided for generating a static magnetic field. The main magnet 114 has a central bore that provides an examination space 116 around a center axis 118 for a subject of interest 120, usually a patient, to be positioned within. In this embodiment, the central bore and therefore the static magnetic field of the main magnet 114 has a horizontal orientation in accordance with the center axis 118. In an alternative embodiment, the orientation of the main magnet 114 can be different. Further, the MR imaging system 110 comprises a magnetic gradient coil system 122 provided for generating gradient magnetic fields superimposed to the static magnetic field. The magnetic gradient coil system 122 is concentrically arranged within the bore of the main magnet 114, as known in the art. </p><p id="p0049" num="0049"> Further, the MR imaging system 110 includes a radio frequency (RF) antenna device 140 designed as a whole -body coil having a tubular body. The RF antenna device 140 is provided for applying an RF magnetic field to the examination space 116 during RF 
<!-- EPO <DP n="11"/>-->
 transmit phases to excite nuclei of the subject of interest 120. The RF antenna device 140 is also provided to receive MR signal from the excited nuclei during RF receive phases. In a state of operation of the MR imaging system 110, RF transmit phases and RF receive phases are taking place in a consecutive manner. The RF antenna device 140 is arranged </p><p id="p0050" num="0050">concentrically within the bore of the main magnet 114. As is known in the art, a cylindrical metal RF screen 124 is arranged concentrically between the magnetic gradient coil system 122 and the RF antenna device 140. </p><p id="p0051" num="0051"> Moreover, the MR imaging system 110 comprises an MR image reconstruction unit 130 provided for reconstructing MR images from the acquired MR signals and an MR imaging system control unit 126 with a monitor unit 128 provided to control functions of the MR scanner 112, as is commonly known in the art. Control lines 132 are installed between the MR imaging system control unit 126 and an RF transmitter unit 134 that is provided to feed RF power of an MR radio frequency to the RF antenna device 140 via an RF switching unit 136 during the RF transmit phases. The RF switching unit 136 in turn is also controlled by the MR imaging system control unit 126, and another control line 138 is installed between the MR imaging system control unit 126 and the RF switching unit 136 to serve that purpose. During RF receive phase, the RF switching unit 136 directs the MR signals from the RF antenna device 140 to the MR image reconstruction unit 130 after pre- amplification. </p><p id="p0052" num="0052"> The hyperthermia device 111 is an ultrasonic irradiation device which is a high intensity focused ultrasound (HIFU) device for applying ultrasound to the target zone of the subject of interest, which is controlled to heat the target area with low intensity. The hyperthermia device 111 comprises a transducer box 142 including a transducer head, which is located integrally with the MR imaging system 110 to heat a subject of interest 120 located in the examination space 116, as shown in Fig. 1. The transducer head is movable to apply ultrasonic irradiation to a desired target zone of the subject of interest 120. A contact pad 144 is provided to improve the transmission of the ultrasonic irradiation from the transducer box 142 into the target zone. </p><p id="p0053" num="0053"> A medical treatment system comprises the above diagnostic imaging system 100 and a treatment module 146 for applying a treatment to the subject of interest for destroying cells within the target zone. The treatment module 146, which is indicated in fig. 3, is a high power linear accelerator (linac) for applying irradiation to the target zone of the subject of interest. 
<!-- EPO <DP n="12"/>-->
 The control unit 126 for controlling the MRI system 110 performs a combined control of the MRI system 110, the hyperthermia device 111, and the treatment module 146. </p><p id="p0054" num="0054"> The operation of the medical treatment system will now be described with reference to Fig. 3 </p><p id="p0055" num="0055"> In an initial step SO at time tl, an image representation of a portion of a subject of interest 120 covering the target zone is provided by the MRI system 110. The subject of interest 120 has normal body temperature, also referred to as first temperature. The image representation is a blood oxygen level dependent (BOLD) image representation. </p><p id="p0056" num="0056"> In a subsequent step at a time t2, the hyperthermia device 111 is activated by the control unit 126 to locally heat the target zone to a second temperature above the body temperature. When the second temperature is reached, the hyperthermia device 111 is deactivated and a further image representation of the portion of the subject of interest is provided by the MRI system 110. Also the further image representation is a BOLD image representation. </p><p id="p0057" num="0057"> In step S2, the image representations obtained at the first and second temperatures are correlated by the control unit 126 to provide a diagnostic image </p><p id="p0058" num="0058">representation of the portion of the subject of interest. The diagnostic image representation comprises information on temperature dependent changes of the metabolism of the subject of interest 120. In this embodiment, the diagnostic imaging system 100 is adapted to provide the diagnostic image representation including hypoxia information. The amount of hypoxia is estimated, and the amount of treatment damage to the cells is estimated. </p><p id="p0059" num="0059"> Furthermore, the control unit 126 calculates a dose correction of an initial dose, which was applied prior to SO to direct a treatment to such areas, where the cells have not yet been destroyed as desired. The dose correction is calculated based on the diagnostic image representation, i.e. based on the representations provided at tl and t2. Accordingly, the hypoxia information is fed back to dose calculations to boost the dose on hypoxic volumes. Based on the damage estimation, the amount and location of dose is optimized to minimize damage to healthy tissue while ensuring the effectiveness of the treatment on the target zone during the irradiation. The dose refers to a location and intensity of the treatment applied by the treatment module. In this embodiment, the dose refers to a target area of the linac 146 and the intensity of the linac 146. </p><p id="p0060" num="0060"> In step S3, the treatment is applied to the target zone by the linac 146 according to the dose calculated above. Furthermore, the MRI system 110 is operated to provide therapy images. 
<!-- EPO <DP n="13"/>-->
 Subsequent steps S4 and S5 are essentially identical to steps SO and SI, respectively, and provide image representations at times t3 and t4. Accordingly, at t3 an image representation at the first temperature is provided. Accordingly, the target area cools down to the first temperature, which is lower than the second temperature, by normal thermal conduction and perfusion. In an alternative embodiment, active cooling is applied to support cool down of the target area. </p><p id="p0061" num="0061"> In step S6, the image representations obtained at the first and second temperatures at times tl, t2, t3 and t4 are correlated by the control unit 126 to provide a diagnostic image representation of the portion of the subject of interest 120 as described with respect to S2. With the correlation of multiple image representations for the first and second temperature, the process of the treatment is monitored. Again, based on the diagnostic image representation, the control unit 126 calculates a dose correction of the prior dose of S3. </p><p id="p0062" num="0062"> In an alternative embodiment, the control module is further adapted to control the hyperthermia device 111 for locally heating the target zone within the portion of the subject of interest 120 together with the treatment module 146 for applying the treatment. Accordingly, the treatment is applied under hyperthermia conditions. </p><p id="p0063" num="0063"> Fig. 2 shows a schematic illustration of an embodiment of a diagnostic imaging system 100 according to a second embodiment. The diagnostic imaging system 100 according to the second embodiment is mostly identical to the diagnostic imaging system 100 according to the first embodiment, so that only differences will be described. Also the methods for providing a diagnostic image representation and for treatment are applied as described above. </p><p id="p0064" num="0064"> The diagnostic imaging system 100 according to the second embodiment differs from the first embodiment merely in the positioning of the transducer box 142, which is positioned outside the examination space 116. Accordingly, to apply heating to the target zone, the subject of interest 120 is moved out of the examination space 116 on a movable tabletop 148. After heating the target zone, the subject of interest 120 is returned into the examination space 116. </p><p id="p0065" num="0065"> While the invention has been illustrated and described in detail in the drawings and foregoing description, such illustration and description are to be considered illustrative or exemplary and not restrictive; the invention is not limited to the disclosed embodiments. Other variations to the disclosed embodiments can be understood and effected by those skilled in the art in practicing the claimed invention, from a study of the drawings, the disclosure, and the appended claims. In the claims, the word "comprising" does not exclude 
<!-- EPO <DP n="14"/>-->
 other elements or steps, and the indefinite article "a" or "an" does not exclude a plurality. The mere fact that certain measures are recited in mutually different dependent claims does not indicate that a combination of these measures cannot be used to advantage. Any reference signs in the claims should not be construed as limiting the scope. </p><p id="p0066" num="0066">REFERENCE SYMBOL LIST </p><p id="p0067" num="0067">100 diagnostic imaging system </p><p id="p0068" num="0068"> 110 magnetic resonance (MR) imaging system </p><p id="p0069" num="0069"> 111 hyperthermia device </p><p id="p0070" num="0070"> 112 magnetic resonance (MR) scanner </p><p id="p0071" num="0071"> 114 main magnet </p><p id="p0072" num="0072"> 116 RF examination space </p><p id="p0073" num="0073"> 118 center axis </p><p id="p0074" num="0074"> 120 subject of interest </p><p id="p0075" num="0075"> 122 magnetic gradient coil system </p><p id="p0076" num="0076"> 124 RF screen </p><p id="p0077" num="0077"> 126 MR imaging system control unit </p><p id="p0078" num="0078"> 128 monitor unit </p><p id="p0079" num="0079"> 130 MR image reconstruction unit </p><p id="p0080" num="0080"> 132 control line </p><p id="p0081" num="0081"> 134 RF transmitter unit </p><p id="p0082" num="0082"> 136 RF switching unit </p><p id="p0083" num="0083"> 138 control line </p><p id="p0084" num="0084"> 140 radio frequency (RF) antenna device </p><p id="p0085" num="0085"> 142 transducer box </p><p id="p0086" num="0086"> 144 contact pad </p><p id="p0087" num="0087"> 146 treatment module, linac </p><p id="p0088" num="0088"> 148 tabletop 
</p></description><claims mxw-id="PCLM70077935" ref-ucid="WO-2014128147-A1" lang="EN" load-source="patent-office"><claim id="clm-0001" num="0001"><!-- EPO <DP n="15"/>--><claim-text> CLAIMS: </claim-text><claim-text>1. A treatment system, in particular an oncological treatment system, comprising </claim-text><claim-text> - a diagnostic imaging system (100), wherein the diagnostic imaging system comprises: </claim-text><claim-text> - a magnetic resonance (MR) imaging system (110) for providing an image representation of at least a portion of a subject of interest (120) positioned in an examination space (116), </claim-text><claim-text> - a hyperthermia device (111) for locally heating a target zone within the portion of the subject of interest (120), and </claim-text><claim-text> -a control unit (126) for controlling the MR imaging system (110) and the hyperthermia device (111), </claim-text><claim-text>wherein the diagnostic imaging is adapted to provide a diagnostic image representation of the portion of the subject of interest (120) by correlating image representations obtained at different temperatures of the target zone, wherein the diagnostic image representation comprises information on temperature dependent changes of the metabolism of the subject of interest (120) </claim-text><claim-text>wherein the treatment system further comprises </claim-text><claim-text> -a treatment module (146) for applying a treatment to the subject of interest (120) for destroying cells within the target zone, wherein the treatment module is a high power linear accelerator or a chemotherapy/drug release module, and </claim-text><claim-text> -a control module (126) for controlling the treatment module (146) for applying the treatment based on diagnostic image representations obtained by the diagnostic imaging system (100). </claim-text><claim-text>2. The treatment system (100) according to claim 1, wherein </claim-text><claim-text> the control unit (126) is adapted to perform a pulsed operation of the hyperthermia device (111) and the MR imaging system (110) to provide an image representation of the portion of the subject of interest (120) when the hyperthermia device (111) is inactive. 
<!-- EPO <DP n="16"/>-->
</claim-text><claim-text>3. The treatment system (100) according to claim 1, wherein </claim-text><claim-text> the hyperthermia device (111) is an ultrasonic and/or an radio-frequency irradiation device. </claim-text><claim-text>4. The treatment system (100) according to claim 1, comprising </claim-text><claim-text> an application module for applying a contrast agent to the subject of interest</claim-text><claim-text>(120). </claim-text><claim-text>5. The treatment system (100) according to claim 1, wherein </claim-text><claim-text> the diagnostic imaging system (100) is adapted to provide a diagnostic image representation of the portion of the subject of interest (120) including hypoxia information of the portion of the subject of interest (120). </claim-text><claim-text>6. The treatment system according to claim 1, wherein </claim-text><claim-text> the control module (126) is further adapted to control the hyperthermia device (111) for locally heating the target zone within the portion of the subject of interest (120) together with the treatment module (146) for applying the treatment. </claim-text><claim-text>7. A method for providing a diagnostic image representation of a portion of a subject of interest (120), comprising the steps of </claim-text><claim-text> providing an image representation of at least a portion of a subject of interest (120) positioned in an examination space (116), whereby a target zone of the portion of subject of interest (120) has a first temperature, </claim-text><claim-text> locally heating the target zone, </claim-text><claim-text> providing a further image representation of the portion of the subject of interest (120) positioned in an examination space (116), whereby the target zone has a second temperature, </claim-text><claim-text> correlating the obtained image representations with the target zone having the first and the second temperature, and </claim-text><claim-text> providing a diagnostic image representation of the portion of the subject of interest (120) with the correlated image representations, wherein the diagnostic image 
<!-- EPO <DP n="17"/>-->
 representation comprises information on temperature dependent changes of the metabolism of the subject of interest (120). </claim-text><claim-text> applying a treatment dose by means of a high power linear accelerator or a chemotherapy/drug release module for destroying cells within the target zone of the subject of interest (120), </claim-text><claim-text> providing a diagnostic image representation of a portion of a subject of interest (120) covering the target zone according to the method according to any of previous claims 11 or 12, and </claim-text><claim-text> applying a further treatment dose by means of a high power linear accelerator or a chemotherapy/drug release module for destroying cells within the target zone of the subject of interest (120) based on the diagnostic image representation. </claim-text><claim-text>8. The method according to claim 7, wherein </claim-text><claim-text> the step of providing a diagnostic image representation of the portion of the subject of interest (120) with the correlated image representations comprises identifying hypoxic areas within the portion of the subject of interest (120). </claim-text><claim-text>10. A software package for upgrading a magnetic resonance (MR) imaging system</claim-text><claim-text>(110), whereby the software package contains instructions for controlling the MR imaging system (110) according to any of the method claims 7-8. 
</claim-text></claim></claims><copyright>User acknowledges that Fairview Research LLC and its third party providers retain all right, title and interest in and to this xml under applicable copyright laws.  User acquires no ownership rights to this xml including but not limited to its format.  User hereby accepts the terms and conditions of the Licence Agreement</copyright></patent-document>
