<?xml version="1.0" encoding="UTF-8"?>
<patent-document ucid="EP-2680956-A1" country="EP" doc-number="2680956" kind="A1" date="20140108" family-id="46797327" file-reference-id="299992" date-produced="20180825" status="corrected" lang="EN"><bibliographic-data><publication-reference fvid="146587332" ucid="EP-2680956-A1"><document-id><country>EP</country><doc-number>2680956</doc-number><kind>A1</kind><date>20140108</date><lang>EN</lang></document-id></publication-reference><application-reference ucid="EP-12755473-A" is-representative="NO"><document-id mxw-id="PAPP154849524" load-source="docdb" format="epo"><country>EP</country><doc-number>12755473</doc-number><kind>A</kind><date>20120305</date><lang>EN</lang></document-id><document-id mxw-id="PAPP168045869" load-source="docdb" format="original"><country>EP</country><doc-number>12755473.1</doc-number><date>20120305</date></document-id></application-reference><priority-claims><priority-claim mxw-id="PPC140551796" ucid="AU-2011900768-A" load-source="docdb"><document-id format="epo"><country>AU</country><doc-number>2011900768</doc-number><kind>A</kind><date>20110304</date></document-id></priority-claim><priority-claim mxw-id="PPC140556864" ucid="AU-2012000224-W" linkage-type="W" load-source="docdb"><document-id format="epo"><country>AU</country><doc-number>2012000224</doc-number><kind>W</kind><date>20120305</date></document-id></priority-claim></priority-claims><technical-data><classifications-ipcr><classification-ipcr mxw-id="PCL2100271552" load-source="docdb">A62C   5/02        20060101ALI20140717BHEP        </classification-ipcr><classification-ipcr mxw-id="PCL2100271554" load-source="docdb">A01G  31/00        20060101ALI20140717BHEP        </classification-ipcr><classification-ipcr mxw-id="PCL2100271897" load-source="docdb">B05B  11/00        20060101ALI20140717BHEP        </classification-ipcr><classification-ipcr mxw-id="PCL2100271977" load-source="docdb">B05B   7/04        20060101ALI20140717BHEP        </classification-ipcr><classification-ipcr mxw-id="PCL2100274364" load-source="docdb">A01G  31/02        20060101ALI20140717BHEP        </classification-ipcr><classification-ipcr mxw-id="PCL2100274504" load-source="docdb">A01G  13/00        20060101ALI20140717BHEP        </classification-ipcr><classification-ipcr mxw-id="PCL2100275989" load-source="docdb">B01F   5/04        20060101ALI20140717BHEP        </classification-ipcr><classification-ipcr mxw-id="PCL2100276475" load-source="docdb">B01F   3/04        20060101AFI20140717BHEP        </classification-ipcr><classification-ipcr mxw-id="PCL2100276543" load-source="docdb">A61D   1/02        20060101ALI20140717BHEP        </classification-ipcr><classification-ipcr mxw-id="PCL2100276962" load-source="docdb">B01F   5/06        20060101ALI20140717BHEP        </classification-ipcr></classifications-ipcr><classifications-cpc><classification-cpc mxw-id="PCL-1699682380" load-source="docdb" scheme="CPC">A01G  24/48        20180201 LA20180203BHEP        </classification-cpc><classification-cpc mxw-id="PCL-1699682381" load-source="docdb" scheme="CPC">A01G  24/00        20180201 LI20180203BHEP        </classification-cpc><classification-cpc mxw-id="PCL-2004750551" load-source="docdb" scheme="CPC">Y02P  60/216       20151101 LA20151103BHEP        </classification-cpc><classification-cpc mxw-id="PCL-2023450956" load-source="docdb" scheme="CPC">A01G  31/04        20130101 LI20150907BHEP        </classification-cpc><classification-cpc mxw-id="PCL1989643200" load-source="docdb" scheme="CPC">B01F   5/0698      20130101 LI20130816BHEP        </classification-cpc><classification-cpc mxw-id="PCL1989644670" load-source="docdb" scheme="CPC">B01F   3/04503     20130101 LI20130816BHEP        </classification-cpc><classification-cpc mxw-id="PCL1989648000" load-source="docdb" scheme="CPC">B01F   5/0696      20130101 LI20130816BHEP        </classification-cpc><classification-cpc mxw-id="PCL1989649918" load-source="docdb" scheme="CPC">A01G2013/004       20130101 LA20130422BHEP        </classification-cpc><classification-cpc mxw-id="PCL1989652214" load-source="docdb" scheme="CPC">B01F   5/0465      20130101 LI20130816BHEP        </classification-cpc><classification-cpc mxw-id="PCL2006763020" load-source="docdb" scheme="CPC">A62C   5/02        20130101 LI20140131BHEP        </classification-cpc><classification-cpc mxw-id="PCL2007296139" load-source="docdb" scheme="CPC">A01G  31/02        20130101 FI20140201BHEP        </classification-cpc><classification-cpc mxw-id="PCL2007296140" load-source="docdb" scheme="CPC">B01F   3/04446     20130101 LI20140201BHEP        </classification-cpc></classifications-cpc><invention-title mxw-id="PT132366629" lang="DE" load-source="patent-office">FLÜSSIGSCHAUMHERSTELLUNGSVERFAHREN UND VORRICHTUNG DAFÜR</invention-title><invention-title mxw-id="PT132366630" lang="EN" load-source="patent-office">LIQUID FOAM PRODUCTION METHOD AND APPARATUS</invention-title><invention-title mxw-id="PT132366631" lang="FR" load-source="patent-office">PROCÉDÉ ET APPAREIL DE FABRICATION D'UNE MOUSSE LIQUIDE</invention-title></technical-data><parties><applicants><applicant mxw-id="PPAR919531591" load-source="docdb" sequence="1" format="epo"><addressbook><last-name>PODMAJERSKY KARL</last-name><address><country>AU</country></address></addressbook></applicant><applicant mxw-id="PPAR919533748" load-source="docdb" sequence="1" format="intermediate"><addressbook><last-name>PODMAJERSKY KARL</last-name></addressbook></applicant><applicant mxw-id="PPAR919015156" load-source="patent-office" sequence="1" format="original"><addressbook><last-name>Podmajersky Karl</last-name><iid>101337422</iid><address><street>1308 Currumbin Creek Road</street><city>Currumbin, Queensland 4223</city><country>AU</country></address></addressbook></applicant></applicants><inventors><inventor mxw-id="PPAR919544914" load-source="docdb" sequence="1" format="epo"><addressbook><last-name>PODMAJERSKY</last-name><address><country>AU</country></address></addressbook></inventor><inventor mxw-id="PPAR919504001" load-source="docdb" sequence="1" format="intermediate"><addressbook><last-name>PODMAJERSKY</last-name></addressbook></inventor><inventor mxw-id="PPAR919007886" load-source="patent-office" sequence="1" format="original"><addressbook><last-name>PODMAJERSKY KARL</last-name><address><street>1308 Currumbin Creek Road</street><city>Currumbin, Queensland 4223</city><country>AU</country></address></addressbook></inventor></inventors><agents><agent mxw-id="PPAR919016274" load-source="patent-office" sequence="1" format="original"><addressbook><last-name>Lawrence, John</last-name><iid>100029147</iid><address><street>Barker Brettell LLP 100 Hagley Road</street><city>Edgbaston Birmingham B16 8QQ</city><country>GB</country></address></addressbook></agent></agents></parties><international-convention-data><pct-or-regional-filing-data ucid="AU-2012000224-W"><document-id><country>AU</country><doc-number>2012000224</doc-number><kind>W</kind><date>20120305</date><lang>EN</lang></document-id></pct-or-regional-filing-data><pct-or-regional-publishing-data ucid="WO-2012119193-A1"><document-id><country>WO</country><doc-number>2012119193</doc-number><kind>A1</kind><date>20120913</date><lang>EN</lang></document-id></pct-or-regional-publishing-data><designated-states><ep-contracting-states><country mxw-id="DS549856328" load-source="docdb">AL</country><country mxw-id="DS549854539" load-source="docdb">AT</country><country mxw-id="DS549856329" load-source="docdb">BE</country><country mxw-id="DS549772086" load-source="docdb">BG</country><country mxw-id="DS549919138" load-source="docdb">CH</country><country mxw-id="DS549855814" load-source="docdb">CY</country><country mxw-id="DS549854540" load-source="docdb">CZ</country><country mxw-id="DS549856354" load-source="docdb">DE</country><country mxw-id="DS549855815" load-source="docdb">DK</country><country mxw-id="DS549855816" load-source="docdb">EE</country><country mxw-id="DS549785962" load-source="docdb">ES</country><country mxw-id="DS549772087" load-source="docdb">FI</country><country mxw-id="DS549772088" load-source="docdb">FR</country><country mxw-id="DS549856355" load-source="docdb">GB</country><country mxw-id="DS549855817" load-source="docdb">GR</country><country mxw-id="DS549856356" load-source="docdb">HR</country><country mxw-id="DS549854541" load-source="docdb">HU</country><country mxw-id="DS549919139" load-source="docdb">IE</country><country mxw-id="DS549855838" load-source="docdb">IS</country><country mxw-id="DS549772101" load-source="docdb">IT</country><country mxw-id="DS549855839" load-source="docdb">LI</country><country mxw-id="DS549771749" load-source="docdb">LT</country><country mxw-id="DS549854546" load-source="docdb">LU</country><country mxw-id="DS549771750" load-source="docdb">LV</country><country mxw-id="DS549771751" load-source="docdb">MC</country><country mxw-id="DS549871179" load-source="docdb">MK</country><country mxw-id="DS549871180" load-source="docdb">MT</country><country mxw-id="DS549856357" load-source="docdb">NL</country><country mxw-id="DS549772102" load-source="docdb">NO</country><country mxw-id="DS549771752" load-source="docdb">PL</country><country mxw-id="DS549919140" load-source="docdb">PT</country><country mxw-id="DS549856366" load-source="docdb">RO</country><country mxw-id="DS549919141" load-source="docdb">RS</country><country mxw-id="DS549771757" load-source="docdb">SE</country><country mxw-id="DS549919142" load-source="docdb">SI</country><country mxw-id="DS549772103" load-source="docdb">SK</country><country mxw-id="DS549771758" load-source="docdb">SM</country><country mxw-id="DS549855840" load-source="docdb">TR</country></ep-contracting-states></designated-states></international-convention-data><office-specific-data><eptags><ep-no-a-document-published>*</ep-no-a-document-published></eptags></office-specific-data></bibliographic-data><abstract mxw-id="PA100074529" ref-ucid="WO-2012119193-A1" lang="EN" load-source="patent-office"><p num="0000">This invention relates to a method and apparatus for producing liquid foam wherein the liquid foam is used to facilitate the delivery of nutrients to plants. The method and apparatus comprises a foam production unit (1) comprising a chamber (5), inlet means (8,9) to said chamber (5) for oxygenated air and liquid, and means for controlling the flow of said oxygenated air and liquid through or from said chamber (5) to thereby create a liquid foam.</p></abstract><abstract mxw-id="PA100342277" ref-ucid="WO-2012119193-A1" lang="EN" source="national office" load-source="docdb"><p>This invention relates to a method and apparatus for producing liquid foam wherein the liquid foam is used to facilitate the delivery of nutrients to plants. The method and apparatus comprises a foam production unit (1) comprising a chamber (5), inlet means (8,9) to said chamber (5) for oxygenated air and liquid, and means for controlling the flow of said oxygenated air and liquid through or from said chamber (5) to thereby create a liquid foam.</p></abstract><abstract mxw-id="PA100074530" ref-ucid="WO-2012119193-A1" lang="FR" load-source="patent-office"><p num="0000">L'invention concerne un procédé et un appareil pour la fabrication d'une mousse liquide, la mousse liquide étant utilisée pour faciliter la délivrance de nutriments à des plantes. Le procédé et l'appareil comprennent une unité de fabrication de mousse (1) comprenant une chambre (5), un moyen d'entrée (8, 9) dans ladite chambre (5) pour de l'air oxygéné et un liquide, et un moyen de régulation du débit dudit air oxygéné et dudit liquide dans ou hors de ladite chambre (5) pour créer une mousse liquide.</p></abstract><abstract mxw-id="PA100342278" ref-ucid="WO-2012119193-A1" lang="FR" source="national office" load-source="docdb"><p>L'invention concerne un procédé et un appareil pour la fabrication d'une mousse liquide, la mousse liquide étant utilisée pour faciliter la délivrance de nutriments à des plantes. Le procédé et l'appareil comprennent une unité de fabrication de mousse (1) comprenant une chambre (5), un moyen d'entrée (8, 9) dans ladite chambre (5) pour de l'air oxygéné et un liquide, et un moyen de régulation du débit dudit air oxygéné et dudit liquide dans ou hors de ladite chambre (5) pour créer une mousse liquide.</p></abstract><description mxw-id="PDES51374504" ref-ucid="WO-2012119193-A1" lang="EN" load-source="patent-office"><!-- EPO <DP n="2"/>--><p id="p0001" num="0001"> UQUD FOAM PRODUCTION METHOD AND APPARATUS </p><p id="p0002" num="0002">Technical Field </p><p id="p0003" num="0003"> This Invention relates to a method and apparatus for producing liquid foam. The present invention in a further aspect relates to a method and apparatus for growing plants and in particular to a method and apparatus which uses liquid foam to facilitate the delivery of nutrients to plants. </p><p id="p0004" num="0004">Background Art </p><p id="p0005" num="0005"> Oxygenated air foam is used in a range of applications including in applications for fighting fires where water is scarce. Different types of injectors are used for producing the foam however each type of injector that is known has disadvantages. </p><p id="p0006" num="0006"> Many different methods and apparatus are used for growing plants including methods and apparatus which use conventional growing media such as soil or other solid growing medium. Other methods and apparatus which are available use water for a growing medium such as methods and apparatus which use hydroponic and other techniques. In such methods, plants are grown with their roots submerged in a water based solution containing nutrients. Hydroponic systems may also be used with an inert medium such as gravel or pebbles. The advantage of hydroponic systems is that nutrients can be readily absorbed by the roots of plants rather than relying on nutrients contained in soil or the like and nutrient absorption can be enhanced by changing the polarity of the nutrients. </p><p id="p0007" num="0007"> The advantages of hydroponic growing systems in addition to their being no soil required are that the water used in such systems can be recirculated which therefore results in lower water costs. In addition, nutrient supply and content in the water can be accurately controlled which results in lower nutrient costs. Yields are usually relatively high. Furthermore such systems are relatively compact making the care of plants easier as well as pest and disease control. </p><p id="p0008" num="0008"> One disadvantage however is that it is possible the presence of nutrients and high humidity will stimulate bacteria growth such as growth of salmonella. High moisture levels can also result in plants being covered trays. Growing in this environment exposes the sprouted seed to dust and mould. Some moulds can be toxic and therefore growing of seed in this type of environment is not desirable. Seed can also be sprouted in hydroponic installations however often seed in these installations is also subject to bacteriological growth such as mould. Furthermore, whilst water can be recirculated, it is often necessary to top up the water supply as 
<!-- EPO <DP n="3"/>-->
 water can be lost through evaporation. </p><p id="p0009" num="0009"> It would be desirable if a means and method were available which addressed one or more of the above disadvantages associated with the production of foam and hydroponic growing of plants. </p><p id="p0010" num="0010">Summary of the Invention </p><p id="p0011" num="0011"> The present invention thus provides in a first preferred aspect, a foam production unit comprising a chamber, inlet means to said chamber for oxygenated air and liquid, and means for controlling the flow of said air and liquid through or from said chamber to thereby create a liquid foam. By controlling the flow of air and liquid through or from the chamber, a back pressure is created resulting in aeration of the liquid and creation of the liquid foam. </p><p id="p0012" num="0012"> In one form the chamber of the foam production unit comprises a mixing chamber in which liquid and air supplied to the chamber are mixed. The inlet means may comprise one or more inlets for air and one or more inlets for liquid. </p><p id="p0013" num="0013"> The chamber may have one or more outlets and the means may be provided for controlling or restricting flow from the one or more inlets of air and liquid to or through the one or more outlets. The means for controlling flow may comprise means in the chamber which provide a controlled directional path for air and liquid from the air and liquid inlet means to the outlet. The means for controlling or restricting flow may comprise a plurality of discrete elements within the chamber. The discrete elements may comprise a plurality of spherical members or members of any other shape. The discrete elements may substantially fill the mixing chamber or may only partially fill the chamber. The discrete elements may be free for movement in the chamber so as to mix liquid and air in the chamber to enhance liquid foam production. </p><p id="p0014" num="0014"> In another embodiment, the controlling means within the chamber may comprise an organic or other solid permeable material. The permeable material may comprise a solid foam. The solid foam may be a flexible open cell solid foam such as an organic or other foam. For example the foam may be a plastics foam or urethane foam. Alternatively the permeable material may be any other organic or inorganic material such as fibrous material which has similar flow controlling or restricting properties to foam. </p><p id="p0015" num="0015"> The one or more outlets form the chamber may comprise one or more openings or slots in a wall of the chamber. 
<!-- EPO <DP n="4"/>-->
 In another aspect, the outlet or outlets from the chamber may be limited such that air and liquid mixed in said chamber can exit from said chamber through the outlet as liquid foam. </p><p id="p0016" num="0016"> Preferably the outlet or outlets is/are defined by or comprises a permeable material or member. The permeable material may comprise a solid foam. The foam may be a flexible open cell solid foam such as an organic or other foam. The permeable material may be selectively compressed to vary its permeability and thus the foam production. Alternatively the outlet or outlets may comprise a permeable member or wall for example a member or wall having a plurality of fine perforations. </p><p id="p0017" num="0017"> In one preferred form, the mixing chamber may be defined by an outer elongated housing or tube. Preferably at least one air supply tube extends into the mixing chamber for supply of air thereto. Preferably the air supply comprises an oxygenated air supply. At least one liquid supply tube may also extend into the mixing chamber for supply of liquid thereto. The air supply tubes and liquid supply tubes may be formed so as to allow the directional flow of air and/or liquid. For example the tubes may have their side walls perforated. </p><p id="p0018" num="0018"> Preferably the outer elongated housing or tube is covered by a layer of permeable material which restricts the passage of liquid and air and therefore enhances the production of foam. </p><p id="p0019" num="0019"> The mixing chamber alternatively may be defined by the annular space between the air supply tube and outer housing or chamber and the solution is supplied to the annular space. </p><p id="p0020" num="0020"> In a further embodiment, the foam production unit may comprise a nozzle. The nozzle may comprise a housing to which liquid and air may be supplied, the housing having an outlet which is restricted by a solid permeable material, typically in the form of a layer of such material. Alternatively the permeable material may comprise a perforated member. </p><p id="p0021" num="0021"> The present invention in a further preferred aspect provides a method of growing plants using a growing medium which comprises a liquid foam. Preferably the liquid foam is formed by one or more of the above described methods and apparatus. Preferably, the foam comprises a foam which contains a plant nutrient or nutrients to promote the growth of plants. </p><p id="p0022" num="0022"> The present invention in a further preferred aspect provides an apparatus for growing plants, said apparatus comprising a root chamber or compartment for 
<!-- EPO <DP n="5"/>-->
 containing the roots of said plants and means for supplying a liquid foam to said root chamber. The liquid foam as referred to above suitably contains a plant nutrient or nutrients. </p><p id="p0023" num="0023"> Preferably the liquid foam is formed in a foam production unit as referred to above from a solution of nutrients and a foaming agent. The foaming agent may comprise a soluble organic emulsifying concentrate. </p><p id="p0024" num="0024"> Apparatus in accordance with the invention for growing plants may be in a number of different configurations. </p><p id="p0025" num="0025"> In one aspect, the apparatus may comprise an elongated chamber typically in the form of a pipe or tube through which a foam production unit may extend or which alternatively may be supplied with liquid foam. The elongated chamber may be provided with a plurality of spaced openings in which plants to be grown may be located. </p><p id="p0026" num="0026"> The elongated chamber may be oriented substantially horizontally or oriented substantially vertically. When in a vertical orientation, the elongated chamber may be defined by a plurality of separate compartments. The foam production unit may extend through and be located within the chamber or compartments. Alternatively, the foam production unit may be arranged externally with foam from the unit supplied to the respective compartments. </p><p id="p0027" num="0027"> Elongated chambers of the above type may be mounted on a rotatable carousel to be rotatable about a vertical axis. Elongated chambers alternatively may be mounted on a frame for rotation about a horizontal axis. </p><p id="p0028" num="0028"> In a further embodiment, the apparatus may comprise an open topped tray or compartment. A foam production unit may extend through the tray for supply of foam thereto. Alternatively the foam production unit may be provided In the base of the tray or compartment. Trays of the above type may be mounted on a rotatable frame for movement about a horizontal axis. Means such as pivot means may be provided to support the trays to maintain the trays in a substantially horizontal orientation when rotated. </p><p id="p0029" num="0029"> According to a further aspect, the present invention provides an apparatus for growing plants, the apparatus comprising: an elongated chamber in the form of a pipe or tube; a foam production unit extending inside the elongated chamber; a plurality of spaced openings in the elongated chamber in which plants to be grown are located; and wherein the foam production unit provides a liquid foam from a 
<!-- EPO <DP n="6"/>-->
 solution of nutrients and a foaming agent, wherein the liquid foam containing the nutrients is supplied to the plants to promote the growth of the plants. </p><p id="p0030" num="0030"> The foam production unit may be located externally of the elongated chamber and the liquid foam may be fed inside the chamber by a feed tube extending inside the elongated chamber. The elongated chamber may be oriented substantially horizontally or oriented substantially vertically. When oriented substantially vertically, the elongated chamber may be defined by a plurality of separate compartments, and the foam production unit extends through and be located within the chamber or compartments. The foam production unit may be arranged externally with foam from the unit supplied to the respective compartments. </p><p id="p0031" num="0031"> Preferably the elongated chambers may be mounted on a rotatable carousel to be rotatable about a vertical axis. The elongated chambers may be mounted on a frame for rotation about a horizontal axis. </p><p id="p0032" num="0032"> According to a further aspect, the present invention provides an apparatus for growing plants according to any of the features of the above foam production unit wherein the elongated chamber may be formed in any shape which allows the growth of plants. </p><p id="p0033" num="0033"> According to a still further aspect, the present invention provides an apparatus for growing plants comprising: an open topped tray or compartment; a foam production unit extending through the tray for supply of foam thereto for promoting the growth of plants. </p><p id="p0034" num="0034"> Preferably, the trays may be mounted on a rotatable frame for movement about a horizontal axis, wherein a pivot means may be provided to support the trays to maintain the trays in a substantially horizontal orientation when rotated. The foam production unit may be provided in the base of the tray or compartment. </p><p id="p0035" num="0035"> According to a further aspect, the present invention provides an apparatus for growing plants comprising: a foam producing unit having an axis, a peripheral wall extending about said axis and having axially spaced apart opposite ends, and end walls closing said peripheral wall at said opposite ends, said peripheral wall and said end walls providing said foam producing unit with an interior for receiving an oxygenated air and liquid; a plurality of shaped projections extending outwardly from the peripheral wall of the foam production unit; a root chamber comprising a top wall, a bottom wall and side walls enclosing the root chamber and spaced apart end walls, at least one end wall having a complimentary shaped projection to receive the 
<!-- EPO <DP n="7"/>-->
 shaped projection extending from the peripheral wall of the foam production unit, said top wall having an opening for receiving a plant; and a means for controlling the flow of said oxygenated air and liquid through or from said foam producing unit and into said root chamber to thereby create a liquid foam which contains a plant nutrient or nutrients to promote the growth of plants. </p><p id="p0036" num="0036"> Preferably, the peripheral wall of said foam producing unit may be formed In the shape of a polygon or the peripheral wall of said foam producing unit may be formed in the shape of a cylinder. </p><p id="p0037" num="0037"> Preferably, the shaped projections extending from the peripheral wall may be either in the shape of a polygon or a cylinder. </p><p id="p0038" num="0038"> Preferably, the foam production unit may further comprise projections extending outwardly from said end walls to receive said oxygenated gas and liquid. Said projections may be used to mount said apparatus for growing plants in a vertical arrangement. Said projections may be mounted into a carousel for rotating the growing apparatus. </p><p id="p0039" num="0039"> Preferably, the apparatus for growing plants may further comprise at least one reflector mounted to an edge of side of said growing apparatus to reflect light to promote the growth of the plants. </p><p id="p0040" num="0040"> Preferably, the apparatus for growing plants may further comprise at leaet one light source to promote the growth of plants. </p><p id="p0041" num="0041"> The foam production method and apparatus described above may also be used for producing foam for fire suppression applications or any other applications where liquid foam is required. The liquid for forming the foam may include or comprise a fire suppressant liquid. </p><p id="p0042" num="0042">Brief Description of the Drawings </p><p id="p0043" num="0043"> Reference will now be made to the accompanying drawings which Illustrate preferred embodiments of the invention. The following embodiments are described in relation to the production of foam for growing of plants and a method and apparatus of growing plants in a liquid foam . It will be appreciated however that the described and illustrated foam production methods and apparatus may be used in any other application where liquid foam is required and thus the following description is not to be considered as limiting on the application of the invention or parts thereof. In the drawings:-</p><p id="p0044" num="0044">Fig. 1 illustrates in schematic sectional view, a foam production unit according to 
<!-- EPO <DP n="8"/>-->
 a first embodiment of the present invention; </p><p id="p0045" num="0045"> Figs. 2 and 3 are schematic sectional views of alternative foam production units of the type illustrated in Fig. 1 ; </p><p id="p0046" num="0046"> Fig. 4 illustrates in schematic sectional view of a portion of a foam production unit according to a further embodiment of the invention; </p><p id="p0047" num="0047"> Fig. 5 is a schematic sectional view of a portion of a further foam production unit according to yet a further embodiment of the invention; </p><p id="p0048" num="0048"> Fig.6 illustrate in schematic sectional view a foam production unit according to a further embodiment of the invention; </p><p id="p0049" num="0049"> Figs 7 and 8 illustrate in schematic sectional view, further foam production units of the type illustrated in Fig. 6; Fig. 9 illustrates schematically a further foam production unit according to another embodiment of the invention; </p><p id="p0050" num="0050"> Fig. 10 illustrates schematically a first embodiment of a growing unit according to the invention; </p><p id="p0051" num="0051"> Fig. 11 illustrates a further embodiment of a growing unit; </p><p id="p0052" num="0052"> Figs. 12 and 13 are plan and isometric views of a growing tray according to another embodiment of the invention; </p><p id="p0053" num="0053"> Fig. 1 illustrates a series of trays supported on a rotatable support structure; Fig . 15 illustrates a further array of growing units; </p><p id="p0054" num="0054"> Figs. 16 and 17 illustrate a further growing unit in two different attitudes; </p><p id="p0055" num="0055"> Fig. 18 is a sectional view of an upright growing unit; </p><p id="p0056" num="0056"> Fig. 9 illustrates an alternative growing cell for use in the unit of Fig. 18; </p><p id="p0057" num="0057"> Fig. 20 illustrates a further upright growing unit having an alternative arrangement for supply of liquid foam; </p><p id="p0058" num="0058"> Fig. 21 illustrates a rotary carousel supporting a set of upright growing units;</p><p id="p0059" num="0059">Fig.22 illustrates a further carousel for supporting an array of growing units; Fig.23 illustrates a further growing unit according to another embodiment of the invention; </p><p id="p0060" num="0060"> Fig.24 illustrates an access opening for the unit of Fig. 23; </p><p id="p0061" num="0061"> Fig.25 illustrates a series of joined growing units of the type illustrated in Fig .</p><p id="p0062" num="0062">23; </p><p id="p0063" num="0063"> Figs. 26 to 28 illustrate a further growing unit according to another embodiment of the invention; </p><p id="p0064" num="0064"> Fig. 29 illustrates a further growing unit according to another embodiment of the 
<!-- EPO <DP n="9"/>-->
 invention; </p><p id="p0065" num="0065"> Fig.30 illustrates a pattern view of a flat piece of material for forming the three dimensional shape of Fig.29; </p><p id="p0066" num="0066"> Fig. 31 is a sectional view taken along arrows A-A of Fig.29; </p><p id="p0067" num="0067"> Fig.32 illustrates a further growing unit according to another embodiment of the invention; </p><p id="p0068" num="0068"> Fig.33 illustrates a pattern view of a flat piece of material for forming the three dimensional shape of Fig. 32; </p><p id="p0069" num="0069"> Fig.34 illustrates a pattern view of a further growing unit according to another embodiment of the invention; </p><p id="p0070" num="0070"> Fig. 35 illustrates three dimensional shape formed from Fig. 34; </p><p id="p0071" num="0071"> Fig. 36 is a sectional view taken along arrows A-A of Fig.35; </p><p id="p0072" num="0072"> Fig. 37 illustrates a further growing unit according to another embodiment of the Invention; </p><p id="p0073" num="0073"> Fig.38 illustrates a pattern view of a flat piece of material for forming the three dimensional shape of Fig. 37; </p><p id="p0074" num="0074"> Fig.39 is a sectional view taken along arrows A-A of Fig. 37; </p><p id="p0075" num="0075"> Fig. 40 illustrates a further growing unit according to another embodiment of the invention; </p><p id="p0076" num="0076"> Fig. 41 illustrates a pattern view of a flat piece of material for forming the three dimensional shape of Fig. 40; </p><p id="p0077" num="0077"> Fig. 42 is a sectional view taken along arrows A-A of Fig. 40; </p><p id="p0078" num="0078"> Fig.43 illustrates a further growing unit according to another embodiment of the invention; </p><p id="p0079" num="0079"> Fig. 44 illustrates multiple growing units of Fig. 43 supported on a rotatable support structure; </p><p id="p0080" num="0080"> Fig. 45 illustrates the growing unit of Fig. 43 in an open position; </p><p id="p0081" num="0081"> Fig.46 illustrates a further growing unit according to another embodiment of the invention; </p><p id="p0082" num="0082"> Fig.47 illustrates yet a further growing unit according to another embodiment of the invention; </p><p id="p0083" num="0083"> Fig.48 illustrates yet a further growing unit according to another embodiment of the invention; </p><p id="p0084" num="0084"> Fig. 49 shows a top view of a growing unit according to another embodiment of 
<!-- EPO <DP n="10"/>-->
 the invention; </p><p id="p0085" num="0085"> Fig.50 illustrates a pattern view of a flat piece of material for forming the three dimensional shape of Fig. 49; </p><p id="p0086" num="0086"> Fig. 51 shows a top view of a growing unit according to another embodiment of the invention; </p><p id="p0087" num="0087"> Fig. 52 illustrates a pattern view of a flat piece of material for forming the three dimensional shape of Fig. 51 ; </p><p id="p0088" num="0088"> Figs. 53 to 61 illustrate small type foam production units according to further embodiments of the invention; </p><p id="p0089" num="0089"> Figs. 62 to 64 illustrate longitudinal type foam production units according to further embodiments of the invention; </p><p id="p0090" num="0090"> Fig. 65 illustrates an end cap for use on the longitudinal type foam production units of Figs. 62 to 64; and </p><p id="p0091" num="0091"> Figs. 66 to 68 illustrate filter units used in the foam production units according to further embodiments of the invention. </p><p id="p0092" num="0092"> Description of the Preferred Embodiment </p><p id="p0093" num="0093"> Referring to the drawings and firstly to Fig. 1 , there is illustrated a foam production unit 1 for the production of a liquid foam, typically for use in growing plants, the unit 1 comprising a coaxial pipe or tube assembly 2 comprising an elongated air supply pipe or tube 3 which is perforated along its length, an outer pipe or tube 4 which is coaxially arranged with the air supply pipe 3, the outer pipe 4 also being perforated along its length or which is otherwise liquid permeable. The annular chamber 5 between the inner and outer pipes 3 and 4 define a mixing chamber in which air from the pipe 3 is mixed with a liquid supplied to the annular chamber 5. Surrounding the outer pipe 4 is an air pervious layer 6 which typically comprises a flexible open cell plastics foam or any other air pervious material. The foam or other material may be wrapped spirally around the outer pipe 4. Alternatively, the foam or other material may be formed into a self-supporting sleeve which may be located around the outer pipe 4 or comprise the outer pipe 4. </p><p id="p0094" num="0094"> The inner and outer pipes 3 and 4 are joined at each end to respective supply manifolds 7 each having an inlet 8 for air communicating with the inner pipe 12 and an inlet 9 for liquid which communicates with the annular chamber 5 between the inner and outer pipes 3 and 4. 
<!-- EPO <DP n="11"/>-->
 For producing a foam for growing of plants, a solution of water containing nutrients and a foaming agent, for example a soluble organic emulsifying concentrate is supplied to the inlet 9 for flow into the annular chamber 5. The solution may be electromagnetically charged and enriched by minerals which is then mixed in a mixing tank with nutrients, emulsifying agent and other additives before supply to the inlet 9. The air inlet 8 is connected to a supply of oxygenated air which enters the air supply pipe 3 and into the annular chamber 5 and is mixed with the solution in the chamber 5. The outer air pervioue layer 6 restricts the passage of the mixed solution and air from the chamber 5 to create a backpressure and therefore enhance the mixing of air and solution in the chamber and the creation of liquid foam. The liquid foam thus created exits the unit 1 through the layer 6 with the exiting foam comprising bubbles of oxygen or air trapped in membranes of water, minerals and nutrients. </p><p id="p0095" num="0095"> The embodiment of foam production unit 10 of Fig. 2 is similar to that of Fig. 1 and accordingly like components have been given like numerals. In this case however only a single central manifold 11 is provided and a pair of coaxial pipe assemblies 2 each comprising an inner air pipe 3 and outer solution pipe 4 connected to opposite ends of the manifold 11 with the outer free ends of the pipe assemblies 2 being closed at 12. The manifold 11 in this case includes a single air inlet 8 communicating with both pipes 3 and a pair of liquid inlets 9 communicating with the respective annular chambers 5 of the respective pipe assemblies 2. </p><p id="p0096" num="0096"> The embodiment of foam production unit 13 of Fig. 3 includes an outer perforated or liquid permeable tube 4 surrounded by the air permeable layer 5. [Extending longitudinally of and within the tube 14 are a first air pipe 16 having inlets 17 at one or both ends and a second liquid pipe 18 having inlets 19 at one or both ends. Opposite ends of the tube 14 are closed at 20 whilst the pipes 16 and 18 pass through the ends 20 and are sealed thereto so that the interior 21 of the tube 14 is substantially sealed. </p><p id="p0097" num="0097"> Both of the embodiments of Figs. 2 and 3 function in the manner described with reference to Fig. 1 with air and liquid supplied to the units 10 and 13 mixing and exiting through the permeable layers 6 and 15 as a liquid foam along the length of the layers 6 and 15. </p><p id="p0098" num="0098"> Referring now to Fig. 4, there is illustrated part of a coaxial pipe or tube assembly 21 of a further foam production unit comprising an inner perforated pipe 22 
<!-- EPO <DP n="12"/>-->
 and an outer pipe 23 which is perforated or slotted as at 24. Located in the annular space 25 between the pipes 22 and 23 is a permeable material 26 for example a flexible open cell plastics foam or any other air pervious material as referred to above. Air and liquid introduced into the inner pipe 22 passes outwardly through the perforations or openings 27 in the inner tube 22 and through the permeable material 26 which creates a back pressure in the tube 22. The pressured air and liquid are forced through the material 26 causing aeration of the liquid and creation of foam which exits through the slots or openings 24. </p><p id="p0099" num="0099"> The embodiment of Fig.5 is similar to Fig.4 comprising a similar pipe or tube assembly 21 however in this embodiment, the annular space 25 is provided with a plurality of discrete members in this case spheres 28. The spheres 28 create a non- direct path between the inner pipe apertures 22 and outer pipe slots or apertures 24 thereby also creating a back pressure and also causing mixing of air and liquid in the space 25 and creation of foam which again will exit through the slots 24. </p><p id="p0100" num="0100"> Referring now to Fig. 6, there is illustrated a nozzle 30 for creating the above foam which uses the same principles as the units of Figs. 1 to 5. The nozzle 30 includes a mixing chamber 31 (equivalent to the chamber 14 of Fig. 1) having an inlet 32 for the liquid solution and an inlet 33 for air. The outlet 34 from the chamber 31 is closed by an air permeable layer 35. As with the embodiments of Figs. 1 to 3, air and liquid/nutrient solution supplied through the inlets 32 and 33 are mixed in the chamber 31 and created liquid foam is forced through the foam layer 35. The layer 35 may be compressed by screw clamp 36 to vary the permeability of the layer 35. </p><p id="p0101" num="0101"> In the embodiment of nozzle of Fig. 7 which is similar to that of Fig. 6, an outlet manifold 37 surrounds the outlet 34, the manifold 34 having a series of outlets 38 for supply of the liquid foam. The nozzle of Fig. 5 has a single solution inlet 32 and a pair of air inlets 33. </p><p id="p0102" num="0102"> In the embodiment of foam production unit 40 of Fig. 8, a double ended nozzle 41 is provided, the nozzle 41 having a mixing chamber 42 split into two chamber parts 43, each having an outlet 44 including respective air permeable layers 45 with the respective chamber parts 43 supplied with solution by a common inlet 46 and respective air inlets 47. Elongated outlet manifolds48 are supplied with foam from the chamber outlets 44 with each manifold 48 being provided with spaced foam outlets 49 for supplying foam to different locations. 
<!-- EPO <DP n="13"/>-->
 The foam production unit 50 of Fig. 9 is of a substantially flat or planar configuration and includes a hollow base member 51 which defines a chamber 52 through which a plurality of air pipes 53 and liquid pipes 54 pass, each pipe 53 and</p><p id="p0103" num="0103">54 being perforated or liquid permeable such that air and liquid can mix in the chamber 52. The top of the chamber is closed by a permeable layer 55 such as a solid foam as above. A top perforated plate 56 is located above the layer 55 and may compress the layer 55 to vary the permeability thereof. </p><p id="p0104" num="0104"> As with the previous embodiments, air and solution supplied by the pipes 53 and 54 mixes in the chamber 52 to create a liquid foam which is forced out through the permeable layer 55 and perforated plate 56. </p><p id="p0105" num="0105"> The foam production units or nozzles as described above may be used in many different configurations for the supply of nutrients for growing of plants. Fig . 10 illustrates a first plant growing unit 57 comprising an elongated housing 58 defining a hollow chamber 59. A plurality of openings 60 are provided on the upper side of the housing 58 into which plants 61 to be grown may be inserted such that the roots 62 thereof are located within the chamber 59. Extending within and longitudinally of the chamber 59 is a coaxial pipe or tube assembly 1 1 of a foam production unit 10 as described above in reference to Figs. 1 to 5. Operation of the foam production unit 10 will result in the production of liquid foam 63 which is forced out of the tube assembly 11 into the chamber 59 to substantially fill the chamber 59. The plant roots</p><p id="p0106" num="0106">55 are thus directly located within and exposed to the nutrient foam 63. As the roots are directly exposed to the foam 63, absorption of nutrients in the foam is substantially increased resulting in efficient growing. In addition, any treatment additives or nutrient additives may be introduced via the tube assembly 11 using the same system. A further advantage is that water use is substantially reduced. The foam will remain in the chamber 59 for a substantial period of time however the chamber 59 may be recharged with foam by operation of the foam production unit 10 as and when required. </p><p id="p0107" num="0107"> Whilst the chamber 59 of Fig. 10 is shown to be of a rectangular or square cross section, the chamber 59 may be defined by a pipe of circular cross section. Further whilst the housing 58 is shown in a horizontal attitude, a similar housing 58 may be oriented in a vertical attitude as described further below. </p><p id="p0108" num="0108"> In the embodiment of Fig. 11 , the housing 64 ie of a circular configuration and defines an annular chamber 65 with a series of openings 66 provided in spaced 
<!-- EPO <DP n="14"/>-->
 apart circumferential locations in a top wall of the housing 64. The coaxial pipe assembly 67 of the foam production unit in this case is in a circular configuration to supply foam to the annular chamber 65. A series of housings 64 may be connected together with the foam supplying pipe assemblies 67 being connected through joined inlets 68 and outlets 69. </p><p id="p0109" num="0109"> Figs. 12 and 13 illustrate a further embodiment of growing apparatus in the form of a tray 70, the tray 70 being of a substantially rectangular configuration and of shallow depth and a foam production unit 10 of the type disclosed in Fig. 1 is mounted to the tray 70 such that the tube assembly 11 extends longitudinally and centrally of the tray 70. A plant holding mesh 72 may be located over the top of the tray 70 to support plants for growing in the tray 70. The trays 70 may be supported in a fixed position on the ground. The trays alternatively may be provided with upstanding ends 72 for pivotally mounting the trays 72 in a horizontal attitude. </p><p id="p0110" num="0110"> A rotatable frame assembly 73 shown in Fig. 14 comprising a pair of end circular or annular members 74 which are mounted for rotation about a horizontal axis can support a plurality of trays 70 which are pivotally mounted by the ends 72 at 75 to the receptive end members 73 and at different circumferential locations. The frame assembly 73 permits a series of trays 70 to be supported for growing plants in a limited space whilst the position of each tray 70 can be moved by rotation of the end members 74 whist the pivotal mounting of the trays 70 ensures that they will maintain a substantially horizontal attitude in all positions. Common manifolds may be supported on the end members 74 for supply of air and solution to the respective units 10 on the trays 70. </p><p id="p0111" num="0111"> As an alternative to the trays 70, a series of elongated tubular bodies 76 may be supported alongside each other in a parallel relationship with each body 70 being similar in configuration to the bodies 57 of Fig. 10. As shown in Fig. 15 spaced triangular frames 77 may support the bodies 76 in this relationship with the frames 77 being capable of being supported on the rotatable frame assembly 73 between the end members 74 in place of the trays 70. </p><p id="p0112" num="0112"> In an alternative arrangement, the elongated bodies 76 may be mounted in two rows one above the other as shown in Fig. 16 on respective frames 78 pivotally interconnected at 79 and supported on end stands 80. The frames 78 may be moved between the position illustrated in Fig. 16 where the frames 78 are angled acutely relative to each other to the position of Fig. 17 where the frames 78 may be 
<!-- EPO <DP n="15"/>-->
 moved to a position in which they are arranged at an acute angle relative to each other such that the bodies 76 are all exposed directly to the sun. </p><p id="p0113" num="0113"> As referred to above, plants also may be grown in an upright attitude using an elongated housing 58 of the type shown in Fig. 10 in an upright attitude. The upright housing 81 in the embodiment of Fig. 18 may be defined by a series of separate compartments 82 with a coaxial tube assembly 11 for supplying foam extending through each compartment 82. Each compartment 82 also has at least one opening 83 in a side wall into which the roots 84 of plants 85 to be grown may be inserted. Foam 86 supplied by the tube assembly 11 will fill each compartment 82 to surround the roots 84. In the embodiment of Fig. 19, the compartments 82 are of cylindrical configuration and may be defined by hollow plastic bottles. The compartments 82 however may be of other configurations. For example in the embodiment of Fig. 19, the compartments 82 may be extended on opposite sides to define horizontally oriented chambers 87 into which the plants to be grown may be inserted. </p><p id="p0114" num="0114"> In the embodiment of Fig. 20, a supply tube 88 is arranged externally of the housing 81 and extends parallel thereto. A nozzle 30 is provided to supply foam to the tube 88 with feed tubes 89 extending between the supply tube 88 and compartments 82 for supplying foam created by the nozzle 30 to the compartments 82. The foam supply arrangement is similar to the embodiment of foam production units of Figs. 1 to 5. The foam supply arrangement however may be similar to the unit 40 of Fig. 8. </p><p id="p0115" num="0115"> A series of units 81 may be supported on a rotatable carousel 90 as shown in Fig. 21 which may be rotated about a vertical axis to position the respective housings 81 in turn in position for maximum growth for example by exposure to the elements. </p><p id="p0116" num="0116"> In the embodiment of Fig. 22, a further carousel 91 is provided in which a series of upright tubes or housing 92 are arranged in a circumferential spacing with each tube or housing 92 having an upright foam supply tube 93, the respective supply tubes 93 being supplied with air and solution by a circular manifold 94. The upper ends 95 of the housings 92 are open so that plants can be inserted therein. A supporting frame or grid 96 is mounted to the carouse) above the housings 92 to support the plants as they grow. </p><p id="p0117" num="0117"> In the embodiment of Fig. 23, a frame 97 of this embodiment of trapezoidal shape is covered with a plastics film 98 to define a root compartment 99 for foam with a foam supply tube 100 extending through the compartment 99. Spaced 
<!-- EPO <DP n="16"/>-->
 openings 101 are provided in the top wall of the compartment 99 to receive plants for growing the roots of which are exposed to foam within the compartment 99. Access to the interior of the compartment 99 may be provided by a flap 102 of the film 98 (see Fig. 24) </p><p id="p0118" num="0118"> Certain sections of the compartment 99 may be covered with a film of transparent material to form a greenhouse-like arrangement suitable for propagation of seedlings, grass, bean sprouts or the like. Access provided by the flap 102 allows for harvesting of sprouts, seedlings etc when required. </p><p id="p0119" num="0119"> A series of compartments 99 may be connected together as in Fig 25 with foam supplied by a common tube assembly 11. </p><p id="p0120" num="0120"> In the embodiment of Figs. 26 to 28, a frame 110 of this embodiment of cylindrical shape and defines a root compartment 114 into which foam from a foam supply tube 113 extends through the compartment 114. Spaced openings 1 11 are provided in each side wall 112 of the compartment 114 to receive plants for growing the roots of which are exposed to foam within the compartment 114. </p><p id="p0121" num="0121"> A series of compartments 114 may be connected together as in Fig 26 with foam supplied by a common tube assembly 113. </p><p id="p0122" num="0122"> In the embodiment of Figs. 29 to 31 , the growing unit consists of two components a foam supply unit 120 and a root compartment 140. The foam supply unit 120 consists of a housing having four sides 126, 127, 128, 129 and spaced apart ends 123 and 124. The housing shown in Fig.29 has a square cross-section with multiple feed tubes 125 spaced apart and extending outwardly from each of the four sides. Opposite housing sides 127 and 129 have sets of feed tubes 125 aligned along a common horizontal axis and extending outwardly from each side 127 and 129. Likewise sides 126 and 128 have sets of feed tubes 125 aligned along a common horizontal axis and extending outwardly from each side 126 and 128. Formed on either end 123, 124 and extending from the ends are supply tubes 121 and 122 for feeding air and a liquid to form the foam. </p><p id="p0123" num="0123"> The supply tubes 121 , 122 may also be used to mount the foam supply unit 120 in a vertical arrangement. Furthermore multiple foam supply units 120 may be mounted on a rotatable or stationary carousel (not shown) to form multiple upright foam supply units. </p><p id="p0124" num="0124"> The root compartments 140 are attached to the feed tubes 125 via tube 141. The root compartment 140 is formed in a rectangular prism with sides 142, 146, 149, 
<!-- EPO <DP n="17"/>-->
 159 and ends 143 and 148. The tube 141 extends outwardly from end 148 and when mounted to the foam supply unit 120 is sealed around the feed tube 125 by a rubber seal 147 as shown in Fig. 31. An opening 145 in the side 46 of the root compartment 140 is used to receive plants for growing. The roots of the plants are exposed to the foam within the root compartment 140. </p><p id="p0125" num="0125"> In the embodiment of Figs. 32 and 33, the growing unit consists of a frame 150 of a pentagonal shape defining a root compartment 176 for foam with a foam supply tube (not shown) extending through the compartment 176. The frame 150 consists of sides 154, 155, 156, 157, 158 and spaced apart ends 52 and 153. Spaced openings 151 are provided in the top walls 154, 155, 156 of the compartment 176 to receive plants for growing the roots of which are exposed to foam within the compartment 176. </p><p id="p0126" num="0126"> In the embodiment of Figs. 34 to 36, the growing unit consists of two components a foam supply unit 160 and a root compartment 180. The foam supply unit 160 consists of a housing having nine sides 167 to 175 and spaced apart ends 162 and 163. The housing shown in Fig. 35 consists of nine equal sides forming a regular nonahedron with multiple feed tubes 161 spaced apart and extending outwardly from each of the nine sides. The multiple feed tubes 161 are rectangular in shape. </p><p id="p0127" num="0127"> On either end 162, 163 of the foam supply unit 160 are openings 164, 165 for receiving a coaxial tube assembly 166 for feeding air and a liquid to form the foam. Foam supplied by the tube assembly 166 will fill each foam supply unit 160. </p><p id="p0128" num="0128"> Multiple foam supply units 160 may be inserted onto the tube assembly 166 to form an upright growing unit. As referred to above, plants also may be grown in an upright attitude of the type shown in Fig. 35 in an upright attitude. Multiple foam supply units may be formed by a series of separate foam supply units 1 0 with a coaxial tube assembly 166 for supplying foam extending through each foam supply unit 160. Each foam supply unit 60 has multiple feed tubes 161 in the side walls. Foam supplied by the tube assembly 166 will fill each foam unit 160. </p><p id="p0129" num="0129"> The root compartments 180 are attached to the feed tubes 161 via tube 181.</p><p id="p0130" num="0130">The root compartment 180 is formed in a rectangular prism with sides 182, 184, 187, 188 and ends 183 and 189. The tube 161 extends outwardly from end 189 and when mounted to the foam supply unit 160 is sealed around the feed tube 161 by a rubber seal 186 as shown in Fig. 36. An opening 185 in the side 184 of the root 
<!-- EPO <DP n="18"/>-->
 compartment 180 is used to receive plants for growing. The roots of the plants are exposed to the foam within the root compartment 180. </p><p id="p0131" num="0131"> In the embodiment of Figs. 37 to 39, the growing unit consists of two components a foam supply unit 190 and a root compartment 210. The foam supply unit 190 consists of a housing having six sides 191 , 192, 193, 1 4, 195, 196 and spaced apart ends 197 and 198. The housing shown in Fig. 37 consists of six equal sides forming a regular hexagon with multiple feed tubes 201 spaced apart and extending outwardly from each of the six sides. The multiple feed tubes 201 are rectangular in shape. </p><p id="p0132" num="0132"> Formed on either end 197, 198 and extending from the ends are supply tubes</p><p id="p0133" num="0133">199 and 200 for feeding air and a liquid to form the foam. </p><p id="p0134" num="0134"> The supply tubes 199, 200 may also be used to mount the foam supply unit 190 in a vertical arrangement. Furthermore multiple foam supply units 190 may be mounted on a rotatable or stationary carousel (not shown) to form multiple upright foam supply units 190. </p><p id="p0135" num="0135"> The root compartments 210 are attached to the feed tubes 201 via tube 211. The root compartment 210 is formed in a rectangular prism with sides 212, 214, 217, 218 and ends 213 and 219. The tube 211 extends outwardly from end 219 and when mounted to the foam supply unit 190 is sealed around the feed tube 201 by a rubber seal 216 as shown in Fig. 39. An opening 215 in the side 214 of the root compartment 210 is used to receive plants for growing. The roots of the plants are exposed to the foam within the root compartment 210. </p><p id="p0136" num="0136"> In the embodiment of Figs. 40 to 42, the growing unit consists of two components a foam supply unit 220 and a root compartment 240. The foam supply unit 220 consists of a housing having six sides similar to that of Figs. 37 to 39. The housing shown in Fig. 40 consists of six equal sides 221 , 222, 223, 224, 225, 226 forming a regular hexagon with multiple feed tubes 227 spaced apart and extending outwardly from each of the six sides. The multiple feed tubes 227 differ from Figs. 37 to 39 in that they are circular in shape. </p><p id="p0137" num="0137"> Formed on either end 228, 229 and extending from the ends are supply tubes</p><p id="p0138" num="0138">230 and 231 for feeding air and a liquid to form the foam. </p><p id="p0139" num="0139"> The supply tubes 230, 231 may also be used to mount the foam supply unit 220 in a vertical arrangement. Furthermore multiple foam supply units 220 may be 
<!-- EPO <DP n="19"/>-->
 mounted on a rotatable or stationary carousel (not shown) to form multiple upright foam supply units 220. </p><p id="p0140" num="0140"> The root compartments 240 are attached to the feed tubes 227 via tube 241. The root compartment 240 is formed in a rectangular prism with sides 242, 244, 247, 248 and ends 243 and 249. The tube 241 extends outwardly from end 249 and when mounted to the foam supply unit 220 is eealed around the feed tube 227 by a rubber seal 246 as shown in Fig. 42. An opening 245 in the side 244 of the root compartment 240 is used to receive plants for growing. The roots of the plants are exposed to the foam within the root compartment 240. </p><p id="p0141" num="0141"> In the embodiment of Figs. 43 to 45, a frame 250 having an elliptical shape defines a root compartment 254 for foam with a foam supply tube 251 extending through the compartment 254. Spaced openings 253 are provided in the side walls of the compartment 254 to receive plants for growing the roots of which are exposed to foam within the compartment 254. Access to the interior of the compartment 254 is achieved by opening the frame 250 thereby separating the two halves of the elliptical shaped root compartment 254 when required and as shown in Fig.45. The exterior profile of the frame 250 consists of raised sections 252 and lower sections 255 joined by an intermediate section 256. </p><p id="p0142" num="0142"> As shown in Fig. 44 a series of frames 250 may be connected together as in Fig. 44 with foam supplied by a common tube assembly 260. The series of frames 250 are mounted on a rotatable or stationary carousel to form a multiple upright series of frames 250. The series of frames 250 are connected to the tube assembly 260 by members 261 located at the top and bottom of each frame 250. The combined system of frames 250 also includes a reflector 270 used to reflect light to all sides of the frame 250. </p><p id="p0143" num="0143"> In the embodiment of Fig. 46, a cylindrical frame 280 similar to that of Figs.26 to 28 is utilised to grow plants 286. The circular frame 280 consists of two half shells 282 and 283 joined at one side 287 and able to be separated in the direction of arrows C on the opposite side. The two half shells 282, 283 are separated into compartments 284 in which growing containers 285 are inserted. The growing containers 285 may be containers for growing plants 286 or may form a recess for receiving further containers for growing plants 286. The compartments 284 are accessible from either side of the circular frame 280 thereby allowing plants 286 to be grown on either side of the two half shells 282, 283. 
<!-- EPO <DP n="20"/>-->
 The cylindrical frame 280 is mounted on either a fixed or rotatable carousel which consists of a central tube 281 extending through the middle of the cylindrical frame 280. The central tube 281 may be used to supply the foam for growing the plants 286 as well as any power supply required for such items as lighting or for rotating the carousel. When used to supply the foam for growing the plants 286 cross members 288 are used to direct the foam to the two half shells 282, 283. The cross members 288 may also be used to support the frame 280 on the carousel. </p><p id="p0144" num="0144"> In the embodiment of Figs. 47 and 48 systems in the shape similar to that of an umbrella are used to grow plants 286. In Fig 47 a standing umbrella unit 290 is mounted upon a cylinder 292 with a feed tube 293 being located and extending through the cylinder 292. The feed tube 293 is used to supply the foam to the growing tubes 291 to feed the foam to the plants 286. The top section of the feed tube 293 is also used to attach the raising and lowering mechanism for the growing tubes 291. In this embodiment the raising and lowering mechanism is a rope and pulley system. However any other known means may be utilised to raise and lower the growing tubes 291. Also shown in this embodiment growing tubes 295 are shown lowered further down than the other growing tubes 291. This may occur when the weight of the plant increase due to growth . </p><p id="p0145" num="0145"> In Fig. 48 a suspended or hanging umbrella system is used to grow plants 286. The feed tube 293 may be attached to a ceiling or suspended at some point from the ceiling. The growing tubes 291 are attached to a cylindrical member 296 at one end of the growing tube 291. At the other end of the growing tube 291 and as for the embodiment of Fig. 47 the raising and lowering mechanism is attached at this other end. The feed tube 293 ίε used to supply the foam to the growing tubes 291 to feed the foam to the plants 286 </p><p id="p0146" num="0146"> In the embodiment shown in Figs 49 and 50, a further cylindrical growing unit 300 is shown with the growing baskets or root compartments located on the outer surface 302. In this embodiment the space 303 between the inside wall 301 and outside wall 302 is used for growing baskets (not shown). The inside wall 301 can be used to supply the air and liquid for producing the foam for growing plants. It is also possible to use the inside wall to simply supply the air and have the liquid solution dispersed into the space 303 between the inside wall 301 and the outside wall 302. When the air is then introduced to the liquid solution the foam is produced to provide the nutrient foam. The openings 304 in the outside wall 302 are the 
<!-- EPO <DP n="21"/>-->
 access points for inserting the plants into the growing basket or area in between the inside wall 301 and the outside wall 302. </p><p id="p0147" num="0147"> In the embodiment shown in Figs.51 and 52 the outside wall 312 in this case is in the shape of an 18 sided growing unit 310 with a cross sectional shape of a regular octadecogon. The growing unit 310 is shown with the growing baskets or root compartments located on the outer surface 312. In this embodiment the space 313 between the inside wall 311 and outside wall 312 is used for growing baskets (not shown). The inside wall 311 can be used to supply the air and liquid for producing the foam for growing plants. It is also possible to use the inside wall to simply supply the air and have the liquid solution dispersed into the space 313 between the inside wall 311 and the outside wall 312. When the air is then introduced to the liquid solution the foam is produced to provide the nutrient foam. The openings 314 in the outside wall 312 are the access points for inserting the plants into the growing basket or area in between the inside wall 311 and the outside wall 312. </p><p id="p0148" num="0148"> Figs. 53 to 61 show different types of email nozzles 320, 325, 330, 335, 340, 345, 350, 355 and 360 which may be used in the foam production units to control the direction or characteristics of a fluid or gas flow as it exits or enters an enclosed chamber or pipe via an orifice. As shown in Figs. 53 to 61 a nozzle is a pipe or tube of varying cross sectional area, and is used to direct or modify the flow of a fluid (liquid or gas). In use nozzles are used to control the rate of flow, speed, direction, mass, shape, and/or the pressure of the stream that emerges from the nozzle. </p><p id="p0149" num="0149"> Fig. 53 shows a nozzle 320 which contains a layer of solid foam 323. The layer of solid foam 323 may be replaced by screen or any other hard penetrable material. The inlets for air 321 and liquid 322 are shown at the bottom of the nozzle 320. </p><p id="p0150" num="0150"> Figs. 54 to 56 show further different small nozzles 325, 330 and 335 all have a common fenestration, window or opening 326. The fenestration 326 contains the solid foam or screen material 327. The inlets for air 321 and liquid 322 are shown at the bottom of the nozzles. </p><p id="p0151" num="0151"> Figs. 57 and 58 show further small nozzles 340, 345. The nozzles have a screen 341 and inlets for the air 321 and liquid or solution 322. </p><p id="p0152" num="0152"> Figs. 59 and 60 show two different nozzles 350, 355 which differ only in the way in which the nozzle is mounted. In Fig. 59 a push in type mount is used to 
<!-- EPO <DP n="22"/>-->
 secure the nozzle 350 using the wings or raised sections 351 which compress when the nozzle 350 is inserted into the wall of the chamber and expand once through the other side of the wall to securely mount and retain the nozzle 350 in the wall. In Fig. 60 the nozzle 355 has a screw type mount 356 which is screwed into the wall 357 to secure the nozzle 355 in place. Like all of the other small nozzles these two also have a screen 341. </p><p id="p0153" num="0153"> Fig. 61 shows another form of small type nozzle 360. This nozzle 360 is a double sided type nozzle into which air 321 and solution 322 flow and the foam produced by the nozzle 360 exits from either end of the nozzle. </p><p id="p0154" num="0154"> Figs.62 to 64 show a further rtype of nozzle 365, 370 and 375 all of which are longitudinal nozzles, in all of these nozzles air 321 flows in through a tube 381 and the liquid or solution 322 is contained within the outer pipe 371. The screen 366 used in these longitudinal nozzles is secured to the nozzle by screws or clips 372 or any other device which will allow the screen to be secured in place. </p><p id="p0155" num="0155"> In Fig.64 the longitudinal nozzle 375 also has a fenestration 367. </p><p id="p0156" num="0156"> Fig. 65 shows an end cap 380 which is slid over the tube 381 of the nozzles 365, 370 and 375. The end cap 380 closes of the end of the longitudinal nozzles to which the air 321 and the solution 322 enter. </p><p id="p0157" num="0157"> Figs.66 to 68 show three types of nozzle 390, 395 and 400 with a vortex type filter 392. The vortex filter 392 is typically a high-speed mechanical filter that is designed to fine filter the foam solution without disturbing the natural bacteria levels. This type of filter 392 is invaluable in keeping a parasite-free, clean, well balanced and healthy foam producing unit. The filter 392 can be any type of volcanic rock, mineral rock, peat moss or any type of carbonised material and may contain a mineraliser or polariser. The mineraliser is used to balance the pH of the foam production units. These filters also contain a screen 391. </p><p id="p0158" num="0158"> The application of any of the above embodiments of the growing units or systems is numerous. For example the growing units may form an integrated system used in a house or apartment. The system could be incorporated into the buildings at the time of the construction when the pipework of air and solution hoses can be built in the walls of the house and different systems could be then placed in different parts of the building by the means of a plug in system similar to that of electrical power points. 
<!-- EPO <DP n="23"/>-->
 These system could be mounted on the walls or be in a form of mobile units. They could be used for growing ornamental plants, vegetables or even trees either domestically in your home or commercially in buildings such as in offices or factories. The system is versatile in that it could be used inside or outside in a number of different situations. For example in the case of the cylindrical systems these could be used for any plants including animal fodder (wheat, grass etc). The added advantage of this form of growing plants is the ability to control the internal growing environment (temperature, humidity and lighting). In a further aspect and to inhibit the temperature control of the systems a cavity on the outside of the cylinder growing system could be used to inject hot air around the outside of the growing cylinder. </p><p id="p0159" num="0159"> In order to provide a foaming or foam solution for growing the plants the liquid or foam solution could be made from many existing solutions by adding a foaming agent (plant or animal protein extract, lipids, starches etc) or any other solution which provides a foam solution or liquid for the growing of plants. </p><p id="p0160" num="0160"> Another advantage derived from growing plants in a liquid foam is the ability to control plant nutrition using the many different types of nozzles and growing systems mentioned above. Typically the nozzles are used mainly in the root chambers or growing containers. The growing containers can be any shape as described above but may also be any shape which allows for the growth and structure of a plant which has not been mentioned previously. </p><p id="p0161" num="0161"> Unlike other growing systems, the use of liquid foam as a nutrient allows for many different opportunities which have not been previously attempted for the known growing systems. For example, the use of liquid foam provides for a light weight and relatively low water content which makee it possible to use vertical systems hanging off the ceilings or suspended horizontally. This system could be used in a form of a visual display in someone's residence or commercial property. A further added advantage of the display style growing unit is that you could also grow your own fruit and vegetables in your own home. </p><p id="p0162" num="0162"> In use these growing units, foam production units and nozzles may be used to provide foam as a nutrient for growing plants. The nozzles in particular may also be used for fire fighting applications as well anywhere which is relatively dry and there exists a need for a fire fighting foam. For example, supplying foam as required in offices, houses or in boat engine rooms where there is a potential fire hazard. The foam production units described above may be used in any configuration depending 
<!-- EPO <DP n="24"/>-->
 upon the application. For example, the foam production nozzle of Figs. 6 and 7 may be mounted at the end of an elongated lance such that the produced foam can be directed to a fire. </p><p id="p0163" num="0163"> Whilst the compartments or chambers which receive the plant roots are usually empty, the compartment or chambers may contain a growing medium such as pebbles or other lightweight material for example coal ash. The pebbles or the like are suitably of different shapes so that roots growing therein can still be exposed to foam supplied to the compartments or chambers. Such an arrangement is particularly suitable for growing of vegetables such as root vegetables. </p><p id="p0164" num="0164"> Foam may be supplied to the root compartments or chambers by any of the foam production units or nozzles as described above. In the case of the embodiment of Fig . 9, the unit 50 may be placed in the bottom of a root chamber for supply of foam to the chamber. For example a unit 50 may be placed at the base of the housing 58 of Fig. 10, at the bottom of a tray 70 of Figs. 10 and 11 or at the bottom of the compartment 99 of Fig. 23. </p><p id="p0165" num="0165"> Whilst the invention has been described in relation to the production of a liquid foam using air, any other suitable gas maybe used and thus the term "air" as used throughout the specification includes a gas or gases. </p><p id="p0166" num="0166"> The terms "comprising'' or "comprises" as used throughout the specification and claims are taken to specify the presence of the stated features, integers and components referred to but not preclude the presence or addition of one or more other feature/s, integers, component/s or group thereof. </p><p id="p0167" num="0167"> Whilst the above has been given by way of illustrative embodiment of the invention, all such variations and modifications thereto as would be apparent to persons skilled in the art are deemed to fall within the broad scope and ambit of the invention as herein described. 
</p></description><claims mxw-id="PCLM44999124" ref-ucid="WO-2012119193-A1" lang="EN" load-source="patent-office"><claim-statement><!-- EPO <DP n="25"/>-->Claims </claim-statement><claim id="clm-0001" num="1"><claim-text> 1. A foam production unit comprising a chamber, inlet means to said chamber for oxygenated air and liquid, and means for controlling the flow of said oxygenated air and liquid through or from said chamber to thereby create a liquid foam. </claim-text></claim><claim id="clm-0002" num="2"><claim-text>2. A foam production unit as claimed in claim 1 , wherein the chamber of the foam production unit comprises a mixing chamber in which liquid and oxygenated air supplied to the chamber are mixed. </claim-text></claim><claim id="clm-0003" num="3"><claim-text> 3. A foam production unit as claimed in claim 1 , wherein the inlet means comprises one or more inlets for oxygenated air and one or more inlets for liquid. </claim-text></claim><claim id="clm-0004" num="4"><claim-text>4. A foam production unit as claimed in any one of claims 1 to 3, wherein the chamber has one or more outlets and the means for controlling the flow is provided for controlling or restricting flow from the one or more inlets of oxygenated air and liquid to or through the one or more outlets. </claim-text></claim><claim id="clm-0005" num="5"><claim-text> 5. A foam production unit as claimed in claim 4, wherein the means for controlling flow comprises means in the chamber which provide a controlled directional path for oxygenated air and liquid from the oxygenated air and liquid inlet means to the outlet. </claim-text></claim><claim id="clm-0006" num="6"><claim-text> 6. A foam production unit as claimed in claim 4 or claim 5, wherein the means for controlling or restricting flow comprises a plurality of discrete elements within the chamber, wherein the discrete elements comprise a plurality of spherical members or members of any other shape. </claim-text></claim><claim id="clm-0007" num="7"><claim-text> 7. A foam production unit as claimed in claim 6, wherein the discrete elements substantially fill the mixing chamber. </claim-text></claim><claim id="clm-0008" num="8"><claim-text> 8. A foam production unit as claimed in claim 6, wherein the discrete elements only partially fill the chamber, wherein the discrete elements are free for movement in the chamber so as to mix liquid and oxygenated air in the chamber to enhance liquid foam production. </claim-text></claim><claim id="clm-0009" num="9"><claim-text> 9. A foam production unit as claimed in any one of the preceding claims, wherein the controlling means within the chamber comprises an organic or other solid permeable material. </claim-text></claim><claim id="clm-0010" num="10"><claim-text> 10. A foam production unit as claimed in claim 9, wherein the permeable material comprises a solid foam, wherein the solid foam is a flexible open cell solid foam such as an organic or other foam. <!-- EPO <DP n="26"/>--> </claim-text></claim><claim id="clm-0011" num="11"><claim-text>11. A foam production unit ae claimed in claim 10, wherein the permeable material is any other organic or inorganic material such as fibrous material which has similar flow controlling or restricting properties to foam. </claim-text></claim><claim id="clm-0012" num="12"><claim-text> 12. A foam production unit as claimed in any one of claims 1 to 5, wherein the one or more outlets from the chamber comprise one or more openings or slots in a wall of the chamber. </claim-text></claim><claim id="clm-0013" num="13"><claim-text> 13. A foam production unit as claimed in claim 12, wherein the one or more outlets from the chamber are limited such that the oxygenated air and liquid mixed in said chamber can exit from said chamber through the outlet as liquid foam. </claim-text></claim><claim id="clm-0014" num="14"><claim-text>14. A foam production unit as claimed in claim 12 or claim 13, wherein the one or more outlets comprise a permeable material or member, wherein the permeable material may comprise a solid foam. </claim-text></claim><claim id="clm-0015" num="15"><claim-text> 15. A foam production unit as claimed in claim 4, wherein the foam is a flexible open cell solid foam such as an organic or other foam, </claim-text></claim><claim id="clm-0016" num="16"><claim-text>16. A foam production unit as claimed in 14, wherein the permeable material is selectively compressed to vary its permeability and thus the foam production. </claim-text></claim><claim id="clm-0017" num="17"><claim-text> 17. A foam production unit as claimed in claim , wherein the one or more outlets comprise a permeable member or wall for example a member or wall having a plurality of fine perforations. </claim-text></claim><claim id="clm-0018" num="18"><claim-text>18. A foam production unit as claimed in claim 2, wherein the mixing chamber is defined by an outer elongated housing or tube. </claim-text></claim><claim id="clm-0019" num="19"><claim-text> 19. A foam production unit as claimed in claim 18, wherein at least one oxygenated air supply tube extends into the mixing chamber for supply of oxygenated air thereto. </claim-text></claim><claim id="clm-0020" num="20"><claim-text>20. A foam production unit as claimed in claim 18, wherein at least one liquid supply tube extends into the mixing chamber for supply of liquid thereto. </claim-text></claim><claim id="clm-0021" num="21"><claim-text> 21. A foam production unit as claimed in cairn 19 or claim 20, wherein the oxygenated air supply tubes and liquid supply tubes are formed so as to allow the directional flow of oxygenated air and/or liquid, wherein the tubes have their side walls perforated. </claim-text></claim><claim id="clm-0022" num="22"><claim-text> 22. A foam production unit as claimed in any one of claims 18 to 21 , wherein the outer elongated housing or tube is covered by a layer of permeable material which restricts the passage of liquid and oxygenated air and therefore enhances the production of foam. <!-- EPO <DP n="27"/>--> </claim-text></claim><claim id="clm-0023" num="23"><claim-text>23. A foam production unit as claimed in claim 2, wherein the mixing chamber is defined by the annular space between the oxygenated air supply tube and outer housing or chamber and the solution is supplied to the annular space. </claim-text></claim><claim id="clm-0024" num="24"><claim-text> 24. A foam production unit comprising a nozzle, wherein the nozzle comprises a housing to which liquid and oxygenated air are supplied, the housing having an outlet which is restricted by a solid permeable material, wherein the nozzle controls the flow of said oxygenated air and liquid through or from said foam production unit to thereby create a liquid foam. </claim-text></claim><claim id="clm-0025" num="25"><claim-text> 25. A foam production unit as claimed in claim 24, wherein the solid permeable material is in the form of a layer of such material. </claim-text></claim><claim id="clm-0026" num="26"><claim-text> 26 A foam production unit as claimed in claim 24 or claim 25 wherein the permeable material comprises a perforated member. </claim-text></claim><claim id="clm-0027" num="27"><claim-text> 27. A foam production unit as claimed in any one of the preceding claims, wherein the foam comprises a foam which contains a plant nutrient or nutrients to promote the growth of plants. </claim-text></claim><claim id="clm-0028" num="28"><claim-text> 28. A method of growing plants using a growing medium which comprises a liquid foam, wherein the liquid foam is formed by one or more of the described apparatus as claimed in claims 1 to 27. </claim-text></claim><claim id="clm-0029" num="29"><claim-text> 29. An apparatus for growing plants, said apparatus comprising a root chamber or compartment for containing the roots of said plants and means for supplying a liquid foam to said root chamber, wherein the liquid foam contains a plant nutrient or nutrients. </claim-text></claim><claim id="clm-0030" num="30"><claim-text> 30. An apparatus for growing plants as claimed in claim 29, further comprising a foam production unit for forming the liquid foam from a solution of nutrients and a foaming agent. </claim-text></claim><claim id="clm-0031" num="31"><claim-text> 31. An apparatus for growing plants as claimed in claim 30, wherein the foaming agent comprises a soluble organic emulsifying concentrate. </claim-text></claim><claim id="clm-0032" num="32"><claim-text> 32. An apparatus for growing plants, the apparatus comprising: </claim-text><claim-text> an elongated chamber in the form of a pipe or tube ; </claim-text><claim-text> a foam production unit extending inside the elongated chamber; </claim-text><claim-text> a plurality of spaced openings in the elongated chamber in which plants to be grown are located; and <!-- EPO <DP n="28"/>--> wherein the foam production unit provides a liquid foam from a solution of nutrients and a foaming agent, wherein the liquid foam containing the nutrients is supplied to the plants to promote the growth of the plants. </claim-text></claim><claim id="clm-0033" num="33"><claim-text> 33. An apparatus for growing plants as claimed in claim 32, wherein the foam production unit is located externally of the elongated chamber and the liquid foam is fed inside the chamber by a feed tube extending inside the elongated chamber.</claim-text></claim><claim id="clm-0034" num="34"><claim-text>34. An apparatus for growing plants as claimed in claim 32 or claim 33, wherein the elongated chamber may be oriented substantially horizontally or oriented substantially vertically. </claim-text></claim><claim id="clm-0035" num="35"><claim-text>35. An apparatus for growing plants as claimed in claim 34 wherein when oriented substantially vertically, the elongated chamber may be defined by a plurality of separate compartments, and the foam production unit extends through and be located within the chamber or compartments. </claim-text></claim><claim id="clm-0036" num="36"><claim-text> 36. An apparatus for growing plants as claimed in claim 35, wherein the foam production unit is arranged externally with foam from the unit supplied to the respective compartments. </claim-text></claim><claim id="clm-0037" num="37"><claim-text> 37. An apparatus for growing plants as claimed in any one of claims 32 to 36, wherein the elongated chambers are mounted on a rotatable carousel to be rotatable about a vertical axis. </claim-text></claim><claim id="clm-0038" num="38"><claim-text>38. An apparatus for growing plants as claimed in any one of claims 32 to 34, wherein the elongated chambers are mounted on a frame for rotation about a horizontal axis. </claim-text></claim><claim id="clm-0039" num="39"><claim-text> 39. An apparatus for growing plants as claimed in any one of claims 32 to 38, wherein the elongated chamber is formed in any shape which allows the growth of plants. </claim-text></claim><claim id="clm-0040" num="40"><claim-text> 40. An apparatus for growing plants comprising : </claim-text><claim-text> an open topped tray or compartment; </claim-text><claim-text> a foam production unit extending through the tray for supply of foam thereto for promoting the growth of plants. </claim-text></claim><claim id="clm-0041" num="41"><claim-text>41. An apparatus for growing plants as claimed in claim 40, wherein the trays are mounted on a rotatable frame for movement about a horizontal axis, wherein a pivot means is provided to support the trays to maintain the trays in a substantially horizontal orientation when rotated. <!-- EPO <DP n="29"/>--> </claim-text></claim><claim id="clm-0042" num="42"><claim-text>42. An apparatus for growing plants as claimed in claim 40 or claim 41 , wherein the foam production unit is provided in the base of the tray or compartment. </claim-text></claim><claim id="clm-0043" num="43"><claim-text> 43. An apparatus for growing plants comprising: </claim-text><claim-text> a foam producing unit having an axis, a peripheral wall extending about said axis and having axially spaced apart opposite ends, and end walls closing said peripheral wall at said opposite ends, said peripheral wall and said end walls providing said foam producing unit with an interior for receiving an oxygenated air and liquid; </claim-text><claim-text> a plurality of shaped projections extending outwardly from the peripheral wall of the foam production unit; </claim-text><claim-text> a root chamber comprising a top wall, a bottom wall and side walls enclosing the root chamber and spaced apart end walls, at least one end wall having a complimentary shaped projection to receive the shaped projection extending from the peripheral wall of the foam production unit, said top wall having an opening for receiving a plant; and </claim-text><claim-text> a means for controlling the flow of said oxygenated air and liquid through or from said foam producing unit and into said root chamber to thereby create a liquid foam which contains a plant nutrient or nutrients to promote the growth of plants.</claim-text></claim><claim id="clm-0044" num="44"><claim-text>44. An apparatus for growing plants as claimed in claim 43, wherein the peripheral wall of said foam producing unit is formed in the shape of a polygon. </claim-text></claim><claim id="clm-0045" num="45"><claim-text> 45 An apparatus for growing plants as claimed in claim 43, wherein the peripheral wall of said foam producing unit is formed in the shape of a cylinder. </claim-text></claim><claim id="clm-0046" num="46"><claim-text> 46. An apparatus for growing plants as claimed in claim 43, wherein the shaped projections extending from the peripheral wall are either in the shape of a polygon or a cylinder. </claim-text></claim><claim id="clm-0047" num="47"><claim-text> 47. An apparatus for growing plants as claimed in any one of claims 43 to 46, wherein the foam production unit further comprises projections extending outwardly from said end walls to receive said oxygenated gas and liquid. </claim-text></claim><claim id="clm-0048" num="48"><claim-text> 48. An apparatus for growing plants as claimed in claim 47, wherein said projections are used to mount said apparatus for growing plants in a vertical arrangement. </claim-text></claim><claim id="clm-0049" num="49"><claim-text> 49. An apparatus for growing plants as claimed in claim 47, wherein said projections are mounted into a carousel for rotating the growing apparatus. <!-- EPO <DP n="30"/>--> </claim-text></claim><claim id="clm-0050" num="50"><claim-text>50. An apparatus for growing plants as claimed in any one of claims 43 to 49, further comprising at least one reflector mounted to an edge of side of said growing apparatus to reflect light to promote the growth of the plants. </claim-text></claim><claim id="clm-0051" num="51"><claim-text> 51. An apparatus for growing plants as claimed in ant one of claims 43 to 50, further comprising at least one light source to promote the growth of plants. </claim-text></claim><claim id="clm-0052" num="52"><claim-text> 52. A foam production method and apparatus as claimed in any one of claims 1 to 28 is also used for producing foam for fire suppression applications or any other applications where liquid foam is required. </claim-text></claim><claim id="clm-0053" num="53"><claim-text> 53. A foam production method and apparatus as claimed in claim 52, wherein the liquid foam comprises a fire suppressant liquid. </claim-text></claim></claims><copyright>User acknowledges that Fairview Research LLC and its third party providers retain all right, title and interest in and to this xml under applicable copyright laws.  User acquires no ownership rights to this xml including but not limited to its format.  User hereby accepts the terms and conditions of the Licence Agreement</copyright></patent-document>
