<?xml version="1.0" encoding="UTF-8"?>
<patent-document ucid="EP-2958771-A1" country="EP" doc-number="2958771" kind="A1" date="20151230" family-id="48613803" file-reference-id="318324" date-produced="20180825" status="corrected" lang="FR"><bibliographic-data><publication-reference fvid="160453358" ucid="EP-2958771-A1"><document-id><country>EP</country><doc-number>2958771</doc-number><kind>A1</kind><date>20151230</date><lang>FR</lang></document-id></publication-reference><application-reference ucid="EP-13805454-A" is-representative="NO"><document-id mxw-id="PAPP193869684" load-source="patent-office" format="original"><country>EP</country><doc-number>13805454.9</doc-number><date>20131105</date><lang>FR</lang></document-id><document-id mxw-id="PAPP193869685" load-source="docdb" format="epo"><country>EP</country><doc-number>13805454</doc-number><kind>A</kind><date>20131105</date><lang>FR</lang></document-id></application-reference><priority-claims><priority-claim mxw-id="PPC162030434" ucid="FR-1351458-A" load-source="docdb"><document-id format="epo"><country>FR</country><doc-number>1351458</doc-number><kind>A</kind><date>20130220</date></document-id></priority-claim><priority-claim mxw-id="PPC162031686" ucid="FR-2013052635-W" linkage-type="W" load-source="docdb"><document-id format="epo"><country>FR</country><doc-number>2013052635</doc-number><kind>W</kind><date>20131105</date></document-id></priority-claim></priority-claims><technical-data><classifications-ipcr><classification-ipcr mxw-id="PCL-1988521881" load-source="docdb">B60P   3/14        20060101ALI20140905BHEP        </classification-ipcr><classification-ipcr mxw-id="PCL-1988527078" load-source="docdb">B60P   1/64        20060101AFI20140905BHEP        </classification-ipcr></classifications-ipcr><classifications-cpc><classification-cpc mxw-id="PCL-1984700678" load-source="docdb" scheme="CPC">B60P   1/6418      20130101 LI20151231BHEP        </classification-cpc><classification-cpc mxw-id="PCL-1984702495" load-source="docdb" scheme="CPC">B60P   1/6409      20130101 FI20160106BHEP        </classification-cpc><classification-cpc mxw-id="PCL-1987781677" load-source="docdb" scheme="CPC">B60P   3/14        20130101 LI20131029BHEP        </classification-cpc></classifications-cpc><invention-title mxw-id="PT165551540" lang="DE" load-source="patent-office">NUTZFAHRZEUG MIT MODULAREM AUFBAU</invention-title><invention-title mxw-id="PT165551541" lang="EN" load-source="patent-office">COMMERCIAL VEHICLE HAVING A MODULAR BODY</invention-title><invention-title mxw-id="PT165551542" lang="FR" load-source="patent-office">VEHICULE UTILITAIRE AVEC CARROSSERIE MODULAIRE</invention-title></technical-data><parties><applicants><applicant mxw-id="PPAR1103334248" load-source="docdb" sequence="1" format="epo"><addressbook><last-name>SH2M</last-name><address><country>FR</country></address></addressbook></applicant><applicant mxw-id="PPAR1103344964" load-source="docdb" sequence="1" format="intermediate"><addressbook><last-name>SH2M</last-name></addressbook></applicant><applicant mxw-id="PPAR1101650456" load-source="patent-office" sequence="1" format="original"><addressbook><last-name>SH2M</last-name><iid>101476032</iid><address><street>23 Rue du Montay</street><city>38230 Pont de Cheruy</city><country>FR</country></address></addressbook></applicant></applicants><inventors><inventor mxw-id="PPAR1103314674" load-source="docdb" sequence="1" format="epo"><addressbook><last-name>MILLET PIERRE</last-name><address><country>FR</country></address></addressbook></inventor><inventor mxw-id="PPAR1103338650" load-source="docdb" sequence="1" format="intermediate"><addressbook><last-name>MILLET, PIERRE</last-name></addressbook></inventor><inventor mxw-id="PPAR1101652795" load-source="patent-office" sequence="1" format="original"><addressbook><last-name>MILLET, PIERRE</last-name><address><city>F-38110 La Chapelle de la Tour</city><country>FR</country></address></addressbook></inventor></inventors><agents><agent mxw-id="PPAR1101644554" load-source="patent-office" sequence="1" format="original"><addressbook><last-name>Thibault, Jean-Marc</last-name><iid>101464446</iid><address><street>Cabinet Beau de Loménie 51, Avenue Jean Jaurès B.P. 7073</street><city>69301 Lyon Cedex 07</city><country>FR</country></address></addressbook></agent></agents></parties><international-convention-data><pct-or-regional-filing-data ucid="FR-2013052635-W"><document-id><country>FR</country><doc-number>2013052635</doc-number><kind>W</kind><date>20131105</date><lang>FR</lang></document-id></pct-or-regional-filing-data><pct-or-regional-publishing-data ucid="WO-2014128363-A1"><document-id><country>WO</country><doc-number>2014128363</doc-number><kind>A1</kind><date>20140828</date><lang>FR</lang></document-id></pct-or-regional-publishing-data><designated-states><ep-contracting-states><country mxw-id="DS660726235" load-source="docdb">AL</country><country mxw-id="DS660747734" load-source="docdb">AT</country><country mxw-id="DS660726237" load-source="docdb">BE</country><country mxw-id="DS660639457" load-source="docdb">BG</country><country mxw-id="DS660635719" load-source="docdb">CH</country><country mxw-id="DS660716030" load-source="docdb">CY</country><country mxw-id="DS660747739" load-source="docdb">CZ</country><country mxw-id="DS660792858" load-source="docdb">DE</country><country mxw-id="DS660726238" load-source="docdb">DK</country><country mxw-id="DS660716035" load-source="docdb">EE</country><country mxw-id="DS660637130" load-source="docdb">ES</country><country mxw-id="DS660639458" load-source="docdb">FI</country><country mxw-id="DS660639471" load-source="docdb">FR</country><country mxw-id="DS660792859" load-source="docdb">GB</country><country mxw-id="DS660726295" load-source="docdb">GR</country><country mxw-id="DS660726296" load-source="docdb">HR</country><country mxw-id="DS660716036" load-source="docdb">HU</country><country mxw-id="DS660635720" load-source="docdb">IE</country><country mxw-id="DS660726297" load-source="docdb">IS</country><country mxw-id="DS660639472" load-source="docdb">IT</country><country mxw-id="DS660716037" load-source="docdb">LI</country><country mxw-id="DS660792860" load-source="docdb">LT</country><country mxw-id="DS660747740" load-source="docdb">LU</country><country mxw-id="DS660792861" load-source="docdb">LV</country><country mxw-id="DS660792862" load-source="docdb">MC</country><country mxw-id="DS660718750" load-source="docdb">MK</country><country mxw-id="DS660718759" load-source="docdb">MT</country><country mxw-id="DS660637135" load-source="docdb">NL</country><country mxw-id="DS660718760" load-source="docdb">NO</country><country mxw-id="DS660637136" load-source="docdb">PL</country><country mxw-id="DS660747741" load-source="docdb">PT</country><country mxw-id="DS660637137" load-source="docdb">RO</country><country mxw-id="DS660747742" load-source="docdb">RS</country><country mxw-id="DS660637138" load-source="docdb">SE</country><country mxw-id="DS660716038" load-source="docdb">SI</country><country mxw-id="DS660718761" load-source="docdb">SK</country><country mxw-id="DS660718762" load-source="docdb">SM</country><country mxw-id="DS660635721" load-source="docdb">TR</country></ep-contracting-states><ep-extended-states><ep-extended-state-data><country>BA</country></ep-extended-state-data><ep-extended-state-data><country>ME</country></ep-extended-state-data></ep-extended-states></designated-states></international-convention-data><office-specific-data><eptags><ep-no-a-document-published>*</ep-no-a-document-published></eptags></office-specific-data></bibliographic-data><abstract mxw-id="PA139079600" ref-ucid="WO-2014128363-A1" lang="EN" load-source="patent-office"><p num="0000">The invention relates to a vehicle comprising a chassis (2) defining a cabin and a platform for receiving a removable body {3} having a front portion, a rear portion (9), two side portions and a bottom having two bearing surfaces (7i) for the forks of a handling device, extending mutually parallel and defining in part two fork passages (18), the vehicle comprising a temporary assembly device (30) between the chassis (2) and the body (3). According to the invention: the body (2) comprises two fork passages (18) leading to the rear portion (9) of the body (3), the temporary assembly device (30) comprises: for each fork passage (18), a locking lever (31) pivotably mounted on the chassis (2) and operated in a direction so as to occupy a retracted position releasing the assembly between the body and the chassis and controlled in an opposite direction, so as to occupy a position of assembly to the body (3) with the chassis (2), a locking system (33) between the body (3) and the chassis (2), comprising a control having a secure access.</p></abstract><abstract mxw-id="PA139546155" ref-ucid="WO-2014128363-A1" lang="EN" source="national office" load-source="docdb"><p>The invention relates to a vehicle comprising a chassis (2) defining a cabin and a platform for receiving a removable body {3} having a front portion, a rear portion (9), two side portions and a bottom having two bearing surfaces (7i) for the forks of a handling device, extending mutually parallel and defining in part two fork passages (18), the vehicle comprising a temporary assembly device (30) between the chassis (2) and the body (3). According to the invention: the body (2) comprises two fork passages (18) leading to the rear portion (9) of the body (3), the temporary assembly device (30) comprises: for each fork passage (18), a locking lever (31) pivotably mounted on the chassis (2) and operated in a direction so as to occupy a retracted position releasing the assembly between the body and the chassis and controlled in an opposite direction, so as to occupy a position of assembly to the body (3) with the chassis (2), a locking system (33) between the body (3) and the chassis (2), comprising a control having a secure access.</p></abstract><abstract mxw-id="PA139079601" ref-ucid="WO-2014128363-A1" lang="FR" load-source="patent-office"><p num="0000">L'invention concerne un véhicule comportant un châssis (2) délimitant une cabine et une plateforme de réception et d'une carrosserie amovible {3} présentant, une partie avant, une partie arrière (9), deux parties latérales et un fond possédant deux surfaces d'appui (7i) pour des fourches d'un engin de manutention, s'étendant parallèlement entre elles en délimitant en partie, deux passages de fourches (18), le véhicule comportant un dispositif d'assemblage temporaire (30) entre le châssis (2) et la carrosserie (3). Selon l'invention: la carrosserie (2) comporte deux passages de fourches (18) débouchant sur la partie arrière (9) de la carrosserie (3), le dispositif d'assemblage temporaire (30) comporte: pour chaque passage de fourche (18), un levier de verrouillage (31) monté pivotant sur le châssis (2) et commandé dans un sens pour occuper une position escamotée libérant l'assemblage entre la carrosserie et le châssis et commandé dans un sens contraire, pour occuper une position d'assemblage de la carrosserie (3) avec le châssis (2), un système de verrouillage (33) entre la carrosserie (3) et le châssis (2), comportant une commande à accès sécurisé.</p></abstract><abstract mxw-id="PA139546156" ref-ucid="WO-2014128363-A1" lang="FR" source="national office" load-source="docdb"><p>L'invention concerne un véhicule comportant un châssis (2) délimitant une cabine et une plateforme de réception et d'une carrosserie amovible {3} présentant, une partie avant, une partie arrière (9), deux parties latérales et un fond possédant deux surfaces d'appui (7i) pour des fourches d'un engin de manutention, s'étendant parallèlement entre elles en délimitant en partie, deux passages de fourches (18), le véhicule comportant un dispositif d'assemblage temporaire (30) entre le châssis (2) et la carrosserie (3). Selon l'invention: la carrosserie (2) comporte deux passages de fourches (18) débouchant sur la partie arrière (9) de la carrosserie (3), le dispositif d'assemblage temporaire (30) comporte: pour chaque passage de fourche (18), un levier de verrouillage (31) monté pivotant sur le châssis (2) et commandé dans un sens pour occuper une position escamotée libérant l'assemblage entre la carrosserie et le châssis et commandé dans un sens contraire, pour occuper une position d'assemblage de la carrosserie (3) avec le châssis (2), un système de verrouillage (33) entre la carrosserie (3) et le châssis (2), comportant une commande à accès sécurisé.</p></abstract><description mxw-id="PDES78477981" ref-ucid="WO-2014128363-A1" lang="FR" load-source="patent-office"><!-- EPO <DP n="3"/>--><p id="p0001" num="0001"> VEHICULE UTILITAIRE AVEC CARROSSERIE MODULAIRE </p><p id="p0002" num="0002"> La présente invention concerne Se domaine technique des véhicules utiîitaires au sens général et eiie vise plus particulièrement un véhicule utilitaire comportant une cabine et une carrosserie amovible. </p><p id="p0003" num="0003"> Dans Se domaine technique de l'invention, i! est connu par îe brevet</p><p id="p0004" num="0004">GB 2 110 171, un véhicule utilitaire comportant une cabine et un châssis de réception d'une caisse ou d'une carrosserie formant un fourgon monté de manière amovible sur Se châssis. A cet effet, le châssis est muni de deux traverses ouvertes sur le dessus pour former des sièges de réception pour des profilés de forme complémentaire fixés sous le fond du fourgon. Les profilés délimitent un passage pour les fourches d'un chariot élévateur destinées à venir en appui sur le fond du fourgon lors des opérations de retrait ou de mise en place du fourgon sur le châssis. Des tenons s'étendent en saiilie à partir des traverses afin de coopérer avec des lumières aménagées dans les profilés pour empêcher les mouvements du fourgon par rapport au châssis. L'assemblage du fourgon sur le châssis peut être complété à l'aide de liens fixés aux extrémités des traverses. </p><p id="p0005" num="0005"> Une telle solution offre l'avantage de pouvoir facilement positionner ou retirer, du châssis d'un véhicule utilitaire, un fourgon à l'aide d'un chariot élévateur largement répandu dans les entreprises où un te! véhicule est utilisé. </p><p id="p0006" num="0006"> Toutefois, le montage du fourgon sur le châssis ne présente pas toutes Ses garanties de sécurité. En effet, aucun verrouillage mécanique n'intervient entre le châssis et le fourgon. Par ailleurs, la technique de mise en place de liens de fixation est une solution pis-aller nécessitant une intervention manuelle et, qui par ailleurs, ne permet pas de garantir une fixation sûre et efficace du fourgon sur le châssis. </p><p id="p0007" num="0007"> Il doit être constaté, par ailleurs, qu'un tel fourgon peut être retiré facilement du véhicule par une personne mal intentionnée et équipée d'un chariot élévateur. </p><p id="p0008" num="0008"> De façon complémentaire, les moyens techniques assurant les montages entre Se fourgon et le châssis s'avèrent en pratique spécifiquement 
<!-- EPO <DP n="4"/>-->
 adaptés pour un modèle particulier de fourgon limitant les applications d'un tel véhicule utilitaire. </p><p id="p0009" num="0009"> L'objet de l'invention vise donc à remédier aux inconvénients de l'état de la technique en proposant un nouveau véhicuie utîittaire adapté pour permettre le montage facile et sûre d'une carrosserie amovible sur le châssis d'un tel véhicule. </p><p id="p0010" num="0010"> Un autre objet de l'invention est de proposer un véhicule utilitaire conçu pour permettre l'adaptation simple, rapide et sûre de différents modèles de carrosseries pour réaliser différentes fonctionnalités. </p><p id="p0011" num="0011"> Pour atteindre de tels objectifs, le véhicule se ion l'invention comporte un châssis délimitant une cabine et une plateforme de réception et une carrosserie amovible présentant, une partie avan une partie arrière, deux parties latérales et un fond possédant deux surfaces d'appui pour des fourches d'un engin de manutention, s'étendant parallèlement entre elles en délimitant en partie, deux passages de fourches, le véhicule comportant un dispositif d'assemblage temporaire entre îe châssis et la carrosserie. </p><p id="p0012" num="0012"> Selon l'invention : </p><p id="p0013" num="0013"> - la carrosserie comporte deux passages de fourches débouchant sur ia partie arrière de la carrosserie, </p><p id="p0014" num="0014"> - le dispositif d'assemblage temporaire comporte : </p><p id="p0015" num="0015"> * pour chaque passage de fourche, un levier de verrouillage monté pivotant sur le châssis et commandé dans un sens pour occuper une position escamotée libérant l'assemblage entre la carrosserie et ie châssis et commandé dans un sens contraire, pour occuper une position d'assemblage de la carrosserie avec le châssis, </p><p id="p0016" num="0016"> • un système de verrouillage entre la carrosserie et Se châssis, comportant une commande à accès sécurisé. </p><p id="p0017" num="0017"> De plus, le véhicule seîon l'invention peut présenter en outre en combinaison au moins Tune et/ou l'autre des caractéristiques additionnelles suivantes : </p><p id="p0018" num="0018"> - la carrosserie est aménagée pour former une citerne, un fourgon isotherme ou non, un plateau à ridelles ou non, un plateau benne, 
<!-- EPO <DP n="5"/>-->
 - les leviers de verrouillage s'étendent en saillie à l'intérieur des passages de fourches de manière à être commandés, à l'aide des fourches, en pivotement pour occuper la position escamotée, les leviers étant sollicités éiastiquement pour occuper en l'absence des fourches, une position d'assemblage de la carrosserie avec le châssis, </p><p id="p0019" num="0019"> - la commande à accès sécurisé du système de verrouillage est située à l'intérieur de la cabine, </p><p id="p0020" num="0020"> - ia commande du système de verrouillage pilote le déplacement d'un coulisseau assurant Se blocage en soulèvement de la carrosserie, </p><p id="p0021" num="0021"> - le coulisseau agît sur une butée de ia carrosserie s'étendant sensiblement au milieu de la partie avant de la carrosserie, </p><p id="p0022" num="0022"> - chaque levier de verrouillage comporte un crochet coopérant, en position de repos, avec une tige horizontale portée par le fond de la carrosserie, </p><p id="p0023" num="0023"> - chaque crochet se trouve prolongé en direction de la partie terminale du levier, par une rampe inclinée d'actionnement, </p><p id="p0024" num="0024"> - chaque levier est équipé d'un nez d'effacement, monté pivotant sur ie levier et rappelé éiastiquement en direction de ia partie avant de la carrosserie, </p><p id="p0025" num="0025"> - ia carrosserie est équipée sur sa partie arrière, de trappes de fermeture des passages de fourche. </p><p id="p0026" num="0026"> Un autre objet de l'invention est un équipement modulaire de transport, comportant : </p><p id="p0027" num="0027"> - un véhicule conforme à l'invention, </p><p id="p0028" num="0028"> - au moins une carrosserie amovible de rechange adaptée pour être montée sur le châssis du véhicule et présentant une partie avant équipée dans son milieu, d'une butée de coopération avec le système de verrouillage du véhicule, une partie arrière dans îaqueîie débouche deux passages de fourches, deux parties latérales, un fond présentant deux surfaces d'appui pour des fourches s'étendant parallèlement entre-elfes en délimitant en partie les deux passages de fourches équipées chacun d'une tige horizontale coopérant avec un levier de verrouillage, Sa carrosserie amovible de rechange 
<!-- EPO <DP n="6"/>-->
 et la carrosserie amovible équipant le véhicule étant des modèles différents pris parmi une citerne, un fourgon isotherme ou non, un plateau à ridelles ou non, un piateau benne, </p><p id="p0029" num="0029"> - un engin de manutention à deux fourches, piloté pour enlever du véhicule la carrosserie amovible et ia remplacer par une carrosserie amovible de rechange. </p><p id="p0030" num="0030"> Diverses autres caractéristiques ressortent de la description faite ci-dessous aux dessins annexés qui montrent, à titre d'exemples non limitatifs, des formes de réalisation de l<sup>'</sup>objet de ['invention. </p><p id="p0031" num="0031"> La Figure 1 est une vue en perspective d'un exemple de réalisation d'un véhicule utilitaire conforme à I Invention, </p><p id="p0032" num="0032"> Les Figures IA et 18 sont des vues d'un exemple de réalisation d'une cabine amovible destinée à équiper un véhicule utilitaire selon l'invention, de type piateau à ridelles basculant en position respectivement de repos et basculée. </p><p id="p0033" num="0033"> La Figure 2 est une vue illustrant le principe du véhicule utilitaire en cours d'équipement par une carrosserie amovible. </p><p id="p0034" num="0034"> La Figure 3 est une vue en perspective partielle illustrant un exemple de réalisation d'un système avant de verrouillage entre ia carrosserie et le châssis comportant une commande à accès sécurisé. </p><p id="p0035" num="0035"> Les Figures 4 et 5 sont des vues d'un levier de verrouillage conforme à l'invention en position respectivement d'assemblage et d'escamotage. </p><p id="p0036" num="0036"> Les Figures 6 et 7 sont des vues de détail illustrant le système avant de verrouillage entre la carrosserie amovible et le châssis en position respectivement verrouillée et déverrouillée. </p><p id="p0037" num="0037"> La Figure 8 est une vue de détail d'un levier de verrouillage équipé d'un système d'effacement pour des traverses portées par des fourches. </p><p id="p0038" num="0038"> La Figure 9 illustre un autre exemple de réalisation d'un système avant de verrouillage ente la carrosserie et le châssis. </p><p id="p0039" num="0039"> Tel que cela ressort des Fig. 1 et 2, l'objet de l'invention concerne un véhicule utilitaire 1 comprenant un châssis 2 et au moins une caisse ou une carrosserie amovible 3. Le châssis 2 est adapté pour délimiter une cabine de 
<!-- EPO <DP n="7"/>-->
 conduite 4 et une plateforme 5 de chargement ou de réception pour la carrosserie amovible 3. Le véhicule î qui par exemple est du type à cabine avancée, comporte une motorisation de tous types et de préférence électrique ainsi que des organes de roulement en nombre adapté au gabarit du véhicule. </p><p id="p0040" num="0040"> Conformément à une caractéristique avantageuse de réalisation, le véhicule utilitaire i est adapté pour recevoir des carrosseries amovibles 3 relevant de modèles différents. Ainsi, l'objet de l'invention vise un équipement modulaire de transport comportant un véhicule utilitaire 1 équipé d'une carrosserie amovible 3 relevant d'un modèle donné et au-moins une carrosserie amovible dite de rechange relevant d'un modèle de préférence différent de Sa carrosserie équipant le véhicule. A titre d'exemple, Ses carrosseries amovibles 3 susceptibles d'équiper le véhicule utilitaire 1 sont des modèles pris parmi une citerne, un fourgon isotherme ou non, un fourgon à parois plei es ou à rideau à lamelles, un plateau à ridelles ou non, fixe ou basculant, un plateau benne, un équipement de carrosserie bâché ou grillagé, etc. Dans l'exemple illustré à la Fig. 1, ia carrosserie amovible 3 est un fourgon alors que dans l'exemple illustré aux Fig. IA et 18, la carrosserie amovible est un plateau à rideiles basculant. </p><p id="p0041" num="0041"> Quel que soit le modèle, la carrosserie amovible 3 comporte un fond 7 présentant une forme rectangulaire correspondant à la forme de la plateforme de réception 5. D'une manière générale, chaque carrosserie amovible 3 possède une partie avant 8, une partie arrière 9 et deux parties latérales 10. Bien entendu, les différentes parties de la carrosserie i sont réalisées en fonction du modèle réalisé. Dans l'exemple illustré à la Fig. 1, la carrosserie amovible 3 est un fourgon de sorte que les parties latérales 10, la partie avant 8 et la partie arrière 9 sont réalisées par des parois pleines raccordées à leur sommet par un toit. Des portes 12 sont aménagées dans la partie arrière 9 pour accéder au volume interne du fourgon. Il est à noter que le fond 7 est pourvu de traverses et/ou de longerons adaptés pour venir en appui sur des zones déterminées de la plateforme S du châssis 2. Dans l'exemple illustré aux Fig. IA, IB, le fond 7 est pourvu d'un châssis fixe 7 
<!-- EPO <DP n="8"/>-->
 destiné à venir en appui sur ia plateforme 5 et un plateau à ridelles 7<sub>2</sub> monté basculant sur le châssis 7<sub>t</sub>. </p><p id="p0042" num="0042"> Selon une caractéristique de l'invention, la partie arrière 9 de la carrosserie 3 comporte deux ouvertures 14 pour le passage de fourches 15 d'un engin de manutention 16 te! qu'un chariot élévateur par exemple. Les ouvertures 14 communiquent avec des passages 18 pour les fourches 15, délimités en partie par des surfaces d'appui 7<sub>%</sub>, présentées par le fond 7 de ia carrosserie. Les deux passages 18 s'étendent parallèlement entre eux selon la direction longitudinale de la carrosserie amovible 3, Il est à noter que la distance entre les deux passages 18 correspond à ia distance séparant les deux fourches 15 de l'engin de manutention 16 ou aux deux rallonges de fourche rapportées sur les fourches de l'engin de manutention. Ces deux fourches 15 sont adaptées pour venir en contact avec les surfaces d'appui 7i de ia carrosserie amovible 3. A cet égard, le fond 7 est aménagé pour présenter localement ou, sur toute la longueur des passages 18, une surface d'appui 7<sub>\</sub> pour les fourches. Bien entendu, les passages 18 sont adaptés pour recevoir différents modèles de fourches, </p><p id="p0043" num="0043"> Seion une variante préférée de réalisation, chaque passage 18 comporte de part et d'autre, selon la direction longitudinale, des butées 21 assurant le guidage latéral des fourches 15. Avantageusement, des butées 21 sont positionnées de part et d'autre de chaque ouverture 14 pour permettre de guider l'engagement des fourches 15 à l'intérieur des passages 18. Ces butées 21 s'étendent de préférence, sur la majeure partie de la longueur des passages 18 qui se trouvent ainsi circonscrits à ilntérîeur d'un conduit ou d'un tunnel. </p><p id="p0044" num="0044"> Selon une caractéristique avantageuse de réalisation, la carrosserie amovible 3 est équipée, sur sa face arrière, de trappes 23 de fermeture des ouvertures 14. Chaque trappe 23 est montée sur la carrosserie amovible 3 de manière appropriée. Par exemple, ies trappes 23 sont montées de manière amovible sur la carrosserie par encliquetage. 
<!-- EPO <DP n="9"/>-->
 Le véhicule utiiitaire 1 selon l'invention comporte également un dispositif 30 d'assemblage déverrouiûable ou temporaire de la carrosserie 3 avec le châssis 2. </p><p id="p0045" num="0045"> Conformément à l'invention, le dispositif d'assemblage temporaire 30 comporte : </p><p id="p0046" num="0046"> - pour chaque passage de fourche 18, un levier de verrouillage 31 monté pivotant sur le châssis 2 et commandé dans un premier sens F pour occuper une position escamotée libérant l'assemblage entre la carrosserie amovible 3 et le châssis (Fïg. 5) et commandé dans un deuxième sens F2 contraire au premier sens Fi, pour occuper une position d'assemblage de la carrosserie amovible 3 avec le châssis 2 (Fjg. 4), </p><p id="p0047" num="0047"> - un système 33 de verrouillage entre la carrosserie 3 et le châssis 2 comportant une commande à accès sécurisé 35 (Fîg. 3, 6). </p><p id="p0048" num="0048"> Selon une variante préférée de réalisation, les leviers de verrouillage 31 sont commandés en pivotement à l'aide des fourches 15. A cet effet, les leviers de verrouillage 31 s'étendent en position d'assemblage de îa carrossene avec le châssis, en saillie à l'intérieur des passages de fourches 18. Ainsi, lors de l'engagement des fourches 15 à l'intérieur des passages de fourches 18, les leviers de verrouillage 31 sont entraînés en pivotement dans Se premier sens Fl pour occuper ieur position escamotée. Lors du retrait des fourches 15 des passages 18, les leviers de verrouillage 31 sont sollicités élastiquement pour occuper, en l'absence des fourches 15, une position d'assemblage de la carrossene amovible 3 avec le châssis 2. </p><p id="p0049" num="0049"> Dans l'exemple illustré, chaque levier de verrouillage 31 est monté pivotant selon un axe de pivotement 33 porté par le châssis pour permettre le déplacement du levier de verrouillage 31 dans un plan sensiblement vertical. Chaque levier de verrouillage 31 est sollicité élastiquement à l'aide d'un ressort 39 pour revenir à sa position d'assemblage. Chaque levier de verrouillage 31 comporte un crochet 41 coopérant, en position de repos, avec une tige horizontale 42 porté par le fond 7 de la carrosserie 3. 
<!-- EPO <DP n="10"/>-->
 O </p><p id="p0050" num="0050">De préférence, chaque levier de verrouillage 3î comporte, entre le crochet 41 et la partie terminale, une rampe d'actionnement 43 permettant fors de l'application d'un effort vertical, le pivotement du levier de verrouillage 31 selon le premier sens Fl pour la mise en position de la tige 42, Il est à noter que l'extrémité de chaque levier de verrouillage 31 est décalée vers îa partie avant 8, par rapport à Taxe de pivotement 33, </p><p id="p0051" num="0051"> De préférence, les leviers de verrouillage 31 sont montés à proximité l'arrière du châssis 2 du véhicule utilitaire, </p><p id="p0052" num="0052"> Le système de verrouillage 33 dit avant comporte un couiisseau 50 apte à être commandé en déplacement à l'aide de îa commande 35 qui possède par exemple une position quart de tour pour sécuriser le verrouillage. Le couiisseau 50 est apte à être déplacé entre une position de blocage en soulèvement de la carrosserie (Fîg, 6) et une position de déverrouiliage de la carrosserie 3 (Fîg.7). Avantageusement, le couiisseau 50 est apte à venir bloquer une butée 52 s'étendant au milieu et à la base de la partie avant 8 de Sa carrosserie 3. Le couiisseau 50 est monté coulissant dans un boîtier guide 53 et se trouve sollicité élastiquement par un ressort 54, selon un sens conduisant à la sortie du couiisseau 50 par rapport au boîtier guide 53. Le ressort 54 sollicite le couiisseau 50 en position d'appui contre la butée 52 pour assurer le verrouillage de la carrosserie amovible 3 sur le châssis 2. Le couiisseau 50 est déplacé entre les deux positions à l'aide de la commande 35 via une transmission 55 de tous types. </p><p id="p0053" num="0053"> Le fonctionnement de l'équipement de transport découle directement de la description qui précède. </p><p id="p0054" num="0054"> En position de montage de la carrosserie 3 sur le véhicule, la carrosserie est verrouillée sur le châssis 2 à l'aide des deux leviers de verrouillage 31 et du système de verrouillage avant 33. La carrosserie amovible 3 se trouve ainsi ancrée rigidement au châssis en trois points. </p><p id="p0055" num="0055"> L'enlèvement de la carrosserie amovible 3 par rapport au châssis 2 du véhicule consiste à retirer îes trappes d'accès 23 pour permettre l'introduction des fourches 15 de l'engin de manutention 16 dans les 
<!-- EPO <DP n="11"/>-->
 y ouvertures 14. L'engagement des fourches 15 dans ies passages 18 conduit au pivotement des leviers de verrouiiiage 31 pour venir occuper leur position escamotée dans laquelle !es tiges 42 de îa carrosserie ne sont plus retenues par les crochets 41. La commande à accès sécurisé 35 est par ailleurs déplacée pour permettre de déverrouiller la carrosserie amovible 3 par rapport au châssis. L'engin de manutention 16 est commandé pour permettre le soulèvement des fourches 15 les amenant en contact sur la surface d'appui 7<sub>X</sub> pour permettre le soulèvement de la carrosserie amovible 3 et son retrait du châssis 2. </p><p id="p0056" num="0056"> La mise en place d'une carrosserie de rechange 3 consiste à enlever les trappes de cette carrosserie pour permettre l'engagement des fourches 15 de l'engin de manutention 16 dans les ouvertures 14 aftn qu'elles s'étendent dans les passages 18 en-dessous du fond 7 de la carrosserie. L'élévation des fourches 15 permet de soulever la carrosserie 3 par leur mise en appui sur la surface d'appui 7i du fond 7 de la carrosserie. </p><p id="p0057" num="0057"> L'engin de manutention 16 déplace la carrosserie afin de l'amener en surplomb de la plateforme 5 du châssis 2 et la déposer sur îa plateforme 5. Le positionnement de îa carrosserie de rechange est assuré par la présence de tampons ou drageoirs de positionnement 60 s'éievant de la plateforme 5 du châssis 2 et coopérant avec les parties latérales 10 du fond de la carrosserie 3. </p><p id="p0058" num="0058"> Dans cette position, les leviers de verrouillage 31 sont basculés et occupent leur position escamotée. Le retrait des fourches 15 des passages 18 provoquent ie pivotement des leviers de verrouillage 31 selon le deuxième sens de pivotement sous l'action des ressorts 39. Les crochets 41 viennent ainsi coopérer avec les tiges 42 du châssis pour verrouiller îa carrosserie 3 sur îe châssis 2. </p><p id="p0059" num="0059"> La commande à accès sécurisé 35 du système de verrouillage 33 est pilotée pour permettre d'amener le coulisseau 50 à coopérer avec Sa butée 52 de la carrosserie 3. Ainsi, la carrosserie 3 se trouve ancrée en trois points du châssis 2. La carrosserie 3 se trouve fixée rigidement au châssis 2 tout en ayant été manutentionnée rapidement et en toute sécurité. Un 
<!-- EPO <DP n="12"/>-->
 <sub>&lt;</sub> </p><p id="p0060" num="0060"> lu véhicule utilitaire 1 peut donc être équipé rapidement par un modèle de carrosserie différent, en fonction des besoins des utilisateurs. </p><p id="p0061" num="0061"> Selon une variante de réalisation, il est à noter que les fourches 15 de l'engin de manutention 16 peuvent être munies dans certains cas, de rallonges reliées à leur extrémité par une traverse 15i (Fîg, 8). Dans ce cas, chaque levier de verrouillage 31 est équipé d'un nez d'effacement 63 monté pivotant sur le levier 31 selon un axe de pivotement 64 et rappelé élastiquement à l'aide d'un ressort 65, en direction de la partie avant 8 de la carrosserie 3. Ce nez d'effacement 63 s'étend ainsi à l'extrémité libre de chaque levier de verrouillage 31. </p><p id="p0062" num="0062"> Ce nez d'effacement 63 est apte à être pivoté sous l'action de ia traverse 15* des fourches 15, lors du retrait des fourches 15. Le pivotement du nez d'effacement 63 autorise ainsi le retrait des fourches de passage 18. Après le retrait des fourches 15, le nez d'effacement 63 est sollicité par le ressort 65 pour revenir à sa position de repos délimitée par une butée 66 venant en contact avec le levier 31. </p><p id="p0063" num="0063"> Dans l'exemple illustré, l'enlèvement mal intentionné de la carrosserie 3 du véhicule est empêché par le montage de la commande 35 à l'intérieur de Sa cabine 4 dont l'accès est autorisé à la personne munie généralement d'une clé voire d'un badge. Bien entendu, la sécurisation du système de verrouillage 33 peut être augmentée en équipant directement la commande 35 du système de verrouillage 33 à l'aide d'un dispositif de blocage à code, à clé ou à badge par exemple, Il est à noter qu'un tel dispositif de blocage peut équiper le système de verrouillage 33 dont la commande est placée en dehors de la cabine de conduite 4 comme illustré à la Figure 9. Dans ce cas, il peut peut-être être prévu que la commande 35 se trouve située en dehors de la cabine 4 en étant équipée d'un tel dispositif de blocage à accès sécurisé. </p><p id="p0064" num="0064"> Dans la description qui précède, le dispositif d'assemblage temporaire 30 comporte deux leviers de verrouillage 31. Il est clair qu'il peut être envisagé de positionner un nombre supérieur de leviers d'assemblage 31 au niveau des passages de fourches 18. 
<!-- EPO <DP n="13"/>-->
 Seion une autre variante de réalisation, i! est à noter qui! peut être envisagé de commander îe fonctionnement des leviers de verrouillage 31, non pas à l'aide des fourches 15 d'un engin de manutention 16, mais à l'aide d'un système motorisé, par exemple une commande externe actionnée par un opérateur. </p><p id="p0065" num="0065"> L'invention n'est pas limitée aux exemples décrits et représentés car diverses modifications peuvent y être apportées sans sorti de son cadre. 
</p></description><claims mxw-id="PCLM70078263" ref-ucid="WO-2014128363-A1" lang="FR" load-source="patent-office"><claim id="clm-0001" num="0001"><!-- EPO <DP n="14"/>--><claim-text/><claim-text>REVENDICATIONS </claim-text><claim-text> I - Véhicule comportant un châssis (2) délimitant une cabine (4) et une plateforme (5) de réception et d'une carrosserie amovible (3) présentant, une partie avant (8), une partie arrière (9), deux parties latérales (10) et un fond (7) possédant deux surfaces d'appui (7i) pour des fourches d'un engin de manutention (16), s'étendant parallèlement entre elles en déii mitant en partie, deux passages de fourches (18), le véhicule comportant un dispositif d'assemblage temporaire (30) entre ie châssis (2) et ia carrosserie (3), caractérisé en ce que : </claim-text><claim-text> - la carrosserie (2) comporte deux passages de fourches (18) débouchant sur la partie arrière (9) de ia carrosserie (3), </claim-text><claim-text> - ie dispositif d'assemblage temporaire (30) comporte : </claim-text><claim-text> * pour chaque passage de fourche (18), un levier de verrouillage (31) monté pivotant sur le châssis (2) et commandé dans un sens pour occuper une position escamotée libérant l'assemblage entre la carrosserie et ie châssis et commandé dans un sens contraire, pour occuper une position d'assemblage de la carrosserie (3) avec le châssis (2), </claim-text><claim-text> • un système de verrouillage (33) entre la carrosserie (3) et le châssis (2), comportant une commande à accès sécurisé (35). </claim-text><claim-text> 2 - Véhicule selon la revendication 1, caractérisé en ce que la carrosserie (3) est aménagée pour former une citerne, un fourgon isotherme ou non, un plateau à ridelles ou non, un plateau benne. </claim-text><claim-text> 3 - Véhicule selon la revendication 1, caractérisé en ce que ies leviers de verrouillage (31) s'étendent en saillie à l'intérieur des passages de fourches (18) de manière à être commandés, à l'aide des fourches (15), en pivotement pour occuper la position escamotée, les leviers étant sollicités élastiquement pour occuper en l'absence des fourches (15), une position d'assemblage de la carrosserie avec le châssis. </claim-text><claim-text> 4 - Véhicule selon ia revendication i, caractérisé en ce que la commande à accès sécurisé (35) du système de verrouillage (33) est située à l'intérieur de la cabine (4). 
<!-- EPO <DP n="15"/>-->
 5 - Véhicule selon la revendication 4, caractérisé en ce que la commande (35) du système de verrouillage (31) pilote le déplacement d'un coullsseau (50) assurant le blocage en soulèvement de la carrosserie. </claim-text><claim-text> 6 - Véhicule selon la revendication 5, caractérisé en ce que le coullsseau (50) agit sur une butée (52) de la carrosserie s'étendant sensiblement au milieu de la partie avant (8) de la carrosserie (3). </claim-text><claim-text> 7 - Véhicule selon Sa revendication 1, caractérisé en ce que chaque levier de verrouillage (31) comporte un crochet (41) coopérant, en position de repos, avec une tige horizontale (42) portée par le fond (7) de la carrosserie (3). </claim-text><claim-text> 8 - Véhicule selon ia revendication 7, caractérisé en ce que chaque crochet (41) se trouve prolongé en direction de la partie terminale du levier, par une rampe inclinée d'actionnement (43). </claim-text><claim-text> 9 - Véhicule selon les revendications 7 ou 8, caractérisé en ce que chaque levier (31) est équipé d'un nez d'effacement (63), monté pivotant sur le levier et rappelé éiastiquement en direction de ta partie avant de ia carrosserie. </claim-text><claim-text> 10 - Véhicule selon l'une des revendications 1 à 9, caractérisé en ce que la carrosserie (3) est équipée sur sa partie arrière (9), de trappes (23) de fermeture des passages de fourche (18). </claim-text><claim-text> 11 - Equipement modulaire de transport, caractérisé en ce qu'il comporte : </claim-text><claim-text> - un véhicule (î) conforme à l'une des revendications 1 à 10,</claim-text><claim-text>- au moins une carrosserie amovible de rechange (3) adaptée pour être montée sur le châssis (2) du véhicule et présentant une partie avant (8) équipée dans son milieu, d'une butée (52) de coopération avec le système de verrouillage (33) du véhicule, une partie arrière (9) dans laquelle débouche deux passages de fourches (18), deux parties latérales (10), un fond (7) présentant deux surfaces d'appui (7i) pour des fourches (15) s'étendant parallèlement entre-elles en délimitant en partie les deux passages de fourches équipées chacun d'une tige horizontale (42) coopérant avec un levier de verrouillage (31), ia carrosserie amovible de rechange (3) 
<!-- EPO <DP n="16"/>-->
 et la carrosserie amovible (3) équipant le véhicule (1) étant des modèles différents pris parmi une citerne, un fourgon isotherme ou non, un plateau à ridelles ou non, un plateau benne, </claim-text><claim-text> - un engin de manutention (16) à deux fourches (15), piloté pour enfever du véhicule (1) la carrosserie amovible et la remplacer par une carrosserie amovible de rechange. 
</claim-text></claim></claims><copyright>User acknowledges that Fairview Research LLC and its third party providers retain all right, title and interest in and to this xml under applicable copyright laws.  User acquires no ownership rights to this xml including but not limited to its format.  User hereby accepts the terms and conditions of the Licence Agreement</copyright></patent-document>
