<?xml version="1.0" encoding="UTF-8"?>
<patent-document ucid="EP-2958800-A1" country="EP" doc-number="2958800" kind="A1" date="20151230" family-id="52727147" file-reference-id="318334" date-produced="20180822" status="corrected" lang="DE"><bibliographic-data><publication-reference fvid="160453878" ucid="EP-2958800-A1"><document-id><country>EP</country><doc-number>2958800</doc-number><kind>A1</kind><date>20151230</date><lang>DE</lang></document-id></publication-reference><application-reference ucid="EP-15711779-A" is-representative="NO"><document-id mxw-id="PAPP193870724" load-source="docdb" format="epo"><country>EP</country><doc-number>15711779</doc-number><kind>A</kind><date>20150325</date><lang>DE</lang></document-id><document-id mxw-id="PAPP193870725" load-source="patent-office" format="original"><country>EP</country><doc-number>15711779.7</doc-number><date>20150325</date><lang>DE</lang></document-id></application-reference><priority-claims><priority-claim mxw-id="PPC162029297" ucid="DE-102014006112-A" load-source="docdb"><document-id format="epo"><country>DE</country><doc-number>102014006112</doc-number><kind>A</kind><date>20140429</date></document-id></priority-claim><priority-claim mxw-id="PPC162026376" ucid="EP-2015056328-W" linkage-type="W" load-source="docdb"><document-id format="epo"><country>EP</country><doc-number>2015056328</doc-number><kind>W</kind><date>20150325</date></document-id></priority-claim></priority-claims><technical-data><classifications-ipcr><classification-ipcr mxw-id="PCL-1883379269" load-source="docdb">B64C  27/02        20060101ALI20161021BHEP        </classification-ipcr><classification-ipcr mxw-id="PCL-1883379447" load-source="docdb">B64C  27/52        20060101ALI20161021BHEP        </classification-ipcr><classification-ipcr mxw-id="PCL-1883380406" load-source="docdb">B64C  27/82        20060101ALI20161021BHEP        </classification-ipcr><classification-ipcr mxw-id="PCL-1883383179" load-source="docdb">B64C   1/40        20060101AFI20161021BHEP        </classification-ipcr></classifications-ipcr><classifications-cpc><classification-cpc mxw-id="PCL-1707472838" load-source="docdb" scheme="CPC">B64C2027/8236      20130101 LA20180117BHEP        </classification-cpc><classification-cpc mxw-id="PCL-1707472839" load-source="docdb" scheme="CPC">Y02T  50/46        20130101 LA20180117BHEP        </classification-cpc><classification-cpc mxw-id="PCL-1937853729" load-source="docdb" scheme="CPC">B64C  27/02        20130101 LI20160514BHEP        </classification-cpc><classification-cpc mxw-id="PCL-1937854553" load-source="docdb" scheme="CPC">B64C  27/52        20130101 LI20160512BHEP        </classification-cpc><classification-cpc mxw-id="PCL-1937857510" load-source="docdb" scheme="CPC">B64C2220/00        20130101 LA20160512BHEP        </classification-cpc><classification-cpc mxw-id="PCL-1937859566" load-source="docdb" scheme="CPC">B64C   1/40        20130101 FI20160514BHEP        </classification-cpc></classifications-cpc><invention-title mxw-id="PT165553100" lang="DE" load-source="patent-office">LUFTFAHRZEUG</invention-title><invention-title mxw-id="PT165553101" lang="EN" load-source="patent-office">AIRCRAFT</invention-title><invention-title mxw-id="PT165553102" lang="FR" load-source="patent-office">AÉRONEF</invention-title></technical-data><parties><applicants><applicant mxw-id="PPAR1103326781" load-source="docdb" sequence="1" format="epo"><addressbook><last-name>AUTOGYRO AG</last-name><address><country>CH</country></address></addressbook></applicant><applicant mxw-id="PPAR1103314768" load-source="docdb" sequence="1" format="intermediate"><addressbook><last-name>AUTOGYRO AG</last-name></addressbook></applicant><applicant mxw-id="PPAR1101652573" load-source="patent-office" sequence="1" format="original"><addressbook><last-name>AutoGyro AG</last-name><iid>101419129</iid><address><street>Balz Zimmermann-Strasse 7</street><city>8302 Kloten</city><country>CH</country></address></addressbook></applicant></applicants><inventors><inventor mxw-id="PPAR1103329726" load-source="docdb" sequence="1" format="epo"><addressbook><last-name>BIRKNER OTMAR</last-name><address><country>DE</country></address></addressbook></inventor><inventor mxw-id="PPAR1103322161" load-source="docdb" sequence="1" format="intermediate"><addressbook><last-name>BIRKNER, OTMAR</last-name></addressbook></inventor><inventor mxw-id="PPAR1101643837" load-source="patent-office" sequence="1" format="original"><addressbook><last-name>BIRKNER, OTMAR</last-name><address><street>Dornierstrasse 8</street><city>31137 Hildesheim</city><country>DE</country></address></addressbook></inventor><inventor mxw-id="PPAR1103331849" load-source="docdb" sequence="2" format="epo"><addressbook><last-name>MEIER GERHARD T</last-name><address><country>CH</country></address></addressbook></inventor><inventor mxw-id="PPAR1103317033" load-source="docdb" sequence="2" format="intermediate"><addressbook><last-name>MEIER, Gerhard T.</last-name></addressbook></inventor><inventor mxw-id="PPAR1101653289" load-source="patent-office" sequence="2" format="original"><addressbook><last-name>MEIER, Gerhard T.</last-name><address><street>Schützenweg 11</street><city>CH-5330 Bad Zurzach</city><country>CH</country></address></addressbook></inventor></inventors><agents><agent mxw-id="PPAR1101650246" load-source="patent-office" sequence="1" format="original"><addressbook><last-name>Plöger, Jan Manfred</last-name><suffix>et al</suffix><iid>100992590</iid><address><street>Gramm, Lins &amp; Partner Patent- und Rechtsanwälte PartGmbB Theodor-Heuss-Strasse 1</street><city>38122 Braunschweig</city><country>DE</country></address></addressbook></agent></agents></parties><international-convention-data><pct-or-regional-filing-data ucid="EP-2015056328-W"><document-id><country>EP</country><doc-number>2015056328</doc-number><kind>W</kind><date>20150325</date><lang>DE</lang></document-id></pct-or-regional-filing-data><pct-or-regional-publishing-data ucid="WO-2015165651-A1"><document-id><country>WO</country><doc-number>2015165651</doc-number><kind>A1</kind><date>20151105</date><lang>DE</lang></document-id></pct-or-regional-publishing-data><designated-states><ep-contracting-states><country mxw-id="DS660726378" load-source="docdb">AL</country><country mxw-id="DS660643101" load-source="docdb">AT</country><country mxw-id="DS660726384" load-source="docdb">BE</country><country mxw-id="DS660760453" load-source="docdb">BG</country><country mxw-id="DS660736679" load-source="docdb">CH</country><country mxw-id="DS660644197" load-source="docdb">CY</country><country mxw-id="DS660643102" load-source="docdb">CZ</country><country mxw-id="DS660726385" load-source="docdb">DE</country><country mxw-id="DS660644198" load-source="docdb">DK</country><country mxw-id="DS660644207" load-source="docdb">EE</country><country mxw-id="DS660795454" load-source="docdb">ES</country><country mxw-id="DS660760454" load-source="docdb">FI</country><country mxw-id="DS660725344" load-source="docdb">FR</country><country mxw-id="DS660726386" load-source="docdb">GB</country><country mxw-id="DS660644208" load-source="docdb">GR</country><country mxw-id="DS660726391" load-source="docdb">HR</country><country mxw-id="DS660643107" load-source="docdb">HU</country><country mxw-id="DS660736680" load-source="docdb">IE</country><country mxw-id="DS660644209" load-source="docdb">IS</country><country mxw-id="DS660725345" load-source="docdb">IT</country><country mxw-id="DS660644210" load-source="docdb">LI</country><country mxw-id="DS660760459" load-source="docdb">LT</country><country mxw-id="DS660647397" load-source="docdb">LU</country><country mxw-id="DS660760460" load-source="docdb">LV</country><country mxw-id="DS660760461" load-source="docdb">MC</country><country mxw-id="DS660647398" load-source="docdb">MK</country><country mxw-id="DS660647411" load-source="docdb">MT</country><country mxw-id="DS660736681" load-source="docdb">NL</country><country mxw-id="DS660795455" load-source="docdb">NO</country><country mxw-id="DS660736682" load-source="docdb">PL</country><country mxw-id="DS660647412" load-source="docdb">PT</country><country mxw-id="DS660725346" load-source="docdb">RO</country><country mxw-id="DS660647413" load-source="docdb">RS</country><country mxw-id="DS660736687" load-source="docdb">SE</country><country mxw-id="DS660643108" load-source="docdb">SI</country><country mxw-id="DS660795456" load-source="docdb">SK</country><country mxw-id="DS660736688" load-source="docdb">SM</country><country mxw-id="DS660760462" load-source="docdb">TR</country></ep-contracting-states><ep-extended-states><ep-extended-state-data><country>BA</country></ep-extended-state-data><ep-extended-state-data><country>ME</country></ep-extended-state-data></ep-extended-states></designated-states></international-convention-data><office-specific-data><eptags><ep-no-a-document-published>*</ep-no-a-document-published></eptags></office-specific-data></bibliographic-data><abstract mxw-id="PA163492016" ref-ucid="WO-2015165651-A1" lang="DE" load-source="patent-office"><p num="0000">Die Erfindung betrifft ein Luftfahrzeug miteinem Schubpropeller (18),einem Heckleitwerk (20) und einer Verbindung (22), mittels der das Heckleitwerk (20) befestigt ist. Erfindungsgemäß ist vorgesehen, dass die Verbindung (22) eine Schalldämpfstruktur (24) aufweist.</p></abstract><abstract mxw-id="PA163789935" ref-ucid="WO-2015165651-A1" lang="DE" source="national office" load-source="docdb"><p>Die Erfindung betrifft ein Luftfahrzeug miteinem Schubpropeller (18),einem Heckleitwerk (20) und einer Verbindung (22), mittels der das Heckleitwerk (20) befestigt ist. Erfindungsgemäß ist vorgesehen, dass die Verbindung (22) eine Schalldämpfstruktur (24) aufweist.</p></abstract><abstract mxw-id="PA163492017" ref-ucid="WO-2015165651-A1" lang="EN" load-source="patent-office"><p num="0000">The invention relates to an aircraft having a pusher propeller (18), a rear tail assembly (20) and a connection (22) by means of which the tail assembly (20) is fastened. According to the invention, the connection (22) comprises a sound-absorbing structure (24).</p></abstract><abstract mxw-id="PA163789936" ref-ucid="WO-2015165651-A1" lang="EN" source="national office" load-source="docdb"><p>The invention relates to an aircraft having a pusher propeller (18), a rear tail assembly (20) and a connection (22) by means of which the tail assembly (20) is fastened. According to the invention, the connection (22) comprises a sound-absorbing structure (24).</p></abstract><abstract mxw-id="PA163492018" ref-ucid="WO-2015165651-A1" lang="FR" load-source="patent-office"><p num="0000">L'invention concerne un aéronef comportant une hélice de poussée (18), un mécanisme de guidage de queue (20) et une liaison (22) au moyen de laquelle le mécanisme de guidage de queue (20) est fixé. Selon l'invention, la liaison (22) présente une structure d'amortissement du bruit (24).</p></abstract><abstract mxw-id="PA163789937" ref-ucid="WO-2015165651-A1" lang="FR" source="national office" load-source="docdb"><p>L'invention concerne un aéronef comportant une hélice de poussée (18), un mécanisme de guidage de queue (20) et une liaison (22) au moyen de laquelle le mécanisme de guidage de queue (20) est fixé. Selon l'invention, la liaison (22) présente une structure d'amortissement du bruit (24).</p></abstract><description mxw-id="PDES96581656" ref-ucid="WO-2015165651-A1" lang="DE" load-source="patent-office"><!-- EPO <DP n="3"/>--><p id="p0001" num="0001"> Luftfahrzeug </p><p id="p0002" num="0002">Die Erfindung betrifft ein Luftfahrzeug mit einem Schubpropeller, einem Heckleitwerk und einer Verbindung, mittels der das Heckleitwerk befestigt ist. </p><p id="p0003" num="0003">Luftfahrzeuge, wie beispielsweise Tragschrauber, wie sie beispielsweise aus der DE 10 2009 040 278 A1 und der DE 10 2008 044 461 A1 bekannt sind, emittieren Schall, was unerwünscht ist. Es wird daher versucht, die Schallemissionen zu verringern. Dabei sollen die Schallschutzmaßnahmen die Flugeigenschaften des Tragschraubers möglichst wenig beeinflussen und zudem zu keinem oder nur zu einem geringen zusätzlichen Gewicht führen. Es hat sich herausgestellt, dass dies schwierig zu erreichen ist. </p><p id="p0004" num="0004">Aus der DE 298 18 392 U1 ist ein Tragschrauber bekannt, dessen Schubpropel- ler von einem Ringflügel umgeben ist, so dass sich ein Impeller ergibt. Nachteilig an einem derartigen Tragschrauber ist das vergleichsweise hohe Gewicht, so dass die Nutzlast verringert ist. </p><p id="p0005" num="0005">Aus der DE 42 42 332 A1 ist bekannt, Schallreflektoren unterhalb des Antriebs- aggregats von Fluggeräten anzuordnen, so dass Schall vom Boden weg reflektiert wird. Eine derartige Schallreflektionsvorrichtung benötigt viel Platz und reduziert zudem die Nutzlast. </p><p id="p0006" num="0006">Der Erfindung liegt die Aufgabe zugrunde, den Schallschutz an einem Luftfahrzeug zu verbessern. </p><p id="p0007" num="0007">Die Erfindung löst das Problem durch ein gattungsgemäßes Luftfahrzeug, bei dem die Verbindung eine Schalldämpfstruktur aufweist. Die Erfindung löst das Problem zudem durch die Verwendung eines Schalldämpfers am Kielrohr eines Tragschraubers. </p><p id="p0008" num="0008">Vorteilhaft an dem erfindungsgemäßen Luftfahrzeug ist, dass die Schallimmissionen, 
<!-- EPO <DP n="4"/>-->
 also die Schalleinwirkung, die ein Luftfahrzeug auf seine Umgebung bewirkt, mit einfachen Mitteln verringerbar ist. Es hat sich nämlich herausgestellt, dass ein signifikanter Teil der Lärmimmission durch Lärmemissionen des Luftfahrzeugs hervorgerufen wird, wenn er am Boden ist oder sich in Bodennähe befindet. Der Grund dafür ist, dass in diesem Fall der Abstand zwischen dem Tragschrauber und einer Person kleiner ist als wenn der Tragschrauber sich auf Flughöhe befindet. Es hat sich zudem herausgestellt, dass ein signifikanter Teil des Lärms durch die Interaktion von Rotorblattspitzenwir- beln, die vom Schubpropeller hervorgerufen werden, mit der Verbindung hervorgerufen wird, wobei der Mechanismus der Lärmentstehung im Detail noch nicht verstanden ist. Der so verursachte Lärm wird durch die Erfindung vermindert. </p><p id="p0009" num="0009">Es hat sich überraschend gezeigt, dass Veränderungen am Schubpropeller nur einen relativ geringen Einfluss auf die Lärmentwicklung des Luftfahrzeugs, insbesondere eines Tragschraubers, insbesondere am Boden haben. Hingegen bewirkt eine Schall- dämpferstruktur an der Verbindung, beispielsweise am Kielrohr, eine merkbare Verringerung der Schallemissionen. Dieser Befund ist deshalb überraschend, weil erwartet wurde, dass Lärm, der von der komplexen Wechselwirkung zwischen einem vom Propeller erzeugten Rotorblattspitzenwirbel und der Verbindung hervorgerufen wird, nicht durch einfache Maßnahmen vermindert werden kann. Es war vielmehr zu erwarten, dass - wie bei einem Hubschrauber - der Lärm überwiegend durch eine Wechselwirkung der Propellerspitzen mit dem Rotorblattspitzenwirbel verursacht wird, der von der in Drehrichtung vorlaufenden Propellerspitze erzeugt wurde. Es hat sich jedoch herausgestellt, dass dies nicht der Fall ist. Im Rahmen der vorliegenden Beschreibung wird unter einem Luftfahrzeug insbesondere ein Tragschrauber oder ein Starrflügelflugzeug verstanden. </p><p id="p0010" num="0010">Unter dem Schubpropeller wird ein Propeller verstanden, der in Flugrichtung des Tragschraubers hinter dem Cockpit angeordnet ist. Selbstverständlich ist es möglich, dass der Tragschrauber mehr als einen Schubpropeller aufweist. Es ist möglich, dass der Schubpropeller nicht unmittelbar hinter dem Cockpit angeordnet ist, sondern beispielsweise seitlich davon versetzt. Maßgeblich ist, dass Rotorblattspitzenwirbel auf das Kiel- 
<!-- EPO <DP n="5"/>-->
 rohr treffen und dort hörbaren Lärm verursachen. </p><p id="p0011" num="0011">Insbesondere ist der Schubpropeller freistehend angeordnet. Hierunter wird insbesondere verstanden, dass er unverkleidet ist und insbesondere nicht als Impeller ausgebildet ist. </p><p id="p0012" num="0012">Unter der Verbindung wird eine Struktur, insbesondere ein Rohr, verstanden, die einen Rumpf des Luftfahrzeugs mit einem Heckleitwerk verbindet. Es ist möglich, nicht aber notwendig, dass die Verbindung aus einem anderen Material besteht als der Rumpf des Tragschraubers. </p><p id="p0013" num="0013">Unter einem Kielrohr wird insbesondere ein Rohr verstanden, das entlang einer gedachten Kiellinie verläuft. Insbesondere ist das Kielrohr in einem unteren Bereich des Rumpfs angebracht. Es ist möglich und stellt eine bevorzugte Ausführungsform dar, dass das Kielrohr einen elliptischen, insbesondere kreisrunden Querschnitt hat, das ist aber nicht notwendig. Beispielsweise kann der Querschnitt auch mehreckig sein. Es ist zudem möglich, dass sich der Querschnitt entlang einer Längserstreckung des Kielrohrs ändert. Es ist möglich, nicht aber notwendig, dass die Verbindung mit dem Rumpf verbunden ist, das heißt, dass zwischen beiden eine Fügestelle vorhanden ist. Es ist auch möglich, dass die Verbindung durch einen Fortsatz des Rumpfs gebildet ist. In diesem Fall kann die Verbindung einstückig mit einem Bestandteil des Rumpfs, beispielsweise einer Außenschale des Rumpfs, verbunden sein. </p><p id="p0014" num="0014">Es ist möglich, nicht aber notwendig, und stellt eine Ausführungsform dar, dass die Verbindung zumindest abschnittsweise hohl ist. Es ist auch möglich, dass die Verbindung aus Vollmaterial aufgebaut ist. Es ist bevorzugt, wenngleich nicht notwendig, dass die Verbindung aus Metall aufgebaut ist oder Metall umfasst. Bekannte Luftfahrzeuge, insbesondere Tragschrauber, besitzen oft eine Verbindung, in Fall des Tragschraubers ein Kielrohr, aus Metall, da 
<!-- EPO <DP n="6"/>-->
 Metall eine hohe Festigkeit besitzt und Alterungsschäden leicht feststellbar sind. </p><p id="p0015" num="0015">Alternativ oder zusätzlich kann die Verbindung jedoch auch zumindest teilweise aus einem nichtmetallischen Werkstoff aufgebaut sein. Beispielsweise kann die Verbindung eine tragende, vorzugsweise röhrenförmige, Struktur aus faserverstärktem Kunststoff, beispielsweise glasfaserverstärktem und/oder kohlenstofffaserverstärktem Kunststoff, aufweisen. Das ist besonders dann vorteilhaft, wenn - wie gemäß einer bevorzugten Ausführungsform vorgesehen - der Rumpf ebenfalls eine Außenschale aus faserverstärktem Kunststoff besitzt. </p><p id="p0016" num="0016">Es ist möglich, nicht aber notwendig, dass die Verbindung zumindest abschnittsweise einen ovalen und/oder ellipsoiden und/oder kreisförmigen Querschnitt besitzt. Ein kreisförmiger Querschnitt ist in der Regel vorteilhaft, da derartige Kielrohre einfach zu fertigen sind. </p><p id="p0017" num="0017">Unter dem Merkmal, dass die Verbindung, insbesondere das Kielrohr, eine Schalldämpfstruktur aufweist, wird insbesondere verstanden, dass die Verbindung so ausgebildet ist, dass sie im Vergleich zu einer Verbindung mit kreisrundem Querschnitt bei einer Drehfrequenz des Schubpropellers von 2000 Umdrehungen pro Minute eine um zumindest um 5 dB(a) geringere Schallemission in einem Abstand von 5 Metern zeigt, als eine Verbindung ohne die Schalldämpfstruktur. </p><p id="p0018" num="0018">Wenn die Schalldämpfstruktur nicht als mit der Verbindung verbundenes, separates Bauteil ausgebildet ist, wird insbesondere nur der Bereich als Schalldämpf struktur be- trachtet, dessen Breite zumindest das 1 ,5-fache, vorzugsweise zumindest das Doppelte, der Breite der Verbindung beträgt, im Fall eines Kielrohrs also einer Kielrohrbreite. Die Breite der Schalldämpfstruktur und die Breite der Verbindung, insbesondere die Kielrohrbreite, werden jeweils durch senkrechte Projektion auf die Horizontalebene bestimmt. </p><p id="p0019" num="0019">Vorzugsweise verläuft die Verbindung entlang einer Drehachse des Schubpropellers. Hierunter wird insbesondere verstanden, dass entlang einer Längsachse des Luftfahr- 
<!-- EPO <DP n="7"/>-->
 zeugs auf Höhe einer Propellerebene ein Winkel zwischen der Drehachse des Schubpropellers und der Verbindung betragsmäßig höchstens 30°, insbesondere höchstens 20°, beträgt. Gemäß einer bevorzugten Ausführungsform ist das Luftfahrzeug ein Tragschrauber. Die Verbindung ist dann vorzugsweise ein Kielrohr. </p><p id="p0020" num="0020">Gemäß einer bevorzugten Ausführungsform ist die Schalldämpfstruktur zumindest auch unterhalb des Schubpropellers angeordnet. Überraschenderweise hat sich gezeigt, dass es auch und zu einem großen Teil unterhalb des Schubpropellers zu einer Wechselwirkung zwischen Rotorblattspitzenwirbel und dem Kielrohr kommt. Es wäre zu erwarten gewesen, dass diese Rotorblattspitzenwirbel durch den Luftstrom, der vom Schubpropeller erzeugt wird, in Richtung des Hecks des Tragschraubers fortgetragen werden, so dass sie weiter in Richtung Heck an das Kielrohr schlagen. Es hat sich je- doch herausgestellt, dass auch und gerade unterhalb des Schubpropellers signifikanter Lärm erzeugt wird. Die Lärmentstehung in diesem Bereich wird durch die Schalldämpfstruktur vermindert. </p><p id="p0021" num="0021">Vorzugsweise ist die Schalldämpfstruktur zumindest auch, vorzugsweise aber aus- schließlich, in einem Schalldämpfer-Bereich entlang einer Längsachse des Luftfahrzeugs ausgebildet, wobei der Schalldämpfer-Bereich durch alle solche Punkte der Verbindung gebildet ist, für die gilt, dass eine Verbindungslinie des jeweiligen Punkts mit einem Schnittpunkt aus der Schubpropeller-Drehachse und einer Propellerebene, in der der Propeller rotiert, in einem Winkelintervall von -10° bis 30° liegt. Ein negativer Winkel bedeutet dabei, dass der Winkel zum Cockpit hin orientiert ist. Es hat sich gezeigt, dass auf diese Weise ein guter Kompromiss zwischen dem zusätzlichen Gewicht des Luftfahrzeugs einerseits und der erreichbaren Schallemissionsminderung andererseits erreichbar ist. </p><p id="p0022" num="0022">Ist das Luftfahrzeug ein Tragschrauber, ist die Schalldämpfstruktur vorzugsweise zumindest auch, vorzugsweise aber ausschließlich, in einem Schalldämpfer-Bereich entlang einer Längsachse des Tragschraubers ausgebildet, wobei der Schalldämpfer- 
<!-- EPO <DP n="8"/>-->
 Bereich durch alle solche Kielrohrpunkte des Kielrohrs gebildet ist, für die gilt, dass eine Verbindungslinie des jeweiligen Kielrohr-Punkts mit einem Schnittpunkt aus der Schubpropeller-Drehachse und einer Propellerebene, in der der Propeller rotiert, in einem Winkelintervall von -10° bis 30° liegt. Ein negativer Winkel bedeutet dabei, dass der Winkel zum Cockpit hin orientiert ist. Es hat sich gezeigt, dass auf diese Weise ein guter Kompromiss zwischen dem zusätzlichen Gewicht des Tragschraubers einerseits und der erreichbaren Schallemissionsminderung andererseits erreichbar ist. </p><p id="p0023" num="0023">Vorzugsweise ist die Schalldämpfstruktur bezüglich einer vertikalen Längsebene des Tragschraubers asymmetrisch. Diese vertikale Längsebene verläuft streng vertikal und durch den geometrischen Schwerpunkt des Kielrohrs. Vorzugsweise ist die Schalldämpfstruktur stromlinienförmig ausgebildet bezüglich einer Anströmung mit Luft in horizontaler Richtung quer zur Längsachse. So bietet die Schalldämpfstruktur dem Windstrom, der durch den Schubpropeller verursacht wird, einen besonders geringen Wi- derstand. Vorzugsweise ist die Krümmung der Schalldämpfstruktur am anstromseitigen Ende kleiner als am abströmseitigen Ende. </p><p id="p0024" num="0024">Es ist möglich und stellt eine bevorzugte Ausführungsform dar, dass die Schalldämpfstruktur zumindest auch durch den Querschnitt der Verbindung zwischen Heckleitwerk und Rumpf, insbesondere des Kielrohrs, gebildet ist. </p><p id="p0025" num="0025">Gemäß einer bevorzugten Ausführungsform hat die Schalldämpfstruktur bezüglich einer Anströmung mit Luft, beispielsweise mit einer Strömungsgeschwindigkeit von 30 km/h, in Umfangsrichtung des Schubpropellers bezüglich des in Strömungsrichtung vordersten Punkts der Schalldämpfstruktur einen Luftwiderstandsbeiwert c<sub>w</sub> von höchstens 0,25, insbesondere von höchstens 0,20. Unter der Anströmung in Umfangsrichtung wird eine Anströmung in der Propellerebene, in der der Schubpropeller rotiert, oder einer dazu parallelen Ebene verstanden. Die Bestimmung der Anströmrichtung wird unten mit Bezug auf Figur 5 beschrieben. Durch den geringen Luftwiderstands- beiwert kommt es zu einer nur geringen Interaktion zwischen Luftwirbeln vom Schubpropeller und der Verbindung, was die Lärmemissionen verringert. 
<!-- EPO <DP n="9"/>-->
 Besonders bevorzugt hat die Schalldämpfstruktur bezüglich einer Anströmung mit Luft in horizontaler Richtung entlang der Propellerebene, beispielsweise mit einer Strömungsgeschwindigkeit von 30 km/h, einen Luftwiderstandsbeiwert von höchstens 0,25, insbesondere höchstens 0,20. Der Luftwiderstandsbeiwert wird gemessen, indem die Schalldämpfstruktur mit einer laminaren Strömung in der angegebenen Richtung angeströmt und dabei wird die Kraft ermittelt wird, die dieser Luftstrom auf die Schalldämpfstruktur ausübt. Der Luftwiderstandsbeiwert wird berechnet gemäß der Formel </p><p id="p0026" num="0026">P<sup>v</sup> , wobei F<sub>w</sub> die Widerstandskraft ist, P die Dichte der Luft, v die Geschwindigkeit der Luft (im vorliegenden Fall also 30 km/h) und A die Stirnfläche der Schall- dämpfstruktur. Auf diese Weise führen Geschwindigkeitsschwankungen aufgrund von Wirbeln zu einer kleinen resultierenden Kraft auf das Kielrohr und zu weniger Schall. </p><p id="p0027" num="0027">Ist das Luftfahrzeug ein Tragschrauber, so ist die Schalldämpfstruktur bevorzugt an einer Verbindung zwischen einem Rumpf und dem Heckleitwerk ausgebildet. Insbe- sondere ist diese Verbindung, bei der es sich um ein Kielrohr oder zwei Befestigungsholme handeln kann, so ausgebildet, dass ein Luftwiderstandsbeiwert bezüglich einer Anströmung mit Luft in einer Umfangsrichtung des Schubpropellers höchstens 0,25, insbesondere höchstens 0,20, beträgt. Besonders günstig ist es, wenn die Schalldämpfstruktur eine Breite B, die senkrecht zur Längsachse des Tragschraubers gemessen wird, besitzt, wobei diese Breite zumindest 10 cm beträgt. Günstig ist es, wenn die Breite B kleiner ist als 50 cm. Die Breite wird insbesondere in die Richtung gemessen, die senkrecht zu der kürzesten Verbindungslinie zwischen der Schalldämpfstruktur und der Schubpropeller-Drehachse des Schubpropellers verläuft. </p><p id="p0028" num="0028">Vorzugsweise besitzt die Schalldämpfstruktur zudem eine Länge T entlang der Längsachse L des Tragschraubers, wobei die Länge T vorzugsweise größer ist als 20 cm. Günstig ist es zudem, wenn die Länge T kleiner ist als 80 cm. </p><p id="p0029" num="0029">Gemäß einer bevorzugten Ausführungsform ist ein Verhältnis von Breite zur Hö- 
<!-- EPO <DP n="10"/>-->
 he größer als zwei, insbesondere größer als vier. Die Höhe verläuft senkrecht zu der Breite und der Länge. </p><p id="p0030" num="0030">Vorzugsweise enthält die Schalldämpfstruktur ein schallschluckendes Material . Bei dem schallschluckenden Material kann es sich um ein Vlies, Mineralwolle und/oder Metallwolle handeln. Besonders günstig ist es, wenn die Schalldämpfstruktur einen Hohlkörper umfasst, der mehrere Öffnungen aufweist. Dabei ist das schallschluckende Material vorzugsweise im Hohlkörper angeordnet. Unter einem Hohlkörper wird aber ein Körper verstanden, der so ausgebildet ist, dass ein Vlies so in diesem angeordnet wer- den kann, dass es während des Flugbetriebs des Tragschraubers nicht heraus fällt. </p><p id="p0031" num="0031"> Alternativ oder zusätzlich kann die Schalldämpfstruktur eine Vielzahl an Öffnungen aufweisen. </p><p id="p0032" num="0032">Besonders günstig ist es, wenn die Schalldämpfstruktur am Kielrohr ausgebildet ist, wobei das Kielrohr eine Vielzahl an Öffnungen aufweist und/oder ein schallschluckendes Material enthält. In diesem Fall entfällt ein weiteres Bauteil, wenngleich die Fertigung einer derartigen Schalldämpfstruktur aufwändiger ist. Unter dem schallschluckenden Material wird insbesondere ein faserhaltiges Material verstanden, beispielsweise Glas- oder Steinwolle. </p><p id="p0033" num="0033">Vorzugsweise ist die Schalldämpfstruktur als passiver Schalldämpfer ausgebildet. In anderen Worten ist es möglich und bevorzugt, wenngleich nicht notwendig, das die Schalldämpfstruktur durch ein vom Kielrohr getrenntes Bauteil gebildet ist. Der Schalldämpfer kann lösbar oder unlösbar mit dem Kielrohr verbunden sein. Es ist möglich, dass diese Verbindung stoffschlüssig, reibschlüssig oder formschlüssig ausgebildet ist. </p><p id="p0034" num="0034">Günstig ist es, wenn der Hohlkörper aus Kunststoff gefertigt ist. Es ergibt sich so ein gleichzeitig leichter, robuster und einfach herzustellender Schalldämpfer. Im Folgenden wird die Erfindung anhand der beigefügten Zeichnungen näher erläutert. Dabei zeigt 
<!-- EPO <DP n="11"/>-->
 Figur 1 eine perspektivische Ansicht eines erfindungsgemäßen Tragschraubers </p><p id="p0035" num="0035">Figur 2 Seitenansicht des Tragschraubers gemäß Figur 1 Figur 3 eine Detailansicht einer erfindungsgemäßen Schalldämpfstruktur in Form eines Schalldämpfers und </p><p id="p0036" num="0036">Figur 4 einen Querschnitt durch den Schalldämpfer gemäß Figur 3. </p><p id="p0037" num="0037">Figur 5 zeigt schematisch die Anströmungsbedingungen an der Schalldämpfstruktur. </p><p id="p0038" num="0038">Figur 1 zeigt ein Luftfahrzeug 10, hier in Form eines Tragschraubers 10, mit einem Rotor 12, einem Rumpf 14, einem Fahrwerk 16 und einem Schubpropeller 18. Der Trag- schrauber 10 besitzt zudem ein Heckleitwerk 20, das mittels einer Verbindung 22, im vorliegenden Fall in Form eines Kielrohrs 22, mit dem Rumpf 14 verbunden ist. </p><p id="p0039" num="0039">Der Schubpropeller 18 rotiert im Betrieb im Uhrzeigersinn bezüglich einer Blickrichtung vom Heckleitwerk 20 in Richtung Rumpf 14, wie durch den Pfeil P angedeutet ist. Die Drehung des Schubpropellers 18 führt zu einem Luftstrom, der sich in erster Näherung schraubenförmig vom Schubpropeller 18 weg bewegt, wie durch die schematisch angedeuteten Geschwindigkeitspfeile v angedeutet ist. Das Kielrohr 22 weist eine Schalldämpfstruktur 24 auf, die im vorliegenden Fall als Schalldämpfer ausgebildet ist. Figur 2 zeigt den Tragschrauber 10 in einer Seitenansicht. Eingezeichnet ist eine Propellerebene E, in der der Propeller 18 rotiert. Die Propellerebene E steht senkrecht auf der Papierebene. Es ist zu erkennen, dass der Schalldämpfer 24 unterhalb des Schubpropellers 18 angeordnet ist. Im vorliegenden Fall schneidet die Propellerebene E den Schalldämpfer 24. </p><p id="p0040" num="0040">Der Schalldämpfer 24 liegt in einem Schalldämpferbereich 26. Dieser Schalldämpferbereich 26 ist definiert durch die Punkte des Kielrohrs 22, deren Verbindungslinie a mit einem Schnittpunkt S einer Propellerdrehachse D mit der Propellerebene E unter ei- 
<!-- EPO <DP n="12"/>-->
 nem Winkel α zur Vertikalen V verläuft, wobei der Winkel α in einem Winkelintervall I = [-10°, ...30°] liegt. Insbesondere ist die Schalldämpfstruktur 26 nicht mehr im Heckleitwerk 20 ausgebildet. Figur 3 zeigt den Schalldämpfer 24 in einer Detailansicht. Der Schalldämpfer 24 besitzt eine Breite B, die senkrecht zur Längsachse L des Tragschraubers 10 gemessen wird. Die Breite B liegt im Bereich zwischen 10 cm und 50 cm. Eine Länge T, die entlang der Längsachse L gemessen wird, liegt vorzugsweise zwischen 30 und 80 cm. Es ist zu erkennen, dass der Schalldämpfer 24 eine Mehrzahl an Öffnungen 28.1 , 28.2, ... aufweist. Diese sind im vorliegenden Fall oval, können aber auch zumindest teilweise länglich und/oder schlitzartig und/oder zumindest teilweise rund ausgebildet sein oder eine sonstige Form haben. Figur 4 zeigt einen Querschnitt durch den Schalldämpfer 24 bezüglich einer Ebene, die senkrecht zu einer lokalen Längsachse des Kielrohrs 22 verläuft. Es ist zu erkennen, dass der Schalldämpfer 24 einen Hohlkörper 30 umfasst, also ein Objekt, das eine äußere Hülle besitzt, die einen Innenraum 32 umgrenzt. Der Innenraum 32 ist mit schallschluckendem Material 34, im vorliegenden Fall mit Steinwolle, gefüllt. Durch die Öff- nungen 28 (Bezugszeichen ohne Zählsuffix bezeichnen jeweils alle entsprechenden Objekte) tritt Schall in den Innenraum 32 ein und auf das schallschluckende Material auf und wird so absorbiert. </p><p id="p0041" num="0041">Figur 4 zeigt zudem, dass der Schalldämpfer 24 das Kielrohr 22 so umgreift, dass das Kielrohr 22 bezüglich eines Luftstroms 36, der vom Schubpropeller 18 (vgl. Figur 2) erzeugt wird, im Windschatten liegt. Der Luftstrom trifft zumindest überwiegend auf den Schalldämpfer 24. Die Schalldämpfstruktur 24, im vorliegenden Fall also der Schalldämpfer 24, hat eine Außenkontur, die so ausgebildet ist, dass der Schalldämpfer 24 bezüglich einer Anströmung mit dem Luftstrom 36, der in horizontaler Richtung und entlang der Propellerebene E (vgl. Figur 2) den Schalldämpfer 24 anströmt, zu einem Luftwiderstandsbeiwert c<sub>w</sub> führt, der höchstens 0,25 beträgt. Mit einer Anströmung entlang der Propellerebene ist eine Luftströmung gemeint, die entweder in der Propeller- 
<!-- EPO <DP n="13"/>-->
 ebene E verläuft oder in einer Ebene parallel dazu. </p><p id="p0042" num="0042">Um diesen geringen Luftwiderstandsbeiwert zu erreichen, ist der Schalldämpfer 24 stromlinienförmig ausgebildet. Er besitzt an einem anströmseitigen Ende 38 eine klei- nere Krümmung als an seinem abströmseitigen Ende 40. </p><p id="p0043" num="0043">Anstelle eines Tragschraubers kann die Erfindung auch in einem Starrflügelflugzeug realisiert sein, das anstelle des Rotors 12 Tragflächen besitzt. Die Tragflächen sind beispielsweise am Rumpf befestigt und vor dem Schubpropeller 18 angeordnet. </p><p id="p0044" num="0044">Figur 5 zeigt einen Querschnitt durch die Schalldämpfstruktur 24. Angedeutet ist eine Anstromung mit Luft in einer Umfangsrichtung U des Schubpropellers. Der teilweise eingezeichnete Kreis K hat seinen Mittelpunkt auf der Schubpropeller-Drehachse D. Der Kreis K hat einen Radius, der so gewählt ist, dass eine gedachte Linie L in der Propellerebene E (vgl. Figur 1 ) durch die Schubpropeller-Drehachse D, die die Schalldämpfstruktur 24 von der Seite in einem Punkt T tangiert, von der die Luft vom Schubpropeller zugeführt wird, den Kreis K genau in dem Punkt T schneidet. Bezüglich eines Luftstroms in der so bestimmten Umfangsrichtung U ist der Luftwiderstandsbeiwert höchstens 0,25. Ein noch kleinerer Luftwiderstandsbeiwert ist vorteilhaft. 
<!-- EPO <DP n="14"/>-->
</p><p id="p0045" num="0045">Bezugszeichenliste </p><p id="p0046" num="0046">10 Tragschrauber </p><p id="p0047" num="0047"> 12 Rotor </p><p id="p0048" num="0048"> 14 Rumpf </p><p id="p0049" num="0049"> 16 Fahrweg </p><p id="p0050" num="0050"> 18 Schubpropeller </p><p id="p0051" num="0051">20 Heckleitwerk </p><p id="p0052" num="0052"> 22 Kielrohr </p><p id="p0053" num="0053"> 24 Schalldämpferstruktur</p><p id="p0054" num="0054">26 Schalldämpfer-Bereich</p><p id="p0055" num="0055">28 Öffnung </p><p id="p0056" num="0056">30 Hohlkörper </p><p id="p0057" num="0057"> 32 Innenraum </p><p id="p0058" num="0058"> 34 schallschluckendes Material</p><p id="p0059" num="0059">36 Luftstrom </p><p id="p0060" num="0060"> 38 anströmseitiges Ende</p><p id="p0061" num="0061">40 abströmseitiges Ende α Winkel </p><p id="p0062" num="0062">a Verbindungslinie </p><p id="p0063" num="0063"> B Breite </p><p id="p0064" num="0064"> D Schubpropeller-Drehachse</p><p id="p0065" num="0065">E Propellerebene </p><p id="p0066" num="0066">I Winkelintervall </p><p id="p0067" num="0067"> P Pfeil </p><p id="p0068" num="0068"> S Schnittpunkt </p><p id="p0069" num="0069"> T Länge </p><p id="p0070" num="0070"> V Vertikale 
</p></description><claims mxw-id="PCLM88547145" ref-ucid="WO-2015165651-A1" lang="DE" load-source="patent-office"><claim-statement><!-- EPO <DP n="15"/>--> Ansprüche: </claim-statement><claim id="clm-0001" num="1"><claim-text>1 . Luftfahrzeug mit </claim-text><claim-text> (a) einem Schubpropeller (18), </claim-text><claim-text> (b) einem Heckleitwerk (20) und </claim-text><claim-text> (c) einer Verbindung (22), mittels der das Heckleitwerk (20) befestigt ist, dadurch gekennzeichnet, dass </claim-text><claim-text> (d) die Verbindung (22) eine Schalldämpfstruktur (24) aufweist. </claim-text></claim><claim id="clm-0002" num="2"><claim-text>2. Luftfahrzeug nach Anspruch 1 , dadurch gekennzeichnet, dass es ein Tragschrauber ist </claim-text></claim><claim id="clm-0003" num="3"><claim-text>3. Luftfahrzeug nach Anspruch 2, dadurch gekennzeichnet, dass </claim-text><claim-text> die Verbindung ein Kielrohr (22) ist. </claim-text></claim><claim id="clm-0004" num="4"><claim-text>4. Luftfahrzeug nach einem der vorstehenden Ansprüche, dadurch gekennzeichnet, dass die Schalldämpfstruktur (24) zumindest auch unterhalb des Schubpropellers (18) angeordnet ist. </claim-text></claim><claim id="clm-0005" num="5"><claim-text>5. Luftfahrzeug nach Anspruch 2 oder 4, dadurch gekennzeichnet, dass </claim-text><claim-text> - die Schalldämpfstruktur (24) zumindest auch in einem Schalldämpfer- Bereich (26) entlang einer Längsachse des Luftfahrzeugs (10) ausgebildet ist, </claim-text><claim-text> - wobei der Schalldämpfer-Bereich (26) durch alle solche Kielrohr-Punkte des Kielrohrs (22) gebildet ist, für die gilt, dass eine Verbindungslinie (a) des jeweiligen Kielrohr-Punkts </claim-text><claim-text> mit einem Schnittpunkt aus der Schubpropeller-Drehachse (D) und einer Propellerebene (E), in der der Schubpropeller (18) rotiert, </claim-text><claim-text> unter einem Winkelintervall (I) von -10° bis 30°, insbesondere 20°, verläuft. 
<!-- EPO <DP n="16"/>-->
</claim-text></claim><claim id="clm-0006" num="6"><claim-text>6. Luftfahrzeug nach einem der vorstehenden Ansprüche, dadurch gekennzeichnet, dass die Schalldämpfstruktur (24) bezüglich einer vertikalen Längsebene des Luftfahrzeugs (10) asymmetrisch ist. </claim-text></claim><claim id="clm-0007" num="7"><claim-text>7. Luftfahrzeug nach einem der vorstehenden Ansprüche, dadurch gekennzeichnet, dass </claim-text><claim-text> der Schubpropeller (18) eine Propellerebene (E) hat, in der der Schubpropeller rotiert, und </claim-text><claim-text> die Schalldämpfstruktur (24) bezüglich einer Anströmung mit Luft Um- fangsrichtung bezüglich des in Strömungsrichtung vordersten Punkts der Schalldämpfstruktur entlang der Propellerebene (E) einen Luftwiderstandsbeiwert (cw) von höchstens 0,25, insbesondere 0,20, hat. </claim-text></claim><claim id="clm-0008" num="8"><claim-text>8. Luftfahrzeug nach einem der vorstehenden Ansprüche, dadurch gekennzeichnet, dass die Schalldämpfstruktur (24) ein schallschluckendes Material (34) enthält. </claim-text></claim><claim id="clm-0009" num="9"><claim-text>9. Luftfahrzeug nach einem der vorstehenden Ansprüche, dadurch gekennzeichnet, dass </claim-text><claim-text> die Schalldämpfstruktur (24) einen der Hohlkörper (30) umfasst, der mehrere Öffnungen (28) aufweist. </claim-text></claim><claim id="clm-0010" num="10"><claim-text>10. Luftfahrzeug nach einem der vorstehenden Ansprüche, dadurch gekennzeichnet, dass die Schalldämpfstruktur (24) als passiver Schalldämpfer ausgebildet ist. </claim-text></claim><claim id="clm-0011" num="11"><claim-text>1 1 . Luftfahrzeug nach einem der Ansprüche 2 bis 10, dadurch gekennzeichnet, dass die Schalldämpfstruktur (24) am Kielrohr (22) ausgebildet ist, wobei das Kielrohr (22) </claim-text><claim-text> (i) eine Vielzahl an Öffnungen aufweist und/oder </claim-text><claim-text> (ii) ein schallschluckendes Material (34) enthält und/oder </claim-text><claim-text> (iii) von einem schallschluckenden Material (34) umgeben ist. 
</claim-text></claim></claims><copyright>User acknowledges that Fairview Research LLC and its third party providers retain all right, title and interest in and to this xml under applicable copyright laws.  User acquires no ownership rights to this xml including but not limited to its format.  User hereby accepts the terms and conditions of the Licence Agreement</copyright></patent-document>
