<?xml version="1.0" encoding="UTF-8"?>
<patent-document ucid="EP-2958479-A1" country="EP" doc-number="2958479" kind="A1" date="20151230" family-id="48048630" file-reference-id="266788" date-produced="20180822" status="corrected" lang="EN"><bibliographic-data><publication-reference fvid="160453705" ucid="EP-2958479-A1"><document-id><country>EP</country><doc-number>2958479</doc-number><kind>A1</kind><date>20151230</date><lang>EN</lang></document-id></publication-reference><application-reference ucid="EP-14705411-A" is-representative="NO"><document-id mxw-id="PAPP193870378" load-source="patent-office" format="original"><country>EP</country><doc-number>14705411.8</doc-number><date>20140217</date><lang>EN</lang></document-id><document-id mxw-id="PAPP193870379" load-source="docdb" format="epo"><country>EP</country><doc-number>14705411</doc-number><kind>A</kind><date>20140217</date><lang>EN</lang></document-id></application-reference><priority-claims><priority-claim mxw-id="PPC162035285" ucid="GB-201302907-A" load-source="docdb"><document-id format="epo"><country>GB</country><doc-number>201302907</doc-number><kind>A</kind><date>20130219</date></document-id></priority-claim><priority-claim mxw-id="PPC162026220" ucid="GB-2014050458-W" linkage-type="W" load-source="docdb"><document-id format="epo"><country>GB</country><doc-number>2014050458</doc-number><kind>W</kind><date>20140217</date></document-id></priority-claim></priority-claims><technical-data><classifications-ipcr><classification-ipcr mxw-id="PCL-1988523851" load-source="docdb">A47L   9/06        20060101AFI20140909BHEP        </classification-ipcr></classifications-ipcr><classifications-cpc><classification-cpc mxw-id="PCL-1811115979" load-source="docdb" scheme="CPC">A47L   9/0613      20130101 LI20170515BHEP        </classification-cpc><classification-cpc mxw-id="PCL-1984698018" load-source="docdb" scheme="CPC">A47L   9/062       20130101 LI20151231BHEP        </classification-cpc><classification-cpc mxw-id="PCL-1984699224" load-source="docdb" scheme="CPC">A47L   9/0606      20130101 FI20160106BHEP        </classification-cpc><classification-cpc mxw-id="PCL-1984702242" load-source="docdb" scheme="CPC">A47L   9/066       20130101 LI20160106BHEP        </classification-cpc></classifications-cpc><invention-title mxw-id="PT165552581" lang="DE" load-source="patent-office">STAUBSAUGERWERKZEUG</invention-title><invention-title mxw-id="PT165552582" lang="EN" load-source="patent-office">VACUUM CLEANER TOOL</invention-title><invention-title mxw-id="PT165552583" lang="FR" load-source="patent-office">ACCESSOIRE D'ASPIRATEUR</invention-title></technical-data><parties><applicants><applicant mxw-id="PPAR1103322155" load-source="docdb" sequence="1" format="epo"><addressbook><last-name>DYSON TECHNOLOGY LTD</last-name><address><country>GB</country></address></addressbook></applicant><applicant mxw-id="PPAR1103330670" load-source="docdb" sequence="1" format="intermediate"><addressbook><last-name>DYSON TECHNOLOGY LIMITED</last-name></addressbook></applicant><applicant mxw-id="PPAR1101643613" load-source="patent-office" sequence="1" format="original"><addressbook><last-name>Dyson Technology Limited</last-name><iid>101379471</iid><address><street>Tetbury Hill</street><city>Malmesbury, Wiltshire SN16 0RP</city><country>GB</country></address></addressbook></applicant></applicants><inventors><inventor mxw-id="PPAR1103314448" load-source="docdb" sequence="1" format="epo"><addressbook><last-name>COLE SAMUEL</last-name><address><country>GB</country></address></addressbook></inventor><inventor mxw-id="PPAR1103318078" load-source="docdb" sequence="1" format="intermediate"><addressbook><last-name>COLE, SAMUEL</last-name></addressbook></inventor><inventor mxw-id="PPAR1101642521" load-source="patent-office" sequence="1" format="original"><addressbook><last-name>COLE, SAMUEL</last-name><address><street>c/o Dyson Technology Limited Tetbury Hill</street><city>Malmesbury Wiltshire SN16 0RP</city><country>GB</country></address></addressbook></inventor><inventor mxw-id="PPAR1103315391" load-source="docdb" sequence="2" format="epo"><addressbook><last-name>MCVEIGH BRIAN</last-name><address><country>GB</country></address></addressbook></inventor><inventor mxw-id="PPAR1103317027" load-source="docdb" sequence="2" format="intermediate"><addressbook><last-name>MCVEIGH, BRIAN</last-name></addressbook></inventor><inventor mxw-id="PPAR1101650593" load-source="patent-office" sequence="2" format="original"><addressbook><last-name>MCVEIGH, BRIAN</last-name><address><street>c/o Dyson Technology Limited Tetbury Hill</street><city>Malmesbury Wiltshire SN16 0RP</city><country>GB</country></address></addressbook></inventor><inventor mxw-id="PPAR1103324390" load-source="docdb" sequence="3" format="epo"><addressbook><last-name>GAMMACK PETER</last-name><address><country>GB</country></address></addressbook></inventor><inventor mxw-id="PPAR1103340213" load-source="docdb" sequence="3" format="intermediate"><addressbook><last-name>GAMMACK, PETER</last-name></addressbook></inventor><inventor mxw-id="PPAR1101651740" load-source="patent-office" sequence="3" format="original"><addressbook><last-name>GAMMACK, PETER</last-name><address><street>c/o Dyson Technology Limited Tetbury Hill</street><city>Malmesbury Wiltshire SN16 0RP</city><country>GB</country></address></addressbook></inventor><inventor mxw-id="PPAR1103315978" load-source="docdb" sequence="4" format="epo"><addressbook><last-name>DYSON JAMES</last-name><address><country>GB</country></address></addressbook></inventor><inventor mxw-id="PPAR1103334591" load-source="docdb" sequence="4" format="intermediate"><addressbook><last-name>DYSON, JAMES</last-name></addressbook></inventor><inventor mxw-id="PPAR1101646992" load-source="patent-office" sequence="4" format="original"><addressbook><last-name>DYSON, JAMES</last-name><address><street>c/o Dyson Technology Limited Tetbury Hill</street><city>Malmesbury Wiltshire SN16 0RP</city><country>GB</country></address></addressbook></inventor></inventors><agents><agent mxw-id="PPAR1101652918" load-source="patent-office" sequence="1" format="original"><addressbook><last-name>Lobban, Colin</last-name><suffix>et al</suffix><iid>101100809</iid><address><street>Dyson Technology Limited Intellectual Property Department Tetbury Hill</street><city>Malmesbury, Wiltshire SN16 0RP</city><country>GB</country></address></addressbook></agent></agents></parties><international-convention-data><pct-or-regional-filing-data ucid="GB-2014050458-W"><document-id><country>GB</country><doc-number>2014050458</doc-number><kind>W</kind><date>20140217</date><lang>EN</lang></document-id></pct-or-regional-filing-data><pct-or-regional-publishing-data ucid="WO-2014128444-A1"><document-id><country>WO</country><doc-number>2014128444</doc-number><kind>A1</kind><date>20140828</date><lang>EN</lang></document-id></pct-or-regional-publishing-data><designated-states><ep-contracting-states><country mxw-id="DS660794591" load-source="docdb">AL</country><country mxw-id="DS660640568" load-source="docdb">AT</country><country mxw-id="DS660794593" load-source="docdb">BE</country><country mxw-id="DS660722438" load-source="docdb">BG</country><country mxw-id="DS660757058" load-source="docdb">CH</country><country mxw-id="DS660645230" load-source="docdb">CY</country><country mxw-id="DS660645239" load-source="docdb">CZ</country><country mxw-id="DS660732834" load-source="docdb">DE</country><country mxw-id="DS660794594" load-source="docdb">DK</country><country mxw-id="DS660794595" load-source="docdb">EE</country><country mxw-id="DS660723656" load-source="docdb">ES</country><country mxw-id="DS660722447" load-source="docdb">FI</country><country mxw-id="DS660722448" load-source="docdb">FR</country><country mxw-id="DS660732839" load-source="docdb">GB</country><country mxw-id="DS660794596" load-source="docdb">GR</country><country mxw-id="DS660732840" load-source="docdb">HR</country><country mxw-id="DS660645240" load-source="docdb">HU</country><country mxw-id="DS660757063" load-source="docdb">IE</country><country mxw-id="DS660794597" load-source="docdb">IS</country><country mxw-id="DS660722449" load-source="docdb">IT</country><country mxw-id="DS660794598" load-source="docdb">LI</country><country mxw-id="DS660732841" load-source="docdb">LT</country><country mxw-id="DS660640569" load-source="docdb">LU</country><country mxw-id="DS660732842" load-source="docdb">LV</country><country mxw-id="DS660733043" load-source="docdb">MC</country><country mxw-id="DS660640570" load-source="docdb">MK</country><country mxw-id="DS660640575" load-source="docdb">MT</country><country mxw-id="DS660640576" load-source="docdb">NL</country><country mxw-id="DS660757064" load-source="docdb">NO</country><country mxw-id="DS660640577" load-source="docdb">PL</country><country mxw-id="DS660723657" load-source="docdb">PT</country><country mxw-id="DS660640578" load-source="docdb">RO</country><country mxw-id="DS660723658" load-source="docdb">RS</country><country mxw-id="DS660640587" load-source="docdb">SE</country><country mxw-id="DS660733045" load-source="docdb">SI</country><country mxw-id="DS660757065" load-source="docdb">SK</country><country mxw-id="DS660757066" load-source="docdb">SM</country><country mxw-id="DS660794599" load-source="docdb">TR</country></ep-contracting-states><ep-extended-states><ep-extended-state-data><country>BA</country></ep-extended-state-data><ep-extended-state-data><country>ME</country></ep-extended-state-data></ep-extended-states></designated-states></international-convention-data><office-specific-data><eptags><ep-no-a-document-published>*</ep-no-a-document-published></eptags></office-specific-data></bibliographic-data><abstract mxw-id="PA139078505" ref-ucid="WO-2014128444-A1" lang="EN" load-source="patent-office"><p num="0000">A tool for a vacuum cleaner that comprises a nozzle and a bristle assembly. A suction opening is provided in the base of the nozzle, which extends from a front to a rear of the nozzle. The bristle assembly is mounted within the nozzle and protrudes through the suction opening. The suction opening is delimited along its length by a leading edge and a trailing edge, and at least part of the leading edge is raised relative to a front end and a rear end of the nozzle. Consequently, when the tool is swept over a cleaning surface and the front end and the rear end of the nozzle contact the cleaning surface, a gap is created between the cleaning surface and the leading edge.</p></abstract><abstract mxw-id="PA139545060" ref-ucid="WO-2014128444-A1" lang="EN" source="national office" load-source="docdb"><p>A tool for a vacuum cleaner that comprises a nozzle and a bristle assembly. A suction opening is provided in the base of the nozzle, which extends from a front to a rear of the nozzle. The bristle assembly is mounted within the nozzle and protrudes through the suction opening. The suction opening is delimited along its length by a leading edge and a trailing edge, and at least part of the leading edge is raised relative to a front end and a rear end of the nozzle. Consequently, when the tool is swept over a cleaning surface and the front end and the rear end of the nozzle contact the cleaning surface, a gap is created between the cleaning surface and the leading edge.</p></abstract><abstract mxw-id="PA139078506" ref-ucid="WO-2014128444-A1" lang="FR" load-source="patent-office"><p num="0000">On décrit un accessoire d'aspirateur, qui comprend un suceur et un ensemble à crins. Une ouverture d'aspiration est ménagée dans la base du suceur, qui s'étend de l'avant à l'arrière du suceur. L'ensemble à crins est monté à l'intérieur du suceur et fait saillie à travers l'ouverture d'aspiration. L'ouverture d'aspiration est délimitée en longueur par un bord d'attaque et un bord de fuite, et au moins une partie du bord d'attaque est surélevée par rapport à une extrémité avant et à une extrémité arrière du suceur. Ainsi, lorsque l'accessoire balaye une surface à nettoyer et que l'extrémité avant et l'extrémité arrière du suceur viennent au contact de la surface à nettoyer, il se crée un espace entre la surface à nettoyer et le bord d'attaque.</p></abstract><abstract mxw-id="PA139545061" ref-ucid="WO-2014128444-A1" lang="FR" source="national office" load-source="docdb"><p>On décrit un accessoire d'aspirateur, qui comprend un suceur et un ensemble à crins. Une ouverture d'aspiration est ménagée dans la base du suceur, qui s'étend de l'avant à l'arrière du suceur. L'ensemble à crins est monté à l'intérieur du suceur et fait saillie à travers l'ouverture d'aspiration. L'ouverture d'aspiration est délimitée en longueur par un bord d'attaque et un bord de fuite, et au moins une partie du bord d'attaque est surélevée par rapport à une extrémité avant et à une extrémité arrière du suceur. Ainsi, lorsque l'accessoire balaye une surface à nettoyer et que l'extrémité avant et l'extrémité arrière du suceur viennent au contact de la surface à nettoyer, il se crée un espace entre la surface à nettoyer et le bord d'attaque.</p></abstract><description mxw-id="PDES78477587" ref-ucid="WO-2014128444-A1" lang="EN" load-source="patent-office"><!-- EPO <DP n="3"/>--><p id="p0001" num="0001"> Vacuum Cleaner Tool </p><p id="p0002" num="0002">The present invention relates to a tool for a vacuum cleaner. Figures 1 and 2 illustrate a known type of vacuum cleaner tool 1. The tool 1 comprises a nozzle 2 having an elongate suction opening 3, and a strip of the bristles 4 that protrude through the suction opening 3. The tool 1 is intended to be swept from side-to- side in directions normal to the suction opening 3. As the tool 1 is swept forwards, the bristles 4 bend backwards and contact the trailing edge of the nozzle 2. The suction opening 3 is therefore located in front of the bristles 4 irrespective of the direction of travel. </p><p id="p0003" num="0003">A problem with the tool 1 is that, as the tool 1 is swept forwards, the leading edge of the nozzle 2 often contacts the cleaning surface. As a result, the nozzle 2 tends to push dirt along the cleaning surface. </p><p id="p0004" num="0004">The present invention provides a tool for a vacuum cleaner, the tool comprising a nozzle and a bristle assembly, wherein a suction opening is provided in a base of the nozzle, the suction opening is elongate and extends from a front to a rear of the nozzle, the bristle assembly is mounted within the nozzle and protrudes through the suction opening, the suction opening is delimited along its length by a leading edge and a trailing edge, and at least part of the leading edge is raised relative to a front end and a rear end of the nozzle such that, when the tool is swept over a cleaning surface, the front end and the rear end of the nozzle contact the cleaning surface and a gap is created between the cleaning surface and the leading edge. </p><p id="p0005" num="0005">The gap ensures that, as the tool is swept forwards over the cleaning surface, less dirt is pushed by the nozzle. Consequently, in contrast to the tool of Figures 1 and 2, the pickup performance of the tool is improved. 
<!-- EPO <DP n="4"/>-->
 During use, the tool may be tilted forwards such that the leading edge is brought closer to the cleaning surface. The leading edge may therefore be raised relative the front and rear ends of the nozzle by an amount that ensures that a gap is maintained between and the cleaning surface and the leading edge over a range of angles through which the tool is likely to be used. </p><p id="p0006" num="0006">At least part of the trailing edge may be raised relative to the front end and the rear end of the nozzle. Consequently, the tool may be swept forwards and backwards over the cleaning surface and a gap is created between the cleaning surface and the nozzle irrespective of the direction of travel. </p><p id="p0007" num="0007">The front end and the rear end of the nozzle may be curved or rounded. By having curved ends at the front and rear of the nozzle, the angle that the tool makes with the cleaning surface is able to change more smoothly as the tool is swept across the cleaning surface. </p><p id="p0008" num="0008">A protective pad(s) may be secured to the front and the rear end of the nozzle. The protective pad is softer and/or has a lower coefficient of friction than that of the nozzle. This then has the advantage that the tool is less likely to mark the cleaning surface and/or the tool may be swept more smoothly over the cleaning surface. </p><p id="p0009" num="0009">The bristle assembly may be attached along a top of the nozzle. Consequently, fluff and other dirt are prevented from becoming trapped between the bristle assembly and the top of the nozzle. In contrast, with the tool of Figures 1 and 2, fluff and other dirt may become trapped between the bristles and the top of the nozzle. Additionally, the top of the nozzle is able to provide a support for the bristle assembly. As a result, the bristle assembly is prevented from bending upwards during use, e.g. due to the suction generated within the nozzle or when swept over an uneven surface. The bristle assembly may comprise a carrier to which a strip of bristles is attached, and the carrier may be arranged to pivot or flex relative to the nozzle. By attaching the 
<!-- EPO <DP n="5"/>-->
 bristles to a carrier that pivots or flexes, the bristles are required to bend through a smaller angle. The bristles are therefore subjected to smaller stresses, thus improving the longevity of the bristles. Additionally, the bristles are better able to retain their shape. The carrier may also be used to provide support for the bristles. Consequently, finer bristles may be used, which might otherwise be drawn into the nozzle by the suction generated at the suction opening. </p><p id="p0010" num="0010">The carrier may be arranged to pivot or flex relative to the nozzle such that the carrier contacts the trailing edge when the tool is swept over the cleaning surface in a first direction and the carrier contacts the leading edge when the tool is swept over the cleaning surface in a second opposite direction. By contacting an edge of the nozzle, the carrier provides a better seal against the edge than would otherwise be possible with the bristles. Consequently, in contrast to the tool of Figures 1 and 2, the pickup performance of the tool is improved. </p><p id="p0011" num="0011">The bristle assembly may comprise a strip of bristles formed of carbon fibre. A strip of bristles has the advantage that no streaks of dirt are left behind as the tool is swept over the cleaning surface. Carbon fibre has at least two advantages. First, carbon fibre allows for relatively soft and fine bristles to be used, which help reduce marking of the cleaning surface. Second, carbon fibre has good anti-static properties, which means that the bristles can be swept over the cleaning surface without charging the surface. In contrast, nylon bristles tend to charge the cleaning surface and the resulting static then acts to attract dirt to the cleaning surface. In order that the present invention may be more readily understood, embodiments of the invention will now be described, by way of example, with reference to the accompanying drawings, in which: </p><p id="p0012" num="0012">Figure 1 is a side view of a known type of vacuum cleaner tool; 
<!-- EPO <DP n="6"/>-->
 Figure 2 is a sectional view through the tool of Figure 1, the section being taken in the plane A— A; </p><p id="p0013" num="0013">Figure 3 is a perspective view of a first vacuum cleaner tool in accordance with the present invention; </p><p id="p0014" num="0014">Figure 4 is a side view of the tool of Figure 3; </p><p id="p0015" num="0015">Figure 5 is an underside view of the tool of Figure 3; </p><p id="p0016" num="0016">Figure 6 is a sectional view through the tool of Figure 3, the section being taken in the plane C— C indicated in Figure 5; </p><p id="p0017" num="0017">Figure 7 is a sectional view through the tool of Figure 3, the section being taken in the plane B— B indicated in Figure 4; </p><p id="p0018" num="0018">Figure 8 is a sectional view through the tool of Figure 3 as the tool is swept across a surface, the section being taken in the plane B— B; Figure 9 is a perspective view of a second vacuum cleaner tool in accordance with the present invention; </p><p id="p0019" num="0019">Figure 10 is a side view of the tool of Figure 9; Figure 11 is an underside view of the tool of Figure 9; </p><p id="p0020" num="0020">Figure 12 is a sectional view through the tool of Figure 9, the section being taken in the plane E— E indicated in Figure 11; Figure 13 is a sectional view through the tool of Figure 9, the section being taken in the plane D— D indicated in Figure 10; and 
<!-- EPO <DP n="7"/>-->
 Figure 14 is a sectional view through the tool of Figure 9 as the tool is swept across a surface, the section being taken in the plane D— D. The vacuum cleaner tool 10 of Figures 3 to 8 comprises a nozzle 11, a connecting duct 12, and a bristle assembly 13. </p><p id="p0021" num="0021">The nozzle 11 is a relatively narrow structure, with the width of the nozzle 11 being much smaller than the length of the nozzle 11. The height of the nozzle 1 1 tapers (i.e. decreases gradually) from the rear 16 to the front 15 of the nozzle 11, the advantages of which are explained below. The nozzle 11 comprises a suction opening 20 that opens up into an internal cavity 21 within the nozzle 1 1. The suction opening 20 is located in the base of the nozzle 11 and extends centrally from the front 15 to the rear 16 of the nozzle 1 1. The suction opening 20 is delimited along its length by two edges 22,23 of the nozzle 11. Each edge 22,23 is raised relative to the lower ends 17,18 of the front 15 and the rear 16 of the nozzle 11. Consequently, when the base of the nozzle 11 is brought into contact with a cleaning surface 40, a gap 25 is created between each of the edges 22,23 and the cleaning surface 40. Again, the advantages of this are explained below. </p><p id="p0022" num="0022">The connecting duct 12 is attached to the rear 16 of the nozzle 11 and is in fluid communication with the cavity 21 and thus the suction opening 20 of the nozzle 11. The connecting duct 12 is intended to be attached to a hose, wand or the like of a vacuum cleaner (not shown). During use, the vacuum cleaner generates suction at the connecting duct 12, causing air to be drawn in through the suction opening 20. </p><p id="p0023" num="0023">The bristle assembly 13 is generally planar in shape and comprises a carrier 30 to which a strip of bristles 31 and a spine 32 are attached. The carrier 30 is formed of a flexible material such as rubber. The bottom of the carrier 30 rises relative to the top in a direction from the rear to the front of the 
<!-- EPO <DP n="8"/>-->
 carrier 30. As a result, the height of the carrier 30 tapers (i.e. decreases gradually) from the rear 37 to the front 36 of the carrier 30. </p><p id="p0024" num="0024">The bristles 31 are formed of carbon fibre and extend beyond the bottom of the carrier 30. The bristles 31 are attached to the carrier 30 by moulding the carrier 30 over the upper ends of the bristles 31. However, the bristles 31 could conceivably be attached to the carrier 30 by other means. The lengths of the bristles 31 taper (i.e. decrease gradually) from the front to the rear of the carrier 30. Consequently, the lengths of the bristles 31 at the rear of the carrier 30 are shorter than those at the front. </p><p id="p0025" num="0025">The spine 32 is formed of a rigid material, such as hard plastic, and is attached along the top of the carrier 30. The spine 32 provides structural support for the carrier 30, as well as providing means for attaching the bristle assembly 13 to the nozzle 11. The bristle assembly 13 is mounted within the cavity 21 of the nozzle 11 such that the carrier 30 and the bristles 31 protrude through the suction opening 20. More specifically, the front 15 and the rear 16 of the nozzle 11 each include a recess into which the ends of the spine 32 are secured. The bristle assembly 13 is mounted within the cavity 21 such that the taller part of the carrier 30 and the shorter bristles 31 are located at the rear of the suction opening 20. </p><p id="p0026" num="0026">The tool 10 is intended to be swept across a cleaning surface 40 in directions normal to the suction opening 20. As the tool 10 is swept forwards, the bristle assembly 13 flexes backwards. The suction opening 20 is then located wholly in front of the bristles 31. The bristles 31 create a partial seal with the cleaning surface 40, which then improves the suction that is generated in front of the bristles 31. As the tool 10 is swept over the cleaning surface 40, the suction generated in front of the bristles 31 causes dirt to be drawn into the cavity 21 of the nozzle 11 via the suction opening 20. Thereafter, the dirt is carried to the vacuum cleaner via the connecting duct 12. The bristles 31 act to pick up much of the dirt that is not drawn into the nozzle 11. The bristles 31 then hold on to the dirt until such time as the dirt is drawn into the nozzle 11, e.g. when the 
<!-- EPO <DP n="9"/>-->
 tool 10 is lifted from the cleaning surface 40 or when the direction of travel of the tool 10 is reversed. </p><p id="p0027" num="0027">As the tool 10 is swept over the cleaning surface 40, the front 15 and the rear 16 of the nozzle 11 make contact with the cleaning surface 40. Of the two edges 22,23 that delimit the length of the suction opening 20, one defines a leading edge 22 of the nozzle 11 and the other defines a trailing edge 23. Since the two edges 22,23 are raised relative to the front 15 and rear 16 of the nozzle 11, a gap 25 is created between the leading edge 22 of the nozzle 11 and the cleaning surface 40. This gap 25 ensures that, as the tool 10 is swept over the cleaning surface 40, dirt is able to pass under the leading edge 22. As a result, the tool 10 does not push the dirt over the cleaning surface 40. During use, a user will typically tilt the tool 10 in the direction of travel such that an acute angle is formed between the nozzle 11 and the cleaning surface 40, as shown in Figure 8. As a consequence of tilting the nozzle 11, the leading edge 22 is brought closer to the cleaning surface 40. Nevertheless, the gap 25 between the leading edge 22 and the cleaning surface 40 is maintained. As the tool 10 is tilted further forwards, the gap 25 between the leading edge 22 and the cleaning surface 40 decreases. Eventually, with sufficient tilting, the leading edge 22 may contact the cleaning surface 40. At this stage, the nozzle 11 would then start to push dirt along the cleaning surface 40. This problem may be mitigated by further raising the edges 22,23 of the nozzle 11 such that a larger nominal gap 25 is created between the leading edge 22 and the cleaning surface 40. However, a larger gap 25 has the disadvantage that more air is likely to be pulled in from the region above the cleaning surface 40 rather than at the cleaning surface 40 and thus pickup performance is adversely affected. The edges 22,23 are therefore raised by an amount which seeks to balance the need to maintain a relatively small gap 25 with the need to maintain a gap 25 over the range of angles through which the tool 10 is likely to be used. </p><p id="p0028" num="0028">The spine 32 provides structural support along the top 35 of the carrier 30. This then helps prevent the carrier 30 from flexing upwards during use of the tool 10, e.g. as a 
<!-- EPO <DP n="10"/>-->
 result of the suction generated within the nozzle 1 1 or when the tool 10 is swept over an uneven surface. </p><p id="p0029" num="0029">Employing a strip of bristles 31 has the advantage that streaks of dirt are not left behind as the tool 10 is swept over the cleaning surface 40. The choice of carbon fibre has at least two advantages. First, carbon fibre enables relatively soft and fine bristles 31 to be used, which then helps to reduce marking of the cleaning surface 40. Second, carbon fibre has good anti-static properties. Consequently, as the bristles 31 are swept over the cleaning surface 40, the bristles 31 do not charge the cleaning surface 40. In contrast, nylon bristles tend to charge the cleaning surface, and the resulting static then acts to attract dirt to the cleaning surface. </p><p id="p0030" num="0030">Although advantageous, employing soft, fine bristles is not without its difficulties. In particular, if such bristles were employed with the tool 1 of Figures 1 and 2, the suction generated at the suction opening 3 would most likely to draw the bristles 4 into the nozzle 2. The tool 10 of Figures 3 to 8 has several features that help to prevent this from happening. </p><p id="p0031" num="0031">First, the lengths of the bristles 31 taper from the front to the rear of the suction opening 20. Consequently, the bristles 31 at the rear of the suction opening 20 are shorter than those at the front. Longer bristles have the advantage that they are more flexible and thus less likely to mark the cleaning surface 40. Additionally, longer bristles are better able to penetrate awkward surfaces and thus improve pickup performance. It would therefore be advantageous to employ longer bristles along the full length of the suction opening 20. However, if longer bristles are employed along the full length of the suction opening 20 then the bristles 31 at the rear of the suction opening 20 may be drawn up into the nozzle 10. This is because the suction generated at the suction opening 20 is generally greatest at the rear of the suction opening 20 due to the location of the connecting duct 12. By employing shorter bristles 31 at the rear of the suction opening 20, the bristles 31 are stiffer and thus less likely to be drawn up into the nozzle 11. Conversely, by employing longer bristles 31 at the front of the suction 
<!-- EPO <DP n="11"/>-->
 opening 20, the bristles 31 are better able to penetrate awkward surfaces and thus improve pickup. The suction at the suction opening 20 typically decreases along the length of the suction opening 20. Accordingly, by having bristles 31 that taper in length along the length of the suction opening 20, relatively good pickup may be achieved whilst ensuring that the bristles 31 are of sufficient length to prevent them being drawn into the nozzle 11. </p><p id="p0032" num="0032">Second, the bristles 31 are attached to a carrier 30 which provides support for the bristles 31. Additionally, the carrier 30 protrudes beyond the suction opening 20. The suction experienced by the bristle assembly 13 decreases markedly just beyond the suction opening 20 owing to the sudden expansion in available volume. Since the carrier 30 protrudes beyond the suction opening 20, the suction experienced by the bristles 31 is much reduced and thus relatively soft and fine bristles may be used. In contrast, with the tool 1 of Figures 1 and 2, the bristles 4 are unsupported and extend through the suction opening 3 and into the cavity of the nozzle 2. As a result, the bristles 4 are subjected to higher levels of suction and thus stiffer bristles 4 must be used in order to ensure that the bristles 4 are not drawn into the nozzle 11. The carrier 30 is not of uniform height but is instead taller at the rear of the suction opening 20. As noted in the preceding paragraph, the suction generated at the suction opening 20 is generally greatest at the rear of the suction opening 20. By employing a carrier 30 that is taller at the rear of the suction opening 20, the carrier 30 provides additional rigidity and support to the bristles 31 where it is needed most. </p><p id="p0033" num="0033">Third, the height of the nozzle 11 tapers from the rear 16 to the front 15 of the nozzle 1 1. If the nozzle 11 were of uniform height, the suction generated at the suction opening 20 would be much greater at the rear than at the front of the suction opening 20. This follows since the connecting duct 12 is located at the rear of the nozzle 11. The increased suction at the rear of the suction opening 20 might then cause the bristles 31 to be drawn into the nozzle 11. Additionally, the suction and thus the pickup performance at the front of the suction opening 20 would be poorer. By tapering the height of the nozzle 11, the volume of the cavity 21 within the nozzle 1 1 also tapers 
<!-- EPO <DP n="12"/>-->
 from the rear 16 to the front 15 of the nozzle 11. A larger open volume is therefore created within the nozzle 11 at the rear of the suction opening 20, and a smaller open volume is created at the front of the suction opening 20. The suction is therefore better balanced along the length of the suction opening 20. As result, softer, finer bristles may be used at the rear of the suction opening 20, and the pickup performance at the front of the suction opening 20 may be improved. </p><p id="p0034" num="0034">The carrier 30, being formed of a flexible material, flexes relative to the nozzle 11 as the tool 10 is swept over the cleaning surface 40. As a result, the bristles 31 are required to bend through a smaller angle. The bristles 31 are therefore subjected to smaller stresses, thus improving the longevity of the bristles 31. Additionally, the bristles 31 are better able to retain their shape. In contrast, the bristles 4 of the tool 1 of Figures 1 and 2 are subjected to higher bending stresses. Rather than employing a flexible carrier 30, the bristle assembly 13 could conceivably comprise a carrier formed of a rigid material. The bristle assembly 13 might then be pivotally attached to the nozzle 11 and, if required, a spring mechanism might be used to ensure that the carrier returns to a central position when the tool 10 is lifted from the cleaning surface 40. </p><p id="p0035" num="0035">The carrier 30 protrudes beyond the suction opening 20 by an amount that ensures that, when the bristle assembly 13 is swept backwards (e.g. during a forward sweep of the tool 10), the carrier 30 contacts the trailing edge 23. More specifically, the carrier 30 contacts the trailing edge 23 along the full length of the carrier 30. By contacting the trailing edge 23, the carrier 30 provides a better seal against the trailing edge 23 of the nozzle 1 1 than would otherwise be possible with the bristles 31. Consequently, less air is pulled in through the trailing side of the tool 10 and thus more suction is generated in front of the bristles 31, thereby improving pickup. </p><p id="p0036" num="0036">Figures 9 to 14 illustrate an alternative vacuum cleaner tool 50 that is similar in many respects to that described above and illustrated in Figures 3 to 8. In particular, the tool 50 comprises a nozzle 51, a connecting duct 52, and a bristle assembly 53. 
<!-- EPO <DP n="13"/>-->
 The nozzle 51 is somewhat different in shape to that of Figures 3 to 8. The nozzle 11 of Figures 3 to 8 has a cross-sectional shape that is generally rectangular. In contrast, the cross-sectional shape of the nozzle 51 of Figures 9 to 14 is generally triangular. Accordingly, the shape of the nozzle 51 may be regarded as an elongate prism. The width of the nozzle 11 of Figures 3 to 8 is constant along the length of the nozzle 11, whilst the height of the nozzle 11 tapers from the rear 16 to the front 15 of the nozzle 11. In contrast, the height of the nozzle 51 of Figures 9 to 14 is constant, and the width of the nozzle 51 tapers (i.e. decreases gradually) from the rear 56 to the front 55 of the nozzle 51. </p><p id="p0037" num="0037">The nozzle 51, like that of Figures 3 to 8, comprises a suction opening 60 that opens up into an internal cavity 61 within the nozzle 51. The suction opening 60 is again located in the base of the nozzle 61 and extends centrally from the front 55 to the rear 56 of the nozzle 51. In contrast to the nozzle 11 of Figures 3 to 8, the suction opening 60 is not of uniform width. Instead, the width of the suction opening 60 tapers (i.e. decreases gradually) from the rear to the front of the suction opening 60, the benefits of which are explained below. The suction opening 60 is again delimited along its length by two edges 62,63 of the nozzle 51 that are raised relative to the front 55 and the rear 56 of the nozzle 51. Consequently, when the base of the nozzle 51 is brought into contact with the cleaning surface 40, a gap 65 is created between the leading edge 62 and the cleaning surface 40. The lower ends 57,58 of the front 55 and rear 56 of the nozzle 51 are curved. Furthermore, the lower ends 57,58 are each covered with a protective pad 68 formed of a tufted fabric, the benefits of which are explained below. The connecting duct 52 is essentially unchanged from that of Figures 3 to 8. In particular, the connecting duct 52 is attached to the rear 56 of the nozzle 51 and is intended to be attached to a hose, wand or the like of a vacuum cleaner (again, not shown). The bristle assembly 53 is again generally planar in shape and comprises a carrier 70 to which a strip of bristles 71 is attached. 
<!-- EPO <DP n="14"/>-->
 The carrier 70 is formed of a flexible material, such as rubber, and the bottom of the carrier 70 rises relative to the top in a direction from the rear to the front of the carrier 70. As a result, the height of the carrier 70 again tapers from the rear to the front of the carrier 70. In contrast to the carrier 30 of Figures 3 to 8, the carrier 70 comprises a pair of through-holes 78,79 located towards the rear of the carrier 70. The through-holes 78,79 have different sizes, with the through-hole 78 closest to the rear of the carrier 70 being larger. The bristles 71 are again formed of carbon fibre and extend beyond the bottom of the carrier 70. However, unlike the bristles 31 of Figures 3 to 8, the lengths of the bristles 71 do not taper. Instead, the lengths of the bristles 71 are constant from the rear to the front of the carrier 70. The bristle assembly 53 is mounted within the cavity 61 of the nozzle 51 such that the carrier 70 and the bristles 71 protrude through the suction opening 60. In contrast, to the bristle assembly 13 of Figures 3 to 8 which is attached to the front 15 and rear 16 of the nozzle 11, the bristle assembly 71 of Figures 9 to 14 is attached to the top 59 of the nozzle 51. In particular, the top of the carrier 70 is secured (e.g. by means of an adhesive) within a groove 69 formed along the top 59 of the nozzle 51. The bristle assembly 13 of Figures 3 to 8 includes a spine 32 that provides structural support along the top 35 of the carrier 30. Since the bristle assembly 53 of Figures 9 to 14 is attached along the top 59 of the nozzle 51, the spine may be omitted and the top 59 of the nozzle 51 may provide the necessary support. That being said, there may be advantages in employing a spine. For example, the bristle assembly 53 may comprise a spine that snaps into a groove in the top 59 of the nozzle 51. This then has the potential advantage of simplifying the assembly of the tool 50. In particular, the use of an adhesive to secure the bristle assembly 53 to the nozzle 51 may be avoided. With the tool 10 of Figures 3 to 8, the bristle assembly 13 protrudes beyond the suction opening 20 by an amount that is constant along the length of the suction opening 20. In 
<!-- EPO <DP n="15"/>-->
 contrast, with the tool 50 of Figures 9 to 14, the amount by which the bristle assembly 53 protrudes beyond the suction opening 60 tapers (i.e. decreases gradually) from the rear to the front of the suction opening 60. Consequently, the amount by which the bristle assembly 53 protrudes beyond the suction opening 60 is greater at the rear of the suction opening 60 than at the front of the suction opening 60. </p><p id="p0038" num="0038">The tool 50 of Figures 9 to 14 is intended to be used in exactly the same way as that described above in connection with the tool 10 of Figures 3 to 8. In particular, the tool 50 is intended to be swept across the cleaning surface 40 in directions normal to the suction opening 60. As the tool 50 is swept forwards, the bristle assembly 53 flexes backwards such that the suction opening 60 is located wholly in front of the bristles 71. The bristle assembly 53 contacts the cleaning surface 40 and the trailing edge 63 of the nozzle 51 so as to create a seal behind the suction opening 60. As the tool 50 is swept over the cleaning surface 40, the front 55 and the rear 56 of the nozzle 51 make contact with the cleaning surface 40. Since the leading and trailing edges 62,63 of the nozzle 51 are raised relative to the front 55 and rear 56, a gap 65 is again created between the leading edge 62 and the cleaning surface 40, thus ensuring that dirt is free to pass under the leading edge 62. </p><p id="p0039" num="0039">The angle formed between the tool 50 and the cleaning surface 40 typically changes as the tool 50 is swept across the cleaning surface 40. For example, the user may start with the tool 50 at an acute angle relative to the cleaning surface 40. As the tool 50 is swept across the cleaning surface 40, the tool 50 gradually straightens, perhaps finishing at an obtuse angle. The lower ends 57,58 of the nozzle 51 that contact the cleaning surface 40 are curved. This then has the advantage that, as the angle of the tool 50 changes, the lower ends 57,58 of the nozzle 51 rock over the cleaning surface 40 so as to provide a smooth transition. Moreover, the lower ends 57,58 of the nozzle 51 are each covered with a protective pad 68. This has two benefits. First, the pads 68 have a lower coefficient of friction than that of the nozzle 51 and thus the tool 60 may be swept over the cleaning surface 40 more smoothly and with less effort. Second, the pads 68 
<!-- EPO <DP n="16"/>-->
 are softer than the nozzle 51 and thus the tool 60 is less likely to mark the cleaning surface 40. In the present embodiment, the pads 68 are each formed of a tufted fabric. However, the pads 68 might equally be formed of a different material that is softer and has a lower coefficient of friction than that of the nozzle 51. By way of example only, the pads 68 may be formed of a felted fabric, an elastomeric foam perhaps having a low-friction coating such as PTFE, or a strip of very short and fine bristles. </p><p id="p0040" num="0040">As with the tool 10 of Figures 3 to 8, the tool 50 of Figures 9 to 14 has several features that help prevent the bristles 71 from being drawn into the nozzle 51. </p><p id="p0041" num="0041">First, the bristles 71 are again attached to a carrier 70, which provides support for the bristles 71. As with the tool 10 of Figures 3 to 8, the connecting duct 52 is attached to the rear 56 of the nozzle 51 and thus the suction is generally greatest at the rear of the suction opening 60. The carrier 70 is again taller at the rear of the suction opening 60. As a result, the carrier 70 provides additional rigidity and support to the bristles 71 where it is needed most. The carrier 70 also protrudes beyond the suction opening 60, and thus the suction experienced by the bristles 71 is much reduced. </p><p id="p0042" num="0042">Second, the width of the suction opening 60 tapers from the rear to the front of the suction opening 60. If the width of the suction opening 60 were uniform, the suction at the rear of the suction opening 60 would be significantly higher than that at the front of the suction opening 60. The higher level of suction at the rear may cause the bristles 71 to be drawn into the nozzle 51. By employing a suction opening 60 that is wider at the rear and narrower at the front, the suction along the length of the suction opening 60 is better balanced. In particular, the suction at the rear of the suction opening 60 is reduced so as to prevent the bristles 71 being drawn into the nozzle 51, whilst the suction at the front of the suction opening 60 is increased so as to improve pickup. </p><p id="p0043" num="0043">Third, the width of the nozzle 51 tapers from the rear 56 to the front 55 of the nozzle 51. This has the same benefit as tapering the height of the nozzle 11 of Figures 3 to 8, namely that the volume of the cavity 61 within the nozzle 51 decreases from the rear 56 
<!-- EPO <DP n="17"/>-->
 to the front 55 of the nozzle 51. A larger open volume is therefore created within the nozzle 51 at the rear of the suction opening 60, and a smaller open volume is created at the front of the suction opening 60. The suction is therefore better balanced along the length of the suction opening 60. As result, softer, finer bristles 71 may be used at the rear of the suction opening 60, whilst the pickup performance at the front of the suction opening 60 may be improved. Tapering the width rather than the height of the nozzle 51 has the additional benefit that a relatively low profile may be achieved for the tool 50. In particular, the height of the tool may be kept relatively low and the required change in the volume of the cavity 61 may be achieved through changes in the width of the nozzle 51. As a result, the tool 51 may be used to clean under spaces of relatively low height. </p><p id="p0044" num="0044">As with the tool 10 of Figures 3 to 8, the carrier 70 protrudes beyond the suction opening 60 by an amount that ensures that, when the bristle assembly 53 is swept backwards (e.g. during a forward sweep of the tool 50), the carrier 70 contacts the trailing edge 63 of the nozzle 51. As noted above, this then ensures that a better seal is formed between the bristle assembly 53 and the trailing edge 63 of the nozzle 51. The width of the suction opening 60 tapers from the rear 56 to the front 55 of the nozzle 51. Accordingly, in order that the carrier 70 contacts the trailing edge 63 along the full length of the carrier 70, the amount by which the carrier 70 protrudes beyond the suction opening 60 also tapers from the rear to the front. The bristles 71, however, do not taper but are instead of constant length. This then has the advantage that longer bristles may be employed at the rear of the suction opening 60. Additionally, bristles of constant length ensure that, when the bristle assembly 53 is swept backwards and the carrier 70 contacts the trailing edge 63, the bristles 71 extend beyond the trailing edge 63 by an amount that is constant along the length of the trailing edge 63. This then has the benefit of providing more even pickup along the length of the nozzle 51. Since the height of the carrier 70 tapers but the lengths of the bristles 71 are constant, the bristle assembly 53 protrudes beyond the suction opening 60 by an amount that tapers from the rear to the front of the suction opening 60. This is in contrast to the tool 10 of 
<!-- EPO <DP n="18"/>-->
 Figures 3 to 8, in which the bristle assembly 13 protrudes by the same amount along the length of the suction opening 20. </p><p id="p0045" num="0045">With the tool 10 of Figures 3 to 8, a gap is created directly above the bristle assembly 13, i.e. between the spine 32 and the top 19 of the nozzle 11. This is perhaps best seen in Figures 6 to 8. Conceivably, fluff and other dirt drawn into the nozzle 1 1 may become trapped within this gap. With the tool 50 of Figures 9 to 14, on the other hand, the bristle assembly 53 is attached to the top 59 of the nozzle 51. Consequently, fluff and other dirt are prevented from becoming trapped between the bristle assembly 53 and the top 59 of the nozzle 51. </p><p id="p0046" num="0046">As the tool 51 is swept forwards over the cleaning surface 40, the bristle assembly 53 is swept backwards and contacts the trailing edge 63 of the nozzle 51. A seal is then created between the bristle assembly 53 and the trailing edge 63. The suction generated within the cavity 61 creates a partial vacuum on the trailing side of the bristle assembly 53. Since the suction opening 60 is typically open to ambient, the pressure on the leading side of the bristle assembly 53 is generally higher. Without the through- holes 78,79 in the carrier 70, the difference in pressure on the two sides of the bristle assembly 53 may be sufficiently large that the bristle assembly 53 is forced stuck against the trailing edge 63. Consequently, when the tool 50 is lifted from the cleaning surface 40 in order to reverse the direction of travel, the bristle assembly 53 fails to return to the centre of the suction opening 60. The through-holes 78,79 in the carrier 70 prevent this from happening. The through-holes 78,79 provide a passageway between the leading side and the trailing side of the bristle assembly 53. The through- holes 78,79 thus act to better equalise the pressure on the two sides of the bristle assembly 53. The through-holes do not necessarily result in perfect equalisation. However, the through-holes 78,79 ensure that the pressure difference is not excessive. Consequently, when the tool 50 is lifted from the cleaning surface 40, the resilience of the carrier 70 is sufficient to overcome the pressure difference and return the bristles assembly 53 to the centre of the suction opening 60. 
<!-- EPO <DP n="19"/>-->
 Any through-holes in the carrier 70 may present a trap for fluff or other dirt. If the through-holes were too small, the through-holes may become blocked altogether. Larger through-holes will naturally reduce the likelihood of the through-holes blocking. However, as the number and sizes of the through-holes increase, the holes will have an increasing influence over the behaviour of the carrier 70. In particular, an excessive number of holes or holes that are excessively large may cause the carrier 70 to flex in an undesired manner. The location, number and sizes of the through-holes 78,79 are therefore selected such that the bristle assembly 53 is prevented from sticking against the trailing edge 63 of the nozzle 51 whilst ensuring that the behaviour of the carrier 70 is not adversely affected. </p><p id="p0047" num="0047">The through-holes 78,79 are formed in a region of the carrier 70 that is proximate the rear 56 of the nozzle 51. Since the connecting duct 52 is located at the rear 56 of the nozzle 51, the suction within the nozzle 51 is generally greatest at the rear 56 of the nozzle 51. Any pressure difference between the leading side and the trailing side of the bristle assembly 53 is therefore likely to be greatest at the rear 56 of the nozzle 51. By locating the through-holes 78,79 in a region of the carrier 70 proximate the rear 56 of the nozzle 51, the number of through-holes may be kept to a minimum whilst ensuring that adequate equalisation of pressure is achieved. </p><p id="p0048" num="0048">The through-holes 78,79 in the carrier 70 are of different sizes. In particular, the through-hole 78 closest to the rear 56 of the nozzle 51 is larger. Both through- holes 78,79 are of a size that is intended to make blockage of the holes 78,79 unlikely. By having through-holes 78,79 of different sizes, a larger hole 78 can be used towards the rear of the carrier 70 where the pressure difference between the leading and trailing sides of the bristle assembly 53 is likely to be greatest. Since the pressure difference further along the carrier 70 is likely to be smaller, a smaller hole 79 may be used. As a result, the effect that the through-holes 78,79 have on the behaviour of the carrier 70 can be kept to a minimum whilst ensuring that adequate equalisation of pressure is achieved. 
</p></description><claims mxw-id="PCLM70077864" ref-ucid="WO-2014128444-A1" lang="EN" load-source="patent-office"><claim-statement><!-- EPO <DP n="20"/>--> CLAIMS </claim-statement><claim id="clm-0001" num="1"><claim-text>1. A tool for a vacuum cleaner, the tool comprising a nozzle and a bristle assembly, wherein a suction opening is provided in a base of the nozzle, the suction opening is elongate and extends from a front to a rear of the nozzle, the bristle assembly is mounted within the nozzle and protrudes through the suction opening, the suction opening is delimited along its length by a leading edge and a trailing edge, and at least part of the leading edge is raised relative to a front end and a rear end of the nozzle such that, when the tool is swept over a cleaning surface, the front end and the rear end of the nozzle contact the cleaning surface and a gap is created between the cleaning surface and the leading edge. </claim-text></claim><claim id="clm-0002" num="2"><claim-text>2. A tool as claimed in claim 1, wherein at least part of the trailing edge is raised relative to the front end and the rear end of the nozzle. </claim-text></claim><claim id="clm-0003" num="3"><claim-text>3. A tool as claimed in claim 1 or 2, wherein the front end and the rear end of the nozzle are curved. </claim-text></claim><claim id="clm-0004" num="4"><claim-text>4. A tool as claimed in any one of the preceding claims, wherein a protective pad is secured to the front end and the rear end of the nozzle. </claim-text></claim><claim id="clm-0005" num="5"><claim-text>5. A tool as claimed in any one of the preceding claims, wherein the bristle assembly is attached along a top of the nozzle. </claim-text></claim><claim id="clm-0006" num="6"><claim-text>6. A tool as claimed in any one of the preceding claims, wherein the bristle assembly comprises a carrier to which a strip of bristles is attached, and the carrier is arranged to pivot or flex relative to the nozzle. </claim-text></claim><claim id="clm-0007" num="7"><claim-text>7. A tool as claimed in claim 6, wherein the carrier is arranged to pivot or flex relative to the nozzle such that the carrier contacts the trailing edge when the tool is 
<!-- EPO <DP n="21"/>-->
 swept over the cleaning surface in a first direction and the carrier contacts the leading edge when the tool is swept over the cleaning surface in a second opposite direction. </claim-text></claim><claim id="clm-0008" num="8"><claim-text>8. A tool as claimed in any one of the preceding claims, wherein the bristle assembly comprises a strip of bristles formed of carbon fibre. 
</claim-text></claim></claims><copyright>User acknowledges that Fairview Research LLC and its third party providers retain all right, title and interest in and to this xml under applicable copyright laws.  User acquires no ownership rights to this xml including but not limited to its format.  User hereby accepts the terms and conditions of the Licence Agreement</copyright></patent-document>
