<?xml version="1.0" encoding="UTF-8"?>
<patent-document ucid="EP-2677972-A1" country="EP" doc-number="2677972" kind="A1" date="20140101" family-id="46653404" file-reference-id="285710" date-produced="20180826" status="corrected" lang="EN"><bibliographic-data><publication-reference fvid="146551499" ucid="EP-2677972-A1"><document-id><country>EP</country><doc-number>2677972</doc-number><kind>A1</kind><date>20140101</date><lang>EN</lang></document-id></publication-reference><application-reference ucid="EP-12749956-A" is-representative="NO"><document-id mxw-id="PAPP154825422" load-source="docdb" format="epo"><country>EP</country><doc-number>12749956</doc-number><kind>A</kind><date>20120223</date><lang>EN</lang></document-id><document-id mxw-id="PAPP176648271" load-source="docdb" format="original"><country>EP</country><doc-number>12749956.4</doc-number><date>20120223</date></document-id></application-reference><priority-claims><priority-claim mxw-id="PPC140450570" ucid="US-201113033404-A" load-source="docdb"><document-id format="epo"><country>US</country><doc-number>201113033404</doc-number><kind>A</kind><date>20110223</date></document-id></priority-claim><priority-claim mxw-id="PPC140449059" ucid="US-2012026224-W" linkage-type="W" load-source="docdb"><document-id format="epo"><country>US</country><doc-number>2012026224</doc-number><kind>W</kind><date>20120223</date></document-id></priority-claim></priority-claims><technical-data><classifications-ipcr><classification-ipcr mxw-id="PCL2104289555" load-source="docdb">A61F   2/44        20060101AFI20140729BHEP        </classification-ipcr></classifications-ipcr><classifications-cpc><classification-cpc mxw-id="PCL-1841949928" load-source="docdb" scheme="CPC">A61F2310/00059     20130101 LA20170209BHEP        </classification-cpc><classification-cpc mxw-id="PCL-1892482312" load-source="docdb" scheme="CPC">A61F2310/00023     20130101 LA20160927BHEP        </classification-cpc><classification-cpc mxw-id="PCL-1892482313" load-source="docdb" scheme="CPC">A61F2310/00407     20130101 LA20160927BHEP        </classification-cpc><classification-cpc mxw-id="PCL-1892482314" load-source="docdb" scheme="CPC">A61F2310/0097      20130101 LA20160927BHEP        </classification-cpc><classification-cpc mxw-id="PCL-1892482315" load-source="docdb" scheme="CPC">A61F2310/00179     20130101 LA20160927BHEP        </classification-cpc><classification-cpc mxw-id="PCL-1892482316" load-source="docdb" scheme="CPC">A61F2310/00029     20130101 LA20160927BHEP        </classification-cpc><classification-cpc mxw-id="PCL-1935937139" load-source="docdb" scheme="CPC">A61F2002/30892     20130101 LA20160527BHEP        </classification-cpc><classification-cpc mxw-id="PCL-1935938445" load-source="docdb" scheme="CPC">A61F   2/442       20130101 LI20160527BHEP        </classification-cpc><classification-cpc mxw-id="PCL-1935939345" load-source="docdb" scheme="CPC">A61F   2/4425      20130101 FI20160527BHEP        </classification-cpc><classification-cpc mxw-id="PCL-1935939472" load-source="docdb" scheme="CPC">A61F   2/4611      20130101 LA20160527BHEP        </classification-cpc><classification-cpc mxw-id="PCL-2126666647" load-source="docdb" scheme="CPC">A61F2310/00976     20130101 LA20141209BHEP        </classification-cpc><classification-cpc mxw-id="PCL-2126666651" load-source="docdb" scheme="CPC">A61F2310/00011     20130101 LA20141209BHEP        </classification-cpc><classification-cpc mxw-id="PCL-2126666652" load-source="docdb" scheme="CPC">A61F2002/443       20130101 LA20141209BHEP        </classification-cpc><classification-cpc mxw-id="PCL-2126666653" load-source="docdb" scheme="CPC">A61F2002/3098      20130101 LA20141209BHEP        </classification-cpc><classification-cpc mxw-id="PCL-2126666654" load-source="docdb" scheme="CPC">A61F2002/30927     20130101 LA20141209BHEP        </classification-cpc><classification-cpc mxw-id="PCL-2126666655" load-source="docdb" scheme="CPC">A61F2002/30906     20130101 LA20141209BHEP        </classification-cpc><classification-cpc mxw-id="PCL-2126666657" load-source="docdb" scheme="CPC">A61F2002/3081      20130101 LA20141209BHEP        </classification-cpc><classification-cpc mxw-id="PCL-2126666658" load-source="docdb" scheme="CPC">A61F2002/30772     20130101 LA20141209BHEP        </classification-cpc><classification-cpc mxw-id="PCL-2126666659" load-source="docdb" scheme="CPC">A61F2002/30673     20130101 LA20141209BHEP        </classification-cpc><classification-cpc mxw-id="PCL-2126666660" load-source="docdb" scheme="CPC">A61F2002/30658     20130101 LA20141209BHEP        </classification-cpc><classification-cpc mxw-id="PCL-2126666661" load-source="docdb" scheme="CPC">A61F2002/30652     20130101 LA20141209BHEP        </classification-cpc><classification-cpc mxw-id="PCL-2126666662" load-source="docdb" scheme="CPC">A61F2002/30649     20130101 LA20141209BHEP        </classification-cpc><classification-cpc mxw-id="PCL-2126666663" load-source="docdb" scheme="CPC">A61F2002/30472     20130101 LA20141209BHEP        </classification-cpc><classification-cpc mxw-id="PCL-2126666664" load-source="docdb" scheme="CPC">A61F2002/30462     20130101 LA20141209BHEP        </classification-cpc><classification-cpc mxw-id="PCL-2126666665" load-source="docdb" scheme="CPC">A61F2002/30448     20130101 LA20141209BHEP        </classification-cpc><classification-cpc mxw-id="PCL-2126666666" load-source="docdb" scheme="CPC">A61F2002/30398     20130101 LA20141209BHEP        </classification-cpc><classification-cpc mxw-id="PCL-2126666667" load-source="docdb" scheme="CPC">A61F2002/30393     20130101 LA20141209BHEP        </classification-cpc><classification-cpc mxw-id="PCL-2126666668" load-source="docdb" scheme="CPC">A61F2002/30392     20130101 LA20141209BHEP        </classification-cpc><classification-cpc mxw-id="PCL-2126666669" load-source="docdb" scheme="CPC">A61F2002/30385     20130101 LA20141209BHEP        </classification-cpc><classification-cpc mxw-id="PCL-2126666670" load-source="docdb" scheme="CPC">A61F2002/30069     20130101 LA20141209BHEP        </classification-cpc><classification-cpc mxw-id="PCL-2126666671" load-source="docdb" scheme="CPC">A61F2002/30014     20130101 LA20141209BHEP        </classification-cpc><classification-cpc mxw-id="PCL-2126666672" load-source="docdb" scheme="CPC">A61F2002/30013     20130101 LA20141209BHEP        </classification-cpc><classification-cpc mxw-id="PCL-2126666675" load-source="docdb" scheme="CPC">A61F2002/30878     20130101 LA20141209BHEP        </classification-cpc><classification-cpc mxw-id="PCL-2126666676" load-source="docdb" scheme="CPC">A61F2002/30607     20130101 LA20141209BHEP        </classification-cpc><classification-cpc mxw-id="PCL-2126666679" load-source="docdb" scheme="CPC">A61F2002/30616     20130101 LA20141209BHEP        </classification-cpc><classification-cpc mxw-id="PCL-2126666680" load-source="docdb" scheme="CPC">A61F2002/30433     20130101 LA20141209BHEP        </classification-cpc></classifications-cpc><invention-title mxw-id="PT132186981" lang="DE" load-source="patent-office">WIRBELSÄURENSTABILISIERUNGSVORRICHTUNG MIT SECHS RICHTUNGSGRADEN UND VERFAHREN DAFÜR</invention-title><invention-title mxw-id="PT132186982" lang="EN" load-source="patent-office">SIX DEGREE SPINE STABILIZATION DEVICES AND METHODS</invention-title><invention-title mxw-id="PT132186983" lang="FR" load-source="patent-office">DISPOSITIFS ET PROCÉDÉS DE STABILISATION DE COLONNE VERTÉBRALE À SIX DEGRÉS</invention-title></technical-data><parties><applicants><applicant mxw-id="PPAR918146566" load-source="docdb" sequence="1" format="epo"><addressbook><last-name>GLOBUS MEDICAL INC</last-name><address><country>US</country></address></addressbook></applicant><applicant mxw-id="PPAR918148189" load-source="docdb" sequence="1" format="intermediate"><addressbook><last-name>GLOBUS MEDICAL, INC.</last-name></addressbook></applicant><applicant mxw-id="PPAR918984963" load-source="patent-office" sequence="1" format="original"><addressbook><last-name>Globus Medical, Inc.</last-name><iid>101076878</iid><address><street>2560 General Armistead Avenue</street><city>Audubon, PA 19403</city><country>US</country></address></addressbook></applicant></applicants><inventors><inventor mxw-id="PPAR918162012" load-source="docdb" sequence="1" format="epo"><addressbook><last-name>BENNETT JEFF</last-name><address><country>US</country></address></addressbook></inventor><inventor mxw-id="PPAR918138706" load-source="docdb" sequence="1" format="intermediate"><addressbook><last-name>BENNETT, JEFF</last-name></addressbook></inventor><inventor mxw-id="PPAR918984464" load-source="patent-office" sequence="1" format="original"><addressbook><last-name>BENNETT, JEFF</last-name><address><street>15 Creamery Road</street><city>Pottstown, Pennsylvania 19465</city><country>US</country></address></addressbook></inventor><inventor mxw-id="PPAR918133635" load-source="docdb" sequence="2" format="epo"><addressbook><last-name>DWYER EDWARD</last-name><address><country>US</country></address></addressbook></inventor><inventor mxw-id="PPAR918169335" load-source="docdb" sequence="2" format="intermediate"><addressbook><last-name>DWYER, EDWARD</last-name></addressbook></inventor><inventor mxw-id="PPAR918979633" load-source="patent-office" sequence="2" format="original"><addressbook><last-name>DWYER, EDWARD</last-name><address><street>427 Upper Neck Road</street><city>Pittsgrove, New Jersey 08318</city><country>US</country></address></addressbook></inventor></inventors><agents><agent mxw-id="PPAR918987815" load-source="patent-office" sequence="1" format="original"><addressbook><last-name>Morabito, Sara</last-name><suffix>et al</suffix><iid>101353087</iid><address><street>Cantaluppi &amp; Partners S.r.l. Piazzetta Cappellato Pedrocchi, 18</street><city>35122 Padova</city><country>IT</country></address></addressbook></agent></agents></parties><international-convention-data><pct-or-regional-filing-data ucid="US-2012026224-W"><document-id><country>US</country><doc-number>2012026224</doc-number><kind>W</kind><date>20120223</date><lang>EN</lang></document-id></pct-or-regional-filing-data><pct-or-regional-publishing-data ucid="WO-2012116126-A1"><document-id><country>WO</country><doc-number>2012116126</doc-number><kind>A1</kind><date>20120830</date><lang>EN</lang></document-id></pct-or-regional-publishing-data><designated-states><ep-contracting-states><country mxw-id="DS548931057" load-source="docdb">AL</country><country mxw-id="DS548817180" load-source="docdb">AT</country><country mxw-id="DS548919399" load-source="docdb">BE</country><country mxw-id="DS548936429" load-source="docdb">BG</country><country mxw-id="DS548934970" load-source="docdb">CH</country><country mxw-id="DS548919400" load-source="docdb">CY</country><country mxw-id="DS548817181" load-source="docdb">CZ</country><country mxw-id="DS548931058" load-source="docdb">DE</country><country mxw-id="DS548919401" load-source="docdb">DK</country><country mxw-id="DS548919402" load-source="docdb">EE</country><country mxw-id="DS548838909" load-source="docdb">ES</country><country mxw-id="DS548936430" load-source="docdb">FI</country><country mxw-id="DS548934971" load-source="docdb">FR</country><country mxw-id="DS548931059" load-source="docdb">GB</country><country mxw-id="DS548919403" load-source="docdb">GR</country><country mxw-id="DS548931060" load-source="docdb">HR</country><country mxw-id="DS548817182" load-source="docdb">HU</country><country mxw-id="DS548934972" load-source="docdb">IE</country><country mxw-id="DS548919404" load-source="docdb">IS</country><country mxw-id="DS548936431" load-source="docdb">IT</country><country mxw-id="DS548919405" load-source="docdb">LI</country><country mxw-id="DS548936432" load-source="docdb">LT</country><country mxw-id="DS548867620" load-source="docdb">LU</country><country mxw-id="DS548936433" load-source="docdb">LV</country><country mxw-id="DS548936450" load-source="docdb">MC</country><country mxw-id="DS548867621" load-source="docdb">MK</country><country mxw-id="DS548867622" load-source="docdb">MT</country><country mxw-id="DS548867623" load-source="docdb">NL</country><country mxw-id="DS548934973" load-source="docdb">NO</country><country mxw-id="DS548867624" load-source="docdb">PL</country><country mxw-id="DS548838910" load-source="docdb">PT</country><country mxw-id="DS548942512" load-source="docdb">RO</country><country mxw-id="DS548838911" load-source="docdb">RS</country><country mxw-id="DS548867625" load-source="docdb">SE</country><country mxw-id="DS548931061" load-source="docdb">SI</country><country mxw-id="DS548935066" load-source="docdb">SK</country><country mxw-id="DS548935067" load-source="docdb">SM</country><country mxw-id="DS548919406" load-source="docdb">TR</country></ep-contracting-states></designated-states></international-convention-data><office-specific-data><eptags><ep-no-a-document-published>*</ep-no-a-document-published></eptags></office-specific-data></bibliographic-data><abstract mxw-id="PA99618782" ref-ucid="WO-2012116126-A1" lang="EN" load-source="patent-office"><p num="0000">An implant stabilizes two adjacent bones of a joint, while enabling a natural kinematic relative movement of the bones. Support components are connected to each bone of the joint, and a flexible core is interposed between them. The core and at least one of the support components are provided with a smooth sliding surface upon which the core and support component may slide relative to each other, enabling a corresponding movement of the bones. The surfaces may have a mating curvature, to mimic a natural movement of the joint. The core is resilient, and may bend or compress, enabling the bones to move towards each other, and or to bend relative to each other.</p></abstract><abstract mxw-id="PA99818469" ref-ucid="WO-2012116126-A1" lang="EN" source="national office" load-source="docdb"><p>An implant stabilizes two adjacent bones of a joint, while enabling a natural kinematic relative movement of the bones. Support components are connected to each bone of the joint, and a flexible core is interposed between them. The core and at least one of the support components are provided with a smooth sliding surface upon which the core and support component may slide relative to each other, enabling a corresponding movement of the bones. The surfaces may have a mating curvature, to mimic a natural movement of the joint. The core is resilient, and may bend or compress, enabling the bones to move towards each other, and or to bend relative to each other.</p></abstract><abstract mxw-id="PA99618783" ref-ucid="WO-2012116126-A1" lang="FR" load-source="patent-office"><p num="0000">L'invention concerne un implant qui stabilise deux os adjacents d'une articulation, tout en permettant un mouvement relatif cinématique naturel des os. Des composants de soutien sont liés à chaque os de l'articulation, et un noyau souple est interposé entre eux. Le noyau et au moins un des composants de soutien sont dotés d'une surface lisse de glissement sur laquelle le noyau et le composant de soutien peuvent glisser l'un par rapport à l'autre, permettant un mouvement correspondant des os. Les surfaces peuvent présenter une courbure complémentaire afin de reproduire un mouvement naturel de l'articulation. Le noyau est élastique et peut fléchir ou être comprimé, permettant aux os de se rapprocher l'un de l'autre et / ou de fléchir l'un par rapport à l'autre.</p></abstract><abstract mxw-id="PA99818470" ref-ucid="WO-2012116126-A1" lang="FR" source="national office" load-source="docdb"><p>L'invention concerne un implant qui stabilise deux os adjacents d'une articulation, tout en permettant un mouvement relatif cinématique naturel des os. Des composants de soutien sont liés à chaque os de l'articulation, et un noyau souple est interposé entre eux. Le noyau et au moins un des composants de soutien sont dotés d'une surface lisse de glissement sur laquelle le noyau et le composant de soutien peuvent glisser l'un par rapport à l'autre, permettant un mouvement correspondant des os. Les surfaces peuvent présenter une courbure complémentaire afin de reproduire un mouvement naturel de l'articulation. Le noyau est élastique et peut fléchir ou être comprimé, permettant aux os de se rapprocher l'un de l'autre et / ou de fléchir l'un par rapport à l'autre.</p></abstract><description mxw-id="PDES50929937" ref-ucid="WO-2012116126-A1" lang="EN" load-source="patent-office"><!-- EPO <DP n="2"/>--><p id="p0001" num="0001"> SIX DEGREE SPINE STABILIZATION DEVICES AND METHODS </p><p id="p0002" num="0002">FIELD OF THE INVENTION </p><p id="p0003" num="0003"> [0001] This invention relates to stabilizing adjacent vertebrae of the spine, after surgery or trauma, while preserving a natural kinematic signature. </p><p id="p0004" num="0004">BACKGROUND OF THE INVENTION </p><p id="p0005" num="0005"> [0002] Intervertebral devices are used to address diseases or disorders of the spine, or to address damage due to trauma. These devices operate, for example, to stabilize, guide, or limit movement of adjacent vertebrae, while bearing weight. </p><p id="p0006" num="0006"> [0003] The spinal disc may be displaced or damaged due to trauma, disease, degenerative defects, or wear over an extended period. A disc herniation occurs when the annulus fibers are weakened or torn and the inner tissue of the nucleus becomes permanently bulged, distended, or extruded out of its normal, internal annulus confines. The mass of a hemiated or "slipped" nucleus tissue can compress a spinal nerve, resulting in leg pain, loss of muscle control, or even paralysis. Alternatively, with discal degeneration, the nucleus loses its water binding ability and deflates, as though the air had been let out of a tire. Subsequently, the height of the nucleus decreases causing the annulus to buckle in areas where the laminated plies are loosely bonded. As these overlapping laminated plies of the annulus begin to buckle and separate, either circumferential or radial annular tears may occur, which may contribute to persistent or disabling back pain. Adjacent, ancillary spinal facet joints will also be forced into an overriding position, which may create additional back pain. </p><p id="p0007" num="0007"> [0004] Whenever the nucleus tissue is hemiated or removed by surgery, the disc space will narrow and may lose much of its normal stability. In many cases, to alleviate back pain from degenerated or hemiated discs, the nucleus is removed and the two adjacent vertebrae are surgically fused together. While this treatment alleviates the pain, all discal motion is lost in the fused segment. Ultimately, this procedure places a greater stress on the discs adjacent to the fused segment as they compensate for lack of motion, perhaps leading to premature degeneration of those adjacent disc. </p><p id="p0008" num="0008"> [0005] As an alternative to vertebral fusion, various prosthetic discs have been developed. The first prosthetics embodied a wide variety of ideas, such as ball bearings, springs, metal spikes and other perceived aids. These prosthetics are all made to replace the entire intervertebral disc space and are large and rigid. Many of the current designs for prosthetic discs are large and inflexible. In 
<!-- EPO <DP n="3"/>-->
 addition, prosthetic disc sizes and other parameters limit the approach a surgeon may take to implant the devices. </p><p id="p0009" num="0009"> [0006] There is a need for a novel spinal disc that mimics the motion of the natural spinal disc. </p><p id="p0010" num="0010">SUMMARY OF THE INVENTION </p><p id="p0011" num="0011"> [0007] An implant in accordance with the invention includes a flexible core, a first support component, operative to contact a first engaging surface of the core, and a second support component, operative to contact a second, opposing engaging surface of the core. </p><p id="p0012" num="0012"> [0008] The implant of the invention is operative, when positioned between adjacent bones of a joint, such as adjacent vertebrae, to stabilize the joint. The implant further enables a natural kinematic movement of the joint, while limiting movement beyond a therapeutic range of motion. </p><p id="p0013" num="0013"> [0009] A flexible core is provided with an inflection region of greater flexibility, which enables a displacement or changed orientation of opposed engaging surfaces of the core. In one embodiment, the core tapers at one end to form the inflection region, and which may deform or buckle to enable a relative angular displacement of engaging surfaces. </p><p id="p0014" num="0014"> [0010] In addition, the core may compress to reduce a distance between portions of first </p><p id="p0015" num="0015">and second engaging surfaces. Compression may include an expansion of material outwards relative to an interior of the core, or material of the core may collapse into an interior. </p><p id="p0016" num="0016"> [0011] A tether, or lanyard may be provided, operative to limit a maximum displacement of the core and one or both of the first and second support components. The lanyard is affixed to two of either core and one or both support components. The lanyard is formed of a flexible material which does not prevent movement within an intended range of motion of the implant, and may advantageously be formed of a resilient material, to avoid an abrupt relative cessation of movement at a limit of travel. </p><p id="p0017" num="0017"> [0012] Each support component includes an engagement plate having a core engaging surface and a bone engaging surface. A keel or other projection extends from the bone engaging surface, and is operative to engage a bony surface, for example, an interior portion of a vertebra. The projection may include a bone ingrowth surface, region, or spaces, to further secure the plate into engagement with the bone. Core engaging surfaces of the first 
<!-- EPO <DP n="4"/>-->
 and second support component are advantageously formed with a lubricious material relative to a surface material of the engaging surfaces of the core, if sliding or rotating relative to the core is intended. </p><p id="p0018" num="0018"> [0013] In one embodiment, an inflection region of the core is most flexible at a point proximate an engaging surface. A hollow interior may be included, operative to provide a space into which material forming the inflection region may deflect. A core engaging surface is provided with a smooth surface, upon which a second engaging surface of the flexible core may slide. </p><p id="p0019" num="0019"> [0014] Relative motion of bones, for example opposing bones of a joint, result from movement of a patient into which an implant of the invention is implanted. As the first and second support components are attached to these bones, a corresponding motion is induced in the support components. In the natural body of the patient, these bones move in accordance with six degrees of motion. Each of these degrees of motion are enabled with an implanted implant of the invention, as follows, with reference to Fig. 4: </p><p id="p0020" num="0020"> [0015] (1) translation in the direction indicated by line "X", corresponding to the core sliding along an engaging surface; </p><p id="p0021" num="0021"> [0016] (2) translation in the direction indicated by line "Y", corresponding to axial compression of the core; </p><p id="p0022" num="0022"> [0017] (3) translation in the direction indicated by line "Z", corresponding to the core sliding along an engaging surface; </p><p id="p0023" num="0023"> [0018] (4) rotation about an axis indicated by line "X", corresponding to compression of one side of the core; </p><p id="p0024" num="0024"> [0019] (5) rotation about an axis indicated by line "Y", corresponding to the corerotating upon an engaging surface; and </p><p id="p0025" num="0025"> [0020] (6) rotation about an axis indicated by line "Z", corresponding to compression of one side of the core. </p><p id="p0026" num="0026"> [0021] Alternatively stated, if an axis of the implant is defined as extending through an implant of the invention from a first adjacent bone to a second adjacent bone, the implant would enable relative motion of the first and second adjacent bones with respect to: </p><p id="p0027" num="0027"> [0022] (a) opposite rotation about the axis; </p><p id="p0028" num="0028"> [0023] (b) axially bending; 
<!-- EPO <DP n="5"/>-->
 [0024] (c) axially compressing; and </p><p id="p0029" num="0029"> [0025] (d) radial sliding with respect to the axis. </p><p id="p0030" num="0030"> [0026] In an alternative embodiment, the core includes first and second segments separated by an inflection region that is substantially narrower than flanking segments, and thus bends to enable an angular displacement of the segments and their associated engaging surfaces. </p><p id="p0031" num="0031"> [0027] In one embodiment of the invention, at least a portion of the support component has a core engaging surface configured as a curved smooth surface which slidably engages a mating region of the core. A curved slidable portion of the core engaging surface is recessed within a support component, and a mating slidable portion of an engaging surface projects from the core; alternatively, the core engaging surface may be projected, and an engaging surface of the core may be recessed. </p><p id="p0032" num="0032"> [0028] Similarly, both sides of the core may be curved, each side mateable with a curved surface of a support component, for example, forming two convex surfaces. Mating surfaces on both sides of the core, for example, operate to foster a desired kinematic movement, and maintain a desired ligament tension throughout the expected range of motion. It should be understood, however, that in accordance with the invention, either surface may be either convex, concave, or flat, as the therapeutic needs of the patient dictate. In use, a configuration with a curved mating surface enables all six degrees of movement as described above, however, due to the mating curved slidable engaging surfaces, additional directional stability is provided. </p><p id="p0033" num="0033"> [0029] In a further embodiment, the core is provided with a flat surface at a second engaging surface, which is matably connectable to a flat core engaging surface of a support component. One or more pins pass through pin bores or apertures provided in the core and support component, locking the two components together. In addition, a snap fit engagement between recessed and projecting portions of the core and a support component may be provided to further secure the core and support component together. </p><p id="p0034" num="0034"> [0030] In yet another embodiment of the invention, the core engaging surface has a curved portion having a radius which is larger than a curved portion of a mating portion of the core. As such, the core may slide relative to the support component. The core may at the same time be rotated, and compressed evenly or laterally. 
<!-- EPO <DP n="6"/>-->
 [0031] Mating surfaces of the core and a support component may include concave, convex, semi-spherical, or barrel shapes, whereby a resistance to sliding, spinning, rotating, rocking, or other relative movement may be uniform in all directions, or different in specific directions. </p><p id="p0035" num="0035"> [0032] The invention provides a joint replacement implant, for example for replacement or stabilization of a cervical disc replacement, although other joints may be partially or completely replaced by the implant, for example one or more joints of the fingers, hand, wrist, elbow, shoulder, other areas of the spine, hip, knee, ankle, foot, or toes. </p><p id="p0036" num="0036"> [0033] Implants of the invention are operative to restore the natural kinematic signature and natural joint properties, particularly for spinal discs, but for all joints which exhibit movement in all six degrees of motion, as detailed above. </p><p id="p0037" num="0037"> [0034] All elements of implant may be made from a flexible material, although the core, in particular, flexes in order to accommodate an angular displacement of first and second support components. As the joint is flexed or extended, the flexible and or resilient material of the core may bulge or stretch to enable an angular displacement of opposing engaging surfaces. Additionally, or alternatively, an inflection region provides a relatively weaker region of the core, which is adapted through thickness and or shape to facilitate bending of the core. </p><p id="p0038" num="0038"> [0035] Implant may be fabricated using any biocompatible and materials known to one skilled in the art, having sufficient strength, flexibility, resiliency, and durability for the patient, and for the term during which the device is to be implanted. </p><p id="p0039" num="0039"> [0036] In accordance with the invention, a single implant may be used, to provide stabilization for a weakened joint or joint portion. Alternatively, two, three, or more implants may be used, at a single joint level, or in multiple joints. Moreover, implants of the invention may be combined with other stabilizing means. </p><p id="p0040" num="0040"> [0037] Any surface or component of the invention may be coated with or impregnated with therapeutic agents, including bone growth, healing, antimicrobial, or drug materials, which may be released at a therapeutic rate, using methods known to those skilled in the art. </p><p id="p0041" num="0041">BRIEF DESCRIPTION OF THE DRAWINGS </p><p id="p0042" num="0042"> [0038] A more complete understanding of the present invention, and the attendant advantages and features thereof, will be more readily understood by reference to the 
<!-- EPO <DP n="7"/>-->
 following detailed description when considered in conjunction with the accompanying drawings wherein: </p><p id="p0043" num="0043"> [0039] Fig. 1 depicts a perspective view of an implant in accordance with the invention; </p><p id="p0044" num="0044"> [0040] Fig. 2 illustrates a cross section of the implant of Fig. 1, taken centrally through bone engaging projections of the implant; </p><p id="p0045" num="0045"> [0041] Fig. 3 illustrates the implant of Fig. 1, positioned between two adjacent bones in a body; </p><p id="p0046" num="0046"> [0042] Fig. 4 illustrates the implant of Fig. 1, with lines indicating degrees of motion of the implant; </p><p id="p0047" num="0047"> [0043] Fig. 5 depicts a perspective exploded view of another embodiment of an implant of the invention; </p><p id="p0048" num="0048"> [0044] Fig. 6 illustrates a cross section of the implant of Fig. 5, taken centrally through bone engaging projections of the implant; </p><p id="p0049" num="0049"> [0045] Fig. 7 depicts a perspective exploded view of a further embodiment of an implant of the invention; and, </p><p id="p0050" num="0050"> [0046] Fig. 8 illustrates a cross section of the implant of Fig. 7, taken centrally through bone engaging projections of the implant; </p><p id="p0051" num="0051">DETAILED DESCRIPTION OF THE INVENTION </p><p id="p0052" num="0052"> [0047] In the description which follows, any reference to direction or orientation is intended primarily and solely for purposes of illustration and is not intended in any way as a limitation to the scope of the present invention. Also, the particular embodiments described herein are not to be considered as limiting of the present invention. </p><p id="p0053" num="0053"> [0048] Referring now to the figures, in which like reference numerals refer to like elements, Fig's. 1 and 2 illustrate an implant 100 in accordance with the invention, including a flexible core 200, a first support component 300, operative to contact a first engaging surface 204 of core 200, and a second support component 400, operative to contact an opposing second engaging surface 208 of core 200. </p><p id="p0054" num="0054"> [0049] With reference to Fig. 3, implant 100 is operative, when positioned between adjacent bones of a joint, such as for example vertebrae 10, 12, to stabilize a joint formed by 
<!-- EPO <DP n="8"/>-->
 adjacent vertebrae. Implant 100 further enables natural kinematic movement of the joint while limiting movement beyond a therapeutic range of motion. In one embodiment, this range of motion reflects the complete natural kinematic signature for the patient. </p><p id="p0055" num="0055"> [0050] Referring again to Fig's. 1 and 2, flexible core 200 includes a first engaging surface 204 disposed upon a first segment 202, and a second engaging surface 208, disposed upon a second segment 206. In the embodiment shown in Fig's. 1 and 2, flexible core 200 is provided with an inflection region 210 of greater flexibility, which enables a displacement or changed orientation of engaging surface 204 with respect to engaging surface 208. In particular, first segment 202 tapers at one end to form inflection region 210, which may deform or buckle to enable a relative angular displacement of engaging surfaces 204, 208. </p><p id="p0056" num="0056"> [0051] In addition, core 200 may compress to reduce a distance between portions of first and second engaging surfaces 204, 208. Compression may include an expansion of material outwards relative to an interior 214 of core 200, resulting in an increase in a diameter of core 200, or material of core 200 may collapse into an interior of core 200, thereby partially or completely maintaining an exterior dimension of core 200. Alternatively, spaces within the material of core 200 may be reduced in size, for example spaces formed by a cellular or porous matrix of the material of core 200 may compress, whereby expansion of an exterior dimension of core 200 may be maintained or limited. </p><p id="p0057" num="0057"> [0052] First support component 300 includes an engagement plate 302 having a core engaging surface 304, and a bone engaging surface 306. A keel or other projection 308 extends from bone engaging surface 306, and is operative to engage a bony surface, for example, an interior portion of vertebra 10 or 12. Projection 308 includes bone ingrowth spaces 310, operative to provide an area for bone ingrowth, to further secure plate 302 into engagement with the bone to which plate 302 is attached. </p><p id="p0058" num="0058"> [0053] Second support component 400 includes an engagement plate 402 having a core engaging surface 404, and a bone engaging surface 406. A keel, extension, or projection 408 extends from bone engaging surface 406, and is operative to engage a bony surface, for example, an interior portion of vertebra 10 or 12. Projection 408 includes bone ingrowth spaces 410, operative to provide an area for bone ingrowth, to further secure plate 402 into engagement with the bone to which plate 402 is attached. </p><p id="p0059" num="0059"> [0054] Bone ingrowth spaces 310, 410 may each advantageously be formed at an angle with respect to a direction of projection 308, 408 insertion, thereby potentially reducing an incidence of separation of implant 100 from the bone, after bone ingrowth has taken place. 
<!-- EPO <DP n="9"/>-->
 [0055] Core engaging surfaces 304, 404 of first and second support component 300, 400 are advantageously formed with a lubricious material relative to a surface material of engaging surface 204, 208 of core 200, if sliding or rotating relative to core 200 is intended. </p><p id="p0060" num="0060"> [0056] Fig. 2 additionally illustrates a tether, or lanyard 218, operative to limit a maximum displacement of core 200 and one or both of first and second support components 300, 400. Lanyard 218 is affixed to two of either core 200 and one of support components 300, 400, or both support components 300, 400. Lanyard 218 is formed of a flexible material which does not prevent movement within an intended range of motion of implant 100, as described herein, and may advantageously be formed of a resilient material, to avoid an abrupt relative cessation of movement, at a limit of travel, of elements to which it is affixed. </p><p id="p0061" num="0061"> [0057] In the embodiment of Fig's. 1-4, inflection region 210 is most flexible at a point proximate engaging surface 204. A hollow interior 212 may be included, operative to provide a space into which material forming region 210 may deflect during displacement of engaging surface 204 relative to engaging surface 208. A tether 218 may be provided, operative to limit a maximum extent of motion of first and second support components 300, 400. In this embodiment, core engaging surface 404 is provided with a smooth surface, upon which a second engaging surface of flexible core 200 may slide. Core engaging surface 404 is illustrated as substantially planar in Fig. 4, although a projection and recess, as described for Fig's. 1 and 2, may alternatively be provided. A lip or raised portion extending from core engaging surface 404, not shown, may further, or in alternative to lanyard 218, operate to limit an extent of movement of engaging surface 208 upon core engaging surface 404. </p><p id="p0062" num="0062"> [0058] With reference to Fig's. 3 and 4, relative motion of bones 10 and 12 result from movement of a patient into which implant 100 is implanted. As first and second support components 300, 400 are attached to bones 10, 12, respectively, a corresponding motion is induced in components 300, 400. It should be understood that, in accordance with the invention, component 400 may be connected to bone 10, and component 300 may be connected to bone 12; that is, either component 300 or 400 may be positioned superiorly with respect to the other. </p><p id="p0063" num="0063"> [0059] In the natural body of the patient, bones 10 and 12 move in accordance with six degrees of motion. Each of these degrees of motion is enabled with an implanted implant 100, as diagrammed in Fig. 4. Specifically: </p><p id="p0064" num="0064"> [0060] (1) translation in the direction indicated by line "X", corresponding to core 200 sliding along engaging surface 404; 
<!-- EPO <DP n="10"/>-->
 [0061] (2) translation in the direction indicated by line "Y", corresponding to axial compression of core 200; </p><p id="p0065" num="0065"> [0062] (3) translation in the direction indicated by line "Z", corresponding to core 200 sliding along engaging surface 404; </p><p id="p0066" num="0066"> [0063] (4) rotation about an axis indicated by line "X", corresponding to compression of one side of core 200; </p><p id="p0067" num="0067"> [0064] (5) rotation about an axis indicated by line "Y", corresponding to core 200 rotating upon engaging surface 404; and </p><p id="p0068" num="0068"> [0065] (6) rotation about an axis indicated by line "Z", corresponding to compression of one side of core 200. </p><p id="p0069" num="0069"> [0066] Alternatively stated, if an axis of the implant is defined as extending through an implant of the invention from a first adjacent bone to a second adjacent bone, the implant would enable relative motion of the first and second adjacent bones with respect to: </p><p id="p0070" num="0070"> [0067] (a) opposite rotation about the axis; </p><p id="p0071" num="0071"> [0068] (b) axially bending; </p><p id="p0072" num="0072"> [0069] (c) axially compressing; and </p><p id="p0073" num="0073"> [0070] (d) radial sliding with respect to the axis. </p><p id="p0074" num="0074"> [0071] In an alternative embodiment, shown in Fig's. 5 and 6, core 200A includes first and second segments 202A, 206A, separated by an inflection region 21 OA that is substantially narrower than flanking segments 202A, 206A, and thus bends to enable an angular displacement of segments 202A, 206A, and accordingly enables an angular relative displacement of engaging surfaces 204A, 208A. </p><p id="p0075" num="0075"> [0072] Fig. 6 illustrates a cross-section of the implant 100 of Fig. 5, taken through projections 308 and 408. At least a portion of core engaging surface 404A is configured as a curved smooth surface upon which a mating region of curved smooth surface of second engaging surface 208A of flexible core 200A may slide. In the illustration, a curved slidable portion of core engaging surface 404A is recessed within second support component 400A, and a mating slidable portion of engaging surface 208A projects from core 200A; however, it should be understood that engaging surface 404 A may be projected, and engaging surface 208A may be recessed. 
<!-- EPO <DP n="11"/>-->
 [0073] Similarly, a portion of first engaging surface 204A is a curved smooth surface upon which a mating curved smooth surface of core engaging surface 306 A may slide. In the embodiment shown in Fig's. 5-6, core 200A forms two convex surfaces 204A, 208A, to foster a desired kinematic movement, and to maintain a desired ligament tension throughout the expected range of motion, and to promote a natural resting position of the bones. It should be understood, however, that in accordance with the invention, either surface 204A or 208A may be either convex or concave, as the therapeutic needs of the patient dictate. </p><p id="p0076" num="0076">Alternatively, either surface may be flat, as illustrated in Fig's. 1-4, discussed above, or Fig's. 7-8, discussed below. </p><p id="p0077" num="0077"> [0074] In one embodiment, a projection 312 extends from first engaging surface 306 A into core aperture or hollow interior 212A, and is operative to limit an extent of movement of first support component 300 with respect to core 200. A similar configuration could be provided for slidably mating engaging surfaces 404A and 208A. </p><p id="p0078" num="0078"> [0075] Embodiments of the invention may be provided with one or more apertures 316, 416 through which fasteners may be installed, to further secure implant 100 within a patient. For example, a bone screw may be passed through aperture 316 in first support component 300 and into bone 10, and another bone screw may be passed through aperture 416 in second support component 400, and into bone 12. A bone growth agent may alternatively or additionally be provided within aperture 316 or 416, or upon bone engaging surface 306 and or 406, to promote bone growth thereinto. Bone growth surfaces may be provided with openings or texture into which tissue may grow and adhere. </p><p id="p0079" num="0079"> [0076] In use, the embodiment of Fig's. 5-6 enables all six degrees of movement as described above, however, due to the mating curved slidable engaging surfaces 208A and 404A, additional directional stability is provided, whereby sliding is inhibited to an extent in the absence of flexion or extension of the joint. This inhibition arises from a natural gravitational resting state of the mating curved engaging surfaces 208A and 404A. </p><p id="p0080" num="0080"> [0077] Referring now to the embodiment illustrated in Fig's. 7-8, in which core 200B is provided with a flat surface at second engaging surface 208B, matably connectable to flat core engaging surface 404B of second support component 400. In this embodiment, core 200B is configured to affix core 200B with respect to rotation upon second engaging surface 404B, by one or more pins 414, which pass through one or more pin bores or apertures 216, 416, provided in core 200B and second support component 400B, respectively. While pins are illustrated, it should be understood that other fastener configuration are possible, 
<!-- EPO <DP n="12"/>-->
 including screws, adhesive, set screws, interference fit, press fit, or other methods as would be understood by one skilled in the art. Pins 414 may be threaded or press fit into apertures 216 or 416, or secured using adhesive, and may be secured to either or both of core 200B or second support component 400B. </p><p id="p0081" num="0081"> [0078] While pins 414 may be utilized to prevent rotation as well as to maintain core 200B in a position upon engagement surface 404B, an axial position of core 200B against engagement surface 404B may alternatively or additionally be maintained by a snap fit engagement between recessed portion 220 and projected portion 420 of core 200B and core engaging surface 404B, respectively. Alternatively, core 200B may be provided with a projecting portion, and core engaging surface 404B may be provided with a mating recess. </p><p id="p0082" num="0082"> [0079] In any of the embodiments of the invention, should it be desired to maintain a position of either or both core engagement surfaces 304, 304A, 304B and 404, 404A, 404B relative to core 200, 200A, 200B, pins, a snap fit, or other fasteners may be used, as described above. </p><p id="p0083" num="0083"> [0080] With further reference to Fig. 8, it can be seen that core engaging surface 304B has a curved portion having a radius which is larger than a curved portion of first engaging surface 204B. As such, core engaging surface 304B and first engaging surface 204B may readily slide, to a limited extent, relative to each other, as influenced by the difference between their respective curvatures. Core 200B may also be rotated, and compressed evenly or laterally, as detailed elsewhere herein with respect to other </p><p id="p0084" num="0084">embodiments of the invention. </p><p id="p0085" num="0085"> [0081] It should be understood that superior and inferior positions of components, as illustrated, are for the convenience of the reader in understanding the invention, and that implant 100 may be implanted in a reverse orientation than is shown, as benefits the patient. </p><p id="p0086" num="0086"> [0082] In use, the embodiment of Fig's. 7-8 enables all six degrees of movement as described above, however, due to the mating curved slidable engaging surfaces 204B and 304B, additional directional stability is provided, whereby sliding is inhibited to an extent in the absence of flexion or extension of the joint. This inhibition arises from a natural gravitational resting state of the mating curved engaging surfaces 204B and 304B. Rotation, or spinning, of bone 10 with respect to bone 12, is translated only through an interface between first engaging surface 204B and core engaging surface 304B, as second engaging surface 208B is affixed with respect to core engaging surface 404B. Similarly, sliding is carried out solely through this interface, for the same reasons. Surfaces 208B and 404B may 
<!-- EPO <DP n="13"/>-->
 alternatively slide with respect to each other, as detailed herein with respect to other embodiments. </p><p id="p0087" num="0087"> [0083] Mating surfaces 204, 204A, 204B and 304, 304A, 304B; or 208, 208A, 208B and 404, 404A, 404B, may, for example, be concave, convex, semi-spherical, elliptical, complex, or barrel shaped, whereby a resistance to sliding, spinning, rotating, rocking, or other relative movement may be uniform in all directions, or different in specific directions. </p><p id="p0088" num="0088"> [0084] Fig. 8 further illustrates insertion tool channels, bores, openings, or apertures 218, 418, in first and second support components 300B, 400B. As implant 100 is inserted between joint surfaces maintained in spaced relation by ligaments, it may be necessary to mechanically compress implant 100 prior to insertion within the joint. A tool, not shown, such as is known in the art, may be provided with tines which engage tool apertures 218, 418, whereupon first and second support components 300B, 400B may be moved together, or apart, as determined by the practitioner, during implantation. Further, implant 100 may be implanted through an anterior, anterolateral, or lateral approach, and accordingly, tool apertures 218, 418 provide a means for mechanically grasping and manipulating implant 100 during implantation. </p><p id="p0089" num="0089"> [0085] The invention provides a joint replacement implant, for example for replacement or stabilization of a cervical disc replacement, although other joints may be partially or completely replaced by implant 100, for example one or more joints of the fingers, hand, wrist, elbow, shoulder, other areas of the spine, hip, knee, ankle, foot, or toes. </p><p id="p0090" num="0090"> [0086] Implant 100 is operative to restore the natural kinematic signature and natural joint properties, particularly for spinal discs, but for all joints which exhibit movement in all six degrees of motion, as detailed above. </p><p id="p0091" num="0091"> [0087] All elements of implant 100 may be made from a flexible material, although core 200, in particular, flexes in order to accommodate an angular displacement of first and second support components 300, 400. As the joint is flexed or extended, the flexible and or resilient material of core 200 may bulge or stretch to enable an angular displacement of first and second engaging surfaces 204, 208. Additionally, or alternatively, inflection region 210 provides a relatively weaker region of core 200 which is adapted through thickness and or shape to facilitate bending of core 200. </p><p id="p0092" num="0092"> [0088] Implant 100 may be fabricated using any biocompatible materials known to one skilled in the art, having sufficient strength, flexibility, resiliency, and durability for the 
<!-- EPO <DP n="14"/>-->
 patient, and for the term during which the device is to be implanted. Examples include but are not limited to metal, such as, for example titanium and chromium alloys; polymers, including for example, PEEK or high molecular weight polyethylene (HMWPE); and ceramics. </p><p id="p0093" num="0093"> [0089] Portions or all of the implant may be radiopaque or radiolucent, or materials having such properties may be added or incorporated into the implant to improve imaging of the device during and after implantation. </p><p id="p0094" num="0094"> [0090] Opposing mating surfaces which rotate, spin, or slide, including core engaging surfaces 304, 304A, 304B, 404, 404A, 404B, and first and second engaging surfaces 204, 204A, 204B and 208, 208A, 208B, may be made of the same or different materials, which combination produces a therapeutic fluidity of motion, or desired drag. Surfaces of implant 100 may be plasma sprayed, for example by titanium plasma spray, and may be bead blasted or electropolished. </p><p id="p0095" num="0095"> [0091] More particularly, The support components may be manufactured from cobalt- chrome-molybdenum alloy, Co-Cr-Mo, as specified in ASTM F1537 (and ISO 5832-12). The smooth surfaces may be plasma sprayed with commercially pure titanium, as specified in ASTM F1580, F1978, Fl 147 and C-633 (and ISO 5832-2). The core may be manufactured from ultra-high molecular weight polyethylene, UHMWPE, as specified in ASTM F648 (and ISO 5834-2). </p><p id="p0096" num="0096"> [0092] Core 200, 200A, 200B, may alternatively, in one embodiment, be fabricated using polycarbonate urethane (PCU), or a thermoplastic polycarbonate urethane (TPU) such as Bionate, a registered trademark of DSM IP Assets B.V. Corporation, of Heerlen </p><p id="p0097" num="0097">Netherlands, for a thermoplastic elastomer formed as the reaction product of a hydroxyl terminated polycarbonate, an aromatic diisocyanate, and a low molecular weight glycol used as a chain extender. Other polymeric materials with suitable flexibility, durability, and biocompatibility may also be used, as understood by one skilled in the art. </p><p id="p0098" num="0098"> [0093] In accordance with the invention, implants of various sizes may be provided to best fit the anatomy of the patient. Support components and a core of matching or divergent sizes may be assembled during the implantation procedure by a medical practitioner as best meets the therapeutic needs of the patient, the assembly inserted within the body using an insertion tool. Implants of the invention may also be provided with an overall angular geometry, for example angular mating dispositions of support components and core, to provide for a natural lordosis, or a corrective lordosis, for example of from 0° to 6° for a cervical application, although much different values may be advantageous for other joints. 
<!-- EPO <DP n="15"/>-->
 Implant heights, for use in the cervical vertebrae for example, may typically range from 7 mm to 12 mm, although the size is dependent on the patient, and the joint into which an implant of the invention is to be implanted. </p><p id="p0099" num="0099"> [0094] In accordance with the invention, a single implant 100 may be used, to provide stabilization for a weakened joint or joint portion. Alternatively, two, three, or more implants 100 may be used, at a single joint level, or in multiple joints. Moreover, implants 100 may be combined with other stabilizing means. </p><p id="p0100" num="0100"> [0095] Additionally, implant 100 may be fabricated using material that biodegrades in the body during a therapeutically advantageous time interval. Further, implant 100 is advantageously provided with smooth and or rounded exterior surfaces, which reduce a potential for deleterious mechanical effects on neighboring tissues. </p><p id="p0101" num="0101"> [0096] Any surface or component of the invention may be coated with or impregnated with therapeutic agents, including bone growth, healing, antimicrobial, or drug materials, which may be released at a therapeutic rate, using methods known to those skilled in the art. </p><p id="p0102" num="0102"> [0097] It will be appreciated by persons skilled in the art that the present invention is not limited to what has been particularly shown and described herein above. In addition, unless mention was made above to the contrary, it should be noted that all of the </p><p id="p0103" num="0103">accompanying drawings are not to scale. A variety of modifications and variations are possible in light of the above teachings without departing from the scope and spirit of the invention. </p><p id="p0104" num="0104"> [0098] All references cited herein are expressly incorporated by reference in their entirety. In addition, unless mention was made above to the contrary, it should be noted that all of the accompanying drawings are not to scale. There are many different features to the present invention and it is contemplated that these features may be used together or separately. Thus, the invention should not be limited to any particular combination of features or to a particular application of the invention. Further, it should be understood that variations and modifications within the spirit and scope of the invention might occur to those skilled in the art to which the invention pertains. Accordingly, all expedient modifications readily attainable by one versed in the art from the disclosure set forth herein that are within the scope and spirit of the present invention are to be included as further embodiments of the present invention. 
</p></description><claims mxw-id="PCLM44725854" ref-ucid="WO-2012116126-A1" lang="EN" load-source="patent-office"><claim-statement><!-- EPO <DP n="16"/>--> CLAIMS What is claimed is: </claim-statement><claim id="clm-0001" num="1"><claim-text> 1. An implant for stabilizing first and second adjacent bones in a patient, comprising: a first support component having a first side adapted to be affixed to the first bone of the patient, and a second side opposite the first side having a smooth surface; </claim-text><claim-text> a resilient core having a third side having a smooth surface and positionable in mating slidable engagement with the second side, said resilient core further including a fourth side opposite the third side; </claim-text><claim-text> a second support component having a fifth side mateable with the fourth side, and a sixth side opposite the fifth side adapted to be affixed to the second bone of the patient; whereby an axis of the implant is defined as extending through said implant from the first adjacent bone to the second adjacent bone; </claim-text><claim-text> wherein said core is positionable between said first and second support components to thereby be positionable between the first and second adjacent bones; and </claim-text><claim-text> wherein said core separates at least a portion of each of said first and second supports at a relative first distance along said axis, said core being resiliently deformable under pressure to separate said at least a portion each of said first and second supports at a second, lesser relative distance along said axis; and </claim-text><claim-text> wherein said core may slide upon said the third side, in engagement with said second side, in a radial direction with respect to said axis; and </claim-text><claim-text> wherein when said first support component is affixed to the first adjacent bone, and said second support component is affixed to the second adjacent bone, and said core is positioned between said first and second support components, the first and second adjacent bones are stabilized, and said core may both resiliently deform and slide separately or simultaneously, to enable a kinematic movement of the two adjacent bones similar to a natural kinematic movement of the bones. </claim-text></claim><claim id="clm-0002" num="2"><claim-text>2. The implant of claim 1, wherein said core includes a polymeric material. </claim-text></claim><claim id="clm-0003" num="3"><claim-text>3. The implant of claim 1, further including means to limit an extent of sliding of the second side relative to the third side. <!-- EPO <DP n="17"/>--> </claim-text></claim><claim id="clm-0004" num="4"><claim-text>4. The implant of claim 1, wherein the fourth and fifth sides and are provided with smooth surfaces slideable in engagement with each other. </claim-text></claim><claim id="clm-0005" num="5"><claim-text>5. The implant of claim 1, wherein one of said smooth surfaces of the second side and the third side have a convex shape, and the other has a mating concave shape. </claim-text></claim><claim id="clm-0006" num="6"><claim-text>6. The implant of claim 4, wherein one of said smooth surfaces of the fourth side and the fifth side have a convex shape, and the other has a mating concave shape. </claim-text></claim><claim id="clm-0007" num="7"><claim-text>7. The implant of claim 1, wherein said resilient core includes a region adapted to bend, whereby when said core is positioned between said first and second support components and said region is bent, an angle defined by the second and fifth sides is changed. </claim-text></claim><claim id="clm-0008" num="8"><claim-text>8. The implant of claim 7, wherein said region adapted to bend defines a periphery of said core having a reduced diameter. </claim-text></claim><claim id="clm-0009" num="9"><claim-text>9. The implant of claim 1, wherein said periphery is a central ring, bounded by upper and lower rings of larger diameter relative to said central ring, said central ring operative to inflect, enabling a bending of said core. </claim-text></claim><claim id="clm-0010" num="10"><claim-text>10. The implant of claim 1, further including a lanyard connected to at least one of said first and second support components, operative to limit an extent of relative movement of the adjacent bones, when said first and second components are affixed to the adjacent bones. </claim-text></claim><claim id="clm-0011" num="11"><claim-text>11. The implant of claim 1 , further including a lanyard, formed with a resilient material, having first and second ends, said first end connected to said first side, and said second end connected to said core. </claim-text></claim><claim id="clm-0012" num="12"><claim-text>12. The implant of claim 1, further including a projection associated with said first and sixth side, operative to be inserted into the first or second adjacent bone, to improve a connection of the first or sixth side with the first or second adjacent bone. </claim-text></claim><claim id="clm-0013" num="13"><claim-text>13. The implant of claim 12, wherein said projection includes at least one space, operative to provide a space for bone ingrowth. <!-- EPO <DP n="18"/>--> </claim-text></claim><claim id="clm-0014" num="14"><claim-text>14. The implant of claim 13, wherein said space extends from an open end of said projection in a direction of said first side, extending at an angle with respect to said axis. </claim-text></claim><claim id="clm-0015" num="15"><claim-text>15. The implant of claim 1, further including at least one opening operative to admit a tool part useful for inserting said implant into a space between the adjacent bones. </claim-text></claim><claim id="clm-0016" num="16"><claim-text>16. The implant of claim 1, wherein the adjacent bones are selected from the group consisting of finger, hand, wrist, elbow, shoulder, spine, hip, knee, ankle, foot, and toe. </claim-text></claim><claim id="clm-0017" num="17"><claim-text>17. The implant of claim 1, wherein the adjacent bones are located among the cervical vertebrae. </claim-text></claim><claim id="clm-0018" num="18"><claim-text>18. The implant of claim 1, wherein the implant enables relative motion of the first and second adjacent bones with respect to: </claim-text><claim-text> (a) opposite rotation about the axis; </claim-text><claim-text> (b) axially bending; </claim-text><claim-text> (c) axially compressing; and </claim-text><claim-text> (d) radial sliding with respect to the axis. </claim-text></claim><claim id="clm-0019" num="19"><claim-text>19. An implant for stabilizing first and second adjacent bones in a patient, comprising: a first support component having a first side adapted to be affixed to the first bone of the patient, and a second side opposite the first side having a smooth surface; </claim-text><claim-text> a resilient core having a third side having a smooth surface and positionable in mating slidable engagement with the second side, said resilient core further including a fourth side opposite the third side, said core further including an inflected region operative to facilitate bending of said core; </claim-text><claim-text> a second support component having a fifth side mateable with the fourth side, and a sixth side opposite fifth side adapted to be affixed to the second bone of the patient; </claim-text><claim-text> whereby an axis of the implant is defined as extending through said implant from the first adjacent bone to the second adjacent bone; </claim-text><claim-text> wherein said core is positionable between said first and second support components to thereby be positionable between the first and second adjacent bones; and <!-- EPO <DP n="19"/>--> wherein said core separates at least a portion of each of said first and second supports at a relative first distance along said axis, said core being resiliently deformable under pressure to separate said at least a portion each of said first and second supports at a second, lesser relative distance along said axis; and </claim-text><claim-text> wherein said core may slide upon said third side, in engagement with said second side, in a radial direction with respect to said axis; and </claim-text><claim-text> wherein said first support component is rotatable about said axis relative to said second support component; </claim-text><claim-text> wherein when said first support component is affixed to the first adjacent bone, and said second support component is affixed to the second adjacent bone, and said core is positioned between said first and second support components, the first and second adjacent bones are stabilized, and said core may both resiliently deform, rotate, and slide separately or simultaneously, to enable a kinematic movement of the two adjacent bones similar to a natural kinematic movement of the bones. </claim-text></claim><claim id="clm-0020" num="20"><claim-text>20. An implant for stabilizing first and second adjacent bones in a patient, comprising: a first support component having a first side adapted to be affixed to the first bone of the patient, and a second side opposite the first side having a smooth concave or convex surface; a resilient core having a third side having a smooth concave surface if said second side has a convex surface, or a smooth convex surface if said second side has a concave surface, said third side thereby positionable in mating slidable engagement with second side, said resilient core further including a fourth side opposite third side; </claim-text><claim-text> a second support component having a fifth side mateable with fourth side, and a sixth side opposite fifth side adapted to be affixed to the second bone of the patient; </claim-text><claim-text> whereby an axis of the implant is defined as extending through said implant from the first adjacent bone to the second adjacent bone; </claim-text><claim-text> wherein said core is positionable between said first and second support components to thereby be positionable between the first and second adjacent bones; and </claim-text><claim-text> wherein said core separates at least a portion of each of said first and second supports at a relative first distance along said axis, said core being resiliently deformable under pressure to separate said at least a portion each of said first and second supports at a second, lesser relative distance along said axis; and </claim-text><claim-text> wherein said core may slide upon said third side, in engagement with said second side, in a radial direction with respect to said axis; and <!-- EPO <DP n="20"/>--> wherein said first support component is rotatable about said axis relative to said second support component; </claim-text><claim-text> wherein when said first support component is affixed to the first adjacent bone, and said second support component is affixed to the second adjacent bone, and said core is positioned between said first and second support components, the first and second adjacent bones are stabilized, and said core may both resiliently deform, rotate, and slide separately or simultaneously, to enable a kinematic movement of the two adjacent bones similar to a natural kinematic movement of the bones. </claim-text></claim></claims><copyright>User acknowledges that Fairview Research LLC and its third party providers retain all right, title and interest in and to this xml under applicable copyright laws.  User acquires no ownership rights to this xml including but not limited to its format.  User hereby accepts the terms and conditions of the Licence Agreement</copyright></patent-document>
