<?xml version="1.0" encoding="UTF-8"?>
<patent-document ucid="EP-2678441-A1" country="EP" doc-number="2678441" kind="A1" date="20140101" family-id="44071008" file-reference-id="318301" date-produced="20180826" status="corrected" lang="EN"><bibliographic-data><publication-reference fvid="146551626" ucid="EP-2678441-A1"><document-id><country>EP</country><doc-number>2678441</doc-number><kind>A1</kind><date>20140101</date><lang>EN</lang></document-id></publication-reference><application-reference ucid="EP-12704842-A" is-representative="NO"><document-id mxw-id="PAPP154825549" load-source="docdb" format="epo"><country>EP</country><doc-number>12704842</doc-number><kind>A</kind><date>20120222</date><lang>EN</lang></document-id><document-id mxw-id="PAPP180246562" load-source="docdb" format="original"><country>EP</country><doc-number>12704842.9</doc-number><date>20120222</date><lang>EN</lang></document-id></application-reference><priority-claims><priority-claim mxw-id="PPC140448343" ucid="EP-11305188-A" load-source="docdb"><document-id format="epo"><country>EP</country><doc-number>11305188</doc-number><kind>A</kind><date>20110223</date></document-id></priority-claim><priority-claim mxw-id="PPC140447186" ucid="EP-12704842-A" load-source="docdb"><document-id format="epo"><country>EP</country><doc-number>12704842</doc-number><kind>A</kind><date>20120222</date></document-id></priority-claim><priority-claim mxw-id="PPC140445427" ucid="EP-2012053026-W" linkage-type="W" load-source="docdb"><document-id format="epo"><country>EP</country><doc-number>2012053026</doc-number><kind>W</kind><date>20120222</date></document-id></priority-claim></priority-claims><technical-data><classifications-ipcr><classification-ipcr mxw-id="PCL1988108778" load-source="docdb">C12Q   1/68        20060101AFI20121005BHEP        </classification-ipcr></classifications-ipcr><classifications-cpc><classification-cpc mxw-id="PCL1988102979" load-source="docdb" scheme="CPC">C12Q2600/106       20130101 LA20131217BHEP        </classification-cpc><classification-cpc mxw-id="PCL1988111381" load-source="docdb" scheme="CPC">C12Q2600/156       20130101 LA20131217BHEP        </classification-cpc><classification-cpc mxw-id="PCL1988125925" load-source="docdb" scheme="CPC">C12Q   1/6886      20130101 FI20131217BHEP        </classification-cpc></classifications-cpc><invention-title mxw-id="PT132187362" lang="DE" load-source="patent-office">EINZELNUKLEOTID-POLYMORPHISMEN IM PROMOTOR DES VEGFA-GENS UND VERWENDUNG DAVON ALS PRÄDIKTIVE MARKER FÜR ANTI-VEGF-BEHANDLUNGEN</invention-title><invention-title mxw-id="PT132187363" lang="EN" load-source="patent-office">SINGLE NUCLEOTIDE POLYMORPHISMS IN THE PROMOTER OF VEGFA GENE AND THEIR USE AS PREDICTIVE MARKERS FOR ANTI-VEGF TREATMENTS</invention-title><invention-title mxw-id="PT132187364" lang="FR" load-source="patent-office">POLYMORPHISMES DE NUCLÉOTIDE SIMPLE DANS LE PROCÉDÉ DU GÈNE VEGFA ET LEUR UTILISATION EN TANT QUE MARQUEURS PRÉDICTIFS POUR DES TRAITEMENTS ANTI-VEGF</invention-title></technical-data><parties><applicants><applicant mxw-id="PPAR918150628" load-source="docdb" sequence="1" format="epo"><addressbook><last-name>SANOFI SA</last-name><address><country>FR</country></address></addressbook></applicant><applicant mxw-id="PPAR918143513" load-source="docdb" sequence="1" format="intermediate"><addressbook><last-name>SANOFI</last-name></addressbook></applicant><applicant mxw-id="PPAR918992632" load-source="patent-office" sequence="1" format="original"><addressbook><last-name>SANOFI</last-name><iid>101304460</iid><address><street>54, rue La Boétie</street><city>75008 Paris</city><country>FR</country></address></addressbook></applicant></applicants><inventors><inventor mxw-id="PPAR918166658" load-source="docdb" sequence="1" format="epo"><addressbook><last-name>CHIRON BLONDEL MARIELLE</last-name><address><country>FR</country></address></addressbook></inventor><inventor mxw-id="PPAR918150150" load-source="docdb" sequence="1" format="intermediate"><addressbook><last-name>CHIRON BLONDEL, Marielle</last-name></addressbook></inventor><inventor mxw-id="PPAR918984767" load-source="patent-office" sequence="1" format="original"><addressbook><last-name>CHIRON BLONDEL, Marielle</last-name><address><street>c/o Sanofi Patent Department 54 rue La Boétie</street><city>F-75008 Paris</city><country>FR</country></address></addressbook></inventor><inventor mxw-id="PPAR918149697" load-source="docdb" sequence="2" format="epo"><addressbook><last-name>COUSIN EMMANUELLE</last-name><address><country>FR</country></address></addressbook></inventor><inventor mxw-id="PPAR918143661" load-source="docdb" sequence="2" format="intermediate"><addressbook><last-name>COUSIN, EMMANUELLE</last-name></addressbook></inventor><inventor mxw-id="PPAR918984654" load-source="patent-office" sequence="2" format="original"><addressbook><last-name>COUSIN, EMMANUELLE</last-name><address><street>c/o Sanofi Patent Department 54 rue La Boétie</street><city>F-75008 Paris</city><country>FR</country></address></addressbook></inventor><inventor mxw-id="PPAR918172489" load-source="docdb" sequence="3" format="epo"><addressbook><last-name>DELEUZE JEAN-FRANCOIS</last-name><address><country>FR</country></address></addressbook></inventor><inventor mxw-id="PPAR918158893" load-source="docdb" sequence="3" format="intermediate"><addressbook><last-name>DELEUZE, JEAN-FRANCOIS</last-name></addressbook></inventor><inventor mxw-id="PPAR918991207" load-source="patent-office" sequence="3" format="original"><addressbook><last-name>DELEUZE, Jean-François</last-name><address><street>c/o Sanofi Patent Department 54 rue La Boétie</street><city>F-75008 Paris</city><country>FR</country></address></addressbook></inventor><inventor mxw-id="PPAR918158474" load-source="docdb" sequence="4" format="epo"><addressbook><last-name>DREYMANN JENNIFER</last-name><address><country>FR</country></address></addressbook></inventor><inventor mxw-id="PPAR918136839" load-source="docdb" sequence="4" format="intermediate"><addressbook><last-name>DREYMANN, Jennifer</last-name></addressbook></inventor><inventor mxw-id="PPAR918981763" load-source="patent-office" sequence="4" format="original"><addressbook><last-name>DREYMANN, Jennifer</last-name><address><street>c/o Sanofi Patent Department 54 rue La Boétie</street><city>F-75008 Paris</city><country>FR</country></address></addressbook></inventor><inventor mxw-id="PPAR918156338" load-source="docdb" sequence="5" format="epo"><addressbook><last-name>MACE SANDRINE</last-name><address><country>FR</country></address></addressbook></inventor><inventor mxw-id="PPAR918132173" load-source="docdb" sequence="5" format="intermediate"><addressbook><last-name>MACE, SANDRINE</last-name></addressbook></inventor><inventor mxw-id="PPAR918983269" load-source="patent-office" sequence="5" format="original"><addressbook><last-name>MACE, SANDRINE</last-name><address><street>c/o Sanofi Patent Department 54 rue La Boétie</street><city>F-75008 Paris</city><country>FR</country></address></addressbook></inventor></inventors><agents><agent mxw-id="PPAR918993044" load-source="patent-office" sequence="1" format="original"><addressbook><last-name>Bouvet, Philippe</last-name><iid>101350089</iid><address><street>Sanofi Département Brevets 54, rue La Boétie</street><city>75008 Paris</city><country>FR</country></address></addressbook></agent></agents></parties><international-convention-data><pct-or-regional-filing-data ucid="EP-2012053026-W"><document-id><country>EP</country><doc-number>2012053026</doc-number><kind>W</kind><date>20120222</date><lang>EN</lang></document-id></pct-or-regional-filing-data><pct-or-regional-publishing-data ucid="WO-2012123227-A1"><document-id><country>WO</country><doc-number>2012123227</doc-number><kind>A1</kind><date>20120920</date><lang>EN</lang></document-id></pct-or-regional-publishing-data><designated-states><ep-contracting-states><country mxw-id="DS548938161" load-source="docdb">AL</country><country mxw-id="DS548933726" load-source="docdb">AT</country><country mxw-id="DS548938167" load-source="docdb">BE</country><country mxw-id="DS548945041" load-source="docdb">BG</country><country mxw-id="DS548921207" load-source="docdb">CH</country><country mxw-id="DS548839619" load-source="docdb">CY</country><country mxw-id="DS548933727" load-source="docdb">CZ</country><country mxw-id="DS548938168" load-source="docdb">DE</country><country mxw-id="DS548839620" load-source="docdb">DK</country><country mxw-id="DS548839621" load-source="docdb">EE</country><country mxw-id="DS548817799" load-source="docdb">ES</country><country mxw-id="DS548945046" load-source="docdb">FI</country><country mxw-id="DS548945047" load-source="docdb">FR</country><country mxw-id="DS548938169" load-source="docdb">GB</country><country mxw-id="DS548839622" load-source="docdb">GR</country><country mxw-id="DS548938242" load-source="docdb">HR</country><country mxw-id="DS548933728" load-source="docdb">HU</country><country mxw-id="DS548921208" load-source="docdb">IE</country><country mxw-id="DS548938243" load-source="docdb">IS</country><country mxw-id="DS548945048" load-source="docdb">IT</country><country mxw-id="DS548839623" load-source="docdb">LI</country><country mxw-id="DS548868776" load-source="docdb">LT</country><country mxw-id="DS548933729" load-source="docdb">LU</country><country mxw-id="DS548868777" load-source="docdb">LV</country><country mxw-id="DS548868778" load-source="docdb">MC</country><country mxw-id="DS548937255" load-source="docdb">MK</country><country mxw-id="DS548937256" load-source="docdb">MT</country><country mxw-id="DS548817800" load-source="docdb">NL</country><country mxw-id="DS548933734" load-source="docdb">NO</country><country mxw-id="DS548937257" load-source="docdb">PL</country><country mxw-id="DS548839624" load-source="docdb">PT</country><country mxw-id="DS548817801" load-source="docdb">RO</country><country mxw-id="DS548839625" load-source="docdb">RS</country><country mxw-id="DS548937258" load-source="docdb">SE</country><country mxw-id="DS548839626" load-source="docdb">SI</country><country mxw-id="DS548933735" load-source="docdb">SK</country><country mxw-id="DS548937259" load-source="docdb">SM</country><country mxw-id="DS548921209" load-source="docdb">TR</country></ep-contracting-states><ep-extended-states><ep-extended-state-data><country>BA</country></ep-extended-state-data><ep-extended-state-data><country>ME</country></ep-extended-state-data></ep-extended-states></designated-states></international-convention-data><office-specific-data><eptags><ep-no-a-document-published>*</ep-no-a-document-published></eptags></office-specific-data></bibliographic-data><abstract mxw-id="PA100264222" ref-ucid="WO-2012123227-A1" lang="EN" load-source="patent-office"><p num="0000">The invention relates to the treatment and the diagnosis of a group of patients bearing specific alleles of single nucleotide polymorphisms in the promoter region of the VEGFA gene. These patients are more responsive to Aflibercept and more likely to be efficiently treated by anti-VEGF therapy.</p></abstract><abstract mxw-id="PA100512939" ref-ucid="WO-2012123227-A1" lang="EN" source="national office" load-source="docdb"><p>The invention relates to the treatment and the diagnosis of a group of patients bearing specific alleles of single nucleotide polymorphisms in the promoter region of the VEGFA gene. These patients are more responsive to Aflibercept and more likely to be efficiently treated by anti-VEGF therapy.</p></abstract><abstract mxw-id="PA100264223" ref-ucid="WO-2012123227-A1" lang="FR" load-source="patent-office"><p num="0000">La présente invention concerne le traitement et le diagnostic d'un groupe de patients comportant des allèles spécifiques de polymorphismes de nucléotide simple dans la région de promoteur du gène VEGFA. Ces patients répondent davantage à l'aflibercept et sont plus susceptibles d'être efficacement traités par thérapie anti-VEGF.</p></abstract><abstract mxw-id="PA100512940" ref-ucid="WO-2012123227-A1" lang="FR" source="national office" load-source="docdb"><p>La présente invention concerne le traitement et le diagnostic d'un groupe de patients comportant des allèles spécifiques de polymorphismes de nucléotide simple dans la région de promoteur du gène VEGFA. Ces patients répondent davantage à l'aflibercept et sont plus susceptibles d'être efficacement traités par thérapie anti-VEGF.</p></abstract><description mxw-id="PDES51503486" ref-ucid="WO-2012123227-A1" lang="EN" load-source="patent-office"><!-- EPO <DP n="2"/>--><p id="p0001" num="0001"> Single nucleotide polymorphisms in the promoter of VEGFA gene and their use as predictive markers for anti-VEGF treatments </p><p id="p0002" num="0002">The present invention concerns anti-angiogenic therapies and more particularly relates to a group of patients bearing specific alleles of single nucleotide polymorphisms (SNPs) in the promoter sequence of VEGFA gene, found to be more responsive to anti-VEGF treatments. </p><p id="p0003" num="0003"> Anti-angiogenic therapies have improved the clinical outcome of selected tumors by inhibiting tumor growth via restriction of new blood vessel formation. As the tumor grows, the lack of sufficient blood supply creates a hypoxic environment, stimulating the release of factors like hypoxia inducible factor (HIF)-1 a, which induces angiogenesis by activating the transcription of vascular endothelial growth factor (VEGF) [Ferrara, N. et al. (2002) VEGF and the quest for tumor angiogenesis factors. Nat. Rev. Cancer. 2:795-803]. </p><p id="p0004" num="0004"> VEGFA and its receptors are frequently over-expressed in human tumors, including the breast, non-small cell lung, colorectal, and prostate cancers. VEGFA has been more particularly implicated with poor prognosis in breast cancer. Numerous studies show a decreased overall survival and disease-free survival in those tumors over-expressing VEGFA. Although the exact mechanism of action of VEGFA in the progression of tumors remains unclear, the expression of VEGFA is likely to play a central role in the vascularization of the tumors. </p><p id="p0005" num="0005"> The broad term 'VEGFA covers a number of proteins from two families, that result from alternate splicing of mRNA from a single, 8-exon, VEGFA gene. The VEGFA gene is located on chromosome 6 at location 6p21 .1 . Its coding region spans approximately 14 kilobases and consists of eight exons [Tischer, E. et al. The human gene for vascular endothelial growth factor. Multiple protein forms are encoded through alternative exeon splicing (1991 ) J. Biol. Chem. 266: 1 1947-954]. Numerous SNPs are present in the promoter, 5'-, and 3'-untranslated regions (UTR) of VEGFA. </p><p id="p0006" num="0006"> VEGFA and associated signaling pathways have been the target of many new anticancer drugs. In particular, optimized ligands of VEGFA, 
<!-- EPO <DP n="3"/>-->
 referred to as anti-VEGF proteins, capable of inhibiting or reducing the biological activity of VEGFA are currently being developed. These anti- VEGF proteins can be derived from natural or artificial proteins displaying some affinity with VEGFA, such as anti-VEGFA antibodies or VEGFA receptors. Examples of such anti-VEGF proteins, which have been made so far available for commercialization or clinical trials, are Bevacizumab (Avastin) [Ferrara N. et al. (2004) Discovery and development of Bevacizumab, an anti-VEGF antibody for treating cancer, Nature Reviews 3:391 -400], Ranibizumab (Lucentis) and Aflibercept (VEGF-trap) [Holash, J. (2002) VEGF-Trap: A VEGF blocker with potent antitumor effects, PNAS, 99(17): 1 1393-98]. </p><p id="p0007" num="0007"> Aflibercept is a VEGFA polypeptide ligand comprised of segments of the extracellular domains of human vascular endothelial growth factor receptors 1 (VEGFR1 ) and 2 (VEGFR2) fused to the constant region (Fc) of human lgG1 with anti-angiogenic activity. This protein functions as a soluble decoy receptor. It binds to pro-angiogenic vascular endothelial growth factors (VEGFAs), thereby preventing VEGFAs from binding to their cell receptors. Disruption of the binding of VEGFAs to their cell receptors results in the inhibition of tumor angiogenesis, metastasis, and ultimately in tumor regression. </p><p id="p0008" num="0008"> Anti-VEGF molecules have been also found to be useful for treating macular degeneration as counteracting the effects of VEGFA may provide a significant therapeutic effect in patients suffering from this disease. Age- related Macular Degeneration (AMD) is a leading cause of acquired blindness. In AMD, new blood vessels grow beneath the retina and leak blood and fluid. This leakage causes disruption and dysfunction of the retina, creating blind spots in central vision, and it can account for blindness in such patients. </p><p id="p0009" num="0009"> Anti-VEGF molecules have shown promising efficacy in preclinical and clinical studies [Rakesh K.J. et al. (2006) Lessons from Phase III clinical trials on anti-VEGF therapy for cancer, Nature Clinical Practice Oncology, 3:24-40]. However, they are often very expensive to produce, and some 
<!-- EPO <DP n="4"/>-->
 patients experience drug resistance, limited activity, and severe toxicities. There is therefore a strong need for identification of markers enabling a priori selection of patients who are likely to benefit from these agents. </p><p id="p0010" num="0010"> Several studies have examined the role of SNPs in the VEGFA gene as predictive and prognostic markers for major solid tumors. However, these studies resulted in conflicting reports [Jain L. et al. (2009) Mol. Cancer. Ther. 8(9):2496-2508]. Excepting the -1 154G&gt;A SNP, which was acknowledged as being correlated with a significant reduced risk of prostate cancer, no other VEGFA SNPs have been identified as being significantly associated with a lower or higher incidence of cancer. </p><p id="p0011" num="0011"> Another study by Schneider et al. [J. Clin. Oncol. (2008) 26:4672- 4678] found that the VEGFA -2578AA genotype is associated with a superior median overall survival in comparison to patients bearing -2578C alleles, in metastatic breast cancer patients treated with Bevacizumab. </p><p id="p0012" num="0012"> Thus, to date, it remains difficult to predict as whether a patient developing a cancer or macular degeneration is likely to be responsive to anti-VEGF treatment. </p><p id="p0013" num="0013"> The present invention discloses a study which unexpectedly shows that patients bearing some specific mutations in the promoter sequence of VEGFA gene are more responsive than others to treatments based on anti-VEGF proteins, especially to Aflibercept. These mutations correspond to polymorphisms (SNPs) naturally found in the human world population corresponding to the alleles referred to as: -2578C, -2549del, -1498T and - 1 190G. </p><p id="p0014" num="0014"> These patients appear to form a group, which is more responsive to anti-VEGF treatments, and, therefore, is likely to have a better treatment outcome. </p><p id="p0015" num="0015"> Based on these findings, the invention provides a diagnostic method, which consists of a genetic test that can be performed on blood samples, to determine which patients bear these SNPs and should be treated using anti-VEGF molecules. </p><p id="p0016" num="0016"> The invention also proposes to address anti-VEGF treatment primarily 
<!-- EPO <DP n="5"/>-->
 to patients bearing at least one of the alleles -2578C, -2549del, -1498T and - 1 190G. </p><p id="p0017" num="0017"> Figures 1A to 1 D: Representation of SEQ ID NO.2, the promoter sequence of the VEGFA gene, showing the respective polymorphisms -2578C, -2549del, -1498T and -1 190G in bold characters. </p><p id="p0018" num="0018"> The present invention has therefore for object a general diagnostic method for determining whether a patient is likely to offer a positive response to anti-VEGF therapy, wherein said method comprises the step of detecting the presence of at least one nucleotide polymorphism in the promoter sequence of the gene encoding VEGFA, such as SEQ ID NO.1 , isolated from said patient. The nucleotide polymorphism may correspond to a single mutation (SNP), a sequence deletion (del), insertion (ins), duplication, in comparison to the wild type sequence SEQ ID NO.1 . Such a polymorphism is detectable by any standard methods known in the art. </p><p id="p0019" num="0019"> More particularly, the diagnostic method according to the invention proposes to detect at least one of the polymorphisms -2578C, -2549del, - 1498T and -1 190G in said promoter polynucleotide sequence of the gene encoding VEGFA. </p><p id="p0020" num="0020"> The numbering of the polymorphisms corresponds to the positioning of the mutation or deletion relative to the first nucleotide of the translation initiation codon of the VEGFA gene. It is preceded by a minus sign to indicate that it is positioned before said first nucleotide. The letters A, T, C, and G correspond respectively to the nitrogenous bases adenine, thymine, cytosine and guanine. The abbreviation "del", with respect to -2549del, means a deletion of one or several nucleotide base(s) initially present at the position - 2549 before the "ATG" site of transcription. In an embodiment this deletion corresponds to one or several bases from the positions 1435 to 1452 of SEQ ID NO.1 as shown in bold in Figure 1 . </p><p id="p0021" num="0021"> SEQ ID NO.1 represents the main part of the promoter sequence of the VEGFA gene. The whole VEGFA gene sequence is available from the human genome database (Chromosome 6 contig GRCh37.p2 - ref. NCBI: 
<!-- EPO <DP n="6"/>-->
 NT_007592). This sequence is considered in the context of the present invention as the reference or wild-type polynucleotide sequence of the promoter of VEGFA. </p><p id="p0022" num="0022"> SEQ ID NO.2 represents the promoter sequence of VEGFA gene (same region as SEQ ID NO.1 ) including the four polymorphisms -2578C, - 2549del, -1498T and -1 190G altogether, as a allele sequence according to the invention. </p><p id="p0023" num="0023"> When the polymorphisms are detected independently from each other, the respective alleles so detected are simply referred to as -2578C, -2549del, -1498T or -1 190G. </p><p id="p0024" num="0024"> Table 1 shows the correspondence between the notation used for the allele mutations in the present patent application, and other equivalent notations taking into account the position of the bases with respect to the transcription initiation site of VEGFA. The changes induced by the polymorphisms in comparison to SEQ ID NO.1 and the reference numbers for each SNP in the NCBI database (www.ncbi.nlm.nih.gov/snp) are also indicated. </p><p id="p0025" num="0025">Table I </p><p id="p0026" num="0026"> SNP notations </p><p id="p0027" num="0027"><img id="imgf000006_0001" he="47" wi="145" file="imgf000006_0001.tif" img-format="tif" img-content="table" orientation="portrait" inline="no"/></p><p id="p0028" num="0028">In order to perform the diagnostic method according to the invention as an in-vitro method, the polynucleotide DNA sequence is primarily isolated from the patient by routine procedures. It can be isolated from a blood sample. </p><p id="p0029" num="0029"> The patients to be diagnosed are generally patients who were 
<!-- EPO <DP n="7"/>-->
 primarily diagnosed for cancer, macular degeneration or any other disease susceptible to be treated using anti-VEGF therapy. Breast cancer, non-small cell lung, colorectal and prostate cancers have been so far those known in the art as being more susceptible to be treated by anti-VEGF therapy. </p><p id="p0030" num="0030"> According to the present invention, anti-VEGF therapy can be performed with anti-VEGF proteins, which are can be proteins derived from VEGF receptors or from antibodies directed against VEGF proteins, more particularly anti-VEGFA proteins. </p><p id="p0031" num="0031"> It shall be noted that the alleles -2578C, -2549del, -1498T and -1 190G detectable according to the invention are usually found together in the same patient genomes, as they are statistically linked (unbalanced allele distribution). Accordingly, when one of these alleles is found in one patient's genome, the others are likely to be also present in the VEGFA promoter sequence of that patient, as represented, for instance, in SEQ ID NO.2. </p><p id="p0032" num="0032"> It is noteworthy that the above SNPs have a germinal origin and thus generally do not result from mutations occurring during the process of tumor transformation. The inventors have established that in 99 % of the analyzed tumors, the alleles bearing the SNPs were present in non tumor cells surrounding the tumor cells. These SNPs being from germinal origin, the diagnostic method of the invention can be performed directly from blood sample, rather than from tumor samples, which constitutes a much less invasive diagnosis method. </p><p id="p0033" num="0033"> Patients bearing one of the alleles -2578C, -2549del, -1498T and - 1 190G in their VEGFA gene promoter sequence have also been found to constitute a group of patients that are more responsive to anti-VEGF treatments. </p><p id="p0034" num="0034"> Particularly significant results were obtained with respect to the detection of the allele -2578C. </p><p id="p0035" num="0035"> According to an embodiment of the invention, all four alleles referred to above can be sought after in the patient's genome as a SNP signature. Detecting two, three or four of these alleles allows one to obtain a more reliable diagnosis, than one individual allele. For example, the inventors have 
<!-- EPO <DP n="8"/>-->
 observed among non-small cell lung cancer patients a significant association between the presence of the alleles -2578C, -2549del and -1498T altogether, and a stabilisation over more than 120 days for this disease upon anti-VEGF treatment. </p><p id="p0036" num="0036"> The present invention may be carried out using specific probes or primers designed to detect the above alleles within the genome of patients. The amplification techniques, which can be applied to the crude DNA preparations from the patient's biological samples, in particular from patients' blood, are those well known in the art. For example, PCR may be performed using primers differentiating the sequences in which alleles like SEQ ID NO.2, from a VEGFA promoter reference sequence like SEQ ID NO.1 , where none of these alleles are present. </p><p id="p0037" num="0037"> The probes or primers according to the invention can be polynucleotide sequences comprising the following polynucleotide sequences SEQ ID NO.3, SEQ ID NO.4, SEQ ID NO.5 or SEQ ID NO.6. </p><p id="p0038" num="0038"> According to an embodiment of the invention, the detection is performed by PCR using the following PCR sequences: </p><p id="p0039" num="0039"> - SEQ ID NO.3 (forward primer): CTG G G GAG C C AAGTG G ; </p><p id="p0040" num="0040"> - SEQ ID NO.4 (reverse primer): CCAGCACTAAGGAACGTCTGTAGGC. The above sequences are particularly adapted to amplify and/or sequence the alleles -2578C and -2549del. </p><p id="p0041" num="0041"> - SEQ ID NO.5 (forward primer): G C GAG C GTCTTC GAG AG ; </p><p id="p0042" num="0042"> - SEQ ID NO.6 (reverse primer): CCGGTCCACCTAACCGCTGC. </p><p id="p0043" num="0043"> The above sequences are particularly adapted to amplify and/or sequence the alleles -1498T and -1 190G. </p><p id="p0044" num="0044"> Another object of the invention is a method for treating a human subject afflicted with, or at risk of developing, an angiogenesis-related disease or disorder, wherein said method comprises the step of: </p><p id="p0045" num="0045"> (a) detecting in a nucleic acid sample from the subject the presence of at least one single nucleotide polymorphism (SN P) in the promoter sequence of the gene encoding VEGFA (SEQ ID NO.1 ); and</p><p id="p0046" num="0046">(b) administering to said patient said anti-VEGF therapy if said SNP 
<!-- EPO <DP n="9"/>-->
 is present in said subject. </p><p id="p0047" num="0047"> The invention relates furthermore to a method for selecting therapy for a human subject afflicted with, or at risk of developing, an angiogenesis- related disease or disorder, wherein said method comprises the step of: </p><p id="p0048" num="0048"> (a) detecting in a nucleic acid sample from the subject the presence of at least one single nucleotide polymorphism (SN P) in the promoter sequence of the gene encoding VEGFA (SEQ ID N0.1 ); and (b) selecting for said a patient an anti-VEGF therapy if said SNP is present in said subject. </p><p id="p0049" num="0049">The invention has for further object a diagnostic kit, which allows one to perform the diagnostic method as previously described, in view of detecting patients that are more responsive to anti-VEGF therapy. </p><p id="p0050" num="0050"> Such a diagnostic kit can comprise a set of primers, at least one of which comprises one of the sequences SEQ ID NO.3, SEQ ID NO.4, SEQ ID NO.5 and SEQ ID NO.6. </p><p id="p0051" num="0051"> This kit may further comprises enzymes with polymerase activity, restriction enzymes, or marking agents helping to detect the presence of the above polymorphisms in patient's genomic DNA. </p><p id="p0052" num="0052"> The above methods and kits aim to detect patients bearing the above polymorphisms or alleles in their genomes. </p><p id="p0053" num="0053"> As per the experimental data collected by the inventors, the patients bearing at least one of the above alleles form a group of patients, distinct from the general population, which is particularly responsive to anti-VEGF therapy. The health condition of these patients is thus likely to be improved by an anti-VEGF treatment. </p><p id="p0054" num="0054"> The diagnostic method according to the invention is therefore particularly intended to select patients to benefit anti-VEGF therapy for treating cancer, more specifically breast, non-small cell lung, colorectal or prostate cancer. It is also intended to select patients to benefit anti-VEGF therapy for treating macular degeneration. 
<!-- EPO <DP n="10"/>-->
 By anti-VEGF therapy is meant any therapeutic treatment targeting a VEGF protein in order to lower or inhibit its biological activity. </p><p id="p0055" num="0055"> A patient is deemed responsive to anti-VEGF therapy when such treatment improves his health condition with respect to the disease to be treated. </p><p id="p0056" num="0056"> In the case of cancer, for instance, this may consist of reducing tumor growth. In the case of macular degeneration, this may be a stabilization of retina tissues. </p><p id="p0057" num="0057"> In the present case, responsiveness was observed upon treatment of this group of patients using Aflibercept, a VEGF-trap molecule belonging to a class of molecules acting as anti-VEGFA ligands, i.e. inhibitor molecules binding to VEGFA. Thus, it is highly likely that the newly identified group of patients will be also responsive to other anti-VEGFA ligands, more particularly protein ligands derived from anti-VEGFA antibodies or receptors, such as Bevacizumab (Avastin) and Ranibizumab (Lucentis). </p><p id="p0058" num="0058"> Without being bound by theory, the inventors have made the hypothesis that the mutations in the promoter of VEGFA may reduce the expression of VEGFA, thus improving the ratio VEGFA/anti-VEGFA molecules, which would make anti-VEGF treatment even more efficient. However, more experimental work would need to be conducted to fully determine the exact mechanisms underlying the effects of the SNPs on the anti-VEGF treatments. </p><p id="p0059" num="0059"> In this context, the present invention also provides a method of treatment, according to which an anti-VEGF ligand is used for the treatment of cancer, especially breast and lung cancer treatment, in a group of patients bearing at least one allele of the promoter sequence of the VEGFA gene including -2578C, -2549del, -1498T or -1 190G. Such a ligand can be an anti- VEGFA protein. In an embodiment it is Aflibercept, </p><p id="p0060" num="0060"> This group of patients is defined by those patients in whom the above polymorphisms or alleles can be detected according to the diagnostic method of the invention. These patients offer a better response to anti-VEGF therapy in comparison to the general population. 
<!-- EPO <DP n="11"/>-->
 Similarly, an anti-VEGF ligand as defined above, and more especially Ranibizumab (Lucentis), is also useful for the treatment of macular degeneration in a group of patients bearing at least one allele of the promoter sequence of the VEGFA gene including -2578C, -2549del, -1498T or - 1 190G. </p><p id="p0061" num="0061"> The following example is given to illustrate the invention in a non limitative manner. </p><p id="p0062" num="0062">EXAMPLE </p><p id="p0063" num="0063"> Material and Methods </p><p id="p0064" num="0064">Crude DNA was extracted from full blood of patients having been treated with Aflibercept during clinical assays held by Sanofi-Aventis for evaluating the efficacy of this product against different cancers (lung, ovary and breast). This DNA extraction was made using the general method by Sambrook, J. [Molecular Cloning (Third Edition) (2001 ) Cold Spring Harbour Laboratory Press, N Y.]. </p><p id="p0065" num="0065"> SNP -2578C/A was sequenced by the classical method by Sanger et al. on :</p><p id="p0066" num="0066">• 92 Caucasian individuals from the Coriell Institute to determine the frequency of these SNPs in a general population of healthy patients.</p><p id="p0067" num="0067">• 131 DNA tumor extracts (lung, ovary, breast) as well as 131 DNA samples extracted from the margin of the same tumors, to confirm the germinal origin of the genetic variants. </p><p id="p0068" num="0068"> • 31 samples from patients pre-clinically treated with Aflibercept, to identify the possible link between these SNPs and the activity of Aflibercept. </p><p id="p0069" num="0069"> · 47 DNA extracts from blood from patients having lung cancer. </p><p id="p0070" num="0070"> • 145 DNA extracts from blood from ovary cancer patients, the two latter analyses aiming to validate an association between the SNPs and an improved clinical activity of Aflibercept. The different VEGFA polymorphisms -2578C/A, -2549del/ins, -1498T/C and -1 190G/A are described under the references rs699947, rs34357231 , rs833061 and rs13207351 in the NCBI database dbSNP (see Table 1 ). Fig.1 
<!-- EPO <DP n="12"/>-->
 illustrates an allele including 2578C, -2549del, -1498T and -1 190G (SEQ ID N0.2). </p><p id="p0071" num="0071"> The following primers were used for both PCR and sequencing: </p><p id="p0072" num="0072">In order to amplify by PCR and sequence the alleles -2578C and -2549del: - SEQ ID NO.3 (forward primer): CTG G G GAG C C AAGTG G ; </p><p id="p0073" num="0073"> - SEQ ID NO.4 (reverse primer): CCAGCACTAAGGAACGTCTGTAGGC. In order to amplify by PCR and sequence the alleles -1498T and -1 190G:</p><p id="p0074" num="0074">- SEQ ID NO.5 (forward primer): G C GAG C GTCTTC GAG AG ; </p><p id="p0075" num="0075"> - SEQ ID N0.6 (reverse primer): CCGGTCCACCTAACCGCTGC. </p><p id="p0076" num="0076"> Genomic DNA (2 μΙ at 10 ng/μΙ) was used as template for PCR amplification. 1 μΙ of 10 μΜ forward primer, was added to 1 μΙ of 10 μΜ reverse primer and Promega 2 X mix (12 μΙ; Promega, Madison, Wisconsin, USA) for a final reaction volume of 20 μΙ. PCR conditions were as follows: 95°C for 3 min, followed by 2 cycles 95°C for 30 sec and 70°C for 30 sec, 2 cycles 95°C for 30 sec and 65°C x 30 sec, 2 cycles 95°C for 30 sec and 60°C for 30 sec, 40 cycles 95°C for 30 sec and 56°C for 30 sec and 72°C x 30 sec, ending with 72°C for 10 min. </p><p id="p0077" num="0077"> The purified PCR products (2 μΙ), which were obtained were used as template for sequencing reactions. 1 μΙ of 10 μΜ primer was added to big Dye terminator sequencing mix (1 .5 μΙ; Applied Biosystems, Foster City, USA) for a final reaction volume of 10 μΙ. Cycling conditions were performed as specified by the manufacturer. The sequencing reactions were purified on G50 Sephadex columns (Amersham). We analyzed the reactions on an ABI 3730 as recommended by the manufacturer. Assemblies and SNP identification were done using PHRED, PHRAP and POLYPHRED software. </p><p id="p0078" num="0078">Results: </p><p id="p0079" num="0079"> 1 . The C allele of the SNP -2578C/A tends to be associated with a preclinical response to Aflibercept. </p><p id="p0080" num="0080"> 2. The frequency of -2578C/A in a population deemed to be composed of healthy patients was found to be about 51 % for C allele 
<!-- EPO <DP n="13"/>-->
 (corresponding to SEQ ID NO.2) and 49 % for A allele (corresponding to SEQ ID NO.1 ) . </p><p id="p0081" num="0081"> 3. SNP -2578C was identified in both the tumor tissue and the marginal tissues, which demonstrates that this allele is present in the germinal cells, and is not due to tumor transformation. This was the case for 37 of 38 breast tumors, the 46 ovarian tumors, as well as the 47 lung tumors. </p><p id="p0082" num="0082"> 4. A significant association was found between -2578C and a positive response to Aflibercept with respect to lung cancer, as shown in Table 2. In these patients, -2578C was in complete association with the other alleles -2549del and -1498T (SNP bearing patient vs. non bearing patients (χ<sup>2</sup>) : p = 0.028 ; homogeneity test of allelic distribution (χ<sup>2</sup>): p = 0.044 ). </p><p id="p0083" num="0083">Table 2 </p><p id="p0084" num="0084"> SNPs -2578C/A ; -2549del/ins ; -1498T/C </p><p id="p0085" num="0085"><img id="imgf000013_0001" he="22" wi="102" file="imgf000013_0001.tif" img-format="tif" img-content="table" orientation="portrait" inline="no"/></p><p id="p0086" num="0086">Discussion: </p><p id="p0087" num="0087"> Significant results were obtained when testing the association of the SNP marker -2578C with the response to Aflibercept treatment. The responding patients are those bearing one or two C alleles in position -2578, and the patients with a lower response to Aflibercept are those bearing two A alleles at this position. </p><p id="p0088" num="0088"> Detecting the presence of such C alleles in patients should improve the benefit/risk balance of anti-VEGF treatment by treating only those patients susceptible to truly benefit from this treatment, and by avoiding exposing unnecessarily other patients to the toxic effects of anti-VEGF therapeutics. 
<!-- EPO <DP n="14"/>-->
 The detection of -2578C seems to be sufficient to distinguish those patients responsive to anti-VEGF treatment. However, it may be put into combination with several other SNP markers, such as -2549del and -1498T, and also -1 190G, which are in strong association with -2578C allele. This association thus forms a SNP signature that is helpful to identify more easily the patients likely to benefit from anti-VEGF treatment. Such a signature should not be only useful with respect to Aflibercept, but also for any VEGF inhibitors, in particular VEGFA ligands such as Avastin (protein derived from anti-VEGFA antibody Bevacizumab). </p><p id="p0089" num="0089"> Furthermore, as -2578C allele is of germinal origin, it can be detected readily in a blood test by using standard genetic tests. 
</p></description><claims mxw-id="PCLM45133046" ref-ucid="WO-2012123227-A1" lang="EN" load-source="patent-office"><claim-statement><!-- EPO <DP n="15"/>-->CLAIMS </claim-statement><claim id="clm-0001" num="1"><claim-text>1 . Diagnostic method for determining whether a patient is likely to offer a positive response to anti-VEGF therapy, wherein said method comprises the step of detecting the presence of at least one nucleotide polymorphism in the promoter sequence of the gene encoding VEGFA (SEQ ID N0.1 ) isolated from said patient. </claim-text></claim><claim id="clm-0002" num="2"><claim-text>2. Diagnostic method according to claim 1 , wherein said promoter sequence is isolated from the blood of said patient. </claim-text></claim><claim id="clm-0003" num="3"><claim-text>3. Diagnostic method according to claim 1 , wherein said polymorphism corresponds to an allele selected from -2578C, -2549del, - 1498T or -1 190G. </claim-text></claim><claim id="clm-0004" num="4"><claim-text>4. Diagnostic method according to claim 2, wherein the allele -2578C is detected. </claim-text></claim><claim id="clm-0005" num="5"><claim-text>5. Diagnostic method according to claim 2 or 3, wherein said alleles -2578C, -2549del, -1498T or -1 190G are detected altogether. </claim-text></claim><claim id="clm-0006" num="6"><claim-text>6. Diagnostic method according to any one of claims 1 to 5, wherein said method is to select patients to benefit anti-VEGF therapy for treating cancer. </claim-text></claim><claim id="clm-0007" num="7"><claim-text>7. Diagnostic method according to claim 6, wherein said cancer to be treated is breast, non-small cell lung, colorectal or prostate cancer. </claim-text></claim><claim id="clm-0008" num="8"><claim-text>8. Diagnostic method according to claim 7, wherein said cancer is breast cancer. </claim-text></claim><claim id="clm-0009" num="9"><claim-text>9. Diagnostic method according to any one of claims 1 to 5, wherein said method is to select patients to benefit anti-VEGF therapy for treating macular degeneration. <!-- EPO <DP n="16"/>--> </claim-text></claim><claim id="clm-0010" num="10"><claim-text>10. Diagnostic method according to any one of claims 1 to 9, wherein the detection of said nucleotide polymorphism or allele is performed by hybridization of at least one primer, the sequence of which comprises SEQ ID NO.3, SEQ ID NO.4, SEQ ID NO.5 or SEQ ID NO.6. </claim-text></claim><claim id="clm-0011" num="11"><claim-text>1 1 . Diagnostic method according to any one of claims 1 to 10, wherein the anti-VEGF therapy is to be practised using a anti-VEGFA protein ligand protein, such as Aflibercept, Bevacizumab or Ranibizumab. </claim-text></claim><claim id="clm-0012" num="12"><claim-text>12. Diagnostic method according to any one of claims 1 to 1 1 , wherein the anti-VEGF therapy is to be practised using Aflibercept molecule. </claim-text></claim><claim id="clm-0013" num="13"><claim-text>13. Diagnostic kit for determining whether a patient is likely to offer a positive response to anti-VEGF therapy, including at least one primer hybridizing SEQ ID N0.1 under standard hybridization conditions. </claim-text></claim><claim id="clm-0014" num="14"><claim-text>14. Diagnostic kit according to claim 13, wherein the sequence of said primer hybridizing SEQ ID N0.1 comprises SEQ ID NO.3, SEQ ID NO.4, SEQ ID NO.5 or SEQ ID NO.6. </claim-text></claim><claim id="clm-0015" num="15"><claim-text>15. Anti-VEGFA ligand for the treatment of cancer in a group of patients bearing at least one allele in the promoter sequence of the gene encoding VEGFA selected from -2578C, -2549del, -1498T or -1 190G. </claim-text></claim><claim id="clm-0016" num="16"><claim-text>16. Anti-VEGFA ligand for the treatment of breast cancer in a group of patients bearing at least one allele in the promoter sequence of the gene encoding VEGFA selected from -2578C, -2549del, -1498T or -1 190G. </claim-text></claim><claim id="clm-0017" num="17"><claim-text>17. Anti-VEGFA ligand for the treatment of macular degeneration in a group of patients bearing at least one allele in the promoter sequence of the gene encoding VEGFA selected from -2578C, -2549del, -1498T or -1 190G. </claim-text></claim><claim id="clm-0018" num="18"><claim-text>18. A method for determining clinical responsiveness to anti- VEGF therapy in a human subject afflicted with, or at risk of developing, an <!-- EPO <DP n="17"/>--> angiogenesis-related disease or disorder, wherein said method comprises the step of detecting in a nucleic acid sample from the subject the presence of at least one single nucleotide polymorphism (SNP) in the promoter sequence of the gene encoding VEGFA (SEQ ID NO.1 ), wherein the presence of said SNP is indicative of clinical responsiveness to said anti- VEGF therapy. </claim-text></claim><claim id="clm-0019" num="19"><claim-text>19. A method for treating a human subject afflicted with, or at risk of developing, an angiogenesis-related disease or disorder, wherein said method comprises the step of: </claim-text><claim-text>(a) detecting in a nucleic acid sample from the subject the presence of at least one single nucleotide polymorphism (SNP) in the promoter sequence of the gene encoding VEGFA (SEQ ID NO.1 ); and</claim-text><claim-text>(b) administering to said patient said anti-VEGF therapy if said SNP is present in said subject. </claim-text></claim><claim id="clm-0020" num="20"><claim-text> 20. A method for selecting therapy for a human subject afflicted with, or at risk of developing, an angiogenesis-related disease or disorder, wherein said method comprises the step of: </claim-text><claim-text>(a) detecting in a nucleic acid sample from the subject the presence of at least one single nucleotide polymorphism (SNP) in the promoter sequence of the gene encoding VEGFA (SEQ ID NO.1 ); and</claim-text><claim-text>(b) selecting for said a patient an anti-VEGF therapy if said SNP is present in said subject. </claim-text></claim><claim id="clm-0021" num="21"><claim-text>21 . A diagnostic kit for determining clinical responsiveness to anti-VEGF therapy in a human subject afflicted with, or at risk of developing, an angiogenesis-related disease or disorder, said kit comprising at least one primer capable of detecting in a nucleic acid sample from the subject the presence of at least one single nucleotide polymorphism (SNP) in the promoter sequence of the gene encoding VEGFA (SEQ ID NO.1 ). </claim-text></claim></claims><copyright>User acknowledges that Fairview Research LLC and its third party providers retain all right, title and interest in and to this xml under applicable copyright laws.  User acquires no ownership rights to this xml including but not limited to its format.  User hereby accepts the terms and conditions of the Licence Agreement</copyright></patent-document>
