<?xml version="1.0" encoding="UTF-8"?>
<patent-document ucid="EP-2678387-A1" country="EP" doc-number="2678387" kind="A1" date="20140101" family-id="44759793" file-reference-id="252637" date-produced="20180826" status="corrected" lang="EN"><bibliographic-data><publication-reference fvid="146551680" ucid="EP-2678387-A1"><document-id><country>EP</country><doc-number>2678387</doc-number><kind>A1</kind><date>20140101</date><lang>EN</lang></document-id></publication-reference><application-reference ucid="EP-11764929-A" is-representative="NO"><document-id mxw-id="PAPP154825603" load-source="docdb" format="epo"><country>EP</country><doc-number>11764929</doc-number><kind>A</kind><date>20110923</date><lang>EN</lang></document-id><document-id mxw-id="PAPP168045670" load-source="docdb" format="original"><country>EP</country><doc-number>11764929.3</doc-number><date>20110923</date></document-id></application-reference><priority-claims><priority-claim mxw-id="PPC140445620" ucid="US-2011052956-W" linkage-type="W" load-source="docdb"><document-id format="epo"><country>US</country><doc-number>2011052956</doc-number><kind>W</kind><date>20110923</date></document-id></priority-claim><priority-claim mxw-id="PPC140449917" ucid="US-201113031322-A" load-source="docdb"><document-id format="epo"><country>US</country><doc-number>201113031322</doc-number><kind>A</kind><date>20110221</date></document-id></priority-claim></priority-claims><technical-data><classifications-ipcr><classification-ipcr mxw-id="PCL1988098302" load-source="docdb">C08K   5/3462      20060101ALI20120913BHEP        </classification-ipcr><classification-ipcr mxw-id="PCL1988101692" load-source="docdb">C08L  27/06        20060101ALI20120913BHEP        </classification-ipcr><classification-ipcr mxw-id="PCL1988136572" load-source="docdb">C08K   5/00        20060101AFI20120913BHEP        </classification-ipcr></classifications-ipcr><classifications-cpc><classification-cpc mxw-id="PCL-2073180946" load-source="docdb" scheme="CPC">Y10T 428/3175      20150401 LA20150410BCEP        </classification-cpc><classification-cpc mxw-id="PCL-2073185284" load-source="docdb" scheme="CPC">Y10T 442/387       20150401 LA20150410BCEP        </classification-cpc><classification-cpc mxw-id="PCL-2073185759" load-source="docdb" scheme="CPC">Y10T 428/31909     20150401 LA20150410BCEP        </classification-cpc><classification-cpc mxw-id="PCL-2073186355" load-source="docdb" scheme="CPC">Y10T 428/31935     20150401 LA20150410BCEP        </classification-cpc><classification-cpc mxw-id="PCL-2073187557" load-source="docdb" scheme="CPC">Y10T 428/3188      20150401 LA20150410BCEP        </classification-cpc><classification-cpc mxw-id="PCL-2073187714" load-source="docdb" scheme="CPC">Y10T 442/676       20150401 LA20150410BCEP        </classification-cpc><classification-cpc mxw-id="PCL-2073188114" load-source="docdb" scheme="CPC">Y10T 442/2787      20150401 LA20150410BCEP        </classification-cpc><classification-cpc mxw-id="PCL-2073188617" load-source="docdb" scheme="CPC">Y10T 442/2861      20150401 LA20150410BCEP        </classification-cpc><classification-cpc mxw-id="PCL-2102480067" load-source="docdb" scheme="CPC">D06N   3/0056      20130101 LI20150124BHEP        </classification-cpc><classification-cpc mxw-id="PCL-2102480329" load-source="docdb" scheme="CPC">D06M  15/263       20130101 LI20150124BHEP        </classification-cpc><classification-cpc mxw-id="PCL-2102481383" load-source="docdb" scheme="CPC">D06N2209/1614      20130101 LA20150124BHEP        </classification-cpc><classification-cpc mxw-id="PCL-2102482019" load-source="docdb" scheme="CPC">D06N   3/0011      20130101 LI20150124BHEP        </classification-cpc><classification-cpc mxw-id="PCL-2102482161" load-source="docdb" scheme="CPC">D06N   3/0059      20130101 LI20150124BHEP        </classification-cpc><classification-cpc mxw-id="PCL-2102482171" load-source="docdb" scheme="CPC">Y10T 428/24322     20130101 LA20150123BCEP        </classification-cpc><classification-cpc mxw-id="PCL-2102482270" load-source="docdb" scheme="CPC">B32B   5/024       20130101 LI20150124BHEP        </classification-cpc><classification-cpc mxw-id="PCL-2102483064" load-source="docdb" scheme="CPC">C08K   5/005       20130101 LI20150124BHEP        </classification-cpc><classification-cpc mxw-id="PCL-2102483719" load-source="docdb" scheme="CPC">D06M  13/292       20130101 LI20150124BHEP        </classification-cpc><classification-cpc mxw-id="PCL-2102484118" load-source="docdb" scheme="CPC">D06N   3/06        20130101 LI20150124BHEP        </classification-cpc><classification-cpc mxw-id="PCL-2102484298" load-source="docdb" scheme="CPC">D06N   3/0015      20130101 LI20150124BHEP        </classification-cpc><classification-cpc mxw-id="PCL-2102484795" load-source="docdb" scheme="CPC">Y10T 428/24405     20130101 LA20150123BCEP        </classification-cpc><classification-cpc mxw-id="PCL-2102485675" load-source="docdb" scheme="CPC">B32B2590/00        20130101 LA20150124BHEP        </classification-cpc><classification-cpc mxw-id="PCL-2102486181" load-source="docdb" scheme="CPC">D06N   3/0006      20130101 LI20150124BHEP        </classification-cpc><classification-cpc mxw-id="PCL-2102486190" load-source="docdb" scheme="CPC">B32B2307/308       20130101 LA20150124BHEP        </classification-cpc><classification-cpc mxw-id="PCL-2102486662" load-source="docdb" scheme="CPC">B32B  27/12        20130101 LI20150124BHEP        </classification-cpc><classification-cpc mxw-id="PCL-2102486880" load-source="docdb" scheme="CPC">B32B2607/02        20130101 LA20150124BHEP        </classification-cpc><classification-cpc mxw-id="PCL-2102486970" load-source="docdb" scheme="CPC">D06N2211/063       20130101 LA20150124BHEP        </classification-cpc><classification-cpc mxw-id="PCL-2102487024" load-source="docdb" scheme="CPC">B32B   5/022       20130101 LI20150124BHEP        </classification-cpc><classification-cpc mxw-id="PCL-2102487045" load-source="docdb" scheme="CPC">C08K   5/0091      20130101 FI20150124BHEP        </classification-cpc><classification-cpc mxw-id="PCL-2102487099" load-source="docdb" scheme="CPC">C08K   5/3462      20130101 LI20150124BHEP        </classification-cpc><classification-cpc mxw-id="PCL-2102487406" load-source="docdb" scheme="CPC">B32B2262/02        20130101 LA20150124BHEP        </classification-cpc><classification-cpc mxw-id="PCL-2102488021" load-source="docdb" scheme="CPC">Y10T 428/24        20130101 LA20150123BCEP        </classification-cpc><classification-cpc mxw-id="PCL-2102489131" load-source="docdb" scheme="CPC">B32B2307/7163      20130101 LA20150124BHEP        </classification-cpc><classification-cpc mxw-id="PCL-2102489331" load-source="docdb" scheme="CPC">B32B  27/304       20130101 LI20150124BHEP        </classification-cpc><classification-cpc mxw-id="PCL-2102489768" load-source="docdb" scheme="CPC">B32B  27/18        20130101 LI20150124BHEP        </classification-cpc><classification-cpc mxw-id="PCL-2102489997" load-source="docdb" scheme="CPC">C08K   5/0033      20130101 LI20150124BHEP        </classification-cpc><classification-cpc mxw-id="PCL-2102490454" load-source="docdb" scheme="CPC">Y10T 428/2476      20130101 LA20150123BCEP        </classification-cpc></classifications-cpc><invention-title mxw-id="PT132187524" lang="DE" load-source="patent-office">SCHWERMETALLFREIE UND ANAEROB KOMPOSTIERBARE VINYLHALOGENIDZUSAMMENSETZUNGEN, ARTIKEL UND BIOLOGISCHER ABBAU EINER MÜLLDEPONIE</invention-title><invention-title mxw-id="PT132187525" lang="EN" load-source="patent-office">HEAVY METAL-FREE AND ANAEROBICALLY COMPOSTABLE VINYL HALIDE COMPOSITIONS, ARTICLES AND LANDFILL BIODEGRADATION</invention-title><invention-title mxw-id="PT132187526" lang="FR" load-source="patent-office">COMPOSITIONS D'HALOGÉNURE DE VINYLE COMPOSTABLES EN CONDITIONS ANAÉROBIES ET SANS MÉTAUX LOURDS, ARTICLES ET BIODÉGRADATION EN DÉCHARGE</invention-title><citations><non-patent-citations><nplcit><text>See references of WO 2012115684A1</text><sources><source mxw-id="PNPL67452091" load-source="docdb" name="SEA"/></sources></nplcit></non-patent-citations></citations></technical-data><parties><applicants><applicant mxw-id="PPAR918165181" load-source="docdb" sequence="1" format="epo"><addressbook><last-name>BIOTECH PRODUCTS LLC</last-name><address><country>US</country></address></addressbook></applicant><applicant mxw-id="PPAR918146382" load-source="docdb" sequence="1" format="intermediate"><addressbook><last-name>BIOTECH PRODUCTS, LLC</last-name></addressbook></applicant><applicant mxw-id="PPAR918987525" load-source="patent-office" sequence="1" format="original"><addressbook><last-name>BIOtech Products, LLC</last-name><iid>101334671</iid><address><street>1578 Sussex Turnpike Building 4</street><city>Randolph, NJ 07869</city><country>US</country></address></addressbook></applicant></applicants><inventors><inventor mxw-id="PPAR918135157" load-source="docdb" sequence="1" format="epo"><addressbook><last-name>GROSSMAN RICHARD F</last-name><address><country>US</country></address></addressbook></inventor><inventor mxw-id="PPAR918156184" load-source="docdb" sequence="1" format="intermediate"><addressbook><last-name>GROSSMAN, RICHARD, F.</last-name></addressbook></inventor><inventor mxw-id="PPAR918992949" load-source="patent-office" sequence="1" format="original"><addressbook><last-name>GROSSMAN, RICHARD, F.</last-name><address><street>1013 Oriente Avenue</street><city>Wilmington, DE 19807</city><country>US</country></address></addressbook></inventor></inventors><agents><agent mxw-id="PPAR918992581" load-source="patent-office" sequence="1" format="original"><addressbook><last-name>Findlay, Alice Rosemary</last-name><iid>101251662</iid><address><street>Reddie &amp; Grose LLP 16 Theobalds Road</street><city>London WC1X 8PL</city><country>GB</country></address></addressbook></agent></agents></parties><international-convention-data><pct-or-regional-filing-data ucid="US-2011052956-W"><document-id><country>US</country><doc-number>2011052956</doc-number><kind>W</kind><date>20110923</date><lang>EN</lang></document-id></pct-or-regional-filing-data><pct-or-regional-publishing-data ucid="WO-2012115684-A1"><document-id><country>WO</country><doc-number>2012115684</doc-number><kind>A1</kind><date>20120830</date><lang>EN</lang></document-id></pct-or-regional-publishing-data><designated-states><ep-contracting-states><country mxw-id="DS548869079" load-source="docdb">AL</country><country mxw-id="DS548923436" load-source="docdb">AT</country><country mxw-id="DS548869080" load-source="docdb">BE</country><country mxw-id="DS548841194" load-source="docdb">BG</country><country mxw-id="DS548939203" load-source="docdb">CH</country><country mxw-id="DS548818058" load-source="docdb">CY</country><country mxw-id="DS548923437" load-source="docdb">CZ</country><country mxw-id="DS548869081" load-source="docdb">DE</country><country mxw-id="DS548818059" load-source="docdb">DK</country><country mxw-id="DS548818060" load-source="docdb">EE</country><country mxw-id="DS548937803" load-source="docdb">ES</country><country mxw-id="DS548841195" load-source="docdb">FI</country><country mxw-id="DS548841196" load-source="docdb">FR</country><country mxw-id="DS548869082" load-source="docdb">GB</country><country mxw-id="DS548818061" load-source="docdb">GR</country><country mxw-id="DS548869083" load-source="docdb">HR</country><country mxw-id="DS548923438" load-source="docdb">HU</country><country mxw-id="DS548939204" load-source="docdb">IE</country><country mxw-id="DS548818062" load-source="docdb">IS</country><country mxw-id="DS548841197" load-source="docdb">IT</country><country mxw-id="DS548818063" load-source="docdb">LI</country><country mxw-id="DS548946954" load-source="docdb">LT</country><country mxw-id="DS548923439" load-source="docdb">LU</country><country mxw-id="DS548946955" load-source="docdb">LV</country><country mxw-id="DS548946956" load-source="docdb">MC</country><country mxw-id="DS548934829" load-source="docdb">MK</country><country mxw-id="DS548934834" load-source="docdb">MT</country><country mxw-id="DS548841202" load-source="docdb">NL</country><country mxw-id="DS548937804" load-source="docdb">NO</country><country mxw-id="DS548939205" load-source="docdb">PL</country><country mxw-id="DS548934835" load-source="docdb">PT</country><country mxw-id="DS548841203" load-source="docdb">RO</country><country mxw-id="DS548934836" load-source="docdb">RS</country><country mxw-id="DS548939206" load-source="docdb">SE</country><country mxw-id="DS548923440" load-source="docdb">SI</country><country mxw-id="DS548937805" load-source="docdb">SK</country><country mxw-id="DS548939207" load-source="docdb">SM</country><country mxw-id="DS548946957" load-source="docdb">TR</country></ep-contracting-states></designated-states></international-convention-data><office-specific-data><eptags><ep-no-a-document-published>*</ep-no-a-document-published></eptags></office-specific-data></bibliographic-data><abstract mxw-id="PA99620142" ref-ucid="WO-2012115684-A1" lang="EN" load-source="patent-office"><p num="0000">Heavy metal-free compostable polymers, composites and articles anaerobically biodegrade in landfills in a relatively short time. Heavy metal-free composite polymeric articles and sheets such as indoor or outdoor signs, billboards, banners, images, protective barriers, backdrops and wall coverings have very useful service durations and yet are landfill biodegradable.</p></abstract><abstract mxw-id="PA99819813" ref-ucid="WO-2012115684-A1" lang="EN" source="national office" load-source="docdb"><p>Heavy metal-free compostable polymers, composites and articles anaerobically biodegrade in landfills in a relatively short time. Heavy metal-free composite polymeric articles and sheets such as indoor or outdoor signs, billboards, banners, images, protective barriers, backdrops and wall coverings have very useful service durations and yet are landfill biodegradable.</p></abstract><abstract mxw-id="PA99620143" ref-ucid="WO-2012115684-A1" lang="FR" load-source="patent-office"><p num="0000">L'invention concerne des polymères compostables sans métaux lourds, des composites et des articles qui se biodégradent en conditions anaérobies dans des décharges en une durée relativement courte. Des articles et des feuilles polymères composites sans métaux lourds, comme des enseignes intérieures ou extérieures, des panneaux d'affichage, des banderoles, des images, des barrières de protection, des toiles de fond et des revêtements muraux ont des durées de vie très utiles et sont cependant biodégradables en décharge.</p></abstract><abstract mxw-id="PA99819814" ref-ucid="WO-2012115684-A1" lang="FR" source="national office" load-source="docdb"><p>L'invention concerne des polymères compostables sans métaux lourds, des composites et des articles qui se biodégradent en conditions anaérobies dans des décharges en une durée relativement courte. Des articles et des feuilles polymères composites sans métaux lourds, comme des enseignes intérieures ou extérieures, des panneaux d'affichage, des banderoles, des images, des barrières de protection, des toiles de fond et des revêtements muraux ont des durées de vie très utiles et sont cependant biodégradables en décharge.</p></abstract><description mxw-id="PDES50930512" ref-ucid="WO-2012115684-A1" lang="EN" load-source="patent-office"><!-- EPO <DP n="2"/>--><p id="p0001" num="0001"> HEAVY METAL-FREE AND ANAEROBICALLY COMPOSTABLE VINYL HALIDE COMPOSITIONS. ARTICLES AND LANDFILL BIODEGRADATION</p><p id="p0002" num="0002">RELATED APPLICATION </p><p id="p0003" num="0003"> [0001] This application is a continuation-in-part application of United States Patent Application Serial No. 12/500,805, filed July 10, 2009, which in turn is a continuation-in-part of U.S. Patent Application Serial No. 1 1/747,481 , filed May 1 1 , 2007, which in turn is a continuation-in-part of United States Patent Application Serial No. 1 1/041 ,322, filed January 24, 2005, now U.S. Patent No. 7,390,84 , United States Patent Application Serial No. 12/049,668, filed March 17, 2008 and United States Patent Application Serial No. 12/098,613 filed April 7, 2008, and the entire description and claims of these applications are incorporated herein by reference. </p><p id="p0004" num="0004">FIELD OF THE INVENTION </p><p id="p0005" num="0005"> [0002] This invention relates to heavy metal-free and anaerobically compostable polymeric compositions and articles having indoor and outdoor utilities with effective anaerobic landfill degradation. Articles of the polymer compositions are also made into composites having an hydrophobic polymer surface layer and an underlying hydrolyzable biodegradable polymer layer which biodegrade in landfills in a relatively short time. </p><p id="p0006" num="0006">BACKGROUND OF THE INVENTION </p><p id="p0007" num="0007"> [0003] For many years it has been desired to make plastic materials from polymers such as polyvinyl chloride (PVC), polyvinyl acetate (PVAc), and olefin polymers (EPDM) which are either biodegradable by microorganisms or </p><p id="p0008" num="0008">environmentally degradable such as in a landfill. In spite of considerable efforts, landfills are becoming inundated with plastic materials, and articles made therefrom, that will not degrade perhaps for centuries. This is especially true for vinyl halide and olefin polymer materials such as PVC and EPDM that are considered nonbiodegradable, that is, they persist in landfills under anaerobic conditions indefinitely without noticeable decomposition. This factor limits the acceptance of PVC and polyolefins in many products where their useful balance of properties and low cost 
<!-- EPO <DP n="3"/>-->
 would be attractive. An example is that of printable film and sheet. If a sample of EPDM or flexible (plasticized) PVC is tested per ASTM D 5526, Standard Test Method for Determining Anaerobic Biodegradation of Plastic Materials Under Accelerated Landfill Conditions, there is no appreciable weight loss or change in appearance after 100 days at 97°F in contact with simulated household waste. In contrast, cellulosic polymers and other biodegradable plastics, such as polylactic acid and polycaprolactone, are completely consumed. </p><p id="p0009" num="0009">[0004] There has been a particular need for a compostable polymer composition for use in many end products such as polyvinyl chloride, polyvinyl acetate or olefin polymer films, banners, billboards, signs, laminates, ink jet media, diapers, hygienic pads and the like. These products must satisfy properties for practical purposes such as tear strength, tensile and impact strengths to function in many useful articles. However, the same properties that make them useful lead to their lack of </p><p id="p0010" num="0010">biodegradability. PVC, PVAc and olefin polymers have achieved widespread usage. However, the explosive growth of such thermoplastics or elastomers has aggravated the problem of disposing of them, and has caused their accumulation in landfills. Very little of these polymeric waste products degrade in most landfills because of anaerobic conditions. The problem has become aggravated because of the shortage of landfills and municipalities are seeking to restrict the use of plastics because of their inability to degrade in landfills. </p><p id="p0011" num="0011">[0005] Environmental concerns with existing polymer stabilizers have stimulated interest in alternative stabilizers including organic based stabilizers. For example, in the pipe industry, PVC has long been stabilized with heavy metals, such as lead and cadmium. However, in Europe, replacement of lead-based stabilizers is currently one of the main focuses. As part of the voluntary initiative of Vinyl 2010, the </p><p id="p0012" num="0012">European Vinyl Industry is committed to replace lead stabilizers in all PVC applications by 2015. Thus, there has been considerable interest in developing a new generation of environmentally acceptable heavy metal-free PVC stabilizers that prevent degradation and change in color during processing, and also provide tangible benefits to the manufacturer of useful articles. </p><p id="p0013" num="0013">[0006] In addition to providing useful PVC plastic articles which are free of heavy 
<!-- EPO <DP n="4"/>-->
 metal stabilizers, it would be highly desirable to also make them compostable. Thus, plastic articles that are capable of withstanding environmental conditions could be made and their degradation by sunlight, moisture, temperature, and the like prevented during their service life. Plastic products for practical purposes must satisfy such properties as water impermeability and sufficient mechanical properties, such as tear, tensile and impact strengths to function in useful articles. For example, there is a particular need for indoor or outdoor signs, billboards, banners, images, protective barriers, backdrops, and building wall coverings to provide plastic sheet material which will withstand outdoor environmental conditions. In the case of disposable health care products, diapers, underpants, hygienic pads, and the like, these products must also satisfy such properties as water impermeability in order to prevent seepage of urine or other human waste products therethrough. Further, for health care and waste management, there are needs for disposable plastic products such as medical tubing, bags and utensils that are biodegradable. </p><p id="p0014" num="0014">SUMMARY OF THE INVENTION </p><p id="p0015" num="0015"> [0007] This invention is directed to heavy metal-free and anaerobically </p><p id="p0016" num="0016">compostable vinyl halide polymeric compositions and articles, such as a composite polymeric sheet. The compostable articles are typically hydrophobic due to the vinyl halide polymers employed in their manufacture. In view of the hydrophobic nature of the polymers employed, the articles are well-suited for environmental use by withstanding conditions such as sunlight, moisture, humidity, and the like. They are therefore very adaptable for fabricating useful articles that can withstand </p><p id="p0017" num="0017">environmental or use conditions. However, the polymeric compositions and articles are anaerobically compostable because they contain an organotitanate or an organozirconate as an anaerobic prodegradant, in relative amounts to render the polymer compostable in a landfill. In addition, the compositions contain a heavy metal-free organic based heat stabilizer that enables their fabrication into useful articles without degradation of vinyl halide polymer. Where polymer composites are made, the surface layer can he hydrophobic and the underlying layer can be a hydrolyzable biodegradable polymer which enables the entire article to be </p><p id="p0018" num="0018">compostable in the landfill. Therefore, this invention satisfies environmental concerns involved in the fabrication, use, and disposal of vinyl halide polymer compositions. 
<!-- EPO <DP n="5"/>-->
 [0008] More particularly, a suitable polymeric composition or article contains a vinyl halide polymer which may be a thermoplastic or elastomeric polymer. The term "vinyl halide" as used herein and understood in the art is intended to cover organic polymers consisting of long chains of carbon atoms and includes the addition of halogen atoms into the polymer chain of carbon atoms, such as polyvinyl chloride (PVC). Polymers are selected from the group consisting of a vinyl halide polymer, or copolymers or blends thereof. Composite articles of these polymers containing heavy metal-free stabilizers and anaerobic prodegradants with normally </p><p id="p0019" num="0019">biodegradable polymer structures can be made according to this invention. In the case of the biodegradable thermoplastic polymer, suitable polymers include polylactic acid (PLA), polyvinyl alcohol polycaprolactone (PCL), polyamide, polyacrylamide, polyacrylate, polymethacrylate, polyester, and cellulose, and copolymers or blends thereof. </p><p id="p0020" num="0020">[0009] This invention is also directed to a method of anaerobic biodegradation of polymeric articles in a landfill. The method is practiced by introducing an article or a physically reduced form thereof into a landfill for anaerobic degradation. The article is comprised of an hydrophobic vinyl halide polymer containing an organic based heat stabilizer and an organotitanate or an organozirconate as a prodegradant in relative amounts to render the article anaerobically compostable. The organic based heat stabilizer is also contained in an amount to heat stabilize the vinyl halide polymer or copolymer during fabrication into a useful article. In the case of composite articles, for example, a polymeric surface layer contains the stabilizer and prodegradant, and underlying the hydrophobic surface layer can contain an hydrolyzable biodegradable thermoplastic polymer layer. Each layer is thus compostable or biodegradable in the landfill. Moreover, the heavy metal-free useful articles or composite articles having the hydrophobic vinyl halide polymer </p><p id="p0021" num="0021">composition or surface layer enable environmental servicing utilities and, when introduced into a landfill, are anaerobically compostable. </p><p id="p0022" num="0022">DETAILED DESCRIPTION OF THE INVENTION </p><p id="p0023" num="0023"> [0010] As reported in the above-identified 1 1/041 ,322 patent application, polyvinyl chloride compositions have been formulated with plasticizer and stabilizer along with the prodegradant composition. Polymeric sheets containing this composition and 
<!-- EPO <DP n="6"/>-->
 composites with woven or nonwoven sheets have been made compostable. Such compositions consist of (a) PVC; (b) a plasticizer selected from the group of completely aliphatic carboxylic acid esters; (c) a heat stabilizer selected from the group of sulfur-free dialkyl and monoalkyltin carboxylates; and (d) an anaerobically prodegradant reactive organotitanate or organozirconate. As reported in the above- identified 1 1 /747,481 patent application, further unobvious and unexpected improvements have been made. In particular, compositions of vinyl halide resins such as PVC, even without plasticizer, are compostable when the prodegradant system is employed. In addition, it has also been found that the reactive </p><p id="p0024" num="0024">organotitanate or organozirconate can be broadened to include other monomeric adducts in addition to the amide adduct disclosed in the above-identified 1 1/041 ,322 patent application. For instance, an ester adduct of the organotitanate or </p><p id="p0025" num="0025">organozirconate and an organotin compound, in relative amounts, has been found to render the vinyl halide polymer composition compostable, even in the absence of a plasticizer. The above-identified applications 12/098,613, 12/049,668, and </p><p id="p0026" num="0026">12/500,805 are directed to further improvements in compositions, articles, and composites for other polymer systems, such as an olefin polymer and a vinyl acetate polymer. </p><p id="p0027" num="0027">[0011] This application is directed to further improvements in anaerobically compostable vinyl halide polymeric compositions and articles which anaerobically degrade in landfills. The compositions and articles are formulated with organic based heat stabilizers ("OBS stabilizers") which are free or essentially free of heavy metals such as lead, cadmium, or tin. Compostable polymer compositions or articles having very useful hydrophobic surfaces or layers comprise, for example, a vinyl halide (PVC) polymer and a monomeric adduct of an organotitanate, or </p><p id="p0028" num="0028">organozirconate, as a prodegradant in relative amounts to render the polymer composition compostable. As employed herein, the term "adduct" is intended to mean a complex association of the monomeric molecule and the organotitanate or organozirconate molecule. It was previously reported that amide salts of the neoalkoxy modified monoalkoxy titanate or zirconate achieved the objectives of the invention. The amide salts were defined particularly by methacrylamide as the monomeric adduct of the reactive titanate or zirconate. It has also been found that the ester adducts of the specific organotitanates or zirconates can also function in 
<!-- EPO <DP n="7"/>-->
 the prodegradant of this invention. The monomeric ester of the organotitanate or organozirconate adduct is exemplified by dimethylaminoethyl methacrylate. It has also been found that the dimethylaminopropyl acrylamide is as effective as the methacrylamide. </p><p id="p0029" num="0029">[0012] The compositions and composites of this invention, as well as useful articles made therefrom, are compostable. "Compostable" means that the composition or sheet undergoes chemical, physical, thermal and/or biological degradation such that it may be incorporated into and is physically indistinguishable from finished compost (humus) and which ultimately mineralizes (biodegrades) to C0<sub>2</sub>, water and biomass in the environment like other known compostable matter such as paper and yard waste. The compostable films and composites are anaerobically biodegradable. "Biodegradable" means that the composition or composite is susceptible to being assimilated by anaerobic microorganisms when buried in the ground, e.g., a landfill under conditions conducive to their growth. For purposes of this invention, "compostable" is intended to mean anaerobically biodegradable by microorganisms. </p><p id="p0030" num="0030">[0013] Anaerobic composting conditions that enable the chemical, physical, thermal and/or biological degradation of the composition or composite may vary. The compositions, articles or composites of this invention are especially adapted to be compostable in municipal solid waste composting facilities or landfills. For example, following ASTM D 5526-94 (reapproved 2002), Standard Test Method for </p><p id="p0031" num="0031">Determining Anaerobic Biodegradation of Plastic Materials Under Accelerated Landfill Conditions, samples of PCV, PVAC and EPDM were degraded, incorporated into and physically indistinguishable in the test landfill. </p><p id="p0032" num="0032">[0014] Compostable polymer compositions, articles, and composites of this invention, their method of manufacture and compostability will be understood with reference to the following detailed description. The hydrophobic vinyl halide polymer in the article or article surface layer is broadly defined herein as a polymer which includes thermoplastic or elastomeric polymers. More preferably, it includes a vinyl halide polymer, copolymers and blends thereof as follows. 
<!-- EPO <DP n="8"/>-->
 VINYL HALIDE POLYMER </p><p id="p0033" num="0033"> [0015] The vinyl halide resin employed is most commonly a homopolymer of vinyl chloride, i.e., polyvinyl chloride. It is to be understood, however, that this invention is not limited to a particular vinyl halide resin such as polyvinyl chloride (PVC) or its copolymers. Other halogen-containing polymers or resins which are employed and which illustrate the principles of this invention include chlorinated polyethylene, chlorosulfonated polyethylene, chlorinated polyvinyl chloride, and other vinyl halide polymer or resin types. Vinyl halide polymer or resin, as understood herein, and as appreciated in the art, is a common term and is adopted to define those resins or polymers usually derived by polymerization or copolymerization of vinyl monomers including vinyl chloride with or without other comonomers such as ethylene, propylene, vinyl acetate, vinyl ethers, vinylidene chloride, methacrylate, acrylonitrile, acrylates, styrene, etc. A simple case is the conversion of vinyl chloride H<sub>2</sub>C=CHCI to polyvinyl chloride (CH<sub>2</sub>CHCI— )n wherein the halogen is bonded to the carbon atoms of the carbon chain of the polymer. Other examples of such vinyl halide resins would include vinylidene chloride polymers, vinyl chloride-vinyl ester copolymers, vinyl chloride-vinyl ether copolymers, vinyl chloride-vinylidene copolymers, vinyl chloride-propylene copolymers, chlorinate polyethylene, and the like. Of course, the vinyl halide commonly used in the industry is the chloride, although others such as bromide and fluoride may be used. Examples of the latter polymers include polyvinyl bromide, polyvinyl fluoride, and copolymers thereof. </p><p id="p0034" num="0034">COMPOSITES WITH BIODEGRADABLE POLYMERS </p><p id="p0035" num="0035"> [0016] As stated above, composites of vinyl halide polymers and normally biodegradable polymers can be made according to of this invention. Such normally biodegradable polymers include polylactic acid (PLA), polyvinyl alcohol (PVA), polycaprolactone (PCL), polyamide, polyacrylamide, polyacrylate, polymethacrylate, polyester, and cellulose, and copolymers or blends thereof. Other examples of biodegradable polymers suitable for use are those which enable the manufacture of useful articles or composites such as sheet materials. These articles are formed in a number of ways such as by extrusion molding, coextrusion of a surface layer and underlying layer into a composite sheet, for example. The sheets may also be made 
<!-- EPO <DP n="9"/>-->
 by lamination of the layers, combined coextrusion-lamination techniques or coating techniques. </p><p id="p0036" num="0036">ANAEROBIC PRODEGRADANT ORGANOTITANATE OR ORGANOZIRCONATE </p><p id="p0037" num="0037"> [0017] As disclosed in the above identified application Serial No. 1 1 /041 ,322, and more recently, the 12/500,805 application, the anaerobic prodegradant of this invention is an organozirconate or organotitanate. The monomeric adducts of the organozirconate or titanate are exemplified by the monomeric groups of </p><p id="p0038" num="0038">dimethylaminopropyl acrylamide, methacrylamide, dimethylaminoethyl methacrylate, and other similar reactive monomeric groups as detailed herein. In a broader sense, the adducts more preferably comprise dialkylamino-short alkylchain-reactive monomers. The prodegradant may be defined more particularly as follows. </p><p id="p0039" num="0039">[0018] The chemical description and chemical structure of organotitanates or zirconates have been well developed. Kenrich Petrochemicals, Inc. is a </p><p id="p0040" num="0040">manufacturer of these products and, hereinafter, the Kenrich products are interchangeably identified with the prefix "Kenrich", "K", "KR", and "LICA". For instance, Kenrich LICA 38J is a reactive titanate under the chemical name titanium IV neoalkanolato tri(dioctyl) pyrophosphate-0 (adduct) N-substituted methacrylamide. Furthermore, with zirconium substituted for titanium, Kenrich produces NZ 38 under the chemical description zirconium IV neoalkanolato tri(dioctyl) pyrophosphate-0 (adduct) N-substituted methacrylamide. These compounds are generally referred to as amide salts of neoalkoxy modified monoalkoxy titanate or zirconate. While the invention has been exemplified hereinafter with these amide adducts of these specific organotitanates or </p><p id="p0041" num="0041">organozirconates and other prodegradants, it is to be understood that other similar compounds can achieve the objectives of this invention. </p><p id="p0042" num="0042">[0019] The K38J pyrophosphate titanium adduct is the reaction product of K38 + dimethylaminopropyl methacrylamide (D MP DMA), according to the following structure where FT = methyl, FT = propyl, R = butyl, n ~ 3. 
<!-- EPO <DP n="10"/>-->
 O </p><p id="p0043" num="0043"> R-O-Ti 0-P-0- p- 0- C<sub>8</sub>H<sub>17</sub>)<sub>,</sub> . nR<sub>2</sub>NR<sup>2</sup>NHC(0)C(CH<sub>3</sub>) = CH2 </p><p id="p0044" num="0044"> OH </p><p id="p0045" num="0045">[0020] K38 = the above structure without DMPDMA. K38 is titanium IV neoalkanolato tri(dioctyl)pyrophosphate-O. These two ingredients react rapidly at room temperature when mixed in stoichiometric proportions (close to 3:1 ). P-OH becomes P-O<sup>"</sup> and R2N, R3N+. A bright red color develops, which is the thermochromic, indicating coordination of likely C=O to titanium, which displays such colors when penta-coordinate instead of tetra-coordinate. (For example, </p><p id="p0046" num="0046">acetone«TiCI4 is orange-red, and the precursors, colorless.) Neither K38 nor DMPDMA cause depolymerization of olefin polymers when used alone. However, if added separately to the olefin polymer, the combination in situ is as effective as K38J. Thus, use of the term "adduct" is intended to cover the use of preformed complex or the separate addition of the components to enable their association or complexing in situ to provide the prodegradant effects of this invention. </p><p id="p0047" num="0047">[0021] A substituted methacrylamide can also be employed as an adduct of the organotitanate or zirconate. For instance, Kenrich Ken-React KR-238J is another reactive titanate where the monomeric adduct is a substituted methacrylamide. The KR-238J is a dimethylaminopropyl methacrylamide which has been found to be as effective as the methacrylamide adduct of Kenrich-38J, described above. A chemical description of KR-238J is titanium IV ethylenedialato </p><p id="p0048" num="0048">bis(dioctyl)pyrophosphato ethylene titanate (adduct) N-substituted methacrylamide. Furthermore, dimethylaminoethyl methacrylate, a monomeric ester adduct, is equally effective in combination with the pyrophosphato form of the titanium or zirconium coupling agent. The K238J adduct has the chemical structure as follows: 
<!-- EPO <DP n="11"/>-->
 <sup>•</sup> n <sub>2</sub>NR'NHC(0)C(CH<sub>3</sub>) = CH<sub>2</sub> 
<img id="imgf000011_0001" he="29" wi="70" file="imgf000011_0001.tif" img-format="tif" img-content="drawing" orientation="portrait" inline="no"/>
 </p><p id="p0049" num="0049">[0022] K238 = the above structure without DMPDMA. Thus, as used herein "K38 and "K238" are intended to mean the organopyrophosphato titanate portion of the adduct which is complexed with the monomeric amide, ester, or other like </p><p id="p0050" num="0050">monomers, and the resulting adduct is referred to herein as K38J and K238J, respectively. Specific compounds are exemplified by titanium IV neoalkanolato tri(dioctyl) pyrophosphato-0 (adduct) N-substituted methacrylamide and zirconium IV neoalkanolato tri(dioctyl) pyrophosphato-O (adduct) N-substituted methacrylamide, titanium IV neoalkanolato bis(dioctyl) pyrophosphato-O (adduct) N,N-dimethylamino- alkyl propenoamide, and zirconium IV neoalkanolato bis(dioctyl) pyrophosphato-O (adduct) Ν,Ν-dimethylamino-alkyl propenoamide. </p><p id="p0051" num="0051">[0023] The above monomeric adducts result from salt or complex formation via the titanate/zirconate acidic -P=O(OH) group. The monomer contains a basic functional group that will react to form a salt (but not go on to other reactions such as oxidation). A tertiary amine group is favorable. This could be a dialkyl amine group, methyl pyridine functionality or a range of basic nitrogen heterocyclic groups. The rest of the reactive momomer must contain an activated carbon-carbon double bond. The C=C bond, to be activated, should be conjugated with C=O, as in an ester, ketone, aldehyde or amide, with -CN, with oxygen as in a vinyl ether, or with oxygen, nitrogen or sulfur in an allylic linkage, or with an aromatic ring as in styrene or vinyl ferrocene. </p><p id="p0052" num="0052">[0024] In a more generalized form as set forth the above identified Applications Serial Nos. 1 1/747,481 and 12/500,805, the adducts can be defined as: </p><p id="p0053" num="0053">ORGANOTITANATE OR ZIRCONATE -P=0(OH)-SALT FORMING GROUP-R-C=C-ACTIVATING GROUP, 
<!-- EPO <DP n="12"/>-->
 where R is a hydrocarbon radical or substituted hydrocarbon radical and the activating group is conjugated with the C=C. </p><p id="p0054" num="0054">[0025] It has been found that a nitrate or sulfonate group, e.g. "X" may be substituted for the phosphate group and the results of this invention may be achieved. Thus the adducts may be defined as: </p><p id="p0055" num="0055">ORGANOTITANATE OR ZIRCONATE -X-SALT FORMING GROUP-R-C=C-ACTIVATING GROUP where X is a phosphate, nitrate or sulfonate group, R is a hydrocarbon radical or substituted hydrocarbon radical and activating group has a C=0, -CN, oxygen, nitrogen, sulfur, or an aromatic ring conjugated with the C=C to activate the carbon- carbon double bond, wherein the substituent of the substituted hydrocarbon radical is selected from the group consisting of an ether, thioether, ester, thioester, and amide. </p><p id="p0056" num="0056"> [0026] Other monomers of the adducts of this invention are exemplified by the following: ethyl dimethylaminoethylmethacrylate </p><p id="p0057" num="0057"> (CH<sub>3</sub>)<sub>2</sub>N-CH<sub>2</sub>-CH<sub>2</sub>-CH=C-C=O </p><p id="p0058" num="0058"> / \ </p><p id="p0059" num="0059"> CH3 0-CH2CH3 methyl dimethylaminopropyl acrylate </p><p id="p0060" num="0060"> (CH<sub>3</sub>)<sub>2</sub>N-CH2-CH<sub>2</sub>-CH<sub>2</sub>-CH=CH-C=O </p><p id="p0061" num="0061"> \ </p><p id="p0062" num="0062"> OCH<sub>3</sub> </p><p id="p0063" num="0063"> 2-morpholine-N-ethyl acrylamide </p><p id="p0064" num="0064">/ \ </p><p id="p0065" num="0065"> O N-CH<sub>2</sub>CH<sub>2</sub>-CH=CH-C=O </p><p id="p0066" num="0066"> \ / \ </p><p id="p0067" num="0067"> CH2CH2 NH<sub>2</sub> 
<!-- EPO <DP n="13"/>-->
 2-piperidinyl-N-ethyl acrylonitrile </p><p id="p0068" num="0068">/ \ </p><p id="p0069" num="0069"> CH<sub>2</sub> N-CH<sub>2</sub>CH<sub>2</sub>-CH=CH-CN </p><p id="p0070" num="0070">2-dimethylaminoethyl acrolein (CH<sub>3</sub>)<sub>2</sub>N-CH<sub>2</sub>CH<sub>2</sub>-CH=CH-CH=0 dimethylaminoethyl vinyl ether (CH<sub>3</sub>)2N-CH<sub>2</sub>CH2-0-CH=CH2 dimethylaminoethyl vinyl thioether (CH<sub>3</sub>)2N-CH<sub>2</sub>CH2-S-CH=CH<sub>2</sub> </p><p id="p0071" num="0071">4- imethylaminom thyl styrene 
<img id="imgf000013_0001" he="9" wi="53" file="imgf000013_0001.tif" img-format="tif" img-content="drawing" orientation="portrait" inline="no"/>
 allyl 3-dimethylamino propionate </p><p id="p0072" num="0072"> O 
<img id="imgf000013_0002" he="9" wi="33" file="imgf000013_0002.tif" img-format="tif" img-content="drawing" orientation="portrait" inline="no"/>
 </p><p id="p0073" num="0073"> 0-CH<sub>2</sub>-C=CH<sub>2</sub> methallyl 3-dimethylamino propionate </p><p id="p0074" num="0074"> O </p><p id="p0075" num="0075"> //</p><p id="p0076" num="0076">(CH<sub>3</sub>)<sub>2</sub>N-CH<sub>2</sub>H<sub>5</sub>-C </p><p id="p0077" num="0077"> 0-CH<sub>2</sub>-C=CH<sub>2</sub> </p><p id="p0078" num="0078">CH<sub>3</sub> 
<!-- EPO <DP n="14"/>-->
 thioallyl 3-dimethylamino propionate </p><p id="p0079" num="0079"> O 
<img id="imgf000014_0001" he="9" wi="33" file="imgf000014_0001.tif" img-format="tif" img-content="drawing" orientation="portrait" inline="no"/>
 </p><p id="p0080" num="0080"> S-CH<sub>2</sub>-CH=CH<sub>2</sub> dimethylaminomethyl acrylate (reverse ester), also corresponding reverse amides</p><p id="p0081" num="0081">CH<sub>2</sub>=CH - C=O </p><p id="p0082" num="0082"> \ </p><p id="p0083" num="0083"> O-CH<sub>2</sub>-N(CH<sub>3</sub>)<sub>2</sub> </p><p id="p0084" num="0084">N-methyl-N-dimethylaminomethyl acrylamide </p><p id="p0085" num="0085"> O </p><p id="p0086" num="0086"> // </p><p id="p0087" num="0087"> CH<sub>2</sub>=CH-C </p><p id="p0088" num="0088"> \ </p><p id="p0089" num="0089"> N-CH<sub>2</sub>-N(CH<sub>3</sub>)<sub>2</sub> </p><p id="p0090" num="0090"> / </p><p id="p0091" num="0091"> CH<sub>3</sub> </p><p id="p0092" num="0092">[0027] These organotitanates or zirconates are further described in considerable detail in the following US Patents which are incorporated herein in their entireties by reference, namely, U.S. Patents: 4,069,192; 4,080,353; 4,087,402; 4,094,853; </p><p id="p0093" num="0093">4,096,1 10; 4,098,758; 4,122,062; 4,152,31 1 ; 4,192,792; 4,202,810; 4,261 ,913; 4,277,415; 4,338,220; 4,417,009; 4,512,928; 4,600,789; 4,623,738. </p><p id="p0094" num="0094">[0028] Also, products equivalent to Kenrich K38J and K238J are made by Nanjing Capatue Chemical Co., Ltd. of the Peoples' Republic of China, under the marks TiLink TCA-L38J and TCA-K238A. Other information on these quat titanates and zirconates may be obtained with reference to Capatue Chemical publication of products entitled Organometallic Coupling Agents at www.Capatue.com and this information is incorporated herein by reference. </p><p id="p0095" num="0095">[0029] The above-identified patents have been granted to Monte et al., and assigned to Kenrich Petrochemicals, Inc. The patents are directed to coupling agents and conform to the following general formula: 
<!-- EPO <DP n="15"/>-->
 
<img id="imgf000015_0001" he="6" wi="37" file="imgf000015_0001.tif" img-format="tif" img-content="drawing" orientation="portrait" inline="no"/>
 </p><p id="p0096" num="0096"> [0030] The M group in the above general formula is representative of titanium or zirconium. The coupling agents disclosed in the above-identified patents are generally referred to in the art as organotitanates or organozirconates. For example, the functions of the groups in the above general formula for the above titanates or zirconates have been described in the above patents and a paper entitled, </p><p id="p0097" num="0097">"Neoalkoxy Titanate and Zirconate Coupling Agent Additives in Thermoplastics", Monte, S.J. , Kenrich Petrochemicals, Inc., Polymers and Polymeric Composites (2002), 1 0 (II), 1 21 -1 72. In addition, reference may be made to Handbook of Polymer Additives and Modifiers, Chapter 75: by Grossman, R. F., , Coupling Agents; pp. 993-1000 (Van Nostrand 1992). The literature, as represented by these publications, has disclosed the merits of using organotitanates or organozirconates in polymer compositions to essentially increase the stability of the polymeric compositions, especially those compositions containing fillers or reinforcing agents, to provide an overall better balance of processing and properties in the manufacture of useful polymeric articles. However, in accordance with the principles of this invention, it has been found that useful hydrocarbon polymer compositions may be rendered anaerobically biodegradable in landfills by employing certain monomeric forms of organotitanates or zirconates as anaerobic prodegradants. </p><p id="p0098" num="0098">[0031] Accordingly, the following modified general formula is proposed to explain the anaerobic prodegradants functions as used according to the principles of this invention: </p><p id="p0099" num="0099">(RO)-<sub>n</sub>-M(XY)<sub>4</sub>_<sub>n</sub> </p><p id="p0100" num="0100"> With an RO-M bond, M is a metal capable of forming a bond to an aliphatic carbon atom that has sufficient stability to permit addition to a polymeric composition and subsequent processing. In addition, the RO-M bond must not add toxicity and M is titanium or zirconium. The metal must also be able to expand its octet, that is, to form addition complexes with greater than tetrahedral coordination, and is involved in mediating carbon-carbon bond scission. The RO- group is designed to provide mobility in a polymer matrix. 
<!-- EPO <DP n="16"/>-->
 [0032] In this invention, it has been found that groups, such as "X", can be placed on M that attract microbes, the latter being taken to designate bacteria, archaea, cyanobacteria, unicellular or cell cluster algae and fungi. These microbes require a hydrophilic site, such as provided by certain of the organotitanates and zirconates disclosed in the Kenrich references. The Ύ" group provides the monomeric adduct which complexes or forms a salt with the X group of the organotitanate or zirconate as expressed in the more generalized formula above. The X groups found effective in attracting microbes include phosphate, nitrate and sulfonate. These ligands have provided other benefits, per the above Kenrich patents, but have never previously been shown to promote anaerobic landfill degradation. It is hypothesized that these oxygenated anions enable oxidation of hydrocarbon polymers by microbes anaerobically in landfills according to this invention. If the microbe-attracting group is designated ~, then the general formula is (RO)<sub>n</sub>-M(X~Y)<sub>4</sub>.<sub>n</sub>. </p><p id="p0101" num="0101">[0033] The microbe-attracting groups X~ may be ligands on M or functional groups on RO. The microbe-attracting ligand (~) itself, in some cases, may have specific affinity for the polymer. Whatever the mechanism or theory, monomeric adducts of organotitanates or zirconates have not been employed as anaerobic prodegradants in useful hydrophobic hydrocarbon polymer composition, articles and landfill degradation. </p><p id="p0102" num="0102">ORGANIC BASED HEAT STABILIZER </p><p id="p0103" num="0103"> [0034] As indicated in the Background of the Invention, environmental concerns with heavy metal stabilizers have stimulated interest in alternative stabilizers. It has been found, according to principles of this invention, that organic based heat stabilizers (herein sometimes simply "OBS") may be substituted for heavy metal based stabilizers or other metal based stabilizers, and the synergistic effects of heat stabilization to make useful articles and to provide for anaerobically compostable vinyl halide compositions may still be achieved. </p><p id="p0104" num="0104">[0035] A preferred OBS stabilizer that has been found environmentally acceptable while still enabling the fabrication benefits and anaerobic compostability in accordance with the principles of this invention, is a pyrimidinedione, having the following structure: 
<!-- EPO <DP n="17"/>-->
 XR<sup>3</sup> : electron - donating group X— R<sup>3</sup> R<sup>1 "3</sup> : alkyl, phenyl, hydrogen </p><p id="p0105" num="0105">[0036] However, in accordance with the principles of this invention, other heavy metal-free organic based stabilizers are considered to be within the scope of this invention. Such OBS stabilizers include pyrimidinedione, dicyandiamide, urea, quanadine, tetrahydropyranyl esters or ethers, organic thiols, melamine, and hydrazides, for instance. These OBS stabilizers that have been referred to in the patent art such as U.S. Patents 3,928,285; 4,948,827; 6,667,357; 6,762,231 ; </p><p id="p0106" num="0106">6,747,081 ; and 6,927, 247. U.S. 3,660,331 describes tetrahydropyranylethers or esters that may be employed in heat stabilizing vinyl halide polymers. Belgian Patent No. 616,642, Netherlands 6,410,105, West German 1 ,140,705, British 986,161 and U.S. Patents 3,084, 135; 3, 194,786, and 2,367,483 are disclosures of organic based thermal stabilizers for vinyl halide polymers. Thus, the term "organic based thermal or heat stabilizer" and the components or compositions embraced thereby, which are essentially free of heavy metals, are known to those of skill in the art. However, this invention is predicated in part upon the employment of such a stabilizer in combination with the prodegradant which enables the anaerobic compostability of useful articles that have been fabricated employing vinyl halide resins and an OBS stabilizer. </p><p id="p0107" num="0107">PRODEGRADANT SYNERGISTIC COMPOSITION </p><p id="p0108" num="0108"> [0037] As earlier reported in Appln. Ser. No. 1 1 /747,481 , it has been discovered that the prodegradant behavior of organotitanate or organozirconate adduct, i.e., the organopyrophosphato monomeric adduct, displays an unpredicted synergism in the compostability of vinyl halide polymers which are employed in an article or the composite article surface layer. Further improvements have been made as reported hereinafter for the prodegradants and polymers. The remarkable anaerobic compostability properties exist over ranges of ratios of the essential components. The exact mechanism for the unexpected results and the compostability of polymers 
<!-- EPO <DP n="18"/>-->
 with the prodegradants is not completely understood. Certainly there are theories which could be proposed, but regardless of theories, the beneficial results evident in the numerous examples of this invention which follow, in further view of this detailed description, speak for themselves. Applicant relies upon these empirical </p><p id="p0109" num="0109">demonstrations of the principles of this invention to advance its merit. </p><p id="p0110" num="0110">[0038] With the prodegradant or OBS stabilizer of this invention, it has been found that the total composition of prodegradant or OBS stabilizer is useful over a range of about 1 to about 10 parts (phr) by weight based upon 100 parts by weight of the vinyl halide polymer. The most useful range is on the order of about 1 to about 5 phr. </p><p id="p0111" num="0111">[0039] The principles of this invention and its operating parameters will be further understood with reference to the following detailed examples which serve to illustrate the types of specific OBS stabilizers and prodegradants and their amounts as used in typical polymer formulations and the compostabilities displayed by the </p><p id="p0112" num="0112">prodegradant of this invention. These examples are considered to be exemplary of this invention and should not be considered as limiting, especially in view of applicant's broad disclosure of the principles of this invention. </p><p id="p0113" num="0113">[0040] The compostability of the polymer compositions of the following Examples was determined by following ASTM D 5526-94 (reapproved 2002), Standard Test Method for Determining Anaerobic Biodegradation of Plastic Materials Under Accelerated Landfill Conditions. Using the standard test, a mixture was prepared comprising 60% by weight of sterilized dehydrated manure (to simulate processed household waste), at different percentages of distilled water (35% or 60%), and 10% fermenting inoculum from an active composter. Film samples of the compostable vinyl halide, vinyl acetate, and other polymers were run in the Examples which follow. All experiments were run at 97<sup>Q</sup>F in a dark incubator. </p><p id="p0114" num="0114">EXAMPLE 1 </p><p id="p0115" num="0115"> [0041] A plastisol was mixed comprising 1 00 parts PPG (Geon 121 ) in a dispersion resin, 80 parts of di-isononyl adipate (Exxon), 5 epoxidized soybean oil, 2 parts of an organic based heat stabilizer of pyrimidinedione having a structure which is exemplified above (Mark OBS 1200 developed by Crompton Vinyl Additives 
<!-- EPO <DP n="19"/>-->
 GmbH, Chemtura Company) and five parts of LICA 38J, identified above. The plastisol is coated as a 2 mil film on release paper using a wire wound bar. After ten days in an ASTM D 5526 landfill at 90-95 °F, the film sample had been largely consumed, most having been replaced by bacterial colonies. In sixty days, the sample had vanished. </p><p id="p0116" num="0116">EXAMPLE 2 </p><p id="p0117" num="0117"> [0042] Example 1 was repeated, except that one part of LICA 38J was employed instead of five parts. After ten days in an ASTM D 5526 landfill at 90-95 °F, the sample showed colonies forming at the surface and some edge erosion. </p><p id="p0118" num="0118">[0043] The above Examples 1 and 2 illustrate the use of the heavy metal-free organic based heat stabilizer in combination with the prodegradant to achieve the advantages of this invention. To illustrate the results with other heavy metal-free organic based heat stabilizers, other organic stabilizers may be employed. For example, the following comparative Examples are used to illustrate that a number of organic stabilizers may be substituted for the organotin stabilizers of Comparative Examples 3-46. Examples have been identified in the specification above, such as pyrimidinedione, dicyandiamide, urea, quanadine, tetrahydropyranyl esters or ethers, organic thiols, melamine, and hydrazides. </p><p id="p0119" num="0119">COMPARATIVE VINYL HALIDE POLYMER EXAMPLES 3-25 </p><p id="p0120" num="0120"> [0044] In each of the examples 3-14, as follows, standard resin formula was employed which contained 100 parts by weight polyvinyl chloride homopolymer (Geon 121 PVC by B.F. Goodrich). Included in the standard formula was a plasticizer such as di-octyl adipate (DOA) or di-isodecyl phthalate (DIDP). Examples 15-1 9 illustrate other polymer/copolymer blends and unplasticized compositions. Examples 20-25 illustrate the sulfonate and nitrate analogues of the phosphate ligand of the prodegradant. </p><p id="p0121" num="0121">[0045] The compostability of the PVC compositions of the examples was determined by following ASTM D 5526-94 (reapproved 2002), Standard Test Method for Determining Anaerobic Biodegradation of Plastic Materials Under Accelerated Landfill Conditions. Using the standard test, a mixture was prepared comprising 
<!-- EPO <DP n="20"/>-->
 60% by weight of sterilized dehydrated manure (to simulate processed household waste), 30% distilled water, and 10% fermenting inoculum from an active composter. 50 g were used in sealed Petri dishes with 2 by 1 inch samples of PVC composition or composite sheet material. All experiments were run at 97-F in a dark incubator. </p><p id="p0122" num="0122">EXAMPLE 3 </p><p id="p0123" num="0123"> [0046] A plastisol was mixed with consisting of 100 parts PVC (Geon 121 ), 80 parts di-isodecyl phthalate (DIDP), and 2 parts dibutyltin dilaurate (DBTDL) heat stabilizer; coated as a 2 mil film on release paper and fused. Samples were unchanged after 90 days exposure to the test conditions of ASTM D 5526-94. The procedure was repeated using di-octyl adipate (DOA) in place of DIDP. After 90 days, there was visible mold growth on the film but no visible evidence of </p><p id="p0124" num="0124">decomposition. The procedure was repeated with the addition of 2.5 parts of a 4% solution of isothiazolone biocide (MICRO-CHEK 1 1 , Ferro Corporation). In this case, there was no evidence of mold growth after 90 days. </p><p id="p0125" num="0125">EXAMPLE 4 </p><p id="p0126" num="0126"> [0047] The plastisol of Example 3 was mixed using DOA, DBTDL plus 5 parts of titanium neoalkanato, tri(dioctyl) pyrophosphato-O-(adduct)-N- substituted </p><p id="p0127" num="0127">methacrylamide (Kenrich LICA 38J). Fused samples were consumed in the test landfill within 10 days, vanishing to the visible eye. The experiment was repeated adding 2.5 parts of MICRO-CHEK 1 1 biocide, with identical results. </p><p id="p0128" num="0128">EXAMPLE 5 </p><p id="p0129" num="0129"> [0048] The plastisol of Example 3 was mixed with DBTDL, LICA 38J and, replacing DOA with the di-isononyl ester of cyclohexane dicarboxylic acid (DINCH, BASF). Upon testing per ASTM D 5526-94 method, fused samples disappeared in 7 days, with or without added biocide. </p><p id="p0130" num="0130">EXAMPLE 6 </p><p id="p0131" num="0131"> [0049] Example 5 was repeated with the zirconate analog of LICA 38J (Kenrich NZ 38J). Upon testing per ASTM D 5526-94 method, fused samples disappeared within 10 days. 
<!-- EPO <DP n="21"/>-->
 EXAMPLE 7 </p><p id="p0132" num="0132"> [0050] The plastisol was mixed using DINCH, LICA 38J and dibutyltin maleate ester heat stabilizer (PLASTISTAB 2808, Halstab) in place of DBTDL. Upon testing per ASTM D 5526-94 method, fused samples disappeared within 10 days. </p><p id="p0133" num="0133">EXAMPLE 8 </p><p id="p0134" num="0134"> [0051] The plastisol was mixed using DINCH, LICA 38J, and 2 parts of a liquid calcium/zinc stabilizer (PLASTISTAB 3002, Halstab) in place of DBTDL organotin. After 90 days, the fused sample had heavy mold growth and had fragmented but was still visibly of the same dimensions. </p><p id="p0135" num="0135">EXAMPLE 9 </p><p id="p0136" num="0136"> [0052] Control samples were run for comparison. Upon testing per ASTM D 5526-94 method, samples of untreated filter paper showed mold growth within week and were consumed in 30 days. A sample of polylactic acid (PLA) 2 mil film was completely consumed in seven days. A sample of 1 mil low density polyethylene (LDPE) film was unchanged after 90 days. </p><p id="p0137" num="0137">EXAMPLE 10 </p><p id="p0138" num="0138"> [0053] A plastisol was mixed consisting of 100 parts Geon 121 PVC, 80 parts DOA, 2 parts DBTDL stabilizer and 5 parts of LICA 38, which is the titanate LICA 38J without the methacrylamide adduct. After 30 days at 971 F per ASTM D 5526, there was no visible sign of decomposition. The same result was found with NZ 38, the zirconate bases for NZ 38J, and with 5 parts of methacrylamide itself. These tests establish that the methacrylamide adduct of the organotitanate or zirconate is necessary for compostability. </p><p id="p0139" num="0139">EXAMPLE 11 </p><p id="p0140" num="0140"> [0054] A plastisol was mixed consisting of 100 parts PVC, 80 parts DOA, 5 parts LICA 38J organotitanate-methacrylamide adduct, and 2 parts of dibutyltin di- isothioglycolate (SP1 002, Ferro Corporation). After 30 days, there was only minor decomposition. This probably reflects the antioxidant capability of organotin mercaptides. It also presently establishes the preferred organotin carboxylates in the prodegradant system. 
<!-- EPO <DP n="22"/>-->
 EXAMPLE 12 </p><p id="p0141" num="0141"> [0055] Example 1 1 was repeated using the following stabilization system: </p><p id="p0142" num="0142">epoxidized soybean oil (ESO) - 2 parts; phenyl di-iso-decyl phosphite - 2 parts; zinc stearate - 0.2 parts. After 30 days, there was no visible compostability, probably due to the antioxidant capability of the phosphite that would be used in most mixed metal stabilizer systems. In this case there was, however, notable mold growth, so it is possible that there might be eventual decomposition (period of years). Repetition using ESO containing 4% isothiazolone biocide led to no mold growth. </p><p id="p0143" num="0143">EXAMPLE 13 </p><p id="p0144" num="0144"> [0056] As described previously, plastisol was mixed consisting of 100 parts Geon 121 PVC, 80 parts DOA, 2 parts DBTDL, and 5 parts of Kenrich LICA 38J reactive titanate. To this was added 5 parts of VULCABOND MDX (Akzo Nobel) bonding agent. The plastisol was coated on polyester fabric and fused to a coating of about 5 mils thickness. </p><p id="p0145" num="0145">[0057] A sample of this coated fabric with the inventive prodegradant system and a control sample of a commercial finished product of the same construction (without the prodegradant system) were exposed at 90<sup>5</sup>F per ASTM D5526 conditions,. After two weeks exposure, the control sample was essentially unchanged. The inventive sample has lost almost all trace of plastisol to the landfill, the only remnants being that which penetrated intersections of the fabric mesh. The fabric shows evidence of some decomposition and it is anticipated that the polyester will slowly decompose. </p><p id="p0146" num="0146">EXAMPLE 14 </p><p id="p0147" num="0147"> [0058] In Examples 3-13, the PVC samples were plasticized with DOA or DIDP in combination with a prodegradant system which was the adduct of K-38 and dimethylaminopropyl methacrylamide (D MP DMA). In order to demonstrate the effectiveness of the monomeric adduct in comparison to each of the adduct components, Examples similar to 3-1 3 were repeated with each of the adduct components alone. None of the components of the adduct, alone, caused depolymerization of the halogenated polymers. However, if each of the components of the adduct were added separately to the PVC compound, and reacted in situ, the combination was as effective as adding the adduct. Accordingly, it has been 
<!-- EPO <DP n="23"/>-->
 presently demonstrated that the monomeric adduct of the organotitanate or zirconate is essential in order to obtain the desired results of the prodegradant system. </p><p id="p0148" num="0148">EXAMPLE 15 </p><p id="p0149" num="0149"> [0059] 1 .5 grams of Poval (Kuraray) LM-20, a partially hydrolyzed polyvinyl acetate, having a number average molecular weight (Mn) of about 20,000 were dissolved in 50 grams of ethanol. The solution was coated on release liner to form a two-mil film when dry. Two grams of the dried film were placed in 50 grams of landfill composition per ASTM D 5526 containing 35% water; two grams were also placed in 50 grams of landfill composition having 60% water content. After ninety days at 35% moisture, the film was intact with a weight gain of about 6%. After ninety days at 60% moisture, the film appeared softened, and had gained about 10% in weight. There was no evidence of microbial growth. The cast film was clear and accepted pencil and ballpoint. It adhered strongly to 3M #142 pressure-sensitive tape </p><p id="p0150" num="0150">EXAMPLE 16 </p><p id="p0151" num="0151"> [0060] Example 1 3 was repeated with UCAR VYHH (Dow) PVC/VAC, which is a copolymer of polyvinyl chloride and vinyl acetate at 14% vinyl acetate, with a number average molecular weight (Mn) of about 10,000. Two films were cast from methylisobutylketone with two parts per hundred of dibutyltin dilaurate (DBTDL) heat stabilizer added. This Example demonstrates that when the vinyl copolymer of vinyl acetate with vinyl chloride is employed, stabilizer is added. The samples were translucent, accepted pencil and ballpoint ink, and had strong adhesion to 3M #142 tape. The samples showed no measurable weight loss after 90 days' exposure, either at a 35% or 60% moisture level, nor evidence of surface mold growth. </p><p id="p0152" num="0152">EXAMPLE 17 </p><p id="p0153" num="0153"> [0061] Example 6 was run with the addition of 2 phr of LICA 38J at 35% water, weight loss after 30 and 60 days was 65% and 96%, respectively. At 60% water, weight loss after 30, 60, and 90 days was 1 2%, 20%, and 27%, respectively. This Example demonstrated, at various moisture levels, landfill compostability of the composition. This Example 17 may be compared to Example 13 in the earlier application Serial Number 1 1 /747,481 , filed May 1 1 , 2007, for the purpose of 
<!-- EPO <DP n="24"/>-->
 demonstrating unplasticized PVC/VAC polymer compositions. The VYHH PVC copolymer with 14% vinyl acetate was employed in that Example 13. As reported in that Example 13, the VYHH PVC/VAC copolymer with vinyl acetate does not itself decompose into the landfill, nor does this occur with 2-5 phr of K-38, which is the titanate component of the adduct. However, samples containing the prodegradant system of 5,1 , and 0.5 phr K38J adduct and 2 phr DBTL organotin depolymerization or compostability was observed upon performing the ASTMD 5526 conditions. </p><p id="p0154" num="0154">Accordingly, when using the prodegradant system of K38J and organotin, after 60 days at 35 °C in the dark, no visual traces of the PVC/VAC copolymer were observed. These Examples 1 7 (in this application) and Example 13 of the patent application Serial Number 1 1 /747,481 , demonstrate that unplasticized halogenated copolymers with vinyl acetate will effectively decompose with the prodegradant of this invention. </p><p id="p0155" num="0155">EXAMPLE 18 </p><p id="p0156" num="0156"> [0062] Example 1 7 was run using the 1 :1 of UCAR VYHH PVC/VAC and Poval LM-20 PVAc, identified as above. At both moisture levels of 65% and 96%, the polymer had vanished into the landfill in 30 days. The 2 ml cast film was </p><p id="p0157" num="0157">transparent, readily accepted pencil and ballpoint marking, and adhered strongly to 3M #142 tape. The sample exposed to UV-A radiation at 40°C for 30 days (Q-panel) showed no discoloration. The sample, when ignited with a match, self-extinguished. </p><p id="p0158" num="0158">EXAMPLE 19 </p><p id="p0159" num="0159"> [0063] Example 1 8 was run using a blend of UCAR VYHH PVC/VAC and ELVAX- 40, previously identified, at both 35 and 60 percent moisture levels, weight loss after 30 days was 45-50%, and 100% after sixty days. Accordingly, these Examples further illustrate the compostability of vinyl acetate copolymers according to the principles of this invention. </p><p id="p0160" num="0160">EXAMPLES 20-25 </p><p id="p0161" num="0161"> [0064] The purpose for these following Examples 20-35 is to demonstrate the effectiveness of sulfonate and nitrate analogs of the phosphate ligand in the above- identified prodegradant compounds. The hydrophobic hydrocarbon base polymer 
<!-- EPO <DP n="25"/>-->
 consisted of 100 parts PVC (Geon 121 ), 45 parts di-iso-nonyl adipate (DINA), 20 parts calcium carbonate, 6 parts titanium dioxide, 2.5 parts epoxidized soybean oil (ESO), and 2 parts of dimethyltin maleate. To the base PVC polymer composition was added 2 phr of LICA (KR) 38J and 2 phr of KR 238J, identified above, which served as Examples 20 and 21 . Example 22 employed Kenrich 262J, which is the same compound as LICA 238J, but sidechains on the phosphorus are methyl and butyl instead of octyl. In other words, KR 262J is titanium IV bis (butyl, methyl)- pyrophosphato-0 ethylenediolato (adduct) with DMAPMA. As used herein </p><p id="p0162" num="0162">"DMAPMA" means N-substituted methacrylamide, above identified. Kenrich 262ESJ is the monomeric adduct of titanium IV bis(butyl, methyl)pyrophosphato-0 </p><p id="p0163" num="0163">ethylenediolato (adducts) bis (dioctyl) hydrogen phosphite and DMAPMA. For comparison with Examples 20-23, sulfate and nitrate analogs of the phosphate ligand of the prodegradants LICA 38J, 238J, and 262J were employed. In the case of Example 24, the sulfonate analog employed was titanium IV bis-2-propenolato- butanolato-tris-dodecylbenzenesulfonate (adduct) DMAPMA. In the case of Example 25, the nitrate analog was Kenrich 134J, which is the titanium IV bisphenylpropyl-phenolato-oxoethylenediolato (adducts) sorbitol nitrate and </p><p id="p0164" num="0164">DMAPMA. The nitrate adduct was 1 :1 DMAPMA adduct of the reaction product of 1 :1 molar sorbitol nitrate and KR 1 34J. KR134J=titanium IV bis [4-(2 phenyl) 2- propyl-2] phenolato oxyethylenediolato. </p><p id="p0165" num="0165">[0065] All of the above PVC polymer compositions containing the prodegradant adducts having the phosphate, sulfate, and nitrate ligands were coated on release paper using a wire-bound bar infused at 150°C to yield 2-3 mil coatings. 2 grams of each were placed on 50 grams of landfills medium per ASTM D5526. (21 .5 grams sterilized sewage = milorganite, 7.5 grams of active compost, 21 grams of water, pH after 24 hours = 7.8, C0<sub>2</sub> and NH<sub>3</sub> levels OK per the Solvita compost maturity spot test procedure). These were in crystal styrene petri dishes maintained at 35 °C in a dark incubator after being sealed. After 90 days, all of the above had vanished into the landfill except for a scatter of filter and pigment particles. </p><p id="p0166" num="0166">[0066] All of the above operating and comparative Examples describe the invention so that a person of skill in the art will be enabled to practice it. 
<!-- EPO <DP n="26"/>-->
 [0067] Those of ordinary skill in the art realize that the descriptions, procedures, methods and compositions presented above can be revised or modified without deviating from the scope of the described embodiments, and such do not depart from the scope of the invention. 
</p></description><claims mxw-id="PCLM44726438" ref-ucid="WO-2012115684-A1" lang="EN" load-source="patent-office"><claim-statement><!-- EPO <DP n="27"/>-->WHAT IS CLAIMED IS: </claim-statement><claim id="clm-0001" num="1"><claim-text> 1 . A heavy metal-free and anaerobically compostable vinyl halide polymer composition comprising </claim-text><claim-text> a vinyl halide polymer or copolymer thereof, </claim-text><claim-text> an organic based heat stabilizer essentially free of heavy metals in an effective amount to heat stabilize said polymer or copolymer, and </claim-text><claim-text> a monomeric adduct of an organotitanate or an organozirconate as a prodegradant in relative amounts to render the polymer composition anaerobically compostable under ASTM D-5526-94 conditions, and wherein said adduct is defined by the formula </claim-text><claim-text> ORGANOTITANATE OR ZIRCONATE -X-SALT FORMING GROUP-R-C=C-ACTIVATING GROUP, where X is a phosphate, nitrate or sulfonate group, R is a hydrocarbon radical or substituted hydrocarbon radical and activating group has a C=0, -CN, oxygen, nitrogen, sulfur, or an aromatic ring conjugated with the C=C to activate the carbon- carbon double bond, wherein the substituent of the substituted hydrocarbon radical is selected from the group consisting of an ether, thioether, ester, thioester, and amide. </claim-text></claim><claim id="clm-0002" num="2"><claim-text>2. The composition of claim 1 wherein said stabilizer is pyrimidinedione. </claim-text></claim><claim id="clm-0003" num="3"><claim-text>3. The composition of claim 1 wherein said stabilizer is selected from the group consisting of pyrimidinedione, dicyandiamide, urea, quanadine, tetrahydropyranyl esters or ethers, organic thiols, melamine, and hydrazides. </claim-text></claim><claim id="clm-0004" num="4"><claim-text>4. The composition of claim 1 , wherein said polymer is selected from the group consisting of poly(vinylacetate-vinylchloride), and polyvinyl chloride, and copolymers or blends thereof. <!-- EPO <DP n="28"/>--> </claim-text></claim><claim id="clm-0005" num="5"><claim-text>5. The composition of claim 1 wherein the prodegradant and heat stabilizer are each contained in an amount of from about 1 to about 10 phr polymer. </claim-text></claim><claim id="clm-0006" num="6"><claim-text>6. The composition of claim 1 wherein the monomeric adduct is an amide adduct or an ester adduct. </claim-text></claim><claim id="clm-0007" num="7"><claim-text>7. The composition of claim 1 wherein said adduct is an organopyrophosphato adduct of a monomer selected from the group consisting of methacrylamide, N- substituted methacrylamide, methacrylate and N-substituted methacrylate. </claim-text></claim><claim id="clm-0008" num="8"><claim-text>8. The composition of claim 1 wherein said organotitanate or organozirconate is an amide or ester adduct of neoalkoxy modified monoalkoxy titanate or zirconate having a phosphate, nitrate, or sulfonate group. </claim-text></claim><claim id="clm-0009" num="9"><claim-text>9. The composition of claim 1 wherein the monomeric adduct is selected from the group consisting of titanium IV neoalkanoiato tri(dioctyl) pyrophosphato-0 (adduct) N-substituted methacrylamide, titanium IV neoalkanoiato bis(dioctyl) pyrophosphato-O (adduct) Ν,Ν-dimethylamino-alkyl propenamide, zirconium IV neoalkanoiato tri(dioctyl) -pyrophosphato-O (adduct) N-substituted methacrylamide, zirconium IV neoalkanoiato bis(dioctyl) pyrophosphato-O (adduct), N,N- dimethylamino-alkyl propenamide, titanium IV bisphenylpropyl-phenolato- oxoethylenediolato (adducts) bis (dioctyl) hydrogen phosphite and N-substituted methacrylamide, titanium IV bis (butyl methyl)-pyrophosphato-ethylenediolato (adduct) bis(dioctyl) hydrogen phosphite and N-substituted methacrylamide, titanium IV 2-propenolato tris(dioctyl) pyrophosphato-O (adduct) dimethylaminopropyl styrene, titanium IV bis-2-propenolato-butanolato-tris-dodecylbenzesulfonate </claim-text><claim-text>(adduct) N-substituted methacrylamide. <!-- EPO <DP n="29"/>--> </claim-text></claim><claim id="clm-0010" num="10"><claim-text>10. The composition of claim 1 wherein the polymer is derived from a monomer selected from the group consisting of ethylene, propylene, butene, hexene, octene, a diene, styrene, vinyl acetate, vinyl ether, vinyl chloride, vinylidene chloride, acrylate, methacrylate, acrylonitrile, and copolymers or terpolymers thereof. </claim-text></claim><claim id="clm-0011" num="11"><claim-text>1 1 . The composition of claim 1 wherein X is phosphate. <!-- EPO <DP n="30"/>--> </claim-text></claim><claim id="clm-0012" num="12"><claim-text>12. The composition of claim 2 or 3 wherein the monomeric adduct is selected from the group consisting of titanium IV neoalkanolate tri(dioctyl) pyrophosphato-0 (adduct) N-substituted methacrylamide, titanium IV neoalkanolato bis(dioctyl) pyrophosphato-O (adduct) Ν,Ν-dimethylamino-alkyl propenamide, zirconium IV neoalkanolate tri(dioctyl) pyrophosphato-O (adduct) N-substituted methacrylamide, zirconium IV neoalkolato bis(dioctyl) pyrophosphato-O (adduct) N,N-dimethylamino- alkyl propenamide, titanium IV bisphenylpropyl-phenolato-oxoethylenediolato (adducts) bis (dioctyl) hydrogen phosphite and N-substituted methacrylamide, titanium IV bis (butyl methyl)-pyrophosphato-ethylenediolato (adduct) bis(dioctyl) hydrogen phosphite and N-substituted methacrylamide, titanium IV 2-propenolato tris(dioctyl) pyrophosphato-O (adduct) dimethylaminopropyl styrene, titanium IV bis- 2-propenolato-butanolato-tris-dodecylbenzesulfonate (adduct) N-substituted methacrylamide. </claim-text></claim><claim id="clm-0013" num="13"><claim-text>13. An article formed from the composition of claim 1 . </claim-text></claim><claim id="clm-0014" num="14"><claim-text>14. The article of claim 13 having a compostable woven or nonwoven fabric layer bonded to said composition. </claim-text></claim><claim id="clm-0015" num="15"><claim-text>15. The article of claim 14 wherein said woven or nonwoven fabric is a compostable fabric of a polymer selected from the group consisting of polylactic acid (PLA), polyvinyl alcohol (PVA), polycaprolactone (PCL), polyamide, polyacrylamide, polyacrylate, polymethacrylate, polyester, and cellulose, and copolymers or blends thereof. <!-- EPO <DP n="31"/>--> </claim-text></claim><claim id="clm-0016" num="16"><claim-text>16. The article of claim 13 wherein said polymer is selected from the group consisting of poly(vinylacetate-vinylchloride), and polyvinyl chloride, and copolymers or blends thereof. </claim-text></claim><claim id="clm-0017" num="17"><claim-text>17. The article of claim 13 or 14 in the form of a sheet for use in indoor or outdoor signs, billboards, banners, images, protective barriers, backdrops, and wall coverings. </claim-text></claim><claim id="clm-0018" num="18"><claim-text>18. The article of claim 13 wherein the monomeric adduct is an adduct of a monomer selected from the group consisting of </claim-text><claim-text> ethyl dimethylaminoethylmethacrylate, </claim-text><claim-text> methyl dimethlaminopropyl acrylate, </claim-text><claim-text> 2-morpholine-N-ethyl acrylamide, </claim-text><claim-text> 2-piperidinyl-N-ethyl acrylonitrile, </claim-text><claim-text> 2-dimethylaminoethyl acrolein, </claim-text><claim-text> dimethylaminoethyl vinyl ether, </claim-text><claim-text> dimethylaminoethyl vinyl thioether, </claim-text><claim-text> 4-dimethylaminomethyl styrene, </claim-text><claim-text> allyl 3-dimethylamino propionate, </claim-text><claim-text> methallyl 3-dimethylamino propionate, </claim-text><claim-text> thioallyl 3-dimethylamino propionate, </claim-text><claim-text> dimethylaminomethyl acrylate, and </claim-text><claim-text> dimethylaminomethylacrylamide. <!-- EPO <DP n="32"/>--> </claim-text></claim><claim id="clm-0019" num="19"><claim-text>19. A heavy metal-free and anaerobically compostable polymeric composite article comprising </claim-text><claim-text> an article having an hydrophobic vinyl halide polymer or copolymer surface layer, and </claim-text><claim-text> biodegradable polymer layer underlying said surface layer said surface layer containing (a) an organic based heat stabilizer essentially free of heavy metals in an effective amount to heat stabilize said polymer or copolymer and (b) a monomeric adduct of an organotitanate or an </claim-text><claim-text>organozirconate as a prodegradant in relative amounts to render the surface layer anaerobically compostable under ASTM D-5526-94 conditions,thereby enhancing degradation of said article, and wherein said adduct is defined by the formula </claim-text><claim-text> ORGANOTITANATE OR ZIRCONATE -X-SALT FORMING GROUP-R-C=C=ACTIVATING GROUP where X is a phosphate, nitrate or sulfonate group, where R is a hydrocarbon radical or substituted hydrocarbon radical and activating group has a C=0, -CN, oxygen, nitrogen, sulfur, or an aromatic ring conjugated with the C=C to activate the carbon- carbon double bond, wherein the substituent of the substituted hydrocarbon radical is selected from the group consisting of an ether, thioether, ester, thioester, and amide. </claim-text></claim><claim id="clm-0020" num="20"><claim-text>20. The article of claim 19 wherein said stabilizer is selected from the group consisting of pyrimidinedione, dicyandiamide, urea, quanadine, tetrahydropyran esters or ethers, organic thiols, melamine, and hydrazides. <!-- EPO <DP n="33"/>--> </claim-text></claim><claim id="clm-0021" num="21"><claim-text>21 . The article of claim 19 wherein said biodegradable polymer is selected from the group consisting of polylactic acid (PLA), polyvinyl alcohol (PVA), </claim-text><claim-text>polycaprolactone (PCL), polyamide, polyacrylamide, polyacrylate, polymethacrylate, polyester, and cellulose, and copolymers or blends thereof. </claim-text></claim><claim id="clm-0022" num="22"><claim-text>22. The article of claim 19 wherein the prodegradant or stabilizer is contained in an amount from about 1 to about 1 0 phr polymer. </claim-text></claim><claim id="clm-0023" num="23"><claim-text>23. The article of claim 19 wherein the monomeric adduct is an amide adduct or an ester adduct. </claim-text></claim><claim id="clm-0024" num="24"><claim-text>24. The article of claim 19 wherein said adduct is an organopyrophosphato adduct of a monomer selected from the group consisting of methacrylamide, N- substituted.methacrylamide, methacrylate and N-substituted methacrylate. </claim-text></claim><claim id="clm-0025" num="25"><claim-text>25. The article of claim 19 wherein said organotitanate or organozirconate is an amide or ester adduct of neoalkoxy modified monoalkoxy titanate or zirconate having a phosphate, nitrate, or sulfonate group. <!-- EPO <DP n="34"/>--> </claim-text></claim><claim id="clm-0026" num="26"><claim-text>26. The article of claim 19 wherein the monomeric adduct is selected from the group consisting of titanium IV neoalkanolato tri(dioctyl) pyrophosphato-0 (adduct) N-substituted methacrylamide, titanium IV neoalkanolato bis(dioctyl) pyrophosphato- O (adduct) Ν,Ν-dimethylamino-alkyl propenamide, zirconium IV neoalkanolato tri(dioctyl) pyrophosphato-0 (adduct) N-substituted methacrylamide, zirconium IV neoalkanolato bis(dioctyl) pyrophosphato-O (adduct) N,N-dimethylamino-alkyl propenamide, titanium IV bisphenylpropyl-penolato-oxoethylenediolato (adducts) bis (dioctyl) hydrogen phosphite and N-substituted methacrylamide, titanium IV bis (butyl methyl)-pyrophosphato-ethylenediolato (adduct) bis(dioctyl) hydrogen phosphite and N-substituted methacrylamide, titanium IV 2-propenolato tris(dioctyl) pyrophosphato- O (adduct) dimethylaminopropyl styrene, titanium IV bis-2-propenolato-butanolato- tris-dodecylbenzesulfonate (adduct) N-substituted methacrylamide. </claim-text></claim><claim id="clm-0027" num="27"><claim-text>27. The article of claim 19 wherein the hydrophobic hydrocarbon polymer is derived of ethylene, propylene, butene, hexene, octene, a diene, styrene, vinyl acetate, vinyl chloride, and acrylonitrile, and copolymers or terpolymers thereof. </claim-text></claim><claim id="clm-0028" num="28"><claim-text>28. The article of claim 19 wherein X is a phosphate. </claim-text></claim><claim id="clm-0029" num="29"><claim-text>29. The article of claim 19 in the form of a sheet, having bonded thereto a compostable woven or nonwoven fabric layer. </claim-text></claim><claim id="clm-0030" num="30"><claim-text>30. The article of claim 29 wherein said woven or nonwoven fabric is a </claim-text><claim-text>compostable fabric of a polymer selected from the group consisting of polylactic acid (PLA), polyvinyl alcohol (PVA), polycaprolactone (PCL), polyamide, polyacrylamide, polyacrylate, polymethacrylate, polyester, and cellulose, and copolymers or blends thereof. <!-- EPO <DP n="35"/>--> </claim-text></claim><claim id="clm-0031" num="31"><claim-text>31 . The article of claim 30 wherein said article polymer surface layer contains a polymer selected from the group consisting of poly(vinylacetate-vinylchloride), and polyvinyl chloride, and copolymers or blends thereof. </claim-text></claim><claim id="clm-0032" num="32"><claim-text>32. The article of claim 25, 26, or 29 in the form of a sheet for use in indoor or outdoor signs, billboards, banners, images, protective barriers, backdrops, and wall coverings. <!-- EPO <DP n="36"/>--> </claim-text></claim><claim id="clm-0033" num="33"><claim-text>33. A method of anaerobic biodegradation of a compostable polymeric article having an hydrophobic vinyl halide polymer or copolymer surface layer containing </claim-text><claim-text> (a) an organic based heat stabilizer in effective amount to heat stabilize said polymer or copolymer and </claim-text><claim-text> (b) a monomeric adduct of an organotitanate or an organozirconate as a prodegradant in relative amounts to render the surface layer anaerobically compostable under ASTM D-5526-94 conditions, and wherein said adduct is defined by the formula </claim-text><claim-text> ORGANOTITANATE OR ZIRCONATE -X-SALT FORMING GROUP-R-C=C-ACTIVATING GROUP where X is a nitrate or sulfonate group, R is a hydrocarbon radical or substituted hydrocarbon radical and activating group has a C=0, -CN, oxygen, nitrogen, sulfur, or an aromatic ring conjugated with the C=C to activate the carbon-carbon double bond, wherein the substituent of the substituted hydrocarbon radical is selected from the group consisting of an ether, thioether, ester, thioester, and amide, </claim-text><claim-text> anaerobically degrading said article surface layer in the landfill, thereby enhancing degradation of said article. </claim-text></claim><claim id="clm-0034" num="34"><claim-text>34. The composition of claim 33 wherein said stabilizer is selected from the group consisting of pyrimidinedione, dicyandiamide, urea, quanadine, tetrahydropyran esters or ethers, organic thiols, melamine, and hydrazides. </claim-text></claim><claim id="clm-0035" num="35"><claim-text>35. The method of claim 33 wherein said article has a biodegradable polymer layer underlying said surface layer, wherein said biodegradable polymer is selected from the group consisting of polylactic acid (PLA), polyvinyl alcohol (PVA), polycaprolactone (PCL), polyamide, polyacrylamide, polyacrylate, polymethacrylate, polyester, and cellulose, and copolymers or blends thereof. <!-- EPO <DP n="37"/>--> </claim-text></claim><claim id="clm-0036" num="36"><claim-text>36. The method of claim 33 wherein the monomeric adduct is selected from the group consisting of titanium IV neoalkanolato tri(dioctyl) pyrophosphato-0 (adduct) N-substituted methacrylamide, titanium IV neoalkanolato bis(dioctyl) pyrophosphato- O (adduct) Ν,Ν-dimethylamino-alkyl propenamide, zirconium IV neoalkanolato tri(dioctyl) pyrophosphato-O (adduct) N-substituted methacrylamide, zirconium IV neoalkanolato bis(dioctyl) pyrophosphato-O (adduct) N,N-dimethylamino-alkyl propenamide, titanium IV bisphenylpropyl-phenolato-oxoethylenediolato (adducts) bis (dioctyl) hydrogen phosphite and N-substituted methacrylamide, titanium IV bis (butyl methyl)-pyrophosphato-ethylenediolato (adducts) bis(dioctyl) hydrogen phosphite and N-substituted methacrylamide, titanium IV bis (butyl methyl)- pyrophosphato-ethylenediolato (adduct) bis(dioctyl) hydrogen phosphite and N- substituted methacrylamide, titanium IV 2-propenolato tris(dioctyl) pyrophosphato-O (adduct) dimethylaminopropyl styrene, titanium IV bis-2-propenolato-butanolato-tns- dodecylbenzesulfonate (adduct) N-substituted methacrylamide. </claim-text></claim><claim id="clm-0037" num="37"><claim-text>37. The method of claim 33 wherein the hydrophobic polymer surface layer is derived from a monomer selected from the group consisting of ethylene, propylene, butene, hexene, octene, a diene, styrene, vinyl acetate, vinyl ether, vinyl chloride, vinylidene chloride, acrylate, methacrylate, acrylonitrile, and copolymers or terpolymers thereof. </claim-text></claim><claim id="clm-0038" num="38"><claim-text>38. The method of claim 32 wherein the adduct is an organopyrophosphato adduct of a monomer selected from the group consisting of methacrylamide, N- substituted methacrylamide, methacrylate and N-substituted methacrylate. </claim-text></claim></claims><amended-claims mxw-id="PCLM44726437" ref-ucid="WO-2012115684-A1" lang="EN" load-source="patent-office" amended-claim-type=""><heading><!-- EPO <DP n="38"/>--> AMENDED CLAIMS received by the International Bureau on 26 April 2012 (26.05.2012) </heading><claim id="amd-clm-0001" num="1"><claim-text>1. A heavy metal-free and anaerobically compostable vinyl halide polymer composition comprising </claim-text><claim-text> a vinyl halide polymer or copolymer thereof, </claim-text><claim-text> an organic based heat stabilizer essentially free of heavy metals of lead, cadmium or tin in an effective amount to heat stabilize said polymer or copolymer, and </claim-text><claim-text> a rnonomeric adduct of an organotitanate or an organozirconate as a prodegradant in relative amounts to render the polymer composition anaerobically compostable under ASTM D-5526-94 conditions, and wherein said adduct is defined by the formula </claim-text><claim-text> ORGANOTITANATE OR ORGANOzlRCONATE -X </claim-text><claim-text> SALT FORMING GROUP-R^C=C-ACTIVATlNG GROUP, where X is a phosphate, nitrate or sulfonate group which forms the anionic part of the salt, R is a hydrocarbon radical or substituted hydrocarbon radical which forms a part of the cationic salt forming group and the activating group has a C=0, -CN, oxygen, nitrogen, sulfur, or an aromatic ring conjugated with the C=C to activate the carbon-carbon double bond, wherein the substituent of the substituted hydrocarbon radical is selected from the group consisting of an ether, thioether, ester, thioester, and amide. </claim-text></claim><claim id="amd-clm-0002" num="2"><claim-text>2. The composition of claim 1 wherein said stabilizer is selected from the group consisting of pyrimidinedione, dicyandiamide, urea, guanadine, tetrahydropyranyl esters or ethers, organic thiols, melamine, and hydrazides. <!-- EPO <DP n="39"/>--> </claim-text></claim><claim id="amd-clm-0003" num="3"><claim-text>3. The composition of claim 1 wherein the polymer is derived from a monomer selected from the group consisting of ethylene, propylene, butene, hexene, octene, a diene, styrene, vinyl acetate, vinyl ether, vinyl chloride, vinylidene chloride, acrylate, methacrylate, acry!onitri!e, and copolymers or terpolymers thereof. </claim-text></claim><claim id="amd-clm-0004" num="4"><claim-text>4. The composition of claim 1 wherein the prodegradant and heat stabilizer are each contained in an amount of from about 1 to about 10 phr polymer. </claim-text></claim><claim id="amd-clm-0005" num="5"><claim-text>5. The composition of claim 1 wherein said adduct is an organopyrophosphato adduct of a monomer selected from the group consisting of methacrylamide, N- substituted methacrylamide, methacrylate and N-substituted methacrylate. </claim-text></claim><claim id="amd-clm-0006" num="6"><claim-text>6. The composition of claim 1 , 2, or 3 wherein the monomeric adduct is selected from the group consisting of titanium IV neoalkanolato tri(diocLyl) pyrophosphato-0 (adducl) N-substituted methacrylamide, titanium IV neoalkanolato bis(dioctyl) pyrophosphato-0 (adduct) Ν,Ν-dimethylamino-alkyl propenamide, zirconium IV neoalkanolato tri(dioctyl) -pyrophosphato-0 (adduct) N-substituted methacrylamide, zirconium IV neoalkanolato bis(dioctyl) pyrophosphato-0 (adduct), N,N- dimethylamino-alkyl propenamide, titanium IV bisphenylpropyl-phenolato- oxoethylenediolato (adducts) bis (dioctyl) hydrogen phosphite and N-substituted methacrylamide, titanium IV bis (butyl methyl )-pyrophosphato-ethylenedioIato (adduct) bis(dioctyl) hydrogen phosphite and N-substituted methacrylamide, titanium IV 2-propenolato tris(dioctyl) pyrophosphato-0 (adduct) dimethylaminopropyl styrene, titanium IV bis-2-propenolato-bulanoIalo-lris-dodecylbenzesulfonate (adduct) N-substituted methacrylamide. </claim-text></claim><claim id="amd-clm-0007" num="7"><claim-text>7. An article formed from the composition of claim 1 . <!-- EPO <DP n="40"/>--> </claim-text></claim><claim id="amd-clm-0008" num="8"><claim-text>8. The article of claim 7 having a compostable woven or nanwoven fabric layer bonded to said composition. </claim-text></claim><claim id="amd-clm-0009" num="9"><claim-text>9. The article of claim 8 wherein said woven or nonwoven fabric is a </claim-text><claim-text>compostable fabric of a polymer selected from the group consisting of polylactic acid (PLA), polyvinyl alcohol (PVA), polycaprolactone (PCL), polysmide, polyacrylamide, poiyacrylate, polymethacrylate, polyester, and cellulose, and copolymers or blonds thereof. </claim-text></claim><claim id="amd-clm-0010" num="10"><claim-text>10. The article of claim 7 or 8 in the form of a sheet for use in indoor or outdoor signs, billboards, banners, images, protective barriers, backdrops, and wall coverings, </claim-text></claim><claim id="amd-clm-0011" num="11"><claim-text>1 1. The article of claim 7 wherein the monomen<sup>'</sup>c adduct is an adduct of a monomer selected from the group consisting of </claim-text><claim-text> ethyl dimethylaminoethylmethacrylate, </claim-text><claim-text> methyl dimethlaminopropyl acrylate, </claim-text><claim-text> 2-morpholine-N-ethyi acrylamide, </claim-text><claim-text> 2-piperidinyl-N-ethyl acrylonitrile, </claim-text><claim-text> 2-dimethylaminoethyl acrolein, </claim-text><claim-text> dimeihylaminoethyl vinyl ether, </claim-text><claim-text> dimethylaminoethyl vinyl Ihioether, </claim-text><claim-text> 4-dimethylaminomethyl styrene, </claim-text><claim-text> ally! 3-dimethylamino propionate, </claim-text><claim-text> methallyl 3-dimelhylamino propionate, </claim-text><claim-text> thioallyl 3-dimethylamino propionate, </claim-text><claim-text> dimethylaminomethyl acrylate, and <!-- EPO <DP n="41"/>--> dimethylaminomethylacrylamide. </claim-text></claim><claim id="amd-clm-0012" num="12"><claim-text>12. The article of claim 7 having an anaerobically compostable surface layer and biodegradable polymer layer underlying said surface layer, </claim-text></claim><claim id="amd-clm-0013" num="13"><claim-text>13. The article of claim 12 wherein said biodegradable polymer is selected from the group consisting of polylactic acid (PLA), polyvinyl alcohol (PVA), </claim-text><claim-text>polycaprolactone (PCL), polyamide, polyacrylamide, polyacrylate, polymethacrylate, polyester, and cellulose, and copolymers or blends thereof. </claim-text></claim><claim id="amd-clm-0014" num="14"><claim-text>14. The article of claim 12 wherein the monomeric adduct is selected from the group consisting of titanium IV neoalkanolato tri(dioctyl) pyrophosphato-0 (adduct) N-substituted methacrylamide, titanium IV neoalkanolato bis(dioctyl) pyrophosphate- O (adduct) N,N-dimethylamino-alkyl propenamide, zirconium IV neoalkanolato tri(dioctyl) pyrophosphato-O (adduct) N-substituted methacrylamide, zirconium IV neoalkanolato bis(dioctyl) pyrophosphato-0 (adduct) N,N-dimethylarnino-aIkyl propenamide. titanium IV bisphenylpropyl-penolato-oxoethylenediolato (adducts) bis (dioctyl) hydrogen phosphite and N-substituted methacrylamide, titanium IV bis (butyl methyl)-pyrophosphalo-ethylenediolato (adduct) bis(dioctyl) hydrogen phosphite and N-substituted methacrylamide, titanium IV 2-propenolato tris(dioctyl) pyrophosphate- 0 (adduct) dimethylaminopropyl styrene, titanium IV bis-2-propenolato-butanolaLo- tris-dodecylbenzesulfonate (adduct) N-substituted methacrylamide.The article of claim 19 wherein the monomeric adduct is an amide adduct or an ester adduct. </claim-text></claim><claim id="amd-clm-0015" num="15"><claim-text>15. A method of anaerobic biodegradation of the compostable polymeric article of claim 7 or 1 1 comprising </claim-text><claim-text> anaerobically degrading said article in a landfill under AST D-5526-94 conditions. </claim-text></claim></amended-claims><copyright>User acknowledges that Fairview Research LLC and its third party providers retain all right, title and interest in and to this xml under applicable copyright laws.  User acquires no ownership rights to this xml including but not limited to its format.  User hereby accepts the terms and conditions of the Licence Agreement</copyright></patent-document>
