<?xml version="1.0" encoding="UTF-8"?>
<patent-document ucid="EP-2958515-A1" country="EP" doc-number="2958515" kind="A1" date="20151230" family-id="51388497" file-reference-id="263466" date-produced="20180822" status="corrected" lang="EN"><bibliographic-data><publication-reference fvid="160453669" ucid="EP-2958515-A1"><document-id><country>EP</country><doc-number>2958515</doc-number><kind>A1</kind><date>20151230</date><lang>EN</lang></document-id></publication-reference><application-reference ucid="EP-14754144-A" is-representative="NO"><document-id mxw-id="PAPP193870306" load-source="docdb" format="epo"><country>EP</country><doc-number>14754144</doc-number><kind>A</kind><date>20140218</date><lang>EN</lang></document-id><document-id mxw-id="PAPP193870307" load-source="patent-office" format="original"><country>EP</country><doc-number>14754144.5</doc-number><date>20140218</date><lang>EN</lang></document-id></application-reference><priority-claims><priority-claim mxw-id="PPC162032492" ucid="US-201361767958-P" load-source="docdb"><document-id format="epo"><country>US</country><doc-number>201361767958</doc-number><kind>P</kind><date>20130222</date></document-id></priority-claim><priority-claim mxw-id="PPC162035756" ucid="US-2014016862-W" linkage-type="W" load-source="docdb"><document-id format="epo"><country>US</country><doc-number>2014016862</doc-number><kind>W</kind><date>20140218</date></document-id></priority-claim></priority-claims><technical-data><classifications-ipcr><classification-ipcr mxw-id="PCL-1897317706" load-source="docdb">A61C  13/263       20060101ALI20160908BHEP        </classification-ipcr><classification-ipcr mxw-id="PCL-1897317707" load-source="docdb">A61C   8/00        20060101AFI20160908BHEP        </classification-ipcr></classifications-ipcr><classifications-cpc><classification-cpc mxw-id="PCL-1987789349" load-source="docdb" scheme="CPC">A61C   8/0069      20130101 LI20140828BHEP        </classification-cpc><classification-cpc mxw-id="PCL-1987797262" load-source="docdb" scheme="CPC">A61C   8/0025      20130101 FI20141126BHEP        </classification-cpc></classifications-cpc><invention-title mxw-id="PT165552473" lang="DE" load-source="patent-office">ENOSSALES ZAHNIMPLANTAT UND ABUTMENT ZUR PRÄVENTION VON KNOCHENSCHWUND</invention-title><invention-title mxw-id="PT165552474" lang="EN" load-source="patent-office">ENDOSSEOUS DENTAL IMPLANT AND ABUTMENT FOR PREVENTION OF BONE LOSS</invention-title><invention-title mxw-id="PT165552475" lang="FR" load-source="patent-office">IMPLANT ET PILIER DENTAIRE ENDO-OSSEUX POUR LA PRÉVENTION DE LA PERTE OSSEUSE</invention-title></technical-data><parties><applicants><applicant mxw-id="PPAR1103331627" load-source="docdb" sequence="1" format="epo"><addressbook><last-name>BABINER BORIS D S</last-name><address><country>US</country></address></addressbook></applicant><applicant mxw-id="PPAR1103318014" load-source="docdb" sequence="1" format="intermediate"><addressbook><last-name>BABINER, Boris, D.S.</last-name></addressbook></applicant><applicant mxw-id="PPAR1101639785" load-source="patent-office" sequence="1" format="original"><addressbook><last-name>Babiner, Boris, D.S.</last-name><iid>101477250</iid><address><street>723 S. 11th Street</street><city>Philadelphia, PA 19147</city><country>US</country></address></addressbook></applicant></applicants><inventors><inventor mxw-id="PPAR1103307933" load-source="docdb" sequence="1" format="epo"><addressbook><last-name>BABINER BORIS D S</last-name><address><country>US</country></address></addressbook></inventor><inventor mxw-id="PPAR1103321037" load-source="docdb" sequence="1" format="intermediate"><addressbook><last-name>BABINER, Boris, D.S.</last-name></addressbook></inventor><inventor mxw-id="PPAR1101645048" load-source="patent-office" sequence="1" format="original"><addressbook><last-name>BABINER, Boris, D.S.</last-name><address><street>723 S. 11th Street</street><city>Philadelphia, PA 19147</city><country>US</country></address></addressbook></inventor></inventors><agents><agent mxw-id="PPAR1101642803" load-source="patent-office" sequence="1" format="original"><addressbook><last-name>Kelly, Donal Morgan</last-name><suffix>et al</suffix><iid>101404231</iid><address><street>FRKelly 27 Clyde Road</street><city>Dublin 4</city><country>IE</country></address></addressbook></agent></agents></parties><international-convention-data><pct-or-regional-filing-data ucid="US-2014016862-W"><document-id><country>US</country><doc-number>2014016862</doc-number><kind>W</kind><date>20140218</date><lang>EN</lang></document-id></pct-or-regional-filing-data><pct-or-regional-publishing-data ucid="WO-2014130438-A1"><document-id><country>WO</country><doc-number>2014130438</doc-number><kind>A1</kind><date>20140828</date><lang>EN</lang></document-id></pct-or-regional-publishing-data><designated-states><ep-contracting-states><country mxw-id="DS660794413" load-source="docdb">AL</country><country mxw-id="DS660640020" load-source="docdb">AT</country><country mxw-id="DS660794415" load-source="docdb">BE</country><country mxw-id="DS660732191" load-source="docdb">BG</country><country mxw-id="DS660721845" load-source="docdb">CH</country><country mxw-id="DS660644849" load-source="docdb">CY</country><country mxw-id="DS660640021" load-source="docdb">CZ</country><country mxw-id="DS660794416" load-source="docdb">DE</country><country mxw-id="DS660644850" load-source="docdb">DK</country><country mxw-id="DS660644855" load-source="docdb">EE</country><country mxw-id="DS660723059" load-source="docdb">ES</country><country mxw-id="DS660732192" load-source="docdb">FI</country><country mxw-id="DS660721846" load-source="docdb">FR</country><country mxw-id="DS660794417" load-source="docdb">GB</country><country mxw-id="DS660644856" load-source="docdb">GR</country><country mxw-id="DS660794418" load-source="docdb">HR</country><country mxw-id="DS660640022" load-source="docdb">HU</country><country mxw-id="DS660756028" load-source="docdb">IE</country><country mxw-id="DS660644857" load-source="docdb">IS</country><country mxw-id="DS660721851" load-source="docdb">IT</country><country mxw-id="DS660644858" load-source="docdb">LI</country><country mxw-id="DS660732193" load-source="docdb">LT</country><country mxw-id="DS660641382" load-source="docdb">LU</country><country mxw-id="DS660732194" load-source="docdb">LV</country><country mxw-id="DS660732211" load-source="docdb">MC</country><country mxw-id="DS660641395" load-source="docdb">MK</country><country mxw-id="DS660641396" load-source="docdb">MT</country><country mxw-id="DS660756029" load-source="docdb">NL</country><country mxw-id="DS660723060" load-source="docdb">NO</country><country mxw-id="DS660756030" load-source="docdb">PL</country><country mxw-id="DS660732212" load-source="docdb">PT</country><country mxw-id="DS660640039" load-source="docdb">RO</country><country mxw-id="DS660732213" load-source="docdb">RS</country><country mxw-id="DS660756103" load-source="docdb">SE</country><country mxw-id="DS660721852" load-source="docdb">SI</country><country mxw-id="DS660723061" load-source="docdb">SK</country><country mxw-id="DS660723062" load-source="docdb">SM</country><country mxw-id="DS660641397" load-source="docdb">TR</country></ep-contracting-states><ep-extended-states><ep-extended-state-data><country>BA</country></ep-extended-state-data><ep-extended-state-data><country>ME</country></ep-extended-state-data></ep-extended-states></designated-states></international-convention-data><office-specific-data><eptags><ep-no-a-document-published>*</ep-no-a-document-published></eptags></office-specific-data></bibliographic-data><abstract mxw-id="PA139073431" ref-ucid="WO-2014130438-A1" lang="EN" load-source="patent-office"><p num="0000">Endosseous dental implants and abutments for deterring tissue loss, such as loss of buccal bone, at the site of the implant/abutment. An exemplary implant may include longitudinally extending externally threaded and unthreaded regions each extending over only a circumferential portion of the external circumference of the implant. The implant may include an internal passage extending along the shaft having a frusto-conical region extending over only a circumferential portion of the internal passage. An exemplary abutment may include a distal connection end comprising a frusto-conical region thereat extending over only a circumferential portion of the external circumference of the connection end to provide a frusto-conical connection region and non-frusto-conical connection region.</p></abstract><abstract mxw-id="PA139541080" ref-ucid="WO-2014130438-A1" lang="EN" source="national office" load-source="docdb"><p>Endosseous dental implants and abutments for deterring tissue loss, such as loss of buccal bone, at the site of the implant/abutment. An exemplary implant may include longitudinally extending externally threaded and unthreaded regions each extending over only a circumferential portion of the external circumference of the implant. The implant may include an internal passage extending along the shaft having a frusto-conical region extending over only a circumferential portion of the internal passage. An exemplary abutment may include a distal connection end comprising a frusto-conical region thereat extending over only a circumferential portion of the external circumference of the connection end to provide a frusto-conical connection region and non-frusto-conical connection region.</p></abstract><abstract mxw-id="PA139073432" ref-ucid="WO-2014130438-A1" lang="FR" load-source="patent-office"><p num="0000">La présente invention concerne des implants et des piliers dentaires endo-osseux permettant de prévenir la perte tissulaire, comme la perte d'os buccal, au niveau du site de l'implant/du pilier. Un exemple d'implant peut comprendre des régions avec et sans filet extérieur s'étendant longitudinalement s'étendant chacune uniquement sur une partie circonférentielle de la circonférence externe de l'implant. L'implant peut comprendre un passage interne s'étendant le long de la tige présentant une région frusto-conique s'étendant uniquement sur une partie circonférentielle du passage interne. Un exemple de pilier peut comprendre une extrémité de connexion distale comprenant une région frusto-conique s'étendant uniquement sur une partie circonférentielle de la circonférence externe de l'extrémité de connexion pour donner une région de connexion frusto-conique et une région de connexion non-frusto-conique.</p></abstract><abstract mxw-id="PA139541081" ref-ucid="WO-2014130438-A1" lang="FR" source="national office" load-source="docdb"><p>La présente invention concerne des implants et des piliers dentaires endo-osseux permettant de prévenir la perte tissulaire, comme la perte d'os buccal, au niveau du site de l'implant/du pilier. Un exemple d'implant peut comprendre des régions avec et sans filet extérieur s'étendant longitudinalement s'étendant chacune uniquement sur une partie circonférentielle de la circonférence externe de l'implant. L'implant peut comprendre un passage interne s'étendant le long de la tige présentant une région frusto-conique s'étendant uniquement sur une partie circonférentielle du passage interne. Un exemple de pilier peut comprendre une extrémité de connexion distale comprenant une région frusto-conique s'étendant uniquement sur une partie circonférentielle de la circonférence externe de l'extrémité de connexion pour donner une région de connexion frusto-conique et une région de connexion non-frusto-conique.</p></abstract><description mxw-id="PDES78476959" ref-ucid="WO-2014130438-A1" lang="EN" load-source="patent-office"><!-- EPO <DP n="2"/>--><p id="p0001" num="0001"> ENDOSSEOUS DENTAL IMPLANT AND ABUTMENT </p><p id="p0002" num="0002"> FOR PREVENTION OF BONE LOSS </p><p id="p0003" num="0003">Related Applications </p><p id="p0004" num="0004"> [0001] This application claims the benefit of priority of U.S. Provisional Application No. 61/767,958, filed on February 22, 2013, the entire contents of which application are incorporated herein by reference. </p><p id="p0005" num="0005"> Field of the Invention </p><p id="p0006" num="0006"> [0002] The present invention relates generally to endosseous dental implants and abutments, and more particularly, but not exclusively to, endosseous dental implants and abutments for deterring tissue loss, such as loss of buccal bone, at the site of the implant/ abutment. </p><p id="p0007" num="0007"> Background of the Invention </p><p id="p0008" num="0008"> [0003] A dental implant is a device used to anchor, via an abutment, a dental prosthesis into living bone and tissue. The implant is placed into bone tissue to provide a solid foundation for the abutment and prosthesis attached to the abutment. Dental implants, abutments, and their prostheses serve numerous purposes, such as: chewing, where they oppose teeth or other prosthesis to allow mastication to take place; preventing extrusion of opposing teeth by providing sensory input and contact; and, providing an aesthetic appearance. </p><p id="p0009" num="0009"> [0004] In order to place an implant into the jawbone, the recipient site in the jawbone typically needs to be shaped with drills or other tools, such as expanders and piezoelectric tips, to prepare the site for implant placement. Dental implants may be placed immediately after extraction or after healing of the extraction site with or without a grafting material. Frequently, it may be difficult to achieve the required thickness of buccal bone with an implant of adequate width to provide sufficient support for the prosthesis. In such lack of sufficient buccal bone may result in the loss of supporting tissues (bone and gums) due to a reduced surface area of blood supply around the implant. Lack of sufficient buccal bone presents a dilemma for the clinician, because use of an narrower implant and abutment that may better fit within the buccal bone may experience failure during use due to overloading with 
<!-- EPO <DP n="3"/>-->
 bite forces whereas use of a wider implant (and accompanying abutment) may compromise aesthetics and result in potential tissue loss sequelae. </p><p id="p0010" num="0010"> [0005] Accordingly, it would be an advance in the art to provide dental implants and abutments that overcome the problems associated with potential bone and/or gum tissue loss sequelae, while providing sufficient prosthesis support and preserving aesthetics. </p><p id="p0011" num="0011"> Summary of the Invention </p><p id="p0012" num="0012"> [0006] As an advance to the field of dental implants, implants and abutments in accordance with the present invention are provided which are structured to provide sufficient support for a dental prosthesis attached thereto, while at the same time allowing for sufficient bone tissue around the implant to prevent negative outcomes, such as bone tissue loss. In this regard, in one of its aspects the present invention provides a dental implant and abutments having a first width, in a first direction transverse to the longitudinal axis of the implant, which is sufficiently large to provide support for the dental prosthesis. The outer circumference of the dental implant on opposing sides across the first width may be externally threaded for insertion into the jawbone of a patient. The dental implant may have a second width, in a second transverse direction perpendicular to the first transverse direction, which is smaller than the first width. This smaller second width may be oriented in the patient's jawbone to provide additional bone mass adjacent the implant surfaces disposed on opposing sides across the second width. However, the presence of the smaller second width of the implant may require the use novel abutments that account for the smaller second width while providing the requisite support for a dental prosthesis attached thereto. In this regard, the present invention provides a dental implant abutment comprising a connection region designed to maintain mechanical integrity having a first width and a relatively smaller second width each width corresponding the to the first and second widths of the implant. The connection region may be provided the form of one or more conical taper portions with one or more flat connecting wall(s), for instance. Thus, dental implants and abutments in accordance with the present invention may be structured to have differing transverse widths, where the relatively larger width provides the required 
<!-- EPO <DP n="4"/>-->
 support and the relatively smaller width enables an increased thickness of bone tissue proximate the implant surfaces defining the relatively smaller width. </p><p id="p0013" num="0013"> [0007] For example, in one of its aspects the present invention provides an endosseous dental implant for insertion into the jawbone of a patient having a configuration for deterring bone loss at the site of the implant. In one exemplary configuration, the implant may include a longitudinally extending shaft having a longitudinal axis extending from a proximal abutment end to a distal end; the shaft may have an external circumference perpendicular to the longitudinal axis associated therewith. A first longitudinally extending externally threaded region may be provided extending along the longitudinal axis and extending over only a circumferential portion of the external circumference of the shaft. A first longitudinally extending unthreaded region may be provided extending over only a circumferential portion of the external circumference of the shaft at a location longitudinally adjacent to the first longitudinally extending externally threaded region. An internal passage may extend along the longitudinal axis of the shaft from the proximal abutment end of the shaft and may include a frusto-conical region extending over only a circumferential portion of the internal passage proximate the abutment end of the shaft to provide a frusto-conical connection region and non- frusto-conical connection region. The internal passage may include a truncated circular cross-sectional shape in a plane perpendicular to the longitudinal axis proximate the abutment end of the shaft and may include a frusto-conical region extending over only a circumferential portion of the internal passage proximate the abutment end of the shaft. The internal passage may also include first and second frusto-conical regions extending over only a circumferential portion of the internal passage proximate the abutment end of the shaft, with the first and second frusto- conical regions disposed at opposing circumferential locations of the internal passage. First and second planar surfaces may be disposed between the first and second frusto-conical regions, respectively. </p><p id="p0014" num="0014"> [0008] In addition, a second longitudinally extending externally threaded region may be provided extending along the longitudinal axis and extending over only a circumferential portion of the external circumference of the shaft, wherein the first and second longitudinally extending externally threaded regions may be disposed at 
<!-- EPO <DP n="5"/>-->
 opposing locations across the longitudinal axis about the external circumference of the shaft. The implant may also include a second longitudinally extending unthreaded region extending along the longitudinal axis and extending over only a circumferential portion of the external circumference of the shaft. The first and second longitudinally extending unthreaded regions may be disposed between the first and second longitudinally extending externally threaded regions at opposing locations across the longitudinal axis about the external circumference of the shaft. The first and second longitudinally extending externally threaded regions may be disposed a first distance apart as measured along a first diameter in a plane perpendicular to the longitudinal axis, and the first and second longitudinally extending unthreaded regions may be disposed a second distance apart as measured along a second diameter in the plane, wherein the second distance is less than the first distance. In an exemplary configuration, the first and second longitudinally extending unthreaded regions may include substantially flat planar regions. Selected surfaces, such as the first and second longitudinally extending unthreaded regions and/or threaded regions may be textured to promote bone growth therein. </p><p id="p0015" num="0015"> [0009] In another of its aspects, the present invention may provide a dental implant abutment for insertion into a dental implant. The dental implant abutment may include a longitudinally extending shaft having a longitudinal axis and an external circumference perpendicular to the axis associated therewith. In an exemplary configuration, the abutment may include a distal connection end comprising a first frusto-conical region thereat extending over only a circumferential portion of the external circumference of the connection end to provide a frusto-conical connection region and non-frusto-conical connection region. The non-frusto-conical connection region may include a planar surface parallel to the longitudinal axis or tilted relative to the longitudinal axis. A second frusto-conical region may be provided extending over only a circumferential portion of the external circumference of the connection end, and the first and second frusto-conical regions may be disposed at opposing circumferential locations of the external circumference. Additionally, first and second planar surfaces may be disposed between the first and second frusto-conical regions at opposing circumferential locations of the external circumference, respectively. 
<!-- EPO <DP n="6"/>-->
 Brief Description of the Drawings </p><p id="p0016" num="0016"> [0010] The foregoing summary and the following detailed description of exemplary embodiments of the present invention may be further understood when read in conjunction with the appended drawings, in which: </p><p id="p0017" num="0017"> [0011] Figures 1A, IB schematically illustrate side views of an exemplary dental implant in accordance with the present invention having two longitudinally extending threaded regions disposed at opposing locations across a longitudinal axis of the shaft and two longitudinally extending unthreaded regions disposed therebetween; </p><p id="p0018" num="0018"> [0012] Figure 1C schematically illustrates a top-view of the dental implant of Figs. 1A, IB; </p><p id="p0019" num="0019"> [0013] Figures ID, IE schematically illustrate cross-sectional views of the dental implant of Figs. 1A, IB showing the internal passageway for receiving a dental implant abutment; </p><p id="p0020" num="0020"> [0014] Figures 2A, 2B schematically illustrate top-views of the dental implant of Figs. 1A, IB disposed in situ in a patient's jawbone at differing orientations; </p><p id="p0021" num="0021"> [0015] Figures 3A, 3B schematically illustrate side views of an exemplary dental implant abutment in accordance with the present invention having first and second frusto-conical regions disposed at opposing circumferential locations at a connection portion of the abutment and having two planar surfaces disposed between the first and second frusto-conical regions, respectively; </p><p id="p0022" num="0022"> [0016] Figures 4A, 4B schematically illustrate side views of an exemplary dental implant in accordance with the present invention having one longitudinally extending threaded region and one longitudinally extending unthreaded region adjacent thereto; and </p><p id="p0023" num="0023"> [0017] Figure 5 schematically illustrates a conic section formed by the intersection of a cone with a plane. </p><p id="p0024" num="0024"> Detailed Description of the Invention </p><p id="p0025" num="0025"> [0018] Referring now to the figures, wherein like elements are numbered alike throughout, Figures 1A-1E schematically illustrate in exemplary configuration of an endosseous dental implant 100 in accordance with the present invention which is 
<!-- EPO <DP n="7"/>-->
 structured to deter or prevent tissue loss in a patient at the site of implantation. In this regard, the endosseous dental implant 100 may have a diameter D l in a first selected direction perpendicular to the longitudinal axis 109 of the implant 100 and a relatively smaller diameter D2 in a second direction orthogonal to the first selected direction. Such a configuration has the benefit of providing increased implant stability in view of the relatively larger diameter Dl and decreased chance of tissue loss in view of the relatively smaller diameter D2 by providing increased clearance between selected surfaces 103, 105 of the implant 100 and the buccal and lingual surfaces 11, 13 of the bone tissue 10 into which the implant 100 is inserted, for example, Fig. 2A. The presence of additional bone tissue between the implant 100 and the buccal and lingual surfaces 11, 13 can prevent or deter bone resorption and loss. </p><p id="p0026" num="0026"> [0019] Turning to the structure of the endosseous dental implant 100 more specifically, Figures 1A, IB schematically illustrate side views taken from two orthogonal directions of an exemplary configuration of the endosseous dental implant 100 in accordance with the present invention having first and second longitudinally extending externally threaded regions 102, 104 and first and second longitudinally extending unthreaded regions 103, 105, which may comprise planar or other suitably shaped surfaces. The longitudinally extending externally threaded regions 102, 104 may extend over only a circumferential portion of the external circumference of the implant 100 and may be disposed at opposing locations across the longitudinal axis 109, Fig. 1A, 1C. Likewise, the longitudinally extending unthreaded regions 103, 105 may extend over only a circumferential portion of the external circumference of the implant 100 and may be disposed at opposing locations across the longitudinal axis 109, Figs. IB, 1C. The longitudinally extending externally threaded and unthreaded regions 102, 104, 103, 105 may be longitudinally adjacent to one another, such that at a cross-section perpendicular to the longitudinal axis 109 there are two opposing threaded regions 102, 104 with two opposing unthreaded regions 103, 105 disposed therebetween, Figs. 1A-1C. Thus, a first diameter D 1 may be defined as extending in a plane perpendicular to the longitudinal axis 109 between the first and second longitudinally extending threaded regions 102, 104. Similarly, a second diameter D2 may be defined as extending in the same perpendicular plane between the first and second longitudinally extending 
<!-- EPO <DP n="8"/>-->
 unthreaded regions 103, 105. The first diameter Dl may have a value of 4.3 mm, 4.8 mm, or 5.8 mm, and the second diameter D2 may have a diameter of 3.3 mm, for example. In addition, the endosseous dental implant 100 may be tapered from a proximal abutment end 108 to a distal end 106 in a plane containing the longitudinal axis 109 and intersecting the first and second longitudinally extending externally threaded regions 102, 104, Fig. 1A. Conversely, the longitudinally extending unthreaded regions 103, 105 may be parallel to one another to provide a non-tapered cross-section of the endosseous dental implant 100, Fig. IB. The cross-section may take the form of a truncated circle, Fig. 1C; as used herein the term "truncated circle" refers to a circle having at least one chord which truncates the circle, such as the truncated circle illustrated in Fig. 1C having two opposing chords to provide a doubly truncated circular cross-section, for example. Independent of the particular shape of the implant 100, any of the longitudinally extending regions 102, 103, 104, 105 or other portions of the implant 100 for insertion into bone tissue may be roughened or textured to encourage bone growth therein. Any suitable process may be used to achieve the roughening or texture, such as a removal process, e.g., acid etching or particle blasting, or an additive process, e.g., deposition of hydroxyapatite, a protein, or growth factor, for example. In addition, the implant 100 itself may comprise any suitable material, such as titanium or a titanium alloy, for example. </p><p id="p0027" num="0027"> [0020] While the exemplary endosseous dental implant 100 of Figs. 1A-1E are shown with two threaded regions 102, 104 and two unthreaded regions 103, 105, other configurations are possible. For example, with reference to Figs. 4A, 4B, an endosseous dental implant 400 may include a single longitudinally extending externally threaded region 402 and a single longitudinally extending unthreaded region 403, each extending over only a circumferential portion of the external circumference. </p><p id="p0028" num="0028"> [0021] In one exemplary use, the implant 100 may be oriented in the jawbone 10 of a patient such that the longitudinally extending unthreaded regions 103, 105 are disposed generally parallel to the buccal and lingual surfaces 1 1, 13 of the jawbone 10 to provide additional space for the bone tissue between the longitudinally extending unthreaded regions 103, 105 and the buccal and lingual surfaces 1 1, 13, Fig. 2A. Such an orientation is expected to deter bone loss and promote implant 
<!-- EPO <DP n="9"/>-->
 support due to the presence of additional bone tissue between the buccal and/or lingual surfaces 11, 13 and the implant 100. In a further exemplary use, the implant 100 may be oriented in the jawbone 10 such that the longitudinally extending externally threaded regions 102, 104 are disposed proximate the buccal and lingual surfaces 11, 13, so that the longitudinally extending unthreaded regions 103, 105 are disposed proximate adjacent teeth 12, 14 to provide additional space between the implant 100 and the teeth 12, 14, Fig. 2B. This orientation may be desirable where the distance between the teeth 12, 14 is particularly narrow, and is expected to prevent bone loss as well as destabilization of the implant and damage to the roots of the adjacent teeth 12, 14. For example, such orientation may provide distance of 1.5 mm between the implant 100 and each tooth 12, 14 to allow dental papilla formation. </p><p id="p0029" num="0029"> [0022] The endosseous dental implant 100 may further include an internal passage 110 for receiving an abutment 200 to which a dental prosthesis may be attached, Figs. ID, IE, 3A, 3B. The internal passage 1 10 may include an internally threaded portion 1 11 for receiving a screw 220 to attach the abutment 200 to the implant 100. In this regard, the abutment 200 may include a longitudinally extending passage therethrough for receiving the screw 220. The internal passage 1 10 may include first and second frusto-conical regions 112, 1 14 extending over only a circumferential portion of the internal passage 110 proximate the abutment end 108 of the implant 110, and may include first and second planar surfaces 1 16, 1 18 extending over only a circumferential portion of the internal passage 1 10 between the first and second frusto-conical regions 1 12, 1 14, respectively, Figs. ID, IE. </p><p id="p0030" num="0030"> [0023] A connection 210 may be provided at the connection end 206 of the abutment 200 and may be shaped to be indexed to the shape of the frusto-conical regions 1 12, 114 and planar surfaces 116, 118 of the internal passage 1 10 of the implant 100, Figs. 3 A, 3B. For example, the connection 210 may include first and second frusto- conical regions 202, 204 extending over only a circumferential portion of the external circumference of the connection 210 and disposed at opposing circumferential locations to provide frusto-conical connection regions 202, 204 and non- frusto-conical connection regions 203, 205, which are indexed to the frusto- conical regions 1 12, 114 and planar surfaces 116, 1 18 of the implant 100, 
<!-- EPO <DP n="10"/>-->
 respectively. The planar surfaces 116, 1 18 may be provided in the form bounded by a conic section, such as formed by a cone 501 intersected by a plane 502 parallel to the cone axis, Fig. 5, in which case the conic section boundary between planar and conic surfaces is a hyperbola 503. Thus, the boundary between the frusto-conical connection regions 202, 204 and non- frusto-conical connection regions 203, 205 may be in the form of a hyperbola. The frusto-conical connection regions 202, 204 may have a shape similar to a Morse taper, and the non-frusto-conical connection regions 203, 205 may be provided in the form of planar surfaces that are parallel to a longitudinal axis of the abutment 200. However, the planar surfaces 1 16, 118 may be tilted relative to the longitudinal axis of the abutment 200. The frusto-conical connection regions 202, 204 may permit platform switching/shifting that enables interdental papilla preservation by moving a potential microgap between the implant 100 and abutment 200, allowing better blood supply at the bone and connective tissue interface, thus maximizing the aesthetic outcome. </p><p id="p0031" num="0031"> [0024] These and other advantages of the present invention will be apparent to those skilled in the art from the foregoing specification. Accordingly, it will be recognized by those skilled in the art that changes or modifications may be made to the above- described embodiments without departing from the broad inventive concepts of the invention. It should therefore be understood that this invention is not limited to the particular embodiments described herein, but is intended to include all changes and modifications that are within the scope and spirit of the invention as set forth in the claims. 
</p></description><claims mxw-id="PCLM70077223" ref-ucid="WO-2014130438-A1" lang="EN" load-source="patent-office"><claim-statement><!-- EPO <DP n="11"/>-->Claims  What is claimed is: </claim-statement><claim id="clm-0001" num="1"><claim-text> 1. An endosseous dental implant for insertion into the jawbone of a patient and deterring bone loss at the site of the implant, comprising: </claim-text><claim-text> a longitudinally extending shaft having a longitudinal axis extending from a proximal abutment end to a distal end, and having an external circumference perpendicular to the longitudinal axis associated therewith; </claim-text><claim-text> a first longitudinally extending externally threaded region extending along the longitudinal axis and extending over only a circumferential portion of the external circumference of the shaft; </claim-text><claim-text> a first longitudinally extending unthreaded region extending over only a </claim-text><claim-text> circumferential portion of the external circumference of the shaft at a location longitudinally adjacent to the first longitudinally extending externally threaded region; and </claim-text><claim-text> an internal passage extending along the longitudinal axis of the shaft from the proximal abutment end of the shaft, the internal passage comprising a frusto- conical region extending over only a circumferential portion of the internal passage proximate the abutment end of the shaft to provide a frusto-conical region and non-frusto-conical region. </claim-text></claim><claim id="clm-0002" num="2"><claim-text> 2. The endosseous dental implant according to claim 1, wherein the internal passage comprises a truncated circular cross-sectional shape in a plane perpendicular to the longitudinal axis proximate the abutment end of the shaft. </claim-text></claim><claim id="clm-0003" num="3"><claim-text> 3. The endosseous dental implant according to any one of the preceding claims, wherein the internal passage comprises first and second frusto-conical regions thereat extending over only a circumferential portion of the internal passage proximate the abutment end of the shaft, the first and second frusto-conical regions disposed at opposing circumferential locations of the internal passage.</claim-text></claim><claim id="clm-0004" num="4"><claim-text>4. The endosseous dental implant according to claim 3, comprising first and second planar surfaces disposed between the first and second frusto-conical regions, respectively. </claim-text></claim><claim id="clm-0005" num="5"><claim-text> 5. The endosseous dental implant according to any one of the preceding claims, comprising a second longitudinally extending externally threaded region extending along the longitudinal axis and extending over only a circumferential 
<!-- EPO <DP n="12"/>-->
 portion of the external circumference of the shaft, the first and second longitudinally extending externally threaded regions disposed at opposing locations across the longitudinal axis about the external circumference of the shaft. </claim-text></claim><claim id="clm-0006" num="6"><claim-text> 6. The endosseous dental implant according to claim 5, comprising a second </claim-text><claim-text> longitudinally extending unthreaded region extending along the longitudinal axis and extending over only a circumferential portion of the external circumference of the shaft, the first and second longitudinally extending unthreaded regions disposed between the first and second longitudinally extending externally threaded regions at opposing locations across the longitudinal axis about the external circumference of the shaft. </claim-text></claim><claim id="clm-0007" num="7"><claim-text> 7. The endosseous dental implant according to claim 6, wherein the first and second longitudinally extending externally threaded regions are disposed a first distance apart as measured along a first diameter in a plane perpendicular to the longitudinal axis, and wherein the first and second longitudinally extending unthreaded regions are disposed a second distance apart as measured along a second diameter in the plane, wherein the second distance is less than the first distance. </claim-text></claim><claim id="clm-0008" num="8"><claim-text> 8. The endosseous dental implant according to any one of claims 6 to 7, wherein the first and second longitudinally extending unthreaded regions comprise substantially flat planar regions. </claim-text></claim><claim id="clm-0009" num="9"><claim-text> 9. The endosseous dental implant according to any one of claims 6 to 8, wherein the first and second longitudinally extending unthreaded regions are textured to promote bone growth therein. </claim-text></claim><claim id="clm-0010" num="10"><claim-text> 10. The endosseous dental implant according to any one of the preceding claims, wherein the shaft is tapered from a first end to a second end along the longitudinal axis in a plane containing the longitudinal axis and intersecting the first longitudinally extending externally threaded region. </claim-text></claim><claim id="clm-0011" num="11"><claim-text> 11. The endosseous dental implant according to any one of the preceding claims, wherein the shaft has a truncated circular cross-sectional shape in a plane perpendicular to the longitudinal axis. </claim-text></claim><claim id="clm-0012" num="12"><claim-text> 12. The endosseous dental implant according to any one of the preceding claims, wherein the first longitudinally extending externally threaded region is 
<!-- EPO <DP n="13"/>-->
 continuously threaded throughout the circumferential portion proximate the distal end. </claim-text></claim><claim id="clm-0013" num="13"><claim-text> 13. A dental implant abutment for insertion into a dental implant, comprising a </claim-text><claim-text> longitudinally extending shaft having a longitudinal axis and an external circumference perpendicular to the axis associated therewith, the abutment having a distal connection end comprising a first frusto-conical region thereat extending over only a circumferential portion of the external circumference of the connection end to provide a frusto-conical connection region and non-frusto- conical connection region. </claim-text></claim><claim id="clm-0014" num="14"><claim-text> 14. The dental implant abutment according to claim 13, wherein the non-frusto- conical connection region comprises a planar surface parallel to the longitudinal axis. </claim-text></claim><claim id="clm-0015" num="15"><claim-text> 15. The dental implant abutment according to claim 13, wherein the non- frusto- conical connection region comprises a planar surface tilted relative to the longitudinal axis. </claim-text></claim><claim id="clm-0016" num="16"><claim-text> 16. The dental implant abutment according to any one of claims 13-15, comprising a second frusto-conical region extending over only a circumferential portion of the external circumference of the connection end, the first and second frusto-conical regions disposed at opposing circumferential locations of the external circumference. </claim-text></claim><claim id="clm-0017" num="17"><claim-text> 17. The dental implant abutment according to claim 16, comprising first and second planar surfaces disposed between the first and second frusto-conical regions at opposing circumferential locations of the external circumference, respectively.</claim-text></claim><claim id="clm-0018" num="18"><claim-text>18. The dental implant abutment according to any one of claims 13-17, wherein the shaft has a truncated circular cross-sectional shape in a plane perpendicular to the longitudinal axis. 
</claim-text></claim></claims><copyright>User acknowledges that Fairview Research LLC and its third party providers retain all right, title and interest in and to this xml under applicable copyright laws.  User acquires no ownership rights to this xml including but not limited to its format.  User hereby accepts the terms and conditions of the Licence Agreement</copyright></patent-document>
