<?xml version="1.0" encoding="UTF-8"?>
<patent-document ucid="EP-2681258-A1" country="EP" doc-number="2681258" kind="A1" date="20140108" family-id="45771819" file-reference-id="318301" date-produced="20180823" status="corrected" lang="DE"><bibliographic-data><publication-reference fvid="146587008" ucid="EP-2681258-A1"><document-id><country>EP</country><doc-number>2681258</doc-number><kind>A1</kind><date>20140108</date><lang>DE</lang></document-id></publication-reference><application-reference ucid="EP-12706258-A" is-representative="NO"><document-id mxw-id="PAPP154849200" load-source="docdb" format="epo"><country>EP</country><doc-number>12706258</doc-number><kind>A</kind><date>20120301</date><lang>DE</lang></document-id><document-id mxw-id="PAPP220440246" load-source="docdb" format="original"><country>EP</country><doc-number>12706258.6</doc-number><date>20120301</date></document-id></application-reference><priority-claims><priority-claim mxw-id="PPC140551502" ucid="EP-11156572-A" load-source="docdb"><document-id format="epo"><country>EP</country><doc-number>11156572</doc-number><kind>A</kind><date>20110302</date></document-id></priority-claim><priority-claim mxw-id="PPC140557876" ucid="EP-12706258-A" load-source="docdb"><document-id format="epo"><country>EP</country><doc-number>12706258</doc-number><kind>A</kind><date>20120301</date></document-id></priority-claim><priority-claim mxw-id="PPC140551791" ucid="EP-2012053485-W" linkage-type="W" load-source="docdb"><document-id format="epo"><country>EP</country><doc-number>2012053485</doc-number><kind>W</kind><date>20120301</date></document-id></priority-claim></priority-claims><technical-data><classifications-ipcr><classification-ipcr mxw-id="PCL2114894943" load-source="docdb">C08G  69/18        20060101ALI20140910BHEP        </classification-ipcr><classification-ipcr mxw-id="PCL2114896051" load-source="docdb">C08L  53/02        20060101AFI20140910BHEP        </classification-ipcr><classification-ipcr mxw-id="PCL2114898907" load-source="docdb">C08L  77/02        20060101ALI20140910BHEP        </classification-ipcr><classification-ipcr mxw-id="PCL2114901999" load-source="docdb">C08K   5/3412      20060101ALI20140910BHEP        </classification-ipcr></classifications-ipcr><classifications-cpc><classification-cpc mxw-id="PCL1989630966" load-source="docdb" scheme="CPC">C08L  77/02        20130101 LI20130919BHEP        </classification-cpc><classification-cpc mxw-id="PCL1989636585" load-source="docdb" scheme="CPC">C08G  69/18        20130101 FI20130919BHEP        </classification-cpc><classification-cpc mxw-id="PCL1989649294" load-source="docdb" scheme="CPC">C08L  53/02        20130101 LA20130724BHEP        </classification-cpc></classifications-cpc><invention-title mxw-id="PT132365657" lang="DE" load-source="patent-office">VERWENDUNG VON VINYLAROMAT-DIEN-COPOLYMEREN IN LACTAM-ZUSAMMENSETZUNGEN</invention-title><invention-title mxw-id="PT132365658" lang="EN" load-source="patent-office">USE OF VINYLAROMATIC-DIENE COPOLYMERS IN LACTAM COMPOSITIONS</invention-title><invention-title mxw-id="PT132365659" lang="FR" load-source="patent-office">UTILISATION DE COPOLYMÈRES DE TYPE COMPOSÉ AROMATIQUE VINYLIQUE/DIÈNE DANS DES COMPOSITIONS DE LACTAME</invention-title><citations><non-patent-citations><nplcit><text>See references of WO 2012117040A1</text><sources><source mxw-id="PNPL67456260" load-source="docdb" name="SEA"/></sources></nplcit></non-patent-citations></citations></technical-data><parties><applicants><applicant mxw-id="PPAR919530496" load-source="docdb" sequence="1" format="epo"><addressbook><last-name>BASF SE</last-name><address><country>DE</country></address></addressbook></applicant><applicant mxw-id="PPAR919528081" load-source="docdb" sequence="1" format="intermediate"><addressbook><last-name>BASF SE</last-name></addressbook></applicant><applicant mxw-id="PPAR919016685" load-source="patent-office" sequence="1" format="original"><addressbook><last-name>BASF SE</last-name><iid>101298228</iid><address><city>67056 Ludwigshafen</city><country>DE</country></address></addressbook></applicant></applicants><inventors><inventor mxw-id="PPAR919521385" load-source="docdb" sequence="1" format="epo"><addressbook><last-name>DESBOIS PHILIPPE</last-name><address><country>DE</country></address></addressbook></inventor><inventor mxw-id="PPAR919539367" load-source="docdb" sequence="1" format="intermediate"><addressbook><last-name>DESBOIS, PHILIPPE</last-name></addressbook></inventor><inventor mxw-id="PPAR919013706" load-source="patent-office" sequence="1" format="original"><addressbook><last-name>DESBOIS, PHILIPPE</last-name><address><street>Edistr. 22</street><city>68535 Edingen-Neckarhausen</city><country>DE</country></address></addressbook></inventor><inventor mxw-id="PPAR919507970" load-source="docdb" sequence="2" format="epo"><addressbook><last-name>KNOLL KONRAD</last-name><address><country>DE</country></address></addressbook></inventor><inventor mxw-id="PPAR919504485" load-source="docdb" sequence="2" format="intermediate"><addressbook><last-name>KNOLL, KONRAD</last-name></addressbook></inventor><inventor mxw-id="PPAR919018225" load-source="patent-office" sequence="2" format="original"><addressbook><last-name>KNOLL, KONRAD</last-name><address><street>Tannhäuserring 71</street><city>68199 Mannheim</city><country>DE</country></address></addressbook></inventor><inventor mxw-id="PPAR919544220" load-source="docdb" sequence="3" format="epo"><addressbook><last-name>MOELLER ANNA KARINA</last-name><address><country>DE</country></address></addressbook></inventor><inventor mxw-id="PPAR919537356" load-source="docdb" sequence="3" format="intermediate"><addressbook><last-name>MOELLER, ANNA, KARINA</last-name></addressbook></inventor><inventor mxw-id="PPAR919017974" load-source="patent-office" sequence="3" format="original"><addressbook><last-name>MÖLLER, Anna, Karina</last-name><address><street>Rheinstrasse 329</street><city>64295 Darmstadt</city><country>DE</country></address></addressbook></inventor></inventors><agents><agent mxw-id="PPAR919015660" load-source="patent-office" sequence="1" format="original"><addressbook><last-name>Jacobi, Markus Alexander</last-name><suffix>et al</suffix><iid>101273397</iid><address><street>Isenbruck Bösl Hörschler LLP Patentanwälte Eastsite One Seckenheimer Landstraße 4</street><city>68163 Mannheim</city><country>DE</country></address></addressbook></agent></agents></parties><international-convention-data><pct-or-regional-filing-data ucid="EP-2012053485-W"><document-id><country>EP</country><doc-number>2012053485</doc-number><kind>W</kind><date>20120301</date><lang>DE</lang></document-id></pct-or-regional-filing-data><pct-or-regional-publishing-data ucid="WO-2012117040-A1"><document-id><country>WO</country><doc-number>2012117040</doc-number><kind>A1</kind><date>20120907</date><lang>DE</lang></document-id></pct-or-regional-publishing-data><designated-states><ep-contracting-states><country mxw-id="DS549767393" load-source="docdb">AL</country><country mxw-id="DS549849704" load-source="docdb">AT</country><country mxw-id="DS549767394" load-source="docdb">BE</country><country mxw-id="DS549780038" load-source="docdb">BG</country><country mxw-id="DS549864055" load-source="docdb">CH</country><country mxw-id="DS549767731" load-source="docdb">CY</country><country mxw-id="DS549767732" load-source="docdb">CZ</country><country mxw-id="DS549917601" load-source="docdb">DE</country><country mxw-id="DS549767395" load-source="docdb">DK</country><country mxw-id="DS549767396" load-source="docdb">EE</country><country mxw-id="DS549849754" load-source="docdb">ES</country><country mxw-id="DS549780039" load-source="docdb">FI</country><country mxw-id="DS549780040" load-source="docdb">FR</country><country mxw-id="DS549917602" load-source="docdb">GB</country><country mxw-id="DS549767401" load-source="docdb">GR</country><country mxw-id="DS549917603" load-source="docdb">HR</country><country mxw-id="DS549767741" load-source="docdb">HU</country><country mxw-id="DS549864056" load-source="docdb">IE</country><country mxw-id="DS549767402" load-source="docdb">IS</country><country mxw-id="DS549780053" load-source="docdb">IT</country><country mxw-id="DS549767403" load-source="docdb">LI</country><country mxw-id="DS549917604" load-source="docdb">LT</country><country mxw-id="DS549849705" load-source="docdb">LU</country><country mxw-id="DS549780054" load-source="docdb">LV</country><country mxw-id="DS549917605" load-source="docdb">MC</country><country mxw-id="DS549849710" load-source="docdb">MK</country><country mxw-id="DS549849711" load-source="docdb">MT</country><country mxw-id="DS549849755" load-source="docdb">NL</country><country mxw-id="DS549848416" load-source="docdb">NO</country><country mxw-id="DS549849756" load-source="docdb">PL</country><country mxw-id="DS549849712" load-source="docdb">PT</country><country mxw-id="DS549864057" load-source="docdb">RO</country><country mxw-id="DS549849713" load-source="docdb">RS</country><country mxw-id="DS549849757" load-source="docdb">SE</country><country mxw-id="DS549767742" load-source="docdb">SI</country><country mxw-id="DS549848417" load-source="docdb">SK</country><country mxw-id="DS549848422" load-source="docdb">SM</country><country mxw-id="DS549780055" load-source="docdb">TR</country></ep-contracting-states></designated-states></international-convention-data><office-specific-data><eptags><ep-no-a-document-published>*</ep-no-a-document-published></eptags></office-specific-data></bibliographic-data><abstract mxw-id="PA99836173" ref-ucid="WO-2012117040-A1" lang="DE" load-source="patent-office"><p num="0000">Eine Lactam-Zusammensetzung, die folgende Komponenten enthält: 3 bis 25 Gew.-% eines statistischen Vinylaromat-Dien-Copolymers (A), wobei das statistische Vinylaromat-Dien-Copolymer besteht aus mindestens einem, aus vinylaromatischen Monomeren aufgebauten, eine Hartphase bildenden Block (S) und mindestens einem, vinylaromatische Monomere und Dien-Monomere aufweisenden, statistischen, eine Weichphase bildenden Block (S/B), 75 bis 97 Gew.-% mindestens einer Lactam-Komponente (B), sowie ggf. Verstärkungsstoffe bzw. Zusatzstoffe, hat eine verbesserte Viskosität in der Schmelze und kann zur Herstellung von Polyamid-Formteilen eingesetzt werden.</p></abstract><abstract mxw-id="PA100331945" ref-ucid="WO-2012117040-A1" lang="DE" source="national office" load-source="docdb"><p>Eine Lactam-Zusammensetzung, die folgende Komponenten enthält: 3 bis 25 Gew.-% eines statistischen Vinylaromat-Dien-Copolymers (A), wobei das statistische Vinylaromat-Dien-Copolymer besteht aus mindestens einem, aus vinylaromatischen Monomeren aufgebauten, eine Hartphase bildenden Block (S) und mindestens einem, vinylaromatische Monomere und Dien-Monomere aufweisenden, statistischen, eine Weichphase bildenden Block (S/B), 75 bis 97 Gew.-% mindestens einer Lactam-Komponente (B), sowie ggf. Verstärkungsstoffe bzw. Zusatzstoffe, hat eine verbesserte Viskosität in der Schmelze und kann zur Herstellung von Polyamid-Formteilen eingesetzt werden.</p></abstract><abstract mxw-id="PA99836174" ref-ucid="WO-2012117040-A1" lang="EN" load-source="patent-office"><p num="0000">A lactam composition which comprises the following components: from 3 to 25% by weight of a random vinylaromatic-diene copolymer (A), where the random vinylaromatic-diene copolymer is composed of at least one block (S) which forms a hard phase and which is composed of vinylaromatic monomers, and of at least one random block (S/B) which forms a soft phase and which has vinylaromatic monomers and diene monomers, from 75 to 97% by weight of at least one lactam component (B), and also optionally reinforcing materials and/or additives, has improved viscosity in the melt and can be used for producing polyamide mouldings.</p></abstract><abstract mxw-id="PA100331946" ref-ucid="WO-2012117040-A1" lang="EN" source="national office" load-source="docdb"><p>A lactam composition which comprises the following components: from 3 to 25% by weight of a random vinylaromatic-diene copolymer (A), where the random vinylaromatic-diene copolymer is composed of at least one block (S) which forms a hard phase and which is composed of vinylaromatic monomers, and of at least one random block (S/B) which forms a soft phase and which has vinylaromatic monomers and diene monomers, from 75 to 97% by weight of at least one lactam component (B), and also optionally reinforcing materials and/or additives, has improved viscosity in the melt and can be used for producing polyamide mouldings.</p></abstract><abstract mxw-id="PA99836175" ref-ucid="WO-2012117040-A1" lang="FR" load-source="patent-office"><p num="0000">L'invention concerne une composition de lactame contenant les composants suivants : 3 à 25 % en poids d'un copolymère statistique de type composé aromatique vinylique/diène (A), ledit copolymère statistique de type composé aromatique vinylique/diène étant constitué d'au moins un bloc (S) qui forme une phase rigide et qui est réalisé à partir de monomères aromatiques vinyliques et d'au moins un bloc (S/B) statistique qui forme une phase souple et qui comporte des monomère aromatiques vinyliques et des monomères diéniques, 75 à 97 % en poids d'au moins un composant lactame (B) ainsi que, le cas échéant, des agents de renforcement ou encore des additifs, la composition présentant une viscosité améliorée à l'état fondu et pouvant être mise en œuvre pour fabriquer des pièces moulées en polyamide.</p></abstract><abstract mxw-id="PA100331947" ref-ucid="WO-2012117040-A1" lang="FR" source="national office" load-source="docdb"><p>L'invention concerne une composition de lactame contenant les composants suivants : 3 à 25 % en poids d'un copolymère statistique de type composé aromatique vinylique/diène (A), ledit copolymère statistique de type composé aromatique vinylique/diène étant constitué d'au moins un bloc (S) qui forme une phase rigide et qui est réalisé à partir de monomères aromatiques vinyliques et d'au moins un bloc (S/B) statistique qui forme une phase souple et qui comporte des monomère aromatiques vinyliques et des monomères diéniques, 75 à 97 % en poids d'au moins un composant lactame (B) ainsi que, le cas échéant, des agents de renforcement ou encore des additifs, la composition présentant une viscosité améliorée à l'état fondu et pouvant être mise en oeuvre pour fabriquer des pièces moulées en polyamide.</p></abstract><description mxw-id="PDES51233192" ref-ucid="WO-2012117040-A1" lang="DE" load-source="patent-office"><!-- EPO <DP n="2"/>--><p id="p0001" num="0001"> Verwendung von Vinylaromat-Dien-Copolymeren in Lactam-Zusammensetzungen Beschreibung Die vorliegende Erfindung betrifft die Verwendung von Vinylaromat-Dien-Copolymeren in Lactam-Zusammensetzungen. Die Erfindung betrifft auch Lactam-Schmelzen, die statistische Vinylaromat-Dien-Copolymere enthalten. Die Erfindung betrifft ferner die Herstellung von Lactam-Schmelzen sowie deren Verwendung, bevorzugt im Bereich der aktivierten anionischen Lactam-Polymerisation, z.B. für die Herstellung von Gusspolyamiden. </p><p id="p0002" num="0002">Verschieden aufgebaute Vinylaromat-Dien-Copolymere, wie beispielsweise Styrol- Butadien-Copolymere, sind seit vielen Jahren bekannt. Sie können als Zusätze zur Herstellung verschiedener Formmassen eingesetzt werden. Die erfindungsgemäß eingesetzten, statistischen Vinylaromat-Dien-Copolymere beinhalten mindestens einen Abschnitt in ihrer Struktur, der ein Dien und einen Vinylaromaten statistisch verteilt enthält. Diese Copolymere können nach in der Literatur bekannten Verfahren hergestellt werden, siehe beispielsweise EP-A 0 766 706 und EP-A 0 859 803. </p><p id="p0003" num="0003">In DE-A 44 20 952 werden Kautschuk-elastische Blockcopolymere beschrieben, die aus mindestens einem, eine Hartphase aus Styrol bildenden Block A, einem Butadien aufweisenden, eine kautschukelastische Weich-Phase bildenden Block B und mindestens einem Styrol und Butadien enthaltenden, elastomeren Block B/A bestehen. Das Verhältnis von Block A zu Block B/A ist dabei von Bedeutung. Verschiedene Verfahren zur Herstellung von Polyamiden sind seit vielen Jahren bekannt. Typische Polyamide sind teilkristalline und amorphe Polyamid-Harze mit einem Molekulargewicht von mindestens 5000 g/Mol, die gewöhnlich als Nylon bezeichnet werden. Solche Polyamide werden zum Beispiel in US 2,512,606 und US 3,393,210 beschrieben. Polyamide können einerseits durch Kondensation äquimolarer Mengen einer gesättigten oder aromatischen Dicarbonsäure mit einem gesättigten oder aromatischen Diamin, oder aber durch Kondensation von ω-Aminocarbonsäuren bzw. durch Polyaddition von entsprechenden Lactamen hergestellt werden. Typische Beispiele für Polyamide sind Polyhexamethylen-adipinsäureamid (Nylon 66) sowie das durch Ringöffnung von Lacta- men erhaltene Polyamid Polycaprolactam. </p><p id="p0004" num="0004">Die aktivierte anionische Polymerisation von Lactamen zur Herstellung von Polyamiden ist ein chemisch sehr empfindlicher Prozess, der durch viele Zusatzstoffe gestört wird. So sind übliche Verdickungsmittel zur Beeinflussung der Viskosität, wie Polyacrylamide, nachteilig für die Polymerisationsreaktion oder sie sind in den Lactam-Schmelzen wenig löslich. 
<!-- EPO <DP n="3"/>-->
 Die Herstellung von Polyamid-Formkörpern durch aktivierte anionische Lactam- Polymerisation wird im Allgemein bereits 1966 im Kunststoff-Handbuch (Band VI, Polyamide, Carl-Hanser-Verlag, 1966) beschrieben. Dort werden auch andere Schlagzähigkeits- Modifikatoren zugesetzt, um die Festigkeit der Polyamid-Formteile zu verbessern. Bei den verwendeten Schlagzähigkeits-Modifikatoren handelt es sich insbesondere um Polyalkylenglykole (siehe J.L.M. van der Loos, ACS Symposium Series 1985, 270, 181- 191). Bei den Schlagzähigkeits-Modifikatoren (auch„Impact Modifier") gibt es verschiedene Typen, beispielsweise solche, die mit dem molekularen Aufbau der Polymere interagie- ren (z. B. Polyalkylenglykole und Polyetheramine), oder aber solche, die mit dem molekularen Aufbau der Polymere nicht interagieren sondern eine Mischung (bzw. einen Blend) mit dem Polymer bilden. </p><p id="p0005" num="0005">Überraschend wurde gefunden, dass die Viskosität von Lactam-Zusammensetzungen, insbesondere von Lactam-Schmelzen, durch den Zusatz spezieller Vinylaromat-Dien- Copolymerer (A) deutlich verbessert werden kann. Durch diese Maßnahme wird die aktivierte anionische Polymerisation im Allgemeinen verbessert, da dieser Zusatz nicht (oder nur unbedeutend) störend eingreift. Die erfindungsgemäßen Lactam-Zusammensetzungen eignen sich auch besonders zur Herstellung verstärkter und gefüllter Guss-Polyamidteile. Insbesondere wird es dadurch möglich, Faser-förmige und/oder Matten-förmige Verstärkungsstoffe (z.B. aus Glas, Kohlenstoff oder Aramid) in die Polyamid-Zusammensetzungen einzuarbeiten. Die Füllstoffe/Verstärkungsstoffe sedimentieren mit einer geeigneten Geschwindigkeit in der Schmelze, was eine gute und homogene Verteilung in den Formkörpern ermöglicht und zu verbesserten Eigenschaften der Produkte führt. </p><p id="p0006" num="0006">Ein Gegenstand der Erfindung sind Lactam-Zusammensetzungen, insbesondere Lactam- Schmelzen mit verbesserter Viskosität in der Schmelze, die folgende Komponenten enthalten: </p><p id="p0007" num="0007"> a) mindestens ein Vinylaromat-Dien-Copolymer (A), </p><p id="p0008" num="0008"> b) mindestens eine Lactam-Komponente (B), insbesondere ε-Caprolactam, c) ggf. einen oder mehrere Füll- und/oder Verstärkungsstoffe (C) </p><p id="p0009" num="0009"> d) ggf. einen oder mehrere Zusatzstoffe (Z). </p><p id="p0010" num="0010">Diese Lactam-Zusammensetzungen, weisen auch besonders günstige Dichte- Eigenschaften auf, wobei diese natürlich auch von der Art und dem Umfang des eingesetzten Füll- und/oder Verstärkungsstoffs abhängt. Eine Abstimmung der Dichte-Eigenschaften von Lactam-Zusammensetzung und Verstärkungsstoff (z.B. Aramidfaser-Matte) ist für die mechanischen Eigenschaften des Formteils von Bedeutung. 
<!-- EPO <DP n="4"/>-->
 Die Erfindung betrifft insbesondere eine Lactam-Zusammensetzung (mit verbesserter bzw. erhöhter Viskosität in der Schmelze), die folgende Komponenten enthält: </p><p id="p0011" num="0011">3 bis 25 Gew.-%, bevorzugt 5 bis 20 Gew.-% (bezogen auf die Summe der Komponenten A und B), mindestens eines statistischen Vinylaromat-Dien- Copolymers (A), wobei das statistische Vinylaromat-Dien-Copolymer (A) besteht aus mindestens einem, aus vinylaromatischen Monomeren aufgebauten, eine Hartphase bildenden Block (S) und mindestens einem, vinylaromatische Monomere und Dien-Monomere aufweisenden, statistischen, eine Weichphase bildenden Block (S/B), </p><p id="p0012" num="0012"> 75 bis 97 Gew.-%, bevorzugt 80 bis 95 Gew.% (bezogen auf die Summe der Komponenten A und B), mindestens einer Lactam-Komponente (B), inbesondere ε-Caprolactam, </p><p id="p0013" num="0013"> ggf. einen oder mehrere Füll- und/oder Verstärkungsstoffe (C), sowie ggf. einen oder mehrere Zusatzstoffe (Z). </p><p id="p0014" num="0014">Die Erfindung betrifft insbesondere eine Lactam-Zusammensetzung, dadurch gekennzeichnet, dass in dem statistischen Vinylaromat-Dien-Copolymer (A) einerseits die Monomere Styrol, alpha-Methylstyrol, m-Methylstyrol und/oder p-Methylstyrol und andererseits die Monomere Butadien, Isopren und/oder 2, 3-Dimethylbutadien zum Einsatz kommen. </p><p id="p0015" num="0015">Die Erfindung betrifft insbesondere eine Lactam-Zusammensetzung, dadurch gekennzeichnet, dass das statistische Vinylaromat-Dien-Copolymer (A) aus Styrol und Butadien aufgebaut ist. </p><p id="p0016" num="0016">Die Erfindung betrifft insbesondere eine Lactam-Zusammensetzung, dadurch gekennzeichnet, dass im statistischen Vinylaromat-Dien-Copolymer (A) das Molekulargewicht des Blocks S/B zwischen 10.000 und 250 000 liegt, und das Molekulargewicht des Blocks S (bzw. der Blöcke S) zwischen 5.000 und 200 000 [g/mol] liegen, und das gesamte Moleku- largewicht des Vinylaromat-Dien-Copolymers (A) im Bereich von 80.000 bis 300.000[g/mol] liegt. </p><p id="p0017" num="0017">Die Erfindung betrifft insbesondere eine Lactam-Zusammensetzung, dadurch gekennzeichnet, dass als Lactame-Komponente ε-Caprolactam, Piperidon, Pyrrolidon, Lauryllactam oder eine Mischung zweier oder mehrerer der genannten Monomere eingesetzt wird. </p><p id="p0018" num="0018">Die Erfindung betrifft insbesondere eine Lactam-Zusammensetzung, dadurch gekennzeichnet, dass sie Füll- und/oder Verstärkungsstoffe (C) in einer Menge von 5 bis 80 Gew.- % (bezogen auf die Summe aller Komponenten A, B, C und Z) enthält. 
<!-- EPO <DP n="5"/>-->
 Die Erfindung betrifft insbesondere eine Lactam-Zusammensetzung, dadurch gekennzeichnet, dass sie Zusatzstoffe (Z) in einer Menge von 1 bis 10 Gew.-% (bezogen auf die Summe aller Komponenten A, B, C und Z) enthält. </p><p id="p0019" num="0019">Die Erfindung betrifft insbesondere eine Lactam-Zusammensetzung, dadurch gekennzeichnet, dass sie in der Schmelze bei 140° C eine Viskosität von 10 bis 1000 mPas aufweist. Die Erfindung betrifft insbesondere eine Lactam-Zusammensetzung, dadurch gekennzeichnet, dass sie in der Schmelze bei 140° C eine Viskosität von 10 bis 500 mPas aufweist. Die Dichte der Lactam-Zusammensetzungen (ohne Füll- und Verstärkunsgstoffe) beträgt z. B. von 1 ,06 bis 1 ,20 g/ml. </p><p id="p0020" num="0020">Gegenstand ist auch die Herstellung der beschriebenen Lactam-Zusammensetzung durch Vermischen der Komponenten. </p><p id="p0021" num="0021">Gegenstand ist auch die Verwendung eines statistischen Vinylaromat-Dien-Copolymers (A), das aus mindestens einem, aus vinylaromatischen Monomeren aufgebauten, eine Hartphase bildenden Block (S) und mindestens einem, vinylaromatische Monomere und Dien-Monomere aufweisenden, statistischen, eine Weichphase bildenden Block (S/B) be- steht, zur Herstellung einer Lactam-Schmelze. </p><p id="p0022" num="0022">Die Erfindung betrifft auch die Verwendung einer Lactam-Zusammensetzung wie oben beschrieben zur Herstellung von Polyamiden durch aktivierte anionische Polymerisation (Gusspolyamiden), ggf. unter Verwendung eines Katalysators (K) und/oder eines Aktivators (V). </p><p id="p0023" num="0023">Die Erfindung betrifft insbesondere einen Polyamid-Artikel, insbesondere Gusspolyamid- Artikel, hergestellt aus einer Lactam-Zusammensetzung nach einem der Ansprüchen 1 bis 9, ggf. unter Verwendung eines Katalysators (K) und/oder eines Aktivators (V). </p><p id="p0024" num="0024">Die Erfindung betrifft ferner eine Verfahren zur Herstellung von Polyamiden unter Verwendungen einer Lactam-Zusammensetzung wie oben beschrieben, dadurch gekennzeichnet, dass die Lactam-Zusammensetzung in geschmolzener Form, ggf. in Anwesenheit eines Katalysators (K) und/oder eines Aktivators (V), nach dem Verfahren der aktivierten anioni- sehen Polymerisation in Gusspolyamide überführt wird. </p><p id="p0025" num="0025">Ein weiterer Gegenstand der vorliegenden Erfindung ist die Verwendung der eine Lactam- Schmelze ergebenden Lactam-Zusammensetzung zur Herstellung von Polyamiden, insbesondere über das Verfahren der aktivierten anionischen Polymerisation, insbesondere zur Herstellung von verstärkten und/oder gefüllten Guss-Polyamidteilen. Ein Gegenstand der 
<!-- EPO <DP n="6"/>-->
 Erfindung ist auch ein Verfahren zur Herstellung dieser Polyamide sowie die durch Verwendung der Lactam-Zusammensetzung hergestellten Polyamide bzw. Polyamid-Artikel bzw. Polyamid-Teile. Die erfindungsgemäß eingesetzten statistische Vinylaromat-Dien-Copolymere (A) bestehen insbesondere aus mindestens einem, aus vinylaromatischen Monomeren (wie Styrol) aufgebauten, eine Hartphase bildenden Blocks A, und mindestens einem, vinylaromatische Monomere (wie Styrol) sowie ein Dien (wie Butadien) aufweisenden (elastomeren), eine Weichphase bildenden Block (B/A). Die Glastemperatur T<sub>g</sub> des Blocks A liegt dabei über 25°C und die Glastemperatur T<sub>g</sub> des Blocks B/A liegt unter 25°C liegt. Das Phasenvolumen-Verhältnis von Block A zu Block (B/A) ist so gewählt, dass der Anteil der Hartphase am gesamten Copolymer 10 bis 40 Vol.-% und der Gewichtsanteil des Diens weniger als 50 Gew.-% betragen. Der relative Anteil an 1 ,2-Verknüpfungen des Polydiens, bezogen auf die Summe an 1 ,2- und 1 ,4-cis/trans-Verknüpfungen soll in der Regel unterhalb von 15% liegen. </p><p id="p0026" num="0026">Die erfindungsgemäß eingesetzten statistischen Vinylaromat-Dien-Copolymere (A) enthalten vorzugsweise als vinylaromatische Monomer-Komponente Styrol, alpha-Methylstyrol und/oder Vinyltoluol. Die erfindungsgemäß eingesetzten statistischen Vinylaromat-Dien- Copolymere enthalten vorzugsweise als Dien-Komponente 1 ,3-Butadien und/oder Isopren. Die statistischen Vinylaromat-Dien-Copolymere (A) haben bevorzugt ein Molekulargewicht des Blocks B/A zwischen 10.000 und 250 000, und ein Molekulargewicht des Blocks A (bzw. der Blöcke A) zwischen 5.000 und 200 000 [g/mol]. Das gesamte Molekulargewicht des erfindungsgemäß eingesetzten Vinylaromat-Dien- Copolymers liegt oftmals im Bereich von 80.000 bis 300.000 [g/mol], insbesondere von 120.000 bis 290.000 [g/mol]. </p><p id="p0027" num="0027">Die erfindungsgemäß eingesetzten statistische Vinylaromat-Dien-Copolymere (A) haben in der Regel eine Monomer-Zusammensetzung aus 25 bis 60 Gew.% Dien, insbesondere Butadien, und 75 bis 40 Gew.% an vinylaromatischen Monomeren, insbesondere Styrol. Die Brutto-Monomer-Zusammensetzung ist häufig 75 bis 40 Gew.-% Styrol und 25 bis 60 Gew.-% an Butadien. Die erfindungsgemäß eingesetzten statistische Vinylaromat-Dien-Copolymere (A) haben bevorzugt einen Butadien-Anteil im Weichblock (B/A) zwischen 35 und 70% und einen Sty- rol-Anteil zwischen 65 und 30%, wobei die Weichphase (B/A) insbesondere ein statistisches Copolymerisat aus Styrol und Butadien ist. 
<!-- EPO <DP n="7"/>-->
 Die statistische Vinylaromat-Dien-Copolymere haben oftmals einen einfachen Aufbau wie in EP-A 0 859 803 beschrieben, wie z.B. </p><p id="p0028" num="0028">(A-(B/A) )<sub>n</sub> </p><p id="p0029" num="0029">(A-(B/A) )<sub>n</sub>-A wobei A hier für den vinylaromatischen Block, insbesondere einen Styrol-Block und (B/A) für den statistisch aus Dien- und vinylaromatischen Einheiten aufgebauten Block, insbe- sondere einen statistischen Butadien/Styrol-Block stehen. Der Index n bedeutet eine natürliche Zahl von 1 bis 10, beispielsweise 1 , 2 oder 3. Der Aufbau kann jedoch auch komplexer sein. Oftmals kommt ein Vinylaromat-Dien-Copolymer zum Einsatz mit dem Aufbau A - (B/A) - A, wobei (B/A) vorzugsweise ein statistisch aufgebautes Copolymer aus Styrol und Butadien ist. In den statistischen Vinylaromat-Dien-Copolymeren (A) können ein (größerer) statistischer Block (B/A) und auch mehrere (z.B. zwei) kleinere Vinylaromat-Blöcke A vorhanden sein. </p><p id="p0030" num="0030">Die vorliegende Erfindung betrifft insbesondere die Verwendung von statistischen Vinylaromat-Dien-Copolymeren (A), welche bevorzugt auf Styrol und Butadien basieren. </p><p id="p0031" num="0031">In einer weiteren bevorzugten Ausführungsform enthält das eingesetzte Copolymer (A) einen Styrol-Anteil von 60 bis 70 Gew.-%, insbesondere von etwa 65 Gew.-%. </p><p id="p0032" num="0032">Das eingesetzte Vinylaromat-Dien-Copolymer (A) hat bevorzugt eine „Weichphase" von mindestens 70-Gew. %. In der Weichphase (Weichblock) liegen die Styrol- und Butadien- Einheiten statistisch verteilt vor. Geeignete statistische Block-Copolymere sind beispielsweise unter den Handelsnamen Styroflex 2G66 (Hersteller BASF SE, Ludwigshafen) erhältlich. </p><p id="p0033" num="0033">Die Herstellung der statistischen Vinylaromat-Dien-Copolymere (A) erfolgt z.B. nach EP-A 0 859 803 durch anionische Polymerisation, z. B. mittels Lithium-alkyl in einem nicht polaren Lösungsmittel, wobei die Polymerisation mindestens einer Weichphase (B/A) in Gegenwart z.B. eines löslichen Kaliumsalzes vorgenommen wird, wie z.B. Kalium-2,3- dimethyl-3-pentanolat, Kalium-3,7-dimethyl-3-oktanolat oder Kalium-3-ethyl-3-pentanolat. Die genannten statistischen Vinylaromat-Dien-Copolymere (A) können in der Lactam- Komponente (B), z.B. in der Lactam-Schmelze gelöst werden und können dabei als besonders geeignete Schlagzähigkeits-Modifikatoren fungieren. </p><p id="p0034" num="0034">Diese erfindungsgemäßen Lactam-Zusammensetzungen können als zusätzliche Kompo- nenten auch weitere Komponenten, wie Kautschuke und/oder Füll- und/oder Verstärkungs- 
<!-- EPO <DP n="8"/>-->
 Stoffe (C) (insbesondere faser- oder teilchenförmige Füllstoffe) sowie weitere Zusätze (Z) enthalten. </p><p id="p0035" num="0035">Gegenstand der Erfindung ist auch die Verwendung von Lactam-Schmelzen, die mindes- tens ein statistisches Vinylaromat-Dien-Copolymer (A) enthalten, in einem Reaktionsspritz- guss (RIM)-Verfahren zur Herstellung von Gusspolyamid-Formkörpern, Gusspolyamid- Fasern und Gusspolyamid-Folien. Gegenstand der Erfindung sind auch die hierdurch erhältlichen Fasern, Folien und Formkörper. Als Lactam-Komponente (B) eignen sich insbesondere ε-Caprolactam, Piperidon, Pyrrolidon, Lauryllactam sowie deren Mischungen. In einer bevorzugten Ausführungsform der Erfindung wird als Lactam-Komponente (B) eine Substanz aus der Gruppe umfassend ε-Caprolactam, Lauryllactam und deren Mischungen eingesetzt. Besonders bevorzugt wird ε-Caprolactam eingesetzt. </p><p id="p0036" num="0036">Die Lactam-Komponente (B) in den Zusammensetzungen, wie z.B. ε-Caprolactam, kann nach bekannten Verfahren anionisch polymerisiert werden. Hierzu werden in der Regel ein Katalysator (K) und ein Aktivator (V) benötigt. Häufig werden auch noch weitere Zusätze bzw. Additive (Z) z.B. zur Schlagzähigkeits-Modifikation zugesetzt, die im Allgemeinen be- reits vor der Polymerisation in die Lactam-Schmelze eingebracht werden. </p><p id="p0037" num="0037">Für viele Einsatzgebiete ist es ferner wünschenswert, die guten mechanischen Eigenschaften von Gusspolyamiden durch die Verwendung von faserhaltigen Verstärkungsstoffen (C), wie Glasfasern zu steigern. Hierbei ist die Viskosität der eingesetzten Lactam-Schmelzen ein wichtiges Kriterium. Diese Lactam-Schmelzen mit erhöhter aber nicht zu hoher Viskosität eignen sich insbesondere für Kurzglasfasern, da sie deren Sedimentation verlangsamen oder sogar verhindern. In EP-A 0 459 199 werden Lactam-Schmelzen mit erhöhter Viskosität beschrieben, die gelöste Blockcopolymere enthalten und die eine Sedimentation von Kurzglasfasern verlangsamen. Ein Nachteil dieser Lactam-Schmelzen besteht darin, dass sie für die Verwendung von Glasfasergewebe ungeeignet sind. Bei der Verwendung von Glasfasergewebe ist es wünschenswert, dass die Lactam-Schmelzen eine möglichst niedrige Viskosität aufweisen, da das Glasfasergewebe ansonsten nicht vollständig durchtränkt wird, und die Werkzeugform im RIM-Prozesses nicht vollständig gefüllt werden kann. Die erfindungsgemäß eingesetzten, statischen Vinylaromat-Dien-Copolymere (mit einer statistischen Weichphase) werden in EP-A 0 459 199 nicht beschrieben. Über Additiv- haltige Lactam-Schmelzen, insbesondere mit erhöhten Additivkonzentrationen, die sich auch für die Herstellung von Glasfasergewebe-verstärktem Gusspolyamid eignen, ist bisher wenig bekannt. 
<!-- EPO <DP n="9"/>-->
 Statistische Vinylaromat-Dien-Copolymere (A) wie oben beschrieben werden bislang zur Modifizierung von Styrol-Polymeren eingesetzt. In Mischung mit einem Polystyrol lassen sich z.B. die Zähigkeit und die Spannungs-Rissbeständigkeit der Formteile signifikant verbessern. </p><p id="p0038" num="0038">Die Lactam-Zusammensetzungen können aus den entsprechenden Lactam-Komponenten (B) und den Vinylaromat-Dien-Copolymeren (A) durch Vermischen der Komponenten hergestellt werden und ergeben Lactam-Schmelzen mit verbesserter Viskosität. Diese Schmelzen finden Verwendung, bevorzugt im Bereich der aktivierten anionischen Lactam- Polymerisation (z.B. für Gusspolyamide). </p><p id="p0039" num="0039">Erfindungsgemäß werden die Vinylaromat-Dien-Copolymere (A) in einer Menge von 2 bis 30 Gew.-%, insbesondere von 3 bis 25 Gew.-%, bezogen auf die gesamte Zusammensetzung, mit einer Menge von 70 bis 78 Gew.-%, insbesondere 75 bis 97 Gew.-% an Lactam- Komponente (B) vermischt. Gegebenenfalls können weitere Komponenten (z.B. in einer Menge von 0 bis 20 Gew.-%) zugesetzt werden. </p><p id="p0040" num="0040">Die einsetzbaren Vinylaromat-Dien-Copolymere (A) enthalten in der Regel 40 bis 75 Gew.- % Vinylaromat-Einheiten und 25 bis 60 Gew.-% an Dien-Einheiten. Bevorzugte Vinylaro- mat-Einheit ist Styrol, bevorzugte Dien-Einheit ist Butadien. </p><p id="p0041" num="0041">Die Lactam-Schmelzen erhöhter Viskosität eignen sich besonders für die Aufnahme von Verstärkungs- und Füllstoffen (C) und zur Herstellung gefüllter Gusspolyamide. Weiterhin eignen sie sich auch für die Verwendung als Füllstoff- bzw. Faser-haltige Lactam- Schmelzen in einem Verfahren zur Herstellung von Polyamiden. </p><p id="p0042" num="0042">Die erfindungsgemäßen Guss-Polyamidteile, z.B. aus ε-Caprolactam hergestellt, weisen gute mechanische Eigenschaften auf. Aufgrund ihrer gegenüber Standardspritzguss-Teilen erhöhten Kristallinität sowie der höheren Molekulargewichte sind zahlreiche mechanische Eigenschaftswerte gegenüber durch Polykondensation hergestellten Polyamiden verbessert. Gusspolyamid enthaltend ein Vinylaromat-Dien-Copolymer (A) ist ein attraktiver Werkstoff. </p><p id="p0043" num="0043">Die verschiedenen Füllstoffe (C) und Zusatzstoffe (Z), die im Formteil anwesend sein sol- len, können im Allgemeinen in die Lactam-Schmelze vor der Polymerisation eingebracht werden. </p><p id="p0044" num="0044">In einer bevorzugten Ausführungsform enthält die Lactam Zusammensetzung mindestens einen Füll- oder Verstärkungsstoff (C). Als Füll- und/oder Verstärkungsstoffe (C) kommen organische oder anorganische Füll- und/oder Verstärkungsstoffe (F) in Frage. Beispiels- 
<!-- EPO <DP n="10"/>-->
 weise können anorganische Füllstoffe, wie Kaolin, Kreide, Wollastonit, Talkum, Calciumcarbonat, Silikate, Titandioxid, Zinkoxid, Graphit, Graphene, Glaspartikel, z.B. Glaskugeln, nanoskalige Füllstoff, wie Kohlenstoff-Nanoröhren („carbo-nanotubes"), carbon black, Schichtsilikate, nano-skalige Schichtsilikate, nano-skaliges Aluminiumoxid (Al<sub>2</sub>0<sub>3</sub>), nano-skaliges Titandioxid (Ti0<sub>2</sub>) und nano-skaliges Siliciumdioxid (Si0<sub>2</sub>), eingesetzt werden. </p><p id="p0045" num="0045">Weiterhin bevorzugt ist der Einsatz von Faserstoffen als Verstärkungsstoffe. Die Füll- und/oder Verstärkungsstoffe (C) werden in der Regel ausgewählt aus der Gruppe umfassend Mineralien in für Thermoplast-Anwendungen üblicher Korngröße wie beispielsweise Kaolin, Kreide, Wollastonit oder Talkum. Wichtige Faserstoffe sind Kohlenstoff-, Aramid- oder Glasfasern, aber auch entsprechende textile Strukturen (Gewebe und Gelege) aus unidirektionalen Fasern, bevorzugt Glas- und Kohlenstoff-Fasern. </p><p id="p0046" num="0046">In den Lactam-Zusammensetzungen können ein aber auch mehrere Faserstoffe zum Einsatz kommen, ausgewählt aus bekannten anorganischen Verstärkungsfasern, wie Borfasern, Glasfasern, Kohlenstofffasern, Kieselsäurefasern, Keramikfasern und Basaltfasern; organischen Verstärkungsfasern, wie Aramidfasern, Polyesterfasern, Nylonfasern, Polyethylenfasern; und Naturfasern, wie Holzfasern, Flachsfasern, Hanffasern und Sisalfa- sern. Insbesondere bevorzugt ist der Einsatz von Glasfasern, insbesondere Schnittglasfasern, Kohlenstofffasern, Aramidfasern, Borfasern, Metallfasern oder Kaliumtitanatfasern. Die genannten Fasern können in Form von Kurzfasern, Langfasern oder als Gemisch von Kurz- und Langfasern eingesetzt werden. Hierbei weisen die Kurzfasern vorzugsweise eine mittlere Faserlänge im Bereich von 0,1 bis 1 mm auf. Weiterhin bevorzugt sind Fasern mit einer mittleren Faserlänge im Bereich von 0,5 bis 1 mm. Die eingesetzten Langfasern weisen vorzugsweise eine mittlere Faserlänge von über 1 mm, bevorzugt im Bereich von 1 bis 50 mm auf. Bevorzugt werden auch Matten aus den genannten organischen oder anorganischen Fasern eingesetzt. </p><p id="p0047" num="0047">Insbesondere können auch Mischungen der genannten Füll- und/oder Verstärkungsstoffe (C) eingesetzt werden. Besonders bevorzugt werden als Füll- und/oder Verstärkungsstoff (C) Glasfasern und/oder Glasfasermatten ausgewählt. Die im oben beschriebene Verfahren hergestellte Lactam-Zusammensetzung enthält bevorzugt 30 bis 90 Gew.-%, insbesondere von 30 bis 80 Gew.-%, bevorzugt 30 bis 70 Gew.-%, bezogen auf die gesamte Zusammensetzung, an mindestens einem Füll- und/oder Verstärkungsstoff (C). 
<!-- EPO <DP n="11"/>-->
 In einer bevorzugten Ausführungsform kann die Lactam-Zusammensetzung weitere Zusatzstoffe (Z) enthalten. Bevorzugt sind die Zusatzstoffe (Z) in einer Menge von 0 bis 10 Gew.-%, bevorzugt von 0 bis 5 Gew.-%, besonders bevorzugt von 0, 1 bis 4 Gew.-% in der gesamten Zusammensetzung enthalten. Als Zusatzstoffe (Z) können beispielsweise Stabi- lisatoren, wie Kupfersalze, Farbstoffe, Antistatika, Füllöle, Oberflächenverbesserer, Sikkati- ve, Entformungs-Hilfsmittel, Trennmittel, Antioxidantien, Lichtstabilisatoren, PVC- Stabilisatoren, Gleitmittel, Flammschutzmittel, Treibmittel, Schlagzähigkeits-Modifikatoren und Nukleierungshilfsmittel zugesetzt werden. Bevorzugt enthält die Zusammensetzung als Zusatzstoff (Z) einen weiteren Schlagzähig- keits-Modifikator, insbesondere einen Polydien-Polymer (z.B. Polybutadien, Polyisopren) enthaltend Anhydrid und/oder Epoxygruppen. Das Polydien-Polymer weist insbesondere eine Glasübergangstemperatur unter 0°C, bevorzugt unter -10°C, besonders bevorzugt unter -20°C auf. Das Polydien-Polymer kann auf der Basis eines Polydien-Copolymers mit Polyacrylaten, Polyethylenacrylaten und/oder Polysiloxanen basieren und mittels der gängigen Verfahren hergestellt werden (z.B. Emulsionspolymerisation, Suspensionspolymerisation, Lösungspolymerisation, Gasphasenpolymerisation). </p><p id="p0048" num="0048">Die optionale Zugabe von Füll- und/oder Verstärkungsstoffen (C) und der weiteren Zusatz- Stoffen (Z) kann im Prinzip zu jeden Schritt des Herstellungsprozesses der Zusammensetzung erfolgen. </p><p id="p0049" num="0049">Die vorliegende Erfindung bezieht sich weiterhin auf die Verwendung einer Zusammensetzung erhalten (oder erhältlich) durch ein oben beschriebenes erfindungsgemäßes Verfah- ren zur Herstellung eines Polyamid-Formteils. </p><p id="p0050" num="0050">Die Polymer-Komponente A wird vorzugsweise in einer solchen Menge zugesetzt, dass die Viskosität der Zusammensetzung (bei 140°C) gerade 8 - 1000 mPas beträgt, jeweils ohne Füll-A erstärkungsstoffe (C). Die Viskositäten von mindestens ca. 10 bis 500 mPa.s sind im Allgemeinen ausreichend, um je nach Art und Menge eine ausreichend stabile Dispersion der Füll- und Verstärkungsstoffe (C), z.B. der Glasfasern, zu erreichen. Andererseits sollte die Viskosität der Lactam-Schmelze (ohne Füll-A/erstärkungsstoffe) bevorzugt nicht höher als ungefähr 1200 mPas, besonders bevorzugt 1000 mPas sein, da andernfalls die Verarbeitbarkeit erschwert sein kann. </p><p id="p0051" num="0051">Zur Herstellung der erfindungsgemässen Lactam-Zusammensetzungen bzw. Lactam- Schmelzen können beispielsweise die Lactame B) mit der Polymer-Komponente (A) und den Füllstoffen (C) gemischt und aufgeschmolzen oder auch die Komponente (A) bzw. eine Lösung derselben in flüchtigen Lösungsmitteln mit geschmolzenen Lactamen (B) gemischt werden, gegebenenfalls mit anschließendem Abziehen des Lösungsmittels. Es können 
<!-- EPO <DP n="12"/>-->
 auch Konzentrate (Masterbatches) der Komponente (A), beispielsweise in Caprolactam, eingesetzt werden. </p><p id="p0052" num="0052">Die Herstellung der erfindungsgemäßen, gegebenenfalls verstärkten und/oder gefüllten, Guss-Polyamidteile erfolgt prinzipiell nach den üblichen Verfahren, bevorzugt jedoch nach der anionisch aktivierten Lactam-Polymerisation. Die Herstellung von Gusspolyamid- Teilen, ausgehend von niedrigviskosen Lactam-Schmelzen und Katalysatoren sowie Aktivatoren ist bekannt (siehe Vieweg, Müller; Kunststoff-Handbuch Bd. VI, Carl Hanser Verlag, München 1966). Gegenüber Polyurethan-RIM-Systemen ist die Verfahrenstechnik ein- facher, da z.B. aufgrund der sehr niedrigviskosen Lactam-Schmelzen drucklos und unter Einsatz einfacher Pumpen oder auch nach der Reaktionsspritztechnik gefördert werden kann. </p><p id="p0053" num="0053">Für viele Einsatzgebiete ist es wünschenswert, die guten mechanischen Eigenschaften von Gusspolyamid-Teilen weiter zu steigern, z.B. die Härte, Steifigkeit und Festigkeit, aber auch den Kriechmodul. Dies kann erfolgen, indem die beschriebenen Verstärkungs- bzw. Füllstoffe (C) zugesetzt werden. Die Viskosität der erfindungsgemäßen Lactam-Schmelzen kann sich sehr vorteilhaft auswirken, da trotz des Dichteunterschiedes z.B. Glasfasern nicht schnell sedimentieren. Dies macht die Herstellung eines glasfaserverstärkten Guss- polyamids auf konventionellem Wege möglich. Die Viskosität von Lactam-Schmelzen kann erfindungsgemäß auf einfache Weise deutlich verbessert werden. </p><p id="p0054" num="0054">Eine weitere Aufgabe der vorliegenden Erfindung ist gelöst, da neue polymere Komponenten zur Erhöhung der Schlagzähigkeit von Polyamid-Formteilen (insbesondere mit Glasfa- sergewebe) zur Verfügung gestellt werden, ohne die Viskosität der zugrunde liegenden Lactam-Schmelze deutlich zu erhöhen und/oder die Geschwindigkeit der anionischen Polymerisation zu beeinflussen. </p><p id="p0055" num="0055">Es wurde gefunden, dass sich die speziellen Vinylaromat-Dien-Copolymere (A) für den Einsatz im Reaktionsspritzguss (RIM)-Verfahren eignen, da durch den Einsatz dieser statistischen Vinylaromat-Dien-Copolymere die anionische Polymerisation nicht gestört wird und die Glasübergangstemperatur (Tg) des resultierenden Polymer-Blends nicht oder nicht wesentlich negativ beeinflusst werden. Insbesondere der Polystyrol-Anteil in den statistischen Vinylaromat-Dien-Copolymeren (A) führt zu einer größeren Verträglichkeit mit der Polyamid-Komponente und verhindert eine Phasentrennung, selbst bei erhöhten Anteilen des Vinylaromat-Dien-Copolymers. </p><p id="p0056" num="0056">Im Falle eines Styrol-Butadien-Copolymers (A) wird der Zusammensetzung oftmals eine Menge von 3 bis 25 Gew.-%, bevorzugt 5 bis 20 Gew.-% dieser Komponente zugesetzt, 
<!-- EPO <DP n="13"/>-->
 wobei diese sich in der Lactam-Komponente (B) löst und eine Zunahme der Zähigkeit des Formteils bewirken kann. Wegen der auf Styrol und Butadien basierenden Struktur ist der Wassergehalt und die Wasseraufnahme der statistischen Vinylaromat-Dien-Copolymere vernachlässigbar und stört nicht die anionische Polymerisation. </p><p id="p0057" num="0057">Die anionische Polymerisation von Lactamen kann in einem Reaktionsformgieß- oder Reaktionsspritzgieß-Prozess erfolgen, wobei ein Katalysator (K) und weitere Additive während des Polymerisationprozesses der Lactamschmelze zugegeben werden. Die definierten Mengen an Katalysator (K), Aktivator (A) und anderen Additiven können in die aufgeschmol- zene Lactam-Zusammensetzung (z.B. basierend auf Caprolactam und Styroflex) eingerührt werden. Es wird dadurch ein einfaches Verfahren bereitgestellt, das zu Gusspolyamid- Formteilen mit verbesserter Qualität führt. </p><p id="p0058" num="0058">Als Aktivator-Komponente (V) bei der Polymerisation eignen sich z.B. folgende Komponen- ten: </p><p id="p0059" num="0059"> Aliphatische Diisocyanate wie Butylendiisocyanat, Hexamethylendiisocyanat, Octamethylendiisocyanat, Decamethylendiisocyanat, Undodecamethylen- diisocyanat, Dodecamethylendiisocyanat, aber auch aromatische Diisocyanate, wie Toluyldiisocyanat, Isophorondiisocyanat, 4,4'-Methylenbis(phenyl-isocyanat), 4,4'- Methylenbis(cyclohexylisocyanat) oder aber Polyisocyanate wie Isocyanurate von</p><p id="p0060" num="0060">Hexamethylendiisocyanat, Basonat® Hl 100 der BASF SE, Allophanate wie Ethylallophanat oder deren Mischungen. Bevorzugt werden Hexamethylendiisocyanat, Isophorondiisocyanat, besonders bevorzugt ist Hexamethylendiisocyanat. Die Diisocyanate können durch Monoisocyanate ersetzt werden. Alternativ eignen sich als Aktivator-Komponente auch Disäure-halogenide, wie Butylendisäurechlorid, Butylendisäurebromid, Hexamethylendisäurechlorid, Hexamethylendisäurebromid, Octamethylendisäurechlorid, Octa- methylendisäurebromid, Decamethylendisäurechlorid, Decamethylendisäure-bromid, Dodecamethylendisäurechlorid, Dodecamethylendisäurebromid aber auch aromati- sehe Disäurehalogenid wie Toluylendisäurechlorid, Toluylenmethylen-disäurebromid,</p><p id="p0061" num="0061">Isophorondisäurechlorid, Isophorondisäurebromid, 4,4'-Methylenbis-(phenylsäure- chlorid, 4,4'-Methylenbis(phenylsäurebromid, 4,4'-</p><p id="p0062" num="0062">Methylenbis(cyclohexylsäurechlorid, 4,4'-Methylenbis(cyclohexylsäurebromid oder deren Mischungen. Bevorzugt werden Hexamethylendisäurechlorid, Hexamethylendisäurebromid oder deren Mischungen, besonders bevorzugt ist</p><p id="p0063" num="0063">Hexamethylendisäurechlorid. Die Disäurehalogenide können durch Monosäurehalo- genide ersetzt werden. </p><p id="p0064" num="0064">Als Katalysator-Komponente (K) bei der Polymerisation eignen sich unter anderem: 
<!-- EPO <DP n="14"/>-->
 Natrium-caprolactamat, Kalium-caprolactamat, Bromidmagnesium-caprolacta-mat, Chloridmagnesium-caprolactamat, Magnesiumbis-caprolactamat, Natriumhydride, Natrium-Metall, Natriumhydroxid, Natriummethoxid, Natriumethoxid, Natriumpropoxid, Natriumbutoxid, Kaliumhydrid, Kalium-Metall, Kaliumhydroxid, Kaliummethoxid, Kaliumethoxid, Kaliumpropoxid und Kaliumbutoxid. Bevorzugt wird die Katalysator-Komponente für das erfindungsgemäße Verfahren ausgewählt aus der Gruppe umfassend Natriumhydride, Natrium-Metall, Natrium-caprolactamat, besonders bevorzugt ist dabei Natriumcaprolactamat (z.B. das handelsübliche Produkt Bruggolen® C 10, eine Lösung aus 18 Gew.-% Natriumcaprolactamat in Caprolactam). </p><p id="p0065" num="0065">Als Lösungsmittel (L) bei der Polymerisation können folgende Komponenten eingesetzt werden: </p><p id="p0066" num="0066"> Dimethylsulfoxid, Methylchlorid, Methylenchlorid, Dioxan, Tetrahydrofuran, Acetonitril, Tetrahydropyran, N-Methylpyrrolidone, N-Ethylpyrrolidone, Dimethylformamid, Methanol, Ethanol, n-Propanol, iso-Propanol oder deren Gemische. Bevorzugt werden Dimethylsulfoxid, Methylchlorid, Methylenchlorid, Tetrahydrofuran oder deren Gemische, besonders bevorzugt sind Dimethyl-sulfoxid, Methylenchlorid oder deren Gemische. </p><p id="p0067" num="0067">Das Molverhältnis von Aktivator-Komponente (V) zum Lactam B kann in weiten Grenzen variiert werden, beträgt in der Regel 0,01 : 1 bis 100: 1 , bevorzugt 0, 1 : 1 bis 10: 1 , besonders bevorzugt 0,5: 1 bis 1 ,5:1. Das Molverhältnis vom Lösungsmittel (L) zur Aktivator-Komponente (V) kann in weiten Grenzen variiert werden, beträgt in der Regel 100:1 bis 0: 1 , bevorzugt 50: 1 bis 0,5: 1 , besonders bevorzugt 25: 1 bis 1 :1. </p><p id="p0068" num="0068">Das Molverhältnis vom Lösungsmittel (L) zum Lactam (B) kann in weiten Grenzen variiert werden, beträgt in der Regel 100: 1 bis 0: 1 , bevorzugt 50: 1 bis 0,5: 1 , besonders bevorzugt 10: 1 bis 1 :1. </p><p id="p0069" num="0069">Das Molverhältnis von Lactam (B) zum Katalysator (K) kann in weiten Grenzen variiert werden, beträgt in der Regel 1 :1 bis 10.000: 1 , bevorzugt 10: 1 bis 1.000: 1 , besonders be- vorzugt 100: 1 bis 3.000: 1. </p><p id="p0070" num="0070">Das Molverhältnis von Aktivator (V) zum Katalysator (K) kann in weiten Grenzen variiert werden, beträgt in der Regel 10: 1 bis 1 :100, bevorzugt 5:1 bis 1 :10, besonders bevorzugt 2:1 bis 1 :5. 
<!-- EPO <DP n="15"/>-->
 In einer bevorzugten Ausführungsform der Erfindung werden eine Copolymer-Komponente (A) und eine Lactam-Komponente (B) eingesetzt. In einer weiteren Ausführungsform des erfindungsgemäßen Verfahrens wird genau ein Katalysator (K) eingesetzt. In einer weiteren Ausführungsform des erfindungsgemäßen Verfahrens wird genau ein Initiator (I) einge- setzt. </p><p id="p0071" num="0071">In einer besonders bevorzugten Ausführungsform des erfindungsgemäßen Verfahrens werden genau ein Lactam (B), insbesondere Caprolactam, genau ein Katalysator (K) und genau ein Initiator (I) eingesetzt. </p><p id="p0072" num="0072">Das erfindungsgemäße Verfahren kann unter anderem als Guss-Polymerisation, Sprüh- Polymerisation, reaktive Extrusion, Dispersionspolymerisation oder so genanntes „Rotomolding" geführt werden. Beispiele </p><p id="p0073" num="0073"> Die Erfindung wird anhand von nachstehenden Beispielen näher erläutert. </p><p id="p0074" num="0074">Beispiele 1 , 2 und 3 (Herstellung der Lactam-Schmelzen und Viskositätsmessungen) 100 Gramm ε-Caprolactam wurden mit verschiedenen Mengen (5 oder 10 oder 20 Gew.- %) eines handelsüblichen, statistischen Styrol-Butadien-Copolymers (65% Gew.-% Styrol, 35 Gew.-% Butadien; Styroflex 2G66, BASF SE) vermischt, unter N<sub>2</sub>-Atmosphäre auf 140°C erhitzt und bis zum vollständigen Lösen des Copolymers gerührt (1 ,5 bis 2,5 h). Bei Styroflex 2G66 handelt es sich um ein statistisches Vinylaromat-Dien-Copolymer, das aus zwei, aus Styrol-Monomeren aufgebauten, eine Hartphase bildenden Blöcken (S) und ei- nem, Styrol und Butadien-Monomere aufweisenden, statistischen, eine Weichphase bildenden Block (S/B) besteht. </p><p id="p0075" num="0075">Anschließend wurden mit einem Rotationsviskosimeter Physica MCR301 die Viskositäten der Zusammensetzungen bei Temperaturen von 110°C und 140°C bestimmt. </p><p id="p0076" num="0076">Die gemessenen Werte sind in Tabelle 1 zusammengestellt. </p><p id="p0077" num="0077">Tabelle 1 : </p><p id="p0078" num="0078"> 1 10°C 140°C </p><p id="p0079" num="0079"> Beispiel Polymer Viskosität [mPa-s] Viskosität [mPa-s] </p><p id="p0080" num="0080"> 1 5% Styroflex 2G66 20 10 </p><p id="p0081" num="0081"> 2 10% Styroflex 2G66 1 10 50 </p><p id="p0082" num="0082"> 3 20% Styroflex 2G66 1400 480 </p><p id="p0083" num="0083"> 5 5% SB-Diblock-Copolymer 60 30 </p><p id="p0084" num="0084"> 6 10% SB-Diblock-Copolymer 1530 1000 </p><p id="p0085" num="0085"> 7 20% SB-Diblock-Copolymer 4200 2100 
<!-- EPO <DP n="16"/>-->
 In den Vergleichsbeispielen 5, 6 und 7 wurden unter analogen Bedingungen verschiedene Mengen eines Styrol-Butadien-Diblock-Copolymer (ohne statistischen Block) gemäß EP-A 0 459 199 (Bayer) eingesetzt. </p><p id="p0086" num="0086">Diese Versuchsergebnisse zeigten, dass das erfindungsgemäße statistische Vinylaromat- Dien-Copolymer in den untersuchten Lactam-Schmelzen (aus ε-Caprolactam) deutlich niedrigere Viskositäten in der Schmelze bewirkte als ein vergleichbares Vinylaromat-Dien- Blockcopolymer. Dies führt zu einer verbesserten Verarbeitung der Lactam- Zusammensetzungen. </p><p id="p0087" num="0087">Beispiele 8, 9, 10, 11 und 12 (Anionische Polymerisationen der Lactam-Schmelzen im Kalorimeter) </p><p id="p0088" num="0088"> Die folgenden Polymerisationsreaktionen wurden bei 140°C unter Rühren in trockener Stickstoffatmosphäre in einem 50 ml Glaskalorimeter, der mit einem fettfreien Teflon- Stopfen verschlossen und mit einem Thermoelement versehen war, durchgeführt. </p><p id="p0089" num="0089">Die DSC-Messungen wurden mittels eines üblichen Geräts (Maia DSC200F3 der Firma Netzsch) durchgeführt. Die Einwaagen betrugen jeweils ca. 10 mg, die Heiz- und Kühlraten betrugen 20 K/min. </p><p id="p0090" num="0090">Eine Menge von 2,0 g des in den Beispielen 1 , 2 und 3 benutzten statistischen Styrol- Butadien-Copolymers (Styroflex 2G66) wurde unter Rühren innerhalb von 2.5 Stunden bei 140°C in 7,4 g ε-Caprolactam unter N<sub>2</sub>-Atmosphäre gelöst. </p><p id="p0091" num="0091">Alternativ wurde eine Menge von 9,4 g der in den Beispielen 1 , 2 und 3 benutzten Schmelze aus statistischem Styrol-Butadien-Copolymer (Styroflex 2G66) und ε-Capro-lactam bei 140° C unter N<sub>2</sub>-Atmosphäre hergestellt. Anschließend wurden 0,4 Gramm, also 4 Gew.-% des Katalysators (K) Brüggolen C10 (18% Natriumcaprolactam in Caprolactam, Brüggemann KG, Heilbronn) und 0,2 Gramm, also 2 Gew.-% des Aktivators (V) Brüggolen C20 (80% Caprolactam-blockiertes 1 ,6- Hexamethylendiisocyanat in Caprolactam, Brüggemann KG, Heilbronn) als Feststoff bei 20°C in die schmelz-flüssige Mischung zugegeben. </p><p id="p0092" num="0092">Über eine Zeit von 15 min wurde die Entwicklung der internen Temperatur mit Hilfe eines Thermofühlers gemessen. Anschließend wurde durch Abkühlen des Reaktors in Wasser (10°C) gequencht. 
<!-- EPO <DP n="17"/>-->
 Tabelle 2 zeigt die als Beispiele 8 bis 12 erhaltenen Polymer-Zusammensetzungen, wobei die Zusammensetzungen 8 bis 11 ein statistisches Styrol-Butadien-Copolymer (Styroflex 2G66) enthalten, während Beispiel 12 ein Styrol-Butadien-Diblock-Copolymer (ohne statistischen Block) gemäß EP-A 0 459 199 (Bayer) enthält. </p><p id="p0093" num="0093">Tabelle 2: </p><p id="p0094" num="0094">Menge SB- Monomer Kat. (K) C10 (V) C20 Tmax tmax Dichte Copolym. (Gew.-% ) (Gew.-% ) (Gew.-% ) (°C) (s) (g/ml) (Gew.-% ) </p><p id="p0095" num="0095"> 8 - 94 4 2 186,7 78 1 ,131</p><p id="p0096" num="0096">9 5 89 4 2 184,8 77 1 ,1 19</p><p id="p0097" num="0097">10 10 84 4 2 179,6 81 1 ,071</p><p id="p0098" num="0098">1 1 20 74 4 2 176,0 122 1 ,065</p><p id="p0099" num="0099">12 20 (Bayer) 74 4 2 146,3 344 1 ,016 </p><p id="p0100" num="0100">Beispiel 12 (Vergleichsbeispiel) </p><p id="p0101" num="0101">2,0 Gramm, also 20 Gew.-%, des in den Beispielen 5, 6 und 7 benutzten Styrol-Butadien- Diblock-Copolymers gemäß EP-A 0 459 199 (Bayer) wurden unter Rühren innerhalb von 1.5 h bei 140°C in 7,4 g ε-Caprolactam unter N<sub>2</sub>-Atmosphäre gelöst. </p><p id="p0102" num="0102">Anschließend wurden 0,4 Gramm, also 4 Gew.-% des Katalysators (K) Brüggolen C10 (18% Natriumcaprolactam in Caprolactam, Brüggemann KG, Heilbronn) und 0,2 Gramm, also 2 Gew.-% des Aktivators (V) Brüggolen C20 (80% Caprolactam-blockiertes 1 ,6- Hexamethylendiisocyanat in Caprolactam, Brüggemann KG, Heilbronn) als Feststoff bei 20° C in die Schmelze zugegeben. Auf Grund der hohen Viskosität der Schmelze konnten jedoch weder der Katalysator (K) noch der Aktivator (V) in der Masse untergemischt werden. Sie verblieben auf der Schmelzoberfläche. Somit konnte keine vollständige Polymerisation durchgeführt werden. </p><p id="p0103" num="0103">Beispiel 13 (Polymerisationen der Lactam-Schmelzen im Kalorimeter) </p><p id="p0104" num="0104">1 ,0 Gramm des in den Beispielen 1 bis 3 benutzten Styrol-Butadien-Copolymers (Styroflex 2G66) und 1 ,0 Gramm eines handelsübliches Impact-Modifyers, eines Polyetheramins (Polypropylenglykol-Triamin, PEA, M = 5000 g/mol, PEA T5000, BASF) wurden unter Rühren innerhalb von 1.5 bis 2.5 h in 7,4 g ε-Caprolactam bei 140°C unter N<sub>2</sub>-Atmosphäre gelöst. </p><p id="p0105" num="0105">Anschließend wurden 0,267 g, also 2,67 Gew.-% des Aktivators (V) Brüggolen C20 (80% Caprolactam-blockiertes 1 ,6-Hexamethylendiisocyanat in Caprolactam, Brüggemann KG, Heilbronn) und 0,4 g, also 4 Gew.-% des Katalysators (K) Brüggolen C10 (18% 
<!-- EPO <DP n="18"/>-->
 Natriumcaprolactam in Caprolactam, Brüggemann KG, Heilbronn) als Feststoff bei 20° C in die schmelzflüssige Mischung zugegeben. </p><p id="p0106" num="0106">Über eine Zeit von 15 min wurde die Entwicklung der internen Temperatur mit Hilfe eines Thermofühlers gemessen. Anschließend wurde durch Abkühlen des Reaktors in Wasser (10°C) gequencht. </p><p id="p0107" num="0107">Tabelle 3 zeigt als Beispiele 12 und 13 die Eigenschaften der erhaltenen Polymer- Zusammensetzung. </p><p id="p0108" num="0108">Tabelle 3 </p><p id="p0109" num="0109">Bsp. Menge PEA Monomer C10 C20 Tmax tmax Dichte </p><p id="p0110" num="0110"> SB-Copol (Gew.- (Gew-% ) (Gew.-% ) (Gew.-% (°C) (s) (g/ml) </p><p id="p0111" num="0111"> (Gew.-% ) % ) ) </p><p id="p0112" num="0112"> 13 10 % 10 73,33 4 2,67 178,8 102 1,087</p><p id="p0113" num="0113">12 10% Bayer 10 73,33 4 2.67 158.3 244 </p><p id="p0114" num="0114">Die Versuchsergebnisse zeigen, dass das erfindungsgemäße statistische Vinylaromat- Dien-Copolymer bzw. das erfindungsgemäße Verfahren Polyamide ohne weitere Verzögerung der Reaktionsgeschwindigkeit und ohne Beeinflussung der Glasübergangstemperatur (Tg) liefert. </p><p id="p0115" num="0115">In die statistische Vinylaromat-Dien-Copolymer-Zusammensetzung können Glasfasermat- ten oder Aramidfaser-matten eingebracht werden. </p><p id="p0116" num="0116">Beispiel 14 (Herstellung eines Polyamid-Formkörpers mit einem Gehalt von 10% an Styroflex 2G66) </p><p id="p0117" num="0117"> Die Herstellung eines Polyamid-Formkörpers erfolgte in Anlehnung an das literaturbekann- te RIM-Verfahren in einem selbst konstruierten und beheizbaren Formträger mit den Abmessungen 200 x 50 x 2 mm. Der Formträger war über einen Teflon-Schlauch verbunden mit einem 1 I Glasrundkolben mit Magnetrührstab, in dem die reaktive Mischung angesetzt wurde. Diese konnte durch Anlegen eines leichten N<sub>2</sub>-Überdrucks auf den Glaskolben in den temperierten und mit Fasergewebe gefüllten Formträger gepresst werden. </p><p id="p0118" num="0118">Es wurden 5,0 g des in den Beispielen 1 bis 3 benutzten Styrol-Butadien-Copolymers</p><p id="p0119" num="0119">(Styroflex 2G66), 0, 1 g Calciumstearat und 42,0 g Caprolactam unter Rühren innerhalb von 1 ,5 h bei 140°C unter N<sub>2</sub>-Atmosphäre in einem Glasrundkolben gelöst. </p><p id="p0120" num="0120">Anschließend wurden 1 ,0 g, also 2 Gew.-% des Aktivators (V) Brüggolen C20 (80% </p><p id="p0121" num="0121">Caprolactam-blockiertes 1 ,6-Hexamethylendiisocyanat in Caprolactam, Brüggemann KG, Heilbronn) als Feststoff bei 20°C zugegeben und die resultierende schmelzflüssige Mischung für 5 Minuten entgast. Daraufhin wurden 2,0 g, also 4 Gew.-% des Katalysators (K) 
<!-- EPO <DP n="19"/>-->
 Brüggolen C10 (18% Natriumcaprolactam in Caprolactam, Brüggemann KG, Heilbronn) als Feststoff bei 20°C zugegeben. Sogleich danach wurde diese reaktive Mischung in den geschlossenen, auf 150°C beheizten und mit 5 Lagen eines handelsüblichen Fasergewebe (vom Typ Interglas 92125; Schlichte FK800) gefüllten Formträger durch Anlegen eines leichten N<sub>2</sub>-Überdrucks auf den Glaskolben eingetragen. Nach 10 min bei 150°C in der Form wurde das fertige Formteil ohne Entformungs-Probleme aus der Form entnommen. Es wurde eine Polyamid-Platte mit glatter Oberfläche und ohne Verfärbungen erhalten. 
</p></description><claims mxw-id="PCLM44852363" ref-ucid="WO-2012117040-A1" lang="DE" load-source="patent-office"><claim id="clm-0001" num="0001"><!-- EPO <DP n="20"/>--><claim-text/><claim-text>Lactam-Zusammensetzung, die folgende Komponenten enthält: a) 3 bis 25 Gew.-%, bevorzugt 5 bis 20 Gew.-% (bezogen auf die Summe der Komponenten A und B), mindestens eines statistischen Vinylaromat-Dien- Copolymers (A), wobei das statistische Vinylaromat-Dien-Copolymer (A) besteht aus mindestens einem, aus vinylaromatischen Monomeren aufgebauten, eine Hartphase bildenden Block (S) und mindestens einem, vinylaromatische Monomere und Dien-Monomere aufweisenden, statistischen, eine Weichphase bildenden Block (S/B), </claim-text><claim-text>b) 75 bis 97 Gew.-%, bevorzugt 80 bis 95 Gew.% (bezogen auf die Summe der Komponenten A und B), mindestens einer Lactam-Komponente (B), inbesondere ε-Caprolactam, </claim-text><claim-text>c) ggf. einen oder mehrere Füll- und/oder Verstärkungsstoffe (C), sowie d) ggf. einen oder mehrere Zusatzstoffe (Z). </claim-text><claim-text>Lactam-Zusammensetzung nach Anspruch 1 , dadurch gekennzeichnet, dass in dem statistischen Vinylaromat-Dien-Copolymer (A) einerseits die Monomere Styrol, al- pha-Methylstyrol, m-Methylstyrol und/oder p-Methylstyrol und andererseits die Monomere Butadien, Isopren und/oder 2, 3-Dimethylbutadien zum Einsatz kommen. </claim-text><claim-text>Lactam-Zusammensetzung nach Anspruch 1 oder 2, dadurch gekennzeichnet, dass das statistische Vinylaromat-Dien-Copolymer (A) aus Styrol und Butadien aufgebaut ist. </claim-text><claim-text>Lactam-Zusammensetzung nach einem der Ansprüche 1 bis 3, dadurch gekennzeichnet, dass im statistischen Vinylaromat-Dien-Copolymer (A) das Molekulargewicht des Blocks S/B zwischen 10.000 und 250 000 liegt, und das Molekulargewicht des Blocks S (bzw. der Blöcke S) zwischen 5.000 und 200 000 [g/mol] liegen, und das gesamte Molekulargewicht des Vinylaromat-Dien-Copolymers (A) im Bereich von 80.000 bis 300.000[g/mol] liegt. </claim-text><claim-text>Lactam-Zusammensetzung nach einem der Ansprüche 1 bis 4, dadurch gekennzeichnet, dass als Lactame-Komponente ε-Caprolactam, Piperidon, Pyrrolidon, Lauryllactam oder eine Mischung zweier oder mehrerer der genannten Monomere eingesetzt wird. 
<!-- EPO <DP n="21"/>-->
</claim-text><claim-text>6. Lactam-Zusammensetzung nach einem der Ansprüche 1 bis 5, dadurch gekennzeichnet, dass sie Füll- und/oder Verstärkungsstoffe (C) in einer Menge von 5 bis 80 Gew.-% (bezogen auf die Summe aller Komponenten A, B, C und Z) enthält. 7. Lactam-Zusammensetzung nach einem der Ansprüche 1 bis 6, dadurch gekennzeichnet, dass sie Zusatzstoffe (Z) in einer Menge von 1 bis 10 Gew.-% (bezogen auf die Summe aller Komponenten A, B, C und Z) enthält. </claim-text><claim-text>8. Lactam-Zusammensetzung nach einem der Ansprüche 1 bis 7, dadurch gekenn- zeichnet, dass sie in der Schmelze bei 140° C eine Viskosität von 10 bis 1000 mPas aufweist. </claim-text><claim-text>9. Lactam-Zusammensetzung nach einem der Ansprüche 1 bis 7, dadurch gekennzeichnet, dass sie in der Schmelze bei 140° C eine Viskosität von 10 bis 500 mPas aufweist. </claim-text><claim-text>10. Verwendung eines statistischen Vinylaromat-Dien-Copolymers (A), das aus mindestens einem, aus vinylaromatischen Monomeren aufgebauten, eine Hartphase bildenden Block (S) und mindestens einem, vinylaromatische Monomere und Dien- Monomere aufweisenden, statistischen, eine Weichphase bildenden Block (S/B) besteht, zur Herstellung einer Lactam-Schmelze. </claim-text><claim-text>1 1. Verwendung einer Lactam-Zusammensetzung nach einem der Ansprüche 1 bis 9 zur</claim-text><claim-text>Herstellung von Polyamiden durch aktivierte anionische Polymerisation (Gusspoly- amiden), ggf. unter Verwendung eines Katalysators (K) und/oder eines Aktivators</claim-text><claim-text>(V). </claim-text><claim-text>12. Polyamid-Artikel, insbesondere Gusspolyamid-Artikel, hergestellt aus einer Lactam- Zusammensetzung nach einem der Ansprüchen 1 bis 9, ggf. unter Verwendung ei- nes Katalysators (K) und/oder eines Aktivators (V). </claim-text><claim-text>13. Verfahren zur Herstellung von Polyamiden unter Verwendungen einer Lactam-</claim-text><claim-text>Zusammensetzung nach einem der Ansprüche 1 bis 9, dadurch gekennzeichnet, dass die Lactam-Zusammensetzung in geschmolzener Form, ggf. in Anwesenheit eines Katalysators (K) und/oder eines Aktivators (V), nach dem Verfahren der aktivierten anionischen Polymerisation in Gusspolyamide überführt wird. 
</claim-text></claim></claims><copyright>User acknowledges that Fairview Research LLC and its third party providers retain all right, title and interest in and to this xml under applicable copyright laws.  User acquires no ownership rights to this xml including but not limited to its format.  User hereby accepts the terms and conditions of the Licence Agreement</copyright></patent-document>
