<?xml version="1.0" encoding="UTF-8"?>
<patent-document ucid="EP-2677917-A1" country="EP" doc-number="2677917" kind="A1" date="20140101" family-id="45569537" file-reference-id="302755" date-produced="20180826" status="corrected" lang="DE"><bibliographic-data><publication-reference fvid="146551720" ucid="EP-2677917-A1"><document-id><country>EP</country><doc-number>2677917</doc-number><kind>A1</kind><date>20140101</date><lang>DE</lang></document-id></publication-reference><application-reference ucid="EP-12702956-A" is-representative="NO"><document-id mxw-id="PAPP154825643" load-source="docdb" format="epo"><country>EP</country><doc-number>12702956</doc-number><kind>A</kind><date>20120104</date><lang>DE</lang></document-id><document-id mxw-id="PAPP220439807" load-source="docdb" format="original"><country>EP</country><doc-number>12702956.9</doc-number><date>20120104</date></document-id></application-reference><priority-claims><priority-claim mxw-id="PPC140454786" ucid="DE-102011012365-A" load-source="docdb"><document-id format="epo"><country>DE</country><doc-number>102011012365</doc-number><kind>A</kind><date>20110224</date></document-id></priority-claim><priority-claim mxw-id="PPC140452418" ucid="EP-2012000028-W" linkage-type="W" load-source="docdb"><document-id format="epo"><country>EP</country><doc-number>2012000028</doc-number><kind>W</kind><date>20120104</date></document-id></priority-claim></priority-claims><technical-data><classifications-ipcr><classification-ipcr mxw-id="PCL1988107160" load-source="docdb">A47L  13/256       20060101AFI20120910BHEP        </classification-ipcr><classification-ipcr mxw-id="PCL1988114705" load-source="docdb">A47L  13/258       20060101ALI20120910BHEP        </classification-ipcr></classifications-ipcr><classifications-cpc><classification-cpc mxw-id="PCL2007295882" load-source="docdb" scheme="CPC">A47L  13/256       20130101 FI20140207BHEP        </classification-cpc></classifications-cpc><invention-title mxw-id="PT132187644" lang="DE" load-source="patent-office">WISCHGERÄT</invention-title><invention-title mxw-id="PT132187645" lang="EN" load-source="patent-office">MOPPING DEVICE</invention-title><invention-title mxw-id="PT132187646" lang="FR" load-source="patent-office">APPAREIL DE NETTOYAGE</invention-title><citations><non-patent-citations><nplcit><text>See references of WO 2012113489A1</text><sources><source mxw-id="PNPL67455453" load-source="docdb" name="SEA"/></sources></nplcit></non-patent-citations></citations></technical-data><parties><applicants><applicant mxw-id="PPAR918167154" load-source="docdb" sequence="1" format="epo"><addressbook><last-name>FREUDENBERG CARL KG</last-name><address><country>DE</country></address></addressbook></applicant><applicant mxw-id="PPAR918167146" load-source="docdb" sequence="1" format="intermediate"><addressbook><last-name>CARL FREUDENBERG KG</last-name></addressbook></applicant><applicant mxw-id="PPAR918992245" load-source="patent-office" sequence="1" format="original"><addressbook><last-name>Carl Freudenberg KG</last-name><iid>100095425</iid><address><street>Höhnerweg 2-4</street><city>69469 Weinheim</city><country>DE</country></address></addressbook></applicant></applicants><inventors><inventor mxw-id="PPAR918161681" load-source="docdb" sequence="1" format="epo"><addressbook><last-name>LINDNER FALK</last-name><address><country>DE</country></address></addressbook></inventor><inventor mxw-id="PPAR918141525" load-source="docdb" sequence="1" format="intermediate"><addressbook><last-name>LINDNER, FALK</last-name></addressbook></inventor><inventor mxw-id="PPAR918984788" load-source="patent-office" sequence="1" format="original"><addressbook><last-name>LINDNER, FALK</last-name><address><street>Königsberger Strasse 87</street><city>69502 Hemsbach</city><country>DE</country></address></addressbook></inventor><inventor mxw-id="PPAR918144295" load-source="docdb" sequence="2" format="epo"><addressbook><last-name>REIMAN ULLA</last-name><address><country>FI</country></address></addressbook></inventor><inventor mxw-id="PPAR918145196" load-source="docdb" sequence="2" format="intermediate"><addressbook><last-name>REIMAN, ULLA</last-name></addressbook></inventor><inventor mxw-id="PPAR918992386" load-source="patent-office" sequence="2" format="original"><addressbook><last-name>REIMAN, ULLA</last-name><address><street>Kellonsoittajankatu 10 as 3-4</street><city>FI-24100 Salo</city><country>FI</country></address></addressbook></inventor></inventors></parties><international-convention-data><pct-or-regional-filing-data ucid="EP-2012000028-W"><document-id><country>EP</country><doc-number>2012000028</doc-number><kind>W</kind><date>20120104</date><lang>DE</lang></document-id></pct-or-regional-filing-data><pct-or-regional-publishing-data ucid="WO-2012113489-A1"><document-id><country>WO</country><doc-number>2012113489</doc-number><kind>A1</kind><date>20120830</date><lang>DE</lang></document-id></pct-or-regional-publishing-data><designated-states><ep-contracting-states><country mxw-id="DS548841424" load-source="docdb">AL</country><country mxw-id="DS548818256" load-source="docdb">AT</country><country mxw-id="DS548947658" load-source="docdb">BE</country><country mxw-id="DS548939761" load-source="docdb">BG</country><country mxw-id="DS548938218" load-source="docdb">CH</country><country mxw-id="DS548947659" load-source="docdb">CY</country><country mxw-id="DS548869430" load-source="docdb">CZ</country><country mxw-id="DS548841425" load-source="docdb">DE</country><country mxw-id="DS548947660" load-source="docdb">DK</country><country mxw-id="DS548947661" load-source="docdb">EE</country><country mxw-id="DS548935868" load-source="docdb">ES</country><country mxw-id="DS548939762" load-source="docdb">FI</country><country mxw-id="DS548939763" load-source="docdb">FR</country><country mxw-id="DS548841426" load-source="docdb">GB</country><country mxw-id="DS548947662" load-source="docdb">GR</country><country mxw-id="DS548841427" load-source="docdb">HR</country><country mxw-id="DS548869431" load-source="docdb">HU</country><country mxw-id="DS548938219" load-source="docdb">IE</country><country mxw-id="DS548947663" load-source="docdb">IS</country><country mxw-id="DS548939764" load-source="docdb">IT</country><country mxw-id="DS548947664" load-source="docdb">LI</country><country mxw-id="DS548939765" load-source="docdb">LT</country><country mxw-id="DS548818257" load-source="docdb">LU</country><country mxw-id="DS548939766" load-source="docdb">LV</country><country mxw-id="DS548939767" load-source="docdb">MC</country><country mxw-id="DS548818258" load-source="docdb">MK</country><country mxw-id="DS548818259" load-source="docdb">MT</country><country mxw-id="DS548947665" load-source="docdb">NL</country><country mxw-id="DS548841428" load-source="docdb">NO</country><country mxw-id="DS548947666" load-source="docdb">PL</country><country mxw-id="DS548939768" load-source="docdb">PT</country><country mxw-id="DS548869432" load-source="docdb">RO</country><country mxw-id="DS548939769" load-source="docdb">RS</country><country mxw-id="DS548947667" load-source="docdb">SE</country><country mxw-id="DS548938220" load-source="docdb">SI</country><country mxw-id="DS548841429" load-source="docdb">SK</country><country mxw-id="DS548841430" load-source="docdb">SM</country><country mxw-id="DS548818260" load-source="docdb">TR</country></ep-contracting-states></designated-states></international-convention-data><office-specific-data><eptags><ep-no-a-document-published>*</ep-no-a-document-published></eptags></office-specific-data></bibliographic-data><abstract mxw-id="PA99626316" ref-ucid="WO-2012113489-A1" lang="DE" load-source="patent-office"><p num="0000">Wischgerät, umfassend einen im Wesentlichen keilförmigen Tragkörper (1) und ein Wischtuch (2), dass mit dem Tragkörper (1) lösbar verbunden ist, wobei der Tragkörper (1) zwei Anpressplatten (3, 4) zur Anpressung des Wischtuchs (2) an eine zu reinigende Fläche umfasst, wobei die beiden Anpressplatten (3, 4) jeweils eine Klemmkante (5, 6) aufweisen und zur Befestigung des Wischtuchs (2) zwischen den Klemmkanten (5, 6) mittels zumindest einer Feder (7, 8) in einer Geschlossenstellung (9) V-förmig zueinander angeordnet sind und zur Aufnahme oder Entfernung des Wischtuchs (2) vom Tragkörper (1) gegen die Federkraft der Feder (7, 8) in eine Offenstellung (10) bringbar sind.</p></abstract><abstract mxw-id="PA99824835" ref-ucid="WO-2012113489-A1" lang="DE" source="national office" load-source="docdb"><p>Wischgerät, umfassend einen im Wesentlichen keilförmigen Tragkörper (1) und ein Wischtuch (2), dass mit dem Tragkörper (1) lösbar verbunden ist, wobei der Tragkörper (1) zwei Anpressplatten (3, 4) zur Anpressung des Wischtuchs (2) an eine zu reinigende Fläche umfasst, wobei die beiden Anpressplatten (3, 4) jeweils eine Klemmkante (5, 6) aufweisen und zur Befestigung des Wischtuchs (2) zwischen den Klemmkanten (5, 6) mittels zumindest einer Feder (7, 8) in einer Geschlossenstellung (9) V-förmig zueinander angeordnet sind und zur Aufnahme oder Entfernung des Wischtuchs (2) vom Tragkörper (1) gegen die Federkraft der Feder (7, 8) in eine Offenstellung (10) bringbar sind.</p></abstract><abstract mxw-id="PA99626317" ref-ucid="WO-2012113489-A1" lang="EN" load-source="patent-office"><p num="0000">A mopping device comprising a substantially wedge-shaped support body (1) and a mopping cloth (2) which is connected to the support body (1) in a detachable manner, wherein the support body (1) comprises two contact-pressure plates (3, 4) for pressing the mopping cloth (2) against a surface which is to be cleaned, wherein the two contact-pressure plates (3, 4) each have a clamping edge (5, 6) and are arranged in relation to one another in the manner of a V for the purpose of fixing the mopping cloth (2) between the clamping edges (5, 6) by means of at least one spring (7, 8) in a closed position (9), and can be moved against the spring force of the spring (7, 8) to an open position (10) for the purpose of receiving or removing the mopping cloth (2) from the support body (1).</p></abstract><abstract mxw-id="PA99824836" ref-ucid="WO-2012113489-A1" lang="EN" source="national office" load-source="docdb"><p>A mopping device comprising a substantially wedge-shaped support body (1) and a mopping cloth (2) which is connected to the support body (1) in a detachable manner, wherein the support body (1) comprises two contact-pressure plates (3, 4) for pressing the mopping cloth (2) against a surface which is to be cleaned, wherein the two contact-pressure plates (3, 4) each have a clamping edge (5, 6) and are arranged in relation to one another in the manner of a V for the purpose of fixing the mopping cloth (2) between the clamping edges (5, 6) by means of at least one spring (7, 8) in a closed position (9), and can be moved against the spring force of the spring (7, 8) to an open position (10) for the purpose of receiving or removing the mopping cloth (2) from the support body (1).</p></abstract><abstract mxw-id="PA99626318" ref-ucid="WO-2012113489-A1" lang="FR" load-source="patent-office"><p num="0000">L'invention concerne un appareil de nettoyage comprenant un corps de support (1) sensiblement cunéiforme et une lingette nettoyante (2) qui est reliée amovible au corps de support (1), le corps de support (1) comprenant deux plaques de pression (3, 4) destinées à presser la lingette nettoyante (2) sur une surface à nettoyer. Les deux plaques de pression (3, 4) présentent chacune un bord de serrage (5, 6) et sont agencées en V dans une position fermée (9) pour la fixation de la lingette nettoyante (2) entre les bords de serrage (5, 6) au moyen d'au moins un ressort (7, 8), et peuvent être amenées en une position ouverte (10) à l'encontre de la force du ressort (7, 8) pour le logement de la lingette nettoyante (2) sur le corps de support (1) ou pour son retrait.</p></abstract><abstract mxw-id="PA99824837" ref-ucid="WO-2012113489-A1" lang="FR" source="national office" load-source="docdb"><p>L'invention concerne un appareil de nettoyage comprenant un corps de support (1) sensiblement cunéiforme et une lingette nettoyante (2) qui est reliée amovible au corps de support (1), le corps de support (1) comprenant deux plaques de pression (3, 4) destinées à presser la lingette nettoyante (2) sur une surface à nettoyer. Les deux plaques de pression (3, 4) présentent chacune un bord de serrage (5, 6) et sont agencées en V dans une position fermée (9) pour la fixation de la lingette nettoyante (2) entre les bords de serrage (5, 6) au moyen d'au moins un ressort (7, 8), et peuvent être amenées en une position ouverte (10) à l'encontre de la force du ressort (7, 8) pour le logement de la lingette nettoyante (2) sur le corps de support (1) ou pour son retrait.</p></abstract><description mxw-id="PDES50931584" ref-ucid="WO-2012113489-A1" lang="DE" load-source="patent-office"><!-- EPO <DP n="3"/>--><p id="p0001" num="0001"> Wischgerät </p><p id="p0002" num="0002">Beschreibung </p><p id="p0003" num="0003">Technisches Gebiet </p><p id="p0004" num="0004">Die Erfindung betrifft ein Wischgerät, umfassend einen Tragkörper und Wischtuch, das mit dem Tragkörper lösbar verbunden ist. </p><p id="p0005" num="0005">Stand der Technik </p><p id="p0006" num="0006">Ein solches Wischgerät ist aus der EP 2 204 116 A2 bekannt. Der Tragkörper umfasst nur eine Anpressplatte zur Anpressung des Wischtuchs an eine zu reinigende Fläche sowie eine wippenförmige Klemmleiste, die in </p><p id="p0007" num="0007"> Geschlossenstellung oder Offenstellung schwenkbar auf der Oberseite der Anpressplatte angeordnet ist. Die wippenförmige Klemmleiste umfasst zwei Schenkel, die mit der Anpressplatte in einer magnetischen Wirkverbindung stehen, derart, dass der eine Schenkel das Wischtuch in Geschlossenstellung auf der Oberseite der Anpressplatte magnetisch festklemmt oder dass der andere Schenkel auf der Anpressplatte magnetisch gehalten ist, um das Wischtuch problemlos austauschen zu können. Das Wischtuch umfasst bei einer Aufspannung am Tragkörper nur eine Funktionsfläche, nämlich die Seite des Wischtuchs, die in Arbeitsstellung des Wischgeräts vom Tragkörper abgewandt ist. Die Ausnutzung des Wischtuchs beträgt deshalb weniger als </p><p id="p0008" num="0008">BESTÄTIGUNGSKOPIE 
<!-- EPO <DP n="4"/>-->
 50%; das Wischtuch ist in ein und derselben Aufspannung nur einseitig nutzbar. Sollte nach Verunreinigung der ursprünglichen Funktionsfläche die Rückseite dieser Funktionsfläche als weitere Funktionsfläche genutzt werden, müsste das Wischtuch durch Betätigung der Klemmleiste vom Tragkörper gelöst, umgedreht und anschließend wieder eingespannt werden. Dieses Umspannen ist umständlich und zeitaufwendig und das Handling ist deshalb nur wenig zufriedenstellend. Außerdem ist die magnetische Klemmvorrichtung aufwendig und teuer in ihrer Herstellung. Ein weiteres Wischgerät ist aus der WO 95/32661 bekannt. Der Tragkörper ist durch zwei Anpressplatten gebildet, die mittels eines Scharniers an einer der Längsseiten der Anpressplatten miteinander verbunden sind. Die </p><p id="p0009" num="0009">Anpressplatten sind von Hand um das Scharnier aufschwenkbar, um das Wischtuch zwischen den Anpressplatten aufnehmen zu können. Das </p><p id="p0010" num="0010">Wischtuch wird mit beiden Händen eingelegt. Der Stiel muss dafür abgelegt werden. Anschließend, nach Aufnahme des Wischtuchs zwischen den </p><p id="p0011" num="0011">Anpressplatten, werden die Anpressplatten zur Arretierung des Wischtuchs miteinander verrastet. Die Verrastung und das Lösen der Verrastung erfolgen bedarfsweise jeweils von Hand. Das Handling des vorbekannten Wischgeräts ist dadurch erschwert und die Hände des Benutzers kommen dadurch mit dem verunreinigten und/oder nassen Tragkörper/Wischtuch in Berührung. Das ist unangenehm für den Benutzer. </p><p id="p0012" num="0012"> Der Tragkörper ist, im Querschnitt betrachtet, tropfenförmig ausgebildet und weist im Bereich seiner hinteren Längsseite, die durch das Scharnier begrenzt ist, eine niedrigere Form auf, als im Bereich seiner vorderen Längsseite, entlang der das Wischtuch eingeklemmt ist. Durch die vergleichsweise größere Höhe der vorderen Längsseite ist das Reinigungsergebnis insbesondere dann wenig zufriedenstellend, wenn z. B. in Ecken oder entlang von Fußleisten gereinigt werden soll. Die hohe vordere Längsseite kann dann nicht nahe 
<!-- EPO <DP n="5"/>-->
 genug in die zu reinigenden Ecken oder an die zu reinigenden Fußleisten herangeführt werden. </p><p id="p0013" num="0013">Darstellung der Erfindung </p><p id="p0014" num="0014">Der Erfindung liegt die Aufgabe zugrunde, ein Wischgerät der vorbekannten Art derart weiterzuentwickeln, dass in ein und derselben Aufspannung des </p><p id="p0015" num="0015">Wischtuchs am Tragkörper die Ausnutzung des Wischtuchs maximiert wird, dass das Wischgerät einfach und kostengünstig herstellbar ist, ein gutes Reinigungsergebnis bewirkt und durch den Benutzer einfach zu handhaben ist. Das Wechseln des Wischtuchs soll weit gehend ohne Handberührung durchführbar sein. </p><p id="p0016" num="0016">Diese Aufgabe wird erfindungsgemäß durch ein Wischgerät gemäß </p><p id="p0017" num="0017">Patentanspruch 1 gelöst. Auf vorteilhafte Ausgestaltungen nehmen die </p><p id="p0018" num="0018">Unteransprüche Bezug. </p><p id="p0019" num="0019">Zur Lösung der Aufgabe ist ein Wischgerät vorgesehen, umfassend einen im Wesentlichen keilförmigen Tragkörper und ein Wischtuch, das mit dem </p><p id="p0020" num="0020">Tragkörper lösbar verbunden ist, wobei der Tragkörper zwei Anpressplatten zur Anpressung des Wischtuchs an eine zu reinigende Fläche umfasst, wobei die beiden Anpressplatten jeweils eine Klemmkante aufweisen und zur Befestigung des Wischtuchs zwischen den Klemmkanten mittels zumindest einer Feder in einer Geschlossenstellung V-förmig zueinander angeordnet sind und zur Aufnahme oder Entfernung des Wischtuchs vom Tragkörper gegen die </p><p id="p0021" num="0021">Federkraft der Feder in eine Offenstellung bringbar sind. </p><p id="p0022" num="0022">Hierbei ist von Vorteil, dass das Wischgerät durch seinen in </p><p id="p0023" num="0023">Gesehlossenstellung V-förmigen Tragkörper mit den zwei Anpressplatten alternativ auf die beiden Funktionsflächen des Wischtuchs (Vorderseite und 
<!-- EPO <DP n="6"/>-->
 Rückseite des Wischtuchs) wirken kann, ohne dass das Wischtuch am </p><p id="p0024" num="0024">Tragkörper umgespannt werden müsste. Jede der Funktionsflächen bildet jeweils die Rückseite der anderen Funktionsfläche. Nur ein Rand des </p><p id="p0025" num="0025">Wischtuchs ist zwischen den Klemmkanten der Anpressplatten des </p><p id="p0026" num="0026">Tragkörpers eingeklemmt, sodass der Rest des Wischtuchs bei vom Boden abgehobenem Wischgerät frei nach unten in Richtung der zu reinigenden Fläche hängt. </p><p id="p0027" num="0027"> Weiterhin kann ein flach auf dem Boden ausgebreitetes Tuch ohne </p><p id="p0028" num="0028">Handberührung aufgenommen werden, da die vordere Längsseite durch ihre geringe Höhe direkt unter das Tuch geschoben werden und der </p><p id="p0029" num="0029">Klemmmechanismus mit dem Fuß betätigt werden kann. </p><p id="p0030" num="0030">Zur Funktion wird folgendes ausgeführt: </p><p id="p0031" num="0031"> Zum Wischen einer zu reinigenden Fläche wird das Wischtuch mit seiner ersten Funktionsfläche auf die zu reinigende Fläche gelegt, wobei die erste Anpressplatte auf die zweite Funktionsfläche gelegt wird, um Anpressdruck auf die erste Funktionsfläche ausüben zu können. Nach dem Reinigungsvorgang mit der ersten Funktionsfläche, wenn die bis dahin zur Anwendung gelangende erste Funktionsfläche z. B. verunreinigt ist, kann das Wischgerät anschließend von der zu reinigenden Fläche abgehoben werden, die zweite Funktionsfläche löst sich automatisch von der ersten Anpressplatte und das Wischtuch hängt wieder frei nach unten in Richtung der zu reinigenden Fläche. Anschließend kann die zweite Funktionsfläche auf die zu reinigende Fläche gelegt werden. Die zweite Anpressplatte wird dann auf die zuvor benutzte erste </p><p id="p0032" num="0032">Funktionsfläche gelegt, um Anpressdruck auf die zweite Funktionsfläche ausüben zu können. Dadurch, dass das Wischtuch zwei Funktionsflächen aufweist, ist die Ausnutzung des Wischtuchs besonders groß. Nur ein schmaler Rand des Wischtuchs, der zwischen den Klemmkanten der Anpressplatten eingeklemmt ist, kann zur Reinigung nicht genutzt werden. 
<!-- EPO <DP n="7"/>-->
 Das auf der zu wischenden Fläche liegende Wischtuch kann ohne Handberührung von dem keilförmigen Tragkörper aufgenommen werden. </p><p id="p0033" num="0033">Die beiden Funktionsflächen des Wischtuchs können gleich oder </p><p id="p0034" num="0034">unterschiedlich ausgebildet sein. </p><p id="p0035" num="0035"> Bei gleich ausgebildeten Funktionsflächen kann das Wischgerät mit gleichen Gebrauchseigenschaften besonders lange zur Anwendung gelangen. Zunächst wird mit der ersten Funktionsfläche so lange gereinigt, bis diese z. B. </p><p id="p0036" num="0036">unerwünscht stark verschmutzt ist. Anschließend gelangt, ohne das Wischtuch am Tragkörper umspannen zu müssen, die zweite, gleich ausgebildete </p><p id="p0037" num="0037">Funktionsfläche zur Anwendung. </p><p id="p0038" num="0038">Weist das Wischtuch demgegenüber zwei unterschiedlich ausgebildete </p><p id="p0039" num="0039">Funktionsflächen auf, kann durch das erfindungsgemäße Wischgerät in ein und derselben Aufspannung des Wischtuchs am Tragkörper zum Beispiel zweistufig gereinigt werden. Zunächst kann die erste Funktionsfläche zur Anwendung gelangen, die z. B. durch ihre Beschaffenheit auch stärkere Verunreinigungen von der zu reinigenden Fläche löst. Anschließend besteht die Möglichkeit, die zweite, anders beschaffene Funktionsfläche einzusetzen, um die abgelösten Verunreinigungen und/oder die Reinigungsflüssigkeit von der gereinigten Fläche besonders effektiv aufnehmen zu können. </p><p id="p0040" num="0040">Auch wenn nicht zweistufig gereinigt werden soll, kann es vorteilhaft sein, dass die Funktionsflächen unterschiedlich ausgebildet sind. Jede Funktionsfläche kann z. B. auf eine spezielle Art der Verunreinigung und/oder auf eine spezielle Oberfläche der zu reinigenden Fläche abgestimmt sein. </p><p id="p0041" num="0041">Das erfindungsgemäße Wischgerät kann dadurch besonders individuell und vielseitig eingesetzt werden, trotz besonders einfachen Handlings für den Benutzer. 
<!-- EPO <DP n="8"/>-->
 Die Anpressplatten können auf ihrer dem Wischtuch zugewandten Oberfläche zumindest teilweise eine Oberflächenprofilierung aufweisen, zum Beispiel Noppen, um im Bereich der Oberflächenprofilierung bedarfsweise eine erhöhte Anpreßkraft auf das Wischtuch und damit auf die zu reinigende Fläche ausüben zu können. </p><p id="p0042" num="0042">Der Tragkörper und das Wischtuch können durch nur einen zwischen den Klemmkanten eingeklemmten Rand des Wischtuchs miteinander verbunden sein. Dieser eine Rand des Wischtuchs kann z. B. wulstförmig eingefasst sein, so dass er eine größere Dicke aufweist, als die Funktionsflächen. </p><p id="p0043" num="0043"> Alternativ oder zusätzlich besteht die Möglichkeit, den Rand derart auszubilden, dass die Klemmkraft, mit der das Wischtuch zwischen den Klemmkanten gehalten wird, erhöht wird. Das kann beispielsweise dadurch geschehen, dass der Rand, bezogen auf das Wischtuch, stärker strukturiert ist und/oder z. B. eine reibungsvergrößernde Oberfläche aufweist. </p><p id="p0044" num="0044">Die Klemmkanten können alternativ oder zusätzlich auf der dem Rand des Wischtuchs zugewandten Seite eine die Reibung erhöhende Oberfläche aufweisen, beispielsweise eine stärkere Oberflächenprofilierung und/oder eine Gummierung, um den Rand des Wischtuchs auch bei langer Gebrauchsdauer sicher zwischen den Klemmkanten zu halten. Auch besteht die Möglichkeit, dass die Klemmkanten das Wischtuch mit feinen Spitzen formschlüssig durchdringen und dadurch sicher in seiner Position am Tragkörper halten. Dadurch, dass das Wischtuch zwei Funktionsflächen aufweist und nur der Rand, mit dem das Wischtuch zwischen den Klemmkanten eingeklemmt ist, nicht als reinigende Funktionsfläche wirkt, ergibt sich eine Ausnutzung des Wischtuchs in einer Aufspannung am Tragkörper, die mehr als 50%, bevorzugt mehr als 90% beträgt. Durch die hohe Ausnutzung ist von Vorteil, dass große 
<!-- EPO <DP n="9"/>-->
 Flächen in kurzer Zeit mit nur einem geringen Einsatz an Wischtüchern gereinigt werden können. </p><p id="p0045" num="0045">Jede Anpressplatte ist einer Funktionsfläche zur Anpressung der jeweils anderen Funktionsfläche an die zu reinigende Fläche zugeordnet. Durch die Anpressplatten wird jeweils die Rückseite der zur Reinigung im Einsatz befindlichen Funktionsfläche während der bestimmungsgemäßen Verwendung des Wischgeräts anliegend berührt. Der Benutzer des Wischgeräts bringt mittels der jeweiligen Anpressplatte Druck auf das Wischtuch auf. </p><p id="p0046" num="0046">Die Anpressplatten können durch ein Scharnier miteinander verbunden sein, das sich parallel zu den Klemmkanten erstreckt. Die verschwenkbare </p><p id="p0047" num="0047">Verbindung der Anpressplatten relativ zueinander durch ein Scharnier ist einfach und kostengünstig herstellbar, wobei die Bestandteile des Scharniers bevorzugt einstückig und materialeinheitlich mit den jeweiligen Anpressplatten ausgebildet sind. </p><p id="p0048" num="0048">Das Scharnier kann, in Querrichtung des Tragkörpers betrachtet, mittig des Tragkörpers angeordnet sein. Eine solche Anordnung ist von Vorteil, um die V- förmige Gestalt des Tragkörpers in seiner Geschlossenstellung zu erreichen. Um den Tragkörper in Offenstellung zu überführen, um das Wischtuch zwischen den beiden Klemmkanten einklemmen oder vom Tragkörper entfernen zu können, kann der Tragkörper mit dem Fuß betätigt werden. Um den Tragkörper in Offenstellung zu überführen, tritt der Benutzer auf der den Klemmkanten abgewandten Längsseiten auf eine der Anpressplatten. Dadurch werden die Anpressplatten und das Scharnier relativ zueinander verschwenkt, derart, dass sich die Klemmkanten voneinander wegbewegen und der </p><p id="p0049" num="0049">Tragkörper in Offenstellung überführt wird. Anschließend kann das Wischtuch mit dem Tragkörper verbunden oder von diesem entfernt werden. 
<!-- EPO <DP n="10"/>-->
 Das Scharnier kann eine sich parallel zu den Klemmkanten erstreckende Achse umfassen, um die die Anpressplatten verschwenkbar zueinander angeordnet sind. Im Hinblick auf ein einfaches Handling des erfindungsgemäßen Wischgeräts, insbesondere im Hinblick auf eine einfache Montage des Wischtuchs am </p><p id="p0050" num="0050">Tragkörper, kann es vorgesehen sein, dass die Feder als Schenkelfeder ausgebildet ist, wobei die Schenkelfeder die Achse des Scharniers bevorzugt umschließt, wobei die Schenkel der Schenkelfeder auf der den Klemmkanten abgewandten Seite des Scharniers angeordnet sind. Durch die Schenkelfeder wird erreicht, dass sich der Tragkörper, im Anschluss an das Einlegen des Wischtuchs zwischen die beiden Klemmkanten, selbsttätig in </p><p id="p0051" num="0051">Geschlossenstellung bewegt, dadurch das Wischtuch zwischen den </p><p id="p0052" num="0052">Klemmkanten einklemmt und seine V-förmige Gestalt annimmt. </p><p id="p0053" num="0053">Als Schenkelfeder bezeichnet man eine Schraubenfeder, die um ihre Achse auf Torsion beansprucht wird. Die hebelartigen Schenkel sind auf der den </p><p id="p0054" num="0054">Klemmkanten abgewandten Seite des Scharniers angeordnet, stützen sich auf den Innenseiten der beiden Anpressplatten ab und halten den Tragkörper federkraftbeaufschlagt in seiner Geschlossenstellung. </p><p id="p0055" num="0055">Der Tragkörper und ein Wischerstiel sind bevorzugt durch ein Gelenk </p><p id="p0056" num="0056">verbunden. Das Handling des Wischgeräts ist dadurch vereinfacht und die beiden Anpressplatten können problemlos und einfach eben auf der Rückseite der jeweiligen Funktionsfläche abgelegt werden. </p><p id="p0057" num="0057">Der Wischerstiel und das Gelenk können, in Längsrichtung des Tragkörpers betrachtet, mittig des Tragkörpers angeordnet sein. Die Länge des Tragkörpers und des Wischtuchs, das mit dem Tragkörper verbunden ist, ist auf jeder Seite des Gelenks, in Längsrichtung betrachtet, gleich groß. Dadurch befindet sich 
<!-- EPO <DP n="11"/>-->
 das Wischgerät während seiner bestimmungsgemäßen Verwendung </p><p id="p0058" num="0058">weitestgehend im Gleichgewicht. </p><p id="p0059" num="0059">Das Gelenk kann die Achse des Scharniers umschließen, wobei die </p><p id="p0060" num="0060">Anpressplatten auf der den Klemmkanten abgewandten Seite des Scharniers jeweils eine Durchbrechung aufweisen, durch die das Gelenk hindurch schwenkbar ist. Das Handling des Wischgeräts ist dadurch verbessert, dass der Wischerstiel besonders flach über den Boden geführt werden kann, um zum Beispiel auch unter Möbeln gut reinigen zu können. </p><p id="p0061" num="0061">Der Schwenkwinkel kann zumindest 180° betragen. Bevorzugt beträgt der Schwenkwinkel zumindest 225°. Durch den Schwenkwinkel wird bewirkt, dass das Wischgerät nach dem Reinigungsvorgang von der zu reinigenden Fläche abgehoben werden kann, das Wischtuch selbsttätig frei nach unten hängt und anschließend mit der anderen Funktionsfläche wieder auf der zu reinigenden Fläche abgelegt werden kann. Durch den großen Schwenkwinkel wird erreicht, dass das Wischgerät vom Benutzer so geführt werden kann, dass ihm das Wischgerät gut in der Hand liegt, um ein möglichst gutes Reinigungsergebnis zu erzielen. Der Wischerstiel kann dadurch, unabhängig davon, welche der Anpressplatten im Einsatz ist, bevorzugt 45° von der Senkrechten in Richtung der Klemmkanten geschwenkt werden. Durch den großen Schwenkwinkel ist das Handling des Wischgeräts verbessert. </p><p id="p0062" num="0062">Das Gelenk kann durch ein Kardangelenk gebildet sein. Dadurch kann der Wischerstiel nicht nur um die Achse des Scharniers geschwenkt werden. </p><p id="p0063" num="0063">Zusätzlich besteht die Möglichkeit, das Wischgerät in Form einer liegenden 8 zuführen, um dadurch ein gutes Reinigungsergebnis zu erzielen. Der </p><p id="p0064" num="0064">Wischerstiel kann auch parallel zur Achse geschwenkt werden, so dass das Wischgerät bedarfsweise auch parallel zur Achse über die zu reinigende Fläche 
<!-- EPO <DP n="12"/>-->
 geführt werden kann, um z. B. Verunreinigungen in schmalen Nischen besser entfernen zu können. </p><p id="p0065" num="0065">Die Anpressplatten bestehen bevorzugt aus einem polymeren Werkstoff. </p><p id="p0066" num="0066">Hierbei ist von Vorteil, dass Anpressplatten aus einem derartigen Werkstoff korrosionsbeständig und gegen die meisten Reinigungsflüssigkeiten resistent sind. </p><p id="p0067" num="0067">Kurzbeschreibung der Zeichnung </p><p id="p0068" num="0068">Das erfindungsgemäße Wischgerät wird nachfolgend anhand der Fig. 1 bis 5 näher beschrieben. Diese zeigen jeweils in schematischer Darstellung: </p><p id="p0069" num="0069">Fig. 1 die Ansicht eines von der zu reinigenden Fläche abgehobenen </p><p id="p0070" num="0070"> Wischgeräts, bei dem der Tragkörper und das mit dem Tragkörper verbundene Wischtuch in Verlängerung des Wischerstiels selbsttätig senkrecht nach unten hängen, wobei die erste Funktionsfläche gezeigt ist, </p><p id="p0071" num="0071">Fig. 2 das Wischgerät aus Fig. 1 in einer Ansicht auf die zweite </p><p id="p0072" num="0072"> Funktionsfläche des Wischtuchs, </p><p id="p0073" num="0073">Fig. 3 eine Ansicht auf das in den Klemmkanten eingeklemmte Wischtuch, </p><p id="p0074" num="0074">Fig. 4 eine Ansicht auf das Scharnier und zwei Schenkelfedern, durch die die beiden Anpressplatten zusammengehalten sind, wobei das Gelenk die Achse schwenkbar umschließt, </p><p id="p0075" num="0075">Fig. 5 das Wischgerät aus den Fig. 1 bis 4 in einer Seitenansicht, wobei das Wischtuch zwischen den Klemmkanten der Anpressplatten 
<!-- EPO <DP n="13"/>-->
 eingeklemmt ist und wobei die erste Anpressplatte auf der zweiten Funktionsfläche liegt, um Anpressdruck auf die erste Funktionsfläche ausüben zu können. Ausführung der Erfindung </p><p id="p0076" num="0076">In den Fig. 1 bis 5 ist ein Ausführungsbeispiel eines Wischgeräts gezeigt, bei dem ein Wischtuch 2 mit zwei voneinander abweichend ausgebildeten </p><p id="p0077" num="0077">Funktionsflächen 11 , 12 mit einem keilförmigen Tragkörper 1 lösbar verbunden ist. Der Tragkörper 1 umfasst zwei Anpressplatten 3, 4, die durch ein Scharnier 14 miteinander verbunden sind, wobei sich das Scharnier 14 parallel zu den Klemmkanten 5, 6 erstreckt. Jede der Anpressplatten 3, 4 hat jeweils eine Klemmkante 5, 6, wobei die Klemmkanten 5, 6 mittels zweier Federn 7, 8 aneinander gepresst sind. Die Federn 7, 8 sind jeweils als identisch </p><p id="p0078" num="0078">ausgebildete Schenkelfedern 17, 18 ausgebildet und umschließen die Achse 16 des Scharniers 14. Die Schenkel der Schenkelfedern 17, 18 sind auf der den Klemmkanten 5, 6 abgewandten Seite des Scharniers angeordnet und halten den Tragkörper federkraftbeaufschlagt in seiner Geschlossenstellung 9, wobei in dieser Geschlossenstellung 9 die beiden Anpressplatten 3, 4 V-förmig zueinander angeordnet sind. </p><p id="p0079" num="0079">Um das Wischtuch 2 austauschen zu können, das heißt das Wischtuch 2 vom Tragkörper 1 zu lösen und ein neues Wischtuch 2 mit dem Tragkörper 1 zu verbinden, werden die Anpressplatten 3, 4 gegen die Federkraft der Federn 7, 8 in die Offenstellung 10 gebracht. </p><p id="p0080" num="0080">Jede der Funktionsflächen 11 , 12 des Wischtuchs 2 bildet jeweils die Rückseite der anderen Funktionsfläche 12, 11. Zum Wischen wird das Wischtuch 2 mit seiner ersten Funktionsfläche 11 auf die zu wischende Fläche 25 (Fig. 5) gelegt, und die erste Anpressplatte 3 wird auf die zweite Funktionsfläche 12 
<!-- EPO <DP n="14"/>-->
 gelegt, um Anpressdruck auf die erste Funktionsfläche 11 ausüben zu können. Soll anschließend die zweite Funktionsfläche 12 zur Anwendung gelangen, wird das Wischgerät von der zu wischenden Fläche 25 abgehoben, das Wischtuch 2 hängt, wie in den Fig. 1 und 2 gezeigt, frei und senkrecht nach unten und kann mit seiner zweiten Funktionsfläche 12 auf die zu wischende Fläche 25 gelegt werden. Die zweite Anpressplatte 4 wird dann auf die erste Funktionsfläche 11 gelegt, um Anpressdruck auf die zweite Funktionsfläche 12 ausüben zu können. Dadurch, dass das Wischtuch 2 beidseitig nutzbar ist, wobei das Wischtuch 2 für die beidseitige Nutzung am Tragkörper 1 nicht umgespannt werden muss, beträgt die Ausnutzung im hier gezeigten Ausführungsbeispiel mehr als 90%. Nur der zwischen den Klemmkanten 5, 6 eingeklemmte Rand 13 des Wischtuchs 2 kann als Reinigungsfläche nicht genutzt werden. </p><p id="p0081" num="0081">In den Fig. 1 und 2 ist zu erkennen, dass das Wischtuch 2 zwei </p><p id="p0082" num="0082">Funktionsflächen 11 , 12 aufweist, die unterschiedlich ausgebildet sind. </p><p id="p0083" num="0083">Außerdem ist das Scharnier 14, in Querrichtung 15 des Tragkörpers 1 betrachtet, mittig des Tragkörpers 1 angeordnet. In Längsrichtung 21 des Tragkörpers 1 betrachtet, sind der Wischerstiel 19 und das Gelenk 20 mittig des Tragkörpers 1 angeordnet, wobei das Gelenk 20 zur besseren </p><p id="p0084" num="0084">Beweglichkeit des Wischerstiels 19 und um ein besseres Handling des </p><p id="p0085" num="0085">Wischgeräts zu erzielen, als Kardangelenk ausgebildet ist. </p><p id="p0086" num="0086">In den Fig. 1 und 2 sind die unterschiedlichen Seiten des Wischgeräts bei frei und senkrecht nach unten hängendem Wischtuch 2 gezeigt. Jede der </p><p id="p0087" num="0087">Anpressplatten 3, 4 weist auf der den Klemmkanten 5, 6 abgewandten Seite des Scharniers 14 jeweils eine Durchbrechung 22, 23 auf, durch die das Gelenk 20 hindurch schwenkbar ist. Im hier gezeigten Ausführungsbeispiel beträgt der Schwenkwinkel 24 225°. 
<!-- EPO <DP n="15"/>-->
 18 </p><p id="p0088" num="0088"> Bezugszeichenliste: </p><p id="p0089" num="0089">1 Tragkörper </p><p id="p0090" num="0090"> 2 Wischtuch </p><p id="p0091" num="0091">3 erste Anpressplatte </p><p id="p0092" num="0092"> 4 zweite Anpressplatte </p><p id="p0093" num="0093"> 5 erste Klemmkante </p><p id="p0094" num="0094"> 6 zweite Klemmkante </p><p id="p0095" num="0095"> 7 Feder </p><p id="p0096" num="0096">8 Feder </p><p id="p0097" num="0097"> 9 Geschlossenstellung </p><p id="p0098" num="0098"> 10 Offenstellung </p><p id="p0099" num="0099"> 1 erste Funktionsfläche </p><p id="p0100" num="0100"> 12 zweite Funktionsfläche </p><p id="p0101" num="0101">13 Rand des Wischtuchs </p><p id="p0102" num="0102"> 14 Scharnier </p><p id="p0103" num="0103"> 15 Querrichtung des Tragkörpers </p><p id="p0104" num="0104"> 16 Achse </p><p id="p0105" num="0105"> 17 erste Schenkelfeder </p><p id="p0106" num="0106">18 zweite Schenkelfeder </p><p id="p0107" num="0107"> 19 Wischerstiel </p><p id="p0108" num="0108"> 20 Gelenk </p><p id="p0109" num="0109"> 21 Längsrichtung des Tragkörpers </p><p id="p0110" num="0110"> 22 erste Durchbrechung </p><p id="p0111" num="0111">23 zweite Durchbrechung </p><p id="p0112" num="0112"> 24 Schwenkwinkel </p><p id="p0113" num="0113"> 25 zu reinigende Fläche 
</p></description><claims mxw-id="PCLM44727541" ref-ucid="WO-2012113489-A1" lang="DE" load-source="patent-office"><claim-statement><!-- EPO <DP n="16"/>--> 13 Patentansprüche </claim-statement><claim id="clm-0001" num="1"><claim-text>1. Wischgerät, umfassend einen im Wesentlichen keilförmigen Tragkörper (1) und ein Wischtuch (2), das mit dem Tragkörper (1) lösbar verbunden ist, wobei der Tragkörper (1 ) zwei Anpressplatten (3, 4) zur Anpressung des Wischtuchs (2) an eine zu reinigende Fläche umfasst, wobei die beiden Anpressplatten (3, 4) jeweils eine Klemmkante (5, 6) aufweisen und zur Befestigung des Wischtuchs (2) zwischen den Klemmkanten (5, 6) mittels zumindest einer Feder (7, 8) in einer Geschlossenstellung (9) V- förmig zueinander angeordnet sind und zur Aufnahme oder Entfernung des Wischtuchs (2) vom Tragkörper (1) gegen die Federkraft der Feder (7, 8) in eine Offenstellung (10) bringbar sind. </claim-text></claim><claim id="clm-0002" num="2"><claim-text>2. Wischgerät nach Anspruch 1 , dadurch gekennzeichnet, dass der </claim-text><claim-text> Tragkörper (1) in Offenstellung (10) einrastbar ist. </claim-text></claim><claim id="clm-0003" num="3"><claim-text>3. Wischgerät nach Anspruch 1 , dadurch gekennzeichnet, dass das </claim-text><claim-text> Wischtuch (2) zwei Funktionsflächen (11 , 12) aufweist. </claim-text></claim><claim id="clm-0004" num="4"><claim-text>4. Wischgerät nach einem der Ansprüche 1 bis 3, dadurch gekennzeichnet, dass die Funktionsflächen (11 , 12) gleich oder unterschiedlich ausgebildet sind. </claim-text></claim><claim id="clm-0005" num="5"><claim-text>5. Wischgerät nach einem der Ansprüche 1 bis 4, dadurch gekennzeichnet, dass die Klemmkanten (5, 6) auf ihren dem Wischtuch (2) zugewandten</claim-text><claim-text>Seiten zumindest teilweise mit einer Oberflächenprofilierung versehen sind und dass die Oberflächenprofilierungen das Wischtuch (2) kraft- und/oder formschlüssig anliegend berühren. <!-- EPO <DP n="17"/>--> 14 </claim-text></claim><claim id="clm-0006" num="6"><claim-text> 6. Wischgerät nach einem der Ansprüche 1 bis 5, dadurch gekennzeichnet, dass der Tragkörper (1) und das Wischtuch (2) durch nur einen zwischen den Klemmkanten (5, 6) eingeklemmten Rand (13) des Wischtuchs (2) miteinander verbunden sind. </claim-text></claim><claim id="clm-0007" num="7"><claim-text>7. Wischgerät nach einem der Ansprüche 1 bis 6, dadurch gekennzeichnet, dass das Wischtuch (2) in einer Aufspannung am Tragkörper (1) eine Ausnutzung 50 % aufweist. </claim-text></claim><claim id="clm-0008" num="8"><claim-text>8. Wischgerät nach Anspruch 7, dadurch gekennzeichnet, dass die </claim-text><claim-text> Ausnutzung &gt; 90 % ist. </claim-text></claim><claim id="clm-0009" num="9"><claim-text>9. Wischgerät nach einem der Ansprüche 1 bis 8, dadurch gekennzeichnet, dass jede Anpressplatte (3, 4) einer Funktionsfläche (12, 11) zur </claim-text><claim-text> Anpressung der jeweils anderen Funktionsfläche (11 , 12) an die zu reinigende Fläche zugeordnet ist. </claim-text></claim><claim id="clm-0010" num="10"><claim-text>10. Wischgerät nach einem der Ansprüche 1 bis 9, dadurch gekennzeichnet, dass die Anpressplatten (3, 4) durch ein Scharnier (14) miteinander verbunden sind, das sich parallel zu den Klemmkanten (5, 6) erstreckt. </claim-text></claim><claim id="clm-0011" num="11"><claim-text>11. Wischgerät nach Anspruch 10, dadurch gekennzeichnet, dass das </claim-text><claim-text> Scharnier (14), in Querrichtung (15) des Tragkörpers (1) betrachtet, mittig des Tragkörpers (1) angeordnet ist. </claim-text></claim><claim id="clm-0012" num="12"><claim-text>12. Wischgerät nach einem der Ansprüche 10 oder 11 , dadurch </claim-text><claim-text> gekennzeichnet, dass das Scharnier (14) eine sich parallel zu den Klemmkanten (5, 6) erstreckende Achse (16) umfasst, um die die </claim-text><claim-text> Anpressplatten (3, 4) verschwenkbar zueinander angeordnet sind. <!-- EPO <DP n="18"/>--> 15 </claim-text></claim><claim id="clm-0013" num="13"><claim-text>13. Wischgerät nach einem der Ansprüche 1 bis 12, dadurch gekennzeichnet, dass die Feder (7, 8) als Schenkelfeder (17, 18) ausgebildet ist. </claim-text></claim><claim id="clm-0014" num="14"><claim-text>14. Wischgerät nach Anspruch 13, dadurch gekennzeichnet, dass die </claim-text><claim-text> Schenkelfeder (17, 18) die Achse (16) des Scharniers (14) umschließt und dass die Schenkel der Schenkelfeder (17, 18) auf der den Klemmkanten (5, 6) abgewandten Seite des Scharniers (14) angeordnet sind. </claim-text></claim><claim id="clm-0015" num="15"><claim-text>15. Wischgerät nach einem der Ansprüche 1 bis 14, dadurch gekennzeichnet, dass der Tragkörper (1) und ein Wischerstiel (19) durch ein Gelenk (20) verbunden sind. </claim-text></claim><claim id="clm-0016" num="16"><claim-text>16. Wischgerät nach Anspruch 15, dadurch gekennzeichnet, dass der </claim-text><claim-text> Wischerstiel (19) und das Gelenk (20), in Längsrichtung (21) des </claim-text><claim-text> Tragkörpers (1) betrachtet, mittig des Tragkörpers (1) angeordnet sind. </claim-text></claim><claim id="clm-0017" num="17"><claim-text>17. Wischgerät nach einem der Ansprüche 15 oder 16, dadurch </claim-text><claim-text> gekennzeichnet, dass das Gelenk (20) die Achse (16) des Scharniers (14) umschließt und dass die Anpressplatten (3, 4) auf der den Klemmkanten (5, 6) abgewandten Seite des Scharniers (14) jeweils eine Durchbrechung</claim-text><claim-text>(22, 23) aufweisen, durch die das Gelenk (20) hindurch schwenkbar ist. </claim-text></claim><claim id="clm-0018" num="18"><claim-text>18. Wischgerät nach Anspruch 17, dadurch gekennzeichnet, dass der </claim-text><claim-text> Schwenkwinkel (24) zumindest 180° beträgt. </claim-text></claim><claim id="clm-0019" num="19"><claim-text>19. Wischgerät nach einem der Ansprüche 17 oder 18, dadurch </claim-text><claim-text> gekennzeichnet, dass der Schwenkwinkel (24) zumindest 225° beträgt. <!-- EPO <DP n="19"/>--> 16 </claim-text></claim><claim id="clm-0020" num="20"><claim-text> 20. Wischgerät nach einem der Ansprüche 15 bis 19, dadurch </claim-text><claim-text> gekennzeichnet, dass das Gelenk (20) durch ein Kardangelenk gebildet ist. </claim-text></claim><claim id="clm-0021" num="21"><claim-text>21. Wischgerät nach einem der Ansprüche 1 bis 20, dadurch gekennzeichnet, dass die Anpressplatten (3, 4) aus einem polymeren Werkstoff bestehen. </claim-text></claim></claims><copyright>User acknowledges that Fairview Research LLC and its third party providers retain all right, title and interest in and to this xml under applicable copyright laws.  User acquires no ownership rights to this xml including but not limited to its format.  User hereby accepts the terms and conditions of the Licence Agreement</copyright></patent-document>
