<?xml version="1.0" encoding="UTF-8"?>
<patent-document ucid="EP-2681250-A1" country="EP" doc-number="2681250" kind="A1" date="20140108" family-id="46757376" file-reference-id="318301" date-produced="20180823" status="corrected" lang="EN"><bibliographic-data><publication-reference fvid="146587016" ucid="EP-2681250-A1"><document-id><country>EP</country><doc-number>2681250</doc-number><kind>A1</kind><date>20140108</date><lang>EN</lang></document-id></publication-reference><application-reference ucid="EP-12708109-A" is-representative="NO"><document-id mxw-id="PAPP154849208" load-source="docdb" format="epo"><country>EP</country><doc-number>12708109</doc-number><kind>A</kind><date>20120301</date><lang>EN</lang></document-id><document-id mxw-id="PAPP192284384" load-source="docdb" format="original"><country>EP</country><doc-number>12708109.9</doc-number><date>20120301</date></document-id></application-reference><priority-claims><priority-claim mxw-id="PPC140557956" ucid="EP-11001770-A" load-source="docdb"><document-id format="epo"><country>EP</country><doc-number>11001770</doc-number><kind>A</kind><date>20110303</date></document-id></priority-claim><priority-claim mxw-id="PPC140553519" ucid="EP-12708109-A" load-source="docdb"><document-id format="epo"><country>EP</country><doc-number>12708109</doc-number><kind>A</kind><date>20120301</date></document-id></priority-claim><priority-claim mxw-id="PPC140556840" ucid="EP-2012053484-W" linkage-type="W" load-source="docdb"><document-id format="epo"><country>EP</country><doc-number>2012053484</doc-number><kind>W</kind><date>20120301</date></document-id></priority-claim><priority-claim mxw-id="PPC140555297" ucid="US-201161508815-P" load-source="docdb"><document-id format="epo"><country>US</country><doc-number>201161508815</doc-number><kind>P</kind><date>20110718</date></document-id></priority-claim></priority-claims><technical-data><classifications-ipcr><classification-ipcr mxw-id="PCL2122917544" load-source="docdb">C08F   2/38        20060101ALI20140926BHEP        </classification-ipcr><classification-ipcr mxw-id="PCL2122918328" load-source="docdb">C08F   4/34        20060101ALI20140926BHEP        </classification-ipcr><classification-ipcr mxw-id="PCL2122920433" load-source="docdb">B29C  47/02        20060101ALI20140926BHEP        </classification-ipcr><classification-ipcr mxw-id="PCL2122920693" load-source="docdb">C08F 110/02        20060101ALI20140926BHEP        </classification-ipcr><classification-ipcr mxw-id="PCL2122921580" load-source="docdb">B29C  47/00        20060101ALI20140926BHEP        </classification-ipcr><classification-ipcr mxw-id="PCL2122925052" load-source="docdb">C08F  10/02        20060101AFI20140926BHEP        </classification-ipcr><classification-ipcr mxw-id="PCL2122925461" load-source="docdb">C08F 210/02        20060101ALI20140926BHEP        </classification-ipcr></classifications-ipcr><classifications-cpc><classification-cpc mxw-id="PCL1989621792" load-source="docdb" scheme="CPC">C08F 110/02        20130101 LA20130710BHEP        </classification-cpc><classification-cpc mxw-id="PCL1989623681" load-source="docdb" scheme="CPC">B29C  47/0004      20130101 LI20130318BHEP        </classification-cpc><classification-cpc mxw-id="PCL1989629762" load-source="docdb" scheme="CPC">B29C  47/025       20130101 LI20130318BHEP        </classification-cpc><classification-cpc mxw-id="PCL1989632205" load-source="docdb" scheme="CPC">C08F   2/38        20130101 FI20131220BHEP        </classification-cpc><classification-cpc mxw-id="PCL1989634764" load-source="docdb" scheme="CPC">B29C  47/0023      20130101 LI20130827BHEP        </classification-cpc><classification-cpc mxw-id="PCL1989646926" load-source="docdb" scheme="CPC">C08F 210/02        20130101 LA20130710BHEP        </classification-cpc><classification-cpc mxw-id="PCL1989651886" load-source="docdb" scheme="CPC">C08F  10/02        20130101 LI20131220BHEP        </classification-cpc></classifications-cpc><invention-title mxw-id="PT132365681" lang="DE" load-source="patent-office">VERFAHREN ZUR HERSTELLUNG VON ETHYLEN-HOMOPOLYMEREN ODER -COPOLYMEREN IN EINEM ROHRREAKTOR MIT MINDESTENS ZWEI REAKTIONSZONEN MIT VERSCHIEDENEN KONZENTRATIONEN EINES KETTENÜBERTRAGUNGSMITTELS</invention-title><invention-title mxw-id="PT132365682" lang="EN" load-source="patent-office">PROCESS FOR PREPARING ETHYLENE HOMOPOLYMERS OR COPOLYMERS IN A TUBULAR REACTOR WITH AT LEAST TWO REACTION ZONES HAVING DIFFERENT CONCENTRATIONS OF CHAIN TRANSFER AGENT</invention-title><invention-title mxw-id="PT132365683" lang="FR" load-source="patent-office">PROCÉDÉ POUR LA PRÉPARATION D'HOMOPOLYMÈRES OU DE COPOLYMÈRES D'ÉTHYLÈNE DANS UN RÉACTEUR TUBULAIRE DOTÉ D'AU MOINS DEUX ZONES DE RÉACTION PRÉSENTANT DES CONCENTRATIONS DIFFÉRENTES EN AGENT DE TRANSFERT DE CHAÎNE</invention-title><citations><non-patent-citations><nplcit><text>See references of WO 2012117039A1</text><sources><source mxw-id="PNPL67456265" load-source="docdb" name="SEA"/></sources></nplcit></non-patent-citations></citations></technical-data><parties><applicants><applicant mxw-id="PPAR919537036" load-source="docdb" sequence="1" format="epo"><addressbook><last-name>BASELL POLYOLEFINE GMBH</last-name><address><country>DE</country></address></addressbook></applicant><applicant mxw-id="PPAR919508759" load-source="docdb" sequence="1" format="intermediate"><addressbook><last-name>BASELL POLYOLEFINE GMBH</last-name></addressbook></applicant><applicant mxw-id="PPAR919019382" load-source="patent-office" sequence="1" format="original"><addressbook><last-name>Basell Polyolefine GmbH</last-name><iid>100083956</iid><address><street>Brühler Strasse 60</street><city>50389 Wesseling</city><country>DE</country></address></addressbook></applicant></applicants><inventors><inventor mxw-id="PPAR919531982" load-source="docdb" sequence="1" format="epo"><addressbook><last-name>VITTORIAS IAKOVOS</last-name><address><country>DE</country></address></addressbook></inventor><inventor mxw-id="PPAR919503902" load-source="docdb" sequence="1" format="intermediate"><addressbook><last-name>VITTORIAS, IAKOVOS</last-name></addressbook></inventor><inventor mxw-id="PPAR919018682" load-source="patent-office" sequence="1" format="original"><addressbook><last-name>VITTORIAS, IAKOVOS</last-name><address><street>Zum Schollberg 4</street><city>55129 Mainz</city><country>DE</country></address></addressbook></inventor><inventor mxw-id="PPAR919535251" load-source="docdb" sequence="2" format="epo"><addressbook><last-name>GALL BARBARA</last-name><address><country>DE</country></address></addressbook></inventor><inventor mxw-id="PPAR919526128" load-source="docdb" sequence="2" format="intermediate"><addressbook><last-name>GALL, BARBARA</last-name></addressbook></inventor><inventor mxw-id="PPAR919010890" load-source="patent-office" sequence="2" format="original"><addressbook><last-name>GALL, BARBARA</last-name><address><street>Schöblstr. 8</street><city>89312 Günzburg</city><country>DE</country></address></addressbook></inventor><inventor mxw-id="PPAR919516447" load-source="docdb" sequence="3" format="epo"><addressbook><last-name>WEIAND SEBASTIAN</last-name><address><country>DE</country></address></addressbook></inventor><inventor mxw-id="PPAR919515678" load-source="docdb" sequence="3" format="intermediate"><addressbook><last-name>WEIAND, Sebastian</last-name></addressbook></inventor><inventor mxw-id="PPAR919010539" load-source="patent-office" sequence="3" format="original"><addressbook><last-name>WEIAND, Sebastian</last-name><address><street>Nibelungenweg 37</street><city>50996 Köln</city><country>DE</country></address></addressbook></inventor><inventor mxw-id="PPAR919519048" load-source="docdb" sequence="4" format="epo"><addressbook><last-name>GONIOUKH ANDREI</last-name><address><country>DE</country></address></addressbook></inventor><inventor mxw-id="PPAR919511984" load-source="docdb" sequence="4" format="intermediate"><addressbook><last-name>GONIOUKH, ANDREI</last-name></addressbook></inventor><inventor mxw-id="PPAR919017646" load-source="patent-office" sequence="4" format="original"><addressbook><last-name>GONIOUKH, ANDREI</last-name><address><street>Am Kapellenbusch 15</street><city>50374 Erftstadt</city><country>DE</country></address></addressbook></inventor><inventor mxw-id="PPAR919511403" load-source="docdb" sequence="5" format="epo"><addressbook><last-name>SCHMITZ STEPHAN</last-name><address><country>DE</country></address></addressbook></inventor><inventor mxw-id="PPAR919513353" load-source="docdb" sequence="5" format="intermediate"><addressbook><last-name>SCHMITZ, STEPHAN</last-name></addressbook></inventor><inventor mxw-id="PPAR919010295" load-source="patent-office" sequence="5" format="original"><addressbook><last-name>SCHMITZ, STEPHAN</last-name><address><street>Grüner Weg 24</street><city>50999 Köln</city><country>DE</country></address></addressbook></inventor><inventor mxw-id="PPAR919519880" load-source="docdb" sequence="6" format="epo"><addressbook><last-name>BERHALTER KLAUS</last-name><address><country>DE</country></address></addressbook></inventor><inventor mxw-id="PPAR919528923" load-source="docdb" sequence="6" format="intermediate"><addressbook><last-name>BERHALTER, KLAUS</last-name></addressbook></inventor><inventor mxw-id="PPAR919011782" load-source="patent-office" sequence="6" format="original"><addressbook><last-name>BERHALTER, KLAUS</last-name><address><street>Brenigerstr. 2</street><city>53332 Bornheim-Dersdorf</city><country>DE</country></address></addressbook></inventor><inventor mxw-id="PPAR919519440" load-source="docdb" sequence="7" format="epo"><addressbook><last-name>MANNEBACH GERD</last-name><address><country>DE</country></address></addressbook></inventor><inventor mxw-id="PPAR919524095" load-source="docdb" sequence="7" format="intermediate"><addressbook><last-name>MANNEBACH, GERD</last-name></addressbook></inventor><inventor mxw-id="PPAR919019031" load-source="patent-office" sequence="7" format="original"><addressbook><last-name>MANNEBACH, GERD</last-name><address><street>Krimmgasse 8</street><city>56294 Münstermaifeld</city><country>DE</country></address></addressbook></inventor><inventor mxw-id="PPAR919515959" load-source="docdb" sequence="8" format="epo"><addressbook><last-name>BUSCH MARKUS</last-name><address><country>DE</country></address></addressbook></inventor><inventor mxw-id="PPAR919540954" load-source="docdb" sequence="8" format="intermediate"><addressbook><last-name>BUSCH, MARKUS</last-name></addressbook></inventor><inventor mxw-id="PPAR919016149" load-source="patent-office" sequence="8" format="original"><addressbook><last-name>BUSCH, MARKUS</last-name><address><street>Rheinallee 27 L</street><city>64560 Riedstadt</city><country>DE</country></address></addressbook></inventor><inventor mxw-id="PPAR919538109" load-source="docdb" sequence="9" format="epo"><addressbook><last-name>HERRMANN THOMAS</last-name><address><country>DE</country></address></addressbook></inventor><inventor mxw-id="PPAR919525400" load-source="docdb" sequence="9" format="intermediate"><addressbook><last-name>HERRMANN, THOMAS</last-name></addressbook></inventor><inventor mxw-id="PPAR919007228" load-source="patent-office" sequence="9" format="original"><addressbook><last-name>HERRMANN, THOMAS</last-name><address><street>Thessaloniki-Allee 9</street><city>51103 Köln</city><country>DE</country></address></addressbook></inventor></inventors><agents><agent mxw-id="PPAR919013203" load-source="patent-office" sequence="1" format="original"><addressbook><last-name>Seelert, Stefan</last-name><suffix>et al</suffix><iid>101370707</iid><address><street>Basell Polyolefine GmbH Intellectual Property Bldg. C657, 2nd floor Industriepark Höchst</street><city>65926 Frankfurt am Main</city><country>DE</country></address></addressbook></agent></agents></parties><international-convention-data><pct-or-regional-filing-data ucid="EP-2012053484-W"><document-id><country>EP</country><doc-number>2012053484</doc-number><kind>W</kind><date>20120301</date><lang>EN</lang></document-id></pct-or-regional-filing-data><pct-or-regional-publishing-data ucid="WO-2012117039-A1"><document-id><country>WO</country><doc-number>2012117039</doc-number><kind>A1</kind><date>20120907</date><lang>EN</lang></document-id></pct-or-regional-publishing-data><designated-states><ep-contracting-states><country mxw-id="DS549780166" load-source="docdb">AL</country><country mxw-id="DS549767485" load-source="docdb">AT</country><country mxw-id="DS549780167" load-source="docdb">BE</country><country mxw-id="DS549849828" load-source="docdb">BG</country><country mxw-id="DS549848507" load-source="docdb">CH</country><country mxw-id="DS549917638" load-source="docdb">CY</country><country mxw-id="DS549767486" load-source="docdb">CZ</country><country mxw-id="DS549864155" load-source="docdb">DE</country><country mxw-id="DS549780168" load-source="docdb">DK</country><country mxw-id="DS549917639" load-source="docdb">EE</country><country mxw-id="DS549849822" load-source="docdb">ES</country><country mxw-id="DS549849829" load-source="docdb">FI</country><country mxw-id="DS549849834" load-source="docdb">FR</country><country mxw-id="DS549864156" load-source="docdb">GB</country><country mxw-id="DS549780173" load-source="docdb">GR</country><country mxw-id="DS549864157" load-source="docdb">HR</country><country mxw-id="DS549917640" load-source="docdb">HU</country><country mxw-id="DS549848508" load-source="docdb">IE</country><country mxw-id="DS549780174" load-source="docdb">IS</country><country mxw-id="DS549849835" load-source="docdb">IT</country><country mxw-id="DS549780175" load-source="docdb">LI</country><country mxw-id="DS549864162" load-source="docdb">LT</country><country mxw-id="DS549767487" load-source="docdb">LU</country><country mxw-id="DS549864163" load-source="docdb">LV</country><country mxw-id="DS549864164" load-source="docdb">MC</country><country mxw-id="DS549767488" load-source="docdb">MK</country><country mxw-id="DS549767493" load-source="docdb">MT</country><country mxw-id="DS549780176" load-source="docdb">NL</country><country mxw-id="DS549864165" load-source="docdb">NO</country><country mxw-id="DS549780185" load-source="docdb">PL</country><country mxw-id="DS549849836" load-source="docdb">PT</country><country mxw-id="DS549780186" load-source="docdb">RO</country><country mxw-id="DS549849837" load-source="docdb">RS</country><country mxw-id="DS549780187" load-source="docdb">SE</country><country mxw-id="DS549848509" load-source="docdb">SI</country><country mxw-id="DS549864170" load-source="docdb">SK</country><country mxw-id="DS549864171" load-source="docdb">SM</country><country mxw-id="DS549767494" load-source="docdb">TR</country></ep-contracting-states></designated-states></international-convention-data><office-specific-data><eptags><ep-no-a-document-published>*</ep-no-a-document-published></eptags></office-specific-data></bibliographic-data><abstract mxw-id="PA99836176" ref-ucid="WO-2012117039-A1" lang="EN" load-source="patent-office"><p num="0000">Process for preparing ethylene homopolymers or copolymers in the presence of free-radical polymerization initiator and at least one chain transfer agent at pressures in the range of from 110 MPa to 350 MPa and temperatures in the range of from 100°C to 350°C in a tubular reactor with at least two reaction zones having different concentrations of the chain transfer agent, wherein the concentration of the chain transfer agent in the first reaction zone is less than 70% of the concentration of the chain transfer agent in the reaction zone with the highest concentration of the chain transfer agent, ethylene homopolymers or copolymers obtainable by such a process,the use of the ethylene homopolymers or copolymers for extrusion coating and a process for extrusion coating a substrate selected from the group consisting of paper, paperboard, polymeric film, and metal, with such ethylene homopolymers or copolymers.</p></abstract><abstract mxw-id="PA100331948" ref-ucid="WO-2012117039-A1" lang="EN" source="national office" load-source="docdb"><p>Process for preparing ethylene homopolymers or copolymers in the presence of free-radical polymerization initiator and at least one chain transfer agent at pressures in the range of from 110 MPa to 350 MPa and temperatures in the range of from 100°C to 350°C in a tubular reactor with at least two reaction zones having different concentrations of the chain transfer agent, wherein the concentration of the chain transfer agent in the first reaction zone is less than 70% of the concentration of the chain transfer agent in the reaction zone with the highest concentration of the chain transfer agent, ethylene homopolymers or copolymers obtainable by such a process,the use of the ethylene homopolymers or copolymers for extrusion coating and a process for extrusion coating a substrate selected from the group consisting of paper, paperboard, polymeric film, and metal, with such ethylene homopolymers or copolymers.</p></abstract><abstract mxw-id="PA99836177" ref-ucid="WO-2012117039-A1" lang="FR" load-source="patent-office"><p num="0000">L'invention concerne un procédé pour la préparation d'homopolymères ou de copolymères d'éthylène en présence d'un initiateur de polymérisation de type radical libre et d'au moins un agent de transfert de chaîne à des pressions dans la plage de 110 MPa à 350 MPa et à des températures dans la plage de 100°C à 350°C dans un réacteur tubulaire doté d'au moins deux zones de réaction présentant des concentrations différentes en agent de transfert de chaîne, la concentration en agent de transfert de chaîne dans la première zone de réaction étant inférieure à 70% de la concentration en agent de transfert de chaîne dans la zone de réaction présentant la plus haute concentration en agent de transfert de chaîne ; les homopolymères ou les copolymères d'éthylène pouvant être obtenus par un tel procédé ; l'utilisation des homopolymères ou de copolymères d'éthylène pour le revêtement par extrusion ; et un procédé pour le revêtement par extrusion d'un substrat, sélectionné dans le groupe constitué par le papier, le carton, les films polymères et le métal, par de tels homopolymères ou copolymères d'éthylène.</p></abstract><abstract mxw-id="PA100331949" ref-ucid="WO-2012117039-A1" lang="FR" source="national office" load-source="docdb"><p>L'invention concerne un procédé pour la préparation d'homopolymères ou de copolymères d'éthylène en présence d'un initiateur de polymérisation de type radical libre et d'au moins un agent de transfert de chaîne à des pressions dans la plage de 110 MPa à 350 MPa et à des températures dans la plage de 100°C à 350°C dans un réacteur tubulaire doté d'au moins deux zones de réaction présentant des concentrations différentes en agent de transfert de chaîne, la concentration en agent de transfert de chaîne dans la première zone de réaction étant inférieure à 70% de la concentration en agent de transfert de chaîne dans la zone de réaction présentant la plus haute concentration en agent de transfert de chaîne ; les homopolymères ou les copolymères d'éthylène pouvant être obtenus par un tel procédé ; l'utilisation des homopolymères ou de copolymères d'éthylène pour le revêtement par extrusion ; et un procédé pour le revêtement par extrusion d'un substrat, sélectionné dans le groupe constitué par le papier, le carton, les films polymères et le métal, par de tels homopolymères ou copolymères d'éthylène.</p></abstract><description mxw-id="PDES51233193" ref-ucid="WO-2012117039-A1" lang="EN" load-source="patent-office"><!-- EPO <DP n="2"/>--><p id="p0001" num="0001"> Process for preparing ethylene homopolymers or copolymers in a tubular reactor with at least two reaction zones having different concentrations of chain transfer agent </p><p id="p0002" num="0002">Description </p><p id="p0003" num="0003">The present invention relates to a process for preparing ethylene homopolymers or copolymers in the presence of free-radical polymerization initiator and at least one chain transfer agent at pressures in the range of from 1 10 MPa to 350 MPa and temperatures in the range of from 100°C to 350°C in a tubular reactor with at least two reaction zones having different concentrations of the chain transfer agent, wherein the concentration of the chain transfer agent in the first reaction zone is less than 70% of the concentration of the chain transfer agent in the reaction zone with the highest concentration of the chain transfer agent and it further relates to ethylene homopolymers or copolymers obtainable by such a process, to the use of the ethylene homopolymers or copolymers for extrusion coating and to a process for extrusion coating a substrate selected from the group consisting of paper, paperboard, polymeric film, and metal with such ethylene homopolymers or copolymers. </p><p id="p0004" num="0004">Polyethylene is the most widely used commercial polymer. It can be prepared by a couple of different processes. Polymerization in the presence of free-radical initiators at elevated pressures was the method first discovered to obtain polyethylene and continues to be a valued process with high commercial relevance for the preparation of low density polyethylene (LDPE). LDPE is a versatile polymer which can be used in a variety of applications, such as film, coating, molding, and wire and cable insulation. There is consequently still demand for optimizing the processes for its preparation. </p><p id="p0005" num="0005">Common reactors for preparing LDPE polymers at high pressures are either tubular reactors or stirred autoclave reactors. The advantages of polymerizing in a tubular reactor are that higher turnovers can be achieved in the polymerization process, the process is easier to scale-up and it is accordingly possible to build "world-scale" plants and the polymerization is in general more economic because of a lower specific consumption of utilities such as electricity and cooling water. However, the LDPE polymers prepared in a tubular high-pressure reactor have certain disadvantages for some applications. Compared to LDPE polymers of similar melt flow rate (MFR) and density prepared in a high-pressure autoclave LDPE reactor, the LDPE polymers prepared in a tubular reactor have in general a narrower molecular weight distribution and a lower amount of long-chain branching (LCB). </p><p id="p0006" num="0006">An example for an application, in which LDPE prepared in a tubular reactor is inferior to LDPE prepared in an autoclave reactor, is extrusion coating. In this process, the molten LDPE is extruded through a slit-die and casted into a film, which is then coated onto a substrate such as paper, paperboard, a polymeric film like a polyethylenterephthalat (PET) film or a biaxially-oriented poly- 
<!-- EPO <DP n="3"/>-->
 propylene (BOPP) film, or a metal like an aluminum foil. For a good processability, the LDPE has to show a stable web, i.e. the film casted out of the die shall not oscillate, and a low neck-in is required, i.e. the ratio of the width of the film over the width of the die should not be too low. Furthermore, high processing temperatures of up to 350°C are required for the post-treatment of the produced polymer film in order to enhance its adhesion properties at substrates such as metal, paper, or paperboard. To fulfill these requirements a certain breadth of the molecular weight distribution and a relatively high level of LCB in the polymer chains with a higher molecular weight are advantageous. For broadening the molecular weight distribution of ethylene copolymers obtained by free-radical polymerization in a tubular reactor with multiple reaction zones, EP 1 589 043 A2 describes a process with reduced or no injection of chain transfer agent at a downstream reaction zone. WO 2004/108271 A1 discloses a process for the polymerization of ethylene in a tubular reactor with multiple reaction zones, in which streams of different concentration of chain transfer agent are fed to the reactor at different positions and the transfer agent-rich stream is fed to a reaction zone upstream of a downstream reaction zone receiving the transfer agent-poor stream. The obtained ethylene polymers are however not fully suited for being extrusion coated on substrates such as metal, paper, or paperboard. Thus, it was the object of the present invention to overcome the disadvantages of present LDPE polymers prepared by polymerization in a tubular reactor and provide a possibility to prepare in a tubular reactor LDPE polymers which are suitable for extrusion coating applications and which have with a broader molecular weight distribution and an increased level of LCB in the polymer chains with a higher molecular weight than common LDPE polymers prepared in a tubular high- pressure reactor. </p><p id="p0007" num="0007">We found that this object is achieved by a process for preparing ethylene homopolymers or copolymers in the presence of free-radical polymerization initiator and at least one chain transfer agent at pressures in the range of from 1 10 MPa to 350 MPa and temperatures in the range of from 100°C to 350°C in a tubular reactor with at least two reaction zones having different concentrations of the chain transfer agent, wherein the concentration of the chain transfer agent in the first reaction zone is less than 70% of the concentration of the chain transfer agent in the reaction zone with the highest concentration of the chain transfer agent. Furthermore, we have found ethylene homopolymers or copolymers obtainable by such a process, the use of the ethylene homopolymers or copolymers for extrusion coating and a process for extrusion coating a substrate selected from the group consisting of paper, paperboard, polymeric film, and metal, with such ethylene homopolymers or copolymers. 
<!-- EPO <DP n="4"/>-->
 The features and advantages of the present invention can be better understood via the following description and the accompanying drawings where Figures 1 and 3 show schematically set-ups of tubular polymerization reactors which can be used in the process of the present invention. Figure 2 depicts the set-up of a tubular polymerization reactor of the prior art. Figure 4 illustrates the temperature profile along the tubular reactor for the examples of the present application and Figure 5 depicts the molecular weight distributions of the obtained polymers. </p><p id="p0008" num="0008">The process of the invention can be used both for the homopolymerization of ethylene and for the copolymerization of ethylene with one or more other monomers, provided that these monomers are free-radically copolymerizable with ethylene under high pressure. Examples of suitable copol- ymerizable monomers are α,β-unsaturated C<sub>3</sub>-C<sub>8</sub>-carboxylic acids, in particular maleic acid, fu- maric acid, itaconic acid, acrylic acid, methacrylic acid and crotonic acid, derivatives of α,β-unsaturated C<sub>3</sub>-C<sub>8</sub>-carboxylic acids, e.g. unsaturated C<sub>3</sub>-C <sub>5</sub>-carboxylic esters, in particular esters of C CValkanols, or anhydrides, in particular methyl methacrylate, ethyl methacrylate, n-butyl methacrylate or tert-butyl methacrylate, methyl acrylate, ethyl acrylate, n-butyl acrylate, 2-ethylhexyl acrylate, tert-butyl acrylate, methacrylic anhydride, maleic anhydride or itaconic anhydride, and 1 -olefins such as propene, 1 -butene, 1 -pentene, 1 -hexene, 1 -octene or 1 -decene. In addition, vinyl carboxylates, particularly preferably vinyl acetate, can be used as comonomers. Propene, 1 -hexene, acrylic acid, n-butyl acrylate, tert-butyl acrylate, 2-ethylhexyl acrylate, vinyl acetate or vinyl propionate are particularly advantageously used as comonomer. </p><p id="p0009" num="0009">In the case of copolymerization, the proportion of comonomer or comonomers in the reaction mixture is from 1 to 45% by weight, preferably from 3 to 30% by weight, based on the amount of monomers, i.e. the sum of ethylene and other monomers. Depending on the type of comonomer, it can be preferred to feed the comonomers at a plurality of different points to the reactor. </p><p id="p0010" num="0010">For the purposes of the present invention, polymers are all substances which are made up of at least two monomer units. They are preferably LDPE polymers having an average molecular weight M<sub>n</sub> of more than 20 000 g/mole. However, the method of the invention can also be advan- tageously employed in the preparation of oligomers, waxes and polymers having a molecular weight M<sub>n</sub> of less than 20 000 g/mole. </p><p id="p0011" num="0011">Possible initiators for starting the free-radical polymerization in the respective reaction zones are, for example, oxygen, air, azo compounds or peroxidic polymerization initiators. The process is especially suitable for polymerizations using oxygen, either fed in the form of pure 0<sub>2</sub> or as air. In case of initiating the polymerization with oxygen, the initiator is normally first mixed with the ethylene feed and then fed to the reactor. In preferred embodiments to the process such a stream comprising monomer and oxygen is not only fed to the beginning of the tubular reactor but also to one or more points along the reactor creating two or more reaction zones. Initiation using organic peroxides or azo compounds also represents a preferred embodiment of the process of the inven- 
<!-- EPO <DP n="5"/>-->
 tion. Examples of suitable organic peroxides are peroxy esters, peroxy ketals, peroxy ketones and peroxycarbonates, e.g. di(2-ethylhexyl) peroxydicarbonate, dicyclohexyl peroxydicarbonate, diac- etyl peroxydicarbonate, tert-butyl peroxyisopropylcarbonate, di-tert-butyl peroxide, di-tert-amyl peroxide, dicumyl peroxide, 2,5-dimethyl-2,5-di-tert-butylperoxyhexane, tert-butyl cumyl peroxide, 2,5-dimethyl-2,5-di(tert-butylperoxy)hex-3-yne, 1 ,3-diisopropyl monohydroperoxide or tert-butyl hydroperoxide, didecanoyi peroxide, 2,5-dimethyl-2,5-di(2-ethylhexanoylperoxy)hexane, tert-amyl peroxy-2-ethylhexanoate, dibenzoyl peroxide, tert-butyl peroxy-2 ethylhexanoate, tert-butyl perox- ydiethylacetate, tert-butyl peroxydiethylisobutyrate, tert-butyl peroxy-3,5,5-trimethylhexanoate, 1 ,1 -di(tert-butylperoxy)-3,3,5-trimethylcyclohexane, 1 ,1 -di(tert-butylperoxy)cyclohexane, tert-butyl peroxyacetate, cumyl peroxyneodecanoate, tert-amyl peroxyneodecanoate, tert-amyl peroxy- pivalate, tert-butyl peroxyneodecanoate, tert-butyl permaleate, tert-butyl peroxypivalate, tert-butyl peroxyisononanoate, diisopropylbenzene hydroperoxide, cumene hydroperoxide, tert-butyl per- oxybenzoate, methyl isobutyl ketone hydroperoxide, 3,6,9-triethyl-3,6,9-trimethyl-triperoxo- cyclononane and 2,2-di(tert-butylperoxy)butane. Azoalkanes (diazenes), azodicarboxylic esters, azodicarboxylic dinitriles such as azobisisobutyronitrile and hydrocarbons which decompose into free radicals and are also referred as C-C initiators, e.g. 1 ,2-diphenyl-1 ,2-dimethylethane derivatives and 1 ,1 ,2,2-tetramethylethane derivatives, are also suitable. It is possible to use either individual initiators or preferably mixtures of various initiators. A large range of initiators, in particular peroxides, are commercially available, for example the products of Akzo Nobel offered under the trade names Trigonox<sup>®</sup> or Perkadox<sup>®</sup>. </p><p id="p0012" num="0012">In a preferred embodiment of the process of the invention, peroxidic polymerization initiators having a relatively high decomposition temperature are used. Suitable peroxidic polymerization initiators include, for example, 1 ,1 -di(tert-butylperoxy)cyclohexane, 2,2-di(tert-butylperoxy)butane, tert-butyl peroxy-3,5,5-trimethylhexanoate, tert-butyl peroxybenzoate, 2,5-dimethyl-2,5-di(tert- butylperoxy)hexane, tert-butyl cumyl peroxide, di-tert-butyl peroxide and 2,5-dimethyl-2,5-di(tert- butylperoxy)hex-3-yne, and particular preference is given to using di-tert-butyl peroxide or 3,6,9-triethyl-3,6,9-trimethyl-triperoxocyclononane. The initiators can be employed individually or as a mixture in concentrations of from 0.1 to</p><p id="p0013" num="0013">50 mol/t of polyethylene produced, in particular from 0.2 to 20 mol/t, in each reaction zone. In a preferred embodiment of the present invention the free-radical polymerization initiator, which is fed to a reaction zone, is a mixture of at least two different azo compounds or organic peroxides. If such initiator mixtures are used it is preferred that these are fed to all reaction zones. There is no limit for the number of different initiators in such a mixture, however preferably the mixtures are composed of from two to six and in particular of four or five different initiators. Particular preference is given to using mixtures of initiators which have different decomposition temperatures. </p><p id="p0014" num="0014">It is often advantageous to use the initiators in the dissolved state. Examples of suitable solvents are ketones and aliphatic hydrocarbons, in particular octane, decane and isododecane and also 
<!-- EPO <DP n="6"/>-->
 other saturated C<sub>8</sub>-C<sub>2</sub>5-hydrocarbons. The solutions comprise the initiators or initiator mixtures in proportions of from 2 to 65% by weight, preferably from 5 to 40% by weight and particularly preferably from 10 to 30% by weight. The process of the present invention is carried out in the presence of at least one chain transfer agent. Chain transfer agents, which are frequently also called modifiers, are commonly added to the radical polymerization to alter the molecular weight of the polymers to be prepared. Examples of suitable modifiers are hydrogen, aliphatic and olefinic hydrocarbons, e.g. propane, butane, pentane, hexane, cyclohexane, propene, 1 -pentene or 1 -hexene, ketones such as acetone, me- thyl ethyl ketone (2-butanone), methyl isobutyl ketone, methyl isoamyl ketone, diethyl ketone or diamyl ketone, aldehydes such as formaldehyde, acetaldehyde or propionaldehyde and saturated aliphatic alcohols such as methanol, ethanol, propanol, isopropanol or butanol. Particular preference is given to using saturated aliphatic aldehydes, in particular propionaldehyde, or 1 -olefins such as propene or 1 -hexene, or aliphatic hydrocarbons such as propane. </p><p id="p0015" num="0015">The reaction mixture generally comprises polyethylene in an amount in the range of from 0 to 45% by weight, based on the total monomer-polymer mixture, preferably from 0 to 35% by weight. </p><p id="p0016" num="0016">The process of the invention is carried out at pressures of from 1 10 MPa to 350 MPa, with pres- sures of from 160 MPa to 340 MPa being preferred and pressures of from 200 MPa to 330 MPa being particularly preferred. The temperatures are in the range from 100°C to 350°C, preferably from 120°C to 340°C and very particularly preferably from 150°C to 320°C. </p><p id="p0017" num="0017">The process of the present invention can be carried out with all types of tubular reactors suitable for high-pressure polymerization having at least two reaction zones, preferably from 2 to 6 reaction zones and more preferably from 2 to 5 reaction zones. The number of reaction zones is given by the number of feeding points for the initiator. Such a feeding point can be an injection point for a solution of azo compounds or organic peroxides or a side feed of cold ethylene comprising oxygen or other free-radical polymerization initiator. In all these cases fresh initiator is added to the reactor, where it decomposes into free radicals and initiates further polymerization. The generated heat of the reaction rises the temperature of the reaction mixture, since more heat is generated than can be removed through the walls of the tubular reactor. The rising temperature increases the rate of decomposition of the free-radical initiators and accelerates polymerization until essentially all free-radical initiator is consumed. Thereafter no further heat is generated and the temper- ature decreases again since the temperature of the reactor walls is lower than that of the reaction mixture. Accordingly, the part of the tubular reactor downstream of an initiator feeding point in which the temperature rises is the reaction zone, while the part thereafter, in which the temperature decreases again, is predominantly a cooling zone. 
<!-- EPO <DP n="7"/>-->
 The amount and nature of added free-radical initiators determines how much the temperature rises and accordingly allows adjusting that value. Normally, the temperature rise is set to be in the range of from 70°C to 170°C in the first reaction zone and 50°C to 130°C for the subsequent reaction zones depending on the product specifications and the reactor configuration. </p><p id="p0018" num="0018">Suitable tubular reactors are basically long, thick-walled pipes, which are usually from about 0.5 km to 4 km, preferably from 0.75 km to 3 km and especially from 1 km to 2.5 km long. The inner diameter of the pipes is usually in the range of from about 30 mm to 120 mm and preferably from 40 mm to 90 mm. Such tubular reactors have preferably a length-to-diameter ratio of greater than 1000, preferably from 10000 to 40000 and especially from 25000 to 35000. </p><p id="p0019" num="0019">A typical set-up for a tubular reactor LDPE plant consists essentially of a set of two compressors, a primary and a high-pressure compressor, a tubular polymerization reactor and at least two separators for separating the monomer-polymer mixture leaving the tubular reactor, wherein in a first separator, the high-pressure separator, the non-polymerized components of the reaction mixture separated from the reaction mixture are recycled to the ethylene feed between the primary compressor and the high-pressure compressor, and the non-polymerized components of the reaction mixture separated from the reaction mixture in a second separator, the low pressure separator, are added to the stream of fresh ethylene before it is fed to the primary compressor. Typically the separation of the obtained polymer from the non-polymerized components of the reaction mixture occurs in the high-pressure stage at a pressure of from 10 to 50 MPa and in the low-pressure stage at a pressure of from 0.1 to 10 MPa. Such a high-pressure polymerization unit normally further includes apparatuses like extruders and granulators for pelletizing the obtained polymer. Monomer supply to the tubular reactor can either be carried out solely in the beginning of the re- actor or only partly in the beginning with the other part fed via one or more side feed entries. </p><p id="p0020" num="0020">According to the present invention the polymerization is carried out in a tubular reactor with at least two reaction zones having different concentrations of at least one chain transfer agent, wherein the concentration of the chain transfer agent in the first reaction zone is less than 70% of the concentration of the chain transfer agent in the reaction zone with the highest concentration of the chain transfer agent. Preferably the concentration of the chain transfer agent in the first reaction zone is not more than 50% and more preferably not more than 30% of the concentration of the chain transfer agent in the reaction zone with the highest concentration of the chain transfer agent. In an especially preferred embodiment of the present invention the polymerization in the first reaction zone is carried out in the absence of the chain transfer agent. In a further especially preferred embodiment no fresh chain transfer agent is added to the first reaction zone. In another preferred embodiment of the present invention an certain amount of fresh chain transfer agent is fed to the first reaction zone, preferable less than 70% by weight, more preferable not more than 40% by weight, and especially not more than 20% by weight of the total amount of fed fresh chain 
<!-- EPO <DP n="8"/>-->
 transfer agent, in order to fine-tune the properties of the high-molecular weight fraction according to the desired product properties. </p><p id="p0021" num="0021">Since common chain transfer agents such as propionaldehyde or propene are not fully consumed when the reaction mixture leaves the tubular reactor, a major proportion of the added chain transfer agent is recycled to the compressor together with the non-reacted ethylene. This occurs primarily via the high-pressure circuit of the ethylene separated from the reaction mixture in the high- pressure separator. To have a lower chain transfer agent concentration in the first reaction zone it is accordingly not only necessary to have no fresh chain transfer agent added to that reaction zone but also not to feed recycled ethylene to the first reaction zone or at least to feed only a reduced amount of ethylene recycled and especially of ethylene recycled via the high-pressure circuit. </p><p id="p0022" num="0022">This can for example be achieved by feeding at least a part of the recycled non-polymerized com- ponents of the reaction mixture to the tubular reactor downstream of the first reaction zone. In one embodiment of the present invention a stream of fresh monomer, i.e. of fresh ethylene or of a mixture of fresh ethylene and of one or more fresh comonomers, which contains no or only a low amount of chain transfer agent, is fed to the first reaction zone and the stream of recycled non- polymerized components of the reaction mixture, predominantly ethylene, and optional further fresh monomer is fed to a more downstream reaction zone, i.e. to the tubular reactor downstream of the first reaction zone. It is accordingly prevented that recycled chain transfer agent is present in the first reaction zone. Preferably, the ratio of the feed of fresh monomer to the inlet of the tubular reactor, i.e. the first reaction zone, to the total feed of monomer, i.e. to the sum of the feeds of fresh monomer and of recycled monomer, is from 1 :100 to 1 :1 , more preferably from 1 :20 to 3:4 and especially from 1 :5 to 1 :2, based on the weights of the fed monomers. </p><p id="p0023" num="0023">It is possible to supply the whole part of the tubular reactor, which, when compared to the common configuration of producing LDPE in a tubular reactor, forms the first reaction zone, solely with fresh monomer. However, as a consequence of the lower amount of fed ethylene the residence time of the reaction mixture in that part of the reactor is drastically increased. It is thus also possible to divide the part of the tubular reactor, which normally forms the first reaction zone, in two zones, i.e. to add somewhere in the middle of the part of the tubular reactor, which normally forms the first reaction zone, an inlet for the recycle stream and an additional feeding point for initiator. Consequently, an additional reaction zone is created. </p><p id="p0024" num="0024">In another preferred embodiment of the present invention, the positions where the high-pressure and the low-pressure recycle streams are fed to the reactor are separated and the high-pressure recycle stream is not or only partly fed to the first reaction zone. Thus, the recycled non- polymerized components of the reaction mixture fed to the tubular reactor downstream of the first reaction zone come at least partly from the high-pressure recycle line. Preferably, the non- 
<!-- EPO <DP n="9"/>-->
 polymerized components of the reaction mixture recirculated to the tubular reactor in the low- pressure recycle line are fed to the first polymerization zone of the tubular reactor. </p><p id="p0025" num="0025">By polymerizing in the absence of chain transfer agent or at least in the presence of a low con- centration it possible to obtain a significant amount of high- and ultra-high molecular weight polymer chains in the first reaction zone. These polymer chains are then present in the subsequent reaction zones, where long-chain branched polymer chains are produced by grafting growing chains or fragments of previously obtained chains on previously obtained backbone chains. If the chains or fragments of high- or ultra-high molecular weight are present over the whole length of the tubular reactor the probability of producing a high proportion of long-chain branched high molecular weight polymer chains is much higher than if the high- and ultra-high molecular weight polymer chains are only produced in the last reaction zone. </p><p id="p0026" num="0026">Figure 1 shows a typical set-up for a suitable tubular polymerization reactor without however re- stricting the invention to the embodiments described therein. </p><p id="p0027" num="0027">A part of the fresh ethylene, which is usually under a pressure of 1 .7 MPa, is firstly compressed to a pressure of about 30 MPa by means of a primary compressor (1) and then compressed to the reaction pressure of about 300 MPa using a high-pressure compressor (2). Optionally, a low amount of fresh chain transfer agent (CTA) can be added to that stream of fresh ethylene. The reaction mixture leaving the high-pressure compressor (2) is fed to pre-heater (3), where the reaction mixture is preheated to the reaction start temperature of from about 120°C to 220°C, and then conveyed to the tubular reactor (4). Optionally, comonomer can be added between primary compressor (1) and high-pressure compressor (2). </p><p id="p0028" num="0028">The tubular reactor (4) is basically a long, thick-walled pipe with cooling jackets to remove the liberated heat of reaction from the reaction mixture by means of a coolant circuit (not shown). </p><p id="p0029" num="0029">The tubular reactor (4) shown in Figure 1 has four initiator injection points (5a) to (5d) for feeding initiators or initiator mixtures 11 to I4 to the reactor, which are arranged in a way that the four zones of the tubular reactor from one of these four initiator injection points to the next or from the last of these initiator injection points to the end of the reactor are approximately of the same length. The feeding point for the recycled ethylene (6) and a further initiator injection point (7) for feeding an additional initiator or initiator mixture I5 are located at a position between initiator injec- tion points (5a) and (5b), i.e. between the first and the second of the equidistant initiator injection points (5a) to (5d). Accordingly, the set-up shown in Figure 1 has five reaction zones with two of them being positioned in the part of the tubular reactor between initiator injection points (5a) and (5b). 
<!-- EPO <DP n="10"/>-->
 The reaction mixture leaves the tubular reactor (4) through a high-pressure let-down valve (8) and passes a post-reactor cooler (9). Thereafter, the resulting polymer is separated off from unreacted ethylene and other low molecular weight compounds (monomers, oligomers, polymers, additives, solvent, etc.) by means of a high-pressure separator (10) and a low-pressure separator (1 1), dis- charged and pelletized via an extruder and granulator (12). </p><p id="p0030" num="0030">The ethylene which has been flashed off in the high-pressure separator (10) is fed back to the reactor (4) in the high-pressure circuit (13) at about 30 MPa. Figure 1 shows one purification stage consisting of a heat exchanger (14) and a separator (15). It is however also possible to use a plurality of purification stages. The high-pressure circuit (13) usually separates waxes and also recycles the major part of the not consumed chain transfer agent. </p><p id="p0031" num="0031">The ethylene which has been flashed off in the low-pressure separator (1 1), which further comprises, inter alia, the major part of the low molecular weight products of the polymerization (oligo- mers) and the solvent, is worked up in the low-pressure circuit (16) at a pressure of from about 0.1 to 0.5 MPa in a plurality of separators with a heat exchanger being located between each of the separators. Figure 1 shows two purification stages consisting of heat exchangers (17) and (19) and separators (18) and (20). It is however also possible to use only one purification stages or preferably more than two purification stages. The low-pressure circuit (16) usually separates oil and waxes. </p><p id="p0032" num="0032">The ethylene recycled in the low-pressure circuit (16) is fed to a main primary compressor (21), combined with the ethylene recycled in the high-pressure circuit (13), further compressed to the reaction pressure of about 300 MPa using a main high-pressure compressor (22) and then fed via cooler (23) to the tubular reactor at feeding point (6). The remaining part of the fresh ethylene and the chain transfer agent for adjusting the properties of the resulting polymer are also fed to main primary compressor (21). Furthermore, comonomer can be added between main primary compressor (21) and main high-pressure compressor (22). The set-up shown in Figure 1 has the specific characteristic that it requires two sets of compressors instead of one as in the common configuration for producing LDPE in a tubular reactor. Starting from a set-up with a side-feed of ethylene it is however possible to arrive at a configuration of a tubular polymerization reactor suitable for carrying out the process of the present invention without the need of significantly altering the arrangement. </p><p id="p0033" num="0033">Figure 2 depicts the set-up of a tubular polymerization reactor with a side-feed of ethylene according to the prior art. Fresh ethylene is fed to the recycled ethylene leaving a flash-gas compressor (100). The mixture is partly fed to a primary compressor (101), compressed there to a pressure of about 30 MPa and then further compressed to the reaction pressure of about 300 MPa using a high-pressure compressor (102). Air as oxygen source, or alternatively pure 0<sub>2</sub>, and chain trans- 
<!-- EPO <DP n="11"/>-->
 fer agent (CTA) are added to the primary compressor (101). Furthermore, comonomer can be added between primary compressor (101) and high-pressure compressor (102). The reaction mixture leaving the high-pressure compressor (102) is fed to a pre-heater (103), where the reaction mixture is preheated to the reaction start temperature of from about 120°C to 220°C, and is then conveyed to the tubular reactor (104), which is equipped with cooling jackets to remove the liberated heat of reaction from the reaction mixture by means of a coolant circuit (not shown). </p><p id="p0034" num="0034">The other part of the mixture of fresh ethylene and the recycled ethylene leaving the flash-gas compressor (100) is fed first to a second primary compressor (121), compressed there to a pres- sure of about 30 MPa and then further compressed to the reaction pressure using a second high- pressure compressor (122). Air as oxygen source, or alternatively pure 0<sub>2</sub>, is fed to the second primary compressor (121) and comonomer can be added between second primary compressor (121 ) and the second high-pressure compressor (122). Furthermore, also an additional amount of fresh chain transfer agent can be fed to the second primary compressor (121). Preferably, the added amount of fresh chain transfer agent is either fed in equal amounts to the primary compressor (101 ) and to the second primary compressor (121) or the whole amount of the fresh chain transfer agent is fed to the primary compressor (101). </p><p id="p0035" num="0035">The reaction mixture leaving the second high-pressure compressor (122) is fed as cold mixture via cooler (123) to the tubular reactor (104) at point (106). The temperature of this side stream is controlled by controller (123) in way that the temperature of the combined main and side streams is preferably in the range of from 160°C to 220°C, more preferably of from 170°C to 200°C, and especially of from 180°C to 190°C. The feed of the additional oxygen starts further polymerization downstream of point (106), thus creating a second reaction zone. There could also be additional points along the tubular reactor to which cold reaction mixture is fed. Preferably the number of side feeds to reactor is from 1 to 4 and in particular 1 or 2 and most preferably 1 . </p><p id="p0036" num="0036">The reaction mixture leaves the tubular reactor (104) through a high-pressure let-down valve (108) and passes a post-reactor cooler (109). Thereafter, the resulting polymer is separated from unreacted ethylene and other low molecular weight compounds by means of a high-pressure separator (1 10) and a low-pressure separator (1 1 1), discharged and pelletized via an extruder and granulator (1 12). </p><p id="p0037" num="0037">The ethylene which has been flashed off in the high-pressure separator (1 10) is fed back to the tubular reactor (104) in the high-pressure circuit (1 13) at about 30 MPa. It is first freed from other constituents in at least one purification stage and then added to the monomer stream to the inlet end of the tubular reactor (104) between the primary compressor (101) and the high-pressure compressor (102) and to the monomer feed stream side between the primary compressor (121) and the high-pressure compressor (122). Figure 2 shows one purification stage consisting of a 
<!-- EPO <DP n="12"/>-->
 heat exchanger (1 14) and a separator (1 15). It is however also possible to use a plurality of purification stages. </p><p id="p0038" num="0038">The ethylene which has been flashed off in the low-pressure separator (1 1 1), which further com- prises, inter alia, the major part of the low molecular weight products of the polymerization (oligomers) and the solvent of the initiators, is worked up in the low-pressure circuit (1 16) at a pressure of from about 0.1 to 0.5 MPa in a plurality of separators with a heat exchanger being located between each of the separators and then fed to flash-gas compressor (100). Figure 2 shows two purification stages consisting of heat exchangers (1 17) and (1 19) and separators (1 18) and (120). It is however also possible to use only one purification stages or preferably more than two purification stages. </p><p id="p0039" num="0039">Figure 3 shows a modification of the set-up shown in Figure 2 which is suited for carrying out the process of the present invention. In this modification, the mixture which as been compressed in the primary compressor (121) is no longer fed to the high-pressure compressor (122) and then to feeding point (106) but combined with the mixture leaving the other primary compressor (101) and fed via the high-pressure compressor (102) to the inlet of the tubular reactor (104). Instead, the ethylene recycled in the high-pressure circuit (1 13) is combined with air as oxygen source, or alternatively with pure 0<sub>2</sub>, the chain transfer agent for adjusting the properties of the resulting polymer and optionally comonomer and this mixture is fed to the high-pressure compressor (122) for entering the tubular reactor (104) at feeding point (106). Optionally, a low amount of fresh chain transfer agent (CTA) can additionally be fed to the primary compressor (101 ) and to the second primary compressor (121). Furthermore, a part of the ethylene recycled in the high- pressure circuit (1 13) can optionally be fed via a valve (124) to the mixture entering the high- pressure compressor (102). </p><p id="p0040" num="0040">The set-up shown in Figure 3 allows excluding the ethylene recycled in the high-pressure circuit (1 13), which contains the major part of recycled chain transfer agent, from entering the first polymerization zone. Only fresh ethylene and the ethylene recycled in the low-pressure circuit (1 16), which contains no or only a very small concentration of chain transfer agent, is fed to the first polymerization zone as long as not deliberately a part of the ethylene recycled in the high- pressure circuit (1 13) is also fed to the inlet of the tubular reactor (104) via valve (124). </p><p id="p0041" num="0041">Instead of using oxygen for initiating the polymerization reaction it is also possible in a variation of the set-up shown in Figure 3 to use organic peroxides or mixtures of organic peroxides. Such a feeding of organic peroxides or mixture of organic peroxides can replace the feeding of oxygen to the ethylene recycled in the high-pressure circuit (1 13) upstream of the high-pressure compressor (122). The organic peroxide or the mixture of organic peroxides is then injected in one or more initiator injection points upstream or downstream of feeding point (106) to the reactor. It is howev- er also possible to replace both the feeding of oxygen to the ethylene recycled in the high- 
<!-- EPO <DP n="13"/>-->
 pressure circuit (1 13) and the feeding of oxygen to primary compressors (101) and (121) by feeding organic peroxides or mixtures of organic peroxides to the reactor. </p><p id="p0042" num="0042">The present invention further refers to ethylene copolymers obtainable by the above-described process. These ethylene homopolymers and copolymers have a significantly broadened molecular weight distribution compared to LDPE normally obtained from free-radical polymerization in tubular reactors. They however also differ from LDPE obtained from free-radical polymerization in autoclave reactors by not having a too high amount of long-chain branching. Because of their molecular structure they are accordingly especially suitable for being used in extrusion coating processes. They have superior melt stability during processing, i.e. high web-stability and low neck-in, and a potential of superior adhesion on the substrate such as such as paper, paper- board, polymeric film, or metal. Consequently, the present invention also refers to the use of the ethylene copolymers for extrusion coating and to a process for extrusion coating a substrate selected from the group consisting of paper, paperboard, polymeric film, and metal, with these eth- ylene copolymers. </p><p id="p0043" num="0043">The invention is illustrated below with the aid of examples, without being restricted thereto. </p><p id="p0044" num="0044">Examples </p><p id="p0045" num="0045">Comparative Example A </p><p id="p0046" num="0046">A simulation of a common homopolymerization of ethylene in a high-pressure tubular reactor was carried out using the commercial polymerization modeling software PREDICI of Dr. Michael Wul- kow Computing in Technology GmbH (CiT), Rastede, Germany. The kinetic data for the homopolymerization of ethylene were taken from M. Busch, Macromol. Theory Simul. 2001 , 10, 408 - 429. </p><p id="p0047" num="0047">The reactor was assumed to have four initiator injection points and be of a design similar to that shown in Figure 1 , however without the primary compressor (1) and the high-pressure compres- sor (2) and the reaction mixture leaving the high-pressure compressor (22) being fed to the pre- heater (3). Thus, all fresh ethylene was assumed to be fed to the primary compressor (21 ) and no initiator I5 fed to point (7). The reactor was assumed to have in total a length of 2000 m and a diameter of 76 mm. The calculation was carried out based on the following assumptions: </p><p id="p0048" num="0048"> ethylene throughput of the high-pressure compressor 1 17 metric tons/h; </p><p id="p0049" num="0049"> - feed of propionaldehyde as chain transfer agent to the high-pressure compressor 1 .5 kg per ton of produced LDPE; </p><p id="p0050" num="0050"> temperature of the ethylene feed at the reactor inlet 157°C; </p><p id="p0051" num="0051"> pressure at the reactor inlet 280 MPa; 
<!-- EPO <DP n="14"/>-->
 feed of 0.3754 g/s of tert-butyl peroxy-3,5,5-trimethylhexanoate (TBPIN), 0.3610 g/s of di-tert-butyl peroxide (DTBP); 0.1506 g/s of tert-butyl peroxyneodecanoate (TBPND) and 0.3447 g/s of tert-butyl peroxypivalate (TBPP) reactor inlet; </p><p id="p0052" num="0052"> feed of 0.0476 g/s of tert-butyl peroxy-3,5,5-trimethylhexanoate (TBPIN) and 0.3547 g/s of di-tert-butyl peroxide (DTBP) at a position 640 m downstream of the reactor inlet; </p><p id="p0053" num="0053"> feed of 0.0521 g/s of tert-butyl peroxy-3,5,5-trimethylhexanoate (TBPIN) and 0.2951 g/s of di-tert-butyl peroxide (DTBP) at a position 1200 m downstream of the reactor inlet; and feed of 0.2797 g/s of di-tert-butyl peroxide (DTBP) at a position 1760 m downstream of reactor inlet. </p><p id="p0054" num="0054">The calculated temperature profile along the tubular reactor is shown in Figure 4 and Figure 5 depicts the obtained molecular weight distribution. The resulting data on the molecular weight distribution and on the long- and short-chain branching, expressed as number of branches per 1000 carbon atoms, of the obtained LDPE and the ethylene conversion are given in Table 1 . </p><p id="p0055" num="0055">Example 1 </p><p id="p0056" num="0056">The simulation of Comparative Example A was repeated assuming a reactor of the same dimension however with a configuration as shown in Figure 1. The feed of fresh ethylene is divided with only a part of the fresh ethylene fed to the reactor inlet and the majority of the fresh ethylene fed together with the recycled ethylene at a position 160 m downstream of the rector inlet. The calculation was carried based with the assumptions of Comparative Example A except that </p><p id="p0057" num="0057"> the feed of fresh ethylene to the reactor inlet is 1 1 .7 metric tons/h and the temperature of this stream is 157°C; </p><p id="p0058" num="0058"> - the ethylene throughput of the main high-pressure compressor is 105.3 metric tons/h and the temperature of the stream fed to the reactor is also 157°C; </p><p id="p0059" num="0059"> the propionaldehyde as chain transfer agent is only added in to the stream ethylene fed to the reactor at the position 160 m downstream of the rector with the same quantity as in Comparative Example A; </p><p id="p0060" num="0060"> - the initiator feed at the reactor inlet is 0.0360 g/s of di-tert-butyl peroxide (DTBP); </p><p id="p0061" num="0061"> the initiator feed at the position 160 m downstream of the reactor inlet is 0.3750 g/s of tert- butyl peroxy-3,5,5-trimethylhexanoate (TBPIN), 0.3600 g/s of di-tert-butyl peroxide (DTBP); 0.1506 g/s of tert-butyl peroxyneodecanoate (TBPND) and 0.3447 g/s of tert- butyl peroxypivalate (TBPP); and </p><p id="p0062" num="0062"> - the initiator feeds at the positions 640 m, 1200 m and 1760 m downstream of the reactor inlet are the same as in Comparative Example A. </p><p id="p0063" num="0063">The calculated temperature profile along the tubular reactor is shown in Figure 4 and Figure 5 depicts the obtained molecular weight distribution. The resulting data on the molecular weight 
<!-- EPO <DP n="15"/>-->
 distribution and on the long- and short-chain branching, expressed as number of branches per 1000 carbon atoms, of the obtained LDPE and the ethylene conversion are given in Table 1 . </p><p id="p0064" num="0064">Example 2 </p><p id="p0065" num="0065">The simulation of Example 1 was repeated except that </p><p id="p0066" num="0066"> the feed of fresh ethylene to the reactor inlet is 23.4 metric tons/h; </p><p id="p0067" num="0067"> the ethylene throughput of the main high-pressure compressor is 93.6 metric tons/h and the temperature of the stream fed to the reactor is also 157°C; </p><p id="p0068" num="0068"> - the initiator feed at the reactor inlet is 0.0720 g/s of di-tert-butyl peroxide (DTBP); and the initiator feeds at the positions 160 m, 640 m, 1200 m and 1760 m downstream of the reactor inlet are the same as in Example 1 . </p><p id="p0069" num="0069">The calculated temperature profile along the tubular reactor is shown in Figure 4 and Figure 5 depicts the obtained molecular weight distribution. The resulting data on the molecular weight distribution and on the long- and short-chain branching, expressed as number of branches per 1000 carbon atoms, of the obtained LDPE and the ethylene conversion are given in Table 1 . </p><p id="p0070" num="0070">Table 1 </p><p id="p0071" num="0071"><img id="imgf000015_0001" he="31" wi="156" file="imgf000015_0001.tif" img-format="tif" img-content="table" orientation="portrait" inline="no"/></p><p id="p0072" num="0072">The comparison of Examples 1 and 2 with Comparative Example A shows that, by polymerizing pure ethylene without chain transfer agent in the first reaction zone, the polydispersity of the obtained LDPE, here quantified as M<sub>w</sub>/M<sub>n</sub> and as M<sub>z</sub>/M<sub>w</sub>, is enhanced and the LCB concentration is preserved. The polymeric structure approaches more the structure of an autoclave LDPE-product, thus the processing properties for extrusion coating will be enhanced. 
</p></description><claims mxw-id="PCLM44852364" ref-ucid="WO-2012117039-A1" lang="EN" load-source="patent-office"><claim id="clm-0001" num="0001"><!-- EPO <DP n="16"/>--><claim-text> Claims </claim-text><claim-text>A process for preparing ethylene homopolymers or copolymers in the presence of free- radical polymerization initiator and at least one chain transfer agent at pressures in the range of from 1 10 MPa to 350 MPa and temperatures in the range of from 100°C to 350°C in a tubular reactor with at least two reaction zones having different concentrations of the chain transfer agent, wherein the concentration of the chain transfer agent in the first reaction zone is less than 70% of the concentration of the chain transfer agent in the reaction zone with the highest concentration of the chain transfer agent. </claim-text><claim-text>A process according to claim 1 , wherein no fresh chain transfer agent is added to the first reaction zone. </claim-text><claim-text>A process according to claim 1 or 2, wherein the polymerization in the first reaction zone is carried out in the absence of the chain transfer agent. </claim-text><claim-text>A process according to any of claims 1 to 3, in which the non-polymerized components of the reaction mixture leaving the reactor are separated from obtained polymer and the non- polymerized components of the reaction mixture are recirculated to the tubular reactor, wherein at least a part of the recycled non-polymerized components of the reaction mixture is fed to the tubular reactor downstream of the first reaction zone. </claim-text><claim-text>A process according to claim 4, wherein only fresh monomer and no recycled non- polymerized components of the reaction mixture are fed to the first polymerization zone and the recycled non-polymerized components of the reaction mixture and optional further fresh monomer are fed to a more downstream reaction zone. </claim-text><claim-text>A process according to claim 5, wherein the ratio of the feed of fresh monomer to the first reaction zone to the total feed of monomer is in the range of from 1 :100 to 1 :1 , based on the weights of the fed monomers. </claim-text><claim-text>A process according to claim 4, in which the separation of the obtained polymer from the non-polymerized components of the reaction mixture is carried out in at least a high- pressure stage at a pressure of from 10 to 50 MPa and a low-pressure stage at a pressure of from 0.1 to 10 MPa and the non-polymerized components of the reaction mixture flashed off in the high-pressure stage are recirculated to the tubular reactor in a high-pressure recycle line and the non-polymerized components of the reaction mixture flashed off in the low-pressure stage are recirculated to the tubular reactor in a low-pressure recycle line, wherein the recycled non-polymerized components of the reaction mixture fed to the tubular 
<!-- EPO <DP n="17"/>-->
 reactor downstream of the first reaction zone come at least partly from the high-pressure recycle line. </claim-text><claim-text>A process according to claim 4 or 7, wherein the non-polymerized components of the reaction mixture recirculated to the tubular reactor in the low-pressure recycle line are fed to the first polymerization zone of the tubular reactor. </claim-text><claim-text>Ethylene homopolymer or copolymer obtainable by a process according to any of claims 1 to 8. </claim-text><claim-text>Use of an ethylene homopolymer or copolymer according to claim 9 for extrusion coating. </claim-text><claim-text>Process for extrusion coating a substrate selected from the group consisting of paper, paperboard, polymeric film, and metal, with an ethylene homopolymer or copolymer according to claim 9. 
</claim-text></claim></claims><copyright>User acknowledges that Fairview Research LLC and its third party providers retain all right, title and interest in and to this xml under applicable copyright laws.  User acquires no ownership rights to this xml including but not limited to its format.  User hereby accepts the terms and conditions of the Licence Agreement</copyright></patent-document>
