<?xml version="1.0" encoding="UTF-8"?>
<patent-document ucid="EP-2681151-A1" country="EP" doc-number="2681151" kind="A1" date="20140108" family-id="46465378" file-reference-id="318301" date-produced="20180823" status="corrected" lang="EN"><bibliographic-data><publication-reference fvid="146586605" ucid="EP-2681151-A1"><document-id><country>EP</country><doc-number>2681151</doc-number><kind>A1</kind><date>20140108</date><lang>EN</lang></document-id></publication-reference><application-reference ucid="EP-12779812-A" is-representative="NO"><document-id mxw-id="PAPP154848797" load-source="docdb" format="epo"><country>EP</country><doc-number>12779812</doc-number><kind>A</kind><date>20120227</date><lang>EN</lang></document-id><document-id mxw-id="PAPP173923816" load-source="docdb" format="original"><country>EP</country><doc-number>12779812.2</doc-number><date>20120227</date><lang>EN</lang></document-id></application-reference><priority-claims><priority-claim mxw-id="PPC140557489" ucid="US-201161448749-P" load-source="docdb"><document-id format="epo"><country>US</country><doc-number>201161448749</doc-number><kind>P</kind><date>20110303</date></document-id></priority-claim><priority-claim mxw-id="PPC140557837" ucid="US-2012026729-W" linkage-type="W" load-source="docdb"><document-id format="epo"><country>US</country><doc-number>2012026729</doc-number><kind>W</kind><date>20120227</date></document-id></priority-claim><priority-claim mxw-id="PPC140552689" ucid="US-201213369437-A" load-source="docdb"><document-id format="epo"><country>US</country><doc-number>201213369437</doc-number><kind>A</kind><date>20120209</date></document-id></priority-claim></priority-claims><technical-data><classifications-ipcr><classification-ipcr mxw-id="PCL-2051728460" load-source="docdb">B67B   3/20        20060101ALI20150518BHEP        </classification-ipcr><classification-ipcr mxw-id="PCL-2051729226" load-source="docdb">B67B   1/06        20060101AFI20150518BHEP        </classification-ipcr></classifications-ipcr><classifications-cpc><classification-cpc mxw-id="PCL-2056022529" load-source="docdb" scheme="CPC">B67B   3/2066      20130101 FI20150513BHEP        </classification-cpc><classification-cpc mxw-id="PCL-2102480270" load-source="docdb" scheme="CPC">Y10T 279/17717     20130101 LA20150123BCEP        </classification-cpc><classification-cpc mxw-id="PCL-2102488479" load-source="docdb" scheme="CPC">Y10T 279/17025     20130101 LA20150123BCEP        </classification-cpc></classifications-cpc><invention-title mxw-id="PT132364448" lang="DE" load-source="patent-office">FUTTERABDECKUNG</invention-title><invention-title mxw-id="PT132364449" lang="EN" load-source="patent-office">CAPPING CHUCK ASSEMBLY</invention-title><invention-title mxw-id="PT132364450" lang="FR" load-source="patent-office">ENSEMBLE MANDRIN DE CAPSULAGE</invention-title></technical-data><parties><applicants><applicant mxw-id="PPAR1063908693" load-source="docdb" sequence="1" format="epo"><addressbook><last-name>CLOSURE SYSTEMS INT INC</last-name><address><country>US</country></address></addressbook></applicant><applicant mxw-id="PPAR919540109" load-source="docdb" sequence="1" format="intermediate"><addressbook><last-name>CLOSURE SYSTEMS INTERNATIONAL INC.</last-name></addressbook></applicant><applicant mxw-id="PPAR919008784" load-source="patent-office" sequence="1" format="original"><addressbook><last-name>Closure Systems International Inc.</last-name><iid>101404417</iid><address><street>7702 Woodland Drive, Suite 200</street><city>Indianapolis, IN 46278</city><country>US</country></address></addressbook></applicant></applicants><inventors><inventor mxw-id="PPAR919511465" load-source="docdb" sequence="1" format="epo"><addressbook><last-name>ZEMLIN KARL E</last-name><address><country>US</country></address></addressbook></inventor><inventor mxw-id="PPAR919532242" load-source="docdb" sequence="1" format="intermediate"><addressbook><last-name>ZEMLIN, Karl, E.</last-name></addressbook></inventor><inventor mxw-id="PPAR919007465" load-source="patent-office" sequence="1" format="original"><addressbook><last-name>ZEMLIN, Karl, E.</last-name><address><street>150 Rolling Hills Drive</street><city>Carmel, IN 46032</city><country>US</country></address></addressbook></inventor></inventors><agents><agent mxw-id="PPAR919007821" load-source="patent-office" sequence="1" format="original"><addressbook><last-name>Algemeen Octrooi- en Merkenbureau</last-name><iid>100061505</iid><address><street>P.O. Box 645</street><city>5600 AP Eindhoven</city><country>NL</country></address></addressbook></agent></agents></parties><international-convention-data><pct-or-regional-filing-data ucid="US-2012026729-W"><document-id><country>US</country><doc-number>2012026729</doc-number><kind>W</kind><date>20120227</date><lang>EN</lang></document-id></pct-or-regional-filing-data><pct-or-regional-publishing-data ucid="WO-2012150988-A1"><document-id><country>WO</country><doc-number>2012150988</doc-number><kind>A1</kind><date>20121108</date><lang>EN</lang></document-id></pct-or-regional-publishing-data><designated-states><ep-contracting-states><country mxw-id="DS549841876" load-source="docdb">AL</country><country mxw-id="DS549773613" load-source="docdb">AT</country><country mxw-id="DS549841877" load-source="docdb">BE</country><country mxw-id="DS549842179" load-source="docdb">BG</country><country mxw-id="DS549841281" load-source="docdb">CH</country><country mxw-id="DS549915677" load-source="docdb">CY</country><country mxw-id="DS549773614" load-source="docdb">CZ</country><country mxw-id="DS549841882" load-source="docdb">DE</country><country mxw-id="DS549915678" load-source="docdb">DK</country><country mxw-id="DS549915679" load-source="docdb">EE</country><country mxw-id="DS549762646" load-source="docdb">ES</country><country mxw-id="DS549842180" load-source="docdb">FI</country><country mxw-id="DS549842181" load-source="docdb">FR</country><country mxw-id="DS549841883" load-source="docdb">GB</country><country mxw-id="DS549915680" load-source="docdb">GR</country><country mxw-id="DS549841884" load-source="docdb">HR</country><country mxw-id="DS549773615" load-source="docdb">HU</country><country mxw-id="DS549841286" load-source="docdb">IE</country><country mxw-id="DS549915681" load-source="docdb">IS</country><country mxw-id="DS549842190" load-source="docdb">IT</country><country mxw-id="DS549915682" load-source="docdb">LI</country><country mxw-id="DS549855423" load-source="docdb">LT</country><country mxw-id="DS549773616" load-source="docdb">LU</country><country mxw-id="DS549855424" load-source="docdb">LV</country><country mxw-id="DS549855425" load-source="docdb">MC</country><country mxw-id="DS549762880" load-source="docdb">MK</country><country mxw-id="DS549762901" load-source="docdb">MT</country><country mxw-id="DS549762647" load-source="docdb">NL</country><country mxw-id="DS549842191" load-source="docdb">NO</country><country mxw-id="DS549762902" load-source="docdb">PL</country><country mxw-id="DS549841287" load-source="docdb">PT</country><country mxw-id="DS549762648" load-source="docdb">RO</country><country mxw-id="DS549841288" load-source="docdb">RS</country><country mxw-id="DS549762903" load-source="docdb">SE</country><country mxw-id="DS549841289" load-source="docdb">SI</country><country mxw-id="DS549842192" load-source="docdb">SK</country><country mxw-id="DS549762904" load-source="docdb">SM</country><country mxw-id="DS549915683" load-source="docdb">TR</country></ep-contracting-states></designated-states></international-convention-data><office-specific-data><eptags><ep-no-a-document-published>*</ep-no-a-document-published></eptags></office-specific-data></bibliographic-data><abstract mxw-id="PA101742408" ref-ucid="WO-2012150988-A1" lang="EN" load-source="patent-office"><p num="0000">A capping chuck assembly embodying the present invention comprises an outer chuck housing, and inner, central guide disc upon which a plurality of circumferentially spaced gripper segments are mounted. Each gripper segment includes an inner jaw portion for engagement with an associated closure, and an outer cam surface. The outer chuck housing defines a plurality of inwardly facing, cam drive surfaces positioned for respective engagement with the outer cam surfaces of the gripper segments, so that rotational drive of the outer chuck housing collectively drives the gripper segments and guide disc to urge the segments radially into engagement with an associated closure.</p></abstract><abstract mxw-id="PA101957354" ref-ucid="WO-2012150988-A1" lang="EN" source="national office" load-source="docdb"><p>A capping chuck assembly embodying the present invention comprises an outer chuck housing, and inner, central guide disc upon which a plurality of circumferentially spaced gripper segments are mounted. Each gripper segment includes an inner jaw portion for engagement with an associated closure, and an outer cam surface. The outer chuck housing defines a plurality of inwardly facing, cam drive surfaces positioned for respective engagement with the outer cam surfaces of the gripper segments, so that rotational drive of the outer chuck housing collectively drives the gripper segments and guide disc to urge the segments radially into engagement with an associated closure.</p></abstract><abstract mxw-id="PA101742409" ref-ucid="WO-2012150988-A1" lang="FR" load-source="patent-office"><p num="0000">L'invention concerne un ensemble mandrin de capsulage comprenant un boîtier de mandrin extérieur et un disque de guidage central intérieur sur lequel sont montés une pluralité de segments de préhension espacés sur la circonférence. Chaque segment de préhension comprend une portion de mâchoire intérieure destinée à entrer en contact avec un élément de bouchage associé, ainsi qu'une surface de came extérieure. Le boîtier de mandrin extérieur définit une pluralité de surfaces d'entraînement par cames tournées vers l'intérieur, des surfaces d'entraînement par cames positionnées pour être en contact respectif avec les surfaces de came extérieures des segments de préhension, de manière que l'entraînement en rotation du boîtier de mandrin extérieur entraîne conjointement les segments de préhension et le disque de guidage pour faire coopérer radialement les segments avec un élément de bouchage associé.</p></abstract><abstract mxw-id="PA101957355" ref-ucid="WO-2012150988-A1" lang="FR" source="national office" load-source="docdb"><p>L'invention concerne un ensemble mandrin de capsulage comprenant un boîtier de mandrin extérieur et un disque de guidage central intérieur sur lequel sont montés une pluralité de segments de préhension espacés sur la circonférence. Chaque segment de préhension comprend une portion de mâchoire intérieure destinée à entrer en contact avec un élément de bouchage associé, ainsi qu'une surface de came extérieure. Le boîtier de mandrin extérieur définit une pluralité de surfaces d'entraînement par cames tournées vers l'intérieur, des surfaces d'entraînement par cames positionnées pour être en contact respectif avec les surfaces de came extérieures des segments de préhension, de manière que l'entraînement en rotation du boîtier de mandrin extérieur entraîne conjointement les segments de préhension et le disque de guidage pour faire coopérer radialement les segments avec un élément de bouchage associé.</p></abstract><description mxw-id="PDES52410962" ref-ucid="WO-2012150988-A1" lang="EN" load-source="patent-office"><!-- EPO <DP n="2"/>--><p id="p0001" num="0001"> CAPPING CHUCK ASSEMBLY </p><p id="p0002" num="0002">TECHNICAL FIELD </p><p id="p0003" num="0003"> The present invention relates generally to capping heads and chucks for rotatably applying closures to associated containers, and more particularly to an improved capping chuck assembly configured to automatically accommodate variations in a closure during application to an associated container, facilitating high-speed application while desirably avoiding misapplication of the closure. </p><p id="p0004" num="0004">BACKGROUND OF THE INVENTION </p><p id="p0005" num="0005"> Threaded plastic closures formed from suitable polymeric materials have met with widespread acceptance in the market place for use on bottles and like containers, including those for carbonated and non-carbonated beverages. Efficient and versatile use of such closures is facilitated through the use of high-speed, automated capping equipment, which equipment is configured to rotatably apply each closure to an associated container so that an internal thread formation of the closure threadingly engages and mates with an external thread formation provided on the neck portion of the associated container. </p><p id="p0006" num="0006"> In order to grip each closure as it is applied to an associated container, automated capping equipment of this type typically includes a plurality of rotatably driven capping chucks or heads. Each capping chuck is configured to releasable retain and grip a closure as the closure and an associated filled container are positioned for application of the closure. In a typical arrangement, the capping chuck is rotatably driven, together with the closure retained therein, relative to the associated container so that threaded application of the closure to that container is effected. Capping chucks of this nature are typically provided with a torque-limiting mechanism, whereby the closures are applied to the desired tightness on the associated container, and rotational drive of the capping chuck and closure discontinued. The capping chuck is thereafter 
<!-- EPO <DP n="3"/>-->
 disengaged from the closure, and the filled container and closure package is moved from the capping machine. </p><p id="p0007" num="0007"> Versatile operation of this type of automated capping equipment is facilitated by configuring each capping chuck to accommodate application of differently sized closures. To this end, some capping chucks are provided with moveable, jaw-like elements which can "float" or shift to accommodate application of closures of different sizes. However, depending upon the specific configuration of such capping chucks, the closure may not necessarily be held in centered, coaxial relationship with the associated container. Eccentric contact between the bottom of the closure and the top of the associated container finish can undesirably result in improper positioning of the closure in the capping chuck, leading to an application defect such as a cocked or cross- threaded closure. </p><p id="p0008" num="0008"> The present invention is directed to an improved capping chuck assembly which facilitates application of differently sized closures, having differing exterior features, while avoiding undesirable misapplication of the closures to associated containers. </p><p id="p0009" num="0009">SUMMARY OF THE INVENTION </p><p id="p0010" num="0010"> A capping chuck assembly embodying the principles of the present invention is configured to facilitate high-speed application of closures to containers, while accommodating application of closures having differing dimensions and exterior configurations. This is achieved by providing the capping chuck assembly with a plurality of radially moveable gripper segments, which collectively act to grip an associated closure, and rotatably apply the closure to an associated container. Notably, the present capping chuck is configured to accommodate variations in dimensions and closure features, including exterior knurl patterns, while maintaining the closure in substantially centered relationship with an associated container, ensuring proper closure application, desirably avoiding misapplication such as cocking or cross- threading. </p><p id="p0011" num="0011"> in accordance with the illustrated embodiment, the present capping chuck assembly includes an outer chuck housing, and an inner gripper assembly. The inner gripper assembly includes a central guide disc, and a plurality of circumferentially 
<!-- EPO <DP n="4"/>-->
 spaced gripper segments. The centra! guide disc includes a guide disc base and a guide disc cover secured to the guide disc base, with the gripper segments being mounted between the disc cover and disc base. The gripper segments are individually moveable radially of the central guide disc, with each gripper segment having an inner jaw portion for engagement with an associated closure, and an outer cam surface. </p><p id="p0012" num="0012"> The outer chuck housing, within which the central guide disc and gripper segments are positioned, has an inwardly facing drive surface defining a plurality of circumferentially spaced cam drive surfaces positioned for respective engagement with the outer cam surfaces of the gripper segments. By this arrangement, rotational drive of the outer chuck assembly acts to drive the central guide disc and gripper segments, with the cam drive surfaces of the outer chuck housing respectively engaging the outer cam surfaces of the gripper segments. </p><p id="p0013" num="0013"> Notably, the configuration of the central guide disc, including the guide disc base, allows the gripper segments to rotate as a unit, and ensures that the segments are collectively arranged in concentric relationship with the central axis of the capping chuck. In the preferred embodiment, a biasing element, such as in the form of one or more elastomeric O-rings, provides a light radial force which keeps all of the gripper segments in their inner-most position, and provides a limited amount of pressure between an inserted closure and the gripper segments when no torque is being applied to the closure. </p><p id="p0014" num="0014"> The outer cam surface of each gripper segment is contacted by its respective cam drive surface of the outer chuck housing only when the closure resists rotation as it is applied to the associated container. The geometry of the gripper segments, relative to the cooperating cam surfaces, results in a radial load which increases the grip of the chuck on the closure as application torque increases. The line of action or vector of the radial force passes approximately through the contact point between the closure and each gripper segment. Notably, this more than counteracts any opposing radial force that is generated between the closure and the gripper segments, thereby desirably ensuring positive control of the closure at any torque level. </p><p id="p0015" num="0015"> In accordance with the illustrated embodiment, the jaw portion of each gripper segment has one or more gripping teeth, with the jaw portion of each gripper segment 
<!-- EPO <DP n="5"/>-->
 having one or more regions which are devoid of gripping teeth. The gripping teeth of each of the gripper segments are generally aligned with the force vector that is created through that one of the segments by the respective one of the cam drive surfaces of the chuck housing acting against the cam surface of that one of the gripper segments. This arrangement has been found to desirably efficiently transmit the rotational application torque from the outer chuck housing to the closure during application, while at the same time readily accommodating differently sized closures, as well as closures having differing knurl patterns. </p><p id="p0016" num="0016"> A torsion spring operatively connecting the central guide disc and the outer housing of the chuck ensures that the unloaded chuck has the maximum possible clearance between the gripper segments and the cam drive surfaces of the outer chuck housing. By this arrangement, a closure being inserted into the chuck encounters only the resistance provided by the O-ring biasing element on the gripper segments. </p><p id="p0017" num="0017"> Other features and advantages of the present invention will become readily apparent from the following detailed description, the accompany drawings, the appended claims. </p><p id="p0018" num="0018">BRIEF DESCRIPTION OF THE DRAWINGS </p><p id="p0019" num="0019">FIGURE 1 is a top perspective view of a capping chuck assembly embodying the principles of the present invention; </p><p id="p0020" num="0020"> FIGURE 2 is a bottom perspective view of the present capping chuck assembly; FIGURE 3 is a vertical exploded perspective view of the present capping chuck assembly; </p><p id="p0021" num="0021"> FIGURE 4 is a cross-sectional view of the present capping chuck assembly; </p><p id="p0022" num="0022"> FIGURE 5 is a cross-sectional view taken along line 5-5 of FIGURE 4; and</p><p id="p0023" num="0023">FIGURE 6 is a further cross-seciionai view of the present capping chuck assembly. </p><p id="p0024" num="0024">DETAILED DESCRIPTION While the present invention is susceptible of embodiment in various forms, there 
<!-- EPO <DP n="6"/>-->
 is shown in the drawings and will hereinafter be described a presently preferred embodiment, with the understanding that the present disclosure is to be considered as an exemplification of the invention, and is not intended to limit the invention to this specific embodiment illustrated. </p><p id="p0025" num="0025"> With reference now to the drawings, therein is illustrated a capping chuck assembly 10 embodying the principals of the present invention. As will be recognized by those familiar with the art, capping chuck assembly 10 is configured for use with high-speed, automatic capping equipment which facilitates threaded application of closures to associated containers, such as in a bottling plant or like filling operation. To this end, the capping chuck assembly is mounted in an associated rotary drive mechanism (not shown), whereby the capping chuck assembly is rotatably driven, to thereby rotatably apply a closure to an associated container. </p><p id="p0026" num="0026"> Notably, the present capping chuck assembly has been specifically configured to accommodate variations in dimensions of the closures which are being applied, and can further accommodate variations in the profiles or exterior features of such closures, such as knurl patterns. This desirably provides distinct advantages over traditional One-piece" capping chucks, which require very consistent closure diameters. Minor dimensional changes in closures, such as due to colorants, can undesirably affect the fit of closures in such a chuck, and even similar profiles from different closure suppliers may require the use of unique one-piece chucks. </p><p id="p0027" num="0027"> The present capping chuck assembly provides distinct advantages over so-called "floating" capping chucks, which can undesirably limit the specific knurl profiles or other exterior closure features. Additionally, outward radial force generated between the gripping segments of such a floating chuck, and the knurl features of an associated closure, can undesirably reduce the radial pressure as torque between the segments and the closure is increased. </p><p id="p0028" num="0028"> Additionally, the lack of centering of the segments in such a chuck assembly precludes any control of the alignment between the closure and the finish of the container when the closure is being applied. Eccentric contact between the bottom of a closure nd the top of a container finish can undesirably upset the position of the closure in the capping chuck, and lead to an application defect such as a cocked or 
<!-- EPO <DP n="7"/>-->
 cross-threaded closure. Because there is no mechanism in this type of capping chuck to establish a resting position of the chuck segments within the outer cam of the device, in some instances the relative orientation of the segments to the outer cam can prevent their radial movement as the closure is inserted into the chuck. </p><p id="p0029" num="0029"> The present capping chuck assembly significantly improves upon these specific shortcomings in so-called floating capping chuck arrangements. In accordance with the illustrated embodiment, the present capping chuck assembly 10 (shown with an associated closure C) includes an outer chuck assembly, and an inner gripper assembly positioned within the outer chuck assembly. In particular, the gripper assembly includes a central guide disc including a guide disc base 12, and a guide disc cover 14 secured to the guide disc base 12 by a retaining ring 16. The guide disc base defines a plurality of circumferentially spaced guide channels within which a plurality of circumferentially spaced gripper segments 18 are respectively positioned for movement radially of the central guide disc. Each of the gripper segments 18 includes an inner jaw portion for engagement with an associated closure, and an outer cam surface 19 which cooperates with the outer chuck housing for rotatably applying the closure to an associated container. While six (6) of the gripper segments 18 are shown in the illustrated embodiment, the specific number of gripper segments can be varied while keeping with the principles disclosed herein. </p><p id="p0030" num="0030"> In accordance with the illustrated embodiment, the outer chuck housing of the chuck assembly 10 includes a lower housing 22, and an upper housing 24 secured to the lower housing 22 by a retaining ring 26. In order to rotatably drive the inner central guide disc and gripper segments 18 carried thereby as a unit, the lower chuck housing has an inwardly facing drive surface defining a plurality of circumferentially spaced cam drive surfaces 28 positioned for respective engagement with the outer cam surfaces 19 of the gripper segments 18. By this arrangement, by rotational drive of the outer chuck housing, the cam drive surfaces 28 collectively drive the outer cam surfaces 19 of the gripper segments 18, to thereby drive the central guide disc and the gripper segments together with the outer chuck assembly, and to urge and radially drive the segments 18 into engagement with the associated closure. </p><p id="p0031" num="0031"> In the preferred form, at least one biasing element collectively urges the gripper 
<!-- EPO <DP n="8"/>-->
 segments 18 inwardly of the central guide disc into engagement with the associated closure. In the illustrated embodiment, this is provided by a pair of ring-shaped biasing element which extend circumferentially about the gripper segments 18 for urging the gripper segments inwardly of the guide disc. In the illustrated form, the biasing elements are provided in the form of an elastomeric O-rings 29. </p><p id="p0032" num="0032"> In the preferred embodiment, a torsion spring 32 operatively connects the central guide disc and the outer chuck housing 24. In the illustrated embodiment, the torsion spring 32 is operatively connected to the guide disc cover 14 and the upper chuck housing 24, and acts in opposition to the rotational drive of the outer chuck housing against the outer cam surfaces 19 of the gripper elements 18. The provision of the torsion spring 34 desirably acts to ensure that the unloaded chuck has the maximum possible clearance between the gripper segments and the cam drive surfaces of the outer chuck housing, so that a closure being inserted into the chuck encounters only the resistance provided by the O-ring biasing element 29 on the gripper segments. </p><p id="p0033" num="0033"> Because the gripper segments are radially guided precisely in the guide disc, only limited contact between each segment and the associated cam drive surfaces is required. This desirably enhances the range of knurl geometries and closure geometries that can be handled by a single capping chuck assembly. </p><p id="p0034" num="0034"> In the preferred embodiment, the jaw portion of each of the gripper segments has one or more gripping teeth 34 (see FIGURE 5) with the jaw portion of each of the gripper segments having one or more regions which are devoid of gripping teeth. As shown in FIGURE 5, the gripping teeth of each of the gripper segments are generally aligned with a force vector that is created through that one of the gripper segments by the respective one of the cam drive surfaces 28 of the lower chuck housing 22 acting against the cam surface 19 of that one of the gripper segments 18. In the illustrated embodiment, the jaw portion of each of the gripper segments 18 includes a single gripping tooth 34. </p><p id="p0035" num="0035"> By way of example, a present embodiment of the present invention can hold and apply closures with different knurl counts and outside diameters which vary as much as 2.5mm (0.10 inches). </p><p id="p0036" num="0036"> In the preferred embodiment of the present capping chuck assembly, each of the 
<!-- EPO <DP n="9"/>-->
 gripper segments 18 is provided with a ball bearing 36 which fits within the respective g ripper segment, and projects slightly inwardly of the inner jaw portion of the segment. The lower one of the elastomeric O-rings 29 surrounds the ball bearings 36, and urges them generally inwardly (see FIGURE 6). The ball bearings 36 desirably act to pre- orient closures having certain knurl patterns, including, for example, 24 relatively wide knurls. Additionally, by virtue of the typical bulge formed in the side wall of a closure at the closure thread formation, the inwardly biased ball bearings 36 act to releasably retain the closure within the chuck assembly. </p><p id="p0037" num="0037"> Thus, the present capping chuck assembly is configured such that the gripper segments 18 and central guide disc rotate as a unit, ensuring that the segments collectively remain concentric with the central axis of the chuck assembly. The biasing element, such as in the form of elastomeric O-rings 29, desirably provides a light radial force which keeps all of the gripper segments 18 in their innermost position, and provides some pressure between an inserted closure and the gripper segments when no torque is being applied to the closure. </p><p id="p0038" num="0038"> The outer cam surface 19 of each gripper segment 18 contacts the inwardly facing cam drive surfaces 28 of the outer chuck housing only when the closure resists rotation as it is applied to the associated container. The geometry of the chuck gripper segments, relative to the cooperative cam surfaces, results in a radial load which increases the grip of the chuck on the closure as rotational drive torque increases. The line of action or force vector of the radial force passes approximately through the contact point between the closure of the gripper segments. This more than counteracts any opposing radial force that is generated between the closure and the gripper segments, desirably ensuring positive control of the closure at any torque level. </p><p id="p0039" num="0039"> From the foregoing, we observe that numerous modifications and variations can be effected without departing from the true spirit and scope of the novel concept of the present invention. It is to be understood that no limitation with respect to the specific embodiment illustrated herein is intended or should be inferred. The disclosure is intended to cover, by the appended claims, all such modifications as fall within the scope of the claims. 
</p></description><claims mxw-id="PCLM46061887" ref-ucid="WO-2012150988-A1" lang="EN" load-source="patent-office"><claim-statement><!-- EPO <DP n="10"/>--> CLAIMS WHAT IS CLAIMED IS: </claim-statement><claim id="clm-0001" num="1"><claim-text>1 . A capping chuck assembly, comprising: a central guide disc; a plurality of circumferentially spaced gripper segments mounted on said central guide disc for rotation therewith, said gripper segments being individually movable generally radially of said central guide disc, and each having an inner jaw portion for engagement with an associated closure, and an outer cam surface; and an outer chuck housing within which said central guide disc and said plurality of gripper segments are positioned, said chuck housing having an inwardly facing surface defining a plurality of circumferentially spaced cam drive surfaces positioned for respective engagement with the outer cam surfaces of said gripper segments, so that attendant to rotational drive of said outer chuck housing, said cam drive surfaces collectively drive the outer cam surfaces of said gripper segments to drive said central guide disc and said gripper segments together with said outer chuck housing and to urge said segments into engagement with the associated closure. </claim-text></claim><claim id="clm-0002" num="2"><claim-text>2. A capping chuck assembly in accordance with claim 1 , including a biasing element for collectively urging said gripper segments inwardly of said central guide disc into engagement with the associated closure. </claim-text></claim><claim id="clm-0003" num="3"><claim-text>3. A capping chuck assembly in accordance with claim 2, wherein <!-- EPO <DP n="11"/>--> said biasing element extends circumferentially about said gripper segments for urging said gripper segments inwardly of said central guide disc. </claim-text></claim><claim id="clm-0004" num="4"><claim-text>4. A capping chuck assembly in accordance with claim 3, wherein said biasing element comprising an elastomeric O-ring. </claim-text></claim><claim id="clm-0005" num="5"><claim-text>5. A capping chuck assembly in accordance with claim 1 , including a torsion spring operatively connecting said central guide disc and said outer chuck housing , said torsion spring acting in opposition to the rotational drive of said outer chuck housing against the outer cam surfaces of said gripper segments. </claim-text></claim><claim id="clm-0006" num="6"><claim-text>6. A capping chuck assembly in accordance with claim 1 , wherein said central guide disc comprises a guide disc base defining a plurality of guide channels within which said plurality of gripper segments are respectively positioned for movement radially of said central guide disc, and guide disc cover secured to said guide disc base so that said gripper segments are held between said guide disc cover and said guide disc base. </claim-text></claim><claim id="clm-0007" num="7"><claim-text>7. A capping chuck assembly, comprising: a central guide disc, including a guide disc base and a guide disc cover secured to said guide disc base; <!-- EPO <DP n="12"/>--> a plurality of circumferentia!ly spaced gripper segments mounted on said central guide disc between said guide disc cover and said guide disc base for rotation with said guide disc, said gripper segments being individually movable generally radially of said central guide disc, and each having an inner jaw portion for engagement with an associated closure, and an outer cam surface; a ring-shaped biasing element extending circumferentially about said gripper segments for urging said gripper segments inwardly of said central guide disc; and an outer chuck housing within which said central guide disc and said plurality of gripper segments are positioned, said chuck housing having an inwardly facing surface defining a plurality of circumferentially spaced cam drive surfaces positioned for respective engagement with the outer cam surfaces of said gripper segments, so that attendant to rotational drive of said outer chuck housing, said cam drive surfaces collectively drive the outer cam surfaces of said gripper segments to drive said central guide disc and said gripper segments together with said outer chuck housing, and to urge said segments into engagement with the associated closure. </claim-text></claim><claim id="clm-0008" num="8"><claim-text>8. A capping chuck assembly in accordance with claim 7, including a torsion spring operatively connecting said central guide disc and said outer chuck housing , said torsion spring acting in opposition to the rotational drive of said outer chuck housing against the outer cam surfaces of said gripper segments. </claim-text></claim><claim id="clm-0009" num="9"><claim-text>9. A capping chuck assembly, comprising: <!-- EPO <DP n="13"/>--> a plurality of circumferentially spaced, radially movable gripper segments, each said gripper segment having an inner jaw portion for engagement with an associated closure, and an outer cam surface: and an outer chuck housing within which said plurality of gripper segments are positioned, said chuck housing having an inwardly facing surface defining a plurality of circumferentially spaced cam drive surfaces positioned for respective engagement with the outer cam surfaces of said gripper segments, so that attendant to rotational drive of said outer chuck housing, said cam drive surfaces collectively drive the outer cam surfaces of said gripper segments to drive said gripper segments together with said outer chuck housing, and to radially drive said segments into engagement with the associated closure. </claim-text></claim><claim id="clm-0010" num="10"><claim-text>10. A capping chuck assembly in accordance with claim 9, including a biasing element which extends circumferentially about said gripper segments for urging said gripper segments inwardly. </claim-text></claim><claim id="clm-0011" num="11"><claim-text>A capping chuck assembly in accordance with claim 9, including a central guide disc on which said gripper segments are mounted for radial movement. </claim-text></claim><claim id="clm-0012" num="12"><claim-text>A capping chuck assembly in accordance with claim 1 1 , including a torsion spring operatively connecting said central guide disc and said outer chuck housing, said torsion spring acting in opposition to the rotational drive of said outer chuck housing against the outer cam surfaces of said gripper segments. <!-- EPO <DP n="14"/>--> </claim-text></claim><claim id="clm-0013" num="13"><claim-text>13. A capping chuck assembly in accordance with claim 9, wherein said jaw portion of each said gripper segment has one or more gripping teeth, the jaw portion of each gripper segment having one or more regions which are devoid of gripping teeth, said gripping teeth of each one of said gripper segments being generally aligned with a force vector that is created through that one of the gripper segments by the respective one of the cam drive surfaces of said chuck housing acting against the cam surface of that one of the gripper segments. 4. A capping chuck assembly in accordance with claim 3, wherein the jaw portion of each of said gripper segments includes a single gripping tooth. </claim-text><claim-text>15 A capping chuck assembly in accordance with claim 13, including a biasing element which extends circumferentially about said gripper segments for urging said gripper segments inwardly. </claim-text></claim></claims><copyright>User acknowledges that Fairview Research LLC and its third party providers retain all right, title and interest in and to this xml under applicable copyright laws.  User acquires no ownership rights to this xml including but not limited to its format.  User hereby accepts the terms and conditions of the Licence Agreement</copyright></patent-document>
