<?xml version="1.0" encoding="UTF-8"?>
<patent-document ucid="EP-2680772-A1" country="EP" doc-number="2680772" kind="A1" date="20140108" family-id="45812752" file-reference-id="311174" date-produced="20180823" status="corrected" lang="EN"><bibliographic-data><publication-reference fvid="146587080" ucid="EP-2680772-A1"><document-id><country>EP</country><doc-number>2680772</doc-number><kind>A1</kind><date>20140108</date><lang>EN</lang></document-id></publication-reference><application-reference ucid="EP-12707983-A" is-representative="NO"><document-id mxw-id="PAPP154849272" load-source="docdb" format="epo"><country>EP</country><doc-number>12707983</doc-number><kind>A</kind><date>20120301</date><lang>EN</lang></document-id><document-id mxw-id="PAPP191080981" load-source="docdb" format="original"><country>EP</country><doc-number>12707983.8</doc-number><date>20120301</date><lang>EN</lang></document-id></application-reference><priority-claims><priority-claim mxw-id="PPC140552333" ucid="EP-2012000894-W" linkage-type="W" load-source="docdb"><document-id format="epo"><country>EP</country><doc-number>2012000894</doc-number><kind>W</kind><date>20120301</date></document-id></priority-claim><priority-claim mxw-id="PPC140551606" ucid="US-201113040066-A" load-source="docdb"><document-id format="epo"><country>US</country><doc-number>201113040066</doc-number><kind>A</kind><date>20110303</date></document-id></priority-claim></priority-claims><technical-data><classifications-ipcr><classification-ipcr mxw-id="PCL-1965265998" load-source="docdb">A61B  17/86        20060101ALI20160225BHEP        </classification-ipcr><classification-ipcr mxw-id="PCL-1965266598" load-source="docdb">A61B  17/16        20060101AFI20160225BHEP        </classification-ipcr><classification-ipcr mxw-id="PCL-1965267360" load-source="docdb">A61B  17/80        20060101ALI20160225BHEP        </classification-ipcr></classifications-ipcr><classifications-cpc><classification-cpc mxw-id="PCL-1909555070" load-source="docdb" scheme="CPC">A61B  17/80        20130101 LI20160804BHEP        </classification-cpc><classification-cpc mxw-id="PCL-1996932467" load-source="docdb" scheme="CPC">A61B  17/16        20130101 LA20151126BHEP        </classification-cpc><classification-cpc mxw-id="PCL-1996933004" load-source="docdb" scheme="CPC">A61B  17/8057      20130101 LA20151126BHEP        </classification-cpc><classification-cpc mxw-id="PCL-1996933526" load-source="docdb" scheme="CPC">A61B  17/8042      20130101 LI20151126BHEP        </classification-cpc><classification-cpc mxw-id="PCL-2128538355" load-source="docdb" scheme="CPC">A61B  17/863       20130101 FI20141205BHEP        </classification-cpc></classifications-cpc><invention-title mxw-id="PT132365873" lang="DE" load-source="patent-office">FCL-KNOCHENSCHRAUBE MIT MEHRFACHGEWINDEPROFILEN UND FLEXIBLE VERBINDUNG MIT EINEM KNOCHEN</invention-title><invention-title mxw-id="PT132365874" lang="EN" load-source="patent-office">BONE SCREW WITH MULTIPLE THREAD PROFILES FOR FAR CORTICAL LOCKING AND FLEXIBLE ENGAGEMENT TO A BONE</invention-title><invention-title mxw-id="PT132365875" lang="FR" load-source="patent-office">VIS À OS AYANT DES PROFILS DE FILETAGE MULTIPLES POUR UN VERROUILLAGE CORTICAL PROFOND ET UN ENGAGEMENT FLEXIBLE DANS UN OS</invention-title></technical-data><parties><applicants><applicant mxw-id="PPAR919522477" load-source="docdb" sequence="1" format="epo"><addressbook><last-name>ZIMMER INC</last-name><address><country>US</country></address></addressbook></applicant><applicant mxw-id="PPAR919517096" load-source="docdb" sequence="1" format="intermediate"><addressbook><last-name>ZIMMER, INC.</last-name></addressbook></applicant><applicant mxw-id="PPAR919006270" load-source="patent-office" sequence="1" format="original"><addressbook><last-name>Zimmer, Inc.</last-name><iid>101310776</iid><address><street>345 East Main Street</street><city>Warsaw, IN 46581-0708</city><country>US</country></address></addressbook></applicant></applicants><inventors><inventor mxw-id="PPAR919516395" load-source="docdb" sequence="1" format="epo"><addressbook><last-name>BOTTLANG MICHAEL</last-name><address><country>US</country></address></addressbook></inventor><inventor mxw-id="PPAR919527202" load-source="docdb" sequence="1" format="intermediate"><addressbook><last-name>BOTTLANG, MICHAEL</last-name></addressbook></inventor><inventor mxw-id="PPAR919011908" load-source="patent-office" sequence="1" format="original"><addressbook><last-name>BOTTLANG, MICHAEL</last-name><address><street>12346 SE Cougar Place</street><city>Happy Valley, OR 97086</city><country>US</country></address></addressbook></inventor><inventor mxw-id="PPAR919510944" load-source="docdb" sequence="2" format="epo"><addressbook><last-name>DOORNINK JOSEF</last-name><address><country>US</country></address></addressbook></inventor><inventor mxw-id="PPAR919510324" load-source="docdb" sequence="2" format="intermediate"><addressbook><last-name>DOORNINK, Josef</last-name></addressbook></inventor><inventor mxw-id="PPAR919015383" load-source="patent-office" sequence="2" format="original"><addressbook><last-name>DOORNINK, Josef</last-name><address><street>1526 SE Ladd Avenue, Apt. H</street><city>Portland, OR 97214</city><country>US</country></address></addressbook></inventor><inventor mxw-id="PPAR919510948" load-source="docdb" sequence="3" format="epo"><addressbook><last-name>KEITH MICHAEL</last-name><address><country>US</country></address></addressbook></inventor><inventor mxw-id="PPAR919520664" load-source="docdb" sequence="3" format="intermediate"><addressbook><last-name>KEITH, MICHAEL</last-name></addressbook></inventor><inventor mxw-id="PPAR919006535" load-source="patent-office" sequence="3" format="original"><addressbook><last-name>KEITH, MICHAEL</last-name><address><street>814 Timber Lane</street><city>Winona Lane, IN 46590</city><country>US</country></address></addressbook></inventor><inventor mxw-id="PPAR919507074" load-source="docdb" sequence="4" format="epo"><addressbook><last-name>KOSER ANTHONY LEE</last-name><address><country>US</country></address></addressbook></inventor><inventor mxw-id="PPAR919530883" load-source="docdb" sequence="4" format="intermediate"><addressbook><last-name>KOSER, Anthony Lee</last-name></addressbook></inventor><inventor mxw-id="PPAR919017192" load-source="patent-office" sequence="4" format="original"><addressbook><last-name>KOSER, Anthony Lee</last-name><address><street>1105 South 775 West</street><city>Warsaw, IN 46580</city><country>US</country></address></addressbook></inventor></inventors><agents><agent mxw-id="PPAR919015581" load-source="patent-office" sequence="1" format="original"><addressbook><last-name>Mays, Julie</last-name><suffix>et al</suffix><iid>101303581</iid><address><street>Venner Shipley LLP 200 Aldersgate</street><city>London EC1A 4HD</city><country>GB</country></address></addressbook></agent></agents></parties><international-convention-data><pct-or-regional-filing-data ucid="EP-2012000894-W"><document-id><country>EP</country><doc-number>2012000894</doc-number><kind>W</kind><date>20120301</date><lang>EN</lang></document-id></pct-or-regional-filing-data><pct-or-regional-publishing-data ucid="WO-2012116819-A1"><document-id><country>WO</country><doc-number>2012116819</doc-number><kind>A1</kind><date>20120907</date><lang>EN</lang></document-id></pct-or-regional-publishing-data><designated-states><ep-contracting-states><country mxw-id="DS549781349" load-source="docdb">AL</country><country mxw-id="DS549768259" load-source="docdb">AT</country><country mxw-id="DS549917936" load-source="docdb">BE</country><country mxw-id="DS549865097" load-source="docdb">BG</country><country mxw-id="DS549850682" load-source="docdb">CH</country><country mxw-id="DS549917937" load-source="docdb">CY</country><country mxw-id="DS549768260" load-source="docdb">CZ</country><country mxw-id="DS549781350" load-source="docdb">DE</country><country mxw-id="DS549917938" load-source="docdb">DK</country><country mxw-id="DS549917939" load-source="docdb">EE</country><country mxw-id="DS549849422" load-source="docdb">ES</country><country mxw-id="DS549865114" load-source="docdb">FI</country><country mxw-id="DS549850683" load-source="docdb">FR</country><country mxw-id="DS549781351" load-source="docdb">GB</country><country mxw-id="DS549917940" load-source="docdb">GR</country><country mxw-id="DS549781352" load-source="docdb">HR</country><country mxw-id="DS549768273" load-source="docdb">HU</country><country mxw-id="DS549849423" load-source="docdb">IE</country><country mxw-id="DS549917941" load-source="docdb">IS</country><country mxw-id="DS549865115" load-source="docdb">IT</country><country mxw-id="DS549917942" load-source="docdb">LI</country><country mxw-id="DS549865116" load-source="docdb">LT</country><country mxw-id="DS549768547" load-source="docdb">LU</country><country mxw-id="DS549865117" load-source="docdb">LV</country><country mxw-id="DS549865122" load-source="docdb">MC</country><country mxw-id="DS549768548" load-source="docdb">MK</country><country mxw-id="DS549768553" load-source="docdb">MT</country><country mxw-id="DS549865123" load-source="docdb">NL</country><country mxw-id="DS549850684" load-source="docdb">NO</country><country mxw-id="DS549865124" load-source="docdb">PL</country><country mxw-id="DS549849424" load-source="docdb">PT</country><country mxw-id="DS549781365" load-source="docdb">RO</country><country mxw-id="DS549849425" load-source="docdb">RS</country><country mxw-id="DS549865125" load-source="docdb">SE</country><country mxw-id="DS549851158" load-source="docdb">SI</country><country mxw-id="DS549850685" load-source="docdb">SK</country><country mxw-id="DS549850710" load-source="docdb">SM</country><country mxw-id="DS549917943" load-source="docdb">TR</country></ep-contracting-states></designated-states></international-convention-data><office-specific-data><eptags><ep-no-a-document-published>*</ep-no-a-document-published></eptags></office-specific-data></bibliographic-data><abstract mxw-id="PA99838035" ref-ucid="WO-2012116819-A1" lang="EN" load-source="patent-office"><p num="0000">Osteosynthesis constructs for treating bone fractures and bone screws for use in such systems are disclosed. The bone screws include a threaded front section (7) configured for engagement with cortical bone, a threaded mid-section (6) and an unthreaded neck section (5) configured for limited movement within the near cortex of the bone. Osteosynthesis constructs of the type disclosed promote secondary healing by allowing for substantially parallel motion at the near and far cortex within the effective motion range for callus formation.</p></abstract><abstract mxw-id="PA100333637" ref-ucid="WO-2012116819-A1" lang="EN" source="national office" load-source="docdb"><p>Osteosynthesis constructs for treating bone fractures and bone screws for use in such systems are disclosed. The bone screws include a threaded front section (7) configured for engagement with cortical bone, a threaded mid-section (6) and an unthreaded neck section (5) configured for limited movement within the near cortex of the bone. Osteosynthesis constructs of the type disclosed promote secondary healing by allowing for substantially parallel motion at the near and far cortex within the effective motion range for callus formation.</p></abstract><abstract mxw-id="PA99838036" ref-ucid="WO-2012116819-A1" lang="FR" load-source="patent-office"><p num="0000">L'invention concerne des constructions d'ostéosynthèse pour le traitement de fractures osseuses et des vis à os en vue d'une utilisation dans de tels systèmes. Les vis à os comprennent une section antérieure filetée (7) configurée pour un engagement dans un os cortical, une section intermédiaire filetée (6) et une section de col non filetée (5) configurée pour un mouvement limité à l'intérieur du cortex superficiel de l'os. Des constructions d'ostéosynthèse du type divulgué favorisent une guérison secondaire en permettant un mouvement sensiblement parallèle au niveau du cortex superficiel et du cortex profond à l'intérieur de la plage de mouvement efficace pour la callogenèse.</p></abstract><abstract mxw-id="PA100333638" ref-ucid="WO-2012116819-A1" lang="FR" source="national office" load-source="docdb"><p>L'invention concerne des constructions d'ostéosynthèse pour le traitement de fractures osseuses et des vis à os en vue d'une utilisation dans de tels systèmes. Les vis à os comprennent une section antérieure filetée (7) configurée pour un engagement dans un os cortical, une section intermédiaire filetée (6) et une section de col non filetée (5) configurée pour un mouvement limité à l'intérieur du cortex superficiel de l'os. Des constructions d'ostéosynthèse du type divulgué favorisent une guérison secondaire en permettant un mouvement sensiblement parallèle au niveau du cortex superficiel et du cortex profond à l'intérieur de la plage de mouvement efficace pour la callogenèse.</p></abstract><description mxw-id="PDES51233785" ref-ucid="WO-2012116819-A1" lang="EN" load-source="patent-office"><!-- EPO <DP n="2"/>--><p id="p0001" num="0001"> BONE SCREW WITH MULTIPLE THREAD PROFILES FOR </p><p id="p0002" num="0002"> FAR CORTICAL LOCKING AND FLEXIBLE ENGAGEMENT TO A BONE </p><p id="p0003" num="0003">CROSS-REFERENCE TO RELATED APPLICATIONS </p><p id="p0004" num="0004">[0001] This is a continuation-in-part of U.S. Patent Application Serial No. </p><p id="p0005" num="0005">11/058,935, filed February 15, 2005, the contents of which is incorporated by reference herein in its entirety. </p><p id="p0006" num="0006">FIELD OF DISCLOSURE </p><p id="p0007" num="0007">[0002] The present disclosure relates generally to the field of medical devices. In particular, embodiments of the present disclosure relate, but are not limited, to a bone screw with features and/or attributes to provide positive-locking but flexible engagement to a bone. Even more particularly, the present disclosure relates to bone plate systems, including the bone screws used therewith, that are less stiff (as compared to existing systems) and thereby promote effective and substantially more uniform callus formation at the fracture site during initial bone healing. </p><p id="p0008" num="0008">BACKGROUND </p><p id="p0009" num="0009"> [0003] Bone screws have typically been used to directly compress osteosynthesis plates onto the bone in order to align and stabilize a bone fracture. In this utilization, bone screws are not fixed rigidly to the bone plate, and the resulting frictional force between the plate and the bone is solely responsible for the stability of the </p><p id="p0010" num="0010">osteosynthesis construct. Loosening of the screws in the bone or a resorption of the bone can thus easily lead to a loss of stability. 
<!-- EPO <DP n="3"/>-->
 [0004] To avoid such loosening, and for the purpose of improving vascularity in a manner that minimizes damage to the bone surface, means for rigid locking of a bone screw in a bone plate and elevated fixation of a bone plate over the bone surface have been introduced. For example, in one prior art implementation, a positive-locking system between the screw and plate is effectuated by means of a bone plate with conical plate holes. The conical plate holes provide a rigid connection between the plate and the fixation screws, even after the screw-bone interface has loosened. In another prior art implementation, a positive-locking system is effectuated by fitting screw holes in the plate with inside threads. These threaded holes accept bone screws fitted with a second threaded portion which is widened compared to the conventional threaded screw shank segment, to facilitate engagement with the inside thread of the plate hole. These prior art positive-locking screws are designed to be threaded into the first bone surface underlying the plate, or into both the first and second bone surface of a quasi-cylindrical bone cross-section underlying the plate. </p><p id="p0011" num="0011">[0005] While these positive-locking osteosynthesis constructs provide superior stability, their stiffness can pose increased stress to the screw-bone interface. This has introduced failure modes, in which the bone resorbs or fractures adjacent to the outermost screw in the plate, since this screw absorbs the majority of the stress as the load is transferred from the bone to the plate. </p><p id="p0012" num="0012"> [0006] Furthermore, the stiffness of the fixation construct suppresses small motion at the fracture site, which otherwise can be beneficial for fracture healing by inducing a fracture callus. Less stiff external fixators similarly impose positive-locking between bone pins and an external fixation bar. However, flexion of the considerably long 
<!-- EPO <DP n="4"/>-->
 fixation pins allows for controlled motion at the fracture site that is of sufficient magnitude to induce fracture healing by callus formation. While positive-locking plate- screw constructs employ a similar fixation principle as an external fixator, the close proximity of the plate to the bone surface prohibits elastic flexion of the screw segment between the plate and the bone. </p><p id="p0013" num="0013">SUMMARY </p><p id="p0014" num="0014"> [0007] In one aspect, the present disclosure is directed to a bone screw having a head portion and a shaft portion. The shaft portion includes a proximal neck section, a threaded mid-section and a threaded front section distal to said mid-section. The midsection has a thread profile different from the thread profile of the front section and the threaded front section is configured for engaging cortical bone. </p><p id="p0015" num="0015">[0008] The length of the threaded front section is preferably sufficient to span or exceed the thickness of the far bone surface or far cortex. The length of the mid-section preferably extends through a substantial portion of the distance between the near and far cortex. The neck section preferably spans the width of the near cortex without being rigidly fixed in the near cortex.The relative lengths of the front section, mid-section , and neck section may be selected to achieve such desired objectives as far cortical locking including, among others, flexion without failure at the mid-section and range of motion for the neck section within the near cortex. Thus, the relative lengths may be substantially identical, similar, or may vary as needed. More particularly, the relative lengths of front section , mid-section and neck section are preferably selected to accommodate different bone sizes and bone characteristics so that when the bone 
<!-- EPO <DP n="5"/>-->
 screw is fully implanted (1 ) the far cortex is at least substantially engaged by the front section , (2) no part or at least substantially no part of the mid-section engages any part of the near or far cortex, (3) the stiffness of the mid-section is sufficient to provide the desired bending ability under expected axial loading, (4) the mid-section quickly engages the near cortex upon screw removal, (5) substantially all of the neck section resides within the pilot (screw) hole in the near cortex and (6) the neck section enjoys a sufficient clearance on either side to allow for a limited degree of motion. With regard to pilot hole clearance, in accordance with the present disclosure, a gap of between approximately 0.2 mm and 0.6 mm and more typically approximately 0.5 mm on either side of the neck section within the near cortex may be desirable in most applications. </p><p id="p0016" num="0016">[0009] The geometry of the mid-section may be selected such that the mid-section has a bending ability to accommodate flexion along the central axis of the bone screw, to allow for controlled relative motion between bone and bone plate. In some embodiments of the invention, the bending ability may be sufficient to accommodate excessive loading of the osteosynthesis construct. In such event, the mid-section provides for a controlled failure mechanism to delay or prevent more detrimental failure modes, such as plate bending or bone fracture. Further, this elasticity may also improve the ability of the head portion to engage the bone plate, especially for embodiments where engagement involves engaging threads of the head portion with a threaded through hole in the bone plate , and the "screw holes" in the bone and threaded through hole of the bone plate are not precisely concentric. </p><p id="p0017" num="0017">[00010] The exact geometric attributes of the mid-section are application dependent, that is, they may vary from one application to another. 
<!-- EPO <DP n="6"/>-->
 [00011] The neck section of the bone screw preferably spans the width of the near cortex without being rigidly fixed in near cortex. The diameter of the neck section may be as large as the core diameter of the threaded front section, and may be as small as 50% of the core diameter of the threaded front section. The diameter of the neck section is preferably smaller than the diameter of the screw hole in the near cortex. The difference between these diameters determines the amount of flexion the screw shaft will accommodate before the neck section contacts the screw hole in near cortex. </p><p id="p0018" num="0018">Alternatively, where the neck section and core diameter of the front section have the same diameter, the diameter of the screw hole in the near cortex can be made larger to exceed that of the neck section of the screw. </p><p id="p0019" num="0019"> [00012] The resulting axial and translational degree of freedom between the screw neck and the screw hole in the near cortex plays a role in realizing the benefits of far cortex fixation, including reduction of construct stiffness and reduction of stress concentrations at the screw-bone interface. In addition, the resulting axial and translational degree of freedom also relates to the degree of bone movement of the two bone segments at the fracture site relative to each other, and consequently to the effective and substantially uniform callus formation at the site. Contact of the screw shaft with the near cortex due to increased loading of the osteosynthesis construct may provide additional support, and may dynamically increase construct stiffness. </p><p id="p0020" num="0020">[00013] In another aspect, the present disclosure is directed to a bone plate and bone fastener system. The system includes a metal plate having an elongated body including a first end and a second end. The plate body defines a plurality of apertures extending therethrough. The system further includes a plurality of fasteners wherein at 
<!-- EPO <DP n="7"/>-->
 least one of said fasteners has a head portion and a shaft portion. The shaft portion has an unthreaded neck section, a threaded mid-section, and a threaded front section distal to said mid-section. The threaded front section is configured to engage the far cortical wall of a bone. The mid-section has a thread profile different from the thread profile of the front section. </p><p id="p0021" num="0021"> [00014] In yet another aspect, the present disclosure is directed to a method for treating a bone fracture with an osteosynthesis construct. The method includes determining, by diagnostic means, one or more of the size of the bone and/or the thickness of the cortical wall. The method further includes selecting a metal plate comprising an elongated body having a first end and a second end. The plate body further includes a plurality of apertures extending therethrough. The method further includes aligning at least a section of the elongated body with the diaphysis of the bone to bridge the fracture site. A screw for attaching the plate to the diaphysis is selected. The screw has a shaft including an unthreaded neck section, a threaded mid-section, and a threaded front section distal to the mid-section. The selection of the screw is based at least on the thickness of said cortical wall. The method further includes providing a pilot hole in at least the near cortex of the bone, wherein the diameter of said pilot hole is greater than the diameter of screw neck portion. The screw is then advanced so that substantially the entire front section of the screw engages the far cortex of the bone and substantially no part of the threaded mid-section engages any bone during the far cortical engagement. </p><p id="p0022" num="0022">BRIEF DESCRIPTION OF THE DRAWINGS 
<!-- EPO <DP n="8"/>-->
 [00015] The present invention will be described by way of exemplary embodiments, but not limitations, illustrated in the accompanying drawings in which like references denote similar elements, and in which: </p><p id="p0023" num="0023"> [00016] FIG. 1 is a perspective view of a bone plate construct applied to a fractured bone including one embodiment of a bone screw of the present invention in relation to two alternative or cumulative fracture sites; </p><p id="p0024" num="0024"> [00017] FIG. 2 is a cross-sectional side view of the bone plate (osteosynthesis) construct attached to a fractured bone with bone screws of the present invention on both sides of the fracture site; </p><p id="p0025" num="0025"> [00018] FIG. 3 is a side view of one embodiment of a bone screw of the present invention ; </p><p id="p0026" num="0026"> [00019] FIG. 4 is an enlarged cross-sectional view of the bone screw of Fig. 3 taken along line 8-8 and showing the thread profile at the junction of the mid-section and front section of the shaft; </p><p id="p0027" num="0027"> [00020] FIG. 5 is a cross-sectional end view of the bone screw of Fig. 3 taken along line 9-9; </p><p id="p0028" num="0028"> [00021] FIG. 6 is an enlarged side view of the thread profile of the mid-section of the bone screw shown in Fig. 3; </p><p id="p0029" num="0029"> [00022] FIG. 7 is an enlarged side view of the thread profile of the front section of the bone screw shown in Fig. 3. </p><p id="p0030" num="0030"> [00023] FIG. 8 is a side view of another embodiment of a bone screw of the present disclosure; 
<!-- EPO <DP n="9"/>-->
 [00024] FIG. 9 is a cross-sectional view of a portion of the bone screw of Fig. 8 taken along line 13-13 and showing an expanded core section; </p><p id="p0031" num="0031">[00025] FIG. 10 is a cross-sectional end view of the bone screw of Fig. 8 taken along lines 14-14; </p><p id="p0032" num="0032"> [00026] FIG. 11 is an enlarged side view of the thread profile of the mid-section of the bone screw of Fig. 8; </p><p id="p0033" num="0033"> [00027] FIG. 12 is an enlarged side view of the thread profile of the front section of the bone screw of Fig. 8; </p><p id="p0034" num="0034"> [00028] FIG. 13 is an enlarged view of a portion of the fracture site of Fig. 2; </p><p id="p0035" num="0035">[00029] FIG. 14 is an enlarged view of a bone screw of the present invention, including a bone screw cap, wherein the bone screw is inserted at an angle to the central axis of the plate aperture; </p><p id="p0036" num="0036"> [00030] FIG. 15 is a graph showing near cortex motion as a percentage of far cortex motion in a simulated tibial diaphysis with constructs using bone screws of the present invention and constructs using only bi-cortical locking screws; and </p><p id="p0037" num="0037">[00031] Fig. 16 is a graph showing near cortex motion as a percentage of far cortex motion in a simulated femoral diaphysis with constructs using bone screws of the present invention and constructs using only bi-cortical locking screws. 
<!-- EPO <DP n="10"/>-->
</p><p id="p0038" num="0038">DETAILED DESCRIPTION OF ILLUSTRATIVE EMBODIMENTS </p><p id="p0039" num="0039"> [00032] Illustrative embodiments of the present disclosure include, but are not limited to, a bone screw, an osteosynthesis construct, and associated methods for using the bone screw and/or the osteosynthesis construct. </p><p id="p0040" num="0040"> [00033] Various aspects of the illustrative embodiments will be described using terms commonly employed by those skilled in the art to convey the substance of their work to others skilled in the art. However, it will be apparent to those skilled in the art that alternate embodiments may be practiced with only some of the described aspects. For purposes of explanation, specific numbers, materials, and configurations are set forth in order to provide a thorough understanding of the illustrative embodiments. However, it will be apparent to one skilled in the art that alternate embodiments may be practiced without the specific details. In other instances, well-known features are omitted or simplified in order not to obscure the illustrative embodiments. </p><p id="p0041" num="0041">[00034] The phrase "in one embodiment" is used repeatedly. The phrase generally does not refer to the same embodiment; however, it may. The terms "comprising", "having" and "including" are synonymous, unless the context dictates otherwise. </p><p id="p0042" num="0042">[00035] The terms "minor" and "core" when used to describe a diameter of a screw or screw shaft are used interchangeably and have the same meaning. </p><p id="p0043" num="0043">[00036] Referring now to FIG. 2, illustrated therein is bone screw 1 in accordance with various embodiments and one aspect of the present invention. Additionally, bone screw 1 is illustrated with a cross sectional view of tubular bone 3 and bone plate 2. As illustrated, for the embodiments, bone screw 1 includes a head portion 4 and an adjoining shaft portion having a front section 7, a mid-section 6, and a neck section 5. 
<!-- EPO <DP n="11"/>-->
 As will be described in more detail below, in various embodiments, preferably at least two of sections 5-7 are endowed with complementary features and/or attributes, such that bone screw 1 may be positively-locked, but flexibly engaged to a bone. </p><p id="p0044" num="0044">Additionally, bone screw 1 may be employed in conjunction with bone plate 2 to form an osteosynthesis construct. Further, potential advantages that may be obtained from adapting, and using bone screw 1 will also be described below. </p><p id="p0045" num="0045">[00037] For the embodiments, bone screw 1 is a rotationally symmetrical unitary piece having a central axis, depicted by the dotted line best seen in Figure 8 running from head portion 4 through the neck, mid and front sections 5-7 of the shaft portion. In various embodiments, bone screw 1 is made of a biocompatible material, e.g. stainless steel or titanium. </p><p id="p0046" num="0046"> [00038] For the illustrated embodiments, front section 7 has a core diameter , and is threaded for secure fixation of bone screw 1 in the far bone surface, termed far cortex 8. The length of threaded front section 7 is sufficient to span or exceed the thickness of far cortex 8. </p><p id="p0047" num="0047"> [00039] Further, for the illustrated embodiments, threaded front section 7 may incorporate a self-tapping feature 9, which allows for insertion of bone screw 1 without the need for tapping of a screw thread. Additionally, for the illustrated embodiments, threaded front section 7 may also incorporate a self-drilling feature , which allows for screw insertion without the need for pre-drilling a hole in the cortex. Still further, for the illustrated embodiments, threaded front section 7 may also incorporate a second self- drilling feature 11 located toward mid-section 6, which allows for screw removal </p><p id="p0048" num="0048">(withdrawal) to penetrate newly formed bone at the perimeter of the screw hole (cavity) 
<!-- EPO <DP n="12"/>-->
 in the near cortex 12. The term "screw hole" is also referred to herein as "pilot hole." These terms are used interchangeably and have the same meaning. </p><p id="p0049" num="0049">[00040] Still referring to FIG. 2, mid-section 6 of the shaft portion has a diameter . The diameter may be constant, or may alter towards the neck section 5 in a manner to induce essentially evenly distributed bending and strain along mid-section 6 as a load perpendicular to the central axis of bone screw 1 is applied to head portion 4 of bone screw 1. The diameter of the mid-section may be as large as the core diameter of the threaded front section, but may be smaller and may be as small as 50% of the core diameter of the threaded front section 7. Examples of bone screw 1 wherein the core diameter of mid-section 6 is smaller than the core diameter of front section 7 are also disclosed with reference to Figs. 1- 4. The length of mid-section 6 extends through a substantial portion of the distance between the near and far cortex. </p><p id="p0050" num="0050">[00041] In various embodiments, the geometry of the mid-section is selected such that mid-section 6 has a bending ability to accommodate flexion along the central axis of bone screw 1 , to allow for controlled relative motion between bone 3 and bone plate 2. In various embodiments, the bending ability is sufficient to accommodate excessive loading of the osteosynthesis construct. In such event, mid-section 6 provides for a controlled failure mechanism to delay or prevent more detrimental failure modes, such as plate bending or bone fracture. Further, this elasticity may also improve the ability of head portion 4 to engage bone plate 2, especially for embodiments where engagement involves engaging threads 13 of head portion 4 (Figure 8) with threaded through hole 14 of bone plate 2, and the "screw holes" in the bone and threaded through hole 14 of bone plate 2 are not precisely concentric. 
<!-- EPO <DP n="13"/>-->
 [00042] The exact geometric attributes of mid-section 6 is application dependent, that is, it may vary from one application to another. Continuing to refer to FIG. 2, neck section 5 has a core diameter of and spans the width of near cortex 12 without being rigidly fixed in near cortex 12, with near cortex 12 being the bone surface underlying bone plate 2. The diameter of the neck section may be as large as the core diameter of threaded front section 7, and may be as small as 50% of the core diameter of threaded front section 7. The diameter of the neck section 5 is smaller than the diameter of the screw hole in the near cortex. The difference between these diameters determines the amount of flexion the screw shaft will accommodate before neck section 5 contacts the screw hole in near cortex 12. </p><p id="p0051" num="0051"> The resulting axial and translational degree of freedom between screw neck 5 and the screw hole in the near cortex plays a role in realizing the benefits of far cortex fixation, including reduction of construct stiffness and reduction of stress concentrations at the screw-bone interface. In addition, the resulting axial and translational degree of freedom also relates to the degree of bone movement of the two bone segments at the fracture site relative to each other, and consequently to the effective and substantially uniform callus formation at the site. Contact of the screw shaft with near cortex 12 due to increased loading of the osteosynthesis construct may provide additional support, and may dynamically increase construct stiffness. </p><p id="p0052" num="0052"> [00043] Referring now to Figs 1 to 14 for the illustrated embodiments, head portion 4 is provided with a conical shape, and in some embodiments is fitted with a threaded portion 13. In various embodiments, thread portion 13 is widened, compared to the threads of front section 7. This threaded head is adapted to engage with the inside 
<!-- EPO <DP n="14"/>-->
 thread that partially defines plate hole or aperture 14 in bone plate 2 to form a positive- locking mechanism between bone screw 1 and bone plate 2. In other embodiments disclosed herein, head portion 4 may be unthreaded. For example, as shown and described in more detail below in connection with Figs. 1 , 3-7 and 13-14, head portion 4 may be unthreaded and spherical. Bone screws of this type may be further provided with cap 48 that has an external thread adapted to engage an internal thread within aperture 14 of a corresponding bone plate 2, as will be recognized by those of skill in the art. Notwithstanding such differences, for purposes of the present disclosure, the same reference numerals are otherwise used in the various embodiments to refer to similar elements or features of the bone screw, the plate or the entire system or construct. Use of the same reference numerals, such as numeral "1 " for the bone screw and numeral "2" for the bone plate is not intended to suggest that the screws, plates and constructs do not differ in other respects. </p><p id="p0053" num="0053"> [00044] Also, while the foregoing descriptions have been presented with bone screw 1 and plate 2 illustrated in the context of a cross-section of a tubular bone. Those skilled in the art will appreciate that the present invention is not so limited, and may be practiced in non-tubular situation. </p><p id="p0054" num="0054"> [00045] Still referring to FIGS. 1-2, in various applications, bone screw 1 is inserted through bone plate 2 into bone 3. More specifically, in various applications, bone screw 1 is inserted substantially perpendicular to the surface plane of bone plate 2, and is substantially aligned with the central axis of the plate hole of bone plate 2. During screw insertion, bone plate 2 may or may not be elevated from the bone surface . </p><p id="p0055" num="0055">Screw insertion will terminate as soon as the threaded screw head section 4 is fully 
<!-- EPO <DP n="15"/>-->
 seated in the corresponding threaded plate hole 14. After screw insertion, bone plate 2 is positively locked to bone screw 1 , and will maintain the elevation from the bone surface given during screw insertion. </p><p id="p0056" num="0056"> [00046] In various applications/embodiments, two or more far cortex bone screws 1 of FIGS. 1-2 may be associated with bone plate 2 to form an osteosynthesis construct. The stiffness of the construct may be adjusted by the complementary geometry provided to the bone screws , and by the number of bone screws 1. </p><p id="p0057" num="0057">[00047] In other applications/embodiments, one or more far cortex bone screws 1 of FIGS. 1-2 may be combined with one or more conventional positive-locking bi-cortical or near cortex bone screws to provide for a more gradual load transfer between the bone and the bone plate. Bi-cortical locking screws are screws that engage the bone at both the near cortex 12 and far cortex 8. Thus, bi-cortical locking screws will typically include screw threads (or other engagement means) at least at the distal end of the screw shaft and the proximal end of the screw shaft. Indeed, bi-cortical locking screws are often threaded along the entire length of the screw shaft. Inasmuch as bi-cortical locking screws engage or are otherwise rigidly fixed within the near cortex (in addition to the far cortex), the neck section within the pilot hole does not move either by virtue of a smaller shaft diameter and/or expanded pilot hole diameter. More typically, however, in most applications where far cortical locking is utilized and a less stiff osteosynthesis construct is desired, all of the bone screws extending through the diaphysis are bone screws of the type described herein, namely, bone screws that only engage far cortex 8 and allow for limited movement of neck section 5 within the near cortex 12. 
<!-- EPO <DP n="16"/>-->
 [00048] In still other applications/embodiments, one or more far cortex bone screws 1 of FIGS. 1-2 may be combined with one or more conventional, non-locking bi-cortical screws to improve fixation strength and durability. </p><p id="p0058" num="0058"> [00049] With reference to Figs. 1-14, described below are embodiments of bone screws that provide uni-cortical engagement, that is, engagement of bone screw 1 with only the far cortex 8 while allowing neck section 5 a limited range of motion within the pilot (or screw) hole in the near cortex 12. Thus, , the embodiments described below include a threaded front section 7 for engaging far cortex 8. Also, mid-section 6 has a stiffness and a bending ability that can accommodate a degree of flexion along the central axis of bone screw 1 , thereby providing a osteosynthesis construct of less stiffness (when compared to systems that employ screws for bi-cortical engagement). Furthermore, the embodiments described below include a mid-section 6 that is likewise threaded (as also disclosed above in connection with the embodiment of Fig. 1 but still maintains the desired bending ability. </p><p id="p0059" num="0059"> [00050] Turning first to Figs. 1 -2, an exemplary osteosynthesis construct useful in the treatment of bone fractures and particularly in the secondary healing through callus formation at the fracture site 31 is shown. The bone construct includes plate 2 and one or more types of bone screws, including one or more of bone screw 1 of the present disclosure. As shown in Fig. 1 , plate 2 includes an elongated body 34 having a first end 36 and a second end 38. Plate 2, which is typically made of a metal such as, but not limited to, titanium, stainless steel, or alloys thereof, is preferably anatomically contoured for conforming placement against bone 3. As shown in Fig. 1 , plate 2 may include a widened or laterally extending portion at the first (e.g., proximal) end 36 or at 
<!-- EPO <DP n="17"/>-->
 the second (e.g., distal) end 38, for contact with the metaphysis or epiphysis of bone 3. The remainder of plate 2 is aligned against the diaphysis of bone 31 , so as to bridge fracture site 31. Of course, plate(s) 2, may be provided in different shapes and sizes as necessary. Bone plates 2 for treating fractures of different long bones, including the femur, tibia and humerus, and that are useful in the systems and methods disclosed herein are available from Zimmer, Inc., of Warsaw, Indiana. </p><p id="p0060" num="0060">[00051] As discussed above and shown in Figs. 1 and 2, the bone plate system typically includes a plurality of bone screws 1 for engaging the far cortical wall (far cortex 8) of bone 3. In addition to screws of the type described herein, additional bone screws for engaging other parts of the bone and different bone types may also be included in the surgical procedure. For example, bone screws 50 for engaging cancellous bone at, for example, the metaphysis or epiphysis of the bone may also be employed in combination with bone screws of the present disclosure intended for engagement of the far cortex 8. Cancellous bone is sometimes referred to as "spongy bone" and has a more open structure than the more dense cortical bone. Thus, cancellous bone screws may have a different thread profile (as that term is defined below) than the thread profile of bone screw 1. Use of cancellous bone screws 50 and placement of such screws in combination with bone screws 1 of the present disclosure will depend, in part, on the number and location of the fracture sites 31 and/or 31 '. Placement of bone screws 1 described herein relative to other screws and fracture sites 31 or 31 ' is discussed in more detail below. The plate(s) and different types of screws, i.e., screws for engaging cancellous bone and screws for engaging the far cortex 8 may 
<!-- EPO <DP n="18"/>-->
 be provided as a single kit, with (optionally) the tools required to attach the same and other accessories such as spacers, locking caps and the like. </p><p id="p0061" num="0061"> [00052] Turning now to Fig. 3, there is shown another embodiment of bone screw 1 for use with bone plate 2, wherein the bone screw 1 is adapted or configured for attachment to the far cortex 8. As shown in Fig. 7, bone screw 1 includes a head portion 4, neck section 5, mid-section 6, and front section 7. Bone screw 1 may be made of any metal suitable for use with bone, such as the previously mentioned titanium, stainless steel, and alloys thereof. One such alloy is a titanium-vanadium- aluminum alloy, known commercially as TIVANIUM® Ti-6AI-4V alloy, which is used and available in osteosynthesis products sold by Zimmer, Inc of Warsaw, Indiana. The surface of bone screw 1 may be treated by zirconia bead blast or other surface treatment techniques, which may improve the fatigue strength and provide other desirable properties to bone screw 1 . </p><p id="p0062" num="0062"> [00053] Inasmuch as the bone size among different patients will vary, bone screw 1 is preferably dimensioned to allow for its use in a range of bone sizes and bone types. Thus, bone screw 1 may come in a variety of lengths and diameters to allow for use with different bones (e.g., femur, tibia, humerus) as well as different bone sizes of the same. Typically, but without limitation, bone screw 1 will have a diameter of anywhere between 3.0 mm and 6.0 mm measured at the largest major diameter of bone screw shaft. More specifically, bone screw 1 may have a major diameter of approximately 3.0 mm, 3.5 mm, 4.0 mm, 4.5 mm, 5.0 mm, up to approximately 6.0 mm. </p><p id="p0063" num="0063">[00054] Similarly, bone screw 1 may have any desirable length and more specifically any length that allows for substantially full engagement with the far cortex 8. 
<!-- EPO <DP n="19"/>-->
 In one embodiment, bone screw 1 will have a length between approximately 20 and 70 mm. For example, bone screw 1 , for use with tibial and humeral plates may, in one embodiment, have a length between approximately 20 mm and approximately 60 mm when the largest major diameter is in the range of about 3.5 mm to 4.5 mm and, more preferably, approximately 4.0 mm. Bone screw 1 , for use in a femoral plating construct may, depending on the material, be larger and have a length of between about 30 mm to about 60 mm, with a largest major diameter of approximately between 4.5 and 5.5 mm and, more typically, approximately 5.0 mm. The selection of the bone screw required for a given surgical procedure is made by the physician after examination of the patient's bone size and other bone characteristics by X-ray or other diagnostic means. </p><p id="p0064" num="0064"> [00055] As noted above, bone screw 1 will typically include a threaded front section 7. The threads of front section 7 are configured to, among other things, fixedly engage cortical bone and in particular the far cortical bone 8. As in the previously described embodiments, threaded front section 7 terminates in a pointed distal tip 11 and may incorporate a self-tapping element 9, which allows for insertion without the need for tapping a screw thread. Optionally, front section 7 may also have a self-drilling element although more typically a pilot hole is provided by using a dedicated drilling tool as will be known to those of skill in the art. </p><p id="p0065" num="0065"> [00056] As disclosed above, mid-section 6 may also be threaded. Inasmuch as the bone constructs described herein are intended to be temporary and are removed once the bone has healed, in one embodiment, mid-section 6 may include a reverse thread to allow for more effective removal of bone screw. Also, in that regard, mid-section 6 may 
<!-- EPO <DP n="20"/>-->
 preferably include one or more cutting flutes 46 as shown in Fig. 3 and also in Fig. 5 to further assist in screw removal. Cutting flutes 46 may be equally spaced about central axis 23 of bone screw 1. In one embodiment, 3 sets of cutting flutes equally spaced about the central axis 23 of bone screw 1 in mid-section 6 are provided. </p><p id="p0066" num="0066">[00057] Typically, mid-section 6 will have a different thread profile than the thread profile of front section 7. By "different thread profile," it is meant that the thread form of mid-section 6 and front section 7 differ in one or more respects, such as, major diameter, minor or core diameter, length of the threaded section, thread pitch, thread angle, shape and angle of the thread root, and the like. Thus, for example, as shown in Fig. 3, and in more detail in Figs. 4-7, the threaded portion of front section 7 has a larger core diameter d<sub>f</sub> than the diameter d<sub>m</sub> of mid-section 6. By providing mid-section 6 with a reduced minor/core diameter d<sub>m</sub> relative to the core diameter d<sub>f</sub> of front section 7, midsection 6 retains its desired bending properties and simultaneously provides means for effective removal of screw 1. </p><p id="p0067" num="0067"> [00058] The relative lengths of front section 7, mid-section 6, and neck section 5 are selected to achieve desired objectives of far cortical locking including, among others, flexion without failure at the mid-section 6 and range of motion for neck section 5 within the near cortex. Thus, the relative lengths may be substantially identical, similar, or may vary as needed. More particularly, the relative lengths of front section 7, midsection 6 and neck section 5 are selected to accommodate different bone sizes and bone characteristics so that when bone screw 1 is fully implanted (1 ) the far cortex is at least substantially engaged by front section 7, (2) no part or at least substantially no part of mid-section 6 engages any part of the near or far cortex, (3) the stiffness of mid- 
<!-- EPO <DP n="21"/>-->
 section is sufficient to provide the desired bending ability under expected axial loading, (4) mid-section 6 quickly engages the near cortex upon screw removal, (5) substantially all of neck section 5 resides within pilot (screw) hole 15 and (6) neck section 5 enjoys a sufficient clearance on either side to allow for a limited degree of motion. With regard to pilot hole 15 clearance, in accordance with the present disclosure, a gap of between approximately 0.2 mm and 0.6 mm and more typically approximately 0.5 mm on either side of neck section 5 within the near cortex may be desirable in most applications. </p><p id="p0068" num="0068">[00059] Set forth below in Tables 1 and 2 are listings of certain exemplary bone screws in accordance with the present disclosure and more particularly bone screw 1 of Fig. 3 with, among other things, the relative lengths of neck section 5, mid- section 6 and front section 7 for a bone screw 1 having a selected major diameter (d<sub>ma</sub>j). The listings provided below are not intended to be exhaustive or limit the scope of the invention in any way. In any event, bone screws 1 listed in Table 1 are typically made of a titanium having a mid-section 6 with a major diameter of approximately 4.85-5.0 mm; a mid-section 6 minor diameter of approximately 3.05-3.2 mm, a neck section diameter of approximately 3.35-3.45 mm; a front section minor diameter of </p><p id="p0069" num="0069">approximately 4.25-4.4 mm; and a front section major diameter of approximately 4.85- 5.0 mm. The screws listed in Table 1 are intended for use with a pilot hole diameter in the near cortex of approximately 3.35-3.45 mm to provide a neck section 5/pilot hole clearance of approximately .416-.475 mm on either side of the neck section 5. 
<!-- EPO <DP n="22"/>-->
 [00060] TABLE 1 </p><p id="p0070" num="0070"><img id="imgf000022_0001" he="156" wi="145" file="imgf000022_0001.tif" img-format="tif" img-content="table" orientation="portrait" inline="no"/></p><p id="p0071" num="0071">[00061] The screws listed in Table 2 are typically made of a TIVANIUM alloy having a mid-section 6 with a major diameter of approximately 3.85-4.0 mm; a midsection 6 minor diameter d<sub>m</sub> of approximately 2.45-2.6 mm; a neck section 5 diameter of 
<!-- EPO <DP n="23"/>-->
 approximately 2.45-2.6 mm; a front section 7 minor diameter of approximately 3.25-3.4 mm; a front section major diameter of approximately 3.85-4.0 mm. The screws listed in Table 2 are intended for use with a pilot hole diameter in the near cortex of </p><p id="p0072" num="0072">approximately 3.28-3.3 mm to provide a neck section 5 pilot hole clearance of 0.341- 0.425 mm on either side of the neck section 5. </p><p id="p0073" num="0073">[00062] TABLE 2 </p><p id="p0074" num="0074"><img id="imgf000023_0001" he="119" wi="145" file="imgf000023_0001.tif" img-format="tif" img-content="table" orientation="portrait" inline="no"/></p><p id="p0075" num="0075">[00063] Other differences in the thread profiles of mid-section 6 and front section 7 may include the thread pitch. As shown in Figs. 3 and 4, front section 7 may include a double lead thread form. Thus, the pitch "a" (distance between adjacent thread crests) 
<!-- EPO <DP n="24"/>-->
 of mid-section 6 may, for example, be twice that of the pitch "b" of front section 7 as shown in Fig. 4. Although the thread pitch "a" of mid-section 6 and front section 7 need not differ and may be identical, a finer pitch within front section 7 may provide for more rapid advancement of bone screw 1 into the more dense cortical bone. </p><p id="p0076" num="0076">[00064] Figs. 6-7 show additional aspects of the thread profiles of mid-section 6 and front-section 7. For example, thread angle a of both threaded portions may be identical (e.g., 60°) and at least substantially symmetrical, while the roots 42 of the threads within the respective sections 6 and 7 may differ. For example, as shown in Figs. 6-7, the more shallow thread root 42 of front section 7 may have a flatter profile than the deeper thread root 42 of mid-section 6, which is more torroidal in its profile. </p><p id="p0077" num="0077">[00065] Turning now to Fig. 8, there is shown a further alternative embodiment of bone screw 1. As with the bone screw shown in Fig. 3, bone screw 1 of Fig. 8 likewise includes a threaded front section 7 and a threaded mid-section 6. As in the </p><p id="p0078" num="0078">embodiment of Figs. 3-7, bone screw 1 of Figs. 8-12 may have any desirable length and more preferably any length that allows for substantially full engagement with the far cortex 8. In one embodiment, bone screw 1 will have a length between approximately 20 and 70 mm. For example, bone screw 1 , for use with tibial and humeral plates may, in one embodiment, have a length between 20 mm and approximately 60 mm with an outer diameter in the range of about 3.0 mm to 4.0 mm and, more preferably, approximately 3.5 mm. Bone screw 1 , for use in a femoral plating construct, may likewise have a length of approximately 20-60 mm and have a larger diameter of between approximately 4.0 and 5.0 mm and, more typically, approximately 4.5 mm. 
<!-- EPO <DP n="25"/>-->
 [00066] Threaded front section 7 and threaded mid-section 6 of bone screw 1 shown in Figs. 8-12 may also differ in their thread profiles. As in the embodiment previously described, mid-section 6 may have a smaller core diameter d<sub>m</sub> than the core diameter df of front section 7. As in the preceding examples, the core diameter of midsection 6 should provide the shaft of screw 1 with sufficient strength and still maintain the desired bending ability when subjected to different axial loads. For example, where bone screw 1 has a major diameter of approximately 3.5 mm, mid-section 6 may have a minor/core diameter d<sub>m</sub> of between approximately 2.5 mm and 2.7 mm while front section 7 may have a minor/core diameter d of between approximately 2.7 mm and 2.8 mm. In a bone screw having a larger major diameter, such as approximately 4.5 mm, the core diameters of the mid-section 6 and front section 7 may be between </p><p id="p0079" num="0079">approximately 3.1 mm and 3.3 mm and 3.4 mm and 3.5 mm, respectively. Of course, the dimensions of any screw may further depend on the material of the screw. Thus, the exemplary dimensions identified above are more typical of bone screws made of materials that are more stiff than the above described titanium and titanium alloys, such as, but not limited to, stainless steel. </p><p id="p0080" num="0080"> [00067] Bone screw 1 shown in Figs. 8 and 9-12 may further include an expanded core portion 44 typically located between mid-section 6 and front section 7. As shown in greater detail in Fig. 9, expanded core portion 44 has a minor/core diameter that is greater than the minor/core diameter of mid-section 6 and/or front section 7. In addition, expanded core portion 44 may include a cutting element 46, such as cutting flutes spaced about the screw central axis 19 as seen in Fig. 8. Expanded core portion 44 allows for expansion of pilot hole 15 in the near cortex 12 in order to accommodate 
<!-- EPO <DP n="26"/>-->
 movement of neck portion 5 within the pilot hole as previously described. Bone screw 1 with an expanded core section 44 and cutting element 46 is particularly advantageous in bone plate attachment procedures where the initial pilot hole, while large enough to accommodate front section 7 does not provide the sufficient clearance at the near cortex to accommodate movement of neck section 5 within the pilot hole . </p><p id="p0081" num="0081">[00068] By providing the expanded core portion 44 on the shaft of the screw itself, the pilot hole may be expanded to the desired diameter without the need for a separate drilling tool or drilling step. Although shown as being between mid-section 6 and front section 7, the expanded core section of portion 44 may also be located elsewhere along the shaft provided that it is distal to neck section 5. Also, it will be understood that an expanded core section of the type described above is not limited to bone screw 1 shown in Fig. 8, but may also find application in other screws disclosed herein, including, bone screw 1 of Figs. 1 and 3. Finally, although the expanded core section of portion 44 may have a major diameter that is larger than the major diameter of either front section 7 or mid-section 6, an expanded core section of portion 44 where the major diameter is equal to the remainder of the screw diameter will provide a screw of a uniform major diameter and may be preferred. </p><p id="p0082" num="0082"> [00069] Set forth in Tables 3 and 4 are additional listings of certain exemplary bone screws like bone screw 1 of Fig. 8 with, among other things, the relative lengths of neck section 5, mid-section 6 and front section 7 for a bone screw having a selected major diameter (d<sub>ma</sub>j). The listings provided below are not intended to be exhaustive or limit the scope of the invention in any way. Thus, bone screws listed in Table 3 are typically made of stainless steel and have a mid-section 6 with a major diameter of between 
<!-- EPO <DP n="27"/>-->
 approximately 3.35 mm-3.5 mm, a mid-section minor diameter of between approximately 2.45 mm-2.60 mm; a front section 7 minor diameter of between approximately 2.59 mm -2.74 mm and a major diameter of between approximately 3.35 mm-3.5 mm, and a neck section 5 diameter of between approximately 2.55 mm-2.65 mm. In addition, screws listed in Table 3 will typically have an expanded core portion 44 with a major diameter of between approximately 3.4 mm-3.5 mm, a minor diameter of between approximately 3.15 mm-3.25 mm, and a thread height of between 0.05-.175. The expanded core portion preferably expands the original diameter of the pilot hole original diameter (approximately 2.667 mm-2.718 mm) to provide neck section 5 with a clearance of approximately 0.25 mm-0.35 mm on each side. </p><p id="p0083" num="0083">[00070] TABLE 3 </p><p id="p0084" num="0084"><img id="imgf000027_0001" he="101" wi="157" file="imgf000027_0001.tif" img-format="tif" img-content="drawing" orientation="portrait" inline="yes"/><!-- EPO <DP n="28"/>--></p><p id="p0085" num="0085"><img id="imgf000028_0001" he="93" wi="158" file="imgf000028_0001.tif" img-format="tif" img-content="drawing" orientation="portrait" inline="yes"/></p><p id="p0086" num="0086">[00071] Bone screws listed in Table 4 may likewise typically be made of stainless steel and may have a mid-section major diameter of approximately 4.35 mm-4.5 mm and a minor diameter of between approximately 3.05 mm-3.2 mm, a neck section diameter of between approximately 3.35 mm-3.45 mm, a front section major diameter of between approximately 4.35 mm-4.5 mm and minor diameter of between approximately 3.28 mm-3.43 mm. The bone screws listed in Table 4 may have an expanded core portion 44 with a major diameter of between approximately 4.4 mm-4.5 mm, a minor diameter of between approximately 4.18 mm-4.28 mm with a thread height of between approximately 0.035 mm-0.16 mm. Expanded core portion 44 expands pilot hole 15 (from an approximate original diameter 3.66 mm-3.71 mm) to provide a gap of between approximately 0.365 mm-0.465 mm on either side of neck section 15. 
<!-- EPO <DP n="29"/>-->
 072] TABLE 4 </p><p id="p0087" num="0087"><img id="imgf000029_0001" he="192" wi="158" file="imgf000029_0001.tif" img-format="tif" img-content="drawing" orientation="portrait" inline="yes"/><!-- EPO <DP n="30"/>-->
 I </p><p id="p0088" num="0088">[00073] With regard to thread pitch, mid-section 6 and front section 7 may have an identical pitch as shown in Fig. 9 or may have a different pitch as described above in connection with the embodiment of Fig. 3. Finally, other differences in thread profile between mid-section 6 and front section 7 may include the shape of the thread root 42. As shown in Figs. 1 1 -12, thread root 42 of the threaded front section 7 includes a flattened portion at the root in contrast to the shorter flattened portion of the thread root in the threaded portion of mid-section 6 shown in Fig. 12. The shallower thread root of front section 7 may also be more torroidal rather than defined by discrete angles. </p><p id="p0089" num="0089">[00074] In addition, the screws shown in Figs. 8-12 may also include a threaded head, as previously shown and described. Threaded head engages the corresponding threads found in apertures</p><p id="p0090" num="0090"><img id="imgf000030_0001" he="13" wi="106" file="imgf000030_0001.tif" img-format="tif" img-content="drawing" orientation="portrait" inline="no"/></p><p id="p0091" num="0091">below and shown in Figs. 1 , 13-14. </p><p id="p0092" num="0092"> [00075] In accordance with the surgical method of forming a bone construct for i </p><p id="p0093" num="0093">bone healing, bone plate 2 is provided and placed against bone 3 as seen in Fig. 1. As indicated above, plate 2 is anatomically contoured to substantially conform to the shape of the bone undergoing treatment whether it is the femur, tibia or humerus, or other bone. Spacers may be provided to lift plate 2 off the bone during attachment. Typically, several bone screws are used and are introduced through the apertures 14 of plate 2. The type and size of screws is selected by the surgeon after X-ray or other analysis of the patient's bone features, and measurement (by depth gauge, for example) of the pre- drilled hole. Verification of correct screw insertion (e.g., such that the threads of the 
<!-- EPO <DP n="31"/>-->
 bone screw 1 mid-section 6 are not engaged in near cortex 12) may be achieved by fluoroscopy or other diagnostic means. </p><p id="p0094" num="0094"> [00076] Where bone plate 2 requires attachment to the metaphysis or epiphysis of bone 3, one or more screws 50 (Fig. 1 ) adapted for engaging cancellous bone, as previously described, may be introduced by the surgeon through apertures at one or both of the ends 34, 36 of bone plate 2. Bone screws 1 of the type described herein and particularly the bone screw 1 like those shown in Figs. 3-14 are preferably used to attach plate 2 along the diaphysis of bone 3. Placement of different types of bone screws (i.e., cancellous, bi-cortical locking, far cortical locking) will depend, in part, on the number and location of the fracture(s). For example, for a single fracture site 31 ' (shown in broken lines in Fig. 1 ) cancellous screws 50 may be inserted at the metaphysis 52 of bone 3. Bi-cortical locking bone screws (not shown) may also be used for cortical engagement in the bone segment that includes the metaphysis 52. Bone screws 1 of the type disclosed herein and shown, for example, in Figs. 3-14 are preferable inserted at the diaphysis 54 on the other side of fracture site 31 '. </p><p id="p0095" num="0095">Alternatively, for a single fracture site 31 , plate 2 is placed along the diaphysis entirely and thus bridges fracture site 31 as shown in Fig. 2. In this example, bone screws 1 of the type shown in Figs. 3-14 may be placed on both sides of fracture site 31 as also shown in Fig 2. Typically, an equal number of the bone screws 1 will be placed on either side of fracture site 31. In a further example, where multiple fracture sites (e.g., 31 and 31 ') exist, all of the bone screws in the segments of the diaphysis 54 may be bone screws 1 of the present disclosure as shown in Fig. 1. 
<!-- EPO <DP n="32"/>-->
 [00077] Prior to inserting bone screws 1 , a pilot hole is provided using a dedicated drill, as will be known and recognized by those of skill in the art. In the case of bone screw 1 , the pilot hole should be of a diameter sufficient to accommodate the major diameter of bone screw 1. In addition, the pilot hole should have a diameter sufficient to provide a gap on either side of neck section 5, as shown in Fig. 13, to allow for limited movement of neck section 5 within the pilot hole of the near cortex 12. As noted above, it is desired that a gap of between 0.2-0.6 mm and, more preferably, about 0.5 mm be provided on either side of neck section 5 in the near cortex 12 of bone 3. A gap such as this allows for the limited movement of bone screw 1. Such movement of neck section 5 and, indeed, neck section 5 and mid-section 6 translates into comparable and substantially uniform degrees of motion at both the near and far cortex 12, 8, respectively, (depending on, of course, the screw size) and is substantially within the 0.2-1.0 mm stimulation range at fracture site 31 or 31 ' that is believed to promote callus formation. </p><p id="p0096" num="0096"> [00078] Once the pilot hole has been drilled, the desirable bone screw 1 is selected. Bone screw 1 is selected based on the previously diagnosed characteristics of the patient's bone. For example, a bone screw that when fully inserted has a front section 7 that can fully engage far cortex 8, a mid-section that does not in any significant way engage any part of the bone during far cortical engagement by front section 7, and a neck section that resides substantially within pilot hole 15, as shown in Fig. 13 is preferred. Selected bone screw 1 is then introduced through aperture 14 of plate 2 and advanced into bone 3. As bone screw is further advanced and front section 7 contacts bone in the far cortex 8, the dual lead thread having a finer pitch of front 
<!-- EPO <DP n="33"/>-->
 section 7 advances through the dense cortical bone. As shown in Fig. 2, front section 7 of bone screw 1 advances into the cortical bone of the far cortex 8, such that substantially the entire front section 7 resides in the far cortical bone. Similarly, no part of threaded mid-section 6 resides or contacts any portion of the cortical bone, whether at the near or far cortex 12, 8, respectively. </p><p id="p0097" num="0097"> [00079] If head portion 4 is unthreaded and itself does not engage the portion of bone 3 defining the aperture 15, threaded cap 48 may be provided over head portion 4, as shown in Fig. 1 and Figs. 13-14. Threaded cap 48 defines an inner shell that receives the typically spherical head of bone screw 1 and accommodates head portion 4 of a screw that has been inserted in something other than perpendicular fashion to bone plate 2, as shown in Fig. 14. The angle of bone screw insertion may be offset from the central axis of aperture 14 by approximately 15° or less as also shown in Fig. 14. While insertion of bone screw 1 at some angle to the central axis of aperture 14 is possible, with bone screws 1 of the present disclosure and, in particular, the </p><p id="p0098" num="0098">embodiments of Figs. 1 -14, substantially perpendicular insertion of bone screw 1 is more typical and may be preferred. Alternatively, if head portion 4 is threaded, as shown, for example, in Fig. 8, it will engage the internal threads of plate aperture 14 directly. In some embodiments, it may be desirable to further include bone spacers between plate 2 and the surface of bone 3, such as those described in co-pending U.S. Patent Application Publication No. 2007/0191848, the entire disclosure of which is expressly incorporated herein. 
<!-- EPO <DP n="34"/>-->
 STUDY </p><p id="p0099" num="0099"> [00080] A study was conducted to establish a stiffness profile and to demonstrate micromotion of the near and far cortices relative to the plate. Bone screws 1 of the type described herein and shown, more particularly, in Fig. 3, were used in constructs applied to simulated bone. The results were compared to identical constructs using only bi-cortical locking screws. Used in the Study were far cortical locking bone screws 1 , made by Zimmer, Inc. of Warsaw, Indiana, having a diameter of 4.0 mm and a length 32 mm and identified by Zimmer part number 02.03162.032 and a tibial plate, also available form Zimmer, Inc., of Warsaw, Indiana, identified by Zimmer part number 02.02261.309. Bi-cortical locking screws for the tibial construct testing were also used. The bi-cortical locking screws likewise had a diameter (major) of 4.0 mm and a length of 32 mm and are available from Zimmer, Inc., and identified by the part number </p><p id="p0100" num="0100">02.03155.032. </p><p id="p0101" num="0101"> [00081] In the femoral construct study, bone screws of the type described herein having a diameter of 5.0 mm and a length of 38 mm available from Zimmer, Inc., of Warsaw, Indiana under part number 02.03161.038 were used with a femoral plate, also available from Zimmer, Inc. and identified by Zimmer part number 02.03260.113. Bi- cortical locking screws for the femoral construct testing were also used. These screws likewise had a diameter (major) of 5.0 mm and a length of 38 mm and are available from Zimmer, Inc., of Warsaw, Indiana, under the product number 02.03150.038. The constructs and testing methods used in the study are summarized below: </p><p id="p0102" num="0102">[00082] Implants were evaluated in test constructs representing an unstable fracture of the femoral diaphysis being bridged by a plating construct. The femoral diaphysis 
<!-- EPO <DP n="35"/>-->
 was simulated by 4 generation synthetic cylinders (Sawbones Worldwide, Pacific Research Laboratories, Inc., P/N #3403-10) of 27 mm outer diameter, 7 mm wall thickness, and 500 mm length. The tibial diaphysis was likewise simulated by 4<sup>th</sup> generation synthetic cylinders (Sawbones, P/N#3403-21 ). Plates were applied with four consecutive screws proximal and with four consecutive screws distal to a 10 mm parallel fracture gap, with the central screw hole of the plate segment being located over the fracture gap. Plates were applied a 2 mm elevation using blue bone spacers, which are most commonly used clinically-when spacers are used. In the far cortical locking group, the four proximal screws were far cortical locking screws, as identified above, and the remaining screws were bi-cortical screws, likewise identified above. In the bi- cortical locking control group, all eight screws were bi-cortical locking screws of the type described above. </p><p id="p0103" num="0103"> [00083] For assembly of the constructs using the plate alignment fixture, the pre-cut sawbones were placed into both sides of the fixture and held in place. The 2 mm spacers were inserted into two holes of the plate, one on each side of the osteotomy gap. The fifth hole of the plate was placed over the dowel pin in the alignment fixture and the side alignment guide was attached. </p><p id="p0104" num="0104"> [00084] All screws were inserted after bi-cortical pre-drilling with the appropriate diameter drill bit. All holes were pre-drilled, except for those with the spacers located in them. The holes were drilled substantially parallel to the osteotomy. The appropriate screws were inserted, in accordance with the construct. All screws were fixed to the plate with locking screw caps tightened to 6 Nm. The spacers were removed and the 
<!-- EPO <DP n="36"/>-->
 remaining holes were drilled. The screw placement was completed for the appropriate configuration. </p><p id="p0105" num="0105"> [00085] Test constructs were loaded in axial compression via loading fixtures, designed to replicate a loading mode that generally resembles physiologic loading of the human femur and tibia, respectively. Both fixtures were made of Delrin and were intended to replicate the average stiffness of the femur or tibia. This allows for applying the determined proximal joint reaction force loads at their respective orientation. </p><p id="p0106" num="0106">[00086] Motion at both the near and far cortex was measured in both the femoral and tibial studies. The percent motion of the cortices was normalized to near cortex using the following calculation: </p><p id="p0107" num="0107"> Near Cortex Displacement <sub>x</sub> -) oo% </p><p id="p0108" num="0108"> Far Cortex Displacement </p><p id="p0109" num="0109"> [00087] The value is the percent relative motion of the near cortex to the far cortex.</p><p id="p0110" num="0110">Figs. 15 and 16 show the results of the study for the tibial and femoral constructs, respectively. As shown in Figs. 15 and 16, the ratio of motion at the near and far cortices for both femoral and tibial constructs was greater than approximately 50%, greater than approximately 60% and in some instances greater than approximately 80% within an initial stiffness range of less than 600N axial loading, using cortical locking bone screws of the type disclosed herein. In contrast, constructs using only the bi- cortical locking screws allowed for motion at the near end far cortex that was less parallel by approximately 40-60% for the femur and approximately 30-35% for the tibia at comparable loading conditions. </p><p id="p0111" num="0111"> [00088] In addition to providing a construct that has an overall stiffness that is reduced when compared to other constructs that use bi-cortical locking screws, bone 
<!-- EPO <DP n="37"/>-->
 screws 1 of the present disclosure likewise provide sufficient strength under expected load conditions. </p><p id="p0112" num="0112"> [00089] Thus, it can be seen from the foregoing description, bone screw 1 , osteosynthesis construct formed used bone screw 1 , and methods for using them, may provide one or more of the following advantages: </p><p id="p0113" num="0113"> [00090] Far cortex fixation provides a less stiff, more flexible osteosynthesis construct as compared to alternative plate and screw osteosynthesis constructs. </p><p id="p0114" num="0114">[00091] Less stiff far cortex fixation can reduce stress concentrations in bone, which in turn can reduce the incident of bone fractures caused by the osteosynthesis construct, especially in case of osteoporotic bone. </p><p id="p0115" num="0115"> [00092] The stiffness of the fixation construct can be adjusted by varying the number of far cortex fixation screws that connect the plate to a bone segment by means of a positive-locking mechanism. </p><p id="p0116" num="0116"> [00093] Provision of a controlled failure mechanism by screw shaft bending to delay or prevent more detrimental failure modes, such as plate bending or bone fracture. </p><p id="p0117" num="0117">[00094] The flexible screw shaft improves the ability to engage the threaded screw head with the plate hole thread, especially when the screw holes in the bone and plate are not precisely concentric. </p><p id="p0118" num="0118"> [00095] Provision of a means for fracture site compression by means of non- concentric insertion of the screw in the far cortex, so that the screw head can only engage in the plate hole thread if a force perpendicular to the screw central axis is applied to the screw head. 
<!-- EPO <DP n="38"/>-->
 [00096] Although specific embodiments have been illustrated and described herein, it will be appreciated by those of ordinary skill in the art that a wide variety of alternate and/or equivalent implementations may be substituted for the specific embodiments shown and described, without departing from the scope of the present invention. This application is intended to cover any adaptations or variations of the embodiments discussed herein. Therefore, it is manifestly intended that this invention be limited only by the claims and the equivalents thereof. 
</p></description><claims mxw-id="PCLM44852969" ref-ucid="WO-2012116819-A1" lang="EN" load-source="patent-office"><claim-statement><!-- EPO <DP n="39"/>-->What is claimed is: </claim-statement><claim id="clm-0001" num="1"><claim-text>1. A bone screw comprising: </claim-text><claim-text> a) a head portion; </claim-text><claim-text> b) a shaft portion comprising a proximal neck section, a threaded midsection and a threaded front section distal to said mid-section, wherein said midsection has a thread profile different from the thread profile of said front section and said threaded front section is configured for engaging cortical bone. </claim-text></claim><claim id="clm-0002" num="2"><claim-text> 2. The bone screw of Claim 1 wherein said neck section has a selected diameter and said mid-section has a core diameter each of which is less than the core diameter of said front section. </claim-text></claim><claim id="clm-0003" num="3"><claim-text> 3. The bone screw of Claim 1 wherein said neck section diameter is substantially equal to said core diameter of said mid-section. </claim-text></claim><claim id="clm-0004" num="4"><claim-text> 4. The bone screw of Claim 1 wherein said mid-section comprises a single lead thread form </claim-text></claim><claim id="clm-0005" num="5"><claim-text> 5. The bone screw of Claim 1 wherein said mid-section comprises a reverse thread.</claim-text></claim><claim id="clm-0006" num="6"><claim-text>6. The bone screw of Claim 5 wherein said reverse thread of said mid-section has a thread form that is substantially symmetrical. </claim-text></claim><claim id="clm-0007" num="7"><claim-text> 7. The bone screw of Claim 1 wherein said screw is made of a metal selected from the group consisting essentially of titanium, stainless steel and alloys thereof. </claim-text></claim><claim id="clm-0008" num="8"><claim-text> 8. The bone screw of Claim 2 wherein a portion of said shaft has a core diameter that is greater than the core diameter of both said mid-section and said front section, <!-- EPO <DP n="40"/>--> and a major diameter equal to the major diameter of said mid-section and said front section. </claim-text></claim><claim id="clm-0009" num="9"><claim-text> 9. The bone screw of Claim 8 wherein said portion further comprises a cutting element. </claim-text></claim><claim id="clm-0010" num="10"><claim-text> 10. The bone screw of Claim 9 wherein said portion has a core diameter that is larger than the diameter of said neck section diameter by a pre-determined amount.</claim-text></claim><claim id="clm-0011" num="11"><claim-text>11. The bone screw of Claim 8 wherein said portion is intermediate to said midsection and said front section. </claim-text></claim><claim id="clm-0012" num="12"><claim-text> 12. The bone screw of Claim 1 wherein at least one of said threaded portions comprises cutting flutes. </claim-text></claim><claim id="clm-0013" num="13"><claim-text> 13. The bone screw of Claim 4 wherein said front section comprises a double-lead thread form. </claim-text></claim><claim id="clm-0014" num="14"><claim-text> 14. The bone screw of Claim 12 wherein said mid-section comprises a plurality of cutting flutes equally spaced about the central axis of said screw. </claim-text></claim><claim id="clm-0015" num="15"><claim-text> 15. The bone screw of Claim 1 wherein said head portion is threaded. </claim-text></claim><claim id="clm-0016" num="16"><claim-text> 16. The bone screw of Claim 1 adapted so that in use only the front section of the screw engages the cortical bone. </claim-text></claim><claim id="clm-0017" num="17"><claim-text> 17. The bone screw of claim 1 adapted so that the diameter of the hole in the near cortex exceeds that of the neck portion of the screw.</claim-text></claim><claim id="clm-0018" num="18"><claim-text>18. A bone plate and bone fastener system comprising: </claim-text><claim-text> a) a metal plate comprising an elongated body including a first end and a second end, said body defining a plurality of apertures extending therethrough; <!-- EPO <DP n="41"/>--> b) a plurality of fasteners wherein at least one of said fasteners comprises a head portion and a shaft portion, said shaft portion comprising an unthreaded neck section, a threaded mid-section, and a threaded front section distal to said mid-section, wherein said threaded front section is configured to engage the far cortical wall of a bone and wherein said mid-section has a thread profile different from the thread profile of said front section. </claim-text></claim><claim id="clm-0019" num="19"><claim-text> 19. The system of Claim 18 wherein said threaded mid-section has a core diameter that is less than the core diameter of said front section. </claim-text></claim><claim id="clm-0020" num="20"><claim-text> 20. The system of Claim 18 wherein said fastener is made at least substantially of titanium or an alloy thereof. </claim-text></claim><claim id="clm-0021" num="21"><claim-text> 21. The system of Claim 18 wherein said fastener is made at least substantially of stainless steel. </claim-text></claim><claim id="clm-0022" num="22"><claim-text> 22. The system of Claim 18 further comprising another fastener different from said at least one fastener, wherein said other fastener is adapted for cooperative association with said apertures of at least one of said ends. </claim-text></claim><claim id="clm-0023" num="23"><claim-text> 23. The system of Claim 22 wherein said other fastener is configured for engaging cancellous bone. </claim-text></claim><claim id="clm-0024" num="24"><claim-text> 24. The system of Claim 18 wherein said head portion is threaded and adapted for threaded engagement with one of said apertures. </claim-text></claim><claim id="clm-0025" num="25"><claim-text> 25. The system of Claim 18 wherein said head portion is adapted to be received within one of said apertures, said system further comprising a cap sized to fit over said head portion. <!-- EPO <DP n="42"/>--> </claim-text></claim><claim id="clm-0026" num="26"><claim-text>26. The system of Claim 18 wherein said cap includes a thread adapted for threaded engagement with one of said apertures. </claim-text></claim><claim id="clm-0027" num="27"><claim-text> 27. A method for treating a bone fracture with a osteosynthesis construct comprising: </claim-text><claim-text> a) determining one or both of the size of the bone and the thickness of the cortical wall; </claim-text><claim-text> b) selecting a metal plate comprising an elongated body having a first end and a second end, said body defining a plurality of apertures extending therethrough; </claim-text><claim-text> c) aligning at least a section of said elongated body with the diaphysis of said bone to bridge the fracture site; </claim-text><claim-text> d) selecting a screw for attaching said plate to said diaphysis of said bone, said screw comprising a shaft including neck section, a threaded midsection, and a threaded front section distal to said mid-section, wherein said selection is based at least on the thickness of said cortical wall; </claim-text><claim-text> e) providing a pilot hole in at least the near cortex of said bone, wherein the diameter of said pilot hole is greater than the diameter of said neck portion; and </claim-text><claim-text> f) advancing said screw so that substantially the entire front section of said screw engages the far cortex of said bone and substantially no part of said threaded mid-section engages any bone during said engagement. </claim-text></claim><claim id="clm-0028" num="28"><claim-text> 28. The method of Claim 27 wherein said diameter of said pilot hole is sufficient to provide a gap on either side of said neck section of at least approximately 0.2 mm. <!-- EPO <DP n="43"/>--> </claim-text></claim><claim id="clm-0029" num="29"><claim-text>29. the method of Claim 28 comprising advancing said screw to expand said pilot hole to provide said gap on either side of said neck section. </claim-text></claim><claim id="clm-0030" num="30"><claim-text> 30. The method of Claim 28 comprising selecting said screw to allow for a degree of movement of said neck section within said gap. </claim-text></claim><claim id="clm-0031" num="31"><claim-text> 31. The method of Claim 28 wherein said diameter of said pilot hole is sufficient to provide a gap on either side of said neck section not greater than approximately 0.5-0.6 mm. </claim-text></claim><claim id="clm-0032" num="32"><claim-text> 32. The method of Claim 27 comprising selecting said screw to allow for movement of facing bone segments at the near and far cortex of the fracture site. </claim-text></claim><claim id="clm-0033" num="33"><claim-text> 33. The method of Claim 32 wherein the ratio of motion at near cortex to said motion at said far cortex is greater than 60%. </claim-text></claim><claim id="clm-0034" num="34"><claim-text> 34. The method of Claim 27 comprising repeating steps (e)-(f) at an aperture on the opposite side of said fracture site. </claim-text></claim></claims><copyright>User acknowledges that Fairview Research LLC and its third party providers retain all right, title and interest in and to this xml under applicable copyright laws.  User acquires no ownership rights to this xml including but not limited to its format.  User hereby accepts the terms and conditions of the Licence Agreement</copyright></patent-document>
