<?xml version="1.0" encoding="UTF-8"?>
<patent-document ucid="EP-2677970-A1" country="EP" doc-number="2677970" kind="A1" date="20140101" family-id="45833455" file-reference-id="318301" date-produced="20180826" status="corrected" lang="FR"><bibliographic-data><publication-reference fvid="146551501" ucid="EP-2677970-A1"><document-id><country>EP</country><doc-number>2677970</doc-number><kind>A1</kind><date>20140101</date><lang>FR</lang></document-id></publication-reference><application-reference ucid="EP-12708902-A" is-representative="NO"><document-id mxw-id="PAPP154825424" load-source="docdb" format="epo"><country>EP</country><doc-number>12708902</doc-number><kind>A</kind><date>20120210</date><lang>FR</lang></document-id><document-id mxw-id="PAPP220439791" load-source="docdb" format="original"><country>EP</country><doc-number>12708902.7</doc-number><date>20120210</date></document-id></application-reference><priority-claims><priority-claim mxw-id="PPC140451857" ucid="FR-1151393-A" load-source="docdb"><document-id format="epo"><country>FR</country><doc-number>1151393</doc-number><kind>A</kind><date>20110221</date></document-id></priority-claim><priority-claim mxw-id="PPC140447891" ucid="FR-2012050296-W" linkage-type="W" load-source="docdb"><document-id format="epo"><country>FR</country><doc-number>2012050296</doc-number><kind>W</kind><date>20120210</date></document-id></priority-claim></priority-claims><technical-data><classifications-ipcr><classification-ipcr mxw-id="PCL1988130768" load-source="docdb">A61F   2/44        20060101AFI20120913BHEP        </classification-ipcr></classifications-ipcr><classifications-cpc><classification-cpc mxw-id="PCL-2083187999" load-source="docdb" scheme="CPC">A61F2002/30841     20130101 LA20150319BHEP        </classification-cpc><classification-cpc mxw-id="PCL-2083190616" load-source="docdb" scheme="CPC">A61F   2/30742     20130101 LA20150319BHEP        </classification-cpc><classification-cpc mxw-id="PCL-2083190706" load-source="docdb" scheme="CPC">A61F   2/4611      20130101 LA20150319BHEP        </classification-cpc><classification-cpc mxw-id="PCL-2083192534" load-source="docdb" scheme="CPC">A61F2002/30563     20130101 LA20150319BHEP        </classification-cpc><classification-cpc mxw-id="PCL-2083192801" load-source="docdb" scheme="CPC">A61F2002/30822     20130101 LA20150319BHEP        </classification-cpc><classification-cpc mxw-id="PCL-2083192911" load-source="docdb" scheme="CPC">A61F2002/30823     20130101 LA20150319BHEP        </classification-cpc><classification-cpc mxw-id="PCL-2083193866" load-source="docdb" scheme="CPC">A61F2002/30187     20130101 LA20150319BHEP        </classification-cpc><classification-cpc mxw-id="PCL-2083193893" load-source="docdb" scheme="CPC">A61F2310/00023     20130101 LA20150319BHEP        </classification-cpc><classification-cpc mxw-id="PCL-2083194958" load-source="docdb" scheme="CPC">A61F2002/30332     20130101 LA20150319BHEP        </classification-cpc><classification-cpc mxw-id="PCL-2083195875" load-source="docdb" scheme="CPC">A61F2002/30827     20130101 LA20150319BHEP        </classification-cpc><classification-cpc mxw-id="PCL-2083197672" load-source="docdb" scheme="CPC">A61F2002/30372     20130101 LA20150319BHEP        </classification-cpc><classification-cpc mxw-id="PCL-2083198319" load-source="docdb" scheme="CPC">A61F2002/30354     20130101 LA20150319BHEP        </classification-cpc><classification-cpc mxw-id="PCL2067973217" load-source="docdb" scheme="CPC">A61F   2/442       20130101 FI20140411BHEP        </classification-cpc></classifications-cpc><invention-title mxw-id="PT132186987" lang="DE" load-source="patent-office">BANDSCHEIBENPROTHESE</invention-title><invention-title mxw-id="PT132186988" lang="EN" load-source="patent-office">INTERVERTEBRAL-DISC PROSTHESIS</invention-title><invention-title mxw-id="PT132186989" lang="FR" load-source="patent-office">PROTHESE DE DISQUE INTERVERTEBRAL</invention-title><citations><non-patent-citations><nplcit><text>See references of WO 2012114017A1</text><sources><source mxw-id="PNPL67455424" load-source="docdb" name="SEA"/></sources></nplcit></non-patent-citations></citations></technical-data><parties><applicants><applicant mxw-id="PPAR918159355" load-source="docdb" sequence="1" format="epo"><addressbook><last-name>FOURNITURES HOSPITALIERES IND</last-name><address><country>FR</country></address></addressbook></applicant><applicant mxw-id="PPAR918154873" load-source="docdb" sequence="1" format="intermediate"><addressbook><last-name>FOURNITURES HOSPITALIERES INDUSTRIE</last-name></addressbook></applicant><applicant mxw-id="PPAR918991610" load-source="patent-office" sequence="1" format="original"><addressbook><last-name>Fournitures Hospitalieres Industrie</last-name><iid>101198948</iid><address><street>Zac de Kernevez 6 rue Nobel</street><city>29000 Quimper</city><country>FR</country></address></addressbook></applicant></applicants><inventors><inventor mxw-id="PPAR918152854" load-source="docdb" sequence="1" format="epo"><addressbook><last-name>AARON ALAIN</last-name><address><country>FR</country></address></addressbook></inventor><inventor mxw-id="PPAR918152932" load-source="docdb" sequence="1" format="intermediate"><addressbook><last-name>AARON, ALAIN</last-name></addressbook></inventor><inventor mxw-id="PPAR918985748" load-source="patent-office" sequence="1" format="original"><addressbook><last-name>AARON, ALAIN</last-name><address><street>15 rue du Gué d'Orient</street><city>F-95470 Saint Witz</city><country>FR</country></address></addressbook></inventor></inventors><agents><agent mxw-id="PPAR918981015" load-source="patent-office" sequence="1" format="original"><addressbook><last-name>Verriest, Philippe</last-name><suffix>et al</suffix><iid>101093649</iid><address><street>Cabinet Germain &amp; Maureau B.P.6153</street><city>69466 Lyon Cedex 06</city><country>FR</country></address></addressbook></agent></agents></parties><international-convention-data><pct-or-regional-filing-data ucid="FR-2012050296-W"><document-id><country>FR</country><doc-number>2012050296</doc-number><kind>W</kind><date>20120210</date><lang>FR</lang></document-id></pct-or-regional-filing-data><pct-or-regional-publishing-data ucid="WO-2012114017-A1"><document-id><country>WO</country><doc-number>2012114017</doc-number><kind>A1</kind><date>20120830</date><lang>FR</lang></document-id></pct-or-regional-publishing-data><designated-states><ep-contracting-states><country mxw-id="DS548942519" load-source="docdb">AL</country><country mxw-id="DS548817189" load-source="docdb">AT</country><country mxw-id="DS548942520" load-source="docdb">BE</country><country mxw-id="DS548935075" load-source="docdb">BG</country><country mxw-id="DS548838915" load-source="docdb">CH</country><country mxw-id="DS548919413" load-source="docdb">CY</country><country mxw-id="DS548817190" load-source="docdb">CZ</country><country mxw-id="DS548942521" load-source="docdb">DE</country><country mxw-id="DS548919414" load-source="docdb">DK</country><country mxw-id="DS548919415" load-source="docdb">EE</country><country mxw-id="DS548931069" load-source="docdb">ES</country><country mxw-id="DS548935076" load-source="docdb">FI</country><country mxw-id="DS548935077" load-source="docdb">FR</country><country mxw-id="DS548942530" load-source="docdb">GB</country><country mxw-id="DS548919416" load-source="docdb">GR</country><country mxw-id="DS548942531" load-source="docdb">HR</country><country mxw-id="DS548817191" load-source="docdb">HU</country><country mxw-id="DS548838916" load-source="docdb">IE</country><country mxw-id="DS548942532" load-source="docdb">IS</country><country mxw-id="DS548935082" load-source="docdb">IT</country><country mxw-id="DS548919417" load-source="docdb">LI</country><country mxw-id="DS548867630" load-source="docdb">LT</country><country mxw-id="DS548817192" load-source="docdb">LU</country><country mxw-id="DS548867631" load-source="docdb">LV</country><country mxw-id="DS548867632" load-source="docdb">MC</country><country mxw-id="DS548936458" load-source="docdb">MK</country><country mxw-id="DS548936459" load-source="docdb">MT</country><country mxw-id="DS548931070" load-source="docdb">NL</country><country mxw-id="DS548935083" load-source="docdb">NO</country><country mxw-id="DS548936460" load-source="docdb">PL</country><country mxw-id="DS548838917" load-source="docdb">PT</country><country mxw-id="DS548931071" load-source="docdb">RO</country><country mxw-id="DS548838918" load-source="docdb">RS</country><country mxw-id="DS548931072" load-source="docdb">SE</country><country mxw-id="DS548838919" load-source="docdb">SI</country><country mxw-id="DS548935084" load-source="docdb">SK</country><country mxw-id="DS548936461" load-source="docdb">SM</country><country mxw-id="DS548919418" load-source="docdb">TR</country></ep-contracting-states></designated-states></international-convention-data><office-specific-data><eptags><ep-no-a-document-published>*</ep-no-a-document-published></eptags></office-specific-data></bibliographic-data><abstract mxw-id="PA99624747" ref-ucid="WO-2012114017-A1" lang="EN" load-source="patent-office"><p num="0000">The invention relates to an intervertebral-disc prosthesis, which comprises first and second plates (3, 4) to be attached onto the vertebrae adjacent to the intervertebral disc to be replaced, and a compression pad arranged between the plates. Each plate comprises first hooking means comprising two hooking portions (14a, 14b) symmetrically arranged on either side of the anteroposterior median plane of said plate, second hooking means comprising two hooking portions (15a, 15b) arranged symmetrically on either side of a first plane that is inclined at an angle of between 50º and 70º relative to the anteroposterior median plane of said plate, and third hooking means opposite the second hooking means relative to the anteroposterior median plane and comprising two hooking portions (16a, 16b) symmetrically arranged on either side of a second plane inclined at an angle of around 90º relative to the anteroposterior median plane of said plate.</p></abstract><abstract mxw-id="PA99823325" ref-ucid="WO-2012114017-A1" lang="EN" source="national office" load-source="docdb"><p>The invention relates to an intervertebral-disc prosthesis, which comprises first and second plates (3, 4) to be attached onto the vertebrae adjacent to the intervertebral disc to be replaced, and a compression pad arranged between the plates. Each plate comprises first hooking means comprising two hooking portions (14a, 14b) symmetrically arranged on either side of the anteroposterior median plane of said plate, second hooking means comprising two hooking portions (15a, 15b) arranged symmetrically on either side of a first plane that is inclined at an angle of between 50º and 70º relative to the anteroposterior median plane of said plate, and third hooking means opposite the second hooking means relative to the anteroposterior median plane and comprising two hooking portions (16a, 16b) symmetrically arranged on either side of a second plane inclined at an angle of around 90º relative to the anteroposterior median plane of said plate.</p></abstract><abstract mxw-id="PA99624748" ref-ucid="WO-2012114017-A1" lang="FR" load-source="patent-office"><p num="0000">Cette prothèse de disque intervertébral comporte des premier et second plateaux (3, 4) destinés à être fixés sur les vertèbres adjacentes au disque intervertébral à remplacer, et un coussin de compression disposé entre les plateaux. Chaque plateau comporte des premiers moyens d'accrochage comportant deux portions d'accrochage (14a, 14b) disposées de manière symétrique de part et d'autre du plan médian antéro-postérieur dudit plateau, des deuxièmes moyens d'accrochage comportant deux portions d'accrochage (15a, 15b) disposées de manière symétrique de part et d'autre d'un premier plan incliné d'un angle compris entre 50° et 70° par rapport au plan médian antéro-postérieur dudit plateau, et des troisièmes moyens d'accrochage opposés aux deuxièmes moyens d'accrochage par rapport au plan médian antéro-postérieur et comportant deux portions d'accrochage (16a, 16b) disposées de manière symétrique de part et d'autre d'un deuxième plan incliné d'un angle d'environ 90° par rapport au plan médian antéro-postérieur dudit plateau.</p></abstract><abstract mxw-id="PA99823326" ref-ucid="WO-2012114017-A1" lang="FR" source="national office" load-source="docdb"><p>Cette prothèse de disque intervertébral comporte des premier et second plateaux (3, 4) destinés à être fixés sur les vertèbres adjacentes au disque intervertébral à remplacer, et un coussin de compression disposé entre les plateaux. Chaque plateau comporte des premiers moyens d'accrochage comportant deux portions d'accrochage (14a, 14b) disposées de manière symétrique de part et d'autre du plan médian antéro-postérieur dudit plateau, des deuxièmes moyens d'accrochage comportant deux portions d'accrochage (15a, 15b) disposées de manière symétrique de part et d'autre d'un premier plan incliné d'un angle compris entre 50° et 70° par rapport au plan médian antéro-postérieur dudit plateau, et des troisièmes moyens d'accrochage opposés aux deuxièmes moyens d'accrochage par rapport au plan médian antéro-postérieur et comportant deux portions d'accrochage (16a, 16b) disposées de manière symétrique de part et d'autre d'un deuxième plan incliné d'un angle d'environ 90° par rapport au plan médian antéro-postérieur dudit plateau.</p></abstract><description mxw-id="PDES50931089" ref-ucid="WO-2012114017-A1" lang="FR" load-source="patent-office"><!-- EPO <DP n="3"/>--><p id="p0001" num="0001"> Prothèse de disque intervertébral </p><p id="p0002" num="0002"> La présente invention concerne une prothèse destinée à remplacer un disque intervertébral endommagé de la colonne vertébrale. </p><p id="p0003" num="0003"> La colonne vertébrale est constituée par un ensemble de vertèbres superposées reliées les unes aux autres par des disques fibro-cartilagineux, appelés disques intervertébraux. Ces disques intervertébraux ont un rôle fondamental dans la statique et la dynamique de la colonne vertébrale : ils assurent la mobilité des vertèbres entre elles. </p><p id="p0004" num="0004"> Ces disques intervertébraux sont souvent l'objet de désordres relatifs à un tassement de vertèbres, une hernie discale, un déplacement de vertèbres ou encore une dégénérescence arthrosique intervertébrale. Ces désordres sont, bien souvent, la cause de douleurs ou de gènes fonctionnelles rebelles aux traitements médicaux ; dans certains cas, ils peuvent même être invalidants. </p><p id="p0005" num="0005"> Le procédé utilisé pour soulager les patients atteints de ces désordres peut consister en une intervention chirurgicale visant à remplacer un disque endommagé par une prothèse de disque intervertébral. </p><p id="p0006" num="0006"> L'implantation d'une telle prothèse de disque intervertébral peut être réalisée par des abords différents en fonction notamment de l'anatomie du patient. Il existe trois abords principaux pour les étages lombaires de L1/L2 à L5/S1 , à savoir : </p><p id="p0007" num="0007"> - l'abord antérieur rétropéritonéal possible en général pour tous les étages lombaires, mais pouvant parfois présenter des difficultés en raison de la présence de veines et artères, </p><p id="p0008" num="0008"> - l'abord latéral possible pour tous les étages lombaires sauf L5/S1 , q u i est statistiq uement l 'u n des étages nécessitant le plus souvent l'implantation d'une prothèse, en ra i so n d e l a g êne occasionnée par la présence des ailes iliaques, </p><p id="p0009" num="0009"> - l'abord antéro-latéral possible pour tous les étages lombaires, mais nécessitant un trajet de mise en place de la prothèse en oblique plus difficile. </p><p id="p0010" num="0010"> Le document WO 201 0/094881 décrit une prothèse de disque intervertébral comprenant des premier et deuxième plateaux, fixés chacun sur une des deux vertèbres adjacentes au disque vertébral à remplacer, entre lesquels est disposé un coussin de compression. Chaque plateau comporte, sur sa face intérieure, deux empreintes débouchant dans la face antérieure du 
<!-- EPO <DP n="4"/>-->
 plateau correspondant et disposées de part et d'autre du plan antéro-postérieur dudit plateau, les empreintes du premier plateau étant agencées pour être situées en regard des empreintes du deuxième plateau de manière à former d e u x cavités permettant l'accrochage d'un préhenseur-impacteur et l'implantation de la prothèse selon l'abord antérieur. </p><p id="p0011" num="0011"> La prothèse décrite dans le document WO 2010/094881 ne permet pas une implantation selon l'abord latéral, et ne permet une implantation selon l'abord antéro-latéral que pour des chirurgiens très expérimentés. De ce fait, lorsque des veines et artères rendent complexes l'implantation selon l'abord antérieur, un chirurgien disposant d'une prothèse similaire à celle décrite dans le document WO 2010/094881 est souvent contraint à implanter, à la place de cette prothèse de disque intervertébral, une arthrodèse intervertébrale par l'abord antérieur. L'implantation d'une telle arthrodèse implique la fusion des deux vertèbres adjacentes au disque endommagé. Ce procédé a pour principal inconvénient de supprimer toute mobilité entre les deux vertèbres adjacentes au disque endommagé, et donc de concentrer les contraintes mécaniques sur les disques intervertébraux adjacents, ce qui peut entraîner un risque de détérioration de leur surface articulaire. </p><p id="p0012" num="0012"> Afin d'éviter l'implantation d'une telle arthrodèse lorsque l'abord antérieur n'est pas possible, il est con n u de mettre à la disposition des chirurgiens une prothèse de disque intervertébral présentant des moyens d'accrochage agencés pour coopérer avec des moyens d'accrochage complémentaire d'un préhenseur-impacteur, les moyens d'accrochage ménagés sur la prothèse étant conçus de manière à permettre une saisie de la prothèse selon une direction latéro-latérale à l'aide d'un préhenseur-impacteur et donc l'implantation de la prothèse selon l'abord latéral. </p><p id="p0013" num="0013"> Ainsi, afin de permettre à un chirurgien d'implanter sur un patient une prothèse de disque intervertébral selon différents abords, il est nécessaire de mettre à la disposition de ce dernier au moins deux gammes de prothèses, à savoir une première gamme de prothèses de différentes tailles adaptées pour une implantation selon l'abord antérieur et une deuxième gamme de prothèses de différentes tailles adaptées pour une implantation selon l'abord latéral, et également une pluralité d'ancillaires adaptés pour la pose desdites prothèses. </p><p id="p0014" num="0014"> Ce nombre élevé de prothèses et d'ancillaires complique le stockage de ces dernières et augmente les coûts liés à celui-ci. En outre, ce nombre élevé de prothèses de disque complique la manutention de ces 
<!-- EPO <DP n="5"/>-->
 dernières par le personnel du bloc opératoire, et rend plus complexe le geste opératoire. </p><p id="p0015" num="0015"> Il en résulte un nombre importants de prothèses et d'ancillaires à mettre à la disposition du chirurgien, ce qui complexifie le geste opératoire. </p><p id="p0016" num="0016"> II doit être noté que le choix d'abord planifié en pré-opératoire par le chirurgien peut être modifié en per-opératoire, du fait de la présence de tissus rendant complexe la pose de la prothèse selon l'abord initialement choisi. </p><p id="p0017" num="0017"> Dans ce cas de figure, une nouvelle prothèse doit être sélectionnée dans la gamme de prothèses adaptées pour l'implantation selon l'abord choisi par le chirurgien en per-opératoire, et la prothèse initialement sélectionnée doit être mise au rebut, ce qui augmente encore le temps opératoire et les coûts de l'intervention chirurgicale. </p><p id="p0018" num="0018"> De plus, la sélection d'une nouvelle prothèse nécessite l'utilisation d'un nouvel ancillaire, ce qui augmente le nombre d'ancillaires à stériliser après l'intervention chirurgicale. </p><p id="p0019" num="0019"> La présente invention vise à remédier à ces inconvénients. </p><p id="p0020" num="0020"> Le problème technique à la base de l'invention consiste donc à fournir une prothèse de disque intervertébral qui soit d'une réalisation simple, d'une structure compacte, et qui présente une parfaite sécurité d'utilisation, tout en permettant de simplifier l'intervention chirurgicale. </p><p id="p0021" num="0021"> A cet effet, la présente invention concerne une prothèse de disque intervertébral comportant des premier et second plateaux rigides comprenant chacun une face intérieure et une face extérieure destinée à être fixée sur une des deux vertèbres adjacentes au disque intervertébral à remplacer, et un coussin de compression disposé entre les premier et second plateaux et solidaire des faces intérieures des premier et second plateaux, caractérisée en ce que chaque plateau comporte des premiers moyens d'accrochage comportant deux portions d'accrochage disposées sensiblement de manière symétrique de part et d'autre du plan médian antéro-postérieur dudit plateau, des deuxièmes moyens d'accrochage comportant deux portions d'accrochage disposées sensiblement de manière symétrique de part et d'autre d'un premier plan sensiblement perpendiculaire à la face intérieure dudit plateau et incliné d'un angle compris entre 50° et 70° par rapport au plan méd ian antéro- postérieur dudit plateau, et des troisièmes moyens d'accrochage opposés aux deuxièmes moyens d'accrochage par rapport au plan médian antéro-postérieur 
<!-- EPO <DP n="6"/>-->
 et comportant deux portions d'accrochage disposées sensiblement de manière symétrique de part et d'autre d'un deuxième plan sensiblement perpendiculaire à la face intérieure dudit plateau et incliné d'un angle compris entre 85° et 95°, et de préférence d'environ 90°, par rapport au plan médian antéro-postérieur dudit plateau, en ce que les premiers, deuxièmes et troisièmes moyens d'accrochage ménagés sur le premier plateau sont agencés pour être situés respectivement en regard des premiers, deuxièmes et troisièmes moyens d'accrochage ménagés sur le second plateau , et en ce que les premiers, deuxièmes et troisièmes moyens d'accrochage des premier et second plateaux sont destinés à coopérer respectivement avec des moyens d'accrochage complémentaires montés sur un organe préhenseur. </p><p id="p0022" num="0022"> La configuration des d ifférents moyens d'accrochage de la prothèse selon l'invention permet une implantation aisée de cette dernière selon les trois abords précités, à savoir selon l'abord antérieur en faisant coopérer les premiers moyens d'accrochage des deux plateaux avec des moyens d'accrochage complémentaires d'un organe préhenseur, selon l'abord antéro-latéral en faisant coopérer les deuxièmes moyens d'accrochage des deux plateaux avec des moyens d'accrochage complémentaires d'un organe préhenseur, et selon l'abord antérieur-latéral en faisant coopérer les troisièmes moyens d'accrochage des deux plateaux avec des moyens d'accrochage complémentaires d'un organe préhenseur. </p><p id="p0023" num="0023"> Ces dispositions assurent à des chirurgiens la possibilité d'implanter une prothèse de disque intervertébral selon les trois abords précités, en mettant à leur disposition qu'une seule gamme de prothèses. Il en résulte une diminution importante du nombre de prothèses à mettre à la disposition des chirurgiens, et donc une simplification du geste opératoire. </p><p id="p0024" num="0024"> Ces dispositions permettent en outre à un chirurgien de modifier son choix d'abord en per-opératoire, tout en conservant la même prothèse, ce qui simplifie encore le geste opératoire et limite les coûts de l'intervention chirurgicale. </p><p id="p0025" num="0025"> Ces dispositions permettent également le retrait d'une prothèse par le même abord que celu i utilisé pour la pose ou par l'un des deux autres abords possibles. </p><p id="p0026" num="0026"> De façon préférentielle, les premiers, deuxièmes et troisièmes moyens d'accrochage des premier et second plateaux présentent une géométrie et des dimensions sensiblement identiques. Ces dispositions 
<!-- EPO <DP n="7"/>-->
 permettent l'implantation d'une prothèse avec le même ancillaire quel que soit l'abord choisi. </p><p id="p0027" num="0027"> De préférence, chaque plateau comporte une face antérieure convexe délimitée au moins en partie par une portion de surface cylindrique s'étendant sur un angle supérieur à 160° et présentant un rayon de courbure constant. La portion de surface cylindrique s'étend de préférence sur un angle compris entre 160° et 220°, et par exemple sur un angle d'environ 180°. </p><p id="p0028" num="0028"> Avantageusement, l'axe de la portion de surface cylindrique de chaque plateau s'étend sensiblement perpendiculairement à la face intérieure dudit plateau et s'étend sensiblement dans le plan médian antéro-postérieur dudit plateau. </p><p id="p0029" num="0029"> De préférence, chaque plateau présente une largeur maximale au niveau du plan médian antéro-postérieur dudit plateau. Il doit être noté que l'on entend par largeur d'un plateau, la dimension de ce plateau selon une direction antéro-postérieure, et par longueur d'un plateau, la dimension de ce plateau selon une direction latéro-latérale. </p><p id="p0030" num="0030"> De façon avantageuse, pour chaque plateau, l'intersection entre le premier plan et le plan médian antéro-postérieur dudit plateau est sensiblement confondue avec l'axe de la portion de surface cylindrique dudit plateau. </p><p id="p0031" num="0031"> Selon un mode de réalisation de l'invention, pour chaque plateau, l'intersection entre le deuxième plan et le plan médian antéro-postérieur dudit plateau est sensiblement confondue avec l'axe de la portion de surface cylindrique dudit plateau. </p><p id="p0032" num="0032"> Selon un autre mode de réalisation de l'invention, pour chaque plateau, l'intersection entre le deuxième plan et le plan méd ian antéro- postérieur dudit plateau est décalée par rapport à l'intersection entre le premier plan et le plan médian antéro-postérieur dudit plateau. Selon ce mode de réalisation, pour chaque plateau, l'intersection entre le deuxième plan et le plan médian antéro-postérieur dudit plateau peut par exemple être distante de l'intersection entre le premier plan et le plan médian antéro-postérieur dudit plateau d'une distance correspondant sensiblement au dixième de la largeur maximale dudit plateau. Selon ce mode de réalisation, pour chaque plateau, l'intersection entre le deuxième plan et le plan médian antéro-postérieur dudit plateau peut par exemple être distante de la face antérieure dudit plateau d'une distance correspondant sensiblement à la moitié de la largeur maximale dudit plateau. Selon ce mode de réalisation, l'intersection entre le deuxième plan et 
<!-- EPO <DP n="8"/>-->
 le plan médian antéro-postérieur dudit plateau est avantageusement décalée par rapport l'axe de la portion de surface cylindrique dudit plateau. </p><p id="p0033" num="0033"> Selon une caractéristique avantageuse de l'invention, le rayon de courbure de la portion de surface cylindrique de chaque plateau est sensiblement égal à la moitié de la longueur maximale dudit plateau. </p><p id="p0034" num="0034"> De préférence, le rapport entre la largeur maximale et la longueur maximale de chaque plateau est compris entre 0,66 et 0,75. </p><p id="p0035" num="0035"> Selon un mode de réalisation de l'invention, chaque portion d'accrochage est formée au moins en partie par un rebord d'accrochage dél imité par une encoche ménagée dans le plateau correspondant et débouchant dans la périphérie dudit plateau. </p><p id="p0036" num="0036"> De façon préférentielle, chaque encoche s'étend sur une portion de l'épaisseur du plateau correspondant et débouche dans la face intérieure dudit plateau. Ces dispositions permettent de conserver une surface d'appui optimisée de la prothèse sur les corps vertébraux osseux, et de constituer une zone qui assure le positionnement dans un plan du préhenseur impacteur. </p><p id="p0037" num="0037"> Avantageusement, la face extérieure du premier plateau et la face extérieure du second plateau forment un angle compris entre 10° et 20°. </p><p id="p0038" num="0038"> De préférence, le premier plateau comporte, dans sa zone centrale, une pièce tubulaire tournée vers le second plateau, et le second plateau comporte, dans sa zone centrale, un plot de section inférieure à celle de la pièce tubulaire, tourné vers le premier plateau et engagé dans la pièce tubulaire. </p><p id="p0039" num="0039"> De toute façon l'invention sera bien comprise à l'aide de la description qui suit en référence au dessin schématique annexé représentant, à titre d'exemples non limitatifs, trois formes d'exécution de cette prothèse de disque intervertébral. </p><p id="p0040" num="0040"> Figure 1 est une vue en perspective d'une prothèse de disque intervertébral selon un premier mode de réalisation de l'invention. </p><p id="p0041" num="0041"> Figure 2 est une vue arrière des deux plateaux de la prothèse de la figure 1 . </p><p id="p0042" num="0042"> Figure 3 est une vue de côté de la prothèse de la prothèse de la figure 1 . </p><p id="p0043" num="0043"> Figure 4 est une vue schématique de dessus de l'un des plateaux de la prothèse de la figure 1 . 
<!-- EPO <DP n="9"/>-->
 Figure 5 est une vue de dessus du plateau de la figure 4 sur lequel est monté un organe préhenseur d'un premier type. </p><p id="p0044" num="0044"> Figure 6 est une vue schématique de dessus de l'un des plateaux d'une prothèse de disque intervertébral selon un deuxième mode de réalisation de l'invention. </p><p id="p0045" num="0045"> Figure 7 est une vue schématique de dessus de l'un des plateaux d'une prothèse de disque intervertébral selon un troisième mode de réalisation de l'invention sur lequel est monté un organe préhenseur d'un deuxième type. </p><p id="p0046" num="0046"> L e s f i g u re s 1 à 5 représentent une prothèse de disque intervertébral lombaire 2 destinée à remplacer un disque intervertébral lombaire endommagé. </p><p id="p0047" num="0047"> La prothèse 2 comporte un plateau inférieu r 3 et u n plateau supérieur 4. Les deux plateaux 3, 4 sont réalisés de préférence en alliage à base de titane. </p><p id="p0048" num="0048"> Chaque plateau 3, 4 comprend une face intérieure 5 et une face extérieure 6 sensiblement planes. La face extérieure 6 de chaque plateau 3, 4 est destinée à être fixée sur une des deux vertèbres lombaires adjacentes au disque intervertébral à remplacer. Comme montré plus particulièrement sur la figure 3, la face extérieure 6 du plateau inférieur et la face extérieure 6 du plateau supérieur forment de préférence un angle compris entre 10° et 20°. </p><p id="p0049" num="0049"> Comme montré sur la figure 2, le plateau inférieur 3 comporte, dans sa zone centrale, une pièce tubulaire 7 de section circulaire tournée vers le plateau supérieur 4. Le plateau supérieur 4 comporte, dans sa zone centrale, un plot cylindrique ou tronconique 8 de section inférieure à celle de la pièce tubulaire 7, tourné vers le plateau inférieur 3 et engagé dans la pièce tubulaire 7. Il doit être noté que la somme des longueurs de la pièce tubulaire 7 et du plot 8 est supérieure à la distance entre les deux plateaux 3, 4. </p><p id="p0050" num="0050"> La prothèse 2 comporte en outre un coussin de compression 9 disposé entre les plateaux inférieur et supérieur 3, 4, y compris dans le volume compris entre la pièce tubulaire 7 et le plot 8. Le coussin de compression 9 est solidaire des faces intérieures 5 des deux plateaux. Le coussin de compression 9 est réalisé avantageusement en un matériau compressible, de préférence de type polycarbonate uréthane. </p><p id="p0051" num="0051"> Comme il est visible sur la figure 2, chaque plateau 3, 4 comporte, sur sa face intérieure 5, c'est-à-dire sur sa face tournée vers l'autre plateau, des ergots 1 1 favorisant l'accrochage du coussin de compression 9. En outre, 
<!-- EPO <DP n="10"/>-->
 chaque plateau 3, 4 comporte, sur sa face extérieure 6, des pointes de fixation 12 destinées à favoriser la fixation sur la vertèbre contre laquelle il est destiné à être en contact. </p><p id="p0052" num="0052"> Chaque plateau 3, 4 comporte une face antérieure 13 convexe dél imitée par une portion de surface cylindrique s'étendant sur un angle compris entre 180° et 220°, et présentant un rayon de courbure R constant. L'axe A de la portion de surface cyl indrique de chaque plateau s'étend sensiblement perpendiculairement à la face intérieure 5 dudit plateau et s'étend sensiblement dans le plan médian antéro-postérieur Pi dudit plateau. Le rayon de courbure R de la portion de surface cylindrique de chaque plateau est sensiblement égal à la moitié de la longueur maximale Li dudit plateau. </p><p id="p0053" num="0053"> Le rapport entre la largeur maximale L<sub>2</sub> et la longueur maximale Li de chaque plateau est compris de préférence entre 0,66 et 0,75. </p><p id="p0054" num="0054"> Chaque plateau comporte en outre des premiers, deuxièmes et troisièmes moyens d'accrochage agencés pour coopérer respectivement avec des moyens d'accrochage complémentaires montés sur un organe préhenseur. Les premiers, deuxièmes et troisièmes moyens d'accrochage ménagés sur le plateau inférieur sont agencés pour être situés respectivement en regard des premiers, deuxièmes et troisièmes moyens d'accrochage ménagés sur le plateau supérieur. </p><p id="p0055" num="0055"> Les premiers moyens d'accrochage de chaque plateau comportent deux portions d'accrochage 14a, 14b disposées sensiblement de manière symétrique de part et d'autre du plan médian antéro-postérieur Pi dudit plateau. </p><p id="p0056" num="0056"> Les deuxièmes moyens d'accrochage de chaque plateau comportent deux portions d'accrochage 15a, 15b disposées sensiblement de manière symétrique de part et d'autre d'un premier plan P<sub>2</sub> sensiblement perpendiculaire à la face intérieure 5 dudit plateau et incliné d'un angle a compris entre 50° et 70° par rapport au plan médian antéro-postérieur Pi dudit plateau. L'angle a est par exemple égal à environ 55° ou environ 60°. </p><p id="p0057" num="0057"> Les troisièmes moyens d'accrochage de chaque plateau sont opposés aux deuxièmes moyens d'accrochage par rapport au plan médian antéro-postérieur Pi et comportent deux portions d'accrochage 1 6a, 1 6b disposées sensiblement de manière symétrique de part et d'autre d'un deuxième plan P<sub>3</sub> sensiblement perpendiculaire à la face intérieure 5 dudit 
<!-- EPO <DP n="11"/>-->
 plateau et incliné d'un angle β compris entre 85° et 95°, et de préférence d'environ 90°, par rapport au plan médian antéro-postérieur Pi dudit plateau. </p><p id="p0058" num="0058"> Pour chaque plateau, l'intersection entre le premier plan P<sub>2</sub> et le plan méd ian antéro-postérieur Pi dud it plateau et l 'intersection entre le deuxième plan P<sub>3</sub> et le plan méd ian antéro-postérieur Pi dudit plateau sont sensiblement confondues avec l'axe A de la portion de surface cylindrique dudit plateau. </p><p id="p0059" num="0059"> Chaque plateau comprend en outre une pluralité d'encoches décalées angulairement les unes par rapport aux autres et débouchant dans la périphérie dudit plateau. </p><p id="p0060" num="0060"> Comme montré sur les figures 1 , 4 et 5, chaque plateau 3, 4 comprend plus particulièrement une première encoche 17 délimitant deux rebords d'accrochage formant respectivement les portions d'accrochage 14b, 16a, une deuxième encoche 18 délimitant deux rebords d'accrochage formant respectivement les portions d'accrochage 14a, 15b, une troisième encoche 19 délimitant un rebord d'accrochage formant la portion d'accrochage 15a, et enfin quatrième encoche 21 délimitant un rebord d'accrochage formant la portion d'accrochage 16b. </p><p id="p0061" num="0061"> Chaque encoche s'étend avantageusement sur une portion de l'épaisseur du plateau correspondant et débouche dans la face intérieure 5 dudit plateau. Chaque encoche est de préférence conformée de telle sorte que le ou chaque rebord d'accrochage correspondant est délimité intérieurement une paroi intérieure concave, par exemple en forme de demi queue d'aronde (voir les figures 4 et 5) ou en forme partielle de cylindre (voir la figure 1 ). </p><p id="p0062" num="0062"> I I est à note r q u e les différents moyens d'accrochage de la prothèse représentée sur les figures 1 à 5 sont agencés pour coopérer avec un organe préhenseur 20 qui assure la tenue de la prothèse par serrage de ses portions d 'accrochage 20a, 20b, com m e cel a est plus particulièrement représenté sur la figure 5. </p><p id="p0063" num="0063"> II est également à noter que quel que soit l'abord sélectionné, donc quels que soient les moyens d'accrochage sélectionnés, les forces d'impactions exercées sur la prothèse par l'organe préhenseur sont exclusivement transmises aux plateaux, sans solliciter le coussin de compression 9. </p><p id="p0064" num="0064"> Selon un mode de réalisation non représenté sur les figures, chaque plateau pourrait comporter six encoches décalées angulairement les 
<!-- EPO <DP n="12"/>-->
 unes par rapport aux autres, chaque encoche délimitant qu'un seul rebord d'accrochage. </p><p id="p0065" num="0065"> Selon un deuxième mode de réalisation représenté sur la figure 6, chaque plateau comprend uniquement trois encoches décalées angulairement les unes par rapport aux autres. La première encoche 22 délimite les rebords d'accrochage formant les portions d'accrochage 14a, 14b appartenant aux premiers moyens d'accrochage, la deuxième encoche 23 délimite les rebords d'accrochage formant les portions d'accrochage 15a, 15b appartenant aux deuxièmes moyens d'accrochage, et la troisième encoche 24 délimite les rebords d'accrochage formant les portions d'accrochage 16a, 16b appartenant aux troisièmes moyens d'accrochage. </p><p id="p0066" num="0066"> I l est à note r q u e les différents moyens d'accrochage de la prothèse représentée sur la figure 6 sont agencés pour coopérer avec un organe préhenseur 20' qui assure la tenue de la prothèse par écartement de ses portions d'accrochage 20'a, 20'b, comme cela est plus particulièrement représenté sur la figure 7. </p><p id="p0067" num="0067"> Selon le mode de réalisation représenté sur la figure 7, chaque encoche est traversante et débouche respectivement dans les faces intérieure et extérieure dudit plateau. </p><p id="p0068" num="0068"> Selon un mode de réalisation non représenté sur les figures, pour chaque plateau, l'intersection entre le deuxième plan et le plan médian antéro- postérieur dudit plateau est décalée par rapport à l'intersection entre le premier p l a n et l e pl a n m éd i a n a n té ro-postérieur dudit plateau. Par exemple, l'intersection entre le deuxième plan P<sub>3</sub> et le plan médian antéro-postérieur Pi dudit plateau est distante de la face antérieure 5 dudit plateau d'une distance correspondant sensiblement à la moitié de la largeur maximale L<sub>2</sub> dudit plateau. </p><p id="p0069" num="0069"> Comme il va de soi, l'invention ne se limite pas aux seules formes d'exécution de cette prothèse de disque intervertébral, décrites ci-dessus à titre d'exemples, elle en embrasse au contraire toutes les variantes de réalisation. 
</p></description><claims mxw-id="PCLM44727037" ref-ucid="WO-2012114017-A1" lang="FR" load-source="patent-office"><claim-statement><!-- EPO <DP n="13"/>--> REVENDICATIONS </claim-statement><claim id="clm-0001" num="1"><claim-text>1 . Prothèse de disque intervertébral (2) comportant des premier et second plateaux (3, 4) rigides comprenant chacun une face intérieure (5) et une face extérieure (6) destinée à être fixée sur une des deux vertèbres adjacentes au disque intervertébral à remplacer, et un coussin de compression (9) d isposé entre les premier et second plateaux et solidaire des faces intérieures des premier et second plateaux, caractérisée en ce que chaque plateau (3, 4) comporte des premiers moyens d'accrochage comportant deux portions d'accrochage ( 1 4a, 1 4b) disposées sensiblement de manière symétrique de part et d'autre du plan méd ian antéro-postérieur (Pi) dudit plateau, des deuxièmes moyens d'accrochage comportant deux portions d'accrochage (15a, 1 5b) disposées sensiblement de manière symétrique de part et d'autre d'un premier plan (P<sub>2</sub>) sensiblement perpendiculaire à la face intérieure dudit plateau et incliné d'un angle (a) compris entre 50° et 70° par rapport au plan méd ian antéro-postérieur dud it plateau , et des troisièmes moyens d'accrochage opposés aux deuxièmes moyens d'accrochage par rapport a u pl a n m éd ia n a ntéro-postérieur et comportant deux portions d'accrochage (16a, 1 6b) disposées sensiblement de manière symétrique de part et d'autre d'un deuxième plan (P<sub>3</sub>) sensiblement perpendiculaire à la face intérieure dudit plateau et incliné d'un angle (β) compris entre 85° et 95°, et de préférence d'environ 90°, par rapport au plan médian antéro-postérieur dudit plateau, e n c e q u e les premiers, deuxièmes et troisièmes moyens d'accrochage ménagés sur le premier plateau sont agencés pour être situés respectivement en regard des premiers, deuxièmes et troisièmes moyens d'accrochage ménagés sur le second plateau, et en ce q ue les premiers, deuxièmes et troisièmes moyens d'accrochage des premier et second plateaux sont destinés à coopérer respectivement avec des moyens d'accrochage complémentaires (20a, 20b) montés sur un organe préhenseur (20). </claim-text></claim><claim id="clm-0002" num="2"><claim-text>2. Prothèse de disque intervertébral selon la revendication 1 , caractérisée en ce que chaque plateau (3, 4) comporte une face antérieure (13) convexe délimitée au mo i ns en partie par une portion de surface cylindrique s'étendant sur un angle supérieur à 160° et présentant un rayon de courbure (R) constant. <!-- EPO <DP n="14"/>--> </claim-text></claim><claim id="clm-0003" num="3"><claim-text>3. Prothèse de disque intervertébral selon la revendication 2, caractérisée en ce que l'axe (A) de la portion de surface cylindrique de chaque plateau (3, 4) s'étend sensiblement perpendiculairement à la face intérieure (5) dudit plateau et s'étend sensiblement dans le plan médian antéro-postérieur (Pi) dudit plateau. </claim-text></claim><claim id="clm-0004" num="4"><claim-text>4. Prothèse de d isque intervertébral selon la revendication 3, caractérisée en ce que, pour chaque plateau, l'intersection entre le premier plan (P<sub>2</sub>) et l e plan méd ia n a ntéro-postérieur (Pi) dudit plateau est sensiblement confondue avec l'axe (A) de la portion de surface cylindrique dudit plateau. </claim-text></claim><claim id="clm-0005" num="5"><claim-text>5. Prothèse de disque intervertébral selon la revendication 3 ou 4, caractérisée en ce que, pour chaque plateau, l'intersection entre le deuxième pl a n (P3) et l e pl a n m éd ia n a ntéro-postérieur (P1 ) dudit plateau est sensiblement confondue avec l'axe (A) de la portion de surface cylindrique dudit plateau. </claim-text></claim><claim id="clm-0006" num="6"><claim-text>6. Prothèse de disque intervertébral selon la revendication 3 ou 4, caractérisée en ce que, pour chaque plateau, l'intersection entre le deuxième plan (P3) et le plan médian antéro-postérieur (P1 ) dudit plateau est décalée par rapport à l'intersection entre le premier plan et le plan médian antéro-postérieur dudit plateau. </claim-text></claim><claim id="clm-0007" num="7"><claim-text>7. Prothèse de disque intervertébral selon l'une des revendications</claim-text><claim-text>2 à 6, caractérisée en ce que le rayon de courbure (R) de la portion de surface cylindrique de chaque plateau (3, 4) est sensiblement égal à la moitié de la longueur maximale (L1 ) dudit plateau. </claim-text></claim><claim id="clm-0008" num="8"><claim-text>8. Prothèse de disque intervertébral selon l'une des revendications</claim-text><claim-text>1 à 7, caractérisée en ce que le rapport entre la largeur maximale (L2) et la longueur maximale (L1 ) de chaque plateau est compris entre 0,66 et 0,75. </claim-text></claim><claim id="clm-0009" num="9"><claim-text>9. Prothèse de disque intervertébral selon l'une des revendications 1 à 8, caractérisée en ce que chaque portion d'accrochage (14a-16b) est formée au moins en partie par un rebord d'accrochage délimité par une <!-- EPO <DP n="15"/>--> encoche (17-24) ménagée dans le plateau correspondant et débouchant dans la périphérie dudit plateau. </claim-text></claim><claim id="clm-0010" num="10"><claim-text>10. Prothèse de disque intervertébral selon la revendication 9, caractérisée en ce que chaque encoche s'étend sur une portion de l'épaisseur du plateau correspondant et débouche dans la face intérieure (5) dudit plateau. </claim-text></claim><claim id="clm-0011" num="11"><claim-text>1 1 . Prothèse de disque intervertébral selon l'une des revendications 1 à 10, caractérisée en ce que la face extérieure (6) du premier plateau (3) et la face extérieure (6) du second plateau (4) forment un angle compris entre 10° et 20°. </claim-text></claim></claims><copyright>User acknowledges that Fairview Research LLC and its third party providers retain all right, title and interest in and to this xml under applicable copyright laws.  User acquires no ownership rights to this xml including but not limited to its format.  User hereby accepts the terms and conditions of the Licence Agreement</copyright></patent-document>
