<?xml version="1.0" encoding="UTF-8"?>
<patent-document ucid="EP-2958868-A1" country="EP" doc-number="2958868" kind="A1" date="20151230" family-id="48189984" file-reference-id="311200" date-produced="20180822" status="corrected" lang="FR"><bibliographic-data><publication-reference fvid="160453810" ucid="EP-2958868-A1"><document-id><country>EP</country><doc-number>2958868</doc-number><kind>A1</kind><date>20151230</date><lang>FR</lang></document-id></publication-reference><application-reference ucid="EP-14706500-A" is-representative="NO"><document-id mxw-id="PAPP193870588" load-source="patent-office" format="original"><country>EP</country><doc-number>14706500.7</doc-number><date>20140210</date><lang>FR</lang></document-id><document-id mxw-id="PAPP193870589" load-source="docdb" format="epo"><country>EP</country><doc-number>14706500</doc-number><kind>A</kind><date>20140210</date><lang>FR</lang></document-id></application-reference><priority-claims><priority-claim mxw-id="PPC162030347" ucid="BE-201300110-A" load-source="docdb"><document-id format="epo"><country>BE</country><doc-number>201300110</doc-number><kind>A</kind><date>20130219</date></document-id></priority-claim><priority-claim mxw-id="PPC162032999" ucid="EP-2014052517-W" linkage-type="W" load-source="docdb"><document-id format="epo"><country>EP</country><doc-number>2014052517</doc-number><kind>W</kind><date>20140210</date></document-id></priority-claim></priority-claims><technical-data><classifications-ipcr><classification-ipcr mxw-id="PCL-1988525064" load-source="docdb">C03C   4/10        20060101ALI20140910BHEP        </classification-ipcr><classification-ipcr mxw-id="PCL-1988525846" load-source="docdb">C03C   3/087       20060101AFI20140910BHEP        </classification-ipcr></classifications-ipcr><classifications-cpc><classification-cpc mxw-id="PCL-1984697742" load-source="docdb" scheme="CPC">C03C   3/085       20130101 LI20160107BHEP        </classification-cpc><classification-cpc mxw-id="PCL-1984699296" load-source="docdb" scheme="CPC">C03C2204/00        20130101 LA20160107BHEP        </classification-cpc><classification-cpc mxw-id="PCL-1984704441" load-source="docdb" scheme="CPC">C03C   3/087       20130101 FI20160108BHEP        </classification-cpc><classification-cpc mxw-id="PCL-1984705383" load-source="docdb" scheme="CPC">C03C   4/10        20130101 LI20160108BHEP        </classification-cpc></classifications-cpc><invention-title mxw-id="PT165552896" lang="DE" load-source="patent-office">GLASSCHEIBE MIT HOHEM INFRAROTSTRAHLUNGSÜBERTRAGUNGSPEGEL</invention-title><invention-title mxw-id="PT165552897" lang="EN" load-source="patent-office">GLASS SHEET WITH A HIGH LEVEL OF INFRARED RADIATION TRANSMISSION</invention-title><invention-title mxw-id="PT165552898" lang="FR" load-source="patent-office">FEUILLE DE VERRE À HAUTE TRANSMISSION AUX RAYONNEMENTS INFRAROUGES</invention-title></technical-data><parties><applicants><applicant mxw-id="PPAR1103320817" load-source="docdb" sequence="1" format="epo"><addressbook><last-name>AGC GLASS EUROPE</last-name><address><country>BE</country></address></addressbook></applicant><applicant mxw-id="PPAR1103304645" load-source="docdb" sequence="1" format="intermediate"><addressbook><last-name>AGC GLASS EUROPE</last-name></addressbook></applicant><applicant mxw-id="PPAR1101644128" load-source="patent-office" sequence="1" format="original"><addressbook><last-name>AGC Glass Europe</last-name><iid>101456102</iid><address><street>Avenue Jean Monnet, 4</street><city>1348 Louvain-la-Neuve</city><country>BE</country></address></addressbook></applicant></applicants><inventors><inventor mxw-id="PPAR1103327442" load-source="docdb" sequence="1" format="epo"><addressbook><last-name>LAMBRICHT THOMAS</last-name><address><country>BE</country></address></addressbook></inventor><inventor mxw-id="PPAR1103313482" load-source="docdb" sequence="1" format="intermediate"><addressbook><last-name>LAMBRICHT, Thomas</last-name></addressbook></inventor><inventor mxw-id="PPAR1101649689" load-source="patent-office" sequence="1" format="original"><addressbook><last-name>LAMBRICHT, Thomas</last-name><address><street>Rue du Baron de Wigny 19</street><city>B-1360 Perwez</city><country>BE</country></address></addressbook></inventor><inventor mxw-id="PPAR1103314129" load-source="docdb" sequence="2" format="epo"><addressbook><last-name>DOGIMONT AUDREY</last-name><address><country>BE</country></address></addressbook></inventor><inventor mxw-id="PPAR1103332470" load-source="docdb" sequence="2" format="intermediate"><addressbook><last-name>DOGIMONT, Audrey</last-name></addressbook></inventor><inventor mxw-id="PPAR1101642741" load-source="patent-office" sequence="2" format="original"><addressbook><last-name>DOGIMONT, Audrey</last-name><address><street>Rue Grosse Boule 9</street><city>B-1495 Sart-Dames-Avelines</city><country>BE</country></address></addressbook></inventor></inventors><agents><agent mxw-id="PPAR1101639486" load-source="patent-office" sequence="1" format="original"><addressbook><last-name>Bayot, Daisy</last-name><suffix>et al</suffix><iid>101333732</iid><address><street>AGC Glass Europe Technovation Centre IP Department Rue Louis Blériot, 12</street><city>6041 Gosselies</city><country>BE</country></address></addressbook></agent></agents></parties><international-convention-data><pct-or-regional-filing-data ucid="EP-2014052517-W"><document-id><country>EP</country><doc-number>2014052517</doc-number><kind>W</kind><date>20140210</date><lang>FR</lang></document-id></pct-or-regional-filing-data><pct-or-regional-publishing-data ucid="WO-2014128016-A1"><document-id><country>WO</country><doc-number>2014128016</doc-number><kind>A1</kind><date>20140828</date><lang>FR</lang></document-id></pct-or-regional-publishing-data><designated-states><ep-contracting-states><country mxw-id="DS660725035" load-source="docdb">AL</country><country mxw-id="DS660646720" load-source="docdb">AT</country><country mxw-id="DS660643292" load-source="docdb">BE</country><country mxw-id="DS660759449" load-source="docdb">BG</country><country mxw-id="DS660724205" load-source="docdb">CH</country><country mxw-id="DS660643293" load-source="docdb">CY</country><country mxw-id="DS660642109" load-source="docdb">CZ</country><country mxw-id="DS660725037" load-source="docdb">DE</country><country mxw-id="DS660643294" load-source="docdb">DK</country><country mxw-id="DS660643299" load-source="docdb">EE</country><country mxw-id="DS660735114" load-source="docdb">ES</country><country mxw-id="DS660759450" load-source="docdb">FI</country><country mxw-id="DS660759459" load-source="docdb">FR</country><country mxw-id="DS660725038" load-source="docdb">GB</country><country mxw-id="DS660643300" load-source="docdb">GR</country><country mxw-id="DS660725059" load-source="docdb">HR</country><country mxw-id="DS660642110" load-source="docdb">HU</country><country mxw-id="DS660724206" load-source="docdb">IE</country><country mxw-id="DS660643301" load-source="docdb">IS</country><country mxw-id="DS660759460" load-source="docdb">IT</country><country mxw-id="DS660643302" load-source="docdb">LI</country><country mxw-id="DS660759461" load-source="docdb">LT</country><country mxw-id="DS660646721" load-source="docdb">LU</country><country mxw-id="DS660759462" load-source="docdb">LV</country><country mxw-id="DS660759467" load-source="docdb">MC</country><country mxw-id="DS660646722" load-source="docdb">MK</country><country mxw-id="DS660646727" load-source="docdb">MT</country><country mxw-id="DS660735119" load-source="docdb">NL</country><country mxw-id="DS660795119" load-source="docdb">NO</country><country mxw-id="DS660735120" load-source="docdb">PL</country><country mxw-id="DS660646728" load-source="docdb">PT</country><country mxw-id="DS660724211" load-source="docdb">RO</country><country mxw-id="DS660646729" load-source="docdb">RS</country><country mxw-id="DS660735121" load-source="docdb">SE</country><country mxw-id="DS660642119" load-source="docdb">SI</country><country mxw-id="DS660795120" load-source="docdb">SK</country><country mxw-id="DS660795121" load-source="docdb">SM</country><country mxw-id="DS660759468" load-source="docdb">TR</country></ep-contracting-states><ep-extended-states><ep-extended-state-data><country>BA</country></ep-extended-state-data><ep-extended-state-data><country>ME</country></ep-extended-state-data></ep-extended-states></designated-states></international-convention-data><office-specific-data><eptags><ep-no-a-document-published>*</ep-no-a-document-published></eptags></office-specific-data></bibliographic-data><abstract mxw-id="PA139079189" ref-ucid="WO-2014128016-A1" lang="EN" load-source="patent-office"><p num="0000">The invention relates to a glass sheet with a high level of infrared radiation transmission, that can be used especially in a tactile tablet, panel or screen. More precisely, the invention relates to a glass sheet having a composition comprising, as a content expressed in total weight percentages of glass: SiO<sub>2</sub> 55 - 78%; AI<sub>2</sub>O<sub>3</sub> 0 - 18%; B<sub>2</sub>O<sub>3</sub> 0 - 18%; Na<sub>2</sub>O 5 - 20%; CaO 0 - 15%; MgO 0 - 10%; K<sub>2</sub>O 0 - 10%; BaO 0 - 5%; total iron (expressed in the form of Fe<sub>2</sub>O<sub>3</sub>) 0.002 - 0.06%; and a chromium content (expressed in the form of Cr<sub>2</sub>O<sub>3</sub>) of between 0.002 and 0.06 %.</p></abstract><abstract mxw-id="PA139545744" ref-ucid="WO-2014128016-A1" lang="EN" source="national office" load-source="docdb"><p>The invention relates to a glass sheet with a high level of infrared radiation transmission, that can be used especially in a tactile tablet, panel or screen. More precisely, the invention relates to a glass sheet having a composition comprising, as a content expressed in total weight percentages of glass: SiO2 55 - 78%; AI2O3 0 - 18%; B2O3 0 - 18%; Na2O 5 - 20%; CaO 0 - 15%; MgO 0 - 10%; K2O 0 - 10%; BaO 0 - 5%; total iron (expressed in the form of Fe2O3) 0.002 - 0.06%; and a chromium content (expressed in the form of Cr2O3) of between 0.002 and 0.06 %.</p></abstract><abstract mxw-id="PA139079190" ref-ucid="WO-2014128016-A1" lang="FR" load-source="patent-office"><p num="0000">L'invention concerne une feuille de verre à haute transmission aux rayonnements infrarouges, utilisable notamment dans un écran, panneau ou tablette tactile. Plus précisément, l'invention concerne une feuille de verre ayant une composition qui comprend, en une teneur exprimée en pourcentages en poids total de verre : SiO<sub>2</sub> 55 - 78% AI<sub>2</sub>O<sub>3</sub> 0 - 18% B<sub>2</sub>O<sub>3</sub> 0 - 18% Na<sub>2</sub>O 5 - 20% CaO 0 - 15% MgO 0 - 10% K<sub>2</sub>O 0 - 10% BaO 0 - 5% Fer total (exprimé sous forme de Fe<sub>2</sub>O<sub>3</sub>) 0,002 - 0,06%, et une teneur en chrome (exprimée sous forme de Cr<sub>2</sub>O<sub>3</sub>) allant de 0,002 à 0,06 %.</p></abstract><abstract mxw-id="PA139545745" ref-ucid="WO-2014128016-A1" lang="FR" source="national office" load-source="docdb"><p>L'invention concerne une feuille de verre à haute transmission aux rayonnements infrarouges, utilisable notamment dans un écran, panneau ou tablette tactile. Plus précisément, l'invention concerne une feuille de verre ayant une composition qui comprend, en une teneur exprimée en pourcentages en poids total de verre : SiO2 55 - 78% AI2O3 0 - 18% B2O3 0 - 18% Na2O 5 - 20% CaO 0 - 15% MgO 0 - 10% K2O 0 - 10% BaO 0 - 5% Fer total (exprimé sous forme de Fe2O3) 0,002 - 0,06%, et une teneur en chrome (exprimée sous forme de Cr2O3) allant de 0,002 à 0,06 %.</p></abstract><description mxw-id="PDES78477879" ref-ucid="WO-2014128016-A1" lang="FR" load-source="patent-office"><!-- EPO <DP n="2"/>--><p id="p0001" num="0001"> Feuille de verre à haute transmission aux rayonnements infrarouges </p><p id="p0002" num="0002">1. Domaine de l'invention </p><p id="p0003" num="0003">La présente invention concerne une feuille de verre présentant une haute transmission aux rayonnements infrarouges. Le domaine général de l'invention est celui des panneaux tactiles optiques montés au-dessus de zones de surfaces d'affichage. </p><p id="p0004" num="0004"> Grâce à sa haute transmission aux rayonnements infrarouges (IR), la feuille de verre selon l'invention peut en effet être avantageusement utilisée dans un écran ou panneau ou tablette tactile (« touchscreen » ou « touchpanel » ou « touchpad ») utilisant la technologie optique dite de « Planar Scatter Détection » (PSD) ou encore de « Frustrated total internai reflection » (FTIR) (ou tout autre technologie nécessitant une haute transmission aux IR) pour détecter la position d'un ou plusieurs objets (par exemple, un doigt ou un stylet) sur une surface de ladite feuille. </p><p id="p0005" num="0005"> L'invention a dès lors également trait à un écran, un panneau ou une tablette tactile comprenant une telle feuille de verre. </p><p id="p0006" num="0006">2. Solutions de l'art antérieur </p><p id="p0007" num="0007">Les technologies PSD et FTIR permettent d'obtenir des écrans/panneaux tactiles à détections multiples qui sont peu onéreux et qui peuvent avoir une surface tactile relativement importante (par exemple, de 3 à 100 pouces) tout en ayant une faible épaisseur. </p><p id="p0008" num="0008"> Ces deux technologies impliquent : </p><p id="p0009" num="0009">(i) l'injection d'un rayonnement infrarouge (IR), grâce à des LED's par exemple, dans un substrat transparent aux infrarouges à partir d'un ou plusieurs bords/tranches ; 
<!-- EPO <DP n="3"/>-->
 (ii) la propagation du rayonnement infrarouge à l'intérieur dudit substrat (qui joue alors le rôle de guide d'onde), par l'intermédiaire d'un phénomène optique de réflexion totale interne (aucun rayonnement ne « sort » du substrat); </p><p id="p0010" num="0010">(iii) le contact de la surface du substrat avec un objet quelconque (par exemple, un doigt ou un stylet) entraînant une perturbation locale par diffusion du rayonnement dans toutes les directions ; certains des rayons déviés vont ainsi pouvoir « sortir » du substrat. </p><p id="p0011" num="0011"> Dans la technologie FTIR, les rayons déviés forment un point lumineux infrarouge sur la surface inférieure du substrat, opposée à la surface tactile. Ceux-ci sont vus par une caméra spéciale située en dessous du dispositif. </p><p id="p0012" num="0012"> La technologie PS D implique, quant à elle, deux étapes supplémentaires à la suite des étapes (i)-(iii) : </p><p id="p0013" num="0013">(iv) l'analyse par un détecteur du rayonnement IR résultant au niveau du bord du substrat; et </p><p id="p0014" num="0014"> (v) le calcul par des algorithmes de la/des position(s) du/des objet(s) en contact avec la surface, à partir du rayonnement détecté. Cette technologie est notamment exposée dans le document US2013021300A1. </p><p id="p0015" num="0015"> A la base, le verre est un matériau de choix pour les panneaux tactiles du fait de ses propriétés mécaniques, de sa durabilité, de sa résistance à la griffe, de sa clarté optique et car il peut être renforcé chimiquement ou thermiquement. </p><p id="p0016" num="0016"> Dans le cas de panneaux de verre utilisés pour la technologie PSD ou FTIR et de surface très importante et donc de longueur/largeur relativement grande, le trajet optique du rayonnement IR injecté est long. Dans ce cas, l'absorption du rayonnement IR par le matériau du verre joue donc significativement sur la sensibilité du panneau tactile qui peut alors diminuer de façon indésirable dans la longueur/largeur du panneau. Dans le cas de panneaux de verre utilisés pour la technologie PSD ou FTIR et de 
<!-- EPO <DP n="4"/>-->
 surface plus petite et donc avec un trajet optique du rayonnement IR injecté plus court, l'absorption du rayonnement IR par le matériau du verre joue également, en particulier sur la consommation énergétique du dispositif intégrant le panneau de verre. </p><p id="p0017" num="0017"> Ainsi, une feuille de verre hautement transparente aux rayonnements infrarouges est d'une grand utilité dans ce contexte, afin de garantir une sensibilité intacte ou suffisante sur la totalité de la surface tactile lorsque cette surface est importante. En particulier, une feuille de verre avec un coefficient d'absorption à la longueur d'onde de 1050 nm, utilisée généralement dans ces technologies, égal ou même inférieur à 1 m <sup>1</sup> est idéal. </p><p id="p0018" num="0018"> Afin d'obtenir une haute transmission dans les infrarouges (et dans le visible), il est connu de diminuer la teneur totale en fer dans le verre (exprimée en terme de Fe<sub>2</sub>03 selon la pratique standard dans le domaine) en obtenant des verres à basse teneur en fer (ou « low iron »). Les verres de types silicates contiennent toujours du fer car celui-ci est présent comme impureté dans la plupart des matières premières utilisées (sable, calcaire, dolomie...). Le fer existe dans la structure du verre sous la forme d'ions ferriques Fe<sup>3+</sup> et d'ions ferreux Fe<sup>2+</sup>. La présence d'ions ferriques Fe<sup>3+</sup> confère au verre une légère absorption de la lumière visible de faible longueur d'onde et une plus forte absorption dans le proche ultraviolet (bande d'absorption centrée sur 380 nm), tandis que la présence d'ions ferreux Fe<sup>2+</sup> (parfois exprimée en oxyde FeO) provoque une forte absorption dans le proche infrarouge (bande d'absorption centrée sur 1050 nm). Ainsi, l'augmentation de la teneur en fer totale (sous ses deux formes) accentue l'absorption dans le visible et l'infrarouge. De plus, une forte concentration en ions ferreux Fe<sup>2+</sup> entraîne une diminution de la transmission dans l'infrarouge (en particulier, le proche infrarouge). Toutefois, pour atteindre un coefficient d'absorption à la longueur d'onde de 1050 nm suffisamment faible pour les applications tactiles uniquement en jouant sur la teneur en fer total, cela nécessiterait une diminution tellement importante de cette teneur en fer total, que (i) soit cela 
<!-- EPO <DP n="5"/>-->
 entraînerait des coûts de production beaucoup trop élevés, provenant du besoin de matières premières très pures (qui parfois même n'existent pas suffisamment pures), (ii) soit cela poserait des problèmes de production (notamment l'usure prématurée du four et/ou des difficultés de chauffe du verre dans le four). </p><p id="p0019" num="0019"> I l est égalem ent co nnu, pour augm enter davantage la transmission du verre, d'oxyder le fer présent dans le verre, c'est-à-dire de diminuer la teneur en ions ferreux au profit de la teneur en ions ferriques. Le degré d'oxydation d'un verre est donné par son rédox, défini comme le rapport en poids d'atome de Fe<sup>2+</sup> par rapport au poids total des atomes de fer présents dans le verre, Fe<sup>2+</sup>/Fe total. </p><p id="p0020" num="0020"> Afin de diminuer le rédox du verre, il est connu d'ajouter au batch de matières premières un composant oxydant. Cependant, la plupart des oxydants connus (sulfates, nitrates, ...) ont un pouvoir oxydant qui n'est pas suffisamment fort pour atteindre les valeurs de transmission IR recherchées pour l'application de panneaux tactiles utilisant la technologie FTIR ou PSD. </p><p id="p0021" num="0021">3. Objectifs de l'invention </p><p id="p0022" num="0022">L'invention, dans au moins un de ses modes de réalisation, a pour objectif de fournir une feuille de verre avec une haute transmission aux rayonnements infrarouges. En particulier, l'invention a pour obj ectif de fournir une feuille de verre avec une haute transmission aux rayonnements infrarouges proches. </p><p id="p0023" num="0023"> Un autre objectif de l'invention, dans au moins un de ses modes de réalisation, est de fournir une feuille de verre qui, lorsqu'elle est utilisée comme surface tactile dans des écrans, panneaux ou tablettes tactiles de grandes dimensions, n'entraîne pas ou peu de perte de sensibilité de la fonction tactile. 
<!-- EPO <DP n="6"/>-->
 Un autre objectif de l'invention, dans au moins un de ses modes de réalisation, est de fournir une feuille de verre qui, lorsqu'elle est utilisée comme surface tactile dans des écrans, panneaux ou tablettes tactiles de dimensions plus modestes, est favorable à la consommation énergétique du dispositif. </p><p id="p0024" num="0024"> Un autre objectif de l'invention, dans au moins un de ses modes de réalisation, est de fournir une feuille de verre avec une haute transmission aux rayonnements infrarouges et avec une esthétique acceptable pour l'application choisie. </p><p id="p0025" num="0025"> Finalement, l'invention a également pour objectif de fournir une feuille de verre avec une haute transmission aux rayonnements infrarouges et qui est peu onéreuse à produire. </p><p id="p0026" num="0026">4. Exposé de l'invention </p><p id="p0027" num="0027">L'invention concerne une feuille de verre ayant une composition qui comprend, en une teneur exprimée en pourcentages en poids total de verre : </p><p id="p0028" num="0028"> Si0<sub>2</sub> 55 - 78% 
<img id="imgf000006_0001" he="12" wi="91" file="imgf000006_0001.tif" img-format="tif" img-content="drawing" orientation="portrait" inline="no"/>
 </p><p id="p0029" num="0029"> Na<sub>2</sub>0 5 - 20%</p><p id="p0030" num="0030">CaO 0 - 15%</p><p id="p0031" num="0031">MgO 0 - 10%</p><p id="p0032" num="0032">K<sub>2</sub>0 0 - 10%</p><p id="p0033" num="0033">BaO 0 - 5% </p><p id="p0034" num="0034"> Fer total (exprimé sous forme de Fe<sub>2</sub>Os) 0,002 - 0,06%. </p><p id="p0035" num="0035"> Conformément à un mode de réalisation particulier, ladite composition comprend en outre une teneur en chrome (exprimée sous forme 
<!-- EPO <DP n="7"/>-->
 de Cr<sub>2</sub>03) allant de 0,002 à 0,06 % en poids par rapport au poids total du verre. </p><p id="p0036" num="0036"> Ainsi, l'invention repose sur une approche tout à fait nouvelle et inventive car elle permet de résoudre le problème technique posé. Les inventeurs ont en effet mis en évidence, de manière surprenante, qu'il était possible, en combinant dans une composition de verre une basse teneur en fer et du chrome, spécialement connu en tant que colorant puissant dans des compositions de verres colorés dits « sélectifs », dans une gamme de teneurs spécifique, d'obtenir une feuille de verre très transparente dans l'IR, sans un impact trop négatif sur son esthétique, sa couleur. </p><p id="p0037" num="0037"> Dans l'ensemble du présent texte, lorsqu'une gamme est indiquée, les extrémités sont inclues. En outre, toutes les valeurs entières et sous-domaines dans la gamme numérique sont expressément inclues comme si explicitement écrites. Dans l'ensemble du présent texte également, les valeurs de teneur en pourcentages sont des valeurs pondérales, exprimées par rapport au poids total du verre. </p><p id="p0038" num="0038"> D 'autres caractéristiqu es et avantages de l'invention apparaîtront plus clairement à la lecture de la description suivante. </p><p id="p0039" num="0039"> Par verre au sens de l'invention, on entend un matériau totalement amorphe, excluant donc tout matériau cristallin, même partiellement (comme par exemple, les matériaux vitro-cristallins ou vitrocéramiques) . </p><p id="p0040" num="0040"> La feuille de verre selon l'invention est faite de verre pouvant appartenir à diverses catégories. Le verre peut ainsi être un verre de type silico-sodo-calcique, alumino-silicate, boro-silicate,... De manière préférée et pour des raisons de coûts plus faibles de production, la feuille de verre selon l'invention est une feuille de verre silico-sodo-calcique. Selon ce mode de réalisation préféré, la composition de la feuille de verre peut comprendre, en une teneur exprimée en pourcentages en poids total de verre : 
<!-- EPO <DP n="8"/>-->
 Si0<sub>2</sub> 60 - 75% 
<img id="imgf000008_0001" he="12" wi="100" file="imgf000008_0001.tif" img-format="tif" img-content="drawing" orientation="portrait" inline="no"/>
 </p><p id="p0041" num="0041"> CaO 0 - 15% </p><p id="p0042" num="0042"> MgO 0 - 10% </p><p id="p0043" num="0043"> Na<sub>2</sub>0 5 - 20% </p><p id="p0044" num="0044"> K<sub>2</sub>0 0 - 10% </p><p id="p0045" num="0045"> BaO 0 - 5% </p><p id="p0046" num="0046"> Fer total (exprimé sous forme de Fe<sub>2</sub>Os) 0,002 - 0,06%. </p><p id="p0047" num="0047"> La feuille de verre selon l'invention peut être une feuille de verre obtenue par un procédé de flottage, d'étirage, de laminage ou tout autre procédé connu pour fabriquer une feuille de verre au départ d'une composition de verre en fusion. Selon un mode de réalisation préférentiel selon l'invention, la feuille de verre est une feuille de verre flotté. Par feuille de verre flotté, on entend une feuille de verre formée par le procédé de flottage (ou « float »), consistant à déverser le verre en fusion sur un bain d'étain fondu, sous conditions réductrices. Une feuille de verre flotté comporte, de façon connue, une face dite « face étain », c'est-à-dire une face enrichie en étain dans la masse du verre proche de la surface de la feuille. Par enrichissement en étain, on entend une augmentation de la concentration en étain par rapport à la composition du verre à cœur qui p eut être substantiellement nulle (exempte d'étain) ou non. </p><p id="p0048" num="0048"> Selon l'invention, différentes matières premières contenant du chrome peuvent être utilisées pour introduire le chrome dans la composition de verre. En particulier, les oxydes de chrome CrO, Cr<sub>2</sub>03, Cr0<sub>2</sub> ou CrÛ3 sont des sources possibles et relativement pures de chrome. D'autres substances riches en chrome peuvent également être utilisées, tels que les chromâtes, les chromites ou tout autre composé chimique à base de chrome. Les composés contenant du chrome sous sa forme 6+ sont toutefois moins préférés pour des raisons de sécurité. 
<!-- EPO <DP n="9"/>-->
 La feuille de verre selon l'invention peut avoir des dimensions diverses et relativement importantes. Elle peut, par exemple, avoir des dimensions allant jusqu'à 3,21 m x 6 m ou 3,21 m x 5,50 m ou 3,21 m x 5,10 m ou 3,21 m x 4,50 m (feuille de verre appelée « PLF ») ou encore, par exemple, 3,21 m x 2,55 m ou 3,21 m x 2,25 m (feuille de verre appelée « DLF »). </p><p id="p0049" num="0049"> La feuille de verre selon l'invention peut avoir une épaisseur variant entre 0,1 et 25 mm. Avantageusement, dans le cas de l'application de panneaux tactiles, la feuille de verre selon l'invention peut avoir une épaisseur variant entre 0,1 et 6 mm. De manière préférée, dans le cas de l'application d'écrans tactiles, pour des raisons de poids, l'épaisseur de la feuille de verre selon l'invention est de 0,1 à 2,2 mm. </p><p id="p0050" num="0050"> Selon l'invention, la composition de l'invention comprend une teneur en fer total (exprimé en terme de Fe<sub>2</sub>03) allant de 0,002 à 0,06% en poids par rapport au poids total du verre. Une teneur en fer total (exprimé sous forme de Fe<sub>2</sub>Û3) inférieure ou égale à 0, 06% en poids p ermet d'augmenter davantage la transmission IR de la feuille de verre. La valeur minimale permet de ne pas trop pénaliser le coût du verre car de si faibles valeurs en fer nécessitent souvent des matières premières très pures onéreuses ou bien une purification de celles-ci. De manière préférée, la composition comprend une teneur en fer total (exprimé sous forme de Fe<sub>2</sub>Û3) allant de 0,002 à 0,04% en poids par rapport au poids total du verre. De manière toute préférée, la composition comprend une teneur en fer total (exprimé sous forme de Fe<sub>2</sub>Û3) allant de 0,002 à 0,02% en poids par rapport au poids total du verre. </p><p id="p0051" num="0051"> Selon un mode de réalisation avantageux de l'invention, la composition de l'invention comprend une teneur en chrome (exprimée sous forme de Cr<sub>2</sub>Û3) allant de 0,002 à 0,03% en poids par rapport au poids total du verre. Une telle gamme de teneurs en chrome permet d'obtenir une transmission importante dans l'IR sans trop pénaliser l'aspect esthétique, la 
<!-- EPO <DP n="10"/>-->
 coloration de la feuille de verre. De manière toute préférée, la composition de l'invention comprend une teneur en chrome (exprimée sous forme de Cr<sub>2</sub>Û3) allant de 0,002 à 0,02%. </p><p id="p0052" num="0052"> Selon un mode de réalisation particulièrement avantageux de l'invention, la composition comprend une teneur en fer total (exprimée sous forme de Fe<sub>2</sub>Û3) allant de 0,002 à 0,02% et une teneur en chrome (exprimée sous forme de Cr<sub>2</sub>Û3) allant de 0,002 à 0,02%, en poids par rapport au poids total du verre. Une telle composition permet d'atteindre des valeurs très faibles de coefficient d'absorption dans l'infrarouge et en particulier à la longueur d'onde de 1050 nm. </p><p id="p0053" num="0053"> Selon un autre mode de réalisation de l'invention, la composition comprend une teneur en Fe<sup>2+</sup>(exprimée sous forme de FeO) inférieure à 20 ppm. Cette gamme de teneurs permet d'obtenir des propriétés très satisfaisantes et en particulier, en termes de transmission des IR. De manière préférée, la composition comprend une teneur en Fe<sup>2+</sup>(exprimée sous forme de FeO) inférieure à 10 ppm. De manière toute préférée, la composition comprend une teneur en Fe<sup>2+</sup>(exprimée sous forme de FeO) inférieure à 5 ppm. </p><p id="p0054" num="0054"> Selon l'invention, la feuille de verre possède une haute transmission des rayonnements IR. Plus précisément, la feuille de verre de la présente invention possède une haute transmission des rayonnements dans le proche infrarouge. </p><p id="p0055" num="0055"> Pour quantifier la bonne transmission du verre dans le domaine des infrarouges, dans la présente description, on utilisera le coefficient d'absorption à la longueur d'onde de 1050 nm, qui doit dès lors être le plus faible possible afin d'obtenir une bonne transmission. Le coefficient d'absorption est défini par le rapport entre l'absorbance et la longueur du chemin optique parcouru par un rayonnement électromagnétique dans un milieu donné. Il s'exprime en m<sup>1</sup>. Il est donc 
<!-- EPO <DP n="11"/>-->
 indépendant de l'épaisseur du matériau mais il est fonction de la longueur d'onde du rayonnement absorbé et de la nature chimique du matériau. </p><p id="p0056" num="0056"> Dans le cas du verre, le coefficient d'absorption ( ) à une longueur d'onde λ choisie peut être calculé à partir d'une mesure en transmission (T) ainsi que de l'indice de réfraction n du matériau [thick = épaisseur), les valeurs de n, p et T étant fonction de la longueur d'onde λ choisie : </p><p id="p0057" num="0057"> 1 -(l - p)<sup>z</sup> + V(l - p)<sup>4</sup> + 4.r<sup>3</sup>..p<sup>2"</sup> </p><p id="p0058" num="0058"> thick <sup>'</sup> l. T.p<sup>2</sup> avec p = (n-l)<sup>2</sup>/(n+l)<sup>2</sup> </p><p id="p0059" num="0059">Avantageusement, la feuille de verre selon l'invention a un coefficient d'absorption à la longueur d'onde de 1050 nm inférieur à 5 m <sup>1</sup>. De préférence, la feuille de verre selon l'invention a un coefficient d'absorption à la longueur d'onde de 1050 nm inférieur ou égal à 2 m <sup>1</sup>. De manière toute préférée, la feuille de verre selon l'invention a un coefficient d'absorption à la longueur d'onde de 1050 nm inférieur ou égale à 1 m <sup>1</sup>. </p><p id="p0060" num="0060"> Avantageusement également, la feuille de verre s elon l'invention a un coefficient d'absorption à la longueur d'onde 950 nm inférieur à 5 m <sup>1</sup>. De préférence, la feuille de verre selon l'invention a un coefficient d'absorption à la longueur d'onde de 950 nm inférieur ou égal à 2 m <sup>1</sup>. De manière toute préférée, la feuille de verre selon l'invention a un coefficient d'absorption à la longueur d'onde de 950 nm inférieur ou égale à 1 m <sup>1</sup>. </p><p id="p0061" num="0061"> Avantageusement également, la fe uill e d e ve rre s elo n l'invention a un coefficient d'absorption à la longueur d'onde de 850 nm inférieur à 5 m <sup>1</sup>. De préférence, la feuille de verre selon l'invention a un coefficient d'absorption à la longueur d'onde de 850 nm inférieur ou égal à 2 m <sup>1</sup>. De manière toute préférée, la feuille de verre selon l'invention a un 
<!-- EPO <DP n="12"/>-->
 coefficient d'absorption à la longueur d'onde de 850 nm inférieur ou égale à 1 m <sup>1</sup>. </p><p id="p0062" num="0062"> Selon un mode de réalisation de l'invention, la composition de la feuille de verre peut comprendre, en plus des impuretés contenues notamment dans les matières premières, une faible proportion d'additifs (tels que des agents aidant la fusion ou l'affinage du verre) ou d'éléments provenant de la dissolution des réfractaires constituant les fours de fusion. </p><p id="p0063" num="0063"> Selon un mode de réalisation avantageux de l'invention, la composition de la feuille de verre peut comprendre en outre un ou plusieurs colorant(s), en quantité adaptée en fonction de l'effet recherché. Ce(ces) colorant(s) peu(ven)t servir, par exemple, à « neutraliser » la couleur générée par la présence du chrome et rendre ainsi la coloration du verre de l'invention plus neutre, incolore. Alternativement, ce (ces) colorants peu(ven)t servir à obtenir une couleur recherchée et autre que celle pouvant être générée par la présence du chrome. </p><p id="p0064" num="0064"> Selon un autre mode de réalisation avantageux de l'invention, combinable au mode de réalisation précédent, la feuille de verre peut être revêtue d'une couche ou d'un film qui permet de modifier ou neutraliser la couleur pouvant être générée par la présence du chrome (par exemple, un film de PVB coloré). </p><p id="p0065" num="0065"> La feuille de verre selon l'invention peut avantageusement être trempée chimiquement ou thermiquement. </p><p id="p0066" num="0066"> Selon un mode de réalisation de l'invention, la feuille de verre est revêtue d'au moins une couche mince transparente et conductrice de l'électricité. Une couche mince transparente et conductrice selon l'invention peut, par exemple, être une couche à base de Sn0<sub>2</sub>:F, de Sn0<sub>2</sub>:Sb ou d'ITO (oxyde d'indium et d'étain), ZnO:Al ou encore ZnO:Ga. </p><p id="p0067" num="0067"> Selon un autre mode de réalisation avantageux de l'invention, la feuille de verre est revêtue d'au moins une couche antirefléchissante (ou anti-reflet). Ce mode de réalisation est évidemment avantageux dans le cas 
<!-- EPO <DP n="13"/>-->
 d'une utilisation de la feuille de verre de l'invention comme face avant d'un écran. Une couche antirefléchissante selon l'invention peut, par exemple, être une couche à base de silice poreuse à bas indice de réfraction ou elle peut être constituée de plusieurs strates (empilement), notamm e nt un empilement de couches de matériau diélectrique alternant des couches à bas et hauts indices de réfraction et se terminant par une couche à bas indice de réfraction. </p><p id="p0068" num="0068"> Selon un autre mode de réalisation, la feuille de verre est revêtue d'au moins une couche anti-empreinte ou a été traitée de manière à réduire/empêcher les empreintes de se marquer. Ce mode de réalisation est également avantageux dans le cas d'une utilisation de la feuille de verre de l'invention comme face avant d'un écran tactile. Une telle couche ou un tel traitement p eut être combinée à une couche mince transparente et conductrice de l'électricité, déposée sur la face opposée. Une telle couche peut être combinée à une couche antirefléchissante déposée sur la même face, la couche anti-empreinte étant à l'extérieur de l'empilement et recouvrant donc la couche antirefléchissante. </p><p id="p0069" num="0069"> En fonction des applications et/ou des propriétés désirées, d'autres couches peuvent être déposées sur l'une et/ou l'autre face de la feuille de verre selon l'invention. </p><p id="p0070" num="0070"> L'invention concerne également un écran ou un panneau ou une tablette tactile, comprenant au moins une feuille de verre selon l'invention, définissant une surface tactile. Selon ce mode de réalisation, l'écran ou le panneau ou la tablette tactile utilise avantageusement la technologie optique FTIR ou PSD. En particulier, pour un écran, la feuille de verre est avantageusement montée au-dessus d'une surface d'affichage. </p><p id="p0071" num="0071"> Finalement, grâce à sa haute transmission aux rayonnements infrarouges, la feuille de verre selon l'invention peut être avantageusement utilisée dans un écran ou panneau ou tablette tactile (« touchscreen » ou « touchpanel » ou « touchpad ») utilisant la technologie optique dite de 
<!-- EPO <DP n="14"/>-->
 « Planar Scatter Détection » (PSD) ou encore de « Frustrated total internai reflection » (FTIR) pour détecter la position d'un ou plusieurs objets (par exemple, un doigt ou un stylet) sur une surface de ladite feuille. </p><p id="p0072" num="0072"> Les exemples qui suivent illustrent l'invention, sans intention de limiter de quelque façon sa couverture. </p><p id="p0073" num="0073">Exemples </p><p id="p0074" num="0074"> Les matières premières ont été mélangées sous forme de poudre et placées en creuset pour la fusion, selon la composition de base précisée dans le tableau ci-dessous. </p><p id="p0075" num="0075">Teneur [% en </p><p id="p0076" num="0076"> Composition de base poids]</p><p id="p0077" num="0077"><img id="imgf000014_0001" he="6" wi="109" file="imgf000014_0001.tif" img-format="tif" img-content="drawing" orientation="portrait" inline="no"/></p><p id="p0078" num="0078"> CaO 9 </p><p id="p0079" num="0079"> K<sub>2</sub>0 0,3 </p><p id="p0080" num="0080"> Na<sub>2</sub>0 14 </p><p id="p0081" num="0081"> S0<sub>3</sub> 0,3 </p><p id="p0082" num="0082"> A1<sub>2</sub>0<sub>3</sub> 0,8 </p><p id="p0083" num="0083"> MgO 4,2 </p><p id="p0084" num="0084"> Fer total (exprimé en Fe<sub>2</sub>Û3) 0,01 </p><p id="p0085" num="0085">Différents échantillons ont été préparés avec des quantités de chrome variables et la composition de base maintenue fixe. L'échantillon 1 (comparatif) correspond à un verre de l'état de la technique, à basse teneur en fer et ne contenant pas de chrome (et dit « extra-clair »). Les échantillons 2-4 correspondent à des compositions de feuille de verre selon l'invention. </p><p id="p0086" num="0086"> Les propriétés optiques de chaque échantillon de verre sous forme de feuille ont été déterminées et en particulier, le coefficient d'absorption aux longueurs d'onde de 1050, 950 et 850 nm a été déterminé 
<!-- EPO <DP n="15"/>-->
 via une mesure en transmission sur un spectrophotomètre Perkin Elmer lambda 950 équipé d'une sphère d'intégration de 150 mm de diamètre, l'échantillon étant placé au port d'entrée de la sphère pour la mesure. </p><p id="p0087" num="0087"> Le tableau ci-dessous présente le coefficient d'absorption aux longueurs d'onde de 1050, 950 et 850 nm obtenu en fonction de la quantité de chrome ajoutée (le chrome a été aj outé sous forme d'oxyd e de chrome(III)). </p><p id="p0088" num="0088">% en poids de coefficient coefficient coefficient chrome (exprimé d'absorption d'absorption d'absorption</p><p id="p0089" num="0089">Echantillon </p><p id="p0090" num="0090"> sous forme de à 1050nm à 950nm à 850nm Cr<sub>2</sub>0<sub>3</sub>) (m <sup>i</sup>) (m <sup>i</sup>) (m <sup>i</sup>)</p><p id="p0091" num="0091">1 (comparatif) 0 6,3 6,1 5,0</p><p id="p0092" num="0092">2 0,0021 4,5 4,2 3,6</p><p id="p0093" num="0093">3 0,0067 2,2 2,0 1,8</p><p id="p0094" num="0094">4 0,0199 0,4 0,4 0,6 </p><p id="p0095" num="0095">Ces résultats montrent que l'ajout de chrome, dans une gamme de teneurs selon l'invention, permet de diminuer significativement le coefficient d'absorption à chacune des longueurs d'onde de 1050, 950 et 850 nm, et donc de manière générale, de diminuer l'absorption des rayonnements infrarouges proches. </p><p id="p0096" num="0096"> Avec une quantité de fer total de 0,01%, une quantité de chrome d'environ 200 ppm est nécessaire pour descendre en dessous de lnr <sup>1</sup> (valeur de coefficient d'absorption idéale pour les applications tactiles utilisant la technologie optique FTIR ou PSD). Si la quantité de fer total est inférieure à 0,01%, la quantité de chrome nécessaire sera plus faible et inversement. 
</p></description><claims mxw-id="PCLM70078160" ref-ucid="WO-2014128016-A1" lang="FR" load-source="patent-office"><claim id="clm-0001" num="1"><!-- EPO <DP n="16"/>--><claim-text> REVENDICATIONS </claim-text><claim-text>Feuille de verre ayant une composition qui comprend, en une teneur exprimé pourcentages en poids total de verre : </claim-text><claim-text> Si0<sub>2</sub> 55 - 78% 
<img id="imgf000016_0001" he="12" wi="103" file="imgf000016_0001.tif" img-format="tif" img-content="drawing" orientation="portrait" inline="no"/>
 </claim-text><claim-text> Na<sub>2</sub>0 5 - 20%</claim-text><claim-text>CaO 0 - 15%</claim-text><claim-text>MgO 0 - 10%</claim-text><claim-text>K<sub>2</sub>0 0 - 10%</claim-text><claim-text>BaO 0 - 5% </claim-text><claim-text> Fer total (exprimé sous forme de Fe<sub>2</sub>Os) 0,002 - 0,06% caractérisée en ce que ladite composition comprend une teneur en chrome (exprimée sous forme de Cr<sub>2</sub>03) allant de 0,002 à 0,06 % en poids par rapport au poids total du verre. </claim-text></claim><claim id="clm-0002" num="2"><claim-text> 2. Feuille de verre selon la revendication précédente, caractérisée en ce que la composition comprend une teneur en chrome (exprimée sous forme de Cr<sub>2</sub>03) allant de 0,002 à 0,03 % en poids par rapport au poids total du verre. </claim-text></claim><claim id="clm-0003" num="3"><claim-text> 3. Feuille de verre selon la revendication précédente, caractérisée en ce que la composition comprend une teneur en chrome (exprimée sous forme de Cr<sub>2</sub>03) allant de 0,002 à 0,02 % en poids par rapport au poids total du verre. </claim-text></claim><claim id="clm-0004" num="4"><claim-text> 4. Feuille de verre selon l'une des revendications précédentes, caractérisée en ce que la composition comprend une teneur en fer total (exprimée sous forme de Fe<sub>2</sub>03) allant de 0,002 à 0,04% en poids par rapport au poids total du verre. </claim-text></claim><claim id="clm-0005" num="5"><claim-text>5. Feuille de verre selon la revendication précédente, caractérisée en ce que la composition comprend une teneur en fer total (exprimée sous forme de Fe<sub>2</sub>03) allant de 0,002 à 0,02% en poids par rapport au poids total du verre. </claim-text></claim><claim id="clm-0006" num="6"><claim-text>6. Feuille de verre selon la revendication précédente, caractérisée en ce que la composition comprend une teneur en fer total (exprimée sous forme de Fe<sub>2</sub>03) 
<!-- EPO <DP n="17"/>-->
 allant de 0,002 à 0,02% et une teneur en chrome (exprimée sous forme de Cr<sub>2</sub>Û3) allant de 0,002 à 0,02%, en poids par rapport au poids total du verre. </claim-text></claim><claim id="clm-0007" num="7"><claim-text>7. Feuille de verre selon l'une des revendications précédentes, caractérisée en ce que le feuille de verre est une feuille de verre silico-sodo-calcique. </claim-text></claim><claim id="clm-0008" num="8"><claim-text>8. Feuille de verre selon l'une des revendications précédentes, caractérisée en ce que la composition comprend une teneur en Fe<sup>2+</sup>(exprimée sous forme de FeO) inférieure à 20 ppm. </claim-text></claim><claim id="clm-0009" num="9"><claim-text> 9. Feuille de verre selon la revendication précédente, caractérisée en ce que la composition comprend une teneur en Fe<sup>2+</sup>(exprimée sous forme de FeO) inférieure à 10 ppm. </claim-text></claim><claim id="clm-0010" num="10"><claim-text> 10. Feuille de verre selon la revendication précédente, caractérisée en ce que la composition comprend une teneur en Fe<sup>2+</sup>(exprimée sous forme de FeO) inférieure à 5 ppm. </claim-text></claim><claim id="clm-0011" num="11"><claim-text> 11. Feuille de verre selon l'une des revendications précédentes, caractérisée en ce qu'elle a un coefficient d'absorption à la longueur d'onde de 1050 nm inférieur ou égal à 5 m <sup>1</sup>. </claim-text></claim><claim id="clm-0012" num="12"><claim-text> 12. Ecran ou panneau ou tablette tactile, comprenant au moins une feuille de verre selon l'une des revendications 1 à 11 définissant une surface tactile. </claim-text></claim><claim id="clm-0013" num="13"><claim-text> 13. Ecran ou panneau ou tablette tactile selon la revendication précédente, utilisant la technologie optique FTIR ou PSD. </claim-text></claim><claim id="clm-0014" num="14"><claim-text> 14. Utilisation d'une feuille de verre selon l'une des revendications 1 à 11, dans un écran ou panneau ou tablette tactile utilisant la technologie optique FTIR ou PSD pour détecter la position d'un ou plusieurs objets sur une surface de ladite feuille. 
</claim-text></claim></claims><copyright>User acknowledges that Fairview Research LLC and its third party providers retain all right, title and interest in and to this xml under applicable copyright laws.  User acquires no ownership rights to this xml including but not limited to its format.  User hereby accepts the terms and conditions of the Licence Agreement</copyright></patent-document>
