<?xml version="1.0" encoding="UTF-8"?>
<patent-document ucid="EP-2681112-A1" country="EP" doc-number="2681112" kind="A1" date="20140108" family-id="45582067" file-reference-id="311172" date-produced="20180823" status="corrected" lang="EN"><bibliographic-data><publication-reference fvid="146586644" ucid="EP-2681112-A1"><document-id><country>EP</country><doc-number>2681112</doc-number><kind>A1</kind><date>20140108</date><lang>EN</lang></document-id></publication-reference><application-reference ucid="EP-12703672-A" is-representative="NO"><document-id mxw-id="PAPP154848836" load-source="docdb" format="epo"><country>EP</country><doc-number>12703672</doc-number><kind>A</kind><date>20120203</date><lang>EN</lang></document-id><document-id mxw-id="PAPP168045816" load-source="docdb" format="original"><country>EP</country><doc-number>12703672.1</doc-number><date>20120203</date><lang>EN</lang></document-id></application-reference><priority-claims><priority-claim mxw-id="PPC140554572" ucid="US-201113041299-A" load-source="docdb"><document-id format="epo"><country>US</country><doc-number>201113041299</doc-number><kind>A</kind><date>20110304</date></document-id></priority-claim><priority-claim mxw-id="PPC140552970" ucid="US-2012023819-W" linkage-type="W" load-source="docdb"><document-id format="epo"><country>US</country><doc-number>2012023819</doc-number><kind>W</kind><date>20120203</date></document-id></priority-claim></priority-claims><technical-data><classifications-ipcr><classification-ipcr mxw-id="PCL1989321051" load-source="docdb">B64C   1/14        20060101AFI20120927BHEP        </classification-ipcr></classifications-ipcr><classifications-cpc><classification-cpc mxw-id="PCL-1642417185" load-source="docdb" scheme="CPC">Y02T  50/43        20130101 LA20180510BHEP        </classification-cpc><classification-cpc mxw-id="PCL-1801309485" load-source="docdb" scheme="CPC">B29C  70/30        20130101 LI20170612BHEP        </classification-cpc><classification-cpc mxw-id="PCL-1996935720" load-source="docdb" scheme="CPC">B64F   5/0009      20130101 FI20151126BHEP        </classification-cpc><classification-cpc mxw-id="PCL-2015157445" load-source="docdb" scheme="CPC">B64C2001/0072      20130101 LA20151016BHEP        </classification-cpc><classification-cpc mxw-id="PCL-2015157645" load-source="docdb" scheme="CPC">B64C   1/1492      20130101 LI20151016BHEP        </classification-cpc><classification-cpc mxw-id="PCL-2015163123" load-source="docdb" scheme="CPC">B64C   1/1484      20130101 LI20151016BHEP        </classification-cpc><classification-cpc mxw-id="PCL-2015163786" load-source="docdb" scheme="CPC">B64C   1/068       20130101 LI20151016BHEP        </classification-cpc><classification-cpc mxw-id="PCL-2073183503" load-source="docdb" scheme="CPC">Y10T  83/04        20150401 LA20150410BCEP        </classification-cpc><classification-cpc mxw-id="PCL-2102489796" load-source="docdb" scheme="CPC">Y10T 156/1064      20130101 LA20150123BCEP        </classification-cpc></classifications-cpc><invention-title mxw-id="PT132364565" lang="DE" load-source="patent-office">DIAMANTFÖRMIGES FENSTER FÜR EIN ZUSAMMENGESETZTES UND/ODER METALLISCHES FLUGWERK</invention-title><invention-title mxw-id="PT132364566" lang="EN" load-source="patent-office">DIAMOND SHAPED WINDOW FOR A COMPOSITE AND/OR METALLIC AIRFRAME</invention-title><invention-title mxw-id="PT132364567" lang="FR" load-source="patent-office">FENÊTRE EN LOSANGE POUR UNE CELLULE D'AÉRONEF COMPOSITE ET/OU MÉTALLIQUE</invention-title></technical-data><parties><applicants><applicant mxw-id="PPAR919531959" load-source="docdb" sequence="1" format="epo"><addressbook><last-name>BOEING CO</last-name><address><country>US</country></address></addressbook></applicant><applicant mxw-id="PPAR919515388" load-source="docdb" sequence="1" format="intermediate"><addressbook><last-name>THE BOEING COMPANY</last-name></addressbook></applicant><applicant mxw-id="PPAR919013600" load-source="patent-office" sequence="1" format="original"><addressbook><last-name>The Boeing Company</last-name><iid>100963612</iid><address><street>100 North Riverside Plaza</street><city>Chicago, IL 60606-2016</city><country>US</country></address></addressbook></applicant></applicants><inventors><inventor mxw-id="PPAR919524570" load-source="docdb" sequence="1" format="epo"><addressbook><last-name>KISMARTON MAX U</last-name><address><country>US</country></address></addressbook></inventor><inventor mxw-id="PPAR919507668" load-source="docdb" sequence="1" format="intermediate"><addressbook><last-name>KISMARTON, MAX U.</last-name></addressbook></inventor><inventor mxw-id="PPAR919009771" load-source="patent-office" sequence="1" format="original"><addressbook><last-name>KISMARTON, MAX U.</last-name><address><street>14227 SE 163rd Place</street><city>Renton, WA 98058</city><country>US</country></address></addressbook></inventor></inventors><agents><agent mxw-id="PPAR919014427" load-source="patent-office" sequence="1" format="original"><addressbook><last-name>Boult Wade Tennant</last-name><iid>101370347</iid><address><street>Verulam Gardens 70 Gray's Inn Road</street><city>London WC1X 8BT</city><country>GB</country></address></addressbook></agent></agents></parties><international-convention-data><pct-or-regional-filing-data ucid="US-2012023819-W"><document-id><country>US</country><doc-number>2012023819</doc-number><kind>W</kind><date>20120203</date><lang>EN</lang></document-id></pct-or-regional-filing-data><pct-or-regional-publishing-data ucid="WO-2012121825-A1"><document-id><country>WO</country><doc-number>2012121825</doc-number><kind>A1</kind><date>20120913</date><lang>EN</lang></document-id></pct-or-regional-publishing-data><designated-states><ep-contracting-states><country mxw-id="DS549915866" load-source="docdb">AL</country><country mxw-id="DS549763383" load-source="docdb">AT</country><country mxw-id="DS549915867" load-source="docdb">BE</country><country mxw-id="DS549856092" load-source="docdb">BG</country><country mxw-id="DS549842289" load-source="docdb">CH</country><country mxw-id="DS549763105" load-source="docdb">CY</country><country mxw-id="DS549763384" load-source="docdb">CZ</country><country mxw-id="DS549774162" load-source="docdb">DE</country><country mxw-id="DS549915868" load-source="docdb">DK</country><country mxw-id="DS549763106" load-source="docdb">EE</country><country mxw-id="DS549842629" load-source="docdb">ES</country><country mxw-id="DS549856093" load-source="docdb">FI</country><country mxw-id="DS549856110" load-source="docdb">FR</country><country mxw-id="DS549774163" load-source="docdb">GB</country><country mxw-id="DS549915869" load-source="docdb">GR</country><country mxw-id="DS549915870" load-source="docdb">HR</country><country mxw-id="DS549763107" load-source="docdb">HU</country><country mxw-id="DS549842294" load-source="docdb">IE</country><country mxw-id="DS549915871" load-source="docdb">IS</country><country mxw-id="DS549856111" load-source="docdb">IT</country><country mxw-id="DS549763108" load-source="docdb">LI</country><country mxw-id="DS549774164" load-source="docdb">LT</country><country mxw-id="DS549763389" load-source="docdb">LU</country><country mxw-id="DS549774177" load-source="docdb">LV</country><country mxw-id="DS549774178" load-source="docdb">MC</country><country mxw-id="DS549842735" load-source="docdb">MK</country><country mxw-id="DS549842736" load-source="docdb">MT</country><country mxw-id="DS549856112" load-source="docdb">NL</country><country mxw-id="DS549842634" load-source="docdb">NO</country><country mxw-id="DS549856113" load-source="docdb">PL</country><country mxw-id="DS549842635" load-source="docdb">PT</country><country mxw-id="DS549856126" load-source="docdb">RO</country><country mxw-id="DS549842636" load-source="docdb">RS</country><country mxw-id="DS549856127" load-source="docdb">SE</country><country mxw-id="DS549842737" load-source="docdb">SI</country><country mxw-id="DS549842295" load-source="docdb">SK</country><country mxw-id="DS549842296" load-source="docdb">SM</country><country mxw-id="DS549774179" load-source="docdb">TR</country></ep-contracting-states></designated-states></international-convention-data><office-specific-data><eptags><ep-no-a-document-published>*</ep-no-a-document-published></eptags></office-specific-data></bibliographic-data><abstract mxw-id="PA100066338" ref-ucid="WO-2012121825-A1" lang="EN" load-source="patent-office"><p num="0000">An aircraft fuselage may include a barrel section (34) having a side region. The fuselage may include a first cutout (52a) and a second cutout (52b) formed in the side region in side-by-side relation to one another. The fuselage may provide a direct load path extending along the barrel section. The load path may extend substantially continuously from a lower portion of the side region generally under the first cutout to an upper portion of the side region generally over the second cutout.</p></abstract><abstract mxw-id="PA100335446" ref-ucid="WO-2012121825-A1" lang="EN" source="national office" load-source="docdb"><p>An aircraft fuselage may include a barrel section (34) having a side region. The fuselage may include a first cutout (52a) and a second cutout (52b) formed in the side region in side-by-side relation to one another. The fuselage may provide a direct load path extending along the barrel section. The load path may extend substantially continuously from a lower portion of the side region generally under the first cutout to an upper portion of the side region generally over the second cutout.</p></abstract><abstract mxw-id="PA100066339" ref-ucid="WO-2012121825-A1" lang="FR" load-source="patent-office"><p num="0000">Selon l'invention, un fuselage d'aéronef peut comprendre une section de corps cylindrique ayant une région latérale. Le fuselage peut comprendre une première découpure et une deuxième découpure formées dans la région latérale, en relation juxtaposée l'une par rapport à l'autre. Le fuselage peut constituer un chemin de charge direct s'étendant le long de la section de corps cylindrique. Le chemin de charge peut s'étendre substantiellement en continu depuis une partie inférieure de la région latérale, généralement sous la première découpure jusqu'à une partie supérieure de la région latérale généralement au-dessus de la deuxième découpure.</p></abstract><abstract mxw-id="PA100335447" ref-ucid="WO-2012121825-A1" lang="FR" source="national office" load-source="docdb"><p>Selon l'invention, un fuselage d'aéronef peut comprendre une section de corps cylindrique ayant une région latérale. Le fuselage peut comprendre une première découpure et une deuxième découpure formées dans la région latérale, en relation juxtaposée l'une par rapport à l'autre. Le fuselage peut constituer un chemin de charge direct s'étendant le long de la section de corps cylindrique. Le chemin de charge peut s'étendre substantiellement en continu depuis une partie inférieure de la région latérale, généralement sous la première découpure jusqu'à une partie supérieure de la région latérale généralement au-dessus de la deuxième découpure.</p></abstract><description mxw-id="PDES51372825" ref-ucid="WO-2012121825-A1" lang="EN" load-source="patent-office"><!-- EPO <DP n="2"/>--><p id="p0001" num="0001"> DIAMOND SHAPED WINDOW FOR A COMPOSITE AND/OR METALLIC AIRFRAME </p><p id="p0002" num="0002">FIELD </p><p id="p0003" num="0003"> The present disclosure relates generally to aircraft windows and, more particularly, to an optimized cutout shape for an aircraft fuselage. BACKGROUND </p><p id="p0004" num="0004"> Conventional passenger aircraft used in commercial aviation typically include passenger windows mounted along the sides of the aircraft fuselage. The laterally-facing windows are typically arranged in a single row in a window belt that extends between the forward and aft ends on each side of the fuselage. Each window is typically mounted in a window cutout formed in the sides. </p><p id="p0005" num="0005"> During service, the aircraft is subjected to a variety of different loads of different magnitude and orientation. For example, during flight, the weight of the aircraft and the aircraft payload (e.g., passengers, baggage, cargo) are supported by the aircraft wings. During normal cruise flight, the weight of the aircraft and payload cause a bending moment on the fuselage. The bending moment generates an in-plane shear load on each side of the fuselage. The shear load results in tension and compression components of the shear load in the side region and which are oriented at approximately 45 degrees relative to the aircraft longitudinal axis. The shear load passes through the window belt connecting the crown region of the fuselage to the keel region of the fuselage. </p><p id="p0006" num="0006"> Conventional aircraft windows typically have an oval shape and are spaced along the aircraft fuselage at a relatively short pitch distance. The pitch distance between the windows typically corresponds to the distance between the circumferential frames which are typically spaced at approximately 22-24 inches along the interior side of the fuselage skin. The combination of the relatively short pitch distance and the oval shape of conventional aircraft windows results in a discontinuous or contorted load path for the shear loads. In this regard, the oval-shaped windows and the pitch distance prevent the shear load from passing in a straight line between the windows and instead create a discontinuity in the shear load path forcing the shear load to go around each oval-shaped window. </p><p id="p0007" num="0007"> The discontinuous load path results in stress concentrations along the edges of the window cutouts requiring an increase in skin thickness around the cutouts to maintain the stress below the allowable limits of the skin material. The increased skin thickness increases the cost, 
<!-- EPO <DP n="3"/>-->
 complexity and production time of the aircraft. In addition, the increase in weight due to the increased skin thickness reduces the payload capacity of the aircraft and increases fuel consumption. </p><p id="p0008" num="0008"> As can be seen, there exists a need in the art for a window cutout having an optimized shape that improves the load path between the window cutouts in the side regions of the fuselage. In addition, there exists a need in the art for an arrangement that optimizes the skin thickness in areas adjacent to the window cutouts. </p><p id="p0009" num="0009">SUMMARY </p><p id="p0010" num="0010"> The above-noted needs associated with cutouts are specifically addressed by the present disclosure which, in an embodiment, provides an aircraft fuselage having a barrel section with at least one side region. The barrel section may include a first cutout and a second cutout formed in the side region in side-by-side relation to one another. The barrel section may provide a direct load path extending along the barrel section. The load path may extend substantially continuously from a lower portion of the barrel section generally under the first cutout to an upper portion of the barrel section generally over the second cutout. </p><p id="p0011" num="0011"> Also disclosed is an aircraft fuselage having a side region including a first cutout and a second cutout formed in side-by-side relation to one another. At least one of the first and second cutouts may have a side segment. The fuselage may be subject to a bending moment generating a shear load in the side region and a cabin pressurization load generating a hoop tension load in the side region. The side segment may be oriented substantially parallel to a path of a resultant of the shear load and the hoop tension load. </p><p id="p0012" num="0012"> In a further embodiment, disclosed is an aircraft fuselage having a barrel section. The barrel section may include at least one side panel. The barrel section may include a first cutout and a second cutout formed in the side region in side-by-side relation to one another. The barrel section may provide a direct load path extending along the barrel section. The load path may extend substantially continuously from a lower portion of the side panel generally under the first cutout to an upper portion of the side panel generally over the second cutout. </p><p id="p0013" num="0013"> The present disclosure further includes a method of forming cutouts in a side of an aircraft fuselage such as in side region of a barrel section. The method may include the steps of forming a first cutout and a second cutout in side-by- side relation to one another in the barrel section and spacing the first cutout at a pitch distance from the second cutout. The method may additionally include configuring the first cutout and the second cutout such that a direct load path 
<!-- EPO <DP n="4"/>-->
 extends along the barrel section substantially continuously from a lower portion of the barrel section generally under the first cutout to an upper portion of the barrel section generally over the second cutout. The method may further include the steps of, determining a bending moment on the fuselage, determining a shear load generated in the side region in response to the bending moment, and configuring the first cutout and the second cutout such that a path of the shear load extends along the side region substantially continuously from the lower portion under the first cutout to the upper portion over the second cutout. The method may further include determining a cabin pressurization load on the fuselage, determining a hoop tension load generated in the side region by the cabin pressurization load, determining a path of a resultant of the shear load and the hoop tension load, and configuring the first cutout and the second cutout such that the resultant load path extends along the side region substantially continuously from the lower portion under the first cutout to the upper portion over the second cutout. </p><p id="p0014" num="0014"> In a further embodiment the disclosed is an aircraft fuselage having the barrel section having at least one side panel, a first cutout and a second cutout formed in the side panel in side- by-side relation to one another, a direct load path extending along the barrel section, the load path extending substantially continuously from a lower portion of the side panel generally under the first cutout to an upper portion of the side panel generally over the second cutout. The aircraft may further comprising a fuselage subject to a bending moment generating a shear load in the side panel and the load path comprising a path of the shear load. The aircraft fuselage may further comprising the fuselage is subject to a cabin pressurization load generating a hoop tension load in the side panel and the load path comprising a path of a resultant of the shear load and the hoop tension load. The aircraft fuselage may further comprising the side panel includes a skin formed of composite material having a plurality of reinforcing fibers embedded within a matrix and at least a portion of the fibers being oriented in substantially parallel relation to the load path. The aircraft fuselage may further comprise at least one of the first and second cutouts has a diamond shape having a major axis and a minor axis. The aircraft fuselage may further comprising the diamond shape has four side segments; and at least one of the side segments being oriented substantially parallel to the load path. The aircraft fuselage may further comprising the diamond shape has a height A measured along a major axis and a width B measured along a minor axis and the height A ranging in size from approximately 1.3B to approximately 5B. The aircraft fuselage may further comprising the diamond shape has a height A measured along the major axis, the diamond shape having rounded end corners of radius r<sub>a</sub> and rounded side corners of radius the end radii r<sub>a</sub> ranging in size from approximately 0.05A to 
<!-- EPO <DP n="5"/>-->
 approximately 0.50A, and the side radii ¾ ranging in size from approximately 0.05A to approximately 3. OA. </p><p id="p0015" num="0015"> An embodiment of an aircraft fuselage, including a barrel section having a first cutout and a second cutout formed in the barrel section in side -by-side relation to one another; and a direct load path extending along the barrel section, the load path extending substantially continuously from a lower portion of the barrel section generally under the first cutout to an upper portion of the barrel section generally over the second cutout. </p><p id="p0016" num="0016"> The aircraft fuselage wherein the fuselage is subject to a bending moment generating a shear load in a side region of the barrel section; and the load path comprising a path of the shear load. </p><p id="p0017" num="0017"> The aircraft fuselage wherein the fuselage is subject to a cabin pressurization load generating a hoop tension load in the side region; and the load path comprising a path of a resultant of the shear load and the hoop tension load. </p><p id="p0018" num="0018"> The aircraft fuselage wherein the side region includes a skin having a nominal skin thickness; the side region including a pad-up region at least in an area between the first and second cutouts; and the skin thickness in the pad-up region being greater than the nominal skin thickness. </p><p id="p0019" num="0019"> The aircraft fuselage wherein the first and second cutouts define a throat at a shortest distance therebetween; and the skin thickness in the pad-up region generally increasing along at least one of a direction from the upper portion toward the throat and a direction from the lower portion toward the throat. </p><p id="p0020" num="0020"> The aircraft fuselage wherein the skin is formed of composite material having a plurality of reinforcing fibers embedded within a matrix; and at least a portion of the fibers are oriented in substantially parallel relation to the load path </p><p id="p0021" num="0021"> The aircraft fuselage wherein at least a portion of the fibers are oriented at an angle of approximately 50 to 75 degrees relative to a longitudinal axis of the aircraft. </p><p id="p0022" num="0022"> The aircraft fuselage wherein at least one of the first and second cutouts has a diamond shape having a major axis and a minor axis. </p><p id="p0023" num="0023"> The aircraft fuselage wherein the major axis is oriented within +/- 20 degrees of a circumferential axis of the aircraft. </p><p id="p0024" num="0024"> The aircraft fuselage wherein the diamond shape has four side segments; and </p><p id="p0025" num="0025"> at least one of the side segments being oriented substantially parallel to the load path.</p><p id="p0026" num="0026">The aircraft fuselage wherein the diamond shape has a height A measured along a major 
<!-- EPO <DP n="6"/>-->
 axis and a width B measured along a minor axis; and the height A ranging in size from approximately 1.3B to approximately 5B. </p><p id="p0027" num="0027"> The aircraft fuselage wherein the diamond shape has a height A measured along the major axis; the diamond shape having rounded end corners of radius r<sub>a</sub> and rounded side corners of radius ¾; the end radii r<sub>a</sub> ranging in size from approximately 0.05A to approximately 0.50A; and the side radii ¾ ranging in size from approximately 0.05 A to approximately 3. OA. </p><p id="p0028" num="0028"> Another embodiment of an aircraft fuselage, including a side region; a first cutout and a second cutout formed in the side region in side-by-side relation to one another, at least one of the first and second cutouts having a side segment; the fuselage being subject to a bending moment generating a shear load in the side region and a cabin pressurization load generating a hoop tension load in the side region; the side segment being oriented substantially parallel to a path of a resultant of the shear load and the hoop tension load. </p><p id="p0029" num="0029"> Yet another embodiment of an aircraft fuselage, including a barrel section having at least one side panel; a first cutout and a second cutout formed in the side panel in side-by-side relation to one another; and a direct load path extending along the barrel section, the load path extending substantially continuously from a lower portion of the side panel generally under the first cutout to an upper portion of the side panel generally over the second cutout. </p><p id="p0030" num="0030"> The aircraft fuselage wherein the fuselage is subject to a bending moment generating a shear load in the side panel; and the load path comprising a path of the shear load. </p><p id="p0031" num="0031"> The aircraft fuselage wherein the fuselage is subject to a cabin pressurization load generating a hoop tension load in the side panel; and the load path comprising a path of a resultant of the shear load and the hoop tension load. </p><p id="p0032" num="0032"> The aircraft fuselage wherein the side panel includes a skin formed of composite material having a plurality of reinforcing fibers embedded within a matrix; at least a portion of the fibers being oriented in substantially parallel relation to the load path. </p><p id="p0033" num="0033"> The aircraft fuselage wherein at least one of the first and second cutouts has a diamond shape having a major axis and a minor axis. </p><p id="p0034" num="0034"> The aircraft fuselage wherein the diamond shape has four side segments; and </p><p id="p0035" num="0035"> at least one of the side segments being oriented substantially parallel to the load path. A method of forming cutouts in a side region of an aircraft fuselage, including the steps of: forming a first cutout and a second cutout in side -by- side relation to one another in the side region; and configuring the first cutout and the second cutout such that a direct load path extends along the side region substantially continuously from a lower portion of the side region generally 
<!-- EPO <DP n="7"/>-->
 under the first cutout to an upper portion of the side region generally over the second cutout.</p><p id="p0036" num="0036">The method further including the steps of determining a bending moment on the fuselage; determining a shear load generated in the side region in response to the bending moment; and configuring the first cutout and the second cutout such that a path of the shear load extends along the side region substantially continuously from the lower portion under the first cutout to the upper portion over the second cutout. </p><p id="p0037" num="0037"> The method further comprising the steps of determining a cabin pressurization load on the fuselage; determining a hoop tension load generated in the side region by the cabin pressurization load; determining a path of a resultant of the shear load and the hoop tension load; and configuring the first cutout and the second cutout such that the resultant load path extends along the side region substantially continuously from the lower portion under the first cutout to the upper portion over the second cutout. </p><p id="p0038" num="0038"> The method wherein the side region includes a skin having a nominal skin thickness, the method further comprising the steps of including a pad-up region in the side region at least in an area between the first and second cutouts; and increasing a thickness of the skin in the pad-up region relative to the nominal skin thickness. </p><p id="p0039" num="0039"> The method further comprising the steps of providing the side region with a skin formed of composite material having a plurality of reinforcing fibers embedded within a matrix; and orienting at least a portion of the fibers substantially parallel to the load path </p><p id="p0040" num="0040"> The method further comprising the step of forming the first and second cutouts in a diamond shape having a major axis and a minor axis. </p><p id="p0041" num="0041"> The method wherein the diamond shape has four side segments, the method further comprising the step of orienting at least one of the side segments substantially parallel to the load path. </p><p id="p0042" num="0042"> The features, functions and advantages that have been discussed can be achieved independently in various embodiments of the present disclosure or may be combined in yet other embodiments, further details of which can be seen with reference to the following description and drawings below. </p><p id="p0043" num="0043"> BRIEF DESCRIPTION OF THE DRAWINGS </p><p id="p0044" num="0044"> These and other features of the present disclosure will become more apparent upon reference to the drawings wherein like numerals refer to like parts throughout and wherein: </p><p id="p0045" num="0045"> FIG. 1 A is a perspective view of an aircraft having a fuselage comprised of a plurality of unitary barrel sections; 
<!-- EPO <DP n="8"/>-->
 FIG. IB is a perspective view of an aircraft having a fuselage comprised of a plurality of panels that may be assembled to form at least one barrel section; </p><p id="p0046" num="0046"> FIG. 2 is a side view of the aircraft illustrating a bending moment applied to the fuselage;</p><p id="p0047" num="0047">FIG. 3 is a cross-sectional view taken along line 3 of FIG. 2 and illustrating a cabin pressurization load applied to a barrel section of the fuselage; </p><p id="p0048" num="0048"> FIG. 4 is a perspective view of the barrel section having four circumferential quadrants including a crown region, a keel region, and a pair of side regions and illustrating a tension load in the crown region and a compression load in the keel region as a result of the bending moment shown in FIG. 2; </p><p id="p0049" num="0049"> FIG. 4A is a side view of a portion of the side region taken along line 4A of FIG. 4 and illustrating a pair of diamond shaped window cutouts formed in the side region; </p><p id="p0050" num="0050"> FIG. 5 is an illustration of a representative element of the side region taken along line 5 of FIG. 4A and illustrating the tension component of the shear stress occurring in the side region as a result of the bending moment applied to the fuselage in FIG. 2 and further illustrating a hoop tension stress occurring in the side region as a result of the cabin pressurization load shown in FIG. 3; </p><p id="p0051" num="0051"> FIG. 6 is an illustration of a shear load path and a hoop tension load path corresponding to the shear stress and hoop tension stress of FIG. 5; </p><p id="p0052" num="0052"> FIG. 7 is an illustration of a load path of a resultant of the shear load and the hoop tension load of FIG. 6; </p><p id="p0053" num="0053"> FIG. 8 is a side view of the aircraft illustrating a bending moment applied to the fuselage in a direction opposite to the bending moment shown in FIG. 2; </p><p id="p0054" num="0054"> FIG. 9 is an illustration of the representative element of the side region showing the orientation of the shear stress in the side region as a result of the bending moment of FIG. 8 and illustrating the hoop tension stress in the side region as a result of the cabin pressurization load of FIG. 3; </p><p id="p0055" num="0055"> FIG. 10 is an illustration of a shear load path and a hoop tension load path corresponding to the shear stress and hoop tension stress of FIG. 9; </p><p id="p0056" num="0056"> FIG. 11 is an illustration of a load path of a resultant of the shear load and the hoop tension load of FIG. 10; </p><p id="p0057" num="0057"> FIG. 12 is a side view of a portion of the side region taken along line 12 of FIG. 4A and illustrating the pair of diamond shaped window cutouts formed in a skin of the side region and further illustrating reinforcing fibers oriented substantially parallel to one or more load paths; 
<!-- EPO <DP n="9"/>-->
 FIG. 13 is a diagram of loads and boundary conditions applied to a finite element mode (FEM) (FIG. 14) of the side region for simulating and predicting the structural response of the side region to a shear load and a hoop tension load; </p><p id="p0058" num="0058"> FIG. 14 is an illustration of the FEM of the side region showing the stress distribution in response to a shear force and a hoop tension force and further illustrating the side segments of the cutouts oriented in general alignment with the stress concentrations; </p><p id="p0059" num="0059"> FIG. 15 is an illustration of the side region FEM of FIG. 14 and illustrating a lamination path between the cutouts; </p><p id="p0060" num="0060"> FIG. 16 is an illustration of an embodiment of a pad-up region comprised of pad-up plies incorporated into the side region and formed in an X-shape generally aligned with the illustrated load paths; </p><p id="p0061" num="0061"> FIG. 17 is an illustration of the side region in an embodiment wherein the pad-up region includes staggered pad-up plies; </p><p id="p0062" num="0062"> FIG. 18 is a cross-sectional illustration of the side region taken along line 18 of FIG. 17 and illustrating the progressive increase in skin thickness of the side region due to the arrangement of the pad-up plies; </p><p id="p0063" num="0063"> FIG. 19 is an illustration of the side region and an embodiment of the pad-up region having additional pad-up plies for handling the hoop tension load in the side region; </p><p id="p0064" num="0064"> FIG. 20 is a displacement plot of a shape optimization model of a rounded rectangular cutout and illustrating displacement vectors indicating the tendency of the cutout geometry to evolve into a diamond shape cutout; </p><p id="p0065" num="0065"> FIG. 21 is an illustration of the diamond shaped cutout having straight side segments; FIG. 22 is an illustration of the diamond shaped cutout having rounded end corners of radius r<sub>a</sub> and rounded side corners of radius ¾; </p><p id="p0066" num="0066"> FIG. 23 is an illustration of an embodiment of the diamond shaped cutout having curved side segments; </p><p id="p0067" num="0067"> FIG. 24 is an illustration of an embodiment of the diamond shaped cutout with rounded sides; </p><p id="p0068" num="0068"> FIG. 25 is an illustration of an embodiment of the diamond shaped cutout with rounded sides and an increased aspect ratio relative to the aspect ratio of the cutout of FIG. 24; </p><p id="p0069" num="0069"> FIG. 26 is an illustration of an embodiment of the cutouts being canted relative to the circumferential axis of the aircraft; and 
<!-- EPO <DP n="10"/>-->
 FIG. 27 is an illustration of a flow diagram representing one or more operations that may be included in a methodology of forming a cutout in a fuselage. </p><p id="p0070" num="0070">DETAILED DESCRIPTION </p><p id="p0071" num="0071"> Referring now to the drawings wherein the showings are for purposes of illustrating preferred and various embodiments of the disclosure, shown in FIG. 1 A is a perspective view of a passenger aircraft 10 having a fuselage 16 and a pair of wings 32 extending outwardly from the fuselage 16. The fuselage 16 extends from the aircraft 10 nose 20 to an empennage 22 at a rear end of the fuselage 16. The empennage 22 may include a horizontal stabilizer 28, an elevator 30, a vertical stabilizer 24, and a rudder 26. The fuselage 16 may include a row of windows 50 extending along each side of the fuselage 16. </p><p id="p0072" num="0072"> The present disclosure includes embodiments of an aircraft 10 fuselage 16 as shown in FIG. 1 A having one or more unitary barrel sections 34 with optimized diamond shaped window 50 cutouts 52. Each one of the barrel sections 34 may comprise a skin 42 extending substantially continuously around a circumference of the barrel section 34. The fuselage 16 may include side regions 40 on each side of the barrel section 34. One or more of the window 50 cutouts 52 may be formed in the side regions 40. The window 50 cutouts 52 may be sized and configured to facilitate a direct load path between the cutouts 52. </p><p id="p0073" num="0073"> Referring to FIG. IB, shown is the aircraft 10 fuselage 16 in an embodiment comprised of a plurality of panels 36', 38', 40' that may be assembled to form one or more barrel sections 34. For example, the fuselage 16 may include one or more crown panels 36'extending along an upper portion of the fuselage 16, one or more keel panels 38' extending along a bottom portion of the fuselage 16, and side panels 40' extending along the sides of the fuselage 16. The panels 36', 38', 40' may be assembled to form at least one barrel section 34 of the fuselage 16. In the embodiment shown in FIG. IB, each one of the side panels 40' may include one or more of the optimized diamond shaped window 50 cutouts 52 which may be sized and configured to facilitate a direct load path between the cutouts 52. </p><p id="p0074" num="0074"> The present disclosure also includes a method (FIG. 27) of forming diamond shaped cutouts 52 in a fuselage 16. Additionally, the present disclosure includes embodiments for optimizing a skin thickness (FIG. 18) of the fuselage 16 in areas adjacent to the cutouts 52. Although the present disclosure is described in the context of a fixed wing passenger aircraft 10 as illustrated in FIGS. 1A and IB, it is contemplated that the disclosed embodiments may be applied to aircraft of any configuration, without limitation. For example, the disclosed 
<!-- EPO <DP n="11"/>-->
 embodiments may be applied to any civil, commercial or military aircraft and may include fixed- wing and rotary-wing aircraft. In addition, the embodiments may be applied to alternative aircraft configurations and are not limited to the tube-and-wing aircraft 10 configuration illustrated in FIGS. 1A and IB. For example, the disclosed embodiments may be applied to hybrid wing-body aircraft (not shown). </p><p id="p0075" num="0075"> The disclosed embodiments may also be applied to any vehicle or structure that is subject to bending loads and which has cutouts 52 formed in the vehicle sides or structure sides. Although the diamond-shaped cutouts 52 are described in the context of passenger windows 50, the disclosed embodiments may also be applied to doors, hatches and other openings that may be formed in a vehicle or structure that is subject to combined bending (FIG. 2) and cabin pressurization loads (FIG. 3). In addition, the embodiments disclosed herein may be applied to structures fabricated of any material type, without limitation, including vehicles and structures fabricated of metallic material, composite material such as fiber-reinforced polymeric material, and combinations of metallic material and composite material. </p><p id="p0076" num="0076"> FIG. 2 is a side view of the aircraft 10 having a plurality of diamond shaped windows 50 extending along the fuselage 16. The fuselage 16 may be subject to a bending moment Mi oriented in the direction shown in FIG. 2. The bending moment Mi may be imposed on the fuselage 16 due to flights loads. For example, under a positive g-loading, the weight of the aircraft 10 supported by the wings 32 results in the bending moment Mi on the fuselage 16. The bending moment Mi may also occur due to maneuver loads, up-gusts, and landing loads. The magnitude of the bending moment Mi is typically highest near the intersection of the wing front spar (not shown) with the fuselage 16 and near the intersection of the wing rear spar (not shown) with the fuselage 16 and generally decreases along respective directions toward the nose 20 and empennage 22. </p><p id="p0077" num="0077"> FIG. 3 is a cross-sectional view of the fuselage 16 divided into four circumferential quadrants including a crown region 36, a keel region 38, and a pair of side regions 40. The crown region 36, keel region 38, and side regions 40 may form part of a unitary barrel section 34 as shown in FIG. 1 A. Alternatively, the crown region 36 may be configured as a separate crown panel 36' (FIG. IB), the keel region 38 may be configured as a separate keel panel 38' (FIG. IB), and the side regions 40 may each be configured as separate side panels 40' (FIG. IB) which may be joined to form an assembled barrel section 34' as shown in FIG. IB. For purposes of the present disclosure, references with regard to the side regions 40 encompass and apply equally to the side panels 40' (FIG. IB). Likewise, references in the present disclosure to the crown region 
<!-- EPO <DP n="12"/>-->
 36 and the keel region 38 encompass and apply equally to respective ones of the crown panel 36' (FIG. IB) and the keel panel 38* (FIG. IB). </p><p id="p0078" num="0078"> Referring still to FIG. 3, the side regions 40 may include one or more of the cutouts 52 for passenger windows 50. A cabin pressurization load P may be applied to the fuselage 16 interior. The cabin pressurization load P represents internal pressurization of the passenger cabin at altitude. The Federal Aviation Administration (FAA) requires that cabin pressure is maintained at a pressure altitude of not greater than 8,000 feet at the normal cruising altitude of an aircraft. With safety factors, the cabin pressurization load P that the fuselage 16 must be capable of withstanding is up to 18.2 psi although the fuselage 16 may be configured to withstand higher pressurization loads. The cabin pressurization load P imposed on the aircraft 10 in FIG. 3 results in a hoop tension load (not shown) oriented in a circumferential direction of the fuselage 16 skin 42 and is represented by a <sub>oop</sub> in FIG. 5 as discussed in greater detail below. </p><p id="p0079" num="0079"> FIG. 4 illustrates a barrel section 34 of the fuselage 16 showing the crown region 36, the keel region 38, and the pair of side regions 40. The barrel section 34 may include the skin 42 supported by a plurality of circumferentially-spaced stringers 46 and a plurality of axially-spaced frames 48. The stringers 46 may carry axial forces such as axial tension loads due to cabin pressurization P (FIG. 3). The frames 48 may maintain the shape of the fuselage 16. The frames 48 may also enhance the buckling strength of the fuselage 16 under bending. The stringers 46 and frames 48 may collectively increase the bending stiffness of the skin 42. The skin 42 may include a plurality of the cutouts 52 positioned in side -by-side arrangement along a window belt 49. FIG. 4 illustrates several of the primary loads that occur in the regions 36, 38 due to the bending moment Mi (FIG. 2) on the fuselage 16. For example, the crown region 36 may be loaded primarily in tension T, the keel region 38 may be loaded primarily in compression C, and each one of the side regions 40 may be loaded primarily in shear as shown in FIG. 5. The tension load T in the crown region 36 and the compression load C in the keel region 38 are oriented parallel to a longitudinal axis 12 of the aircraft 10. </p><p id="p0080" num="0080"> FIG. 4A illustrates a portion of the side region taken from the barrel section of FIG. 4. The portion shown in FIG. 4A may represent the side region 40 at a location of the fuselage 16 (FIG. 4) forward of the wing-fuselage 32, 16 (FIG. 1A) intersection. The portion of the side region 40 in FIG. 4A includes a pair of the diamond shaped cutouts 52 formed in the skin 42 in side -by-side relation to one another. </p><p id="p0081" num="0081"> FIG. 5 illustrates a representative element 41 of the side region 40 taken from a location between the cutouts 52 (FIG. 4A). The representative element 41 is provided to illustrate the 
<!-- EPO <DP n="13"/>-->
 orientation of stresses in the side region 40. For example, shear stress x<sub>s</sub>hear-i components occur in the side region 40 as a result of the downward bending moment Mi (FIG. 2). The magnitude of the shear stress Ts eai-i may correspond to the magnitude of the bending moment Mi (FIG. 2) which is typically highest near the intersection of the wing spars (not shown) with the fuselage 16 (FIG. 2) and generally decreases along a direction away from the wing 32 (FIG. 2). The cabin pressurization load P (FIG. 3) results in a hoop tension stress a<sub>hoop</sub> occurring in the representative element 41 of the side region 40. The hoop tension stress a<sub>hoop</sub> is shown oriented parallel to the circumferential axis 14. The magnitude of the hoop tension stress a <sub>oop</sub> is generally constant along the length of the fuselage 16 (FIG. 2). </p><p id="p0082" num="0082"> FIG. 6 is a further illustration of the representative element 41 of the side region 40 showing the tension component of the shear load path Ns eai-i as a result of the bending moment Mi (FIG. 2). In this regard, the shear load in the side region 40 due to the bending moment Mi also has a compression component (not shown) which may be oriented generally perpendicular to the orientation of the tension component of the shear load. For purposes of the present disclosure, references to the shear load path Ns eai-i are in relation to the tension component of the shear load in the side region 40. In FIG. 6, the shear load path Nsheai-i is shown oriented at a shear load angle <sub>s ea</sub>r-i of approximately +45 degrees relative to the longitudinal axis 12. As was indicted earlier, the orientation of the shear load path Ns eai-i is dependent upon the location along the fuselage 16 (FIG. 4) and on the direction of the bending moment. The bending moment Mi in FIG. 2 may be described as negative under normal convention. FIG. 6 also illustrates the hoop tension load path N <sub>oop</sub> which is oriented parallel to the circumferential axis 14. </p><p id="p0083" num="0083"> FIG. 7 is an illustration of the representative element 41 of the side region 40 showing the orientation of a resultant load path N<sub>reS</sub>uit-i which is the resultant of the combination of the shear load path N<sub>s ea</sub>r-i (FIG. 6) and the hoop tension load path N <sub>oop</sub> (FIG. 6). The shear load path Nshear-i (FIG. 6) and the hoop tension load path Nh<sub>oop</sub> (FIG. 6) are additive in the sense that the resultant (i.e., the combination) of the shear load and the hoop tension load is generally of greater magnitude than either the shear load or the hoop tension load acting alone. The resultant of the shear load and the hoop tension load comprise the principal stress (not shown) acting on the side region 40. The resultant load path N<sub>reS</sub>uit-i is oriented at a resultant load angle a<sub>reS</sub>uit-i . The resultant load angle a<sub>reS</sub>uit-i represents the orientation of the principal stress (not shown) in the side region 40. 
<!-- EPO <DP n="14"/>-->
 The resultant load angle a<sub>reS</sub>uit-i may vary between the shear load angle <sub>s</sub>h<sub>ea</sub>r-i of +45 degrees (FIG. 6) and the circumferential axis 14. In an embodiment, the resultant load path Nresuit-i may be oriented at a resultant load angle a<sub>reS</sub>uit-i of approximately +60 degrees relative to the longitudinal axis 12. The orientation of the resultant load path N<sub>resu</sub>it-i may be dependent upon the magnitude and direction of the shear load, the hoop tension load, and additional or other loads that may be acting on the fuselage 16 (FIG. 4). Such additional loads may include, but are not limited to, torsional loads in the fuselage 16 caused by movement of the rudder 26 (FIGS. 1A-1B) and/or elevator 30 (FIGS. 1A-1B) during maneuvering of the aircraft 10 (FIGS. 1A-1B). </p><p id="p0084" num="0084"> FIG. 8 is a side view of the aircraft 10 illustrating a bending moment M<sub>2</sub> acting on the fuselage 16. The direction of the bending moment M<sub>2</sub> is opposite the direction of the bending moment Mi of FIG. 2. The bending moment M<sub>2</sub> in FIG. 8 may be described as positive under normal convention. The bending moment M<sub>2</sub> in FIG. 8 may occur in response to a negative g- loading on the aircraft 10. Negative g-loading may occur during aircraft 10 maneuvering or as a result of turbulence or a down-gust on the aircraft 10. </p><p id="p0085" num="0085"> FIG. 9 is an illustration of a representative element 41 of the side region 40 taken from a location of the side region 40 between the pair of the cutouts 52 indicated in FIG. 8. Due to the direction of the bending moment M<sub>2</sub> (FIG. 8), the shear stress T<sub>s ea</sub>r-2 components are oriented in mirror image to the orientation of the shear stress x<sub>s</sub>hear-i components in FIG. 5. The cabin pressurization load P (FIG. 3) results in the hoop tension stress a<sub>hoop</sub>. The hoop tension stress ahoop is oriented parallel to the circumferential axis 14. </p><p id="p0086" num="0086"> FIG. 10 illustrates the orientation of the shear load path N<sub>s e</sub>ar-<sub>2</sub> resulting from the bending moment M<sub>2</sub> (FIG. 8) on the fuselage 16 (FIG. 8). The shear load path N<sub>s</sub>hear-<sub>2</sub> is oriented at a shear load angle <sub>s</sub>hear-<sub>2</sub> of approximately -45 degrees relative to the longitudinal axis 12. The orientation of the shear load path N<sub>s</sub>hear-<sub>2</sub> corresponds to the orientation of the shear stress T<sub>s</sub>hear-<sub>2</sub> components shown in FIG. 9. FIG. 10 also illustrates the orientation of the hoop tension load path Nhoop which is parallel to the circumferential axis 14. </p><p id="p0087" num="0087"> FIG. 11 is an illustration of the representative element 41 of the side region 40 showing the load path N<sub>reS</sub>uit-2 of the resultant of the combination of the shear load path N<sub>s</sub>hear-<sub>2</sub> (FIG. 10) and the hoop tension load path N <sub>oop</sub> (FIG. 10). The resultant load path N<sub>reS</sub>uit-2 is oriented at the resultant load angle a<sub>reS</sub>uit-2 which may vary between the circumferential axis 14 and the shear load angle a<sub>she</sub>ar-2 (FIG. 10). </p><p id="p0088" num="0088"> FIG. 12 is a side view of a portion of the side region 40. The side region 40 shown in FIG. 12 represents a portion of the window belt 49 and includes a first cutout 52a having a 
<!-- EPO <DP n="15"/>-->
 diamond shape and a second cutout 52b which also has a diamond shape. The first and second cutouts 52a, 52b are formed in the skin 42 in side-by-side relation to one another. The diamond shape of the first and second cutouts 52a, 52b allows for a direct and continuous load path between the first and second cutouts 52a, 52b. For example, FIG. 12 illustrates the resultant load paths Nresuit extending substantially continuously from the lower portion 76 of the side region 40 generally under the first cutout 52a to the upper portion 74 of the side region 40 generally over the second cutout 52b. The lower portion 76 of the side region 40 comprises the portion of the side region 40 that is below a lowest position of the first and second cutouts 52a, 52b. The upper portion 74 of the side region 40 comprises the portion of the side region 40 that is above a highest position of the first and second cutouts 52a, 52b. </p><p id="p0089" num="0089"> The skin 42 of the side region 40 of FIG. 12 may be formed of composite material having a plurality of reinforcing fibers 44 which may be embedded within a matrix. The fibers 44 of the skin 42 are preferably arranged such that at least a portion of the fibers 44 are oriented in substantially parallel relation to the resultant load paths N<sub>reS</sub>uit. The fibers 44 may also be oriented substantially parallel to other load paths. For example, a portion of the fibers 44 may be substantially parallel to the hoop tension load path Nh<sub>oop</sub> which is aligned with the circumferential axis 14. By orienting the fibers 44 of the skin 42 substantially parallel to the load paths, the fibers 44 may efficiently carry tension load. In an embodiment, the fibers 44 may be oriented at a fiber angle gber of between approximately +50 degrees and +75 degrees relative to the longitudinal axis 12 or at angles less than +50 degrees and greater than +75 degrees. The fibers 44 may also be oriented at a fiber angle Ofib<sub>er</sub> of between approximately -50 degrees and - 75 degrees relative to the longitudinal axis 12 or at angles less than -50 degrees and greater than - 75 degrees. For example, the fibers 44 may additionally be substantially parallel to the shear load path (not shown) which may be oriented at +/- 45 degrees relative to the longitudinal axis 12. A portion of the fibers 44 may also be oriented generally parallel to the circumferential axis 14. </p><p id="p0090" num="0090"> The fibers 44 in FIG. 12 may extend at least from a position generally below a lower end 60b of the first cutout 52a to a position generally above an upper end 60a of the second cutout 52b. Likewise, the fibers 44 may extend from a position generally below the lower end 60b of the second cutout 52b to a position generally above and the upper end 60a of the first cutout 52a. The skin 42 may also include fibers 44 that are oriented along other directions that are not shown. The fibers 44 may be continuously wound around the circumference of the barrel section 
<!-- EPO <DP n="16"/>-->
 34 (FIG. 4) or the fibers 44 may have a finite length and may terminate at any circumferential position on the barrel section 34 including at any position within the window belt 49. </p><p id="p0091" num="0091"> The diamond shape of the cutouts 52 illustrated in FIG. 12 may include four side segments 58 oriented at a side segment angle 9b measured relative to the minor axis b. The side segments 58 are preferably, but optionally, oriented substantially parallel to one or more load paths. For example, the side segments 58 may be oriented substantially parallel to the resultant load paths N<sub>reS</sub>uit and/or substantially parallel to the hoop tension load path Nh<sub>oop</sub>. However, the side segments 58 may be oriented in any direction including a direction generally parallel to the shear load paths N<sub>s</sub>h<sub>ea</sub>r-i, N<sub>s</sub>h<sub>ea</sub>r-2 (FIGS. 6, 10). In this regard, the side segments 58 may be oriented at any angle between the directions of the shear load paths Ns eai-i, N<sub>s</sub>h<sub>ea</sub>r-2 (FIGS. 6, 10). For example, the side segments 58 may be oriented at any side segment angle 9b between approximately +45 degrees relative to the longitudinal axis 12 and -45 degrees relative to the longitudinal axis 12 although angles outside of the +/- 45 degree range are contemplated. </p><p id="p0092" num="0092"> Referring still to FIG. 12, the positioning and orientation of the cutouts 52 in the side region 40 may be defined with regard to the major axis a and the minor axis b of each cutout 52. In an embodiment, each one of the cutouts 52 may be arranged such that the major axis a of the cutout 52 is oriented substantially parallel to the circumferential axis 14 of the aircraft 10. The cutouts 52 in the side region 40 may be spaced apart from one another at a pitch distance 72. The pitch distance 72 may be defined as the distance from the intersection of the major and minor axes a, b of one cutout 52 to the intersection of the major and minor axes a, b of an adjacent cutout 52. In an embodiment, the cutouts 52 may be spaced apart by a pitch distance 72 of from approximately 18 to 28 inches and, more preferably, by a pitch distance 72 of between approximately 22 to 24 inches. </p><p id="p0093" num="0093"> FIG. 13 is a diagram 100 of loads and boundary conditions that may be applied to a finite element model 120 (FIG. 14) of the side region 40 portion (FIG. 12) for simulating and predicting the structural response of the side region 40 to a shear load (not shown) and a hoop tension load (not shown) acting on the fuselage 16 (FIG. 2). The diagram 100 includes the first and second cutouts 52a, 52b and has a top boundary 102, a bottom boundary 104, a forward boundary 106, and an aft boundary 108. The top boundary 102 includes a plurality of constraints 110 for constraining the top boundary 102 against translation along the x, y and z axes and against rotation about the respective x, y and z axes. A reference coordinate system RCS is illustrated at the bottom left corner of the diagram 100 in FIG. 13. The bottom boundary 104, the forward boundary 106, and the aft boundary 108 are unconstrained. 
<!-- EPO <DP n="17"/>-->
 In the diagram 100, a shear force F<sub>s ea</sub>r of 800 pounds/inch (lb/in) is applied to the forward boundary 106 and the aft boundary 108 to simulate the shear stress (not shown) occurring in the side region 40 (FIG. 12) due to a bending moment (not shown) on the fuselage 16 (FIGS. 1A-1B). The orientation of the shear force F<sub>s</sub>h<sub>ea</sub>r in FIG. 13 is similar to the orientation of the shear stress Ts eai-i components of FIG. 5 resulting from the bending moment Mi (FIG. 2). In FIG. 13, a hoop tension force F <sub>oop</sub> of 1200 lb/in is applied to the bottom boundary 104 to simulate in-plane hoop tension due to cabin pressurization. The orientation of the hoop tension force F<sub>h00p</sub> in FIG. 13 is similar to the orientation of the hoop tension stress a<sub>hoop</sub> in FIG. 5. </p><p id="p0094" num="0094"> FIG. 14 is an illustration of an FEM 120 comprising an element mesh 122 of the side region 40 (FIG. 12). The element mesh 122 includes the first and second cutouts 52a, 52b which have a diamond shape. FIG. 14 illustrates stress contours 128 of a von Mises stress 126 distribution in the side region 40 in response to application of the shear force F<sub>shear</sub> (FIG. 13) and the hoop tension force F <sub>oop</sub> (FIG. 13). The stress contours 128 separate the stress levels by relative stress magnitude 124. As shown in FIG. 14, relatively high magnitude stress concentrations 130 of approximately 47 ksi maximum occur in a relatively narrow strip along one side segment 58 of each of the first and second cutouts 52a, 52b. However, the 47 ksi stress concentrations along the diamond shape cutouts 52a, 52b were determined to be 35 percent lower than stress concentrations of approximately 70 ksi that occurred along conventional oval- shaped cutouts (not shown) in an equivalent FEM (not shown) subject to similar loads and boundary conditions. </p><p id="p0095" num="0095"> FIG. 14 also illustrates intermediate magnitude stress concentrations 132 extending from the lower portion 76 of the first cutout 52a toward the upper portion 74 of the second cutout 52b. Low magnitude stress concentrations 134 are illustrated in the remainder of the FEM 120 plot. The intermediate magnitude stress concentrations 132 extend along the same direction as at least one side segment 58 of each diamond-shaped cutout 52a, 52b. The shape of the intermediate magnitude stress concentrations 132 corresponds to the direction of a resultant load path NF of the shear force F<sub>s ea</sub>r (FIG. 13) and the hoop tension force F <sub>oop</sub> (FIG. 13). </p><p id="p0096" num="0096"> FIG. 15 is an illustration of the FEM solution similar to the FEM of FIG. 14 and further illustrating a lamination path 90 that may be implemented during fabrication of a unitary composite barrel section 34 (FIG. 1 A). The lamination path 90 may also be implemented during fabrication of side panels 40' (FIG. IB) that may be assembled with a crown panel 36' (FIG. IB) and a keel panel 38' (FIG. IB) to form an assembled barrel section 34' (FIG. IB). The 
<!-- EPO <DP n="18"/>-->
 lamination path 90 provides for a relatively large width of a composite tape (not shown) that may be applied in a single pass such as by a tape laying machine (not shown). The relatively large width of the lamination path 90 may reduce the total amount of time required for laying up a barrel section 34 (FIG. 4) by reducing the total number of passes required by a tape application head (not shown) of a tape lamination machine (not shown). In addition, the side edges of the lamination path 90 butt up against the straight side segments 58 of the diamond shaped cutouts 52a, 52b eliminating the need for special tape trimming or cutting operations. </p><p id="p0097" num="0097"> FIG. 16 illustrates an embodiment of the side region 40 having a pad-up region 82 generally located in an area of the side region 40 between the cutouts 52. The pad-up region 82 may extend below and/or above the first and second cutouts 52a, 52b. The pad-up region 82 represents an increase in the thickness of the side region 40 from a nominal skin thickness t<sub>nom</sub> (FIG. 18) of the side region 40. The skin 42 of the side region 40 may be formed of metallic material or composite material. Suitable metallic material may include aluminum, titanium, aluminum-lithium and other suitable metallic materials or combinations of material. The pad-up region 82 for a metallic skin 42 may comprise an increase in the combined thickness of the metallic skin. </p><p id="p0098" num="0098"> For skin 42 formed of composite material, the pad-up region 82 may be comprised of one or more pad-up plies 84 of composite material that may be laminated over the skin 42 in a lamination scheme 88. FIG. 16 illustrates the pad-up plies 84 arranged in an X-shape. The pad- up plies 84 may contain pad-up ply fibers 86 that may be oriented along a direction generally parallel to one or more load paths in the side region 40. The pad-up plies 84 may also be oriented generally parallel to the side segments 58 of the cutouts 52 which may coincide with the orientation of one or more of load paths. </p><p id="p0099" num="0099"> FIG. 17 illustrates an optional lamination scheme 88 for laying up pad-up plies 84 in the pad-up region 82. The pad-up plies 84 are shown arranged in staggered X- shapes which pass through a throat 80 of the side region 40. The throat 80 may be defined as the general location of the shortest distance between an adjacent pair of the cutouts 52. Each pad-up ply 84 may be oriented parallel to a load path. The lamination scheme 88 results in a gradual or progressive increase in the skin 42 thickness of the side region 40 along a general direction from the upper portion 74 of the side region 40 toward the throat 80. The lamination scheme 88 also results in a progressive increase in the skin 42 thickness along a general direction from the lower portion 76 of the side region 40 toward the throat 80. The X-shaped lamination scheme 88 may additionally 
<!-- EPO <DP n="19"/>-->
 result in the skin 42 thickness that is at a maximum in the throat 80 which advantageously may coincide with a location of maximum stress. </p><p id="p0100" num="0100"> FIG. 18 shows a cross section of the side region 40 illustrating the progressive increase in skin thickness t<sub>pad</sub> of the side region 40 due to the arrangement of the pad-up plies 84. The pad- up plies 84 result in a progressive increase in thickness of the side region 40 from a nominal skin thickness t<sub>nom</sub> to an increased skin thickness t<sub>pa</sub>d of the pad-up region 82. The progressive increase in skin thickness t<sub>pa</sub>d allows for efficient transfer of load through the area of the side region 40 between the cutouts 52 (FIG. 17). Advantageously, the progressive increase in skin thickness t<sub>pa</sub>d illustrated in FIG. 18 may reduce interlaminar stresses within the skin 42 which may reduce the potential for delamination of plies. </p><p id="p0101" num="0101"> FIG. 19 illustrates a further embodiment of a lamination scheme 88 for laying up pad-up plies 84 in the pad-up region 82. The lamination scheme 88 includes pad-up plies 84 that are oriented at a shallow angle relative to the circumferential axis 14 (FIG. 12). The additional pad- up plies 84 may be added to handle the hoop tension load (not shown) caused by cabin pressurization P (FIG. 3). In this regard, the additional pad-up plies 84 may be oriented at an angle that approaches the hoop tension load path Nh<sub>oop</sub>. The additional pad-up plies 84 may be staggered to facilitate a progressive increase in skin thickness t<sub>pad</sub> (FIG. 18) toward the throat 80. </p><p id="p0102" num="0102"> FIG. 20 is a displacement plot 160 of a shape optimization model of a rounded rectangular cutout 162 which is shown in dashed. The constraints of the shape optimization model included maintaining the area of the cutout 162 at a predetermined value (e.g., 100 square inches). In addition, the geometry of the rounded rectangular cutout 162 was constrained to be no smaller than a predetermined height and no smaller than a predetermined width. The maximum stress in the side region 40 portion was constrained to be within a predetermined range of the allowable stress 170 of the material. The displacement plot 160 illustrates the stress contours 174 of the relative stress magnitudes 166 at different locations along the cutout 162 edges. The displacement vectors 164a illustrate the tendency of the corners 162a of the rounded rectangular cutout 162 to shift inwardly and away from areas of relatively high stress magnitude 168 of 71 ksi (i.e., magnitudes higher than the material allowable stress indicated by reference number 170). The displacement vectors 164b illustrate the tendency of the sides 162b and the upper and lower ends 162c of the rounded rectangular cutout 162 to shift outwardly and toward the areas of relatively low stress magnitude 172 (i.e., magnitudes lower than the material allowable stress 170). In the shape optimization model, the combination of movements along the 
<!-- EPO <DP n="20"/>-->
 displacement vectors 164a, 164b resulted in the rounded rectangular cutout 162 evolving into a diamond shaped cutout (FIG. 22). </p><p id="p0103" num="0103"> FIG. 21 is an illustration of the diamond shaped cutout 52 having straight side segments 58 intersecting at the sides 54 and the ends 60. The size and shape of the cutout 52 may be defined with regard to the major axis a and the minor axis b. For example, the height A of the cutout 52 is measured along the major axis a between the intersections of the side segments 58 at the opposing ends 60. The width B is measured along the minor axis b between the intersections of the side segments 58 at the opposing sides 54. The cutout 52 may have a height-to-width A, B aspect ratio of no less than approximately 1.3 : 1. In an embodiment, the diamond shaped cutout 52 may have a height-to-width A, B aspect ratio defined by the expression, 1.3B &lt; A &lt; 5B. In this regard, the height A may range in size from approximately 1.3B to approximately 5B. In a preferred embodiment, the aspect ratio of the cutout 52 is between approximately 2: 1 and 5 : 1 although the aspect ratio may be larger than 5 : 1. In a further embodiment, the cutout 52 may have a height-to-width A, B aspect ratio of from approximately 1.8: 1 to 2.2: 1. Each one of the cutouts 52 may have an area of from approximately 100 to 300 square inches although the cutout 52 may be provided in an area less than 100 square inches or greater than 300 square inches. In a preferred embodiment, the cutout 52 may have an area in the range of from approximately 120- 140 square inches. </p><p id="p0104" num="0104"> FIG. 22 illustrates the ends 60 of the diamond shaped cutout 52 having rounded end corners 62 of radius r<sub>a</sub> and the sides 54 having rounded side corners 56 of radius ¾. The side radii ¾ at the side corners 56 may be larger than the end radii r<sub>a</sub> at the end corners 62 to minimize stress concentrations at the sides 54. The end radii r<sub>a</sub> and/or side radii ¾ may be sized as a function of the height A of the cutout 52. For example, in a preferred embodiment, the end radii r<sub>a</sub> may range in size from approximately 0.05 times the height A of the cutout 52 up to approximately 0.50 times the height A. The side radii ¾ may range in size from approximately 0.05 times the height A of the cutout 52 up to approximately 3.0 times the height A of the cutout 52. However, the end radii r<sub>a</sub> and/or side radii ¾ may be provided in sizes larger or smaller than the above noted sizes. The side segments 58 may be oriented at the side segment angle 9<sub>b</sub> measured relative to the minor axis b. The side segment angle 9<sub>b</sub> may range from approximately 50 degrees to 80 degrees although angles outside of the 50-80 degree range are contemplated. </p><p id="p0105" num="0105"> FIG. 23 is an illustration of a curved side diamond shape embodiment 300 of the cutout 52 (FIGS. 1A-1B) having curved side segments 316. The illustrated embodiment 300 may has have a height 306 measured along the major axis and extending between the intersections of a 
<!-- EPO <DP n="21"/>-->
 straight line 320 between tangents 314 to the end radius r<sub>en</sub>d-<sub>3</sub>oo and the side radius r<sub>s</sub>id<sub>e</sub>-300 at each end corner 310 of the embodiment 300. The width 308 may be measured along the minor axis 304 and extending between the intersections of the straight line 320 between tangents 314 to the end radius r<sub>end</sub>_<sub>30</sub>o and the side radius r<sub>side</sub>_300 at each side corner 312. The embodiment 300 may have a height-to-width 306, 308 aspect ratio of approximately 1.8: 1 to 2.2: 1, and side radii r<sub>s</sub>ide-3oo at the side corners 312 that are larger than the end radii r<sub>en</sub>d-<sub>3</sub>oo at the end corners 310. The curved side diamond shape embodiment 300 may have an area of approximately 120-140 square inches. The curved side segments 316 may have a convex curvature wherein each curved side segments 316 is tangent to the corresponding end radius r<sub>en</sub>d-<sub>3</sub>oo and the side radius r<sub>s</sub>id<sub>e</sub>-<sub>3</sub>oo. The degree of curvature of each side segments 316 may be defined relative to the straight line 320 extending between the tangents 314. The curvature 318 of each side segment 316 may be such that a maximum distance from the curved side segment 316 to the straight line 320 is no greater than approximately 20 percent of the straight line 320 distance between the tangents 314. Advantageously, the curvature of the curved side segments 316 may accommodate multiple load paths (not shown) having different orientations. </p><p id="p0106" num="0106"> FIG. 24 is an illustration of a standard rounded diamond shape embodiment 400 of the cutout 52 (FIGS. 1A-1B) having rounded sides 412 of substantially constant curvature. The rounded sides 412 may extend between the upper and lower end corners 410 and may be tangent to the end corners 410. The standard rounded diamond shape embodiment 400 may have a height 406 measured along the major axis 402 and extending between the intersections of extensions lines extending from the tangent 414 at the rounded side 412 and end corner 410 on each side of the end corners 410. The embodiment 400 may have a width 408 measured along the minor axis 404 and extending between the intersections of the minor axis 404 with the rounded sides 412 of the embodiment 400. The embodiment 400 may have a height 406 of approximately 16-18 inches, a height-to-width 406, 408 aspect ratio of approximately 1.5: 1 to 1.9:1, and an area of approximately 125-135 square inches. </p><p id="p0107" num="0107"> FIG. 25 is an illustration of an enhanced rounded diamond shape embodiment 500 of the cutout 52 (FIGS. 1A-1B) having rounded sides 512 of substantially constant curvature. The rounded sides 512 may extend between the upper and lower end corners 510 and may be tangent to the end corners 510. The embodiment 500 may have a height 506 measured along the major axis 502 and extending between the intersections of extensions lines extending from the tangent 514 at the rounded side 512 and end corner 510 on each side of the end corners 510. The embodiment 500 may have a width 508 measured along the minor axis 504 and extending 
<!-- EPO <DP n="22"/>-->
 between the intersections of the minor axis 504 with the rounded sides 512 of the embodiment 500. The enhanced rounded diamond shape embodiment 500 may have a height 506 of approximately 22-26 inches, an aspect ratio of approximately 2: 1 to 2.4: 1, and an area of approximately 190-210 square inches. </p><p id="p0108" num="0108"> FIG. 26 is an illustration of an embodiment of the cutouts 52 being canted relative to the circumferential axis 14 of the aircraft 10. In the embodiment shown, the cutouts 52 are oriented such that the major axis a of each cutout 52 is oriented at an angle 9<sub>can</sub>t relative to the circumferential axis 14 of the aircraft 10. The cutouts 52 may optionally be canted at the angle Bcant in either direction (e.g., canted forward or canted aftward) relative to the circumferential axis 14. In an embodiment, the cutouts 52 may be oriented such that the major axis a is oriented within +/- 20 degrees of the circumferential axis 14 of the aircraft although the cutouts may be oriented at angles greater than +/- 20 degrees. The angle 9<sub>cant</sub> of orientation of any given cutout 52 may be such that at least one of the side segments 58 of the cutout 52 is oriented substantially parallel to a resultant load path N<sub>reS</sub>uit, substantially parallel to the hoop tension load path Nh<sub>oop</sub> (FIGS. 6, 10), or substantially parallel to one of the shear load paths N<sub>s</sub>h<sub>ea</sub>r-i, N<sub>s</sub>h<sub>ea</sub>r-2 (FIGS. 6, 10) or any other load path. </p><p id="p0109" num="0109"> The angle 9<sub>cant</sub> of orientation may further be selected such that two or more of the side segments 58 of a given cutout 52 are oriented substantially parallel to one of the resultant load paths Nresuit-i, Nresuit-2 (FIGS. 7, 11), the hoop tension load path Nh<sub>oop</sub> (FIGS. 6, 10), one of the shear load paths N<sub>s</sub>h<sub>ea</sub>r-i, N<sub>s</sub>h<sub>ear</sub>-2 (FIGS. 6, 10), or at any other load path orientation. For example, a cutout 52 may be oriented such that one of the side segments 58 of the cutout 52 is oriented substantially parallel to the resultant load path N<sub>reS</sub>uit-i (FIG. 7) of the hoop tension load path Nhoop (FIG. 6) and the tension component of the shear load path N<sub>s</sub>h<sub>ea</sub>r-i (FIG. 6). Another side segment 58 of the same cutout 52 may be oriented substantially parallel to the resultant load path (not shown) of the combination of the hoop tension load path N <sub>oop</sub> (FIG. 7) and the compression component (not shown) of the shear load (not shown). </p><p id="p0110" num="0110"> Further in this regard, the skin 42 may include fibers 44 that may be oriented in substantial alignment with the resultant load path N<sub>reS</sub>uit (FIG. 7) of the hoop tension load path oop (FIG. 6) and the tension component of the shear load paths N<sub>resu</sub>it-i, N<sub>resu</sub>it-2 (FIGS. 7, 11) and may further include fibers 44 oriented substantially parallel to the resultant load path (not shown) of the combination of the hoop tension load path Nh<sub>oop</sub> (FIG. 6) and the compression component (not shown) of the shear load path (not shown). The fibers 44 may be oriented in a manner representing a truss structure (not show) extending along the window belt 49. For 
<!-- EPO <DP n="23"/>-->
 example, a portion of the fibers 44 may be oriented at angles of between approximately +45 degrees and +80 degrees relative to the longitudinal axis 12 and another portion of the fibers 44 may be oriented at angles (not shown) of between approximately +100 degrees and +160 degrees relative to the longitudinal axis 12. In an embodiment, a portion of the fibers 44 may be oriented at approximately +60 degrees relative to the longitudinal axis 12 and another portion of fibers 44 may be oriented at approximately +150 degrees relative to the longitudinal axis 12 representing a skewed truss arrangement (not shown) along the window belt 49. The angle 9<sub>cant</sub> of orientation of the cutouts 52 may be constant along the length of the fuselage 16 or the angle 9<sub>cant</sub> may vary along the length of the fuselage 16. </p><p id="p0111" num="0111"> FIG. 27 illustrates a flow diagram representing one or more operations that may be included in a methodology 600 for forming cutouts 52 (FIG. 12) in at least one of the side regions 40 (FIG. 12) of an aircraft 10 fuselage 16 (FIG. 12). Step 602 of the method may comprise forming the cutouts 52 (FIG. 12) in the side region 40 in side-by-side relation to one another. The cutouts 52 may be spaced apart from one another at a desired pitch distance 72 (FIG. 12). The pitch distance 72 may optionally correspond to the spacing between passenger seats (not shown) of the aircraft 10 (FIGS. 1A-1B). For example, the pitch distance 72 may be in the range of from approximately 18 to 28 inches. </p><p id="p0112" num="0112"> Step 604 may comprise determining the bending moment Mi (FIG. 2) acting on the fuselage 16 (FIG. 12). Although the methodology 600 is described in the context of the negative bending moment Mi illustrated in FIG. 2, the methodology may also be practiced using the positive bending moment M<sub>2</sub> illustrated in FIG. 8. The bending moment Mi (FIG. 2) may be determined by predicting the loads on the fuselage 16 (FIG. 12) in a computer simulation. The bending moment Mi (FIG. 2) may also be determined by measuring the loads on the fuselage 16 (FIG. 12) during static testing or by directly measuring loads on the fuselage 16 during flight testing. </p><p id="p0113" num="0113"> Step 606 may comprise determining the shear load (not shown) generated in the side region 40 (FIG. 12) in response to the bending moment Mi (FIG. 2) acting on the fuselage 16 (FIG. 12). The shear load may be determined analytically based on computer simulation. Alternatively, the shear load may be determined during static testing using strain gauges or other instrumentation. The shear load may also be measured during flight testing. </p><p id="p0114" num="0114"> Step 608 of the method may comprise determining a cabin pressurization load P (FIG. 3) on the fuselage 16 (FIG. 12). The cabin pressurization load P may be determined based upon FAA requirements for maintaining the pressure altitude of the cabin. For example, with safety 
<!-- EPO <DP n="24"/>-->
 factors, the fuselage 16 may be required to withstand up to 18.2 psi although the fuselage 16 may be configured to withstand higher pressurization loads. </p><p id="p0115" num="0115"> Step 610 of the method may comprise determining a hoop tension load (not shown) generated in the side region 40 (FIG. 12) as a result of the cabin pressurization load P (FIG. 3). The hoop tension load may be determined by computer simulation or by measuring the loads acting on the fuselage 16 (FIG. 12) during full-scale testing or during flight testing such by using strain gauges (not shown) that may be coupled to the fuselage 16 skin 42 (FIG. 12). </p><p id="p0116" num="0116"> Step 612 of the method may comprise determining a resultant load path N<sub>resu</sub>it (FIG. 12) of a resultant of the combination of the shear load (not shown) and the hoop tension load (not shown). For example, the resultant load path N<sub>reS</sub>uit may be determined mathematically based upon the magnitude and orientation of the known shear load (not shown) and the known hoop tension load (not shown). The resultant load path N<sub>resu</sub>it may also be determined for other combinations of load paths and is not limited to the resultant load path N<sub>resu</sub>it of the combination of the shear load and hoop tension load. For example, the resultant load path N<sub>reS</sub>uit may be based on torsional loads induced in the fuselage 16 (FIG. 12) by the elevator 30 (FIGS. 1A-1B) and/or rudder 26 (FIGS. 1A-1B). </p><p id="p0117" num="0117"> Step 614 may comprise configuring the cutouts 52 (FIG. 12) such that the load path extends along the side region 40 (FIG. 12) substantially continuously from the lower portion 76 (FIG. 12) of the side region 40 under the first cutout 52a to the upper portion 74 (FIG. 12) of the side region 40 over the second cutout 52b. The cutouts 52 may also be configured such that the resultant load path N<sub>resu</sub>it extends substantially continuously from the lower portion 76 of the side region 40 under the second cutout 52b to the upper portion 74 of the side region 40 above the first cutout 52a. </p><p id="p0118" num="0118"> Step 616 may comprise providing the cutouts 52 (FIG. 12) in a diamond shape having side segments 58 (FIG. 12) that are oriented generally parallel to a load path such as the resultant load path N<sub>reS</sub>uit (FIG. 12). The side segments 58 may alternatively be oriented along the shear load path N<sub>reS</sub>uit. The side segments 58 may also be oriented generally parallel to the resultant load path N<sub>reS</sub>uit of the combination of the shear load (not shown), the hoop tension load (not shown), and other loads that may be imposed on the fuselage 16 (FIG. 12). </p><p id="p0119" num="0119"> Step 618 may comprise orienting at least a portion of the fibers 44 (FIG. 12) of the skin</p><p id="p0120" num="0120">42 (FIG. 12) to be substantially parallel to a load path such as the resultant load path N<sub>reS</sub>uit (FIG. 12). The fibers 44 of the skin 42 may extend from a position generally below the lower end 60b of the first cutout 52a to a position generally above the upper end 60a of the second cutout 52b. 
<!-- EPO <DP n="25"/>-->
 The fibers 44 of the skin 42 may be oriented at an angle of between approximately 50 degrees to 75 degrees relative to the longitudinal axis 12 (FIG. 12) of the aircraft 10 (FIG. 12). However, the fibers 44 may be oriented at angles of less than 50 degrees and greater than 75 degrees. </p><p id="p0121" num="0121"> Step 620 may comprise laminating composite pad-up plies 84 (FIG. 16) over the skin 42 (FIG. 16) in a pad-up region 82 (FIG. 16) of the side region 40 (FIG. 16). Each pad-up ply 84 may include a plurality of pad-up ply fibers 86 (FIG. 16) which may be oriented substantially parallel to the load path. The pad-up region 82 may be result in a progressive increase in a thickness of the skin 42 in the pad-up region 82 relative to the nominal skin thickness t<sub>nom</sub> (FIG. 18). </p><p id="p0122" num="0122"> Although the addition of passenger windows 50 (FIGS. 1A-1B) to an aircraft 10 (FIGS. 1A-1B) generally increases the overall weight of the aircraft 10 due to the structural reinforcement (i.e., the increased skin thickness) required for handling stress concentrations, the improved load path provided by the diamond shaped cutout 52 (FIG. 4) reduces stress concentrations in the side region 40 (FIG. 4) by an estimated 35 to 45 percent relative to conventional oval-shaped window cutouts (not shown) of approximately the same area. The reduction in stress concentrations allows for a reduction in skin thickness around the cutout 52 edges and in the window belt 49 (FIG. 4) which saves weight. The weight savings can be applied toward an increase in payload capacity or an improvement in the fuel economy of the aircraft 10. Alternatively, the weight savings achieved with diamond shaped cutouts 52 (FIG. 4) can be applied toward windows 50 that are larger in area. Although larger windows 50 require an increase in the skin thickness in the window belt 49 (FIG. 4), the maximum thickness of the skin 42 for diamond shaped windows 50 is less than for conventional oval- shaped windows of the same area. </p><p id="p0123" num="0123"> Many modifications and other embodiments of the disclosure will come to mind to one skilled in the art to which this disclosure pertains having the benefit of the teachings presented in the foregoing descriptions and the associated drawings. The embodiments described herein are meant to be illustrative and are not intended to be limiting or exhaustive. Although specific terms are employed herein, they are used in a generic and descriptive sense only and not for purposes of limitation. 
</p></description><claims mxw-id="PCLM44997395" ref-ucid="WO-2012121825-A1" lang="EN" load-source="patent-office"><claim-statement><!-- EPO <DP n="26"/>--> WHAT IS CLAIMED IS: </claim-statement><claim id="clm-0001" num="1"><claim-text> 1. An aircraft fuselage, comprising: </claim-text><claim-text> a barrel section 34 having a first cutout 52a and a second cutout 52b formed in the barrel section in side-by-side relation to one another; and </claim-text><claim-text> a direct load path extending along the barrel section 34, the load path extending substantially continuously from a lower portion 76 of the barrel section generally under the first cutout to an upper portion 74 of the barrel section generally over the second cutout. </claim-text></claim><claim id="clm-0002" num="2"><claim-text> 2. The aircraft fuselage of Claim 1 wherein: </claim-text><claim-text> the fuselage 16 is subject to a bending moment generating a shear load in a side region of the barrel section 34; and </claim-text><claim-text> the load path comprising a path of the shear load. </claim-text></claim><claim id="clm-0003" num="3"><claim-text> 3. The aircraft fuselage of Claim 2 wherein: </claim-text><claim-text> the fuselage is subject to a cabin pressurization load generating a hoop tension load in the side region; and </claim-text><claim-text> the load path comprising a path of a resultant of the shear load and the hoop tension load. </claim-text></claim><claim id="clm-0004" num="4"><claim-text> 4. The aircraft fuselage of Claim 3 wherein: </claim-text><claim-text> the side region includes a skin having a nominal skin thickness; </claim-text><claim-text> the side region including a pad-up region at least in an area between the first and second cutouts; and </claim-text><claim-text> the skin thickness in the pad-up region being greater than the nominal skin thickness. </claim-text></claim><claim id="clm-0005" num="5"><claim-text> 5. The aircraft fuselage of Claim 4 wherein: </claim-text><claim-text> the first and second cutouts define a throat at a shortest distance therebetween; and the skin thickness in the pad-up region generally increasing along at least one of a direction from the upper portion toward the throat and a direction from the lower portion toward the throat. </claim-text></claim><claim id="clm-0006" num="6"><claim-text> 6. The aircraft fuselage of Claim 4 wherein: </claim-text><claim-text> the skin is formed of composite material having a plurality of reinforcing fibers embedded within a matrix; and </claim-text><claim-text> at least a portion of the fibers are oriented in substantially parallel relation to the load path and wherein at least a portion of the fibers are oriented at an angle of approximately 50 to 75 degrees relative to a longitudinal axis of the aircraft. </claim-text></claim><claim id="clm-0007" num="7"><claim-text> 7. The aircraft fuselage of Claim 1 wherein: </claim-text><claim-text> at least one of the first and second cutouts has a diamond shape having a major axis and a <!-- EPO <DP n="27"/>--> minor axis and wherein the major axis is oriented within +/- 20 degrees of a circumferential axis of the aircraft. </claim-text></claim><claim id="clm-0008" num="8"><claim-text> 8. The aircraft fuselage of Claim 7 wherein: </claim-text><claim-text> the diamond shape has four side segments; and </claim-text><claim-text> at least one of the side segments being oriented substantially parallel to the load path. </claim-text></claim><claim id="clm-0009" num="9"><claim-text> 9. An aircraft fuselage of claim 1 wherein: </claim-text><claim-text> the barrel section 34 having at least one side panel 40; </claim-text><claim-text> a first cutout 52a and a second cutout 52b formed in the side panel in side-by-side relation to one another; and </claim-text><claim-text> a direct load path extending along the barrel section, the load path extending substantially continuously from a lower portion of the side panel generally under the first cutout to an upper portion of the side panel generally over the second cutout. </claim-text></claim><claim id="clm-0010" num="10"><claim-text> 10. A method of forming cutouts in a side region of an aircraft fuselage, comprising the steps of: </claim-text><claim-text> forming a first cutout and a second cutout in side-by-side relation to one another in the side region; and </claim-text><claim-text> configuring the first cutout and the second cutout such that a direct load path extends along the side region substantially continuously from a lower portion of the side region generally under the first cutout to an upper portion of the side region generally over the second cutout. </claim-text></claim><claim id="clm-0011" num="11"><claim-text> 11. The method of Claim 10 wherein the side region includes a skin having a nominal skin thickness, the method further comprising the steps of: </claim-text><claim-text> including a pad-up region in the side region at least in an area between the first and second cutouts; and </claim-text><claim-text> increasing a thickness of the skin in the pad-up region relative to the nominal skin thickness. </claim-text></claim><claim id="clm-0012" num="12"><claim-text> 12. The method of Claim 10 further comprising the steps of: </claim-text><claim-text> providing the side region with a skin formed of composite material having a plurality of reinforcing fibers embedded within a matrix; and </claim-text><claim-text> orienting at least a portion of the fibers substantially parallel to the load path </claim-text></claim><claim id="clm-0013" num="13"><claim-text> 13. The method of Claim 10 further comprising the step of: </claim-text><claim-text> forming the first and second cutouts in a diamond shape having a major axis and a minor axis. <!-- EPO <DP n="28"/>--> </claim-text></claim><claim id="clm-0014" num="14"><claim-text>14. The method of Claim 13 wherein the diamond shape has four side segments, the method further comprising the step of: </claim-text><claim-text> orienting at least one of the side segments substantially parallel to the load path. </claim-text></claim></claims><copyright>User acknowledges that Fairview Research LLC and its third party providers retain all right, title and interest in and to this xml under applicable copyright laws.  User acquires no ownership rights to this xml including but not limited to its format.  User hereby accepts the terms and conditions of the Licence Agreement</copyright></patent-document>
