<?xml version="1.0" encoding="UTF-8"?>
<patent-document ucid="EP-2677900-A1" country="EP" doc-number="2677900" kind="A1" date="20140101" family-id="44627739" file-reference-id="312918" date-produced="20180823" status="corrected" lang="EN"><bibliographic-data><publication-reference fvid="146551737" ucid="EP-2677900-A1"><document-id><country>EP</country><doc-number>2677900</doc-number><kind>A1</kind><date>20140101</date><lang>EN</lang></document-id></publication-reference><application-reference ucid="EP-11729019-A" is-representative="NO"><document-id mxw-id="PAPP154825660" load-source="docdb" format="epo"><country>EP</country><doc-number>11729019</doc-number><kind>A</kind><date>20110624</date><lang>EN</lang></document-id><document-id mxw-id="PAPP174953015" load-source="docdb" format="original"><country>EP</country><doc-number>11729019.7</doc-number><date>20110624</date></document-id></application-reference><priority-claims><priority-claim mxw-id="PPC140452811" ucid="US-2011041717-W" linkage-type="W" load-source="docdb"><document-id format="epo"><country>US</country><doc-number>2011041717</doc-number><kind>W</kind><date>20110624</date></document-id></priority-claim><priority-claim mxw-id="PPC140447487" ucid="US-201113034313-A" load-source="docdb"><document-id format="epo"><country>US</country><doc-number>201113034313</doc-number><kind>A</kind><date>20110224</date></document-id></priority-claim></priority-claims><technical-data><classifications-ipcr><classification-ipcr mxw-id="PCL1988137454" load-source="docdb">A47D  13/06        20060101AFI20120913BHEP        </classification-ipcr></classifications-ipcr><classifications-cpc><classification-cpc mxw-id="PCL-1976545723" load-source="docdb" scheme="CPC">A47D  13/063       20130101 LI20160130BHEP        </classification-cpc><classification-cpc mxw-id="PCL-1976551153" load-source="docdb" scheme="CPC">A47D  13/066       20130101 FI20160130BHEP        </classification-cpc><classification-cpc mxw-id="PCL-2051733312" load-source="docdb" scheme="CPC">A47D   7/002       20130101 LA20150518BHEP        </classification-cpc><classification-cpc mxw-id="PCL-2051736868" load-source="docdb" scheme="CPC">A47D  13/061       20130101 LI20150518BHEP        </classification-cpc></classifications-cpc><invention-title mxw-id="PT132187695" lang="DE" load-source="patent-office">LAUFSTALL MIT ABNEHMBARER VERKLEIDUNG</invention-title><invention-title mxw-id="PT132187696" lang="EN" load-source="patent-office">PLAY YARD WITH REMOVABLE LINER</invention-title><invention-title mxw-id="PT132187697" lang="FR" load-source="patent-office">PARC À JOUER AYANT UN REVÊTEMENT AMOVIBLE</invention-title></technical-data><parties><applicants><applicant mxw-id="PPAR918147983" load-source="docdb" sequence="1" format="epo"><addressbook><last-name>KIDS II INC</last-name><address><country>US</country></address></addressbook></applicant><applicant mxw-id="PPAR918143028" load-source="docdb" sequence="1" format="intermediate"><addressbook><last-name>KIDS II, INC.</last-name></addressbook></applicant><applicant mxw-id="PPAR918990211" load-source="patent-office" sequence="1" format="original"><addressbook><last-name>Kids II, Inc.</last-name><iid>101324700</iid><address><street>3333 Piedmont Road Suite 1800</street><city>Atlanta, GA 30305-1712</city><country>US</country></address></addressbook></applicant></applicants><inventors><inventor mxw-id="PPAR918148155" load-source="docdb" sequence="1" format="epo"><addressbook><last-name>RAMPTON KURT RUSSELL</last-name><address><country>US</country></address></addressbook></inventor><inventor mxw-id="PPAR918168337" load-source="docdb" sequence="1" format="intermediate"><addressbook><last-name>RAMPTON, Kurt, Russell</last-name></addressbook></inventor><inventor mxw-id="PPAR918986093" load-source="patent-office" sequence="1" format="original"><addressbook><last-name>RAMPTON, Kurt, Russell</last-name><address><street>2225 Hawkins Street Apartment 305</street><city>Charlotte, NC 28203</city><country>US</country></address></addressbook></inventor><inventor mxw-id="PPAR918150822" load-source="docdb" sequence="2" format="epo"><addressbook><last-name>MONTAGUE EDGAR</last-name><address><country>US</country></address></addressbook></inventor><inventor mxw-id="PPAR918156360" load-source="docdb" sequence="2" format="intermediate"><addressbook><last-name>MONTAGUE, EDGAR</last-name></addressbook></inventor><inventor mxw-id="PPAR918981828" load-source="patent-office" sequence="2" format="original"><addressbook><last-name>MONTAGUE, EDGAR</last-name><address><street>1315 East Boulevard Unit 616</street><city>Charlotte, NC 28203</city><country>US</country></address></addressbook></inventor><inventor mxw-id="PPAR918158455" load-source="docdb" sequence="3" format="epo"><addressbook><last-name>GIBSON ROBERT</last-name><address><country>US</country></address></addressbook></inventor><inventor mxw-id="PPAR918163567" load-source="docdb" sequence="3" format="intermediate"><addressbook><last-name>GIBSON, ROBERT</last-name></addressbook></inventor><inventor mxw-id="PPAR918992702" load-source="patent-office" sequence="3" format="original"><addressbook><last-name>GIBSON, ROBERT</last-name><address><street>3300 Foxridge Road</street><city>Charlotte, NC 28226</city><country>US</country></address></addressbook></inventor><inventor mxw-id="PPAR918164562" load-source="docdb" sequence="4" format="epo"><addressbook><last-name>BURNS STEVE</last-name><address><country>US</country></address></addressbook></inventor><inventor mxw-id="PPAR918151095" load-source="docdb" sequence="4" format="intermediate"><addressbook><last-name>BURNS, STEVE</last-name></addressbook></inventor><inventor mxw-id="PPAR918985863" load-source="patent-office" sequence="4" format="original"><addressbook><last-name>BURNS, STEVE</last-name><address><street>2720 Portabella Lane</street><city>Cumming, GA 30041</city><country>US</country></address></addressbook></inventor><inventor mxw-id="PPAR918147247" load-source="docdb" sequence="5" format="epo"><addressbook><last-name>THOMSON JOHN MATTHEW</last-name><address><country>US</country></address></addressbook></inventor><inventor mxw-id="PPAR918168303" load-source="docdb" sequence="5" format="intermediate"><addressbook><last-name>THOMSON, JOHN, MATTHEW</last-name></addressbook></inventor><inventor mxw-id="PPAR918987589" load-source="patent-office" sequence="5" format="original"><addressbook><last-name>THOMSON, JOHN, MATTHEW</last-name><address><street>470 Millhaven Way</street><city>Johns Creek, GA 30005</city><country>US</country></address></addressbook></inventor></inventors><agents><agent mxw-id="PPAR918981343" load-source="patent-office" sequence="1" format="original"><addressbook><last-name>Kinsler, Maureen Catherine</last-name><suffix>et al</suffix><iid>101165339</iid><address><street>Marks &amp; Clerk LLP Atholl Exchange 6 Canning Street</street><city>Edinburgh EH3 8EG</city><country>GB</country></address></addressbook></agent></agents></parties><international-convention-data><pct-or-regional-filing-data ucid="US-2011041717-W"><document-id><country>US</country><doc-number>2011041717</doc-number><kind>W</kind><date>20110624</date><lang>EN</lang></document-id></pct-or-regional-filing-data><pct-or-regional-publishing-data ucid="WO-2012115677-A1"><document-id><country>WO</country><doc-number>2012115677</doc-number><kind>A1</kind><date>20120830</date><lang>EN</lang></document-id></pct-or-regional-publishing-data><designated-states><ep-contracting-states><country mxw-id="DS548869564" load-source="docdb">AL</country><country mxw-id="DS548924409" load-source="docdb">AT</country><country mxw-id="DS548948233" load-source="docdb">BE</country><country mxw-id="DS548939925" load-source="docdb">BG</country><country mxw-id="DS548841505" load-source="docdb">CH</country><country mxw-id="DS548948310" load-source="docdb">CY</country><country mxw-id="DS548924414" load-source="docdb">CZ</country><country mxw-id="DS548869565" load-source="docdb">DE</country><country mxw-id="DS548948311" load-source="docdb">DK</country><country mxw-id="DS548948312" load-source="docdb">EE</country><country mxw-id="DS548936270" load-source="docdb">ES</country><country mxw-id="DS548939930" load-source="docdb">FI</country><country mxw-id="DS548841506" load-source="docdb">FR</country><country mxw-id="DS548869566" load-source="docdb">GB</country><country mxw-id="DS548948313" load-source="docdb">GR</country><country mxw-id="DS548869567" load-source="docdb">HR</country><country mxw-id="DS548924415" load-source="docdb">HU</country><country mxw-id="DS548841507" load-source="docdb">IE</country><country mxw-id="DS548948314" load-source="docdb">IS</country><country mxw-id="DS548939931" load-source="docdb">IT</country><country mxw-id="DS548948315" load-source="docdb">LI</country><country mxw-id="DS548939932" load-source="docdb">LT</country><country mxw-id="DS548818341" load-source="docdb">LU</country><country mxw-id="DS548939933" load-source="docdb">LV</country><country mxw-id="DS548939938" load-source="docdb">MC</country><country mxw-id="DS548818342" load-source="docdb">MK</country><country mxw-id="DS548818343" load-source="docdb">MT</country><country mxw-id="DS548936271" load-source="docdb">NL</country><country mxw-id="DS548938459" load-source="docdb">NO</country><country mxw-id="DS548936272" load-source="docdb">PL</country><country mxw-id="DS548939939" load-source="docdb">PT</country><country mxw-id="DS548924416" load-source="docdb">RO</country><country mxw-id="DS548939940" load-source="docdb">RS</country><country mxw-id="DS548936273" load-source="docdb">SE</country><country mxw-id="DS548841508" load-source="docdb">SI</country><country mxw-id="DS548938460" load-source="docdb">SK</country><country mxw-id="DS548938461" load-source="docdb">SM</country><country mxw-id="DS548818344" load-source="docdb">TR</country></ep-contracting-states></designated-states></international-convention-data><office-specific-data><eptags><ep-no-a-document-published>*</ep-no-a-document-published></eptags></office-specific-data></bibliographic-data><abstract mxw-id="PA99620196" ref-ucid="WO-2012115677-A1" lang="EN" load-source="patent-office"><p num="0000">Various embodiments of the present invention are directed to a play yard configured for providing an enclosed space for a child. According to various embodiments, the play yard comprises a rigid support frame and removable, flexible liner. The frame includes one or more moveable retention members configured to engage the liner in order to form a bounded play yard space. By permitting the liner to be secured to the frame via the retention members, a user is able to easily secure the liner to the frame for use and remove the liner from the frame for washing.</p></abstract><abstract mxw-id="PA99819865" ref-ucid="WO-2012115677-A1" lang="EN" source="national office" load-source="docdb"><p>Various embodiments of the present invention are directed to a play yard configured for providing an enclosed space for a child. According to various embodiments, the play yard comprises a rigid support frame and removable, flexible liner. The frame includes one or more moveable retention members configured to engage the liner in order to form a bounded play yard space. By permitting the liner to be secured to the frame via the retention members, a user is able to easily secure the liner to the frame for use and remove the liner from the frame for washing.</p></abstract><abstract mxw-id="PA99620197" ref-ucid="WO-2012115677-A1" lang="FR" load-source="patent-office"><p num="0000">La présente invention a pour objet, dans divers modes de réalisation, un parc à jouer qui est configuré pour offrir un espace fermé à un enfant. Selon divers modes de réalisation, le parc à jouer comprend un cadre de support rigide et un revêtement flexible et amovible. Le cadre comprend un ou plusieurs éléments de retenue mobiles configurés pour venir en prise avec le revêtement afin de former un espace de parc à jouer limité. En permettant au revêtement d'être fixé au cadre par l'intermédiaire des éléments de retenue, un utilisateur peut, lors de l'utilisation, fixer facilement le revêtement au cadre et retirer le revêtement du cadre pour le laver.</p></abstract><abstract mxw-id="PA99819866" ref-ucid="WO-2012115677-A1" lang="FR" source="national office" load-source="docdb"><p>La présente invention a pour objet, dans divers modes de réalisation, un parc à jouer qui est configuré pour offrir un espace fermé à un enfant. Selon divers modes de réalisation, le parc à jouer comprend un cadre de support rigide et un revêtement flexible et amovible. Le cadre comprend un ou plusieurs éléments de retenue mobiles configurés pour venir en prise avec le revêtement afin de former un espace de parc à jouer limité. En permettant au revêtement d'être fixé au cadre par l'intermédiaire des éléments de retenue, un utilisateur peut, lors de l'utilisation, fixer facilement le revêtement au cadre et retirer le revêtement du cadre pour le laver.</p></abstract><description mxw-id="PDES50930522" ref-ucid="WO-2012115677-A1" lang="EN" load-source="patent-office"><!-- EPO <DP n="2"/>--><p id="p0001" num="0001"> PLAY YARD WITH REMOVABLE LINER </p><p id="p0002" num="0002">BACKGROUND OF THE INVENTION </p><p id="p0003" num="0003"> A play yard is a containment device often used for providing a partially enclosed space for a child. Typically, play yards include a rigid frame having upper and lower horizontal frame members joined by vertical frame members. A floor panel and sidewalls are usually defined in between the frame members along with an upper opening through which a child may be moved in and out of the play yard. The sidewalls and floor panel are often comprised of a fabric material disposed over the frame members. In addition, the frame members may be collapsible to allow for easier portability and storage of the play yard. </p><p id="p0004" num="0004"> In many play yards, the sidewalls and floor panel of the play yard are formed from a non-removable fabric material design to collapse with the play yard frame. For example, the foldable play yard described in U.S. Patent No. 4,811,437 includes side panels made from a flexible material and having laterally and vertically oriented sleeves connecting the side panels to a foldable play yard frame. The flexible side panels of the '437 patent, however, are not easily removable from the play yard after the play yard is assembled, thereby rending the panels difficult to wash or clean. </p><p id="p0005" num="0005"> More recent play yards provide a removable fabric enclosure that may be secured to a play yard frame in order to form surrounding sidewalls. For example, U.S. Patent No. 6,859,957 and U.S. Patent No. 7,568,242 disclose play yards including a removable fabric enclosure having vertical posts positioned at corners of the enclosure. The vertical posts of the enclosure are configured to be inserted into vertical tubes disposed on a play yard frame, thereby permitting the enclosure to be removably secured to the play yard frame. However, enclosures having such posts can often be difficult to secure to a corresponding frame, easily damaged and rendered unusable, and damaging to machine washers. </p><p id="p0006" num="0006"> Accordingly, there remains a need in the art for an improved play yard having a removable, washable liner that is durable and easily secured to and removed from a play yard frame. 
<!-- EPO <DP n="3"/>-->
 BRIEF SUMMARY OF THE INVENTION </p><p id="p0007" num="0007"> Various embodiments of the present invention are directed to a children's play yard. According to various embodiments, the play yard comprises a play yard frame and a removable play yard liner. The play yard frame comprises one or more lower horizontal frame members; one or more vertical frame members attached to the lower horizontal frame members, wherein at least a portion of the vertical frame members extends upwardly from the lower horizontal frame members; and one or more movable retention members operatively connected to the vertical frame members and configured to move between an inward receiving orientation and a retaining orientation. The removable play yard liner comprises one or more sidewalls; and one or more sleeves defined vertically along the sidewalls, the sleeves configured to slide over the moveable retention members. The sidewalls of the play yard liner extend between the retention members of the play yard frame and define a bounded area within the play yard when the vertical sleeves are positioned over the retention members and the retention members are positioned in the retaining orientation. </p><p id="p0008" num="0008"> In addition, according to various embodiments, a method for securing a removable play yard liner to a play yard frame is provided comprising the steps of setting up a play yard frame to have one or more vertical frame members and one or more retention members; orienting the one or more retention members from a retaining orientation to a receiving orientation inward from the one more vertical frame members; orienting a play yard liner having one or more sidewalls and one or more sleeves such that the sleeves are generally adjacent one or more respective retention members; sliding the one or more sleeves over the retention members; and reorienting the one or more retention members to the retaining orientation such that the sidewalls of the play yard liner extend between the retention members of the play yard frame and define a bounded area within the play yard. </p><p id="p0009" num="0009"> In addition, according to other embodiments, a children's play yard comprises a play yard frame comprising one or more lower horizontal frame members; one or more vertical frame members attached to the lower horizontal frame members; and one or more upper horizontal frame members defining an upper perimeter of the play yard, wherein the upper horizontal frame members are configured to be removably secured to upper ends of the vertical frame members 
<!-- EPO <DP n="4"/>-->
 thereby permitting the upper horizontal frame members to be removed from the play yard frame. The play yard further comprises a removable play yard liner comprising one or more sidewalls, and one or more sleeves disposed vertically along the sidewalls, the sleeves configured to slide over the vertical frame members. The sidewalls of the play yard liner extend between the vertical frame members of the play yard frame and define a bounded area within the play yard when the vertical sleeves are positioned over the vertical frame members. In addition, the one or more upper horizontal frame members may comprise a plurality of upper horizontal frame members connected by joint members disposed between adjacent upper horizontal frame members; and the joint members are configured to be removably secured to upper ends of the one or more vertical frame members thereby permitting the upper horizontal frame members and the joint members to be removed from the play yard frame. </p><p id="p0010" num="0010"> In addition, according to other embodiments, a children's play yard comprises a play yard frame comprising one or more lower horizontal frame members; one or more vertical frame members attached to the lower horizontal frame members, wherein at least a portion of the vertical frame members extends upwardly from the lower horizontal frame members; and one or more movable retention members operatively connected to the vertical frame members and configured to move between a receiving orientation and a retaining orientation. The play yard further comprises a removable play yard liner comprising one or more sidewalls and one or more engagement features configured to engage the one or more moveable retention members. The sidewalls of the play yard liner extend between the moveable retention members of the play yard frame and define a bounded area within the play yard when the engagement features are engaged with the retention members and the retention members are positioned in the retaining orientation. </p><p id="p0011" num="0011"> In addition, according to other embodiments, a children's play yard comprises a play yard frame comprising one or more lower horizontal frame members; one or more vertical frame members attached to the lower horizontal frame members, wherein at least a portion of the vertical frame members extends upwardly from the lower horizontal frame members; and one or more retention members operatively connected to the vertical frame members. In addition, the play yard further comprises a removable play yard liner comprising one or more 
<!-- EPO <DP n="5"/>-->
 sidewalls and one or more engagement features configured to engage the one or more retention members. The sidewalls of the play yard liner extend between the moveable retention members of the play yard frame and define a bounded area within the play yard when the engagement features are engaged with the retention members. </p><p id="p0012" num="0012">BRIEF DESCRIPTION OF THE SEVERAL VIEWS OF THE DRAWING(S)</p><p id="p0013" num="0013">Reference will now be made to the accompanying drawings, which are not necessarily drawn to scale, and wherein: </p><p id="p0014" num="0014"> Figure 1 shows a perspective view of a play yard frame according to one embodiment of the present invention; </p><p id="p0015" num="0015"> Figure 2 shows another perspective view of the play yard frame of Figure i; </p><p id="p0016" num="0016"> Figure 3 shows a detailed side view of a retention member pivotally connected to a vertical frame member according to one embodiment of the present invention; </p><p id="p0017" num="0017"> Figure 4 shows a perspective view of a retention member fastener according to one embodiment of the present invention; </p><p id="p0018" num="0018"> Figure 5 shows a front perspective view of the retention member fastener of Figure 4; </p><p id="p0019" num="0019"> Figure 6 shows another front perspective view of the retention member fastener of Figure 4; </p><p id="p0020" num="0020"> Figure 7 shows a front perspective view of a retention member fastener according to another embodiment of the present invention; </p><p id="p0021" num="0021"> Figure 8 shows a perspective view of a partially collapsed play yard frame according to one embodiment of the present invention; </p><p id="p0022" num="0022"> Figure 9 shows a perspective view of a fully collapsed play yard frame according to one embodiment of the present invention; </p><p id="p0023" num="0023"> Figure 10 shows a perspective view of a play yard liner according to one embodiment of the present invention; </p><p id="p0024" num="0024"> Figure 11 shows another perspective view of the play yard liner of Figure</p><p id="p0025" num="0025">10; 
<!-- EPO <DP n="6"/>-->
 Figure 12 shows a perspective view of a play yard frame with padded members secured thereto according to one embodiment of the present invention; </p><p id="p0026" num="0026"> Figure 13 shows a side view of a retention member partially inserted into the sleeve of a play yard liner according to one embodiment of the present invention; </p><p id="p0027" num="0027"> Figure 14 shows a side view of a retention member fully inserted into the sleeve of a play yard liner according to one embodiment of the present invention; </p><p id="p0028" num="0028"> Figure 15 shows a perspective view of a retention member fastener with a disengaged engagement member according to one embodiment of the present invention; </p><p id="p0029" num="0029"> Figure 16 shows a front view of the retention member fastener of Figure 15 with an engaged engagement member; </p><p id="p0030" num="0030"> Figure 17 shows an elevated front view of a play yard frame with liner partially secured thereto according to one embodiment of the present invention; </p><p id="p0031" num="0031"> Figure 18 shows a perspective view of a flap panel elevated above a play yard frame according to one embodiment of the present invention; </p><p id="p0032" num="0032"> Figure 19 shows a perspective view of a flap panel secured to a vertical frame member according to one embodiment of the present invention; </p><p id="p0033" num="0033"> Figure 20 shows a perspective view of a disengaged flap fastener and flap mating fastener according to one embodiment of the present invention; </p><p id="p0034" num="0034"> Figure 21 shows a perspective view of the flap fastener and flap mating fastener of Figure 20 engaged; </p><p id="p0035" num="0035"> Figure 22 shows a perspective view of a disengaged flap fastener and flap mating fastener according to another embodiment of the present invention; </p><p id="p0036" num="0036"> Figure 23 shows a perspective view of the flap fastener and flap mating fastener of Figure 22 engaged; </p><p id="p0037" num="0037"> Figure 24 shows a bottom view of a liner floor panel secured to lower frame members according to one embodiment of the present invention; </p><p id="p0038" num="0038"> Figure 25 shows a top view of a mattress pad according to one embodiment of the present invention; </p><p id="p0039" num="0039"> Figure 26 shows a perspective view of an assembled play yard according one embodiment of the present invention; </p><p id="p0040" num="0040"> Figure 27 shows a perspective view of a lower end of a retention member and vertical frame member according to one embodiment of the present invention; 
<!-- EPO <DP n="7"/>-->
 Figure 28 shows a perspective view of a retention member in a receiving orientation relative to a play yard liner having a sleeve according to one embodiment of the present invention; </p><p id="p0041" num="0041"> Figure 29 shows a detailed side view of a retention member inserted through apertures of a play yard liner according to one embodiment of the present invention; </p><p id="p0042" num="0042"> Figure 30 shows a perspective view of a retention member in a receiving orientation relative to a play yard liner having channel engagement members according to one embodiment of the present invention; </p><p id="p0043" num="0043"> Figure 31 shows a perspective view of a retention member in a receiving orientation relative to a play yard liner having zipper teeth according to one embodiment of the present invention; and </p><p id="p0044" num="0044"> Figure 32 shows a perspective view of a play yard frame according to another embodiment of the present invention. </p><p id="p0045" num="0045">DETAILED DESCRIPTION OF THE INVENTION </p><p id="p0046" num="0046"> The present inventions will now be described more fully hereinafter with reference to the accompanying drawings, in which some, but not all embodiments of the inventions are shown. Indeed, these inventions may be embodied in many different forms and should not be construed as limited to the embodiments set forth herein; rather, these embodiments are provided so that this disclosure will satisfy applicable legal requirements. Like numbers refer to like elements throughout. </p><p id="p0047" num="0047"> Various embodiments of the present invention are directed to a play yard configured for providing an enclosed space for a child. According to various embodiments, the play yard is generally comprised of a frame and removable liner. Generally, the play yard frame is a substantially rigid structure configured for receiving and supporting the removable liner, which may be constructed from a flexible, washable material. When secured to the frame, the removable liner defines a partially enclosed space dimensioned for receiving a child. 
<!-- EPO <DP n="8"/>-->
 Play Yard Frame </p><p id="p0048" num="0048"> Figure 1 illustrates a play yard frame 100 according to one embodiment. In the illustrated embodiment, the frame 100 includes a plurality of upper horizontal frame members 102, a plurality of lower horizontal frame members 104, and four vertical frame members 106. As shown, the vertical frame members 106 are positioned at the corners of the frame 100 and include feet configured to rest on a floor or support surface. The upper horizontal frame members 102 and lower horizontal frame members 104 are connected at different heights to the vertical frame members 106 such that they are vertically spaced from one another. The upper horizontal frame members 102 extend between adjacent vertical frame members 106, thereby forming an upper perimeter of the frame 100. The lower horizontal frame members 104 are positioned inwardly from the vertical frame members 106 and are connected to one another at various points to form a lower support surface spaced above the floor (or other support surface upon which the frame 100 is positioned). The terms "horizontal" and "vertical" are used herein to indicate components that are generally horizontally or vertically oriented with respect to a floor (or other support surface) and are not intended to indicate that particular components must be strictly or entirely horizontal or vertical. </p><p id="p0049" num="0049"> The frame 100 also includes four retention members 108, each of which is operatively connected to a respective vertical member 106. The retention members 108 are generally elongate members capable of moving between an inward receiving orientation and a retaining orientation. For example, Figure 1 illustrates the frame 100 with the retention members 108 positioned in an inward receiving orientation according to one embodiment. In the illustrated embodiment, the inward receiving orientation is one in which the retention members 108 are tilted slightly inward toward the center of the frame 100. As described in greater detail herein, the inward receiving orientation permits a removable play yard liner to be easily secured to the frame 100 by sliding sleeves of the liner over each of the retention members 108. Figure 2 illustrates the frame 100 with the retention members 108 positioned in a retaining orientation according to one embodiment. In the illustrated embodiment, the retaining orientation is one in which the retention members 108 are vertically oriented and generally parallel with the vertical frame members 106. As described in greater detail herein, the retaining 
<!-- EPO <DP n="9"/>-->
 orientation permits a play yard liner engaged with the retention members 108 to be secured in tension between adjacent retention members 108. </p><p id="p0050" num="0050"> According to various embodiments, the retention members 108 may be configured to move between the inward receiving orientation and the retaining orientation in a variety of ways. For example, in the illustrated embodiment of Figures 1 and 2, each of the retention members 108 is pivotally connected to a respective vertical frame member 106 at its lower end. Figure 3 shows a more detailed view of a lower end of one of the retention members 108. As shown, the retention member 108 is configured to pivot about a pin 110 (e.g., a horizontal axle) which is operatively connected to the vertical frame member 106 by a lower connecting member 112. In particular, the pin 110 is configured to permit the retention member 108 to pivot between the inward receiving orientation shown in Figure 1 and the retaining orientation shown in Figure 2. In the embodiments of Figures 1-4, the retention members 108 may be constructed, for example, from a substantially rigid material, such as aluminum or a high-modulus polymer material. </p><p id="p0051" num="0051"> In another embodiment, the retention members 108 may be fixed in a non- pivotal manner to lower ends of the vertical members 106. In certain embodiments, the retention members 108 may be constructed from a flexible, resilient material that permits each retention member 108 to be resiliently deflected from a retaining orientation, such as that of Figure 2, to an inward receiving orientation, such as that of Figure 1. For example, a user may grasp an upper end of the retention member 108, bend it to an inward receiving orientation, and then permit the retention member to flex back to its natural retaining orientation. In other embodiments, the retention members 108 may be substantially rigid and not moveable, such that the retention member 108 is always in a retaining orientation. For example, in one embodiment, a removable fastener or cap is positioned on an upper end of non-mo veable retention members 108 and may be removed to permit a liner sleeve to be slid over the retention members 108. In other embodiments, a liner is attached to a non-mo veable retention member 108 by other engagement features, such as zippers, snaps, Velcro, grommets, or other engagement features described herein. 
<!-- EPO <DP n="10"/>-->
 In yet another embodiment, the retention members 108 may be fully detachable from the frame 100. For example, Figure 27 illustrates one embodiment in which the retention member 108 is detachable from the frame 100 and includes a wedge member 601 disposed at a lower end of the retention member 108. In the illustrated embodiment, the lower connecting member 112, which is connected to the vertical frame member 106, defines an angled depression 602 configured to receive the wedge member 601. When the wedge member 601 is engaged within the angled depression 602, the retention member 108 is permitted to move between an inward receiving orientation (shown in Figure 27) and a receiving orientation (in which the retention member's upper end may be secured to the vertical frame member 106). In another embodiment, retention member fasteners— such as those described in greater detail herein— may be positioned on upper and lower ends of the retention members 108. In such an embodiment, the inward receiving orientation is one in which a respective retention member 108 is detached from the frame and the retaining orientation is one in which the retention member 108 is attached to the frame 100. Indeed, as will be appreciated from the description provided herein, the retention members 108 may be configured to move in any manner which secures the retention members 108 to the vertical frame members 106 and permits movement between an inward receiving orientation and a retaining orientation. </p><p id="p0052" num="0052"> According to various embodiments, the frame 100 further includes retention member fasteners generally configured for securing the retention members 108 in the retaining orientation. For example, Figures 4-6 illustrate a retention member fastener 114 according to one embodiment. In the illustrated embodiment, the retention member fastener 114 is comprised of a retaining cavity</p><p id="p0053" num="0053">116 defined within an upper connecting member 115 and an engagement member</p><p id="p0054" num="0054">117 disposed on an upper end of one of the retention members 108. The upper connecting member 115 is secured to an upper end of the vertical frame member 106 and its cavity 116 is dimensioned to receive and secure the engagement member 117. </p><p id="p0055" num="0055"> In the illustrated embodiment of Figures 4-6, the engagement member 117 is spring-loaded and configured to move between an extended position and a retracted position in response to a user-applied force. For example, Figure 4 illustrates the retention member 108 in the inward receiving orientation and the 
<!-- EPO <DP n="11"/>-->
 engagement member 117 in its extended position. Figure 5 illustrates the retention member 108 moved to its retaining orientation and the engagement member 117 moved to its retracted position (e.g., by a user pressing the engagement member 117 downward and compressing the spring). As shown in Figure 5, when the engagement member 117 is in its retracted position, an upper end of the engagement member 117 will be positioned just below a lip of the cavity 116, thereby permitting the retention member 108 to be moved into its retaining orientation and the engagement member 117 to be positioned beneath the cavity 116. As shown in Figure 6, when the engagement member 117 is permitted to move back to its extended position, the engagement member 117 extends into the cavity 116, thereby securing the retention member 108 in the retaining orientation. If a user wishes the move the retention member 108 back to its inward receiving orientation, the engagement member 117 may be pushed downward and disengaged from the cavity 116, thereby freeing the retention member 108 to move inward. </p><p id="p0056" num="0056"> Figure 7 illustrates a retention member fastener 134 according another embodiment. In the illustrated embodiment, the retention member fastener 134 includes an engagement cap 137 configured to move along the vertical frame member 106 between an upper released positioned and a lower engaged position (e.g., as indicated by the directional arrows). The engagement cap 137 includes a cavity 136 dimensioned to slide over an upper portion of the retention member 108 and selectively secure the retention member 108 it its retaining orientation. In yet another embodiment, the retention member fastener may comprise one or more passive latches configured to enable the retention member 108 to be secured by pushing it over center past a material designed to deflect away from the retention member 108 and rebound in order to capture the retention member 108 (e.g., a leaf spring). As will be appreciated from the description herein, the frame's retention member fasteners may comprise any fastener suitable for selectively securing the retention members 108 in the retaining orientation. </p><p id="p0057" num="0057"> In certain embodiments, the frame 100 is also configured to be collapsed into a more compact form in order to minimize the space required for storage. For example, Figure 8 illustrates the frame 100 in a partially collapsed state according to one embodiment. In the illustrated embodiment, the upper horizontal frame members 102 are pivotally connected to one another by upper joint members 121 
<!-- EPO <DP n="12"/>-->
 and pivotally connected to the vertical frame members 106 by the upper connecting members 115. As shown in Figure 8, each upper horizontal frame member 102 is secured to an upper joint member 121 and an upper connecting member 115 by pins that permit the upper horizontal frame member 102 to pivot in a downward direction. In a particular embodiment, the upper connecting members 115 and upper joint members 121 permit each of the upper horizontal frame members 102 to move downward along a plane perpendicular to a support surface on which the frame 100 rests. </p><p id="p0058" num="0058"> Likewise, the lower horizontal frame members 104 are pivotally connected to one another by lower joint members 122. In addition, certain of the lower horizontal frame members 104 are pivotally connected to the vertical frame members 106 by lower connecting members 112. As shown in Figure 8, the lower horizontal frame members 104 are secured to the various lower joint members 122 and connecting members 112 by pins that permit the lower horizontal frame members 104 to pivot in an upward direction. </p><p id="p0059" num="0059"> Figure 9 illustrates the frame 100 in a fully collapsed state according to one embodiment. By pivoting the upper horizontal frame members 102 downward and the lower horizontal frame members 104 upward, the vertical frame members 106 are able to move inward and adjacent one another, thereby achieving the fully collapsed state of Figure 9. According to various embodiments, one or more of the various joint members 121, 122 and connecting members 115, 112 may further include locking mechanisms configured to selectively lock the frame 100 in an expanded position, such as that of Figures 1 and 2, and selectively unlock the frame 100 to permit it to be collapsed to a storage position, such as that of Figure 9. In addition, a quick release mechanism may be provided to permit a user easily unlock or lock the frame 100. Further, as will be appreciated from the description herein, the frame 100 may be collapsed with or without a play yard liner secured to it (e.g., the liner 200 described below). </p><p id="p0060" num="0060"> According to various embodiments, the various components of the frame 100 described herein may be constructed from a variety of materials of suitable strength for withstanding loads applied by the removable play yard liner and any children or other items placed therein (e.g., dynamic loads resulting from a child jumping). For example, the various frame members 102, 104, 106 may be 
<!-- EPO <DP n="13"/>-->
 constructed from generally rigid materials, such as aluminum or high-modulus polymer materials. </p><p id="p0061" num="0061"> As will be appreciated from the description herein, various modifications may be made to the play yard frame embodiments described herein while remaining within the scope of the present inventions. In various embodiments, the play yard frame may include any number of vertical frame members, which may be arranged in a variety of ways. As an example, the play yard frame may include a plurality of vertical frame members positioned in a triangular, trapezoidal, or circular relationship. In addition, the play yard frame may include retention members disposed on some or all of the vertical frame members, and may include more than one retention member disposed on a single vertical frame member. Further, in various embodiments, the play yard frame's upper and lower horizontal frame members may be comprised of any number of individual members, including a single, unitary upper or lower horizontal frame member. In addition, the play yard frame may be configured not to collapse. </p><p id="p0062" num="0062">Play Yard Liner </p><p id="p0063" num="0063"> Figure 10 illustrates a play yard liner 200 according to one embodiment. In the illustrated embodiment, the liner 200 is a unitary fabric enclosure defined by four sidewalls 202 and a floor panel 204. Together, the sidewalls 202 and floor panel 204 define a partially enclosed area having an upper opening and a generally rectangular cross-section. The sidewalls 202 further define an upper perimeter 206 of the liner 200. According to certain embodiments, fasteners— such as zipper teeth shown in Figure 10— are disposed along the upper perimeter 206. </p><p id="p0064" num="0064"> The liner 200 further includes four sleeves 208 each defined by fabric material attached to an outer portion of the liner 200 at the liner's four corners. In Figure 10, one of the sleeves 208 is outlined by dashed lines to generally indicate the boundaries of the sleeve 208. As shown, each of the sleeves 208 defines a lower opening 210 positioned at a lower edge of the liner 200, and extends vertically along the liner 200 to a point slightly below the liner's upper perimeter 206 where it defines an upper opening 209. According to various embodiments, the sleeves 208 are generally dimensioned to be slid over the retention members 108 of the play yard frame 100. 
<!-- EPO <DP n="14"/>-->
 As shown in Figure 11, the liner 200 further includes a flap panel 212, which extends outwardly from the liner's upper perimeter 206. In various embodiments, the flap panel 212 is a fabric panel having an inner edge 214 that extends along the liner's upper perimeter 206. The flap panel 212 further includes an outer edge 216 having a curved profile in which portions of the outer edge 216 adjacent the liner's corners extend further from the inner edge 214 than medial portions of the outer edge 216. </p><p id="p0065" num="0065"> As shown, the sidewalls 202 are generally formed from a breathable mesh fabric material with solid fabric material surrounding the mesh material along edge portions of the sidewalls 202. Likewise, the floor panel 204 may be formed from, for example, a solid fabric material. In certain embodiments, the fabric materials used to form various components of the liner 200 are constructed from a washable fabric material, such as nylon. In particular embodiments, the liner 200 is configured to be machine-washed without sustaining damage to its various components. As will be appreciated from the description herein, it is contemplated that the various components of the liner 200— including the sidewalls 202, floor panel 204, and sleeves 208— may be constructed from a variety of suitable materials, including various combinations of fabric and non-fabric materials. </p><p id="p0066" num="0066"> As will be appreciated from the description herein, various modifications may be made to the play yard liner embodiments described herein while remaining within the scope of the present inventions. For example, in certain embodiments the play yard liner may not include a floor panel and/or a flap panel. In addition, according to various embodiments, the sleeves of the play yard liner may be disposed along an interior portion of the liner (e.g., by attaching sleeve material to an inner portion of the sidewalls), may be disposed along fabric tabs extending outwardly from the liner, and may be comprised of multiple segments or loops. </p><p id="p0067" num="0067"> Further, various embodiments of the play yard liner may be configured to be secured to the various embodiments of the play yard frame described herein. As such, the liner may include any number of sidewalls arranged in a variety of ways corresponding to a particular play yard frame embodiment. As an example, the liner may include a plurality of sidewalls defining a shape other than the rectangular shape illustrated herein. For example, the liner may comprise a single or multiple sidewalls defining other shapes such as rounded rectangles, circles, ovals, triangles, and pentagons. In yet another embodiment, the liner may be 
<!-- EPO <DP n="15"/>-->
 comprised of separate sidewall panels configured to be individually positioned on the play yard frame. For example, such separate sidewall panels may each include sleeves disposed on side edges of the panels, fasteners such as zipper teeth disposed on upper edges, and/or individual flap panels. In addition, the liner may include any number of sleeves positioned on the liner to correspond with one or more retention members of the play yard frame. </p><p id="p0068" num="0068">Securing the Play Yard Liner to the Play Yard Frame </p><p id="p0069" num="0069"> As noted earlier, various embodiments of the play yard liner 200 are configured to be secured to the play yard frame 100 in order to provide a play yard for a child. Figures 12-26 illustrate various steps of a method for securing the liner 200 to the frame 100 according to various embodiments. </p><p id="p0070" num="0070"> First, as shown in Figure 12, one or more padded members 250 are fitted to the upper horizontal frame members 102 of the frame 100. In the illustrated embodiment, the padded members 250 form a single, unitary padded structure that includes a row of zipper teeth 252 disposed continuously around an inner portion of the padded members 250. In one embodiment, the padded members 250 are permanently attached to the upper horizontal frame members 102 during the manufacturing process and configured to bend and fold with the upper horizontal frame members 102 as they are collapsed or expanded. In another embodiment, the padded members 250 are configured to be secured to the upper horizontal frame members 102 by a user (e.g., by wrapping the padded members 250 around the upper horizontal frame members 102 and securing them in place with fasteners, such as snaps, buckles, zippers, or Velcro). For example, in one embodiment, the padded members 250 are attached to the liner 200 and configured to be wrapped around and secured to the upper horizontal frame members 102. In addition, in various embodiments, the padded members 250 may comprise a number of separate, individually secured components (as opposed to the single, unitary structure of Figure 12). Further, in certain embodiments, the unpadded members having the same or similar structure to the padded members 250 may be used with, or in place of, the padded members 250. 
<!-- EPO <DP n="16"/>-->
 Next, as shown in Figure 13, each of the frame's retention members 108 are disengaged from their respective retention member fasteners 114 and pivoted away from the vertical frame members 106 to an inward receiving orientation. Each of the sleeves 208 of the liner 200 are then slid over respective retention members 108 (e.g., by inserting the upper end of the retention member 108 into lower opening 210 of the sleeve 208 and pulling the sleeve 208 downward). As shown in Figure 14, each sleeve 208 is moved downward until its lower opening 210 is positioned adjacent the lower end of its respective retention member 108. In embodiments in which the retention members 108 are fixed to the vertical frame members 106, each retention member 108 may be flexed to its inward receiving orientation to receive the sleeves 208. In embodiments in which the retention members 108 are detachable from the frame 100, each retention member 108 may be detached from the frame 100, inserted through a liner sleeve 208, and subsequently reattached to the frame 100 in the retaining orientation. </p><p id="p0071" num="0071"> Figure 15 illustrates one of the engagement members 117 when its respective retention member 108 is fully inserted through the sleeve 208 and is still in the inward receiving orientation. As can be seen in Figure 15, when the retention members 108 are fully inserted into the sleeves 108, their respective engagement members 117 will extend just above the upper openings 209 of the sleeves 208. This prevents the sleeves 208 from being caught in any component of the retention member fasteners 114. </p><p id="p0072" num="0072"> Next, as shown in Figure 16, the engagement member 117 of each retention member 108 is retracted (e.g., by pushing the engagement member downward) and its respective retention member 108 is pivoted back into the retaining orientation. The engagement member 117 is then permitted to extend into the cavity 116 of the retention member fastener 114, thereby securing the retention member 108 in the retaining orientation. In other embodiments, the engagement member 117 is not retractable and is configured to be inserted into the cavity 116 with force applied by a user (e.g., via a cam-like motion). As a result of performing these steps for each of the sleeves 208 and retention members 108, the sidewalls 202 and floor panel 204 of the liner 200 will be held in tension between the various retention members 108. In addition, in the illustrated embodiment, when the retention members 108 are fully inserted through the sleeves 208 and positioned in the retaining orientation, the sleeves 208 remain out of contact with the vertical frame 
<!-- EPO <DP n="17"/>-->
 members 106, thereby reducing the amount of friction and wear applied to the sleeves 208. </p><p id="p0073" num="0073"> As can be seen in Figure 16, when the retention member 108 are secured in their retaining orientation, the zipper teeth 252 of the padded members 250 and the zipper teeth disposed along the upper perimeter 206 of the liner 200 are positioned proximate to one another. Accordingly, as shown in Figure 17, the zipper teeth 252 of the padded members 250 and the zipper teeth disposed along the upper perimeter 206 of the liner 200 are engaged with each other by a zipper 260. By fully engaging the zipper teeth, the upper perimeter 206 of the liner 200 is secured to the padded members 250 and thereby to the upper horizontal frame members 102 as well. This provides additional support to secure the sidewalls 202 of the liner 200 in a substantially upright, vertical position around the perimeter of the play yard. </p><p id="p0074" num="0074"> Next, as shown in Figure 18, the flap panel 212 of the liner 200 is lifted over the upper horizontal frame members 102 and padded members 250 and pulled downward adjacent the outer sides of the sidewalls 202. As shown, the flap panel 212 includes flap fasteners 218 disposed adjacent corner regions along its outer edge 216. The flap fasteners 218 are configured to engage flap mating fasteners 219 positioned on an outer portion of the vertical frame members 106. Accordingly, as shown in Figure 19, the flap fasteners 218 are next engaged with the flap mating fasteners 219, thereby securing the flap panel 212 over the upper horizontal frame members 102 and padded members 250, and down the sides of the sidewalls 202 and vertical frame members 106. By securing the flap panel 212 in this manner, the flap panel fully covers all components of the frame 100 accessible from the interior of the play yard and provides a safety barrier between a child positioned within the play yard and the various frame components. </p><p id="p0075" num="0075"> As shown in Figures 20 and 21, in one embodiment, the flap fastener 218 comprises a fastening member 228 having a rigid protrusion, while the flap mating fastener 219 comprises a receiving member 229 having a cavity configured to receive the rigid protrusion of the fastening member 228 in order to secure the flap panel 212. In another embodiment, as shown in Figures 22 and 23, the flap fastener 218 comprises a first Velcro strap 238, and the flap mating fastener 219 comprises a second Velcro strap 239 configured to engage the first Velcro strap 238 in order the secure the flap panel 212. As will be appreciated from the 
<!-- EPO <DP n="18"/>-->
 description herein, the flap fastener 218 and flap mating fastener 219 may be comprised of any other suitable fasteners, including— but not limited to— snaps, buckles, and hook and loop combinations. </p><p id="p0076" num="0076"> Next, as shown in Figure 24, the floor panel 204 of the liner 200 is secured to the lower horizontal frame members 104 by floor panel fasteners 270. According to various embodiments, the floor panel fasteners 270 may comprise any suitable fasteners, such as straps or loops engaged by Velcro, snaps, buckles, or a D-ring. In addition, according to various embodiments, any number of floor panel fasteners 270 may be provided in order to secure the floor panel 204 to various portions of the frame 100, including— but not limited to— the lower connecting members 112 and various lower horizontal frame members 104. </p><p id="p0077" num="0077"> Finally, a mattress pad 300 may be placed on top of the floor panel 104 in order to provide a comfortable, supportive surface for a child. As shown in Figure 25, in one embodiment, the mattress pad 300 is comprised of a number of padded panels 302 foldably attached to one another and, together, dimensioned to fit within the interior of the play yard. According to various embodiments, the mattress pad 300 may include any number of fasteners configured to secure the mattress pad 300 to the play yard. For example, in the illustrated embodiment of Figure 25, the mattress pad 300 includes a plurality of Velcro patches 304 positioned at the corners of the mattress pad 300. In one embodiment, corresponding Velcro patches are disposed on the upper surface of the floor panel 204 in order to mate with the Velcro patches 304 and secure the mattress pad 300. In addition, the mattress pad 300 may further include a removable, washable slipcover. </p><p id="p0078" num="0078"> Figure 26 illustrates a play yard 10 comprised of the frame 100 and liner</p><p id="p0079" num="0079">200, and assembled according to the steps described herein. As shown, the liner's sidewalls 202 are supported in tension by the retention members 108 (not visible) and define a substantially vertical, rectangular boundary around the perimeter of the play yard 10. In addition, the flap panel 212 is shown in its secured state preventing access to frame components from the interior of the play yard 10. </p><p id="p0080" num="0080"> As will be appreciated from the description herein, various modifications may be made to the play yard and play yard assembly method described herein while remaining within the scope of the present inventions. For example, in certain embodiments, the zipper teeth 252 of the padded members 250 and zipper 
<!-- EPO <DP n="19"/>-->
 teeth disposed along the upper perimeter 206 of the liner 200 may be comprised of multiple segments of zipper teeth disposed at particular locations around the upper perimeter 206, rather than around the entire perimeter 206. In various other embodiments, other types of fasteners— such as snaps, buckles, or Velcro— may be used to secure the upper perimeter 206 of the liner 200 to the padded members 250 (e.g., in place of the aforementioned zipper teeth). In addition, in other embodiments, the padded members may be attached directly to the liner 200 and configured to be wrapped and secured around the upper horizontal frame members 102. In other embodiments, fasteners may be disposed directly on the upper horizontal frame members 102 and configured to engage fasteners disposed along the upper perimeter 206 of the liner 200. </p><p id="p0081" num="0081"> In addition, various other embodiments of the liner 200 may be secured to frame retention members 108 in a variety of ways. For example, Figure 28 illustrates one embodiment in which the retention members 108 are fully detachable from the frame 100 and secured to the vertical frame member 106 by being inserted through an upper frame aperture 605 and into a lower frame depression 606. In the illustrated embodiment, the liner 200 may be secured to the retention members 108 by moving a retention member 108 into a receiving orientation above the frame 100, positioning a liner sleeve 208 between the upper frame aperture 605 and lower frame depression 606, and moving the retention member 108 through the aperture 605, through the sleeve 208, and into a retaining orientation in which the retention member's lower end is engaged within the depression 606 and the retention member's upper end is secured within the aperture 605. </p><p id="p0082" num="0082"> As another example, Figure 29 illustrates one embodiment in which the liner 200 includes a plurality of liner apertures 610 (e.g., grommets) defined along the length of a tab 611 connected to the liner 200, In the illustrated embodiment, the liner apertures 610 are dimensioned such that a retention member 108 may be inserted through the apertures 610. As such, the liner 200 may be secured to the retention member 108 by moving the retention member 108 into a receiving orientation, connecting the tab 611 to the retention member 108 by sliding the apertures 610 over the retention member 108, and moving the retention member 108 into a retaining orientation. In other embodiments the apertures 610 may be defined on the sidewalls 202 of the liner 200 (e.g., a lower aperture may be defined 
<!-- EPO <DP n="20"/>-->
 proximate a lower edge of a liner sidewall and an upper aperture may be defined proximate an upper edge of the liner sidewall above the lower aperture). </p><p id="p0083" num="0083"> As yet another example, Figure 30 illustrates one embodiment in which the retention members 108 define a longitudinal channel 620 configured to receive one or more engagement members 621 positioned longitudinally along an edge (or tab) of the liner 200. In the illustrated embodiment, the liner 200 may be secured to the retention member 108 by moving the retention member 108 into a receiving orientation, sliding the engagement members 621 into the channel 620 such that an edge of the liner 200 is disposed adjacent the retention member 608, and moving the retention member 108 into a retaining orientation. In addition, as yet another example, Figure 31 illustrates one embodiment in which a first row of zipper teeth 630 is disposed along the length of a retention member 108 (e.g., zipper teeth secured to fabric secured around the retention member 108) and a second row of zipper teeth 631 is disposed longitudinally along an edge of the liner 200 (e.g., disposed along the sidewalls 202 of the liner 200, or along a tab extending from the sidewalls 202). In the illustrated embodiment, the liner 200 may be secured to the retention member 108 by moving the retention member 108 into a receiving orientation, engaging the first row of zipper teeth 630 and second row of zipper teeth 631 with a zipper 632, and moving the retention member 108 into a retaining orientation. </p><p id="p0084" num="0084"> In addition, according to various embodiments, the liner 200 may not include a flap panel 212 or a floor panel 204. In such embodiments, the above described steps of securing the flap panel 212 and floor panel 204 may be skipped. In addition, in embodiments in which the liner 200 does not include a floor panel, the mattress pad 300 may be secured directly to the lower horizontal frame members 104 using suitable fasteners. In addition, as will be appreciated from the description herein, various steps in the method for securing the liner 200 to the frame 100 described herein may be modified or omitted, and new steps may be added, in accordance with the various liner and frame embodiments described herein. 
<!-- EPO <DP n="21"/>-->
 Play Yard Frame with Removable Upper Frame Members </p><p id="p0085" num="0085"> Figure 32 illustrates a play yard frame 500 according to one embodiment. According to various embodiments, the frame 500 includes the various features of the frame 100 described above, but does not include those relating to the retention members 108. For example, in the illustrated embodiment, the frame 500 includes a plurality of upper horizontal frame members 502, a plurality of lower horizontal frame members 504, and four vertical frame members 506. As shown, the upper horizontal frame members 502 are connected at the corners of the frame 500 to upper connecting members 515. </p><p id="p0086" num="0086"> According to various embodiments, the upper connecting members 515 are configured to be selectively secured to upper ends of the vertical frame members 506. For example, in one embodiment, the upper connecting members 515 include a fastening device controlled by a latch or button permitting a user to selectively lock or unlock the various upper connecting members 515 to the vertical frame members 506. As such, by unlocking the upper connecting members 515 from the vertical frame members 506, a user may easily remove all of the upper horizontal frame members 502 from the frame 500. </p><p id="p0087" num="0087"> In various embodiments, the frame 500 is configured to receive a play yard liner substantially similar to the liner 200 described above. For example, in one embodiment the liner may include sleeves dimensioned to slide over the vertical frame members 506. In such an embodiment, a user may remove the upper horizontal frame members 502 from the frame 500, slide the liner sleeves over the vertical frame members 506, and further secure the liner to the frame 500 using any suitable method described herein in relation to the frame 100 and liner 200. As noted above, the frame 500 and its respective liner may include various other aspects of the frame 100 and liner 200 described above. For example, the frame 500 may be configured to collapse in the manner of the frame 100. In addition, in other embodiments, the frame 500 may include a single, unitary upper horizontal frame member. 
<!-- EPO <DP n="22"/>-->
 Conclusion </p><p id="p0088" num="0088"> Many modifications and other embodiments of the inventions set forth herein will come to mind to one skilled in the art to which these inventions pertain having the benefit of the teachings presented in the foregoing descriptions and the associated drawings. Therefore, it is to be understood that the inventions are not to be limited to the specific embodiments disclosed and that modifications and other embodiments are intended to be included within the scope of the appended claims. Although specific terms are employed herein, they are used in a generic and descriptive sense only and not for purposes of limitation. 
</p></description><claims mxw-id="PCLM44726451" ref-ucid="WO-2012115677-A1" lang="EN" load-source="patent-office"><claim-statement><!-- EPO <DP n="23"/>-->THAT WHICH IS CLAIMED: </claim-statement><claim id="clm-0001" num="1"><claim-text>1. A children's play yard comprising: </claim-text><claim-text> a play yard frame comprising: </claim-text><claim-text> one or more lower horizontal frame members; </claim-text><claim-text> one or more vertical frame members attached to said lower horizontal frame members, wherein at least a portion of said vertical frame members extends upwardly from said lower horizontal frame members; and </claim-text><claim-text> more movable retention members operatively connected to said vertical frame members and configured to move between an inward receiving orientation and a retaining orientation; and </claim-text><claim-text> a removable play yard liner comprising: </claim-text><claim-text> one or more sidewalls; and </claim-text><claim-text> one or more sleeves defined vertically along said sidewalls, said sleeves configured to slide over said moveable retention members; </claim-text><claim-text> wherein said sidewalls of said play yard liner extend between said retention members of said play yard frame and define a bounded area within said play yard when said vertical sleeves are positioned over said retention members and said retention members are positioned in said retaining orientation. </claim-text></claim><claim id="clm-0002" num="2"><claim-text>2. The play yard of Claim 1 , wherein said moveable retention members include a lower end pivotally connected to one of said vertical frame members in order to permit said moveable retention members to pivot between said inward receiving orientation and said retaining orientation. </claim-text></claim><claim id="clm-0003" num="3"><claim-text>3. The play yard of Claim 1 , wherein: </claim-text><claim-text> said moveable retention members include a lower end connected to one of said vertical frame members; and </claim-text><claim-text> said moveable retention members are constructed from a resilient material and are configured to resiliently deflect from said retaining orientation to said inward receiving orientation. <!-- EPO <DP n="24"/>--> </claim-text></claim><claim id="clm-0004" num="4"><claim-text>4. The play yard of Claim 1 , wherein said play yard frame further comprises one or more retention member fasteners, said retention member fasteners configured to selectively secure said retention members in said retaining orientation. </claim-text></claim><claim id="clm-0005" num="5"><claim-text>5. The play yard of Claim 1 , wherein: </claim-text><claim-text> said moveable retention members include a lower end removably connected to one of said vertical frame members; and </claim-text><claim-text> said moveable retention members are permitted to move between said inward receiving orientation and said retaining orientation when connected to said vertical frame members. </claim-text></claim><claim id="clm-0006" num="6"><claim-text>6. The play yard of Claim 1 , wherein said moveable retention members are removably connected to said vertical frame members. </claim-text></claim><claim id="clm-0007" num="7"><claim-text>7. The play yard of Claim 1, wherein said retention members are positioned relative to said vertical frame members such that a play yard liner sleeve positioned on one of said retention members is spaced from a corresponding one of said vertical frame members when said retention member is in said retaining orientation. </claim-text></claim><claim id="clm-0008" num="8"><claim-text>8. The play yard of Claim 1 , wherein said play yard frame further comprises one or more upper horizontal frame members defining an upper perimeter of said play yard frame. </claim-text></claim><claim id="clm-0009" num="9"><claim-text>9. The play yard of Claim 8, wherein: </claim-text><claim-text> said one or more sidewalls define an upper perimeter of said play yard liner; </claim-text><claim-text> said play yard frame further comprises one or more frame fasteners operatively connected to said upper perimeter of said play yard frame; </claim-text><claim-text> said play yard liner further comprises one or more liner fasteners operatively connected to said upper perimeter of said play yard liner; and <!-- EPO <DP n="25"/>--> said one or more frame fasteners are configured to engage said one or more liner fasteners to removably secure said upper perimeter of said play yard liner to said upper perimeter of said play yard frame. </claim-text></claim><claim id="clm-0010" num="10"><claim-text>10. The play yard of Claim 9, wherein: </claim-text><claim-text> said one or more frame fasteners comprise a first row of zipper teeth disposed on one or more padded members secured to said upper horizontal frame members; </claim-text><claim-text> said one or more liner fasteners comprise a second row of zipper teeth disposed along the upper perimeter of said play yard liner; and </claim-text><claim-text> said play yard further comprises one or more zippers configured for engaging said first row of zipper teeth and said second row of zipper teeth to removably secure said upper perimeter of said play yard liner to said upper perimeter of said play yard frame. </claim-text></claim><claim id="clm-0011" num="11"><claim-text>11. The play yard of Claim 1 , wherein said play yard liner is constructed from a flexible, machine-washable material. </claim-text></claim><claim id="clm-0012" num="12"><claim-text>12. The play yard of Claim 1 , wherein: </claim-text><claim-text> said play yard liner further comprises a floor panel; and </claim-text><claim-text> said sidewalls of said play yard liner extend upwardly from a perimeter of said floor panel and surround said floor panel. </claim-text></claim><claim id="clm-0013" num="13"><claim-text>13. The play yard of Claim 1, wherein said play yard further comprises a removable mattress panel configured to fit within said sidewalls of said play yard liner and configured to be supported by said lower horizontal frame members. </claim-text></claim><claim id="clm-0014" num="14"><claim-text>14. The play yard of Claim 8, wherein: </claim-text><claim-text> said one or more sidewalls define an upper perimeter of said play yard liner; </claim-text><claim-text> said play yard liner further comprises at least one flap panel having an inner edge and an outer edge, wherein: </claim-text><claim-text> said inner edge of said flap panel is disposed adjacent said upper perimeter of said play yard liner; <!-- EPO <DP n="26"/>--> said flap panel is configured to extend over upper portions of said upper horizontal frame members and around outer side portions of said upper horizontal frame members; </claim-text><claim-text> said flap panel includes one or more flap fasteners positioned adjacent said outer edge of said flap panel; and </claim-text><claim-text> said play yard frame further comprises one or more flap mating fasteners positioned on outer portions of said vertical frame members, said flap mating fasteners configured to engage said flap fasteners to secure said outer edge of said flap panel to said outer portions of said vertical frame members. </claim-text></claim><claim id="clm-0015" num="15"><claim-text>15. The play yard of Claim 1, wherein said play yard frame is configured for being collapsed. </claim-text></claim><claim id="clm-0016" num="16"><claim-text>16. The play yard of Claim 8, wherein: </claim-text><claim-text> said one or more upper horizontal frame members comprise a plurality of upper horizontal frame members pivotably coupled to one another such that said upper horizontal frame members may collapse in a downward direction; and </claim-text><claim-text> said one or more lower horizontal frame members comprise a plurality of lower horizontal frame members pivotably coupled to one another such that said lower horizontal frame members may collapse in an upward direction. </claim-text></claim><claim id="clm-0017" num="17"><claim-text>17. A method for securing a removable play yard liner to a play yard frame, said method comprising: </claim-text><claim-text> setting up a play yard frame to have one or more vertical frame members and one or more retention members; </claim-text><claim-text> orienting said one or more retention members from a retaining orientation to a receiving orientation inward from said one more vertical frame members; orienting a play yard liner having one or more sidewalls and one or more sleeves such that the sleeves are generally adjacent one or more respective retention members; </claim-text><claim-text> sliding said one or more sleeves over said retention members; and reorienting said one or more retention members to said retaining orientation such that said sidewalls of said play yard liner extend between said retention members of said play yard frame and define a bounded area within said play yard. <!-- EPO <DP n="27"/>--> </claim-text></claim><claim id="clm-0018" num="18"><claim-text>18. The method of Claim 17, further comprising the step of engaging play yard frame retention fasteners to secure said one or more retention members in said retaining orientation. </claim-text></claim><claim id="clm-0019" num="19"><claim-text>19. The method of Claim 17, further comprising the step of engaging one or more play yard frame fasteners with one or more play yard liner fasteners to removably secure an upper perimeter of said play yard liner to an upper perimeter of said play yard frame. </claim-text></claim><claim id="clm-0020" num="20"><claim-text>20. The method of Claim 19, wherein the step of engaging one or more play yard frame fasteners with one or more play yard liner fasteners comprises the step of: </claim-text><claim-text> engaging with one or more zippers a first row of zipper teeth with a second row of zipper teeth, wherein said first row of zipper teeth is disposed on one or more padded members secured to one or more upper horizontal frame members of said play yard frame and said second row of zipper teeth is disposed along an upper perimeter of said play yard liner. </claim-text></claim><claim id="clm-0021" num="21"><claim-text>21. The method of Claim 17, further comprising the steps of: </claim-text><claim-text> positioning at least one flap panel over upper portions of one or more upper horizontal frame members of said play yard frame and around outer side portions of said upper horizontal frame members; </claim-text><claim-text> securing one or more flap fasteners with one or more flap mating fasteners, wherein said one or more flap fasteners are positioned adjacent an outer edge of said flap panel and said one or more flap mating fasteners are positioned on outer portions of said one or more vertical frame members. </claim-text></claim><claim id="clm-0022" num="22"><claim-text>22. A children's play yard comprising: </claim-text><claim-text> a play yard frame comprising: </claim-text><claim-text> one or more lower horizontal frame members; </claim-text><claim-text> one or more vertical frame members attached to said lower horizontal frame members; and </claim-text><claim-text> one or more upper horizontal frame members defining at least a portion of an upper perimeter of said play yard, wherein said <!-- EPO <DP n="28"/>--> upper horizontal frame members are configured to be removably secured to upper ends of said vertical frame members thereby permitting said upper horizontal frame members to be removed from said play yard frame; </claim-text><claim-text> a removable play yard liner comprising: </claim-text><claim-text> one or more sidewalls; and </claim-text><claim-text> one or more sleeves disposed vertically along said sidewalls, said sleeves configured to slide over said vertical frame members; wherein said sidewalls of said play yard liner extend between said vertical frame members of said play yard frame and define a bounded area within said play yard when said vertical sleeves are positioned over said vertical frame members. </claim-text></claim><claim id="clm-0023" num="23"><claim-text>23. The play yard of Claim 22, wherein: </claim-text><claim-text> said one or more upper horizontal frame members comprise a plurality of upper horizontal frame members connected by joint members disposed between adjacent upper horizontal frame members; and </claim-text><claim-text> said joint members are configured to be removably secured to upper ends of said one or more vertical frame members thereby permitting said upper horizontal frame members and said joint members to be removed from said play yard frame. </claim-text></claim><claim id="clm-0024" num="24"><claim-text>24. The play yard of Claim 22, wherein: </claim-text><claim-text> said one or more sidewalls define an upper perimeter of said play yard liner; </claim-text><claim-text> said play yard frame further comprises one or more frame fasteners operatively connected to said upper perimeter of said play yard frame; </claim-text><claim-text> said play yard liner further comprises one or more liner fasteners operatively connected to said upper perimeter of said play yard liner; and </claim-text><claim-text> said one or more frame fasteners are configured to engage said one or more liner fasteners to removably secure said upper perimeter of said play yard liner to said upper perimeter of said play yard frame. <!-- EPO <DP n="29"/>--> </claim-text></claim><claim id="clm-0025" num="25"><claim-text>25. The play yard of Claim 24, wherein: </claim-text><claim-text> said one or more frame fasteners comprise a first row of zipper teeth disposed on one or more padded members secured to said upper horizontal frame members; </claim-text><claim-text> said one or more liner fasteners comprise a second row of zipper teeth disposed along the upper perimeter of said play yard liner; and </claim-text><claim-text> said play yard further comprises one or more zippers configured for engaging said first row of zipper teeth and said second row of zipper teeth to removably secure said upper perimeter of said play yard liner to said upper perimeter of said play yard frame. </claim-text></claim><claim id="clm-0026" num="26"><claim-text>26. The play yard of Claim 22, wherein said play yard liner is constructed from a flexible, machine-washable material. </claim-text></claim><claim id="clm-0027" num="27"><claim-text>27. The play yard of Claim 22, wherein: </claim-text><claim-text> said play yard liner further comprises a floor panel; and </claim-text><claim-text> said sidewalls of said play yard liner extend upwardly from a perimeter of said floor panel and surround said floor panel. </claim-text></claim><claim id="clm-0028" num="28"><claim-text>28. The play yard of Claim 22, wherein said play yard further comprises a removable mattress panel configured to fit within said sidewalls of said play yard liner and configured to be supported by said lower horizontal frame members. </claim-text></claim><claim id="clm-0029" num="29"><claim-text>29. The play yard of Claim 22, wherein said play yard frame is configured for being collapsed. </claim-text></claim><claim id="clm-0030" num="30"><claim-text>30. The play yard of Claim 22, wherein: </claim-text><claim-text> said one or more upper horizontal frame members comprise a plurality of upper horizontal frame members pivotably coupled to one another such that said upper horizontal frame members may collapse in a downward direction; and said one or more lower horizontal frame members comprise a plurality of lower horizontal frame members pivotably coupled to one another such that said lower horizontal frame members may collapse in an upward direction. <!-- EPO <DP n="30"/>--> </claim-text></claim><claim id="clm-0031" num="31"><claim-text>31. A children's play yard comprising: </claim-text><claim-text> a play yard frame comprising: </claim-text><claim-text> one or more lower horizontal frame members; </claim-text><claim-text> one or more vertical frame members attached to said lower horizontal frame members, wherein at least a portion of said vertical frame members extends upwardly from said lower horizontal frame members; and </claim-text><claim-text> one or more movable retention members operatively connected to said vertical frame members and configured to move between a receiving orientation and a retaining orientation; and a removable play yard liner comprising: </claim-text><claim-text> one or more sidewalls; and </claim-text><claim-text> one or more engagement features configured to engage said one or more moveable retention members; </claim-text><claim-text> wherein said sidewalls of said play yard liner extend between said moveable retention members of said play yard frame and define a bounded area within said play yard when said engagement features are engaged with said retention members and said retention members are positioned in said retaining orientation. </claim-text></claim><claim id="clm-0032" num="32"><claim-text>32. The play yard of Claim 31 , wherein said moveable retention members include a lower end pivotally connected to one of said vertical frame members in order to permit said moveable retention members to pivot between said receiving orientation and said retaining orientation. </claim-text></claim><claim id="clm-0033" num="33"><claim-text>33. The play yard of Claim 31 , wherein: </claim-text><claim-text> said moveable retention members include a lower end connected to one of said vertical frame members; and </claim-text><claim-text> said moveable retention members are constructed from a resilient material and are configured to resiliently deflect from said retaining orientation to said receiving orientation. <!-- EPO <DP n="31"/>--> </claim-text></claim><claim id="clm-0034" num="34"><claim-text>34. The play yard of Claim 31 , wherein: </claim-text><claim-text> said moveable retention members are removably connected to said vertical frame members; and </claim-text><claim-text> said moveable retention members are permitted to be oriented in said receiving orientation when removed from said vertical frame members and permitted to be oriented in said retaining orientation when attached to said vertical frame members. </claim-text></claim><claim id="clm-0035" num="35"><claim-text>35. The play yard of Claim 31 , wherein said play yard frame further comprises one or more retention member fasteners, said retention member fasteners configured to selectively secure said retention members in said retaining orientation. </claim-text></claim><claim id="clm-0036" num="36"><claim-text>36. The play yard of Claim 31 , wherein: </claim-text><claim-text> said one or more retention members define at least one longitudinal channel; </claim-text><claim-text> said one or more engagement features comprise one or more channel engagement members configured to be inserted into said longitudinal channel in order to engage said one or more retention members. </claim-text></claim><claim id="clm-0037" num="37"><claim-text>37. The play yard of Claim 31 , wherein said one or more engagement features comprise one or more apertures defined on said play yard liner, said one or more apertures being dimensioned to permit said one or more retention members to be inserted through said apertures in order to engage said retention members. </claim-text></claim><claim id="clm-0038" num="38"><claim-text>38. The play yard of Claim 31 , wherein: </claim-text><claim-text> said one or more engagement features comprise a first row of zipper teeth; and </claim-text><claim-text> said one or more retention members include a second row of zipper teeth configured to engage said first row of zipper teeth in order to engage said retention members. <!-- EPO <DP n="32"/>--> </claim-text></claim><claim id="clm-0039" num="39"><claim-text>39. The play yard of Claim 31 , wherein: </claim-text><claim-text> said one or more engagement features comprise one or more sleeves defined vertically along said sidewalls, said sleeves configured to slide over said moveable retention members in order to engage said retention members. </claim-text></claim><claim id="clm-0040" num="40"><claim-text>40. The play yard of Claim 31 , wherein: </claim-text><claim-text> said play yard frame further comprises one or more upper horizontal frame members defining an upper perimeter of said play yard frame; and </claim-text><claim-text> said vertical frame members are configured to support said upper horizontal frame members in a spaced apart relationship with said lower horizontal frame members. </claim-text></claim><claim id="clm-0041" num="41"><claim-text>41. A children's play yard comprising: </claim-text><claim-text> a play yard frame comprising: </claim-text><claim-text> one or more lower horizontal frame members; </claim-text><claim-text> one or more vertical frame members attached to said lower horizontal frame members, wherein at least a portion of said vertical frame members extends upwardly from said lower horizontal frame members; and </claim-text><claim-text> one or more retention members operatively connected to said vertical frame members; and </claim-text><claim-text> a removable play yard liner comprising: </claim-text><claim-text> one or more sidewalls; and </claim-text><claim-text> one or more engagement features configured to engage said one or more retention members; </claim-text><claim-text> wherein said sidewalls of said play yard liner extend between said moveable retention members of said play yard frame and define a bounded area within said play yard when said engagement features are engaged with said retention members. </claim-text></claim></claims><copyright>User acknowledges that Fairview Research LLC and its third party providers retain all right, title and interest in and to this xml under applicable copyright laws.  User acquires no ownership rights to this xml including but not limited to its format.  User hereby accepts the terms and conditions of the Licence Agreement</copyright></patent-document>
