<?xml version="1.0" encoding="UTF-8"?>
<patent-document ucid="EP-2958861-A1" country="EP" doc-number="2958861" kind="A1" date="20151230" family-id="47833438" file-reference-id="315734" date-produced="20180822" status="corrected" lang="EN"><bibliographic-data><publication-reference fvid="160453817" ucid="EP-2958861-A1"><document-id><country>EP</country><doc-number>2958861</doc-number><kind>A1</kind><date>20151230</date><lang>EN</lang></document-id></publication-reference><application-reference ucid="EP-13708042-A" is-representative="NO"><document-id mxw-id="PAPP193870602" load-source="patent-office" format="original"><country>EP</country><doc-number>13708042.0</doc-number><date>20130222</date><lang>EN</lang></document-id><document-id mxw-id="PAPP193870603" load-source="docdb" format="epo"><country>EP</country><doc-number>13708042</doc-number><kind>A</kind><date>20130222</date><lang>EN</lang></document-id></application-reference><priority-claims><priority-claim mxw-id="PPC162030822" ucid="US-2013027411-W" linkage-type="A" load-source="docdb"><document-id format="epo"><country>US</country><doc-number>2013027411</doc-number><kind>W</kind><date>20130222</date></document-id></priority-claim></priority-claims><technical-data><classifications-ipcr><classification-ipcr mxw-id="PCL-1988520154" load-source="docdb">C02F   3/10        20060101AFI20140905BHEP        </classification-ipcr><classification-ipcr mxw-id="PCL-1988520290" load-source="docdb">C02F   3/20        20060101ALI20140905BHEP        </classification-ipcr></classifications-ipcr><classifications-cpc><classification-cpc mxw-id="PCL-1873968568" load-source="docdb" scheme="CPC">Y02W  10/15        20150501 LA20161128BHEP        </classification-cpc><classification-cpc mxw-id="PCL-1873968569" load-source="docdb" scheme="CPC">C02F2203/00        20130101 LA20161128BHEP        </classification-cpc><classification-cpc mxw-id="PCL-1873968570" load-source="docdb" scheme="CPC">C02F   3/208       20130101 LI20161128BHEP        </classification-cpc><classification-cpc mxw-id="PCL-1873968571" load-source="docdb" scheme="CPC">C02F   3/102       20130101 LI20161128BHEP        </classification-cpc><classification-cpc mxw-id="PCL-1984701595" load-source="docdb" scheme="CPC">C02F   3/30        20130101 FI20160107BHEP        </classification-cpc><classification-cpc mxw-id="PCL-1984702348" load-source="docdb" scheme="CPC">C02F  11/02        20130101 LI20160107BHEP        </classification-cpc></classifications-cpc><invention-title mxw-id="PT165552917" lang="DE" load-source="patent-office">ABWASSERBEHANDLUNG MIT MEMBRANBELÜFTETEM BIOFILM UND FAULANLAGE</invention-title><invention-title mxw-id="PT165552918" lang="EN" load-source="patent-office">WASTEWATER TREATMENT WITH MEMBRANE AERATED BIOFILM AND ANAEROBIC DIGESTER</invention-title><invention-title mxw-id="PT165552919" lang="FR" load-source="patent-office">TRAITEMENT DES EAUX USÉES AVEC BIOFILM AÉRÉ SUR MEMBRANE ET DIGESTEUR ANAÉROBIE</invention-title></technical-data><parties><applicants><applicant mxw-id="PPAR1103316557" load-source="docdb" sequence="1" format="epo"><addressbook><last-name>GEN ELECTRIC</last-name><address><country>US</country></address></addressbook></applicant><applicant mxw-id="PPAR1103308878" load-source="docdb" sequence="1" format="intermediate"><addressbook><last-name>GENERAL ELECTRIC COMPANY</last-name></addressbook></applicant><applicant mxw-id="PPAR1101647278" load-source="patent-office" sequence="1" format="original"><addressbook><last-name>General Electric Company</last-name><iid>101373338</iid><address><street>1 River Road</street><city>Schenectady, NY 12345</city><country>US</country></address></addressbook></applicant></applicants><inventors><inventor mxw-id="PPAR1103314853" load-source="docdb" sequence="1" format="epo"><addressbook><last-name>COTE PIERRE LUCIEN</last-name><address><country>CA</country></address></addressbook></inventor><inventor mxw-id="PPAR1103317548" load-source="docdb" sequence="1" format="intermediate"><addressbook><last-name>COTE, PIERRE LUCIEN</last-name></addressbook></inventor><inventor mxw-id="PPAR1101650170" load-source="patent-office" sequence="1" format="original"><addressbook><last-name>COTE, PIERRE LUCIEN</last-name><address><street>26 Tally-Ho Drive</street><city>Dundas, Ontario L9H 3M6</city><country>CA</country></address></addressbook></inventor></inventors><agents><agent mxw-id="PPAR1101644391" load-source="patent-office" sequence="1" format="original"><addressbook><last-name>Lee, Brenda</last-name><suffix>et al</suffix><iid>101502582</iid><address><street>GE International Inc. Global Patent Operation - Europe The Ark 201 Talgarth Road Hammersmith</street><city>London W6 8BJ</city><country>GB</country></address></addressbook></agent></agents></parties><international-convention-data><pct-or-regional-filing-data ucid="US-2013027411-W"><document-id><country>US</country><doc-number>2013027411</doc-number><kind>W</kind><date>20130222</date><lang>EN</lang></document-id></pct-or-regional-filing-data><pct-or-regional-publishing-data ucid="WO-2014130042-A1"><document-id><country>WO</country><doc-number>2014130042</doc-number><kind>A1</kind><date>20140828</date><lang>EN</lang></document-id></pct-or-regional-publishing-data><designated-states><ep-contracting-states><country mxw-id="DS660759532" load-source="docdb">AL</country><country mxw-id="DS660735194" load-source="docdb">AT</country><country mxw-id="DS660759534" load-source="docdb">BE</country><country mxw-id="DS660643385" load-source="docdb">BG</country><country mxw-id="DS660642169" load-source="docdb">CH</country><country mxw-id="DS660724323" load-source="docdb">CY</country><country mxw-id="DS660735203" load-source="docdb">CZ</country><country mxw-id="DS660725151" load-source="docdb">DE</country><country mxw-id="DS660724324" load-source="docdb">DK</country><country mxw-id="DS660724325" load-source="docdb">EE</country><country mxw-id="DS660646794" load-source="docdb">ES</country><country mxw-id="DS660643386" load-source="docdb">FI</country><country mxw-id="DS660643391" load-source="docdb">FR</country><country mxw-id="DS660759543" load-source="docdb">GB</country><country mxw-id="DS660724326" load-source="docdb">GR</country><country mxw-id="DS660759544" load-source="docdb">HR</country><country mxw-id="DS660735204" load-source="docdb">HU</country><country mxw-id="DS660642170" load-source="docdb">IE</country><country mxw-id="DS660759545" load-source="docdb">IS</country><country mxw-id="DS660643392" load-source="docdb">IT</country><country mxw-id="DS660724331" load-source="docdb">LI</country><country mxw-id="DS660725152" load-source="docdb">LT</country><country mxw-id="DS660735205" load-source="docdb">LU</country><country mxw-id="DS660725153" load-source="docdb">LV</country><country mxw-id="DS660725154" load-source="docdb">MC</country><country mxw-id="DS660795155" load-source="docdb">MK</country><country mxw-id="DS660795156" load-source="docdb">MT</country><country mxw-id="DS660646799" load-source="docdb">NL</country><country mxw-id="DS660643393" load-source="docdb">NO</country><country mxw-id="DS660646800" load-source="docdb">PL</country><country mxw-id="DS660642183" load-source="docdb">PT</country><country mxw-id="DS660646801" load-source="docdb">RO</country><country mxw-id="DS660642184" load-source="docdb">RS</country><country mxw-id="DS660646802" load-source="docdb">SE</country><country mxw-id="DS660642185" load-source="docdb">SI</country><country mxw-id="DS660795157" load-source="docdb">SK</country><country mxw-id="DS660795158" load-source="docdb">SM</country><country mxw-id="DS660724332" load-source="docdb">TR</country></ep-contracting-states><ep-extended-states><ep-extended-state-data><country>BA</country></ep-extended-state-data><ep-extended-state-data><country>ME</country></ep-extended-state-data></ep-extended-states></designated-states></international-convention-data><office-specific-data><eptags><ep-no-a-document-published>*</ep-no-a-document-published></eptags></office-specific-data></bibliographic-data><abstract mxw-id="PA139073785" ref-ucid="WO-2014130042-A1" lang="EN" load-source="patent-office"><p num="0000">A wastewater treatment system (10) is disclosed having a first solid- liquid separation unit (20), a membrane aerated biofilm (MABR) reactor (22), a second solid-liquid separation unit (24) and an anaerobic digester (16). Waste sludges (54) from the solid-liquid separation units (20, 24) are treated in the anaerobic digester. The solid-liquid separation unit preferable comprises a micro- sieve. The treatment system may also comprise an aerated contact tank with a hydraulic retention time of 6 hours or less. Optionally, the MABR may comprise a membrane filtration unit.</p></abstract><abstract mxw-id="PA139541434" ref-ucid="WO-2014130042-A1" lang="EN" source="national office" load-source="docdb"><p>A wastewater treatment system (10) is disclosed having a first solid- liquid separation unit (20), a membrane aerated biofilm (MABR) reactor (22), a second solid-liquid separation unit (24) and an anaerobic digester (16). Waste sludges (54) from the solid-liquid separation units (20, 24) are treated in the anaerobic digester. The solid-liquid separation unit preferable comprises a micro- sieve. The treatment system may also comprise an aerated contact tank with a hydraulic retention time of 6 hours or less. Optionally, the MABR may comprise a membrane filtration unit.</p></abstract><abstract mxw-id="PA139073786" ref-ucid="WO-2014130042-A1" lang="FR" load-source="patent-office"><p num="0000">L'invention concerne un système de traitement des eaux usées (10) comprenant une première unité de séparation solide-liquide (20), un réacteur à biofilm aéré sur membrane (MABR) (22), une deuxième unité de séparation solide-liquide (24) et un digesteur anaérobie (16). Des boues de déchets (54) des unités de séparation solide-liquide (20, 24) sont traitées dans le digesteur anaérobie. L'unité de séparation solide-liquide comprend de préférence un micro-tamis. Le système de traitement peut également comprendre un bassin de contact aéré avec un temps de rétention hydraulique inférieur ou égal à 6 heures. Facultativement, le MABR peut comprendre une unité de filtration à membrane.</p></abstract><abstract mxw-id="PA139541435" ref-ucid="WO-2014130042-A1" lang="FR" source="national office" load-source="docdb"><p>L'invention concerne un système de traitement des eaux usées (10) comprenant une première unité de séparation solide-liquide (20), un réacteur à biofilm aéré sur membrane (MABR) (22), une deuxième unité de séparation solide-liquide (24) et un digesteur anaérobie (16). Des boues de déchets (54) des unités de séparation solide-liquide (20, 24) sont traitées dans le digesteur anaérobie. L'unité de séparation solide-liquide comprend de préférence un micro-tamis. Le système de traitement peut également comprendre un bassin de contact aéré avec un temps de rétention hydraulique inférieur ou égal à 6 heures. Facultativement, le MABR peut comprendre une unité de filtration à membrane.</p></abstract><description mxw-id="PDES78477070" ref-ucid="WO-2014130042-A1" lang="EN" load-source="patent-office"><!-- EPO <DP n="2"/>--><p id="p0001" num="0001"> WASTEWATER TREATMENT WITH MEMBRANE AERATED BIQFILM AND ANAEROBIC </p><p id="p0002" num="0002"> DIGESTER FIELD </p><p id="p0003" num="0003"> [0001] This specification relates to wastewater treatment. </p><p id="p0004" num="0004">BACKGROUND </p><p id="p0005" num="0005"> [0002] A conventional activated sludge wastewater treatment system has a primary clarifier followed by one or more tanks in which mixed liquor is maintained under aerobic, anoxic or anaerobic conditions by modifying the amount of air bubbled into the tanks. Mixed liquor leaving these tanks is treated in a second clarifier or with a membrane to produce an effluent and activated sludge. Some of the activated sludge is returned to the process tanks. In some plants, the remainder of the activated sludge is thickened and then sent to an anaerobic digester with sludge from the primary clarifier. </p><p id="p0006" num="0006">INTRODUCTION TO THE INVENTION </p><p id="p0007" num="0007"> [0003] A wastewater treatment system is described in this specification having a first solid-liquid separation unit, a membrane aerated biofilm (MABR) reactor and an anaerobic digester. Influent, for example screened and degritted municipal sewage, flows through the first solid-liquid separation unit to the MABR. Sludges from the first solid-liquid separation unit and the MABR flow to the anaerobic digester. The MABR is preferably a hybrid reactor which comprises a membrane-supported biofilm and suspended biomass in a tank followed by a solid-liquid separation unit with sludge recycle. The first solid-liquid separation unit is preferably a micro-sieve. The wastewater treatment system may also comprise an aeration tank. </p><p id="p0008" num="0008"> [0004] A wastewater treatment process is described in this specification in which wastewater is treated to produce a first sludge and a first effluent. The first effluent is contacted with membrane aerated biofilms and separated to produce a second sludge and a second effluent. Optionally, this separation step may comprise membrane filtration. Waste portions of the first sludge and the second sludge are treated by way of anaerobic digestion. The waste portions of the first sludge and the second sludge divert significant portions of the 
<!-- EPO <DP n="3"/>-->
 total suspended solids and chemical oxygen demand of the wastewater to the anaerobic digester. </p><p id="p0009" num="0009">BRIEF DESCRIPTION OF THE FIGURES </p><p id="p0010" num="0010">[0005] Figure 1 is a process flow diagram of a first wastewater treatment system. </p><p id="p0011" num="0011"> [0006] Figure 2 is a process flow diagram of a second wastewater treatment system. </p><p id="p0012" num="0012"> [0007] Figure 3 is a process flow diagram of a third wastewater treatment system. </p><p id="p0013" num="0013">DETAILED DESCRIPTION </p><p id="p0014" num="0014">[0008] Figure 1 shows a wastewater treatment system 10. The system 10 has an upstream treatment unit 12, a membrane aerated biofilm reactor (MABR) 14, and an anaerobic digester 16. The upstream treatment unit 12 has an aeration tank 18 followed by a first solid-liquid separation device 20. MABR 14 has a process tank 22 followed by a second solid-liquid separation device 24. Optionally, the system 10 may also have a sludge dewatering unit 26. </p><p id="p0015" num="0015"> [0009] Figure 2 shows a second wastewater treatment system 30. The second system 30 has the components listed above for the system 10 as well as a third solid-liquid separation device 32 in the upstream treatment unit 12. However, unlike the system 10, the first solid-liquid separation device 20 is upstream of the aeration tank 18. The third solid- liquid separation device 32 is downstream of the aeration tank 18 but upstream of the MABR 14. </p><p id="p0016" num="0016"> [0010] Figure 3 shows a third wastewater treatment system 70. The third wastewater treatment system 70 has the components listed above for the system 10 as well as, optionally, an anoxic tank 19. However, unlike the system 10, the first solid-liquid separation device 20 is upstream of the aeration tank 18. Unlike the second system 30, there is no third solid-liquid separation device 32. However, as will be described further below, the second-solid liquid separation device 24 in the MABR 14 cooperates with the aeration tank 18 and can be considered to be also part of the upstream treatment unit 12. Alternatively or additionally, the aeration tank 18 and any anoxic tank 19 may be considered as part of the MABR 14. </p><p id="p0017" num="0017"> [0011] Suitable conduits, inlets and outlets allow for the flow of liquids to, from and within the systems 10, 30, 70. Influent 52 may be municipal sewage or another type of raw wastewater. The influent 52 preferably passes through one or more pre-treatment steps (not 
<!-- EPO <DP n="4"/>-->
 shown) before entering the system 10, 30, 70 as pre-treated wastewater. For example, the influent 52 may be screened or de-gritted or both. Screening may be done with a coarse screen, for example with openings in the range of 3 to 6 mm. De-gritting may be done, for example, in a vortex unit. </p><p id="p0018" num="0018">[0012] The first solid-liquid separation unit 20 is preferably a micro-sieve, alternatively referred to as a micro-screen or a micro-strainer. A micro-sieve operates by using well defined apertures, typically in a sheet form material, to block particles. The material may be in the form of an endless belt, a rotating drum, or rotating discs. The apertures typically have a size in the range from 10-1000 microns, or 50-350 microns, measured as the diameter of a circle of equivalent area for non-circular openings. Commercial examples include rotating belt sieves by Salsnes or M2R, rotating disc filters by Estuagua and rotating drum filters by Passavant Geiger. </p><p id="p0019" num="0019"> [0013] The type of device used for the second solid-liquid separation unit 24 is not critical. Although Figure 1 shows the second solid liquid separation device 24 as a membrane filter whiles Figure 2 and 3 show a gravity settler, either type of device, or another suitable solid-liquid separation device, may be used in any of the systems 10, 30, 70. </p><p id="p0020" num="0020">[0014] The type of device used for the third solid-liquid separation unit 32 is also not critical. In the second system 30 as shown in Figure 2, the third solid-liquid separation unit 32 is a gravity settler. </p><p id="p0021" num="0021">[0015] The first solid-liquid separation unit 20 produces a waste sludge 54 and a sieved influent 48. The waste sludge 54 is treated in the anaerobic digester 16. The sieved influent 48 is treated in any remainder of the upstream treatment unit 12 or the MABR 14. The first solid-liquid separation unit 20 may also treat waste sludge from the second solid- liquid separation device 24 or any third solid-liquid separation device 32 or both. </p><p id="p0022" num="0022">Alternatively, one or more of these waste sludges may be sent directly, or through another thickener, to the anaerobic digester 16. </p><p id="p0023" num="0023"> [0016] A micro-sieve, when used as the first solid-liquid separation device 20, removes a substantial amount of particulate and colloidal chemical oxygen demand (COD) to the anaerobic digester 16. The micro-sieve preferably removes at least 50%, for example 50 - 80%, of the total suspended solids (TSS) in water flowing into it to the anaerobic digester 16. The micro-sieve also preferably removes at least 40%, for example 40 - 80%, of the COD or biological oxygen demand (BOD) of the water flowing into it to the anaerobic digester 16. This increases the amount of COD that is digested anaerobically relative to a 
<!-- EPO <DP n="5"/>-->
 conventional activated sludge process. Diverting COD to the anaerobic digester 16 decreases the energy consumption of the wastewater treatment process. A micro-sieve also functions to remove trash and fibers that might otherwise interfere with downstream membranes, either gas transfer membranes or filtering membranes. </p><p id="p0024" num="0024">[0017] A preferred type of micro-sieve is a rotating belt sieve (RBS). Suitable RBS units are available, for example, from Salsnes or M2R. The RBS may be equipped with an auger downstream of a screening surface but ahead of a sludge outlet. The auger allows concentrating sludge to a TSS concentration of 10% or more or 15% or more. Waste sludge at a TSS concentration of 10% or more and can be fed directly into an anaerobic digester 16 without pre-thickening. </p><p id="p0025" num="0025"> [0018] A coagulant 58 may be added to the influent to the first solid-liquid separation device 20. The coagulant 58, for example a polymer, alum or ferric chloride, helps remove COD as well as phosphorus from the influent 52 particularly when a micro-sieve is used. A coagulant 58 may also be added in the MABR 14 upstream of the second solid-liquid separation unit 24 to polish the effluent 42, for example to remove residual phosphorous. </p><p id="p0026" num="0026">[0019] The aeration tank 18 of the systems 10, 30, 70 receives influent 52 or sieved influent 48 and at least one form of returned sludge. In the first system 10, a primary return sludge 66 is extracted from the waste sludge 54 and sent to the aeration tank 18. In the second system 30, a primary return sludge 66 is extracted from a primary sludge 62 produced by the third solid-liquid separation device 32. The primary return sludge 66 is sent to the aeration tank 18 while the remaining primary waste sludge 64 is sent to the first solid- liquid separation unit 20. In the third system 70, the aeration tank 18 receives return activate sludge 44 extracted from activated sludge 38. Remaining waste activated sludge 46 is sent to the first solid-liquid separation unit 20. Optionally, the primary return sludge 66 or return activated sludge 44 may be aerated in a second aeration tank or zone of the aeration tank 18 that does not receive influent 52 or sieved influent 48 before flowing to the aeration tank 18. </p><p id="p0027" num="0027">[0020] The aeration tank 18 preferably has a hydraulic retention time (HRT) of 6 hours or less, for example in the range of 0.2 to 3 hours. The sludge retention time (SRT), alternatively called solids retention time, of the aeration tank 18 is preferably 6 days or less, or 3 days or less. In the third system 70, the combination of the aeration tank 18 and the anoxic tank 19 preferably has an HRT of 6 hours or less, for example in the range of 0.2 to 3 hours, and an SRT of 6 days or less, or 3 days or less. 
<!-- EPO <DP n="6"/>-->
 [0021] Air 50 is added to the aeration tank 18 of the upstream treatment unit 12. In the aeration tank, colloidal organic matter from the influent 52 or sieved influent 48 attaches to biological floe provided by the sludge recycle. The aeration tank 18 may thereby function as a solids contact aeration unit, a short SRT activated sludge reactor or a contact stabilisation unit. The influent 52 or sieved influent 48 may be treated by solids contact aeration or contact stabilisation. </p><p id="p0028" num="0028"> [0022] In the first and second systems 10, 30, aeration tank effluent 60 is treated by a solid-liquid separation unit 20, 32 located directly after the aeration tank 18. Sludge from this adjacent solid-liquid separation unit 20, 32 provides primary return sludge 66 for recycle to the aeration tank 18. In the third system 70, aeration tank effluent 60 is fed to the process tank 22 of the MABR 14. Floe in the aeration tank effluent 60 is generally not digested in the process tank 22 because there is insignificant oxidation of the mixed liquor. However, the floe is removed in the second solid-liquid separation unit 24. The MABR 14 thereby functions as a replacement for an adjacent solid-liquid separation unit and the secondary return sludge 44 replaces the primary return sludge recycle to the aeration tank 18. </p><p id="p0029" num="0029"> [0023] The sieved effluent 48, a primary effluent 56, or aeration tank effluent 60 is treated further in the MABR 14. The MABR 14 comprises one or more gas transfer membrane modules immersed in the process tank 22. The membrane modules receive air 50 and are adapted for aerating a biofilm that, in use, becomes attached to the membrane surfaces. In use, the process tank 22 preferably has both a membrane-aerated biofilm and suspended biomass. The upstream treatment unit 12 removes a significant amount of carbon but other nutrients such as nitrogen are primarily removed in the MABR 14 due to the short SRT of the aeration tank 18. Nitrogen is removed in the MABR 14 by way of nitrification-denitrification process performed by bacteria present in the membrane attached biofilm and, preferably, suspended growth bacteria. While in theory a single membrane aerated biofilm can provide both nitrification and de-nitrification, it can be easier to control an MABR with suspended anaerobic biomass since in that case it is only necessary for the biofilm to support nitrifying bacteria. Some remaining suspended solids and COD are also removed in the MABR 14. </p><p id="p0030" num="0030">[0024] In the MABR 14, a gas, such as oxygen or air, is transported through the membrane directly to the membrane supported biofilm without the creation of bubbles. This method significantly reduces the energy required for gas transfer. Membrane biofilm reactors were recently reviewed by Martin and Nerenberg in "The membrane biofilm reactor 
<!-- EPO <DP n="7"/>-->
 (MBfR) for water and wastewater treatment: Principles, applications, and recent developments" (Bioresour. Technol. 2012). MABRs were reviewed by Syron and Casey in "Membrane-Aerated Biofilms for High Rate Biotreatment: Performance Appraisal, </p><p id="p0031" num="0031">Engineering Principles, Scale-up, and Development Requirements" (Environmental Science and Technology, 42(6): 1833-1844, 2008). US Patent Numbers 7, 169,295 and 7,294,259 describe MABRs and methods of operating them and are incorporated by reference. In examples, membranes are made from dense wall poly methyl pentene (PMP) hollow fiber membranes used in tows or formed into a fabric. The membranes are potted in modules to enable oxygen containing gas to be supplied to the lumens of the hollow fibers through a header. A biofilm grows on the outside of the fibers. </p><p id="p0032" num="0032"> [0025] The MABR 14 may be a plug flow reactor, a continuously stirred tank reactor</p><p id="p0033" num="0033">(CSTR), or comprise multiple CSTRs in series. Modules comprising oxygen transfer membranes are immersed in one or more process tanks 22. The modules are fed with oxygen or an oxygen containing gas such as air 50. Oxygen passes through the membrane wall to the attached biofilm. Aerobic reactions take place near the surface of the </p><p id="p0034" num="0034">membranes. These reactions include converting organic carbon compounds to carbon dioxide and water and converting ammonia to nitrite and nitrate. The surface of the biofilm is preferably maintained under anoxic conditions by limiting the amount of oxygen transferred such that conversion of nitrate to nitrogen can take place by denitrification by the external layers of the biofilm, in suspended biomass, or both. The mixed liquor outside of the biofilm, which preferably contains suspended bacteria growth, is anoxic. The result is simultaneous reduction of organic carbon, ammonia and total nitrogen. In cases where, as is preferred, the MABR 14 has sludge recycle to the process tank 22 and the process tank 22 contains suspended biomass in use, the MABR 14 may be called a hybrid reactor. </p><p id="p0035" num="0035">[0026] Air 50 is preferably provided to the membranes by flow through the membranes to an exhaust. In a flow through mode of operation, some nitrogen may also be removed as ammonia in the exhaust gas. The thickness of the biofilm is controlled, for example by periodic coarse bubble scouring or mechanical mixers. Coarse bubbles or mechanical mixers can also be used continuously or intermittently to mix the process tank 22. Coarse bubbles can be made from air or from exhaust from the membrane modules. </p><p id="p0036" num="0036"> [0027] Mixed liquor 40 leaving the process tank 22 is separated into activated sludge</p><p id="p0037" num="0037">38 and the plant effluent 42. The plant effluent 42 may be discharged or re-used, optionally after further polishing steps. Activated sludge 38 is divided into a return activated sludge 44 
<!-- EPO <DP n="8"/>-->
 and a waste activated sludge 46. Return activated sludge 44 is recycled to the process tank 22 directly or, in the third system 70, to through the aerobic tank 18 and optionally also through the anoxic tank 19. </p><p id="p0038" num="0038"> [0028] Optionally, mixed liquor 40 may also be recycled to the upstream end of the process tank 22 or, in the third system 70, to the anoxic tank 19 or aerobic tank 18. If the process tank 22 is not completely mixed, the mixed liquor 40 at the downstream end of the process tank 22 has less ammonia and more nitrate than mixed liquor at the upstream end of the process tank 22. Recycling the mixed liquor 40 can help improve total nitrogen removal. In the third system 70, the mixed liquor 40 also provides some of the oxygen used in the anoxic tank 19 or aerobic tank 18. In the third system 70, only one of the mixed liquor 40 and return activated sludge 44 is required to be recycled to the anoxic tank 19 or aerobic tank 18. The other of these two streams may also be recycled to the anoxic tank 19 or aerobic tank 18 or it may be recycled only to the upstream end of the process tank 22. </p><p id="p0039" num="0039">[0029] Waste activated sludge 46 is sent to the anaerobic digester 16. Waste activated sludge 46 can flow directly or through the first solid-liquid separation device 20 to the digester 16. In the system 10, the second solid-liquid separation device 24 is preferably an ultrafiltration or microfiltration membrane system but a gravity settler may be used. In the second system 30, the second solid-liquid separation device 24 is preferably a gravity settler but a membrane filtration system may be used. In the third system 70, the second solid- liquid separation device 24 may be a gravity settler or membrane filtration system. </p><p id="p0040" num="0040"> [0030] The MABR 14 provides biological nitrogen removal from the remainder of the influent 52 that passes through the upstream treatment unit 12. Since the upstream treatment unit removes suspended and some colloidal matter, contaminants in the remainder of the influent 52 are primarily soluble. The membrane aerated biofilm of the MABR 14 has an aerobic zone and nitrifies the remainder of the influent 52. The mixed liquor in the MABR 14 includes an anoxic zone and provides denitrification and some further COD removal. Oxygen is preferably provided in the MABR 14 essentially through the membrane aerated biofilm. Any coarse bubble aeration for biofilm control or mixing provides minimal oxygen transfer and can be deemed not to provide oxygen to the MABR 14. </p><p id="p0041" num="0041">[0031] The anaerobic digester 16 may comprise, for example, one or more covered mixed tanks. Digester sludge 72 from the anaerobic digester 16 is preferably dewatered in the sludge dewatering unit 26 to produce dewatered sludge 34. The dewatered sludge 34 may be disposed of or treated further. The sludge dewatering unit 26 may be, for example, a 
<!-- EPO <DP n="9"/>-->
 centrifuge, screw thickener or filter press. A digester sludge liquid portion 36 is rich in COD and ammonia and may be sent to the MABR 14 for further treatment and to provide a further carbon source for the MABR 14. </p><p id="p0042" num="0042"> [0032] In the systems 10, 30, 70, suspended solids (SS) and COD may be diverted from the influent 52 to the anaerobic digester 16 by the upstream treatment unit 12 for example using a micro-sieve, such as a rotating belt sieve (RBS) with an outlet auger. In the system 10, the micro-sieve is used downstream of the aeration tank 18 and integrated with a recycle loop involving the aeration tank 18. In this way, floe with attached colloidal matter is removed in the micro-sieve. In the second system 30, the micros-sieve is the first unit process after pre-treatment and is followed by the aeration tank 18 which may operate to some extent as part of a solids contact aeration device with floe removed in another solid- liquid separation unit. In the third system 70, the micro-sieve is also the first unit process after pre-treatment. A downstream aeration tank 18 operates as part of a solids contact device with floe removed in the MABR 14, in particular in the second solid-liquid separation unit 24. </p><p id="p0043" num="0043"> [0033] Overall, systems 10, 30, 70 are likely to be more energy efficient than a conventional activated sludge process. This is because a greater amount of COD is diverted to anaerobic digestion, because the membrane module in the MABR 14 can supply most of the air needed for aerobic treatment while using less energy than bubbling, or both. The MABR 14 can remove nitrogen without the addition of an external source of carbon since soluble COD in effluent from the upstream treatment unit 12, and optionally from the anaerobic digester 16, is available for denitrification. </p><p id="p0044" num="0044"> [0034] A mass and energy balance calculated for designs for a typical 5 MGD</p><p id="p0045" num="0045">(18,925 m3/d) plant are presented in Tables 1 to 4. The oxygen requirement for the systems 10, 30, 70 is 33% lower than a conventional activated sludge membrane bioreactor (MBR) primarily because a larger portion of the COD is diverted to anaerobic digestion (Table 1 ). Biogas produced in the anaerobic digester is assumed to be converted into electricity in a combined heat and power (CHP) unit comprising, for example, a biogas fired engine driving an electrical generator. The amount of sludge converted to electricity is 16% greater in the systems 10, 30, 70 based on the assumption that 35% of the energy value of biogas is converted to electricity in the CHP unit (Table 2). The electrical energy demand for all unit processes is less for the systems 10, 30, 70 when compared to a conventional MBR. The key benefit of the MABR is its ability to transfer oxygen efficiently. MABRs typically transfer 
<!-- EPO <DP n="10"/>-->
 5-15 kg 0<sub>2</sub> / kWh (8 kg 0<sub>2</sub> / kWh) in comparison to 1-2 kg 0<sub>2</sub> / kWh for air bubbling systems. The net total electrical energy consumption for the systems 10, 30, 70 is lower than for the conventional MBR. With the third system 70, a small amount of net energy production appears possible. Theses energy balances does not take into account useable heat produced by the CHP unit. </p><p id="p0046" num="0046">Table 1 Oxygen Mass balance </p><p id="p0047" num="0047"><img id="imgf000010_0001" he="56" wi="152" file="imgf000010_0001.tif" img-format="tif" img-content="table" orientation="portrait" inline="yes"/></p><p id="p0048" num="0048">Table 2 Sludge and electricity production </p><p id="p0049" num="0049"><img id="imgf000010_0002" he="51" wi="150" file="imgf000010_0002.tif" img-format="tif" img-content="table" orientation="portrait" inline="yes"/><!-- EPO <DP n="11"/>--></p><p id="p0050" num="0050">Table 3 Electrical energy demand for all unit processes </p><p id="p0051" num="0051"><img id="imgf000011_0001" he="117" wi="150" file="imgf000011_0001.tif" img-format="tif" img-content="table" orientation="portrait" inline="yes"/><!-- EPO <DP n="12"/>--></p><p id="p0052" num="0052">Table 4 Flowsheet total electrical energy balance </p><p id="p0053" num="0053"><img id="imgf000012_0001" he="92" wi="152" file="imgf000012_0001.tif" img-format="tif" img-content="table" orientation="portrait" inline="yes"/></p><p id="p0054" num="0054">[0035] This written description uses examples to disclose the invention and also to enable any person skilled in the art to practice the invention, including making and using any devices or systems and performing any incorporated methods. The patentable scope of the invention is defined by the claims, and may include other examples that occur to those skilled in the art. 
</p></description><claims mxw-id="PCLM70077337" ref-ucid="WO-2014130042-A1" lang="EN" load-source="patent-office"><claim id="clm-0001" num="1"><!-- EPO <DP n="13"/>--><claim-text/><claim-text>CLAIMS: </claim-text><claim-text>I claim: 1. A wastewater treatment system comprising, </claim-text><claim-text> a) a first solid-liquid separation device; </claim-text><claim-text> b) a membrane aerated biofilm reactor; </claim-text><claim-text> c) a second solid-liquid separation device; and, </claim-text><claim-text> d) an anaerobic digester, </claim-text><claim-text> wherein, </claim-text><claim-text> e) the membrane aerated biofilm reactor is downstream of the first solid-liquid separation unit; </claim-text><claim-text> f) the second solid-liquid separation unit is downstream of the membrane aerated biofilm reactor; and, </claim-text><claim-text> g) sludge outlets from each of the first solid-liquid separation unit and the second solid-liquid separation unit are connected to the anaerobic digester. </claim-text></claim><claim id="clm-0002" num="2"><claim-text>2. The wastewater treatment system of claim 1 wherein the first solid-liquid separation device comprises a micro-sieve. </claim-text></claim><claim id="clm-0003" num="3"><claim-text>3. The wastewater treatment system of claim 1 or 2 further comprising an aeration tank upstream of the membrane aerated biofilm reactor. </claim-text></claim><claim id="clm-0004" num="4"><claim-text>4. The wastewater treatment system of claim 3 wherein the aeration tank is adapted to operate with a solids retention time of 6 days or less. </claim-text></claim><claim id="clm-0005" num="5"><claim-text>5. The wastewater treatment system of claim 3 or 4 wherein the aeration tank is adapted to operate with a hydraulic retention time of 6 hours or less. </claim-text></claim><claim id="clm-0006" num="6"><claim-text>6. The wastewater treatment system of any of claims 3 to 5 further comprising a sludge recycle line connected to the aeration tank or a point upstream of the aeration tank. 
<!-- EPO <DP n="14"/>-->
</claim-text></claim><claim id="clm-0007" num="7"><claim-text>7. The wastewater treatment system of any of claims 3 to 6 wherein the first solid-liquid separation device is upstream of the aeration tank. </claim-text></claim><claim id="clm-0008" num="8"><claim-text>8. The wastewater treatment system of claim 7 further comprising a third solid-liquid separation device downstream of the aeration tank. </claim-text></claim><claim id="clm-0009" num="9"><claim-text>9. The wastewater treatment system of any of claims 3 to 6 further comprising an anoxic tank upstream of the aerobic tank. </claim-text></claim><claim id="clm-0010" num="10"><claim-text>10. The wastewater treatment system of claim 9 further comprising a recycle line from a downstream end of the membrane aerated biofilm reactor to the anoxic tank or a point upstream of the anoxic tank. </claim-text></claim><claim id="clm-0011" num="11"><claim-text>1 1 . The wastewater treatment system of any of claims 1 to 9 further comprising a recycle line from a downstream end of the membrane aerated biofilm reactor to an upstream end of the membrane aerated biofilm reactor or a point upstream of the upstream end of the membrane aerated biofilm reactor. </claim-text></claim><claim id="clm-0012" num="12"><claim-text>12. The wastewater treatment system of any of claims 1 to 1 1 further comprising a sludge recycle line from the second solid-liquid separation device to the membrane aerated biofilm reactor or a point upstream of the membrane aerated biofilm reactor. </claim-text></claim><claim id="clm-0013" num="13"><claim-text>13. The wastewater treatment system of any of claims 1 to 12 wherein the second solid- liquid separation device comprises a membrane filtration unit. </claim-text></claim><claim id="clm-0014" num="14"><claim-text>14. The wastewater treatment system of any of claims 1 to 13 wherein the sludge outlet from the second solid-liquid separation unit is connected to the anaerobic digester via the first solid-liquid separation unit. </claim-text></claim><claim id="clm-0015" num="15"><claim-text>15. A wastewater treatment process comprising steps of, </claim-text><claim-text> a) treating wastewater to produce a first sludge and a first effluent; </claim-text><claim-text> b) treating the first effluent with a membrane aerated biofilm so as to produce a second sludge and a second effluent; and, 
<!-- EPO <DP n="15"/>-->
 c) treating waste portions of the first sludge and the second sludge by way of anaerobic digestion, </claim-text><claim-text> wherein, </claim-text><claim-text> d) at least 50% of the total suspended solids and at least 40% of the chemical oxygen demand of the wastewater are removed to the anaerobic digester; </claim-text><claim-text> e) step a) comprises micro-sieving the wastewater; or, </claim-text><claim-text> f) the wastewater treatment process further comprises a step of aerating the wastewater for 6 hours or less. </claim-text></claim><claim id="clm-0016" num="16"><claim-text>16. The wastewater treatment process of claim 15 wherein step a) comprises micro- sieving the wastewater. </claim-text></claim><claim id="clm-0017" num="17"><claim-text>17. The wastewater treatment process of claim 15 or 16 comprising a step of solids contact aeration or contact stabilization. </claim-text></claim><claim id="clm-0018" num="18"><claim-text>18. The wastewater treatment process of any of claims 15 to 17 wherein step b) comprises steps of solid-liquid separation to produce the second sludge and recycling a portion of the second sludge to a process tank containing the membrane aerated biofilm. </claim-text></claim><claim id="clm-0019" num="19"><claim-text>19. The wastewater treatment process of claim 18 wherein the solid-liquid separation step comprises membrane filtration. </claim-text></claim><claim id="clm-0020" num="20"><claim-text>20. The wastewater treatment process of any of claims 15 to 19 further comprising steps of recycling second effluent to an anoxic tank upstream of an aerobic tank. 
</claim-text></claim></claims><copyright>User acknowledges that Fairview Research LLC and its third party providers retain all right, title and interest in and to this xml under applicable copyright laws.  User acquires no ownership rights to this xml including but not limited to its format.  User hereby accepts the terms and conditions of the Licence Agreement</copyright></patent-document>
