<?xml version="1.0" encoding="UTF-8"?>
<patent-document ucid="EP-2958571-A1" country="EP" doc-number="2958571" kind="A1" date="20151230" family-id="50179593" file-reference-id="299493" date-produced="20180825" status="corrected" lang="EN"><bibliographic-data><publication-reference fvid="160453629" ucid="EP-2958571-A1"><document-id><country>EP</country><doc-number>2958571</doc-number><kind>A1</kind><date>20151230</date><lang>EN</lang></document-id></publication-reference><application-reference ucid="EP-14706539-A" is-representative="NO"><document-id mxw-id="PAPP193870226" load-source="docdb" format="epo"><country>EP</country><doc-number>14706539</doc-number><kind>A</kind><date>20140221</date><lang>EN</lang></document-id><document-id mxw-id="PAPP193870227" load-source="patent-office" format="original"><country>EP</country><doc-number>14706539.5</doc-number><date>20140221</date><lang>EN</lang></document-id></application-reference><priority-claims><priority-claim mxw-id="PPC162035932" ucid="EP-2014053397-W" linkage-type="W" load-source="docdb"><document-id format="epo"><country>EP</country><doc-number>2014053397</doc-number><kind>W</kind><date>20140221</date></document-id></priority-claim><priority-claim mxw-id="PPC162035132" ucid="US-201361767517-P" load-source="docdb"><document-id format="epo"><country>US</country><doc-number>201361767517</doc-number><kind>P</kind><date>20130221</date></document-id></priority-claim></priority-claims><technical-data><classifications-ipcr><classification-ipcr mxw-id="PCL-1988525264" load-source="docdb">A61K  31/7068      20060101AFI20140911BHEP        </classification-ipcr><classification-ipcr mxw-id="PCL-1988525324" load-source="docdb">A61P  35/00        20060101ALI20140911BHEP        </classification-ipcr><classification-ipcr mxw-id="PCL-1988526941" load-source="docdb">C07K  16/28        20060101ALI20140911BHEP        </classification-ipcr><classification-ipcr mxw-id="PCL-1988527408" load-source="docdb">A61K  39/395       20060101ALI20140911BHEP        </classification-ipcr></classifications-ipcr><classifications-cpc><classification-cpc mxw-id="PCL-1984696662" load-source="docdb" scheme="CPC">A61K  45/06        20130101 LI20160106BHEP        </classification-cpc><classification-cpc mxw-id="PCL-1984699038" load-source="docdb" scheme="CPC">A61K  31/706       20130101 FI20151231BHEP        </classification-cpc><classification-cpc mxw-id="PCL-1984704222" load-source="docdb" scheme="CPC">A61K2039/505       20130101 LA20151231BHEP        </classification-cpc><classification-cpc mxw-id="PCL-1984704360" load-source="docdb" scheme="CPC">A61K  39/39558     20130101 LI20151231BHEP        </classification-cpc><classification-cpc mxw-id="PCL-1987765257" load-source="docdb" scheme="CPC">A61K  31/7068      20130101 LI20140327BHEP        </classification-cpc></classifications-cpc><invention-title mxw-id="PT165552353" lang="DE" load-source="patent-office">DNA-HYPOMETHYLIERUNGSMITTEL ZUR KREBSTHERAPIE</invention-title><invention-title mxw-id="PT165552354" lang="EN" load-source="patent-office">DNA HYPOMETHYLATING AGENTS FOR CANCER THERAPY</invention-title><invention-title mxw-id="PT165552355" lang="FR" load-source="patent-office">AGENTS D'HYPOMÉTHYLATION DE L'ADN POUR THÉRAPIE ANTICANCÉREUSE</invention-title></technical-data><parties><applicants><applicant mxw-id="PPAR1103335989" load-source="docdb" sequence="1" format="epo"><addressbook><last-name>MAIO MICHELE</last-name><address><country>IT</country></address></addressbook></applicant><applicant mxw-id="PPAR1103317982" load-source="docdb" sequence="1" format="intermediate"><addressbook><last-name>Maio, Michele</last-name></addressbook></applicant><applicant mxw-id="PPAR1101641320" load-source="patent-office" sequence="1" format="original"><addressbook><last-name>Maio, Michele</last-name><iid>101477116</iid><address><street>Via Ugo Foscolo 7</street><city>33080 Roveredo in Piano (PN)</city><country>IT</country></address></addressbook></applicant><applicant mxw-id="PPAR1103340508" load-source="docdb" sequence="2" format="epo"><addressbook><last-name>COVRE ALESSIA</last-name><address><country>IT</country></address></addressbook></applicant><applicant mxw-id="PPAR1103340990" load-source="docdb" sequence="2" format="intermediate"><addressbook><last-name>COVRE, Alessia</last-name></addressbook></applicant><applicant mxw-id="PPAR1101646113" load-source="patent-office" sequence="2" format="original"><addressbook><last-name>Covre, Alessia</last-name><iid>101477117</iid><address><street>Via Gioberti 5</street><city>33010 Tavagnacco (UD)</city><country>IT</country></address></addressbook></applicant><applicant mxw-id="PPAR1103311781" load-source="docdb" sequence="3" format="epo"><addressbook><last-name>CORAL SANDRA</last-name><address><country>IT</country></address></addressbook></applicant><applicant mxw-id="PPAR1103303238" load-source="docdb" sequence="3" format="intermediate"><addressbook><last-name>CORAL, Sandra</last-name></addressbook></applicant><applicant mxw-id="PPAR1101641341" load-source="patent-office" sequence="3" format="original"><addressbook><last-name>Coral, Sandra</last-name><iid>101477118</iid><address><street>Via Francesco Petrarca 4</street><city>31040 Gorgo al Monticano (TV)</city><country>IT</country></address></addressbook></applicant></applicants><inventors><inventor mxw-id="PPAR1103320066" load-source="docdb" sequence="1" format="epo"><addressbook><last-name>MAIO MICHELE</last-name><address><country>IT</country></address></addressbook></inventor><inventor mxw-id="PPAR1103339080" load-source="docdb" sequence="1" format="intermediate"><addressbook><last-name>Maio, Michele</last-name></addressbook></inventor><inventor mxw-id="PPAR1101640767" load-source="patent-office" sequence="1" format="original"><addressbook><last-name>Maio, Michele</last-name><address><street>Via Ugo Foscolo 7</street><city>33080 Roveredo in Piano (PN)</city><country>IT</country></address></addressbook></inventor><inventor mxw-id="PPAR1103317919" load-source="docdb" sequence="2" format="epo"><addressbook><last-name>COVRE ALESSIA</last-name><address><country>IT</country></address></addressbook></inventor><inventor mxw-id="PPAR1103316634" load-source="docdb" sequence="2" format="intermediate"><addressbook><last-name>COVRE, Alessia</last-name></addressbook></inventor><inventor mxw-id="PPAR1101640823" load-source="patent-office" sequence="2" format="original"><addressbook><last-name>COVRE, Alessia</last-name><address><street>Via Gioberti 5</street><city>33010 Tavagnacco (UD)</city><country>IT</country></address></addressbook></inventor><inventor mxw-id="PPAR1103311669" load-source="docdb" sequence="3" format="epo"><addressbook><last-name>CORAL SANDRA</last-name><address><country>IT</country></address></addressbook></inventor><inventor mxw-id="PPAR1103325897" load-source="docdb" sequence="3" format="intermediate"><addressbook><last-name>CORAL, Sandra</last-name></addressbook></inventor><inventor mxw-id="PPAR1101642572" load-source="patent-office" sequence="3" format="original"><addressbook><last-name>CORAL, Sandra</last-name><address><street>Via Francesco Petrarca 4</street><city>31040 Gorgo al Monticano (TV)</city><country>IT</country></address></addressbook></inventor></inventors><agents><agent mxw-id="PPAR1101642932" load-source="patent-office" sequence="1" format="original"><addressbook><last-name>Capasso, Olga</last-name><suffix>et al</suffix><iid>100823244</iid><address><street>de Simone &amp; Partners S.p.A. Via Vincenzo Bellini, 20</street><city>00198 Roma</city><country>IT</country></address></addressbook></agent></agents></parties><international-convention-data><pct-or-regional-filing-data ucid="EP-2014053397-W"><document-id><country>EP</country><doc-number>2014053397</doc-number><kind>W</kind><date>20140221</date><lang>EN</lang></document-id></pct-or-regional-filing-data><pct-or-regional-publishing-data ucid="WO-2014128245-A1"><document-id><country>WO</country><doc-number>2014128245</doc-number><kind>A1</kind><date>20140828</date><lang>EN</lang></document-id></pct-or-regional-publishing-data><designated-states><ep-contracting-states><country mxw-id="DS660639354" load-source="docdb">AL</country><country mxw-id="DS660722400" load-source="docdb">AT</country><country mxw-id="DS660639368" load-source="docdb">BE</country><country mxw-id="DS660794215" load-source="docdb">BG</country><country mxw-id="DS660731561" load-source="docdb">CH</country><country mxw-id="DS660640872" load-source="docdb">CY</country><country mxw-id="DS660722401" load-source="docdb">CZ</country><country mxw-id="DS660644173" load-source="docdb">DE</country><country mxw-id="DS660640873" load-source="docdb">DK</country><country mxw-id="DS660640874" load-source="docdb">EE</country><country mxw-id="DS660721190" load-source="docdb">ES</country><country mxw-id="DS660794216" load-source="docdb">FI</country><country mxw-id="DS660794217" load-source="docdb">FR</country><country mxw-id="DS660639369" load-source="docdb">GB</country><country mxw-id="DS660640883" load-source="docdb">GR</country><country mxw-id="DS660639370" load-source="docdb">HR</country><country mxw-id="DS660722402" load-source="docdb">HU</country><country mxw-id="DS660731562" load-source="docdb">IE</country><country mxw-id="DS660639379" load-source="docdb">IS</country><country mxw-id="DS660794218" load-source="docdb">IT</country><country mxw-id="DS660640884" load-source="docdb">LI</country><country mxw-id="DS660644174" load-source="docdb">LT</country><country mxw-id="DS660722407" load-source="docdb">LU</country><country mxw-id="DS660644183" load-source="docdb">LV</country><country mxw-id="DS660644184" load-source="docdb">MC</country><country mxw-id="DS660755234" load-source="docdb">MK</country><country mxw-id="DS660755239" load-source="docdb">MT</country><country mxw-id="DS660722408" load-source="docdb">NL</country><country mxw-id="DS660721195" load-source="docdb">NO</country><country mxw-id="DS660722409" load-source="docdb">PL</country><country mxw-id="DS660644186" load-source="docdb">PT</country><country mxw-id="DS660722410" load-source="docdb">RO</country><country mxw-id="DS660644199" load-source="docdb">RS</country><country mxw-id="DS660722415" load-source="docdb">SE</country><country mxw-id="DS660644200" load-source="docdb">SI</country><country mxw-id="DS660731567" load-source="docdb">SK</country><country mxw-id="DS660731568" load-source="docdb">SM</country><country mxw-id="DS660755240" load-source="docdb">TR</country></ep-contracting-states><ep-extended-states><ep-extended-state-data><country>BA</country></ep-extended-state-data><ep-extended-state-data><country>ME</country></ep-extended-state-data></ep-extended-states></designated-states></international-convention-data><office-specific-data><eptags><ep-no-a-document-published>*</ep-no-a-document-published></eptags></office-specific-data></bibliographic-data><abstract mxw-id="PA139079899" ref-ucid="WO-2014128245-A1" lang="EN" load-source="patent-office"><p num="0000">The present invention relates to a method of treating and/or preventing cancer comprising administering a combination of an effective amount of a DNA hypomethylating agent and an effective amount of at least one immunomodulatory agent and/or optionally an effective amount of at least one targeted therapy agent.</p></abstract><abstract mxw-id="PA139546454" ref-ucid="WO-2014128245-A1" lang="EN" source="national office" load-source="docdb"><p>The present invention relates to a method of treating and/or preventing cancer comprising administering a combination of an effective amount of a DNA hypomethylating agent and an effective amount of at least one immunomodulatory agent and/or optionally an effective amount of at least one targeted therapy agent.</p></abstract><abstract mxw-id="PA139079900" ref-ucid="WO-2014128245-A1" lang="FR" load-source="patent-office"><p num="0000">L'invention concerne un procédé pour traiter et/ou prévenir le cancer, consistant à administrer une combinaison d'une dose efficace d'un agent d'hypométhylation de l'ADN et d'une dose efficace d'au moins un agent immunomodulateur et/ou éventuellement d'une dose efficace d'au moins un agent thérapeutique ciblé.</p></abstract><abstract mxw-id="PA139546455" ref-ucid="WO-2014128245-A1" lang="FR" source="national office" load-source="docdb"><p>L'invention concerne un procédé pour traiter et/ou prévenir le cancer, consistant à administrer une combinaison d'une dose efficace d'un agent d'hypométhylation de l'ADN et d'une dose efficace d'au moins un agent immunomodulateur et/ou éventuellement d'une dose efficace d'au moins un agent thérapeutique ciblé.</p></abstract><description mxw-id="PDES78478099" ref-ucid="WO-2014128245-A1" lang="EN" load-source="patent-office"><!-- EPO <DP n="2"/>--><p id="p0001" num="0001"> DNA hypomethylating agents for cancer therapy </p><p id="p0002" num="0002">Field of the invention </p><p id="p0003" num="0003"> The present invention relates to a method of treating and/or preventing cancer comprising administering a combination of an effective amount of a DNA hypomethylating agent and an effective amount of at least one immunomodulatory agent and/or optionally an effective amount of at least one targeted therapy agent. </p><p id="p0004" num="0004">Background art </p><p id="p0005" num="0005">Pre-clinical in vitro and in vivo evidences largely contributed to identify alterations in DNA methylation occurring in cancer cells, as a major mechanism impairing their immunogenicity and immune recognition. However, DNA hypomethylating agents (DHA) have been shown to be able to restore the altered immune profile of cancer cells, through a positive modulation of different immune molecules (e.g., Cancer Testis Antigens (CTA), HLA antigens, accessory/co-stimulatory molecules), directly involved in cellular and humoral immune recognition of cancer cells (Sigalotti L, et al. Semin Oncol. 2005;32:473-8; Coral S, et al. J Cell Physiol. 2006;207:58-66; Fratta E, et al. J Cell Physiol. 2010;223:352-8). These immunomodulatory properties of DHA strongly suggest for their potential clinical application in setting up novel therapeutic strategies in cancer, either when utilized as single agent, or in combination with different immunotherapeutic agents. Among these, the growing family of therapeutic immunomodulating monoclonal antibodies (mAb) represent optimal candidates for combination therapies with DHA. Several immunomodulating mAb that target cell membrane molecules expressed on immune cells are already available (e.g., anti-CTLA-4, - PD1, -PDL1, -CD137, OX-40, CD40) (Seminars in Oncology, 2010 37:429-547) and are being developed in clinical trials in different cancer histotypes. The prototype of these immunomodulating agents are the anti-CTLA-4 mAb that represent novel therapeutic tools that can be effectively utilized to up-regulate anti-cancer immune responses by blocking inhibitory pathways of T-cell activation (O'Day SJ, et al. Cancer 2007; 110:2614-2627). Blockade of CTLA-4 signaling has been shown to induce tumor rejection in animal models, (Leach D , et al. Science 1996;271 : 1734-1736; Weber J, Semin Oncol 2010;37:430-439) and has been proved effective in inducing long lasting clinical responses and improved survival in metastatic melanoma patients (Hodi FS, et al. N Engl J Med 2010;363:711-23; Di Giacomo A, et al. Cancer Immunol Immunother 2011;60:467-77). Based on its clinical activity the anti- CTLA-4 mAb ipilimumab (marketed under the name Yervoy®) has been approved by 
<!-- EPO <DP n="3"/>-->
 regulatory Agencies (FDA in 2011 and EMA in 2012) and is commercialized for the treatment of metastatic melanoma patients. Another anti-CTLA-4 mAb named tremelimumab is in clinical development in different solid tumors. Other immunotherapeutic mAb in clinical development are those that target the Programmed death 1 (PD-1) protein, a T-cell co- inhibitory receptor (Freeman GJ et al. J Exp Med 2000;192: 1027-34), or its counter-receptors PDL-1 and PDL-2 (Dong et al. Nat Med 2002;8:793-800; Latchman Y, et al. Nat Immunol 2001;2:261-8). Blockade of the interactions between PD-1 and PDL-1/-2 mediates antitumor activities in preclinical models (Iwai Y et al, Proc Natl Acad Sci USA 2002;99: 12293- 12297). In addition, early clinical trials are showing clinical activity of both anti-PD-1 and anti-PDL-1 mAb in patients with advanced cancers, including non-small-cell lung cancer, melanoma, and renal-cell cancer (Brahmer JR, et al. N Engl J Med. 2012 Jun 2; Topalian SL, et al. N EnglJ Med. 2012 Jun 2). Initial clinical trials are investigating the clinical potential of immunomodulating mAb that target other cell surface molecules expressed on immune cells such as CD137, OX-40, CD40 in solid and hemopoietic human malignancies (Seminars in Oncology, 2010 37:429-547). </p><p id="p0006" num="0006"> A new promising therapeutic approach for the treatment of cancer is represented by therapies targeting the BRAF/mitogen-activated protein kinase (MAPK) pathway (Flaherty KT Cancer 2010 Nov 1;116(21):4902-13). Mutations in BRAF have been detected in a variety of tumor types, with the highest incidence in melanoma (ranging from 27% to 70%) (Maldonado JL, et al. J Natl Cancer Inst 2003 Dec 17;95(24): 1878-90.). The identification of somatic mutations in BRAF, especially the V600E (Davies H, et al. Nature 2002 Jun 27;417(6892):949-54.), led to the development of highly selective BRAF inhibitors, which provoke effects on proliferation and apoptosis only in cells harboring BRAF mutations (Flaherty KT Cancer 2010 Nov 1;116(21):4902-13). Treatment with selective BRAF inhibitors resulted in a high initial response rate (ranging from 48% to 81%), but in a limited duration of response due to the development of resistance and disease progression. The molecular mechanisms of tumor resistance to BRAF inhibitors are being investigated, in order to develop therapeutic strategies for overcoming or preventing it. In colorectal cancer (CRC), the phosphoinositide3-kinase (PI3K)/AKT pathway is activated to a greater extent in BRAF<sup>mut</sup> CRC tumors, than in melanoma, and it is implicated in de novo and acquired resistance to BRAF inhibition (Mao et al Clin Cancer Res 2013; 19:657-667). PI3K inhibitors and demethylating agents (i.e., azacytidine) inhibit the PI3K pathway and synergize with BRAF inhibitors in growth inhibition of BRAF<sup>mut</sup> CRC cell line. Silencing of PTEN by methylation but also of other 
<!-- EPO <DP n="4"/>-->
 epigenetically-regulated proteins may account for the observed synergy (Mao et al Clin Cancer Res 2013; 19:657-667). </p><p id="p0007" num="0007">Summary of the invention </p><p id="p0008" num="0008">Building on the clinical efficacy of these new therapeutic tools, combinations with cytotoxic and targeted therapies, as well as with proteic vaccines are being investigated. Along this line, the authors took a completely different and new approach by investigating the clinical potential of immunomodulating monoclonal antibodies (mAb) as DHA. In fact, the authors reasoned that the demonstrated immunomodulatory potential of DHA could be effectively coupled with the anti-tumor action of immunomodulating mAb, thus comprehensively increasing the anti-tumor activity of each agent utilized alone. To provide experimental support to this hypothesis, the authors utilized a syngeneic murine cancer model to perform a pre-clinical evaluation of the anti-tumor activities of the DHA designated 5-aza-2'- deoxycytidine (5-AZA-CdR), administered in combination with different immunostimulatory mAb. A strong anti-tumor effect was induced by the combination therapy, and a direct involvement of host's immune response was demonstrated. The authors' in vivo evidences provide a strong scientific rationale for the development of new combined chemo (i.e., DHA)- immuno (i.e., immunomodulatory mAb) therapeutic approaches for cancer treatment. In addition, based on their immunomodulatory properties, novel combinations of DHA with other immunotherapeutic agents such as cancer vaccines, therapeutic cytokines, cellular therapies (including but not restricted to T cells, stem cells, dendritic cells, gene-modified and pharmacologically-modified immune and cancer cells) may generate more effective anticancer therapies. </p><p id="p0009" num="0009"> Further, DHA represent a useful therapeutic strategy to overcome resistance to BRAF inhibitors (Mao et al Clin Cancer Res 2013; 19:657-667). The limited duration of response to selective BRAF inhibitors may be overcome by combining BRAF/MAPK-targeted agents with immunotherapy. Along this line, evidence showed that the BRAF inhibitor, Vemurafenib exerts potent effects on BRAF<sup>mut</sup> cancer cells, leading to improved antigen presentation and recognition by anti-tumor T cells that appear to be associated with the up-regulation of tumor antigens and different molecules involved in MHC class I antigen processing and presentation pathways (Donia et al Oncoimmunology 2012; 1 :9, 1476-1483; Boni A, et al. Cancer Res 2010 Jul l ;70(13):5213-9). Thus, combinations of BRAF inhibitors with immunotherapy may be a rational direction to pursue in the melanoma therapy, in order to take advantage both of the rapid and high response rates of BRAF-inhibitors and of the long-lasting disease control 
<!-- EPO <DP n="5"/>-->
 of immunotherapeutic approaches (Boni A, et al. Cancer Res 2010 Jul l;70(13):5213-9.). An alternative strategy will be to combine BRAF inhibitors with DHA and with other immunomodulatory agents described above. </p><p id="p0010" num="0010"> It is therefore an object of the present invention a DNA hypomethylating agent and at least one immunomodulatory agent and/or optionally at least one targeted therapy agent for use in the treatment and/or in the prevention of cancer. Preferably, the DNA hypomethylating agent is selected from the group consisting of: 5-azacytidine [Vidaza], 5-aza-2'-deoxycytidine (5- AZA-CdR) [Dacogen], zebularine, procainamide, procaine, hydralazine, epigallocathechin-3- gallate, RG108, MG98. Still preferably, the immunomodulatory agent is selected from the group consisting of: immunomodulating antibody, cancer vaccine, therapeutic cytokine, cellular therapy. Yet preferably the immunomodulating antibody is selected from the group consisting of: an anti-CTLA-4, an anti-PDL-1, an anti-PDL-2, an anti-PDl, an anti-CD137, an anti-CD40, an anti-OX-40 antibody. In a preferred embodiment the cancer vaccine is selected from the group consisting of: anti-idiotypic antibodies (e.g., anti-GD2 (Louis M. Weiner, Lancet. 2009 March 21; 373(9668): 1033-1040), anti-HMW-MAA (Mittelman A, Proc. Nati. Acad. Sci. USA Vol. 89, pp. 466-470, January 1992), inhibitors of angiogenesis (e.g., bevacizumab, itraconazole, suramine), Tumor Antigen (such as component of the Cancer Testis Antigen family (e.g., NY-ESO-1, MAGE-A1, MAGE-A3) specific peptides or recombinant proteins. In a still preferred embodiment the therapeutic cytokine is selected from the group consisting of: Leucomax GM-CSF, IL-2, IL-12, TNF a, IFN γ, IFN a. In a preferred embodiment the cellular therapy is selected from the group consisting of: T cells, stem cells, dendritic cells, gene- or pharmacologically-modified immune and/or cancer cells. In a preferred embodiment the targeted therapy agent is selected from the group consisting of: a MAP kinase pathway inhibitor or a WNT pathway inhibitor. Preferably the MAP kinase pathway inhibitor is selected from the group consisting of : a BRAF inhibitor, a MEK inhibitor, a PI3K inhibitor or a c-KIT inhibitor. Still preferably the BRAF inhibitor is selected from the group consisting of: GDC-0879 ((E)-5-[l-(2-Hydroxy-ethyl)-3-pyridm-4-yl-lH- pyrazol-4-yl]-indan-l-one oxime), PLX-4720 ((Propane- 1 -sulfonic acid [3-(5-chloro-lH- pyrrolo[2,3-b]pyridine-3-carbonyl)-2,4-difluoro-phenyl]-amide), Sorafenib Tosylate (4-{4-[3- (4-Chloro-3-methyl-phenyl)-ureido]-phenoxy}-pyridine-2-carboxylic acid methylamide tosylate), dabrafenib (N-{3-[5-(2-aminopyrimidin-4-yl)-2-tert-butyl-l,3-thiazol-4-yl]-2- fiuorophenyl}-2,6-difluorobenzenesulfonamide) or LGX818 (Methyl [(2S)-l-{[4-(3-{5- chloro-2-fluoro-3-[(methylsulfonyl)amino]phenyl}-l-isopropyl-lH-pyrazol-4-yl)-2- pyrimidinyl]amino}-2-propanyl]carbamate). Yet preferably, the MEK inhibitor is selected 
<!-- EPO <DP n="6"/>-->
 from the group consisting in: GSK1120212 (N-(3-{3-Cyclopropyl-5-[(2-fluoro-4- iodophenyl)amino]-6,8-dimethyl-2,4,7-trioxo-3,4,6,7 etrahydropyrido[4 -d]pyrimidin- l(2H)-yl}phenyl)acetamide), selumetinib (6-(4-bromo-2-chloroanilino)-7-fluoro-N-(2- hydroxyethoxy)-3-methylbenzimidazole-5-carboxamide) or MEK162 (5-((4-bromo-2- fiuorophenyl)amino)-4-fluoro-N-(2-hydroxyethoxy)- 1 -methyl- 1 H-benzo [d]imidazo le-6- carboxamide). In a preferred embodiment the W T pathway inhibitor is selected from the group consisting of: a beta catenin inhibitor or a frizzled inhibitor. Preferably the beta catenin inhibitor is selected from the group consisting of: niclosamide (5-cloro-N-(2-cloro-4- nitrofenil)-2-idrossibenzamide), XAV-939 (3,5,7, 8-Tetrahydro-2-[4-(trifluoromethyl)phenyl]- 4H-thiopyrano[4,3-d]pyrimidin-4-one), FH 535 (2,5-Dichloro-N-(2-methyl-4-nitrophenyl)- benzenesulfonamide) or ICG 001 ((6S,9aS)-6-(4-hydroxybenzyl)-N-benzyl-8-(naphthalen-l- ylmethyl)-4,7-dioxo-hexahydro-2H-pyrazino[ 1 ,2-a]pyrimidine- 1 (6H)-carboxamide). </p><p id="p0011" num="0011">In a preferred embodiment the DNA hypomethylating agent is 5-AZA-Cd and the immunomodulating antibody is an anti-CTLA-4 and/or an anti-PDL-1 antibody. </p><p id="p0012" num="0012">In a preferred embodiment the cancer is caused by a solid or hematopoietic tumor. Preferably the tumour is breast cancer, skin cancer, bone cancer, prostate cancer, non-small cell lung cancer, leukemias, lymphomas, melanoma, epidermoid carcinomas, hepatocellular carcinoma squamous non-small cell lung adenocarcinoma, brain cancer, cancer of the larynx, pancreas, rectum, parathyroid, thyroid, adrenal, neural tissue, head and neck, colon, stomach, bronchi, and kidney cancer, basal cell carcinoma, squamous cell carcinoma of both ulcerating and papillary type, liver cancer, lung cancer, Ewing's sarcoma, myeloma, giant cell tumour, small- cell lung tumour, gallstones, islet cell tumour, primary brain tumour, acute and chronic lymphocytic and granulocytic tumours, metastatic skin carcinoma, osteo sarcoma, adenoma, hyperplasia, mucosal neuronms, intestinal ganglioneuromas, neuroblastoma, retinoblastoma, soft tissue sarcoma, malignant carcinoid, topical skin lesion, rhabdomyosarcoma, Kaposi's sarcoma, osteogenic sarcoma, renal cell tumour, adenocarcinoma, glioblastoma multiforma, hyperplastic corneal nerve tumour or ovarian tumour. </p><p id="p0013" num="0013"> Most preferably the tumour is breast cancer. In a preferred embodiment the tumor is resistant or refractory to anti-tumor therapies, in particular to BRAF inhibitors. </p><p id="p0014" num="0014">In a preferred embodiment the DNA hypomethylating agent and the at least one immunomodulatory agent and/or optionally the least one targeted therapy agent are administered simultaneously or sequentially. The DNA hypomethylating agent may be administered before or after the at least one immunomodulatory agent and/or optionally the least one targeted therapy agent. It is a further object of the invention a pharmaceutical 
<!-- EPO <DP n="7"/>-->
 composition comprising a DNA hypomethylatmg agent and at least one immunomodulatory agent and/or optionally at least one targeted therapy agent as defined above for use in the treatment and/or in the prevention of cancer, as defined above. </p><p id="p0015" num="0015"> It is a further object of the invention a kit comprising a DNA hypomethylatmg agent and at least one immunomodulatory agent and/or optionally at least one targeted therapy agent as defined above for use in the treatment and/or in the prevention of cancer wherein the DNA hypomethylatmg agent and the at least one immunomodulatory agent and/or optionally the at least one targeted therapy agent are in separated containers or in the same container. </p><p id="p0016" num="0016">It is a further object of the invention a method of treating and/or preventing cancer comprising administering an effective amount of a DNA hypomethylatmg agent and an effective amount of at least one immunomodulatory agent and/or optionally an effective amount of at least one targeted therapy agent. The agents being defined as above. Preferably the DNA hypomethylatmg agent is 5-AZA-CdR and the immunomodulatory agent is an anti-CTLA-4 and/or an anti-PDL-1 antibody. </p><p id="p0017" num="0017">In the present invention a DNA hypomethylatmg agent may be a compound able to inhibit DNA methyltransferase activity reversing aberrant hypermethylation of a multitude of genes, restoring their expression and functional activity (Sigalotti L et al. Epigenetic drugs as immunomodulators for combination therapies in solid tumors Pharmacol Ther. 2013 Dec 30.). An immunomodulatory agent is defined as a compound that induces or increases immunogenicity and immune recognition of cancer cells by host's immune system. In the present invention a targeted therapy agent is defined as compound that blocks the growth of cancer cells by interfering with specific targeted molecules needed for carcinogenesis and tumor growth. A Mitogen-activated protein kinase kinase (MEK) inhibitor (e.g., GSK1120212 (N-(3- {3-Cyclopropyl-5-[(2-fluoro-4-iodophenyl)amino]-6,8-dimethyl-2,4,7- trioxo-3,4,6,7-tetrahydropyrido[4,3-d]pyrimidin-l(2H)-yl}phenyl)acetamide), selumetinib (6- (4-bromo-2-chloroanilino)-7-fluoro-N-(2-hydroxyethoxy)-3-methylbenzimidazole-5- carboxamide), MEK162 (5-((4-bromo-2-fluorophenyl)amino)-4-fluoro-N-(2-hydroxyethoxy)- 1 -methyl- lH-benzo[d]imidazole-6-carboxamide)) is a chemical compound that inhibits Mitogen-activated protein kinase kinase enzymes. A Phosphoinositide 3-kinase (PI3K) inhibitor (e.g., Wortmannin (1 l-(acetyloxy)-lS,6bR,7,8,9aS,10,l 1R,1 lbR-octahydro-1- (methoxymethyl)-9a,l lb-dimethyl-3H-furo[4,3,2-de]indeno[4,5-h]-2-benzopyran-3,6,9- trione), LY294002 (2-Morpholin-4-yl-8-phenylchromen-4-one), perifosine (1,1- Dimethylpiperidinium-4-yl octadecyl phosphate)) is a potential medical drug that functions by inhibiting a Phosphoinositide 3-kinase resulting in tumor suppression. A c-KIT inhibitor (e.g., 
<!-- EPO <DP n="8"/>-->
 nilotinib (4-methyl-N-[3-(4-methyl-lH-imidazol-l-yl)- 5-(trifluoromethyl)phenyl]-3- [(4- pyridin-3-ylpyrimidin-2-yl) aminojbenzamide), imatinib (4-[(4-methylpiperazin-l-yl)methyl]- N-(4-methyl-3-{[4-(pyridin-3-yl)pyrimidin-2-yl]amino}phenyl)benzamide)) is a compound that inhibits c-KIT, a tyrosine kinase enzyme, involved with the transduction and processing of many extracellular and intracellular signals including cell proliferation. Refractory or resistant cancer is defined as a cancer that does not respond to existing anticancer therapy or treatment (i.e., chemotherapy, radiation therapy, targeted therapies). Such existing therapies may be a chemotherapy drug including: Abitrexate (Methotrexate Injection), Abraxane (Paclitaxel Injection), Adcetris (Brentuximab Vedotin Injection), Adriamycin (Doxorubicin) Adrucil Injection (5-FU (fluorouracil)) , Afmitor (Everolimus) , Afmitor Disperz (Everolimus) , Alimta (PEMETREXED), Alkeran Injection (Melphalan Injection), Alkeran Tablets (Melphalan), Aredia (Pamidronate), Arimidex (Anastrozole), Aromasin (Exemestane), Arranon (Nelarabine), Arzerra (Ofatumumab Injection), Avastin (Bevacizumab), Bexxar (Tositumomab), BiCNU (Carmustine), Blenoxane (Bleomycin), Bosulif (Bosutinib), Busulfex Injection (Busulfan Injection), Campath (Alemtuzumab), Camptosar (Irinotecan), Caprelsa (Vandetanib), Casodex (Bicalutamide), CeeNU (Lomustine), CeeNU Dose Pack (Lomustine), Cerubidine (Daunorubicin), Clolar (Clofarabine Injection), Cometriq (Cabozantinib), Cosmegen (Dactinomycin), CytosarU (Cytarabine), Cytoxan (Cytoxan), Cytoxan Injection (Cyclophosphamide Injection), Dacogen (Decitabine), DaunoXome (Daunorubicin Lipid Complex Injection), Decadron (Dexamethasone), DepoCyt (Cytarabine Lipid Complex Injection), Dexamethasone Intensol (Dexamethasone), Dexpak Taperpak (Dexamethasone), Docefrez (Docetaxel), Doxil (Doxorubicin Lipid Complex Injection), Droxia (Hydroxyurea), DTIC (Decarbazine), Eligard (Leuprolide), Ellence (Ellence (epirubicin)), Eloxatin (Eloxatin (oxaliplatin)), Elspar (Asparaginase), Emcyt (Estramustine), Erbitux (Cetuximab), Erivedge (Vismodegib), Erwinaze (Asparaginase Erwinia chrysanthemi), Ethyol (Amifostine), Etopophos (Etoposide Injection), Eulexin (Flutamide), Fareston (Toremifene), Faslodex (Fulvestrant), Femara (Letrozole), Firmagon (Degarelix Injection), Fludara (Fludarabine), Folex (Methotrexate Injection), Folotyn (Pralatrexate Injection), FUDR (FUDR (floxuridine)), Gemzar (Gemcitabine), Gilotrif (Afatinib), Gleevec (Imatinib Mesylate), Gliadel Wafer (Carmustine wafer), Halaven (Eribulin Injection), Herceptin (Trastuzumab), Hexalen (Altretamine), Hycamtin (Topotecan), Hycamtin (Topotecan), Hydrea (Hydroxyurea), Iclusig (Ponatinib), Idamycin PFS (Idarubicin), Ifex (Ifosfamide), Inlyta (Axitinib), Intron A alfab (Interferon 
<!-- EPO <DP n="9"/>-->
 alfa-2a), Iressa (Gefitinib), Istodax (Romidepsin Injection), Ixempra (Ixabepilone Injection), Jakafi (Ruxolitinib), Jevtana (Cabazitaxel Injection), Kadcyla (Ado-trastuzumab Emtansine), yprolis (Carfilzomib), Leukeran (Chlorambucil), Leukine (Sargramostim), Leustatin (Cladribine), Lupron (Leuprolide), Lupron Depot (Leuprolide), Lupron DepotPED (Leuprolide), Lysodren (Mitotane), Marqibo Kit (Vincristine Lipid Complex Injection), Matulane (Procarbazine), Megace (Megestrol), Mekinist (Trametinib), Mesnex (Mesna), Mesnex (Mesna Injection), Metastron (Strontium-89 Chloride), Mexate (Methotrexate Injection), Mustargen (Mechlorethamine), Mutamycin (Mitomycin), Myleran (Busulfan), Mylotarg (Gemtuzumab Ozogamicin), Navelbine (Vinorelbine), Neosar Injection (Cyclophosphamide Injection), Neulasta (filgrastim), Neulasta (pegfilgrastim), Neupogen (filgrastim), Nexavar (Sorafenib), ilandron (Mlandron (nilutamide)), Nipent (Pentostatin), Nolvadex (Tamoxifen), Novantrone (Mitoxantrone), Oncaspar (Pegaspargase), Oncovin (Vincristine), Ontak (Denileukin Diftitox), Onxol (Paclitaxel Injection), Panretin (Alitretinoin), Paraplatin (Carboplatin), Perjeta (Pertuzumab Injection), Platinol (Cisplatin), Platinol (Cisplatin Injection), PlatinolAQ (Cisplatin), PlatinolAQ (Cisplatin Injection), Pomalyst (Pomalidomide), Prednisone Intensol (Prednisone), Proleukin (Aldesleukin), Purinethol (Mercaptopurine), Reclast (Zoledronic acid), Revlimid (Lenalidomide), Rheumatrex (Methotrexate), Rituxan (Rituximab), RoferonA alfaa (Interferon alfa-2a), Rubex (Doxorubicin), Sandostatin (Octreotide), Sandostatin LAR Depot (Octreotide), Soltamox (Tamoxifen), Sprycel (Dasatinib), Sterapred (Prednisone), Sterapred DS (Prednisone), Stivarga (Regorafenib), Supprelin LA (Histrelin Implant), Sutent (Sunitinib), Sylatron (Peginterferon Alfa-2b Injection (Sylatron)), Synribo (Omacetaxine Injection), Tabloid (Thioguanine), Tafiinar (Dabrafenib), Tarceva (Erlotinib), Targretin Capsules (Bexarotene), Tasigna (Decarbazine), Taxol (Paclitaxel Injection), Taxotere (Docetaxel), Temodar (Temozolomide), Temodar (Temozolomide Injection), Tepadina (Thiotepa), Thalomid (Thalidomide), TheraCys BCG (BCG), Thioplex (Thiotepa), TICE BCG (BCG), Toposar (Etoposide Injection), Torisel (Temsirolimus), Treanda (Bendamustine hydrochloride), Trelstar (Triptorelin Injection), Trexall (Methotrexate), Trisenox (Arsenic trioxide), Tykerb (lapatinib), Valstar (Valrubicin Intravesical), Vantas (Histrelin Implant), Vectibix (Panitumumab), Velban (Vinblastine), Velcade (Bortezomib), Vepesid (Etoposide), Vepesid (Etoposide Injection), Vesanoid (Tretinoin), Vidaza (Azacitidine), Vincasar PFS (Vincristine), Vincrex (Vincristine), Votrient (Pazopanib), Vumon (Teniposide), Wellcovorin IV (Leucovorin Injection), Xalkori (Crizotinib), Xeloda (Capecitabine), Xtandi (Enzalutamide), Yervoy (Ipilimumab Injection), Zaltrap (Ziv-aflibercept Injection), Zanosar 
<!-- EPO <DP n="10"/>-->
 (Streptozocin), Zelboraf (Vemurafenib), Zevalin (Ibritumomab Tiuxetan), Zoladex (Goserelin), Zolinza (Vorinostat), Zometa (Zoledronic acid), Zortress (Everolimus), Zytiga (Abiraterone). </p><p id="p0018" num="0018"> Radiotherapy means the use of radiation, usually X-rays, to treat illness. X-rays were discovered in 1895 and since then radiation has been used in medicine for diagnosis and investigation (X-rays) and treatment (radiotherapy). Radiotherapy may be from outside the body as external radiotherapy, using X-rays, cobalt irradiation, electrons, and more rarely other particles such as protons. It may also be from within the body as internal radiotherapy, which uses radioactive metals or liquids (isotopes) to treat cancer. </p><p id="p0019" num="0019">Targeted therapy may be enzyme inhibitors such as Tyrosine kinase inhibitors, mTOR inhibitors, Proteosome inhibitors, Growth factor inhibitors, Signal-transduction inhibitors, Multi-targeted kinase molecule which blocks many different enzymes. It may also be called a multikinase inhibitor. Some targeted therapies change proteins within the cancer cells and cause the cells to die. These are called apopto sis-inducing drugs. Targeted therapy included also angiogenesis inhibitors, working for instance by blocking vascular endothelial growth factor, also called VEGF. VEGF is a family of protein growth factors made by some tumors. The VEGF proteins can attach to the VEGF receptors of blood vessel cells. This causes new blood vessels to form around the tumors. Blocking this process prevents angiogenesis, which would form new blood vessels to feed tumors so they could grow. </p><p id="p0020" num="0020">In the present invention the term "effective amount" shall mean an amount which achieves a desired effect or therapeutic effect as such effect is understood by those of ordinary skill in the art. In the present invention, the DNA hypomethylating agent and the immunomodulatory agent may be administered simultaneously or sequentially and they may be administered with a targeted therapy agent that may replace the immunomodulatory agent. </p><p id="p0021" num="0021">Pharmaceutical compositions containing the DNA hypomethylating agent and the immunomodulatory agent and/or optionally the targeted therapy agent of the present invention may be manufactured by processes well known in the art, e.g., using a variety of well-known mixing, dissolving, granulating, levigating, emulsifying, encapsulating, entrapping or lyophilizing processes. The compositions may be formulated in conjunction with one or more physiologically acceptable carriers comprising excipients and auxiliaries which facilitate processing of the active compounds into preparations which can be used pharmaceutically. Proper formulation is dependent upon the route of administration chosen. Parenteral routes are preferred in many aspects of the invention. 
<!-- EPO <DP n="11"/>-->
 For injection, including, without limitation, intravenous, intramusclular and subcutaneous injection, the compounds of the invention may be formulated in aqueous solutions, preferably in physiologically compatible buffers such as physiological saline buffer or polar solvents including, without limitation, a pyrrolidone or dimethylsulfoxide. </p><p id="p0022" num="0022">The compounds are preferably formulated for parenteral administration, e.g., by bolus injection or continuous infusion. Formulations for injection may be presented in unit dosage form, e.g.j in ampoules or in multi-dose containers. Useful compositions include, without limitation, suspensions, solutions or emulsions in oily or aqueous vehicles, and may contain adjuncts such as suspending, stabilizing and/or dispersing agents. Pharmaceutical compositions for parenteral administration include aqueous solutions of a water soluble form, such as, without limitation, a salt of the active compound. Additionally, suspensions of the active compounds may be prepared in a lipophilic vehicle. Suitable lipophilic vehicles include fatty oils such as sesame oil, synthetic fatty acid esters such as ethyl oleate and triglycerides, or materials such as liposomes. Aqueous injection suspensions may contain substances that increase the viscosity of the suspension, such as sodium carboxym ethyl cellulose, sorbitol, or dextran. Optionally, the suspension may also contain suitable stabilizers and/or agents that increase the solubility of the compounds to allow for the preparation of highly concentrated solutions. Alternatively, the active ingredient may be in powder form for constitution with a suitable vehicle, e.g., sterile, pyrogen-free water, before use. </p><p id="p0023" num="0023">For oral administration, the compounds can be formulated by combining the active compounds with pharmaceutically acceptable carriers well-known in the art. Such carriers enable the compounds of the invention to be formulated as tablets, pills, lozenges, dragees, capsules, liquids, gels, syrups, pastes, slurries, solutions, suspensions, concentrated solutions and suspensions for diluting in the drinking water of a patient, premixes for dilution in the feed of a patient, and the like, for oral ingestion by a patient. Pharmaceutical preparations for oral use can be made using a solid excipient, optionally grinding the resulting mixture, and processing the mixture of granules, after adding other suitable auxiliaries if desired, to obtain tablets or dragee cores. Useful excipients are, in particular, fillers such as sugars, including lactose, sucrose, mannitol, or sorbitol, cellulose preparations such as, for example, maize starch, wheat starch, rice starch and potato starch and other materials such as gelatin, gum tragacanth, methyl cellulose, hydroxypropyl- methylcellulose, sodium carboxy- methylcellulose, and/or polyvinylpyrrolidone (PVP). If desired, disintegrating agents may be added, such as cross-linked polyvinyl pyrrolidone, agar, or alginic acid. A salt such as sodium alginate may also be used. 
<!-- EPO <DP n="12"/>-->
 For administration by inhalation, the compounds of the present invention can conveniently be delivered in the form of an aerosol spray using a pressurized pack or a nebulizer and a suitable propellant The compounds may also be formulated in rectal compositions such as suppositories or retention enemas, using, e.g., conventional suppository bases such as cocoa butter or other glycerides. </p><p id="p0024" num="0024"> In addition to the formulations described previously, the compounds may also be formulated as depot preparations. Such long acting formulations may be administered by implantation (for example, subcutaneously or intramuscularly) or by intramuscular injection. The compounds of this invention may be formulated for this route of administration with suitable polymeric or hydrophobic materials (for instance, in an emulsion with a pharmacologically acceptable oil), with ion exchange resins, or as a sparingly soluble derivative such as, without limitation, a sparingly soluble salt. </p><p id="p0025" num="0025"> Additionally, the compounds may be delivered using a sustained-release system, such as semi-permeable matrices of solid hydrophobic polymers containing the therapeutic agent. Various sustained-release materials have been established and are well known by those skilled in the art. Sustained-release capsules may, depending on their chemical nature, release the compounds for a few weeks up to over 100 days. Depending on the chemical nature and the biological stability of the particular compound, additional stabilization strategies may be employed. </p><p id="p0026" num="0026">Other delivery systems such as liposomes and emulsions can also be used. </p><p id="p0027" num="0027"> A therapeutically effective amount refers to an amount of compound effective to prevent, alleviate or ameliorate cancer symptoms. Determination of a therapeutically effective amount is well within the capability of those skilled in the art, especially in light of the disclosure herein. </p><p id="p0028" num="0028">For any compound used in the methods of the invention, the therapeutically effective amount can be estimated initially from in vitro assays. Then, the dosage can be formulated for use in animal models so as to achieve a circulating concentration range that includes the effective dosage. Such information can then be used to more accurately determine dosages useful in patients. </p><p id="p0029" num="0029">The amount of the composition that is administered will depend upon the parent molecule included therein. Generally, the amount used in the treatment methods is that amount which effectively achieves the desired therapeutic result in mammals. Naturally, the dosages of the various compounds can vary somewhat depending upon the compound, rate of in vivo 
<!-- EPO <DP n="13"/>-->
 hydrolysis, etc. In addition, the dosage, of course, can vary depending upon the dosage form and route of administration. </p><p id="p0030" num="0030"> In particular, DNA hypomethylating agent and immunomodulatory agent administration should follow the current clinical guidelines. For instance the immunomodulatory agent may be administered as the commercialized immunotherapeutic mAb, ipilimumab. </p><p id="p0031" num="0031"> In general, however, the DNA hypomethylating agent described herein can be administered in amounts ranging from about 0.1 to about 3000 mg/m<sup>2</sup>, preferably from about 0.1 to 1500 mg/m<sup>2</sup>, still preferably from 1 to about 1000 mg/m<sup>2</sup>, yet preferably from 1 to about 500 mg/m<sup>2</sup>, yet preferably from 1 to about 200 mg/m<sup>2</sup>, yet preferably from 1 to about 100 mg/m<sup>2</sup>, yet preferably from 10 to about 100 mg/m<sup>2</sup>. </p><p id="p0032" num="0032"> The immunomodulating antibody described herein can be administered in amounts ranging from about 0.1 to about 60 mg/kg and preferably from about 0.1 to about 20 mg/ kg, still preferably from about 0.2 to about 10 mg/kg, yet preferably from about 0.6 to about 6 mg/kg. The range set forth above is illustrative and those skilled in the art will determine the optimal dosing of the compound selected based on clinical experience and the treatment indication. Moreover, the exact formulation, route of administration and dosage can be selected by the individual physician in view of the patient's condition and of the most effective route of administration (e.g., intravenous, subcutaneous, intradermal). Additionally, toxicity and therapeutic efficacy of the compounds described herein can be determined by standard pharmaceutical procedures in cell cultures or experimental animals using methods well- known in the art. In one embodiment, the treatment of the present invention includes administering the compounds described herein in an amount of from about 0.3 to about 6 mg/kg/dose to a mammal with a cancer. </p><p id="p0033" num="0033"> Alternatively and preferably, the amounts of the compounds administered can be based on body surface of human or other mammals. Preferably, the amounts of the compounds described herein range from about 0.2 to about 25 mg m<sup>2</sup> dose/body surface. Some preferred doses include one of the following: 1.25, 2.0, 2.5, 3.3, 5, 10, and 16.5 mg/m<sup>2</sup>. Preferably, the amounts administered can range from about 1.25 to about 16.5 mg/m<sup>2</sup> body surface/dose. Alternatively, they can be from about 2.5 to about 13 mg/m<sup>2</sup> body surface/dose or from about 2 to about 5 mg/m<sup>2</sup> body surface/dose. The treatment protocol can be based on a single dose administered once every three weeks or divided into multiple doses which are given as part of a multi-week treatment protocol. Thus, the treatment regimens can include one dose every three weeks for each treatment cycle and, alternatively one dose weekly for three weeks followed by one week off for each cycle. The precise dose and schedule of administration will 
<!-- EPO <DP n="14"/>-->
 depend on the stage and severity of the condition, and the individual characteristics of the patient being treated, as well as the most effective biological activity of treatment as will be appreciated by one of ordinary skill in the art. It is also contemplated that the treatment continues until satisfactory results are observed, which can be as soon as after 1 cycle although from about 3 to about 6 cycles or more cycles may be required such as in a maintenance schedule of administration. </p><p id="p0034" num="0034"> In some preferred embodiments, the treatment protocol includes administering the amount ranging from about 1.25 to about 16.5 mg m<sup>2</sup> body surface/dose every three weeks repeating for about 3 cycles or more. The amount administered per each cycle can range more preferably from about 2.5 to about 16.5 mg/m<sup>2</sup> body surface/dose. Alternatively, the compounds described herein can be administered weekly for three weeks, followed by one week without treatment and repeating for about 3 cycles or more until the desired results are observed. It is contemplated that the treatment will be given for one or more cycles until the desired clinical and biological result is obtained. The exact amount, frequency and period of administration of the compound of the present invention will vary, of course, depending upon the sex, age and medical condition of the patient as well as the severity and type of the disease as determined by the attending clinician. </p><p id="p0035" num="0035"> Still further aspects include combining the therapy described herein with other anticancer therapies for synergistic or additive benefit. </p><p id="p0036" num="0036">The schedule of treatment with the combinations can foresee that DHA is administered concomitantly, before and/or after any of the "partner" immunomodulatory agent (eg, immunomodulatory mAb, vaccines, etc, etc) identified above. </p><p id="p0037" num="0037"> The dose of DHA and of the "partner" immunomodulatory agent (eg, immunomodulatory mAb, vaccines, etc, etc) identified above can cover a wide range of concentrations. Combination therapies can be utilized for advanced stage of disease but also, prospectively, in the adjuvant and neo-adjuvant setting. </p><p id="p0038" num="0038"> The present invention will be described by means of non-limiting examples in reference to the following figures. </p><p id="p0039" num="0039"> Figure 1. Anti-tumor activity of in vivo 5-AZA-CdR anti-CTLA-4 mAb combination therapy. BALB/c mice were sc inoculated with 2x 10<sup>5</sup> TS/A cells. Groups of mice were ip injected with anti-CTLA-4 mAb (triangle symbols A) on days 2, 5, 8; 5-AZA-CdR (diamond symbol 0) on days 0, 7 and 42, 49 for the 2<sup>nd</sup> cycle of treatment; 5-AZA-CdR (days 0, 7 and 42, 49 for the 2<sup>nd</sup> cycle of treatment) and anti-CTLA-4 mAb (days 2, 5, 8 and days 44, 47, 50 for the 2<sup>nd</sup> cycle of treatment) in combination (square symbol ■), or saline solution for control (x 
<!-- EPO <DP n="15"/>-->
 symbol). Tumor volumes (TV) from mice were measured periodically, all along the treatment, by using a caliper, and calculated as follows: TV=LD<sup>2</sup>/2 (in which L is the longest diameter and D the shortest one). Tumor mean values for each group are reported. Vertical arrows indicate days of different treatments. *, p&lt;0.05 ; **, p&lt;0.01; p&lt;0.001 vs. tumor volumes of control group.†, p&lt;0.05;††, p&lt;0.01 vs. tumor volumes of 5-AZA-CdR group. Figure 2. Anti-tumor activity of in vivo 5-AZA-CdR/anti-PDL-l mAb combination therapy. BALB/c mice were sc inoculated with 2x l0<sup>5</sup> TS/A cells. Groups of mice were ip injected with anti-CTLA-4 mAb (triangle symbols A) on days 2, 5, 8; anti-PDL-1 mAb (circle symbol ·) on days 2, 5, 8; 5-AZA-CdR (diamond symbol 0) on days 0 and 7; 5-AZA-CdR (on days 0 and 7) and anti-CTLA-4 mAb (on days 2, 5, 8) in combination (square symbol■); 5-AZA- CdR (on days 0 and 7) and anti-PDL-1 mAb (on days 2, 5, 8) in combination (vertical line symbol I); or saline solution for control (x symbol). Tumor volumes (TV) from mice were measured periodically, all along the treatment, by using a caliper and calculated as follows: TV=LD<sup>2</sup>/2 (in which L is the longest diameter and D the shortest one). Tumor mean values for each group are reported. Vertical arrows indicate days of different treatments. *, p&lt;0.05 ; **, p&lt;0.01; vs. tumor volumes of control group. </p><p id="p0040" num="0040"> Figure 3. qMSP analysis of PlA-promoter methylation status. Genomic DNA, extracted one week after the end of the first cycle treatment (day 8) from tumors excised from mice treated with: saline solution, as control group (CTRL, from the left first bar), anti-CTLA-4 mAb (from the left, second bar), 5-AZA-CdR (from the left, third bar) and the combination of 5- AZA-CdR with anti-CTLA-4 mAb (last bar), was modified with sodium bisulfite. Real-time qMSP analyses of PI A promoter were performed on bisulfite-modified genomic DNA using methylated- or unmethylated-specific primer pairs. Data are reported as percentage of methylation that was defined as the ratio between methylated molecules and the sum of methylated and unmethylated molecules. Bars, SD; *, p&lt;0.05 vs. control group. </p><p id="p0041" num="0041"> Figure 4. RT-PCR analysis of murine CTA expression in tumor from control and treated mice. Total RNA was extracted one week after the end of the first cycle treatment (day 8) from tumors excised from mice treated with: saline solution, as control group (CTRL), anti-CTLA-4 mAb, 5-AZA-CdR and the combination of 5-AZA-CdR with anti-CTLA-4 mAb. Total RNA from mouse testis and splenocytes was utilized as positive control (ctrl +) or negative control (ctrl -), respectively. RT-PCR analysis was performed using primer pairs specific for murine CTA (i.e., P1A, or Mage-a family members) or β-actin. PCR products were then separated on a 2% agarose gel and visualized by ethidium bromide staining. Figure shows data from three representative mice out of six for control and treated groups. 
<!-- EPO <DP n="16"/>-->
 Figure 5. Real-time quantitative RT-PCR analysis of PI A expression in tumor tissues excised from control and treated mice. Total R A was extracted, one week after the end of the first cycle treatment (day 8), from tumors excised from control mice (from the left first bar) and mice treated with: anti-CTLA-4 mAb (from the left second bar), 5-AZA-CdR (from the left third bar) and the combination of 5-AZA-CdR with anti-CTLA-4 mAb (last bar). TaqMan quantitative RT-PCR reactions were performed on retrotranscribed total RNA, utilizing P1A- and β-actin-specific primers. CTA expression was normalized to the expression of the β-actin gene. Values are reported as P1A molecules/p-actin molecules, on a linear scale. Bars, SD; *, p&lt;0.05; **, p&lt;0.01 vs. control group. </p><p id="p0042" num="0042">Figure 6. Role of immune response in anti-tumor activity of in vivo 5-AZA-CdR/anti-CTLA-4 mAb combination therapy. Athymic nude mice (A), SCID/Beige (B) and BALB/c (C) mice were sc inoculated with 2x 10<sup>5</sup> TS/A cells. Groups of mice, for each strains, were ip injected with anti-CTLA-4 mAb (triangle symbols A) on days 2, 5, 8; 5-AZA-CdR (diamond symbol 0) on days 0 and 7; 5-AZA-CdR (on days 0 and 7) and anti-CTLA-4 mAb (on days 2, 5, 8) (square symbol■), or saline solution for control (x symbol). Tumor volumes (TV) from mice were measured periodically, all along the treatment, by using a caliper and calculated as follows: TV=LD<sup>2</sup>/2 (in which L is the longest diameter and D the shortest one). Tumor mean values for each group are reported. Vertical arrows indicate days of different treatments. *,7&lt;0.05; **, &lt;0.01 vs. tumor volumes of control group. </p><p id="p0043" num="0043">Detailed description of the invention </p><p id="p0044" num="0044">Methods </p><p id="p0045" num="0045"> Cells and animals </p><p id="p0046" num="0046"> Primary cultures of murine mammary carcinoma cells TS/A were grown in DMEM Medium supplemented with 10% heat-inactivated FCS (Lonza), 2 mM L-glutamine (Biochrom AG) and 50μΜ β-mercaptoethanol. </p><p id="p0047" num="0047"> Six- week-old female BALB/c, athymic nude and SCID/Beige mice were obtained from Harlan laboratories (Udine, Italy). Animal care and use were in accordance with Institutional guidelines and the indications of Workman et al. (Workman P, et al. Br J Cancer. 2010 May 25; 102(1 1): 1555-1577). </p><p id="p0048" num="0048"> Monoclonal antibodies and reagents </p><p id="p0049" num="0049"> The monoclonal antibodies (mAb) 9H10, against CTLA-4 (Catalog#: BE0131) and 10F.9G2, against PDL-1 (Catalog#: BE0101), were purchased from BioXCell (West Lebanon, NH, USA). 5-AZA-CdR (Catalog#: A3656) was purchased from Sigma Chemical Co. (St. Louis, 
<!-- EPO <DP n="17"/>-->
 MO, USA). </p><p id="p0050" num="0050">Mice treatment </p><p id="p0051" num="0051"> Mice were sc injected in the flank region with TS/A cells (2x 10<sup>5</sup>) resuspended in 0.1 ml of physiologic saline. Animals were examined daily and after a latency period of 1 week, mice bearing clearly palpable and visible tumor grafts (diameter &gt; 0.2 cm) were ip injected with 0.2 ml/injection of: i) 15mg/kg/day of 5-AZA-CdR, three times a day every three hours on days 0 and 7 and on days 42 and 49 for the 2<sup>nd</sup> cycle of treatment; ii) 100μg/mouse of anti-CTLA-4 mAb, on days 2, 5 and 8 and on days 44, 47 and 50 for the 2<sup>nd</sup> cycle of treatment; iii) 100μg/mouse of anti-PDL-1 mAb on days 2, 5 and 8; iv) combined administration of 5-AZA- CdR and anti-CTLA-4 mAb according to the above reported schedules or; v) combined administration of 5-AZA-CdR and anti-PDL-1 mAb according to the above reported schedules. Control mice were ip injected with 0.2 ml of saline solution. Animals were weekly monitored for changes in the tumor size or sacrificed by CO<sub>2</sub> overdose; for the latter, tumor tissues were surgically removed, and each specimen, divided under sterile conditions, were snap-frozen in liquid nitrogen and stored at -80°C until used for R A and DNA extraction.</p><p id="p0052" num="0052">For experiments reported in Fig. 6, animals received using the same schedule and dose only the first treatment cycle up to day 8. </p><p id="p0053" num="0053"> In vivo drug tolerability and antiproliferative activity </p><p id="p0054" num="0054"> In vivo tolerability was evaluated by measurements of body weight and mortality rate. The antiproliferative activity of the drug was evaluated by caliper measurements of tumor mass. Body weight and tumor size measurements were recorded periodically, all along the treatment. Tumor volumes (TV) were calculated as follows: TV=LD<sup>2</sup>/2 (in which L is the longest diameter and D the shortest one). </p><p id="p0055" num="0055">RNA and DNA extraction </p><p id="p0056" num="0056">RNA and DNA were extracted from tissues sections, removed from control and treated mice one week after the end of the first cycle treatment (day 8) and homogenized with the aid of Tissue Lyser II (QIAGEN) in Trizol reagent or lysis buffer, respectively. Total RNA was extracted following the manufacturer's instructions and stored at -80°C. Total genomic DNA was extracted by digestion with 100 μg/ml proteinase K in the presence of 0.5% SDS at 50°C overnight, followed by phenol/chloroform extraction and ethanol precipitation. Genomic DNA was eluted in TE buffer and stored at -20°C </p><p id="p0057" num="0057">RT-PCR analysis </p><p id="p0058" num="0058"> RT-PCR reactions were performed using oligonucleotide primer sequences and PCR amplification programs specific for PI A and Mage-a family (Coral S, Covre A et al, Br J 
<!-- EPO <DP n="18"/>-->
 Cancer. 2012 Sep 25; 107(7): 1116-24). The integrity of RNA and random primers-synthesized cDNA was confirmed by the amplification of all cDNA samples with β-actin- specific primers, as previously described (Coral S, Covre A et al, Br J Cancer. 2012 Sep 25;107(7): 1116-24). Five μΐ of each RT-PCR sample were run on a 2% agarose gel and visualized by ethidium bromide staining. </p><p id="p0059" num="0059">Real-time quantitative RT-PCR analysis </p><p id="p0060" num="0060"> Real-time quantitative RT-PCR analyses were performed as previously described (Calabro L, et al., J Cell Physiol 2005; 202:474-7) Briefly, total RNA was digested with RNAse-free DNAse (Roche Diagnostics), to remove contaminating genomic DNA. Synthesis of cDNA was performed on 1 μg of total RNA using M-MLV reverse transcriptase (Invitrogen) and random hexamer primers (Promega), following manufacturers' instructions. Measurement of gene expression was performed utilizing the ABI prism 7000 Sequence Detection System (Applied Biosystems,), as previously described (Calabro L, et al., J Cell Physiol 2005; 202:474-7). cDNA standards were obtained by RT-PCR amplification of the specific mRNAs and quantitated by NanoDrop® ND-1000 UV-Vis Spectrophotometer. SYBR Green quantitative RT-PCR reactions were performed on 10 ng retrotranscribed total RNA in a final volume of 25 μΐ IX SYBR Green Master Mix (Applied Biosystems). The primers utilized for real-time RT-PCR assays were: </p><p id="p0061" num="0061"> PIA, forward 5 '-GGTGCCGGAGCTGAGGA-3 ' (SEQ ID No. 1) and reverse 5 '- TAGACACCAGGAAATTAGGGTCG-3' (SEQ ID No. 2); mouse β-actin, forward 5'- ACCAGTTCGCCATGGATGAC-3 ' (SEQ ID No. 3) and reverse 5 '- TGCCGGAGCCGTTGTC-3'(SEQ ID No. 4). The copy numbers of PIA and of the reference gene β-actin were established in each sample by extrapolation of the standard curve. The number of PIA cDNA molecules in each sample was then normalized to the number of cDNA molecules of β-actin. </p><p id="p0062" num="0062"> Quantitative Methylation-Specific PCR (qMSP) analyses </p><p id="p0063" num="0063"> Bisulfite conversion was carried out on 500 ng genomic DNA using EZ DNA Methylation- Gold™ Kit (Zymo Research, Orange, CA, USA), according to the manufacturer's protocol. Primers for the analysis of the methylation status of PIA, designed using the free on-line software MethPrimer (Li LC and Dahiya R Bioinformatics 2002; 18: 1427-31), were: PIA (Methylated), forward 5 '-TTAAGTGCGTTATTACGTTTGGTTTTTAC-3 ' (SEQ ID No. 5), reverse 5'-ATAACCGATTATTTAATACAAAAATCGACG-3' (SEQ ID No. 6); PIA (Unmethylated), forward 5 '-GATTAAGTGTGTTATTATGTTTGGTTTTTAT-3 ' (SEQ ID No. 7), reverse 5'- ACATAACCAATTATTTAATACAAAAATCAACA-3' (SEQ ID No. 8). 
<!-- EPO <DP n="19"/>-->
 SYBR green qMSP reactions were performed on 2 μΐ of bisulfite-modified genomic DNA in a final volume of 25 μΐ IX Power SYBR green mastermix (Applyed Biosystems) at 95°C for 10 min, followed by 45 cycles of 15 sec at 95°C and 1 min at 60°C, using methylated- or unmethylated-specific primer pairs. The copy number of methylated or unmethylated sequences for the target gene was established in each sample by extrapolation from the standard curves. The percentage of methylation was defined as the ratio between methylated molecules and the sum of methylated and unmethylated molecules. </p><p id="p0064" num="0064">Results </p><p id="p0065" num="0065">Combined effect of 5-AZA-CdR and of anti-CTLA-4 mAb on tumor growth </p><p id="p0066" num="0066"> To address the anti-tumor activity of 5-AZA-CdR and of anti-CTLA-4 mAb, administered alone or in combination, TS/A cells were inoculated in syngeneic BALB/c mice that were then treated with 5-AZA-CdR either alone or in combination with anti-CTLA-4 mAb. Tumor volumes were monitored twice a week throughout the experiment (Figure 1). From day 12, a scanty, not statistically significant, reduction of tumor growth was detected in mice treated with anti-CTLA-4 mAb alone, as compared to control mice, and remained evident (range: 33,1% - 54,6%) at different investigated time-points throughout the study (Figure 1). Equally, from day 12, 5-AZA-CdR-treated mice showed a tumor mass significantly (p values ranging from p&lt;0.05 to /xO.001) smaller (range: 0, 14 cm<sup>3</sup> ± 0,05 to 1.80 cm<sup>3</sup> ± 0,38), than that of control mice (range: 0,25 cm<sup>3</sup> ± 0,05 to 3.87 cm<sup>3</sup> ± 0,74), indicating a tumor growth inhibition ranging from 40.7 % to 67.6 % at days 15 and 35, respectively (Figure 1). Noteworthy, the maximum anti-tumor effect was induced by the combined administration of 5-AZA-CdR and anti-CTLA-4 mAb. Indeed, a tumor mass significantly (p values ranging from /?&lt;0.01 to /?&lt;0.001) smaller (range: 0,08 cm<sup>3</sup> ± 0,02 to 0,86 cm<sup>3</sup> ± 0,31) was persistently observed in all investigated treated mice, as compared to control mice, indicating a tumor growth inhibition ranging from 77,6 % to 89,4 % at days 41 and 23, respectively (Figure 1). </p><p id="p0067" num="0067">At day 41<sup>st</sup> tumor diameters of control and anti-CTLA-4 mAb-treated mice exceeded the maximum standard parameters, thus, animals in these two groups were euthanized (Workman P, et al. Br J Cancer. 2010 May 25; 102(11): 1555-1577). </p><p id="p0068" num="0068">To evaluate the potential cumulative anti-tumor activity of repeated administrations of investigated therapies, mice from 5-AZA-CdR and from 5-AZA-CdR and anti-CTLA-4 mAb groups, were treated with a 2<sup>nd</sup> cycle of treatment, at day 42<sup>nd</sup>. Noteworthy, a significant (p&lt;0.05 and /?&lt;0.01) and persistent reduction of tumor growth was observed in mice treated 
<!-- EPO <DP n="20"/>-->
 with the combination of 5-AZA-CdR and anti-CTLA-4 mAb, whose tumor volumes ranged from 1,07 cm<sup>3</sup> ± 0,43 to 1,11 cm<sup>3</sup> ± 0,42, as compared to the tumor volumes from mice treated with 5-AZA-CdR alone (range: 2, 10 cm<sup>3</sup> ± 0,62 to 2,46 cm<sup>3</sup> ± 0,32). The maintenance of body weight, for the duration of the treatment, in all investigated mice demonstrated the good tolerability of the investigated therapies (data not shown). </p><p id="p0069" num="0069">Combined effect of 5-AZA-CdR and of anti-PDL- 1 mAb on tumor growth </p><p id="p0070" num="0070"> To further investigate the anti-tumor activity of 5-AZA-CdR in combination with other immunomodulating mAb, TS/A cells were inoculated in syngeneic BALB/c that were then treated with 5-AZA-CdR either alone or in combination with anti-PDL-1 mAb; the anti- CTLA-4 mAb was utilized as "reference" for its demonstrated (Figure 1) anti-tumor activity when combined with DHA. Tumor volumes were monitored twice a week throughout the experiment (Figure 2). As compared to control mice, the maximum anti-tumor effect was achieved in mice treated with 5-AZA-CdR combined with anti-PDL-1 mAb (range: 53,7 - 76,3 %); noteworthy, this antiproliferative effect was similar to that observed utilizing 5- AZA-CdR in combination with anti-CTLA-4 mAb (range: 50,4 - 69,5 %). Both regimens induced a significant (p&lt;0.05 and p&lt;0.0l) reduction in tumor growth, as compared to control mice. Immunomodulatory activity of 5-AZA-CdR and/or anti-CTLA-4 mAb in tumor tissues </p><p id="p0071" num="0071"> To investigate the potential relative contribution of 5-AZA-CdR and of anti-CTLA-4 mAb in the modulation of the expression of given immune molecules on tumor tissues, BALB/c mice were inoculated with TS/A cells and treated with 5-AZA-CdR and/or anti-CTLA-4 mAb, according to the previously reported regimens. The DNA hypomethylating activity of DHA was investigated by qMSP analysis on genomic DNA from tumor tissues excised one week after the end of the first cycle treatment (day 8) from treated and control mice, by measuring changes induced in CpG dinucleotides located in the promoter region of PI A. As compared to control mice, a significant (p&lt;0.05) reduction of the constitutive methylation levels of P I A promoter in cancer tissues from mice treated with 5-AZA-CdR alone or in combination with anti-CTLA-4 mAb was observed (Figure 3). No reduction in the methylation of PI A promoter was observed in neoplastic lesions from mice treated with anti-CTLA-4 mAb alone (Figure 3). RT-PCR and Real-Time quantitative RT-PCR analyses were performed to investigate the efficacy of treatments to induce and/or up-regulate different murine CTA (i.e., P1A, Mage-a family) in tumor tissues. A strong de novo expression of PI A and Mage-a members (Figure 4) 
<!-- EPO <DP n="21"/>-->
 was observed only in tumor tissues excised from animals treated with 5-AZA-CdR alone or in combination with anti-CTLA-4 mAb. In addition, levels of PI A- specific mR A expression detected in neoplastic tissues excised from mice treated with 5-AZA-CdR alone or in combination with anti-CTLA-4 mAb were similar (Figure 5). Notably, the higher necrosis and the loss of tissue architecture, together with the large lymphocyte infiltration into the tumors from mice treated with 5-AZA-CdR and anti-CTLA-4 mAb, as compared to 5-AZA-CdR treatment (see section below Histology and immunohistochemistry of surgically-excised tumors from treated mice) could alter the optimal experimental conditions, accounting for the different levels of PI A- specific mRNA expression detected in neoplastic tissues following the combination therapy, as compared to 5-AZA-CdR monotherapy. </p><p id="p0072" num="0072">Anti-tumor activity of 5-AZA-CdR in combination with anti-CTLA-4 mAb in immunodeficient mice </p><p id="p0073" num="0073"> To determine the contribute of host's immune cells to mediate the anti-tumor effect elicited by 5-AZA-CdR combined with anti-CTLA-4 mAb, immunodeficient (i.e., T cell-deficient athymic nude mice (Fig 6A), Τ-cell-, B-cell- and natural killer cell-deficient (SCID/Beige) (Fig 6B)) and immunocompetent (i.e., BALB/c (Fig 6C)) mice were grafted with TS/A cells and treated according to the previously utilized regimens. </p><p id="p0074" num="0074"> The anti-CTLA-4 mAb did not impair tumor growth in T cell-deficient athymic nude mice (Fig 6A) and in SCID/Beige mice (Fig 6B). In contrast, 5-AZA-CdR alone significantly (/?&lt;0.05 and &lt;0.01) reduced tumor growth both in T cell-deficient athymic nude mice (Fig 6A) and in SCID/Beige mice (Fig 6B); noteworthy, no difference in the reduction of tumor growth was observed in immunocompromised mice treated with 5-AZA-CdR alone or in combination with anti-CTLA-4 mAb (Fig 6 A, B). Concomitant treatment of immunocompetent mice led to results (Fig 6C) similar to those previously obtained in independent experiments (Fig 1 and 2). </p><p id="p0075" num="0075">Up-regulation of Major Histocompatibility Complex (MHC) class I antigens on tumor tissues by the treatment with 5-AZA-CdR and anti-CTLA-4 mAb </p><p id="p0076" num="0076">Treatment with 5-AZA-CdR, but not with anti-CTLA-4 mAb, increases constitutive expression of MHC class I antigens on tumours of treated mice. </p><p id="p0077" num="0077">Histology and immunohistochemistry of surgically-excised tumors from treated mice 
<!-- EPO <DP n="22"/>-->
 The treatment with anti-CTLA-4 does not induce tumour necrosis and induces little lymphocyte infiltration into the tumour. Treatment with 5-AZA-CdR does not induce tumour necrosis neither induces lymphocyte infiltration into the tumour. By contrast, treatment with the combination of anti-CTLA-4 and 5-AZA-CdR induces massive tumour necrosis and large lymphocyte infiltration into the tumour. </p><p id="p0078" num="0078">Discussion </p><p id="p0079" num="0079"> The present invention demonstrates that 5-AZA-CdR in combination with anti-CTLA-4 and/or anti-PDL-1 immunomodulating mAb induces a profound inhibition of tumor cell growth as compared to the agents utilized alone. These results may be generalized for any DNA hypomethylating agent because of their common effect in terms of DNA hypomethylation. Similarly, these results may be generalized for any immunomodulatory agent, in particular immunomodulating mAb that are all able to activate the immune system either by blocking inhibitory signals (e.g., anti-CTLA-4, anti-PDl, anti-PDL-1 and -2) or by delivering activating signals (e.g., anti-CD137, anti-CD40, anti-OX-40). DHA are able to modulate the immune phenotype (CTA, HLA class I antigens, co-stimulatory molecules and other immune molecules) in solid and hemopoietic tumors of different histotype. Therefore, the therapeutic combination of immunomodulating mAb and DHA is applicable across different human tumors. Experiments reported with immunodeficient mice indicate that host's immune cells and particularly T lymphocytes, but possible also other immune cells and antibodies, are necessary for the therapeutic efficacy of the combinations. 
</p></description><claims mxw-id="PCLM70078384" ref-ucid="WO-2014128245-A1" lang="EN" load-source="patent-office"><claim-statement><!-- EPO <DP n="23"/>-->Claims </claim-statement><claim id="clm-0001" num="1"><claim-text> 1. A DNA hypomethylatmg agent and at least one immunomodulatory agent and/or optionally at least one targeted therapy agent for use in the treatment and/or in the prevention of cancer. </claim-text></claim><claim id="clm-0002" num="2"><claim-text> 2. The DNA hypomethylatmg agent and the at least one immunomodulatory agent and/or optionally the least one targeted therapy agent for use according to claim 1 wherein the DNA hypomethylatmg agent is selected from the group consisting of: 5- azacytidine, 5-aza-2'-deoxycytidine (5-AZA-CdR), zebularine, procainamide, procaine, hydralazine, epigallocathechin-3-gallate, RG108, MG98. </claim-text></claim><claim id="clm-0003" num="3"><claim-text> 3. The DNA hypomethylatmg agent and the at least one immunomodulatory agent and/or optionally the least one targeted therapy agent for use according to claim 1 or 2 wherein the immunomodulatory agent is selected from the group consisting of: immunomodulating antibody, cancer vaccine, therapeutic cytokine, cellular therapy.</claim-text></claim><claim id="clm-0004" num="4"><claim-text>4. The DNA hypomethylatmg agent and the at least one immunomodulatory agent and/or optionally the least one targeted therapy agent for use according to claim 3 wherein the immunomodulating antibody is selected from the group consisting of: an anti- CTLA-4, an anti-PDL-1, an anti-PDL-2, an anti-PDl, an anti-CD137, an anti-CD40 or an anti-OX-40 antibody. </claim-text></claim><claim id="clm-0005" num="5"><claim-text> 5. The DNA hypomethylatmg agent and the at least one immunomodulatory agent and/or optionally the least one targeted therapy agent for use according to claim 3 wherein the cancer vaccine is selected from the group consisting of: anti- idiotypic antibodies, inhibitors of angiogenesis, Tumor Antigen specific peptides or recombinant proteins.</claim-text></claim><claim id="clm-0006" num="6"><claim-text>6. The DNA hypomethylatmg agent and the at least one immunomodulatory agent and/or optionally the least one targeted therapy agent for use according to claim 3 wherein the therapeutic cytokine is selected from the group consisting of: GM-CSF, IL-2, IL- 12, TNF a, IF y or IFN a. </claim-text></claim><claim id="clm-0007" num="7"><claim-text> 7. The DNA hypomethylatmg agent and the at least one immunomodulatory agent and/or optionally the least one targeted therapy agent for use according to claim 3 wherein the cellular therapy is selected from the group consisting of: T cells, stem cells, dendritic cells, gene- or pharmacologically-modified immune and/or cancer cells.</claim-text></claim><claim id="clm-0008" num="8"><claim-text>8. The DNA hypomethylatmg agent and the at least one immunomodulatory agent and/or optionally the least one targeted therapy agent for use according to any one of 
<!-- EPO <DP n="24"/>-->
 previous claim wherein the targeted therapy agent is selected from the group consisting of: a MAP kinase pathway inhibitor or a WNT pathway inhibitor. </claim-text></claim><claim id="clm-0009" num="9"><claim-text> 9. The DNA hypomethylatmg agent and the at least one immunomodulatory agent and/or the least one targeted therapy agent for use according to claim 8 wherein the MAP kinase pathway inhibitor is selected from the group consisting of : a BRAF inhibitor, a</claim-text><claim-text>MEK inhibitor, a PI3K inhibitor or a c-KIT inhibitor. </claim-text></claim><claim id="clm-0010" num="10"><claim-text> 10. The DNA hypomethylatmg agent and the at least one immunomodulatory agent and/or optionally the least one targeted therapy agent for use according to claim 9 wherein the BRAF inhibitor is selected from the group consisting of: GDC-0879, PLX-4720, Sorafenib Tosylate, dabrafenib or LGX818. </claim-text></claim><claim id="clm-0011" num="11"><claim-text> 11. The DNA hypomethylatmg agent and the at least one immunomodulatory agent and/or optionally the least one targeted therapy agent for use according to claim 9 wherein the MEK inhibitor is selected from the group consisting in: GSK1120212, selumetinib or MEK162. </claim-text></claim><claim id="clm-0012" num="12"><claim-text>12. The DNA hypomethylatmg agent and the at least one immunomodulatory agent and/or the least one targeted therapy agent for use according to claim 8 wherein the WNT pathway inhibitor is selected from the group consisting of: a beta catenin inhibitor or a frizzled inhibitor. </claim-text></claim><claim id="clm-0013" num="13"><claim-text> 13. The DNA hypomethylatmg agent and the at least one immunomodulatory agent and/or optionally the least one targeted therapy agent for use according to claim 12 wherein the beta catenin inhibitor is selected from the group consisting of: niclosamide, XAV- 939, FH 535 or ICG 001. </claim-text></claim><claim id="clm-0014" num="14"><claim-text> 14. The DNA hypomethylatmg agent and the at least one immunomodulatory agent for use according to any one of previous claim wherein the DNA hypomethylatmg agent is 5-AZA-CdR and the immunomodulating antibody is an anti-CTLA-4 and/or an anti-</claim-text><claim-text>PDL-1 antibody. </claim-text></claim><claim id="clm-0015" num="15"><claim-text> 15. The DNA hypomethylatmg agent and the at least one immunomodulatory agent and/or optionally the least one targeted therapy agent for use according to any one of previous claim wherein the cancer is caused by a solid or hematopoietic tumor. </claim-text></claim><claim id="clm-0016" num="16"><claim-text>16. The DNA hypomethylatmg agent and the at least one immunomodulatory agent and/or optionally the least one targeted therapy agent for use according to any one of previous claim wherein the tumor is resistant or refractory to at least one anti-tumor therapy. 
<!-- EPO <DP n="25"/>-->
</claim-text></claim><claim id="clm-0017" num="17"><claim-text>17. The DNA hypomethylatmg agent and the at least one immunomodulatory agent and/or optionally the least one targeted therapy agent for use according to any one of previous claim wherein the DNA hypomethylatmg agent and at least one immunomodulatory agent and/or optionally the least one targeted therapy agent are administered simultaneously or sequentially. </claim-text></claim><claim id="clm-0018" num="18"><claim-text> 18. A pharmaceutical composition comprising a DNA hypomethylatmg agent and at least one immunomodulatory agent and/or optionally at least one targeted therapy agent as defined in any one of claims 1 to 14 for use in the treatment and/or in the prevention of cancer. </claim-text></claim><claim id="clm-0019" num="19"><claim-text>19. The pharmaceutical composition for use according to claim 18 further comprising an anti-tumoral agent. </claim-text></claim><claim id="clm-0020" num="20"><claim-text> 20. A kit comprising a DNA hypomethylatmg agent and at least one immunomodulatory agent and/or optionally at least one targeted therapy agent as defined in any one of claims 1 to 14 for use in the treatment and/or in the prevention of cancer wherein the DNA hypomethylatmg agent and the at least one immunomodulatory agent and/or optionally the at least one targeted therapy agent are in separated containers. </claim-text></claim><claim id="clm-0021" num="21"><claim-text> 21. A method of treating and/or preventing cancer comprising administering an effective amount of a DNA hypomethylatmg agent and an effective amount of at least one immunomodulatory agent and/or optionally an effective amount of at least one targeted therapy agent. </claim-text></claim><claim id="clm-0022" num="22"><claim-text> 22. The method according to claim 21 wherein the DNA hypomethylatmg agent is 5- AZA-CdR and the immunomodulatory agent is an anti-CTLA-4 and/or an anti-PDL-1 antibody. 
</claim-text></claim></claims><copyright>User acknowledges that Fairview Research LLC and its third party providers retain all right, title and interest in and to this xml under applicable copyright laws.  User acquires no ownership rights to this xml including but not limited to its format.  User hereby accepts the terms and conditions of the Licence Agreement</copyright></patent-document>
