<?xml version="1.0" encoding="UTF-8"?>
<patent-document ucid="EP-2678272-A1" country="EP" doc-number="2678272" kind="A1" date="20140101" family-id="45722608" file-reference-id="311173" date-produced="20180826" status="corrected" lang="DE"><bibliographic-data><publication-reference fvid="146551223" ucid="EP-2678272-A1"><document-id><country>EP</country><doc-number>2678272</doc-number><kind>A1</kind><date>20140101</date><lang>DE</lang></document-id></publication-reference><application-reference ucid="EP-12705091-A" is-representative="NO"><document-id mxw-id="PAPP154825146" load-source="docdb" format="epo"><country>EP</country><doc-number>12705091</doc-number><kind>A</kind><date>20120210</date><lang>DE</lang></document-id><document-id mxw-id="PAPP210132536" load-source="docdb" format="original"><country>EP</country><doc-number>12705091.2</doc-number><date>20120210</date></document-id></application-reference><priority-claims><priority-claim mxw-id="PPC140452044" ucid="DE-102011004533-A" load-source="docdb"><document-id format="epo"><country>DE</country><doc-number>102011004533</doc-number><kind>A</kind><date>20110222</date></document-id></priority-claim><priority-claim mxw-id="PPC140447526" ucid="EP-2012052254-W" linkage-type="W" load-source="docdb"><document-id format="epo"><country>EP</country><doc-number>2012052254</doc-number><kind>W</kind><date>20120210</date></document-id></priority-claim></priority-claims><technical-data><classifications-ipcr><classification-ipcr mxw-id="PCL1988115146" load-source="docdb">C01B  33/193       20060101AFI20120910BHEP        </classification-ipcr></classifications-ipcr><classifications-cpc><classification-cpc mxw-id="PCL-1638243392" load-source="docdb" scheme="CPC">C01B  33/193       20130101 LI20180519BHEP        </classification-cpc><classification-cpc mxw-id="PCL-1638243393" load-source="docdb" scheme="CPC">B01J  49/53        20170101 LI20180519BHEP        </classification-cpc><classification-cpc mxw-id="PCL-1638243394" load-source="docdb" scheme="CPC">B01J  39/18        20130101 LI20180519BHEP        </classification-cpc><classification-cpc mxw-id="PCL-1638243395" load-source="docdb" scheme="CPC">B01J  39/04        20130101 LI20180519BHEP        </classification-cpc><classification-cpc mxw-id="PCL-1915455092" load-source="docdb" scheme="CPC">B01J  39/16        20130101 LI20160721BHEP        </classification-cpc><classification-cpc mxw-id="PCL2062882458" load-source="docdb" scheme="CPC">C01B  33/128       20130101 FI20140313BHEP        </classification-cpc></classifications-cpc><invention-title mxw-id="PT132186153" lang="DE" load-source="patent-office">VERFAHREN ZUR REINIGUNG STARKER SÄUREN BZW. STARK SAURER MEDIEN VON ZWEI- UND HÖHERWERTIGEN METALLIONEN</invention-title><invention-title mxw-id="PT132186154" lang="EN" load-source="patent-office">METHOD FOR THE SEPARATION OF METAL IONS THAT ARE DIVALENT OR HIGHER FROM STRONG ACIDS OR HIGHLY ACIDIC MEDIA</invention-title><invention-title mxw-id="PT132186155" lang="FR" load-source="patent-office">PROCÉDÉ D'ÉPURATION D'ACIDES FORTS OU DE MILIEUX ACIDES FORTS PAR LA SÉPARATION D'IONS MÉTALLIQUES BIVALENTS ET DE VALENCE SUPÉRIEURE</invention-title></technical-data><parties><applicants><applicant mxw-id="PPAR918161966" load-source="docdb" sequence="1" format="epo"><addressbook><last-name>EVONIK DEGUSSA GMBH</last-name><address><country>DE</country></address></addressbook></applicant><applicant mxw-id="PPAR918151069" load-source="docdb" sequence="1" format="intermediate"><addressbook><last-name>EVONIK DEGUSSA GMBH</last-name></addressbook></applicant><applicant mxw-id="PPAR918988941" load-source="patent-office" sequence="1" format="original"><addressbook><last-name>Evonik Degussa GmbH</last-name><iid>101049895</iid><address><street>Rellinghauser Straße 1- 11</street><city>45128 Essen</city><country>DE</country></address></addressbook></applicant></applicants><inventors><inventor mxw-id="PPAR918173195" load-source="docdb" sequence="1" format="epo"><addressbook><last-name>PANZ CHRISTIAN</last-name><address><country>DE</country></address></addressbook></inventor><inventor mxw-id="PPAR918140846" load-source="docdb" sequence="1" format="intermediate"><addressbook><last-name>PANZ, CHRISTIAN</last-name></addressbook></inventor><inventor mxw-id="PPAR918988104" load-source="patent-office" sequence="1" format="original"><addressbook><last-name>PANZ, CHRISTIAN</last-name><address><street>Emsstrasse 14A</street><city>50389 Wesseling-Berzdorf</city><country>DE</country></address></addressbook></inventor><inventor mxw-id="PPAR918171718" load-source="docdb" sequence="2" format="epo"><addressbook><last-name>PAULAT FLORIAN</last-name><address><country>DE</country></address></addressbook></inventor><inventor mxw-id="PPAR918154000" load-source="docdb" sequence="2" format="intermediate"><addressbook><last-name>PAULAT, FLORIAN</last-name></addressbook></inventor><inventor mxw-id="PPAR918990003" load-source="patent-office" sequence="2" format="original"><addressbook><last-name>PAULAT, FLORIAN</last-name><address><street>Bei den Buchen 7</street><city>25709 Marne</city><country>DE</country></address></addressbook></inventor><inventor mxw-id="PPAR918146088" load-source="docdb" sequence="3" format="epo"><addressbook><last-name>TITZ GUIDO</last-name><address><country>DE</country></address></addressbook></inventor><inventor mxw-id="PPAR918153895" load-source="docdb" sequence="3" format="intermediate"><addressbook><last-name>TITZ, GUIDO</last-name></addressbook></inventor><inventor mxw-id="PPAR918980054" load-source="patent-office" sequence="3" format="original"><addressbook><last-name>TITZ, GUIDO</last-name><address><street>St.-Michael-Straße 37</street><city>52396 Heimbach</city><country>DE</country></address></addressbook></inventor><inventor mxw-id="PPAR918150805" load-source="docdb" sequence="4" format="epo"><addressbook><last-name>MUELLER SVEN</last-name><address><country>DE</country></address></addressbook></inventor><inventor mxw-id="PPAR918156128" load-source="docdb" sequence="4" format="intermediate"><addressbook><last-name>MUELLER, SVEN</last-name></addressbook></inventor><inventor mxw-id="PPAR918994150" load-source="patent-office" sequence="4" format="original"><addressbook><last-name>Müller, Sven </last-name><address><street>Heinrich-Dittmaier-Straße 33</street><city>53125 Bonn</city><country>DE</country></address></addressbook></inventor><inventor mxw-id="PPAR918155574" load-source="docdb" sequence="5" format="epo"><addressbook><last-name>ERLHOEFER PETER</last-name><address><country>DE</country></address></addressbook></inventor><inventor mxw-id="PPAR918137858" load-source="docdb" sequence="5" format="intermediate"><addressbook><last-name>ERLHOEFER, PETER</last-name></addressbook></inventor><inventor mxw-id="PPAR918991665" load-source="patent-office" sequence="5" format="original"><addressbook><last-name>ERLHÖFER, Peter</last-name><address><street>Ubierweg 6</street><city>50389 Wesseling</city><country>DE</country></address></addressbook></inventor><inventor mxw-id="PPAR918162392" load-source="docdb" sequence="6" format="epo"><addressbook><last-name>RUF MARKUS</last-name><address><country>DE</country></address></addressbook></inventor><inventor mxw-id="PPAR918172288" load-source="docdb" sequence="6" format="intermediate"><addressbook><last-name>RUF, MARKUS</last-name></addressbook></inventor><inventor mxw-id="PPAR918981189" load-source="patent-office" sequence="6" format="original"><addressbook><last-name>RUF, MARKUS</last-name><address><street>Geltorfstraße 44a</street><city>53347 Alfter-Witterschlick</city><country>DE</country></address></addressbook></inventor><inventor mxw-id="PPAR918141729" load-source="docdb" sequence="7" format="epo"><addressbook><last-name>FRINGS BODO</last-name><address><country>DE</country></address></addressbook></inventor><inventor mxw-id="PPAR918165286" load-source="docdb" sequence="7" format="intermediate"><addressbook><last-name>FRINGS, BODO</last-name></addressbook></inventor><inventor mxw-id="PPAR918981922" load-source="patent-office" sequence="7" format="original"><addressbook><last-name>FRINGS, BODO</last-name><address><street>Grauthoffweg 106 b</street><city>33758 Schloss Holte</city><country>DE</country></address></addressbook></inventor><inventor mxw-id="PPAR918143055" load-source="docdb" sequence="8" format="epo"><addressbook><last-name>RAULEDER HARTWIG</last-name><address><country>DE</country></address></addressbook></inventor><inventor mxw-id="PPAR918147428" load-source="docdb" sequence="8" format="intermediate"><addressbook><last-name>RAULEDER, HARTWIG</last-name></addressbook></inventor><inventor mxw-id="PPAR918984038" load-source="patent-office" sequence="8" format="original"><addressbook><last-name>RAULEDER, HARTWIG</last-name><address><street>Uhlandweg 51a</street><city>79618 Rheinfelden</city><country>DE</country></address></addressbook></inventor><inventor mxw-id="PPAR918150369" load-source="docdb" sequence="9" format="epo"><addressbook><last-name>BARTHEL THOMAS</last-name><address><country>DE</country></address></addressbook></inventor><inventor mxw-id="PPAR918135957" load-source="docdb" sequence="9" format="intermediate"><addressbook><last-name>BARTHEL, THOMAS</last-name></addressbook></inventor><inventor mxw-id="PPAR918983403" load-source="patent-office" sequence="9" format="original"><addressbook><last-name>BARTHEL, THOMAS</last-name><address><street>Dahlienweg 8 h</street><city>63755 Alzenau-Wasserlos</city><country>DE</country></address></addressbook></inventor><inventor mxw-id="PPAR918141937" load-source="docdb" sequence="10" format="epo"><addressbook><last-name>SIRAY MUSTAFA</last-name><address><country>DE</country></address></addressbook></inventor><inventor mxw-id="PPAR918154185" load-source="docdb" sequence="10" format="intermediate"><addressbook><last-name>SIRAY, MUSTAFA</last-name></addressbook></inventor><inventor mxw-id="PPAR918984850" load-source="patent-office" sequence="10" format="original"><addressbook><last-name>SIRAY, MUSTAFA</last-name><address><street>Michael-Leveilly-Str.14</street><city>53127 Bonn</city><country>DE</country></address></addressbook></inventor><inventor mxw-id="PPAR918145753" load-source="docdb" sequence="11" format="epo"><addressbook><last-name>BEHNISCH JUERGEN</last-name><address><country>DE</country></address></addressbook></inventor><inventor mxw-id="PPAR918153249" load-source="docdb" sequence="11" format="intermediate"><addressbook><last-name>BEHNISCH, JUERGEN</last-name></addressbook></inventor><inventor mxw-id="PPAR918986158" load-source="patent-office" sequence="11" format="original"><addressbook><last-name>Behnisch, Jürgen</last-name><address><street>Kannbäckerstraße 1</street><city>53359 Rheinbach</city><country>DE</country></address></addressbook></inventor></inventors></parties><international-convention-data><pct-or-regional-filing-data ucid="EP-2012052254-W"><document-id><country>EP</country><doc-number>2012052254</doc-number><kind>W</kind><date>20120210</date><lang>DE</lang></document-id></pct-or-regional-filing-data><pct-or-regional-publishing-data ucid="WO-2012113657-A1"><document-id><country>WO</country><doc-number>2012113657</doc-number><kind>A1</kind><date>20120830</date><lang>DE</lang></document-id></pct-or-regional-publishing-data><designated-states><ep-contracting-states><country mxw-id="DS548815680" load-source="docdb">AL</country><country mxw-id="DS548928142" load-source="docdb">AT</country><country mxw-id="DS548865231" load-source="docdb">BE</country><country mxw-id="DS548912940" load-source="docdb">BG</country><country mxw-id="DS548926552" load-source="docdb">CH</country><country mxw-id="DS548865232" load-source="docdb">CY</country><country mxw-id="DS548928143" load-source="docdb">CZ</country><country mxw-id="DS548815681" load-source="docdb">DE</country><country mxw-id="DS548865233" load-source="docdb">DK</country><country mxw-id="DS548865234" load-source="docdb">EE</country><country mxw-id="DS548934215" load-source="docdb">ES</country><country mxw-id="DS548912941" load-source="docdb">FI</country><country mxw-id="DS548926553" load-source="docdb">FR</country><country mxw-id="DS548815682" load-source="docdb">GB</country><country mxw-id="DS548865235" load-source="docdb">GR</country><country mxw-id="DS548815683" load-source="docdb">HR</country><country mxw-id="DS548928144" load-source="docdb">HU</country><country mxw-id="DS548926562" load-source="docdb">IE</country><country mxw-id="DS548865236" load-source="docdb">IS</country><country mxw-id="DS548912942" load-source="docdb">IT</country><country mxw-id="DS548865237" load-source="docdb">LI</country><country mxw-id="DS548912943" load-source="docdb">LT</country><country mxw-id="DS548836860" load-source="docdb">LU</country><country mxw-id="DS548912944" load-source="docdb">LV</country><country mxw-id="DS548912945" load-source="docdb">MC</country><country mxw-id="DS548836861" load-source="docdb">MK</country><country mxw-id="DS548836862" load-source="docdb">MT</country><country mxw-id="DS548836863" load-source="docdb">NL</country><country mxw-id="DS548926563" load-source="docdb">NO</country><country mxw-id="DS548836864" load-source="docdb">PL</country><country mxw-id="DS548934216" load-source="docdb">PT</country><country mxw-id="DS548928627" load-source="docdb">RO</country><country mxw-id="DS548934217" load-source="docdb">RS</country><country mxw-id="DS548836865" load-source="docdb">SE</country><country mxw-id="DS548815684" load-source="docdb">SI</country><country mxw-id="DS548926564" load-source="docdb">SK</country><country mxw-id="DS548926565" load-source="docdb">SM</country><country mxw-id="DS548865238" load-source="docdb">TR</country></ep-contracting-states></designated-states></international-convention-data><office-specific-data><eptags><ep-no-a-document-published>*</ep-no-a-document-published></eptags></office-specific-data></bibliographic-data><abstract mxw-id="PA99625836" ref-ucid="WO-2012113657-A1" lang="DE" load-source="patent-office"><p num="0000">Die vorliegende Erfindung betrifft ein Verfahren zur Reinigung starker Säuren bzw. stark saurer Medien von zwei- und höherwertigen Metallionen, das im Rahmen der Herstellung von hochreinem Siliziumdioxid eingesetzt werden kann. Ferner betrifft die Erfindung die Verwendung spezieller Ionenaustauscher für die Durchführung des erfindungsgemäßen Verfahrens und die dabei erhaltenen hochreinen Siliziumdioxide.</p></abstract><abstract mxw-id="PA99824355" ref-ucid="WO-2012113657-A1" lang="DE" source="national office" load-source="docdb"><p>Die vorliegende Erfindung betrifft ein Verfahren zur Reinigung starker Säuren bzw. stark saurer Medien von zwei- und höherwertigen Metallionen, das im Rahmen der Herstellung von hochreinem Siliziumdioxid eingesetzt werden kann. Ferner betrifft die Erfindung die Verwendung spezieller Ionenaustauscher für die Durchführung des erfindungsgemäßen Verfahrens und die dabei erhaltenen hochreinen Siliziumdioxide.</p></abstract><abstract mxw-id="PA99625837" ref-ucid="WO-2012113657-A1" lang="EN" load-source="patent-office"><p num="0000">The invention relates to a method for the separation of metal ions that are divalent or higher from strong acids or highly acidic media, said method being used in the production of high-purity silicon dioxide. The invention further relates to the use of specific ion exchangers for carrying out the method according to the invention and to the high-purity silicon dioxides thereby obtained.</p></abstract><abstract mxw-id="PA99824356" ref-ucid="WO-2012113657-A1" lang="EN" source="national office" load-source="docdb"><p>The invention relates to a method for the separation of metal ions that are divalent or higher from strong acids or highly acidic media, said method being used in the production of high-purity silicon dioxide. The invention further relates to the use of specific ion exchangers for carrying out the method according to the invention and to the high-purity silicon dioxides thereby obtained.</p></abstract><abstract mxw-id="PA99625838" ref-ucid="WO-2012113657-A1" lang="FR" load-source="patent-office"><p num="0000">La présente invention concerne un procédé d'épuration d'acides forts ou de milieux acides forts par la séparation d'ions métalliques bivalents et de valence supérieure, ledit procédé pouvant être utilisé dans le cadre de la production de dioxyde de silicium de grande pureté. L'invention concerne également l'utilisation d'échangeurs d'ions spéciaux pour la mise en œuvre du procédé selon l'invention et les dioxydes de silicium de grande pureté ainsi obtenus.</p></abstract><abstract mxw-id="PA99824357" ref-ucid="WO-2012113657-A1" lang="FR" source="national office" load-source="docdb"><p>La présente invention concerne un procédé d'épuration d'acides forts ou de milieux acides forts par la séparation d'ions métalliques bivalents et de valence supérieure, ledit procédé pouvant être utilisé dans le cadre de la production de dioxyde de silicium de grande pureté. L'invention concerne également l'utilisation d'échangeurs d'ions spéciaux pour la mise en oeuvre du procédé selon l'invention et les dioxydes de silicium de grande pureté ainsi obtenus.</p></abstract><description mxw-id="PDES50931412" ref-ucid="WO-2012113657-A1" lang="DE" load-source="patent-office"><!-- EPO <DP n="2"/>--><p id="p0001" num="0001">Verfahren zur Reinigung starker Säuren bzw. stark saurer Medien von zwei- und höherwertigen Metallionen </p><p id="p0002" num="0002">Die vorliegende Erfindung betrifft ein Verfahren zur Reinigung starker Säuren bzw. stark saurer Medien von zwei- und </p><p id="p0003" num="0003">höherwertigen Metallionen, das im Rahmen der Herstellung von hochreinem Siliziumdioxid eingesetzt werden kann. Ferner betrifft die Erfindung die Verwendung spezieller </p><p id="p0004" num="0004">Ionenaustauscher für die Durchführung des erfindungsgemäßen Verfahrens und die dabei erhaltenen hochreinen Siliziumdioxide </p><p id="p0005" num="0005">Ausgangspunkt für die Erfindung war der fortbestehende Bedarf einem effektiven und kostengünstigen Verfahren zur Herstellung hochreinen Siliziumdioxids. </p><p id="p0006" num="0006">Hochreines Siliziumdioxid kann zur Herstellung von sogenanntem Solarsilizium, das für die Produktion photovoltaischer Zellen benötigt wird, eingesetzt werden und hat deshalb eine enorme wirtschaftliche Bedeutung. </p><p id="p0007" num="0007">Ein vorteilhaftes Verfahren zur Herstellung von hochreinem Siliziumdioxid unter Verwendung von Silikatlösungen ist in der Schrift WO 2010/037702 AI beschrieben. Nachteilig an diesem Verfahren ist jedoch, dass das erhaltene Siliziumdioxid einem aufwendigen Waschprozess unterzogen werden muss und das dafür verwendete Waschmedium stark sauer sein muss. Die pH-Werte der für die Siliziumdioxid-Wäsche eingesetzten Waschsäuren müssen unter 2, besonders bevorzugt sogar unter 0,5 betragen, und selbst bei diesen niedrigen pH-Werten adsorbieren zwei- und höherwertige Metallverunreinigungen noch so stark an die </p><p id="p0008" num="0008">Oberfläche der Siliziumdioxidpartikel, dass hohe Mengen stark saurer Waschsäure zur Reinigung erforderlich sind. Aus diesem Grund ist das bisherige Verfahren nicht nur kostenintensiv, sondern es birgt im Hinblick auf die Arbeitssicherheit, insbesondere beim Chargenwechsel der Waschsäure, auch Risiken, zumal dieser Prozessschritt auch mit der Gefahr einer </p><p id="p0009" num="0009">Einschleusung von Verunreinigungen verbunden ist. </p><p id="p0010" num="0010">Ein weiterer Nachteil des Verfahrens gemäß der Schrift WO 2010/037702 AI besteht in der Tatsache, dass Verunreinigungen 
<!-- EPO <DP n="3"/>-->
des Siliziumdioxids mit Titanionen unter den Bedingungen des sauren Waschprozesses nicht effektiv abgetrennt werden können. Um diesem Problem zu begegnen, wird bevorzugt ein Peroxid zugesetzt, das die Titanionen nicht nur über eine Komplexierung entfernbar macht, sondern wegen der Farbe des gebildeten </p><p id="p0011" num="0011">Komplexes auch den Fortschritt ihrer Entfernung sichtbar werden lässt . </p><p id="p0012" num="0012">Nachteilig an Peroxiden in sauren Medien ist jedoch, dass sich in Gegenwart von Eisen ( II ) -Ionen, die in dem Prozess </p><p id="p0013" num="0013">üblicherweise vorhanden sind, Hydroxyl-Radikale bilden (Fentons Reagenz) . Diese Radikale stellen ein sehr starkes </p><p id="p0014" num="0014">Oxidationsmittel dar und erfordern wegen ihrer korrosiven </p><p id="p0015" num="0015">Wirkung besonders hochwertige Anlagen-Werkstoffe, die den </p><p id="p0016" num="0016">Herstellprozess weiter verteuern. </p><p id="p0017" num="0017">Eine Aufgabe der vorliegenden Erfindung bestand deshalb in der Bereitstellung eines Verfahrens zur Herstellung von hochreinem Siliziumdioxid, das im Vergleich zum Stand der Technik weniger kostenintensiv ist. Insbesondere sollte das Verfahren </p><p id="p0018" num="0018">dahingehend verbessert werden, dass der hohe Säureeinsatz für den aufwendigen Waschprozess reduziert werden kann. Des Weiteren sollte dieser Waschprozess - auch wegen der risikobehafteten Handhabung stark saurer Medien - vereinfacht werden. Schließlich bestand eine Aufgabe darin, das Verfahren insofern zu </p><p id="p0019" num="0019">verbessern, dass auf den Zusatz von Peroxiden verzichtet werden kann . </p><p id="p0020" num="0020">Diese Aufgaben werden durch das in der nachfolgenden </p><p id="p0021" num="0021">Beschreibung, den Beispielen und den Ansprüchen beschriebene Verfahren und durch die Verwendung spezieller </p><p id="p0022" num="0022">Ionenaustauscherharze im Rahmen des Verfahrens gelöst. </p><p id="p0023" num="0023">Die Forschungsarbeiten gingen von einem Herstellverfahren gemäß der Schrift WO 2010/037702 AI aus, bei dem hochreines </p><p id="p0024" num="0024">Siliziumdioxid durch die nachfolgend genannten Prozessschritte erhalten wird: 
<!-- EPO <DP n="4"/>-->
 a. Herstellung einer Vorlage aus einem Säuerungsmittel oder einem Säuerungsmittel und Wasser mit einem pH-Wert von kleiner 2, bevorzugt kleiner 1,5, besonders bevorzugt kleiner 1, ganz besonders bevorzugt kleiner 0,5. b. Bereitstellen einer Silikatlösung mit einer Viskosität von 2 bis 10000 Poise. c. Zugabe der Silikatlösung aus Schritt b. in die Vorlage aus Schritt a. derart, dass der pH-Wert der erhaltenen </p><p id="p0025" num="0025"> Fällsuspension jederzeit auf einem Wert kleiner 2, </p><p id="p0026" num="0026"> bevorzugt kleiner 1,5, besonders bevorzugt kleiner 1 und ganz besonders bevorzugt kleiner 0,5 bleibt. d. Abtrennen und Waschen des erhaltenen Siliziumdioxids, wobei das Waschmedium einen pH-Wert kleiner 2, bevorzugt kleiner 1,5, besonders bevorzugt kleiner 1 und ganz besonders bevorzugt kleiner 0,5 aufweist. e. Neutralwaschen des Siliziumdioxids mit vollentsalztem </p><p id="p0027" num="0027"> Wasser (VE-Wasser) . f. Trocknen des erhaltenen Siliziumdioxids. </p><p id="p0028" num="0028">Die betreffenden Untersuchungen führten zu dem unerwarteten Ergebnis, dass sich sämtliche vorgenannten Aufgaben durch den Einsatz mindestens eines speziellen Ionenaustauscherharzes vom Phosphonat-Typ lösen lassen. Dabei ist erfindungsgemäß von untergeordneter Bedeutung, ob das Ionenaustauscherharz bereits bei der Ausfällung des Siliziumdioxids mit der flüssigen Phase der Fällsuspension in Kontakt gebracht wird, also im Rahmen von Prozessschritt c, oder ob erst das Waschmedium im Rahmen von Prozessschritt d. den Kontakt mit dem Ionenaustauscherharz erfährt. Bevorzugt erfolgt der Kontakt mit dem </p><p id="p0029" num="0029"> Ionenaustauscherharz erst im Rahmen des Waschens, aber auch ein vorheriger Kontakt mit der flüssigen Phase der Fällsuspension ist erfindungsgemäß möglich (Ionenaustausch sowohl am sauren Waschmedium, als auch an der flüssigen Phase der </p><p id="p0030" num="0030">Fällsuspension) . 
<!-- EPO <DP n="5"/>-->
Bei - im Verhältnis zum aufzureinigenden Siliziumdioxid - ausreichend großer Menge des verwendeten Phosphonat- Ionenaustauschers bzw. bei hinreichender Ionenaustausch- Kapazität desselben kann es möglich sein, auf das Waschen gemäß Prozessschritt d. zu verzichten und eine ausreichende Reinigung im Rahmen von Prozessschritt c. erreichen. </p><p id="p0031" num="0031">Vorteilhaft ist an der Erfindung insbesondere, dass die </p><p id="p0032" num="0032">besonders störenden zwei- und höherwertigen </p><p id="p0033" num="0033"> Metallverunreinigungen bzw. Metallionen von den Phosphonat- Ionenaustauschern sehr gut gebunden werden, wohingegen </p><p id="p0034" num="0034">Alkaliionen diese problemlos passieren. Die Alkaliionen-Passage ist unschädlich, weil deren spätere Abtrennung durch einfaches Waschen des Siliziumdioxids mit VE-Wasser möglich ist. Obwohl Alkaliionen die Hauptverunreinigung darstellen, weisen die Phosphonat-Ionenaustauscher infolge der guten Passage der </p><p id="p0035" num="0035">Alkaliionen sehr gute Standzeiten auf. Die störenden zwei- und höherwertigen Metallionen sind in dem aufzureinigenden </p><p id="p0036" num="0036">Siliziumdioxid demgegenüber nur in Spuren enthalten und </p><p id="p0037" num="0037">beeinträchtigen die Standzeit daher nur wenig. </p><p id="p0038" num="0038">Die nach Durchführung des erfindungsgemäßen Verfahrens in dem sauren Medium enthaltene Alkalisalz-Fracht kann beispielsweise unter Nutzung des Donnan-Effekts mittels eines Säure- Retardationsverfahrens entfernt werden, wie es der Fachmann beispielsweise im Rahmen der Anodisierung von Aluminium nach dem Eloxal-Verfahren einsetzt. Für das Säure-Retardationsverfahren eignen sich spezielle Ionenaustauscherharze, die bevorzugt quartäre Amine als funktionelle Gruppen enthalten; beispielhaft sei Lewatit<sup>®</sup> K 6387 von der Firma Lanxess genannt. </p><p id="p0039" num="0039">Die Regeneration der Phosphonat-Ionenaustauscher erfolgt vorzugsweise unter Verwendung einer alkalischen Tartratlösung. Die Untersuchungen, im Rahmen derer das erfindungsgemäße </p><p id="p0040" num="0040">Verfahren entwickelt wurde, haben nämlich überraschend gezeigt, dass sich alkalische Tartratlösung auch für die Entfernung der besonders stark an das Ionenaustauscherharz gebundenen drei- und höherwertigen Metallionen sehr gut eignet. Möglich ist eine Regeneration aber auch mit anderen Reagenzien, insbesondere mit solchen, die hinreichend starke Komplexe mit den vom 
<!-- EPO <DP n="6"/>-->
Siliziumdioxid abgetrennten zwei- oder höherwertigen Metallionen bilden. Geeignete Komplexbildner sind dem Fachmann bekannt, beispielsweise können alkalische Citrat-, Oxalat- oder EDTA- bzw. Ethylendiamintetraacetat-Lösungen zum Einsatz kommen. Neben der erheblichen Säureeinsparung liegt ein Vorteil des </p><p id="p0041" num="0041">erfindungsgemäßen Verfahrens in der Möglichkeit, aus den bei der Regeneration der Phosphonat-Ionenaustauscher erhaltenen Lösungen die enthaltenen Seltenerdmetalle zu gewinnen. </p><p id="p0042" num="0042">Bevorzugt wird die Regeneration des Phosphonat- Ionenaustauschers , gegebenenfalls auch die des für ein Säure- Retardationsverfahren eingesetzten Ionenaustauschers, im </p><p id="p0043" num="0043">zeitlichen Rahmen des Siliziumdioxid-Herstellverfahrens </p><p id="p0044" num="0044">durchgeführt, weil dadurch eine kontinuierliche Siliziumdioxid- Produktion ermöglicht wird. </p><p id="p0045" num="0045">Die erfindungsgemäß einsetzbaren, sogenannten Phosphonat- Ionenaustauscher lassen sich dadurch charakterisieren, dass sie mindestens eine funktionelle Gruppe vom Phosphonat- oder vom Phosphonsäure-Typ aufweisen. Unter einer funktionellen Gruppe vom Phosphonsäure-Typ ist eine Struktureinheit der Formel R- P(O) (OH) <sub>2</sub> zu verstehen, bei der R einen beliebigen Rest </p><p id="p0046" num="0046">darstellen kann. Bevorzugt stellt der beliebige Rest R entweder ein Polymer bzw. das Ionenaustauscherharz selbst dar oder er ermöglicht mit diesem - als Brückenglied - eine Verbindung. Eine funktionelle Gruppe vom Phosphonat-Typ leitet sich </p><p id="p0047" num="0047">erfindungsgemäß von einer beliebigen funktionellen Gruppe vom Phosphonsäure-Typ dadurch ab, dass eine oder beide der sauren P- gebundenen OH-Gruppen deprotoniert ist bzw. sind; dabei ist erfindungsgemäß von untergeordneter Bedeutung, welches Gegenion bzw. welche Gegenionen die funktionelle Gruppe vom Phosphonat- Typ aufweist. Vorzugsweise werden jedoch Ionenaustauscherharze mit Alkali-Phosphonat-Gruppen, also Phosphonat-Gruppen mit </p><p id="p0048" num="0048">Alkalimetall-Gegenionen, für die Erfindung eingesetzt. Besonders bevorzugte Ionenaustauscherharze enthalten </p><p id="p0049" num="0049">Aminomethylphosphonsäure- bzw. Aminomethylphosphonat- Funktionalitäten; dies sind insbesondere Struktureinheiten der Formel R-NHCH<sub>2</sub>P(0) (OH) <sub>2</sub>, wie sie beispielsweise der </p><p id="p0050" num="0050">chelatisierende Ionenaustauscher Lewatit<sup>®</sup> TP 260 der Firma </p><p id="p0051" num="0051">Lanxess AG enthält. Außerdem ist es erfindungsgemäß möglich, 
<!-- EPO <DP n="7"/>-->
Ionenaustauscher mit Struktureinheiten der Formel R- NR<sup>'</sup>CH<sub>2</sub>P(0) (OH) <sub>2</sub> einzusetzen, bei denen R<sup>'</sup> außer Wasserstoff ein beliebiger einwertiger Rest ist, der gleich oder verschieden von R sein kann. </p><p id="p0052" num="0052">Weitere zur Durchführung der Erfindung bevorzugt eingesetzte Ionenaustauscher sind solche, die zwei Phosphonsäure- bzw. </p><p id="p0053" num="0053">Phosphonat-Gruppen an einem Kohlenstoffatom aufweisen, also über eine geminale Difunktionalität bzw. eine Struktureinheit der Formel RR<sup>'</sup> C [PO (OH) <sub>2</sub>] <sub>2</sub> verfügen, bei der R<sup>'</sup> ein beliebiger einwertiger Rest ist, der gleich oder verschieden von R sein kann; beispielhaft für ein derartiges Ionenaustauscherharz sei Diphonix<sup>®</sup> der Firma Triskem genannt. </p><p id="p0054" num="0054">Die vorliegende Erfindung besteht demnach in einem verbesserten Verfahren zur Herstellung von hochreinem Siliziumdioxid, bei dem zu einer ein Säuerungsmittel enthaltenden Vorlage mit einem pH- Wert von kleiner 2,0 eine Silikatlösung gegeben wird, deren Viskosität von 0,1 bis 10000 Poise beträgt, mit der Maßgabe, dass der pH-Wert während der Zugabe jederzeit unter 2,0 liegt und die flüssige Phase der bei der Zugabe gebildeten </p><p id="p0055" num="0055">Fällsuspension zwecks Ionenaustausch mit mindestens einem </p><p id="p0056" num="0056">Phosphonat-Ionenaustauscher in Kontakt gebracht wird. </p><p id="p0057" num="0057">Bevorzugt wird das erfindungsgemäße Verfahren in der Weise durchgeführt, dass das Siliziumdioxid von der Fällsuspension abgetrennt und mindestens einmal mit einem sauren Waschmedium behandelt wird, dessen pH-Wert unter 2,0 beträgt, bevor der Ionenaustausch mit mindestens einem Phosphonat-Ionenaustauscher an dem sauren Waschmedium bzw. im Rahmen des Waschens </p><p id="p0058" num="0058">vorgenommen wird. Bei dieser Aus führungs form kann auf einen Ionenaustausch an der Fällsäure bzw. an der flüssigen Phase der Fällsuspension verzichtet werden. </p><p id="p0059" num="0059">Erfindungsgemäß ist es jedoch auch möglich, sowohl an der </p><p id="p0060" num="0060">Fällsäure, als auch an dem sauren Waschmedium, jeweils einen Ionenaustausch unter Verwendung mindestens eines Phosphonat- Ionenaustauschers vorzunehmen. </p><p id="p0061" num="0061">Im Hinblick auf das Verständnis und die Anwendungsbreite der durch die vorliegende Erfindung verbesserten Verfahren zur 
<!-- EPO <DP n="8"/>-->
Herstellung von hochreinem Siliziumdioxid wird auf die gesamte Offenbarung der Schrift WO 2010/037702 AI Bezug genommen und diese dadurch vollumfänglich zum Bestandteil dieser Beschreibung gemacht . </p><p id="p0062" num="0062">Die erfindungsgemäße Funktionalität der Phosphonat- Ionenaustauscher wird in der Regel nicht durch die Gegenwart weiterer funktioneller Gruppen im Austauscherharz beeinflusst. Vielmehr lässt sich die Kombination mit weiteren funktionellen Gruppen im Ionenaustauscherharz teilweise gezielt einsetzen. In diesem Zusammenhang wird beispielhaft auf Phosphonsäure- bzw. Phosphonat-Gruppen enthaltende Ionenaustauscherharze verwiesen, die zusätzlich über eine Sulfonsäure- bzw. Sulfonat- Funktionalität verfügen und dadurch helfen, die erforderliche schnelle Austauschkinetik sicherzustellen; ein derartiges erfindungsgemäß einsetzbares Ionenaustauscherharz ist </p><p id="p0063" num="0063">beispielsweise Purolite<sup>®</sup> S957. Des Weiteren sind Phosphonat- Ionenaustauscher vorteilhaft einsetzbar, die zusätzlich </p><p id="p0064" num="0064">Carboxylgruppen enthalten, wie der bereits genannte </p><p id="p0065" num="0065">Ionenaustauscher Diphonix<sup>®</sup> der Firma Triskem. </p><p id="p0066" num="0066">Für die Durchführung der Erfindung von untergeordneter Bedeutung ist das Trägermaterial bzw. die chemische Zusammensetzung des Polymers, an das die funktionellen Gruppen vom Phosphonat- bzw. Phosphonsäure-Typ in der Regel gebunden sind. Erfindungsgemäß bevorzugt werden jedoch Ionenaustauscherharze eingesetzt, deren - vorzugsweise vernetztes - Trägermaterial Polystyrol, </p><p id="p0067" num="0067">Polyacrylat oder ein Copolymer von diesen ist. Ebenfalls von untergeordneter Bedeutung ist die Beladung der erfindungsgemäß verwendeten Ionenaustauscherharze, sofern keine Beladung mit den abzutrennenden höherwertigen Ionen erfolgt. Üblicherweise werden die Ionenaustauscherharze unter Beladung mit Alkalimetall- Gegenionen geliefert und können in dieser Form ohne Weiteres für die Erfindung eingesetzt werden. </p><p id="p0068" num="0068">Die weiteren Kenndaten der erfindungsgemäß verwendbaren </p><p id="p0069" num="0069">Ionenaustauscherharze, wie Schüttdichte, </p><p id="p0070" num="0070"> Partikelgrößenverteilung, Dichte und Ionenaustauschkapazität sind in Abhängigkeit von der apparativen Ausstattung und der verfahrenstechnischen Gestaltung der Anlage, in der der 
<!-- EPO <DP n="9"/>-->
Ionenaustausch stattfinden soll, zu wählen; generell zutreffende Aussagen können hierzu nicht gemacht werden. </p><p id="p0071" num="0071">Ebenfalls von untergeordneter Bedeutung ist, ob für die </p><p id="p0072" num="0072">Durchführung des erfindungsgemäßen Verfahrens ein Gleichstrom-, ein Gegenstrom-, ein Schichtbett-, ein Mehrkammer-, ein </p><p id="p0073" num="0073">Doppelfluss-, ein Sandwich- ein Mischbett- oder ein Triobett- Austauscher zum Einsatz kommt; die Verwendung von </p><p id="p0074" num="0074">Gegenstromaustauschern ist jedoch bevorzugt. Sowohl Säulen-, als auch Membran- und alle weiteren bekannten Typen von </p><p id="p0075" num="0075">Ionenaustauschern können erfindungsgemäß Verwendung finden. </p><p id="p0076" num="0076">Des Weiteren kann das erfindungsgemäße Herstellverfahren nicht nur im Chargen-Betrieb bzw. diskontinuierlich, sondern auch im kontinuierlichen Betrieb vollzogen werden. </p><p id="p0077" num="0077">Generell ist darauf hinzuweisen, dass erfindungsgemäß in erster Linie wichtig ist, dass das Ionenaustauscherharz mit der </p><p id="p0078" num="0078">flüssigen Phase der Fällsuspension bzw. dem sauren Waschmedium in Kontakt gebracht wird. Die genaue verfahrenstechnische </p><p id="p0079" num="0079">Ausführung des Prozesses kann den jeweiligen Gegebenheiten und Zielsetzungen angepasst werden; die entsprechenden </p><p id="p0080" num="0080">Gestaltungsmöglichkeiten sind dem Fachmann bekannt. </p><p id="p0081" num="0081">In einer besonderen Aus führungs form der Erfindung ist es auch möglich, dem im Rahmen der Siliziumdioxid-Herstellung zum </p><p id="p0082" num="0082">Einsatz kommenden sauren Medium mindestens einen in diesem löslichen Phosphonat-Ionenaustauscher zuzusetzen und den </p><p id="p0083" num="0083">Ionenaustausch in flüssiger Phase zu vollziehen. </p><p id="p0084" num="0084">Im Hinblick auf die chemische Zusammensetzung der flüssigen Phase der Fällsuspension bzw. des sauren Waschmediums gibt es keinerlei Einschränkungen. In dem erfindungsgemäßen Verfahren lassen sich vorzugsweise Salzsäure, Phosphorsäure, </p><p id="p0085" num="0085">Salpetersäure, Schwefelsäure, Chlorsulfonsäure, Sulfurylchlorid, Perchlorsäure, Ameisensäure und/oder Essigsäure in </p><p id="p0086" num="0086">konzentrierter oder verdünnter Form und auch als Gemische der vorgenannten Säuren einsetzen. Besonders bevorzugt sind die zuvor genannten anorganischen Säuren, also Mineralsäuren, und 
<!-- EPO <DP n="10"/>-->
unter diesen insbesondere Schwefelsäure. Die erfindungsgemäß verwendeten Phosphonsäure- bzw. Phosphonat-Gruppen enthaltenden Ionenaustauscher zeichnen sich im Kontakt mit stark sauren </p><p id="p0087" num="0087">Medien durch eine hohe Stabilität aus, weshalb das saure Waschen auch bei erhöhten Temperaturen erfolgen kann. </p><p id="p0088" num="0088">Das Siliziumdioxid und der erfindungsgemäß verwendete </p><p id="p0089" num="0089">Ionenaustauscher werden vorzugsweise - aber nicht zwingend - getrennt voneinander von der flüssigen Phase der Fällsuspension bzw. dem sauren Waschmedium durchströmt, was insbesondere durch „kreisförmiges" Umpumpen der betreffenden Flüssigkeit </p><p id="p0090" num="0090">bewerkstelligt wird. Im Rahmen dieses Umpumpens werden die durchströmten Feststoffe in beliebigen Gefäßen bzw. Aggregaten vorgehalten. Typische Aggregate zur Ermöglichung eines </p><p id="p0091" num="0091">effektiven Ionenaustausches sind Säulen, die aus beliebigen Materialien bestehen können, sofern sie die Reinheit des </p><p id="p0092" num="0092">Siliziumdioxids nicht beeinträchtigen und stark sauren Medien widerstehen . </p><p id="p0093" num="0093">Nach der erfindungsgemäßen Abtrennung von zwei- und </p><p id="p0094" num="0094">höherwertigen Metallionen wird das Siliziumdioxid in der Regel mit vollentsalztem Wasser (VE-Wasser) so lange gewaschen, bis es als neutralgewaschen bezeichnet und getrocknet werden kann. </p><p id="p0095" num="0095">Neutralgewaschen bedeutet, dass der pH-Wert des erhaltenen </p><p id="p0096" num="0096">Siliziumdioxids bei 4 bis 7,5 liegt und/oder die Leitfähigkeit einer Suspension des gewaschenen Siliziumdioxids in VE-Wasser maximal 9 μΞ/αη, bevorzugt maximal 5 μΞ/αη beträgt. </p><p id="p0097" num="0097">Die nach dem erfindungsgemäßen Verfahren erhältlichen </p><p id="p0098" num="0098">Siliziumdioxide sind dadurch gekennzeichnet, dass ihr Gehalt an Aluminium unter 5 ppm, an Bor unter 0,1 ppm, an Calcium maximal 0,5 ppm, an Eisen maximal 2 ppm, an Nickel maximal 0,5 ppm, an Phosphor unter 0,1 ppm, an Titan maximal 1 ppm und an Zink maximal 0,3 ppm beträgt. </p><p id="p0099" num="0099">Insbesondere zeichnen sich die nach dem erfindungsgemäßen </p><p id="p0100" num="0100">Verfahren hergestellten Siliziumdioxid-Qualitäten durch </p><p id="p0101" num="0101">außergewöhnlich niedrige Verunreinigungen an vierwertigen </p><p id="p0102" num="0102">Metallen aus. So liegen beispielsweise die Zinn- und die </p><p id="p0103" num="0103">Zirkoniumgehalte deutlich unter 0,1 ppm, bevorzugt unter 0,05 ppm, was mit anderen Verfahren wirtschaftlich nicht erreichbar 
<!-- EPO <DP n="11"/>-->
ist; das nachfolgend angeführte Vergleichsbeispiel macht deutlich, dass der Gehalt an Zirkonium- bzw. </p><p id="p0104" num="0104"> Zinnverunreinigungen selbst durch 14-maliges Waschen mit 12%- iger Schwefelsäure nicht unter 0,1 ppm abgesenkt werden kann. </p><p id="p0105" num="0105">Die nach dem Verfahren erhältlichen hochreinen Siliziumdioxide können zu hochreinem Silizium für die Solarindustrie </p><p id="p0106" num="0106">weiterverarbeitet werden. Dazu können die Siliziumdioxide mit hochreinem Kohlenstoff oder hochreinen Zuckern umgesetzt werden. Entsprechende Techniken sind dem Fachmann beispielsweise aus der Schrift WO 2007/106860 AI bekannt. </p><p id="p0107" num="0107">Das durch die Erfindung zugängliche Siliziumdioxid kann auch als hochreiner Rohstoff für die Herstellung von besonders reinem Quarzglas für Lichtwellenleiter, Glasgeräte für Labor und </p><p id="p0108" num="0108">Elektronik, als Katalysatorträger und als Ausgangsstoff für die Herstellung von hochreinen Silikasolen, die zum Polieren von Scheiben aus hochreinem Silizium (Wavern) im sogenannten CMP- Prozess eingesetzt werden, dienen. </p><p id="p0109" num="0109">Im Folgenden wird die Erfindung anhand eines Beispiels und eines Vergleichsbeispiels beschrieben, ohne dass sich durch diese Beschreibung eine Beschränkung hinsichtlich der Anwendungsbreite der Erfindung ergeben soll: </p><p id="p0110" num="0110">Beispiel </p><p id="p0111" num="0111">In einer 6-L-Apparatur aus Borosilikat-Glas wurden 4,5 kg (3950 ml) 20%-ige Schwefelsäure (p . a . -Qualität ) ohne weiteren Zusatz vorgelegt. Die Temperatur betrug 23°C und der in der Apparatur enthaltene Siebboden wurde entfernt. </p><p id="p0112" num="0112"> Mit einer Schlauchpumpe (300 U/min, 8,0 mm Schlauch) wurden 1400 g Wasserglas 40/42 (30%) über einen Priller bzw. eine PTFE- Lochplatte mit 1,4 mm-Löchern zudosiert. Es entstanden keine Blindkörner. Nach 5,5 Minuten war die Wasserglasdosierung 
<!-- EPO <DP n="12"/>-->
abgeschlossen; die Temperatur betrug nach der Prillung 30°C. Noch vor dem Start der Prillung bzw. der Wasserglaszugabe war eine Ionenaustauschersäule mit einem Volumen von 1000 ml </p><p id="p0113" num="0113">eingebaut worden, um die Prilllösung bereits während der </p><p id="p0114" num="0114">Prillung über den Ionenaustauscher leiten zu können. Die Säule war hierfür nach Reinigung mit 10%-iger Schwefelsäure 60 cm bzw. 700 ml hoch mit Purolite S957<sup>®</sup> gefüllt worden. Die </p><p id="p0115" num="0115">Umpumpgeschwindigkeit betrug 75 U/min bzw. 280 g/min. Insgesamt wurde 2,5 Stunden bei Raumtemperatur umgepumpt (Probe 932), dann auf 80°C aufgeheizt und bei dieser Temperatur nochmals 2 Stunden über dieselbe Ionenaustauschersäule umgepumpt (Probe 933) . </p><p id="p0116" num="0116">Anschließend wurde auf eine zweite 1000 ml-Ionenaustauschersäule umgebaut, die zuvor mit 10%-iger Schwefelsäure gereinigt und 60 cm hoch mit Lewatit<sup>®</sup> TP 260 gefüllt worden war. Über diese Säule wurde wieder 2 Stunden lang bei einer Temperatur von 80°C umgepumpt und anschließend abgelassen. Die Lösung hatte ein Volumen von 4400 ml und eine Masse von 4870 g. Die Schwefelsäure hatte nach dem Ablassen noch eine Konzentration von 12,69%, einen pH-Wert von 0,00 und eine Leitfähigkeit von 496 mS/cm. </p><p id="p0117" num="0117">Nun wurde anstelle der mit Lewatit<sup>®</sup> TP 260 gefüllten Säule nochmals eine ca. 700 ml Purolite S957<sup>®</sup>-enthaltende Säule eingebaut, die sich von der zuerst verwendeten Säule nur durch die Tatsache unterschied, dass ihre Vorreinigung bzw. </p><p id="p0118" num="0118">Konditionierung mit nur 2%-iger Schwefelsäure erfolgt war. Nach Zugabe von 3500 g VE-Wasser wurde über Nacht stehen gelassen. Am nächsten Tag wurde die Apparatur wieder auf 80°C aufgeheizt und 2 Stunden bei 75 U/min bzw. 280 g/min umgepumpt. Anschließend wurde abgelassen und auf Umpumpen ohne Ionenaustauschersäule umgebaut. Die Schwefelsäure hatte eine Konzentration von 2,06%, einen pH-Wert von 0,72 und eine Leitfähigkeit von 95,0 mS/cm. In diesem Verfahrensstadium wurde die Probe 934 entnommen. 
<!-- EPO <DP n="13"/>-->
 Zum Neutralwaschen des Siliziumdioxids wurde jeweils mit 3500 g VE-Wasser aufgefüllt und 30 Minuten umgepumpt. Insgesamt wurde siebenmal auf diese Weise mit VE-Wasser gewaschen und dadurch eine Leitfähigkeit von 2 μΞ/αη erreicht. </p><p id="p0119" num="0119"><img id="imgf000013_0001" he="80" wi="166" file="imgf000013_0001.tif" img-format="tif" img-content="table" orientation="portrait" inline="yes"/></p><p id="p0120" num="0120">Das Produkt wurde in eine Quarzglasschale überführt, bei 160°C im Trockenschrank getrocknet und analysiert (Probe 935) . </p><p id="p0121" num="0121"> Die Ionenaustauscher der drei Säulen wurden unter Verwendung alkalischer Tartratlösung regeneriert, die Schwefelsäure in einem Säure-Retardationsverfahren von der Salzfracht befreit. Der Gesamt-Säureverbrauch für den Prillschritt , bei dem 1400 g Wasserglas 40/42 bzw. 420 g S1O<sub>2</sub> eingesetzt wurden, betrug 4,5 kg 20%-ige Schwefelsäure bzw. 900 g H<sub>2</sub>SO<sub>4</sub>. </p><p id="p0122" num="0122"> Extrapoliert ergibt sich für die Herstellung von einem Kilogramm hochreinem Siliziumdioxid demnach ein Verbrauch von 2,14 kg H2SO4. 
<!-- EPO <DP n="14"/>-->

<img id="imgf000014_0001" he="32" wi="167" file="imgf000014_0001.tif" img-format="tif" img-content="drawing" orientation="portrait" inline="no"/>
 </p><p id="p0123" num="0123">Vergleichsbeispiel </p><p id="p0124" num="0124">In der für das oben beschriebene Beispiel verwendeten 6-L- Apparatur wurden 4,5 kg einer 13,5%-igen Schwefelsäure und 10 g einer 35%-igen Wasserstoffperoxid-Lösung vorgelegt. Die </p><p id="p0125" num="0125">Temperatur betrug 24 °C und der in der Apparatur enthaltene </p><p id="p0126" num="0126">Siebboden wurde entfernt. </p><p id="p0127" num="0127"> Mit einer Schlauchpumpe (700 U/min, 8,0 mm Schlauch) wurden 3000 g Wasserglas 40/42 über einen Priller bzw. eine PVDF-Lochplatte mit 2 mm-Löchern zudosiert. Die Prillkörper waren anfangs etwas größer, nahmen nach einigen Minuten aber normale Größe an. Nach 17 Minuten war die Wasserglasdosierung abgeschlossen. Mehr als 3000 g konnten nicht zudosiert werden, da ansonsten die </p><p id="p0128" num="0128">Schwefelsäure komplett neutralisiert worden wäre. Die Temperatur betrug nach der Prillung 32 °C. Nachdem noch 20 Minuten umgepumpt worden war, wurde abgelassen. Die Schwefelsäure hatte nach der Prillung eine Konzentration von 3,30%, einen pH-Wert von 0,79 und eine Leitfähigkeit von 148 mS/cm. </p><p id="p0129" num="0129">Anschließend wurde zwölfmal mit jeweils 3500 g 12%-iger </p><p id="p0130" num="0130">Schwefelsäure gewaschen und danach noch zweimal mit 12%-iger Schwefelsäure in p . a . -Qualität ; hierzu wurde mit einer </p><p id="p0131" num="0131">Schlauchpumpe (100 U/min, 8,0 mm Schlauch) mit einer Umpumprate von 470 ml/min umgepumpt. 
<!-- EPO <DP n="15"/>-->
 Waschschritt Temperatur Dauer Bemerkungen </p><p id="p0132" num="0132"> [°C] [min] </p><p id="p0133" num="0133"> 1. kalt 5 </p><p id="p0134" num="0134"> Säureschritt (25°C) </p><p id="p0135" num="0135"> 2. kalt 5 </p><p id="p0136" num="0136"> Säureschritt (24°C) </p><p id="p0137" num="0137"> 3. kalt 30 </p><p id="p0138" num="0138"> Säureschritt (25°C) </p><p id="p0139" num="0139"> 4. kalt 30 </p><p id="p0140" num="0140"> Säureschritt (25°C) </p><p id="p0141" num="0141"> 5. kalt 60 + 10g H<sub>2</sub>0<sub>2</sub> </p><p id="p0142" num="0142"> Säureschritt (25°C) </p><p id="p0143" num="0143"> 6. 80°C 30 </p><p id="p0144" num="0144"> Säureschritt </p><p id="p0145" num="0145"> 7. 80°C 30 </p><p id="p0146" num="0146"> Säureschritt </p><p id="p0147" num="0147"> 8. 80°C 30 </p><p id="p0148" num="0148"> Säureschritt </p><p id="p0149" num="0149"> 9. 80°C 30 </p><p id="p0150" num="0150"> Säureschritt </p><p id="p0151" num="0151"> 10. 80°C 30 </p><p id="p0152" num="0152"> Säureschritt </p><p id="p0153" num="0153"> 11. 80°C 30 </p><p id="p0154" num="0154"> Säureschritt </p><p id="p0155" num="0155"> 12. 80°C 30 </p><p id="p0156" num="0156"> Säureschritt </p><p id="p0157" num="0157"> 13. 80°C 30 p.a. Säure, über Nacht</p><p id="p0158" num="0158">Säureschritt </p><p id="p0159" num="0159"> 14. 80°C 30 p.a. Säure </p><p id="p0160" num="0160"> Säureschritt </p><p id="p0161" num="0161">Schließlich wurde mit je 3500 g VE-Wasser aufgefüllt und 30 Minuten umgepumpt. 
<!-- EPO <DP n="16"/>-->
 Abschließend wurde noch dreizehnmal mit VE-Wasser gewaschen, bis eine Leitfähigkeit von 1 μΞ/αη erreicht wurde. </p><p id="p0162" num="0162"><img id="imgf000016_0001" he="112" wi="175" file="imgf000016_0001.tif" img-format="tif" img-content="table" orientation="portrait" inline="yes"/></p><p id="p0163" num="0163">Das Produkt wurde in eine Porzellanschale überführt, bei 160°C im Trockenschrank getrocknet und analysiert (Probe 837) . </p><p id="p0164" num="0164"> Der Gesamt-Säureverbrauch betrug 4,5 kg 13,5%-ige Schwefelsäure für den Prillschritt und 49 kg 12%-ige Schwefelsäure für den Waschprozess ; dies entspricht 6488 g H<sub>2</sub>SO<sub>4</sub>. </p><p id="p0165" num="0165"> Die eingesetzten 3000 g Wasserglas 40/42 entsprechen 900 g </p><p id="p0166" num="0166"> Siliziumdioxid, sodass sich für die Herstellung von einem </p><p id="p0167" num="0167"> Kilogramm hochreinem Siliziumdioxid ein Verbrauch von 7,21 kg H<sub>2</sub>SO<sub>4</sub> ergibt. </p><p id="p0168" num="0168"><img id="imgf000016_0002" he="21" wi="167" file="imgf000016_0002.tif" img-format="tif" img-content="table" orientation="portrait" inline="no"/><!-- EPO <DP n="17"/>-->
Die Bestimmung der Spurenelement-Gehalte erfolgte mittels hochauflösender induktiv gekoppelter Plasma-Massenspektrometrie (HR-ICPMS) . </p><p id="p0169" num="0169">Hierzu wird eine genau bestimmte Masse einer 1 - 5 g Probe des zu untersuchenden Materials in einen PFA-Becher eingewogen und dann 1 g einer ca. 1%-igen Mannit-Lösung sowie 25 - 30 g einer ca. 50%-igen Flusssäure zugegeben. Nach kurzem Umschwenken wird der PFA-Becher in einem Heizblock auf 110°C erhitzt, so dass das in der Probe enthaltene Silizium als Hexafluorokieselsäure sowie die überschüssige Flusssäure langsam abdampfen. Der Rückstand wird mit 0,5 ml Salpetersäure (ca. 65 %) und wenigen Tropfen Wasserstoffperoxid-Lösung (ca. 30 %) innerhalb von ca. einer Stunde gelöst und mit Reinstwasser auf 10 g aufgefüllt. </p><p id="p0170" num="0170">Zur Bestimmung der Spurenelemente werden den AufSchlusslösungen 0,05 ml bzw. 0,1 ml entnommen, in ein Polypropylen- Probenröhrchen überführt, mit 0,1 ml Indium-Lösung (c = 0,1 mg/1) als interner Standard versetzt und auf 10 ml mit </p><p id="p0171" num="0171">verdünnter Salpetersäure (ca. 3%) aufgefüllt. </p><p id="p0172" num="0172"> Aus Multielement-Stammlösungen (c = 10 mg/1), in welchen alle zu analysierenden Elemente außer Indium enthalten sind, werden vier Kalibrierlösungen erstellt (c = 0,1; 0,5; 1,0; 5,0 μg/l), wiederum mit dem Zusatz von 0,1 ml Indium-Lösung (c = 0,1 mg/1) auf 10 ml Endvolumen. Zusätzlich werden Blindwertlösungen hergestellt mit 0,1 ml Indium-Lösung (c = 0,1 mg/1) auf 10 ml Endvolumen . </p><p id="p0173" num="0173"> Die Elementgehalte in den so hergestellten Blindwert-, </p><p id="p0174" num="0174">Kalibrier- und Probenlösungen werden mittels der High Resolution Inductively Coupled Mass Spectrometry (HR-ICPMS) unter externer Kalibrierung bestimmt. Die Messung erfolgt mit einer </p><p id="p0175" num="0175">Massenauflösung (m/Am) von mindestens 4000 bzw. von - für die Elemente Kalium, Arsen und Selen - mindestens 10000. 
</p></description><claims mxw-id="PCLM44727367" ref-ucid="WO-2012113657-A1" lang="DE" load-source="patent-office"><claim-statement><!-- EPO <DP n="18"/>-->Patentansprüche </claim-statement><claim id="clm-0001" num="1"><claim-text>1. Verfahren zur Herstellung von hochreinem Siliziumdioxid, bei dem zu einer ein Säuerungsmittel enthaltenden Vorlage mit einem pH-Wert von kleiner 2,0 eine Silikatlösung gegeben wird, deren Viskosität von 0,1 bis 10000 Poise beträgt, mit der Maßgabe, dass der pH-Wert während der Zugabe jederzeit unter 2,0 liegt und mindestens ein Phosphonat-Ionenaustauscher mit mindestens einem, im Rahmen des Verfahrens auftretenden sauren Medium zwecks Ionenaustausch in Kontakt gebracht wird. </claim-text></claim><claim id="clm-0002" num="2"><claim-text>2. Verfahren nach Anspruch 1, bei dem mindestens ein </claim-text><claim-text>Phosphonat-Ionenaustauscher mit der flüssigen Phase der bei der Zugabe der Silikatlösung gebildeten Fällsuspension in Kontakt gebracht wird. </claim-text></claim><claim id="clm-0003" num="3"><claim-text>3. Verfahren nach Anspruch 1, bei dem das Siliziumdioxid von der durch die Zugabe der Silikatlösung gebildeten Fällsuspension abgetrennt und mindestens einmal mit einem sauren Waschmedium behandelt wird, dessen pH-Wert unter 2,0 beträgt, mit der </claim-text><claim-text>Maßgabe, dass mindestens ein Phosphonat-Ionenaustauscher mit dem sauren Waschmedium in Kontakt gebracht wird. </claim-text></claim><claim id="clm-0004" num="4"><claim-text>4. Verfahren nach Anspruch 1, bei dem das Siliziumdioxid von der durch die Zugabe der Silikatlösung gebildeten Fällsuspension abgetrennt und mindestens einmal mit einem sauren Waschmedium behandelt wird, dessen pH-Wert unter 2,0 beträgt, mit der </claim-text><claim-text>Maßgabe, dass mindestens ein Phosphonat-Ionenaustauscher sowohl mit dem sauren Waschmedium, als auch mit der flüssigen Phase der Fällsuspension in Kontakt gebracht wird. <!-- EPO <DP n="19"/>--> </claim-text></claim><claim id="clm-0005" num="5"><claim-text>5. Verfahren nach einem der vorhergehenden Ansprüche, bei dem mindestens ein saures Medium, das mit mindestens einem </claim-text><claim-text>Phosphonat-Ionenaustauscher in Kontakt gebracht wird, zur </claim-text><claim-text>Verbesserung des Ionenaustausches umgepumpt oder bewegt wird. </claim-text></claim><claim id="clm-0006" num="6"><claim-text>6. Verfahren nach einem der vorhergehenden Ansprüche, bei dem das in der Vorlage enthaltene Säuerungsmittel Schwefelsäure umfasst . </claim-text></claim><claim id="clm-0007" num="7"><claim-text>7. Verfahren nach einem der vorhergehenden Ansprüche, bei dem der Ionenaustausch mit dem Phosphonat-Ionenaustauscher parallel zur Herstellung des hochreinen Siliziumdioxids bzw. im </claim-text><claim-text>zeitlichen Rahmen des Herstellverfahrens erfolgt. </claim-text></claim><claim id="clm-0008" num="8"><claim-text>8. Verfahren nach einem der vorhergehenden Ansprüche, bei dem die Herstellung des hochreinen Siliziumdioxids ein </claim-text><claim-text>kontinuierlicher oder ein diskontinuierlicher Prozess ist. </claim-text></claim><claim id="clm-0009" num="9"><claim-text>9. Verfahren nach einem der vorhergehenden Ansprüche, bei dem der Phosphonat-Ionenaustauscher parallel zur Herstellung des hochreinen Siliziumdioxids bzw. im zeitlichen Rahmen des </claim-text><claim-text>Herstellverfahrens einer Regeneration unterzogen wird. </claim-text></claim><claim id="clm-0010" num="10"><claim-text>10. Verfahren nach einem der Ansprüche 1 bis 8, bei dem der Phosphonat-Ionenaustauscher einer Regeneration unterzogen wird. </claim-text></claim><claim id="clm-0011" num="11"><claim-text>11. Verfahren nach Anspruch 9 oder 10, bei dem die zur </claim-text><claim-text>Regeneration verwendete alkalische Lösung Tartrat-, Citrat-, Oxalat- oder EDTA-Ionen umfasst. <!-- EPO <DP n="20"/>--> </claim-text></claim><claim id="clm-0012" num="12"><claim-text>12. Verfahren nach einem der vorhergehenden Ansprüche, bei dem das saure Medium durch Anwendung eines Säure- Retardationsverfahrens gereinigt wird. </claim-text></claim><claim id="clm-0013" num="13"><claim-text>13. Verwendung eines Aminomethylphosphonsäure- bzw. </claim-text><claim-text>Aminomethylphosphonat- funktionalisierten Phosphonat- Ionenaustauschers für ein Verfahren nach einem der </claim-text><claim-text>vorhergehenden Ansprüche. </claim-text></claim><claim id="clm-0014" num="14"><claim-text>14. Verwendung eines Phosphonat-Ionenaustauschers für ein Verfahren nach einem der Ansprüche 1 bis 12, wobei dieser mit Struktureinheiten der Formel R-NR<sup>'</sup> CH<sub>2</sub>P (0) (OH) <sub>2</sub> funktionalisiert ist und wobei R<sup>'</sup> einen beliebigen Rest außer Wasserstoff darstellt, der gleich oder verschieden von R ist. </claim-text></claim><claim id="clm-0015" num="15"><claim-text>15. Verwendung eines Phosphonat-Ionenaustauschers für ein Verfahren nach einem der Ansprüche 1 bis 12, wobei dieser mit Struktureinheiten der Formel R-NHCH<sub>2</sub>P(0) (OH) <sub>2</sub> funktionalisiert ist und wobei R einen beliebigen Rest darstellt. </claim-text></claim><claim id="clm-0016" num="16"><claim-text>16. Verwendung eines Phosphonat-Ionenaustauschers für ein Verfahren nach einem der Ansprüche 1 bis 12, wobei dieser mit Struktureinheiten der Formel RR<sup>'</sup> C [PO (OH) 2] 2 funktionalisiert ist und wobei R<sup>'</sup> einen beliebigen Rest darstellt, der gleich oder verschieden von R ist. </claim-text></claim><claim id="clm-0017" num="17"><claim-text>17. Verwendung eines Phosphonat-Ionenaustauschers für ein Verfahren nach einem der Ansprüche 1 bis 12, wobei dieser neben den normalen Struktureinheiten der Formel R-P(O) (OH) <sub>2</sub> zusätzlich Sulfonsäure- bzw. Sulfonat-Gruppen enthält. <!-- EPO <DP n="21"/>--> </claim-text></claim><claim id="clm-0018" num="18"><claim-text>18. Verwendung eines Phosphonat-Ionenaustauschers nach einem der Ansprüche 13 bis 17, bei der die funktionellen Phosphonsäure- Gruppen mindestens teilweise in mit Alkalimetallionen beladener bzw. neutralisierter Form vorliegen. </claim-text></claim><claim id="clm-0019" num="19"><claim-text>19. Siliziumdioxid, hergestellt nach einem Verfahren gemäß einem der Ansprüche 1 bis 12, bei dem der Gehalt an Zirkonium und/oder Zinn unter 0,1 ppm beträgt. </claim-text></claim><claim id="clm-0020" num="20"><claim-text>20. Siliziumdioxid nach Anspruch 19, bei dem der Gehalt an </claim-text><claim-text>Zirkonium und/oder Zinn unter 0,05 ppm beträgt. </claim-text></claim></claims><copyright>User acknowledges that Fairview Research LLC and its third party providers retain all right, title and interest in and to this xml under applicable copyright laws.  User acquires no ownership rights to this xml including but not limited to its format.  User hereby accepts the terms and conditions of the Licence Agreement</copyright></patent-document>
