<?xml version="1.0" encoding="UTF-8"?>
<patent-document ucid="EP-2958649-A1" country="EP" doc-number="2958649" kind="A1" date="20151230" family-id="51350368" file-reference-id="275029" date-produced="20180825" status="corrected" lang="EN"><bibliographic-data><publication-reference fvid="160453551" ucid="EP-2958649-A1"><document-id><country>EP</country><doc-number>2958649</doc-number><kind>A1</kind><date>20151230</date><lang>EN</lang></document-id></publication-reference><application-reference ucid="EP-13875884-A" is-representative="NO"><document-id mxw-id="PAPP193870070" load-source="patent-office" format="original"><country>EP</country><doc-number>13875884.2</doc-number><date>20130314</date><lang>EN</lang></document-id><document-id mxw-id="PAPP193870071" load-source="docdb" format="epo"><country>EP</country><doc-number>13875884</doc-number><kind>A</kind><date>20130314</date><lang>EN</lang></document-id></application-reference><priority-claims><priority-claim mxw-id="PPC162028147" ucid="US-2013031591-W" linkage-type="W" load-source="docdb"><document-id format="epo"><country>US</country><doc-number>2013031591</doc-number><kind>W</kind><date>20130314</date></document-id></priority-claim><priority-claim mxw-id="PPC162034365" ucid="US-201361767434-P" load-source="docdb"><document-id format="epo"><country>US</country><doc-number>201361767434</doc-number><kind>P</kind><date>20130221</date></document-id></priority-claim></priority-claims><technical-data><classifications-ipcr><classification-ipcr mxw-id="PCL-1909538689" load-source="docdb">B01D   3/14        20060101AFI20160804BHEP        </classification-ipcr></classifications-ipcr><classifications-cpc><classification-cpc mxw-id="PCL-1811115981" load-source="docdb" scheme="CPC">B01D   3/322       20130101 LI20170514BHEP        </classification-cpc><classification-cpc mxw-id="PCL-1811115982" load-source="docdb" scheme="CPC">B01D   3/141       20130101 FI20170515BHEP        </classification-cpc></classifications-cpc><invention-title mxw-id="PT165552119" lang="DE" load-source="patent-office">TRENNVERFAHREN UNTER VERWENDUNG GETEILTER SÄULEN</invention-title><invention-title mxw-id="PT165552120" lang="EN" load-source="patent-office">SEPARATION PROCESSES USING DIVIDED COLUMNS</invention-title><invention-title mxw-id="PT165552121" lang="FR" load-source="patent-office">PROCÉDÉS DE SÉPARATION UTILISANT DES COLONNES DIVISÉES</invention-title></technical-data><parties><applicants><applicant mxw-id="PPAR1103322591" load-source="docdb" sequence="1" format="epo"><addressbook><last-name>GTC TECHNOLOGY US LLC</last-name><address><country>US</country></address></addressbook></applicant><applicant mxw-id="PPAR1103340666" load-source="docdb" sequence="1" format="intermediate"><addressbook><last-name>GTC TECHNOLOGY US, LLC.</last-name></addressbook></applicant><applicant mxw-id="PPAR1101642067" load-source="patent-office" sequence="1" format="original"><addressbook><last-name>GTC Technology US LLC</last-name><iid>101339432</iid><address><street>1001 S. Dairy Ashford Suite 500</street><city>Houston, TX 77077</city><country>US</country></address></addressbook></applicant></applicants><inventors><inventor mxw-id="PPAR1103321742" load-source="docdb" sequence="1" format="epo"><addressbook><last-name>BHARGAVA MANISH</last-name><address><country>US</country></address></addressbook></inventor><inventor mxw-id="PPAR1103314937" load-source="docdb" sequence="1" format="intermediate"><addressbook><last-name>BHARGAVA, Manish</last-name></addressbook></inventor><inventor mxw-id="PPAR1101647154" load-source="patent-office" sequence="1" format="original"><addressbook><last-name>BHARGAVA, Manish</last-name><address><street>9603 Basil Field Court</street><city>Katy, TX 77494</city><country>US</country></address></addressbook></inventor><inventor mxw-id="PPAR1103320094" load-source="docdb" sequence="2" format="epo"><addressbook><last-name>NELSON COLE</last-name><address><country>US</country></address></addressbook></inventor><inventor mxw-id="PPAR1103341290" load-source="docdb" sequence="2" format="intermediate"><addressbook><last-name>NELSON, COLE</last-name></addressbook></inventor><inventor mxw-id="PPAR1101640140" load-source="patent-office" sequence="2" format="original"><addressbook><last-name>NELSON, COLE</last-name><address><street>26318 Fieldhaven Ct.</street><city>Cypress, TX 77433</city><country>US</country></address></addressbook></inventor></inventors><agents><agent mxw-id="PPAR1101652003" load-source="patent-office" sequence="1" format="original"><addressbook><last-name>Whitfield, Gillian Janette</last-name><suffix>et al</suffix><iid>101430751</iid><address><street>Astrum ElementOne Limited 7th Floor Tower House Fairfax Street</street><city>Bristol BS1 3BN</city><country>GB</country></address></addressbook></agent></agents></parties><international-convention-data><pct-or-regional-filing-data ucid="US-2013031591-W"><document-id><country>US</country><doc-number>2013031591</doc-number><kind>W</kind><date>20130314</date><lang>EN</lang></document-id></pct-or-regional-filing-data><pct-or-regional-publishing-data ucid="WO-2014130066-A1"><document-id><country>WO</country><doc-number>2014130066</doc-number><kind>A1</kind><date>20140828</date><lang>EN</lang></document-id></pct-or-regional-publishing-data><designated-states><ep-contracting-states><country mxw-id="DS660793817" load-source="docdb">AL</country><country mxw-id="DS660730009" load-source="docdb">AT</country><country mxw-id="DS660642763" load-source="docdb">BE</country><country mxw-id="DS660639719" load-source="docdb">BG</country><country mxw-id="DS660638222" load-source="docdb">CH</country><country mxw-id="DS660642764" load-source="docdb">CY</country><country mxw-id="DS660720005" load-source="docdb">CZ</country><country mxw-id="DS660793819" load-source="docdb">DE</country><country mxw-id="DS660642765" load-source="docdb">DK</country><country mxw-id="DS660642766" load-source="docdb">EE</country><country mxw-id="DS660752875" load-source="docdb">ES</country><country mxw-id="DS660639720" load-source="docdb">FI</country><country mxw-id="DS660639721" load-source="docdb">FR</country><country mxw-id="DS660793820" load-source="docdb">GB</country><country mxw-id="DS660642775" load-source="docdb">GR</country><country mxw-id="DS660793821" load-source="docdb">HR</country><country mxw-id="DS660720006" load-source="docdb">HU</country><country mxw-id="DS660638231" load-source="docdb">IE</country><country mxw-id="DS660642776" load-source="docdb">IS</country><country mxw-id="DS660639722" load-source="docdb">IT</country><country mxw-id="DS660642777" load-source="docdb">LI</country><country mxw-id="DS660639731" load-source="docdb">LT</country><country mxw-id="DS660730010" load-source="docdb">LU</country><country mxw-id="DS660639732" load-source="docdb">LV</country><country mxw-id="DS660639733" load-source="docdb">MC</country><country mxw-id="DS660730019" load-source="docdb">MK</country><country mxw-id="DS660730020" load-source="docdb">MT</country><country mxw-id="DS660752876" load-source="docdb">NL</country><country mxw-id="DS660721417" load-source="docdb">NO</country><country mxw-id="DS660752877" load-source="docdb">PL</country><country mxw-id="DS660639734" load-source="docdb">PT</country><country mxw-id="DS660720011" load-source="docdb">RO</country><country mxw-id="DS660639739" load-source="docdb">RS</country><country mxw-id="DS660752878" load-source="docdb">SE</country><country mxw-id="DS660638232" load-source="docdb">SI</country><country mxw-id="DS660721418" load-source="docdb">SK</country><country mxw-id="DS660721439" load-source="docdb">SM</country><country mxw-id="DS660730021" load-source="docdb">TR</country></ep-contracting-states><ep-extended-states><ep-extended-state-data><country>BA</country></ep-extended-state-data><ep-extended-state-data><country>ME</country></ep-extended-state-data></ep-extended-states></designated-states></international-convention-data><office-specific-data><eptags><ep-no-a-document-published>*</ep-no-a-document-published></eptags></office-specific-data></bibliographic-data><abstract mxw-id="PA139074912" ref-ucid="WO-2014130066-A1" lang="EN" load-source="patent-office"><p num="0000">The claimed invention provides a technique wherein the two column system is combined into a single column. The light components are concentrated on the prefractionation side (feed side) of the column, where they are removed as an overhead top product. The middle boiling components are removed as an overhead product on the opposite side of dividing wall. For the same product specifications, top divided column requires substantially lower capital and operating cost than a conventional two-column system.</p></abstract><abstract mxw-id="PA139542431" ref-ucid="WO-2014130066-A1" lang="EN" source="national office" load-source="docdb"><p>The claimed invention provides a technique wherein the two column system is combined into a single column. The light components are concentrated on the prefractionation side (feed side) of the column, where they are removed as an overhead top product. The middle boiling components are removed as an overhead product on the opposite side of dividing wall. For the same product specifications, top divided column requires substantially lower capital and operating cost than a conventional two-column system.</p></abstract><abstract mxw-id="PA139074913" ref-ucid="WO-2014130066-A1" lang="FR" load-source="patent-office"><p num="0000">La présente invention concerne une technique dans laquelle le système à deux colonnes est combiné en une seule colonne. Les composants légers sont concentrés sur le côté préfractionnement (côté alimentation) de la colonne, où ils peuvent être éliminés en tant que produit supérieur de distillat de tête. Les composants à point d'ébullition intermédiaire sont éliminés sous la forme d'un produit de distillat de tête sur le côté opposé de la paroi de séparation. Pour les mêmes spécifications de produit, la colonne divisée supérieure requiert un coût d'investissement et d'exploitation sensiblement plus faible qu'un système à deux colonnes conventionnel.</p></abstract><abstract mxw-id="PA139542432" ref-ucid="WO-2014130066-A1" lang="FR" source="national office" load-source="docdb"><p>La présente invention concerne une technique dans laquelle le système à deux colonnes est combiné en une seule colonne. Les composants légers sont concentrés sur le côté préfractionnement (côté alimentation) de la colonne, où ils peuvent être éliminés en tant que produit supérieur de distillat de tête. Les composants à point d'ébullition intermédiaire sont éliminés sous la forme d'un produit de distillat de tête sur le côté opposé de la paroi de séparation. Pour les mêmes spécifications de produit, la colonne divisée supérieure requiert un coût d'investissement et d'exploitation sensiblement plus faible qu'un système à deux colonnes conventionnel.</p></abstract><description mxw-id="PDES78477335" ref-ucid="WO-2014130066-A1" lang="EN" load-source="patent-office"><!-- EPO <DP n="2"/>--><p id="p0001" num="0001"> Separation Processes Usin2 Divided Columns </p><p id="p0002" num="0002">CROSS-REFERENCES TO RELATED APPLICATIONS </p><p id="p0003" num="0003">[0001] This Application claims the benefit under 35 U.S.C. § 119(e) of U.S. </p><p id="p0004" num="0004">Provisional Patent Application Ser. No. 61/767,434 filed February 21, 2013, which is incorporated herein by reference in its entirety as if fully set forth herein. </p><p id="p0005" num="0005">FIELD OF THE INVENTION </p><p id="p0006" num="0006">[0002] The claimed invention (Top Dividing Wall Column Depropanizer or TDWC) provides an innovative technique wherein the two column system is combined into a single column. The light components are concentrated on the prefractionation side (feed side) of the column, where they are removed as an overhead top product. The middle boiling </p><p id="p0007" num="0007">components are removed as an overhead product on the opposite side of dividing wall. For the same product specifications, TDWC requires substantially lower capital and operating cost than a conventional two-column system. </p><p id="p0008" num="0008">BACKGROUND OF THE INVENTION </p><p id="p0009" num="0009">[0003] Distillation and absorption are very common separation techniques used in the process industries. Both techniques require a large amount of energy due to the heating and cooling involved in the process. These techniques were mostly designed more than a decade ago when the economic, political and societal scenarios were different. It would be desirable to reduce the energy cost in the interest of economy as well as society. </p><p id="p0010" num="0010">[0004] There are complex separation configurations available that offer substantial reduction in energy and capital expenditures. These options include dividing wall columns. Dividing wall columns are normally used in distillation processes. FIG. 1 represents the prior art. The column operates at 390 psig with an overhead temperature of 95 °F. This conventional depropanizer aims at separating C2/C<sub>3</sub> components as an overhead product and C4/C4 components as the bottoms product of the column. </p><p id="p0011" num="0011">[0005] However, the prior art possesses several disadvantages. It is not possible to condense the lighter components in the overhead product at 350 psig and using cooling water as the overhead cooling media. The overhead system has a partial condenser. C<sub>2</sub> and lighter components (used as fuel gas) are drawn as the vapor product from the partial condenser. C<sub>3</sub> 
<!-- EPO <DP n="3"/>-->
 product is the liquid stream from the partial condenser. A considerable amount of C3 components are lost to the fuel gas vapor stream. The loss of C3 components can be prevented by decreasing the overhead temperature (e.g., by using refrigeration) or increasing the column pressure. However, this increases the operating cost of the column. Although the prior art systems offers a sharp split between C3 and C3+, the recoveries of these components is low as they are lost in the fuel gas vapor stream. </p><p id="p0012" num="0012">[0006] FIG. 2 represents alternative prior art. This process uses a two column design. The first column is a reboiled absorber which aims at separating non-condensed products from the feed. The non condensables (used as fuel gas) are the overhead vapor product from this column. The bottoms from the first column are fed to the second column. C3 product is withdrawn as an overhead product in the second column and C<sub>4</sub>/ C<sub>4+</sub> is withdrawn as the bottoms product. Although, this prior art system offers high C3/C3 . recoveries. The disadvantage is higher capital expenditure and higher energy consumption. </p><p id="p0013" num="0013">[0007] Thus, it would be desirable to have a system that overcomes the disadvantages of the prior art systems. </p><p id="p0014" num="0014">SUMMARY OF THE INVENTION </p><p id="p0015" num="0015">[0008] An embodiment of the invention is directed to a process wherein two different unit operations (absorption and distillation) take place on either side of a top dividing wall column. In an embodiment of the invention, the top divided column is used as a depropanizer that recovers C3 components from fuel gas. </p><p id="p0016" num="0016">BRIEF DESCRIPTION OF THE DRAWINGS </p><p id="p0017" num="0017">[0009] FIG. 1 represents a prior art separation process in accordance with an embodiment of the invention; </p><p id="p0018" num="0018">[00010] FIG. 2 represents a dual column separation process in accordance with an embodiment of the invention; and </p><p id="p0019" num="0019">[00011] FIG. 3 represents a process scheme in accordance with an embodiment of the invention. 
<!-- EPO <DP n="4"/>-->
 DETAILED DESCRIPTION OF EXEMPLARY EMBODIMENTS </p><p id="p0020" num="0020">[00012] An embodiment of the invention is directed to a process wherein two different unit operations (absorption and distillation) take place on either side of a top dividing wall column. [00013] The innovation is explained through an example, a conventional depropanizing system </p><p id="p0021" num="0021">[00014] The claimed invention provides an innovative technique wherein a two column system used in a distillation set up is combined into a single column. In certain embodiments of the invention, the light components are concentrated on the prefractionation side (feed side) of the column, where they are removed as an overhead top product. The middle boiling components are removed as an overhead product on the opposite side of dividing wall. Thus, for the same product specifications, the top divided wall column of the claimed invention requires substantially lower capital and operating cost than a conventional two-column system. [00015] A working representation of the claimed invention is set forth in FIG.</p><p id="p0022" num="0022">3. A distillation column having a top dividing wall is shown. The top divided column has a feed side that is located on one side of the dividing wall and a product side on the opposite side of the dividing wall. The bottom portion of the top divided column i.e., the opposite side of the top divided column is the main section. [00016] In an embodiment of the invention, the process scheme of the claimed invention is designed to separate C<sub>2</sub> (Non condensables), C<sub>3</sub> (intermediate component), C<sub>3</sub> . (Heavies) in a single top divided column. The feed stream is first sent to the pre-fractionation side of the top divided column. The vertical dividing wall splits the top portion of the column into two halves. The feed side of the wall is called the pre-fractionation section. The non- condensables (used as fuel gas) is removed as overhead vapor product from a vent condenser. In certain embodiments of the invention, the column overhead pressure is set at 350 psig via a pressure controller on the overhead fuel gas product line. The section above the feed acts as an absorption section that us primarily used to minimize the loss of C<sub>3</sub> components. The pre- ractionation side has reflux coming from two sources: A liquid stream condensed from a vent condenser; and a heavy stream from a bottoms pump. 
<!-- EPO <DP n="5"/>-->
 [00017] In an embodiment of the invention, the vapor from the overhead of the main section is condensed and cooled to 95°F in air-cooled exchanger followed by the water- cooled condenser. The condenser outlet is collected in an overhead receiver. The C3 light liquid is pumped out of the drum via reflux pumps. A portion of the light liquid is sent back to the column as reflux and the remainder is withdrawn as C3 product. </p><p id="p0023" num="0023">[00018] In an embodiment of the invention, the operating pressure of the column is controlled by a pressure control loop installed on the non-condensable line going to the fuel gas header, while the pressure in the overhead received is controlled by a hot by-pass pressure control loop. [00019] In an embodiment of the invention, the temperature in top section of the main column is controlled in cascade with the reflux flow control loop. This allows control over the quality of the C3 product by suppressing the tendency of the heavier components from going to the top of the column. </p><p id="p0024" num="0024">[00020] In an embodiment of the invention, the reboiler connected to the main section is a thermosyphon steam reboiler that uses steam as heating medium. The heat input to the reboiler is regulated by controlling the steam flow cascaded to the column bottom tray temperature controller. </p><p id="p0025" num="0025">[00021] The C3 bottom product is controlled by a level control loop in cascade with the bottom product flow rate. [00022] Overall aspects of the invention relate to methods for increasing the energy efficiency of a distillation process using a top divided column. Those having skill in the art, with the knowledge gained from the present disclosure, will recognize that various changes could be made to the methods disclosed herein without departing from the scope of the present invention. Mechanisms used to explain theoretical or observed phenomena or results, shall be interpreted as illustrative only and not limiting in any way the scope of the appended claims. 
</p></description><claims mxw-id="PCLM70077604" ref-ucid="WO-2014130066-A1" lang="EN" load-source="patent-office"><claim-statement><!-- EPO <DP n="6"/>--> CLAIMS What is claimed is: </claim-statement><claim id="clm-0001" num="1"><claim-text>1. A distillation column comprising a wall in a top section of the column having two condensers and a side reboiler </claim-text></claim><claim id="clm-0002" num="2"><claim-text>2. The distillation column of claim 1, wherein the two condensers are a partial condenser and a total condenser. </claim-text></claim><claim id="clm-0003" num="3"><claim-text>3. The distillation column of claim 1, wherein the column has been used as a depropanizer that recovers C3 components from fuel gas. </claim-text></claim><claim id="clm-0004" num="4"><claim-text>4. The distillation column of claim 1, wherein the column has a feed side or prefractionation side and a main side. </claim-text></claim><claim id="clm-0005" num="5"><claim-text>5. The distillation column of claim 4 wherein the feed side acts as a reboiled absorber, which separates non condensables from C<sub>3</sub>. </claim-text></claim><claim id="clm-0006" num="6"><claim-text>6. The distillation column of claim 4 wherein the prefractionation side contains an absorption solvent. </claim-text></claim><claim id="clm-0007" num="7"><claim-text>7. The distillation column of claim 6 wherein a portion of the absorption solvent is sent back to the column as reflux and the remainder is withdrawn as C<sub>3</sub> product. </claim-text></claim><claim id="clm-0008" num="8"><claim-text>8. The distillation column of claim 7 wherein the reflux helps in reducing the C<sub>3</sub> loss to the fuel gas. </claim-text></claim><claim id="clm-0009" num="9"><claim-text>9. The distillation column of claim 1 wherein the side reboiler is used in the prefractionation side of distillation column. </claim-text></claim><claim id="clm-0010" num="10"><claim-text>10. The distillation column of claim 9 wherein the heating medium of the side reboiler is the column bottoms. 
</claim-text></claim></claims><copyright>User acknowledges that Fairview Research LLC and its third party providers retain all right, title and interest in and to this xml under applicable copyright laws.  User acquires no ownership rights to this xml including but not limited to its format.  User hereby accepts the terms and conditions of the Licence Agreement</copyright></patent-document>
