<?xml version="1.0" encoding="UTF-8"?>
<patent-document ucid="EP-2958834-A1" country="EP" doc-number="2958834" kind="A1" date="20151230" family-id="50624875" file-reference-id="311200" date-produced="20180822" status="corrected" lang="EN"><bibliographic-data><publication-reference fvid="160453844" ucid="EP-2958834-A1"><document-id><country>EP</country><doc-number>2958834</doc-number><kind>A1</kind><date>20151230</date><lang>EN</lang></document-id></publication-reference><application-reference ucid="EP-14720232-A" is-representative="NO"><document-id mxw-id="PAPP193870656" load-source="patent-office" format="original"><country>EP</country><doc-number>14720232.9</doc-number><date>20140128</date><lang>EN</lang></document-id><document-id mxw-id="PAPP193870657" load-source="docdb" format="epo"><country>EP</country><doc-number>14720232</doc-number><kind>A</kind><date>20140128</date><lang>EN</lang></document-id></application-reference><priority-claims><priority-claim mxw-id="PPC162032638" ucid="IB-2014000345-W" linkage-type="W" load-source="docdb"><document-id format="epo"><country>IB</country><doc-number>2014000345</doc-number><kind>W</kind><date>20140128</date></document-id></priority-claim><priority-claim mxw-id="PPC162032836" ucid="US-201313774444-A" load-source="docdb"><document-id format="epo"><country>US</country><doc-number>201313774444</doc-number><kind>A</kind><date>20130222</date></document-id></priority-claim></priority-claims><technical-data><classifications-ipcr><classification-ipcr mxw-id="PCL-1988520607" load-source="docdb">B65G  23/30        20060101AFI20140909BHEP        </classification-ipcr><classification-ipcr mxw-id="PCL-1988521304" load-source="docdb">B65G  35/06        20060101ALI20140909BHEP        </classification-ipcr><classification-ipcr mxw-id="PCL-1988523048" load-source="docdb">B65G  54/02        20060101ALI20140909BHEP        </classification-ipcr><classification-ipcr mxw-id="PCL-1988527108" load-source="docdb">B65G  35/08        20060101ALI20140909BHEP        </classification-ipcr></classifications-ipcr><classifications-cpc><classification-cpc mxw-id="PCL-1987766118" load-source="docdb" scheme="CPC">B65G  54/02        20130101 LI20140709BHEP        </classification-cpc><classification-cpc mxw-id="PCL-1987772886" load-source="docdb" scheme="CPC">B65G  35/06        20130101 LI20140709BHEP        </classification-cpc><classification-cpc mxw-id="PCL-1987784949" load-source="docdb" scheme="CPC">B65G  23/30        20130101 LI20140820BHEP        </classification-cpc><classification-cpc mxw-id="PCL-1987789481" load-source="docdb" scheme="CPC">B65G  43/00        20130101 FI20140819BHEP        </classification-cpc><classification-cpc mxw-id="PCL-1987796222" load-source="docdb" scheme="CPC">B65G  35/08        20130101 LI20140709BHEP        </classification-cpc></classifications-cpc><invention-title mxw-id="PT165552998" lang="DE" load-source="patent-office">VERFAHREN UND VORRICHTUNG ZUR ÄNDERUNG DER WAGENGESCHWINDIGKEIT AUF EINEM GLEIS MIT GESCHLOSSENEM KREIS</invention-title><invention-title mxw-id="PT165552999" lang="EN" load-source="patent-office">METHOD AND APPARATUS FOR CHANGING CARRIAGE SPEED ON A CLOSED-LOOP TRACK</invention-title><invention-title mxw-id="PT165553000" lang="FR" load-source="patent-office">PROCÉDÉ ET APPAREIL DE CHANGEMENT DE VITESSE DE CHARIOT SUR UNE PISTE À BOUCLE FERMÉE</invention-title><citations><non-patent-citations><nplcit><text>See references of WO 2014128557A1</text><sources><source mxw-id="PNPL67568435" load-source="docdb" name="SEA"/></sources></nplcit></non-patent-citations></citations></technical-data><parties><applicants><applicant mxw-id="PPAR1103325123" load-source="docdb" sequence="1" format="epo"><addressbook><last-name>TAMICARE LTD</last-name><address><country>GB</country></address></addressbook></applicant><applicant mxw-id="PPAR1103328911" load-source="docdb" sequence="1" format="intermediate"><addressbook><last-name>TAMICARE LTD.</last-name></addressbook></applicant><applicant mxw-id="PPAR1101645475" load-source="patent-office" sequence="1" format="original"><addressbook><last-name>Tamicare Ltd.</last-name><iid>101437758</iid><address><street>Unit 4 Broadfield Business Park Pilsworth Road</street><city>Heywood OL10 2TA</city><country>GB</country></address></addressbook></applicant></applicants><inventors><inventor mxw-id="PPAR1103306283" load-source="docdb" sequence="1" format="epo"><addressbook><last-name>GILOH EHUD</last-name><address><country>GB</country></address></addressbook></inventor><inventor mxw-id="PPAR1103306224" load-source="docdb" sequence="1" format="intermediate"><addressbook><last-name>GILOH, EHUD</last-name></addressbook></inventor><inventor mxw-id="PPAR1101648420" load-source="patent-office" sequence="1" format="original"><addressbook><last-name>GILOH, EHUD</last-name><address><street>Unit 4 Broadfield Business Park Pilsworth Road</street><city>Heywood OL10 2TA</city><country>GB</country></address></addressbook></inventor><inventor mxw-id="PPAR1103328787" load-source="docdb" sequence="2" format="epo"><addressbook><last-name>GRINSHPAN ADAM I</last-name><address><country>GB</country></address></addressbook></inventor><inventor mxw-id="PPAR1103303676" load-source="docdb" sequence="2" format="intermediate"><addressbook><last-name>GRINSHPAN, Adam, I.</last-name></addressbook></inventor><inventor mxw-id="PPAR1101647061" load-source="patent-office" sequence="2" format="original"><addressbook><last-name>GRINSHPAN, Adam, I.</last-name><address><street>14 Mulberry Close</street><city>Radcliffe Manchester M26 3AR</city><country>GB</country></address></addressbook></inventor><inventor mxw-id="PPAR1103331951" load-source="docdb" sequence="3" format="epo"><addressbook><last-name>MELAMED REUVEN</last-name><address><country>IL</country></address></addressbook></inventor><inventor mxw-id="PPAR1103327579" load-source="docdb" sequence="3" format="intermediate"><addressbook><last-name>MELAMED, REUVEN</last-name></addressbook></inventor><inventor mxw-id="PPAR1101640827" load-source="patent-office" sequence="3" format="original"><addressbook><last-name>MELAMED, REUVEN</last-name><address><street>Ellyahu Beit Tzuri</street><city>30900 Zikhron Ya'akov</city><country>IL</country></address></addressbook></inventor><inventor mxw-id="PPAR1103304376" load-source="docdb" sequence="4" format="epo"><addressbook><last-name>YIFRAH ARIE</last-name><address><country>GB</country></address></addressbook></inventor><inventor mxw-id="PPAR1103337968" load-source="docdb" sequence="4" format="intermediate"><addressbook><last-name>YIFRAH, ARIE</last-name></addressbook></inventor><inventor mxw-id="PPAR1101645817" load-source="patent-office" sequence="4" format="original"><addressbook><last-name>YIFRAH, ARIE</last-name><address><street>5 Lynton Close Penketh</street><city>Warrington WA5 2QB</city><country>GB</country></address></addressbook></inventor><inventor mxw-id="PPAR1103324067" load-source="docdb" sequence="5" format="epo"><addressbook><last-name>DAWBER THOMAS COLIN</last-name><address><country>GB</country></address></addressbook></inventor><inventor mxw-id="PPAR1103334213" load-source="docdb" sequence="5" format="intermediate"><addressbook><last-name>DAWBER, Thomas, Colin</last-name></addressbook></inventor><inventor mxw-id="PPAR1101643073" load-source="patent-office" sequence="5" format="original"><addressbook><last-name>DAWBER, Thomas, Colin</last-name><address><street>97 Western Drive</street><city>Leyland Lancashire PR25 1YE</city><country>GB</country></address></addressbook></inventor></inventors><agents><agent mxw-id="PPAR1101645239" load-source="patent-office" sequence="1" format="original"><addressbook><last-name>Lane, Cathal Michael</last-name><suffix>et al</suffix><iid>100043338</iid><address><street>Tomkins &amp; Co. 5 Dartmouth Road</street><city>Dublin 6</city><country>IE</country></address></addressbook></agent></agents></parties><international-convention-data><pct-or-regional-filing-data ucid="IB-2014000345-W"><document-id><country>IB</country><doc-number>2014000345</doc-number><kind>W</kind><date>20140128</date><lang>EN</lang></document-id></pct-or-regional-filing-data><pct-or-regional-publishing-data ucid="WO-2014128557-A1"><document-id><country>WO</country><doc-number>2014128557</doc-number><kind>A1</kind><date>20140828</date><lang>EN</lang></document-id></pct-or-regional-publishing-data><designated-states><ep-contracting-states><country mxw-id="DS660795285" load-source="docdb">AL</country><country mxw-id="DS660642595" load-source="docdb">AT</country><country mxw-id="DS660643740" load-source="docdb">BE</country><country mxw-id="DS660647052" load-source="docdb">BG</country><country mxw-id="DS660724783" load-source="docdb">CH</country><country mxw-id="DS660643741" load-source="docdb">CY</country><country mxw-id="DS660642596" load-source="docdb">CZ</country><country mxw-id="DS660795287" load-source="docdb">DE</country><country mxw-id="DS660643742" load-source="docdb">DK</country><country mxw-id="DS660643751" load-source="docdb">EE</country><country mxw-id="DS660736092" load-source="docdb">ES</country><country mxw-id="DS660647053" load-source="docdb">FI</country><country mxw-id="DS660724784" load-source="docdb">FR</country><country mxw-id="DS660795288" load-source="docdb">GB</country><country mxw-id="DS660643752" load-source="docdb">GR</country><country mxw-id="DS660795289" load-source="docdb">HR</country><country mxw-id="DS660642597" load-source="docdb">HU</country><country mxw-id="DS660724785" load-source="docdb">IE</country><country mxw-id="DS660643753" load-source="docdb">IS</country><country mxw-id="DS660647054" load-source="docdb">IT</country><country mxw-id="DS660643754" load-source="docdb">LI</country><country mxw-id="DS660647059" load-source="docdb">LT</country><country mxw-id="DS660760113" load-source="docdb">LU</country><country mxw-id="DS660647060" load-source="docdb">LV</country><country mxw-id="DS660647061" load-source="docdb">MC</country><country mxw-id="DS660760114" load-source="docdb">MK</country><country mxw-id="DS660760119" load-source="docdb">MT</country><country mxw-id="DS660736093" load-source="docdb">NL</country><country mxw-id="DS660725495" load-source="docdb">NO</country><country mxw-id="DS660736094" load-source="docdb">PL</country><country mxw-id="DS660760120" load-source="docdb">PT</country><country mxw-id="DS660724786" load-source="docdb">RO</country><country mxw-id="DS660760121" load-source="docdb">RS</country><country mxw-id="DS660736099" load-source="docdb">SE</country><country mxw-id="DS660642598" load-source="docdb">SI</country><country mxw-id="DS660725496" load-source="docdb">SK</country><country mxw-id="DS660725497" load-source="docdb">SM</country><country mxw-id="DS660647062" load-source="docdb">TR</country></ep-contracting-states><ep-extended-states><ep-extended-state-data><country>BA</country></ep-extended-state-data><ep-extended-state-data><country>ME</country></ep-extended-state-data></ep-extended-states></designated-states></international-convention-data><office-specific-data><eptags><ep-no-a-document-published>*</ep-no-a-document-published></eptags></office-specific-data></bibliographic-data><abstract mxw-id="PA139077680" ref-ucid="WO-2014128557-A1" lang="EN" load-source="patent-office"><p num="0000">A method and apparatus for managing different traffic speeds of carriages (15) moving along a closed-loop track (10) is disclosed. The closed-loop track has at least four different speed zones (11, 12, 13, 14), which include a slow speed zone (11), a fast speed zone (12), an acceleration zone (13, 14), and a deceleration zone (14, 13). A computerized control system (17) monitors and controls the movement of the carriages along the different speed zones of the closed loops track, so different traffic speeds are maintained along the closed loop track, simultaneously, with no collisions.</p></abstract><abstract mxw-id="PA139544415" ref-ucid="WO-2014128557-A1" lang="EN" source="national office" load-source="docdb"><p>A method and apparatus for managing different traffic speeds of carriages (15) moving along a closed-loop track (10) is disclosed. The closed-loop track has at least four different speed zones (11, 12, 13, 14), which include a slow speed zone (11), a fast speed zone (12), an acceleration zone (13, 14), and a deceleration zone (14, 13). A computerized control system (17) monitors and controls the movement of the carriages along the different speed zones of the closed loops track, so different traffic speeds are maintained along the closed loop track, simultaneously, with no collisions.</p></abstract><abstract mxw-id="PA139077681" ref-ucid="WO-2014128557-A1" lang="FR" load-source="patent-office"><p num="0000">La présente invention se rapporte à un procédé et à un appareil destinés à gérer différentes vitesses de trafic de chariots (15) se déplaçant le long d'une piste à boucle fermée (10). La piste à boucle fermée possède au moins quatre zones de vitesses différentes (11, 12, 13, 14), qui comprennent une zone à faible vitesse (11), une zone à vitesse élevée (12), une zone d'accélération (13, 14) et une zone de ralentissement (14, 13). Un système de commande informatisé (17) contrôle et commande le déplacement des chariots le long des différentes zones de vitesse de la piste à boucle fermée, ainsi différentes vitesses de trafic sont maintenues le long de la piste à boucle fermée, simultanément, sans aucune collision.</p></abstract><abstract mxw-id="PA139544416" ref-ucid="WO-2014128557-A1" lang="FR" source="national office" load-source="docdb"><p>La présente invention se rapporte à un procédé et à un appareil destinés à gérer différentes vitesses de trafic de chariots (15) se déplaçant le long d'une piste à boucle fermée (10). La piste à boucle fermée possède au moins quatre zones de vitesses différentes (11, 12, 13, 14), qui comprennent une zone à faible vitesse (11), une zone à vitesse élevée (12), une zone d'accélération (13, 14) et une zone de ralentissement (14, 13). Un système de commande informatisé (17) contrôle et commande le déplacement des chariots le long des différentes zones de vitesse de la piste à boucle fermée, ainsi différentes vitesses de trafic sont maintenues le long de la piste à boucle fermée, simultanément, sans aucune collision.</p></abstract><description mxw-id="PDES78477472" ref-ucid="WO-2014128557-A1" lang="EN" load-source="patent-office"><!-- EPO <DP n="2"/>--><p id="p0001" num="0001"> METHOD AND APPARATUS FOR CHANGING CARRIAGE SPEED ON A </p><p id="p0002" num="0002"> CLOSED-LOOP TRACK </p><p id="p0003" num="0003">Background </p><p id="p0004" num="0004"> [0001] When different processes are executed on carriages moving on the same track, different speeds may be acquired to the objects at different zones of the track, to facilitate the different processes at the different required speeds. </p><p id="p0005" num="0005"> [0002] When using a closed-loop manufacturing system having carriages which are moving along the closed loop rail system, obtaining simultaneously different speeds to the different carriages moving on the same closed-loop track may be a challenge, as a collision will occur eventually. </p><p id="p0006" num="0006"> [0003] A known method used to solve this requirement uses mechanical transition units as implemented in power and free conveyer lines such as produced by Paelineconveyors Inc. However, mechanical transition systems usually require the addition of an extended dedicated track external to the main track. In addition, the systems are relatively robust and hefty, thus making a delicate speed synchronization or fast change in parameters considerably limited. </p><p id="p0007" num="0007">Summary </p><p id="p0008" num="0008"> [0004] A method and apparatus for providing different traffic speeds to carriages or groups of carriages moving along a closed-loop track is disclosed. </p><p id="p0009" num="0009"> [0005] Some closed loop track based production lines require more than one operation speed or pitch between carriages to allow different types of production processes that vary in duration, speed, line length, etc. </p><p id="p0010" num="0010"> [0006] A sophisticated method for real time controlling, monitoring, and adjusting the speed of the carriages moving along various zones of a closed-loop track is also disclosed. </p><p id="p0011" num="0011"> [0007] The current application also introduces a new method of using flexible, computerized speed and pitch shifters, configured to desired operation specifications. </p><p id="p0012" num="0012"> [0008] The speed/pitch configuration may be constant and steady through the entirety of the production process or, being software driven, variable and adaptable instantly in accordance to preset or real time variations of manufacturing specifications and requirements. 
<!-- EPO <DP n="3"/>-->
 [0009] The speed and pitch of the carriages is correlated so that the ratio between the speed at the 'slow' zone and the speed at the 'faster' zone is always equal to the ratio between the pitch at the 'slow' zone and the pitch at the 'faster' zone. </p><p id="p0013" num="0013"> [0010] Driving and adjusting the speed of the carriages may be performed by driving means which are external to the carriages, such as motors or pistons. Alternatively, the carriages may be self- driven, by an internal driving device. Driving the carriages may be alternatively performed by any other suitable way known in the art. </p><p id="p0014" num="0014"> [001 1 ] The method doesn't, in any way, restrict using any other suitable means for executing the desired process. </p><p id="p0015" num="0015"> [0012] Thus, in one aspect, a method is provided which is based on a computerized speed control system for managing movement of a plurality of carriages along a line having a closed-loop track, wherein the closed-loop track comprises a first zone in which the plurality of carriages move at a defined speed and pitch, a second zone wherein the plurality of carriages move at a faster speed and larger pitch in comparison to the first zone, a third zone which is an acceleration zone, and a fourth zone which is a deceleration zone, and wherein the computerized control system controls the carriage movement along each of the zones, so that the plurality of carriages moving along the first zone are moving at a defined speed and pitch, and wherein, at the same time the plurality of carriages moving along the second zone are moving at a defined, faster speed and larger pitch, and wherein said movement of the plurality of carriages along the at least first and second zones is performed simultaneously without collisions; wherein the computerized system monitors and controls, in real time, the carriages' speed, pitch and location; and wherein the speed and the pitch of the carriages are synchronized by the control system, so that, the ratio between the speed of the plurality of carriages at the first zone and the speed of the plurality of carriages at the second zone is equal to the ratio between the pitch of the plurality of carriages at the first zone and the pilch of the plurality of carriages at the second zone; at the acceleration zone, the speed and pitch of the plurality of carriages are changed so that at the end of the acceleration, the speed and pitch of the plurality of carriages match the speed and pitch of the plurality of carriages in the second zone, therefore allowing fluent and constant traffic with no collisions; and at the deceleration zone, the speed and pitch of the plurality of carriages are changed so that at the end of the deceleration the speed and pitch of the plurality of carriages match those of the first zone, therefore allowing fluent and constant traffic with no collisions. </p><p id="p0016" num="0016"> [0013] In one embodiment of the method, the speed and pitch ratios are constant and steady d uring the operation of the line, 
<!-- EPO <DP n="4"/>-->
 [0014] In another embodiment, the speed and pitch ratios are variable and adaptable in accordance with preset or real-time variations of line operation specifications and requirements. </p><p id="p0017" num="0017"> [0015] In any of the above embodiments, the plurality of carriages are driven by one of the following systems, or a combination of at least two: (a) external driving devices; (b) internal driving devices; and (c) carriages pushing each other along at least a part of the first zone. </p><p id="p0018" num="0018"> [0016] In another embodiment, the method further comprises mounting an object on one or more of the plurality of carriages. If desired, the method farther comprising changing a position or orientation of the object mounted on the carriage to prevent collision between two adjacent objects and allow a small pitch, therefore reducing total line length. </p><p id="p0019" num="0019"> [0017] In another embodiment, the method further comprises changing a rotation direction of the line, </p><p id="p0020" num="0020"> [0018] In another aspect, an apparatus based on a computerized speed control system for managing movement of carriages along a line having a closed-loop track is provided. The apparatus comprises: a closed-loop track having a first zone at which carriages are moving at a defined speed and pitch; a second zone at which carriages are moving at a faster speed and at a larger pitch in comparison to the first zone; a third zone at which carnages are accelerated from the first, slower zone to match the speed and pitch of the second, faster zone; and a fourth zone at which carriages are decelerated from the second, faster zone to match the speed and the pitch of the first, slower zone; wherein at least two of the carriages move simultaneously at different speeds along the closed-loop track; wherein at least one sensor detects the location of the carriages along the closed-loop track; and wherein a control system monitors the line operation by retrieving real-time data from the at least one sensor, the real-time data being related to at least one of the carriages' speed, the carriages' location, and the carriages' pitch. </p><p id="p0021" num="0021"> [0019] In one embodiment of the apparatus, the carriages are driven by an internal built-in driving device. </p><p id="p0022" num="0022"> [0020] In another embodiment, the carriages are driven by an external driving device. </p><p id="p0023" num="0023"> [0021 ] In another embodiment, the carriages carry associated bodies. The associated bodies may be larger than the pitch at the first zone. </p><p id="p0024" num="0024"> [002.2] In another embodiment, the associated bodies are tilted, rotated, or repositioned in a condensed manner in at least one zone of the closed-loop track. </p><p id="p0025" num="0025"> [0023] In another embodiment, the rotation direction of the line may be changed between clockwise and counter clockwise, 
<!-- EPO <DP n="5"/>-->
 [0024] Some advantages of the current application include instant configuration of the system by software, there is no need for hardware adjustments and modifications. An infinite number of speed and pitch configurations are possible. Real time monitoring and computerized control enables accurate carriage transition at a high speed. The system facilitates operation in both directions. Small scale or light hardware units can be fitted on a limited space. </p><p id="p0026" num="0026">[0025] In this application the term 'line' relates to closed-loop track having plurality of carriages move along the track. </p><p id="p0027" num="0027"> [0026] In this application the terms 'body', 'former', 'item' and 'moid<sup>'</sup>' are </p><p id="p0028" num="0028">interchangeable. </p><p id="p0029" num="0029"> [0027] In this application the term pitch relates to the distance between the centers of two adjacent carriages. </p><p id="p0030" num="0030"> [0028] The terms bell and chain in this application are interchangeable and usually refer to a toothed belt, timing belt, or driving chain. </p><p id="p0031" num="0031"> [0029] In this application the term 'transition unit' refers to both 'acceleration' and 'deceleration' zones. </p><p id="p0032" num="0032">Brief Description of tSie Figures </p><p id="p0033" num="0033"> [0030] Fig, 1 shows a top view of a closed-loop track including externally driven carriages disclosed in the present application; </p><p id="p0034" num="0034"> [0031 ] Fig. 2 shows a top view of a closed- loop track including self-driven carriages disclosed in the present application; </p><p id="p0035" num="0035"> [0032] Fig. 3 shows a side view of two adjacent carriages with mounted bodies of the track shown in Fig. i and Fig. 2; and </p><p id="p0036" num="0036"> [0033] Fig, 4 shows a side view of an alternate embodiment of repositioned bodies mounted on two adjacent carriages of the track shown in Fig. 1 and Fig, 2. </p><p id="p0037" num="0037">Detailed description </p><p id="p0038" num="0038"> [0034] The method of the present application is based on a computerized speed control system. The method manages the movement of carriages 15 along a closed-loop track 10, shown in Fig. 1 and Fig. 2. The closed-loop track 10 includes at least four different zones 1 1 , 12, 13, and 14, which may include a slow zone 1 1, an acceleration zone 13, a fast zone 12, and a deceleration zone 14. The computerized control system 17 controls the carriages movement 
<!-- EPO <DP n="6"/>-->
 along the different zones, so that the carriages moving along the slow zone 1 1 move at a defined speed and pitch, and at the same time the carriages moving along the fast zone 12 are moving at a defined faster speed and larger pitch. The movement of the carriages 15 al ong the slow zone 1 1 and the fast zone 12 is performed simultaneously without crashing of carriages moving slowly and carriages moving faster on the same closed-loop track 10. The computerized system 17 monitors and controls, in real time, the carriages' speed, pitch, and location. The speed and the pitch of the carriages are synchronized by the control system 17, so that at the acceleration zone 13, the speed and pitch of the carriages 15 are changed in such a way, that at the end of the acceleration, the carriages' speed and pitch match those of the speed and pitch of the carriages 15 in the fast zone 12. The speed and pitch of the carriages 15 is correlated so that the ratio between the speed at the slow zone 1 1 and the speed at the fast zone 12 is equal to the ratio between the pitch at the slow zone 1 i and the pitch at the fast zone 12. For example, if the speed at the fast zone 12 is equal to three times the speed at the slow zone 1 1, then the pitch at the fast zone 12 is equal to three times the pitch at the slow zone 1 1. </p><p id="p0039" num="0039"> [0035] The present system allows for fluent and constant traffic with no collisions. At the deceleration zone 13, the carriages' 15 speed and pitch are changed so that at the end of the deceleration the carriages' speed and pitch match the speed and pitch of the slow zone 1 1, therefore allowing fluent and constant traffic with no collisions. </p><p id="p0040" num="0040"> [0036] In one embodiment, shown in Fig. 1, the carriages 15 are driven by an external driving device 18, such as a belt, or a chain, or a pulley, driven by a motor, A piston or any other suitable driving device may be used to drive the carriages 15, In this embodiment, the method also comprises a step of synchronizing with both the slow zone 1 1 and the fast zone 12. During acceleration, the transition unit synchronizes first with the speed of the slo w zone 1 1 , picks up a carriage 15, accelerates, synchronizes the speed with the fast zone 12, and transfers the carriage at the synchronized speed to the fast zone 12. During deceleration, the transition unit synchronizes first with the speed of the fast zone 12, picks up a carriage 15, decelerates, synchronizes with the speed of the slow zone 1 1, and transfers the carriage at the synchronized speed to the slow zone 1 1. </p><p id="p0041" num="0041"> [0037] In another embodiment, shown in Fig. 2, the carriages 15 are self-driven by an internal driving device 21 such as, but not limited to, motors built into each one of the carriages. </p><p id="p0042" num="0042"> [0038] In yet another embodiment the carriages push each other along at least a part of the slow zone 1 1. 
<!-- EPO <DP n="7"/>-->
 [0039] In yet another embodiment, the method comprises a step of using the same closed-loop line in both a clockwise or counterclockwise direction or configuration. </p><p id="p0043" num="0043"> [0040] In yet another embodiment, the method comprises the additional step of changing the position or the orientation of the mounted body/s or object/s so to prevent a crash if the object that is mounted on a carriage is too big so that reducing the pitch may create a crash between the mounted objects. </p><p id="p0044" num="0044"> [0041 ] As shown in Fig. 1 , a line 100 includes at least two carriages 15 moving simultaneously at different speeds along a closed loop-track 10 when the line is in an operation mode. For example the carriages in the first, slow zone 1 1 move at speed of one meter in 15 seconds or and at a pitch of 20 centimeters, while the carriages 15 at the second, faster zone 12, move at a speed of one meter in 3 seconds, or five times faster than the carriages at the slow zone) and at a pitch of 100 centimeters (five times larger than the pitch at the slow zone). </p><p id="p0045" num="0045"> [0042] In the second zone 12, which may be a fast zone, the carriages 15 move at a faster speed and at a larger pitch, </p><p id="p0046" num="0046"> [0043] The third zone 13 may be an acceleration zone in which the carriages 15 are accelerated from the slow zone 1 1 to match the speed and pitch of the fast zone 12. In the fourth zone 14, which may be a deceleration zone, the carriages 15 are decelerated from the fast zone 12 to match the speed and the pitch of the slow zone 1 1 . </p><p id="p0047" num="0047"> [0044] The line 100 further includes one or more sensors 16. The sensors 16 detect the location of the carriages 15 along the closed-loop 10, The sensors 16 may be any sensing device as known in the art, such as, but not limited to, proximity sensors, magnetic sensors, optical sensors, vision systems, or any other suitable sensing device. </p><p id="p0048" num="0048"> [0045] The line 100 further comprises a control system 17 which monitors the line 100 operation by retrieving real-time data from the sensors 16 related to the status of the carriages 15 on the closed-loop 10. The control system 17 also controls the acceleration, the deceleration, and the pitch of the carriages 15 along the different zones of the track 10 by sending commands to the carriages external or the internal driving systems. Example computerized control systems are, but not limited to, industrial PLCs, PACs and Motion controllers, manufactured by GE, Mitsubishi, Panasonic, Yaskawa and others One example for suitable controller is 'PACMotion Multi-Axis Motion Controller' by GE. </p><p id="p0049" num="0049"> [0046] In one embodiment, sho wn in Fig, 1, the line 100 may also include a transition unit having independent driving devices 1 8. The driving devices are capable of synchronizing with both the slow and the fast zones 1 1 , 12. Example driving devices 18 and 19 may include, but are not limited to, variable speed motors, servo motors, step motors, pistons, pulleys, belts, 
<!-- EPO <DP n="8"/>-->
 or any other suitable driving device. During acceleration, the transition unit synchronizes first with the speed of the slow zone 11, picks up a carriage 15, accelerates, synchronizes with the speed of the fast zone 12, and transfers the carriage at th e synchronized speed to the fast zone 12. During deceleration, the transition uni t synchronizes first with the speed of the fast zone 12, picks up a carriage, decelerates, synchronizes with the speed of the slow zone I I, and transfers the carriage at the synchronized speed to the slow zone 1 1. </p><p id="p0050" num="0050"> [0047] A linkage or interface 20 between the carriages 15 and the external driving devices 18 and 19 is provided to allow engagement and disengagement of the carriages 15 to/from the external driving devices 18 and 19, allowing interfacing or switching to another or to the next driving device, such as an adjacent belt, along the zones of the closed-loop track 10, </p><p id="p0051" num="0051"> [0048] In another embodiment, the line 100 includes driving devices 21 which are built into the carriages 15, as shown in Fig. 2. Example driving devices 21 may include, but are not limited, variable speed motors, servo motors, pulleys, or any kind of engine or means for self- propulsion. The built-in driving device 21 may be controlled remotely by the control system 17. The internal driving devices 21 may push, pull, or drive the carriages 15 along any zone of the closed-loop 10 as desired. </p><p id="p0052" num="0052"> [0049] In yet another embodiment, the carriages 15 may include associated bodies 22 mounted thereto. Possible associated bodies may be, for example, a moid, a work-piece former, or any other carried object. The bodies 22 may be larger than the pitch at any of the segments of the first or slow zone 1 1. </p><p id="p0053" num="0053"> [0050] In yet another embodiment, shown in Fig. 4, the mounted bodies 22 are tilted, rotated, or repositioned. In this embodiment, the distance between the carriages 15 is smaller than the body 22, or the gap between the carriages is too small to accommodate the bodies without crashing. The bodies 22 may therefore be repositioned in a more condensed manner, for instance by positioning the bodies in slanted position, or in any other appropriate position allowing movement at the above-mentioned small pitch without collision. </p><p id="p0054" num="0054"> [0051] The abo v e mentioned repositioning may be effective to shorten the length of an oven , where a drying process is required, while still allowing movement at a larger pitch in case that a faster movement or a specific body orientation is required during another process carried out on the faster zone, or in case that carnage movement at a fast speed is required in order to meet certain process timings. 
</p></description><claims mxw-id="PCLM70077745" ref-ucid="WO-2014128557-A1" lang="EN" load-source="patent-office"><claim-statement><!-- EPO <DP n="9"/>--> WE CLAIM: </claim-statement><claim id="clm-0001" num="1"><claim-text> 1. A method, based on a computerized speed control system, for managing movement of a plurality of carriages along a line having a closed-loop track, wherein the closed-loop track comprises a first zone in which the plurality of carriages move at a defined speed and pitch, a second zone wherein the plurality of carriages move at a faster speed and larger pitch in comparison to the first zone, a third zone which is an acceleration zone, and a fourth zone which is a deceleration zone, and wherein the computerized control system controls the carnage movement along each of the zones, so that the plurality of carriages moving along the first zone are moving at a defined speed and pitch, and wherein, at the same time the plurality of caniages moving along the second zone are moving at a defined, faster speed and larger pitch, and wherein said movement of the plurality of carriages along the at least first and second zones is performed simultaneously without collisions; </claim-text><claim-text> wherein the computerized system monitors and controls, in real time, the carriages' speed, pitch and location; and </claim-text><claim-text> wherein the speed and the pitch of the caniages are synchronized by the control system, so that, </claim-text><claim-text> the ratio between the speed of the plurality of carriages at the first zone and the speed of the plurality of carriages at the second zone is equal to the ratio between the pitch of the plurality of caniages at the first zone and the pitch of the plurality of carriages at the second zone; at the acceleration zone, the speed and pitch of the plurality of carriages are changed so that at the end of the acceleration, the speed and pitch of the plurality of carriages match the speed and pitch of the piuraiity of carriages in the second zone, therefore allowing fluent and constant traffic with no collisions; and at the deceleration zone, the speed and pitch of the plurality of carriages are changed so that at the end of the deceleration the speed and pitch of the plurality of carriages match those of the first zone, therefore allowing fluent and constant traffic with no collisions. </claim-text></claim><claim id="clm-0002" num="2"><claim-text>2. The method according to claim 1 wherein the speed and pitch ratios are constant and steady during the operation of the line. 
<!-- EPO <DP n="10"/>-->
</claim-text></claim><claim id="clm-0003" num="3"><claim-text>3. The method according to claim 1 wherein the speed and pitch ratios are variable and adaptable in accordance with preset or real-time variations of line operation specifications and requirements, </claim-text></claim><claim id="clm-0004" num="4"><claim-text>4. The method according to any one of claims 1, 2 or 3 wherein the plurality of </claim-text><claim-text> carriages are driven by one of the following systems, or a combination of at least two: </claim-text><claim-text> a. external driving devices; </claim-text><claim-text> b. internal driving devices; and </claim-text><claim-text> c. carriages pushing each other along at least a part of the first zone. </claim-text></claim><claim id="clm-0005" num="5"><claim-text>5. The method of claim i farther comprising mounting an object on one or more of the plurality of carriages. </claim-text></claim><claim id="clm-0006" num="6"><claim-text>6. The method of claim 5 further comprising changing a position or orientation of the object mounted on the carriage to prevent collision between two adjacent objects and allow a small pitch, therefore reducing total line length. </claim-text></claim><claim id="clm-0007" num="7"><claim-text>7. The method of claim 1 further comprising changing a rotation direction of the line, </claim-text></claim><claim id="clm-0008" num="8"><claim-text>8. An apparatus based on a computerized speed control system for managing movement of carriages along a line having a closed-loop track, the apparatus comprising: a closed- loop track having a first zone at which carriages are moving at a defined speed and pitch; </claim-text><claim-text> a second zone at which carriages are moving at a faster speed and at a larger pitch in comparison to the first zone; </claim-text><claim-text> a third zone at which carriages are accelerated from the first, slower zone to match the speed and pilch of the second, faster zone; and </claim-text><claim-text> a fourth zone at which carriages are decelerated from the second, faster zone to match the speed and the pitch of the first, slower zone; </claim-text><claim-text> wherein at least two of the carriages move simultaneously at different speeds along the closed-loop track; </claim-text><claim-text> wherein at least one sensor detects the location of the carriages along the closed-loop track; and 
<!-- EPO <DP n="11"/>-->
 wherein a control system monitors the line operation by retrieving real-time data from the at least one sensor, the real-time data being related to at least one of the carriages' speed, the carriages' location, and the carriages' pitch. </claim-text></claim><claim id="clm-0009" num="9"><claim-text>9. The apparatus according to claim 8 wherein the carriages are driven by an internal built-in driving device. </claim-text></claim><claim id="clm-0010" num="10"><claim-text>10. The apparatus according to claim 8 wherein the carriages are driven by an external driving device. </claim-text></claim><claim id="clm-0011" num="11"><claim-text>11. The apparatus according to claim 8 wherein the carnages carry associated bodies. </claim-text></claim><claim id="clm-0012" num="12"><claim-text>12. The apparatus according to claim 1 1 wherein the associated bodies are larger than the pitch at the first zone. </claim-text></claim><claim id="clm-0013" num="13"><claim-text>13. The apparatus according to claims 1 1 or 12 wherein the associated bodies are tilted, rotated, or repositioned in a condensed manner in at least one zone of the closed-loop track. </claim-text></claim><claim id="clm-0014" num="14"><claim-text>14. The apparatus of claim 8 wherein the rotation direction of the line may be changed between clockwise and counter clockwise. 
</claim-text></claim></claims><copyright>User acknowledges that Fairview Research LLC and its third party providers retain all right, title and interest in and to this xml under applicable copyright laws.  User acquires no ownership rights to this xml including but not limited to its format.  User hereby accepts the terms and conditions of the Licence Agreement</copyright></patent-document>
