<?xml version="1.0" encoding="UTF-8"?>
<patent-document ucid="EP-2677901-A1" country="EP" doc-number="2677901" kind="A1" date="20140101" family-id="45529228" file-reference-id="253940" date-produced="20180823" status="corrected" lang="EN"><bibliographic-data><publication-reference fvid="146551736" ucid="EP-2677901-A1"><document-id><country>EP</country><doc-number>2677901</doc-number><kind>A1</kind><date>20140101</date><lang>EN</lang></document-id></publication-reference><application-reference ucid="EP-12701041-A" is-representative="NO"><document-id mxw-id="PAPP154825659" load-source="docdb" format="epo"><country>EP</country><doc-number>12701041</doc-number><kind>A</kind><date>20120110</date><lang>EN</lang></document-id><document-id mxw-id="PAPP175460609" load-source="docdb" format="original"><country>EP</country><doc-number>12701041.1</doc-number><date>20120110</date></document-id></application-reference><priority-claims><priority-claim mxw-id="PPC140451147" ucid="US-201113032734-A" load-source="docdb"><document-id format="epo"><country>US</country><doc-number>201113032734</doc-number><kind>A</kind><date>20110223</date></document-id></priority-claim><priority-claim mxw-id="PPC140448744" ucid="US-2012020709-W" linkage-type="W" load-source="docdb"><document-id format="epo"><country>US</country><doc-number>2012020709</doc-number><kind>W</kind><date>20120110</date></document-id></priority-claim></priority-claims><technical-data><classifications-ipcr><classification-ipcr mxw-id="PCL1988106515" load-source="docdb">B65D   5/72        20060101ALI20120913BHEP        </classification-ipcr><classification-ipcr mxw-id="PCL1988113118" load-source="docdb">A47F   1/08        20060101AFI20120913BHEP        </classification-ipcr><classification-ipcr mxw-id="PCL1988116175" load-source="docdb">B65D  25/24        20060101ALI20120913BHEP        </classification-ipcr><classification-ipcr mxw-id="PCL1988127207" load-source="docdb">G07F  11/28        20060101ALI20120913BHEP        </classification-ipcr><classification-ipcr mxw-id="PCL1988134500" load-source="docdb">B65D  71/36        20060101ALI20120913BHEP        </classification-ipcr></classifications-ipcr><classifications-cpc><classification-cpc mxw-id="PCL-2001296902" load-source="docdb" scheme="CPC">A47F   1/04        20130101 LA20151107BHEP        </classification-cpc><classification-cpc mxw-id="PCL-2049519063" load-source="docdb" scheme="CPC">B65D  25/24        20130101 LI20150530BHEP        </classification-cpc><classification-cpc mxw-id="PCL-2049525805" load-source="docdb" scheme="CPC">B65D   5/725       20130101 LI20150530BHEP        </classification-cpc><classification-cpc mxw-id="PCL-2049527284" load-source="docdb" scheme="CPC">G07F  11/30        20130101 LI20150530BHEP        </classification-cpc><classification-cpc mxw-id="PCL-2049528577" load-source="docdb" scheme="CPC">G07F  11/28        20130101 LI20150530BHEP        </classification-cpc><classification-cpc mxw-id="PCL-2049529565" load-source="docdb" scheme="CPC">B65D  71/36        20130101 FI20150530BHEP        </classification-cpc><classification-cpc mxw-id="PCL-2049529705" load-source="docdb" scheme="CPC">A47F   1/087       20130101 LI20150530BHEP        </classification-cpc></classifications-cpc><invention-title mxw-id="PT132187692" lang="DE" load-source="patent-office">PRODUKTSPENDESYSTEM MIT PLATTENFÜHRUNG</invention-title><invention-title mxw-id="PT132187693" lang="EN" load-source="patent-office">PRODUCT DISPENSING SYSTEM WITH PANEL GUIDE</invention-title><invention-title mxw-id="PT132187694" lang="FR" load-source="patent-office">SYSTÈME DE DISTRIBUTION DE PRODUIT À GUIDE DE PANNEAU</invention-title><citations><non-patent-citations><nplcit><text>See references of WO 2012115728A1</text><sources><source mxw-id="PNPL67455463" load-source="docdb" name="SEA"/></sources></nplcit></non-patent-citations></citations></technical-data><parties><applicants><applicant mxw-id="PPAR918148067" load-source="docdb" sequence="1" format="epo"><addressbook><last-name>MEADWESTVACO CORP</last-name><address><country>US</country></address></addressbook></applicant><applicant mxw-id="PPAR918148728" load-source="docdb" sequence="1" format="intermediate"><addressbook><last-name>MEADWESTVACO CORPORATION</last-name></addressbook></applicant><applicant mxw-id="PPAR918985740" load-source="patent-office" sequence="1" format="original"><addressbook><last-name>MeadWestvaco Corporation</last-name><iid>101152500</iid><address><street>501 South 5th Street</street><city>Richmond, VA 23219-0501</city><country>US</country></address></addressbook></applicant></applicants><inventors><inventor mxw-id="PPAR918139131" load-source="docdb" sequence="1" format="epo"><addressbook><last-name>GELARDI JOHN A</last-name><address><country>US</country></address></addressbook></inventor><inventor mxw-id="PPAR918149693" load-source="docdb" sequence="1" format="intermediate"><addressbook><last-name>GELARDI, JOHN A.</last-name></addressbook></inventor><inventor mxw-id="PPAR918979312" load-source="patent-office" sequence="1" format="original"><addressbook><last-name>GELARDI, JOHN A.</last-name><address><street>-</street><city>deceased</city><country>US</country></address></addressbook></inventor><inventor mxw-id="PPAR918165412" load-source="docdb" sequence="2" format="epo"><addressbook><last-name>WALLING BRADFORD J</last-name><address><country>US</country></address></addressbook></inventor><inventor mxw-id="PPAR918141520" load-source="docdb" sequence="2" format="intermediate"><addressbook><last-name>WALLING, BRADFORD J.</last-name></addressbook></inventor><inventor mxw-id="PPAR918987293" load-source="patent-office" sequence="2" format="original"><addressbook><last-name>WALLING, BRADFORD J.</last-name><address><street>8801 Torrey Pines Drive</street><city>Chesterfield, Virginia 23832</city><country>US</country></address></addressbook></inventor><inventor mxw-id="PPAR918133090" load-source="docdb" sequence="3" format="epo"><addressbook><last-name>BATES AARON L</last-name><address><country>US</country></address></addressbook></inventor><inventor mxw-id="PPAR918157725" load-source="docdb" sequence="3" format="intermediate"><addressbook><last-name>BATES, AARON L.</last-name></addressbook></inventor><inventor mxw-id="PPAR918989408" load-source="patent-office" sequence="3" format="original"><addressbook><last-name>BATES, AARON L.</last-name><address><street>16820 Jaydee Court</street><city>Moseley, Virginia 23120</city><country>US</country></address></addressbook></inventor><inventor mxw-id="PPAR918167702" load-source="docdb" sequence="4" format="epo"><addressbook><last-name>THOMAS LAUREL</last-name><address><country>US</country></address></addressbook></inventor><inventor mxw-id="PPAR918141948" load-source="docdb" sequence="4" format="intermediate"><addressbook><last-name>THOMAS, LAUREL</last-name></addressbook></inventor><inventor mxw-id="PPAR918979621" load-source="patent-office" sequence="4" format="original"><addressbook><last-name>THOMAS, LAUREL</last-name><address><street>10248 NW Edgewood Drive</street><city>Portland, Oregon 97229</city><country>US</country></address></addressbook></inventor></inventors><agents><agent mxw-id="PPAR918981422" load-source="patent-office" sequence="1" format="original"><addressbook><last-name>Rule, John Eric</last-name><iid>101224891</iid><address><street>Coulson and Associates 1st Floor Suite 5 Newbold Road</street><city>Rugby Warwickshire CV21 2LQ</city><country>GB</country></address></addressbook></agent></agents></parties><international-convention-data><pct-or-regional-filing-data ucid="US-2012020709-W"><document-id><country>US</country><doc-number>2012020709</doc-number><kind>W</kind><date>20120110</date><lang>EN</lang></document-id></pct-or-regional-filing-data><pct-or-regional-publishing-data ucid="WO-2012115728-A1"><document-id><country>WO</country><doc-number>2012115728</doc-number><kind>A1</kind><date>20120830</date><lang>EN</lang></document-id></pct-or-regional-publishing-data><designated-states><ep-contracting-states><country mxw-id="DS548936180" load-source="docdb">AL</country><country mxw-id="DS548939916" load-source="docdb">AT</country><country mxw-id="DS548936181" load-source="docdb">BE</country><country mxw-id="DS548818335" load-source="docdb">BG</country><country mxw-id="DS548869561" load-source="docdb">CH</country><country mxw-id="DS548938371" load-source="docdb">CY</country><country mxw-id="DS548938372" load-source="docdb">CZ</country><country mxw-id="DS548924392" load-source="docdb">DE</country><country mxw-id="DS548936254" load-source="docdb">DK</country><country mxw-id="DS548938373" load-source="docdb">EE</country><country mxw-id="DS548948232" load-source="docdb">ES</country><country mxw-id="DS548818336" load-source="docdb">FI</country><country mxw-id="DS548818337" load-source="docdb">FR</country><country mxw-id="DS548924393" load-source="docdb">GB</country><country mxw-id="DS548936255" load-source="docdb">GR</country><country mxw-id="DS548924398" load-source="docdb">HR</country><country mxw-id="DS548938458" load-source="docdb">HU</country><country mxw-id="DS548869562" load-source="docdb">IE</country><country mxw-id="DS548936256" load-source="docdb">IS</country><country mxw-id="DS548818338" load-source="docdb">IT</country><country mxw-id="DS548936257" load-source="docdb">LI</country><country mxw-id="DS548924399" load-source="docdb">LT</country><country mxw-id="DS548939917" load-source="docdb">LU</country><country mxw-id="DS548924400" load-source="docdb">LV</country><country mxw-id="DS548924401" load-source="docdb">MC</country><country mxw-id="DS548939922" load-source="docdb">MK</country><country mxw-id="DS548939923" load-source="docdb">MT</country><country mxw-id="DS548936262" load-source="docdb">NL</country><country mxw-id="DS548924406" load-source="docdb">NO</country><country mxw-id="DS548936263" load-source="docdb">PL</country><country mxw-id="DS548818339" load-source="docdb">PT</country><country mxw-id="DS548936264" load-source="docdb">RO</country><country mxw-id="DS548818340" load-source="docdb">RS</country><country mxw-id="DS548936265" load-source="docdb">SE</country><country mxw-id="DS548869563" load-source="docdb">SI</country><country mxw-id="DS548924407" load-source="docdb">SK</country><country mxw-id="DS548924408" load-source="docdb">SM</country><country mxw-id="DS548939924" load-source="docdb">TR</country></ep-contracting-states></designated-states></international-convention-data><office-specific-data><eptags><ep-no-a-document-published>*</ep-no-a-document-published></eptags></office-specific-data></bibliographic-data><abstract mxw-id="PA99619826" ref-ucid="WO-2012115728-A1" lang="EN" load-source="patent-office"><p num="0000">A product dispensing system (10) is disclosed that includes: a container (14) defining an internal volume (30) and an opening (32) into the internal volume, and a dispenser (12) including a frame (60) and a catch element (62). The container includes a weakened severance (40, 44) line extending from the opening to define an access panel (48). The frame has a support deck (68) and defining a recess (104) sized to receive the access panel of the container. The catch element is positioned to engage the opening in the container, separate the access panel from the container along the weakened severance line, and guide the separated access panel into the recess (64) when the container is moved along the support deck.</p></abstract><abstract mxw-id="PA99819505" ref-ucid="WO-2012115728-A1" lang="EN" source="national office" load-source="docdb"><p>A product dispensing system (10) is disclosed that includes: a container (14) defining an internal volume (30) and an opening (32) into the internal volume, and a dispenser (12) including a frame (60) and a catch element (62). The container includes a weakened severance (40, 44) line extending from the opening to define an access panel (48). The frame has a support deck (68) and defining a recess (104) sized to receive the access panel of the container. The catch element is positioned to engage the opening in the container, separate the access panel from the container along the weakened severance line, and guide the separated access panel into the recess (64) when the container is moved along the support deck.</p></abstract><abstract mxw-id="PA99619827" ref-ucid="WO-2012115728-A1" lang="FR" load-source="patent-office"><p num="0000">L'invention concerne un système de distribution de produit (10) comprenant : un récipient (14) définissant un volume interne (30) et une ouverture (32) ménagée dans le volume interne, un distributeur (12) doté d'un cadre (60) et un élément de prise (62). Le récipient comprend une ligne de séparation affaiblie (40, 44) partant de l'ouverture pour définir un panneau d'accès (48). Le cadre comprend une plate-forme de support (68) et définit un évidemment (104) dimensionné pour recevoir le panneau d'accès du récipient. L'élément de prise est positionné pour venir en prise avec l'ouverture du récipient, séparer le panneau d'accès du récipient le long de la ligne de séparation affaiblie, et guider le panneau d'accès séparé dans l'évidement (64) lorsque le récipient se déplace le long de la plate-forme de support.</p></abstract><abstract mxw-id="PA99819506" ref-ucid="WO-2012115728-A1" lang="FR" source="national office" load-source="docdb"><p>L'invention concerne un système de distribution de produit (10) comprenant : un récipient (14) définissant un volume interne (30) et une ouverture (32) ménagée dans le volume interne, un distributeur (12) doté d'un cadre (60) et un élément de prise (62). Le récipient comprend une ligne de séparation affaiblie (40, 44) partant de l'ouverture pour définir un panneau d'accès (48). Le cadre comprend une plate-forme de support (68) et définit un évidemment (104) dimensionné pour recevoir le panneau d'accès du récipient. L'élément de prise est positionné pour venir en prise avec l'ouverture du récipient, séparer le panneau d'accès du récipient le long de la ligne de séparation affaiblie, et guider le panneau d'accès séparé dans l'évidement (64) lorsque le récipient se déplace le long de la plate-forme de support.</p></abstract><description mxw-id="PDES50930457" ref-ucid="WO-2012115728-A1" lang="EN" load-source="patent-office"><!-- EPO <DP n="3"/>--><p id="p0001" num="0001"> PRODUCT DISPENSING SYSTEM WITH PANEL GUIDE </p><p id="p0002" num="0002">FIELD </p><p id="p0003" num="0003">[0001] This application relates to the dispensing of products from packaging containers and, more particularly, to product dispensers configured to cooperate with packaging containers to dispense products. </p><p id="p0004" num="0004">BACKGROU ND </p><p id="p0005" num="0005">[0002] Products are typically shipped to retailers in bulk by enclosing multiple individual product units in a container, such as a carton or box. For example, canned foods may be shipped to a retailer in a box containing twenty-four individual cans. Then, it is typically the retailer's obligation to remove the individual product units from the container and present them (e.g., on a shelf) to consumers. </p><p id="p0006" num="0006">[0003] Alternatives to the traditional package-ship-unpack-display model are being developed in an effort to improve operating efficiency. For example, U.S. Patent No. </p><p id="p0007" num="0007">7,922,437 discloses a new system for dispensing and displaying products packaged in a container. Specifically, the system includes a frame having a support structure, a product display area and an opening tool. The frame may be positioned on a retailer's shelf and loaded with product simply by placing a container comprising multiple units of product onto the support structure of the frame. As the container is being placed onto the support structure, the opening tool of the frame opens the container in such a manner that product rolls from the container and down to the product display area of the frame under the force of gravity. As another example, United States Patent Application No. 12/891,391 filed on September 27, 2010 discloses a product dispensing system that utilizes an opening tool having a catch element that engages and opens a container as the container is loaded onto the dispenser. </p><p id="p0008" num="0008">[0004] Despite advances already made in the field, those skilled in the art continue with research and development efforts directed to apparatus and systems for dispensing products from packaging containers. 
<!-- EPO <DP n="4"/>-->
 SU MMARY </p><p id="p0009" num="0009">[0005] In one aspect, the disclosed product dispensing system may include a container and a dispenser. The container may define an internal volume and an opening into the internal volume. The container may include a weakened severance line extending from the opening to define an access panel. The dispenser may include a frame and a catch element. The frame may include a support deck and may define a recess sized to receive the access panel. The catch element may be positioned to engage the opening in the container, separate the access panel from the container along the weakened severance line, and guide the separated access panel into the recess when the container is moved along the support deck. </p><p id="p0010" num="0010">[0006] In another aspect, the disclosed product dispenser may include a frame defining a recess and comprising a support deck having a front end and a rear end, the support deck defining an opening into the recess, and a catch element connected to the support deck proximate the opening, the catch element protruding toward the front end and including a guide configured to guide an access panel toward the opening and into the recess. </p><p id="p0011" num="0011">[0007] In yet another aspect, the disclosed product dispensing system may include: a container including a plurality of walls that define an internal volume, wherein a base wall of the plurality of walls defines an opening into the internal volume, and wherein the base wall includes at least two weakened severance lines extending from the opening to define an access panel; and a dispenser comprising a frame that includes a support deck having a front end and a rear end wherein the frame defines a recess sized to receive the access panel, and a catch element connected to the support deck proximate the rear end wherein the catch element protrudes toward the front end to engage the opening in the container, separate the access panel from the container along the weakened severance lines, and guide the separated access panel into the recess when the container is moved along the support deck from the front end toward the rear end. </p><p id="p0012" num="0012">[0008] Other aspects of the disclosed product dispensing system and associated product dispenser will become apparent from the following detailed description, the accompanying drawings and the appended claims. 
<!-- EPO <DP n="5"/>-->
 BRIEF DESCRIPTION OF THE DRAWINGS </p><p id="p0013" num="0013">[0009] Fig. 1 is a side perspective view of one aspect of the disclosed product dispensing system with panel guide; </p><p id="p0014" num="0014">[0010] Fig. 2 is a bottom perspective view of the container of the product dispensing system of Fig. 1; </p><p id="p0015" num="0015">[0011] Fig. 3 is a bottom perspective view of the container of Fig. 2, shown in a partially opened configuration; </p><p id="p0016" num="0016">[0012] Fig. 4 is a bottom perspective view of the container of Fig. 2, shown in a fully opened configuration; </p><p id="p0017" num="0017">[0013] Fig. 5 is front perspective view of the dispenser of the product dispensing system of Fig- 1; </p><p id="p0018" num="0018">[0014] Fig. 6 is a rear perspective view of the dispenser of Fig. 5, shown with a side wall removed therefrom; </p><p id="p0019" num="0019">[0015] Fig. 7 is a side elevational view of the dispenser of Fig. 6, shown with the container in a first, partially loaded configuration; </p><p id="p0020" num="0020">[0016] Fig. 8 is a side elevational view of the dispenser of Fig. 7, shown with the container in a second, partially loaded configuration; </p><p id="p0021" num="0021">[0017] Fig. 9 is a side perspective view of the dispenser of Fig. 8, shown with the container in a fully loaded configuration; and </p><p id="p0022" num="0022">[0018] Fig. 10 is a side elevational view of a second aspect of the disclosed product dispensing system with panel guide. </p><p id="p0023" num="0023">DETAILED DESCRIPTION </p><p id="p0024" num="0024">[0019] Referring to Fig. 1, one aspect of the disclosed product dispensing system with panel guide, generally designated 10, may include a dispenser 12 and a container 14. The container 14 may house multiple units of product 16, such as cans (e.g., canned soup), jars 
<!-- EPO <DP n="6"/>-->
 (e.g., jarred sauce) or bottles (e.g., bottled soft drinks). Therefore, as the container 14 is loaded onto the dispenser 12 by urging the container 14 horizontally along the dispenser 12, the dispenser 12 may engage and open the container 14, thereby releasing the products 16 from the container 14 into the dispenser 12 without the container 14 interfering with movement of the products 16 from the container 14 and through the dispenser 12. </p><p id="p0025" num="0025">[0020] The container 14 may be any container capable of housing products 16 and beneficially interacting with the disclosed dispenser 12. For example, the container 14 may be a paperboard carton or a corrugated box. </p><p id="p0026" num="0026">[0021] As shown in Fig. 2, in one construction, the container 14 may be a generally rectilinear container having six walls 18, 20, 22, 24, 26, 28 that define an internal volume 30 for receiving the products 16. Opposed walls 20 and 24 may define the front and rear walls, respectively, of the container 14. Opposed walls 26 and 28 may define the first (e.g., right) and second (e.g., left) side walls, respectively, of the container 14. Opposed walls 18 and 22 may define the base and upper walls, respectively, of the container 14. </p><p id="p0027" num="0027">[0022] In accordance with well-established techniques, the container 14 may be assembled on a container machine using a container blank that has been pre-cut from a sheet of stock material. As one example, the stock material may be a paperboard-based material, such as CIS paperboard, which may have a coating (e.g., clay) on a first major surface thereof, which may form the outer surface of the container 14, and an uncoated second major surface. As another example, the stock material may be C2S paperboard, which may have a coating (e.g., clay) on both major surfaces thereof. Optionally, at least one major surface of the container blank may be marked with various indicia, such as printed text and graphics. </p><p id="p0028" num="0028">[0023] In one implementation, the base wall 18 of the container 14 may define a preformed opening 32 into the internal volume 30 of the container 14. For example, the opening 32 may be formed proximate (i.e., at or near) the rear wall 24 of the container 14, such as along the edge 34 between the base wall 18 and the rear wall 24. </p><p id="p0029" num="0029">[0024] In another implementation, the base wall 18 of the container 14 may include a removable feature that, when removed from the container 14, reveals an opening 32 into 
<!-- EPO <DP n="7"/>-->
 the internal volume 30 of the container 14. For example, the removable feature may be a zipper strip or a peelable label. </p><p id="p0030" num="0030">[0025] The opening 32 may extend generally laterally between the side walls 26, 28 of the container 14. For example, the opening 32 may include a first (e.g., right) end 36 positioned proximate the right side wall 26 of the container 14 and a second (e.g., left) end 38 positioned proximate the left side wall 28 of the container 14. </p><p id="p0031" num="0031">[0026] Those skilled in the art will appreciate that the opening 32 may be positioned at various alternative locations and may have various alternative configurations, provided that the opening 32 is capable of being engaged by the dispenser 12 when the container 14 is being loaded onto the dispenser 12. As a first alternative implementation, the opening 32 may be formed in the rear wall 24 of the container 14. As a second alternative </p><p id="p0032" num="0032">implementation, the opening 32 may be formed in the base wall 26, between the front 20 and rear 24 walls of the container 14. Other implementations are also contemplated. </p><p id="p0033" num="0033">[0027] A first row of perforations 40 may extend generally longitudinally from the opening 32 toward the front wall 20 of the container 14. For example, the first row of perforations 40 may be formed in the base wall 18 proximate the edge 42 between the base wall 18 and the right side wall 26. The first row of perforations 40 may have a length L that is greater than the greatest diameter of the products 16 housed in the container 14, but less than the longitudinal length of the base wall 18 (i.e., the length of the base wall 18 along the longitudinal axis A of the container 14). </p><p id="p0034" num="0034">[0028] A second row of perforations 44 may also extend generally longitudinally from the opening 32 toward the front wall 20 of the container 14. For example, the second row of perforations 44 may be formed in the base wall 18 proximate the edge 46 between the base wall 18 and the left side wall 28. Like the first row of perforations 40, the second row of perforations 44 may have a length L that is greater than the greatest diameter of the products 16 housed in the container 14, but less than the longitudinal length of the base wall 18. </p><p id="p0035" num="0035">[0029] The first 40 and second 44 rows of perforations may be formed using various types of perforations. As a first example, the first 40 and second 44 rows of perforations may be 
<!-- EPO <DP n="8"/>-->
 formed as zipper-like cuts. As a second example, the first 40 and second 44 rows of perforations may be formed as standard perforations. As a third example, the first 40 and second 44 rows of perforations may be formed as micro perforations. While specific mention is made of perforations, those skilled in the art will appreciate that any technique or structure capable of forming weakened severance lines may be used in place of rows of perforations without departing from the scope of the present disclosure. </p><p id="p0036" num="0036">[0030] Referring to Figs. 3 and 4, a pulling force F applied to the base wall 18 at the opening 32 may partially separate a portion of the base wall 18 from the container 14 along the first 40 and second 44 rows of perforations to form an access panel 48. As the access panel 48 is separated from the remainder of the container 14 and urged toward the front of the container 14 (i.e., toward the front wall 20), the size of the opening 32 may be significantly increased, thereby allowing the products 16 housed in the container 14 to be dispensed from the container 14 by way of the larger opening 32. </p><p id="p0037" num="0037">[0031] Optionally, a preformed fold line 50 may laterally extend across the access panel 48 to encourage the access panel 48 to fold as the access panel 48 is being urged toward the front of the container 14. Those skilled in the art will appreciate that providing a preformed fold line 50 may reduce or eliminate the possibility that the access panel 48 will randomly fold or bunch-up as the access panel 48 is formed and urged toward the front of the container 14. </p><p id="p0038" num="0038">[0032] Referring to Figs. 5 and 6, the dispenser 12 may include a frame 60 and a catch element 62. The frame 60 of the dispenser 12 may support the container 14 in a desired configuration, as shown in Fig. 1. The catch element 62 may engage the opening 32 (Fig. 2) in the container 14 to separate the access panel 48 from the container 14 as the container 14 is loaded onto the frame 60, as is described in greater detail herein. </p><p id="p0039" num="0039">[0033] Those skilled in the art will appreciate that the dispenser 12 may include additional components and features, such as one or more of the components and features of the dispensers disclosed in U.S. Patent No. 7,922,437, without departing from the scope of the present disclosure. 
<!-- EPO <DP n="9"/>-->
 [0034] The frame 60 may include a first (e.g., right) side wall 64, a second (e.g., left) side wall 66, an upper support deck 68 and a lower support deck 70. The right side wall 64 may be laterally spaced from the left side wall 66, and may be generally parallel with the left side wall 66. </p><p id="p0040" num="0040">[0035] The lower support deck 70 may laterally extend between the right 64 and left 66 side walls, and may include a front end 72 that longitudinally extends toward the front end 74 of the frame 60 and a rear end 76 that longitudinally extends toward the rear end 78 of the frame 60. Therefore, the lower support deck 70 and the side walls 64, 66 may define a lower level 80 of the frame 60. </p><p id="p0041" num="0041">[0036] The lower support deck 70 may be inclined from the front end 72 to the rear end 76 (i.e., the rear end 76 may be elevated relative to the front end 72) such that products 16 deposited proximate the rear end 76 of the lower support deck 70 roll down to the front end 72 of the lower support deck 70 under the force of gravity. The extent of the incline of the lower support deck 70 may be dictated by, among other things, the coefficient of friction of the material used to form the frame 60 and the shape of the products 16 to be dispensed by the dispenser 12. </p><p id="p0042" num="0042">[0037] One or more stops 82 may be positioned proximate the front end 72 of the lower support deck 70 to prevent products 16 from rolling beyond the front end 72 of the lower support deck 70. For example, the stops 82 may be connected to (e.g., integral with) the lower support deck 70, and may form an upward curve at the front end 72 of the lower support deck 70. Therefore, the stops 82 may collect products 16 at the front end 72 of the lower support deck 70, thereby defining a product display area 84 at the front end 72 of the lower support deck 70. </p><p id="p0043" num="0043">[0038] The upper support deck 68 may laterally extend between the right 64 and left 66 side walls, and may include a front end 86 that longitudinally extends toward the front end 74 of the frame 60 and a rear end 88 that longitudinally extends toward, but not to, the rear end 78 of the frame 60. Therefore, the upper support deck 68 and the side walls 64, 66 may define an upper level 90 of the frame 60. 
<!-- EPO <DP n="10"/>-->
 [0039] The spacing between the rear end 88 of the upper support deck 68 and the rear end 78 of the frame 60 may define an opening 92, which may function as a chute to allow products 16 to move from the upper level 90 to the lower level 80 of the frame 60. </p><p id="p0044" num="0044">[0040] The upper support deck 68 may be declined from the front end 86 to the rear end 88 (i.e., the front end 86 may be elevated relative to the rear end 88). Therefore, products 16 supported by the upper support deck 68 may roll under the force of gravity down to the rear end 88 of the upper support deck 68, through the opening 92, to the lower level 80 of the frame 60 and, ultimately, to the product display area 84. </p><p id="p0045" num="0045">[0041] Referring to Figs. 6 and 7, an optional rear wall 94 may be positioned at the rear end 78 of the frame 60 between the right 64 and left 66 side walls. The rear wall 94 may include a stop 96 that inhibits rearward horizontal movement of the container 14 (Fig. 1) along the upper support deck 68 beyond the stop 96. </p><p id="p0046" num="0046">[0042] A guide 98 may be connected to the rear wall 94 of the frame 60, and may extend through the opening 92 in the frame 60, from the upper level 90 to the lower level 80. The guide 98 may be positioned to receive products 16 exiting the container 14 and passing through the opening 92 in the frame 60, and may guide the products 16 to the rear end 76 of the lower support deck 70. </p><p id="p0047" num="0047">[0043] Optionally, the guide 98 may be springingly connected to the rear wall 94 of the frame 60 at a connection point 110, and may include a protrusion 112 extending toward the rear wall 94. As a product 16 drops into engagement with the receiving end 114 of the guide 98, the force of the product 16 acting on the guide 98 may urge the guide 98, and specifically the protrusion 112, into engagement with the rear wall 94. Therefore, as the guide 98 receives a product 16, the guide 98 may affect a "tapping" of the rear wall 94. The vibration of the "tapping" may be transferred throughout the system 10, including the products 16 remaining in the container 14, thereby encouraging products 16 to move from the container 14 to the dispenser 12. As the product 16 disengages the guide 98 and moves toward the product display area 84, the spring-loaded guide 98 may return to its original position (Fig. 7) to await another dispensing product 16. 
<!-- EPO <DP n="11"/>-->
 [0044] The catch element 62 may be position in the upper level 90 of the frame 60 to engage the opening 32 in the container 14 and separate the access panel 48 from the container 14 as the container 14 is moved horizontally along the upper support deck 68 toward the rear end 78 of the frame 60. The shape and position of the catch element 62 may be configured such that a portion of the catch element 62 may extend through the opening 32 in the container 14 to releasably engage the base wall 18 of the container 14 proximate the opening 32 as the container 14 is moved horizontally along the upper support deck 68, thereby facilitating the separation of the access panel 48 from the container 14 along the first 40 and second 44 rows of perforations and, ultimately, the formation of a larger opening 32 sufficient to release the products 16 from the container 14. </p><p id="p0048" num="0048">[0045] In one construction, the catch element 62 may be connected to the upper support deck 68 of the frame 60 proximate the rear end 88 of the upper support deck 68, and may laterally extend between the side walls 64, 66 of the frame 60. The catch element 62 may longitudinally protrude from the upper support deck 68 toward the front end 74 of the frame 60. </p><p id="p0049" num="0049">[0046] In an effort to minimize interference between the catch element 62 and the container 14 during loading, while still allowing the catch element 62 to engage the opening 32 of the container 14, the upper surface 100 of the catch element 62 may define a plane that is substantially co-planar with a plane defined by the upper surface 102 of the upper support deck 68. However, those skilled in the art will appreciate that slight displacement and/or a slight angle of the plane defined by the upper surface 100 of the catch element 62 relative to the plane defined by the upper surface 102 of the upper support deck 68 may encourage engagement of the opening 32 in the container 14 by the catch element 62. </p><p id="p0050" num="0050">[0047] While the catch element 62 is shown and described as a generally flat, laterally elongated protrusion, those skilled in the art will appreciate that various alternative structures may be used as the disclosed catch element 62 without departing from the scope of the present disclosure. For example, suitable catch elements 62 may include various hooks, protrusions, flanges, detents and the like sufficient to engage the opening 32 in the container 14 and to peel back the access panel 48 of the container 14 while the container 14 is being loaded onto the dispenser 12. 
<!-- EPO <DP n="12"/>-->
 [0048] The upper support deck 68 may define a recess 104 and an opening 106 to the recess 104. The recess 104 may be positioned below the upper surface 102 of the upper support deck 68, and may extend from proximate the catch element 62 toward the rear end 88 of the upper support deck 68. The recess 104 may be sized and shaped to receive the entire access panel 48 of the container 14, or at least a significant portion (e.g., at least 70 percent or at least 80 percent) thereof. For example, the recess 104 may be an enclosed (or open) chamber or an open channel sized to receive the access panel 48. The opening 106 to the recess 104 may be positioned proximate the catch element 62, such as immediately below the catch element 62, and may be shaped to guide the access panel 48 to the recess 104. The catch element 62 may optionally include a guide 63 to guide the access panel 48 to the opening 106 and into the recess 104. </p><p id="p0051" num="0051">[0049] The container 14 may be loaded onto the dispenser 12 by horizontally urging the container 14 along the upper support deck 68 of the dispenser frame 60, as shown in Fig. 7. As the opening 32 in the container 14 approximates the catch element 62 of the dispenser 12, the catch element 62 may extend through the opening 32 and may begin to separate the access panel 48 from the base wall 18 of the container 14, as shown in Fig. 8. As the access panel 48 is separated from the base wall 18 of the container 14, the catch element 62 may guide the separated access panel 48 through the opening 106 in the upper support deck 68 and, ultimately, into the recess 104. </p><p id="p0052" num="0052">[0050] Referring to Fig. 9, once the container 14 has been fully loaded onto the dispenser 12, the access panel 48 may be sufficiently removed and received in the recess 104, thereby allowing the products 16 housed in the container 14 to exit the container 14 by way of the expanded opening 32 in the container 14, pass through the opening 92 in the frame 60 to the lower level 80 of the frame 60, and roll along the lower support deck 70 to the product display area 84. </p><p id="p0053" num="0053">[0051] Accordingly, by providing a recess 104 for receiving the access panel 48 as the access panel 48 is separated from the container 14 and guiding the access panel 48 into the recess 104, the disclosed product dispensing system 10 may prevent the separated access panel 48 from interfering with the operation of the system 10, such as by unintentionally 
<!-- EPO <DP n="13"/>-->
 engaging products 16 moving through the dispenser 12 or from altering the angle of the container 14 as is rests on the dispenser 12. </p><p id="p0054" num="0054">[0052] Referring to Fig. 10, another aspect of the disclosed product dispensing system with panel guide, generally designated 200, may include a dispenser 202 and a container 204. The container 204 may be the same as, or similar to, the container 14 shown in Fig. 2, and may include an access panel 206 that is at least partially separable from the container 204. Therefore, like dispenser 12, dispenser 202 may be configured to beneficially guide the access panel 206 during loading of the container 204 onto the dispenser 202 such that the access panel 206 does not interfere with the operation of the product dispensing system 200. </p><p id="p0055" num="0055">[0053] Specifically, the dispenser 202 may include a frame 208 and a catch element 210. The frame 208 may include an upper support deck 212, and may define a recess 214 for receiving the separated access panel 206 as the container 204 is loaded onto the dispenser 202. The recess 214 may be curved such that the access panel 206 is directed toward the front end 216 of the dispenser frame 208 as the container 204 is horizontally urged toward the rear end 218 of the dispenser frame 208. </p><p id="p0056" num="0056">[0054] Thus, the disclosed product dispensing system 200 may beneficially redirect the separated access panel 206 during loading of the container 204 onto the dispenser 202 such that the separated access panel 206 does not interfere with the dispensing of products. </p><p id="p0057" num="0057">[0055] Although various aspects of the disclosed product dispensing system with panel guide have been shown and described, modifications may occur to those skilled in the art upon reading the specification. The present application includes such modifications and is limited only by the scope of the claims. </p><p id="p0058" num="0058">[0056] What is claimed is: 
</p></description><claims mxw-id="PCLM44726379" ref-ucid="WO-2012115728-A1" lang="EN" load-source="patent-office"><claim-statement><!-- EPO <DP n="14"/>--></claim-statement><claim id="clm-0001" num="1"><claim-text>1. A product dispensing system comprising: </claim-text><claim-text> a container defining an internal volume and an opening into said internal volume, said container comprising a weakened severance line extending from said opening to define an access panel; and </claim-text><claim-text> a dispenser comprising: </claim-text><claim-text> a frame comprising a support deck and defining a recess sized to receive said access panel; and </claim-text><claim-text> a catch element positioned to engage said opening, separate said access panel from said container along said weakened severance line, and guide said separated access panel into said recess when said container is moved along said support deck. </claim-text></claim><claim id="clm-0002" num="2"><claim-text>2. The product dispensing system of claim 1 further comprising a plurality of products received in said internal volume. </claim-text></claim><claim id="clm-0003" num="3"><claim-text>3. The product dispensing system of claim 1 wherein said container comprises paperboard. </claim-text></claim><claim id="clm-0004" num="4"><claim-text>4. The product dispensing system of claim 1 wherein said container comprises two weakened severance lines extending generally in parallel from said opening. </claim-text></claim><claim id="clm-0005" num="5"><claim-text>5. The product dispensing system of claim 1 wherein said weakened severance line comprises perforations. </claim-text></claim><claim id="clm-0006" num="6"><claim-text>6. The product dispensing system of claim 1 wherein said container comprises a plurality of walls that define said internal volume, and wherein said opening is formed in at least one of said plurality of walls. </claim-text></claim><claim id="clm-0007" num="7"><claim-text>7. The product dispensing system of claim 1 wherein said support deck comprises a front end and a rear end, and wherein said catch element is positioned proximate said rear end. </claim-text></claim><claim id="clm-0008" num="8"><claim-text>8. The product dispensing system of claim 7 wherein said catch element protrudes toward said front end. <!-- EPO <DP n="15"/>--> </claim-text></claim><claim id="clm-0009" num="9"><claim-text>9. The product dispensing system of claim 7 wherein said front end is elevated relative to said rear end. </claim-text></claim><claim id="clm-0010" num="10"><claim-text>10. The product dispensing system of claim 7 wherein said catch element is connected to said support deck. </claim-text></claim><claim id="clm-0011" num="11"><claim-text>11. The product dispensing system of claim 7 wherein said support deck defines an opening to said recess proximate said catch member. </claim-text></claim><claim id="clm-0012" num="12"><claim-text>12. The product dispensing system of 11 wherein said recess extends from said opening toward said rear end of said support deck. </claim-text></claim><claim id="clm-0013" num="13"><claim-text>13. The product dispensing system of claim 1 wherein said recess comprises a channel. </claim-text></claim><claim id="clm-0014" num="14"><claim-text>14. The product dispensing system of claim 13 wherein said frame comprises a front end and a rear end, and wherein said channel is configured to direct said access panel toward said front end of said frame. </claim-text></claim><claim id="clm-0015" num="15"><claim-text>15. The product dispensing system of claim 13 wherein said frame comprises a front end and a rear end, and wherein said channel is configured to direct said access panel toward said rear end of said frame. </claim-text></claim><claim id="clm-0016" num="16"><claim-text>16. The product dispensing system of claim 1 wherein said frame further comprises a second support deck positioned below said support deck, said second support deck comprising a front end and a rear end, said front end of said second support defining a product display area. </claim-text></claim><claim id="clm-0017" num="17"><claim-text>17. The product dispensing system of claim 16 further comprising a guide positioned proximate said rear end of said second support deck, said guide being configured to effect a vibration in said frame when a product engages said guide. <!-- EPO <DP n="16"/>--> </claim-text></claim><claim id="clm-0018" num="18"><claim-text>18. A product dispenser for use with a container having a separable access panel, said product dispenser comprising: </claim-text><claim-text> a frame defining a recess and comprising a support deck having a front end and a rear end, said support deck defining an opening into said recess; and </claim-text><claim-text> a catch element connected to said support deck proximate said opening, said catch element protruding toward said front end and comprising a guide configured to guide said access panel toward said opening and into said recess. </claim-text></claim><claim id="clm-0019" num="19"><claim-text>19. The product dispenser of claim 18 wherein said recess comprises a curved channel that extends toward said front end. </claim-text></claim><claim id="clm-0020" num="20"><claim-text>20. A product dispensing system comprising: </claim-text><claim-text> a container comprising a plurality of walls that define an internal volume, wherein a base wall of said plurality of walls defines an opening into said internal volume, and wherein said base wall comprises at least two weakened severance lines extending from said opening to define an access panel; and </claim-text><claim-text> a dispenser comprising: </claim-text><claim-text> a frame comprising a support deck having a front end and a rear end, said frame defining a recess sized to receive said access panel; and </claim-text><claim-text> a catch element connected to said support deck proximate said rear end, said catch element protruding toward said front end to engage said opening in said container, separate said access panel from said container along said weakened severance lines, and guide said separated access panel into said recess when said container is moved along said support deck from said front end toward said rear end. </claim-text></claim></claims><copyright>User acknowledges that Fairview Research LLC and its third party providers retain all right, title and interest in and to this xml under applicable copyright laws.  User acquires no ownership rights to this xml including but not limited to its format.  User hereby accepts the terms and conditions of the Licence Agreement</copyright></patent-document>
