<?xml version="1.0" encoding="UTF-8"?>
<patent-document ucid="EP-2681231-A1" country="EP" doc-number="2681231" kind="A1" date="20140108" family-id="44202290" file-reference-id="318301" date-produced="20180823" status="corrected" lang="EN"><bibliographic-data><publication-reference fvid="146587035" ucid="EP-2681231-A1"><document-id><country>EP</country><doc-number>2681231</doc-number><kind>A1</kind><date>20140108</date><lang>EN</lang></document-id></publication-reference><application-reference ucid="EP-12707103-A" is-representative="NO"><document-id mxw-id="PAPP154849227" load-source="docdb" format="epo"><country>EP</country><doc-number>12707103</doc-number><kind>A</kind><date>20120305</date><lang>EN</lang></document-id><document-id mxw-id="PAPP173226922" load-source="docdb" format="original"><country>EP</country><doc-number>12707103.3</doc-number><date>20120305</date><lang>EN</lang></document-id></application-reference><priority-claims><priority-claim mxw-id="PPC140552348" ucid="EP-11156826-A" load-source="docdb"><document-id format="epo"><country>EP</country><doc-number>11156826</doc-number><kind>A</kind><date>20110303</date></document-id></priority-claim><priority-claim mxw-id="PPC140551333" ucid="EP-12707103-A" load-source="docdb"><document-id format="epo"><country>EP</country><doc-number>12707103</doc-number><kind>A</kind><date>20120305</date></document-id></priority-claim><priority-claim mxw-id="PPC140547262" ucid="EP-2012053749-W" linkage-type="W" load-source="docdb"><document-id format="epo"><country>EP</country><doc-number>2012053749</doc-number><kind>W</kind><date>20120305</date></document-id></priority-claim><priority-claim mxw-id="PPC140550244" ucid="US-201161448775-P" load-source="docdb"><document-id format="epo"><country>US</country><doc-number>201161448775</doc-number><kind>P</kind><date>20110303</date></document-id></priority-claim></priority-claims><technical-data><classifications-ipcr><classification-ipcr mxw-id="PCL1989318154" load-source="docdb">C07K  14/47        20060101ALI20120921BHEP        </classification-ipcr><classification-ipcr mxw-id="PCL1989318581" load-source="docdb">C07K   1/18        20060101AFI20120921BHEP        </classification-ipcr><classification-ipcr mxw-id="PCL1989319829" load-source="docdb">C07K  14/52        20060101ALI20120921BHEP        </classification-ipcr></classifications-ipcr><classifications-cpc><classification-cpc mxw-id="PCL-1999877431" load-source="docdb" scheme="CPC">C07K  14/78        20130101 FI20151114BHEP        </classification-cpc><classification-cpc mxw-id="PCL-1999879511" load-source="docdb" scheme="CPC">C07K  14/52        20130101 LI20151114BHEP        </classification-cpc><classification-cpc mxw-id="PCL-2046356843" load-source="docdb" scheme="CPC">C07K  14/47        20130101 LI20150616BHEP        </classification-cpc><classification-cpc mxw-id="PCL-2046356844" load-source="docdb" scheme="CPC">C07K   1/18        20130101 LI20150616BHEP        </classification-cpc><classification-cpc mxw-id="PCL-2046356845" load-source="docdb" scheme="CPC">A23J   1/20        20130101 LI20150616BHEP        </classification-cpc></classifications-cpc><invention-title mxw-id="PT132365738" lang="DE" load-source="patent-office">VERFAHREN ZUM ISOLIEREN VON OSTEOPONTIN ANHAND VON KONZENTRIERTEN ROHSTOFFEN</invention-title><invention-title mxw-id="PT132365739" lang="EN" load-source="patent-office">METHOD FOR ISOLATING OSTEOPONTIN USING CONCENTRATED FEEDS</invention-title><invention-title mxw-id="PT132365740" lang="FR" load-source="patent-office">PROCÉDÉ D'ISOLEMENT DE L'OSTÉOPONTINE À L'AIDE DE CHARGES D'ALIMENTATION CONCENTRÉES</invention-title><citations><non-patent-citations><nplcit><text>See references of WO 2012117120A1</text><sources><source mxw-id="PNPL67456275" load-source="docdb" name="SEA"/></sources></nplcit></non-patent-citations></citations></technical-data><parties><applicants><applicant mxw-id="PPAR919538955" load-source="docdb" sequence="1" format="epo"><addressbook><last-name>ARLA FOODS AMBA</last-name><address><country>DK</country></address></addressbook></applicant><applicant mxw-id="PPAR919541239" load-source="docdb" sequence="1" format="intermediate"><addressbook><last-name>ARLA FOODS AMBA</last-name></addressbook></applicant><applicant mxw-id="PPAR919010902" load-source="patent-office" sequence="1" format="original"><addressbook><last-name>Arla Foods Amba</last-name><iid>101174916</iid><address><street>Sønderhøj 14</street><city>8260 Viby J</city><country>DK</country></address></addressbook></applicant></applicants><inventors><inventor mxw-id="PPAR919504585" load-source="docdb" sequence="1" format="epo"><addressbook><last-name>BERTELSEN HANS</last-name><address><country>DK</country></address></addressbook></inventor><inventor mxw-id="PPAR919524932" load-source="docdb" sequence="1" format="intermediate"><addressbook><last-name>BERTELSEN, HANS</last-name></addressbook></inventor><inventor mxw-id="PPAR919017975" load-source="patent-office" sequence="1" format="original"><addressbook><last-name>BERTELSEN, HANS</last-name><address><street>Chr. Aagaardsvej 8</street><city>DK-6920 Videbaek</city><country>DK</country></address></addressbook></inventor><inventor mxw-id="PPAR919540964" load-source="docdb" sequence="2" format="epo"><addressbook><last-name>WEJSE PETER LANGBORG</last-name><address><country>DK</country></address></addressbook></inventor><inventor mxw-id="PPAR919509637" load-source="docdb" sequence="2" format="intermediate"><addressbook><last-name>WEJSE, Peter Langborg</last-name></addressbook></inventor><inventor mxw-id="PPAR919010633" load-source="patent-office" sequence="2" format="original"><addressbook><last-name>WEJSE, Peter Langborg</last-name><address><street>Fridtjof Nansens Vej 25</street><city>DK-8200 Aarhus N</city><country>DK</country></address></addressbook></inventor><inventor mxw-id="PPAR919536253" load-source="docdb" sequence="3" format="epo"><addressbook><last-name>TRUGVASON TRINE</last-name><address><country>DK</country></address></addressbook></inventor><inventor mxw-id="PPAR919535416" load-source="docdb" sequence="3" format="intermediate"><addressbook><last-name>TRUGVASON, TRINE</last-name></addressbook></inventor><inventor mxw-id="PPAR919019648" load-source="patent-office" sequence="3" format="original"><addressbook><last-name>TRÚGVASON, Trine</last-name><address><street>Kirkegade 49</street><city>DK-6940 Lem St.</city><country>DK</country></address></addressbook></inventor></inventors><agents><agent mxw-id="PPAR919007100" load-source="patent-office" sequence="1" format="original"><addressbook><last-name>Østergaard, Steen</last-name><iid>101233225</iid><address><street>Guardian IP Consulting I/S Diplomvej, Building 381</street><city>2800 Kgs. Lyngby</city><country>DK</country></address></addressbook></agent></agents></parties><international-convention-data><pct-or-regional-filing-data ucid="EP-2012053749-W"><document-id><country>EP</country><doc-number>2012053749</doc-number><kind>W</kind><date>20120305</date><lang>EN</lang></document-id></pct-or-regional-filing-data><pct-or-regional-publishing-data ucid="WO-2012117120-A1"><document-id><country>WO</country><doc-number>2012117120</doc-number><kind>A1</kind><date>20120907</date><lang>EN</lang></document-id></pct-or-regional-publishing-data><designated-states><ep-contracting-states><country mxw-id="DS549848771" load-source="docdb">AL</country><country mxw-id="DS549768019" load-source="docdb">AT</country><country mxw-id="DS549848773" load-source="docdb">BE</country><country mxw-id="DS549864380" load-source="docdb">BG</country><country mxw-id="DS549780533" load-source="docdb">CH</country><country mxw-id="DS549850011" load-source="docdb">CY</country><country mxw-id="DS549768020" load-source="docdb">CZ</country><country mxw-id="DS549848774" load-source="docdb">DE</country><country mxw-id="DS549850012" load-source="docdb">DK</country><country mxw-id="DS549850013" load-source="docdb">EE</country><country mxw-id="DS549917726" load-source="docdb">ES</country><country mxw-id="DS549864381" load-source="docdb">FI</country><country mxw-id="DS549864386" load-source="docdb">FR</country><country mxw-id="DS549848775" load-source="docdb">GB</country><country mxw-id="DS549850018" load-source="docdb">GR</country><country mxw-id="DS549848776" load-source="docdb">HR</country><country mxw-id="DS549768025" load-source="docdb">HU</country><country mxw-id="DS549780534" load-source="docdb">IE</country><country mxw-id="DS549850019" load-source="docdb">IS</country><country mxw-id="DS549864387" load-source="docdb">IT</country><country mxw-id="DS549850020" load-source="docdb">LI</country><country mxw-id="DS549850047" load-source="docdb">LT</country><country mxw-id="DS549767725" load-source="docdb">LU</country><country mxw-id="DS549850048" load-source="docdb">LV</country><country mxw-id="DS549850049" load-source="docdb">MC</country><country mxw-id="DS549767726" load-source="docdb">MK</country><country mxw-id="DS549767727" load-source="docdb">MT</country><country mxw-id="DS549768026" load-source="docdb">NL</country><country mxw-id="DS549917727" load-source="docdb">NO</country><country mxw-id="DS549780535" load-source="docdb">PL</country><country mxw-id="DS549850063" load-source="docdb">PT</country><country mxw-id="DS549768027" load-source="docdb">RO</country><country mxw-id="DS549850064" load-source="docdb">RS</country><country mxw-id="DS549780536" load-source="docdb">SE</country><country mxw-id="DS549864388" load-source="docdb">SI</country><country mxw-id="DS549917728" load-source="docdb">SK</country><country mxw-id="DS549780553" load-source="docdb">SM</country><country mxw-id="DS549767728" load-source="docdb">TR</country></ep-contracting-states><ep-extended-states><ep-extended-state-data><country>BA</country></ep-extended-state-data><ep-extended-state-data><country>ME</country></ep-extended-state-data></ep-extended-states></designated-states></international-convention-data><office-specific-data><eptags><ep-no-a-document-published>*</ep-no-a-document-published></eptags></office-specific-data></bibliographic-data><abstract mxw-id="PA99837215" ref-ucid="WO-2012117120-A1" lang="EN" load-source="patent-office"><p num="0000">The present invention pertains to a method for isolating osteopontin from milk-derived feeds having a high concentration of protein. Particularly, the present method involves the use of a narrow window of pH and specific conductance of the milk-derived feed, which surprisingly has proven to provide a very efficient isolation of osteopontin from chemically complex feeds.</p></abstract><abstract mxw-id="PA100332956" ref-ucid="WO-2012117120-A1" lang="EN" source="national office" load-source="docdb"><p>The present invention pertains to a method for isolating osteopontin from milk-derived feeds having a high concentration of protein. Particularly, the present method involves the use of a narrow window of pH and specific conductance of the milk-derived feed, which surprisingly has proven to provide a very efficient isolation of osteopontin from chemically complex feeds.</p></abstract><abstract mxw-id="PA99837216" ref-ucid="WO-2012117120-A1" lang="FR" load-source="patent-office"><p num="0000">La présente invention concerne un procédé d'isolement de l'ostéopontine à partir de charges d'alimentation dérivées du lait présentant une concentration élevée en protéines. Le présent procédé implique notamment l'utilisation d'une fenêtre étroite de pH et de conductance spécifique de la charge d'alimentation dérivée du lait, qui de façon surprenante a prouvé pouvoir apporter un isolement très efficace de l'ostéopontine à partir d'aliments chimiquement complexes.</p></abstract><abstract mxw-id="PA100332957" ref-ucid="WO-2012117120-A1" lang="FR" source="national office" load-source="docdb"><p>La présente invention concerne un procédé d'isolement de l'ostéopontine à partir de charges d'alimentation dérivées du lait présentant une concentration élevée en protéines. Le présent procédé implique notamment l'utilisation d'une fenêtre étroite de pH et de conductance spécifique de la charge d'alimentation dérivée du lait, qui de façon surprenante a prouvé pouvoir apporter un isolement très efficace de l'ostéopontine à partir d'aliments chimiquement complexes.</p></abstract><description mxw-id="PDES51233511" ref-ucid="WO-2012117120-A1" lang="EN" load-source="patent-office"><!-- EPO <DP n="2"/>--><p id="p0001" num="0001"> METHOD FOR ISOLATING OSTEOPONTIN USING CONCENTRATED FEEDS</p><p id="p0002" num="0002">FIELD OF THE INVENTION The present invention pertains to a method for isolating osteopontin from a milk- derived feed, e.g. a feed based on milk serum, sweet whey, or acid whey. </p><p id="p0003" num="0003">Particularly, the present method involves the use of a relatively high protein concentration and a narrow window of pH and specific conductance of the milk- derived feed, which surprisingly has proven to provide a very efficient isolation of osteopontin from chemically complex feeds. </p><p id="p0004" num="0004">BACKGROUND </p><p id="p0005" num="0005">Osteopontin is an acidic, highly phosphorylated, sialic acid rich, calcium binding protein. Osteopontin contains approx. 28 moles of bound phosphate per mol osteopontin and binds approx. 50 moles of Ca per mole osteopontin. </p><p id="p0006" num="0006">Osteopontin (OPN) is a multifunctional bioactive protein that is implicated in numerous biological processes, such as bone remodelling, inhibition of ectopic calcification, and cellular adhesion and migration, as well as several immune functions. Osteopontin has cytokine-like properties and is a key factor in the initiation of T helper 1 immune responses. Osteopontin is present in most tissues and body fluids, with the highest concentrations being found in milk. </p><p id="p0007" num="0007">Supporting an inhibitory function of OPN in ectopic calcification, an in vivo model using OPN-deficient mice showed diminished calcification upon exogenous addition of the protein. In addition, OPN is involved in the urinary tract's defence against the formation of renal stones because OPN can inhibit growth and aggregation of calcium oxalate monohydrate crystals. The biological role of OPN in milk is not clear; however, several functions could be hypothesized. Osteopontin has been reported to be involved in mammary gland development and differentiation, and high levels of OPN expression have been observed in the mammary gland in early lactation. Furthermore, the highly 
<!-- EPO <DP n="3"/>-->
 anionic nature of the protein could enable OPN to form soluble complexes with calcium ions and thereby inhibit unintentional calcium crystallization and precipitation in milk. In the scientific literature osteopontin is typically purified from bone or milk and it is typically present in bovine milk in a concentration of 20 mg/L. In milk, osteopontin is a serum protein but may also to some extent associate with the casein micelles depending on the Ca<sup>2+</sup> level. Acid whey is the preferred raw material for industrial production of osteopontin. When acid whey is formed osteopontin is thought to leave the casein micelles as Ca<sup>2+</sup> leaks out into the serum phase. This aspect makes acid whey a straightforward source of osteopontin. For the same reason sweet whey has a slightly lower osteopontin content. Furthermore, sweet whey contains caseino macropeptide (CMP) from enzymatic cleavage of the kappa-casein. CMP has many biochemical resemblances with osteopontin - both are small, flexible, acidic, phosphorylated glycoproteins. For this reason CMP and osteopontin is believed to be quite similar in their binding to ion exchange resins, which will pose a problem in purifying osteopontin from a CMP-containing raw material. Another aspect is the likely degradation of osteopontin by proteolytic enzymes used for cheese making. These three aspects may have resulted in avoidance of this raw material for osteopontin purification, both for industrial production and for scientific research. </p><p id="p0008" num="0008">Prior art </p><p id="p0009" num="0009">WO 02/28413 Al describes a method of producing an osteopontin-containing composition from feedstocks, such as milk and acid whey, by means of low pH anion exchange. In WO 02/28413 Al it is emphasised that neither the process feedstock nor the resulting product may contain cGMP, which is a type of CMP which is known to bind to anion exchangers and which would inhibit the binding of osteopontin. </p><p id="p0010" num="0010">WO 01/149741 A2 describes a process wherein osteopontin is purified from a milk material by mixing the milk material with soluble calcium and adjusting the pH of the mixture to selectively precipitate the other protein components of whey while keeping osteopontin in solution. 
<!-- EPO <DP n="4"/>-->
 SUMMARY OF THE INVENTION </p><p id="p0011" num="0011">The present inventors have discovered that, surprisingly and contrary to the prejudices found in the prior art, osteopontin can be isolated by anion exchange in high yield and high purity from complex milk-derived feeds despite the presence of competing proteins of the feed. The present inventors have found that the specific conductance of the feed is particularly important for the yield and purity of osteopontin and have identified an optimum window of the specific conductance for the isolation of osteopontin from milk derived feeds. </p><p id="p0012" num="0012">Thus, an aspect of the invention relates to a method for isolating osteopontin from a milk-derived feed, the method comprising the steps of: a) providing a milk-derived feed comprising osteopontin, said milk- derived feed having a pH in the range of pH 3.6-6.5 at 25 degrees C and a specific conductance in the range of 4-10 mS/cm at 25 degrees C, b) subjecting said milk-derived feed to anion exchange chromatography, which includes contacting the milk-derived feed with an anion exchange medium, c) optionally, washing the anion exchange medium, and d) recovering the protein bound to the anion exchange medium, thereby obtaining a composition comprising isolated osteopontin. </p><p id="p0013" num="0013">An aspect of the invention may for example relate to a method for isolating osteopontin from a milk-derived feed, the method comprising the steps of: a) providing a milk-derived feed comprising osteopontin, said milk- derived feed having a pH in the range of pH 3.6-6.5 at 25 degrees C and a specific conductance in the range of 4-10 mS/cm at 25 
<!-- EPO <DP n="5"/>-->
 degrees C, and wherein the milk-derived feed comprises a total amount of protein in the range of 50-250 g/L milk-derived feed, b) subjecting said milk-derived feed to anion exchange chromatography, which includes contacting the milk-derived feed with an anion exchange medium, c) optionally, washing the anion exchange medium, and d) recovering the protein bound to the anion exchange medium, thereby obtaining a composition comprising isolated osteopontin. </p><p id="p0014" num="0014">In addition to the above-mentioned advantages, the present method allows for a more cost-efficient use of the anion exchange medium, and a higher yield of osteopontin per kg anion exchange medium. </p><p id="p0015" num="0015"> Another advantage of the present method is an improved yield of osteopontin per anion exchange cycle as demonstrated in Example 5. The "specific conductance" (sometimes referred to as the "specific conductivity") of an aqueous solution is a measure of the ability of the solution to conduct electricity. The specific conductance may e.g. be determined by measuring the AC resistance of the solution between two electrodes and the result is typically given in the unit miliSiemens per cm (mS/cm). The measurement of specific conductance may for example be measured according to the EPA (the US Environmental Protection Agency) Method No. 120.1. </p><p id="p0016" num="0016">Yet an aspect of the invention relates to the osteopontin-containing composition obtained by the present method. </p><p id="p0017" num="0017">A further aspect of the invention pertains to an osteopontin-containing composition as such. 
<!-- EPO <DP n="6"/>-->
 BRIEF DESCRIPTION OF THE FIGURES </p><p id="p0018" num="0018">Figure 1. The effect of pH of sweet whey-derived feed on purity and yield of osteopontin at a specific conductance of 5.5 mS/cm, </p><p id="p0019" num="0019">Figure 2. The effect of specific conductance of sweet whey-derived feed on purity and yield of osteopontin at pH 4.3, and </p><p id="p0020" num="0020">Figure 3. The influence of specific conductance of acid whey derived feed on OPN purity and yield at pH 4.3. </p><p id="p0021" num="0021">DETAILED DESCRIPTION OF THE INVENTION </p><p id="p0022" num="0022">As mentioned, an aspect of the invention pertains to a method for isolating osteopontin from a milk-derived feed, the method comprising the steps of: a) providing a milk-derived feed comprising osteopontin, said milk- derived feed having a pH in the range of pH 3.6-6.5 at 25 degrees C and a specific conductance in the range of 4-10 mS/cm at 25 degrees C, and the wherein milk-derived feed comprises a total amount of protein in the range of 50-250 g/L milk-derived feed, b) subjecting said milk-derived feed to anion exchange chromatography, which includes contacting the milk-derived feed with an anion exchange medium, c) optionally, washing the anion exchange medium, and d) recovering the protein bound to the anion exchange medium, thereby obtaining a composition comprising isolated osteopontin. </p><p id="p0023" num="0023">The steps of the method are typically performed in sequence, e.g. steps a), b), c) and d) . However, in some embodiments of the invention step c) of the method is omitted and in this case the method comprises the steps a), b), and d). 
<!-- EPO <DP n="7"/>-->
 In the context of the present invention the term "isolating osteopontin" relates to enrichment of osteopontin to a weight percent of at least 70% (w/w), preferably at least 80% (w/w), and even more preferably at least 90% (w/w) relative to the total weight of protein recovered from the anion exchange medium during step d). Isolating osteopontin may for example involve the enrichment of osteopontin to a weight percent of at least 95% (w/w), such as at least 97% (w/w) relative to the total weight of protein recovered from the anion exchange medium during step d). </p><p id="p0024" num="0024">The method is particularly useful for improving the selective enrichment of osteopontin from a milk-derived feed comprising additional protein having an isoelectric point (pi) &lt; 5.0, for example milk-derived feeds which contain CMP. The term "selective enrichment" should be understood as increasing the molar ratio between osteopontin and the total amount of other proteins of the milk- derived feed. </p><p id="p0025" num="0025">The isoelectric point of a protein is preferably determined by isoelectric focusing at 25 degrees C. </p><p id="p0026" num="0026">In the context of the present invention the term "milk-derived feed" pertains to the liquid feed which contacts the anion exchange medium. </p><p id="p0027" num="0027">The milk-derived feed is derived from milk from one or more mammalian source(s), e.g. milk from human, cow, sheep, goat, buffalo, camel, llama, horse and/or deer. In some preferred embodiments of the invention the milk-derived feed is derived from bovine milk. </p><p id="p0028" num="0028">In the context of the present invention, the terms "milk-derived feed", "sweet whey-derived feed", "acid whey-derived feed", and "milk serum-derived feed" relate to feeds wherein at least 50% (w/w) of the total protein originates from milk, sweet whey, acid whey or milk serum, respectively. In some preferred embodiments of the invention at least 90% (w/w), and preferably substantially all, of the total protein of the milk-derived feed originates from a milk, sweet whey, acid whey or milk serum. In the context of the present invention, the term "milk" relates to the liquid obtained from the mammary glands of mammals during lactation. The term "milk" should be interpreted broadly and covers both the raw milk, i.e. the liquid 
<!-- EPO <DP n="8"/>-->
 obtained directly from the mammary glands, and standardised milk products such as e.g. skimmed milk or whole milk, where the concentration of the milk fat has been reduced relative to the original raw milk. Whey is a collective term referring to the watery by-product which is produced during the manufacture of cheese or casein from milk. </p><p id="p0029" num="0029">In the context of the present invention, the term "sweet whey" relates to whey, which is obtained during rennet-based coagulation of milk, which for example takes place during the production of yellow cheese. </p><p id="p0030" num="0030">In the context of the present invention, the term "acid whey" relates to whey, which is obtained during chemical or biological acidification of milk, which for example takes place during the production of cottage cheese or quark, or in the production of casein/caseinates. </p><p id="p0031" num="0031">In the context of the present invention, the term "milk serum", which also is known as "serum whey", "native whey" or "lactoserum", pertains to milk from which milk fat and casein micelles have been removed. However, milk serum typically contains some free casein species, which have dissociated from the native casein micelles before the micelles were removed. Milk serum may for example be produced by microfiltering a skimmed milk through a filter or membrane having a pore size of approx. 0.1 micrometer and collecting the resulting permeate as the milk serum. Milk serum may be produced according to Evans et a/. </p><p id="p0032" num="0032">As will be understood, the milk, sweet whey, acid whey or milk serum may have been subjected to several process steps to prepare the milk-derived feed. Processing of milk or milk-related products typically involves one or more heat treatment processes, such as a pasteurisation (e.g. 72 degrees C for 15 sec) or a high pasteurisation (e.g. 85 degrees C for 20 sec). </p><p id="p0033" num="0033">Alternatively, or additionally, the processing may involve one or more filtration step(s). Microfiltration may be used to remove microorganisms, or alternatively to concentrate casein. Ultrafiltration or nanofiltration may e.g. be used to concentrate whey protein or milk serum protein. 
<!-- EPO <DP n="9"/>-->
 Alternatively, or additionally, the processing may involve one or more </p><p id="p0034" num="0034">centrifugation step(s), e.g. for separating fat from skimmed milk and/or separating microorganisms from the milk. </p><p id="p0035" num="0035">Alternatively, or additionally, the processing may involve one or more evaporation step(s) for removing water and thus concentrating dry matter such at proteins and/or minerals. The processing may also comprise one or more pH adjustment(s). Acidification may e.g. be used to coagulate casein and pH adjustment may furthermore be important when the processing involves ion exchange chromatography. </p><p id="p0036" num="0036">In some embodiments of the invention the milk-derived feed comprises one more process stream(s) from the production of other milk protein fractions, such as filtered, heat treated whey or alpha-lactalbumin- and/or beta-lactoglobulin- depleted whey. </p><p id="p0037" num="0037">In some preferred embodiments of the invention the milk-derived feed comprises, or even essentially consists of, a milk serum-derived feed. The milk-derived feed may for example be a milk serum, and preferably a milk serum protein concentrate, e.g. in the form of the retentate obtained by ultrafiltration of milk serum. The content of osteopontin in the milk-derived feed depends on the specific feed type. In some embodiments of the invention the milk-derived feed comprises osteopontin in an amount in the range of 0.01-20% (w/w) relative to the total amount of protein of the milk-derived feed. For example, the milk-derived feed may comprise osteopontin in an amount in the range of 0.05-5% (w/w) relative to the total amount of protein of the milk-derived feed. The milk-derived feed may e.g. comprise osteopontin in an amount in the range of 0.1-2% (w/w). </p><p id="p0038" num="0038">Alternatively, the milk-derived feed may comprise osteopontin in an amount in the range of 0.1-1% (w/w) relative to the total amount of protein of the milk-derived feed. 
<!-- EPO <DP n="10"/>-->
 In the context of the present invention, a product, component, method, or method step which is stated to "essentially consist of" one or more subcomponents or one or more activities consists of the one or more specifically mentioned sub-components or the one or more specifically mentioned activities but may also include one or more additional unnamed sub-components or activities which do not materially affect the basic and novel characteristic(s) of the present invention. </p><p id="p0039" num="0039">As mentioned above, the present method is particularly effective for isolating osteopontin from complex feeds, i.e. feeds which contain molecular entities that interfere with the isolation of osteopontin, such as proteins having a pi lower than 5.0. Such proteins have been found to compete with osteopontin for the functional groups of the anion exchange medium. Examples of proteins having a pi &lt; 5.0 are alpha lactalbumin, proteose peptone- 3, proteose peptone-5, and proteose peptone-8, and casein-derived peptides such as caseino macropeptide and/or caseino phosphopeptides. Thus the additional protein may comprise one or more proteins from the group consisting of alpha lactalbumin, proteose peptone-3, proteose peptone-5, and proteose peptone-8, casein-derived peptide, caseino macropeptide, caseino phosphopeptide, and combinations thereof. Free alpha-casein and free beta-casein are other example of proteins having a pi value &lt; 5.0. </p><p id="p0040" num="0040">In some embodiments of the invention the milk-derived feed comprises an amount of additional protein having a pi &lt; 5.0 of at least 0.1% (w/w) relative to the total amount of protein of the milk-derived feed. For example, the milk- derived feed may comprise an amount of additional protein having a pi &lt; 5.0 of at least 0.5% (w/w) relative to the total amount of protein of the milk-derived feed. Alternatively, the milk-derived feed may comprise an amount of additional protein having a pi &lt; 5.0 of at least 2% (w/w) relative to the total amount of protein of the milk-derived feed. As will be understood, the additional protein having a pi &lt; 5.0 does not include osteopontin but typically includes one or more other proteins having a pi in the specified range. </p><p id="p0041" num="0041">In other embodiments of the invention the milk-derived feed comprise an amount of additional protein having a pi &lt; 5.0 in the range of 0.1-50% (w/w) relative to 
<!-- EPO <DP n="11"/>-->
 the total amount of protein of the milk-derived feed. For example, the milk- derived feed may comprise an amount of additional protein having a pi &lt; 5.0 in the range of 0.5-40% (w/w) relative to the total amount of protein of the milk- derived feed. Alternatively, the milk-derived feed may comprise an amount of additional protein having a pi &lt; 5.0 in the range of 2-25% (w/w) relative to the total amount of protein of the milk-derived feed. </p><p id="p0042" num="0042">The milk-derived feed may e.g. comprise an amount of additional protein having a pi &lt; 5.0 in the range of 0.1-20% (w/w) relative to the total amount of protein of the milk-derived feed. For example, the milk-derived feed may comprise an amount of additional protein having a pi &lt; 5.0 in the range of 0.3-15% (w/w) relative to the total amount of protein of the milk-derived feed. Alternatively, the milk-derived feed may comprise an amount of additional protein having a pi &lt; 5.0 in the range of 0.5-10% (w/w) relative to the total amount of protein of the milk- derived feed. </p><p id="p0043" num="0043">In further embodiments of the invention the milk-derived feed comprises an amount of additional protein having a pi &lt; 5.0 in the range of 1-50% (w/w) relative to the total amount of protein of the milk-derived feed. For example, the milk-derived feed may comprise an amount of additional protein having a pi &lt; 5.0 in the range of 10-45% (w/w) relative to the total amount of protein of the milk- derived feed. Alternatively, the milk-derived feed may comprise an amount of additional protein having a pi &lt; 5.0 in the range of 15-40% (w/w) relative to the total amount of protein of the milk-derived feed. </p><p id="p0044" num="0044">In some preferred embodiments of the invention, the additional protein having a pi &lt; 5.0 has a pi &lt; 4.5, and preferably a pi &lt; 4.0. </p><p id="p0045" num="0045">In the context of the present invention the term "protein" encompasses both large aggregates of polypeptides, single polypeptide chains and peptides such as di- or tri-peptides. Chemically, proteins are polymers comprising different and/or identical amino acids linked by so-called peptide bonds. </p><p id="p0046" num="0046">In some preferred embodiments of the invention the milk-derived feed furthermore comprises caseino macropeptide (CMP). 
<!-- EPO <DP n="12"/>-->
 In the context of the present invention, the term "CMP" or "caseino macropeptide" pertains to a small protein, which is released from kappa-casein upon exposure to rennet enzymes. CMP encompasses both glycosylated variants and a non- glycosylated variant of the protein. The glycosylated variants of the protein is sometimes referred to as caseino glycomacropeptide (cGMP). </p><p id="p0047" num="0047">In other preferred embodiments of the invention the milk-derived feed comprises, or even essentially consists of, sweet whey-derived feed. The milk-derived feed may for example be sweet whey, and preferably sweet whey protein concentrate, e.g. in the form of the retentate obtained by ultrafiltration of sweet whey. </p><p id="p0048" num="0048">In some embodiments of the invention the milk-derived feed may comprise, or even essentially consists of, an acid whey-derived feed. The milk-derived feed may for example be an acid whey, and preferably an acid whey protein concentrate, e.g. in the form of the retentate obtained by ultrafiltration of acid whey. </p><p id="p0049" num="0049">In the context of the present invention, the terms "milk serum protein </p><p id="p0050" num="0050">concentrate", "sweet whey protein concentrate", or "acid whey protein </p><p id="p0051" num="0051">concentrate" pertains to an aqueous composition which contains at least 80% (w/w) of the total protein which was present in original milk serum, sweet whey, or acid whey, respectively, and which has a total protein content of at least 25% (w/w) relative to the dry weight of the aqueous composition. However, in other embodiments of the invention the milk-derived feed is not an acid whey-derived feed. </p><p id="p0052" num="0052">In preferred embodiments of the invention the milk-derived feed, e.g. a sweet whey-derived feed, comprises CMP in an amount of at least 1% (w/w) relative to the total amount of protein of the milk-derived feed. For example, the milk- derived feed, e.g. a sweet whey-derived feed, may comprise CMP in an amount of at least 5% (w/w) relative to the total amount of protein of the milk-derived feed, preferably at least 10% (w/w), and even more preferably at least 15% (w/w) relative to the total amount of protein of the milk-derived feed. </p><p id="p0053" num="0053">In some embodiments of the invention the milk-derived feed, e.g. a sweet whey- derived feed, comprises CMP in an amount in the range of 1-40% (w/w) relative 
<!-- EPO <DP n="13"/>-->
 to the total amount of protein of the milk-derived feed. For example, the milk- derived feed, e.g. a sweet whey-derived feed, may comprise CMP in an amount in the range of 5-35% (w/w) relative to the total amount of protein of the milk- derived feed, preferably in the range of 10-30% (w/w), and even more preferably in the range of 15-25% (w/w) relative to the total amount of protein of the milk- derived feed. </p><p id="p0054" num="0054">The present inventors have observed that, surprisingly, a precipitate is formed during the present process when the feed is based on milk serum or a concentrate thereof. The precipitate causes problems during the anion exchange process and reduces its robustness. </p><p id="p0055" num="0055">The inventors have investigated the precipitate and found indications that it contains precipitated casein species, which were present in dissolved form such as free beta-casein or free alpha-casein. </p><p id="p0056" num="0056">In the context of the present invention, the terms "free beta-casein" or "free alpha-casein" pertains beta-casein molecules or alpha-casein molecules which are not bound to the native casein micelles of milk products. Such free beta-casein or free alpha-casein includes dissolved single molecules of beta-casein or alpha- casein or small aggregates of alpha-casein and/or beta-casein. Single molecules of beta-casein are for example known to form small beta-casein micelles, which also is an example of free beta-casein. Thus, in some preferred embodiments of the invention the milk-derived feed furthermore comprises free alpha-casein and free beta-casein. Free alpha-casein and free beta-casein are typically present in milk-serum derived feed. </p><p id="p0057" num="0057">The inventors have found that this precipitation problem can be solved by removing the precipitate from the milk derived feeds prior to anion exchange. Thus, in some preferred embodiments of the invention step a) of the method involves removing precipitate from the acidified liquid which is to form the milk- derived feed. Such removal may e.g. involve centrifugation or filtration of the acidified liquid. </p><p id="p0058" num="0058">Another solution to the precipitate problem is to use a pH of the feed where precipitation is limited or even absent, e.g. in the range of pH 5.0-6.5. 
<!-- EPO <DP n="14"/>-->
 The milk-derived feed may therefore have a pH in the range of 5.0-6.5, and preferably in the range of pH 5.0-6.0. When performing the anion exchange in this pH range it is furthermore suggested to use a feed/process temperature above 15 degrees C, such as 20-40 degrees C. In this temperature range dissolved beta-casein forms small beta-casein micelles, not to be confused with native casein micelles of milk, and these beta-casein micelles seem to interfere less with the anion exchange process than single beta- casein molecules. </p><p id="p0059" num="0059">The temperature of the milk-derived feed and anion exchange material during step b) may therefore be in the range of 15-40 degrees C, and preferably in the range of 20-38 degrees C. </p><p id="p0060" num="0060">The milk-derived feed may e.g. comprise a total amount of free alpha-casein and free beta-casein of at least 0.5% (w/w) relative to the total amount of protein of the milk-derived feed. For example, the milk-derived feed may comprise a total amount of free alpha-casein and free beta-casein of at least 2% (w/w) relative to the total amount of protein of the milk-derived feed. The milk-derived feed may e.g. comprise a total amount of free alpha-casein and free beta-casein of at least 10% (w/w) relative to the total amount of protein of the milk-derived feed.. </p><p id="p0061" num="0061">In some embodiments of the invention the milk-derived feed comprises a total amount of free alpha-casein and free beta-casein in an amount in the range of 0.5-40% (w/w) relative to the total amount of protein of the milk-derived feed. For example, the milk-derived feed may comprise a total amount of free alpha- casein and free beta-casein in an amount in the range of 2-20% (w/w) relative to the total amount of protein of the milk-derived feed. The milk-derived feed may e.g. comprise a total amount of free alpha-casein and free beta-casein in an amount in the range of 5-15% (w/w) relative to the total amount of protein of the milk-derived feed. </p><p id="p0062" num="0062">In some embodiments of the invention the milk-derived feed comprises alpha- lactalbumin in an amount of at least 1% (w/w) relative to the total amount of protein of the milk-derived feed. For example, the milk-derived feed may comprise alpha-lactalbumin in an amount of at least 10% (w/w) relative to the 
<!-- EPO <DP n="15"/>-->
 total amount of protein of the milk-derived feed, preferably at least 20% (w/w), and even more preferably at least 30% (w/w) relative to the total amount of protein of the milk-derived feed. In some embodiments of the invention the milk-derived feed comprises alpha- lactalbumin in an amount in the range of 1-50% (w/w) relative to the total amount of protein of the milk-derived feed. For example, the milk-derived feed may comprise alpha-lactalbumin in an amount in the range of 5-40% (w/w) relative to the total amount of protein of the milk-derived feed, preferably in the range of 10-35% (w/w), and even more preferably in the range of 12-30% (w/w) relative to the total amount of protein of the milk-derived feed. </p><p id="p0063" num="0063">In some embodiments of the invention the milk-derived feed comprises beta- lactoglobulin in an amount of at least 1% (w/w) relative to the total amount of protein of the milk-derived feed. For example, the milk-derived feed may comprise beta-lactoglobulin in an amount of at least 15% (w/w) relative to the total amount of protein of the milk-derived feed, preferably at least 30% (w/w), and even more preferably at least 40% (w/w) relative to the total amount of protein of the milk-derived feed. </p><p id="p0064" num="0064">In some embodiments of the invention the milk-derived feed comprises beta- lactoglobulin in an amount in the range of 1-70% (w/w) relative to the total amount of protein of the milk-derived feed. For example, the milk-derived feed may comprise beta-lactoglobulin in an amount in the range of 10-65% (w/w) relative to the total amount of protein of the milk-derived feed, preferably in the range of 20-60% (w/w), and even more preferably in the range of 35-55% (w/w) relative to the total amount of protein of the milk-derived feed. </p><p id="p0065" num="0065">Caseins are known to precipitate at pH-values at or below about 4.6. In some embodiments of the invention it is therefore preferred that milk-derived feed having a pH in the range of about 3.6 - 4.6 has a relatively low concentration of casein, such as at most 1% (w/w) relative to the total amount of protein of the milk-derived feed. In some embodiments of the invention the milk-derived feed comprises at most 0.1% casein (w/w) relative to the total amount of protein of the milk-derived feed. It may even be preferred that the milk-derived feed comprises at most 
<!-- EPO <DP n="16"/>-->
 0.01% casein (w/w) relative to the total amount of protein of the milk-derived feed. </p><p id="p0066" num="0066">In some preferred embodiments of the invention the milk-derived feed comprises a total amount of protein in the range of 6-250 g/L milk-derived feed. For example, the milk-derived feed may comprise a total amount of protein in the range of 50- 150 g/L milk-derived feed. It may even be preferred that the milk- derived feed comprises a total amount of protein in the range of 75-125 g/L milk- derived feed. </p><p id="p0067" num="0067">Alternatively, the milk-derived feed may comprise a total amount of protein in the range of 50-250 g/L milk-derived feed. For example, the milk-derived feed may comprise a total amount of protein in the range of 50-150 g/L milk-derived feed. It may even be preferred that the milk-derived feed comprises a total amount of protein in the range of 75-150 g/L milk-derived feed. </p><p id="p0068" num="0068">It may also be preferred that the milk-derived feed may comprise a total amount of protein in the range of 75-250 g/L milk-derived feed. In some preferred embodiments of the invention the milk-derived feed comprises a total amount of protein of at least 6 g/L milk-derived feed. For example, the milk-derived feed may comprise a total amount of protein of at least 50 g/L milk- derived feed. It may even be preferred that the milk-derived feed comprises a total amount of protein of at least 75 g/L milk-derived feed. </p><p id="p0069" num="0069">In some preferred embodiments of the invention the milk-derived feed has a pH in the range of pH 3.8-6.0 at 25 degrees C. Preferably, the pH of the milk-derived feed at 25 degrees C is in the range of pH 4.0-5.5. Even more preferably, the pH of the milk-derived feed at 25 degrees C is in the range of pH 4.2-5.0, such as e.g. pH 4.3-4.5. </p><p id="p0070" num="0070">The desired specific conductance of the milk-derived feed may for example be obtained by: </p><p id="p0071" num="0071"> - concentrating the milk-derived feed by partial removal of water and/or addition of salt(s), which results in an increased specific conductance, or </p><p id="p0072" num="0072"> - desalting the milk-derived feed by removal of salt(s) and/or addition of water, which results in a reduced specific conductance. 
<!-- EPO <DP n="17"/>-->
 Techniques for removing water and/or salt(s) from an aqueous liquid are well- known to the person skilled in the art. In some preferred embodiments of the invention the milk-derived feed has a specific conductance in the range of 4.5-9.0 mS/cm at 25 degrees C. For example, the specific conductance of the milk-derived feed may be in the range of 5.0-8.0 mS/cm at 25 degrees C. In some preferred embodiments of the invention it may be even more preferable that the specific conductance of the milk-derived feed is in the range of 5.5-7.0 mS/cm at 25 degrees C. </p><p id="p0073" num="0073">The milk-derived feed may for example have a specific conductance in the range of 4-7 mS/cm at 25 degrees C. Alternatively, the milk-derived feed may have a specific conductance in the range of 7-10 mS/cm at 25 degrees C. Alternatively, the milk-derived feed may have a specific conductance in the range of 5-8 mS/cm at 25 degrees C. </p><p id="p0074" num="0074">In some preferred embodiments of the invention the milk-derived feed has a specific conductance in the range of 4-7 mS/cm at 25 degrees C and a pH in the range of pH 3.6-5.0 at 25 degrees C. </p><p id="p0075" num="0075">In other preferred embodiments of the invention the milk-derived feed has a specific conductance in the range of 7-10 mS/cm at 25 degrees C and a pH in the range of pH 5.0-6.5 at 25 degrees C. </p><p id="p0076" num="0076">In further preferred embodiments of the invention the milk-derived feed has a specific conductance in the range of 5-8 mS/cm at 25 degrees C and a pH in the range of pH 4.0-5.5 at 25 degrees C. For example, the milk-derived feed may have a specific conductance in the range of 5-6 mS/cm at 25 degrees C and a pH in the range of pH 4.2-5.0 at 25 degrees C. </p><p id="p0077" num="0077">In some embodiments of the invention, the milk-derived feed has a pH in the range of 3.6 to 6.5 and </p><p id="p0078" num="0078"> if the pH is in the range of 3.6-5.0, the specific conductance is </p><p id="p0079" num="0079"> at least 4 mS/cm and 
<!-- EPO <DP n="18"/>-->
 at most cond.<sub>max</sub>= 1.38 mS/cm*pH + 1.03 mS/cm, and </p><p id="p0080" num="0080"> if the pH is in the range of 5.0-6.5, the specific conductance is </p><p id="p0081" num="0081"> at least cond.<sub>min</sub> = 1.33 mS/cm *pH - 2.67 mS/cm, and </p><p id="p0082" num="0082"> at most cond.<sub>max</sub>= 1.38 mS/cm*pH + 1.03 mS/cm. </p><p id="p0083" num="0083">Thus, if the pH of a feed of these embodiments is e.g. pH 6.0 the specific conductance is </p><p id="p0084" num="0084"> at least cond.<sub>min</sub> = 1.33 mS/cm *6.0 - 2.67 mS/cm = 5.3 mS/cm, and at most cond.<sub>max</sub>= 1.38 mS/cm*6.0 + 1.03 mS/cm = 9.3 mS/cm. </p><p id="p0085" num="0085">For example, the milk-derived feed may have a pH in the range of 3.6 to 5.0 and a specific conductance of </p><p id="p0086" num="0086"> at least 4 mS/cm and </p><p id="p0087" num="0087"> at most cond.<sub>max</sub>= 1.38 mS/cm*pH + 1.03 mS/cm. </p><p id="p0088" num="0088">Alternatively, the milk-derived feed may have a pH in the range of 5.0 to 6.5 and a specific conductance of </p><p id="p0089" num="0089"> at least at least cond.<sub>min</sub> = 1.33 mS/cm *pH - 2.67 mS/cm and at most cond.<sub>max</sub>= 1.38 mS/cm*pH + 1.03 mS/cm. </p><p id="p0090" num="0090">Specific conductivities and pH-values are measured in feeds having a temperature of 25 degrees C unless it is stated otherwise. </p><p id="p0091" num="0091">In some embodiments of the invention the anion exchange medium comprises a solid phase and one or more cationic groups. </p><p id="p0092" num="0092">Preferably, at least some of the cationic groups are attached to the surface of the solid phase and/or to the surface of pores which are accessible through the surface of the solid phase. </p><p id="p0093" num="0093">In some embodiments of the invention the solid phase of the anion exchange medium comprises one or more components selected from the group consisting of a plurality of particles, a filter, and a membrane. The solid phase may for example comprise, or even essentially consists of, polysaccharide. Cross-linked polysaccharides are particularly preferred. Examples of useful polysaccharides are cellulose, agarose, and/or dextran. 
<!-- EPO <DP n="19"/>-->
 Alternatively, the solid phase may comprise, or even essentially consists of, a non-carbohydrate polymer. Examples of useful non-carbohydrate polymers are methacrylate, polystyrene, and/or styrene-divinylbenzene. </p><p id="p0094" num="0094">In some preferred embodiments of the invention the cationic groups comprises, or even essentially consists of, amino groups. Tertiary amino groups are particularly preferred and result in quaternary ammonium groups under appropriate pH conditions. Quaternary ammonium groups provide strong anion exchange characteristics to the anion exchange medium. </p><p id="p0095" num="0095">Alternatively, or additionally, the cationic groups may comprise one or more primary or secondary amino groups. A substantial amount of primary or secondary amino groups typically provides the anion exchange medium with weak anion exchange characteristics. </p><p id="p0096" num="0096">The optimal protein load per cycle depends on the design of the anion exchange chromatography system and the characteristics of the anion exchange medium. The process conditions during the anion exchange chromatography, including pressure, flow rate, etc., depend on the actual process implementation, the used equipment and the used anion exchange medium. </p><p id="p0097" num="0097">The temperature of the milk-derived feed during step b) is typically sufficiently low to avoid microbial growth and heat damaging of the protein and the anion exchange medium but sufficiently high to provide an acceptable viscosity. </p><p id="p0098" num="0098">In some embodiments of the invention the temperature of the milk-derived feed during step b) is in the range of 2-40 degrees C. Preferably, the temperature of the milk-derived feed during step b) is in the range of 4-20 degrees C, and even more preferably in the range of 6-12 degrees C. </p><p id="p0099" num="0099">More details regarding anion exchange chromatography and its industrial implementation can be found in Scopes, which is incorporated herein by reference for all purposes. 
<!-- EPO <DP n="20"/>-->
 In some preferred embodiments of the invention the method of the invention comprises a step c) of washing the anion exchange medium with a washing solution after contacting it with the milk-derived feed. Useful washing solutions are typically pH neutral or weak acidic aqueous solutions capable of removing loosely bound molecules from the anion exchange medium. One may for example use demineralised water or a pH neutral aqueous solution of sodium chloride, e.g. 0.1 M NaCI, as washing liquid. </p><p id="p0100" num="0100">In other preferred embodiments of the invention, the method of the present invention does not contain step c). </p><p id="p0101" num="0101">Step d) of the present invention involves recovering the osteopontin bound to the anion exchange medium. The recovery is typically performed by contacting the anion exchange medium with an eluent and collecting the resulting eluate, i.e. the eluent plus the molecules released from the anion exchange medium. </p><p id="p0102" num="0102">Normally, the eluent is an aqueous solution having an ion strength and/or pH sufficient to release bound osteopontin from the anion exchange medium. </p><p id="p0103" num="0103">Examples of useful eluents are pH-neutral, 1.0 M aqueous solutions of salts such as NaCI, CaCI<sub>2</sub>, KCI, MgCI<sub>2</sub>, or a combination thereof. </p><p id="p0104" num="0104">The recovered composition may be subjected to additional process steps e.g. for demineralising and concentrating the composition, and subsequently transforming it into a powder. </p><p id="p0105" num="0105">Thus, in some preferred embodiments of the invention, the recovered composition is furthermore subjected to one or more of the process step(s) selected from the group consisting of concentration, diafiltration, evaporation of solvent, spray- drying, and substitution of protein-bound cations. </p><p id="p0106" num="0106">For example, the recovered composition may be subjected to a concentration step. </p><p id="p0107" num="0107">Alternatively, or in addition, the recovered composition may be subjected to a diafiltration step. 
<!-- EPO <DP n="21"/>-->
 Alternatively, or in addition, the recovered composition may be subjected to an evaporation step. </p><p id="p0108" num="0108">Alternatively, or in addition, the recovered composition may be subjected to a spray-drying step. </p><p id="p0109" num="0109">In a preferred embodiment of the invention the recovered composition is subjected to the following steps: i) concentrating, e.g. by ultrafiltration, </p><p id="p0110" num="0110"> ii) diafiltration, e.g. against water, </p><p id="p0111" num="0111"> iii) optionally, another concentration step, e.g. by evaporation, </p><p id="p0112" num="0112"> iv) cation replacement by contacting the aqueous composition of step ii) or iii) with a water soluble calcium salt, e.g. CaCI<sub>2</sub>, </p><p id="p0113" num="0113"> v) pasteurisation, and </p><p id="p0114" num="0114"> vi) spray-drying to convert the pasteurised composition into a powder. </p><p id="p0115" num="0115">The present method may both be implemented as a batch process or a semi- batch-process. The semi-batch process may for example be implemented by operating a first and a second anion exchange column, and performing step b) on the first anion exchange column while performing steps c) and/or d) on the second anion exchange column, and vice versa. </p><p id="p0116" num="0116">In some embodiments of the invention the present method for isolating osteopontin from a milk-derived feed comprises the steps of: a) providing a milk-derived feed comprising osteopontin, said milk- derived feed having a pH in the range of pH 3.6-6.5 at 25 degrees C and a specific conductance in the range of 4-10 mS/cm at 25 degrees C, and wherein the milk-derived feed comprises a total amount of protein in the range of 50-250 g/L milk-derived feed, and wherein the milk-derived feed furthermore comprises additional protein having an isoelectric point (pi) &lt; 5.0. b) subjecting said milk-derived feed to anion exchange chromatography, which includes contacting the milk-derived feed with an anion exchange medium, 
<!-- EPO <DP n="22"/>-->
 c) optionally, washing the anion exchange medium, and d) recovering the protein bound to the anion exchange medium, thereby obtaining a composition comprising isolated osteopontin. </p><p id="p0117" num="0117">In other embodiments of the invention the present method for isolating osteopontin from a milk-derived feed comprises the steps of: a) providing a milk-derived feed comprising osteopontin, said milk- derived feed having a the milk-derived feed has a pH in the range of 3.6 to 6.5 and </p><p id="p0118" num="0118"> - if the pH is in the range of 3.6-5.0, the specific conductance is at least 4 mS/cm and at most cond.<sub>max</sub>= 1.38 mS/cm*pH + 1.03 mS/cm, and </p><p id="p0119" num="0119"> - if the pH is in the range of 5.0-6.5, the specific conductance is at least cond.<sub>min</sub> = 1.33 mS/cm *pH - 2.67 mS/cm, and at most cond.<sub>max</sub>= 1.38 mS/cm*pH + 1.03 mS/cm, and wherein milk-derived feed comprises a total amount of protein in the range of 50-250 g/L milk-derived feed, b) subjecting said milk-derived feed to anion exchange chromatography, which includes contacting the milk-derived feed with an anion exchange medium, c) optionally, washing the anion exchange medium, and d) recovering the protein bound to the anion exchange medium, thereby obtaining a composition comprising isolated osteopontin. </p><p id="p0120" num="0120">In further embodiments of the invention the present method for isolating osteopontin from a milk-derived feed comprises the steps of: 
<!-- EPO <DP n="23"/>-->
 a) providing a milk-derived feed comprising osteopontin, said milk- derived feed having a the milk-derived feed has a pH in the range of 3.6 to 6.5 and </p><p id="p0121" num="0121"> - if the pH is in the range of 3.6-5.0, the specific conductance is at least 4 mS/cm and at most cond.<sub>max</sub>= 1.38 mS/cm*pH + 1.03 mS/cm, and </p><p id="p0122" num="0122"> - if the pH is in the range of 5.0-6.5, the specific conductance is at least cond.<sub>min</sub> = 1.33 mS/cm *pH - 2.67 mS/cm, and at most cond.<sub>max</sub>= 1.38 mS/cm*pH + 1.03 mS/cm, and wherein milk-derived feed comprises a total amount of protein in the range of 50-250 g/L milk-derived feed, and wherein the milk-derived feed furthermore comprises additional protein having an isoelectric point (pi) &lt; 5.0, b) subjecting said milk-derived feed to anion exchange chromatography, which includes contacting the milk-derived feed with an anion exchange medium, c) optionally, washing the anion exchange medium, and d) recovering the protein bound to the anion exchange medium, thereby obtaining a composition comprising isolated osteopontin. </p><p id="p0123" num="0123">Yet an aspect of the invention relates to an osteopontin-containing composition obtainable by the method described herein. </p><p id="p0124" num="0124">The present invention has been described above with reference to specific embodiments. However, other embodiments than the above described are equally possible within the scope of the invention. The different features and steps of various embodiments and aspects of the invention may be combined in other ways than those described herein unless it is stated otherwise. 
<!-- EPO <DP n="24"/>-->
 EXAMPLES </p><p id="p0125" num="0125">Example 1. Enrichment of osteopontin from controlled conductance sweet whey concentrate </p><p id="p0126" num="0126">Protocol </p><p id="p0127" num="0127"> The following purification experiments were conducted on Fast Protein Liquid Chromatography (FPLC) equipment equipped with the strong anion exchange resin Q-Sepharose Bigbeads packed in a 13.3 mL (170 mm x 10 mm) column. The flow was maintained at 3.33 ml/min throughout the loading, wash and elution in all experiments. The raw material was a sweet whey protein isolate and 70 g of total protein was loaded on the column during each experiment. The content of CMP in the raw material was analysed. Samples of the raw material was diluted to a final protein concentration of 10 % w/v, hereafter pH (pH 3.0 - 5.7, at 4.7 mS/cm) and specific conductance (2.3 - 10.3 mS/cm at pH 4.3) were adjusted by addition of HCI and NaCI, respectively. Unbound proteins were washed out of the column by 3 bed volumes of 100 mM NaCI, pH 5.0 solution. Subsequently, the bound proteins were eluted by passage of 1 M NaCI, pH 5.0 solution through the column until no more protein was detected in the eluate. </p><p id="p0128" num="0128">For each eluate sample, the contents of osteopontin (OPN), CMP, and total protein were analysed using the following techniques. </p><p id="p0129" num="0129">Determination of total protein Total protein content of the eluate was measured by standard Kjeldahl digestion as described in Cohen. </p><p id="p0130" num="0130">OPN quantification by HPLC method Analytical Principle: </p><p id="p0131" num="0131"> The sample was filtered through a 0.22 pm filter and subjected to HPLC with column MonoQ HR 5/5 (1ml), Pharmacia and detection at 280 nm. The concentration of the sample was calculated by the external standard method 
<!-- EPO <DP n="25"/>-->
 (comparison with peak area of standard with known OPN content). It is a prerequisite for this analytical procedure that the samples comprise relatively pure OPN, e.g. as determined by SDS-PAGE (Laemmli, 1970), due to the low specificity of the method. </p><p id="p0132" num="0132">Reagents: OPN standard, Milli Q water, HPLC grade, NaCI, Merck, Tris HCI, Sigma </p><p id="p0133" num="0133">Buffer A: lOmM NaCI, 20mM Tris HCL, pH 8.0 </p><p id="p0134" num="0134">Buffer B: 0.8 M NaCI, 20mM Tris HCI, pH 8.0 </p><p id="p0135" num="0135">A standard calibration curve was made from 5 standards in the concentration range 1-10 mg/ml of OPN standard in buffer A. All standards were filtered by 0.22 μηι filters before loading onto the column. Sampling and pretreatment: </p><p id="p0136" num="0136"> Samples for analysis were diluted with Milli Q water, HPLC grade, if they were out of range of the standard calibration curve. Dilution was in some instances also necessary to enable binding of OPN to the anion exchange resin if much NaCI from the eluent was present. An amount equivalent to 25 pL of 1-10 mg/mL OPN was injected for analysis. Samples were filtered through 0.22 pm filters before injection to HPLC. </p><p id="p0137" num="0137">HPLC conditions: Flow 1 ml/min, injection volume 25 pL, gradient: 0-3 min 0% B, 3-17 min 0-60% B, 17-30 min 60-100% B, 30-33 min 100% B, 33-34 min 100- 0% B, 34-40 min 0% B. </p><p id="p0138" num="0138">Calculation and Expression of results: </p><p id="p0139" num="0139"> The concentration of OPN in each sample was calculated by reference to the standard curve and by observing the employed dilutions. </p><p id="p0140" num="0140">The purity was calculated by the ratio between OPN and total protein, using the OPN specific Jones factor of 7.17 as most or all protein determined by Kjeldahl digestion in the current context was OPN. 
<!-- EPO <DP n="26"/>-->
 Quantification of major whey proteins by HPLC </p><p id="p0141" num="0141">Separation and quantification of major whey protein, alpha-lactalbumin, β- lactoglobulin and CMP (caseino glycomacropeptide) by gel permeation </p><p id="p0142" num="0142">chromatography. </p><p id="p0143" num="0143">The gel permeation chromatography was conducted using 2 columns of </p><p id="p0144" num="0144">TSKgeBOOOPWxl (7.8 mm x 30 cm) connected in series with attached precolumn PWxl (6 mm 4 cm)(Tosohass, Japan). </p><p id="p0145" num="0145">The standard solution for calibration of the system consisted of: 225 mg CMP; 225 mg alpha-lactalbumin and 50 mg β-lactoglobulin dissolved in 500.0 ml 0.02 M phosphate buffer 7.5. Pretreatment of samples: Powder samples were dissolved in phosphate buffer at 1 mg/ml and left over night for solubilisation. Alternatively, liquid samples were diluted with phosphate buffer to obtain a content of approx. 0.1% protein. If the protein content was below 0.1%, the sample was measured undiluted. All samples were filtered through 0.22 pm filters before injection to the column. </p><p id="p0146" num="0146">Calculation and Expression of results: </p><p id="p0147" num="0147"> Percentage of individual protein in sample was calculated according to </p><p id="p0148" num="0148">A x 0.1 x F, where </p><p id="p0149" num="0149"> B </p><p id="p0150" num="0150">A = area measured in sample </p><p id="p0151" num="0151"> 0.1= conversion factor for 0.1% solution </p><p id="p0152" num="0152"> F = dilution factor (100,000/sample weight in mg) </p><p id="p0153" num="0153"> B = calculated area of individual protein in 0.1% standard solution Results </p><p id="p0154" num="0154">Content of CMP </p><p id="p0155" num="0155"> The content of CMP in the sweet whey raw material was 20.1 %, but CMP was surprisingly undetectable in the enriched OPN compositions of Example 1. 
<!-- EPO <DP n="27"/>-->
 The effect of feed pH on purity and yield of osteopontin : </p><p id="p0156" num="0156">The first series of experiments with varying the pH value of the applied feed, shown in Figure 1, show that the yield of OPN (mg OPN from 70 g total protein in the feed) increases as the pH increases from pH 3 to approx. pH 4.3. The high yield is maintained when the pH is increased beyond pH 4.3. The purity of OPN in the obtained OPN preparations is very high at low pH values, but when the pH is increased above approx. pH 4.5 the purity slowly declines but is still acceptable until approx. pH 6.5. However, the best yield of high purity OPN is obtained in the pH window pH 3.8-5.5, and particularly in the range pH 4.3-4.5. </p><p id="p0157" num="0157">The effect of specific conductance of the feed on purity and yield of osteopontin : The results from the series of experiments with varying specific conductance are shown in Figure 2. At low specific conductance the yield is high while the purity is low. With increasing specific conductance the purity increases and reaches 100 % at approx. 5.5 mS/cm. When the specific conductance is increased further the purity remains high, whereas the yield of OPN starts to decline when the specific conductance exceeds approx. 10 mS/cm. However, the best yield of high purity OPN seems to obtained in the specific conductance range 4.5-9.0 mS/cm, and particularly in the range 5-8 mS/cm. </p><p id="p0158" num="0158">Discussion/Conclusion Effect of pH: </p><p id="p0159" num="0159"> It is seen from Figure 1 that at a pH value below approx. pH 3.6 OPN is decreasing its charge and hence it is decreasing its binding to the cationic groups of the resin. At pH values above approx. pH 4.5 the purity of OPN starts to decrease as other proteins of the feed become negatively charged and start binding to the resin. We have thus identified a window of optimal pH values in the range pH 3.6-6.5 for isolating OPN of high purity and with high yield even though the feed contains a large amount of CMP. In the resulting OPN preparation CMP is not detectable. </p><p id="p0160" num="0160">Effect of specific conductance: </p><p id="p0161" num="0161"> It is seen from Figure 2 that at a specific conductance below approx. 4 mS/cm the purity of OPN is decreasing as other proteins can bind to the resin. At specific conductances above approx. 6 mS/cm the binding of OPN to the resin becomes 
<!-- EPO <DP n="28"/>-->
 weaker and the yield slowly decreases but is acceptable until a specific conductance of approx. 10 mS/cm. Thus, we have identified a narrow range from approx. 4-10 mS/cm to be optimal for OPN production. In this narrow range OPN can be isolated in high yield and with high purity even from a raw material which contains approx. 20 % CMP. </p><p id="p0162" num="0162">Several additional experiments have been performed exploring the claimed pH/specific conductance window in sweet whey based-feeds and the additional experiments confirm the above-mentioned conclusions. </p><p id="p0163" num="0163">Example 2 Enrichment of osteopontin from controlled conductance acid whey concentrate The following purification experiment was conducted on FPLC equipment similar to Example 1. The raw material, however, was acid whey concentrate having a total protein content of 10% (w/w) and approx. 70 g of total protein was loaded on the column. The concentrated acid whey was diluted to different degrees giving rise to specific conductivities in the range from 2.5 to 10 mS/cm. OPN and total protein was measured in the feed and the eluate by the methods described in Example 1. The pH was adjusted to 4.3 by addition of HCI and the raw material applied to the anion exchange column. Unbound proteins were washed out of the column by 3 bed volumes of 0.1 M NaCI and the bound proteins were subsequently eluted by passage of 1 M NaCI solution through the column until no more protein was detected in the eluate. </p><p id="p0164" num="0164">The influence of the specific conductance on OPN purity and yield during OPN enrichment from concentrated acid whey is shown in Figure 3. </p><p id="p0165" num="0165">The data in Figure 3 shows an enrichment of OPN from acid whey by the described procedure. As in Example 1 where sweet whey was used as raw material, it is again observed that low specific conductance in the feed increases the yield on the sacrifice of purity of the product. However, as acid whey derived feeds do not contain large quantities of CMP the effect is not as detrimental to the enrichment of OPN as in the case where the feed is derived from sweet whey. Acid whey 
<!-- EPO <DP n="29"/>-->
 derived feed does contain minor components, which binding can be minimised by the same parameter settings as employed to avoid binding of CMP. Thus, it can be observed that the narrow optimum range of OPN isolation identified in Example 1 applies to the OPN isolation from acid whey as well. </p><p id="p0166" num="0166">We have performed several additional experiments exploring the claimed pH/specific conductance window in acid whey based-feeds and the additional experiments confirm the above-mentioned findings. </p><p id="p0167" num="0167">Example 3 Enrichment of osteopontin from controlled conductance milk serum concentrate </p><p id="p0168" num="0168">In accordance with the previous examples milk serum can be used as raw material for OPN production by the disclosed method. Milk serum was produced by microfiltration (filter pore size of approx. 0.1 micron) of skimmed milk at 24 degrees so as to remove micellar casein. Samples of milk serum were thereafter adjusted to pH 4.3 or pH 4.7 by HCI and diafiltered to obtain a specific </p><p id="p0169" num="0169">conductance in the range of 4- 10 mS/cm and a total protein content of approx. 5% or 10% (w/w). Subsequently, OPN was enriched from the modified milk serum samples by anion exchange at approx. 5 degrees C as described in example 1. </p><p id="p0170" num="0170">Results and observations </p><p id="p0171" num="0171">The performed trials demonstrated that feeds derived from milk serum also may be used in the present process. </p><p id="p0172" num="0172">Surprisingly, unidentified precipitation was observed during the process resulting in clogging or contamination of the anion exchange material after some cycles of anion exchange. The precipitation problem was solved by filtering the acidified milk serum through filter paper prior to the anion exchange. We have seen indications that the precipitate is related to dissolved casein species, such as free alpha- and free beta-casein that stay in the milk serum when the native casein micelles are removed. 
<!-- EPO <DP n="30"/>-->
 Discussion/Conclusion </p><p id="p0173" num="0173"> Milk serum is produced by microfiltration of skimmed milk so as to remove caseins, whereas sweet and acid whey are casein depleted by precipitation of caseins by action of rennet or acid, respectively. Thereby all three categories of milk derived feeds are essentially free of native casein micelles, which would interfere with anion exchange chromatographic procedures due to precipitation and flocculation of caseins. We have seen indications that dissolved caseins cause problems during anion exchange. This problem can solved by filtering the milk derived feeds prior to anion exchange using e.g. a microfilter. </p><p id="p0174" num="0174">Alternatively, the anion exchange step may be performed at a pH where precipitation is limited or even absent, e.g. in the range of pH 5.0-6.5. When performing the anion exchange in this pH range it is furthermore suggested to use a feed/process temperature above 15 degrees C, such as 20-40 degrees C. In this temperature range dissolved beta-casein forms small beta-casein micelles, not to be confused with native casein micelles, and these beta-casein micelles interfere less with the anion exchange process than single beta-casein molecules. </p><p id="p0175" num="0175">Example 4 Enrichment of osteopontin from sweet whey concentrate without controlled conductance </p><p id="p0176" num="0176">The following purification experiment was conducted on FPLC equipment similar to Example 1. The raw material was sweet whey isolate and approx. 1 g of total protein was loaded on the column. Before loading to the column the sweet whey was concentrated by ultrafiltration, diafiltered after addition of an equal volume of water and finally diluted again by an equal volume of water. The resulting specific conductance was 2.1 mS/cm. CMP and total protein was measured in feed and eluate by the methods described in Example 1. The amount of OPN could not be measured due to interfering proteins in both feed and eluate. OPN data in Table 1 is estimated from known yields in experiments from Example 1. 
<!-- EPO <DP n="31"/>-->
 The pH was adjusted to 4.3 by addition of HCI and the raw material applied to the anion exchange column. Unbound proteins were washed out of the column by 3 bed volumes of water and the bound proteins were hereafter eluted by passage of 1 M NaCI solution through the column until no more protein was detected in the eluate. </p><p id="p0177" num="0177">Table 1. Results of anion exchange of low conductance sweet whey </p><p id="p0178" num="0178"><img id="imgf000031_0001" he="39" wi="104" file="imgf000031_0001.tif" img-format="tif" img-content="table" orientation="portrait" inline="yes"/></p><p id="p0179" num="0179">Discussion/Conclusion : </p><p id="p0180" num="0180"> The data in Table 1 show an enrichment of acidic whey proteins by the described procedure. However, OPN is only enriched to a minor extend because it constitutes a minor fraction of acidic whey proteins in the feed. As e.g. CMP is also binding to the resin and is present in the feed in a high concentration this protein takes up a large amount of the binding capacity of the resin. Therefore this procedure is not satisfactory for OPN production. </p><p id="p0181" num="0181">Example 5 Comparison and conclusion (comparing Example 1 with Example 4) </p><p id="p0182" num="0182"> Some characteristics of the processes in Examples 1 and 4 are compared in Table 2 below. </p><p id="p0183" num="0183">Table 2. Characteristics of Example 1 and 4 </p><p id="p0184" num="0184"><img id="imgf000031_0002" he="46" wi="146" file="imgf000031_0002.tif" img-format="tif" img-content="table" orientation="portrait" inline="yes"/><!-- EPO <DP n="32"/>-->
 Conclusion </p><p id="p0185" num="0185"> As summarized in Table 2, the method of Example 1 is much more specific for enriching OPN than the method of Example 4. Thus, much more protein can be loaded to the column per cycle and the yield of OPN per cycle is much higher with the method of Example 1. This method results in practically pure OPN, whereas CMP dominates the product of Example 4. </p><p id="p0186" num="0186">REFERENCES </p><p id="p0187" num="0187">Cohen Julius B. Cohen, Practical Organic Chemistry, 1910 </p><p id="p0188" num="0188">Evans et al. Evans et al. , "Comparison of composition, sensory, and volatile components of thirty-four percent whey protein and milk serum protein concentrates", J. Dairy Sci. 92 :4773-4791, 2009 </p><p id="p0189" num="0189">Scopes Protein Purification : Principles and Practice; Robert K. Scopes; 3rd edition, Springer Verlag New York, Inc., ISBN 0-387-94072-3 </p><p id="p0190" num="0190">WO 02/28413 Al </p><p id="p0191" num="0191">WO 01/149741 A2 </p><p id="p0192" num="0192">WO 99/33415 Al 
</p></description><claims mxw-id="PCLM44852691" ref-ucid="WO-2012117120-A1" lang="EN" load-source="patent-office"><claim-statement><!-- EPO <DP n="33"/>-->CLAIMS </claim-statement><claim id="clm-0001" num="1"><claim-text>1. A method for isolating osteopontin from a milk-derived feed, the method comprising the steps of: a) providing a milk-derived feed comprising osteopontin, said milk- derived feed having a pH in the range of pH 3.6-6.5 at 25 degrees C and a specific conductance in the range of 4-10 mS/cm at 25 degrees C, and wherein the milk-derived feed comprises a total amount of protein in the range of 50-250 g/L milk-derived feed, b) subjecting said milk-derived feed to anion exchange chromatography, which includes contacting the milk-derived feed with an anion exchange medium, c) optionally, washing the anion exchange medium, and d) recovering the protein bound to the anion exchange medium, thereby obtaining a composition comprising isolated osteopontin. </claim-text></claim><claim id="clm-0002" num="2"><claim-text>2. The method according to claim 1, wherein the milk-derived feed furthermore comprises additional protein having an isoelectric point (pi) &lt; 5.0. </claim-text></claim><claim id="clm-0003" num="3"><claim-text>3. The method according to claim 2, wherein the one or more additional protein(s) comprises one or more protein(s) selected from the group consisting of alpha lactalbumin, caseino macropeptide, caseino phosphopeptide, proteose peptone-3, proteose peptone-5, proteose peptone-8, and a mixture thereof. </claim-text></claim><claim id="clm-0004" num="4"><claim-text>4. The method according to claim 3 or 4, wherein the one or more additional protein(s) comprises caseino macropeptide (CMP). </claim-text></claim><claim id="clm-0005" num="5"><claim-text>5. The method according to any of the preceding claims, wherein the milk-derived feed comprises a total amount of protein in the range of 50-150 g/L milk-derived feed. <!-- EPO <DP n="34"/>--> </claim-text></claim><claim id="clm-0006" num="6"><claim-text>6. The method according to any of the preceding claims, wherein the milk-derived feed comprises a total amount of protein in the range of 75-125 g/L milk-derived feed. </claim-text></claim><claim id="clm-0007" num="7"><claim-text>7. The method according to any of the preceding claims, wherein the milk-derived feed comprises, or even essentially consists of, a milk serum-derived feed. </claim-text></claim><claim id="clm-0008" num="8"><claim-text>8. The method according to any of the preceding claims, wherein the milk-derived feed comprises, or even essentially consists of, sweet whey-derived feed. </claim-text></claim><claim id="clm-0009" num="9"><claim-text>9. The method according to any of the preceding claims, wherein the milk-derived feed comprises CMP in an amount of at least 1% (w/w) relative to the total amount of protein of the milk-derived feed. </claim-text></claim><claim id="clm-0010" num="10"><claim-text>10. The method according to any of the preceding claims, wherein the milk- derived feed comprises CMP in an amount in the range of 1-40% (w/w) relative to the total amount of protein of the milk-derived feed. </claim-text></claim><claim id="clm-0011" num="11"><claim-text>11. The method according to any of the preceding claims, wherein the milk- derived feed comprises alpha-lactalbumin in an amount of at least 1% (w/w) relative to the total amount of protein of the milk-derived feed. </claim-text></claim><claim id="clm-0012" num="12"><claim-text>12. The method according to any of the preceding claims, wherein the milk- derived feed comprises alpha-lactalbumin in an amount in the range of 1-50%</claim-text><claim-text>(w/w) relative to the total amount of protein of the milk-derived feed. </claim-text></claim><claim id="clm-0013" num="13"><claim-text>13. The method according to any of the preceding claims, wherein the milk- derived feed comprises beta-lactoglobulin in an amount of at least 1% (w/w) relative to the total amount of protein of the milk-derived feed. </claim-text></claim><claim id="clm-0014" num="14"><claim-text>14. The method according to any of the preceding claims, wherein the milk- derived feed comprises beta-lactoglobulin in an amount in the range of 1-70% (w/w) relative to the total amount of protein of the milk-derived feed. </claim-text></claim><claim id="clm-0015" num="15"><claim-text>15. The method according to any of the preceding claims, wherein the milk- derived feed has a pH in the range of pH 3.8-5.5 at 25 degrees C. <!-- EPO <DP n="35"/>--> </claim-text></claim><claim id="clm-0016" num="16"><claim-text>16. The method according to any of the preceding claims, wherein the milk- derived feed has a specific conductance in the range of 4.5-9.0 mS/cm at 25 degrees C. </claim-text></claim><claim id="clm-0017" num="17"><claim-text>17. The method according to any of the preceding claims, wherein the milk- derived feed has a specific conductance in the range of 4-7 mS/cm at 25 degrees C. </claim-text></claim><claim id="clm-0018" num="18"><claim-text>18. The method according to any of the preceding claims, wherein the milk- derived feed has a specific conductance in the range of 5-8 mS/cm at 25 degrees C. </claim-text></claim><claim id="clm-0019" num="19"><claim-text>19. The method according to any of the preceding claims, wherein the milk- derived feed has a specific conductance in the range of 7-10 mS/cm at 25 degrees C. </claim-text></claim><claim id="clm-0020" num="20"><claim-text>20. The method according to any of the preceding claims, wherein the anion exchange medium comprises a solid phase and one or more cationic groups. </claim-text></claim><claim id="clm-0021" num="21"><claim-text>21. The method according to claim 20, wherein the solid phase of the anion exchange medium comprises one or more components selected from the group consisting of a plurality of particles, a filter, and a membrane. </claim-text></claim><claim id="clm-0022" num="22"><claim-text>22. The method according to claim 20 or 21, wherein the solid phase comprises, or even essentially consists of, polysaccharide. </claim-text></claim><claim id="clm-0023" num="23"><claim-text>23. The method according to any of the claims 20-22, wherein the solid phase comprises, or even essentially consists of, cross-linked polysaccharide. </claim-text></claim><claim id="clm-0024" num="24"><claim-text>24. The method according to any of the claims 20-23, wherein the solid phase comprises, or even essentially consists of, sepharose. </claim-text></claim><claim id="clm-0025" num="25"><claim-text>25. The method according to any of the preceding claims 20-24, wherein the cationic groups comprises, or even essentially consists of, amino groups. <!-- EPO <DP n="36"/>--> </claim-text></claim><claim id="clm-0026" num="26"><claim-text>26. The method according to any of the preceding claims, wherein the recovered composition furthermore is subjected to one or more of the process step(s) selected from the group consisting of concentration, diafiltration, evaporation of solvent, spray-drying, and substitution of protein-bound cations. </claim-text></claim><claim id="clm-0027" num="27"><claim-text>27. The osteopontin-containing composition obtainable by the method according to any of the preceding claims. </claim-text></claim></claims><copyright>User acknowledges that Fairview Research LLC and its third party providers retain all right, title and interest in and to this xml under applicable copyright laws.  User acquires no ownership rights to this xml including but not limited to its format.  User hereby accepts the terms and conditions of the Licence Agreement</copyright></patent-document>
