<?xml version="1.0" encoding="UTF-8"?>
<patent-document ucid="EP-2958857-A1" country="EP" doc-number="2958857" kind="A1" date="20151230" family-id="48170365" file-reference-id="304360" date-produced="20180822" status="corrected" lang="FR"><bibliographic-data><publication-reference fvid="160453821" ucid="EP-2958857-A1"><document-id><country>EP</country><doc-number>2958857</doc-number><kind>A1</kind><date>20151230</date><lang>FR</lang></document-id></publication-reference><application-reference ucid="EP-14705352-A" is-representative="NO"><document-id mxw-id="PAPP193870610" load-source="docdb" format="epo"><country>EP</country><doc-number>14705352</doc-number><kind>A</kind><date>20140219</date><lang>FR</lang></document-id><document-id mxw-id="PAPP193870611" load-source="patent-office" format="original"><country>EP</country><doc-number>14705352.4</doc-number><date>20140219</date><lang>FR</lang></document-id></application-reference><priority-claims><priority-claim mxw-id="PPC162029636" ucid="BE-201300105-A" load-source="docdb"><document-id format="epo"><country>BE</country><doc-number>201300105</doc-number><kind>A</kind><date>20130219</date></document-id></priority-claim><priority-claim mxw-id="PPC162030867" ucid="EP-2014053226-W" linkage-type="W" load-source="docdb"><document-id format="epo"><country>EP</country><doc-number>2014053226</doc-number><kind>W</kind><date>20140219</date></document-id></priority-claim><priority-claim mxw-id="PPC162034038" ucid="US-201361865821-P" load-source="docdb"><document-id format="epo"><country>US</country><doc-number>201361865821</doc-number><kind>P</kind><date>20130814</date></document-id></priority-claim></priority-claims><technical-data><classifications-ipcr><classification-ipcr mxw-id="PCL-1988520366" load-source="docdb">C01F  11/00        20060101ALI20140911BHEP        </classification-ipcr><classification-ipcr mxw-id="PCL-1988520460" load-source="docdb">C01F   5/16        20060101AFI20140911BHEP        </classification-ipcr><classification-ipcr mxw-id="PCL-1988526557" load-source="docdb">C01F  11/02        20060101ALI20140911BHEP        </classification-ipcr></classifications-ipcr><classifications-cpc><classification-cpc mxw-id="PCL-1809711723" load-source="docdb" scheme="CPC">C01P2004/61        20130101 LA20170526BHEP        </classification-cpc><classification-cpc mxw-id="PCL-1809711724" load-source="docdb" scheme="CPC">C01F  11/00        20130101 LI20170526BHEP        </classification-cpc><classification-cpc mxw-id="PCL-1809711725" load-source="docdb" scheme="CPC">C01F   5/16        20130101 LI20170526BHEP        </classification-cpc><classification-cpc mxw-id="PCL-1809711726" load-source="docdb" scheme="CPC">C01P2004/82        20130101 LA20170526BHEP        </classification-cpc><classification-cpc mxw-id="PCL-1984697619" load-source="docdb" scheme="CPC">C01F   5/22        20130101 LI20151231BHEP        </classification-cpc><classification-cpc mxw-id="PCL-1984699953" load-source="docdb" scheme="CPC">C01F  11/02        20130101 LI20160106BHEP        </classification-cpc><classification-cpc mxw-id="PCL-1984705099" load-source="docdb" scheme="CPC">C04B   2/06        20130101 FI20160106BHEP        </classification-cpc></classifications-cpc><invention-title mxw-id="PT165552929" lang="DE" load-source="patent-office">VERFAHREN ZUR TROCKENLÖSCHEN VON CALCIUMOXIDEN UND MAGNESIUM AUS CALCOMAGNESIUMVERBINDUNGEN</invention-title><invention-title mxw-id="PT165552930" lang="EN" load-source="patent-office">METHOD FOR THE WET SLAKING OF CALCIUM OXIDES AND MAGNESIUM FROM CALCOMAGNESIAN COMPOUNDS</invention-title><invention-title mxw-id="PT165552931" lang="FR" load-source="patent-office">PROCEDE D'EXTINCTION EN VOIE HUMIDE D'OXYDES DE CALCIUM ET MAGNESIUM PROVENANT DE COMPOSES CALCO-MAGNESIENS</invention-title></technical-data><parties><applicants><applicant mxw-id="PPAR1103320659" load-source="docdb" sequence="1" format="epo"><addressbook><last-name>LHOIST RECH ET DÉVELOPPEMENT SA</last-name><address><country>BE</country></address></addressbook></applicant><applicant mxw-id="PPAR1103310260" load-source="docdb" sequence="1" format="intermediate"><addressbook><last-name>S.A. LHOIST RECHERCHE ET DÉVELOPPEMENT</last-name></addressbook></applicant><applicant mxw-id="PPAR1101652737" load-source="patent-office" sequence="1" format="original"><addressbook><last-name>S.A. Lhoist Recherche Et Developpement</last-name><iid>101413366</iid><address><street>Rue Charles Dubois 28</street><city>1342 Ottignies-Louvain-La-Neuve</city><country>BE</country></address></addressbook></applicant></applicants><inventors><inventor mxw-id="PPAR1103340587" load-source="docdb" sequence="1" format="epo"><addressbook><last-name>GÄRTNER ROBERT SEBASTIAN</last-name><address><country>BE</country></address></addressbook></inventor><inventor mxw-id="PPAR1103331463" load-source="docdb" sequence="1" format="intermediate"><addressbook><last-name>GÄRTNER, Robert Sebastian</last-name></addressbook></inventor><inventor mxw-id="PPAR1101647145" load-source="patent-office" sequence="1" format="original"><addressbook><last-name>GÄRTNER, Robert Sebastian</last-name><address><street>O.De Kerchove d'Exaerdestraat 186</street><city>B-1501 Buizingen</city><country>BE</country></address></addressbook></inventor><inventor mxw-id="PPAR1103338729" load-source="docdb" sequence="2" format="epo"><addressbook><last-name>LORGOUILLOUX MARION</last-name><address><country>BE</country></address></addressbook></inventor><inventor mxw-id="PPAR1103314977" load-source="docdb" sequence="2" format="intermediate"><addressbook><last-name>LORGOUILLOUX, MARION</last-name></addressbook></inventor><inventor mxw-id="PPAR1101643553" load-source="patent-office" sequence="2" format="original"><addressbook><last-name>LORGOUILLOUX, MARION</last-name><address><street>Rue des Canadiens 57</street><city>B-7110 Strépy-Bracquegnies</city><country>BE</country></address></addressbook></inventor></inventors><agents><agent mxw-id="PPAR1101646693" load-source="patent-office" sequence="1" format="original"><addressbook><last-name>Gevers Patents</last-name><iid>101441335</iid><address><street>Intellectual Property House Holidaystraat 5</street><city>1831 Diegem</city><country>BE</country></address></addressbook></agent></agents></parties><international-convention-data><pct-or-regional-filing-data ucid="EP-2014053226-W"><document-id><country>EP</country><doc-number>2014053226</doc-number><kind>W</kind><date>20140219</date><lang>FR</lang></document-id></pct-or-regional-filing-data><pct-or-regional-publishing-data ucid="WO-2014128159-A1"><document-id><country>WO</country><doc-number>2014128159</doc-number><kind>A1</kind><date>20140828</date><lang>FR</lang></document-id></pct-or-regional-publishing-data><designated-states><ep-contracting-states><country mxw-id="DS660725188" load-source="docdb">AL</country><country mxw-id="DS660724427" load-source="docdb">AT</country><country mxw-id="DS660725190" load-source="docdb">BE</country><country mxw-id="DS660642198" load-source="docdb">BG</country><country mxw-id="DS660646840" load-source="docdb">CH</country><country mxw-id="DS660759635" load-source="docdb">CY</country><country mxw-id="DS660724428" load-source="docdb">CZ</country><country mxw-id="DS660725195" load-source="docdb">DE</country><country mxw-id="DS660759636" load-source="docdb">DK</country><country mxw-id="DS660759637" load-source="docdb">EE</country><country mxw-id="DS660795173" load-source="docdb">ES</country><country mxw-id="DS660642207" load-source="docdb">FI</country><country mxw-id="DS660642208" load-source="docdb">FR</country><country mxw-id="DS660725196" load-source="docdb">GB</country><country mxw-id="DS660759638" load-source="docdb">GR</country><country mxw-id="DS660725197" load-source="docdb">HR</country><country mxw-id="DS660724429" load-source="docdb">HU</country><country mxw-id="DS660646841" load-source="docdb">IE</country><country mxw-id="DS660725198" load-source="docdb">IS</country><country mxw-id="DS660642209" load-source="docdb">IT</country><country mxw-id="DS660759643" load-source="docdb">LI</country><country mxw-id="DS660643443" load-source="docdb">LT</country><country mxw-id="DS660724430" load-source="docdb">LU</country><country mxw-id="DS660643444" load-source="docdb">LV</country><country mxw-id="DS660643445" load-source="docdb">MC</country><country mxw-id="DS660735247" load-source="docdb">MK</country><country mxw-id="DS660735248" load-source="docdb">MT</country><country mxw-id="DS660724435" load-source="docdb">NL</country><country mxw-id="DS660795174" load-source="docdb">NO</country><country mxw-id="DS660646842" load-source="docdb">PL</country><country mxw-id="DS660643455" load-source="docdb">PT</country><country mxw-id="DS660724436" load-source="docdb">RO</country><country mxw-id="DS660643456" load-source="docdb">RS</country><country mxw-id="DS660724437" load-source="docdb">SE</country><country mxw-id="DS660643457" load-source="docdb">SI</country><country mxw-id="DS660646847" load-source="docdb">SK</country><country mxw-id="DS660646848" load-source="docdb">SM</country><country mxw-id="DS660735249" load-source="docdb">TR</country></ep-contracting-states><ep-extended-states><ep-extended-state-data><country>BA</country></ep-extended-state-data><ep-extended-state-data><country>ME</country></ep-extended-state-data></ep-extended-states></designated-states></international-convention-data><office-specific-data><eptags><ep-no-a-document-published>*</ep-no-a-document-published></eptags></office-specific-data></bibliographic-data><abstract mxw-id="PA139078657" ref-ucid="WO-2014128159-A1" lang="EN" load-source="patent-office"><p num="0000">The invention relates to a method for the slaking of calcium oxides and magnesium from calcomagnesian compound containing preferably at least 10 wt.% of MgO in relation to the total weight of said calcomagnesian compound, comprising supplying a slaking aqueous phase to a slaking device, and slaking said compound containing anhydrous dolomite delivered to said slaking device, by means of said slaking aqueous phase, forming hydrated solid particles of Mg(OH)<sub>2</sub>, in the presence of an additive.</p></abstract><abstract mxw-id="PA139545212" ref-ucid="WO-2014128159-A1" lang="EN" source="national office" load-source="docdb"><p>The invention relates to a method for the slaking of calcium oxides and magnesium from calcomagnesian compound containing preferably at least 10 wt.% of MgO in relation to the total weight of said calcomagnesian compound, comprising supplying a slaking aqueous phase to a slaking device, and slaking said compound containing anhydrous dolomite delivered to said slaking device, by means of said slaking aqueous phase, forming hydrated solid particles of Mg(OH)2, in the presence of an additive.</p></abstract><abstract mxw-id="PA139078658" ref-ucid="WO-2014128159-A1" lang="FR" load-source="patent-office"><p num="0000">Procédé d'extinction d'oxydes de calcium et magnésium de composé calco-magnésien, contenant de préférence au moins 10% en poids de MgO par rapport au poids total dudit composé calco-magnésien, comprenant une alimentation en phase aqueuse d'extinction dans un équipement d'extinction, et une extinction dudit composé contenant de la dolomie vive amené dans ledit équipement d'extinction, par ladite phase aqueuse d'extinction, avec formation de particules solides éteintes Mg(OH)<sub>2</sub>, en présence d'un additif.</p></abstract><abstract mxw-id="PA139545213" ref-ucid="WO-2014128159-A1" lang="FR" source="national office" load-source="docdb"><p>Procédé d'extinction d'oxydes de calcium et magnésium de composé calco-magnésien, contenant de préférence au moins 10% en poids de MgO par rapport au poids total dudit composé calco-magnésien, comprenant une alimentation en phase aqueuse d'extinction dans un équipement d'extinction, et une extinction dudit composé contenant de la dolomie vive amené dans ledit équipement d'extinction, par ladite phase aqueuse d'extinction, avec formation de particules solides éteintes Mg(OH)2, en présence d'un additif.</p></abstract><description mxw-id="PDES78477643" ref-ucid="WO-2014128159-A1" lang="FR" load-source="patent-office"><!-- EPO <DP n="2"/>--><p id="p0001" num="0001"> « PROCEDE D'EXTINCTION EN VOIE HUMIDE D'OXYDES DE CALCIUM ET MAGNESIUM PROVENANT DE COMPOSES CALCO-</p><p id="p0002" num="0002">MAGNESIENS » La présente invention se rapporte à un procédé d'extinction en voie humide d'oxydes de calcium et magnésium de composé calco- magnésien, contenant de préférence au moins 10% en poids de MgO par rapport au poids total dudit composé calco-magnésien comprenant les étapes de : </p><p id="p0003" num="0003"> -une alimentation en composé calco-magnésien contenant du MgO dans un équipement d'extinction, </p><p id="p0004" num="0004"> -une alimentation en phase aqueuse d'extinction dans ledit équipement d'extinction, et </p><p id="p0005" num="0005"> -une extinction desdits oxydes de caclium et magnésium dudit composé calco-magnésien amenés dans ledit équipement d'extinction, par ladite phase aqueuse d'extinction, avec formation de particules solides éteintes d'hydroxydes de calcium et magnésium (par exemple de formule générale xCa{OH)<sub>2</sub>.yMg(OH)<sub>2</sub>). </p><p id="p0006" num="0006"> Typiquement l'extinction de MgO pour former du Mg(OH)<sub>2</sub>, en comparaison d'une extinction conventionnelle de CaO pour former du Ca(OH)<sub>2</sub>, est une réaction difficile à mettre en œuvre industriellement de manière rentable. Une des voies possibles pour produire des produits complètement hydratés, à savoir dans lesquels le MgO et le CaO sont complètement convertis respectivement en Mg(OH)<sub>2</sub> et en Ca(OH)<sub>2</sub>, est l'hydratation à haute pression, lors de laquelle un apport de chaleur est parfois nécessaire, en fonction de la réactivité du MgO. Dans certains cas, lors de l'extinction en voie humide, des temps de réaction très longs peuvent pallier ces inconvénients. Toutefois, l'utilisation d'hydrateurs à haute pression, avec ou sans apport calorifique, ou encore des temps de séjour longs sont autant d'obstacles qui réduisent l'exploitation industrielle de l'hydroxyde de magnésium à partir de MgO, la préférence allant vers la 
<!-- EPO <DP n="3"/>-->
 production chimique des Mg(OH)<sub>2</sub> à partir de sels traités par des solutions caustiques. </p><p id="p0007" num="0007"> Tout comme il existe des gisements de calcaire (carbonate de cafcium de formule CaC0<sub>3</sub>), il existe des gisements de dolomie (carbonate mixte de calcium et de magnésium de formule générale xCaC0<sub>3</sub>.yMgC0<sub>3</sub> avec x et y coefficients molaires tels que x y = 0,8 à 1 ,2) et des gisements d'autres carbonates mixtes de formule générale xCaC0<sub>3</sub>.yMgC0<sub>3</sub> dans laquelle 1 ,2 &lt; x/y &lt; 25) ou de tout autre carbonate mixte de calcium et magnésium. Tout comme les calcaires, les dolomies ou autre carbonate mixte précité peuvent être calcinés, produisant ainsi de la dolomie vive de formule xCaO.yMgO ou tout autre oxyde mixte de calcium et magnésium. De la même manière que pour les chaux vives, une réaction d'hydratation va s'amorcer lorsqu'une dolomie vive ou autre oxyde mixte précité est mis en contact avec de l'eau. Toutefois, comme mentionné ci-dessus, il est connu que la réactivité à l'eau de l'oxyde de magnésium est beaucoup plus faible que celle de la chaux vive calcique, très hydrophile, l'hydratation de ces composés vifs s'en trouvant beaucoup plus complexe que l'hydratation d'une chaux vive calcique. </p><p id="p0008" num="0008"> Comme mentionné ci-dessus, pour obtenir un produit complètement hydraté en voie humide, l'homme de métier a actuellement recours à un procédé d<sup>'</sup>hydratation hydrothermal utilisant une phase aqueuse préchauffée à une température typiquement comprise entre 40 et 80°C pendant un temps de réaction prolongé ( typiquement de 5 à 48 h). Un autre procédé possible auquel l'homme de métier peut avoir recours réside dans un procédé d'hydratation sous haute pression. Industriellement, la première option est préférée, bien que le temps de résidence et la qualité du produit hydraté dépendent fortement de la réactivité des oxydes dans le composé initial. </p><p id="p0009" num="0009"> Dans tous les cas, ces procédés d'extinction sont complexes et coûteux, et nuisent à l'exploitation industrielle de ces composés 
<!-- EPO <DP n="4"/>-->
 contenant du MgO pour obtenir des composés contenant du Mg(OH)<sub>2</sub> avec le risque qu'une partie du MgO ne soit pas bien hydratée. </p><p id="p0010" num="0010"> FR2669327 A1 enseigne l'utilisation d'agents chimiques tels que des aminés ou des glycols pour produire une chaux hydratée à température réglée ou maîtrisée possédant de meilleures propriétés plastiques et des surfaces spécifiques élevées. </p><p id="p0011" num="0011"> WO9209528 A1 concerne également l'utilisation d'additifs choisis parmi les glycols et/ou les aminés pour produire des hydroxydes de calcium et/ou de magnésium présentant des surfaces spécifiques élevées. </p><p id="p0012" num="0012"> US3120444 divulgue l'ajout d'alcoois aliphatiques à faible poids moléculaire pour obtenir une chaux hydratée avec des meilleures propriétés plastiques. </p><p id="p0013" num="0013"> US1856763 divulgue une méthode pour produire de la chaux vive de haute pureté et avec une réactivité retardée pour son utilisation dans les mortiers. </p><p id="p0014" num="0014"> L'invention a pour but de pallier les inconvénients de l'état de la technique en procurant un procédé permettant de produire en voie humide, de manière simple, peu coûteuse, qui peut être mise en œuvre de manière industrielle, un composé contenant des particules solides éteintes de Mg(OH)2, dans lequel l'hydratation est accélérée et/ou dans lequel le degré de conversion de l'oxyde MgO en hydroxyde Mg(OH)<sub>2</sub> est augmenté. </p><p id="p0015" num="0015"> Pour résoudre ce problème, il est prévu suivant l'invention, un procédé tel qu'indiqué au début dans lequel ladite extinction est réalisée en présence d'un additif choisi dans le groupe constitué des hydroxydes métalliques solubles dans l'eau, notamment des hydroxydes alcalins (en particulier les hydroxydes de Na, Li ou K), des silicates métalliques solubles dans l'eau, notamment des silicates alcalins ou alcaiino-terreux solubles dans l'eau (en particulier les silicates de Na, Li, K, Ca ou Mg), des aluminates solubles dans l'eau, notamment les aluminates de K, Na, Li ou NH<sub>4</sub> (en particulier l'aluminate de sodium), des sels 
<!-- EPO <DP n="5"/>-->
 d'aluminium solubles dans l'eau, notamment du fluorure, du nitrate, du chlorure, ou du lactate d'aluminium (en particulier le nitrate et le lactate d'aluminium), des halogénures métalliques soiubies dans l'eau, notamment des chlorures, des bromures ou des fluorures, des nitrates métalliques solubles dans l'eau, des iactates métalliques solubles dans l'eau, des sels d'ammonium solubles dans l'eau, de l'ammoniaque, et de leurs mélanges. </p><p id="p0016" num="0016"> Au sens de la présente invention, par les termes « solubles dans l'eau », on entend que les additifs sont au moins partiellement solubles dans l'eau. La vitesse de la solubilité des additifs ne doit également pas forcément être élevée, les additifs étant susceptibles de se solubiliser au cours de la réaction d'extinction. </p><p id="p0017" num="0017"> Les additifs choisis dans le groupe susdit présentent l'avantage de permettre une hydratation accélérée et/ou améliorée à pression ambiante du composé contenant du MgO avec des temps de réaction relativement brefs. Par conséquent, la réaction d'extinction en présence desdits additifs devient exploitable industriellement et permet de produire ainsi des composés comprenant davantage des particules solides éteintes, de manière simple et peu onéreuse. </p><p id="p0018" num="0018"> Avantageusement, lesdits oxydes de calcium et magnésium de composé calco-magnésien présentent une teneur en oxyde de magnésium inférieure à 50% en poids par rapport au poids dudit composé calco-magnésien, et présentent de préférence un rapport molaire calcium/magnésium compris entre 0,8 et 1 ,2. </p><p id="p0019" num="0019"> Plus particulièrement, ledit composé calco-magnésien est choisi dans le groupe constitué de la dolomie vive, semi calcinée ou semi hydratée, des composés mixtes calco-magnésiens, en particulier des oxydes mixtes de calcium et de magnésium, dont la teneur en MgO est substantielle, à savoir supérieure à 10% en poids par rapport au poids total de l'oxyde mixte, et leurs mélanges 
<!-- EPO <DP n="6"/>-->
 L'hydratation de chaux dolomitiques et de toutes matières présentant une proportion élevée en MgO (à savoir au moins 10% par rapport au poids total du composé calco-magnésien contenant ledit MgO ou dans certaines formes de réalisation par rapport au poids total d'oxyde mixte) est incomplète dans des procédés industriels conventionnels et requiert soit des matériaux moins cuits (soft burned dolime) pour obtenir des taux de conversion acceptables soit des temps de réaction longs et peu adaptés à un procédé industriel. </p><p id="p0020" num="0020"> Cette faible réactivité de la partie MgO est couramment expliquée par la présence de produits surcuits (overburned) à cause de la sensibilité de l'oxyde de magnésium pendant le procédé de calcination. Dans le cas de produits dolomitiques, cette surcuisson est typiquement le résultat d'un besoin d'appliquer des températures permettant au moins partiellement d'obtenir également la conversion du carbonate de calcium (CaCO<sub>3</sub>) en oxyde de calcium (chaux vive). </p><p id="p0021" num="0021"> De ceci, il résulte, dans la pratique industrielle de l'hydratation de dolomie vive, de chaux dolomitique ou de chaux magnésienne, mais également pour tout produit similaire contenant des quantités susbstantielles de MgO, en fonction de la perte de réactivité causée par la surcuisson, que de plus faibles taux de conversion en Mg(OH)<sub>2</sub> sont obtenus lors de l'extinction en voie humide ou que des temps de réaction très longs sont nécessaires pour obtenir un taux de conversion acceptable. </p><p id="p0022" num="0022"> Alternativement, l'application de conditions d'extinction extrêmes peut être requise pour obtenir un produit plus complètement hydraté comme l'application de hautes pressions, des temps de réaction de plus de 24 heures ou encore une hydratation à la vapeur, en fonction des degrés de surcuisson pour les produits d'origine minérale. </p><p id="p0023" num="0023"> Pour l<sup>'</sup>hydratation en voie humide, des taux de conversion du MgO en Mg(OH)<sub>2</sub> de 10 à 60% de Mg pourraient être obtenus dans les équipements conventionnels et en utilisant les temps de séjour typiques 
<!-- EPO <DP n="7"/>-->
 pour i <sup>'</sup>extinction de chaux vive calcique. Ces équipements sont par exemple cités dans Boynton pp. 363, en particulier un hydrateur en voie humide à retenue (détention slaker) avec un temps de séjour moyen de 20 à 40 min, un hydrateur en voie humide à pâte de chaux (paste slaker) avec un temps de séjour moyen de 5 à 20 min, un hydrateur sous la forme d'un broyeur à boulets (bail mill slaker) avec un temps de séjour moyen de 10 à 20 min, une cuve agitée de manière continue ou discontinue avec un temps de séjour moyen de moins d<sup>'</sup>une heure, un hydrateur à vis (screw slaker) avec un temps de séjour moyen de 10 à 30 min ou encore un hydrateur à tambour (drum slaker) avec un temps de séjour moyen de 10 à 30 min, en fonction de la réactivité des oxydes de calcium et magnésium du composé calco-magnésien de départ. Dans de tels cas, une prolongation du temps de séjour à une période de temps de 5 à 48 h pourrait augmenter le taux de conversion jusqu<sup>'</sup>à une conversion complète. Toutefois, comme mentionné ci-dessus, une telle prolongation du temps de séjour serait coûteuse à mettre en œuvre, avec le risque que dans de nombreux cas de figure, la conversion en hydroxyde de magnésium reste largement incomplète. </p><p id="p0024" num="0024"> Ces produits hydratés contiennent donc typiquement des quantités significatives de MgO n'ayant pas réagi. Ce MgO peut alors réagir ultérieurement, par exemple pendant le transport, pendant son utilisation ou encore dans les produits dérivés, préparés au départ de ces produits hydratés, créant typiquement de nombreux problèmes à commencer par l'expansion du produit pendant l'hydratation postérieure. </p><p id="p0025" num="0025"> Dans le procédé selon l'invention, la présence de l'additif permet d'augmenter significativement les taux de conversion pour des temps de réaction relativement courts en comparaison de procédés d'extinction conventionnels pour les composés à faible réactivité, à pression ambiante et dans des plages de températures acceptables pour une application industrielle. 
<!-- EPO <DP n="8"/>-->
 Avantageusement, lesdits hydroxydes alcalins sont choisis dans le groupe constitué de l'hydroxyde de sodium, de l'hydroxyde de potassium, de l'hydroxyde de lithium et de leurs mélanges. </p><p id="p0026" num="0026"> Avantageusement, lesdits silicates alcalins ou alcalino- terreux soiubles dans l'eau sont choisis dans le groupe constitué du silicate de calcium, du silicate de magnésium, du silicate de sodium, du silicate de potassium, du silicate de lithium. De manière préférentielle, ie silicate est un silicate alcalin, avantageusement un silicate de sodium. </p><p id="p0027" num="0027"> Avantageusement, lesdits aiuminates solub!es dans l'eau sont choisis dans le groupe constitué de l'aluminate de potassium, de i'aluminate de sodium, de l'aluminate de lithium, de l'aluminate d'ammonium et de leurs mélanges. De manière préférentielle, l'aluminate est un aluminate de sodium. </p><p id="p0028" num="0028"> Avantageusement, lesdits sels d'aluminium soiubles dans l'eau sont choisis dans le groupe constitué du fluorure d'aluminium, du nitrate d'aluminium, du chlorure d'aluminium, , du lactate d'aluminium et de leurs mélanges. De manière préférentielle, le sel d'aluminium est du lactate d'aluminium. </p><p id="p0029" num="0029"> Avantageusement, lesdits halogénures métalliques soiubles dans l'eau sont choisis dans le groupe constitué des chlorures métalliques, des bromures métalliques, des fluorures métalliques et de leurs mélanges. </p><p id="p0030" num="0030"> Avantageusement, lesdits nitrates métalliques soiubles dans l'eau sont choisis dans le groupe constitué des nitrates alcalins, des nitrates alcalino-terreux et de leurs mélanges. De manière préférentielle, le nitrate est un nitrate de sodium, de lithium, de calcium ou de magnésium. </p><p id="p0031" num="0031"> De préférence, lesdits nitrates, lactates et halogénures métalliques, comportent au moins un atome d'un métal choisi dans le groupe constitué de l'aluminium, du calcium et du magnésium, plus particulièrement de l'aluminium et du magnésium. </p><p id="p0032" num="0032"> Dans une première forme particulière de réalisation du procédé selon la présente invention, ledit additif est ajouté à ladite phase 
<!-- EPO <DP n="9"/>-->
 aqueuse d'extinction préalablement à ladite amenée de ladite phase aqueuse d'extinction pour former une phase aqueuse d'extinction additivée. </p><p id="p0033" num="0033"> Dans une variante du procédé seion la présente invention, ledit additif est ajouté à ladite phase aqueuse d'extinction dans ledit équipement d'extinction ou dans ladite amenée de ladite phase aqueuse d'extinction. </p><p id="p0034" num="0034"> Dans encore une autre variante du procédé selon l'invention, ledit additif est ajouté audit composé calco-magnésien contenant du MgO ou dans ladite amenée dudit composé calco-magnésien. </p><p id="p0035" num="0035"> Dans un mode préférentiel du procédé selon la présente invention, ledit additif est alimenté à une teneur comprise entre 0,1 et 20 %, de préférence entre 1 et 10 % en poids par rapport au poids total de MgO. </p><p id="p0036" num="0036"> Dans le cas particulier des dolomies vives (xCaO.yMgO), celles-ci sont habituellement caractérisées par leur pureté chimique et par leur réactivité. </p><p id="p0037" num="0037"> Par pureté élevée, on entend un faible taux d'impuretés, c'est-à-dire en général moins de 5%, avantageusement moins de 4 % en poids et de préférence moins de 3 %, voire moins de 2 % en poids des impuretés classiques qui se trouvaient au départ dans la doiomie (SiO<sub>2</sub>, A!<sub>2</sub>O<sub>3</sub>, Fe2O<sub>3</sub>, SO<sub>3</sub>...), mais aussi une teneur en oxydes CaO + MgO élevée. Ce!a suppose aussi une limitation de toutes les autres formes possibles du calcium et du magnésium comme les incuits (CaCO<sub>3</sub>, MgCO<sub>3</sub>) ou les composés de types silicates ou a!uminates de calcium et ou de magnésium. Les dolomies vives utilisées dans le procédé selon l'invention contiennent plus de 90 % en poids, avantageusement plus de 93%, de préférence plus de 96 % en poids et de manière particulièrement avantageuse plus de 97 % en poids de CaCO<sub>3</sub>, Ca(OH)<sub>2</sub>, CaO, Mg(OH)<sub>2</sub> et MgO et éventuellement des résidus de MgCO<sub>3</sub> ; CaO et MgO étant de préférence majoritaires. 
<!-- EPO <DP n="10"/>-->
 La réactivité de la dolomie vive peut être caractérisée par le test de réactivité décrit dans la norme ASTM C1 10-02 : 2002 §12. Toutefois, en plus des caractéristiques décrites dans la norme, la réactivité de la dolomie est caractérisée par son t<sub>70</sub>, qui représente le temps nécessaireau milieu réactionnel pour atteindre 70°C à partir de la température initiale réglée à 40°C. Dans la présente invention, un autre critère est considéré, le t@o qui, de manière analogue, représente le temps nécessaire pour atteindre 60°C au départ de 40°C dans les conditions normalisées de ce test de réactivité. </p><p id="p0038" num="0038"> Les composés calco-magnésien, plus particulièrement ceux choisis dans le groupe constitué de la dolomie vive, semi calcinée ou semi hydratée, des composés mixtes calco-magnésiens, en particulier des oxydes mixtes de calcium et de magnésium, dont la teneur en MgO est substantielle, à savoir supérieure à 10% en poids par rapport au poids total de l'oxyde mixte, et leurs mélanges, utilisés dans le procédé selon l'invention présentent avantageusement un t<sub>6</sub>o inférieur ou égal à 5 minutes. </p><p id="p0039" num="0039"> Pour que le procédé objet de la présente invention soit efficace, c'est-à-dire pour que les additifs aient un rôle significatif sur le taux d'hydratation du MgO contenu dans les produits calco-magnésiens, il faut que le produit calco-magnésien initial pris avant l'hydratation selon le procédé de la présente invention soit un minimum réactif. </p><p id="p0040" num="0040"> En effet, dans le cas où les produits caico-magnésiens à hydrater sont très peu réactifs, du fait par exemple d'une surcuisson importante du minéral de départ, comme la dolomie en particulier (cas particulier de la dolomie frittée), l'hydratation du MgO contenu dans ces composés calco-magnésiens est très difficile et les additifs revendiqués dans la présente invention, s'ils peuvent améliorer le taux d'hydratation du MgO, ne permettront certainement pas de l'augmenter de 30 %, de préférence de 100 %, de préférence de 150 % et de manière particulièrement préférentielle de 200 %. 
<!-- EPO <DP n="11"/>-->
 Afin de décrire les composés calco-magnésiens pouvant être utilisés dans le procédé selon l'invention un test simple a été mis au point et est décrit ci-dessous. Dans la suite, nous l'appelons le test simplifié de détermination de taux de conversion, qui mesure le degré de réactivité des composés calco-magnésiens à hydrater. </p><p id="p0041" num="0041"> Pour ce test, quatre litres d'eau déminéralisée, préalablement chauffée à 70 °C, sont introduits dans un réacteur en verre (hémi)cylindrique gradué à double enveloppe d'une capacité effective de 5 dm<sup>3</sup>, mesurant environ 15 cm de diamètre intérieur. Le réacteur est ouvert sur le dessus, ce qui permet de placer dans l'eau une pale d'agitation reliée à un moteur ainsi qu'un thermocouple. L'eau est mise sous agitation à 500-600 rpm. De l'eau à 73 °C est mise en circulation dans la double enveloppe à l'aide d'un bain thermostatique à circulation. </p><p id="p0042" num="0042"> Lorsque l'équilibre thermique est atteint, c'est-à-dire lorsque la température de l'eau dans le réacteur se stabilise à 70 °C ± 1 °C, 200 g de produit calco-magnésien sont ajoutés en une seule fois dans l'eau sous agitation. L'agitation est maintenue pendant 30 minutes, durant lesquelles ia température du milieu réactionnel doit rester comprise entre 70 et 80 °C. Pour les produits peu réactifs, cette température restera proche de 70 °C. Pour les produits plus réactifs, en particulier ceux contenant CaO, la température sera plus proche de 75 voire 80 °C. A l'issue des 30 minutes de réaction, l'agitation est arrêtée et la suspension est filtrée sur buchner. Un échantillon de 30g du produit solide recueilli par filtration est alors séché à 150 °C en moins de 30 minutes à l'aide d'une thermobalance à infra rouge. </p><p id="p0043" num="0043"> Une fois séché, le produit est soumis à une analyse thermogravimétrique (TGA) et le taux de conversion de MgO est calculé d'après la méthode décrite ci-après. </p><p id="p0044" num="0044"> De manière avantageuse, les produits calco-magnésiens présentant, selon ce test simplifié de détermination de taux de conversion, un taux de conversion de MgO d'au moins 10 %, de préférence supérieur 
<!-- EPO <DP n="12"/>-->
 à 15 % et de manière particulièrement préférentielle supérieur à 20 % sont utilisés dans le procédé selon l'invention en présence d'au moins un additif. </p><p id="p0045" num="0045"> Les produits calco-magnésiens décrits dans la présente invention sont généralement caractérisés après et/ou avant leur hydratation suivant le procédé objet de la présente invention par une méthode d'analyse thermique, plus particulièrement de thermogravimétrie. Cette mesure est réalisée en plaçant 50 mg à 2 g de l'échantillon hydraté dans un four muni d'une balance. </p><p id="p0046" num="0046"> La masse de l'échantillon est alors enregistrée pendant une montée en température depuis la température ambiante jusqu'à une valeur comprise entre 900 et 1000 °C à raison de 5 à 20°C/min sous un balayage d'air ou d'azote. L'échantillon est séché à 150 °C préalablement à cette mesure de thermogravimétrie. Cette méthode permet la quantification de différents composés présents dans l'échantillon analysé, et en particulier Mg(OH)<sub>2</sub>, Ca(OH)<sub>2</sub> et CaC0<sub>3</sub>. Les phases non hydratées ou non carbonatées (CaO et MgO par exemple) ne peuvent pas être identifiées et quantifiées par cette méthode de thermogravimétrie. </p><p id="p0047" num="0047"> Avant leur hydratation selon le procédé objet de la présente invention, les produits calco-magnésiens, peuvent contenir du Ca(OH)<sub>2</sub> pouvant être i) de l'hydroxyde de calcium qui se serait formé par une réaction de CaO avec l'humidité de l'air pendant des étapes de stockage ou de transport par exemple (si les produits calco-magnésiens contiennent du calcium sous forme CaO) ou ii) de l'hydroxyde de Ca qui aurait été formé pendant une précédente étape d'hydratation du composé calco- magnésien selon un procédé différent du procédé objet de la présente invention et sans additif. La teneur en Ca(OH)<sub>2</sub> dans les produits calco- magnésiens avant l'hydratation selon le procédé de la présente invention est comprise entre 1 et 65 %, la valeur haute correspondant au cas particulier d'une dolomie semi-hyd ratée de formule générale Ca(OH)<sub>2</sub>.MgO 
<!-- EPO <DP n="13"/>-->
 (soit environ 65 % de Ca(OH)<sub>2</sub> et 35 % de MgO lorsque les impuretés sont négligées). </p><p id="p0048" num="0048"> MgO étant moins sensible à l'humidité que CaO, les produits calco-magnésiens pris avant l'hydratation selon le procédé de la présente invention contiennent en général moins de 1.0 %, de préférence moins de 0.5 % et en particulier moins de 0.2 % de Mg(OH)<sub>2</sub>. </p><p id="p0049" num="0049"> Dans certains cas les produits calco-magnésiens peuvent contenir du CaCO<sub>3</sub> pouvant être i) du carbonate de calcium résiduel issu du minéral d'origine (dolomie par exemple) et qui n'aurait pas été décomposé pendant l'étape de calcination du minéral ou it) du carbonate de calcium qui se serait formé par réaction de Ca(OH)2 avec le CO<sub>2</sub> ambiant pendant des étapes de stockage et de transport par exemple. La teneur en CaCO3 dans les produits calco-magnésiens pris avant hydratation peut être comprise entre 1 et 72 %, la valeur haute correspondant au cas particulier d'une dolomie semi-caicinée de formule générale MgO.CaC0<sub>3</sub> (soit environ 29 % de MgO et 71 % de CaCO<sub>3</sub> lorsque les impuretés sont négligées). </p><p id="p0050" num="0050"> Après l'hydratation selon le procédé de la présente invention, les produits calco-magnésiens peuvent contenir à nouveau CaCO<sub>3</sub> puisque ce composé est insensible à l'hydratation. Ils contiennent également Ca(OH)<sub>2</sub> soit déjà présent dans le produit calco-magnésien initialement (dolomie semi-hydratée par exemple) soit issu de l'hydratation de CaO (si le composé calco-magnésien avant hydratation contient CaO). ils contiennent aussi Mg(OH)<sub>2</sub> formé par hydratation du MgO contenu dans le produit calco-magnésien pris avant hydratation. </p><p id="p0051" num="0051"> Dans le cas des produits calco-magnésiens contenant Mg(OH)<sub>2</sub>, la proportion de Mg(OH)<sub>2</sub> peut être quantifiée par thermogravimétrie en considérant la perte de masse entre 200 et 450 °C, en particulier entre 220 et 420 °C, plus particulièrement entre 250 et 400 °C qui correspond au départ d'eau du fait de la déshydroxylation de Mg(OH)<sub>2</sub> (Mg(OH)<sub>2</sub> se décompose en MgO + H<sub>2</sub>O). 
<!-- EPO <DP n="14"/>-->
 Dans le cas des produits calco-magnésiens contenant Ca(OH)<sub>2</sub>, la proportion de Ca(OH)2 peut être quantifiée par thermogravimétrie en considérant ia perte de masse entre 400 et 600 °C, en particulier entre 420 et 580 °C, plus particulièrement entre 450 et 560 °C qui correspond au départ d'eau du fait de la déshydroxylation de Ca(OH)<sub>2</sub> (Ca(OH)<sub>2</sub> se décompose en CaO + H<sub>2</sub>0). </p><p id="p0052" num="0052"> Dans le cas des produits caico-magnésiens contenant CaCO<sub>3</sub>, la proportion de CaC0<sub>3</sub> peut être quantifiée par thermogravimétrie en considérant la perte de masse entre 600 et 900 °C, en particulier entre 620 et 850 °C, plus particulièrement entre 650 et 800 °C qui correspond au départ de C0<sub>2</sub> du fait de ia décarbonatation de CaC0<sub>3</sub> (CaC0<sub>3</sub> se décompose en CaO + CO<sub>2</sub>). </p><p id="p0053" num="0053"> Au sens de la présente invention, on entend par 'taux de conversion de MgO' (noté tCMgo (%)) le rapport entre le nombre de moles de magnésium dans la fraction Mg(OH)<sub>2</sub> du produit hydraté final et le nombre de moles de magnésium dans le MgO initialement présent dans le produit cafco-magnésien avant hydratation. Il peut être calculé selon la formule 1 ci-dessous. </p><p id="p0054" num="0054">100 </p><p id="p0055" num="0055">Formule 1 </p><p id="p0056" num="0056"> % Mg(OH)<sub>2f</sub>inai représente la proportion massique de Mg(OH)<sub>2</sub> dans le produit hydraté tel que déterminée d'après la perte de masse correspondant à la décomposition de Mg(OH)<sub>2</sub> sur ia courbe de thermogravimétrie </p><p id="p0057" num="0057">- %MgO<sub>ini</sub>tias est la proportion massique de MgO dans le produit à hydrater déterminée par fluorescence X </p><p id="p0058" num="0058"> M<sub>M</sub>go est la masse molaire de MgO (g/mol) (40,3 g/mol) </p><p id="p0059" num="0059"> M<sub>Mg(</sub>0H)2 est la masse molaire de Mg(OH)<sub>2</sub> (g/mo!) (58,3 g/mol) 
<!-- EPO <DP n="15"/>-->
 ei est l'eau liée à Mg(OH)<sub>2</sub> dans le produit hydraté et correspond donc à la valeur absolue de la première perte de masse sur la courbe de thermogravimétrie </p><p id="p0060" num="0060"> e<sub>2</sub> est i'eau liée à Ca(OH)<sub>2</sub> dans le produit hydraté et correspond donc à la valeur absolue de la seconde perte de masse sur la courbe de thermogravimétrie </p><p id="p0061" num="0061"> Avantageusement, selon la présente invention, le taux de conversion de MgO en Mg(OH)<sub>2</sub> est amélioré de 30 %, de préférence de 100 %, de préférence de 150 % et de manière particulièrement préférentielle de 200 % par rapport au taux de conversion obtenu en l'absence d'additif. Ce taux de conversion est en outre de préférence obtenu pour des temps de réaction de moins de 5 heures, de préférence de moins de 2 heures et de manière plus préférentielle de moins de 1 heure, en particulier de moins de 30 minutes, plus particulièrement de moins de 20 minutes; les temps les plus courts étant d'application pour les procédés continus ; dans certains cas, un temps de réaction de 15 minutes, voire 0 minutes ou moins sera suffisant. </p><p id="p0062" num="0062"> Le taux de conversion amélioré de MgO en Mg(OH)<sub>2</sub> peut être calculée selon la formule 2 ci-dessous. hausse tc<sub>M</sub>„<sub>Q</sub> (%) = -^- x 100% </p><p id="p0063" num="0063">Formule 2 </p><p id="p0064" num="0064"> - 11 représente le taux de conversion de MgO en Mg(OH)<sub>2</sub> obtenu en l'absence d'additif. </p><p id="p0065" num="0065"> - t2 représente le taux de conversion de MgO en Mg(OH)<sub>2</sub> obtenu après ajout de l'additif. </p><p id="p0066" num="0066"> Le temps de réaction effectif peut être plus long que le temps de séjour dans l'hydrateur. Par 'temps de réaction', on entend, au sens de la présente invention, le temps écoulé depuis la mise en contact dudit produit calco-magnésien et de ladite phase aqueuse jusqu'à obtenir le taux de conversion précité. Ce temps inclut le temps de séjour du produit dans 
<!-- EPO <DP n="16"/>-->
 le réacteur utilisé pour réaliser l'hydratation et peut également inclure un temps supplémentaire durant lequel la phase aqueuse reste en contact avec le produit calco-magnésien après la phase d'hydratation à proprement parler qui aura eu lieu dans le réacteur. En effet, tant qu'il n'y a pas eu de séparation de la phase aqueuse et du produit calco-magnésien (filtration, criblage,... ), ce dernier est susceptible de continuer à s' ydrater. On observe qu'avec les additifs selon l'invention, l'extinction complémentaire postérieure au séjour dans l'hydrateur est également accélérée par rapport à une situation sans additif. </p><p id="p0067" num="0067"> Les équipements d'hydratation préférentiels pour la mise en œuvre du procédé selon l'invention sont des équipements d'hydratation conventionnels pour la voie humide. Ces équipements sont par exemple un hydrateur en voie humide à retenue (détention slaker), un hydrateur en voie humide à pâte de chaux (paste slaker), un hydrateur sous la forme d'un broyeur à boulets (bail miil slaker), une cuve agitée de manière continue ou discontinue, un hydrateur à vis (screw slaker) ou encore un hydrateur à tambour (drum slaker). Dans une forme de réalisation préférentielle du procédé selon la présente invention, ledit composé calco- magnésien est un composé pulvérulent. L'hydrateur est alors alimenté en composé contenant du MgO pulvérulent, ayant une taille de particules comprise entre 20 pm et 10 mm, de préférence &lt; à 5 mm, de préférence &lt; à 2 mm. </p><p id="p0068" num="0068"> Au sens de la présente invention, les termes « extinction en voie humide », signifient une extinction qui n'est pas en voie sèche, cette dernière conduisant à la formation d'un produit pulvérulent. Autrement dit, par « voie humide », on entend une extinction qui conduit à la formation d'une pâte ou suspension de particules soiides. De préférence, lesdites particules solides éteintes d'hydroxydes de calcium et magnésium forment une suspension ou une pâte de particules solides contenant au moins 30% d'eau. La proportion molaire eau/particuies solides contenant du MgO est supérieure à 1 ,2 en particulier supérieur à 1 ,5 dès lors que le procédé 
<!-- EPO <DP n="17"/>-->
 d'extinction est réalisé en voie humide.Avantageusement, le procédé selon la présente invention comporte en outre une tamisage de la suspension obtenue et/ou une étape de désagglomération ou broyage desdites particules solides éteintes Mg(OH)<sub>2</sub>. </p><p id="p0069" num="0069"> Typiquement, dans une forme de réalisation préférentielle du procédé selon l'invention, ladite phase aqueuse d'extinction présente une température avant extinction comprise entre 35 et 90°C. </p><p id="p0070" num="0070"> D'autres formes de réalisation du procédé suivant l'invention sont indiquées dans les revendications annexées. </p><p id="p0071" num="0071"> D'autres caractéristiques, détails et avantages de l'invention ressortiront de la description donnée ci-après, à titre non limitatif et en faisant référence aux exemples et aux figures annexés. </p><p id="p0072" num="0072"> La figure 1 représente l'influence d'un additif selon l'invention par rapport à l'exemple comparatif sans additif sur la réaction d'extinction de dolomie vive 1. </p><p id="p0073" num="0073"> La figure 2 représente l'influence de différents additifs (Na<sub>2</sub>AÎ<sub>2</sub>O<sub>4</sub> et NaOH) selon l'invention par rapport aux exemples comparatifs sans additif ou en présence de DEA sur la réaction d'extinction de dolomie vive 2. </p><p id="p0074" num="0074"> Le procédé selon l'invention met donc en œuvre une hydratation en voie humide, contrôlable, rapide et simple entre autres de dolomie vive, de chaux dolomitique ou magnésienne ou de tout composé contenant du MgO à un haut degré de conversion, jusqu'à l'obtention de produits complètement hydratés dans un équipement standard d'hydratation par l'utilisation d'un additif dans des proportions préférentielles de 0,1 à 20%, préférentieliement de 1 à 10%, en poids par rapport au poids total du MgO. </p><p id="p0075" num="0075"> Les additifs selon la présente invention sont choisis dans le groupe constitué des hydroxydes métalliques solubles dans l'eau, notamment des hydroxydes alcalins (en particulier les hydroxydes de Na, Li ou K), des silicates métalliques solubles dans l'eau, notamment des 
<!-- EPO <DP n="18"/>-->
 silicates alcalins ou alcalino-terreux solubles dans l'eau (en particulier les silicates de Na, Li, K, Ca ou g), des aluminates solubles dans l'eau, notamment les aluminates de K, Na, Li ou NH<sub>4</sub> (en particulier l'aiuminate de sodium), des sels d'aluminium solubles dans l'eau, notamment du fluorure, du nitrate, du chlorure, ou du lactate d'aluminium (en particulier le nitrate et le lactate d'aluminium), des halogénures métalliques solubles dans l'eau, notamment des chlorures, des bromures ou des fluorures, des nitrates métalliques soiubles dans l'eau, des lactates métalliques solubles dans l'eau, des sels d'ammonium solubles dans l'eau, de l'ammoniaque, et de leurs mélanges. </p><p id="p0076" num="0076"> Exemple 1 </p><p id="p0077" num="0077"> La réaction d'extinction a été réalisée en suivant la configuration typique du test de réactivité selon la norme AST C110-02 : 2002 §12. Ainsi, dans un premier temps, 120 g de chaux dolomitique vive 1 ont été ajoutés à 400 g d'eau d'extinction à 40°C ne contenant aucun additif (point de référence). Dans un second temps, un autre échantillon de 120 g de cette chaux dolomitique vive 1 a été ajouté dans une solution d'aluminate de sodium (formule Na<sub>2</sub>AI<sub>2</sub>0<sub>4</sub>) à 40 °C, préparée au préalable en dissolvant 4 g d'aluminate de sodium dans 396 g d'eau déminéralisée. Dans les deux cas, le mélange réactionnei a été agité à 250 tours par minutes. L'échantillon de chaux dolomitique 1 est une fraction fine dont les tailles de particules d<sub>98</sub> sont inférieures ou égales à 3mm, de production industrielle. Elle contient 39,7 % de MgO et 55,1 % de CaO (proportions massiques déterminées par fluorescence X) ce qui correspond à un rapport molaire Ca/Mg (ou x/y) de 1,00 et sa réactivité est décrite dans le Tableau 1 et sur ta Figure 1. </p><p id="p0078" num="0078"> Ces réactions d'extinction ont été réalisées dans une cuve de type DEWAR d'une contenance de 665 cm<sup>3</sup> et qui comporte un axe muni de quatre pâles et qui est équipé d'une sonde de température pour l'acquisition des données de température au cours du temps de manière 
<!-- EPO <DP n="19"/>-->
 automatique (une mesure est effectuée par seconde). De la courbe illustrée à la Figure 1 , les caractéristiques suivantes ont été déterminées : a) le t<sub>6</sub>o<sub>&gt;</sub> représentant le temps nécessaire au milieu réactionnel pour atteindre 60°C à partir de la température initiale réglée à 40°C. b) le t<sub>70</sub>, représentant le temps nécessaire au milieu réactionnel pour atteindre 70°C à partir de la température initiale réglée à 40°C. c) ie TTM, représentant le temps pour obtenir la température maximale du milieu réactionnel, c'est-à-dire lorsqu'aucune hausse de température de plus de 0,5 °C n'est observée pendant trois mesures consécutives. </p><p id="p0079" num="0079"> La suspension (ou lait) de dolomie ainsi obtenue est maintenue sous agitation jusqu'à l'atteinte de ia TTM, puis elle est criblée à 250 μιη, la fraction écartée étant séchée à 110°C et pesée. Le pourcentage en poids de ces particules écartées est ensuite calculé par rapport à la quantité de départ de chaux vive dolomitique sous forme de fines particules. Ces particules écartées sont appelées « Rebut » et indiquent l'importance de la fraction de particules grossières non souhaitée obtenue lors de l'extinction. Ces données sont présentées au tableau 1 ci-après. </p><p id="p0080" num="0080"> Le produit passant au travers de ce crible est ensuite rapidement séché à 150 °C puis analysé. Les teneurs en Mg(OH)<sub>2</sub> et Ca(OH)2 sont alors calculées sur base de la mesure de la perte au feu par TGA comme décrit ci-dessus. Le taux de conversion de MgO est ensuite calculé selon la formule 1 Tous les résultats sont repris dans le Tableau 1 et illustrés par la Figure . 
<!-- EPO <DP n="20"/>-->
 Tableau 1.- </p><p id="p0081" num="0081"><img id="imgf000020_0001" he="44" wi="232" file="imgf000020_0001.tif" img-format="tif" img-content="table" orientation="landscape" inline="yes"/></p><p id="p0082" num="0082">(1 ) Taux de conversion de MgO en Mg(OH)2 calculé selon la formule 1 . 
<!-- EPO <DP n="21"/>-->
</p><p id="p0083" num="0083">Les résultats de réactivité (Figure 1 ) montrent que non seulement la réaction a été fortement accélérée (même si une augmentation moins rapide a été observée au départ par rapport à l'exemple comparatif sans additif qui sert de référence), en présence d'aluminate de sodium par rapport à la référence sans additif, mais aussi que la température finale obtenue était supérieure, indiquant un degré de conversion supérieur. </p><p id="p0084" num="0084"> Tous les résultats sont repris dans le Tableau 1.</p><p id="p0085" num="0085">Pour l'exemple selon la présente invention, en présence d'aluminate de sodium, une conversion pratiquement complète a été observée (environ 90 % de taux de conversion) malgré une durée de réaction très courte de l'ordre de 5 minutes seulement. De plus, la suspension obtenue sous forme de lait de dolomie était beaucoup plus fine en présence d'aluminate de sodium. La suspension présentait un diamètre médian d<sub>50</sub> d'environ 6 μηι et seul 1 % a été écarté par le tamisage à 250 pm par rapport au cas produit sans additif (d<sub>50</sub> d'environ 11 à 13 μιτι et 5% en poids mis au rebut après tamisage à 250 pm). </p><p id="p0086" num="0086"> Exemple 2. </p><p id="p0087" num="0087"> L'exemple 2 est similaire à l'exemple 1 dans le sens où une dolomie a été hydratée dans les mêmes conditions et en présence d'aluminate de sodium (3 % par rapport à la masse de dolomie vive). Les différences entre cet exemple 2 et l'exemple 1 sont : </p><p id="p0088" num="0088"> Cette fois, une dolomie vive 2 contenant 39,5 % de MgO et 51 ,9 % de CaO (soit x/y mol = 0,94) et dont îa réactivité est décrite dans ie Tableau 2 et sur la Figure 2 a été hydratée, </p><p id="p0089" num="0089"> La durée de réaction est d'1 heure, la suspension de dolomie restant pendant 1 heure sous agitation dans le récipient Dewar avant d'être filtrée, séchée et analysée comme dans l'exemple , </p><p id="p0090" num="0090"> Cette fois, la suspension de dolomie n'a pas été tamisée et le taux de conversion est de ce fait représentatif de l'ensemble du solide 
<!-- EPO <DP n="22"/>-->
 contrairement à i'exempie 1 ou certaines particules grossières avaient été retirées par criblage. </p><p id="p0091" num="0091"> Comme le montre fa Figure 2, l'ajout de l'aluminate de sodium pendant la réaction d'hydratation permet d'augmenter la température d'hydratation et ainsi de conduire à des taux d'hydratation plus important (Tabieau 2). </p><p id="p0092" num="0092"> Exemple 3. </p><p id="p0093" num="0093"> Cet exemple est exactement similaire à l'exemple 2, l'aluminate de sodium ayant seulement été remplacé, toutes proportions gardées, par de i'hydroxyde de sodium (NaOH). </p><p id="p0094" num="0094"> La Figure 2 montre que cet additif conduit à une seconde augmentation de la température après 30 minutes conduisant finalement à une température finale plus élevée et ainsi à un taux d'hydratation amélioré (Tableau 2). Un temps de réaction de plus d'1 heure dans les mêmes conditions (1h30 par exemple) devrait conduire à un taux d'hydratation encore amélioré. </p><p id="p0095" num="0095"> Exemple comparatif. </p><p id="p0096" num="0096"> Cet exemple comparatif est exactement similaire aux exemples 2 et 3, mais cette fois, l'additif est de la diéthanol-amine (DEA), ajoutée à nouveau à hauteur de 3 % par rapport à la masse de dolomie vive initiale. Cette fois, l'additif conduit à un léger retard de la réaction d'hydratation et à une légère diminution de la température d'hydratation (Figure 2). Par conséquent, le taux d'hydratation de la partie MgO de la doiomïe 2 s'en trouve diminué (Tableau 2). </p><p id="p0097" num="0097"> II est bien entendu que la présente invention n'est en aucune façon limitée aux formes de réalisations décrites ci-dessus et que bien des modifications peuvent y être apportées sans sortir du cadre des revendications annexées. 
<!-- EPO <DP n="23"/>-->
 Tableau 2.- </p><p id="p0098" num="0098"><img id="imgf000023_0001" he="71" wi="215" file="imgf000023_0001.tif" img-format="tif" img-content="table" orientation="landscape" inline="no"/></p><p id="p0099" num="0099">(1 ) Taux de conversion de MgO en Mg(OH)<sub>2</sub> calculé selon la formule 1 . </p><p id="p0100" num="0100"> (2) Surface spécifique BET mesurée sur base d'une analyse de manométrie d'adsorption d'azote après un dégazage d' moins 2 heures à 190 °C 
</p></description><claims mxw-id="PCLM70077921" ref-ucid="WO-2014128159-A1" lang="FR" load-source="patent-office"><claim id="clm-0001" num="0001"><!-- EPO <DP n="24"/>--><claim-text/><claim-text>REVENDICATIONS </claim-text><claim-text> 1. Procédé d'extinction en voie humide d'oxydes de calcium et magnésium de composé calco-magnésien, contenant de préférence au moins 0% en poids de MgO par rapport au poids total dudit composé calco-magnésien comprenant les étapes de : </claim-text><claim-text> -une alimentation en composé calco-magnésien contenant du MgO dans un équipement d'extinction, </claim-text><claim-text> -une alimentation en phase aqueuse d'extinction dans ledit équipement d'extinction, et </claim-text><claim-text> -une extinction desdits oxydes de caciium et magnésium dudit composé calco-magnésien amenés dans ledit équipement d'extinction, par ladite phase aqueuse d'extinction, avec formation de particules solides éteintes d'hydroxydes de calcium et magnésium, </claim-text><claim-text>caractérisé en ce que ladite extinction est réalisée en présence d'un additif choisi dans le groupe constitué des hydroxydes métalliques solubles dans l'eau, des silicates métalliques solubles dans l'eau, des aluminates solubles dans l'eau, des sels d'aluminium solubles dans l'eau, des halogénures métalliques solubles dans l'eau, des nitrates métalliques solubles dans l'eau, des lactates métalliques solubles dans l'eau, des sels d'ammonium solubles dans l'eau, de l'ammoniaque, et de leurs mélanges. </claim-text><claim-text> 2, Procédé d'extinction selon la revendication 1 , dans lequel lesdits oxydes de calcium et magnésium de composé calco- magnésien, présentent une teneur en oxyde de magnésium inférieure à 50% en poids par rapport au poids dudit composé calco-magnésien, et présentent de préférence un rapport molaire calcium/magnésium compris entre 0,8 et 1 ,2. </claim-text><claim-text> 3. Procédé d'extinction selon la revendication 1 ou la revendication 2, dans lequel ledit composé calco-magnésien est choisi dans le groupe constitué de la doiomie vive, semi calcinée ou semi hydratée, des composés mixtes calco-magnésiens, en particulier des 
<!-- EPO <DP n="25"/>-->
 oxydes mixtes de calcium et de magnésium, dont la teneur en MgO est substantielle, à savoir supérieure à 10% en poids par rapport au poids total de l'oxyde mixte, et leurs mélanges. </claim-text><claim-text> 4. Procédé d'extinction selon l'une quelconque des revendications 1 à 3, dans lequel lesdits hydroxydes métalliques solubles dans l'eau sont choisis dans le groupe constitué des hydroxydes alcalins, en particulier les hydroxydes de sodium, de potassium ou de lithium et de leurs mélanges. </claim-text><claim-text> 5. Procédé d'extinction selon l'une quelconque des revendications 1 à 3, dans lequel lesdits silicates métalliques solubles dans l'eau sont choisis dans le groupe constitué des silicates alcalins, en particulier les silicates de sodium et de lithium, des silicates alcalino- terreux, en particulier les silicates de calcium et de magnésium, et de leurs mélanges. </claim-text><claim-text> 6. Procédé d'extinction selon l'une quelconque des revendications 1 à 3, dans lequel lesdits aluminates solubles dans l'eau sont choisis dans le groupe constitué de l'aluminate de potassium, de l'aluminate de sodium, de l'aluminate de lithium, de l'aluminate d'ammonium et leurs mélanges, en particulier l'aluminate de sodium. </claim-text><claim-text> 7. Procédé d'extinction selon l'une quelconque des revendications 1 à 3, dans lequel lesdits halogénures métalliques solubles dans l'eau sont choisis dans le groupe constitué des chlorures métalliques, des bromures métalliques, des fluorures métalliques et de leurs mélanges. </claim-text><claim-text> 8. Procédé d'extinction selon l'une quelconque des revendications 1 à 3, dans lequel lesdits sels d'aluminium solubles dans l'eau sont choisis dans Se groupe constitué du fluorure d'aluminium, du nitrate d'aluminium, du chlorure d'aluminium, du lactate d'aluminium et de leurs mélanges, en particulier le nitrate d'aluminium et le lactate d'aluminium. </claim-text><claim-text> 9. Procédé d'extinction selon l'une quelconque des revendications 1 à 3, dans lequel lesdits nitrates métalliques solubles dans 
<!-- EPO <DP n="26"/>-->
 l'eau sont choisis dans le groupe constitué des nitrates alcalins, en particulier les nitrates de sodium et de lithium, des nitrates atcalino-terreux, en particulier les nitrates de calcium et de magnésium, et de leurs mélanges. </claim-text><claim-text> 10. Procédé d'extinction selon l'une quelconque des revendications 1 à 3, dans lequel lesdits halogénures métalliques solubles dans l'eau sont choisis dans le groupe constitué des halogénures alcalins, en particulier les halogénures de sodium et de lithium, des halogénures aicalino-terreux, en particulier les halogénures de calcium et de magnésium, et de leurs mélanges. </claim-text><claim-text> 11. Procédé d'extinction selon l'une quelconque des revendications 1 à 3, dans lequel lesdits halogénures métalliques, lesdits nitrates métalliques et lesdits lactates métalliques comportent au moins un atome d'un métal choisi dans le groupe constitué de l'aluminium, du calcium et du magnésium. </claim-text><claim-text> 12. Procédé d'extinction selon l'une quelconque des revendications 1 à 3, dans lequel lesdits halogénures métalliques, lesdits nitrates métalliques et lesdits lactates métalliques comportent au moins un atome d'un métal choisi dans le groupe constitué de l'aluminium et du magnésium. </claim-text><claim-text> 13. Procédé d'extinction selon l'une quelconque des revendications 1 à 12, dans lequel ledit additif est ajouté à ladite phase aqueuse d'extinction préalablement à ladite amenée de ladite phase aqueuse d'extinction pour former une phase aqueuse d'extinction additivée. </claim-text><claim-text> 14. Procédé d'extinction selon l'une quelconque des revendications 1 à 13, dans lequel ledit additif est ajouté à ladite phase aqueuse d'extinction dans ledit équipement d'extinction ou dans ladite amenée de ladite phase aqueuse d'extinction. </claim-text><claim-text> 15. Procédé d'extinction selon l'une quelconque des revendications 1 à 14, dans lequel ledit additif est ajouté audit composé 
<!-- EPO <DP n="27"/>-->
 contenant du MgO ou dans ladite amenée dudit composé calco- magnésien. </claim-text><claim-text> 16. Procédé d'extinction selon l'une quelconque des revendications 1 à 15, dans lequel ledit additif est alimenté à une teneur comprise entre 0,1 et 20 % en poids par rapport au poids total de MgO. </claim-text><claim-text> 17. Procédé d'extinction selon l'une quelconque des revendications 1 à 16, dans lequel ledit composé calco-magnésien présente un taux de conversion de MgO en Mg(OH)<sub>2</sub> d'au moins 10 %, de préférence supérieur à 15 % et de manière particulièrement préférentielle supérieur à 20 %, selon un test simplifié de détermination de taux de conversion. </claim-text><claim-text> 18. Procédé d'extinction selon l'une quelconque des revendications 1 à 17, dans lequel ledit équipement d'extinction est un hydrateur conventionnel en voie humide. </claim-text><claim-text> 19. Procédé d'extinction selon l'une quelconque des revendications 1 à 18, dans lequel le taux de conversion de MgO en Mg(OH)<sub>2</sub> est amélioré de 30 %, de préférence de 00 %, de préférence de 150 % et de manière particulièrement préférentielle de 200 % par rapport au taux de conversion obtenu en l'absence d'additif. </claim-text><claim-text> 20. Procédé d'extinction selon la revendication 19, dans lequel ledit temps de réaction est de moins de 5 heures, de préférence de moins de 2 heures, plus préférentiellement de moins de 1 heure, en particulier de moins de 30 minutes et plus particulièrement de moins de 20 minutes. </claim-text><claim-text> 21 . Procédé d'extinction selon l'une quelconque des revendications 1 à 20, dans lequel ledit composé calco-magnésien est un composé pulvérulent. </claim-text><claim-text> 22. Procédé d'extinction selon l'une quelconque des revendications 1 à 21 , dans lequel lesdites particules solides éteintes d'hydroxydes de calcium et magnésium forment une suspension ou une pâte de particules solides contenant au moins 30% d'eau. 
<!-- EPO <DP n="28"/>-->
</claim-text><claim-text>23. Procédé d'extinction selon l'une quelconque des revendications 1 à 22, comprenant en outre une étape de désagglomération ou broyage desdites particules solides éteintes d'hydroxydes de calcium et magnésium, </claim-text><claim-text> 24. Procédé d'extinction selon la revendication 23, comprenant en outre une étape de tamisage de ladite suspension. </claim-text><claim-text> 25. Procédé d'extinction selon l'une quelconque des revendications 1 à 24, dans lequel ladite phase aqueuse d'extinction présente une température avant extinction comprise entre 35 et 90°C. 
</claim-text></claim></claims><copyright>User acknowledges that Fairview Research LLC and its third party providers retain all right, title and interest in and to this xml under applicable copyright laws.  User acquires no ownership rights to this xml including but not limited to its format.  User hereby accepts the terms and conditions of the Licence Agreement</copyright></patent-document>
