<?xml version="1.0" encoding="UTF-8"?>
<patent-document ucid="EP-2677986-A1" country="EP" doc-number="2677986" kind="A1" date="20140101" family-id="46720185" file-reference-id="306795" date-produced="20180826" status="corrected" lang="EN"><bibliographic-data><publication-reference fvid="146551485" ucid="EP-2677986-A1"><document-id><country>EP</country><doc-number>2677986</doc-number><kind>A1</kind><date>20140101</date><lang>EN</lang></document-id></publication-reference><application-reference ucid="EP-12748869-A" is-representative="NO"><document-id mxw-id="PAPP154825408" load-source="docdb" format="epo"><country>EP</country><doc-number>12748869</doc-number><kind>A</kind><date>20120221</date><lang>EN</lang></document-id><document-id mxw-id="PAPP175460604" load-source="docdb" format="original"><country>EP</country><doc-number>12748869.0</doc-number><date>20120221</date><lang>EN</lang></document-id></application-reference><priority-claims><priority-claim mxw-id="PPC140449161" ucid="IL-2012000086-W" linkage-type="W" load-source="docdb"><document-id format="epo"><country>IL</country><doc-number>2012000086</doc-number><kind>W</kind><date>20120221</date></document-id></priority-claim><priority-claim mxw-id="PPC140452378" ucid="US-201161457305-P" load-source="docdb"><document-id format="epo"><country>US</country><doc-number>201161457305</doc-number><kind>P</kind><date>20110222</date></document-id></priority-claim></priority-claims><technical-data><classifications-ipcr><classification-ipcr mxw-id="PCL-1987650138" load-source="docdb">A61G  13/12        20060101ALI20151216BHEP        </classification-ipcr><classification-ipcr mxw-id="PCL-1987652985" load-source="docdb">A61G   7/16        20060101AFI20151216BHEP        </classification-ipcr><classification-ipcr mxw-id="PCL-1987655186" load-source="docdb">A61G  13/00        20060101ALI20151216BHEP        </classification-ipcr><classification-ipcr mxw-id="PCL-1987657362" load-source="docdb">A61G  15/00        20060101ALI20151216BHEP        </classification-ipcr><classification-ipcr mxw-id="PCL-1987657738" load-source="docdb">A61G   7/015       20060101ALI20151216BHEP        </classification-ipcr></classifications-ipcr><classifications-cpc><classification-cpc mxw-id="PCL-1991046924" load-source="docdb" scheme="CPC">A47C   9/005       20130101 LI20151212BHEP        </classification-cpc><classification-cpc mxw-id="PCL-1991052075" load-source="docdb" scheme="CPC">A61G   5/10        20130101 FI20151212BHEP        </classification-cpc><classification-cpc mxw-id="PCL-2020461414" load-source="docdb" scheme="CPC">A61G  13/1205      20130101 LI20150924BHEP        </classification-cpc><classification-cpc mxw-id="PCL-2020462903" load-source="docdb" scheme="CPC">A61G  15/007       20130101 LI20150924BHEP        </classification-cpc><classification-cpc mxw-id="PCL-2020463148" load-source="docdb" scheme="CPC">A61G  13/1285      20130101 LI20150924BHEP        </classification-cpc><classification-cpc mxw-id="PCL-2020463749" load-source="docdb" scheme="CPC">A61G   7/015       20130101 LI20150924BHEP        </classification-cpc><classification-cpc mxw-id="PCL-2020467428" load-source="docdb" scheme="CPC">A61G   7/16        20130101 LI20150924BHEP        </classification-cpc><classification-cpc mxw-id="PCL-2020467797" load-source="docdb" scheme="CPC">A61G  13/009       20130101 LI20150924BHEP        </classification-cpc><classification-cpc mxw-id="PCL-2020470225" load-source="docdb" scheme="CPC">A61G2200/325       20130101 LA20150924BHEP        </classification-cpc></classifications-cpc><invention-title mxw-id="PT132186939" lang="DE" load-source="patent-office">BEWEGLICHE THERAPEUTISCHE VORRICHTUNG UND VERFAHREN DAFÜR</invention-title><invention-title mxw-id="PT132186940" lang="EN" load-source="patent-office">ARTICULATED THERAPEUTIC APPARATUS AND METHOD</invention-title><invention-title mxw-id="PT132186941" lang="FR" load-source="patent-office">APPAREIL THÉRAPEUTIQUE ARTICULÉ ET PROCÉDÉ CORRESPONDANT</invention-title></technical-data><parties><applicants><applicant mxw-id="PPAR918155768" load-source="docdb" sequence="1" format="epo"><addressbook><last-name>MEIKI RANI</last-name><address><country>IL</country></address></addressbook></applicant><applicant mxw-id="PPAR918158298" load-source="docdb" sequence="1" format="intermediate"><addressbook><last-name>MEIKI, RANI</last-name></addressbook></applicant><applicant mxw-id="PPAR918983945" load-source="patent-office" sequence="1" format="original"><addressbook><last-name>Meiki, Rani</last-name><iid>101334492</iid><address><street>Hamaaian 6</street><city>21550 Maalot-Tarsheha</city><country>IL</country></address></addressbook></applicant></applicants><inventors><inventor mxw-id="PPAR918160017" load-source="docdb" sequence="1" format="epo"><addressbook><last-name>MEIKI RANI</last-name><address><country>IL</country></address></addressbook></inventor><inventor mxw-id="PPAR918134356" load-source="docdb" sequence="1" format="intermediate"><addressbook><last-name>MEIKI, RANI</last-name></addressbook></inventor><inventor mxw-id="PPAR918981896" load-source="patent-office" sequence="1" format="original"><addressbook><last-name>MEIKI, RANI</last-name><address><street>Hamaaian 6</street><city>21550 Maalot-Tarsheha</city><country>IL</country></address></addressbook></inventor></inventors><agents><agent mxw-id="PPAR918985120" load-source="patent-office" sequence="1" format="original"><addressbook><last-name>Dall'Olio, Christian</last-name><suffix>et al</suffix><iid>101247473</iid><address><street>INVENTION S.R.L. Via delle Armi, 1</street><city>40137 Bologna</city><country>IT</country></address></addressbook></agent></agents></parties><international-convention-data><pct-or-regional-filing-data ucid="IL-2012000086-W"><document-id><country>IL</country><doc-number>2012000086</doc-number><kind>W</kind><date>20120221</date><lang>EN</lang></document-id></pct-or-regional-filing-data><pct-or-regional-publishing-data ucid="WO-2012114332-A1"><document-id><country>WO</country><doc-number>2012114332</doc-number><kind>A1</kind><date>20120830</date><lang>EN</lang></document-id></pct-or-regional-publishing-data><designated-states><ep-contracting-states><country mxw-id="DS548930374" load-source="docdb">AL</country><country mxw-id="DS548934723" load-source="docdb">AT</country><country mxw-id="DS548930375" load-source="docdb">BE</country><country mxw-id="DS548817110" load-source="docdb">BG</country><country mxw-id="DS548919257" load-source="docdb">CH</country><country mxw-id="DS548838694" load-source="docdb">CY</country><country mxw-id="DS548934724" load-source="docdb">CZ</country><country mxw-id="DS548936341" load-source="docdb">DE</country><country mxw-id="DS548930376" load-source="docdb">DK</country><country mxw-id="DS548838695" load-source="docdb">EE</country><country mxw-id="DS548941808" load-source="docdb">ES</country><country mxw-id="DS548817111" load-source="docdb">FI</country><country mxw-id="DS548817112" load-source="docdb">FR</country><country mxw-id="DS548936366" load-source="docdb">GB</country><country mxw-id="DS548930377" load-source="docdb">GR</country><country mxw-id="DS548930446" load-source="docdb">HR</country><country mxw-id="DS548838696" load-source="docdb">HU</country><country mxw-id="DS548919262" load-source="docdb">IE</country><country mxw-id="DS548930447" load-source="docdb">IS</country><country mxw-id="DS548817113" load-source="docdb">IT</country><country mxw-id="DS548838697" load-source="docdb">LI</country><country mxw-id="DS548936367" load-source="docdb">LT</country><country mxw-id="DS548934725" load-source="docdb">LU</country><country mxw-id="DS548936368" load-source="docdb">LV</country><country mxw-id="DS548936369" load-source="docdb">MC</country><country mxw-id="DS548867512" load-source="docdb">MK</country><country mxw-id="DS548867513" load-source="docdb">MT</country><country mxw-id="DS548941809" load-source="docdb">NL</country><country mxw-id="DS548817114" load-source="docdb">NO</country><country mxw-id="DS548941814" load-source="docdb">PL</country><country mxw-id="DS548817115" load-source="docdb">PT</country><country mxw-id="DS548941815" load-source="docdb">RO</country><country mxw-id="DS548817116" load-source="docdb">RS</country><country mxw-id="DS548941816" load-source="docdb">SE</country><country mxw-id="DS548919263" load-source="docdb">SI</country><country mxw-id="DS548867514" load-source="docdb">SK</country><country mxw-id="DS548867515" load-source="docdb">SM</country><country mxw-id="DS548838698" load-source="docdb">TR</country></ep-contracting-states></designated-states></international-convention-data><office-specific-data><eptags><ep-no-a-document-published>*</ep-no-a-document-published></eptags></office-specific-data></bibliographic-data><abstract mxw-id="PA99622834" ref-ucid="WO-2012114332-A1" lang="EN" load-source="patent-office"><p num="0000">An apparatus is provided comprising a base, a seat, a torso rest, and leg supports for the right and left legs, respectively, of a patient placed on the therapy apparatus. The seat, torso rest, and leg supports may be connects to the base by a seat mechanism, torso mechanism and leg mechanisms, respectively. The seat mechanism, torso mechanism and leg mechanisms may be movable in a simultaneous and / or coordinated manner.</p></abstract><abstract mxw-id="PA99821837" ref-ucid="WO-2012114332-A1" lang="EN" source="national office" load-source="docdb"><p>An apparatus is provided comprising a base, a seat, a torso rest, and leg supports for the right and left legs, respectively, of a patient placed on the therapy apparatus. The seat, torso rest, and leg supports may be connects to the base by a seat mechanism, torso mechanism and leg mechanisms, respectively. The seat mechanism, torso mechanism and leg mechanisms may be movable in a simultaneous and / or coordinated manner.</p></abstract><abstract mxw-id="PA99622835" ref-ucid="WO-2012114332-A1" lang="FR" load-source="patent-office"><p num="0000">L'invention concerne un appareil comprenant une base, un siège, un appui-torse et des supports de jambes pour les jambes respectivement droite et gauche d'un patient placé sur l'appareil de thérapie. Le siège, l'appui-torse et les supports de jambes peuvent être reliés à la base par respectivement un mécanisme de siège, un mécanisme de torse et des mécanismes de jambes. Le mécanisme de siège, le mécanisme de torse et les mécanismes de jambes peuvent être déplaçables d'une manière simultanée et/ou coordonnée.</p></abstract><abstract mxw-id="PA99821838" ref-ucid="WO-2012114332-A1" lang="FR" source="national office" load-source="docdb"><p>L'invention concerne un appareil comprenant une base, un siège, un appui-torse et des supports de jambes pour les jambes respectivement droite et gauche d'un patient placé sur l'appareil de thérapie. Le siège, l'appui-torse et les supports de jambes peuvent être reliés à la base par respectivement un mécanisme de siège, un mécanisme de torse et des mécanismes de jambes. Le mécanisme de siège, le mécanisme de torse et les mécanismes de jambes peuvent être déplaçables d'une manière simultanée et/ou coordonnée.</p></abstract><description mxw-id="PDES50930805" ref-ucid="WO-2012114332-A1" lang="EN" load-source="patent-office"><!-- EPO <DP n="2"/>--><p id="p0001" num="0001"> Articulated Therapeutic Apparatus and Method</p><p id="p0002" num="0002">FIELD OF THE DISCLOSURE </p><p id="p0003" num="0003">[0001] The present disclosure is mainly concerned with an articulated therapeutic apparatus generally of the kind used by, in a way of example, practitioners such as, but not limited to, chiropractors, physiotherapists and the like), medical staff, and therapists, such as, but not limited to, complementary and / or alternative medicine practitioners, in a variety of medical and / or para-medical operations, including, but not limited to, diagnosis, positioning, applying techniques (such as, but not limited to, manipulation and </p><p id="p0004" num="0004"> mobilization of patients and / or segmental movement), as well as to a method for using the same. </p><p id="p0005" num="0005">BACKGROUND </p><p id="p0006" num="0006">[0002] GB2149652 to Sprout Richard Michael &amp; Blank Heinz Ingo (see Fig. la, "Prior Art", depicting Figs. 1 and 2 of the above-cited publication) discloses "... (A) support surface indicated generally by numeral 2 comprises three distinct support members 21, 22 and 23 which are arranged along the length of the table in an end to end adjacent manner... The support member 21 is located at the 'head' end 24 of the table and comprises a pair of rectangular cushions 25 and 26 which are spaced apart slightly on either side of the longitudinal axis of the table so as to provide a small gap 27 there between. This gap 27 serves to accommodate a patient's nose when lying on the table in the prone position... The cushions 25 and 26 of this member 21 which is hereinafter referred to as the cervical support member, are mounted to a suitable mechanism which is hinged to the upper mechanism 7 along its end 28 thereby enabling the cervical support member 21 to be raised and lowered through a vertical angle..." </p><p id="p0007" num="0007">[0003] Another exemplary type of a therapeutic apparatus may comprise several main co- planar surfaces, which may be pivoted with respect to each other in the horizontal and / or vertical planes. As will be well appreciated by those skilled in the art, this enables one part of a patient's anatomy to be pivoted about another part and so as to enable the angular 
<!-- EPO <DP n="3"/>-->
 orientation of two or more sections of a person's anatomy to be changed, thereby making them more accessible or more amenable to application of various techniques. </p><p id="p0008" num="0008">[0004] A considerable portion of therapeutic apparatuses known in the art have been </p><p id="p0009" num="0009"> designed for specific operations, which make them unsuitable for use with a broad spectrum of therapeutic techniques. Thus a practitioner wishing to practice such a broad spectrum of techniques would be required the use of several types of the therapeutic apparatuses if he wishes to achieve good results. </p><p id="p0010" num="0010">[0005] Another aspect of handing patients, mostly disabled patients, is discussed in </p><p id="p0011" num="0011"> JP9075402 to Nakano Mikio &amp; Nakagawa Takeo (see Fig.lb, "Prior Art", depicting Fig. 3 of JP9075402) aiming "... To provide a table for care of a patient or handicapped which permits a person in care to make works with (a) lesser burden...", (by providing a) "... table for care of a patient or handicapped (which) has a first attitude changing means A where the floor part 5 is supported on the base frame 1 to allow a user to lie thereon facing down and which changes him to the lower limbs bent attitude so that his knee joints and hip joint are bent and a second attitude changing means B which changes to the sitting attitude where his whole body is rising. A seat part is furnished to support the hip in the sitting attitude, and the floor part 5 is composed of a first floor section 7 to support the upper body including the face, breast, and belly of the user in lying situation facing down, a second floor section 8 to support the thighs, and a third floor section 9 to support the lower limbs and feet. The adjoining ends of these floor sections 7, 8, 9 are coupled together by pivoting, and the means A bends the sections 8, 9 relative to the section 7 so that an approx. L-form is generated when viewed in the side elevation, while the means B rotates the sections 7, 8, 9 in a single piece around (a) horizontal axis, and a notch 7g is formed at a part of the upper end part of the floor section 7 which copes with the face of the user lying facing down. " </p><p id="p0012" num="0012">[0006] Posture of patients may be considered as a manner in which a patient's body is </p><p id="p0013" num="0013"> arranged and / or organized about the patient's vector of gravity. Thus, one possible aspect of posture may be related to the body part which bears the weight of the patient. In such cases, a possible outcome of posture change may be considered as changing the body part which bears the body weight of the patient. 
<!-- EPO <DP n="4"/>-->
 [0007] Another aspect recently reported is the importance of using prone position in sleep and / or therapy. It is well known that at least certain aspects of therapy need to be conducted or carried out when the patient is in a prone position. Recently, at least one article was published portraying an importance of positioning people in a prone position: "...however, subjects who reported that they mostly slept in the prone position ... were significantly less likely to report the presence of a medical condition which affected their sleep quality..." (Gordon, Grimmer, Trott, Sleep Position, Age, Gender, Sleep Quality and Waking Cervico-Thoracic Symptoms, The Internet Journal of Allied Health Sciences and Practice, Vol. 5 No. 1, 2007). [0008] However, performing posture changes of patients, i. e., transferring patients to </p><p id="p0014" num="0014"> and / or from different positions and / or postures, may become rather daunting and demanding on nursing staff. One such posture change, all too common in nursing and health practices, may be turning, or rotation of a patient from a supine posture to a prone posture, and vice verse. Intensive and Critical Care Nursing (2001) published an article by McCormick and Blackwood, Nursing the ARDS patient in the prone position... stating in "techniques of Turning" that: </p><p id="p0015" num="0015">"Patients should be turned when they are (relatively) stable. The patient must be adequately sedated and is usually receiving muscle relaxants. </p><p id="p0016" num="0016">"A. Five staff are required to perform the maneuver. A doctor or experienced nurse, to manage the head and tracheal tube and co-ordinate the turn and two people each side of the patient." Evidently, much care and resources need to be dedicated to the mere operation of turning the patient to and / or from the prone position. </p><p id="p0017" num="0017">[0009] An exemplary therapeutic apparatus specifically designed to rotate a patient to a prone position is the RotoProne™, which rotates a possibly unconscious patient from a supine to a prone position. Certainly, since a patient may be unconscious, such rotation must be initiated by the practitioner, with the patient being essentially passive. Further, RotoProne™ (http://www.rotoprone.com/therapy.html) state, on their web page, incorporated herein by reference, that "... The RotoProne™ Therapy System automates 
<!-- EPO <DP n="5"/>-->
 Prone Therapy and Kinetic Therapy for patients suffering from pulmonary complications associated with immobility. Automating these therapies can help manage the patient- handling risks associated with manual proning." Moreover, RotoProne™ state that "Multiple Clinical Studies (see http://www.rotoprone.com/studies.html) have </p><p id="p0018" num="0018"> demonstrated that Prone Therapy can provide: </p><p id="p0019" num="0019"> 1 1 1 </p><p id="p0020" num="0020"> [0010] "Rapid Oxygenation within the first hour of pronation—<sup>1</sup>— </p><p id="p0021" num="0021"> 9 1 1 </p><p id="p0022" num="0022"> [0011] "Significant Improvements in Oxygenation-^- [0012] "Decreased Ventilator Associated Lung Injury<sup>2</sup>^ </p><p id="p0023" num="0023">[0013] Clinical Studies have also demonstrated that Prone Therapy may provide: [0014] "Reduction in Ventilator Days [0015] "Reduction in Length of Stay<sup>2</sup>^" </p><p id="p0024" num="0024">[0016] However, the system discussed above requires strapping down the patient: to quote </p><p id="p0025" num="0025"> News story aired on woAi TV (see http://www.rotoprone.eom/videos/woai.html, (ncorporated herein by reference, in its entirety) "... Here is how it works - Patients are tightly strapped in from head to toe. The machine pivots the patient face down ..." (leaving them, effectively, hanging on the strapping) and with a rigid surface (which was initially used to support the patient in a supine posture) blocking any access to the patient's rear - a prerequisite of many therapeutic procedures, so that these therapeutic operations may be severely hampered. [0017] While, admittedly, prone positioning may be, at least, beneficial in administering therapy, or may even be necessary to practice and / or apply certain modalities of physical therapies, there remains yet a long - felt need to transferring patients to and / or from a prone position. </p><p id="p0026" num="0026">SUMMARY </p><p id="p0027" num="0027">[0018] The present disclosure may relate to a articulated therapeutic apparatus generally of the kind which may be used, as an illustrative example, but not limited to, by therapists, 
<!-- EPO <DP n="6"/>-->
 such as chiropractors, physiotherapists and the like, in the diagnosis, manipulation, therapy and / or treatment and / or positioning and / or mobilization of patients; however, other types of articulated therapeutic apparatuses, such as, but not limited to, those that are intended to be utilized in the diagnosis, manipulation and mobilization of patients, in general, may also be included in the scope and spirit of the present disclosure. The present disclosure may be further directed to a method of utilization and / or usage of such apparatuses. </p><p id="p0028" num="0028">[0019] It may be desirable to provide an articulated therapeutic apparatus of increased </p><p id="p0029" num="0029"> versatility. [0020] It would be desirable to have an apparatus that, when attempting to move a patient between positions, would do it easily. </p><p id="p0030" num="0030">[0021] According to an aspect of the present disclosure an apparatus may comprise a base, a seat, a torso rest, and leg supports for the right and left legs, respectively, of a patient placed on the apparatus, the seat, torso rest, and leg supports may connect to the base by a seat mechanism, torso mechanism and leg mechanisms, respectively, wherein the seat mechanism, torso mechanism and leg mechanisms may be movable in a simultaneous and / or coordinated manner. </p><p id="p0031" num="0031">[0022] Possibly, a seat mechanism may connect the seat to a base spine extending from a first end to a second end adjacent the first end, a leg mechanism may be disposed forwardly relative to the seat mechanism and may interlink the leg supports and the base spine, and a torso mechanism may connect the torso rest and may be hinged to the base spine about a pelvic hinge. </p><p id="p0032" num="0032">[0023] Optionally, the apparatus may comprise arm rests connected to a torso mechanism and movable in a simultaneous and / or coordinated manner with the torso, seat, and leg mechanisms. </p><p id="p0033" num="0033">[0024] Possibly, the seat mechanism may be operated by a seat actuator, the torso mechanism may be operated by a torso actuator, and the leg mechanisms may be actuated by one leg actuator. Alternatively, the leg mechanisms may be each operated by a leg actuator. 
<!-- EPO <DP n="7"/>-->
 [0025] Further possibly, the seat, torso and leg actuator(s) may operate in a simultaneous and / or coordinated manner. </p><p id="p0034" num="0034">[0026] Optionally, the leg mechanisms may be operated by a single leg actuator. </p><p id="p0035" num="0035">[0027] Alternatively, the leg mechanisms may be operated by two leg actuators. [0028] Optionally, the torso mechanism may comprise a lug extending generally transversely thereto from an abdomen member away from an abdomen rest to a first linkage hinge, a leg linkage extending between the first linkage hinge and a second linkage hinge linking the lug with the leg mechanisms, so that when moved, a simultaneous and / or coordinated movement between the torso mechanism and the leg mechanisms may be effected. </p><p id="p0036" num="0036">[0029] Potentially, movement of the torso mechanism may be effected by a torso actuator which may be connected between a base spine and the torso mechanism, movement of the leg mechanisms may be effected to move with the torso mechanism through the movement of the lug and the leg linkage linking the lug to the leg mechanism, and motion of the seat mechanism may be effected by a seat actuator generally connected between the base spine and a seat mechanism. </p><p id="p0037" num="0037">[0030] Optionally, the apparatus may comprise arm support mechanism hinged to the torso mechanism adjacent to the head member thereof, the arm support mechanism comprises a rearward arm member, a forward arm member, and an intermediate arm member, the intermediate arm member being linked with the seat mechanism by a second linkage system transferring and / or coordinate motion between the intermediate arm member and the seat mechanism. </p><p id="p0038" num="0038">[0031] Possibly, the apparatus may comprise a coordinating linkage extending between, and hingedly join, a forward coordinating hinge linked to a rearward link member of the leg support system and a rearward coordinating hinge linked with the seat mechanism so that movement of a torso mechanism may be effected by a torso actuator connected between a base spine and the torso mechanism. 
<!-- EPO <DP n="8"/>-->
 [0032] Alternatively, movement of a torso mechanism and its coordinated seat mechanism may be effected by a seat actuator connected between the base spine and the seat mechanism. </p><p id="p0039" num="0039">[0033] Optionally, the seat mechanism, torso mechanism and leg mechanism may move continuously between a seated position and a prone position. </p><p id="p0040" num="0040">[0034] Further optionally, a prone extent of the apparatus in the prone position is greater compared to a seated extent when the apparatus is in the seated position. </p><p id="p0041" num="0041">[0035] Further alternatively, movement of a torso mechanism and its coordinated seat </p><p id="p0042" num="0042"> mechanism may be effected by a leg actuator connected between the base spine and the leg support system. </p><p id="p0043" num="0043">[0036] Yet further alternatively, movement of a torso mechanism and its coordinated seat mechanism may be effected by a coordinating actuator connected between the base spine and the coordinating linkage. </p><p id="p0044" num="0044">[0037] According to another aspect of the present disclosure, a method for an assisted change of a position of a patient is disclosed, the method comprising steps of: </p><p id="p0045" num="0045">A. Providing an apparatus having at least a base, a seat, a torso rest, and leg supports, with the seat, torso rest, and leg supports may be connected to the base by a seat mechanism, torso mechanism and leg mechanisms, respectively, </p><p id="p0046" num="0046">B. Locating a patient on the apparatus with a torso of the patient facing the torso rest, patient's buttocks rest on the seat,and with segments of a right and a left leg of the patient lean against sections of a right and a left leg support, respectively. And C. Transferring the patient from any position to a desired position while placed on the apparatus with the seat mechanism, torso mechanism and leg mechanisms being movable in a simultaneous and / or coordinated manner. </p><p id="p0047" num="0047">[0038] Possibly, such transfer may be effected with the patient remaining passive. 
<!-- EPO <DP n="9"/>-->
 [0039] In addition to the exemplary aspects and embodiments described above, further aspects and embodiments will become apparent by reference to the figures and by study of the following detailed descriptions. </p><p id="p0048" num="0048">BRIEF DESCRIPTION OF EXEMPARY DRAWINGS [0040] Exemplary and / or illustrative embodiments of the present disclosure will be </p><p id="p0049" num="0049"> presented herein below by way of example only, and may become more fully understood from the detailed description and the accompanying schematic illustrations, wherein: </p><p id="p0050" num="0050">[0041] Fig. la is a prior-art sketch taken from GB2149652; </p><p id="p0051" num="0051">[0042] Fig. lb is a prior-art sketch taken from JP9075402; [0043] Fig. 2 is a schematic perspective illustration of a first of several possible, exemplary, but not exhaustive or limiting embodiments of an articulated therapeutic apparatus according to the present disclosure, where a seated position of the first articulated therapeutic apparatus may be seen; </p><p id="p0052" num="0052">[0044] Fig. 3 is a schematic perspective illustration of the first articulated therapeutic </p><p id="p0053" num="0053"> apparatus of Fig. 2, where a prone position of the first articulated therapeutic apparatus may be seen; </p><p id="p0054" num="0054">[0045] Fig. 4 is a right side elevation of the first articulating articulated therapeutic apparatus of Fig. 2, showing the articulated therapeutic apparatus in the seated position; </p><p id="p0055" num="0055">[0046] Fig. 5 is a schematic illustration of a right side elevation of the first articulated </p><p id="p0056" num="0056"> therapeutic apparatus of Fig. 2, showing the articulated therapeutic apparatus in the prone position </p><p id="p0057" num="0057">[0047] Fig. 6 is a schematic illustration showing a plan view of the first articulated </p><p id="p0058" num="0058"> therapeutic apparatus of Fig. 2 showing the articulated therapeutic apparatus in the prone position; 
<!-- EPO <DP n="10"/>-->
 [0048] Fig. 7 is a schematic illustration showing a plan view of the first articulated therapeutic apparatus of Fig. 2 showing the articulated therapeutic apparatus in an intermediate, or interim, position; </p><p id="p0059" num="0059">[0049] Fig. 8 is a schematic illustration showing a right side elevation view of a modified, exemplary, neither exhaustive nor limiting embodiment of the articulated therapeutic apparatus shown in Fig. 2, in which the modified therapeutic apparatus may be seen in a seated position; </p><p id="p0060" num="0060">[0050] Fig. 9 is a schematic illustration showing a right side elevation view of the modified therapeutic apparatus shown in Fig. 8, in which the modified therapeutic apparatus may be seen in a prone position; </p><p id="p0061" num="0061">[0051] Fig. 10 is a schematic illustration showing a right side elevation view of a second of several possible, exemplary, neither exhaustive nor limiting embodiments, of a modified therapeutic apparatus according to the present disclosure, in which the second therapeutic apparatus may be seen in a seated position; [0052] Fig. 11 is a schematic illustration showing a right side elevation view of the second modified therapeutic apparatus shown in Fig. 10, in which the second therapeutic apparatus may be seen in a prone position; </p><p id="p0062" num="0062">[0053] Fig. 12 is a schematic illustration showing a right side elevation view of a third of several possible, exemplary, neither exhaustive nor limiting embodiments, of an articulated therapeutic apparatus according to the present disclosure, in which the third therapeutic apparatus may be seen in a seated position; </p><p id="p0063" num="0063">[0054] Fig. 13 is a schematic illustration showing a right side elevation view of the third articulated therapeutic apparatus shown in Fig. 12, in which the third therapeutic apparatus may be seen in a prone position; [0055] Fig. 14 is a schematic illustration showing a right side elevation view of a fourth of several possible, exemplary, neither exhaustive nor limiting embodiments, of a modified therapeutic apparatus according to the present disclosure, in which the fourth therapeutic apparatus may be seen in a seated position; 
<!-- EPO <DP n="11"/>-->
 [0056] Fig. 15 is a schematic illustration showing a right side elevation view of the fourth modified therapeutic apparatus shown in Fig. 14, in which the fourth therapeutic apparatus may be seen in a prone position; </p><p id="p0064" num="0064">[0057] Fig. 16 is a schematic illustration showing a right side elevation view of a fifth of several possible, exemplary, neither exhaustive nor limiting embodiments, of an articulated therapeutic apparatus according to the present disclosure, in which the fifth therapeutic apparatus may be seen in a seated position; </p><p id="p0065" num="0065">[0058] Fig. 17 is a schematic illustration showing a right side elevation view of the fifth articulated therapeutic apparatus shown in Fig. 16, in which the fifth therapeutic apparatus may be seen in a prone position; </p><p id="p0066" num="0066">[0059] Fig. 18 is a schematic illustration showing a right side elevation view of a sixth of several possible, exemplary, neither exhaustive nor limiting embodiments of a modified therapeutic apparatus according to the present disclosure, in which the sixth therapeutic apparatus may be seen in a seated position; [0060] Fig. 19 is a schematic illustration showing a right side elevation view of the sixth modified therapeutic apparatus shown in Fig. 18, in which the sixth therapeutic apparatus may be seen in a prone position; </p><p id="p0067" num="0067">[0061] Fig. 20 is a schematic illustration showing a right side elevation view of a seventh of several possible, exemplary, neither exhaustive nor limiting embodiments, of an modified therapeutic apparatus according to the present disclosure, in which the seventh modified therapeutic apparatus may be seen in a seated position; and </p><p id="p0068" num="0068">[0062] Fig. 21 is a schematic illustration showing a right side elevation view of the seventh modified therapeutic apparatus shown in Fig. 20, in which the sixth therapeutic apparatus may be seen in a prone position. </p><p id="p0069" num="0069">DETAILED DESCRIPTION </p><p id="p0070" num="0070">[0063] As required, a schematic, exemplary embodiment of the present apparatus and method are disclosed herein; however, it is to be understood that the disclosed embodiment is 
<!-- EPO <DP n="12"/>-->
 merely exemplary of the present disclosure, which may be embodied in various and / or alternative forms. The figures are not necessarily to scale, and some features may be exaggerated or minimized and / or roughly shown and / or omitted entirely, to show details of particular components. Hence, specific structural and functional details disclosed herein are not to be interpreted as limiting, but merely as a basis for the claims and as a representative basis for teaching one skilled in the art to variously employ the present disclosure in virtually any appropriately detailed structure. </p><p id="p0071" num="0071">[0064] Referring to Figs. 2 to 7 in more detail, reference numeral 100 generally represents an articulated therapeutic apparatus intended to support a patient in a seated position, and to assist in substantially passively transferring the patient from the seated position (best seen in Fig. 4) towards a prone position (best seen in Fig, 5). The articulated therapeutic apparatus 100 may generally comprise a multi-component, patient support system movably mountable on a multi-component articulated mechanism, which may, in turn, be connected to a base structure. The articulated mechanism, which will be discussed in greater details herein below, may consist of various links and / or mechanical, hydraulic and / or electrical, linear and / or rotating actuators, linked therebetween and / or to other components and / or parts of the therapeutic apparatus 100 via various hinges and / or connectors. For ease of illustration and / or description, such links and / or actuators and / or hinges and / or connectors may only be generally related to and / or schematically rendered as members and / or hinges, and should only be used or understood as an illustrative means to promote understanding of the present disclosure and accompanying claims. </p><p id="p0072" num="0072">[0065] All directional references (e.g., upper, lower, upward, downward, left, right, leftward, rightward, top, bottom, above, below, vertical, horizontal, clockwise, and </p><p id="p0073" num="0073"> counterclockwise) are only used for identification purposes to aid the reader's </p><p id="p0074" num="0074"> understanding of the present disclosure, and may not create limitations, particularly as to the position, orientation, or use of the apparatus and / or method disclosed herein. Joinder references (e.g., attached, coupled, connected, hinged, and the like) are to be construed broadly and may include intermediate members between a connection of elements and relative movement between elements. As such, joinder references do not necessarily infer that two elements are directly connected and in fixed relation to each other. 
<!-- EPO <DP n="13"/>-->
 [0066] The base structure comprises a base spine 410 which, in this particular embodiment, extends forwardly from a first base end 406 to a second base end 408. The base spine 410 may generally be arched and / or bent in elevation (attention is directed, in particular, to Figs. 4 and 5, showing a right-side elevation view of the articulated therapeutic apparatus) in which a right side R and a left side L may be defined from a viewpoint of a patient supported on the patient support system of the articulated therapeutic apparatus 100 (see, in particular, Fig. 6). The base structure may further comprise first and second base supports 402, 404 secured and adjacent to the first and second base ends 406, 408, respectively, of the base spine 410, extending generally transversely to the base spine 410, and maintained in spaced and generally parallel relation therebetween. </p><p id="p0075" num="0075">[0067] However, other arrangements of feet and / or base supports may be utilized, without degrading from the spirit and scope of the present disclosure. Wheels and / or feet (not shown) may be secured to an underside of the first and second base supports 402, 404 of the base spine 410 and support the base spine 410 in spaced relation above a surface (not shown) upon which the base structure, and the entire articulated therapeutic apparatus</p><p id="p0076" num="0076">100, may be positioned. Various raising and / or lowering mechanisms (not shown) may additionally be disposed between the base spine 410 and the surface and / or between the base structure and the surface. </p><p id="p0077" num="0077">[0068] Although the generally arched and / or bent base spine 410 as shown in the figures was intended and / or designed and / or adapted for a particular arrangement, it may be foreseen that different, specific designs of the base structure may be made to agree with various configurations, so as to suit various possible embodiments of the articulated therapeutic apparatus 100, without detracting or limiting the scope of the present disclosure. [0069] As can be best described keeping Fig. 5 in mind, the patient support system may </p><p id="p0078" num="0078"> comprise a movable seat 202 generally adjacent the first side support 402, and a movable torso rest 220 comprising a head rest 204 adjacent the second base support 404. An abdomen rest 206 (a part of the torso rest 220) disposed between the seat 202 and a forwardly disposed headrest 204, and optionally a separate chest rest 208 disposed between the head rest 204 and the abdomen rest 206. As shown in Figs. 4 and 5, the torso rest 220 comprises the head, abdomen, and / or optional chest rests 204, 206, 208, which 
<!-- EPO <DP n="14"/>-->
 may comprise flat or generally anatomically-shaped rests. The head rest 204 may be designed in a horse-shoe like shape, as adjustable and / or fixed parallel-bars, as may be known in the art, however, other known or under-development rests could be employed without detracting from the spirit and scope of the present disclosure. [0070] As may be best seen in Fig. 6, when looking forward at the articulated therapeutic apparatus 100 in a direction away from the first base end 406, the articulated therapeutic apparatus 100 has a right side and a left side. Thus, the patient support system may further comprise two movable leg supports 210, i. e., one right leg support 210r and one left leg support 2101 for each of the right and left legs of the patient, respectively, and two optional, movable arm supports 212, i. e., one right arm support 212r one right arm support 2121 for each of the patient's right and left arms, respectively. In a second embodiment, shown in Figs. 8 and 9, where no distinct, optional arm supports may be employed, the head, abdomen, and / or optional chest rests 204, 206, 208 may be additionally used as arm rests, as may be common or known in the art. [0071] Each of the right and left leg supports 210r, 2101 may comprise a movable shin </p><p id="p0079" num="0079"> support 214r, 2141. Potentially, each of the right and left leg supports 210r, 2101 may further comprise an optional, movable right or left thigh support 216r, 2161, capable of moving either independently or in concert with its respective right or left shin support 214. Similarly, each of the optional right and left arm supports 212r, 2121 may comprise a movable lower arm support 218r, 2181. Potentially, each of the optional right and left arm supports 212r, 2121 may further comprise a movable upper arm support (not shown) able to move either independently or in concert with its respective right or left lower arm support 218. </p><p id="p0080" num="0080">[0072] Any of the head, abdomen, and / or optional chest rests 204, 206, 208 may be </p><p id="p0081" num="0081"> optionally and / or selectively raised and / or lowered with respect to any member of the articulated mechanism either actively and / or passively, with which it may be associated (as may be further illustrated and / or exemplified herein below) for better adaptability to different persons' anatomy and / or for use in certain manipulative procedures generally known as "drop section" techniques (see, for example, "Technique systems in </p><p id="p0082" num="0082"> chiropractic", by Robert Cooperstein &amp; Brian J. Gleberzon, Chapter 29 titled "Thompson Technique" or "Thompson Terminal Point Technique", Churchill Livingstone, 2004). 
<!-- EPO <DP n="15"/>-->
 Similarly, each of the head, abdomen, and / or optional chest rests 204, 206, 208 may be optionally movable longitudinally and / or laterally and / or optionally be rotatable about a longitudinal axis L (best seen in Fig. 6), to facilitate adaptability of the articulated therapeutic apparatus 100 to better accommodate different patients having varying patient's dimensions and / or proportions, and / or to facilitate various therapeutic operations, and / or to compensate for various posture changes of the patient. </p><p id="p0083" num="0083">[0073] The articulated mechanism may interlink the base structure and the patient support system, and may comprise a seat mechanism 302 adjacent the first end 406 of the base spine 410 connecting the seat 202 to the base spine 410. A leg support mechanism 310, disposed forwardly relative to the seat mechanism 302, may interlink the leg supports 210 and the base structure. Since there may exist independent right and left leg supports </p><p id="p0084" num="0084"> 210r, 2101, there may be provided independent right and left leg support mechanisms 310. </p><p id="p0085" num="0085">[0074] In a particular embodiment schematically illustrated in Figs. 2 to 7, and discussed herein, the leg support mechanism 310 (as better seen in Figs. 4 and 5) may comprise a rearward leg member 314 and a forward leg member 316. The rearward leg member 314 extends between a base rear end 320 connected to the base structure and a rearward leg end 322. Similarly, the forward leg member 316 extends between a base forward end 324 connected to the base structure and a forward leg end 326. An intermediate leg member 318 may be connected to, and may extend between and beyond, the rearward leg end 322 and the forward leg end 326. The intermediate leg member 318 supports the leg support 210. </p><p id="p0086" num="0086">[0075] The articulated mechanism may further comprise an articulated torso mechanism 303 comprising an abdomen member 306, an optional chest member 308, and a head member 304, all may be individually adjustable relative to each other and / or to the base structure. The articulated torso mechanism 303 may be hinged about a pelvic hinge 350 connecting the articulated torso mechamsm 303 to the base structure. The abdomen member 306 extends away from the pelvic hinge 350 towards the head member 304. Possibly, if the optional, separate chest rest 208 is employed, an optional chest member 308 may extend between the abdomen member 306 and the head member 304. The abdomen, head, and optional chest member 306, 304, 308 may be hinged to each other, to facilitate relative 
<!-- EPO <DP n="16"/>-->
 movement between each two members either manually or mechanically, electronically, hydraulically and / or pneumatically. </p><p id="p0087" num="0087">[0076] The torso mechanism 303 may further comprise a lug 370 extending generally </p><p id="p0088" num="0088"> transversely to the abdomen member 306 away from the abdomen rest 206, which may be mounted on the abdomen member 306. The lug 370 may be rigidly connected with the abdomen member 306 and may be cantilevered, and extend away, therefrom, to a first linkage hinge 372. A leg linkage 342, extending between the first linkage hinge 372 and a second linkage hinge 376 may link the lug 370 with the leg support system 310, for a non-binding, non-limiting example, to the forward leg member 316 of the leg support mechanism 310. The leg linkage 342 may be realized as purely mechanical member and / or hydraulic and / or pneumatic and / or electric actuator. </p><p id="p0089" num="0089">[0077] To realize a coordinated and / or facilitate relative movement between the torso </p><p id="p0090" num="0090"> mechanism 303 (which, in turn, may be associated, and move in a coordinated manner, with the head, abdomen, and / or optional chest rests 204, 206, 208) and the leg support mechanism 310, the leg linkage 342 may link the torso mechanism 303 and its associated lug 370 with the leg mechanism 310. When the torso mechanism 303 moves from a substantially upright posture in a seated position (as may be seen, for example, in Fig. 4) towards a substantially extended posture in a prone position (as may be seen, for example, in Fig. 5), the leg support system 310 may move away from a substantially folded posture in the seated position (as may be seen, for example, in Fig. 4) towards a substantially extended posture in the prone position (as may be seen, for example, in Fig. 5) in a coordinated and / or simultaneous manner. This may be effected either unassisted, i. e., in a pure mechanical manner, or assisted (hydraulically, pneumatically, and / or electrically) and / or any combination thereof. [0078] In the context of the present disclosure, "coordinated" means that a movement in one sub-system results in a corresponding movement in another sub-system. Further, "simultaneous" means that the two related sub-systems occurs in the same time. During such movement, the seat mechanism, torso mechanism and leg mechanism may move continuously between the two extremities of the movement, i.e., to any position between a fully seated position and a fully prone position. 
<!-- EPO <DP n="17"/>-->
 [0079] When in the fully prone position, the articulated therapeutic apparatus 100 may have a prone extent Ep (shown on Fig. 5) measured parallel to the surface upon which the articulated therapeutic apparatus 100 may rest. Similarly, when in the fully seated position, the articulated therapeutic apparatus 100 may have a seated extent Es (shown on Fig. 4) measured parallel to the surface upon which the articulated therapeutic </p><p id="p0091" num="0091"> apparatus 100 may rest. The prone extent Ep is larger than the seated extent Es. </p><p id="p0092" num="0092">[0080] In the particular embodiment schematically illustrated in Figs. 2 to 7, and discussed herein, the optional arm support mechanism 312 may be hinged to the abdomen member 306 or to the optional chest member 308 adjacent the head member 304. The optional arm support mechanism 312 may comprise a rearward arm member 328 and a forward arm member 330. The rearward arm member 328 extends between a rearward mechanism end 332 connected to the torso mechanism 303, and a rearward link end 334. Similarly, the forward arm member 330 extends between a forward mechanism end 336 connected to the torso mechanism 303 and a forward link end 338. An intermediate arm member 340 may be connected to, and may extend between, the rearward link end 334 and the forward link end 338. Each of the intermediate arm members 340 supports its respective arm support 212. Each of the arm supports 212 may be movable laterally, longitudinally, and / or rotationally relative to the intermediate arm member 340. </p><p id="p0093" num="0093"> Additionally, each optional arm support mechanism 312 may rotate and / or move laterally about the longitudinal axis L. Further, each optional intermediate arm member 340 may rotate in a generally horizontal plane. </p><p id="p0094" num="0094">[0081] The optional chest rest 208 and the abdomen rest 206 and head rest 204 may be independently movable relative to each other and / or relative to the torso mechanism 303 and / or to each of its abdomen member 306, optional chest member 308, and head member 304. The optional chest rest 208 and the abdomen rest 206 and the head rest 204 may be coupled along and / or about one or more degrees of freedom of movement, linked therebetween and / or integrally connected. Each potentially movable rest may be locked, or prevented from freely moving, either by the therapist and / or automatically. </p><p id="p0095" num="0095">[0082] In the extended posture, the optional arm supports 212 may move forwardly relative to the pelvic hinge 350. The intermediate arm member 340 of the optional arm support mechanism 312 may be coupled to, and / or linked with, the seat mechanism 302 by a 
<!-- EPO <DP n="18"/>-->
 second linkage system 344. Generally, the second linkage system 344 may be effected and / or realized either mechanically, hydraulically, pneumatically and / or electrically through a system comprising levers and / or links and / or hinges and / or actuators and / or any combination thereof. [0083] The second linkage system 344 may transfer and / or coordinate motion between the intermediate arm member 340 and thus the optional arm support mechanism 312, and the seat mechanism 302, so that when the intermediate arm member 340 (which, in turn, is associated, and move, with the optional arm support mechanism 312) moves from the substantially upright posture in the seated position (as may be seen, for example, in Fig. 4) towards the substantially extended posture in the prone position (as may be seen, for example, in Fig. 5) the seat mechanism 302 may move away from a substantially folded posture in the seated position (as may be seen, for example, in Fig. 4) towards a substantially extended posture in the prone position (as may be seen, for example, in Fig. 5) in a coordinated manner. This motion too may be effected either unassisted, i. e., in a pure mechanical manner, or assisted (either hydraulically, pneumatically, and / or electrically) and / or any combination thereof. From the seated position, the seat 202 may move first generally towards, and then generally away from, the pelvic hinge 350. </p><p id="p0096" num="0096">[0084] Attention is presently drawn to Figs. 8 and 9. In a modified therapeutic apparatus embodiment 500, where no distinct, optional arm supports are employed, no arm support mechanism may be used. Thus, in the modified embodiment, the torso mechanism 303 may be coupled to, and / or linked with, the seat mechanism 302 by a modified second linkage system 344m to effect a coordinated movement of the seat mechanism 302 with the torso mechanism 303. </p><p id="p0097" num="0097">[0085] When practicing and / or administering therapy and / or diagnosis, the patient (not shown) may first be positioned on any of articulated and / or modified therapeutic apparatus 100, 500 facing the torso rest 220. Subsequently, the patient may be positioned, or asked to sit, with patient's buttocks resting on the movable seat 202, and with his or her legs slightly bent. Shins of the patient's legs may lean against the shin supports 214, while the patient's torso may lean on, or be supported by, the torso rest 220. The patient's arms may rest along the patient's torso, supported on, or by, the torso rest 
<!-- EPO <DP n="19"/>-->
 220. Alternatively, the patient's arms may be supported be the optional arm supports 212. This will be referred to herein as a seated position. </p><p id="p0098" num="0098">[0086] After the patient is positioned on the articulated and / or modified therapeutic </p><p id="p0099" num="0099"> apparatus 100, 500, patient's posture may be passively modified from the seated position (as may be best seen in Fig. 4), through an interim, or transitional, position (see, as an illustrative example only, Fig. 7), and towards a prone position (may be exemplarily illustrated in Fig. 5). As the patient is transferred from the seated position, the torso rest 220 may be leaned, or tilted, away from the seated position in which the torso rest 220 may be generally transverse to the surface (not shown) upon which the base structure and the entire articulated therapeutic apparatus 100, may be positioned, through the interim position, and towards a prone position in which the torso rest 220 may be approximately parallel to the surface (not shown) upon which the base structure, and the entire articulated and / or modified therapeutic apparatus 100, 500, may be positioned. </p><p id="p0100" num="0100">[0087] During transition, the torso rest 220 moves from the seated position towards the prone position. Coordinated, and simultaneously, the seat 202 may move towards the interim position (may be illustrated in Fig. 7) and subsequently away from the pelvic hinge 350 towards the prone position (may be best seen in Fig. 5). Additionally, optionally provided arm supports 212 may be employed, so that the optional arm supports 212 may move mainly and / or generally, but not limited to, forwardly from the seated position, towards the prone position. Similarly, during the transition from the seated position towards the prone position, the leg supports 210 may move in a coordinated and / or simultaneous movement with the torso rest 220, mainly and / or generally, but not limited to, rearwardly, to move the patient's shins and optionally the patient's thighs towards the prone position. Generally, during transition from the seated position towards the prone position, the patient's weight may be transferred gradually from the patient's buttocks and shins (which carry most of the patient's weight in the seated position) to the patient's shins, thighs, pelvis and torso (in the prone position). This may generally be carried-out without the patient having to exert her- or himself. </p><p id="p0101" num="0101">[0088] As the torso rest 220 (along with the torso mechanism 303 to which the torso rest 220 may be connected) tilts and / or reclines about the pelvic hinge 350 forwardly and downwardly away from the seated position towards the prone position, the patient's torso 
<!-- EPO <DP n="20"/>-->
 may be tilted forwardly until it may lie prone on the torso rest 220. Simultaneously, and coordinated with the tilting and / or reclining motion of the torso rest 220 and the torso mechanism 303, the leg supports 210 may be tilted mainly, but not limited to, backwards, so as to bring patient's shins towards the extended posture, thus transitioning the patient's posture to the prone position. </p><p id="p0102" num="0102">[0089] Several other possible and / or exemplary embodiments, versions or modifications, neither exhaustive nor limiting in any manner or form, of an articulated therapeutic apparatus, may be considered according to the present disclosure. It is to be understood that such exemplary and / or possible embodiments, versions or modifications are merely illustrative of and should not be taken as to hint nor indicate any restriction on the broad present disclosure, and that the present disclosure may not be limited to the specific constructions and arrangements shown and described, since various other modifications and / or adaptations may occur to those of ordinary skill in the art. </p><p id="p0103" num="0103">[0090] Attention is presently drawn to Figs. 10 and 11, schematically illustrating a second of several possible, exemplary, neither exhaustive nor limiting embodiments, of a modified therapeutic apparatus 1100 according to the present disclosure, in a seated position, and in a prone position, respectively. The second modified therapeutic apparatus is similar to the modified embodiment of the articulated therapeutic apparatus 100 having no optional arm rests. Similar features for the second articulated therapeutic apparatus 1100 have been given reference numerals that are the reference numerals used for the articulated therapeutic apparatus 100 increased by 1000. </p><p id="p0104" num="0104">[0091] Intended to assist in coordinating movements of a torso mechanism 1303 with a leg support system 1310 and with a seat mechanism 1302, a coordinating linkage 1380 may extend between a forward coordinating hinge 1382 linked to the leg support system 1310, optionally, as an illustrative-only, non-limiting example, to a rearward link member 1314 and a rearward coordinating hinge 1384 linked with the seat mechanism 1302. </p><p id="p0105" num="0105">[0092] Attention is presently drawn to Figs. 12 and 13, schematically illustrating a third of several possible, exemplary, but neither exhaustive nor limiting embodiments of an articulated therapeutic apparatus 2100 according to the present disclosure, in a seated position, and in a prone position, respectively. Similar features for the third articulated 
<!-- EPO <DP n="21"/>-->
 therapeutic apparatus 2100 have been given reference numerals that are the reference numerals used for the articulated therapeutic apparatus 100 increased by 2000. </p><p id="p0106" num="0106">[0093] Intended to assist in coordinating movements of a torso mechanism 2303 with a leg support system 2310 and with a seat mechanism 2302, a coordinating linkage 2380 may extend between a forward coordinating hinge 2382 linked to the leg support system 2310, linked, as an illustrative-only, non-limiting example, to a rearward link member 2314 and a rearward coordinating hinge 2384 linked with the seat mechanism 2302. </p><p id="p0107" num="0107">[0094] As the third articulated therapeutic apparatus 2100 transitions from a seated position (Fig. 12) to a prone position (Fig. 13), the torso mechanism 2303 pushes an arm support mechanism 2312 which is linked to the torso mechanism 2303. A second linkage system 2344 links the arm support mechanism 2312 and the seat mechanism 2302. The seat mechanism 2302 is moved so that a seat 2202 moves generally rearwardly from the seated position to the prone position. As the seat mechanism 2302 moves, it pulls the coordinating linkage 2380 and the leg support system 2310 connected therewith. [0095] Attention is presently drawn to Figs. 14 and 15, schematically illustrating a fourth of several possible, exemplary, neither exhaustive nor limiting embodiments of a modified therapeutic apparatus 3100 according to the present disclosure, in a seated position, and in a prone position, respectively. Similar features for the fourth modified therapeutic apparatus 3100 have been given reference numerals that are the reference numerals used for the articulated therapeutic apparatus 100 increased by 3000. </p><p id="p0108" num="0108">[0096] Intended to assist in coordinating movements of a torso mechanism 3303 with a leg support system 3310 and with a seat mechanism 3302, a coordinating linkage 3380 may extend between, and hingedly join, the leg support system 3310 and with the seat mechanism 3302. The coordinating linkage 3380 may extend between a forward coordinating hinge 3382 linked to the leg support system 3310, as an illustrative-only, non-limiting example, to a rearward link member 3314 and a rearward coordinating hinge 3384 linked with the seat mechanism 3302. </p><p id="p0109" num="0109">[0097] Movement of a torso mechanism 3303 and its related abdomen rest 3204, head rest </p><p id="p0110" num="0110"> 3206, and optional chest rest 3208 may be effected by a torso actuator (not shown) which may generally be connected between a base spine 3410 and the torso mechanism 3303, 
<!-- EPO <DP n="22"/>-->
 while motion of the leg support system 3310 and / or the coordinated seat mechanism 3302 may be effected by either a seat actuator (not shown) which may generally be connected between the base spine 3410 and the seat mechanism 3302, or, alternatively, a leg actuator (not shown) which may generally be connected between the base spine 3410 and the leg support system 3310 may effect the motion of the leg support system 3310 and / or the coordinated seat mechanism 3302. Yet another option is to effect the motion of the leg support system 3310 and / or the coordinated seat mechanism 3302 by a coordinating actuator (not shown) generally disposed between the coordinating linkage 3380 and the base spine 3410. If employed, such actuators may be of any known or discovered type. </p><p id="p0111" num="0111">[0098] Attention is presently drawn to Figs. 16 and 17, schematically illustrating a fifth of several possible, exemplary, neither exhaustive nor limiting embodiments of an articulated therapeutic apparatus 4100 according to the present disclosure, in a seated position, and in a prone position, respectively. Similar features for the fifth articulated therapeutic apparatus 4100 have been given reference numerals that are the reference numerals used for the articulated therapeutic apparatus 100 increased by 4000. </p><p id="p0112" num="0112">[0099] The fifth articulated therapeutic apparatus may comprise an optional arm support mechanism 4312 which may be hinged to a torso mechanism 4303 extending from a pelvic hinge 4350 connecting the torso mechanism with a base spine 4410. The torso mechanism 4303 may comprise an abdomen member 4306 extending away from the pelvic hinge 4350 towards a head member 4304 with an optional chest member 4308 linked therebetween. The optional arm support mechanism 4312 may be hinged to the torso mechanism 4303 adjacent the head member 4304 and may comprise a rearward arm member 4328 and a forward arm member 4330. The rearward arm member 4328 may extend between a rearward mechanism end 4332 which may connect to the torso mechanism 4303 and a rearward link end 4334. Similarly, the forward arm member 4330 may extend between a forward mechanism end 4336 connected to the torso mechanism 4303 and a forward link end 4338. An intermediate arm member 4340 may be connected to, and may extend between, the rearward link end 4334 and the forward link end 4338. Each of the intermediate arm members 4340 supports its respective arm support 4212. 
<!-- EPO <DP n="23"/>-->
 [00100] The optional arm support mechanism 4312 may comprise optional right and left arm support mechanism 4312r, 43121 respectively interconnected to the optional right and left arm supports 4212r, 42121. The optional right and left arm support mechanism 4312r, 43121 may move independently of each other and / or in a coordinated manner therebetween, and / or coordinated with the move of the torso rest 4220 and / or the seat 4202. </p><p id="p0113" num="0113">[00101] In a prone position (Fig. 17) the optional arm supports 4212 may move </p><p id="p0114" num="0114"> generally forwardly relative to the pelvic hinge 4350. The intermediate arm member 4340 of the optional arm support mechanism 4312 may be coupled to, and / or linked with, the seat mechanism 4302 by a second linkage system 4344. Generally, the second linkage system 4344 may be effected and / or realized either mechanically, hydraulically, pneumatically and / or electrically through a system comprising levers and / or links and / or hinges and / or actuators and / or any combination thereof. </p><p id="p0115" num="0115">[00102] The second linkage system 4344 may transfer and / or coordinate motion </p><p id="p0116" num="0116"> between the intermediate arm member 4340 and thus the optional arm support mechanism 4312, and the seat mechanism 4302, so that when the intermediate arm member 4340 (which, in turn, is associated, and move, with the optional arm support mechanism 4312) moves from a substantially upright posture in a seated position towards a substantially extended posture in a prone position, the seat mechanism 4302 may move away from a substantially folded posture in the seated position towards a substantially extended posture in the prone position in a coordinated manner. This motion too may be effected either unassisted, i. e., in a pure mechanical manner, or assisted (either hydraulically, pneumatically, and / or electrically) and / or any combination thereof by seat and / or torso actuator (not shown). The leg mechanism 4310 may move in a coordinated manner with the seat mechanism 4302 and / or the torso mechanism 4303, with the movement of the leg mechanism 4310 may be effected by a leg actuator (not shown). </p><p id="p0117" num="0117">[00103] Attention is presently directed to Figs. 18 and 19, schematically illustrating a sixth of several possible, exemplary, neither exhaustive nor limiting embodiments of a modified therapeutic apparatus 5100 according to the present disclosure, in a seated position, and in a prone position, respectively. Similar features for the sixth modified 
<!-- EPO <DP n="24"/>-->
 therapeutic apparatus 5100 have been given reference numerals that are the reference numerals used for the articulated therapeutic apparatus 100 increased by 5000. </p><p id="p0118" num="0118">[00104] A torso mechanism 5303 of the sixth modified therapeutic apparatus 5100 may further comprise a lug 5370 extending generally transversely to the torso mechanism 5303, optionally from an abdomen member 5306, away from an abdomen rest 5206, which may be mounted on the abdomen member 5306. The lug 5370 may be rigidly connected with the torso mechanism 5303 and / or the abdomen member 5306 and may be cantilevered, and extend away, therefrom, to a first linkage hinge 5372. A leg linkage 5342, extending between the first linkage hinge 5372 and a second linkage hinge 5376 may link the lug 5370 with a leg mechanism 5310, optionally a forward leg member 5316 of the leg mechanism 5310. </p><p id="p0119" num="0119">[00105] Movement of a torso mechanism 5303 and its related abdomen rest 5204, head rest 5206, and optional chest rest 5208 may be effected by a torso actuator and / or leg actuator (not shown) which may generally be connected between a base spine 5410 and the torso mechanism 5303 and / or the leg mechanism 5310 respectively. The leg mechanism 5310 moves with the torso mechanism 5303 while motion of the coordinated seat mechanism 5302 may be effected by a seat actuator (not shown) which may generally be connected between the base spine 5410 and a seat mechanism 5302. If and / or when employed, such actuators may be of any known or discovered type. [00106] Figs. 20 and 21 schematically illustrate a seventh of several possible, </p><p id="p0120" num="0120"> exemplary, neither exhaustive nor limiting embodiments of a modified therapeutic apparatus 6100 according to the present disclosure, in a seated position, and in a prone position, respectively. Similar features for the seventh modified therapeutic apparatus 6100 have been given reference numerals that are the reference numerals used for the articulated therapeutic apparatus 100 increased by 6000. </p><p id="p0121" num="0121">[00107] The seventh modified therapeutic apparatus 6100 may comprise a torso </p><p id="p0122" num="0122"> mechanism 6303, a leg mechanism 6310 and a seat mechanism 6302, linking a base spine 6410 with the torso, leg and seat rests 6220, 6310, 6302 respectively. </p><p id="p0123" num="0123">[00108] Movement of a torso mechanism 6303 and its related abdomen rest 6204, head rest 6206, and optional chest rest 6208 may be effected by a torso actuator (not shown) 
<!-- EPO <DP n="25"/>-->
 which may generally be connected between the base spine 6410 and the torso mechanism 6303. Similarly, movement of the leg mechanism 6310 may be effected by a leg actuator and / or actuators (not shown) while motion of the seat mechanism 6302 may be effected by a seat actuator (not shown). Such actuators may generally be connected between the base spine 6410 and the torso mechanism 6303, seat mechanism 6302 and / or leg mechanism 6310. If and / or when employed, such actuators may be of any known or discovered type. Movement of the torso mechanism 6303, seat mechanism 6302 and / or leg mechanism 6310 is intended to be simultaneous and / or coordinated. </p><p id="p0124" num="0124">[00109] All directional references (such as, but not limited to, upper, lower, upward, downward, left, right, leftward, rightward, top, bottom, above, below, vertical, horizontal, clockwise, and counterclockwise, tangential, axial and / or radial, or any other directional and / or similar references) are only used for identification purposes to aid the reader's understanding of the embodiments of the present disclosure, and may not create any limitations, particularly as to the position, orientation, or use unless specifically set forth in the claims. Similarly, joinder references (such as, but not limited to, attached, coupled, connected, and the like) are to be construed broadly and may include intermediate members between a connection of elements and relative movement between elements. As such, joinder references may not necessarily infer that two elements are directly connected and in fixed relation to each other. [00110] In some instances, components are described with reference to "ends" having a particular characteristic and/or being connected with another part. However, those skilled in the art will recognize that the present disclosure is not limited to components which terminate immediately beyond their points of connection with other parts. Thus, the term "end" should be interpreted broadly, in a manner that includes areas adjacent, rearward, forward of, or otherwise near the terminus of a particular element, link, component, part, member or the like. </p><p id="p0125" num="0125">[00111] Additionally, all numerical terms, such as, but not limited to, "first", "second", "third", or any other ordinary and / or numerical terms, should also be taken only as identifiers, to assist the reader's understanding of the various embodiments, variations and / or modifications of the present disclosure, and may not create any limitations, 
<!-- EPO <DP n="26"/>-->
 particularly as to the order, or preference, of any embodiment, variation and / or modification relative to, or over, another embodiment, variation and / or modification. </p><p id="p0126" num="0126">[00112] Similarly, adjectives such as, but not limited to, "articulated", "modified", or similar, should be construed broadly, and only as nominal, and may not create any limitations, not create any limitations, particularly as to the description, operation, or use unless specifically set forth in the claims. </p><p id="p0127" num="0127">[00113] While the entire discussion relates to a seated position as a first position, and to a prone position as a second, or final, position, the opposite may equally apply, i. e., the patient may be initially positioned in the prone position, and transferred passively to the seated position. Additionally, the patient may be positioned on the therapeutic apparatus in any interim position, and transferred substantially passively to any other position, either any interim position between the seated and prone positions, or the first and second positions themselves. </p><p id="p0128" num="0128">[00114] In methodologies directly or indirectly set forth herein, various steps and operations are described in one possible order of operation, but those skilled in the art will recognize that steps and operations may be rearranged, replaced, or eliminated without necessarily departing from the spirit and scope of the present disclosure as set forth in the claims. It is intended that all matter contained in the above description or shown in the accompanying drawings shall be interpreted as illustrative only and not limiting. Changes in detail or structure may be made without departing from the spirit of the present disclosure as defined in the appended claims. </p><p id="p0129" num="0129">[00115] While certain exemplary embodiments have been described and shown in the accompanying drawings, it is to be understood that such embodiments are merely illustrative of and not restrictive on the broad present disclosure, and that this present disclosure not be limited to the specific constructions and arrangements shown and described, since various other modifications and / or adaptations may occur to those of ordinary skill in the art. It is to be understood that individual features shown or described for one embodiment may be combined with individual features shown or described for another embodiment. It is to be understood some features are shown or described to illustrate the use of the present disclosure in the context of functional elements and such 
<!-- EPO <DP n="27"/>-->
 features may be omitted within the scope of the present disclosure and without departing from the spirit of the present disclosure as defined in the appended claims. 
</p></description><claims mxw-id="PCLM44726748" ref-ucid="WO-2012114332-A1" lang="EN" load-source="patent-office"><claim-statement><!-- EPO <DP n="28"/>-->CLAIMS </claim-statement><claim id="clm-0001" num="1"><claim-text>1. An apparatus comprising a base, a seat, a torso rest, and leg supports for the right and left legs, respectively, of a patient placed on the apparatus, the seat, torso rest, and leg supports being connects to the base by a seat mechanism, torso mechanism and leg mechanisms, respectively, wherein the seat mechanism, torso mechanism and leg mechanisms being movable in a simultaneous and / or coordinated manner. </claim-text></claim><claim id="clm-0002" num="2"><claim-text>2. The apparatus of claim 1 , wherein a seat mechanism connects the seat to a base spine adjacent a first end of the base spine, and wherein a leg mechanism is disposed forwardly relative to the seat mechanism and interlinks the leg supports and the base spine. </claim-text></claim><claim id="clm-0003" num="3"><claim-text>3. The apparatus of claim 2, the base spine extends from the first end to a second end and wherein a torso mechanism connects the torso rest and is hinged to the base spine about a pelvic hinge disposed on the base spine between the first end and the second end thereof. </claim-text></claim><claim id="clm-0004" num="4"><claim-text>4. The apparatus of claim 1 , wherein the apparatus comprises arm rests connected to a torso mechanism and is movable in a simultaneous and / or coordinated manner with the torso, seat, and leg mechanisms. </claim-text></claim><claim id="clm-0005" num="5"><claim-text>5. The apparatus of claim 3, wherein the torso mechanism connects to the leg </claim-text><claim-text> mechanism by a leg linkage to effect a simultaneous and / or coordinated movement between the torso mechanism and the leg mechanism. </claim-text></claim><claim id="clm-0006" num="6"><claim-text>6. The apparatus of claim 3, further comprising arm support mechanism hinged to torso mechanism adjacent a head member thereof, the arm support mechanism linked with the seat mechanism by a second linkage system transferring and / or coordinating motion between the arm support mechanism and the seat mechanism. </claim-text></claim><claim id="clm-0007" num="7"><claim-text><!-- EPO <DP n="29"/>--> The apparatus of claim 3, wherein the torso mechanism connects to the seat mechanism by a second linkage system transferring and / or coordinating motion between the torso mechanism and the seat mechanism. </claim-text></claim><claim id="clm-0008" num="8"><claim-text>The apparatus of claim 3, further comprising a coordinating linkage extending between, and hingedly join, the leg support system and the seat mechanism, transferring and / or coordinating motion between the arm support mechanism and the seat mechanism. </claim-text></claim><claim id="clm-0009" num="9"><claim-text>The apparatus of claim 1, wherein the seat mechanism, torso mechanism and leg mechanism move continuously between a seated position and a prone position. </claim-text></claim><claim id="clm-0010" num="10"><claim-text>The apparatus of claim 9, wherein a prone extent of the apparatus in the prone position is greater compared to a seated extent when the apparatus is in the seated position. </claim-text></claim><claim id="clm-0011" num="11"><claim-text>A method for an assisted change of a position of a patient, the method comprising steps of: a. Providing An apparatus comprising a base, a seat, a torso rest, and leg supports, the seat, torso rest, and leg supports connect to the base by a seat mechanism, torso mechanism and leg mechanisms, respectively; b. Locating a patient on the apparatus with a torso of the patient facing the torso rest and with segments of a right and a left leg of the patient lean against sections of a right and a left leg support, respectively; and c. Transferring the patient placed on the apparatus from any position to a desired position, with the seat mechanism, torso mechanism and leg mechanisms movable in a simultaneous and / or coordinated manner. </claim-text></claim><claim id="clm-0012" num="12"><claim-text>12. The method of claim 11, wherein such transfer is effected to the patient passively. </claim-text></claim></claims><copyright>User acknowledges that Fairview Research LLC and its third party providers retain all right, title and interest in and to this xml under applicable copyright laws.  User acquires no ownership rights to this xml including but not limited to its format.  User hereby accepts the terms and conditions of the Licence Agreement</copyright></patent-document>
