<?xml version="1.0" encoding="UTF-8"?>
<patent-document ucid="EP-2680978-A1" country="EP" doc-number="2680978" kind="A1" date="20140108" family-id="44546320" file-reference-id="315064" date-produced="20180825" status="corrected" lang="EN"><bibliographic-data><publication-reference fvid="146587310" ucid="EP-2680978-A1"><document-id><country>EP</country><doc-number>2680978</doc-number><kind>A1</kind><date>20140108</date><lang>EN</lang></document-id></publication-reference><application-reference ucid="EP-11707571-A" is-representative="NO"><document-id mxw-id="PAPP154849502" load-source="docdb" format="epo"><country>EP</country><doc-number>11707571</doc-number><kind>A</kind><date>20110228</date><lang>EN</lang></document-id><document-id mxw-id="PAPP175868214" load-source="docdb" format="original"><country>EP</country><doc-number>11707571.3</doc-number><date>20110228</date></document-id></application-reference><priority-claims><priority-claim mxw-id="PPC140551411" ucid="DK-2011050060-W" linkage-type="A" load-source="docdb"><document-id format="epo"><country>DK</country><doc-number>2011050060</doc-number><kind>W</kind><date>20110228</date></document-id></priority-claim></priority-claims><technical-data><classifications-ipcr><classification-ipcr mxw-id="PCL1989315728" load-source="docdb">B05B   7/10        20060101ALI20120918BHEP        </classification-ipcr><classification-ipcr mxw-id="PCL1989319811" load-source="docdb">B01J   2/04        20060101ALI20120918BHEP        </classification-ipcr><classification-ipcr mxw-id="PCL1989320556" load-source="docdb">B05B   7/06        20060101AFI20120918BHEP        </classification-ipcr></classifications-ipcr><classifications-cpc><classification-cpc mxw-id="PCL-1713567322" load-source="docdb" scheme="CPC">F26B   3/12        20130101 LI20180103BHEP        </classification-cpc><classification-cpc mxw-id="PCL-1713568374" load-source="docdb" scheme="CPC">B01J   2/04        20130101 LI20180103BHEP        </classification-cpc><classification-cpc mxw-id="PCL-1713570149" load-source="docdb" scheme="CPC">B05B   7/06        20130101 LI20180102BHEP        </classification-cpc><classification-cpc mxw-id="PCL-1713570259" load-source="docdb" scheme="CPC">B01J   2/02        20130101 LI20180102BHEP        </classification-cpc><classification-cpc mxw-id="PCL-1713572516" load-source="docdb" scheme="CPC">B05B   7/066       20130101 LI20180103BHEP        </classification-cpc><classification-cpc mxw-id="PCL-1713573327" load-source="docdb" scheme="CPC">B05B   7/10        20130101 LI20180103BHEP        </classification-cpc><classification-cpc mxw-id="PCL-1713573494" load-source="docdb" scheme="CPC">B22F   9/08        20130101 LA20180102BHEP        </classification-cpc><classification-cpc mxw-id="PCL-1713573527" load-source="docdb" scheme="CPC">B05B   7/062       20130101 LI20180102BHEP        </classification-cpc><classification-cpc mxw-id="PCL-1713574469" load-source="docdb" scheme="CPC">B22F   9/082       20130101 LA20180102BHEP        </classification-cpc><classification-cpc mxw-id="PCL2001017573" load-source="docdb" scheme="CPC">B01D   1/18        20130101 FI20140109BHEP        </classification-cpc></classifications-cpc><invention-title mxw-id="PT132366563" lang="DE" load-source="patent-office">EXTERNE MISCHUNG VON UNTER DRUCK STEHENDEN ZWEISTOFFDÜSEN UND SPRÜHTROCKNUNGSVERFAHREN</invention-title><invention-title mxw-id="PT132366564" lang="EN" load-source="patent-office">EXTERNAL MIXING PRESSURIZED TWO-FLUID NOZZLE AND A SPRAY DRYING METHOD</invention-title><invention-title mxw-id="PT132366565" lang="FR" load-source="patent-office">BUSE À DEUX FLUIDES SOUS PRESSION À MÉLANGE EXTERNE ET PROCÉDÉ DE SÉCHAGE PAR PULVÉRISATION</invention-title></technical-data><parties><applicants><applicant mxw-id="PPAR919525195" load-source="docdb" sequence="1" format="epo"><addressbook><last-name>GEA PROCESS ENGINEERING AS</last-name><address><country>DK</country></address></addressbook></applicant><applicant mxw-id="PPAR919506187" load-source="docdb" sequence="1" format="intermediate"><addressbook><last-name>GEA PROCESS ENGINEERING A/S</last-name></addressbook></applicant><applicant mxw-id="PPAR919006576" load-source="patent-office" sequence="1" format="original"><addressbook><last-name>GEA Process Engineering A/S</last-name><iid>101136774</iid><address><street>Gladsaxevej 305 PO Box 45</street><city>2860 Søborg</city><country>DK</country></address></addressbook></applicant></applicants><inventors><inventor mxw-id="PPAR919511363" load-source="docdb" sequence="1" format="epo"><addressbook><last-name>SOERENSEN PER BO</last-name><address><country>DK</country></address></addressbook></inventor><inventor mxw-id="PPAR919516495" load-source="docdb" sequence="1" format="intermediate"><addressbook><last-name>SOERENSEN, PER BO</last-name></addressbook></inventor><inventor mxw-id="PPAR919014064" load-source="patent-office" sequence="1" format="original"><addressbook><last-name>SØRENSEN, Per Bo</last-name><address><street>Peter Bangs Vej 110 2nd Floor</street><city>DK-2000 Frederiksberg</city><country>DK</country></address></addressbook></inventor><inventor mxw-id="PPAR919522515" load-source="docdb" sequence="2" format="epo"><addressbook><last-name>JENSEN ANDERS BO</last-name><address><country>DK</country></address></addressbook></inventor><inventor mxw-id="PPAR919520323" load-source="docdb" sequence="2" format="intermediate"><addressbook><last-name>JENSEN, ANDERS BO</last-name></addressbook></inventor><inventor mxw-id="PPAR919019467" load-source="patent-office" sequence="2" format="original"><addressbook><last-name>JENSEN, ANDERS BO</last-name><address><street>Åtoften 185</street><city>DK-2990 Nivå</city><country>DK</country></address></addressbook></inventor><inventor mxw-id="PPAR919543165" load-source="docdb" sequence="3" format="epo"><addressbook><last-name>FREDSTED SOEREN</last-name><address><country>DK</country></address></addressbook></inventor><inventor mxw-id="PPAR919511484" load-source="docdb" sequence="3" format="intermediate"><addressbook><last-name>FREDSTED, SOEREN</last-name></addressbook></inventor><inventor mxw-id="PPAR919007032" load-source="patent-office" sequence="3" format="original"><addressbook><last-name>FREDSTED, Søren</last-name><address><street>Enghøjvej 21</street><city>DK-3660 Stenløse</city><country>DK</country></address></addressbook></inventor></inventors><agents><agent mxw-id="PPAR919008626" load-source="patent-office" sequence="1" format="original"><addressbook><last-name>Hauge, Sidsel</last-name><suffix>et al</suffix><iid>100995001</iid><address><street>Awapatent A/S Rigensgade 11</street><city>1316 Copenhagen K</city><country>DK</country></address></addressbook></agent></agents></parties><international-convention-data><pct-or-regional-filing-data ucid="DK-2011050060-W"><document-id><country>DK</country><doc-number>2011050060</doc-number><kind>W</kind><date>20110228</date><lang>EN</lang></document-id></pct-or-regional-filing-data><pct-or-regional-publishing-data ucid="WO-2012116697-A1"><document-id><country>WO</country><doc-number>2012116697</doc-number><kind>A1</kind><date>20120907</date><lang>EN</lang></document-id></pct-or-regional-publishing-data><designated-states><ep-contracting-states><country mxw-id="DS549855577" load-source="docdb">AL</country><country mxw-id="DS549771544" load-source="docdb">AT</country><country mxw-id="DS549855582" load-source="docdb">BE</country><country mxw-id="DS549855447" load-source="docdb">BG</country><country mxw-id="DS549870868" load-source="docdb">CH</country><country mxw-id="DS549771827" load-source="docdb">CY</country><country mxw-id="DS549771549" load-source="docdb">CZ</country><country mxw-id="DS549855583" load-source="docdb">DE</country><country mxw-id="DS549771828" load-source="docdb">DK</country><country mxw-id="DS549771841" load-source="docdb">EE</country><country mxw-id="DS549853756" load-source="docdb">ES</country><country mxw-id="DS549855448" load-source="docdb">FI</country><country mxw-id="DS549870869" load-source="docdb">FR</country><country mxw-id="DS549855584" load-source="docdb">GB</country><country mxw-id="DS549771842" load-source="docdb">GR</country><country mxw-id="DS549855585" load-source="docdb">HR</country><country mxw-id="DS549771550" load-source="docdb">HU</country><country mxw-id="DS549853757" load-source="docdb">IE</country><country mxw-id="DS549771843" load-source="docdb">IS</country><country mxw-id="DS549870874" load-source="docdb">IT</country><country mxw-id="DS549771844" load-source="docdb">LI</country><country mxw-id="DS549855449" load-source="docdb">LT</country><country mxw-id="DS549785594" load-source="docdb">LU</country><country mxw-id="DS549856118" load-source="docdb">LV</country><country mxw-id="DS549856119" load-source="docdb">MC</country><country mxw-id="DS549785595" load-source="docdb">MK</country><country mxw-id="DS549785596" load-source="docdb">MT</country><country mxw-id="DS549853762" load-source="docdb">NL</country><country mxw-id="DS549919032" load-source="docdb">NO</country><country mxw-id="DS549853763" load-source="docdb">PL</country><country mxw-id="DS549785601" load-source="docdb">PT</country><country mxw-id="DS549870875" load-source="docdb">RO</country><country mxw-id="DS549785602" load-source="docdb">RS</country><country mxw-id="DS549853764" load-source="docdb">SE</country><country mxw-id="DS549771551" load-source="docdb">SI</country><country mxw-id="DS549919033" load-source="docdb">SK</country><country mxw-id="DS549919034" load-source="docdb">SM</country><country mxw-id="DS549856120" load-source="docdb">TR</country></ep-contracting-states></designated-states></international-convention-data><office-specific-data><eptags><ep-no-a-document-published>*</ep-no-a-document-published></eptags></office-specific-data></bibliographic-data><abstract mxw-id="PA99837014" ref-ucid="WO-2012116697-A1" lang="EN" load-source="patent-office"><p num="0000">Disclosed herein is an external mixing pressurized two-fluid nozzle for atomising a liquid by means of liquid pressure and gas, comprising an inner feed liquid pipe (1) extending axially between an upstream end and a downstream end, having a feed liquid conduit (2), a feed liquid inlet (3) positioned at the upstream end and a feed orifice (4) positioned at the downstream end, and a co-axial first gas pipe (5) extending radially outside the inner feed liquid pipe (1) and forming a first gas conduit (6) between the first gas pipe (5) and the inner feed liquid pipe (1), the first gas pipe (5) having a gas outlet slit (7) positioned at the downstream end. Said external mixing two-fluid nozzle provides a swirling motion of the gas, which combined with a pressurized feed liquid enables the production of spray dried powder at industrially applicable capacities with low energy consumption and a small particle size.</p></abstract><abstract mxw-id="PA100332780" ref-ucid="WO-2012116697-A1" lang="EN" source="national office" load-source="docdb"><p>Disclosed herein is an external mixing pressurized two-fluid nozzle for atomising a liquid by means of liquid pressure and gas, comprising an inner feed liquid pipe (1) extending axially between an upstream end and a downstream end, having a feed liquid conduit (2), a feed liquid inlet (3) positioned at the upstream end and a feed orifice (4) positioned at the downstream end, and a co-axial first gas pipe (5) extending radially outside the inner feed liquid pipe (1) and forming a first gas conduit (6) between the first gas pipe (5) and the inner feed liquid pipe (1), the first gas pipe (5) having a gas outlet slit (7) positioned at the downstream end. Said external mixing two-fluid nozzle provides a swirling motion of the gas, which combined with a pressurized feed liquid enables the production of spray dried powder at industrially applicable capacities with low energy consumption and a small particle size.</p></abstract><abstract mxw-id="PA99837015" ref-ucid="WO-2012116697-A1" lang="FR" load-source="patent-office"><p num="0000">La présente invention se rapporte à une buse à deux fluides sous pression à mélange externe destinée à atomiser un liquide à l'aide d'un gaz et d'une pression de liquide, comprenant un tuyau pour liquide d'alimentation intérieur (1) s'étendant axialement entre une extrémité amont et une extrémité aval, comportant un conduit pour liquide d'alimentation (2), une entrée pour liquide d'alimentation (3) positionnée à l'extrémité amont et un orifice d'alimentation (4) positionné à l'extrémité aval, et un premier tuyau pour gaz coaxial (5) s'étendant radialement à l'extérieur du tuyau pour liquide d'alimentation intérieur (1) et formant un premier conduit pour gaz (6) entre le premier tuyau pour gaz (5) et le tuyau pour liquide d'alimentation intérieur (1), le premier tuyau pour gaz (5) comportant une fente de sortie de gaz (7) positionnée à l'extrémité aval. Ladite buse à deux fluides à mélange externe crée un mouvement de turbulence du gaz, qui, combiné à un liquide d'alimentation sous pression, permet la production de poudre séchée par pulvérisation à des capacités industriellement applicables avec une faible consommation d'énergie et une petite taille de particule.</p></abstract><abstract mxw-id="PA100332781" ref-ucid="WO-2012116697-A1" lang="FR" source="national office" load-source="docdb"><p>La présente invention se rapporte à une buse à deux fluides sous pression à mélange externe destinée à atomiser un liquide à l'aide d'un gaz et d'une pression de liquide, comprenant un tuyau pour liquide d'alimentation intérieur (1) s'étendant axialement entre une extrémité amont et une extrémité aval, comportant un conduit pour liquide d'alimentation (2), une entrée pour liquide d'alimentation (3) positionnée à l'extrémité amont et un orifice d'alimentation (4) positionné à l'extrémité aval, et un premier tuyau pour gaz coaxial (5) s'étendant radialement à l'extérieur du tuyau pour liquide d'alimentation intérieur (1) et formant un premier conduit pour gaz (6) entre le premier tuyau pour gaz (5) et le tuyau pour liquide d'alimentation intérieur (1), le premier tuyau pour gaz (5) comportant une fente de sortie de gaz (7) positionnée à l'extrémité aval. Ladite buse à deux fluides à mélange externe crée un mouvement de turbulence du gaz, qui, combiné à un liquide d'alimentation sous pression, permet la production de poudre séchée par pulvérisation à des capacités industriellement applicables avec une faible consommation d'énergie et une petite taille de particule.</p></abstract><description mxw-id="PDES51233447" ref-ucid="WO-2012116697-A1" lang="EN" load-source="patent-office"><!-- EPO <DP n="2"/>--><p id="p0001" num="0001"> External mixing pressurized two-fluid nozzle and a spray drying method </p><p id="p0002" num="0002">Field of the invention </p><p id="p0003" num="0003"> The present invention relates to an external mixing pressurized two-fluid nozzle for atomising a liquid by means of a liquid pressure and a gas, comprising an inner feed liquid pipe extending axially between an upstream end and a downstream end, having a feed liquid conduit, a feed liquid inlet positioned at the upstream end and a feed orifice positioned at the downstream end, and a co-axial first gas pipe extending radially outside the inner feed liquid pipe and forming a first gas conduit between the first gas pipe and the inner feed liquid pipe, the first gas pipe having a gas outlet slit positioned at the downstream end. The invention furthermore relates to a spray processing method for producing a spray dried powder by use of an external mixing pressurized two-fluid nozzle for producing droplets of a liquid by means of a liquid pressure and a gas. In addition, the invention relates to the use of said external mixing two-fluid nozzle for producing a spray dried powder. </p><p id="p0004" num="0004">Background of the invention </p><p id="p0005" num="0005"> Spray drying is a drying process, which involves both particle formation and drying. It involves atomisation of a feed, typically a liquid concentrate, into a spray and contact between the spray and a drying medium. The formation of the spray (atomisation) and the contacting of the spray with the drying medium may be achieved by use of a nozzle. </p><p id="p0006" num="0006"> Pneumatic nozzle atomisation involves impacting a liquid feed with a high velocity gas. The high velocity gas creates high frictional forces and disintegrates the liquid feed into spray droplets. The feed liquid is believed to break-up in two stages. The first phase involves the tearing of the liquid feed into filaments and large droplets. The second phase completes the atomisation by breaking these liquid forms into smaller and smaller droplets. The entire process is influenced by the magnitude of the surface tension, density, pressure and viscosity of the liquid feed as well as the velocity and density of the gaseous flow. 
<!-- EPO <DP n="3"/>-->
 Various design techniques are available to produce the required conditions of liquid-gas contact for atomisation. As disclosed in the book "Spray drying" by Keith Masters, 1991 edition, page 251, the designs may be divided into 4 categories: </p><p id="p0007" num="0007">(1) I nterna l m ixi ng i n wh ich l iq u id feed a nd atom isi ng gas a re contacted within the nozzle head. </p><p id="p0008" num="0008"> (2) External mixing, in which liquid feed and atomising gas are contacting outside the nozzle head. </p><p id="p0009" num="0009"> (3) Combined internal and external mixing by using two atomising gas flows within the nozzle head (three-fluid nozzle). </p><p id="p0010" num="0010"> (4) Pneumatic cup atomising, in which feed liquid and atomising gas is contacted at the rim of a rotating nozzle head. </p><p id="p0011" num="0011"> The different design techniques provide different properties and result in different outcome of the final atomised product. In the first 2 categories the feed liquid and atomising gas are passed separately to the nozzle. Such nozzles, which are usually denoted two-fluid nozzles (TFN), are i.a. used for atomisation of a liquid in spray drying plants and in fluid bed agglomeration. The liquids can be in the form of solutions, dispersion or pure substances. In particular, two-fluid nozzles are used when atomising a fluid, where fine droplets is the objective or where additional atomisation energy in the form of atomising gas is required to break up a fluid into droplets. Nozzle designs of the third and fourth category are not the subject of the present application. </p><p id="p0012" num="0012"> Internal mixing TFN has the advantage, compared to external mixing TFN, that it is mixing gas and liquid before the two fluids enter the surrounding atmosphere of the drying chamber. However, nozzles providing internal mixing are not as well suited for handling abrasive feeds as the internal mixing introduces additional wearing of the equipment. Conventional two-fluid nozzles with internal gas/liquid mixing also introduce the risk of drying out and thereby clogging the mixing chamber. </p><p id="p0013" num="0013"> Internal mixing nozzles give the possibility of an efficient liquid- gas reaction, but are limited in capacity by internal channelling and channel dimensions. Internal parts in the nozzle, intended for improving 
<!-- EPO <DP n="4"/>-->
 the gas-liquid mixing, also disturb the flow, causing the span of the droplet size distribution to rise. Internal parts in general complicate handling, cleaning and causes wear. Furthermore viscous liquid feeds may be difficult to process. </p><p id="p0014" num="0014"> Examples of nozzles of the internal mixing type are well known in the art. US patent No. 7,694,944 (GEA Niro) discloses a nozzle in which the gas is supplied in the axial direction of the nozzle. The nozzle comprises a mixing chamber, one or more liquid inlets and at least one tangential gas inlet to the mixing chamber. In a commercially available internal mixing nozzle the atom ising gas is supplied tangentially in a separate pipe, which contributes to the radial dimensions of the nozzle. Furthermore, the mixing chamber of this prior nozzle comprises edges and obstructions resulting from structural conditions. International published application WO 00/58014 discloses a sprayer in the form of a nozzle having a tangential gas inlet to the mixing chamber and lateral liquid inlets. This nozzle suffers from insufficient mixing due to the geometry of the nozzle. </p><p id="p0015" num="0015"> Criterions for evaluating the performance of a two-fluid nozzle are: the mean droplet size, the span of the droplet size distribution and not least the specific gas consumption, meaning the amount of gas used to atomise a given amount of liquid, also called the gas-to-feed ratio. In addition to the criterions focused on the product quality, the production capacity of the two-fluid nozzle is also of high importance - especially from a commercial point of view. Furthermore, increasing focus on clean technologies as well as increasing energy prices put forward additional requirements with respect to energy consumption when operating and producing by spray processes. </p><p id="p0016" num="0016"> The contact and mixing of gas and liquid is where external mixing TFN meet their restrictions. External mixing TFN, where the gas mixes with the liquid after leaving the nozzle typically through a ring- shaped aperture, meets the limitation when the gap in the gas exit becomes so large that a larger part of the gas is lost into the surrounding atmosphere of the drying chamber, instead of reacting with the liquid. With external mixing TFN, the free expansion of the gas has 
<!-- EPO <DP n="5"/>-->
 the disadvantage of being partly lost to the surrounding instead of adding energy to break up the liquid. In the prior art this problem has been attended. </p><p id="p0017" num="0017"> Another type of nozzles utilizes pressurization of the liquid, meaning that the feed concentrate is fed under pressure to the nozzle. Pressure energy is converted to kinetic energy, and feed issued from the nozzle orifice as a high speed film that readily disintegrates into a spray as the film is unstable. Sprays from pressure nozzles handling high feed rates are generally less homogeneous and coarser. </p><p id="p0018" num="0018"> EP 408 801 Bl suggests a low pressurized liquid, internal mixing two-fluid nozzle which can function satisfactory even when low pressure is applied during a period of start-up as small droplets are produced. The spray nozzle unit is provided with a gas slit between the pressure nozzle and the air nozzle to give a part of the discharging air stream a swirling motion. </p><p id="p0019" num="0019"> The present invention is directed to a high pressurized liquid external mixing two-fluid nozzle that efficiently uses the atomizing gas. It is well known within the art that the disadvantages of pneumatic nozzles concern the high cost of compressed air and low nozzle efficiency. Furthermore, a drawback with several of the pre-existing, conventional two-fluid spray nozzle units is the limited capacity when very fine droplets are required. The object of the present invention is to provide for an external mixing pressurized two-fluid nozzle, which is energy efficient, provides high capacity while still producing fine droplets. </p><p id="p0020" num="0020">Summary of the invention </p><p id="p0021" num="0021"> The present invention relates to an external mixing pressurized two-fluid nozzle for atomising a liquid by means of a liquid pressure and a gas, comprising an inner feed liquid pipe extending axially between an upstream end and a downstream end, having a feed liquid conduit, a feed liquid inlet positioned at the upstream end and a feed orifice positioned at the downstream end, and a co-axial first gas pipe extending radially outside the inner feed liquid pipe and forming a first 
<!-- EPO <DP n="6"/>-->
 gas conduit between the first gas pipe and the inner feed liquid pipe, the first gas pipe having a gas outlet slit positioned at the downstream end. The nozzle further comprises a co-axial second gas pipe extending radially outside the first gas pipe and forming a second gas conduit between the second gas pipe and the first gas pipe, the first gas conduit being closed at the upstream end and the second gas conduit being closed at the downstream end, wherein the first gas conduit and the second gas conduit are connected by one or more slot(s) being adapted for providing a swirling motion of a gas flow. </p><p id="p0022" num="0022"> Spray drying procedures with the external mixing two-fluid nozzle according to the above-mentioned design has proven to provide a high production capacity while still retaining a mean particle size and a span wanted for. In prior art nozzles for external mixing the production of fine particles in spray drying applications limit the capacity as the increased liquid flow requires the gap in the gas exit to become larger or, alternatively the pressure to be increased. The effect is that a larger part of the gas is lost into the surrounding atmosphere, instead of reacting with the liquid. However, with the external mixing two-fluid nozzle according to the invention the gas flow pattern at the outlet slit is designed to require a reduced gas flow, thus ensuring increased reaction with the liquid when the feed liquid is supplied with a substantial pressure. </p><p id="p0023" num="0023"> According to the present invention, the liquid is pre-atomized by an elevated liquid pressure to form a thin film, which is subsequently atomized into fine droplets by means of the pressurised gas. In prior art nozzles having a normal liquid pressure this pre-atomization does not form to the same extent. Typically, the formation of the droplets in prior art nozzles is mostly due to the high velocity of the gas, which at high capacities is subject to limitations as presented in the backg round section i.a. incomplete atomisation leading to larger particle sizes and broader distribution. </p><p id="p0024" num="0024"> Surprisingly, the external mixing two-fluid nozzle of the present invention forms powders with a small span. The span expresses how wide the particle size distribution is. Aiming at a specific particle size, a 
<!-- EPO <DP n="7"/>-->
 narrow distribution is desired. A wide distribution of the droplet size is generally disadvantageous. The span, evaluated as (d90 - dlO) / d50 is normally found in the range from 1 to 2 for the nozzle of the invention. </p><p id="p0025" num="0025"> Within the two gas conduits of the nozzle, the swirl motion is generated by directi ng the g a s fl ow th ro ug h one or m o re sl ots connecting the two gas conduits. The design and effectiveness of the atomisation mechanisms provided by the pressurized two-fluid nozzle according to the invention enables high-viscous liquid to be atomised at industrial applicable feed rates. In addition, the formation of a pre- atomisation of the liquid combined with the full swirl motion of the gas enables the atomisation of the liquid feed at low gas flow rates. </p><p id="p0026" num="0026"> It is a further advantage of the nozzle according to the invention that the high shear atomization takes place outside the nozzle itself as the nozzle will be well suited for handling abrasive feed liquids, and the risk of drying out and thereby clogging of the nozzle is avoided due to the external contact between gas and liquid. </p><p id="p0027" num="0027"> In a preferred aspect of the invention, the gas outlet slit and the feed orifice essentially are in the same horizontal position. The effect of this feature is that an external mixing is ensured, i.e. that the feed liquid and the atomization gas are mixed outside the sensitive components of the nozzle. The inner feed liquid pipe may be retracted or protruded relative to the tip of the first gas pipe to an inessential degree, such as +/- 5 mm. </p><p id="p0028" num="0028"> Usually, the inner feed liquid pipe, the first gas pipe and the second gas pipe are concentric and tubular. The concentric and tubular design provides for a uniform treatment of the atomization gas so that the flow pattern along the gas outlet slit is uniform. Furthermore, in preferred embodiments, the gas outlet slit is annular for a uniform gas dispersion to form, which provides for the formation of a cloud of droplets within a restricted volume of the drying chamber. </p><p id="p0029" num="0029"> According to an aspect of the invention, the one or more slot(s) connecting the first gas conduit and the second gas conduit extend tangentially to the outer surface of the inner feed liquid pipe. This feature adapts the one or more slots for providing a swirling motion of 
<!-- EPO <DP n="8"/>-->
 the gas once it flows from the second gas conduit through the one or more slots and into the first gas conduit. In the event the nozzle holds more than one slot it is important that the slots extend tangentially to the inner feed liquid pipe in the same direction, meaning that all slots should provide for the gas to flow in the same clockwise or counterclockwise direction around the inner feed liquid pipe, thereby enhancing the swirling motion of the gas. </p><p id="p0030" num="0030"> The two-fluid nozzle according to the invention provides for the entire gas stream to flow through the one or more slots adapted for providing a swirling motion. The inventors found that compared to only providing for part of the gas to flow through means for providing a swirling motion as suggested in EP 408 801 the design of the present invention imparts an increased swirling motion. This in turn results in a lowered overall gas flow of the nozzle. However, due to the pre- atomising of the liquid by means of pressurising the liquid feed, the required amount of atomisation gas is at a lower level. The swirling motion of the gas, however, provides for an improved atomisation of the liquid by imparting the swirling/rotating motion to the liquid. </p><p id="p0031" num="0031"> The one or more slots may be directed at an upwards or downwards angle relative to the horizonta l pla ne, such as +/-5° or more. The individual slots may be placed at different horizontal levels along the first gas pipe. </p><p id="p0032" num="0032"> By providing a converging portion at the downstream end of the nozzle it may improve both the mean droplet size distribution and the span of the droplet size distribution. The converging may be at an angle of 5° to 80° or more preferable of 10° to 45° relative to the vertical plane. </p><p id="p0033" num="0033"> The two-fluid nozzle of the invention may be prepared in any suitable material. For highly abrasive feed liquids, however, it may be advantageous that at least the inner feed liquid pipe wear parts are of a wear resistant material, such as a ceramic material. </p><p id="p0034" num="0034"> To adapt the nozzle of the invention to various process conditions and feed liquids, the inner feed liquid pipe and/or the first gas pipe may be exchangeable and/or adapted for receiving one or more 
<!-- EPO <DP n="9"/>-->
 inserts, and/or the second gas pipe outer wall is adapted for mounting in a lance. The design could be a nozzle lance with concentric pipes and a nozzle head as described herein mounted in the downstream end. Such nozzle head or parts hereof may be exchangeable to adapt to a relevant feed capacity. </p><p id="p0035" num="0035"> The invention also relates to a spray processing method for producing a spray dried powder. The method includes the steps of: providing a spray drying apparatus comprising an external mixing two- fluid nozzle having inlets for feed liquid and atomization gas, a drying chamber having a drying gas inlet and exits for spent drying gas/atomising gas and produced powder, spraying in the drying chamber the feed liquid through the external mixing two-fluid nozzle by means of liquid pressure and the atomisation gas into droplets, drying the droplets to a powder, discharging the powder trough the exit for produced powder and the spent gas through the exit for spent gas, wherein the atomisation gas is supplied to the nozzle with a pressure in the range of 0.2 to 10 bar(g), the entire amount of atomisation gas in the nozzle is provided with a swirling motion, the feed liquid is supplied to the nozzle with a pressure at or above 8 bar(g), and the weight ratio of atomisation gas flow to feed liquid flow is in the range of 0.1 to 10. </p><p id="p0036" num="0036"> The inventors surprisingly found that providing a pressurised liquid feed to a two-fluid nozzle providing the atomizing gas with a swirling motion, results in a reduction in the required gas pressure even for the production of powders with a mean particle size below 50pm. In comparison to conventional two-fluid nozzles, the external mixing two- fluid nozzle according to the present invention has lower energy consumption. This is presently believed to be because energy input for atomization provided by elevated liquid pressure is utilized more efficiently compared to energy input provided by elevated air pressure. Conventional two-fluid nozzles apply pressurized gas for atomization, whereas the external mixing two-fluid nozzle according to the present invention applies a combination of pressurized liquid and pressurized gas. Furthermore, the use of conventional two-fluid nozzles with external mixing will have a limited capacity when very fine droplets are required, 
<!-- EPO <DP n="10"/>-->
 whereas the two-fluid nozzle according to the present invention will have an increased liquid capacity, in some embodiments up to e.g. 500kg/h. </p><p id="p0037" num="0037"> The swirling motion may be provided by a number of means, including inclining slats in the passageway of the atomising gas in the nozzle, meandering gas channels formed in the nozzle, etc. According to a preferred aspect of the invention the swirling motion is provided by one or more slots, which connects a second gas conduit and a first gas conduit, said second conduit being connected to a gas supply and formed between a first gas pipe and a second gas pipe extending radially outside the first gas pipe and said first gas conduit being formed between an inner feed liquid pipe and the first gas pipe, said second gas conduit being closed at the downstream end, said first gas conduit being closed at the upstream end and connected to a gas outlet slit in the downstream end. In a certain embodiment, the external mixing two-fluid nozzle used in the above method is a nozzle as disclosed in the attached claims. </p><p id="p0038" num="0038"> The slots in the nozzle are designed to give the atomization gas the required swirl without imposing the gas flow to unnecessary friction. In a certain embodiment, the one or more slot(s) connecting the first gas conduit and the second gas conduit extend tangentially to the outer surface of the inner feed liquid pipe. Due to the fact that the entire amount of gas is guided through the one or more slots a complete swirling motion of the gas is obtained. The swirling motion of the gas provides for an improved atomisation of the liquid by imparting the swirling/rotating motion to the liquid. </p><p id="p0039" num="0039"> The feed liquid is provided with a certain pressure before ejection into the drying chamber. The pressure is usually not less than 5 bar(g) if the benefits of the invention is to be obtained. In a preferred aspect the liquid is supplied to the nozzle with a pressure of 10-150 bar(g). In general, a highly viscous feed liquid requires a higher feed liquid pressure than a less viscous feed liquid. </p><p id="p0040" num="0040"> The atomisation gas is supplied to the nozzle with a pressure of at least 0.2 bar(g). The pressure is generally not above 10 bar(g) due to process economics. In a preferred aspect the atomising gas is supplied 
<!-- EPO <DP n="11"/>-->
 with a pressure of 0.5-5 bar(g) and more preferred with 1-2 bar(g). </p><p id="p0041" num="0041"> To obtain a sufficient swirl of the atomisation gas it is ejected from the nozzle at a rotational speed of 30 m/s or more. Suitably, the rotational speed does not exceed 500 m/s. In a preferred embodiment the atomising gas is ejected from the nozzle at a rotational speed in the range of 50 m/s to 400 m/s, typically 100-200 m/s. </p><p id="p0042" num="0042"> The advantage of the present invention is that the combined pressuring of atomization gas and feed liquid is less energy consuming than predominate pressurizing of the atomization gas. According to the invention, the weight ratio of atomizing gas flow to feed liquid flow is in the range of 0.1 to 10, suitably the weight ratio of atomisation gas flow to feed liquid flow is from 0.5 to 5 and more suitable from 1-3. </p><p id="p0043" num="0043"> The method of the present invention can produce droplets in various sizes and distributions. The invention shows most of its benefits when small droplets are produced. Therefore, in a preferred aspect the mean size of the droplets is less than 30pm. </p><p id="p0044" num="0044"> The present invention has the important feature of being able to produce particles of a small size combined with a high liquid flow capacity. In a certain embodiment of the invention, the liquid flow capacity of the external mixing two-fluid nozzle is 100 kg/h or above. </p><p id="p0045" num="0045"> According to an aspect of the invention, two or more external mixing pressurized two-fluid nozzles are provided in the spray drying apparatus. As the feed liquid flow through the nozzle is controlled at an elevated liquid pressure it will be possible to distribute liquid between multiple nozzles in an easy manner. </p><p id="p0046" num="0046"> The powder produced by the method of the invention may be of various materials. Usually, the spray dried powder is selected from the group consisting of powders for use in lithium ion batteries or other secondary batteries, polymer powders, starch or gelatine powders, coffee powder, powders from abrasive feeds, inorganic powders, hard metal powders, pharmaceutical powders and congealed powders. </p><p id="p0047" num="0047"> The method of the present invention is found to be suited for viscous liquids as enabling the processing of a feed with a higher dry matter content compared to processes using conventional nozzles. The 
<!-- EPO <DP n="12"/>-->
 method, furthermore, holds the advantages of external mixing, thus, making the spray processing method particularly suitable for spray drying products from abrasive feeds. </p><p id="p0048" num="0048"> The atomisation gas may be air, nitrogen, carbon dioxide, or any other suitable gas. </p><p id="p0049" num="0049">Brief description of the drawings </p><p id="p0050" num="0050"> Fig. 1 is a cross-sectional view along the axis of the external mixing two-fluid nozzle in an embodiment of the present invention, and </p><p id="p0051" num="0051"> Fig. 2 is a radial cross-sectional view of the external mixing two- fluid nozzle in an embodiment of the invention, in an axial position where both gas conduits and connecting slots are present. </p><p id="p0052" num="0052">Detailed description of the invention </p><p id="p0053" num="0053"> In the following an em bodiment of the present invention will be described in details with reference to Fig. 1 and Fig. 2. </p><p id="p0054" num="0054"> The external mixing two-fluid nozzle is provided with an inner feed liquid pipe (1) extending axially between an upstream end and a downstream end of the nozzle. The inner feed liquid pipe (1) forms a channel, which provide for a feed liquid conduit (2). At the upstream end of the inner feed liquid pipe is a feed liquid inlet (3) through which the feed liquid can enter into the feed liquid conduit (2). At the downstream end of the inner feed liquid pipe (1) is a feed orifice (4) through which the liquid feed can exit the liquid feed conduit (2). Surrounding the inner feed liquid pipe (1) is a first gas pipe (5). The first gas pipe (5) extends co-axially with the inner feed liquid pipe (1) on the outside. The radius of the first gas pipe (5) is larger than the radius of the inner feed liquid pipe (1), and the first gas pipe (5) provides a pipe wall, which is spaced from the wall of the inner feed liquid pipe (1), thus providing a first gas conduit (6) between the inner feed liquid pipe (1) and the first gas pipe (5) . The first gas pi pe is provided with a gas outlet sl it (7) at the downstream end of the nozzle. The first gas conduit does not extend all the way through the nozzle but is closed at the upstream end of the nozzle. Surrounding the first gas pipe (5) is a second gas pipe (8), which 
<!-- EPO <DP n="13"/>-->
 extends radially outside the first gas pipe (5). Thereby, the radius of the second gas pipe (8) is larger than the radius of the first gas pipe (5). The walls of the first and second gas pipes are spaced, thus providing a second gas conduit (9) between the pipe walls of the first and second gas pipe. The second gas conduit (9) is open at the upstream end of the nozzle but closed at the downstream end. The nozzle features one or more slots (10) provided in the first gas pipe (5). The one or more slots (10) go through the wall of the first gas pipe (5) thereby connecting the first and second gas conduits. The one or more slots (10) are adapted for providing a swirling motion of the gas flow. </p><p id="p0055" num="0055"> During operation of the external mixing two-fluid nozzle a liquid feed stream typically enters the nozzle at the feed liquid inlet (3) and flows axially through the nozzle via the feed liquid conduit (2). Thus, the feed liquid flows downstream through the nozzle. The feed liquid stream exits the nozzle at the feed orifice (4). An atomisation gas initially flows parallel to the feed liquid stream and in the same downstream direction. The atomisation gas enters the nozzle at the upstream end into the second gas conduit (9) of the second gas pipe (8), which is open at the upstream end. From the second gas conduit (9) the atomisation gas flows into the first gas conduit (6) of the first gas pipe (5) through the the four slots (10). As the atomisation gas flows through the one or more slots (10) it obtains a swirling motion. Maintaining the swirling motion the atomisation gas flows through the first gas conduit (6) and exits through the gas outlet slit (7). </p><p id="p0056" num="0056"> In the present description subsequent claims the term bar(g) refers to the pressure in bars above ambient or atmospheric pressure. When the present description and claims refers to spray processing or spray drying, a variety of different spray methods and processing methods is comprised in the term, including spray drying, spray congealing and spray granulation. It will be understood by a person skilled in the art that when spray congealing is performed, the drying gas is substituted with a cooling gas. </p><p id="p0057" num="0057"> The powders for use in lithium-ion batteries produced by the present invention may be any of the various lithium ion salt used for 
<!-- EPO <DP n="14"/>-->
 rechargeable batteries. By way of examples only, the powders produced by the method of the present invention may be of the following materials: lithium cobalt oxide, lithium iron phosphate or another polyanion, LiNi0<sub>2</sub> or lithium manganese oxide or another spinel. Also other secondary battery powders than powders for use in lithium-ion batteries may be produced by this method. The powder material may also be a mixture of salts, such as LiCoi/3Nii<sub>/3</sub>Mni<sub>/3</sub>0<sub>2</sub>. The powders may optionally be doped with aluminium, niobium or zirconium. Examples </p><p id="p0058" num="0058">Example 1 </p><p id="p0059" num="0059"> Spray drying of lithium ion battery powder </p><p id="p0060" num="0060"> A lithium ion battery powder was spray dried in a GEA Niro SD 6.3 pilot spray dryer using a conventional two-fluid nozzle with external mixing and the GEA Niro COMBI-NOZZLE™ according to the present invention with the following results: 
<!-- EPO <DP n="15"/>-->
</p><p id="p0061" num="0061">Table 1 : </p><p id="p0062" num="0062"><img id="imgf000015_0001" he="131" wi="142" file="imgf000015_0001.tif" img-format="tif" img-content="table" orientation="portrait" inline="no"/></p><p id="p0063" num="0063">Example 2 </p><p id="p0064" num="0064"> Spray drying of e-PVC latex </p><p id="p0065" num="0065">e-PVC latex is often spray d ried to ma ke fine powder pa rticles a nd usually a large number of conventional two-fluid nozzles are required for this purpose as the maximum capacity of these nozzles are around 50- 65 kg/h in order to make the required average particle size of around 20 micron. By application of the nozzle according to the invention it is possible to achieve a smaller average particle size with a significantly lower consum ption of com pressed a i r. Furthermore the l iq uid feed capacity of one COMBI-NOZZLE™ can be 200 kg/h, 500 kg/h, or higher. 
<!-- EPO <DP n="16"/>-->
 Table 2: </p><p id="p0066" num="0066"><img id="imgf000016_0001" he="43" wi="143" file="imgf000016_0001.tif" img-format="tif" img-content="table" orientation="portrait" inline="yes"/></p><p id="p0067" num="0067">Example 3 </p><p id="p0068" num="0068"> Atomization of High Viscosity Melts </p><p id="p0069" num="0069"> A highly viscous melt of a polymer has been spray congealed using the COMBI-NOZZLE™ at the below conditions. By conventional atomization technique the melt could not be satisfactorily congealed due to formation of filaments caused by poor droplet formation. Table 3: </p><p id="p0070" num="0070"><img id="imgf000016_0002" he="66" wi="142" file="imgf000016_0002.tif" img-format="tif" img-content="table" orientation="portrait" inline="no"/></p><p id="p0071" num="0071">Example 4 </p><p id="p0072" num="0072"> Control of span of droplet size </p><p id="p0073" num="0073"> The span of the droplet size distribution from the COMBI- NOZZLE™ has been examined by spraying of water and the span has been influenced by varying the theoretical spray angle of the liquid injection nozzle. The following results have been achieved using Malvern droplet size measurement apparatus: 
<!-- EPO <DP n="17"/>-->
 Table 4: </p><p id="p0074" num="0074"><img id="imgf000017_0001" he="25" wi="142" file="imgf000017_0001.tif" img-format="tif" img-content="table" orientation="portrait" inline="yes"/></p></description><claims mxw-id="PCLM44852621" ref-ucid="WO-2012116697-A1" lang="EN" load-source="patent-office"><claim-statement><!-- EPO <DP n="18"/>-->P A T E N T C L A I M S </claim-statement><claim id="clm-0001" num="1"><claim-text> 1. An external mixing pressurized two-fluid nozzle for atomising a liquid by means of a liquid pressure and a gas, comprising an inner feed liquid pipe (1) extending axially between an upstream end and a downstream end, having a feed liquid conduit (2), a feed liquid inlet (3) positioned at the upstream end and a feed orifice (4) positioned at the downstream end, and a co-axial first gas pipe (5) extending radially outside the inner feed liquid pipe (1) and forming a first gas conduit (6) between the first gas pipe (5) and the inner feed liquid pipe (1), the first gas pipe (5) having a gas outlet slit (7) positioned at the downstream end c h a r a c t e r i z e d by a co-axial second gas pipe (8) extending radially outside the first gas pipe (5) and forming a second gas conduit (9) between the second gas pipe (8) and the first gas pipe (5), the first gas conduit (6) being closed at the upstream end and the second gas conduit (9) being closed at the downstream end, wherein the first gas conduit (6) and the second gas conduit (9) are connected by one or more slot(s) (10) being adapted for providing a swirling motion of a gas flow. </claim-text></claim><claim id="clm-0002" num="2"><claim-text> 2. The nozzle according to claim 1, wherein the gas outlet slit (7) and the feed orifice (4) essentially are in the same horizontal position. </claim-text></claim><claim id="clm-0003" num="3"><claim-text> 3. The nozzle according to claims 1 or 2, wherein the inner feed liquid pipe (1), the first gas pipe (5) and the second gas pipe (8) are concentric and tubular. </claim-text></claim><claim id="clm-0004" num="4"><claim-text> 4. The nozzle according to claims 1 to 3, wherein the gas outlet slit (7) is annular. </claim-text></claim><claim id="clm-0005" num="5"><claim-text> 5. The nozzle according to any of the preceding claims, wherein the one or more slot(s) (10) connecting the first gas conduit (6) and the second gas conduit (9) extend tangentially to the outer surface of the inner feed liquid pipe (1). </claim-text></claim><claim id="clm-0006" num="6"><claim-text> 6. The nozzle according to any of the preceding claims, wherein the one or more slots are directed at an upwards or downwards angle relative to the horizontal plane. </claim-text></claim><claim id="clm-0007" num="7"><claim-text> 7. The nozzle according to any of the preceding claims, wherein <!-- EPO <DP n="19"/>--> the inner feed liquid pipe (1) and the first gas pipe (5) converge radially towards the centre at the downstream end. </claim-text></claim><claim id="clm-0008" num="8"><claim-text> 8. The nozzle according to any of the preceding claims, wherein the wear parts of the inner feed liquid pipe (1) are of a wear resistant ceramic material. </claim-text></claim><claim id="clm-0009" num="9"><claim-text> 9. The nozzle according to any of the preceding claims, wherein the inner feed liquid pipe and/or the first gas pipe are exchangeable and/or adapted for receiving one or more inserts, and/or the second gas pipe outer wall is adapted for mounting in a lance. </claim-text></claim><claim id="clm-0010" num="10"><claim-text> 10. A spray processing method for producing a spray dried powder comprising the steps of: </claim-text><claim-text> a. providing a spray drying apparatus comprising an external mixing pressurized two-fluid nozzle having an inlet for feed liquid and atomization gas, a drying chamber having a drying gas inlet, and exits for spent drying gas/atomising gas and produced powder, </claim-text><claim-text> b. spraying in the drying chamber the feed liquid through the external mixing two-fluid nozzle by means of liquid pressure and the atomisation gas into droplets, </claim-text><claim-text> c. drying the droplets to powder </claim-text><claim-text> d. discharging the powder trough the exit for produced powder and the spent gas through the exit for spent gas, </claim-text><claim-text> wherein </claim-text><claim-text> e. the feed liquid is supplied to the nozzle with a pressure at or above 8 bar(g), </claim-text><claim-text> f. the atomisation gas is supplied to the nozzle with a pressure in the range of 0.2 to 10 bar(g), </claim-text><claim-text> g. the entire amount of atomisation gas in the nozzle is provided with a swirling motion, and </claim-text><claim-text> h. the weight ratio of atomisation gas flow to feed liquid flow is in the range of 0.1 to 10. </claim-text></claim><claim id="clm-0011" num="11"><claim-text> 11. The spray processing method according to claim 10, wherein the swirling motion is provided by one or more slots, which connects a second gas conduit and a first gas conduit, said second conduit being <!-- EPO <DP n="20"/>--> connected to a gas supply and formed between a first gas pipe and a second gas pipe (8) extending radially outside the first gas pipe (5) and said first gas conduit being formed between an inner feed liquid pipe and the first gas pipe, said second gas conduit (9) being closed at the downstream end, said first gas conduit (6) being closed at the upstream end and connected to a gas outlet slit in the downstream end. </claim-text></claim><claim id="clm-0012" num="12"><claim-text> 12. The spray processing method according to claims 10 or 11, wherein the one or more slot(s) (10) connecting the first gas conduit (6) and the second gas conduit (9) extend tangentially to the outer surface of the inner feed liquid pipe (1). </claim-text></claim><claim id="clm-0013" num="13"><claim-text> 13. The spray processing method according to any of the claims 10 to 12, wherein the entire amount of gas for atomising the liquid flows through the one or more slots, which are adapted for providing a swirling motion of the gas flow. </claim-text></claim><claim id="clm-0014" num="14"><claim-text> 14. The spray processing method according to any of the claims</claim-text><claim-text>10 to 13, wherein the liquid is supplied to the nozzle with a pressure of 10-150 bar(g). </claim-text></claim><claim id="clm-0015" num="15"><claim-text> 15. The spray processing method according to any of the claims 10 to 14, wherein the gas is supplied with a pressure of 0.5-5 bar (g). </claim-text></claim><claim id="clm-0016" num="16"><claim-text> 16. The spray processing method according to any of the claims</claim-text><claim-text>10 to 15, wherein the atomisation gas is ejected from the nozzle at a rotational speed of 50-400 m/s. </claim-text></claim><claim id="clm-0017" num="17"><claim-text> 17. The spray processing method according to any of the claims 10 to 16, wherein the atomisation gas is ejected from the nozzle at a rotational speed of 100-200 m/s. </claim-text></claim><claim id="clm-0018" num="18"><claim-text> 18. The spray processing method according to any of the claims 10 to 17, wherein the weight ratio of atomisation gas flow to feed liquid flow is from 0.5 to 5. </claim-text></claim><claim id="clm-0019" num="19"><claim-text> 19. The spray processing method according to any of the claims 10 to 18, wherein the mean size of the droplets is less than 30pm. </claim-text></claim><claim id="clm-0020" num="20"><claim-text> 20. The spray processing method according to any of the claims 10 to 19, wherein the mean size of the powder particles is less than 25pm. </claim-text></claim><claim id="clm-0021" num="21"><claim-text> 21. The spray processing method according to any of the claims <!-- EPO <DP n="21"/>--> 10 to 20, wherein the mean size of the powder particles is less than lOpm. </claim-text></claim><claim id="clm-0022" num="22"><claim-text> 22. The spray processing method according to any of the claims 10 to 19, wherein the liquid flow capacity of the external mixing two- fluid nozzle is 100 kg/h or above. </claim-text></claim><claim id="clm-0023" num="23"><claim-text> 23. The spray processing method according to claim 10 to 20, wherein the external mixing two-fluid nozzle is according to any of the claims 1 to 9. </claim-text></claim><claim id="clm-0024" num="24"><claim-text> 24. The spray processing method according to claim 10 to 21, wherein two or more external mixing two-fluid nozzles are provided in the spray drying apparatus. </claim-text></claim><claim id="clm-0025" num="25"><claim-text> 25. The spray processing method according to any of the claims 10 to 22, wherein the spray dried powder is selected from the group consisting of powder for lithium ion batteries, powder for batteries, polymer powders, starch or gelatine powders, coffee powder, powders from abrasive feeds, inorganic powders, hard metal powders, pharmaceutical powders and congealed powders. </claim-text></claim><claim id="clm-0026" num="26"><claim-text> 26. Use of an external mixing two-fluid nozzle according to any of the claims 1 to 9 for producing a spray dried powder selected from the group consisting of powder for lithium ion batteries, powder for batteries, polymer powders, starch or gelatine powders, coffee powder, powders from abrasive feeds, inorganic powders, hard metal powders, pharmaceutical powders and congealed powders. </claim-text></claim></claims><copyright>User acknowledges that Fairview Research LLC and its third party providers retain all right, title and interest in and to this xml under applicable copyright laws.  User acquires no ownership rights to this xml including but not limited to its format.  User hereby accepts the terms and conditions of the Licence Agreement</copyright></patent-document>
