<?xml version="1.0" encoding="UTF-8"?>
<patent-document ucid="EP-2958732-A1" country="EP" doc-number="2958732" kind="A1" date="20151230" family-id="51263763" file-reference-id="318326" date-produced="20180825" status="corrected" lang="DE"><bibliographic-data><publication-reference fvid="160453397" ucid="EP-2958732-A1"><document-id><country>EP</country><doc-number>2958732</doc-number><kind>A1</kind><date>20151230</date><lang>DE</lang></document-id></publication-reference><application-reference ucid="EP-14711679-A" is-representative="NO"><document-id mxw-id="PAPP193869762" load-source="patent-office" format="original"><country>EP</country><doc-number>14711679.2</doc-number><date>20140217</date><lang>DE</lang></document-id><document-id mxw-id="PAPP193869763" load-source="docdb" format="epo"><country>EP</country><doc-number>14711679</doc-number><kind>A</kind><date>20140217</date><lang>DE</lang></document-id></application-reference><priority-claims><priority-claim mxw-id="PPC162031579" ucid="DE-102013101642-A" load-source="docdb"><document-id format="epo"><country>DE</country><doc-number>102013101642</doc-number><kind>A</kind><date>20130219</date></document-id></priority-claim><priority-claim mxw-id="PPC162031086" ucid="EP-2014000428-W" linkage-type="W" load-source="docdb"><document-id format="epo"><country>EP</country><doc-number>2014000428</doc-number><kind>W</kind><date>20140217</date></document-id></priority-claim></priority-claims><technical-data><classifications-ipcr><classification-ipcr mxw-id="PCL-1988520261" load-source="docdb">B29C  49/42        20060101AFI20140911BHEP        </classification-ipcr><classification-ipcr mxw-id="PCL-1988520373" load-source="docdb">B29C  49/46        20060101ALI20140911BHEP        </classification-ipcr><classification-ipcr mxw-id="PCL-1988523261" load-source="docdb">B29C  49/16        20060101ALI20140911BHEP        </classification-ipcr><classification-ipcr mxw-id="PCL-1988526214" load-source="docdb">B29C  49/14        20060101ALI20140911BHEP        </classification-ipcr></classifications-ipcr><classifications-cpc><classification-cpc mxw-id="PCL-1611576385" load-source="docdb" scheme="CPC">B23K2101/42        20180801 LA20180802BHEP        </classification-cpc><classification-cpc mxw-id="PCL-1853804294" load-source="docdb" scheme="CPC">H01L2224/81194     20130101 LA20170127BHEP        </classification-cpc><classification-cpc mxw-id="PCL-1853804295" load-source="docdb" scheme="CPC">H01L2224/81193     20130101 LA20170127BHEP        </classification-cpc><classification-cpc mxw-id="PCL-1984696824" load-source="docdb" scheme="CPC">B65B  55/10        20130101 LI20160108BHEP        </classification-cpc><classification-cpc mxw-id="PCL-1984697606" load-source="docdb" scheme="CPC">B65B   3/10        20130101 LI20160107BHEP        </classification-cpc><classification-cpc mxw-id="PCL-1984698400" load-source="docdb" scheme="CPC">B65B  55/08        20130101 LI20160108BHEP        </classification-cpc><classification-cpc mxw-id="PCL-1984698421" load-source="docdb" scheme="CPC">B23K   1/0016      20130101 LI20160108BHEP        </classification-cpc><classification-cpc mxw-id="PCL-1984699161" load-source="docdb" scheme="CPC">B29C  49/46        20130101 LI20160108BHEP        </classification-cpc><classification-cpc mxw-id="PCL-1984699165" load-source="docdb" scheme="CPC">B65B   3/022       20130101 LI20160108BHEP        </classification-cpc><classification-cpc mxw-id="PCL-1984701098" load-source="docdb" scheme="CPC">B29K2067/003       20130101 LA20160107BHEP        </classification-cpc><classification-cpc mxw-id="PCL-1984701116" load-source="docdb" scheme="CPC">B29C2049/465       20130101 LA20160108BHEP        </classification-cpc><classification-cpc mxw-id="PCL-1984702724" load-source="docdb" scheme="CPC">B29C  49/4252      20130101 FI20160108BHEP        </classification-cpc><classification-cpc mxw-id="PCL-1984705429" load-source="docdb" scheme="CPC">B29L2031/7158      20130101 LA20160108BHEP        </classification-cpc><classification-cpc mxw-id="PCL-1984705740" load-source="docdb" scheme="CPC">B29C2049/4682      20130101 LA20160108BHEP        </classification-cpc><classification-cpc mxw-id="PCL-1984705751" load-source="docdb" scheme="CPC">B65B  31/025       20130101 LI20160108BHEP        </classification-cpc><classification-cpc mxw-id="PCL-1987766094" load-source="docdb" scheme="CPC">H01L  24/75        20130101 LI20140811BHEP        </classification-cpc><classification-cpc mxw-id="PCL-1987769200" load-source="docdb" scheme="CPC">H01L  24/16        20130101 LI20140306BHEP        </classification-cpc><classification-cpc mxw-id="PCL-1987771293" load-source="docdb" scheme="CPC">H01L2224/16057     20130101 LA20140306BHEP        </classification-cpc><classification-cpc mxw-id="PCL-1987772811" load-source="docdb" scheme="CPC">B29C2791/006       20130101 LA20140725BHEP        </classification-cpc><classification-cpc mxw-id="PCL-1987772845" load-source="docdb" scheme="CPC">H01L2224/81192     20130101 LA20140306BHEP        </classification-cpc><classification-cpc mxw-id="PCL-1987773589" load-source="docdb" scheme="CPC">H01L2224/81986     20130101 LA20140306BHEP        </classification-cpc><classification-cpc mxw-id="PCL-1987776531" load-source="docdb" scheme="CPC">B23K  26/1462      20151001 LI20151009BHEP        </classification-cpc><classification-cpc mxw-id="PCL-1987777210" load-source="docdb" scheme="CPC">H01L  25/0657      20130101 LI20150227BHEP        </classification-cpc><classification-cpc mxw-id="PCL-1987779228" load-source="docdb" scheme="CPC">H01L2225/06551     20130101 LA20150227BHEP        </classification-cpc><classification-cpc mxw-id="PCL-1987779551" load-source="docdb" scheme="CPC">H01L2224/13101     20130101 LA20140306BHEP        </classification-cpc><classification-cpc mxw-id="PCL-1987784529" load-source="docdb" scheme="CPC">H01L2224/81121     20130101 LA20140306BHEP        </classification-cpc><classification-cpc mxw-id="PCL-1987789114" load-source="docdb" scheme="CPC">H01L  25/50        20130101 LI20150227BHEP        </classification-cpc><classification-cpc mxw-id="PCL-1987789629" load-source="docdb" scheme="CPC">H01L2224/75252     20130101 LA20140306BHEP        </classification-cpc><classification-cpc mxw-id="PCL-1987789638" load-source="docdb" scheme="CPC">B29C2791/007       20130101 LA20140725BHEP        </classification-cpc><classification-cpc mxw-id="PCL-1987790363" load-source="docdb" scheme="CPC">H01L2224/75263     20130101 LA20140306BHEP        </classification-cpc><classification-cpc mxw-id="PCL-1987790725" load-source="docdb" scheme="CPC">B29C  49/14        20130101 LA20140725BHEP        </classification-cpc><classification-cpc mxw-id="PCL-1987791293" load-source="docdb" scheme="CPC">H01L2224/75745     20130101 LA20140306BHEP        </classification-cpc><classification-cpc mxw-id="PCL-1987791715" load-source="docdb" scheme="CPC">H01L2224/81224     20130101 LA20140306BHEP        </classification-cpc><classification-cpc mxw-id="PCL-1987792917" load-source="docdb" scheme="CPC">H01L2224/16108     20130101 LA20140306BHEP        </classification-cpc><classification-cpc mxw-id="PCL-1987792949" load-source="docdb" scheme="CPC">H01L2224/16105     20130101 LA20140306BHEP        </classification-cpc><classification-cpc mxw-id="PCL-1987795082" load-source="docdb" scheme="CPC">H01L  24/81        20130101 LI20140306BHEP        </classification-cpc><classification-cpc mxw-id="PCL-1987796212" load-source="docdb" scheme="CPC">H01L2224/16227     20130101 LA20140306BHEP        </classification-cpc><classification-cpc mxw-id="PCL-1987798601" load-source="docdb" scheme="CPC">H01L2224/16225     20130101 LA20140306BHEP        </classification-cpc><classification-cpc mxw-id="PCL-1987799460" load-source="docdb" scheme="CPC">B29C  49/16        20130101 LA20140725BHEP        </classification-cpc><classification-cpc mxw-id="PCL-1987800977" load-source="docdb" scheme="CPC">B23K   1/0056      20130101 LI20140311BHEP        </classification-cpc></classifications-cpc><invention-title mxw-id="PT165551657" lang="DE" load-source="patent-office">VERFAHREN UND VORRICHTUNG ZUM HERSTELLEN UND FÜLLEN VON BEHÄLTERN</invention-title><invention-title mxw-id="PT165551658" lang="EN" load-source="patent-office">METHOD AND DEVICE FOR PRODUCING AND FILLING CONTAINERS</invention-title><invention-title mxw-id="PT165551659" lang="FR" load-source="patent-office">PROCÉDÉ ET DISPOSITIF DE FABRICATION ET DE REMPLISSAGE DE CONTENANTS</invention-title></technical-data><parties><applicants><applicant mxw-id="PPAR1103331373" load-source="docdb" sequence="1" format="epo"><addressbook><last-name>KHS GMBH</last-name><address><country>DE</country></address></addressbook></applicant><applicant mxw-id="PPAR1103303265" load-source="docdb" sequence="1" format="intermediate"><addressbook><last-name>KHS GMBH</last-name></addressbook></applicant><applicant mxw-id="PPAR1101652936" load-source="patent-office" sequence="1" format="original"><addressbook><last-name>KHS GmbH</last-name><iid>101185339</iid><address><street>Juchostrasse 20</street><city>44143 Dortmund</city><country>DE</country></address></addressbook></applicant></applicants><inventors><inventor mxw-id="PPAR1103319005" load-source="docdb" sequence="1" format="epo"><addressbook><last-name>CLüSSERATH LUDWIG</last-name><address><country>DE</country></address></addressbook></inventor><inventor mxw-id="PPAR1103325850" load-source="docdb" sequence="1" format="intermediate"><addressbook><last-name>Clüsserath, Ludwig</last-name></addressbook></inventor><inventor mxw-id="PPAR1101643637" load-source="patent-office" sequence="1" format="original"><addressbook><last-name>Clüsserath, Ludwig</last-name><address><street>Nikolaus-Lenau-Str. 3</street><city>55543 Bad Kreuznach</city><country>DE</country></address></addressbook></inventor></inventors></parties><international-convention-data><pct-or-regional-filing-data ucid="EP-2014000428-W"><document-id><country>EP</country><doc-number>2014000428</doc-number><kind>W</kind><date>20140217</date><lang>DE</lang></document-id></pct-or-regional-filing-data><pct-or-regional-publishing-data ucid="WO-2014127903-A1"><document-id><country>WO</country><doc-number>2014127903</doc-number><kind>A1</kind><date>20140828</date><lang>DE</lang></document-id></pct-or-regional-publishing-data><designated-states><ep-contracting-states><country mxw-id="DS660640103" load-source="docdb">AL</country><country mxw-id="DS660637661" load-source="docdb">AT</country><country mxw-id="DS660636112" load-source="docdb">BE</country><country mxw-id="DS660793047" load-source="docdb">BG</country><country mxw-id="DS660727131" load-source="docdb">CH</country><country mxw-id="DS660636113" load-source="docdb">CY</country><country mxw-id="DS660637662" load-source="docdb">CZ</country><country mxw-id="DS660640105" load-source="docdb">DE</country><country mxw-id="DS660636114" load-source="docdb">DK</country><country mxw-id="DS660636119" load-source="docdb">EE</country><country mxw-id="DS660716755" load-source="docdb">ES</country><country mxw-id="DS660793048" load-source="docdb">FI</country><country mxw-id="DS660727132" load-source="docdb">FR</country><country mxw-id="DS660640106" load-source="docdb">GB</country><country mxw-id="DS660636120" load-source="docdb">GR</country><country mxw-id="DS660640119" load-source="docdb">HR</country><country mxw-id="DS660637667" load-source="docdb">HU</country><country mxw-id="DS660716756" load-source="docdb">IE</country><country mxw-id="DS660636121" load-source="docdb">IS</country><country mxw-id="DS660793049" load-source="docdb">IT</country><country mxw-id="DS660636122" load-source="docdb">LI</country><country mxw-id="DS660793050" load-source="docdb">LT</country><country mxw-id="DS660719337" load-source="docdb">LU</country><country mxw-id="DS660793051" load-source="docdb">LV</country><country mxw-id="DS660793052" load-source="docdb">MC</country><country mxw-id="DS660719338" load-source="docdb">MK</country><country mxw-id="DS660719343" load-source="docdb">MT</country><country mxw-id="DS660719344" load-source="docdb">NL</country><country mxw-id="DS660727133" load-source="docdb">NO</country><country mxw-id="DS660719345" load-source="docdb">PL</country><country mxw-id="DS660716757" load-source="docdb">PT</country><country mxw-id="DS660749439" load-source="docdb">RO</country><country mxw-id="DS660716758" load-source="docdb">RS</country><country mxw-id="DS660719346" load-source="docdb">SE</country><country mxw-id="DS660640121" load-source="docdb">SI</country><country mxw-id="DS660727134" load-source="docdb">SK</country><country mxw-id="DS660727147" load-source="docdb">SM</country><country mxw-id="DS660636127" load-source="docdb">TR</country></ep-contracting-states><ep-extended-states><ep-extended-state-data><country>BA</country></ep-extended-state-data><ep-extended-state-data><country>ME</country></ep-extended-state-data></ep-extended-states></designated-states></international-convention-data><office-specific-data><eptags><ep-no-a-document-published>*</ep-no-a-document-published></eptags></office-specific-data></bibliographic-data><abstract mxw-id="PA139080893" ref-ucid="WO-2014127903-A1" lang="DE" load-source="patent-office"><p num="0000">Die Erfindung betrifft ein Verfahren zur Herstellung von mit einem flüssigen Füllgut gefüllten Behältern aus einem Vorformlingen (5), insbesondere Kunststoffbehälter, wie PE-, PP-, PET-Flaschen, PET- KEG und dergleichen, wobei der Vorformling (Preform) (5) während einer Form- und Füllphase in einer Blasform hydraulisch oder hydrodynamisch durch Druckeinwirkung des zugeführten Füllguts (20) in den Behälter umgeformt wird, wobei derVorformling vor Beginn der Form- und Füllphase mindestens einmal evakuiert wird (30) und nach einer Evakuierung mit einem Sterilisationsmittel (40), insbesondere mit Dampf undloder Gas-Dampfgemisch, entlastet und/oder gespült.</p></abstract><abstract mxw-id="PA139547346" ref-ucid="WO-2014127903-A1" lang="DE" source="national office" load-source="docdb"><p>Die Erfindung betrifft ein Verfahren zur Herstellung von mit einem flüssigen Füllgut gefüllten Behältern aus einem Vorformlingen (5), insbesondere Kunststoffbehälter, wie PE-, PP-, PET-Flaschen, PET- KEG und dergleichen, wobei der Vorformling (Preform) (5) während einer Form- und Füllphase in einer Blasform hydraulisch oder hydrodynamisch durch Druckeinwirkung des zugeführten Füllguts (20) in den Behälter umgeformt wird, wobei derVorformling vor Beginn der Form- und Füllphase mindestens einmal evakuiert wird (30) und nach einer Evakuierung mit einem Sterilisationsmittel (40), insbesondere mit Dampf undloder Gas-Dampfgemisch, entlastet und/oder gespült.</p></abstract><abstract mxw-id="PA139080894" ref-ucid="WO-2014127903-A1" lang="EN" load-source="patent-office"><p num="0000">The invention relates to a method for producing containers from preforms (5), said containers being filled with liquid contents, in particular for producing plastic containers such as PE-, PP- or PET bottles, PET kegs or similar. The preform (5) is formed hydraulically or hydrodynamically during a form-and-fill phase in a blow mould by the pressure of the contents (20) as they are fed into the container. Said preform is evacuated (30) at least once prior to the start of the form-and-fill phase and after said evacuation is pressure-balanced and/or rinsed using a sterilization agent (40), in particular steam and/or a mixture of gas and steam.</p></abstract><abstract mxw-id="PA139547347" ref-ucid="WO-2014127903-A1" lang="EN" source="national office" load-source="docdb"><p>The invention relates to a method for producing containers from preforms (5), said containers being filled with liquid contents, in particular for producing plastic containers such as PE-, PP- or PET bottles, PET kegs or similar. The preform (5) is formed hydraulically or hydrodynamically during a form-and-fill phase in a blow mould by the pressure of the contents (20) as they are fed into the container. Said preform is evacuated (30) at least once prior to the start of the form-and-fill phase and after said evacuation is pressure-balanced and/or rinsed using a sterilization agent (40), in particular steam and/or a mixture of gas and steam.</p></abstract><abstract mxw-id="PA139080895" ref-ucid="WO-2014127903-A1" lang="FR" load-source="patent-office"><p num="0000">La présente invention concerne un procédé de fabrication de contenants remplis d'une matière de remplissage liquide, à partir d'une préforme (5), en particulier d'un contenant en matière plastique, comme des bouteilles en PE, PP et PET, des tonneaux en PET et analogues. Pendant une phase de formage et de remplissage, la préforme (5) est formée de manière hydraulique ou hydrodynamique dans un moule de soufflage par l'action de la pression de la matière de remplissage (20) introduite dans le contenant. Avant le début de la phase de formage et de remplissage, le vide est créé (30) au moins une fois dans la préforme, après la mise sous vide, cette dernière se détend et/ou est rincée à l'aide d'un produit de stérilisation (40), en particulier de la vapeur et/ou un mélange gaz/vapeur.</p></abstract><abstract mxw-id="PA139547348" ref-ucid="WO-2014127903-A1" lang="FR" source="national office" load-source="docdb"><p>La présente invention concerne un procédé de fabrication de contenants remplis d'une matière de remplissage liquide, à partir d'une préforme (5), en particulier d'un contenant en matière plastique, comme des bouteilles en PE, PP et PET, des tonneaux en PET et analogues. Pendant une phase de formage et de remplissage, la préforme (5) est formée de manière hydraulique ou hydrodynamique dans un moule de soufflage par l'action de la pression de la matière de remplissage (20) introduite dans le contenant. Avant le début de la phase de formage et de remplissage, le vide est créé (30) au moins une fois dans la préforme, après la mise sous vide, cette dernière se détend et/ou est rincée à l'aide d'un produit de stérilisation (40), en particulier de la vapeur et/ou un mélange gaz/vapeur.</p></abstract><description mxw-id="PDES78478439" ref-ucid="WO-2014127903-A1" lang="DE" load-source="patent-office"><!-- EPO <DP n="3"/>--><p id="p0001" num="0001"> Verfahren und Vorrichtung zum Herstellen und Füllen von Behältern </p><p id="p0002" num="0002">[0001] Die vorliegende Erfindung betrifft ein Verfahren zur Herstellung von Behältern aus Vorformlingen sowie eine Vorrichtung hierfür. </p><p id="p0003" num="0003">[0002] Bekannt ist aus der DE 43 40 291 die Herstellung von Behältern durch Blasformen mit einem gas- und/oder dampfförmigen Druckmedium aus Vorformlingen aus einem thermoplastischen Material, beispielsweise aus Vorformlingen aus PET (Polyethylenterephthalat), wobei die Vorformiinge innerhalb einer Blasmaschine unterschiedlichen Bearbeitungsstationen zugeführt werden. Typischerweise weist eine Blasmaschine eine Heizeinrichtung zum Temperieren oder Vorerhitzen (thermisches Konditionieren) der Vorformiinge sowie eine Blaseinrichtung mit wenigstens einer Blasstation auf, in deren Bereich der jeweils zuvor temperierte Vorformling biaxial oder multiaxial zu einem Behälter expandiert wird. Die Expansion erfolgt mit Hilfe eines Druckgases, z.B. mit Hilfe von Druckluft, als Druckmedium, das mit einem Formdruck in den zu expandierenden Vorformling eingeleitet wird. Der verfahrenstechnische Ablauf bei einer derartigen Expansion des Vorformlings wird in der DE 43 40 291 erläutert. [0003] Der grundsätzliche Aufbau der Blasstation ist in der DE 42 12 583 beschrieben. Möglichkeiten der Temperierung der Vorformiinge sind in der DE 23 52 926 erläutert. </p><p id="p0004" num="0004">[0004] Gemäß einem typischen Weiterverarbeitungsverfahren werden die durch Blasformen hergestellten Behälter einer nachfolgenden Fülleinrichtung zugeführt und hier mit dem vorgesehenen Produkt oder Füllgut gefüllt. Es werden also eine separate Blasmaschine und eine separate Füllmaschine verwendet. Bekannt ist es dabei auch, die separate Blasmaschine und die separate Füllmaschine zu einem Maschinenblock, d.h. zu einer verblockten Blas-Füll-Einrichtung zusammen zu fassen, wobei weiterhin das Blasformen und das Füllen an gesonderten Maschinenkomponenten und zeitlich nacheinander erfolgen. 
<!-- EPO <DP n="4"/>-->
 [0005] Es wurde weiterhin bereits vorgeschlagen, Behälter, insbesondere auch in Form von Flaschen, aus thermisch konditionierten bzw. vorerhitzten Vorformlingen herzustellen und dabei gleichzeitig mit einem flüssigen Füllgut zu füllen, welches als hydraulisches Druckmedium zum Ausformen des Behälters durch Expandieren oder durch radiales und axiales Strecken oder Recken des Vorformlings mit einem Formund Fülldruck zugeführt wird, sodass zeitgleich mit dem Füllen der jeweilige Vorformling in den Behälter verformt wird. </p><p id="p0005" num="0005">[0006] Bei allen vorstehend beschriebenen Verfahren ist auf die Sterilität bei der Abfüllung zu achten, um eine lange Haltbarkeit des Füllguts zu gewährleisten. Weiter sind viele flüssige Füllgüter sauerstoffempflindlich, und bei karbonisierten Flüssigkeiten wirken Fremdgase als Keimzelle für Ausgasung bei Druckabfall. </p><p id="p0006" num="0006">[0007] Aufgabe der Erfindung ist es, ein Verfahren sowie eine Vorrichtung zur Herstellung von mit einem flüssigen Füllgut gefüllten Behältern vorzuschlagen, die eine lange Haltbarkeit des Füllguts gewährleisten. </p><p id="p0007" num="0007">[0008] Zur Lösung dieser Aufgabe wird ein Verfahren zur Herstellung von mit einem flüssigen Füllgut gefüllten Behältern aus Vorformlingen vorgeschlagen, bei dem der Vorformling während einer Form- und Füllphase in einer Form hydraulisch oder hydro-dynamisch durch Druckeinwirkung des zugeführten Füllguts in den Behälter umgeformt wird. Das erfindungsgemäße Verfahren ist dadurch gekennzeichnet, dass der Vorformling vor Beginn der Form- und Füllphase mindestens einmal evakuiert wird. Mit dem erfindungsgemäßen Verfahren können insbesondere Kunststoffbehälter, wie PE-, PP-, PET-Flaschen, PET-KEG und dergleichen hergestellt werden. </p><p id="p0008" num="0008">[0009] Weiter wird eine Vorrichtung zur Herstellung von mit einem flüssigen Füllgut gefüllten Behältern aus Vorformlingen mit wenigstens einer Form- und Füllstation vorgeschlagen, die zumindest eine einen Formraum bildende Form sowie zumindest einen Formkopf aufweist. Über den Formkopf kann zum Umformen des jeweiligen Vorformlings in einen Behälter in den Innenraum des mit seiner Öffnung in Dichtlage gegen den Formkopf anliegenden Vorformling ein flüssiges 
<!-- EPO <DP n="5"/>-->
 Druckmedium eingebracht werden. Die erfindungsgemäße Vorrichtung ist dadurch gekennzeichnet, dass der Formkopf über Mittel zum Evakuieren des Innenraums des Vorformlings verfügt oder mit solchen funktional verbunden ist, insbesondere über Leitungen. </p><p id="p0009" num="0009">[0010] Nach dem erfindungsgemäßen Verfahren wird der Vorformling vor Beginn der Form- und Füllphase mindestens einmal evakuiert. Vorzugsweise wird in den Vorformling nach der mindestens einen Evakuierung zur Entlastung ein inertes Gas oder Gasgemisch geleitet, idealerweise ein Inertgas, enthaltend oder bestehend aus C0<sub>2</sub> oder N<sub>2</sub>. Der Vorformling kann auch alternativ oder kumulativ nach einer Evakuierung mit einem Inertgas gespült werden. </p><p id="p0010" num="0010">[0011] Vorzugsweise wird bei der Vakuumierung gemäß der Erfindung ein Druck von 50 bis 200 mbar erreicht. Dadurch werden alle Fremdgase aus dem Innenraum des Vorformlings entfernt, die einen schädlichen Einfluss auf das Füllmedium haben oder als Keimzelle für die Ausgasung einer kohlensäurehaltigen Flüssigkeit bei Druckabfall wirken könnten, wie z.B. Sauerstoff. Der im Vergleich zum ausgeformten Behälter relativ dickwandige Vorformling ist ausreichend stabil, um auch größerem Unterdruck standzuhalten. Das zu evakuierende Volumen ist vergleichsweise gering, weshalb das erfindungsgemäße Verfahren ökonomisch vorteilhaft ist. </p><p id="p0011" num="0011">[0012] Der Vorformling kann nach einer Evakuierung auch mit einem Sterilisationsmittel entlastet und/oder gespült werden, insbesondere mit Dampf und/oder einem Gas-Dampfgemisch. Der Dampf kann in diesem Fall ein Wasserdampf oder ein verdampftes chemisches Sterilisationsmittel sein, insbesondere H2O2. Als Sterilisationsmittel kann auch ein sterilisierendes Gas oder Gasgemisch zum Einsatz kommen, insbesondere Ozon oder ein Gemisch aus Ozon und einem inerten Gas. </p><p id="p0012" num="0012">[0013] Vorzugsweise kann die Mündung des Vorformlings durch einen Strahlungsemitter, insbesondere UV-Licht oder gepulstes UV-Licht, sterilisiert werden. 
<!-- EPO <DP n="6"/>-->
 [0014] Der Form- und Füllvorgang kann unmittelbar nach der Evakuierung oder nach Entlastung, Spülung und Sterilisation beginnen. Die Evakuierung und die Spülung können auch mehrfach wiederholt werden, um eine möglichst hohe Freiheit von Fremdgasen im Vorformling zu erreichen, die Verunreinigungen der Atmosphäre im Vorformling darstellen. </p><p id="p0013" num="0013">[0015] Der Form- und Füllvorgang geschieht dann in bekannter Weise, wobei der Vorformling erforderlichenfalls vor Beginn des Formvorgangs thermisch konditioniert wird. Hierfür übliche Temperaturen liegen zwischen 70°C und 120°C. Die thermische Konditionierung kann z. B. auch in üblicher Weise durch Durchlaufen einer Heizstrecke vor Einbringen des Vorformlings in die Form erfolgen. Vorzugsweise ist die Form dann entsprechend geheizt, um die thermische Konditionierung während der Vorbehandlung des Vorformlings durch Vakuumierung, Spülung und/oder Sterilisierung aufrecht zu erhalten. </p><p id="p0014" num="0014">[0016] Ein verfahrensgemäß vorbereiteter Vorformling kann im Rahmen der Formund Füllphase in einem Arbeitsgang mit einem flüssigen Füllmedium geformt und gefüllt werden. Eine erneute Verunreinigung kann durch das unmittelbare Aufeinanderfolgen der Verfahrenschritte ausgeschlossen werden. </p><p id="p0015" num="0015">[0017] Der Formkopf der erfindungsgemäßen Vorrichtung verfügt über geeignete Mittel zum Evakuieren des Innenraums des Vorformlings zur Herstellung eines Vakuums, oder ist mit solchen, wie z.B. mit einer Vakuumpumpe, funktional verbunden, z.B. über Leitungen. Der im Innenraum des Vorformlings erreichbare Druck sollte dabei vorzugsweise zwischen 50 und 200 mbar liegen. </p><p id="p0016" num="0016">[0018] In einer vorteilhaften Ausführung der Vorrichtung stehen mindestens eine Gruppe von Formköpfen gemeinsam mit einem gemeinsamen Unterdruckraum in Verbindung, der seinerseits mit Mitteln zum Evakuieren, wie z.B. einer Vakuumpumpe, in Verbindung steht. Insbesondere können alle Formköpfe mit einem einzigen Unterdruckraum leitungsmäßig verbunden sein. Der 
<!-- EPO <DP n="7"/>-->
 Unterdruckraum kann vorteilhaft als ein oder mehrere Ringkessel oder Ringrohre ausgebildet sein. </p><p id="p0017" num="0017">[0019] Die Vorrichtung kann über Mittel zum thermischen Konditionieren des Vorformlings verfügen. </p><p id="p0018" num="0018">[0020] Die Formkopf der erfindungsgemäßen Vorrichtung kann vorzugsweise weiter über Mittel zur Einleitung eines Sterilisationsmittels, wie z.B. von Dampf, eines Gas- Dampfgemisches, von Ozon und/oder von H<sub>2</sub>O<sub>2</sub> in den Innenraum des Vorformlings verfügen. Damit kann der Vorformling wirksam desinfiziert werden. Das nachfolgend abgefüllte Füllmedium verfügt so über eine lange Haltbarkeit. </p><p id="p0019" num="0019">[0021] Der Formkopf kann auch über Mittel zur Einleitung eines Inertgases, insbesondere enthaltend oder bestehtend aus CO<sub>2</sub> oder N<sub>2</sub>, in den Innenraum des Vorformlings verfügen. Damit kann der Vorformling wirksam inertisiert werden, was ebenfalls zur langen Haltbarkeit des abgefüllten Mediums beiträgt. </p><p id="p0020" num="0020">[0022] In einer bevorzugten Ausführungsform kann der Formkopf der erfindungsgemäßen Vorrichtung über Mittel zur Sterilisation der Mündung des Vorformlings durch einen Strahlungsemitter verfügen, insbesondere einen UV- Strahler oder Strahler für gepulstes UV-Licht. Der Vorformling kann so vor Beginn der Form- und Füllphase vollständig sterilisiert werden. Der fertige, gefüllte Behälter muss nicht erneut einem Sterilisationsprozess unterworfen werden. [0023] Die Erfindung wird im Folgenden anhand der beigefügten Figur an einem Ausführungsbeispiel näher erläutert: </p><p id="p0021" num="0021">[0024] Fig. 1 zeigt in schematischer Darstellung eine erfindungsgemäße Anlage zur Herstellung von mit einem flüssigen Füllgut gefüllten Behältern aus Vorformlingen 5. </p><p id="p0022" num="0022">[0025] Die in Fig. 1 dargestellte Anlage verfügt über wenigstens eine Form- und Füllstation 1 , die jeweils zumindest eine einen Formraum 3 bildende Form 2 aufweist. Die Form 2 wird durch einen Formkopf 4 nach oben abgeschlossen. 
<!-- EPO <DP n="8"/>-->
 [0026] Ein in der Figur gestrichelt dargestellter Vorformling 5 kann in die Form eingebracht werden und liegt mit seiner Öffnung 6 in Dichtlage gegen den Formkopf 4 an. </p><p id="p0023" num="0023">[0027] Der Formkopf 4 ist über eine Zuleitung mit einem ersten Speicher 20 für ein flüssiges Füllgut verbunden, in dem das Füllgut durch eine Hochdruckpumpe 21 unter hohem Druck steht und dem Vorformling 5 über ein Ventil 10 zugeführt werden kann. Das zugeführte Volumen kann dabei über einen magnetisch induktiven Durchflussmesser (MID) 22 gemessen werden. </p><p id="p0024" num="0024">[0028] Weiter ist der Formkopf 4 über eine Zuleitung mit einer Vakuumpumpe 30 verbunden, mit der im Vorformling 5 über ein Ventil 11 ein Vakuum von etwa 100 mbar generiert werden kann. </p><p id="p0025" num="0025">[0029] Der Formkopf 4 ist außerdem über eine Zuleitung mit einer Quelle zur Erzeugung von Dampf und/oder einem H<sub>2</sub>O<sub>2</sub>-Speicher 40 verbunden, so dass der Vorformling 5 über ein Ventil 12 mit Dampf, insbesondere mit Wasserdampf, und/oder verdampftem H<sub>2</sub>O<sub>2</sub> beaufschlagt werden kann. </p><p id="p0026" num="0026">[0030] Der Formkopf 4 ist zudem über eine Zuleitung mit einem CO<sub>2</sub>-Speicher 50 verbunden, so dass der Vorformling 5 über ein Ventil 13 mit CO<sub>2</sub> beaufschlagt werden kann. [0031] Die Herstellung eines mit einem flüssigen Füllgut gefüllten Behälters gemäß dem erfindungsgemäßen Verfahren erfolgt in der nachstehend beschriebenen Weise: Zunächst wird der Vorformling 5 in die geöffnete Form 2 eingebracht und der Formkopf 4 geschlossen, so dass die Öffnung 6 des Vorformlings 5 dichtend mit dem Formkopf 4 in Anlage gerät. </p><p id="p0027" num="0027">[0032] Im ersten Schritt wird Ventil 11 geöffnet, so dass das von der Vakuumpumpe 30 erzeugte Vakuum auf den Vorformling 5 einwirken kann. Der Vorformling 5 wird evakuiert. Der Vorformling 5 ist im Gegensatz zum ausgeformten Behälter sehr 
<!-- EPO <DP n="9"/>-->
 stabil, so dass er erheblichen Unterdruck aushält. Die Evakuierung stellt deshalb kein Problem dar. Angesichts des kleinen Volumens des Vorformlings 5 lässt sich die Evakuierung innerhalb eines sehr kleinen Zeitintervalls durchführen, was für die Prozesszeiten innerhalb einer Abfüllmaschine wichtig ist. </p><p id="p0028" num="0028">[0033] Im nächsten Schritt wird Ventil 11 geschlossen und Ventil 12 geöffnet. Dadurch kommuniziert der unter Unterdruck stehende Vorformling 5 mit dem Dampferzeuger und/oder H<sub>2</sub>O<sub>2</sub>-Speicher 40 und wird entlastet. Durch den Unterdruck werden Wasserdampf und/oder verdampftes H<sub>2</sub>O<sub>2</sub> in den Innenraum des Vorformlings 5 gesaugt und die mit dem Füllgut in Berührung kommenden Flächen des Vorformlings 5 werden sterilisiert. </p><p id="p0029" num="0029">[0034] Nach Abschluss dieser Phase wird Ventil 12 geschlossen und erneut Ventil 11 geöffnet, so dass erneut ein Vakuum im Innenraum des Vorformlings 5 erzeugt wird. </p><p id="p0030" num="0030">[0035] Nach Schließen des Vakuumventils 11 kann Ventil 13 geöffnet werden, wodurch der Innenraum des Vorformlings 5 erneut entlastet und mit CO<sub>2</sub> gespült wird. In Bezug auf die meisten Getränke ist CO<sub>2</sub> ein Inertgas und verursacht keine Verschlechterung des Getränks. </p><p id="p0031" num="0031">[0036] Nach Abschluss dieser Phase wird Ventil 13 wieder geschlossen und durch Öffnen des Ventils 10 wird der Form- und Füllprozess in Gang gesetzt. Unter dem im Behälter 20 herrschenden Form- und Fülldruck wird das im Vorformling 5 befindliche Inertgas verdrängt und der Vorformling in den Behälter umgeformt. Es versteht sich von selbst, dass der Vorformling in üblicher und bekannter Weise vor der Form- und Füllphase thermisch konditioniert wird. </p><p id="p0032" num="0032">[0037] Ganz allgemein kann die Streckung des Vorformlings 5 durch geeignete Mittel, die in der Figur nicht dargestellt sind, unterstützt und gesteuert werden. Es kann beispielsweise eine Reckstange, ein von unten am Boden des Vorformlings angreifendes Führungselement oder Unterdruck in der Form eingesetzt werden. Eine Kombination dieser Mittel ist ebenfalls möglich. Besonders vorteilhaft sind 
<!-- EPO <DP n="10"/>-->
 Verfahren, bei denen keine herkömmliche Reckstange im Inneren der Vorformlinge bzw. der Behälter zum Einsatz kommt, sondern der Vorformling bei der Umformung von außen, vorzugsweise am Boden angreifend, geführt wird. [0038] Nach Ausformung und Füllung des Behälters wird in geeigneter Weise ein Kopfraum gebildet, der Behälter entlastet und verschlossen. </p><p id="p0033" num="0033">[0039] Es versteht sich von selbst, dass die hier schematisch dargestellte Anlage über mehrere Form- und Füllstationen 1 verfügen kann, an denen simultan oder zeitlich geringfügig versetzt mehrere Behälter gleichzeitig geformt werden können. Ebenso versteht sich von selbst, dass das dargestellte Verfahren mehr als jeweils einen Zyklus aus Evakuierung und Desinfektion bzw. Evakuierung und Spülung mit Inertgas umfassen kann. 
<!-- EPO <DP n="11"/>-->
</p><p id="p0034" num="0034">Bezugszeichenliste </p><p id="p0035" num="0035">1 Form- und Füllstation </p><p id="p0036" num="0036"> 2 Form </p><p id="p0037" num="0037"> 3 Formraum </p><p id="p0038" num="0038"> 4 Formkopf </p><p id="p0039" num="0039"> 5 Vorformling </p><p id="p0040" num="0040"> 6 Öffnung des Vorformlings </p><p id="p0041" num="0041">10 Ventil für Füllgutzufuhr </p><p id="p0042" num="0042"> 11 Ventil für Vakuumpumpe </p><p id="p0043" num="0043"> 12 Ventil für Dampferzeuger / H<sub>2</sub>O<sub>2</sub>-Speicher</p><p id="p0044" num="0044">13 Ventil Inertgasspeicher </p><p id="p0045" num="0045">20 Speicher für Füllgut </p><p id="p0046" num="0046"> 21 Hochdruckpumpe </p><p id="p0047" num="0047"> 22 Magnetisch induktiver Durchflussmesser (MID) 30 Vakuumpumpe </p><p id="p0048" num="0048">40 H<sub>2</sub>O<sub>2</sub>-Speicher, Dampferzeuger </p><p id="p0049" num="0049">50 C0<sub>2</sub>-Speicher 
</p></description><claims mxw-id="PCLM70078728" ref-ucid="WO-2014127903-A1" lang="DE" load-source="patent-office"><claim-statement><!-- EPO <DP n="12"/>-->PATENTANSPRÜCHE </claim-statement><claim id="clm-0001" num="1"><claim-text>1. Verfahren zur Herstellung von mit einem flüssigen Füllgut (20) gefüllten Behältern aus Vorformlingen (5), insbesondere Kunststoffbehälter, wie PE-, PP-, PET-Flaschen, PET-KEG und dergleichen, wobei der Vorformling (5) während einer Form- und Füllphase in einer Form (2) hydraulisch oder hydro-dynamisch durch Druckeinwirkung des zugeführten Füllguts in den Behälter umgeformt wird, wobei der Vorformling (5) vor Beginn der Form- und Füllphase mindestens einmal evakuiert wird, dadurch gekennzeichnet, dass der Vorformling (5) nach einer Evakuierung mit einem Sterilisationsmittel (40), insbesondere mit Dampf und/oder Gas-Dampfgemisch, entlastet und/oder gespült wird. </claim-text></claim><claim id="clm-0002" num="2"><claim-text>2. Verfahren nach Anspruch 1 , dadurch gekennzeichnet, dass der Dampf ein Wasserdampf oder ein verdampftes chemisches Sterilisationsmittel ist, </claim-text><claim-text>insbesondere H<sub>2</sub>O<sub>2</sub>. </claim-text></claim><claim id="clm-0003" num="3"><claim-text>3. Verfahren nach Anspruch 1 , dadurch gekennzeichnet, dass das </claim-text><claim-text> Sterilisationsmittel ein sterilisierendes Gas oder Gasgemisch ist, insbesondere Ozon oder Ozon mit einem inerten Gas. </claim-text></claim><claim id="clm-0004" num="4"><claim-text>4. Verfahren nach Anspruch 1 bis 3, dadurch gekennzeichnet, dass nach der mindestens einen Evakuierung des Vorformlings zur Entlastung ein inertes Gas oder Gasgemisch in den Vorformling geleitet wird, idealerweise ein Inertgas (50), enthaltend oder bestehend aus CO<sub>2</sub> oder N<sub>2</sub>. </claim-text></claim><claim id="clm-0005" num="5"><claim-text>5. Verfahren nach einem der Ansprüche 1 bis 4, dadurch gekennzeichnet, dass der Vorformling nach einer Evakuierung mit dem Inertgas (50) gespült wird. </claim-text></claim><claim id="clm-0006" num="6"><claim-text>6. Verfahren nach einem der Ansprüche 1 bis 3, dadurch gekennzeichnet, dass der Vorformling (5) auf einen Druck von 50 bis 200 mbar evakuiert wird. </claim-text></claim><claim id="clm-0007" num="7"><claim-text>7. Verfahren nach einem der Ansprüche 1 bis 6, dadurch gekennzeichnet, dass die Mündung des Vorformlings (5) durch einen Strahlungsemitter, </claim-text><claim-text>insbesondere UV-Licht oder gepulstes UV-Licht, sterilisiert wird. 
<!-- EPO <DP n="13"/>-->
</claim-text></claim><claim id="clm-0008" num="8"><claim-text>8. Vorrichtung zur Herstellung von mit einem flüssigen Füllgut gefüllten </claim-text><claim-text>Behältern aus Vorformlingen (5) mit wenigstens einer Form- und Füllstation (1), die zumindest eine einen Formraum (3) bildende Form (2) sowie zumindest einen Formkopf (4) aufweist, über den zum Umformen des jeweiligen Vorformlings (5) in einen Behälter in den Innenraum des mit seiner Öffnung (6) in Dichtlage gegen den Formkopf (4) anliegenden Vorformling (5) ein flüssiges Druckmedium (20) eingebracht werden kann, wobei der Formkopf (4) über Mittel zum Evakuieren (11 , 30) des Innenraums des Vorformlings (5) verfügt oder mit solchen funktional verbunden ist, insbesondere über Leitungen, dadurch gekennzeichnet, dass der Formkopf (4) über Mittel (12, 40) zur Einleitung eines Sterilisationsmittels, insbesondere von Dampf, eines Gas-Dampfgemisches, von Ozon und/oder von H<sub>2</sub>O<sub>2</sub>, in den Innenraum des Vorformlings (5) verfügt, und wobei mindestens eine Gruppe von Formköpfen (4) gemeinsam mit einem gemeinsamen Unterdruckraum in Verbindung stehen, welcher seinerseits mit einem Mittel zum Evakuieren (11 ,30) in Verbindung steht, insbesondere, dass alle Formköpfe (4) mit einem einzigen Unterdruckraum leitungsmäßig verbunden sind. </claim-text></claim><claim id="clm-0009" num="9"><claim-text>9. Vorrichtung nach Anspruch 8, dadurch gekennzeichnet, dass der </claim-text><claim-text>Unterdruckraum als ein oder mehrere Ringkessel oder Ringrohre ausgebildet ist. </claim-text></claim><claim id="clm-0010" num="10"><claim-text>10. Vorrichtung nach einem der Ansprüche 8 oder 9, dadurch gekennzeichnet, dass die Vorrichtung über Mittel zum thermischen Konditionieren des </claim-text><claim-text>Vorformlings (5) verfügt. </claim-text></claim><claim id="clm-0011" num="11"><claim-text>11. Vorrichtung nach einem der Ansprüche 8 bis 10, dadurch gekennzeichnet, dass der Formkopf (4) über Mittel (13, 50) zur Einleitung eines Inertgases, insbesondere enthaltend oder bestehend aus CO<sub>2</sub> oder N<sub>2</sub>, in den Innenraum des Vorformlings (5) verfügt. </claim-text></claim><claim id="clm-0012" num="12"><claim-text>12. Vorrichtung nach einem der Ansprüche 8 bis 11 , dadurch gekennzeichnet, dass der Formkopf (4) über Mittel zur Sterilisation der Mündung des Vorformlings (5) durch einen Strahlungsemitter verfügt, insbesondere UV-Strahler oder Strahler für gepulstes UV-Licht. 
</claim-text></claim></claims><copyright>User acknowledges that Fairview Research LLC and its third party providers retain all right, title and interest in and to this xml under applicable copyright laws.  User acquires no ownership rights to this xml including but not limited to its format.  User hereby accepts the terms and conditions of the Licence Agreement</copyright></patent-document>
