<?xml version="1.0" encoding="UTF-8"?>
<patent-document ucid="EP-2677857-A1" country="EP" doc-number="2677857" kind="A1" date="20140101" family-id="44625222" file-reference-id="315064" date-produced="20180823" status="corrected" lang="DE"><bibliographic-data><publication-reference fvid="146552213" ucid="EP-2677857-A1"><document-id><country>EP</country><doc-number>2677857</doc-number><kind>A1</kind><date>20140101</date><lang>DE</lang></document-id></publication-reference><application-reference ucid="EP-11705547-A" is-representative="NO"><document-id mxw-id="PAPP154826136" load-source="docdb" format="epo"><country>EP</country><doc-number>11705547</doc-number><kind>A</kind><date>20110223</date><lang>DE</lang></document-id><document-id mxw-id="PAPP220439840" load-source="docdb" format="original"><country>EP</country><doc-number>11705547.5</doc-number><date>20110223</date></document-id></application-reference><priority-claims><priority-claim mxw-id="PPC140455043" ucid="EP-2011052699-W" linkage-type="A" load-source="docdb"><document-id format="epo"><country>EP</country><doc-number>2011052699</doc-number><kind>W</kind><date>20110223</date></document-id></priority-claim></priority-claims><technical-data><classifications-ipcr><classification-ipcr mxw-id="PCL2122916627" load-source="docdb">A01G  25/16        20060101AFI20140925BHEP        </classification-ipcr><classification-ipcr mxw-id="PCL2122920266" load-source="docdb">F16K  31/524       20060101ALI20140925BHEP        </classification-ipcr><classification-ipcr mxw-id="PCL2122925654" load-source="docdb">F16K  11/074       20060101ALI20140925BHEP        </classification-ipcr></classifications-ipcr><classifications-cpc><classification-cpc mxw-id="PCL1988122784" load-source="docdb" scheme="CPC">F16K  11/074       20130101 FI20130730BHEP        </classification-cpc><classification-cpc mxw-id="PCL1988128528" load-source="docdb" scheme="CPC">A01G  25/162       20130101 LI20130404BHEP        </classification-cpc><classification-cpc mxw-id="PCL1988128869" load-source="docdb" scheme="CPC">F16K  31/52483     20130101 LI20130730BHEP        </classification-cpc></classifications-cpc><invention-title mxw-id="PT132189123" lang="DE" load-source="patent-office">WASSERVERTEILER</invention-title><invention-title mxw-id="PT132189124" lang="EN" load-source="patent-office">WATER DISTRIBUTOR</invention-title><invention-title mxw-id="PT132189125" lang="FR" load-source="patent-office">RÉPARTITEUR D'EAU</invention-title><citations><non-patent-citations><nplcit><text>See references of WO 2012113452A1</text><sources><source mxw-id="PNPL67455515" load-source="docdb" name="SEA"/></sources></nplcit></non-patent-citations></citations></technical-data><parties><applicants><applicant mxw-id="PPAR918140257" load-source="docdb" sequence="1" format="epo"><addressbook><last-name>HUSQVARNA AB</last-name><address><country>SE</country></address></addressbook></applicant><applicant mxw-id="PPAR918136472" load-source="docdb" sequence="1" format="intermediate"><addressbook><last-name>HUSQVARNA AB</last-name></addressbook></applicant><applicant mxw-id="PPAR918982328" load-source="patent-office" sequence="1" format="original"><addressbook><last-name>Husqvarna AB</last-name><iid>101339632</iid><address><street>Drottninggatan 1</street><city>56182 Huskvarna</city><country>SE</country></address></addressbook></applicant></applicants><inventors><inventor mxw-id="PPAR918134386" load-source="docdb" sequence="1" format="epo"><addressbook><last-name>KAUPP RAINER</last-name><address><country>DE</country></address></addressbook></inventor><inventor mxw-id="PPAR918144205" load-source="docdb" sequence="1" format="intermediate"><addressbook><last-name>KAUPP, RAINER</last-name></addressbook></inventor><inventor mxw-id="PPAR918992502" load-source="patent-office" sequence="1" format="original"><addressbook><last-name>KAUPP, RAINER</last-name><address><street>Dolinenweg 37</street><city>89143 Blaubeuren</city><country>DE</country></address></addressbook></inventor></inventors><agents><agent mxw-id="PPAR918991009" load-source="patent-office" sequence="1" format="original"><addressbook><last-name>Finkele, Rolf</last-name><suffix>et al</suffix><iid>101088858</iid><address><street>Gardena Manufacturing GmbH Hans-Lorenser-Straße 40</street><city>89079 Ulm</city><country>DE</country></address></addressbook></agent></agents></parties><international-convention-data><pct-or-regional-filing-data ucid="EP-2011052699-W"><document-id><country>EP</country><doc-number>2011052699</doc-number><kind>W</kind><date>20110223</date><lang>DE</lang></document-id></pct-or-regional-filing-data><pct-or-regional-publishing-data ucid="WO-2012113452-A1"><document-id><country>WO</country><doc-number>2012113452</doc-number><kind>A1</kind><date>20120830</date><lang>DE</lang></document-id></pct-or-regional-publishing-data><designated-states><ep-contracting-states><country mxw-id="DS548845064" load-source="docdb">AL</country><country mxw-id="DS548956154" load-source="docdb">AT</country><country mxw-id="DS548953233" load-source="docdb">BE</country><country mxw-id="DS548945610" load-source="docdb">BG</country><country mxw-id="DS548949210" load-source="docdb">CH</country><country mxw-id="DS548953234" load-source="docdb">CY</country><country mxw-id="DS548873475" load-source="docdb">CZ</country><country mxw-id="DS548845065" load-source="docdb">DE</country><country mxw-id="DS548953235" load-source="docdb">DK</country><country mxw-id="DS548953236" load-source="docdb">EE</country><country mxw-id="DS548821266" load-source="docdb">ES</country><country mxw-id="DS548945611" load-source="docdb">FI</country><country mxw-id="DS548945612" load-source="docdb">FR</country><country mxw-id="DS548845070" load-source="docdb">GB</country><country mxw-id="DS548953237" load-source="docdb">GR</country><country mxw-id="DS548845071" load-source="docdb">HR</country><country mxw-id="DS548873476" load-source="docdb">HU</country><country mxw-id="DS548949211" load-source="docdb">IE</country><country mxw-id="DS548953238" load-source="docdb">IS</country><country mxw-id="DS548945613" load-source="docdb">IT</country><country mxw-id="DS548953239" load-source="docdb">LI</country><country mxw-id="DS548945614" load-source="docdb">LT</country><country mxw-id="DS548956155" load-source="docdb">LU</country><country mxw-id="DS548945615" load-source="docdb">LV</country><country mxw-id="DS548945616" load-source="docdb">MC</country><country mxw-id="DS548956156" load-source="docdb">MK</country><country mxw-id="DS548956157" load-source="docdb">MT</country><country mxw-id="DS548821267" load-source="docdb">NL</country><country mxw-id="DS548943001" load-source="docdb">NO</country><country mxw-id="DS548821268" load-source="docdb">PL</country><country mxw-id="DS548945617" load-source="docdb">PT</country><country mxw-id="DS548873477" load-source="docdb">RO</country><country mxw-id="DS548945618" load-source="docdb">RS</country><country mxw-id="DS548821269" load-source="docdb">SE</country><country mxw-id="DS548949212" load-source="docdb">SI</country><country mxw-id="DS548943006" load-source="docdb">SK</country><country mxw-id="DS548943007" load-source="docdb">SM</country><country mxw-id="DS548956162" load-source="docdb">TR</country></ep-contracting-states></designated-states></international-convention-data><office-specific-data><eptags><ep-no-a-document-published>*</ep-no-a-document-published></eptags></office-specific-data></bibliographic-data><abstract mxw-id="PA99626758" ref-ucid="WO-2012113452-A1" lang="DE" load-source="patent-office"><p num="0000">Für einen Wasserverteiler mit einem relativ zu einer ebenen Gehäusefläche fortschaltbaren Verteilerkörper, welcher mit einer Dichtungsanordnung an einer Gegenfläche des Gehäuses anliegt, wird vorgeschlagen, dass Verschiebemittel während eines Abschnitts eines Fortschaltschritts ein Verschieben des Verteilerkörpers von der Gegenfläche weg bewirken. Hierdurch wird einer Schwergängigkeit der Fortschaltung vorgebeugt und der Verschleiß im Bereich der Dichtungsanordnung und der Gegenfläche verringert.</p></abstract><abstract mxw-id="PA99825274" ref-ucid="WO-2012113452-A1" lang="DE" source="national office" load-source="docdb"><p>Für einen Wasserverteiler mit einem relativ zu einer ebenen Gehäusefläche fortschaltbaren Verteilerkörper, welcher mit einer Dichtungsanordnung an einer Gegenfläche des Gehäuses anliegt, wird vorgeschlagen, dass Verschiebemittel während eines Abschnitts eines Fortschaltschritts ein Verschieben des Verteilerkörpers von der Gegenfläche weg bewirken. Hierdurch wird einer Schwergängigkeit der Fortschaltung vorgebeugt und der Verschleiß im Bereich der Dichtungsanordnung und der Gegenfläche verringert.</p></abstract><abstract mxw-id="PA99626759" ref-ucid="WO-2012113452-A1" lang="EN" load-source="patent-office"><p num="0000">The invention relates to a distributor body that is capable of incrementally advancing relative to a flat housing surface, for a water distributor, a sealing arrangement of said distributor body resting on a mating surface of the housing. According to the invention, shifting means bring about a shift of the distributor body away from the mating surface during part of an incremental advancing step, thereby ensuring the ease of incremental advance and reducing wear in the region of the sealing arrangement and the mating surface.</p></abstract><abstract mxw-id="PA99825275" ref-ucid="WO-2012113452-A1" lang="EN" source="national office" load-source="docdb"><p>The invention relates to a distributor body that is capable of incrementally advancing relative to a flat housing surface, for a water distributor, a sealing arrangement of said distributor body resting on a mating surface of the housing. According to the invention, shifting means bring about a shift of the distributor body away from the mating surface during part of an incremental advancing step, thereby ensuring the ease of incremental advance and reducing wear in the region of the sealing arrangement and the mating surface.</p></abstract><abstract mxw-id="PA99626760" ref-ucid="WO-2012113452-A1" lang="FR" load-source="patent-office"><p num="0000">Répartiteur d'eau comportant un corps de répartition à commande séquentielle relativement à une surface plane de boîtier, ce corps de répartition, avec un ensemble d'étanchéité, étant contigu à une surface antagoniste du boîtier. Selon l'invention, des moyens de déplacement provoquent un mouvement d'éloignement du corps de répartition à partir de la surface antagoniste durant une partie d'un cran de commande séquentielle. Il est ainsi possible d'éviter un grippage de la commande séquentielle et de diminuer l'usure dans la zone de l'ensemble d'étanchéité et de la surface antagoniste.</p></abstract><abstract mxw-id="PA99825276" ref-ucid="WO-2012113452-A1" lang="FR" source="national office" load-source="docdb"><p>Répartiteur d'eau comportant un corps de répartition à commande séquentielle relativement à une surface plane de boîtier, ce corps de répartition, avec un ensemble d'étanchéité, étant contigu à une surface antagoniste du boîtier. Selon l'invention, des moyens de déplacement provoquent un mouvement d'éloignement du corps de répartition à partir de la surface antagoniste durant une partie d'un cran de commande séquentielle. Il est ainsi possible d'éviter un grippage de la commande séquentielle et de diminuer l'usure dans la zone de l'ensemble d'étanchéité et de la surface antagoniste.</p></abstract><description mxw-id="PDES50931683" ref-ucid="WO-2012113452-A1" lang="DE" load-source="patent-office"><!-- EPO <DP n="2"/>--><p id="p0001" num="0001"> Wasserverteiler </p><p id="p0002" num="0002">Die Erfindung betrifft einen Wasserverteiler. Zur zeitsteuerbaren Versorgung mehrerer Gartenbewässerungseinrichtungen, wie beispielsweise Viereck- oder Kreisregnern, Tropf- oder Wurzel- Bewässerungseinrichtungen oder dergleichen sind programmierbare Bewässerungscomputer in Verbindung mit Wasserverteilern bekannt. Der Wasserverteiler ist über einen Wasser-Eingangsanschluss mit dem Wasser- Ausgangsanschluss des Bewässerungscomputers verbunden und weist seinerseits mehrere Ausgänge mit jeweils einem Wasseranschluss auf. Ein Verteilerkörper ist im Gehäuse des Wasserverteilers drehbar gelagert und verbindet je nach Drehposition einen der Ausgänge wasserführend mit dem gemeinsamen Eingangsanschluss, wogegen die jeweils anderen Ausgänge gesperrt sind. Eine Fortschalteinrichtung schaltet auf ein hydraulisches Fortschaltsignal des Bewässerungscomputers den Verteilerkörper auf den nächsten Ausgang weiter. Das Fortschaltsignal des Bewässerungscomputers beinhaltet einen Druckwechsel am gemeinsamen Eingangsanschluss, insbesondere ein vorübergehendes Abschalten des Wasserzustroms durch den Bewässerungscomputer. Die Fortschalteinrichtung enthält in typischer Ausführung eine Spindel mit Wendelführung, einen in Richtung der Wendelachse in Abhängigkeit vom Wasserdruck entgegen einer Rückstellfeder verschiebbaren Kolben, welcher den Verteilerkörper bei der Drehung um die Spindelachse mitnimmt, und eine Freilaufeinrichtung. Die Wirkungsweise solcher bekannter Wasserverteiler ist allgemein bekannt. </p><p id="p0003" num="0003">Der Verteilerkörper kann beispielsweise einen scheibenförmigen Dichtteller mit zur Drehachse senkrechter Schiebeebene enthalten, welcher während eines Bewässerungsvorgangs durch den Wasserdruck im Verteiler axial in Richtung 
<!-- EPO <DP n="3"/>-->
 einer Gegenfläche des Gehäuses um die Wasserausgänge gedrückt ist und mittels einer Dichtungsanordnung zwischen Dichtteller und Gegenfläche bis auf einen aktuell zur Bewässerung angesteuerten Wasserausgang alle anderen Wasserausgänge absperrt. </p><p id="p0004" num="0004">Die Fortschaltung des Verteilerkörpers nach dem Abschalten der Wasserzufuhr erfolgt unter mit fortschreitender Verdrehung abnehmendem Wasserdruck. Reibung zwischen Dichtungsanordnung und von dieser überfahrener Dichtfläche, das Fahren der Dichtungsanordnung über Kanten der Dichtfläche und Schmutz zwischen Dichtteller und Gegenfläche des Gehäuses können zu Schwergängigkeit der Fortschaltbewegung und zu Verschleiß, beispielsweise auch in Form von Riefenbildung und Undichtigkeiten an der Dichtungsanordnung führen. Der vorliegenden Erfindung liegt die Aufgabe zugrunde, bei einem solchen Wasserverteiler die vorgenannten Nachteile zu vermindern. </p><p id="p0005" num="0005">Die Erfindung ist im Patentanspruch 1 beschrieben. Die abhängigen Ansprüche enthalten vorteilhafte Ausgestaltungen und Weiterbildungen der Erfindung. </p><p id="p0006" num="0006">Die Verschiebung des Verteilerkörpers axial von der Gegenfläche weg vermindert vorteilhafterweise während der Verdrehung des Verteilerkörpers um die Drehachse während der Fortschaltung die Reibung zwischen der Dichtungsanordnung und einer relativ zu dieser verdrehbaren Dichtfläche. Vorzugsweise werden während eines Teilabschnitts der Drehbewegung einer Fortschaltung die Dichtfläche und die relativ zu dieser verdrehten Dichtungsanordnung axial vollständig voneinander getrennt. 
<!-- EPO <DP n="4"/>-->
 Die die axiale Verschiebung des Verteilerkörpers relativ zu der Gegenfläche am Gehäuse bewirkenden Verschiebemittel können in erster Ausführung radial von dem von der Dichtungsanordnung überstrichenen Ring um die Drehachse getrennt liegen. </p><p id="p0007" num="0007">In vorteilhafter Ausführung können die Verschiebemittel innerhalb eines von der Dichtungsanordnung überstrichenen Bereichs liegen. Die Verschiebemittel sind dabei vorzugsweise bezüglich der Dichtungsanordnung, welche typischerweise aus weichem gummielastischem Material besteht, feststehend. Vorzugsweise sind die Verschiebemittel und die Dichtungsanordnung an dem relativ zum Gehäuse drehbaren Verteilerkörper angeordnet. Dabei können die Verschiebemittel insbesondere mit der Gegenfläche am Gehäuse für die axiale Relativverschiebung zusammenwirken. Die Verschiebemittel weisen vorteilhafterweise in Richtung der Relativbewegung der Fortschaltung schräge Flä- chen als Anlauframpen auf. </p><p id="p0008" num="0008">Durch die axiale Verschiebung des Verteilerkörpers wird die Reibung vermindert und bei vollständigem Abheben der Dichtungsanordnung von der Dichtfläche weitgehend aufgehoben. Bei vollständigem Abheben der Dichtungsanord- nung von der Dichtfläche tritt zudem ein Reinigungseffekt der Kontaktflächen von Dichtungsanordnung und Dichtfläche auf, wenn zwischen diesem aus dem Innenraum des Wasserverteilers Wasser mit bereits reduziertem Druck in die Ausgänge strömt, so dass Schmutz zwischen den Kontaktflächen weggespült und der Verschleiß vermindert wird. </p><p id="p0009" num="0009">Die Erfindung ist nachfolgend anhand bevorzugter Ausführungsbeispiele unter Bezugnahme auf die Abbildungen noch eingehend veranschaulicht. Dabei zeigt: 
<!-- EPO <DP n="5"/>-->
 Fig einen Schnitt durch einen Wasserverteiler </p><p id="p0010" num="0010">Fig 2 einen Verteilerkörper, Fig 3 ein mit dem Verteilerkörper zusammenwirkendes Gehäuseteil </p><p id="p0011" num="0011">Fig 4 das Zusammenfügen von Verteilerkörper und Gehäuseteil </p><p id="p0012" num="0012">Fig 5 angehobene Zwischenstellung des Verteilerkörpers. </p><p id="p0013" num="0013">Fig. 1 zeigt in Schrägansicht einen Wasserverteiler mit einem mittig aufgeschnittenen Gehäuse GE. Der Wasserverteiler ist ausgangsseitig mit vier einzeln ansteuerbaren Wasserausgängen versehen, von welchen in Fig. 1 die Wasserausgänge A1 , A2, A3 und A6 sichtbar sind. Ein für alle Wasserausgän- ge gemeinsamer Wassereingang des Wasserverteilers ist in Fig. 1 nicht mit dargestellt und kann beispielsweise an der dem Betrachter der Fig. 1 abgewandten Rückseite des Gehäuses angeordnet sein. In Strömungsrichtung zwischen dem nicht dargestellten Wassereingang und den mehreren Wasserausgängen liegt ein wasserführender Innenraum WR des Wasserverteilers. </p><p id="p0014" num="0014">Die Wasserausgänge sind als Kanäle in einem unteren Gehäuseteil GU ausgebildet. Das untere Gehäuseteil bildet um die Eingänge der Kanäle der Wasserausgänge eine Dichtfläche DF aus, welche im wesentlichen in einer senkrecht zu einer Drehachse DA liegt. Ein Verteilerkörper VK ist um die Drehachse DA in mehrere diskrete Betriebsstellungen verdrehbar. Die Zahl der diskreten Betriebsstellungen entspricht in der Regel der Zahl der Wasserausgänge. In jeder Betriebsstellung ist einer der mehreren Wasserausgänge wasserleitend mit dem wasserführenden Innenraum WR verbunden, wogegen die anderen Wasserausgänge durch den Verteilerkörper VK abgesperrt sind. 
<!-- EPO <DP n="6"/>-->
 Der Verteilerkörper weist zur selektiven Verbindung eines einzelnen Wasserausgangs mit dem wasserführenden Innenraum WR um gleiche Winkelinkre- mente um die Drehachse DA verteilt mehrere Segmente auf, von welchen ein Segment eine Aussparung AU bildet, welche in der jeweiligen Betriebsstellung über dem aktuell ausgewählten Wasserausgang liegt. Die anderen Segmente enthalten an der der Dichtfläche axial gegenüber stehenden Unterseite des Verteilerkörpers eine Dichtungsanordnung DS, welche insbesondere je Segment eine Ringdichtung aus einem vorzugsweise gummielastischen Material aufweisen kann. </p><p id="p0015" num="0015">In der in Fig. 1 dargestellten Drehposition des um die Drehachse DA drehbaren Verteilerkörpers liegt die Aussparung AU über dem Wasserausgang A3, so dass Wasser vom Wassereingang des Wasserverteilers durch den Innenraum WR zu dem Wasserausgang A3 und zu einem an diesen angeschlossenen Bewässerungsgerät fließen kann. Der Verteilerkörper VK ist mittels einer Fortschalteinrichtung nach Abschluss eines Bewässerungsvorgangs an einem ausgewählten Wasserausgang in einem Fortschaltschritt in durch einen Pfeil angedeuteter Fortschaltrichtung SR um die Drehachse DA verdrehbar, um in ei- ner anderen diskreten Betriebsstellung einen neuen Bewässerungsvorgang an einem anderen Wasserausgang durchzuführen. </p><p id="p0016" num="0016">Die Fortschalteinrichtung kann an sich nach dem bekannten Prinzip eines bei hohem Wasserdruck im Wasserinnenraum WR entgegen einer Rückstellfeder RF in Richtung der Drehachse DA von dem Verteilerkörper weg verschiebbaren Kolbens KO und einer mit diesem drehfest und axial verschiebbar fest gekoppelten Spindel mit einer Wendel WE sowie einer Freilaufeinrichtung FS erfolgen. Die Fortschaltung um die Drehachse DA erfolgt dabei bei Abfall des Wasserdrucks im Innenraum WR, was durch einen vorgeschalteten Bewässe- 
<!-- EPO <DP n="7"/>-->
 rungscomputer durch Absperren einer Wasserzuleitung außerhalb des Wasserverteilers eingeleitet wird. Bei Abfall des Drucks im Innenraum WR wird der Kolben KO unter der Einwirkung der Rückstellfeder RF in die in Fig. 1 dargestellte axiale Ausgangsposition zurück gedrückt und hierbei über die Wendel und die dann sperrende Freilaufeinrichtung in Fortschaltrichtung SR verdreht. Das Prinzip einer solchen hydraulischen Umschaltung des Verteilers auf einen neuen Ausgang ist in verschiedenen Varianten gebräuchlich und daher an dieser Stelle nicht weiter erläutert. Details der in Fig. 1 dargestellten Fortschalteinrichtung sind für den Gedanken der vorliegenden Erfindung nicht weiter von Bedeutung. </p><p id="p0017" num="0017">Fig. 2 zeigt eine vorteilhafte Ausführung eines Verteilerkörpers VK für einen solchen Wasserverteiler. Der Verteilerkörper VK weist einen scheibenförmigen Dichtteller DT auf, dessen Scheibenebene senkrecht zur Drehachse DA ver- läuft. Von dem Dichtteller DT in Richtung der Drehachse abstehend sind Koppelstrukturen KD vorgesehen, mittels welcher der Verteilerkörper drehfest, aber axial verschiebbar mit dem Kolben KO der Fortschalteinrichtung gekoppelt werden kann. Die Koppelstrukturen KD liegen in der Darstellung der Fig. 1 innerhalb des Kolbens KO. Die Koppelstrukturen KD bewirken durch Eingriff in komplementäre Gegenstrukturen im Kolben KO eine drehende Mitnahme des Verteilerkörpers VK bei einer Drehung des Kolbens KO um die Drehachse DA. Es kann auch eine Drehkupplung mit einem anderen Bauteil der Fortschalteinrichtung vorgesehen sein. An der der Koppelstruktur KD in axialer Richtung abgewandten Unterseite des Dichttellers DT ist eine Dichtungsanordnung mit fünf Ringdichtungen angeordnet, welche jeweils in gleichen Winkelsegmenten um die Drehachse DA angeordnet sind. In einem weiteren Winkelsegment ist eine Aussparung AU in dem Dichtteller DT ausgebildet, wie auch bereits zu Fig. 1 dargestellt und erläutert. 
<!-- EPO <DP n="8"/>-->
 Der Verteilerkörper mit Dichtteller DT und Koppelstrukturen KD ist vorteilhafterweise als Kunststoff-Sp tzgusskörper hergestellt. Vorzugsweise ist die typischerweise aus einem gummielastischen Dichtmaterial bestehende Dichtungs- anordnung in einem Zwei-Komponenten-Spritzgussverfahren einteilig mit dem härteren Kunststoff des Verteilerkörpers hergestellt. </p><p id="p0018" num="0018">An der Unterseite des Dichttellers DT sind axial vorspringende und axial über die Dichtungsanordnung DS hinaus ragende Verschiebenocken VN ausge- formt. Wenigstens zwei, vorzugsweise drei Verschiebenocken VN sind in Um- fangsrichtung gleichmäßig verteilt um die Drehachse DA angeordnet. Die Verschiebenocken VN liegen in der dargestellten bevorzugten Ausführungsform innerhalb von Ringdichtungen der Dichtungsanordnung. Fig. 3 zeigt in Ansicht von schräg oben ein Unterteil GU des Gehäuses eines Wasserverteilers mit Blick auf die Dichtfläche DF des Unterteils, welche die mehreren Wasserausgänge, von welchen A1 und A3 bis A6 sichtbar sind, umgibt. Der Wasserausgang A2 ist durch eine die Drehachse umgebende Säule SZ des Gehäuses verdeckt. </p><p id="p0019" num="0019">Die Wasserausgänge verlaufen im skizzierten Beispiel anfänglich von der Dichtfläche DF im wesentlichen parallel zur Drehachse DA nach unten und bilden Öffnungen in der Dichtfläche DF. Für den Wasserausgang A4 ist mit AK eine Kante einer solchen Öffnung bezeichnet, welche mit den zu Fig. 2 erläu- terten Verschiebenocken bei der Verdrehung des Verteilerkörpers relativ zu dem Gehäuseteil zusammen wirkt. </p><p id="p0020" num="0020">Fig. 4 zeigt eine Zwischenposition beim Aufsetzen des Verteilerkörpers VK auf das Unterteil GU des Gehäuses. Der Dichtteller umgibt die Säule SZ des Ge- 
<!-- EPO <DP n="9"/>-->
 häuseunterteils ringförmig und ist über diese relativ zur Drehachse DA zentriert. Eine Ausrichtung in eine diskrete Betriebsstellung mit über einem der Wasserausgänge liegender Aussparung AU des Dichttellers erfolgt bei weiterem Zusammenbau über den Eingriff der Koppelstrukturen KD in Gegenstruktu- ren des Kolbens. </p><p id="p0021" num="0021">Fig. 5 zeigt einen Ausschnitt aus einer zu Fig. 1 ähnlichen Ansicht eines aufgeschnittenen Verteilers von schräg unten, wobei sich in der Darstellung nach Fig. 5 der Dichtteller in einer Zwischenposition eines Fortschaltschrittes um die Drehachse zwischen zwei diskreten Betriebsstellungen befindet. Die Drehrichtung SR bei der Fortschaltung ist durch einen Pfeil am Verteilerkörper dargestellt. In dieser Zwischenposition ist der Verteilerkörper durch die Verschiebenocken VN axial von der Dichtfläche DF weg verschoben, wobei sich ein geringer Spalt SP zwischen der Dichtungsanordnung DS und der Dichtfläche ein- stellt. Die Verschiebenocken VN laufen auf der Dichtfläche zwischen zwei in Umfangsrichtung benachbarten Ausgängen. Durch das Abheben der Dichtungsanordnung DS von der Dichtfläche DF wird zum einen die Reibung der Dichtungsanordnung an der Dichtfläche während des Fortschaltschritts vermindert und über einen Teilabschnitt der Fortschaltbewegung ganz aufgeho- ben, zum anderen kann durch den Spalt SP zwischen Dichtungsanordnung und Dichtfläche des unteren Gehäuseteils Wasser durchtreten und Schmutzpartikel wegspülen. Eine Fortschaltung kann in einem Schritt über ein oder auch mehrere Winkelinkremente erfolgen. Wenn der Verteilerkörper eine der diskreten Betriebsstellungen einnimmt, weisen die Verschiebenocken VN bei dem skizzierten Beispiel in Ausgangsöffnungen der Wasserausgänge, in Fig. 1 beispielsweise in den Ausgang A6. Die Verschiebenocken weisen vorteilhafterweise in Fortschaltrichtung SR voreilend Schrägflächen SF auf, welche als Anlauframpen bei Beginn der Fortschaltbe- 
<!-- EPO <DP n="10"/>-->
 wegung sich an Kanten AK der Öffnungen der jeweiligen Ausgänge legen und bei weiterer Verschiebung den Verteilerkörper axial von dem Unterteil GU des Gehäuses weg verschieben. Die Verschiebung des Verteilerkörpers von dem Gehäuseunterteil weg kann allein entgegen der Gewichtskraft des Verteilerkör- pers erfolgen. In der in Fig. 5 dargestellten Zwischenstellung liegen die Verteilernocken auf der Dichtfläche zwischen benachbarten Wasserausgängen und gleiten auf dieser in Fortschaltrichtung SR. Die Auflagefläche zwischen Verteilernocken VN und Dichtfläche ist dabei gering und die aneinander gleitenden Kontaktflächen können reibungsarm ausgeführt sein. </p><p id="p0022" num="0022">Bei Erreichen des nächsten diskreten Betriebszustands in Fortschaltrichtung fällt der Dichtungsteller wieder mit der Dichtungsanordnung auf die Dichtfläche und bei einem nachfolgendem Bewässerungsvorgang wird der Dichtteller mit dem dann im Innenraum WR vorliegenden höheren Wasserdruck erhöhten Kraft gegen die Dichtfläche gedrückt und die nicht aktuellen Ausgänge dadurch effektiv abgedichtet. </p><p id="p0023" num="0023">Die vorstehend und die in den Ansprüchen angegebenen sowie die den Abbildungen entnehmbaren Merkmale sind sowohl einzeln als auch in verschiede- ner Kombination vorteilhaft realisierbar. Die Erfindung ist nicht auf die beschriebenen Ausführungsbeispiele beschränkt, sondern im Rahmen fachmännischen Könnens in mancherlei Weise abwandelbar. 
</p></description><claims mxw-id="PCLM44727643" ref-ucid="WO-2012113452-A1" lang="DE" load-source="patent-office"><claim-statement><!-- EPO <DP n="11"/>-->Patentansprüche: </claim-statement><claim id="clm-0001" num="1"><claim-text>1 . Wasserverteiler mit mehreren Ausgängen (A1 bis A6) und mit einem um eine Drehachse (DA) relativ zu einem Gehäuse (GE) drehbaren und mittels einer Fortschalteinrichtung schrittweise in diskreten Betriebswinkelstellungen auf jeweils einen der mehreren Ausgänge ausrichtbaren Verteilerkörper (VK, DT), welcher die jeweils aktuell nicht ausgewählten Ausgänge von einem wasserführenden Innenraum (WR) absperrt, wofür zwischen Verteilerkörper (VK, DT) und einer die Ausgänge begrenzend umgebenden Gehäu- sefläche (DF) als Gegenfläche eine Dichtungsanordnung (DS) vorgesehen ist, wobei der Verteilerkörper (VK, DT) der Gegenfläche im wesentlichen bezüglich der Drehachse (DA) axial gegenüberstehend angeordnet ist und in den diskreten Betriebsstellungen eine erste axiale Relativposition zu der Gegenfläche einnimmt und wobei Verschiebemittel vorgesehen sind, wel- che in Bewegungsabschnitten der Fortschaltung zwischen in Fortschaltrichtung aufeinander folgenden Betriebswinkelstellungen den Verteilerkörper in eine zweite axiale Relativposition mit gegenüber der ersten Relativposition größerem Abstand zu der Gegenfläche verschieben. </claim-text></claim><claim id="clm-0002" num="2"><claim-text>2. Wasserverteiler nach Anspruch 1 , dadurch gekennzeichnet, dass die Verschiebemittel (VN) radial von dem Bereich der Dichtungsanordnung (DS) getrennt liegen. </claim-text></claim><claim id="clm-0003" num="3"><claim-text>3. Wasserverteiler nach Anspruch 1 , dadurch gekennzeichnet, dass die Ver- schiebemittel (VN) radial im Bereich der Ausgänge liegen. </claim-text></claim><claim id="clm-0004" num="4"><claim-text>4. Wasserverteiler nach einem der Ansprüche 1 bis 3, dadurch gekennzeichnet, dass die Verschiebemittel (VN) axiale Vorsprünge an dem Verteilerkörper (DT) enthalten. <!-- EPO <DP n="12"/>--> </claim-text></claim><claim id="clm-0005" num="5"><claim-text>5. Wasserverteiler nach Anspruch 3 und 4, dadurch gekennzeichnet, dass die Vorsprünge (VN) in den diskreten Betriebsstellungen in die Ausgänge weisen. </claim-text></claim><claim id="clm-0006" num="6"><claim-text>6. Wasserverteiler nach Anspruch 5, dadurch gekennzeichnet, dass die Vorsprünge (VN, SF) bei der Fortschaltbewegung an Kanten (AK) von Öffnungen der Ausgänge anliegen und über diese hinweg gleiten. </claim-text></claim><claim id="clm-0007" num="7"><claim-text>7. Wasserverteiler nach einem der Ansprüche 1 bis 6, dadurch gekennzeichnet, dass die Dichtungsanordnung (DS) an dem Verteilerkörper (DT) angeordnet ist. </claim-text></claim><claim id="clm-0008" num="8"><claim-text>8. Wasserverteiler nach Anspruch 7, dadurch gekennzeichnet, dass die Dich- tungsanordnung (DS) und der Verteilerkörper (VK, DT) als ein einheitliches</claim-text><claim-text>Bauteil aus einem Zwei-Komponenten-Spritzgussverfahren vorliegen. </claim-text></claim><claim id="clm-0009" num="9"><claim-text>9. Wasserverteiler nach einem der Ansprüche 1 bis 8, dadurch gekennzeichnet, dass die Verschiebemittel (VN) ein vollständiges Abheben der Dich- tungsanordnung (DS) von der Gegenfläche (DF) bewirken. </claim-text></claim><claim id="clm-0010" num="10"><claim-text>10. Wasserverteiler nach einem der Ansprüche 1 bis 9, dadurch gekennzeichnet, dass die Verschiebemittel (VN) mehrere gleichmäßig in Umfangsrich- tung verteilt angeordnete Teilstrukturen enthalten. </claim-text></claim><claim id="clm-0011" num="11"><claim-text>1 1 .Wasserverteiler nach einem der Ansprüche 1 bis 10, dadurch gekennzeichnet, dass der Verteilerkörper einen scheibenförmigen Dichtteller enthält, welcher im wesentlichen in einer Ebene senkrecht zur Drehachse liegt. </claim-text></claim></claims><copyright>User acknowledges that Fairview Research LLC and its third party providers retain all right, title and interest in and to this xml under applicable copyright laws.  User acquires no ownership rights to this xml including but not limited to its format.  User hereby accepts the terms and conditions of the Licence Agreement</copyright></patent-document>
