<?xml version="1.0" encoding="UTF-8"?>
<patent-document ucid="EP-2677928-A1" country="EP" doc-number="2677928" kind="A1" date="20140101" family-id="45809666" file-reference-id="252638" date-produced="20180826" status="corrected" lang="EN"><bibliographic-data><publication-reference fvid="146551709" ucid="EP-2677928-A1"><document-id><country>EP</country><doc-number>2677928</doc-number><kind>A1</kind><date>20140101</date><lang>EN</lang></document-id></publication-reference><application-reference ucid="EP-12707444-A" is-representative="NO"><document-id mxw-id="PAPP154825632" load-source="docdb" format="epo"><country>EP</country><doc-number>12707444</doc-number><kind>A</kind><date>20120221</date><lang>EN</lang></document-id><document-id mxw-id="PAPP220439801" load-source="docdb" format="original"><country>EP</country><doc-number>12707444.1</doc-number><date>20120221</date></document-id></application-reference><priority-claims><priority-claim mxw-id="PPC140447192" ucid="US-201161445230-P" load-source="docdb"><document-id format="epo"><country>US</country><doc-number>201161445230</doc-number><kind>P</kind><date>20110222</date></document-id></priority-claim><priority-claim mxw-id="PPC140448569" ucid="US-201161566844-P" load-source="docdb"><document-id format="epo"><country>US</country><doc-number>201161566844</doc-number><kind>P</kind><date>20111205</date></document-id></priority-claim><priority-claim mxw-id="PPC140448982" ucid="US-201161569069-P" load-source="docdb"><document-id format="epo"><country>US</country><doc-number>201161569069</doc-number><kind>P</kind><date>20111209</date></document-id></priority-claim><priority-claim mxw-id="PPC140449971" ucid="US-2012025885-W" linkage-type="W" load-source="docdb"><document-id format="epo"><country>US</country><doc-number>2012025885</doc-number><kind>W</kind><date>20120221</date></document-id></priority-claim></priority-claims><technical-data><classifications-ipcr><classification-ipcr mxw-id="PCL1988096482" load-source="docdb">H01Q   9/28        20060101ALI20120913BHEP        </classification-ipcr><classification-ipcr mxw-id="PCL1988118122" load-source="docdb">H01Q   1/52        20060101ALI20120913BHEP        </classification-ipcr><classification-ipcr mxw-id="PCL1988129387" load-source="docdb">A61B   5/08        20060101AFI20120913BHEP        </classification-ipcr><classification-ipcr mxw-id="PCL1988130059" load-source="docdb">G01S   5/02        20100101ALI20120913BHEP        </classification-ipcr></classifications-ipcr><classifications-cpc><classification-cpc mxw-id="PCL1988097001" load-source="docdb" scheme="CPC">G01S  13/89        20130101 LI20130903BHEP        </classification-cpc><classification-cpc mxw-id="PCL1988110069" load-source="docdb" scheme="CPC">G01S  13/88        20130101 FI20130903BHEP        </classification-cpc><classification-cpc mxw-id="PCL1988111199" load-source="docdb" scheme="CPC">A61B   5/0507      20130101 LI20130524BHEP        </classification-cpc><classification-cpc mxw-id="PCL1988127921" load-source="docdb" scheme="CPC">A61B   5/08        20130101 LI20130101BHEP        </classification-cpc><classification-cpc mxw-id="PCL1988138800" load-source="docdb" scheme="CPC">A61B   5/4869      20130101 LA20130524BHEP        </classification-cpc></classifications-cpc><invention-title mxw-id="PT132187611" lang="DE" load-source="patent-office">FLACHANTENNENVORRICHTUNG UND STRUKTUR</invention-title><invention-title mxw-id="PT132187612" lang="EN" load-source="patent-office">PLANAR ANTENNA DEVICE AND STRUCTURE</invention-title><invention-title mxw-id="PT132187613" lang="FR" load-source="patent-office">DISPOSITIF D'ANTENNE PLAN ET STRUCTURE</invention-title><citations><non-patent-citations><nplcit><text>See references of WO 2012115937A1</text><sources><source mxw-id="PNPL67455445" load-source="docdb" name="SEA"/></sources></nplcit></non-patent-citations></citations></technical-data><parties><applicants><applicant mxw-id="PPAR918172421" load-source="docdb" sequence="1" format="epo"><addressbook><last-name>PNEUMOSONICS INC</last-name><address><country>US</country></address></addressbook></applicant><applicant mxw-id="PPAR918167256" load-source="docdb" sequence="1" format="intermediate"><addressbook><last-name>PneumoSonics, Inc.</last-name></addressbook></applicant><applicant mxw-id="PPAR918991732" load-source="patent-office" sequence="1" format="original"><addressbook><last-name>Pneumosonics, Inc.</last-name><iid>101235695</iid><address><street>1771 East 30th Street</street><city>Cleveland, OH 44114</city><country>US</country></address></addressbook></applicant></applicants><inventors><inventor mxw-id="PPAR918160420" load-source="docdb" sequence="1" format="epo"><addressbook><last-name>THEOBOLD DAVE</last-name><address><country>US</country></address></addressbook></inventor><inventor mxw-id="PPAR918167965" load-source="docdb" sequence="1" format="intermediate"><addressbook><last-name>THEOBOLD, Dave</last-name></addressbook></inventor><inventor mxw-id="PPAR918980457" load-source="patent-office" sequence="1" format="original"><addressbook><last-name>THEOBOLD, Dave</last-name><address><street>105 Mel Oak Drive</street><city>Chapel Hill, North Carolina 27516</city><country>US</country></address></addressbook></inventor><inventor mxw-id="PPAR918150556" load-source="docdb" sequence="2" format="epo"><addressbook><last-name>BLUM DAVID ARTHUR</last-name><address><country>US</country></address></addressbook></inventor><inventor mxw-id="PPAR918159550" load-source="docdb" sequence="2" format="intermediate"><addressbook><last-name>BLUM, DAVID ARTHUR</last-name></addressbook></inventor><inventor mxw-id="PPAR918993522" load-source="patent-office" sequence="2" format="original"><addressbook><last-name>BLUM, DAVID ARTHUR</last-name><address><street>386 Commercial Avenue Apt. 5E</street><city>Boston, Massachusetts 02109</city><country>US</country></address></addressbook></inventor><inventor mxw-id="PPAR918136638" load-source="docdb" sequence="3" format="epo"><addressbook><last-name>SCHULTE GREGORY T</last-name><address><country>US</country></address></addressbook></inventor><inventor mxw-id="PPAR918166367" load-source="docdb" sequence="3" format="intermediate"><addressbook><last-name>SCHULTE, GREGORY T.</last-name></addressbook></inventor><inventor mxw-id="PPAR918978567" load-source="patent-office" sequence="3" format="original"><addressbook><last-name>SCHULTE, GREGORY T.</last-name><address><street>525 North 3rd Street 309</street><city>Minneapolis, Minnesota 55401</city><country>US</country></address></addressbook></inventor><inventor mxw-id="PPAR918165874" load-source="docdb" sequence="4" format="epo"><addressbook><last-name>GRESZLER ALAN</last-name><address><country>US</country></address></addressbook></inventor><inventor mxw-id="PPAR918144832" load-source="docdb" sequence="4" format="intermediate"><addressbook><last-name>GRESZLER, ALAN</last-name></addressbook></inventor><inventor mxw-id="PPAR918979581" load-source="patent-office" sequence="4" format="original"><addressbook><last-name>GRESZLER, ALAN</last-name><address><street>460 Glen Park Drive</street><city>Bay Village, Ohio 44140</city><country>US</country></address></addressbook></inventor><inventor mxw-id="PPAR918169395" load-source="docdb" sequence="5" format="epo"><addressbook><last-name>OWENS VINCENT</last-name><address><country>US</country></address></addressbook></inventor><inventor mxw-id="PPAR918162928" load-source="docdb" sequence="5" format="intermediate"><addressbook><last-name>OWENS, Vincent</last-name></addressbook></inventor><inventor mxw-id="PPAR918989319" load-source="patent-office" sequence="5" format="original"><addressbook><last-name>OWENS, Vincent</last-name><address><street>11 Beach Lane</street><city>Hingham, Massachusetts 02043</city><country>US</country></address></addressbook></inventor></inventors><agents><agent mxw-id="PPAR918992407" load-source="patent-office" sequence="1" format="original"><addressbook><last-name>Vossius &amp; Partner</last-name><iid>100751388</iid><address><street>Siebertstrasse 4</street><city>81675 München</city><country>DE</country></address></addressbook></agent></agents></parties><international-convention-data><pct-or-regional-filing-data ucid="US-2012025885-W"><document-id><country>US</country><doc-number>2012025885</doc-number><kind>W</kind><date>20120221</date><lang>EN</lang></document-id></pct-or-regional-filing-data><pct-or-regional-publishing-data ucid="WO-2012115937-A1"><document-id><country>WO</country><doc-number>2012115937</doc-number><kind>A1</kind><date>20120830</date><lang>EN</lang></document-id></pct-or-regional-publishing-data><designated-states><ep-contracting-states><country mxw-id="DS548939483" load-source="docdb">AL</country><country mxw-id="DS548947523" load-source="docdb">AT</country><country mxw-id="DS548939484" load-source="docdb">BE</country><country mxw-id="DS548935654" load-source="docdb">BG</country><country mxw-id="DS548938096" load-source="docdb">CH</country><country mxw-id="DS548869375" load-source="docdb">CY</country><country mxw-id="DS548947524" load-source="docdb">CZ</country><country mxw-id="DS548939485" load-source="docdb">DE</country><country mxw-id="DS548869376" load-source="docdb">DK</country><country mxw-id="DS548869377" load-source="docdb">EE</country><country mxw-id="DS548818202" load-source="docdb">ES</country><country mxw-id="DS548935655" load-source="docdb">FI</country><country mxw-id="DS548935656" load-source="docdb">FR</country><country mxw-id="DS548939486" load-source="docdb">GB</country><country mxw-id="DS548869378" load-source="docdb">GR</country><country mxw-id="DS548939487" load-source="docdb">HR</country><country mxw-id="DS548947525" load-source="docdb">HU</country><country mxw-id="DS548938097" load-source="docdb">IE</country><country mxw-id="DS548869379" load-source="docdb">IS</country><country mxw-id="DS548935657" load-source="docdb">IT</country><country mxw-id="DS548869380" load-source="docdb">LI</country><country mxw-id="DS548841363" load-source="docdb">LT</country><country mxw-id="DS548923874" load-source="docdb">LU</country><country mxw-id="DS548841364" load-source="docdb">LV</country><country mxw-id="DS548841365" load-source="docdb">MC</country><country mxw-id="DS548923875" load-source="docdb">MK</country><country mxw-id="DS548923876" load-source="docdb">MT</country><country mxw-id="DS548818203" load-source="docdb">NL</country><country mxw-id="DS548935738" load-source="docdb">NO</country><country mxw-id="DS548923877" load-source="docdb">PL</country><country mxw-id="DS548938098" load-source="docdb">PT</country><country mxw-id="DS548818204" load-source="docdb">RO</country><country mxw-id="DS548938099" load-source="docdb">RS</country><country mxw-id="DS548923878" load-source="docdb">SE</country><country mxw-id="DS548939488" load-source="docdb">SI</country><country mxw-id="DS548935739" load-source="docdb">SK</country><country mxw-id="DS548923879" load-source="docdb">SM</country><country mxw-id="DS548869381" load-source="docdb">TR</country></ep-contracting-states></designated-states></international-convention-data><office-specific-data><eptags><ep-no-a-document-published>*</ep-no-a-document-published></eptags></office-specific-data></bibliographic-data><abstract mxw-id="PA99619146" ref-ucid="WO-2012115937-A1" lang="EN" load-source="patent-office"><p num="0000">The invention may provide an antenna device including a communication interface to couple the antenna device to an external device and a package housing with an adhesive surface. A planar antenna pattern may be fabricated on a substrate within the package housing, wherein the antenna pattern is configured to transmit an ultra-wideband signal and to receive a reflection of the transmitted signal.</p></abstract><abstract mxw-id="PA99818827" ref-ucid="WO-2012115937-A1" lang="EN" source="national office" load-source="docdb"><p>The invention may provide an antenna device including a communication interface to couple the antenna device to an external device and a package housing with an adhesive surface. A planar antenna pattern may be fabricated on a substrate within the package housing, wherein the antenna pattern is configured to transmit an ultra-wideband signal and to receive a reflection of the transmitted signal.</p></abstract><abstract mxw-id="PA99619147" ref-ucid="WO-2012115937-A1" lang="FR" load-source="patent-office"><p num="0000">Cette invention concerne un dispositif d'antenne comprenant une interface de communication pour coupler le dispositif d'antenne à un dispositif extérieur et un boîtier pourvu d'une surface adhésive. Un diagramme d'antenne plan peut être fabriqué sur un substrat à l'intérieur du boîtier, ledit diagramme d'antenne étant conçu pour émettre un signal ultralarge bande et recevoir une réflexion du signal émis.</p></abstract><abstract mxw-id="PA99818828" ref-ucid="WO-2012115937-A1" lang="FR" source="national office" load-source="docdb"><p>Cette invention concerne un dispositif d'antenne comprenant une interface de communication pour coupler le dispositif d'antenne à un dispositif extérieur et un boîtier pourvu d'une surface adhésive. Un diagramme d'antenne plan peut être fabriqué sur un substrat à l'intérieur du boîtier, ledit diagramme d'antenne étant conçu pour émettre un signal ultralarge bande et recevoir une réflexion du signal émis.</p></abstract><description mxw-id="PDES50930119" ref-ucid="WO-2012115937-A1" lang="EN" load-source="patent-office"><!-- EPO <DP n="2"/>--><p id="p0001" num="0001"> PLANAR ANTENNA DEVICE AND STRUCTURE </p><p id="p0002" num="0002">RELATED APPLICATIONS </p><p id="p0003" num="0003">[01] This application claims priority to provisional U.S. Patent Application Serial No. </p><p id="p0004" num="0004"> 61/445,230 filed on February 22, 2011, the content of which is incorporated herein in its entirety; this application claims priority to provisional U.S. Patent Application Serial No. 61/566,844 filed on December 5, 2011, the content of which is incorporated herein in its entirety; and this application claims priority to provisional U.S. Patent Application Serial No. 61/569,069 filed on December 9, 2011. </p><p id="p0005" num="0005">[02] This application also incorporates by reference the contents of U.S. Application No. </p><p id="p0006" num="0006"> 12/713,616, filed on February 26, 2010. </p><p id="p0007" num="0007">BACKGROUND </p><p id="p0008" num="0008"> [03] The present invention relates to antenna devices for monitoring medical conditions using micropower impulse radar (MIR) technology. </p><p id="p0009" num="0009">[04] Medical conditions often present themselves as a change in body composition. For example, a pneumothorax is a medical condition where a pocket of air is trapped in the pleural space around the lungs, making breathing difficult. In some cases, pneumothorax can lead to a collapse of a lung and possibly even death. It is most often caused by blunt trauma to the chest, such as the trauma experienced in some car accidents. </p><p id="p0010" num="0010">[05] A pneumothorax can also be caused by errors in medical procedures such as central line placement. Typically, after a central line placement, the patient receives a precautionary x-ray or ultrasound to detect for a possible pneumothorax. For example, the portable x-ray must be brought in and the patient relocated to acquire an image. Ultrasound imaging systems, although portable and bedside, require a coupling gel to interface the hand-held probe with the patients body. However, pneumothorax diagnosis by x-rays or ultrasounds is cumbersome. Also, a skilled professional (i.e., a doctor) must usually interpret the x-ray or ultrasound images for pneumothorax diagnosis. Moreover, x-rays or ultrasounds are not suitable for continuous monitoring of a pneumothorax during or after a medical procedure. 
<!-- EPO <DP n="3"/>-->
 [06] Thus, there is a need in the art for an easy to use non-invasive medical condition monitoring system. </p><p id="p0011" num="0011">BRIEF DESCRIPTION OF THE DRAWINGS </p><p id="p0012" num="0012"> [07] FIG. 1 is a simplified block diagram a medical condition monitoring system according to an embodiment of the present invention. </p><p id="p0013" num="0013">[08] FIGS. 2(a)-(c) illustrate an antenna device according to an embodiment of the present invention. </p><p id="p0014" num="0014">[09] FIGS. 3(a)-(b) illustrate an antenna device with a rigid substrate according to an embodiment of the present invention. </p><p id="p0015" num="0015">[10] FIGS. 4(a)-(b) illustrate an antenna device with a flexible substrate according to an embodiment of the present invention. </p><p id="p0016" num="0016">[11] FIG. 5 illustrates an antenna device configuration according to an embodiment of the present invention. </p><p id="p0017" num="0017">[12] FIGS. 6(a)-(b) illustrate exemplary reflectivity patterns according to an embodiment of the present invention. </p><p id="p0018" num="0018">[13] FIG. 7 is a simplified block diagram a medical condition monitoring system according to an embodiment of the present invention. </p><p id="p0019" num="0019">[14] FIG. 8 is a simplified block diagram an antenna device according to an embodiment of the present invention. </p><p id="p0020" num="0020">[15] FIG. 9 is a simplified block diagram an antenna device according to an embodiment of the present invention. </p><p id="p0021" num="0021">[16] FIG. 10 is a simplified block diagram a medical condition monitoring system according to an embodiment of the present invention. 
<!-- EPO <DP n="4"/>-->
 DETAILED DESCRIPTION </p><p id="p0022" num="0022">[17] Embodiments of the present invention may provide an antenna device including a communication interface to couple the antenna device to an external device and a package housing with an adhesive surface. A planar antenna pattern may be fabricated on a substrate within the package housing, wherein the antenna pattern is configured to transmit an ultra- wideband signal and to receive a reflection of the transmitted signal. </p><p id="p0023" num="0023">[18] The antenna device may be used in a non-invasive medical condition monitoring system in patients utilizing MIR technology. The medical condition can be a medical disorder, dysfunction or other abnormality. The patients can be humans or other mammalian subjects. An exemplary system includes a detector and the antenna device. The detector may perform a scan by generating one or more MIR pulses that are transmitted into the patient through the antenna device, which may be affixed to a specified location on the patient. Reflections or echoes of the pulses from various bodies within the patient (e.g., muscle, tissue, fluid) may be captured by the antenna device. Electrical signals generated by the antenna device or devices may be interpreted by a processor to detect the presence, location, extent, and volume of a medical disorder, dysfunction or other abnormality. </p><p id="p0024" num="0024">[19] According to embodiments of the present invention, the antenna device may be modular</p><p id="p0025" num="0025">(i.e., connectable to the detector device). After an initial reference scan, the antenna device may be disconnected readily from the detector device while remaining affixed to the patient's body. The antenna device may be reconnected later to the detector device for subsequent target scan(s). The antenna device may be manufactured with relatively inexpensive components. In medical work environments where maintaining sterile conditions is paramount, a low-cost disposable antenna device may be advantageous. Therefore, the antenna device may be provided as a "single use" disposable device. Single use may refer to a complete procedure use on a single subject including an initial reference scan and any subsequent target scan(s). </p><p id="p0026" num="0026">[20] The systems of the present invention may be used to detect or monitor various medical conditions including confirming whether medical treatment results in a therapeutic benefit. Exemplary monitoring and diagnostic uses of the systems of the present invention include detecting and monitoring pneumothoraces (including iatrogenic and traumatic 
<!-- EPO <DP n="5"/>-->
 pneumothoraces), hematomas, perforated bowels, fluid pooling in and around tissues such as pericardial effusion and pleural effusion, stomach content changes or distention, changes in bone growth, respiratory function during anesthesia delivery, tumor progression, hemorrhages or aneurysms, and onset of kidney or gallstones. </p><p id="p0027" num="0027">[21] The systems may also be incorporated with other systems and devices to provide integrated diagnostic or monitoring systems. Exemplary devices include implantable or insertable medical devices, including intravascular devices. A non-limiting example of an implantable device includes an electrical stimulation device and a non-limiting example of an intravascular device includes a catheter. The systems of the present invention may also be integrated with medical intervention monitoring systems. </p><p id="p0028" num="0028">[22] FIG. 1 is a simplified block diagram of a medical condition monitoring system 100 in which embodiments of the present invention may be provided. The system 100 may include a detector device 110, a connecting device 130, and an antenna device 120. The detector device 110 may be coupled to the antenna device 120 through a connecting device 130 via a connector 131. </p><p id="p0029" num="0029">[23] The detector device 110 may include an interface 112, a memory 114, a processor 116, and transceiver (Tx/Rx) circuitry 118. The interface 112 may couple the detector device 110 to a remote host system such as a laptop, notebook, tablet computer, desktop computer or the like. In an embodiment, the interface 112 may be a USB port. In another embodiment, the interface 112 may facilitate wireless communication with the host system such as by long range communication (e.g., cellular), short range communication (e.g., WIFI, Bluetooth) or a combination thereof. </p><p id="p0030" num="0030">[24] The memory 114 may be provided as a volatile memory, a non-volatile memory, or a combination thereof. The memory 114 may store program instructions for the processor 116, scan data generated by the system 100 and any pattern data (discussed below) as needed by the system 100. </p><p id="p0031" num="0031">[25] The processor 116 may be a microcontroller or a microprocessor. The processor 116 may execute the instructions stored in the memory 116 and may control the operations of the detector device 110. 
<!-- EPO <DP n="6"/>-->
 [26] The Tx/Rx circuitry 118 may generate MIR pulse(s) and send the pulse(s) to the antenna device 120 to be transmitted as electromagnetic waves into the patient's body. The Tx/Rx circuitry 118 may also receive corresponding reflections of the transmitted electromagnetic waves captured by the antenna device 120. The components and operations of the Tx/Rx circuitry 118 may be provided as described in US Patent Application 12/713,616 filed on February 26, 2010 (published as US 2010/0222663), which is incorporated herein in its entirety. </p><p id="p0032" num="0032">[27] The connecting device 130 may couple the detector device 110 to the antenna device</p><p id="p0033" num="0033">120 via the connector 131. In an embodiment, the connecting device 130 may be provided as a coaxial cable. In another embodiment, the connecting device 130 may be provided as a wireless communication network such as WIFI, Bluetooth or the like. </p><p id="p0034" num="0034">[28] Responsive to MIR pulse(s) generated by the detector device 110, the antenna device</p><p id="p0035" num="0035">120 may transmit electromagnetic waves corresponding to the MIR pulse(s). The antenna device 110 may also capture corresponding reflections of the transmitted electromagnetic waves from the patient's body. The antenna device 120 may be detachable from the detector device 110. The antenna device 120 may be provided as an ultra-wideband (UWB) planar antenna. Embodiments of the antenna device 120 are described below in further detail. </p><p id="p0036" num="0036">[29] FIGS. 2(a)-(c) illustrate an antenna device 200 according to an embodiment of the present invention. FIG. 2(a) is a perspective view showing an upper surface of the antenna device 200, FIG. 2(b) is a perspective view showing a lower surface of the antenna device 200, and FIG. 2(c) is a cutaway view of the antenna device 200. The antenna device 200 may include a housing 205, a connector 210, an adhesive surface 215, a circuit board 220 (a substrate), a spacer 225, an absorber 230, and a reflector 235. The antenna device 200 may also include other components described herein that are not shown in FIG. 2. </p><p id="p0037" num="0037">[30] The housing 205 may be a package housing that encapsulates the other components of the antenna device 200 to provide a protective cover as well as provide matching impedance for antenna radiation. In an embodiment, the housing 205 may be provided as a plastic cover. The housing 205 may include upper and lower housing portions in which components of the antenna device 200 may be enclosed. Alternatively, the housing 205 may provided as mold formed around the components of the antenna device 200. The housing 205 may include other 
<!-- EPO <DP n="7"/>-->
 packaging elements, cloth covers, adhesives, connectors, etc., to attach the antenna device 200 on a patient and to connect the antenna device to the detector device (FIG. 1). For example, the adhesive surface 215 may be provided on the lower surface of the housing 205. The adhesive surface 215 may provide a coupling surface that is attached to the patient. In an embodiment, the adhesive surface 215 may include a self adhesive electrode glue to mount the antenna device 200 to the patient's body. Utilizing the adhesive surface 215, the antenna device 200 may be left on the patient for a period of time when the detector device is detached from the antenna device 200 and then reattached at a later time. </p><p id="p0038" num="0038">[31] In an embodiment the antenna device 200 may include a shorting mechanism (not shown) to disable its function, such a fusible link or other similar device, to prevent unauthorized reuse. In an embodiment, the antenna device may include a read only memory (ROM) (not shown) that stores data describing the antenna. For example, the antenna memory may store data representing the antenna's manufacturer, model number and serial number, which may be read out by a detector device as necessary to perform diagnostic operations. </p><p id="p0039" num="0039">[32] The circuit board 220 may provide mechanical support for electrical components within the antenna device 200 (i.e., a substrate). Components may be mounted on the circuit board 260 (e.g., resistors) and/or may also be printed on the circuit board (e.g., antenna pattern) as desired. The circuit board 220 may include two major opposing surfaces. An antenna pattern may be fabricated on a first major surface of the circuit board 220 facing the adhesive surface 215. On the second major surface, which opposes the first major surface, of the circuit board 220, the spacer 225, the absorber 230, and the reflector 235 may be mounted. </p><p id="p0040" num="0040">[33] The spacer 225 may provide physical separation between the circuit board 260 and other components (e.g., absorber 230). The spacer 225 may provide impedance isolation between the antenna pattern on the other side of the circuit board 220 and other components. The absorber 230 may provide absorption of undesired radiation from one side of a bidirectional radiating antenna pattern. In an embodiment, the absorber 230 may comprise resistively loaded polymer, ferrite loaded polymer, multilayer resistive sheets, frequency selective surfaces, tuned cavity materials, and other like material. The reflector 235 may be provided as a conductive shield. The spacer 225, absorber 230, and/or the reflector 235 may contribute to reducing unwanted back-radiation from the antenna pattern as described below. 
<!-- EPO <DP n="8"/>-->
 [34] Antenna device embodiments of the present invention may be provided with a rigid circuit board or a flexible circuit board. FIG. 3(a) and 3(b) illustrate an antenna device 300 with a rigid circuit board according to an embodiment of the present invention. Figure 3(a) is a simplified circuit board diagram of the antenna device 300, and Figure 3(b) is a simplified cross- sectional diagram of the antenna device 300. </p><p id="p0041" num="0041">[35] The antenna device 300 may include a housing 305 with an adhesive surface 315 on one side, a connector 310, a circuit board 320, a spacer 325, an absorber 330, a reflector 335, an antenna pattern 340, resistors 345.1-345.4, a set of transmission lines 350, and a balun circuit 355. </p><p id="p0042" num="0042">[36] The housing 305 with the adhesive surface 315 on one side may be provided as described above in the FIG. 2 discussion of the antenna device 200 and its respective components. The description will not be repeated here. </p><p id="p0043" num="0043">[37] The connector 310 may provide a connection from the antenna device 300 to a coupled detector device (FIG. 1) as well as provide an impedance match between the two devices. The connector 310 may be coupled to the balun circuit 355 and to the terminating resistors 345.1- 345.4. In an embodiment, the connector 350 may be provided as three conducting pads with one pad connecting to the balun circuit 355 and two pads connecting to the terminating resistors 345.1-345.4. The connector 310 may provide mechanical support for connection to a variety of different cables, such as a SubMiniature version A (SMA), Small SubMiniature version B (SSMB), MicroMinature Coaxial (MMC) or the like. Specific mechanical configurations are not illustrated in FIG. 3. </p><p id="p0044" num="0044">[38] The circuit board 320 may be provided as a rigid circuit board such as a glass PCB, a</p><p id="p0045" num="0045">FR4 or the like. The circuit board 320 may have two major opposing surfaces. The spacer 325, the absorber 330, and the reflector 335 may be mounted on one major surface of the circuit board 320. The spacer 325, the absorber 330, and the reflector 335 may be provided as described above in the FIG. 2 discussion of the antenna device 200 in FIG. 2 and its respective components. The description will not be repeated here. </p><p id="p0046" num="0046">[39] The antenna pattern 340 may be fabricated on the opposing major surface of the circuit board 320 as the spacer 325, the absorber 330, and the reflector 335 (i.e., the surface facing 
<!-- EPO <DP n="9"/>-->
 the adhesive surface 315). The antenna pattern 340 may be provided as an ultra-wideband radiating element, and the antenna pattern 340 may be a bidirectional radiator. The antenna pattern 340 in FIG. 3(a) is shown as a bow tie format. In an embodiment, the antenna pattern 340 may be provided with a Sierpinski sieve pattern (not shown in FIG. 3(a)). The Sierpinski sieve pattern, for example, may advantageously reduce the size of the antenna device size 300 while maintaining the desired operating wavelength of the device and lowering the resonance frequency. The antenna pattern 340 may also be provided as another wideband radiator such as a meanderline, fractal path, spiral, or other suitable folded conductive format. The antenna pattern 340 may provide linear polarization; however, the antenna pattern 340 may also provide simultaneous or switched cross-polarization, or circularly polarization. </p><p id="p0047" num="0047">[40] The typical frequency range of operation may be 100 MHz through 2000 MHz, and resonance may typically occur near 500 MHz. The wide bandwidth may help to preserve the edge features of target reflections from dielectric discontinuities within the body. The wide bandwidth may be several times the resonance frequency of the antenna, and the width of the bowtie may be tuned to the desired resonance frequency. The bowtie width may be geometrically set based on the package housing 205's symmetry, topology and material. </p><p id="p0048" num="0048">[41] The terminating resistors 345.1-345.4 may be provided at the corners of the antenna pattern 340 and may minimize unwanted reflections from the antenna pattern 340. The transmission line 350 may conduct electromagnetic energy between and the antenna pattern 340 and other electrical components. The transmission line 350 may also balance impedance between the antenna pattern 340 and other electrical components. The balun circuit 355 may provide a balanced-to-unbalanced match as well as an impedance match between the antenna pattern 340 (via the transmission line 350) and the connector 310. The balun circuits 355 may be provided as a balun transformer. In FIG 3(a), the transmission line 350 may be provided as a tapered transmission ine as transformer to match the characteristic impedance of the bowtie element to the impedance of 1:1 balun circuit 355 (typically 50 ohms).The antenna device 300 may be relatively compact (e.g., less than 7 cm x 8 cm) with a low profile (e.g., approximately 1 cm). Therefore, the antenna device 300 may be adhered to and left on the patient's body such as his/her chest for an extended period of time with relatively minor inconvenience to the patient. In an embodiment, the detector device and the connecting device (e.g., cable) may be disconnected from the antenna device while the antenna device remains adhered to the patient. 
<!-- EPO <DP n="10"/>-->
 The detector device may then be reconnected to the antenna device for subsequent target scans. </p><p id="p0049" num="0049">[42] FIG. 4(a) and 4(b) illustrate an antenna device 400 with a flexible circuit board according to an embodiment of the present invention. Figure 4(a) is a simplified circuit board diagram of the antenna device 400, and Figure 4(b) is a simplified cross-sectional diagram of the antenna device 400. The flexible circuit board may be malleable to conform better to the patient's body for improved connection. </p><p id="p0050" num="0050">[43] The antenna device 400 may include a housing 405 with an adhesive surface 415 on one side, a connector 410, a circuit board 420, a spacer 425, an absorber 430, a reflector 435, an antenna pattern 440, resistors 445.1-445.4, a set of transmission lines 450, and a balun circuit 445. </p><p id="p0051" num="0051">[44] The housing 405 with the adhesive surface 415 on one side may be provided as described above in the FIG. 2 discussion of the antenna device 200 and its respective components. The description will not be repeated here. </p><p id="p0052" num="0052">[45] The connector 410 may provide a connection from the antenna device 400 to a coupled detector device (FIG. 1) as well as provide an impedance match between the two devices. The connector 410 may be coupled to the balun circuit 455 and to the terminating resistors 445.1- 445.4. In an embodiment, the connector 450 may be provided as three conducting pads with one pad connecting to the balun circuit 455 and two pads connecting to the terminating resistors 445.1-445.4. The connector 410 may provide mechanical support for connection to a variety of different cables, such as a SubMiniature version A (SMA), Small SubMiniature version B (SSMB), MicroMinature Coaxial (MMC) or the like. Specific mechanical configurations are not illustrated in FIG. 4. </p><p id="p0053" num="0053">[46] The circuit board 420 may be provided as a flexible circuit board. The circuit board 420 may have two major opposing surfaces. The spacer 425, the absorber 430, and the reflector 435 may be mounted on one major surface of the circuit board 320. The spacer 425, the absorber 430, and the reflector 435 may be provided as described above in the FIG. 2 discussion of the antenna device 200 and its respective components. The description will not be repeated here. 
<!-- EPO <DP n="11"/>-->
 [47] The antenna pattern 440 may be fabricated on the opposing major surface (i.e., the surface facing the adhesive surface 415) 420 as the spacer 425, the absorber 430, and the reflector 435. The antenna pattern 440 may be provided as an ultra-wideband radiating element, and the antenna pattern 440 may be a bidirectional radiator. The antenna pattern 440 in FIG. 4(a) is shown as a bow tie format with a Sierpinski sieve pattern. The Sierpinski sieve pattern, for example, may advantageously reduce the size of the antenna device size 400 while maintaining the desired operating wavelength of the device and lowering the resonance frequency. The antenna pattern 440 may also be provided as another wideband radiator such as a meanderline, fractal path, spiral, or other suitable folded conductive format. The antenna pattern 440 may provide linear polarization; however, the antenna pattern 440 may also provide simultaneous or switched cross-polarization, or circularly polarization. </p><p id="p0054" num="0054">[48] The typical frequency range of operation may be 100 MHz through 2000 MHz, and resonance may typically occur near 500 MHz. The wide bandwidth may help to preserve the edge features of target reflections from dielectric discontinuities within the body. The wide bandwidth may be several times the resonance frequency of the antenna, and the width of the bowtie may be tuned to the desired resonance frequency. The bowtie width may be geometrically set based on the package housing 205's symmetry, topology and material. For the Sierpinski sieve pattern, the resonance may be lowered by approximately 20%. </p><p id="p0055" num="0055">[49] The terminating resistors 445.1-445.4 may be provided at the corners of the antenna pattern 440 and may minimize unwanted reflections from the antenna pattern 440. The transmission line 450 may conduct electromagnetic energy between and the antenna pattern 440 and other electrical components. The transmission line 450 may also balance impedance between the antenna pattern 440 and other electrical components. The balun circuit 455 may provide a balanced-to-unbalanced match as well as an impedance match between the antenna pattern 440 (via the transmission line 450) and the connector 410. The balun circuits 455 may be provided as a balun transformer. In Fig. 4(a), the transmission line 450 may be provided as a parallel transmission line whose impedance is matched along its entire length to the characteristic impedance of the bowtie connects to the balun circuit 455 that matches 50 ohms via a winding ratio 1:4. </p><p id="p0056" num="0056">[50] The antenna device 400 may be relatively compact (e.g., less than 7 cm x 8 cm) with a low profile (e.g., approximately 1 cm). Therefore, the antenna device 400 may be adhered to 
<!-- EPO <DP n="12"/>-->
 and left on the patient's body such as his/her chest for an extended period of time with relatively minor inconvenience to the patient. In an embodiment, the detector device and the connecting device (e.g., cable) may be disconnected from the antenna device while the antenna device remains adhered to the patient. The detector device may then be reconnected to the antenna device for subsequent target scans. </p><p id="p0057" num="0057">[51] FIG. 5 illustrates an antenna device 500 component configuration that may block unwanted back radiation. The antenna device 500 may include a circuit board 520 with an antenna pattern 540, a spacer 525, an absorber 530, and a reflector 535. The circuit board 520 may be a rigid or flexible circuit board as described herein. The antenna pattern 540 may be fabricated on the circuit 520 and may be provided with any pattern described herein. The spacer 525, the absorber 530, and the reflector 535 may be mounted on the side of the circuit board 520 opposed to the antenna pattern 540. The spacer 525, the absorber 530, and the reflector 535 may be provided as described above in the FIG. 2 discussion of the antenna device 200 and its respective components. The description will not be repeated here. </p><p id="p0058" num="0058">[52] The antenna pattern 540, which may be fabricated on the circuit board 520, may generate radiation in the form electromagnetic waves in both directions perpendicular to the circuit board 520. The back radiation, which are the electromagnetic waves transmitted away from the patient when the device is mounted, may propagate through the spacer 525 and then the absorber 530, which may absorb a significant amount of the back radiation. Any residual back radiation may then be reflected back by the reflector 535 into the absorber 530, where the reflected residual back radiation may once again be absorbed. Thus, reflector 535 may force a two-way trip of the back radiation through the absorber 530 thereby significantly reducing the back radiation (i.e., unwanted radiation) and any associated damaging effects such as interference with other electronics (e.g., the detector device) or the generation of multiple reflection in the MIR received signal. </p><p id="p0059" num="0059">[53] In addition to providing a protective cover for the antenna device, the housing (e.g., housing 205, 305, 405 in FIGS. 2, 3, 4 respectively) may also improve antenna functionality. FIGS. 5(a) and 6(b) illustrate frequency distribution test reflectivity patterns of a bare antenna and an encapsulated antenna respectively. Water was used as the reflection medium since the human body is mostly composed of water and other fluids. As seen in the figures, the encapsulated antenna may provide resonance null improvement in the antenna's reflectivity 
<!-- EPO <DP n="13"/>-->
 pattern. The plastic may provide a better match to water than a bare circuit board resulting in the null improvement. It is expected that the impedance of the antenna and that of the water medium (i.e., a human body) may differ significantly, and the encapsulant may provide an intermediate dielectric medium to provide more efficient power transfer from the antenna to the water medium. Hence, the encapsulant may function as an impedance transformer between two different dielectric constant components. </p><p id="p0060" num="0060">[54] In an embodiment, a battery may be provided in the antenna device. For example, the battery may provide power for the antenna device and additionally to the coupled detector device. FIG. 7 illustrates a medical condition monitoring system 700 with an antenna power battery according to an embodiment of the present invention. The system 700 may include a detector device 710, an antenna device 720, and a connector 730. The detector device 710 may be coupled to the antenna device 720 via the connector 730. </p><p id="p0061" num="0061">[55] The antenna device 720 may include a battery 722, a low pass filter (LPF) 724, a filtering capacitor 726, and an antenna block 728. The antenna block 728 may include an antenna pattern and associated RF circuitry as described herein. The incoming and outgoing RF signal from the antenna block 728 may be high pass filtered through filtering capacitor 726. In an embodiment, the battery 722 may be soldered on the antenna circuit board of the antenna block 728. Additional surface mount technology (SMT) components may also be provided on the antenna circuit board to support the battery 722. </p><p id="p0062" num="0062">[56] DC power from the battery 722 may be multiplexed via LPF 724 onto the connector 730. </p><p id="p0063" num="0063"> The connector 730 may be provided as described herein, for example a coaxial connector. The multiplexed DC power may be de-multiplexed in the detector device 710 by the LPF 712. The filtered DC power from the LPF 712 may then supply power to the detector circuitry. RF signals also from the connector 720 may be received by the detector device 720 and may be high pass filtered through filtering capacitor 714 for processing by the detector circuitry. </p><p id="p0064" num="0064">[57] In this embodiment, the detector device's 710 operations (turn on/off) may be in accordance with its connection state to the antenna device 720 because the detector device 720 may not include a separate power supply. Thus, in a connected state, the detector device 710 may power up when it receives DC power from the battery 722 in the antenna device 720. Otherwise, in a disconnected state, the detector device 720 may remain powered down. 
<!-- EPO <DP n="14"/>-->
 [58] In an embodiment, a medical condition monitoring system may include position and/or motion detection, which may be used to guide the placement of an antenna device of the system on the patient's body. The position/motion detection may be provided separately or may be integrated into the medical condition monitoring system. For example, the position/motion detection may be integrated into the antenna device. </p><p id="p0065" num="0065">[59] FIG. 8 illustrates a simplified block diagram of an antenna device 800 with integrated position/motion sensing according to an embodiment of the present invention. The antenna device 800 may include a position/motion sensor 810, a LPF 816, an antenna block 820, a filtering capacitor 822, and a connector 830. The antenna block 820 may include an antenna pattern and associated F circuitry as described herein. The incoming and outgoing RF signal from the antenna block 820 may be high pass filtered through filtering capacitor 822. </p><p id="p0066" num="0066">[60] The position/motion sensor 810, in an embodiment, may include an accelerometer 812 and a gyroscope 814. For example, the position/motion sensor 810 may be provided as a six- axis (gyro yaw/pitch/roll plus accelerometer X/Y/Z) sensor. In an embodiment, the position/motion sensor 810 may be provided as a MEMS motion sensor including a package processing unit, for example the MPU-6000 by InvenSenseTM. The position/motion sensor 810 may be coupled to the connector 830 thru the LPF 816 to isolate the RF signals to and from the antenna block 820. </p><p id="p0067" num="0067">[61] The position/motion sensor 810 may improve the precision and accuracy of the antenna device 800 placement on the patient. For example, the antenna device 800 may be moved to a desired detection point on the patient based on position/motion data from the position/motion sensor 810. The position/motion data may be processed by the coupled detector device and may provide moving instructions. The instructions may be provided in form of a reconstructed 3-D map based on the position/motion data. </p><p id="p0068" num="0068">[62] FIG. 9 illustrates a simplified block diagram of an antenna device 900 with an integrated wireless communication connector according to an embodiment of the present invention. The antenna device 900 may include a wireless communication connector 910, a clock 914, a battery 916, an antenna block 920, and a filtering capacitor 922. The antenna block 920 may include an antenna pattern and associated RF circuitry as described herein. The incoming and 
<!-- EPO <DP n="15"/>-->
 outgoing RF signal from the antenna block 920 may be high pass filtered through filtering capacitor 922. </p><p id="p0069" num="0069">[63] The wireless communication connector 910 may include transmitting and receiving circuitry to implement wireless communication such as WIFI, Bluetooth, or the like. In an embodiment, the wireless communication connector 910 may include a memory 910.1, a processor 116, and Tx/Rx circuitry 118. The memory 910.1 may be provided as a volatile memory, a non-volatile memory, or a combination thereof. The processor 910.2 may be a microcontroller or a microprocessor. The Tx/Rx circuitry 910.3 may include a transceiver and digitizer to digitize the reflection data and a corresponding wireless communication modulator. Furthermore, the memory 910.1 may buffer data for transmission and store the received instructions from the wirelessly connected detector device. </p><p id="p0070" num="0070">[64] The clock 914 may provide timing signals for various components in the antenna device</p><p id="p0071" num="0071">900, and the battery 916 may provide power to various components in the antenna device 900. </p><p id="p0072" num="0072">[65] In an embodiment, multiple antenna device readings from multiple positions on the patient may improve a medical condition monitoring or imaging system. The multiple readings may provide information to reconstruct an image (e.g., 1-D depth, 2-D location, 3-D volumetric image) of the monitored medical condition such as a pneumothorax. A single antenna device may be used to perform multiple readings, which may require implicit information describing the locations at which each reading is taken. </p><p id="p0073" num="0073">[66] Alternatively, an antenna array may be used to perform multiple readings. In an embodiment, an antenna array may increase the effective depth (or gain) relative to that of a single antenna. In another embodiment, an antenna array may increase the effective coverage area and concomitant location resolution relative to that of a single antenna. </p><p id="p0074" num="0074">[67] FIG. 10 illustrates a medical condition monitoring system 1000 with an antenna array according to an embodiment of the present invention. The system 1000 may include a detector device 1010 and an antenna array 1020. The detector device 1010 may include a multiplexer 1012, an array switch control 1014, and other operating circuitry described herein. The antenna array 1020 may include a plurality of antenna modules 1022 each including an antenna block 1024. The antenna block 1024 may include an antenna pattern and associated RF 
<!-- EPO <DP n="16"/>-->
 circuitry as described herein. The antenna modules 1022 may be coupled to the detector device with a connector 1030. </p><p id="p0075" num="0075">[68] The detector device 1010 may be coupled to the individual antenna modules 1022 via respective switches 1026. For example, switches 1026 may be provided as switched transmission lines, and the switches may be controlled by the array switch control 1014. The transmission lines may be defined in such a manner that equivalent time delays are experienced as the transmitted and received pulses traverse the total transmission length. Alternatively, the transmission lines may be of arbitrary length, and a calibration procedure may be performed to adjust for differing transmission times between antenna modules. Thus, data acquisition delays may be compensated for each scan performed using different antenna modules of the arrays. </p><p id="p0076" num="0076">[69] In an embodiment, the antenna modules 1022 may be connect to the detector device</p><p id="p0077" num="0077">1010 sequentially (i.e., one at a time), with each antenna module 1022 being used in one or more scans when connected. Each antenna module 1022 may be used as both the transmitting and receiving antenna element (mono-static MIR) or pairs of antenna modules 1022 may be used with one as the transmitting antenna and the other as the receiving antenna (bi-static MIR), depending upon the configuration of the array switch control 1014. The readings from the antenna modules (or from a single antenna) may be taken at predefined intervals where the intervals correspond in terms of distance gridded across a region of interest. The region of interest may be defined in a form of convenient topology, such as a hexagonal or Cartesian grid. Each individual reading may include information relating to characteristics of the monitored medical condition. For example, time and amplitude information of the readings may correspond to location and size of a monitored pneumothorax. Appropriate mathematical inversion techniques may be employed to reconstruct a graphical image (e.g., 2D or 3D) of the medical condition's shape, location, and volume. </p><p id="p0078" num="0078">[70] Those skilled in the art may appreciate from the foregoing description that the present invention may be implemented in a variety of forms, and that the various embodiments may be implemented alone or in combination. Therefore, while the embodiments of the present invention have been described in connection with particular examples thereof, the true scope of the embodiments and/or methods of the present invention should not be so limited since other modifications will become apparent to the skilled practitioner upon a study of the drawings, specification, and following claims. 
</p></description><claims mxw-id="PCLM44726039" ref-ucid="WO-2012115937-A1" lang="EN" load-source="patent-office"><claim-statement><!-- EPO <DP n="17"/>--> WE CLAIM: </claim-statement><claim id="clm-0001" num="1"><claim-text>1. An antenna device, comprising: </claim-text><claim-text> a communication interface to couple the antenna device to an external device; a package housing with an adhesive surface; and </claim-text><claim-text> a planar antenna pattern fabricated on a substrate within the package housing, wherein the antenna pattern is configured to transmit an ultra-wideband signal and to receive a reflection of the transmitted signal. </claim-text></claim><claim id="clm-0002" num="2"><claim-text>2. The antenna device of claim 1, wherein the substrate is rigid. </claim-text></claim><claim id="clm-0003" num="3"><claim-text>3. The antenna device of claim 1, wherein the substrate is flexible. </claim-text></claim><claim id="clm-0004" num="4"><claim-text>4. The antenna device of claim 1, wherein the antenna pattern is a folded conductive pattern. </claim-text></claim><claim id="clm-0005" num="5"><claim-text>5. The antenna device of claim 4, wherein the antenna pattern includes a Sierpinski sieve pattern. </claim-text></claim><claim id="clm-0006" num="6"><claim-text>6. The antenna device of claim 1 further comprises resistors mounted at the corners of the antenna pattern. </claim-text></claim><claim id="clm-0007" num="7"><claim-text>7. The antenna device of claim 1 further comprises a balun transformer mounted on the circuit board. </claim-text></claim><claim id="clm-0008" num="8"><claim-text>8. The antenna device of claim 1, wherein the communication interface is a mechanical connector. </claim-text></claim><claim id="clm-0009" num="9"><claim-text>9. The antenna device of claim 1, wherein the communication interface is a wireless communicator. </claim-text></claim><claim id="clm-0010" num="10"><claim-text>10. The antenna device of claim 1 further comprises a radiation blocking component on the substrate and an opposing side of the antenna pattern. </claim-text></claim><claim id="clm-0011" num="11"><claim-text>11. The antenna device of claim 10, wherein the radiation blocking component includes an absorber and a reflector. <!-- EPO <DP n="18"/>--> </claim-text></claim><claim id="clm-0012" num="12"><claim-text>12. The antenna device of claim 1, wherein the package housing provides a closer impedance match to a transmission medium than air. </claim-text></claim><claim id="clm-0013" num="13"><claim-text>13. The antenna device of claim 1 further comprises a power source located within the housing. </claim-text></claim><claim id="clm-0014" num="14"><claim-text>14. The antenna device of claim 1 further comprises a motion sensor. </claim-text></claim><claim id="clm-0015" num="15"><claim-text>15. The antenna device of claim 14, wherein the motion sensor includes an accelerometer and a gyroscope. </claim-text></claim><claim id="clm-0016" num="16"><claim-text>16. A method of operating an antenna device, comprising: </claim-text><claim-text> receiving an input signal corresponding to a microwave impulse radar pulse from an external device; </claim-text><claim-text> generating an ultra-wideband radiation signal based on the input signal via a planar antenna provided within a housing, wherein the radiation signal traverses through a transmission medium; </claim-text><claim-text> capturing a reflection of the radiation signal from an object in the transmission medium via the planar antenna; and </claim-text><claim-text> transmitting the reflection to the external device. </claim-text></claim><claim id="clm-0017" num="17"><claim-text>17. The method of claim 16 further comprises blocking the radiation signal in a direction opposite the transmission medium. </claim-text></claim><claim id="clm-0018" num="18"><claim-text>18. The method of claim 16, wherein the antenna device is powered internally. </claim-text></claim><claim id="clm-0019" num="19"><claim-text>19. The method of claim 16 further comprises sensing a position of the antenna device. </claim-text></claim><claim id="clm-0020" num="20"><claim-text>20. An antenna device, comprising: </claim-text><claim-text> a housing with an adhesive surface; and </claim-text><claim-text> an antenna array provided in the housing, each antenna element in the antenna array including a planar antenna pattern for transmitting and receiving ultra-wideband signals. </claim-text></claim><claim id="clm-0021" num="21"><claim-text>21. The antenna device of claim 20, further comprises a plurality of switches to control the operations of the antenna elements. <!-- EPO <DP n="19"/>--> </claim-text></claim><claim id="clm-0022" num="22"><claim-text>22. The antenna device of claim 21, wherein the plurality of switches operate the antenna elements in a mono-static mode. </claim-text></claim><claim id="clm-0023" num="23"><claim-text>23. The antenna device of claim 21, wherein the plurality of switches operate the antenna elements in a bi-static mode. </claim-text></claim><claim id="clm-0024" num="24"><claim-text>24. An antenna device, comprising: </claim-text><claim-text> a mechanical connector to readily connect and disconnect the antenna device from an external detector; </claim-text><claim-text> a plastic package housing with an adhesive surface to affix the antenna device on a subject; </claim-text><claim-text> a substrate within the plastic package housing, the substrate having two major opposing surfaces; </claim-text><claim-text> a planar antenna pattern printed on a first major surface of the substrate, the antenna pattern configured to transmit a bi-directional, ultra-wideband signal into the subject in response to a received microwave impulse radar pulse signal from the external detector and to receive corresponding reflections of the transmitted signal from various bodies within the subject, wherein the antenna pattern is a folded conductive pattern; and </claim-text><claim-text> a radiation blocking system mounted on a second major surface of the substrate. </claim-text></claim><claim id="clm-0025" num="25"><claim-text>25. The antenna device of claim 24, wherein the substrate is a rigid circuit board. </claim-text></claim><claim id="clm-0026" num="26"><claim-text>26. The antenna device of claim 24, wherein the substrate is a flexible circuit board. </claim-text></claim><claim id="clm-0027" num="27"><claim-text>27. The antenna device of claim 24, wherein the antenna pattern includes a Sierpinski sieve pattern. </claim-text></claim></claims><copyright>User acknowledges that Fairview Research LLC and its third party providers retain all right, title and interest in and to this xml under applicable copyright laws.  User acquires no ownership rights to this xml including but not limited to its format.  User hereby accepts the terms and conditions of the Licence Agreement</copyright></patent-document>
