<?xml version="1.0" encoding="UTF-8"?>
<patent-document ucid="EP-2678279-A1" country="EP" doc-number="2678279" kind="A1" date="20140101" family-id="46025872" file-reference-id="307894" date-produced="20180826" status="corrected" lang="EN"><bibliographic-data><publication-reference fvid="146551216" ucid="EP-2678279-A1"><document-id><country>EP</country><doc-number>2678279</doc-number><kind>A1</kind><date>20140101</date><lang>EN</lang></document-id></publication-reference><application-reference ucid="EP-12718441-A" is-representative="NO"><document-id mxw-id="PAPP154825139" load-source="docdb" format="epo"><country>EP</country><doc-number>12718441</doc-number><kind>A</kind><date>20120224</date><lang>EN</lang></document-id><document-id mxw-id="PAPP187510460" load-source="docdb" format="original"><country>EP</country><doc-number>12718441.4</doc-number><date>20120224</date><lang>EN</lang></document-id></application-reference><priority-claims><priority-claim mxw-id="PPC140450348" ucid="US-201113034154-A" load-source="docdb"><document-id format="epo"><country>US</country><doc-number>201113034154</doc-number><kind>A</kind><date>20110224</date></document-id></priority-claim><priority-claim mxw-id="PPC140447374" ucid="US-2012026569-W" linkage-type="W" load-source="docdb"><document-id format="epo"><country>US</country><doc-number>2012026569</doc-number><kind>W</kind><date>20120224</date></document-id></priority-claim></priority-claims><technical-data><classifications-ipcr><classification-ipcr mxw-id="PCL1988101330" load-source="docdb">C03C   1/02        20060101ALI20120913BHEP        </classification-ipcr><classification-ipcr mxw-id="PCL1988123935" load-source="docdb">C03B   5/225       20060101ALI20120913BHEP        </classification-ipcr><classification-ipcr mxw-id="PCL1988136237" load-source="docdb">C03B   3/02        20060101AFI20120913BHEP        </classification-ipcr></classifications-ipcr><classifications-cpc><classification-cpc mxw-id="PCL-2010933811" load-source="docdb" scheme="CPC">C03B   3/023       20130101 LI20151024BHEP        </classification-cpc><classification-cpc mxw-id="PCL-2010933889" load-source="docdb" scheme="CPC">C03B   3/02        20130101 FI20151024BHEP        </classification-cpc><classification-cpc mxw-id="PCL-2010933915" load-source="docdb" scheme="CPC">C03C   3/04        20130101 LI20151022BHEP        </classification-cpc><classification-cpc mxw-id="PCL-2094117737" load-source="docdb" scheme="CPC">C03B   5/2252      20130101 LI20150206BHEP        </classification-cpc><classification-cpc mxw-id="PCL-2094118013" load-source="docdb" scheme="CPC">C03C   1/026       20130101 LI20150206BHEP        </classification-cpc></classifications-cpc><invention-title mxw-id="PT132186132" lang="DE" load-source="patent-office">VERFAHREN ZUM SCHMELZEN UND VERFEINERN EINES NATRONKALKGLASES</invention-title><invention-title mxw-id="PT132186133" lang="EN" load-source="patent-office">PROCESS FOR MELTING AND REFINING SODA-LIME GLASS</invention-title><invention-title mxw-id="PT132186134" lang="FR" load-source="patent-office">PROCÉDÉ DE FUSION ET D'AFFINAGE DE VERRE SODOCALCIQUE</invention-title></technical-data><parties><applicants><applicant mxw-id="PPAR918135897" load-source="docdb" sequence="1" format="epo"><addressbook><last-name>OWENS BROCKWAY GLASS CONTAINER</last-name><address><country>US</country></address></addressbook></applicant><applicant mxw-id="PPAR918133851" load-source="docdb" sequence="1" format="intermediate"><addressbook><last-name>OWENS-BROCKWAY GLASS CONTAINER INC.</last-name></addressbook></applicant><applicant mxw-id="PPAR918984394" load-source="patent-office" sequence="1" format="original"><addressbook><last-name>Owens-Brockway Glass Container INC.</last-name><iid>101105441</iid><address><street>One Michael Owens Way</street><city>Perrysburg, OH 43551</city><country>US</country></address></addressbook></applicant></applicants><inventors><inventor mxw-id="PPAR918141303" load-source="docdb" sequence="1" format="epo"><addressbook><last-name>DEWET-SMITH DAWID</last-name><address><country>US</country></address></addressbook></inventor><inventor mxw-id="PPAR918153227" load-source="docdb" sequence="1" format="intermediate"><addressbook><last-name>DEWET-SMITH, DAWID</last-name></addressbook></inventor><inventor mxw-id="PPAR918991295" load-source="patent-office" sequence="1" format="original"><addressbook><last-name>DEWET-SMITH, DAWID</last-name><address><street>206 Three Meadows Court</street><city>Perrysburg OH 43551</city><country>US</country></address></addressbook></inventor><inventor mxw-id="PPAR918168909" load-source="docdb" sequence="2" format="epo"><addressbook><last-name>FAYERWEATHER CARL L</last-name><address><country>US</country></address></addressbook></inventor><inventor mxw-id="PPAR1258172975" load-source="docdb" sequence="2" format="intermediate"><addressbook><last-name>FAYERWEATHER, CARL L.</last-name></addressbook></inventor><inventor mxw-id="PPAR918993427" load-source="patent-office" sequence="2" format="original"><addressbook><last-name>FAYERWEATHER, Carl, L.</last-name><address><street>6408 Char Court</street><city>Maumee OH 43551</city><country>US</country></address></addressbook></inventor><inventor mxw-id="PPAR918151207" load-source="docdb" sequence="3" format="epo"><addressbook><last-name>HIXSON BRETT E</last-name><address><country>US</country></address></addressbook></inventor><inventor mxw-id="PPAR1258172976" load-source="docdb" sequence="3" format="intermediate"><addressbook><last-name>HIXSON, BRETT E.</last-name></addressbook></inventor><inventor mxw-id="PPAR918985742" load-source="patent-office" sequence="3" format="original"><addressbook><last-name>HIXSON, Brett, E.</last-name><address><street>4240 Radcliffe Court</street><city>Adrian MI 49221</city><country>US</country></address></addressbook></inventor></inventors><agents><agent mxw-id="PPAR918986280" load-source="patent-office" sequence="1" format="original"><addressbook><last-name>Blumbach - Zinngrebe</last-name><iid>100060880</iid><address><street>Patentanwälte Alexandrastrasse 5</street><city>65187 Wiesbaden</city><country>DE</country></address></addressbook></agent></agents></parties><international-convention-data><pct-or-regional-filing-data ucid="US-2012026569-W"><document-id><country>US</country><doc-number>2012026569</doc-number><kind>W</kind><date>20120224</date><lang>EN</lang></document-id></pct-or-regional-filing-data><pct-or-regional-publishing-data ucid="WO-2012116303-A1"><document-id><country>WO</country><doc-number>2012116303</doc-number><kind>A1</kind><date>20120830</date><lang>EN</lang></document-id></pct-or-regional-publishing-data><designated-states><ep-contracting-states><country mxw-id="DS548927878" load-source="docdb">AL</country><country mxw-id="DS548815649" load-source="docdb">AT</country><country mxw-id="DS548927880" load-source="docdb">BE</country><country mxw-id="DS548928511" load-source="docdb">BG</country><country mxw-id="DS548934115" load-source="docdb">CH</country><country mxw-id="DS548865201" load-source="docdb">CY</country><country mxw-id="DS548815650" load-source="docdb">CZ</country><country mxw-id="DS548927881" load-source="docdb">DE</country><country mxw-id="DS548865202" load-source="docdb">DK</country><country mxw-id="DS548865203" load-source="docdb">EE</country><country mxw-id="DS548926420" load-source="docdb">ES</country><country mxw-id="DS548928512" load-source="docdb">FI</country><country mxw-id="DS548928513" load-source="docdb">FR</country><country mxw-id="DS548927958" load-source="docdb">GB</country><country mxw-id="DS548865204" load-source="docdb">GR</country><country mxw-id="DS548927959" load-source="docdb">HR</country><country mxw-id="DS548815651" load-source="docdb">HU</country><country mxw-id="DS548934116" load-source="docdb">IE</country><country mxw-id="DS548865205" load-source="docdb">IS</country><country mxw-id="DS548928514" load-source="docdb">IT</country><country mxw-id="DS548865206" load-source="docdb">LI</country><country mxw-id="DS548836812" load-source="docdb">LT</country><country mxw-id="DS548912717" load-source="docdb">LU</country><country mxw-id="DS548836813" load-source="docdb">LV</country><country mxw-id="DS548836814" load-source="docdb">MC</country><country mxw-id="DS548912718" load-source="docdb">MK</country><country mxw-id="DS548912719" load-source="docdb">MT</country><country mxw-id="DS548927960" load-source="docdb">NL</country><country mxw-id="DS548928515" load-source="docdb">NO</country><country mxw-id="DS548836816" load-source="docdb">PL</country><country mxw-id="DS548934117" load-source="docdb">PT</country><country mxw-id="DS548927961" load-source="docdb">RO</country><country mxw-id="DS548934186" load-source="docdb">RS</country><country mxw-id="DS548836817" load-source="docdb">SE</country><country mxw-id="DS548926421" load-source="docdb">SI</country><country mxw-id="DS548928516" load-source="docdb">SK</country><country mxw-id="DS548836818" load-source="docdb">SM</country><country mxw-id="DS548865207" load-source="docdb">TR</country></ep-contracting-states><ep-extended-states><ep-extended-state-data><country>BA</country></ep-extended-state-data><ep-extended-state-data><country>ME</country></ep-extended-state-data></ep-extended-states></designated-states></international-convention-data><office-specific-data><eptags><ep-no-a-document-published>*</ep-no-a-document-published></eptags></office-specific-data></bibliographic-data><abstract mxw-id="PA99619316" ref-ucid="WO-2012116303-A1" lang="EN" load-source="patent-office"><p num="0000">A process for making soda-lime glass includes calcinating calcium carbonate in solid phase and at elevated temperature to form calcium oxide and release gases such as carbon dioxide. Sodium silicate glass is formed separately in liquid phase while releasing gaseous reaction products. The calcium oxide and the sodium silicate glass intermediate products are mixed in liquid phase to form a soda-lime glass melt. Formation of sodium silicate glass as an intermediate product before mixing with the calcium oxide has the advantage of promoting release of gaseous reaction products in the sodium silicate due at least in part to the relatively low viscosity of the sodium silicate glass. The calcination step and/or the sodium silicate-forming step and/or the final mixing step can be carried out under reduced pressure further to promote release of gases and reduce bubble formation.</p></abstract><abstract mxw-id="PA99818997" ref-ucid="WO-2012116303-A1" lang="EN" source="national office" load-source="docdb"><p>A process for making soda-lime glass includes calcinating calcium carbonate in solid phase and at elevated temperature to form calcium oxide and release gases such as carbon dioxide. Sodium silicate glass is formed separately in liquid phase while releasing gaseous reaction products. The calcium oxide and the sodium silicate glass intermediate products are mixed in liquid phase to form a soda-lime glass melt. Formation of sodium silicate glass as an intermediate product before mixing with the calcium oxide has the advantage of promoting release of gaseous reaction products in the sodium silicate due at least in part to the relatively low viscosity of the sodium silicate glass. The calcination step and/or the sodium silicate-forming step and/or the final mixing step can be carried out under reduced pressure further to promote release of gases and reduce bubble formation.</p></abstract><abstract mxw-id="PA99619317" ref-ucid="WO-2012116303-A1" lang="FR" load-source="patent-office"><p num="0000">L'invention porte sur un procédé de fabrication de verre sodocalcique qui consiste à calciner du carbonate de calcium, en phase solide et à une température élevée, pour former de l'oxyde de calcium et libérer des gaz tels que du dioxyde de carbone. Du verre à base de silicate de sodium est formé séparément en phase liquide tout en libérant des produits de réaction gazeux. L'oxyde de calcium et les produits intermédiaires de verre à base de silicate de sodium sont mélangés en phase liquide pour former une masse fondue de verre sodocalcique. La formation de verre à base de silicate de sodium en tant que produit intermédiaire avant le mélange avec l'oxyde de calcium présente l'avantage d'encourager la libération de produits de réaction gazeux dans le silicate de sodium en raison, au moins en partie, de la viscosité relativement faible du verre à base de silicate de sodium. L'étape de calcination et/ou l'étape de formation de silicate de sodium et/ou l'étape de mélange final peut être effectuée sous une pression réduite pour encourager davantage la libération des gaz et réduire la formation de bulles.</p></abstract><abstract mxw-id="PA99818998" ref-ucid="WO-2012116303-A1" lang="FR" source="national office" load-source="docdb"><p>L'invention porte sur un procédé de fabrication de verre sodocalcique qui consiste à calciner du carbonate de calcium, en phase solide et à une température élevée, pour former de l'oxyde de calcium et libérer des gaz tels que du dioxyde de carbone. Du verre à base de silicate de sodium est formé séparément en phase liquide tout en libérant des produits de réaction gazeux. L'oxyde de calcium et les produits intermédiaires de verre à base de silicate de sodium sont mélangés en phase liquide pour former une masse fondue de verre sodocalcique. La formation de verre à base de silicate de sodium en tant que produit intermédiaire avant le mélange avec l'oxyde de calcium présente l'avantage d'encourager la libération de produits de réaction gazeux dans le silicate de sodium en raison, au moins en partie, de la viscosité relativement faible du verre à base de silicate de sodium. L'étape de calcination et/ou l'étape de formation de silicate de sodium et/ou l'étape de mélange final peut être effectuée sous une pression réduite pour encourager davantage la libération des gaz et réduire la formation de bulles.</p></abstract><description mxw-id="PDES50930202" ref-ucid="WO-2012116303-A1" lang="EN" load-source="patent-office"><!-- EPO <DP n="2"/>--><p id="p0001" num="0001"> PROCESS FOR MELTING AND REFINING SODA-LIME GLASS </p><p id="p0002" num="0002"> The present disclosure relates to a process for melting and refining soda-lime glass, and particularly to such a process that employs sodium silicate glass as an intermediate product. </p><p id="p0003" num="0003"> Background and Summary of the Disclosure </p><p id="p0004" num="0004"> Soda-lime glass, also called soda-lime-silica glass, is prevalent in the manufacture of glass containers and other glass products. Formation of the raw glass melt typically involves mixing the various glass-forming components at elevated temperature. The glass typically has a residence time in a furnace on the order of twenty-four hours to refine the glass by driving off gases and dissolving solids. The gases must be driven off ultimately to produce a solidified glass product without entrained gas bubbles; the process of removing bubbles in molten glass is called "refining." In addition to being undesirably slow, this in-furnace process involves a large amount of space and high energy input. </p><p id="p0005" num="0005"> A general object of the present disclosure is to provide a process for making soda-lime glass, which is more rapid and requires less energy input than conventional processes. </p><p id="p0006" num="0006"> The present disclosure embodies a number of aspects that can be implemented separately from or in combination with each other. </p><p id="p0007" num="0007"> A process for making soda-lime glass, in accordance with one aspect of the present disclosure, includes (a) forming sodium silicate glass in liquid phase and in the absence of water while releasing gaseous reaction products, and (b) mixing the sodium silicate glass reaction product of step (a) with other materials to form a soda-lime glass melt. The low viscosity of the molten sodium silicate glass (relative to or as compared with soda- 
<!-- EPO <DP n="3"/>-->
 lime glass at the same temperature) enables and promotes release of gaseous reaction products such as carbon dioxide. </p><p id="p0008" num="0008"> A process for making soda-lime glass, in accordance with another aspect of the disclosure, includes calcinating calcium carbonate in solid phase and at elevated temperature to form calcium oxide and release gases such as carbon dioxide. Sodium silicate glass is formed separately in liquid phase while releasing gaseous reaction products. The calcinated calcium carbonate and sodium silicate glass intermediate products are mixed to form a soda-lime glass melt. Formation of sodium silicate glass as an intermediate product before mixing with the calcium oxide has the advantage of promoting release of gaseous reaction products in the sodium silicate glass due at least in part to the low viscosity of the sodium silicate glass (relative to or as compared with soda-lime glass at the same temperature). Thus, the calcium oxide intermediate product and/or the sodium silicate glass intermediate product is at least partially if not entirely refined, and at least partially if not entirely free of gases and gas bubbles, prior to the mixing stage. This greatly reduces the time and energy required for the final mixing stage to produce the soda-lime glass melt. The calcination step and/or the sodium silicate glass-forming step and/or the final mixing step can be carried out under reduced pressure further to promote release of gases and reduce bubble formation. </p><p id="p0009" num="0009"> In one embodiment, the sodium silicate glass is formed by melting soda ash in the presence of silica, releasing carbon dioxide gas. In another embodiment, the sodium silicate glass is formed by melting sodium chloride in the presence of silica and steam to form the sodium silicate and release hydrogen chloride gas. 
<!-- EPO <DP n="4"/>-->
 Brief Description of the Drawings </p><p id="p0010" num="0010"> The disclosure, together with additional objects, features, advantages and aspects thereof, will best be understood from the following description, the appended claims and the accompanying drawings, in which: </p><p id="p0011" num="0011"> FIG. 1 is a block diagram of a basic process for melting and refining soda- lime glass in accordance with one exemplary embodiment of the disclosure; and </p><p id="p0012" num="0012"> FIGS. 2 and 3 are functional block diagrams of modifications to respective stages in the process of FIG. 1. </p><p id="p0013" num="0013">Detailed Description of Preferred Embodiments </p><p id="p0014" num="0014"> FIG. 1 illustrates a process for making soda-lime glass, also called soda-lime- silica glass, in accordance with one exemplary embodiment of the disclosure. A first stage 10 of the process involves solid state (solid phase) calcination of raw materials. In one embodiment, calcium carbonate (CaC03) is input, such as in the form of limestone, and heated to release carbon dioxide (C02). This step may be carried out at a temperature of about 800°C to about 1300°C. In a second embodiment 10a in FIG. 2, the solubility of the calcinated product in the final mixing stage can be improved by calcination in the presence of silica (Si02) to form at least some calcium silicate (CaO-Si02), which is more readily dissolved at the mixing stage. This calcination stage 10 or 10a can be carried out at reduced pressure (vacuum) to enhance release of carbon dioxide. </p><p id="p0015" num="0015"> A second stage of the process involves melting, reacting and refining input materials and production of sodium silicate glass in liquid (molten) phase. This sodium silicate glass is a "dry" glass in the sense that it is not dissolved in water. In one embodiment 20 in FIG. 1, soda ash (Na2C03) is blended with silica at elevated temperature to produce sodium silicate glass ( a20-Si02) and release carbon dioxide. The soda ash and silica can 
<!-- EPO <DP n="5"/>-->
 be in a molar ration of about 1: 1 to about 1 :5. In an alternative embodiment 20a in FIG. 3, the sodium silicate glass is formed by reaction of sodium chloride ( aCl) with steam (H20) and silica (Si02) to produce the sodium silicate glass and release hydrogen chloride (HQ) gas. This stage 20 or 20a preferably takes place at an elevated temperature, such as about 900°C to 1700°C. This stage can be carried out at low pressure (vacuum) to promote release of carbon dioxide or hydrogen chloride gaseous products. The relatively low viscosity of the sodium silicate glass (i.e., relative to or as compared with the viscosity of typical soda- lime glass at the same temperature above the glass transition temperature of the sodium silicate glass, at which the sodium silicate glass is in liquid phase, and in the absence of water) readily promotes and permits release of gaseous reaction products without formation of bubbles. </p><p id="p0016" num="0016"> At a third stage 30 of FIG. 1, the calcium oxide product of stage 10 or 10a is mixed with the liquid product of stage 20 or 20a. The relatively low viscosity of the sodium silicate glass product of stage 20 or 20a promotes mixing, dissolution, homogenization and release of any remaining gases in stage 30. For example, the already-molten sodium silicate glass may have a temperature below 1500°C when the higher melting point components (CaO melts at 2572°C, and Si02 transitions to glass (melts) at 1600°C to 1725°C) are mixed and dissolved therein. Stage 30 can include mixing, for example by mechanical agitation such as stirring, to promote dissolution and homogenization of the mixture. Stage 30 can be carried out at reduced pressure (vacuum) to promote release of gases. This stage can be carried out at a temperature greater than about 900°C. Additional raw materials 40 can be added at stage 30, such as addition of silica to achieve the desired silica level in the glass melt and/or other additives such as colorants and/or calcium oxide (CaO) and/or cullet (recycled) glasses and/or other minor ingredients. 
<!-- EPO <DP n="6"/>-->
 Although stages 10 and 10a are illustrated in FIGS. 1 and 2 and discussed above as alternatives, these stages can be combined if desired. Likewise, stages 20 and 20a can be alternatives or combined. It also will be appreciated that, although "stages" are discussed and shown in the drawings, the process of the disclosure preferably is a continuous process with stages 10 and 20, for example, taking place simultaneously and together feeding stage 30 at rates that supply a continuous output from stage 30. In other words, there preferably is a continuous infeed of raw materials to stages 10 and 20, for example, continuous feeds of intermediate reaction products from stages 10 and 20 to stage 30, continuous infeed of additional raw materials at stage 40 if needed, and a continuous outfeed of soda-lime glass from stage 30 to further glass manufacturing stages. </p><p id="p0017" num="0017"> The entire process illustrated in the drawings can be carried out in about three to four hours, as compared with the twenty-four hour residence time typically needed in the prior art, and at a theoretical estimated energy input of about 1.5 megajoules per ton versus an estimated theoretical energy of 2.2 megajoules per ton typical of the prior art. </p><p id="p0018" num="0018"> There thus has been disclosed a process for making soda-lime glass that fully achieves all of the objects and aims previously set forth. The disclosure has been presented in conjunction with presently preferred embodiments, and alternatives and modifications have been discussed. Other alternatives and modifications readily will suggest themselves to persons of ordinary skill in the art in view of the foregoing description. 
</p></description><claims mxw-id="PCLM44726122" ref-ucid="WO-2012116303-A1" lang="EN" load-source="patent-office"><claim-statement><!-- EPO <DP n="7"/>-->Claims </claim-statement><claim id="clm-0001" num="1"><claim-text>1. </claim-text><claim-text> A process for making soda-lime glass, which includes the steps of: </claim-text><claim-text> (a) forming sodium silicate glass (Na2Si03) in liquid phase and in the absence of water while releasing gaseous reaction products, and </claim-text><claim-text> (b) mixing the sodium silicate product of step (a) with other materials to form a soda-lime glass melt. </claim-text></claim><claim id="clm-0002" num="2"><claim-text>2. </claim-text><claim-text> The process set forth in claim 1 wherein said step (a) and/or said step (b) is carried out under reduced pressure to promote release of gases. </claim-text></claim><claim id="clm-0003" num="3"><claim-text>3. </claim-text><claim-text> The process set forth in claim 1 wherein said step (a) includes melting soda ash (Na2C03) in the presence of silica (Si02) to form said sodium silicate glass and release carbon dioxide (C02) gas. </claim-text></claim><claim id="clm-0004" num="4"><claim-text>4. </claim-text><claim-text> The process set forth in claim 3 wherein said soda ash and said silica are in a molar ratio of about 1: 1 to about 1:5. <!-- EPO <DP n="8"/>--> </claim-text></claim><claim id="clm-0005" num="5"><claim-text>5. </claim-text><claim-text> The process set forth in claim 3 wherein said step (b) is carried out at a temperature in the range of about 900°C to about 1700°C. </claim-text></claim><claim id="clm-0006" num="6"><claim-text>6. </claim-text><claim-text> The process set forth in claim 1 wherein said step (a) includes melting sodium chloride (NaCl) in the presence of silica (Si02) and steam (H20) to form said sodium silicate glass and release hydrogen chloride (HQ) gas. </claim-text></claim><claim id="clm-0007" num="7"><claim-text>7. </claim-text><claim-text> The process set forth in claim 1 wherein said step (b) includes addition of cullet glass and/or silica (Si02) and/or calcium oxide (CaO) and/or other minor ingredients. </claim-text></claim><claim id="clm-0008" num="8"><claim-text>8. </claim-text><claim-text> The process set forth in claim 1 wherein said step (b) includes mixing to promote dissolution and homogenization of the mixture. </claim-text></claim><claim id="clm-0009" num="9"><claim-text>9. </claim-text><claim-text> The process set forth in claim 8 wherein said step (b) is carried out at a temperature greater than about 900°C. <!-- EPO <DP n="9"/>--> </claim-text></claim><claim id="clm-0010" num="10"><claim-text>10. </claim-text><claim-text> A process for making soda-lime glass, which includes the steps of: </claim-text><claim-text> (a) calcinating calcium carbonate (CaC03) in solid phase and at elevated temperature to form calcium oxide (CaO) and release gas, </claim-text><claim-text> (b) forming sodium silicate glass ( a2Si03) in liquid phase while releasing gaseous reaction products, and </claim-text><claim-text> (c) mixing the calcium oxide product of step (a) with the sodium silicate product of step (b), in liquid phase, to form a soda-lime glass melt. </claim-text></claim><claim id="clm-0011" num="11"><claim-text>11. </claim-text><claim-text> The process set forth in claim 10 wherein said steps (a) and/or said step (b) and/or said step (c) is carried out under reduced pressure to promote release of gases. </claim-text></claim><claim id="clm-0012" num="12"><claim-text>12. </claim-text><claim-text> The process set forth in claim 10 wherein said step (b) includes melting soda ash (Na2C03) in the presence of silica (Si02) to form said sodium silicate glass and release carbon dioxide (C02) gas. <!-- EPO <DP n="10"/>--> </claim-text></claim><claim id="clm-0013" num="13"><claim-text>13. </claim-text><claim-text> The process set forth in claim 12 wherein said soda ash and said silica are in a molar ratio of about 1: 1 to about 1:5. </claim-text></claim><claim id="clm-0014" num="14"><claim-text>14. </claim-text><claim-text> The process set forth in claim 12 wherein said step (b) is carried out at a temperature in the range of about 900°C to about 1700°C. </claim-text></claim><claim id="clm-0015" num="15"><claim-text>15. </claim-text><claim-text> The process set forth in claim 10 wherein said step (b) includes melting sodium chloride (NaCl) in the presence of silica (Si02) and steam (H20) to form said sodium silicate glass and release hydrogen chloride (HQ) gas. </claim-text></claim><claim id="clm-0016" num="16"><claim-text>16. </claim-text><claim-text> The process set forth in claim 10 wherein said step (a) includes calcinating calcium carbonate in the presence of silica (Si02) to release carbon dioxide (C02) gas. <!-- EPO <DP n="11"/>--> </claim-text></claim><claim id="clm-0017" num="17"><claim-text>17. </claim-text><claim-text> The process set forth in claim 10 wherein said step (a) is carried out at a temperature in the range of about 800°C to about 1300°C. </claim-text></claim><claim id="clm-0018" num="18"><claim-text>18. </claim-text><claim-text> The process set forth in claim 10 wherein said step (c) includes addition of silica (Si02). </claim-text></claim><claim id="clm-0019" num="19"><claim-text>19. </claim-text><claim-text> The process set forth in claim 10 wherein said step (c) includes addition of cullet glass and/or calcium oxide (CaO) and/or other minor ingredients. </claim-text></claim><claim id="clm-0020" num="20"><claim-text>20. </claim-text><claim-text> The process set forth in claim 10 wherein said step (c) includes mixing to promote dissolution and homogenization of the mixture. </claim-text></claim><claim id="clm-0021" num="21"><claim-text>21. </claim-text><claim-text> The process set forth in claim 10 wherein said step (c) is carried out at a temperature greater than about 900°C. </claim-text></claim><claim id="clm-0022" num="22"><claim-text> 22. </claim-text><claim-text> The process set forth in claim 10 wherein said step (b) is carried out in the absence of water. </claim-text></claim></claims><copyright>User acknowledges that Fairview Research LLC and its third party providers retain all right, title and interest in and to this xml under applicable copyright laws.  User acquires no ownership rights to this xml including but not limited to its format.  User hereby accepts the terms and conditions of the Licence Agreement</copyright></patent-document>
