<?xml version="1.0" encoding="UTF-8"?>
<patent-document ucid="EP-2958703-A1" country="EP" doc-number="2958703" kind="A1" date="20151230" family-id="50277337" file-reference-id="318616" date-produced="20180825" status="corrected" lang="EN"><bibliographic-data><publication-reference fvid="160453426" ucid="EP-2958703-A1"><document-id><country>EP</country><doc-number>2958703</doc-number><kind>A1</kind><date>20151230</date><lang>EN</lang></document-id></publication-reference><application-reference ucid="EP-14710122-A" is-representative="NO"><document-id mxw-id="PAPP193869820" load-source="patent-office" format="original"><country>EP</country><doc-number>14710122.4</doc-number><date>20140221</date><lang>EN</lang></document-id><document-id mxw-id="PAPP193869821" load-source="docdb" format="epo"><country>EP</country><doc-number>14710122</doc-number><kind>A</kind><date>20140221</date><lang>EN</lang></document-id></application-reference><priority-claims><priority-claim mxw-id="PPC162028558" ucid="US-201361768182-P" load-source="docdb"><document-id format="epo"><country>US</country><doc-number>201361768182</doc-number><kind>P</kind><date>20130222</date></document-id></priority-claim><priority-claim mxw-id="PPC162035397" ucid="US-2014017716-W" linkage-type="W" load-source="docdb"><document-id format="epo"><country>US</country><doc-number>2014017716</doc-number><kind>W</kind><date>20140221</date></document-id></priority-claim></priority-claims><technical-data><classifications-ipcr><classification-ipcr mxw-id="PCL-1988520114" load-source="docdb">F02F   3/16        20060101ALI20140911BHEP        </classification-ipcr><classification-ipcr mxw-id="PCL-1988522192" load-source="docdb">B23K  26/32        20140101AFI20140911BHEP        </classification-ipcr><classification-ipcr mxw-id="PCL-1988526275" load-source="docdb">B23K  26/28        20140101ALI20140911BHEP        </classification-ipcr></classifications-ipcr><classifications-cpc><classification-cpc mxw-id="PCL-1611576381" load-source="docdb" scheme="CPC">B23K2101/003       20180801 LA20180802BHEP        </classification-cpc><classification-cpc mxw-id="PCL-1611576382" load-source="docdb" scheme="CPC">B23K2103/10        20180801 LA20180802BHEP        </classification-cpc><classification-cpc mxw-id="PCL-1821548244" load-source="docdb" scheme="CPC">Y10T  29/49249     20130101 LA20170426BHEP        </classification-cpc><classification-cpc mxw-id="PCL-1869707280" load-source="docdb" scheme="CPC">F02F2003/0061      20130101 LA20161214BHEP        </classification-cpc><classification-cpc mxw-id="PCL-1869708228" load-source="docdb" scheme="CPC">F02F   3/22        20130101 LI20161214BHEP        </classification-cpc><classification-cpc mxw-id="PCL-1869708620" load-source="docdb" scheme="CPC">B23K  26/28        20130101 LI20161214BHEP        </classification-cpc><classification-cpc mxw-id="PCL-1869708739" load-source="docdb" scheme="CPC">B23K  26/32        20130101 LI20161214BHEP        </classification-cpc><classification-cpc mxw-id="PCL-1869709601" load-source="docdb" scheme="CPC">F02F   3/003       20130101 LI20161213BHEP        </classification-cpc><classification-cpc mxw-id="PCL-1987763497" load-source="docdb" scheme="CPC">F02F   3/16        20130101 FI20140829BHEP        </classification-cpc></classifications-cpc><invention-title mxw-id="PT165551744" lang="DE" load-source="patent-office">KOLBENANORDNUNG MIT SCHWEISSTRÄGER</invention-title><invention-title mxw-id="PT165551745" lang="EN" load-source="patent-office">PISTON ASSEMBLY WITH WELD SUPPORT</invention-title><invention-title mxw-id="PT165551746" lang="FR" load-source="patent-office">ENSEMBLE PISTON AVEC SUPPORT DE SOUDURE</invention-title></technical-data><parties><applicants><applicant mxw-id="PPAR1103304696" load-source="docdb" sequence="1" format="epo"><addressbook><last-name>MAHLE INT GMBH</last-name><address><country>DE</country></address></addressbook></applicant><applicant mxw-id="PPAR1103316574" load-source="docdb" sequence="1" format="intermediate"><addressbook><last-name>MAHLE INTERNATIONAL GMBH</last-name></addressbook></applicant><applicant mxw-id="PPAR1101643453" load-source="patent-office" sequence="1" format="original"><addressbook><last-name>Mahle International GmbH</last-name><iid>101404657</iid><address><street>Pragstrasse 26-46</street><city>70376 Stuttgart</city><country>DE</country></address></addressbook></applicant><applicant mxw-id="PPAR1103340085" load-source="docdb" sequence="2" format="epo"><addressbook><last-name>LAPP MICHAEL T</last-name><address><country>US</country></address></addressbook></applicant><applicant mxw-id="PPAR1103343287" load-source="docdb" sequence="2" format="intermediate"><addressbook><last-name>LAPP, MICHAEL, T.</last-name></addressbook></applicant><applicant mxw-id="PPAR1101643414" load-source="patent-office" sequence="2" format="original"><addressbook><last-name>Lapp, Michael, T.</last-name><iid>101472407</iid><address><street>6747 Spruce Drive</street><city>Bloomfield, MI 48301</city><country>US</country></address></addressbook></applicant></applicants><inventors><inventor mxw-id="PPAR1103332269" load-source="docdb" sequence="1" format="epo"><addressbook><last-name>LAPP MICHAEL T</last-name><address><country>US</country></address></addressbook></inventor><inventor mxw-id="PPAR1103308263" load-source="docdb" sequence="1" format="intermediate"><addressbook><last-name>LAPP, MICHAEL, T.</last-name></addressbook></inventor><inventor mxw-id="PPAR1101640065" load-source="patent-office" sequence="1" format="original"><addressbook><last-name>LAPP, MICHAEL, T.</last-name><address><street>2487 Buchanan Ct., No. 1978</street><city>Farmington Hills, MI 48335</city><country>US</country></address></addressbook></inventor><inventor mxw-id="PPAR1103303944" load-source="docdb" sequence="2" format="epo"><addressbook><last-name>GABRIEL DIETER</last-name><address><country>US</country></address></addressbook></inventor><inventor mxw-id="PPAR1103324956" load-source="docdb" sequence="2" format="intermediate"><addressbook><last-name>GABRIEL, DIETER</last-name></addressbook></inventor><inventor mxw-id="PPAR1101650768" load-source="patent-office" sequence="2" format="original"><addressbook><last-name>GABRIEL, DIETER</last-name><address><street>2973 Sunshine Drive</street><city>Highland, MI 48357</city><country>US</country></address></addressbook></inventor></inventors><agents><agent mxw-id="PPAR1101650842" load-source="patent-office" sequence="1" format="original"><addressbook><last-name>BRP Renaud &amp; Partner</last-name><iid>100060892</iid><address><street>Königstraße 28</street><city>70173 Stuttgart</city><country>DE</country></address></addressbook></agent></agents></parties><international-convention-data><pct-or-regional-filing-data ucid="US-2014017716-W"><document-id><country>US</country><doc-number>2014017716</doc-number><kind>W</kind><date>20140221</date><lang>EN</lang></document-id></pct-or-regional-filing-data><pct-or-regional-publishing-data ucid="WO-2014130827-A1"><document-id><country>WO</country><doc-number>2014130827</doc-number><kind>A1</kind><date>20140828</date><lang>EN</lang></document-id></pct-or-regional-publishing-data><designated-states><ep-contracting-states><country mxw-id="DS660793192" load-source="docdb">AL</country><country mxw-id="DS660717376" load-source="docdb">AT</country><country mxw-id="DS660727572" load-source="docdb">BE</country><country mxw-id="DS660640536" load-source="docdb">BG</country><country mxw-id="DS660636426" load-source="docdb">CH</country><country mxw-id="DS660727573" load-source="docdb">CY</country><country mxw-id="DS660717377" load-source="docdb">CZ</country><country mxw-id="DS660793194" load-source="docdb">DE</country><country mxw-id="DS660727574" load-source="docdb">DK</country><country mxw-id="DS660727663" load-source="docdb">EE</country><country mxw-id="DS660638043" load-source="docdb">ES</country><country mxw-id="DS660640537" load-source="docdb">FI</country><country mxw-id="DS660636435" load-source="docdb">FR</country><country mxw-id="DS660793195" load-source="docdb">GB</country><country mxw-id="DS660727664" load-source="docdb">GR</country><country mxw-id="DS660793196" load-source="docdb">HR</country><country mxw-id="DS660717378" load-source="docdb">HU</country><country mxw-id="DS660636436" load-source="docdb">IE</country><country mxw-id="DS660727665" load-source="docdb">IS</country><country mxw-id="DS660640538" load-source="docdb">IT</country><country mxw-id="DS660727666" load-source="docdb">LI</country><country mxw-id="DS660640543" load-source="docdb">LT</country><country mxw-id="DS660749911" load-source="docdb">LU</country><country mxw-id="DS660640544" load-source="docdb">LV</country><country mxw-id="DS660640545" load-source="docdb">MC</country><country mxw-id="DS660749912" load-source="docdb">MK</country><country mxw-id="DS660749913" load-source="docdb">MT</country><country mxw-id="DS660638044" load-source="docdb">NL</country><country mxw-id="DS660719657" load-source="docdb">NO</country><country mxw-id="DS660638045" load-source="docdb">PL</country><country mxw-id="DS660749914" load-source="docdb">PT</country><country mxw-id="DS660636437" load-source="docdb">RO</country><country mxw-id="DS660750003" load-source="docdb">RS</country><country mxw-id="DS660638046" load-source="docdb">SE</country><country mxw-id="DS660717387" load-source="docdb">SI</country><country mxw-id="DS660719658" load-source="docdb">SK</country><country mxw-id="DS660719663" load-source="docdb">SM</country><country mxw-id="DS660640546" load-source="docdb">TR</country></ep-contracting-states><ep-extended-states><ep-extended-state-data><country>BA</country></ep-extended-state-data><ep-extended-state-data><country>ME</country></ep-extended-state-data></ep-extended-states></designated-states></international-convention-data><office-specific-data><eptags><ep-no-a-document-published>*</ep-no-a-document-published></eptags></office-specific-data></bibliographic-data><abstract mxw-id="PA139072029" ref-ucid="WO-2014130827-A1" lang="EN" load-source="patent-office"><p num="0000">Exemplary piston assemblies and methods of making the same are disclosed. An exemplary piston may include a piston body defining a piston axis, the piston body having a skirt and forming a lower surface of a cooling gallery. The body may include radially inner and outer body mating surfaces. The piston may further include a cooling gallery ring cooperating with the piston body to form the cooling gallery. The piston body and cooling gallery ring may be joined together along radially inner and radially outer interface regions to form a generally one-piece piston assembly. In some exemplary approaches, mating surfaces of the body and ring may be positioned adjacent a support surface configured to inhibit or prevent weld spatter formed in a process joining the ring and body from the cooling gallery.</p></abstract><abstract mxw-id="PA139539678" ref-ucid="WO-2014130827-A1" lang="EN" source="national office" load-source="docdb"><p>Exemplary piston assemblies and methods of making the same are disclosed. An exemplary piston may include a piston body defining a piston axis, the piston body having a skirt and forming a lower surface of a cooling gallery. The body may include radially inner and outer body mating surfaces. The piston may further include a cooling gallery ring cooperating with the piston body to form the cooling gallery. The piston body and cooling gallery ring may be joined together along radially inner and radially outer interface regions to form a generally one-piece piston assembly. In some exemplary approaches, mating surfaces of the body and ring may be positioned adjacent a support surface configured to inhibit or prevent weld spatter formed in a process joining the ring and body from the cooling gallery.</p></abstract><abstract mxw-id="PA139072030" ref-ucid="WO-2014130827-A1" lang="FR" load-source="patent-office"><p num="0000">L'invention concerne des ensembles piston donnés à titre illustratif et des procédés de fabrication associés. Un piston donné à titre illustratif peut comprendre un corps de piston définissant un axe de piston, le corps de piston comprenant une jupe et formant une surface inférieure d'une galerie de refroidissement. Le corps peut comprendre des surfaces d'accouplement de corps interne et externe. Le piston peut comprendre en outre un anneau de galerie de refroidissement coopérant avec le corps de piston pour former la galerie de refroidissement. Le corps de piston et l'anneau de galerie de refroidissement peuvent être raccordés l'un à l'autre le long de régions d'interface radialement interne et radialement externe pour former un ensemble piston généralement monobloc. Selon certaines approches données à titre illustratif, des surfaces d'accouplement du corps et de l'anneau peuvent être positionnées adjacentes à une surface de support conçue pour empêcher ou éviter la projection de soudure formée dans un procédé de raccordement de l'anneau et du corps depuis la galerie de refroidissement.</p></abstract><abstract mxw-id="PA139539679" ref-ucid="WO-2014130827-A1" lang="FR" source="national office" load-source="docdb"><p>L'invention concerne des ensembles piston donnés à titre illustratif et des procédés de fabrication associés. Un piston donné à titre illustratif peut comprendre un corps de piston définissant un axe de piston, le corps de piston comprenant une jupe et formant une surface inférieure d'une galerie de refroidissement. Le corps peut comprendre des surfaces d'accouplement de corps interne et externe. Le piston peut comprendre en outre un anneau de galerie de refroidissement coopérant avec le corps de piston pour former la galerie de refroidissement. Le corps de piston et l'anneau de galerie de refroidissement peuvent être raccordés l'un à l'autre le long de régions d'interface radialement interne et radialement externe pour former un ensemble piston généralement monobloc. Selon certaines approches données à titre illustratif, des surfaces d'accouplement du corps et de l'anneau peuvent être positionnées adjacentes à une surface de support conçue pour empêcher ou éviter la projection de soudure formée dans un procédé de raccordement de l'anneau et du corps depuis la galerie de refroidissement.</p></abstract><description mxw-id="PDES78476351" ref-ucid="WO-2014130827-A1" lang="EN" load-source="patent-office"><!-- EPO <DP n="3"/>--><p id="p0001" num="0001"> PISTON ASSEMBLY WITH WELD SUPPORT </p><p id="p0002" num="0002">CROSS-REFERENCE TO RELATED APPLICATION </p><p id="p0003" num="0003">[0001] This application claims priority to U.S. Provisional Application Serial No. 61/768,182 filed on February 22, 2013, the contents of which are hereby expressly incorporated by reference in its entirety. </p><p id="p0004" num="0004">BACKGROUND </p><p id="p0005" num="0005"> [0002] Internal combustion engine manufacturers are constantly seeking to increase power output and fuel efficiency of their products. One method of generally increasing efficiency and power is to reduce the oscillating mass of an engine, e.g., of the pistons, connecting rods, and other moving parts of the engine. Efforts to increase engine power and/or efficiency also may also result in an increase in pressure and/or temperature within the combustion chamber during operation. </p><p id="p0006" num="0006"> [0003] Engines, and in particular the pistons of the engine, are therefore under increased stress as a result of these reductions in weight and increased pressures and temperatures associated with engine operation. Piston cooling is therefore increasingly important for withstanding the increased stress of such operational conditions over the life of the engine. </p><p id="p0007" num="0007">[0004] To reduce the operating temperatures of piston components, a cooling gallery may be provided about a perimeter of the piston. A coolant such as crankcase oil may be introduced to the cooling gallery, and may be distributed about the cooling gallery by the reciprocating motion of the piston, thereby reducing the operating temperature of the piston. </p><p id="p0008" num="0008">[0005] At the same time, the cooling galleries may increase overall complexity of the piston assembly and manufacturing of the same. For example, cooling galleries may require additional component, such as a cooling gallery cover, in order to encourage proper circulation of a coolant throughout the cooling gallery by temporarily trapping coolant (e.g., oil) that is circulated through the cooling gallery. The additional components such as cover plates also add complexity, however. Additionally, cooling galleries may be expensive and/or difficult to form in smaller piston applications such as in the case of lightweight or light duty pistons. Known methods of forming enclosed cooling galleries in one-piece pistons, such as friction welding, also require extremely high strength piston components to properly form the piston and cooling gallery features without unintended deformation during the friction welding process, thereby increasing size and weight of the resulting pistons. The 
<!-- EPO <DP n="4"/>-->
 large magnitude forces placed on the piston components during the friction welding process also limits where the weld joints may be located. </p><p id="p0009" num="0009"> [0006] Accordingly, there is a need for a piston that minimizes overall piston weight and manufacturing complexity, while also allowing adequate cooling, such as by providing a cooling gallery. </p><p id="p0010" num="0010">BRIEF DESCRIPTION OF THE DRAWINGS </p><p id="p0011" num="0011">[0007] Referring now to the drawings, illustrative examples are shown in detail. Although the drawings represent the exemplary illustrations described herein, the drawings are not necessarily to scale and certain features may be exaggerated to better illustrate and explain an innovative aspect of an exemplary illustration. Further, the exemplary illustrations described herein are not intended to be exhaustive or otherwise limiting or restricting to the precise form and configuration shown in the drawings and disclosed in the following detailed description. Exemplary illustrations of the present invention are described in detail by referring to the drawings as follows: </p><p id="p0012" num="0012"> [0008] FIG. 1 is a sectional view of an exemplary piston assembly; </p><p id="p0013" num="0013"> [0009] FIG. 2A is an enlarged sectional view of a cooling gallery of an exemplary piston assembly, e.g., as shown in FIG. 1; </p><p id="p0014" num="0014"> [0010] FIG. 2B is an enlarged sectional view of a cooling gallery of another exemplary piston assembly; </p><p id="p0015" num="0015"> [0011] FIG. 3 is an enlarged sectional view of a cooling gallery of another exemplary piston assembly; </p><p id="p0016" num="0016"> [0012] FIG. 4 is a sectional view of another exemplary piston assembly; </p><p id="p0017" num="0017"> [0013] FIG. 5 is a sectional view of another exemplary piston assembly; and </p><p id="p0018" num="0018"> [0014] FIG. 6 is a process flow diagram for an exemplary method of making a piston assembly. </p><p id="p0019" num="0019">DETAILED DESCRIPTION </p><p id="p0020" num="0020">[0015] Reference in the specification to "an exemplary illustration", an "example" or similar language means that a particular feature, structure, or characteristic described in connection with the exemplary approach is included in at least one illustration. The appearances of the phrase "in an illustration" or similar type language in various places in the specification are not necessarily all referring to the same illustration or example. 
<!-- EPO <DP n="5"/>-->
 [0016] Various exemplary illustrations are provided herein of a piston assembly and methods of making the same. An exemplary piston may include a piston body defining a piston axis, the piston body having a skirt and forming a lower surface of a cooling gallery. The body may include radially inner and outer body mating surfaces. The piston may further include a cooling gallery ring cooperating with the piston body to form the cooling gallery. The piston body and cooling gallery ring may be joined together along radially inner and radially outer interface regions to form a generally one-piece piston assembly. In some exemplary approaches, mating surfaces of the body and ring may be positioned adjacent a support surface configured to inhibit or prevent weld spatter formed in a process joining the ring and body from the cooling gallery. </p><p id="p0021" num="0021"> [0017] In some exemplary illustrations, e.g., as shown in FIGS. 1 and 2A and described further below, the cooling gallery ring includes a radially inner ring mating surface abutted with a radially inner body mating surface along an upper surface of the piston. Thus, a joint between the radially inner ring mating surface and radially inner body mating surface may be positioned radially outward of the combustion bowl. A radially outer joint between the cooling gallery ring may be positioned radially outwardly from the radially inner joint, e.g., along a ring belt wall of the piston. More specifically, a radially outer interface region may generally be defined by a radially outer ring mating surface of the cooling gallery ring that is abutted with a radially outer body mating surface. The cooling gallery may be substantially enclosed by the cooling gallery ring part and the piston body part, excepting inlets/outlets associated with the cooling gallery. </p><p id="p0022" num="0022"> [0018] In other exemplary approaches, e.g., as illustrated in FIG. 2B and described further below, the radially inner and outer interface regions between a cooling gallery ring and the piston body are positioned within the combustion bowl and along the top surface of the piston, respectively. More specifically, in these examples the cooling gallery ring may include a radially inner ring mating surface abutted along a radially inner interface region in the combustion bowl with the radially inner body mating surface, with the cooling gallery ring including a radially outer ring mating surface abutted along a radially outer interface region with the radially outer body mating surface such that the cooling gallery is substantially enclosed. </p><p id="p0023" num="0023"> [0019] In some exemplary illustrations, pistons may be joined in a welding process, e.g., a laser welding process. Exemplary laser welding processes, as will be described further below, may facilitate substantial gains in manufacturing flexibility. In one example, at least 
<!-- EPO <DP n="6"/>-->
 one of the radially inner and outer mating surfaces is aligned non-perpendicular to the piston axis. For example, a generally vertical weld joint is possible, i.e., where the corresponding mating surfaces of two piston components being joined are aligned generally parallel to a longitudinal axis of the piston. Moreover, abutting surfaces of a laser welded joint may define virtually any angle so long as the joint is accessible by an impinging laser welding beam. An elongated weld joint may generally result from, in one exemplary illustration, a laser welding process where a laser beam is impinged generally parallel to corresponding mating surfaces of a piston body and a cooling gallery ring. </p><p id="p0024" num="0024"> [0020] Turning now to FIG. 1, an exemplary piston assembly 100 is illustrated in section. More specifically, the section illustrated in the left half of FIG. 1 is taken through a pin boss 105 of the piston assembly 100, while the section illustrated in the right half of the drawing is taken at an angle ninety (90) degrees from that on the left half. Piston assembly 100 may include a piston body 102 and a cooling gallery ring 104 that is received about an upper portion of the body 102. The piston body 102 may define a combustion bowl 120. The cooling gallery ring 104 may define a ring belt portion 106 that is configured to seal against an engine bore (not shown) receiving the piston assembly 100. For example, the ring belt portion 106 may define one or more circumferential grooves 107 that receive piston rings (not shown), which in turn seal against engine bore surfaces during reciprocal motion of the piston assembly 100 within the engine bore. The generally two-piece construction of the piston assembly 100, i.e., with the cooling gallery ring 104 and the body 102, may generally allow flexibility in regard to the size and shape of the cooling gallery ring 104 and/or the piston assembly 100, e.g., allowing a lower overall compression height and/or center of gravity of the piston assembly 100. Moreover, the two-piece construction may also facilitate the forming of more complex shapes within the cooling gallery to allow greater ease of manufacturing of effectively sized galleries that provide enhanced cooling ability. </p><p id="p0025" num="0025">[0021] The piston body 102 may include a skirt surface 103 that generally supports the piston assembly 100 during engine operation, e.g., by interfacing with surfaces of an engine bore (not shown) to stabilize the piston assembly 100 during reciprocal motion within the bore. For example, the skirt surface 103 may generally define a circular outer shape about at least a portion of a perimeter of the piston assembly 100. The outer shape may correspond to the engine bore surfaces, which may be generally cylindrical. </p><p id="p0026" num="0026"> [0022] The body 102 may also define the piston pin bosses 105. The piston pin bosses 105 may generally be formed with apertures or pin bores 109 configured to receive a piston pin 
<!-- EPO <DP n="7"/>-->
 (not shown). For example, a piston pin may be inserted through the pin bores 109 in the piston pin bosses 105, thereby generally securing the piston 100 to a connecting rod (not shown). </p><p id="p0027" num="0027"> [0023] As noted above, the piston 100 may have a ring belt portion 106 which defines, at least in part, a cooling gallery 108. The cooling gallery 108 generally extends about a perimeter of the piston crown, and may circulate a coolant during operation, e.g., engine oil, thereby reducing an operating temperature of the piston. Additionally, the circulation of the coolant may facilitate the maintaining of a more stable or uniform temperature about the piston 100, and especially in the upper portion of the piston assembly 100, e.g., adjacent the combustion bowl 120. </p><p id="p0028" num="0028"> [0024] A piston body 102 and ring 104 may be fixedly joined, e.g., in a laser welding process. By fixedly joining the piston body 102 and ring 104, the piston assembly 100 is generally formed as a one-piece assembly. </p><p id="p0029" num="0029"> [0025] As shown in FIGS. 1, 2A, 2B, 3, 4, and 5, and as described further below, the body 102 and ring 104 components may be joined along both a radially inner interface region I, and a radially outer interface region O, for example in a laser welding process. Accordingly, the piston body 102 may be generally unitized with their respective cooling gallery rings 104 such that each is immovable relative to the other after securement to the crown, although the body 102 and ring 104 are separate components. </p><p id="p0030" num="0030"> [0026] The cooling gallery rings 104 may be secured to the body 102 such that the body 102 and the ring 104 cooperate to form a continuous upper combustion bowl surface 120 of the piston assembly 100. </p><p id="p0031" num="0031"> [0027] Referring now to the exemplary pistons 100a, 100b shown in FIGS. 2A and 2B, corresponding radially outer mating surfaces 190, 192 of the bodies 102a, 102b (collectively, 102) and of the rings 104a, 104b (collectively 104), may meet along the ring belt portions 106 of the pistons 100a, 100b, respectively, in a radially outer interface region O. Additionally, corresponding radially inner mating surfaces 194, 196 of the body 102 and ring 104, respectively, may meet along a top surface 110 of the pistons 100a, 100b, thereby defining a radially inner interface region I. In the examples shown in FIGS. 2A and 2B, no weld joint between the cooling gallery rings 104 and bodies 102 are positioned within the combustion bowls 120 of the pistons 100a, 100b. </p><p id="p0032" num="0032"> [0028] Referring now to the exemplary piston 100c shown in FIG. 3, in contrast to the exemplary approaches shown in FIGS. 2 A and 2B, corresponding radially outer mating 
<!-- EPO <DP n="8"/>-->
 surfaces 144, 146 of the body 102c and ring 104c, respectively, may meet along the upper surface 110 of the piston in a radially outer interface region O of a piston 100, while corresponding radially inner mating surfaces 140, 142 of the body 102c and ring 104c, respectively, may meet within the combustion bowl 120 along the radially inner interface region I. Accordingly, the radially inner interface region I and associated weld joint between the cooling gallery ring 104c and body 102c are positioned within the combustion bowl 120, with the cooling gallery ring 104c defining a first radially outer portion 120a of the combustion bowl 120. Further, the body 102c may define a radially inner portion 120b of the combustion bowl surface 120 that is disposed radially inwardly of the radially inner interface region I. </p><p id="p0033" num="0033"> [0029] Exemplary pistons 100 may generally employ one or more support surfaces along the radially inner and/or outer interface regions I, O for stabilizing the respective interface region I or O. For example, as seen in FIG. 2A, the radially inner mating surface 194 of the body 102a includes a step portion 201 extending beneath the radially inner mating surface 196 of the ring 104a. The step portion 201 defines a laterally extending surface 202 which faces upwardly toward the radially inner interface region I. Additionally, the radially outer mating surface 192 of the cooling gallery ring 104a defines a second step portion 203 having a vertically extending surface 204. The laterally extending surface 202 and the vertically extending surface 204 may each generally buttress the radially inner and outer interface regions I, O, respectively, providing support to the respective joints between the body 102 and the ring 104a. Moreover, the surfaces 202, 204 may also inhibit (or prevent entirely) weld spatter from intruding into the cooling gallery 108, e.g., and thereby prevent weld spatter from adhering to interior surfaces of the cooling gallery 108. </p><p id="p0034" num="0034"> [0030] Turning now to FIG. 3, the radially outer mating surface 144 of the body 102 is shown with a step portion 208 defining a laterally extending surface 206. The surface 206 may generally support the radially outer interface region O and/or may prevent or inhibit weld spatter from intruding into the cooling gallery 108. Moreover, a spatter trap 170 is provided that generally collects weld spatter during a welding operation, thereby minimizing or preventing entirely any weld spatter from reaching the cooling gallery 108. More specifically, the spatter trap 170 generally defines an unfilled volume or cavity 171 behind a weld site, such that weld spatter that is forced away from the impinging laser beam and/or the joint, e.g., in a longitudinally downward direction in FIG. 3, may generally be collected within the cavity 171 of the spatter trap 170. 
<!-- EPO <DP n="9"/>-->
 [0031] The exemplary cooling gallery ring 104c illustrated in FIG. 3 also includes an undercut portion 400 such that an upper portion of the cooling gallery 108 extends radially inwardly further than an interior surface 108' of the cooling gallery 108. Forming an undercut 400, e.g., by machining the ring 104c, may be simplified in configurations where the radially inner weld joint and interface region I is positioned within the combustion bowl 120. The greater ease of manufacturing such a shape may result from the fact that the undercut 400 is positioned in an area of the ring 104c that is more accessible with a tool, e.g., a machining tool. Accordingly, the undercut 400 may be more easily formed in the cooling gallery ring 104c, as opposed to the body 102c which may be more restrictive of access to the cooling gallery 108, e.g., with a machining tool. </p><p id="p0035" num="0035"> [0032] Moreover, as shown in FIG. 2B, in other exemplary approaches an undercut portion 400' may be formed in the cooling gallery ring 104b such that the undercut portion 400' is in a radially outer portion of the cooling gallery 108. </p><p id="p0036" num="0036"> [0033] Where a piston 100 includes a radially outer interface region in a ringland area, e.g., as shown in FIGS. 2A and 2B, a ring insert 300 (see FIG. 2B) may be provided to enhance a strength of the ring groove 108 and improve retention of a piston ring (not shown) therein. Moreover, the increased strength offered by the ring insert 300 may be particularly advantageous for pistons formed of non-steel materials, e.g., aluminum. The ring insert 300 may be formed of any material that is convenient, e.g., a metallic material. </p><p id="p0037" num="0037">[0034] In each of the illustrated examples in FIGS. 1, 2A, 2B, and 3, the combustion bowl surface 120 may be substantially smooth across an interface, e.g., radially inner interface region I and/or radially inner interface region O, between the ring 104 and the body 102, thereby minimizing disruptions and/or discontinuities in the surface 120. For example, in the examples of FIGS. 2 A and 2B, no weld joint is present within the combustion bowl 120 and thus the combustion bowl is relatively smooth. On the other hand, in the example shown in FIG. 3 where the combustion bowl includes a joint between the ring 104 and body 102, welding and/or machining operations used in the formation of piston assembly 100 may generally attempt to reduce surface irregularities in the combustion bowl surface 120. Minimizing such disruptions or discontinuities may generally reduce cracks or other loosening of an interface between the body 102 and the ring 104 along the interface regions I, O during normal long-term operation. Accordingly, any defects or failure in the combustion bowl surface 120, e.g., due to wear occurring during operation of an engine using piston assembly 100, may be minimized. 
<!-- EPO <DP n="10"/>-->
 [0035] Turning now to FIG. 4, another exemplary piston assembly lOOd is illustrated, comprising a body 102d and cooling ring 104d. The cooling ring 104d defines radially inner and outer mating surfaces 452, 454, respectively. The inner and outer mating surfaces 452, 454 of the cooling ring 104d are engaged with corresponding radially inner and outer mating surfaces 456, 458 of the piston body 102d. The inner and outer mating surfaces 452, 454, 456, 458 are each aligned in a substantially vertical direction with respect to the piston assembly lOOd, i.e., substantially parallel to a longitudinal axis D-D of the piston assembly lOOd. The cooling gallery ring 104d may be received within a channel formed by the radially inner and outer mating surfaces 456, 458 of the body 102d. Subsequently, the cooling gallery ring 104d may be joined to the body 102d, e.g., by laser welding along a radially inner interface region I defined by the radially inner mating surfaces 452, 456, and also along a radially outer interface region O defined by the radially outer mating surfaces 454, 458. </p><p id="p0038" num="0038">[0036] As noted above, the cooling gallery ring 104d may initially be received within the channel defined between the radially inner and outer mating surfaces 456, 458 of the body 102d. The cooling gallery ring 104d may be supported by laterally extending support surfaces 460, 462, allowing the cooling gallery ring 104d to rest within the channel defined between the radially inner and outer mating surfaces 456, 458 of the body 102d prior to any joining operation of the cooling gallery ring 104d and body 102d. More specifically, the laterally extending support surfaces include a radially inner support surface 460 and a radially outer support surface 462. The support surfaces 460, 462 each generally extend in a lateral direction with respect to the piston assembly lOOd, i.e., in a direction substantially perpendicular to the axis D-D of the piston assembly lOOd. </p><p id="p0039" num="0039"> [0037] In one exemplary approach, the cooling gallery ring 104d may be welded in a laser welding process to the body 102d. In such examples, the support surfaces 460, 462 may each inhibit or prevent ingress of weld spatter formed in the laser welding operation into the cooling gallery 108. More specifically, weld spatter may be prevented from reaching the cooling gallery 108 by virtue of the laterally extending support surfaces 460, 462, which generally space the mating surfaces 452, 454, 456, and 458 laterally away from the cooling gallery 108 and/or an entry into the cooling gallery 108 from the mating surfaces 452, 454, 456, and 458. Additionally, the support surfaces 460, 462 cooperate with a backside surface 464 of the cooling gallery ring 104d to form an undulation or tortuous path that inhibits weld spatter from reaching the cooling gallery 108. 
<!-- EPO <DP n="11"/>-->
 [0038] Turning now to FIG. 5, another exemplary piston assembly lOOe is illustrated, comprising a body 102e and cooling ring 104e. The cooling ring 104e defines radially inner and outer mating surfaces 552, 554, respectively. The inner and outer mating surfaces 552, 554 of the cooling ring 104e are engaged with corresponding radially inner and outer mating surfaces 556, 558 of the piston body 102e. The inner mating surfaces 552, 554 of the piston assembly lOOe are aligned substantially parallel with respect to a longitudinal axis E-E of the piston assembly lOOe, while the radially outer mating surfaces 556, 558 are aligned substantially perpendicular to the axis E-E. The cooling gallery ring 104e may be placed upon the body 102d such that the mating surfaces 552, 554 are aligned with the corresponding mating surface 556, 558 of the body 102e, respectively. Subsequently, the cooling gallery ring 104e may be joined to the body 102e, e.g., by laser welding along a radially inner interface region I defined by the radially inner mating surfaces 552, 556, and also along a radially outer interface region O defined by the radially outer mating surfaces 554, 558. </p><p id="p0040" num="0040"> [0039] The cooling gallery ring 104e may include a vertically extending support 580 which defines a vertically extending support surface 582 facing radially outwardly with respect to the piston assembly lOOe. Additionally, the piston body 102e may define a laterally extending support 584 which defines a laterally extending support surface 586. </p><p id="p0041" num="0041">[0040] In one exemplary approach, the cooling gallery ring 104e may be welded in a laser welding process to the body 102e. In such examples, the support surfaces 582, 586 may each inhibit or prevent ingress of weld spatter formed in the laser welding operation into the cooling gallery 108. More specifically, weld spatter may be prevented or inhibited from reaching the cooling gallery 108 from the radially outer interface region O by virtue of the vertically extending support surface 582, which generally spaces the mating surfaces 554, 558 vertically away from an entry into the cooling gallery 108. Similarly, weld spatter from the radially inner interface region I may be prevented or inhibited from reaching the cooling gallery 108 by the laterally extending support surface 586. The support surface 586 of the body 102e may cooperate with a backside surface 588 of the cooling gallery ring 104e to form an undulation or tortuous path positioned between the mating surfaces 552, 556 and the cooling gallery 108, thereby inhibiting or preventing weld spatter from reaching the cooling gallery 108 from the radially inner interface region I. Additionally, the support surface 582 of the cooling gallery ring 104e may cooperate with a backside surface 590 of the body 102e to form an undulation or tortuous path positioned between the mating surfaces 554, 558 and 
<!-- EPO <DP n="12"/>-->
 the cooling gallery 108, thereby inhibiting or preventing weld spatter from reaching the cooling gallery 108 from the radially outer interface region O. </p><p id="p0042" num="0042"> [0041] In each of the exemplary illustrations shown in FIGS. 1, 2A, 2B, 3, 4, and 5, the piston body 102 and the cooling gallery ring 104 may be secured or fixedly joined to one another in a welding operation such as laser welding. In one exemplary illustration, the piston body 102 and cooling gallery ring 104 are secured to one another along both the radially inner and outer interface regions I, O. A laser weld may allow the weld tool to form a generally smooth surface along external surfaces of the piston 100 adjacent the interface regions I, O. This may be particularly advantageous in providing a relatively smooth combustion bowl surface 120 where a joint is positioned in the combustion bowl 120, and may accordingly reduce any need to subsequently machine external piston surfaces such as the combustion bowl surface 120. In one exemplary illustration, at most minimal machining operations before and/or after a welding process associated with joining the body 102 and the cooling gallery ring 104 may be needed. Moreover, in some examples no machining at all may be necessary. </p><p id="p0043" num="0043"> [0042] A laser welding operation may generally allow the formation of a solid metallic weld between the body 102 and the ring 104 while also minimizing the size of an associated heat affected zone. More specifically, a weld laser may generally be employed to propagate a heat affected zone in the radially inner interface region I and/or radially outer interface regions O, which may include or be directly adjacent mating surfaces of the body 102 and ring 104, thereby welding together the body 102 and ring 104 along the mating surfaces in the interface regions I, O. </p><p id="p0044" num="0044"> [0043] Exemplary heat-affected zones (HAZ) 600, 602 are illustrated in the radially inner and outer interface regions I, O, respectively, in FIG. 1, as indicated by the shaded regions. The HAZ 600, 602 may generally represent zones in which material of the cooling gallery ring 104 and body 102 are melted or otherwise affected to join the two components. As best seen in FIG. 1, the heat affected zones 600, 602 may generally define a narrowing width extending further into the joint, generally corresponding to a diminishing ability of a laser to affect material laterally spaced from the laser moving in a direction deeper into the joint. </p><p id="p0045" num="0045">[0044] Where the ring 104 and body 102 are joined using a laser welding process, a weld laser may be used in a generally continuous welding process that extends substantially about the entire circumference of the interface regions I and/or O, such that the weld extends 
<!-- EPO <DP n="13"/>-->
 substantially about the entire piston 100. Alternatively, a series of discrete welds may be made along the circumferential extent of the interface region I and/or O. </p><p id="p0046" num="0046">[0045] A laser welding operation used to join the body 102 and cooling gallery ring 104 may have several advantages compared with other welding methodologies such as friction welding. A laser welding operation typically results in a relatively small heat-affected zone, sometimes as little as a few millimeters. Nevertheless, the heat affected zone may advantageously include a mating surface of the body 102 as well as a corresponding mating surface of the ring 104, as will be described further below. Additionally, a laser weld may be performed in virtually any location on the piston 100 that can be accessed by an impinging laser beam. Accordingly, a laser welding operation may allow substantial flexibility in choosing the location on the piston 100 for an interface region between the body 102 and ring 104, e.g., the radially inner and outer interface regions I, O. </p><p id="p0047" num="0047"> [0046] By comparison, known friction welding methods generally require mating surfaces of the joined components to be normal to the weld and/or piston axis. More specifically, surfaces being friction welded together must generally be aligned normal to a direction associated with the movement of the welded components during the friction welding process, which typically is parallel to the piston axis. Additionally, the extremely large magnitude forces used to drive components being friction welded together requires correspondingly large degrees of support for the welded surfaces in order to prevent damage to the components during welding. Finally, friction welding necessarily requires that components be rotationally symmetrical in order to allow joining the cylindrical parts by rotation at high speeds. A laser welding process, by contrast, does not require the piston components, e.g., body 102 and ring 104, to resist the extremely large application forces such as those applied during a friction welding process. Additionally, a laser welding process does not require rotational symmetry since no parts need be moved or rotated during the laser welding process. In fact, asymmetrical or offset interface regions may be employed, e.g., resulting in an asymmetrical combustion bowl (not shown). </p><p id="p0048" num="0048"> [0047] Cooling gallery 108 may advantageously define one or more openings (not shown) that allows for gases to escape during a laser welding process. The provision of at least one opening may be beneficial during the welding process, when any gases or air present inside the cooling gallery 108 will tend to expand rapidly. The openings may thereby prevent damage to the cooling gallery 108 and adjacent surfaces of the piston 100 due to the expansion of gases or air. Moreover, a "keyhole effect" of the expanding gases may damage 
<!-- EPO <DP n="14"/>-->
 the weld along the interface regions I, O. More specifically, as the weld seals the cooling gallery 108, expanding gases will tend to damage the weld zone by escaping through the molten material before the material adequately hardens, unless an escape path is provided for the expanding gases, e.g., by the openings. Additionally, openings may be needed to allow coolant, e.g., oil, to be circulated through the cooling gallery during operation. Moreover, any openings may also allow for removal of weld spatter from a laser welding process, as will be described further below. In one exemplary illustration, one or more openings, e.g., opening 150, are provided in the cooling gallery 108 in a lower surface thereof, thereby allowing the openings to be employed as oil/cooling circulation inlets or outlets during operation of the piston 100. </p><p id="p0049" num="0049"> [0048] The piston body 102 and cooling gallery ring 104 of the exemplary pistons 100 may be constructed from any materials that are convenient, e.g., which are susceptible to being laser welded. Merely by way of example, any metallic containing compounds that are receptive to being laser welded may be employed. In one exemplary illustration, the body 102 and cooling gallery ring 104 are formed of the same material, e.g., aluminum. In another example, the body 102 and cooling gallery ring 104 are each formed of a steel material. Moreover, the body 102 and cooling gallery ring 104 need not be formed of a same material. Accordingly, a material used for the components may be more closely matched with the general requirements and operating conditions relevant to each. Piston body 102 may, merely as examples, include different mechanical properties, e.g., yield point, tensile strength or notch toughness, than the cooling gallery ring 104. Any material or combination may be employed for the body 102 and cooling gallery ring 104 that is convenient. Merely as examples, the body 102 and/or cooling gallery ring 104 may be formed of an aluminum material, a steel material, cast iron, composite, or powdered metal material. The body 102 and/or cooling gallery ring 104 may also be formed in different processes, e.g., the body 102 may be a generally single cast piece, while the cooling gallery ring 104 may be forged. Any material and/or forming combination may be employed that is convenient. As noted above, certain material selections, e.g., aluminum for the body 102 and cooling gallery ring 104, may benefit features described herein that offer increased localized rigidity or strength such as the piston ring insert 300 and/or support surfaces in one or both interface regions I, O of the piston 100. </p><p id="p0050" num="0050"> [0049] Prior to securing the body 102 and ring 104 together, e.g., via laser welding, the body 102 and ring 104 may be pre-assembled in a secure and yet non-permanent manner. For 
<!-- EPO <DP n="15"/>-->
 example, a shrink fit or interference fit between the two components may be employed. In one example, the body 102 is placed at an elevated temperature, initiating a thermal expansion sufficient to allow insertion of the ring 104 into the body 102. Upon cooling of the body 102 to a lower temperature, the thermal expansion of the body 102 is reversed, thereby constraining the ring 104 in place. In another exemplary illustration, the body 102 and ring 104 are formed of materials having different coefficients of thermal expansion, such that application of heat to both components results in a greater degree of thermal expansion of the body 102, allowing insertion of the ring 104. </p><p id="p0051" num="0051"> [0050] A small weld tack may, alternatively or in addition to the shrink fit or interference fit described above, be employed to further secure the body 102 and ring 104 together prior to permanently joining the body 102 and ring 104, e.g., in a laser welding process. </p><p id="p0052" num="0052">[0051] A laser welding process may advantageously allow for smaller heat-affected zones in the components being welded together, e.g., of only a few millimeters, as noted above. However, the relatively small heat-affected zone may also result in an extreme temperature gradient within the material adjacent the heat affected zone or weld. Accordingly, cracks may propagate in the welded material due to the large temperature change in the material over a very small distance. It may therefore be desirable to reduce this gradient by preheating the welded components, e.g., in a furnace or by induction. In one exemplary illustration, both the body 102 and ring 104 are heated to between approximately 200 and 600 degrees Celsius. </p><p id="p0053" num="0053"> [0052] Any variety of laser welding systems may be employed as part of an exemplary laser welding process. For example, a solid state, disk, carbon-dioxide, or fiber laser may be employed. Carbon-dioxide laser systems are well known and may therefore be more familiar in mass manufacturing settings than, for example, more recently developed fiber laser systems. However, a carbon-dioxide laser process also typically requires a large machine that cannot be easily moved, e.g., around a manufacturing facility, whereas a solid state laser may be employed anywhere a fiber or light-transmitting medium can be extended. </p><p id="p0054" num="0054">[0053] Typically, a thicker weld joint may require a greater power laser to properly melt the materials being joined. In one exemplary illustration, a 6 millimeter (mm) thickness of the materials being joined is adequately welded with a 6 kilowatt (kW) laser at a feed rate of 2.0 meters per minute, using a beam width or thickness of 300-400 micrometers (μιη). </p><p id="p0055" num="0055">[0054] In another exemplary illustration, multiple laser beams may be employed to execute a laser welding process. More specifically, two beams may be used which travel together 
<!-- EPO <DP n="16"/>-->
 about an interface region I or O of a piston 100, with one beam following behind the other. Power of the laser may be generally evenly divided between the two beams. In one example, a spacing of 0.2-0.5 millimeters between the laser beams may be employed. In another example, a spacing of 0.39 millimeters is used. The focal length of the laser beams may be between approximately 150-400 millimeters and in one example is approximately 300 millimeters. Moreover, a laser may be used at a power level between approximately 3.5 kW - 6.0 kW, and a feed rate (i.e., a speed at which the laser beam(s) travel along an interface region I and/or O during a welding operation) of 1.0-2.0 meters/second. </p><p id="p0056" num="0056">[0055] After welding the body 102 and ring 104 together, any weld spatter may be removed from the cooling gallery 108. In one exemplary illustration, a high pressure flushing operation may be employed, where a fluid is circulated through the cooling gallery 108 at high pressure. Removal of weld spatter may be facilitated, as noted above, with a coating on the inner surfaces of the cooling gallery 108, e.g., a carbon coating. The exemplary support surfaces described above in regard to the pistons 100 may generally reduce a need for removal of weld spatter, and in some cases may eliminate the need entirely. </p><p id="p0057" num="0057">[0056] Turning now to FIG. 6, an exemplary process 600 for making a piston assembly is illustrated. Process 600 may begin at block 602, where a piston body is provided. For example, as described above a piston body 102 may be formed, e.g., in a casting, forging, or machining process, merely as examples. Moreover, the piston body 102 may include radially inner and outer mating surfaces, e.g., as described above for piston assemblies 100a, 100b, 100c, lOOd, or lOOe. Process 600 may then proceed to block 604. </p><p id="p0058" num="0058"> [0057] At block 604, a cooling gallery ring may be assembled to the body. For example, as described above a cooling gallery ring 104 may be formed, e.g., in a casting, forging, or machining process, merely as examples. Moreover, the cooling gallery ring 104 may include radially inner and outer mating surfaces corresponding to those of the piston body 102. In some exemplary approaches, the ring 104 may be assembled to the body 102 in a manner to facilitate secure positioning of the ring 104 relative to the body 102, without permanently securing the two components together. For example, a shrink fit may be used, e.g., by bringing the temperature of the body 102 to a sufficiently elevated temperature such that the ring 104 fits into the body 102, or vice versa. Moreover, a relatively small mechanical fastening between the body 102 and ring 104 may be employed, e.g., a weld tack. Additionally, as noted above the ring 104 may be formed of a same material or a different material as the body 102. Process 600 may then proceed to block 606. 
<!-- EPO <DP n="17"/>-->
 [0058] At block 406, the body 102 may be joined to ring 104 along at least one interface region. For example, as noted above in some exemplary approaches a laser weld may be employed to join corresponding mating surfaces of the ring 104 and body 102 along a radially inner interface region I and/or a radially outer interface region O. At least one of the cooling gallery ring 104 and the body 102 may be pre-heated, e.g., to facilitate pre-assembly of the ring 104 and body 102, as well as reduce temperature gradients within the ring 104 and/or body 102 as a result of a laser welding process. </p><p id="p0059" num="0059"> [0059] Proceeding to block 408, at least one support surface may be provided adjacent a mating surface of the cooling gallery ring 104 and/or body 102. Merely as examples, as described above surfaces 202 and/or 204 of piston assembly 100a, surfaces 206 of piston assembly 100c, surfaces 460, 462 of piston assembly lOOd, and surfaces 582, 586 of piston assembly lOOe may generally define in part an angled or tortuous path, and/or an undulation which generally inhibits weld spatter from an adjacent mating surface of the cooling gallery ring 104 and/or body 102 from reaching the cooling gallery 108. </p><p id="p0060" num="0060"> [0060] In some examples, weld spatter may subsequently be removed from the piston, and in particular from the cooling gallery 108, e.g., by "catching" spatter with a temperature- resistant material or flame-resistant material placed within the cooling gallery 108 prior to laser welding, or by using a high-pressure flushing operation to dislodge and remove any weld spatter that adheres to the interior surfaces of the cooling gallery 108. Nevertheless, the support surface(s) may inhibit or eliminate entirely weld spatter that is created within the cooling gallery 108, reducing or eliminating the need for weld spatter removal in some examples. </p><p id="p0061" num="0061"> [0061] The exemplary pistons 100 disclosed herein may be employed in small and large bore diameter applications, generally without limitation. The reduced material flash and weld joint size may advantageously allow for smaller overall geometry of the piston 100. Compression height, i.e., ratio of piston diameter to a distance between the upper surface 1 10 and a center of the bore defined by the pin bosses 105 may be reduced. In one exemplary illustration, a piston 100 may have a compression height of approximately twenty-five (25) to fifty-five (55) percent (compared with known compression heights of approximately fifty- five (55) to seventy (70) percent for a comparable friction welded design). The minimal or nonexistent weld flash may also facilitate shallow bowl geometry. Finally, a smaller compression height reduces size and weight of the piston 100, allowing smaller engine blocks and smaller components overall, allowing greater freedom in vehicle packaging around the 
<!-- EPO <DP n="18"/>-->
 engine block. A longer connecting rod may also be employed where compression height is minimized, reducing lateral forces during engine operation against the engine bore. This may in turn reduce friction between the piston 100 and the bore, improving engine efficiency. </p><p id="p0062" num="0062">[0062] Additionally, the piston assembly 100 may also tolerate increased peak combustion pressures as a result of the rigidity of the piston assembly 100 and the additional flexibility in material selection. Manufacturing costs may also be reduced due to the simplified forging and welding processes that may be used in some exemplary illustrations. </p><p id="p0063" num="0063">[0063] With regard to the processes, systems, methods, heuristics, etc. described herein, it should be understood that, although the steps of such processes, etc. have been described as occurring according to a certain ordered sequence, such processes could be practiced with the described steps performed in an order other than the order described herein. It further should be understood that certain steps could be performed simultaneously, that other steps could be added, or that certain steps described herein could be omitted. In other words, the descriptions of processes herein are provided for the purpose of illustrating certain embodiments, and should in no way be construed so as to limit the claimed invention. </p><p id="p0064" num="0064">[0064] Accordingly, it is to be understood that the above description is intended to be illustrative and not restrictive. Many embodiments and applications other than the examples provided would be upon reading the above description. The scope of the invention should be determined, not with reference to the above description, but should instead be determined with reference to the appended claims, along with the full scope of equivalents to which such claims are entitled. It is anticipated and intended that future developments will occur in the arts discussed herein, and that the disclosed systems and methods will be incorporated into such future embodiments. In sum, it should be understood that the invention is capable of modification and variation and is limited only by the following claims. </p><p id="p0065" num="0065"> [0065] All terms used in the claims are intended to be given their broadest reasonable constructions and their ordinary meanings as understood by those skilled in the art unless an explicit indication to the contrary in made herein. In particular, use of the singular articles such as "a," "the," "said," etc. should be read to recite one or more of the indicated elements unless a claim recites an explicit limitation to the contrary. 
</p></description><claims mxw-id="PCLM70076590" ref-ucid="WO-2014130827-A1" lang="EN" load-source="patent-office"><claim-statement><!-- EPO <DP n="19"/>--> CLAIMS  What is claimed is: </claim-statement><claim id="clm-0001" num="1"><claim-text>1. A method, comprising: </claim-text><claim-text> providing a piston body defining a piston axis and at least a portion of an upper combustion bowl surface, the piston body forming a lower surface of a cooling gallery, the body including radially inner and outer body mating surfaces; </claim-text><claim-text> assembling a cooling gallery ring with the piston body, the cooling gallery ring including a radially inner ring mating surface and a radially outer ring mating surface; </claim-text><claim-text> laser welding the body to the cooling gallery ring along a radially inner interface region, the radially inner interface region including the radially inner mating surfaces of the body and the cooling gallery ring; and </claim-text><claim-text> laser welding the body to the cooling gallery ring along a radially outer interface region, the radially outer interface region including the radially outer mating surfaces of the body and cooling gallery ring; </claim-text><claim-text> wherein at least one of the mating surfaces includes a step portion supporting an adjacent interface region between the cooling gallery ring and the piston body. </claim-text></claim><claim id="clm-0002" num="2"><claim-text>2. The method of claim 1, wherein the laser welding includes directing a weld laser substantially parallel to the piston axis toward one of the radially inner and radially outer mating surfaces of the body and cooling gallery ring. </claim-text></claim><claim id="clm-0003" num="3"><claim-text>3. The method of claim 1, wherein the laser welding includes directing a weld laser in a direction toward one of the radially inner and radially outer mating surfaces of the body and cooling gallery ring, the direction defining a non-parallel angle with respect to the piston axis </claim-text></claim><claim id="clm-0004" num="4"><claim-text>4. The method of claim 1 , wherein the piston body includes a skirt configured to interface with an engine bore surface. </claim-text></claim><claim id="clm-0005" num="5"><claim-text>5. The method of claim 1, further comprising heating at least one of the body and the cooling gallery ring prior to the laser welding. 
<!-- EPO <DP n="20"/>-->
</claim-text></claim><claim id="clm-0006" num="6"><claim-text>6. The method of claim 1, wherein the step portion includes a spatter trap configured to receive weld spatter, the spatter trap defining an enclosed volume adjacent to a weld site associated with one of the radially inner and outer interface regions. </claim-text></claim><claim id="clm-0007" num="7"><claim-text>7. The method of claim 1, wherein the piston body and cooling gallery ring are each formed of an aluminum material. </claim-text></claim><claim id="clm-0008" num="8"><claim-text>8. The method of claim 1 , wherein the radially outer interface region is elongated in a direction parallel to the piston axis. </claim-text></claim><claim id="clm-0009" num="9"><claim-text>9. The method of claim 1, further comprising providing at least one support surface adjacent at least one of the mating surfaces. </claim-text></claim><claim id="clm-0010" num="10"><claim-text>10. The method of claim 9, wherein the support surface defines at least in part a tortuous path between the at least one of the mating surfaces and the cooling gallery. </claim-text></claim><claim id="clm-0011" num="11"><claim-text>11. The method of claim 9, wherein the support surface is configured to inhibit weld spatter from reaching the cooling gallery. </claim-text></claim><claim id="clm-0012" num="12"><claim-text>12. A piston assembly, comprising: </claim-text><claim-text> a piston body defining a piston axis and at least a portion of an upper combustion bowl surface, the piston body having a skirt and forming a lower surface of a cooling gallery, the body including radially inner and outer body mating surfaces; and </claim-text><claim-text> a cooling gallery ring including a radially inner ring mating surface abutted along a radially inner interface region with the radially inner body mating surface, the cooling gallery ring including a radially outer ring mating surface abutted along a radially outer interface region with the radially outer body mating surface such that the cooling gallery is </claim-text><claim-text>substantially enclosed; </claim-text><claim-text> wherein the piston body and cooling gallery ring are welded together along the radially inner and radially outer interface regions; and </claim-text><claim-text> wherein at least one of the mating surfaces includes a step portion supporting an adjacent interface region between the cooling gallery ring and the piston body. 
<!-- EPO <DP n="21"/>-->
</claim-text></claim><claim id="clm-0013" num="13"><claim-text>13. The piston assembly of claim 12, wherein the body defines a radially outer portion of the combustion bowl surface and the ring defines a radially inner portion of the combustion bowl surface. </claim-text></claim><claim id="clm-0014" num="14"><claim-text>14. The piston assembly of claim 12, wherein the body defines an entire portion of the combustion bowl surface. </claim-text></claim><claim id="clm-0015" num="15"><claim-text>15. The piston assembly of claim 12, wherein the step portion includes a spatter trap configured to receive weld spatter. </claim-text></claim><claim id="clm-0016" num="16"><claim-text>16. The piston assembly of claim 15, wherein the spatter trap defines an enclosed volume adjacent to a weld site associated with one of the radially inner and outer interface regions. </claim-text></claim><claim id="clm-0017" num="17"><claim-text>17. The piston assembly of claim 12, further comprising a ring insert received within a piston ring groove, the ring insert defining a cavity configured to retain a piston ring. </claim-text></claim><claim id="clm-0018" num="18"><claim-text>18. The piston assembly of claim 12, wherein the piston body and cooling gallery ring are each formed of an aluminum material. </claim-text></claim><claim id="clm-0019" num="19"><claim-text>19. The piston assembly of claim 12, wherein at least one of the cooling gallery ring and the piston body defines a support surface adjacent at least one of the mating surfaces. </claim-text></claim><claim id="clm-0020" num="20"><claim-text>20. The piston assembly of claim 19, wherein the support surface defines at least in part a tortuous path between the at least one of the mating surfaces and the cooling gallery. 
</claim-text></claim></claims><copyright>User acknowledges that Fairview Research LLC and its third party providers retain all right, title and interest in and to this xml under applicable copyright laws.  User acquires no ownership rights to this xml including but not limited to its format.  User hereby accepts the terms and conditions of the Licence Agreement</copyright></patent-document>
