<?xml version="1.0" encoding="UTF-8"?>
<patent-document ucid="EP-2680793-A1" country="EP" doc-number="2680793" kind="A1" date="20140108" family-id="46798436" file-reference-id="315733" date-produced="20180823" status="corrected" lang="EN"><bibliographic-data><publication-reference fvid="146586868" ucid="EP-2680793-A1"><document-id><country>EP</country><doc-number>2680793</doc-number><kind>A1</kind><date>20140108</date><lang>EN</lang></document-id></publication-reference><application-reference ucid="EP-11860409-A" is-representative="NO"><document-id mxw-id="PAPP154849060" load-source="docdb" format="epo"><country>EP</country><doc-number>11860409</doc-number><kind>A</kind><date>20111227</date><lang>SV</lang></document-id><document-id mxw-id="PAPP206119884" load-source="docdb" format="original"><country>EP</country><doc-number>11860409.9</doc-number><date>20111227</date><lang>SV</lang></document-id></application-reference><priority-claims><priority-claim mxw-id="PPC140556771" ucid="SE-1150197-A" load-source="docdb"><document-id format="epo"><country>SE</country><doc-number>1150197</doc-number><kind>A</kind><date>20110304</date></document-id></priority-claim><priority-claim mxw-id="PPC140556484" ucid="SE-2011051594-W" linkage-type="W" load-source="docdb"><document-id format="epo"><country>SE</country><doc-number>2011051594</doc-number><kind>W</kind><date>20111227</date></document-id></priority-claim></priority-claims><technical-data><classifications-ipcr><classification-ipcr mxw-id="PCL-1844959306" load-source="docdb">A61F   2/46        20060101ALN20170215BHEP        </classification-ipcr><classification-ipcr mxw-id="PCL-1844959307" load-source="docdb">A61F   2/42        20060101AFI20170215BHEP        </classification-ipcr><classification-ipcr mxw-id="PCL-1844959308" load-source="docdb">A61F   2/30        20060101ALI20170215BHEP        </classification-ipcr><classification-ipcr mxw-id="PCL-1844959309" load-source="docdb">A61B  17/80        20060101ALN20170215BHEP        </classification-ipcr><classification-ipcr mxw-id="PCL-1844959310" load-source="docdb">A61B  17/72        20060101ALI20170215BHEP        </classification-ipcr><classification-ipcr mxw-id="PCL-1844959311" load-source="docdb">A61B  17/17        20060101ALN20170215BHEP        </classification-ipcr></classifications-ipcr><classifications-cpc><classification-cpc mxw-id="PCL-1699682404" load-source="docdb" scheme="CPC">A61B  17/1782      20161101 LA20180205BHEP        </classification-cpc><classification-cpc mxw-id="PCL-1861388916" load-source="docdb" scheme="CPC">A61F2002/30632     20130101 LA20161229BHEP        </classification-cpc><classification-cpc mxw-id="PCL-1861389875" load-source="docdb" scheme="CPC">A61F2220/0016      20130101 LA20161229BHEP        </classification-cpc><classification-cpc mxw-id="PCL-1861391359" load-source="docdb" scheme="CPC">A61F   2/4241      20130101 FI20161229BHEP        </classification-cpc><classification-cpc mxw-id="PCL-1861392012" load-source="docdb" scheme="CPC">A61F2002/4256      20130101 LA20161229BHEP        </classification-cpc><classification-cpc mxw-id="PCL-1861393054" load-source="docdb" scheme="CPC">A61B  17/1739      20130101 LI20161229BHEP        </classification-cpc><classification-cpc mxw-id="PCL-1861394144" load-source="docdb" scheme="CPC">A61F2002/30649     20130101 LA20161229BHEP        </classification-cpc><classification-cpc mxw-id="PCL-1861395003" load-source="docdb" scheme="CPC">A61F   2/4261      20130101 LI20170106BHEP        </classification-cpc><classification-cpc mxw-id="PCL-1861396006" load-source="docdb" scheme="CPC">A61F2250/0006      20130101 LA20161229BHEP        </classification-cpc><classification-cpc mxw-id="PCL-1861396573" load-source="docdb" scheme="CPC">A61B  17/8061      20130101 LI20161229BHEP        </classification-cpc><classification-cpc mxw-id="PCL-1939984391" load-source="docdb" scheme="CPC">A61F2002/30578     20130101 LA20160507BHEP        </classification-cpc><classification-cpc mxw-id="PCL-1939984992" load-source="docdb" scheme="CPC">A61F2002/4264      20130101 LA20160507BHEP        </classification-cpc><classification-cpc mxw-id="PCL-1939985264" load-source="docdb" scheme="CPC">A61F2002/30332     20130101 LA20160507BHEP        </classification-cpc><classification-cpc mxw-id="PCL-1939985296" load-source="docdb" scheme="CPC">A61F2002/30622     20130101 LA20160507BHEP        </classification-cpc><classification-cpc mxw-id="PCL-1939985910" load-source="docdb" scheme="CPC">A61F2002/30405     20130101 LA20160507BHEP        </classification-cpc><classification-cpc mxw-id="PCL-1939986294" load-source="docdb" scheme="CPC">A61F2002/30471     20130101 LA20160507BHEP        </classification-cpc><classification-cpc mxw-id="PCL-1939986667" load-source="docdb" scheme="CPC">A61F2002/30494     20130101 LA20160507BHEP        </classification-cpc><classification-cpc mxw-id="PCL-1939986741" load-source="docdb" scheme="CPC">A61F2002/30507     20130101 LA20160507BHEP        </classification-cpc><classification-cpc mxw-id="PCL-1939987480" load-source="docdb" scheme="CPC">A61F2002/30614     20130101 LA20160507BHEP        </classification-cpc><classification-cpc mxw-id="PCL-1939987922" load-source="docdb" scheme="CPC">A61F2002/30607     20130101 LA20160507BHEP        </classification-cpc><classification-cpc mxw-id="PCL-1939987977" load-source="docdb" scheme="CPC">A61B  17/1725      20130101 LA20160507BHEP        </classification-cpc><classification-cpc mxw-id="PCL-1939989019" load-source="docdb" scheme="CPC">A61F2002/30433     20130101 LA20160507BHEP        </classification-cpc><classification-cpc mxw-id="PCL-1939989256" load-source="docdb" scheme="CPC">A61B  17/80        20130101 LA20160507BHEP        </classification-cpc><classification-cpc mxw-id="PCL-1939989586" load-source="docdb" scheme="CPC">A61F2002/3085      20130101 LA20160507BHEP        </classification-cpc><classification-cpc mxw-id="PCL-1939989611" load-source="docdb" scheme="CPC">A61B  17/7291      20130101 LI20160507BHEP        </classification-cpc><classification-cpc mxw-id="PCL-1939989846" load-source="docdb" scheme="CPC">A61F2002/30538     20130101 LA20160507BHEP        </classification-cpc><classification-cpc mxw-id="PCL-1939990338" load-source="docdb" scheme="CPC">A61F2002/4677      20130101 LA20160507BHEP        </classification-cpc></classifications-cpc><invention-title mxw-id="PT132365237" lang="DE" load-source="patent-office">PROTHESE FÜR ARTHRODHESE</invention-title><invention-title mxw-id="PT132365238" lang="EN" load-source="patent-office">PROSTHESIS FOR ARTHRODHESIS</invention-title><invention-title mxw-id="PT132365239" lang="FR" load-source="patent-office">PROTHÈSE POUR ARTHRODHÈSE</invention-title></technical-data><parties><applicants><applicant mxw-id="PPAR919526305" load-source="docdb" sequence="1" format="epo"><addressbook><last-name>SWEMAC INNOVATION AB</last-name><address><country>SE</country></address></addressbook></applicant><applicant mxw-id="PPAR919507708" load-source="docdb" sequence="1" format="intermediate"><addressbook><last-name>SWEMAC INNOVATION AB</last-name></addressbook></applicant><applicant mxw-id="PPAR919011256" load-source="patent-office" sequence="1" format="original"><addressbook><last-name>Swemac Innovation Ab</last-name><iid>101140185</iid><address><street>Industrigatan 11</street><city>582 77 Linköping</city><country>SE</country></address></addressbook></applicant></applicants><inventors><inventor mxw-id="PPAR919512401" load-source="docdb" sequence="1" format="epo"><addressbook><last-name>OESTER LARS</last-name><address><country>SE</country></address></addressbook></inventor><inventor mxw-id="PPAR919529937" load-source="docdb" sequence="1" format="intermediate"><addressbook><last-name>OESTER, LARS</last-name></addressbook></inventor><inventor mxw-id="PPAR919015566" load-source="patent-office" sequence="1" format="original"><addressbook><last-name>ÖSTER, Lars</last-name><address><street>Finnebodavägen 28</street><city>S-531 58 Lidköping</city><country>SE</country></address></addressbook></inventor></inventors><agents><agent mxw-id="PPAR919005994" load-source="patent-office" sequence="1" format="original"><addressbook><last-name>VALEA AB</last-name><iid>101164609</iid><address><street>Anna Lindhs Plats 4</street><city>211 19 Malmö</city><country>SE</country></address></addressbook></agent></agents></parties><international-convention-data><pct-or-regional-filing-data ucid="SE-2011051594-W"><document-id><country>SE</country><doc-number>2011051594</doc-number><kind>W</kind><date>20111227</date><lang>EN</lang></document-id></pct-or-regional-filing-data><pct-or-regional-publishing-data ucid="WO-2012121640-A1"><document-id><country>WO</country><doc-number>2012121640</doc-number><kind>A1</kind><date>20120913</date><lang>EN</lang></document-id></pct-or-regional-publishing-data><designated-states><ep-contracting-states><country mxw-id="DS549766159" load-source="docdb">AL</country><country mxw-id="DS549845416" load-source="docdb">AT</country><country mxw-id="DS549766160" load-source="docdb">BE</country><country mxw-id="DS549916923" load-source="docdb">BG</country><country mxw-id="DS549777515" load-source="docdb">CH</country><country mxw-id="DS549847216" load-source="docdb">CY</country><country mxw-id="DS549845417" load-source="docdb">CZ</country><country mxw-id="DS549766165" load-source="docdb">DE</country><country mxw-id="DS549847217" load-source="docdb">DK</country><country mxw-id="DS549847222" load-source="docdb">EE</country><country mxw-id="DS549861626" load-source="docdb">ES</country><country mxw-id="DS549916924" load-source="docdb">FI</country><country mxw-id="DS549916925" load-source="docdb">FR</country><country mxw-id="DS549766166" load-source="docdb">GB</country><country mxw-id="DS549847223" load-source="docdb">GR</country><country mxw-id="DS549766167" load-source="docdb">HR</country><country mxw-id="DS549845422" load-source="docdb">HU</country><country mxw-id="DS549777516" load-source="docdb">IE</country><country mxw-id="DS549847224" load-source="docdb">IS</country><country mxw-id="DS549916926" load-source="docdb">IT</country><country mxw-id="DS549847225" load-source="docdb">LI</country><country mxw-id="DS549765832" load-source="docdb">LT</country><country mxw-id="DS549845423" load-source="docdb">LU</country><country mxw-id="DS549765841" load-source="docdb">LV</country><country mxw-id="DS549765842" load-source="docdb">MC</country><country mxw-id="DS549847455" load-source="docdb">MK</country><country mxw-id="DS549847456" load-source="docdb">MT</country><country mxw-id="DS549845424" load-source="docdb">NL</country><country mxw-id="DS549766168" load-source="docdb">NO</country><country mxw-id="DS549847230" load-source="docdb">PL</country><country mxw-id="DS549765843" load-source="docdb">PT</country><country mxw-id="DS549845425" load-source="docdb">RO</country><country mxw-id="DS549765844" load-source="docdb">RS</country><country mxw-id="DS549847231" load-source="docdb">SE</country><country mxw-id="DS549916927" load-source="docdb">SI</country><country mxw-id="DS549766173" load-source="docdb">SK</country><country mxw-id="DS549847232" load-source="docdb">SM</country><country mxw-id="DS549847457" load-source="docdb">TR</country></ep-contracting-states></designated-states></international-convention-data><office-specific-data><eptags><ep-no-a-document-published>*</ep-no-a-document-published></eptags></office-specific-data></bibliographic-data><abstract mxw-id="PA100066792" ref-ucid="WO-2012121640-A1" lang="EN" load-source="patent-office"><p num="0000">A prosthesis for primary artrodhesis can be used for artroplasty and a prosthesis for artro- plasty comprises members for artrodhesis. The prosthesis (1 b) for primary artrodhesis comprises a locking member (33b) with an attachment portion (16b) which is insertable into a hole (8b) in a first attachment member (4b) of the prosthesis for location of the locking member therein, and a lockable member (34b) integral with a second attachment member (5b) of the prosthesis. The lockable member (34b) is configured for adjustable setting thereof relative to the locking member (33b) and for fixation thereof, in set position, to the locking member. Alternatively, the lockable member comprises an attachment portion which is insertable into a hole in the second attachment member for location of the lockable member therein. At the prosthesis for artroplasty, the hole in the first screw-like attachment member is partly configured to define a press fit with an attachment pin of a socket member and partly threaded to permit, after removal of the socket member, during artrodhesis, securing by screwing in the hole of the locking member for cooperation with a lockable member which is configured for adjustable setting thereof relative to the locking member and for fixation thereof, in set position, to the locking member.</p></abstract><abstract mxw-id="PA100335896" ref-ucid="WO-2012121640-A1" lang="EN" source="national office" load-source="docdb"><p>A prosthesis for primary artrodhesis can be used for artroplasty and a prosthesis for artro- plasty comprises members for artrodhesis. The prosthesis (1 b) for primary artrodhesis comprises a locking member (33b) with an attachment portion (16b) which is insertable into a hole (8b) in a first attachment member (4b) of the prosthesis for location of the locking member therein, and a lockable member (34b) integral with a second attachment member (5b) of the prosthesis. The lockable member (34b) is configured for adjustable setting thereof relative to the locking member (33b) and for fixation thereof, in set position, to the locking member. Alternatively, the lockable member comprises an attachment portion which is insertable into a hole in the second attachment member for location of the lockable member therein. At the prosthesis for artroplasty, the hole in the first screw-like attachment member is partly configured to define a press fit with an attachment pin of a socket member and partly threaded to permit, after removal of the socket member, during artrodhesis, securing by screwing in the hole of the locking member for cooperation with a lockable member which is configured for adjustable setting thereof relative to the locking member and for fixation thereof, in set position, to the locking member.</p></abstract><abstract mxw-id="PA100066793" ref-ucid="WO-2012121640-A1" lang="FR" load-source="patent-office"><p num="0000">Prothèse pour arthrodèse primaire, susceptible d'être utilisée pour une arthroplastie, et prothèse pour arthroplastie comportant des éléments pour arthrodèse. La prothèse (1b) pour arthrodèse primaire comporte un élément (33b) de blocage doté d'une partie (16b) de fixation susceptible d'être insérée dans un trou (8b) pratiqué dans un premier élément (4b) de fixation de la prothèse pour y positionner l'élément de blocage, et un élément blocable (34b) intégré à un deuxième élément (5b) de fixation de la prothèse. L'élément blocable (34b) est configuré pour être posé de façon réglable par rapport à l'élément (33b) de blocage et pour être fixé, en position posée, à l'élément de blocage. En variante, l'élément blocable comporte une partie de fixation susceptible d'être insérée dans un trou pratiqué dans le deuxième élément de fixation pour y positionner l'élément blocable. Sur la prothèse pour arthroplastie, le trou pratiqué dans premier élément de fixation en forme de vis est en partie configuré pour définir un emmanchement à force avec une broche de fixation d'un élément femelle et partiellement filetée pour permettre, après démontage de l'élément femelle pendant l'arthrodèse, une immobilisation par vissage dans le trou de l'élément de blocage en vue d'une coopération avec un élément blocable qui est configuré pour être posé de façon réglable par rapport à l'élément de blocage et pour être fixé, en position posée, à l'élément de blocage.</p></abstract><abstract mxw-id="PA100335897" ref-ucid="WO-2012121640-A1" lang="FR" source="national office" load-source="docdb"><p>Prothèse pour arthrodèse primaire, susceptible d'être utilisée pour une arthroplastie, et prothèse pour arthroplastie comportant des éléments pour arthrodèse. La prothèse (1b) pour arthrodèse primaire comporte un élément (33b) de blocage doté d'une partie (16b) de fixation susceptible d'être insérée dans un trou (8b) pratiqué dans un premier élément (4b) de fixation de la prothèse pour y positionner l'élément de blocage, et un élément blocable (34b) intégré à un deuxième élément (5b) de fixation de la prothèse. L'élément blocable (34b) est configuré pour être posé de façon réglable par rapport à l'élément (33b) de blocage et pour être fixé, en position posée, à l'élément de blocage. En variante, l'élément blocable comporte une partie de fixation susceptible d'être insérée dans un trou pratiqué dans le deuxième élément de fixation pour y positionner l'élément blocable. Sur la prothèse pour arthroplastie, le trou pratiqué dans premier élément de fixation en forme de vis est en partie configuré pour définir un emmanchement à force avec une broche de fixation d'un élément femelle et partiellement filetée pour permettre, après démontage de l'élément femelle pendant l'arthrodèse, une immobilisation par vissage dans le trou de l'élément de blocage en vue d'une coopération avec un élément blocable qui est configuré pour être posé de façon réglable par rapport à l'élément de blocage et pour être fixé, en position posée, à l'élément de blocage.</p></abstract><description mxw-id="PDES51372925" ref-ucid="WO-2012121640-A1" lang="EN" load-source="patent-office"><!-- EPO <DP n="3"/>--><p id="p0001" num="0001"> PROSTHESIS FOR ARTHRODHESIS </p><p id="p0002" num="0002">TECHNICAL FIELD </p><p id="p0003" num="0003"> The present invention relates to a prosthesis for artrodhesis, wherein the prosthesis comprises two prosthesis members which each is configured for attachment thereof to at least one of the bones at the joint, wherein one of the prosthesis members comprises a first attachment member which is configured for location in at least one of the bones at the joint and the other prosthesis member a second attachment member which is configured for location in at least one other bone at the joint, and wherein said one prosthesis member comprises a locking member and said other prosthesis member a lockable member. </p><p id="p0004" num="0004">The present invention also relates to a prosthesis for replacement of a joint, wherein the prosthesis comprises two prosthesis members which each is configured for attachment thereof to at least one of the bones at the joint, wherein one of the prosthesis members comprises a first screw-like attachment member which is configured for location in at least one of the bones at the joint and the other prosthesis member a second screw-like attachment member which is configured for location in at least one other bone at the joint, whe- rein said one prosthesis member comprises a socket member and said other prosthesis member a head member, wherein the socket member is configured with an attachment pin which is insertable into a hole in the first screw-like attachment member for location of the socket member therein, and wherein the head member is configured with an attachment pin which is insertable into a hole in the second screw-like attachment member for location of the head member therein. </p><p id="p0005" num="0005">BACKGROUND OF THE INVENTION </p><p id="p0006" num="0006">Prostheses of substantially the above-mentioned construction for artrodhesis already exist in many embodiments. </p><p id="p0007" num="0007">Examples of such embodiments are found in e.g. US 2010/0130978 A1. One of the drawbacks of this prior art construction is that it is adapted solely for artrodhesis (primary artrodhesis). Should there be a reason for replacing the prosthesis in order to again make the 
<!-- EPO <DP n="4"/>-->
 joint flexible, the entire prosthesis must be replaced. Furthermore, the prior art prosthesis does not include any member of the previously used prosthesis for making the joint flexible (artroplasty). Another drawback is the limited possibility to adjust the setting of the prosthesis members relative to each other and that adjustment must be performed by means of special tools. </p><p id="p0008" num="0008">Other similar constructions for artrodhesis of e.g. knee joints are found in DE 3347055 A1 and US 2009/0171463 A1. In SE 528545 02, a prosthesis for replacement of a joint (artroplasty) is described. This prior art prosthesis is configured substantially as defined above. This prior art construction however, is not adapted for artrodhesis and members thereof can not be used therefor. </p><p id="p0009" num="0009">SUMMARY OF THE INVENTION </p><p id="p0010" num="0010">Therefore, the object of the present invention is to provide a simple and yet extensively adjustable prosthesis for use at artrodhesis. </p><p id="p0011" num="0011">This object is arrived at, at the prosthesis for artrodhesis, by configuring the locking member with an attachment portion which is insertable into a hole in the first attachment mem- ber for location of the locking member therein, configuring the lockable member in one piece with the second attachment member and configuring the lockable member for adjustable setting thereof relative to the locking member and for fixation thereof, in set position, to the locking member. This object is arrived at also by means of a prosthesis with, inter alia, a lockable member which alternatively is configured with an attachment portion which is insertable into a hole in the second attachment member for locating the lockable member therein. </p><p id="p0012" num="0012">Secondly, it is an advantage, should there be a need, that members of the prosthesis can be used to once again make the joint flexible (artroplasty). </p><p id="p0013" num="0013">The object of the present invention is also to configure members of a prosthesis for replacing a joint (artroplasty) such that these members can be used for making the joint rigid (artrodhesis). 
<!-- EPO <DP n="5"/>-->
 This object is arrived at, at the prosthesis for artroplasty, by configuring the hole in the first screw-like attachment member at least partly to define a press fit with the attachment pin for the socket member and at least partly with a thread to permit, after removal of the socket member, during artrodhesis, tightening in the hole of a locking member which is configured to cooperate with a lockable member, which can be adjustably set relative to the locking member and fixed thereto in set position, of a second attachment member which replaces the second screw-like attachment member with the head member. </p><p id="p0014" num="0014">The above object is arrived at also by configuring the locking member to cooperate with a lockable member, which can be adjustably set relative to the locking member and fixed thereto in set position and which replaces the head member in the second screw-like attachment member. </p><p id="p0015" num="0015">BRIEF DESCRIPTION OF THE DRAWINGS </p><p id="p0016" num="0016">The invention will be further described in the following with reference to the accompanying drawings, in which </p><p id="p0017" num="0017">Fig. 1 is schematic side view of a prosthesis according to the invention for replacement of a joint (artroplasty), here a wrist, with screw-like attachment members of the prosthesis configured for artrodhesis of the wrist; </p><p id="p0018" num="0018">Figs. 2-6 are schematic side views of different moments during location of the screw-like attachment members forming parts of the prosthesis according to fig. 1 ; Fig. 7 is a schematic side view of a first embodiment of a prosthesis according to the invention for artrodhesis of a wrist; </p><p id="p0019" num="0019">Fig. 8 is a schematic perspective view of the prosthesis of fig. 7; Fig. 9 is an additional schematic side view of the prosthesis according to figs. 7 and 8; </p><p id="p0020" num="0020">Fig. 10 is schematic sectional view of the prosthesis according to fig. 9; </p><p id="p0021" num="0021">Fig. 11 is a schematic perspective view of an attachment member forming part of the prosthesis and with a locking member positionable therein; 
<!-- EPO <DP n="6"/>-->
 Figs. 12 and 13 are enlarged schematic perspective views of the locking member of fig. 1 1 ; Fig. 14 is an enlarged schematic perspective view of a somewhat modified attachment member forming part of the prosthesis according to figs. 7-10 and with an integrated lockable member; </p><p id="p0022" num="0022">Fig. 15 illustrates schematically, except for the prosthesis, an instrument by means of which the attachment member with integrated lockable member is located in at least one bone; </p><p id="p0023" num="0023">Fig. 16 is a schematic side view of a second embodiment of a prosthesis according to the invention for artrodhesis of a wrist; </p><p id="p0024" num="0024">Fig. 17 is an additional schematic side view of the prosthesis according to fig. 16; </p><p id="p0025" num="0025">Fig. 18 is schematic sectional view of the prosthesis according to fig. 17; Fig. 19 is an enlarged schematic perspective view of an attachment member forming part of the prosthesis according to figs. 16-18 and with an integrated lockable member; </p><p id="p0026" num="0026">Fig. 20 is a schematic side view of a third embodiment of a prosthesis according to the invention for artrodhesis of a wrist; </p><p id="p0027" num="0027">Fig. 21 is a schematic perspective view of the prosthesis of fig. 20; Fig. 22 is an additional schematic side view of the prosthesis according to figs. 20 and 21 ; Fig. 23 is schematic sectional view of the prosthesis according to fig. 22; </p><p id="p0028" num="0028">Fig. 24 is an enlarged schematic perspective view of the lockable member of the prosthesis of figs. 20-23; 
<!-- EPO <DP n="7"/>-->
 Fig. 25 is a schematic perspective view of a fourth embodiment of a prosthesis according to the invention for artrodhesis of a wrist; </p><p id="p0029" num="0029">Fig. 26 is a schematic side view of the prosthesis according to fig. 25; </p><p id="p0030" num="0030">Fig. 27 is schematic sectional view of the prosthesis according to fig. 26; and Fig. 28 is an exploded view of the prosthesis according to figs. 25-27. DETAILED DESCRIPTION OF PREFERRED EMBODIMENTS </p><p id="p0031" num="0031"> Thus, fig. 1 illustrates a prosthesis according to the present invention for replacement of a wrist in order to preserve or maintain the flexibility of the wrist. This prosthesis is already described in SE 528545 C2, to which reference is made for further details. Therefore, the prosthesis will here be described in general terms only. The wrist prosthesis 1 comprises a first prosthesis member 2 and a second prosthesis member 3. The first prosthesis member 2 comprises a first screw-like attachment member 4 and the second prosthesis member 3 a second screw-like attachment member 5. The first prosthesis member 2 also comprises a socket member 6 and the second prosthesis member 3 a head member 7. Each first and second screw-like attachment member 4, 5 is configured with a hole 8 and 9 respectively. The hole 8 in the first screw-like attachment member 4 extends in the form of a depression at a first end edge at which said attachment member has its largest diameter in an axial direction towards a second end edge of said attachment member at which the attachment member has its smallest diameter. The hole 9 in the second screw- like attachment member 5 extends as a depression at a first end edge at which said attachment member has its largest diameter in an axial direction towards a second end edge of said attachment member at which the attachment member has its smallest diameter. The hole 8 in the first screw-like member 4 has its largest diameter at the first end edge and its side walls 10 have at least partly a conical shape, such that the hole tapers conical ly towards the bottom 11 of the hole. The hole 9 in the second screw-like member 5 has its largest diameter at the first end edge and its side walls 12 have at least partly a conical shape, such that the hole tapers conically towards the bottom 3 of the hole. 
<!-- EPO <DP n="8"/>-->
 The hole 8 in the first screw-like member 4 is also at least in part provided with a thread 14. </p><p id="p0032" num="0032">The socket member 6 has a socket 15 defining a concave joint surface. An attachment pin 16 extends axially from the outer side of the socket 15. The attachment pin 16 has an axial outer side 7 which tapers conically towards its end edge. The shape and size of the attachment pin 16 and the shape and size of the hole 8 in the first screw-like attachment member 4 are chosen such that they, when pressed together in an axial direction, form a press fit, i.e. a connection which permits the socket member 6 and the first screw-like attachment member 4 to be brought to attach to each other when pressed together. </p><p id="p0033" num="0033">The head member 7 has a substantially spherical head 18 defining a convex joint surface of such shape that it fits into the joint surface of the socket 15 such that said joint surfaces can slide against each other and enable the flexibility of the joint. An attachment pin 19 extends axially from the outer side of the head 18. The attachment pin 19 has an axial outer side 20 which tapers conically towards its end edge. The shape and size of the attachment pin 19 and the shape and size of the hole 9 in the second screw-like attachment member 5 are chosen such that they, when pressed together in an axial direction, form a press fit, i.e. a connection which permits the head member 7 and the second screw-like attachment member 5 to be brought to attach to each other when pressed together. </p><p id="p0034" num="0034">The first and second screw-like attachment members 4, 5 are within the holes 8, 9 configured with additional holes (not shown) to permit a screw pin 21 of a screw tool 22, e.g. a screw driver, to be inserted into the holes for tightening or securing by screwing the screw-like attachment members in the respective bone. The holes for the screw tool 22 are not round, e.g. multi-edge holes such as hexagonal holes or similar. </p><p id="p0035" num="0035">Each first and second screw-like attachment member 4, 5 is at the illustrated embodiment tapering conically from the first end edge in a direction towards the second end edge. The conical shape can extend the entire distance between said end edges, but this is not a requirement. Each first and second screw-like attachment member 4, 5 is also configured with external threads for tightening of the attachment members in the respective bone. The external threads may have self-tapping properties and extend in different degrees along the screw-like attachment members 4, 5. 
<!-- EPO <DP n="9"/>-->
 Each first and second screw-like attachment member 4, 5 may be configured with an axial through-hole (not shown) such that the attachment member can be threaded onto a guide wire 23 which is adapted for arrangement at the respective bone and which is adapted to guide the attachment members when these members are screwed into the respective bone. </p><p id="p0036" num="0036">The illustrated prosthesis may, as stated above, be provided at a wrist 24 for replacement thereof and at the same time maintain most of the flexibility in said wrist (artroplasty). The bones in such a wrist and bones in the hand and arm are shown schematically in fig. 1 with broken lines and these bones may be the radius 25, one or more bones in carpus 26, e.g. the capitate 27, and a metacarpal bone 28, e.g. the third metacarpal bone. As is apparent in fig. 1 , the first screw-like attachment member 4 is screwed into the radius 25 and is therefore configured thicker and shorter than the second screw-like attachment member and it has a larger hole 8 than the hole 9 in the second attachment member. The second screw-like attachment member 5 is at the illustrated wrist 24 screwed into the capitate 27 and the metacarpal bone 28. </p><p id="p0037" num="0037">Figs. 2-6 illustrate how the first and second screw-like attachment members 4, 5 can be provided in the respective bone 25, 27 and 28. </p><p id="p0038" num="0038">As shown in fig. 2, a guide wire 23 which is attached to a drilling machine 29, is drilled through the capitate 27 and into the metacarpal bone 28. Then, the drilling machine 29 is removed, while the guide wire 23 is left in position. </p><p id="p0039" num="0039">As illustrated in fig. 3, a conical drill 30 and a tubular bracket 31 by means of which the drill 30 is mounted on a drilling machine 32, are then threaded onto the guide wire 23 and conical holes are drilled in the capitate 27 and the metacarpal bone 28. As illustrated in fig. 4, the second screw-like attachment member 5 is then threaded onto the guide wire 23. Thereafter, the cannulated screw pin 21 of the screw driver 22 is threaded onto the guide wire 23 and into the hole for the screw driver in the second screw-like attachment member 5, the screw driver is rotated for tightening or securing by screwing said attachment member in the holes in the capitate 27 and the metacarpal bone 28. Finally, the screw driver 22 and the guide wire 23 are removed. 
<!-- EPO <DP n="10"/>-->
 As is apparent from figs. 5 and 6, the same procedure is used for providing the first screwlike attachment member 4 in the radius 25. Thus, it is apparent from fig. 5 that a guide wire 23 is fixedly attached to the radius 25, that a conical drill 30 (which is larger than the drill 30 in fig. 3) is threaded onto the guide wire and that one has drilled a conical hole in the radius by means of said drill. In fig. 6, it is shown that one has tightened or secured by screwing the first screw-like attachment member 4 in the radius 25 by means of the screw driver 22 and has then removed the guide wire 23 from the radius. The first and second screw-like attachment members 4, 5 may consist of at least one material, while the socket and head members 6, 7 may consist of at least one other material. Thus, each first and second screw-like attachment member 4, 5 may comprise a core of a metal and an outer layer of a material which can be dissolved when said attachment members are implanted. </p><p id="p0040" num="0040">Said core may consist of a titanium alloy and the dissolvable material may consist of or include calcium phosphate. </p><p id="p0041" num="0041">The socket and head members 6, 7 may consist of a chromium-cobalt-alloy. </p><p id="p0042" num="0042">The prosthesis 1 described above is, as mentioned, adapted for replacing a wrist for maintaining its flexibility. However, the first screw-like attachment member 4 of the prosthesis 1 may when required be used also for artrodhesis. To this end, the hole 8 in the first screw-like attachment member 4 is at least in part configured to define a press fit with the attachment pin 16 for the socket member 6 and is at least partly threaded (thread 14) to permit tightening in the hole of a locking member (33a; 33b, see preferably figs. 12 and 13 showing the locking member 33a) after removal of said socket member, said locking member being configured to cooperate with a lockable member (34a; 34b, see fig. 3 and, alternatively, fig. 17) of a second attachment member (5a; 5b, see fig. 14; 19) repla- cing the second screw-like attachment member 5 with the head member 7, said lockable member being configured to be adjustably set relative to the locking member and fixed thereto in set position. The prosthesis 1 will hereby be configured substantially as the prosthesis a according to figs. 7- 0 or as the prosthesis b according to figs. 6-18. 
<!-- EPO <DP n="11"/>-->
 Alternatively, if the second screw-like attachment member 5 is undamaged and has not loosened from the surrounding bone tissue, the locking member (33c, with the same configuration as the locking member 33a according to figs. 12 and 13; 33d) is configured to cooperate with a lockabie member (34c, see fig. 24; 34d, see fig. 28) which replaces the head member 7 in the second screw-like attachment member 5, and which is configured to be adjustably set relative to the locking member and fixed thereto in set position. The prosthesis 1 will hereby be configured substantially as the prosthesis 1 c according to figs. 20-23 or as the prosthesis 1d according to figs. 25-28. The hole 9 in the second screw-like attachment member will then be configured to define a press fit also with the lockabie member (34c, see fig. 24), alternatively also configured with a thread for tightening or securing by screwing in the lockabie member (34d, see fig. 27). At a primary artrodhesis, i.e. when a decision has been taken that an artrodhesis of in this case a wrist must be performed immediately, the prosthesis is of course in principal constructed in a corresponding way as the prosthesis 1 described above. </p><p id="p0043" num="0043">Thus, the prosthesis 1a of figs. 7-15 for a wrist 24a comprises, as previously, a first pros- thesis member 2a and a second prosthesis member 3a. The first prosthesis member 2a comprises a first attachment member 4a and the second prosthesis member 3 a second attachment member 5a. The first prosthesis member 2a also comprises a locking member 33a instead of a socket member 6 and the second prosthesis member 3 a lockabie member 34a instead of a head member 7. </p><p id="p0044" num="0044">The first attachment member 4a is in the illustrated embodiment configured as a screw, but can also have another shape. </p><p id="p0045" num="0045">The second attachment member 5a is in the embodiment of figs. 7-15 made in one piece, i.e. integral with the lockabie member 34a. The second attachment member 5a comprises thereby an elongated, from the lockabie member 34a substantially conically tapering member with transversely through said member and substantially in line in the longitudinal direction thereof configured holes 35a for means 36a for fixation or attachment of said second attachment member in the capitate 27a and the metacarpal bone 28a. In the illust- rated embodiment, the second attachment member 5a has five (or seven, fig. 14) holes 
<!-- EPO <DP n="12"/>-->
 35a for attachment means 36a. At least one of the holes 35a is a long-hole for reasons described below and said attachment means 36a consist of so called cortical screws. </p><p id="p0046" num="0046">The first attachment member 4a is configured with a hole 8a. This hole 8a has in turn at least partly a conical shape and is at least partly configured with a thread 14a, as is the hole 8. </p><p id="p0047" num="0047">The locking member 33a is configured with an attachment portion 16a, e.g. an attachment pin, which is insertable into the hole 8a in said first attachment member 4a for location of the locking member therein. Accordingly, the attachment portion 16a has a conically tapering outer side 17a. The shape and size of the attachment portion 16a and the shape and size of the hole 8a in the first attachment member 4a are chosen such that they, when pressed together in an axial direction, form a press fit, such that the locking member 33a and the first attachment member 4a can be brought to attach to each other by pressing said members together. </p><p id="p0048" num="0048">The lockable member 34a is adjustably settable relative to the locking member 33a and in set position fixable to the locking member. Except for the attachment portion 16a, the locking member 33a is also configured with a locking portion 37a which is connected to the attachment portion. The locking portion 37a is configured for fixation or attachment of the lockable member 34a thereto. The attachment portion 16a is configured with a hole 38a which extends through said attachment portion and in the longitudinal direction thereof for insertion therein of a partly threaded attachment means 39a for tightening or securing by screwing the locking member 33a to the first attachment member 4a by bringing said attachment means to cooperate with the threaded portion 14a of the hole 8a in said first attachment member. The locking portion 37a of the locking member 33a is in the illustrated embodiment substantially U-shaped and comprises two shanks 40a with holes 41a, 42a provided in said shanks opposite each other. Each shank 40a is in the illustrated embodiment configured with two holes 41a, 42a which extend through the shank and substantially in line in the longitudinal direction of the locking portion 37a. One hole 41a is configured for a locking means 43a (inclination screw) for fixation or attachment of the lockable member 34a to the locking member 33a and the other hole 42a is configured for an axis 44a about which the lockable member can pivot for adjustable setting thereof relative to the locking member. 
<!-- EPO <DP n="13"/>-->
 Correspondingly, the lockable member 34a comprises in the illustrated embodiment a substantially flange-like lockable portion 45a for insertion between the shanks 40a of the locking portion 37a of the locking member 33a. The flange-like lockable portion 45a is configured with a curved long-hole 46a, which extends transversely therethrough, for said locking means 43a and with a hole 47a, also extending transversely through said lockable portion, for the axis 44a about which the lockable member can pivot for adjustable setting thereof relative to the locking member. At insertion of the flange-like lockable portion 45a between the shanks 40a of the locking portion 37a of the locking member 33a, portions of the long-hole 46a are brought in line with the holes 41a for the locking means 43a in said shanks for fixation or attachment of the lockable portion to the locking portion of the locking member and the hole 47a for the pivoting axis 44a is brought in line with the holes 42a for said pivoting axis in said shanks. The lockable portion 45a of the lockable member 34a may have another shape than the flange-like shape as long as it fulfils its function and permits insertion thereof between the shanks 40a of the locking portion 37a of the locking member 33a. The long-hole 46a in the lockable portion 45a of the lockable member 34a is configured with a plurality of, e.g. three fixed positions (see e.g. figs. 10 and 14) corres- pondding with different angular positions of the lockable member relative to the locking member. </p><p id="p0049" num="0049">In figs. 11 and 15, it is partly illustrated how the wrist prosthesis 1a is provided after the first attachment member 4a has been screwed into and attached to the radius 25a, alternatively after all members of an articulated prosthesis 1 according to fig. 1 but the first attachment member 4 have been removed. </p><p id="p0050" num="0050">Thus, in fig. 1 it is shown how the locking member 33a is located in the first attachment member 4a by inserting the attachment portion 16a of said locking member into the hole 8a in said attachment member and the locking member is tightened or secured by screwing in the hole by means of the attachment means 39a which, after it has been moved or screwed through the hole 38a in the attachment portion of the locking member, is brought to cooperate with the thread 14a in the hole 8a in said attachment member. The tightening by screwing of the attachment means 39a as described is performed by means of a screw tool of a suitable type. The locking member 33a is by rotation thereof brought to a suitable position in order to permit a suitable setting of the prosthesis in the medial-lateral plane before the locking member is fixed by tightening of the attachment means 39a. Accor- 
<!-- EPO <DP n="14"/>-->
 dingly, the attachment means 39a has two functions, namely to lock the locking member 33a axially to the first attachment member 4a and to lock the locking member to the first attachment member such that said locking member, after a suitable rotation thereof, no longer can rotate due to the friction caused by the axial pressure between the lock-ing 5 member and the attachment member. </p><p id="p0051" num="0051">After insertion of the second attachment member 5a with lockable member 34a in the drilled passage in the capitate 27a of carpus 26a and in the metacarpal bone 28a, the lockable portion 45a of the lockable member is fit in between the shanks 40a of the lock-</p><p id="p0052" num="0052">10 ing portion 37a of the locking member 33a and the lockable member is attached to the locking member by means of a screw 44a defining the pivoting axis, said screw being inserted into the holes 42a, 47a in said members. By means of the U-shaped configuration of the locking member 33a and the configuration of the lockable member 34a fitting thereto, these members may be provided or located separately and then assembled or</p><p id="p0053" num="0053">15 mounted together without maximum stretching of the hand. </p><p id="p0054" num="0054">In fig. 15 it is to a certain extent illustrated how the second attachment member 5a is fixed in the capitate and in the metacarpal bone. A first cortical screw 36a is screwed through the hole 35a shaped as a long-hole and locks the second attachment member 5a in the</p><p id="p0055" num="0055">20 capitate 27a or the metacarpal bone 28a, depending on where the long-hole is situated, for possible necessary compression of the prosthesis 1a. After compression, additional cortical screws 36a are screwed into the remaining holes 35a in the second attachment member 5a and fix thereby said attachment member in the capitate and the metacarpal bone. During tightening of the cortical screws 36a, the guiding instrument illustrated in fig.</p><p id="p0056" num="0056">25 14 may be used such that correct position of the screws relative to the holes 35a is reached before the screws are tightened. This because the holes 35a for the cortical screws 36a in the second attachment member 5a inside the capitate and the metacarpal bone can not be seen by the operating personnel. </p><p id="p0057" num="0057">30 After a suitable setting of the second attachment member 5a with the lockable member 34a relative to the first attachment member 4a and the locking member 33a for suitable setting of the prosthesis in the palmar-dorsal plane, the locking means 43a is inserted through the holes 41a in the shanks of the locking portion 37a of the locking member and through the long-hole 46a in the locking portion 45a of the lockable member 34a and is</p><p id="p0058" num="0058">35 tightened for fixation of the lockable member to the locking member. 
<!-- EPO <DP n="15"/>-->
 An alternative embodiment of the second attachment member 5a with the lockable member 34a according to the embodiment of figs. 7-14, is illustrated in figs. 16-19. Here, the second attachment member 5b with the lockable member 34b comprises an elongated and substantially plate-like member which is made in one piece, i.e. is integral with the lockable member 34b, and which is configured with holes 35b which extend transversely through said plate-like member and which are situated in line in the longitudinal direction thereof, said holes being provided for means 36b for attachment of said second attachment member to the capitate 27b of the carpus 26b and to the metacarpal bone 28a, i.e. to the outer side of said bones. In the illustrated embodiment, the second attachment member 5b has five holes 35b for attachment means 36b, of which the hole closest to the lockable member is angled relative to the other holes, because the plate-like second attachment member is made in one piece with the lockable member via an angular portion of the plate and a hole is provided in said portion. Said attachment means 36b consists of e.g. so called cortical screws. The attachment of the attachment means 36b is performed in substantially the same manner as at the embodiment of figs. 7- 5. However, it is here possible to dispense with the instrument of fig. 15, since the plate-like second attachment member 5b, contrary to the conically tapering second attachment member 5a according to figs. 7-10 and 14-15, extends outside the capitate 27b and the metacarpal bone 28b. </p><p id="p0059" num="0059">The other members of the wrist prosthesis 1 b according to figs. 16-19 correspond with the wrist prosthesis of figs. 7-15 and the attachment is performed in a corresponding way. </p><p id="p0060" num="0060">The members of the wrist prosthesis 1 b of figs. 16-19 have the same reference numerals as the corresponding members of the wrist prosthesis of figs. 7-15, but with the suffix "b" instead of the suffix "a". </p><p id="p0061" num="0061">The wrist prosthesis 1c according to figs. 20-24, which is somewhat modified in relation to the wrist prosthesis 1a according to figs. 7-15 and the wrist prosthesis 1 b according to figs. 16-19, comprises a first prosthesis member 2c and a second prosthesis member 3c. The first prosthesis member 2c comprises a first attachment member 4c and the second prosthesis member 3c a second attachment member 5c. The first prosthesis member 2c also comprises a locking member 33c instead of a socket member 6 and the second prosthesis member 3c a lockable member 34c instead of a head member 7. The first and 
<!-- EPO <DP n="16"/>-->
 second attachment members 4c, 5c are in the illustrated embodiment both shaped as screws, but may be shaped otherwise. </p><p id="p0062" num="0062">The first and second attachment members 4c, 5c are configured with a hole 8c and 9c respectively. The hole 8c in the first attachment member 4c has at least partly a conical shape and is at least partly configured with a thread 14c, like the holes 8, 8a and 8b. The hole 9c in the second attachment member 5c has at least partly a conical shape, like the hole 9. The locking member 33c is configured with an attachment portion 16c, e.g. an attachment pin, which is insertable into the hole 8c in said first attachment member 4c for location of the locking member therein. Accordingly, the attachment portion 16c has a conically tapering outer side 17c. The shape and size of the attachment portion 16c and the shape and size of the hole 8c in the first attachment member 4c are chosen such that they, when pressed together, form a press fit, such that the locking member 33c and the first attachment member 4c can be brought to attach to each other by pressing said members together. </p><p id="p0063" num="0063">The lockable member 34c is configured with an attachment portion 19c, e.g. an attach- ment pin, which is insertable into the hole 9c in said second attachment member 5c for location of the locking member therein. Accordingly, the attachment portion 19c has a conically tapering outer side 20c. The shape and size of the attachment portion 19c and the shape and size of the hole 9c in the second attachment member 5c are chosen such that they, when pressed together in an axial direction, form a press fit, such that the lock- able member 34c and the second attachment member 5c can be brought to attach to each other by pressing said members together. </p><p id="p0064" num="0064">The lockable member 34c is adjustably settable relative to the locking member 33c and in set position fixable to the locking member. </p><p id="p0065" num="0065">The locking member 33c and the lockable member 34c are, except that the lockable member in this embodiment is a separate member which is not integral with the second attachment member 5c, configured in a corresponding manner as the embodiments of figs. 7-15 and figs. 16-19. 
<!-- EPO <DP n="17"/>-->
 Thus, except for the attachment portion 16c, the locking member 33c is also configured with a locking portion 37c which is connected to the attachment portion. The locking portion 37c is configured for fixation or attachment of the lockable member 34c thereto. The attachment portion 16c is configured with a hole 38c which extends through said attachment portion and in the longitudinal direction thereof for insertion therein of a partly threaded attachment means 39c for tightening or securing by screwing the locking member 33c to the first attachment member 4c by bringing said attachment means to cooperate with the threaded portion 14c of the hole 8c in said first attachment member. The locking portion 37c of the locking member 33c is in the illustrated embodiment substan- tially U-shaped and comprises two shanks 40c with holes 41c, 42c provided in said shanks opposite each other. Each shank 40c is in the illustrated embodiment configured with two holes 41c, 42c which extend through the shank and substantially in line in the longitudinal direction of the locking portion 37c. One hole 41 c is configured for a locking means 43c (inclination screw) for fixation or attachment of the lockable member 34c to the locking member 33c and the other hole 42c is configured for an axis 44c about which the lockable member can pivot for adjustable setting thereof relative to the locking member. </p><p id="p0066" num="0066">Correspondingly, the lockable member 34c comprises in the illustrated embodiment a substantially flange-like lockable portion 45c for insertion between the shanks 40c of the locking portion 37c of the locking member 33c. The flange-like lockable portion 45c is configured with a curved long-hole 46c, which extends transversely therethrough, for said locking means 43c and with a hole 47c, also extending transversely through said lockable portion, for the axis 44c about which the lockable member can pivot for adjustable setting thereof relative to the locking member. At insertion of the flange-like lockable portion 45c between the shanks 40c of the locking portion 37c of the locking member 33c, portions of the long-hole 46c are brought in line with the holes 41c for the locking means 43c in said shanks for fixation or attachment of the lockable portion to the locking portion of the locking member and the hole 47c for the pivoting axis 44c is brought in line with the holes 42c for said pivoting axis in said shanks. The lockable portion 45c of the lockable member 34c may have another shape than the flange-like shape as long as it fulfils its function and permits insertion thereof between the shanks 40c of the locking portion 37c of the locking member 33c. The long-hole 46c in the lockable portion 45c of the lockable member 34c is configured with a plurality of, e.g. three fixed positions (see e.g. figs. 23 and 24) corresponding with different angular positions of the lockable member relative to the locking member. 
<!-- EPO <DP n="18"/>-->
 The provision of the wrist prosthesis 1c is concluded after the first and second attachment members 4c, 5c have been screwed into and attached to the radius 25c and to the capitate 27c of the carpus 26c and the metacarpal bone 28c respectively, alternatively after all members of an articulated prosthesis 1 according to fig. 1 but the first and second attachment members 4, 5 have been removed. </p><p id="p0067" num="0067">Thus, the locking member 33c is attached to the first attachment member 4c by inserting the attachment portion 16c of said locking member into the hole 8c in said attachment member and the locking member is tightened or secured by screwing in the hole by means of the attachment means 39c which, after it has been moved or screwed through the hole 38c in the attachment portion of the locking member, is brought to cooperate with the thread 14c in the hole 8c in said attachment member. The tightening by screwing of the attachment means 39c as described is performed by means of a screw tool of a suit- able type. The locking member 33c is by rotation thereof brought to a suitable position in order to permit a suitable setting of the prosthesis in the medial-lateral plane before the locking member is fixed by tightening of the attachment means 39c. Accordingly, the attachment means 39c has also in this embodiment two functions, namely to lock the locking member 33c axially to the first attachment member 4c and to lock the locking member to the first attachment member such that said locking member, after a suitable rotation thereof, no longer can rotate due to the friction caused by the axial pressure between the locking member and the attachment member. </p><p id="p0068" num="0068">The lockable member 34c is located in the second attachment member 5c by inserting the attachment portion 19c of said locking member into the hole 9c in said attachment member. After the insertion, the lockable portion 45c of the lockable member 34c is fit in between the shanks 40c of the locking portion 37c of the locking member 33c and the lock- able member is attached to the locking member by means of a screw 44c defining the pivoting axis, said screw being inserted into the holes 42c, 47c in said members. </p><p id="p0069" num="0069">After a suitable setting of the second attachment member 5c with the lockable member 34c relative to the first attachment member 4c and the locking member 33c for suitable setting of the prosthesis in the palmar-dorsal plane, the locking means 43c is inserted through the holes 41c in the shanks of the locking portion 37c of the locking member and 
<!-- EPO <DP n="19"/>-->
 through the long-hole 46c in the locking portion 45c of the lockable member 34c and is tightened for fixation of the lockable member to the locking member. </p><p id="p0070" num="0070">The finger joint prosthesis 1d according to figs. 25-28 is somewhat modified in relation to the wrist prosthesis 1c according to figs. 20-24, but comprises like said wrist prosthesis a first prosthesis member 2d and a second prosthesis member 3d. Even if the prosthesis in the illustrated embodiment is configured for a finger joint, the illustrated embodiment is in principal also applicable to wrist prostheses. The first prosthesis member 2d comprises a first attachment member 4d and the second prosthesis member 3d a second attachment member 5d. The first prosthesis member 2d also comprises a locking member 33d instead of a socket member 6 and the second prosthesis member 3d a lockable member 34d instead of a head member 7. The first and second attachment members 4d, 5d are in the illustrated embodiment both shaped as screws and also somewhat shorter since it is a finger joint prosthesis, but may be shaped otherwise for other applications, e.g. be a little bit longer as at the illustrated wrist prostheses. </p><p id="p0071" num="0071">The first and second attachment members 4d, 5d are each configured with a hole 8d and 9d respectively. The hole 8d in the first attachment member 4d has at least partly a conical shape and is at least partly configured with a thread 14d, like the holes 8, 8a, 8b and 8c. The hole 9d in the second attachment member 5d has at least partly a conical shape, like the hole 9 and 9c, and is partly configured with a thread 48d. </p><p id="p0072" num="0072">The locking member 33d is configured with an attachment portion 16d, e.g. an attachment pin, which is insertable into the hole 8d in said first attachment member 4d for location of the locking member therein. Accordingly, the attachment portion 16d has a conically tapering outer side 17d. The shape and size of the attachment portion 16d and the shape and size of the hole 8d in the first attachment member 4d are chosen such that they, when pressed together in an axial direction, form a press fit, such that the locking member 33d and the first attachment member 4d can be brought to attach to each other by pressing said members together. </p><p id="p0073" num="0073">The lockable member 34d is configured with an attachment portion 19d, e.g. an attachment pin, which is insertable into the hole 9d in said second attachment member 5d for location of the locking member therein. Accordingly, the attachment portion 19d has a conically tapering outer side 20d. The shape and size of the attachment portion 19d and 
<!-- EPO <DP n="20"/>-->
 the shape and size of the hole 9d in the second attachment member 5d are chosen such that they, when pressed together in an axial direction, form a press fit, such that the lock- able member 34d and the second attachment member 5d can be brought to attach to each other by pressing said members together. </p><p id="p0074" num="0074">The lockable member 34d is adjustably settable relative to the locking member 33d and in set position fixable to the locking member. </p><p id="p0075" num="0075">The locking member 33d and the lockable member 34d are in this embodiment both configured as separate members, i.e. not made in one piece with the first and second attachment members 4d, 5d respectively, and are also configured differently from the embodiments of figs. 7-15, 16-19 and 20-24. </p><p id="p0076" num="0076">Thus, except for the attachment portion 16d, the locking member 33d is configured with a locking portion 37d which is connected to the attachment portion. The locking portion 37d is configured for fixation or attachment of the lockable member 34d thereto. The attachment portion 16d is configured with a hole 38d which extends through said attachment portion and in the longitudinal direction thereof for insertion therein of a partly threaded attachment means 39d for tightening or securing by screwing the locking member 33d to the first attachment member 4d by bringing said attachment means to cooperate with the threaded portion 14d of the hole 8d in said first attachment member. The locking portion 37d of the locking member 33d is in the illustrated embodiment configured substantially as a hemisphere with radially extending furrows or grooves 49d on a base or bottom surface thereof and with a hole 50d extending perpendicular to the hole 38d and provided for a locking means 43d (inclination screw) for fixation or attachment of the lockable member 34d to the locking member 33d, said locking means defining an axis about which the lockable member can pivot for adjustable setting thereof relative to the locking member. </p><p id="p0077" num="0077">Correspondingly, the lockable member 34d comprises, except for the attachment portion 19d which in comparison with the locking member 33d is somewhat longer, a lockable portion 45d which is connected to the attachment portion and configured for fixation or attachment to the locking member 33d. The attachment portion 19d is configured with a hole 51 d which extends through said attachment portion and in the longitudinal direction thereof for insertion therein of a partly threaded attachment means 52d for tightening or securing by screwing the lockable member 34d to the second attachment member 5d by 
<!-- EPO <DP n="21"/>-->
 bringing said attachment means to cooperate with the threaded portion 48d of the hole 9d in said second attachment member. The lockable portion 45d of the lockable member 34d is in the illustrated embodiment shaped substantially as a hemisphere with radially extending furrows or grooves 53d on a base or bottom surface thereof and with a hole 54d which extends perpendicular to the hole 51 d and which when attaching the locking member 33d and the lockable member 34d to each other is brought in line with the hole 50d in the locking member 33d for cooperation with the locking means 43d. During assembly of the locking member 33d and the lockable member 34d, the furrows or grooves 49d, 53d on the locking portion 37d of the locking member 33d and on the lockable portion 45d of the lockable member 34d respectively, are also brought into engagement with each other for setting of different angular positions of the lockable member relative to the locking member. After assembly at the desired angular position, the members 33d, 34d are fixed to each other by means of the locking means 43d. The shape, number and arrangement of the furrows or grooves 49d, 53d may of course vary as long as they fulfil their function and permit cooperation with each other. It is however obvious that the setting possibilities vary with the number of furrows or grooves 49d, 53d on the locking member 33d and the lockable member 34d respectively. </p><p id="p0078" num="0078">The provision of the finger joint prosthesis 1d is concluded after the first and second attachment members 4d, 5d have been screwed into and attached to the respective bone in the finger, alternatively after all members of an articulated prosthesis except the first and second attachment members 4, 5 have been removed. </p><p id="p0079" num="0079">Thus, the locking member 33d is attached to the first attachment member 4d by inserting the attachment portion 16d of said locking member into the hole 8d in said attachment member and the locking member is tightened or secured by screwing in the hole by means of the attachment means 39d which, after it has been moved or screwed through the hole 38d in the attachment portion of the locking member, is brought to cooperate with the thread 14d in the hole 8d in said attachment member. The tightening by screwing of the attachment means 39d is performed by means of a screw tool of a suitable type. For wrist applications, the locking member 33d is by rotation thereof brought to a suitable position in order to permit a suitable setting of the prosthesis in the medial-lateral plane before the locking member is fixed by tightening of the attachment means 39d. Accordingly, the attachment means 39d has also here two functions, namely to lock the locking member 33d axially to the first attachment member 4d and to lock the locking member to 
<!-- EPO <DP n="22"/>-->
 the first attachment member such that said locking member, after a suitable rotation thereof, no longer can rotate due to the friction caused by the axial pressure between the locking member and the attachment member. The lockable member 34d is attached to the second attachment member 5d by inserting the attachment portion 19d of said lockable member into the hole 9d in said attachment member and the lockable member is tightened or secured by screwing in the hole by means of the attachment means 52d which, after it has been moved or screwed through the hole 51 d in the attachment portion of the lockable member, is brought to cooperate with the thread 48d in the hole 9d in said attachment member. The tightening by screwing of the attachment means 52d is performed by means of a screw tool of a suitable type. After insertion, the lockable portion 45d of the lockable member 34d is assembled with or attached to the locking portion 37d of the locking member 33d as described above. After a suitable setting of the second attachment member 5d and the lockable member 34d relative to the first attachment member 4d and the locking member 33d for suitable setting of the prosthesis in the palmar-dorsal plane, the locking means 43d is inserted through the hole 50d in the locking portion 37d of the locking member and through the hole 54d in the locking portion 45d of the lockable member and is tightened for fixation of the lockable member to the locking member. </p><p id="p0080" num="0080">The prostheses 1a, 1 b, 1c and 1d and the members forming part thereof can be manufactured of e.g. a suitable titanium alloy, such as Ti6AI4V, since this will facilitate ingrowth of bone tissue into and around the prosthesis. At the prosthesis 1 b, the substantially plate- like second attachment member 5b with the lockable member 34b may consist of a suitable steel for implants. </p><p id="p0081" num="0081">Except that a prosthesis according to the invention has a simple construction and is easy to position, it also provides for a small incision and that only smaller parts of the respecti- ve bone have to be cut away for attachment of the first and second attachment members. By means of the first and possibly also the second attachment member, it is possible when required, also during surgery, to decide if the joint shall be replaced (artroplasty) or the joint shall be made rigid (primary artrodhesis) and it is possible to later, if required, perform an artrodhesis and thereby use parts of the prosthesis for replacement of the joint, or even by means of parts of the prosthesis for an artrodhesis see to that the joint 
<!-- EPO <DP n="23"/>-->
 again can be articulated. The setting possibilities of the prosthesis for artrodhesis is extensive in the medial-lateral as well as in the palmar-dorsal plane. </p><p id="p0082" num="0082">The invention is not limited to the embodiments described above and illustrated in the drawings, but may vary within the scope of the subsequent claims without departing from the idea and purpose of the invention. Thus, the prosthesis members may be used at other smaller joints than wrists, e.g. at finger and toe or interphalangeal joints, pollex joints and cubital joints. The design of the prosthesis members may also vary. Thus, the holes in the first and second attachment members possibly have another shape than conical shape and the socket and head members, alternatively the locking member and the lock- able member, are of course adapted thereto. The press fit may be another type of coupling device. Socket and head, alternatively the locking member and lockable member, may be shaped otherwise than shown. The screw tool may also be of another suitable type than a screwdriver. 
</p></description><claims mxw-id="PCLM44997504" ref-ucid="WO-2012121640-A1" lang="EN" load-source="patent-office"><claim-statement><!-- EPO <DP n="24"/>-->CLAIMS </claim-statement><claim id="clm-0001" num="1"><claim-text> 1. Prosthesis for artrodhesis, </claim-text><claim-text>wherein the prosthesis (1 a; 1 b) comprises two prosthesis members (2a, 3a; 2b, 3b) which each is configured for attachment thereof to at least one of the bones at the joint, wherein one of the prosthesis members (2a; 2b) comprises a first attachment member (4a; 4b) which is configured for location in at least one of the bones at the joint and the other prosthesis member (3a; 3b) a second attachment member (5a; 5b) which is configured for location in at least one other bone at the joint, and </claim-text><claim-text>wherein said one prosthesis member (2a; 2b) comprises a locking member (33a; 33b) and said other prosthesis member (3a; 3b) a lockable member (34a; 34b), characterized in that the locking member (33a; 33b) is configured with an attachment portion (16a; 16b) which is insertable into a hole (8a; 8b) in said first attachment member (4a; 4b) for attachment or location of the locking member therein, </claim-text><claim-text>that the lockable member (34a; 34b) is made in one piece with the second attachment member (5a; 5b), and </claim-text><claim-text>that the lockable member (34a; 34b) is configured for adjustable setting thereof relative to the locking member (33a; 33b) and for fixation thereof, in set position, to the locking member. </claim-text></claim><claim id="clm-0002" num="2"><claim-text>2. Prosthesis according to claim 1 , characterized in </claim-text><claim-text>that the second attachment member (5a) comprises an elongated, from the lockable member (34a) substantially conically tapering member with transverse through said member extending, substantially in line in the longitudinal direction of said member configured holes (35a) for means (36a) for fixation or attachment of said second attachment member in said at least one other bone. </claim-text></claim><claim id="clm-0003" num="3"><claim-text>3. Prosthesis according to claim 1 , characterized in </claim-text><claim-text>that the second attachment member (5b) comprises an elongated, substantially plate-like member with transverse through said member extending, substantially in line in the longi- tudinal direction of said member configured holes (35b) for means (36b) for fixation or attachment of said second attachment member in said at least one other bone. </claim-text></claim><claim id="clm-0004" num="4"><claim-text>4. Prosthesis for artrodhesis, </claim-text><claim-text>wherein the prosthesis (1c; 1d) comprises two prosthesis members (2c, 3c; 2d, 3d) which each is configured for attachment thereof to at least one of the bones at the joint, <!-- EPO <DP n="25"/>--> wherein one of the prosthesis members (2c; 2d) comprises a first attachment member (4c; 4d) which is configured for location in at least one of the bones at the joint and the other prosthesis member (3c; 3d) a second attachment member (5c; 5d) which is configured for location in at least one other bone at the joint, and </claim-text><claim-text>wherein said one prosthesis member (2c; 2d) comprises a locking member (33c; 33d) and said other prosthesis member (3c; 3d) a lockable member (34c; 34d), characterized in that the locking member (33c; 33d) is configured with an attachment portion (16c; 16d) which is insertable into a hole (8c; 8d) in said first attachment member (4c; 4d) for attachment or location of the locking member therein, </claim-text><claim-text>that the lockable member (34c; 34d) is configured with an attachment portion (19c; 19d) which is insertable into a hole (9c; 9d) in said second attachment member (5c; 5d) for attachment or location of the locking member therein, and </claim-text><claim-text>that the lockable member (34c; 34d) is configured for adjustable setting thereof relative to the locking member (33c; 33d) and for fixation thereof, in set position, to the locking mem- ber. </claim-text></claim><claim id="clm-0005" num="5"><claim-text>5. Prosthesis according to claim 4, characterized in </claim-text><claim-text>that the attachment portion (19c; 19d) of the lockable member (34c; 34d) is configured to define a press fit with the hole (9c; 9d) in said second attachment member (5c; 5d). </claim-text></claim><claim id="clm-0006" num="6"><claim-text>6. Prosthesis according to claim 5, characterized in </claim-text><claim-text>that the attachment portion (19c; 19d) of the lockable member (34c; 34d) has a conical shape, and </claim-text><claim-text>that the hole (9c; 9d) in said second attachment member (5c; 5d) has a conical shape. </claim-text></claim><claim id="clm-0007" num="7"><claim-text>7. Prosthesis according to any one of claims 4-6, characterized in </claim-text><claim-text>that the hole (9d) in said second attachment member (5d) is also at least partly threaded (48d) for securing by screwing said lockable member (34d) in said hole. </claim-text></claim><claim id="clm-0008" num="8"><claim-text>8. Prosthesis according to any one of the preceding claims, characterized in </claim-text><claim-text>that the attachment portion (16a; 16b; 16c; 16d) of the locking member (33a; 33b; 33c; 33d) is configured to define a press fit with the hole (8a; 8b; 8c; 8d) in said first attachment member (4a; 4b; 4c; 4d). </claim-text></claim><claim id="clm-0009" num="9"><claim-text>9. Prosthesis according to claim 8, characterized in <!-- EPO <DP n="26"/>--> that the attachment portion (16a; 16b; 16c; 16d) of the locking member (33a; 33b; 33c; 33d) has a conical shape, and </claim-text><claim-text>that the hole (8a; 8b; 8c; 8d) in said first attachment member (4a; 4b; 4c; 4d) has a conical shape. </claim-text></claim><claim id="clm-0010" num="10"><claim-text>10. Prosthesis according to claim 9, characterized in </claim-text><claim-text>that the hole (8a; 8b; 8c; 8d) in said first attachment member (4a; 4b; 4c; 4d) is also at least partly threaded (14a; 14b; 14c; 14d) for securing by screwing said lockable member (33a; 33b; 33c; 33d) in said hole. </claim-text></claim><claim id="clm-0011" num="11"><claim-text>1 1. Prosthesis according to claim 10, characterized in </claim-text><claim-text>that except for the attachment portion (16a; 16b; 16c; 16d) the locking member (33a; 33b; 33c; 33d) is also configured with a locking portion (37a; 37b; 37c; 37d) which is connected to the attachment portion and configured for fixation or attachment of the lockable mem- ber (34a; 34b; 34c; 34d) thereto, and </claim-text><claim-text>that the attachment portion (16a; 16b; 16c; 16d) is configured with a hole (38a; 38b; 38c; 38d) which extends through said attachment portion and in the longitudinal direction thereof for insertion therein of a partly threaded attachment means (39a; 39b; 39c; 39d) for tightening or securing by screwing the locking member (33a; 33b; 33c; 33d) to the first attachment member (4a; 4b; 4c; 4d) by bringing said attachment means to cooperate with the threaded portion (14a; 14b; 14c; 14d) of the hole (8a; 8b; 8c; 8d) in said first attachment member. </claim-text></claim><claim id="clm-0012" num="12"><claim-text>12. Prosthesis according to claim 1 1 , characterized in </claim-text><claim-text>that the locking portion (37a; 37b; 37c) of the locking member (33a; 33b; 33c) is substantially U-shaped and comprises two shanks (40a; 40b; 40c) with holes (41a, 42a; 41 b, 42b; 41 c, 42c) provided in said shanks opposite each other. </claim-text></claim><claim id="clm-0013" num="13"><claim-text>13. Prosthesis according to claim 12, characterized in </claim-text><claim-text>that each shank (40a; 40b; 40c) is configured with two holes (41a, 42a; 41 b, 42b; 41c, 42c) which extend through the shank and substantially in line in the longitudinal direction of the locking portion (37a; 37b; 37c), whereby one hole (41a; 41 b; 41 c) is configured for a locking means (43a; 43b; 43c) for fixation or attachment of the lockable member (34a; 34b; 34c) to the locking member (33a; 33b; 33c) and whereby the other hole (42a; 42b; <!-- EPO <DP n="27"/>--> 42c) is configured for an axis (44a; 44b; 44c) about which the lockable member can pivot for adjustable setting thereof relative to the locking member. </claim-text></claim><claim id="clm-0014" num="14"><claim-text>14. Prosthesis according to claim 13, characterized in </claim-text><claim-text> 5 that the lockable member (34a; 34b; 34c) comprises a lockable portion (45a; 45b; 45c) which is configured for insertion between the shanks (40a; 40b; 40c) of the locking portion (37a; 37b; 37c) of the locking member (33a; 33b; 33c), </claim-text><claim-text> that the lockable portion (45a; 45b; 45c) is configured with a curved long-hole (46a; 46b; 46c), which extends transversely therethrough, for said locking means (43a; 43b; 43c)</claim-text><claim-text>10 and with a hole (47a; 47b; 47c), also extending transversely through said lockable portion, for the axis (44a; 44b; 44c) about which the lockable member (34a; 34b; 34c) can pivot for adjustable setting thereof relative to the locking member, and </claim-text><claim-text> that at insertion of the lockable portion (45a; 45b; 45c) between the shanks (40a; 40b; 40c) of the locking portion (37a; 37b; 37c) of the locking member (33a; 33b; 33c), portions</claim-text><claim-text>15 of the long-hole (46a; 46b; 46c) are brought in line with the holes (41a; 41 b; 41 c) for the locking means (43a; 43b; 43c) in said shanks for fixation or attachment of the lockable portion to the locking portion of the locking member and the hole (47a; 47b; 47c) for the pivoting axis (44a; 44b; 44c) is brought in line with the holes (42a; 42b; 42c) for said pivoting axis (44a; 44b; 44c) in said shanks. </claim-text><claim-text> 20 </claim-text></claim><claim id="clm-0015" num="15"><claim-text> 15. Prosthesis according to claim 14, characterized in </claim-text><claim-text> that the long-hole (46a; 46b; 46c) in the lockable portion (45a; 45b; 45c) of the lockable member (34a; 34b; 34c) is configured with a plurality of fixed positions corresponding to different angular positions of the lockable member relative to the locking member (33a; 25 33b; 33c). </claim-text></claim><claim id="clm-0016" num="16"><claim-text>16. Prosthesis according to claim 11 , characterized in </claim-text><claim-text> that the lockable member (34d) comprises, except for the attachment portion (19d), a lockable portion (45d) which is configured for cooperation with the locking portion (37d) of 30 the locking member (33d), and </claim-text><claim-text> that the attachment portion ( 9d) is configured with a hole (51 d) which extends through said attachment portion and in the longitudinal direction thereof for insertion therein of a partly threaded attachment means (52d) for tightening or securing by screwing the lock- able member (34d) to the second attachment member (5d) by bringing said attachment <!-- EPO <DP n="28"/>--> means to cooperate with the threaded portion (48d) of the hole (9d) in said second attachment member. </claim-text></claim><claim id="clm-0017" num="17"><claim-text>17. Prosthesis according to claim 16, characterized in </claim-text><claim-text> 5 that the locking portion (37d) of the locking member (33d) is shaped substantially as a hemisphere and is configured with a base or bottom surface with radially extending furrows or grooves (49d) and with a hole (50d), which extends perpendicular to the hole (38d) for the attachment means (39d), for a locking means (43d) for fixation or attachment of the lockable member (34d) to the locking member. </claim-text><claim-text> 10 </claim-text></claim><claim id="clm-0018" num="18"><claim-text> 18. Prosthesis according to claim 17, characterized in </claim-text><claim-text> that the lockable portion (45d) of the lockable member (34d) is shaped substantially as a hemisphere and is configured with a base or bottom surface with radially extending furrows or grooves (53d) and with a hole (54d), which extends perpendicular to the hole 15 (51 d) for the attachment means (52d), for the locking means (43d) for fixation or attachment of the lockable member to the locking member (33d). </claim-text></claim><claim id="clm-0019" num="19"><claim-text>19. Prosthesis according to claim 18, characterized in </claim-text><claim-text> that during assembly of the locking member (33d) and the lockable member (34d), the 20 furrows or grooves (49d, 53d) on the locking portion (37d) of the locking member (33d) and on the lockable portion (45d) of the lockable member (34d) respectively, are brought into engagement with each other, and </claim-text><claim-text> that during assembly of the locking member (33d) and the lockable member (34d), the hole (54d) for the locking means (43d) in the lockable portion (45d) of the lockable mem- 25 ber (34d) and the hole (50d) in the locking portion (37d) of the locking member (33d) are configured to be brought in line with each other. </claim-text></claim><claim id="clm-0020" num="20"><claim-text>20. Prosthesis according to any one of the preceding claims, characterized in </claim-text><claim-text> that the prosthesis (1a; 1 b; 1 c; 1 d) is configured for artrodhesis of wrists (24a; 24b; 24c), 30 whereby one prosthesis member (2a; 2b; 2c) is configured for attachment to the radius (25a; 25b; 25c) and the other prosthesis member (3a; 3b; 3c) for attachment to one of the bones (27a; 27b; 27c) of the carpus (26a; 26b; 26c) and a metacarpal bone (28a; 28b; 28c). </claim-text></claim><claim id="clm-0021" num="21"><claim-text>35 21. Prosthesis according to claim 20, characterized in <!-- EPO <DP n="29"/>--> that the prosthesis member (2a; 2b; 2c) which is configured for attachment to the radius (25a; 25b; 25c) comprises said first attachment member (4a; 4b; 4c). </claim-text></claim><claim id="clm-0022" num="22"><claim-text>22. Prosthesis according to any one of the preceding claims, characterized in </claim-text><claim-text>that said first attachment member (4a; 4b; 4c) is substantially screw-like. </claim-text></claim><claim id="clm-0023" num="23"><claim-text>23. Prosthesis according to any one of claims 20-22, characterized in </claim-text><claim-text>that said first attachment member (4a; 4b; 4c) comprises the screw-like attachment member of a prosthesis member for an articulated joint prosthesis which is configured for attachment by screwing in the radius (25a; 25b; 25c), where a part of the hole (8; 8a; 8b; 8c) in the attachment member has a conical shape for attachment by means of a press fit in said hole of a socket member (6). </claim-text></claim><claim id="clm-0024" num="24"><claim-text>24. Prosthesis according to any one of claims 20-23, characterized in </claim-text><claim-text>that the prosthesis member (3a; 3b; 3c) which is configured for attachment to one of the bones (27a; 27b; 27c) of the carpus (26a; 26b; 26c) and a metacarpal bone (28a; 28b; 28c) comprises said second attachment member (5a; 5b; 5c). </claim-text></claim><claim id="clm-0025" num="25"><claim-text>25. Prosthesis according to claim 24, characterized in </claim-text><claim-text>that said second attachment member (5a; 5b; 5c) comprises the screw-like attachment member of a prosthesis member for an articulated joint prosthesis which is configured for attachment by screwing in one of the bones (27a; 27b; 27c) of carpus (26a; 26b; 26c) and a metacarpal bone (28a; 28b; 28c), where a part of the hole (9; 9c) in the attachment member has a conical shape for attachment by means of a press fit in said hole of a head member (7). </claim-text></claim><claim id="clm-0026" num="26"><claim-text>26. Prosthesis according to any one of claims 1-19, characterized in </claim-text><claim-text>that the prosthesis (1a; 1b; 1c; 1d) is configured for artrodhesis of interphalangeal joints, pollex joints, cubital joints and other smaller joints than wrists. </claim-text></claim><claim id="clm-0027" num="27"><claim-text>27. Prosthesis for replacement of a joint (artroplasty), </claim-text><claim-text>wherein the prosthesis (1 ) comprises two prosthesis members (2, 3) which each is configured for attachment thereof to at least one of the bones at the joint, </claim-text><claim-text>wherein one of the prosthesis members (2) comprises a first screw-like attachment mem- ber (4) which is configured for location in at least one of the bones at the joint and the <!-- EPO <DP n="30"/>--> other prosthesis member (3) a second screw-like attachment member (5) which is configured for location in at least one other bone at the joint, and </claim-text><claim-text>wherein said one prosthesis member (2) comprises a socket member (6) and said other prosthesis member (3) a head member (7), </claim-text><claim-text>wherein said socket member (6) is configured with an attachment pin (16) which is insert- able into a hole (8) in the first screw-like attachment member (4) for attachment of the socket member therein, and </claim-text><claim-text>wherein said head member (7) is configured with an attachment pin (19) which is insert- able into a hole (9) in the second screw-like attachment member (5) for attachment of the socket member therein, characterized in </claim-text><claim-text>that the hole (8) in the first screw-like attachment member (4) is at least partly configured to define a press fit with the attachment pin (16) of the socket member (6) and at least partly threaded (14) to permit, after removal of the socket member, during artrodhesis of the joint, tightening or securing by screwing in the hole of a locking member (33a; 33b) which is configured to cooperate with a lockable member (34c; 34d) of a second attachment member (5a; 5b), said lockable member being configured for adjustable setting thereof relative to the locking member and for fixation thereof, in set position, to the locking member, said second attachment member replacing the screw-like member (5) with the head member (7). </claim-text></claim><claim id="clm-0028" num="28"><claim-text>28. Prosthesis for replacement of a joint (artroplasty), </claim-text><claim-text>wherein the prosthesis (1 ) comprises two prosthesis members (2, 3) which each is configured for attachment thereof to at least one of the bones at the joint, </claim-text><claim-text>wherein one of the prosthesis members (2) comprises a first screw-like attachment mem- ber (4) which is configured for location in at least one of the bones at the joint and the other prosthesis member (3) a second screw-like attachment member (5) which is configured for location in at least one other bone at the joint, </claim-text><claim-text>wherein said one prosthesis member (2) comprises a socket member (6) and said other prosthesis member (3) a head member (7), </claim-text><claim-text>wherein said socket member (6) is configured with an attachment pin (16) which is insert- able into a hole (8) in the first screw-like attachment member (4) for attachment of the socket member therein, and </claim-text><claim-text>wherein said head member (7) is configured with an attachment pin (19) which is insert- able into a hole (9) in the second screw-like attachment member (5) for attachment of the socket member therein, characterized in <!-- EPO <DP n="31"/>--> that the hole (8) in the first screw-like attachment member (4) is at least partly configured to define a press fit with the attachment pin (16) of the socket member (6) and at least partly threaded (14) to permit, after removal of the socket member, during artrodhesis of the joint, tightening or securing by screwing in the hole of a locking member (33c; 33d) 5 which is configured to cooperate with a lockable member (34c; 34d), said lockable member being configured for adjustable setting thereof relative to the locking member and for fixation thereof, in set position, to the locking member, said lockable member replacing the head member (7) in the second screw-like member (5). </claim-text></claim><claim id="clm-0029" num="29"><claim-text>10 29. Prosthesis according to claim 28, characterized in </claim-text><claim-text> that the hole (9) in the second screw-like attachment member (5) is configured for defining a press fit also with the lockable member (34c; 34d). </claim-text></claim><claim id="clm-0030" num="30"><claim-text>30. Prosthesis according to claim 29, characterized in </claim-text><claim-text> 15 that the hole (9) in the second screw-like attachment member (5) is at least partly threaded for securing by screwing said lockable member (34d) in said hole after removal of the head member (7). </claim-text></claim><claim id="clm-0031" num="31"><claim-text>31. Prosthesis according to any one of claims 27-30, characterized in </claim-text><claim-text> 20 that the prosthesis (1 ) is configured for use at wrists (24), whereby one prosthesis member (2) is configured for attachment to the radius (25) and the other prosthesis member (3) for attachment to one of the bones (27) of the carpus (26) and a metacarpal bone (28). </claim-text></claim><claim id="clm-0032" num="32"><claim-text>32. Prosthesis according to claim 31 , characterized in </claim-text><claim-text> 25 that the prosthesis member (2) which is configured for attachment to the radius (25) </claim-text><claim-text> comprises said first screw-like attachment member (4). </claim-text></claim><claim id="clm-0033" num="33"><claim-text>33. Prosthesis according to claim 31 or 32, characterized in </claim-text><claim-text> that the prosthesis member (3) which is configured for attachment to one of the bones 30 (27) of the carpus (26) and a metacarpal bone (28) comprises said second screw-like attachment member (5). </claim-text></claim><claim id="clm-0034" num="34"><claim-text>34. Prosthesis according to any one of claims 27-30, characterized in </claim-text><claim-text> that the prosthesis (1 ) is configured for use interphalangeal joints, pollex joints, cubital 35 joints and other smaller joints than wrists. </claim-text></claim></claims><copyright>User acknowledges that Fairview Research LLC and its third party providers retain all right, title and interest in and to this xml under applicable copyright laws.  User acquires no ownership rights to this xml including but not limited to its format.  User hereby accepts the terms and conditions of the Licence Agreement</copyright></patent-document>
