<?xml version="1.0" encoding="UTF-8"?>
<patent-document ucid="EP-2681106-A1" country="EP" doc-number="2681106" kind="A1" date="20140108" family-id="46758173" file-reference-id="252638" date-produced="20180823" status="corrected" lang="EN"><bibliographic-data><publication-reference fvid="146586650" ucid="EP-2681106-A1"><document-id><country>EP</country><doc-number>2681106</doc-number><kind>A1</kind><date>20140108</date><lang>EN</lang></document-id></publication-reference><application-reference ucid="EP-12752816-A" is-representative="NO"><document-id mxw-id="PAPP154848842" load-source="docdb" format="epo"><country>EP</country><doc-number>12752816</doc-number><kind>A</kind><date>20120302</date><lang>EN</lang></document-id><document-id mxw-id="PAPP189754577" load-source="docdb" format="original"><country>EP</country><doc-number>12752816.4</doc-number><date>20120302</date></document-id></application-reference><priority-claims><priority-claim mxw-id="PPC140556811" ucid="NO-20110335-A" load-source="docdb"><document-id format="epo"><country>NO</country><doc-number>20110335</doc-number><kind>A</kind><date>20110303</date></document-id></priority-claim><priority-claim mxw-id="PPC140555768" ucid="NO-2012000021-W" linkage-type="W" load-source="docdb"><document-id format="epo"><country>NO</country><doc-number>2012000021</doc-number><kind>W</kind><date>20120302</date></document-id></priority-claim></priority-claims><technical-data><classifications-ipcr><classification-ipcr mxw-id="PCL-2090238516" load-source="docdb">F02G   5/02        20060101ALI20150220BHEP        </classification-ipcr><classification-ipcr mxw-id="PCL-2090243607" load-source="docdb">B63J   2/12        20060101AFI20150220BHEP        </classification-ipcr><classification-ipcr mxw-id="PCL-2090245086" load-source="docdb">F24D  19/10        20060101ALI20150220BHEP        </classification-ipcr><classification-ipcr mxw-id="PCL-2090246058" load-source="docdb">F24D  12/02        20060101ALI20150220BHEP        </classification-ipcr></classifications-ipcr><classifications-cpc><classification-cpc mxw-id="PCL-1981050408" load-source="docdb" scheme="CPC">Y02B  30/14        20130101 LA20160120BHEP        </classification-cpc><classification-cpc mxw-id="PCL-1996927603" load-source="docdb" scheme="CPC">F24D  19/1009      20130101 LI20151125BHEP        </classification-cpc><classification-cpc mxw-id="PCL-1996932903" load-source="docdb" scheme="CPC">F24D2200/18        20130101 LA20151125BHEP        </classification-cpc><classification-cpc mxw-id="PCL-1996935006" load-source="docdb" scheme="CPC">F24D2200/32        20130101 LA20151125BHEP        </classification-cpc><classification-cpc mxw-id="PCL-2091443058" load-source="docdb" scheme="CPC">F24D  12/02        20130101 LI20150219BHEP        </classification-cpc><classification-cpc mxw-id="PCL-2091444098" load-source="docdb" scheme="CPC">F24D2200/26        20130101 LA20150219BHEP        </classification-cpc><classification-cpc mxw-id="PCL1989620020" load-source="docdb" scheme="CPC">F02B  61/04        20130101 LI20130905BHEP        </classification-cpc><classification-cpc mxw-id="PCL1989620910" load-source="docdb" scheme="CPC">B63J   2/12        20130101 LI20130610BHEP        </classification-cpc><classification-cpc mxw-id="PCL1989621392" load-source="docdb" scheme="CPC">B63J2002/125       20130101 LA20130610BHEP        </classification-cpc><classification-cpc mxw-id="PCL1989638026" load-source="docdb" scheme="CPC">Y02T  70/5281      20130101 LA20130724BHEP        </classification-cpc><classification-cpc mxw-id="PCL1989643608" load-source="docdb" scheme="CPC">Y02T  70/72        20130101 LA20130905BHEP        </classification-cpc><classification-cpc mxw-id="PCL1989646672" load-source="docdb" scheme="CPC">F02G   5/00        20130101 FI20130905BHEP        </classification-cpc><classification-cpc mxw-id="PCL1989650528" load-source="docdb" scheme="CPC">Y02T  10/166       20130101 LA20130905BHEP        </classification-cpc></classifications-cpc><invention-title mxw-id="PT132364583" lang="DE" load-source="patent-office">VERFAHREN UND SYSTEM ZUR OPTIMALEN VERWENDUNG VON IN EINEM THERMISCHEN SYSTEM AN BORD EINER MARINEN EINHEIT ERZEUGTER WÄRMEENERGIE</invention-title><invention-title mxw-id="PT132364584" lang="EN" load-source="patent-office">METHOD AND SYSTEM FOR OPTIMAL USE OF HEAT ENERGY PRODUCED IN A THERMAL SYSTEM ONBOARD A MARINE UNIT</invention-title><invention-title mxw-id="PT132364585" lang="FR" load-source="patent-office">PROCÉDÉ ET SYSTÈME POUR UNE UTILISATION OPTIMALE DE L'ÉNERGIE THERMIQUE PRODUITE DANS UN SYSTÈME THERMIQUE À BORD D'UNE UNITÉ MARINE</invention-title></technical-data><parties><applicants><applicant mxw-id="PPAR919505268" load-source="docdb" sequence="1" format="epo"><addressbook><last-name>ULMATEC PYRO AS</last-name><address><country>NO</country></address></addressbook></applicant><applicant mxw-id="PPAR919520213" load-source="docdb" sequence="1" format="intermediate"><addressbook><last-name>ULMATEC PYRO AS</last-name></addressbook></applicant><applicant mxw-id="PPAR919019419" load-source="patent-office" sequence="1" format="original"><addressbook><last-name>Ulmatec Pyro AS</last-name><iid>101336206</iid><address><street>Gamlern</street><city>6280 Søvik</city><country>NO</country></address></addressbook></applicant></applicants><inventors><inventor mxw-id="PPAR919514582" load-source="docdb" sequence="1" format="epo"><addressbook><last-name>URKE JAN PETTER</last-name><address><country>NO</country></address></addressbook></inventor><inventor mxw-id="PPAR919542460" load-source="docdb" sequence="1" format="intermediate"><addressbook><last-name>URKE, Jan, Petter</last-name></addressbook></inventor><inventor mxw-id="PPAR919009745" load-source="patent-office" sequence="1" format="original"><addressbook><last-name>URKE, Jan, Petter</last-name><address><street>Flem 2</street><city>N-6293 Longva</city><country>NO</country></address></addressbook></inventor></inventors><agents><agent mxw-id="PPAR919015282" load-source="patent-office" sequence="1" format="original"><addressbook><last-name>Acapo AS</last-name><iid>101191731</iid><address><street>P.O. Box 1880 Nordnes</street><city>5817 Bergen</city><country>NO</country></address></addressbook></agent></agents></parties><international-convention-data><pct-or-regional-filing-data ucid="NO-2012000021-W"><document-id><country>NO</country><doc-number>2012000021</doc-number><kind>W</kind><date>20120302</date><lang>EN</lang></document-id></pct-or-regional-filing-data><pct-or-regional-publishing-data ucid="WO-2012118382-A1"><document-id><country>WO</country><doc-number>2012118382</doc-number><kind>A1</kind><date>20120907</date><lang>EN</lang></document-id></pct-or-regional-publishing-data><designated-states><ep-contracting-states><country mxw-id="DS549856360" load-source="docdb">AL</country><country mxw-id="DS549842687" load-source="docdb">AT</country><country mxw-id="DS549856361" load-source="docdb">BE</country><country mxw-id="DS549842927" load-source="docdb">BG</country><country mxw-id="DS549915894" load-source="docdb">CH</country><country mxw-id="DS549842789" load-source="docdb">CY</country><country mxw-id="DS549842688" load-source="docdb">CZ</country><country mxw-id="DS549856770" load-source="docdb">DE</country><country mxw-id="DS549842794" load-source="docdb">DK</country><country mxw-id="DS549842795" load-source="docdb">EE</country><country mxw-id="DS549763438" load-source="docdb">ES</country><country mxw-id="DS549842928" load-source="docdb">FI</country><country mxw-id="DS549915895" load-source="docdb">FR</country><country mxw-id="DS549856771" load-source="docdb">GB</country><country mxw-id="DS549842796" load-source="docdb">GR</country><country mxw-id="DS549856772" load-source="docdb">HR</country><country mxw-id="DS549842689" load-source="docdb">HU</country><country mxw-id="DS549774235" load-source="docdb">IE</country><country mxw-id="DS549842797" load-source="docdb">IS</country><country mxw-id="DS549915896" load-source="docdb">IT</country><country mxw-id="DS549842802" load-source="docdb">LI</country><country mxw-id="DS549842929" load-source="docdb">LT</country><country mxw-id="DS549763167" load-source="docdb">LU</country><country mxw-id="DS549842934" load-source="docdb">LV</country><country mxw-id="DS549842935" load-source="docdb">MC</country><country mxw-id="DS549763168" load-source="docdb">MK</country><country mxw-id="DS549763173" load-source="docdb">MT</country><country mxw-id="DS549842803" load-source="docdb">NL</country><country mxw-id="DS549856773" load-source="docdb">NO</country><country mxw-id="DS549842804" load-source="docdb">PL</country><country mxw-id="DS549842936" load-source="docdb">PT</country><country mxw-id="DS549842694" load-source="docdb">RO</country><country mxw-id="DS549842937" load-source="docdb">RS</country><country mxw-id="DS549842805" load-source="docdb">SE</country><country mxw-id="DS549915897" load-source="docdb">SI</country><country mxw-id="DS549856794" load-source="docdb">SK</country><country mxw-id="DS549856795" load-source="docdb">SM</country><country mxw-id="DS549763174" load-source="docdb">TR</country></ep-contracting-states></designated-states></international-convention-data><office-specific-data><eptags><ep-no-a-document-published>*</ep-no-a-document-published></eptags></office-specific-data></bibliographic-data><abstract mxw-id="PA99833160" ref-ucid="WO-2012118382-A1" lang="EN" load-source="patent-office"><p num="0000">Method and system for optimal use of heat produced in a thermal system on board a marine unit, the thermal system comprises one or more heat generating units (11,13, 21, 23) and one or more heat consumer units (12) with a pipeline (23, 24, 26) and valve system associated therewith for circulation of thermal fluid between the various units, the heat generating unit(s) (11, 13, 21, 23) comprising at least one fuel fired heater (11); at least one thermal fluid cooling unit (21) selected from the group of a cooling system on one or more engines (20), exhaust gas economizer (22) associated with the exhaust line(s) from the one or more engines (20) and/or incinerator(s) (13), wherein heat from the cooling systems of the heat generating units (11,13, 21, 23) is recovered and used for delivering heat to heat consumers (12), the thermal system being configured in such way that heat recovered from the heat recovery generators (11,13, 21, 23) is primarily utilized and that heat delivered from the conventional fuel burners (11) is used only, or as a supplement, if the heat from the heat recovery generators (11,13, 21, 23) is not sufficient for the intended purpose.</p></abstract><abstract mxw-id="PA100329571" ref-ucid="WO-2012118382-A1" lang="EN" source="national office" load-source="docdb"><p>Method and system for optimal use of heat produced in a thermal system on board a marine unit, the thermal system comprises one or more heat generating units (11,13, 21, 23) and one or more heat consumer units (12) with a pipeline (23, 24, 26) and valve system associated therewith for circulation of thermal fluid between the various units, the heat generating unit(s) (11, 13, 21, 23) comprising at least one fuel fired heater (11); at least one thermal fluid cooling unit (21) selected from the group of a cooling system on one or more engines (20), exhaust gas economizer (22) associated with the exhaust line(s) from the one or more engines (20) and/or incinerator(s) (13), wherein heat from the cooling systems of the heat generating units (11,13, 21, 23) is recovered and used for delivering heat to heat consumers (12), the thermal system being configured in such way that heat recovered from the heat recovery generators (11,13, 21, 23) is primarily utilized and that heat delivered from the conventional fuel burners (11) is used only, or as a supplement, if the heat from the heat recovery generators (11,13, 21, 23) is not sufficient for the intended purpose.</p></abstract><abstract mxw-id="PA99833161" ref-ucid="WO-2012118382-A1" lang="FR" load-source="patent-office"><p num="0000">L'invention concerne un procédé et un système permettant d'utiliser de manière optimale la chaleur produite dans un système thermique à bord d'une unité marine, ce système thermique comprenant une ou plusieurs unités de génération de chaleur (11, 13, 21, 23) et une ou plusieurs unités de consommation de chaleur (12), un système de conduites (23, 24, 26) et vannes leur étant associé pour permettre la circulation de fluide thermique entre ces différentes unités, cette ou ces unités de génération de chaleur (11, 13, 21, 23) comprenant au moins un élément de chauffage (11) alimenté en combustible; au moins une unité de refroidissement de fluide thermique (21) sélectionnée dans le groupe comprenant un système de refroidissement sur un ou plusieurs moteurs (20), un économiseur sur échappement (22) associé à la ou aux ligne(s) d'évacuation du ou des moteurs (20) et/ou incinérateur(s) (13), la chaleur provenant des systèmes de refroidissement des unités de génération de chaleur (11, 13, 21, 23) étant récupérée et utilisée pour fournir de la chaleur aux consommateurs de chaleur (12). Le système thermique est configuré de manière que la chaleur récupérée des générateurs à récupération thermique (11, 13, 21, 23) soit utilisée en premier et que la chaleur provenant de brûleurs de combustible traditionnels (11) soit utilisée uniquement si la chaleur provenant de générateurs à récupération de chaleur (11, 13, 21, 23) ne suffit pas pour le but souhaité.</p></abstract><abstract mxw-id="PA100329572" ref-ucid="WO-2012118382-A1" lang="FR" source="national office" load-source="docdb"><p>L'invention concerne un procédé et un système permettant d'utiliser de manière optimale la chaleur produite dans un système thermique à bord d'une unité marine, ce système thermique comprenant une ou plusieurs unités de génération de chaleur (11, 13, 21, 23) et une ou plusieurs unités de consommation de chaleur (12), un système de conduites (23, 24, 26) et vannes leur étant associé pour permettre la circulation de fluide thermique entre ces différentes unités, cette ou ces unités de génération de chaleur (11, 13, 21, 23) comprenant au moins un élément de chauffage (11) alimenté en combustible; au moins une unité de refroidissement de fluide thermique (21) sélectionnée dans le groupe comprenant un système de refroidissement sur un ou plusieurs moteurs (20), un économiseur sur échappement (22) associé à la ou aux ligne(s) d'évacuation du ou des moteurs (20) et/ou incinérateur(s) (13), la chaleur provenant des systèmes de refroidissement des unités de génération de chaleur (11, 13, 21, 23) étant récupérée et utilisée pour fournir de la chaleur aux consommateurs de chaleur (12). Le système thermique est configuré de manière que la chaleur récupérée des générateurs à récupération thermique (11, 13, 21, 23) soit utilisée en premier et que la chaleur provenant de brûleurs de combustible traditionnels (11) soit utilisée uniquement si la chaleur provenant de générateurs à récupération de chaleur (11, 13, 21, 23) ne suffit pas pour le but souhaité.</p></abstract><description mxw-id="PDES51232821" ref-ucid="WO-2012118382-A1" lang="EN" load-source="patent-office"><!-- EPO <DP n="2"/>--><p id="p0001" num="0001"> METHOD AND SYSTEM FOR OPTIMAL USE OF HEAT ENERGY PRODUCED IN A THERMAL SYSTEM ONBOARD A MARINE UNIT </p><p id="p0002" num="0002">The Technical Field of the Invention </p><p id="p0003" num="0003"> The present invention relates to a method and a system for optimal use of heat produced in a thermal system on board a marine unit, the thermal system comprises one or more heat generating units and one or more heat consumer units with a pipeline and valve system associated therewith for circulation of thermal fluid between the various units, the heat generating unit(s) comprising at least one fuel fired heater; at least one thermal fluid cooling unit selected from the group of a cooling system on one or more engines, exhaust gas economizer associated with the exhaust line(s) from the one or more engines and/or incinerator(s). </p><p id="p0004" num="0004">Background of the Invention </p><p id="p0005" num="0005"> For central heating production in a thermal system on board a marine unit, each unit producing a work or generating heat is provided with heat exchangers in order to cool down to and maintain the unit at a predefined temperature and exchange such recovered energy to a circulating cooling fluid. Such units may for example be a motor, the exhaust system associated with such motors, and fuel powered combustors. The fuel powered combustor may optionally be connected to the system, depending on the availability and sufficiency of green energy delivered from the other units. Also other systems such as waste incinerators, etc. may be incorporated into the thermal system. The various units may be interconnected by means of a piping or circulation pipes, connection the various units in parallel and comprising manifolds and valves. The circulation of the cooling fluid may be driven by a main circulation pump, delivering heat to various customer units on board the vessel. </p><p id="p0006" num="0006"> Two publication, published by Aalborg Industries (Enclosure 1) describe a system for retrieving waste heat from a main motor of a vessel and also a separate system for retrieving heat from auxiliary engines. There is no information in said 
<!-- EPO <DP n="3"/>-->
 publications of a control system for controlling the supply and recovery of the separate heat generating units. </p><p id="p0007" num="0007"> It is a need for economizing the entire energy production and delivery on board a vessel, avoiding dependency of using addition non-renewal fuel and/or eliminating the need for production of electricity production as much as possible. It is also a need for an optimized use and take-out of recovered energy as much as possible. </p><p id="p0008" num="0008">Summary of the Invention </p><p id="p0009" num="0009"> When referred to the term "green energy" below, the following type of energy is meant: Heat which is recovered as a secondary energy source from an working engine, and which otherwise would be lost if not recovered, such type of energy being for example the energy recovered from engine cooling systems, energy recovered from cooling down the flue gases produced by combustion in an engine, heat recovered from the an incinerator, heat produced as a secondary effect in other types of working machinery or in air conditioning systems, sewage, etc.. </p><p id="p0010" num="0010"> An object of the invention is to provide a method and a system for reducing the energy consumption required for heating heat requiring means onboard a marine installation or a vessel. </p><p id="p0011" num="0011"> Another object of the present invention is to enable optimal use of energy produced by the machinery onboard a vessel during periods with variable loads on the vessel machinery, such as for a service or supply vessel working offshore, a vessel which frequently have to maneuver in and out of and/or along the costal line, etc. </p><p id="p0012" num="0012"> Another object is to recover and utilize green energy as much as possible for delivery of heat to heat consuming apparatus, equipment and machinery. </p><p id="p0013" num="0013"> Another object of the invention is to provide a method and a system for providing a more economical and a more optimal use of generated heat, thus requiring reducing the need for burning additional fuel in order to heat various systems. </p><p id="p0014" num="0014"> Yet another object of the invention is to use waste energy produced by engines and incineration systems in a sustainable manner. 
<!-- EPO <DP n="4"/>-->
 A further object of the present invention is to reduced the total fuel consumption for powering and operating a vessel. </p><p id="p0015" num="0015"> The objects are achieved by means of a method and a system as further defined by the independent claims, while embodiments and alternatives are defined by the dependent claims. </p><p id="p0016" num="0016"> According to the present invention sanitary water generator is integrated into the fuel powered combustor, allowing water heated by "green heat" to pass through the combustor in order to become further heated. </p><p id="p0017" num="0017"> A further feature of the present invention is that controlled valves are associated with the various parallel units and piping system are fitted into the parallel circuit for each unit of the thermal system. The control of the valve is achieved by means of a control consol, for example centrally arranged in the engine room of the vessel. By means of such controlled valves and the control consol it is possible to achieve a balanced flow through the entire system, directing the flow to units producing heat at any instant and/or directing heated water to units requiring heat. If no heat is produced, then there is no circulation of heat transferring water. The system may further be provided with one or more by-pass lines with corresponding controlled valves, enhancing the controlled and balanced, adjustable flow in the system, thus together with the control of the other valves of the system, securing an optimal flow delivering the required volume of heat to the requiring unit as and when needed. </p><p id="p0018" num="0018"> The system also includes sensors and meters for measuring flow rates, pressure and the temperature at relevant points in the system. The sensed values provided by said sensors are used for achieving automatic control of the controlled valves, achieving optimal reduction in use of fuel for operating the vessel. </p><p id="p0019" num="0019"> According to the invention, heat from the cooling systems of the heat generating units is recovered and used for delivering heat to heat consumers, the thermal system being configured in such way that heat recovered from the heat recovery generators is primarily utilized and that heat delivered from the conven- tional fuel burners is used only or as a supplement if the heat from the heat recovery generators is not sufficient for the intended purpose. 
<!-- EPO <DP n="5"/>-->
 In particular, but not exclusively, temperatures, pressures and/or flow are measured by sensors arranged on the various units of the thermal system, such measurements being transmitted to a computer system where the values are compared against set values and where control signals are communicated to automated valves for opening or closing of such valves in order to achieve an optimal delivery of heat to the heat consuming unit(s). </p><p id="p0020" num="0020"> The heat generating unit(s) and the heat consuming unit(s) may preferably be divided into separate temperature circuits and connected together for optimal energy saving. Further, the thermal fluid circulation lines for each thermal generating units, and each circulation line for the heat consuming units may preferably be arranged in parallel, allowing individual supply of heat from or to said units, dependent on level of available heat. </p><p id="p0021" num="0021"> According to the present invention the thermal fluid may be circulated in a forced manner in the pipeline system by means of at least two circulation pumps, the running and stand-by of the pumps being controlled by a control unit, dependent on available heat and the required flow of thermal fluid for meeting the set values for the heat consuming units. </p><p id="p0022" num="0022"> Correspondingly, the system depend on heat from the cooling systems of the heat generating units, recovered and used for delivery to the at least one heat consumer, the thermal system being configured in such way that heat recovered from the heat recovery generators is primarily utilized and that the conventional fuel burners is used for production of heat only or as a supplement if the heat from the heat recovery generators is not sufficient for obtaining the intended temperature. </p><p id="p0023" num="0023"> According to one embodiment, the pipeline system comprises sensors and communication means for producing and sending signals between the heat generating and heat consuming units. The system also comprises a control unit and remotely operating valves associated with the heat generating and heat consuming units, controlled by the control unit. </p><p id="p0024" num="0024"> The heat generating unit(s) and the heat consuming unit(s) may preferably be divided into separate temperature circuits and connected together for optimal energy saving. Further, the thermal fluid circulation lines for each thermal generating units, and each circulation line for the heat consuming units are arranged in parallel, 
<!-- EPO <DP n="6"/>-->
 allowing individual supply from or to said units, dependent on level of available heat.</p><p id="p0025" num="0025">According to one embodiment, the system may comprise at least two circulation pumps, the running and stand-by being controlled by a control unit, dependent on required flow of thermal fluid for meeting the set values. </p><p id="p0026" num="0026"> According to the present invention it is possible to automatically regulate and control the fluid flow of heated water to units where it is possible to collect and exchange heat and thereupon circulate such heated fluid to consuming units, requiring heat in an optimal manner. </p><p id="p0027" num="0027"> Further, the system may in a simple and uncomplicated manner be configured with respect to the required number of heat generating units and heat consuming or heat requiring units. </p><p id="p0028" num="0028"> The system consists of few components, all of which being available on the market on a commercial scale. Additionally, due to the limited number of </p><p id="p0029" num="0029">components, the system is simple in installation. </p><p id="p0030" num="0030"> It should also be appreciated that the system is configured in such way that it may be automatically controlled for example by a PLS-system. In such way it may be possible to register and log all readings and trend the values for reports from an environmental point of view. In such way it may be possible to more effectively and optimally use "green energy", achieving a more optimum and economical operation. </p><p id="p0031" num="0031">Short Description of the Drawings </p><p id="p0032" num="0032"> An embodiment of the present invention shall now be described in further detail, referring to the accompanying drawings, wherein: </p><p id="p0033" num="0033"> Figure 1 shows schematically a simplified arrangement and flow chart, indicating the principle used according to the present invention; and </p><p id="p0034" num="0034"> Figure 2 shows schematically the arrangement and the flow chart for a marine installation or vessel, indication various heat generating units, heat consuming units, the pipelines for circulating the thermal fluid and the </p><p id="p0035" num="0035">communication lines for signals between the sensors and the valves and the control unit; and </p><p id="p0036" num="0036"> Figure 3 shows schematically in an enlarged scale parts of the arrangement and flow chart shown in Figurer 1. 
<!-- EPO <DP n="7"/>-->
 Detailed Description of the Invention </p><p id="p0037" num="0037"> Figure 1 shows the arrangement and the flow chart for a thermal system 10 on board a marine installation or vessel (not shown). In principle the thermal system 10 comprises various heat generating units, such as a fuel powered combustor 1 1 , heat consuming units such as an oil tank 12 or a waste incinerator 13, a piping system, comprising pipes 14 with valves 15 for circulating a thermal fluid through the system 0, connecting the heat generating units and the heat consuming units. A main circulation pump 16 is connected to the pipe system in order to secure circulation of the heat carrying fluid through the system. The thermal system 10 comprises further by-pass lines 18 with associated valves 15. </p><p id="p0038" num="0038"> As further indicated in Figure 1 , the thermal system also comprises a control and metering system for controlling the valves 15 and the pump 16 in order to secure optimal heat production and delivery in the system 10. The control and metering system comprises preferably remotely actuation on the valves for individually opening or closing of these and sensors and meters for sensing temperature and measuring the pressure and/or flow rate through the pipe systems at relevant section thereof. For such purpose the thermal system 10 comprises communication lines 40, communicating signals for actuating the valves and transmitting signals to or from the control or measurement system to and/or from a control unit 17. </p><p id="p0039" num="0039"> The heating system 10 disclosed is a closed, pressurized heating system for marine installations based on circulating thermal fluid, such as water/glycol, in the pipeline system 14 at a working temperature up to 1 10 °C. The working pressure is normally up to 3 bar. </p><p id="p0040" num="0040"> Figure 2 shows schematically the arrangement and the flow chart for a marine installation or vessel. The thermal system 10 shown in Figure 2 is a more detailed embodiment of the system shown in Figure 1 . The thermal system 10 comprises in general a main circulation line 24, circulating a fluid by means of one or more main circulation pumps 16. According to the embodiment shown two equal pumps, mounted on skid, are used. One pump may be running while one pump is stand-by, each pump with capacity for delivery heated fluid total heat consumption. Alternatively, on may be dimensioned for maximum heat consumption, while the other may be configured for 50% heat consumption/stand-by. The thermal system 10 
<!-- EPO <DP n="8"/>-->
 according to the embodiment shown includes four engines 20, for example for propulsion and/or auxiliary services. Each engine 20 is provided with a HT-cooling system 21 for cooling the engines 20, the cooling system 21 including heat exchanging means for producing "green energy" to the thermal system according to the present invention. The flow of heated coolant from the heat exchanger in each cooling system 21 is in counter flow with the coolant of the motor. Further, said flow for heated fluid flow for each engine is arranged in parallel by means of a pipeline 23, the ends of the pipelines 23 being connected to the main circulation pipeline 24 in parallel, while connected to the combustor in series. At least one actuated valve 25 is incorporated into the pipeline 23 for heated fluid. </p><p id="p0041" num="0041"> The exhaust gas from each motor 20 is also cooled down by means of an exhaust gas economizer 22. Likewise, the fluid heated by the heat exchanger in the exhaust gas economizers 22 are flowing in corresponding pipelines 26 passing through a counter flow heat exchanger incorporated in the exhaust gas economizer 22. Said pipelines 26 for the various exhaust gas economizers are also arranged in parallel and include actuated valves 27 The exhaust gas economizer may preferably have an automatic by-pass regulation for minimum and maximum exhaust gas temperature and include an automatic control system. </p><p id="p0042" num="0042"> A fuel fired heater 1 1 is incorporated in the main circulation line 25, for heating the circulating fluid in the main circulation line 24 in case where the "green energy" from the engines and/or the exhaust gas economizers, and possible a waste incinerator 13 is not sufficient to provide the required heat. A conventional expander tank 29 is also incorporated in the main circulation line 24. The fuel fired heater 1 1 is preferably used as the primary heating source for heating the fresh water in a separate, but integrated sanitary water system with the combustor 11 , since such sanitary water shall be fresh water and not necessary glycol or other types of liquids as the case may be for the fluid circulating through the main circulation line 24. Said sanitary water system is of a conventional type well known for the person skilled in the art, the water being delivered by means of a pump 30. </p><p id="p0043" num="0043"> Further, the heated water is delivered to heat consuming units 12 of various types, such as liquid tanks, etc. The circulation lines 32, i.e. supply lines and exhaust lines, for each unit 12 are arranged in parallel and are also provided with 
<!-- EPO <DP n="9"/>-->
 actuated valves 33, arranged upstream of the heat consuming unit 12. A by-pass line 31 is provided to this end allowing the pumped fluid to by-pass all the flow </p><p id="p0044" num="0044">consuming units 12 or at least a major part of said units 12. </p><p id="p0045" num="0045"> Each of the actuated valves are connected to a control cabinet 17, allowing an operator or a computer to regulate the opening and closure of the valves completely or partly, depending on required rate of needed heat. In case of a fully automated system an automation system including computer hardware and software may be used, linked to the control cabinet 17. Lines for transmitting signals from sensors and meters in the system, and communicating with the control cabinet 17/automation system, are also incorporated in the system. The control cabinet may for example have a 15" touch screen showing mimic diagram for the main pipeline components and may further be able to display total kW, "green kW" and fuel consumption. The control cabinet may also display temperatures, pressures and valve status and may further include alarm display. The unit may further have user interface for system operation and parameter settings. The system may also have an interface to IAS. </p><p id="p0046" num="0046"> Figure 3 shows schematically in an enlarged scale parts of the arrangement and flow chart shown in Figurer 2. </p><p id="p0047" num="0047"> The thermal system according to the present invention utilizes first the surplus energy from heat recovery generators associated for example with propulsion motors, auxiliary motors and the exhaust systems associated with of such motors. The system does only use fuel burners 1 1 if and when the "green energy" from the heat recovery generator system is not suffice to heat the various units 12 sufficiently to the required temperatures. </p><p id="p0048" num="0048"> As indicated above, the system is automatically controlled and monitored by a control system and can be interfaced to the main computer system (IAS). Safety control system and system for manual control is standard features. The control system is type approved in the major class society and in accordance with class notation (E0). </p><p id="p0049" num="0049"> The control system is PLC based and controls automatically the thermal fluid flow to the individual heat generators and heat consumer groups and balances the system in an optimal way. It also controls the exhaust gas outlet temperature in the exhaust gas economizer to avoid too low temperature in the exhaust gas system. 
<!-- EPO <DP n="10"/>-->
 The circulation system is operated by two or more main circulation pumps 16. Running and stand-by functionality is built into control system. The flow to the particular heat generator and heat consumer is automatically controlled by motor controlled valves operating from 0-100%. Manual control and emergency control is standard. </p><p id="p0050" num="0050"> The heat generators and the heat consumers can be divided in separate temperature circuits and connected together for optimal energy saving. Further, it should be appreciated that in addition to the major parts described above, the system also contains piping and accessories like manual valves, temperature gauges, pressure gauges etc. which are well known for the person skilled in the art, and hence, is not disclosed herein. 
</p></description><claims mxw-id="PCLM44851977" ref-ucid="WO-2012118382-A1" lang="EN" load-source="patent-office"><claim-statement><!-- EPO <DP n="11"/>-->Claims </claim-statement><claim id="clm-0001" num="1"><claim-text>1 . Method for optimal use of heat energy produced in a thermal system on board a marine unit, the thermal system comprises one or more heat generating units (1 1 , 13,21 ,23) and one or more heat consuming units (12) with a pipeline (23,24,26) and valve system associated therewith for circulation of thermal fluid between the various units, the heat generating unit(s) (1 1 ,13,21 ,23) comprising at least one fuel fired heater (1 1 ) or a boiler heated by electricity and at least one heat exchanging unit (21 ) for cooling/heating of the thermal fluid, selected from the group of one or more engines (20) , exhaust gas economizer (22) associated with the exhaust line(s) from the one or more engines (20) and/or incinerator(s) (13), wherein heat energy from the heat generating units (1 1 , 13,21 ,23) is recovered and used for delivering heat energy to heat consumers (12), </claim-text><claim-text>c h a r a c t e r i z e d i n that delivery and/or energy outlet of heat energy in the thermal system is controlled by means of a control system, so that heat energy recovered from the heat recovery generators (1 1 , 3,21 ,23) is primarily utilized and that heat delivered from the conventional fuel burners or electrical boiler (1 1 ) is used only, or as a supplement, if the heat energy from the heat recovery generators (1 1 , 13,21 ,23) is not sufficient for the intended purpose. </claim-text></claim><claim id="clm-0002" num="2"><claim-text>2. Method according to claim 1 , wherein temperatures, pressures and/or flow are measured by sensors arranged on the various units of the thermal system, such measurements being transmitted to a computer system where the values are compared against set values and where control signals are communicated to automated valves ( 5,25,27,33) for opening or closing of such valves (15,25,27,33) for optimal delivery recovery of heat energy from the heat generating units and for optimal distribution of heat energy to the heat consuming unit(s) ( 2). </claim-text></claim><claim id="clm-0003" num="3"><claim-text>3. Method according to claim 1 or 2, wherein the heat generating unit(s) and the heat consuming unit(s) (1 1 , 13,21 ,23) are divided into separate temperature circuits and connected together for optimal energy saving. </claim-text></claim><claim id="clm-0004" num="4"><claim-text>4. Method according to one of the claims 1 -3, wherein the thermal fluid circulation lines (23,26) for each thermal generating units (1 1 , 13,21 ,23), and each circulation line (32) for the heat consuming units (12) are arranged in parallel, allowing individual supply from or to said units, dependent on level of available heat. <!-- EPO <DP n="12"/>--> </claim-text></claim><claim id="clm-0005" num="5"><claim-text>5. Method according to one of the claims 1 -4, wherein the thermal fluid is circulated in the pipeline system by means of at least two circulation pumps (16), the running and stand-by being controlled by a control unit, dependent on required flow of thermal fluid for meeting the set values. </claim-text></claim><claim id="clm-0006" num="6"><claim-text>6. Thermal system for optimal use of heat energy produced on board a marine unit, comprising one or more heat generating units (1 1 , 13,21 ,23) and one or more heat consumer units (12) with a pipeline and valve system associated therewith for circulation of thermal fluid between the various units, the heat generating unit(s) (1 1 , 13,21 ,23) comprising at least one fuel fired heater (1 1 ) and/ electrically heated boiler; for example at least one thermal fluid cooling unit selected from the group of a cooling system on one or more engines (20), exhaust gas economizer (22) associated with the exhaust line(s) from the one or more engines (20); and/or for example one or more incinerators (13), wherein heat energy from the cooling systems of the heat generating units (1 1 , 13,21 ,23) are recovered and used for delivery to the at least one heat consumer (12), </claim-text><claim-text>c h a r a c t e r i z e d i n that the thermal system comprises a control system configured in such manner that heat energy recovered from the heat recovery generators (1 1 , 13,21 ,23) primarily is utilized, and that the conventional fuel burners (1 1 ) and/or the electrical boiler is used for production of heat energy only, or as a supplement, if the heat energy from the heat recovery generators (1 1 , 13,21 ,23) is not sufficient for obtaining the intended temperature. </claim-text></claim><claim id="clm-0007" num="7"><claim-text>7. System according to claim 6, wherein the pipeline system comprises sensors and communication means for providing and sending signals between the heat generating (1 1 ,13,21 ,23) and consuming units (12) and a control unit and for remotely operating the valves associated with the heat generating (1 1 , 13,21 ,23) and heat consuming units (12), controlled by the control unit. </claim-text></claim><claim id="clm-0008" num="8"><claim-text>8. System according to claim 6 or 7, wherein the heat generating unit(s) </claim-text><claim-text>(1 1 , 13,21 ,23) and the heat consuming unit(s) (12) are divided into separate temperature circuits and connected together for optimal energy saving. </claim-text></claim><claim id="clm-0009" num="9"><claim-text>9. System according to one of the claims 6-8, wherein the thermal fluid circulation lines for each thermal generating units (13,21 ,23), and each circulation line for the heat consuming units (12) are arranged in parallel, allowing individual supply from or to said units, dependent on level of available heat. <!-- EPO <DP n="13"/>--> </claim-text></claim><claim id="clm-0010" num="10"><claim-text>10. System according to one of the claims 1 -4, wherein the system comprises at least two circulation pumps (16), the running and stand-by being controlled by a control unit, dependent on required flow of thermal fluid for meeting the set values. </claim-text></claim></claims><copyright>User acknowledges that Fairview Research LLC and its third party providers retain all right, title and interest in and to this xml under applicable copyright laws.  User acquires no ownership rights to this xml including but not limited to its format.  User hereby accepts the terms and conditions of the Licence Agreement</copyright></patent-document>
