<?xml version="1.0" encoding="UTF-8"?>
<patent-document ucid="EP-2958632-A1" country="EP" doc-number="2958632" kind="A1" date="20151230" family-id="49958473" file-reference-id="302774" date-produced="20180825" status="corrected" lang="DE"><bibliographic-data><publication-reference fvid="160453568" ucid="EP-2958632-A1"><document-id><country>EP</country><doc-number>2958632</doc-number><kind>A1</kind><date>20151230</date><lang>DE</lang></document-id></publication-reference><application-reference ucid="EP-14700481-A" is-representative="NO"><document-id mxw-id="PAPP193870104" load-source="docdb" format="epo"><country>EP</country><doc-number>14700481</doc-number><kind>A</kind><date>20140114</date><lang>DE</lang></document-id><document-id mxw-id="PAPP193870105" load-source="patent-office" format="original"><country>EP</country><doc-number>14700481.6</doc-number><date>20140114</date><lang>DE</lang></document-id></application-reference><priority-claims><priority-claim mxw-id="PPC162034892" ucid="DE-102013203045-A" load-source="docdb"><document-id format="epo"><country>DE</country><doc-number>102013203045</doc-number><kind>A</kind><date>20130225</date></document-id></priority-claim><priority-claim mxw-id="PPC162036423" ucid="EP-2014050582-W" linkage-type="W" load-source="docdb"><document-id format="epo"><country>EP</country><doc-number>2014050582</doc-number><kind>W</kind><date>20140114</date></document-id></priority-claim></priority-claims><technical-data><classifications-ipcr><classification-ipcr mxw-id="PCL-1988519728" load-source="docdb">A61Q  17/04        20060101AFI20140911BHEP        </classification-ipcr><classification-ipcr mxw-id="PCL-1988522006" load-source="docdb">A61K   8/85        20060101ALI20140911BHEP        </classification-ipcr><classification-ipcr mxw-id="PCL-1988525169" load-source="docdb">A61K   8/89        20060101ALI20140911BHEP        </classification-ipcr></classifications-ipcr><classifications-cpc><classification-cpc mxw-id="PCL-1987766326" load-source="docdb" scheme="CPC">A61K   8/891       20130101 LI20141105BHEP        </classification-cpc><classification-cpc mxw-id="PCL-1987768536" load-source="docdb" scheme="CPC">A61K   8/375       20130101 FI20141105BHEP        </classification-cpc><classification-cpc mxw-id="PCL-1987783686" load-source="docdb" scheme="CPC">A61Q  17/04        20130101 LI20140417BHEP        </classification-cpc><classification-cpc mxw-id="PCL-1987797051" load-source="docdb" scheme="CPC">A61K   8/046       20130101 LI20141105BHEP        </classification-cpc></classifications-cpc><invention-title mxw-id="PT165552170" lang="DE" load-source="patent-office">KOSMETISCHES SONNENSCHUTZMITTEL MIT REDUZIERTEM WEISSELEFFEKT</invention-title><invention-title mxw-id="PT165552171" lang="EN" load-source="patent-office">COSMETIC SUNSCREEN HAVING REDUCED WHITE-CAST EFFECT</invention-title><invention-title mxw-id="PT165552172" lang="FR" load-source="patent-office">PRODUIT SOLAIRE COSMÉTIQUE À MOINDRE EFFET DE TRACES BLANCHES</invention-title><citations><non-patent-citations><nplcit><text>See references of WO 2014127929A1</text><sources><source mxw-id="PNPL67568317" load-source="docdb" name="SEA"/></sources></nplcit></non-patent-citations></citations></technical-data><parties><applicants><applicant mxw-id="PPAR1103325875" load-source="docdb" sequence="1" format="epo"><addressbook><last-name>BEIERSDORF AG</last-name><address><country>DE</country></address></addressbook></applicant><applicant mxw-id="PPAR1103316122" load-source="docdb" sequence="1" format="intermediate"><addressbook><last-name>BEIERSDORF AG</last-name></addressbook></applicant><applicant mxw-id="PPAR1101646920" load-source="patent-office" sequence="1" format="original"><addressbook><last-name>Beiersdorf AG</last-name><iid>101391844</iid><address><street>Unnastrasse 48</street><city>20253 Hamburg</city><country>DE</country></address></addressbook></applicant></applicants><inventors><inventor mxw-id="PPAR1103318551" load-source="docdb" sequence="1" format="epo"><addressbook><last-name>NEUMANN YVONNE</last-name><address><country>DE</country></address></addressbook></inventor><inventor mxw-id="PPAR1103340457" load-source="docdb" sequence="1" format="intermediate"><addressbook><last-name>NEUMANN, Yvonne</last-name></addressbook></inventor><inventor mxw-id="PPAR1101641322" load-source="patent-office" sequence="1" format="original"><addressbook><last-name>NEUMANN, Yvonne</last-name><address><street>Erlenstrasse 4</street><city>22529 Hamburg</city><country>DE</country></address></addressbook></inventor><inventor mxw-id="PPAR1103306448" load-source="docdb" sequence="2" format="epo"><addressbook><last-name>SCHLENKER DAVID</last-name><address><country>DE</country></address></addressbook></inventor><inventor mxw-id="PPAR1103323512" load-source="docdb" sequence="2" format="intermediate"><addressbook><last-name>SCHLENKER, David</last-name></addressbook></inventor><inventor mxw-id="PPAR1101653563" load-source="patent-office" sequence="2" format="original"><addressbook><last-name>SCHLENKER, David</last-name><address><street>Stiefmütterchenweg 34</street><city>22607 Hamburg</city><country>DE</country></address></addressbook></inventor><inventor mxw-id="PPAR1103316192" load-source="docdb" sequence="3" format="epo"><addressbook><last-name>KUMMER ANDREAS B</last-name><address><country>DE</country></address></addressbook></inventor><inventor mxw-id="PPAR1103329045" load-source="docdb" sequence="3" format="intermediate"><addressbook><last-name>KUMMER, ANDREAS, B.</last-name></addressbook></inventor><inventor mxw-id="PPAR1101640138" load-source="patent-office" sequence="3" format="original"><addressbook><last-name>KUMMER, ANDREAS, B.</last-name><address><street>Rönneburger Kirchweg 13</street><city>21079 Hamburg</city><country>DE</country></address></addressbook></inventor></inventors></parties><international-convention-data><pct-or-regional-filing-data ucid="EP-2014050582-W"><document-id><country>EP</country><doc-number>2014050582</doc-number><kind>W</kind><date>20140114</date><lang>DE</lang></document-id></pct-or-regional-filing-data><pct-or-regional-publishing-data ucid="WO-2014127929-A1"><document-id><country>WO</country><doc-number>2014127929</doc-number><kind>A1</kind><date>20140828</date><lang>DE</lang></document-id></pct-or-regional-publishing-data><designated-states><ep-contracting-states><country mxw-id="DS660638467" load-source="docdb">AL</country><country mxw-id="DS660721707" load-source="docdb">AT</country><country mxw-id="DS660753690" load-source="docdb">BE</country><country mxw-id="DS660639961" load-source="docdb">BG</country><country mxw-id="DS660793900" load-source="docdb">CH</country><country mxw-id="DS660753695" load-source="docdb">CY</country><country mxw-id="DS660721708" load-source="docdb">CZ</country><country mxw-id="DS660638469" load-source="docdb">DE</country><country mxw-id="DS660753696" load-source="docdb">DK</country><country mxw-id="DS660753697" load-source="docdb">EE</country><country mxw-id="DS660643057" load-source="docdb">ES</country><country mxw-id="DS660639962" load-source="docdb">FI</country><country mxw-id="DS660793901" load-source="docdb">FR</country><country mxw-id="DS660638470" load-source="docdb">GB</country><country mxw-id="DS660753698" load-source="docdb">GR</country><country mxw-id="DS660638479" load-source="docdb">HR</country><country mxw-id="DS660721709" load-source="docdb">HU</country><country mxw-id="DS660793902" load-source="docdb">IE</country><country mxw-id="DS660753703" load-source="docdb">IS</country><country mxw-id="DS660639971" load-source="docdb">IT</country><country mxw-id="DS660753704" load-source="docdb">LI</country><country mxw-id="DS660639972" load-source="docdb">LT</country><country mxw-id="DS660730251" load-source="docdb">LU</country><country mxw-id="DS660639973" load-source="docdb">LV</country><country mxw-id="DS660639974" load-source="docdb">MC</country><country mxw-id="DS660730252" load-source="docdb">MK</country><country mxw-id="DS660730253" load-source="docdb">MT</country><country mxw-id="DS660753705" load-source="docdb">NL</country><country mxw-id="DS660638481" load-source="docdb">NO</country><country mxw-id="DS660753706" load-source="docdb">PL</country><country mxw-id="DS660639991" load-source="docdb">PT</country><country mxw-id="DS660721710" load-source="docdb">RO</country><country mxw-id="DS660639992" load-source="docdb">RS</country><country mxw-id="DS660753711" load-source="docdb">SE</country><country mxw-id="DS660793903" load-source="docdb">SI</country><country mxw-id="DS660638482" load-source="docdb">SK</country><country mxw-id="DS660638495" load-source="docdb">SM</country><country mxw-id="DS660730254" load-source="docdb">TR</country></ep-contracting-states><ep-extended-states><ep-extended-state-data><country>BA</country></ep-extended-state-data><ep-extended-state-data><country>ME</country></ep-extended-state-data></ep-extended-states></designated-states></international-convention-data><office-specific-data><eptags><ep-no-a-document-published>*</ep-no-a-document-published></eptags></office-specific-data></bibliographic-data><abstract mxw-id="PA139080823" ref-ucid="WO-2014127929-A1" lang="DE" load-source="patent-office"><p num="0000">Kosmetische Zubereitung enthaltend a) ein oder mehrere UV-Filter b) ein Polyglycerolester c) einen Silikonspacer enthaltenden Octyldecylcitratpolyester und deren Derivate</p></abstract><abstract mxw-id="PA139547276" ref-ucid="WO-2014127929-A1" lang="DE" source="national office" load-source="docdb"><p>Kosmetische Zubereitung enthaltend a) ein oder mehrere UV-Filter b) ein Polyglycerolester c) einen Silikonspacer enthaltenden Octyldecylcitratpolyester und deren Derivate</p></abstract><abstract mxw-id="PA139080824" ref-ucid="WO-2014127929-A1" lang="EN" load-source="patent-office"><p num="0000">The invention relates to a cosmetic preparation, containing a) one or more UV filters, b) a polyglycerol ester, c) octyl-decyl citrate polyesters containing a silicone spacer and derivatives of said octyl-decyl citrate polyesters.</p></abstract><abstract mxw-id="PA139547277" ref-ucid="WO-2014127929-A1" lang="EN" source="national office" load-source="docdb"><p>The invention relates to a cosmetic preparation, containing a) one or more UV filters, b) a polyglycerol ester, c) octyl-decyl citrate polyesters containing a silicone spacer and derivatives of said octyl-decyl citrate polyesters.</p></abstract><abstract mxw-id="PA139080825" ref-ucid="WO-2014127929-A1" lang="FR" load-source="patent-office"><p num="0000">L'invention concerne une préparation cosmétique contenant a) un ou plusieurs filtres UV, b) un ester de polyglycérol, c) un polyester octyle-décyle citrate contenant une barrière de silicone et leurs dérivés.</p></abstract><abstract mxw-id="PA139547278" ref-ucid="WO-2014127929-A1" lang="FR" source="national office" load-source="docdb"><p>L'invention concerne une préparation cosmétique contenant a) un ou plusieurs filtres UV, b) un ester de polyglycérol, c) un polyester octyle-décyle citrate contenant une barrière de silicone et leurs dérivés.</p></abstract><description mxw-id="PDES78478414" ref-ucid="WO-2014127929-A1" lang="DE" load-source="patent-office"><!-- EPO <DP n="2"/>--><p id="p0001" num="0001"> Beschreibung </p><p id="p0002" num="0002">Kosmetisches Sonnenschutzmittel mit reduziertem Weißeleffekt </p><p id="p0003" num="0003">Die vorliegende Erfindung betrifft eine kosmetische Zubereitung enthaltend ein oder mehrere UV-Filter sowie einen Silikonspacer enthaltenden Octyldecylcitratpolyester und deren Derivate </p><p id="p0004" num="0004">Der Trend weg von der vornehmen Blässe hin zur„gesunden, sportlich braunen Haut" ist seit Jahren ungebrochen. Um diese zu erzielen setzen die Menschen ihre Haut der Sonnenstrahlung aus, da diese eine Pigmentbildung im Sinne einer Melaninbildung hervorruft. Die ultraviolette Strahlung des Sonnenlichtes hat jedoch auch eine schädigende Wirkung auf die Haut. Neben der akuten Schädigung (Sonnenbrand) treten Langzeitschäden wie ein erhöhtes Risiko an Hautkrebs zu erkranken bei übermäßiger Bestrahlung mit Licht aus dem UVB-Bereich (Wellenlänge: 280-320 nm) auf. Die übermäßige Einwirkung der UVB- und UVA-Strahlung (Wellenlänge: 320-400 nm) führt darüber hinaus zu einer Schwächung der elastischen und kollagenen Fasern des Bindegewebes. Dies führt zu zahlreichen phototoxischen und photoallergischen Reaktionen und hat eine vorzeitige Hautalterung zur Folge. </p><p id="p0005" num="0005">Zum Schutz der Haut wurden daher eine Reihe von Lichtschutzfiltersubstanzen entwickelt, die in kosmetischen Zubereitungen eingesetzt werden können. Diese UVA- und UVB-Filter sind in den meisten Industrieländern in Form von Positivlisten wie der Anlage 7 der deutschen Kosmetikverordnung zusammengefasst. </p><p id="p0006" num="0006">Die Vielzahl an kommerziell erhältlichen Sonnenschutzmitteln darf jedoch nicht darüber hinwegtäuschen, dass diese Zubereitungen des Standes der Technik eine Reihe von Nachteilen aufweisen. </p><p id="p0007" num="0007">Ein besonderes Problem stellt der Auftrag von Sonnenschutzmitteln (insbesondere wenn diese Titandioxid- oder Zinkoxid als UV-Filter enthalten) auf die nasse Haut dar. 
<!-- EPO <DP n="3"/>-->
 Üblicherweise werden Sonnenschutzmittel im Sommer in Verbindung mit Wassersport eingesetzt, beispielsweise am Strand oder im Freibad vor, während und nach dem Baden, beim Surfen, Segeln oder Ähnlichem. Üblicherweise wird auch bei sogenannten </p><p id="p0008" num="0008">„wasserfesten" Sonnenschutzmitteln ein Teil der vor dem Kontakt mit Wasser behandelten Haut aufgetragenen UV-Filter beim Baden etc. abgespült, so dass die Haut nach dem Wasserkontakt wieder mit Sonnenschutzmitteln behandelt werden muss, um ausreichend vor der UV-Strahlung geschützt zu sein. Der Auftrag auf die dann noch nasse Haut führt in der Regel dazu, dass es zu Ausfällungen und Inhomogenitäten des Sonnenschutzmittels kommt, was sich durch das„Weißein" genannte Phänomen, der Bildung weißer Reste auf der Haut, äußert. Dieser Effekt ist nicht nur unästhetisch. Darüber hinaus leidet auch die Schutzwirkung (SPF). </p><p id="p0009" num="0009"> Andererseits fällt es insbesondere Eltern von Kleinkindern in der Regel schwer, diese nach dem Spielen im Wasser ordentlich abzutrocknen und mit Sonnenschutzmittel einzucremen, da sich die Kleinen gerne der elterlichen Fürsorge entziehen. </p><p id="p0010" num="0010">Es war daher die Aufgabe der vorliegenden Erfindung, die Mängel des Standes der Technik zu beseitigen und Sonnenschutzmittel zu entwickeln, die sich problemlos bzw. mit reduziertem Weißel-Effekt auf die nasse Haut auftragen lassen. </p><p id="p0011" num="0011">Überraschend gelöst wird die Aufgabe durch eine kosmetische Zubereitung enthaltend a) ein oder mehrere UV-Filter b) ein Polyglycerolester c) einen Silikonspacer enthaltenden Octyldecylcitratpolyester und deren Derivate </p><p id="p0012" num="0012">Zwar kennt der Stand der Technik die US 2012/0014882, doch konnte diese Schrift nicht den Weg zur vorliegenden Erfindung weisen, nicht zuletzt deshalb, weil die erfindungsgemäßen mit Silikonspacer versehenen Octyldecylcitratpolyester und deren Derivate in Kombination mit Polyglycerolester ohne carboxyliertes Acrylcopolymer deutlich weniger weißein. </p><p id="p0013" num="0013">Erfindungsgemäß vorteilhafte Ausführungsformen der vorliegenden Erfindung sind dadurch gekennzeichnet, dass insbesondere Octyldecylcitratpolyester mit einem Silikonspacer der Art Dialkylsiloxysilikat oder Dimethicon eingesetzt wird. 
<!-- EPO <DP n="4"/>-->

<img id="imgf000004_0001" he="33" wi="61" file="imgf000004_0001.tif" img-format="tif" img-content="drawing" orientation="portrait" inline="yes"/>
 </p><p id="p0014" num="0014">Eine andere bevorzugte Ausführungsform der vorliegenden Erfindung ist dadurch </p><p id="p0015" num="0015">gekennzeichnet, dass als Silikonspacer die folgende Struktur eingesetzt wird: </p><p id="p0016" num="0016"><img id="imgf000004_0002" he="42" wi="61" file="imgf000004_0002.tif" img-format="tif" img-content="drawing" orientation="portrait" inline="no"/></p><p id="p0017" num="0017">Beispielsweise können derartige Verbindungen des Octyldecylcitratpolyester bei der Firma SurfaTech Corporation in der Cosmosurfserie erhalten werden. Der Polyglycerolester wird ebenfalls durch die Firma SurfaTech Corporation als Cosmosurf PG 1 IS beschrieben. </p><p id="p0018" num="0018">Es ist erfindungsgemäß vorteilhaft, wenn die Zubereitung einen oder mehrere UV-Filter enthält, gewählt aus der Gruppe der Verbindungen 2-Phenylbenzimidazol-5-sulfonsäure und/oder deren Salze; Phenylen-1 ,4-bis-(2-benzimidazyl)-3,3'-5,5'-tetrasulfonsäuresalze; 1 ,4-di(2-oxo-10-Sulfo-3-bornylidenmethyl)-Benzol und dessen Salze; 4-(2-Oxo-3-bornyliden- methyl)benzolsulfonsäuresalze; 2-Methyl-5-(2-oxo-3-bornylidenmethyl)sulfonsäuresalze; 2,2'-Methylen-bis-(6-(2H-benzotriazol-2-yl)-4-(1 ,1 ,3,3-tetramethylbutyl)-phenol); 2-(2H-ben- zotriazol-2-yl)-4-methyl-6-[2-methyl-3-[1 ,3,3,3-tetramethyl-1-[(trimethylsilyl)oxy]disiloxa- nyl]propyl]-phenol; 3-(4-Methylbenzyliden)campher; 3-Benzylidencampher; </p><p id="p0019" num="0019">Ethylhexylsalicylat; Terephthalidendicamphersulfonsäure; 4-(tert.-Butyl)-4'-methoxydiben- zoylmethan; 2-Ethylhexyl-2-cyano-3,3-diphenylacrylat; 4-(Dimethylamino)-benzoesäure(2- ethylhexyl)ester; 4-(Dimethylamino)benzoesäure-amylester; 4-Methoxybenzalmalon- säuredi(2-ethylhexyl)ester; 4-Methoxyzimtsäure(2-ethylhexyl)ester; 4-Methoxyzimtsäureiso- amylester; 2-Hydroxy-4-methoxybenzophenon, 2-Hydroxy-4-methoxy-4'- methylbenzophenon; 2,2'-Dihydroxy-4-methoxybenzophenon; 2-(4'-Diethylamino-2'- hydoxybenzoyl)-benzoesäurehexylester; Homomenthylsalicylat; 2-Ethylhexyl-2- hydroxybenzoat; Dimethicodiethylbenzalmalonat; 3-(4-(2,2-bis Ethoxycarbonylvinyl)-phe- 
<!-- EPO <DP n="5"/>-->
 noxy)propenyl)-methoxysiloxan / Dimethylsiloxan - Copolymer; Dioctylbutylamidotriazon (INCI: Diethylhexyl-Butamidotriazone); 2,4-bis-[5-1 (dimethylpropyl)benzoxazol-2-yl-(4- phenyl)-imino]-6-(2-ethylhexyl)-imino-1 ,3,5-triazin mit der (CAS Nr. 288254-16-0); 4,4',4"- (1 ,3,5-Triazin-2,4,6-triyltriimino)-tris-benzoesäure-tris(2-ethylhexylester) (auch: 2,4,6-Tris- [anilino-(p-carbo-2'-ethyl-1 '-hexyloxy)]-1 ,3,5-triazin (INCI: Ethylhexyl Triazone); 2,4-Bis-{[4-(2- ethyl-hexyloxy)-2-hydroxy]-phenyl}-6-(4-methoxyphenyl)-1 ,3,5-triazin; 2,4,6-Tribiphenyl-4-yl- 1 ,3,5-triazin; Merocyanine. </p><p id="p0020" num="0020">Diese können in einer Gesamtmenge von 0,1 -40 Gewichts-%, bezogen auf das </p><p id="p0021" num="0021">Gesamtgewicht der Zubereitung, in dieser enthalten sein. </p><p id="p0022" num="0022">Darüber hinaus kann die erfindungsgemäße Zubereitung erfindungsgemäß vorteilhaft weitere Inhaltsstoffe enthalten. </p><p id="p0023" num="0023">Erfindungsgemäß vorteilhaft enthält die erfindungsgemäße Zusammensetzung ein oder mehrere Feuchthaltemittel (Moisturizer). Als Feuchthaltemittel (Moisturizer) werden Stoffe oder Stoffgemische bezeichnet, welche kosmetischen Zubereitungen die Eigenschaft verleihen, nach dem Auftragen bzw. Verteilen auf der Hautoberfläche die </p><p id="p0024" num="0024">Feuchtigkeitsabgabe der Hornschicht (auch transepidermal water loss (TEWL) genannt) zu reduzieren und/oder die Hydratation der Hornschicht positiv zu beeinflussen. </p><p id="p0025" num="0025">Vorteilhafte Feuchthaltemittel (Moisturizer) im Sinne der vorliegenden Erfindung sind beispielsweise Glycerin, Milchsäure und/oder Lactate, insbesondere Natriumlactat, </p><p id="p0026" num="0026">Butylenglykol, Propylenglykol, Biosaccaride Gum-1 , Hydroxyethylharnstoff, Glycine Soja, Ethylhexyloxyglycerin, Pyrrolidoncarbonsäure, Glycerylglucose Quaternäre Verbindungen, Alkandiole und Harnstoff. Ferner ist es insbesondere von Vorteil, polymere Moisturizer aus der Gruppe der wasserlöslichen und/oder in Wasser quellbaren und/oder mit Hilfe von Wasser gelierbaren Polysaccharide zu verwenden. Insbesondere vorteilhaft sind beispielsweise Hyaluronsäure, Chitosan und/oder ein fucosereiches Polysaccharid, welches in den Chemical Abstracts unter der Registraturnummer 178463-23-5 abgelegt und z. B. unter der Bezeichnung Fucogel®1000 von der Gesellschaft SOLABIA S.A. erhältlich ist. </p><p id="p0027" num="0027">Es ist vorteilhaft im Sinne der vorliegenden Erfindung, wenn die erfindungsgemäße </p><p id="p0028" num="0028">Zubereitung ein oder mehrere Feuchthaltemittel in einer Gesamtkonzentration von 0, 1 bis 20 Gewichts-% und bevorzugt in einer Gesamtkonzentration von 0,5 bis 15 Gewichts-%, jeweils bezogen auf das Gesamtgewicht der Zubereitung, enthält. 
<!-- EPO <DP n="6"/>-->
 Die erfindungsgemäßen kosmetischen Zubereitungen können ferner vorteilhaft, wenngleich nicht zwingend, Füllstoffe enthalten, welche z. B. die sensorischen und kosmetischen Eigenschaften der Formulierungen weiter verbessern und beispielsweise ein samtiges oder seidiges Hautgefühl hervorrufen oder verstärken. Vorteilhafte Füllstoffe im Sinne der vorliegenden Erfindung sind Stärke und Stärkederivate (wie z. B. Tapiocastärke, </p><p id="p0029" num="0029">Distärkephosphat, Polysilsesquioxane, Siloxanelastomere, Aluminium- bzw. Natrium-Stärke Octenylsuccinat und dergleichen), Pigmente, die weder hauptsächlich UV-Filter- noch färbende Wirkung haben (wie z. B. Bornitrid etc.), Polyethylen, Nylon, Aerosile<sup>®</sup> (CAS-Nr. 7631- 86-9) und /oder Talkum. </p><p id="p0030" num="0030">Erfindungsgemäß bevorzugt ist es, wenn die Zubereitung Füllstoffe, insbesondere </p><p id="p0031" num="0031">Polyethylen, Nylon, natürliche oder modifizierte Stärken wie Tapiokastärke und/oder Silikate wie beispielsweise Talkum enthält. </p><p id="p0032" num="0032">Die Ölphase der erfindungsgemäßen Formulierungen wird vorteilhaft gewählt aus der Gruppe der polaren Öle, beispielsweise aus der Gruppe der Lecithine und der Fettsäuretri- glyceride, namentlich der Triglycerinester gesättigter und/oder ungesättigter, verzweigter und/oder unverzweigter Alkancarbonsäuren einer Kettenlänge von 8 bis 24, insbesondere 12 bis 18 C-Atomen. Die Fettsäuretriglyceride können beispielsweise vorteilhaft gewählt werden aus der Gruppe der synthetischen, halbsynthetischen und natürlichen Öle, wie z. B. Coco- glycerid, Olivenöl, Sonnenblumenöl, Sojaöl, Erdnußöl, Rapsöl, Arganöl, Mandelöl, Palmöl, Kokosöl, Rizinusöl, Weizenkeimöl, Traubenkernöl, Distelöl, Nachtkerzenöl, Macadamianußöl und dergleichen mehr. </p><p id="p0033" num="0033">Erfindungsgemäß vorteilhaft sind ferner z. B. natürliche Wachse tierischen und pflanzlichen Ursprungs, wie beispielsweise Bienenwachs und andere Insektenwachse sowie Beerenwachs, Sheabutter und/oder Lanolin (Wollwachs). </p><p id="p0034" num="0034">Weitere vorteilhafte polare Olkomponenten können im Sinne der vorliegenden Erfindung ferner gewählt werden aus der Gruppe der Ester aus gesättigten und/oder ungesättigten, verzweigten und/oder unverzweigten Alkancarbonsäuren einer Kettenlänge von 3 bis 30 C- Atomen und gesättigten und/oder ungesättigten, verzweigten und/oder unverzweigten Alkoholen einer Kettenlänge von 3 bis 30 C-Atomen sowie aus der Gruppe der Ester aus aromatischen Carbonsäuren und gesättigten und/oder ungesättigten, verzweigten und/oder unverzweigten Alkoholen einer Kettenlänge von 3 bis 30 C-Atomen. Solche Esteröle können dann vorteilhaft gewählt werden aus der Gruppe Octylpalmitat, Octylcocoat, Octylisostearat, Octyldodeceylmyristat, Octyldodecanol, Cetearylisononanoat, Isopropylmyristat, Isopropyl- 
<!-- EPO <DP n="7"/>-->
 palmitat, Isopropylstearat, Isopropyloleat, n-Butylstearat, n-Hexyllaurat, n-Decyloleat, Isooc- tylstearat, Isononylstearat, Isononylisononanoat, 2-Ethylhexylpalmitat, 2-Ethylhexyllaurat, 2- Hexyldecylstearat, 2-Octyldodecylpalmitat, Stearylheptanoat, Oleyloleat, Oleylerucat, Erucyl- oleat, Erucylerucat, Tridecylstearat, Tridecyltrimellitat, sowie synthetische, halbsynthetische und natürliche Gemische solcher Ester, wie z. B. Jojobaöl. </p><p id="p0035" num="0035">Ferner kann die Ölphase vorteilhaft gewählt werden aus der Gruppe der Dialkylether und Dialkylcarbonate, vorteilhaft sind z. B. Dicaprylylether (Cetiol OE) und/oder Dicaprylyl- carbonat, beispielsweise das unter der Handelsbezeichnung Cetiol CC bei der Fa. Cognis erhältliche. </p><p id="p0036" num="0036">Es sind ferner bevorzugt, die Olkomponenten aus der Gruppe Isoeikosan, Neopen- tylglykoldiheptanoat, Propylenglykoldicaprylat/dicaprat, Caprylic/Capric/Diglycerylsuccinat, Butylenglykol Dicaprylat/Dicaprat, Cocoglyceride (z. B. Myritol® 331 von Henkel), C<sub>1 2-</sub>13- Alkyllactat, Di-C<sub>12-</sub>13-Alkyltartrat, Triisostearin, Dipentaerythrityl Hexacaprylat/Hexacaprat, Propylenglykolmonoisostearat, Tricaprylin, Dimethylisosorbid. Es ist insbesondere vorteilhaft, wenn die Ölphase der erfindungsgemäßen Formulierungen einen Gehalt an C<sub>1 2-</sub>15- Alkylbenzoat aufweist oder vollständig aus diesem besteht. </p><p id="p0037" num="0037">Vorteilhafte Olkomponenten sind ferner z. B. Butyloctylsalicylat (beispielsweise das unter der Handelsbezeichnung Hallbrite BHB bei der Fa. CP Hall erhältliche), Hexadecylbenzoat und Butyloctylbenzoat und Gemische davon (Hallstar AB) und/oder Diethylhexylnaphthalat (Hallbrite TQ von CP Hall oder Corapan®TQvon Haarmann &amp; Reimer). </p><p id="p0038" num="0038">Die erfindungsgemäßen kosmetischen Zubereitungen können ferner vorteilhaft, wenngleich nicht zwingend, Füllstoffe enthalten, welche z. B. die sensorischen und kosmetischen Eigenschaften der Formulierungen weiter verbessern und beispielsweise ein samtiges oder seidiges Hautgefühl hervorrufen oder verstärken. Vorteilhafte Füllstoffe im Sinne der vorliegenden Erfindung sind Stärke und Stärkederivate (wie z. B. Tapiocastärke, </p><p id="p0039" num="0039">Distärkephosphat, Aluminium- bzw. Natrium-Stärke Octenylsuccinat und dergleichen), Pigmente, die weder hauptsächlich UV-Filter- noch färbende Wirkung haben (wie z. B. </p><p id="p0040" num="0040">Bornitrid etc.), Polyethylen, Nylon, Aerosile<sup>®</sup> (CAS-Nr. 7631 -86-9) und /oder Talkum. </p><p id="p0041" num="0041">Erfindungsgemäß bevorzugt ist es, wenn die Zubereitung Füllstoffe, insbesondere </p><p id="p0042" num="0042">Polyethylen, Nylon, natürliche oder modifizierte Stärken wie Tapiokastärke und/oder Silikate wie beispielsweise Talkum enthält. 
<!-- EPO <DP n="8"/>-->
 Auch beliebige Abmischungen solcher Öl- und Wachskomponenten sind vorteilhaft im Sinne der vorliegenden Erfindung einzusetzen. </p><p id="p0043" num="0043">Ferner kann die Ölphase ebenfalls vorteilhaft auch unpolare Öle enthalten, beispielsweise solche, welche gewählt werden aus der Gruppe der verzweigten und unverzweigten Kohlenwasserstoffe und -wachse, insbesondere Mineralöl, Vaseline (Petrolatum), Paraffinöl, Squalan und Squalen, Polyolefine, hydrogenierte Polyisobutene und Isohexadecan. Unter den Polyolefinen sind Polydecene die bevorzugten Substanzen. </p><p id="p0044" num="0044">Vorteilhaft kann die Ölphase ferner einen Gehalt an cyclischen oder linearen Silikonölen aufweisen oder vollständig aus solchen Ölen bestehen, wobei allerdings bevorzugt wird, außer dem Silikonöl oder den Silikonölen einen zusätzlichen Gehalt an anderen Ölphasenkompo- nenten zu verwenden. </p><p id="p0045" num="0045">Silikonöle sind hochmolekulare synthetische polymere Verbindungen, in denen Silicium- Atome über Sauerstoff-Atome ketten- und/oder netzartig verknüpft und die restlichen Valenzen des Siliciums durch Kohlenwasserstoff-Reste (meist Methyl-, seltener Ethyl-, Propyl-, Phenyl-Gruppen u. a.) abgesättigt sind. Systematisch werden die Silikonöle als Polyorganosiloxane bezeichnet. Die methylsubstituierten Polyorganosiloxane, welche die mengenmäßig bedeutendsten Verbindungen dieser Gruppe darstellen und sich durch die folgende Strukturformel auszeichnen </p><p id="p0046" num="0046"><img id="imgf000008_0001" he="22" wi="60" file="imgf000008_0001.tif" img-format="tif" img-content="drawing" orientation="portrait" inline="no"/></p><p id="p0047" num="0047">werden auch als Polydimethylsiloxan bzw. Dimethicon (INCI) bezeichnet. Dimethicone gibt es in verschiedenen Kettenlängen bzw. mit verschiedenen Molekulargewichten. </p><p id="p0048" num="0048">Besonders vorteilhafte Polyorganosiloxane im Sinne der vorliegenden Erfindung sind beispielsweise Dimethylpolysiloxane [Poly(dimethylsiloxan)], welche beispielsweise unter den Handelsbezeichnungen Abil 10 bis 10 000 bei Th. Goldschmidt erhältlich sind. Ferner vorteilhaft sind Phenylmethylpolysiloxane (INCI: Phenyl Dimethicone, Phenyl Trimethicone), cyclische Silikone (Octamethylcyclotetrasiloxan bzw. Decamethylcyclopentasiloxan), welche nach INCI auch als Cyclomethicone bezeichnet werden, aminomodifizierte Silikone (INCI: Amodimethicone) und Silikonwachse, z. B. Polysiloxan-Polyalkylen-Copolymere (INCI: Stearyl Dimethicone und Cetyl Dimethicone) und Dialkoxydimethylpolysiloxane (Stearoxy Dimethicone und Behenoxy Stearyl Dimethicone), welche als verschiedene Abil-Wax-Typen 
<!-- EPO <DP n="9"/>-->
 bei Th. Goldschmidt erhältlich sind. Aber auch andere Silikonöle sind vorteilhaft im Sinne der vorliegenden Erfindung zu verwenden, beispielsweise Cetyldimethicon, Hexamethylcyclotrisi- loxan, Polydimethylsiloxan, Poly(methylphenylsiloxan). </p><p id="p0049" num="0049">Die erfindungsgemäßen Zubereitungen können vorteilhafter Weise kosmetische Wirkstoffe enthalten. </p><p id="p0050" num="0050">Dabei ist es erfindungsgemäß bevorzugt, wenn die Zubereitung einen oder mehrere </p><p id="p0051" num="0051">Wirkstoffe gewählt aus der Gruppe der Verbindungen Gylcyrrhetinsäure, Harnstoff, Arctiin, alpha-Liponsäure, Folsäure, Phytoen, D-Biotin, Coenzym Q10, alpha-Glucosylrutin, Carnitin, Carnosin, Coffein, natürliche und/oder synthetische Isoflavonoide, Glycerylglucose, Kreatin, Kreatinin, Taurin, ß-Alanin und/oder Licochalcon A, enthält. </p><p id="p0052" num="0052">Es ist erfindungsgemäß von Vorteil, wenn die Zubereitung Methyl paraben, Ethylparaben, Propylparaben, Piroctone Olamine, Dehydracetsäure, organische Säuren wie zum Beispiel, Sorbinsäure, Benzoesäure, Salicylsäure und deren Salze, Formaldehydabspalter, organische Halogenide, wie zum Beispiel IPBC, Ethyllauroylarginate, quaternäre </p><p id="p0053" num="0053">Verbindungen, wie zum Beispiel Benzalkoniumchlorid, Cetrimoniumchlorid bzw. bromid oder Benzethonimchlorid, Silber und Silberverbindungen, 2-Methylisothiazol-3(2H)-on und/oder Phenoxyethanol enthält. </p><p id="p0054" num="0054">Erfindungsgemäß bevorzugt ist dabei der Einsatz von Methylparaben, Ethylparaben, Propylparaben, 2-Methylisothiazol-3(2H)-on und/oder Phenoxyethanol </p><p id="p0055" num="0055">Erfindungsgemäß vorteilhafte Ausführungsformen sind dadurch gekennzeichnet, dass die Zubereitung Ethanol, Propylenglycol, Butylenglycol, 2-Methylpropan-1 ,3-diol, 1 ,2-Pentandiol, 1 ,2-Hexandiol, 1 ,2-Octandiol und/oder 1 ,2-Decandiol, Ethylhexylglycerin, Glycerylcaprylate, Hydroxamsäuren, Chelatbildner, enthält. </p><p id="p0056" num="0056">Erfindungsgemäß bevorzugt ist dabei der Einsatz von Propylenglycol, Butylenglycol, 2- Methylpropan-1 ,3-diol, 1 ,2-Pentandiol, 1 ,2-Hexandiol, 1 ,2-Octandiol und/oder 1 ,2-Decandiol </p><p id="p0057" num="0057">Die erfindungsgemäße Zubereitung kann zur Tagespflege oder als Sonnenschutzmittel vorteilhaft eingesetzt werden, ohne auf diese Anwendungsgebiete beschränkt zu sein. </p><p id="p0058" num="0058">Es ist erfindungsgemäß vorteilhaft, wenn die Zubereitung in Form eines Sprays appliziert wird. 
<!-- EPO <DP n="10"/>-->
 Erfindungsgemäß ist nicht zuletzt die Verwendung eines erfindungsgemäßen </p><p id="p0059" num="0059">Octyldecylcitratpolyester und deren Derivate in Kombination mit Polyglycerolester ohne carboxyliertes Acrylcopolymer zur Reduzierung des Weißelns beim Auftragen von Sonnenschutzmitteln auf die nasse Haut. 
<!-- EPO <DP n="11"/>-->
</p><p id="p0060" num="0060">Verqleichsversuche </p><p id="p0061" num="0061"><img id="imgf000011_0001" he="73" wi="154" file="imgf000011_0001.tif" img-format="tif" img-content="table" orientation="portrait" inline="no"/></p><p id="p0062" num="0062">Der verminderte Weißeleffekt wurde mittels einer Kontrastmessung„BNdanaltytische Methode zur Objektsegmentierung basierend auf Grauwertgradienten zur Bestimmung des Bedeckungsgrads von Produkt zu Haut" evaluiert. Die absoluten Werte des </p><p id="p0063" num="0063">Weißelvermögens der Verbindung wurden mittels Pixelmessung durch das Programm ImageJ bestimmt. </p><p id="p0064" num="0064">Die zu untersuchenden Bereiche wurden mit manueller Anpassung des Threshold segmentiert und daraufhin der Bedeckungsgrad absolut berechnet. </p><p id="p0065" num="0065">Die absolute Berechnung ergibt, dass durch die hier beschriebene Erfindung ein Weißel- Effekt stark reduziert wurde. Der absolute Pixel-Kontrast ergibt bei der Referenzprobe einen deutlich höheren Wert als die neue Formulierung (BSP1 ). 
<!-- EPO <DP n="12"/>-->
</p><p id="p0066" num="0066">Beispiele: </p><p id="p0067" num="0067"> Die nachfolgenden Beispiele sollen die vorliegende Erfindung verdeutlichen, ohne sie einzuschränken. Alle Mengenangaben, Anteile und Prozentanteile sind, soweit nicht anders angegeben, auf das Gewicht und die Gesamtmenge bzw. auf das Gesamtgewicht der Zubereitungen bezogen. </p><p id="p0068" num="0068">BSP 1 BSP 2 BSP 3 BSP 4 BSP 5 BSP 6 BSP 7 BSP 8 </p><p id="p0069" num="0069">INCI m [%] m [%] m [%] m [%] m [%] m [%] m [%] m [%]</p><p id="p0070" num="0070">Dibutyl Adipate 3,0 3,0 3,0 3,0 3,0 3,0 3,0 3,0</p><p id="p0071" num="0071">Paraffinum Liquidum 2,4 </p><p id="p0072" num="0072"> Isohexadecane 2,4 1,5 2,4</p><p id="p0073" num="0073">C12-15 Alkyl Benzoate 9,5 9,5 9,5 9,5 9,5 9,5 9,5 9,5</p><p id="p0074" num="0074">Squalane 2,4 </p><p id="p0075" num="0075"> Butylene Glycol 3,0 3,0 3,0 3,0 3,0 3,0 3,0 3,0 Dicaprylate/Dicaprate </p><p id="p0076" num="0076"> C13-16 Isoparaffin 2,4 1,5 2,4</p><p id="p0077" num="0077">Butyl Methoxydibenzoyl- 4,5 4,5 4,5 4,5 4,5 4,5 4,5 4,5 methane </p><p id="p0078" num="0078"> Ethylhexyl Salicylate 4,5 4,5 4,5 4,5 4,5 4,5 4,5 4,5</p><p id="p0079" num="0079">Octocrylene 9,0 9,0 9,0 9,0 9,0 9,0 9,0 9,0</p><p id="p0080" num="0080">Homosalate 9,0 9,0 9,0 9,0 9,0 9,0 9,0 9,0</p><p id="p0081" num="0081">Polysilicone-15 1,0 1,0 1,0 1,0 1,0 1,0 </p><p id="p0082" num="0082"> Bis-Ethylhexyloxyphenol 2,0 2,0 2,0 2,0 2,0 2,0 </p><p id="p0083" num="0083">Methoxyphenyl Triazine </p><p id="p0084" num="0084"> Glycerin (99%ig) 2,5 2,5 2,5 2,5 2,5 2,5 2,5 2,5</p><p id="p0085" num="0085">Octyldodecyl Citrate 9,5 6,0 9,5 6,0 9,5 9,5 9,5 9,5 Crosspolymer </p><p id="p0086" num="0086"> Cosmosurf PG-IS 2,0 2,0 2,0 2,0 2,0 2,0 2,0 1,0 </p><p id="p0087" num="0087">Alcohol Denat. absolut 37,4 41,8 37,4 41,8 37,4 37,4 40,4 40,4 (100%ig) </p><p id="p0088" num="0088"> Parfüm 0,7 0,7 0,7 0,7 0,7 0,7 0,7 0,7</p><p id="p0089" num="0089">Summen: 100,0 100,0 100,0 100,0 100,0 100,0 100,0 100,0 
</p></description><claims mxw-id="PCLM70078703" ref-ucid="WO-2014127929-A1" lang="DE" load-source="patent-office"><claim-statement><!-- EPO <DP n="13"/>--> Patentansprüche </claim-statement><claim id="clm-0001" num="1"><claim-text>1 . Kosmetische Zubereitung enthaltend </claim-text><claim-text> a) ein oder mehrere UV-Filter </claim-text><claim-text> b) ein Polyglycerolester </claim-text><claim-text> c) einen Silikonspacer enthaltenden Octyldecylcitratpolyester und deren Derivate </claim-text></claim><claim id="clm-0002" num="2"><claim-text>2. Kosmetische Zubereitung nach einem der vorhergehenden Ansprüche, dadurch </claim-text><claim-text> gekennzeichnet, dass als Silikonspacer die folgende Struktur eingesetzt wird: </claim-text><claim-text>
  <img id="imgf000013_0001" he="29" wi="61" file="imgf000013_0001.tif" img-format="tif" img-content="drawing" orientation="portrait" inline="no"/>
</claim-text></claim><claim id="clm-0003" num="3"><claim-text>3. Kosmetische Zubereitung nach einem der Ansprüche 1 oder 2, dadurch </claim-text><claim-text> gekennzeichnet, dass als Silikonspacer die folgende Struktur eingesetzt wird: </claim-text><claim-text>
  <img id="imgf000013_0002" he="42" wi="61" file="imgf000013_0002.tif" img-format="tif" img-content="drawing" orientation="portrait" inline="no"/>
</claim-text></claim><claim id="clm-0004" num="4"><claim-text>4. Kosmetische Zubereitung nach einem der vorhergehenden Ansprüche, dadurch </claim-text><claim-text> gekennzeichnet, dass die Zubereitung einen oder mehrere UV-Filter enthält, gewählt aus der Gruppe der Verbindungen 2-Phenylbenzimidazol-5-sulfonsäure und/oder deren Salze; Phenylen-1 ,4-bis-(2-benzimidazyl)-3,3'-5,5'-tetrasulfonsäuresalze; 1 ,4- di(2-oxo-10-Sulfo-3-bornylidenmethyl)-Benzol und dessen Salze; 4-(2-Oxo-3-bornyli- denmethyl)benzolsulfonsäuresalze; 2-Methyl-5-(2-oxo-3-bornylidenmethyl)sulfon- säuresalze; 2,2'-Methylen-bis-(6-(2H-benzotriazol-2-yl)-4-(1 , 1 ,3,3-tetramethylbutyl)- phenol); 2-(2H-benzotriazol-2-yl)-4-methyl-6-[2-methyl-3-[1 ,3,3,3-tetramethyl-1-[(tri- methylsilyl)oxy]disiloxanyl]propyl]-phenol; 3-(4-Methylbenzyliden)campher; 3-Benzyli- dencampher; Ethylhexylsalicylat; Terephthalidendicamphersulfonsäure; 4-(tert- Butyl)-4'-methoxydibenzoylmethan; 2-Ethylhexyl-2-cyano-3,3-diphenylacrylat; 4- (Dimethylamino)-benzoesäure(2-ethylhexyl)ester; 4-(Dimethylamino)benzoesäure- amylester; 4-Methoxybenzalmalon-säuredi(2-ethylhexyl)ester; 4-Methoxyzimtsäure(2- 
<!-- EPO <DP n="14"/>-->
 ethylhexyl)ester; 4-Methoxyzimtsäureisoamylester; 2-Hydroxy-4- methoxybenzophenon, 2-Hydroxy-4-methoxy-4'-methylbenzophenon; 2,2'-Dihydroxy- 4-methoxybenzophenon; 2-(4'-Diethylamino-2'-hydoxybenzoyl)- benzoesäurehexylester; Homomenthylsalicylat; 2-Ethylhexyl-2-hydroxybenzoat; Dimethicodiethylbenzalmalonat; 3-(4-(2,2-bis Ethoxycarbonylvinyl)-phe- noxy)propenyl)-methoxysiloxan / Dimethylsiloxan - Copolymer; </claim-text><claim-text> Dioctylbutylamidotnazon (INCI: Diethylhexyl-Butamidotriazone); 2,4-bis-[5-1 (dimethyl- propyl)benzoxazol-2-yl-(4-phenyl)-imino]-6-(2-ethylhexyl)-imino-1 ,3,5-triazin mit der (CAS Nr. 288254-16-0); 4,4',4"-(1 ,3,5-Triazin-2,4,6-triyltriimino)-tris-benzoesäure-tris- (2-ethylhexylester) (auch: 2,4,6-Tris-[anilino-(p-carbo-2'-ethyl-1 '-hexyloxy)]-1 ,3,5-triazin (INCI: Ethylhexyl Triazone); 2,4-Bis-{[4-(2-ethyl-hexyloxy)-2-hydroxy]-phenyl}-6- (4-methoxyphenyl)-1 ,3,5-triazin; 2,4,6-Tribiphenyl-4-yl-1 ,3,5-triazin; Merocyanine enthält. </claim-text></claim><claim id="clm-0005" num="5"><claim-text>5. Kosmetische Zubereitung nach einem der vorhergehenden Ansprüche, dadurch </claim-text><claim-text> gekennzeichnet, dass die Zubereitung einen oder mehrere Wirkstoffe gewählt aus der Gruppe der Verbindungen Gylcyrrhetinsäure, Harnstoff, Arctiin, alpha-Liponsäure, Folsäure, Phytoen, D-Biotin, Coenzym Q10, alpha-Glucosylrutin, Carnitin, Carnosin, Coffein, natürliche und/oder synthetische Isoflavonoide, Glycerylglucose, Kreatin, Kreatinin, Taurin, ß-Alanin und/oder Licochalcon A, enthält. </claim-text></claim><claim id="clm-0006" num="6"><claim-text>6. Kosmetische Zubereitung nach einem der vorhergehenden Ansprüche, dadurch </claim-text><claim-text> gekennzeichnet, dass die Zubereitung Methylparaben, Ethylparaben,Propylparaben, 2-Methylisothiazol-3(2H)-on und/oder Phenoxyethanol enthält. </claim-text></claim><claim id="clm-0007" num="7"><claim-text>7. Kosmetische Zubereitung nach einem der vorhergehenden Ansprüche, dadurch </claim-text><claim-text> gekennzeichnet, dass die Zubereitung Propylenglycol, Butylenglycol, 2- Methylpropan-1 ,3-diol, 1 ,2-Pentandiol, 1 ,2-Hexandiol, 1 ,2-Octandiol und/oder 1 ,2- Decandiol enthält. </claim-text></claim><claim id="clm-0008" num="8"><claim-text>8. Kosmetische Zubereitung nach einem der vorhergehenden Ansprüche, dadurch </claim-text><claim-text> gekennzeichnet, dass die Zubereitung das Silikonspacer enthaltendes Oligomer in einer Gesamtkonzentration von 0, 1 bis 5 Gewichts-%, bezogen auf das </claim-text><claim-text> Gesamtgewicht der Zubereitung, enthält. </claim-text></claim><claim id="clm-0009" num="9"><claim-text>9. Kosmetische Zubereitung nach einem der vorhergehenden Ansprüche, dadurch </claim-text><claim-text> gekennzeichnet, dass die Zubereitung ein Polyglycerolester 
<!-- EPO <DP n="15"/>-->
 in einer Gesamtkonzentration von 0, 1 bis 2 Gewichts-%, bezogen auf das Gesamtgewicht der Zubereitung, enthält. </claim-text></claim><claim id="clm-0010" num="10"><claim-text>10. Kosmetische Zubereitung nach einem der vorhergehenden Ansprüche, dadurch gekennzeichnet, dass die Zubereitung in Form eines Sprays appliziert wird. 
</claim-text></claim></claims><copyright>User acknowledges that Fairview Research LLC and its third party providers retain all right, title and interest in and to this xml under applicable copyright laws.  User acquires no ownership rights to this xml including but not limited to its format.  User hereby accepts the terms and conditions of the Licence Agreement</copyright></patent-document>
