<?xml version="1.0" encoding="UTF-8"?>
<patent-document ucid="EP-2958747-A1" country="EP" doc-number="2958747" kind="A1" date="20151230" family-id="48652250" file-reference-id="301328" date-produced="20180825" status="corrected" lang="FR"><bibliographic-data><publication-reference fvid="160453382" ucid="EP-2958747-A1"><document-id><country>EP</country><doc-number>2958747</doc-number><kind>A1</kind><date>20151230</date><lang>FR</lang></document-id></publication-reference><application-reference ucid="EP-14710024-A" is-representative="NO"><document-id mxw-id="PAPP193869732" load-source="patent-office" format="original"><country>EP</country><doc-number>14710024.2</doc-number><date>20140217</date><lang>FR</lang></document-id><document-id mxw-id="PAPP193869733" load-source="docdb" format="epo"><country>EP</country><doc-number>14710024</doc-number><kind>A</kind><date>20140217</date><lang>FR</lang></document-id></application-reference><priority-claims><priority-claim mxw-id="PPC162027774" ucid="FR-1351618-A" load-source="docdb"><document-id format="epo"><country>FR</country><doc-number>1351618</doc-number><kind>A</kind><date>20130225</date></document-id></priority-claim><priority-claim mxw-id="PPC162032354" ucid="FR-2014050326-W" linkage-type="W" load-source="docdb"><document-id format="epo"><country>FR</country><doc-number>2014050326</doc-number><kind>W</kind><date>20140217</date></document-id></priority-claim></priority-claims><technical-data><classifications-ipcr><classification-ipcr mxw-id="PCL-1988520742" load-source="docdb">B32B  15/08        20060101ALI20140905BHEP        </classification-ipcr><classification-ipcr mxw-id="PCL-1988521408" load-source="docdb">B29C  70/34        20060101ALI20140905BHEP        </classification-ipcr><classification-ipcr mxw-id="PCL-1988523250" load-source="docdb">B29C  65/00        20060101ALI20140905BHEP        </classification-ipcr><classification-ipcr mxw-id="PCL-1988524604" load-source="docdb">B29C  65/48        20060101ALI20140905BHEP        </classification-ipcr><classification-ipcr mxw-id="PCL-1988524834" load-source="docdb">B32B   7/06        20060101AFI20140905BHEP        </classification-ipcr><classification-ipcr mxw-id="PCL-1988525383" load-source="docdb">B32B  38/18        20060101ALI20140905BHEP        </classification-ipcr><classification-ipcr mxw-id="PCL-1988526807" load-source="docdb">B21D  51/10        20060101ALI20140905BHEP        </classification-ipcr><classification-ipcr mxw-id="PCL-1988527445" load-source="docdb">B32B   7/12        20060101ALI20140905BHEP        </classification-ipcr></classifications-ipcr><classifications-cpc><classification-cpc mxw-id="PCL-1987763290" load-source="docdb" scheme="CPC">B32B  15/20        20130101 LI20151106BHEP        </classification-cpc><classification-cpc mxw-id="PCL-1987767767" load-source="docdb" scheme="CPC">B32B   7/12        20130101 LI20131111BHEP        </classification-cpc><classification-cpc mxw-id="PCL-1987777019" load-source="docdb" scheme="CPC">B32B  37/12        20130101 LA20141104BHEP        </classification-cpc><classification-cpc mxw-id="PCL-1987777441" load-source="docdb" scheme="CPC">B32B  15/18        20130101 LI20151106BHEP        </classification-cpc><classification-cpc mxw-id="PCL-1987780169" load-source="docdb" scheme="CPC">B32B  38/1866      20130101 FI20131107BHEP        </classification-cpc><classification-cpc mxw-id="PCL-1987780575" load-source="docdb" scheme="CPC">B32B  15/08        20130101 LI20131111BHEP        </classification-cpc><classification-cpc mxw-id="PCL-1987790535" load-source="docdb" scheme="CPC">B32B  27/08        20130101 LI20151106BHEP        </classification-cpc><classification-cpc mxw-id="PCL-1987793623" load-source="docdb" scheme="CPC">B32B   1/08        20130101 LI20151106BHEP        </classification-cpc><classification-cpc mxw-id="PCL-1987795739" load-source="docdb" scheme="CPC">B32B   7/06        20130101 LI20131107BHEP        </classification-cpc><classification-cpc mxw-id="PCL-1987797746" load-source="docdb" scheme="CPC">B21D  51/10        20130101 LI20150401BHEP        </classification-cpc><classification-cpc mxw-id="PCL-1987798294" load-source="docdb" scheme="CPC">B29C  70/345       20130101 LI20140902BHEP        </classification-cpc></classifications-cpc><invention-title mxw-id="PT165551612" lang="DE" load-source="patent-office">VERFAHREN ZUM HERSTELLEN EINES DREIDIMENSIONALEN ABZIEHBAREN ABSTANDSCHEIBE UND AUF DIESE WEISE ERHALTENE DREIDIMENSIONALE ABSTANDSCHEIBE</invention-title><invention-title mxw-id="PT165551613" lang="EN" load-source="patent-office">METHOD FOR OBTAINING A THREE-DIMENSIONAL PEELABLE SHIM AND THREE-DIMENSIONAL SHIM OBTAINED IN THIS WAY</invention-title><invention-title mxw-id="PT165551614" lang="FR" load-source="patent-office">PROCÉDÉ D'OBTENTION D'UNE CALE PELABLE TRIDIMENSIONNELLE ET CALE PELABLE TRIDIMENSIONNELLE AINSI OBTENUE</invention-title><citations><non-patent-citations><nplcit><text>See references of WO 2014128394A1</text><sources><source mxw-id="PNPL67568212" load-source="docdb" name="SEA"/></sources></nplcit></non-patent-citations></citations></technical-data><parties><applicants><applicant mxw-id="PPAR1103338095" load-source="docdb" sequence="1" format="epo"><addressbook><last-name>GASTEL DANIEL ANDRÉ</last-name><address><country>FR</country></address></addressbook></applicant><applicant mxw-id="PPAR1103319672" load-source="docdb" sequence="1" format="intermediate"><addressbook><last-name>Gastel, Daniel André</last-name></addressbook></applicant><applicant mxw-id="PPAR1101643539" load-source="patent-office" sequence="1" format="original"><addressbook><last-name>Gastel, Daniel André</last-name><iid>101276570</iid><address><street>22 Rue Claude Debussy Domaine de la Bataille</street><city>78370 Plaisir les Gatines</city><country>FR</country></address></addressbook></applicant></applicants><inventors><inventor mxw-id="PPAR1103309552" load-source="docdb" sequence="1" format="epo"><addressbook><last-name>GASTEL DANIEL ANDRÉ</last-name><address><country>FR</country></address></addressbook></inventor><inventor mxw-id="PPAR1103343273" load-source="docdb" sequence="1" format="intermediate"><addressbook><last-name>Gastel, Daniel André</last-name></addressbook></inventor><inventor mxw-id="PPAR1101649066" load-source="patent-office" sequence="1" format="original"><addressbook><last-name>Gastel, Daniel André</last-name><address><street>22 Rue Claude Debussy Domaine de la Bataille</street><city>78370 Plaisir les Gatines</city><country>FR</country></address></addressbook></inventor></inventors><agents><agent mxw-id="PPAR1101648317" load-source="patent-office" sequence="1" format="original"><addressbook><last-name>Lefevre-Groboillot, David André</last-name><iid>101469199</iid><address><street>Cabinet Weinstein 176 avenue Charles de Gaulle</street><city>92200 Neuilly sur Seine</city><country>FR</country></address></addressbook></agent></agents></parties><international-convention-data><pct-or-regional-filing-data ucid="FR-2014050326-W"><document-id><country>FR</country><doc-number>2014050326</doc-number><kind>W</kind><date>20140217</date><lang>FR</lang></document-id></pct-or-regional-filing-data><pct-or-regional-publishing-data ucid="WO-2014128394-A1"><document-id><country>WO</country><doc-number>2014128394</doc-number><kind>A1</kind><date>20140828</date><lang>FR</lang></document-id></pct-or-regional-publishing-data><designated-states><ep-contracting-states><country mxw-id="DS660748035" load-source="docdb">AL</country><country mxw-id="DS660637456" load-source="docdb">AT</country><country mxw-id="DS660748037" load-source="docdb">BE</country><country mxw-id="DS660726864" load-source="docdb">BG</country><country mxw-id="DS660792976" load-source="docdb">CH</country><country mxw-id="DS660719139" load-source="docdb">CY</country><country mxw-id="DS660637457" load-source="docdb">CZ</country><country mxw-id="DS660748038" load-source="docdb">DE</country><country mxw-id="DS660719140" load-source="docdb">DK</country><country mxw-id="DS660719141" load-source="docdb">EE</country><country mxw-id="DS660639876" load-source="docdb">ES</country><country mxw-id="DS660726865" load-source="docdb">FI</country><country mxw-id="DS660726866" load-source="docdb">FR</country><country mxw-id="DS660748055" load-source="docdb">GB</country><country mxw-id="DS660719142" load-source="docdb">GR</country><country mxw-id="DS660748056" load-source="docdb">HR</country><country mxw-id="DS660637458" load-source="docdb">HU</country><country mxw-id="DS660792977" load-source="docdb">IE</country><country mxw-id="DS660748057" load-source="docdb">IS</country><country mxw-id="DS660726875" load-source="docdb">IT</country><country mxw-id="DS660719147" load-source="docdb">LI</country><country mxw-id="DS660716325" load-source="docdb">LT</country><country mxw-id="DS660637475" load-source="docdb">LU</country><country mxw-id="DS660716326" load-source="docdb">LV</country><country mxw-id="DS660716331" load-source="docdb">MC</country><country mxw-id="DS660635994" load-source="docdb">MK</country><country mxw-id="DS660635999" load-source="docdb">MT</country><country mxw-id="DS660748058" load-source="docdb">NL</country><country mxw-id="DS660726876" load-source="docdb">NO</country><country mxw-id="DS660716333" load-source="docdb">PL</country><country mxw-id="DS660792978" load-source="docdb">PT</country><country mxw-id="DS660748067" load-source="docdb">RO</country><country mxw-id="DS660792979" load-source="docdb">RS</country><country mxw-id="DS660716334" load-source="docdb">SE</country><country mxw-id="DS660792980" load-source="docdb">SI</country><country mxw-id="DS660726877" load-source="docdb">SK</country><country mxw-id="DS660716339" load-source="docdb">SM</country><country mxw-id="DS660719148" load-source="docdb">TR</country></ep-contracting-states><ep-extended-states><ep-extended-state-data><country>BA</country></ep-extended-state-data><ep-extended-state-data><country>ME</country></ep-extended-state-data></ep-extended-states></designated-states></international-convention-data><office-specific-data><eptags><ep-no-a-document-published>*</ep-no-a-document-published></eptags></office-specific-data></bibliographic-data><abstract mxw-id="PA139080634" ref-ucid="WO-2014128394-A1" lang="EN" load-source="patent-office"><p num="0000">A method for obtaining a three-dimensional peelable shim (1) comprising at least two parts (10, 20) comprising the steps of; producing a series of at least two alternating stacks of sheets of material and adhesive layers, each stack being associated with a part of the three-dimensional peelable shim that is to be obtained; installing each of the stacks of the series of at least two stacks in a mould of which the shape corresponds to the part of the three-dimensional peelable shim that is to be obtained; polymerising each of the stacks of the series of at least two stacks inside the mould of associated shape, followed by demoulding; preparing the edges (13, 14, 23, 24) intended to be abutted of the stacks formed in this way; and assembling, by abutment with each other, the stacks formed in this way from the series of at least two stacks to obtain the three-dimensional peelable shim.</p></abstract><abstract mxw-id="PA139547087" ref-ucid="WO-2014128394-A1" lang="EN" source="national office" load-source="docdb"><p>A method for obtaining a three-dimensional peelable shim (1) comprising at least two parts (10, 20) comprising the steps of; producing a series of at least two alternating stacks of sheets of material and adhesive layers, each stack being associated with a part of the three-dimensional peelable shim that is to be obtained; installing each of the stacks of the series of at least two stacks in a mould of which the shape corresponds to the part of the three-dimensional peelable shim that is to be obtained; polymerising each of the stacks of the series of at least two stacks inside the mould of associated shape, followed by demoulding; preparing the edges (13, 14, 23, 24) intended to be abutted of the stacks formed in this way; and assembling, by abutment with each other, the stacks formed in this way from the series of at least two stacks to obtain the three-dimensional peelable shim.</p></abstract><abstract mxw-id="PA139080635" ref-ucid="WO-2014128394-A1" lang="FR" load-source="patent-office"><p num="0000">Procédé d' obtention d' une cale pelable tridimensionnelle (1) comportant au moins deux parties (10,20) comportant des étapes de; réalisation d'une série d'au moins deux empilements alternant des feuilles de matériau et des couches d'adhésif, chaque empilement étant associé à une partie de la cale pelable tridimensionnelle à obtenir; mise en place de chacun des empilements de la série d'au moins deux empilements dans un moule de forme correspondant à la partie de la cale pelable tridimensionnelle à obtenir; polymérisation de chacun des empilements de la série d'au moins deux empilements au sein du moule de forme associé, puis démoulage; préparation des bords (13,14,23,24) destinés à être aboutés des empilements ainsi formés; et, assemblage par aboutement les uns avec les autres des empilements ainsi formés de la série d'au moins deux empilements pour obtenir la cale pelable tridimensionnelle.</p></abstract><abstract mxw-id="PA139547088" ref-ucid="WO-2014128394-A1" lang="FR" source="national office" load-source="docdb"><p>Procédé d' obtention d' une cale pelable tridimensionnelle (1) comportant au moins deux parties (10,20) comportant des étapes de; réalisation d'une série d'au moins deux empilements alternant des feuilles de matériau et des couches d'adhésif, chaque empilement étant associé à une partie de la cale pelable tridimensionnelle à obtenir; mise en place de chacun des empilements de la série d'au moins deux empilements dans un moule de forme correspondant à la partie de la cale pelable tridimensionnelle à obtenir; polymérisation de chacun des empilements de la série d'au moins deux empilements au sein du moule de forme associé, puis démoulage; préparation des bords (13,14,23,24) destinés à être aboutés des empilements ainsi formés; et, assemblage par aboutement les uns avec les autres des empilements ainsi formés de la série d'au moins deux empilements pour obtenir la cale pelable tridimensionnelle.</p></abstract><description mxw-id="PDES78478343" ref-ucid="WO-2014128394-A1" lang="FR" load-source="patent-office"><!-- EPO <DP n="3"/>--><p id="p0001" num="0001"> Procédé d'obtention d'une cale pelable tridimensionnelle et cale plate tridimensionnelle ainsi obtenue L'invention concerne un procédé d'obtention d'une cale pelable tridimensionnelle ainsi que la cale pelable tridimensionnelle obtenue par ce procédé. </p><p id="p0002" num="0002">Actuellement, les cales pelables sont formées à partir d'un empilement de feuilles des matériaux entre lesquels une couche d'adhésif permet de maintenir les feuilles ensemble. Toutefois, l'empilement des feuilles, et donc la cale, reste plan, c'est-à-dire que chacune des feuilles de l'empilement forme un plan et que l'ensemble des feuilles sont parallèles les unes aux autres. De telles cales pelables sont décrites dans les documents FR 2 716 138 et FR 2 831 095 par exemple. D'autre part, il existe des cales dont l'empilement est agencé de sorte à permettre de réaliser des épaisseurs différentes à des endroits différents de la cale. Une telle cale est décrite par exemple dans le document EP 2 329 546. Toutefois ces cales à épaisseurs multiples restent des cales dont les empilements sont plans et les surfaces de contact sont, par conséquent, planes elles aussi. </p><p id="p0003" num="0003">Cependant, il y a des situations qui nécessitent de réaliser un calage entre des pièces dont les surfaces en contact ne sont pas planes. Par exemple, dans le cas de l'agencement de deux pièces à surface conique l'une avec l'autre. Par conséquent, il est apparu un besoin de réaliser ou d'obtenir des cales dont l'épaisseur reste ajustable par pelage permettant de réaliser ce type de calage . 
<!-- EPO <DP n="4"/>-->
 Un but de l'invention est de fournir un procédé qui permet d'obtenir des cales pelables tridimensionnelles permettant de caler entre elles deux surfaces en contact qui ne sont pas planes. </p><p id="p0004" num="0004">A cet effet, il est prévu, selon l'invention, un procédé d'obtention d'une cale pelable tridimensionnelle comportant au moins deux parties comportant des étapes de : </p><p id="p0005" num="0005"> réalisation d'une série d'au moins deux empilements alternant des feuilles de matériau et des couches d'adhésif, chaque empilement étant associé à une partie de la cale pelable tridimensionnelle à obtenir ; </p><p id="p0006" num="0006"> - mise en place de chacun des empilements de la série d'au moins deux empilements dans un moule de forme correspondant à la partie de la cale pelable tridimensionnelle à obtenir ; </p><p id="p0007" num="0007"> - polymérisation de chacun des empilements de la série d'au moins deux empilements au sein du moule de forme associé, puis démoulage ; </p><p id="p0008" num="0008"> préparation des bords destinés à être aboutés des empilements ainsi formés; et, </p><p id="p0009" num="0009"> - assemblage par aboutement les uns avec les autres des empilements ainsi formés de la série d'au moins deux empilements pour obtenir la cale pelable tridimensionnelle . </p><p id="p0010" num="0010">Avantageusement, mais facultativement, le procédé selon l' invention présente au moins l'une des caractéristiques supplémentaires suivantes : </p><p id="p0011" num="0011"> lors de l'étape d'assemblage, une feuille encollée de matériau est positionnée à cheval sur deux 
<!-- EPO <DP n="5"/>-->
empilements formés aboutés l'un avec l'autre sur une surface interne de la cale pelable tridimensionnelle ; </p><p id="p0012" num="0012"> lors de l'étape de préparation, au moins une feuille de matériau formant une partie d'une surface interne de la cale tridimensionnelle forme une languette s' étendant en saillie depuis au moins un des bords destinés à être aboutés des empilements ainsi formés ; </p><p id="p0013" num="0013"> lors de l'étape d'assemblage, la languette est positionnée sur l'empilement ainsi formé abouté avec l'empilement ainsi formé comprenant la languette ; et, lors de l'étape d'assemblage, un adhésif est utilisé et comporte une résine polymérisable à température ambiante. II est prévu aussi, selon l'invention, une cale pelable tridimensionnelle réalisée selon un procédé d'obtention présentant au moins l'une des caractéristiques techniques précédentes, la cale pelable tridimensionnelle étant creuse. </p><p id="p0014" num="0014">Avantageusement, mais facultativement, la cale selon l'invention présente au moins l'une des caractéristiques supplémentaires suivantes : </p><p id="p0015" num="0015"> - la cale est de forme conique ; </p><p id="p0016" num="0016"> - la cale est en deux parties, chaque partie étant obtenue à partir d'un empilement ainsi formé ; et, </p><p id="p0017" num="0017"> les deux parties sont symétriques l'une de l'autre selon un plan passant par les bords destinés à être aboutés. </p><p id="p0018" num="0018">D'autres caractéristiques et avantages de l'invention apparaîtront lors de la description ci-après 
<!-- EPO <DP n="6"/>-->
d'un mode de réalisation de l'invention. Aux dessins annexés : </p><p id="p0019" num="0019"> - la figure 1 est une vue tridimensionnelle éclatée d'une cale pelable tridimensionnelle obtenue par le procédé selon l'invention ; </p><p id="p0020" num="0020"> la figure 2 est une vue de côté de la cale pelable tridimensionnelle de la figure 1 ; </p><p id="p0021" num="0021"> - la figure 3 est une vue en section de la cale tridimensionnelle pelable de la figure 1 ; </p><p id="p0022" num="0022"> - la figure 4 est une vue en section d'une variante de réalisation de la cale pelable tridimensionnelle de la figure 1 ; </p><p id="p0023" num="0023"> - la figure 5 est une vue tridimensionnelle d'une cale pelable tridimensionnelle selon l'invention présentant une forme différente. </p><p id="p0024" num="0024">En référence aux figures 1 à 4, nous allons décrire une cale pelable tridimensionnelle de forme conique creuse. Cette forme de la cale pelable tridimensionnelle selon l'invention est choisie, ici, à but purement illustratif. Le procédé d'obtention d'une telle cale pelable tridimensionnelle selon l'invention peut s'appliquer à tout type et forme de cales pelables tridimensionnelles . </p><p id="p0025" num="0025">La cale pelable tridimensionnelle 1 selon l'invention est donc ici de forme conique creuse. Elle est réalisée par aboutement de plusieurs parties 10, 20, ici au nombre de deux. Il est à noter que le choix du nombre de parties constituant la cale pelable tridimensionnelle à obtenir est fonction de la complexité de la forme de la cale pelable tridimensionnelle. En effet, comme nous le verrons plus loin, chaque partie 
<!-- EPO <DP n="7"/>-->
formant la cale pelable tridimensionnelle à obtenir est réalisée à l'aide d'un moule de forme, et doit donc être démoulable facilement. Dans le cas de la cale pelable tridimensionnelle illustrée en figure 1, les deux parties 10 et 20 formant la cale pelable tridimensionnelle 1 sont identiques et symétriques l'une par rapport à l'autre selon un plan passant par des bords 13,14, 23,24. </p><p id="p0026" num="0026"> La première partie 10 est réalisée à partir d'un premier empilement de feuilles de matériau, comme des feuilles métalliques, comme l' acier inoxydable ou l'aluminium, ou encore des feuilles de matériau composite. Entre chacune des feuilles composant ce premier empilement, est réalisée une couche d'adhésif qui va permettre de maintenir les feuilles assemblées les unes aux autres tout en permettant, lors d'une utilisation de la cale pelable tridimensionnelle 1 selon l'invention, un ajustement de l'épaisseur par délitage de une ou plusieurs feuilles des matériaux empilés. La première partie 10 comporte une face interne 12 réalisée par une feuille de matériau et une face externe 11 elle- même réalisée par une autre feuille de matériau, les deux feuilles de matériau étant à chacune des extrémités de l'empilement formant la première partie 10. </p><p id="p0027" num="0027"> De manière symétrique, la deuxième partie 20 est réalisée à partir d'un deuxième empilement similaire de feuilles de matériau alternant avec des couches d'adhésif. La deuxième partie 20 présente une face interne 22 réalisée par une feuille de matériau et une face externe 21 réalisée par une autre feuille de matériau, les deux feuilles de matériau étant chacune à une extrémité de l'empilement formant la deuxième partie 20. 
<!-- EPO <DP n="8"/>-->
 Afin de réaliser chacune des parties 10 et 20, le procédé d'obtention d'une cale pelable tridimensionnelle 1 selon l'invention comporte une première étape de réalisation des empilements, de manière connue en soi, qui consiste à réaliser un empilement alterné de feuilles de matériau et de couches d'un matériau adhésif. Chaque feuille présente une résistance intrinsèque au déchirement et chaque couche de matériau adhésif relie l'une à l'autre deux feuilles adjacentes de l'empilement par une force de liaison plus faible que la résistance de feuilles au déchirement, selon qu'il résulte que chaque feuille peut être détachée de l'empilement sans se déchirer . </p><p id="p0028" num="0028"> Une fois les empilements réalisés, chacun de ces empilements est positionné dans un moule de forme correspondant à la partie désirée de la cale pelable tridimensionnelle 1 à obtenir. Ensuite, le moule subit un cycle de cuisson permettant de polymériser le matériau adhésif situé entre les feuilles de matériau de l'empilement alors que ce dernier est mis en compression au sein du moule de forme. </p><p id="p0029" num="0029"> Une fois le procédé de cuisson réalisé, une étape de démoulage est réalisée suivie d'un arasement des chutes non nécessaires de l'empilement permettant entre autres de réaliser des bords d' aboutement 13 et 14 pour ce qui concerne la première partie 10, 23 et 24 pour ce qui concerne la deuxième partie 20. En effet, ces bords doivent être bien préparés puisque ces derniers vont être aboutés par paire l'un à l'autre, lors de l'assemblage des différentes parties 10,20 formant la cale pelable tridimensionnelle 1 selon l'invention. De manière générale, cet arasement des chutes permet de finaliser 
<!-- EPO <DP n="9"/>-->
les parties 10,20 avant assemblage de la cale pelable tridimensionnelle 1 selon l'invention. </p><p id="p0030" num="0030"> Lors de l'assemblage des différentes parties 10, 20 afin d'obtenir la cale pelable tridimensionnelle 1 selon l'invention, une couche 30 de matériau adhésif est prévue sur les bords d' aboutement 14, 24 et 13, 23. Le matériau adhésif de la couche 30 est par exemple une résine qui est polymérisable à température ambiante. L'utilisation d'une telle résine évite de repasser la cale pelable tridimensionnelle 1 selon l'invention dans un cycle de cuisson pour polymériser la couche 30de matériau adhésif. En effet, dans cette situation, il y aurait un risque de modifier la mise en forme et l'empilement des différentes parties 10, 20 formant la cale pelable tridimensionnelle 1 selon l'invention. </p><p id="p0031" num="0031"> Afin d'assurer le bon assemblage de différentes parties 10, 20 formant la cale pelable tridimensionnelle 1 selon l'invention, il est prévu de positionner une feuille d'assemblage 40 qui est collée à l'aide du matériau adhésif formant la couche 30 sur la face interne 12, 22 des différentes parties formant la cale pelable tridimensionnelle 1 selon l' invention. Cette configuration est illustrée à la figure 3. Dans ce cas, la feuille 40 est réalisée dans le même matériau que les feuilles de matériau formant les empilements qui ont été formés pour obtenir les différentes parties 10, 20 de la cale pelable tridimensionnelle 1 selon l'invention. De plus, cette feuille 30 est positionnée de sorte à se retrouver à cheval sur les deux parties 10, 20 au niveau de leurs bords respectifs qui ont été aboutés l'un avec 1 ' autre . 
<!-- EPO <DP n="10"/>-->
 Dans une variante de réalisation, illustrée à la figure 4, la feuille de matériau 40 servant à renforcer l'assemblage des parties 10,20 formant la cale pelable tridimensionnelle 1 selon l'invention est remplacée par des languettes 15, 25 réalisées à partir d'au moins la feuille de matériau de l'empilement réalisant la surface interne 12, 22 des parties 10, 20 respectivement, formant la cale pelable tridimensionnelle 1 selon l'invention. Une fois les bords d' aboutement 13, 14 et 23, 24 réalisés, les languettes 15, 25 s'étendent en saillie depuis au moins un des bords 13, 24 d' aboutement . Ainsi, lors de l'assemblage des parties 10, 20 formant la cale pelable tridimensionnelle 1 selon l'invention, ces dernières sont emboîtées les unes avec les autres lors de la mise en contact des bords d' aboutement des parties 10, 20 ainsi assemblées. De nouveau, un matériau adhésif formant la couche 30 est utilisé comme précédemment pour l'assemblage. De préférence, les languettes 15, 25 présentent une forme correspondant à une partie d'un développé de la surface interne de l'autre partie sur laquelle ladite languette 15, 25 est destinée à être collée. D'autre part, une forme complémentaire est retirer de la face interne de la partie sur laquelle la languette va être collé afin qu'il n'y ait pas de variation de l' épaisseur de la cale pelable tridimensionnelle 1 selon l'invention entre la face interne 12,22 et la face externe 11,21. </p><p id="p0032" num="0032">Le procédé d'obtention selon l'invention d'une cale pelable tridimensionnelle 1 selon l'invention vient d' être décrit en regard d' une cale pelable tridimensionnelle 1 de forme tronconique creuse. Toutefois, comme cela est illustré en figure 5, la cale 
<!-- EPO <DP n="11"/>-->
peut être de forme quelconque comme par exemple présenter une forme hexagonale 2 en section. D'autres formes peuvent être réalisées à l'aide du procédé d'obtention selon l'invention comme par exemple une cale de section ovoïde ou de toute autre forme polygonale en section. De plus, les cales pelables tridimensionnelles selon l'invention réalisées par le procédé d'obtention de l'invention peuvent être tronconiques dans leur forme générale ou bien de forme régulière de type cylindrique ou encore de forme quelconque avec des dimensions de section pouvant varier le long d'un axe longitudinal principal de la cale pelable tridimensionnelle à obtenir avec le procédé d'obtention de l'invention. Bien entendu il est possible d'apporter des modifications à l'invention sans pour autant sortir du cadre de celle-ci. 
</p></description><claims mxw-id="PCLM70078632" ref-ucid="WO-2014128394-A1" lang="FR" load-source="patent-office"><claim-statement><!-- EPO <DP n="12"/>-->R E V E N D I C A T I O N S </claim-statement><claim id="clm-0001" num="1"><claim-text>1. Procédé d'obtention d'une cale pelable tridimensionnelle ( 1 ; 2 ) comprenant au moins deux parties (10,20) comportant des étapes de : </claim-text><claim-text> réalisation d'une série d'au moins deux empilements alternant des feuilles de matériau et des couches d'adhésif chacune destinée à relier deux feuilles d'empilement adjacentes, chaque empilement étant associé à une partie de la cale pelable tridimensionnelle à obtenir ; </claim-text><claim-text> - mise en place de chacun des empilements de la série d'au moins deux empilements dans un moule de forme correspondant à la partie de la cale pelable tridimensionnelle à obtenir ; </claim-text><claim-text> - assurer a liaison des feuilles par polymérisation des couches d'adhésif de chacun des empilements de la série d'au moins deux empilements au sein du moule de forme associé, puis démoulage ; </claim-text><claim-text> - réalisation des bords d'aboutement (13,14,23,24) destinés à être aboutés des empilements ainsi formés; et, </claim-text><claim-text> - assemblage par aboutement les uns avec les autres des empilements ainsi formés de la série d'au moins deux empi lements pour obteni r la cale pelable tridimensionnelle . </claim-text></claim><claim id="clm-0002" num="2"><claim-text>2. Procédé selon la revendication 1, caractérisé en ce que l'assemblage des bords d'aboutement est fait par interposition entre les bords à assembler d'une couche (30) de matériau adhésif. 
<!-- EPO <DP n="13"/>-->
</claim-text></claim><claim id="clm-0003" num="3"><claim-text>3. Procédé selon la revendication 2, caractérisée en ce que le matériau d'adhésif est une résine polymérisable à température ambiante. </claim-text></claim><claim id="clm-0004" num="4"><claim-text>4. Procédé selon l'une des revendications 1 à 3, caractérisé en ce que, lors de l'étape d'assemblage, une feuille encollé de matériau (40) est positionnée à cheval sur deux empilements formés aboutés l'un avec l'autre sur une surface interne de la cale tridimensionnelle. </claim-text></claim><claim id="clm-0005" num="5"><claim-text>5. Procédé selon l'une des revendications 1 à 3, caractérisé en ce que, lors de l'étape de préparation, au moins une feuille de matériau formant une partie d'une surface interne de la cale tridimensionnelle forme une languette (15,25) s'étendant en saillie depuis au moins un des bords destinés à être aboutés des empilements ainsi formés. </claim-text></claim><claim id="clm-0006" num="6"><claim-text>6. Procédé selon la revendication 5, caractérisé en ce que, lors de l'étape d'assemblage, la languette est positionnée sur l'empilement ainsi formé abouté avec l'empilement ainsi formé comprenant la languette. </claim-text></claim><claim id="clm-0007" num="7"><claim-text>7. Procédé selon l'une des revendications 1 à 6, caractérisé en ce que, lors de l'étape d'assemblage, un adhésif est utilisé et comporte une résine polymérisable à température ambiante. </claim-text></claim><claim id="clm-0008" num="8"><claim-text>8. Cale pelable tridimensionnelle ( 1 ; 2 ) réalisée d'après le procédé d'obtention selon l'une des revendications 1 à 7, caractérisé en ce que la cale pelable tridimensionnelle est creuse et comprend au moins deux parties (10), formées chacune par un empilement 
<!-- EPO <DP n="14"/>-->
alternant de feuilles de matériau et de couches adhésives polymérisées reliant chacune deux feuilles adjacentes de façon à permettre de les peler, et en ce que les bords adjacents des deux parties sont configurés en bords d'aboutement et d'assemblage l'une à l'autre des deux parties . </claim-text></claim><claim id="clm-0009" num="9"><claim-text>9. Cale selon la revendication 8, caractérisée en ce que les bords d'aboutement précités sont assemblés l'un à l'autre par une couche d'adhésif (30) interposée entre les bords d'aboutement. </claim-text></claim><claim id="clm-0010" num="10"><claim-text>10. Cale selon la revendication 9, caractérisée en ce que le matériau adhésif de la couche (30) de matériau adhésif est une résine polymérisable à température ambiante . </claim-text></claim><claim id="clm-0011" num="11"><claim-text>11. Cale selon l'une des revendications 8 à 10, caractérisé en ce qu'elle est de forme conique. </claim-text></claim><claim id="clm-0012" num="12"><claim-text>12. Cale selon la revendication 8 à 11, caractérisé en ce qu'elle est deux parties, chaque partie étant obtenue à partir d'un empilement ainsi formé. </claim-text></claim><claim id="clm-0013" num="13"><claim-text>13. Cale selon la revendication 12, caractérisé en ce que les deux parties sont symétriques l'une de l'autre selon un plan passant par les bords destinés à être aboutés . 
</claim-text></claim></claims><amended-claims mxw-id="PCLM70078631" ref-ucid="WO-2014128394-A1" lang="FR" load-source="patent-office" amended-claim-type=""><heading><!-- EPO <DP n="15"/>--> REVENDICATIONS MODIFIÉES  reçues par le Bureau international le 15 Juillet 2014 (15.07.2014) </heading><claim id="amd-clm-0001" num="1"><claim-text>1. Procédé d'obtention d'une cale pelable tridimensionnelle (1;2) comprenant au moins deux parties (10,20) comportant des étapes de : </claim-text><claim-text> réalisation d'une série d'au moins deux empilements alternant des feuilles de matériau et des couches d'adhésif chacune destinée à relier deux feuilles d'empilement adjacentes, chaque empilement étant associé à une partie de la cale pelable tridimensionnelle à obtenir ; </claim-text><claim-text> puis polymérisation des couches d'adhésif de chacun des empilements de la série d'au moins deux empilements pour assurer la liaison des feuilles </claim-text><claim-text> caractérisé en ce que </claim-text><claim-text> - chacun des empilements de la série d'au moins deux empilements est mis en place dans un moule de forme correspondant à la partie de la cale pelable tridimensionnelle à obtenir ; </claim-text><claim-text> la polymérisation est effectuée, l'empilement étant au sein du moule de forme associé pour obtenir un empilement pelable de la forme du moule de forme; </claim-text><claim-text> - et le procédé comprend de plus des étapes de </claim-text><claim-text> - démoulage, </claim-text><claim-text> - réalisation de bords d'aboutement (13,14,23,24) pour les empilements après polymérisation; et, </claim-text><claim-text> - assemblage des empilements par aboutement par les bords d'aboutement pour obtenir la cale pelable tridimensionnelle. </claim-text></claim><claim id="amd-clm-0002" num="2"><claim-text>2. Procédé selon la revendication 1, caractérisé en ce que l'assemblage des empilements comprend une 
<!-- EPO <DP n="16"/>-->
interposition entre les bords d'aboutement d'une couche (30) de matériau adhésif. </claim-text></claim><claim id="amd-clm-0003" num="3"><claim-text>3. Procédé selon la revendication 2, caractérisée en ce que le matériau adhésif est une résine polymérisable à température ambiante. </claim-text></claim><claim id="amd-clm-0004" num="4"><claim-text>4. Procédé selon l'une des revendications 1 à 3, caractérisé en ce que, lors de l'étape d'assemblage, une feuille d'assemblage encollée (40) est positionnée à cheval sur deux empilements formés aboutés l'un avec l'autre sur une surface interne de la cale tridimensionnelle . </claim-text></claim><claim id="amd-clm-0005" num="5"><claim-text>5. Procédé selon l'une des revendications 1 à 3, caractérisé en ce que, lors de l'étape de réalisation des bords d'aboutement, au moins une feuille de matériau formant une partie d'une surface interne de la cale tridimensionnelle forme une languette (15,25) s' étendant en saillie depuis au moins un des bords destinés à être aboutés des empilements. </claim-text></claim><claim id="amd-clm-0006" num="6"><claim-text>6. Procédé selon la revendication 5, caractérisé en ce que, lors de l'étape d'assemblage, la languette est positionnée sur un empilement abouté avec l'empilement comprenant la languette. </claim-text></claim><claim id="amd-clm-0007" num="7"><claim-text>7. Procédé selon l'une des revendications 1 à 6, caractérisé en ce que, lors de l'étape d'assemblage, un adhésif est utilisé et comporte une résine polymérisable à température ambiante. 
<!-- EPO <DP n="17"/>-->
</claim-text></claim><claim id="amd-clm-0008" num="8"><claim-text>8. Cale pelable tridimensionnelle (1 2) réalisée d'après le procédé d'obtention selon l'une des revendications 1 à 7, caractérisée en ce que la cale pelable tridimensionnelle est creuse et comprend au moins deux parties (10), formées chacune par un empilement alternant de feuilles de matériau et de couches adhésives polymérisées reliant chacune deux feuilles adjacentes de façon à permettre de les peler, et en ce que les bords adjacents des deux parties sont configurés en bords d'aboutement pour l'assemblage l'une à l'autre des deux parties. </claim-text></claim><claim id="amd-clm-0009" num="9"><claim-text>9. Cale selon la revendication 8, caractérisée en ce que les bords d'aboutement précités sont assemblés l'un à l'autre par une couche d'adhésif (30) interposée entre les bords d'aboutement. </claim-text></claim><claim id="amd-clm-0010" num="10"><claim-text>10. Cale selon la revendication 9, caractérisée en ce que le matériau adhésif de la couche (30) de matériau adhésif est une résine polymérisable à température ambiante. </claim-text></claim><claim id="amd-clm-0011" num="11"><claim-text>11. Cale selo l'une des revendications 8 à 10, caractérisée en ce qu'elle est de forme conique. </claim-text></claim><claim id="amd-clm-0012" num="12"><claim-text>12. Cale selon la revendication 8 à 11, caractérisée en ce qu'elle est en deux parties, chaque partie étant formée par un empilement alternant de feuilles de matériau et de couches adhésives polymérisées reliant chacune deux feuilles adjacentes de façon à permettre de les peler. 
<!-- EPO <DP n="18"/>-->
</claim-text></claim><claim id="amd-clm-0013" num="13"><claim-text>13. Cale selon la revendication 12, caractérisée en ce que les deux parties sont symétriques l'une de l'autre selon un plan passant par les bords aboutés. 
</claim-text></claim></amended-claims><copyright>User acknowledges that Fairview Research LLC and its third party providers retain all right, title and interest in and to this xml under applicable copyright laws.  User acquires no ownership rights to this xml including but not limited to its format.  User hereby accepts the terms and conditions of the Licence Agreement</copyright></patent-document>
