<?xml version="1.0" encoding="UTF-8"?>
<patent-document ucid="EP-2958876-A1" country="EP" doc-number="2958876" kind="A1" date="20151230" family-id="51391697" file-reference-id="305899" date-produced="20180822" status="corrected" lang="EN"><bibliographic-data><publication-reference fvid="160453802" ucid="EP-2958876-A1"><document-id><country>EP</country><doc-number>2958876</doc-number><kind>A1</kind><date>20151230</date><lang>EN</lang></document-id></publication-reference><application-reference ucid="EP-14754605-A" is-representative="NO"><document-id mxw-id="PAPP193870572" load-source="patent-office" format="original"><country>EP</country><doc-number>14754605.5</doc-number><date>20140124</date><lang>EN</lang></document-id><document-id mxw-id="PAPP193870573" load-source="docdb" format="epo"><country>EP</country><doc-number>14754605</doc-number><kind>A</kind><date>20140124</date><lang>EN</lang></document-id></application-reference><priority-claims><priority-claim mxw-id="PPC162028368" ucid="US-201361766960-P" load-source="docdb"><document-id format="epo"><country>US</country><doc-number>201361766960</doc-number><kind>P</kind><date>20130220</date></document-id></priority-claim><priority-claim mxw-id="PPC162028013" ucid="US-2014012866-W" linkage-type="W" load-source="docdb"><document-id format="epo"><country>US</country><doc-number>2014012866</doc-number><kind>W</kind><date>20140124</date></document-id></priority-claim></priority-claims><technical-data><classifications-ipcr><classification-ipcr mxw-id="PCL-1892460744" load-source="docdb">C04B  35/44        20060101ALI20160921BHEP        </classification-ipcr><classification-ipcr mxw-id="PCL-1892462800" load-source="docdb">C04B  35/443       20060101ALI20160921BHEP        </classification-ipcr><classification-ipcr mxw-id="PCL-1892463662" load-source="docdb">C04B  35/04        20060101AFI20160921BHEP        </classification-ipcr></classifications-ipcr><classifications-cpc><classification-cpc mxw-id="PCL-1981007971" load-source="docdb" scheme="CPC">C23C   4/11        20160115 LI20160118BHEP        </classification-cpc><classification-cpc mxw-id="PCL-1987762835" load-source="docdb" scheme="CPC">H01B   3/10        20130101 LI20150212BHEP        </classification-cpc><classification-cpc mxw-id="PCL-1987763481" load-source="docdb" scheme="CPC">C04B2235/3217      20130101 LA20141029BHEP        </classification-cpc><classification-cpc mxw-id="PCL-1987764663" load-source="docdb" scheme="CPC">C23C   4/10        20130101 LI20141204BHEP        </classification-cpc><classification-cpc mxw-id="PCL-1987766123" load-source="docdb" scheme="CPC">C04B  35/62813     20130101 LI20150508BHEP        </classification-cpc><classification-cpc mxw-id="PCL-1987766954" load-source="docdb" scheme="CPC">C04B  35/443       20130101 LI20140919BHEP        </classification-cpc><classification-cpc mxw-id="PCL-1987767316" load-source="docdb" scheme="CPC">C04B2235/5436      20130101 LA20141029BHEP        </classification-cpc><classification-cpc mxw-id="PCL-1987769035" load-source="docdb" scheme="CPC">C04B  35/6281      20130101 LI20150508BHEP        </classification-cpc><classification-cpc mxw-id="PCL-1987771607" load-source="docdb" scheme="CPC">C04B  35/053       20130101 LI20150508BHEP        </classification-cpc><classification-cpc mxw-id="PCL-1987773715" load-source="docdb" scheme="CPC">H01B   3/448       20130101 FI20150212BHEP        </classification-cpc><classification-cpc mxw-id="PCL-1987773799" load-source="docdb" scheme="CPC">C04B  35/6303      20130101 LI20150213BHEP        </classification-cpc><classification-cpc mxw-id="PCL-1987782447" load-source="docdb" scheme="CPC">C04B2235/3206      20130101 LA20141029BHEP        </classification-cpc><classification-cpc mxw-id="PCL-1987782501" load-source="docdb" scheme="CPC">H01B   3/447       20130101 LI20150212BHEP        </classification-cpc><classification-cpc mxw-id="PCL-1987786023" load-source="docdb" scheme="CPC">C04B2235/5472      20130101 LA20150508BHEP        </classification-cpc><classification-cpc mxw-id="PCL-1987795275" load-source="docdb" scheme="CPC">C04B2235/72        20130101 LA20141029BHEP        </classification-cpc><classification-cpc mxw-id="PCL-1987795798" load-source="docdb" scheme="CPC">C04B  35/63416     20130101 LI20141029BHEP        </classification-cpc><classification-cpc mxw-id="PCL-1987798944" load-source="docdb" scheme="CPC">C04B  35/62655     20130101 LI20141029BHEP        </classification-cpc></classifications-cpc><invention-title mxw-id="PT165552872" lang="DE" load-source="patent-office">ELEKTRISCH ISOLIERENDES MATERIAL FÜR THERMISCH GESPRITZTE BESCHICHTUNGEN</invention-title><invention-title mxw-id="PT165552873" lang="EN" load-source="patent-office">ELECTRICALLY INSULATING MATERIAL FOR THERMAL SPRAYED COATINGS</invention-title><invention-title mxw-id="PT165552874" lang="FR" load-source="patent-office">MATÉRIAU ÉLECTRO-ISOLANT POUR REVÊTEMENTS AYANT SUBIS UNE PROJECTION THERMIQUE</invention-title></technical-data><parties><applicants><applicant mxw-id="PPAR1103304955" load-source="docdb" sequence="1" format="epo"><addressbook><last-name>OERLIKON METCO US INC</last-name><address><country>US</country></address></addressbook></applicant><applicant mxw-id="PPAR1103313635" load-source="docdb" sequence="1" format="intermediate"><addressbook><last-name>OERLIKON METCO (US) INC.</last-name></addressbook></applicant><applicant mxw-id="PPAR1101649594" load-source="patent-office" sequence="1" format="original"><addressbook><last-name>Oerlikon Metco (US) Inc.</last-name><iid>101533403</iid><address><street>1101 Prospect Ave.</street><city>Westbury NY 11590</city><country>US</country></address></addressbook></applicant></applicants><inventors><inventor mxw-id="PPAR1103307963" load-source="docdb" sequence="1" format="epo"><addressbook><last-name>SHARMA ATIN</last-name><address><country>US</country></address></addressbook></inventor><inventor mxw-id="PPAR1103324126" load-source="docdb" sequence="1" format="intermediate"><addressbook><last-name>SHARMA, Atin</last-name></addressbook></inventor><inventor mxw-id="PPAR1101649501" load-source="patent-office" sequence="1" format="original"><addressbook><last-name>SHARMA, Atin</last-name><address><street>5 Lexington Ave.</street><city>Westbury, New York 11590</city><country>US</country></address></addressbook></inventor><inventor mxw-id="PPAR1103331701" load-source="docdb" sequence="2" format="epo"><addressbook><last-name>RAUCH JOHANNES D</last-name><address><country>DE</country></address></addressbook></inventor><inventor mxw-id="PPAR1103328083" load-source="docdb" sequence="2" format="intermediate"><addressbook><last-name>RAUCH, Johannes D.</last-name></addressbook></inventor><inventor mxw-id="PPAR1101650186" load-source="patent-office" sequence="2" format="original"><addressbook><last-name>RAUCH, Johannes D.</last-name><address><street>Unter den Bergen 5</street><city>36433 Bad Salzungen</city><country>DE</country></address></addressbook></inventor></inventors><agents><agent mxw-id="PPAR1101650291" load-source="patent-office" sequence="1" format="original"><addressbook><last-name>Intellectual Property Services GmbH</last-name><iid>101440648</iid><address><street>Langfeldstrasse 88</street><city>8500 Frauenfeld</city><country>CH</country></address></addressbook></agent></agents></parties><international-convention-data><pct-or-regional-filing-data ucid="US-2014012866-W"><document-id><country>US</country><doc-number>2014012866</doc-number><kind>W</kind><date>20140124</date><lang>EN</lang></document-id></pct-or-regional-filing-data><pct-or-regional-publishing-data ucid="WO-2014130202-A1"><document-id><country>WO</country><doc-number>2014130202</doc-number><kind>A1</kind><date>20140828</date><lang>EN</lang></document-id></pct-or-regional-publishing-data><designated-states><ep-contracting-states><country mxw-id="DS660641951" load-source="docdb">AL</country><country mxw-id="DS660795081" load-source="docdb">AT</country><country mxw-id="DS660646647" load-source="docdb">BE</country><country mxw-id="DS660643157" load-source="docdb">BG</country><country mxw-id="DS660724869" load-source="docdb">CH</country><country mxw-id="DS660646648" load-source="docdb">CY</country><country mxw-id="DS660795082" load-source="docdb">CZ</country><country mxw-id="DS660641953" load-source="docdb">DE</country><country mxw-id="DS660646649" load-source="docdb">DK</country><country mxw-id="DS660646650" load-source="docdb">EE</country><country mxw-id="DS660759248" load-source="docdb">ES</country><country mxw-id="DS660643158" load-source="docdb">FI</country><country mxw-id="DS660724870" load-source="docdb">FR</country><country mxw-id="DS660641954" load-source="docdb">GB</country><country mxw-id="DS660646655" load-source="docdb">GR</country><country mxw-id="DS660641963" load-source="docdb">HR</country><country mxw-id="DS660795083" load-source="docdb">HU</country><country mxw-id="DS660724875" load-source="docdb">IE</country><country mxw-id="DS660646656" load-source="docdb">IS</country><country mxw-id="DS660643171" load-source="docdb">IT</country><country mxw-id="DS660646657" load-source="docdb">LI</country><country mxw-id="DS660643172" load-source="docdb">LT</country><country mxw-id="DS660735016" load-source="docdb">LU</country><country mxw-id="DS660643173" load-source="docdb">LV</country><country mxw-id="DS660643174" load-source="docdb">MC</country><country mxw-id="DS660735017" load-source="docdb">MK</country><country mxw-id="DS660735018" load-source="docdb">MT</country><country mxw-id="DS660646658" load-source="docdb">NL</country><country mxw-id="DS660641965" load-source="docdb">NO</country><country mxw-id="DS660646663" load-source="docdb">PL</country><country mxw-id="DS660643187" load-source="docdb">PT</country><country mxw-id="DS660795084" load-source="docdb">RO</country><country mxw-id="DS660643188" load-source="docdb">RS</country><country mxw-id="DS660646664" load-source="docdb">SE</country><country mxw-id="DS660724876" load-source="docdb">SI</country><country mxw-id="DS660641966" load-source="docdb">SK</country><country mxw-id="DS660641971" load-source="docdb">SM</country><country mxw-id="DS660735023" load-source="docdb">TR</country></ep-contracting-states><ep-extended-states><ep-extended-state-data><country>BA</country></ep-extended-state-data><ep-extended-state-data><country>ME</country></ep-extended-state-data></ep-extended-states></designated-states></international-convention-data><office-specific-data><eptags><ep-no-a-document-published>*</ep-no-a-document-published></eptags></office-specific-data></bibliographic-data><abstract mxw-id="PA139072795" ref-ucid="WO-2014130202-A1" lang="EN" load-source="patent-office"><p num="0000">Compositions and method for preparing thermally sprayed coatings are disclosed. The inventive compositions include at least one component that is electrically-insulating and/or non-subliming at thermal spray temperatures; and at least one component that has a high coefficient of thermal expansion. The invention also provides a compositions and methods for preparing a coating comprising a spinel, from materials that do not comprise a spinel; and also provides non-spinel materials used to prepare coatings comprising spinel. The invention includes coatings made from the materials and methods; and articles comprising the coatings.</p></abstract><abstract mxw-id="PA139540444" ref-ucid="WO-2014130202-A1" lang="EN" source="national office" load-source="docdb"><p>Compositions and method for preparing thermally sprayed coatings are disclosed. The inventive compositions include at least one component that is electrically-insulating and/or non-subliming at thermal spray temperatures; and at least one component that has a high coefficient of thermal expansion. The invention also provides a compositions and methods for preparing a coating comprising a spinel, from materials that do not comprise a spinel; and also provides non-spinel materials used to prepare coatings comprising spinel. The invention includes coatings made from the materials and methods; and articles comprising the coatings.</p></abstract><abstract mxw-id="PA139072796" ref-ucid="WO-2014130202-A1" lang="FR" load-source="patent-office"><p num="0000">La présente invention concerne des compositions et un procédé de préparation de revêtements ayant subis une projection thermique. Les compositions selon l'invention comprennent au moins un constituant qui est électro-isolant et/ou ne se sublime pas aux températures de projection thermique; et au moins un constituant qui a un coefficient de dilatation thermique élevé. L'invention concerne également des compositions et des procédés de préparation d'un revêtement comprenant un spinelle, à partir de matériaux ne comprenant pas de spinelle; l'invention concerne de plus des matériaux non-spinelles, ceux-ci étant utilisés pour préparer des revêtements comprenant un spinelle. L'invention concerne en outre des revêtements fabriqués à partir desdits matériaux et procédés; et des articles comprenant lesdits revêtements.</p></abstract><abstract mxw-id="PA139540445" ref-ucid="WO-2014130202-A1" lang="FR" source="national office" load-source="docdb"><p>La présente invention concerne des compositions et un procédé de préparation de revêtements ayant subis une projection thermique. Les compositions selon l'invention comprennent au moins un constituant qui est électro-isolant et/ou ne se sublime pas aux températures de projection thermique; et au moins un constituant qui a un coefficient de dilatation thermique élevé. L'invention concerne également des compositions et des procédés de préparation d'un revêtement comprenant un spinelle, à partir de matériaux ne comprenant pas de spinelle; l'invention concerne de plus des matériaux non-spinelles, ceux-ci étant utilisés pour préparer des revêtements comprenant un spinelle. L'invention concerne en outre des revêtements fabriqués à partir desdits matériaux et procédés; et des articles comprenant lesdits revêtements.</p></abstract><description mxw-id="PDES78476734" ref-ucid="WO-2014130202-A1" lang="EN" load-source="patent-office"><!-- EPO <DP n="2"/>--><p id="p0001" num="0001"> ELECTRICALLY INSULATING MATERIAL FOR THERMAL </p><p id="p0002" num="0002"> SPRAYED COATINGS </p><p id="p0003" num="0003">CROSS-REFERENCE TO RELATED APPLICATIONS </p><p id="p0004" num="0004">[0001 ] This application claims priority to U.S. provisional application 61/766,960, filed February 20, 2013, the contents of which are expressly incorporated herein in their entirety. </p><p id="p0005" num="0005">BACKGROUND OF THE INVENTION </p><p id="p0006" num="0006">[0002] Many engineering applications require an insulating layer to be coated on a metallic body to provide certain functionality, for example, protection against chemical, mechanical, thermal or electrical influences. Most insulating materials in use today are ceramics. However, often due to the difference in the coefficients of thermal expansion between the ceramic coating and the underlying metallic body, high mechanical stresses are generated in the ceramic coating under thermal loads. These stresses readily lead to cracking and/or delamination of the coating. Therefore, a insulating material which has a coefficient of thermal expansion similar to that of the metallic material to be coated is desirable. </p><p id="p0007" num="0007">[0003] Metals generally have a coefficient of thermal expansion which is greater than 10 μιη/m/K, therefore only a few oxides may be used for coating purposes. Stabilized zirconium oxide, for example, with coefficient of thermal expansion in the region of 11 μιη/m/K is used in turbo-machinery components as a thermal barrier coating and in electrical devices such as solid oxide fuel cells as an ionic conductor (electrolyte) at high temperature. However, the resistance of zirconium oxide to attack from metallic or oxide melts is lower than that of a number of other materials [Ref US patent 6,723,442; 6,764,771, incorporated herein by reference in their entireties]. Zirconium oxide also loses its electrical insulating properties at high temperature where ionic conduction predominates. </p><p id="p0008" num="0008">[0004] For application of the coating by thermal spray process, the insulating material additionally needs to have suitable properties to withstand the process conditions and form coatings with desired functionality. For example, MgO has a high melting point, sufficient resistance to melts, high electrical insulation and a coefficient of thermal expansion of 13.5 
<!-- EPO <DP n="3"/>-->
 μηι/m/K. This implies that MgO is also a suitable coating material for metals. However, MgO is not a suitable material for use in a thermal spraying process, since MgO decomposes at high temperatures which occur in such processes, and the decomposition products are volatile. </p><p id="p0009" num="0009">[0005] Ceramics which are produced from a mixture of MgO and AI2O<sub>3</sub> have good properties for use in combination with various metals. Sintered ceramics produced from MgO and AI2O<sub>3</sub> are commercially available. They have the advantages of being highly resistant to chemical, thermal and mechanical attacks and of having a coefficient of thermal expansion which lies in the region of 11 μιη/m/K . However, ceramics of this type have only limited suitability as coating material, since in practice they are not suitable for coating by way of a thermal spraying method. In these ceramics too, the MgO of the ceramic evaporates at the high temperatures which occur during thermal spraying. </p><p id="p0010" num="0010">[0006] US patent 6,723,442 describes a material based on the combination of MgAl<sub>2</sub>0<sub>4</sub> spinel and MgO, a method of its production, a coating (or layer) produced from the material applied on a metallic body and the use of such coated metallic body as a component in a high temperature fuel cell. The material is described as comprising grains of MgO which are embedded in a matrix of the spinel MgAl<sub>2</sub>0<sub>4</sub>. </p><p id="p0011" num="0011">[0007] US patent 6,764,771 describes a (metallic) turbine blade coated with a thermal barrier coating which is based on an admixture of a spinel material selected from a group of CoMg<sub>2</sub>0<sub>4</sub>, CoFe<sub>2</sub>0<sub>4</sub>, CoCr<sub>2</sub>0<sub>4</sub>, CoTi<sub>2</sub>0<sub>4</sub>, CoAl<sub>2</sub>0<sub>4</sub>, NiMg<sub>2</sub>0<sub>4</sub>, NiTi<sub>2</sub>0<sub>4</sub>, TiMg<sub>2</sub>0<sub>4</sub>, TiFe<sub>2</sub>0<sub>4</sub>, TiCr<sub>2</sub>0<sub>4</sub>, and TiAl<sub>2</sub>0<sub>4</sub>, and oxide material selected from a group of MgO, Hf0<sub>2</sub>, CoO, NiO, and Cr<sub>2</sub>0<sub>3</sub> and/or combinations thereof. </p><p id="p0012" num="0012">[0008] US patent application publication US2011/0033779 (Feb. 10, 2011), incorporated herein by reference in its entirety, describes a several material compositions and combinations for use as insulation in solid oxide fuel cell (SOFC) systems. </p><p id="p0013" num="0013">[0009] There remains a need for materials and methods to deposit thermal spray coatings comprising, e.g., magnesium oxide and a spinel, preferably MgAl<sub>2</sub>0<sub>4</sub>. </p><p id="p0014" num="0014">SUMMARY OF THE INVENTION </p><p id="p0015" num="0015">[00010] It has surprisingly been found that it is possible to prepare a material to be used to provide temperature resistant, electrically insulating coatings with a coefficient of thermal 
<!-- EPO <DP n="4"/>-->
 expansion tunable to match that of the coated metallic material using thermal spray process. It has also been surprisingly found that it is possible to prepare a coating on a substrate, the coating comprising a spinel, from starting materials that do not comprise a spinel. </p><p id="p0016" num="0016">[0001 1 ] In a preferred embodiment, the non-spinel starting materials are thermally deposited onto a substrate. In a preferred embodiment, the starting material is injected into a hot zone where it is heated and/or melted and is then propelled toward a surface for deposition thereon. The heating may be accomplished by any suitable method and equipment, e.g., with use of high temperature (such as a flame, fuel burning, or an electric arc). Without being bound by theory, it is believed that the non-spinel compounds react on the way to the surface, thereby forming a spinel in transit to the surface. It is also possible that the spinel does not form until the ejected material deposits on the surface. </p><p id="p0017" num="0017"> [0001 2] The present invention provides a material comprising a core portion comprising a first mixture, and an encasing portion comprising a second mixture, the first mixture being rich in a high-CTE material (component Bl) and poor in a non-sublimating electrical insulator </p><p id="p0018" num="0018">(component Al); the second mixture being rich in a non- sublimating electrical insulator </p><p id="p0019" num="0019">(component A2) and poor in a high-CTE material (component B2); and wherein at least one of components Al and Bl has average particle size up to about 100 microns; and at least one of components A2 and B2 has average particle size up to about 20 microns; wherein the encasing portion at least partially encases the core portion. </p><p id="p0020" num="0020"> [0001 3] The present invention also provides a thermal spray coating prepared by thermally spraying the material onto a substrate. </p><p id="p0021" num="0021"> [00014] The present invention also provides a method of manufacturing a thermal spray coating comprising: obtaining the material; obtaining a substrate; and forming a coating on the substrate by applying the material to the substrate by a thermal spray process. </p><p id="p0022" num="0022">[0001 5] Components Al and A2 are preferably independently chosen from one or both of a) one or more oxide of trivalent or tetravalent metals, or b) one or more salt with binding properties. Preferably, components Al and A2 are independently chosen from one or more of oxide of Al, In, Ga, Y, Sc, Mg, Si, Ti, Ge, Zr, Hf, Sn, Nb, Mn, or a rare earth metal. Preferably, components Al and/or A2 comprise AI2O<sub>3</sub>. </p><p id="p0023" num="0023"> [0001 6] Components Bl and B2 preferably have coefficients of thermal expansion at least about 10 μιη/m/K. Components B l and B2 are preferably independently chosen from one or more of a simple oxide, a double oxide, a triple oxide, an alkali metal halide, an alkaline metal 
<!-- EPO <DP n="5"/>-->
 halide, or a metal. Preferably, components Bl and/or B2 comprise, consist essentially of, or consist of, MgO. </p><p id="p0024" num="0024"> [00017] Preferably, the material comprises a plurality of cores. Preferably, the cores comprise particles that are at least one of monolithic or an agglomerate of smaller particles. Preferably, the material comprises a plurality of agglomerated encased cores. Preferably, the core or plurality of cores further comprise an outer layer that is non-electrically conducting and non-sublimating. Preferably, the outer layer comprises one or both of a) one or more oxides of trivalent or tetravalent metals, or b) one or more salt with binding properties. </p><p id="p0025" num="0025"> [00018] Preferably, the material comprises essentially no spinel. Preferably, the material further comprises a binder. Preferably, the material further comprises a dispersant. </p><p id="p0026" num="0026">[00019] Preferably, a thermal spray coating comprises one or more spinel. Preferably, the substrate of the thermal spray coating comprises iron, steel, aluminum, copper, Fe-Cr alloy, Cr- rich steel, cobalt, Co-alloy, nickel, Ni-alloy, bronze, or titanium. </p><p id="p0027" num="0027"> [00020] Preferably, the thermal spray coating comprises a spinel. Preferably, the material does not comprise spinel, and the thermal spray coating comprises a spinel. Preferably, the material comprises AI2O<sub>3</sub>, and the thermal spray coating does not comprise AI2O<sub>3</sub>. </p><p id="p0028" num="0028">BRIEF DESCRIPTION OF THE DRAWINGS </p><p id="p0029" num="0029">[00021 ] Figure 1 is a schematic drawing illustrating a powder particle structure according to the current invention. </p><p id="p0030" num="0030">[00022] Figure 2 is a schematic drawing illustrating a powder particle structure according to the current invention. </p><p id="p0031" num="0031">[00023] Figure 3 is a schematic drawing illustrating a powder particle structure according to the current invention. </p><p id="p0032" num="0032">[00024] Figure 4 is a schematic drawing illustrating a powder particle structure according to the current invention. </p><p id="p0033" num="0033">[00025] Figure 5 is a schematic drawing illustrating a powder particle structure according to the current invention. </p><p id="p0034" num="0034">[00026] Figure 6 is a schematic drawing illustrating a powder particle structure according to the current invention. 
<!-- EPO <DP n="6"/>-->
 [00027] Figure 7 is a schematic drawing illustrating a powder particle structure according to the current invention. </p><p id="p0035" num="0035">[00028] Figure 8 is a schematic drawing illustrating a powder particle structure according to the current invention. </p><p id="p0036" num="0036">[00029] Figure 9 is a schematic drawing illustrating a powder particle structure according to the current invention. </p><p id="p0037" num="0037">[00030] Figure 10 shows the morphology and cross-section of a powder according to the present invention; SEM powder images (at 500X) for the MgO- AI2O<sub>3</sub> "clad" powder (a) Morphology, (b) Cross section. </p><p id="p0038" num="0038">[00031 ] Figure 11 shows the morphology and cross-section of a powder according to the present invention; SEM powder images (at 500X) for the MgO- AI2O<sub>3</sub> "clad" powder (a) Morphology, (b) Cross section. </p><p id="p0039" num="0039">[00032] Figure 12 shows the morphology and cross-section of a powder according to the present invention; SEM powder images (at 500X) for the MgO- AI2O<sub>3</sub> "clad" powder (a) Morphology, (b) Cross section. </p><p id="p0040" num="0040">[00033] Figure 13 shows the morphology and cross-section of a powder according to the present invention; SEM powder images (at 500X) for the MgO- AI2O<sub>3</sub> "clad" powder (a) Morphology, (b) Cross section. </p><p id="p0041" num="0041">[00034] Figure 14 shows the morphology and cross-section of a powder according to the present invention; SEM powder images (at 500X) for the MgO- AI2O<sub>3</sub> "clad" powder (a) Morphology, (b) Cross section. </p><p id="p0042" num="0042">[00035] Figure 15 shows the morphology and cross-section of a powder according to the present invention; SEM powder images (at 500X) for the MgO- AI2O<sub>3</sub> "clad" powder (a) Morphology, (b) Cross section </p><p id="p0043" num="0043">[00036] Figure 16 shows the morphology and cross-section of a powder according to the present invention; SEM powder images (at 200X) for the MgO-Al203 "clad" powder (a) Morphology, (b) Cross section. 
<!-- EPO <DP n="7"/>-->
 [00037] Figure 17 shows XRD patterns of an MgO/ Aluminum nitride powder, and a coating made therefrom on a steel substrate. </p><p id="p0044" num="0044">[00038] Figure 18 is an XRD pattern for a material prepared according to Example 1. </p><p id="p0045" num="0045">[00039] Figure 19 is an XRD of a coating prepared by thermally spraying material prepared according to Example 1. </p><p id="p0046" num="0046">[00040] Figure 20 is an XRD pattern for a material prepared according to Example 2. </p><p id="p0047" num="0047">[00041 ] Figure 21 is an XRD of a coating prepared by thermally spraying material prepared according to Example 2. </p><p id="p0048" num="0048">[00042] Figure 22 shows SEM powder images (at 500X) for an MgO-Al<sub>2</sub>0<sub>3</sub> powder: (a) Morphology, (b) Cross section. </p><p id="p0049" num="0049">[00043] Figure 23 shows SEM powder images (at 500X) for an MgO-Al<sub>2</sub>0<sub>3</sub> powder: (a) Morphology, (b) Cross section. </p><p id="p0050" num="0050">BRIEF DESCRIPTION OF THE INVENTION </p><p id="p0051" num="0051">[00044] The present invention describes a material to be used to provide temperature resistant, electrically insulating coatings with a coefficient of thermal expansion tunable to match that of the coated metallic material using thermal spray process. The invention is based on a unique structure of the agglomerates which enables thermal spraying of some well known suitable materials which until now could not be processed by thermal spraying. The core of the material may be a metal or a ceramic, and these materials have a coefficient of thermal expansion &gt;10 μιη/m/K. Additionally, the core-coating or outer layer preferably electrically insulates the core material, and is suitable for thermal spray applications. </p><p id="p0052" num="0052">[00045] Preferably, there is no, or essentially no, spinel involved in this construct. This is in contrast to US Patent 6,723,442, which teaches spinel in the starting material. It is not necessary to start with a spinel material, or to use a starting material comprising a spinel. Rather, it is believed that a spinel forms with the heating and/or reheating of the material, in the flow of material toward the surface to be coated, or on the surface itself. 
<!-- EPO <DP n="8"/>-->
 [00046] The starting material preferably comprises a powder comprising particles of two or more different compositions, the compositions comprising components A and/or B. </p><p id="p0053" num="0053">[00047] Component A is a component that is electrically insulating, and does not (or does not appreciably) sublimate or evaporate at material deposition temperature (an insulating non- sublimating component). If a Component A reacts with a Component B (described below), the reaction product is preferably electrically insulating. The reaction product preferably comprises a spinel. Component A preferably comprises any compound or material (other than a spinel) that is capable of reacting with a Component B under thermal spray conditions to form a spinel on a surface. Suitable Components A include oxides of trivalent or tetravalent metals, or a salt. Preferred oxides include one or more of AI2O<sub>3</sub>, ln<sub>2</sub>0<sub>3</sub>, Ga<sub>2</sub>0<sub>3</sub>, Y<sub>2</sub>0<sub>3</sub>, Sc<sub>2</sub>0<sub>3</sub>, Si0<sub>2</sub>, Ti0<sub>2</sub>, Ge0<sub>2</sub>, Zr0<sub>2</sub>, Hf0<sub>2</sub>, Sn0<sub>2</sub>, Nb0<sub>2</sub>, Mn0<sub>2</sub>, or rare earth oxide (REO). Suitable salts for Component A include one or more of nitrates, sulfates, carbonates, acetates, phosphates, chlorides, and borates. Combinations of two or more Component A materials are also suitable. An especially preferred Component A comprises, consists essentially of, or consists of, A1<sub>2</sub>0<sub>3</sub>. </p><p id="p0054" num="0054">[00048] The salt, when used, can preferably serve one or both of the following functions, preferably both. The salt preferably acts as a binder for larger particles. The salt preferably reacts with, or is capable of reacting with, Component B. The reaction product preferably includes a spinel. When Component A comprises, consists essentially of, or consists of, a salt, some preferred salts for Component A include: </p><p id="p0055" num="0055"> - nitrates as well as water containing nitrates and/or nitrites; </p><p id="p0056" num="0056"> - sulphates as well as water containing sulphates and/or sulphides; </p><p id="p0057" num="0057"> - carbonates as well a water containing carbonates; </p><p id="p0058" num="0058"> - acetates as well as water containing acetates; </p><p id="p0059" num="0059"> - phosphates as well as water containing phosphates and/or phosphides; </p><p id="p0060" num="0060"> - chlorides as well as water containing chlorides and/or chlorites; </p><p id="p0061" num="0061"> - borates as well as water containing borates. </p><p id="p0062" num="0062">[00049] Component B is a component other than Component A, that has a high coefficient of thermal expansion (CTE). Preferably, a Component B has a CTE close to, or greater than, the CTE of the substrate to which the coating is applied. In a preferred embodiment, the CTE of Component B is greater than or about 10 μιη/m/K. Component B preferably includes any 
<!-- EPO <DP n="9"/>-->
 compound or material (other than a spinel) that is capable of reacting with Component A under thermal spray conditions to form a spinel on a surface. Preferably, the higher CTE of component B can be used to tune the CTE of the coating to match that of the substrate. </p><p id="p0063" num="0063">[00050] The substrate can be any material on which a thermal spray coating can be applied. Preferably, the substrate is or comprises a metal, preferably iron, steel, aluminum, copper, Fe-Cr alloys, Cr rich steels, cobalt, Co-alloys (e.g., cobalt-based superalloys), nickel, Ni-alloys (e.g., nickel-based superalloys), bronze, or titanium. The substrate can comprise any part on which a thermal spray coating can be applied. Preferably, the substrate can be a gas or jet turbine, a SOFC component, an electrical part in high temperature machinery, an engine component, a casting mold, a plasma etching chamber component, etc. </p><p id="p0064" num="0064">[00051 ] Component B preferably comprises a simple oxide (e.g. MgO) or a double oxide (e.g. Li<sub>2</sub>Ti0<sub>3</sub>) or a multiple oxide (e.g. Pb<sub>x</sub>Zr(i_<sub>X</sub>)Ti0<sub>3</sub>). An especially preferred Component B comprises, consists essentially of, or consists of, magnesium oxide (MgO). Another preferred Component B is an oxide with formula Z<sub>(</sub>i_<sub>2)</sub>M0<sub>3</sub>_4 where Z = an alkali metal (Li, Na, K, Rb, Cs), Ba, or Mg; M = a group IV element (Ti, Hf, Zr, Si, Ge, Sn, Pb) and O = oxygen. See also US patent 3,833,387, incorporated herein by reference. </p><p id="p0065" num="0065">[00052] In another embodiment, component B comprises an alkali metal halide or an alkaline metal halide. A preferred halide is fluoride. See also US patent 5,043,305, incorporated herein by reference in its entirety. </p><p id="p0066" num="0066">[00053] In another embodiment, component B comprises a metal or alloy having a high CTE. Some preferred examples include a group r metal, a group VIII metal, a Group IB metal, a Group IIB metal, or any electrically conducting alloy of any of these, or comprising at least one of these. </p><p id="p0067" num="0067">[00054] When micro-mixtures 1 and 2 each comprise component A, component A in micro-mixture 1 can be the same as, or different from, component A in micro-mixture 2. Preferably, component A is the same in micro-mixtures 1 and 2. Similarly, when micro- mixtures 1 and 2 each comprise component B, component B in micro-mixture 1 can be the same as, or different from, component B in micro-mixture 2. Preferably, component B is the same in micro-mixtures 1 and 2. 
<!-- EPO <DP n="10"/>-->
 [00055] As schematically shown in Figure 1, one preferred embodiment comprises particles having a core rich (e.g., &gt;50 mol%) in component B and poor (e.g., &lt;50 mol%) in component A (micro-mixture 1). The core has a core-coating thereon that is rich (e.g., &gt;50 mol%) in component A and poor (e.g., &lt;50 mol%) in component B (micro-mixture 2). The particle may additionally comprise an optional outer layer. Either or both of micro-mixtures 1 or 2 can additionally comprise other components, such as non-spinel oxides. These particles may also additionally comprise an optional outer layer (e.g., component C). A mixture rich in Component A (or B) includes a composition of 100% A (or B). In a preferred embodiment, component A comprises AI2O<sub>3</sub>, component B comprises MgO, and component C comprises one or more of Co-oxide, Mn-oxide, ZnO, NiO, Ti0<sub>2</sub>, or Cr<sub>2</sub>0<sub>3</sub>. </p><p id="p0068" num="0068">[00056] As used herein, "rich" in a particular component means that the composition comprises a plurality, preferably a majority, mol percent of the mixture. Preferably, "rich" means at least 50 mol%, more preferably at least 60 mol%, 70 mol%, or 80 mol%, and includes 100%, or essentially 100%, of the component. Similarly, as used herein, "poor" in a particular component means that the composition comprises a minority mol percent of the mixture. Preferably, "poor" means less than 50 mol%, more preferably up to 40 mol%, 30 mol%, or 20 mol%, and includes none, or essentially none, of the component. </p><p id="p0069" num="0069">[00057] When component B comprises an electrically conductive material, it is preferred that any outer layer be electrically insulating. One preferred way to accomplish this comprises applying an outer layer to the core-shell particle, e.g., as shown in Figure 1. The outer layer could comprise any suitable electrically insulating material component C. In a preferred embodiment, component C comprises, essentially consists of, or consists of, a non- sublimating electrical insulator, such as a component A material. </p><p id="p0070" num="0070">[00058] Another preferred way to accomplish this comprises using a micro-mixture 2 that is electrically insulating. Micro-mixture 2 can comprise electrically conductive material (e.g., a component B material), so long as micro-mixture 2 is not electrically conductive. </p><p id="p0071" num="0071">[00059] In a preferred embodiment (e.g., per Figure 1), micro-mixture 1 comprises a component B-rich (&gt;50 ml%) mix of A and B with particle sizes of either component &lt; 20 microns (preferably &lt; 5 microns). In a preferred embodiment, micro-mixture 2 comprises a component A-rich (&gt;50 mol%) mix of A and B, with particle sizes of either component &lt;20 microns (preferably &lt; 5 microns). 
<!-- EPO <DP n="11"/>-->
 [00060] In another preferred embodiment (e.g., per Figure 2), micro-mixture 1 comprises a component B-rich (&gt;50 ml%) mix of A, B, and C, with particle sizes of either component &lt; 20 microns (preferably &lt; 5 microns). In a preferred embodiment, micro-mixture 2 comprises a component A-rich (&gt;50 mol%) mix of A, B, and C, with particle sizes of either component &lt;20 microns (preferably &lt; 5 microns). When a micro-mixture comprises components A, B and C, component A preferably comprises AI2O<sub>3</sub>, and component C preferably comprises a non- sublimating electrical insulator other than AI2O<sub>3</sub>. Several other structures and preferred embodiments are schematically shown in Figures 3-9. </p><p id="p0072" num="0072">[00061 ] Any amounts of Components A and B may be used to obtain a suitable coating on the surface, and may be adjusted by one of ordinary skill in the art using this disclosure as a guide. Preferably, the amounts of Components A and B used are suitable to form a coating comprising spinel and MgO. By regulating the relative amounts of Components A and B in the starting material, it is possible to regulate the proportion of MgO and spinel that are formed on the surface. Because the spinel and MgO generally have different coefficients of thermal expansion (CTEs), it is possible to control the CTE of the coating, preferably obtain a target CTE, by adjusting the proportions of A and B, e.g., in the core and/or in the core- coating layer. </p><p id="p0073" num="0073">[00062] The order of micro -mixtures 1 and 2 can be reversed as desired or required. That is, the core may comprise micro-mixture 2, and the core-coating may comprise micro- mixture 1. In a preferred embodiment, higher AI2O<sub>3</sub> composition in the core-coating (e.g., Ai203-rich core coating) may help to prevent evaporation losses of MgO during heating or spraying. </p><p id="p0074" num="0074">[00063] In another embodiment, by suitably choosing the ratios of Components A and B, the structure (spinel + MgO) may naturally be produced in the deposited coatings which will have the desired properties in terms of electrical insulation, coefficient of thermal expansion, or both. </p><p id="p0075" num="0075">[00064] Materials according to the present invention may also comprise other ingredients, such as binders or dispersants. </p><p id="p0076" num="0076">[00065] Any suitable amount of binder may be used to obtain desired binding of the material. A binder is optional, such that there is no particular lower limit on the amount of 
<!-- EPO <DP n="12"/>-->
 binder. Some salts (e.g., of Component A) have binding properties, which can reduce or eliminate any need for a binder. When used, the binder is typically used in an amount less than or about 15 parts by weight, more preferably less than or about 10 parts by weight, more preferably less than or about 6 parts by weight, more preferably 3 parts by weight, more preferably less than about 2 parts by weight, relative to 100 parts by weight of components A, B, and (if present) C. Some preferred embodiments have about 10, 6, 3, or 1 part by weight binder, or no binder. Some preferred binders include polyvinyl alcohol (PVA), povidone (PVP), carboxymethyl cellulose (CMC), paraffin wax, and combinations thereof. </p><p id="p0077" num="0077">[00066] A dispersant may optionally be used, e.g., in order to improve and/or facilitate preparation of the material. A dispersant is optional, such that there is no particular lower limit on the amount of dispersant. When used, dispersant is typically used in an amount less than about 2 parts by weight, more preferably less than about 1 parts by weight, relative to weight of components A, B, and (if present) C. Some preferred embodiments have about 0.5 part by weight dispersant. Any suitable dispersant can be used, and can be determined by one of ordinary skill in the art. Non-limiting preferred dispersants comprise an anionic polyelectrolyte, such as DISPEX® AA 4144 (manufactured by BASF), or NOPCOSPERSE® (available from San Nopco Limited, Japan). </p><p id="p0078" num="0078">[00067] In an embodiment an optional outermost layer (Figure 1) can be extended to one or more of a very large number of other suitable elements and/or compounds. This layer when reacting with the inner layers can produce other desired compositions. For example, if the outer layer has CoO and the micro-mixture 2 layer has for example, pure AI<sub>2</sub>O<sub>3</sub>, they can produce C0AI<sub>2</sub>O<sub>4</sub>. </p><p id="p0079" num="0079">[00068] This same idea is applied in Figure 1 (without the optional outer layer) which has only a core and a shell (core-coat) but each can have 3 possible components (A, B and C) where C can be extended to a very large number of other suitable elements and/or compounds. </p><p id="p0080" num="0080">[00069] The shapes of the core and the coated particle (e.g., as schematically shown in Figures 1 and 2), are not limited, and can be of any shape or configuration. Additionally, as shown for example in Figure 3, there can be multiple cores, and the core can be irregularly shaped. 
<!-- EPO <DP n="13"/>-->
 [00070] Any thickness of the core-coat (e.g., micro-mixture 2) can be used. In a preferred embodiment, the thickness of the core-coat 2 is generally at least 0.1 microns, more preferably at least 1 or 2 microns. In a preferred embodiment, the thickness of the core-coat is up to 15 microns, more preferably 12 or 8 microns. A preferred range is 0.1-15 microns. </p><p id="p0081" num="0081">[00071 ] The particles may be of any size. The particles (e.g., as shown in Figures 1-9) may be monolithic or agglomerated. The particles are preferably of a size to permit use in thermal spray equipment to apply a coating on a surface. Without limiting the invention, as a general matter, average particle size will be less than 100 microns, more preferably less than 50 microns, more preferably less than 20 microns. As a general matter, the average particle sizes will be at least 0.5 microns, more preferably at least 1 micron, more preferably at least 4 microns. </p><p id="p0082" num="0082">[00072] In a preferred embodiment, for the micro-mixture 2, the particulate coating comprises an oxide, and does not comprise a salt. </p><p id="p0083" num="0083">[00073] In another preferred embodiment, the core is, or comprises, a metal, and the particle comprises an electrically insulating material coating, e.g., core-coat and/or outer layer. </p><p id="p0084" num="0084">[00074] Another preferred embodiment is shown in Figure 9, wherein multiple cores having, for example, size less than 10 microns are clad with component A. A preferred Component A for this cladding is, or comprises, a salt. </p><p id="p0085" num="0085">[00075] It can be seen in Figures 3 and 4 that there can be multiple coated cores that are agglomerated. In Figure 3, component B ins completely encased in Component A. In Figure 4, Component B is partially encased in Component A, and to a small extent is not encased. The coating on the core can be as low as a hundred nanometers, and as high as about 10 microns. </p><p id="p0086" num="0086">[00076] It is possible to treat the cores in various manners prior to applying core-coating. As shown in Figures 6-9, the cores and/or particles can be regular or irregular in shape. For example, multiple cores may be fused and crushed and then agglomerated, to obtain various configurations. When cores are agglomerated, Component A can act as a coating or glue. 
<!-- EPO <DP n="14"/>-->
 Some STMs showing morphologies and cross sections of materials according to the present invention are shown in Figures 10-16. </p><p id="p0087" num="0087">[00077] Materials of the present invention can be applied in any manner, preferably by thermal spray coating. Thermal spraying (often also referred to as flame spraying) is a group of processes wherein a finely divided feedstock material is heated and propelled as individual particles or droplets onto a surface to be coated (substrate). The thermal spray torch (or gun) generates the necessary heat by using combustible gases or an electric arc. As the materials are heated, they are changed to a plastic or molten state and are confined and accelerated by a compressed gas stream toward the substrate. The particles strike the substrate, flatten, and form thin platelets (splats) that conform and adhere to the irregularities of the prepared substrate and to each other. As the sprayed particles impinge upon the surface, they cool and build up, splat by splat, into a laminar structure forming the thermal spray coating. </p><p id="p0088" num="0088">Examples </p><p id="p0089" num="0089">[00078] Example 1 </p><p id="p0090" num="0090">[00079] A powder is made according to the present invention, comprising 80 parts by weight MgO; 20 parts by weight AI2O<sub>3</sub>; 1 part by weight binder (PVA), and 0.5 parts by weight DISPEX® AA4144 dispersant. </p><p id="p0091" num="0091">[00080] All of the A1<sub>2</sub>0<sub>3</sub> and 10% of the total MgO are wet milled to &lt; 3 urn to create a fine sized intimate mixture. The remaining MgO (somewhat coarser in size) is added to DI water along with PVA, the dispersant and the mixture created above. The viscosity of the final slurry is maintained at 6.7 s (Zahn cup #4). The resulting slurry is then spray dried to achieve the desired particle size. The resulting powder has a core-shell structure, and a mean particle size of 16-17 um. An XRD of the material is shown in Figure 18. SEM images showing morphology and cross-section are shown in Figure 22. </p><p id="p0092" num="0092">[00081 ] Example 2 </p><p id="p0093" num="0093">[00082] A powder is made according to the present invention, comprising 80 parts by weight MgO; 20 parts by weight AI2O<sub>3</sub>; 1 part by weight binder (PVA), and 0.5 parts by weight dispersant DISPEX AA 4144®. 
<!-- EPO <DP n="15"/>-->
 [00083] All of the AI2O<sub>3</sub> and MgO is wet milled to &lt; 3 um to create a fine-sized intimate mixture. DI water along with PVA, and DISPEX AA 4144® is added to mixture to adjust its properties. The viscosity of the final slurry is maintained at 7.5 s (Zahn cup #4). The resulting slurry is then spray dried to achieve the desired particle size. The resulting powder has mean particle size of 16-17 um, and is an intimate mixture that is believed to have a structure similar to that of Figure 10. An XRD of the material is shown in Figure 20. SEM images showing morphology and cross-section are shown in Figure 23. </p><p id="p0094" num="0094">[00084] Example 3 - MgO-Spinel Coatings </p><p id="p0095" num="0095">[00085] Materials from Examples 1 and 2 are used to make coatings. For comparative purposes, a coating is also made from a spinel-containing comparative material comprising MgO as a major phase, and MgA^C as a minor phase, the comparative material made according to U.S. Patent 6,723,442. </p><p id="p0096" num="0096">[00086] The powders are thermally sprayed onto l"x3" aluminum substrates using a METCO® 9MB torch, G nozzle, and standard electrode and powder port clamps, using a single #2 or #6 powder port. Carrier gas flow is 3.7 or 2.7 nlpm, and the powder feed rate is 22.5 g/min. The surface speed is 150 ft/min, rotational speed is 48 rpm, the part diameter is 12 in., the step size is 0.19 in., and the traverse rate is 4 mm/s. The material is ejected onto an aluminum substrate with a 2.5 inch spray distance. Other parameters are as shown in Table 1. </p><p id="p0097" num="0097">Table 1 </p><p id="p0098" num="0098"><img id="imgf000015_0001" he="51" wi="157" file="imgf000015_0001.tif" img-format="tif" img-content="table" orientation="portrait" inline="no"/></p><p id="p0099" num="0099"> One preheat cycle at 4 mm/s; Multicoat/PT1220. </p><p id="p0100" num="0100"> One preheat cycle at 4 mm/s; 2 min DE (3 cycles); Multicoat/PT1220. 
<!-- EPO <DP n="16"/>-->
 [00087] The thermally sprayed layers of LI, L2, L3, and the comparative example are then analyzed by x-ray diffraction. The results are shown in Table 2. The XRDs of LI and L2 are shown in Figures 19 and 21, respectively. </p><p id="p0101" num="0101">Table 2 </p><p id="p0102" num="0102"><img id="imgf000016_0001" he="40" wi="97" file="imgf000016_0001.tif" img-format="tif" img-content="table" orientation="portrait" inline="no"/></p><p id="p0103" num="0103"> [00088] Even though the powders of Examples 1 and 2 comprise no spinel, the coatings prepared therefrom surprisingly comprise effective amounts of spinel. Moreover, even though the powders of Examples 1 and 2 comprise significant amounts of Α1<sub>2</sub>θ<sub>3</sub>, Al<sub>2</sub>0<sub>3</sub> is surprisingly not detected in the coatings. </p><p id="p0104" num="0104">[00089] Example 4 </p><p id="p0105" num="0105">[00090] A salt-based powder is made by agglomeration using a conventional spray drying system. The slurry contains MgO powder with a mean diameter of 2 to 5 μιη and a water soluble alumina nitrite salt (A1(N0<sub>3</sub>)<sub>3</sub>-9H<sub>2</sub>0). The weight ratio is 80% MgO and 20% salt. Water is used as a carrier during the agglomerating process. It is believed that the salt functions as a binder which glues the agglomerates during the spray drying process. It is believed that the microstructure of an individual agglomerate is similar to Figure 8 or 9. </p><p id="p0106" num="0106">[00091 ] The powder is thermally sprayed using a conventional HVOF torch </p><p id="p0107" num="0107">(DIAMONDJET® 2600) with hydrogen as combustion gas. Plain steel substrate is used. The trajectory of the torch is a meander pattern. </p><p id="p0108" num="0108">[00092] Figure 17 shows an XRD diagram of MgO and aluminum nitride powder (lower line), and the coating made therefrom by thermal spraying (upper line). As can be seen, the XRD of the powder shows it comprises MgO. It is believed that the aluminum salt cannot be detected because the spray-dry manufacturing process renders the aluminum salt amorphous. The coating, however, shows reflections of pure MgO and Al<sub>2</sub>0<sub>3</sub> (corundum). The major peaks are iron as the substrate is only covered with a thin (5 to 10 μιη) coating. This 
<!-- EPO <DP n="17"/>-->
 demonstrates that it is possible to deposit MgO glued by a second phase (corundum or spinel) by thermal spraying. </p><p id="p0109" num="0109">[00093] The particulars shown herein are by way of example and for purposes of illustrative discussion of the embodiments of the present invention only and are presented in the cause of providing what is believed to be the most useful and readily understood description of the principles and conceptual aspects of the present invention. In this regard, no attempt is made to show structural details of the present invention in more detail than is necessary for the fundamental understanding of the present invention, the description taken with the drawings making apparent to those skilled in the art how the several forms of the present invention may be embodied in practice. </p><p id="p0110" num="0110">[00094] It is noted that the foregoing examples have been provided merely for the purpose of explanation and are in no way to be construed as limiting of the present invention. While the present invention has been described with reference to exemplary embodiments, it is understood that the words which have been used herein are words of description and illustration, rather than words of limitation. Changes may be made, within the purview of the appended claims, as presently stated and as amended, without departing from the scope and spirit of the present invention in its aspects. Although the present invention has been described herein with reference to particular means, materials and embodiments, the present invention is not intended to be limited to the particulars disclosed herein; rather, the present invention extends to all functionally equivalent structures, methods and uses, such as are within the scope of the appended claims, as presently stated and as amended. 
</p></description><claims mxw-id="PCLM70076985" ref-ucid="WO-2014130202-A1" lang="EN" load-source="patent-office"><claim-statement><!-- EPO <DP n="18"/>-->CLAIMS WHAT IS CLAIMED: </claim-statement><claim id="clm-0001" num="1"><claim-text>1. A material comprising a core portion comprising a first mixture, and an encasing portion comprising a second mixture, the first mixture being rich in a high-CTE material (component Bl) and poor in a non- sublimating electrical insulator (component Al); the second mixture being rich in a non-sublimating electrical insulator (component A2) and poor in a high-CTE material (component B2); and wherein at least one of component Al and component Bl has average particle size up to about 100 microns; and at least one of component A2 and component B2 has average particle size up to about 20 microns; wherein the encasing portion at least partially encases the core portion. </claim-text></claim><claim id="clm-0002" num="2"><claim-text>2. The material of claim 1, wherein component Al and component A2 are independently chosen from one or both of a) one or more oxide of trivalent or tetravalent metals, or b) one or more salt with binding properties. </claim-text></claim><claim id="clm-0003" num="3"><claim-text>3. The material of claim 1 or 2, wherein component Al and component A2 are independently chosen from one or more of oxide of Al, In, Ga, Y, Sc, Mg, Si, Ti, Ge, Zr, Hf, Sn, Nb, Mn, or a rare earth metal. </claim-text></claim><claim id="clm-0004" num="4"><claim-text>4. The material of any of claims 1 to 3, wherein component Al and component A2 comprise AI2O<sub>3</sub>. </claim-text></claim><claim id="clm-0005" num="5"><claim-text>5. The material of any of claims 1 to 4, wherein one or both of component Bl and component B2 have a coefficient of thermal expansion at least about 10 μιη/m/K . </claim-text></claim><claim id="clm-0006" num="6"><claim-text>6. The material of any of claims 1 to 4, wherein component Bl and component B2 are independently chosen from one or more of a simple oxide, a double oxide, a triple oxide, an alkali metal halide, an alkaline metal halide, or a metal. 
<!-- EPO <DP n="19"/>-->
</claim-text></claim><claim id="clm-0007" num="7"><claim-text>7. The material of any of claims 1 to 6, wherein component Bl and component B2 comprise MgO. </claim-text></claim><claim id="clm-0008" num="8"><claim-text>8. The material of any of claims 1 to 7, comprising a plurality of cores. </claim-text></claim><claim id="clm-0009" num="9"><claim-text>9. The material of claim 8, wherein the cores comprise particles that are at least one of monolithic or an agglomerate of smaller particles. </claim-text></claim><claim id="clm-0010" num="10"><claim-text>10. The material of any of claims 1 to 9, comprising a plurality of agglomerated encased cores. </claim-text></claim><claim id="clm-0011" num="11"><claim-text>11. The material of any of claims 1 to 10, wherein the core or plurality of cores further comprises an outer layer that is non-electrically conducting and non-sublimating. </claim-text></claim><claim id="clm-0012" num="12"><claim-text>12. The material of claim 11 , wherein the outer layer comprises one or both of a) one or more oxides of trivalent or tetravalent metals, or b) one or more salt with binding properties. </claim-text></claim><claim id="clm-0013" num="13"><claim-text>13. The material of any of claims 1 to 12, wherein the material comprises essentially no spinel. </claim-text></claim><claim id="clm-0014" num="14"><claim-text>14. The material of any of claims 1 to 13, further comprising a binder. </claim-text></claim><claim id="clm-0015" num="15"><claim-text>15. The material of any of claims 1 to 14, further comprising a dispersant. </claim-text></claim><claim id="clm-0016" num="16"><claim-text>16. A thermal spray coating prepared by thermally spraying the material of any of claims 1 to 15 onto a substrate. </claim-text></claim><claim id="clm-0017" num="17"><claim-text>17. The thermal spray coating of claim 16, the thermal spray coating comprising one or more spinel. </claim-text></claim><claim id="clm-0018" num="18"><claim-text>18. The thermal spray coating of claims 16 or 17, wherein the substrate comprises at least one of iron, steel, aluminum, copper, Fe-Cr alloy, Cr-rich steel, cobalt, Co-alloy, nickel, Ni-alloy, bronze, or titanium. 
<!-- EPO <DP n="20"/>-->
</claim-text></claim><claim id="clm-0019" num="19"><claim-text>19. A method of manufacturing a thermal spray coating comprising: obtaining a material according to one or more of claims 1 to 15; obtaining a substrate; and forming a coating on the substrate by applying the material to the substrate by a thermal spray process. </claim-text></claim><claim id="clm-0020" num="20"><claim-text>20. The method of claim 19, wherein the material does not comprise spinel, and the thermal spray coating comprises a spinel. </claim-text></claim><claim id="clm-0021" num="21"><claim-text>21. The method of claim 19 or 20, wherein the material comprises AI2O<sub>3</sub>, and the thermal spray coating does not comprise AI2O<sub>3</sub>. </claim-text></claim><claim id="clm-0022" num="22"><claim-text>22. The method of any of claims 19 to 21, wherein the substrate comprises at least one of iron, steel, aluminum, copper, Fe-Cr alloy, Cr-rich steel, cobalt, Co-alloy, nickel, Ni-alloy, bronze, or titanium. 
</claim-text></claim></claims><copyright>User acknowledges that Fairview Research LLC and its third party providers retain all right, title and interest in and to this xml under applicable copyright laws.  User acquires no ownership rights to this xml including but not limited to its format.  User hereby accepts the terms and conditions of the Licence Agreement</copyright></patent-document>
