<?xml version="1.0" encoding="UTF-8"?>
<patent-document ucid="EP-2680998-A1" country="EP" doc-number="2680998" kind="A1" date="20140108" family-id="44280783" file-reference-id="318301" date-produced="20180823" status="corrected" lang="EN"><bibliographic-data><publication-reference fvid="146586770" ucid="EP-2680998-A1"><document-id><country>EP</country><doc-number>2680998</doc-number><kind>A1</kind><date>20140108</date><lang>EN</lang></document-id></publication-reference><application-reference ucid="EP-12708801-A" is-representative="NO"><document-id mxw-id="PAPP154848962" load-source="docdb" format="epo"><country>EP</country><doc-number>12708801</doc-number><kind>A</kind><date>20120302</date><lang>EN</lang></document-id><document-id mxw-id="PAPP183608546" load-source="docdb" format="original"><country>EP</country><doc-number>12708801.1</doc-number><date>20120302</date><lang>EN</lang></document-id></application-reference><priority-claims><priority-claim mxw-id="PPC140551063" ucid="EP-11156982-A" load-source="docdb"><document-id format="epo"><country>EP</country><doc-number>11156982</doc-number><kind>A</kind><date>20110304</date></document-id></priority-claim><priority-claim mxw-id="PPC140554504" ucid="EP-12708801-A" load-source="docdb"><document-id format="epo"><country>EP</country><doc-number>12708801</doc-number><kind>A</kind><date>20120302</date></document-id></priority-claim><priority-claim mxw-id="PPC140547659" ucid="EP-2012053643-W" linkage-type="W" load-source="docdb"><document-id format="epo"><country>EP</country><doc-number>2012053643</doc-number><kind>W</kind><date>20120302</date></document-id></priority-claim></priority-claims><technical-data><classifications-ipcr><classification-ipcr mxw-id="PCL-1924004605" load-source="docdb">B28D   1/08        20060101ALI20160627BHEP        </classification-ipcr><classification-ipcr mxw-id="PCL-1924004929" load-source="docdb">B28D   1/12        20060101AFI20160627BHEP        </classification-ipcr><classification-ipcr mxw-id="PCL-1924009284" load-source="docdb">B23D  65/00        20060101ALI20160627BHEP        </classification-ipcr><classification-ipcr mxw-id="PCL-1924012427" load-source="docdb">B23D  61/18        20060101ALI20160627BHEP        </classification-ipcr></classifications-ipcr><classifications-cpc><classification-cpc mxw-id="PCL-2020463662" load-source="docdb" scheme="CPC">B28D   1/124       20130101 LI20150921BHEP        </classification-cpc><classification-cpc mxw-id="PCL-2020469402" load-source="docdb" scheme="CPC">B23D  61/185       20130101 LI20150921BHEP        </classification-cpc><classification-cpc mxw-id="PCL1989631108" load-source="docdb" scheme="CPC">B28D   1/08        20130101 LI20131212BHEP        </classification-cpc><classification-cpc mxw-id="PCL1989635301" load-source="docdb" scheme="CPC">B23D  61/18        20130101 FI20131212BHEP        </classification-cpc><classification-cpc mxw-id="PCL1989639410" load-source="docdb" scheme="CPC">B23D  65/00        20130101 LI20131220BHEP        </classification-cpc></classifications-cpc><invention-title mxw-id="PT132364943" lang="DE" load-source="patent-office">VERFAHREN ZUR HERSTELLUNG EINER SÄGELEISTE</invention-title><invention-title mxw-id="PT132364944" lang="EN" load-source="patent-office">METHOD TO PRODUCE A SAWING BEAD</invention-title><invention-title mxw-id="PT132364945" lang="FR" load-source="patent-office">PROCÉDÉ DE PRODUCTION D'UNE BILLE DE SCIAGE</invention-title></technical-data><parties><applicants><applicant mxw-id="PPAR919522083" load-source="docdb" sequence="1" format="epo"><addressbook><last-name>BEKAERT SA NV</last-name><address><country>BE</country></address></addressbook></applicant><applicant mxw-id="PPAR919526191" load-source="docdb" sequence="1" format="intermediate"><addressbook><last-name>NV BEKAERT SA</last-name></addressbook></applicant><applicant mxw-id="PPAR919010445" load-source="patent-office" sequence="1" format="original"><addressbook><last-name>NV Bekaert SA</last-name><iid>100729873</iid><address><street>Bekaertstraat 2</street><city>8550 Zwevegem</city><country>BE</country></address></addressbook></applicant></applicants><inventors><inventor mxw-id="PPAR919542938" load-source="docdb" sequence="1" format="epo"><addressbook><last-name>VANEECKE JAN</last-name><address><country>BE</country></address></addressbook></inventor><inventor mxw-id="PPAR919540624" load-source="docdb" sequence="1" format="intermediate"><addressbook><last-name>VANEECKE, JAN</last-name></addressbook></inventor><inventor mxw-id="PPAR919008873" load-source="patent-office" sequence="1" format="original"><addressbook><last-name>VANEECKE, JAN</last-name><address><street>Beukenstraat 10</street><city>B-8830 Gits</city><country>BE</country></address></addressbook></inventor><inventor mxw-id="PPAR919509232" load-source="docdb" sequence="2" format="epo"><addressbook><last-name>GROENEN ROLAND</last-name><address><country>BE</country></address></addressbook></inventor><inventor mxw-id="PPAR919533570" load-source="docdb" sequence="2" format="intermediate"><addressbook><last-name>GROENEN, ROLAND</last-name></addressbook></inventor><inventor mxw-id="PPAR919018119" load-source="patent-office" sequence="2" format="original"><addressbook><last-name>GROENEN, ROLAND</last-name><address><street>Smarre 12</street><city>B-9667 Horebeke</city><country>BE</country></address></addressbook></inventor><inventor mxw-id="PPAR919544600" load-source="docdb" sequence="3" format="epo"><addressbook><last-name>BAEKELANDT TOM</last-name><address><country>BE</country></address></addressbook></inventor><inventor mxw-id="PPAR919530485" load-source="docdb" sequence="3" format="intermediate"><addressbook><last-name>BAEKELANDT, TOM</last-name></addressbook></inventor><inventor mxw-id="PPAR919008850" load-source="patent-office" sequence="3" format="original"><addressbook><last-name>BAEKELANDT, TOM</last-name><address><street>Mgr. Cardijnlaan 19</street><city>B-8890 Dadizele</city><country>BE</country></address></addressbook></inventor></inventors><agents><agent mxw-id="PPAR919007864" load-source="patent-office" sequence="1" format="original"><addressbook><last-name>Seynhaeve, Geert Filiep</last-name><iid>101171439</iid><address><street>NV Bekaert SA D.I.E. Bekaertstraat 2</street><city>8550 Zwevegem</city><country>BE</country></address></addressbook></agent></agents></parties><international-convention-data><pct-or-regional-filing-data ucid="EP-2012053643-W"><document-id><country>EP</country><doc-number>2012053643</doc-number><kind>W</kind><date>20120302</date><lang>EN</lang></document-id></pct-or-regional-filing-data><pct-or-regional-publishing-data ucid="WO-2012119947-A1"><document-id><country>WO</country><doc-number>2012119947</doc-number><kind>A1</kind><date>20120913</date><lang>EN</lang></document-id></pct-or-regional-publishing-data><designated-states><ep-contracting-states><country mxw-id="DS549764940" load-source="docdb">AL</country><country mxw-id="DS549916459" load-source="docdb">AT</country><country mxw-id="DS549764945" load-source="docdb">BE</country><country mxw-id="DS549844036" load-source="docdb">BG</country><country mxw-id="DS549845266" load-source="docdb">CH</country><country mxw-id="DS549764946" load-source="docdb">CY</country><country mxw-id="DS549775971" load-source="docdb">CZ</country><country mxw-id="DS549764540" load-source="docdb">DE</country><country mxw-id="DS549764947" load-source="docdb">DK</country><country mxw-id="DS549764948" load-source="docdb">EE</country><country mxw-id="DS549859071" load-source="docdb">ES</country><country mxw-id="DS549844037" load-source="docdb">FI</country><country mxw-id="DS549844042" load-source="docdb">FR</country><country mxw-id="DS549764545" load-source="docdb">GB</country><country mxw-id="DS549764953" load-source="docdb">GR</country><country mxw-id="DS549764546" load-source="docdb">HR</country><country mxw-id="DS549775972" load-source="docdb">HU</country><country mxw-id="DS549845267" load-source="docdb">IE</country><country mxw-id="DS549764954" load-source="docdb">IS</country><country mxw-id="DS549844043" load-source="docdb">IT</country><country mxw-id="DS549764955" load-source="docdb">LI</country><country mxw-id="DS549764547" load-source="docdb">LT</country><country mxw-id="DS549916460" load-source="docdb">LU</country><country mxw-id="DS549844044" load-source="docdb">LV</country><country mxw-id="DS549764548" load-source="docdb">MC</country><country mxw-id="DS549916461" load-source="docdb">MK</country><country mxw-id="DS549916462" load-source="docdb">MT</country><country mxw-id="DS549916463" load-source="docdb">NL</country><country mxw-id="DS549775977" load-source="docdb">NO</country><country mxw-id="DS549916464" load-source="docdb">PL</country><country mxw-id="DS549764956" load-source="docdb">PT</country><country mxw-id="DS549846247" load-source="docdb">RO</country><country mxw-id="DS549764961" load-source="docdb">RS</country><country mxw-id="DS549916465" load-source="docdb">SE</country><country mxw-id="DS549764561" load-source="docdb">SI</country><country mxw-id="DS549775978" load-source="docdb">SK</country><country mxw-id="DS549775979" load-source="docdb">SM</country><country mxw-id="DS549859072" load-source="docdb">TR</country></ep-contracting-states></designated-states></international-convention-data><office-specific-data><eptags><ep-no-a-document-published>*</ep-no-a-document-published></eptags></office-specific-data></bibliographic-data><abstract mxw-id="PA100072974" ref-ucid="WO-2012119947-A1" lang="EN" load-source="patent-office"><p num="0000">A method is described for producing a sawing bead for use in a sawing cord. Sawing cords are used for cutting hard and brittle materials. In the method, laser cladding is used to form an abrasive layer on a small metallic tube (204) or sleeve. The abrasive layer (220) comprises a metal matrix material in which abrasive particles such as diamond, cubic boron nitride or other hard cutting materials are embedded. The metal matrix material preferably comprises an active metal that improves wetting and adhesion of the abrasive particles. Although the abrasive particles are relative large -with a particle size in excess of 100 μm -they are evenly distributed throughout the abrasive layer. This is achieved by letting the tube (204) rotate relative to the laser cladding system possibly in combination with a relative axial movement so that the cladding track loops on itself thereby forming an abrasive layer (220). Additionally the method allows to shape the sawing bead for improved geometrical tolerances and centricity. Production times are less than ten seconds per bead and the method is easily automated.</p></abstract><abstract mxw-id="PA100341014" ref-ucid="WO-2012119947-A1" lang="EN" source="national office" load-source="docdb"><p>A method is described for producing a sawing bead for use in a sawing cord. Sawing cords are used for cutting hard and brittle materials. In the method, laser cladding is used to form an abrasive layer on a small metallic tube (204) or sleeve. The abrasive layer (220) comprises a metal matrix material in which abrasive particles such as diamond, cubic boron nitride or other hard cutting materials are embedded. The metal matrix material preferably comprises an active metal that improves wetting and adhesion of the abrasive particles. Although the abrasive particles are relative large -with a particle size in excess of 100 µm -they are evenly distributed throughout the abrasive layer. This is achieved by letting the tube (204) rotate relative to the laser cladding system possibly in combination with a relative axial movement so that the cladding track loops on itself thereby forming an abrasive layer (220). Additionally the method allows to shape the sawing bead for improved geometrical tolerances and centricity. Production times are less than ten seconds per bead and the method is easily automated.</p></abstract><abstract mxw-id="PA100072975" ref-ucid="WO-2012119947-A1" lang="FR" load-source="patent-office"><p num="0000">L'invention concerne un procédé de production d'une bille de sciage destinée à être utilisée dans un fil de sciage. Les fils de sciage sont utilisés pour découper des matières dures et friables. Dans le procédé de l'invention, le placage au laser est utilisé pour former une couche abrasive sur un petit tube (204) ou une gaine métallique. La couche abrasive (220) comprend un matériau matriciel métallique dans lequel des particules abrasives telles que le diamant, le nitrure de bore cubique ou d'autres matériaux de découpe durs sont inclus. Le matériau matriciel comprend de préférence un métal actif qui améliore le mouillage et l'adhérence des particules abrasives. Bien que les particules soient relativement grandes, avec une taille de particule dépassant 100 μm, elles sont réparties régulièrement au travers de la couche abrasive. On obtient ce résultat en laissant tourner le tube (204) par rapport au système de placage au laser éventuellement conjointement avec un mouvement axial relatif de sorte que l'axe de placage tourne sur lui-même et forme ainsi une couche abrasive (220). De plus, le procédé de l'invention permet de former la bille de sciage en vue de l'obtention de tolérances géométriques et d'une centricité améliorées.</p></abstract><abstract mxw-id="PA100341015" ref-ucid="WO-2012119947-A1" lang="FR" source="national office" load-source="docdb"><p>L'invention concerne un procédé de production d'une bille de sciage destinée à être utilisée dans un fil de sciage. Les fils de sciage sont utilisés pour découper des matières dures et friables. Dans le procédé de l'invention, le placage au laser est utilisé pour former une couche abrasive sur un petit tube (204) ou une gaine métallique. La couche abrasive (220) comprend un matériau matriciel métallique dans lequel des particules abrasives telles que le diamant, le nitrure de bore cubique ou d'autres matériaux de découpe durs sont inclus. Le matériau matriciel comprend de préférence un métal actif qui améliore le mouillage et l'adhérence des particules abrasives. Bien que les particules soient relativement grandes, avec une taille de particule dépassant 100 µm, elles sont réparties régulièrement au travers de la couche abrasive. On obtient ce résultat en laissant tourner le tube (204) par rapport au système de placage au laser éventuellement conjointement avec un mouvement axial relatif de sorte que l'axe de placage tourne sur lui-même et forme ainsi une couche abrasive (220). De plus, le procédé de l'invention permet de former la bille de sciage en vue de l'obtention de tolérances géométriques et d'une centricité améliorées.</p></abstract><description mxw-id="PDES51374048" ref-ucid="WO-2012119947-A1" lang="EN" load-source="patent-office"><!-- EPO <DP n="2"/>--><p id="p0001" num="0001"> Method to produce a sawing Bead </p><p id="p0002" num="0002"> Description </p><p id="p0003" num="0003">Technical Field </p><p id="p0004" num="0004"> [1] The invention relates to a bead for use on a sawing cord. Such sawing cords are used to cut hard and brittle materials like natural stone (marble, granite, rock,...), artificial stone (concrete, brickwork,...), composite materials or crystalline materials (mono- or polycrystalline silicon). </p><p id="p0005" num="0005"> Background Art </p><p id="p0006" num="0006"> [2] Beads having an outer abrasive layer of a metal matrix in which </p><p id="p0007" num="0007"> diamond grit is embedded appear to be first described in the beginning of the fifties of the previous century (see e.g. US 2,679,839, filed 1952). Such beads are strung onto a steel cord and are separated by means of springs (see US 2,679,839) or by means of a plastic material (see e.g. FR </p><p id="p0008" num="0008"> 1.203.000, filed 1958). The plastic material could also be injected between the beads by the aid of a mould (FR 1.203.000, first addition, filed 1959). The ideas of fixing the wire directly to the steel cord e.g. by means of a pin (GB 759,505, filed 1953), by means of soldering (FR 1 ,265,542, first filed 1960) or by means of swaging (US 3,598,101 , first filed 1968) were also explored. </p><p id="p0009" num="0009"> [3] Initially, these sawing cords where used on stationary saws, where they competed with gang saws (reciprocally driven frames with parallel mounted steel lamella on which diamond containing bits are mounted) and circular disc saws. The sawing cord was made in a closed loop by splicing the steel cord as e.g. described in US 2,773,495, filed 1953). After tensioning the loop over two large wheels driven by a motor, the cord could be used as a saw. Current state of the art machines are available wherein up to 80 loops are driven parallel to one another to separate a block of stone into a series of slabs. In an alternative use, such diamond bead sawing cords started to appear in quarries at the beginning of the seventies of the previous century where they were used for block extraction. 
<!-- EPO <DP n="3"/>-->
 A number of methods have been explored by which the abrasive material - mostly diamond - can be fixed onto the beads. There is the method of affixing the diamonds to a metallic tube by means of electrolytic or electroless deposition of nickel (WO 2002/40207). There is also the method of embedding the abrasive particles into a braze that is directly applied on the metal sleeve as described in US 7,089,925. </p><p id="p0010" num="0010"> The method that has become the most successful is via the route of powder metallurgy (described already in US 2,679,839). To this end an annular abrasive element is made from diamond grit that is thoroughly mixed with metal powder and an optional organic wax for forming a paste. The mixture of metal powder normally contains high melting temperature components such as cobalt, tungsten, iron, nickel sometimes in </p><p id="p0011" num="0011">combination with low melting temperature components such as copper, tin, silver to improve consolidation. Possibly compounds such as tungsten carbide can be added to influence hardness and wear of the bead. The mixture is brought in a mould. This preform is sintered into a high density bead by application of pressure (by ram pressing in the mould or by applying isostatic pressure through immersion in a high pressurised fluid) and temperature. Suitable gasses are applied in order to prevent the powder from oxidising during sintering. </p><p id="p0012" num="0012"> In the sintering process the annular abrasive element is heated to a high temperature followed by a slow cooling i.e. in a quasi thermal equilibrium. Even if not all components of the alloy get the chance to melt, the addition of melting point lowering components will lead to intermetallic phases between the different components through diffusion. The metallographic cross section of such annular abrasive element shows therefore a globular and/or granular structure. In the classical bead sintering process it is generally preferred that grain sizes should be small in order to obtain sufficient matrix material hardness. This grain size can be affected by varying the properties of the starting powders and the conditions for their consolidation. In any case grains remain visible in a properly etched metallographic cross section and no directional growth effects are visible. See e.g. "Powder Metallurgy Diamond Tools" by Janusz 
<!-- EPO <DP n="4"/>-->
 Konstanty, Chapter 5, 2005, Elsevier Science Title, ISBN 978-1-85617- 440-4. </p><p id="p0013" num="0013"> The selection of metals, amount and type of diamonds, and pressure- temperature trajectory is internal know-how of the producers that greatly influence the quality of the final product. </p><p id="p0014" num="0014"> After sintering the annular abrasive element is fixed to a metallic sleeve slightly longer than the abrasive element by means of a braze. The combination of the metallic sleeve with the abrasive element is called a bead. The need for a metallic tube to fix the abrasive element on can be eliminated by forming the abrasive element sufficiently precise as described in US 2007/0194492 A1. </p><p id="p0015" num="0015"> Sintered beads have become the technological leader because: </p><p id="p0016" num="0016"><sup>■</sup> they have a sufficiently thick abrasive layer </p><p id="p0017" num="0017"><sup>■</sup> wherein the diamonds are randomly embedded throughout the </p><p id="p0018" num="0018"> layer, </p><p id="p0019" num="0019"><sup>■</sup> the matrix material wears at the same pace as the diamonds are used up </p><p id="p0020" num="0020"><sup>■</sup> while the matrix material retains the diamonds well and </p><p id="p0021" num="0021"><sup>■</sup> because the beads can be reproducibly made with narrow </p><p id="p0022" num="0022"> geometrical tolerances. </p><p id="p0023" num="0023"> Thereafter the beads are threaded onto a steel filament carrier cord ('steel cord') and subsequently fixed by springs or a plastic. This 'threading step' is tedious and time consuming. As the surface of the beads is smooth due to the pressing in a mould, the beads must be 'dressed' before being used. This is usually done by using the sawing cord initially at low cutting speed till the abrasive particles are freed from the surface and cut better. Such 'dressing step' is time consuming. </p><p id="p0024" num="0024"> Another method for producing abrasive layers is currently making its inroads into the world of saw blades for cutting stone namely laser cladding. In laser cladding a stream of powder is fed into a high-intensity beam of a laser that is focussed on the surface of the substrate by means of a carrier gas stream. The powder is a mixture of metal powder and 
<!-- EPO <DP n="5"/>-->
 abrasive particles (usually diamond). The powder melts and forms a pool of molten metal that solidifies and fixes the abrasive particles. </p><p id="p0025" num="0025"> DE 195 20 149 A1 discloses a process for laser-cladding a substrate whereby by means of a cooled (or heated) mould a near final finish of an abrasive or wear resistant surface can be formed. The cladding is applied onto the mould after which the mould is removed. The application only discusses the deposition on relatively bulky substrates such as a saw blade. The cladding is performed in one single layer. </p><p id="p0026" num="0026"> WO 1999/18260 (EP 1027476) describes a cutting tool built on a steel substrate with an abrasive coating comprising abrasive material embedded in a wetting agent containing metal or metal alloy matrix where between the abrasive coating and the steel substrate a non-ferrous layer is present that is substantially free of wetting agent. Although the abstract mentions a saw cable as an example of a cutting tool, this is not further exemplified in the description. </p><p id="p0027" num="0027"> In laser cladding, the low density of diamond relative to that of a molten metal makes the diamonds float upward in the metal pool which leads to a non-homogenous distribution of the diamonds (see figure 16 of </p><p id="p0028" num="0028">"Herstellung diamanthaltiger, endkonturnaher, Metallmatrix- Verbundwerkstoffe durch Laserstrahlbeschichten" by A. Lang and H.W. Bergmann in "Material-Wissenschaften und Werkstofftechnologie", Vol. 27 pp. 215-226, 1996). One solution is to use finer abrasive particles where the up-floating is slowed by the viscosity of the metal pool. But for many technological applications - notably stone cutting - fine diamond particles are not an option. </p><p id="p0029" num="0029"> Another solution is described in WO 1998/15672 where a particular arrangement of vertical substrate surface movement with a laser cladding tool in horizontal direction leads to an upwards rising of the diamond particles in the direction of the deposited layer. Again the deposition is in one layer. </p><p id="p0030" num="0030"> WO 02/06553 discloses a method for making sawing beads according the laser cladding method. No details are given on the metallographic structure resulting from the method, nor of the materials used. 
<!-- EPO <DP n="6"/>-->
 Considerable pre- and post-processing of the resulting carrying tube is necessary in order to obtain the sawing bead. </p><p id="p0031" num="0031">[17] Although the described methods for making a cutting tool by means of laser cladding sometimes suggest it to be suitable for making beads for sawing cords, this turned out not to be straightforward at all as the inventors experienced. All patents describe the deposition of a laser clad abrasive layer on a massive low carbon steel substrate (such as a sawing disc or tube). In those cases a large heat sink is available to drain off the excess heat. </p><p id="p0032" num="0032">[18] The inventors faced and solved four major problems </p><p id="p0033" num="0033"> - One problem is to drain the heat sufficiently fast from the tiny </p><p id="p0034" num="0034"> metal sleeve of less than one gram (!), such that it does not deform or, total disaster, completely melts. On the other hand sufficient heat must be supplied in order to be able to obtain a strong bond to the sleeve and to form a dense abrasive layer. This is called the 'heating problem'; </p><p id="p0035" num="0035"> - The 'geometry problem' whereby it turned out to be difficult to produce the beads consistently within geometrical tolerances and with sufficient roundness and centricity. This problem is </p><p id="p0036" num="0036"> particularly important as during use the sawing cord must rotate in order to ensure a uniform wear of the abrasive layer.</p><p id="p0037" num="0037">- The 'particle distribution problem' whereby it turned out to be </p><p id="p0038" num="0038"> difficult to have a uniform distribution of abrasive particles in the abrasive coating. This is important as during use the matrix material gradually abrades away unveiling radial lower laying diamonds in the layer. If all diamonds are e.g. on the surface, they will wear first and no lower laying diamonds are available. </p><p id="p0039" num="0039"> - The dressing problem, which is the problem that abrasive particles are buried under a layer of matrix material and are not active from first use onward. 
<!-- EPO <DP n="7"/>-->
 Disclosure of Invention </p><p id="p0040" num="0040"> [19] The object of the invention is therefore to overcome the problems faced when applying the 'laser cladding technique' for making sawing beads for a sawing cord. More specifically the objects of the invention are to provide a solution to the 'heating problem', the 'geometry problem', the 'particle distribution problem' and the 'dressing problem' either separately or in combination. Another object of the invention was to keep the number of processing steps as low as possible in order to reduce the overall cost of the process of making beads. A further object of the invention was to eliminate the need for a 'bead threading step' in the production of a sawing cord i.e. to be able to make a bead 'in situ' on the steel cord. </p><p id="p0041" num="0041">Production method and hardware selection section. </p><p id="p0042" num="0042"> [20] The method will be clarified with references to Figures 1 to 3 and 10. </p><p id="p0043" num="0043"> The hundred digit refers to the number of the figure where a feature is first introduced. </p><p id="p0044" num="0044"> [21] According a first aspect of the invention a production method for a bead is described. The method starts from a metallic tube 204 having an outer diameter OD. In its most extreme case, the tube can be a rod but this is less preferred as this brings an additional step of having to drill out a centre hole after the bead has been produced. Therefore the metallic tube preferably has an inner diameter ID, slightly larger than the diameter of the steel cord. In what follows 'a sleeve' is a tube that is shorter than say ten times the outer diameter of the tube. Hence 'a sleeve' is a particular kind of 'tube'. The size of current sawing cords is standardised. At present the following types for the carrying sleeve of the bead are most preferred: </p><p id="p0045" num="0045"> - Inner diameter 5 mm, outer diameter 7 mm (i.e. the wall thickness is 1 mm), length 1 1 mm with a total mass of 1.6 grams. Inclusive the abrasive layer the bead has an overall diameter of about 9 to</p><p id="p0046" num="0046">1 1 mm. This is for use with a steel cord of diameter 4.95 mm. This size is particularly preferred for block extraction in quarries. </p><p id="p0047" num="0047"> - Inner diameter 3.7 mm, outer diameter of 5.0 mm (i.e. wall </p><p id="p0048" num="0048"> thickness 0.65 mm), length of 1 1 mm with a total mass of 0.77 
<!-- EPO <DP n="8"/>-->
 grams. This size is particularly preferred for slabbing machines. The total outer diameter of the bead is about 7.2 mm (5.7 mm at end-of-use). The steel cord used has a diameter of 3.5 to 3.6 mm. For the future, sleeves with even smaller diameter such as for example an inner diameter of about 3.0, or even lower than 2.5 mm, an outer diameter of at the most 4.0 mm with wall thicknesses of less than 0.5 mm, a length of about 1 1 mm or lower, with a weight of less than 0.5 gram and an overall diameter of less than 7.0 mm are considered. The steel cord will have a diameter of less than 2.9. </p><p id="p0049" num="0049"> In each case about 1 to 3 grams, sometimes 1 to 2 grams of abrasive layer needs to be present on the sleeve. Of course, the more stock of abrasive layer is present, the longer the useful life of the bead. The above mentioned sizes and masses are indicative. The trend towards finer overall diameters is there. This brings with it that sleeves will become more minute and hence the starting tube will have a smaller OD and wall thickness. </p><p id="p0050" num="0050"> The mass of the abrasive material on the tube is, after application of the method, higher than the mass of the tube or rod covered by the abrasive layer. Or even more severe: the tube wall thickness is smaller than the thickness of the abrasive layer. It is the merit of the inventors to have found how such thick coating can be deposited on such minute substrate.</p><p id="p0051" num="0051">The tube is held at one or both ends by means of a lathe claw or drill chuck or similar clamp 202. The tube is by preference rotatably mounted and optionally the tube can be shifted axially over at least the length of the abrasive layer (5 to 15 mm). </p><p id="p0052" num="0052"> In the method use is made of a laser cladding system 100 equipped with: </p><p id="p0053" num="0053"> - A high intensity laser capable of delivering beams of at least 100 W, 1 kW or more of continuous or pulsed power, by preference emitting in the infra-red region of the spectrum. Particularly suited are </p><p id="p0054" num="0054"> Nd:YAG (neodymium doped yttrium-aluminium garnet) lasers pumped by flash lamps or solid state lasers or CO2 gas lasers. The laser-light is guided through suitable wave guides and optics 1 12 to 
<!-- EPO <DP n="9"/>-->
 have a focal point 103 that can be adjusted in the vicinity of the substrate surface; </p><p id="p0055" num="0055"> - a supply of metal matrix material 104, in the form of a powder, or a wire or a ribbon that is fed into the focal point of the laser. The powder can e.g. be supplied in a carrier gas, preferably a non- oxidising gas or inert gas such as argon; </p><p id="p0056" num="0056"> - a supply of abrasive particles 102. These particles are by preference carried by a stream of carrier gas. Preferably the type of gas for carrying the abrasive particles and for carrying the metal matrix material is the same. Alternatively and also preferred is that the supply of abrasive particles 102 can simply be done by strewing.</p><p id="p0057" num="0057">By preference, each one of the supplies of metal matrix powder 104, of the abrasive particles 102 or of the heat input by means of the laser can be modulated in time independently and can occur through separate feed channels. The supply of metal matrix powder 104 and abrasive particles 102 can be combined in a single feed channel although this is not a necessity. </p><p id="p0058" num="0058"> A particularly preferred procedure is where the supply of metal matrix material and the supply of abrasive particles are such that the average thickness of the track formed is between 0.1 and 5 times or between 0.5 and 3 times or between 1 and 3 times the mean size of the abrasive particles. With 'average thickness' is meant the arithmetical average of at least 12 measurements in radial direction at regular angular intervals excluding radii that cross abrasive particles. The needed mass flow for each of the respective supply of abrasive particles and metal matrix material can be calculated from the densities of both constituents. </p><p id="p0059" num="0059"> Preferably the stream of carrier gas is directed by means of a laser gun such as described in US 6,316,744 wherein the gas flow is coaxial to the laser beam and converges towards the focal point through a conical annular nozzle. Such a laser gun is also cooled by water in order to prevent heating of the nozzle. The metal matrix material can be fed through the laser gun, while the abrasive is delivered through a separate gas flow or simply by strewing. Alternatively, the metal matrix material can 
<!-- EPO <DP n="10"/>-->
 be delivered through a nozzle separate from the laser gun while the abrasive particles are fed through the laser gun. Or both abrasive particles and metal matrix material can be supplied through the laser gun. Preferred is that abrasive particle supply and metal matrix material supply are separate as they do have quite distinct powder - and hence flow - properties. </p><p id="p0060" num="0060"> The light path of the laser is adjusted so that the focal point 103 is in the vicinity of the tube surface 110. A particularly preferred embodiment of the method is when the focal point 103 is formed slightly (3 to 10 mm) above the surface of the metallic substrate tube. In this way the matrix material is heated-up prior to impinging on the surface of the tube. The heated metal matrix material then sticks better to the metallic tube 204. </p><p id="p0061" num="0061"> In this way a pool of molten metal 108 forms on the substrate tube. At the same time - or slightly thereafter - abrasive particles are thrown into the molten metal pool by the supply of abrasive particles 102 carried by the carrier gas or by gravitationally assisted strewing of the particles. </p><p id="p0062" num="0062"> Even before the laser cladding system is ignited, the metallic tube is made to rotate around its axis. Alternatively, the laser gun can be rotated around the stationary metallic tube axis. Or both the tube and the laser gun can rotate relative to one another. Of course the first alternative is most preferred as this is the least complex. A relative rotational movement 209 between metallic tube and the laser cladding system is thus established. </p><p id="p0063" num="0063"> As soon as the laser cladding system is started a track 206 of solidified matrix metal material forms on the tube. A slight delay between the ignition of the laser and the arrival of abrasive particles allows the molten metal pool to establish before the first abrasive particles are thrown into it. If the laser gun is not moved axially relative to the metallic tube, a track will build that loops on itself. Material will - after one turn - be deposited on already solidified material. This is particularly preferred if the nozzle of the laser gun delivers a sufficiently wide track i.e. the width 'W of the track is about the length of the bead. Profiles of laser clad tracks show a generally elliptical to rectangular distribution so their width can readily be 
<!-- EPO <DP n="11"/>-->
 established. The width of the track relates to the size of the laser spot perpendicular to the direction of relative movement. Figure 10a shows a cross section of a bead with a sleeve 1012 and with a single track spirally wound on itself resulting in subsequent layers 1004, 1004',..1004<sup>IV</sup> clad on top of one another. </p><p id="p0064" num="0064"> If the nozzle of the laser gun does not cover the width needed for the bead, introducing a relative axial movement 211 is an option. By </p><p id="p0065" num="0065">preference the axial displacement after one full rotation - the pitch - is equal to or less than the width 'W of the track. Preferably, the pitch is a fraction of the width 'W for example W/2, W/3,...or in general W/Q (Q is a positive rational number). Hence the abrasive layer will be formed by at least 'Q' layers of which the first one 206 is in contact with the metallic tube over the whole layer, while the layers following 208, 210, 212, 214, 216... will only have at most 1/Q of their track width in contact with the metallic substrate while the remaining part (Q-1 )/Q is on top of an already formed track (the Overlap'). Increasing the overlap has beneficial effects for the abrasive particle distribution in the abrasive layer (the 'particle distribution problem'). Figure 10b shows a schematic cross section of such a bead with tracks 1004, 1004',..., 1004<sup>v</sup> axially shifted over W/3 or Q is 3.</p><p id="p0066" num="0066">Another method procedure is when the optional translational movement is performed in a stepwise motion. First the track is clad over a few turns of the tube without relative axial motion until sufficient material is build on the starting section of the bead. Then the laser gun is axially moved over a number of intervals each of said intervals covering a predefined length at a predefined speed. Finally the movement of the laser gun is stopped again and some overlapping turns are made at the end of the bead. In this way the mass of abrasive layer can be spread at will over the length of the bead. An example of this is shown in Figure 10c, wherein the different tracks are shifted a track width W from one another. Two layers (e.g. 1004, 1004') are deposited on top of one another. </p><p id="p0067" num="0067"> Preferably the time to form the abrasive layer is limited to less than about 10 seconds, or less than 5 seconds or even less than 3 seconds. However, it will take at least 0.5 second to make a single abrasive layer of 
<!-- EPO <DP n="12"/>-->
 the dimensions currently in use. The relative rotation speed of the tube should be such that at least a circumferential tube speed 'vt' of 5 mm/second is reached. This corresponds to one turn in about 4 seconds on a 6 mm outer diameter tube. More preferred is though that the rotational speed is higher e.g. 1 turn in 2 seconds, or more than 2, 3, 4, 5... turns in 2 seconds of laser cladding time. This corresponds to circumferential tube speeds of at least 9, 18, 28, 37,... mm/second. </p><p id="p0068" num="0068">Increasing the number of turns per second has a beneficial effect on the thermal loading of the tube. On the other hand the circumferential tube speed cannot be too high as then the molten metal pool that forms is spun off from the sleeve due to centrifugal forces. This occurs when </p><p id="p0069" num="0069">circumferential speeds in excess of 500 mm/second are applied on a 6 mm OD sleeve. For smaller sleeves this circumferential speed needs to be lower to prevent spin-off. For example on a 4 mm OD sleeve 'vt' must remain below 410 mm/second. </p><p id="p0070" num="0070"> After the bead is formed i.e. when a thickness of about 1 to 3 mm over the total axial length of about 3 to 15 mm of the abrasive layer is reached the cladding of the tube is stopped and the thus formed bead is allowed to cool down (Figure 2d). </p><p id="p0071" num="0071"> In an alternative embodiment, stopping of the cladding of the tube is performed in steps, namely first stopping the supply of abrasive particles while continuing the flow of metal matrix material for at least one rotation of the tube before letting the bead cool down. As an option the laser beam can be On' or 'off' during this at least one rotation of the tube. In either situation (laser beam 'off' or 'on') a final cover is put down on the abrasive particles to attach them better. When the laser beam is 'off' the still hot bead is cooled down faster. The resulting bead shows abrasive particles that are protruding from the surface of the bead but are held with a minute layer of metal matrix material for retaining the particles. Such a bead has the particular advantage that there is no need for the 'dressing' of the bead thereby solving the 'dressing problem'. </p><p id="p0072" num="0072"> In order to overcome the 'geometry problem', the inventors put at one side a forming piece 304 over the end of the tube thereby forming a 
<!-- EPO <DP n="13"/>-->
 rectangular circumferential corner against which the abrasive layer was built. After taking away the forming piece, a nice sharp edge of the bead can be obtained. When putting such a forming piece 304, 306 on both ends of the tube, both ends of the abrasive layer of the bead are flat. </p><p id="p0073" num="0073">Those forming pieces 304, 306 are present during the forming of the abrasive layer. </p><p id="p0074" num="0074"> The forming pieces 304, 306 can be in the form of a ring, or more preferred a segmented ring (with two or more segments) that can be opened to a diameter of at least the diameter of the finished bead and upon closing tightly fits the tube. The forming pieces can be shaped e.g. to impose one or more protrusions or one or more recesses at one or both sides of the abrasive layer. </p><p id="p0075" num="0075"> In addition or alternatively to the forming pieces 304, 306 at one or both ends, after the stopping of the laser cladding, but prior to the complete cool-down of the bead, the still soft bead can be shaped by calibrating it in a mould. Such a mould can take the form of two halves that give the final shape to the bead after being closed. Possibly the tube can be rotated while the bead is held in the mould in order to improve rotational symmetry of the bead. </p><p id="p0076" num="0076"> In addition or alternatively to providing forming pieces 304, 306 at one or both ends of the tube, the bead can also be shaped by pushing a rotational mould 308 e.g. a roll against the bead after the stopping of said laser cladding but prior to the complete cool-down of the bead. The rotational mould 308 must be held against the bead and rolled over it for at least one whole perimeter of the bead. </p><p id="p0077" num="0077"> By providing the rotational mould 308' and/or said forming pieces 304, 306 with a structured pattern, the negative of this pattern can be brought over to the sides (in case the forming pieces are shaped) or outer surface (in case of a shaped rotative mould 308') of the abrasive layer of the bead.</p><p id="p0078" num="0078">Sticking of the rings and/or the mould is a problem that occurs. In order to prevent this, the inventors found that it is better to make the mould parts in shiny metal material such as e.g. polished brass or other copper based 
<!-- EPO <DP n="14"/>-->
 alloy (copper beryllium). The high reflectance of these parts prevents that they are being heated up by the laser beam. </p><p id="p0079" num="0079"> In a further preferred embodiment of the method the substrate tube is held at one end e.g. by a lathe chuck 202, the abrasive coating 220 is laser clad on the tube 204 according to any of the methods described above. The thus formed bead is cut off by means of a chisel or a saw 218. The tube 204 is progressed axially through the lathe chuck 202 under the laser cladding apparatus and the cycle is repeated. In this way beads can be made that further can be threaded on a steel cord in the known way.</p><p id="p0080" num="0080">Alternatively the lathe chuck 202 can take the role of a forming piece 304. Then the laser cladding starts against the lathe chuck and after the bead is formed the tube is progressed over at least the length of the bead. Then the bead is cut off by means of a chisel or a saw. A fresh piece of tube is already present to start a new cycle. Optionally a second forming piece 306 can be closed around the free end of the tube in order to form both sides of the bead. After finishing the bead, the forming piece 306 must open preferably sufficiently in order to allow the bead to pass. </p><p id="p0081" num="0081"> Alternatively, a series of abrasive layers can be deposited on the tube, gradually stepping the tube further each time the width of an abrasive layer is coated. Afterwards the tube can be cut into individual beads. </p><p id="p0082" num="0082"> It turns out to be very beneficial to cool down the tube in order to prevent excessive heat load on the tube. This can be done in a number of ways: </p><p id="p0083" num="0083"> - A fluid can be driven through the tube while it rotates. A fluid can be a gas or a liquid. Examples are nitrogen or water. The flow rate can be adjusted. Gases have the advantage that they do not have to be collected, but they need a larger flow rate than liquids. </p><p id="p0084" num="0084"> - A solid can be moved through the tube that absorbs some of the heat. </p><p id="p0085" num="0085"> A particularly convenient way to execute the cooling is by moving the steel cord - that later will function as the carrier cord for the beads - through the tube. In this way the beads are produced while being on the cord thus eliminating the step of having to thread the beads on the steel cord 
<!-- EPO <DP n="15"/>-->
 afterwards. The steel cord can also be moved backward and forward so that the temperature of the steel cord does not rise too much. The lower the temperature of the steel cord remains the better: the heat transfer is improved (larger temperature difference is beneficial for cooling) and damage to the cord is minimised. </p><p id="p0086" num="0086"> The tubes can be pressed and connected around the steel cord in a previous step as described in application PCT/EP2010/067527 (in particular paragraphs [0016] to [0018]) prior to coating them by laser cladding. </p><p id="p0087" num="0087"> Although laser cladding with metal matrices containing abrasive particles is known, these methods are only exercised on bulky metal substrates such as drill bores, saw blades, grinding blades, tubes and the like. It appears a prejudice in the field that such bulky substrates are needed in order to be able to drain the process heat from the coating in the laser cladding process. As the mass of the tubular sleeve is very small the cooling rate 'dT/dt' together with the circumferential speed 'vt' will determine whether the sleeve will survive the coating process or not. In contrast therewith a sufficient amount of heat is needed in order to form a metallurgical bonding layer 207 between the sleeve and the abrasive layers 206 and to consolidate the subsequent layers 208, 210.. to one another. These requirements are contradictory but reconciled by the above disclosed method thereby solving the 'heating problem'. The inventors remarkably found that the disclosed coating method can be used for the production of sawing beads, wherein the mass of the abrasive layer is larger than the mass of the metallic tube or rod covered by said abrasive layer. Only the mass of tube radial under the abrasive layer must be considered. The mass of the tube covered may be less than 1 gram. </p><p id="p0088" num="0088"> Or even more severe: that the metallic tube wall thickness is less than the thickness of the abrasive layer. Of course the thickness of the unused bead is to be considered as - during use - most of the abrasive layer will abrade away. 
<!-- EPO <DP n="16"/>-->
 Materials selection section. </p><p id="p0089" num="0089"> [52] By preference the metallic tube that is used as a substrate is made of a metal or metal alloy having a higher melting point than that of the metal matrix material. Particularly liked metals are plain carbon steels or stainless steel. Preferred is a low to medium carbon steel i.e. steel with carbon content between 0.04 wt% and 0.80 wt% weight percent of carbon. The substrate can be supplied in the form of a long tube. Or the substrate can be supplied in the form of short sleeves that have been formed and connected around the carrier steel cord as described in application </p><p id="p0090" num="0090"> PCT/EP2010/067527 of the applicant (more in particular paragraphs </p><p id="p0091" num="0091"> [0016] to [0018]). The sleeves then show a connection. The wall thickness of the metallic tube is less than 1 mm, even thinner than 0.7 mm while successful tests have been performed by the inventors on sleeves, with a wall thickness of 0.3 mm. The inventors believe that a wall thickness of 0.2 mm or even 0.1 mm is doable. Sleeves are preferably provided with an internal grooving such as a threading to provide better grip with the polymer covering the steel cord. 'Wall thickness' of the sleeves is therefore understood to include the internal peaks of the threading. Additionally the sleeve may have a varying wall thickness - for example thinnest at the ends, thickest in the middle - for better penetration of the polymer. </p><p id="p0092" num="0092"> [53] There are many known alloys of metal matrix materials that are suitable for use with a laser cladding system. Given the constraints imposed by the abrasive particles alloys with melting temperatures between 400°C and 900°C are more preferred. These alloys comprise silver, copper, nickel or cobalt as main alloy element. Additionally, melting temperature reducing elements such as tin, zinc, or even indium can be added. In the case of nickel non-metals like phosphorous, silicon or boron can be used to reduce the melting temperature. </p><p id="p0093" num="0093"> [54] Particularly preferred are brazes (copper and zinc as main elements) and bronzes (copper and tin as main elements) the latter being most preferred. Other preferred alloys are silver based such Ag-Cu, Ag-Cu-Zn, or Ag-Cu-ln. Also preferred alloys are nickel based such as Ni-Cr-P, Ni-Cr- Fe-Si-B, or Ni-Cr-Si-Mn. These alloys give a good balance between 
<!-- EPO <DP n="17"/>-->
 abrasive use and matrix wear. If the matrix wears too fast, abrasive particles will be dislodged while not being used to the full leading to premature tool wear. Conversely, if the matrix is too wear resistant, abrasive particles will not protrude sufficient for cutting resulting in too low sawing speeds. </p><p id="p0094" num="0094"> Most preferred are alloys that contain an additional active metal such as chromium, titanium, vanadium, tungsten, zirconium, niobium, </p><p id="p0095" num="0095">molybdenum, tantalum, hafnium or combinations thereof. More preferred are chromium, zirconium, vanadium or titanium of which the latter is most preferred as it has the lowest melting point. These metals are active in two ways: </p><p id="p0096" num="0096"><sup>■</sup> They are known to improve the wetting of abrasive particles during deposition and; </p><p id="p0097" num="0097"><sup>■</sup> It are carbide formers that work well in combination with carbon containing abrasives (see below). </p><p id="p0098" num="0098"> Most preferred bronzes contain between 5 and 30 wt%Sn, between 0.5 and 15 wt%Ti, the remainder being copper. Best results were obtained with bronzes having between 10 and 20 wt%Sn and between 2 and 10 wt%Ti, the remainder being copper. An example is an alloy containing 14 %Sn, 8 %Ti the remainder being copper, all expressed in weight percentage of the total. </p><p id="p0099" num="0099"> Possible abrasive particles are diamond, cubic boron nitride, silicon carbide, aluminium oxide, silicon nitride, tungsten carbide, titanium carbide or mixtures thereof. Carbon containing particles - diamond, silicon carbide, tungsten carbide, titanium carbide or mixtures thereof - are more preferred as they are easily wettable by all active metals mentioned. </p><p id="p0100" num="0100">Nitrides (i.e. cubic boron nitride, silicon nitride) are best wetted with titanium. Most preferred is diamond (i.e. almost pure carbon) either man- made or natural, the former being more preferred for its lower cost. </p><p id="p0101" num="0101"> As an alternative to adding an active metal into the metal matrix material, the active metal can also be provided on the surface of the abrasives for example in the case of diamond. Diamond particles coated with a tungsten, chromium or titanium containing coating are available. 
<!-- EPO <DP n="18"/>-->
 When no active metal is present in the metal matrix material or on the abrasive particles, the abrasive particles will not wet easily to the molten metal. This even leads to 'bouncing back' of the abrasive particles on the meniscus of the molten metal pool when they are impinging the metal pool. </p><p id="p0102" num="0102"> In general particles with a size between 100 μιτι and 600 μιτι can be used in the method. Particles for stone cutting are preferably large grit i.e. with wide range grit sizes US Mesh size 30/40, Mesh size 40/50 or Mesh size 50/60 (Mesh sizes are according to US Standard ASTME 11 , the higher the numbers, the smaller the particles). Most preferred for sawing beads is mesh size 40/50. A 40 mesh sieve has square openings of 420 μιτι side where through smaller sized particles pass. Part of those smaller particles will be held by the 50 mesh sieve with square openings of 297 μιτι side. The mean size of the remaining particles is about 427 μιτι in the grit size designation system according FEPA (Federation of European Producers of Abrasives) that assigns a mean size for every mesh size.</p><p id="p0103" num="0103">The density of the abrasives is generally less than the density of the metal matrix materials that are favoured: e.g. bronzes generally have a density of 8 to 9 g/cm<sup>3</sup> while diamond only has a density of 3.5 g/cm<sup>3</sup>. As the abrasive particles are relatively large and their larger buoyancy force is not hampered by viscous flow the particles will float towards the surface in the molten metal pool. When the size of the particles is smaller than about 100 μιτι the viscosity of the molten metal will prevent them from floating towards the surface so that the distribution of diamonds is frozen 'in place'. It is therefore a problem to have the larger abrasive particles evenly distributed throughout the bulk of the material: 'the particle distribution problem'. The inventors have solved this problem by depositing several overlapping layers on top of one another whereby the average thickness of each layer is between 0.1 to 5 times or 0.5 to 3 times or 1 to 3 times the mean size of the abrasive particles. In each track the diamond tends to float upward, but the freezing of the metal alloy is sufficiently fast that the track solidifies before the next track is deposited on top. This results in a uniform, distribution of particles in radial direction. 
<!-- EPO <DP n="19"/>-->
 Bead characterising section </p><p id="p0104" num="0104"> [62] According a second aspect of the invention the bead resulting from the above described process is claimed. The bead has a tubular metallic sleeve surrounded by an abrasive layer comprising abrasive particles embedded in a metal matrix material. Characteristic about the bead is that it has a dentritic microstructure in a metallographic cross section. </p><p id="p0105" num="0105"> [63] Beads made by the above mentioned inventive process show a distinct metallography compared to beads obtained through the known processing of sintering (see paragraph [6]). Layers deposited by means of laser cladding can show different metallographic structures depending on the metal matrix material, the temperature gradient at the liquid-solid interface and the solidification speed. For example a low solidification rate and a high temperature gradient may result in a planar structure with uniform alloying of the metal elements. Lowering the temperature gradient at the same solidification speed may result in a cellular type of structure where one phase is held in cells of another phase that has a lower melting point. </p><p id="p0106" num="0106"> [64] The preferred structure according the inventors for use in a sawing </p><p id="p0107" num="0107"> bead is a dentritic ('tree-like') metallographic structure that is obtained with sufficiently high but not too high cooling rates and a minimal </p><p id="p0108" num="0108"> circumferential speed. In the preferred laser cladding conditions, the components of the metal alloys in the melt pool do not get the chance to reach a thermal equilibrium. Due to the presence of a spatial high temperature gradient, the growing solid phase will seek the most effective way to eject superfluous solute components into the liquid ahead in order to meet the preferred intermetallic phase of the solid. This ejection turns out to be most effective if the solid grows in the form of a tree as then most surface is available to expel the solute. The stem and branches of the tree will therefore be formed by an intermetallic phase with a high solidification temperature while the inter-dentritic phase will be a component or intermetallic phase with a lower solidification point. By increasing the solidification speed, that is proportional to the circumferential velocity 'vt' , - the microstructure can be refined. The fineness of the microstructure is also considered to contribute to the hardness and resistance to wear of 
<!-- EPO <DP n="20"/>-->
 laser clad layers: the finer the structure the higher the wear resistance. See "Laser Cladding" by E. Toyserkani, A. Khajepour and S. Corbin, Chapter 6, 2005, CRC Press, ISBN 0-8493-2172-7. </p><p id="p0109" num="0109"> The fineness of the microstructure is specifically important for sawing beads as the metal matrix material must wear in concordance with the wear of the diamonds. Using fully alloyed or cellular type microstructural materials obtained by laser cladding will result in too soft metal matrices that are not fit for the purpose. The fineness of the structure can e.g. be quantified by measuring the largest feature of the dentritic structure such as the 'stem' of the tree in a number of frames taken from a metallographic cross section. Starting from a small magnification (10 X) the largest structure is identified. The magnification is increased such that the beginning and end of the stem are visible in one frame. The stem must be uninterruptedly visible in a single view. The distance from end to end can be measured by appropriate imaging software. By preference the maximum stem length obtained on ten different frames remains below 300 μιτι as otherwise the structure becomes too soft. Even more preferred is that these stems are shorter than 200 or 100 μιτι or even shorter than 50 μιτι. Normally stems can be observed till a length of about 5 to 10 μιτι. If the maximum stem length found is below 1 μιτι, the structure is no longer considered dentritic for the purpose of this application. </p><p id="p0110" num="0110"> The metal matrix material is chosen in line with the choices as specified in paragraph [53] to [56]. </p><p id="p0111" num="0111"> A further advantage of using the laser cladding technique is that a metallurgical bonding layer 207 forms between metal sleeve and abrasive layer. This eliminates the need to solder the abrasive layer to the tube. The inventors found that it was perfectly possible to obtain a good bond with the cladding alloys envisaged: there is no need to first clad the substrate with an adhesion layer of different composition of that of the abrasive layer. Hence the alloy that forms in the metallurgical bonding layer 207 between the tubular metallic sleeve and the abrasive layer consists only of the metal components of the sleeve and the metal components of the abrasive layer. 
<!-- EPO <DP n="21"/>-->
 The adherence of the abrasive layer can be tested by shearing of the abrasive layer from the sleeve in an axial tensile test. The shear force needed to pull the abrasive layer from the sleeve when related to the surface area common between the abrasive layer and the sleeve must at least be 30 N/mm<sup>2</sup>, or preferably more than 50 N/mm<sup>2</sup>. Pull-off forces of 70 N/mm<sup>2</sup> or more than 100 N/mm<sup>2</sup> have been reached. </p><p id="p0112" num="0112"> Advantageously some of the abrasive particles can - at the most - penetrate the metallurgical bonding layer. As abrasive particles are present even in close vicinity of the sleeve or even in the sleeve, this allows the beads to be used until the abrasive layer is worn almost down to the sleeve. In the prior-art beads this is not possible due to the use of a solder between sleeve and abrasive layer which takes some radial distance of the diameter of the bead. </p><p id="p0113" num="0113"> The bonding layer can be kept very thin. By preference the bonding layer is less than half or even a third of the wall thickness of the tubular sleeve. On an absolute scale it is preferred that the bonding layer is thinner than 200 μιτι or 150 μιτι, or thinner than 100 μιτι although good results have been obtained with metallurgical bonding layers thinner than 50 μιτι like a thickness of around 20 to 10 μιτι. Too thin - thinner than 0.1 μιτι - bonding layers will lead to a reduced abrasive layer to sleeve retention force and will result in premature failure of the bead. </p><p id="p0114" num="0114"> The preferred abrasive particles are those as described in paragraph [57] to [58] with sizes as mentioned in paragraph [60] to [61]. The amount of abrasive particles present in the abrasive layer depends on the material to be sawn by the bead and the type of abrasive particles. Generally an amount of 10 to 2000 mg/cm<sup>3</sup> taken relative to the volume of the abrasive layer is needed. More preferred is 10 to 1000 mg/cm<sup>3</sup>. In the case of diamond this is expressed in carat as 0.05 to 10 ct/cm<sup>3</sup> (1 carat, 'ct' is 200 mg), or even 0.05 to 5.0 ct/cm<sup>3</sup>. For diamond this amounts to 0.28 to 57 % or 0.28 to 28 % in volume of the abrasive layer. </p><p id="p0115" num="0115"> Also mixtures of abrasive particles can be used. Particularly preferred mixtures of abrasive particles are diamond with [tungsten carbide or silicon carbide] or cubic boron nitride with [tungsten carbide or silicon nitride]. 
<!-- EPO <DP n="22"/>-->
 A particularly preferred embodiment of the sawing bead is one where part of the abrasive particles are protruding from the outer surface of the bead. Preferably, the particles are held in a retention layer of metal matrix material. The abrasive particles protrude between 0.5 and 0.1 times their mean size from the surrounding surface of the bead. Too much protruding particles cannot be sufficiently held by the metal matrix retention layer. When abrasive particles are buried too deep in the metal matrix material they are not readily available for sawing. The retention layer is by preference thinner than 0.5 or even more preferred thinner than 0.2 times the mean size of the abrasive particles. Too thick a layer will not disclose the abrasive particles sufficiently fast on first use. There is no minimum to the metal matrix retention layer as part of the protruding edges or corners of the abrasive particles may actually not be covered at all, while the remainder of the particle is covered. Such a sawing bead must not be dressed prior to use. </p><p id="p0116" num="0116"> By preference the bead contains an active metal to improve the bond between the abrasive particles and the metal matrix material as discussed in paragraph [55]. </p><p id="p0117" num="0117"> The inventors found that this active metal also helps to improve the distribution of the diamonds throughout the beads. Indeed, metallographic cross sections (in any plane that crosses or contains the axis of the tubular metallic sleeve e.g. a plane perpendicular to the axis) revealed the presence of very thin interface layers that are rich in active metal. These interface layers are preferably thinner than 5 μιτι, more preferably thinner than 2 μιτι. With 'rich in active metal' is meant that the atomic abundance of the active metal in the interface layer is at least two times the overall atomic abundance of the active metal in the whole metal matrix material.</p><p id="p0118" num="0118">These interface layers mark the different loops of the track that are deposited on a previously deposited part of the track during the laser cladding process. How these interface layers are formed is not known. However, the inventors observed that the abrasive particles are more present radial just below the interface and, on many occasions, a face of the abrasive particles is wetted by the reactive metal. Hence, the abrasive 
<!-- EPO <DP n="23"/>-->
 particles are present between the metallic bonding layer and the first interface layer or between the first and second interface layer (if present) and so on. </p><p id="p0119" num="0119"> It is therefore conjectured - without being bound in any way by this hypothesis - that the active metal helps to keep the abrasive particles in the molten pool and preferentially is present at the outside of the molten pool. This is not unreasonable as the active metals generally have a lower density than that of the other components of the molten metal pool. After rapid solidification, the abrasive particles are held inside the solidifying metal pool as if held by a skin. Hence the interface layers help to keep the abrasive particles in place and prevent them from floating up. In this way the 'particle distribution problem' known when depositing laser clad layers with relatively large abrasive particles is overcome. The average distance</p><p id="p0120" num="0120">- as measured over at least 12 radii that do not cross an abrasive particle</p><p id="p0121" num="0121">- between the metallurgical bonding layer and the first interface layer or between the interface layers themselves is preferably between 0.1 to 5 times or 0.5 to 3 or 1 to 3 times the mean size of the abrasive particles.</p><p id="p0122" num="0122">When, during deposition of the track, there is a relative axial movement between the laser cladding system and the tube, the track will show a substantially helical track wound on itself if the pitch after one revolution is less than the width of the track. In the bead the remnants of this process is visible in the inclination of the interface layers relative to the axis of the bead. All interface layers are inclined in substantially the same direction. The interface layers form conical helix. Of course the interfaces are not smooth, but this general inclination is present and traceable. </p><p id="p0123" num="0123"> If abrasive particles are used that are pre-coated with an active metal coating, this active metal coating remains discernable on the abrasive particle in the bead. As these active metals show a large affinity to one or more elements of the abrasive particle (see paragraph [58]) this greatly improves the adhesion of the abrasive particle to the metal matrix material.</p><p id="p0124" num="0124">According a third aspect of the invention, a sawing cord 400 (Figure 4) is claimed that comprises a steel cord 408 and at least one bead 404 as described above or obtained through the bead production method 
<!-- EPO <DP n="24"/>-->
 described above. Sawing cord 400 further comprises a polymer jacket 402 to keep the beads 404 in place. Such a cord can be produced in the conventional way or in the way as described in PCT/EP2010/067527. </p><p id="p0125" num="0125"> [81] When produced according to the latter method, at least one bead of the sawing cord will have a tubular metallic sleeve with the feature that at least one connection for closing the sleeve around the steel cord is present in the sleeve in addition to all other features claimed. </p><p id="p0126" num="0126"> [82] According a fourth aspect of the invention, use of the beads as </p><p id="p0127" num="0127"> described above and use of the beads as made according to the methods above in a sawing cord is claimed. </p><p id="p0128" num="0128"> [83] A particularly preferred way of using the beads is when the bead 404 is, during use on the sawing cord, driven in the direction 406 as indicated by the inclination of the interface layers. Simply stated: the inclined interface layers form an arrow indicating how the bead should be used by </p><p id="p0129" num="0129"> preference. This direction is particularly preferred as the interface layers are not impacted by the entry into the work piece 410 that is sawn. </p><p id="p0130" num="0130"> Brief Description of Figures in the Drawings </p><p id="p0131" num="0131"> [84] Figure 1 shows a principle of operation of a laser cladding system. </p><p id="p0132" num="0132">[85] Figure 2a to Figure 2e shows the various steps in the method to </p><p id="p0133" num="0133"> produce the bead. </p><p id="p0134" num="0134"> [86] Figure 3a to Figure 3d show various alternative embodiments of the method to produce the bead. </p><p id="p0135" num="0135">[87] Figure 4 explains how the bead is best used in practise. </p><p id="p0136" num="0136">[88] Figure 5a and 5b show a metallographic cross section at two different magnifications of a bead produced by the method described. </p><p id="p0137" num="0137">[89] Figure 6 shows an Scanning Electron Microscope detail of the bead produced by the method. </p><p id="p0138" num="0138">[90] Figure 7 shows a cross section of the abrasive layer of the bead, </p><p id="p0139" num="0139"> indicating various features of interest. </p><p id="p0140" num="0140">[91] Figure 8 is a schematic cross section of a sawing bead produced by the laser cladding method. </p><p id="p0141" num="0141">[92] Figure 9a and 9b are individual pictures out of a micro computer </p><p id="p0142" num="0142"> tomography scan of the bead. 
<!-- EPO <DP n="25"/>-->
 [93] Figure 10a, 10b and 10c show different arrangements of the layers in the bead. </p><p id="p0143" num="0143"> Mode(s) for Carrying Out the Invention </p><p id="p0144" num="0144"> [94] In what follows only the most preferred mode for practising the invention will be described as numerous experiments had to be performed before these conditions were arrived at. </p><p id="p0145" num="0145"> [95] In a series of trials the following type of equipment was used: </p><p id="p0146" num="0146"><sup>■</sup> Laser cladding system </p><p id="p0147" num="0147"> - Diodelaser 'Laserline LDF 3 kW operating at 1300 W in </p><p id="p0148" num="0148"> continuous mode at a wavelength of 1030 μιτι. </p><p id="p0149" num="0149"> - Laser gun 'Balliu' made by Laserline GmbH with coaxial feed of powder ; </p><p id="p0150" num="0150"> - Medicoat Duo powder hopper </p><p id="p0151" num="0151"> - Gas supply: argon. </p><p id="p0152" num="0152"> Both metal matrix material and abrasive particles were fed through the same argon gas flow. The laser gun was used in the vertical position with the laser beam and associated gas flow in the downward direction. </p><p id="p0153" num="0153"><sup>■</sup> The laser cladding system can be moved in axial direction of the lathe up to a speed of 3.2 mm/s. </p><p id="p0154" num="0154"> The feed rate of particles was kept constant in all subsequent experiments, resulting in a constant material flux 'Φ '. </p><p id="p0155" num="0155">[96] As a substrate, a sleeve with a welded connection, made of low carbon steel (0.067wt%C) with inner diameter of 3.8 mm and an outer diameter of 4.95 mm was used (wall thickness 0.575 mm), with a length of 10 mm. The substrate was held between polished brass forming pieces. Through the sleeve a 19+6x7 galvanised steel cord of diameter 3.75 mm was inserted and slowly moved through during laser cladding. </p><p id="p0156" num="0156">[97] As materials the following were used: </p><p id="p0157" num="0157"> - Metal matrix material: Bronze powder with nominal composition Sn 14wt%, Ti 8 wt%, the remainder being Cu (and unavoidable impurities). The size of the powder was smaller than 75 μιτι. 
<!-- EPO <DP n="26"/>-->
 - Man-made diamond particles mesh 40/50 with measured mean size of 415 μιτι. </p><p id="p0158" num="0158"> [98] First the lathe was started to make the sleeve rotate at about 0.25 </p><p id="p0159" num="0159"> seconds for one full rotation (rotation period T) which results in a track speed of 6.3 mm/s. The focus of the laser, with a spot size of 3.8 mm, was set to about 7 mm above the surface of the sleeve. The material flow was thus heated already before striking the sleeve. </p><p id="p0160" num="0160"> [99] The matrix material powder feed was set at 65% with a gas rate flow of 4 litre/min, the abrasive particle feed was set at 25% with a gas rate flow of 5 litre/min. After ignition of the laser a metal molten pool formed and diamond particles were injected into the molten metal as could be observed with a high speed camera. No ejection of diamond particles out of the molten metal pool occurred. The width of the track formed was 4.0 mm. </p><p id="p0161" num="0161"> [100] The axial movement between tube and laser gun was as follows: </p><p id="p0162" num="0162"><img id="imgf000026_0001" he="59" wi="126" file="imgf000026_0001.tif" img-format="tif" img-content="table" orientation="portrait" inline="no"/></p><p id="p0163" num="0163"> [101] After the stopping with the laser cladding system, the surface was </p><p id="p0164" num="0164"> evened by pushing a brass roll against the still hot material while it was turning around. This greatly improved the geometry of the bead. </p><p id="p0165" num="0165"> [102] After final cool-down, the chuck was opened and the thus formed bead was formed on the carrier steel cord. The heat damage to the steel cord turned out to be acceptable. The bead could still be shifted on the steel cord. Several beads were made according this procedure and it turns out to be suitable for automation. </p><p id="p0166" num="0166"> [103] The total thickness of the abrasive layer on the bead thus formed was 1.53 mm (i.e. 2.7 times the wall thickness of the sleeve) resulting in a bead 
<!-- EPO <DP n="27"/>-->
 with an outer diameter of 8.0 mm and with a total axial length of the abrasive layer of 6 mm. The total mass of the bead was 1.7 gram of which the sleeve takes 0.64 gram. As only 6 mm of the total length of 10 mm of the sleeve is covered, the 'mass of the tube covered by the abrasive layer' is 0.38 gram. The abrasive layer has a mass of 1.06 grams which is 2.79 times the mass of the tube mass covered by the abrasive sleeve. The beads had a diamond concentration of between 1.86 to 2.00 carat/cm<sup>3</sup> (mass over volume). </p><p id="p0167" num="0167">[104] In a metallographic cross section, the beads obtained by laser cladding showed a distinct metallurgical structure compared to what is known from beads obtained through sintering. This structure is displayed in Figures 5a and 5b, which are polished cross sections of a bead cut in a plane comprising the axis of the plane. As etchant the following can be used:</p><p id="p0168" num="0168"><sup>■</sup> 10 ml Hydrofluoric Acid 40%, 5 ml Nitric Acid 65% in 85 ml H<sub>2</sub>O and;</p><p id="p0169" num="0169"><sup>■</sup> 10 g Sodium Hydroxide, 5 ml Hydrogen Peroxide 30% in 100 ml H<sub>2</sub>O. </p><p id="p0170" num="0170"> [105] Figure 5a shows a photograph of the etched surface with a </p><p id="p0171" num="0171"> magnification of 100 X. The bar '200 μιτ marks the true size of the features. The lower bottom of the photograph corresponds to the substrate. Dentritic structures are visible throughout the whole picture. An example of a dentritic structure (much like a fern) is indicated by 502. A stem is discernable with different branches perpendicular to it at the sides. The longest stem discernable is about 200 μιτι from end to end. In addition interface layers are visible of which 508 is an example. Another interface layer is visible at the top right corner of the photograph. </p><p id="p0172" num="0172"> [106] Figure 5b is a 1000 X enlargement of the same cross section as </p><p id="p0173" num="0173"> indicated by the '20 μιτι' bar that shows the true length of the features. Again an interface layer 510 remains visible. The tree-like structure resolves into white coloured stems, branches and leaves where in between a different, darker inter-dentritic phase is visible. The structure therefore shows a self-similar structure at at least these two </p><p id="p0174" num="0174"> magnifications. 
<!-- EPO <DP n="28"/>-->
 7] Figure 6 shows a Scanning Electron Microscope (SEM) picture at the magnification indicated by the bar '90 μιτ . A diamond particle 602 is clearly visible. The matrix material 604 shows again the typical dentritic structure. An interface layer 608 runs diagonally through the picture and touches the diamond surface at 610. Energy Dispersive X-ray analysis (EDX) reveals that the interface layer is rich in titanium, with more than double the bulk concentration of titanium (in weight percent). Where the interface layer touches the diamond (at 610) EDX spectra reveal the formation of titanium carbide. </p><p id="p0175" num="0175">i8] Figure 7 also shows a SEM picture of an axial cross section. Again different interface layers 706, 708 and a diamond particle 702 are discernable. It is an example of the observation that the diamond particles tend to be present radially just below the interface layers. It is as if the diamonds are held in position by the interface layer. Hence the diamonds are present in between the interface layers. The numbers 245.35, 394.70, 346.71 and 320.28 μιτι are the thicknesses of the different layers formed in the matrix material 704. Note that the thickness 394.70 μιτι of the layer is between 0.5 and 3 times the size of the diamond 702 it holds. More importantly the picture shows the metallurgical bonding layer 710 with a thickness of 20 to 30 μιτι. EDX reveals that the metallurgical bonding layer is a mixture of the metal elements present in the sleeve and the metal matrix material. </p><p id="p0176" num="0176">i9] Axial tensile tests wherein the abrasive layer is held in a U-clamp (no radial pressure) and the sleeve is pulled out by means of a bolt showed forces of 8357 N and 10359 N before the sleeve moved out. Comparative testing on prior-art beads showed values of 5 to 12 kN. Related to the surface area common between the sleeve and the abrasive layer this is a shear force of 89 N/mm<sup>2</sup> and 1 10 N/mm<sup>2</sup> respectively. </p><p id="p0177" num="0177"> 0] Figure 8 shows a schematic cross of one of the beads made. Diamonds 802 are protruding from the surface in the immediate surroundings of the diamond. The surface protruding diamonds 802 are buried more than 0.5 times of their size into the metal matrix material taken relative to their immediate surroundings. The diamonds are partly or completely covered 
<!-- EPO <DP n="29"/>-->
 by a retention layer 820 of metal matrix material. The protruding diamonds make the need for a dressing step superfluous. Furthermore the metallurgical bonding layer 810 bonding the abrasive layer 804 to the sleeve 810 is indicated. Diamonds are present in between interface layers 808 and the thickness of the layers in between said interface layers is between half to two times the mean size of the diamonds.</p><p id="p0178" num="0178">] Figure 9a shows a cross section of a bead with a plane perpendicular to the bead axis as obtained in a micro computer-tomography scan (μΟΤ). The picture clearly reveals the geometrical roundness of the bead and the even radial distribution of the diamonds throughout the abrasive layer. This is remarkable in that, although the diamonds are about 400 to 500 micron in size, they do not appear to suffer from the buoyancy force that tends to push them to the surface. The inventors hypothetical^ attribute this to the layered deposition of the abrasive layer possibly in combination to the fact that the interfacial layers of active metal prevent the diamonds from floating upward thereby capturing the diamond in that layer. In this way the 'particle distribution problem' is solved.</p><p id="p0179" num="0179">] Figure 9b is another print-out of a cross section of the bead in shows that diamonds are present down to the metallurgical bonding layer. There appears to be a tendency for the diamonds to be arranged in layers which can be attributed to the different deposition layers.</p><p id="p0180" num="0180">] Some beads were subjected to a single bead cutting test such as described in "Progress in the knowledge of granite cutting with diamond wire" by A. Bortolussi, A. Caranassios, R. Ciccu, R. Lassandro, P.P. </p><p id="p0181" num="0181"> Manca and G. Massacci in the "Proceedings of the 1 1<sup>th</sup> International conference on Ground Control in Mining", University of Wollongong, July 1992. In this test a single bead is pushed against the outer side of a rotating stone disc (a granite disc with a diameter of 30 cm and a width of 3 cm) with a normal force of 5 N. The peripheral speed is adjustable between 20 to 30 m/s. The bead is also made to rotate around its own axis with about 1 rotation per second. Water was injected between the bead and the stone as a coolant. The wear of the bead was measured as a 
<!-- EPO <DP n="30"/>-->
 function of the area sawn. Sawing was continued until the bead was worn to the sleeve.</p><p id="p0182" num="0182">] The following results were obtained in comparison with commercially available beads: </p><p id="p0183" num="0183"><img id="imgf000030_0001" he="44" wi="132" file="imgf000030_0001.tif" img-format="tif" img-content="table" orientation="portrait" inline="no"/></p><p id="p0184" num="0184"> (*) The bead was dressed before starting the test. 
</p></description><claims mxw-id="PCLM44998660" ref-ucid="WO-2012119947-A1" lang="EN" load-source="patent-office"><claim id="clm-0001" num="0001"><!-- EPO <DP n="31"/>--><claim-text/><claim-text>Method to produce a bead for use with a sawing cord comprising the steps of: </claim-text><claim-text> - holding a metal tube on at least one of its ends; </claim-text><claim-text> - starting to clad said tube by means of a laser cladding system whereby a supply of metal matrix material is molten by a laser beam on said tube and; </claim-text><claim-text> a supply of abrasive particles is thrown into the pool of molten metal matrix material; </claim-text><claim-text> - forming a track on said tube by relatively moving said laser cladding </claim-text><claim-text> system to said tube in a rotational and optionally translational movement said track building an abrasive layer on said tube; </claim-text><claim-text> - stopping the cladding of said tube; </claim-text><claim-text> - allowing the thus formed bead to cool down; </claim-text><claim-text>characterised in that </claim-text><claim-text> said abrasive layer has a mass that is larger than the mass of said tube covered by said abrasive layer. </claim-text><claim-text>The method according to claim 1 wherein said tube has a wall thickness smaller than the thickness of said abrasive layer. </claim-text><claim-text>The method according to any one of claims 1 or 2 wherein said supply of abrasive particles and said supply of metal matrix material are such that the average thickness of the track formed is between 0.1 and 5 times the mean size of said abrasive particles. </claim-text><claim-text>The method according to any one of claims 1 to 3 said track further having a track width, said optionally translational movement after one full rotation being equal to or less than said track width. 
<!-- EPO <DP n="32"/>-->
</claim-text><claim-text>5. The method according to any one of claims 1 to 4 wherein said supply of metal matrix material is by means of carrying metal matrix material powder in a stream of carrier gas, whereby said metal matrix material powder is heated by said laser beam prior to impinging on said metallic tube. </claim-text><claim-text>6. The method according to any one of claims 1 to 5 wherein said step of stopping the cladding of said tube is effected by first stopping said supply of abrasive particles optionally followed by switching off said laser beam while the supply of metal matrix material is continued for at least one rotation of said tube. </claim-text><claim-text>7. The method according to any one of claims 1 to 6 wherein said building of said abrasive layer is delimited by one or two side forming pieces held at one or both ends of said tube. </claim-text><claim-text>8. The method according to any one of claims 1 to 7 further comprising the step of </claim-text><claim-text> - shaping the outer surface of said abrasive layer by contacting said layer with a mould </claim-text><claim-text> after the stopping of said cladding but prior to the cooling down of said bead. </claim-text><claim-text>9. The method according to claim 8 wherein said mould is pushed and rolled against said bead for at least the whole perimeter of said bead. </claim-text><claim-text>10. The method according to any one of claims 7 to 9 wherein said mould </claim-text><claim-text> and/or said forming pieces are made of a material that reflects the light of said laser beam to limit heating of said forming pieces and/or said mould. </claim-text><claim-text>11. The method according to any one of claims 7 to 10 wherein the surface of said mould and/or said forming pieces contacting said abrasive layer are shaped for imposing an outer shape to said abrasive layer. 
<!-- EPO <DP n="33"/>-->
</claim-text><claim-text>12. The method according to any one of claims 1 to 1 1 followed by the steps of;</claim-text><claim-text>- cutting said bead from said tube; </claim-text><claim-text> - axially progressing said tube by the length of one bead; </claim-text><claim-text>13. The method according to any one of claims 1 to 12 wherein said tube is cooled by moving a solid and/or a fluid through it. </claim-text><claim-text>14. The method according to claim 13 wherein said solid is a steel cord. </claim-text><claim-text>15. A bead suitable for use in a sawing cord characterised in that said bead is made according any one of the claims 1 to 14. 
</claim-text></claim></claims><copyright>User acknowledges that Fairview Research LLC and its third party providers retain all right, title and interest in and to this xml under applicable copyright laws.  User acquires no ownership rights to this xml including but not limited to its format.  User hereby accepts the terms and conditions of the Licence Agreement</copyright></patent-document>
