<?xml version="1.0" encoding="UTF-8"?>
<patent-document ucid="EP-2680986-A1" country="EP" doc-number="2680986" kind="A1" date="20140108" family-id="45771803" file-reference-id="318301" date-produced="20180823" status="corrected" lang="DE"><bibliographic-data><publication-reference fvid="146586782" ucid="EP-2680986-A1"><document-id><country>EP</country><doc-number>2680986</doc-number><kind>A1</kind><date>20140108</date><lang>DE</lang></document-id></publication-reference><application-reference ucid="EP-12706235-A" is-representative="NO"><document-id mxw-id="PAPP154848974" load-source="docdb" format="epo"><country>EP</country><doc-number>12706235</doc-number><kind>A</kind><date>20120222</date><lang>DE</lang></document-id><document-id mxw-id="PAPP188910958" load-source="docdb" format="original"><country>EP</country><doc-number>12706235.4</doc-number><date>20120222</date></document-id></application-reference><priority-claims><priority-claim mxw-id="PPC140553892" ucid="DE-102011013111-A" load-source="docdb"><document-id format="epo"><country>DE</country><doc-number>102011013111</doc-number><kind>A</kind><date>20110304</date></document-id></priority-claim><priority-claim mxw-id="PPC140557710" ucid="EP-2012052965-W" linkage-type="W" load-source="docdb"><document-id format="epo"><country>EP</country><doc-number>2012052965</doc-number><kind>W</kind><date>20120222</date></document-id></priority-claim></priority-claims><technical-data><classifications-ipcr><classification-ipcr mxw-id="PCL1989315887" load-source="docdb">B24B  55/06        20060101ALI20120928BHEP        </classification-ipcr><classification-ipcr mxw-id="PCL1989319715" load-source="docdb">B08B  15/04        20060101AFI20120928BHEP        </classification-ipcr><classification-ipcr mxw-id="PCL1989323115" load-source="docdb">B24B  55/10        20060101ALI20120928BHEP        </classification-ipcr></classifications-ipcr><classifications-cpc><classification-cpc mxw-id="PCL-1861390385" load-source="docdb" scheme="CPC">Y10T 409/304088    20130101 LA20170105BHEP        </classification-cpc><classification-cpc mxw-id="PCL-1908321018" load-source="docdb" scheme="CPC">B23B2260/058       20130101 LA20160818BHEP        </classification-cpc><classification-cpc mxw-id="PCL-1908321461" load-source="docdb" scheme="CPC">B23Q  11/0071      20130101 LA20160818BHEP        </classification-cpc><classification-cpc mxw-id="PCL-1908323467" load-source="docdb" scheme="CPC">B24B  55/10        20130101 LI20160819BHEP        </classification-cpc><classification-cpc mxw-id="PCL-1908323620" load-source="docdb" scheme="CPC">B23B2270/30        20130101 LA20160818BHEP        </classification-cpc><classification-cpc mxw-id="PCL-1908324140" load-source="docdb" scheme="CPC">B24B  55/06        20130101 LI20160819BHEP        </classification-cpc><classification-cpc mxw-id="PCL-1908324699" load-source="docdb" scheme="CPC">B23Q  11/0046      20130101 LI20160819BHEP        </classification-cpc><classification-cpc mxw-id="PCL-1908327953" load-source="docdb" scheme="CPC">Y02P  70/171       20151101 LA20160819BHEP        </classification-cpc><classification-cpc mxw-id="PCL-1908328639" load-source="docdb" scheme="CPC">Y10T 408/50        20130101 LA20160818BHEP        </classification-cpc><classification-cpc mxw-id="PCL1989636312" load-source="docdb" scheme="CPC">B08B  15/04        20130101 LI20131214BHEP        </classification-cpc><classification-cpc mxw-id="PCL1989645912" load-source="docdb" scheme="CPC">B23Q  11/0042      20130101 FI20131205BHEP        </classification-cpc></classifications-cpc><invention-title mxw-id="PT132364979" lang="DE" load-source="patent-office">VORRICHTUNG ZUR PROZESSPARALLELEN ABSAUGUNG VON BEI DER BEARBEITUNG EINES WERKSTÜCKS ANFALLENDEN BEARBEITUNGSPRODUKTEN</invention-title><invention-title mxw-id="PT132364980" lang="EN" load-source="patent-office">DEVICE FOR THE EXTRACTION, PARALLEL TO THE PROCESS, OF PROCESSING PRODUCTS ARISING DURING THE PROCESSING OF A WORKPIECE</invention-title><invention-title mxw-id="PT132364981" lang="FR" load-source="patent-office">DISPOSITIF POUR ASPIRER, PARALLÈLEMENT AU PROCESSUS, DES PRODUITS D'USINAGE FORMÉS LORS DE L'USINAGE D'UNE PIÈCE</invention-title></technical-data><parties><applicants><applicant mxw-id="PPAR919530350" load-source="docdb" sequence="1" format="epo"><addressbook><last-name>KRAUSS MAFFEI TECH GMBH</last-name><address><country>DE</country></address></addressbook></applicant><applicant mxw-id="PPAR919537016" load-source="docdb" sequence="1" format="intermediate"><addressbook><last-name>KRAUSSMAFFEI TECHNOLOGIES GMBH</last-name></addressbook></applicant><applicant mxw-id="PPAR919011490" load-source="patent-office" sequence="1" format="original"><addressbook><last-name>KraussMaffei Technologies GmbH</last-name><iid>100999285</iid><address><street>Krauss-Maffei Strasse 2</street><city>80997 München</city><country>DE</country></address></addressbook></applicant></applicants><inventors><inventor mxw-id="PPAR919545969" load-source="docdb" sequence="1" format="epo"><addressbook><last-name>EICKENS SEBASTIAN</last-name><address><country>DE</country></address></addressbook></inventor><inventor mxw-id="PPAR919518189" load-source="docdb" sequence="1" format="intermediate"><addressbook><last-name>EICKENS, SEBASTIAN</last-name></addressbook></inventor><inventor mxw-id="PPAR919009210" load-source="patent-office" sequence="1" format="original"><addressbook><last-name>EICKENS, SEBASTIAN</last-name><address><street>Mühlenhoeksweg 7</street><city>47625 Kevelaer</city><country>DE</country></address></addressbook></inventor><inventor mxw-id="PPAR919540520" load-source="docdb" sequence="2" format="epo"><addressbook><last-name>JANSEN MARKUS</last-name><address><country>DE</country></address></addressbook></inventor><inventor mxw-id="PPAR919515438" load-source="docdb" sequence="2" format="intermediate"><addressbook><last-name>JANSEN, MARKUS</last-name></addressbook></inventor><inventor mxw-id="PPAR919018848" load-source="patent-office" sequence="2" format="original"><addressbook><last-name>JANSEN, MARKUS</last-name><address><street>Bistard 47a</street><city>41751 Viersen</city><country>DE</country></address></addressbook></inventor></inventors><agents><agent mxw-id="PPAR919014335" load-source="patent-office" sequence="1" format="original"><addressbook><last-name>Wilhelm, Ludwig</last-name><iid>101399439</iid><address><street>KraussMaffei Group GmbH - Patentabteilung TS -</street><city>Krauss-Maffei-Strasse 2 80997 München</city><country>DE</country></address></addressbook></agent></agents></parties><international-convention-data><pct-or-regional-filing-data ucid="EP-2012052965-W"><document-id><country>EP</country><doc-number>2012052965</doc-number><kind>W</kind><date>20120222</date><lang>DE</lang></document-id></pct-or-regional-filing-data><pct-or-regional-publishing-data ucid="WO-2012119852-A1"><document-id><country>WO</country><doc-number>2012119852</doc-number><kind>A1</kind><date>20120913</date><lang>DE</lang></document-id></pct-or-regional-publishing-data><designated-states><ep-contracting-states><country mxw-id="DS549845366" load-source="docdb">AL</country><country mxw-id="DS549764694" load-source="docdb">AT</country><country mxw-id="DS549845367" load-source="docdb">BE</country><country mxw-id="DS549846458" load-source="docdb">BG</country><country mxw-id="DS549916517" load-source="docdb">CH</country><country mxw-id="DS549844263" load-source="docdb">CY</country><country mxw-id="DS549764695" load-source="docdb">CZ</country><country mxw-id="DS549859324" load-source="docdb">DE</country><country mxw-id="DS549845368" load-source="docdb">DK</country><country mxw-id="DS549844264" load-source="docdb">EE</country><country mxw-id="DS549776124" load-source="docdb">ES</country><country mxw-id="DS549846459" load-source="docdb">FI</country><country mxw-id="DS549846460" load-source="docdb">FR</country><country mxw-id="DS549859325" load-source="docdb">GB</country><country mxw-id="DS549845369" load-source="docdb">GR</country><country mxw-id="DS549859330" load-source="docdb">HR</country><country mxw-id="DS549844265" load-source="docdb">HU</country><country mxw-id="DS549916518" load-source="docdb">IE</country><country mxw-id="DS549845374" load-source="docdb">IS</country><country mxw-id="DS549846461" load-source="docdb">IT</country><country mxw-id="DS549845375" load-source="docdb">LI</country><country mxw-id="DS549859331" load-source="docdb">LT</country><country mxw-id="DS549764696" load-source="docdb">LU</country><country mxw-id="DS549859332" load-source="docdb">LV</country><country mxw-id="DS549859333" load-source="docdb">MC</country><country mxw-id="DS549764701" load-source="docdb">MK</country><country mxw-id="DS549764702" load-source="docdb">MT</country><country mxw-id="DS549845376" load-source="docdb">NL</country><country mxw-id="DS549859338" load-source="docdb">NO</country><country mxw-id="DS549845377" load-source="docdb">PL</country><country mxw-id="DS549846466" load-source="docdb">PT</country><country mxw-id="DS549845382" load-source="docdb">RO</country><country mxw-id="DS549846467" load-source="docdb">RS</country><country mxw-id="DS549845383" load-source="docdb">SE</country><country mxw-id="DS549916519" load-source="docdb">SI</country><country mxw-id="DS549859339" load-source="docdb">SK</country><country mxw-id="DS549859340" load-source="docdb">SM</country><country mxw-id="DS549764703" load-source="docdb">TR</country></ep-contracting-states></designated-states></international-convention-data><office-specific-data><eptags><ep-no-a-document-published>*</ep-no-a-document-published></eptags></office-specific-data></bibliographic-data><abstract mxw-id="PA100072167" ref-ucid="WO-2012119852-A1" lang="DE" load-source="patent-office"><p num="0000">Beschrieben wird eine Vorrichtung zur prozessparallelen und am Ort der Bearbeitung effektiven Absaugung von bei der Bearbeitung eines Werkstücks mittels einer Bearbeitungseinrichtung (1) anfallenden Bearbeitungsprodukten, beispielsweise bei Fräsarbeiten mit Industrierobotern. Erfindungsgemäß ist eine doppelwandige Absaughaube (2) vorgesehen, welche ein erstes inneres Gehäuseteil (2a) und davon beabstandet ein zweites äußeres Gehäuseteil (2b) aufweist, wobei die beiden Gehäuseteile (2a, 2b) koaxial zueinander und teilweise ineinander angeordnet sind, derart dass zwischen den beiden Gehäuseteilen (2a, 2b) ein Luftkanal (7) gebildet wird. Der Luftkanal (7) weist ein vorderes, auf das Werkstück ausrichtbares Ende (7a) und ein diesem Ende gegenüberliegend hinteres Ende (7b) auf, wobei in dem Luftkanal (7) eine von dem vorderen Ende (7a) zu dem hinteren Ende (7b) gerichtete Strömung (8) erzeugbar ist. Die Absaughaube (2), insbesondere das innere Gehäuseteil (2a) der Absaughaube (2), ist zur Aufnahme von zumindest einem Teil der Bearbeitungseinrichtung (1) ausgebildet und mit diesem verbindbar.</p></abstract><abstract mxw-id="PA100340207" ref-ucid="WO-2012119852-A1" lang="DE" source="national office" load-source="docdb"><p>Beschrieben wird eine Vorrichtung zur prozessparallelen und am Ort der Bearbeitung effektiven Absaugung von bei der Bearbeitung eines Werkstücks mittels einer Bearbeitungseinrichtung (1) anfallenden Bearbeitungsprodukten, beispielsweise bei Fräsarbeiten mit Industrierobotern. Erfindungsgemäß ist eine doppelwandige Absaughaube (2) vorgesehen, welche ein erstes inneres Gehäuseteil (2a) und davon beabstandet ein zweites äußeres Gehäuseteil (2b) aufweist, wobei die beiden Gehäuseteile (2a, 2b) koaxial zueinander und teilweise ineinander angeordnet sind, derart dass zwischen den beiden Gehäuseteilen (2a, 2b) ein Luftkanal (7) gebildet wird. Der Luftkanal (7) weist ein vorderes, auf das Werkstück ausrichtbares Ende (7a) und ein diesem Ende gegenüberliegend hinteres Ende (7b) auf, wobei in dem Luftkanal (7) eine von dem vorderen Ende (7a) zu dem hinteren Ende (7b) gerichtete Strömung (8) erzeugbar ist. Die Absaughaube (2), insbesondere das innere Gehäuseteil (2a) der Absaughaube (2), ist zur Aufnahme von zumindest einem Teil der Bearbeitungseinrichtung (1) ausgebildet und mit diesem verbindbar.</p></abstract><abstract mxw-id="PA100072168" ref-ucid="WO-2012119852-A1" lang="EN" load-source="patent-office"><p num="0000">The invention relates to a device for the extraction, parallel to the process and effective at the processing location, of processing products arising during the processing of a workpiece by means of a processing device (1), for example during milling work by means of industrial robots. According to the invention, a double-walled extraction hood (2) is provided, which has a first inner housing part (2a) and a second outer housing part (2b) arranged at a distance from the first inner housing part, wherein the two housing parts (2a, 2b) are arranged coaxial with each other and partially within each other in such a way that an air channel (7) is formed between the two housing parts (2a, 2b). The air channel (7) has a front end (7a) that can be aligned with the workpiece and a rear end (7b) opposite the front end, wherein a flow (8) directed from the front end (7a) to the rear end (7b) can be created in the air channel (7). The extraction hood (2), in particular the inner housing part (2a) of the extraction hood (2), is designed to accommodate at least part of the processing device (1) and can be connected thereto.</p></abstract><abstract mxw-id="PA100340208" ref-ucid="WO-2012119852-A1" lang="EN" source="national office" load-source="docdb"><p>The invention relates to a device for the extraction, parallel to the process and effective at the processing location, of processing products arising during the processing of a workpiece by means of a processing device (1), for example during milling work by means of industrial robots. According to the invention, a double-walled extraction hood (2) is provided, which has a first inner housing part (2a) and a second outer housing part (2b) arranged at a distance from the first inner housing part, wherein the two housing parts (2a, 2b) are arranged coaxial with each other and partially within each other in such a way that an air channel (7) is formed between the two housing parts (2a, 2b). The air channel (7) has a front end (7a) that can be aligned with the workpiece and a rear end (7b) opposite the front end, wherein a flow (8) directed from the front end (7a) to the rear end (7b) can be created in the air channel (7). The extraction hood (2), in particular the inner housing part (2a) of the extraction hood (2), is designed to accommodate at least part of the processing device (1) and can be connected thereto.</p></abstract><abstract mxw-id="PA100072169" ref-ucid="WO-2012119852-A1" lang="FR" load-source="patent-office"><p num="0000">L'invention concerne un dispositif pour aspirer, parallèlement au processus et de manière efficace sur le lieu d'usinage, des produits d'usinage formés lors de l'usinage d'une pièce au moyen d'un dispositif d'usinage (1), par exemple lors du fraisage avec des robots industriels. Selon l'invention, un capot d'aspiration (2) à double paroi présente une première partie intérieure de boîtier (2a) et à distance de ce dernier, une seconde partie extérieure de boîtier (2b), les deux parties de boîtier (2a, 2b) étant disposées coaxialement l'une par rapport à l'autre et en partie l'une dans l'autre, de sorte à créer un canal d'air (7) entre les deux parties de boîtier (2a, 2b). Ledit canal d'air (7) présente une extrémité avant (7a) pouvant être dirigée sur la pièce et une extrémité arrière (7b) située à l'opposé de l'extrémité avant, un écoulement (8) dirigé de l'extrémité avant (7a) à l'extrémité arrière (7b) pouvant être généré dans le canal d'air (7). Le capot d'aspiration (2), en particulier la partie intérieure de boîtier (2a) dudit capot d'aspiration (2), est conçu de manière à loger au moins une partie du dispositif d'usinage (1) et à pouvoir être relié audit dispositif d'usinage,</p></abstract><abstract mxw-id="PA100340209" ref-ucid="WO-2012119852-A1" lang="FR" source="national office" load-source="docdb"><p>L'invention concerne un dispositif pour aspirer, parallèlement au processus et de manière efficace sur le lieu d'usinage, des produits d'usinage formés lors de l'usinage d'une pièce au moyen d'un dispositif d'usinage (1), par exemple lors du fraisage avec des robots industriels. Selon l'invention, un capot d'aspiration (2) à double paroi présente une première partie intérieure de boîtier (2a) et à distance de ce dernier, une seconde partie extérieure de boîtier (2b), les deux parties de boîtier (2a, 2b) étant disposées coaxialement l'une par rapport à l'autre et en partie l'une dans l'autre, de sorte à créer un canal d'air (7) entre les deux parties de boîtier (2a, 2b). Ledit canal d'air (7) présente une extrémité avant (7a) pouvant être dirigée sur la pièce et une extrémité arrière (7b) située à l'opposé de l'extrémité avant, un écoulement (8) dirigé de l'extrémité avant (7a) à l'extrémité arrière (7b) pouvant être généré dans le canal d'air (7). Le capot d'aspiration (2), en particulier la partie intérieure de boîtier (2a) dudit capot d'aspiration (2), est conçu de manière à loger au moins une partie du dispositif d'usinage (1) et à pouvoir être relié audit dispositif d'usinage,</p></abstract><description mxw-id="PDES51373794" ref-ucid="WO-2012119852-A1" lang="DE" load-source="patent-office"><!-- EPO <DP n="3"/>--><p id="p0001" num="0001"> Vorrichtung zur prozessparallelen Absaugung von bei der Bearbeitung eines Werkstücks anfallenden Bearbeitungsprodukten </p><p id="p0002" num="0002">Beschreibung </p><p id="p0003" num="0003">Die vorliegende Erfindung betrifft eine Vorrichtung zur Absaugung von bei der Bearbeitung eines Werkstücks mittels einer Bearbeitungseinrichtung anfallenden Bearbeitungsprodukten. Insbesondere geht es um die Abführung von Bearbeitungsprodukten, welche in einer Luft- bzw. gasförmigen Strömung durch eine definierte Strömungsführung befördert werden. </p><p id="p0004" num="0004">Aus der DE4225014C2 ist eine Absaugvorrichtung für Schweiß- oder Schneidanlagen bekannt, bei welcher eine Absaughaube an dem Brenner oder einem Brennerhalter befestigt ist. Die Absaughaube ist über Absaugschläuche mit einem Vakuumerzeuger verbunden, um die beim Schweißen oder Schneiden entstehenden Rauchgase abzusaugen. </p><p id="p0005" num="0005">Der Erfindung liegt die Aufgabe zugrunde, bei der Bearbeitung eines Werkstücks anfallende Bearbeitungsprodukte auch bei Konturbearbeitungen im 3-dimensionalen Bereich sicher abfördern zu können. Insbesondere sollen mit der Erfindung die Bearbeitungsprodukte direkt an ihrem Entstehungsort in eine geeignete Strömung aufgenommen und prozessparallel abgefördert werden können. Die Freiheitsgrade sowie der Bewegungsfreiraum des führenden Bewegungsautomaten sollen, insbesondere bei medienversorgten Werkzeugen, in äußerst geringem Umfang beeinträchtigt werden. </p><p id="p0006" num="0006">Zur Lösung dieser Aufgabe wird eine Absaug-Vorrichtung mit den Merkmalen von Anspruch 1 vorgeschlagen. Vorteilhafte Ausgestaltungen und Weiterentwicklungen finden sich in den abhängigen Ansprüchen. </p><p id="p0007" num="0007">Dadurch, dass eine doppelwandige Absaughaube vorgesehen ist, welche ein erstes inneres Gehäuseteil und davon beabstandet ein zweites äußeres Gehäuseteil aufweist, wobei die beiden Gehäuseteile koaxial zueinander und teilweise ineinander angeordnet sind, derart dass zwischen den beiden Gehäuseteilen ein Luftkanal gebildet wird, wobei 
<!-- EPO <DP n="4"/>-->
 der Luftkanal ein vorderes, auf das Werkstück ausrichtbares Ende und ein diesem Ende gegenüberliegend hinteres Ende aufweist, wobei in dem Luftkanal eine von dem vorderen Ende zu dem hinteren Ende gerichtete Strömung erzeugbar ist, und wobei die Absaughaube, insbesondere das innere Gehäuseteil der Absaughaube, zur Aufnahme von zumindest einem Teil der Bearbeitungseinrichtung ausgebildet und mit diesem verbindbar ist, kann am Entstehungsort der Bearbeitungsprodukte eine gezielte Luftströmung erzeugt werden. Die durch eine Druckdifferenz beschleunigte Luft wird innerhalb eines werkzeugumschließenden Luftkanals geführt. Der Luftkanal ist strömungsoptimiert ausgelegt und dadurch optimal für den Transport von Partikeln in der Strömung geeignet. Durch die Vermeidung von Strömungshindernissen oder Widerständen werden nachteilige Verwirbelungen oder Strömungsabrisse vermieden. </p><p id="p0008" num="0008">Die doppelwandige Ausführung der Absaughaube bietet darüber hinaus den Vorteil, dass nahezu keine Bearbeitungsprodukte als beschleunigte Partikel auf das in die Strömung hineinragende Werkzeug auftreffen. Dies gilt insbesondere dann, wenn das innere Gehäuseteil der Absaughaube eine schützende dünnwandige Ummantelung bildet, die zumindest teilweise über die Bearbeitungseinrichtung gestülpt wird. Die Befestigung dieser Schutzummantelung, welche gleichzeitig die Funktion des ersten inneren Gehäuseteils und somit die innere Wandung des strömungsführenden Kanals übernimmt, kann in die Anschlussklemmung zum Bewegungsautomaten der gesamten Bearbeitungsvorrichtung integriert sein. Das innere Gehäuseteil ist an seinem dem Werkstück zugewandten Ende mit einer Öffnung bzw. einem Durchbruch versehen. Dies ermöglicht die Verbindung vom Werkzeugantrieb zur eigentlichen Werkzeugaufnahme, welche wiederum die Drehmomentübertragung des Antriebs zum Werkzeug selbst sicherstellt. Ein geringes Spaltmaß dieses Durchbruchs zur Werkzeugaufnahme lässt einen definierten Austritt an Sperrluft der Überdruckkapselung des Antriebs in den freien Strömungsbereich der Absaughaube zu und verhindert somit im Betrieb, auch ohne eine mechanisch geschlossene Einhausung, einen Eintritt von Partikeln in das Antriebsgehäuse. </p><p id="p0009" num="0009">Das zweite äußere Gehäuseteil der Absaugvorrichtung, d.h. die äußere Ummantelung des Strömungskanals, kann vorzugsweise ebenfalls aus einem stabilen Flachmaterial gefertigt sein. Je nach Anwendungsfall, Größe des Werkzeugantriebs, Art des Werkzeuges oder Menge und Größe der abzufördernden Bearbeitungsprodukte ist das 
<!-- EPO <DP n="5"/>-->
 zweite äußere Gehäuseteil in einem definierten Abstand zum inneren Gehäuseteil angeordnet. D.h. zwischen der inneren und äußeren Wandung des strömungsführenden Luftkanals wird ein definierter Abstand gebildet. Durch die Wahl dieses Abstandsmaßes kann man den Strömungsquerschnitt und den damit verbundenen Volumenstrom und die Strömungsgeschwindigkeit gezielt variieren. Ebenfalls wird durch die Querschnittsbegrenzung die Größe der förderbaren Bearbeitungsprodukte eingestellt. </p><p id="p0010" num="0010">Vorteilhaft kann zwischen dem vorderen Ende des inneren Gehäuseteils und dem vorderen Ende des äußeren Gehäuseteils ein Raum zur Aufnahme von einem vorderen Endabschnitt der Bearbeitungseinrichtung vorgesehen werden. Außerdem kann vorteilhafterweise das innere Gehäuseteil einen Bereich mit einem Innendurchmesser aufweisen, der geringfügig größer ist als der Aussendurchmesser der inneren Bearbeitungseinrichtung in diesem Bereich, so dass das innere Gehäuseteil in diesem Bereich zur vorzugsweise passgenauen Aufnahme von zumindest einem Teil der Bearbeitungseinrichtung ausgebildet ist, insbesondere zur Aufnahme und Befestigung der Antriebseinheit. Besonders vorteilhaft kann das äußere Gehäuseteil ein konisch zulaufendes vorderes Endstück aufweisen, welches vorzugsweise an die Kontur der Bearbeitungseinrichtung in diesem Bereich angepasst ist. In diesem Bereich kann die Werkzeugaufnahme und das Werkzeug angeordnet werden. Im Ergebnis verlängert somit das äußere Gehäuseteil die strömungsführende Umhausung der Absaugeinrichtung bis an den Einsatzbereich des Bearbeitungswerkzeugs, sodass gezielt die entstehenden Bearbeitungsprodukte unmittelbar nach Ihrer Entstehung in der freien Strömung in eine geführte definierte Strömung aufgenommen werden können. Die Bauform des äußeren Gehäuseteils ist an die notwendigen Strömungsquerschnitte angepasst. Sie weist vorzugsweise eine glatte Oberfläche und eine schlanke Geometrie auf. Damit ist die erfindungsgemäße Absaugvorrichtung bestens für den Einsatz an Bewegungsautomaten geeignet. </p><p id="p0011" num="0011">Diese neuartige, an die Gegebenheiten wie Antriebseinheit und Werkzeugart angepasste und weitestgehend integrierte Bauform, bietet kleinstmögliche Störkonturen und ermöglicht somit eine maximale Ausnutzung der Freiheitsgrade und Bewegungsmöglichkeiten der eingesetzten Bewegungsautomaten, insbesondere bei komplexen dreidimensionalen Konturbearbeitungen. Die Strömungsführung für den 
<!-- EPO <DP n="6"/>-->
 Transport von Bearbeitungsprodukten ist somit integrierter Bestandteil der Bearbeitungseinheit. </p><p id="p0012" num="0012">Am oberen Ende des Strömungskanals wird die werkzeugumhüllende Strömung wieder zentral zusammengeführt und über eine Strömungsumlenkkammer zu einem Anschlussstutzen geführt. An diesem Anschlussstutzen kann eine standardisierte weiterführende Strömungsleitung angeschlossen werden, welche ihrerseits beispielsweise an einen geeigneten Unterdruckerzeuger anschließbar ist. </p><p id="p0013" num="0013">In einer bevorzugten Ausführungsform wird am unteren Ende des Strömungskanals als Dichtelement zum bearbeitenden Produktteil ein Bürstenaufsatz bzw. ein Borstenring vorgesehen, welcher beispielsweise an die äußere Wandung des Strömungskanals lösbar angebracht werden kann. Diese Bürste dient der flexiblen Kapselung des unmittelbaren Bearbeitungsbereichs. Durch die ringförmig umlaufenden Borsten werden durch den Bearbeitungsprozess beschleunigte Partikel daran gehindert, den Einflussbereich der gerichteten Luftströmung und damit der Partikel-Transportströmung zu verlassen. Weiterhin ermöglicht dieser Borstenabschluss einen mechanischen, jedoch flexiblen Dichtkontakt zu dem zu bearbeitenden Werkstück. Hierdurch wird die Strömungswirkung in optimale Nähe des Entstehungsortes der abzuführenden Bearbeitungsprodukte gebracht; eine Strömungssättigung bereits vor dem Erreichen dieser Position durch einströmende Fremdmedien kann somit weitestgehend vermieden werden. Die Fasern der Bürste können in einer speziellen Ausführungsvariante aus Materialien bestehen, die eine elektrostatische Aufladung des zu bearbeitenden Werkstücks in diesem Bereich oder der Borsten selbst, vermeiden. Der zur Fixierung der Borsten eingesetzte Grundkörper kann aus einem elastischen Material gefertigt sein, was es ermöglicht - je nach Ausführungsvariante - den entsprechenden Durchmesser des unteren Endes des Strömungskanals zu umschlingen. </p><p id="p0014" num="0014">Gemäß einem weiteren Aspekt der vorliegenden Erfindung ist das äußere Gehäuseteil als Ganzes oder in ein oder mehreren Teilstücken von der Absaughaube lösbar ausgebildet, wobei die lösbaren Teile des äußeren Gehäuseteils aus einer einen geschlossenen Zustand der Absaughaube bildenden Position in eine einen geöffneten Zustand der Absaughaube bildende Position und umgekehrt bewegbar sind. Mit dieser Möglichkeit kann die komplette Werkzeugaufnahme der Antriebseinheit freigelegt und 
<!-- EPO <DP n="7"/>-->
 ein automatischer Werkzeugwechsel durch eine Magazinbestückung durchgeführt werden. Weiterhin bietet dies die Möglichkeit, bei nicht notwendiger Abführung von Bearbeitungsprodukten auch Konturbereiche des zu bearbeitenden Werkstücks zu erreichen, die im geschlossenen Zustand der Absaughaube nicht oder nur mit erhöhtem Aufwand bearbeitet werden können. </p><p id="p0015" num="0015">Zum Bewegen der lösbaren Teile können Antriebsmittel vorgesehen sein, mit denen die lösbaren Teile des äußeren Gehäuseteils parallel zur Längsachse der Absaughaube vor und zurück verfahrbar sind. In einer ersten alternativen Ausführungsform können die lösbaren Teile auch von der Längsachse der Absaughaube wegbewegbar ausgebildet sein. In einer weiteren alternativen Ausführungsform können die lösbaren Teile jeweils um eine parallel oder orthogonal zur Längsachse der Absaughaube liegende Achse schwenkbar ausgebildet sein. </p><p id="p0016" num="0016">Durch diese Technik mit den lösbaren Teilen können Varianten des äußeren Gehäuseteils ausgebildet werden, insbesondere zur Bildung verschiedener Strömungskanäle mit unterschiedlichen Geometrien, Bürstenarten oder Borstenlängen. Die lösbaren Teile und gegebenenfalls passende Bürstenaufsätze können aus einem Magazin vollautomatisch je nach Anwendungsfall entnommen und zu dem äußeren Gehäuseteil mit der gewünschten Geometrie zusammengesetzt werden, Es müssen lediglich die lösbaren Teile der einen Variante gegen lösbare Teile in einer anderen Variante ausgetauscht werden. Die korrekte Positionierung der lösbaren Teile wird durch eine entsprechende Sensorik überwacht. </p><p id="p0017" num="0017">Als Einsatzgebiete dieser Erfindung sind neben allen klassischen Zerspanungsbearbeitungen in CNC-Maschinen auch Zerspanungsaufgaben in robotergeführten Prozessen aufzuführen. Besonders beim Einsatz von Industrierobotern als flexible führende Bewegungsautomaten sollen bei komplexen Konturbearbeitungen die maschinentypischen Bewegungsmöglichkeiten beim Einsatz von Absaugvorrichtungen zur Beseitigung von Zerspanungsabfällen nicht beeinträchtigt werden. Dies wird mit der vorliegenden Erfindung erreicht. Weiterhin ermöglicht diese Erfindung, speziell bei der zerspanenden Bearbeitung von faserverstärkten Kunststoffen, die kontrollierte Abführung von gesundheits- oder explosionsgefährlichen Stäuben aus dem Bearbeitungsbereich. 
<!-- EPO <DP n="8"/>-->
 Nachfolgend soll die Erfindung anhand von Ausführungsbeispielen und unter Bezugnahme auf die Figuren 1 bis 7b näher beschrieben werden. Es zeigen: </p><p id="p0018" num="0018">Fig.1 Seitenansicht von Absaugvorrichtung und Bearbeitungseinrichtung in </p><p id="p0019" num="0019"> zerlegtem Zustand; </p><p id="p0020" num="0020"> Fig.2 Seitenansicht von Absaugvorrichtung und Bearbeitungseinrichtung in </p><p id="p0021" num="0021"> zusammengebautem Zustand; </p><p id="p0022" num="0022">Fig.3a Seitenansicht gemäß Fig.2 mit Absaughaube in geschlossenem Zustand; Fig.3b Seitenansicht gemäß Fig.2 mit Absaughaube in geöffnetem Zustand; </p><p id="p0023" num="0023">Fig.4a Seitenansicht gemäß Fig.2 mit Absaughaube in geschlossenem Zustand und mit Linearantriebsmitteln; </p><p id="p0024" num="0024">Fig.4b Seitenansicht gemäß Fig.2 mit Absaughaube in geöffnetem Zustand und mit Linearantriebsmitteln; </p><p id="p0025" num="0025">Fig.5a Seitenansicht gemäß Fig.2 mit Saugrohren und in geschlossenem </p><p id="p0026" num="0026"> Zustand der Absaughaube; </p><p id="p0027" num="0027">Fig.5b Seitenansicht gemäß Fig.2 mit Saugrohren und in geöffnetem Zustand der </p><p id="p0028" num="0028"> Absaughaube; </p><p id="p0029" num="0029"> Fig.6a Seitenansicht gemäß Fig.2 und mit einer ersten Ausführungsform einer </p><p id="p0030" num="0030"> Absaughaube mit teilbarem äußerem Gehäuseteil in geschlossenem Zustand; </p><p id="p0031" num="0031"> Fig.6b Seitenansicht gemäß Fig.2 und mit einer ersten Ausführungsform einer </p><p id="p0032" num="0032"> Absaughaube mit teilbarem äußerem Gehäuseteil in geöffnetem Zustand;</p><p id="p0033" num="0033">Fig.7a Seitenansicht gemäß Fig.2 und mit einer zweiten Ausführungsform einer </p><p id="p0034" num="0034"> Absaughaube mit teilbarem äußerem Gehäuseteil in geschlossenem Zustand; </p><p id="p0035" num="0035"> Fig.7b Seitenansicht gemäß Fig.2 und mit einer zweiten Ausführungsform einer </p><p id="p0036" num="0036"> Absaughaube mit teilbarem äußerem Gehäuseteil in geöffnetem Zustand. </p><p id="p0037" num="0037">Die Figur 1 zeigt eine schematische Seitenansicht einer Vorrichtung zur Bearbeitung eines Werkstücks mit einer Werkstück-Bearbeitungseinrichtung 1 , welche eine Antriebseinheit 1 a, eine Werkzeugaufnahmeeinrichtung 1 b und ein Werkzeug 1 c aufweist. Beispielsweise kann es sich bei der Werkstück-Bearbeitungseinrichtung um eine Fräseinrichtung mit einer Frässpindel 1 a und einem Fräswerkzeug 1 c handeln. Die erfindungsgemäße Absaug-Vorrichtung 2 umfasst ein erstes, inneres Gehäuseteil 2a 
<!-- EPO <DP n="9"/>-->
 sowie ein zweites, äußeres Gehäuseteil 2b. Die beiden Gehäuseteile 2a und 2b verfügen jeweils über ein konusförmiges vorderes Endstück 2a' bzw. 2b' und dahinterliegende Zylinderstücke 2a" und 2b". Am unteren, im Betrieb dem Werkstück zugewandten Ende, ist ein Bürstenaufsatz 2c vorgesehen. Diesem Ende gegenüberliegend ist eine Strömungsumlenkkammer 2d mit einem Anschlussstutzen 3 vorgesehen, an den ein Schlauch angeschlossen werden kann, welcher mit einem geeigneten Unterdruckerzeuger verbindbar ist. Desweiteren sind in der Figur 1 ein Klemmring 4 und eine Halterung 5 zu sehen. Mittels des Klemmrings 4 kann die Absaug-Vorrichtung 2 an der Antriebseinheit 1 a der Werkstück-Bearbeitungseinrichtung befestigt werden. Die Halterung 5 dient der Befestigung der Einheit aus Werkstück- Bearbeitungseinrichtung 1 und Absaug-Vorrichtung 2 an einem Handhabungsautomaten, beispielsweise an einem Arm eines Industrieroboters. </p><p id="p0038" num="0038">Die Figur 2 zeigt die Anordnung aus der Figur 1 im zusammengebauten Zustand und unter der Annahme, dass ein Unterdruckerzeuger an dem Anschlussstutzen 3 angeschlossen ist. Um die einzelnen Bestandteile besser erkennen zu können, sind einige dieser Bestandteile mit bauteilspezifischen Schraffuren versehen. Die Antriebseinheit 1 a ist in dem inneren Gehäuseteil 2a aufgenommen und mittels des Klemmrings 4 an der Antriebseinheit 1 a befestigt. Das innere Gehäuseteil 2a erstreckt sich über den gesamten vorderen Abschnitt der Antriebseinheit 1 a. Die Länge des inneren Gehäuseteils 2a sowie die Länge und die Kontur des Endstücks 2a' sind so bemessen, dass die Werkzeugaufnahmeeinrichtung 1 b zumindest teilweise aus dem inneren Gehäuseteil 2a herausragt. Das äußere Gehäuseteil 2b ist an der Unterseite der Strömungsumlenkkammer 2d befestigt, beispielsweise mittels eines geeigneten Flansche 13 und die Strömungsumlenkkammer 2d kann ihrerseits mit dem Klemmring 4 verbunden sein. Zwischen dem vorderen Ende des inneren Gehäuseteils 2a und dem vorderen Ende des äußeren Gehäuseteils 2b wird ein Raum 6 zur Aufnahme von einem vorderen Endabschnitt der Bearbeitungseinrichtung 1 gebildet. Vorliegend sind in diesem Raum 6 die Werkzeugaufnahmeeinrichtung 1 b und das Werkzeug 1 c aufgenommen. Auf diese Weise wird ein Luftkanal 7 zwischen der Aussenseite des inneren Gehäuseteils 2a und der Innenseite des äußeren Gehäuseteils 2b gebildet. Der Luftkanal 7 weist ein vorderes, auf das Werkstück ausrichtbares Ende 7a und ein diesem Ende gegenüberliegendes hinteres Ende 7b auf. Der vorgenannte Raum 6 bildet somit einen Teilabschnitt des Luftkanals 7. In diesem Luftkanal 7 ist eine von dem 
<!-- EPO <DP n="10"/>-->
 vorderen Ende 7a zu dem hinteren Ende 7b gerichtete Strömung erzeugbar, welche durch die Pfeile 8 veranschaulicht werden soll. Die Strömung 8 wird in der Strömungsumlenkkammer 2d in Richtung des Anschlussstutzens 3 umgelenkt und in einen hier nicht dargestellten Schlauch geführt, der an einen hier ebenfalls nicht dargestellten Unterdruckerzeuger angeschlossen ist. Je nach Ausgestaltung des vorderen Endes der Absaughaube 2 kann das vordere Ende 7a des Luftkanals 7 am vorderen Ende des äußeren Gehäuseteils 2b oder am vorderen Ende des Bürstenaufsatzes 2c liegen. Es kommt lediglich darauf an, dass am vorderen Ende der Absaughaube 2 ein Unterdruck und somit eine am vorderen Ende der Absaughaube 2 in diese eintretende Strömung 8 erzeugt wird, die die am Bearbeitungsort anfallenden Bearbeitungsprodukte aufnehmen kann. Diese Bearbeitungsprodukte werden dann von der Strömung 8 mitgenommen, um das Werkzeug 1 c und die Werkzeugaufnahmeeinrichtung 1 b herum geführt und im weiteren in den Ringspalt zwischen den beiden Gehäuseteilen 2a und 2b hinein geführt. Das innere Gehäuseteil 2a verhindert somit ein Auftreffen oder ein Eindringen von Bearbeitungsprodukten auf bzw. in die übrigen Bestandteile der Bearbeitungseinrichtung 1 . </p><p id="p0039" num="0039">Gemäß einem weiterem Aspekt der Erfindung ist das äußere Gehäuseteil 2b als Ganzes oder in ein oder mehreren Teilstücken von der Absaughaube 2 lösbar ausgebildet, wobei die lösbaren Teile des äußeren Gehäuseteils 2b aus einer einen geschlossenen Zustand der Absaughaube 2 bildenden Position in eine einen geöffneten Zustand der Absaughabe 2 bildende Position und umgekehrt gebracht werden können bzw. bewegbar sind. Die Figur 3a zeigt die Anordnung aus der Figur 1 im zusammengebauten Zustand und im geschlossenen Zustand der Absaughaube 2. Die Figur 3b zeigt einen Zustand, bei dem das äußere Gehäuseteil 2b als Ganzes von der Absaughaube 2 gelöst worden ist, bei der sich die Absaughaube 2 also in einem geöffneten Zustand befindet. Aus der Fgur 3b ist ersichtlich, dass bei geöffnetem Zustand der Absaughaube 2 die Raum 6 und die dort befindlichen Bestandteile 1 b und 1 c der Bearbeitungseinrichtung 1 frei zugänglich sind. Das äußere Gehäuseteil 2b kann von Hand oder maschinell von der Absaughaube 2 gelöst und entfernt werden. Die Figuren 4a und 4b zeigen die Verwendung eines Linearantriebs 9, mit dem beispielsweise eine mit dem äußeren Gehäuseteil 2b verbundene Stange 10 parallel zur Längsachse der Absaugvorrichtung 2 verfahren werden kann. Die Figur 4a zeigt das äußere Gehäuseteil 2b in einer Position, die den geschlossenen Zustand der 
<!-- EPO <DP n="11"/>-->
 Absaughaube 2 bildet und die Figur 4b in einer Position, die den geöffneten Zustand der Absaughaube 2 bildet. In Abwandlung von dem hier gezeigten Beispiel kann das äußere Gehäuseteil 2b auch aus mehreren Teilen aufgebaut sein. Beispielsweise können das vordere Endstück 2b' und das dahinterliegende Zylinderstück 2b" voneinander lösbar ausgebildet sein. In diesem Fall kann es genügen, wenn nur das vordere Endstück 2b' von der Absaughaube 2 entfernt wird, um den Raum 6 und die dort befindlichen Bestandteile der Bearbeitungseinrichtung 1 freizulegen. </p><p id="p0040" num="0040">Ferner muss das vordere Endstück 2b' des äußeren Gehäuseteils 2b nicht notwendigerweise als geschlossenes Gehäuse ausgebildet sein. Man kann auch, wie dies in den Figuren 5a und 5b dargestellt ist, einzelne Saugrohre 1 1 zu einem Endstück 2b' zusammenfügen und mit dem dahinterliegenden Zylinderstück 2b" verbinden, wobei die Öffnungen der Saugrohre 1 1 so positioniert werden müssen, dass der oben beschriebene Luftkanal 7 gebildet wird. Das Gehäuseteil 2b kann entweder als Ganzes von der Absaughaube 2 entfernt werden (hier nicht dargestellt) oder es wird nur das vordere Endstück 2b' mit den Saugrohren 1 1 von der Absaughaube 2 gelöst, wie dieses vorliegend gezeigt ist. Hierzu können in geeigneter Weise angepasste Antriebsmittel 9, 10 verwendet werden, wie dies im Zusammenhang mit den Figuren 4a und 4b beschrieben ist. </p><p id="p0041" num="0041">Gemäß einer weiteren Ausgestaltung können die lösbaren Teile des äußeren Gehäuseteils 2b jeweils um eine parallel oder orthogonal zur Längsachse der Absaughaube 2 liegende Achse schwenkbar sein. Diese Ausführungsformen sind in den Figuren 6a/6b sowie 7a/7b dargestellt. Sowohl das äußere Gehäuseteil 2b als auch der Bürstenaufsatz 2c sind zweiteilig ausgeführt, so dass zwei Halbschalen 12a und 12b gebildet werden. Gemäß dem Ausführungsbeispiel der Figuren 6a und 6b sind die beiden Halbschalen 12a und 12b an Achsen A und B gelenkig gelagert, welche orthogonal zur Längsachse der Absaugvorrichtung 2 liegen. Durch eine Schwenkbewegung um die Achsen A und B können die beiden Halbschalen 12a und 12b aus der in der Figur 6a gezeigten Position in die in der Figur 6b gezeigte Position und zurück bewegt werden. Gemäß dem Ausführungsbeispiel der Figuren 7a und 7b sind die beiden Halbschalen 12a und 12b an einer Achse C gelenkig gelagert, welche parallel zur Längsachse der Absaughaube liegt. In den Figuren liegt diese Achse C genau hinter der Längsachse der Absaughaube 2. Durch eine Schwenkbewegung um 
<!-- EPO <DP n="12"/>-->
 die Achse C können die Halbschalen 12a und 12b aus der in der Figur 7a gezeigten Position in die in der Figur 7b gezeigte Position und zurück bewegt werden. Durch die zuvor beschriebenen Schwenkbewegungen können die lösbaren Teile 12a und 12b des äußeren Gehäuseteils 2b (hier mit 2c) aus einer einen geschlossenen Zustand der Absaughaube 2 bildenden Position (Figur 6a bzw. Figur 7a) in eine einen geöffneten Zustand der Absaughabe 2 bildende Position (Figur 6b bzw. Figur 7b) und umgekehrt gebracht werden. 
<!-- EPO <DP n="13"/>-->
</p><p id="p0042" num="0042">Bezugszeichenliste </p><p id="p0043" num="0043">1 Bearbeitungseinrichtung </p><p id="p0044" num="0044"> 1 a Antriebseinheit </p><p id="p0045" num="0045"> 1 b Werkzeugaufnahmeeinrichtung </p><p id="p0046" num="0046"> 1 c Werkzeug </p><p id="p0047" num="0047"> Absaugvorrichtung </p><p id="p0048" num="0048">2a Inneres Gehäuseteil </p><p id="p0049" num="0049">2a' Konisches Endstück </p><p id="p0050" num="0050">2b Äußeres Gehäuseteil </p><p id="p0051" num="0051">2b' Konisches Endstück </p><p id="p0052" num="0052">2b" Zylinderstück </p><p id="p0053" num="0053"> 2c Bürstenaufsatz </p><p id="p0054" num="0054"> 2c', 2c" Teile bei geteiltem Bürstenaufsatz 2c </p><p id="p0055" num="0055"> 2d Strömungsumlenkkammer </p><p id="p0056" num="0056"> 3 Anschlussstutzen </p><p id="p0057" num="0057"> 4 Klemmring </p><p id="p0058" num="0058"> 5 Halterung </p><p id="p0059" num="0059"> 6 Raum zur Aufnahme von einem vorderen Endabschnitt der </p><p id="p0060" num="0060"> Bearbeitungseinrichtung 1 </p><p id="p0061" num="0061"> 7 Luftkanal </p><p id="p0062" num="0062"> 7a Vorderes Ende des Luftkanals </p><p id="p0063" num="0063"> 7b Hinteres Ende des Luftkanals </p><p id="p0064" num="0064"> 8 Strömung </p><p id="p0065" num="0065"> 9 Linearantrieb </p><p id="p0066" num="0066"> 10 Stange </p><p id="p0067" num="0067"> 1 1 Saugrohre </p><p id="p0068" num="0068"> 12a Erste Halbschale </p><p id="p0069" num="0069"> 12b Zweite Halbschale </p><p id="p0070" num="0070"> 13 Befestigungsflanschs </p><p id="p0071" num="0071">A, B. C Schwenkachsen 
</p></description><claims mxw-id="PCLM44998404" ref-ucid="WO-2012119852-A1" lang="DE" load-source="patent-office"><claim-statement><!-- EPO <DP n="14"/>--> Ansprüche </claim-statement><claim id="clm-0001" num="1"><claim-text>1 . Vorrichtung zur Absaugung von bei der Bearbeitung eines Werkstücks mittels einer Bearbeitungseinrichtung (1 ) anfallenden Bearbeitungsprodukten, mit einer doppelwandigen Absaughaube (2), welche ein erstes inneres Gehäuseteil (2a) und davon beabstandet ein zweites äußeres Gehäuseteil (2b) aufweist, wobei die beiden Gehäuseteile (2a, 2b) koaxial zueinander und teilweise ineinander angeordnet sind, derart dass zwischen den beiden Gehäuseteilen (2a, 2b) ein Luftkanal (7) gebildet wird, wobei der Luftkanal (7) ein vorderes, auf das </claim-text><claim-text> Werkstück ausrichtbares Ende (7a) und ein diesem Ende gegenüberliegend hinteres Ende (7b) aufweist, wobei in dem Luftkanal (7) eine von dem vorderen Ende (7a) zu dem hinteren Ende (7b) gerichtete Strömung (8) erzeugbar ist, und wobei die Absaughaube (2), insbesondere das innere Gehäuseteil (2a) der Absaughaube (2), zur Aufnahme von zumindest einem Teil der </claim-text><claim-text> Bearbeitungseinrichtung (1 ) ausgebildet und mit diesem verbindbar ist. </claim-text></claim><claim id="clm-0002" num="2"><claim-text>2. Vorrichtung nach Anspruch 1 , </claim-text><claim-text> dadurch gekennzeichnet, dass </claim-text><claim-text> dass zwischen dem vorderen Ende des inneren Gehäuseteils (2a) und dem vorderen Ende des äußeren Gehäuseteils (2b) ein Raum (6) zur Aufnahme von einem vorderen Endabschnitt (1 a, 1 b) der Bearbeitungseinrichtung (1 ) vorgesehen ist. </claim-text></claim><claim id="clm-0003" num="3"><claim-text>3. Vorrichtung nach Anspruch 1 oder 2, </claim-text><claim-text> dadurch gekennzeichnet, dass </claim-text><claim-text> das innere Gehäuseteil (2a) einen Bereich (2a") mit einem Innendurchmesser aufweist, der geringfügig größer ist als der Aussendurchmesser der </claim-text><claim-text> Bearbeitungseinrichtung (1 ) in diesem Bereich, so dass das innere Gehäuseteil (2a) in diesem Bereich zur vorzugsweise passgenauen Aufnahme von zumindest einem Teil der Bearbeitungseinrichtung (1 ) ausgebildet ist. </claim-text></claim><claim id="clm-0004" num="4"><claim-text>4. Vorrichtung nach einem der vorstehenden Ansprüche, </claim-text><claim-text> dadurch gekennzeichnet, dass <!-- EPO <DP n="15"/>--> das äußere Gehäuseteil (2b) ein konisch zulaufendes vorderes Endstück (2b') aufweist, welches vorzugsweise an die Kontur der Bearbeitungseinrichtung (1 ) in diesem Bereich angepasst ist. </claim-text></claim><claim id="clm-0005" num="5"><claim-text>5. Vorrichtung nach einem der vorstehenden Ansprüche, </claim-text><claim-text> dadurch gekennzeichnet, dass </claim-text><claim-text> eine Strömungsumlenkkammer (2d) vorgesehen ist, welche strömungstechnisch mit dem Luftkanal (7) verbunden oder verbindbar ist. </claim-text></claim><claim id="clm-0006" num="6"><claim-text>6. Vorrichtung nach einem der vorstehenden Ansprüche, </claim-text><claim-text> dadurch gekennzeichnet, dass </claim-text><claim-text> das äußere Gehäuseteil (2b) als Ganzes oder in ein oder mehreren Teilstücken (2b', 1 1 , 12a, 12b) von der Absaughaube (2) lösbar ist, wobei die lösbaren Teile des äußeren Gehäuseteils (2b) aus einer einen geschlossenen Zustand der Absaughaube(2) bildenden Position in eine einen geöffneten Zustand der Absaughaube (2) bildende Position und umgekehrt bewegbar sind. </claim-text></claim><claim id="clm-0007" num="7"><claim-text>7. Vorrichtung nach Anspruch 6, </claim-text><claim-text> dadurch gekennzeichnet, dass </claim-text><claim-text> Antriebsmittel (9, 10) vorgesehen sind, mit denen die lösbaren Teile (2b') des äußeren Gehäuseteils (2b, 1 1 ) parallel zur Längsachse der Absaughaube (2) vor und zurück verfahrbar sind. </claim-text></claim><claim id="clm-0008" num="8"><claim-text>8. Vorrichtung nach Anspruch 6, </claim-text><claim-text> dadurch gekennzeichnet, dass </claim-text><claim-text> die lösbaren Teile (12a, 12b) von der Längsachse der Absaughaube (2) wegbewegbar sind. </claim-text></claim><claim id="clm-0009" num="9"><claim-text>9. Vorrichtung nach Anspruch 8, </claim-text><claim-text> dadurch gekennzeichnet, dass </claim-text><claim-text> die lösbaren Teile (12a, 12b) jeweils um eine parallel (C) oder orthogonal (A, B) zur Längsachse der Absaughaube (2) liegende Achse schwenkbar sind. <!-- EPO <DP n="16"/>--> </claim-text></claim><claim id="clm-0010" num="10"><claim-text>10. Vorrichtung nach einem der vorstehenden Ansprüche, </claim-text><claim-text> dadurch gekennzeichnet, dass </claim-text><claim-text> am vorderen Ende des äußeren Gehäuseteils (2b) ein Bürstenaufsatz (2c) vorgesehen ist, welcher gegebenenfalls teilbar (2c', 2c") ist. </claim-text></claim><claim id="clm-0011" num="11"><claim-text>1 1 . Vorrichtung nach einem der vorstehenden Ansprüche, </claim-text><claim-text> dadurch gekennzeichnet, dass </claim-text><claim-text> das äußere Gehäuseteil (2a) und/oder das innere Gehäuseteil (2b) </claim-text><claim-text> rotationssymmetrisch bezüglich der Längsachse der Absaughaube (2) ausgebildet sind. </claim-text></claim><claim id="clm-0012" num="12"><claim-text>12. Vorrichtung zur Bearbeitung eines Werkstücks mit einer Werkstück- Bearbeitungseinrichtung (1 ), welche eine Antriebseinheit (1 a), eine </claim-text><claim-text> Werkzeugaufnahmeeinrichtung (1 b) und ein in der Werkzeugaufnahmeeinrichtung (1 b) einsetzbares Werkzeug (1 c) aufweist, sowie mit einer Vorrichtung zur </claim-text><claim-text> Absaugung von bei der Bearbeitung des Werkstücks anfallenden </claim-text><claim-text> Bearbeitungsprodukten gemäß einem der Ansprüche 1 bis 1 1 . </claim-text></claim><claim id="clm-0013" num="13"><claim-text>13. Vorrichtung nach Anspruch 12, wobei die Antriebseinheit (1 a) zur Erzeugung einer Rotationsbewegung des Werkzeugs (1 c) ausgebildet ist. </claim-text></claim><claim id="clm-0014" num="14"><claim-text>14. Vorrichtung nach Anspruch 12 oder 13, wobei als Werkzeug (1 c) ein </claim-text><claim-text> Zerspanungswerkzeug, insbesondere eine Frässpindel, vorgesehen ist. </claim-text></claim><claim id="clm-0015" num="15"><claim-text>15. Vorrichtung nach einem der Ansprüche 12 bis 14, wobei das Werkzeug (1 c) und gegebenenfalls ein Teil der Werkzeugaufnahmeeinrichtung (1 b) in dem Raum (6) zwischen dem vorderen Ende des inneren Gehäuseteils (2a) und dem vorderen Ende des äußeren Gehäuseteils (2b) angeordnet ist. </claim-text></claim><claim id="clm-0016" num="16"><claim-text>16. Vorrichtung nach einem der Ansprüche 12 bis 15, wobei die Antriebseinheit (1 a) im wesentlichen luftdicht mit dem Zylinderstück (2a") des inneren Gehäuseteils (2a) verbunden ist. </claim-text></claim></claims><copyright>User acknowledges that Fairview Research LLC and its third party providers retain all right, title and interest in and to this xml under applicable copyright laws.  User acquires no ownership rights to this xml including but not limited to its format.  User hereby accepts the terms and conditions of the Licence Agreement</copyright></patent-document>
