<?xml version="1.0" encoding="UTF-8"?>
<patent-document ucid="EP-2958700-A1" country="EP" doc-number="2958700" kind="A1" date="20151230" family-id="49950047" file-reference-id="312929" date-produced="20180825" status="corrected" lang="EN"><bibliographic-data><publication-reference fvid="160453429" ucid="EP-2958700-A1"><document-id><country>EP</country><doc-number>2958700</doc-number><kind>A1</kind><date>20151230</date><lang>EN</lang></document-id></publication-reference><application-reference ucid="EP-13819132-A" is-representative="NO"><document-id mxw-id="PAPP193869826" load-source="patent-office" format="original"><country>EP</country><doc-number>13819132.5</doc-number><date>20131218</date><lang>EN</lang></document-id><document-id mxw-id="PAPP193869827" load-source="docdb" format="epo"><country>EP</country><doc-number>13819132</doc-number><kind>A</kind><date>20131218</date><lang>EN</lang></document-id></application-reference><priority-claims><priority-claim mxw-id="PPC162033769" ucid="US-2013076185-W" linkage-type="W" load-source="docdb"><document-id format="epo"><country>US</country><doc-number>2013076185</doc-number><kind>W</kind><date>20131218</date></document-id></priority-claim><priority-claim mxw-id="PPC162032527" ucid="US-201361768995-P" load-source="docdb"><document-id format="epo"><country>US</country><doc-number>201361768995</doc-number><kind>P</kind><date>20130225</date></document-id></priority-claim></priority-claims><technical-data><classifications-ipcr><classification-ipcr mxw-id="PCL-1988520099" load-source="docdb">F01D   5/30        20060101ALI20140909BHEP        </classification-ipcr><classification-ipcr mxw-id="PCL-1988521259" load-source="docdb">F01D   5/34        20060101ALI20140909BHEP        </classification-ipcr><classification-ipcr mxw-id="PCL-1988523653" load-source="docdb">B23K  20/12        20060101AFI20140909BHEP        </classification-ipcr><classification-ipcr mxw-id="PCL-1988524152" load-source="docdb">F01D   5/00        20060101ALI20140909BHEP        </classification-ipcr></classifications-ipcr><classifications-cpc><classification-cpc mxw-id="PCL-1687166059" load-source="docdb" scheme="CPC">Y10T  29/49318     20130101 LA20180222BHEP        </classification-cpc><classification-cpc mxw-id="PCL-1687166060" load-source="docdb" scheme="CPC">Y10T  29/49336     20130101 LA20180222BHEP        </classification-cpc><classification-cpc mxw-id="PCL-1806527736" load-source="docdb" scheme="CPC">F05D2230/239       20130101 LA20170601BHEP        </classification-cpc><classification-cpc mxw-id="PCL-1806528536" load-source="docdb" scheme="CPC">F01D   5/005       20130101 LI20170601BHEP        </classification-cpc><classification-cpc mxw-id="PCL-1806530477" load-source="docdb" scheme="CPC">F01D   5/34        20130101 LI20170601BHEP        </classification-cpc><classification-cpc mxw-id="PCL-1806532030" load-source="docdb" scheme="CPC">B23K  20/12        20130101 LI20170601BHEP        </classification-cpc><classification-cpc mxw-id="PCL-1987774976" load-source="docdb" scheme="CPC">B23P  15/02        20130101 LI20140828BHEP        </classification-cpc><classification-cpc mxw-id="PCL-1987789184" load-source="docdb" scheme="CPC">F01D   5/3061      20130101 FI20140829BHEP        </classification-cpc></classifications-cpc><invention-title mxw-id="PT165551753" lang="DE" load-source="patent-office">DURCH BEWEGUNGSSCHWEISSEN VERBUNDENE SCHEIBE UND KLINGENSTANGE UND BEWEGUNGSSCHWEISSVERFAHREN</invention-title><invention-title mxw-id="PT165551754" lang="EN" load-source="patent-office">DISK AND BLADE STALK BOUNDED BY MOTION WELD AND METHODS FOR MOTION WELDING</invention-title><invention-title mxw-id="PT165551755" lang="FR" load-source="patent-office">DISQUE ET TIGE D'AUBE LIMITÉS PAR UNE SOUDURE MOBILE ET PROCÉDÉS DE SOUDAGE MOBILE</invention-title></technical-data><parties><applicants><applicant mxw-id="PPAR1103335388" load-source="docdb" sequence="1" format="epo"><addressbook><last-name>ROLLS ROYCE CORP</last-name><address><country>US</country></address></addressbook></applicant><applicant mxw-id="PPAR1103315199" load-source="docdb" sequence="1" format="intermediate"><addressbook><last-name>ROLLS-ROYCE CORPORATION</last-name></addressbook></applicant><applicant mxw-id="PPAR1101640865" load-source="patent-office" sequence="1" format="original"><addressbook><last-name>Rolls-Royce Corporation</last-name><iid>101456062</iid><address><street>450 South Meridian Street</street><city>Indianapolis, Indiana 46225-1103</city><country>US</country></address></addressbook></applicant></applicants><inventors><inventor mxw-id="PPAR1103322228" load-source="docdb" sequence="1" format="epo"><addressbook><last-name>FULAYTER ROY DAVID</last-name><address><country>US</country></address></addressbook></inventor><inventor mxw-id="PPAR1103307703" load-source="docdb" sequence="1" format="intermediate"><addressbook><last-name>FULAYTER, ROY DAVID</last-name></addressbook></inventor><inventor mxw-id="PPAR1101653368" load-source="patent-office" sequence="1" format="original"><addressbook><last-name>FULAYTER, ROY DAVID</last-name><address><street>1129 Red Dunes Run</street><city>Avon, Indiana 46123</city><country>US</country></address></addressbook></inventor><inventor mxw-id="PPAR1103331394" load-source="docdb" sequence="2" format="epo"><addressbook><last-name>RIVERS JONATHAN MICHAEL</last-name><address><country>US</country></address></addressbook></inventor><inventor mxw-id="PPAR1103315948" load-source="docdb" sequence="2" format="intermediate"><addressbook><last-name>RIVERS, Jonathan Michael</last-name></addressbook></inventor><inventor mxw-id="PPAR1101649589" load-source="patent-office" sequence="2" format="original"><addressbook><last-name>RIVERS, Jonathan Michael</last-name><address><street>8174 Admirals Landing PL</street><city>Indianapolis, Indiana 46236</city><country>US</country></address></addressbook></inventor></inventors><agents><agent mxw-id="PPAR1101640653" load-source="patent-office" sequence="1" format="original"><addressbook><last-name>Harrison Goddard Foote</last-name><iid>100060979</iid><address><street>Belgrave Hall Belgrave Street</street><city>Leeds LS2 8DD</city><country>GB</country></address></addressbook></agent></agents></parties><international-convention-data><pct-or-regional-filing-data ucid="US-2013076185-W"><document-id><country>US</country><doc-number>2013076185</doc-number><kind>W</kind><date>20131218</date><lang>EN</lang></document-id></pct-or-regional-filing-data><pct-or-regional-publishing-data ucid="WO-2014130149-A1"><document-id><country>WO</country><doc-number>2014130149</doc-number><kind>A1</kind><date>20140828</date><lang>EN</lang></document-id></pct-or-regional-publishing-data><designated-states><ep-contracting-states><country mxw-id="DS660636474" load-source="docdb">AL</country><country mxw-id="DS660719766" load-source="docdb">AT</country><country mxw-id="DS660636480" load-source="docdb">BE</country><country mxw-id="DS660793206" load-source="docdb">BG</country><country mxw-id="DS660727697" load-source="docdb">CH</country><country mxw-id="DS660638074" load-source="docdb">CY</country><country mxw-id="DS660719771" load-source="docdb">CZ</country><country mxw-id="DS660640584" load-source="docdb">DE</country><country mxw-id="DS660636481" load-source="docdb">DK</country><country mxw-id="DS660638079" load-source="docdb">EE</country><country mxw-id="DS660717419" load-source="docdb">ES</country><country mxw-id="DS660793207" load-source="docdb">FI</country><country mxw-id="DS660793208" load-source="docdb">FR</country><country mxw-id="DS660640585" load-source="docdb">GB</country><country mxw-id="DS660636482" load-source="docdb">GR</country><country mxw-id="DS660636491" load-source="docdb">HR</country><country mxw-id="DS660638080" load-source="docdb">HU</country><country mxw-id="DS660727698" load-source="docdb">IE</country><country mxw-id="DS660636492" load-source="docdb">IS</country><country mxw-id="DS660793209" load-source="docdb">IT</country><country mxw-id="DS660638081" load-source="docdb">LI</country><country mxw-id="DS660640586" load-source="docdb">LT</country><country mxw-id="DS660719772" load-source="docdb">LU</country><country mxw-id="DS660640607" load-source="docdb">LV</country><country mxw-id="DS660640608" load-source="docdb">MC</country><country mxw-id="DS660750365" load-source="docdb">MK</country><country mxw-id="DS660750366" load-source="docdb">MT</country><country mxw-id="DS660719773" load-source="docdb">NL</country><country mxw-id="DS660717420" load-source="docdb">NO</country><country mxw-id="DS660719774" load-source="docdb">PL</country><country mxw-id="DS660717421" load-source="docdb">PT</country><country mxw-id="DS660719787" load-source="docdb">RO</country><country mxw-id="DS660717422" load-source="docdb">RS</country><country mxw-id="DS660719788" load-source="docdb">SE</country><country mxw-id="DS660640610" load-source="docdb">SI</country><country mxw-id="DS660727703" load-source="docdb">SK</country><country mxw-id="DS660727704" load-source="docdb">SM</country><country mxw-id="DS660750447" load-source="docdb">TR</country></ep-contracting-states><ep-extended-states><ep-extended-state-data><country>BA</country></ep-extended-state-data><ep-extended-state-data><country>ME</country></ep-extended-state-data></ep-extended-states></designated-states></international-convention-data><office-specific-data><eptags><ep-no-a-document-published>*</ep-no-a-document-published></eptags></office-specific-data></bibliographic-data><abstract mxw-id="PA139072925" ref-ucid="WO-2014130149-A1" lang="EN" load-source="patent-office"><p num="0000">In some examples, an apparatus may include a gas turbine engine component comprising a blade (60), a platform (62) forming an airflow surface from which the blade extends on one side, and a motion weld receiving surface disposed on a non-airflow side of the platform, and a disk (66) having a motion weld disk portion to receive the motion weld receiving surface of the gas turbine engine component and form a motion weld coupling when the disk and gas turbine engine component are coupled, wherein, prior to coupling, the gas turbine engine component further includes a blade stalk (64) disposed on the non-airflow side of the platform (62) and in which is formed the motion weld receiving surface.</p></abstract><abstract mxw-id="PA139540574" ref-ucid="WO-2014130149-A1" lang="EN" source="national office" load-source="docdb"><p>In some examples, an apparatus may include a gas turbine engine component comprising a blade (60), a platform (62) forming an airflow surface from which the blade extends on one side, and a motion weld receiving surface disposed on a non-airflow side of the platform, and a disk (66) having a motion weld disk portion to receive the motion weld receiving surface of the gas turbine engine component and form a motion weld coupling when the disk and gas turbine engine component are coupled, wherein, prior to coupling, the gas turbine engine component further includes a blade stalk (64) disposed on the non-airflow side of the platform (62) and in which is formed the motion weld receiving surface.</p></abstract><abstract mxw-id="PA139072926" ref-ucid="WO-2014130149-A1" lang="FR" load-source="patent-office"><p num="0000">La présente invention concerne, dans certains exemples, un appareil pouvant comprendre un élément de moteur à turbine à gaz comprenant une aube (60), une plateforme (62) formant une surface d'écoulement d'air de laquelle s'étend l'aube sur un côté, et une surface de réception de soudure mobile placée du côté sans écoulement d'air de la plateforme, et un disque (66) comportant une partie disque de soudure mobile pour recevoir la surface de réception de soudure mobile de l'élément moteur à turbine à gaz et former un accouplement de soudure mobile lorsque le disque et l'élément moteur à turbine à gaz sont couplés. Avant couplage, l'élément de moteur à turbine à gaz comprend en outre une tige d'aube (64) placée du côté sans écoulement d'air de la plateforme (62) et dans laquelle est formée la surface de réception de soudure mobile.</p></abstract><abstract mxw-id="PA139540575" ref-ucid="WO-2014130149-A1" lang="FR" source="national office" load-source="docdb"><p>La présente invention concerne, dans certains exemples, un appareil pouvant comprendre un élément de moteur à turbine à gaz comprenant une aube (60), une plateforme (62) formant une surface d'écoulement d'air de laquelle s'étend l'aube sur un côté, et une surface de réception de soudure mobile placée du côté sans écoulement d'air de la plateforme, et un disque (66) comportant une partie disque de soudure mobile pour recevoir la surface de réception de soudure mobile de l'élément moteur à turbine à gaz et former un accouplement de soudure mobile lorsque le disque et l'élément moteur à turbine à gaz sont couplés. Avant couplage, l'élément de moteur à turbine à gaz comprend en outre une tige d'aube (64) placée du côté sans écoulement d'air de la plateforme (62) et dans laquelle est formée la surface de réception de soudure mobile.</p></abstract><description mxw-id="PDES78476779" ref-ucid="WO-2014130149-A1" lang="EN" load-source="patent-office"><!-- EPO <DP n="2"/>--><p id="p0001" num="0001"> DISK AND BLADE STALK BOUNDED BY MOTION WELD AND METHODS FOR MOTION WELDING </p><p id="p0002" num="0002">TECHNICAL FIELD [0001] The present disclosure generally relates to coupling gas turbine engine components. </p><p id="p0003" num="0003">BACKGROUND </p><p id="p0004" num="0004">[0002] Coupling a gas turbine engine blade with a disk and/or making repairs of the blade and/or disk remains an area of interest. Some existing systems have various shortcomings relative to certain applications. Accordingly, there remains a need for further contributions in this area of technology. </p><p id="p0005" num="0005">SUMMARY </p><p id="p0006" num="0006">[0003] In one example, the disclosure describes an apparatus including a gas turbine engine component comprising a blade, a platform forming an airflow surface from which the blade extends on one side, and a motion weld receiving surface disposed on a non-airflow side of the platform, and a disk having a motion weld disk portion to receive the motion weld receiving surface of the gas turbine engine component and form a motion weld coupling when the disk and gas turbine engine component are coupled. Prior to coupling, the gas turbine engine component may further include a blade stalk disposed on the non-airflow side of the platform and in which is formed the motion weld receiving surface. </p><p id="p0007" num="0007">[0004] In another example, the disclosure describes a method that includes imparting loads through a platform of a gas turbine engine blade to place the blade into contact with a gas turbine engine disk, and creating a relative movement between the blade and the disk to weld the blade and disk together. </p><p id="p0008" num="0008">[0005] In a further example, the disclosure describes a method that includes eliminating a material from an integrated turbomachinery component that includes a blade and a disk to remove the blade from the disk, determining whether to 
<!-- EPO <DP n="3"/>-->
 remove a portion of a replacement blade to be coupled with the disk in place of the removed blade, and friction welding the replacement blade to the disk. </p><p id="p0009" num="0009">BRIEF DESCRIPTION OF THE FIGURES </p><p id="p0010" num="0010">[0006] Fig. 1 is a schematic and conceptual diagram that depicts an example gas turbine engine. </p><p id="p0011" num="0011"> [0007] Fig. 2 is a schematic and conceptual diagram that depicts a view of an example turbomachinery component. </p><p id="p0012" num="0012"> [0008] Fig. 3 is a schematic and conceptual diagram that depicts a view of an example turbomachinery component. </p><p id="p0013" num="0013"> [0009] Fig. 4 is a schematic and conceptual diagram that depicts a view of an example turbomachinery component </p><p id="p0014" num="0014"> [0010] Fig. 5 is a schematic and conceptual diagram that depicts an example assembly device. </p><p id="p0015" num="0015"> [0011] Fig. 6 is a flow diagram that depicts an example technique for joining a blade and disk. </p><p id="p0016" num="0016"> [0012] Fig. 7 is a flow diagram that depicts an example technique for replacing a blade with a disk. </p><p id="p0017" num="0017">DETAILED DESCRIPTION </p><p id="p0018" num="0018">[0013] For the purposes of promoting an understanding of the principles of the disclosure, reference will now be made to the examples illustrated in the drawings and specific language will be used to describe the same. It will nevertheless be understood that no limitation of the scope of the disclosure is thereby intended. Any alterations and further modifications in the described examples, and any further applications of the principles of the disclosure as described herein are contemplated as would normally occur to one skilled in the art to which the disclosure relates. </p><p id="p0019" num="0019"> [0014] Fig. 1 is a schematic and conceptual diagram that depicts an example gas turbine engine. With reference to Fig. 1, an example gas turbine engine 50 is 
<!-- EPO <DP n="4"/>-->
 disclosed that includes a compressor 52, combustor 54, and turbine 56. Gas turbine engine 50 operates by receiving a stream of working fluid, compressing the working fluid with the compressor 52, and delivering the compressed working fluid to the combustor 54, where it is mixed with fuel and combusted. The turbine 56 receives products of combustion and extracts work therefrom to provide power to the compressor 52, among other useful devices. </p><p id="p0020" num="0020"> [0015] The gas turbine engine 50 can take a variety of forms in other examples. To set forth just a few non-limiting examples, the gas turbine engine 50 can take the form of a turbojet, turbofan, turboshaft, and turboprop. Though the gas turbine engine 50 is depicted as a single spool engine, in other embodiments the gas turbine engine 50 can include any number of spools. For example, the gas turbine engine 50 can include turbomachinery components such as a fan that can be associated with multi- spool engines. Other examples can include intermediate pressure turbomachinery components such as would be associated with three spool engines. Other variations are contemplated herein. In some examples, the gas turbine engine can be an adaptive and/or variable cycle engine. </p><p id="p0021" num="0021">[0016] In some examples, gas turbine engine 50 can be used to provide power to an aircraft. As used herein, the term "aircraft" includes, but is not limited to, helicopters, airplanes, unmanned space vehicles, fixed wing vehicles, variable wing vehicles, rotary wing vehicles, unmanned combat aerial vehicles, tailless aircraft, hover crafts, and other airborne and/or extraterrestrial (spacecraft) vehicles. Further, the examples described herein are contemplated for utilization in other applications that may not be coupled with an aircraft such as, for example, industrial applications, power generation, pumping sets, naval propulsion, weapon systems, security systems, perimeter defense/security systems, and the like known to one of ordinary skill in the art. </p><p id="p0022" num="0022"> [0017] Figs. 2-4 are schematic and conceptual diagrams that illustrate various views of an example turbomachinery component 58. In the example of Figs. 2 - 4, turbomachinery component 58 includes a turbofan component . Turbomachinary component 58 includes a blade 60, platform 62, stalk 64, and a disk 66. In some examples, blade 60, platform 62, and stalk 64 may be formed as an integrated component prior to being coupled with disk 66. The integrated component can be 
<!-- EPO <DP n="5"/>-->
 formed using a variety of techniques, one of which may include casting the blade 60, platform 62, and stalk 64 as an integrated whole. Various casting techniques, as well as other approaches, are contemplated herein for the formation of an integrated blade, 60, platform 62, and stalk 64. In some examples, the component may not include one or more of the individual elements. For example, the integrated component can include the blade 60 and the stalk 64. As such, the term integrated component can refer to any or all of the elements mentioned above, alone, or in addition to others. For convenience, the integrated component may sometimes be referred to simply as a blade, to which can include any variation of the integrated component referred to above. </p><p id="p0023" num="0023"> [0018] Blade 60 can take a variety of shapes and sizes suitable to any given application. In some examples, blade 60 includes an airfoil shape having a relatively high pressure side and a relatively low pressure side when in use. Blade 60 can have any variety of geometry such as twist and stagger and generally will taper from its base near platform 62 to the tip of blade 60. </p><p id="p0024" num="0024">[0019] Platform 62 can include a surface that is used to define a flow path for working fluid flowing through a turbomachinery component 58. For example, platform 62 may include a surface near the base of turbomachinery component 58 that defines an inner wall of the duct segment through which component 58 rotates. Platform 62 can extend from the base of blade 60 toward an adjacent blade 60 such that the duct flow path surface is formed to bound a working fluid flowing through turbomachinery component 58. An outer surface of the duct disposed radially outward of blade 60 can be a casing wall. As will be appreciated, therefore, platform 62 includes a side over which a working fluid flows and an opposite side in which substantially less, if any, working fluid flows as a result of flow path leakage, among other possible reasons. In some examples, platform 62 extends laterally and axially further than the base of blade 60, as can be seen in Fig. 3. Other configurations of platform 62 are contemplated herein. </p><p id="p0025" num="0025">[0020] Stalk 64 extends from platform 62 and is situated on the side of platform 62 opposite from blade 60 in the illustrated example. Stalk 64 can take on any shape and size and may be smaller axially and laterally than platform 62, though other 
<!-- EPO <DP n="6"/>-->
 variations are contemplated herein. Stalk 64 can include a surface that is coupled with a surface of disk 66 as will be discussed further below. </p><p id="p0026" num="0026">[0021] In the illustrated example, the integrated component of the blade 60, platform 62, and stalk 64 includes a seal 68 useful in discouraging a flow of working fluid on the side of platform 62 from which stalk 64 extends. Seal 68 can be a pressure seal and is shown projecting from stalk 64 and/or platform 62. Seal 68 can be any dimension and, in some examples, extends to a lateral side of platform 62 such as in the circumferential direction as referenced when the integrated component is coupled to disk 66. </p><p id="p0027" num="0027"> [0022] Turning now to Fig. 5 and with continuing reference to Fig. 3, an example of an assembly device 70 used to couple an integrated component, such as an integrated blade 60 and stalk 64, with disk 66 is shown. Assembly device 70 includes a first part 72 and a second part 74, which are secured to integrated component 76 and disk 66, respectively. First part 72 and Second part 74 can be used to bond integrated 76 component to disk 66 using the techniques described herein, among potential others, and as is depicted by bond 75 shown in Fig. 3. The bonding can occur between the respective materials of integrated component 76 and disk 66. For example, the bonding can occur as a result of contact between a metallic integrated blade 60 and stalk 64 and a metallic disk 66. In some examples, bonding can be the result of relative movement between the two, such as a reciprocating motion, to set forth a non-limiting example. </p><p id="p0028" num="0028">[0023] Such reciprocating motion can be used in a friction welding process. </p><p id="p0029" num="0029">During friction welding a compressive relative movement can be provided via first part 72 and second part 74 of assembly device 70 between integrated component 76 and disk 66 to create a zone of plastic and/or melted metallic material between integrated component 76 and disk 66. When assembly device 70 ceases to induce the compressive relative movement between integrated component 76 and disk 66, the plastic and/or melted material at an interface of integrated component 76 and disk 66 may solidify to create a bond. </p><p id="p0030" num="0030"> [0024] Relative movement between integrated component 76 and disk 66 means that the integrated component 76 and disk 66 are moved relative to each other. No limitation is implied as to the type or duration of the motion. Further, integrated 
<!-- EPO <DP n="7"/>-->
 component 76 may move relative to a reference frame while disk 66 is stationary, disk 66 may move relative to a reference frame while integrated component 76 is stationary, or both integrated component 76 and disk 66 may move relative to a reference frame. To state that one item is moving relative to another can mean that the item is moved while the other is placed in a stationary fixture, but it can also mean in the most generic sense that the items are moved relative to each other and no special significance is ascribed to whether the item is relatively stationary, such as in a stationary fixture, or whether the item is moved and its counterpart is maintained relatively stationary. </p><p id="p0031" num="0031"> [0025] As discussed above, integrated component 76 and disk 66 can be coupled by placing surfaces of each into contact with each other. For example, an integrated component surface 78 and a disk surface 80 can be placed into contact with each other and be bonded together via action of the assembly device 70. Surfaces 78 and 80 can take on a variety of shapes may or may not be </p><p id="p0032" num="0032">complementary with each other. In some examples, integrated component surface 78 is flat and disk surface 80 is likewise flat. Not all examples of surfaces 78 and 80, however, are flat. In some examples, integrated component surface 78 is formed at the end of stalk 64. </p><p id="p0033" num="0033"> [0026] Assembly device 70, and in particular first part 72 shown in the illustrated example, is operable to engage one or more fixture features 82 of integrated component 76. As shown in Fig. 3, platform 62 includes a number of fixture features 82 which can be engaged by assembly device 70 to secure integrated component 76 to first part 72 of assembly device 70. In some examples, fixture features 82 are used to impart loads through platform 62 to integrated component 76. Such loads can be used in coupling integrated component 76 and disk 66 together. In some examples, fixture features 82 are used to impart relative motion between disk 66 and integrated component 76 as described above with regard to friction welding. Fixture features 82 of the illustrated example are in the form of a number of openings defined in platform 62. The openings can be through-holes in some examples, but in other examples, may be a depression or aperture formed within integrated component 76. For example, fixture features 82 can be blind bores. In other alternative and/or additional examples, one or more of fixture 
<!-- EPO <DP n="8"/>-->
 features 82 can be formed as an extension from integrated component 76, such as a standoff, that can be secured by an appropriate portion of assembly device 70. Though four fixture features 82 are shown in the illustrated example, any number of fixture features 82 can be used in other examples. Not all fixture features 82 in any given embodiment of integrated component 76 need be the same. For example, some fixture features 82 can be through-holes while others are depressions. </p><p id="p0034" num="0034"> [0027] In some examples, fixture features 82 are removed and/or addressed through other techniques after integrated component 76 is coupled with the disk 66. For example, fixture features 82 can be addressed by mechanically removing fixture features 82 from integrated component 76 such that they are not present when the completed turbomachinery component is used within gas turbine engine 50. Such mechanical removal can take the form of grinding or milling, among possible other approaches. Alternatively and/or additionally, fixture features 82 can be removed using a variety of approaches not limited to mechanical removal. For example, fixture features 82 can be removed by wire electro-discharge machining. In some examples, fixture features 82 can be covered, such as by filling fixture features 82 with a material when the feature is in the form of a hole or depression. Any number of other approaches to addressing fixture features 82 are contemplated herein. </p><p id="p0035" num="0035"> [0028] Fig. 6 is an example flow diagram that depicts an example technique for bonding integrated component 76 and disk 66 together. As illustrated by reference numeral 84, a blade (e.g., blade 60) and a disk (e.g., disk 66) can be provided for purposes of assembling the blade and disk together. The blade and/or disk can be provided by, for example, either manufacturing the items or by purchasing from a vendor or other suitable source. In other examples of the technique depicted in Fig. 6, the blade can be integrated with any of the elements mentioned above to provide an integrated component (e.g., integrated component 76). The blade and disk are coupled together as illustrated by reference number 86. The blade can include a surface, or is coupled with a portion that includes the surface, that can be then be coupled with a corresponding surface of the disk. As discussed above, in some examples, the surfaces of each the blade and the disk can be complementary 
<!-- EPO <DP n="9"/>-->
 in shape. Reference numeral 88 of the illustrated example depicts the bonding of the blade and disk which can be accomplished using any of the techniques described above. </p><p id="p0036" num="0036"> [0029] Fig. 7 is a flow diagram that depicts an example technique for removing an integrated component from a turbomachinery component such as a disk. </p><p id="p0037" num="0037">Reference numeral 90 depicts eliminating a material from the integrated turbomachinery component to separate a blade from a disk. The material can be eliminated using any variety of approaches, whether mechanical, electrical, or otherwise. In some examples, the blade and disk can be separated using an EDM machine by arranging the wire axially and passing the wire from the EMD around the base of the blade in a combination of radial and circumferential movement. Other arrangements and movements of the EDM wire are contemplated. The material separated from the blade and disk can be in a variety of shapes such as a rectangular notch. The material eliminated can be enough to allow the separation of the entirety of the original stalk of the blade from the disk, it can allow the separation of only a portion of the original stalk and possibly disk, or it can allow the separation of the original stalk as well as some material of the original disk, among any other possibility. In some examples, the material can be removed from the blade and/or stalk through a milling operation, among potential others. </p><p id="p0038" num="0038">[0030] Reference numeral 92 depicts a step that includes determining if material is to be removed from a replacement blade. In some examples, a replacement blade can be processed, or at least can be evaluated to determine whether the </p><p id="p0039" num="0039">replacement blade should be processed, prior to bonding the blade to the disk. In some examples, the replacement blade can include a portion, such as a stalk, that can have additional material not needed in every replacement. In some replacement operations in which an amount of material is removed from the disk relative to the original dimensions of the disk, the stalk of the blade can be sized accordingly to account for the lost amount of material from the disk to ensure the continued radial positioning of the blade. For example, if a replacement blade includes a stalk that is oversized for an original placement of the blade with the disk, the stalk can be resized to shorten the stalk through a variety of approaches, whether mechanical, electrical, or otherwise. For example, the stalk can be 
<!-- EPO <DP n="10"/>-->
 removed using an EDM machine. The stalk can be sized to allow a wide range of material to be removed to account for a variety of replacement needs. In addition, in some examples, a coupled blade and disk may need to be repaired on multiple occasions, which may permit multiple removal and replacement operations of the blade. In some such examples, a number of cuts over time may be made to the disk, each incrementally removing more of the original disk material. In some examples, in each subsequent replacement operation, the stalk of the individual blades may be cut to different sizes to account for the incremental removal of disk material. </p><p id="p0040" num="0040"> [0031] Reference numerals 94 and 96 depict contacting the blade with the disk and bonding both together. Such operations can be similar to any of the variety of examples described above. </p><p id="p0041" num="0041"> [0032] In some examples, the disclosure describes an apparatus comprising a gas turbine engine component comprising a blade, a platform forming an airflow surface from which the blade extends on one side, and a motion weld receiving surface disposed on a non-airflow side of the platform, and a disk having a motion weld disk portion to receive the motion weld receiving surface of the gas turbine engine component and form a motion weld coupling when the disk and gas turbine engine component are coupled, wherein, prior to coupling, the gas turbine engine component further includes a blade stalk disposed on the non-airflow side of the platform and in which is formed the motion weld receiving surface. </p><p id="p0042" num="0042">[0033] In some examples, the platform further includes a fixture feature structured to engage an assembly device capable of providing relative motion between the gas turbine engine component and the disk to form a friction weld coupling. </p><p id="p0043" num="0043">[0034] In some examples, the fixture feature includes an aperture formed in the platform, the aperture removed after welding of the gas turbine engine component to the disk. </p><p id="p0044" num="0044"> [0035] In some examples, the blade stalk includes a portion that is configured to be removed to form the motion weld receiving surface. </p><p id="p0045" num="0045"> [0036] In some examples, the blade stalk includes a pressure seal formed therein to discourage flow path leakage on the non-airflow side of the platform. 
<!-- EPO <DP n="11"/>-->
 [0037] In some examples, the motion weld receiving surface is a flat surface, and wherein the motion weld disk portion is a complementary flat surface. </p><p id="p0046" num="0046"> [0038] In some examples, the disclosure describes a method comprising imparting loads through a platform of a gas turbine engine blade to place the blade into contact with a gas turbine engine disk, and creating a relative movement between the blade and the disk to weld the blade and disk together. </p><p id="p0047" num="0047"> [0039] In some examples, the method further includes removing a portion of the blade prior to imparting the loads through the platform, and wherein creating the relative movement between the blade and disk forms a friction weld between the blade and the disk. </p><p id="p0048" num="0048"> [0040] In some examples, the method further includes removing the blade from the disk. </p><p id="p0049" num="0049"> [0041] In some examples, removing the blade from the disk includes activating a wire electro-discharge machining device used to separate a stem of the blade from the disk. </p><p id="p0050" num="0050"> [0042] In some examples, the method further includes engaging a friction weld device to a fixture feature of the blade. </p><p id="p0051" num="0051"> [0043] In some examples, the blade includes a platform in which is formed the fixture feature, and the method further includes addressing the fixture feature of the platform to discourage interaction of the fixture feature with a moving stream when the welded blade and disk are used in operation of a gas turbine engine. </p><p id="p0052" num="0052">[0044] In some examples, the disclosure describes a method comprising eliminating a material from an integrated turbomachinery component that includes a blade and a disk to remove the blade from the disk, determining whether to remove a portion of a replacement blade to be coupled with the disk in place of the removed blade, and friction welding the replacement blade to the disk. </p><p id="p0053" num="0053">[0045] In some examples, eliminating the material from the integrated </p><p id="p0054" num="0054">turbomachinery component includes engaging a wire EDM to the integrated turbomachinery component to remove the blade. </p><p id="p0055" num="0055"> [0046] In some examples, the integrated turbomachinery component includes a stalk and a platform having fixture features formed therein, and the method further includes addressing the fixture features of the platform such that they are not 
<!-- EPO <DP n="12"/>-->
 exposed to a stream of working fluid during operation of the integrated </p><p id="p0056" num="0056">turbomachinery component. </p><p id="p0057" num="0057"> [0047] In some examples, friction welding the replacement blade to the disk includes coupling an assembly device to the fixture features of the integrated turbomachinery component, the assembly device operable to friction weld the replacement blade to the disk. </p><p id="p0058" num="0058"> [0048] In some examples, the method further includes balancing the integrated turbomachinery component. </p><p id="p0059" num="0059"> [0049] In some examples, balancing the integrated turbomachinery component occurs after friction welding the replacement blade to the disk, and balancing the integrated turbomachinery component includes adding weight to the </p><p id="p0060" num="0060">turbomachinery component. </p><p id="p0061" num="0061"> [0050] In some examples, the integrated turbomachinery component further includes a platform, and the method further includes disposing a seal on a non-flow path side of the platform of the integrated turbomachinery component. </p><p id="p0062" num="0062">[0051] In some examples, determining whether to remove the portion of the replacement blade to be coupled with the disk in place of the removed blade includes assessing an amount of disk removed as a result of eliminating the material from the integrated turbomachinery component. </p><p id="p0063" num="0063">[0052] While the disclosure has been illustrated and described in detail in the drawings and foregoing description, the same is to be considered as illustrative and not restrictive in character, it being understood that only some examples have been shown and described and that all changes and modifications that come within the spirit of the disclosure are desired to be protected. It should be understood that while the use of words such as preferable, preferably, preferred or more preferred utilized in the description above indicate that the feature so described may be more desirable, it nonetheless may not be necessary and examples lacking the same may be contemplated as within the scope of the disclosure, the scope being defined by the claims that follow. In reading the claims, it is intended that when words such as "a," "an," "at least one," or "at least one portion" are used there is no intention to limit the claim to only one item unless specifically stated to the contrary in the claim. When the language "at least a portion" and/or "a portion" is used the item 
<!-- EPO <DP n="13"/>-->
 can include a portion and/or the entire item unless specifically stated to the contrary. 
</p></description><claims mxw-id="PCLM70077032" ref-ucid="WO-2014130149-A1" lang="EN" load-source="patent-office"><claim-statement><!-- EPO <DP n="14"/>-->CLAIMS  WHAT IS CLAIMED IS: </claim-statement><claim id="clm-0001" num="1"><claim-text>1. An apparatus comprising: </claim-text><claim-text> a gas turbine engine component comprising a blade, a platform forming an airflow surface from which the blade extends on one side, and a motion weld receiving surface disposed on a non-airflow side of the platform; and </claim-text><claim-text> a disk having a motion weld disk portion to receive the motion weld receiving surface of the gas turbine engine component and form a motion weld coupling when the disk and gas turbine engine component are coupled, wherein, prior to coupling, the gas turbine engine component further includes a blade stalk disposed on the non-airflow side of the platform and in which is formed the motion weld receiving surface. </claim-text></claim><claim id="clm-0002" num="2"><claim-text>2. The apparatus of claim 1, wherein the platform further includes a fixture feature structured to engage an assembly device capable of providing relative motion between the gas turbine engine component and the disk to form a friction weld coupling. </claim-text></claim><claim id="clm-0003" num="3"><claim-text>3. The apparatus of claim 2, wherein the fixture feature includes an aperture formed in the platform, the aperture removed after welding of the gas turbine engine component to the disk. </claim-text></claim><claim id="clm-0004" num="4"><claim-text>4. The apparatus of claim 1, wherein the blade stalk includes a portion is configured to be removed to form the motion weld receiving surface. </claim-text></claim><claim id="clm-0005" num="5"><claim-text>5. The apparatus of claim 1, wherein the blade stalk includes a pressure seal formed therein to discourage flow path leakage on the non-airflow side of the platform. 
<!-- EPO <DP n="15"/>-->
</claim-text></claim><claim id="clm-0006" num="6"><claim-text>6. The apparatus of claim 1, wherein the motion weld receiving surface is a flat surface, and wherein the motion weld disk portion is a complementary flat surface. </claim-text></claim><claim id="clm-0007" num="7"><claim-text>7. A method comprising: </claim-text><claim-text> imparting loads through a platform of a gas turbine engine blade to place the blade into contact with a gas turbine engine disk; and </claim-text><claim-text> creating a relative movement between the blade and the disk to weld the blade and disk together. </claim-text></claim><claim id="clm-0008" num="8"><claim-text>8. The method of claim 7, further comprising removing a portion of the blade prior to imparting the loads through the platform, and wherein creating the relative movement between the blade and disk forms a friction weld between the blade and the disk. </claim-text></claim><claim id="clm-0009" num="9"><claim-text>9. The method of claim 7, further comprising removing the blade from the disk. </claim-text></claim><claim id="clm-0010" num="10"><claim-text>10. The method of claim 9, wherein removing the blade from the disk includes activating a wire electro-discharge machining device used to separate a stem of the blade from the disk. </claim-text></claim><claim id="clm-0011" num="11"><claim-text>11. The method of claim 7, further including engaging a friction weld device to a fixture feature of the blade. </claim-text></claim><claim id="clm-0012" num="12"><claim-text>12. The method of claim 11 , wherein the blade includes a platform in which is formed the fixture feature, and further comprising addressing the fixture feature of the platform to discourage interaction of the fixture feature with a moving stream when the welded blade and disk are used in operation of a gas turbine engine. 
<!-- EPO <DP n="16"/>-->
</claim-text></claim><claim id="clm-0013" num="13"><claim-text>13. A method comprising : </claim-text><claim-text> eliminating a material from an integrated turbomachmery component that includes a blade and a disk to remove the blade from the disk; </claim-text><claim-text> determining whether to remove a portion of a replacement blade to be coupled with the disk in place of the removed blade; and </claim-text><claim-text> friction welding the replacement blade to the disk. </claim-text></claim><claim id="clm-0014" num="14"><claim-text>14. The method of claim 13, wherein eliminating the material from the integrated turbomachmery component comprises engaging a wire EDM to the integrated turbomachmery component to remove the blade. </claim-text></claim><claim id="clm-0015" num="15"><claim-text>15. The method of claim 14, wherein the integrated turbomachmery component includes a stalk and a platform having fixture features formed therein, further comprising addressing the fixture features of the platform such that they are not exposed to a stream of working fluid during operation of the integrated </claim-text><claim-text>turbomachmery component. </claim-text></claim><claim id="clm-0016" num="16"><claim-text>16. The method of claim 15, wherein friction welding the replacement blade to the disk comprises coupling an assembly device to the fixture features of the integrated turbomachmery component, the assembly device operable to friction weld the replacement blade to the disk. </claim-text></claim><claim id="clm-0017" num="17"><claim-text>17. The method of claim 13, further comprising balancing the integrated turbomachmery component. </claim-text></claim><claim id="clm-0018" num="18"><claim-text>18. The method of claim 17, wherein balancing the integrated turbomachmery component occurs after friction welding the replacement blade to the disk, and wherein balancing the integrated turbomachmery component comprises adding weight to the integrated turbomachmery component. 
<!-- EPO <DP n="17"/>-->
</claim-text></claim><claim id="clm-0019" num="19"><claim-text>19. The method of claim 13, wherein the integrated turbomachinery component further includes a platform, further comprising disposing a seal on a non-flow path side of the platform of the integrated turbomachinery component. </claim-text></claim><claim id="clm-0020" num="20"><claim-text>20. The method of claim 13, wherein determining whether to remove the portion of the replacement blade to be coupled with the disk in place of the removed blade includes assessing an amount of disk removed as a result of eliminating the material from the integrated turbomachinery component. 
</claim-text></claim></claims><copyright>User acknowledges that Fairview Research LLC and its third party providers retain all right, title and interest in and to this xml under applicable copyright laws.  User acquires no ownership rights to this xml including but not limited to its format.  User hereby accepts the terms and conditions of the Licence Agreement</copyright></patent-document>
