<?xml version="1.0" encoding="UTF-8"?>
<patent-document ucid="EP-2678456-A1" country="EP" doc-number="2678456" kind="A1" date="20140101" family-id="43919760" file-reference-id="318288" date-produced="20180826" status="corrected" lang="DE"><bibliographic-data><publication-reference fvid="146551611" ucid="EP-2678456-A1"><document-id><country>EP</country><doc-number>2678456</doc-number><kind>A1</kind><date>20140101</date><lang>DE</lang></document-id></publication-reference><application-reference ucid="EP-11709865-A" is-representative="NO"><document-id mxw-id="PAPP154825534" load-source="docdb" format="epo"><country>EP</country><doc-number>11709865</doc-number><kind>A</kind><date>20110225</date><lang>DE</lang></document-id><document-id mxw-id="PAPP173923786" load-source="docdb" format="original"><country>EP</country><doc-number>11709865.7</doc-number><date>20110225</date></document-id></application-reference><priority-claims><priority-claim mxw-id="PPC140446638" ucid="EP-2011000926-W" linkage-type="A" load-source="docdb"><document-id format="epo"><country>EP</country><doc-number>2011000926</doc-number><kind>W</kind><date>20110225</date></document-id></priority-claim></priority-claims><technical-data><classifications-ipcr><classification-ipcr mxw-id="PCL1988115259" load-source="docdb">C22B  21/00        20060101ALI20120910BHEP        </classification-ipcr><classification-ipcr mxw-id="PCL1988139042" load-source="docdb">C22B   7/04        20060101AFI20120910BHEP        </classification-ipcr></classifications-ipcr><classifications-cpc><classification-cpc mxw-id="PCL-1883399916" load-source="docdb" scheme="CPC">Y02P  10/212       20151101 LA20161029BHEP        </classification-cpc><classification-cpc mxw-id="PCL-1883404398" load-source="docdb" scheme="CPC">C22B   7/04        20130101 LI20161029BHEP        </classification-cpc><classification-cpc mxw-id="PCL-1934606209" load-source="docdb" scheme="CPC">C22B   1/005       20130101 LI20160526BHEP        </classification-cpc><classification-cpc mxw-id="PCL-1934606220" load-source="docdb" scheme="CPC">C22B  21/0007      20130101 FI20160526BHEP        </classification-cpc><classification-cpc mxw-id="PCL-1934606266" load-source="docdb" scheme="CPC">C22B  21/0069      20130101 LI20160528BHEP        </classification-cpc></classifications-cpc><invention-title mxw-id="PT132187317" lang="DE" load-source="patent-office">VERFAHREN ZUR BEHANDLUNG VON ALUMINIUMSCHLACKEN</invention-title><invention-title mxw-id="PT132187318" lang="EN" load-source="patent-office">PROCESS FOR TREATING ALUMINIUM SLAGS</invention-title><invention-title mxw-id="PT132187319" lang="FR" load-source="patent-office">PROCÉDÉ DE TRAITEMENT DE SCORIES D'ALUMINIUM</invention-title></technical-data><parties><applicants><applicant mxw-id="PPAR918131936" load-source="docdb" sequence="1" format="epo"><addressbook><last-name>AUMUND FOERDERTECHNIK GMBH</last-name><address><country>DE</country></address></addressbook></applicant><applicant mxw-id="PPAR918155711" load-source="docdb" sequence="1" format="intermediate"><addressbook><last-name>AUMUND FOERDERTECHNIK GMBH</last-name></addressbook></applicant><applicant mxw-id="PPAR918980521" load-source="patent-office" sequence="1" format="original"><addressbook><last-name>Aumund Fördertechnik GmbH</last-name><iid>101358720</iid><address><street>Saalhoffer Straße 17</street><city>47495 Rheinberg</city><country>DE</country></address></addressbook></applicant></applicants><inventors><inventor mxw-id="PPAR918145938" load-source="docdb" sequence="1" format="epo"><addressbook><last-name>MORITZ MATTHIAS</last-name><address><country>DE</country></address></addressbook></inventor><inventor mxw-id="PPAR918156071" load-source="docdb" sequence="1" format="intermediate"><addressbook><last-name>MORITZ, MATTHIAS</last-name></addressbook></inventor><inventor mxw-id="PPAR918989478" load-source="patent-office" sequence="1" format="original"><addressbook><last-name>MORITZ, MATTHIAS</last-name><address><street>Raafstraße 66</street><city>52076 Aachen</city><country>DE</country></address></addressbook></inventor><inventor mxw-id="PPAR918145054" load-source="docdb" sequence="2" format="epo"><addressbook><last-name>NIEDZWIEDZ CHRISTIAN</last-name><address><country>DE</country></address></addressbook></inventor><inventor mxw-id="PPAR918138148" load-source="docdb" sequence="2" format="intermediate"><addressbook><last-name>NIEDZWIEDZ, Christian</last-name></addressbook></inventor><inventor mxw-id="PPAR918982326" load-source="patent-office" sequence="2" format="original"><addressbook><last-name>NIEDZWIEDZ, Christian</last-name><address><street>33 Ulmenallee</street><city>47495 Rheinberg</city><country>DE</country></address></addressbook></inventor></inventors><agents><agent mxw-id="PPAR918980827" load-source="patent-office" sequence="1" format="original"><addressbook><last-name>Müller, Karl-Ernst</last-name><suffix>et al</suffix><iid>101210294</iid><address><street>Turmstrasse 22</street><city>40878 Ratingen</city><country>DE</country></address></addressbook></agent></agents></parties><international-convention-data><pct-or-regional-filing-data ucid="EP-2011000926-W"><document-id><country>EP</country><doc-number>2011000926</doc-number><kind>W</kind><date>20110225</date><lang>DE</lang></document-id></pct-or-regional-filing-data><pct-or-regional-publishing-data ucid="WO-2012113418-A1"><document-id><country>WO</country><doc-number>2012113418</doc-number><kind>A1</kind><date>20120830</date><lang>DE</lang></document-id></pct-or-regional-publishing-data><designated-states><ep-contracting-states><country mxw-id="DS548937871" load-source="docdb">AL</country><country mxw-id="DS548933057" load-source="docdb">AT</country><country mxw-id="DS548937872" load-source="docdb">BE</country><country mxw-id="DS548944783" load-source="docdb">BG</country><country mxw-id="DS548868655" load-source="docdb">CH</country><country mxw-id="DS548937114" load-source="docdb">CY</country><country mxw-id="DS548937115" load-source="docdb">CZ</country><country mxw-id="DS548839523" load-source="docdb">DE</country><country mxw-id="DS548937873" load-source="docdb">DK</country><country mxw-id="DS548937874" load-source="docdb">EE</country><country mxw-id="DS548817728" load-source="docdb">ES</country><country mxw-id="DS548944784" load-source="docdb">FI</country><country mxw-id="DS548944785" load-source="docdb">FR</country><country mxw-id="DS548839524" load-source="docdb">GB</country><country mxw-id="DS548937875" load-source="docdb">GR</country><country mxw-id="DS548839525" load-source="docdb">HR</country><country mxw-id="DS548937116" load-source="docdb">HU</country><country mxw-id="DS548868656" load-source="docdb">IE</country><country mxw-id="DS548937876" load-source="docdb">IS</country><country mxw-id="DS548944786" load-source="docdb">IT</country><country mxw-id="DS548937877" load-source="docdb">LI</country><country mxw-id="DS548839526" load-source="docdb">LT</country><country mxw-id="DS548933058" load-source="docdb">LU</country><country mxw-id="DS548944787" load-source="docdb">LV</country><country mxw-id="DS548839527" load-source="docdb">MC</country><country mxw-id="DS548933059" load-source="docdb">MK</country><country mxw-id="DS548933060" load-source="docdb">MT</country><country mxw-id="DS548817729" load-source="docdb">NL</country><country mxw-id="DS548921111" load-source="docdb">NO</country><country mxw-id="DS548817730" load-source="docdb">PL</country><country mxw-id="DS548944788" load-source="docdb">PT</country><country mxw-id="DS548937117" load-source="docdb">RO</country><country mxw-id="DS548944789" load-source="docdb">RS</country><country mxw-id="DS548817731" load-source="docdb">SE</country><country mxw-id="DS548868657" load-source="docdb">SI</country><country mxw-id="DS548921112" load-source="docdb">SK</country><country mxw-id="DS548921113" load-source="docdb">SM</country><country mxw-id="DS548933061" load-source="docdb">TR</country></ep-contracting-states></designated-states></international-convention-data><office-specific-data><eptags><ep-no-a-document-published>*</ep-no-a-document-published></eptags></office-specific-data></bibliographic-data><abstract mxw-id="PA99626950" ref-ucid="WO-2012113418-A1" lang="DE" load-source="patent-office"><p num="0000">Verfahren zur Behandlung von bei der Gewinnung von Aluminium anfallenden Aluminiumschlacken (41) in Form von Krätzen oder Aluminiumsalzschlacken, bei welchem die im Schmelzeprozess anfallende Aluminiumschlacke (41) unter Abschluss gegen die Umgebungsatmosphäre auf einen in einem mit Absauganlagen (20, 30) versehenen Gehäuse (32) angeordneten Kühlförderer (16) verbracht wird, dessen erster an die Aufgabe der Aluminiumschlacke (41) anschließender Abschnitt (18) mit einem Inertgas gespült wird und dessen zweiter Abschnitt (29) der weiteren Abkühlung der Aluminiumschlacke (41) unter Luftzutritt dient, wobei die Längen von erstem (18) und zweitem (29) Abschnitt des Kühlförderers (16) derart ausgelegt sind, dass im ersten Abschnitt (18) eine Abkühlung der Aluminiumschlacke (41) auf eine Temperatur erfolgt is, bei welcher die Aluminiumschlacke (41) durch Zutritt von Luftsauerstoff chemisch nicht mehr veränderbar ist, und im zweiten Abschnitt (29) eine Abkühlung auf eine Temperatur erfolgt, bei welcher die abgekühlte Aluminiumschlacke (41) nach Verlassen des Kühlförderers (16) zur Rückgewinnung des Aluminiumanteils in der Aluminiumschlacke weiterverarbeitbar ist.</p></abstract><abstract mxw-id="PA99825466" ref-ucid="WO-2012113418-A1" lang="DE" source="national office" load-source="docdb"><p>Verfahren zur Behandlung von bei der Gewinnung von Aluminium anfallenden Aluminiumschlacken (41) in Form von Krätzen oder Aluminiumsalzschlacken, bei welchem die im Schmelzeprozess anfallende Aluminiumschlacke (41) unter Abschluss gegen die Umgebungsatmosphäre auf einen in einem mit Absauganlagen (20, 30) versehenen Gehäuse (32) angeordneten Kühlförderer (16) verbracht wird, dessen erster an die Aufgabe der Aluminiumschlacke (41) anschließender Abschnitt (18) mit einem Inertgas gespült wird und dessen zweiter Abschnitt (29) der weiteren Abkühlung der Aluminiumschlacke (41) unter Luftzutritt dient, wobei die Längen von erstem (18) und zweitem (29) Abschnitt des Kühlförderers (16) derart ausgelegt sind, dass im ersten Abschnitt (18) eine Abkühlung der Aluminiumschlacke (41) auf eine Temperatur erfolgt is, bei welcher die Aluminiumschlacke (41) durch Zutritt von Luftsauerstoff chemisch nicht mehr veränderbar ist, und im zweiten Abschnitt (29) eine Abkühlung auf eine Temperatur erfolgt, bei welcher die abgekühlte Aluminiumschlacke (41) nach Verlassen des Kühlförderers (16) zur Rückgewinnung des Aluminiumanteils in der Aluminiumschlacke weiterverarbeitbar ist.</p></abstract><abstract mxw-id="PA99626951" ref-ucid="WO-2012113418-A1" lang="EN" load-source="patent-office"><p num="0000">Process for treating aluminium slags (41) in the form of dross or aluminium salt slags obtained in the winning of aluminium, in which the aluminium slag (41) obtained in the melting process is brought with exclusion of the surrounding atmosphere onto a cooling conveyor (16) which is arranged in a housing (32) provided with extraction facilities (20, 30) and whose first section (18) adjoining the supply of the aluminium slag (41) is flushed with an inert gas and whose second section (29) serves for further cooling of the aluminium slag (41) with introduction of air, where the lengths of the first section (18) and the second section (29) of the cooling conveyor (16) are designed so that in the first section (18) the aluminium slag (41) is cooled to a temperature at which the aluminium slag (41) can no longer be chemically changed by exposure to atmospheric oxygen and in the second section (29) the slag is cooled to a temperature at which the cooled aluminium slag (41) can be processed further to recover the aluminium in the aluminium slag after leaving the cooling conveyor (16).</p></abstract><abstract mxw-id="PA99825467" ref-ucid="WO-2012113418-A1" lang="EN" source="national office" load-source="docdb"><p>Process for treating aluminium slags (41) in the form of dross or aluminium salt slags obtained in the winning of aluminium, in which the aluminium slag (41) obtained in the melting process is brought with exclusion of the surrounding atmosphere onto a cooling conveyor (16) which is arranged in a housing (32) provided with extraction facilities (20, 30) and whose first section (18) adjoining the supply of the aluminium slag (41) is flushed with an inert gas and whose second section (29) serves for further cooling of the aluminium slag (41) with introduction of air, where the lengths of the first section (18) and the second section (29) of the cooling conveyor (16) are designed so that in the first section (18) the aluminium slag (41) is cooled to a temperature at which the aluminium slag (41) can no longer be chemically changed by exposure to atmospheric oxygen and in the second section (29) the slag is cooled to a temperature at which the cooled aluminium slag (41) can be processed further to recover the aluminium in the aluminium slag after leaving the cooling conveyor (16).</p></abstract><abstract mxw-id="PA99626952" ref-ucid="WO-2012113418-A1" lang="FR" load-source="patent-office"><p num="0000">L'invention concerne un procédé de traitement de scories d'aluminium (41) résultant de l'extraction d'aluminium et prenant la forme de crasses ou de scories de sel d'aluminium. Selon ledit procédé, la scorie d'aluminium (41) résultant du processus de fusion est transférée avec étanchéité par rapport à l'atmosphère ambiante sur un convoyeur réfrigérant (16) disposé dans un boîtier (32) pourvu d'installations d'aspiration (20, 30), la première partie (18) dudit convoyeur raccordée au chargement de la scorie d'aluminium (41) étant balayée par un gaz inerte et sa seconde partie (29) servant à poursuivre le refroidissement de la scorie d'aluminium (41) au moyen d'une arrivée d'air. Les longueurs de la première partie (18) et de la seconde partie (29) du convoyeur réfrigérant (16) sont conçues de telle sorte qu'un refroidissement de la scorie d'aluminium (41) s'effectue dans la première partie (18) à une température à laquelle la scorie d'aluminium (41) ne peut plus être modifiée chimiquement par l'arrivée d'un oxygène atmosphérique, et qu'un refroidissement s'effectue dans la seconde partie (29) à une température à laquelle la scorie d'aluminium (41) refroidie continue d'être traitée après avoir quitté le convoyeur réfrigérant (16) pour extraire la proportion d'aluminium dans la scorie d'aluminium.</p></abstract><abstract mxw-id="PA99825468" ref-ucid="WO-2012113418-A1" lang="FR" source="national office" load-source="docdb"><p>L'invention concerne un procédé de traitement de scories d'aluminium (41) résultant de l'extraction d'aluminium et prenant la forme de crasses ou de scories de sel d'aluminium. Selon ledit procédé, la scorie d'aluminium (41) résultant du processus de fusion est transférée avec étanchéité par rapport à l'atmosphère ambiante sur un convoyeur réfrigérant (16) disposé dans un boîtier (32) pourvu d'installations d'aspiration (20, 30), la première partie (18) dudit convoyeur raccordée au chargement de la scorie d'aluminium (41) étant balayée par un gaz inerte et sa seconde partie (29) servant à poursuivre le refroidissement de la scorie d'aluminium (41) au moyen d'une arrivée d'air. Les longueurs de la première partie (18) et de la seconde partie (29) du convoyeur réfrigérant (16) sont conçues de telle sorte qu'un refroidissement de la scorie d'aluminium (41) s'effectue dans la première partie (18) à une température à laquelle la scorie d'aluminium (41) ne peut plus être modifiée chimiquement par l'arrivée d'un oxygène atmosphérique, et qu'un refroidissement s'effectue dans la seconde partie (29) à une température à laquelle la scorie d'aluminium (41) refroidie continue d'être traitée après avoir quitté le convoyeur réfrigérant (16) pour extraire la proportion d'aluminium dans la scorie d'aluminium.</p></abstract><description mxw-id="PDES50931718" ref-ucid="WO-2012113418-A1" lang="DE" load-source="patent-office"><!-- EPO <DP n="3"/>--><p id="p0001" num="0001"> Verfahren zur Behandlung von Aluminiumschlacken </p><p id="p0002" num="0002">B e s c h r e i b u n g </p><p id="p0003" num="0003">Di e Erfindung betrifft ein Verfahren zur Behandlung von bei der Gewinnung von Aluminium anfallenden Aluminiumschlacken. </p><p id="p0004" num="0004">Derarti ge Aluminiumschlacken fallen bei der Primärerzeugung von Aluminium als sogenannte Krätzen an, wobei die auf die Oberfläche der Schmelze aufschwimmenden Schlacken von der Aluminiumoberfläche des Bades abgekratzt werden. Diese Krätzen enthalten neben metallischem Aluminium und Alumi niumoxid diverse Verbrennungsprodukte und abgelöste Reste aus der Feuerfestzustellung der Schmelzöfen. Je nach dem in den Krätzen enthaltenen Anteil an Aluminium werden die Krätzen als Skimmings (Aluminiumanteil </p><p id="p0005" num="0005"> &gt; 45%) oder als Dross (Aluminiumanteil &lt; 45%) bezeichnet. Soweit die Krätzen zur Rückgewinnung der in ihnen enthaltenen Aluminiumantei le einer weiteren Bearbeitung zugeführt werden, unterliegen die Krätzen nach ihrem Abstreifen von der Badoberfläche aufgrund der einwirkenden Umgebungsatmosphäre einsetzenden Oxidationsprozessen, die zudem zum Freisetzen schädlicher Gase in die Arbeitsatmosphäre an den Schmelzöfen führen. Daher ist es durch Benutzung bekannt, die Krätzen in einen Behälter abzu- </p><p id="p0006" num="0006">BESTÄTIGUNGSKOPIE 
<!-- EPO <DP n="4"/>-->
 streifen und diesen Behälter unter Schutzgasatmosphäre auf ein ungefährliches Temperaturniveau abzukühlen, was eine entsprechend lange Zeitdauer erfordert. </p><p id="p0007" num="0007">Aluminiumschlacken fallen weiterhin auch bei der Sekundärerzeugung von Aluminium aus Aluminiumschrott an, und zwar hier in einem noch größeren Umfang. Soweit im Rahmen des für die Sekundärerzeugung eingesetzten Salzbadprozesses Salzgemische aus NaCl und KCl zugegeben werden, kommt es zur Bildung sogenannter Aluminiumsalzschlacken; die ebenfalls noch rückgewinnbare Anteile an Aluminium enthalten. Insbesondere auch diese Aluminiumsal zschlacken neigen beim Abgießen der verflüssigten Rohschmelze zu einer unmittelbaren Reaktion mit der Umgebungsatmosphäre, wodurch einerseits die Rückgewinnung des Aluminiumanteils aus den Aluminiumsalzschlacken erschwert wird und andererseits schädliche Gase in die Arbeitsumgebung der Schmelzöfen frei gesetzt werden. </p><p id="p0008" num="0008">Der Erfindung li egt die Aufgabe zugrunde, ein Verfahren zur Behandlung von Aluminiumschlacken anzugeben, welches eine Rückgewinnung des in den Schlacken enthaltenen Aluminiums ermö glicht und zusätzlich die Arbeitsatmosphäre in der Umgebung von Schmelzöfen entlastet. </p><p id="p0009" num="0009">Die Lösung dieser Aufgabe ergibt sich einschließlich vorteilhafter Ausgestaltungen und Weiterbildungen der Erfindung aus dem Inhalt der Patentansprüche, welche dieser Beschreibung nachgestellt sind. </p><p id="p0010" num="0010">Die Erfindung sieht in ihrem Grundgedanken ein Verfahren vor, bei welchem die im Schmelzeprozess anfallende Aluminiumschlacke unter Abschluss gegen die Umgebungsatmosphäre auf einen in einem mit Absauganlagen versehenen Gehäuse angeordneten Kühlförderer verbracht wird, dessen erster an die Aufgabe der Aluminiumschlacke anschließender Abschnitt mit einem 
<!-- EPO <DP n="5"/>-->
 Inertgas gespült wird und dessen zweiter Abschnitt der weiteren Abkühlung der Aluminiumschlacke unter Luftzutritt dient, wobei die Längen von erstem und zweitem Abschnitt des Kühlförderers derart ausgelegt sind, dass im ersten Abschnitt eine Abkühlung der Aluminiumschlacke auf eine Temperatur erfolgt, bei welcher die Aluminiumschlacke durch Zutritt von Luftsauerstoff chemisch nicht mehr veränderbar ist, und im zweiten Abschnitt eine Abkühlung auf eine Temperatur erfolgt, bei welcher die abgekühlte Aluminiumschlacke nach Verlassen des Kühlförderers zur Rückgewinnung des Aluminiumanteils in der Aluminiumschlacke weiterverarbeitbar ist. </p><p id="p0011" num="0011">Mit der Erfindung ist der Vorteil verbunden, dass die Aluminiumschlacken unmittelbar nach ihrem Anfallen gegen die Umgebungsatmosphäre abgeschlossen werden, so dass der Zutritt von Luftsauerstoff zu den Aluminiumschlacken verhindert ist. Die Kühlung der Aluminiumschlacken auf dem Kühlförderer erfolgt auf einem ersten Abschnitt des Kühlförderers unter Zusatz von Inertgas, da auf diese Weise weiterhin der Zutritt von Luftsauerstoff und damit eine Oxidation der Aluminiumschlacke verhindert ist. Erst wenn bei entsprechend ausgelegter Länge des ersten Kühlabschnitts die Aluminiumschlacke eine Temperatur erreicht hat, bei welcher die Aluminiumschlacke durch Zutritt von Luftsauerstoff chemisch nicht mehr veränderbar ist, so dass eine weitere Reaktion der Aluminiumschlacke beziehungsweise des in ihr enthaltenen Aluminiumanteils mit dem Luftsauerstoff nicht mehr erfolgt, geschieht die weitere Abkühlung der Aluminiumschlacke bis auf eine für die Weiterverarbeitung geeignete Temperatur in dem zweiten Abschnitt des Kühlförderers über einen an sich bekannten Kühlprozess mittels Konvektionskühlung, bei welcher über die Absaugung aus der Einhau- sung des Kühlförderers entsprechend Kühlluft nachgezogen und noch freigesetzte Gase, insbesondere HF-Gase, abgezogen werden. Es versteht sich, dass der Kühlförderer in einem Gehäuse angeordnet ist, welches eine gere- 
<!-- EPO <DP n="6"/>-->
 gelte Zufuhr wie auch eine Absaugung sowohl des Inertgases wie auch der Kühlluft ermöglicht. </p><p id="p0012" num="0012">Da die erfindungsgemäße Vorgehensweise sowohl für die bei der Primärerzeugung von Aluminium anfallenden Krätzen als auch für die bei der Sekundärerzeugung anfal lenden Aluminiumsalzschlacken anwendbar ist, liegen in den zu behandelnden Schlacken j eweils unterschiedliche Anteile von Aluminium vor, die die Reaktivität der zu behandelnden Schlacken mit Luftsauerstoff im Hinblick auf die Einstellung unterschiedlicher Endtemperaturen für die Auslegung des ersten Abschnitts des Kühlförderers beeinflussen. Insofern ist die Auslegung der Länge des ersten, mit dem Inertgas beaufschlagten Abschnitts des Kühlförderers abhängig von der j eweiligen Prozessführung bei der Aluminiumerzeugung, ob also Aluminiumschlacken beziehungsweise Aluminiumsalzschlacken mit einem höheren oder niedrigeren Gehalt an Aluminium zu behandeln sind . </p><p id="p0013" num="0013">Insgesamt kann nach einem Ausführungsbeispiel der Erfindung vorgesehen sein, dass eine Abkühlung der Aluminiumschlacke im ersten Abschnitt des Kühlförderers auf eine Temperatur von 600° Celsius bis zu 300° Celsius erfol gt, wobei sich die Festlegung der Endtemperatur des ersten Kühlabschnitts im Einzelnen j e nach dem Anteil des in der zu behandelnden Schlacke enthaltenen Aluminiums richtet. Üblicherweise liegt diese Temperatur im Rahmen der zuvor genannten Temperaturangaben. </p><p id="p0014" num="0014">Di e zur Weiterverarbeitung der Aluminiumschlacke geeignete Temperatur liegt nach einem Ausführungsbeispiel der Erfindung bei &lt; 1 50° Celsius . </p><p id="p0015" num="0015">Hinsichtlich der Verbringung der Aluminiumschlacke auf den Kühlförderer sieht ein zweckmäßi ges Ausführungsbeispiel der Erfindung vor, dass die im Schmelzeprozess anfallende Aluminiumschlacke in einem mittels eines De- 
<!-- EPO <DP n="7"/>-->
 ckels gegen die Umgebungsatmosphäre abschließbaren Behälter gesammelt und der nach seiner Befüllung mit der Aluminiumschlacke geschlossene Behälter innerhalb einer gegen die Umgebungsatmosphäre abgeschlossenen Einhausung auf den Kühlförderer entleert wird. Hiermit ist der Vorteil einer quasi-kontinui erlichen Behandlung der anfallenden Aluminiumschlacke verbunden, soweit diese Aluminiumschlacke in einen Behälter verbracht und der Behälter dann diskontinuierlich auf den Kühlförderer entleert wird. Je nach der Menge der anfallenden Schlacken ist ein Behälterkreislauf in einem gewissen Umfang einzurichten. </p><p id="p0016" num="0016">Bei einer alternativen Ausführungsform der Erfindung ist vorgesehen, dass wiederum die im Schmelzeprozess anfallende Aluminiumschlacke in einem mittels eines Deckels gegen die Umgebungsatomsphäre abschließbaren Behälter gesammelt wird. Zur Übergabe des Behälterinhalts auf den Kühlförderer i st an dem Gehäuse des Kühlförderers eine Übergabestation ausgebildet, die gegen die Umgebungsatmosphäre abgeschlossen und nur bei auf die Übergabestation aufgesetztem Behälter offenbar ist. </p><p id="p0017" num="0017">Nach einem Ausführungsbeispiel werden alsdann bei auf die Übergabestation aufgesetztem Behälter ein im Boden des Behälters angeordnetes Öffnungsorgan und ein im Aufsatzbereich für den Behälter an der Übergabestation angeordnetes Öffnungsorgan geöffnet und nach Entleerung des Behälters auf den Kühl förderer wieder geschlossen, wobei vorgesehen sein kann, dass die j eweiligen Öffnungsorgane an Übergabestation und Behälter als Flachschieber ausgebildet sind. </p><p id="p0018" num="0018">Mit dem vorstehend genannten Ausführungsbeispiel ist der Vorteil verbunden, dass ein kompletter Abschluss des Kühlförderers gegen die Umgebungsatmosphäre gegeben ist, wobei im Vergleich mit der alternativ vorgeschl agenen Einhausung eine Reduzierung des auf dem ersten Abschnitt des 
<!-- EPO <DP n="8"/>-->
 Kühlförderers einzusetzenden Inertgases verbunden ist. Die dosierte Aufgabe des Behälterinhalts auf den Kühlförderer führt zu einer konstanten </p><p id="p0019" num="0019">Schichthöhe wie auch einer Beschickung des Kühlförderers über dessen gesamten Breite, so dass der Kühlprozess dadurch verbessert ist. Aufgrund der an Übergabestation und Behälter eingerichteten Doppelschleuse sind nur geringe Verluste an dem eingesetzten Inertgas zu erwarten, und es erfol gt auch keine Freisetzung von HF-Abgasen. </p><p id="p0020" num="0020">Auch andere Möglichkeiten sind denkbar; beispielsweise kann der Kühlförderer auch unmittelbar an den Schmelzofen herangeführt sein, so dass eine Übergabe der abgekratzten Schlacke auf den Kühlförderer erfolgt. Alternativ kann auch ein kurzer Übergabeförderer vorgesehen sein. </p><p id="p0021" num="0021">Nach einem Ausführungsbeispiel der Erfindung ist vorgesehen, dass als Inertgas zur Kühlung der Aluminiumschlacke auf dem ersten Abschnitt des Kühlförderers Argon eingesetzt wird. </p><p id="p0022" num="0022">Es kann weiterhin vorgesehen sein, dass das aus dem ersten Abschnitt des Kühlförderers abgesaugte Inertgas über eine Wiederaufbereitung geführt und das rückgewonnene Inertgas erneut dem Kühlförderer aufgegeben wird, wobei ebenfalls vorgesehen sein kann, dass die Wiederaufbereitung des Inertgases eine Wärmerückgewinnungsstufe und eine Gaswäsche umfasst. </p><p id="p0023" num="0023">Hinsichtlich der im zweiten Abschnitt des Kühlförderers nachgezogenen Kühlluft ist nach einem Ausführungsbeispiel der Erfindung vorgesehen, dass die aus dem zweiten Abschnitt des Kühlförderers abgesaugte Kühlluft über eine Luftreinigungsanlage geführt wird, wobei ebenfalls aus Gründen der Energieeffizienz einer solchen Anlage vorgesehen sein kann, dass die Kühlluft über eine Wärmerückgewinnungsstufe geführt wird. 
<!-- EPO <DP n="9"/>-->
 In der Zeichnung sind Ausführungsbeispiele der Erfindung wiedergegeben, welche nachstehend beschrieben sind. Es zeigen: </p><p id="p0024" num="0024">Fig. 1 einen schematischen Verfahrensablauf anhand der Darstel lung von entsprechend angeordneten Aggregaten zur Durchführung des Verfahrens, </p><p id="p0025" num="0025">Fig. 2 einen Kühlförderer mit Einhausung und Übergabestation zur </p><p id="p0026" num="0026"> Entleerung eines mit Aluminiumschlacke gefüllten Behälters . </p><p id="p0027" num="0027">Soweit in einem Schmelzofen 10 durch Einschmelzen von Aluminiumschrott unter Zugabe entsprechender Salzgemische eine Schmelze 40 von reinem Aluminium mit einer darauf aufschwimmenden Aluminiumschlacke 41 in Form einer sogenannten Aluminiumsalzschlacke erzeugt ist, wird die Aluminiumschl acke 4 1 mittels eines Kratzers 1 1 vor oder während des Abgusses der Aluminiumschmelze 40 aus dem Schmelzofen 1 0 abgehalten und unmittelbar in einen Behälter 12 verbracht, der mittels eines Deckels 13 in einer gegen den Zutritt von Luftsauerstoff geeigneten Weise abdichtbar ist. </p><p id="p0028" num="0028">Bei dem in Figur 1 beschriebenen Ausführungsbeispiel wird der mittels des Deckels 13 verschlossene Behälter 1 2 von einem Gabelstapler 14 aufgenommen und in eine Einhausung 1 5 gefahren, die ebenfalls gegen den Zutritt der Umgebungsatmosphäre abgedichtet ist. Es versteht sich, dass für das Einfahren des Gabelstaplers 14 in die Einhausung 1 5 entsprechende Schleusen vorzuhalten si nd. Im Inneren der Einhausung 1 5 befindet sich die Aufgabestation 1 7 eines an die Einhausung 1 5 anschließenden Kühlförderers 1 6 derart, dass der Behälter 1 2 unter Öffnung seines Deckels 1 3 innerhalb der Einhausung 1 5 in die Aufgabestation 1 7 entleerbar ist. Der Austritt des Kühlförderers 16 aus der Einhausung 1 5 ist durch eine entsprechende, auf dem Fördergut aufliegende Dichtklappe 1 9 verwirklicht. 
<!-- EPO <DP n="10"/>-->
 Der Kühlförderer 1 6 ist in einer an sich bekannten Weise innerhalb eines Gehäuses 32 angeordnet, welches es ermöglicht, ein entsprechendes Kühlmedium in das Innere des Gehäuses 32 einzuleiten und darüber das auf dem Kühlförderer 1 6 liegende Fördergut zu kühlen, wobei das Kühlmedium aus dem Gehäuse 32 abgesaugt wird . Die Ausbildung derartiger Kühlförderer ist im Grundsatz im Stand der Technik bekannt, beispielsweise aus der </p><p id="p0029" num="0029">WO 2004/074521 A2. </p><p id="p0030" num="0030">Im vorliegenden Fal l ist der Kühlförderer 1 6 in zwei Abschnitte unterteilt, und zwar in einen ersten Abschnitt 1 8 und in einen daran anschließenden Abschnitt 29. In dem ersten Abschnitt 1 8 wird über eine Leitung 26 Argon als Inertgas in das Gehäuse 32 des Kühlförderers 16 eingebracht, so dass über die Einleitung des Argon eine Kühlung der auf dem Förderer liegenden Aluminiumschlacke 41 erfolgt. Am Ende des ersten Abschnitts 1 8 ist eine Absaugstation 20 für das zugeführte Argon angeordnet, von der das abgesaugte Argon über eine Leitung 21 zunächst einer Wärmerückgewinnungsanlage 22 zugeführt wird. Nach entsprechendem Wärmeentzug wird das Argon über eine Leitung 23 zu einer Gaswäsche 24 geführt, aus welcher das wiederaufbereitete Argon über die Leitung 26 wiederum dem Kühlförderer 1 6 zugeführt wird; von der Gaswäsche 24 tritt Abgas 25 aus. </p><p id="p0031" num="0031">An den ersten Abschnitt 1 8 des Kühlförderers 16 schließt ein von diesem ersten Abschnitt mittels einer Dichtklappe 28 getrennter zweiter Abschnitt 29 des Kühlförderers an, in welchem nun Kühlluft in das Gehäuse 32 eingeleitet wird, wobei die erwärmte Kühlluft über zugeordnete Absaugungen 30 aus dem Gehäuse 32 abgesaugt wird. Es entspricht dem Stand der Technik, diese Kühlluft einer entsprechenden Luftreinigung zu unterziehen und gegebenenfal ls auch über eine Wärmerückgewinnungsanlage zu führen. Das am Ende der Förderstrecke des Kühlförderers 16 noch auf dem Kühlförderer 1 6 
<!-- EPO <DP n="11"/>-->
 liegende Material wird über einen Abwurftrichter 3 1 nach außerhalb des Gehäuses 32 verbracht, von wo aus es der Wiederaufbereitung zugeführt wird. </p><p id="p0032" num="0032">Das Verhältnis von erstem Abschnitt 1 8 zu zweitem Abschnitt 29 des Kühlförderers 1 6 i st so ausgelegt, dass die auf dem Kühlförderer 1 6 liegende Aluminiumschlacke 4 1 bei Eintritt in den zweiten Abschnitt 29 keine Temperatur oberhalb von beispielsweise 400° Celsius mehr aufweist, so dass eine Reaktion der Aluminiumschlacke 41 mit Luftsauerstoff nicht mehr eintritt. Die Länge des zweiten Abschnitts 29 des Kühlförderers 1 6 ist dabei so bemessen, dass die Temperatur des in den Abwurftrichter 3 1 gelangenden Material s nicht mehr als 1 50° Cel sius, vorzugsweise etwa 100° Celsius beträgt. </p><p id="p0033" num="0033">Das in Fi gur 2 dargestellte Ausführungsbeispiel unterscheidet sich von dem zuvor beschriebenen Ausführungsbeispiel lediglich in der Entleerung des mit Aluminiumschlacke 4 1 gefüllten Behälters 12 auf den Kühlförderer 1 6, alternativ zu der Einrichtung der Einhausung 1 5 bei dem vorstehend zu Figur 1 beschri ebenen Ausführungsbeispiel . Zur Einrichtung der Übergabe ist das Gehäuse 32 des Kühlförderers 1 6 in seinem Aufgabebereich mit einer Übergabestation 50 versehen, auf die ein weiterhin von einem Gabelstapler 1 4 beförderter Behälter 1 2 aufsetzbar ist. Der Behälter 1 2 ist mittels des Deckel s 1 3 gegen die Umgebungsatmosphäre abgeschlossen und weist in seinem Boden 52 ein Öffnungsorgan in Form eines verschiebbaren Flachschiebers 53 auf. Die stutzenartig ausgebildete Übergabestation ist in ihrem Aufsatzbereich auf die Abmessungen des darauf aufzusetzenden Behälters 1 3 abgestimmt und weist an ihrem oberen Ende ebenfalls einen Flachschieber 5 1 als Öffnungsorgan auf. </p><p id="p0034" num="0034">Ist der Behälter 1 2 auf die Übergabestation 50 des Gehäuses 32 des Kühlförderers 1 6 aufgesetzt, so wird zunächst der an der Übergabestation 50 einge- 
<!-- EPO <DP n="12"/>-->
 richtete Flachschieber 5 1 geöffnet, um den Zugang zum Kühlförderer 1 6 freizugeben . Anschließend wird der im Boden 52 des Behälters 12 angeordnete Flachschieber 53 gesteuert derart geöffnet, dass sich die aus dem Behälter 1 2 austretende Aluminiumschlacke mit einer möglichst gleichmäßigen Schi chthöhe über die gesamte Breite des Kühlförderers 1 6 verteilt. Nach Entleerung des Behälters 1 2 wird zunächst der daran ausgebildete Flachschieber 53 geschlossen, anschließend der Flachschieber 5 1 der Übergabestation 50, so dass die Abdichtung insbesondere des Gehäuses 32 des Kühlförderers 1 6 wieder hergestellt ist. Anschließend kann der leere Behälter 12 aufgenommen und in den Behälterkreislauf zurückgeführt werden. </p><p id="p0035" num="0035">Die in der vorstehenden Beschreibung, den Patentansprüchen, der Zusammenfassung und der Zeichnung offenbarten Merkmale des Gegenstandes dieser Unterl agen können einzeln al s auch in beliebigen Kombinationen untereinander für die Verwirklichung der Erfindung in ihren verschi edenen Ausführungsformen wesentlich sein. 
</p></description><claims mxw-id="PCLM44727679" ref-ucid="WO-2012113418-A1" lang="DE" load-source="patent-office"><claim-statement><!-- EPO <DP n="13"/>-->P at e n t an s p r ü c h e </claim-statement><claim id="clm-0001" num="1"><claim-text>1. Verfahren zur Behandlung von bei der Gewinnung von Aluminium anfallenden Aluminiumschlacken (41) in Form von Krätzen oder Aluminiumsalzschlacken, bei welchem die im Schmelzeprozess anfallende Aluminiumschlacke (41) unter Abschluss gegen die Umgebungsatmosphäre auf einen in einem mit Absauganlagen (20, 30) versehenen Gehäuse (32) angeordneten Kühlförderer (16) verbracht wird, dessen erster an die Aufgabe der Aluminiumschlacke (41) anschließender Abschnitt (18) mit einem Inertgas gespült wird und dessen zweiter Abschnitt (29) der weiteren Abkühlung der Aluminiumschlacke (41) unter Luftzutritt dient, wobei die Längen von erstem (18) und zweitem (29) Abschnitt des Kühlförderers (16) derart ausgelegt sind, dass im ersten Abschnitt (18) eine Abkühlung der Aluminiumschlacke (41) auf eine Temperatur erfolgt, bei welcher die Aluminiumschlacke (41) durch Zutritt von Luftsauerstoff chemisch nicht mehr veränderbar ist, und im zweiten Abschnitt (29) eine Abkühlung auf eine Temperatur erfolgt, bei welcher die abgekühlte Aluminiumschlacke (41) nach Verlassen des Kühlförderers (16) zur Rückgewinnung des Aluminiumanteils in der Aluminiumschlacke weiterverarbeitbar ist. <!-- EPO <DP n="14"/>--> Verfahren nach Anspruch 1, bei welchem eine Abkühlung der Aluminiumschlacke (41) im ersten Abschnitt (18) des Kühlförderers (16) auf eine Temperatur von 600° Celsius bis zu 300° Celsius erfolgt. </claim-text><claim-text>Verfahren nach Anspruch 1 oder 2, bei welchem auf dem zweiten Abschnitt (29) des Kühlförderers (16) eine Abkühlung der Aluminiumschlacke (41) auf eine Temperatur von weniger als 150° Celsius erfolgt. </claim-text><claim-text>Verfahren nach einem der Ansprüche 1 bis 3, bei welchem die im Schmelzeprozess anfallende Aluminiumschlacke (41) in einem mittels eines Deckels (13) gegen die Umgebungsatmosphäre abschließbaren Behälter (12) gesammelt und der nach seiner Befüllung mit der Aluminiumschlacke geschlossene Behälter (12) innerhalb einer gegen die Umgebungsatmosphäre abgeschlossenen Einhausung (15) auf den Kühlförderer (16) entleert wird. </claim-text><claim-text>Verfahren nach einem der Ansprüche 1 bis 3, bei welchem die im Schmelzeprozess anfallende Aluminiumschlacke (41) in einem mittels eines Deckels (13) gegen die Umgebungsatmosphäre abschließbaren Behälter (12) gesammelt und der nach seiner Befüllung mit der Aluminiumschlacke geschlossene Behälter (12) auf eine an dem Gehäuse (32) des Kühlförderers (16) ausgebildete Übergabestation (50) aufgesetzt wird, die gegen die Umgebungsatomsphäre abgeschlossen und nur bei darauf aufgesetztem Behälter (12) offenbar ist. </claim-text><claim-text>Verfahren nach Anspruch 5, bei welchem bei auf die Übergabestation (50) aufgesetztem Behälter (12) ein im Boden (52) des Behälters (12) angeordnetes Öffnungsorgan (53) und ein im Aufsatzbereich für den Behälter (12) an der Übergabestation (50) angeordnetes Öffnungsorgan <!-- EPO <DP n="15"/>--> (51) geöffnet und nach Entleerung des Behälters (12) auf den Kühlförderer (16) wieder geschlossen werden. </claim-text><claim-text>Verfahren nach Anspruch 6, bei welchem die Öffnungsorgane (51, 53) an Übergabestation (50) und Behälter (12) jeweils als Flachschieber ausgebildet sind. </claim-text><claim-text>Verfahren nach einem der Ansprüche 1 bis 7, bei welchem als Inertgas zur Kühlung der Aluminiumschlacke (41) auf dem ersten Abschnitt (18) des Kühlförderers (16) Argon eingesetzt wird. </claim-text><claim-text>Verfahren nach einem der Ansprüche 1 bis 8, bei welchem das aus dem ersten Abschnitt (18) des Kühlförderers (16) abgesaugte Inertgas über eine Wiederaufbereitung (22, 24) geführt und das rückgewonnene Inertgas erneut zum Kühlförderer (16) aufgegeben wird. </claim-text><claim-text>Verfahren nach einem der Ansprüche 1 bis 9, bei welchem die Wiederaufbereitung des Inertgases eine Wärmerückgewinnungsstufe (22) und eine Gaswäsche (24) umfasst. </claim-text><claim-text>Verfahren nach einem der Ansprüche 1 bis 10, bei welchem die aus dem zweiten Abschnitt (29) des Kühlförderers (16) abgesaugte Kühlluft über eine Luftreinigungsanlage geführt wird. </claim-text><claim-text>Verfahren nach Anspruch 11, bei welchem die Kühlluft über eine Wärmerückgewinnungsstufe geführt wird. </claim-text></claim></claims><copyright>User acknowledges that Fairview Research LLC and its third party providers retain all right, title and interest in and to this xml under applicable copyright laws.  User acquires no ownership rights to this xml including but not limited to its format.  User hereby accepts the terms and conditions of the Licence Agreement</copyright></patent-document>
