<?xml version="1.0" encoding="UTF-8"?>
<patent-document ucid="EP-2680739-A1" country="EP" doc-number="2680739" kind="A1" date="20140108" family-id="45774208" file-reference-id="302151" date-produced="20180823" status="corrected" lang="DE"><bibliographic-data><publication-reference fvid="146587113" ucid="EP-2680739-A1"><document-id><country>EP</country><doc-number>2680739</doc-number><kind>A1</kind><date>20140108</date><lang>DE</lang></document-id></publication-reference><application-reference ucid="EP-12706563-A" is-representative="NO"><document-id mxw-id="PAPP154849305" load-source="docdb" format="epo"><country>EP</country><doc-number>12706563</doc-number><kind>A</kind><date>20120228</date><lang>DE</lang></document-id><document-id mxw-id="PAPP220440273" load-source="docdb" format="original"><country>EP</country><doc-number>12706563.9</doc-number><date>20120228</date></document-id></application-reference><priority-claims><priority-claim mxw-id="PPC140548495" ucid="DE-102011001083-A" load-source="docdb"><document-id format="epo"><country>DE</country><doc-number>102011001083</doc-number><kind>A</kind><date>20110304</date></document-id></priority-claim><priority-claim mxw-id="PPC140553953" ucid="EP-2012053308-W" linkage-type="W" load-source="docdb"><document-id format="epo"><country>EP</country><doc-number>2012053308</doc-number><kind>W</kind><date>20120228</date></document-id></priority-claim></priority-claims><technical-data><classifications-ipcr><classification-ipcr mxw-id="PCL1989320203" load-source="docdb">A61B   3/10        20060101AFI20120928BHEP        </classification-ipcr><classification-ipcr mxw-id="PCL1989320347" load-source="docdb">A61B   3/103       20060101ALI20120928BHEP        </classification-ipcr><classification-ipcr mxw-id="PCL1989322090" load-source="docdb">A61F   9/008       20060101ALI20120928BHEP        </classification-ipcr></classifications-ipcr><classifications-cpc><classification-cpc mxw-id="PCL1989637501" load-source="docdb" scheme="CPC">A61B   3/1005      20130101 LA20130821BHEP        </classification-cpc><classification-cpc mxw-id="PCL1989637614" load-source="docdb" scheme="CPC">A61B   3/103       20130101 LA20130821BHEP        </classification-cpc><classification-cpc mxw-id="PCL2062882605" load-source="docdb" scheme="CPC">A61F   9/008       20130101 LI20140321BHEP        </classification-cpc><classification-cpc mxw-id="PCL2062882606" load-source="docdb" scheme="CPC">A61B   3/1015      20130101 FI20140321BHEP        </classification-cpc></classifications-cpc><invention-title mxw-id="PT132365972" lang="DE" load-source="patent-office">PROJEKTORVORRICHTUNG MIT SELBSTKORREKTURFUNKTION SOWIE MEDIZINGERÄT MIT DER PROJEKTORVORRICHTUNG</invention-title><invention-title mxw-id="PT132365973" lang="EN" load-source="patent-office">PROJECTOR DEVICE WITH SELF-CORRECTING FUNCTION, AND MEDICAL DEVICE COMPRISING THE PROJECTOR DEVICE</invention-title><invention-title mxw-id="PT132365974" lang="FR" load-source="patent-office">ENSEMBLE PROJECTEUR PRÉSENTANT UNE FONCTION D'AUTOCORRECTION ET APPAREIL MÉDICAL ÉQUIPÉ DE CET ENSEMBLE PROJECTEUR</invention-title><citations><non-patent-citations><nplcit><text>See references of WO 2012119885A1</text><sources><source mxw-id="PNPL67456314" load-source="docdb" name="SEA"/></sources></nplcit></non-patent-citations></citations></technical-data><parties><applicants><applicant mxw-id="PPAR919538763" load-source="docdb" sequence="1" format="epo"><addressbook><last-name>EYESIGHT &amp; VISION GMBH</last-name><address><country>DE</country></address></addressbook></applicant><applicant mxw-id="PPAR919540456" load-source="docdb" sequence="1" format="intermediate"><addressbook><last-name>EYESIGHT &amp; VISION GMBH</last-name></addressbook></applicant><applicant mxw-id="PPAR919010287" load-source="patent-office" sequence="1" format="original"><addressbook><last-name>Eyesight &amp; Vision GmbH</last-name><iid>101337561</iid><address><street>Neumeyerstrasse 48</street><city>90411 Nürnberg</city><country>DE</country></address></addressbook></applicant></applicants><inventors><inventor mxw-id="PPAR919512151" load-source="docdb" sequence="1" format="epo"><addressbook><last-name>HEIBERGER KURT</last-name><address><country>DE</country></address></addressbook></inventor><inventor mxw-id="PPAR919535229" load-source="docdb" sequence="1" format="intermediate"><addressbook><last-name>HEIBERGER, KURT</last-name></addressbook></inventor><inventor mxw-id="PPAR919011310" load-source="patent-office" sequence="1" format="original"><addressbook><last-name>HEIBERGER, KURT</last-name><address><street>Burkhardtstrasse 9</street><city>90455 Nürnberg</city><country>DE</country></address></addressbook></inventor><inventor mxw-id="PPAR919543023" load-source="docdb" sequence="2" format="epo"><addressbook><last-name>SCHNALKE ANDREAS</last-name><address><country>DE</country></address></addressbook></inventor><inventor mxw-id="PPAR919529026" load-source="docdb" sequence="2" format="intermediate"><addressbook><last-name>SCHNALKE, ANDREAS</last-name></addressbook></inventor><inventor mxw-id="PPAR919014020" load-source="patent-office" sequence="2" format="original"><addressbook><last-name>SCHNALKE, ANDREAS</last-name><address><street>Nettelbeckstrasse 1</street><city>90491 Nürnberg</city><country>DE</country></address></addressbook></inventor></inventors><agents><agent mxw-id="PPAR919015240" load-source="patent-office" sequence="1" format="original"><addressbook><last-name>Negendanck, Matthias</last-name><iid>100785035</iid><address><street>Nordostpark 78</street><city>90411 Nürnberg</city><country>DE</country></address></addressbook></agent></agents></parties><international-convention-data><pct-or-regional-filing-data ucid="EP-2012053308-W"><document-id><country>EP</country><doc-number>2012053308</doc-number><kind>W</kind><date>20120228</date><lang>DE</lang></document-id></pct-or-regional-filing-data><pct-or-regional-publishing-data ucid="WO-2012119885-A1"><document-id><country>WO</country><doc-number>2012119885</doc-number><kind>A1</kind><date>20120913</date><lang>DE</lang></document-id></pct-or-regional-publishing-data><designated-states><ep-contracting-states><country mxw-id="DS549851892" load-source="docdb">AL</country><country mxw-id="DS549851061" load-source="docdb">AT</country><country mxw-id="DS549865537" load-source="docdb">BE</country><country mxw-id="DS549850265" load-source="docdb">BG</country><country mxw-id="DS549768673" load-source="docdb">CH</country><country mxw-id="DS549865550" load-source="docdb">CY</country><country mxw-id="DS549851078" load-source="docdb">CZ</country><country mxw-id="DS549851893" load-source="docdb">DE</country><country mxw-id="DS549865551" load-source="docdb">DK</country><country mxw-id="DS549865552" load-source="docdb">EE</country><country mxw-id="DS549768969" load-source="docdb">ES</country><country mxw-id="DS549850270" load-source="docdb">FI</country><country mxw-id="DS549768674" load-source="docdb">FR</country><country mxw-id="DS549851894" load-source="docdb">GB</country><country mxw-id="DS549865553" load-source="docdb">GR</country><country mxw-id="DS549851895" load-source="docdb">HR</country><country mxw-id="DS549851079" load-source="docdb">HU</country><country mxw-id="DS549768675" load-source="docdb">IE</country><country mxw-id="DS549865558" load-source="docdb">IS</country><country mxw-id="DS549850271" load-source="docdb">IT</country><country mxw-id="DS549865559" load-source="docdb">LI</country><country mxw-id="DS549850272" load-source="docdb">LT</country><country mxw-id="DS549918098" load-source="docdb">LU</country><country mxw-id="DS549850273" load-source="docdb">LV</country><country mxw-id="DS549850278" load-source="docdb">MC</country><country mxw-id="DS549918099" load-source="docdb">MK</country><country mxw-id="DS549918100" load-source="docdb">MT</country><country mxw-id="DS549918101" load-source="docdb">NL</country><country mxw-id="DS549768676" load-source="docdb">NO</country><country mxw-id="DS549918102" load-source="docdb">PL</country><country mxw-id="DS549768970" load-source="docdb">PT</country><country mxw-id="DS549781861" load-source="docdb">RO</country><country mxw-id="DS549768971" load-source="docdb">RS</country><country mxw-id="DS549918103" load-source="docdb">SE</country><country mxw-id="DS549851896" load-source="docdb">SI</country><country mxw-id="DS549768681" load-source="docdb">SK</country><country mxw-id="DS549768682" load-source="docdb">SM</country><country mxw-id="DS549865560" load-source="docdb">TR</country></ep-contracting-states></designated-states></international-convention-data><office-specific-data><eptags><ep-no-a-document-published>*</ep-no-a-document-published></eptags></office-specific-data></bibliographic-data><abstract mxw-id="PA100072086" ref-ucid="WO-2012119885-A1" lang="DE" load-source="patent-office"><p num="0000">Der Erfindung liegt die Aufgabe zugrunde, eine Projektorvorrichtung sowie ein Medizingerät mit der Projektorvorrichtung vorzuschlagen, welche eine verbesserte Messung der lokalen Brechkraft eines optischen Körpers, insbesondere eines Auges, ermöglicht. Hierzu wird eine Projektorvorrichtung 1 zur Projektion eines flächigen Musters 2 in einer Ebene 3, insbesondere in einem menschlichen Auge 4, mit mindestens einer Lichtquelle (LS1, LS2), welche einen Lichtstrahl erzeugt, mit einer Ablenkeinrichtung (MSS), welche eine Ablenkung des Lichtstrahls um einen Ablenkwinkel ermöglicht, um das flächige Muster (2) in der Ebene (3) zu erzeugen, mit einem Strahlengang (7), welcher sich mindestens von der Lichtquelle (LS1, LS2) zu der Ebene (3) erstreckt, mit mindestens einer Sensoreinrichtung (L1, D1, W2, D2), welche zur Bestimmung des IST-Zustands einer Wellenfront des Lichtstrahls in einer beliebigen Position des Strahlengangs (7) ausgebildet ist, mit mindestens einer Korrektureinrichtung (EL;O2,O3), welche in dem Strahlengang (7) angeordnet ist und eine Änderung der Wellenfront des Lichtstrahls ermöglicht, vorgeschlagen. Erfindungsgemäß erfolgt eine ortsaufgelöste Änderung der Wellenfront durch ein optisches Steuerelement mit einstellbarer Brennweite.</p></abstract><abstract mxw-id="PA100340126" ref-ucid="WO-2012119885-A1" lang="DE" source="national office" load-source="docdb"><p>Der Erfindung liegt die Aufgabe zugrunde, eine Projektorvorrichtung sowie ein Medizingerät mit der Projektorvorrichtung vorzuschlagen, welche eine verbesserte Messung der lokalen Brechkraft eines optischen Körpers, insbesondere eines Auges, ermöglicht. Hierzu wird eine Projektorvorrichtung 1 zur Projektion eines flächigen Musters 2 in einer Ebene 3, insbesondere in einem menschlichen Auge 4, mit mindestens einer Lichtquelle (LS1, LS2), welche einen Lichtstrahl erzeugt, mit einer Ablenkeinrichtung (MSS), welche eine Ablenkung des Lichtstrahls um einen Ablenkwinkel ermöglicht, um das flächige Muster (2) in der Ebene (3) zu erzeugen, mit einem Strahlengang (7), welcher sich mindestens von der Lichtquelle (LS1, LS2) zu der Ebene (3) erstreckt, mit mindestens einer Sensoreinrichtung (L1, D1, W2, D2), welche zur Bestimmung des IST-Zustands einer Wellenfront des Lichtstrahls in einer beliebigen Position des Strahlengangs (7) ausgebildet ist, mit mindestens einer Korrektureinrichtung (EL;O2,O3), welche in dem Strahlengang (7) angeordnet ist und eine Änderung der Wellenfront des Lichtstrahls ermöglicht, vorgeschlagen. Erfindungsgemäß erfolgt eine ortsaufgelöste Änderung der Wellenfront durch ein optisches Steuerelement mit einstellbarer Brennweite.</p></abstract><abstract mxw-id="PA100072087" ref-ucid="WO-2012119885-A1" lang="EN" load-source="patent-office"><p num="0000">The aim the invention is to provide a projector device and a medical device comprising the projector device, said projector device allowing an improved measurement of the local refractive power of an optical body, in particular an eye. For this purpose, the invention proposes a projector device 1 for projecting a flat pattern 2 on a plane 3, in particular in a human eye 4, comprising at least one light source (LS1, LS2) which generates a light beam, comprising a deflecting device (MSS) which allows a deflection of the light beam at a deflection angle in order to generate the flat pattern (2) on the plane (3), comprising a beam path (7) which extends at least from the light source (LS1, LS2) to the plane (3), comprising at least one sensor device (L1, D1, W2, D2) which is designed to determine the actual state of a light beam wavefront in any position of the beam path (7), and comprising at least one correcting device (EL; O2, O3) which is arranged in the beam path (7) and which allows an alteration of the light beam wavefront. According to the invention, a high-resolution alteration of the wavefront is carried out by an optical control element with a variable focal length.</p></abstract><abstract mxw-id="PA100340127" ref-ucid="WO-2012119885-A1" lang="EN" source="national office" load-source="docdb"><p>The aim the invention is to provide a projector device and a medical device comprising the projector device, said projector device allowing an improved measurement of the local refractive power of an optical body, in particular an eye. For this purpose, the invention proposes a projector device 1 for projecting a flat pattern 2 on a plane 3, in particular in a human eye 4, comprising at least one light source (LS1, LS2) which generates a light beam, comprising a deflecting device (MSS) which allows a deflection of the light beam at a deflection angle in order to generate the flat pattern (2) on the plane (3), comprising a beam path (7) which extends at least from the light source (LS1, LS2) to the plane (3), comprising at least one sensor device (L1, D1, W2, D2) which is designed to determine the actual state of a light beam wavefront in any position of the beam path (7), and comprising at least one correcting device (EL; O2, O3) which is arranged in the beam path (7) and which allows an alteration of the light beam wavefront. According to the invention, a high-resolution alteration of the wavefront is carried out by an optical control element with a variable focal length.</p></abstract><abstract mxw-id="PA100072088" ref-ucid="WO-2012119885-A1" lang="FR" load-source="patent-office"><p num="0000">L'objectif de l'invention est de concevoir un ensemble projecteur ainsi qu'un appareil médical pourvu de cet ensemble projecteur qui permettent une meilleure mesure de la réfringence locale d'un corps optique, en particulier d'un oeil. A cet effet, l'invention concerne un ensemble projecteur (1) conçu pour projeter un motif bidimensionnel (2) sur un plan (3), en particulier dans un oeil humain (4), comprenant au moins une source lumineuse (LS1, LS2) destinée à générer un rayonnement lumineux, un dispositif de déflexion (MMS) conçu pour défléchir le rayonnement lumineux selon un angle de déflexion, pour générer le motif bidimensionnel (2) dans le plan (3), une trajectoire de rayonnement (7) qui s'étend au moins de la source lumineuse (LS1, LS2) au plan (3), au moins un dispositif de détection (L1, D1, W2, D2) conçu pour déterminer l'état réel IST d'un front d'onde du rayonnement lumineux dans une position quelconque de la trajectoire de rayonnement (7), au moins un dispositif de correction (EL;O2,O3), qui est disposé sur la trajectoire de rayonnement (7) et permet une modification du front d'onde de rayonnement lumineux. Une modification à résolution spatiale du front d'onde intervient au moyen d'un élément de commande optique à distance focale ajustable.</p></abstract><abstract mxw-id="PA100340128" ref-ucid="WO-2012119885-A1" lang="FR" source="national office" load-source="docdb"><p>L'objectif de l'invention est de concevoir un ensemble projecteur ainsi qu'un appareil médical pourvu de cet ensemble projecteur qui permettent une meilleure mesure de la réfringence locale d'un corps optique, en particulier d'un oeil. A cet effet, l'invention concerne un ensemble projecteur (1) conçu pour projeter un motif bidimensionnel (2) sur un plan (3), en particulier dans un oeil humain (4), comprenant au moins une source lumineuse (LS1, LS2) destinée à générer un rayonnement lumineux, un dispositif de déflexion (MMS) conçu pour défléchir le rayonnement lumineux selon un angle de déflexion, pour générer le motif bidimensionnel (2) dans le plan (3), une trajectoire de rayonnement (7) qui s'étend au moins de la source lumineuse (LS1, LS2) au plan (3), au moins un dispositif de détection (L1, D1, W2, D2) conçu pour déterminer l'état réel IST d'un front d'onde du rayonnement lumineux dans une position quelconque de la trajectoire de rayonnement (7), au moins un dispositif de correction (EL;O2,O3), qui est disposé sur la trajectoire de rayonnement (7) et permet une modification du front d'onde de rayonnement lumineux. Une modification à résolution spatiale du front d'onde intervient au moyen d'un élément de commande optique à distance focale ajustable.</p></abstract><description mxw-id="PDES51373765" ref-ucid="WO-2012119885-A1" lang="DE" load-source="patent-office"><!-- EPO <DP n="3"/>--><p id="p0001" num="0001"> Projektorvorrichtung mit Selbstkorrekturfunktion sowie </p><p id="p0002" num="0002"> Medizingerät mit der Projektorvorrichtung </p><p id="p0003" num="0003">Die Erfindung betrifft eine Projektorvorrichtung zur Projektion eines flächigen Musters in einer Ebene, insbesondere in einem menschlichen Auge, mit mindestens einer Lichtquelle, welche einen Lichtstrahl erzeugt, mit einer Ablenkeinrichtung, welche eine Ablenkung des Lichtstrahls um einen Ablenkwinkel ermöglicht, um das flächige Muster in der Ebene zu erzeugen, mit einem Strahlengang, welcher sich mindestens von der Lichtquelle bis zu der Ebene erstreckt, mit einer Sensoreinrichtung, welche zur Bestimmung des Ist- Zustandes einer Wellenfront des Lichtstrahls in einer beliebigen Position des Strahlengangs ausgebildet und angeordnet ist, mit einer Auswerteeinrichtung, welche ausgebildet ist, den Ist-Zustand der Wellenfront aufzunehmen, und mit einer Korrektureinrichtung, welche in dem Strahlengang angeordnet ist und eine Änderung der Wellenfront des Lichtstrahls ermöglicht. Die Erfindung betrifft auch ein Medizingerät mit der Projektorvorrichtung. </p><p id="p0004" num="0004">Fehlsichtigkeit von Personen kann in der Zwischenzeit über lasergestützte Behandlungsmethoden der Hornhaut berichtigt werden, wobei durch einen flächigen Laserabtrag der Hornhaut die Oberflächenform der Hornhaut so geändert wird, dass die Fehlsichtigkeit korrigiert wird. Derartige Behandlungsmethoden umfassen zum einen die Messung der Fehlsichtigkeit der Person und zum anderen die Korrektur der Hornhaut durch einen Behandlungslaser . 
<!-- EPO <DP n="4"/>-->
Beispielsweise offenbart die Druckschrift DE102006005473A1, die wohl den nächstkommenden Stand der Technik bildet, eine Vorrichtung zum Messen von Abbildungsfehlern im menschlichen Auge, welche in einer möglichen Ausführungsform in einem Bearbeitungslaser integriert ist, um das Ergebnis einer Behandlung bei einer individuellen Anpassung von Kontaktlinsen, von Intraokularlinsen oder bei einer chirurgischen Korrektur der Hornhaut in situ zu überprüfen und ggf. eine erforderliche Korrektur zu berechnen. Die Vorrichtung umfasst eine Laserdiode zur Bestimmung der lokalen Brechkraft im Auge, wobei der Lichtstrahl der Laserdiode über einen als Mikroscannerspiegel ausgeführten Kippspiegel flächig abtastend über das Auge geführt wird. Um das abzubildende Sehzeichen an die mittlere Brechkraft des Auges anzupassen, ist der Mikroscannerspiegel auf einem elektrisch ansteuerbaren Schlitten positioniert, so dass eine Vorkompensation des Messstrahls der Laserdiode im Bereich von weniger als 0,1 dpt erfolgen kann. Bevor die Brechkraft des Auges gemessen wird, wird es fixiert, so dass das Auge in einem entspannten Zustand vermessen wird. Hierzu wird ein blinkender Punkt oder ein Ring als Sehzeichen im Auge eingeblendet, auf das sich das Auge anpasst. Das Sehzeichen wird durch einen Lichtstrahl erzeugt, welcher ebenfalls mit dem Mikroscannerspiegel abgelenkt wird. Das Sehzeichen kann durch Ansteuerung der Lichtquelle und des Kippspiegels unter Berücksichtigung der zuvor gemessenen lokalen Brechkraft (Koma, Astigmatismus) des Auges so projiziert werden, dass das Sehzeichen im Auge unverzerrt abgebildet wird. Um über den gesamten Messbereich eine gleichbleibende hohe Messgenauigkeit zu gewährleisten, wird die Divergenz des von der Laserdiode gelieferten Laserstrahls mittels einer elektrisch steuerbaren Flüssigkeitslinse in Abhängigkeit von der zu messenden Fehlsichtigkeit des Auges 
<!-- EPO <DP n="5"/>-->
eingestellt, wodurch ein gleichbleibender Strahlendurchmesser von weniger als 200 pm sicher gestellt ist. </p><p id="p0005" num="0005">Der Erfindung liegt die Aufgabe zugrunde, eine Projektorvorrichtung sowie ein Medizingerät mit der Projektorvorrichtung vorzuschlagen, welche eine verbesserte Messung der lokalen Brechkraft eines optischen Körpers, insbesondere eines Auges, ermöglicht. Diese Aufgabe wird durch eine Projektorvorrichtung mit den Merkmalen des Anspruches 1 sowie durch ein Medizingerät mit den Merkmalen des Anspruches 15 gelöst. Bevorzugte oder vorteilhafte Ausführungsformen der Erfindung ergeben sich aus den Unteransprüchen, der nachfolgenden Beschreibung sowie den beigefügten Figuren. </p><p id="p0006" num="0006">Im Rahmen der Erfindung wird eine Projektorvorrichtung vorgeschlagen, welche zur Projektion eines flächigen Musters in einer Ebene geeignet und/oder ausgebildet ist. Die Ebene ist bevorzugt in oder an einem menschlichen Auge angeordnet. Im Speziellen ist die Projektorvorrichtung ausgebildet, das flächige Muster auf die Netzhaut des Auges als Ebene zu projizieren. Im speziellen ist die Projektorvorrichtung ausgebildet, das flächige Muster auf den Gelben Fleck der Netzhaut zu projizieren. Das flächige Muster kann beispielsweise als ein Symbol, ein Kreis, ein Zeichen, eine Zahl, ein Bild oder eine Struktur ausgebildet sein. </p><p id="p0007" num="0007">In einigen Ausführungsformen dient die Projektorvorrichtung dazu, dass flächige Muster verzerrungsfrei und/oder scharf auf die Ebene abzubilden. Insbesondere ist die Abbildung frei von Abbildungsfehlern. Bei anderen Ausführungsformen erlaubt die 
<!-- EPO <DP n="6"/>-->
Projektorvorrichtung nur eine Verbesserung der optischen Qualität in einem Teilbereich des Strahlengangs. </p><p id="p0008" num="0008"> Die Projektorvorrichtung umfasst mindestens eine Lichtquelle, welche einen Lichtstrahl erzeugt. Bei alternativen Ausführungsformen können auch mehrere Lichtquellen vorhanden sein. Soll das flächige Muster für den Patienten sichtbar sein, ist es bevorzugt, dass der Lichtstrahl eine Wellenlänge im sichtbaren Bereich, also beispielsweise zwischen 400 pm und 800 pm aufweist. Soll das flächige Muster unsichtbar sein, so kann ein Lichtstrahl im nahen, aber unsichtbaren Infrarotbereich, wie z.B. zwischen 780 nm und 1400 nm eingesetzt werden. Kombinationen und Überlagerungen von mehreren Lichtstrahlen oder -quellen sind möglich. Die Projektorvorrichtung umfasst eine Ablenkeinrichtung, welche eine Ablenkung des Lichtstrahls um einen Ablenkwinkel umsetzt, um das flächige Muster in der Ebene zu erzeugen. Besonders bevorzugt ermöglicht die Ablenkeinrichtung eine Ablenkung in zwei unabhängige Richtungen. Die Ablenkeinrichtung ist besonders bevorzugt als eine Scannervorrichtung mit einem Scannerspiegel ausgebildet, kann bei anderen Ausführungsformen aber auch mittels eines bewegten Prismas oder einer bewegten Linse realisiert sein. Zwischen der Lichtquelle und der Ebene erstreckt sich ggf. gewinkelt oder geknickt ein Strahlengang, wobei sich der Strahlengang sich auch weiter, also insbesondere über die Ebene hinaus erstrecken kann. Insbesondere kann der Strahlengang auch Bereiche umfassen, welche in optischer Vorwärtsrichtung ausgehend von der Lichtquelle zu der Ebene hinter der Ebene angeordnet sind, also Reflexionen oder Streuungen von der Ebene umfassen. 
<!-- EPO <DP n="7"/>-->
Es ist mindestens eine Sensoreinrichtung an einer in der allgemeinsten Ausführung beliebigen Position des Strahlengangs angeordnet, welche zur Bestimmung des I st-Zustandes einer Wellenfront des Lichtstrahls ausgebildet ist. </p><p id="p0009" num="0009">Da der Lichtstrahl über die Ablenkvorrichtung abgelenkt wird, um das flächige Muster in der Ebene zu erzeugen, kann durch die Sensoreinrichtung die Wellenfront nur für den aktuell auf die Sensoreinrichtung auftreffenden Lichtstrahl bzw. dessen Rückstreuung aufgenommen werden. Werden die Wellenfronten aus allen zeitlich aufeinanderfolgenden Lichtstrahlen zur Bildung des flächigen Musters erfasst, kann aus diesen Wellenfronten eine ausgedehnte Wellenfront bestimmt werden. Unterschiedliche Ist-Zustände der Wellenfronten des Lichtstrahls können sich insbesondere durch unterschiedliche Divergenzen des Lichtstrahls oder durch unterschiedliche Ausbreitungsrichtungen, insbesondere Winkel des Lichtstrahls ergeben. Die Sensoreinrichtung ist insbesondere als ein Aberrometer, Shack-Hartmann-Sensor , Tschernig-Aberrometer , Wellenfrontanalysator oder eine vereinfachte Ausführungsform derselben ausgebildet. Der Ist-Zustand der Wellenfront kann mit der Sensoreinrichtung über einen absoluten Messwert erfasst werden. Es ist jedoch auch möglich, dass der Ist- Zustand über einen relativen Wert erfasst wird. So kann beispielsweise der Ist-Zustand als eine Position des Auftreffpunkts des Lichtstrahls auf einer Fläche ausgebildet sein, wobei die Position eine Relativmessgröße für den Ist- Zustand der Wellenfront bildet, jedoch nicht erlaubt, einen absoluten Messwert für den Ist-Zustand der Wellenfront anzugeben . 
<!-- EPO <DP n="8"/>-->
In dem Strahlengang ist eine Korrektureinrichtung integriert, die eine Änderung der Wellenfront des Lichtstrahls ermöglicht. Insbesondere ist die Korrektureinrichtung in</p><p id="p0010" num="0010">Ausbreitungsrichtung des Lichtstrahls vor der Sensoreinrichtung angeordnet, so dass Änderungen der Wellenfront des Lichtstrahls durch die mindestens eine Sensoreinrichtung erfasst werden können. </p><p id="p0011" num="0011">Als weitere Komponente umfasst die Projektorvorrichtung eine Auswerteeinrichtung, die den Ist-Zustand der Wellenfront aufnehmen und den Ist-Zustand mit einem Soll-Zustand der Wellenfront des Lichtstrahls vergleichen kann. Ein Soll- Zustand des Lichtstrahls kann - zurückkehrend zu dem vorhergehenden Beispiel - als eine weitere Position des Lichtstrahls auf einer Sensorfläche oder als ein anderer relativer oder absoluter Wert ausgebildet sein. </p><p id="p0012" num="0012">Erfindungsgemäß wird vorgeschlagen, dass die</p><p id="p0013" num="0013">Korrektureinrichtung ein optisches Steuerelement mit einer vorzugsweise elektrisch steuerbaren Brennweite umfasst und dass die Auswerteeinrichtung das optische Steuerelement so ansteuert, dass der Ist-Zustand dem Soll-Zustand ortsaufgelöst nachgeführt wird. Die Auswerteeinrichtung setzt einen Kontrollkreis, insbesondere einen Regelkreis oder Steuerkreis um, der über das optische Steuerelement ortsaufgelöst den gemessenen Ist- Zustand der Wellenfront zu dem Soll-Zustand überführt, um auf diese Weise eine Selbstkorrektur der Projektorvorrichtung durchzuführen. Die ortsaufgelöste Ansteuerung wird besonders bevorzugt als ortsabhängig in Bezug auf die Ebene und/oder winkelabhängig in Bezug auf den Ablenkwinkel verstanden. 
<!-- EPO <DP n="9"/>-->
Der Vorteil der Erfindung ist insbesondere darin zu sehen, dass durch die Auswerteeinrichtung und die Nachführung durch das optische Steuerelement eine Selbstkorrektur des Strahlengangs oder zumindest eines Abschnitts des Strahlengangs erreicht werden kann. Dadurch wird es ermöglicht, auf der Ebene ein abbildungsfehlerfreies oder zumindest -armes flächiges Muster zu erzeugen oder - falls die mindestens eine Sensoreinrichtung im Strahlengang vor der Ebene angeordnet ist - bis zu dem Messpunkt durch optische Elemente der Projektorvorrichtung erzeugte Abbildungsfehler zu kompensieren bzw. zu korrigieren. In der Projektorvorrichtung können z.B. günstige optische Komponenten eingesetzt werden oder die eingesetzten Komponenten erlauben bei der Positionierung höhere Toleranzen, da ggf. auftretende Abbildungs- oder Justagefehler durch die Nachführung oder Selbstkorrektur ausgeglichen werden können. </p><p id="p0014" num="0014">Dies wird insbesondere dadurch erreicht, dass durch das optische Stellelement mit elektrisch steuerbarer Brennweite nicht nur eine Verzerrung des flächigen Musters auf der Ebene kompensiert werden kann, sondern auch eine Divergenz oder Winkelfehler des Lichtstrahls angepasst werden kann, so dass auch ein sphärischer Abbildungsfehler und/oder ein Defokus, also eine Unschärfe auf der Ebene, insbesondere auf der Netzhaut, ausgeglichen werden kann. </p><p id="p0015" num="0015">Die Erfassung des Ist-Zustands kann bei einer möglichen Ausführungsform einmalig als eine Referenzmessung oder Initialisierungsmessung durchgeführt werden, z.B. wenn die Projektorvorrichtung erstmalig initialisiert bzw. montiert wird oder wenn eine Kalibrierung notwendig ist. Im weiteren Betrieb erfolgt die Nachführung oder Selbstkorrektur auf Basis der einmalig gemessenen Ist-Zustände z.B. als Steuerkreis. 
<!-- EPO <DP n="10"/>-->
Dies ist kann auch ausreichend sein, da Abbildungsfehler aufgrund von Dejustagen oder günstigen optischen Komponenten statisch sind und nicht ständig überprüft werden müssen. Besonders bevorzugt wird die Selbstkorrektur, also die Erfassung der Ist-Zustände und die Nachführung, jedoch ständig durchgeführt, um unmittelbar Änderungen in dem Strahlengang erkennen und korrigieren zu können, z.B. als Regelkreis. Besonders bevorzugt wird der Ist-Zustand der Wellenfront mindestens einmal, vorzugsweise mindestens fünfmal, insbesondere mindestens zehnmal pro Sekunde oder laufend aufgenommen, so dass die Selbstkorrektur in Echtzeit durchgeführt wird. Bei einer besonders bevorzugten Ausführungsform der Erfindung ist das flächige Muster als ein Akkomodationstarget, insbesondere als ein Sehzeichen, für das Auge ausgebildet. Die Projektion eines Akkomodationstargets auf das Auge, insbesondere auf die Netzhaut, ermöglicht eine Stabilisierung der Blickrichtung, da der Patient angewiesen werden kann, in die (scheinbare) Herkunftsrichtung des Gegenstands zu blicken, den der Patient durch das Akkomodationstarget dargestellt bekommt. Dies ermöglicht Messungen in der Sehachse. Die Selbstkorrektur von Teilabschnitten des Strahlengangs oder des gesamten Strahlengangs führt zu einer Verbesserung der Abbildungsschärfe des Akkomodationstargets auf der Netzhaut, so dass sich das Auge komfortabel auf weite Entfernungen oder ins Unendliche einstellen und damit weitgehend entspannen kann. In diesem Zustand kann das Auge zum einen besonders genau vermessen und zum anderen besonders exakt chirurgisch behandelt werden. 
<!-- EPO <DP n="11"/>-->
Bei einer besonders bevorzugten konstruktiven Ausgestaltung der Erfindung ist das optische Steuerelement als eine adaptive, insbesondere verschiebbare und/oder verformbare, Linse ausgebildet. Durch Anlegen eines elektrischen Steuersignals, z.B. einer SteuerSpannung, an die Linse bzw. einer entsprechenden Steuerung der Linse kann deren Brennweite eingestellt werden. Bevorzugt weist die Linse einen freien Durchmesser von größer 2 mm, vorzugsweise größer 5 mm auf, wobei der große freie Durchmesser vorteilhaft ist, da Lichtstrahlen, welche nicht mittig die Linse passieren, die Linse ebenfalls noch annähernd als eine ideale Linse wahrnehmen bzw. abbildungsfehlerarm- oder -frei transmittieren können . Alternativ hierzu kann das optische Steuerelement als ein adaptiver Spiegel ausgebildet sein, wobei die Brennweite durch Änderung der Krümmung der Spiegeloberfläche umgesetzt wird. Diese Ausführungsform ist mechanisch einfacher zu gestalten, jedoch benötigt diese Ausführungsform einen größeren Bauraum. </p><p id="p0016" num="0016">Bei einer bevorzugten Ausführungsform der Erfindung ist die Ablenkeinrichtung als ein Mikroscannerspiegel ausgebildet, welcher besonders bevorzugt in zwei zueinander senkrechte Richtungen um einen Ablenkwinkel abgelenkt werden kann. Insbesondere handelt es sich um einen X-Y-Scanner-Spiegel . Der Mikroscannerspiegel erlaubt ein flächendeckendes Abtasten der Ebene zur Projektion des flächigen Musters mit Schwingungsfrequenzen von 100 Hz bis 110 kHz. Insbesondere ist der Mikroscannerspiegel zweidimensional ablenkbar. Der Mikroscannerspiegel hat eine freie Spiegelfläche, welche im Durchmesser kleiner als 7 mm, vorzugsweise kleiner als 3 mm ist. Durch die geringe Größe kann der Mikroscannerspiegel in einem Resonanzbetrieb mit den genannten Frequenzen betrieben 
<!-- EPO <DP n="12"/>-->
werden, so dass der Mikroscannerspiegel unabhängig von der Form des flächigen Musters stets die gleiche Ablenkreihenfolge durchführt und das flächige Muster durch Aktivierung bzw. Deaktivierung der Lichtquelle bzw. des Lichtstrahls erfolgt. Durch den Resonanzbetrieb kann die Ansteuerung des Mikroscannerspiegels sehr einfach ausfallen, da diese nicht auf das flächige Muster angepasst werden muss. </p><p id="p0017" num="0017">Konstruktiv betrachtet erlaubt die Verwendung der adaptiven Linse und des Mikroscannerspiegels einen Aufbau mit sehr geringer Baugröße, so dass die Projektorvorrichtung einfach in beliebige Medizingeräte integrierbar ist. </p><p id="p0018" num="0018">Das optische Steuerelement ist bevorzugt mit den gleichen Frequenzen wie die Ablenkeinrichtung oder synchron zu der Ablenkvorrichtung ansteuerbar, da für jede Winkelstellung der Ablenkeinrichtung eine andere Brennweite des optischen Steuerelements einzustellen ist. Es ist besonders bevorzugt, dass die Nachführung des Ist- Zustandes zu dem Soll-Zustand ausschließlich durch Ansteuerung des optischen Steuerelements erfolgt. Prinzipiell ist es nämlich möglich, die Differenz zwischen dem Ist-Zustand und dem Soll-Zustand durch Ansteuerung der Ablenkeinrichtung oder durch Aktivieren bzw. Deaktivierung der Lichtquelle zumindest in Bezug auf die höheren Abbildungsfehler zu erreichen, wie dies in der eingangs gewürdigten DE102006005473A1 beschrieben ist. Besonders bevorzugt wird bei der vorliegenden Erfindung die Nachführung ausschließlich durch Ansteuerung des optischen Steuerelements durchgeführt, wobei etwaig gemessene Abweichungen zwischen Ist-Zustand und Soll-Zustand nicht durch Ansteuerung der Lichtquelle oder der Ablenkeinrichtung nachgeführt werden. Die Korrektureinrichtung erlaubt nämlich, 
<!-- EPO <DP n="13"/>-->
ortsaufgelöst die Wellenfront zu kompensieren, so dass sowohl Korrekturen von sphärischen Abbildungsfehlers oder Defokus als auch von höheren Abbildungsfehlern, wie zum Beispiel Koma oder Astigmatismus etc. kompensierbar sind. Dadurch, dass nur noch eine Aktorik, nämlich das optische Steuerelement, angesprochen werden muss, vereinfacht sich die Steuerung bzw. Regelung der Proj ektorVorrichtung . </p><p id="p0019" num="0019">Bei einer besonders vorteilhaften Ausführungsform ist die Lichtquelle als mindestens eine Laserstrahlquelle ausgebildet. Im Besonderen werden Laserdioden eingesetzt. Eine Laserstrahlquelle hat den Vorteil, dass die Strahlqualität sehr hoch ist und der Strahl mit einem geringen Durchmesser durch die Projektorvorrichtung geführt werden kann. Beispielsweise ist der Strahldurchmesser (FWHM) kleiner als 500pm, insbesondere kleiner als 300pm. Dies führt zum einen dazu, dass optische Komponenten, wie zum Beispiel der Mikroscannerspiegel oder das optische Steuerelement hinsichtlich des optisch aktiven Durchmessers (Linsenfläche, Spiegelfläche) sehr klein ausgeführt werden können. Dies wiederum erlaubt, dass die Projektorvorrichtung als Ganzes als sehr kleine Baueinheit realisiert werden kann, welche - wie nachfolgend noch erläutert wird - als eine kleinbauende Komponente in ein Medizingerät eingesetzt werden kann. </p><p id="p0020" num="0020">Bei einer bevorzugten Weiterbildung der Erfindung ist die Lichtquelle oder Laserstrahlquelle zur Ausgabe von farbigem und/oder polarisierten Licht ausgebildet. Durch die Verwendung von farbigen Lichtquellen oder mehreren Lichtquellen mit unterschiedlichen Farben wird es möglich, das flächige Muster mehrfarbig darzustellen und dadurch ein angenehmes Empfinden des Patienten zu erreichen. Der Einsatz von polarisiertem Licht, insbesondere horizontal oder vertikal polarisierten 
<!-- EPO <DP n="14"/>-->
Licht ermöglicht es, in dem Strahlengang durch Kombination von Polarisationsspiegeln und Lambda-Platten den Lichtstrahl selektiv zu reflektieren bzw. zu transmittieren und so den Strahlengang flexibel zu gestalten. </p><p id="p0021" num="0021">Bei einer besonders bevorzugten Ausführungsform der Erfindung ist die mindestens eine Sensoreinrichtung in dem Strahlengang so angeordnet, dass diese eine Rückstreuung des Lichtstrahls aus der Ebene empfängt. Betrachtet man wieder den Strahlengang in LichtStrahlrichtung, so ist die Sensoreinrichtung hinter der Ebene angeordnet. Diese Ausgestaltung hat den Vorteil, dass etwaige Abbildungsfehler in dem Strahlengang sich ausgehend von der Lichtquelle bis zur Ebene akkumuliert oder aufsummiert haben und die Sensoreinrichtung einen Ist-Zustand aufnimmt, in dem alle etwaigen Abbildungsfehler des Strahlengangs eingeflossen sind. Durch die Nachführung des Ist-Zustands zu dem Soll-Zustand werden folglich alle Abbildungsfehler kompensiert. Für den Fall, dass die Ebene in den menschlichen Augen, im Speziellen auf der Netzhaut angeordnet ist, wird gerade das optische Element mit üblicher Weise den größten Abbildungsfehlern, nämlich das Auge, als Ganzes oder in Teilbereichen durch die Sensoreinrichtung mit vermessen. Durch die Nachführung des Ist-Zustands in den Soll-Zustand kann folglich erreicht werden, dass das flächige Muster in der Ebene abbildungsfehlerarm oder -frei angezeigt wird. </p><p id="p0022" num="0022">Bei einer möglichen Alternative oder Weiterbildung der Erfindung ist die mindestens eine Sensoreinrichtung oder eine weitere Sensoreinrichtung in dem Strahlengang in LichtStrahlrichtung vor der Ebene angeordnet, um einen auf die Ebene einfallenden Lichtstrahl zu empfangen bzw. zu vermessen. 
<!-- EPO <DP n="15"/>-->
In dieser Konstellation nimmt die Sensoreinrichtung den Ist- Zustand eines Teilbereiches des Strahlengangs auf, wobei gezielt auf die Ebene und im Speziellen auf das menschliche Auge als optisches Element in den Strahlengang verzichtet wird. In dieser Ausgestaltung der Erfindung können durch die Nachführung des Ist-Zustands in den Soll-Zustand Abbildungsfehler, welche zum Beispiel unabhängig vom menschlichen Augen in dem Strahlengang entstanden sind, kompensiert werden. Beispielsweise ist es dann möglich, vor der Ebene kostengünstige optische Komponenten, zum Beispiel aus Kunststoff, einzusetzen oder optische Komponenten in den Randbereichen der Apertur zu verwenden, wobei die dabei auftretenden Abbildungsfehler durch die Auswerteeinrichtung kompensiert werden können. Letztlich wird ein abbildungsfehlerarmer oder -freier Lichtstrahl zur Projektion des flächigen Musters auf die Ebene verwendet, so dass dann entstehende Abbildungsfehler dem Auge zugerechnet werden können . In einer besonders bevorzugten Ausbildung der Erfindung ist sowohl eine Sensoreinrichtung vor der Ebene als auch eine Sensoreinrichtung nach der Ebene angeordnet, wobei die Sensoreinrichtung vor der Ebene ausgebildet ist, den Ist- Zustand eines Teilbereichs des Strahlengangs zu erfassen und der Sensor nach der Ebene ausgebildet ist, den Ist-Zustand nach der Ebene zu erfassen. Diese doppelte Erfassung hat den Vorteil, dass abgeschätzt werden kann, welche Abbildungsfehler vor der Ebene und welche Abbildungsfehler nach der Ebene vorliegen. Im Ergebnis können die Abbildungsfehler, welche vor der Ebene gemessen werden, der Projektorvorrichtung zugeordnet werden. In guter Näherung können die Abbildungsfehler nach der Ebene nach Abzug der Abbildungsfehler vor der Ebene dem Auge zugerechnet werden und definieren damit eine Verteilung der 
<!-- EPO <DP n="16"/>-->
lokalen Brechkraft im Auge. Somit kann über die Projektorvorrichtung und die Bestimmung des I st-Zustandes bzw. die Nachführung zu dem Soll-Zustand zugleich eine Vermessung der optischen Eigenschaften des menschlichen Auges umgesetzt werden. </p><p id="p0023" num="0023">In einer konstruktiven Realisierung der Erfindung ist vorgesehen, dass die Sensoreinrichtung oder die weitere Sensoreinrichtung nach einer Kollimatorlinse in dem Strahlengang angeordnet ist. Die Kollimatorlinse ist eine der wichtigen Komponenten in dem Strahlengang, so dass eine Überprüfung der Strahlqualität nach der Kollimatorlinse sinnvoll erscheint. Bei einer möglichen Realisierung der Erfindung ist die Sensoreinrichtung als ein Wellenfrontmesser ausgebildet. Wellenfrontmesser sind dem Fachmann prinzipiell bekannt, so ist dem Fachmann aus der Literatur beispielsweise der Shack- Hartmann-Sensor oder das Tschernig-Aberrometer bekannt. </p><p id="p0024" num="0024">Bei einer anderen Ausführungsform der Erfindung umfasst die Sensoreinrichtung eine positionsempfindliche Diode (PSD) , einen Quadrantendetektor als Sensor oder ist als ein anderer flächiger Sensor, wie z.B. ein CCD-, oder CMOS-Chip ausgebildet, wobei die Sensoreinrichtung bevorzugt in einer Bildebene des Strahlengangs angeordnet ist. Prinzipiell sollte in der Bildebene das flächige Muster auf dem Sensor abgebildet werden, wobei Lichtstrahlen, welche auf Bereiche abgebildet werden, die außerhalb des idealen Bildes des flächigen Musters oder außerhalb des eigenen idealen Bildpunkts liegen, auf eine Abweichung des Ist-Zustands von dem Soll-Zustand der Wellenfront des Lichtstrahls schließen lassen, die durch Ansteuerung des optischen Steuerelements kompensiert werden 
<!-- EPO <DP n="17"/>-->
kann. Die Größe der Abweichung bzw. Entfernung des Auftreffpunkts des Lichtstrahls auf dem Sensor von dem idealen Bild oder Bildpunkt ist ein relativer Wert oder eine Relativmessgröße für den Ist-Zustand der Wellenfront. </p><p id="p0025" num="0025">Besonders bevorzugt ist, wenn die Projektorvorrichtung als eine binokulare Vorrichtung ausgebildet ist, so dass das flächige Muster zugleich in beide Augen eines Patienten projiziert werden kann. In dieser Ausgestaltung kann vorgesehen sein, dass hinter jeder Ebene eine Sensoreinrichtung angeordnet ist, um beide Augen unabhängig voneinander vermessen zu können. </p><p id="p0026" num="0026">Um den Untersuchungs- oder Behandlungskomfort weiter zu vergrößern, kann vorgesehen sein, dass das flächige Muster bei der binokularen Vorrichtung ein 3D-Bild ergibt. Dies kann dadurch erreicht werden, dass in die beiden Augen unterschiedliche flächige Muster projiziert werden, welche so ausgebildet sind, dass diese bei gemeinsamer Betrachtung als das 3D-Bild wahrgenommen werden. </p><p id="p0027" num="0027">Als mögliche Position für die Korrektureinrichtung ist es besonders bevorzugt, wenn die diese unmittelbar vor oder unmittelbar hinter einer oder der Kollimatorlinse angeordnet ist oder wenn diese in einem Okular der Projektorvorrichtung angeordnet ist. Es ist auch möglich, dass sowohl eine Korrektureinrichtung bei der Kollimatorlinse und eine Korrektureinrichtung in dem Okular ggf. jeweils eine Korrektureinrichtung pro Okular angeordnet ist. In diesem letztgenannten Fall kann der Teilbereich des Strahlengangs bis zu einer Messposition einer ersten der Sensoreinrichtungen über einen ersten Kontrollkreis durch Ansteuerung der Korrektureinrichtung bei der Kollimatorlinse und das flächige 
<!-- EPO <DP n="18"/>-->
Muster in dem Auge bzw. in den Augen durch Ansteuerung der Korrektureinrichtung in dem oder den Okularen korrigiert werden . Bei einer bevorzugten Ausgestaltung der Erfindung ist die Kontrolleinrichtung in einem Bereich zwischen der Ablenkrichtung und einer Kollimatorlinse angeordnet. Die Kollimatorlinse ist insbesondere ausgebildet, den von der Ablenkeinrichtung kommenden Lichtstrahl parallel zu einer optischen Achse des Strahlengangs zu formen. Bevorzugt entspricht der Abstand zwischen Kollimatorlinse und Ablenkeinrichtung der Brennweite der Kollimatorlinse. Die Anordnung der Kontrolleinrichtung in dem genannten Bereich hat den Vorteil, dass durch eine Ansteuerung der Kontrolleinrichtung der Ablenkwinkel des Lichtstrahls nach der Kontrolleinrichtung aktiv verändert werden kann. Dadurch ist es möglich, die Position des Lichtstrahls auf den nachfolgenden optischen Komponenten und/oder auf der Ebene, insbesondere in dem Auge, aktiv zu verändern. </p><p id="p0028" num="0028">Bei einer möglichen Weiterbildung der Erfindung wird von der oder einer ergänzenden Lichtquelle ein unsichtbarer Laserstrahl als Lichtstrahl ausgesendet. Der unsichtbare Laserstrahl kann beispielsweise im Wellenlängenbereich des UV- Lichts oder des NIR-Lichts angeordnet sein. Die Verwendung eines unsichtbaren Laserstrahls hat den Vorteil, dass unabhängig von dem tatsächlich auf die Ebene projizierten sichtbaren Muster die Ebene durch den unsichtbaren Laserstrahl vollflächig abgetastet und somit Ist-Zustände vollflächig aufgenommen werden können. Probleme können sich nämlich dadurch ergeben, dass das flächige Muster beispielsweise als ein Ring ausgebildet ist, wobei innerhalb des Rings und außerhalb des Rings der sichtbare Lichtstrahl ausgeschaltet 
<!-- EPO <DP n="19"/>-->
werden muss und konsequenter Weise keine Erfassung des Ist- Zustands möglich ist. Hier kann durch Auswertung des unsichtbaren Laserstrahls - welcher ggf. auch dauerhaft aktiviert ist - die gesamte abgetastete Fläche der Ebene vermessen werden. </p><p id="p0029" num="0029">Ein weiterer Gegenstand der Erfindung betrifft ein Medizingerät mit einer Projektorvorrichtung nach einem der vorhergehenden Ansprüche. Das Medizingerät kann als ein Topographiemessgerät, ein Wellenfrontmessgerät oder ein Schichtdickenmessgerät oder sogar intraoperativ in der refraktiven Augenchirurgie z.B. als ein Behandlungslaser zur chirurgischen Korrektur der Brechkraft des Auges ausgebildet sein . </p><p id="p0030" num="0030">Bei einer bevorzugten Weiterbildung des Medizingeräts in Form eines Behandlungslasers ist vorgesehen, dass der Behandlungslaser parallel oder gleichachsig zu dem Lichtstrahl geführt wird, um in situ die Änderungen durch den Behandlungslaser aufnehmen zu können. Der Vorteil dieser Ausführungsform ist insbesondere, dass nicht nur der Lichtstrahl abbildungsfehlerfrei oder -arm in das Auge, sondern auch der gleichachsig laufende Behandlungslaserstrahl abbildungsfehlerfrei oder -arm in das Auge geführt wird. </p><p id="p0031" num="0031">Weitere Merkmale, Vorteile und Wirkungen der Erfindung ergeben sich aus der nachfolgenden Beschreibung bevorzugter Ausführungsbeispiele der Erfindung sowie der beigefügten Figuren. Dabei zeigen: </p><p id="p0032" num="0032">Figur 1 eine schematische Blockdarstellung eines ersten </p><p id="p0033" num="0033"> Ausführungsbeispiels der Erfindung; 
<!-- EPO <DP n="20"/>-->
Figur 2 eine schematische Blockdarstellung eines zweiten Ausführungsbeispiels der Erfindung; </p><p id="p0034" num="0034">Figur 3 eine schematische Blockdarstellung eines dritten </p><p id="p0035" num="0035"> Ausführungsbeispiels der Erfindung; </p><p id="p0036" num="0036">Figur 4 eine schematische Blockdarstellung eines vierten </p><p id="p0037" num="0037"> Ausführungsbeispiels der Erfindung; </p><p id="p0038" num="0038">Figur 5 eine schematische Blockdarstellung eines fünften </p><p id="p0039" num="0039"> Ausführungsbeispiels der Erfindung; </p><p id="p0040" num="0040">Figur 6 eine schematische Blockdarstellung eines sechsten </p><p id="p0041" num="0041"> Ausführungsbeispiels der Erfindung; </p><p id="p0042" num="0042">Figur 7 eine schematische Blockdarstellung eines siebten </p><p id="p0043" num="0043"> Ausführungsbeispiels der Erfindung; </p><p id="p0044" num="0044">Figur 8 eine schematische Blockdarstellung einer ersten </p><p id="p0045" num="0045"> Abwandlung des Mikroscannerspiegels in den vorhergehenden Figuren; </p><p id="p0046" num="0046">Figur 9 eine schematische Blockdarstellung einer zweiten </p><p id="p0047" num="0047"> Abwandlung des Mikroscannerspiegels in den vorhergehenden Figuren. </p><p id="p0048" num="0048">Einander entsprechende oder gleiche Teile sind in den Figuren jeweils mit den gleichen Bezugszeichen versehen. </p><p id="p0049" num="0049">Die Figur 1 zeigt in einer schematischen Blockdarstellung einen ersten optischen Aufbau einer Projektorvorrichtung 1 als ein erstes Ausführungsbeispiel der Erfindung mit einem optionalen Behandlungslaser BL . 
<!-- EPO <DP n="21"/>-->
Die Projektorvorrichtung 1 hat die Aufgabe, ein flächiges Muster 2 auf eine Ebene 3 zu projizieren, welche durch die Netzhaut in einem Auge 4 definiert ist. Das auf die Netzhaut des Auges 4 projizierte flächige Muster 2 kann z.B. als ein Sehzeichen oder Akkomodationstarget ausgebildet sein, welches den Patienten unterstützt, bei einer Vermessung oder bei der chirurgischen Behandlung seines Auges 4 mit dem Auge 4 eine definierte Position und eine auf Unendlichkeit akkommodierte Intraokularlinse 5 einzunehmen. Dieser Zustand des Auges 4 bildet quasi einen Referenz zustand, so dass sehr genaue Messungen und exakte Behandlungen möglich sind. Alternativ hierzu kann das flächige Muster auch ausschließlich zur Vermessung des Auges 4 eingesetzt werden. </p><p id="p0050" num="0050">Die Projektorvorrichtung 1 umfasst eine Laserstrahlquelle LSI, welche zum Beispiel als eine Laserdiode ausgebildet ist. Die Strahlung der Laserstrahlquelle LSI ist für den Einsatz der Projektorvorrichtung 1 zur Erzeugung des Sehzeichens im sichtbaren Bereich und von der Intensität so gewählt, dass das Auge 4 nicht verletzt werden kann. Der Strahldurchmesser des von der Laserstrahlquelle LSI ausgehenden, als Laserstrahl ausgebildeten Lichtstrahls ist bevorzugt kleiner 500 pm, insbesondere kleiner 300 pm. </p><p id="p0051" num="0051">Der Laserstrahl durchquert in seinem Strahlverlauf in einem Strahlengang 7 zunächst einen polarisationsabhängigen Strahlteiler ST2 und wird durch diesen linear polarisiert. Anschließend wird der Laserstrahl von einem im Strahlengang nachfolgend angeordneten optional polarisationsabhängigen</p><p id="p0052" num="0052">Strahlteiler ST1 um 90 Grad umgelenkt und durchquert dann zunächst eine Linse LI, welche als eine Glas- oder Kunststofflinse ausgebildet sein kann, und nachfolgend eine 
<!-- EPO <DP n="22"/>-->
Linse EL mit elektrisch steuerbarer Brennweite, die nachfolgend auch adaptive Linse EL genannt wird. Im weiteren Strahlverlauf durchquert der Laserstrahl eine Lambda-4-Platte 6 und trifft mittig auf einen Mikroscannerspiegel MSS. Die Lambda/4 Platte erzeugt aus dem linear polarisierten Lichtstrahl zirkulär polarisiertes Licht welches entweder rechts- oder linksdrehend sein kann. Der Mikroscannerspiegel MSS ermöglicht eine Ablenkung des Laserstrahls um einen Ablenkwinkel in zwei Dimensionen, so dass der Laserstrahl eine Fläche abscannt. Die Spiegelfläche des Mikroscannerspiegels ist als ein Metallspiegel ausgebildet, so dass die Polarisation des Laserstrahls nach der Reflexion z.B. nicht mehr rechts zirkulär polarisierend sondern links zirkulär polarisierend ist. Auf dem Rückweg durchquert der Laserstrahl nochmals die Lambda-4-Platte 6, die adaptive Linse EL und die Linse LI. Nachfolgend wird der Laserstrahl durch den Strahlteiler ST1 geteilt. Im weiteren Strahlverlauf durchquert der Laserstrahl ein Okular Ol und tritt dann in das Auge 4 ein und projiziert das flächige Muster 2 auf die Ebene 3. </p><p id="p0053" num="0053">Aus dem Strahlengang 7 des Laserstrahls wird jedoch durch den Strahlteiler ST1 ein Teil des rücklaufenden Laserstrahls ausgekoppelt und in Richtung der Laserstrahlquelle LSI zurückgeworfen. Dort läuft der Laserstrahl auf den polarisationsabhängigen Strahlteiler ST2 und wird von diesem um 90° abgelenkt, da die Schwingungsrichtung des Laserstrahls aufgrund des zweimaligen Durchquerens der Lambda-4-Platte 6 sich um 90 Grad verschoben hat. Nach dem polarisationsabhängigen Strahlteiler ST2 ist eine Linse L2, welche entweder als Glas- oder Kunststofflinse ausgebildet sein kann, angeordnet, die den Laserstrahl auf einen Detektor Dl fokussiert . 
<!-- EPO <DP n="23"/>-->
Funktionell betrachtet kann die Projektorvorrichtung 1 somit in einen Bereich 8, welcher die Projektion des flächigen Musters 2 auf der Ebene 3 betrifft, und in einen Bereich 9 unterteilt werden, welcher die Strahlqualität des Laserstrahls mit dem Detektor Dl überprüft, wie nachfolgend noch dargelegt wird . </p><p id="p0054" num="0054">Zunächst erfolgt jedoch eine Beschreibung der aktiven Komponenten innerhalb des Bereiches 8 : </p><p id="p0055" num="0055">Die adaptive Linse EL ist ein optisches Element, welches eine stellbare Brennweite aufweist. Die Steuerung der adaptiven Linse EL erfolgt über einen Treiber Tl. Die elektrisch adaptive Linse EL weist je nach Ausführungsform einen freien Durchmesser von bis zu 10 mm oder von bis zu 2 mm auf. Insbesondere ist die adaptive Linse EL nur in der Lage, die Brennweite zu steuern, nicht jedoch sich mehrdimensional zu verformen, um höhere Abbildungsfehler zu erzeugen oder zu kompensieren. Damit können die adaptive Linse EL und der Treiber Tl kostengünstig ausgeführt sein. </p><p id="p0056" num="0056">Der Mikroscannerspiegel MSS ist als ein X-Y-Scanner ausgebildet und weist eine metallische Spiegelfläche mit beispielsweise einem freien Durchmesser von 2 mm auf und erlaubt eine Ablenkung des einfallenden Laserstrahls um einen Ablenkwinkel in zwei Dimensionen mit Frequenzen von 100 Hz bis 110 kHz oder mehr. In einer besonders einfachen Ausführungsform der Erfindung wird der Mikroscannerspiegel MSS in einem Resonanzbetrieb angesteuert, so dass dieser stets den gleichen und damit reproduzierbaren Bewegungsablauf durchführt. Der Bewegungsablauf ist so gewählt, dass der mittig auf dem Mikroscannerspiegel MSS einfallenden Laserstrahl durch die Ablenkung um den Ablenkwinkel so geführt 
<!-- EPO <DP n="24"/>-->
wird, dass er flächig, abtastend oder schreibend den Bereich des flächigen Musters 2 abscannt. Die Gestalt, Kontur oder das Aussehen des flächigen Musters 2 wird durch Aktivierung und Deaktivierung - allgemein Ansteuerung - der Laserstrahlquelle LSI erreicht, wobei diese so aktiviert wird, dass zum Beispiel ein Ring oder ein Bild als flächiges Muster 2 auf die Ebene 3 projiziert wird. </p><p id="p0057" num="0057">Die Linse LI ist in diesem Beispiel als eine Kollimatorlinse ausgebildet, welche den Laserstrahl parallel zu der optischen Achse des Strahlengangs ausrichtet. Auch andere Ausbildungen der Linse LI sind möglich. Auf dem Weg von der Laserstrahlquelle LSI zu dem MikroscannerSpiegel MSS wird die Linse LI mittig von dem Laserstrahl transmittiert , auf dem Weg von dem MikroscannerSpiegel MSS zur Ebene 3 wird die Linse LI - abhängig von dem Ablenkwinkel - auch außermittig oder sogar im Randbereich von dem Laserstrahl durchquert. </p><p id="p0058" num="0058">Die Linse L2 und der Detektor Dl bilden gemeinsam eine Sensoreinrichtung, welche es erlaubt, den Ist-Zustand einer Wellenfront des Laserstrahls zu bestimmen. Der Detektor Dl ist als ein flächiger Detektor, wie z.B. ein PSD (position sensitive diode) , eine CMOS-Kamera, eine CCD-Kamera oder eine Quadrantendiode ausgebildet. Die Linse L2 ist derart von einer Sensorfläche des Detektors Dl entfernt angeordnet, dass alle Laserstrahlen - unabhängig von dem Ablenkwinkel - idealer Weise auf denselben Ort auf der Sensorfläche treffen, also einen Brennpunkt bilden. Bevorzugt ist die Linse L2 eine Präzisionslinse. Bilden die durch die Linsen EL und oder LI geformten Strahlen bereits einen derartigen Brennpunkt, so kann auf die Linse L2 verzichtet werden. Bei idealen optischen Komponenten in der Projektorvorrichtung 1 wäre die Brennweite des Systems unabhängig vom Ort, an dem der Laserstrahl die 
<!-- EPO <DP n="25"/>-->
Linsen EL und LI durchdringt und somit unabhängig vom aktuellen Ablenkwinkel des Mikroscannerspiegels MSS. Bei realen optischen Komponenten ist dagegen die Brennweite lokal unterschiedlich. Insbesondere ist die Toleranz der Brennweite auch abhängig von der Präzision, mit der die optischen Komponenten gefertigt werden, wobei aus möglichen Fertigungsfehlern Abbildungsfehler resultieren. Zudem können sich weitere Abbildungsfehler durch eine Dejustage, insbesondere durch eine Verkippung und dergleichen der optischen Komponenten ergeben. Bei vorhandenen</p><p id="p0059" num="0059">Abbildungsfehlern wird der Laserstrahl auf der Sensorfläche des Detektors Dl nicht mehr in dem gemeinsamen Brennpunkt abgebildet, sondern entfernt davon. Dies resultiert daraus, dass durch die Abbildungsfehler der Laserstrahl hinter der Linse LI nicht mehr parallel zur Strahlachse ausgerichtet ist und dementsprechend durch die Linse L2 anders abgelenkt wird. Somit ist der Abstand zwischen dem tatsächlichen Auftreffpunkt des Laserstrahls auf der Sensorfläche und dem idealen Brennpunkt auf der Sensorfläche ein Maß für den Ist-Zustand der Wellenfront des Laserstrahls, während der ideale Brennpunkt auf der Sensorfläche den Soll-Zustand des Laserstrahls darstellt. Nachdem der Ablenkwinkel des Laserstrahls durch den Mikroscannerspiegel zu jedem Zeitpunkt bekannt ist, kann durch den Detektor Dl ein Ist-Zustand der Wellenfront in Abhängigkeit des Ablenkwinkels und damit ortsaufgelöst erfasst werden. </p><p id="p0060" num="0060">Statt des geschilderten Aufbaus der Sensoreinrichtung umfassend den Detektor Dl und die Linse L2 kann auch ein Wellenfrontmessgerät zur ortsaufgelösten Erfassung des Ist- Zustands der Wellenfront des Laserstrahls bzw. der zeitlich aufeinanderfolgenden Laserstrahlen als Laserstrahlenbündel eingesetzt werden. 
<!-- EPO <DP n="26"/>-->
Die Differenz zwischen dem Ist-Zustand und dem Soll-Zustand der Wellenfront des Laserstrahls wird durch eine Auswerteeinrichtung 10 ausgewertet und mittels einer Steuereinrichtung 11 bzw. Reglers derart verarbeitet, dass durch Ansteuerung der adaptiven Linse EL über einen Treiber Tl die Wellenfront der Laserstrahlen so verändert wird, dass die Wellenfront der Laserstrahlen von dem Ist-Zustand in den Soll- Zustand überführt wird. Diese Korrektur der Wellenfront - nachfolgend auch als Nachführung, Korrektur oder</p><p id="p0061" num="0061">Selbstkorrektur bezeichnet - wird für jeden Ablenkwinkel des Mikroscannerspiegels MSS durchgeführt, so dass alle in Richtung des Auges 4 gehenden Laserstrahlen nach der Linse LI den Soll-Zustand der Wellenfront, insbesondere eine plane Wellenfront, aufweisen. </p><p id="p0062" num="0062">Insbesondere wird die Ansteuerung der adaptiven Linse EL und des Mikroscannerspiegels MSS miteinander synchronisiert, um ortsaufgelöst, also in Abhängigkeit des Ablenkwinkels, die Selbstkorrektur durchführen zu können. Optional kann die beschriebene Vermessung der Projektorvorrichtung 1 nur einmalig beim Kalibrieren des Geräts durchgeführt werden, wobei die zeitlich und somit lokalen Zusammenhänge zwischen den Steuersignalen für die adaptive Linse EL und für den Mikroscannerspiegel MSS in der Auswerteeinrichtung 10 gespeichert werden. Alternativ kann die Vermessung ständig durchgeführt werden und die Selbstkorrektur im Sinne eines Steuer- und/oder Regelkreises während des Betriebs der Projektorvorrichtung 1 ständig durchgeführt werden. </p><p id="p0063" num="0063">Bei manchen Ausführungsformen kann vorgesehen sein, dass die Laserstrahlquelle LS 1 mehrfarbig ausgebildet ist, um ein mehrfarbiges flächiges Muster 2 auf der Ebene 3 zu 
<!-- EPO <DP n="27"/>-->
projizieren. In diesem Fall kann bei der Nachführung oder Selbstkorrektur als weiterer Abbildungsfehler die chromatische Aberration berücksichtigt werden. Die einzelnen Bildpunkte des flächigen Musters 2 aus der Ebene 3 werden nicht gleichzeitig, sondern sequentiell dargestellt, so dass die</p><p id="p0064" num="0064">Auswerteeinrichtung 10 die Steuereinrichtung 11 so einstellt, dass die Kompensation durch die adaptive Linse EL in Abhängigkeit vom Ort des Laserstrahls oder des Ablenkwinkels und in Abhängigkeit von der Wellenlänge erfolgt. Insbesondere wird in Abhängigkeit des Ablenkwinkels und in Abhängigkeit der Wellenlänge die Brennweite des Gesamtsystems konstant gehalten . </p><p id="p0065" num="0065">Statt einem Steuerkreis kann die Brennweite des optischen Systems auch über einen analogen oder digitalen Regler konstant gehalten werden, der den vom Detektor Dl gemessenen Ist-Wert als Ist-Zustand der Wellenfront mit dem von der Auswerteeinrichtung 10 vorgegebenen Sollwert als Soll-Zustand der Wellenfront vergleicht. Eine mögliche Ausführungsform ist wie folgt: Die Steuereinrichtung 11 bzw. der Regler verstärkt, integriert und/oder differenziert die Differenz zwischen Soll- und Ist-Wert und ermittelt daraus das Steuersignal für die elektrisch steuerbare Linse EL. Steht die Mitte des Detektors Dl, der zum Beispiel als 2D-Positionsdetektor ausgeführt ist, im Brennpunkt des gesamten optischen Systems, so ist der Sollwert gleich Null zu setzen. Die Abweichungen von der Nullposition muss die Steuereinrichtung 11 bzw. der Regler kompensieren, das heißt, das Steuersignal muss entweder so lange erhöht oder so lange verringert werden, bis der auf den Detektor Dl gelenkte Laserstrahl durch die Position Null geht. Somit werden alle Abbildungsfehler, ggf. auch die chromatischen, durch den Regler 11 korrigiert. 
<!-- EPO <DP n="28"/>-->
Die digitale Regelung kann auch von der Auswerteeinrichtung 10 durchgeführt werden. Wird die Auswerteeinrichtung 10 zum Messen des Ist-Wertes eingesetzt, so stellt die Auswerteeinrichtung 10 dem Steuereinrichtung 11 sowohl Soll- als auch Istwerte zur Verfügung. Der Vorteil liegt darin, dass mit einer intelligenten, digitalen Filterung des Ist-Wertes Störungen minimiert bzw. eliminiert werden. Dadurch wird ein schnellerer Einschwingvorgang der lokalen Brennweite auf den vorgegebenen Sollwert erreicht. In einer anderen möglichen Ausführungsform wird das optische System durch ein elektronisches Hardware- oder ein Software-Modell (MEL) ersetzt. Die lokale Brennweite des optischen Systems lässt sich konstant halten, wenn man für das optische System, dessen Brennweite kontrolliert werden soll, ein elektronisches Modell in Form einer analogen Schaltung, bestehend aus einem oder mehreren PTl-Gliedern in Form von RC-Gliedern, die als Tiefpass eingesetzt werden, oder einer programmierten</p><p id="p0066" num="0066">Differential- bzw. Differenzengleichung als Softwaremodell für das optische System einsetzt. Das Modell beschreibt das zeitliche Verhalten der Brennweite des gesamten optischen Systems, bestehend aus der adaptiven Linse EL, Treiber der Linsen Tl und Linse LI. </p><p id="p0067" num="0067">Damit die Auswerteeinrichtung 10 einen kontinuierlichen Ist- Zustand der Wellenfront des Laserstrahls zur Verfügung hat, kann die eingesetzte Laserstrahlquelle LSI optional mit einer IR-Lichtquelle ergänzt oder durch diese ersetzt werden, die einen unsichtbaren Laserstrahl im Infrarotbereich aussendet und ständig oder im Wechsel zu der Laserstrahlquelle LSI eingeschaltet ist. Die IR-Lichtquelle ermöglicht die Erfassung eines Ist-Werts der Wellenfront auch dann, wenn ein dunkler, das heißt schwarzer Bildinhalt als flächiges Muster 2 
<!-- EPO <DP n="29"/>-->
dargestellt werden muss und die Laserstrahlquelle LSI im sichtbaren Bereich demzufolge ausgeschaltet ist. </p><p id="p0068" num="0068">Ausgehend von der Ebene 3 wird der Laserstahl zurückgestreut oder reflektiert, trifft wieder auf den Strahlteiler ST1 und wird in eine weitere Sensoreinrichtung Wl geführt, welche ebenfalls ausgebildet ist, den Ist-Zustand der Wellenfront des Laserstrahls zu ermitteln. Die weitere Sensoreinrichtung Wl ist somit am Ende des Strahlenganges, insbesondere hinter der Ebene 3 in Strahlrichtung betrachtet angeordnet, und nimmt somit sämtliche im Strahlengang aufgenommenen Abbildungsfehler durch Analyse des Laserstrahls auf. Insbesondere werden durch die Sensoreinrichtung Wl auch Abbildungsfehler des Auges 4 mit aufgenommen. Die Sensoreinrichtung Wl kann als ein Shack- Hartmann-Sensor, als ein Tschernig-Aberrometer oder als ein das Auge 4 abscannendes Wellenfrontmessgerät ausgebildet sein. </p><p id="p0069" num="0069">In einem ersten einfachen Ausführungsbeispiel der Erfindung werden die Messergebnisse der Sensoreinrichtung Wl als lokale Brechkraft des Auges 4 interpretiert und ausgegeben. Dieses Ausführungsbeispiel hat den Vorteil, dass durch die Selbstkorrektur der Projektorvorrichtung 1 sichergestellt ist, dass der Laserstrahl z.B. parallel zu der Strahlachse des Strahlengangs in das Auge 4 geführt wird und sämtliche auftretenden Abbildungsfehler durch das Auge 4 als optisches Element eingebracht sind. </p><p id="p0070" num="0070">In einem zweiten Ausführungsbeispiel der Erfindung führt die Sensoreinrichtung Wl den Ist-Zustand der Wellenfront des Laserstrahls in die Auswerteeinrichtung 10, so dass diese als Eingangsgröße eines Stell- oder Regelkreises dient. 
<!-- EPO <DP n="30"/>-->
Bei diesem zweiten Ausführungsbeispiel erfolgt die Nachführung oder Selbstkorrektur auf Basis des Ist-Zustands des Laserstrahls, wie er durch die Sensoreinrichtung W 1 aufgenommen wurde. Wird die Auswerteeinrichtung 10 nämlich so ausgelegt, dass die Abweichungen zwischen dem Ist-Zustand und dem Soll-Zustand auf Basis der Messwerte der Sensoreinrichtung Wl kompensiert werden, so ist zum einen sichergestellt, dass auf der Ebene 3 tatsächlich ein abbildungsscharfes, flächiges Muster 2 dargestellt wird. Für den Fall, dass das flächige Muster 2 als Sehzeichen oder Akkomodationstarget ausgebildet ist, hat dieses Ausführungsbeispiel den Vorteil, dass der Patient ein klares Sehzeichen erkennt. Für den Fall, dass ein Laserstrahl zur chirurgischen Behandlung des Auges z.B. der Netzhaut aus dem Laser BL gleichachsig mit dem Laserstrahl aus der Laserstrahlquelle LSI geführt wird, hat dieses Ausführungsbeispiel den Vorteil, dass auch der Laserstrahl aus dem Laser BL scharf und positionsrichtig auf der Ebene 3 und damit auf der Netzhaut abgebildet wird. Bei der Überlagerung des Behandlungslaserstrahls des Lasers BL und des Laserstrahls werden beide Strahlen durch den selbstkorrigierten oder nachgeführten Strahlengang geführt und auf der Ebene 3, insbesondere auf der Netzhaut scharf abgebildet. Mit dem Laser BL kann z.B. die Netzhaut angeschweißt oder, bei Verschiebung der Ebene 3 in der Intraokularlinse, die Intraokularlinse behandelt werden. Zum zweiten können durch eine gemeinsame Auswertung der Ist-Zustände von der Sensoreinrichtung D1/L2 und der weiteren Sensoreinrichtung Wl die gemessenen Abbildungsfehler der Projektorvorrichtung 1 oder dem Auge 4 zugeordnet werden, so dass die Abbildungsfehler, die dem Auge 4 zugeordnet werden, zugleich eine exakte Vermessung der lokalen optischen Brechkraft des Auges 4 darstellen. 
<!-- EPO <DP n="31"/>-->
Somit kann die Projektorvorrichtung 1 in folgenden Betriebsarten verwendet werden: </p><p id="p0071" num="0071">1. Selbstkorrektur des optischen Systems durch die Auswertevorrichtung 10 für den Teilbereich des Strahlengangs bis zu dem Strahlteiler ST1 auf Basis der Messwerte aus dem Detektor Dl als Ist-Zustand der Wellenfront des Laserstrahls bzw. der Laserstrahlen. Bestimmung der lokalen Brechkraft des Auges 4 durch die Sensoreinrichtung Wl . </p><p id="p0072" num="0072">2. Selbstkorrektur des optischen Systems durch die Auswertevorrichtung 10 für den Strahlengang von der Laserstrahlquelle LSI bis hinter die Ebene 3 auf Basis der Messwerte aus der Sensoreinrichtung Wl . Bestimmung der lokalen Brechkraft des Auges 4 durch Vergleich der Messwerte des Detektors Dl und der Sensoreinrichtung Wl . </p><p id="p0073" num="0073">3. Selbstkorrektur des optischen Systems durch die Auswertevorrichtung 10 für den Strahlengang von der Laserstrahlquelle LSI bis hinter die Ebene 3 auf Basis der Messwerte aus der Sensoreinrichtung Wl . Für den Fall, dass in einer weiteren Ausführungsform auf den Detektor Dl verzichtet wird, ist bei dieser Ausführungsform die scharfe Abbildung des Sehzeichens der Vorteil. </p><p id="p0074" num="0074">Optional kann über weitere Strahlteiler ST3 und ST4 eine weitere Laserstrahlquelle LS2 in den Strahlengang eingekoppelt werden . Die Figur 2 zeigt ein zweites Ausführungsbeispiel der Erfindung, welches sich von dem Ausführungsbeispiel in der Figur 1 im wesentlichen dadurch unterscheidet, dass der Strahlengang von der Laserstrahlquelle LSI zu dem 
<!-- EPO <DP n="32"/>-->
Mikroscannerspiegel MSS anders geführt ist. Der Laserstrahl wird bei diesem Ausführungsbeispiel über einen polarisationsabhängigen Strahlteiler ST3 auf den</p><p id="p0075" num="0075">Mikroscannerspiegel MSS so geführt, dass der Laserstrahl von dem Mikroscannerspiegel MSS um einen 90° - Winkel abgelenkt wird. Dies hat den Vorteil, dass die einfallenden Strahlen nicht durch die gesamte Optik geführt werden müssen und durch diese geformt werden, bzw. an den Optiken Verluste durch Reflexion und Streuung erzeugen. Die Regelung bzw. Steuerung der Korrektur der Abbildungsfehler in den verschiedenen Variationen funktioniert identisch wie sie in dem Ausführungsbeispiel gemäß der Figur 1 beschrieben worden sind. </p><p id="p0076" num="0076">Die Bildgröße des flächigen Musters 2 auf der Ebene 3 lässt sich in diesem Ausführungsbeispiel zusätzlich durch die Änderung der Abstände des Mikroscannerspiegels MSS zur adaptiven Linse EL oder der adaptiven Linse EL zur Linse LI beeinflussen. Damit erreicht man auch, dass die auf das Auge 4 auftreffenden Behandlungs- und/oder Projektionsstrahlen je nach eingestelltem Abstand unter einem anderen Winkel das Auge 4 abscannen. Beispielsweise können der Mikroscannerspiegel MSS mit dem Strahlteiler ST3 und der Laserstrahlquelle LSI und/oder die adaptive Linse EL, auf einen motorgetriebenen Schlitten montiert werden, der entlang der optischen Achse der Linse LI gemäß Pfeil A verfahrbar ist. </p><p id="p0077" num="0077">Die Darstellung in der Figur 3 zeigt eine weitere Ausführungsform der Erfindung, wobei der Laserstrahl der Laserstrahlquelle ST1 und der Behandlungsstrahl des Lasers BL über Spiegel ST3 und ST4 zusammengeführt werden und über einen Umlenkspiegel US1 auf den Mikroscannerspiegel MSS umgelenkt werden. Die Komponenten Mikroscannerspiegel MSS und Umlenkspiegel US1 sind auf einem in Richtung gemäß Pfeil A 
<!-- EPO <DP n="33"/>-->
verschiebbaren Schlitten Ml angeordnet, um den Abstand zwischen Mikroscannerspiegel MSS und der Linse LI einstellen zu können, so dass durch Verschiebung des Schlittens Ml die mittlere Fehlsichtigkeit des Auges, die Sphäre, kompensiert werden kann, z.B. so dass die Bildgröße in dem Auge 4 eine definierte Größe von circa lxl mm2 erreicht. </p><p id="p0078" num="0078">Für die bereits gezeigten und noch folgenden Ausführungsbeispiele gilt folgende Beschreibung für eine optionale Messabstandseinstellung : Da die Messgenauigkeit und die lokale Zuordnung der Messergebnisse bei einem Diagnosegerät der Ophthalmologie von dem Abstand Auge 4 - Sensoreinrichtung Wl abhängig ist, erzeugt die Optik Ol einen kleinen Brennpunkt auf dem Scheitelpunkt der Kornea des Auges 4 genau im gewünschten Messabstand. Befindet sich das Auge 4 nicht im erzeugten Brennpunkt, so erscheint ein mehr oder weniger ausgedehnter Fleck auf der Kornea. Dieser Fleck wird mit einer in die Sensoreinrichtung Wl integrierten Beobachtungskamera ausgewertet, so dass dem Anwender der genaue Messabstand angezeigt wird. Der genaue Messabstand ist erreicht, wenn der Brennpunkt sein Minimum erreicht hat. Die Optik Ol kann als Optik mit elektrisch steuerbarer Brennweite wie z.B. als Flüssigkeitslinsenobjektiv oder EAP, elektroaktive Polymere, gesteuerte Linse ausgeführt sein. Dazu wird der geeignete Treiber T2 benötigt der seine Steuersignale von der Auswerteeinrichtung 10 erhält. Der Brennpunkt für den Messabstand wird nur zum Ausrichten der Projektorvorrichtung 1 benötigt. Während der Fehlsichtigkeitsmessung oder -behandlung ist die Optik Ol nicht aktiv, d.h. die Auswerteeinrichtung 10 stellt die größte Brennweite, wenn möglich 0 Dioptrie, d.h. Brennweite <sup>00</sup> mm, ein. Die Optik Ol kann auch wahlweise als Standardoptik mit einer freien Apertur oder von einem freien Durchläse von 10 mm oder größer ausgeführt werden, so dass nur 
<!-- EPO <DP n="34"/>-->
die vom Mikroscannerspiegel MSS erzeugten Rand- Projektionsstrahlen von der Optik Ol in einem Brennpunkt im gewünschten Messabstand fokussiert werden. Dafür eignen sich reflektierende, beugende und/oder brechende, hülsenförmig ausgeführte Optiken. </p><p id="p0079" num="0079">Ein Vorteil der Ausführungsformen, die in Figur 1 bis Figur 3 bzw. den nachfolgenden Figuren dargestellt sind, liegt darin, dass der Brennpunkt für die Messabstandsbestimmung mit denselben Lichtquellen LSI oder LS2 erzeugt wird, die die flächigen Muster projizieren. </p><p id="p0080" num="0080">In der Figur 4 ist eine Weiterbildung der Erfindung dargestellt, wobei neben der Laserstrahlquelle LSI noch eine weitere Laserstrahlquelle LS2 gleichachsig zu der Laserstrahlquelle LS 1 in den Strahlengang eingekoppelt wird. Die Laserstrahlen der beiden Laserstrahlquellen LSI und LS2 unterscheiden sich in der Polarisation. Die unterschiedliche Polarisation ermöglicht es, den Strahlweg mit Hilfe eines Polspiegels PST 1 in zwei unterschiedliche Strahlwege aufzuteilen, so dass die erste Laserstrahlquelle LS 1 nur in das eine Auge 4 und die Laserstrahlquelle LS 2 nur in das andere Auge 4 eingeblendet wird. Dies hat den Vorteil, dass die Projektorvorrichtung 1 zugleich oder parallel beide Augen 4 mit ggf. unterschiedlichen flächigen Mustern 2 versorgen kann . </p><p id="p0081" num="0081">In der konstruktiven Ausgestaltung werden die Laserstrahlen der Laserstrahlquellen LSI und LS2 und ggf. des Behandlungslasers BL gleichachsig geführt, wie dies im Zusammenhang mit der Figur 1 bereits erläutert ist. Nach dem Strahlteiler ST1 werden die Laserstrahlen durch den polarisationsabhängigen Strahlteiler PST 1 entsprechend ihrer 
<!-- EPO <DP n="35"/>-->
Polarisation wieder in zwei separate Strahlwege aufgeteilt. Jeder der Strahlwege wird dann über einen Umlenkspiegel US2 bzw. US3 und ein Okular 02 bzw. 03 zu dem zugeordneten Auge 4 geführt. Die Rückreflexionen der Laserstrahlen bzw. das Streulicht aus den Augen 4 werden wieder auf die Sensoreinrichtung Wl abgebildet, so dass von dieser für jedes Auge 4 einen Ist-Zustand der Wellenfront des Laserstrahls bzw. der Laserstrahlen der zugehörigen Laserstrahlquelle LSI und LS2 aufgenommen werden kann. </p><p id="p0082" num="0082">Die in der Figur 4 dargestellte Ausführungsform ist somit eine Erweiterung der in den vorhergehenden Figuren 2 dargestellten Projektorvorrichtungen 1. Die Erweiterung ermöglicht das stereoskopische Sehen, d.h. das 3D Sehen, um z.B. die Fehlsichtigkeit beider Augen unter natürlichen Bedingungen messen zu können. Dazu müssen die vom MikroscannerSpiegel MSS erzeugten flächigen Muster 2 optisch getrennt werden, so dass das für das jeweilige Auge 4 vorgesehene flächige Muster 2 nur von dem entsprechenden Auge 4 wahrgenommen wird. </p><p id="p0083" num="0083">Werden die beiden flächigen Muster 2 mit linear polarisierten Projektionsstrahlen mit unterschiedlicher</p><p id="p0084" num="0084">Polarisationsrichtung der Laserstrahlquellen LSI und LS2 erzeugt, so lassen sich die beiden flächigen Muster 2 durch den polarisationsabhängigen Strahlteiler oder Polspiegel PST1 trennen. Senkrecht polarisierte Strahlen werden auf das rechte Auge 4 und parallel polarisierte Strahlen auf das linke Auge 4 oder umgekehrt umgelenkt. Die beiden flächigen Muster 2 werden gleichzeitig durch Modulation der entsprechenden Laserstrahlquellen LSI und LS2 erzeugt. Die</p><p id="p0085" num="0085">Projektorvorrichtung erzeugt beide flächige Muster 2 z.B. mit gleicher und maximaler Auflösung und maximaler Bildfrequenz, so dass der Bildaufbau der flächigen Muster 2 durch das 
<!-- EPO <DP n="36"/>-->
Abscannen des Auges 4 vom Patienten nicht wahrgenommen wird. Die beiden flächigen Muster 2 lassen sich auch trennen, wenn die Okulare 02 und 03 mit polarisationsabhängigen Filtern mit ausgestattet sind, so dass z.B. das rechte Okular 03 nur senkrecht polarisierte Strahlen durchläset und das linke Okular 02 nur für parallel polarisiertes Licht transparent ist . </p><p id="p0086" num="0086">Die flächigen Muster 2 können in einer anderen Ausführungsform für das rechte bzw. linke Auge 4 vom gemeinsamen Mikroscannerspiegel MSS auch sequentiell d.h. schnell hintereinander mit nur einer der Lichtquellen LSI oder LS2 ins Auge 4 projiziert werden. Um den 3D Effekt zu erzielen, ist dann in beiden Okularen 02 und 03 jeweils ein Shutter integriert. Diese Shutter lassen im Wechsel nur dann Licht durch, wenn das jeweilige flächige Muster 2 für das rechte bzw. linke Auge4 erzeugt wird. Die Shutter werden synchron zur Bilderzeugung für das jeweilige Auge 4 von der Auswerteeinrichtung 10 transparent geschaltet. Der Vorteil dieser Ausführungsform liegt darin dass nur eine einzige beliebige monochromatische oder mehrfarbige, insbesondere RGB Lichtquelle benötigt wird, um beide flächigen Muster 2 zu erzeugen. Die Auflösung der flächige Muster 2 ist zwar ausreichend, aber die Bildwiederholfrequenz ist nur halb so hoch wie in dem Beispiel mit den polarisationsabhängigen Laserstrahlquellen LSI und LS2. </p><p id="p0087" num="0087">Die Okulare 02 und 03 weisen jeweils mindestens eine Linse auf, deren Brennweite elektrisch steuerbar ist. Insbesondere weisen die Okulare 02 und 03 eine adaptive Linse auf, die baugleich zu einer beliebigen Variante der adaptiven Linse EL ist. Der Auswerteeinrichtung 10 steuert bzw. regelt die Brennweite der Okulare 02 und 03 so, dass beide Augen 4 ein 
<!-- EPO <DP n="37"/>-->
scharfes Bild auf der Netzhaut erzeugen. Lokale Abbildungsfehler des jeweiligen Auges 4 werden durch die Okulare 02 bzw. 03 mit elektrisch steuerbarer Brennweite mit denselben Verfahren und Vorrichtungen, wie sie in Zusammenhang mit der Figur 1 bereits beschrieben worden sind, für das jeweilige Auge 4 individuell korrigiert. Die fehlerfreie Abbildung ermöglicht es, ein scharfes 3D Bild wahrzunehmen. </p><p id="p0088" num="0088">Bei der in der Figur 4 gezeigten Ausführungsform werden somit drei Kontrollkreise, insbesondere Steuer- oder Regelkreise umgeset zt : </p><p id="p0089" num="0089">1. Selbstkorrektur des Strahlengangs bis zu dem Strahlteiler ST1 durch Bestimmung des IST-Zustands der Wellenfront des Laserstrahls der Laserstrahlquelle LSI oder LS2 mit dem Detektor Dl und durch Ansteuerung der adaptiven Linse EL. </p><p id="p0090" num="0090">2. Selbstkorrektur des Strahlengangs einschließlich des Auges 4 durch Bestimmung des IST-Zustands der Wellenfront des Laserstrahls der Laserstrahlquelle LSI mit der</p><p id="p0091" num="0091">Sensoreinrichtung Wl und durch Ansteuerung der adaptiven Linse in dem Okular 03. </p><p id="p0092" num="0092">3. Selbstkorrektur des Strahlengangs einschließlich des Auges 4 durch Bestimmung des IST-Zustands der Wellenfront des</p><p id="p0093" num="0093">Laserstrahls der Laserstrahlquelle LS2 mit der</p><p id="p0094" num="0094">Sensoreinrichtung Wl und durch Ansteuerung der adaptiven Linse in dem Okular 02. Je nach Ausführung des Polspiegels PST1 bzw. der Laserstrahlquellen LSI und LS2 können bei den Kontrollkreisen die Okulare 02 und 03 vertauscht sein. 
<!-- EPO <DP n="38"/>-->
Beim binokularen Messen muss der individuelle Augenabstand des Patienten berücksichtigt werden. Deshalb lässt sich der laterale Abstand des Okulars 02, das mit dem Umlenkspiegel US2 konstruktiv starr verbunden ist, zum Okular 03, das mit dem Umlenkspiegel US3 konstruktiv starr verbunden ist, in y Richtung verschieben. Um die hohe Messgenauigkeit zu erreichen, muss der Messabstand des Auges zum Wellenfrontsensor Wl konstant bleiben. Dies erreicht man, indem man bei einem kleineren Abstand des Okulars 02 zum Okular 03 den Abstand des Okulars 02 zum Auge um denselben Wert in z Richtung vergrößert und umgekehrt. Die Überprüfung des Messabstands kann unter Verwendung der Optik 01 erfolgen, wie dies bereits zuvor beschrieben wurde. Die Okulare 02 und 03 werden immer um den gleichen Abstand zur optischen Achse verändert, so dass der Aufbau symmetrisch zur optischen Achse bleibt . </p><p id="p0095" num="0095">Die Figur 5 zeigt eine Abwandlung des Ausführungsbeispiels der Figur 4, wobei der Strahlengang vor dem Mikroscannerspiegel MSS analog zu der Figur 1 ausgeführt ist. </p><p id="p0096" num="0096">Die Figur 6 zeigt eine mögliche Weiterbildung der Sensoreinrichtung Wl der vorhergehenden Figuren, wobei hier auf den Detektor Dl verzichtet wurde. In der Figur 6 ist beispielhaft eine Anwendung der Projektorvorrichtung 1 in einem Wellenfrontmessgerät dargestellt. Die Okulare 02 und 03 kompensieren die lokalen Abbildungsfehler des Auges, wie dies zu den Figuren 4 und 5 beschreiben wurde. Der Mikroscannerspiegel MSS, der auf einem in Z Richtung beweglichen und motorgetriebenen Schlitten montiert ist, wird in einem bestimmten Abstand zu den Okularen 02 und 03 positioniert. Der jeweilige Abstand zum Okular und der einstellbare Ablenkwinkel des Mikroscannerspiegels MSS stellen 
<!-- EPO <DP n="39"/>-->
ein flächendeckendes Abscannen des Auges 4 auf einer Fläche von 10x10 mm sicher. Mit der eingestellten Brennweite der beiden Okulare 02 und 03 werden die Laserstrahlen der Laserstrahlquellen LSI bzw. LS2 in einem definierten Winkel gebrochen, so dass auf der Ebene 3 der Netzhaut ein lxl mm großes, fehlerfreies flächiges Muster 2, insbesondere Bild scharf abgebildet wird. Der von der Netzhaut des Auges 4 gestreute Laserstrahl, welcher das Auge 4 in der unmittelbaren Nähe des Scheitelpunktes des Auges 4 verlässt, wird von einem Detektor D2 erfasst. Der Detektor D2 misst den Winkel dieser Laserstrahlen und berechnet daraus die lokale Fehlsichtigkeit. Um die Reproduzierbarkeit der Messergebnisse und eine gleich bleibende hohe Messgenauigkeit über den gesamten Messbereich sicherstellen zu können, kann eine Blende Bl durch die Okulare 02 oder 03 und durch die, der Blende Bl vorgelagerte Optik 04 genau auf die Kornea des Auges 4 besser genau in der Sehachse des Auges abgebildet werden. Die abgebildete Blende Bl stellt sicher, dass nur die Laserstrahlen ausgewertet werden, die das Auge 4 in der Nähe des Scheitelpunktes des Auges 4 durch eine Apertur mit einem Durchmesser von z.B. 1mm verlassen. Dadurch werden nur die Laserstrahlen ausgewertet, die auf dem Weg von der Ebene 3 der Netzhaut zur Kornea durch die Schichten des Auges kaum gebrochen werden (paraxiale Strahlen) . In diesem Beispiel werden die Okulare 02 und 03 als Optiken mit elektrisch steuerbarer Brennweite ausgeführt, um die Abbildungsfehler des optischen Systems Auge 4 zu korrigieren. Die Brennweite der Okulare 02 und 03 wird so gesteuert, dass der Laserstrahl, der die Kornea an einem bestimmten Ort durchdringt, unter einem Einfallswinkel in das Auge eindringt, der eine fehlerfreie Abbildung auf der Netzhaut sicherstellt. Die zeitliche Änderung der Brennweite der Okulare 02 bzw. 03 kompensiert die lokale Fehlsichtigkeit des Auges 4. Diese Änderung der Brennweite der Okulare 02 bzw. 03 hat jedoch zur 
<!-- EPO <DP n="40"/>-->
Folge, dass der Ort, an dem die Blende Bl abgebildet wird, sich zeitlich ändert und das Messergebnis verfälscht. Dieser Nachteil wird durch die Optik 04, die wie die Okulare 02 bzw. 03 als Optik mit elektrisch steuerbarer Brennweite ausgeführt ist, dadurch kompensiert, dass die Brennweite der Optik 04 wahlweise, je nachdem welches Auge 4 gemessen werden soll, synchron zur Brennweite des Okulars 02 bzw. 03 gesteuert wird. D.h. wenn die Brennweite f des Okulars 02 um ±Δ f verändert wird, muss die Brennweite der Optik 04 zeitgleich um den gleichen Wert ±Δ f verändert werden, wenn beispielsweise die Okulare 02 und 04 optisch gleich aufgebaut sind. </p><p id="p0097" num="0097">In der Figur 7 ist eine sehr kompakte Ausführungsform einer Projektorvorrichtung 1 dargestellt. Die Ausführungsform kann man auf die Laserstrahlquellen LSI ggf. LS2, den Mikroscannerspiegel MSS, die adaptive Linse EL mit elektrisch steuerbarer Brennweite und Auswerteeinrichtung 10 reduzieren. Die Linse L2 und der Detektor Dl werden einmalig bei der Kalibrierung der Projektorvorrichtung 1 eingesetzt. Die Auswerteeinrichtung 10 speichert das bei der Kalibrierung gemessene Steuersignal für die Brennweite der Linse EL. Damit steuert die Auswerteeinrichtung 10 die Brennweite der Linse EL während der Mikroscannerspiegel MSS den Laserstrahl ablenkt, so dass Bilder frei von Abbildungsfehlern projiziert werden. </p><p id="p0098" num="0098">In der Figur 8 ist eine Ersat zVorrichtung für den Mikroscannerspiegel MSS der vorhergehenden Figuren beschrieben. Das Ziel ist es die flächigen Muster 2 mittels Einzelstrahlen zu erzeugen, die von einer Punktquelle ausgehen und einen definierten Winkel mit der optischen Achse bilden, so dass z.B. eine rechteckförmige Fläche flächendeckend abgescannt werden kann. Dazu werden zwei eindimensionale Scanner MSS1 und MSS2 eingesetzt. Der Scanner MSS1 schwingt in 
<!-- EPO <DP n="41"/>-->
x Richtung der Scanner MSS2 schwingt in y Richtung. Der von der Laserstrahlquelle LSI ausgehende Laserstrahl trifft z.B. zuerst auf den in x Richtung schwingenden Scanner MSS1. Dieser lenkt den Projektionsstrahl um den Winkel in x Richtung ab. Um die Vorteile einer Punktquelle zu erzielen, bzw. die Vorteile eines 2D Mikroscannerspiegels nachzubilden, wird der von dem Scanner MSS1 reflektierte Laserstrahl durch die Linse L3, die z.B. als Asphäre ausgeführt sein kann, auf den eindimensionalen Scanner MSS2 fokussiert. Der Scanner MSS2 schwingt in y Richtung und lenkt den Projektionsstrahl zusätzlich um den Winkle ß in Y Richtung ab. Damit erhält der Projektionsstrahl eine Auslenkung in x- und in y-Richtung und ersetzt vollständig einen 2D Mikroscannerspiegel . Werden die Scanner MSS1 und MSS2 nicht als Resonanz schwinger sondern als Galvanoscanner ausgeführt, so kann jeder Punkt der Projektionsfläche zu jedem gewünschten Zeitpunkt und solange es die Anwendung erforderlich macht angesteuert werden. </p><p id="p0099" num="0099">Um Mehrfachreflexionen zwischen den Scannerspiegeln MSS1 und MSS2 zu verhindern, wird die Lichtquelle LSI als linear polarisierte Lichtquelle ausgeführt. Der polarisationsabhängige Strahlteiler ST1 lässt die eine Polarisationsrichtung durch die andere Polarisationsrichtung reflektiert er. Damit das Strahlbündel vom Scanner MSS2 nicht wieder auf den Scanner MSS1 reflektiert wird, wird der Projektionsstrahl durch das λ/ 4 Plättchen P Lambda/4 in seiner Polarisationsrichtung um 90 Grad gedreht. Auf dem Weg zum Scanner MSS2 erzeugt das λ/4 Plättchen P Lambda/4 zirkulär, z.B. rechts zirkulär polarisiertes Licht, dass vom Scanner MSS2, der als Metallspiegel ausgeführt ist, reflektiert wird und auf dem Weg vom Scanner MSS2 zum Strahlteiler ST1 wird das durch die Reflektion am Metallspiegel nun z.B. links zirkulär polarisierte Licht in linear polarisiertes Licht durch das λ/ 4 
<!-- EPO <DP n="42"/>-->
Plättchen P Lambda/4 gewandelt. Dabei dreht sich die Polarisationsrichtung von z.B. senkrecht nach parallel oder umgekehrt . In der Figur 9 ist eine weitere Ersatzvorrichtung für den 2D Mikroscannerspiegel dargestellt. Der z.B. senkrecht polarisierte Laserstrahl LSI wird vom polarisationsabhängigen Strahlteiler ST1 auf den Mikroscannerspiegel MSS1 reflektiert. Das λ/4 Plättchen PI Lambda/4 dreht die Polarisationsrichtung beim doppelten Durchlauf von z.B. senkrecht auf parallel, so dass der Strahlteiler ST1 den von der Linse L3 fokussierten Projektionsstrahl auf den 1D Mikroscannerspiegel MSS2 durchläset . Der Brennpunkt liegt auf dem Mikroscannerspiegel MSS2. Das λ/4 Plättchen P2 Lambda/4 dreht die Polarisationsrichtung von z.B. parallel auf senkrecht, so dass der vom Mikroscannerspiegel MSS2 reflektierte Projektionsstrahl vom Strahlteiler ST1 zweidimensional nach oben reflektiert wird. </p><p id="p0100" num="0100">Das λ/4 Plättchen PI Lambda/4 oder P2 Lambda/4 erzeugt aus einem linear polarisierten Projektionsstrahl zirkulär polarisiertes Licht und aus zirkulär polarisiertem Licht ein linear polarisiertes Licht. Dabei dreht es die Polarisationsrichtung des linear polarisierten</p><p id="p0101" num="0101">Projektionsstrahls von z.B. senkrecht polarisiert nach parallel polarisiert oder umgekehrt, da der nicht depolarisierende Mikroscannerspiegel MSS1 bzw. MSS2 durch Reflexion aus z.B. rechts links zirkulär polarisiertes Licht erzeugt oder umgekehrt. </p><p id="p0102" num="0102">Bezugs zeichenliste 
<!-- EPO <DP n="43"/>-->
1 Projektorvorrichtung </p><p id="p0103" num="0103"> 2 Muster </p><p id="p0104" num="0104"> 3 Ebene </p><p id="p0105" num="0105">4 Auge </p><p id="p0106" num="0106"> 5 Intraokularlinse </p><p id="p0107" num="0107"> 6 Lambda-4-Platte </p><p id="p0108" num="0108"> 7 Strahlengang </p><p id="p0109" num="0109"> 8 Bereich </p><p id="p0110" num="0110">9 Bereich </p><p id="p0111" num="0111"> 10 Auswerteeinrichtung (digitaler Prozessor / Steuerung)</p><p id="p0112" num="0112">11 Regler </p><p id="p0113" num="0113">Bl Blende </p><p id="p0114" num="0114"> Wl Wellenfrontmessgerät /Fehlsichtigkeitsmessgerät </p><p id="p0115" num="0115">LSI Projektionsstrahlenquelle (RGB Laserdiode oder SLD und IR) parallel polarisiert </p><p id="p0116" num="0116"> LS2 Projektionsstrahlenquelle (RGB Laserdiode oder SLD und IR) senkrecht polarisiert </p><p id="p0117" num="0117"> BL Behandlungslaser </p><p id="p0118" num="0118">LI Linse (Glas- oder Kunststofflinse) </p><p id="p0119" num="0119"> L2 Linse (Glas- oder Kunststofflinse) </p><p id="p0120" num="0120"> L3 Linse (Glas- oder Kunststofflinse) </p><p id="p0121" num="0121"> EL Linse mit elektrisch steuerbarer Brennweite </p><p id="p0122" num="0122"> MEL elektronisches Model der elektrisch steuerbaren Linse MSS 2D Mikro-Scanner-Spiegel </p><p id="p0123" num="0123"> MSS1 1D Mikro-Scanner-Spiegel </p><p id="p0124" num="0124"> MSS2 1D Mikro-Scanner-Spiegel </p><p id="p0125" num="0125"> PST1 polarisationsabhängiger Strahlteiler </p><p id="p0126" num="0126"> ST1 Strahlteiler </p><p id="p0127" num="0127">ST2 Strahlteiler </p><p id="p0128" num="0128"> ST3 Strahlteiler </p><p id="p0129" num="0129"> ST4 Strahlteiler </p><p id="p0130" num="0130"> US1 Umlenkspiegel 
<!-- EPO <DP n="44"/>-->
US2 Umlenkspiegel </p><p id="p0131" num="0131">US3 Umlenkspiegel </p><p id="p0132" num="0132">P Lambda/4 λ/4 Platte </p><p id="p0133" num="0133"> 01 Okular mit elektrisch steuerbarer Brennweite </p><p id="p0134" num="0134"> 02 Okular mit elektrisch steuerbarer Brennweite und/oder </p><p id="p0135" num="0135"> Shutter </p><p id="p0136" num="0136"> 03 Okular mit elektrisch steuerbarer Brennweite und/oder </p><p id="p0137" num="0137"> Shutter </p><p id="p0138" num="0138"> 04 Objektiv mit elektrisch steuerbarer Brennweite </p><p id="p0139" num="0139">Dl Detektor (PSD oder CCD/CMOS Kamera oder </p><p id="p0140" num="0140"> Wellenfrontmessgerät ) </p><p id="p0141" num="0141">D2 Detektor (PSD oder CCD/CMOS Kamera) </p><p id="p0142" num="0142"> Tl Treiber für die elektrisch steuerbaren Linsen </p><p id="p0143" num="0143"> T2 Treiber für die elektrisch steuerbaren Okulare </p><p id="p0144" num="0144"> T3 Treiber für die elektrisch steuerbaren Okulare </p><p id="p0145" num="0145"> T4 Treiber für die elektrisch steuerbaren Okulare </p><p id="p0146" num="0146"> T5 Treiber für die elektrisch steuerbaren Okulare 
</p></description><claims mxw-id="PCLM44998373" ref-ucid="WO-2012119885-A1" lang="DE" load-source="patent-office"><claim id="clm-0001" num="1"><!-- EPO <DP n="45"/>--><claim-text/><claim-text>Patentansprüche : 1. Projektorvorrichtung (1) zur Projektion eines flächigen Musters (2) in einer Ebene (3), insbesondere in einem menschlichen Auge (4), mit mindestens einer Lichtquelle (LSI, LS2), welche einen Lichtstrahl erzeugt, mit einer Ablenkeinrichtung (MSS), welche eine Ablenkung des Lichtstrahls um einen Ablenkwinkel ermöglicht, um das flächige Muster (2) in der Ebene (3) zu erzeugen, mit einem Strahlengang (7), welcher sich mindestens von der Lichtquelle (LSI, LS2) zu der Ebene (3) erstreckt, mit mindestens einer Sensoreinrichtung ( L2 , Dl , W2 , D2 ) , welche zur Bestimmung des IST-Zustands einer Wellenfront des Lichtstrahls oder dessen Rückstreuung in einer beliebigen Position des Strahlengangs (7) ausgebildet ist, mit mindestens einer Korrektureinrichtung (EL;02,03), welche in dem Strahlengang (7) angeordnet ist und eine Änderung der Wellenfront des Lichtstrahls ermöglicht, mit einer Auswerteeinrichtung (10,11), welche ausgebildet ist, den IST-Zustand der Wellenfront aufzunehmen und den IST- Zustand der Wellenfront des Lichtstrahls mit einem SOLL- Zustand der Wellenfront des Lichtstrahls zu vergleichen, dadurch gekennzeichnet, dass <!-- EPO <DP n="46"/>--> die Korrektureinrichtung ein optisches Steuerelement (EL, 02, 03) mit einer steuerbaren Brennweite umfasst, wobei die </claim-text><claim-text>Auswerteeinrichtung (10,11) programmtechnisch und/oder schaltungstechnisch ausgebildet ist, das optische </claim-text><claim-text> Steuerelement (EL, 02, 03) so anzusteuern, dass der IST- Zustand dem SOLL-Zustand ortsaufgelöst, insbesondere </claim-text><claim-text>ortsabhängig in Bezug auf die Ebene (3) und/oder </claim-text><claim-text>winkelabhängig in Bezug auf den Ablenkwinkel, nachgeführt wird. </claim-text></claim><claim id="clm-0002" num="2"><claim-text>2. Projektorvorrichtung (1) nach Anspruch 1, dadurch gekennzeichnet, dass die das flächige Muster (2) als ein Akkomodationstarget für das Auge (4) ausgebildet ist. </claim-text></claim><claim id="clm-0003" num="3"><claim-text>3. Projektorvorrichtung (1) nach Anspruch 1 oder 2, dadurch gekennzeichnet, dass die Ablenkeinrichtung als ein </claim-text><claim-text>Mikroscannerspiegel (MSS) ausgebildet ist. </claim-text></claim><claim id="clm-0004" num="4"><claim-text>4. Projektorvorrichtung (1) nach einem der vorhergehenden Ansprüche, dadurch gekennzeichnet, dass die Nachführung in Echtzeit ausschließlich durch Ansteuerung des optischen </claim-text><claim-text>Steuerelements (EL, 02, 03) erfolgt. </claim-text></claim><claim id="clm-0005" num="5"><claim-text>5. Projektorvorrichtung (1) nach einem der vorhergehenden</claim-text><claim-text>Ansprüche, dadurch gekennzeichnet, dass die Lichtquelle (LSI, LS2) als eine Laserstrahlquelle ausgebildet ist. </claim-text></claim><claim id="clm-0006" num="6"><claim-text>6. Projektorvorrichtung (1) nach einem der vorhergehenden Ansprüche, dadurch gekennzeichnet, dass die Lichtquelle zur</claim-text><claim-text>Ausgabe von farbigen und/oder polarisierten Licht ausgebildet ist . <!-- EPO <DP n="47"/>--> </claim-text></claim><claim id="clm-0007" num="7"><claim-text>7. Projektorvorrichtung (1) nach einem der vorhergehenden Ansprüche, dadurch gekennzeichnet, dass die mindestens eine Sensoreinrichtung (L2, Dl; Wl; D2) in dem Strahlengang (7) angeordnet ist, eine Rückstreuung des Lichtstrahls aus der Ebene (3) zu empfangen. </claim-text></claim><claim id="clm-0008" num="8"><claim-text>8. Projektorvorrichtung (1) nach einem der vorhergehenden Ansprüche, dadurch gekennzeichnet, dass die mindestens eine Sensoreinrichtung (L2, Dl) oder eine weitere Sensoreinrichtung (L2, Dl) in dem Strahlengang (7) vor der Ebene (3) angeordnet ist, um einen auf die Ebene einfallenden Lichtstrahl zu empfangen . </claim-text></claim><claim id="clm-0009" num="9"><claim-text>9. Projektorvorrichtung (1) nach Anspruch 8, dadurch </claim-text><claim-text>gekennzeichnet, dass die mindestens Sensoreinrichtung (L2, Dl) oder die weitere Sensoreinrichtung (L2, Dl) nach einer </claim-text><claim-text>Kollimatorlinse LI in dem Strahlengang angeordnet ist. </claim-text></claim><claim id="clm-0010" num="10"><claim-text>10. Projektorvorrichtung (1) nach einem der vorhergehenden Ansprüche, dadurch gekennzeichnet, dass die mindestens eine</claim-text><claim-text>Sensoreinrichtung (L2, Dl; Wl; D2) als ein Wellenfrontmesser ausgebildet ist. </claim-text></claim><claim id="clm-0011" num="11"><claim-text>11. Projektorvorrichtung (1) nach einem der vorhergehenden Ansprüche, dadurch gekennzeichnet, dass die mindestens eine</claim-text><claim-text>Sensoreinrichtung (L2, Dl; Wl; D2) einen ortsauflösenden </claim-text><claim-text>Sensor, insbesondere ein PSD, CCD-, oder CMOS-Kamera umfasst. </claim-text></claim><claim id="clm-0012" num="12"><claim-text>12. Projektorvorrichtung (1) nach einem der vorhergehenden Ansprüche, dadurch gekennzeichnet, dass die </claim-text><claim-text> Projektorvorrichtung (1) binokular ausgebildet ist und eine parallele Projektion von flächigen Mustern (2) in beide Augen (4) eines Patienten ermöglicht. <!-- EPO <DP n="48"/>--> </claim-text></claim><claim id="clm-0013" num="13"><claim-text>13. Projektorvorrichtung (1) nach einem der vorhergehenden Ansprüche, dadurch gekennzeichnet, dass die mindestens eine Korrektureinrichtung (EL, 02, 03) vor einer Kollimatorlinse (LI) und/oder in einem Okular (02, 03) der </claim-text><claim-text>Projektorvorrichtung (1) angeordnet ist. </claim-text></claim><claim id="clm-0014" num="14"><claim-text>14. Projektorvorrichtung (1) nach einem der vorhergehenden Ansprüche, dadurch gekennzeichnet, dass der Lichtstrahl als ein unsichtbarer Laserstrahl ausgebildet ist oder diesen umfasst . </claim-text></claim><claim id="clm-0015" num="15"><claim-text>15. Medizingerät mit einer Projektorvorrichtung (1) nach einem der vorhergehenden Ansprüche, gekennzeichnet als ein </claim-text><claim-text>Topographiemessgerät, ein Wellenfrontmessgerät , ein </claim-text><claim-text> Schichtdickenmessgerät oder ein Behandlungslasersystem. </claim-text></claim><claim id="clm-0016" num="16"><claim-text>16. Medizingerät nach Anspruch 15, dadurch gekennzeichnet, dass der Behandlungslaser (BL) des BehandlungslaserSystems gleichachsig zu dem Lichtstrahl geführt ist. </claim-text></claim></claims><copyright>User acknowledges that Fairview Research LLC and its third party providers retain all right, title and interest in and to this xml under applicable copyright laws.  User acquires no ownership rights to this xml including but not limited to its format.  User hereby accepts the terms and conditions of the Licence Agreement</copyright></patent-document>
