<?xml version="1.0" encoding="UTF-8"?>
<patent-document ucid="EP-2958903-A1" country="EP" doc-number="2958903" kind="A1" date="20151230" family-id="59215387" file-reference-id="315106" date-produced="20180822" status="corrected" lang="EN"><bibliographic-data><publication-reference fvid="160453775" ucid="EP-2958903-A1"><document-id><country>EP</country><doc-number>2958903</doc-number><kind>A1</kind><date>20151230</date><lang>EN</lang></document-id></publication-reference><application-reference ucid="EP-14705524-A" is-representative="NO"><document-id mxw-id="PAPP193870518" load-source="patent-office" format="original"><country>EP</country><doc-number>14705524.8</doc-number><date>20140220</date><lang>EN</lang></document-id><document-id mxw-id="PAPP193870519" load-source="docdb" format="epo"><country>EP</country><doc-number>14705524</doc-number><kind>A</kind><date>20140220</date><lang>EN</lang></document-id></application-reference><priority-claims><priority-claim mxw-id="PPC178036594" ucid="DK-PA201300104-A" load-source="docdb"><document-id format="epo"><country>DK</country><doc-number>PA201300104</doc-number><kind>A</kind><date>20130222</date></document-id></priority-claim><priority-claim mxw-id="PPC162036741" ucid="EP-2014053313-W" linkage-type="W" load-source="docdb"><document-id format="epo"><country>EP</country><doc-number>2014053313</doc-number><kind>W</kind><date>20140220</date></document-id></priority-claim><priority-claim mxw-id="PPC162036088" ucid="US-201361767883-P" load-source="docdb"><document-id format="epo"><country>US</country><doc-number>201361767883</doc-number><kind>P</kind><date>20130222</date></document-id></priority-claim></priority-claims><technical-data><classifications-ipcr><classification-ipcr mxw-id="PCL-1988525648" load-source="docdb">C07D 295/096       20060101AFI20140911BHEP        </classification-ipcr></classifications-ipcr><classifications-cpc><classification-cpc mxw-id="PCL-1984020668" load-source="docdb" scheme="CPC">C07F  15/02        20130101 LI20160114BHEP        </classification-cpc><classification-cpc mxw-id="PCL-1984023339" load-source="docdb" scheme="CPC">C07D 295/096       20130101 FI20160115BHEP        </classification-cpc></classifications-cpc><invention-title mxw-id="PT165552791" lang="DE" load-source="patent-office">VORTIOXETINHERSTELLUNGSVERFAHREN</invention-title><invention-title mxw-id="PT165552792" lang="EN" load-source="patent-office">VORTIOXETINE MANUFACTURING PROCESS</invention-title><invention-title mxw-id="PT165552793" lang="FR" load-source="patent-office">PROCÉDÉ DE FABRICATION DE VORTIOXÉTINE</invention-title></technical-data><parties><applicants><applicant mxw-id="PPAR1103333728" load-source="docdb" sequence="1" format="epo"><addressbook><last-name>LUNDBECK &amp; CO AS H</last-name><address><country>DK</country></address></addressbook></applicant><applicant mxw-id="PPAR1103321513" load-source="docdb" sequence="1" format="intermediate"><addressbook><last-name>H. LUNDBECK A/S</last-name></addressbook></applicant><applicant mxw-id="PPAR1101646296" load-source="patent-office" sequence="1" format="original"><addressbook><last-name>H. Lundbeck A/S</last-name><iid>101080116</iid><address><street>Ottiliavej 9</street><city>2500 Valby</city><country>DK</country></address></addressbook></applicant></applicants><inventors><inventor mxw-id="PPAR1103332751" load-source="docdb" sequence="1" format="epo"><addressbook><last-name>RUHLAND THOMAS</last-name><address><country>DK</country></address></addressbook></inventor><inventor mxw-id="PPAR1103321098" load-source="docdb" sequence="1" format="intermediate"><addressbook><last-name>RUHLAND, THOMAS</last-name></addressbook></inventor><inventor mxw-id="PPAR1101647882" load-source="patent-office" sequence="1" format="original"><addressbook><last-name>RUHLAND, THOMAS</last-name><address><street>Møllehusene 15</street><city>DK-4000 Roskilde</city><country>DK</country></address></addressbook></inventor><inventor mxw-id="PPAR1103333790" load-source="docdb" sequence="2" format="epo"><addressbook><last-name>CHRISTENSEN KIM LASSE</last-name><address><country>DK</country></address></addressbook></inventor><inventor mxw-id="PPAR1103311608" load-source="docdb" sequence="2" format="intermediate"><addressbook><last-name>CHRISTENSEN, KIM LASSE</last-name></addressbook></inventor><inventor mxw-id="PPAR1101643917" load-source="patent-office" sequence="2" format="original"><addressbook><last-name>CHRISTENSEN, KIM LASSE</last-name><address><street>Holmstrupvej 73</street><city>DK-4200 Slagelse</city><country>DK</country></address></addressbook></inventor></inventors><agents><agent mxw-id="PPAR1101652274" load-source="patent-office" sequence="1" format="original"><addressbook><last-name>Conrad, Lars Sparre</last-name><suffix>et al</suffix><iid>100765992</iid><address><street>H. Lundbeck A/S Ottiliavej 9</street><city>2500 Valby</city><country>DK</country></address></addressbook></agent></agents></parties><international-convention-data><pct-or-regional-filing-data ucid="EP-2014053313-W"><document-id><country>EP</country><doc-number>2014053313</doc-number><kind>W</kind><date>20140220</date><lang>EN</lang></document-id></pct-or-regional-filing-data><pct-or-regional-publishing-data ucid="WO-2014128207-A1"><document-id><country>WO</country><doc-number>2014128207</doc-number><kind>A1</kind><date>20140828</date><lang>EN</lang></document-id></pct-or-regional-publishing-data><designated-states><ep-contracting-states><country mxw-id="DS660734551" load-source="docdb">AL</country><country mxw-id="DS660758985" load-source="docdb">AT</country><country mxw-id="DS660734553" load-source="docdb">BE</country><country mxw-id="DS660646329" load-source="docdb">BG</country><country mxw-id="DS660794945" load-source="docdb">CH</country><country mxw-id="DS660724493" load-source="docdb">CY</country><country mxw-id="DS660758986" load-source="docdb">CZ</country><country mxw-id="DS660734554" load-source="docdb">DE</country><country mxw-id="DS660724494" load-source="docdb">DK</country><country mxw-id="DS660724499" load-source="docdb">EE</country><country mxw-id="DS660642806" load-source="docdb">ES</country><country mxw-id="DS660646330" load-source="docdb">FI</country><country mxw-id="DS660646351" load-source="docdb">FR</country><country mxw-id="DS660734579" load-source="docdb">GB</country><country mxw-id="DS660724500" load-source="docdb">GR</country><country mxw-id="DS660734580" load-source="docdb">HR</country><country mxw-id="DS660758991" load-source="docdb">HU</country><country mxw-id="DS660794946" load-source="docdb">IE</country><country mxw-id="DS660734581" load-source="docdb">IS</country><country mxw-id="DS660646352" load-source="docdb">IT</country><country mxw-id="DS660724501" load-source="docdb">LI</country><country mxw-id="DS660723806" load-source="docdb">LT</country><country mxw-id="DS660758992" load-source="docdb">LU</country><country mxw-id="DS660723811" load-source="docdb">LV</country><country mxw-id="DS660723812" load-source="docdb">MC</country><country mxw-id="DS660641612" load-source="docdb">MK</country><country mxw-id="DS660641613" load-source="docdb">MT</country><country mxw-id="DS660642819" load-source="docdb">NL</country><country mxw-id="DS660646353" load-source="docdb">NO</country><country mxw-id="DS660641614" load-source="docdb">PL</country><country mxw-id="DS660794947" load-source="docdb">PT</country><country mxw-id="DS660642820" load-source="docdb">RO</country><country mxw-id="DS660794948" load-source="docdb">RS</country><country mxw-id="DS660642821" load-source="docdb">SE</country><country mxw-id="DS660794949" load-source="docdb">SI</country><country mxw-id="DS660646354" load-source="docdb">SK</country><country mxw-id="DS660641619" load-source="docdb">SM</country><country mxw-id="DS660724502" load-source="docdb">TR</country></ep-contracting-states><ep-extended-states><ep-extended-state-data><country>BA</country></ep-extended-state-data><ep-extended-state-data><country>ME</country></ep-extended-state-data></ep-extended-states></designated-states></international-convention-data><office-specific-data><eptags><ep-no-a-document-published>*</ep-no-a-document-published></eptags></office-specific-data></bibliographic-data><abstract mxw-id="PA139079986" ref-ucid="WO-2014128207-A1" lang="EN" load-source="patent-office"><p num="0000">A process for the manufacture of vortioxetine is provided in which a compound of formula I, formula I is reacted with optionally substituted piperazine and 2,4-dimethylthiophenol(ate) followed by de-complexation.</p></abstract><abstract mxw-id="PA139546541" ref-ucid="WO-2014128207-A1" lang="EN" source="national office" load-source="docdb"><p>A process for the manufacture of vortioxetine is provided in which a compound of formula I, formula I is reacted with optionally substituted piperazine and 2,4-dimethylthiophenol(ate) followed by de-complexation.</p></abstract><abstract mxw-id="PA139079987" ref-ucid="WO-2014128207-A1" lang="FR" load-source="patent-office"><p num="0000">L'invention concerne un procédé de fabrication de vortioxétine dans lequel un composé représenté par la formule I, formule I, est mis en réaction avec une pipérazine éventuellement substituée et du 2,4-dimethylthiophenol(ate) puis soumis à une décomplexation.</p></abstract><abstract mxw-id="PA139546542" ref-ucid="WO-2014128207-A1" lang="FR" source="national office" load-source="docdb"><p>L'invention concerne un procédé de fabrication de vortioxétine dans lequel un composé représenté par la formule I, formule I, est mis en réaction avec une pipérazine éventuellement substituée et du 2,4-dimethylthiophenol(ate) puis soumis à une décomplexation.</p></abstract><description mxw-id="PDES78478137" ref-ucid="WO-2014128207-A1" lang="EN" load-source="patent-office"><!-- EPO <DP n="2"/>--><p id="p0001" num="0001"> VORTIOXETI N E MAN U FACTU RI NG PROCESS </p><p id="p0002" num="0002"> Field of invention </p><p id="p0003" num="0003"> The present invention relates to a process for the manufacture of l-[2-(2,4- dimethylphenylsulfanyl)phenyl]-piperazine or pharmaceutically acceptable salts thereof. </p><p id="p0004" num="0004">Background of the invention </p><p id="p0005" num="0005"> International patent applications including WO 03/029232 and WO 2007/144005 disclose the compound l-[2-(2,4-dimethyl-phenylsulfanyl)-phenyl]-piperazine and pharmaceutically acceptable salts thereof. WHO has since published that vortioxetine is the recommended International Non-proprietary Name (INN) for l-[2-(2,4- dimethyl-phenylsulfanyl)-phenyl]-piperazine. Vortioxetine was formerly referred to in the literature as Lu AA21004. FDA and EMA have since approved vortioxetine for the treatment of depression under the trade name Brintellix™. </p><p id="p0006" num="0006"> Vortioxetine is a 5-HT<sub>3</sub>, 5-HT<sub>7</sub>, and 5-HTi<sub>D</sub> receptor antagonist, 5-HTi<sub>B</sub> receptor partial agonist, 5-HTIA receptor agonist and inhibitor of the 5-HT transporter. Additionally, vortioxetine has demonstrated to enhance the levels of the </p><p id="p0007" num="0007">neurotransmitters serotonin, noradrenalin, dopamine, acetylcholine and histamine in specific areas of the brain. All of these activities are considered to be of clinical relevance and potentially involved in the mechanism of action of the compound </p><p id="p0008" num="0008">[J.Med.Chem., 54, 3206-3221, 2011; Eur. NeuropshycopharmacoL, 18(suppl 4), S321, 2008; Eur. NeuropshycopharmacoL, 21(suppl 4), S407-408, 2011; Int. J. Psychiatry Clin Pract. 5, 47, 2012]. </p><p id="p0009" num="0009"> Vortioxetine has in clinical trials shown to be a safe and efficacious treatment for depression. A paper reporting the results from a proof-of-concept study to evaluate the efficacy and tolerability of the compound in patients with major depressive disorder (MDD) authored by Alvares et al was made available on-line by Int. J. </p><p id="p0010" num="0010">Neuropsychopharm. 18 July 2011. The results from the six weeks, randomised, placebo-controlled study with approximately 100 patients in each arm show that vortioxetine separates significantly from placebo in the treatment of depressive and anxious symptoms in patients with MDD. It is also reported that no clinically relevant changes were seen in the clinical laboratory results, vital signs, weight, or ECG parameters. Results from a long-term study also show that vortioxetine is effective in 
<!-- EPO <DP n="3"/>-->
 preventing relapse in patients suffering from MDD [Eur. Neuropsychopharmacol. 21(suppl 3), S396-397, 2011]. A study in elderly depressed patients reported in Int. Clin. Psychopharm., 27, 215-227, 2012 shows that vortioxetine may be used to treat cognitive dysfunctions. </p><p id="p0011" num="0011"> The manufacturing process used to prepare vortioxetine disclosed in WO</p><p id="p0012" num="0012">03/029232 is based on solid-phase synthesis and exploits di-arene iron-assisted nucleophilic aromatic substitution reactions in a multistep process. In summary, 4- [piperazine-l-yl]carbonyloxymethyl]phenoxymethyl polystyrene was reacted with a di-arene iron salt, i.e. η<sup>6</sup>-l,2-dichlorobenzene-η<sup>5</sup>-cyclopentadienyliron(II) </p><p id="p0013" num="0013">hexafluorophosphate followed by isolation and washing of the resin and further reaction with 2,4-dimethylthiophenol. Finally, the thus obtained resin was treated with 1,10-phenanthroline and light to de-complex cyclopentadienyliron. The overall yield was low, only 17%. A similar process is disclosed in WO 01/49678 wherein phenoxyphenylpiperazines are prepared as intermediates. </p><p id="p0014" num="0014"> Di-arene iron compounds have been known for long time, exemplified by ferrocene which consists of two pentadienyl rings bound to iron in a sandwich structure. These compounds have proved to be useful tools in the preparation of e.g. heterocyclic compounds. As an example, Pearson et al in J. Org. Chem. 61, 1297-1305, 1996 disclose displacement of chloro atoms from 1 ,4-dichlorobenzene- cyclopentadienyl-iron (II) by cyclic secondary amines, e.g. piperazine. Interestingly, this reaction results in a symmetric displacement, i.e. displacement of both chloro atoms from the benzene moiety. Sutherland et al in J. Heterocyclic Chem., 19, 801-803, 1982 disclose that both chloro atoms in l,2-dichlorobenzene-cyclopentadienyl-iron(II) are displaced by substituted 1,2-dithiophenol to obtain the corresponding </p><p id="p0015" num="0015">thiaanthrenes. Pearson et al [J. Org Chem., 59, 4561-4570, 1994] disclose the use of 1- 4-dichlorobenzene- cyclopentadienyl-iron(II) hexafluorophosphate in the manufacture of asymmetric compounds in which the two chloro atoms are substituted by phenoxy and morpholine, respectively. Notably, the two substitutions require very different reaction conditions and isolation of the intermediate, mono-substituted compound was required. Ruhland et al in J. Org. Chem., 67, 5257-5268, 2002 disclose synthesis of 1 ,2-disubstituted benzenes where selective substitution with different substitutions of the chemically identical chloro atoms is achieved via cyclopentadienyl activation in solid phase. 
<!-- EPO <DP n="4"/>-->
 Solid-phase chemistry is not feasible for pharmaceutical production involving manufacturing in ton-scale. The massive handling of resins that would be required and the costs associated are prohibitive. Additionally, the low yield obtained for votioxetine (only 17%) makes this manufacturing route unattractive. </p><p id="p0016" num="0016"> Large scale manufacturing of vortioxetine has been disclosed in WO </p><p id="p0017" num="0017">2007/144005 and WO 2010/094285. Piperazine, 2,4-dimethylthiophenol and 1,2- dihalogenbenzene are mixed e.g. in toluene together with a palladium catalyst to afford vortioxetine. Although this reaction provides high yield and can be handled in large scale, it requires the use of an expensive catalyst, i.e. palladium. Moreover, the reaction conditions are harsh employing elevated temperatures to obtain a satisfactory result, i.e. reflux temperatures or 80-120°C and the use of strong base. </p><p id="p0018" num="0018"> The present invention provides a manufacturing process for vortioxetine which uses inexpensive starting materials, which can be run at mild conditions and which gives high yields. </p><p id="p0019" num="0019">Summary of the invention </p><p id="p0020" num="0020"> The present inventors have found that l-[2-(2,4-dimethyl-phenylsulfanyl)- phenyl] -piperazine (vortioxetine) or pharmaceutically acceptable salts thereof can be prepared in a reaction in which a suitable di-arene iron salt, i.e. optionally substituted l,2-dihalogenbenzene-cyclopentadienyl-iron(II) salt is reacted with an optionally protected piperazine and 2,4-dimethylthiophenol(ate) followed by de-complexation of optionally substituted cyclopentadienyl iron and by de-protection of piperazine as required if protected piperazine is applied in the process to obtain l-[2-(2,4-dimethyl- phenylsulfanyl)-phenyl]-piperazine. A desired pharmaceutically acceptable salt may be obtained by subsequent reaction with a suitable acid. </p><p id="p0021" num="0021"> Accordingly, in one embodiment the invention provides a process for the manufacture of vortioxetine or pharmaceutically acceptable salts thereof, which process comprises reacting a compound of formula I 
<!-- EPO <DP n="5"/>-->
 
<img id="imgf000005_0001" he="40" wi="37" file="imgf000005_0001.tif" img-format="tif" img-content="drawing" orientation="portrait" inline="no"/>
 </p><p id="p0022" num="0022">[I] </p><p id="p0023" num="0023">wherein each Hal independently represents fluoro or chloro; R' represents H or R' represents one or two moieties independently selected from CHO, COOH, COOR' ' ' or COONR<sub>2</sub>' ", or R' represents one to five moieties independently selected from Ci_ 6-alkyl; R' " independently represents H or Ci_6-alkyl; and X<sup>"</sup> represents a non- coordinating and non-nucleophilic anion, with an optionally protected piperazine of formula II </p><p id="p0024" num="0024"><img id="imgf000005_0002" he="29" wi="14" file="imgf000005_0002.tif" img-format="tif" img-content="drawing" orientation="portrait" inline="no"/>
 wherein R represents H or a protetive group, </p><p id="p0025" num="0025">and with a compound of formula III </p><p id="p0026" num="0026"><img id="imgf000005_0003" he="27" wi="38" file="imgf000005_0003.tif" img-format="tif" img-content="drawing" orientation="portrait" inline="no"/>
 wherein R' ' represents H or a cation and a base as required in a solvent to obtain a compound of formula IV 
<!-- EPO <DP n="6"/>-->
</p><p id="p0027" num="0027"><img id="imgf000006_0001" he="30" wi="43" file="imgf000006_0001.tif" img-format="tif" img-content="drawing" orientation="portrait" inline="no"/></p><p id="p0028" num="0028"> [IV] </p><p id="p0029" num="0029">followed by a de-complexation step in which the optionally substituted </p><p id="p0030" num="0030">cyclopentadienyliron is de-complexed, and a de-protection step as required in which the optionally protected piperazine moiety is de-protected to obtain l-[2-(2,4- dimethyl-phenylsulfanyl)-phenyl]-piperazine, i.e. vortioxetine. </p><p id="p0031" num="0031"> The compound of formula I, the compound of formula II and the compound of formula III may be added to the reaction mixture in any sequence or simultaneously. </p><p id="p0032" num="0032">Figures </p><p id="p0033" num="0033"> Figure 1 : Schematic depiction of a flow chemistry set-up for the reaction of the present invention. Compound of formula I is mixed with compound of formula II and compound of formula III to obtain vortioxetine following de-complexation and de- protection as required. </p><p id="p0034" num="0034">Detailed description of the invention </p><p id="p0035" num="0035"> The compound of formula I comprises a di-halogen substituted benzene moiety which is r|<sup>6</sup>-bound to the metal centre of a cyclopentadienyl fragment. Said halogen is independently selected from fluoro and chloro. In one embodiment, the halogens are identical; in particular both halogens are chloro. In this embodiment, the di-arene iron compound can be made from very inexpensive starting materials, i.e. 1 ,2-di-chlorobenzene. </p><p id="p0036" num="0036"> R' represents H or R' represents one or two moieties independently selected from CHO, COOH, COOR' " or COONR<sub>2</sub>"', or R' represents one to five moieties 
<!-- EPO <DP n="7"/>-->
 independently selected from Ci_6-alkyl; R' " independently represents H or Ci_6-alkyl. In one embodiment, R' represent one Ci_6-alkyl, such as methyl. In one embodiment, R' is hydrogen, i.e. the cyclop entadienyl moiety is unsubstituted. In one embodiment, R' " represents methyl. </p><p id="p0037" num="0037"> R represents an optional protective group on one of the pipirazine nitrogens.</p><p id="p0038" num="0038">Many protective groups are known in the art, and useful examples include -C(=0)0- W, -C(=0)-W, Boc, Bn and Cbz, and in particular Boc. W represents alkyl or aryl; Bn abbreviates benzyl; Boc abbreviates t-butyloxycarbonyl; and Cbz abbreviates carbobenzyloxy. If a mono -protected piperazine is used in the reaction of the present invention, the protective group has to be removed in a subsequent step, typically by the addition of an acid, such as an aqueous acid. If properly selected, said acid may remove the protective group and provide a desired pharmaceutically acceptable salt of vortioxetine in one and the same step. The use of aqueous HBr may achieve de- protection and the HBr salt of vortioxetine in one step. The reaction of the present invention may run with non-protected piperazine which is beneficial due the reduced number of process steps and thus inherent simplicity. </p><p id="p0039" num="0039"> In the present context, the term "Ci_6-alkyl" is intended to indicate a straight, branched and/or cyclic saturated hydrocarbon containing 1-6 carbon atoms which alkyl may be substituted. Examples include methyl, ethyl, isopropyl, cyclopentyl and 2-cyclopropyl-ethyl. </p><p id="p0040" num="0040"> In the present context, the term "aryl" is intended to indicate an optionally substituted carbocyclic aromatic hydrocarbon </p><p id="p0041" num="0041"> R' ' represents either hydrogen or a cation which may be either organic or inorganic. Inorganic cation include metal-ion, such as a mono-valent or di-valent metal-ion, such as K<sup>+</sup>, Na<sup>+</sup>' Li<sup>+</sup> and Mg<sup>++</sup>. Examples of organic cation include 2- hydroxyethyl-trimethylammonium and l-butyl-3-methylimidazolium.The reaction of the present invention runs best if 2,4-dimethyl thiolate is present. This may be achieved e.g. by adding the thiolate salt (R" represents cation) to the reaction mixture, or by adding the thiophenol compound (R" represents H) and a suitable base as required to obtain the corresponding thiolate. A suitable mixture of thiophenol, thiolate and a base may also be used. The process of the present invention does not require harsh basic conditions, and bases typically applied in process chemistry may 
<!-- EPO <DP n="8"/>-->
 be applied. Examples of useful bases include K<sub>2</sub>CO<sub>3</sub>, NaOEt, NaO(t-Bu), KO(t-Bu), NaOH, KOH and NaH. </p><p id="p0042" num="0042"> X<sup>"</sup> represents a non-coordinating and non-nucleophilic anion. In the present context a non-coordinating anion is intended to indicate an anion that essentially does not establish a coordinating bond to the iron in the compound of formula I or formula III. In the present context a non-nucleophilic anion is intended to indicate an anion that essentially does not substitute Hal in the compound of formula I. Typical examples include BF<sub>4</sub><sup>~</sup>, PF<sub>6</sub><sup>"</sup>, C10<sub>4</sub><sup>"</sup>, [B[3,5-(CF<sub>3</sub>)<sub>2</sub>C<sub>6</sub>H<sub>3</sub>]<sub>4</sub>] <sup>~</sup> B(C<sub>6</sub>F<sub>5</sub>)<sub>4</sub><sup>"</sup> and </p><p id="p0043" num="0043">Al(OC(CF<sub>3</sub>)<sub>3</sub>)<sub>4</sub><sup>"</sup>. The use of PF<sub>6</sub><sup>"</sup> has the advantage that PF<sub>6</sub><sup>"</sup> salts of the compound of formula I are easily isolated and stored. This means that the compound of formula I may be prepared in a process which is separated in time and place from the process of the present invention. </p><p id="p0044" num="0044"> A wide range of solvents may be applied in the process of the present invention. Useful examples include toluene, THF (tetrahydrofuran), MTBE (methyl tert-butyl ether), water, ethanol, 2-propanol, NMP (N-methyl-2-pyrrolidone), DMF (dimethylformamide), MIBK (methylisobutyl ketone), TEA (triethyl amine), DIPEA (Ν,Ν-diisopropylethylamine), DCM (dichloromethane), ethylacetate, isopropylacetate and combinations of these. </p><p id="p0045" num="0045"> The optionally substituted cyclopentadienyl-iron fragment is removed in a de- complexation step. This step is well-know from the literature and can be achieved in various ways. J.Heterocycl.Cheni., 19, 801-803, 1982 discloses that decomplexation can be achieved by pyrolysis at 200-250°C; J. Org Chem,67, 5257-5268, 2002 and J.Polymer.Sci., 35, 447-453, 1997 apply photolysis in the presence of CH<sub>3</sub>CN and 1,10-phenantholine; and Chem. Soc. Perkin Trans I., 197-201, 1994 discloses the use of potassium tert-butoxide at elevated temperatures in high-bioling solvents, such as pyridine or DMSO. Photolysis which is also known as photodissociation or photodecomposition is a chemical reaction where a chemical bond is broken upon irradiation with light. For the reaction of the present invention, de-complexation by photolysis may conveniently be carried out under irradiation with light in the visible or near UV spectrum. </p><p id="p0046" num="0046"> The manufacture of compound of formula I used in the present invention is known from literature. J.Org.Chem, 67, 5257-5268, 2002 discloses a process in which 1 ,2-dichlorobenzene, anhydrous aluminium trichloride, aluminium powder and 
<!-- EPO <DP n="9"/>-->
 ferrocene are reacted at 95°C followed by aqueous work-up and treatment with ammonium hexafluorophosphate. Compounds of formula I where X<sup>"</sup> represents a anion different from hexafluorophosphate may be obtained in a similar way by means of a different and appropriate salt, e.g. ammonium BF<sub>4</sub>. If suitably substituted ferrocene is used, compound of formula I wherein R' is different from H may be obtained. </p><p id="p0047" num="0047"> 2,4-Dimethyl-thiophenol, salts thereof and (optionally protected) piperazine are all well-known compounds and readily available in large quantities. </p><p id="p0048" num="0048"> The compound of formula III may for example be obtained from the corresponding arylbromide or arylchloride, i.e. l-bromo-2,4-dimethyl-benzene or 1- chloro-2,4-dimethyl-benzene in a Grignard-type reaction where said compound is reacted with Mg followed by elemental sulfur to obtain a compound of formula III where R' ' represent MgCl<sup>+</sup> or MgBr<sup>+'</sup> </p><p id="p0049" num="0049"> An advantage of the process of the present invention is that it runs at low temperature, such as ambient temperature, e.g. 15-30°C. The reaction of the present invention, however, runs both at much higher and much lower temperatures as long as the solvent(s) chosen is sufficiently fluid at the temperature (and pressure) used. In one embodiment, the temperature is between -25°C and 140°C, such as between 0°C and 100°C. In one embodiment the temperature is between 10°C and 80°C, such as 15°C-50°C. </p><p id="p0050" num="0050"> Pharmaceutically acceptable salts are intended to indicate acid addition salts of acids that are non-toxic. Said salts include salts made from organic acids, such as maleic, fumaric, benzoic, ascorbic, succinic, oxalic, bis-methylenesalicylic, methanesulfonic, ethanedisulfonic, acetic, propionic, tartaric, salicylic, citric, gluconic, lactic, malic, mandelic, cinnamic, citraconic, aspartic, stearic, palmitic, itaconic, glycolic, p-aminobenzoic, glutamic, benzenesulfonic, theophylline acetic acids, as well as the 8-halotheophyllines, for example 8-bromotheophylline. Said salts may also be made from inorganic acids, such as hydrochloric, hydrobromic, sulfuric, sulfamic, phosphoric and nitric acids. Particular mention is made of salts made from hydrobromic acid and lactic acid. Distinct mention is made of the hydrobromide acid salt. </p><p id="p0051" num="0051"> In one embodiment, 1 equivalent of a compound of formula I is mixed with a compound of formula II (1-5 equivalents, such as 1-3 equivalents), a compound of 
<!-- EPO <DP n="10"/>-->
 formula III (1-5 equivalents, such as 1-3 equivalents) in a solvent together with a base as needed (more than 0.5 equivalent, such as between 0.5 and 20 equivalents, such as 1-5 equivalents), e.g. at 10-50°C, such as 15-25°C to obtain a compound of formula IV. The compound of formula IV is then de-complexed, e.g. by photolysis and the protective group on the piperazine is removed as required e.g. by addition of acid to obtain vortioxetine. A pharmaceutically acceptable salt may be obtained by further reaction with an appropriate acid. It may also be feasible to de-protect piperazine as required prior to de-complexation. </p><p id="p0052" num="0052"> In one embodiment, 1 equivalent of a compound of formula I is mixed with a base (more than 0.5 equivalent, such as between 0.5 and 20 equivalents, such as 1-5 equivalents) and piperazine (1-5 equivalents, such as 1-3 equivalents) in a solvent. The mixture is stirred (e.g. at 10-50°C, such as 15-25°C) and 2,4-dimethyl thiophenol (1-5 equivalents, such as 1-3 equivalents) is added and the reaction is stirred to obtain a compound of formula IV. The compound of formula IV is then de-complexed, e.g. by photolysis to obtain vortioxetine. A pharmaceutically acceptable salt may be obtained by further reaction with an appropriate acid. </p><p id="p0053" num="0053"> In one embodiment, 1 equivalent of ?/<sup>6</sup>-l,2-dichlorobenzene- η <sup>5</sup>-cyclopenta- dienyliron(II) hexafluorophosphate is mixed with 1-5 equivalent base and piperazine (1-3 equivalent, such as 2 equivalents) in a solvent, such as THF/water. After stirring, 2,4-dimethylthiophenol (1-3 equivalent, such as 2 equivalents) is added and the mixture obtained is stirred to obtain the compound of formula IV, e.g. at 10°C-50°C. Votioxetine is obtained by de-complexation, e.g. by photolysis. </p><p id="p0054" num="0054"> De-complexation by photolysis may be carried out e.g. in batch mode or in flow mode. De-complexation may conveniently be carried out in the following way. The reaction mixture comprising the compound of formula IV is mixed with aqueous acid (e.g. aqueous HC1) and organic impurities are optionally removed e.g. by addition of an immiscible organic solvent, such as n-heptane, followed by phase separation. The phase containing the compound of formula IV obtained above above is passed through an irradiated glass tube where photolysis occurs to obtain vortioxetine. As an example, the aqueous phase may be circulated through an irradiated glass tube. </p><p id="p0055" num="0055"> Alternatively, the compound of formula I may be prepared and used immediately in the process of the present invention without isolation. For example 
<!-- EPO <DP n="11"/>-->
 1 ,2-dichlorobenzene (2-20 equivalents, such as 3-6 equivalents) is mixed with a suitably substituted ferrocene (1 equivalent), aluminium chloride (0.1-2 equivalent, such as 0.2-1 equivalent) and fine aluminium powder (0.01-0.5 equivalent, such as 0.05-0.2 equivalent) and heated to 80-120°, such as 100-110° to obtain a compound of formula I. The compound of formula I may then be further reacted as described above to obtain vortioxetine. </p><p id="p0056" num="0056"> The process of the present invention may be run in batch mode, wherein the reactants are added to a vessel or container. Alternatively, the process of the present invention is amenable to flow chemistry wherein the reactants are mixed and pumped through tubes wherein the reaction takes place. Figure 1 depicts a schematic flow setup for the reaction of the present invention. The reaction of the present invention may also be carried out partly in batch mode and partly in a flow set-up. </p><p id="p0057" num="0057"> In one embodiment, the invention relates to vortioxetine and pharmaceutically acceptable salts thereof manufactured by a process of the present invention. </p><p id="p0058" num="0058"> As demonstrated in the examples, the present invention provides a non-resin based manufacturing process for vortioxetine and pharmaceutically acceptable salts thereof in which an asymmetric displacement of two identical halogen atoms from a symmetric reactant (1,2-dihalogenbenzene) is effected in a one-pot synthesis, i.e. without the need for isolation of intermediates, such as intermediates where only one halogen is substituted. The process of the present invention avoids the use of expensive reactants and catalysts; it can be run at low temperatures and generally at mild conditions. Thus, simple and inexpensive manufacturing equipment can be applied, and the risk of unwanted side-reactions is minimized. High yields and high purity are achieved, and the process of the present invention is well-suited for industrial scale. </p><p id="p0059" num="0059"> All references, including publications, patent applications, and patents, cited herein are hereby incorporated by reference in their entirety and to the same extent as if each reference were individually and specifically indicated to be incorporated by reference and were set forth in its entirety herein, regardless of any separately provided incorporation of particular documents made elsewhere herein. </p><p id="p0060" num="0060"> The use of the terms "a" and "an" and "the" and similar referents in the context of describing the invention are to be construed to cover both the singular and the plural, unless otherwise indicated herein or clearly contradicted by context. For 
<!-- EPO <DP n="12"/>-->
 example, the phrase "the compound" is to be understood as referring to various compounds of the invention or particular described aspect, unless otherwise indicated. </p><p id="p0061" num="0061"> The description herein of any aspect or aspect of the invention using terms such as "comprising", "having," "including," or "containing" with reference to an element or elements is intended to provide support for a similar aspect or aspect of the invention that "consists of, "consists essentially of, or "substantially comprises" that particular element or elements, unless otherwise stated or clearly contradicted by context (e.g., a composition described herein as comprising a particular element should be understood as also describing a composition consisting of that element, unless otherwise stated or clearly contradicted by context). </p><p id="p0062" num="0062">Examples </p><p id="p0063" num="0063"> Example 1 </p><p id="p0064" num="0064"> ?/<sup>6</sup>-l,2-Dichlorobenzene- η <sup>5</sup>-cyclopentadienyliron(II) hexafluorophosphate (25 g, 61 mmol), potassium carbonate (16.7 g, 121 mmol) and piperazine (10.3 g, 120 mmol) was dissolved in a mixture of THF (200 mL) and water (50 mL). The reaction mixture was stirred for 1 h at ambient temperature. To the reaction mixture was added 2,4- dimethyl thiophenol (8.8 g, 63.7 mmol) and stirring was continued overnight. </p><p id="p0065" num="0065"> The reaction mixture was poured into aqueous hydrochloric acid (2 M, 200 mL) over a period of 20 min. To the mixture was added n-heptane (15 mL) and the phases were separated. The organic phase was extracted once with water (15 mL). The THF/water phase was circulated at room temperature through an irradiated glass spiral (100 W incandescent light). During this step water and THF separated and only the lower water phase was pumped through the photolysis equipment, and the liberated l-[2-(2,4-dimethyl-phenylsulfanyl)-phenyl]-piperazine concentrated in the upper THF phase. </p><p id="p0066" num="0066"> After complete de-complexation, the phases were separated and the water phase was extracted twice with THF (2 x 70 mL). The combined THF phases were diluted with toluene (50 mL) and subsequently washed twice with aqueous sodium hydroxide solution (1.0 M, 50 mL and 30 mL). </p><p id="p0067" num="0067"> The organic phase was separated, and the THF was removed at 40 °C at reduced pressure. The resulting solution was added slowly to a mixture of aqueous hydrobromic acid (48 w/w %, 7.0 mL, 62 mmol), water (20 mL) and toluene (10 mL) 
<!-- EPO <DP n="13"/>-->
 at 40 °C. The desired 4-[2-(2,4-dimethyl-phenylsulfanyl)-phenyl]-piperazine HBr was isolated by filtration. The filter cake was washed with toluene (40 mL) and water (10 mL) yielding 4-[2-(2,4-dimethyl-phenylsulfanyl)-phenyl]-piperazine HBr (13.3 g, 35.0 mmol 64.1 %) as a white powder. </p><p id="p0068" num="0068">Al lppm, Fe 401 ppm, Na 291 ppm, P 2453 ppm (as determined by ICP-AES). </p><p id="p0069" num="0069">Purity: Area %: Vortioxetine 99.73, l-[2-(3,5-dimethyl-phenylsulfanyl)- phenylj-piperazine 0.08%, unknowns 0.19 (as determined by GC). </p><p id="p0070" num="0070">1H NMR (DMSO-d6): 8.84 (bs, 2H), 7.34 (d, IH, 7.7 hz), 7.26 (s, IH), 7.16 (m, 2H), 7.11 (dd, IH, 7.8 and 1.7 hz), 6.97 (dd, IH, 7.8 and 1.7 hz), 6.41 (dd, IH, 7.8 and 1.3 hz), 3.26 (bm, 4H), 3.20 (bm, 4 H), 2.33 (s, 3H), 2.25 (s, 3H). </p><p id="p0071" num="0071"> Crystal form: β-form (as determined by XRPD). Please see WO 2007/144005 for definition of the a-form and β-form of vortioxetine HBr. </p><p id="p0072" num="0072"> Water content: &lt;0.1 % (as determined by Karl Fisher) and &lt;0.2 % (as determined by thermo gravimetric analysis). </p><p id="p0073" num="0073">Elemental analysis C^sNzSBr requires C 56.99 H 6.11 N 7.38, found C 57.10, H 6.12, N 7.26. </p><p id="p0074" num="0074">Example 2 </p><p id="p0075" num="0075"> 1,2-Dichloro benzene (158.4 g, 1.08 mol), ferrocene (40.6 g, 218 mmol), aluminium trichloride (13.8 g, 104 mmol) and fine aluminium powder (7.0 g, 26 mmol) were mixed and heated at 110 °C for 6 h. The reaction mixture was cooled to 25 °C and added slowly to a mixture of ice (240 g) and n-heptane (100 mL) over 25 minutes. (CAUTION: the treatment of unreacted aluminium trichloride with water is highly exothermic). </p><p id="p0076" num="0076"> The mixture was treated with Celite 545® (14 g) and stirred at ambient temperature for 20 minutes prior to filtration. The filter cake was washed with water (15 mL). The filtrates were combined, and the phases were separated. The water phase was washed with toluene (2 x 50 mL). To the water phase was slowly added aqueous sodium hydroxide (10.8 M, 70 mL, 0.76 mol) until the pH was 6.5. The precipitated aluminium oxides was removed by filtration, and the filter cake was washed with water (25 mL). </p><p id="p0077" num="0077"> The collected aqueous phases was added to a mixture of potassium carbonate (20 g, 0.14 mol) and piperazine (9.4 g, 0.11 mol) in THF (100 mL) and stirred for 3 
<!-- EPO <DP n="14"/>-->
 hours at ambient temperature. To this mixture was added 2,4-dimethyl thiophenol (8.9 g, 64 mmol) and stirring was continued overnight. </p><p id="p0078" num="0078"> The reaction mixture was poured slowly into aqueous hydrochloride acid (4.0 M, 130 mL, 0.52 mol). The reaction mixture was pumped through an irradiated glass tube (100 W incandescent light). During this step water and THF separated and only the lower water phase was pumped through the photolysis equipment, and the liberated l-[2-(2,4-dimethyl-phenylsulfanyl)-phenyl]-piperazine concentrated in the upper THF phase. </p><p id="p0079" num="0079"> After complete de-complexation the phases were separated and the water phase was extracted twice with toluene (2 x 70 mL). The combined organic phases was washed with sodium hydroxide (1.0 M, 70 mL, 70 mmol) and then with water (25 mL). The THF was removed at 40 °C at reduced pressure. The toluene solution was added slowly to a mixture of aqueous hydrobromic acid (48 w/w %, 7.5 mL, 67 mmol), water (20 mL) and toluene (10 mL) at 35 °C. 4-[2-(2,4-Dimethyl-phenyl- sulfanyl)-phenyl]-piperazine HBr was isolated by filtration. The filter cake was washed with toluene (40 mL) and water (10 mL) yielding 4-[2-(2,4-dimethyl- phenylsulfanyl)-phenyl]-piperazine HBr (7.3 g, 19.2 mmol, 8.8 % from ferrocene) as an off-white powder. </p><p id="p0080" num="0080"> Al 6 ppm, Fe 18 ppm, Na 3 ppm, P 7 ppm (as determined by ICP-AES) </p><p id="p0081" num="0081">Purity: Area %: Vortioxetine 99.96, l-[2-(3,5-dimethyl-phenylsulfanyl)- phenylj-piperazine 0.04, unknown 0 % (as determined by GC) </p><p id="p0082" num="0082"> 1H NMR (DMSO-d6): 8.86 (bs, 2H), 7.34 (d, 1H, 7.7 hz), 7.26 (s, 1H), 7.16 (m, 2H),</p><p id="p0083" num="0083">7.1 1 (d, 1H, 7.9), 6.97 (dd, 1H, 7.8 and 1.8 hz), 6.41 (dd, 1H, 7.7 and 1.4 hz), 3.27</p><p id="p0084" num="0084">(bm, 4H), 3.21 (bm, 4 H), 2.33 (s, 3H), 2.25 (s, 3H). </p><p id="p0085" num="0085">Crystal form: Mixture of a and β-form (as determined by XRPD). </p><p id="p0086" num="0086"> Water content: 0.14% (as determined by Karl Fisher) and &lt;0.2% (as determined by thermo gravimetric analysis). </p><p id="p0087" num="0087"> Elemental analysis Ci<sub>8</sub>H<sub>23</sub>N<sub>2</sub>SBr requires C 56.99 H 6.1 1 N 7.38, found C 56.94, H 6.09, N 7.31. 
</p></description><claims mxw-id="PCLM70078422" ref-ucid="WO-2014128207-A1" lang="EN" load-source="patent-office"><claim id="clm-0001" num="0001"><!-- EPO <DP n="15"/>--><claim-text> Claims </claim-text><claim-text> 1. A process for the manufacture of vortioxetine or pharmaceutically acceptable salts thereof, which process comprises reacting a compound of formula I </claim-text><claim-text><img id="imgf000015_0001" he="40" wi="37" file="imgf000015_0001.tif" img-format="tif" img-content="drawing" orientation="portrait" inline="no"/></claim-text><claim-text>[I] </claim-text><claim-text>wherein each Hal independently represents fluoro or chloro; R' represents H or R' represents one or two moieties independently selected from CHO, COOH, COOR' ' ' or COONR<sub>2</sub>' ", or R' represents one to five moieties independently selected from Ci_ 6-alkyl; R' " independently represents H or Ci_<sub>6</sub>-alkyl; and X<sup>"</sup> represents a non- coordinating and non-nucleophilic anion, with an optionally protected piperazine of formula II </claim-text><claim-text><img id="imgf000015_0002" he="29" wi="14" file="imgf000015_0002.tif" img-format="tif" img-content="drawing" orientation="portrait" inline="no"/>
 wherein R represents H or a protetive group, </claim-text><claim-text>and with a compound of formula III </claim-text><claim-text><img id="imgf000015_0003" he="27" wi="38" file="imgf000015_0003.tif" img-format="tif" img-content="drawing" orientation="portrait" inline="no"/>
 wherein R" represents H or a cation and a base as required in a solvent to obtain a compound of formula IV 
<!-- EPO <DP n="16"/>-->
</claim-text><claim-text><img id="imgf000016_0001" he="30" wi="43" file="imgf000016_0001.tif" img-format="tif" img-content="drawing" orientation="portrait" inline="no"/></claim-text><claim-text> [IV] </claim-text><claim-text>followed by a de-complexation step in which the optionally substituted </claim-text><claim-text>cyclopentadienyliron is de-complexed, and a de-protection step as required in which the optionally protected piperazine moiety is de-protected to obtain l-[2-(2,4- dimethyl-phenylsulfanyl)-phenyl]-piperazine (vortioxetine). </claim-text><claim-text>2. The process according to claim 1, wherein Hal represents chloro. </claim-text><claim-text>3. The process according to claim lor 2 wherein R' represents hydrogen. </claim-text><claim-text>4. The process according to any of claims 1-3, wherein R represents H. </claim-text><claim-text>5. The process according to any of claims 1-3 wherein R represents a protective group. </claim-text><claim-text>6. The process according to claim 5, wherein R represents a protective group selected from Boc, Fmoc, Bn and Cbz. </claim-text><claim-text>7. The process according to any of claims 1-6 wherein X<sup>"</sup> is selected from PF<sub>6</sub> , A1C1<sub>4</sub> <sup>~</sup> C10<sub>4</sub> , BF<sub>4</sub> , [B[3,5-(CF<sub>3</sub>)<sub>2</sub>C<sub>6</sub>H<sub>3</sub>]<sub>4</sub>r, B(C<sub>6</sub>F<sub>5</sub>)<sub>4</sub><sup>"</sup> and Al(OC(CF<sub>3</sub>)<sub>3</sub>)<sub>4</sub> · </claim-text><claim-text>8. The process according to claim 7, wherein X<sup>"</sup> is PF<sub>6</sub> . 
<!-- EPO <DP n="17"/>-->
</claim-text><claim-text>9. The process according to any of claims 1-8, wherein said solvent is selected from toluene, THF (tetrahydrofuran), MTBE (methyl tertiary-butyl ether), water, ethanol, 2-propanol, NMP (N-Methyl-2-pyrrolidone), DMF (dimethylformamide), MIBK (methylisobutyl ketone), TEA (triethyl amine), DIPEA (N,N- diisopropylethylamme), DCM (dichloromethane), ethylacetate, isopropylacetate and combinations of these. </claim-text><claim-text>10. The process according to any of claims 1-9 wherein R' ' represents H. 1 1. The process according to any of claims 1-10, wherein said de-complexation step comprises photolysis. </claim-text><claim-text>12 The process according to claim 1 , wherein 1 equivalent of a compound of formula I is mixed with a compound of formula II (1-5 equivalents) and a compound of formula III (1-5 equivalents) in a solvent together with a base as required (more than 0.5 equivalent) to obtain a compound of formula IV followed by de- complexation and removal of the protective group on the piperazine as required to obtain l-[2-(2,4-dimethyl-phenylsulfanyl)-phenyl]-piperazine. 13. The process according to claim 1 , wherein 1 equivalent of a compound of compound of formula I is mixed with a base (between 0.5 and 20 equivalents), piperazine (1-5 equivalents) and 2,4-dimethyl thiophenol (1-5 equivalents) in a solvent to obtain a compound of formula IV, followed by de-complexation to obtainl- [2-(2,4-dimethyl-phenylsulfanyl)-phenyl]-piperazine. </claim-text><claim-text>14. The process according to claim 1 , wherein 1 equivalent of η<sup>6</sup>-1 ,2- dichlorobenzene- η <sup>5</sup>-cyclopentadienyliron(II) hexafluorophosphate is mixed with 1-5 equivalent base, 1-3 equivalents 2,4-dimethylthiophenol and 1-3 equivalents piperazine in a solvent at 10°C-50°C to obtain the compound of the formula 
<!-- EPO <DP n="18"/>-->
</claim-text><claim-text><img id="imgf000018_0001" he="65" wi="43" file="imgf000018_0001.tif" img-format="tif" img-content="drawing" orientation="portrait" inline="yes"/>
 followed by de-complexation to obtain l-[2-(2,4-dimethyl-phenylsulfanyl)-phenyl]- piperazine. </claim-text><claim-text>15. The process according to any of claims 1-14, wherein the obtained l-[2-(2,4- dimethyl-phenylsulfanyl)-phenyl]-piperazine is reacted with a suitable acid to obtain the equivalent pharmaceutically acceptable salt. 16. l-[2-(2,4-dimethyl-phenylsulfanyl)-phenyl]-piperazine and pharmaceutically acceptable salts thereof obtained in a process according to any of claims 1-15. 
</claim-text></claim></claims><copyright>User acknowledges that Fairview Research LLC and its third party providers retain all right, title and interest in and to this xml under applicable copyright laws.  User acquires no ownership rights to this xml including but not limited to its format.  User hereby accepts the terms and conditions of the Licence Agreement</copyright></patent-document>
