<?xml version="1.0" encoding="UTF-8"?>
<patent-document ucid="EP-2681211-A1" country="EP" doc-number="2681211" kind="A1" date="20140108" family-id="45932487" file-reference-id="318301" date-produced="20180823" status="corrected" lang="EN"><bibliographic-data><publication-reference fvid="146587055" ucid="EP-2681211-A1"><document-id><country>EP</country><doc-number>2681211</doc-number><kind>A1</kind><date>20140108</date><lang>EN</lang></document-id></publication-reference><application-reference ucid="EP-12712784-A" is-representative="NO"><document-id mxw-id="PAPP154849247" load-source="docdb" format="epo"><country>EP</country><doc-number>12712784</doc-number><kind>A</kind><date>20120228</date><lang>EN</lang></document-id><document-id mxw-id="PAPP173923820" load-source="docdb" format="original"><country>EP</country><doc-number>12712784.3</doc-number><date>20120228</date></document-id></application-reference><priority-claims><priority-claim mxw-id="PPC140548957" ucid="TR-201101897-A" load-source="docdb"><document-id format="epo"><country>TR</country><doc-number>201101897</doc-number><kind>A</kind><date>20110228</date></document-id></priority-claim><priority-claim mxw-id="PPC140547870" ucid="TR-2012000041-W" linkage-type="W" load-source="docdb"><document-id format="epo"><country>TR</country><doc-number>2012000041</doc-number><kind>W</kind><date>20120228</date></document-id></priority-claim></priority-claims><technical-data><classifications-ipcr><classification-ipcr mxw-id="PCL1989316806" load-source="docdb">A61P  11/00        20060101ALI20120918BHEP        </classification-ipcr><classification-ipcr mxw-id="PCL1989318287" load-source="docdb">C07D 451/10        20060101AFI20120918BHEP        </classification-ipcr><classification-ipcr mxw-id="PCL1989319345" load-source="docdb">A61K  31/46        20060101ALI20120918BHEP        </classification-ipcr></classifications-ipcr><classifications-cpc><classification-cpc mxw-id="PCL2094212517" load-source="docdb" scheme="CPC">A61K   9/008       20130101 LA20140711BHEP        </classification-cpc><classification-cpc mxw-id="PCL2094212899" load-source="docdb" scheme="CPC">A61K   9/0075      20130101 LA20140711BHEP        </classification-cpc><classification-cpc mxw-id="PCL2094214087" load-source="docdb" scheme="CPC">C07D 451/10        20130101 FI20140711BHEP        </classification-cpc><classification-cpc mxw-id="PCL2094215976" load-source="docdb" scheme="CPC">A61K  31/439       20130101 LI20140709BHEP        </classification-cpc></classifications-cpc><invention-title mxw-id="PT132365798" lang="DE" load-source="patent-office">KRISTALLINE VERBINDUNG MIT TIOTROPIUMBROMID</invention-title><invention-title mxw-id="PT132365799" lang="EN" load-source="patent-office">CRYSTALLINE COMPOUND COMPRISING TIOTROPIUM BROMIDE</invention-title><invention-title mxw-id="PT132365800" lang="FR" load-source="patent-office">COMPOSÉ CRISTALLIN COMPRENANT DU BROMURE DE TIOTROPIUM</invention-title><citations><non-patent-citations><nplcit><text>See references of WO 2012118460A1</text><sources><source mxw-id="PNPL67456288" load-source="docdb" name="SEA"/></sources></nplcit></non-patent-citations></citations></technical-data><parties><applicants><applicant mxw-id="PPAR919529225" load-source="docdb" sequence="1" format="epo"><addressbook><last-name>BILGIC MAHMUT</last-name><address><country>TR</country></address></addressbook></applicant><applicant mxw-id="PPAR919509665" load-source="docdb" sequence="1" format="intermediate"><addressbook><last-name>BILGIC, MAHMUT</last-name></addressbook></applicant><applicant mxw-id="PPAR919008773" load-source="patent-office" sequence="1" format="original"><addressbook><last-name>Bilgic, Mahmut</last-name><iid>101319712</iid><address><street>Yildiz Teknik Universitesi Davutpasa Kampusu Teknoloji Gelistirme Bolgesi D Blok</street><city>34220 Esenler-Istanbul</city><country>TR</country></address></addressbook></applicant></applicants><inventors><inventor mxw-id="PPAR919519151" load-source="docdb" sequence="1" format="epo"><addressbook><last-name>BLATTER FRITZ</last-name><address><country>CH</country></address></addressbook></inventor><inventor mxw-id="PPAR919511773" load-source="docdb" sequence="1" format="intermediate"><addressbook><last-name>BLATTER, FRITZ</last-name></addressbook></inventor><inventor mxw-id="PPAR919009797" load-source="patent-office" sequence="1" format="original"><addressbook><last-name>BLATTER, FRITZ</last-name><address><street>Solvias AG Römerpark 2</street><city>CH-4303 Kaiseraugst</city><country>CH</country></address></addressbook></inventor><inventor mxw-id="PPAR919544713" load-source="docdb" sequence="2" format="epo"><addressbook><last-name>ROEDEL EVA</last-name><address><country>CH</country></address></addressbook></inventor><inventor mxw-id="PPAR919543855" load-source="docdb" sequence="2" format="intermediate"><addressbook><last-name>ROEDEL, EVA</last-name></addressbook></inventor><inventor mxw-id="PPAR919019770" load-source="patent-office" sequence="2" format="original"><addressbook><last-name>RÖDEL, Eva</last-name><address><street>Solvias AG Römerpark 2</street><city>CH-4303 Kaiseraugst</city><country>CH</country></address></addressbook></inventor></inventors></parties><international-convention-data><pct-or-regional-filing-data ucid="TR-2012000041-W"><document-id><country>TR</country><doc-number>2012000041</doc-number><kind>W</kind><date>20120228</date><lang>EN</lang></document-id></pct-or-regional-filing-data><pct-or-regional-publishing-data ucid="WO-2012118460-A1"><document-id><country>WO</country><doc-number>2012118460</doc-number><kind>A1</kind><date>20120907</date><lang>EN</lang></document-id></pct-or-regional-publishing-data><designated-states><ep-contracting-states><country mxw-id="DS549767952" load-source="docdb">AL</country><country mxw-id="DS549780863" load-source="docdb">AT</country><country mxw-id="DS549767957" load-source="docdb">BE</country><country mxw-id="DS549768229" load-source="docdb">BG</country><country mxw-id="DS549850568" load-source="docdb">CH</country><country mxw-id="DS549917818" load-source="docdb">CY</country><country mxw-id="DS549780864" load-source="docdb">CZ</country><country mxw-id="DS549767958" load-source="docdb">DE</country><country mxw-id="DS549917819" load-source="docdb">DK</country><country mxw-id="DS549917820" load-source="docdb">EE</country><country mxw-id="DS549848989" load-source="docdb">ES</country><country mxw-id="DS549768230" load-source="docdb">FI</country><country mxw-id="DS549850569" load-source="docdb">FR</country><country mxw-id="DS549767959" load-source="docdb">GB</country><country mxw-id="DS549917821" load-source="docdb">GR</country><country mxw-id="DS549767960" load-source="docdb">HR</country><country mxw-id="DS549780889" load-source="docdb">HU</country><country mxw-id="DS549848994" load-source="docdb">IE</country><country mxw-id="DS549917822" load-source="docdb">IS</country><country mxw-id="DS549768231" load-source="docdb">IT</country><country mxw-id="DS549917823" load-source="docdb">LI</country><country mxw-id="DS549768232" load-source="docdb">LT</country><country mxw-id="DS549864852" load-source="docdb">LU</country><country mxw-id="DS549768237" load-source="docdb">LV</country><country mxw-id="DS549768238" load-source="docdb">MC</country><country mxw-id="DS549864853" load-source="docdb">MK</country><country mxw-id="DS549864858" load-source="docdb">MT</country><country mxw-id="DS549864859" load-source="docdb">NL</country><country mxw-id="DS549850574" load-source="docdb">NO</country><country mxw-id="DS549864860" load-source="docdb">PL</country><country mxw-id="DS549848995" load-source="docdb">PT</country><country mxw-id="DS549850311" load-source="docdb">RO</country><country mxw-id="DS549848996" load-source="docdb">RS</country><country mxw-id="DS549864861" load-source="docdb">SE</country><country mxw-id="DS549767965" load-source="docdb">SI</country><country mxw-id="DS549850575" load-source="docdb">SK</country><country mxw-id="DS549850576" load-source="docdb">SM</country><country mxw-id="DS549917824" load-source="docdb">TR</country></ep-contracting-states></designated-states></international-convention-data><office-specific-data><eptags><ep-no-a-document-published>*</ep-no-a-document-published></eptags></office-specific-data></bibliographic-data><abstract mxw-id="PA99831230" ref-ucid="WO-2012118460-A1" lang="EN" load-source="patent-office"><p num="0000">The present invention refers to a crystalline compound comprising a mixture of a compound of formula (I ) (Tiotropium bromide) and propionic acid, or a hydrate thereof, wherein the molar ratio of the compound of formula I and the propionic acid is in the range of from 1:0.3 to 1 :0.7 and a process for obtaining the same.</p></abstract><abstract mxw-id="PA100328054" ref-ucid="WO-2012118460-A1" lang="EN" source="national office" load-source="docdb"><p>The present invention refers to a crystalline compound comprising a mixture of a compound of formula (I ) (Tiotropium bromide) and propionic acid, or a hydrate thereof, wherein the molar ratio of the compound of formula I and the propionic acid is in the range of from 1:0.3 to 1 :0.7 and a process for obtaining the same.</p></abstract><abstract mxw-id="PA99831231" ref-ucid="WO-2012118460-A1" lang="FR" load-source="patent-office"><p num="0000">Cette invention concerne un composé cristallin comprenant un mélange d'un composé de formule (I) (bromure de tiotropium) et d'acide propionique, ou d'un hydrate de celui-ci, le rapport molaire du composé de formule I à l'acide propionique étant dans la plage de 1:0,3 à 1:0,7 ; et un procédé pour l'obtenir.</p></abstract><abstract mxw-id="PA100328055" ref-ucid="WO-2012118460-A1" lang="FR" source="national office" load-source="docdb"><p>Cette invention concerne un composé cristallin comprenant un mélange d'un composé de formule (I) (bromure de tiotropium) et d'acide propionique, ou d'un hydrate de celui-ci, le rapport molaire du composé de formule I à l'acide propionique étant dans la plage de 1:0,3 à 1:0,7 ; et un procédé pour l'obtenir.</p></abstract><description mxw-id="PDES51232487" ref-ucid="WO-2012118460-A1" lang="EN" load-source="patent-office"><!-- EPO <DP n="3"/>--><p id="p0001" num="0001"> CRYSTALLINE COMPOUND COMPRISING TIOTROPIUM BROMIDE </p><p id="p0002" num="0002">The present invention refers to a crystalline compound comprising Tiotropium bromide and propionic acid and to a process for manufacturing the same. Tiotropium bromide is disclosed in the application numbered EP 0 418 716 Al and has the following chemical structure: </p><p id="p0003" num="0003"><img id="imgf000003_0001" he="53" wi="35" file="imgf000003_0001.tif" img-format="tif" img-content="drawing" orientation="portrait" inline="no"/></p><p id="p0004" num="0004">Tiotropium bromide is a highly effective anticholinegic with a long lasting effect. It can be used for treating respiratory complaints and particularly COPD (chronic obstructive pulmonary disease) and asthma. </p><p id="p0005" num="0005">For treating the abovementioned complaints, Tiotropium bromide is preferably administered by the inhalation route. In addition to the administration of broncholytically active compounds in the form of metered aerosols and inhalable solutions, use of inhalable powders containing active substance is of particular importance. </p><p id="p0006" num="0006">Tiotropium bromide is preferably administered by the inhalation route. Suitable inhalable powders packed into appropriate capsules (inhalettes) or blisters may be used. Alternatively, it may be administered by use of suitable inhalable aerosols. These also include powdered inhalable aerosols which contain, for example, HFA134a, HFA227 or mixtures thereof as propellent gas. 
<!-- EPO <DP n="4"/>-->
 However, since Tiotropium bromide is very effective, only a small amount of the pharmaceutically active substance is needed per single dose to achieve the desired therapeutic effect. </p><p id="p0007" num="0007">Thus, the pharmaceutically active substance has to be diluted in a suitable excipient in order to prepare an inhalable powder. </p><p id="p0008" num="0008">The amount of inhalable composition must be accurately metered in every single dose. </p><p id="p0009" num="0009">Because of the large amount of excipient, the properties of the inhalable powder are significantly influenced by the choice of the excipient. </p><p id="p0010" num="0010">Moreover, the particle size of the pharmaceutically active substance and of the excipient is very important for the emptying characteristics of capsules or blisters when used in an inhaler. </p><p id="p0011" num="0011">The active substance particles that shall be administered by the inhalation route should optimally meet essential requirements such as appropriate aerodynamic particle size, appropriate particle shape, uniformity of particle size distribution, low aerodynamic dispersion forces, low density, high physical and chemical stability. Additionally, other physical properties of the pharmaceutically active substance like absorption of water and ease of grinding of the pharmaceutically active substance are of great importance. </p><p id="p0012" num="0012">The correct manufacture of the abovementioned compositions which are suitable for use for the administration of a pharmaceutically active substance by inhalation is based on various parameters which are connected with the nature of the active substance itself. In pharmaceutical compositions which are used in the form of inhalable powders or inhalable aerosols like tiotropium bromide, the crystalline active substance is used in ground (micronised) form for preparing the formulation. Since the pharmaceutical quality of a pharmaceutical formulation requires that the pharmaceutically active substance should always have the same crystalline modification, the stability and properties of the crystalline active substance are subject to stringent requirements from this point of view as well. </p><p id="p0013" num="0013">Furthermore, micronised powders to be taken by the inhalation route which have moisture ratio as low as possible prevent the product from agglomerating and provide it to be transmitted into the target area more effectively. Therefore, one objective of the present 
<!-- EPO <DP n="5"/>-->
 invention is to develop crystalline forms which have lower moisture content and are more stable as compared to the known crystalline forms. </p><p id="p0014" num="0014">It is an objective of the present invention to provide Tiotropium bromide in salt form having good chemical and/or physical stability and/or good processability during both its preparation as a pharmaceutically active substance and in the preparation of pharmaceutical compositions containing Tiotropium bromide. </p><p id="p0015" num="0015">It is a further objective of the invention to provide crystalline salts of Tiotropium bromide that are accessible in a reproducible manner and constant quality in inexpensive and well controlled production processes. The fact that tiotropium bromide has therapeutic efficacy as a pharmaceutically active substance even at very low doses indicates the need in the technical field to find other effective substances for administration in inhalable composition form. Thus, a further technical problem that the present invention relates to is to prepare practical dosage forms of Tiotropium bromide in inhalable composition form. The technical problem underlying the present invention is solved by a crystalline compound comprising a mixture of a compound of formula I (Tiotropium bromide) </p><p id="p0016" num="0016"><img id="imgf000005_0001" he="50" wi="35" file="imgf000005_0001.tif" img-format="tif" img-content="drawing" orientation="portrait" inline="no"/>
 formula I and propionic acid or a hydrate thereof, wherein the molar ratio of the compound of formula I and the propionic acid is in the range of from 1 :0.3 to 1 :0.7. In the case that the crystalline compound comprises water, it is referred to be a hydrate. 
<!-- EPO <DP n="6"/>-->
 The term "mixture of a compound of formula I (Tiotropium bromide) and propionic acid" signifies that these two substances are in the same crystalline matrix or different crystalline/amorphous matrices. </p><p id="p0017" num="0017">The crystalline compound of the present invention can be admixed with suitable excipients in order to obtain an inhalable composition. The crystalline compound can be ground in order to adjust the particle size precisely. Moreover, an inhalable composition comprising the crystalline compound of the present invention can be stored without losing effectiveness. </p><p id="p0018" num="0018">In addition, crystalline compounds according to the present invention are stable under accelerated conditions. It is possible to store the crystalline compound at a temperature of 40 °C without any decomposition or conversion. Consequently, the crystalline compound of the present invention can be used as medicament in countries generally having high temperatures. At elevated temperature the medicament will not lose effectiveness. </p><p id="p0019" num="0019">In a preferred embodiment of the present invention, the molar ratio of the compound of formula I in the crystalline compound and the propionic acid is in the range of 1 : 0.45 to 1 :0.55. Most preferred molar ratio of the compound of formula I and the propionic acid is 1 :0.5. </p><p id="p0020" num="0020">Preferably, the crystalline compound has a FT-Raman spectrum comprising peaks at wavenumbers (expressed in ± 2 cm<sup>'1</sup>) of 3112, 3071, 2792, 1747, 1435, 1347, 1244, 1160, 1070, 1040, 964, 889, 861, 754, 700, 667, 653, 538, 433, 290 and 210 cm<sup>"1</sup>. Preferably, the crystalline compound of the present invention can be further characterized by an FT Raman spectrum substantially in accordance with figure 2. </p><p id="p0021" num="0021">Preferably, the crystalline compound has an XRPD pattern with at least one characteristic peak (expressed in 2Θ ± 0,1° 2Θ (CuKa radiation)) at 13.3°, 15.2°, 19.7°, 20.8°, 21.2°, 21.5°, 24.0°, 25.1°, 27.6°, 30.3°, 31.9° and 39.5°. Preferably, the crystalline compound of the present invention can be further characterized by an XRPD substantially in accordance with figure 1. </p><p id="p0022" num="0022">A further aspect of the present invention is a pharmaceutical composition comprising the crystalline compound of the present invention and optionally one or more pharmaceutically acceptable excipients. 
<!-- EPO <DP n="7"/>-->
 The present invention is also directed to a process for obtaining the crystalline compound comprising the steps of: a) providing a compound of formula I (Tiotropium bromide) </p><p id="p0023" num="0023"><img id="imgf000007_0001" he="59" wi="40" file="imgf000007_0001.tif" img-format="tif" img-content="drawing" orientation="portrait" inline="no"/>
 formula I b) adding propionic acid to the composition of step a) c) optionally concentrating the composition of step b) d) crystallizing e) optionally equilibrating the obtained suspension of step d) and f) isolating the obtained precipitate. </p><p id="p0024" num="0024">Preferably, in step a), the compound of formula I is provided as solution in a suitable solvent or as a suspension/solution of the amorphous form of Tiotropium bromide in a suitable solvent. </p><p id="p0025" num="0025">In step b), neat propionic acid or propionic acid in a suitable solvent may be added to the composition of step a). </p><p id="p0026" num="0026">Suitable solvents are, for instance, polar and/or protic solvents such as ethanol, isopropanol, n-propanol, acetone, water, DMSO, ethyl acetate, acetonitrile, methyl ethyl ketone, tert butyl 
<!-- EPO <DP n="8"/>-->
 methyl ether or mixtures thereof. The solution of propionic acid in the solvent is preferably a saturated or nearly saturated solution. </p><p id="p0027" num="0027">In a further preferred embodiment of the invention, the molar ratio of the compound of formula I in step a) and propionic acid of step b) is in the range of from 1 :0,5 to 1 : 10000, even more preferred of from 1 :0,5 to 1 :1000, preferably of from 1:0,5 to 1:500 and the most preferred is 1:100. </p><p id="p0028" num="0028">Said process may further comprise step g) of slurrying the isolated precipitate of step f) in a further suitable solvent or mixture of solvents and h) isolating the obtained precipitate. </p><p id="p0029" num="0029">Preferably, in step c), a part of the solvent is removed by for instance distillation or evaporation under reduced pressure or in a flow of a carrier gas like N<sub>2</sub>. </p><p id="p0030" num="0030">Optionally, in step c), the entire solvent is removed by for instance distillation or evaporation under reduced pressure or in a flow of a carrier gas like N<sub>2</sub> and the residue is dissolved in a suitable solvent or mixture of solvents and water. </p><p id="p0031" num="0031">The solvent may be selected from a group consisting of C2-C4 alcohols, a C3-C6 ketone, an ether or an acetic ester C1-C4 alkylester, acetonitrile, a hydrocarbon or mixtures thereof. </p><p id="p0032" num="0032">In step d), e) and/or g); the obtained mixture may be stirred. Step d), e) and/or g) may be carried out at a temperature of from 10°C to 30°C. Suspension equilibration in step e) and/or slurrying in step g) are preferably carried out at a temperature from 10 °C to 30 °C and most preferred at ambient temperature. Step e) and/or g) are typically carried out for one day. Optionally, samples may be recovered from the suspension and analyzed by XRPD. Filtration is performed when the XRPD analysis indicates that the desired form is obtained in a reasonable purity. </p><p id="p0033" num="0033">Optionally, in step d), e) and/or g); seed crystals are added. Said seed crystals are preferably the desired form of the crystalline compound of the present invention which is to be obtained. However, it is an advantage of the present invention that adding of seed crystals is not generally necessary. 
<!-- EPO <DP n="9"/>-->
 Examples </p><p id="p0034" num="0034">Instrumental Parameters and Measurement Procedures Powder X-ray diffraction (XRPD </p><p id="p0035" num="0035">The measurements were carried out with a Bruker D8 Advance powder X-ray diffractometer using Cu Koc radiation in the Bragg-Brentano reflection geometry. </p><p id="p0036" num="0036">Generally, the 2Θ values are accurate within an error of ±0.1-0.2°. </p><p id="p0037" num="0037">The relative peak intensities can vary considerably for different samples of the same crystalline form because of different preferred orientations of the crystals. The samples were prepared without any special treatment other than the application of slight pressure to get a flat surface. Silicon single crystal sample holders of either 1.0, 0.5 mm or 0.1 mm depth and 12 mm cavity diameter were used. The tube voltage and current were 40 kV and 40 mA, respectively. The X-ray diffractometer is equipped with a LynxEye detector. A variable divergence slight was used with a 3 ° window. The step size was 0.02 °2Θ with a step time of 37 seconds. The samples were rotated at 0.5 rps during the measurement. Thermogravimetry coupled with Fourier Transform Infrared Spectroscopy (TG-FTIR) </p><p id="p0038" num="0038">TG-FTIR was performed on a Netzsch Thermo-Microbalance TG 209 which is coupled to a Bruker FT-IR Spectrometer Vector 22. The measurements were carried out with aluminum crucibles with a micro pinhole under a nitrogen atmosphere and at a heating rate of 10 °C/min over the range 25-250 °C. FT-Raman spectroscopy </p><p id="p0039" num="0039">Raman spectra were recorded using a Bruker RFSIOO Raman spectrometer equipped with a germanium detector and a Nd:YAG laser with an excitation wavelength of 1064 nm. A few milligrams of material were pressed into aluminum sample holders. Spectra in the range of 50-3500 cm<sup>"1</sup> and with a resolution of 2 cm<sup>"1</sup> were measured with a laser power of 300 mW. 64 scans were accumulated. </p><p id="p0040" num="0040">HPLC 
<!-- EPO <DP n="10"/>-->
 HPLC was carried out on a TSP HPLC chromatograph (UV3000, AS3000, P4000, SCM1000 software version 4.1). The column type used was a Waters XTerra MS CI 8, 100 x 4.6 mm, 5 μιη (CC01C). Mobile phase A was H<sub>2</sub>0 / ACN 95:5 + 0.1 % TFA and mobile phase B was H<sub>2</sub>0 / ACN 5:95 + 0.1 % TFA. The applied flow rate was 1.0 mL per minute, the injection volume was 10 microliter and the detection wavelength was 240 nm. The gradient was at 0 min 100% mobile phase A, at 20 min 100% mobile phase B, from 20 to 30 minutes pure mobile phase A. </p><p id="p0041" num="0041">Ή-NMR </p><p id="p0042" num="0042">The 1H-NMR spectra were recorded using a Bruker DPX300 instrument. Generally, DMSO- d<sub>6</sub> was used as the solvent. </p><p id="p0043" num="0043">Example 1 </p><p id="p0044" num="0044">Preparation of the crystalline compound comprising Tiotropium bromide and propionic acid from the amorphous form. </p><p id="p0045" num="0045">To about 300 mg of amorphous tiotropium bromide is added 5.0 ml propionic acid (Fluka # 49916) and the resulting suspension is stirred overnight at room temperature. The obtained crystalline solid is separated by filtration and dried at room temperature in air at a low relative humidity of about 20-to-30% for about 30 minutes. Investigation by powder X-ray diffraction shows that a XRPD pattern which is obtained and further investigation by FT Raman spectroscopy shows that this crystalline form also has a characteristic Raman spectrum. The XRPD pattern is shown in Figure 1 and the corresponding peak list is provided in Table 1. The Raman spectrum is depicted in Figure 2 and Figure 3 and the corresponding peak list is provided in Table 2. 1H-NMR spectroscopy confirms the identity of tiotropium bromide and is consistent with the presence of about 0.5 equivalents of propionic acid in the obtained crystalline compound. Table 1 : Powder X-ray diffraction peaks (M038) </p><p id="p0046" num="0046">Pos. [°2Θ.] d-spacing [A] Qualitative Intentsity </p><p id="p0047" num="0047">6.7 13.1 vw 
<!-- EPO <DP n="11"/>-->
 Pos. [°2Θ.] d-spacing [A] Qualitative Intentsity</p><p id="p0048" num="0048">9.8 9.0 w </p><p id="p0049" num="0049"> 11.0 8.0 m </p><p id="p0050" num="0050">12.8 6.9 vw </p><p id="p0051" num="0051">13.3 6.6 m </p><p id="p0052" num="0052"> 13.5 6.6 w </p><p id="p0053" num="0053"> 14.6 6.1 w </p><p id="p0054" num="0054"> 15.1 5.87 m </p><p id="p0055" num="0055">15.3 5.77 s </p><p id="p0056" num="0056"> 16.1 5.51 w </p><p id="p0057" num="0057"> 16.2 5.47 m </p><p id="p0058" num="0058"> 17.8 4.99 w </p><p id="p0059" num="0059">18.0 4.93 vs </p><p id="p0060" num="0060"> 19.7 4.50 s </p><p id="p0061" num="0061"> 19.9 4.46 m </p><p id="p0062" num="0062"> 20.3 4.37 w </p><p id="p0063" num="0063"> 20.8 4.28 s </p><p id="p0064" num="0064"> 21.2 4.19 s </p><p id="p0065" num="0065">21.5 4.14 vs </p><p id="p0066" num="0066"> 22.3 3.98 w </p><p id="p0067" num="0067">22.5 3.95 w </p><p id="p0068" num="0068">22.7 3.91 w </p><p id="p0069" num="0069">23.0 3.87 w 
<!-- EPO <DP n="12"/>-->
 Pos. [°2Θ.] d-spacing [A] Qualitative Intentsity</p><p id="p0070" num="0070">23.5 3.78 s </p><p id="p0071" num="0071"> 23.6 3.76 w </p><p id="p0072" num="0072"> 24.0 3.71 s </p><p id="p0073" num="0073"> 24.4 3.65 m </p><p id="p0074" num="0074"> 24.7 3.60 s </p><p id="p0075" num="0075"> 25.1 3.55 s </p><p id="p0076" num="0076">25.9 3.44 s </p><p id="p0077" num="0077">26.0 3.42 w </p><p id="p0078" num="0078">26.6 3.35 w </p><p id="p0079" num="0079">26.9 3.31 s </p><p id="p0080" num="0080"> 27.2 3.28 m </p><p id="p0081" num="0081"> 27.6 3.23 m </p><p id="p0082" num="0082"> 27.8 3.20 m </p><p id="p0083" num="0083">29.0 3.08 w </p><p id="p0084" num="0084"> 29.5 3.03 m </p><p id="p0085" num="0085">29.8 3.00 m </p><p id="p0086" num="0086"> 30.0 2.98 w </p><p id="p0087" num="0087"> 30.2 2.95 s </p><p id="p0088" num="0088">30.5 2.93 m </p><p id="p0089" num="0089"> 30.7 2.91 m </p><p id="p0090" num="0090"> 31.1 2.87 w </p><p id="p0091" num="0091"> 31.3 2.85 w 
<!-- EPO <DP n="13"/>-->
 Pos. [°2Θ.] d-spacing [A] Qualitative Intentsity</p><p id="p0092" num="0092">31.6 2.83 w </p><p id="p0093" num="0093">31.9 2.81 s </p><p id="p0094" num="0094"> 32.5 2.75 w </p><p id="p0095" num="0095"> 32.7 2.74 w </p><p id="p0096" num="0096">33.0 2.71 m </p><p id="p0097" num="0097"> 33.3 2.69 m </p><p id="p0098" num="0098"> 33.4 2.68 w </p><p id="p0099" num="0099"> 33.6 2.67 w </p><p id="p0100" num="0100"> 33.8 2.65 w </p><p id="p0101" num="0101"> 34.2 2.62 m </p><p id="p0102" num="0102">34.4 2.60 m </p><p id="p0103" num="0103"> 34.6 2.59 w </p><p id="p0104" num="0104"> 35.3 2.54 w </p><p id="p0105" num="0105"> 35.7 2.51 w </p><p id="p0106" num="0106">36.0 2.49 w </p><p id="p0107" num="0107"> 36.7 2.45 w </p><p id="p0108" num="0108"> 36.8 2.44 w </p><p id="p0109" num="0109">37.3 2.41 m </p><p id="p0110" num="0110">38.2 2.35 w </p><p id="p0111" num="0111">39.0 2.31 m 
<!-- EPO <DP n="14"/>-->
 Table 2: Raman peaklist </p><p id="p0112" num="0112">Wavenumbers [cm-1] Relative intensity</p><p id="p0113" num="0113">3112 0.12 </p><p id="p0114" num="0114">3071 0.21 </p><p id="p0115" num="0115">3024 0.04 </p><p id="p0116" num="0116">2972 0.41 </p><p id="p0117" num="0117">2952 0.03 </p><p id="p0118" num="0118"> 1747 0.06 </p><p id="p0119" num="0119"> 1527 0.03 </p><p id="p0120" num="0120"> 1480 0.04 </p><p id="p0121" num="0121"> 1435 1.03 </p><p id="p0122" num="0122"> 1347 0.15 </p><p id="p0123" num="0123"> 1323 0.04 </p><p id="p0124" num="0124"> 1244 0.11 </p><p id="p0125" num="0125"> 1216 0.04 </p><p id="p0126" num="0126"> 1201 0.03 </p><p id="p0127" num="0127"> 1160 0.08 </p><p id="p0128" num="0128"> 1070 0.28 </p><p id="p0129" num="0129"> 1040 0.11 </p><p id="p0130" num="0130"> 1016 0.05 </p><p id="p0131" num="0131"> 1002 0.12 </p><p id="p0132" num="0132">964 0.06 
<!-- EPO <DP n="15"/>-->
 Wavenumbers [cm-1] Relative intensity</p><p id="p0133" num="0133">889 0.09 </p><p id="p0134" num="0134"> 861 0.16 </p><p id="p0135" num="0135"> 798 0.04 </p><p id="p0136" num="0136"> 773 0.04 </p><p id="p0137" num="0137"> 754 0.12 </p><p id="p0138" num="0138"> 700 0.31 </p><p id="p0139" num="0139"> 667 0.10 </p><p id="p0140" num="0140"> 653 0.21 </p><p id="p0141" num="0141"> 625 0.05 </p><p id="p0142" num="0142"> 538 0.07 </p><p id="p0143" num="0143">433 0.06 </p><p id="p0144" num="0144">417 0.03 </p><p id="p0145" num="0145">360 0.03 </p><p id="p0146" num="0146">290 0.08 </p><p id="p0147" num="0147">255 0.04 </p><p id="p0148" num="0148">231 0.03 </p><p id="p0149" num="0149">210 0.12 </p><p id="p0150" num="0150"> 175 0.05 </p><p id="p0151" num="0151"> 110 0.04 </p><p id="p0152" num="0152">Example 2 
<!-- EPO <DP n="16"/>-->
 Preparation of the crystalline compound comprising Tiotropium bromide and propionic acid </p><p id="p0153" num="0153">199 mg of anhydrous monoclinic crystalline tiotropium bromide according to EP 1 401 445 Al is suspended in 2.0 ml propionic acid (Fluka # 49916), puriss p.a. and the resulting suspension is stirred at room temperature for three days. After three days the suspension is filtered and the obtained solid is dried under a weak nitrogen flow (about 10 ml/min) for one hour at room temperature. Then the sample is characterized by powder X-ray diffraction, TG- FTIR and 1H-NMR. Powder X -ray diffraction shows that the obtained form is crystalline and has the same XRPD pattern as the crystalline compound obtained in example 1. TG-FTIR reveals a mass loss of about 8.2% which is attributable to loss of propionic acid. <sup>1</sup> H-NMR spectroscopy confirms the identity of tiotropium bromide and is consistent with the presence of about 0.5 equivalents of propionic acid. </p><p id="p0154" num="0154">Example 3 </p><p id="p0155" num="0155">Chemical and physical stability of the compound of example 1 under accelerated conditions </p><p id="p0156" num="0156">About 20 mg of the crystalline compound according to example 1 are placed into an aluminium DSC sample pan. After open storage in an inert gas glove-box with nitrogen for about one hour at room temperature the sample pan is closed under nitrogen and stored at 40°C for two months. After two months, the sample pan is opened and the solid is investigated by <sup>1</sup> H-NMR spectroscopy, HPLC and powder X-ray diffraction. The powder X- ray diffraction pattern is identical with the XRPD pattern according to example 1. The HPLC does not indicate any chemical impurities and the obtained <sup>1</sup> H-NMR spectrum is consistent with pure tiotropium bromide containing about 0.5 equivalents of propionic acid. </p><p id="p0157" num="0157">The pharmaceutical compositions comprising pharmaceutically acceptable, nontoxic and a therapeutically effective amount of the new solvate of tiotropium bromide of the present invention and also preparation methods thereof are the characteristic features of the present invention. </p><p id="p0158" num="0158">The pharmaceutical compositions comprising the solvate of tiotropium bromide of the present invention are in dry powder or pressurized metered dose inhalation composition forms, preferably in dry powder inhalation composition form. 
<!-- EPO <DP n="17"/>-->
 During preparation process of dry powder inhalation compositions, two methods are commonly implemented in order to transmit effective amount of medicament to the target area. One of them is based on controlled agglomeration of undiluted medicament; the other one is based on adhesion of micronised medicament particles to the surface of an inert carrier having large particle size. The pharmaceutical compositions of the present invention are preferably prepared by implementing the both methods, preferably by implementing the second method. When the second method is implemented, the pharmaceutical composition comprises at least one pharmaceutically acceptable inert carrier and optionally at least one pharmaceutically acceptable excipient different from the carrier(s) along with the active substance. The term "micronised medicament particles" refers to propionic acid solvate of tiotropium bromide. The solvate of tiotropium bromide of the present invention is characterized by having an average particle size in the range of 1-10μηι, preferably in the range of 1-5μηι. The pharmaceutical compositions of the present invention are characterized by comprising propionic acid solvate of tiotropium bromide of the present invention in the range of 0.001- 50%, preferably in the range of 0.01-10%. </p><p id="p0159" num="0159">The term "inert carrier" refers to lactose, more preferably lactose monohydrate for dry powder inhalation compositions of the present invention. The pharmaceutical compositions of the present invention can comprise at least one inert carrier having large particle size and at least one inert carrier having small particle size and optionally at least one excipient together. The inert carrier having large particle size of the present invention is characterized by having an average particle size (d <sub>0</sub>) in the range of 10-250 μηι, preferably in the range of 10-150 μιη, more preferably of 150 μιη; the inert carrier having small particle size of the present invention, on the other hand, is characterized by having an average particle size (d <sub>0</sub>) in the range of 1-10 μηι, preferably of 10 μηι. The inert carriers having large particle size and small particle size can be the same or different compounds. </p><p id="p0160" num="0160">At least one pharmaceutically acceptable excipient can be selected from carbohydrates such as lactose, glucose, fructose, galactose, sucrose, maltose, trehalose, maltodextrins, dextrans, cyclodextrins, starch and cellulose; polyalcohols such as sorbitol, mannitol and xylitol; amino acids such as glycine, arginine, lysine, aspartic acid and glutamic acid; peptides such as human serum albumin; gelatine; various salts and taste masking agents. Said at least one excipient is not limited to these substances. 
<!-- EPO <DP n="18"/>-->
 In preparation process of pressurized metered-dose inhalation compositions, two formulation strategies are implemented depending on physicochemical characteristics of the active substance and propellant gas system. One of them is solution, the other one is suspension formulation. The pharmaceutical composition preferred comprises propellant gases, surface active agents and at least one basic excipient selected from the group of co-solvents and optionally at least one other pharmaceutically acceptable excipient along with the active substance. </p><p id="p0161" num="0161">The term "active substance" refers to propionic acid solvate of tiotropium bromide. The solvate of tiotropium bromide of the present invention is characterized by having an average particle size in the range of 1-10μιιι, preferably in the range of 1-5μηι. The pharmaceutical compositions of the present invention are characterized by comprising the propionic acid solvate of tiotropium bromide in the range of 0.001-50%, preferably in the range of 0.01-10%. </p><p id="p0162" num="0162">Depending on formulation strategy, at least one pharmaceutically acceptable excipient can be selected from propellant gases (propellants) such as chlorofluorocarbons, hydrofluoroalkanes and hydrocarbons; surface active agents (surfactants) such as oleic acid, polysorbates, propylene glycol, polyethylene glycol, cetyl alcohol, stearyl alcohol, sorbitan fatty acid esters, sugar esters of fatty acids, glycerides of fatty acids, isopropyl myristate and lecithin; cosolvents such as ethanol, water and diethyl ether; antioxidants such as butylated hydroxyanisole (BHA), sodium ascorbate, butylated hydroxytoluene (BHT), sodium sulphide, gallates (such as propyl gallate), tocopherol, citric acid, malic acid, ascorbic acid, acetylcysteine, fumaric acid, lecithin, ascorbyl palmitate, ethylenediamine tetraacetate; and sweeteners. </p><p id="p0163" num="0163">The pharmaceutical compositions comprising the solvate of tiotropium bromide of the present invention can additionally comprise at least one active substance selected from the medicaments such as other anticholinergic agents, adrenergic agonists, antiallergic agents, anti-inflammatory agents, antihistaminics, steroids, leukotriene receptor antagonists, antimuscarinic agents, PDE inhibitors and EGFR inhibitors. The solvate of tiotropium bromide of the present invention can be used separately, sequentially or simultaneously with at least one active substance selected from the specified group. 
<!-- EPO <DP n="19"/>-->
 Another characteristic feature of the present invention is that the pharmaceutical compositions comprising the solvate of tiotropium bromide of the present invention are used in treatment of respiratory complaints and particularly COPD (chronic obstructive pulmonary disease) and asthma. Preparation methods for the pharmaceutical compositions comprising propionic acid solvate of tiotropium bromide of the present invention </p><p id="p0164" num="0164">Preparation process of dry powder inhalation compositions of the present invention is characterized by comprising the following steps: </p><p id="p0165" num="0165">- sieving inert carriers having large particle size and small particle size separately, - obtaining the first mixture as a result of adding the inert carrier sieved having small particle size into tiotropium bromide propionic acid solvate, </p><p id="p0166" num="0166">- sieving the first mixture obtained, </p><p id="p0167" num="0167">- obtaining the second mixture as a result of adding the inert carrier sieved having large particle size into the first mixture, - sieving and mixing the second mixture obtained, </p><p id="p0168" num="0168">- making ready the final mixture to be filled into capsule/blister </p><p id="p0169" num="0169">Preparation process of the pressurized metered-dose inhalation compositions of the present invention is characterized by comprising the following steps: </p><p id="p0170" num="0170">- cooling production vessel to -25°C, - pumping propellant gas into the vessel, </p><p id="p0171" num="0171">- adding tiotropium bromide propionic acid solvate into the vessel and mixing the mixture obtained, </p><p id="p0172" num="0172">- filling the final mixture into appropriate cups. 
</p></description><claims mxw-id="PCLM44851638" ref-ucid="WO-2012118460-A1" lang="EN" load-source="patent-office"><claim-statement><!-- EPO <DP n="20"/>--> Claims </claim-statement><claim id="clm-0001" num="1"><claim-text>1. A crystalline compound comprising a mixture of a compound of formula I </claim-text><claim-text> (Tiotropium bromide) </claim-text><claim-text><img id="imgf000020_0001" he="59" wi="41" file="imgf000020_0001.tif" img-format="tif" img-content="drawing" orientation="portrait" inline="no"/> formula I and propionic acid or a hydrate thereof, wherein the molar ratio of the compound of formula I and the propionic acid is in the range of from 1 : 0,3 to 1 :0,7. </claim-text></claim><claim id="clm-0002" num="2"><claim-text>2. The crystalline compound according to claim 1, characterized in that the molar ratio of the compound of formula I and the propionic acid is in the range of from 1 : 0.45 to</claim-text><claim-text>1:0.55. </claim-text></claim><claim id="clm-0003" num="3"><claim-text>3. The crystalline compound according claim 1 or 2, characterized in that it has a FT- Raman spectrum comprising peaks at wavenumbers (expressed in ± 2 cm<sup>"1</sup>) of 3112, 3071, 2792, 1747, 1435, 1347, 1244, 1160, 1070, 1040, 964, 889, 861, 754, 700, 667, 653, 538, 433, 290 and 210 cm<sup>-1</sup>. </claim-text></claim><claim id="clm-0004" num="4"><claim-text>4. The crystalline compound according to at least one of the claims 1 to 3, characterized in that it has an XRPD pattern with at least one characteristic peak (expressed in 20 ± 0,1° 2Θ (CuKa radiation)) at 13.3°, 15.2°, 19.7°, 20.8°, 21.2°, 21.5°, 24.0°, 25.1°, 27.6°, 30.3°, 31.9° and 39.5°. </claim-text></claim><claim id="clm-0005" num="5"><claim-text>5. A pharmaceutical composition comprising the crystalline compound and optionally one ore more pharmaceutically acceptable excipients according to at least one of the claims 1 to 4. </claim-text></claim><claim id="clm-0006" num="6"><claim-text>6. The pharmaceutical composition according to claim 5, wherein the crystalline compound has an average particle size in the range of 1 to 10 μηι. <!-- EPO <DP n="21"/>--> </claim-text></claim><claim id="clm-0007" num="7"><claim-text>7. The pharmaceutical composition according to claim 5, wherein said composition comprises crystalline compound in the range of 0.001-50 % in proportion to total weight of unit dose. </claim-text></claim><claim id="clm-0008" num="8"><claim-text>8. The pharmaceutical composition according to claim 5, wherein said composition is in dry powder form or pressurized metered dose form. </claim-text></claim><claim id="clm-0009" num="9"><claim-text>9. The pharmaceutical composition according to claim 8, wherein in the case that said composition is in dry powder form, it comprises at least one pharmaceutically acceptable inert carrier and optionally at least one pharmaceutically acceptable excipient different from the carrier used optionally along with the active substance. </claim-text></claim><claim id="clm-0010" num="10"><claim-text>10. The pharmaceutical composition according to claim 9, wherein the inert carrier is lactose. </claim-text></claim><claim id="clm-0011" num="11"><claim-text>11. The pharmaceutical composition according to claim 9, wherein the inert carrier comprises at least one inert carrier having large particle size and at least one inert carrier having small particle size. </claim-text></claim><claim id="clm-0012" num="12"><claim-text>12. The pharmaceutical composition according to claim 9, wherein the inert carrier having large particle size is characterized by having an average particle size (d<sub>50</sub>) in the range of 10-350μιη, the inert carrier having small particle size is characterized by having an average particle size in the range of 1-10μηι. </claim-text></claim><claim id="clm-0013" num="13"><claim-text>13. The pharmaceutical composition according to claim 5, wherein said composition can comprise at least one active substance selected from the medicaments such as other anticholinergic agents, adrenergic agonists, antiallergic agents, anti-inflammatory agents, antihistaminics, steroids, leukotriene receptor antagonists, antimuscarinic agents, PDE inhibitors and EGFR inhibitors. </claim-text></claim><claim id="clm-0014" num="14"><claim-text>14. A process for obtaining the crystalline compound according to at least one of the claims 1 to 4 comprising the steps of: <!-- EPO <DP n="22"/>--> a) providing a compound of formula I (Tiotropium bromide) </claim-text><claim-text><img id="imgf000022_0001" he="59" wi="40" file="imgf000022_0001.tif" img-format="tif" img-content="drawing" orientation="portrait" inline="no"/> formula I b) adding propionic acid to the composition of step a) c) optionally concentrating the composition of step b) d) crystallizing e) optionally equilibrating the obtained suspension of step d) f) isolating the obtained precipitate. </claim-text><claim-text>The process according to claim 6, characterized in that seed crystals are added in step d) and/or in step e). </claim-text></claim></claims><copyright>User acknowledges that Fairview Research LLC and its third party providers retain all right, title and interest in and to this xml under applicable copyright laws.  User acquires no ownership rights to this xml including but not limited to its format.  User hereby accepts the terms and conditions of the Licence Agreement</copyright></patent-document>
