<?xml version="1.0" encoding="UTF-8"?>
<patent-document ucid="EP-2958833-A1" country="EP" doc-number="2958833" kind="A1" date="20151230" family-id="48366462" file-reference-id="318326" date-produced="20180822" status="corrected" lang="EN"><bibliographic-data><publication-reference fvid="160453845" ucid="EP-2958833-A1"><document-id><country>EP</country><doc-number>2958833</doc-number><kind>A1</kind><date>20151230</date><lang>EN</lang></document-id></publication-reference><application-reference ucid="EP-14708688-A" is-representative="NO"><document-id mxw-id="PAPP193870658" load-source="patent-office" format="original"><country>EP</country><doc-number>14708688.8</doc-number><date>20140221</date><lang>IT</lang></document-id><document-id mxw-id="PAPP193870659" load-source="docdb" format="epo"><country>EP</country><doc-number>14708688</doc-number><kind>A</kind><date>20140221</date><lang>IT</lang></document-id></application-reference><priority-claims><priority-claim mxw-id="PPC162029819" ucid="IB-2014059155-W" linkage-type="W" load-source="docdb"><document-id format="epo"><country>IB</country><doc-number>2014059155</doc-number><kind>W</kind><date>20140221</date></document-id></priority-claim><priority-claim mxw-id="PPC162033125" ucid="IT-TO20130146-A" load-source="docdb"><document-id format="epo"><country>IT</country><doc-number>TO20130146</doc-number><kind>A</kind><date>20130222</date></document-id></priority-claim></priority-claims><technical-data><classifications-ipcr><classification-ipcr mxw-id="PCL-1988527239" load-source="docdb">B65D  85/804       20060101AFI20140911BHEP        </classification-ipcr></classifications-ipcr><classifications-cpc><classification-cpc mxw-id="PCL-1897317688" load-source="docdb" scheme="CPC">B65D  65/466       20130101 LI20160912BHEP        </classification-cpc><classification-cpc mxw-id="PCL-1984025608" load-source="docdb" scheme="CPC">B65D  85/8043      20130101 FI20160115BHEP        </classification-cpc><classification-cpc mxw-id="PCL-1984025616" load-source="docdb" scheme="CPC">A47J  31/407       20130101 LI20160114BHEP        </classification-cpc><classification-cpc mxw-id="PCL-1987791104" load-source="docdb" scheme="CPC">A47J  31/0668      20130101 LI20140919BHEP        </classification-cpc></classifications-cpc><invention-title mxw-id="PT165553001" lang="DE" load-source="patent-office">KARTUSCHE, MASCHINE UND SYSTEM ZUR ZUBEREITUNG VON GETRÄNKEN UND VERFAHREN ZUR HERSTELLUNG DER KARTUSCHE</invention-title><invention-title mxw-id="PT165553002" lang="EN" load-source="patent-office">CARTRIDGE, MACHINE AND SYSTEM FOR THE PREPARATION OF BEVERAGES AND PROCESS FOR MANUFACTURING THE CARTRIDGE</invention-title><invention-title mxw-id="PT165553003" lang="FR" load-source="patent-office">CARTOUCHE, MACHINE ET SYSTÈME DE PRÉPARATION DE BOISSONS ET PROCÉDÉ DE FABRICATION DE LA CARTOUCHE</invention-title></technical-data><parties><applicants><applicant mxw-id="PPAR1103327808" load-source="docdb" sequence="1" format="epo"><addressbook><last-name>LAVAZZA LUIGI SPA</last-name><address><country>IT</country></address></addressbook></applicant><applicant mxw-id="PPAR1103342215" load-source="docdb" sequence="1" format="intermediate"><addressbook><last-name>LUIGI LAVAZZA S.P.A.</last-name></addressbook></applicant><applicant mxw-id="PPAR1101648061" load-source="patent-office" sequence="1" format="original"><addressbook><last-name>Luigi Lavazza S.p.A.</last-name><iid>100807325</iid><address><street>Corso Novara 59</street><city>10154 Torino</city><country>IT</country></address></addressbook></applicant></applicants><inventors><inventor mxw-id="PPAR1103336514" load-source="docdb" sequence="1" format="epo"><addressbook><last-name>BUGNANO LUCA</last-name><address><country>IT</country></address></addressbook></inventor><inventor mxw-id="PPAR1103338913" load-source="docdb" sequence="1" format="intermediate"><addressbook><last-name>BUGNANO, Luca</last-name></addressbook></inventor><inventor mxw-id="PPAR1101652137" load-source="patent-office" sequence="1" format="original"><addressbook><last-name>BUGNANO, Luca</last-name><address><street>Strada del Cervo 20</street><city>I-10024 Moncalieri (Torino)</city><country>IT</country></address></addressbook></inventor><inventor mxw-id="PPAR1103344340" load-source="docdb" sequence="2" format="epo"><addressbook><last-name>CABILLI ALBERTO</last-name><address><country>IT</country></address></addressbook></inventor><inventor mxw-id="PPAR1103330077" load-source="docdb" sequence="2" format="intermediate"><addressbook><last-name>CABILLI, ALBERTO</last-name></addressbook></inventor><inventor mxw-id="PPAR1101640998" load-source="patent-office" sequence="2" format="original"><addressbook><last-name>CABILLI, ALBERTO</last-name><address><street>Strada Revigliasco 37</street><city>I-10024 Moncalieri (Torino)</city><country>IT</country></address></addressbook></inventor></inventors><agents><agent mxw-id="PPAR1101647640" load-source="patent-office" sequence="1" format="original"><addressbook><last-name>Quinterno, Giuseppe</last-name><suffix>et al</suffix><iid>100024753</iid><address><street>Jacobacci &amp; Partners S.p.A. Corso Emilia 8</street><city>10152 Torino</city><country>IT</country></address></addressbook></agent></agents></parties><international-convention-data><pct-or-regional-filing-data ucid="IB-2014059155-W"><document-id><country>IB</country><doc-number>2014059155</doc-number><kind>W</kind><date>20140221</date><lang>EN</lang></document-id></pct-or-regional-filing-data><pct-or-regional-publishing-data ucid="WO-2014128658-A1"><document-id><country>WO</country><doc-number>2014128658</doc-number><kind>A1</kind><date>20140828</date><lang>EN</lang></document-id></pct-or-regional-publishing-data><designated-states><ep-contracting-states><country mxw-id="DS660724795" load-source="docdb">AL</country><country mxw-id="DS660795291" load-source="docdb">AT</country><country mxw-id="DS660724797" load-source="docdb">BE</country><country mxw-id="DS660725498" load-source="docdb">BG</country><country mxw-id="DS660643763" load-source="docdb">CH</country><country mxw-id="DS660736100" load-source="docdb">CY</country><country mxw-id="DS660795292" load-source="docdb">CZ</country><country mxw-id="DS660724798" load-source="docdb">DE</country><country mxw-id="DS660736101" load-source="docdb">DK</country><country mxw-id="DS660736102" load-source="docdb">EE</country><country mxw-id="DS660642603" load-source="docdb">ES</country><country mxw-id="DS660725503" load-source="docdb">FI</country><country mxw-id="DS660725504" load-source="docdb">FR</country><country mxw-id="DS660724807" load-source="docdb">GB</country><country mxw-id="DS660736107" load-source="docdb">GR</country><country mxw-id="DS660724808" load-source="docdb">HR</country><country mxw-id="DS660795293" load-source="docdb">HU</country><country mxw-id="DS660643764" load-source="docdb">IE</country><country mxw-id="DS660736108" load-source="docdb">IS</country><country mxw-id="DS660725505" load-source="docdb">IT</country><country mxw-id="DS660736109" load-source="docdb">LI</country><country mxw-id="DS660760122" load-source="docdb">LT</country><country mxw-id="DS660647067" load-source="docdb">LU</country><country mxw-id="DS660760127" load-source="docdb">LV</country><country mxw-id="DS660760128" load-source="docdb">MC</country><country mxw-id="DS660647068" load-source="docdb">MK</country><country mxw-id="DS660647069" load-source="docdb">MT</country><country mxw-id="DS660795294" load-source="docdb">NL</country><country mxw-id="DS660642604" load-source="docdb">NO</country><country mxw-id="DS660643765" load-source="docdb">PL</country><country mxw-id="DS660760130" load-source="docdb">PT</country><country mxw-id="DS660795295" load-source="docdb">RO</country><country mxw-id="DS660760135" load-source="docdb">RS</country><country mxw-id="DS660643766" load-source="docdb">SE</country><country mxw-id="DS660725506" load-source="docdb">SI</country><country mxw-id="DS660642605" load-source="docdb">SK</country><country mxw-id="DS660643775" load-source="docdb">SM</country><country mxw-id="DS660647070" load-source="docdb">TR</country></ep-contracting-states><ep-extended-states><ep-extended-state-data><country>BA</country></ep-extended-state-data><ep-extended-state-data><country>ME</country></ep-extended-state-data></ep-extended-states></designated-states></international-convention-data><office-specific-data><eptags><ep-no-a-document-published>*</ep-no-a-document-published></eptags></office-specific-data></bibliographic-data><abstract mxw-id="PA139078926" ref-ucid="WO-2014128658-A1" lang="EN" load-source="patent-office"><p num="0000">The cartridge (1) according to the invention comprises an envelope (2) having a first and a second end wall (4, 5) connected together by an annular lateral wall (6) and defining an inner chamber (7) containing a quantity or dose of a substance (S) for preparation of the beverage. The envelope (2) has at least one first and at least one second permeable wall (6a, 5) acting as an inlet for the introduction of a flow of water into the chamber (7) and as an outlet from it respectively for outflow of the beverage from chamber (7). Between the first and the second permeable walls (6a, 5) the envelope (2) has an outwardly projecting annular formation (3g). A portion of the permeable inlet wall (6a) for the introduction of water into the chamber (7) is made in the annular lateral wall (6) of the envelope (2). The annular formation (3g) extends from the second end wall (5) in a direction substantially opposite to the first end wall (4).</p></abstract><abstract mxw-id="PA139545481" ref-ucid="WO-2014128658-A1" lang="EN" source="national office" load-source="docdb"><p>The cartridge (1) according to the invention comprises an envelope (2) having a first and a second end wall (4, 5) connected together by an annular lateral wall (6) and defining an inner chamber (7) containing a quantity or dose of a substance (S) for preparation of the beverage. The envelope (2) has at least one first and at least one second permeable wall (6a, 5) acting as an inlet for the introduction of a flow of water into the chamber (7) and as an outlet from it respectively for outflow of the beverage from chamber (7). Between the first and the second permeable walls (6a, 5) the envelope (2) has an outwardly projecting annular formation (3g). A portion of the permeable inlet wall (6a) for the introduction of water into the chamber (7) is made in the annular lateral wall (6) of the envelope (2). The annular formation (3g) extends from the second end wall (5) in a direction substantially opposite to the first end wall (4).</p></abstract><abstract mxw-id="PA139078927" ref-ucid="WO-2014128658-A1" lang="FR" load-source="patent-office"><p num="0000">La présente invention concerne une cartouche (1), qui comprend une enveloppe (2) ayant une première et une seconde paroi (4, 5) d'extrémité, reliées ensemble par une paroi (6) latérale annulaire et délimitant une chambre interne (7) contenant une quantité ou une dose d'une substance (S) en vue de la préparation de la boisson. L'enveloppe (2) possède au moins une première et au moins une seconde paroi perméable (6a, 5), agissant comme une entrée pour l'introduction d'un écoulement d'eau dans la chambre (7) et comme une sortie de celle-ci respectivement pour l'écoulement de la boisson depuis la chambre (7). L'enveloppe (2) possède une formation (3g) annulaire faisant saillie vers l'extérieur, entre les première et seconde parois perméables (6a, 5). Une partie de la paroi (6a) d'entrée perméable pour l'introduction d'eau dans la chambre (7) est constituée dans la paroi (6) latérale annulaire de l'enveloppe (2). La formation annulaire (3g) s'étend depuis la seconde paroi (5) d'extrémité dans une direction sensiblement opposée à la première paroi (4) d'extrémité.</p></abstract><abstract mxw-id="PA139545482" ref-ucid="WO-2014128658-A1" lang="FR" source="national office" load-source="docdb"><p>La présente invention concerne une cartouche (1), qui comprend une enveloppe (2) ayant une première et une seconde paroi (4, 5) d'extrémité, reliées ensemble par une paroi (6) latérale annulaire et délimitant une chambre interne (7) contenant une quantité ou une dose d'une substance (S) en vue de la préparation de la boisson. L'enveloppe (2) possède au moins une première et au moins une seconde paroi perméable (6a, 5), agissant comme une entrée pour l'introduction d'un écoulement d'eau dans la chambre (7) et comme une sortie de celle-ci respectivement pour l'écoulement de la boisson depuis la chambre (7). L'enveloppe (2) possède une formation (3g) annulaire faisant saillie vers l'extérieur, entre les première et seconde parois perméables (6a, 5). Une partie de la paroi (6a) d'entrée perméable pour l'introduction d'eau dans la chambre (7) est constituée dans la paroi (6) latérale annulaire de l'enveloppe (2). La formation annulaire (3g) s'étend depuis la seconde paroi (5) d'extrémité dans une direction sensiblement opposée à la première paroi (4) d'extrémité.</p></abstract><description mxw-id="PDES78477760" ref-ucid="WO-2014128658-A1" lang="EN" load-source="patent-office"><!-- EPO <DP n="2"/>--><p id="p0001" num="0001"> Cartridge, machine and system for the preparation of beverages and process for manufacturing the cartridge </p><p id="p0002" num="0002">This invention relates to systems for the preparation of beverages, in particular coffee, through the use of prepacked cartridges. </p><p id="p0003" num="0003">The cartridges (or capsules or pods, according to other current names) for the preparation of liquid food products, for example beverages, through the addition of a liquid (which may be under pressure and/or at high temperature) and/or steam, form part of a very rich and varied technological sector as documented for example by FR-A-757 358, FR-A-2 373 999, FR-A-2 556 323, GB-A-938 617, GB-A-2 023 086, CH-A-406 561, US-A-3 403 617, US-A-3 470 812, US-A-3 607 297, WO-A-86/02 537, EP-A-0 199 953, EP-A-0 211 511, EP-A-0 242 556, EP-A-0 468 078, EP-A-0 469 162, EP-A-0 507 905, WO 2010/106516 Al and EP-A-2 218 653. </p><p id="p0004" num="0004">Many of the solutions described in the abovementioned documents primarily refer to the preparation of liquid products comprising beverages such as coffee, tea, chocolate, consommes, soups or various infusions. The invention specifically relates to a cartridge for the preparation of a beverage, of the type comprising </p><p id="p0005" num="0005"> an envelope having first and second end walls connected to each other by an annular lateral wall defining an internal chamber containing an amount or dose of a substance for preparation of the beverage; </p><p id="p0006" num="0006"> the said envelope having at least one first and at least one second permeable wall acting as an inlet and an outlet respectively for the introduction of a flow of water into the said chamber and respectively for outflow of the beverage from the said chamber; the envelope having an outwardly projecting annular formation between the said first and second permeable walls; and in which </p><p id="p0007" num="0007"> the said at least one permeable inlet wall portion for the introduction of water into the said chamber is made in the annular lateral wall of the envelope. 
<!-- EPO <DP n="3"/>-->
 Cartridges of this type are described in international patent application WO2012/ 164521 Al in the name of the Applicant. In these cartridges the envelope comprises a substantially cup-shaped body made of an injection moulded plastics material which has an annular formation projecting radially outwards from an intermediate portion of its lateral wall. When in use this projecting annular formation is intended to abut against a corresponding shoulder provided in the infusion chamber of a machine used for the preparation of a beverage in order to provide a liquid-tight separation between the portion of the cartridge through which pressurised water is introduced and the portion through which the beverage leaves the cartridge. </p><p id="p0008" num="0008">One object of this invention is to provide a cartridge of the type initially defined configured in such a way that it can also be used in a machine for the preparation of beverages which is designed for the use of another (and different) type of cartridge, in particular a machine of the type described in Italian patent application TO2012A000061 in the name of the Applicant. </p><p id="p0009" num="0009">In general, in fact, the market for cartridges for coffee and/or beverages in general provides that these cartridges are combined with or configured for use with a specific delivery machine which is capable of supplying hot water and/or steam for infusion of the beverage. In this context solutions in which a consumer purchases a coffee machine and is subsequently supplied with cartridges specifically designed and constructed for operation in combination with that machine are known and widely used. </p><p id="p0010" num="0010">In such cases some salient characteristics of the cartridge/machine system, such as one or more of the following, are defined for the consumer at the time of purchase and cannot be modified subsequently: </p><p id="p0011" num="0011"> - the external shape of the cartridge for the purpose of insertion into the machine,</p><p id="p0012" num="0012">- the manner in which the cartridge is inserted at the outset, </p><p id="p0013" num="0013"> - the configuration of the infusion chamber containing the cartridge during the process of extracting the liquid product, that is the beverage, </p><p id="p0014" num="0014"> - the manner in which the material comprising the cartridge interacts with the infusion chamber, 
<!-- EPO <DP n="4"/>-->
 - the manner in which the beverage is extracted, and </p><p id="p0015" num="0015"> - the manner in which the cartridge is expelled after the beverage has been delivered. This invention is intended to provide a cartridge which in addition to functioning in a machine provided with a cartridge holder specifically designed and manufactured for it is capable of being used effectively in a machine which has a cartridge holder of a different type belonging to the prior art. This is in order to offer the consumer, or the owner of such a machine according to the prior art, the possibility of widening the range of cartridges which can be used and the food products which can be produced, for example by making it possible to produce coffee of the "filter coffee" or extracts from "leaf" products in addition to coffee of the "espresso" type. </p><p id="p0016" num="0016">Another object of this invention is to provide a cartridge which can be conveniently made using a biodegradable/compostable material as defined below in this description. </p><p id="p0017" num="0017">The abovementioned objects and yet others are accomplished according to the invention through a cartridge for the preparation of a beverage of the type initially defined, characterised in that the aforesaid annular formation extends from the said second end wall of the envelope of the cartridge in a direction substantially opposite to the said first end wall. </p><p id="p0018" num="0018">In a currently preferred embodiment the aforesaid annular formation extends as an extension of the lateral wall of the envelope projecting beyond the second end wall, substantially in the axial direction of the said envelope. </p><p id="p0019" num="0019">Further characteristics of a cartridge according to the invention are defined in the dependent claims. As has been mentioned previously, a cartridge according to the invention may be conveniently manufactured from a compostable/biodegradable material. 
<!-- EPO <DP n="5"/>-->
 The characteristics which a material must have in order to be defined as being compostable, according to a currently accepted definition even among patents (see for example EP-B-0 497 838, EP-B-0 561 982, EP-B-0 788 733, EP-B-0 723 572, EP-B-0 868 275, EP-B-0 971 818 and EP-B-1 842 944), have been established, for example, by European standard EN 13432 "Requirements for packaging recoverable through composting and biodegradation - testing scheme and evaluation criteria for the final acceptance of packaging", adopted in Italy under the name UNI EN 13432. </p><p id="p0020" num="0020">According to this standard the characteristics which a compostable material must have are those listed below: </p><p id="p0021" num="0021"> - biodegradability, that is metabolic conversion of the compostable material into carbon dioxide, this property being measured through a standard test method - draft EN 14046 (also published as ISO 14855: biodegradability under controlled composting conditions); the acceptance level is 90% (with respect to cellulose) which has to be achieved in less than six months; </p><p id="p0022" num="0022"> - disintegratability, that is fragmentation of the final compost and its loss from visibility (lack of visual contamination); this is measured by a pilot scale composting test (draft EN 14045): samples of the material under test are composted together with organic wastes for three months; at the end of this the compost is screened through a 2 mm sieve. The mass of residue of the test material having dimensions &gt; 2 mm should be less than 10% of the initial mass; </p><p id="p0023" num="0023"> - absence of adverse effects on the composting process: this is checked by a pilot scale composting test; </p><p id="p0024" num="0024"> - low levels of heavy metals (below predetermined maximum levels) and the absence of adverse effects on the quality of the compost (e.g.: reduction of the agricultural value and the presence of ecotoxicological effects on plant growth); a plant growth test (modified OECD test 208) is performed on compost samples in which degradation of the test material has taken place: no difference between that and a control compost should be shown; </p><p id="p0025" num="0025"> - other chemical and physical parameters which should not change after the material under investigation has degraded: pH; salt content; volatile solids; N; P; MgpK. 
<!-- EPO <DP n="6"/>-->
 It will be appreciated that a biodegradable material is not necessarily compostable, because it must also disintegrate during a composting cycle. On the other hand a material which breaks up into microscopic pieces during a composting cycle, such that they are then not wholly biodegradable, is not compostable. </p><p id="p0026" num="0026">Standard UNI EN 13432 is a harmonised standard and has been published in the Official Gazette of the European Community, and has been accepted in Europe at national level and provides a presumption of conformity with European Directive 94/62 EC on packaging and packaging wastes. </p><p id="p0027" num="0027">With the increasing interest in the environment and the end of life of food wastes produced on a daily basis, compostability has become an increasingly important requirement for consumers of the cartridges (or capsules or pods) considered here. </p><p id="p0028" num="0028">In this respect the solution of resorting to a compostable material, that is - according to a name sometimes used in the industry - a "bio" material, to manufacture the body of such cartridges has been found to be promising, such as for example: </p><p id="p0029" num="0029"> - polylactic acid (PLA), </p><p id="p0030" num="0030"> - poly-L-lactide (PLLA), </p><p id="p0031" num="0031"> - poly-D-lactide (PDLA), </p><p id="p0032" num="0032"> - a stereocomplex blend of PDLA and PLLA </p><p id="p0033" num="0033"> - maize starches, </p><p id="p0034" num="0034"> - cellulosic materials, </p><p id="p0035" num="0035"> - formulations based on PLA, PDLA, PLLA in combination with mineral fillers,</p><p id="p0036" num="0036">- formulations based on PLA, PDLA, PLLA in combination with mineral fillers and plasticisers, </p><p id="p0037" num="0037"> - formulations based on PLA, PDLA, PLLA and cellulose, </p><p id="p0038" num="0038"> - formulations based on maize starches in combination with mineral fillers,</p><p id="p0039" num="0039">- polybutylene succinate, </p><p id="p0040" num="0040"> - polybutylene succinate in combination with mineral fillers, </p><p id="p0041" num="0041"> - polymers produced by microorganisms or bacteria such as PHA (polyhydroxy alkanoates) and PHB (poly-beta-hydroxybutyrate), 
<!-- EPO <DP n="7"/>-->
 - materials resulting from the combination of plant fibres and starches, </p><p id="p0042" num="0042"> - materials resulting from the combination of plant biomass and starches, </p><p id="p0043" num="0043"> - materials resulting from the combination of plant fibres and PLA, </p><p id="p0044" num="0044"> - materials resulting from the combination of plant biomass and PLA, and </p><p id="p0045" num="0045"> - combinations of the materials listed above. </p><p id="p0046" num="0046">It has been observed that these "bio" materials used for the manufacture of cartridges for use in coffee machines provided with perforating punches can give rise to high elongation on fracture such as to render the acts of perforation not very effective, for example when the material forms a kind of cap around the punch instead of tearing, giving rise to possible problems with delivery. </p><p id="p0047" num="0047">This perforation difficulty may be encountered in the case of cartridges according to the prior art described in previous application TO2012A000061: introduction of hot water into the cartridge gives rise to an interaction between the perforating/tearing components located on the machine with corresponding projections in the form of pendants or recesses located on the edge of the cartridge. This difficulty is overcome through this invention because it does not involve any interaction between the cartridge and machine with regard to perforation/tearing. </p><p id="p0048" num="0048">A cartridge body of such a material may be manufactured in various embodiments using a moulding process subdivided into two substages: </p><p id="p0049" num="0049"> - filling of the mould cavity, </p><p id="p0050" num="0050"> - residence of the material in the sealed mould maintained at a temperature above ambient temperature or alternatively subsequent curing in a stove or through the effect of</p><p id="p0051" num="0051">UV radiation. </p><p id="p0052" num="0052">As already described above, one object of the invention is to provide a cartridge which is able to extend the types of cartridges which can be used in a machine according to the prior art, in particular a machine of the type defined in previous Italian patent application TO2012A000061. 
<!-- EPO <DP n="8"/>-->
 This application describes a type of cartridge in which the base (which represents the "outlet" for the beverage) deforms through the effect of the pressure of the liquid/steam introduced into the cartridge so that it is perforated by a second set of hollow points (broadly similar to injection needles) having filtering properties. These construction embodiments are in themselves known, and are particularly suitable for the delivery of beverages such as espresso coffee, in that perforation of the base through the pressure effect is a salient characteristic to create the necessary hydraulic conditions for pressurised hot water flow (typically in the range 3-9 bar depending upon the products). Documents such as EP 1 295 554 Al, WO 2006/005736 A2 or EP 1 886 942 Al identify specific solutions inherent to filtering points, the mechanism for opening/closing/perforating by means of the perforating points and the type of cartridge, with corresponding systems. In current manufacturing practice provision may be made for the lateral wall and the base wall of the cartridge to be made of a plastics material such as, for example, polypropylene coextruded in lamination with ethylene-vinyl-alcohol (EVOH), which is shaped by thermoforming. It is also known that a composite material of such a nature cannot therefore be classified as a compostable material. </p><p id="p0053" num="0053">This technology is restricting as regards the range of products which can be obtained from the aforesaid cartridge/machine combination, ruling out all those beverages which require an extraction pressure of zero (ambient pressure), such as for example "filter coffee" or "leaf" tea, which can be obtained conventionally through the simple gravimetric percolation of hot water. </p><p id="p0054" num="0054">In the case of the cartridge according to this invention there is no particular interaction between the base of the cartridge and the filtering points, so it is also possible to deliver under environmental pressure conditions. </p><p id="p0055" num="0055">The invention also relates to a machine for the preparation of beverages designed for the use of a cartridge according to the invention, this machine comprising 
<!-- EPO <DP n="9"/>-->
 an infusion unit capable of receiving a cartridge according to this invention with which are associated means for the delivery of a flow of water intended to be introduced into the cartridge, and means for discharging the outflow of beverage formed in the infusion unit to a collecting vessel; </p><p id="p0056" num="0056"> the infusion unit including a plurality of parts which can be moved closer to and further away from each other, and which can be connected together in a leak-proof way to define overall an infusion chamber into which the said cartridge can be placed; the infusion chamber being capable of forming an annular space relative to the cartridge according to the invention positioned therein which can be connected to means for the delivery of water and which is separated from the discharge means in a liquid-tight way. </p><p id="p0057" num="0057">The invention also relates to a system for preparing beverages comprising such a machine and a cartridge of the new type having the characteristics defined above. Finally the invention also relates to a process for manufacturing the body of a cartridge according to the invention, the said process comprising the operations or stages defined in appended Claim 11. </p><p id="p0058" num="0058">Further characteristics and advantages of the invention will be apparent from the detailed description which follows, purely by way of a non-limiting example, with reference to the appended drawings in which: </p><p id="p0059" num="0059"> Figure 1 is an exploded perspective view of a cartridge according to this invention; Figure 2 is a plan view of a cup-shaped body included in the cartridge according to Figure 1 in plan view from above; </p><p id="p0060" num="0060"> Figure 3 is a cross-section view according to the line III-III in Figures 1 and 2;</p><p id="p0061" num="0061">Figure 4 is a partial view in axial cross-section showing part of a machine for the preparation of a beverage using a cartridge according to the preceding figures; </p><p id="p0062" num="0062"> Figure 5 is a perspective view showing another type of cartridge according to the prior art which can also be used in the machine mentioned on page 4; and </p><p id="p0063" num="0063"> Figure 6 is a partial axial cross- sectional view which shows part of the same machine as in Figure 4 in a condition in which a cartridge according to the prior art illustrated in Figure 5 is being used instead of a cartridge according to this invention. 
<!-- EPO <DP n="10"/>-->
 In Figures 1 to 4, 1 indicates overall a cartridge according to this invention for the preparation of a beverage, for example espresso coffee. </p><p id="p0064" num="0064">Cartridge 1 comprises an envelope 2, for example of food-grade plastics material. </p><p id="p0065" num="0065">In the embodiment illustrated envelope 2 comprises a body 3, essentially in the shape of a cup, which is closed off at the top by an end wall or cover 4. Both cup body 3 and cover 4 may for example be manufactured by injection moulding, and may be joined together in any way which is known, for example by welding, adhesive bonding, etc. </p><p id="p0066" num="0066">In the embodiment illustrated envelope 2 as a whole has a general shape of an essentially truncated frustoconical type. As an alternative this envelope may have a general configuration which is for example cylindrical or prismatic. Cup-shaped body 3 has a lower end wall 5, essentially parallel to cover 4 and connected to a lateral wall 6 of substantially annular shape (see in particular Figures 1 and 3). </p><p id="p0067" num="0067">Envelope 2 defines within it a region or chamber 7. This region or chamber 7 contains a quantity or dose of a substance S for the preparation of a beverage, such as for example ground roast coffee (Figure 3). </p><p id="p0068" num="0068">Upper end portion 6a of lateral wall 6 of cup-shaped body 3 has a transverse annular formation 3a projecting radially outwards in the form of a flange. As will better be seen in Figures 3 and 4, the upper surface or face of the upper end wall or cover 4 is preferably flush with the upper surface of the flange formation 3a in body 3. </p><p id="p0069" num="0069">The upper portion 6a of the annular lateral wall of envelope 2 is provided with a plurality of microholes 8 which make it permeable to water. Microholes 8 may have a cross-section such as to prevent the substance contained in the envelope for preparation of the beverage from escaping, and/or a filter, for example of paper or the like, which is capable of retaining the aforesaid substance within envelope 2 may be located within envelope 2 
<!-- EPO <DP n="11"/>-->
 immediately adjacent to the inner surface of its lateral wall 6. </p><p id="p0070" num="0070">At least one portion of lower end wall 5 of envelope 2 is also preferably provided with microholes, indicated by 9 in Figures 1 and 2, such as to render the said portion of wall permeable to the liquid beverage prepared through contact between substance S present in cartridge 1 and the water added to it through inlet portion 6a of its lateral wall 6. </p><p id="p0071" num="0071">As will be more clearly apparent below, in use the upper portion 6a of lateral annular wall 6 of the envelope is capable of acting as an inlet for the introduction of a flow of water into inner chamber 7 of the cartridge in order to prepare a beverage. In addition to this, the perforated wall of base 5 is able to act as an outlet for the outflow of beverage from chamber 7 towards a collecting vessel such as a cup or the like. </p><p id="p0072" num="0072">Between portion 6a of the lateral wall and lower end wall 5 envelope 2 has an annular formation 3g projecting outwards. In the embodiment illustrated in the drawings, which is currently preferred, this annular formation 3g extends as an elongation of lateral wall 6 of envelope 2 and projects beyond the wall of lower end 5, substantially in the axial direction of envelope 2. In the embodiment illustrated in the drawings water is introduced into chamber 1 for preparation of the beverage through only the upper portion 6a of lateral wall 6 of envelope 2. </p><p id="p0073" num="0073">In other embodiments, not illustrated, further microholes for the entry of water into cartridge 1 may be made in its end wall 4, as in the embodiment illustrated in Figure 1 of international patent application WO2012/164521A1, already cited previously. In this case the area or cross-section of the flow for the entry of water through upper end wall 4 is preferably in any case smaller than the area or cross-section of flow in upper portion 6a of lateral wall 6 in such a way that the entry of water into inner chamber 7 of the cartridge takes place mainly through its lateral wall 6. </p><p id="p0074" num="0074">In any event, a cartridge 1 according to this invention may be conveniently manufactured 
<!-- EPO <DP n="12"/>-->
 using a biodegradable/compo stable material, and in particular a polymer material, preferably a polymer extracted from biomass or a synthetic compostable polymer, or again a polymer produced by genetically modified microorganisms or bacteria, or a polymer manufactured from fossil monomers, or again a material containing natural fibres such as by-products of the food chain (maize, coffee, rice husks, etc.), or obtained from the mowing of meadows, bound together with a binding agent or a polymer mixture. </p><p id="p0075" num="0075">A beverage may be prepared using a cartridge 1 of the type described above by means of extraction under pressure with a machine of which one embodiment will be described below with particular reference to Figures 4 and 6. </p><p id="p0076" num="0076">As will be seen in particular in Figure 4, a machine M according to this invention comprises an infusion unit indicated as a whole by G. Although a rather detailed description of machine M and in particular infusion unit G will be provided below, it is pointed out that this machine and this infusion unit essentially correspond to those described in Italian patent application TO2012A000061 in the name of the Applicant, already mentioned above in this description. Preferably the lower part 10 of infusion unit G is stationary, and intermediate part 11 and upper part 12 can move with respect to it, as will be more particularly described below. </p><p id="p0077" num="0077">Lower part 10 of the infusion unit comprises a body 13, essentially in the form of a cup, close to base wall 13a which forms an outflow passage 14. </p><p id="p0078" num="0078">Within cup-shaped member 13, at a particular distance above its base wall 13a, there is fitted a supporting element 15 of essentially annular shape provided with a central opening 16. This element 15 has in its upper part a projecting annular formation 15a extending upwards for a particular radial distance from the lateral wall of cup- shaped body 13. </p><p id="p0079" num="0079">In the annular space defined between upstanding formation 15a and the lateral wall of cup- shaped body 13 there is a toroidal sealing ring 17. 
<!-- EPO <DP n="13"/>-->
 Lower part 10 of infusion unit G also includes a plate 18, fixed around the lateral wall of cup- shaped body 13. </p><p id="p0080" num="0080">Intermediate part 11 of infusion unit G can be moved (vertically for those observing Figures 4 and 6) relative to lower part 10. </p><p id="p0081" num="0081">This intermediate part 11 essentially comprises an annular containing body 19, which has a lower portion 19a movably mounted within the upper part of cup-shaped body 13 of lower part 10. </p><p id="p0082" num="0082">The lower edge of portion 19a of containment body 19 has a tapering bevel 19b. This bevelled edge 19b can when in use be wedged between the lateral wall of cup-shaped body 13 and sealing ring 17, causing the latter to be radially compressed against upstanding formation 15a of supporting member 15, for the purposes which will be clarified below. </p><p id="p0083" num="0083">Tapering body 19 has an intermediate portion 19c within which there is an annular seat 20 on which there is provided an annular perforating member 21, whose functions will be clarified below, on a shoulder. </p><p id="p0084" num="0084">Seat 20 of containment element 19 communicates with an adjacent seat 22 (see in particular Figure 4) formed in the upper part of element 19, which opens out at the annular summit edge of that element 19. </p><p id="p0085" num="0085">Annular perforating element 21 is essentially in the form of an annular knife, with a single cutting edge 21a (Figure 4) facing upwards. </p><p id="p0086" num="0086">Infusion unit C shown in Figures 4 and 6 comprises a further annular perforating element indicated by 121 mounted on a further seat 120 in containment body 19, in an axially offset position (downwards for those looking at Figures 4, 6) in relation to that of perforating element 21. 
<!-- EPO <DP n="14"/>-->
 Perforating element 121 has a plurality of cutting points or teeth 121a spaced apart circumferentially, whose functions will be clarified below. </p><p id="p0087" num="0087">Upper part 12 of infusion unit G substantially comprises a sealing element 23, essentially in the form of a disc, provided below with a first radially outermost annular groove which is engaged by a sealing ring 24, and a second annular radially innermost groove coaxial with the former in which sealing ring 124 is engaged, the latter being designed to press against the upper end wall of a cartridge 1 according to Figures 1 to 3. As an alternative, part 3a of cartridge 1, that is its upper flange, may be constructed as flange 103a of the cartridge according to the prior art illustrated in Figure 5. </p><p id="p0088" num="0088">Sealing element 23 can conveniently move relative to intermediate part 11 in order to allow a cartridge 1 to be inserted within containment element 19, and to enable cartridge 1 to be subsequently discharged when exhausted after delivering the beverage made with it. </p><p id="p0089" num="0089">In Figures 4 and 6 reference number 25 indicates a plate located within containment element 19, lying essentially parallel to plate 18 attached to cup-shaped body 13. </p><p id="p0090" num="0090">Springs 26 which tend to press plate 25 away from plate 18 and therefore to press intermediate part 11 away from lower part 10 of infusion unit G are placed between plates 18 and 25. </p><p id="p0091" num="0091">In the wall of containment element 19 there is provided a transverse passage 30, the radially innermost extremity of which communicates with a region within that containment element 19 through at least one longitudinal passage 31. </p><p id="p0092" num="0092">When in use, a cartridge 1 of the type described above with reference to Figures 1 to 3 is placed within containment element 19, when the upper part 12 of infusion body G is in a position away from its intermediate part 11. </p><p id="p0093" num="0093">Lateral wall 6 of this cartridge 1 has transverse dimensions such that it can be inserted into 
<!-- EPO <DP n="15"/>-->
 infusion unit G, in particular through perforating elements 21 and 121, which do not interact with it in any way. The diametrically outermost dimension of downwardly projecting formation 3g corresponds substantially to the diametrical dimension of sealing ring 17 in its undeformed condition, that is when the latter is not subjected to radial compression by bevelled edge 19b of containment body 19. </p><p id="p0094" num="0094">Through kinetic mechanisms which are known to or at least within the purview of those skilled in the art, upper part 12 of infusion unit G is abutted against the upper edge of containment element 19. Innermost sealing ring 124 of sealing element 23 is then made to abut the upper surface of cartridge 1 in a liquid-tight way. </p><p id="p0095" num="0095">If in an alternative embodiment the upper flange of the cartridge is constructed in the same way as flange 103a of the cartridge illustrated in Figure 5, innermost sealing ring 24 of sealing element 23 is then able to abut against the upper surface of the cartridge in a liquid- tight way. </p><p id="p0096" num="0096">Lower edge 3g of cartridge 1 is then inserted between upstanding formation 15a of supporting element 15 and toroidal sealing ring 17. The latter is compressed against the outer surface of that edge 3g of cartridge 1 as a result of it being engaged by the lower bevelled edge 19b of containment element 19. </p><p id="p0097" num="0097">Through the effect of the force of sealing elements 124 (or 24 in the case of a cartridge having a flange such as that indicated by 103a in Figure 5) and 17, annular chamber 20, 22, which is defined within containment element 19 by the top part of cartridge 1, is provided with a liquid-tight seal above and below. </p><p id="p0098" num="0098">Sealing ring 124 (or 24) separates that annular chamber 20, 22 from the region above cover 4 of the cartridge, while lower sealing ring 17 disconnects annular chamber 20, 22 from the region beneath cartridge 1 and outflow passage 14. </p><p id="p0099" num="0099">When infusion unit G is in the sealed condition a flow of pressurised hot water can then be fed to aforesaid annular chamber 20, 22 through passages 30 and 31. The pressurised hot 
<!-- EPO <DP n="16"/>-->
 water can then penetrate within cartridge 1 through microholes 8 made in its lateral wall 6. </p><p id="p0100" num="0100">A plurality of streams of pressurised hot water radially converging towards the axis of the cartridge and progressively descending in the direction of its base wall 5 is thus injected into cartridge 1. </p><p id="p0101" num="0101">Wall 5, which is conveniently provided with microholes 9 as illustrated in Figures 1 and 2, then allows the beverage to flow out without the need to be torn or perforated. </p><p id="p0102" num="0102">As an alternative, base wall 5 of the body of cartridge 1 may be of the impermeable type, but may be torn through the effect of the increasing pressure within cartridge 1. </p><p id="p0103" num="0103">According to a further alternative, in a manner which is not illustrated in the drawings in the region above base wall 5 of cartridge 1 there may be provided a further perforation element with projections or points designed to tear or perforate that base wall 5 and consequently allow the beverage to flow out. </p><p id="p0104" num="0104">In any event the beverage flowing out from cartridge 1 passes through outflow passage or conduit 14 through passage 16 in supporting element 15 and can be delivered to a collecting vessel, such as a cup or glass. </p><p id="p0105" num="0105">Once the beverage has been delivered, delivery unit G is again opened and its intermediate part 11 and upper part 12 again take up their respective initial positions. </p><p id="p0106" num="0106">Spent cartridge 1 can be removed, for example by means of a spring expulsion device located in the region between that cartridge 1 and supporting element 15. </p><p id="p0107" num="0107">As mentioned previously, machine M and in particular infusion unit G described above with reference to Figure 4 are essentially of the type forming the subject matter of previous Italian patent application no. TO2012A000061. This machine and this infusion unit according to the prior art have in fact been designed for the use of cartridges previously manufactured according to the prior art, such as cartridge 101 illustrated in Figure 5 of this 
<!-- EPO <DP n="17"/>-->
 application (corresponding to Figure 13 in Italian application no. TO2012A000061). </p><p id="p0108" num="0108">With reference to Figure 5, cartridge 101 according to the prior art has a cup-shaped body 103 which has at the top an essentially planar flange formation 103a which projects radially outward. </p><p id="p0109" num="0109">Body 103 is conveniently manufactured with a multi-layer laminated structure, for example with an inner layer of polypropylene and an intermediate layer of EVOH (copolymer of ethylene and vinyl alcohol) and an outer layer of polypropylene. </p><p id="p0110" num="0110">In the embodiment illustrated in Figure 5 body 103 of cartridge 101 has a lateral wall which has a formation 103b, projecting transversely outward, adjacent to flange 103a, which extends circumferentially about its entire perimeter. In particular, from flange 103a projecting formation 103b comprises an essentially cylindrical upper portion 103c followed by a step portion 103d in which the diameter of its transverse cross-section is reduced. </p><p id="p0111" num="0111">The lateral wall of cup-shaped body 103 also has a portion of principal wall 103e, which is for example frustoconical, connecting to a raised base wall 103f, forming an annular edge 103g projecting downwards. </p><p id="p0112" num="0112">Cartridge 101 also comprises a cover 104 (Figure 5) connected to flange 103a of cup- shaped body 103, for example by thermal welding or ultrasound welding. </p><p id="p0113" num="0113">Cover 104 may for example be constructed with a multilayer structure, including an inner polypropylene layer and an outer aluminium layer. </p><p id="p0114" num="0114">Taken together, cover 104 and cup-shaped body 103 define a chamber which contains a quantity or dose of material for the preparation of a beverage, for example ground roast coffee. 
<!-- EPO <DP n="18"/>-->
 The lateral wall of cup-shaped body 103 has a circumferential formation 103i, projecting transversely outward, in its median portion. </p><p id="p0115" num="0115">The lateral wall of body 103 of cartridge 101 also has a circumferential ring of transversely outwardly projecting formations 103h in the form of alveoli which are angularly spaced apart. </p><p id="p0116" num="0116">Perforating elements 21 and 121 of the said infusion unit G are borne by containment element 19 in axially offset respective positions in such a way that circular cutter 21a of perforating element 21 can tear projecting portions 103h, while points or teeth 121a of perforating element 121 can produce a plurality of tears in the projecting circumferential formation 103i of the cartridge. </p><p id="p0117" num="0117">Using a cartridge 101 in unit G as illustrated in Figure 6 it is possible to make a double plurality of openings in the lateral wall of that cartridge 101 so that pressurised hot water can be effectively injected within it. </p><p id="p0118" num="0118">Also, in the case where a cartridge 101 is used, projecting formation 103g of that cartridge, acting together with the associated toroidal sealing ring 17 radially compressed by the inclined plane 19b of containment element 19, provides an effective liquid-tight disconnection between the chamber in which pressurised water is injected into the cartridge and the outlet for the beverage made. </p><p id="p0119" num="0119">If a cartridge of the type illustrated with reference Figure 5 is used, radially outermost sealing ring 24 of cover 23 ensures that the chamber in which water is injected into the cartridge is disconnected from the environment outside the infusion unit in the course of extraction of the beverage. </p><p id="p0120" num="0120">Cartridge 1 according to this invention, described above with reference to Figures 1 to 4, is compatible with the use of machine M and infusion unit G in Figure 6 (in itself known for the use of a cartridge according to Figure 5), but is also suitable for use with all other machines or infusion units illustrated and described in previous Italian patent application 
<!-- EPO <DP n="19"/>-->
 TO2012A000061 by the Applicant. </p><p id="p0121" num="0121">Of course, without affecting the principle of the invention, embodiments and details of construction may be varied widely from what has been described and illustrated purely by way of a non-limiting example without thereby going beyond the scope of the invention as defined by the appended claims. </p><p id="p0122" num="0122">Thus, for example, annular formation 3g of body 2 of cartridge 1 may be constructed of one piece with that body, or may be constructed separately from that body and subsequently attached to it by for example welding. </p><p id="p0123" num="0123">Lower portion 5, 3g of body 2 may also be made and shaped by thermoforming. 
</p></description><claims mxw-id="PCLM70078041" ref-ucid="WO-2014128658-A1" lang="EN" load-source="patent-office"><claim-statement><!-- EPO <DP n="20"/>-->CLAIMS </claim-statement><claim id="clm-0001" num="1"><claim-text>1. Cartridge (1) for the preparation of a beverage, comprising </claim-text><claim-text> an envelope (2) having first and second end walls (4, 5) connected to each other by an annular lateral wall (6) and defining an internal chamber (7) containing an amount or dose of a substance (S) for preparation of the beverage; </claim-text><claim-text> the said envelope (2) having at least one first and at least one second permeable wall (6a, 5) defining an inlet and an outlet respectively for the introduction of a flow of water into the said chamber (7) and outflow of the beverage from the said chamber (7) respectively; between the said first and second permeable walls (6a, 5) the envelope (2) having an annular formation (3g) protruding outward; and in which </claim-text><claim-text> a permeable inlet wall portion (6a) for the introduction of water into the said chamber (7) is provided in the said annular lateral wall (6) of the envelope (2); </claim-text><claim-text> the cartridge (1) being characterised in that the said annular formation (3g) extends from the said second end wall (5) in a direction substantially opposite the said first end wall (4). </claim-text></claim><claim id="clm-0002" num="2"><claim-text>2. Cartridge according to Claim 1, in which the said annular formation (3g) extends as a prolongation of the lateral wall (6) of the envelope (2), protruding beyond the said second end wall (5), substantially along the axial direction of the said envelope (2). </claim-text></claim><claim id="clm-0003" num="3"><claim-text>3. Cartridge according to Claim 1 or 2, in which the envelope (2) has a transverse annular formation (3a) protruding radially toward outward, in the form of a flange, around the said first end wall (4). </claim-text></claim><claim id="clm-0004" num="4"><claim-text>4. Cartridge according to Claim 3, in which the said inlet wall portion (6a) for the introduction of water into the said chamber (7) is provided only in the annular lateral wall (6) of the envelope (2). </claim-text></claim><claim id="clm-0005" num="5"><claim-text>5. Cartridge according to Claim 1 or Claim 2, in which a further inlet wall portion for the introduction of water into the cartridge (1) is provided in an end wall (4) of the envelope (2). 
<!-- EPO <DP n="21"/>-->
</claim-text></claim><claim id="clm-0006" num="6"><claim-text>6. Cartridge according to Claim 5, in which the said further inlet wall portion of the envelope (2) for the introduction of water into the said chamber (7) has a flow area or cross-section smaller than that of the inlet wall portion (6a) provided in the lateral wall (6), such that the introduction of water into the chamber (7) takes place mainly through the said lateral wall (6). </claim-text></claim><claim id="clm-0007" num="7"><claim-text>7. Cartridge according to any one of the preceding claims, in which the envelope (2) has a general shape which is essentially cylindrical or frustoconical or prismatic or frustopyramidal. </claim-text></claim><claim id="clm-0008" num="8"><claim-text>8. Cartridge according to any one of the preceding claims, in which the said envelope (2) comprises an essentially cup-shaped body (3) made of an injection-moulded plastics material. </claim-text></claim><claim id="clm-0009" num="9"><claim-text>9. Cartridge according to Claim 8, in which the said envelope (2) further comprises a top wall or cover (4), connected to the mouth of the said cup-shaped body (3). </claim-text></claim><claim id="clm-0010" num="10"><claim-text>10. Cartridge according to Claim 8 or Claim 9, in which the said material is chosen from the group comprising: </claim-text><claim-text> - polylactic acid (PLA), </claim-text><claim-text> - poly-L-lactide (PLLA), </claim-text><claim-text> - poly-D-lactide (PDLA), </claim-text><claim-text> - stereo complex blends of PDLA and PLLA, </claim-text><claim-text> - corn starches, </claim-text><claim-text> - cellulosic materials, </claim-text><claim-text> - PLA-, PDLA-, PLLA-based compounds, with mineral fillers, </claim-text><claim-text> - PLA-, PDLA-, PLLA-based compounds with mineral fillers and plasticisers,</claim-text><claim-text>- PLA-, PDLA-, PLLA-based compounds and cellulose, </claim-text><claim-text> - compounds based on corn starches, with mineral fillers, </claim-text><claim-text> - polybutylene succinate, </claim-text><claim-text> - polybutylene succinate with mineral fillers, 
<!-- EPO <DP n="22"/>-->
 - polymers produced by micro-organisms or bacteria, such as PHA (poly-hydroxy- alkanoates) or PHB (poly-beta-hydroxy-butyrate), </claim-text><claim-text> - compounds of plant fibres and starches, </claim-text><claim-text> - compounds of plant biomass and starches, </claim-text><claim-text> - compounds of plant fibres and PLA, </claim-text><claim-text> - compounds of plant biomass and PLA, and </claim-text><claim-text> - combinations of the materials listed above. </claim-text></claim><claim id="clm-0011" num="11"><claim-text>11. Method for manufacturing at least part of the envelope (2) of a cartridge (1) according to any of the preceding claims, the method comprising: </claim-text><claim-text> - a first step of forming at least one part of the said envelope (2), and </claim-text><claim-text> - a second step of thermal post-treatment of the said at least one part of the said envelope (2), comprising one or more of the following steps: </claim-text><claim-text> - i) residence in a closed mould, </claim-text><claim-text> - ii) baking in an oven, </claim-text><claim-text> - iii) treatment with ultraviolet radiation. </claim-text></claim><claim id="clm-0012" num="12"><claim-text>12. Machine (M) for the preparation of beverages, intended for the use of a cartridge (1) according to one or more of the preceding claims, comprising </claim-text><claim-text> an infusion unit (G) capable of receiving a cartridge (1) according to one or more of the preceding claims, and with which supply means (30, 31) are associated for supplying a flow of water intended to be introduced into the cartridge (1) as well as discharge means (16, 14) for outflow of the beverage formed in the infusion unit (G) toward a collecting vessel; </claim-text><claim-text> the infusion unit (G) including a plurality of parts (10-12) which can be moved apart and brought close together, and coupled together in a leak-tight way to define as a whole an infusion chamber in which the said cartridge (1) can be introduced; the infusion chamber being capable of defining, relative to a cartridge (1) positioned therein, an annular space (20, 22) which can be connected to water supply means (30, 31), and is separated in a liquid-tight manner from the discharge means (14, 16). </claim-text></claim><claim id="clm-0013" num="13"><claim-text>13. Machine according to Claim 12, in which 
<!-- EPO <DP n="23"/>-->
 one part of the infusion unit (G) associated with the discharge means (14, 16) has a sealing ring (17) of a deformable material, against which the said annular end formation (3g) of the cartridge (1) positioned in the infusion chamber abuts when the latter is closed, and in which </claim-text><claim-text> another cooperating part of the infusion unit (G) comprises an active formation (19b) which when the infusion chamber is closed interferes with the said sealing ring (17) such as to deform it radially against the said annular end formation (3g) of the cartridge (1), for separating the infusion chamber from the discharge means (16, 14) in a liquid-tight manner. </claim-text></claim><claim id="clm-0014" num="14"><claim-text>14. System for the preparation of a beverage, comprising in combination at least one cartridge according to one or more of Claims 1 to 10 or a cartridge manufactured by the method in Claim 11, and a machine according to Claim 12 or Claim 13. 
</claim-text></claim></claims><copyright>User acknowledges that Fairview Research LLC and its third party providers retain all right, title and interest in and to this xml under applicable copyright laws.  User acquires no ownership rights to this xml including but not limited to its format.  User hereby accepts the terms and conditions of the Licence Agreement</copyright></patent-document>
