<?xml version="1.0" encoding="UTF-8"?>
<patent-document ucid="EP-2958775-A1" country="EP" doc-number="2958775" kind="A1" date="20151230" family-id="51391612" file-reference-id="312563" date-produced="20180825" status="corrected" lang="EN"><bibliographic-data><publication-reference fvid="160453354" ucid="EP-2958775-A1"><document-id><country>EP</country><doc-number>2958775</doc-number><kind>A1</kind><date>20151230</date><lang>EN</lang></document-id></publication-reference><application-reference ucid="EP-13875710-A" is-representative="NO"><document-id mxw-id="PAPP193869676" load-source="docdb" format="epo"><country>EP</country><doc-number>13875710</doc-number><kind>A</kind><date>20130220</date><lang>EN</lang></document-id><document-id mxw-id="PAPP193869677" load-source="patent-office" format="original"><country>EP</country><doc-number>13875710.9</doc-number><date>20130220</date><lang>EN</lang></document-id></application-reference><priority-claims><priority-claim mxw-id="PPC162027100" ucid="SE-2013050146-W" linkage-type="A" load-source="docdb"><document-id format="epo"><country>SE</country><doc-number>2013050146</doc-number><kind>W</kind><date>20130220</date></document-id></priority-claim></priority-claims><technical-data><classifications-ipcr><classification-ipcr mxw-id="PCL-1890301820" load-source="ipcr">B60R  21/36        20110101ALI20160928BHEP        </classification-ipcr><classification-ipcr mxw-id="PCL-1890303251" load-source="ipcr">B60R  21/231       20110101AFI20160928BHEP        </classification-ipcr></classifications-ipcr><classifications-cpc><classification-cpc mxw-id="PCL-1987774612" load-source="docdb" scheme="CPC">B60R  21/36        20130101 FI20140919BHEP        </classification-cpc><classification-cpc mxw-id="PCL-1987796247" load-source="docdb" scheme="CPC">B60R2021/2358      20130101 LA20141007BHEP        </classification-cpc></classifications-cpc><invention-title mxw-id="PT165551528" lang="DE" load-source="patent-office">AIRBAG-VORRICHTUNG MIT GERICHTETER INFLATION</invention-title><invention-title mxw-id="PT165551529" lang="EN" load-source="patent-office">AN AIRBAG DEVICE WITH DIRECTED INFLATION</invention-title><invention-title mxw-id="PT165551530" lang="FR" load-source="patent-office">DISPOSITIF D'AIRBAG AVEC GONFLEMENT DIRIGÉ</invention-title></technical-data><parties><applicants><applicant mxw-id="PPAR1103304873" load-source="docdb" sequence="1" format="epo"><addressbook><last-name>AUTOLIV DEV</last-name><address><country>SE</country></address></addressbook></applicant><applicant mxw-id="PPAR1103340969" load-source="docdb" sequence="1" format="intermediate"><addressbook><last-name>AUTOLIV DEVELOPMENT AB</last-name></addressbook></applicant><applicant mxw-id="PPAR1101648067" load-source="patent-office" sequence="1" format="original"><addressbook><last-name>Autoliv Development AB</last-name><iid>101252846</iid><address><street>Wallentinsvägen 22</street><city>447 83 Vårgårda</city><country>SE</country></address></addressbook></applicant></applicants><inventors><inventor mxw-id="PPAR1103310696" load-source="docdb" sequence="1" format="epo"><addressbook><last-name>MAZANEK JAN</last-name><address><country>SE</country></address></addressbook></inventor><inventor mxw-id="PPAR1103342116" load-source="docdb" sequence="1" format="intermediate"><addressbook><last-name>MAZANEK, JAN</last-name></addressbook></inventor><inventor mxw-id="PPAR1101648643" load-source="patent-office" sequence="1" format="original"><addressbook><last-name>MAZANEK, JAN</last-name><address><street>Spårhaga Intagsväg 6</street><city>S-42750 Billdal</city><country>SE</country></address></addressbook></inventor><inventor mxw-id="PPAR1103304137" load-source="docdb" sequence="2" format="epo"><addressbook><last-name>LINDBERG KEN</last-name><address><country>SE</country></address></addressbook></inventor><inventor mxw-id="PPAR1103332952" load-source="docdb" sequence="2" format="intermediate"><addressbook><last-name>LINDBERG, KEN</last-name></addressbook></inventor><inventor mxw-id="PPAR1101642515" load-source="patent-office" sequence="2" format="original"><addressbook><last-name>LINDBERG, KEN</last-name><address><street>Skogskullegatan 30</street><city>S-44146 Alingsås</city><country>SE</country></address></addressbook></inventor><inventor mxw-id="PPAR1103316591" load-source="docdb" sequence="3" format="epo"><addressbook><last-name>MAGNUSSON ULF</last-name><address><country>SE</country></address></addressbook></inventor><inventor mxw-id="PPAR1103311191" load-source="docdb" sequence="3" format="intermediate"><addressbook><last-name>MAGNUSSON, ULF</last-name></addressbook></inventor><inventor mxw-id="PPAR1101653548" load-source="patent-office" sequence="3" format="original"><addressbook><last-name>MAGNUSSON, ULF</last-name><address><street>Skånegatan 16</street><city>S-44157 Alingsås</city><country>SE</country></address></addressbook></inventor></inventors><agents><agent mxw-id="PPAR1101643356" load-source="patent-office" sequence="1" format="original"><addressbook><last-name>Sandstedt, Jonas Sven James</last-name><iid>101382686</iid><address><street>Westpatent AB Almekärrsvägen 11</street><city>443 39 Lerum</city><country>SE</country></address></addressbook></agent></agents></parties><international-convention-data><pct-or-regional-filing-data ucid="SE-2013050146-W"><document-id><country>SE</country><doc-number>2013050146</doc-number><kind>W</kind><date>20130220</date><lang>EN</lang></document-id></pct-or-regional-filing-data><pct-or-regional-publishing-data ucid="WO-2014129942-A1"><document-id><country>WO</country><doc-number>2014129942</doc-number><kind>A1</kind><date>20140828</date><lang>EN</lang></document-id></pct-or-regional-publishing-data><designated-states><ep-contracting-states><country mxw-id="DS660715954" load-source="docdb">AL</country><country mxw-id="DS660718703" load-source="docdb">AT</country><country mxw-id="DS660715968" load-source="docdb">BE</country><country mxw-id="DS660792835" load-source="docdb">BG</country><country mxw-id="DS660639397" load-source="docdb">CH</country><country mxw-id="DS660747687" load-source="docdb">CY</country><country mxw-id="DS660747688" load-source="docdb">CZ</country><country mxw-id="DS660726088" load-source="docdb">DE</country><country mxw-id="DS660715969" load-source="docdb">DK</country><country mxw-id="DS660747689" load-source="docdb">EE</country><country mxw-id="DS660635684" load-source="docdb">ES</country><country mxw-id="DS660792836" load-source="docdb">FI</country><country mxw-id="DS660792837" load-source="docdb">FR</country><country mxw-id="DS660726089" load-source="docdb">GB</country><country mxw-id="DS660715970" load-source="docdb">GR</country><country mxw-id="DS660726090" load-source="docdb">HR</country><country mxw-id="DS660747690" load-source="docdb">HU</country><country mxw-id="DS660639398" load-source="docdb">IE</country><country mxw-id="DS660715975" load-source="docdb">IS</country><country mxw-id="DS660792838" load-source="docdb">IT</country><country mxw-id="DS660715976" load-source="docdb">LI</country><country mxw-id="DS660726095" load-source="docdb">LT</country><country mxw-id="DS660718704" load-source="docdb">LU</country><country mxw-id="DS660726096" load-source="docdb">LV</country><country mxw-id="DS660726097" load-source="docdb">MC</country><country mxw-id="DS660718705" load-source="docdb">MK</country><country mxw-id="DS660718706" load-source="docdb">MT</country><country mxw-id="DS660718711" load-source="docdb">NL</country><country mxw-id="DS660747699" load-source="docdb">NO</country><country mxw-id="DS660718712" load-source="docdb">PL</country><country mxw-id="DS660715977" load-source="docdb">PT</country><country mxw-id="DS660718713" load-source="docdb">RO</country><country mxw-id="DS660715978" load-source="docdb">RS</country><country mxw-id="DS660718714" load-source="docdb">SE</country><country mxw-id="DS660726103" load-source="docdb">SI</country><country mxw-id="DS660747700" load-source="docdb">SK</country><country mxw-id="DS660747701" load-source="docdb">SM</country><country mxw-id="DS660635685" load-source="docdb">TR</country></ep-contracting-states><ep-extended-states><ep-extended-state-data><country>BA</country></ep-extended-state-data><ep-extended-state-data><country>ME</country></ep-extended-state-data></ep-extended-states></designated-states></international-convention-data><office-specific-data><eptags><ep-no-a-document-published>*</ep-no-a-document-published></eptags></office-specific-data></bibliographic-data><abstract mxw-id="PA139074293" ref-ucid="WO-2014129942-A1" lang="EN" load-source="patent-office"><p num="0000">The present invention relates to an airbag (6) arranged to be inflated by an inflating device (10) and comprising at least two airbag parts (12, 13, 14) which in turn each comprises at least one bonding (15; 16, 18; 17) and at least one airbag aperture (19; 20 23; 22). Each bonding (15; 16, 18; 17) runs towards at least one corresponding airbag aperture (19; 20 23; 22). The airbags parts (12, 13, 14) are attached to each other by means of circumferential bondings (21, 24) such that the airbags part (12, 13, 14) are in fluid connection with each other via said apertures (19; 20 23; 22). Each bonding (15; 16, 18; 17) intersects at least one circumferential bonding (21, 24) at least at one corresponding position (P1, P2, P3, P4). For each two airbag bondings (15, 16; 15, 18; 16, 17; 16, 18) comprised in different airbag parts (12, 13, 14), which airbag bondings (15, 16; 15, 18; 16, 17; 16, 18) are closer to each other than to any other airbag bonding when intersecting a circumferential bonding (21, 24), these airbag bondings (15, 16; 15, 18; 16, 17; 16, 18) are positioned a corresponding certain distance (D1, D2, D3, D4) from each other when intersecting said circumferential bonding (21, 24).</p></abstract><abstract mxw-id="PA139541938" ref-ucid="WO-2014129942-A1" lang="EN" source="national office" load-source="docdb"><p>The present invention relates to an airbag (6) arranged to be inflated by an inflating device (10) and comprising at least two airbag parts (12, 13, 14) which in turn each comprises at least one bonding (15; 16, 18; 17) and at least one airbag aperture (19; 20 23; 22). Each bonding (15; 16, 18; 17) runs towards at least one corresponding airbag aperture (19; 20 23; 22). The airbags parts (12, 13, 14) are attached to each other by means of circumferential bondings (21, 24) such that the airbags part (12, 13, 14) are in fluid connection with each other via said apertures (19; 20 23; 22). Each bonding (15; 16, 18; 17) intersects at least one circumferential bonding (21, 24) at least at one corresponding position (P1, P2, P3, P4). For each two airbag bondings (15, 16; 15, 18; 16, 17; 16, 18) comprised in different airbag parts (12, 13, 14), which airbag bondings (15, 16; 15, 18; 16, 17; 16, 18) are closer to each other than to any other airbag bonding when intersecting a circumferential bonding (21, 24), these airbag bondings (15, 16; 15, 18; 16, 17; 16, 18) are positioned a corresponding certain distance (D1, D2, D3, D4) from each other when intersecting said circumferential bonding (21, 24).</p></abstract><abstract mxw-id="PA139074294" ref-ucid="WO-2014129942-A1" lang="FR" load-source="patent-office"><p num="0000">La présente invention concerne un airbag (6) agencé pour être gonflé par un dispositif de gonflage (10) et comprenant au moins deux pièces (12, 13, 14) d'airbag qui à leur tour comprennent chacune au moins un collage (15; 16, 18; 17) et au moins une ouverture (19; 20, 23; 22) d'airbag. Chaque collage (15; 16, 18; 17) court vers au moins une ouverture (19; 20, 23; 22) d'airbag correspondante. Les pièces (12, 13, 14) d'airbag sont fixées l'une à l'autre au moyen de collages circonférentiels (21, 24) de telle sorte que les pièces (12, 13, 14) d'airbag sont en communication
fluidique l'une avec l'autre via lesdites ouvertures (19; 20, 23; 22). Chaque collage (15; 16, 18; 17) coupe au moins un collage circonférentiel (21, 24) en au moins un endroit (P1, P2, P3, P4) correspondant. Pour chaque couple de collages (15, 16; 15, 18; 16, 17; 16, 18) d'airbag compris dans différentes pièces (12, 13, 14) d'airbag, lesquels collages (15, 16; 15, 18; 16, 17; 16, 18) d'airbag sont plus proches l'un de l'autre que de tout autre collage d'airbag quand ils coupent un collage circonférentiel (21, 24), ces collages (15, 16; 15, 18; 16, 17; 16, 18) d'airbag sont placés à une certaine distance correspondante (D1, D2, D3, D4) l'un de l'autre quand ils coupent ledit collage circonférentiel (21, 24).</p></abstract><abstract mxw-id="PA139541939" ref-ucid="WO-2014129942-A1" lang="FR" source="national office" load-source="docdb"><p>La présente invention concerne un airbag (6) agencé pour être gonflé par un dispositif de gonflage (10) et comprenant au moins deux pièces (12, 13, 14) d'airbag qui à leur tour comprennent chacune au moins un collage (15; 16, 18; 17) et au moins une ouverture (19; 20, 23; 22) d'airbag. Chaque collage (15; 16, 18; 17) court vers au moins une ouverture (19; 20, 23; 22) d'airbag correspondante. Les pièces (12, 13, 14) d'airbag sont fixées l'une à l'autre au moyen de collages circonférentiels (21, 24) de telle sorte que les pièces (12, 13, 14) d'airbag sont en communication fluidique l'une avec l'autre via lesdites ouvertures (19; 20, 23; 22). Chaque collage (15; 16, 18; 17) coupe au moins un collage circonférentiel (21, 24) en au moins un endroit (P1, P2, P3, P4) correspondant. Pour chaque couple de collages (15, 16; 15, 18; 16, 17; 16, 18) d'airbag compris dans différentes pièces (12, 13, 14) d'airbag, lesquels collages (15, 16; 15, 18; 16, 17; 16, 18) d'airbag sont plus proches l'un de l'autre que de tout autre collage d'airbag quand ils coupent un collage circonférentiel (21, 24), ces collages (15, 16; 15, 18; 16, 17; 16, 18) d'airbag sont placés à une certaine distance correspondante (D1, D2, D3, D4) l'un de l'autre quand ils coupent ledit collage circonférentiel (21, 24).</p></abstract><description mxw-id="PDES78477258" ref-ucid="WO-2014129942-A1" lang="EN" load-source="patent-office"><!-- EPO <DP n="2"/>--><p id="p0001" num="0001">TITLE </p><p id="p0002" num="0002"> An airbag device with directed inflation DESCRIPTION OF THE INVENTION </p><p id="p0003" num="0003"> The present invention relates to an airbag arranged to be inflated by an inflating device. The airbag comprises at least two airbag parts, each airbag part comprising at least one bonding and at least one airbag aperture. Each bonding is running towards at least one corresponding airbag aperture. The airbags parts are attached to each other by means of circumferential bondings such that the airbags part are in fluid connection with each other via said apertures, each bonding intersecting at least one circumferential bonding at least at one corresponding position. </p><p id="p0004" num="0004">Today, many vehicles are constructed to comprise at least one exterior airbag, intended to be inflated in the case of a collision with a pedestrian and to alleviate the collision force that the pedestrian is subject to. Such an exterior airbag is for example mounted in a designated housing at the rear end of the vehicle hood, and it is desired that the inflated airbag at least partly follows the inclination of the windscreen and the A-pillars. Many previous arrangements have an airbag which inflates in an upward direction from the hood, such that an angle is created between the longitudinal extension of the inflated airbag and the windscreen. </p><p id="p0005" num="0005">One previously known arrangement for directing an airbag is to use straps mounted between different positions on an airbag, or between an airbag and a fixed structural component. The straps are arranged such that a desired bend is accomplished 
<!-- EPO <DP n="3"/>-->
when inflation occurs. Such arrangements are relatively complicated and require special mounting. </p><p id="p0006" num="0006">EP 2502794 discloses a pedestrian air bag where the vehicle hood guides the inflated airbag to bend towards the windscreen. Other types of pedestrian air bags depend on aerodynamic forces due to vehicle speed, or only the force of a pedestrian which impacts the airbag. However, the airbag arrangements according to prior art can be further improved, for example speed independent and independent of vehicle design. It is also desired to reduce the risk of oscillation of an inflated airbag. Furthermore, it is desired to obtain an airbag arrangement, at any position at a vehicle, which can inflate in a predetermined direction. </p><p id="p0007" num="0007">It is thus desired to obtain an airbag arrangement which is arranged to inflate in a predetermined direction without having to rely on any certain design features of a vehicle or undetermined parameters such as velocity. </p><p id="p0008" num="0008">It is an ob ect of the present invention to provide an airbag arrangement that is arranged to inflate in a predetermined direction without the restrictions mentioned above, resting against vehicle parts in a desired manner when inflated. </p><p id="p0009" num="0009">Said object is achieved by means of an airbag arranged to be inflated by an inflating device. The airbag comprises at least two airbag parts, each airbag part comprising at least one bonding and at least one airbag aperture. Each bonding is running towards at least one corresponding airbag aperture. The airbags parts are attached to each other by means of circumferential bondings such that the airbags part are in 
<!-- EPO <DP n="4"/>-->
fluid connection with each other via said apertures, each bonding intersecting at least one circumferential bonding at least at one corresponding position. For each two airbag bondings comprised in different airbag parts, which airbag bondings are closer to each other than to any other airbag bonding when intersecting a circumferential bonding, these airbag bondings are positioned a corresponding certain distance from each other when intersecting said circumferential seam. Each distance creates an offset in a corresponding direction along the corresponding circumferential seam. </p><p id="p0010" num="0010">According to an example, the airbag comprises a first airbag part and a second airbag part. The first airbag part comprises a first airbag bonding that is attaching a first sheet with a second sheet and running to a first airbag aperture, and the second airbag part comprises a second airbag bonding that is attaching a first sheet with a second sheet and running to a second airbag aperture. The first airbag part is attached to the second airbag part by a first circumferential bonding such that said airbags part are in fluid connection with each other via said apertures. Each one of the first airbag bonding and the second airbag bonding are intersecting the first circumferential bonding at least at one corresponding position. For a first airbag bonding and a second airbag bonding that are closer to each other than to any other airbag bonding when intersecting the circumferential bonding, the airbag bondings are positioned a corresponding certain distance from each other when intersecting said circumferential seam. Each distance is creating an offset in a corresponding direction along the corresponding circumferential seam. 
<!-- EPO <DP n="5"/>-->
According to another example, the airbag comprises a third airbag part comprising a third airbag bonding that is attaching a first sheet with a second sheet and running towards a third airbag aperture. The second airbag part comprises a fourth airbag bonding, the second airbag bonding and the fourth airbag bonding running between the second airbag aperture and a fourth airbag aperture comprised in the second airbag part. The third airbag part is attached to the second airbag part by a second circumferential bonding such that the airbag parts are in fluid connection with each other, on one hand, via the first airbag aperture and the second aperture, and, on the other hand, via the third airbag aperture and the fourth airbag aperture. </p><p id="p0011" num="0011">Other examples are evident from the dependent claims. </p><p id="p0012" num="0012">A number of advantages are obtained by means of the present invention. Mainly, an air bag arrangement is provided which is arranged to inflate in a predetermined direction without having to rely on any certain design features of a vehicle or undetermined parameters such as velocity. </p><p id="p0013" num="0013">BRIEF DESCRIPTION OF THE DRAWINGS </p><p id="p0014" num="0014"> The present invention will now be described more in detail with reference to the appended drawings, where: </p><p id="p0015" num="0015">Figure 1 shows a schematic side view of a vehicle; </p><p id="p0016" num="0016">Figure 2 shows a schematic top view of the front part of a vehicle ; 
<!-- EPO <DP n="6"/>-->
Figure 3 shows a schematic top view of the front part of a vehicle with an airbag according to the present invention inflated; Figure 4 shows unassembled airbag parts; </p><p id="p0017" num="0017">Figure 5 shows partially assembled airbag parts; and </p><p id="p0018" num="0018">Figure 6 shows an assembled airbag. </p><p id="p0019" num="0019">DETAILED DESCRIPTION </p><p id="p0020" num="0020"> With reference to Figure 1 and Figure 2, a vehicle 1 comprises a windscreen 2 and so-called A-pillars; a first A-pillar 3 at a right-hand side of the windscreen 2 and a second A-pillar 4 at a left-hand side of the windscreen 2. The A-pillars are well-known in the field of vehicles, and run to a roof 5 of the vehicle 1. The right-hand side and left-hand side are defined when viewing along the vehicle in its forward running direction D. The vehicle also comprises a hood 6. </p><p id="p0021" num="0021">Figure 2 shows the vehicle pedestrian airbag arrangement 7 at a normal mounted position, and Figure 3 shows the vehicle pedestrian airbag arrangement 7 when the airbag 9 has been inflated, Figure 2 and Figure 3 showing a partial top view of the f ont part of the vehicle 1. </p><p id="p0022" num="0022">The vehicle pedestrian airbag arrangement 7 is positioned at the rear side of the hood 6 and comprises a housing 8, an airbag 9, a pyrotechnic device 10 arranged for inflating the airbag 9 in the event of a collision, and a lid 11. </p><p id="p0023" num="0023">In the event of a collision with a pedestrian, it is desirable that the pedestrian's impact with the vehicle 1 is alleviated, 
<!-- EPO <DP n="7"/>-->
and therefore the airbag 9 is mounted in such a way that when inflated it is arranged to at least partly cover the windscreen 2 and the A-pillars 3, 4, as indicated in Figure 3. In this way, the inflated airbag 6 relieves some of the impact force. The windscreen 2 has been found to be a suitable energy absorber and thus not so severe to hit as the A-pillars 3, 4, and the airbag 7 has been shaped accordingly, here shown to have a U-shape. The airbag is made out of a first airbag part 12, a second airbag part 13 and a third airbag part 14, which parts 12, 13, 14 are sewn together. When inflated, the first airbag part 12 is intended to at least partly cover the first A-pillar 3, the second airbag part 13 is intended to at least partly cover the windscreen 2, and the third airbag part 14 is intended to at least partly cover the second A-pillar 4. </p><p id="p0024" num="0024">With reference to Figure 4, each of these parts 12, 13, 14 is made out of a sheet pair constituted by a corresponding first sheet 12a, 13a, 14a and second sheet 12b, 13b, 14b. With reference also to Figure 5, for each sheet pair 12a, 12b; 13a, 13b; 14a, 14b, the first sheet 12a, 13a, 14a and second sheet 12b, 13b, 14b are sewn together by corresponding seams; the first airbag part 12 with a first seam 15, the second airbag part 13 with a second seam 16 and a fourth seam 18, and the third airbag part 14 with a third seam 17. The seams 15, 16, 17 are indicated with dash-dotted lines where visible, and with dashed lines where hidden. With reference to Figure 5 and Figure 6, the first airbag part 12 comprises a first airbag aperture 19 and the second airbag part 13 comprises a second airbag aperture 20, where the first airbag part 12 and the second airbag part 13 are attached to 
<!-- EPO <DP n="8"/>-->
each other by means of a first circumferential seam 21 such that the first airbag aperture and the second airbag aperture are connected to each other. Furthermore, the third airbag part comprises a third airbag aperture 22 and the second airbag part comprises a fourth airbag aperture 23, where the third airbag part 14 and the second airbag part 13 are attached to each other by means of a second circumferential seam 24 such that the third airbag aperture 22 and the fourth airbag aperture 23 are connected to each other. By means of this arrangement, the first airbag part 12, the second airbag part 13 and the third airbag part comes 14 into a fluid connection with each other via the apertures 19, 20; 22, 23. </p><p id="p0025" num="0025">The first seam 15 comprises a first seam first end 15a at the first airbag aperture 19, the second seam 16 comprises a second seam first end 16a at the second airbag aperture 22, the third seam 17 comprises a third seam first end 17a at the third airbag aperture 22 and the fourth seam 18 comprises a fourth seam first end 18a at the second airbag aperture 23. </p><p id="p0026" num="0026">Furthermore, the first seam 15 comprises a first seam second end 15b at the first airbag aperture 19, the second seam 16 comprises a second seam second end 16b at the fourth airbag aperture 23, the third seam 17 comprises a third seam second end 17b at the third airbag aperture 22 and the fourth seam 18 comprises a fourth seam second end 18b at the fourth airbag aperture 23. </p><p id="p0027" num="0027">When the airbag 9 is inflated, the second seam 16 is arranged to face the hood 5, and the fourth 18 seam is arranged to face away from the hood 5. 
<!-- EPO <DP n="9"/>-->
When the airbag parts 12, 13, 14 are attached to each other, the first airbag aperture being 19 connected to the second airbag aperture 20 and the third airbag aperture 22 being connected to the fourth airbag aperture 23, the first seam 15, second seam 16, third seam 17 and fourth seam 18 all intersect a circumferential seam 21, 24 such that each end 15a, 15b, 16a, 16b, 17a, 17b, 18a, 18b of said seams 15, 16, 17, 18 either is positioned on a corresponding circumferential seam 21, 24, or at another side of a corresponding circumferential seam 21, 24 than the major part of the corresponding seam 15, 16, 17, 18. In Figure 6, the first seam 15, second seam 16, third seam 17 and fourth seam 18 all intersect and pass a circumferential seam 21, 24. </p><p id="p0028" num="0028">According to the present invention, with reference to Figure 6, the seams that are closest to each other when intersecting a circumferential seam 21, 24 are positioned a corresponding certain distance Dl, D2, D3, D4 from each other when intersecting said circumferential seam 21, 24, such that at each circumferential seam 21, 24, each distance Dl, D2, D3, D4 is creating an offset in a corresponding direction along the corresponding circumferential seam 21, 24. These directions are directed such that when the airbag 9 is inflated, the first airbag part 12 and the third airbag part 14 are angularly rotated towards the windscreen 2. Seen f om the left-hand side of the vehicle 1, the angular rotation of the first airbag part 12 and the third airbag part 14 is performed in a clockwise direction. More in detail, where the first airbag part 12 is attached to the second airbag part 13 by means of the first circumferential seam 21, the first seam 15 intersects the first circumferential seam 21 at two positions, a first 
<!-- EPO <DP n="10"/>-->
position PI closer to the first seam first end 15a than the first seam second end 15b, and a second position P2 closer to the first seam second end 15b than the first seam first end</p><p id="p0029" num="0029">15a. The first seam first end 15a is thus positioned between the first position PI and the first airbag aperture 19, and the first seam second end 15b is thus positioned between the second position P2 and the first airbag aperture 19. </p><p id="p0030" num="0030">At a first distance Dl from the first position PI along the first circumferential seam 21 in a first direction Rl, the second seam 16 intersects the first circumferential seam 21 at a third position P3. Furthermore, at a second distance D2 from the second position P2 along the first circumferential seam in the first direction Rl, the fourth seam intersects the first circumferential seam at a fourth position P4. </p><p id="p0031" num="0031">In the same way, at the other side, where the third airbag part 14 is attached to the second airbag part 13 by means of the second circumferential seam 24, the third seam 17 intersects the second circumferential seam 24 at two positions, a fifth position P5 closer to the third seam first end 17a than the third seam second end 17b, and a sixth position P6 closer to the third seam second end 17b than the third seam first end 17a. The third seam first end 17a is thus positioned between the fifth position P5 and the third airbag aperture 23, and the third seam second end 17b is thus positioned between the sixth position P6 and the third airbag aperture 23. At a third distance D3 from the fifth position P5 along the second circumferential seam 24 in a second direction R2, the second seam 16 intersects the second circumferential seam 24 at a seventh position P7. Furthermore, at a fourth distance D4 
<!-- EPO <DP n="11"/>-->
from the sixth position P6 along the second circumferential seam 24 in the second direction R2, the fourth seam 18 intersects the second circumferential seam 24 at an eight position P8. All intersection positions PI, P2, P3, P4, P5, P6, P7, P8 are indicated by an imagined black dot. </p><p id="p0032" num="0032">The invention is not limited to the examples above, but may vary freely within the scope of the appended claims. For example, there may only be a first airbag part and a second airbag part, the second airbag part then only comprising on airbag aperture and only one seam, being similar to the third airbag part. </p><p id="p0033" num="0033">Furthermore, each first sheet 12a, 13a, 14a and corresponding second sheet 12b, 13b, 14c may be formed from one piece of material that is folded along one side and attached by means of a seam along the other side. Roughly, the seams that are marked with dashed lines, being hidden, may in this example constitute folding markings instead. </p><p id="p0034" num="0034">The seams 15, 16, 17, 18; 21, 24 are generally in the form of bondings, and may for example be constituted by glue bondings. </p><p id="p0035" num="0035">The pyrotechnic device 10 is generally constituted by an inflating device. </p><p id="p0036" num="0036">All airbag parts 12, 13, 14 may in a previously known manner comprises baffles or wall parts that divide the total volume of each airbag part 12, 13, 14 into smaller sub-volumes. Each such wall suitably comprises apertures or valve flaps. </p><p id="p0037" num="0037">The airbag 9 does not have to be a pedestrian protections airbag, but may be any type of airbag in a vehicle where a 
<!-- EPO <DP n="12"/>-->
certain inflation direction of at least one part of the airbag is desired. </p><p id="p0038" num="0038">For example, the first distance Dl, the second distance D2, the third distance D3 and the fourth distance D4 may be equal or may have different values. These distances may also be pair-wise equal. This may depend on the shape of the airbag. </p><p id="p0039" num="0039">The distances Dl, D2, D3 D4 may each have a length that is less than 50% of the total length of the corresponding circumferential seam 21, 24. For example, at least one of these distances Dl, D2, D3 D4 may have a length that exceeds either 1/3 of the total length of the corresponding circumferential seam 21, 24, 1/6 of the total length of the corresponding circumferential seam 21, 24 or 1/10 of the total length of the corresponding circumferential seam 21, 24. </p><p id="p0040" num="0040">Terms like equal are not to be interpreted as mathematically exact, but within what is practically obtainable. </p><p id="p0041" num="0041">In Figure 6, the first airbag part 12 and the third airbag part 14 are shown to be threaded onto the second airbag part 13, but which airbag part that is threaded onto which airbag part may of course vary. There has to be an overlap, allowing the circumferential seam, or more generally a circumferential bonding, to be made. </p><p id="p0042" num="0042">The first seam 15, second seam 16, third seam 17 and fourth seam 18 may stop at the corresponding circumferential seam or continue a certain distance past it, but there has to be an intersection in order to obtain an airbag that is sealed. In the examples described, the first seam 15, second seam 16, third seam 17 and fourth seam 18 are shown to continue to the 
<!-- EPO <DP n="13"/>-->
edge of each airbag part 12, 13, 14, stopping at the respective airbag aperture 19, 20. 
</p></description><claims mxw-id="PCLM70077527" ref-ucid="WO-2014129942-A1" lang="EN" load-source="patent-office"><claim id="clm-0001" num="1"><!-- EPO <DP n="14"/>--><claim-text/><claim-text>CLAIMS 1. An airbag (6) arranged to be inflated by an inflating device (10), the airbag (6) comprising at least two airbag parts (12, 13, 14), each airbag part (12, 13, 14) comprising at least one bonding (15; 16, 18; 17) and at least one airbag aperture (19; 20 23; 22), each bonding (15; 16, 18; 17) running towards at least one corresponding airbag aperture (19; 20 23; 22), the airbags parts (12, 13, 14) being attached to each other by means of circumferential bondings (21, 24) such that the airbags part (12, 13, 14) are in fluid connection with each other via said apertures (19; 20 23; 22), each bonding (15; 16, 18; 17) intersecting at least one circumferential bonding (21, 24) at least at one corresponding position (PI, P2, P3, P4), characterized in that for each two airbag bondings (15, 16; 15, 18; 16, 17; 16, 18) comprised in different airbag parts (12, 13, 14), which airbag bondings (15, 16; 15, 18; 16, 17; 16, 18) are closer to each other than to any other airbag bonding when intersecting a circumferential bonding (21, 24), these airbag bondings (15, 16; 15, 18; 16, 17; 16, 18) are positioned a corresponding certain distance (Dl, D2, D3, D4) from each other when intersecting said circumferential bonding (21, 24), each distance (Dl, D2, D3, D4) creating an offset in a corresponding direction along the corresponding circumferential bonding (21, 24) . </claim-text></claim><claim id="clm-0002" num="2"><claim-text>2. An airbag according to claim 1, characterized in that the airbag comprises a first airbag part (12) and a second airbag part (13), the first airbag part (12) comprising a first airbag bonding (15) that is attaching a first sheet 
<!-- EPO <DP n="15"/>-->
 (12a) with a second sheet (12b) and running to a first airbag aperture (19), and the second airbag part (13) comprising a second airbag bonding (16) running to a second airbag aperture (20), the first airbag part (12) being attached to the second airbag part (13) by a first circumferential bonding (21) such that said airbags part (12, 13) are in fluid connection with each other via said apertures (19, 20), each one of the first airbag bonding (15) and the second airbag bonding (16) intersecting the first circumferential bonding (21) at least at one corresponding position (PI, P2, P3), where, for a first airbag bonding (15) and a second airbag bonding (16) that are closer to each other than to any other airbag bonding when intersecting the circumferential bonding (21), the airbag bondings (15, 16) are positioned a corresponding certain distance (Dl) from each other when intersecting said circumferential bonding (21), said distance (Dl) creating an offset in a corresponding direction along the corresponding circumferential bonding (21) . </claim-text></claim><claim id="clm-0003" num="3"><claim-text>3. An airbag according to claim 2, characterized in that the airbag comprises a third airbag part (14) comprising a third airbag bonding (17) that is attaching a first sheet (14a) with a second sheet (14b) and running towards a third airbag aperture (22), the second airbag part comprising a fourth airbag bonding (18) that is attaching the first sheet (13a) with the second sheet (13b), the second airbag bonding (16) and the fourth airbag bonding (18) running between the second airbag aperture (20) and a fourth airbag aperture (23) comprised in the second airbag part (13), where the third airbag part (14) is attached to the second airbag part (13) by a second circumferential bonding (24) such that the airbag parts (12, 13, 14) are in fluid connection with each other, on one hand, via the first airbag aperture (19) and the second 
<!-- EPO <DP n="16"/>-->
aperture (20), and, one the other hand, via the third airbag aperture 22 and the fourth airbag aperture (23) . </claim-text></claim><claim id="clm-0004" num="4"><claim-text>4. An airbag according to any one of the claims 2 or 3, characterized in that each first sheet (12a, 13a, 14a) is attached to the corresponding second sheet (12b 13b, 14b) by means of bondings only. </claim-text></claim><claim id="clm-0005" num="5"><claim-text>5. An airbag according to any one of the claims 2 or 3, characterized in that each first sheet (12a, 13a, 14a) and corresponding second sheet (12b 13b, 14b) is formed from one piece of material that is folded along one side and bonded along at least one other side. </claim-text></claim><claim id="clm-0006" num="6"><claim-text>6. An airbag according to any one of the previous claims, characterized in that each distance (Dl, D2, D3 D4) has a length that exceeds 1/10 of the total length of the corresponding circumferential seam (21, 24) . </claim-text></claim><claim id="clm-0007" num="7"><claim-text>7. An airbag according to any one of the previous claims</claim-text><claim-text>1-5, characterized in that each distance (Dl, D2, D3 D4 ) has a length that exceeds 1/6 of the total length of the corresponding circumferential seam (21, 24) . </claim-text></claim><claim id="clm-0008" num="8"><claim-text>8. An airbag according to any one of the previous claims</claim-text><claim-text>1-5, characterized in that each distance (Dl, D2, D3 D4 ) has a length that exceeds 1/3 of the total length of the corresponding circumferential seam (21, 24) . </claim-text></claim><claim id="clm-0009" num="9"><claim-text>9. An airbag according to any one of the previous claims, characterized in that the airbag (6) is comprised in a pedestrian protection airbag arrangement. </claim-text><claim-text>ALIV031 
</claim-text></claim></claims><copyright>User acknowledges that Fairview Research LLC and its third party providers retain all right, title and interest in and to this xml under applicable copyright laws.  User acquires no ownership rights to this xml including but not limited to its format.  User hereby accepts the terms and conditions of the Licence Agreement</copyright></patent-document>
