<?xml version="1.0" encoding="UTF-8"?>
<patent-document ucid="EP-2958781-A1" country="EP" doc-number="2958781" kind="A1" date="20151230" family-id="50549290" file-reference-id="318327" date-produced="20180822" status="corrected" lang="DE"><bibliographic-data><publication-reference fvid="160453897" ucid="EP-2958781-A1"><document-id><country>EP</country><doc-number>2958781</doc-number><kind>A1</kind><date>20151230</date><lang>DE</lang></document-id></publication-reference><application-reference ucid="EP-14719255-A" is-representative="NO"><document-id mxw-id="PAPP193870762" load-source="patent-office" format="original"><country>EP</country><doc-number>14719255.3</doc-number><date>20140415</date><lang>DE</lang></document-id><document-id mxw-id="PAPP193870763" load-source="docdb" format="epo"><country>EP</country><doc-number>14719255</doc-number><kind>A</kind><date>20140415</date><lang>DE</lang></document-id></application-reference><priority-claims><priority-claim mxw-id="PPC162026793" ucid="DE-102013207570-A" load-source="docdb"><document-id format="epo"><country>DE</country><doc-number>102013207570</doc-number><kind>A</kind><date>20130425</date></document-id></priority-claim><priority-claim mxw-id="PPC162031093" ucid="EP-2014057618-W" linkage-type="W" load-source="docdb"><document-id format="epo"><country>EP</country><doc-number>2014057618</doc-number><kind>W</kind><date>20140415</date></document-id></priority-claim></priority-claims><technical-data><classifications-ipcr><classification-ipcr mxw-id="PCL-1988521917" load-source="docdb">B61D  27/00        20060101ALI20141111BHEP        </classification-ipcr><classification-ipcr mxw-id="PCL-1988523823" load-source="docdb">B60T  17/00        20060101AFI20141111BHEP        </classification-ipcr></classifications-ipcr><classifications-cpc><classification-cpc mxw-id="PCL-1987767753" load-source="docdb" scheme="CPC">B60T  17/004       20130101 FI20140904BHEP        </classification-cpc><classification-cpc mxw-id="PCL-1987780807" load-source="docdb" scheme="CPC">B61D  27/00        20130101 LI20140904BHEP        </classification-cpc></classifications-cpc><invention-title mxw-id="PT165553157" lang="DE" load-source="patent-office">VORRICHTUNG UND VERFAHREN ZUM TROCKNEN VON LUFT SOWIE SCHIENENFAHRZEUG MIT EINER DERARTIGEN VORRICHTUNG</invention-title><invention-title mxw-id="PT165553158" lang="EN" load-source="patent-office">DEVICE AND METHOD FOR DRYING AIR, AND A RAIL VEHICLE COMPRISING SUCH A DEVICE</invention-title><invention-title mxw-id="PT165553159" lang="FR" load-source="patent-office">DISPOSITIF ET PROCÉDÉ DE SÉCHAGE D'AIR, ET VÉHICULE FERROVIAIRE ÉQUIPÉ D'UN TEL DISPOSITIF</invention-title></technical-data><parties><applicants><applicant mxw-id="PPAR1103313121" load-source="docdb" sequence="1" format="epo"><addressbook><last-name>SIEMENS AG</last-name><address><country>DE</country></address></addressbook></applicant><applicant mxw-id="PPAR1103326841" load-source="docdb" sequence="1" format="intermediate"><addressbook><last-name>SIEMENS AKTIENGESELLSCHAFT</last-name></addressbook></applicant><applicant mxw-id="PPAR1101644174" load-source="patent-office" sequence="1" format="original"><addressbook><last-name>Siemens Aktiengesellschaft</last-name><iid>101362070</iid><address><street>Wittelsbacherplatz 2</street><city>80333 München</city><country>DE</country></address></addressbook></applicant></applicants><inventors><inventor mxw-id="PPAR1103308404" load-source="docdb" sequence="1" format="epo"><addressbook><last-name>MAUDER MIKE</last-name><address><country>DE</country></address></addressbook></inventor><inventor mxw-id="PPAR1103321534" load-source="docdb" sequence="1" format="intermediate"><addressbook><last-name>MAUDER, Mike</last-name></addressbook></inventor><inventor mxw-id="PPAR1101640028" load-source="patent-office" sequence="1" format="original"><addressbook><last-name>MAUDER, Mike</last-name><address><street>Kleutscher Straße 32</street><city>06842 Dessau-Roßlau</city><country>DE</country></address></addressbook></inventor><inventor mxw-id="PPAR1103310596" load-source="docdb" sequence="2" format="epo"><addressbook><last-name>SCHMITT VOLKER</last-name><address><country>DE</country></address></addressbook></inventor><inventor mxw-id="PPAR1103339422" load-source="docdb" sequence="2" format="intermediate"><addressbook><last-name>SCHMITT, VOLKER</last-name></addressbook></inventor><inventor mxw-id="PPAR1101647889" load-source="patent-office" sequence="2" format="original"><addressbook><last-name>SCHMITT, VOLKER</last-name><address><street>Bernhard-Plettner-Ring 43</street><city>91052 Erlangen</city><country>DE</country></address></addressbook></inventor></inventors></parties><international-convention-data><pct-or-regional-filing-data ucid="EP-2014057618-W"><document-id><country>EP</country><doc-number>2014057618</doc-number><kind>W</kind><date>20140415</date><lang>DE</lang></document-id></pct-or-regional-filing-data><pct-or-regional-publishing-data ucid="WO-2014173729-A1"><document-id><country>WO</country><doc-number>2014173729</doc-number><kind>A1</kind><date>20141030</date><lang>DE</lang></document-id></pct-or-regional-publishing-data><designated-states><ep-contracting-states><country mxw-id="DS660643266" load-source="docdb">AL</country><country mxw-id="DS660726615" load-source="docdb">AT</country><country mxw-id="DS660643276" load-source="docdb">BE</country><country mxw-id="DS660795544" load-source="docdb">BG</country><country mxw-id="DS660737007" load-source="docdb">CH</country><country mxw-id="DS660644433" load-source="docdb">CY</country><country mxw-id="DS660726616" load-source="docdb">CZ</country><country mxw-id="DS660647746" load-source="docdb">DE</country><country mxw-id="DS660643277" load-source="docdb">DK</country><country mxw-id="DS660644434" load-source="docdb">EE</country><country mxw-id="DS660725626" load-source="docdb">ES</country><country mxw-id="DS660795545" load-source="docdb">FI</country><country mxw-id="DS660795546" load-source="docdb">FR</country><country mxw-id="DS660647755" load-source="docdb">GB</country><country mxw-id="DS660643278" load-source="docdb">GR</country><country mxw-id="DS660643287" load-source="docdb">HR</country><country mxw-id="DS660644439" load-source="docdb">HU</country><country mxw-id="DS660737008" load-source="docdb">IE</country><country mxw-id="DS660643288" load-source="docdb">IS</country><country mxw-id="DS660795547" load-source="docdb">IT</country><country mxw-id="DS660644440" load-source="docdb">LI</country><country mxw-id="DS660647756" load-source="docdb">LT</country><country mxw-id="DS660726617" load-source="docdb">LU</country><country mxw-id="DS660647757" load-source="docdb">LV</country><country mxw-id="DS660647758" load-source="docdb">MC</country><country mxw-id="DS660760636" load-source="docdb">MK</country><country mxw-id="DS660760637" load-source="docdb">MT</country><country mxw-id="DS660726618" load-source="docdb">NL</country><country mxw-id="DS660737009" load-source="docdb">NO</country><country mxw-id="DS660726623" load-source="docdb">PL</country><country mxw-id="DS660725631" load-source="docdb">PT</country><country mxw-id="DS660726624" load-source="docdb">RO</country><country mxw-id="DS660725632" load-source="docdb">RS</country><country mxw-id="DS660726625" load-source="docdb">SE</country><country mxw-id="DS660647772" load-source="docdb">SI</country><country mxw-id="DS660737010" load-source="docdb">SK</country><country mxw-id="DS660737015" load-source="docdb">SM</country><country mxw-id="DS660643289" load-source="docdb">TR</country></ep-contracting-states><ep-extended-states><ep-extended-state-data><country>BA</country></ep-extended-state-data><ep-extended-state-data><country>ME</country></ep-extended-state-data></ep-extended-states></designated-states></international-convention-data><office-specific-data><eptags><ep-no-a-document-published>*</ep-no-a-document-published></eptags></office-specific-data></bibliographic-data><abstract mxw-id="PA142505233" ref-ucid="WO-2014173729-A1" lang="DE" load-source="patent-office"><p num="0000">Die Erfindung betrifft eine Anordnung (3; 103) zum Trocknen von Luft, insbesondere für eine Druckluftanlage (4; 104) eines Schienenfahrzeugs (1; 101), mit einem Lufttrockner (12; 112), der einen Lufttrocknereingang (17; 117) zur Aufnahme der zu trocknenden Luft, zumindest eine Trocknungskammer (22; 122) und ein an die Trocknungskammer angeschlossenes Luftleitungssystem (32; 132) zum Leiten mittels der Trocknungskammer getrockneter Luft aufweist, wobei das Luftleitungssystem zumindest zwei jeweils mit einer Regenerationsdüse (30, 31; 130, 131) versehene parallel geschaltete Regenerationsleitungsabschnitte (32g, 32h; 132g, 132h) aufweist, in einem derer in Reihe zu der Regenerationsdüse ein Schaltmittel (28, 128) zum bedarfsweisen Zu- und Abschalten des einen Regenerationsleitungsabschnittes (32h; 132h) angeordnet ist. Zur Optimierung dieser Anordnung hinsichtlich äußerer Bedingungen, die im Bereich eines zu befahrenen schienengebundenen Verkehrsweges vorherrschen, ist eine Steuereinrichtung (16; 116) vorgesehen, die geeignet ausgebildet ist, das Schaltmittel (28; 128) in Abhängigkeit des Betriebszustandes einer Klimaanlage (5; 105) zu steuern. Die Erfindung betrifft auch ein Schienenfahrzeug (1; 101) mit einer derartigen Anordnung und ein Verfahren zum Trocknen von Luft.</p></abstract><abstract mxw-id="PA142977061" ref-ucid="WO-2014173729-A1" lang="DE" source="national office" load-source="docdb"><p>Die Erfindung betrifft eine Anordnung (3; 103) zum Trocknen von Luft, insbesondere für eine Druckluftanlage (4; 104) eines Schienenfahrzeugs (1; 101), mit einem Lufttrockner (12; 112), der einen Lufttrocknereingang (17; 117) zur Aufnahme der zu trocknenden Luft, zumindest eine Trocknungskammer (22; 122) und ein an die Trocknungskammer angeschlossenes Luftleitungssystem (32; 132) zum Leiten mittels der Trocknungskammer getrockneter Luft aufweist, wobei das Luftleitungssystem zumindest zwei jeweils mit einer Regenerationsdüse (30, 31; 130, 131) versehene parallel geschaltete Regenerationsleitungsabschnitte (32g, 32h; 132g, 132h) aufweist, in einem derer in Reihe zu der Regenerationsdüse ein Schaltmittel (28, 128) zum bedarfsweisen Zu- und Abschalten des einen Regenerationsleitungsabschnittes (32h; 132h) angeordnet ist. Zur Optimierung dieser Anordnung hinsichtlich äußerer Bedingungen, die im Bereich eines zu befahrenen schienengebundenen Verkehrsweges vorherrschen, ist eine Steuereinrichtung (16; 116) vorgesehen, die geeignet ausgebildet ist, das Schaltmittel (28; 128) in Abhängigkeit des Betriebszustandes einer Klimaanlage (5; 105) zu steuern. Die Erfindung betrifft auch ein Schienenfahrzeug (1; 101) mit einer derartigen Anordnung und ein Verfahren zum Trocknen von Luft.</p></abstract><abstract mxw-id="PA142505234" ref-ucid="WO-2014173729-A1" lang="EN" load-source="patent-office"><p num="0000">The invention relates to an arrangement (3; 103) for drying air, particularly for a compressed air installation (4; 104) of a rail vehicle (1; 101), comprising an air dryer (12; 112) that comprises an air drying inlet (17; 117) for receiving the air to be dried, at least one drying chamber (22, 122), and an air conduction system (32, 132) connected to said drying chamber for the purpose of conducting air that has been dried in the drying chamber, said air conduction system comprising at least two regeneration line sections (32g, 32h; 132g, 132h) which are connected in parallel, are each provided with a regeneration nozzle (30, 31; 130, 131) and in one of which, in series with said regeneration nozzle, a switching means (28, 128) is arranged for connecting and disconnecting the one regeneration line section (32h, 132h) as required. In order to optimise this arrangement with regard to external conditions that prevail in the region of a rail-bound transportation route to be travelled, a control device (16; 116) is provided which is designed to be suitable for controlling the switching means (28; 128) as a function of the operating state of an air conditioning installation (5; 105). The invention also relates to a rail vehicle (1; 101) that comprises such an arrangement, and to a method for drying air.</p></abstract><abstract mxw-id="PA142977062" ref-ucid="WO-2014173729-A1" lang="EN" source="national office" load-source="docdb"><p>The invention relates to an arrangement (3; 103) for drying air, particularly for a compressed air installation (4; 104) of a rail vehicle (1; 101), comprising an air dryer (12; 112) that comprises an air drying inlet (17; 117) for receiving the air to be dried, at least one drying chamber (22, 122), and an air conduction system (32, 132) connected to said drying chamber for the purpose of conducting air that has been dried in the drying chamber, said air conduction system comprising at least two regeneration line sections (32g, 32h; 132g, 132h) which are connected in parallel, are each provided with a regeneration nozzle (30, 31; 130, 131) and in one of which, in series with said regeneration nozzle, a switching means (28, 128) is arranged for connecting and disconnecting the one regeneration line section (32h, 132h) as required. In order to optimise this arrangement with regard to external conditions that prevail in the region of a rail-bound transportation route to be travelled, a control device (16; 116) is provided which is designed to be suitable for controlling the switching means (28; 128) as a function of the operating state of an air conditioning installation (5; 105). The invention also relates to a rail vehicle (1; 101) that comprises such an arrangement, and to a method for drying air.</p></abstract><abstract mxw-id="PA142505235" ref-ucid="WO-2014173729-A1" lang="FR" load-source="patent-office"><p num="0000">L'invention concerne un ensemble (3 ; 103) destiné au séchage d'air, en particulier pour un système à air comprimé (4 ; 104) d'un véhicule ferroviaire (1 ; 101), qui comprend un sécheur d'air (12 ; 112) pourvu d'une entrée (17 ; 117) par laquelle l'air destiné à être séché est reçu, au moins une chambre de séchage (22 ; 122) ainsi qu'un système de conduite d'air (32 ; 132) raccordé à la chambre de séchage et destiné à la conduite de l'air séché au moyen de la chambre de séchage, ledit système de conduite d'air comportant au moins deux tronçons de conduite (32g, 32h; 132g, 132h) destinés à la régénération, qui sont montés en parallèle, sont chacun munis d'une buse de régénération (30, 31; 130, 131) et dans l'un desquels un élément de commutation (28, 128) est monté en série avec la buse de régénération, ledit élément de commutation permettant, en fonction de la demande, de mettre en service ou hors service ledit tronçon de conduite (32h; 132h) destiné à la régénération. Le but de l'invention est d'optimiser cet ensemble du point de vue des conditions extérieures régnant dans la zone d'une voie de communication ferroviaire destinée à être empruntée. A cet effet, un dispositif de commande (16 ; 116) est conçu de façon à être apte à commander l'élément de commutation (28 ; 128) en fonction de l'état de fonctionnement d'un système de climatisation (5 ; 105). L'invention porte également sur un véhicule ferroviaire (1 ; 101) équipé d'un tel ensemble et un procédé de séchage d'air.</p></abstract><abstract mxw-id="PA142977063" ref-ucid="WO-2014173729-A1" lang="FR" source="national office" load-source="docdb"><p>L'invention concerne un ensemble (3 ; 103) destiné au séchage d'air, en particulier pour un système à air comprimé (4 ; 104) d'un véhicule ferroviaire (1 ; 101), qui comprend un sécheur d'air (12 ; 112) pourvu d'une entrée (17 ; 117) par laquelle l'air destiné à être séché est reçu, au moins une chambre de séchage (22 ; 122) ainsi qu'un système de conduite d'air (32 ; 132) raccordé à la chambre de séchage et destiné à la conduite de l'air séché au moyen de la chambre de séchage, ledit système de conduite d'air comportant au moins deux tronçons de conduite (32g, 32h; 132g, 132h) destinés à la régénération, qui sont montés en parallèle, sont chacun munis d'une buse de régénération (30, 31; 130, 131) et dans l'un desquels un élément de commutation (28, 128) est monté en série avec la buse de régénération, ledit élément de commutation permettant, en fonction de la demande, de mettre en service ou hors service ledit tronçon de conduite (32h; 132h) destiné à la régénération. Le but de l'invention est d'optimiser cet ensemble du point de vue des conditions extérieures régnant dans la zone d'une voie de communication ferroviaire destinée à être empruntée. A cet effet, un dispositif de commande (16 ; 116) est conçu de façon à être apte à commander l'élément de commutation (28 ; 128) en fonction de l'état de fonctionnement d'un système de climatisation (5 ; 105). L'invention porte également sur un véhicule ferroviaire (1 ; 101) équipé d'un tel ensemble et un procédé de séchage d'air.</p></abstract><description mxw-id="PDES81665314" ref-ucid="WO-2014173729-A1" lang="DE" load-source="patent-office"><!-- EPO <DP n="3"/>--><p id="p0001" num="0001">Beschreibung </p><p id="p0002" num="0002">Vorrichtung und Verfahren zum Trocknen von Luft sowie Schienenfahrzeug mit einer derartigen Vorrichtung </p><p id="p0003" num="0003">Die Erfindung betrifft Anordnung zum Trocknen von Luft, insbesondere für eine Druckluftanlage eines Schienenfahrzeugs, mit einem Lufttrockner, der einen Lufttrocknereingang zur Aufnahme der zu trocknenden Luft, zumindest eine Trocknungs- kammer und ein an die Trocknungskammer angeschlossenes Luft<sup>¬</sup> leitungssystem zum Leiten mittels der Trocknungskammer getrockneter Luft aufweist, wobei das Luftleitungssystem zumindest zwei jeweils mit einer Regenerationsdüse versehene pa<sup>¬</sup> rallel geschaltete Regenerationsleitungsabschnitte aufweist, in einem derer in Reihe zu der Regenerationsdüse ein Schalt<sup>¬</sup> mittel zum bedarfsweisen Zu- und Abschalten des einen Regene- rationsleitungsabschnittes angeordnet ist. </p><p id="p0004" num="0004">Die Erfindung betrifft weiterhin ein Schienenfahrzeug mit ei- ner derartigen Anordnung. </p><p id="p0005" num="0005">Ferner betrifft die Erfindung ein Verfahren zum Trocknen von Luft, insbesondere zur Anwendung bei einer Druckluftanlage eines Schienenfahrzeugs, bei dem ein Lufttrockner bereitge- stellt wird, der einen Lufttrocknereingang zur Aufnahme der zu trocknenden Luft, zumindest eine Trocknungskammer und ein an die Trocknungskammer angeschlossenes Luftleitungssystem zum Leiten mittels der Trocknungskammer getrockneter Luft aufweist, wobei das Luftleitungssystem zumindest zwei jeweils mit einer Regenerationsdüse versehene parallel geschaltete Regenerationsleitungsabschnitte aufweist, in einem derer in Reihe zu der Regenerationsdüse ein Schaltmittel angeordnet ist, und bei dem mittels des Schaltmittels der eine Regene- 
<!-- EPO <DP n="4"/>-->
rationsleitungsabschnitt bedarfsweisen zu- und abgeschaltet wird . </p><p id="p0006" num="0006">Eine derartige Anordnung, ein derartiges Schienenfahrzeug und ein derartiges Verfahren sind aus der Patentschrift DE 196 17 829 C5 bekannt. Bei der bekannten Anordnung erfolgt das Zu- und Abschalten einer der Regenerationsdüsen, das eine bedarfsabhängige Regeneration der dort gezeigten zwei Trocknungskammern ermöglicht, in Abhängigkeit des Druckes der ge- trockneten Luft (Druckluft) , so dass diese Vorrichtung insbe<sup>¬</sup> sondere für den Anschluss zweier Kompressoren optimiert ist. </p><p id="p0007" num="0007">Der Erfindung liegt die Aufgabe zu Grunde eine Anordnung der eingangs genannten Art, ein Schienenfahrzeug mit einer derar- tigen Anordnung und ein Verfahren der eingangs genannten Art bereit zu stellen, die hinsichtlich äußerer Bedingungen optimiert sind, die im Bereich eines zu befahrenen schienengebundenen Verkehrsweges vorherrschen. Zur Lösung dieser Aufgabe schlägt die Erfindung eine Anord<sup>¬</sup> nung mit den Merkmalen des Anspruches 1 und ein Schienenfahrzeug mit einer derartigen Anordnung gemäß Anspruch 7 vor, bei denen eine Steuereinrichtung geeignet ausgebildet ist, das Schaltmittel in Abhängigkeit des Betriebszustandes einer Kli- maanlage zu steuern. </p><p id="p0008" num="0008">Ferner schlägt die Erfindung zur Lösung dieser Aufgabe ein Verfahren mit den Merkmalen des Anspruches 8 vor, bei dem eine Steuereinrichtung das Schaltmittel in Abhängigkeit des Be- triebszustandes einer Klimaanlage steuert. </p><p id="p0009" num="0009">Bei der erfindungsgemäßen Anordnung, dem erfindungsgemäßen Schienenfahrzeug und dem erfindungsgemäßen Verfahren wird in besonders vorteilhafter Weise der Betriebszustand einer Kli- 
<!-- EPO <DP n="5"/>-->
maanlage zur Beurteilung der Bedingungen, die im Bereich eines zu befahrenen schienengebundenen Verkehrsweges vorherrschen, heran gezogen und als Parameter genutzt, in Abhängigkeit dessen dann mittels der Steuereinrichtung die Steuerung der Schaltmittel - also das bedarfsabhängige Zu- und Abschal<sup>¬</sup> ten der einen der Regenerationsdüsen - erfolgt. Die erfindungsgemäße Anordnung, das erfindungsgemäße Schienenfahrzeug und das erfindungsgemäße Verfahren sind insbesondere hin<sup>¬</sup> sichtlich eines Einsatzes zu verschiedenen Jahreszeiten und bei verschiedenen Streckenbedingungen, wie beispielsweise zu durchfahrenden langen Tunneln, optimal ausgebildet. Denn der Betrieb zu verschiedenen Jahreszeiten und der Betrieb unter verschiedenen Streckenbedingungen gehen mit starken Schwankungen von Lufttemperatur und Luftfeuchtigkeit einher. Die Erfindung nutzt in vorteilhafter Weise die Auswirkungen dieser Schwankungen auf den Betriebszustand einer Klimaanlage zur Steuerung des Schaltmittels. Somit ist sichergestellt, dass zu den verschiedenen Jahreszeiten und unter verschiedenen Streckenbedingungen jeweils so wenig wie möglich der ge- trockneten Luft zur Regeneration der zumindest einen Trocknungskammer verbraucht wird. </p><p id="p0010" num="0010">Es wird als vorteilhaft angesehen, wenn ein Klimaanlagenaus<sup>¬</sup> gang der Klimaanlage, an dem Luft bereitgestellt ist, die bei laufender Klimaanlage gekühlt und bei nicht laufender Klima<sup>¬</sup> anlage ungekühlt ist, über einen Luftpfad derart mit dem Lufttrocknereingang verbunden ist, dass zumindest ein Teil der von der Klimaanlage bereitgestellten Luft die zu trocknende Luft bildet. </p><p id="p0011" num="0011">Es wird weiterhin als vorteilhaft angesehen, wenn eine Sensoreinrichtung geeignet ausgebildet ist, dem Betriebszustand der Klimaanlage entsprechende Messwerte zu erfassen und über eine erste Wirkverbindung als Ausgangssignal an die Steuer- 
<!-- EPO <DP n="6"/>-->
einrichtung auszugeben, und wenn die Steuereinrichtung geeignet ausgebildet ist, zur Steuerung des Schaltmittels ein von dem Ausgangssignal abhängiges Steuersignal über eine zweite Wirkverbindung an das Schaltmittel auszugeben. </p><p id="p0012" num="0012">Ferner wird es als vorteilhaft angesehen, wenn das Luftlei<sup>¬</sup> tungssystem an eine zweite Trocknungskammer angeschlossen ist, wobei die beiden Trocknungskammern mittels eines weite<sup>¬</sup> ren Schaltmittels wechselweise in eine Trocknungs- und eine Regenerationsphase schaltbar sind. </p><p id="p0013" num="0013">Vorteilhaft ist es weiterhin, wenn die Steuereinrichtung das Steuersignal anhand des Ausgangssignals mittels einer rech<sup>¬</sup> nerbasierten Auswertelogik ermittelt. </p><p id="p0014" num="0014">Außerdem ist es vorteilhaft, wenn die Sensoreinrichtung zumindest einen den Betriebszustand der Klimaanlage erfassenden Sensor aufweist. Die Schaltmittel sind vorzugsweise als Magnetventile ausge<sup>¬</sup> bildet . </p><p id="p0015" num="0015">Zur weiteren Erläuterung der Erfindung ist in Figur 1 schematisch ein erstes Ausführungsbeispiel eines erfindungsgemäßen Schienenfahrzeugs mit einer ers<sup>¬</sup> ten Ausführungsform einer erfindungsgemäßen Anordnung zum Trocknen von Luft und in </p><p id="p0016" num="0016">Figur 2 schematisch ein zweites Ausführungsbeispiel des er- findungsgemäßen Schienenfahrzeugs mit einer zweiten</p><p id="p0017" num="0017">Ausführungsform der erfindungsgemäßen Anordnung zum Trocknen von Luft gezeigt. 
<!-- EPO <DP n="7"/>-->
Die Figuren 1 und 2 zeigen in schematischer Darstellung ein Schienenfahrzeug 1; 101 mit einem Fahrgastinnenraum 2; 102 und jeweils einer ersten Ausführungsform 3; 103 der erfindungsgemäßen Anordnung zum Trocknen von Luft. Beide Ausfüh- rungsformen 3; 103 der erfindungsgemäßen Anordnung zum Trocknen von Luft umfassen jeweils eine als Ganzes mit 4; 104 be<sup>¬</sup> zeichnete Druckluftanlage sowie eine Klimaanlage 5; 105. Mit<sup>¬</sup> tels der Klimaanlage 5; 105 wird der Druckluftanlage 4; 104 über einen Luftpfad 6; 106 zu trocknende Luft bereitgestellt. Über einen Klimaanlageneingang 7; 107 wird der Klimaanlage zu kühlende Luft aus der Atmosphäre zugeführt. Ein als Luftlei<sup>¬</sup> tung 6a; 106a ausgebildeter Abschnitt des Luftpfades 6; 106 verbindet einen Klimaanlagenausgang 8; 108 mit einem </p><p id="p0018" num="0018">Kompressoreingang 9; 109 eines Kompressors 10; 110 der Druck- luftanlage, um einen Teil der von der Klimaanlage bereitge<sup>¬</sup> stellten Luft zu dem Kompressoreingang zu führen. Über einen weiteren an den Klimaanlagenausgang angeschlossenen Luftpfad 11; 111 wird ein weiterer Teil der von der Klimaanlage bereitgestellten Luft in den Fahrgastinnenraum 2; 102 geführt. Die an dem Klimaanlagenausgang der Klimaanlage bereitgestell<sup>¬</sup> te Luft ist bei laufender Klimaanlage gekühlt und bei nicht laufender Klimaanlage ungekühlt. </p><p id="p0019" num="0019">Von der Druckluftanlage 4; 104 sind bei den beiden Ausfüh- rungsformen 3; 103 der erfindungsgemäßen Anordnung jeweils neben dem Kompressor 10; 110 insbesondere ein als Ganzes mit 12; 112 bezeichneter Lufttrockner, ein Hautbehälter 13; 113, der eine Hauptluftbehälterleitung 14; 114 speist, eine als Ganzes mit 15; 115 bezeichnete Sensoreinrichtung und eine Steuereinrichtung 16; 116 gezeigt. </p><p id="p0020" num="0020">Dabei ist ein Lufttrocknereingang 17; 117 des Lufttrockners 12; 112 über einen weiteren als Luftleitung 6b; 106b ausgebildeter Abschnitt des Luftpfades 6; 106 an einen 
<!-- EPO <DP n="8"/>-->
Kompressorausgang 18; 118 des Kompressors 10; 110 angeschlos<sup>¬</sup> sen. Außerdem ist ein Lufttrocknerausgang 19; 119 des Lufttrockners 12; 112 über eine Luftleitung 20; 120 an einen Hautbehältereingang 21; 121 des Hautbehälters 13; 113 ange- schlössen. </p><p id="p0021" num="0021">Der Lufttrockner 12; 112 umfasst bei den beiden Ausführungsformen 3; 103 der erfindungsgemäßen Anordnung jeweils zwei in üblicher Weise mit geeignetem Granulat gefüllte Trocknungs- kammern 22, 23; 122, 123. Außerdem umfasst der Lufttrockner 12; 112 Rückschlagventile 24, 25; 124, 125, 126, 127, zwei Schaltmittel 28, 29; 128, 129 in Form von Magnetventilen und zwei Regenerationsdüsen 30, 31; 130, 131. Ferner umfasst der Lufttrockner 12; 112 bei den beiden Ausführungsformen 3; 103 der erfindungsgemäßen Anordnung ein als Ganzes mit 32; 132 bezeichnetes Luftleitungssystem, das ei<sup>¬</sup> nerseits zum Einleiten der zu trocknenden Luft in die Trocknungskammern 22, 23; 122, 123 und andererseits zum Leiten mittel der Trocknungskammern getrockneter Luft dient. Dieses Luftleitungssystem 32; 132 umfasst mehrere Leitungsabschnitte 32a, 32b, 32k; 132a, 132b, 132k, 1321. Ein Teil der ge<sup>¬</sup> trockneten Luft wird dabei zur Regeneration der Trocknungskammern 22, 23; 122, 123 genutzt. Hierzu bilden die beiden mit 32g, 32h; 132g, 132h bezeichneten Leitungsabschnitte, die jeweils mit einer der Regenerationsdüsen 30, 31; 130, 131 versehen und parallel geschaltet sind, Regenerationsleitungs- abschnitte. Zum bedarfsweisen Zu- und Abschalten des mit 32h; 132h bezeichneten Regenerationsleitungsabschnitts , ist in diesem Regenerationsleitungsabschnitt in Reihe zu der Regene<sup>¬</sup> rationsdüse 31; 131 das mit 28; 128 bezeichnete eine der Schaltmittel angeordnet. 
<!-- EPO <DP n="9"/>-->
Die Steuereinrichtung 16; 116 ist geeignet ausgebildet, das eine Schaltmittel 28; 128 in Abhängigkeit des Betriebszustan<sup>¬</sup> des der Klimaanlage 5; 105 zu steuern. Hierzu erfasst die Sensoreinrichtung 15; 115 dem Betriebszustand der Klimaanlage entsprechende Messwerte und gibt diese über eine erste Wirk<sup>¬</sup> verbindung 34; 134 als Ausgangssignal A.l; A.101 an das Steu<sup>¬</sup> ergerät 35a; 135 der Steuereinrichtung 16; 116 aus. Zur Steu<sup>¬</sup> erung des einen Schaltmittels 28; 128 gibt das Steuergerät 35a; 135 der Steuereinrichtung 16; 116 dann ein von dem Aus- gangssignal A.l; A.101 abhängiges Steuersignal S.l; S.101 über eine zweite Wirkverbindung 36; 136 an das eine Schalt<sup>¬</sup> mittel 28; 128 aus. Dabei ermittelt das Steuergerät 35a; 135 der Steuereinrichtung das Steuersignal S.l; S.101 anhand des Ausgangssignals A.l; A.101 2 mittels einer ersten rechnerba- sierten Auswertelogik 37; 137. </p><p id="p0022" num="0022">Zur Ermittlung des Betriebszustandes der Klimaanlage 5; 105 weist die Sensoreinrichtung 15; 115 einen Sensor 39; 139 auf, der die durch ihn ermittelten Messwerte - deren jeweiliger Wert angibt, ob die Klimaanlage 5; 105 läuft oder nicht läuft - in Form des Ausgangssignals A.l; A.101 ausgibt. </p><p id="p0023" num="0023">Der mit 32a; 132a bezeichnete Leitungsabschnitt, dessen eine Ende den Lufttrocknereingang 17; 117 bildet, ist mit seinem anderen Ende an einen ersten Anschluss 41; 141 des weiteren Schaltmittels 29; 129 angeschlossen. Der mit 32b; 132b be<sup>¬</sup> zeichnete Leitungsabschnitt ist mit einem Ende mit einem zweiten Anschluss 42; 142 des weiteren Schaltmittels 29; 129 und mit seinem anderen Ende mit einem ersten Anschluss 43; 143 der einen Trocknungskammer 22; 122 verbunden. Der mit 32c; 132c bezeichnete Leitungsabschnitt ist mit einem Ende mit einem dritten Anschluss 44; 144 des weiteren Schaltmittels 29; 129 und mit seinem anderen Ende mit einem ersten An- 
<!-- EPO <DP n="10"/>-->
schluss 45; 145 der anderen Trocknungskammer 23; 123 verbunden . </p><p id="p0024" num="0024">Ein Steuergerät 35b bzw. das Steuergerät 135 der Steuerein- richtung 16; 116 ist geeignet ausgebildet zur Steuerung des weiteren Schaltmittels 29; 129 weitere Steuersignale S.2; S.102 über eine dritte Wirkverbindung 46; 146 an das mit 29; 129 bezeichnete weitere Schaltmittel auszugeben. Mittels der weiteren Steuersignale S.2; S.102 steuert das Steuergerät 35b; 135 der Steuereinrichtung 16; 116 das weitere Schaltmit<sup>¬</sup> tel 29; 129 derart, dass die beiden Trocknungskammern 22, 23; 122, 123 wechselweise in eine Trocknungs- und eine Regenera<sup>¬</sup> tionsphase schaltbar sind. Dabei ermittelt das Steuergerät 35b; 135 der Steuereinrichtung 16; 116 die weiteren Steuer- signale S.2; S.102 mittels einer weiteren rechnerbasierten</p><p id="p0025" num="0025">Auswertelogik 47; 147, wobei das Umschalten nach einem festen zeitgesteuerten Takt oder in Abhängigkeit der Durchsatzmenge der zu trocknenden Luft - so wie dies beispielsweise bereits aus der Druckschrift EP 0 199 948 Bl bekannt ist - erfolgen kann. Bei der ersten Ausführungsform 3 der erfindungsgemäßen Anordnung ist die rechnerbasierte Auswertelogik 37 Teil des mit 35a bezeichneten Steuergerätes der Steuereinrichtung 16, während die weitere rechnerbasierte Auswertelogik 47 Teil des mit 35b bezeichneten weiteren Steuergerätes der Steuerein- richtung 16 ist. Im Unterschied hierzu sind die beiden rech<sup>¬</sup> nerbasierten Auswertelogiken 137, 147 bei der zweiten Ausführungsform der erfindungsgemäßen Anordnung Teil des Steuergerätes 135 der Steuereinrichtung 116. Der Kompressor 10; 110 fördert Druckluft in den Leitungsab<sup>¬</sup> schnitt 32a; 132a, der über das zweite Schaltmittel 29; 129 wechselweise an eine der beiden Trocknungskammern 22, 23; 122, 123 anschließbar ist. Nach den Figuren 1 und 2 befindet sich der Leitungsabschnitt 32a; 132a gerade in Verbindung mit 
<!-- EPO <DP n="11"/>-->
der Trocknungskammer 22; 122. Die jeweils gerade nicht mit dem Leitungsabschnitt verbundene Trocknungskammer - in den Figuren 1 und 2 ist dies die Trocknungskammer 23; 123 - ist durch das zweite Schaltmittel 29; 129 mit einer Entlüftung 48; 148 zur Atmosphäre verbunden. Die Trocknungskammern 22, 23; 122, 123 sind gegenüberliegend zu ihren ersten Anschlüs<sup>¬</sup> sen 43, 45; 143, 145 mit zweiten Anschlüssen 49, 50; 149, 150 versehen. An den zweiten Anschluss 49; 149 der einen Trocknungskammer 22; 122 ist der mit 32d; 132d bezeichnete Lei- tungsabschnitt angeschlossen und an den zweiten Anschluss 50; 150 der anderen Trocknungskammer 23; 123 ist der mit 32e; 132e bezeichnete Leitungsabschnitt angeschlossen. Die beiden Leitungsabschnitte 32d, 32e; 132d, 132e münden in einen Ab<sup>¬</sup> zweigpunkt 51; 151, von dem der mit 32f; 132f bezeichnete Leitungsabschnitt abzweigt. Im Leitungsabschnitt 32d; 132d ist das in Richtung des Abzweigpunktes 51; 151 öffnende Rück<sup>¬</sup> schlagventil 24; 124 angeordnet und im Leitungsabschnitt 32e; 132e ist das in Richtung des Abzweigpunktes 51; 151 öffnende Rückschlagventil 25; 125 angeordnet. Das in Richtung des Hautbehälters 10; 110 weisende Ende des Leitungsabschnitts 32f; 132f bildet den Lufttrocknerausgang 19; 119. </p><p id="p0026" num="0026">Die beiden Ausführungsformen 3; 103 der erfindungsgemäßen Anordnung unterscheiden sich hinsichtlich der Anschaltung der beiden parallel geschalteten Regenerationsleitungsabschnitte 32g, 32h; 132g, 132h, über die mittels der gerade aktiven Trocknungskammer getrocknete Druckluft zu der gerade nicht aktiven Trocknungskammer geführt wird, um diese zu regenerie<sup>¬</sup> ren . </p><p id="p0027" num="0027">Bei der in der Figur 1 gezeigten Ausführungsform 3 der erfindungsgemäßen Anordnung wird der jeweils aktiven Trocknungskammer die getrocknete Druckluft zur Regeneration der gerade nicht aktiven Trocknungskammer direkt entnommen. Hierzu ist 
<!-- EPO <DP n="12"/>-->
ein Ende der parallel geschalteten Regenerationsleitungsab- schnitte 32g, 32h in einem Abzweigpunkt 52 mit dem mit 32i bezeichneten Leitungsabschnitt verbunden, der in einem Abzweigpunkt 53 von dem Leitungsabschnitt 32d abzweigt. Das an- dere Ende der parallel geschalteten Regenerationsleitungsab- schnitte 32g, 32h ist in einem Abzweigpunkt 54 mit dem mit 32k bezeichneten Leitungsabschnitt verbunden, der in einem Abzweigpunkt 55 von dem Leitungsabschnitt 32e abzweigt. Bei der in der Figur 2 gezeigten zweiten Ausführungsform 103 der erfindungsgemäßen Anordnung wird - im Unterschied zu der in Figur 1 gezeigten ersten Ausführungsform 3 - getrocknete Druckluft zur Regeneration der gerade nicht aktiven Trocknungskammer dem Leitungsabschnitt 132f entnommen. Hierzu ist ein Ende der parallel geschalteten Regenerationsleitungsab- schnitte 132g, 132h in einem Abzweigpunkt 152 mit dem mit 132i bezeichneten Leitungsabschnitt verbunden, der in einem Abzweigpunkt 153 von dem Leitungsabschnitt 132f abzweigt. Das andere Ende der parallel geschalteten Regenerationsleitungs- abschnitte 132g, 132h ist in einem Abzweigpunkt 154 mit dem mit 132k bezeichneten Leitungsabschnitt verbunden, der in einem Abzweigpunkt 155 von dem mit 1321 bezeichneten Leitungs<sup>¬</sup> abschnitt abzweigt. Der Leitungsabschnitt 1321 zweigt dabei mit einem Ende in einem Abzweigpunkt 156 von dem Leitungsab- schnitt 132d und mit dem anderen Ende in einem Abzweigpunkt 157 von dem Leitungsabschnitt 132e ab. In dem Leitungsab<sup>¬</sup> schnitt 1321 ist zwischen den beiden Abzweigpunkten 156 und 155 das in Richtung des Abzweigpunktes 156 öffnende Rück<sup>¬</sup> schlagventil 126 angeordnet und zwischen den beiden Abzweig- punkten 157 und 155 ist das in Richtung des Abzweigpunktes 157 öffnende Rückschlagventil 127 angeordnet. 
</p></description><claims mxw-id="PCLM73312586" ref-ucid="WO-2014173729-A1" lang="DE" load-source="patent-office"><claim id="clm-0001" num="0001"><!-- EPO <DP n="13"/>--><claim-text>Patentansprüche </claim-text><claim-text>Anordnung (3; 103) zum Trocknen von Luft, insbesondere für eine Druckluftanlage (4; 104) eines Schienenfahr<sup>¬</sup> zeugs ( 1 ; 101), </claim-text><claim-text> mit einem Lufttrockner ( 12 ; 112), der einen Lufttrocknereingang (17; 117) zur Aufnahme der zu trocknenden Luft, zumindest eine Trocknungskammer (22; 122) und ein an die Trocknungskammer angeschlossenes Luftleitungssystem (32; 132) zum Leiten mittels der Trocknungskammer getrockneter Luft aufweist, wobei das Luftleitungssystem zumindest zwei jeweils mit einer Regenerationsdüse (30, 31; 130, 131) versehene parallel geschaltete Regenerations- leitungsabschnitte (32g, 32h; 132g, 132h) aufweist, in einem derer in Reihe zu der Regenerationsdüse ein </claim-text><claim-text> Schaltmittel (28, 128) zum bedarfsweisen Zu- und Ab<sup>¬</sup> schalten des einen Regenerationsleitungsabschnittes (32h; 132h) angeordnet ist, </claim-text><claim-text> g e k e n n z e i c h n e t, d u r c h </claim-text><claim-text> eine Steuereinrichtung (16; 116), die geeignet ausgebil<sup>¬</sup> det ist, das Schaltmittel (28; 128) in Abhängigkeit des Betriebszustandes einer Klimaanlage (5; 105) zu steuern. </claim-text><claim-text>2. Anordnung (3; 103) nach Anspruch 1, </claim-text><claim-text> d a d u r c h g e k e n n z e i c h n e t, dass </claim-text><claim-text> ein Klimaanlagenausgang (8; 108) der Klimaanlage, an dem Luft bereitgestellt ist, die bei laufender Klimaanlage gekühlt und bei nicht laufender Klimaanlage ungekühlt ist, über einen Luftpfad (6; 106) derart mit dem Luft- trocknereingang (17; 117) verbunden ist, dass zumindest ein Teil der von der Klimaanlage bereitgestellten Luft die zu trocknende Luft bildet. </claim-text><claim-text>3. Anordnung (3; 103) nach einem der Ansprüche 1 oder 2, 
<!-- EPO <DP n="14"/>-->
d a d u r c h g e k e n n z e i c h n e t, </claim-text><claim-text>dass eine Sensoreinrichtung (15; 115) geeignet ausgebil<sup>¬</sup> det ist, dem Betriebszustand der Klimaanlage entspre<sup>¬</sup> chende Messwerte zu erfassen und über eine erste Wirk<sup>¬</sup> verbindung (34; 134) als Ausgangssignal (A.l; A.101) an die Steuereinrichtung (16; 116) auszugeben, und </claim-text><claim-text>dass die Steuereinrichtung (16; 116) geeignet ausgebil<sup>¬</sup> det ist, zur Steuerung des Schaltmittels (28; 128) ein von dem Ausgangssignal (A.l; A.101) abhängiges Steuer<sup>¬</sup> signal (S.l; S.101) über eine zweite Wirkverbindung (36; 136) an das Schaltmittel (28; 128) auszugeben. </claim-text><claim-text>Anordnung (3; 103) nach einem der Ansprüche 1 bis 3, d a d u r c h g e k e n n z e i c h n e t, dass </claim-text><claim-text>das Luftleitungssystem (32; 132) an eine zweite Trocknungskammer (23; 123) angeschlossen ist, wobei die bei<sup>¬</sup> den Trocknungskammern (22, 13; 122, 123) mittels eines weiteren Schaltmittels (29; 129) wechselweise in eine Trocknungs- und eine Regenerationsphase schaltbar sind. </claim-text><claim-text>Anordnung (3; 103) nach einem der Ansprüche 3 oder 4, d a d u r c h g e k e n n z e i c h n e t, dass </claim-text><claim-text>die Steuereinrichtung (16; 116) das Steuersignal (S.l; S.101) anhand des Ausgangssignals (A.l; A.101) mittels einer rechnerbasierten Auswertelogik (37; 137) ermittelt . </claim-text><claim-text>Anordnung (3; 103) nach einem der Ansprüche 3 bis 5, d a d u r c h g e k e n n z e i c h n e t, dass </claim-text><claim-text>die Sensoreinrichtung (15; 115) zumindest einen den Betriebszustand der Klimaanlage (5; 105) erfassenden Sen<sup>¬</sup> sor (39; 139) aufweist. 
<!-- EPO <DP n="15"/>-->
Schienenfahrzeug (1; 101) mit einer Anordnung (3; 103) zum Trocknen von Luft, </claim-text><claim-text>d a d u r c h g e k e n n z e i c h n e t, dass </claim-text><claim-text>die Anordnung (3; 103) nach einem der Ansprüche 1 bis 6 ausgebildet ist. </claim-text><claim-text>Verfahren zum Trocknen von Luft, insbesondere zur Anwendung bei einer Druckluftanlage (4; 104) eines Schienenfahrzeugs (1; 101), </claim-text><claim-text>bei dem ein Lufttrockner (12; 112) bereitgestellt wird, der einen Lufttrocknereingang (17; 117) zur Aufnahme der zu trocknenden Luft zumindest eine Trocknungskammer (22; 122) und ein an die Trocknungskammer angeschlossenes Luftleitungssystem (32; 132) zum Leiten mittels der Trocknungskammer getrockneter Luft aufweist, wobei das Luftleitungssystem zumindest zwei jeweils mit einer Re<sup>¬</sup> generationsdüse (30, 31; 130, 131) versehene parallel geschaltete Regenerationsleitungsabschnitte (32g, 32h; 132g, 132h) aufweist, in einem derer in Reihe zu der Regenerationsdüse ein Schaltmittel (28; 128) angeordnet ist, und </claim-text><claim-text>bei dem mittels des Schaltmittels (28; 128) der eine Regenerationsleitungsabschnitt (32h; 132h) bedarfsweisen zu- und abgeschaltet wird, </claim-text><claim-text>d a d u r c h g e k e n n z e i c h n e t, dass </claim-text><claim-text>eine Steuereinrichtung (16; 116) das Schaltmittel (28; 128) in Abhängigkeit des Betriebszustandes einer Klima<sup>¬</sup> anlage (5; 105) steuert. </claim-text><claim-text>Verfahren nach Anspruch 8, </claim-text><claim-text>d a d u r c h g e k e n n z e i c h n e t, </claim-text><claim-text>bei laufender Klimaanlage (5; 105) gekühlte und bei nicht laufender Klimaanlage ungekühlt Luft an einem Kli<sup>¬</sup> maanlagenausgang (8; 108) der Klimaanlage bereitstellt 
<!-- EPO <DP n="16"/>-->
 wird, wobei zumindest ein Teil der von der Klimaanlage bereitgestellten Luft über einen den Lufttrocknereingang (17; 117) mit dem Klimaanlagenausgang (8; 108) verbindenden Luftpfad (6; 106) als die zu trocknende Luft be- reitgestellt wird. </claim-text><claim-text>10. Verfahren nach einem der Ansprüche 8 oder 9, </claim-text><claim-text> d a d u r c h g e k e n n z e i c h n e t, </claim-text><claim-text> dass eine Sensoreinrichtung (15; 115) dem Betriebszu- stand der Klimaanlage entsprechende Messwerte erfasst und über eine erste Wirkverbindung (34; 134) als Ausgangssignal (A.l; A.101) an die Steuereinrichtung (16; 116) ausgibt und </claim-text><claim-text> dass die Steuereinrichtung (16; 116) zur Steuerung des Schaltmittels (28; 128) ein von dem Ausgangssignal (A.l;</claim-text><claim-text>A.101) abhängiges Steuersignal (S.l; S.101) über eine zweite Wirkverbindung (36; 136) an das Schaltmittel (28; 128) ausgibt. 11. Verfahren nach einem der Ansprüche 8 bis 10, </claim-text><claim-text> d a d u r c h g e k e n n z e i c h n e t, dass </claim-text><claim-text> eine zweite (23; 123) an das Luftleitungssystem (32; 132) angeschlossene Trocknungskammer bereitgestellt wird, wobei die beiden Trocknungskammern (22, 23; 122, 123) mittels eines weiteren Schaltmittels (29; 129) wechselweise in eine Trocknungs- und eine Regenerations<sup>¬</sup> phase geschaltet werden. 
</claim-text></claim></claims><copyright>User acknowledges that Fairview Research LLC and its third party providers retain all right, title and interest in and to this xml under applicable copyright laws.  User acquires no ownership rights to this xml including but not limited to its format.  User hereby accepts the terms and conditions of the Licence Agreement</copyright></patent-document>
