<?xml version="1.0" encoding="UTF-8"?>
<patent-document ucid="EP-2680751-A1" country="EP" doc-number="2680751" kind="A1" date="20140108" family-id="45833495" file-reference-id="302789" date-produced="20180823" status="corrected" lang="FR"><bibliographic-data><publication-reference fvid="146587101" ucid="EP-2680751-A1"><document-id><country>EP</country><doc-number>2680751</doc-number><kind>A1</kind><date>20140108</date><lang>FR</lang></document-id></publication-reference><application-reference ucid="EP-12708960-A" is-representative="NO"><document-id mxw-id="PAPP154849293" load-source="docdb" format="epo"><country>EP</country><doc-number>12708960</doc-number><kind>A</kind><date>20120301</date><lang>FR</lang></document-id><document-id mxw-id="PAPP220440265" load-source="docdb" format="original"><country>EP</country><doc-number>12708960.5</doc-number><date>20120301</date></document-id></application-reference><priority-claims><priority-claim mxw-id="PPC140549728" ucid="FR-1151757-A" load-source="docdb"><document-id format="epo"><country>FR</country><doc-number>1151757</doc-number><kind>A</kind><date>20110304</date></document-id></priority-claim><priority-claim mxw-id="PPC140554632" ucid="IB-2012050972-W" linkage-type="W" load-source="docdb"><document-id format="epo"><country>IB</country><doc-number>2012050972</doc-number><kind>W</kind><date>20120301</date></document-id></priority-claim></priority-claims><technical-data><classifications-ipcr><classification-ipcr mxw-id="PCL1989315733" load-source="docdb">A61B   5/103       20060101AFI20120927BHEP        </classification-ipcr><classification-ipcr mxw-id="PCL1989319706" load-source="docdb">A61B   5/00        20060101ALI20120927BHEP        </classification-ipcr></classifications-ipcr><classifications-cpc><classification-cpc mxw-id="PCL1989631649" load-source="docdb" scheme="CPC">A61B   5/0077      20130101 LI20130101BHEP        </classification-cpc><classification-cpc mxw-id="PCL1989639821" load-source="docdb" scheme="CPC">A61B   5/441       20130101 FI20130101BHEP        </classification-cpc></classifications-cpc><invention-title mxw-id="PT132365936" lang="DE" load-source="patent-office">VERFAHREN ZUR BESTIMMUNG VON STANDARDISIERTER BELEUCHTUNG UND ZUGEHÖRIGE VORRICHTUNG</invention-title><invention-title mxw-id="PT132365937" lang="EN" load-source="patent-office">METHOD FOR DETERMINING STANDARDISED LIGHTING, AND ASSOCIATED DEVICE</invention-title><invention-title mxw-id="PT132365938" lang="FR" load-source="patent-office">PROCÉDÉ DE DÉTERMINATION D'UN ÉCLAIRAGE STANDARDISÉ ET DISPOSITIF ASSOCIÉ</invention-title><citations><non-patent-citations><nplcit><text>See references of WO 2012120413A1</text><sources><source mxw-id="PNPL67456308" load-source="docdb" name="SEA"/></sources></nplcit></non-patent-citations></citations></technical-data><parties><applicants><applicant mxw-id="PPAR919524796" load-source="docdb" sequence="1" format="epo"><addressbook><last-name>PERITESCO</last-name><address><country>FR</country></address></addressbook></applicant><applicant mxw-id="PPAR919511729" load-source="docdb" sequence="1" format="intermediate"><addressbook><last-name>PERITESCO</last-name></addressbook></applicant><applicant mxw-id="PPAR919010965" load-source="patent-office" sequence="1" format="original"><addressbook><last-name>Peritesco</last-name><iid>101154889</iid><address><street>4 Rue Villedo</street><city>75001 Paris</city><country>FR</country></address></addressbook></applicant></applicants><inventors><inventor mxw-id="PPAR919512418" load-source="docdb" sequence="1" format="epo"><addressbook><last-name>BOYER GAETAN</last-name><address><country>FR</country></address></addressbook></inventor><inventor mxw-id="PPAR919517944" load-source="docdb" sequence="1" format="intermediate"><addressbook><last-name>BOYER, GAETAN</last-name></addressbook></inventor><inventor mxw-id="PPAR919007199" load-source="patent-office" sequence="1" format="original"><addressbook><last-name>BOYER, Gaëtan</last-name><address><street>218 rue du Mas d'Alègre</street><city>F-34380 Mas De Londres</city><country>FR</country></address></addressbook></inventor><inventor mxw-id="PPAR919541503" load-source="docdb" sequence="2" format="epo"><addressbook><last-name>PERICOI MARC</last-name><address><country>FR</country></address></addressbook></inventor><inventor mxw-id="PPAR919541930" load-source="docdb" sequence="2" format="intermediate"><addressbook><last-name>PERICOI, MARC</last-name></addressbook></inventor><inventor mxw-id="PPAR919006689" load-source="patent-office" sequence="2" format="original"><addressbook><last-name>PERICOI, MARC</last-name><address><street>40 Chemin Desvallières</street><city>F-92410 Ville d'Avray</city><country>FR</country></address></addressbook></inventor><inventor mxw-id="PPAR919522270" load-source="docdb" sequence="3" format="epo"><addressbook><last-name>LAQUIEZE SABINE</last-name><address><country>FR</country></address></addressbook></inventor><inventor mxw-id="PPAR919530716" load-source="docdb" sequence="3" format="intermediate"><addressbook><last-name>LAQUIEZE, Sabine</last-name></addressbook></inventor><inventor mxw-id="PPAR919013595" load-source="patent-office" sequence="3" format="original"><addressbook><last-name>LAQUIEZE, Sabine</last-name><address><street>4 Place de l'Hôtel de Ville</street><city>F-34000 Montpellier</city><country>FR</country></address></addressbook></inventor></inventors><agents><agent mxw-id="PPAR919017543" load-source="patent-office" sequence="1" format="original"><addressbook><last-name>Monlouis, Patrick</last-name><iid>101215205</iid><address><street>Cabinet Armengaud Aîné 3, Avenue Bugeaud</street><city>FR-75116 Paris</city><country>FR</country></address></addressbook></agent></agents></parties><international-convention-data><pct-or-regional-filing-data ucid="IB-2012050972-W"><document-id><country>IB</country><doc-number>2012050972</doc-number><kind>W</kind><date>20120301</date><lang>FR</lang></document-id></pct-or-regional-filing-data><pct-or-regional-publishing-data ucid="WO-2012120413-A1"><document-id><country>WO</country><doc-number>2012120413</doc-number><kind>A1</kind><date>20120913</date><lang>FR</lang></document-id></pct-or-regional-publishing-data><designated-states><ep-contracting-states><country mxw-id="DS549918037" load-source="docdb">AL</country><country mxw-id="DS549768787" load-source="docdb">AT</country><country mxw-id="DS549918038" load-source="docdb">BE</country><country mxw-id="DS549850938" load-source="docdb">BG</country><country mxw-id="DS549865373" load-source="docdb">CH</country><country mxw-id="DS549781670" load-source="docdb">CY</country><country mxw-id="DS549768788" load-source="docdb">CZ</country><country mxw-id="DS549918039" load-source="docdb">DE</country><country mxw-id="DS549781671" load-source="docdb">DK</country><country mxw-id="DS549781672" load-source="docdb">EE</country><country mxw-id="DS549851718" load-source="docdb">ES</country><country mxw-id="DS549850939" load-source="docdb">FI</country><country mxw-id="DS549865378" load-source="docdb">FR</country><country mxw-id="DS549918040" load-source="docdb">GB</country><country mxw-id="DS549781681" load-source="docdb">GR</country><country mxw-id="DS549918041" load-source="docdb">HR</country><country mxw-id="DS549768801" load-source="docdb">HU</country><country mxw-id="DS549851719" load-source="docdb">IE</country><country mxw-id="DS549781682" load-source="docdb">IS</country><country mxw-id="DS549865379" load-source="docdb">IT</country><country mxw-id="DS549781683" load-source="docdb">LI</country><country mxw-id="DS549850940" load-source="docdb">LT</country><country mxw-id="DS549768522" load-source="docdb">LU</country><country mxw-id="DS549850941" load-source="docdb">LV</country><country mxw-id="DS549850954" load-source="docdb">MC</country><country mxw-id="DS549768523" load-source="docdb">MK</country><country mxw-id="DS549768524" load-source="docdb">MT</country><country mxw-id="DS549851720" load-source="docdb">NL</country><country mxw-id="DS549850067" load-source="docdb">NO</country><country mxw-id="DS549851721" load-source="docdb">PL</country><country mxw-id="DS549850955" load-source="docdb">PT</country><country mxw-id="DS549768802" load-source="docdb">RO</country><country mxw-id="DS549850956" load-source="docdb">RS</country><country mxw-id="DS549851726" load-source="docdb">SE</country><country mxw-id="DS549865380" load-source="docdb">SI</country><country mxw-id="DS549850068" load-source="docdb">SK</country><country mxw-id="DS549850069" load-source="docdb">SM</country><country mxw-id="DS549768529" load-source="docdb">TR</country></ep-contracting-states></designated-states></international-convention-data><office-specific-data><eptags><ep-no-a-document-published>*</ep-no-a-document-published></eptags></office-specific-data></bibliographic-data><abstract mxw-id="PA100071661" ref-ucid="WO-2012120413-A1" lang="EN" load-source="patent-office"><p num="0000">The invention relates to a method for determining the optimised lighting of an area of human skin for studying the surface condition thereof, the area of skin having raised areas, the lighting coming from a device comprising one or more light sources and generating shadow areas next to the raised areas, the method including the following steps: defining a first parameter P1 according to the contrast between the luminosity inside the shadow areas and the luminosity outside the shadow areas; defining a second parameter P2 in accordance with the uniformity of the luminosity; defining a cost function C according to the first parameter P1 and/or to the second parameter P2; and searching for a maximum for the cost function C.</p></abstract><abstract mxw-id="PA100339704" ref-ucid="WO-2012120413-A1" lang="EN" source="national office" load-source="docdb"><p>The invention relates to a method for determining the optimised lighting of an area of human skin for studying the surface condition thereof, the area of skin having raised areas, the lighting coming from a device comprising one or more light sources and generating shadow areas next to the raised areas, the method including the following steps: defining a first parameter P1 according to the contrast between the luminosity inside the shadow areas and the luminosity outside the shadow areas; defining a second parameter P2 in accordance with the uniformity of the luminosity; defining a cost function C according to the first parameter P1 and/or to the second parameter P2; and searching for a maximum for the cost function C.</p></abstract><abstract mxw-id="PA100071662" ref-ucid="WO-2012120413-A1" lang="FR" load-source="patent-office"><p num="0000">Procédé de détermination d'un l'éclairage optimisé d'une zone de peau humaine afin de permettre l'étude de son état de surface, la zone de peau présentant des zones de relief, l'éclairage étant issu d'un dispositif comportant une ou plusieurs sources lumineuses et générant des zones d'ombre au voisinage des zones de relief, le procédé comprenant les étapes suivantes: définition d'un premier paramètre P1 fonction du contraste entre la luminosité à l'intérieur des zones d'ombre et la luminosité à l'extérieur des zones d'ombre, définition d'un second paramètre P2 fonction de l'homogénéité de la luminosité, définition d'une fonction coût C fonction du premier paramètre P1 et/ou du second paramètre P2, recherche d'un maximum pour la fonction coût C.</p></abstract><abstract mxw-id="PA100339705" ref-ucid="WO-2012120413-A1" lang="FR" source="national office" load-source="docdb"><p>Procédé de détermination d'un l'éclairage optimisé d'une zone de peau humaine afin de permettre l'étude de son état de surface, la zone de peau présentant des zones de relief, l'éclairage étant issu d'un dispositif comportant une ou plusieurs sources lumineuses et générant des zones d'ombre au voisinage des zones de relief, le procédé comprenant les étapes suivantes: définition d'un premier paramètre P1 fonction du contraste entre la luminosité à l'intérieur des zones d'ombre et la luminosité à l'extérieur des zones d'ombre, définition d'un second paramètre P2 fonction de l'homogénéité de la luminosité, définition d'une fonction coût C fonction du premier paramètre P1 et/ou du second paramètre P2, recherche d'un maximum pour la fonction coût C.</p></abstract><description mxw-id="PDES51373585" ref-ucid="WO-2012120413-A1" lang="FR" load-source="patent-office"><!-- EPO <DP n="3"/>--><p id="p0001" num="0001"> PROCEDE DE DETERMINATION D'UN ECLAIRAGE STANDARDISE ET DISPOSITIF ASSOCIE </p><p id="p0002" num="0002">L'invention concerne un dispositif permettant de fournir un éclairage de qualité et standardisé sur une zone de peau afin de permettre l'étude de son état de surface. On entend par éclairage de qualité un éclairage permettant d'obtenir simultanément une homogénéité spatiale sur une zone d'intérêt définie pour l'étude de l'aspect colorimétrique, et une caractéristique directionnelle permettant la mise en évidence du relief du tissu cutané. </p><p id="p0003" num="0003">Dans les domaines cosmétique et médical, l'examen de l'état de surface de la peau est une étape essentielle de l'examen clinique dermatologique. Parmi les différentes caractéristiques de cette surface, une grande partie de l'information sur son état réside dans son relief, sa couleur et sa réflexion. La mise en évidence de ces caractéristiques va dépendre de l'éclairage utilisé. </p><p id="p0004" num="0004">Il est important de pouvoir réaliser ce type d'observation in vivo afin de se rapprocher au mieux des conditions réelles du vivant. </p><p id="p0005" num="0005">FR2589242 décrit un système de mise en évidence du relief cutané à partir d'empreinte. Toutefois, le système est destiné à l'étude d'échantillons inertes et ne permet pas d'étudier in vivo l'état de la surface cutanée. FR2826857 décrit un système d'éclairage général de la peau.</p><p id="p0006" num="0006">Toutefois, la mesure de la caractéristique de relief du tissu cutané n'est pas l'objectif du dispositif proposé et cette mesure est mentionnée sans aucune précision sur la mise en évidence de cette caractéristique. Une bonne homogénéité d'éclairage sur la zone d'intérêt est indispensable pour éviter d'influencer l'évaluation. On peut considérer les deux cas extrêmes d'éclairage. Un éclairage omnidirectionnel va par exemple fournir une bonne homogénéité sur la zone d'intérêt permettant d'évaluer correctement la couleur, mais va gommer le relief en supprimant les ombres portées, rendant impossible l'évaluation de ce dernier paramètre. Une méthode efficace pour faire apparaître le relief consiste à créer des ombres portées. Un éclairage rasant va ainsi faire ressortir ce relief en maximisant les ombres portées, mais 
<!-- EPO <DP n="4"/>-->
 va fournir une homogénéité médiocre sur la zone étudiée rendant difficile l'évaluation de la couleur. Il convient de créer un éclairage combinant simultanément ces deux caractéristiques. De plus, il convient de considérer les propriétés de réflexion du tissu observé. Il est préférable d'éviter une réflexion directe visible des sources lumineuses afin d'éviter de perturber l'évaluation. </p><p id="p0007" num="0007">De nombreuses zones cutanées peuvent bénéficier d'un examen avec ce type d'éclairage. On peut citer, de manière non exhaustive, l'avant bras, le bras, la joue, les jambes, la zone des cernes et des poches, le contour des yeux. D'un point de vue général toute zone du corps peut, dans certains cas, présenter un intérêt à être observée avec un tel type d'éclairage (observation de toutes dyskératoses). </p><p id="p0008" num="0008">Afin de faciliter l'observation, le dispositif d'éclairage est posé sur le tissu cutané. Aux contraintes d'éclairage décrites ci-dessus nécessaires à une observation optimale se rajoutent des contraintes sur les caractéristiques physiques du dispositif dont les dimensions et le poids doivent être les plus faibles possibles afin de n'exercer aucune influence sur l'état du tissu cutané. L'aspect dimensionnel est également important pour permettre au dispositif de se placer sur l'ensemble des zones du corps humain. </p><p id="p0009" num="0009">La présente invention a pour objectif de réunir toutes les conditions décrites ci-dessus afin de fournir un éclairage optimal pour l'étude du relief et de l'aspect colorimétrique d'une zone de peau sur l'ensemble du corps humain. </p><p id="p0010" num="0010">Selon l'invention un procédé de détermination d'un l'éclairage optimisé d'une zone de peau humaine afin de permettre l'étude de son état de surface, la zone de peau présentant des zones de relief, l'éclairage étant issu d'un dispositif comportant une ou plusieurs sources lumineuses et générant des zones d'ombre au voisinage des zones de relief, est caractérisé en ce qu'il comprend les étapes suivantes : </p><p id="p0011" num="0011"> - définition d'un premier paramètre P1 fonction du contraste entre la luminosité à l'intérieur des zones d'ombre et la luminosité à l'extérieur des zones d'ombre, 
<!-- EPO <DP n="5"/>-->
 - définition d'un second paramètre P2 fonction de l'homogénéité de la luminosité, </p><p id="p0012" num="0012"> - définition d'une fonction coût C fonction du premier paramètre P1 et/ou du second paramètre P2, </p><p id="p0013" num="0013"> - recherche d'un maximum pour la fonction cout C. </p><p id="p0014" num="0014"> La fonction coût peut être définie sous la forme C=a<sup>*</sup>P1 +b<sup>*</sup>P2, où a et b sont des nombres réels. </p><p id="p0015" num="0015"> La recherche d'un maximum pour la fonction C peut comprendre une étape ou sont étudiées les variations de C en fonction des variations d'au moins un paramètre parmi : le type de source lumineuse, la hauteur (h) de la source lumineuse par rapport à la peau, la distance (e) de la source lumineuse par rapport à la peau et l'angle (a) d'éclairage de chaque source lumineuse par rapport à la zone de peau considérée. </p><p id="p0016" num="0016"> L'invention a également trait à un dispositif d'éclairage d'une zone de peau humaine dont au moins une caractéristique parmi : la hauteur (h) de la source lumineuse par rapport à la peau, la distance (e) de la source lumineuse par rapport à la peau et l'angle (a) d'éclairage de chaque source lumineuse par rapport à la zone de peau considérée, a été déterminée selon le procédé selon l'invention. </p><p id="p0017" num="0017"> Avantageusement au moins une source lumineuse est ponctuelle</p><p id="p0018" num="0018">Le dispositif peut comporter une fenêtre pour l'observation. Le dispositif peut comporter un système de prise de vue fixé à sa structure. </p><p id="p0019" num="0019"> Le dispositif peut être relié à un système d'enregistrement et d'envoi de la prise de vue à un utilisateur distant. </p><p id="p0020" num="0020"> Le dispositif peut comporter une platine d'appui sur la peau minimisant l'influence du dispositif sur la zone de mesure. </p><p id="p0021" num="0021"> La platine peut comporter des moyens de centrage permettant le centrage automatique du dispositif autour d'un élément extérieur fixé à la peau. </p><p id="p0022" num="0022"> Le dispositif peut comporter des moyens de projection aptes à l'émission de lumière structurée. </p><p id="p0023" num="0023"> Le dispositif peut comporter des moyens de mesure de la lumière réfléchie. </p><p id="p0024" num="0024"> Le dispositif peut comporter des moyens de projection de symboles lumineux d'aide au repositionnement. </p><p id="p0025" num="0025"> Le dispositif peut comporter des capteurs de mesure d'une ou plusieurs propriétés physiques de la peau. 
<!-- EPO <DP n="6"/>-->
 D'autres caractéristiques et avantages de l'invention apparaîtront dans la description qui suit d'un mode de réalisation préféré avec référence aux dessins annexés mais qui n'a aucun caractère limitatif. Sur ces dessins : </p><p id="p0026" num="0026"> Fig. 1 est une vue schématique en perspective illustrant une portion de peau d'un plan P éclairée selon le procédé de l'invention, </p><p id="p0027" num="0027"> Fig. 2 est un schéma illustrant un exemple de distribution d'intensité lumineuse d'une source ponctuelle, </p><p id="p0028" num="0028"> Fig. 3 est une vue schématique illustrant la mise en œuvre du procédé selon l'invention par un exemple de module linéaire à 3 sources ponctuelles, </p><p id="p0029" num="0029"> Fig. 4 est un schéma illustrant la distribution lumineuse résultante de l'association de 3 sources en fonction de leur écartement. </p><p id="p0030" num="0030"> Fig. 5 est une coupe transversale de Fig. 4 pour d=0, </p><p id="p0031" num="0031"> Fig. 6 est une coupe transversale de Fig. 4 pour d proche de 40,</p><p id="p0032" num="0032">Fig. 7 est une coupe transversale de Fig. 4 pour d=100, </p><p id="p0033" num="0033"> Fig. 8 est une vue similaire à Fig. 3 dans le cas d'une réalisation particulière avec 2 modules et 2 sources ponctuelles, </p><p id="p0034" num="0034"> Fig. 9a et 9b sont des schémas illustrant la distribution lumineuse obtenue pour 2 jeux de paramètres géométriques différents, </p><p id="p0035" num="0035"> Fig. 10 est un schéma illustrant la mise en évidence du relief par un dispositif selon l'invention, </p><p id="p0036" num="0036"> Fig. 1 1 a et 1 1 b sont des schémas illustrant des exemples de flux obtenus pour la mise en évidence du contraste pour 2 jeux de paramètres différents, </p><p id="p0037" num="0037"> Fig. 12 et 13 sont des vues en perspective d'un dispositif selon l'invention, </p><p id="p0038" num="0038"> Fig. 14 est une vue en perspective illustrant un système de prise de vue fixé sur la coque du dispositif de Fig. 12 et 13, </p><p id="p0039" num="0039"> Fig. 15 est une vue similaire à Fig. 14 illustrant un système de prise de vue indépendant de la coque, </p><p id="p0040" num="0040"> Fig. 16 est une vue similaire à Fig. 12, avec parties arrachées, illustrant la présence d'une règle graduée sur le bord de la zone d'intérêt, </p><p id="p0041" num="0041"> Fig. 17 est une vue similaire à Fig. 16, illustrant la présence d'une mire de couleurs fixées autour de la zone d'intérêt, </p><p id="p0042" num="0042"> Fig. 18 est une vue similaire à Fig. 16, illustrant la présence d'un disque pivotant avec mires de couleur pour l'évaluation colorimétrique par un 
<!-- EPO <DP n="7"/>-->
 observateur, </p><p id="p0043" num="0043"> Fig. 19 est une vue de dessus du dispositif de Fig. 12 illustrant la présence d'un dispositif de grossissement de la zone d'intérêt, </p><p id="p0044" num="0044"> Fig. 20 est une vue similaire à Fig. 12, à plus petite échelle, illustrant la présence de modules de projection d'aide au repositionnement, et </p><p id="p0045" num="0045"> Fig. 21 est une vue en perspective d'un dispositif selon l'invention en situation utilisant un module externe d'aide au repositionnement. </p><p id="p0046" num="0046">On considère que le plan du tissu cutané étudié va être situé sur un plan de référence P à partir duquel les caractéristiques de l'invention vont être décrites (cf. figure 1 ). La zone d'intérêt peut être de forme quelconque. Dans la réalisation présentée au cours de ce document, on considère une zone rectangulaire centrée autour d'un point O. (cf. figure 1 ). La lumière est fournie par un ou plusieurs modules. Chaque module est constitué d'une association de plusieurs sources lumineuses qui peuvent être ponctuelles, linéaires ou planes. Ces sources peuvent être du type ampoule à incandescence, néon, ampoule LED ou ampoule à décharge. La forme d'un module peut être linéaire, circulaire, plane ou quelconque. </p><p id="p0047" num="0047">Dans la présente description, on considère que les modules sont constitués de sources ponctuelles. La réalisation des contraintes décrites ci- dessus est faite en considérant la distribution de lumière de chaque source et en déterminant les paramètres géométriques optimaux de la disposition relative entre les sources et entre les modules par rapport à la zone d'intérêt. </p><p id="p0048" num="0048">Un exemple de distribution lumineuse d'une source est montré figure 2. L'utilisation d'une seule source de ce type va évidemment produire un éclairage non homogène. L'association de différentes sources peut aussi bien fournir une source non homogène si leur disposition n'est pas correcte. La présente invention utilise des sources dont l'espacement, la hauteur par rapport à la surface étudiée ainsi que l'angle d'éclairage par rapport à la normale à la surface étudiée permettent un éclairage à la fois homogène et la mise en évidence du relief. 
<!-- EPO <DP n="8"/>-->
 Dans une réalisation particulière les sources lumineuses sont de couleur blanche. Le type de longueur d'onde utilisée par la présente invention n'est pas restrictif et peut aller du domaine de l'ultra violet au domaine infrarouge. </p><p id="p0049" num="0049">Pour satisfaire aux conditions décrites ci dessus on étudie tout d'abord la distribution résultante de l'association de différentes sources au sein d'un module. Un exemple de réalisation est montré figure 3 en se basant sur l'hypothèse de 3 sources positionnées sur une même droite parallèle au plan étudié avec un écartement entre chaque source noté d comme représenté figure 3 et avec chaque source possédant une distribution de luminosité Gaussienne dont la direction d'intensité maximale est schématisée par une flèche en pointillé. Les directions d'éclairage de chaque source sont supposées, dans la présente réalisation, parallèles. Ce raisonnement peut être appliqué à n'importe quel type de distribution lumineuse avec des directions d'éclairages de direction quelconques. On observe l'éclairage résultant sur une ligne notée L sur la figure 3 parallèle à la droite de disposition des sources. </p><p id="p0050" num="0050">Cet éclairage résultant est représenté sur les figures 4 à 7. On voit que pour un faible écartement, l'association des 3 sources génère un éclairage de forme Gaussienne. L'écartement des sources permet de fournir une distribution qui s'aplatit jusqu'à un optimum autour de d=40 pour lequel l'éclairage va être constant sur un plateau de largeur maximale. Au delà de cet écartement optimum on va progressivement retrouver trois pics Gaussien correspondant à chaque source. </p><p id="p0051" num="0051">A noter que cette distance d=40 est optimale pour la distribution lumineuse particulière décrite ci-dessus. Dans le cas d'une distribution différente, cette valeur est susceptible de changer. </p><p id="p0052" num="0052">La présente invention dispose les différentes sources de manière à obtenir cet optimum. </p><p id="p0053" num="0053">A noter que l'application de cette méthode décrite pour un module peut être généralisée à plusieurs modules. On peut ainsi envisager la disposition de plusieurs modules autour de la zone à étudier pouvant être allumés distinctement ou non. 
<!-- EPO <DP n="9"/>-->
 Dans une réalisation particulière, 2 modules composés chacun de 2 sources ponctuelles sont disposés de part et d'autre de la zone comme montré figure 8. Cette disposition permet la mise en évidence du relief suivant une direction privilégiée. </p><p id="p0054" num="0054">Dans une autre configuration possible, la mise en place de 4 modules à 90° permet l'étude du relief suivant 2 directions privilégiées. </p><p id="p0055" num="0055">Une fois l'homogénéité de la lumière générée par un module optimisée, la disposition de chaque module utilisé est également optimisée. Les paramètres étudiés sont la hauteur h de chaque module par rapport à la surface de référence P, l'écartement e par rapport au point O, et l'angle d'éclairage a. Ces paramètres sont représentés sur la figure 8. La mise en évidence du relief et la création d'un éclairage homogène se fait en disposant chaque module à une hauteur et un angle d'incidence optimale par rapport à la zone d'intérêt étudiée. </p><p id="p0056" num="0056">La détermination des valeurs optimales de chaque paramètre se fait en étudiant d'un point de vue théorique l'homogénéité de l'éclairage de la zone d'intérêt ainsi que la qualité de la mise en évidence du relief. Cette étude se fait à l'aide d'outils de simulation optique et permet de simuler pour chaque paramètre son influence sur le résultat final de l'éclairage obtenu. Les résultats théoriques peuvent bien entendu être vérifiés expérimentalement par la mise en œuvre du dispositif. </p><p id="p0057" num="0057">La méthodologie utilisée pour déterminer les valeurs optimales de h, e et a peut être itérative. On effectue un essai à partir de paramètres de base. L'influence de chaque paramètre sur le résultat est étudiée en se basant soit sur une approche visuelle, soit sur des indicateurs représentatifs de l'homogénéité tels que l'écart type de la distribution lumineuse. Un nouvel essai avec les paramètres mis à jours permettant d'optimiser l'éclairage est fait, et ainsi de suite jusqu'à ce que le résultat soit optimal. Des algorithmes d'optimisation du type simplex ou Levenberg-Marquardt peuvent être utilisés. 
<!-- EPO <DP n="10"/>-->
 Cette approche est combinée à l'observation d'un praticien expérimenté qui valide et oriente les paramètres avec cette fois ci une approche clinique du résultat obtenu. La puissance lumineuse optimale est notamment une caractéristique qui ne peut être optimisée uniquement en considérant l'observation réelle de l'utilisateur. </p><p id="p0058" num="0058">Un exemple de flux lumineux obtenu pour la réalisation particulière à 2 modules est représenté sur les figures 9A et 9B pour l'homogénéité. Dans le premier cas, figure 9A, on note une homogénéité d'éclairage de faible qualité, avec un point de luminosité maximal central. Dans le deuxième cas, figure 9B, où les paramètres ont été optimisés. On note une homogénéité plus importante avec un dégradé plus faible. </p><p id="p0059" num="0059">Une fois l'homogénéité réglée on ajuste les paramètres pour la mise en évidence optimale du relief. Cette mise en évidence se fait en étudiant le contraste entre l'ombre portée d'un parallélépipède situé au centre de la zone de mesure comme représenté figure 10. Un exemple de flux obtenu est représenté figures 1 1A et 1 1 B. Dans l'exemple montré, on observe dans le premier cas, figure 1 1 A, un contraste de 0.67 alors que l'éclairage de la deuxième configuration, figure 1 1 B, génère un contraste de 0.63 dans la réalisation particulière décrite. </p><p id="p0060" num="0060">L'approche itérative décrite ci dessus peut être appliquée en utilisant ce paramètre de contraste à l'optimisation de l'éclairage. Là aussi la validation et l'optimisation se fait en combinant les mesures à l'observation d'un clinicien expérimenté. </p><p id="p0061" num="0061">A noter que l'optimisation peut se faire en considérant successivement l'homogénéité et le contraste, ou en considérant les 2 paramètres en même temps. </p><p id="p0062" num="0062">La structure de la présente invention entoure complètement la zone d'intérêt permettant d'isoler la zone d'un éclairage extérieur. Dans une réalisation à 2 ensembles d'éclairages opposés, la structure peut être une coque possédant une forme parallélépipédique comme représenté figure 12. 
<!-- EPO <DP n="11"/>-->
 L'appui de la coque sur la peau se fait par une platine spéciale. Cette platine peut être un simple plan autour de la zone d'intérêt comme représenté figure 13, ou bien être d'une forme particulière afin de permettre un centrage autour d'un dispositif particulier collé à la peau. Le dispositif peut par exemple être un anneau utilisé dans les mesures cutanées avec un microscope confocal. </p><p id="p0063" num="0063">La platine et la coque peuvent également avoir des bords inférieurs de forme particulière pour s'adapter au mieux aux zones dont la morphologie n'est pas plane. Dans l'exemple de la zone de la joue du visage des bords et une platine incurvée permettent de mieux coller à la surface afin d'assurer un contact continu entre la zone d'intérêt et le dispositif. Une platine souple déformable peut également être employée. L'observation de la zone d'intérêt peut se faire de deux manières. </p><p id="p0064" num="0064">Dans le premier cas, l'observation est directe et l'utilisateur visualise à travers une fenêtre pratiquée sur le dessus de la coque la zone d'intérêt comme représenté figure 12. </p><p id="p0065" num="0065"> Dans le second cas, un dispositif de prise de vue est situé au dessus de la coque. Plusieurs solutions peuvent alors être utilisées. </p><p id="p0066" num="0066">Le système de prise de vue est, selon un premier mode de réalisation, fixé sur la coque comme représenté figure 14. Dans ce cas, le poids du système est repris par la coque sur la zone de tissus autour de la zone observée. </p><p id="p0067" num="0067">Dans un deuxième mode de réalisation, le système de prise de vue n'est pas fixé sur la coque. Dans ce cas, un bâti extérieur avec appui autour de la coque permet de travailler à distance constante de la zone d'intérêt comme représenté figure 15. </p><p id="p0068" num="0068">Le dispositif de prise de vue peut être une caméra, un appareil photographique compact ou un appareil photographique reflex. </p><p id="p0069" num="0069"> Si le dispositif utilisé est une caméra, une visualisation en direct sur un écran extérieur peut être réalisée avec la possibilité d'utiliser en direct des outils de mesure géométriques ou d'évaluation colorimétriques. 
<!-- EPO <DP n="12"/>-->
 Dans le cas où un dispositif de prise de vue est utilisé, celui-ci peut être relié à une unité extérieure permettant l'enregistrement et la transmission de la prise de vue à un utilisateur distant. La transmission peut être aussi bien filaire que sans fil. </p><p id="p0070" num="0070">Dans une réalisation plus évoluée, des outils peuvent être disposés à l'intérieur de la coque pour faciliter l'évaluation. Une règle graduée, voir figure 16, peut être placée au niveau du plan d'éclairage pour évaluer par exemple la taille de taches ou de cicatrices. </p><p id="p0071" num="0071">Des mires de couleurs calibrées fixes peuvent également être positionnées sur le bord ou à l'intérieur de la zone d'intérêt afin d'effectuer une calibration colorimétrique des prises de vue comme dans le mode de réalisation représenté figure 17. Une mire spécifique peut servir à effectuer notamment la balance des blancs. </p><p id="p0072" num="0072">Lorsqu'une évaluation de couleur par l'observateur doit être réalisée, un disque pivotant avec sur sa périphérie des mire de couleurs correspondant aux teintes souhaitées peut être fixé sur la platine comme dans le mode de réalisation représenté figure 18. L'utilisateur peut alors faire défiler les différentes teintes afin d'évaluer celle qui se rapproche le plus de la zone à évaluer. </p><p id="p0073" num="0073">Un dispositif de grossissement peut être placé devant la fenêtre d'observation comme dans le mode de réalisation représenté figure 19. </p><p id="p0074" num="0074">Dans une réalisation particulière des filtres peuvent être placés devant les sources lumineuses et/ou devant la fenêtre d'observation. Ces filtres peuvent servir à filtrer une longueur d'onde particulière, à polariser la lumière ou à mettre en évidence une caractéristique en particulier. </p><p id="p0075" num="0075">Dans une réalisation particulière, on peut placer à l'intérieur de la coque un dispositif de projection de lumière structurée sur la zone d'intérêt pouvant être des lignes, une grille ou un motif quelconque. Cette projection de lumière structurée permet d'aider l'utilisateur à évaluer le relief de la zone 
<!-- EPO <DP n="13"/>-->
 étudiée et peut si un enregistrement de la projection de cette lumière structurée est fait, servir à reconstruire le relief observé à l'aide d'algorithmes de calcul. </p><p id="p0076" num="0076">Dans une réalisation particulière, on peut placer à l'intérieur un dispositif de mesure de réflectance ou du flux lumineux perçu à travers la fenêtre d'observation. </p><p id="p0077" num="0077">Afin de faciliter le positionnement et le repositionnement entre différents temps du dispositif sur la zone d'intérêt étudiée, des modules projetant des repères lumineux peuvent être fixés sur la coque du dispositif comme dans le mode de réalisation représenté figure 20. Le repositionnement peut également être effectué par des modules fixés sur une autre structure et projetant des repères sur la peau permettant de placer le dispositif comme dans le mode de réalisation représenté sur la figure 21 . </p><p id="p0078" num="0078">Dans une réalisation particulière, un ou plusieurs capteurs de mesures des propriétés physiques de la peau avec ou sans contact peuvent être intégrés à la platine afin de mesurer par exemple la température ou l'hydratation. Les capteurs peuvent de type être capacitif, résistif ou thermique. </p><p id="p0079" num="0079">L'alimentation du dispositif peut être à piles ou batteries, être réalisée par l'intermédiaire d'un transformateur ou d'une autre source comme un port USB d'ordinateur. </p><p id="p0080" num="0080">Le dispositif permet de s'affranchir des conditions lumineuses extérieures. 
</p></description><claims mxw-id="PCLM44998188" ref-ucid="WO-2012120413-A1" lang="FR" load-source="patent-office"><claim-statement><!-- EPO <DP n="14"/>-->REVENDICATIONS </claim-statement><claim id="clm-0001" num="1"><claim-text>1 . Procédé de détermination d'un l'éclairage optimisé d'une zone de peau humaine afin de permettre l'étude de son état de surface, la zone de peau présentant des zones de relief, l'éclairage étant issu d'un dispositif comportant une ou plusieurs sources lumineuses et générant des zones d'ombre au voisinage des zones de relief, caractérisé en ce qu'il comprend les étapes suivantes : </claim-text><claim-text>• définition d'un premier paramètre P1 fonction du contraste entre la luminosité à l'intérieur des zones d'ombre et la luminosité à l'extérieur des zones d'ombre, </claim-text><claim-text>• définition d'un second paramètre P2 fonction de l'homogénéité de la luminosité, </claim-text><claim-text>• définition d'une fonction coût C fonction du premier paramètre P1 et/ou du second paramètre P2, </claim-text><claim-text>• recherche d'un maximum pour la fonction cout C. </claim-text></claim><claim id="clm-0002" num="2"><claim-text>2. Procédé de détermination d'un l'éclairage optimisé d'une zone de peau humaine selon la revendication 1 , caractérisé en ce que la fonction coût est définie sous la forme C=a<sup>*</sup>P1 +b<sup>*</sup>P2, où a et b sont des nombres réels. </claim-text></claim><claim id="clm-0003" num="3"><claim-text>3. Procédé de détermination d'un l'éclairage optimisé d'une zone de peau humaine selon la revendication 1 ou 2, caractérisé en ce que la recherche d'un maximum pour la fonction C comprend une étape ou sont étudiées les variations de C en fonction des variations d'au moins un paramètre parmi : le type de source lumineuse, la hauteur (h) de la source lumineuse par rapport à la peau, la distance (e) de la source lumineuse par rapport à la peau et l'angle (a) d'éclairage de chaque source lumineuse par rapport à la zone de peau considérée. </claim-text></claim><claim id="clm-0004" num="4"><claim-text>4. .Dispositif d'éclairage d'une zone de peau humaine dont au moins une caractéristique parmi : la hauteur (h) de la source lumineuse <!-- EPO <DP n="15"/>--> par rapport à la peau, la distance (e) de la source lumineuse par rapport à la peau et l'angle (a) d'éclairage de chaque source lumineuse par rapport à la zone de peau considérée, a été déterminée selon le procédé selon l'une quelconque des revendications 1 à 3. </claim-text></claim><claim id="clm-0005" num="5"><claim-text>5. Dispositif selon la revendication 4, caractérisé en ce qu'au moins une source lumineuse est ponctuelle. </claim-text></claim><claim id="clm-0006" num="6"><claim-text>6. Dispositif selon la revendication 4 ou 5, caractérisé en ce qu'il comporte une fenêtre pour l'observation. </claim-text></claim><claim id="clm-0007" num="7"><claim-text>7. Dispositif selon l'une quelconque des revendications 4 à 6, caractérisé en ce qu'il comporte un système de prise de vue fixé à sa structure. </claim-text></claim><claim id="clm-0008" num="8"><claim-text>8. Dispositif relié à un dispositif permettant l'enregistrement et la transmission à distance de la prise de vue. </claim-text></claim><claim id="clm-0009" num="9"><claim-text>9. Dispositif selon l'une quelconque des revendications 4 à 7, caractérisé en ce qu'il comporte une platine d'appui sur la peau minimisant l'influence du dispositif sur la zone de mesure. </claim-text></claim><claim id="clm-0010" num="10"><claim-text>10. Dispositif selon la revendication 8, caractérisé en ce que la platine comporte des moyens de centrage permettant le centrage automatique du dispositif autour d'un élément extérieur fixé à la peau. </claim-text></claim><claim id="clm-0011" num="11"><claim-text>1 1 . Dispositif selon l'une quelconque des revendications 4 à 10, caractérisé en ce qu'il comporte des moyens de projection aptes à rémission de lumière structurée. </claim-text></claim><claim id="clm-0012" num="12"><claim-text>12. Dispositif selon l'une quelconque des revendications 4 à 1 1 , caractérisé en ce qu'il comporte des moyens de mesure de la lumière réfléchie. </claim-text></claim><claim id="clm-0013" num="13"><claim-text>13. Dispositif selon l'une quelconque des revendications 4 à 12, caractérisé en ce qu'il comporte des moyens de projection de symboles lumineux d'aide au repositionnement. <!-- EPO <DP n="16"/>--> </claim-text></claim><claim id="clm-0014" num="14"><claim-text>14. Dispositif selon l'une quelconque des revendications 4 à 13, caractérisé en ce qu'il comporte un ou plusieurs capteurs de mesure des propriétés physiques de la peau. </claim-text></claim></claims><amended-claims mxw-id="PCLM44998187" ref-ucid="WO-2012120413-A1" lang="FR" load-source="patent-office" amended-claim-type=""><claim id="amd-clm-0001" num="0001"><!-- EPO <DP n="17"/>--><claim-text/><claim-text>REVENDICATIONS MODIFIÉES </claim-text><claim-text> reçues par le Bureau international le 09.07.2012 </claim-text><claim-text>REVENDICATIONS </claim-text><claim-text>Procédé de détermination d'un l'éclairage optimisé d'une zone de peau humaine afin de permettre l'étude de son état de surface, la zone de peau présentant des zones de relief, l'éclairage étant issu d'un dispositif comportant une ou plusieurs sources lumineuses et générant des zones d'ombre au voisinage des zones de relief, caractérisé en ce qu'il comprend les étapes suivantes : </claim-text><claim-text>• définition d'un premier paramètre P1 fonction du contraste entre la luminosité à l'intérieur des zones d'ombre et la luminosité à l'extérieur des zones d'ombre, </claim-text><claim-text>• définition d'un second paramètre P2 fonction de l'homogénéité de la luminosité, </claim-text><claim-text>• définition d'une fonction coût C fonction du premier paramètre P1 et/ou du second paramètre P2, </claim-text><claim-text>• recherche d'un maximum pour la fonction cout C, </claim-text><claim-text> la méthodologie pour la recherche d'un maximum pour la fonction cout C étant itérative, un premier essai étant effectué à partir de paramètres de base, l'influence de chaque paramètre sur le résultat étant étudiée en se basant soit sur une approche visuelle, soit sur des indicateurs, issus de mesures, représentatifs de l'homogénéité tels que l'écart type de la distribution lumineuse, puis un nouvel essai étant réalisé avec les paramètres mis à jour et vérifiés expérimentalement par la mise en œuvre du dispositif, ceci permettant d'optimiser l'éclairage, cette série d'étape étant renouvelée jusqu'à ce que le résultat soit optimal. <!-- EPO <DP n="18"/>--> Procédé de détermination d'un l'éclairage optimisé d'une zone de peau humaine selon la revendication 1 , caractérisé en ce que la fonction coût est définie sous la forme C=a*P1+b*P2, où a et b sont des nombres réels. </claim-text><claim-text>Procédé de détermination d'un l'éclairage optimisé d'une zone de peau humaine selon la revendication 1 ou 2, caractérisé en ce que la recherche d'un maximum pour la fonction C comprend une étape ou sont étudiées les variations de C en fonction des variations d'au moins un paramètre parmi : le type de source lumineuse, la hauteur (h) de la source lumineuse par rapport à la peau, la distance (e) de la source lumineuse par rapport à la peau et l'angle (a) d'éclairage de chaque source lumineuse par rapport à la zone de peau considérée. </claim-text><claim-text>Dispositif d'éclairage d'une zone de peau humaine, la zone de peau présentant des zones de relief, le dispositif comportant une ou plusieurs sources lumineuses et générant des zones d'ombre au voisinage des zones de relief, au moins une caractéristique du dispositif parmi : la hauteur (h) de la source lumineuse par rapport à la peau, la distance (e) de la source lumineuse par rapport à la peau et l'angle (a) d'éclairage de chaque source lumineuse par rapport à la zone de peau considérée, a été déterminée selon le procédé selon l'une quelconque des revendications 1 à 3. </claim-text><claim-text>Dispositif selon la revendication 4, caractérisé en ce qu'au moins une source lumineuse est ponctuelle. </claim-text><claim-text>Dispositif selon la revendication 4 ou 5, caractérisé en ce qu'il comporte une fenêtre pour l'observation. </claim-text><claim-text>Dispositif selon l'une quelconque des revendications 4 à 6, caractérisé en ce qu'il comporte un système de prise de vue fixé à sa structure. </claim-text><claim-text>Dispositif selon l'une quelconque des revendications 4 à 7, caractérisé en ce qu'il est relié à un dispositif permettant l'enregistrement et la transmission à distance de la prise de vue. <!-- EPO <DP n="19"/>--> </claim-text><claim-text>9. Dispositif selon l'une quelconque des revendications 4 à 8, caractérisé en ce qu'il comporte une platine d'appui sur la peau minimisant l'influence du dispositif sur la zone de mesure. </claim-text><claim-text>10. Dispositif selon la revendication 9, caractérisé en ce que la platine comporte des moyens de centrage permettant le centrage automatique du dispositif autour d'un élément extérieur fixé à la peau. </claim-text><claim-text>11. Dispositif selon l'une quelconque des revendications 4 à 10, caractérisé en ce qu'il comporte des moyens de projection aptes à l'émission de lumière structurée. </claim-text><claim-text>12. Dispositif selon l'une quelconque des revendications 4 à 11 , caractérisé en ce qu'il comporte des moyens de mesure de la lumière réfléchie. </claim-text><claim-text>13. Dispositif selon l'une quelconque des revendications 4 à 12, caractérisé en ce qu'il comporte des moyens de projection de symboles lumineux d'aide au repositionnement. </claim-text><claim-text>14. Dispositif selon l'une quelconque des revendications 4 à 13, caractérisé en ce qu'il comporte un ou plusieurs capteurs de mesure. des propriétés physiques de la peau. </claim-text></claim></amended-claims><copyright>User acknowledges that Fairview Research LLC and its third party providers retain all right, title and interest in and to this xml under applicable copyright laws.  User acquires no ownership rights to this xml including but not limited to its format.  User hereby accepts the terms and conditions of the Licence Agreement</copyright></patent-document>
