<?xml version="1.0" encoding="UTF-8"?>
<patent-document ucid="EP-2958769-A1" country="EP" doc-number="2958769" kind="A1" date="20151230" family-id="51390523" file-reference-id="312929" date-produced="20180825" status="corrected" lang="DE"><bibliographic-data><publication-reference fvid="160453360" ucid="EP-2958769-A1"><document-id><country>EP</country><doc-number>2958769</doc-number><kind>A1</kind><date>20151230</date><lang>DE</lang></document-id></publication-reference><application-reference ucid="EP-14705798-A" is-representative="NO"><document-id mxw-id="PAPP193869688" load-source="docdb" format="epo"><country>EP</country><doc-number>14705798</doc-number><kind>A</kind><date>20140224</date><lang>DE</lang></document-id><document-id mxw-id="PAPP193869689" load-source="patent-office" format="original"><country>EP</country><doc-number>14705798.8</doc-number><date>20140224</date><lang>DE</lang></document-id></application-reference><priority-claims><priority-claim mxw-id="PPC162027044" ucid="DE-102013003442-A" load-source="docdb"><document-id format="epo"><country>DE</country><doc-number>102013003442</doc-number><kind>A</kind><date>20130225</date></document-id></priority-claim><priority-claim mxw-id="PPC162030346" ucid="DE-102013226002-A" load-source="docdb"><document-id format="epo"><country>DE</country><doc-number>102013226002</doc-number><kind>A</kind><date>20131216</date></document-id></priority-claim><priority-claim mxw-id="PPC162026356" ucid="EP-2014053536-W" linkage-type="W" load-source="docdb"><document-id format="epo"><country>EP</country><doc-number>2014053536</doc-number><kind>W</kind><date>20140224</date></document-id></priority-claim></priority-claims><technical-data><classifications-ipcr><classification-ipcr mxw-id="PCL-1988526605" load-source="docdb">B60N   2/235       20060101AFI20140912BHEP        </classification-ipcr><classification-ipcr mxw-id="PCL-1988527057" load-source="docdb">B60N   2/20        20060101ALI20140912BHEP        </classification-ipcr></classifications-ipcr><classifications-cpc><classification-cpc mxw-id="PCL-1655618321" load-source="docdb" scheme="CPC">B60N2205/20        20130101 LA20180324BHEP        </classification-cpc><classification-cpc mxw-id="PCL-1655620847" load-source="docdb" scheme="CPC">B60N2205/50        20130101 LA20180324BHEP        </classification-cpc><classification-cpc mxw-id="PCL-1984702063" load-source="docdb" scheme="CPC">B60N   2/20        20130101 LI20160108BHEP        </classification-cpc><classification-cpc mxw-id="PCL-1984702709" load-source="docdb" scheme="CPC">B60N   2/2352      20130101 FI20160108BHEP        </classification-cpc></classifications-cpc><invention-title mxw-id="PT165551546" lang="DE" load-source="patent-office">BESCHLAG FÜR EINEN FAHRZEUGSITZ, VERFAHREN ZUR MONTAGE EINES BESCHLAGS FÜR EINEN FAHRZEUGSITZ SOWIE FAHRZEUGSITZ</invention-title><invention-title mxw-id="PT165551547" lang="EN" load-source="patent-office">FITTING FOR A VEHICLE SEAT, METHOD FOR ASSEMBLING A FITTING FOR A VEHICLE SEAT, AND VEHICLE SEAT</invention-title><invention-title mxw-id="PT165551548" lang="FR" load-source="patent-office">FERRURE POUR UN SIÈGE DE VÉHICULE, PROCÉDÉ DE MONTAGE D'UNE FERRURE POUR UN SIÈGE DE VÉHICULE AINSI QUE SIÈGE DE VÉHICULE</invention-title></technical-data><parties><applicants><applicant mxw-id="PPAR1103304900" load-source="docdb" sequence="1" format="epo"><addressbook><last-name>JOHNSON CONTROLS COMPONENTS GMBH &amp; CO KG</last-name><address><country>DE</country></address></addressbook></applicant><applicant mxw-id="PPAR1103323843" load-source="docdb" sequence="1" format="intermediate"><addressbook><last-name>JOHNSON CONTROLS COMPONENTS GMBH &amp; CO. KG</last-name></addressbook></applicant><applicant mxw-id="PPAR1101644469" load-source="patent-office" sequence="1" format="original"><addressbook><last-name>Johnson Controls Components GmbH &amp; Co. KG</last-name><iid>101460095</iid><address><street>Hertelsbrunnenring 2</street><city>67657 Kaiserslautern</city><country>DE</country></address></addressbook></applicant></applicants><inventors><inventor mxw-id="PPAR1103306571" load-source="docdb" sequence="1" format="epo"><addressbook><last-name>THIEL PETER</last-name><address><country>DE</country></address></addressbook></inventor><inventor mxw-id="PPAR1103329622" load-source="docdb" sequence="1" format="intermediate"><addressbook><last-name>THIEL, PETER</last-name></addressbook></inventor><inventor mxw-id="PPAR1101639799" load-source="patent-office" sequence="1" format="original"><addressbook><last-name>THIEL, PETER</last-name><address><street>Schulstrasse 7</street><city>42899 Remscheid</city><country>DE</country></address></addressbook></inventor></inventors><agents><agent mxw-id="PPAR1101652682" load-source="patent-office" sequence="1" format="original"><addressbook><last-name>Liedhegener, Ralf</last-name><iid>101463547</iid><address><street>Johnson Controls Components GmbH &amp; Co. KG IP Operations Hertelsbrunnenring 2</street><city>67657 Kaiserslautern</city><country>DE</country></address></addressbook></agent></agents></parties><international-convention-data><pct-or-regional-filing-data ucid="EP-2014053536-W"><document-id><country>EP</country><doc-number>2014053536</doc-number><kind>W</kind><date>20140224</date><lang>DE</lang></document-id></pct-or-regional-filing-data><pct-or-regional-publishing-data ucid="WO-2014128297-A1"><document-id><country>WO</country><doc-number>2014128297</doc-number><kind>A1</kind><date>20140828</date><lang>DE</lang></document-id></pct-or-regional-publishing-data><designated-states><ep-contracting-states><country mxw-id="DS660718783" load-source="docdb">AL</country><country mxw-id="DS660716050" load-source="docdb">AT</country><country mxw-id="DS660718785" load-source="docdb">BE</country><country mxw-id="DS660747763" load-source="docdb">BG</country><country mxw-id="DS660637166" load-source="docdb">CH</country><country mxw-id="DS660726310" load-source="docdb">CY</country><country mxw-id="DS660716055" load-source="docdb">CZ</country><country mxw-id="DS660718786" load-source="docdb">DE</country><country mxw-id="DS660726327" load-source="docdb">DK</country><country mxw-id="DS660726328" load-source="docdb">EE</country><country mxw-id="DS660792867" load-source="docdb">ES</country><country mxw-id="DS660747764" load-source="docdb">FI</country><country mxw-id="DS660635740" load-source="docdb">FR</country><country mxw-id="DS660718791" load-source="docdb">GB</country><country mxw-id="DS660726329" load-source="docdb">GR</country><country mxw-id="DS660718792" load-source="docdb">HR</country><country mxw-id="DS660716056" load-source="docdb">HU</country><country mxw-id="DS660637175" load-source="docdb">IE</country><country mxw-id="DS660726330" load-source="docdb">IS</country><country mxw-id="DS660635741" load-source="docdb">IT</country><country mxw-id="DS660726339" load-source="docdb">LI</country><country mxw-id="DS660747765" load-source="docdb">LT</country><country mxw-id="DS660639482" load-source="docdb">LU</country><country mxw-id="DS660747766" load-source="docdb">LV</country><country mxw-id="DS660747771" load-source="docdb">MC</country><country mxw-id="DS660639491" load-source="docdb">MK</country><country mxw-id="DS660639492" load-source="docdb">MT</country><country mxw-id="DS660635742" load-source="docdb">NL</country><country mxw-id="DS660792868" load-source="docdb">NO</country><country mxw-id="DS660637176" load-source="docdb">PL</country><country mxw-id="DS660639493" load-source="docdb">PT</country><country mxw-id="DS660635751" load-source="docdb">RO</country><country mxw-id="DS660639494" load-source="docdb">RS</country><country mxw-id="DS660637177" load-source="docdb">SE</country><country mxw-id="DS660716057" load-source="docdb">SI</country><country mxw-id="DS660792869" load-source="docdb">SK</country><country mxw-id="DS660637178" load-source="docdb">SM</country><country mxw-id="DS660747773" load-source="docdb">TR</country></ep-contracting-states><ep-extended-states><ep-extended-state-data><country>BA</country></ep-extended-state-data><ep-extended-state-data><country>ME</country></ep-extended-state-data></ep-extended-states></designated-states></international-convention-data><office-specific-data><eptags><ep-no-a-document-published>*</ep-no-a-document-published></eptags></office-specific-data></bibliographic-data><abstract mxw-id="PA139079782" ref-ucid="WO-2014128297-A1" lang="DE" load-source="patent-office"><p num="0000">Die Erfindung betrifft einen Beschlag (10) für einen Fahrzeugsitz, insbesondere für einen Kraftfahrzeugsitz, mit einem ersten Beschlagteil (11) und einem zweiten Beschlagteil (12), welche relativ zueinander verdrehbar sind und miteinander in Getriebeverbindung stehen, oder miteinander verriegelbar sind, und einem dritten Beschlagteil (74), welches relativ zu dem ersten Beschlagteil (11) auf einem an dem ersten Beschlagteil (11) befestigten Lagerring (71 ) um eine Achse (A) schwenkbar gelagert ist, wobei das dritte Beschlagteil (74) mittels einer in einem ersten Gelenkpunkt (D1) an dem dritten Beschlagteil (74) gelagerten Klinke (80) mit dem ersten Beschlagteil (11) oder einem mit dem ersten Beschlagteil (11) fest verbundenen Bauteil verriegelbar ist. Der Lagerring (71) weist mehrere Anlaufnocken (71a) auf, die mit mehreren Erhebungen (74a) des dritten Beschlagteils (74) derart zusammenwirken, dass bei verriegelter Klinke (80) ein freies Spiel in radialer Richtung zwischen dem Lagerring (71) und dem dritten Beschlagteil (74) minimiert ist.</p></abstract><abstract mxw-id="PA139546337" ref-ucid="WO-2014128297-A1" lang="DE" source="national office" load-source="docdb"><p>Die Erfindung betrifft einen Beschlag (10) für einen Fahrzeugsitz, insbesondere für einen Kraftfahrzeugsitz, mit einem ersten Beschlagteil (11) und einem zweiten Beschlagteil (12), welche relativ zueinander verdrehbar sind und miteinander in Getriebeverbindung stehen, oder miteinander verriegelbar sind, und einem dritten Beschlagteil (74), welches relativ zu dem ersten Beschlagteil (11) auf einem an dem ersten Beschlagteil (11) befestigten Lagerring (71 ) um eine Achse (A) schwenkbar gelagert ist, wobei das dritte Beschlagteil (74) mittels einer in einem ersten Gelenkpunkt (D1) an dem dritten Beschlagteil (74) gelagerten Klinke (80) mit dem ersten Beschlagteil (11) oder einem mit dem ersten Beschlagteil (11) fest verbundenen Bauteil verriegelbar ist. Der Lagerring (71) weist mehrere Anlaufnocken (71a) auf, die mit mehreren Erhebungen (74a) des dritten Beschlagteils (74) derart zusammenwirken, dass bei verriegelter Klinke (80) ein freies Spiel in radialer Richtung zwischen dem Lagerring (71) und dem dritten Beschlagteil (74) minimiert ist.</p></abstract><abstract mxw-id="PA139079783" ref-ucid="WO-2014128297-A1" lang="EN" load-source="patent-office"><p num="0000">The invention relates to a fitting (10) for a vehicle seat, in particular for a motor vehicle seat, comprising a first fitting part (11) and a second fitting part (12), which can be rotated relative to each other and which are connected to each other via a gear unit or can be locked with each other, and comprising a third fitting part (74), which is mounted on a bearing ring (71) in a pivotal manner about an axis (A) relative to the first fitting part (11), said bearing ring being fixed to the first fitting part (11). The third fitting part (74) can be locked with the first fitting part (11) or a component which is rigidly connected to the first fitting part (11) by means of a pawl (80) mounted on the third fitting part (74) in a first hinge point (D1). The bearing ring (71) has multiple run-on cams (71a) which interact with multiple elevations (74a) of the third fitting part (74) such that a free clearance in the radial direction between the bearing ring (71) and the third fitting part (74) is minimized when the pawl (80) is locked.</p></abstract><abstract mxw-id="PA139546338" ref-ucid="WO-2014128297-A1" lang="EN" source="national office" load-source="docdb"><p>The invention relates to a fitting (10) for a vehicle seat, in particular for a motor vehicle seat, comprising a first fitting part (11) and a second fitting part (12), which can be rotated relative to each other and which are connected to each other via a gear unit or can be locked with each other, and comprising a third fitting part (74), which is mounted on a bearing ring (71) in a pivotal manner about an axis (A) relative to the first fitting part (11), said bearing ring being fixed to the first fitting part (11). The third fitting part (74) can be locked with the first fitting part (11) or a component which is rigidly connected to the first fitting part (11) by means of a pawl (80) mounted on the third fitting part (74) in a first hinge point (D1). The bearing ring (71) has multiple run-on cams (71a) which interact with multiple elevations (74a) of the third fitting part (74) such that a free clearance in the radial direction between the bearing ring (71) and the third fitting part (74) is minimized when the pawl (80) is locked.</p></abstract><abstract mxw-id="PA139079784" ref-ucid="WO-2014128297-A1" lang="FR" load-source="patent-office"><p num="0000">L'invention concerne une ferrure (10) qui est destinée à un siège de véhicule, notamment à un siège d'un véhicule à moteur, et qui est pourvue d'une première partie de ferrure (11) et d'une deuxième partie de ferrure (12) lesquelles sont reliées l'une à l'autre par engrenage, leurs positions l'une par rapport à l'autre pouvant être modifiées par rotation, ou lesquelles peuvent être verrouillées l'une par rapport à l'autre, et d'une troisième partie de ferrure (74) laquelle est monté pivotante, par rapport à la première partie de ferrure (11), autour d'un axe (A) sur une bague de roulement (71) fixée sur la première partie de ferrure (11), la troisième partie de ferrure (74) pouvant être verrouillée, par rapport à la première partie de ferrure (11) ou à une pièce solidaire de la première partie de ferrure (11), au moyen d'un cliquet (80) qui est monté dans un premier point d'articulation (D1) situé sur la troisième partie de ferrure (74). La bague de roulement (71) présente plusieurs cames de début de course (71a) lesquelles coopèrent avec plusieurs parties surélevées (74a) de la troisième partie de ferrure (74), faisant en sorte que le jeu radial entre la bague de roulement (71) et la troisième partie de ferrure (74) soit réduit au minimum lorsque le cliquet (80) est verrouillé.</p></abstract><abstract mxw-id="PA139546339" ref-ucid="WO-2014128297-A1" lang="FR" source="national office" load-source="docdb"><p>L'invention concerne une ferrure (10) qui est destinée à un siège de véhicule, notamment à un siège d'un véhicule à moteur, et qui est pourvue d'une première partie de ferrure (11) et d'une deuxième partie de ferrure (12) lesquelles sont reliées l'une à l'autre par engrenage, leurs positions l'une par rapport à l'autre pouvant être modifiées par rotation, ou lesquelles peuvent être verrouillées l'une par rapport à l'autre, et d'une troisième partie de ferrure (74) laquelle est monté pivotante, par rapport à la première partie de ferrure (11), autour d'un axe (A) sur une bague de roulement (71) fixée sur la première partie de ferrure (11), la troisième partie de ferrure (74) pouvant être verrouillée, par rapport à la première partie de ferrure (11) ou à une pièce solidaire de la première partie de ferrure (11), au moyen d'un cliquet (80) qui est monté dans un premier point d'articulation (D1) situé sur la troisième partie de ferrure (74). La bague de roulement (71) présente plusieurs cames de début de course (71a) lesquelles coopèrent avec plusieurs parties surélevées (74a) de la troisième partie de ferrure (74), faisant en sorte que le jeu radial entre la bague de roulement (71) et la troisième partie de ferrure (74) soit réduit au minimum lorsque le cliquet (80) est verrouillé.</p></abstract><description mxw-id="PDES78478047" ref-ucid="WO-2014128297-A1" lang="DE" load-source="patent-office"><!-- EPO <DP n="3"/>--><p id="p0001" num="0001"> BESCHLAG FÜR EINEN FAHRZEUGSITZ, VERFAHREN ZUR MONTAGE EINES BESCHLAGS FÜR EINEN FAHRZEUGSITZ SOWIE FAHRZEUGSITZ </p><p id="p0002" num="0002">Die Erfindung betrifft einen Beschlag mit den Merkmalen des Oberbegriffs des Anspruchs 1 , ein Verfahren zur Montage eines Beschlags für einen Fahrzeugsitz nach Anspruch 1 1 sowie einen Fahrzeugsitz nach Anspruch 15. </p><p id="p0003" num="0003">Stand der Technik </p><p id="p0004" num="0004">Ein Beschlag dieser Art ist aus der US 7,571 ,962 B2 bekannt. Das erste </p><p id="p0005" num="0005">Beschlagteil und das zweite Beschlagteil stehen miteinander in Getriebeverbin- dung, um die Neigung der Lehne innerhalb eines Komforteinstellbereichs einzustellen. Auf einem am ersten Beschlagteil befestigten Lagerring ist das dritte Beschlagteil schwenkbar gelagert. Ferner sitzt ein separat ausgebildetes </p><p id="p0006" num="0006">Rastelement auf dem Lagerring und ist an diesem befestigt, so dass es fest mit dem ersten Beschlagteil verbunden ist. Eine am dritten Beschlagteil schwenkbar gelagerte, gezahnte Klinke verriegelt mit dem Rastelement, welches hierzu in einem radial abstehenden Bereich ebenfalls gezahnt ist. Wird die Klinke geöffnet, ist die Lehne freischwenkbar. Das Freischwenken dient insbesondere dem erleichterten Zugang von Passagieren zu einer hinteren Sitzreihe und ergänzt damit den Komforteinstellbereich in sinnvoller Weise. Das dritte Beschlagteil sitzt mit geringem Spiel auf dem Lagerring. Dieses Spiel ist für den Sitzbenutzer an der 
<!-- EPO <DP n="4"/>-->
 Lehnenoberkante deutlich spürbar, was das subjektive Qualitätsempfinden reduziert. </p><p id="p0007" num="0007">Aus der DE 100 41 604 B4 ist ein gattungsgemäßer Beschlag mit einer Lager- buchse und einem auf dieser Lagerbuchse gelagerten dritten Beschlagteil bekannt. Während der Montage des Beschlags wird durch Verdrehen der </p><p id="p0008" num="0008">Lagerbuchse relativ zum dritten Beschlagteil vor der Befestigung der Lagerbuchse an einem ersten Beschlagteil ein vorhandenes Spiel in der Lagerstelle und in der Verriegelung definiert justiert. Dazu sind insgesamt drei Erhebungen auf der Lagerfläche der Lagerbuchse und drei Erhebungen auf einer Innenfläche einer auf der Lagerbuchse gelagerten Öffnung des dritten Beschlagteils vorgesehen, die in einem verriegelten Zustand einer Freischwenkfunktion weitgehend aneinander anliegen, so dass vorhandenes Spiel weitgehend eliminiert wird. Beim Freischwenken der Lehne, das heißt beim Verschwenken des dritten Beschlagteils relativ zur Lagerbuchse, entsteht ein zum Freischwenken notwendiges Spiel, da durch die Drehung der Innenfläche der Öffnung relativ zur Lagerbuchse sich die Erhebungen nicht mehr berühren. Um das Spiel genau einstellen zu können, wird eine Montagestellung gewählt, in der das dritte Beschlagteil mit dem ersten Beschlagteil über eine Klinke miteinander gekuppelt sind. Sodann wird die </p><p id="p0009" num="0009">Lagerbuchse so weit gedreht, bis die Erhebungen der Lagerbuchsen die </p><p id="p0010" num="0010"> Erhebungen an der Innenfläche der Öffnung des dritten Beschlagteils berühren. Daraufhin wird die Lagerbuchse wieder um 1 ,3 Grad zurückgedreht und danach an dem ersten Beschlagteil verschweißt. Durch das Zurückdrehen der Lagerbuchse wird ein Verklemmen in der Lagerstelle oder der Verriegelung vermieden, jedoch kann das vorhandene Spiel dadurch nicht vollständig minimiert oder gar eliminiert werden. </p><p id="p0011" num="0011">Aufgabe </p><p id="p0012" num="0012">Der Erfindung liegt die Aufgabe zu Grunde, einen Beschlag der eingangs genannten Art zu verbessern, insbesondere eine optimierte Spielfreistellung in der 
<!-- EPO <DP n="5"/>-->
 Lagerstelle des dritten Beschlagteils zur Verfügung zu stellen, indem während der Montage des Beschlags auf ein Zurückdrehen der Lagerbuchse verzichtet werden kann. Der Erfindung liegt zudem die Aufgabe zu Grunde, ein Verfahren für die Montage eines solchen Beschlags zur Verfügung zu stellen und einen Fahrzeug- sitz mit einem entsprechenden Beschlag zur Verfügung zu stellen. </p><p id="p0013" num="0013">Lösung Diese Aufgabe wird gelöst durch einen Beschlag mit einem ersten Beschlagteil und einem zweiten Beschlagteil, welche relativ zueinander verdrehbar sind und miteinander in Getriebeverbindung stehen oder miteinander verriegelbar sind und einem dritten Beschlagteil, welches relativ zu dem ersten Beschlagteil auf einem an dem ersten Beschlagteil befestigten Lagerring um eine Achse schwenkbar gelagert ist, wobei das dritte Beschlagteil mittels einer in einem ersten Gelenkpunkt an dem dritten Beschlagteil gelagerten Klinke mit dem ersten Beschlagteil oder einem mit dem ersten Beschlagteil fest verbundenen Bauteil verriegelbar ist, Erfindungsgemäß ist vorgesehen, dass der Lagerring mehrere Anlaufnocken aufweist, die mit mehreren Erhebungen des dritten Beschlagteils derart zusam- menwirken, dass bei verriegelter Klinke ein freies Spiel in radialer Richtung zwischen dem Lagerring und dem dritten Beschlagteil minimiert ist. </p><p id="p0014" num="0014">Der Zustand„bei verriegelter Klinke" bedeutet, dass das dritte Beschlagteil mittels der Klinke relativ zu dem ersten Beschlagteil gegen eine Relativverdrehung gesichert ist. </p><p id="p0015" num="0015">Dadurch, dass der Lagerring mehrere Anlaufnocken aufweist, die mit mehreren Erhebungen des dritten Beschlagteils derart zusammenwirken, dass bei verriegelter Klinke ein freies Spiel in radialer Richtung zwischen dem Lagerring und dem dritten Beschlagteil minimiert, insbesondere eliminiert ist, steht eine optimierte Spielfreistellung in der Lagerstelle des dritten Beschlagteils zur </p><p id="p0016" num="0016">Verfügung. Es ist für die Fachwelt überraschend, dass der Lagerring in einer 
<!-- EPO <DP n="6"/>-->
 Relativposition zu dem dritten Beschlagteil, die einem minimierten Spiel entspricht, an dem ersten Beschlagteil befestigt werden kann. Der Lagerring muss vor seiner Befestigung an dem ersten Beschlagteil nicht - wie in der DE 100 41 604 B4 als notwendig beschrieben - gegenüber dieser Position zurückgedreht werden. </p><p id="p0017" num="0017">Die Klinke kann unmittelbar mit einer Kontur des ersten Beschlagteils verriegeln. Es ist jedoch auch möglich, dass die Klinke mit einer Kontur eines mit dem ersten Beschlagteil fest verbundenen Bauteils verriegelnd zusammen wirkt. Das erste und das zweite Beschlagteil sowie die zwischen diesen aufgenommenen Bauteile können einen an sich bekannten Getriebebeschlag bilden, der auch als Taumelbeschlag bezeichnet wird. Die insbesondere durch den Lagerring, das dritte Beschlagteil und die Klinke gebildete Freischwenkvorrichtung des erfindungsgemäßen Beschlags kann modular an einem solchen Getriebebeschlag befestigt sein. </p><p id="p0018" num="0018">Das erste und das zweite Beschlagteil sowie die zwischen diesen aufgenommenen Bauteile können einen an sich bekannten Rastbeschlag bilden. Die insbesondere durch den Lagerring, das dritte Beschlagteil und die Klinke gebildete </p><p id="p0019" num="0019">Freischwenkvorrichtung des erfindungsgemäßen Beschlags kann modular an einem solchen Rastbeschlag befestigt sein. Ein Beschlagsystem mit einer </p><p id="p0020" num="0020">Memorisierung der Lehnenneigung und einer zusätzlichen Freischwenkvorrichtung an einem von zwei Rastbeschlägen ist beispielsweise aus der </p><p id="p0021" num="0021">DE 10 2008 026 176 A1 bekannt. </p><p id="p0022" num="0022">Vorteilhafte Ausgestaltungen, welche einzeln oder in Kombination miteinander eingesetzt werden können, sind Gegenstand der Unteransprüche. </p><p id="p0023" num="0023">Indem der Lagerring genau drei Anlaufnocken und das dritten Beschlagteils genau drei Erhebungen aufweist, kann ein statisch bestimmtes System zur Spielfreistellung in der Art eines Dreibeins zur Verfügung gestellt werden. 
<!-- EPO <DP n="7"/>-->
 Die drei Anlaufnocken des Lagerrings weisen ausgehend von einer radial nach außen weisenden Lagerfläche vorzugsweise radial nach außen. Die drei </p><p id="p0024" num="0024">Anlaufnocken weisen vorzugsweise in Richtung des dritten Beschlagteils, insbesondere in Richtung einer Begrenzungsfläche einer Öffnung in dem dritten Beschlagteil. Die drei Erhebungen des dritten Beschlagteils weisen vorzugsweise radial nach innen in Richtung des Lagerrings. Die drei Erhebungen des dritten Beschlagteils weisen vorzugsweise ausgehend von einer Begrenzungsfläche einer Öffnung in dem dritten Beschlagteil radial nach innen in Richtung des Lagerrings. An dem dritten Beschlagteil ist ein Exzenterbolzen befestigt, der im verriegelten Zustand der Klinke spielfrei an einem Vorsprung des ersten Beschlagteils oder an einem mit dem ersten Beschlagteil verbundenen Bauteil anliegt. Vorzugsweise umfasst der Exzenterbolzen einen sich in axialer Richtung erstreckenden ersten Bolzenabschnitt, der in eine Öffnung des dritten Beschlagteils eingesteckt ist, und einen sich in axialer Richtung, aber parallel versetzt erstreckenden zweiten </p><p id="p0025" num="0025"> Bolzenabschnitt, der im verriegelten Zustand der Klinke spielfrei an dem ersten Beschlagteil anliegt. Der erste Bolzenabschnitt und der zweite Bolzenabschnitt sind dadurch in radialer Richtung um eine erste Exzentrizität versetzt zueinander angeordnet. Dadurch kann während des Montageprozesses ein Spiel zwischen dem zumindest im Crashfall als Anschlag dienenden Exzenterbolzen und dem Vorsprung des ersten Beschlagteils eliminiert werden. </p><p id="p0026" num="0026">Im verriegelten Zustand der Klinke nehmen die Klinke und der Exzenterbolzen den Vorsprung des ersten Beschlagteils vorzugsweise zwischen sich auf. </p><p id="p0027" num="0027">An dem dritten Beschlagteil ist zudem ein Lagerbolzen befestigt, der den ersten Gelenkpunkt zur Lagerung der Klinke bildet. Der Lagerbolzen kann rotationssymmetrisch ohne Exzentrizität ausgebildet sein. In bevorzugter Ausführung umfasst der Lagerbolzen jedoch einen sich in axialer Richtung erstreckenden ersten Lagerbolzenabschnitt, der in eine Öffnung des dritten Beschlagteils eingesteckt ist, und einen sich in axialer Richtung erstreckenden zweiten </p><p id="p0028" num="0028">Lagerbolzenabschnitt, der die Klinke lagert. Der erste Lagerbolzenabschnitt und 
<!-- EPO <DP n="8"/>-->
 der zweite Lagerbolzenabschnitt sind dadurch in radialer Richtung um eine zweite Exzentrizität versetzt zueinander angeordnet. Dadurch lässt sich die Klinke spielfrei stellen. Die Verriegelung der Freischwenkvorrichtung, das heißt die Sicherung der Klinke in deren verriegelnder Position, kann dadurch besonders sicher erreicht werden, indem das dritte Beschlagteil, ein in einem zweiten Gelenkpunkt an dem dritten Beschlagteil gelagerter Sperrnocken, eine in einem dritten Gelenkpunkt mit dem Sperrnocken und in einem vierten Gelenkpunkt mit der Klinke gelenkig verbunde- ne Koppel, und die Klinke, eine Viergelenkkette definieren. Die Getriebeglieder der Viergelenkkette müssen nicht über reine Drehgelenke miteinander verbunden sein. Bevorzugt ist einer der Gelenkpunkte der Viergelenkkette als Drehschubgelenk ausgebildet und die übrigen Gelenkpunkte als reine Drehgelenke. Dadurch lässt sich eine Verriegelung der Klinke über die Totpunktlage hinaus erreichen. Besonders wirkungsvoll ist es, wenn der zweite Gelenkpunkt als Drehschubgelenk ausgebildet ist und die übrigen Gelenkpunkte als Drehgelenke ausgebildet sind. </p><p id="p0029" num="0029">Ein zwangsläufig aufgrund des Drehschubgelenkes vorhandenes Spiel in der Viergelenkkette hat keine negativen Auswirkungen auf die Spielfreiheit der </p><p id="p0030" num="0030">Verriegelung im Normalbetrieb des Sitzes, wenn eine Feder die Viergelenkkette, insbesondere den Sperrnocken, in Richtung der verriegelten Position der Klinke vorspannt und den Sperrnocken in Anlage an die Klinke schwenkt. Ein als </p><p id="p0031" num="0031">Spannfläche, vorzugsweise innerhalb der Selbsthemmung, ausgelegter Verriegelungsnocken der Klinke wird dadurch gegen die Verriegelungsfläche des ersten Beschlagteils gespannt, ohne dass das Drehschubgelenk durch eine maximale Auslenkung in der Translationsrichtung spielfrei gestellt werden muss. </p><p id="p0032" num="0032">Die Totpunktlage lässt sich besonders einfach erzeugen, indem im verriegelten Zustand der Klinke der dritte Gelenkpunkt auf einer imaginären Verbindungslinie zwischen dem zweiten Gelenkpunkt und dem vierten Gelenkpunkt liegt oder der dritte Gelenkpunkt zwischen der Verbindungslinie und der Klinke liegt. 
<!-- EPO <DP n="9"/>-->
 Die Aufgabe wird zudem durch ein Verfahren zur Montage eines erfindungsgemä- ßen Beschlags gelöst, das mindestens die drei nachfolgend genannten Verfahrensschritte umfasst. Erstens ein Vorpositionieren des ersten Beschlagteils, des dritten Beschlagteils und des Lagerrings in eine Relativlage zueinander, die zumindest annähernd einer verriegelten Position der Klinke entspricht. Zweitens ein Verdrehen des Lagerrings relativ zu dem dritten Beschlagteil, bis die </p><p id="p0033" num="0033">Anlaufnocken und die Erhebungen spielfrei aneinander anliegen, und drittens ein anschließendes Fixieren des Lagerrings an dem ersten Beschlagteil . Vorzugsweise erfolgt das Fixieren des Lagerrings an dem ersten Beschlagteil mittels </p><p id="p0034" num="0034">Laserschweißens. </p><p id="p0035" num="0035">In einem optionalen weiteren Verfahrensschritt kann ein Exzenterbolzen soweit gedreht werden, bis der Exzenterbolzen spielfrei an einem Vorsprung des ersten Beschlagteils oder eines mit dem ersten Beschlagteil verbundenen weiteren Bauteils anliegt und der Exzenterbolzen anschließend in dieser Lage an dem dritten Beschlagteil fixiert wird. Ein zunächst separat ausgebildetes Bauteil hat gegenüber einem in das erste Beschlagteil integrierten Vorsprung dann Vorteile, wenn das erste Beschlagteil auch für Beschläge ohne Freischwenkvorrichtung zum Einsatz kommen soll, das heißt Bestandteil eines Baukastens ist. </p><p id="p0036" num="0036">Die Klinke lässt sich spielfrei einstellen, indem in einem optionalen weiteren Verfahrensschritt der erste Gelenkpunkt durch einen Lagerbolzen gebildet ist und der Lagerbolzen einen sich in axialer Richtung erstreckenden ersten Lagerbolzenabschnitt umfasst, der in eine Öffnung des dritten Beschlagteils eingesteckt wird, und einen sich parallel zur Achse erstreckenden zweiten Lagerbolzenabschnitt zur Lagerung der Klinke umfasst, und der Lagerbolzen soweit gedreht wird, bis die Klinke spielfrei an einem Vorsprung, insbesondere dem Vorsprung des ersten Beschlagteils, anliegt und der Lagerbolzen anschließend in dieser Lage an dem dritten Beschlagteil fixiert wird. 
<!-- EPO <DP n="10"/>-->
 Die Aufgabe wird zudem durch einen Fahrzeugsitz mit einem Sitzteil und einer Lehne gelöst, die mittels eines erfindungsgemäßen Beschlags miteinander verbunden sind. </p><p id="p0037" num="0037">Figuren und Ausführungsformen der Erfindung </p><p id="p0038" num="0038">Im Folgenden ist die Erfindung anhand zweier in den Zeichnungen dargestellter vorteilhafter Ausführungsbeispiele und einer Abwandlung des ersten Ausführungsbeispiels näher erläutert. Die Erfindung ist jedoch nicht auf diese Ausführungsbeispiele beschränkt. Es zeigen: </p><p id="p0039" num="0039">Fig. 1 : eine schematische Darstellung eines Fahrzeugsitzes, </p><p id="p0040" num="0040">Fig. 2: eine perspektivische Ansicht zweier Beschläge gemäß einem ersten </p><p id="p0041" num="0041"> Ausführungsbeispiel, </p><p id="p0042" num="0042">Fig. 3: eine schematische Explosionsdarstellung eines der Beschläge aus </p><p id="p0043" num="0043"> Fig.2 inklusive Adapter, </p><p id="p0044" num="0044">Fig. 4: eine Explosionsdarstellung der scheibenförmigen Einheit des </p><p id="p0045" num="0045"> Beschlags aus Fig. 3 zur Einstellung der Lehnenneigung innerhalb eines Komforteinstellbereichs, mit einem vereinfacht dargestellten ersten Beschlagteil, </p><p id="p0046" num="0046">Fig. 5: eine Draufsicht auf den Beschlag des ersten Ausführungsbeispiels, Fig. 6: einen Schnitt durch den Beschlag entlang der Linie VI - VI in Fig. 5, Fig. 7: einen Schnitt durch den Beschlag entlang der Linie VII - VII in Fig. 5, Fig. 8: einen Schnitt durch den Beschlag entlang der Linie VIII - VIII in Fig. 5, 
<!-- EPO <DP n="11"/>-->
 Fig. 9: eine Draufsicht auf den Beschlag aus Fig. 5 im verriegelten Zustand der Freischwenkvorrichtung ohne Deckel und ohne Rückhaltefeder, Fig. 10: eine Fig. 9 entsprechende Ansicht während des Entriegeins der </p><p id="p0047" num="0047"> Freischwenkvorrichtung, </p><p id="p0048" num="0048">Fig. 1 1 : eine Fig. 9 entsprechende Ansicht der vollständig entriegelten </p><p id="p0049" num="0049"> Freischwenkvorrichtung und </p><p id="p0050" num="0050">Fig. 12: eine Fig. 9 entsprechende Ansicht der entriegelten Freischwenkvorrichtung während des Freischwenkens der Lehne, </p><p id="p0051" num="0051">Fig. 13: eine Fig. 9 entsprechende Detailansicht einer Abwandlung des ersten </p><p id="p0052" num="0052"> Ausführungsbeispiels im verriegelten Zustand, </p><p id="p0053" num="0053">Fig. 14: eine Fig. 10 entsprechende Ansicht der Abwandlung des ersten </p><p id="p0054" num="0054"> Ausführungsbeispiels während des Entriegeins der Freischwenkvorrichtung, </p><p id="p0055" num="0055">Fig. 15: eine Fig. 1 1 entsprechende Ansicht der Abwandlung des Ausführungsbeispiels mit vollständig entriegelter Freischwenkvorrichtung, </p><p id="p0056" num="0056">Fig. 16: eine Fig. 12 entsprechende Ansicht der Abwandlung des Ausführungs- beispiels während des Freischwenkens der Lehne, </p><p id="p0057" num="0057">Fig. 17: eine Draufsicht auf den Beschlag aus Fig. 13 in einer der Figur 13 </p><p id="p0058" num="0058"> entgegengesetzten Blickrichtung, 
<!-- EPO <DP n="12"/>-->
 Fig. 18: eine Detailansicht auf die Lagerstelle zwischen dem Lagerring und dem dritten Beschlagteil in Schnittdarstellung, wobei die Schnittebene senkrecht zu einer axialen Erstreckung des Beschlags durch den Lagerring verläuft, und </p><p id="p0059" num="0059">Fig. 19: eine perspektivische Ansicht eines für alle Ausführungsbeispiele </p><p id="p0060" num="0060"> geeigneten Lagerbolzens, </p><p id="p0061" num="0061">Fig. 20: eine perspektivische Ansicht eines für alle Ausführungsbeispiele </p><p id="p0062" num="0062"> geeigneten Exzenterbolzens, eine Fig. 13 entsprechende Ansicht mit einem in der Fig. 19 dargestellten Lagerbolzen und einem in der Fig. 20 dargestellten Exzenterbolzen und </p><p id="p0063" num="0063">Fig. 22: eine schematische Explosionsdarstellung eines zweiten Ausführungsbeispiels mit einer als Rastbeschlag ausgebildeten scheibenförmigen Einheit. Ein Fahrzeugsitz 1 für ein Kraftfahrzeug weist ein Sitzteil 3 und eine relativ zum Sitzteil 3 in ihrer Neigung einstellbare Lehne 4 auf. Zur Neigungseinstellung der Lehne 4 wird manuell, beispielsweise mittels eines Handrades 5, oder motorisch, beispielsweise mittels eines Elektromotors, eine Antriebswelle 7 gedreht, welche horizontal im Übergangsbereich zwischen Sitzteil 3 und Lehne 4 angeordnet ist. Auf beiden Seiten des Fahrzeugsitzes 1 greift die Antriebswelle 7 drehfest in jeweils einen Beschlag 10 ein. Die Antriebswelle 7 definiert die verwendeten Richtungsangaben eines Zylinderkoordinatensystems. </p><p id="p0064" num="0064">Der Beschlag 10 umfasst ein erstes Beschlagteil 1 1 , ein zweites Beschlagteil 12 und eine Freischwenkvorrichtung mit einem dritten Beschlagteil 74. Zunächst wird der Aufbau und die Funktionsweise des ersten Beschlagteils 1 1 und des zweiten Beschlagteils 12 bei verriegelter Freischwenkvorrichtung beschrieben. 
<!-- EPO <DP n="13"/>-->
 Die beiden Beschlagteile 1 1 und 12 sind relativ zueinander verdrehbar und lassen sich jeweils näherungsweise in eine kreisrunde Scheibenform einbeschreiben. Einzelne, nachfolgend noch beschriebene Funktionsgeometrien stehen in radialer Richtung über die kreisrunde Grundgeomet e des ersten Beschlagteils 1 1 über. Zur Aufnahme der axial wirkenden Kräfte, also zum Zusammenhalt der Beschlagteile 1 1 und 12, ist ein Umklammerungsring 13 vorgesehen. Ein solcher </p><p id="p0065" num="0065">Zusammenhalt mittels eines Umklammerungsrings ist beispielsweise in der US 6,799,806 A beschrieben. Der vorzugsweise metallische Umklammerungsring 13 ist fest mit einem der beiden Beschlagteile 1 1 und 12 verbunden, vorliegend mit dem ersten Beschlagteil 1 1 in einem äußeren Randabschnitt, beispielsweise verschweißt oder (in Umfangsrichtung wenigstens teilweise) umgebördelt. </p><p id="p0066" num="0066">Mittels eines radial nach innen weisenden Randes übergreift der Umklamme- rungsring 13, gegebenenfalls unter Zwischenlage eines separaten Gleitrings, das relativ zu ihm bewegliche, andere der beiden Beschlagteile 1 1 und 12 radial außen, ohne die Relativdrehung der beiden Beschlagteile 1 1 und 12 zu behindern, d.h. der Umklammerungsring 13 und das mit ihm fest verbundene Beschlagteil 1 1 oder 12 umklammern das relativ zu ihnen bewegliche, andere der beiden </p><p id="p0067" num="0067">Beschlagteile 1 1 und 12. In baulicher Hinsicht bilden die beiden Beschlagteile 1 1 und 12 daher zusammen mit dem Umklammerungsring 13, und in einem Bauraum zwischen den Beschlagteilen 1 1 und 12 aufgenommenen weiteren Getriebebauteilen, eine scheibenförmige Einheit, die eine an sich bekannte und auch ohne zusätzliche Freischwenkvorrichtung funktionsfähige Einheit zur Einstellung der Lehnenneigung innerhalb eines Komforteinstellbereichs bildet. Der Beschlag 10 ist somit modular aufgebaut, indem eine zusätzliche Freischwenkvorrichtung an einen an sich bekannten Beschlag adaptiert wird. </p><p id="p0068" num="0068">Nach der Befestigung des Beschlags 10 an den Fahrzeugsitz 1 steht das erste Beschlagteil 1 1 in (verriegelter) Verbindung mit der Lehne 4, solange die nachfolgend noch näher beschriebene Freischwenkvorrichtung nicht entriegelt ist. Das zweite Beschlagteil 12 ist fest über einen Adapter 1 12 mit der Struktur des 
<!-- EPO <DP n="14"/>-->
 Sitzteils 3 verbunden, also sitzteilfest. Die Zuordnungen der Beschlagteile 1 1 und 12 können jedoch auch vertauscht sein, d.h. das erste Beschlagteil 1 1 wäre dann sitzteilfest und das zweite Beschlagteil 12 stünde in Verbindung mit der Lehne 4. Der Beschlag 10 liegt im Kraftfluss zwischen Lehne 4 und Sitzteil 3, weshalb die beiden Beschlagteile 1 1 und 12 aus Metall bestehen, vorzugsweise aus Stahl. </p><p id="p0069" num="0069">Der Beschlag 10 umfasst in dem in den Figuren 1 bis 21 dargestellten ersten Ausführungsbeispiel einen Getriebebeschlag, bei welchem das erste Beschlagteil 1 1 und das zweite Beschlagteil 12 mittels eines Getriebes zum Verstellen und Feststellen miteinander verbunden sind, genauer gesagt mittels eines - vorliegend selbsthemmenden - Exzenterumlaufgetriebes, wie es beispielsweise in der DE 44 36 1 1 1 A1 beschrieben ist. Die vorliegende Erfindung ist jedoch nicht auf Getriebebeschläge beschränkt, sondern lässt sich - wie in Figur 22 dargestellt - auch mit an sich bekannten Rastbeschlägen kombinieren, deren Funktionsprinzip hinsichtlich eines Verriegeins zwischen einem ersten Beschlagteil und einem zweiten Beschlagteil beispielsweise aus der DE 10 2008 024 853 A1 bekannt ist. </p><p id="p0070" num="0070">Zur Ausbildung des Getriebes ist am zweiten Beschlagteil 12 ein außenverzahntes Zahnrad 16 und am ersten Beschlagteil 1 1 ein innenverzahnter Zahnkranz 17 ausgebildet, welche miteinander kämmen. Der Durchmesser des Kopfkreises der Außenverzahnung des Zahnrads 16 ist um wenigstens eine Zahnhöhe kleiner als der Durchmesser des Fußkreises der Innenverzahnung des Zahnkranzes 17. Ein entsprechender Unterschied der Zähneanzahl von Zahnrad 16 und Zahnkranz 17 von wenigstens einem Zahn ermöglicht eine Abwälzbewegung des Zahnkranzes 17 am Zahnrad 16. Durch diese Abwälzbewegung werden das erste Beschlagteil 1 1 und das zweite Beschlagteil 12 relativ zueinander verdreht und dadurch die Neigung der Lehne 4 relativ zum Sitzteil 3 verändert. Der Insasse des Fahrzeugsitzes 1 kann somit die Lehnenneigung an seine individuellen Komfortbedürfnisse anpassen. </p><p id="p0071" num="0071">Der Komforteinstellbereich der Lehne ist begrenzt, indem ein fest mit dem sitzteilfesten Adapter 1 12 verbundener Anschlag 1 12a zwischen einen ersten 
<!-- EPO <DP n="15"/>-->
 Nocken 120 und einen zweiten Nocken 130 des ersten Beschlagteils 1 1 greift. Der erste Nocken 120 und der zweite Nocken stehen als Funktionsgeometrien in radialer Richtung über die kreisrunde Grundgeometne des ersten Beschlagteils 1 1 über. Am ersten Nocken 120 ist eine dem Anschlag 1 12a zugewandte erste Anschlagfläche 120a und am zweiten Nocken 130 eine dem Anschlag 1 12a zugewandte zweite Anschlagfläche 130a ausgebildet, von denen jeweils eine in einem der beiden Endpunkten des Komfortverstellbereichs der Lehne an dem Anschlag 1 12a anliegt und ein weiteres Verstellen des Beschlags 10 verhindert. Der Abstand zwischen erster Anschlagfläche 120a und zweiter Anschlagfläche 130a ist größer als die Abmessung des zwischen diesen liegenden Anschlags 1 12a, wodurch der Komforteinstellbereich der Lehne definiert ist. </p><p id="p0072" num="0072">Die Ausbildung von Zahnrad 16 und Zahnkranz 17 erfolgt vorzugsweise mittels eines einzigen Präge-Stanz-Vorgangs, der zugleich die Beschlagteile 1 1 und 12 aus ihrem Ausgangsmaterial ausstanzt. Alternativ können die Beschlagteile 1 1 und 12 - mit ähnlichen Geometrien und gleichen Funktionen - durch Massivumformung (vorzugsweise Kaltfließpressen oder Warmfließpressen) hergestellt werden. Vorliegend bildet das Zahnrad 16 den radial äußeren Rand des zweiten Beschlagteils 12, d.h. das zweite Beschlagteil 12 schließt radial außen mit dem Zahnrad 16 ab. </p><p id="p0073" num="0073">Das zweite Beschlagteil 12 weist konzentrisch zum Zahnrad 16 einen Kragen 19 auf. Der Kragen 19 kann als Kragenzug an dem besagten Beschlagteil angeformt (d.h. einstückig ausgebildet) oder als separate Hülse daran befestigt sein. Im Kragen 19 ist ein Mitnehmer 21 mittels einer Nabe 22 drehbar gelagert. Der</p><p id="p0074" num="0074">Mitnehmer 21 besteht vorzugsweise aus Kunststoff. Die Nabe 22 des Mitnehmers 21 ist zentral mit einer Bohrung 23 zur Aufnahme der Antriebswelle 7 versehen. Das Profil der Bohrung 23 ist passend zum Profil der Antriebswelle 7, vorliegend einem Keilwellenprofil, ausgebildet. Im Anschluss an seine Nabe 22 weist der Mitnehmer 21 eine einstückig mit der Nabe 22 ausgebildete Abdeckscheibe 25 mit größerem Durchmesser als die Nabe 22 auf. 
<!-- EPO <DP n="16"/>-->
 Auf dem Kragen 19 sind zwei Keilsegmente 27 - mit ihren gekrümmten Innenflächen - abgestützt, die - mit ihren gekrümmten Außenflächen - das erste Beschlagteil 1 1 lagern. Hierfür ist eine Aufnahme des letztgenannten Beschlagteils mit einer vorzugsweise drehfest eingepressten Gleitlagerbuchse 28 ausgekleidet, an der die Außenflächen der Keilsegmente 27 anliegen. Die Begriffe "abstützen" und "lagern" sollen nicht auf eine bestimmte Richtung des Kraftflusses durch den Beschlag 10 beschränkt sein, da diese Richtung von der Montage des Beschlags 10 abhängt. </p><p id="p0075" num="0075">Der Mitnehmer 21 weist - radial beabstandet zur Nabe 22 - ein mit Spiel zwischen die Schmalseiten der Keilsegmente 27 fassendes Mitnehmersegment 29 auf, welches mit der Abdeckscheibe 25 und mit der Nabe 22 einstückig ausgebildet ist. Die Keilsegmente 27, deren Breitseiten einander zugekehrt sind, nehmen, beispielsweise mit je einer Öffnung oder einer durch vorspringende Materialpartien definierten Ausnehmung, jeweils einen abgewinkelten Endfinger 35a einer </p><p id="p0076" num="0076">Omega-förmigen Feder 35 auf. Die Feder 35 beaufschlagt die Keilsegmente 27 in Umfangsrichtung, insbesondere um sie auseinander zu drücken, wobei im Betrieb die Breitseiten der Keilsegmente 27 einander berühren und beaufschlagen können. Der Mitnehmer 21 wird auf der Außenseite des den Kragen 19 aufweisenden Beschlagteils durch einen vorzugsweise aufgeclipsten Sicherungsring 43 axial gesichert. Der Sicherungsring 43 erstreckt sich in axialer Richtung entlang eines Teiles der Nabe 22, so dass die Nabe 22 nicht direkt an der Innenseite des </p><p id="p0077" num="0077">Kragens 19 anliegt, sondern unter Zwischenlage des Sicherungsrings 43 im </p><p id="p0078" num="0078">Kragen 19 gelagert ist (und dadurch der Mitnehmer 21 am zweiten Beschlagteil 12 gelagert ist). Auf der Außenseite des die Gleitlagerbuchse 28 aufweisenden Beschlagteils (vorliegend des ersten Beschlagteils 1 1 ) ist zwischen dessen radial äußerem Rand und der Abdeckscheibe 25 ein Dichtring 44 vorgesehen, beispielsweise aus Gummi oder weichem Kunststoff, der mit der Abdeckscheibe 25 verbunden ist, insbesondere verclipst ist. 
<!-- EPO <DP n="17"/>-->
 Durch die Keilsegmente 27 (und die Feder 35) wird ein Exzenter definiert, welcher in Verlängerung der Richtung der Exzentrizität das Zahnrad 16 an einer </p><p id="p0079" num="0079">Eingriffsstelle in den Zahnkranz 17 drückt. Bei einem Antrieb durch die sich (mehrfach) drehende Antriebswelle 7 wird ein Drehmoment zunächst auf den Mitnehmer 21 und mittels des Mitnehmersegments 29 dann auf den Exzenter übertragen, welcher entlang der Gleitlagerbuchse 28 gleitet unter Verlagerung der Richtung der Exzentrizität und damit unter Verlagerung der Eingriffsstelle des Zahnrades 16 im Zahnkranz 17, was sich als taumelnde Abwälzbewegung darstellt, d.h. als Relativdrehung mit überlagerter Taumelbewegung. Die Neigung der Lehne 4 ist dadurch zwischen mehreren Gebrauchsstellungen stufenlos einstellbar. </p><p id="p0080" num="0080">Zur Verbesserung des dynamischen Betriebsverhaltens ist vorzugsweise noch als Sperrelement eine Sperrfeder 51 vorgesehen, wie sie beispielsweise in der DE 195 48 809 C1 offenbart ist. Die Sperrfeder 51 wirkt vorliegend mit einer</p><p id="p0081" num="0081">Verzahnung 55 zusammen, die als weiterer Zahnkranz am ersten Beschlagteil 1 1 ausgebildet ist. Die Sperrfeder 51 sperrt jeweils die Keilsegmente 27 im nicht- angetriebenen Zustand (indem die Sperrfeder 51 mittels Anlage an die Endfinger 35a die Feder 35 sperrt) und wird durch den angetriebenen Mitnehmer 21 gelöst. </p><p id="p0082" num="0082">Jeder Beschlag 10 umfasst außer der besagten scheibenförmigen, als Getriebebeschlag ausgebildeten Einheit mit den darin enthaltenen Bauteilen auch noch eine Freischwenkvorrichtung. Am ersten Beschlagteil 1 1 ist auf dessen vom zweiten Beschlagteil 12 abgewandten Seite, mittels eines am ersten Beschlagteil 1 1 befestigten Lagerrings 71 , ein drittes Beschlagteil 74 gelagert. Das im </p><p id="p0083" num="0083"> Wesentlichen plattenförmige dritte Beschlagteil 74 ist mit der Lehnenstruktur der Lehne 4 verbunden und für das zentrisch erfolgende Freischwenken relativ zum ersten Beschlagteil 1 1 um eine (durch den Lagerring 71 definierte) zentrale Achse A schwenkbar, die parallel zur Übertragungsstange 7 liegt. Sofern nicht abwei- chend beschrieben verlaufen sämtliche nachfolgend beschriebenen Drehungen um parallel zur Achse A ausgerichtete Drehachsen. Die Achse A definiert zudem die verwendeten Begriffe„axial" und„radial". 
<!-- EPO <DP n="18"/>-->
 Eine umlaufende Lagerfläche 71f des Lagerrings 71 weist gleichmäßig über den Umfang verteilt drei radial nach außen gerichtete Anlaufnocken 71 a auf. Die Anlaufnocken 71 a unterbrechen die ansonsten kreiszylindrische, radial nach außen weisende Lagerfläche 71 f des Lagerrings 71 . Jeder der drei Anlaufnocken 71 a hat vorzugsweise die gleiche geometrische Kontur, so dass nachfolgend nur ein Anlaufnocken 71 a beschrieben ist. </p><p id="p0084" num="0084">Ausgehend von der kreiszylindrischen Grundkontur der Lagerfläche 71 f des Lagerrings 71 wächst der Anlaufnocken 71 a in Umfangsrichtung zunächst in einem flachen Winkel stetig radial nach außen an, vorliegend über einen Bereich von ungefähr 10° bis 15°, so dass eine erste Anlauffläche 71 b gebildet ist. Über einen anschließenden Bereich von ungefähr 3° bis 10° in Umfangsrichtung verläuft die Kontur des Anlaufnockens 71 a stetig abfallend und geht wieder in die kreisrunde Grundkontur der Lagerfläche 71 f des Lagerrings 71 über. Die drei</p><p id="p0085" num="0085">Anlaufnocken 71 a sind in Umfangsrichtung vorzugsweise um jeweils genau 120° zueinander versetzt. </p><p id="p0086" num="0086">Das dritte Beschlagteil 74 weist eine mit Ausnahme der nachfolgend beschriebe- nen Abweichungen kreisrunde Öffnung 74f auf, die in sich die kreiszylindrische</p><p id="p0087" num="0087">Lagerfläche 71 f bildet. Zum Zusammenwirken mit den Anlaufnocken 71 a weist die Öffnung 74f drei Erhebungen 74a auf. Jede der drei Erhebungen 74a hat vorzugsweise die gleiche geometrische Kontur, so dass nachfolgend nur eine Erhebung 74a beschrieben ist. </p><p id="p0088" num="0088">Ausgehend von der kreiszylindrischen Grundkontur der Öffnung 74f, die eine Begrenzung der Öffnung 74 f darstellt, wächst die Erhebung 74a in Umfangsrichtung der Öffnung 74f zunächst in einem flachen Winkel stetig radial nach innen an, vorliegend über einen Bereich von ungefähr 10° bis 15°, so dass eine zweite Anlauffläche 74b der Erhebung 74a gebildet ist. Über einen anschließenden Bereich von ungefähr 3° bis 10° in Umfangsrichtung verläuft die Kontur der Erhebung 74a stetig abfallend wieder in die kreisrunde Grundkontur der Öffnung 
<!-- EPO <DP n="19"/>-->
 74f des dritten Beschlagteils 74. Die drei Erhebungen sind in Umfangsrichtung vorzugsweise um jeweils genau 120° zueinander versetzt. </p><p id="p0089" num="0089">Beim Gebrauch des Fahrzeugsitzes 1 ist das dritte Beschlagteil 74 mit dem ersten Beschlagteil 1 1 verriegelt. In dieser Relativstellung zwischen dem Lagerring 71 und dem dritten Beschlagteil 74 sind jeweils eine Anlauffläche 71 b eines </p><p id="p0090" num="0090">Anlaufnockens 71 a und eine Anlauffläche 74b einer Erhebung 74a miteinander in nicht selbsthemmendem Kontakt. Dadurch wird das Spiel in der Lagerstelle zwischen dem Lagerring 71 und dem dritten Beschlagteil 74 herausgestellt. </p><p id="p0091" num="0091">Beim Vorschwenken des entriegelten dritten Beschlagteils 74 und somit der Lehne 4, löst sich der zuvor beschriebene Kontakt zwischen den Anlaufflächen 71 b der Anlaufnocken 71 a und den Anlaufflächen 74b der Erhebungen 74a voneinander und die Lagerstelle hat ein für eine Relativbewegung zwischen dem Lagerring 71 und dem dritten Beschlagteils 74 vorteilhaftes Spiel. </p><p id="p0092" num="0092">Zum Verriegeln des dritten Beschlagteils 74 mit dem ersten Beschlagteil 1 1 weist das erste Beschlagteil 1 1 als weitere Funktionsgeometrie einen in radialer </p><p id="p0093" num="0093">Richtung über die kreisrunde Grundgeometrie des ersten Beschlagteils 1 1 überstehenden Vorsprung 140 auf, der mit einer Klinke 80 zusammen wirkt, die mittels eines Lagerbolzens 82 am dritten Beschlagteil 74 auf der dem ersten Beschlagteil 1 1 zugewandten Seite drehbar gelagert ist. Der Lagerbolzen 82 weist einzelne Abschnitte auf, die entweder jeweils weitgehend rotationssymmetrisch zu jeweils einer zur Achse A parallelen Achse sind, oder, wie nachfolgend noch näher beschrieben, exzentrisch zueinander liegen können. </p><p id="p0094" num="0094">Die Klinke 80 hat eine einer L-Form ähnliche Grundgeometrie mit einem langen Schenkel und einem kurzen Schenkel. Ein kreisrundes Loch im vom kurzen Schenkel abgewandten Endbereich des langen Schenkels dient der Aufnahme des Lagerbolzens 82 und bildet gemeinsam mit diesem die Lagerstelle der </p><p id="p0095" num="0095">Klinke 80 in einem ersten Gelenkpunkt D1 am dritten Beschlagteil 74. Im </p><p id="p0096" num="0096">Verbindungsbereich zwischen dem langen Schenkel und dem kurzen Schenkel 
<!-- EPO <DP n="20"/>-->
 der Klinke 80 ist ein Verriegelungsnocken 80a zum Zusammenwirken mit einer Verriegelungsfläche 140b des Vorsprungs 140 ausgeformt. Um das dritte </p><p id="p0097" num="0097">Beschlagteil 74 mit dem ersten Beschlagteil 1 1 zu verriegeln, stützt sich der Verriegelungsnocken 80a in Freischwenkrichtung an der Verriegelungsfläche 140b des Vorsprungs 140 ab. </p><p id="p0098" num="0098">Ein als Anschlag dienender Exzenterbolzen 84 am dritten Beschlagteil 74 dient zur Begrenzung der Schwenkbewegung des dritten Beschlagteils 74 in Rückwärts- Schwenkrichtung der Lehne 2 (in Fig. 5, 9, 10, 1 1 , 12, 13, 14, 15, 16, 17 und 21 gegen den Uhrzeigersinn), indem der Exzenterbolzen 84 beim Wiedererreichen der Gebrauchsstellung der Lehne 4 nach Beendigung des Freischwenkens gegen eine Abstützfläche 140a des Vorsprungs 140 anläuft. In dieser Stellung liegen auch die Anlaufflächen 71 b, 74b jeweils aneinander an. Der Exzenterbolzen 84 weist einzelne Abschnitte auf, die jeweils weitgehend rotationssymmetrisch zu jeweils einer zur Achse A parallelen Achse sind. Zum Ausgleich von Fertigungstoleranzen ist der Exzenterbolzen 84 in seiner axialen Richtung gestuft mit zueinander exzentrischen, weitgehend zylinderförmigen Scheiben ausgeformt. Ein in ein kreisrundes Loch des dritten Beschlagteils 74 eingesteckter, kreiszylindrisch geformter erster Bolzenabschnitt 84a des Exzenterbolzens 84 ist in radialer Richtung um eine erste Exzentrizität E1 versetzt zu einem kreiszylindrisch geformten zweiten Bolzenabschnitt 84b des Exzenterbolzens 84 angeordnet, wobei der zweiten Bolzenabschnitt 84b beim Wiederreichen der Gebrauchsposition in Anlage mit der Abstützfläche 140a kommt. Ein Profil 84c, beispielsweise ein Innensechskant oder ein anderes Innenprofil, in dem Exzenterbolzen 84 dient dabei als Schnittstelle zu einem Verdreh Werkzeug mit einer komplementären Geometrie, beispielsweise einem Sechskantschlüssel. </p><p id="p0099" num="0099">Ein Sperrnocken 90 ist in einem vom ersten Gelenkpunkt D1 beabstandeten zweiten Gelenkpunkt D2 auf der dem ersten Beschlagteil 1 1 zugewandten Seite drehbar am dritten Beschlagteil 74 gelagert. Dazu weist der Sperrnocken 90 an einem Ende einen senkrecht vom Sperrnocken 90 abstehenden, parallel zur Achse A verlaufenden Achsstummel 90a auf, der mittels einer Buchse 94 in eine 
<!-- EPO <DP n="21"/>-->
 Öffnung des dritten Beschlagteils 74 eingesetzt ist. Das freie Ende des Achs- stummels 90a durchragt das dritte Beschlagteil 74 und steht auf der dem ersten Beschlagteil 1 1 abgewandten Seite über die im Wesentlichen plattenförmige Grundgeometrie des dritten Beschlagteils 74 über. Das freie Ende des Achsstum- mels 90a ist profiliert, insbesondere polygonförmig ausgebildet. Ein mit einem entsprechenden Gegenprofil ausgebildetes Bauteil kann in axialer Richtung aufgeschoben werden, so dass eine drehfeste Verbindung zwischen dem </p><p id="p0100" num="0100">Achsstummel 90a und dem aufgeschobenen Bauteil gegeben ist. Das aufgeschobene Bauteil ist vorliegend ein in den Figuren nicht dargestellter Hebel, der über einen Seilzuges mit einem im oberen Bereich der Lehne 4 befestigten Handhebel 8 in Wirkverbindung steht. Eine Betätigung des Handhebels 8 dreht den </p><p id="p0101" num="0101">Achsstummel 90a und somit den Sperrnocken um den zweiten Gelenkpunkt D2. </p><p id="p0102" num="0102">Eine Koppel 98 mit ebener, länglicher Grundform ist mit einem ersten Ende in einem dritten Gelenkpunkt D3 mit dem vom Achsstummel 90a abgewandten Ende des Sperrnockens 90 verbunden. Das zweite Ende der Koppel 98 ist in einem vierten Gelenkpunkt D4 mit dem kurzen Schenkel der Klinke 80 verbunden. </p><p id="p0103" num="0103">Der dritte Gelenkpunkt D3 ist durch einen zylindrischen Zapfen 90b gebildet, der am vom Achsstummel 90a abgewandten Ende des Sperrnockens 90 parallel zur Achse A absteht und in ein Langloch des ersten Endes der Koppel 98 greift. </p><p id="p0104" num="0104">Aufgrund der Paarung des zylindrischen Zapfens 90b mit dem Langloch der Koppel 98 ist der dritte Gelenkpunkt D3 als Drehschubgelenk ausgebildet und ermöglicht so neben einer reinen Drehbewegung auch eine durch die Langloch- geometrie begrenzte Translation zwischen Koppel 98 und Sperrnocken 90. </p><p id="p0105" num="0105">Der vierte Gelenkpunkt D4 ist durch einen Niet 96 gebildet, der durch ein kreisrundes Loch des zweiten Endes der Koppel 98 und ein kreisrundes Loch im Endbereich des kurzen Schenkels der Klinke 80 gesteckt und derart vernietet ist, dass ein reines Drehgelenk entsteht. 
<!-- EPO <DP n="22"/>-->
 Die im ersten Gelenkpunkt D1 an dem dritten Beschlagteil 74 gelagerte Klinke 80, der in dem zweiten Gelenkpunkt D2 an dem dritten Beschlagteil 74 gelagerte Sperrnocken 90 und die in dem dritten Gelenkpunkt D3 mit dem Sperrnocken 90 und in dem vierten Gelenkpunkt D4 mit der Klinke 80 gelenkig verbundene Koppel 98 definieren eine weitgehend ebene (am dritten Beschlagteil 74 angelenkte)</p><p id="p0106" num="0106">Viergelenkkette, die dem Entriegeln und Verriegeln der Freischwenkfunktion dient. </p><p id="p0107" num="0107">Ein am dritten Beschlagteil 74 befestigter Deckel 78 deckt die vorgenannten Einzelteile der Freischwenkvorrichtung - wenigstens teilweise - ab und schützt diese vor Verschmutzung. Der Lagerbolzen 82, der Sperrnocken 90 und der</p><p id="p0108" num="0108">Exzenterbolzen 84 sind zusätzlich zu deren Lagerung in den Löchern des dritten Beschlagteils 74 in einem gegenüberliegenden Lochbild im Deckel 78 abgestützt bzw. gelagert. In den Figuren 9 bis 12 ist das Entriegeln und Verriegeln der Freischwenkvorrichtung dargestellt. Figur 9 zeigt den verriegelten Zustand der Gebrauchsposition. Die Klinke 80 ist eingefallen, d.h. der Verriegelungsnocken 80a stützt sich an der Verriegelungsfläche 140b ab. Eine zwischen Sperrnocken 90 und drittem </p><p id="p0109" num="0109">Beschlagteil 74 wirksame Feder 92 beaufschlagt den Sperrnocken 90 mit einem Drehmoment in Richtung einer Anlage an die Klinke 80 (in Fig. 9 gegen Uhrzeigersinn). Die Klinke 80 wird dadurch unter normalen Gebrauchslasten in ihrer verriegelten Position gehalten. Der dritte Gelenkpunkt D3 liegt auf einer imaginären Verbindungslinie L zwischen dem zweiten Gelenkpunkt D2 und dem vierten Gelenkpunkt D4 oder (je nach Toleranzlage) geringfügig zwischen der Verbin- dungslinie L und der Klinke 80. Der Sperrnocken 90 und die Koppel 98 sind dadurch nahezu in einer Linie ausgerichtet. Der Nocken 90 stützt sich seitlich an der Klinke 80 ab, so dass sich der dritte Gelenkpunkt D3 nicht weiter in Richtung der Klinke 80 bewegen kann. Die Viergelenkkette befindet sich dadurch in einer gesperrten (Totpunkt-) Lage; auch hohe auf die Klinke 80 einwirkende Crashkräfte können die Klinke 80 aufgrund der Strecklage von Sperrnocken 90 und Koppel 98 und der Abstützung des Nockens 90 an der Klinke 80 nicht öffnen. Bei einer Ausbildung des dritten Gelenkpunktes D3 als Drehschubgelenk wird im Crashfall 
<!-- EPO <DP n="23"/>-->
 der kleine, begrenzte Translationsweg im Gelenk durchfahren, bis der Achsstummel 90a an einem Rand des Langloches der Koppel 98 anliegt. </p><p id="p0110" num="0110">Figur 10 zeigt den Beschlag 10 während des Entriegeins der Freischwenkfunktion. Durch Betätigung des Handhebels 8 wird der Sperrnocken 90 (in Figur 10 im Uhrzeigersinn) entgegen der Kraft der Feder 92 von der Klinke 80 weggeschwenkt. Der dritte Gelenkpunkt D3 wird auf die von der Klinke 80 abgewandte Seite der Verbindungslinie L bewegt. Der Sperrnocken 90 zieht mittels der Koppel 98 die Klinke 80 aus der verriegelten Position, so dass der Verriegelungsnocken 80a der Klinke 80 nicht mehr an der Verriegelungsfläche 140b anliegt und das dritte Beschlagteil 74 samt Lehne 4 in Freischwenkrichtung beweglich ist. Die Lehne 4 kann freigeschwenkt werden. Falls der dritte Gelenkpunkt - wie zuvor beschrieben - im verriegelten Zustand der Freischwenkvorrichtung zwischen der Verbindungslinie L und der Klinke 80 liegt, so ermöglicht die Ausbildung des dritten Gelenkpunktes D3 als Drehschubgelenk dessen Überschreiten der </p><p id="p0111" num="0111"> Strecklage, also der Verbindungslinie L während des Entriegelungsvorgangs. In abgewandelter Ausführung ist statt des dritten Gelenkpunktes D3 einer der anderen Gelenkpunkte D1 , D2, D4 als Drehschubgelenk ausgebildet. Die übrigen der Gelenkpunkte D1 , D2, D3, D4 sind als reine Drehgelenke ausgebildet. </p><p id="p0112" num="0112">Um ein sicheres Entriegeln der Freischwenkfunktion unter allen Toleranzbedingungen zu ermöglichen, kann die Klinke 80 noch etwas weiter in die öffnende Richtung geschwenkt werden, wie dies aus Figur 1 1 ersichtlich ist. Während des in Figur 12 dargestellten Freischwenkvorgangs liegt der Verriegelungsnocken 80a der Klinke 80 auf der radial äußeren Begrenzung des Vorsprungs 140 auf und gleitet auf dieser ab. Der Handhebel 8 kann somit bereits nach einem kleinen Freischwenkwinkel unbetätigt bleiben. Das Zurückschwenken und Verriegeln des dritten Beschlagteils 74 und somit der Lehne 4 erfolgt in umgekehrter Reihenfolge. 
<!-- EPO <DP n="24"/>-->
 Eine in Figur 5 dargestellte, an dem Lagerbolzen 82 befestigte Rückhaltefeder 86 liegt mit einem Federarm 86a unter Vorspannung in axialer Richtung am </p><p id="p0113" num="0113">Vorsprung 140 an. Wird das dritte Beschlagteil 74 weit nach vorne geschwenkt, so verlässt der Federarm 86a den Vorsprung 140 und federt in Richtung der Klinke 80, die dadurch an einem Einfallen hinter die Abstützfläche 140a gehindert wird. </p><p id="p0114" num="0114">Erfindungsgemäß ist der Vorsprung 140 am ersten Beschlagteil 1 1 angeformt, d.h. er bildet einen einstückigen Bestandteil desselben in stofflicher Einheit und ist kein separat hergestelltes, nachträglich befestigtes Bauteil. Vorzugsweise ist auch der erste Nocken 120 und der zweite Nocken 130 am ersten Beschlagteil 1 1 (oder am Umklammerungsring 13 oder am Lagerring 71 ) angeformt. Die erfindungsgemäße Lösung wird begünstigt durch einen Umklammerungsring 13 mit einer im </p><p id="p0115" num="0115">wesentlichen flachen Form, wie in Figur 4 und 6 dargestellt, der das erste </p><p id="p0116" num="0116">Beschlagteil 1 1 allenfalls stellenweise übergreift und so auch am Rand des ersten Beschlagteils 1 1 radial abstehende Materialpartien ermöglicht. </p><p id="p0117" num="0117">Es sind verschiedene Ausführungen für den Vorsprung 140 und die Klinke 80 möglich. Die Klinke 80 kann in abgewandelter Ausführung mehrere Zähne aufweisen, die mit mehreren Zahnlücken im Vorsprung 140 zusammen wirken. </p><p id="p0118" num="0118">Eine Abwandlung des Ausführungsbeispiels ist in den Figuren 13 bis 16 </p><p id="p0119" num="0119">dargestellt. Dieses abgewandelte Ausführungsbeispiel entspricht im Aufbau und in der Funktionsweise mit Ausnahme der nachfolgend beschriebenen zusätzlichen Merkmale und Funktionsabläufe dem zuvor beschriebenen Ausführungsbeispiel. </p><p id="p0120" num="0120">Die Koppel 98 weist ein vorliegend als Koppelnase 98a ausgebildetes erstes Abstützmittel auf. Grundsätzlich sind jedoch auch anders ausgebildete erste Abstützmittel denkbar, insbesondere Zapfen oder sonstige an die Koppel 98 angeprägte oder angefügte Zusatzgeometrien. </p><p id="p0121" num="0121">Die Koppelnase 98a ist einteilig mit der Koppel 98 ausgebildet. Der vierte </p><p id="p0122" num="0122">Gelenkpunkt D4 befindet sich zwischen dem dritten Gelenkpunkt D3 und der 
<!-- EPO <DP n="25"/>-->
 Koppelnase 98a; der vierte Gelenkpunkt D4 muss dabei jedoch nicht auf einer gedachten Verbindungslinie zwischen dem dritten Gelenkpunkt D3 und der Koppelnase 98a liegen. Ein zweites Abstützmittel ist fest mit dem dritten Beschlagteil 74 verbunden. </p><p id="p0123" num="0123">Vorliegend ist das zweite Abstützmittel als ein Abstütznocken 75 ausgebildet. Grundsätzlich sind jedoch auch anders ausgebildete zweite Abstützmittel denkbar, insbesondere Zapfen oder sonstige an dem dritten Beschlagteil 74 angeprägte oder angefügte Zusatzgeometrien. </p><p id="p0124" num="0124">Figur 13 zeigt analog zur Figur 9 den verriegelten Zustand der Gebrauchsposition. Die Klinke 80 ist eingefallen. Die Koppelnase 98a liegt an dem Abstütznocken 75 an. Die nachfolgend beschriebene erfindungsgemäße Wirkung tritt jedoch auch ein, wenn in der Gebrauchsposition zwischen der Koppelnase 98a und dem </p><p id="p0125" num="0125">Abstütznocken 75 etwas Luft ist, so dass diese nicht aneinander anliegen. </p><p id="p0126" num="0126">Figur 14 zeigt den Beschlag 10 während des Entriegeins der Freischwenkfunktion. Der Sperrnocken 90 wird wie zuvor beschrieben (in Figur 14 im Uhrzeigersinn) von der Klinke 80 weggeschwenkt. Aufgrund des dritten Gelenkpunktes D3 zwischen dem Sperrnocken 90 und der Koppel 98 wird auch die Koppel 98 (in Figur 14 gegen den Uhrzeigersinn) geschwenkt. Dabei stützt sich die Koppelnase 98a der Koppel 98 an dem Abstütznocken 75 des dritten Beschlagteils 74 ab. Im weiteren Bewegungsverlauf bildet die Abstützstelle zwischen der Koppelnase 98a und dem Abstütznocken zunächst einen Momentanpol, um den sich die Koppel 98 (gegen den Uhrzeigersinn) bewegt. Dadurch dass der vierte Gelenkpunkt D4 zwischen dem dritten Gelenkpunkt D3 und der Koppelnase 98a liegt, zieht der vierte Gelenkpunkt D4 die Klinke 80 aus deren verriegelter Position heraus. Der Abstand zwischen dem dritten Gelenkpunkt D3 und dem vierten Gelenkpunkt D4 ist größer als der Abstand der Abstützstelle (zwischen der Koppelnase 98a und dem Abstütznocken 75) zu dem dritten Gelenkpunkt D3. Dadurch ist 
<!-- EPO <DP n="26"/>-->
 ein einfaches Hebelget ebe definiert, dass die Kraft auf den vierten Gelenkpunkt D4 und somit die auf die Klinke 80 öffnend wirkende Kraft verstärkt, vorliegend um ungefähr den Faktor 3. Eine Haftreibung zwischen der Klinke 80 und dem Vorsprung 140 lässt sich dadurch besser überwinden. </p><p id="p0127" num="0127">Der zuvor beschriebene Hebeleffekt unterstützt den Bewegungsablauf der </p><p id="p0128" num="0128">Viergelenkkette 74, 80, 98, 90. Die Viergelenkkette 74, 80, 98, 90 hat einen Getriebefreiheitsgrad von 1 . Die Koppelnase 98a ist so ausgelegt, dass sie neben einer Drehbewegung um den Abstütznocken 75 zusätzlich an diesem entlang gleiten kann, damit die Bewegung der Viergelenkkette 74, 80, 98, 90 nicht blockiert. </p><p id="p0129" num="0129">Im weiteren Bewegungsablauf zu einer in Figur 15 dargestellten geöffneten Stellung der Klinke 80 löst sich die Koppelnase 98a von dem Abstütznocken 75. </p><p id="p0130" num="0130">Anhand des in den Figuren 17 bis 21 mit verriegelter Freischwenkvorrichtung dargestellten Beschlags 10, wird nachfolgend die Montage des Beschlags 10 im Hinblick auf die Spielfreistellung der Freischwenkvorrichtung erläutert. Figur 17 zeigt eine Draufsicht auf einen fertig montierten Beschlag 10 mit </p><p id="p0131" num="0131"> Blickrichtung auf den Lagerring 71 . Figur 18 zeigt eine Figur 17 entsprechende Schnittdarstellung, wobei die Schnittebene senkrecht zur Achse A durch den Lagerring 71 verläuft, so dass insbesondere die ersten Anlaufflächen 71 b und die zweiten Anlaufflächen 74b erkennbar sind. </p><p id="p0132" num="0132">Figur 21 zeigt eine Draufsicht auf den verriegelten Beschlag 10 aus einer den Figuren 17 und 18 entgegengesetzten Blickrichtung. </p><p id="p0133" num="0133">Die Spielfreistellung der Freischwenkvorrichtung findet nach einer Vormontage der einzelnen Bauteile des Beschlags 10, jedoch vor einem endgültigen Fixieren des Lagerrings 71 an dem ersten Beschlagteil 1 1 und insbesondere vor einem endgültigen Fixieren des Lagerbolzens 82 und des Exzenterbolzens 84 statt. Zur 
<!-- EPO <DP n="27"/>-->
 Spielfreistellung der Freischwenkvorrichtung des Beschlages 10 wird eine spielfreie, verriegelte Gebrauchsstellung der Freischwenkvorrichtung erzeugt. </p><p id="p0134" num="0134">Zunächst wird durch Drehen des auf einen Absatz des ersten Beschlagteils 1 1 aufgesteckten Lagerrings 71 um die Achse A die Relativposition des Lagerrings 71 relativ zum ersten Beschlagteil 1 1 eingestellt und der Lagerring 71 anschließend in dieser Lage an dem ersten Beschlagteil 1 1 fixiert, vorzugsweise mittels einer Schweißnaht 150, beispielsweise einer Laserschweißnaht 150, verschweißt. Dazu wird zunächst die Relativposition zwischen dem ersten Beschlagteil 1 1 und dem dritten Beschlagteil 74, die einer verriegelten Freischwenkvorrichtung entspricht, annähernd korrekt voreingestellt. Anschließend wird der Lagerring 71 relativ zum dritten Beschlagteil 74 um die Achse A so weit gedreht, bis die </p><p id="p0135" num="0135">Anlaufflächen 71 b der Anlaufnocken 71 a und die Anlaufflächen 74b der Erhebun- gen 74a spielfrei aneinander anliegen. Anschließend wird der Lagerring 71 in dieser Position mit dem ersten Beschlagteil 1 1 verschweißt. </p><p id="p0136" num="0136">In einem weiteren Montageschritt wird der Exzenterbolzen 84 eingestellt und fixiert, vorzugsweise mit dem dritten Beschlagteil 74 verschweißt. Dazu wird der Exzenterbolzen 84 um den in das dritte Beschlagteil 74 eingesteckten ersten</p><p id="p0137" num="0137">Bolzenabschnitt 84a gedreht, so dass sich der Mittelpunkt des in Anlage mit der Abstützfläche 140a bringbaren exzentrischen zweiten Bolzenabschnitts 84b auf einer Kreisbahn bewegt, dessen Radius einer ersten Exzentrizität E1 entspricht. Der Exzenterbolzen 84 wird gegenüber dem dritten Beschlagteil 74 soweit verdreht, bis er spielfrei an dem Verriegelungsnocken 80a der Klinke 80 anliegt Anschließend wird der Exzenterbolzen 84 am dritten Beschlagteil 74 fixiert, insbesondere mit diesem verschweißt. </p><p id="p0138" num="0138">Zum Ausgleich von Fertigungstoleranzen kann zusätzlich auch der Lagerbolzen 82 entsprechend exzentrisch gestuft aufgebaut sein, das heißt eine zweite </p><p id="p0139" num="0139"> Exzentrizität E2 aufweisen. Ein in ein kreisrundes Loch des dritten Beschlagteils 74 eingesteckter, kreiszylindrischer erster Lagerbolzenabschnitt 82a des 
<!-- EPO <DP n="28"/>-->
 Lagerbolzens 82 hat dann eine Mittelachse, die radial versetzt zu einer den ersten Gelenkpunkt D1 definierenden, parallelen Mittelachse eines der Lagerung der Klinke 80 dienenden zweiten Lagerbolzenabschnitts 82b ist. Dadurch ist die zweite Exzentrizität E2 des Lagerbolzens 82 definiert. Bei einer Drehung des Lagerbol- zens 82 um den in das dritte Beschlagteil 74 eingesteckten ersten Lagerbolzenabschnitt 82a bewegt sich der erste Gelenkpunkt D1 auf einer Kreisbahn, dessen Radius der zweiten Exzentrizität E2 entspricht. Bei der Montage des Beschlags wird der Lagerbolzen 82 gegenüber dem dritten Beschlagteil 74 soweit verdreht, bis der erste Gelenkpunkt D1 seine optimale Lage erreicht hat und die Klinke 80 mittels eines maximalen Eingriffs des Verriegelungsnockens 80a spielfrei an der Verriegelungsfläche 140b des Vorsprungs 140 in Eingriff steht, allerdings außerhalb des Winkelbereichs der Selbsthemmung. Ein Innenprofil 82c, beispielsweise ein Innensechskant oder ein anderes Innenprofil, in dem </p><p id="p0140" num="0140">Lagerbolzen 82 dient dabei als Schnittstelle zu einem Verdrehwerkzeug mit einer komplementären Geometrie, beispielsweise einem Sechskantschlüssel. </p><p id="p0141" num="0141">Anschließend wird der Lagerbolzen 82 am dritten Beschlagteil 74 fixiert, insbesondere mit diesem verschweißt. </p><p id="p0142" num="0142">Figur 22 zeigt ein zweites Ausführungsbeispiel eines Beschlags 10, dessen Beschlagteile 1 1 und 12 nach dem Prinzip eines an sich bekannten Rastbeschlags funktionieren, dessen Funktionsprinzip hinsichtlich eines Verriegeins zwischen dem ersten Beschlagteil 1 1 und dem zweiten Beschlagteil 22 beispielsweise aus der DE 10 2008 024 853 A1 bekannt ist. Die übrigen Bauteile entsprechen den zuvor beschriebenen Bauteilen des ersten Ausführungsbeispiels und dessen Abwandlung. Die zuvor beschriebenen Funktionsabläufe und Verfahrensschritte während der Montage sind auf das zweite Ausführungsbeispiel identisch übertragbar. </p><p id="p0143" num="0143">Die in der vorstehenden Beschreibung, den Ansprüchen und den Zeichnungen offenbarten Merkmale können sowohl einzeln als auch in Kombination für die Verwirklichung der Erfindung in ihren verschiedenen Ausgestaltungen von </p><p id="p0144" num="0144">Bedeutung sein. 
<!-- EPO <DP n="29"/>-->
 Bezugszeichenliste </p><p id="p0145" num="0145">Fahrzeugsitz </p><p id="p0146" num="0146"> Sitzteil </p><p id="p0147" num="0147"> Lehne </p><p id="p0148" num="0148"> Handrad </p><p id="p0149" num="0149"> Antriebswelle </p><p id="p0150" num="0150"> Handhebel </p><p id="p0151" num="0151"> Beschlag </p><p id="p0152" num="0152">erstes Beschlagteil </p><p id="p0153" num="0153">zweites Beschlagteil </p><p id="p0154" num="0154"> Umklammerungsring </p><p id="p0155" num="0155"> Zahnrad </p><p id="p0156" num="0156"> Zahnkranz </p><p id="p0157" num="0157"> Kragen </p><p id="p0158" num="0158"> Mitnehmer </p><p id="p0159" num="0159"> Nabe </p><p id="p0160" num="0160"> Bohrung </p><p id="p0161" num="0161"> Abdeckscheibe </p><p id="p0162" num="0162"> Keilsegment </p><p id="p0163" num="0163"> Gleitlagerbuchse </p><p id="p0164" num="0164"> Mitnehmersegment </p><p id="p0165" num="0165"> Feder </p><p id="p0166" num="0166"> Endfinger </p><p id="p0167" num="0167"> Sicherungsring </p><p id="p0168" num="0168"> Dichtring </p><p id="p0169" num="0169"> Sperrfeder </p><p id="p0170" num="0170"> Verzahnung 
<!-- EPO <DP n="30"/>-->
 Lagerring</p><p id="p0171" num="0171">a Anlaufnocken</p><p id="p0172" num="0172">b erste Anlauffläche</p><p id="p0173" num="0173">f Lagerfläche </p><p id="p0174" num="0174"> drittes Beschlagteil</p><p id="p0175" num="0175">a Erhebung</p><p id="p0176" num="0176">b zweite Anlauffläche</p><p id="p0177" num="0177">f Öffnung </p><p id="p0178" num="0178"> zweites Abstützmittel, Abstütznocken</p><p id="p0179" num="0179">Deckel </p><p id="p0180" num="0180"> Klinke</p><p id="p0181" num="0181">a Verriegelungsnocken </p><p id="p0182" num="0182"> Lagerbolzen</p><p id="p0183" num="0183">a erster Lagerbolzenabschnittb zweiter Lagerbolzenabschnittc Innenprofil </p><p id="p0184" num="0184"> Exzenterbolzen</p><p id="p0185" num="0185">a erster Bolzenabschnitt</p><p id="p0186" num="0186">b zweiter Bolzenabschnitt</p><p id="p0187" num="0187">c Profil </p><p id="p0188" num="0188"> Rückhaltefeder</p><p id="p0189" num="0189">a Federarm </p><p id="p0190" num="0190"> Sperrnocken</p><p id="p0191" num="0191">a Achsstummel</p><p id="p0192" num="0192">b Zapfen </p><p id="p0193" num="0193"> Feder </p><p id="p0194" num="0194"> Buchse </p><p id="p0195" num="0195"> Niet </p><p id="p0196" num="0196"> Koppel</p><p id="p0197" num="0197">a erstes Abstützmittel, Koppelnase 
<!-- EPO <DP n="31"/>-->
 1 12 Adapter </p><p id="p0198" num="0198"> 1 12a Anschlag </p><p id="p0199" num="0199"> 120 erster Nocken </p><p id="p0200" num="0200"> 120a erste Anschlagfläche </p><p id="p0201" num="0201"> 130 zweiter Nocken </p><p id="p0202" num="0202"> 130a zweite Anschlagfläche</p><p id="p0203" num="0203">140 Vorsprung </p><p id="p0204" num="0204"> 140a Abstützfläche </p><p id="p0205" num="0205"> 140b Verriegelungsfläche </p><p id="p0206" num="0206"> 150 Schweißnaht </p><p id="p0207" num="0207"> A Achse </p><p id="p0208" num="0208"> D1 erster Gelenkpunkt </p><p id="p0209" num="0209"> D2 zweiter Gelenkpunkt </p><p id="p0210" num="0210"> D3 dritter Gelenkpunkt </p><p id="p0211" num="0211"> D4 vierter Gelenkpunkt </p><p id="p0212" num="0212"> E1 erste Exzentrizität </p><p id="p0213" num="0213"> E2 zweite Exzentrizität </p><p id="p0214" num="0214"> L Verbindungslinie (D2 zu D4) 
</p></description><claims mxw-id="PCLM70078331" ref-ucid="WO-2014128297-A1" lang="DE" load-source="patent-office"><claim id="clm-0001" num="0001"><!-- EPO <DP n="32"/>--><claim-text/><claim-text>Patentansprüche </claim-text><claim-text>Beschlag (10) für einen Fahrzeugsitz, insbesondere für einen Kraftfahrzeugsitz, mit einem ersten Beschlagteil (1 1 ) und einem zweiten Beschlagteil (12), welche relativ zueinander verdrehbar sind und miteinander in Getriebeverbindung stehen, oder miteinander verriegelbar sind, und einem dritten Beschlagteil (74), welches relativ zu dem ersten Beschlagteil (1 1 ) auf einem an dem ersten Beschlagteil (1 1 ) befestigten Lagerring (71 ) um eine Achse (A) schwenkbar gelagert ist, wobei das dritte Beschlagteil (74) mittels einer in einem ersten Gelenkpunkt (D1 ) an dem dritten Beschlagteil (74) gelagerten Klinke (80) mit dem ersten Beschlagteil (1 1 ) oder einem mit dem ersten Beschlagteil (1 1 ) fest verbundenen Bauteil verriegelbar ist, </claim-text><claim-text> dadurch gekennzeichnet, dass </claim-text><claim-text> der Lagerring (71 ) mehrere Anlaufnocken (71 a) aufweist, die mit mehreren Erhebungen (74a) des dritten Beschlagteils (74) derart zusammenwirken, dass bei verriegelter Klinke (80) ein freies Spiel in radialer Richtung zwischen dem Lagerring (71 ) und dem dritten Beschlagteil (74) minimiert ist. </claim-text><claim-text>2. Beschlag (10) nach Anspruch 1 , dadurch gekennzeichnet, dass der Lagerring (71 ) drei Anlaufnocken (71 a) und das dritten Beschlagteils (74) drei Erhebungen (74a) aufweist. </claim-text><claim-text>Beschlag (10) nach Anspruch 1 oder 2, dadurch gekennzeichnet, dass an dem dritten Beschlagteil (74) ein Exzenterbolzen (84) befestigt ist und im verriegelten Zustand der Klinke (80) der Exzenterbolzen spielfrei an einem Vorsprung (140) des ersten Beschlagteils (1 1 ) anliegt. 
<!-- EPO <DP n="33"/>-->
</claim-text><claim-text>4. Beschlag (10) nach Anspruch 3, dadurch gekennzeichnet, dass der Exzenterbolzen (84) einen sich parallel zur Achse (A) erstreckenden ersten Bolzenabschnitt (84a) umfasst, der in eine Öffnung des dritten Beschlagteils (74) eingesteckt ist, und einen sich parallel zur Achse (A) erstreckenden zweiten Bolzenabschnitt (84b) umfasst, der im verriegelten Zustand der Klinke (80) spielfrei an dem Vorsprung (140) anliegt, und der erste Bolzenabschnitt (84a) und der zweite Bolzenabschnitt (84b) in radialer Richtung um eine erste Exzentrizität (E1 ) versetzt zueinander angeordnet sind. </claim-text><claim-text>5. Beschlag (10) nach einem der Ansprüche 1 bis 4, dadurch gekennzeichnet, dass der erste Gelenkpunkt (D1 ) durch einen Lagerbolzen (82) gebildet ist und der Lagerbolzen (82) einen sich parallel zur Achse (A) erstreckenden ersten Lagerbolzenabschnitt (82a) umfasst, der in eine Öffnung des dritten Beschlagteils (74) eingesteckt ist, und einen sich parallel zur Achse (A) erstreckenden zweiten Lagerbolzenabschnitt (82b) umfasst, der die Klinke (80) lagert, und der erste Lagerbolzenabschnitt (82a) und der zweite Lagerbolzenabschnitt (82b) in radialer Richtung um eine zweite Exzentrizität (E2) versetzt zueinander angeordnet sind. </claim-text><claim-text>6. Beschlag (10) nach einem der Ansprüche 1 bis 5, dadurch gekennzeichnet, dass das dritte Beschlagteil (74), ein in einem zweiten Gelenkpunkt (D2) an dem dritten Beschlagteil (74) gelagerter Sperrnocken (90), eine in einem dritten Gelenkpunkt (D3) mit dem Sperrnocken (90) und in einem vierten Gelenkpunkt (D4) mit der Klinke (80) gelenkig verbundene Koppel (98), und die Klinke (80), eine Viergelenkkette (74, 80, 98, 90) definieren. </claim-text><claim-text>7. Beschlag (10) nach Anspruch 6, dadurch gekennzeichnet, dass mindestens einer der Gelenkpunkte (D1 , D2, D3, D4) der Viergelenkkette (74, 80, 98, 90) als Drehschubgelenk ausgebildet ist und die übrigen Gelenkpunkte (D1 , D2, D3, D4) als Drehgelenke ausgebildet sind. 
<!-- EPO <DP n="34"/>-->
</claim-text><claim-text>8. Beschlag (10) nach Anspruch 6 oder 7, dadurch gekennzeichnet, dass eine Feder (92) die Viergelenkkette (74, 80, 98, 90) in Richtung der verriegelten Position der Klinke (80) vorspannt. </claim-text><claim-text>9. Beschlag (10) nach einem der Ansprüche 6 bis 8, dadurch gekennzeichnet, dass im verriegelten Zustand der Klinke (80) der dritte Gelenkpunkt (D3) auf einer imaginären Verbindungslinie (L) liegt, die zwischen dem zweiten Gelenkpunkt (D2) und dem vierten Gelenkpunkt (D4) verläuft, und während des Entriegelungsvorgangs der Klinke (80) der dritte Gelenkpunkt (D3) mittels der Viergelenkkette (74, 80, 98, 90) auf die von der Klinke (80) abgewandte Seite der Verbindungslinie (L) bewegt wird. </claim-text><claim-text>10. Beschlag (10) nach einem der Ansprüche 6 bis 8, dadurch gekennzeichnet, dass im verriegelten Zustand der Klinke (80) der dritte Gelenkpunkt (D3) zwischen einer imaginären Verbindungslinie (L), die zwischen dem zweiten Gelenkpunkt (D2) und dem vierten Gelenkpunkt (D4) verläuft, und der Klinke (80) liegt, und während des Entriegelungsvorgangs der Klinke (80) der dritte Gelenkpunkt (D3) mittels der Viergelenkkette (74, 80, 98, 90) auf die von der Klinke (80) abgewandte Seite der Verbindungslinie (L) bewegt wird. </claim-text><claim-text>1 1 . Verfahren zur Montage eines Beschlags (10) nach einem der Ansprüche 1 bis 10, umfassend mindestens die folgenden Verfahrensschritte: </claim-text><claim-text> a) Vorpositionieren des ersten Beschlagteils (1 1 ), des dritten Beschlagteils (74) und des Lagerrings (71 ) in eine Relativlage zueinander, die zumindest annähernd einer verriegelten Position der Klinke (80) entspricht, </claim-text><claim-text> b) Verdrehen des Lagerrings (71 ) um die Achse (A) relativ zu dem dritten Beschlagteil (74), bis die Anlaufnocken (71 a) und die Erhebungen (74a) spielfrei aneinander anliegen, </claim-text><claim-text> c) anschließendes Fixieren des Lagerrings (71 ) an dem ersten Beschlagteil (1 1 ). 
<!-- EPO <DP n="35"/>-->
</claim-text><claim-text>12. Verfahren nach Anspruch 1 1 dadurch gekennzeichnet, dass das Fixieren des Lagerrings (71 ) an dem ersten Beschlagteil (1 1 ) mittels Laserschweißens erfolgt. </claim-text><claim-text>13. Verfahren nach Anspruch 1 1 oder 12 dadurch gekennzeichnet, dass in einem weiteren Verfahrensschritt ein Exzenterbolzen (84) soweit gedreht wird, bis der Exzenterbolzen (84) spielfrei an einem Vorsprung des ersten Beschlagteils (1 1 ) oder eines mit dem ersten Beschlagteil (1 1 ) verbundenen Bauteils anliegt und der Exzenterbolzen (84) anschließend in dieser Lage an dem dritten Beschlagteil (74) fixiert wird. </claim-text><claim-text>14. Verfahren nach einem der Ansprüche 1 1 bis 13, dadurch gekennzeichnet, dass der erste Gelenkpunkt (D1 ) durch einen Lagerbolzen (82) gebildet ist und der Lagerbolzen (82) einen sich parallel zur Achse (A) erstreckenden ersten Lagerbolzenabschnitt (82a) umfasst, der in eine Öffnung des dritten Beschlagteils (74) eingesteckt ist, und einen sich parallel zur Achse (A) erstreckenden zweiten Lagerbolzenabschnitt (82b) umfasst, der die Klinke (80) lagert, und der Lagerbolzen (82) soweit gedreht wird, bis die Klinke (80) spielfrei an einem Vorsprung (140) anliegt und der Lagerbolzen (82) anschließend in dieser Lage an dem dritten Beschlagteil (74) fixiert wird. </claim-text><claim-text>15. Fahrzeugsitz (1 ) mit einem Sitzteil (3) und einer Lehne (4), die mittels eines Beschlags nach einem der Ansprüche 1 bis 10 miteinander verbunden sind. 
</claim-text></claim></claims><copyright>User acknowledges that Fairview Research LLC and its third party providers retain all right, title and interest in and to this xml under applicable copyright laws.  User acquires no ownership rights to this xml including but not limited to its format.  User hereby accepts the terms and conditions of the Licence Agreement</copyright></patent-document>
