<?xml version="1.0" encoding="UTF-8"?>
<patent-document ucid="EP-2678193-A1" country="EP" doc-number="2678193" kind="A1" date="20140101" family-id="45774265" file-reference-id="315081" date-produced="20180826" status="corrected" lang="FR"><bibliographic-data><publication-reference fvid="146551355" ucid="EP-2678193-A1"><document-id><country>EP</country><doc-number>2678193</doc-number><kind>A1</kind><date>20140101</date><lang>FR</lang></document-id></publication-reference><application-reference ucid="EP-12706646-A" is-representative="NO"><document-id mxw-id="PAPP154825278" load-source="docdb" format="epo"><country>EP</country><doc-number>12706646</doc-number><kind>A</kind><date>20120130</date><lang>FR</lang></document-id><document-id mxw-id="PAPP220438387" load-source="docdb" format="original"><country>EP</country><doc-number>12706646.2</doc-number><date>20120130</date></document-id></application-reference><priority-claims><priority-claim mxw-id="PPC140447288" ucid="FR-1151376-A" load-source="docdb"><document-id format="epo"><country>FR</country><doc-number>1151376</doc-number><kind>A</kind><date>20110221</date></document-id></priority-claim><priority-claim mxw-id="PPC140452496" ucid="FR-2012050188-W" linkage-type="W" load-source="docdb"><document-id format="epo"><country>FR</country><doc-number>2012050188</doc-number><kind>W</kind><date>20120130</date></document-id></priority-claim></priority-claims><technical-data><classifications-ipcr><classification-ipcr mxw-id="PCL2090176774" load-source="docdb">B60R  21/34        20110101AFI20140610BHEP        </classification-ipcr></classifications-ipcr><classifications-cpc><classification-cpc mxw-id="PCL1988111217" load-source="docdb" scheme="CPC">B60R2021/343       20130101 LA20130101BHEP        </classification-cpc><classification-cpc mxw-id="PCL1988134074" load-source="docdb" scheme="CPC">B60R  21/34        20130101 FI20130101BHEP        </classification-cpc><classification-cpc mxw-id="PCL1988135207" load-source="docdb" scheme="CPC">E05B  77/08        20130101 LI20130327BHEP        </classification-cpc></classifications-cpc><invention-title mxw-id="PT132186549" lang="DE" load-source="patent-office">ANORDNUNG MIT EINER KRAFTFAHRZEUGHAUBE UND MIT EINEM MIT DIESER HAUBE ÜBER IM FALLE DES ZUSAMMENSTOSSES MIT EINER PERSON VERFORMBARE LASCHEN VERBUNDENEN KEIL</invention-title><invention-title mxw-id="PT132186550" lang="EN" load-source="patent-office">ASSEMBLY COMPRISING A MOTOR VEHICLE HOOD AND PROVIDED WITH A STRIKER CONNECTED TO SAID HOOD VIA LUGS THAT CAN DEFORM IN THE EVENT OF PEDESTRIAN IMPACT</invention-title><invention-title mxw-id="PT132186551" lang="FR" load-source="patent-office">ENSEMBLE COMPORTANT UN CAPOT DE VEHICULE AUTOMOBILE EQUIPE D'UNE GACHE RELIEE A CE CAPOT PAR DES PATTES DEFORMABLES EN CAS DE CHOC PIETON</invention-title><citations><non-patent-citations><nplcit><text>See references of WO 2012114010A1</text><sources><source mxw-id="PNPL67451968" load-source="docdb" name="SEA"/></sources></nplcit></non-patent-citations></citations></technical-data><parties><applicants><applicant mxw-id="PPAR1034321100" load-source="docdb" sequence="1" format="epo"><addressbook><last-name>Psa peugeot citroen automobiles sa</last-name><address><country>FR</country></address></addressbook></applicant><applicant mxw-id="PPAR918148103" load-source="docdb" sequence="1" format="intermediate"><addressbook><last-name>PSA PEUGEOT CITROEN AUTOMOBILES S.A.</last-name></addressbook></applicant><applicant mxw-id="PPAR918985868" load-source="patent-office" sequence="1" format="original"><addressbook><last-name>PSA Peugeot Citroen Automobiles S.A.</last-name><iid>101226354</iid><address><street>Route de Gisy</street><city>78140 Velizy Villacoublay</city><country>FR</country></address></addressbook></applicant></applicants><inventors><inventor mxw-id="PPAR918160442" load-source="docdb" sequence="1" format="epo"><addressbook><last-name>JEANNEAU CLEMENT</last-name><address><country>FR</country></address></addressbook></inventor><inventor mxw-id="PPAR918144075" load-source="docdb" sequence="1" format="intermediate"><addressbook><last-name>JEANNEAU, CLEMENT</last-name></addressbook></inventor><inventor mxw-id="PPAR918990733" load-source="patent-office" sequence="1" format="original"><addressbook><last-name>JEANNEAU, CLEMENT</last-name><address><street>149 rue de Silly</street><city>F-92100 Boulogne Billancourt</city><country>FR</country></address></addressbook></inventor><inventor mxw-id="PPAR918134576" load-source="docdb" sequence="2" format="epo"><addressbook><last-name>BRUNET MANQUAT DAVID</last-name><address><country>FR</country></address></addressbook></inventor><inventor mxw-id="PPAR918141714" load-source="docdb" sequence="2" format="intermediate"><addressbook><last-name>BRUNET MANQUAT, David</last-name></addressbook></inventor><inventor mxw-id="PPAR918987825" load-source="patent-office" sequence="2" format="original"><addressbook><last-name>BRUNET MANQUAT, David</last-name><address><street>150 Ave General Leclerc</street><city>F-78220 Viroflay</city><country>FR</country></address></addressbook></inventor></inventors><agents><agent mxw-id="PPAR918991919" load-source="patent-office" sequence="1" format="original"><addressbook><last-name>Fosse, Danièle</last-name><iid>101366819</iid><address><street>Peugeot Citroën Automobiles SA Propriété Industrielle - LG081 18, rue des Fauvelles</street><city>92250 La Garenne Colombes</city><country>FR</country></address></addressbook></agent></agents></parties><international-convention-data><pct-or-regional-filing-data ucid="FR-2012050188-W"><document-id><country>FR</country><doc-number>2012050188</doc-number><kind>W</kind><date>20120130</date><lang>FR</lang></document-id></pct-or-regional-filing-data><pct-or-regional-publishing-data ucid="WO-2012114010-A1"><document-id><country>WO</country><doc-number>2012114010</doc-number><kind>A1</kind><date>20120830</date><lang>FR</lang></document-id></pct-or-regional-publishing-data><designated-states><ep-contracting-states><country mxw-id="DS548866253" load-source="docdb">AL</country><country mxw-id="DS548837889" load-source="docdb">AT</country><country mxw-id="DS548866254" load-source="docdb">BE</country><country mxw-id="DS548915684" load-source="docdb">BG</country><country mxw-id="DS548927732" load-source="docdb">CH</country><country mxw-id="DS548930529" load-source="docdb">CY</country><country mxw-id="DS548837890" load-source="docdb">CZ</country><country mxw-id="DS548816471" load-source="docdb">DE</country><country mxw-id="DS548930534" load-source="docdb">DK</country><country mxw-id="DS548930535" load-source="docdb">EE</country><country mxw-id="DS548935371" load-source="docdb">ES</country><country mxw-id="DS548915685" load-source="docdb">FI</country><country mxw-id="DS548915822" load-source="docdb">FR</country><country mxw-id="DS548866255" load-source="docdb">GB</country><country mxw-id="DS548930536" load-source="docdb">GR</country><country mxw-id="DS548866256" load-source="docdb">HR</country><country mxw-id="DS548837891" load-source="docdb">HU</country><country mxw-id="DS548927733" load-source="docdb">IE</country><country mxw-id="DS548866257" load-source="docdb">IS</country><country mxw-id="DS548915823" load-source="docdb">IT</country><country mxw-id="DS548930537" load-source="docdb">LI</country><country mxw-id="DS548816472" load-source="docdb">LT</country><country mxw-id="DS548837892" load-source="docdb">LU</country><country mxw-id="DS548816473" load-source="docdb">LV</country><country mxw-id="DS548816474" load-source="docdb">MC</country><country mxw-id="DS548932636" load-source="docdb">MK</country><country mxw-id="DS548932637" load-source="docdb">MT</country><country mxw-id="DS548837893" load-source="docdb">NL</country><country mxw-id="DS548935372" load-source="docdb">NO</country><country mxw-id="DS548837894" load-source="docdb">PL</country><country mxw-id="DS548816475" load-source="docdb">PT</country><country mxw-id="DS548837895" load-source="docdb">RO</country><country mxw-id="DS548816476" load-source="docdb">RS</country><country mxw-id="DS548837896" load-source="docdb">SE</country><country mxw-id="DS548816477" load-source="docdb">SI</country><country mxw-id="DS548927734" load-source="docdb">SK</country><country mxw-id="DS548927735" load-source="docdb">SM</country><country mxw-id="DS548932638" load-source="docdb">TR</country></ep-contracting-states></designated-states></international-convention-data><office-specific-data><eptags><ep-no-a-document-published>*</ep-no-a-document-published></eptags></office-specific-data></bibliographic-data><abstract mxw-id="PA99624761" ref-ucid="WO-2012114010-A1" lang="EN" load-source="patent-office"><p num="0000">The invention relates to an assembly comprising a front motor vehicle hood (1) and a device for locking said hood (1), including a striker (4) that can be locked onto a lock (5) attached to a rigid portion of the vehicle body shell. Said striker (4) is connected to the inner surface of the hood (1) via two metal lugs (8, 9) spaced apart from each other in the longitudinal direction (X) of the vehicle, said two lugs (8, 9) being deformable in the event of pedestrian impact on the hood (1), characterized in that the lug (9) located in front of the other lug (8) is substantially rectilinear and is inclined toward the rear relative to the vertical direction (Z) of the vehicle when the assembly is mounted onto the vehicle, the lug (8) located at the rear also being inclined toward the rear relative to the vertical direction (Z) and having a curvature.</p></abstract><abstract mxw-id="PA99823339" ref-ucid="WO-2012114010-A1" lang="EN" source="national office" load-source="docdb"><p>The invention relates to an assembly comprising a front motor vehicle hood (1) and a device for locking said hood (1), including a striker (4) that can be locked onto a lock (5) attached to a rigid portion of the vehicle body shell. Said striker (4) is connected to the inner surface of the hood (1) via two metal lugs (8, 9) spaced apart from each other in the longitudinal direction (X) of the vehicle, said two lugs (8, 9) being deformable in the event of pedestrian impact on the hood (1), characterized in that the lug (9) located in front of the other lug (8) is substantially rectilinear and is inclined toward the rear relative to the vertical direction (Z) of the vehicle when the assembly is mounted onto the vehicle, the lug (8) located at the rear also being inclined toward the rear relative to the vertical direction (Z) and having a curvature.</p></abstract><abstract mxw-id="PA99624762" ref-ucid="WO-2012114010-A1" lang="FR" load-source="patent-office"><p num="0000">Ensemble comportant un capot avant (1) de véhicule automobile et un dispositif pour verrouiller ce capot (1) comprenant une gâche (4) adaptée pour pouvoir se verrouiller à une serrure (5) fixée à une partie rigide de la caisse du véhicule, cette gâche (4) étant reliée à la face intérieure du capot (1) par deux pattes métalliques (8, 9) espacées l'une de l'autre suivant la direction longitudinale (X) du véhicule, ces deux pattes (8, 9) étant déformables en cas de choc d'un piéton sur le capot (1), caractérisé en ce que la patte (9) située à l'avant de l'autre patte (8) est sensiblement rectiligne et est, lorsque l'ensemble est monté sur le véhicule, inclinée vers l'arrière par rapport à la direction verticale (Z) du véhicule, la patte (8) située à l'arrière étant également inclinée vers l'arrière par rapport à la direction verticale (Z) et présentant une courbure.</p></abstract><abstract mxw-id="PA99823340" ref-ucid="WO-2012114010-A1" lang="FR" source="national office" load-source="docdb"><p>Ensemble comportant un capot avant (1) de véhicule automobile et un dispositif pour verrouiller ce capot (1) comprenant une gâche (4) adaptée pour pouvoir se verrouiller à une serrure (5) fixée à une partie rigide de la caisse du véhicule, cette gâche (4) étant reliée à la face intérieure du capot (1) par deux pattes métalliques (8, 9) espacées l'une de l'autre suivant la direction longitudinale (X) du véhicule, ces deux pattes (8, 9) étant déformables en cas de choc d'un piéton sur le capot (1), caractérisé en ce que la patte (9) située à l'avant de l'autre patte (8) est sensiblement rectiligne et est, lorsque l'ensemble est monté sur le véhicule, inclinée vers l'arrière par rapport à la direction verticale (Z) du véhicule, la patte (8) située à l'arrière étant également inclinée vers l'arrière par rapport à la direction verticale (Z) et présentant une courbure.</p></abstract><description mxw-id="PDES50931096" ref-ucid="WO-2012114010-A1" lang="FR" load-source="patent-office"><!-- EPO <DP n="3"/>--><p id="p0001" num="0001"> ENSEMBLE COMPORTANT UN CAPOT DE VEHICULE AUTOMOBILE EQUIPE D'UNE GACHE RELIEE A CE CAPOT PAR DES PATTES </p><p id="p0002" num="0002"> DEFORMABLES EN CAS DE CHOC PIETON </p><p id="p0003" num="0003"> La présente invention concerne un ensemble comportant un capot avant de véhicule automobile équipé d'une gâche qui est reliée à ce capot par des pattes métalliques déformables en cas de choc d'un piéton sur ce capot. </p><p id="p0004" num="0004"> L'invention concerne également un véhicule automobile équipé d'un tel ensemble. </p><p id="p0005" num="0005"> Un ensemble de ce type a été décrit par exemple dans les brevets</p><p id="p0006" num="0006">FR 2 836 879 et US 2007/7235237. </p><p id="p0007" num="0007"> Les pattes métalliques qui relient la gâche au capot permettent en se déformant d'absorber l'énergie du choc du piéton sur le capot et de protéger ainsi le piéton contre les risques de blessures graves, lorsque le véhicule circule à faible vitesse. </p><p id="p0008" num="0008"> Dans les brevets ci-dessus, les deux pattes sont rectilignes, c'est-à-dire ne comportent pas de pli. </p><p id="p0009" num="0009"> Dans le cas de l'ensemble décrit dans le document US 2007/7235237, les deux pattes déformables comportent des zones de moindre résistance qui jouent, en cas de choc piéton, le rôle de charnières permettant la rotation de la gâche vers l'arrière. </p><p id="p0010" num="0010"> Cette rotation de la gâche permet de réduire les risques de blessures en cas de choc du piéton sur le capot. </p><p id="p0011" num="0011"> Cependant, les zones de moindre résistance fragilisent les pattes et peuvent provoquer une rupture intempestive de celles-ci par exemple en cas de surclaquage du capot. </p><p id="p0012" num="0012"> Selon les nouvelles normes concernant les chocs piéton sur l'avant d'un véhicule automobile la zone avant du véhicule en particulier dans la zone située dans l'environnement de la serrure du capot doit être suffisamment souple pour ne pas être trop agressive lors de l'impact de : </p><p id="p0013" num="0013"> - la hanche (ou du fémur) d'un piéton adulte, </p><p id="p0014" num="0014"> - la tête d'un enfant. </p><p id="p0015" num="0015"> Il faut également que la liaison entre le capot et la gâche ne se déforme pas, lors de la fermeture, c'est-à-dire du claquage du capot. 
<!-- EPO <DP n="4"/>-->
 A cet effet, il faut trouver un bon compromis entre : </p><p id="p0016" num="0016"> - la rigidité de la liaison ci-dessus lors du claquage du capot, </p><p id="p0017" num="0017"> - la souplesse de cette liaison, lors d'un choc du fémur d'un piéton effectué sous un angle de 30° par rapport à l'horizontale, </p><p id="p0018" num="0018"> - la souplesse de cette liaison, lors d'un choc de la tête d'un enfant effectué sous un angle de 50° par rapport à l'horizontale, </p><p id="p0019" num="0019"> - un encombrement aussi réduit que possible de ladite liaison pour être compatible avec un capot bas. </p><p id="p0020" num="0020"> Le but de la présente invention est de proposer une solution permettant d'obtenir le compromis ci-dessus. </p><p id="p0021" num="0021"> Ce but est atteint, selon l'invention, grâce à un ensemble comportant un capot avant de véhicule automobile et un dispositif pour verrouiller ce capot comprenant une gâche adaptée pour pouvoir se verrouiller à une serrure fixée à une partie rigide de la caisse du véhicule, cette gâche étant reliée à la face intérieure du capot par deux pattes métalliques espacées l'une de l'autre suivant la direction longitudinale du véhicule, ces deux pattes étant déformables en cas de choc d'un piéton sur le capot, caractérisé en ce que la patte située à l'avant de l'autre patte est sensiblement rectiligne et est, lorsque l'ensemble est monté sur le véhicule, inclinée vers l'arrière par rapport à la direction verticale du véhicule, la patte située à l'arrière étant également inclinée vers l'arrière par rapport à la direction verticale et présentant une courbure. </p><p id="p0022" num="0022"> Le fait que la patte avant soit rectiligne lui permet de résister aux efforts engendrés lors du claquage du capot. </p><p id="p0023" num="0023"> Le fait que cette patte soit inclinée vers l'arrière lui permet de pivoter vers l'arrière lors d'un choc du fémur d'un piéton. </p><p id="p0024" num="0024"> Le fait que la patte arrière soit penchée vers l'arrière permet à celle-ci de se déformer en cas de choc de la tête d'un enfant dans une zone du capot proche de la serrure. </p><p id="p0025" num="0025"> Le fait que la patte arrière présente une courbure permet à celle-ci de se déformer en cas de choc de la tête d'un enfant dans une zone du capot légèrement éloignée de la zone de la serrure. </p><p id="p0026" num="0026"> L'invention apporte ainsi la solution au problème évoqué plus haut. 
<!-- EPO <DP n="5"/>-->
 De préférence, la convexité de la courbure de la patte située à l'arrière est dirigée vers la patte située à l'avant. </p><p id="p0027" num="0027"> Dans une version préférée de l'invention, les extrémités des deux pattes déformables opposées au capot sont chacunes reliées à un fil de gâche rigide. </p><p id="p0028" num="0028"> De préférence également, les extrémités des deux pattes déformables sont fixées à une zone du capot qui est exposée au choc de la tête d'un piéton enfant ou au fémur d'un piéton adulte. </p><p id="p0029" num="0029"> Dans un mode de réalisation particulièrement avantageux de l'invention, l'angle d'inclinaison des pattes est compris entre 10 et 30°. </p><p id="p0030" num="0030"> Cet angle d'inclinaison des pattes permet à celles-ci d'être presque perpendiculaires à la direction de l'impact en cas de choc du fémur d'un piéton ou de la tête d'un enfant. </p><p id="p0031" num="0031"> De préférence également, la longueur des pattes est telle que la distance comprise entre la gâche et la peau du capot est comprise entre 100 et 140 mm De ce fait, cette distance est relativement réduite et est compatible avec un capot bas. </p><p id="p0032" num="0032"> Dans un mode de réalisation préféré de l'invention, lesdites pattes sont constituées chacune par une lame en acier d'épaisseur comprise entre 1 et 1 ,5 mm, le plan de la lame étant, lorsque l'ensemble est monté sur le véhicule automobile, transversal à l'axe longitudinal du véhicule. </p><p id="p0033" num="0033"> Selon un autre aspect, l'invention concerne également un véhicule automobile équipé d'un ensemble selon l'invention tel que défini ci-dessus. </p><p id="p0034" num="0034"> D'autres particularités et avantages de l'invention apparaîtront encore tout au long de la description ci-après. </p><p id="p0035" num="0035"> Aux dessins annexés, donnés à titre d'exemples, non limitatifs : </p><p id="p0036" num="0036"> - la figure 1 est une vue en perspective d'un ensemble selon l'invention illustrant schématiquement l'impact sur cet ensemble d'un fémur d'un piéton et de la tête d'un enfant, </p><p id="p0037" num="0037"> - la figure 2 est une vue en coupe longitudinale et verticale de l'ensemble selon l'invention, </p><p id="p0038" num="0038"> - la figure 3 est une vue analogue à la figure 2 montrant la déformation de l'ensemble lors d'un choc fémur, 
<!-- EPO <DP n="6"/>-->
 - la figure 4 est une vue analogue à la figure 2 montrant la déformation de l'ensemble, lors d'un choc de la tête d'un enfant dans une zone du capot proche de la serrure, </p><p id="p0039" num="0039"> - la figure 5 est une vue analogue à la figure 2 montrant la déformation de l'ensemble, lors d'un choc de la tête d'un enfant dans une zone du capot éloignée de la serrure. </p><p id="p0040" num="0040"> Les figures 1 et 2 représentent un ensemble comportant un capot avant 1 de véhicule automobile et un dispositif pour verrouiller ce capot 1 comprenant une gâche 4 adaptée pour pouvoir se verrouiller à une serrure 5 fixée à une partie rigide 3 de la caisse du véhicule. </p><p id="p0041" num="0041"> La gâche 4 est reliée à la doublure 2 du capot 1 par deux pattes métalliques 8, 9 espacées l'une de l'autre suivant la direction longitudinale X du véhicule. </p><p id="p0042" num="0042"> Ces deux pattes 8, 9 sont déformables en cas de choc d'un piéton sur le capot 1 . </p><p id="p0043" num="0043"> Conformément à l'invention, la patte 9 située à l'avant de l'autre patte 8 est sensiblement rectiligne et est, lorsque l'ensemble est monté sur le véhicule, inclinée vers l'arrière par rapport à la direction verticale Z du véhicule. </p><p id="p0044" num="0044"> La patte 8 située à l'arrière est également inclinée vers l'arrière par rapport à la direction verticale Z et présente une courbure. </p><p id="p0045" num="0045"> Les figures 1 et 2 montrent également que la convexité de la courbure de la patte 8 située à l'arrière est dirigée vers la patte 9 située à l'avant. </p><p id="p0046" num="0046"> Les extrémités 8a, 9a des deux pattes déformables 8, 9 opposées au capot 1 sont chacunes soudées à un fil de gâche rigide 4. </p><p id="p0047" num="0047"> Par ailleurs, les extrémités 8b, 9b des deux pattes déformables 8, 9 sont fixées à une zone du capot 1 qui est exposée au choc de la tête d'un piéton enfant ou au fémur d'un piéton adulte. </p><p id="p0048" num="0048"> Sur la figure 1 , le rectangle 10 en pointillé symbolise le fémur d'un piéton et le cercle 1 1 en pointillé symbolise la tête d'un enfant qui selon le test de la norme choc piéton impactent l'avant du véhicule respectivement suivant des directions D1 et D2. </p><p id="p0049" num="0049"> Selon cette norme, la direction D1 du choc fémur est inclinée de 30° par rapport à l'horizontale, tandis que la direction D2 du choc tête est inclinée de 50° par rapport à l'horizontale. 
<!-- EPO <DP n="7"/>-->
 De préférence, l'angle d'inclinaison vers l'arrière des pattes 8, 9 par rapport à l'axe Z est compris entre 10 et 30°. </p><p id="p0050" num="0050"> Par ailleurs, la longueur des pattes 8, 9 est telle que la distance comprise entre le point le plus haut de la gâche 4 et la peau du capot 1 est comprise entre 100 et 140 mm. </p><p id="p0051" num="0051"> En outre, les pattes 8, 9 sont constituées chacune par une lame en acier éventuellement ajourée, d'épaisseur comprise entre 1 et 1 ,5 mm. </p><p id="p0052" num="0052"> Le plan de la lame est, lorsque l'ensemble est monté sur le véhicule automobile, transversal à l'axe longitudinal X du véhicule. </p><p id="p0053" num="0053"> Dans l'exemple représenté, le fil de gâche 4 présente une partie avant 4a de forme en S, une partie intermédiaire 4b de forme rectiligne et une partie arrière 4c inclinée vers le haut. </p><p id="p0054" num="0054"> La forme du fil de gâche 4 est adaptée pour éviter toute interférence avec la partie rigide 3 de la caisse du véhicule. </p><p id="p0055" num="0055"> Lors de la fermeture, c'est-à-dire du claquage du capot 1 , les efforts sont transmis vers le fil de gâche 4 dans le sens de la flèche F, représentée sur la figure 2. </p><p id="p0056" num="0056"> Du fait qu'elle soit rectiligne, la patte avant 9 résiste sans se déformer aux efforts ci-dessus. </p><p id="p0057" num="0057"> La figure 3 illustre le cas d'un choc fémur. </p><p id="p0058" num="0058"> Sur cette figure, la ligne en pointillé L représente la position initiale de la patte avant 9. </p><p id="p0059" num="0059"> Le choc fémur est appliqué dans la direction D1 formant un angle de 30° par rapport à la direction X. </p><p id="p0060" num="0060"> Du fait de l'inclinaison vers l'arrière des pattes 8 et 9, la direction D1 d'application du choc fémur est sensiblement perpendiculaire aux pattes 8 et 9. </p><p id="p0061" num="0061"> Cette inclinaison des pattes 8 et 9 favorise ainsi leur pivotement vers l'arrière, comme montré par la figure 3, qui permet d'absorber l'énergie du choc fémur. </p><p id="p0062" num="0062"> Les figures 4 et 5 illustrent le cas de l'impact sur le capot 1 de la tête 1 1 d'un enfant respectivement dans une zone proche de la serrure 5 (voir figure 4) et dans une zone légèrement éloignée vers l'arrière de cette zone. 
<!-- EPO <DP n="8"/>-->
 Dans les deux cas, les pattes 8 et 9, sous l'effet de l'impact, se replient vers l'arrière pour amortir le choc. </p><p id="p0063" num="0063"> Dans les deux cas, l'inclinaison initiale vers l'arrière des deux pattes 8 et 9 et la courbure de la patte arrière 8 favorisent la déformation des deux pattes. </p><p id="p0064" num="0064"> Un autre avantage de l'invention réside dans le fait que la distance d comprise entre la peau du capot 1 et le fil de gâche 4 soit inférieure à 140 mm. </p><p id="p0065" num="0065"> En effet, cette distance réduite permet de maintenir le profil bas du capot 1 , c'est-à-dire évite de rehausser celui-ci pour pouvoir installer les pattes 8, 9. 
</p></description><claims mxw-id="PCLM44727044" ref-ucid="WO-2012114010-A1" lang="FR" load-source="patent-office"><claim-statement><!-- EPO <DP n="9"/>-->REVENDICATIONS </claim-statement><claim id="clm-0001" num="1"><claim-text>1 . Ensemble comportant un capot avant (1 ) de véhicule automobile et un dispositif pour verrouiller ce capot (1 ) comprenant une gâche (4) adaptée pour pouvoir se verrouiller à une serrure (5) fixée à une partie rigide de la caisse du véhicule, cette gâche (4) étant reliée à la face intérieure du capot (1 ) par deux pattes métalliques (8, 9) espacées l'une de l'autre suivant la direction longitudinale (X) du véhicule, ces deux pattes (8, 9) étant déformables en cas de choc d'un piéton sur le capot (1 ), caractérisé en ce que la patte (9) située à l'avant de l'autre patte (8) est sensiblement rectiligne et est, lorsque l'ensemble est monté sur le véhicule, inclinée vers l'arrière par rapport à la direction verticale (Z) du véhicule, la patte (8) située à l'arrière étant également inclinée vers l'arrière par rapport à la direction verticale (Z) et présentant une courbure. </claim-text></claim><claim id="clm-0002" num="2"><claim-text> 2. Ensemble selon la revendication 1 , caractérisé en ce que la convexité de la courbure de la patte (8) située à l'arrière est dirigée vers la patte (9) située à l'avant. </claim-text></claim><claim id="clm-0003" num="3"><claim-text> 3. Ensemble selon l'une des revendications 1 ou 2, caractérisé en ce que les extrémités (8a, 9a) des deux pattes déformables (8, 9) opposées au capot (1 ) sont chacunes reliées à un fil de gâche rigide (4). </claim-text></claim><claim id="clm-0004" num="4"><claim-text> 4. Ensemble selon l'une des revendications 1 à 3, caractérisé en ce que les extrémités (8b, 9b) des deux pattes déformables (8, 9) sont fixées à une zone du capot (1 ) qui est exposée au choc de la tête d'un piéton enfant ou au fémur d'un piéton adulte. </claim-text></claim><claim id="clm-0005" num="5"><claim-text> 5. Ensemble selon l'une des revendications 1 à 4, caractérisé en ce que l'angle d'inclinaison des pattes (8, 9) est compris entre 10 et 30°. </claim-text></claim><claim id="clm-0006" num="6"><claim-text> 6. Ensemble selon l'une des revendications 1 à 5, caractérisé en ce que la longueur des pattes (8, 9) est telle que la distance (d) comprise entre la gâche (4) et la peau du capot (1 ) est comprise entre 100 et 140 mm. </claim-text></claim><claim id="clm-0007" num="7"><claim-text> 7. Ensemble selon l'une des revendications 1 à 6, caractérisé en ce que lesdites pattes (8, 9) sont constituées chacune par une lame en acier d'épaisseur comprise entre 1 et 1 ,5 mm, le plan de la lame étant, lorsque l'ensemble est monté sur le véhicule automobile, transversal à l'axe longitudinal (X) du véhicule. <!-- EPO <DP n="10"/>--> </claim-text></claim><claim id="clm-0008" num="8"><claim-text>8. Véhicule automobile équipé d'un ensemble selon l'une des revendications 1 à 7. </claim-text></claim></claims><copyright>User acknowledges that Fairview Research LLC and its third party providers retain all right, title and interest in and to this xml under applicable copyright laws.  User acquires no ownership rights to this xml including but not limited to its format.  User hereby accepts the terms and conditions of the Licence Agreement</copyright></patent-document>
