<?xml version="1.0" encoding="UTF-8"?>
<patent-document ucid="EP-2678230-A1" country="EP" doc-number="2678230" kind="A1" date="20140101" family-id="46721167" file-reference-id="318292" date-produced="20180826" status="corrected" lang="EN"><bibliographic-data><publication-reference fvid="146551315" ucid="EP-2678230-A1"><document-id><country>EP</country><doc-number>2678230</doc-number><kind>A1</kind><date>20140101</date><lang>EN</lang></document-id></publication-reference><application-reference ucid="EP-11859214-A" is-representative="NO"><document-id mxw-id="PAPP154825238" load-source="docdb" format="epo"><country>EP</country><doc-number>11859214</doc-number><kind>A</kind><date>20110509</date><lang>EN</lang></document-id><document-id mxw-id="PAPP172244718" load-source="docdb" format="original"><country>EP</country><doc-number>11859214.6</doc-number><date>20110509</date><lang>EN</lang></document-id></application-reference><priority-claims><priority-claim mxw-id="PPC140450392" ucid="US-2011035687-W" linkage-type="W" load-source="docdb"><document-id format="epo"><country>US</country><doc-number>2011035687</doc-number><kind>W</kind><date>20110509</date></document-id></priority-claim><priority-claim mxw-id="PPC140453536" ucid="US-201161444902-P" load-source="docdb"><document-id format="epo"><country>US</country><doc-number>201161444902</doc-number><kind>P</kind><date>20110221</date></document-id></priority-claim></priority-claims><technical-data><classifications-ipcr><classification-ipcr mxw-id="PCL-2029350215" load-source="docdb">B65B  61/12        20060101ALI20150811BHEP        </classification-ipcr><classification-ipcr mxw-id="PCL-2029351127" load-source="docdb">B65H  20/06        20060101ALI20150811BHEP        </classification-ipcr><classification-ipcr mxw-id="PCL-2029353015" load-source="docdb">B65B  49/12        20060101ALI20150811BHEP        </classification-ipcr><classification-ipcr mxw-id="PCL-2029354213" load-source="docdb">B65B   9/08        20120101ALI20150811BHEP        </classification-ipcr><classification-ipcr mxw-id="PCL-2029354700" load-source="docdb">B65B  43/12        20060101ALI20150811BHEP        </classification-ipcr><classification-ipcr mxw-id="PCL-2029355361" load-source="docdb">B31B   1/26        20060101ALI20150811BHEP        </classification-ipcr><classification-ipcr mxw-id="PCL-2029356578" load-source="docdb">B65B  43/34        20060101ALI20150811BHEP        </classification-ipcr><classification-ipcr mxw-id="PCL-2029357546" load-source="docdb">B65B  49/16        20060101ALI20150811BHEP        </classification-ipcr><classification-ipcr mxw-id="PCL-2029357800" load-source="docdb">B65B  43/26        20060101AFI20150811BHEP        </classification-ipcr><classification-ipcr mxw-id="PCL-2029357824" load-source="docdb">B65B  43/36        20060101ALI20150811BHEP        </classification-ipcr><classification-ipcr mxw-id="PCL-2029358726" load-source="docdb">B65B  51/10        20060101ALI20150811BHEP        </classification-ipcr></classifications-ipcr><classifications-cpc><classification-cpc mxw-id="PCL-1777723668" load-source="docdb" scheme="CPC">B31B2155/0014      20170801 LA20170802BHEP        </classification-cpc><classification-cpc mxw-id="PCL-1777723670" load-source="docdb" scheme="CPC">B31B  70/10        20170801 LA20170802BHEP        </classification-cpc><classification-cpc mxw-id="PCL-1777723671" load-source="docdb" scheme="CPC">B31B  50/00        20170801 LI20170802BHEP        </classification-cpc><classification-cpc mxw-id="PCL-1777723672" load-source="docdb" scheme="CPC">B31B2160/10        20170801 LA20170802BHEP        </classification-cpc><classification-cpc mxw-id="PCL-1777723673" load-source="docdb" scheme="CPC">B31B2155/00        20170801 LA20170802BHEP        </classification-cpc><classification-cpc mxw-id="PCL-1877551044" load-source="docdb" scheme="CPC">B65H2404/2222      20130101 LA20161116BHEP        </classification-cpc><classification-cpc mxw-id="PCL-1877551045" load-source="docdb" scheme="CPC">B65H  20/16        20130101 LI20161116BHEP        </classification-cpc><classification-cpc mxw-id="PCL-1877551046" load-source="docdb" scheme="CPC">B65B  61/12        20130101 LA20161117BHEP        </classification-cpc><classification-cpc mxw-id="PCL-1877551047" load-source="docdb" scheme="CPC">B65B  51/10        20130101 LA20161117BHEP        </classification-cpc><classification-cpc mxw-id="PCL-1877551048" load-source="docdb" scheme="CPC">B65B  49/16        20130101 LA20161117BHEP        </classification-cpc><classification-cpc mxw-id="PCL-1877551049" load-source="docdb" scheme="CPC">B65B  49/12        20130101 LA20161117BHEP        </classification-cpc><classification-cpc mxw-id="PCL-1877551050" load-source="docdb" scheme="CPC">B65B  43/36        20130101 LA20161117BHEP        </classification-cpc><classification-cpc mxw-id="PCL-1877551051" load-source="docdb" scheme="CPC">B65B  43/34        20130101 LA20161117BHEP        </classification-cpc><classification-cpc mxw-id="PCL-1877551052" load-source="docdb" scheme="CPC">B65B  43/267       20130101 LA20161117BHEP        </classification-cpc><classification-cpc mxw-id="PCL-1877551053" load-source="docdb" scheme="CPC">B65B  43/123       20130101 LA20161117BHEP        </classification-cpc><classification-cpc mxw-id="PCL-1877551054" load-source="docdb" scheme="CPC">B65B   9/08        20130101 LA20161117BHEP        </classification-cpc><classification-cpc mxw-id="PCL-2062991602" load-source="docdb" scheme="CPC">B65H  20/06        20130101 FI20150425BHEP        </classification-cpc><classification-cpc mxw-id="PCL-2135376515" load-source="docdb" scheme="CPC">B65H2301/44316     20130101 LA20140716BHEP        </classification-cpc><classification-cpc mxw-id="PCL-2135386182" load-source="docdb" scheme="CPC">B65H2701/191       20130101 LA20140716BHEP        </classification-cpc></classifications-cpc><invention-title mxw-id="PT132186429" lang="DE" load-source="patent-office">VERPACKUNGSMASCHINE UND VERFAHREN</invention-title><invention-title mxw-id="PT132186430" lang="EN" load-source="patent-office">PACKAGING MACHINE AND PROCESS</invention-title><invention-title mxw-id="PT132186431" lang="FR" load-source="patent-office">MACHINE ET PROCÉDÉ D'EMBALLAGE</invention-title></technical-data><parties><applicants><applicant mxw-id="PPAR918146688" load-source="docdb" sequence="1" format="epo"><addressbook><last-name>AUTOMATED PACKAGING SYST INC</last-name><address><country>US</country></address></addressbook></applicant><applicant mxw-id="PPAR918145482" load-source="docdb" sequence="1" format="intermediate"><addressbook><last-name>AUTOMATED PACKAGING SYSTEMS, INC.</last-name></addressbook></applicant><applicant mxw-id="PPAR918985023" load-source="patent-office" sequence="1" format="original"><addressbook><last-name>AUTOMATED PACKAGING SYSTEMS, INC.</last-name><iid>101112435</iid><address><street>10175 Philipp Parkway</street><city>Streetsboro, Ohio 44241</city><country>US</country></address></addressbook></applicant></applicants><inventors><inventor mxw-id="PPAR918144424" load-source="docdb" sequence="1" format="epo"><addressbook><last-name>CHUBA LARRY</last-name><address><country>US</country></address></addressbook></inventor><inventor mxw-id="PPAR918148106" load-source="docdb" sequence="1" format="intermediate"><addressbook><last-name>CHUBA, Larry</last-name></addressbook></inventor><inventor mxw-id="PPAR918982329" load-source="patent-office" sequence="1" format="original"><addressbook><last-name>CHUBA, Larry</last-name><address><street>2377 Thurmont Road</street><city>Akron, OH 44313</city><country>US</country></address></addressbook></inventor></inventors><agents><agent mxw-id="PPAR918983178" load-source="patent-office" sequence="1" format="original"><addressbook><last-name>Ganguillet, Cyril</last-name><suffix>et al</suffix><iid>100028890</iid><address><street>ABREMA Agence Brevets &amp; Marques Ganguillet Avenue du Théâtre 16 P.O. Box 5027</street><city>1002 Lausanne</city><country>CH</country></address></addressbook></agent></agents></parties><international-convention-data><pct-or-regional-filing-data ucid="US-2011035687-W"><document-id><country>US</country><doc-number>2011035687</doc-number><kind>W</kind><date>20110509</date><lang>EN</lang></document-id></pct-or-regional-filing-data><pct-or-regional-publishing-data ucid="WO-2012115672-A1"><document-id><country>WO</country><doc-number>2012115672</doc-number><kind>A1</kind><date>20120830</date><lang>EN</lang></document-id></pct-or-regional-publishing-data><designated-states><ep-contracting-states><country mxw-id="DS548929986" load-source="docdb">AL</country><country mxw-id="DS548931618" load-source="docdb">AT</country><country mxw-id="DS548837663" load-source="docdb">BE</country><country mxw-id="DS548865969" load-source="docdb">BG</country><country mxw-id="DS548816269" load-source="docdb">CH</country><country mxw-id="DS548837664" load-source="docdb">CY</country><country mxw-id="DS548931619" load-source="docdb">CZ</country><country mxw-id="DS548929987" load-source="docdb">DE</country><country mxw-id="DS548837665" load-source="docdb">DK</country><country mxw-id="DS548837666" load-source="docdb">EE</country><country mxw-id="DS548914622" load-source="docdb">ES</country><country mxw-id="DS548866026" load-source="docdb">FI</country><country mxw-id="DS548816270" load-source="docdb">FR</country><country mxw-id="DS548929988" load-source="docdb">GB</country><country mxw-id="DS548837667" load-source="docdb">GR</country><country mxw-id="DS548929989" load-source="docdb">HR</country><country mxw-id="DS548931620" load-source="docdb">HU</country><country mxw-id="DS548816271" load-source="docdb">IE</country><country mxw-id="DS548837668" load-source="docdb">IS</country><country mxw-id="DS548866027" load-source="docdb">IT</country><country mxw-id="DS548837669" load-source="docdb">LI</country><country mxw-id="DS548866028" load-source="docdb">LT</country><country mxw-id="DS548935027" load-source="docdb">LU</country><country mxw-id="DS548866029" load-source="docdb">LV</country><country mxw-id="DS548866030" load-source="docdb">MC</country><country mxw-id="DS548935028" load-source="docdb">MK</country><country mxw-id="DS548935029" load-source="docdb">MT</country><country mxw-id="DS548935030" load-source="docdb">NL</country><country mxw-id="DS548816272" load-source="docdb">NO</country><country mxw-id="DS548935031" load-source="docdb">PL</country><country mxw-id="DS548914623" load-source="docdb">PT</country><country mxw-id="DS548927367" load-source="docdb">RO</country><country mxw-id="DS548914624" load-source="docdb">RS</country><country mxw-id="DS548935032" load-source="docdb">SE</country><country mxw-id="DS548929990" load-source="docdb">SI</country><country mxw-id="DS548816273" load-source="docdb">SK</country><country mxw-id="DS548816274" load-source="docdb">SM</country><country mxw-id="DS548837670" load-source="docdb">TR</country></ep-contracting-states></designated-states></international-convention-data><office-specific-data><eptags><ep-no-a-document-published>*</ep-no-a-document-published></eptags></office-specific-data></bibliographic-data><abstract mxw-id="PA99620218" ref-ucid="WO-2012115672-A1" lang="EN" load-source="patent-office"><p num="0000">A conveyor system pre-inserts a portion of the web into a first belt before the portion is gripped between the first belt and a second belt. In one exemplary embodiment, a pair of lips of a web are inserted into a corresponding first pair of belts and then the pair of lips are secured in the first pair of belts by inserting a second pair of belts into the first pair of belts over the pair of lips.</p></abstract><abstract mxw-id="PA99819885" ref-ucid="WO-2012115672-A1" lang="EN" source="national office" load-source="docdb"><p>A conveyor system pre-inserts a portion of the web into a first belt before the portion is gripped between the first belt and a second belt. In one exemplary embodiment, a pair of lips of a web are inserted into a corresponding first pair of belts and then the pair of lips are secured in the first pair of belts by inserting a second pair of belts into the first pair of belts over the pair of lips.</p></abstract><abstract mxw-id="PA99620219" ref-ucid="WO-2012115672-A1" lang="FR" load-source="patent-office"><p num="0000">Selon l'invention, un système de transporteur insère préalablement une partie du film dans une première courroie avant que la partie ne soit saisie entre la première courroie et une seconde courroie. Dans un exemple de mode de réalisation, une paire de lèvres d'un film est insérée dans une première paire correspondante de courroies, puis la paire de lèvres est fixée dans la première paire de courroies en insérant une seconde paire de courroies dans la première paire de courroies sur la paire de lèvres.</p></abstract><abstract mxw-id="PA99819886" ref-ucid="WO-2012115672-A1" lang="FR" source="national office" load-source="docdb"><p>Selon l'invention, un système de transporteur insère préalablement une partie du film dans une première courroie avant que la partie ne soit saisie entre la première courroie et une seconde courroie. Dans un exemple de mode de réalisation, une paire de lèvres d'un film est insérée dans une première paire correspondante de courroies, puis la paire de lèvres est fixée dans la première paire de courroies en insérant une seconde paire de courroies dans la première paire de courroies sur la paire de lèvres.</p></abstract><description mxw-id="PDES50930527" ref-ucid="WO-2012115672-A1" lang="EN" load-source="patent-office"><!-- EPO <DP n="2"/>--><p id="p0001" num="0001"> PACKAGING MACHINE AND PROCESS </p><p id="p0002" num="0002"> Related Applications </p><p id="p0003" num="0003"> [0001] The present application claims priority from application-serial number</p><p id="p0004" num="0004">61/444,902, entitled "Packaging Machine and Process," filed on February 21, 2011, the entire disclosure of which is incorporated herein by reference its entirety. </p><p id="p0005" num="0005"> Technical Field </p><p id="p0006" num="0006"> [0002] This invention relates a conveyor system for gripping and transporting a web, such as a plastic film and more particularly to a conveyor system that pre-inserts a portion of the web into a first belt before the portion is gripped between the first belt and a second belt. </p><p id="p0007" num="0007"> Background of the Invention </p><p id="p0008" num="0008">[0003] U.S. Patent No. 5,743,070 (herein the S P Patent) entitled PACKAGING</p><p id="p0009" num="0009">MACHINE, MATERIAL AND METHOD discloses a machine for use in packaging which has been highly successful commercially. The S P Patent and patents which resulted from divisional applications claim a machine and a plastic web used by that machine as well as a process of making packages. </p><p id="p0010" num="0010"> [0004] With the machine of the S P Patent the web is fed first through a slitter which splits a top portion into two lips that are respectively grasped between associated pairs of belts for transport through a load section. The belts which transport the web through the load section are more fully described in U.S. Patent 5,722,218 issued March 3, 1998 and entitled PLASTIC TRANSPORT SYSTEM (herein the Load Belt Patent). </p><p id="p0011" num="0011">[0005] As the web is fed to the load section, the lips are spread to effect the sequential opening of the side connected bags, each into a rectangular opening for 
<!-- EPO <DP n="3"/>-->
 receiving a product to be packaged. The lips are then returned to juxtaposed relationship and trimmed as the lips are grasped by further belts in a sealer section. The further belts are preferably belts of the type described and claimed in U.S. Patent 6,170,238 issued January 9, 2001 and entitled SEALING MACHINE AND METHOD (herein the Sealer Belt Patent). </p><p id="p0012" num="0012"> [0006] The S P, Load Belt and Sealer Belt Patents are incorporated herein by reference in their entireties. </p><p id="p0013" num="0013"> Summary </p><p id="p0014" num="0014"> [0007] The present application relates to gripping and transporting a web, such as a plastic film. In one exemplary embodiment, a conveyor system pre-inserts a portion of the web into a first belt before the portion is gripped between the first belt and a second belt. In one exemplary embodiment, a pair of lips of a web are inserted into a corresponding first pair of belts and then the pair of lips are secured in the first pair of belts by inserting a second pair of belts into the first pair of belts over the pair of lips. This can be accomplished in a wide variety of different manners. In one exemplary embodiment, rollers are used. For example, a first roller or pair of rollers may press the pair of lips into grooves of the corresponding first pair of belts. A downstream second roller or pair of rollers then presses all or a portion of the second pair of belts into the grooves of the first pair of belts over the pair of lips to secure the pairs of lips between the corresponding pairs of belts. One type of packaging machine that may first insert a pair of lips into a first pair of belts and then secure the pair of lips by inserting a second pair of belts is a packaging machine that forms packages from a chain of side connected bags. However, many other types of packaging machines may benefit from first inserting a pair of lips into a first pair of belts and subsequently securing the pair of lips by inserting a second pair of belts. 
<!-- EPO <DP n="4"/>-->
 Brief Description of the Drawings </p><p id="p0015" num="0015"> [0008] FIG. 1 A is a flow chart that illustrates an exemplary embodiment of a method of gripping a web with one or more sets of conveyor belts; </p><p id="p0016" num="0016">[0009] FIG. 1 is a schematic perspective view of a web conveyor having a web gripping system; </p><p id="p0017" num="0017"> [0010] FIG. 2 is a sectional view taken along the plane indicated by lines 2-2 of</p><p id="p0018" num="0018">FIG. 1; </p><p id="p0019" num="0019"> [0011] FIG. 3 is a sectional view taken along the plane indicated by lines 3-3 of</p><p id="p0020" num="0020">FIG. 1; </p><p id="p0021" num="0021"> [0012] FIG. 4 is a sectional view taken along the plane indicated by lines 4-4 of</p><p id="p0022" num="0022">FIG. 1; </p><p id="p0023" num="0023"> [0013] FIG. 5 is a sectional view taken along the plane indicated by lines 5-5 of</p><p id="p0024" num="0024">FIG. 1 ; </p><p id="p0025" num="0025"> [0014] FIG. 6 is a top plan view of a bagger section of a machine utilizing an exemplary embodiment of a web gripping system; </p><p id="p0026" num="0026"> [0015] FIG. 7 is a side elevational view of the bagger section shown in FIG. 6; </p><p id="p0027" num="0027"> [0016] FIG. 8 is an enlarged, fragmentary, sectional view of the transport belt spacing adjustment mechanism as seen from the plane indicated by the lines 8-8 of FIG. 6; </p><p id="p0028" num="0028"> [0017] FIG. 9 is a partial perspective view of an exemplary embodiment of a web gripping system that may be included the machine illustrated by FIG. 6; </p><p id="p0029" num="0029">[0018] FIG. 10 is a side elevation view of the web gripping system illustrated by</p><p id="p0030" num="0030">FIG. 9; </p><p id="p0031" num="0031"> [0019] FIG. 11 is a top plan view of the web gripping system illustrated by FIG.</p><p id="p0032" num="0032">9; 
<!-- EPO <DP n="5"/>-->
 [0020] FIG. 12 is a sectional view taken along the plane indicated by lines 12-12 in FIG. 11; </p><p id="p0033" num="0033"> [0021] FIG. 13 is a sectional view taken along the plane indicated by lines 13-13 in FIG. 11; </p><p id="p0034" num="0034"> [0022] FIG. 14 is a sectional view taken along the plane indicated by lines 14-14 in FIG. 11; </p><p id="p0035" num="0035"> [0023] FIG. 15 is a sectional view taken along the plane indicated by lines 15-15 in FIG. 11; </p><p id="p0036" num="0036"> [0024] FIG. 16 is a sectional view taken along the plane indicated by lines 16-16 in FIG. 11; </p><p id="p0037" num="0037"> [0025] FIG. 17 is a perspective view of an exemplary embodiment of a roller assembly; </p><p id="p0038" num="0038"> [0026] FIG. 18 is a top view of the roller assembly shown in FIG. 17; </p><p id="p0039" num="0039"> [0027] FIG. 19 is a front view of the roller assembly shown in FIG. 17; </p><p id="p0040" num="0040"> [0028] FIG. 20 is a side view of the roller assembly shown in FIG. 17; </p><p id="p0041" num="0041"> [0029] FIGS. 21-28 are sectional views of alternate belt embodiments of gripping belts each as seen from a plane normal to a path of travel of web supported by the belts; </p><p id="p0042" num="0042"> [0030] FIG. 29 is a perspective view of a portion of the bag flattening mechanism shown in FIG. 7; and </p><p id="p0043" num="0043"> [0031] FIG. 30 is a perspective view showing an alternate arrangement to the mechanism of FIG. 7 for flattening bags </p><p id="p0044" num="0044">Detailed Description </p><p id="p0045" num="0045"> [0032] I. Pre-Insertion of Web into Transport Belts and Pre-Insertion Device 
<!-- EPO <DP n="6"/>-->
 [0033] The flow chart of FIG. 1A illustrates an exemplary embodiment of a method 10 of gripping a web 15 with belts 40, 41, 48, 49. In the method, a portion or portions of the web 15, such as lips 38, 39, are pre-inserted 12 into a first belt or pair of first belts 40, 41. Then, after the pre-insertion of the web portion or portions into the belt or pair of belts 40, 41, the web portion or portions are gripped 14 between the first belt or pair of belts 40, 41 and a second belt or pair of belts 48, 49. This may be accomplished in a variety of different ways by a variety of different apparatus. One layer of web material may be gripped or two lips may be gripped as shown in the following exemplary embodiment. </p><p id="p0046" num="0046"> [0034] FIGS. 1 and 2 illustrate an exemplary embodiment of a conveyor assembly 16 of an exemplary embodiment. The conveyor assembly 16 includes first endless conveyor belt(s) 40, 41 having a web engaging recess 51, 52 formed therein, second endless conveyor belt(s) 48, 49 having a cross-sectional configuration that mates with the recess 51, 52, a web pre-insertion device 22, and a belt insertion device 24. The web pre-insertion device 22 is positioned and configured to press a portion 38, 39 of the web 15 into the recess(es). The belt insertion device 24 is positioned to press the second endless conveyor belt 48, 49 into the recess 51, 52 after the pre-insertion device 22 has pressed the portion 38, 39 of the web into the recess. Pressing the second endless conveyor belt 48, 49 into the recess 51, 52 by the belt insertion device 24 causes the belts 40, 41, 48, 49 to grip the web. Movement of the belts 40, 41, 48, 49 moves the gripped web 15 along the path of travel. </p><p id="p0047" num="0047"> [0035] The illustrated conveyor assembly 16 includes two pairs of belts 40, 41,</p><p id="p0048" num="0048">48, 49. However, other conveyors, for example conveyors that do not open the web with belts, may include only two belts, such as belts 40 and 48. The illustrated belts 40,</p><p id="p0049" num="0049">41 are endless conveyor belts (i.e. ends of the belt are connected to form a loop). The recess or groove 51, 52 of each belt 40, 41 can take a wide variety of different forms. In 
<!-- EPO <DP n="7"/>-->
 the illustrated embodiment, the recess or groove 51, 52 is circular in cross-section and is formed in a top surface 20 of each belt 40, 41. However, as will be described in more detail below, the recess or groove 51, 52 can be formed in other surfaces of the belts 40, 41 and can have different shapes. The illustrated belts 48, 49 are also endless and are circular in cross-section. However, the belts 48, 49 can have a variety of different shapes and configurations. </p><p id="p0050" num="0050"> [0036] The pre-insertion device 22 can take a wide variety of different forms.</p><p id="p0051" num="0051">Examples of acceptable pre-insertion devices 22 include, but are not limited to rollers, fixed member that extends into the recess 51, 52, a moveable member with a portion that extends into the recess 51, 52, such as a tank tread or belt arrangement with a projection or projections that extend into the recess, an air nozzle, a vacuum applied between the recess and the web portion, etc. The pre-insertion device 22 may be any arrangement that moves the portion 38, 39 into the recess 51, 52 before the belt insertion device 24 presses the second endless conveyor belt 48, 49 into the recess 51, 52. In the example illustrated by FIGS. 1-5, the pre-insertion device 22 comprises a roller 26 (see</p><p id="p0052" num="0052">FIG. 3) with annular projections 28 that fit in the recesses 51, 52. The dashed line 30 in</p><p id="p0053" num="0053">FIG. 3 schematically indicates that the roller 26 may be a single roller that includes both projections or two separate rollers. The projections 28 may take a variety of different forms. In the illustrated embodiment, the projection 28 is annular. </p><p id="p0054" num="0054"> [0037] The belt insertion device 24 can take a wide variety of different forms.</p><p id="p0055" num="0055">Examples of acceptable belt insertion devices 24 include, but are not limited to rollers, a fixed member that pushes the second pair of belts 48, 49 into the recess 51, 52, a moveable member, such as a tank tread or belt arrangement, and including magnetic material in or on one or more of the belts 40, 41, 48, 49. The belt insertion device 24 may be any arrangement that moves the belts 48, 49 into the recess 51, 52 of the belts</p><p id="p0056" num="0056">40, 41. In the example illustrated by FIGS. 1-5, the belt insertion device 24 comprises a 
<!-- EPO <DP n="8"/>-->
 roller 32. The dashed line 34 in FIG. 4 schematically indicates that the roller 32 may be a single roller or two separate rollers. </p><p id="p0057" num="0057"> [0038] The sectional views of FIGS. 2-5 at the positions indicated by FIG. 1 illustrate how the conveyor assembly 16 pre-inserts the lips 38, 39 of the the web 15 into the belts 40, 41 and then grips the lips between the belts 40, 41 and the belts 48, 49. Referring to FIGS. 1 and 2, at the position indicated by lines 2-2 in FIG. 1, the lips 38, 39 are positioned above the belts 40, 41. Referring to FIGS. 1 and 3, at the position indicated by lines 3-3 in FIG. 1, the lips 38, 39 are being pressed into the recesses 51, 52 by the projections 28 of the insertion roller 26. Referring to FIGS. 1 and 4, at the position indicated by lines 4-4 in FIG. 1, the lips 38, 39 are in the recesses 51, 52 of the belt and the belts 48, 49 are about to be pressed into the belts 40, 41 by the roller 32. Referring to FIGS. 1 and 5, at the position indicated by lines 5-5 in FIG. 1, the lips 38, 39 and the belts 48, 49 are in the recesses 51, 52 of the belt and the belts 48, 49 such that the lips 38, 39 are securely gripped between the belts 40, 41 and the belts 48, 49. </p><p id="p0058" num="0058">[0039] Referring to FIGS. 17-20, in one exemplary embodiment the web pre- insertion device 22 and the belt insertion device 24 are part of a single assembly 200. The assembly 200 can take a variety of different forms. The illustrated assembly includes a web pre-insertion roller 26, a belt insertion roller 32, and a mounting assembly 202. The mounting assembly 202 includes roller brackets 204 and mounting flanges 206. The web pre-insertion roller 26 and the belt insertion roller 32 are mounted between a pair of the roller brackets 204. Axles 208, 210 of the pre-insertion roller 26 and the belt insertion roller 32 are connected to the roller brackets 204. The axles 208, 210 may be within three inches of one another, within two inches of one another, or even within one inch of one another, so that the pre-insertion of the web 15 into the channels 51, 52 happens very close to the insertion of the belts 48, 49 into the channels.</p><p id="p0059" num="0059">This may be the case regardless of whether or not the pre-insertion device 22 and the 
<!-- EPO <DP n="9"/>-->
 belt insertion device are part of the same assembly. The mounting flanges 206 are connected to the roller brackets 204 to facilitate attachment of the assembly 200 to the conveyor assembly 16. In the illustrated embodiment, the mounting flanges 206 include an adjustment mechanism 212 that allow the position of the roller brackets 204 to be adjusted with respect to the mounting flanges 206 in the direction indicated by arrow 220. This adjustment allows the position of the pre-insertion roller 26 and the belt insertion roller 32 to be adjusted relative to the belts 40, 41 to be adjusted, to adjust how far the web 15 is pressed into the recesses and/or how far the belts 48, 49 are pressed into the recesses 51, 52. </p><p id="p0060" num="0060">[0040] II. Packaging Machine that Uses the Pre-insertion Device </p><p id="p0061" num="0061"> [0041] The conveyor assembly 16 illustrated by FIGS. 1-5 can be used in a wide variety of different applications. For example, FIGS. 6 and 7 illustrate an exemplary embodiment of a bagging machine 100 that uses conveyor assembly 16 to make packages from a web 15 of side connected bags. The web 15 is fed from a supply shown schematically at 16 to a bagger section 17. The bagger section 17 is separably connected to an optional bag closure section schematically indicated at 19. The bag closure section can take a wide variety of different forms. For example, the bags may be sealed using the sealing machine and method disclosed by U.S. Patent No. 6,170,238. The bag closure section may be any apparatus that applies a closure (i.e. staple, tape, heat seal, re-sealable seal, etc.) to the loaded bags. </p><p id="p0062" num="0062"> [0042] Referring to FIG. 7, the illustrated bagger section 17 includes an optional wheeled support carriage 20. The support carriage 20 includes a support frame for supporting bagging mechanisms. In the drawings the bagging mechanism is shown in its vertical orientation for gravity loading. The machine will be described in such 
<!-- EPO <DP n="10"/>-->
 orientation it being recognized that the mechanism may be positioned in a horizontal orientation and at other angular orientations. </p><p id="p0063" num="0063">[0043] III. Examples of a Web </p><p id="p0064" num="0064"> [0044] The machines 100 with web pre-insertion arrangements may use or be adapted to use many types of packaging bags, which may include separate bags, as well as chains of connected bags. In one embodiment, the machine is adapted for use with a chain or web of side connected bags. In the exemplary embodiment, the web 15 is an elongated flattened plastic tube. The tube includes a top section 23 for feeding along a mandrel 24 (see FIGS. 1 and 7). The top section 23 may be connected to the tops of a chain of side connected bags 25 by front and back lines of weakness in the form of perforations 27. Frangible connections 30 connect adjacent bag side edges (see FIG. 7).</p><p id="p0065" num="0065">Each bag 25 includes a face 31 and a back 32 interconnected at a bottom 33 by a selected one of a fold or a seal. Side seals adjacent the interconnections 30 delineate the sides of the bags 25. The bag faces and backs 31, 32 may be respectively connected to the top section 23 by the lines of wealcness 27, 28, such that the top section 23 when the web is flattened itself is essentially a tube. Additional details of acceptable webs of preformed bags may be found in U.S. Patent Nos. 3,254,828, 4,344,557, 5,957,824, and</p><p id="p0066" num="0066">6,367,975, all of which are incorporated herein by reference in their entirety. </p><p id="p0067" num="0067"> [0045] The web 15 may be made from a wide variety of different materials.</p><p id="p0068" num="0068">When the web is made from a relatively flexible material, such as a relatively thin layer of polyethylene, the web pre-insertion device 22 may be omitted. The web pre-insertion device 22 is particularly useful when the web is made from a thick material, a rigid material, or materials with a high coefficient of friction. In this application, a thick web material may be any material that is over 3.0 mils thick. The rigidity of a material is effected by thickness. In addition, some materials are more rigid than others. In this 
<!-- EPO <DP n="11"/>-->
 application, Polypropylene (PP), laminated structures, films containing high density polyethylene (HDPE), co-extruded materials containing barrier resins such as nylon (PA) and/or ethylene vinyl alcohol (EVOH) and materials having rigidity properties that are the same or similar to these materials are considered rigid materials. For the belts 48, 49 to be placed in the belts 40, 41, the web material must slide between the belts to some degree. If the material has a high coefficient of friction (i.e. the material is not "slippery" enough), the material may have difficulty sliding between the two belts when a belt 48, 49 is inserted into a belt 40, 41. In this application, a coefficient of friction greater than 0.15 is considered a high coefficient of friction. </p><p id="p0069" num="0069"> [0046] The pre-insertion device 22 allows these materials to be gripped by the belts 40, 41 and 48, 49 by forcing the material into the recesses 51, 52, by getting the material in a shape that allows the belts 48, 49 to be inserted into the belts 48, 49 and/or by reducing the amount that the material has to stretch or slide to allow the belts 48, 49 to be inserted into the belts 40, 41. The pre-insertion device allows the belts 40, 41 and the belts 48, 49 to grip thick webs, rigid webs, and/or webs with a high coefficient of friction. An example of a material that the pre-insertion device 22 allows the belts 40, 41 and the belts 48, 49 to grip is OF3 mailbag material sold by Automated Packaging Systems, Inc. The pre-insertion device 22 allows the belts 40, 41 and the belts 48, 49 to grip webs that are made from a non-Linear Low Density Polyethylene (non-LLDPE) material, LLDPE webs having a thickness that is greater than 3.0 mils, and/or webs that have a coefficient of friction greater than 0.15. </p><p id="p0070" num="0070">[0047] IV. The Bagger Section 17 </p><p id="p0071" num="0071"> [0048] A. A Bag Feed and Preparation Portion 35 </p><p id="p0072" num="0072"> [0049] The web 15 is fed from the supply 16 into a bag feed and preparation portion 35 of the bagger section 17. The feed is over the mandrel 24 and past a slitter 36,</p><p id="p0073" num="0073">FIG. 6. The slitter 36 separates the top section 23 into opposed face and back lips 38, 39. 
<!-- EPO <DP n="12"/>-->
 The feed through the bag feed and preparation portion 35 is caused by the pair of endless, oppositely rotating, main transport belts 40, 41 supported by oppositely rotating pulley sets 42, 43. The main belts 40, 41 are driven by a stepper motor 44, FIG. 6 through pulleys 42T, 43T of the sets 42, 43. Other of the pulleys 42S, 43S are spring biased by springs S, FIG. 6, to tension the belts. </p><p id="p0074" num="0074"> [0050] Referring to FIGS. 6 and 7, a plow 45 is positioned a short distance upstream from the pre-insertion device 22 and the belt insertion device 24. roller cam 46. As the lips are drawn along by the main transport belts 40, 41, the lips 38, 39 are respectively folded over the top surfaces 20 of the belts 40, 41. As can be seen in FIGS. 7 and 9, the belts 48, 49 are above the belts 40, 41 in the area upstream of the pre- insertion device 22 and the lips 38, 39 are routed in the space between the belts 40, 41 and the belts 48,49. Once the web 15 reaches the pre-insertion device 22, the lips 38, 39 of the web pressed into the recess 51, 52 of the endless conveyor belts 40, 41 by the roller 26 at a position where the endless conveyor belts 48, 49 are still above the conveyor belts 40, 41 in a vertical direction. That is, the belts 48, 49 are on top or above the top surface 20 of the conveyor belts 40, 41 at the roller 26. </p><p id="p0075" num="0075">[0051] Once the lips 38, 39 are pre-inserted into the recesses 51, 52 of the belts</p><p id="p0076" num="0076">40, 41, the belt insertion device 24 presses the belts 48, 49 into the complemental grooves 51, 52 in belts 41, 42 respectively. In the embodiment illustrated by FIGS. 8 and 12-16, the belts 48, 49 are circular in cross section, while the grooves 51, 52 are segments of circles, slightly more than 180 degrees in extent. The camming of the belts 48, 49 into the grooves 51, 52 traps the lips 38, 39 between the belts 48, 49 and the grooves 51, 52. The lips 38, 39 are secured between the coacting belt pairs 40, 41 and 48, 49 such that the lips, due to their coaction with the belts, are capable of resisting substantial stuffing forces as products are forced into the bags at a load station 60. 
<!-- EPO <DP n="13"/>-->
 Sections of the belts 48, 49 which are not in the grooves 51, 52 are trained around a set of pulleys 50. </p><p id="p0077" num="0077"> [0052] Referring to FIG. 7, an optional bag side separator mechanism 53 may be provided at a bag connection breaking station. The separator mechanism 53 includes an endless belt 54 which is driven by a motor 57. As the belt is driven, breaking pins 58 projecting from the belt 54 passes between adjacent sides of bags to break the frangible interconnections 30. Thus, as the bags depart the bag feed and preparation portion 35, they are separated from one another but remain connected to the lips 38, 39. </p><p id="p0078" num="0078">[0053] B. The Load Station 60 </p><p id="p0079" num="0079"> [0054] Referring to FIGS. 6 and 8, the load station 60 includes a pair of parallel belt spreaders 61, 62. The belt spreaders are mirror images of one another. As is best seen in FIG. 6, the belt spreaders respectively include channels 63, 64. The channels 63, 64 respectively guide the main transport belts 40,41, on either side of the load station 60. When the transport belts 40,41, are in the channels 63, 64 (FIG. 8), the bags 25 are stretched between the belts in a rectangular top opening configuration (FIG. 6). </p><p id="p0080" num="0080">[0055] A schematic illustration of a supply funnel 66 is included in FIG. 7. It should be apparent that the products can be placed in the bags in a wide variety of different ways, which may be manual and/or automated. In the embodiment illustrated by FIG. 7, the products to be packaged may be deposited through the rectangular bag openings of the bags each time a bag is registered with the supply funnel at the load station. </p><p id="p0081" num="0081"> [0056] Referring to FIGS. 6 and 8, a space adjusting mechanism may be provided for adjusting the width of the openings of the bags. This mechanism includes a spaced pair of adjustment screws 68, 69 (see FIG. 6). The adjustment screw 68, 69 are respectively centrally journaled by bearings 70, 71. The screws have oppositely threaded 
<!-- EPO <DP n="14"/>-->
 sections on either side of their bearings 70, 71 which threadably engage the belt spreaders 61, 62. Rotation of a cranlc 72 causes rotation of the adjustment screw 69. The screw 69 is connected to the screw 68 via belts or chains 73, which function to transmit rotation forces so that when the cranlc 72 is operated the screws 68, 69 are moved equally to drive the spreaders equally into an adjusted spatial, but still parallel, relationship. </p><p id="p0082" num="0082"> [0057] As the spreaders are movably adjusted toward and away from one another, the spring biased pulleys 42S, 43 S maintain tension on the belts 40, 41 while permitting relative movement of spans of the belts passing through the spreader channels 63, 64. The main transport pulley sets 42, 43 include two idler pulleys 75, 76 downstream from the load station 60. The idler pulleys 75, 76 are relatively closely spaced to return the belts 40, 41 into substantially juxtaposed relationship following exit from the load station 60. </p><p id="p0083" num="0083"> [0058] Since the main and lip transport belts are relatively flexed in a vertical plane as they are brought together to grip a bag and relatively flexed in a horizontal plane as they pass through the load station, it will be seen that the belts are flexible in two directions which are orthogonal to one another. </p><p id="p0084" num="0084">[0059] C. Examples of Bag Stretching Arrangements </p><p id="p0085" num="0085"> [0060] As loaded bags exit the load station, it may be desirable to return upper portions of the bag faces and backs into juxtaposition. The machine of the present invention may employ many different mechanisms to stretch the bags such that the upper portions of the bag faces and backs are enabled to return to juxtaposition. One exemplary embodiment, used, for example, with smaller bags, includes a planetary stretcher 90 (FIG. 29). 
<!-- EPO <DP n="15"/>-->
 [0061] The planetary stretcher may include a bag trailing edge engaging element that includes six bag engaging fingers 106. As is best seen in FIG. 29, one of those fingers 96 is shown in a lead one of the bags 25 while the next finger is being moved into the next bag in line as the next bag departs the load station 60. A lead edge engaging element has four fingers 96 which orbit at one and a half times the rate of the fingers 106. Rotation of the lead edge engaging element causes one of the fingers 96 to enter the next bag as it exits the load station and to engage a leading edge 108 of the bag while the trailing edge finger 106 engages the trailing edge 98, thereby stretching the bag until top portions of the bag face and back are brought into juxtaposition. </p><p id="p0086" num="0086">[0062] In another embodiment of the bag stretching device, illustrated in FIG. 30 and used, for example, with larger bags, the stretching of the loaded bags as they exit the load station may be accomplished with jets of air from nozzles, 112. The nozzles 110, 112 respectively blow air against the lead and trailing edges of the bag, thus stretching the bags from their rectangular orientation into a face to back juxtaposed relationship as the transport belts are returned to juxtaposition. </p><p id="p0087" num="0087">[0063] V. Example of a Closure Section / Closing Arrangement </p><p id="p0088" num="0088"> [0064] The conveyor assembly 16 illustrated by FIGS. 1-5 can be used with a variety of different types of closing or sealing arrangements 19, including, for example, stapling, crimping, and heat sealing. Additionally many different mechanisms may be employed to hold the top portions of the bags together for sealing. Details of examples of acceptable closing arrangements can be found in the S P and Sealer Belt Patents referenced above. </p><p id="p0089" num="0089">[0065] VI. A Support Conveyor 
<!-- EPO <DP n="16"/>-->
 [0066] In one exemplary embodiment, a support conveyor 160 may be provided to support the bottom of the bags 25 as they pass through the bagger section 17 (See FIG. 7). The support conveyor may include height adjustment and locking mechanisms 164 to locate the conveyor 160 in an appropriate position to support the weight of loaded bags being processed into packages. </p><p id="p0090" num="0090">[0067] V. The Alternate Belt Embodiments </p><p id="p0091" num="0091"> [0068] The belts 40, 41 and the belts 48, 49 can take a wide variety of different forms. In some embodiments, only a portion of the belts 48, 49 may be accepted by the recesses 51, 52. In other embodiments, the recesses 51, 52 may be configured to accept more than one belt 48, 49. In other recesses, the recesses 51, 52 may not be provided in the top surfaces 20 of the belts 40, 41. FIGS. 21-28 illustrate a variety of different non- limiting examples of belt arrangements that may replace the belts 40, 41 and/or the belts 48, 49. </p><p id="p0092" num="0092"> [0069] Referring now to FIG. 21, mirror image main transport belts 100,102 are provided. Since the two are mirror images of one another, the transport belt 100 and the elements which co-act with it will be described, it being recognized that corresponding mirror image coaction is provided with the belt 102. In this embodiment three lip clamping belts 104-106 are provided. A section of the web 108 passes upwardly in engagement with a transport path side 110 of the main transport belt 100. The section</p><p id="p0093" num="0093">108 then passes across a top section 112 of the transport belt 100 and into a recess 114.</p><p id="p0094" num="0094">The lip clamping belts 104-106 are disposed in the recess 114 which is in the shape of an arrowhead in cross section to accommodate the three belts. The web 108 is reeved over an inside surface of the damping belt 106 and thence under the transport belts</p><p id="p0095" num="0095">104,105. If downward force is applied to the fill 108, the film tends to push the clamping belt 106 into a corner 115 of the recess 114. The belts 104,105 are pulled 
<!-- EPO <DP n="17"/>-->
 together with the belt 105 clamping the film against the belt 106 to increase the gripping power of the arrangement as force is applied to the film 108. </p><p id="p0096" num="0096">[0070] Referring now to FIG. 22, main transport belts 118,120 are disclosed.</p><p id="p0097" num="0097">Again, in that the belts are mirror images, only the left hand belt will be described in detail. The belt 118 includes a generally triangular upper recess 122. The film section 108 extends upwardly along a side 124 of the belt 108, thence over a top surface 125 and into the recess 122. The film rides over a relatively small diameter clamping belt 126 and thence is reeved almost completely around a relatively large clamp belt 128. In this embodiment, the transport belt 118 rides under a rail 130 which retains the clamp belts 126,128 and the film in the recess 122. Downward forces on the film 108 pull the large clamp belt 128 against the rail and the small clamp belt 126 forcing the clamp belt 126 against a corner of the recess 122 and gripping the plastic firmly both between the clamp belts and between the clamp belt 128 and the rail 130. </p><p id="p0098" num="0098"> [0071] The embodiment of FIG. 23 is similar to FIG. 8, except that the recess is generally rectangular and the clamp belts are of equal size. Accordingly, like reference numerals with primes added are used in that embodiment. </p><p id="p0099" num="0099"> [0072] Referring now to FIG. 24, main transport belts 132, 134 are provided.</p><p id="p0100" num="0100">These belts are very similar to the preferred belts as shown in particular in FIGS. 5 and 6 with the exception that the clamp belt 49 resides in a recess 135 that is formed in a chamfered outwardly oriented surface 136, rather than a top surface as is the case with the surfaces 40S, 41S. </p><p id="p0101" num="0101"> [0073] Referring now to FIG. 25, main transport belts 138,140 are provided. The transport belt 138 has an outwardly oriented recess 142 in which upper and lower clamp belts 144,145 are disposed. The film section 108 is trained upwardly along the inwardly facing side of the belt 138 over its top and thence downwardly and into the recess 142.</p><p id="p0102" num="0102">The film is reeved substantially completely around the lower belt 145, such that when 
<!-- EPO <DP n="18"/>-->
 tension force is applied to the film 108 the belt 145 is pulled upwardly to increase the damping force between the clamping belts 144,145. </p><p id="p0103" num="0103"> [0074] In FIG. 26, stationary rails 148,150 are provided. The rail 148 has in inwardly oriented rectangular recess 152. A pair of equally sized circular clamping belts 154,155 are disposed within the recess 152. The film section 108 is reeved substantially completely around the upper one of the clamping belts 154 and over the lower clamping belt 155, such that downward force on the film 108 will increase friction around a majority of the perimeter of the upper belt 154 and tightly clamp the film between the clamping belts 154,155. Another fixed rail 156 co-acts with the belts 154,155 to maintain them in the recess 152. </p><p id="p0104" num="0104"> [0075] FIG. 27 differs from the embodiment of FIGS. 2-5 only in that the external surfaces of the transport belts are circular and thus the belts are identified by their reference numerals 40',4Γ. </p><p id="p0105" num="0105"> [0076] FIG. 28 is a variant of the embodiment of FIG. 26, in which the lower clamping belt 155 has been omitted and stationary rails are identified by the reference numerals 148', 150'. These examples illustrate that the belts 40, 41 and the belts 48, 49 can take a wide variety of different forms, with the pre-insertion device 22 and the belt insertion device 24 being adapted to work with the different belt configurations. </p><p id="p0106" num="0106">[0077] VI. Operation of the Machine </p><p id="p0107" num="0107"> [0078] A web 15 of bags 25 is fed through the bagger by jogging. The transverse spacing of the main conveyor belts 40, 41 is adjusted by rotating the crank 72 until the load station 60 has the desired transverse dimension. A control, not shown, is set to provide a desired feed rate and a selected one of continuous or intermittent operation. </p><p id="p0108" num="0108"> [0079] Once the machine is in operation, the top section 23 of the web 15 is fed along the mandrel 24 and slit by the slitter 36. This forms the lips 38, 39 which are 
<!-- EPO <DP n="19"/>-->
 folded over the main transport belts 40, 41 by the action of the plow 45. The belts 48, 49 descend from the elevated and spring biased pulleys 50S, as shown in FIGS. 7 and 9. The pre-insertion device 22 presses the lips 38, 39 into the recesses and then the belt insertion device 22 pushes the belts 48, 49 into the recesses 51, 52 to provide very positive and firm support for the bags as they are further processed. As successive side connections 30 of the bags are registered with the bag side separator 53, the motor 55 is operated to drive the belt 54 and cause the breaker pins 58 to rupture the side connections 30. </p><p id="p0109" num="0109"> [0080] As adjacent runs of the belts 40, 41 progress downstream from the bag feed and preparation portion 35, the belts are spread under the action of the belt spreaders 61, 62. As the belts are spread, the lips 38, 39 cause the front and back faces 31, 32 adjacent the lead edge of each bag to separate from the lips 38, 39 by tearing a sufficient length of the perforations between them to allow the lead edge to become the midpoint in a bag span between the belts as the bag passes longitudinally through the load station 60. Similarly, the perforations adjacent the trailing edge are torn as the trailing part of the bag is spread until the bag achieves a full rectangular opening as shown in FIG. 6. </p><p id="p0110" num="0110"> [0081] Next a product is inserted into the rectangular bag as indicated schematically in FIG. 6. While the schematic showing is of discrete fasteners, it should be recognized that this machine and system are well suited to packaging liquids and bulky products which must be stuffed into a bag, such as pantyhose and rectangular items, such as household sponges. </p><p id="p0111" num="0111"> [0082] After the product has been inserted, the adjacent runs of the main transport belts are brought back together and the loaded bag tops are spread </p><p id="p0112" num="0112">longitudinally of the path of travel either by the planetary stretcher 90 (FIG. 29) or by opposed air streams from nozzles (FIG. 30). 
<!-- EPO <DP n="20"/>-->
 [0083] As is best seen in FIG. 7, exit ones 50E of the lip belt pulley set are spaced from the main transport belt and rotatable about angular axes. Expressed more accurately, when the machine is in a vertical loading orientation, the pulleys 50E are above the main transport belt such that the belts 48, 49 are pulled from the grooves 51, 52. </p><p id="p0113" num="0113"> [0084] Although the invention has been described in its preferred form with a certain degree of particularity, it is understood that the present disclosure of the preferred form has been made only by way of example and that numerous changes in the details of construction, operation and the combination and arrangement of parts may be resorted to without departing from the spirit and the scope of the invention as hereinafter claimed. 
</p></description><claims mxw-id="PCLM44726456" ref-ucid="WO-2012115672-A1" lang="EN" load-source="patent-office"><claim-statement><!-- EPO <DP n="21"/>-->We claim: </claim-statement><claim id="clm-0001" num="1"><claim-text>1. A conveyor assembly for gripping a web material and moving the web material along a path of travel comprising: </claim-text><claim-text> a first endless conveyor belt having an endless web engaging recess formed therein; </claim-text><claim-text> a second endless conveyor belt, the recess and the second belt having mating cross sectional configurations; </claim-text><claim-text> an web pre-insertion device positioned to press a portion of the web into said recess; and </claim-text><claim-text> a belt insertion device positioned to press the second endless conveyor belt into the recess after the pre-insertion device has pressed said portion of the web into the recess, wherein pressing the second endless conveyor belt into the recess by the belt insertion device causes the first and second belts to grip the web, wherein movement of the first and second endless belts moves the gripped web along the path of travel. </claim-text></claim><claim id="clm-0002" num="2"><claim-text>2. The conveyor assembly of claim 1 further comprising a drive for moving the first and second belts to transport the web along the path of travel. </claim-text></claim><claim id="clm-0003" num="3"><claim-text>3. The conveyor assembly of claim 1 wherein the web pre-insertion device is a roller. </claim-text></claim><claim id="clm-0004" num="4"><claim-text>4. The conveyor assembly of claim 2 wherein the first roller includes an annular projection that fits in the recess of the first endless conveyor belt. </claim-text></claim><claim id="clm-0005" num="5"><claim-text>5. The conveyor assembly of claim 4 wherein the annular projection presses the web into the recess of the first endless conveyor belt. </claim-text></claim><claim id="clm-0006" num="6"><claim-text>6. The conveyor assembly of claim 1 wherein the belt insertion device is a roller. </claim-text></claim><claim id="clm-0007" num="7"><claim-text>7. The conveyor assembly of claim 1 wherein the web pre-insertion device is a first roller and the belt insertion device is a second roller. </claim-text></claim><claim id="clm-0008" num="8"><claim-text>8. The conveyor assembly of claim 7 wherein an edge of said web is routed between the first endless conveyor belt and the second endless conveyor belt at a <!-- EPO <DP n="22"/>--> position where the first and second endless conveyor belts are spaced apart in a vertical direction, then said edge of said web is pressed into the recess of the first endless conveyor belt by the first roller at a position where the second endless conveyor belt is on or above a top surface of the first conveyor belt. </claim-text></claim><claim id="clm-0009" num="9"><claim-text>9. The conveyor assembly of claim 7 wherein an edge of said web is routed between the first endless conveyor belt and the second endless conveyor belt at a position where the first and second endless conveyor belts are spaced apart in a vertical direction, then said edge of said web is pressed into the recess of the first endless conveyor belt by the first roller at a position where the first and second endless conveyor belts are spaced apart in a vertical direction. </claim-text></claim><claim id="clm-0010" num="10"><claim-text>10. The conveyor assembly of claim 7 wherein the first roller and the second roller are within three inches of one another along said path of travel. </claim-text></claim><claim id="clm-0011" num="11"><claim-text>11. A conveyor assembly for gripping first and second lips of a web material and moving the web material along a path of travel comprising: </claim-text><claim-text> a first pair of endless conveyor belts each having an endless web engaging recess formed therein; </claim-text><claim-text> a second pair of endless conveyor belts, the recess and the second belt having mating cross sectional configurations; </claim-text><claim-text> an web pre-insertion device positioned to press first and second lip portions of the web into said recesses such that one lip portion is pressed into each recess; and </claim-text><claim-text> a belt insertion device positioned to press the second pair of endless conveyor belts into the recesses after the pre-insertion device has pressed said first and second lip portions of the web into the recesses, wherein pressing the second pair of endless conveyor belts into the recesses by the belt insertion device causes the first and second pairs of belts to grip the first and second lip portions of the web respectively, wherein movement of the first and second endless belts moves the gripped lip portions along the path of travel. </claim-text></claim><claim id="clm-0012" num="12"><claim-text>12. The conveyor assembly of claim 11 further comprising a drive for moving the first and second belts to transport the web along the path of travel. <!-- EPO <DP n="23"/>--> </claim-text></claim><claim id="clm-0013" num="13"><claim-text>13. The conveyor assembly of claim 11 wherein the web pre-insertion device is a roller. </claim-text></claim><claim id="clm-0014" num="14"><claim-text>14. The conveyor assembly of claim 12 wherein the first roller includes a pair of spaced apart annular projections that fit in the recesses of the first pair of endless conveyor belts. </claim-text></claim><claim id="clm-0015" num="15"><claim-text>15. The conveyor assembly of claim 14 wherein the annular projections presses the first and second lips of the web into the recesses of the pair of first endless conveyor belts. </claim-text></claim><claim id="clm-0016" num="16"><claim-text>16. The conveyor assembly of claim 11 wherein the belt insertion device is a roller. </claim-text></claim><claim id="clm-0017" num="17"><claim-text>17. The conveyor assembly of claim 11 wherein the web pre-insertion device is a first roller and the belt insertion device is a second roller. </claim-text></claim><claim id="clm-0018" num="18"><claim-text>18. The conveyor assembly of claim 17 wherein said first and second lip portions of said web are routed between the first pair of endless conveyor belts and the second pair of endless conveyor belts at a position where the first and second pairs of endless conveyor belts are spaced apart in a vertical direction, then said first and second lip portions of said web are pressed into the recesses of the first pair of endless conveyor belts by the first roller at a position where the second pair of endless conveyor belts are on or above top surfaces of the first pair of endless conveyor belts. </claim-text></claim><claim id="clm-0019" num="19"><claim-text>19. The conveyor assembly of claim 17 wherein said first and second lip portions of said web are routed between the first pair of endless conveyor belts and the second pair of endless conveyor belts at a position where the first and second pairs of endless conveyor belts are spaced apart in a vertical direction, then said first and second lip portions of said web are pressed into the recesses of the first pair of endless conveyors belt by the first roller at a position where the first and second pairs of endless conveyor belts are spaced apart in a vertical direction. </claim-text></claim><claim id="clm-0020" num="20"><claim-text>20. The conveyor assembly of claim 17 wherein the first roller and the second roller are within three inches of one another along said path of travel. <!-- EPO <DP n="24"/>--> </claim-text></claim><claim id="clm-0021" num="21"><claim-text>21. A method of gripping first and second lips of a web material and moving the web material along a path of travel comprising: </claim-text><claim-text> pre-inserting first and second lip portions of the web into recesses of a first pair of endless conveyor belts such that one lip portion is disposed in each recess; </claim-text><claim-text> pressing a second pair of endless conveyor belts into the recesses after said first and second lip portions of the web have been pre-inserted into the recesses; </claim-text><claim-text> wherein pressing the second pair of endless conveyor belts into the recesses causes the first and second pairs of belts to grip the first and second lip portions of the web respectively; </claim-text><claim-text> moving the first and second endless belts to move the gripped lip portions along the path of travel. </claim-text></claim><claim id="clm-0022" num="22"><claim-text>22. The method of claim 21 wherein said first and second lip portions of said web are routed between the first pair of endless conveyor belts and the second pair of endless conveyor belts at a position where the first and second endless conveyor belts are spaced apart in a vertical direction, then said first and second lip portions of said web are pressed into the recesses of the first pair of endless conveyor belts at a position where the second pair of endless conveyor belts are on or above top surfaces of the first pair of endless conveyor belts. </claim-text></claim><claim id="clm-0023" num="23"><claim-text>23. The method of claim 21 wherein said first and second lip portions of said web are routed between the first pair of endless conveyor belts and the second pair of endless conveyor belts at a position where the first and second pairs of endless conveyor belts are spaced apart in a vertical direction, then said first and second lip portions of said web are pressed into the recesses of the first pair of endless conveyor belts at a position where the first and second pairs of endless conveyor belts are spaced apart in a vertical direction. </claim-text></claim></claims><copyright>User acknowledges that Fairview Research LLC and its third party providers retain all right, title and interest in and to this xml under applicable copyright laws.  User acquires no ownership rights to this xml including but not limited to its format.  User hereby accepts the terms and conditions of the Licence Agreement</copyright></patent-document>
