<?xml version="1.0" encoding="UTF-8"?>
<patent-document ucid="EP-2678097-A1" country="EP" doc-number="2678097" kind="A1" date="20140101" family-id="43821801" file-reference-id="315079" date-produced="20180823" status="corrected" lang="EN"><bibliographic-data><publication-reference fvid="146551973" ucid="EP-2678097-A1"><document-id><country>EP</country><doc-number>2678097</doc-number><kind>A1</kind><date>20140101</date><lang>EN</lang></document-id></publication-reference><application-reference ucid="EP-11790996-A" is-representative="NO"><document-id mxw-id="PAPP154825896" load-source="docdb" format="epo"><country>EP</country><doc-number>11790996</doc-number><kind>A</kind><date>20111206</date><lang>EN</lang></document-id><document-id mxw-id="PAPP220438458" load-source="docdb" format="original"><country>EP</country><doc-number>11790996.0</doc-number><date>20111206</date><lang>EN</lang></document-id></application-reference><priority-claims><priority-claim mxw-id="PPC140449976" ucid="EP-11155207-A" load-source="docdb"><document-id format="epo"><country>EP</country><doc-number>11155207</doc-number><kind>A</kind><date>20110221</date></document-id></priority-claim><priority-claim mxw-id="PPC140448027" ucid="EP-11790996-A" load-source="docdb"><document-id format="epo"><country>EP</country><doc-number>11790996</doc-number><kind>A</kind><date>20111206</date></document-id></priority-claim><priority-claim mxw-id="PPC140454104" ucid="EP-2011071872-W" linkage-type="W" load-source="docdb"><document-id format="epo"><country>EP</country><doc-number>2011071872</doc-number><kind>W</kind><date>20111206</date></document-id></priority-claim></priority-claims><technical-data><classifications-ipcr><classification-ipcr mxw-id="PCL-2092280452" load-source="docdb">C05G   3/00        20060101ALI20150202BHEP        </classification-ipcr><classification-ipcr mxw-id="PCL-2092282162" load-source="docdb">C07C 273/02        20060101AFI20150202BHEP        </classification-ipcr><classification-ipcr mxw-id="PCL-2092282581" load-source="docdb">C05C   9/00        20060101ALI20150202BHEP        </classification-ipcr></classifications-ipcr><classifications-cpc><classification-cpc mxw-id="PCL-1699682483" load-source="docdb" scheme="CPC">C05G   3/0058      20130101 LI20180207BHEP        </classification-cpc><classification-cpc mxw-id="PCL-1699682484" load-source="docdb" scheme="CPC">C05C   9/005       20130101 LI20180207BHEP        </classification-cpc><classification-cpc mxw-id="PCL-1783990971" load-source="docdb" scheme="CPC">B01J   2/16        20130101 LI20170718BHEP        </classification-cpc><classification-cpc mxw-id="PCL1988097223" load-source="docdb" scheme="CPC">C07C 273/02        20130101 FI20131121BHEP        </classification-cpc></classifications-cpc><invention-title mxw-id="PT132188403" lang="DE" load-source="patent-office">WIRBELSCHICHTGRANULATION VON HARNSTOFF UND ZUGEHÖRIGE VORRICHTUNG</invention-title><invention-title mxw-id="PT132188404" lang="EN" load-source="patent-office">FLUID BED GRANULATION OF UREA AND RELATED APPARATUS</invention-title><invention-title mxw-id="PT132188405" lang="FR" load-source="patent-office">GRANULATION D'URÉE EN LIT FLUIDISÉ ET APPAREIL ASSOCIÉ</invention-title></technical-data><parties><applicants><applicant mxw-id="PPAR918158049" load-source="docdb" sequence="1" format="epo"><addressbook><last-name>UREA CASALE SA</last-name><address><country>CH</country></address></addressbook></applicant><applicant mxw-id="PPAR918167768" load-source="docdb" sequence="1" format="intermediate"><addressbook><last-name>UREA CASALE SA</last-name></addressbook></applicant><applicant mxw-id="PPAR918988674" load-source="patent-office" sequence="1" format="original"><addressbook><last-name>Urea Casale SA</last-name><iid>101261932</iid><address><street>Via Giulio Pocobelli 6</street><city>6900 Lugano-Besso</city><country>CH</country></address></addressbook></applicant></applicants><inventors><inventor mxw-id="PPAR918139233" load-source="docdb" sequence="1" format="epo"><addressbook><last-name>BEDETTI GIANFRANCO</last-name><address><country>CH</country></address></addressbook></inventor><inventor mxw-id="PPAR918155685" load-source="docdb" sequence="1" format="intermediate"><addressbook><last-name>BEDETTI, GIANFRANCO</last-name></addressbook></inventor><inventor mxw-id="PPAR918992678" load-source="patent-office" sequence="1" format="original"><addressbook><last-name>BEDETTI, GIANFRANCO</last-name><address><street>c/o Urea Casale SA Via Giulio Pocobelli, 6</street><city>CH-6900 Lugano-Besso</city><country>CH</country></address></addressbook></inventor></inventors><agents><agent mxw-id="PPAR918991697" load-source="patent-office" sequence="1" format="original"><addressbook><last-name>Zardi, Marco</last-name><iid>101259562</iid><address><street>M. Zardi &amp; Co. SA Via Pioda 6</street><city>6900 Lugano</city><country>CH</country></address></addressbook></agent></agents></parties><international-convention-data><pct-or-regional-filing-data ucid="EP-2011071872-W"><document-id><country>EP</country><doc-number>2011071872</doc-number><kind>W</kind><date>20111206</date><lang>EN</lang></document-id></pct-or-regional-filing-data><pct-or-regional-publishing-data ucid="WO-2012113473-A1"><document-id><country>WO</country><doc-number>2012113473</doc-number><kind>A1</kind><date>20120830</date><lang>EN</lang></document-id></pct-or-regional-publishing-data><designated-states><ep-contracting-states><country mxw-id="DS548871463" load-source="docdb">AL</country><country mxw-id="DS548930153" load-source="docdb">AT</country><country mxw-id="DS548871464" load-source="docdb">BE</country><country mxw-id="DS548843629" load-source="docdb">BG</country><country mxw-id="DS548941316" load-source="docdb">CH</country><country mxw-id="DS548952915" load-source="docdb">CY</country><country mxw-id="DS548930158" load-source="docdb">CZ</country><country mxw-id="DS548871465" load-source="docdb">DE</country><country mxw-id="DS548952916" load-source="docdb">DK</country><country mxw-id="DS548952917" load-source="docdb">EE</country><country mxw-id="DS548941896" load-source="docdb">ES</country><country mxw-id="DS548843634" load-source="docdb">FI</country><country mxw-id="DS548843635" load-source="docdb">FR</country><country mxw-id="DS548871466" load-source="docdb">GB</country><country mxw-id="DS548953002" load-source="docdb">GR</country><country mxw-id="DS548871467" load-source="docdb">HR</country><country mxw-id="DS548930159" load-source="docdb">HU</country><country mxw-id="DS548941317" load-source="docdb">IE</country><country mxw-id="DS548871468" load-source="docdb">IS</country><country mxw-id="DS548843636" load-source="docdb">IT</country><country mxw-id="DS548953003" load-source="docdb">LI</country><country mxw-id="DS548945731" load-source="docdb">LT</country><country mxw-id="DS548930160" load-source="docdb">LU</country><country mxw-id="DS548945732" load-source="docdb">LV</country><country mxw-id="DS548945733" load-source="docdb">MC</country><country mxw-id="DS548820078" load-source="docdb">MK</country><country mxw-id="DS548820079" load-source="docdb">MT</country><country mxw-id="DS548930161" load-source="docdb">NL</country><country mxw-id="DS548941897" load-source="docdb">NO</country><country mxw-id="DS548941322" load-source="docdb">PL</country><country mxw-id="DS548945734" load-source="docdb">PT</country><country mxw-id="DS548930166" load-source="docdb">RO</country><country mxw-id="DS548945735" load-source="docdb">RS</country><country mxw-id="DS548941323" load-source="docdb">SE</country><country mxw-id="DS548945736" load-source="docdb">SI</country><country mxw-id="DS548941898" load-source="docdb">SK</country><country mxw-id="DS548941324" load-source="docdb">SM</country><country mxw-id="DS548820080" load-source="docdb">TR</country></ep-contracting-states></designated-states></international-convention-data><office-specific-data><eptags><ep-no-a-document-published>*</ep-no-a-document-published></eptags></office-specific-data></bibliographic-data><abstract mxw-id="PA99626384" ref-ucid="WO-2012113473-A1" lang="EN" load-source="patent-office"><p num="0000">A process for preparation of a granular urea product by granulating a urea solution in a fluidized bed, where the granulation process takes place along a substantially longitudinal growth path, from a granulation starting end (1<sub>S</sub>) to a product discharge end (1<sub>E</sub>) of said fluidized bed, and said urea solution enters the fluidized bed by means of several urea inputs (2<sub>A</sub>, 2<sub>B</sub>, 2<sub>C</sub>) taken from a main urea feed (2), where an additive (6) is mixed with said urea solution said additive has a non-uniform concentration in said urea inputs, so that at least two of said urea inputs have a different concentration of additive.</p></abstract><abstract mxw-id="PA99824903" ref-ucid="WO-2012113473-A1" lang="EN" source="national office" load-source="docdb"><p>A process for preparation of a granular urea product by granulating a urea solution in a fluidized bed, where the granulation process takes place along a substantially longitudinal growth path, from a granulation starting end (1S) to a product discharge end (1E) of said fluidized bed, and said urea solution enters the fluidized bed by means of several urea inputs (2A, 2B, 2C) taken from a main urea feed (2), where an additive (6) is mixed with said urea solution said additive has a non-uniform concentration in said urea inputs, so that at least two of said urea inputs have a different concentration of additive.</p></abstract><abstract mxw-id="PA99626385" ref-ucid="WO-2012113473-A1" lang="FR" load-source="patent-office"><p num="0000">L'invention concerne un procédé de préparation d'un produit granulaire d'urée par granulation d'une solution d'urée en lit fluidisé. Le procédé de granulation est mis en œuvre le long d'un trajet de croissance sensiblement longitudinal allant d'une extrémité de départ de granulation (1<sub>S</sub>) à une extrémité de décharge de produit (1<sub>E</sub>) du lit fluidisé, et la solution d'urée entre dans le lit fluidisé au moyen de plusieurs entrées d'urée (2<sub>A</sub>, 2<sub>B</sub>, 2<sub>C</sub>) provenant d'une alimentation principale en urée (2), un additif (6) étant mélangé à la solution d'urée qui présente une concentration non uniforme dans les entrées d'urée, de telle sorte qu'au moins deux des entrées d'urée présentent une concentration d'additif différente.</p></abstract><abstract mxw-id="PA99824904" ref-ucid="WO-2012113473-A1" lang="FR" source="national office" load-source="docdb"><p>L'invention concerne un procédé de préparation d'un produit granulaire d'urée par granulation d'une solution d'urée en lit fluidisé. Le procédé de granulation est mis en oeuvre le long d'un trajet de croissance sensiblement longitudinal allant d'une extrémité de départ de granulation (1S) à une extrémité de décharge de produit (1E) du lit fluidisé, et la solution d'urée entre dans le lit fluidisé au moyen de plusieurs entrées d'urée (2A, 2B, 2C) provenant d'une alimentation principale en urée (2), un additif (6) étant mélangé à la solution d'urée qui présente une concentration non uniforme dans les entrées d'urée, de telle sorte qu'au moins deux des entrées d'urée présentent une concentration d'additif différente.</p></abstract><description mxw-id="PDES50931593" ref-ucid="WO-2012113473-A1" lang="EN" load-source="patent-office"><!-- EPO <DP n="2"/>--><p id="p0001" num="0001"> Fluid bed granulation of urea and related apparatus </p><p id="p0002" num="0002">DESCRIPTION </p><p id="p0003" num="0003">Field of the invention </p><p id="p0004" num="0004"> The present invention relates to a process and apparatus for fluid-bed granulation of urea. </p><p id="p0005" num="0005">Prior Art </p><p id="p0006" num="0006">Urea granulation process in a fluidized bed is known. The process involves that fine droplets of a urea solution with a high concentration, usually 96% or greater, are sprayed onto particles of a fluidized bed. The urea solution is also called the growth liquid of the fluidized bed. Small solid particles (typically less than 2 mm diameter) of the same or another substance, called seeds, are also fed to the fluid bed, to promote the granulation working as starting points for the progressive deposition of the growth liquid. The bed is then formed by the seeds and the growing granules of urea. Fluidization is usually achieved with air. </p><p id="p0007" num="0007">In a conventional process, the granules delivered by the fluid bed are screened and oversize and undersize granules are utilized as seed material, e.g. the undersize granules are directed back to the fluid bed and the oversize granules are crushed to produce further seed material. Further to the above, it is known in the art to add a suitable additive to the urea solution prior to feed said solution to the fluidized bed. A common additive is formaldehyde which is added as granulation additive, to reduce dust formation, stabilize the urea granules and improve storage properties. The demand of formaldehyde is usually about 0.4 - 0.5 %wt (percentage in weight) of total urea. 
<!-- EPO <DP n="3"/>-->
 US-A-5653781 discloses a process for the production of urea granules from a melt or solution of urea by spraying the urea melt or solution, which also contains an additive, and where the undersize fraction of granules together with crushed oversize granules serve as seeds (or nuclei) to the granulation process. </p><p id="p0008" num="0008">A drawback of this technique is that it the amount of additive in the fluidized bed and then the additive content of the final product cannot be determined accurately. In fact, the full amount of additive is introduced in the fresh urea solution prior to entering the fluidized bed, which means that the concentration of additive in the sprayed liquid is substantially the same along the entire bed. Moreover, some of the additive returns into the fluidized bed with the seed material formed by the undersize granules and crushed oversize granules. Turning to the specific example of formaldehyde as additive, the need of a certain concentration of formaldehyde in the outer layer of the granules has determined in the prior art the adoption of the above cited amount of 0.4 - 0.5 %wt which is relatively high and generates some concerns for agricultural use. </p><p id="p0009" num="0009">EP 2 077 147 discloses a process where a portion of the growth liquid is used to produce directly the seed material and solves the problem of additive entrained by screened granules. Summary of the invention </p><p id="p0010" num="0010">The problem faced by the present invention is to provide a more effective addition of additive(s) to fluid-bed granulation of urea. Said problem is solved with a process for preparation of a granular urea product by granulating a urea solution in a fluidized bed, where the granulation process takes place along a substantially longitudinal growth path, from a granulation starting end to a product discharge end of said fluidized bed, and said urea solution enters the fluidized bed by means of several urea inputs taken from a main urea feed, the urea inputs being distributed along said longitudinal path, from a first urea input 
<!-- EPO <DP n="4"/>-->
 which is the closest to said granulation starting end, to a last urea input which is the closest to said product discharge end, and where an additive is mixed with said urea solution, the process being characterized in that the concentration of said additive in the urea inputs is non-uniform, so that at least two of said urea inputs have a different concentration of said additive. </p><p id="p0011" num="0011">According to an embodiment of the invention, the full amount of said additive, or at least a portion of said additive, is mixed with the main feed of the urea solution downstream of the first urea input. According to another embodiment, the full amount of said additive is mixed with the first urea input. The additive may be divided into a plurality of additive streams. According to some embodiments, each additive stream is mixed directly with a respective urea input. The additive streams may have the same flow rate, or some or all additive streams may have a specific flow rate different from other additive stream(s). The main feed of urea solution may be practically formed by one flow line or more flow lines in parallel. Said input flows preferably correspond to feeding sections of the fluidized bed. Each feeding section may receive one or more urea input flows, said urea inputs being directed for example to spraying or atomizing systems or nozzles. For example, according to some embodiments, each feeding section has a spraying nozzle or a plurality of spraying nozzles. </p><p id="p0012" num="0012">The additive can be mixed with the urea solution in a concentrated or distributed manner, according to several methods of carrying out the invention. </p><p id="p0013" num="0013">In a first embodiment, concentrated (or localized) addition is carried out by mixing the full amount of additive with the main urea feed, in a selected injection point downstream the first urea input. This means that the additive will enter the fluidized bed together with urea solution sprayed downstream the injection point, while the first urea input has no additive. According to another embodiment, the full amount of the additive is concentrated directly into one of 
<!-- EPO <DP n="5"/>-->
 the urea inputs, preferably the last urea input, and no additive is present in the other inputs. In all the above cases, a non-uniform concentration of additive is obtained in the inputs of urea. </p><p id="p0014" num="0014">According to further embodiments, the available amount of said additive is also divided in a plurality of additive streams, and each additive stream is strategically directed to a section of the fluidized bed, by mixing the additive with the main urea feed in a selected injection point, or more preferably by mixing the additive directly with urea inputs. For example, each additive stream can be mixed with a respective urea input. These last embodiments provide the best accuracy in determining the concentration of additive in the fluidized bed. The flow rate of additive streams may be the same or, even more preferably, each additive stream may have a specific flow rate thus giving a further degree of freedom in determining the concentration of additive in each urea input and consequently in the fluidized bed. The additives are preferably in a liquid form such as aqueous solution. A preferred additive is formaldehyde, which can be added with urea-formaldehyde solution, also known as "ureaform" or "formurea". </p><p id="p0015" num="0015">The invention may involve the addition of one additive or more additives. In embodiments with two or more additives, each additive can be introduced according to concentrated-mixing or distributed-mixing embodiments as above disclosed. Further additives may be purposively added to different stages of the granulation process, in order to produce granules comprising layers having a different composition. An additive can be mixed with the urea solution near the product discharge end of the fluidized bed, namely where the granules are almost completely formed, to produce granules with a coating specifically comprising said additive. Or an additive can be mixed with the first urea input to have a maximum concentration of the additive in the core of the granules. </p><p id="p0016" num="0016">For example, sulphur (S) is added near the product discharge end of the 
<!-- EPO <DP n="6"/>-->
 fluidized bed to produce sulphur coated granules of urea for fertilization. </p><p id="p0017" num="0017">The process is preferably a once-through process where all the seeds of the granulation process are generated by converting a selected amount of fresh urea solution into solid urea granules or pastilles and no seed material is obtained by recycling granules after screening. Said amount of fresh urea solution is preferably a minor portion of the total urea solution. Eventually, the fresh urea solution directed to seeds or nuclei formation may receive additive(s) where appropriate. A once-through process has the further advantage that the concentration of additives in the final product is not influenced by the recycle of granulated product for use as seed material. </p><p id="p0018" num="0018">The seeds formed by solidification of urea solution can be in the form of small spherical granules or prills or pastilles, according to various embodiments of the invention. For example the seeds or nuclei are produced by depositing liquid drops on a cooled conveyor belt, obtaining solid pastilles with a suitable diameter; in another embodiment the seeds or nuclei are produced in a small vertical prilling tower. </p><p id="p0019" num="0019">In a further application the process of the invention is applied to standard urea prills previously formed e.g. in a prilling tower, for example urea prills generated in an industrial-size prilling tower; in another application the process of the invention is applied to granules of urea. </p><p id="p0020" num="0020">A vortex condition is preferably established in the fluid bed, by means of appropriate feeding of a fluidizing medium, usually air. The vortex condition of the fluid bed can be realized with a transversal vortex or a double transversal vortex arrangement, meaning that the vortex has an axis substantially parallel to a main flow direction of the fluid bed. Details of a preferred vortex condition are described in WO 02/083320. </p><p id="p0021" num="0021">The main advantage of the invention is the ability to control the addition of the additive or, as the case may be, of more additives, in a more accurate way than 
<!-- EPO <DP n="7"/>-->
 prior art techniques. An additive can be injected strategically in a selected point or more selected points along the growth path of the fluidized bed, meaning that different stages of the granulation process can be carried out with different and controlled concentration of a certain additive; different additives can be added in different location to obtain desired structure or features of the final product. For example a desired concentration of an additive can be achieved in the zones of the fluidized bed where granulation starts around the nuclei, or a desired concentration of the same or another additive can be achieved near the outlet of the fluidized bed to produce a desired coating layer of the granules. For example, an advantage of the invention is the ability to concentrate an additive in the external layer of the granules, which allows to produce coated granules using a lower quantity of said additive, compared to the prior art where the additive is mixed with the urea melt prior to entering the bed. </p><p id="p0022" num="0022">As regards the addition of formaldehyde, it has been noted that the invention gives a good stabilization and storage properties with 0.2 %wt or less formaldehyde. This is a significant advantage over the prior art since the cost of ureaform is relevant and the content of formaldehyde in granules of urea for agricultural use is an environmental concern. </p><p id="p0023" num="0023">Further to this, the invention gives ample freedom to change the composition of the granules. In particular, the invention may produce granules virtually with any composition of additives, thanks to the precise dosing of concentration of additives in the fresh urea solution, at different stages of the growth process. </p><p id="p0024" num="0024">A granulated urea product obtainable with the inventive process has for example a core portion and at least two layers containing an additive, a first inner layer having a content of said additive, and a second outer layer having a different content of the same additive. Said additive can be formurea, i.e. the invention allows obtaining granules with a non-uniform distribution of formurea, for example with more formurea in the outer part and less formurea in the inner part closer to the seed (or core) portion. Eventually, the granules have further 
<!-- EPO <DP n="8"/>-->
 layers with further additives. </p><p id="p0025" num="0025">A further aspect of the invention is an apparatus adapted to carry out the above process. The apparatus comprises a granulator and means for feeding the urea solution, including a main urea feed and urea input flow lines corresponding to the above urea inputs, and feeding means of said additive which are arranged to provide a non uniform concentration of the additive in the urea inputs. </p><p id="p0026" num="0026">In some embodiments, the additive feeding means comprising an additive line for injecting the full amount of said additive, or at least a portion of said additive, into the main feed of the urea solution downstream of the first urea input line, or for injecting the full amount of additive into a selected one urea input. In other embodiments, the additive feeding means comprising additive lines for mixing the additive directly with respective urea input lines taken from the main urea feed and directed to respective spraying means of the granulator. </p><p id="p0027" num="0027">Further characteristics and the advantages of the invention will be better elucidated with the help of the following description of illustrative and non limiting embodiments. </p><p id="p0028" num="0028">Description of the drawings </p><p id="p0029" num="0029">Fig. 1 is a scheme of a first embodiment of the process with concentrated addition of one additive to the urea solution. Fig. 2 is a scheme of a second embodiment of the process with distributed addition the additive. </p><p id="p0030" num="0030">Fig. 3 is a scheme of a third embodiment of the process with addition of two different additives. </p><p id="p0031" num="0031">Fig. 4 is a scheme of a granule of urea obtainable with the invention. Fig. 5 is a perspective and simplified view of a granulator that can be used to 
<!-- EPO <DP n="9"/>-->
 carry out the invention. </p><p id="p0032" num="0032">Fig. 6 is a longitudinal section of the granulator of Fig. 5. </p><p id="p0033" num="0033">Figs. 7 is cross sectional views of the granulator according to a single-vortex embodiment. Figs. 8 is a cross sectional views of the granulator according to a double-vortex embodiment. </p><p id="p0034" num="0034">Fig. 9 is a section of a multi-layered granule obtainable with the invention. Detailed description of preferred embodiments </p><p id="p0035" num="0035"> Referring to Fig. 1 , the block 1 designates a fluidized-bed granulator which receives a main feed 2 of urea solution and a fluidizing medium 3, usually air. Line 4 indicates for example an input of solid seeds or nuclei which serve as starting points for the granulation process. </p><p id="p0036" num="0036">In use, a fluidized-bed is established inside said granulator 1 . The granulation process takes place along a substantially longitudinal growth path, from a granulation starting end 1 <sub>s</sub> to a product discharge end 1 <sub>E</sub> of the granulator 1. The granulator 1 delivers a flow 5 of granulated urea. </p><p id="p0037" num="0037">The urea solution enters the granulator 1 by means of several urea inputs such as inputs 2<sub>A</sub>, 2<sub>B</sub> and 2<sub>C</sub> taken from a main urea feed 2. The urea inputs are distributed along said longitudinal path, from the first urea input 2<sub>A</sub> which is the closest to the granulation starting end 1 s, to a last urea input 2<sub>C</sub> which is closest to the product discharge end 1 <sub>E</sub>. In the example, each urea input 2<sub>A</sub> to 2<sub>C</sub> is directed to a respective spraying nozzle 8<sub>A</sub> - 8<sub>C</sub>. Reference 8<sub>A</sub> to 8<sub>C</sub> may denote spraying nozzles or respective arrays of spray nozzles. </p><p id="p0038" num="0038">Line 6 indicates a feed of an additive to be mixed the urea solution. In the embodiment of Fig. 1 , the full amount of additive is mixed with the main feed 2 of urea, at an injection point downstream the first input 2<sub>A</sub>, i.e. downstream the 
<!-- EPO <DP n="10"/>-->
 first spraying nozzle 8<sub>A</sub>. Hence, a non-uniform concentration of additive in the urea inputs is obtained, since the additive is mixed with the solution of inputs 2<sub>B</sub> and 2c while absent in the first input 2<sub>A</sub>. Consequently, the additive is found in zones II and III of the fluidized bed, which means that a first granulation stage is carried out in the zone I substantially in absence of the additive of line 6. </p><p id="p0039" num="0039">It can be understood that granules of urea in this case will have substantially no additive in a core portion formed in the first zone I, and a substantially constant concentration of additive in an outer portion formed during the passage through zones II and III. A variant of this embodiment provides that the amount of additive in flow line 6 is split into two or more parts and said parts are injected at selected points of the main urea feed 2, e.g. a first amount of additive is injected downstream the first input 2<sub>A</sub> and a second amount of additive is injected downstream the second input 2<sub>B</sub>. Hence a different amount of additive in the inputs 2<sub>B</sub>, 2<sub>C</sub> can be obtained. </p><p id="p0040" num="0040">Fig. 2 discloses another embodiment where the additive flow line 6 is divided into several flow lines 6<sub>A</sub>, 6<sub>B</sub>, 6<sub>C</sub>, and each additive flow line is mixed directly with a respective urea input 2<sub>A</sub>, 2<sub>B</sub> and 2<sub>C</sub>. In this embodiment, no additive is mixed with the main feed 2 and concentration of the additive in the urea inputs 2<sub>A</sub>, 2<sub>B</sub> and 2<sub>C</sub> can be precisely controlled. To this purpose, the flow rate of each additive line 6<sub>A</sub> to 6<sub>C</sub> can be controlled by suitable (not shown) valves. As a consequence, also the concentration of additive in the zones I, II and III is independent and can be controlled with accuracy. A non-uniform concentration is obtained for example with a peak of concentration of the additive in any of inputs 2<sub>A</sub>, 2<sub>B</sub> or 2<sub>C</sub> and corresponding zones I, II or III. </p><p id="p0041" num="0041">Fig. 3 discloses an embodiment with two additive flow lines 6 and 7, where the first line 6 carries a first additive, and the second line 7 carries a second additive. In the example, the first additive of line 6 is added to the main urea 
<!-- EPO <DP n="11"/>-->
 feed 2 downstream of the first input 2<sub>A</sub> which means that some of said first additive is contained in the urea inputs 2<sub>B</sub> and 2<sub>C</sub> and zones II and III; the second additive of line 7 is added to the main urea feed 2 downstream of the second urea feed stream 2<sub>B</sub>, which means that the second additive, together with the first additive, is introduced with urea input 2<sub>C</sub> into the zone III of the fluidized bed. </p><p id="p0042" num="0042">In some embodiments, the concentration of additive from the first input to the last input may be varied according to a monotonic law, e.g. having a minimum (or maximum) concentration in first input 2<sub>A</sub>, intermediate concentration in input 2<sub>B</sub> and maximum (minimum) concentration of additive in input 2<sub>C</sub>. </p><p id="p0043" num="0043">Fig. 4 is another embodiment where the full amount of additive in flow line 6 enters the granulator 1 mixed with one urea input, namely the last urea input 2<sub>C</sub>. In this case a non-uniform input is obtained because no additive is found in previous inputs 2<sub>A</sub> and 2<sub>B</sub>. This means that the additive will be concentrated in the outer layer portion of granules formed in zone III, while substantially absent in the core formed in portions I and II. </p><p id="p0044" num="0044">It shall be noted that any of the above embodiments can be combined or mixed. For example a portion of an additive can be mixed with the main urea feed, as seen for example in Fig. 1 , and (an)other portion(s) can be mixed with any of the secondary flows of urea taken from the main feed and directed to the various feeding sections. </p><p id="p0045" num="0045">It shall be noted that the figures are for indicative purpose. The main urea feed 2 is schematic and the urea solution may be introduced for example with two main feeding lines at right and left sides of the granulator 1 , or more. In multiple-additive embodiments, each additive may be fed according to any of the embodiments of the invention, e.g. in a concentrated way as seen in Figs. 1 and 3, or in a distributed way as in Fig. 2. For example a first additive can be introduced with the distributed embodiment of Fig. 2, and a second additive can 
<!-- EPO <DP n="12"/>-->
 be introduced with a concentrated embodiment such as additive 7 in Fig. 3. Introducing an additive close to the product discharge end 1 <sub>E</sub> has the advantage that a coating layer comprising said second additive is formed in the last stages of the granulation process. A feature of the invention is the ability to produce layered granules which cannot be obtained with a conventional process. For example, Fig. 7 shows a granule of urea that can be formed by the process of Fig. 3. The granule comprises a core 60 formed by the nucleus or seed; a first layer 61 formed in the zone I where substantially no additive is present; a second layer 62 formed in the zone II comprising an amount of additive from line 6, namely the amount introduced via line 2<sub>B</sub>; a third coating layer 63 formed in the zone III and comprising the second additive of line 7 introduced via line 2<sub>C</sub>. </p><p id="p0046" num="0046">In a preferred embodiment the additive of line 6 is a solution of urea containing formaldehyde (ureaform). For example this solution is about 60% formaldehyde, 20% urea and 20% water. A line 7 arranged as in Fig. 3 may add sulphur to produce sulphur-coated granular urea. Referring again to Fig. 9, it can be seen that layers 61 , 62 and 63 may also have a different concentration of formurea. </p><p id="p0047" num="0047">The seeds of the granulation process are produced preferably by solidification of an amount of a fresh urea solution, preferably having the same composition of the urea solution of charge 2 but eventually including an additive. Said seeds or nuclei are produced in a suitable device, not shown. The seeds are e.g. spheres having a diameter of about 0.5 mm. Embodiments of said device for seed generation include, for example, a cooled belt fed with a rotary former, or a compact prilling tower. According to another embodiment of the invention, the flow line 4 carries standard urea prills produced in a prilling tower. Standard urea prills are larger than seeds and have generally a size (diameter) of about 1 .5 to 2.5 mm. The flow 4 may also carry granules having a size larger than prills and generally a 
<!-- EPO <DP n="13"/>-->
 size (diameter) greater 2.5 mm. </p><p id="p0048" num="0048">The granulator 1 and the arrangement of the fluidized bed are now described with reference to a preferred embodiment of Figs. 5 to 8. The fluid bed granulator 1 comprises a horizontal container 102 with a gas-permeable bottom part 103, for example made of a perforated element, two side walls 104, 105; a head wall 106 and a discharge wall 107. </p><p id="p0049" num="0049">The discharge wall 107 has a top opening 108 for discharging the granulated product and fixing the maximum height of the fluid bed. Other appropriate discharge means may be used such as for example an automatic valve operated by the fluid bed level. </p><p id="p0050" num="0050">A feeder 109 is installed at the upper side of the head wall 106, receiving the seeds o nuclei 4 and providing uniform distribution of the seeds along the head wall 106. A blowing system (not shown) is installed below the container 102, producing an air flow A to maintain the fluid-bed state of particulate material, comprising seeds and granules, inside the container 102, as well as a continuous vortex having a substantially horizontal axis. To this purpose, bottom part 103 of the container is perforated and is preferably provided with suitable conventional means for obtaining a non-homogeneous distribution of the air flow. This may happen for example by fractioning said flow A in fractions having different rates or by varying the entry direction of the air flow in the fluid bed. In addition, the seeds can be preheated by the air flow A. </p><p id="p0051" num="0051">The continuous discharge through opening 108 is counterbalanced by the continuous feeding of seeds S1 and determines a longitudinal main flow or fluid vein of the fluid bed, from head wall 106 towards the opposite wall 107. The free surface P is slightly inclined in the direction of the flowing bed as illustrated. It can be appreciated that the growth process takes place in a growth path from left to right of the figure, i.e. from the region near the head wall 106 to the region near the end wall 107. 
<!-- EPO <DP n="14"/>-->
 The urea solution (growth liquid) is atomized and mixed with air and is introduced in container 2 via a side distributor 1 10, slightly below the free surface P of the fluid bed. Said distributor 1 10 extends along the whole length of container 102, providing a continuous and distributed supply of the atomized urea solution, corresponding to the feeding line 2 as schematized in Figs. 1 to 3. The additives are suitably added via dedicated feeding lines in one or more injection points to the distributor 1 10. </p><p id="p0052" num="0052">A continuous vortex V is preferably formed and maintained in the fluid bed as depicted in the cross section of Fig. 7. Said vortex V is transversal, i.e. with axis substantially parallel to the length of the container 102 and, hence, to the direction of the main flow (fluid vein) through the fluid bed. In a further embodiment, a double vortex V-i , V<sub>2</sub> is generated by spraying the urea solution with distributors 1 10a, 1 10b on both sides of the container 102 as shown in Fig. 8. In use, the level of the fluid bed is determined by the discharge through opening 108 or an automatic discharge valve, following the main flow from head wall 106 towards the opposite wall 107. The fluid-bed particles (granules or seeds) located in the upper layer of the fluid bed are hit and wetted many times with the particles of atomized growth liquid of flow L, with solidification of the substance and partial evaporation of the solvent that may be inside said growth liquid. As a consequence, temperature of the granules is increased in the relative (upper) zone of the fluid bed. </p><p id="p0053" num="0053">The "wetted" granules are pushed towards the opposite wall 104 and deflect naturally towards the bottom 103 of the container 102, under the action of vortex V. In the course towards bottom 103, the granules leave the upper hot layer of the fluid bed crossing progressively colder layers. During this course the growth liquid is solidified and consolidated on the surface of the granules. This step is completed during the course of the granules, towards the wall 105; then the granules deflect near the wall 105 and again towards the upper hot layer of 
<!-- EPO <DP n="15"/>-->
 the fluid bed. The course described above is substantially repeated and the steps of wetting, solidification and evaporation are repeated with progressive mass and volume increase, during the path from wall 106 to wall 107 induced by the fluid vein. Wetting zones are denoted with Zi (Figs. 7, 8) and solidification zones are denoted with Z<sub>2</sub>. 
</p></description><claims mxw-id="PCLM44727551" ref-ucid="WO-2012113473-A1" lang="EN" load-source="patent-office"><claim-statement><!-- EPO <DP n="16"/>-->CLAIMS </claim-statement><claim id="clm-0001" num="1"><claim-text>1 . A process for preparation of a granular urea product by granulating a urea solution in a fluidized bed, where the granulation process takes place along a substantially longitudinal growth path, from a granulation starting end (1 <sub>S</sub>) to a product discharge end (1 <sub>E</sub>) of said fluidized bed, and said urea solution enters the fluidized bed by means of several urea inputs (2<sub>A</sub>, 2<sub>B</sub>, 2<sub>C</sub>) taken from a main urea feed (2), the urea inputs being are distributed along said longitudinal path, from a first urea input which is the closest to said granulation starting end, to a last urea input which is the closest to said product discharge end, and where an additive (6) is mixed with said urea solution, the process being characterized in that the concentration of said additive in said urea inputs is non-uniform, so that at least two of said urea inputs have a different concentration of said additive. </claim-text></claim><claim id="clm-0002" num="2"><claim-text>2. A process according to claim 1 , characterized in that the full amount of said additive (6), or at least a portion of said additive, is mixed with the main feed (2) of the urea solution downstream of the first urea input (2A). </claim-text></claim><claim id="clm-0003" num="3"><claim-text>3. A process according to claim 1 , characterized in that the full amount of said additive is mixed directly with one of the urea inputs. </claim-text></claim><claim id="clm-0004" num="4"><claim-text>4. A process according to claim 3, characterized in that the full amount of said additive is mixed directly with the last urea input (2c). </claim-text></claim><claim id="clm-0005" num="5"><claim-text>5. A process according to claim 1 , characterized in that the additive is divided into a plurality of additive streams (6<sub>A</sub> - 6c), and each additive stream is mixed directly with a respective urea input (2<sub>A</sub> - 2<sub>C</sub>). </claim-text></claim><claim id="clm-0006" num="6"><claim-text>6. A process according to claim 5, said additive streams (6<sub>A</sub> - 6c) having the same flow rate, or some or all additive streams having a specific flow rate different from other additive stream (s). <!-- EPO <DP n="17"/>--> </claim-text></claim><claim id="clm-0007" num="7"><claim-text>7. A process according to any of the preceding claims, where more than one additive (6, 7) is added to the urea solution, each additive having a dedicated flow line. </claim-text></claim><claim id="clm-0008" num="8"><claim-text>8. A process according to claim 6, where at least two additives (6, 7) are mixed with urea solution and mixed with the same or different urea input or urea inputs (2A - 2c). </claim-text></claim><claim id="clm-0009" num="9"><claim-text>9. A process according to any of the preceding claims, said additive (6) or one of the additives being formaldehyde or a solution containing formaldehyde. </claim-text></claim><claim id="clm-0010" num="10"><claim-text>10. A process according to any of the preceding claims, the process being a once-through process where all the seeds (4) of the granulation process are generated by converting an amount of fresh urea solution, optionally with an additive or additives, into solid urea granules or pastilles. </claim-text></claim><claim id="clm-0011" num="11"><claim-text>1 1 . An apparatus for fluidized-bed granulation of a urea solution (2), comprising: </claim-text><claim-text>- a granulator (1 ) having a main longitudinal direction from a feed end (1 <sub>S</sub>) where granulation is started to a product discharge end (1 <sub>E</sub>) where urea granular product (5) is discharged by the granulator, </claim-text><claim-text>- a feeding means of the urea solution, comprising at least a main feed line (2) and several urea input lines (2<sub>A</sub>, 2<sub>B</sub>, 2<sub>C</sub>) taken from said main feed line, and distributed along said longitudinal direction, from a first urea input which is the closest to said feed end, to a last urea input which is the closest to said product discharge end, </claim-text><claim-text>- the apparatus further comprising feeding means of an additive (6). characterized in that said feeding means of said additive are arranged to provide a non uniform concentration of the additive in the urea input flows. <!-- EPO <DP n="18"/>--> </claim-text></claim><claim id="clm-0012" num="12"><claim-text>12. An apparatus according to claim 1 1 , the additive feeding means comprising an additive line for injecting the full amount of said additive (6), or at least a portion of said additive, into the main feed (2) of the urea solution downstream of the first urea input line (2A), or for injecting the full amount of additive into a selected one urea input. </claim-text></claim><claim id="clm-0013" num="13"><claim-text>13. An apparatus according to claim 1 1 , the additive feeding means comprising additive lines for mixing the additive directly with respective urea input lines taken from the main urea feed and directed to respective spraying means of the granulator. </claim-text></claim><claim id="clm-0014" num="14"><claim-text>14. A granulated urea product obtainable with a process according to any of claims 1 to 10, the granules of said product comprising a core portion (60) and at least two layers containing an additive, a first inner layer (61 ) having a content of an additive, and a second outer layer (62) having a different content of the same additive. </claim-text></claim></claims><copyright>User acknowledges that Fairview Research LLC and its third party providers retain all right, title and interest in and to this xml under applicable copyright laws.  User acquires no ownership rights to this xml including but not limited to its format.  User hereby accepts the terms and conditions of the Licence Agreement</copyright></patent-document>
