<?xml version="1.0" encoding="UTF-8"?>
<patent-document ucid="EP-2678204-A1" country="EP" doc-number="2678204" kind="A1" date="20140101" family-id="45992811" file-reference-id="306795" date-produced="20180826" status="corrected" lang="EN"><bibliographic-data><publication-reference fvid="146551344" ucid="EP-2678204-A1"><document-id><country>EP</country><doc-number>2678204</doc-number><kind>A1</kind><date>20140101</date><lang>EN</lang></document-id></publication-reference><application-reference ucid="EP-12715742-A" is-representative="NO"><document-id mxw-id="PAPP154825267" load-source="docdb" format="epo"><country>EP</country><doc-number>12715742</doc-number><kind>A</kind><date>20120221</date><lang>EN</lang></document-id><document-id mxw-id="PAPP199048032" load-source="docdb" format="original"><country>EP</country><doc-number>12715742.8</doc-number><date>20120221</date><lang>EN</lang></document-id></application-reference><priority-claims><priority-claim mxw-id="PPC140448393" ucid="SE-1150149-A" load-source="docdb"><document-id format="epo"><country>SE</country><doc-number>1150149</doc-number><kind>A</kind><date>20110223</date></document-id></priority-claim><priority-claim mxw-id="PPC140453767" ucid="SE-2012050186-W" linkage-type="W" load-source="docdb"><document-id format="epo"><country>SE</country><doc-number>2012050186</doc-number><kind>W</kind><date>20120221</date></document-id></priority-claim></priority-claims><technical-data><classifications-ipcr><classification-ipcr mxw-id="PCL1988097209" load-source="docdb">B60W  10/04        20060101ALI20120910BHEP        </classification-ipcr><classification-ipcr mxw-id="PCL1988107642" load-source="docdb">B60W  50/00        20060101ALI20120910BHEP        </classification-ipcr><classification-ipcr mxw-id="PCL1988114795" load-source="docdb">F02D  45/00        20060101ALI20120910BHEP        </classification-ipcr><classification-ipcr mxw-id="PCL1988128281" load-source="docdb">B60W  30/20        20060101AFI20120910BHEP        </classification-ipcr></classifications-ipcr><classifications-cpc><classification-cpc mxw-id="PCL-2094105941" load-source="docdb" scheme="CPC">B60W2050/0039      20130101 LA20150205BHEP        </classification-cpc><classification-cpc mxw-id="PCL-2094106765" load-source="docdb" scheme="CPC">B60W2050/0056      20130101 LA20150205BHEP        </classification-cpc><classification-cpc mxw-id="PCL-2094107529" load-source="docdb" scheme="CPC">B60W2050/0057      20130101 LA20150205BHEP        </classification-cpc><classification-cpc mxw-id="PCL-2094108655" load-source="docdb" scheme="CPC">B60W2510/0638      20130101 LA20150205BHEP        </classification-cpc><classification-cpc mxw-id="PCL-2094113346" load-source="docdb" scheme="CPC">F02D2250/18        20130101 LA20150205BHEP        </classification-cpc><classification-cpc mxw-id="PCL-2094113648" load-source="docdb" scheme="CPC">B60W  10/04        20130101 LA20150205BHEP        </classification-cpc><classification-cpc mxw-id="PCL-2094114182" load-source="docdb" scheme="CPC">F02D  41/1498      20130101 LI20150205BHEP        </classification-cpc><classification-cpc mxw-id="PCL-2094115991" load-source="docdb" scheme="CPC">B60W2710/0666      20130101 LA20150205BHEP        </classification-cpc><classification-cpc mxw-id="PCL-2094116180" load-source="docdb" scheme="CPC">F02D2200/101       20130101 LA20150205BHEP        </classification-cpc><classification-cpc mxw-id="PCL-2094116422" load-source="docdb" scheme="CPC">F02D2200/1012      20130101 LA20150205BHEP        </classification-cpc><classification-cpc mxw-id="PCL-2094117904" load-source="docdb" scheme="CPC">B60W  50/0098      20130101 LI20150205BHEP        </classification-cpc><classification-cpc mxw-id="PCL-2094118243" load-source="docdb" scheme="CPC">F02D2250/28        20130101 LA20150205BHEP        </classification-cpc><classification-cpc mxw-id="PCL1988129943" load-source="docdb" scheme="CPC">B60W  30/20        20130101 FI20131206BHEP        </classification-cpc></classifications-cpc><invention-title mxw-id="PT132186516" lang="DE" load-source="patent-office">DÄMPFUNG DER SCHWINGUNGEN EINES ANTRIEBSSTRANGS</invention-title><invention-title mxw-id="PT132186517" lang="EN" load-source="patent-office">DAMPING OF POWER TRAIN OSCILLATIONS</invention-title><invention-title mxw-id="PT132186518" lang="FR" load-source="patent-office">AMORTISSEMENT DES OSCILLATIONS DE CHAÎNE CINÉMATIQUE</invention-title><citations><non-patent-citations><nplcit><text>See references of WO 2012115580A1</text><sources><source mxw-id="PNPL67451957" load-source="docdb" name="SEA"/></sources></nplcit></non-patent-citations></citations></technical-data><parties><applicants><applicant mxw-id="PPAR918171005" load-source="docdb" sequence="1" format="epo"><addressbook><last-name>SCANIA CV AB</last-name><address><country>SE</country></address></addressbook></applicant><applicant mxw-id="PPAR918163011" load-source="docdb" sequence="1" format="intermediate"><addressbook><last-name>SCANIA CV AB</last-name></addressbook></applicant><applicant mxw-id="PPAR918982731" load-source="patent-office" sequence="1" format="original"><addressbook><last-name>Scania CV AB</last-name><iid>100923239</iid><address><city>151 87 Södertälje</city><country>SE</country></address></addressbook></applicant></applicants><inventors><inventor mxw-id="PPAR918168972" load-source="docdb" sequence="1" format="epo"><addressbook><last-name>LEREDE NICLAS</last-name><address><country>SE</country></address></addressbook></inventor><inventor mxw-id="PPAR918160365" load-source="docdb" sequence="1" format="intermediate"><addressbook><last-name>LEREDE, Niclas</last-name></addressbook></inventor><inventor mxw-id="PPAR918991616" load-source="patent-office" sequence="1" format="original"><addressbook><last-name>LEREDE, Niclas</last-name><address><street>Barrtorpsvägen 2</street><city>S-151 48 Södertälje</city><country>SE</country></address></addressbook></inventor><inventor mxw-id="PPAR918142423" load-source="docdb" sequence="2" format="epo"><addressbook><last-name>FLEMMER HENRIK</last-name><address><country>SE</country></address></addressbook></inventor><inventor mxw-id="PPAR918146663" load-source="docdb" sequence="2" format="intermediate"><addressbook><last-name>FLEMMER, Henrik</last-name></addressbook></inventor><inventor mxw-id="PPAR918988175" load-source="patent-office" sequence="2" format="original"><addressbook><last-name>FLEMMER, Henrik</last-name><address><street>Slättgårdsvägen 5</street><city>S-129 41 Hägersten</city><country>SE</country></address></addressbook></inventor></inventors></parties><international-convention-data><pct-or-regional-filing-data ucid="SE-2012050186-W"><document-id><country>SE</country><doc-number>2012050186</doc-number><kind>W</kind><date>20120221</date><lang>EN</lang></document-id></pct-or-regional-filing-data><pct-or-regional-publishing-data ucid="WO-2012115580-A1"><document-id><country>WO</country><doc-number>2012115580</doc-number><kind>A1</kind><date>20120830</date><lang>EN</lang></document-id></pct-or-regional-publishing-data><designated-states><ep-contracting-states><country mxw-id="DS548866204" load-source="docdb">AL</country><country mxw-id="DS548927609" load-source="docdb">AT</country><country mxw-id="DS548816415" load-source="docdb">BE</country><country mxw-id="DS548930300" load-source="docdb">BG</country><country mxw-id="DS548837823" load-source="docdb">CH</country><country mxw-id="DS548816416" load-source="docdb">CY</country><country mxw-id="DS548915653" load-source="docdb">CZ</country><country mxw-id="DS548866205" load-source="docdb">DE</country><country mxw-id="DS548816417" load-source="docdb">DK</country><country mxw-id="DS548816418" load-source="docdb">EE</country><country mxw-id="DS548932267" load-source="docdb">ES</country><country mxw-id="DS548930301" load-source="docdb">FI</country><country mxw-id="DS548930302" load-source="docdb">FR</country><country mxw-id="DS548866206" load-source="docdb">GB</country><country mxw-id="DS548816419" load-source="docdb">GR</country><country mxw-id="DS548866207" load-source="docdb">HR</country><country mxw-id="DS548915654" load-source="docdb">HU</country><country mxw-id="DS548837824" load-source="docdb">IE</country><country mxw-id="DS548816420" load-source="docdb">IS</country><country mxw-id="DS548930303" load-source="docdb">IT</country><country mxw-id="DS548816421" load-source="docdb">LI</country><country mxw-id="DS548930304" load-source="docdb">LT</country><country mxw-id="DS548927610" load-source="docdb">LU</country><country mxw-id="DS548930305" load-source="docdb">LV</country><country mxw-id="DS548930306" load-source="docdb">MC</country><country mxw-id="DS548927611" load-source="docdb">MK</country><country mxw-id="DS548927612" load-source="docdb">MT</country><country mxw-id="DS548932268" load-source="docdb">NL</country><country mxw-id="DS548935268" load-source="docdb">NO</country><country mxw-id="DS548932269" load-source="docdb">PL</country><country mxw-id="DS548927613" load-source="docdb">PT</country><country mxw-id="DS548837825" load-source="docdb">RO</country><country mxw-id="DS548927614" load-source="docdb">RS</country><country mxw-id="DS548932274" load-source="docdb">SE</country><country mxw-id="DS548915655" load-source="docdb">SI</country><country mxw-id="DS548935269" load-source="docdb">SK</country><country mxw-id="DS548935270" load-source="docdb">SM</country><country mxw-id="DS548930307" load-source="docdb">TR</country></ep-contracting-states></designated-states></international-convention-data><office-specific-data><eptags><ep-no-a-document-published>*</ep-no-a-document-published></eptags></office-specific-data></bibliographic-data><abstract mxw-id="PA99620380" ref-ucid="WO-2012115580-A1" lang="EN" load-source="patent-office"><p num="0000">The present invention relates to a method for damping of a power train oscillation in a vehicle provided with a prime mover which delivers a torque related to a torque request <i>M </i>and rotates at a speed ω. According to the present invention, a cyclic variation <i>S</i> in the rotation speed ω of said prime mover is determined. The torque request <i>M</i> is then given an oscillation-damping characteristic by use of the cyclic variation <i>S,</i> making it possible for the power train oscillation to be effectively damped out.</p></abstract><abstract mxw-id="PA99820043" ref-ucid="WO-2012115580-A1" lang="EN" source="national office" load-source="docdb"><p>The present invention relates to a method for damping of a power train oscillation in a vehicle provided with a prime mover which delivers a torque related to a torque request M and rotates at a speed ?. According to the present invention, a cyclic variation S in the rotation speed ? of said prime mover is determined. The torque request M is then given an oscillation-damping characteristic by use of the cyclic variation S, making it possible for the power train oscillation to be effectively damped out.</p></abstract><abstract mxw-id="PA99620381" ref-ucid="WO-2012115580-A1" lang="FR" load-source="patent-office"><p num="0000">L'invention concerne un procédé d'amortissement des oscillations d'une chaîne cinématique dans un véhicule équipé d'un moteur d'entraînement qui développe un couple en fonction d'une commande de couple <i>M </i>et tourne à une vitesse ω. Selon l'invention, une variation cyclique <i>S</i> de la vitesse de rotation ω du moteur d'entraînement est déterminée. La commande de couple <i>M</i> est alors associée à une caractéristique d'amortissement des oscillations par l'application de la variation cyclique <i>S,</i> permettant ainsi un amortissement effectif des oscillations de la chaîne cinématique.</p></abstract><abstract mxw-id="PA99820044" ref-ucid="WO-2012115580-A1" lang="FR" source="national office" load-source="docdb"><p>L'invention concerne un procédé d'amortissement des oscillations d'une chaîne cinématique dans un véhicule équipé d'un moteur d'entraînement qui développe un couple en fonction d'une commande de couple M et tourne à une vitesse ?. Selon l'invention, une variation cyclique S de la vitesse de rotation ? du moteur d'entraînement est déterminée. La commande de couple M est alors associée à une caractéristique d'amortissement des oscillations par l'application de la variation cyclique S, permettant ainsi un amortissement effectif des oscillations de la chaîne cinématique.</p></abstract><description mxw-id="PDES50930596" ref-ucid="WO-2012115580-A1" lang="EN" load-source="patent-office"><!-- EPO <DP n="3"/>--><p id="p0001" num="0001">DAMPING OF POWER TRAIN OSCILLATIONS </p><p id="p0002" num="0002">Technical field </p><p id="p0003" num="0003"> The present invention relates to a method for damping of a power train oscillation in a vehicle according to the preamble of claim 1, to a computer programme for implementing the method according to the preamble of claim 14, and to a system for damping of a power train oscillation according to the preamble of claim 16. </p><p id="p0004" num="0004">Background </p><p id="p0005" num="0005"> Figure 1 depicts schematically an example of a heavy vehicle 100, e.g. a truck, bus or the like. The vehicle 100 </p><p id="p0006" num="0006">schematically depicted in Figure 1 has a pair of forward wheels 111, 112 and a pair of powered rear wheels 113, 114.</p><p id="p0007" num="0007">It further has a power train with a prime mover 101 which may for example be a combustion engine, an electric motor or a combination of both, i.e. a so-called hybrid. The prime mover 101 may for example be connected in a conventional way, via an output shaft 102 leading from it, to a gearbox 103, possibly via a clutch 106. An output shaft 107 from the gearbox 103 drives the powered wheels 113, 114 via a final gear 108, e.g. a conventional differential, and driveshafts 104, 105 which are connected to said final gear 108. If for example the prime mover 101 takes the form of an electric motor, it may also be connected directly to the output shaft 107 or the driveshafts 104, 105. </p><p id="p0008" num="0008">A driver of the vehicle increasing a torque request to the prime mover 101 by, for example, input via an input means, e.g. by depressing an accelerator pedal, may cause a </p><p id="p0009" num="0009">relatively rapid torque change in the power train. This 
<!-- EPO <DP n="4"/>-->
torque is resisted by the powered wheels 113, 114 through their friction against the ground and the vehicle's rolling resistance. The driveshafts 104, 105 are thus subject to a relatively substantial twisting moment. </p><p id="p0010" num="0010">Inter alia for cost and weight reasons, the driveshafts are as a rule not dimensioned to cope with this substantial stress without being affected. Owing to their relative weakness, the driveshafts 104, 105 act instead like torsion springs between the powered wheels 103, 104 and the final gear 108. </p><p id="p0011" num="0011">When its rolling resistance is no longer sufficient to resist the torque from the power train, the vehicle 100 begins to roll, whereupon the torsion-springlike force in the </p><p id="p0012" num="0012">driveshafts 103, 104 is released. When the vehicle moves off, this released force may result in power train oscillations, causing the vehicle to rock in the longitudinal direction, i.e. in its direction of movement. A driver of the vehicle is likely to find this rocking very unpleasant. He/she will prefer a gentle and pleasant driving experience such as to also create the impression that the vehicle is a refined and well-developed product. It is therefore necessary to be able to quickly detect and effectively damp out such power train oscillations . </p><p id="p0013" num="0013">Previous known solutions for damping of power train </p><p id="p0014" num="0014">oscillations have been technically complicated, contributing to increased computational complexity and implementation cost. The previous known complicated solutions have also led to ineffective damping of these oscillations, with consequently unsatisfactory results as regards damping out power train oscillations . 
<!-- EPO <DP n="5"/>-->
Brief description of the invention </p><p id="p0015" num="0015"> An object of the present invention is to propose a method for damping of power train oscillations. This object is achieved by the aforesaid method according to the characterising part of claim 1. It is also achieved by the aforesaid computer programme according to the characterising part of claim 14. It is also achieved by the aforesaid system for damping of power train oscillations according to the characterising part of claim 16. </p><p id="p0016" num="0016">According to the present invention, these oscillations are therefore damped by using the change in cyclic variation S of the rotational speed of the prime mover. A torque request M sent to the vehicle's prime mover is here modified by a contribution to torque request M<sub>c</sub> which has a damping effect on the power train oscillations. The fact that the pattern of the modified torque request M is determined on the basis of the change in cyclic variation S means that the power train oscillations can be quickly damped out. </p><p id="p0017" num="0017">According to an embodiment of the invention, the change in cyclic variation S is arrived at by derivation of an inverted version of a superimposed variation ω<sub>8</sub> in the prime mover rotation speed ω. The derivation results in the amplitude of the modified torque request M being greatest when the inverted version of the superimposed variation ω<sub>8</sub> changes most. The cyclic variation of the torque request is also substantially inverted and displaced in time from the superimposed </p><p id="p0018" num="0018">variations of the prime mover rotation speed. The overall result is that the power train oscillations are quickly damped out . 
<!-- EPO <DP n="6"/>-->
According to the present invention, the damping of power train oscillations uses only prime mover-related signals which are already used in regulating systems of today's motor vehicles. More specifically, the invention uses the prime mover's rotation speed ω. This means that the solution according to the present invention can be implemented with very little additional complexity, whether in calculations or in actual implementation . The damping of power train oscillations is based on a change in cyclic variation S in the prime mover' s rotation speed ω, which means that reliable damping can be effected </p><p id="p0019" num="0019">substantially without delays. This is a great advantage compared with previous known systems which have resulted in unreliable and late damping. </p><p id="p0020" num="0020">According to an embodiment of the invention, power train oscillations are detected on the basis of the change in cyclic variation S such that a power train oscillation will be detected if for a predetermined number of times the amplitude of the change in cyclic variation S is alternately above a positive threshold value hi and below a negative threshold value Th.2 and each pair of consecutive upward/downward </p><p id="p0021" num="0021">threshold crossings occurs within a predetermined period T. </p><p id="p0022" num="0022">The overall result of the present invention is very effective detection and damping of the oscillations, based on analysis of the change in cyclic variation S and achievable with very little additional complexity. </p><p id="p0023" num="0023">Brief list of drawings 
<!-- EPO <DP n="7"/>-->
The invention is explained in more detail below with reference to the attached drawings, in which the same reference </p><p id="p0024" num="0024">notations are used for similar items, and in which: Figure 1 depicts a motor vehicle; </p><p id="p0025" num="0025">Figure 2a plots a prime mover rotation speed against time; </p><p id="p0026" num="0026">Figure 2b plots an inverted version of a superimposed cyclic change in rotational speed of the prime mover against time; </p><p id="p0027" num="0027">Figure 2c plots a derivative of an inverted version of a superimposed cyclic change in rotational speed of the prime mover against time; </p><p id="p0028" num="0028">Figure 2d plots a derivative of an inverted version of a superimposed cyclic change in rotational speed of the prime mover against threshold values and time; Figure 3a plots an oscillation-damping torque request against time ; </p><p id="p0029" num="0029">Figure 3b depicts measured damping of a power train </p><p id="p0030" num="0030">oscillation; </p><p id="p0031" num="0031">Figure 4 is a flowchart for detection and damping of a power train oscillation; </p><p id="p0032" num="0032">Figure 5 is a connection diagram for damping of a power train oscillation; </p><p id="p0033" num="0033">Figure 6 depicts a control unit. 
<!-- EPO <DP n="8"/>-->
Description of preferred embodiments </p><p id="p0034" num="0034"> According to the present invention, power train oscillations can be detected and damped by analysis of a change in cyclic variation S in the rotation speed ω of the prime mover 101. This involves first determining this change in cyclic </p><p id="p0035" num="0035">variation S and then analysing its pattern. The damping of a power train oscillation according to the invention uses this analysis of change in cyclic variation S by using change in cyclic variation S in arriving at a oscillation-damping torque request M. </p><p id="p0036" num="0036">The vehicle 100 has a prime mover 101 which imparts a torque. The torque imparted is related to a torque request M which may be a direct result of driver input, e.g. via an accelerator pedal, or be demanded by some kind of cruise control or other device adapted to demanding torque from the prime mover 101. </p><p id="p0037" num="0037">Detecting a power train oscillation may be based on the change in cyclic variation S. According to the invention, if a power train oscillation is detected, a torque request M is conveyed to the prime mover with an oscillation-damping characteristic for the power train oscillations to be counteracted and damped out. The oscillation-damping characteristic is here obtained by using the change in cyclic variation S. Basing the damping of the power train oscillations solely on the prime mover rotation speed ω has very substantial advantages with regard to complexity of implementation and effectiveness of damping. </p><p id="p0038" num="0038">According to an embodiment of the present invention, this change in cyclic variation S, multiplied by at least one amplification factor A<sub>lf</sub> is added to an original torque request M<sub>0</sub> to create the torque request M which is sent to the prime mover 101. The original torque request M<sub>0</sub> is here based on 
<!-- EPO <DP n="9"/>-->
signals from, for example, an accelerator pedal and/or a cruise control, as described above. The at least one </p><p id="p0039" num="0039">amplification factor Ai may be given any suitable value, which may be constant or variable as described in more detail below. </p><p id="p0040" num="0040">According to an embodiment of the invention, damping of the oscillation according to the invention is only effected when power train oscillations have been detected. This reduces the complexity in the system according to the invention. </p><p id="p0041" num="0041">According to an embodiment of the invention, there is deemed to be a power train oscillation if for a predetermined number of times the amplitude of the change in cyclic variation, i.e. the amplitude of a signal related to the change in cyclic variation S, is alternately above a positive threshold value hi and below a negative threshold value Th<sub>∑</sub> and each pair of consecutive upward and downward threshold crossings, i.e. </p><p id="p0042" num="0042">respectively above this positive threshold value hi and below this negative threshold value Th<sub>∑</sub>, occur within a predetermined period T. Two consecutive upward and downward threshold crossings are therefore here separated in time by not more than a predetermined period T. </p><p id="p0043" num="0043">In other words, there are deemed to be power train </p><p id="p0044" num="0044">oscillations if for a certain number of times within the predetermined period T from the time of an upward/downward crossing of a threshold Thi , Th<sub>∑</sub> the amplitude of the change in cyclic variation is below/above another threshold Thi , Th<sub>∑</sub> which bear different signs. For the amplitude of the change in cyclic variation S thus here to be alternating for a certain number of times, it will have a magnitude above the positive threshold value Thi and a magnitude below the negative 
<!-- EPO <DP n="10"/>-->
threshold value Th<sub>∑</sub> and make two consecutive threshold </p><p id="p0045" num="0045">crossings within the predetermined period T. </p><p id="p0046" num="0046">Being able, with this embodiment of the present invention, to detect power train oscillations on the sole basis of the prime mover rotation speed ω is highly advantageous in that this speed ω is normally available in any case in the vehicle. </p><p id="p0047" num="0047">Previous known methods for detecting power train oscillations have been based also on further signals, e.g. signals related to wheel speeds, resulting in detection which has involved further sensors and greater complexity. The damping of power train oscillations may also be based solely on the prime mover rotation speed ω, thereby simplifying the damping system. The change in cyclic variation S arrived at the time of detection may also be used in the damping, so computational complexity is minimised by the present invention. </p><p id="p0048" num="0048">Detection of power train oscillations according to the </p><p id="p0049" num="0049">invention is exemplified below with reference to Figures 2a to 2d, using schematic and non-limitative examples of signals to explain the invention. </p><p id="p0050" num="0050">According to an embodiment of the present invention, detection is based on the change in cyclic variation S in a rotation speed ω of the prime mover 101. This rotation speed ω may be determined by using a sensor 116 which may be situated close to the clutch 106 to enable it to detect the rotation speed ω imparted by the prime mover 101. The rotation speed ω may also be determined by using a model configured to make it easy to arrive at the rotation speed ω of the prime mover. </p><p id="p0051" num="0051">When power train oscillation occurs, the rotation speed ω of the prime mover 101 may comprise a superimposed cyclic 
<!-- EPO <DP n="11"/>-->
variation. Figure 2a plots schematically an example of a desired prime mover rotation speed co<sub>d</sub> (broken line) against time. This rotation speed co<sub>d</sub> begins in this example at a first speed, e.g. 500 rev/min, followed by linear increase over time. Figure 2a also depicts an example of the actual pattern of a rotation speed ω (continuous line) when measured by a sensor 116 or determined in some other way, e.g. by means of a model for the rotation speed ω. Figure 2a shows the prime mover rotation speed ω comprising the desired rotation speed co<sub>d</sub> and a superimposed cyclic </p><p id="p0052" num="0052">variation. The rocking in the longitudinal direction of the vehicle 100 is related to this superimposed cyclic variation. In detection of power train oscillations there is normally no access to the desired rotation speed co<sub>d</sub> but only to a signal corresponding to the rotation speed ω. According to an embodiment of the present invention, the desired rotation speed co<sub>d</sub> may be arrived at by putting the signal for the rotation speed ω through a filter, more specifically a low- pass (LP) filter. When the LP filter is chosen such that the superimposed cyclic variations of the rotation speed ω are above its pass band, the pattern of the desired rotation speed o d may therefore be determined by this LP filtering. </p><p id="p0053" num="0053">According to an embodiment of the present invention, an inverted version of the superimposed cyclic variation ω<sub>8</sub> in the rotation speed ω may then be arrived at by subtracting the rotation speed ω from the desired rotation speed co<sub>d</sub> - The inverted version of the superimposed cyclic variation ω<sub>8</sub> resulting from this subtraction is depicted schematically in Figure 2b. As the rotation speed ω has been subtracted from the desired rotation speed co<sub>d</sub> , the inverted version of the 
<!-- EPO <DP n="12"/>-->
superimposed cyclic variation ω<sub>8</sub> is around the speed of 0 rev/min, i.e. around the x axis in Figure 2b. As the rotation speed ω has been subtracted from the desired rotation speed co<sub>d</sub> , the inverted version of the superimposed cyclic variation ω<sub>8</sub> also has a pattern whereby the waveform of the inverted version of the superimposed cyclic variation ω<sub>8</sub> is </p><p id="p0054" num="0054">substantially inverted relative to the waveform of the cyclic variations of the rotation speed ω. A person skilled in the relevant art will appreciate that the aforesaid subtraction may also be done by, for example, first inverting, i.e. changing the sign of the amplitude of, a signal for the rotation speed ω and then adding a signal for the desired rotation speed co<sub>d</sub> . The subtraction may also be done, for example, by subtracting a signal for the desired rotation speed co<sub>d</sub> from a signal for the rotation speed ω and then inverting, i.e. changing the sign of, the signal for the result of this subtraction. According to another embodiment of the present invention, the inverted version of the superimposed cyclic variation ω<sub>8</sub> is instead determined by means of a model for it. According to an embodiment, this model for determining the inverted version of the superimposed cyclic variation ω<sub>8</sub> takes the form of a "two-mass model" comprising two oscillatory masses with a weakness between them. Two oscillatory masses are thus modelled, viz. a first representing the prime mover 101 and a second representing the wheels 111, 112, 113, 114 and the vehicle's surroundings. Each of the first and second </p><p id="p0055" num="0055">oscillatory masses has according to the model a respective weight and rotates at a respective speed. The first and second oscillatory masses are respectively acted upon by first and second torques, the first torque being an imparted prime 
<!-- EPO <DP n="13"/>-->
mover torque compensated by gearing, and the second being the torque by which the surroundings act upon the vehicle. The weakness between these oscillatory masses is modelled as a damped spring. </p><p id="p0056" num="0056">In all, this model has three states, viz. a first state representing the prime mover' s rotation speed ω, a second state representing the rotation speed of the wheels and a third state representing an angular difference between them, i . e . an angling of the driveshafts. From this model it is then possible to arrive at the rotation speed ω and resilient angling and to determine from these the inverted version of the superimposed cyclic variation ω<sub>8</sub>. As mentioned above, power train oscillations can be detected by analysis of a change in cyclic variation S in the rotation speed ω of the prime mover 101. To arrive at a change in cyclic variation S for the rotation speed ω from the inverted version of the superimposed cyclic variation ω<sub>8</sub>, the latter is derived with respect to time, according to an embodiment of the present invention. The inverted version of the </p><p id="p0057" num="0057">superimposed cyclic variation ω<sub>8</sub> (continuous line) and its derivative, i.e. the change in cyclic variation S for the rotation speed ω (broken line) , are depicted schematically in Figure 2c. When the change in cyclic variation S takes the form of the derivative of the inverted version of the </p><p id="p0058" num="0058">superimposed cyclic variation ω<sub>8</sub>, it represents a change in the inverted version of the superimposed cyclic variation ω<sub>8</sub> over time . </p><p id="p0059" num="0059">Analysis of the change in cyclic variation S involves using at least two thresholds related to its amplitude. According to the invention, there is deemed to be a power train oscillation 
<!-- EPO <DP n="14"/>-->
if for a predetermined number of times the amplitude of the change in cyclic variation is alternately above/below (i.e. crosses) the two respective positive and negative threshold values Th<sub>lr</sub> Th<sub>∑</sub> and if for the predetermined number of times each of two consecutive upward/downward threshold crossings occur within a predetermined period T from one another. All of the consecutive crossings may thus be separated in time by not more than this predetermined period T for the power train oscillation to be deemed detected. </p><p id="p0060" num="0060">Suitable threshold values Th<sub>lr</sub> Th<sub>∑</sub> may be arrived at </p><p id="p0061" num="0061">empirically, i.e. by tests, or be simulated. Suitable lengths of the predetermined period T may also be arrived at </p><p id="p0062" num="0062">empirically, i.e. by tests, or be simulated. The length of the predetermined period T and/or the threshold values Th<sub>lr</sub> Th<sub>∑</sub> depend on the frequency of the inverted superimposed cyclic variations ω<sub>8</sub> and/or the noise level of sensors in the system. In general terms, the chosen threshold values Th<sub>lr</sub> Th<sub>∑</sub> and/or period T should be such as to avoid incorrect detection of power train oscillations owing to unsteady signals etc. </p><p id="p0063" num="0063">Figure 2d plots the change in cyclic variation S (broken line) against time, and two thresholds Th<sub>lr</sub> T.2 , viz. a first </p><p id="p0064" num="0064">threshold with a positive value Th and a second threshold with a negative value Th<sub>∑</sub>. According to the present invention, a power train oscillation is deemed detected if for a </p><p id="p0065" num="0065">predetermined number of times the change in cyclic variation S with alternating signs is above/below these thresholds Th<sub>±</sub> Th<sub>∑</sub> and if all of the consecutive upward/downward threshold crossings 211/212, 212/213 and 213/214 occur within a </p><p id="p0066" num="0066">predetermined period T from the respective latest </p><p id="p0067" num="0067">upward/downward crossings 211, 212 and 213. 
<!-- EPO <DP n="15"/>-->
As may be seen in the example in Figure 2d, the change in cyclic variation S has initially at a time 211 a positive amplitude greater than the first threshold value Th<sub>lf</sub> at the beginning of a first period t<sub>±</sub>. At a second time 212 such that the first period t<sub>±</sub> is shorter than the predetermined period T, i.e. ti&lt;T, the change in cyclic variation S has an amplitude lower than the second threshold value Th<sub>∑</sub>. At a third time 213, which here occurs within a period t<sub>∑</sub> which runs from the previous downward crossing at 212 and is shorter than the predetermined period T, i.e. t<sub>∑</sub>&lt;T, the change in cyclic </p><p id="p0068" num="0068">variation S has a positive amplitude which is again greater than the first threshold value Thi. </p><p id="p0069" num="0069">In the example described above in relation to Figure 2d, the number of upward/downward threshold crossings for detection is set at three, and when the amplitude at the third time 213 is above/below a threshold value Th<sub>lr</sub> Th<sub>∑</sub> the amplitude of the change in cyclic variation S has been above/below and when the threshold values with alternating signs, i.e. have </p><p id="p0070" num="0070">respectively been above and below the positive first threshold value hi and the negative second threshold value Th<sub>∑</sub>, and the period t<sub>±</sub>, t<sub>∑</sub> which has passed between all the consecutive upward/downward threshold crossings is within the </p><p id="p0071" num="0071">predetermined period T, it is deemed, according to the present invention, that a power train oscillation is detected. </p><p id="p0072" num="0072">Detection as described above in relation to Figures 2a-2d may of course be modified within the scope of the independent claims. For example, the number of upward/downward crossings of the thresholds Th<sub>lr</sub> Th<sub>∑</sub> may be any appropriate number. </p><p id="p0073" num="0073">Detection may therefore take place at one or more </p><p id="p0074" num="0074">upward/downward crossings of the thresholds Th<sub>lr</sub> Th<sub>∑</sub>. As described above in relation to Figure 2d, detection may for 
<!-- EPO <DP n="16"/>-->
example take place at three upward/downward crossings with alternating signs. However, the number of upward/downward crossings of the thresholds Th<sub>lr</sub> Th<sub>∑</sub> for detection of power train oscillation may also be set, for example, at four, in which case the period between the upward crossing at the third time 213 and the downward crossing at the fourth time 214 when the negative second threshold value Th<sub>∑</sub> is again crossed may likewise not be longer than the predetermined period T for detection to take place. </p><p id="p0075" num="0075">The sequence of upward/downward threshold crossings may also be altered so that the first crossing of a threshold takes place downwards, i.e. the amplitude of the change in cyclic variation S goes below the negative second threshold value Th<sub>∑</sub>. </p><p id="p0076" num="0076">Generally, the reliability of detection is increased by increasing the predetermined number of upward/downward </p><p id="p0077" num="0077">threshold crossings. However, increasing them means that detection is somewhat delayed. The system may therefore be calibrated differently for different applications and to meet different requirements as regards reliability and delay of detection . </p><p id="p0078" num="0078">Damping of power train oscillations according to the invention on the basis of the change in cyclic variation S is </p><p id="p0079" num="0079">exemplified below, using schematic and non-limitative examples of signals to explain the invention. </p><p id="p0080" num="0080">Figure 3a plots schematically an example of a desired prime mover rotation speed co<sub>d</sub> (broken line) against time, and an example of a prime mover rotation speed ω (continuous line) . It also plots the inverted version of the superimposed cyclic variation ω<sub>8</sub> (continuous line) and the change in cyclic 
<!-- EPO <DP n="17"/>-->
variation S (broken line) which is arrived at by derivation of the inverted version of the superimposed cyclic variation ω<sub>8</sub>. </p><p id="p0081" num="0081">As Figure 3a clearly indicates, the change in cyclic variation S is displaced in time from the inverted superimposed cyclic variations ω<sub>8</sub>. The fact that the change in cyclic variation S is arrived at by derivation of the inverted superimposed cyclic variations ω<sub>8</sub> means also that the change in cyclic variation S is greatest, i.e. has the greatest positive and negative amplitudes, when the rotation speed ω respectively increases and decreases most. The change in cyclic variation S thus reaches greatest amplitude when the rotation speed ω changes most. In other words, the change in cyclic variation S for the inverted superimposed cyclic variations ω<sub>8</sub> will be </p><p id="p0082" num="0082">substantially in counterphase to a corresponding change in cyclic variation in the rotation speed ω, i.e. be in </p><p id="p0083" num="0083">counterphase to a corresponding derivative of this speed. </p><p id="p0084" num="0084">This may be also be expressed as the change in cyclic </p><p id="p0085" num="0085">variation S for the inverted superimposed cyclic variations ω<sub>8</sub> being substantially inverted relative to a corresponding change in cyclic variation for the rotation speed ω. The change in cyclic variation S being here substantially in counterphase, i.e. substantially inverted, relative to a corresponding change in cyclic variation (time derivative) for the rotation speed ω is because the rotation speed ω according to the invention is subtracted from the desired rotation speed o<sub>d</sub> in arriving at the change in cyclic variation S. </p><p id="p0086" num="0086">An effect of this, when the change in cyclic variation S is thereafter used to create an oscillation-damping torque request M to the prime mover 101 of the vehicle 100, is that 
<!-- EPO <DP n="18"/>-->
the oscillation-damping torque request M assumes a relatively smallest value when the rotation speed ω increases most. This means that power train oscillations can be damped out very effectively by applying the present invention. </p><p id="p0087" num="0087">Figure 3b depicts measured data from a vehicle when the method for damping of power train oscillations according to the invention is activated. The continuous line represents here the torque contribution M<sub>c</sub> from the present invention, i.e. signal 513 in Figure 5 below. The broken line represents the prime mover rotation speed ω. The measured data show clearly that damping of the oscillations according to the invention is activated when power train oscillations are detected, i.e. when the change in cyclic variation S has crossed the </p><p id="p0088" num="0088">thresholds with alternating signs a certain number of times and consecutive threshold crossings are separated in time by not more than the predetermined period T. The diagram shows clearly that the torque contribution M<sub>c</sub> from the method according to the invention is based on the derivative of the superimposed cyclic variation ω<sub>8</sub> and is therefore displaced in time towards the rotation speed ω in such a way that the waveform of the torque contribution M<sub>c</sub> is substantially inverted and strengthened in relation to a change in cyclic variation (derivative) of the rotation speed ω, whereupon the oscillations can be effectively damped out. </p><p id="p0089" num="0089">Figure 4 is a flowchart for the method according to the invention. As a first step 401, the method begins. As a second step 402, a change in cyclic variation S in the </p><p id="p0090" num="0090">rotation speed ω of the prime mover 101 is determined. </p><p id="p0091" num="0091">As a third step 403 of the method, an oscillation-damping torque request M is created. This torque request M is given 
<!-- EPO <DP n="19"/>-->
an oscillation-damping characteristic by using the change in cyclic variation S determined in the second step 402 of the method . According to an embodiment of the invention, the method comprises also a further step after the second step 402 and before the third step 403. In this further step a power train oscillation is detected on the basis of the change in cyclic variation S. According to an embodiment of the invention, the power train oscillation is deemed detected if for a </p><p id="p0092" num="0092">predetermined number of times the amplitude of the change in cyclic variation S is alternatively above a positive threshold value hi and below a negative threshold value Th<sub>∑</sub> and each pair of consecutive upward/downward crossings of the </p><p id="p0093" num="0093">thresholds take place within a predetermined period T. </p><p id="p0094" num="0094">The present invention relates also to a system for damping of a power train oscillation in a vehicle 100 provided with an prime mover 101 which rotates at a speed ω, also called rotation speed ω or prime mover rotation speed ω. The system comprises a determination unit and a torque unit. The </p><p id="p0095" num="0095">determination unit is adapted to determining the pattern of the change in cyclic variation S in the rotation speed ω. The torque unit, which demands torque from the prime mover 101, is adapted to using the change in cyclic variation S to give this torque request M an oscillation-damping characteristic, as described above in relation to the method according to the invention . According to the present invention, the system comprises also a detection unit adapted to detecting whether there is a power train oscillation. According to an embodiment of the system for the invention, the detection unit is adapted to deeming 
<!-- EPO <DP n="20"/>-->
that there is a power train oscillation if the change in cyclic variation S has an amplitude which for a predetermined number of times is alternately above a positive threshold value hi and below a negative threshold value Th<sub>∑</sub> and if all of the pairs of consecutive upward/downward threshold </p><p id="p0096" num="0096">crossings occur within a predetermined period T, as described above in relation to the method according to the invention. </p><p id="p0097" num="0097">Figure 5 is a schematic circuit diagram 500 for a possible implementation of damping according to the invention. A prime mover rotation speed ω, which may for example be measured by the sensor 116, is conveyed to a filter 502 and a subtraction unit 503 by being connected to them in the form of an input signal 501. </p><p id="p0098" num="0098">As described above, the desired rotation speed co<sub>d</sub> is arrived at by the signal representing the rotation speed ω being filtered by the filter 502. The desired rotation speed co<sub>d</sub> thus serves as an output signal 504 from the filter 502 and may be </p><p id="p0099" num="0099">regarded as an at least semi-static component of the rotation speed ω. </p><p id="p0100" num="0100">In the subtraction unit 503, the rotation speed ω is </p><p id="p0101" num="0101">subtracted from the desired rotation speed co<sub>d</sub> , and the inverted superimposed cyclic variation ω<sub>8</sub> is extracted as an output signal 505 from the subtraction unit 503. </p><p id="p0102" num="0102">As mentioned above, power train oscillations can be detected by analysis of a change in cyclic variation S of the rotation speed ω 501 of the prime mover 101. This change in cyclic variation S is obtained as an output signal 506 from a </p><p id="p0103" num="0103">derivation unit 507 in which the inverted superimposed cyclic variation ω<sub>8</sub> is time-derived. 
<!-- EPO <DP n="21"/>-->
The change in cyclic variation S is then multiplied by an amplification factor A in a multiplier 509, the amplification factor Ai serving therein as an input signal 508, and is added in an adder 512 to an amplified version of the inverted superimposed cyclic variation ω<sub>8</sub>, the latter having been amplified by an amplification factor A<sub>2</sub> in a multiplier 511, which amplification factor A<sub>∑</sub> serves therein as an input signal 510. The amplification factors A<sub>lf</sub> A<sub>∑</sub> may be constant and/or variable. </p><p id="p0104" num="0104">An output signal 513 from the adder 512 imparts a torque contribution M<sub>c</sub> to the torque request M to the prime mover 101. By the invention this torque contribution M<sub>c</sub> is provided with an oscillation-damping characteristic which may be used to damp power train oscillations out when this torque </p><p id="p0105" num="0105">contribution M<sub>c</sub> is added to an original torque request M<sub>0</sub> which is for example based on signals from an accelerator pedal and/or a cruise control, as described above. </p><p id="p0106" num="0106">Constant values for one or more of these amplification factors A<sub>lr</sub> A<sub>∑</sub> may be arrived at empirically and be calibrated in the vehicle by experiment. According to an embodiment, one or more of these amplification factors A<sub>lr</sub> A<sub>∑</sub> take the form of standardised values with magnitudes appropriate to avoiding too large values of the output signal 513, i.e. for the torque contribution M<sub>c</sub>. This may for example be done by standardising the amplification factors A<sub>lr</sub> A<sub>∑</sub> by means of a maximum permissible value X for the output signal 513. 
<!-- EPO <DP n="22"/>-->
If the output signal 513 resulting from the addition 505*510 + 506*508 has a larger value than the maximum permissible value X, this standardisation may for example be done as follows: 508' = 508 * (X / (505*510 + 506*508) ) </p><p id="p0107" num="0107">510' = 510 * (X / (505*510 + 506*508) ) in which 508' and 510' are respective standardised input signals related to standardised amplification factors A <sup>r</sup> and A<sub>∑</sub>' . The values for the standardised input signals 508' and 510' may be determined during or after the detection of power train oscillations, since the output signals 505, 506 are already available at the time of detection. If the </p><p id="p0108" num="0108">standardised input signals 508' and 510' are determined during the detection phase, i.e. before the output signal 513 is extracted, they may be standardised towards the largest conceivable value which the output signal 513 would have if the damping of power train oscillations is activated. </p><p id="p0109" num="0109">If the output signal 513 does not have a larger value than the maximum permissible value X, the non-standardised input signals 508 and 510, which have the respective non- standardised amplification factors Ai and A<sub>∑</sub>, are used. </p><p id="p0110" num="0110">As described above, a person skilled in the relevant art will appreciate that the subtraction of the prime mover rotation speed ω from the desired prime mover rotation speed co<sub>d</sub> to arrive at the inverted superimposed cyclic variation ω<sub>8</sub> may also be done in other ways than specifically by the </p><p id="p0111" num="0111">subtraction unit 503. For example, an inverter may be used in combination with an adder to perform the same function. What is important here is that the torque contribution be given the 
<!-- EPO <DP n="23"/>-->
oscillation-damping characteristic that its pattern is </p><p id="p0112" num="0112">substantially inverted and displaced in time relative to the superimposed cyclic variations of the prime mover rotation speed ω, which a person skilled in the relevant art will appreciate can be done in various different ways. </p><p id="p0113" num="0113">Figure 6 depicts a control unit according to the present invention. For the sake of simplicity, it shows only one control unit 600, but vehicles of the type here concerned often have a relatively large number of control units, e.g. for control of prime mover, gearbox etc., as a person skilled in the relevant art in the technical field are well aware. </p><p id="p0114" num="0114">The present invention may therefore be implemented in the control unit 600 but may also be implemented wholly or partly in one or more other control units on or outside the vehicle. Control units of the type here concerned are normally adapted to receiving sensor signals from various parts of the vehicle. The control signals generated by control units normally depend also both on signals from other control units and on signals from components. In particular, the control unit is adapted to receiving signals from a sensor 116 for prime mover </p><p id="p0115" num="0115">rotation speed, which may for example be situated close to the clutch 106. </p><p id="p0116" num="0116">Control units of the type here concerned are also usually adapted to delivering control signals to various parts and components of the vehicle, e.g. in the present example to the prime mover control unit in order to demand/order control of its torque. </p><p id="p0117" num="0117">Control is often governed by programmed instructions which typically take the form of a computer programme which, when 
<!-- EPO <DP n="24"/>-->
executed in a computer or a control unit, causes the computer/control unit to effect desired forms of control, e.g. method steps according to the present invention. The </p><p id="p0118" num="0118">computer programme usually takes the form of a computer programme product 603 which is stored on a digital storage medium 602, e.g. ROM (read-only memory), PROM (programmable read-only memory) , EPROM (erasable PROM) , flash memory, EEPROM (electrically erasable PROM), a hard disc unit etc., in or connected to the control unit, and which is executed by the control unit. By altering the computer programme's </p><p id="p0119" num="0119">instructions it is therefore possible to modify the behaviour of the vehicle in a specific situation. </p><p id="p0120" num="0120">The control unit 600 is further provided with respective devices 604, 607, 605 and 606 for receiving and sending input and output signals. These input and output signals may comprise waveforms, pulses or other attributes which the input signal receiving devices 604, 607 can detect as information and which can be converted to signals processable by the calculation unit 601. These signals are then conveyed to the calculation unit 601. The output signal sending devices 605, 606 are arranged to convert signals received from the </p><p id="p0121" num="0121">calculation unit 601 in order, e.g. by modulating them, to create output signals which can be conveyed to other parts of the system, e.g. to the prime mover 101, for damping of power train oscillations. </p><p id="p0122" num="0122">Each of the connections to the respective devices for </p><p id="p0123" num="0123">receiving and sending input and output signals may take the form of one or more from among a cable, a data bus, e.g. a CAN (Controller Area Network) bus, an MOST (Media Orientated </p><p id="p0124" num="0124">Systems Transport) bus or some other bus configuration, or a wireless connection. The connections for input signals and 
<!-- EPO <DP n="25"/>-->
output signals, and between the filter 502, derivation unit 507, subtractor 503, multipliers 511, 509 and adder 512 depicted in Figure 5 may take the form of one or more of these cables, buses or wireless connections. </p><p id="p0125" num="0125">A person skilled in the relevant art will appreciate that the aforesaid computer may take the form of a calculation unit 601 and that the aforesaid memory may take the form of the memory unit 602. </p><p id="p0126" num="0126">A person skilled in the relevant art will also appreciate that the above system may be modified according to the various embodiments of the method according to the invention. The invention relates also to a motor vehicle 100, e.g. a truck or bus, provided with at least one system according to the invention . </p><p id="p0127" num="0127">The present invention is not restricted to the embodiments of it described above but relates to and comprises all </p><p id="p0128" num="0128">embodiments within the protective scope of the attached independent claims. 
</p></description><claims mxw-id="PCLM44726528" ref-ucid="WO-2012115580-A1" lang="EN" load-source="patent-office"><claim-statement><!-- EPO <DP n="26"/>-->Claims </claim-statement><claim id="clm-0001" num="1"><claim-text> 1. A method for damping of a power train oscillation in a vehicle (100) provided with a prime mover (101) which imparts a torque related to a torque request M and rotates at a speed ω, </claim-text><claim-text>characterised by </claim-text><claim-text> - determination of a change in cyclic variation S in the rotation speed ω of said prime mover (101), </claim-text><claim-text> - which cyclic variation S is used to give said torque request M an oscillation-damping characteristic. </claim-text></claim><claim id="clm-0002" num="2"><claim-text>2. A method according to claim 1, in which said </claim-text><claim-text>oscillation-damping characteristic is arrived at by adding said change in cyclic variation S, multiplied by at least one amplification factor A<sub>lf</sub> to an original torque request M<sub>0</sub>. </claim-text></claim><claim id="clm-0003" num="3"><claim-text>3. A method according to claim 2, in which said original torque request M<sub>0</sub> originates from </claim-text><claim-text> - an accelerator pedal and/or </claim-text><claim-text>- a cruise control. </claim-text></claim><claim id="clm-0004" num="4"><claim-text>4. A method according to any one of claims 1-3, in which said oscillation-damping torque request M is only determined when power train oscillations have been detected. </claim-text></claim><claim id="clm-0005" num="5"><claim-text>5. A method according to any one of claims 1-4, in which detection of said power train oscillations is done on the basis of said change in cyclic variation S. </claim-text></claim><claim id="clm-0006" num="6"><claim-text>6. A method according to claim 5, in which detection is deemed to show that there is a power train oscillation if for a predetermined number of times the amplitude of said change in cyclic variation S is alternately above a positive <!-- EPO <DP n="27"/>--> threshold value hx and below a negative threshold value Th<sub>∑</sub> and if all of the consecutive upward crossings of said </claim-text><claim-text>positive threshold value hi and downward crossings of said negative threshold value Th<sub>∑</sub> are separated in time by not more than a predetermined period T. </claim-text></claim><claim id="clm-0007" num="7"><claim-text>7. A method according to any one of claims 1-6, in which said change in cyclic variation S is based on said rotation speed ω of said prime mover (101) . </claim-text></claim><claim id="clm-0008" num="8"><claim-text>8. A method according to claim 7, in which said rotation speed ω comprises a desired rotation speed co<sub>d</sub> and a </claim-text><claim-text>superimposed cyclic variation. </claim-text></claim><claim id="clm-0009" num="9"><claim-text>9. A method according to claim 8, in which said desired rotation speed co<sub>d</sub> is determined by filtering of said rotation speed ω. </claim-text></claim><claim id="clm-0010" num="10"><claim-text>10. A method according to either of claims 8 and 9, in which an inverted version of said superimposed cyclic </claim-text><claim-text>variation ω<sub>8</sub> is determined by subtracting said rotation speed ω from said desired rotation speed co<sub>d</sub> . </claim-text></claim><claim id="clm-0011" num="11"><claim-text>11. A method according to either of claims 8 and 9, in which an inverted version of said superimposed cyclic </claim-text><claim-text>variation ω<sub>8</sub> is determined by a model of said inverted version of said superimposed cyclic variation ω<sub>8</sub>. </claim-text></claim><claim id="clm-0012" num="12"><claim-text>12. A method according to either of claims 10 and 11, in which said change in cyclic variation S is determined by time derivation of said inverted version of said superimposed cyclic variation ω<sub>8</sub>. <!-- EPO <DP n="28"/>--> </claim-text></claim><claim id="clm-0013" num="13"><claim-text>13. A method according to any one of claims 1-12, in which said rotation speed ω is determined by </claim-text><claim-text> - a sensor (116) adapted to detecting said rotation speed ω, and/or </claim-text><claim-text>- a model for said rotation speed ω. </claim-text></claim><claim id="clm-0014" num="14"><claim-text>14. A computer programme which comprises programme code and which when said programme code is executed in a computer causes said computer to apply the method according to any one of claims 1-13. </claim-text></claim><claim id="clm-0015" num="15"><claim-text>15. A computer programme product comprising a computer- readable medium and a computer programme according to claim 14 which is contained in said computer-readable medium. </claim-text></claim><claim id="clm-0016" num="16"><claim-text>16. A system for damping a power train oscillation in a vehicle (100) provided with a prime mover (101) which imparts a torque related to a torque request M and rotates at a speed ω, </claim-text><claim-text>characterised by </claim-text><claim-text> - a determination unit adapted to determining a change in cyclic variation S in the rotation speed ω of said prime mover (101), and </claim-text><claim-text> - a torque unit adapted to using said change in cyclic </claim-text><claim-text>variation S to give said torque request M an oscillation- damping characteristic. </claim-text></claim><claim id="clm-0017" num="17"><claim-text>17. A system according to claim 16, in which said torque unit is adapted to adding said change in cyclic variation S, multiplied by at least one amplification factor A<sub>lf</sub> to an original torque request M<sub>0</sub>, thereby obtaining said oscillation- damping characteristic. </claim-text></claim></claims><copyright>User acknowledges that Fairview Research LLC and its third party providers retain all right, title and interest in and to this xml under applicable copyright laws.  User acquires no ownership rights to this xml including but not limited to its format.  User hereby accepts the terms and conditions of the Licence Agreement</copyright></patent-document>
