<?xml version="1.0" encoding="UTF-8"?>
<patent-document ucid="EP-2958602-A1" country="EP" doc-number="2958602" kind="A1" date="20151230" family-id="47748461" file-reference-id="315106" date-produced="20180825" status="corrected" lang="DE"><bibliographic-data><publication-reference fvid="160453598" ucid="EP-2958602-A1"><document-id><country>EP</country><doc-number>2958602</doc-number><kind>A1</kind><date>20151230</date><lang>DE</lang></document-id></publication-reference><application-reference ucid="EP-14702595-A" is-representative="NO"><document-id mxw-id="PAPP193870164" load-source="patent-office" format="original"><country>EP</country><doc-number>14702595.1</doc-number><date>20140204</date><lang>DE</lang></document-id><document-id mxw-id="PAPP193870165" load-source="docdb" format="epo"><country>EP</country><doc-number>14702595</doc-number><kind>A</kind><date>20140204</date><lang>DE</lang></document-id></application-reference><priority-claims><priority-claim mxw-id="PPC162028496" ucid="EP-13155711-A" load-source="docdb"><document-id format="epo"><country>EP</country><doc-number>13155711</doc-number><kind>A</kind><date>20130219</date></document-id></priority-claim><priority-claim mxw-id="PPC162032200" ucid="EP-14702595-A" load-source="docdb"><document-id format="epo"><country>EP</country><doc-number>14702595</doc-number><kind>A</kind><date>20140204</date></document-id></priority-claim><priority-claim mxw-id="PPC162030678" ucid="EP-2014052096-W" linkage-type="W" load-source="docdb"><document-id format="epo"><country>EP</country><doc-number>2014052096</doc-number><kind>W</kind><date>20140204</date></document-id></priority-claim></priority-claims><technical-data><classifications-ipcr><classification-ipcr mxw-id="PCL-1730488723" load-source="docdb">A61L  26/00        20060101AFI20171115BHEP        </classification-ipcr><classification-ipcr mxw-id="PCL-1730488724" load-source="docdb">A61K  47/12        20060101ALI20171115BHEP        </classification-ipcr><classification-ipcr mxw-id="PCL-1730488725" load-source="docdb">A61K   9/06        20060101ALI20171115BHEP        </classification-ipcr><classification-ipcr mxw-id="PCL-1730488726" load-source="docdb">A61K   9/00        20060101ALI20171115BHEP        </classification-ipcr></classifications-ipcr><classifications-cpc><classification-cpc mxw-id="PCL-1987781024" load-source="docdb" scheme="CPC">A61L  26/0066      20130101 LI20140822BHEP        </classification-cpc><classification-cpc mxw-id="PCL-1987787868" load-source="docdb" scheme="CPC">A61K  47/12        20130101 LI20130717BHEP        </classification-cpc><classification-cpc mxw-id="PCL-1987795465" load-source="docdb" scheme="CPC">A61K   9/06        20130101 LI20140820BHEP        </classification-cpc><classification-cpc mxw-id="PCL-1987797468" load-source="docdb" scheme="CPC">A61L2300/412       20130101 LA20130717BHEP        </classification-cpc><classification-cpc mxw-id="PCL-1987800739" load-source="docdb" scheme="CPC">A61K   9/0014      20130101 FI20140822BHEP        </classification-cpc><classification-cpc mxw-id="PCL-1987800800" load-source="docdb" scheme="CPC">A61L  26/0057      20130101 LI20130717BHEP        </classification-cpc></classifications-cpc><invention-title mxw-id="PT165552260" lang="DE" load-source="patent-office">ZUSAMMENSETZUNG ZUR BESCHLEUNIGTEN WUNDHEILUNG GESCHÄDIGTEN GEWEBES</invention-title><invention-title mxw-id="PT165552261" lang="EN" load-source="patent-office">COMPOSITION FOR ACCELERATING THE HEALING OF DAMAGED TISSUE</invention-title><invention-title mxw-id="PT165552262" lang="FR" load-source="patent-office">COMPOSITION DESTINÉE À ACCÉLÉRER LA CICATRISATION DE TISSUS LÉSÉS</invention-title></technical-data><parties><applicants><applicant mxw-id="PPAR1103337081" load-source="docdb" sequence="1" format="epo"><addressbook><last-name>HARTMANN PAUL AG</last-name><address><country>DE</country></address></addressbook></applicant><applicant mxw-id="PPAR1103332833" load-source="docdb" sequence="1" format="intermediate"><addressbook><last-name>PAUL HARTMANN AG</last-name></addressbook></applicant><applicant mxw-id="PPAR1101643920" load-source="patent-office" sequence="1" format="original"><addressbook><last-name>Paul Hartmann AG</last-name><iid>100196507</iid><address><street>Paul-Hartmann-Strasse 12</street><city>89522 Heidenheim</city><country>DE</country></address></addressbook></applicant></applicants><inventors><inventor mxw-id="PPAR1103304278" load-source="docdb" sequence="1" format="epo"><addressbook><last-name>SMOLA HANS</last-name><address><country>DE</country></address></addressbook></inventor><inventor mxw-id="PPAR1103319456" load-source="docdb" sequence="1" format="intermediate"><addressbook><last-name>SMOLA, HANS</last-name></addressbook></inventor><inventor mxw-id="PPAR1101642236" load-source="patent-office" sequence="1" format="original"><addressbook><last-name>SMOLA, HANS</last-name><address><street>Am Staden 31</street><city>66121 Saarbrücken</city><country>DE</country></address></addressbook></inventor></inventors><agents><agent mxw-id="PPAR1101640384" load-source="patent-office" sequence="1" format="original"><addressbook><last-name>Keller, Günter</last-name><suffix>et al</suffix><iid>101157010</iid><address><street>Lederer &amp; Keller Patentanwälte Partnerschaft mbB Unsöldstrasse 2</street><city>80538 München</city><country>DE</country></address></addressbook></agent></agents></parties><international-convention-data><pct-or-regional-filing-data ucid="EP-2014052096-W"><document-id><country>EP</country><doc-number>2014052096</doc-number><kind>W</kind><date>20140204</date><lang>DE</lang></document-id></pct-or-regional-filing-data><pct-or-regional-publishing-data ucid="WO-2014127983-A1"><document-id><country>WO</country><doc-number>2014127983</doc-number><kind>A1</kind><date>20140828</date><lang>DE</lang></document-id></pct-or-regional-publishing-data><designated-states><ep-contracting-states><country mxw-id="DS660643653" load-source="docdb">AL</country><country mxw-id="DS660730875" load-source="docdb">AT</country><country mxw-id="DS660643663" load-source="docdb">BE</country><country mxw-id="DS660638900" load-source="docdb">BG</country><country mxw-id="DS660640410" load-source="docdb">CH</country><country mxw-id="DS660794056" load-source="docdb">CY</country><country mxw-id="DS660730876" load-source="docdb">CZ</country><country mxw-id="DS660643664" load-source="docdb">DE</country><country mxw-id="DS660794057" load-source="docdb">DK</country><country mxw-id="DS660794058" load-source="docdb">EE</country><country mxw-id="DS660754741" load-source="docdb">ES</country><country mxw-id="DS660638901" load-source="docdb">FI</country><country mxw-id="DS660640423" load-source="docdb">FR</country><country mxw-id="DS660643665" load-source="docdb">GB</country><country mxw-id="DS660794059" load-source="docdb">GR</country><country mxw-id="DS660643666" load-source="docdb">HR</country><country mxw-id="DS660730877" load-source="docdb">HU</country><country mxw-id="DS660722048" load-source="docdb">IE</country><country mxw-id="DS660794060" load-source="docdb">IS</country><country mxw-id="DS660640424" load-source="docdb">IT</country><country mxw-id="DS660794061" load-source="docdb">LI</country><country mxw-id="DS660638902" load-source="docdb">LT</country><country mxw-id="DS660720692" load-source="docdb">LU</country><country mxw-id="DS660638907" load-source="docdb">LV</country><country mxw-id="DS660638908" load-source="docdb">MC</country><country mxw-id="DS660720693" load-source="docdb">MK</country><country mxw-id="DS660720694" load-source="docdb">MT</country><country mxw-id="DS660638909" load-source="docdb">NL</country><country mxw-id="DS660640425" load-source="docdb">NO</country><country mxw-id="DS660638910" load-source="docdb">PL</country><country mxw-id="DS660722049" load-source="docdb">PT</country><country mxw-id="DS660643676" load-source="docdb">RO</country><country mxw-id="DS660722050" load-source="docdb">RS</country><country mxw-id="DS660638919" load-source="docdb">SE</country><country mxw-id="DS660754742" load-source="docdb">SI</country><country mxw-id="DS660640426" load-source="docdb">SK</country><country mxw-id="DS660640435" load-source="docdb">SM</country><country mxw-id="DS660794062" load-source="docdb">TR</country></ep-contracting-states><ep-extended-states><ep-extended-state-data><country>BA</country></ep-extended-state-data><ep-extended-state-data><country>ME</country></ep-extended-state-data></ep-extended-states></designated-states></international-convention-data><office-specific-data><eptags><ep-no-a-document-published>*</ep-no-a-document-published></eptags></office-specific-data></bibliographic-data><abstract mxw-id="PA139080669" ref-ucid="WO-2014127983-A1" lang="DE" load-source="patent-office"><p num="0000">Offenbart wird eine medizinisch-topische Zusammensetzung zur Wundbehandlung umfassend 0,001 bis 3 Gew.-% Fettsäure-Extrakte aus Leinsamenöl oder Rapsöl bezogen auf das Gesamtgewicht der medizinisch-topischen Zusammensetzung. Die medizinisch-topische Zusammensetzung ist eine Salbe. Die medizinisch-topische Zusammensetzung kann auf eine Wundauflage mit sekretbindenden oder sekretdurchlässigen Materialien aufgebracht werden. Die medizinisch-topische Zusammensetzung oder Vorrichtung kann zur Wundbehandlung eingesetzt werden, wobei während der Epithelisierungsphase die Zellmigration beschleunigt wird.</p></abstract><abstract mxw-id="PA139547122" ref-ucid="WO-2014127983-A1" lang="DE" source="national office" load-source="docdb"><p>Offenbart wird eine medizinisch-topische Zusammensetzung zur Wundbehandlung umfassend 0,001 bis 3 Gew.-% Fettsäure-Extrakte aus Leinsamenöl oder Rapsöl bezogen auf das Gesamtgewicht der medizinisch-topischen Zusammensetzung. Die medizinisch-topische Zusammensetzung ist eine Salbe. Die medizinisch-topische Zusammensetzung kann auf eine Wundauflage mit sekretbindenden oder sekretdurchlässigen Materialien aufgebracht werden. Die medizinisch-topische Zusammensetzung oder Vorrichtung kann zur Wundbehandlung eingesetzt werden, wobei während der Epithelisierungsphase die Zellmigration beschleunigt wird.</p></abstract><abstract mxw-id="PA139080670" ref-ucid="WO-2014127983-A1" lang="EN" load-source="patent-office"><p num="0000">The invention relates to a medical topical composition for treating wounds, comprising 0.001 to 3 wt.% fatty acid extracts from linseed oil or rapeseed oil, based on the total weight of the medical topical composition. The medical topical composition is an ointment and can be applied onto a wound dressing with secretion-binding or secretion-permeable materials. The medical topical composition or device can be used to treat wounds, wherein the cell migration is accelerated during the epithelization phase.</p></abstract><abstract mxw-id="PA139547123" ref-ucid="WO-2014127983-A1" lang="EN" source="national office" load-source="docdb"><p>The invention relates to a medical topical composition for treating wounds, comprising 0.001 to 3 wt.% fatty acid extracts from linseed oil or rapeseed oil, based on the total weight of the medical topical composition. The medical topical composition is an ointment and can be applied onto a wound dressing with secretion-binding or secretion-permeable materials. The medical topical composition or device can be used to treat wounds, wherein the cell migration is accelerated during the epithelization phase.</p></abstract><abstract mxw-id="PA139080671" ref-ucid="WO-2014127983-A1" lang="FR" load-source="patent-office"><p num="0000">L'invention concerne une composition topique médicinale servant au traitement des plaies, comprenant 0,001 à 3 % en poids d'extraits d'acide gras d'huile de lin ou d'huile de colza par rapport au poids total de la composition topique médicinale. Cette composition topique médicinale est un onguent. Elle peut être appliquée sur un pansement comportant des matériaux qui lient les sécrétions ou qui sont perméables à ces dernières. Cette composition topique médicinale ou le dispositif correspondant peuvent être utilisés pour le traitement de plaies, la migration cellulaire étant accélérée pendant la phase d'épithélialisation.</p></abstract><abstract mxw-id="PA139547124" ref-ucid="WO-2014127983-A1" lang="FR" source="national office" load-source="docdb"><p>L'invention concerne une composition topique médicinale servant au traitement des plaies, comprenant 0,001 à 3 % en poids d'extraits d'acide gras d'huile de lin ou d'huile de colza par rapport au poids total de la composition topique médicinale. Cette composition topique médicinale est un onguent. Elle peut être appliquée sur un pansement comportant des matériaux qui lient les sécrétions ou qui sont perméables à ces dernières. Cette composition topique médicinale ou le dispositif correspondant peuvent être utilisés pour le traitement de plaies, la migration cellulaire étant accélérée pendant la phase d'épithélialisation.</p></abstract><description mxw-id="PDES78478360" ref-ucid="WO-2014127983-A1" lang="DE" load-source="patent-office"><!-- EPO <DP n="2"/>--><p id="p0001" num="0001"> Zusammensetzung zur beschleunigten Wundheilung geschädigten Gewebes </p><p id="p0002" num="0002">Die vorliegende Erfindung betrifft eine medizinisch-topische Zusammensetzung zur Wundbehandlung umfassend 0,001 bis 3 Gew.-% Fettsäure-Extrakte aus natürlichen Ölen bezogen auf das Gesamtgewicht der medizinisch-topischen Zusammensetzung, wobei es sich bei den natürlichen Ölen um Leinsamenöl oder Rapsöl handelt. </p><p id="p0003" num="0003">Salben und Hydrogele sind im Stand der Technik bekannt. </p><p id="p0004" num="0004">So offenbart EP426422 einen Wundverband, auf dem ein Hydrogelmaterial im Hohlraum eines flexiblen Rückenteils aufgebracht ist. </p><p id="p0005" num="0005">WO2007014672 offenbart ein Hydrogel mit einem Wassergehalt von mindesten 50 Gew.-% sowie dessen Herstellung und Verwendung in der modernen Wundbehandlung. </p><p id="p0006" num="0006">WO201 1095194 beschreibt eine mehrschichtige Wundauflage mit einer wasserhaltigen Hydrogelmatrix und einer absorbierenden Schicht, sowie die Herstellung und Verwendung der wasserhaltigen Hydrogelmatrix. </p><p id="p0007" num="0007">Es ist ebenfalls bekannt, Fettsäuren in topische Formulierungen einzubringen. </p><p id="p0008" num="0008">Die WO2011 148247 offenbart hier eine omega3-Fettsäuren enthaltende stabilisierende Formulierung zur topischen Anwendung, in Kombination mit Vitamin E, Vitamin C, Pflanzenextrakten und fettlöslichen Antioxidantien. </p><p id="p0009" num="0009">Die WO2012059158 beschreibt ein Gemisch aus omega3-Fettsäure und einem Inhibitor des NF-kB Transkriptionsfaktors. Das Gemisch eingebunden in eine pharmazeutische Formulierung eignet sich zur Vorbeugung und Behandlung von Entzündungen. 
<!-- EPO <DP n="3"/>-->
 Die US 2008/0193393 offenbart ein Verabreichungssystem für topisch aufgetragene Komponenten, wobei dieses System zwingend eine Fettsäure, ein Phospholipid und ein Öl in einem bestimmten Verhältnis von Gewichtsprozenten zueinander enthält. </p><p id="p0010" num="0010">Die WO2013000382 offenbart eine pharmazeutische Zubereitung zusammengesetzt aus einem Fettsäure-Gemisch, Pflanzenextrakt und modifizierten Derivaten davon zur Regeneration verletzter Haut, Muskelgewebe und Schleimhäute. </p><p id="p0011" num="0011">In der nicht vorveröffentlichten internationalen Anmeldung mit der Anmeldenummer PCT/EP2012/065658 wird eine Wirkstoffkombination für die Pflege der Altershaut beschrieben, die aus folgenden Komponenten besteht. a) 0,01 bis 20 Gew.-% Mandelöl, </p><p id="p0012" num="0012">b) 0,01 bis 1 ,5 Gew.-% Leinsamenölfettsäuren, </p><p id="p0013" num="0013">c) 0,001 bis 1 ,5 Gew.-% Aminosäuren und </p><p id="p0014" num="0014">d) 0,01 bis 1 ,5 Gew.-% Kreatin. </p><p id="p0015" num="0015">Es besteht jedoch weiterhin ein Bedarf an einfach anzuwendenden Formulierungen, die insbesondere die Wundheilung beschleunigen. Die Formulierungen sollen einfach herstellbar, stabil und lagerfähig sein. Es besteht insbesondere ein Bedarf nach wirksamen Formulierungen, deren Wirkstoffe aus natürlich vorkommenden Quellen (insbesondere Pflanzen) stammen. </p><p id="p0016" num="0016">Dieser Bedarf wird durch den Gegenstand der Patentansprüche erfüllt. </p><p id="p0017" num="0017">Die Lösung der vorstehenden Aufgabe beruht auf dem überraschenden Befund, dass Fettsäure-Extrakte aus den natürlichen Ölen, Leinsamenöl und Rapsöl eine beschleunigte Wundheilung, insbesondere eine beschleunigte Zellmigration während der Epithelisierungsphase zeigen, insbesondere wenn sie in Form einer Salbe oder eines wasserhaltigen Hydrogels vorliegen und auf eine Wunde aufgebracht werden. 
<!-- EPO <DP n="4"/>-->
 In der vorliegenden Erfindung werden damit Fettsäure-Extrakte aus natürlichen Ölen, ausgewählt aus Leinsamenöl und Rapsöl in einer medizinisch-topischen Zusammensetzung insbesondere in Form einer Salbe oder eines wasserhaltigen Hydrogels zur Verfügung gestellt, die insbesondere zur Wundbehandlung eingesetzt werden können. In einer bevorzugten Ausführungsform wird eine Vorrichtung zur Verfügung gestellt, bei der die medizinisch-topische Zusammensetzung auf einer Wundauflage aufgetragen vorliegt. Die Wundauflage der Vorrichtung unterstützt aufgrund ihrer sekretbindenden oder sekretdurchlässigen Materialeigenschaften die Wundheilung. </p><p id="p0018" num="0018">Die medizinisch-topischen Zusammensetzungen werden bevorzugt zur Wundbehandlung eingesetzt, wobei während der Epithelisierungsphase die Zellmigration beschleunigt wird. </p><p id="p0019" num="0019">Unter dem Begriff Wunde werden jegliche mit Gewebezerstörung und Gewebeverlust einhergehende Zusammenhangstrennungen von Gewebe definiert. Der Verschluss eines Gewebedefektes erfolgt zunächst durch eine Gewebereaktion, die unter dem Begriff Wundheilung zusammengefasst werden. Die drei Formen der Wundheilung sind die epitheliale, primäre und sekundäre Wundheilung. Epitheliale Wunden treten bei oberflächlichen Schädigungen des Gewebes auf, wie zum Beispiel Verbrennungen, Verbrühungen, Schürfoder Risswunden. Primäre Wunden werden beispielsweise durch plastische oder kosmetische Eingriffe wie Nagelextraktion, Phimoseoperation und Hauttransplantationen hervorgerufen. Zu den sekundären Wunden zählen alle infektionsgefärdeten, großflächigen Gewebedefekte, bei der eine oder mehrere Erkrankungen zugrunde liegen können. </p><p id="p0020" num="0020">Bei der Wundheilung werden drei ineinander übergreifende, zeitlich überlappende Phasen durchlaufen, diese sind die Entzündungs-, Granulations- und Epithelisierungsphase. Bei tieferen Wunden wird während der Entzündungsphase die blutstillende Kaskade unter Einbeziehung der Blutplättchen und Endothelzellen aktiviert. Weiterhin wird unter anderem während der Entzündungsphase ein Fibrinnetz gebildet, das dem neugebildeten Granulationsgewebe als Matrix dient. Während der Granulationsphase wandern Fibroblasten aus dem umliegenden Gewebe in die Wunde ein und bilden ein neues Bindegewebe. Die Fibroblasten produzieren eine Vorstufe des Kollagens, die außerhalb der Zellen unter dem Einfluss verschiedener biochemisch wirksamer Substanzen zu festen Kollagenfasern 
<!-- EPO <DP n="5"/>-->
 ausreifen. Die Epithelisierungsphase bringt die Wundheilung schließlich zum Abschluss, dabei kommt es zur Umbildung des Defektgewebes. Die Keratinozyten, die zur Mitose befähigten Zellen aus der Epidermis vermehren sich und beginnen, meist vom Wundrand her, mit der Überhäutung der Granulationsfläche. Das Einwandern der Keratinozyten vom Wundrand her wird als Migration bezeichnet. </p><p id="p0021" num="0021">Die Wundheilung ist ein dynamisches Geschehen aus katabolischen und anabolischen Prozessen und findet erst bei einer Temperatur von 28°C statt, da ab dieser Temperatur die Mitose erfolgt. Ein feucht-warmes Milieu begünstigt die Wundheilung. </p><p id="p0022" num="0022">Im Sinne der vorliegenden Erfindung sind die Begriffe "Wundheilung" und "Wundbehandlung" austauschbar. </p><p id="p0023" num="0023">In der vorliegenden Erfindung konnte gezeigt werden, dass die Fettsäure-Extrakte aus den natürlichen Ölen wie Leinsamenöl oder Rapsöl einen beschleunigenden Effekt auf die Zellmigration während der Epithelisierungsphase ausüben. </p><p id="p0024" num="0024">Die erfindungsgemäßen Produkte beschleunigen damit die Wundheilung. Da die einzelnen Phasen der Wundheilung zeitlich überlappen, kann die medizinisch-topische Zusammensetzung der vorliegenden Erfindung sowohl für die Behandlung epithelialer als auch primärer und sekundärer Wunden eingesetzt werden. </p><p id="p0025" num="0025">Die Fettsäure-Extrakte der vorliegenden Erfindung stammen aus natürlichen Ölen. Bei Fettsäure-Extrakten aus natürlichen Ölen handelt es sich um freie Fettsäuren. Die freien Fettsäuren sollen die Wunde, das geschädigte Gewebe mit essentiellen Fettsäuren versorgen, dabei soll die Freisetzung aus Triglyceriden aus Gründen der Bioverfügbarkeit umgangen werden. Die Fettsäure-Extrakte aus natürlichen Ölen gemäß der Erfindung liegen damit bevorzugt in Form freier Fettsäuren und nicht als Triglycerid vor. Die natürlichen Öle werden für die pharmazeutische und kosmetische Industrie durch Kaltpressung gewonnen. Je nach Art und Herkunft der natürlichen Produkte für die Ölgewinnung und dem Verfahren der Ölgewinnung schwankt die natürliche Zusammensetzung der Öle und der daraus gewonnenen Fettsäuren. 
<!-- EPO <DP n="6"/>-->
 In einer besonderen Ausführungsform sind medizinisch-topische Zusammensetzungen, die eine Wirkstoffkombination enthalten, die aus folgenden Komponenten bestehen a) 0,01 bis 20 Gew.-% Mandelöl, </p><p id="p0026" num="0026">b) 0,01 bis 1 ,5 Gew.-% Leinsamenölfettsäuren, </p><p id="p0027" num="0027">c) 0,001 bis 0,5 Gew.-% Aminosäuren und </p><p id="p0028" num="0028">d) 0,01 bis 1 ,5 Gew.-% Kreatin ausgeschlossen. </p><p id="p0029" num="0029">Die natürlichen Öle, Leinsamenöl, Rapsöl, Sojaöl und Olivenöl dienen als Ausgangssubstanz für die Isolierung der Fettsäure-Extrakte. Natürliche Öle haben folgende Fettsäure- Zusammensetzung (Zahl der C-Atome: Zahl der Doppelbindungen in Klammern) in den jeweils angegebenen relativen Anteilen: </p><p id="p0030" num="0030">Leinsamenöl Rapsöl Sojaöl Olivenöl</p><p id="p0031" num="0031">Palmitinsäure (C16:0) 4-8 % 2-7 % 4-8 % 1 1 -15 %</p><p id="p0032" num="0032">Stearinsäure (C18:0) 2-5 % 1 -3 % 4-7 % 1 -3 % </p><p id="p0033" num="0033"> Ölsäure (C18:1 ) 16-26 % 55-65 % 25-35 % 55-71 %</p><p id="p0034" num="0034">Linolsäure (C18:2) 14-24 % 9-31 % 52-68 % 13-23 %</p><p id="p0035" num="0035">Linolensäure (C18:3) 43-55 % 8-10 % 5-8 % 1 -3 % sowie Fettsäuren mit Kohlenstoffketten, die mehr als 18 Kohlenstoffatome aufweisen 0,1 -2 %; wobei sich die Prozentangaben zu 100 % addieren. </p><p id="p0036" num="0036">Erfindungsgemäß wurde gefunden, dass Extrakte aus Leinsamenöl und Rapsöl, insbesondere aus Leinsamenöl, die Wundheilung wesentlich stärker beschleunigen, als Extrakte aus anderen natürlichen Ölen, wie Sojaöl und Olivenöl. </p><p id="p0037" num="0037">In einer bevorzugten Ausführungsform handelt es sich bei den natürlichen Ölen um Leinsamenöl mit folgender Fettsäure-Zusammensetzung: 
<!-- EPO <DP n="7"/>-->
 Palmitinsäure 4-8 %, </p><p id="p0038" num="0038"> Stearinsäure 2-5 %, </p><p id="p0039" num="0039"> Ölsäure 16-26 %, </p><p id="p0040" num="0040"> Linolsäure 14-24%, </p><p id="p0041" num="0041"> Linolensäure 43-55 % sowie Fettsäuren mit Kohlenstoffketten, die mehr als 18 Kohlenstoffatome aufweisen 0, 1 -2 % und wobei sich die einzelnen Komponenten auf 100 % addieren. </p><p id="p0042" num="0042">In einer bevorzugten Ausführungsform werden die Fettsäure-Extrakte aus Leinsamenol oder Rapsöl durch alkalische Hydrolyse mit anschließender Ansäuerung gewonnen. In einer besonders bevorzugten Ausführungsform werden die Fettsäure-Extrakte aus Leinsamenol durch alkalische Hydrolyse mit anschließender Ansäuerung gewonnen. </p><p id="p0043" num="0043">In einer anderen Ausführungsform werden die Fettsäure-Extrakte aus Leinsamenol oder Rapsöl, besonders bevorzugt aus Leinsamenol, durch Hydrolyse, anschließender Ansäuerung und anschließender Destillation gewonnen. </p><p id="p0044" num="0044">In der vorliegenden Erfindung konnte in einer in vitro Rekonstruktion humaner Epidermis gezeigt werden, dass sich die Fettsäure-Extrakte aus Leinsamenol (omega 6 zu omega3: 1 :2 bis 1 :4) und die Fettsäure-Extrakte aus Rapsöl (2:1 bis 4:1 ) im Vergleich zu Fettsäure-Extrakte aus Sojaöl (7:1 ) oder Olivenöl (4:1 ) beschleunigend auf die Wundheilung auswirken. Die in Klammern wiedergegebenen Zahlenwerte bezeichnen das Verhältnis von omega6 zu omega3 Fettsäuren. </p><p id="p0045" num="0045">In der vorliegenden Erfindung wird die beschleunigte Wundheilung geschädigten Gewebes an einer in vitro Rekonstruktion humaner Epidermis mittels der zeitaufgelösten Impedanzmessung gezeigt, nach der in vitro Änderungen der Zellmorphologie für bioanalytische Zwecke genutzt werden können. Zunächst werden für die impedimetrische Messung Zellen auf einer flachen Goldfilm-Elektrode kultiviert. Anschließend wird die Impedanz (Wechselstromwiderstand) der zellbedeckten Elektrode bei einer oder mehreren Frequenzen als Funktion der Zeit gemessen. Die Zellen verhalten sich aufgrund der isolierenden Eigenschaften ihrer Plasmamembran wie 
<!-- EPO <DP n="8"/>-->
 dielektrische Partikel. Mit zunehmender Zelldichte nimmt die Impedanz zu. Nachdem die Elektrode mit einer kontinuierlichen Zellschicht bedeckt ist, wird die gemessene Impedanz maßgeblich durch die Zellmorphologie bestimmt. Ändert sich die Zellform infolge eines externen Stimulus, so ändern sich die Stromwege um und durch die Zelle, so dass die gemessene Impedanz sich entsprechend verändert. </p><p id="p0046" num="0046">Maßgeblich wird die Wundheilung durch Fettsäure-Extrakte aus Leinsamenöl und durch Fettsäure-Extrakte aus Rapsöl beschleunigt, insbesondere durch Fettsäure-Extrakte aus Leinsamenöl. Der beschleunigende Effekt auf die Wundheilung wird in einer in vitro Rekonstruktion humaner Epidermis nachgewiesen. Dafür werden Keratinozyten (HACAT- Zellen) auf einer Goldelektrode kultiviert, mit den Fettsäure-Extrakten aus den natürlichen Ölen versetzt, einem elektrischen Verwundungspuls ausgesetzt und impedimetrisch untersucht. In den Wundheilungs-Assays erwiesen sich überraschenderweise die Fettsäure-Präparationen aus Rapsöl, insbesondere Fettsäure-Extrakte aus Leinsamenöl beschleunigend auf die Migrationsleistung der Keratinozyten. Die Einflüsse der Fettsäure-Extrakte aus Olivenöl und Sojaöl blieben jedoch weitgehend unauffällig. </p><p id="p0047" num="0047">Zunächst wurde in einem ersten experimentellen Ansatz mittels impedimetrischen Methoden zur elektrischen Charakterisierung der intakten Keratinozyten der Einfluss verschiedener Fettsäure-Extrakte auf eine mögliche Modulation der epithelialen Barrierefunktion der Zellen untersucht. Hierbei nehmen die Fettsäure-Extrakte aus Leinsamenöl, Olivenöl, Rapsöl und Sojaöl nach einer Inkubationszeit von 24 oder 32 Stunden keinerlei Einfluss auf die Barrierefunktion intakter Zellen. Es ist weder eine signifikante Verstärkung der epithelialen Barriere durch die Fettsäuren noch eine Reduktion derselben zu verzeichnen. </p><p id="p0048" num="0048">Anschließend wurde der Einfluss der Fettsäure-Extrakte aus natürlichen Ölen auf die beschleunigte Wundheilung am Beispiel eines in vitro Modells an Keratinozyten mittels histologischer Validierungsexperimente untersucht. Die Keratinozyten wurden dabei ebenfalls auf einer Goldelektrode kultiviert, mit Fettsäure-Extrakten aus natürlichen Ölen versetzt und anschließend einem elektrischen Verwundungspuls ausgesetzt. Die Unterscheidung lebender und toter Zellen basiert auf Fluoreszenzfarbstoffen. Als Marker für lebende Zellen dient das membrangängige Fluorophor-Precursor Calcenin AM (CAM), das durch unspezifische 
<!-- EPO <DP n="9"/>-->
 Esterasen aus dem Zytoplasma zu grün fluoreszierendem Calcein umgesetzt wird. Als Marker toter Zellen wird hingegen der DNA Interkalationsfarbstoff Ethidium-Homo-Dimer (ETHD), der die Plasmamembran vitaler Zellen nicht überwinden kann, eingesetzt. Tote Zellen sind aufgrund ihrer intensiv roten fluoreszierender Kerne von den lebenden Zellen zu unterscheiden. Damit ergibt sich zu jedem gewünschten Zeitpunkt des Assays ein fluoreszenzmikroskopisch leicht zu interpretierendes Bild über die Verteilung von lebenden und toten Zellen. Zwei respektive vier Stunden nach der elektrischen Verwundung lässt sich das fortschreitende Einwachsen der Zellen (Migration) aus der Peripherie deutlich erkennen. Tote Zellen mit roten Kernen verschwinden von den Elektroden und werden durch die aus der Peripherie eingewanderten Zellen mit grün leuchtendem Zytoplasma ersetzt. </p><p id="p0049" num="0049">Basierend auf impedimetrischen Messungen wurde ferner die optimale Konzentration der eingesetzten Fettsäure-Extrakten aus natürlichen Ölen bestimmt. </p><p id="p0050" num="0050">In einer bevorzugten Ausführungsform beträgt der Anteil an Fettsäure-Extrakt aus den natürlichen Ölen in der medizinisch-topischen Zusammensetzung zur Wundbehandlung 0,005 bis 1 ,5 Gew.-%, bevorzugt 0,015 bis 0.3 Gew.-% bezogen das Gesamtgewicht der medizinisch-topischen Zusammensetzung. </p><p id="p0051" num="0051">In einer besonderen Ausführungsform ist die medizinisch-topische Zusammensetzung zur Wundbehandlung eine Salbe. </p><p id="p0052" num="0052">Eine Salbe im Sinne der vorliegenden Erfindung, ist eine halbfeste und homogen aussehende Zubereitung und dient der lokalen Applikation der Fettsäure-Extrakte aus den natürlichen Ölen. Halbfeste Zubereitungen zur kutanen Anwendung bestehen aus einer einfachen oder zusammengesetzten Grundlage, in der in der Regel ein Wirkstoff oder mehrere Wirkstoffe gelöst oder dispergiert sind. Unter dem Begriff "Salben" fallen folgende Darreichungsformen wie einphasiges lipophiles System, Gele wie zum Beispiel Hydrogele, Cremes und Pasten. Salben sind bekannt und in Standardwerken wie z.B. von Schöffling (Arzneiformenlehre: Ein Lehrbuch der Galenik für Theorie und Praxis, 5. Auflage (2009)) und von Bauer, Frömming und Führer (Pharmazeutische Technologie 9. Auflage (2012)) beschrieben. 
<!-- EPO <DP n="10"/>-->
 In einer weiteren bevorzugten Ausführungsform handelt es sich bei der Salbe um ein einphasiges lipophiles System oder um ein wasserhaltiges Hydrogel. Das lipophile System besteht aus einer lipophilen Grundlage natürlicher und/oder synthetischer Stoffe. </p><p id="p0053" num="0053">In einer bevorzugten Ausführungsform der Erfindung enthält das einphasige lipophile System mindestens einen Bestandteil ausgewählt aus der Gruppe umfassend Na- Carboxymethylcellulose, amorphes Siliciumdioxid, teilweise oder vollständig verestertes Glycerin, Polyethylenglykol, ethoxylierte höhere Alkohole, natürliche oder synthetische Wachse, Paraffin, Gemische aus höheren aliphatischen Alkanen, Ester aus Benzoesäure, Zimtsäure oder Benzylalkohol und Mischungen davon. </p><p id="p0054" num="0054">In einer bevorzugten Ausführungsform enthält das einphasige lipophile System als weiteren Salbenbestandteil Glycerin, das teilweise oder vollständig mit einem Gemisch aus Bernsteinsäure und Isostearinsäure, einem Gemisch aus Stearinsäure und Palmitinsäure, einem Gemisch aus Caprylsäure und Caprinsäure, einem Gemisch aus gesättigten pflanzlichen C<sub>8</sub> bis C <sub>8</sub> Fettsäuren und Kombinationen davon, verestert ist. </p><p id="p0055" num="0055">In einer besonders bevorzugten Ausführungsform enthält das einphasige lipophile System als weiteren Bestandteil Paraffin oder vollständig mit gesättigten pflanzlichen C<sub>8</sub> bis C<sub>18</sub> Fettsäuren verestertes Glycerin. </p><p id="p0056" num="0056">Besonders bevorzugt sind erfindungsgemäß einphasige lipophile Systeme, die alle zwei vorstehend genannten Salbenbestandteile enthalten. </p><p id="p0057" num="0057">Die erfindungsgemäßen Salben enthalten in der Regel weitere Inhaltsstoffe, wie sie für Salben üblich sind. Dazu zählen beispielhaft Ölkomponenten, Emulgatoren, Lösungsvermittler, Konservierungsmittel, Antioxidantien, Viskositäts- und pH-Regulierer, Färb- und Duftstoffe, sowie Wasser. Die Herstellung der erfindungsgemäßen Salben erfolgt auf an sich bekannte Art und Weise, wie sie in Standardwerken wie z.B. von Schöffling (Arzneiformenlehre: Ein Lehrbuch der Galenik für Theorie und Praxis, 5. Auflage (2009)) beschrieben ist. 
<!-- EPO <DP n="11"/>-->
 Wasserhaltige Hydrogele setzen sich aus wasserunlöslichen Polymeren zusammen, die sich zu einem dreidimensionalen Netzwerk verknüpfen. Sie bestehen zu 40 - 90 Gew.-% aus gebundenem Wasser oder wässriger Lösung. Als wässrige Lösung können beispielsweise Lösungen mit einem definierten pH-Wert und Elektrolytspektrum, wie zum Beispiel die Ringerlösung eingesetzt werden. </p><p id="p0058" num="0058">Wasserhaltige Hydrogele unterstützen aufgrund ihres hohen Feuchtigkeitsgehaltes die Wundheilung. Das wasserhaltige Hydrogel in der vorliegenden Erfindung wird für die lokale Verabreichung der Fettsäure-Extrakte aus natürlichen Ölen verwendet. Bei den wasserhaltigen Hydrogelen wird der wundheilende Effekt der erfindungsgemäß eingesetzten Fettsäure- Extrakte überraschenderweise deutlich verstärkt. </p><p id="p0059" num="0059">Bei einer bevorzugten erfindungsgemäßen Ausführungsform handelt es sich um ein wasserhaltiges Hydrogel auf Polysaccharid-Basis. Derartige Hydrogele sind z.B. in der Patentliteratur WO2007014672 beschrieben, auf die insoweit Bezug genommen wird. </p><p id="p0060" num="0060">Bei dieser Ausführungsform umfasst das wasserhaltige Hydrogel mindestens ein gelbildendes Polymer und mindestens einen mehrwertigen Alkohol, wobei das gelbildende Polymer ein Polysaccharid ist. </p><p id="p0061" num="0061">Bei dieser Ausführungsform ist weiter bevorzugt, dass das wasserhaltige Hydrogel mindestens ein gelbildendes Polymer, mindestens einen mehrwertigen Alkohol und mindestens ein Acrylsäurederivat, wobei das gelbildende Polymer ein Polysaccharid ist umfasst. </p><p id="p0062" num="0062">Bei dieser Ausführungsform ist das gelbildende Polysaccharid bevorzugt aus der Gruppe umfassend Hydroxycellulose, Carboxycellulose, Stärke, Alginate oder deren Derivate, Chitin oder dessen Derivate oder Salze ausgewählt. </p><p id="p0063" num="0063">Bei dieser Ausführungsform ist der mehrwertige Alkohol bevorzugt aus der Gruppe umfassend Glycerin, Sorbit, Polypropylenglykol und Polyethlyenglykol ausgewählt. </p><p id="p0064" num="0064">Bei dieser Ausführungsform ist das Acrylsäurederivat bevorzugt eine Polyacrylsäure. 
<!-- EPO <DP n="12"/>-->
 Bei einer weiteren bevorzugten Ausführungsform handelt es sich um ein wasserhaltiges Hydrogel, das basierend auf einer Mischung aus einem Vorpolymer mit Isophorondiisocyanatendgruppen und einem Diamin auf Polyethylenoxidbasis basiert. Derartige Hydrogele sind beispielsweise in der Patentliteratur EP426422 und WO201 1095194 beschrieben, auf die insoweit Bezug genommen wird. </p><p id="p0065" num="0065">Bei dieser bevorzugten Ausführungsform handelt es sich um wasserhaltiges Hydrogel, wobei das wasserhaltige Hydrogel mindestens ein gelbildendes Polymer und mindestens einen mehrwertigen Alkohol umfasst und wobei das gelbildende Polymer eine Mischung aus einem Vorpolymer mit Isophorondiisocyanatendgruppen und einem Diamin auf Polyethylenoxidbasis ist, wobei das Verhältnis der reaktiven Gruppen des Isocyanats zu den Amidgruppen des Diamins bevorzugt bei 1 :1.25 bis 1 :1.35 liegt. </p><p id="p0066" num="0066">Das Vorpolymer mit den Isophorondiisocyanatendgruppen ist eine Vorstufe des Gel-Polymers, das nach erfolgter Reaktion mit einem Diamin erhalten wird. Zur Ausbildung eines dreidimensionalen Gel-Netzwerkes liegt das Verhältnis ("NCO" : "NH2") der reaktiven Gruppen des Isocyanats ("NCO") des Vorpolymers zu den reaktiven Gruppen des Diamins ("NH2") bevorzugt bei 1 : 1.25 bis 1 :1 .35. </p><p id="p0067" num="0067">Beispielsweise kann als ein Diamin auf Polyethylenoxidbasis das Produkt Jeffamine ED-2003 und als ein Vorpolymer mit Isophorondiisocyanatendgruppen das Produkt Aquapol PI-13000-3 eingesetzt werden. </p><p id="p0068" num="0068">In einer bevorzugten Ausführungsform handelt es sich erfindungsgemäß um ein wasserhaltiges Hydrogel, das als Lösungsvermittler ein Tensid enthält. </p><p id="p0069" num="0069">Tenside wirken als Lösungsvermittler, indem sie beispielsweise die Grenzflächenspannung zwischen zwei Phasen herabsetzen. 
<!-- EPO <DP n="13"/>-->
 In einer besonders bevorzugten Ausführungsform handelt es sich um ein wasserhaltiges Hydrogel, das als Lösungsvermittler ein Tensid enthält ausgewählt aus der Gruppe umfassend Natriumlaurylsulfat, Octoxinol-9, Polysorbat 20, Salze der Gallensäuren und Octylglucosid. </p><p id="p0070" num="0070">Erfindungsgemäß wird ebenfalls eine Vorrichtung zur Verfügung gestellt, bei der die erfindungsgemäße medizinisch-topische Zusammensetzung auf einer Wundauflage aufgebracht ist. </p><p id="p0071" num="0071">Eine Wundauflage wird auf eine äußere Wunde gelegt, sie verhindert das Eindringen von Fremdkörpern in die Wunde und verhindert das Verkleben der Wunde mit der Kleidung. Abhängig vom verwendeten Material weisen Wundauflagen sekretbindende oder sekretdurchlässige Eigenschaften auf. </p><p id="p0072" num="0072">Geeignete Wundauflagen sind z.B. in der Modernen Wundversorgung von Protz (6. Auflage (201 1 )) beschrieben und enthalten ein Fasermaterial oder ein Polymer, ausgewählt aus Baumwolle, Viskose, Polyamid, Polyurethan und/oder Polyester. </p><p id="p0073" num="0073">Wundauflagen mit Baumwollfasern bestehen in der Regel aus einem Gewebe aus Baumwollfasern. Baumwollfasern bestehen neben einer Wachsschicht fast ausschließlich aus hochkristalliner Zellulose. Die besondere Anordnung der Zellulose verleiht der Baumwolle eine hohe Reißfestigkeit. Baumwollgewebe, mit einer fein- oder grobmaschigen Gitterstruktur ist sehr saugfähig und kann bis zu 65% seines Gewichtes an Wasser und somit auch an Wundexsudat aufnehmen. Baumwollgewebe gelten als sehr hautfreundlich und besitzen ein äußerst geringes Allergiepotential. </p><p id="p0074" num="0074">Viskosefasern sind Chemiefasern, die vom Grundstoff Zellulose ausgehend mit Hilfe des Viskoseverfahrens industriell hergestellt werden. Zellstoff als Ausgangsmaterial für Viskosefasern stammt beispielsweise aus Holz von Buchen, Fichten, Eukalyptus, Pinien oder Bambus. Die chemische Zusammensetzung ähnelt der von Baumwolle. Bei der Herstellung der Viskosefasern werden Sägespäne mit Chemikalien gekocht, um die Cellulose herauszulösen. Anschließend wird die Cellulose mit Wasser, Natronlauge und Schwefelkohlenstoff zu einem Viskosebrei verarbeitet und durch Spinndüsen zu Viskosegarn verfestigt. 
<!-- EPO <DP n="14"/>-->
 Polyamide sind teilkristalline thermoplastische Polymere, deren Eigenschaften weitgehend durch die Amidgruppen dominiert werden, die über Wasserstoffbrückenbindungen miteinander wechselwirken. Die Eigenschaften der Polyamide hängen unter anderem von deren kristallinem Gefüge und insbesondere von deren Wassergehalt ab. Polyamide können Wassermoleküle reversibel auf- und abgeben, dabei wird das Wasser in die amorphen Bereiche des Polyamids eingelagert. Die Fähigkeit zur Wasseraufnahme hängt dabei wesentlich von der Konzentration der Amidgruppen ab. </p><p id="p0075" num="0075">Polyurethane sind Kunststoffe, die aus der Polyadditionsreaktion mehrwertiger Alkohole mit Polyisocyanaten entstehen. Abhängig von ihrer Herstellung können sie hart und spröde oder weich und elastisch sein. Polyurethan in Form eines dauerelastischen Weichschaums kann ebenfalls als Wundauflage eingesetzt werden. Aufgrund der Kapillarwirkung des grobporigen Schaumes verfügen Wundauflagen auf Polyurethanbasis über ein gutes Feuchtetransportvermögen. Beispielsweise nimmt Polyurethan-Schaumstoff in Kombination mit wasserhaltigen Hydrogelen Wundexsudat auf, ohne die Wunde auszutrocknen. </p><p id="p0076" num="0076">Polyester sind überwiegend synthetische Polymere mit einer Esterfunktion in ihrer Hauptkette. Polyesterfasern können allerdings im Vergleich zu Baumwoll-, Viskose- und Polyamidfasern kein Wasser aufnehmen. Sie verfügen über ein gutes Feuchtetransportvermögen und trocknen schnell. Mischungen aus Polyester und Baumwolle können ebenfalls als Wundauflagen eingesetzt werden. </p><p id="p0077" num="0077">In einer bevorzugten Ausführungsform der erfindungsgemäßen Vorrichtung zur Wundbehandlung umfasst die Wundauflage ein oder mehrere Materialien ausgewählt aus Polyamid, Viskose und Baumwolle und weist sekretbindende Eigenschaften auf. </p><p id="p0078" num="0078">In einer weiter bevorzugten Ausführungsform der erfindungsgemäßen Vorrichtung zur Wundbehandlung umfasst die Wundauflage ein oder mehrere Materialien ausgewählt aus Polyester und Polyurethan und weist sekretdurchlässige Eigenschaften auf. 
<!-- EPO <DP n="15"/>-->
 In einer bevorzugten Ausführungsform ist die erfindungsgemäße Vorrichtung zur Wundbehandlung mit elementarem Silber und/oder mit Aktivkohle beschichtet. </p><p id="p0079" num="0079">Die Wirkmechanismen der Silber-Ionen beruhen auf der Blockierung von Enzymen, Unterbindung lebensnotweniger Transportfunktionen und der Schädigung der Membranstruktur. </p><p id="p0080" num="0080">In einer weiteren bevorzugten Ausführungsform liegt das wasserhaltige Hydrogel in einer Dosier-Spritze vor und wird gegebenenfalls direkt in eine Wundkavität appliziert oder auf eine Wundauflage aufgespritzt. </p><p id="p0081" num="0081">Mittels einer Dosier-Spritze ist ein absolut zielgerichtetes Aufbringen des wasserhaltigen Hydrogels auf oder in oberflächliche oder tiefe Wunden gewährleistet. Dabei wird die gewünscht Menge des Gels auf die gewünschte Stelle der Wunde appliziert. Diese Applikationsform ist besonders geeignet, wenn nur bestimmte Bereiche der Wunde mit dem erfindungsgemäßen Gel behandelt werden. </p><p id="p0082" num="0082">In einer erfindungsgemäß bevorzugten Vorrichtung ist die medizinisch-topische Zusammensetzung zur Wundbehandlung ein einphasiges lipophiles System, das gleichmäßig auf der Wundauflage verteilt ist, in einer Menge an 100-350 g einphasiges lipophiles System / m<sup>2</sup> Wundauflage, bevorzugt 125-300 g einphasiges lipophiles System / m<sup>2</sup> Wundauflage, weiter bevorzugt 150-270 g einphasiges lipophiles System / m<sup>2</sup> Wundauflage. </p><p id="p0083" num="0083">In einer erfindungsgemäßen Ausführungsform wird die medizinisch-topische Zusammensetzung zur Wundbehandlung oder die Vorrichtung zur Wundbehandlung zur Verwendung zur beschleunigten Zellmigration während der Epithelisierungsphase. </p><p id="p0084" num="0084">Die Erfindung wird durch die nachfolgenden Beispiele näher erläutert, wobei die Komponenten handelsübliche Ausgangsmaterialien für medizinisch-topische Zusammensetzungen sind. 
<!-- EPO <DP n="16"/>-->
 Beispiel 1 </p><p id="p0085" num="0085">Extraktion der Fettsäuren aus natürlichen Ölen </p><p id="p0086" num="0086">In einem 11-Erlenmeyerkolben werden 250 ml Glycerin (99 %) und 40 g Kaliumhydroxid (0,71 mol) vorgelegt. Die Lösung wird auf 120-140°C erhitzt und geschwenkt bis das Kaliumhydroxid vollständig gelöst ist. Zu der heißen Lösung wird 1 10 ml des auf 1 10-1 15°C vorgeheizten Öls gegeben. Dies wird für Rapsöl, Leinsamenöl, Sojaöl und Olivenöl durchgeführt. Die Lösung wird weiter erhitzt und stark gerührt, bis die Verseifung vollständig ist. Die Vollständigkeit der Reaktion zeigt sich in der Schaumbildung. Nach dem Abkühlen der Mischung werden vorsichtig 150 ml Schwefelsäure (25 % V V) unter Rühren zugegeben. Danach werden 200 ml Wasser zugegeben. Die entstehenden Phasen werden separiert. Die Fettsäurephase wird zwei Mal mit je 500 ml heißem Wasser gewaschen. Die Fettsäuren werden durch einen großen beheizten Hirsch-Trichter filtriert und anschließend bei 130°C unter starkem Rühren getrocknet. </p><p id="p0087" num="0087">Beispiel 2 </p><p id="p0088" num="0088">Fettsäure-Extrakt/BSA- Lösung </p><p id="p0089" num="0089">Die isolierten Fettsäure-Extrakte aus Beispiel 1 werden auf 37°C vorgewärmt, anschließend in einem stöchiometrischen Verhältnis von 1 :1 mit 96 %-igen Ethanol vermischt (FS- Stocklösung). 1 ,34 g delipidiertes BSA wird in 10 ml serumfreiem Medium gelöst. Eine 2 mM Stammlösung setzt sich aus 2,3 μΙ FS-Stocklösung in 2 ml BSA-Stocklösung zusammen. Für die Wundheilungsassays wird die Stammlösung in serumfreien Medium entsprechend verdünnt und sterilfiltriert. </p><p id="p0090" num="0090">Beispiel 3 </p><p id="p0091" num="0091">Wundheilungsassay </p><p id="p0092" num="0092">Im Rahmen der vorliegenden Erfindung wurde ein in vitro-System verwendet, bei dem menschliche primäre Keratinozyten (HACAT-Zellen) auf einer flachen Gold-Elektrode (Länge: 
<!-- EPO <DP n="17"/>-->
 650 μιτι, Breite: 175 μηη) zur impedimetrischen Messung gezüchtet wurden. Hierfür wurden das übliche Standardnährmedium (BIOCHROM) mit entsprechenden Wachstumsfaktoren und Zusatzstoffen zugesetzt. Das Medium setzt sich aus DMEM/high glucose, 10 % FCS, 1 % Penicillin / Streptomycin und 1 % L-Glutamin zusammen. Danach wurden die Zellen mit 100 μΜ, 500 μΜ bzw. 1000 μΜ Fettsäure-Extrakt aus natürlichen Ölen und delipidierten BSA als Lösungsvermittler (1 :1 Stöchiometrie) in serumfreien Medium - zum möglichst vollständigen Entzug aller Wachstumsfaktoren und Mitogene - für 24 respektive 32 Stunden vorinkubiert. Zur Kontrolle wurden Messungen durchgeführt, bei denen die Zellen ausschließlich mit serumfreien Medium und unbeladenem, delipidiertem BSA inkubiert wurden. Anschließend wurden die Zellen mit einem elektrischen Puls von 30 Sekunden bei einer Frequenz von 32 kHz, einer applizierten Stromstärke von 2500 μΑ lokal abgetötet. Danach wird die Migrationsfähigkeit der Zellen aus der Peripherie der Elektrode bei einer Meßfrequenz von 32 kHz verfolgt. </p><p id="p0093" num="0093">Impedimetrische Wundheilungsexperimente in Gegenwart der aus Leinsamenöl extrahierten Fettsäuregemische (Fettsäure-Extrakt aus Leinsamenöl) zeigen einen nicht signifikanten Einfluss auf die Migrationsfähigkeit der Keratinozyten unter Einfluss von 100 μΜ Fettsäure- Extrakt aus Leinsamenöl, jedoch eine signifikant beschleunigende Migrationsfähigkeit unter Einfluss von 500 μΜ bzw. 1000 μΜ Leinölextraktes. </p><p id="p0094" num="0094">500 μΜ Fettsäureextrakte aus Rapsöl zeigen eine tendenziell beschleunigte, jedoch nicht signifikante Zellmigration in impedimetrischen Wundheilungsexperimenten, jedoch einen signifikant beschleunigten Einfluss der Zellmigration bei 1000 μΜ Fettsäure-Extrakte aus Rapsöl. </p><p id="p0095" num="0095">Impedimetrische Wundheilungsexperimente in Gegenwart der aus Sojaöl bzw. Olivenöl extrahierten Fettsäureextrakte zeigen keine signifikant verbesserte Migrationsfähigkeit der Keratinozyten unter Einfluss von 100 μΜ, 500 μΜ bzw. 1000 μΜ Sojaöl- bzw. Olivenölextrakten. 
<!-- EPO <DP n="18"/>-->
 Beispiel 4 </p><p id="p0096" num="0096">Rezeptur 1 : Medizinisch-topische Zusammensetzung auf Paraffinbasis (einphasiges lipophiles System) </p><p id="p0097" num="0097">In einem Homogenisierer des Unternehmens Fryma (Homogenisierer) werden 0.015-0.3 Gew.- % Fettsäureextrakt aus Leinsamen mit 99.7-99.985 Gew.-% Paraffin (einem Gemisch hauptsächlich höherer aliphatischer Alkane) auf 85°C erwärmt. Bei einer Rührwerkeinstellung von 10 U/Min. wird die Temperatur etwa 15 Minuten gehalten. </p><p id="p0098" num="0098">Die Menge der einzelnen Komponenten wird so eingestellt, dass deren Summe 100 Gew.-% ergibt. </p><p id="p0099" num="0099">Beispiel 5 </p><p id="p0100" num="0100">Rezeptur 2: Medizinisch-topische Zusammensetzung überwiegend auf Triglyceridbasis (einphasiges lipophiles System) </p><p id="p0101" num="0101">Nacheinander werden 60-70 Gew.-% vollständig mit gesättigten pflanzlichen C<sub>8</sub> bis C-|<sub>8</sub> Fettsäuren verestertes Glycerin und 20-30 Gew.-% teilweise mit verschiedenen Fettsäuren verestertes Diglycerin, und 0.015-0.3 Gew.-% Fettsäure-Extrakt aus Leinsamenöl in einen Homogenisierer des Unternehmens Fryma bei 80°C aufgeschmolzen und dabei homogen gemischt. </p><p id="p0102" num="0102">Die Menge der einzelnen Komponenten wird so eingestellt, dass deren Summe 100 Gew.-% ergibt </p><p id="p0103" num="0103">Beispiel 6 </p><p id="p0104" num="0104">Rezeptur 3: Medizinisch-topische Zusammensetzung (einphasiges lipophiles System) </p><p id="p0105" num="0105">In einem Homogenisierer der Firma Fryma werden 0.015-0.3 Gew.-% Fettsäureextrakt aus Rapsöl, 20-30 Gew.-% Paraffin, 15-25 Gew.-% teilweise mit verschiedenen Fettsäuren 
<!-- EPO <DP n="19"/>-->
 verestertes Diglycerin, 20-30 Gew.-% vollständig mit gesättigten pflanzlichen C<sub>8</sub> bis C<sub>18</sub> Fettsäuren verestertes Glycerin, 2-10 Gew.-% mit Stearinsäure und Palmitinsäure verestertes Glycerin, 2-10 Gew.-% teilweise mit Bernsteinsäure und Isostearinsäure verestertes Glycerin und 15-25 Gew.-% Na-Carboxymethylcellulose auf 80°C erwärmt und dabei bei einer Rührwerkeinstellung von 10 U/Min homogen gemischt. </p><p id="p0106" num="0106">Die Menge der einzelnen Komponenten wird so eingestellt, dass deren Summe 100 Gew.-% ergibt. </p><p id="p0107" num="0107">Beispiel 7 </p><p id="p0108" num="0108">Rezeptur 4: Medizinisch-topische Zusammensetzung auf Hydroxyethylcellulosebasis (wasserhaltiges Hydrogel) </p><p id="p0109" num="0109">Das wasserhaltige Hydrogel setzt sich zusammen aus: </p><p id="p0110" num="0110"> 0.015-0.3 Gew.-% Fettsäure-Extrakt aus Leinsamenöl </p><p id="p0111" num="0111"> 0.1 -5 Gew.-% Polyacrylat </p><p id="p0112" num="0112"> 10-20 Gew.-% Glycerin </p><p id="p0113" num="0113"> 0.5-5 Gew.-% Hydroxyethylcellulose </p><p id="p0114" num="0114"> 0.1 -5 Gew.-% Na-Carboxymethylcellulose </p><p id="p0115" num="0115"> Rest: gereinigtes Wasser oder gereinigte wässrige Lösung für pharmazeutische Zwecke </p><p id="p0116" num="0116">Die Menge der einzelnen Komponenten wird so eingestellt, dass deren Summe zusammen mit dem zugesetzten Wasser oder der wässrigen Lösung 100 Gew.-% ergibt. </p><p id="p0117" num="0117">Zur Herstellung der Hydrogele wird zunächst eine Suspension aus pulverförmiger Hydroxyethylcellulose, Na-Carboxymethylcellulose und Glycerin hergestellt, indem das pulverförmige Polysaccharid langsam in Glycerin gegeben und gleichmäßig verrührt wird. Anschließend wird eine Lösung des Polyacrylats hergestellt. Hierzu wird Polyacrylat in Wasser gegeben und zwei Stunden gerührt. Unter gleichmäßigem Rühren wird sehr langsam die Suspension aus Polysaccharid/Glycerin zur Polyacrylat-Lösung zugegeben und für mindestens zwei weitere Stunden bei Raumtemperatur gerührt. Die bei der Herstellung des Gels 
<!-- EPO <DP n="20"/>-->
 eingearbeitete Luft kann durch Rühren im Vakuum wieder entfernt werden. Die resultierenden Gele werden in Tuben gefüllt und können mittels ß-Sterilisation sterilisiert werden. Die resultierenden transparenten wasserhaltigen Hydrogele weisen eine gute Modellierbarkeit auf. </p><p id="p0118" num="0118">Beispiel 8 </p><p id="p0119" num="0119">Rezeptur 5: Medizinisch-topische Zusammensetzung auf Basis eines Vorpolymers (wasserhaltiges Hydrogel) </p><p id="p0120" num="0120">Das wasserhaltige Hydrogel setzt sich zusammen aus: </p><p id="p0121" num="0121">0,015-0,3 Gew.-% Fettsäureextrakt aus Leinsamenöl </p><p id="p0122" num="0122">15-30 Gew.-% Polyethylenglykol </p><p id="p0123" num="0123"> 8-14 Gew.-% Vorpolymer mit Isophorondiisocyanatendgruppen </p><p id="p0124" num="0124">5-10 Gew.-% Diamin auf Polyethylenoxidbasis </p><p id="p0125" num="0125">0-5 Gew.-% anorganisches Chlorid </p><p id="p0126" num="0126">0-2 Gew.-% Tensid </p><p id="p0127" num="0127"> Rest: gereinigtes Wasser oder wässrige Lösung für pharmazeutische Zwecke </p><p id="p0128" num="0128">Die Menge der einzelnen Komponenten wird so eingestellt, dass deren Summe zusammen mit dem zugesetzten Wasser oder der wässrigen Lösung 100 Gew.-% ergibt. </p><p id="p0129" num="0129">Komponente A: </p><p id="p0130" num="0130"> Zunächst wird Polyethylenglykol mit 45-90 Gew.-% Wasser, gegebenenfalls dem anorganischen Chlorid (chloridhaltige anorganische Verbindung wie bspw. NaCI), gegebenenfalls dem Tensid und dem Fettsäure-Extrakt gemischt und anschließend auf 2°C abgekühlt. </p><p id="p0131" num="0131">Komponente B: </p><p id="p0132" num="0132"> Zur Herstellung der wässrigen Komponente B wird zunächst das das Diamin auf Polyethlenoxidbasis bei 50°C aufgeschmolzen, zu 5-10 Gew.-% Wasser gemischt und auf Raumtemperatur abgekühlt. 
<!-- EPO <DP n="21"/>-->
 Komponente C: </p><p id="p0133" num="0133"> Das Vorpolymer mit Isophorondiisocyanatendgruppen wird auf Raumtemperatur gebracht. </p><p id="p0134" num="0134">Die Komponenten A, B und C werden im Verhältnis 75.4: 14.4:10,6 miteinander homogen vermischt und möglichst blasenfrei in bereitgestellte Formen gegossen. </p><p id="p0135" num="0135">Beispiel 9 </p><p id="p0136" num="0136">Rezeptur 6: Medizinisch-topische Zusammensetzung auf Basis eines Vorpolymers (wasserhaltiges Hydrogel) </p><p id="p0137" num="0137">Das wasserhaltige Hydrogel setzt sich zusammen aus: </p><p id="p0138" num="0138">0.015-0.3 Gew.-% Fettsäure-Extrakt aus Leinsamenöl </p><p id="p0139" num="0139">37-43 Gew.-% Propylenglykol </p><p id="p0140" num="0140"> 12-16,5 Gew.-% Vorpolymer mit Isophorondiisocyanatendgruppen und ein Diamin auf </p><p id="p0141" num="0141"> Polyethylenoxidbasis </p><p id="p0142" num="0142"> 0-5 Gew.-% anorganischen Chlorids </p><p id="p0143" num="0143"> 0-2 Gew.-% Tensid, </p><p id="p0144" num="0144">wobei das Verhältnis der reaktiven Gruppen von Isocyanat zu den Amingruppen des Diamins 1 :1.25 bis 1 :1 .35 betragen soll. </p><p id="p0145" num="0145"> Rest: gereinigte wässrige Lösung für pharmazeutische Zwecke </p><p id="p0146" num="0146">Die Menge der einzelnen Komponenten wird so eingestellt, dass deren Summe zusammen mit der zugesetzten wässrigen Lösung 100 Gew.-% ergibt. </p><p id="p0147" num="0147">Das Herstellungsverfahren des Hydrogels erfolgte analog zu Beispiel 9. 
<!-- EPO <DP n="22"/>-->
 Beispiel 10 </p><p id="p0148" num="0148">Baumwolle-Wundauflage Imprägnierung </p><p id="p0149" num="0149">Rezeptur 1 auf Paraffinbasis aus Beispiel 4 wird in einer Menge von 265 g einphasiges lipophiles System / m<sup>2</sup> Baumwolle-Wundauflageauf einer wahlweise mit Silber und/oder Aktivkohle beschichteten Baumwolle-Wundauflage aufgetragen. </p><p id="p0150" num="0150">Beispiel 1 </p><p id="p0151" num="0151">Polyester Imprägnierung </p><p id="p0152" num="0152">185 g einphasiges lipophiles System / m<sup>2</sup> Polyester-Wundauflage der Rezeptur 2 wird auf einen Polyester-Wundauflage gleichmäßig verteilt. </p><p id="p0153" num="0153">Beispiel 12 </p><p id="p0154" num="0154">Polyamid-Wundauflage Imprägnierung </p><p id="p0155" num="0155">Rezeptur 3 wird in einer Menge von 210 g einphasiges lipophiles System / m<sup>2</sup> Polyamid- Wundauflage auf eine wahlweise mit Silber und/oder Aktivkohle beschichtete Polyamid- Wundauflage gleichmäßig verteilt. </p><p id="p0156" num="0156">Beispiel 13 </p><p id="p0157" num="0157">Polyurethan Imprägnierung </p><p id="p0158" num="0158">Das wasserhaltige Hydrogei aus der bereitgestellten Form aus Rezeptur 6 wird mit einem Druck von 200 N/m<sup>2</sup> auf Polyurethanschaum-haltige Wundauflage aufgebracht. 
</p></description><claims mxw-id="PCLM70078649" ref-ucid="WO-2014127983-A1" lang="DE" load-source="patent-office"><claim-statement><!-- EPO <DP n="23"/>--> Patentansprüche </claim-statement><claim id="clm-0001" num="1"><claim-text>1 . Medizinisch-topische Zusammensetzung zur Wundbehandlung umfassend 0,001 bis 3 Gew.-% Fettsäure-Extrakte aus natürlichen Ölen bezogen auf das Gesamtgewicht der medizinisch-topischen Zusammensetzung, dadurch gekennzeichnet, dass es sich bei den natürlichen Ölen um Leinsamenöl oder Rapsöl handelt. </claim-text></claim><claim id="clm-0002" num="2"><claim-text>2. Medizinisch-topische Zusammensetzung zur Wundbehandlung nach Anspruch 1 , dadurch gekennzeichnet, dass es sich bei der medizinisch-topischen Zusammensetzung um eine Salbe handelt. </claim-text></claim><claim id="clm-0003" num="3"><claim-text>3. Medizinisch-topische Zusammensetzung zur Wundbehandlung nach Anspruch 1 oder 2, dadurch gekennzeichnet, dass es sich bei der Salbe um ein einphasiges lipophiles System oder um ein wasserhaltiges Hydrogel handelt. </claim-text></claim><claim id="clm-0004" num="4"><claim-text>4. Medizinisch-topische Zusammensetzung zur Wundbehandlung nach Anspruch 1 bis 3, dadurch gekennzeichnet, dass es sich bei den natürlichen Ölen um Leinsamenöl mit folgender Fettsäure-Zusammensetzung handelt: </claim-text><claim-text>Palmitinsäure 4-8 %, </claim-text><claim-text> Stearinsäure 2-5 %, </claim-text><claim-text> Ölsäure 16-26 %, </claim-text><claim-text> Linolsäure 14-24%, </claim-text><claim-text> Linolensäure 43-55 % sowie Fettsäuren mit Kohlenstoffketten, die mehr als 18 Kohlenstoffatome aufweisen 0,1 -2 % und wobei sich die einzelnen Komponenten auf 100 % addieren. </claim-text></claim><claim id="clm-0005" num="5"><claim-text>5. Medizinisch-topische Zusammensetzung zur Wundbehandlung nach einem der Ansprüche 1 -4, dadurch gekennzeichnet, dass der Anteil an Fettsäure-Extrakt aus den 
<!-- EPO <DP n="24"/>-->
 natürlichen Ölen 0,005 bis 1 ,5 Gew.-%, insbesondere 0,015 bis 0,3 Gew.-% bezogen auf das Gesamtgewicht der medizinisch-topischen Zusammensetzung beträgt. </claim-text></claim><claim id="clm-0006" num="6"><claim-text>6. Medizinisch-topische Zusammensetzung zur Wundbehandlung nach einem der Ansprüche 1 -5, dadurch gekennzeichnet, dass es sich um ein einphasiges lipophiles System handelt, das mindestens einen Bestandteil ausgewählt aus der Gruppe umfassend Na-Carboxymethylcellulose, amorphes Siliciumdioxid, teilweise oder vollständig verestertes Glycerin, Polyethylenglykol, ethoxylierte höhere Alkohole, natürliche oder synthetische Wachse, Paraffin, Gemische aus höheren aliphatischen Alkanen, Ester aus Benzoesäure, Zimtsäure oder Benzylalkohol und Mischungen davon enthält. </claim-text></claim><claim id="clm-0007" num="7"><claim-text>7. Medizinisch-topische Zusammensetzung zur Wundbehandlung nach einem der Ansprüche 1 -5, dadurch gekennzeichnet, dass es sich um wasserhaltiges Hydrogel handelt, wobei das wasserhaltige Hydrogel mindestens ein gelbildendes Polymer und mindestens einen mehrwertigen Alkohol umfasst. </claim-text></claim><claim id="clm-0008" num="8"><claim-text>8. Medizinisch-topische Zusammensetzung zur Wundbehandlung nach Anspruch 7, dadurch gekennzeichnet, dass das wasserhaltige Hydrogel mindestens ein gelbildendes Polymer, mindestens einen mehrwertigen Alkohol und mindestens ein Acrylsäurederivat umfasst, wobei das gelbildende Polymer ein Polysaccharid ist. </claim-text></claim><claim id="clm-0009" num="9"><claim-text>9. Medizinisch-topische Zusammensetzung zur Wundbehandlung nach Anspruch 7, dadurch gekennzeichnet, dass das wasserhaltige Hydrogel mindestens ein gelbildendes Polymer und mindestens einen mehrwertigen Alkohol umfasst, wobei das gelbildende Polymer eine Mischung aus einem Vorpolymer mit Isophorondiisocyanatendgruppen und einem Diamin auf Polyethylenoxidbasis ist und das Verhältnis der reaktiven Gruppen des Isocyanats zu den Amidgruppen des Diamins bei 1 :1 .25 bis 1 :1.35 liegt. </claim-text></claim><claim id="clm-0010" num="10"><claim-text>10. Medizinisch-topische Zusammensetzung zur Wundbehandlung nach einem der Ansprüche 7-9, dadurch gekennzeichnet, dass das wasserhaltige Hydrogel als Lösungsvermittler ein Tensid enthält. 
<!-- EPO <DP n="25"/>-->
</claim-text></claim><claim id="clm-0011" num="11"><claim-text>1 1. Vorrichtung zur Wundbehandlung, enthaltend eine medizinisch-topische Zusammensetzung nach einem der Ansprüche 1 -10, dadurch gekennzeichnet, dass die medizinisch-topische Zusammensetzung auf eine Wundauflage aufgetragen vorliegt. </claim-text></claim><claim id="clm-0012" num="12"><claim-text>12. Vorrichtung zur Wundbehandlung nach Anspruch 1 1 , wobei die Wundauflage ein oder mehrere Materialien ausgewählt aus Polyamid, Viskose und Baumwolle umfasst und sekretbindende Eigenschaften aufweist. </claim-text></claim><claim id="clm-0013" num="13"><claim-text>13. Vorrichtung zur Wundbehandlung nach Anspruch 1 1 , wobei die Wundauflage ein oder mehrere Materialien ausgewählt aus Polyester und Polyurethan umfasst und sekretdurchlässige Eigenschaften aufweist. </claim-text></claim><claim id="clm-0014" num="14"><claim-text>14. Vorrichtung zur Wundbehandlung nach einem der Ansprüche 1 1-13, wobei die Wundauflage mit elementarem Silber und/oder mit Aktivkohle beschichtet ist. </claim-text></claim><claim id="clm-0015" num="15"><claim-text>15. Vorrichtung zur Wundbehandlung nach einem der Ansprüche 1 1-14, dadurch gekennzeichnet, dass die medizinisch-topische Zusammensetzung ein einphasiges lipophiles System ist, das gleichmäßig auf der Wundauflage verteilt ist, in einer Menge an 100-350 g einphasiges lipophiles System / m<sup>2</sup> Wundauflage, bevorzugt 125-300 g einphasiges lipophiles System / m<sup>2</sup> Wundauflage, weiter bevorzugt 150-270 g einphasiges lipophiles System / m<sup>2</sup> Wundauflage. </claim-text></claim><claim id="clm-0016" num="16"><claim-text>16. Medizinisch-topische Zusammensetzung zur Wundbehandlung nach einem der Ansprüche 1 -10 oder Vorrichtung zur Wundbehandlung nach einem der Ansprüche 1 1 - 15 zur Verwendung zur beschleunigten Zellmigration während der Epithelisierungsphase. 
</claim-text></claim></claims><copyright>User acknowledges that Fairview Research LLC and its third party providers retain all right, title and interest in and to this xml under applicable copyright laws.  User acquires no ownership rights to this xml including but not limited to its format.  User hereby accepts the terms and conditions of the Licence Agreement</copyright></patent-document>
