<?xml version="1.0" encoding="UTF-8"?>
<patent-document ucid="EP-2958837-A1" country="EP" doc-number="2958837" kind="A1" date="20151230" family-id="48091898" file-reference-id="318326" date-produced="20180822" status="corrected" lang="EN"><bibliographic-data><publication-reference fvid="160453841" ucid="EP-2958837-A1"><document-id><country>EP</country><doc-number>2958837</doc-number><kind>A1</kind><date>20151230</date><lang>EN</lang></document-id></publication-reference><application-reference ucid="EP-14708321-A" is-representative="NO"><document-id mxw-id="PAPP193870650" load-source="patent-office" format="original"><country>EP</country><doc-number>14708321.6</doc-number><date>20140221</date><lang>EN</lang></document-id><document-id mxw-id="PAPP193870651" load-source="docdb" format="epo"><country>EP</country><doc-number>14708321</doc-number><kind>A</kind><date>20140221</date><lang>EN</lang></document-id></application-reference><priority-claims><priority-claim mxw-id="PPC162032786" ucid="GB-201303119-A" load-source="docdb"><document-id format="epo"><country>GB</country><doc-number>201303119</doc-number><kind>A</kind><date>20130221</date></document-id></priority-claim><priority-claim mxw-id="PPC162031292" ucid="GB-201321795-A" load-source="docdb"><document-id format="epo"><country>GB</country><doc-number>201321795</doc-number><kind>A</kind><date>20131210</date></document-id></priority-claim><priority-claim mxw-id="PPC162032250" ucid="GB-2014050516-W" linkage-type="W" load-source="docdb"><document-id format="epo"><country>GB</country><doc-number>2014050516</doc-number><kind>W</kind><date>20140221</date></document-id></priority-claim></priority-claims><technical-data><classifications-ipcr><classification-ipcr mxw-id="PCL-1988520365" load-source="docdb">B65G  65/23        20060101AFI20140911BHEP        </classification-ipcr><classification-ipcr mxw-id="PCL-1988525888" load-source="docdb">B65F   1/14        20060101ALI20140911BHEP        </classification-ipcr></classifications-ipcr><classifications-cpc><classification-cpc mxw-id="PCL-1987781092" load-source="docdb" scheme="CPC">B65G  65/23        20130101 FI20140520BHEP        </classification-cpc><classification-cpc mxw-id="PCL-1987786056" load-source="docdb" scheme="CPC">B65F   1/1452      20130101 LI20140520BHEP        </classification-cpc></classifications-cpc><invention-title mxw-id="PT165552989" lang="DE" load-source="patent-office">BEHÄLTER UND VERFAHREN ZUM ENTLEEREN EINES BEHÄLTERS</invention-title><invention-title mxw-id="PT165552990" lang="EN" load-source="patent-office">A CONTAINER LIFT AND A METHOD OF EMPTYING A CONTAINER</invention-title><invention-title mxw-id="PT165552991" lang="FR" load-source="patent-office">ÉLÉVATEUR DE RÉCIPIENTS ET PROCÉDÉ DE VIDANGE D'UN RÉCIPIENT</invention-title></technical-data><parties><applicants><applicant mxw-id="PPAR1103320523" load-source="docdb" sequence="1" format="epo"><addressbook><last-name>WHITHAM MILLS ENGINEERING LTD</last-name><address><country>GB</country></address></addressbook></applicant><applicant mxw-id="PPAR1103340086" load-source="docdb" sequence="1" format="intermediate"><addressbook><last-name>WHITHAM MILLS ENGINEERING LIMITED</last-name></addressbook></applicant><applicant mxw-id="PPAR1101645764" load-source="patent-office" sequence="1" format="original"><addressbook><last-name>Whitham Mills Engineering Limited</last-name><iid>101477017</iid><address><street>Stansfield Road</street><city>Todmorden, Lancashire OL14 5DL</city><country>GB</country></address></addressbook></applicant></applicants><inventors><inventor mxw-id="PPAR1103333163" load-source="docdb" sequence="1" format="epo"><addressbook><last-name>MOON MALCOLM</last-name><address><country>GB</country></address></addressbook></inventor><inventor mxw-id="PPAR1103315574" load-source="docdb" sequence="1" format="intermediate"><addressbook><last-name>MOON, MALCOLM</last-name></addressbook></inventor><inventor mxw-id="PPAR1101641489" load-source="patent-office" sequence="1" format="original"><addressbook><last-name>MOON, MALCOLM</last-name><address><street>88 Black Bull Lane Fulwood</street><city>Preston Lancashire PR2 3JY</city><country>GB</country></address></addressbook></inventor><inventor mxw-id="PPAR1103339783" load-source="docdb" sequence="2" format="epo"><addressbook><last-name>MARTLAND BRIAN</last-name><address><country>GB</country></address></addressbook></inventor><inventor mxw-id="PPAR1103307886" load-source="docdb" sequence="2" format="intermediate"><addressbook><last-name>MARTLAND, Brian</last-name></addressbook></inventor><inventor mxw-id="PPAR1101644431" load-source="patent-office" sequence="2" format="original"><addressbook><last-name>MARTLAND, Brian</last-name><address><street>4 Springfield Road Coppull</street><city>Chorley Lancashire PR7 5EJ</city><country>GB</country></address></addressbook></inventor></inventors><agents><agent mxw-id="PPAR1101646679" load-source="patent-office" sequence="1" format="original"><addressbook><last-name>McDonough, Jonathan</last-name><iid>101307699</iid><address><street>Hepworth Browne 7 Wragley House</street><city>Valley Road Hebden Bridge West Yorkshire HX7 7BN</city><country>GB</country></address></addressbook></agent></agents></parties><international-convention-data><pct-or-regional-filing-data ucid="GB-2014050516-W"><document-id><country>GB</country><doc-number>2014050516</doc-number><kind>W</kind><date>20140221</date><lang>EN</lang></document-id></pct-or-regional-filing-data><pct-or-regional-publishing-data ucid="WO-2014128481-A1"><document-id><country>WO</country><doc-number>2014128481</doc-number><kind>A1</kind><date>20140828</date><lang>EN</lang></document-id></pct-or-regional-publishing-data><designated-states><ep-contracting-states><country mxw-id="DS660736037" load-source="docdb">AL</country><country mxw-id="DS660647021" load-source="docdb">AT</country><country mxw-id="DS660736043" load-source="docdb">BE</country><country mxw-id="DS660760082" load-source="docdb">BG</country><country mxw-id="DS660725471" load-source="docdb">CH</country><country mxw-id="DS660795271" load-source="docdb">CY</country><country mxw-id="DS660647022" load-source="docdb">CZ</country><country mxw-id="DS660736044" load-source="docdb">DE</country><country mxw-id="DS660795272" load-source="docdb">DK</country><country mxw-id="DS660795273" load-source="docdb">EE</country><country mxw-id="DS660643702" load-source="docdb">ES</country><country mxw-id="DS660760087" load-source="docdb">FI</country><country mxw-id="DS660760088" load-source="docdb">FR</country><country mxw-id="DS660736045" load-source="docdb">GB</country><country mxw-id="DS660795274" load-source="docdb">GR</country><country mxw-id="DS660736046" load-source="docdb">HR</country><country mxw-id="DS660647027" load-source="docdb">HU</country><country mxw-id="DS660725472" load-source="docdb">IE</country><country mxw-id="DS660795275" load-source="docdb">IS</country><country mxw-id="DS660760089" load-source="docdb">IT</country><country mxw-id="DS660795276" load-source="docdb">LI</country><country mxw-id="DS660724653" load-source="docdb">LT</country><country mxw-id="DS660642542" load-source="docdb">LU</country><country mxw-id="DS660724654" load-source="docdb">LV</country><country mxw-id="DS660724663" load-source="docdb">MC</country><country mxw-id="DS660642551" load-source="docdb">MK</country><country mxw-id="DS660642552" load-source="docdb">MT</country><country mxw-id="DS660643711" load-source="docdb">NL</country><country mxw-id="DS660760090" load-source="docdb">NO</country><country mxw-id="DS660642553" load-source="docdb">PL</country><country mxw-id="DS660725473" load-source="docdb">PT</country><country mxw-id="DS660643712" load-source="docdb">RO</country><country mxw-id="DS660725474" load-source="docdb">RS</country><country mxw-id="DS660642554" load-source="docdb">SE</country><country mxw-id="DS660736051" load-source="docdb">SI</country><country mxw-id="DS660760095" load-source="docdb">SK</country><country mxw-id="DS660642563" load-source="docdb">SM</country><country mxw-id="DS660795277" load-source="docdb">TR</country></ep-contracting-states><ep-extended-states><ep-extended-state-data><country>BA</country></ep-extended-state-data><ep-extended-state-data><country>ME</country></ep-extended-state-data></ep-extended-states></designated-states></international-convention-data><office-specific-data><eptags><ep-no-a-document-published>*</ep-no-a-document-published></eptags></office-specific-data></bibliographic-data><abstract mxw-id="PA139078431" ref-ucid="WO-2014128481-A1" lang="EN" load-source="patent-office"><p num="0000">A container lift comprising • at least one primary pivot arm (11) having a primary arm pivot (12) connected thereto; • each primary pivot arm (11) having a primary pivot mechanism connected thereto for rotating the primary pivot arm about the primary arm pivot (12); • each primary pivot arm (11) having a secondary pivot arm (15) connected thereto by a secondary arm pivot (16) spaced apart from the primary arm pivot (12); • each secondary pivot arm (15) having a secondary pivot mechanism (19) connected thereto for rotating the secondary pivot arm (15) about the secondary arm pivot (16); • each secondary pivot arm (15) comprising a connector (20,21) for holding a container in substantially fixed relation to the secondary pivot arm (15).</p></abstract><abstract mxw-id="PA139544986" ref-ucid="WO-2014128481-A1" lang="EN" source="national office" load-source="docdb"><p>A container lift comprising • at least one primary pivot arm (11) having a primary arm pivot (12) connected thereto; • each primary pivot arm (11) having a primary pivot mechanism connected thereto for rotating the primary pivot arm about the primary arm pivot (12); • each primary pivot arm (11) having a secondary pivot arm (15) connected thereto by a secondary arm pivot (16) spaced apart from the primary arm pivot (12); • each secondary pivot arm (15) having a secondary pivot mechanism (19) connected thereto for rotating the secondary pivot arm (15) about the secondary arm pivot (16); • each secondary pivot arm (15) comprising a connector (20,21) for holding a container in substantially fixed relation to the secondary pivot arm (15).</p></abstract><abstract mxw-id="PA139078432" ref-ucid="WO-2014128481-A1" lang="FR" load-source="patent-office"><p num="0000">L'invention concerne un élévateur de récipients comportant: • au moins un bras pivotant principal (11) auquel est relié un pivot (12) de bras principal; • chaque bras pivotant principal (11) étant doté d'un mécanisme principal de pivot relié à celui-ci pour faire tourner le bras pivotant principal autour du pivot (12) de bras principal; • chaque bras pivotant principal (11) étant doté d'un bras pivotant auxiliaire (15) relié à celui-ci par un pivot (16) de bras auxiliaire espacé par rapport au pivot (12) de bras principal; • chaque bras pivotant auxiliaire (15) étant doté d'un mécanisme auxiliaire (19) de pivot relié à celui-ci pour faire tourner le bras pivotant auxiliaire (15) autour du pivot (16) de bras auxiliaire; • chaque bras pivotant auxiliaire (15) comportant un élément (20,21) de liaison servant à maintenir un récipient en position sensiblement fixe par rapport au bras pivotant auxiliaire (15).</p></abstract><abstract mxw-id="PA139544987" ref-ucid="WO-2014128481-A1" lang="FR" source="national office" load-source="docdb"><p>L'invention concerne un élévateur de récipients comportant: • au moins un bras pivotant principal (11) auquel est relié un pivot (12) de bras principal; • chaque bras pivotant principal (11) étant doté d'un mécanisme principal de pivot relié à celui-ci pour faire tourner le bras pivotant principal autour du pivot (12) de bras principal; • chaque bras pivotant principal (11) étant doté d'un bras pivotant auxiliaire (15) relié à celui-ci par un pivot (16) de bras auxiliaire espacé par rapport au pivot (12) de bras principal; • chaque bras pivotant auxiliaire (15) étant doté d'un mécanisme auxiliaire (19) de pivot relié à celui-ci pour faire tourner le bras pivotant auxiliaire (15) autour du pivot (16) de bras auxiliaire; • chaque bras pivotant auxiliaire (15) comportant un élément (20,21) de liaison servant à maintenir un récipient en position sensiblement fixe par rapport au bras pivotant auxiliaire (15).</p></abstract><description mxw-id="PDES78477550" ref-ucid="WO-2014128481-A1" lang="EN" load-source="patent-office"><!-- EPO <DP n="2"/>--><p id="p0001" num="0001"> A container lift and a method of emptying a container </p><p id="p0002" num="0002">The present invention relates to a container lift. More particularly, but not exclusively the present invention relates to a container lift comprising a primary pivot arm having a secondary pivot arm pivotally connected thereto, the secondary pivot arm comprising a connector for holding a container is substantially fixed relation to the secondary pivot arm. in a further aspect the present invention provides a method of emptying a container. More particularly, but not exclusively, the present invention provides a method of emptying a container comprising the steps of providing a container lift, connecting the container lift to a container having an aperture in at least one side and then pivoting the primary and secondary pivot arms of the container lift to orient the container in an unloading position such that a lower face of the container contains an aperture. In a further aspect the present invention relates to a container lift comprising a primary pivot arm having a secondary pivot arm pivotally connected thereto, the primary pivot arm comprising a connector for holding a container in substantially fixed relation thereto, the secondary pivot arm being adapted to be pivoted between retracted and extended positions with respect to the primary pivot arm. In a further aspect of the invention there is provided a method of emptying a container comprising the steps of connecting the container to the primary pivot arm and pivoting the primary pivot arm to invert the container whilst pivoting the secondary pivot arm from the retracted to the extended position. </p><p id="p0003" num="0003">Supermarkets and the like often place cardboard boxes and other waste materials into a container in the form of a cage for recycling. The cage comprises a base, typically on castors having three cage side walls extending upwardly therefrom. The fourth side of the cage is an aperture which can be opened and closed by means of a door. The top face of the cage is also open so that the cage can be filled with material, in order to maintain the structural stability of the cage a reinforcement bar or similar extends from a top edge of one of the side walls to the top edge of the opposite side wall. </p><p id="p0004" num="0004">When the cage is full it is collected and transported to a remote location where it is emptied, it takes time to empty the cage and the staff cost for this process is a significant proportion of the recycling cost. It is desired to empty the cage as quickly as possible. 
<!-- EPO <DP n="3"/>-->
 One solution to this problem is to employ a machine to simply tip the cage upside down. However, the reinforcement bar prevents larger items of waste material from exiting the cage and these need to be removed by hand. </p><p id="p0005" num="0005">The present invention seeks to overcome the problems of the prior art. </p><p id="p0006" num="0006">Accordingly, in a first aspect the present invention provides a container lift comprising at least one primary pivot arm having a primary arm pivot connected thereto; each primary pivot arm having a primary pivot mechanism connected thereto for rotating the primary pivot arm about the primary arm pivot; each primary pivot arm having a secondary pivot arm connected thereto by a secondary arm pivot spaced apart from the primary arm pivot; ; each secondary pivot arm having a secondary pivot mechanism connected thereto for rotating the secondary pivot arm about the secondary arm pivot; each secondary pivot arm comprising a connector for holding a container in substantially fixed relation to the secondary pivot arm. </p><p id="p0007" num="0007">The container lift according to the invention can be used to lift and pivot a container such that one of the side walls of the container is a lower face. If this side wall is the side wall containing the aperture then the contents of the cage can simply drop out under gravity. </p><p id="p0008" num="0008">Preferably, the pivot axes of the primary arm pivot and secondary arm pivot are parallel. </p><p id="p0009" num="0009">Preferably, the container lift further comprises a fixed support member, the primary arm pivot being connected to the fixed support member. </p><p id="p0010" num="0010">Preferably, the secondary pivot mechanism comprises an extensible member, preferably a piston, extending between the primary and secondary pivot arms. 
<!-- EPO <DP n="4"/>-->
 Alternatively, the secondary pivot mechanism extends between the fixed support member and the secondary pivot arm. </p><p id="p0011" num="0011">Preferably, the primary pivot mechanism pivots the primary pivot arm in the opposite direction to the direction of pivoting of the secondary pivot arm by the secondary pivot mechanism. </p><p id="p0012" num="0012">Preferably, the connector comprises first and second end stops spaced apart on the secondary pivot arm for receiving the container therebetween. </p><p id="p0013" num="0013">Preferably, the container lift comprises first and second spaced apart primary pivot arms, each primary pivot arm having a secondary pivot arm connected thereto. </p><p id="p0014" num="0014">Preferably, the container lift further comprises a waste chute extending between the first and second primary pivot arms. </p><p id="p0015" num="0015">The container lift can further comprise a container connected to the secondary pivot arm. </p><p id="p0016" num="0016">In a further aspect of the invention there is provided a method of emptying a container having an aperture in one side comprising the steps of providing a container lift as claimed in any one of claims 1 to 10; connecting the container to the secondary pivot arm with the aperture facing towards the primary pivot arm; pivoting the primary and secondary pivot arms about the primary arm pivot and secondary arm pivot respectively to pivot the container to an unloading position; 
<!-- EPO <DP n="5"/>-->
 the container being connected to the secondary pivot arm such that when in the unloading position the side of the container comprising the aperture is a lower side through which the contents of the container can drop under gravity. </p><p id="p0017" num="0017">Preferably, the primary pivot mechanism pivots the primary pivot arm in the opposite direction to the direction of pivoting of the secondary pivot arm by the secondary pivot mechanism. </p><p id="p0018" num="0018">The primary pivot arm and secondary pivot arm can pivot simultaneously. </p><p id="p0019" num="0019">Alternatively, the primary pivot arm pivots, followed by the secondary pivot arm. </p><p id="p0020" num="0020">Preferably, the primary pivot arm is pivoted through more than 90 degrees and the secondary pivot arm is pivoted partially in the opposite direction. </p><p id="p0021" num="0021">Preferably, the primary pivot arm is pivoted from an initial substantially vertical orientation through the horizontal and the secondary pivot arm is pivoted back to the horizontal. </p><p id="p0022" num="0022">In a further aspect of the invention there is provided a container lift comprising at least one primary pivot arm having a primary arm pivot connected thereto; each primary pivot arm having a primary pivot mechanism connected thereto for rotating the primary pivot arm about the primary arm pivot; each primary pivot arm comprising a connector for holding a container in substantially fixed relation to the primary pivot arm; each primary pivot arm having a secondary pivot arm connected thereto by a secondary arm pivot spaced apart from the primary arm pivot; 
<!-- EPO <DP n="6"/>-->
 each secondary pivot arm having a secondary pivot mechanism connected thereto for pivoting the secondary pivot arm from a retracted position parallel to the primary pivot arm to an extended position inclined to the primary pivot arm. </p><p id="p0023" num="0023">In a further aspect of the invention there is provided a method of emptying a container having a mouth defining an aperture in a top face, the method comprising the steps of providing a container lift as claimed in claim 17; connecting the container to the connector of the primary pivot arm; pivoting the primary pivot arm about the primary arm pivot to invert the container whilst simuitaneously pivoting the secondary pivot arm from the retracted to the extended position such that the secondary pivot arm abuts the mouth so supporting the container. </p><p id="p0024" num="0024">The present invention will now be described by way of example only and not in any limitative sense with reference to the accompanying drawings in which </p><p id="p0025" num="0025">Figure 1 shows a container in the form of a cage; </p><p id="p0026" num="0026">Figure 2 shows a container lift according to a first embodiment of the invention in a first position; </p><p id="p0027" num="0027">Figure 3 shows the container lift of figure 2 in a second position; </p><p id="p0028" num="0028">Figure 4 shows the container lift of figures 2 and 3 with the container in the unloading position; </p><p id="p0029" num="0029">Figures 5(a) to 5(c) show a further embodiment of a container lift according to the invention emptying a container; and, 
<!-- EPO <DP n="7"/>-->
 Figures 6(a) to 6(c) show the embodiment of the container lift of figures 5(a) to 5(c) employed in an alternative method of emptying a container according to the invention. </p><p id="p0030" num="0030">Shown in figure 1 is a container 1 in the form of a cage 1 for use in a container lift according to the invention. The cage 1 comprises a solid base 2 having a castor 3 in each corner. Extending upwards from the base 2 are three cage side walls 4. The fourth side of the cage is an aperture 5 which can be opened or closed by means of a door 6. </p><p id="p0031" num="0031">The top 7 of the cage 1 is open. However, in order to maintain the structural stability of the cage 1 a reinforcement bar 8 extends from the top edge of one side wall 4 to the top edge of the opposite side wall 4. </p><p id="p0032" num="0032">In use the door 6 of the cage 1 is opened and the cage 1 is filled from the side. Alternatively the cage 1 can be filled from the top provided the refuse can fit past the reinforcement bar 8. </p><p id="p0033" num="0033">Once filled the cage 1 is collected and transported to a remote location where it is emptied and returned. </p><p id="p0034" num="0034">Typically cages 1 are emptied by hand which is both time consuming and expensive. An alternative method is to connect the cage 1 to a machine which turns the cage 1 upside down. This however is not effective as large pieces of refuse can become trapped between the reinforcement bar 8 and the side 4 of the cage 1. </p><p id="p0035" num="0035">Shown in figure 2 is a container lifting apparatus 10 according to the invention. The apparatus 10 comprises a primary pivot arm 1 1 comparable in size to the height of the container 1. The primary pivot arm 11 is shown in the vertical position. The primary pivot arm 1 is adapted to pivot about a primary arm pivot 12 which is in turn connected to a fixed support member 13. A primary pivot mechanism 1 is adapted to pivot the primary pivot arm 1 1 about the primary arm pivot 12 as will be described in more detail below. 
<!-- EPO <DP n="8"/>-->
 Connected to the primary pivot arm 11 is a secondary pivot arm 15. The secondary pivot arm 15 is connected to the primary pivot arm 11 by means of a secondary arm pivot 16 spaced apart from the primary arm pivot 12. The axis of rotation of the secondary arm pivot 16 is parallel to that of the primary arm pivot 12. The secondary pivot arm 15 comprises a main member 17 and a support member 8 upstanding therefrom. </p><p id="p0036" num="0036">Connected between the primary pivot arm 11 and the support member 18 of the secondary pivot arm 15 is a secondary pivot mechanism 19. The secondary pivot mechanism 19 in this embodiment is an extensible piston 19 the operation of which is described in more detail below. The secondary pivot arm 15 further comprises a connector for holding the container 1 in fixed relation to the secondary pivot arm 15 whilst the container lift 10 is in use. The connector comprises first and second end stops 20,21 spaced apart along the length of the secondary pivot arm 15. </p><p id="p0037" num="0037">Shown in figure 2 is one primary and secondary pivot arm pair 11 , 15. The container lift 10 according this embodiment comprises a further primary and secondary pivot arm pair 11 ,15 parallel to and spaced apart from the first pair. A waste chute 22 extends between the two primary pivot arms 1 1. </p><p id="p0038" num="0038">!n use the door 6 of the cage 1 is opened and the cage 1 moved into position between the first and second end stops 20,21 of the secondary pivot arm 15 as shown. The open face 5 of the cage 1 faces towards the primary and secondary pivot arms 1 ,15. </p><p id="p0039" num="0039">The primary pivot mechanism 14 then pivots the primary pivot arm 11 about the primary arm pivot 2 as shown in figure 3. The degree of rotation of the primary pivot arm 1 is more than 90 degrees so pivoting the primary pivot arm 11 from the vertical and through the horizontal to a resting position with the top of the cage 1 lower than the bottom as shown, in a second step the primary pivot arm 11 is held fixed and the piston 19 extended so rotating the cage 1 back towards the horizontal, in this particular embodiment the secondary pivot arm 15 is rotated until it is horizontal. This is shown in figure 4. The final position of the cage 1 is the 
<!-- EPO <DP n="9"/>-->
 unloading position in which the side of the cage 1 containing the aperture 5 is the lower face of the cage 1. </p><p id="p0040" num="0040">As the secondary pivot arm 15 is pivoted back towards the horizontal the lower face of the cage 1 separates from the waste chute 22 extending between the two primary pivot arms 1 1. Waste within the cage 1 then falls from the cage 1 through the aperture 5 in the lower face onto the waste chute 22 and away from the cage 1. </p><p id="p0041" num="0041">Typically the waste that drops from the waste chute 22 is received by a conveyor which transfers the waste to a trailer or compactor. </p><p id="p0042" num="0042">In an alternative embodiment the secondary pivot arm 15 does not rotate as far back as the horizontal. </p><p id="p0043" num="0043">In a further alternative embodiment of the invention the container lift 10 comprises only one primary pivot arm 11 and one secondary pivot arm 15. </p><p id="p0044" num="0044">Shown in figures 5(a) to 5(c) is a further embodiment of a container lift according to the invention. The method of emptying the container is similar to that described with reference to figures 2 to 4 except the primary and secondary pivot arms 1 1 , 15 are pivoted simultaneously. In this embodiment the secondary pivot mechanism 9 comprises a plurality of arms linked together and extending between the secondary pivot arm 15 and the fixed support member 13. </p><p id="p0045" num="0045">Shown in figures 6(a) to 6(c) is the embodiment of the container lift described with reference to figures 5(a) to 5(c) employed in an alternative method of emptying a container. The container lift comprises a connector 23 in the form of a U shaped pivot point connected to the primary pivot arm 1. A container 1 is arranged adjacent to the pivot arm with a protrusion 24 on the container 1 being received in the U shaped pivot point. The container 1 comprises a mouth defining an aperture in its top face. As the primary pivot arm 1 1 pivots 
<!-- EPO <DP n="10"/>-->
 the container 1 pivots in fixed relation to the primary pivot arm 11 becoming inverted as shown. At the same time as the primary pivot arm 1 1 pivots in a first direction the secondary pivot mechanism 19 pivots the secondary pivot arm 15 in the opposite direction from a retracted position parallel to the primary pivot arm 11 to an extended position inclined to the primary pivot arm 1. in the extended position the secondary pivot arm 15 abuts the mouth of the container as shown in figure 6(c), so supporting the container 1 whilst the contents of the container 1 drop through the container mouth under gravity. </p><p id="p0046" num="0046">In this embodiment the connector connected to the secondary pivot arm 5 is optional as it is not required to empty the container 1. it is the connector 23 connected to the primary pivot arm 11 which is used to hold the container 1 in place. 
</p></description><claims mxw-id="PCLM70077826" ref-ucid="WO-2014128481-A1" lang="EN" load-source="patent-office"><claim id="clm-0001" num="0001"><!-- EPO <DP n="11"/>--><claim-text/><claim-text>A container lift comprising at least one primary pivot arm having a primary arm pivot connected thereto; each primary pivot arm having a primary pivot mechanism connected thereto for rotating the primary pivot arm about the primary arm pivot; each primary pivot arm having a secondary pivot arm connected thereto by a secondary arm pivot spaced apart from the primary arm pivot; ; each secondary pivot arm having a secondary pivot mechanism connected thereto for rotating the secondary pivot arm about the secondary arm pivot; each secondary pivot arm comprising a connector for holding a container in substantially fixed relation to the secondary pivot arm. </claim-text><claim-text>A container lift as claimed in claim 1 , wherein the pivot axes of the primary arm pivot and secondary arm pivot are parallel. </claim-text><claim-text>A container lift as claimed in either of claims 1 or 2, further comprising a fixed support member, the primary arm pivot being connected to the fixed support member. </claim-text><claim-text>A container lift as claimed in any one of claims 1 to 3, wherein the secondary pivot mechanism comprises an extensible member, preferably a piston, extending between the primary and secondary pivot arms. </claim-text><claim-text>A container lift as claimed in claim 3, wherein the secondary pivot mechanism extends between the fixed support member and the secondary pivot arm. 
<!-- EPO <DP n="12"/>-->
</claim-text><claim-text>6. A container iift as claimed in any one of claims 1 to 5, wherein the primary pivot mechanism pivots the primary pivot arm in the opposite direction to the direction of pivoting of the secondary pivot arm by the secondary pivot mechanism. </claim-text><claim-text>7. A container lift as claimed in any one of claims 1 to 6, wherein the connector comprises first and second end stops spaced apart on the secondary pivot arm for receiving the container therebetween. </claim-text><claim-text>8. A container lift as claimed in any one of claims 1 to 7, comprising first and second spaced apart primary pivot arms, each primary pivot arm having a secondary pivot arm connected thereto. </claim-text><claim-text>9. A container lift as claimed in claim 8, comprising a waste chute extending between the first and second primary pivot arms. </claim-text><claim-text>10. A container lift as claimed in any one of claims 1 to 9, further comprising a container connected to the secondary pivot arm. </claim-text><claim-text>11. A method of emptying a container having an aperture in one side comprising the steps of providing a container lift as claimed in any one of claims 1 to 10; connecting the container to the secondary pivot arm with the aperture facing towards the primary pivot arm; pivoting the primary and secondary pivot arms about the primary arm pivot and secondary arm pivot respectively to pivot the container to an unloading position; the container being connected to the secondary pivot arm such that when in the unloading position the side of the container comprising the aperture is a lower side through which the contents of the container can drop under gravity. 
<!-- EPO <DP n="13"/>-->
</claim-text><claim-text>12. A method as claimed in claim 1 1 , wherein the primary pivot mechanism pivots the primary pivot arm in the opposite direction to the direction of pivoting of the secondary pivot arm by the secondary pivot mechanism. </claim-text><claim-text>13. A method as claimed in either of claims 11 or 12, wherein the primary pivot arm and secondary pivot arm pivot simultaneously. </claim-text><claim-text>14. A method as claimed in either of claims 1 or 12, wherein the primary pivot arm pivots, followed by the secondary pivot arm. </claim-text><claim-text>15. A method as claimed in claim 12, wherein the primary pivot arm is pivoted through more than 90 degrees and the secondary pivot arm is pivoted partially in the opposite direction. </claim-text><claim-text>16. A method as claimed in claim 15, wherein the primary pivot arm is pivoted from an initial substantially vertical orientation through the horizontal and the secondary pivot arm is pivoted back to the horizontal. </claim-text><claim-text>17. A container lift comprising at least one primary pivot arm having a primary arm pivot connected thereto; each primary pivot arm having a primary pivot mechanism connected thereto for rotating the primary pivot arm about the primary arm pivot; each primary pivot arm comprising a connector for holding a container in substantially fixed relation to the primary pivot arm; each primary pivot arm having a secondary pivot arm connected thereto by a secondary arm pivot spaced apart from the primary arm pivot; each secondary pivot arm having a secondary pivot mechanism connected thereto for pivoting the secondary pivot arm from a retracted position parallel to the primary pivot arm to an extended position inclined to the primary pivot arm. 
<!-- EPO <DP n="14"/>-->
</claim-text><claim-text>18. A method of emptying a container having a mouth defining an aperture in a top face, the method comprising the steps of providing a container lift as claimed in claim 17; connecting the container to the connector of the primary pivot arm; pivoting the primary pivot arm about the primary arm pivot to invert the container whilst simultaneously pivoting the secondary pivot arm from the retracted to the extended position such that the secondary pivot arm abuts the mouth so supporting the container. 
</claim-text></claim></claims><copyright>User acknowledges that Fairview Research LLC and its third party providers retain all right, title and interest in and to this xml under applicable copyright laws.  User acquires no ownership rights to this xml including but not limited to its format.  User hereby accepts the terms and conditions of the Licence Agreement</copyright></patent-document>
