<?xml version="1.0" encoding="UTF-8"?>
<patent-document ucid="EP-2678283-A1" country="EP" doc-number="2678283" kind="A1" date="20140101" family-id="45755540" file-reference-id="294555" date-produced="20180826" status="corrected" lang="EN"><bibliographic-data><publication-reference fvid="146551212" ucid="EP-2678283-A1"><document-id><country>EP</country><doc-number>2678283</doc-number><kind>A1</kind><date>20140101</date><lang>EN</lang></document-id></publication-reference><application-reference ucid="EP-12705560-A" is-representative="NO"><document-id mxw-id="PAPP154825135" load-source="docdb" format="epo"><country>EP</country><doc-number>12705560</doc-number><kind>A</kind><date>20120210</date><lang>EN</lang></document-id><document-id mxw-id="PAPP220438335" load-source="docdb" format="original"><country>EP</country><doc-number>12705560.6</doc-number><date>20120210</date></document-id></application-reference><priority-claims><priority-claim mxw-id="PPC140449029" ucid="US-2012024604-W" linkage-type="W" load-source="docdb"><document-id format="epo"><country>US</country><doc-number>2012024604</doc-number><kind>W</kind><date>20120210</date></document-id></priority-claim><priority-claim mxw-id="PPC140446738" ucid="US-92987511-A" load-source="docdb"><document-id format="epo"><country>US</country><doc-number>92987511</doc-number><kind>A</kind><date>20110222</date></document-id></priority-claim></priority-claims><technical-data><classifications-ipcr><classification-ipcr mxw-id="PCL1988126174" load-source="docdb">C03C   8/04        20060101AFI20120914BHEP        </classification-ipcr><classification-ipcr mxw-id="PCL1988127427" load-source="docdb">C03C   8/24        20060101ALI20120914BHEP        </classification-ipcr></classifications-ipcr><classifications-cpc><classification-cpc mxw-id="PCL-1809719431" load-source="docdb" scheme="CPC">C03C   8/24        20130101 LI20170520BHEP        </classification-cpc><classification-cpc mxw-id="PCL-2140408599" load-source="docdb" scheme="CPC">C03C2205/00        20130101 LA20141106BHEP        </classification-cpc><classification-cpc mxw-id="PCL-2140409471" load-source="docdb" scheme="CPC">E06B   3/6612      20130101 LI20141106BHEP        </classification-cpc><classification-cpc mxw-id="PCL-2140411365" load-source="docdb" scheme="CPC">C03C   8/06        20130101 FI20141106BHEP        </classification-cpc><classification-cpc mxw-id="PCL-2140411617" load-source="docdb" scheme="CPC">E06B   3/673       20130101 LI20141106BHEP        </classification-cpc><classification-cpc mxw-id="PCL-2140412618" load-source="docdb" scheme="CPC">C03C  27/06        20130101 LI20141106BHEP        </classification-cpc><classification-cpc mxw-id="PCL-2140414739" load-source="docdb" scheme="CPC">C03C   8/04        20130101 LI20141107BHEP        </classification-cpc></classifications-cpc><invention-title mxw-id="PT132186120" lang="DE" load-source="patent-office">AUF VANADIUM BASIERENDE FRITTENMATERIALIEN UND HERSTELLUNGSVERFAHREN DAFÜR</invention-title><invention-title mxw-id="PT132186121" lang="EN" load-source="patent-office">VANADIUM -BASED FRIT MATERIALS AND METHODS OF MAKING THE SAME</invention-title><invention-title mxw-id="PT132186122" lang="FR" load-source="patent-office">MATÉRIAUX DE FRITTE À BASE DE VANADIUM ET PROCÉDÉS POUR LES PRÉPARER</invention-title></technical-data><parties><applicants><applicant mxw-id="PPAR918136753" load-source="docdb" sequence="1" format="epo"><addressbook><last-name>GUARDIAN INDUSTRIES</last-name><address><country>US</country></address></addressbook></applicant><applicant mxw-id="PPAR918157026" load-source="docdb" sequence="1" format="intermediate"><addressbook><last-name>GUARDIAN INDUSTRIES CORP.</last-name></addressbook></applicant><applicant mxw-id="PPAR918993161" load-source="patent-office" sequence="1" format="original"><addressbook><last-name>Guardian Industries Corp.</last-name><iid>101014593</iid><address><street>2300 Harmon Road</street><city>Auburn Hills, MI 48326-1714</city><country>US</country></address></addressbook></applicant></applicants><inventors><inventor mxw-id="PPAR918155991" load-source="docdb" sequence="1" format="epo"><addressbook><last-name>DENNIS TIMOTHY A</last-name><address><country>US</country></address></addressbook></inventor><inventor mxw-id="PPAR918147523" load-source="docdb" sequence="1" format="intermediate"><addressbook><last-name>DENNIS, Timothy, A.</last-name></addressbook></inventor><inventor mxw-id="PPAR918980422" load-source="patent-office" sequence="1" format="original"><addressbook><last-name>DENNIS, Timothy, A.</last-name><address><street>4226 Bloomdale Road</street><city>Bloomdale, OH 44817</city><country>US</country></address></addressbook></inventor></inventors><agents><agent mxw-id="PPAR918993714" load-source="patent-office" sequence="1" format="original"><addressbook><last-name>Hess, Peter K. G.</last-name><iid>101260640</iid><address><street>Bardehle Pagenberg Partnerschaft mbB Patentanwälte, Rechtsanwälte Prinzregentenplatz 7</street><city>81675 München</city><country>DE</country></address></addressbook></agent></agents></parties><international-convention-data><pct-or-regional-filing-data ucid="US-2012024604-W"><document-id><country>US</country><doc-number>2012024604</doc-number><kind>W</kind><date>20120210</date><lang>EN</lang></document-id></pct-or-regional-filing-data><pct-or-regional-publishing-data ucid="WO-2012115796-A1"><document-id><country>WO</country><doc-number>2012115796</doc-number><kind>A1</kind><date>20120830</date><lang>EN</lang></document-id></pct-or-regional-publishing-data><designated-states><ep-contracting-states><country mxw-id="DS548865067" load-source="docdb">AL</country><country mxw-id="DS548912702" load-source="docdb">AT</country><country mxw-id="DS548865068" load-source="docdb">BE</country><country mxw-id="DS548836784" load-source="docdb">BG</country><country mxw-id="DS548928493" load-source="docdb">CH</country><country mxw-id="DS548815631" load-source="docdb">CY</country><country mxw-id="DS548912703" load-source="docdb">CZ</country><country mxw-id="DS548865069" load-source="docdb">DE</country><country mxw-id="DS548815632" load-source="docdb">DK</country><country mxw-id="DS548815633" load-source="docdb">EE</country><country mxw-id="DS548934074" load-source="docdb">ES</country><country mxw-id="DS548836785" load-source="docdb">FI</country><country mxw-id="DS548836786" load-source="docdb">FR</country><country mxw-id="DS548865070" load-source="docdb">GB</country><country mxw-id="DS548815634" load-source="docdb">GR</country><country mxw-id="DS548865071" load-source="docdb">HR</country><country mxw-id="DS548912704" load-source="docdb">HU</country><country mxw-id="DS548928494" load-source="docdb">IE</country><country mxw-id="DS548815635" load-source="docdb">IS</country><country mxw-id="DS548836787" load-source="docdb">IT</country><country mxw-id="DS548815636" load-source="docdb">LI</country><country mxw-id="DS548927789" load-source="docdb">LT</country><country mxw-id="DS548912705" load-source="docdb">LU</country><country mxw-id="DS548927790" load-source="docdb">LV</country><country mxw-id="DS548927791" load-source="docdb">MC</country><country mxw-id="DS548926353" load-source="docdb">MK</country><country mxw-id="DS548926370" load-source="docdb">MT</country><country mxw-id="DS548836788" load-source="docdb">NL</country><country mxw-id="DS548934075" load-source="docdb">NO</country><country mxw-id="DS548928495" load-source="docdb">PL</country><country mxw-id="DS548926371" load-source="docdb">PT</country><country mxw-id="DS548836789" load-source="docdb">RO</country><country mxw-id="DS548926372" load-source="docdb">RS</country><country mxw-id="DS548928496" load-source="docdb">SE</country><country mxw-id="DS548912706" load-source="docdb">SI</country><country mxw-id="DS548934076" load-source="docdb">SK</country><country mxw-id="DS548928497" load-source="docdb">SM</country><country mxw-id="DS548927792" load-source="docdb">TR</country></ep-contracting-states></designated-states></international-convention-data><office-specific-data><eptags><ep-no-a-document-published>*</ep-no-a-document-published></eptags></office-specific-data></bibliographic-data><abstract mxw-id="PA99619772" ref-ucid="WO-2012115796-A1" lang="EN" load-source="patent-office"><p num="0000">Certain example embodiments relate to improved seals for glass articles. Certain example embodiments relate to a composition used for sealing an insulted glass unit. In certain example embodiments the composition includes vanadium oxide, barium oxide, zinc oxide, and at least one additional additive in particular the fit material comprises in weight%: V2O5, 50-60, BaO, 27-33, ZnO 9-12 and one additive selected from: Ta2O5, Ti2O3, SrCl2, GeO2,CuO, AgO, Nb2O5, MgO, B2O3, SiO2, TI2O3, Υ2O3, SnF2, SnO2, CuCI, SnCl2, CeO2, AgCI, Ιn2O3, SnO, SrO and AI2O3. For instance, another additive that is a different metal oxide or different metal chloride may be provided. In certain example embodiments, a vacuum insulated glass unit includes first and second glass substrates that are sealed together with a seal that includes the above-described composition.</p></abstract><abstract mxw-id="PA99819451" ref-ucid="WO-2012115796-A1" lang="EN" source="national office" load-source="docdb"><p>Certain example embodiments relate to improved seals for glass articles. Certain example embodiments relate to a composition used for sealing an insulted glass unit. In certain example embodiments the composition includes vanadium oxide, barium oxide, zinc oxide, and at least one additional additive in particular the fit material comprises in weight%: V2O5, 50-60, BaO, 27-33, ZnO 9-12 and one additive selected from: Ta2O5, Ti2O3, SrCl2, GeO2,CuO, AgO, Nb2O5, MgO, B2O3, SiO2, TI2O3, ?2O3, SnF2, SnO2, CuCI, SnCl2, CeO2, AgCI, ?n2O3, SnO, SrO and AI2O3. For instance, another additive that is a different metal oxide or different metal chloride may be provided. In certain example embodiments, a vacuum insulated glass unit includes first and second glass substrates that are sealed together with a seal that includes the above-described composition.</p></abstract><abstract mxw-id="PA99619773" ref-ucid="WO-2012115796-A1" lang="FR" load-source="patent-office"><p num="0000">Certains exemples de modes de réalisation concernent des soudures améliorées pour articles de verre. Certains modes de réalisation concernent une composition utilisée pour souder une unité de verre isolée. Dans certains exemples de modes de réalisation, la composition comprend de l'oxyde de vanadium, de l'oxyde de baryum, de l'oxyde de zinc et au moins un additif supplémentaire ; en particulier le matériau de fritte comprend, en % pondéraux : V2O5, 50-60, BaO, 27-33, ZnO 9-12 et un additif choisi parmi : Ta2O5, Ti2O3, SrCl2, GeO2,CuO, AgO, Nb2O5, MgO, B2O3, SiO2, TI2O3, Y2O3, SnF2, SnO2, CuCI, SnCl2, CeO2, AgCI, In2O3, SnO, SrO et Al2O3. Par exemple, un autre additif qui est un oxyde de métal différent ou un chlorure de métal différent peut être ajouté. Dans certains exemples de modes de réalisation, une unité de verre isolée sous vide comprend un premier et un deuxième substrat de verre qui sont soudés ensemble avec une soudure qui comprend la composition décrite ci-dessus.</p></abstract><abstract mxw-id="PA99819452" ref-ucid="WO-2012115796-A1" lang="FR" source="national office" load-source="docdb"><p>Certains exemples de modes de réalisation concernent des soudures améliorées pour articles de verre. Certains modes de réalisation concernent une composition utilisée pour souder une unité de verre isolée. Dans certains exemples de modes de réalisation, la composition comprend de l'oxyde de vanadium, de l'oxyde de baryum, de l'oxyde de zinc et au moins un additif supplémentaire ; en particulier le matériau de fritte comprend, en % pondéraux : V2O5, 50-60, BaO, 27-33, ZnO 9-12 et un additif choisi parmi : Ta2O5, Ti2O3, SrCl2, GeO2,CuO, AgO, Nb2O5, MgO, B2O3, SiO2, TI2O3, Y2O3, SnF2, SnO2, CuCI, SnCl2, CeO2, AgCI, In2O3, SnO, SrO et Al2O3. Par exemple, un autre additif qui est un oxyde de métal différent ou un chlorure de métal différent peut être ajouté. Dans certains exemples de modes de réalisation, une unité de verre isolée sous vide comprend un premier et un deuxième substrat de verre qui sont soudés ensemble avec une soudure qui comprend la composition décrite ci-dessus.</p></abstract><description mxw-id="PDES50930430" ref-ucid="WO-2012115796-A1" lang="EN" load-source="patent-office"><!-- EPO <DP n="2"/>--><p id="p0001" num="0001"> TITLE OF THE INVENTION </p><p id="p0002" num="0002">VANADIUM -BASED FRIT MATERIALS AND METHODS OF MAKING THE SAME </p><p id="p0003" num="0003">FIELD OF THE INVENTION </p><p id="p0004" num="0004">[0001] Certain example embodiments of this invention relate to improved frit materials for glass articles (e.g., for use in vacuum insulated glass or VIG units), and/or methods of making the same, as well as articles including such improved frit materials and/or methods of making the same. More particularly, certain example embodiments relate to vanadium-based frit materials having a reduced melting point, and/or methods of making the same. In certain example embodiments, the improved insulated seals are used in connection with vacuum insulated glass (VIG) units, and/or a method is provided for sealing VIG units with the improved seals. </p><p id="p0005" num="0005">BACKGROUND AND SUMMARY OF EXAMPLE EMBODIMENTS OF THE</p><p id="p0006" num="0006">INVENTION </p><p id="p0007" num="0007">[0002] Vacuum IG units are known in the art. For example, see U.S. Patent Nos.</p><p id="p0008" num="0008">5,664,395, 5,657,607, and 5,902,652, the disclosures of which are all hereby incorporated herein by reference. </p><p id="p0009" num="0009"> [0003] Figs. 1 -2 illustrate a conventional vacuum IG unit (vacuum IG unit or VIG unit). Vacuum IG unit 1 includes two spaced apart glass substrates 2 and 3, which enclose an evacuated or low pressure space 6 there between. Glass sheets/substrates 2 and 3 are interconnected by peripheral or edge seal of fused solder glass 4 and an array of support pillars or spacers 5. </p><p id="p0010" num="0010"> [0004] Pump out tube 8 is hermetically sealed by solder glass 9 to an aperture or hole 10 which passes from an interior surface of glass sheet 2 to the bottom of recess 1 1 in the exterior face of sheet 2. A vacuum is attached to pump out tube 8 so that the interior cavity between substrates 2 and 3 can be evacuated to create a low pressure area or space 6. After evacuation, tube 8 is melted to seal the vacuum. Recess 1 1 retains sealed tube 8. Optionally, a chemical getter 12 may be included within recess 13. 
<!-- EPO <DP n="3"/>-->
 [0005] Conventional vacuum IG units, with their fused solder glass peripheral seals 4, have been manufactured as follows. Glass frit in a solution (ultimately to form solder glass edge seal 4) is initially deposited around the periphery of substrate 2. The other substrate 3 is brought down over top of substrate 2 so as to sandwich spacers 5 and the glass frit/solution there between. The entire assembly including sheets 2, 3, the spacers, and the seal material is then heated to a temperature of approximately 500°C, at which point the glass frit melts, wets the surfaces of the glass sheets 2, 3, and ultimately forms hermetic peripheral or edge seal 4. This approximately 500°C temperature is maintained for from about one to eight hours. After formation of the peripheral/edge seal 4 and the seal around tube 8, the assembly is cooled to room temperature. It is noted that column 2 of U.S. Patent No. 5,664,395 states that a conventional vacuum IG processing temperature is approximately 500°C for one hour. Inventors Lenzen, Turner and Collins of the '395 patent have stated that "the edge seal process is currently quite slow: </p><p id="p0011" num="0011">typically the temperature of the sample is increased at 200°C per hour, and held for one hour at a constant value ranging from 430°C and 530°C depending on the solder glass composition." After formation of edge seal 4, a vacuum is drawn via the tube to form low pressure space 6. </p><p id="p0012" num="0012"> [0006] The composition of conventional edge seals are known in the art. See, for example, U.S. Patent Nos. 3,837,866; 4,256,495; 4,743,302; 5,051 ,381 ; 5, 188,990; </p><p id="p0013" num="0013">5,336,644; 5,534,469; 7,425,518, and U.S. Publication No. 2005/0233885, the disclosures of which are all hereby incorporated herein by reference. </p><p id="p0014" num="0014"> [0007] Unfortunately, the aforesaid high temperatures and long heating times of the entire assembly utilized in the formulation of edge seal 4 are undesirable. This is especially the case when it is desired to use a heat strengthened or tempered glass substrate(s) 2, 3 in the vacuum IG unit. As shown in Figs. 3-4, tempered glass loses temper strength upon exposure to high temperatures as a function of heating time. </p><p id="p0015" num="0015">Moreover, such high processing temperatures may adversely affect certain low-E coating(s) that may be applied to one or both of the glass substrates in certain instances. </p><p id="p0016" num="0016">[0008] Fig. 3 is a graph illustrating how fully thermally tempered plate glass loses original temper upon exposure to different temperatures for different periods of time, where the original center tension stress is 3,200 MU per inch. The x-axis in Fig. 3 is 
<!-- EPO <DP n="4"/>-->
 exponentially representative of time in hours (from 1 to 1 ,000 hours), while the y-axis is indicative of the percentage of original temper strength remaining after heat exposure. Fig. 4 is a graph similar to Fig. 3, except that the x-axis in Fig. 4 extends from zero to one hour exponentially. </p><p id="p0017" num="0017"> [0009] Seven different curves are illustrated in Fig. 3, each indicative of a different temperature exposure in degrees Fahrenheit (°F). The different curves/lines are 400°F (across the top of the Fig. 3 graph), 500°F, 600°F, 700°F, 800°F, 900°F, and 950°F (the bottom curve of the Fig. 3 graph). A temperature of 900°F is equivalent to approximately 482°C, which is within the range utilized for forming the aforesaid conventional solder glass peripheral seal 4 in Figs. 1 -2. Thus, attention is drawn to the 900°F curve in Fig. 3, labeled by reference number 1 8. As shown, only 20% of the original temper strength remains after one hour at this temperature (900°F or 482°C). Such a significant loss (i.e., 80% loss) of temper strength may be undesirable. </p><p id="p0018" num="0018">[0010] As seen in Figs. 3-4, the percentage of remaining tempering strength varies based on the temperature that is exposed to the tempered glass. For example, at 900°F only about 20% of the original temper strength remains. When the temperature that the sheet is exposed to is reduced to 800°F, about 428°C, the amount of strength remaining is about 70%. Finally, a reduction in temperature to about 600°F, about 3 15°C, results in about 95% of the original temper strength of the sheet remaining. As will be appreciated, it is desirable to reduce any temper strength losses as a result of exposing a tempered sheet of glass to high temperatures. </p><p id="p0019" num="0019"> [0011] As noted above, the creation of V1G units includes the creation of a hermetic seal that can withstand the pressure applied from the vacuum created on inside of the unit. As also discussed above, the creation of the seal may conventionally involve temperatures of at or above 500°C. These temperatures are required in order to obtain a high enough temperature in order for the frit material used for the seal to melt and form the required seal for the VIG units. As shown above, such a temperature can result in a strength reduction for VIG units using tempered glass. </p><p id="p0020" num="0020"> [0012] One conventional solution to sealing glass substrates together is to use an epoxy. However, in the case of VIG units, epoxy compositions may be insufficient to 
<!-- EPO <DP n="5"/>-->
 hold a seal on a vacuum. Furthermore, epoxies may be susceptible to environmental factors that may further reduce their effectiveness when applied to VIG units. </p><p id="p0021" num="0021">[0013] Another conventional solution is to use a frit solution that contains lead.</p><p id="p0022" num="0022">As is known, lead has a relatively low melting point. Accordingly, temperatures for sealing the VIG units may not need to be as high for other frit materials, and thus the tempering strength of tempered glass substrates may not be reduced by the same amount required for other frit based materials. However, while lead based frits may resolve the above structural issues, the usage of lead in the frit may create new problems. </p><p id="p0023" num="0023">Specifically, the health consequences to the population for products that contain lead. Additionally, certain countries (e.g., in the European Union) may impose strict requirements on the amount of lead that can be contained in a given product. Indeed, some countries (or customers) may require products that are completely lead-free. </p><p id="p0024" num="0024">[0014] Thus, it will be appreciated that techniques for creating improved seals for glass articles are continuously sought after. It also will be appreciated that there exists a need in the art for improved seals and the like that can be integrated with tempered glass units, such as, for example, VIG units. The seals may be designed to allow for reduced temperature sealing such that annealed or tempered glass can be sealed without detrimental impact on the properties of the glass. </p><p id="p0025" num="0025"> [0015] In certain example embodiments, a frit material having a composition is provided. The frit material may include vanadium oxide between about 50% and 60% weight, barium oxide between about 27% and 33% weight, and zinc oxide between about 9% and 12%» weight. In certain example embodiments, the frit material may also include at least one additive selected from among: Ta<sub>2</sub>Os, Ti<sub>2</sub>0<sub>3</sub>, SrCl<sub>2</sub>, Ge0<sub>2</sub>, CuO, AgO, Nb?Os B9O1 MsO SiO TeO? TbO, Y?Oi SnF2 Sn02 <sup>r</sup>"<sup>r i</sup> ¾«ru rvn, Δ Π ln<sub>2</sub>0<sub>3)</sub> SnO, SrO, MgO, and A1<sub>2</sub>0<sub>3</sub> </p><p id="p0026" num="0026"> [0016] In certain example embodiments, a vacuum insulted glass (VIG) unit is provided. The VIG unit may include first and second substantially parallel, spaced apart glass substrates. An edge seal is provided around a periphery of the first and second substrates to form a hermetic seal there between and at least partially defining a gap between the first and second substrates. The gap defined between the first and second 
<!-- EPO <DP n="6"/>-->
 substrates is at a pressure less than atmospheric. The edge seal includes a frit material, e.g., as made from a base composition as described herein. </p><p id="p0027" num="0027"> [0017] In certain example embodiments, a method of making a frit material is provided. A base composition is provided to a holder. The base composition includes vanadium oxide between about 50% and 60% weight, barium oxide between about 27% and 33% weight, zinc oxide between about 9% and 12% weight, and at least one additive selected from among: Ta<sub>2</sub>0<sub>5</sub>, Ti<sub>2</sub>0<sub>3</sub>, SrCl<sub>2</sub>, Ge0<sub>2</sub>, CuO, AgO, Nb<sub>2</sub>0<sub>5</sub>, B<sub>2</sub>0<sub>3</sub>, MgO, Si0<sub>2</sub>, Te02, T1203, Y203, SnF2, Sn02, CuCl, SnC12, Ce02, AgCl, In203, SnO, SrO, MgO, and A1<sub>2</sub>0<sub>3</sub> The base composition is melted. The base composition is cooled or allowed to cool, forming an intermediate glass article. The intermediate glass article is ground to make the frit material. </p><p id="p0028" num="0028"> [0018] In certain example embodiments, a method of making a vacuum insulated glass (VIG) unit is provided. First and second glass substrates in substantially parallel, spaced apart relation to one another are provided. The first and second glass substrates using a frit material are sealed together, with a gap being defined between the first and second substrates. The sealing being performed by melting the frit material at a temperature of no more than about 375 degrees C. Where the frit material has been formed from a base composition including vanadium oxide between about 50% and 60% weight, barium oxide between about 27% and 33%o weight, zinc oxide between about 9% and 12% weight, and at least one oxide or chloride-base additive. </p><p id="p0029" num="0029">[0019] In certain example embodiments, a frit material having a composition is provided. The frit material may include vanadium oxide between about 50% and 60% weight, barium oxide between about 27% and 33% weight, and zinc oxide between about 9% and 12% weight. The frit material includes at least a first and second additive selected from among Si0<sub>2</sub>, SnCl<sub>2</sub>, A1<sub>2</sub>0<sub>3</sub>, and TeO? </p><p id="p0030" num="0030"> [0020] Certain example embodiments may include at least two additives. For example SnC12 and Si02. Certain example embodiments may include three or four additives selected from among Si0<sub>2</sub>, SnCl<sub>2</sub>, A1<sub>2</sub>0<sub>3</sub>, and Te0<sub>2</sub> </p><p id="p0031" num="0031"> [0021] The features, aspects, advantages, and example embodiments described herein may be combined in any suitable combination or sub-combination to realize yet further embodiments. 
<!-- EPO <DP n="7"/>-->
 BRIEF DESCRIPTION OF THE DRAWINGS </p><p id="p0032" num="0032">[0022] These and other features and advantages may be better and more completely understood by reference to the following detailed description of exemplary illustrative embodiments in conjunction with the drawings, of which: </p><p id="p0033" num="0033">[0023] FIGURE 1 is a cross-sectional view of a conventional vacuum IG unit; </p><p id="p0034" num="0034"> [0024] FIGURE 2 is a top plan view of the bottom substrate, edge seal, and spacers of the Fig. 1 vacuum IG unit taken along the section line illustrated in Fig. 1 ; </p><p id="p0035" num="0035">[0025] FIGURE 3 is a graph correlating time (hours) versus percent tempering strength remaining, illustrating the loss of original temper strength for a thermally tempered sheet of glass after exposure to different temperatures for different periods of time; </p><p id="p0036" num="0036"> [0026] FIGURE 4 is a graph correlating time versus percent tempering strength remaining similar to that of Fig. 3, except that a smaller time period is provided on the x- axis; </p><p id="p0037" num="0037"> [0027] FIGURE 5 is cross-sectional view of a vacuum insulated glass unit according to certain example embodiments; </p><p id="p0038" num="0038"> [0028] FIGURE 6 is a flowchart illustrating a process for making a vacuum insulated glass unit with a frit material according to certain example embodiments; </p><p id="p0039" num="0039">[0029] FIGURES 7A-7D are graphs summarizing properties of compositions according to certain example embodiments; </p><p id="p0040" num="0040"> [0030] FIGURES 8A-8C are graphs summarizing the quality of compositions according to certain exemplary embodiments; </p><p id="p0041" num="0041"> [0031] FIGURE 9 is a graph showing results when additional elements are added to compositions according to certain example embodiments; </p><p id="p0042" num="0042"> [0032] FIGURES 1 OA- I OC show graphs summarizing impacts of additives being added to vanadium based frits according to certain example embodiments; and </p><p id="p0043" num="0043">[0033] FIGURES 1 1 A-l 1 C show graphs summarizing absorption in the visible and infrared wavelengths for vanadium based frits according to certain example embodiments. 
<!-- EPO <DP n="8"/>-->
 DETAILED DESCRIPTION OF EXAMPLE EMBODIMENTS OF THE </p><p id="p0044" num="0044"> INVENTION </p><p id="p0045" num="0045">[0034] The following description is provided in relation to several example embodiments which may share common characteristics, features, etc. It is to be understood that one or more features of any one embodiment may be combinable with one or more features of other embodiments. In addition, single features or a combination of features may constitute an additional embodiment(s). </p><p id="p0046" num="0046"> [0035] Certain example embodiments may relate to glass units (e.g., VIG units) that include two glass substrates sealed with an improved seal, e.g., of or including a vanadium-based frit material. In certain example embodiments an improved seal may include the following materials: vanadium oxide, barium oxide, and zinc oxide. In addition, certain example embodiments may include one or more of the following compounds: Ta<sub>2</sub>O<sub>s</sub>, Ti<sub>2</sub>0<sub>3</sub>, SrCl<sub>2</sub>, Ge0<sub>2</sub>, CuO, AgO, Nb<sub>2</sub>0<sub>5</sub>, B<sub>2</sub>0<sub>3</sub>, MgO, Si0<sub>2</sub>, Te02, T1203, Y203, SnF2, Sn02, CuCl, SnC12, Ce02, AgCl, In203, SnO, SrO, MgO, and A1<sub>2</sub>0<sub>3</sub>. </p><p id="p0047" num="0047"> [0036] Fig. 5 is cross-sectional view of a vacuum insulated glass unit according to certain example embodiments. VIG unit 500 may include first and second glass substrates 502a and 502b that are spaced apart and define a space therebetween. The glass substrates 502a and 502b may be connected via an improved seal 504, of or including a vanadium-based frit. Support pillars 506 may help maintain the first and second substrates 502a and 502b in substantially parallel spaced apart relation to one another. It will be appreciated that the CTE of the improved seal 504 and the glass substrates 502a and 502b may substantially match one another. This may be </p><p id="p0048" num="0048">advantageous in terms of reducing the likelihood of the glass cracking, etc. Although Fig. 5 is described in relation to a VIG unit, it will be appreciated that the improved seal 504, of or including a vanadium-based frit may be used in connection with other articles and/or arrangements including, for example, insulating glass (IG) units and/or other articles. </p><p id="p0049" num="0049"> [0037] Fig. 6 is a flowchart illustrating a process for preparing a frit material to be used in making a vacuum insulated glass unit according to certain example embodiments. In step 600, base compounds are combined and disposed into an appropriate container 
<!-- EPO <DP n="9"/>-->
 (e.g., a heat resistant container such as, for example, a ceramic container). In step 602, the combined compound is melted. Preferably, the temperature to melt the combined material may be at least 1000°C. In certain exemplary embodiments, the combined compound is melted at 1000°C for between 30 to 60 minutes. In certain exemplary embodiments, the combined compound is melted at 1 100°C for 60 minutes. In certain exemplary embodiments, the combined compound is melted at 1200°C for 60 minutes. In certain exemplary embodiments, the melting temperature is a cycle that includes 500°C for 15 minutes, 550°C for 15minutes, 600°C for 1 5 minutes, and a ramp up to 1000°C for 60 minutes. </p><p id="p0050" num="0050"> [0038] After the combined compounds are melted, the material may be cooled in step 604, e.g., to form a glass sheet. After cooling, the glass may be crushed or ground into fine particulates in step 606. In certain example embodiments, the size of the particulates may be no larger than about 100 mesh. Once the glass is ground into a powder, it may be disposed between the substrates in step 608. In certain example embodiments, the powder may be dispensed as a paste with a binder. Heat may then be applied in step 610 to the glass substrate and the powder. In certain example embodiments, the heat may be between 300°C and 400°C, or more preferably between 325°C and 375°C. It will be appreciated that when heat of the above temperatures is applied to tempered glass that the tempered glass may lose a reduced amount of strength versus when heat of in excess of 350°C is applied to the tempered glass. Thus, certain example embodiments preferably involve a frit melting temperature of less than 500°C, more preferably less than 425°C, and sometimes less than 350°C. </p><p id="p0051" num="0051">[0039] In certain example embodiments, the combined compounds include the following materials: vanadium oxide, barium oxide, and zinc oxide. </p><p id="p0052" num="0052">[0040] Figs. 7A-7D show graphs summarizing properties of compositions according to certain example embodiments. </p><p id="p0053" num="0053"> [0041] The table below corresponds to the data shown in Fig. 7A with those compositions with a melt quality of less than 4 (on a scale of 0 to 5) omitted from the table. </p><p id="p0054" num="0054"> Table 1 , Normalized Moles of Batch Composition </p><p id="p0055" num="0055"> V<sub>2</sub>0<sub>5</sub> BaO ZnO BaO/ZnO Bi<sub>2</sub>0<sub>3</sub> B<sub>2</sub> 20^3 Tg(C) Tx l (C) Rating 
<!-- EPO <DP n="10"/>-->
 43.66% 9.87% 46.47% 0.21 320 410 4</p><p id="p0056" num="0056">39.01 % 13.25% 37.37% .35 2.1 8% 8.20% 312 430 4</p><p id="p0057" num="0057">47.33% 12.96% 24.41 % 0.53 9.95% 5.53% 305 380 4</p><p id="p0058" num="0058">50.24% 23.38% 21 .39% 1 .33 320 425 4</p><p id="p0059" num="0059">5 1 .54% 26.26% 16.46% 1 .60 5.75% 320 41 0 4.5 </p><p id="p0060" num="0060">[0042] The melts shown in Fig. 7A were applied to a microscope glass slide with a temperature of 375°C applied for 15 minutes. Fig. 7B shows a graph that includes the crystallization temperature (first crystallization peak - Txl - of the above table) of the above melts. According to certain exemplary embodiments, a preferred temperature for Tx l may be between about 375°C and 425°C, preferably about 400°C. </p><p id="p0061" num="0061">[0043] Fig. 7C shows the transition glass temperatures, Tg, compared the above melts. The graph showing exemplary data shows that Tg values between about 290C and 335C may be preferred for the above compositions. </p><p id="p0062" num="0062"> [0044] Fig. 7D includes the above melts in a graph showing the melt quality versus the barium/zinc ratio. </p><p id="p0063" num="0063"> [0045] Figs. 8A-8C show graphs that summarize the quality of compositions according to certain exemplary embodiments. Fig. 8A summarizes the V2O5 percentage used in certain exemplary compositions. Fig. 8B summarizes the BaO percentage used in certain exemplary compositions. Fig. 8C summarizes the ZnO percentage used in certain exemplary compositions. As shown in the illustrative graphs, a vanadium percentage of between about 51 % and 53% may be preferable according to certain example embodiments. </p><p id="p0064" num="0064"> [0046] Below, tables 2A-2C show exemplary compositions according to certain example embodiments. Additionally, examples 7-15 in the tables correspond to graphs 8A-8C. For the compositions shown in the below tables, BaC0<sub>3</sub> factor of 1 .287027979 was used to convert to a BaO resulting compound. </p><p id="p0065" num="0065"> Table 2A </p><p id="p0066" num="0066"> Weight Weights of Batch Normalized Weight Percentage Composition for 25 grams Percentage</p><p id="p0067" num="0067">Ex. V<sub>2</sub>0<sub>5</sub> BaO ZnO Weight V<sub>2</sub>0<sub>5</sub> BaO ZnO V<sub>2</sub>0<sub>5</sub> BaO ZnO 
<!-- EPO <DP n="11"/>-->
 Normal </p><p id="p0068" num="0068"> 1 60 30 10 0.23 13.800 8.880 2.300 55.24 35.55 9.21</p><p id="p0069" num="0069">2 52.5 25 10 0.27 14.175 8.687 2.700 55.45 33.99 10.56</p><p id="p0070" num="0070">3 45 20 10 0.31 13.950 7.980 3.100 55.73 31 .88 1 2.39</p><p id="p0071" num="0071">4 45 10 20 0.32 14.400 4.1 18 6.400 57.79 1 6.53 25.68</p><p id="p0072" num="0072">5 52.5 10 25 0.28 14.700 3.604 7.000 58.09 14.24 27.66</p><p id="p0073" num="0073">6 60 10 30 0.25 15.000 3.218 7.500 58.33 12.51 29.16</p><p id="p0074" num="0074">7 52.5 25 10 0.24 12.600 7.722 2.400 55.45 33.99 10.56</p><p id="p0075" num="0075">8 57.5 25 10 0.25 14.375 8.044 2.500 57.69 32.28 10.03</p><p id="p0076" num="0076">9 47.5 25 10 0.28 13.300 9.009 2.800 52.97 35.88 1 1 .15</p><p id="p0077" num="0077">10 52.5 27.5 10 0.26 13.650 9.202 2.600 53.63 36, 15 10.22</p><p id="p0078" num="0078">1 1 57.5 27.5 10 0.25 14.375 8.848 2.500 55.88 34.40 9.72</p><p id="p0079" num="0079">12 47.5 27.5 10 0.27 12.825 9.556 2.700 51 .1 3 38.10 10.77</p><p id="p0080" num="0080">13 52.5 22.5 10 0.28 14.700 8.108 2.800 57.40 31.66 1 0.93</p><p id="p0081" num="0081">14 57.5 22.5 1 0 0.26 14.950 7.529 2.600 59.61 30.02 10.37</p><p id="p0082" num="0082">15 47.5 22.5 10 0.29 13.775 8.398 2.900 54.94 33.49 1 1 .57 </p><p id="p0083" num="0083">Table 2B </p><p id="p0084" num="0084"> Moles of Batch Normalized Moles </p><p id="p0085" num="0085"> Ex. V<sub>2</sub>0<sub>5</sub> BaO ZnO V2O5 BaO ZnO Glass Type</p><p id="p0086" num="0086">1 0.3037 0.1801 0.1 132 50.87% 30.17% 1 8.95% amorphous</p><p id="p0087" num="0087">2 0.3049 0.1722 0. 1298 50.24% 28.38% 21.39% glassy</p><p id="p0088" num="0088">3 0.3064 0.1616 0.1 522 49.41 % 26.05% 24.54% amorphous</p><p id="p0089" num="0089">4 0.3 177 0.0838 0.3156 44.31 % 1 1 .68% 44.01% amorphous</p><p id="p0090" num="0090">5 0.3 194 0.0722 0.3400 43.66% 9.87% 46.47% amorphous</p><p id="p0091" num="0091">6 0.3207 0.0634 0.3584 43.19% 8.54% 48.27% amorphous</p><p id="p0092" num="0092">7 0.3049 0. 1722 0. 1298 50.24% 28.38% 21 .39% glassy</p><p id="p0093" num="0093">8 0.31 72 0.1636 0.1233 52.51 % 27.08% 20.41 % glassy</p><p id="p0094" num="0094">9 0.2912 0. 1818 0.1370 47.74% 29.80% 22.46% glassy</p><p id="p0095" num="0095">10 0.2949 0. 1832 0.1255 48.85% 30.35% 20.80% glassy 
<!-- EPO <DP n="12"/>-->
 11 0.3073 0.1743 0.1194 51.12% 29.00% 19.87% glassy</p><p id="p0096" num="0096">12 0.2811 0.1931 0.1323 46.35% 31.83% 21.81% glassy</p><p id="p0097" num="0097">13 0.3156 0.1604 0.1344 51.70% 26.28% 22.01% glassy</p><p id="p0098" num="0098">14 0.3278 0.1521 0.1274 53.97% 25.05% 20.98% glassy</p><p id="p0099" num="0099">15 0.3021 0.1697 0.1421 49.20% 27.65% 23.15% glassy </p><p id="p0100" num="0100">[0047] The rating shown in Table 2C is based off of deposing the ground composition on a microscope glass slide and heating the composition at about 375°C for between 10 and 30 minutes. </p><p id="p0101" num="0101"><img id="imgf000012_0001" he="125" wi="155" file="imgf000012_0001.tif" img-format="tif" img-content="table" orientation="portrait" inline="yes"/></p><p id="p0102" num="0102">[0048] Fig.9 shows a graph with results of adding additional elements (e.g.,</p><p id="p0103" num="0103">Bi<sub>2</sub>0<sub>3</sub> and B<sub>2</sub>0<sub>3</sub>) to a vanadium based frit. Corresponding data shown in Fig.9 is also displayed below in Table 3. 
<!-- EPO <DP n="13"/>-->
 Table 3 </p><p id="p0104" num="0104"> Ex. V205 BaO ZnO Bi203 B203 Tg(C) Txl (C) DSC Responses</p><p id="p0105" num="0105">1 65.39% 14.87% 12.46% 0.00% 7.28% 320 430 medium weak</p><p id="p0106" num="0106">2 60.96% 13.86% 1 1 .61 % 0.00% 13.57% 240 415 very weak</p><p id="p0107" num="0107">3 69.71 % 15.85% 1 3.28% 1 .16% 0.00% 31 5 405 strong peaks</p><p id="p0108" num="0108">4 64.69% 14.71 % 12.32% 1 .08% 7.20% 325 440 very weak</p><p id="p0109" num="0109">5 68.91 % 15.67% 13.1 3% 2.29% 0.00% 320 41 0 medium weak</p><p id="p0110" num="0110">6 64.00% 14.56% 12.19% 2.13% 7.12% 320 425 very weak</p><p id="p0111" num="0111">7 59.74% 13.59% 1 1 .38% 1.99% 13.30% 315 410 very weak</p><p id="p0112" num="0112">8 60.34% 13.72% 1 1 .49% 1.00% 13.43% 315 400 very weak</p><p id="p0113" num="0113">9 70.53% 16.04% 13.43% 0.00% 0.00% 3 1 5 380 strong peaks </p><p id="p0114" num="0114">[0049] In certain example embodiments, a strong DSC response may correspond to a good remelt quality. In certain example embodiments, the addition of bismuth in concentrations of between about 0% and 3% may result in increased remelt flow quality. </p><p id="p0115" num="0115">[0050] In certain example embodiments, a frit that includes ν<sub>2</sub>0<sub>5</sub>, BaO, and ZnO may further include one or more additives. In certain example embodiments, the additives may be between about 0.5% and 1 5% weight. According to certain example embodiments, the additives may be added to a base composition that includes between about 50% and 60% weight V<sub>2</sub>0<sub>5</sub>, 27% and 33% weight BaO, and 9% and 12% weight ZnO. </p><p id="p0116" num="0116"> [0051] Below, Tables 4A-4D show results of including additives to the base composition of V<sub>2</sub>0<sub>5</sub>, BaO, and ZnO. Table 4D shows the melt quality on a scale of about 0 to 5 for each of the compositions. Figs. 1 OA- I OC show graphs corresponding to the data shown in the below tables. A BaC03 factor of 1 .2870 was used to form the BaO used for the following examples. </p><p id="p0117" num="0117"> Table 4A </p><p id="p0118" num="0118"> Weights (gm) Normalized Weights</p><p id="p0119" num="0119">Ex V205 BaO ZnO Additive Type Amount V205 BaO ZnO Additive</p><p id="p0120" num="0120">1 52.5 22.5 10 Te02 2 14. 175 7.819 2.700 0.540 
<!-- EPO <DP n="14"/>-->
2 52.5 22.5 10 Te02 4 13.650 7.529 2.600 1 .040</p><p id="p0121" num="0121">3 52.5 22.5 10 Ta205 5 13.650 7.529 2.600 1 .300</p><p id="p0122" num="0122">4 52.5 22.5 10 Ta205 10 13.125 7.240 2.500 2.500</p><p id="p0123" num="0123">5 52.5 22.5 10 Ti203 5 13.650 7.529 2.600 1 .300</p><p id="p0124" num="0124">6 52.5 22.5 10 ΤΠ203 10 13.125 7.240 2.500 2.500</p><p id="p0125" num="0125">7 52.5 22.5 10 SrC12 2 14.175 7.819 2.700 0.540</p><p id="p0126" num="0126">8 52.5 22.5 10 SrC12 4 13.650 7.529 2.600 1.040</p><p id="p0127" num="0127">9 52.5 22.5 10 Ge02 1 14.175 7.819 2.700 0.270</p><p id="p0128" num="0128">10 52.5 22.5 10 Ge02 2 14.175 7.819 2.700 0.540</p><p id="p0129" num="0129">1 1 52.5 22.5 10 CuO 1 14.175 7.8 19 2.700 0.270</p><p id="p0130" num="0130">12 52.5 22.5 10 CuO 2 14.175 7.819 2,700 0.540</p><p id="p0131" num="0131">13 52.5 22.5 10 AgO 1.5 14. 175 7.819 2.700 0.405</p><p id="p0132" num="0132">14 52.5 22.5 10 AgO 3 14.175 7.819 2.700 0.810</p><p id="p0133" num="0133">15 52.5 22.5 10 Nb205 3 14.175 7.8 19 2.700 0.8 10</p><p id="p0134" num="0134">16 52.5 22.5 10 Nb205 6 13.650 7.529 2.600 1 .560</p><p id="p0135" num="0135">17 52.5 22.5 10 B203 .8 14.175 7.819 2.700 0.216</p><p id="p0136" num="0136">18 52.5 22.5 10 B203 1.6 14.175 7.819 2.700 0.432 </p><p id="p0137" num="0137">Table 4B </p><p id="p0138" num="0138"> Normalized Weight Percentage Moles of Batch Composition</p><p id="p0139" num="0139">Ex V205 BaO ZnO Additive V205 BaO ZnO Additive</p><p id="p0140" num="0140">1 56.17 30.99 10.70 2.14 0.309 0.157 0.131 0.013</p><p id="p0141" num="0141">2 55.00 30.34 10.48 4.19 0.302 0.154 0.129 0.026</p><p id="p0142" num="0142">3 54.43 30.02 10.37 5. 18 0.299 0.1 52 0.127 0.012</p><p id="p0143" num="0143">4 5 1 .75 28.54 9.86 9.86 0.285 0.145 0.121 0.022</p><p id="p0144" num="0144">5 54.43 30.02 10.37 5.18 0.299 0.152 0.127 0.01 1</p><p id="p0145" num="0145">6 51 .75 28.54 9.86 9.86 0.285 0.145 0.121 0.022</p><p id="p0146" num="0146">7 56.17 30.99 10.70 2. 14 0.309 0.157 0. 131 0.013</p><p id="p0147" num="0147">8 55.00 30.34 10.48 4.1 9 0.302 0.154 0.129 0.026</p><p id="p0148" num="0148">9 56.78 3 1 .32 10.82 1 .08 0.312 0.159 0.133 0.010 
<!-- EPO <DP n="15"/>-->
56.17 30.99 10.70 2.14 0.309 0.157 0.131 0.020</p><p id="p0149" num="0149">56.78 31.32 10.82 1.08 0.312 0.159 0.133 0.014</p><p id="p0150" num="0150">56.17 30.99 10.70 2.14 0.309 0.157 0.131 0.027</p><p id="p0151" num="0151">56.48 31.15 10.76 1.61 0.311 0.158 0.132 0.013</p><p id="p0152" num="0152">55.58 30.66 10.59 3.18 0.306 0.155 0.130 0.026</p><p id="p0153" num="0153">55.58 30.66 10.59 3.18 0.306 0.155 0.130 0.012</p><p id="p0154" num="0154">53.87 29.71 10.26 6.16 0.296 0.151 0.126 0.023</p><p id="p0155" num="0155">56.91 31.39 10.84 0.87 0.313 0.159 0.133 0.012</p><p id="p0156" num="0156">56.42 31.12 10.75 1.72 0.310 0.158 0.132 0.025 </p><p id="p0157" num="0157">Table 4C </p><p id="p0158" num="0158"> Normalized Moles </p><p id="p0159" num="0159"> V205 BaO ZnO Additive Tg (C) (Txl(C) Tx2(C) Txl-Tg</p><p id="p0160" num="0160">50.57% 25.71% 21.53% 2.20% 315 400 525 85</p><p id="p0161" num="0161">49.48% 25.16% 21.07% 4.30% 315 420 530 105</p><p id="p0162" num="0162">50.68% 25.76% 21.58% 1.99% 320 450 130</p><p id="p0163" num="0163">49.69% 25.26% 21.16% 3.90% 320 450 530 130</p><p id="p0164" num="0164">50.71% 25.78% 21.59% 1.92% 305 390 495 85</p><p id="p0165" num="0165">49.75% 25.29% 21.18% 3.77% 295 390 470 95</p><p id="p0166" num="0166">50.56% 25.70% 21.53% 2.21% 315 405 530 90</p><p id="p0167" num="0167">49.47% 25.15% 21.06% 4.32% 315 400 530 85</p><p id="p0168" num="0168">50.83% 25.84% 21.64% 1.68% 315 395 530 80</p><p id="p0169" num="0169">49.99% 25.41% 21.28% 3.31% 315 400 530 85</p><p id="p0170" num="0170">50.56% 25.71% 21.53% 2.20% 315 385 525 70</p><p id="p0171" num="0171">49.47% 25.15% 21.06% 4.31% 320 395 545 75</p><p id="p0172" num="0172">50.61% 25.73% 21.55% 2.12% 305 390 525 85</p><p id="p0173" num="0173">49.55% 25.19% 21.10% 4.16% 300 380 80</p><p id="p0174" num="0174">50.68% 25.76% 21.58% 1.98% 315 425 550 110</p><p id="p0175" num="0175">49.69% 25.26% 21.16% 3.89% 325 440 465 115</p><p id="p0176" num="0176">50.66% 25.75% 21.57% 2.02% 315 410 540 95 
<!-- EPO <DP n="16"/>-->
 1 8 49.66% 25.25% 21.14% 3.95% 320 405 545 85 </p><p id="p0177" num="0177"><img id="imgf000016_0001" he="147" wi="124" file="imgf000016_0001.tif" img-format="tif" img-content="table" orientation="portrait" inline="no"/></p><p id="p0178" num="0178">[0052] In certain example embodiments, the molar composition of an addiviate to a base composition higher than is shown in tables 4A-4D. Table 5A shows additives with an increased additive amount (on a % mole basis). The base composition used with the additive amount may be based on, for example, the base composition shown in Row 1 of Tables 4A-4D. The additives shown in Table 5, in the selected quantities displayed, may improve melt quality when compared to the above base composition. A melt type of Glassy indicates that a "button" of the compound melted onto a glass plate, forming a 
<!-- EPO <DP n="17"/>-->
 homogenous glassy structure. Sinter indicates that the compound (in a powder form) fused together, but remained in a powder form. </p><p id="p0179" num="0179"><img id="imgf000017_0001" he="96" wi="156" file="imgf000017_0001.tif" img-format="tif" img-content="table" orientation="portrait" inline="yes"/></p><p id="p0180" num="0180"> [0053] Accordingly, in certain example embodiments, additives of a relatively increased amount (e.g., versus those shown in Fig. 4) may be added to a base </p><p id="p0181" num="0181"> composition. In certain example embodiments, the additives may include, for example, CuCl, SnCb, Si0<sub>2</sub>, AI2O3, and Te0<sub>2</sub>. It will be appreciated that toxic nature of thallium oxide (T1<sub>2</sub>0<sub>3</sub>) may preclude its use in certain instances. </p><p id="p0182" num="0182"> [0054] In certain example embodiments, two or more additives may be included in a base compound. Table 6 shows the results of adding two additives to an exemplary base composition. Table 6 includes example melts at 375 and 350. Additionally, 13mm buttons of the exemplary compounds were tested on a glass plate. The structural strength of the resulting exemplary compound are also shown in the far right column. </p><p id="p0183" num="0183"> Table 6 </p><p id="p0184" num="0184"> Ex Add 1 Add 2 Amount Amount Melt Melt 13mm Strength </p><p id="p0185" num="0185"> 1 (Mole 2 (Mole Quality Quality Button </p><p id="p0186" num="0186"> %) %) (375C (350C 350C 20 </p><p id="p0187" num="0187"> 15-20 15-20 Min 
<!-- EPO <DP n="18"/>-->
 Min) Min) </p><p id="p0188" num="0188"> Te02 A1203 3.01 3.01 4.5 5.5 glassy Fractures</p><p id="p0189" num="0189">Te02 A1203 2.99 5.01 5 4 glassy Fractures</p><p id="p0190" num="0190">Te02 A1203 4.02 3.01 6 5.5 glassy Fractures</p><p id="p0191" num="0191">Te02 A1203 3.99 5.00 5 4.5 glassy Fractures</p><p id="p0192" num="0192">Te02 A1203 5.01 2.99 4.5 4.5 glassy Fractures</p><p id="p0193" num="0193">Te02 A1203 5.00 5.00 5 4.5 glassy Fractures</p><p id="p0194" num="0194">Te02 Si0<sub>2</sub> 3.01 3.00 5 5.5 glassy Fractures</p><p id="p0195" num="0195">Te02 Si0<sub>2</sub> 2.99 5.02 5 4.5 glassy Fractures</p><p id="p0196" num="0196">Te02 Si0<sub>2</sub> 4.00 2.99 5 4 glassy Fractures</p><p id="p0197" num="0197">Te02 Si0<sub>2</sub> 3.99 4.99 5 4.5 Less Fractures glassy </p><p id="p0198" num="0198"> Te02 Si0<sub>2</sub> 5.00 2.99 4.5 4.5 Less Hard glassy </p><p id="p0199" num="0199"> Te02 Si0<sub>2</sub> 5.00 4.99 4.5 4.5 Less Hard glassy </p><p id="p0200" num="0200"> SnC12 A1203 3.01 3.01 5 6 more Hard glassy </p><p id="p0201" num="0201"> SnC12 A1203 3.00 5.01 5 5.5 glassy Hard</p><p id="p0202" num="0202">SnC12 A1203 4.01 3.01 4.5 6 glassy Hard</p><p id="p0203" num="0203">SnC12 AI203 4.00 4.99 5.5 6 glassy Hard</p><p id="p0204" num="0204">SnC12 A1203 5.00 2.99 5.5 5.5 glassy Fractures</p><p id="p0205" num="0205">SnC12 A1203 5.00 5.00 5.5 5.5 more Hard glassy </p><p id="p0206" num="0206"> SnC12 Si02 3.00 3.00 4.5 4.5 glassy Hard</p><p id="p0207" num="0207">SnC12 Si02 3.00 4.99 5 6 glassy Hard</p><p id="p0208" num="0208">SnC12 Si02 4.00 2.99 6 6 glassy Fractures</p><p id="p0209" num="0209">SnC12 Si02 4.01 4.99 5.5 5.5 glassy Fractures</p><p id="p0210" num="0210">SnC12 Si02 5.00 2.99 5 5.5 glassy Hard</p><p id="p0211" num="0211">SnC12 Si02 5.00 4.99 5.5 ς ς glassy Fractures 
<!-- EPO <DP n="19"/>-->
 25 A1203 Si02 3.01 3.00 4.5 4 less Hard glassy </p><p id="p0212" num="0212"> 26 AI203 Si02 2.99 4.99 5 5.5 less Hard glassy </p><p id="p0213" num="0213"> 27 A1203 Si02 4.00 2.99 4.5 4.5 less Hard glassy </p><p id="p0214" num="0214"> 28 A1203 Si02 4.00 4.99 5 4.5 less Hard glassy </p><p id="p0215" num="0215"> 29 A1203 Si02 5.01 2.99 5 4.5 less Hard glassy </p><p id="p0216" num="0216"> 30 A1203 Si02 5.01 4.99 4 2 less Hard glassy </p><p id="p0217" num="0217"> [0055] Accordingly, certain example may include two additives similar to those found in examples 3, 16, and 21 as shown in Table 6 (e.g., Te02 with Si02, SnC12 with A1203, and SnC12 with Si02). In certain example embodiments, the addition of two or more additives may have beneficial results on an exemplary base composition. For example the addition of Si02 to another additive may increase the strength of the overall frit. Alternatively, or in addition, Te02 combined with other additives may increase the melt flow and glass wetting qualities of the frit when compared to a base frit. </p><p id="p0218" num="0218">[0056] In certain example embodiments, the combination of SnC12 with Si02 and/or A1203 may result in an increase in structural strength for the resulting frit material. </p><p id="p0219" num="0219"> [0057] In certain example embodiments, one or more additives may be added to a base composition where the amount is between 1 % and 1 0% by weight or between about 1 % and 6% normalized moles for a batch. In certain example embodiments, additives may be added in a smaller amount, for example between about 0.1 % and 1 % by weight. In certain example embodiments a batch for a base composition (in grams) may include V<sub>2</sub>0<sub>5</sub> at 52.5, BaO at 22.5, ZnO at 10. In certain example embodiments, additives added to the above base composition may include: 1 ) Te02 at 3.85gm and A1203 at 1.84gm; 2) SnC12 at 4.65gm and A1203 at 3.12gm; 3) SnC12 at 4.55gm and Si02 at 1 .08gm. </p><p id="p0220" num="0220">Correspondingly, the additives may then have a normalize weight percentage of: 1) Te02 at 1 .00 and A1203 at .48; 2) SnC12 at 1 .21 and A1203 at .81 ; 3) SnC12 at 1 . 1 8 and Si02 at .28, These examples may correspond to examples 3, 16, and 21 in the above table 6. 
<!-- EPO <DP n="20"/>-->
 [0058] Figs 1 1 A- l 1 C show graphs illustrating absorption in the visible and infrared wavelengths for vanadium based frits according to certain example </p><p id="p0221" num="0221">embodiments. As shown in the graphs, example vanadium based frits may have absorption of at least 90% across a substantial breath of the visible and IR spectrum. In certain example embodiments the absorption may be about 95%. As discussed in copending application Serial No. 13/ , , entitled "IMPROVED FRIT MATERIALS</p><p id="p0222" num="0222">AND/OR METHOD OF MAKING VACUUM INSULATING GLASS UNITS </p><p id="p0223" num="0223">INCLUDING THE SAME" (atty. dkt. no. 3691 -2307), the entire contents of which are incorporated herein by reference, frit materials with high visible/IR absorption may be advantageous. </p><p id="p0224" num="0224"> [0059] Fig. 1 1 A shows the absorption properties of a vanadium based frit with</p><p id="p0225" num="0225">Te0<sub>2</sub> and A1<sub>2</sub>0<sub>3</sub> used as additives (e.g., Ex. 3 of Table 6). Fig. 1 IB shows the absorption properties of a vanadium based frit with SnCl<sub>2</sub> and A1<sub>2</sub>0<sub>3</sub> used as additives (e.g., Ex. 16 of Table 6). Fig. 1 1 C shows the absorption properties of a vanadium based frit with SnCl<sub>2</sub> and Si0<sub>2</sub> used as additives (e.g., Ex. 21 of Table 6). </p><p id="p0226" num="0226"> [0060] In certain example embodiments, the application of IR energy to a frit material may be based on a heating profile where the IR energy applied to the frit varies over time. Exemplary heating profiles may be found in co-pending application Serial No.</p><p id="p0227" num="0227">13/ , (atty. dkt. no. 3691 -2307), the entire contents of which are incorporated herein by reference. </p><p id="p0228" num="0228"> [0061] In certain example embodiments, a base composition may be augmented by 3 or 4 additives. For example, a batch for a base composition (in grams) may include V2O5 at 52.5, BaO at 22.5, ZnO at 10. Accordingly, three and/or more additives from among Te02, SnC12, AJ.203, and Si02 may be selected to augment the base </p><p id="p0229" num="0229">composition. The ranges (in grams) for the additives may vary between 0 to 7.5 grams per additive. Thus, on a normalized molar percentage the above additives may be included at between 0% and 6%. Thus, the normalized molar percentage of a base composition may be V<sub>2</sub>0<sub>5</sub> at between about 43% and 50%, BaO between about 22% and 26%, ZnO between about 18% and 22%. In certain example embodiments, additives (on a normalized molar basis) of Te02 at around 2%, SnC12 around 2%, A1203 around 2%, and Si02 around 4% may be added to the base composition. 
<!-- EPO <DP n="21"/>-->
 [0062] The techniques, compositions, etc disclosed herein may be used other methods and/or systems for forming a VIG unit. For example, a vanadium based frit may be used to form an edge seal of a VIG unit. Systems, apparatuses, and/or methods used for creating a VIG unit may be described in co-pending application 13/ , , entitled</p><p id="p0230" num="0230">"LOCALIZED HEATING TECHNIQUES INCORPORATING TUNABLE INFRARED ELEMENT(S) FOR VACUUM INSULATING GLASS UNITS, AND/OR </p><p id="p0231" num="0231">APPARATUSES FOR THE SAME" (atty. dkt. no 3691 -2108), the entire contents of which are hereby incorporated by reference. </p><p id="p0232" num="0232"> [0063] It will be appreciated by those skilled in the art that CTE adjustments may be carried out on the overall frit material (e.g., the compound) for the wetting and bonding properties of the frit to cooperate with an underlying substrate (e.g., a glass substrate). </p><p id="p0233" num="0233"> [0064] It will be appreciated that one or more metal oxide, chloride, and/or fluoride additives may be used as additives in different embodiments of this invention. Furthermore, in certain example implementations, the metal oxide, chloride, and/or fluoride additives may be stoichiometric or sub-stoichiometric. </p><p id="p0234" num="0234"> [0065] As used herein, the terms "on," "supported by," and the like should not be interpreted to mean that two elements are directly adjacent to one another unless explicitly stated. In other words, a first layer may be said to be "on" or "supported by" a second layer, even if there are one or more layers there between. </p><p id="p0235" num="0235">[0066] While the invention has been described in connection with what is presently considered to be the most practical and preferred embodiment, it is to be understood that the invention is not to be limited to the disclosed embodiment, but on the contrary, is intended to cover various modifications and equivalent arrangements included within the spirit and scope of the appended claims. 
</p></description><claims mxw-id="PCLM44726352" ref-ucid="WO-2012115796-A1" lang="EN" load-source="patent-office"><claim id="clm-0001" num="0001"><!-- EPO <DP n="22"/>--><claim-text/><claim-text>WHAT IS CLAIMED IS: </claim-text><claim-text>1 . A frit material having a composition, comprising: </claim-text><claim-text> Ingredient Wt. % </claim-text><claim-text> vanadium oxide -50-60%, </claim-text><claim-text> barium oxide -27-33%, and </claim-text><claim-text> zinc oxide -9- 12%; and </claim-text><claim-text> a first additive selected from the group consisting of: Ta<sub>2</sub>Os, Ti<sub>2</sub>0<sub>3</sub>, SrCl<sub>2</sub>, Ge0<sub>2</sub>, CuO, AgO, Nb<sub>2</sub>0<sub>5</sub>, MgO, Si0<sub>2</sub>, T1<sub>2</sub>0<sub>3</sub>, Y<sub>2</sub>0<sub>3</sub>, SnF<sub>2</sub>, Sn0<sub>2</sub>, CuCl, SnCl<sub>2</sub>, Ce0<sub>2</sub>, AgCl, ln<sub>2</sub>0<sub>3</sub>, SnO, SrO, and A1<sub>2</sub>0<sub>3</sub> </claim-text><claim-text>2. The frit material of claim 1 , wherein the first additive comprises Nb<sub>2</sub> and constitutes between about 1 -8 wt. %. </claim-text><claim-text>3. The frit material of any of the preceding claims, wherein the first additive comprises SrC¾ and constitutes between about 1 -8 wt. %. </claim-text><claim-text>4. The frit material of any of the preceding claims, wherein the first additive comprises Ti<sub>2</sub>0<sub>3</sub> and constitutes between about 1 -8 wt. %. </claim-text><claim-text>5. The frit material of any of the preceding claims, wherein the first additive comprises Ta<sub>2</sub>Os and constitutes between about 4.5- 10 wt. %. </claim-text><claim-text>6. The frit material of any of the preceding claims, wherein the first additive comprises AgO and constitutes between about 1.5-3.5 wt. %. </claim-text><claim-text>7. The frit material of any of the preceding claims, wherein the first additive comprises CuO of between about 1 % and 2.5% weight. </claim-text><claim-text>8. The frit material of any of the preceding claims, wherein the first additive comprises A!<sub>2</sub>0<sub>3</sub> of between about 1 .5-4.5 wt. %. 
<!-- EPO <DP n="23"/>-->
</claim-text><claim-text>9. The frit material of any of the preceding claims, wherein further a second additive comprising between about 1 -8 wt. % of Te0<sub>2</sub>. </claim-text><claim-text>10. The frit material of any of the preceding claims, wherein the first additive comprises SnCl<sub>2</sub> and constitutes between about 1 -8 wt. %. </claim-text><claim-text>1 1 . The frit material of any of the preceding claims, wherein the frit material further comprises a second additive comprising between about 1 -8 wt. % of AI2O3. </claim-text><claim-text>12. The frit material of any of the preceding claims, wherein the frit material further comprises a second additive comprising between about .5-5 wt. % of Si0<sub>2</sub>, </claim-text><claim-text>13. The frit material of any of the preceding claims, wherein the frit material has a melting temperature less than or equal to about 400 degrees C. </claim-text><claim-text>14. A vacuum insulted glass (VIG) unit, comprising: </claim-text><claim-text> first and second substantially parallel, spaced apart glass substrates; </claim-text><claim-text> an edge seal proximate a periphery of the first and second substrates to form a hermetic seal therebetween and at least partially defining a gap between the first and second substrates, </claim-text><claim-text> wherein the gap is provided at a pressure less than atmospheric, </claim-text><claim-text> wherein the edge seal is formed from a frit material at least initially having a composition according to any of the preceding claims. </claim-text><claim-text>A method of making a frit material, the method compri </claim-text><claim-text> ding a composition comprising: </claim-text><claim-text> Ingredient Wt. % </claim-text><claim-text> vanadium oxide -50-60%, </claim-text><claim-text> barium oxide -27-33%, </claim-text><claim-text> zinc oxide -9-12%; and 
<!-- EPO <DP n="24"/>-->
 at least one additive that is selected from the group consisting of: Ta<sub>2</sub>0 Ti<sub>2</sub>0<sub>3</sub>, SrCl<sub>2</sub>, Ge0<sub>2</sub>, CuO, AgO, Nb<sub>2</sub>0<sub>5</sub>, B<sub>2</sub>0<sub>3</sub>, MgO, Si0<sub>2</sub>, T1<sub>2</sub>0<sub>3</sub>, Y<sub>2</sub>0<sub>3</sub> SnF<sub>2</sub>, Sn0<sub>2)</sub> CuCl, SnCl<sub>2</sub>, Ce0<sub>2</sub>, AgCl, ln<sub>2</sub>0<sub>3</sub>, SnO, SrO, and A1<sub>2</sub>0<sub>3;</sub> melting the composition; </claim-text><claim-text> cooling the melted composition and/or allowing the melted composition to coo as to form an intermediate glass article; </claim-text><claim-text> grinding the intermediate glass article in making the frit material. </claim-text><claim-text>16. The method of claim 15, wherein the at least one additive comprises Nb<sub>2</sub>0<sub>5</sub> and constitutes between about 2-8 wt. %. </claim-text><claim-text>17. The method of any of claims 15-16, wherein the at least one additive comprises SrCl<sub>2</sub> and constitutes between about 2-6 wt. %. </claim-text><claim-text>1 8. The method of any of claims 1 5- 17, wherein the at least one additive comprises Ti<sub>2</sub>0<sub>3</sub> and constitutes between about 4.5- 10 wt. %. </claim-text><claim-text>19. The method of any of claims 15- 18, wherein the at least one additive comprises Ta<sub>2</sub>0<sub>5</sub> and constitutes between about 4.5-10 wt. %. </claim-text><claim-text>20. The method of any of claims 15-19, wherein the at least one additive comprises AgO and constitutes between about 1.5-3.5 wt. %. </claim-text><claim-text>21 . The method of any of claims 1 5-20, wherein the at least one additive comprises CuO of between about 1% and 2.5% weight. </claim-text><claim-text>22. The method of any of claims 15-21 , wherein the at least one additive comprises SnCl<sub>2</sub> and constitutes between about 1 -8 wt. %. </claim-text><claim-text>23. The method of claim 22, wherein the at least one additive further comprises A1<sub>2</sub>0<sub>3</sub> and constitutes between about 1 -8 wt. %. 
<!-- EPO <DP n="25"/>-->
</claim-text><claim-text>24. The method of claim 22, wherein the at least one additive further comprises Si0<sub>2</sub> of between about .5-5 wt. %. </claim-text><claim-text>25. The method of any of claims 15-22, wherein the at least one additive comprises AI2O3 and constitutes between about 1 -8 wt. %. </claim-text><claim-text>26. The method of any of claims 15-25, wherein the composition further comprises TeOo of between about 1 -8 wt. %. </claim-text><claim-text>27. The method of any of claims 15-26, wherein the frit material has a melting temperature less than or equal to about 375 degrees C. </claim-text><claim-text>28. The method of any of claims 15-27, wherein the frit material has a melting temperature less than or equal to about 350 degrees C. </claim-text><claim-text>29. The method of any of claims 15-28, wherein the base composition is melted at a temperature of at least about 1000 degrees C. </claim-text><claim-text>30. A method of making a vacuum insulated glass (VIG) unit, the method comprising: </claim-text><claim-text> providing first and second glass substrates in substantially parallel, spaced apart relation to one another; </claim-text><claim-text> sealing together the first and second glass substrates using a frit material, a gap being defined between the first and second substrates, </claim-text><claim-text> wherein the sealing is performed by melting the frit material at a temperature of no more than about 375 degrees C, the frit material having been formed from a base composition including: </claim-text><claim-text> Ingredient Wt. % </claim-text><claim-text> vanadium oxide <sup>•</sup>50-60%. </claim-text><claim-text> barium oxide -27-33%, and 
<!-- EPO <DP n="26"/>-->
 zinc oxide -9- 12%; and </claim-text><claim-text> at least one oxide- , chloride-, or fluoride-based additive. </claim-text><claim-text>31 . A frit material having a composition, compri </claim-text><claim-text> Ingredient Wt. % </claim-text><claim-text> vanadium oxide <sup>■</sup>50-60%, </claim-text><claim-text> barium oxide -27-33%, and </claim-text><claim-text> zinc oxide -9-12%; and </claim-text><claim-text> at least a first and second additive selected from the group consisting of: Si0<sub>2</sub>, SnCl<sub>2</sub>, A1<sub>2</sub>0<sub>3</sub>, and Te0<sub>2</sub>. </claim-text><claim-text>32. The frit material of claim 31 , further comprising a third additive, different from the first and second additives, selected from the group consisting of: Si0<sub>2</sub>, SnCl<sub>2</sub>, A1<sub>2</sub>0<sub>3</sub>, and Te0<sub>2</sub>. </claim-text><claim-text>33. The frit material of claim 32, further comprising a fourth additive, different from the first, second and third additives, selected from the group consisting of: Si0<sub>2</sub>, SnCl<sub>2</sub>, AI2O3, and Te0<sub>2</sub>. </claim-text><claim-text>34. The frit material of any of claims 3 1 -33, wherein the first and the second additive comprise between about 0.5% and 5% by weight% of the frit material. </claim-text><claim-text>35. The frit material of any of claims 31 -34, wherein the frit material has a melting temperature less than or equal to about 400 degrees C. 
</claim-text></claim></claims><copyright>User acknowledges that Fairview Research LLC and its third party providers retain all right, title and interest in and to this xml under applicable copyright laws.  User acquires no ownership rights to this xml including but not limited to its format.  User hereby accepts the terms and conditions of the Licence Agreement</copyright></patent-document>
