<?xml version="1.0" encoding="UTF-8"?>
<patent-document ucid="EP-2678389-A1" country="EP" doc-number="2678389" kind="A1" date="20140101" family-id="45815966" file-reference-id="311173" date-produced="20180826" status="corrected" lang="EN"><bibliographic-data><publication-reference fvid="146551678" ucid="EP-2678389-A1"><document-id><country>EP</country><doc-number>2678389</doc-number><kind>A1</kind><date>20140101</date><lang>EN</lang></document-id></publication-reference><application-reference ucid="EP-12708436-A" is-representative="NO"><document-id mxw-id="PAPP154825601" load-source="docdb" format="epo"><country>EP</country><doc-number>12708436</doc-number><kind>A</kind><date>20120221</date><lang>EN</lang></document-id><document-id mxw-id="PAPP170521174" load-source="docdb" format="original"><country>EP</country><doc-number>12708436.6</doc-number><date>20120221</date><lang>EN</lang></document-id></application-reference><priority-claims><priority-claim mxw-id="PPC140448423" ucid="US-201113031451-A" load-source="docdb"><document-id format="epo"><country>US</country><doc-number>201113031451</doc-number><kind>A</kind><date>20110221</date></document-id></priority-claim><priority-claim mxw-id="PPC140453015" ucid="US-2012025919-W" linkage-type="W" load-source="docdb"><document-id format="epo"><country>US</country><doc-number>2012025919</doc-number><kind>W</kind><date>20120221</date></document-id></priority-claim></priority-claims><technical-data><classifications-ipcr><classification-ipcr mxw-id="PCL-1957301788" load-source="docdb">C08F   4/6592      20060101ALI20160314BHEP        </classification-ipcr><classification-ipcr mxw-id="PCL-1957302330" load-source="docdb">B29C  41/00        20060101ALI20160314BHEP        </classification-ipcr><classification-ipcr mxw-id="PCL-1957304234" load-source="docdb">B29C  41/04        20060101ALI20160314BHEP        </classification-ipcr><classification-ipcr mxw-id="PCL-1957306365" load-source="docdb">C08L  23/08        20060101AFI20160314BHEP        </classification-ipcr></classifications-ipcr><classifications-cpc><classification-cpc mxw-id="PCL-1702765114" load-source="docdb" scheme="CPC">C08L2207/062       20130101 LA20180130BHEP        </classification-cpc><classification-cpc mxw-id="PCL-1702765115" load-source="docdb" scheme="CPC">C08L2205/025       20130101 LA20180130BHEP        </classification-cpc><classification-cpc mxw-id="PCL-2068546949" load-source="docdb" scheme="CPC">C08F   4/6592      20130101 LA20150424BHEP        </classification-cpc><classification-cpc mxw-id="PCL1991312593" load-source="docdb" scheme="CPC">C08L  23/0815      20130101 FI20140110BHEP        </classification-cpc><classification-cpc mxw-id="PCL1991315790" load-source="docdb" scheme="CPC">C08L2314/06        20130101 LA20140108BHEP        </classification-cpc><classification-cpc mxw-id="PCL1991316311" load-source="docdb" scheme="CPC">C08L2308/00        20130101 LA20140108BHEP        </classification-cpc><classification-cpc mxw-id="PCL2094209435" load-source="docdb" scheme="CPC">B29C  41/003       20130101 LA20140707BHEP        </classification-cpc><classification-cpc mxw-id="PCL2094212805" load-source="docdb" scheme="CPC">B29C  41/04        20130101 LA20140707BHEP        </classification-cpc></classifications-cpc><invention-title mxw-id="PT132187518" lang="DE" load-source="patent-office">POLYMERZUSAMMENSETZUNGEN FÜR ROTATIONSFORMEN</invention-title><invention-title mxw-id="PT132187519" lang="EN" load-source="patent-office">POLYMER COMPOSITIONS FOR ROTATIONAL MOLDING APPLICATIONS</invention-title><invention-title mxw-id="PT132187520" lang="FR" load-source="patent-office">COMPOSITIONS POLYMÈRES DESTINÉES À DES APPLICATIONS DE MOULAGE PAR ROTATION</invention-title></technical-data><parties><applicants><applicant mxw-id="PPAR918157341" load-source="docdb" sequence="1" format="epo"><addressbook><last-name>CHEVRON PHILLIPS CHEMICAL CO</last-name><address><country>US</country></address></addressbook></applicant><applicant mxw-id="PPAR918150481" load-source="docdb" sequence="1" format="intermediate"><addressbook><last-name>CHEVRON PHILLIPS CHEMICAL COMPANY LP</last-name></addressbook></applicant><applicant mxw-id="PPAR918979636" load-source="patent-office" sequence="1" format="original"><addressbook><last-name>Chevron Phillips Chemical Company LP</last-name><iid>101133361</iid><address><street>10001 Six Pines Drive</street><city>The Woodlands, Texas 77380</city><country>US</country></address></addressbook></applicant></applicants><inventors><inventor mxw-id="PPAR918156539" load-source="docdb" sequence="1" format="epo"><addressbook><last-name>BUCK RICHARD M</last-name><address><country>US</country></address></addressbook></inventor><inventor mxw-id="PPAR918157497" load-source="docdb" sequence="1" format="intermediate"><addressbook><last-name>BUCK, RICHARD M</last-name></addressbook></inventor><inventor mxw-id="PPAR918979926" load-source="patent-office" sequence="1" format="original"><addressbook><last-name>BUCK, RICHARD M</last-name><address><street>4319 Fairview Road</street><city>Bartlesville, Oklahoma 74006</city><country>US</country></address></addressbook></inventor><inventor mxw-id="PPAR918149369" load-source="docdb" sequence="2" format="epo"><addressbook><last-name>MASINO ALBERT P</last-name><address><country>US</country></address></addressbook></inventor><inventor mxw-id="PPAR918157426" load-source="docdb" sequence="2" format="intermediate"><addressbook><last-name>MASINO, ALBERT P.</last-name></addressbook></inventor><inventor mxw-id="PPAR918984946" load-source="patent-office" sequence="2" format="original"><addressbook><last-name>MASINO, ALBERT P.</last-name><address><street>8628 S Oswego Avenue</street><city>Tulsa, Oklahoma 74137</city><country>US</country></address></addressbook></inventor><inventor mxw-id="PPAR918147529" load-source="docdb" sequence="3" format="epo"><addressbook><last-name>YANG QING</last-name><address><country>US</country></address></addressbook></inventor><inventor mxw-id="PPAR918144653" load-source="docdb" sequence="3" format="intermediate"><addressbook><last-name>YANG, QING</last-name></addressbook></inventor><inventor mxw-id="PPAR918981704" load-source="patent-office" sequence="3" format="original"><addressbook><last-name>YANG, QING</last-name><address><street>2917 Montrose Drive</street><city>Bartlesville, Oklahoma 74006</city><country>US</country></address></addressbook></inventor><inventor mxw-id="PPAR918161581" load-source="docdb" sequence="4" format="epo"><addressbook><last-name>DESLAURIERS PAUL J</last-name><address><country>US</country></address></addressbook></inventor><inventor mxw-id="PPAR918155389" load-source="docdb" sequence="4" format="intermediate"><addressbook><last-name>DESLAURIERS, PAUL J</last-name></addressbook></inventor><inventor mxw-id="PPAR918988714" load-source="patent-office" sequence="4" format="original"><addressbook><last-name>DESLAURIERS, PAUL J</last-name><address><street>6831 W 84th Street N</street><city>Owasso, Oklahoma 74005</city><country>US</country></address></addressbook></inventor><inventor mxw-id="PPAR918148759" load-source="docdb" sequence="5" format="epo"><addressbook><last-name>SECORA STEVEN J</last-name><address><country>US</country></address></addressbook></inventor><inventor mxw-id="PPAR918133491" load-source="docdb" sequence="5" format="intermediate"><addressbook><last-name>SECORA, STEVEN J</last-name></addressbook></inventor><inventor mxw-id="PPAR918990768" load-source="patent-office" sequence="5" format="original"><addressbook><last-name>SECORA, STEVEN J</last-name><address><street>5932 Martin Lane</street><city>Bartlesville, Oklahoma 74006</city><country>US</country></address></addressbook></inventor><inventor mxw-id="PPAR918135871" load-source="docdb" sequence="6" format="epo"><addressbook><last-name>LANIER ELIZABETH M</last-name><address><country>US</country></address></addressbook></inventor><inventor mxw-id="PPAR918136855" load-source="docdb" sequence="6" format="intermediate"><addressbook><last-name>LANIER, Elizabeth M</last-name></addressbook></inventor><inventor mxw-id="PPAR918985801" load-source="patent-office" sequence="6" format="original"><addressbook><last-name>LANIER, Elizabeth M</last-name><address><street>1215 Arbor Drive</street><city>Bartlesville, Oklahoma 74006</city><country>US</country></address></addressbook></inventor><inventor mxw-id="PPAR918137486" load-source="docdb" sequence="7" format="epo"><addressbook><last-name>ST JEAN GUYLAINE</last-name><address><country>US</country></address></addressbook></inventor><inventor mxw-id="PPAR918148432" load-source="docdb" sequence="7" format="intermediate"><addressbook><last-name>ST JEAN, GUYLAINE</last-name></addressbook></inventor><inventor mxw-id="PPAR918988496" load-source="patent-office" sequence="7" format="original"><addressbook><last-name>ST JEAN, GUYLAINE</last-name><address><street>2557 Georgetown Drive</street><city>Bartlesville, Oklahoma 74006</city><country>US</country></address></addressbook></inventor><inventor mxw-id="PPAR918165765" load-source="docdb" sequence="8" format="epo"><addressbook><last-name>RATZLAFF JON D</last-name><address><country>US</country></address></addressbook></inventor><inventor mxw-id="PPAR918153341" load-source="docdb" sequence="8" format="intermediate"><addressbook><last-name>RATZLAFF, Jon D</last-name></addressbook></inventor><inventor mxw-id="PPAR918985572" load-source="patent-office" sequence="8" format="original"><addressbook><last-name>RATZLAFF, Jon D</last-name><address><street>1009 East Drive</street><city>Bartlesville, Oklahoma 74006</city><country>US</country></address></addressbook></inventor><inventor mxw-id="PPAR918140574" load-source="docdb" sequence="9" format="epo"><addressbook><last-name>WITTNER CHRISTOPHER E</last-name><address><country>US</country></address></addressbook></inventor><inventor mxw-id="PPAR918158522" load-source="docdb" sequence="9" format="intermediate"><addressbook><last-name>WITTNER, CHRISTOPHER E</last-name></addressbook></inventor><inventor mxw-id="PPAR918992747" load-source="patent-office" sequence="9" format="original"><addressbook><last-name>WITTNER, CHRISTOPHER E</last-name><address><street>3958 W Durham Road</street><city>Bartlesville, Oklahoma 74006</city><country>US</country></address></addressbook></inventor></inventors><agents><agent mxw-id="PPAR918992960" load-source="patent-office" sequence="1" format="original"><addressbook><last-name>Potter Clarkson LLP</last-name><iid>101340609</iid><address><street>The Belgrave Centre Talbot Street</street><city>Nottingham NG1 5GG</city><country>GB</country></address></addressbook></agent></agents></parties><international-convention-data><pct-or-regional-filing-data ucid="US-2012025919-W"><document-id><country>US</country><doc-number>2012025919</doc-number><kind>W</kind><date>20120221</date><lang>EN</lang></document-id></pct-or-regional-filing-data><pct-or-regional-publishing-data ucid="WO-2012115951-A1"><document-id><country>WO</country><doc-number>2012115951</doc-number><kind>A1</kind><date>20120830</date><lang>EN</lang></document-id></pct-or-regional-publishing-data><designated-states><ep-contracting-states><country mxw-id="DS548818045" load-source="docdb">AL</country><country mxw-id="DS548946857" load-source="docdb">AT</country><country mxw-id="DS548818046" load-source="docdb">BE</country><country mxw-id="DS548934811" load-source="docdb">BG</country><country mxw-id="DS548839846" load-source="docdb">CH</country><country mxw-id="DS548818047" load-source="docdb">CY</country><country mxw-id="DS548923430" load-source="docdb">CZ</country><country mxw-id="DS548937794" load-source="docdb">DE</country><country mxw-id="DS548818048" load-source="docdb">DK</country><country mxw-id="DS548818049" load-source="docdb">EE</country><country mxw-id="DS548939113" load-source="docdb">ES</country><country mxw-id="DS548934812" load-source="docdb">FI</country><country mxw-id="DS548934813" load-source="docdb">FR</country><country mxw-id="DS548937795" load-source="docdb">GB</country><country mxw-id="DS548818050" load-source="docdb">GR</country><country mxw-id="DS548937796" load-source="docdb">HR</country><country mxw-id="DS548923431" load-source="docdb">HU</country><country mxw-id="DS548839847" load-source="docdb">IE</country><country mxw-id="DS548818051" load-source="docdb">IS</country><country mxw-id="DS548934818" load-source="docdb">IT</country><country mxw-id="DS548818052" load-source="docdb">LI</country><country mxw-id="DS548937797" load-source="docdb">LT</country><country mxw-id="DS548946862" load-source="docdb">LU</country><country mxw-id="DS548934819" load-source="docdb">LV</country><country mxw-id="DS548937798" load-source="docdb">MC</country><country mxw-id="DS548946863" load-source="docdb">MK</country><country mxw-id="DS548946864" load-source="docdb">MT</country><country mxw-id="DS548939118" load-source="docdb">NL</country><country mxw-id="DS548869072" load-source="docdb">NO</country><country mxw-id="DS548939119" load-source="docdb">PL</country><country mxw-id="DS548946865" load-source="docdb">PT</country><country mxw-id="DS548839848" load-source="docdb">RO</country><country mxw-id="DS548946870" load-source="docdb">RS</country><country mxw-id="DS548939120" load-source="docdb">SE</country><country mxw-id="DS548923432" load-source="docdb">SI</country><country mxw-id="DS548869073" load-source="docdb">SK</country><country mxw-id="DS548869074" load-source="docdb">SM</country><country mxw-id="DS548934820" load-source="docdb">TR</country></ep-contracting-states></designated-states></international-convention-data><office-specific-data><eptags><ep-no-a-document-published>*</ep-no-a-document-published></eptags></office-specific-data></bibliographic-data><abstract mxw-id="PA99619118" ref-ucid="WO-2012115951-A1" lang="EN" load-source="patent-office"><p num="0000">A polymer having a density of from about 0.94 g/ cm<sup>3</sup> to about 0.96 g/ cm<sup>3</sup> and a primary structure parameter 2 (PSP2 value) of greater than about 8.5, wherein an article formed from the polymer has an environmental stress crack resistance of equal to or greater than about 1000 hours when measured in accordance with ASTM D 1693 condition A. A polymer having at least one lower molecular weight component and at least one higher molecular weight component and having a PSP2 value of equal to or greater than about 8.5, wherein an article formed from the polymer has an environmental stress crack resistance of greater than about 1000 hours when measured in accordance with ASTM D 1693 condition A.</p></abstract><abstract mxw-id="PA99818799" ref-ucid="WO-2012115951-A1" lang="EN" source="national office" load-source="docdb"><p>A polymer having a density of from about 0.94 g/ cm3 to about 0.96 g/ cm3 and a primary structure parameter 2 (PSP2 value) of greater than about 8.5, wherein an article formed from the polymer has an environmental stress crack resistance of equal to or greater than about 1000 hours when measured in accordance with ASTM D 1693 condition A. A polymer having at least one lower molecular weight component and at least one higher molecular weight component and having a PSP2 value of equal to or greater than about 8.5, wherein an article formed from the polymer has an environmental stress crack resistance of greater than about 1000 hours when measured in accordance with ASTM D 1693 condition A.</p></abstract><abstract mxw-id="PA99619119" ref-ucid="WO-2012115951-A1" lang="FR" load-source="patent-office"><p num="0000">L'invention concerne un polymère qui présente une densité d'environ 0,94 g/cm<sup>3</sup> à environ 0,96 g/cm<sup>3</sup> et une valeur de paramètre 2 de structure primaire (valeur PSP2) supérieure à environ 8,5. Un article formé à partir de ce polymère présente une résistance aux craquelures sous l'effet de contraintes supérieure ou égale à environ 1000 heures, ladite résistance étant mesurée conformément à la condition A de la norme ASTM D 1693; un polymère comportant au moins un composant de poids moléculaire inférieure et au moins un composant de poids moléculaire supérieure, et dont la valeur PSP2 est supérieure ou égale à environ 8,5; un article formé à partir de ce polymère et qui présente une résistance aux craquelures sous l'effet de contraintes supérieure ou égale à environ 1000 heures, ladite résistance étant mesurée conformément à la condition A de la norme ASTM D 1693.</p></abstract><abstract mxw-id="PA99818800" ref-ucid="WO-2012115951-A1" lang="FR" source="national office" load-source="docdb"><p>L'invention concerne un polymère qui présente une densité d'environ 0,94 g/cm3 à environ 0,96 g/cm3 et une valeur de paramètre 2 de structure primaire (valeur PSP2) supérieure à environ 8,5. Un article formé à partir de ce polymère présente une résistance aux craquelures sous l'effet de contraintes supérieure ou égale à environ 1000 heures, ladite résistance étant mesurée conformément à la condition A de la norme ASTM D 1693; un polymère comportant au moins un composant de poids moléculaire inférieure et au moins un composant de poids moléculaire supérieure, et dont la valeur PSP2 est supérieure ou égale à environ 8,5; un article formé à partir de ce polymère et qui présente une résistance aux craquelures sous l'effet de contraintes supérieure ou égale à environ 1000 heures, ladite résistance étant mesurée conformément à la condition A de la norme ASTM D 1693.</p></abstract><description mxw-id="PDES50930105" ref-ucid="WO-2012115951-A1" lang="EN" load-source="patent-office"><!-- EPO <DP n="3"/>--><p id="p0001" num="0001"> POLYMER COMPOSITIONS FOR ROTATIONAL MOLDING APPLICATIONS </p><p id="p0002" num="0002">FIELD OF THE INVENTION </p><p id="p0003" num="0003">[0001] The present disclosure relates to polymer compositions and articles made from same. More specifically, the present disclosure relates to polyethylene resin compositions for rotational molding applications. </p><p id="p0004" num="0004"> BACKGROUND OF THE INVENTION </p><p id="p0005" num="0005">[0002] Polymeric articles have replaced metal articles in many applications such as liquid transportation and storage. Polymeric containers such as drums and tanks have several advantages over metal containers, including being of relatively lighter weight, more corrosion resistant, less expensive, more thermally and electrically insulating, tougher, more durable, and more easily shaped during manufacture. </p><p id="p0006" num="0006"> [0003] For example, polyethylene compositions are used for the production of a wide variety of articles. Particularly, polyethylene drums and tanks are widely used as they are lighter weight than their metal counterparts and can easily be manufactured by rotational molding (also know as rotomolding). Often these articles (e.g., polyethylene drums and tanks) are exposed to numerous stresses during their lifetime, and that exposure may result in cracks or breaks that are expensive to repair, especially in situations where the article or structure is difficult to access. Thus, there is an ongoing need to develop polymeric compositions that can be used for rotomolding applications and concomitantly display resistance to the development of cracks or breaks. </p><p id="p0007" num="0007"> SUMMARY OF THE INVENTION </p><p id="p0008" num="0008">[0004] Disclosed herein is a polymer having a density of from about 0.94 g/cm<sup>3</sup> to about 0.96 g/ cm<sup>3</sup> and a primary structure parameter 2 (PSP2 value) of greater than about 8.9, wherein an article formed from the polymer has an environmental stress crack resistance of equal to or greater than about 1000 hours when measured in accordance with ASTM D1693 condition A. </p><p id="p0009" num="0009">[0005] Also disclosed herein is a polymer having at least one lower molecular weight component and at least one higher molecular weight component and having a PSP2 value of equal to or greater than about 8.9, wherein an article formed from the polymer has an environmental stress crack resistance of greater than about 1000 hours when measured in accordance with ASTM D 1693 condition A. </p><p id="p0010" num="0010"> [0006] Further disclosed herein is a method comprising (a) contacting a catalyst system comprising at least two different transition metal complexes with an olefin under conditions suitable to form a polyolefm, and (b) recovering the polyolefm, wherein the polyolefm has a PSP2 
<!-- EPO <DP n="4"/>-->
 value of equal to or greater than about 8.9 and wherein an article formed from the polyolefm has an environmental stress crack resistance of greater than about 1000 hours when measured in accordance with ASTM D 1693 condition A. </p><p id="p0011" num="0011"> BRIEF DESCRIPTION OF THE DRAWINGS </p><p id="p0012" num="0012">[0007] Figure 1 is a plot of calculated primary structure parameter 2 values against log M for a bimodal polymer sample. </p><p id="p0013" num="0013"> [0008] Figure 2 is a plot of the short chain branching distribution for sample 15 from example 1. </p><p id="p0014" num="0014"> DETAILED DESCRIPTION </p><p id="p0015" num="0015">[0009] Disclosed herein are polymeric compositions, polymeric articles, and methods of making same. Such methods may comprise preparing a polymeric composition and forming the composition into an article. In an embodiment the polymeric composition comprises polyethylene or a copolymer thereof. In an embodiment, the polymeric composition and the articles prepared therefrom may display mechanical properties, in particular environmental stress crack resistance (ESCR), that significantly distinguish them from articles prepared from conventional polymeric compositions. Hereinafter such compositions are termed compositions having resistance to environmental stress cracking (CRESC). </p><p id="p0016" num="0016"> [0010] In an embodiment, a CRESC of the type described herein may be prepared by any means, for example by employing one or more catalyst systems, in one or more reactors, in solution or in the gas phase, and/or by varying the comonomers in the polymerization reaction, and/or by changing any/all of the materials or parameters involved in the production of the CRESC 's, as will be described in more detail herein. </p><p id="p0017" num="0017"> [0011] The CRESC of the present disclosure can be produced by any olefin polymerization method, using various types of polymerization reactors. As used herein, "polymerization reactor" includes any reactor capable of polymerizing olefin monomers to produce homopolymers and/or copolymers. Homopolymers and/or copolymers produced in the reactor may be referred to as resins and/or polymers. The various types of reactors include, but are not limited to those that may be referred to as batch, slurry, gas-phase, solution, high pressure, tubular, autoclave, or other reactor and/or reactors. Gas phase reactors may comprise fluidized bed reactors or staged horizontal reactors. Slurry reactors may comprise vertical and/or horizontal loops. High pressure reactors may comprise autoclave and/or tubular reactors. Reactor types may include batch and/or continuous processes. Continuous processes may use intermittent and/or continuous product discharge or transfer. Processes may also include partial or full direct recycle of un-reacted 
<!-- EPO <DP n="5"/>-->
 monomer, un-reacted comonomer, catalyst and/or co-catalysts, diluents, and/or other materials of the polymerization process. </p><p id="p0018" num="0018"> [0012] Polymerization reactor systems of the present disclosure may comprise one type of reactor in a system or multiple reactors of the same or different type, operated in any suitable configuration. Production of polymers in multiple reactors may include several stages in at least two separate polymerization reactors interconnected by a transfer system making it possible to transfer the polymers resulting from the first polymerization reactor into the second reactor. Alternatively, polymerization in multiple reactors may include the transfer, either manual or automatic, of polymer from one reactor to subsequent reactor or reactors for additional polymerization. Alternatively, multi-stage or multi-step polymerization may take place in a single reactor, wherein the conditions are changed such that a different polymerization reaction takes place. </p><p id="p0019" num="0019"> [0013] The desired polymerization conditions in one of the reactors may be the same as or different from the operating conditions of any other reactors involved in the overall process of producing the CRESC of the present disclosure. Multiple reactor systems may include any combination including, but not limited to multiple loop reactors, multiple gas phase reactors, a combination of loop and gas phase reactors, multiple high pressure reactors or a combination of high pressure with loop and/or gas reactors. The multiple reactors may be operated in series or in parallel. In an embodiment, any arrangement and/or any combination of reactors may be employed to produce the CRESC of the present disclosure. </p><p id="p0020" num="0020"> [0014] According to one embodiment, the polymerization reactor system may comprise at least one loop slurry reactor. Such reactors are commonplace, and may comprise vertical or horizontal loops. Monomer, diluent, catalyst system, and optionally any comonomer may be continuously fed to a loop slurry reactor, where polymerization occurs. Generally, continuous processes may comprise the continuous introduction of a monomer, a catalyst, and/or a diluent into a polymerization reactor and the continuous removal from this reactor of a suspension comprising polymer particles and the diluent. Reactor effluent may be flashed to remove the liquids that comprise the diluent from the solid polymer, monomer and/or comonomer. Various technologies may be used for this separation step including but not limited to, flashing that may include any combination of heat addition and pressure reduction; separation by cyclonic action in either a cyclone or hydrocyclone; separation by centrifugation; or other appropriate method of separation. 
<!-- EPO <DP n="6"/>-->
 [0015] Typical slurry polymerization processes (also known as particle-form processes) are disclosed in U.S. Patent Nos. 3,248,179, 4,501,885, 5,565,175, 5,575,979, 6,239,235, 6,262,191 and 6,833,415, for example; each of which are herein incorporated by reference in their entirety. </p><p id="p0021" num="0021">[0016] Suitable diluents used in slurry polymerization include, but are not limited to, the monomer being polymerized and hydrocarbons that are liquids under reaction conditions. Examples of suitable diluents include, but are not limited to, hydrocarbons such as propane, cyclohexane, isobutane, n-butane, n-pentane, isopentane, neopentane, and n-hexane. Some loop polymerization reactions can occur under bulk conditions where no diluent is used. An example is polymerization of propylene monomer as disclosed in U.S. Patent Nos. 5,455,314, which is incorporated by reference herein in its entirety. </p><p id="p0022" num="0022"> [0017] According to yet another embodiment, the polymerization reactor may comprise at least one gas phase reactor. Such systems may employ a continuous recycle stream containing one or more monomers continuously cycled through a fluidized bed in the presence of the catalyst under polymerization conditions. A recycle stream may be withdrawn from the fluidized bed and recycled back into the reactor. Simultaneously, polymer product may be withdrawn from the reactor and new or fresh monomer may be added to replace the polymerized monomer. Such gas phase reactors may comprise a process for multi-step gas-phase polymerization of olefins, in which olefins are polymerized in the gaseous phase in at least two independent gas-phase polymerization zones while feeding a catalyst-containing polymer formed in a first polymerization zone to a second polymerization zone. One type of gas phase reactor is disclosed in U.S. Patent Nos. 4,588,790, 5,352,749, and 5,436,304, each of which is incorporated by reference in its entirety herein. </p><p id="p0023" num="0023"> [0018] According to still another embodiment, a high pressure polymerization reactor may comprise a tubular reactor or an autoclave reactor. Tubular reactors may have several zones where fresh monomer, initiators, or catalysts are added. Monomer may be entrained in an inert gaseous stream and introduced at one zone of the reactor. Initiators, catalysts, and/or catalyst components may be entrained in a gaseous stream and introduced at another zone of the reactor. The gas streams may be intermixed for polymerization. Heat and pressure may be employed appropriately to obtain optimal polymerization reaction conditions. </p><p id="p0024" num="0024"> [0019] According to yet another embodiment, the polymerization reactor may comprise a solution polymerization reactor wherein the monomer is contacted with the catalyst composition by suitable stirring or other means. A carrier comprising an organic diluent or excess monomer may be employed. If desired, the monomer may be brought in the vapor phase into contact with 
<!-- EPO <DP n="7"/>-->
 the catalytic reaction product, in the presence or absence of liquid material. The polymerization zone is maintained at temperatures and pressures that will result in the formation of a solution of the polymer in a reaction medium. Agitation may be employed to obtain better temperature control and to maintain uniform polymerization mixtures throughout the polymerization zone. Adequate means are utilized for dissipating the exothermic heat of polymerization. </p><p id="p0025" num="0025">[0020] Polymerization reactors suitable for the present disclosure may further comprise any combination of at least one raw material feed system, at least one feed system for catalyst or catalyst components, and/or at least one polymer recovery system. Suitable reactor systems for the present invention may further comprise systems for feedstock purification, catalyst storage and preparation, extrusion, reactor cooling, polymer recovery, fractionation, recycle, storage, loadout, laboratory analysis, and process control. </p><p id="p0026" num="0026"> [0021] Conditions that are controlled for polymerization efficiency and to provide CRESC resin properties include, but are not limited to temperature, pressure, type and quantity of catalyst or co-catalyst, and the concentrations of various reactants. Polymerization temperature can affect catalyst productivity, polymer molecular weight and molecular weight distribution. Suitable polymerization temperatures may be any temperature below the de-polymerization temperature, according to the Gibbs Free Energy Equation. Typically this includes from about 60 °C to about 280 °C, for example, and/or from about 70 °C to about 110 °C, depending upon the type of polymerization reactor and/or polymerization process. </p><p id="p0027" num="0027"> [0022] Suitable pressures will also vary according to the reactor and polymerization process. The pressure for liquid phase polymerization in a loop reactor is typically less than 1000 psig. Pressure for gas phase polymerization is usually at about 200 - 500 psig. High pressure polymerization in tubular or autoclave reactors is generally run at about 20,000 to 75,000 psig. Polymerization reactors can also be operated in a supercritical region occurring at generally higher temperatures and pressures. Operation above the critical point of a pressure/temperature diagram (supercritical phase) may offer advantages. </p><p id="p0028" num="0028"> [0023] The concentration of various reactants can be controlled to produce resins with certain physical and mechanical properties. The proposed end-use product that will be formed by the resin and the method of forming that product may be varied to determine the desired final product CRESC resin properties. Mechanical properties include, but are not limited to tensile strength, flexural modulus, impact resistance, creep, stress relaxation and hardness tests. Physical properties include, but are not limited to density, molecular weight, molecular weight distribution, melting temperature, glass transition temperature, temperature melt of crystallization, density, 
<!-- EPO <DP n="8"/>-->
 stereoregularity, crack growth, short chain branching, long chain branching and rheological measurements. </p><p id="p0029" num="0029"> [0024] The concentrations of monomer, co-monomer, hydrogen, co-catalyst, modifiers, and electron donors are generally important in producing specific resin properties. Comonomer may be used to control product density. Hydrogen may be used to control product molecular weight. Co-catalysts may be used to alkylate, scavenge poisons and/or control molecular weight. The concentration of poisons may be minimized, as poisons may impact the reactions and/or otherwise affect polymer product properties. Modifiers may be used to control product properties and electron donors may affect stereoregularity. </p><p id="p0030" num="0030"> [0025] In an embodiment, a method of preparing a CRESC comprises contacting an olefin and/or alpha-olefm monomer with a catalyst system under conditions suitable for the formation of a polymer of the type described herein. Any catalyst system compatible with and able to produce polymers having the features disclosed herein may be employed. In an embodiment, the catalyst system comprises a transition-metal complex, an activator-support, and a cocatalyst each of which is described in more detail later herein. The terms "catalyst composition," "catalyst mixture," "catalyst system," and the like, do not depend upon the actual product resulting from the contact or reaction of the components of the mixtures, the nature of the active catalytic site, or the fate of the co-catalyst, the metallocene compound, any olefin monomer used to prepare a precontacted mixture, or the activator-support, after combining these components. Therefore, the terms "catalyst composition," "catalyst mixture," "catalyst system," and the like, can include both heterogeneous compositions and homogenous compositions. </p><p id="p0031" num="0031"> [0026] In an embodiment, the catalyst system for preparation of a CRESC comprises at least two metallocene complexes, an activator, and a cocatalyst. Catalyst systems suitable for use in this disclosure have been described for example in U.S. Patent No. 7,619,047 and U.S. Patent Application Publication Nos. 2007/0197374 and 2009/0004417, each of which is incorporated by reference herein in its entirety. </p><p id="p0032" num="0032"> [0027] A CRESC of the type described herein may comprise a homopolymer, a copolymer, and/or combinations thereof. In an embodiment, the CRESC may be a copolymer comprising a polymer of ethylene with one or more comonomers such as, for example, alpha olefins. Examples of suitable comonomers include, but are not limited to, unsaturated hydrocarbons having from 3 to 20 carbon atoms such as propylene, 1-butene, 1-pentene, 1-hexene, 3-methyl-l-butene, 4-methyl- 1-pentene, 1-heptene, 1-octene, 1-nonene, 1-decene, and mixtures thereof. In an embodiment, the comonomer is 1-hexene. In an embodiment, the commoner may be present in the CRESC in an 
<!-- EPO <DP n="9"/>-->
 amount of from about 0.02 mol.% to about 2 mol.%, alternatively from about 0.01 mol.% to about 1.4 mol.%, alternatively from about 0.2 mol.% to about 1 mol.%. </p><p id="p0033" num="0033"> [0028] The CRESC and/or the base PE resin may include other additives. Examples of additives include, but are not limited to, antistatic agents, colorants, stabilizers, nucleators, surface modifiers, pigments, slip agents, antiblocks, tackafiers, polymer processing aids, and combinations thereof. In an embodiment, the polymeric composition comprises carbon black. Such additives may be used singularly or in combination and may be included in the polymer composition before, during, or after preparation of the CRESC as described herein. Such additives may be added via any suitable technique, for example during an extrusion or compounding step such as during pelletization or subsequent processing into an end use article. CRESCs as described herein may be formed into various articles, including but not limited to, household containers, utensils, film products, drums, fuel tanks, pipes, geomembranes, and liners as will be discussed in greater detail later herein. </p><p id="p0034" num="0034"> [0029] A CRESC of the type described herein may be a multimodal resin. Herein, the "modality" of a polymer resin refers to the form of its molecular weight distribution curve, i.e., the appearance of the graph of the polymer weight fraction as a function of its molecular weight. The polymer weight fraction refers to the weight fraction of molecules of a given size. A polymer having a molecular weight distribution curve showing a single peak may be referred to as a unimodal polymer, a polymer having a curve showing two distinct peaks may be referred to as a bimodal polymer, a polymer having a curve showing three distinct peaks may be referred to as a trimodal polymer, etc. Polymers having molecular weight distribution curves showing more than one peak may be collectively referred to as multimodal polymers or resins. </p><p id="p0035" num="0035"> [0030] A CRESC of the type described herein may have two or more components that may be distinguishable from one another, for example based upon their individual composition and/or molecular weight distribution. A molecular weight distribution curve may be prepared for the individual component of the polymer resin. For example, the molecular weight distribution curve for the individual components of the polymer resin may display a single peak and thus be unimodal. The molecular weight distribution curves for the individual components may be superimposed onto a common chart to form the weight distribution curve for the polymer resin as a whole. Upon such superimposition, the resultant curve for the polymer resin as a whole may be multimodal or show n distinct peaks corresponding to n polymer components of differing molecular weight distributions. A bimodal polymer resin may show two distinct peaks corresponding to two individual components. For example, a bimodal polymer resin may have a 
<!-- EPO <DP n="10"/>-->
 first component that may be generally characterized as a higher molecular weight polymer component and a second component that may be generally characterized as a lower molecular weight polymer component, (e.g., the second component having a molecular weight that is lower than the first component). A trimodal polymer composition may show three distinct peaks corresponding to three individual polymer components. Alternatively, superimposition of the molecular weight distribution curves from the individual components may show a single peak that is broadened in comparison with the curves for the individual components corresponding to polymer fractions having different but overlapping molecular weight distributions. In an aspect, the CRESC comprises a bimodal base resin having a higher molecular weight (HMW) component and a lower molecular weight (LMW) component. In an embodiment the HMW component may be present in the CRESC in an amount ranging from about 90 weight percent (wt.%) to about 10 wt.%, alternatively from about 80 wt.% to about 20 wt.%, or alternatively from about 70 wt.% to about 30 wt.%. Herein wt.% refers to the weight percent of the total resin. In an embodiment the LMW component may be present in the CRESC in an amount ranging from about 10 weight percent wt.%&gt; to about 90 wt.%&gt;, alternatively from about 20 wt.%&gt; to about 80 wt.%&gt;, or alternatively from about 30 wt.% to about 70 wt.%. The remainder of the discussion will focus on a CRESC bimodal resin having a HMW component and a LMW component with the understanding that other polymeric compositions, for example having a different modality, may be employed in various aspects and embodiments. </p><p id="p0036" num="0036"> [0031] In an embodiment, the CRESC has a weight average molecular weight (M<sub>w</sub>) of from about 70 kg/mol to about 160 kg/mol, alternatively from about 80 kg/mol to about 155 kg/mol; or alternatively from about 95 kg/mol to about 150 kg/mol; a number average molecular weight (M<sub>n</sub>) of from about 4 kg/mol to about 20 kg/mol, alternatively from about 6 kg/mol to about 18 kg/mol, or alternatively from about 11 kg/mol to about 16 kg/mol; and a z-average molecular weight of from about 260 kg/mol to about 400 kg/mol, alternatively from about 255 kg/mol to about 350 kg/mol, or alternatively from about 250 kg/mol to about 300 kg/mol. The weight average molecular weight describes the molecular weight distribution of a polymer composition. The number average molecular weight is the common average of the molecular weights of the individual polymers. The z-average molecular weight is a higher order molecular weight average. All molecular weight averages are expressed in kilogram per mole (kg/mol). M<sub>n</sub>, M<sub>w</sub>, and M<sub>z</sub> may be calculated according to equations i, ii, and iii respectively where N; is the number of molecules of molecular weight Mi. 
<!-- EPO <DP n="11"/>-->
 Equation Equation (ii) Equation (Hi) </p><p id="p0037" num="0037"><img id="imgf000011_0001" he="18" wi="103" file="imgf000011_0001.tif" img-format="tif" img-content="drawing" orientation="portrait" inline="no"/>
 ;NM<sub>;</sub> <sup>∑</sup>i<sup>N</sup>i<sup>M</sup>i<sup>2</sup> </p><p id="p0038" num="0038">[0032] The CRESC may further be characterized by a broad molecular weight distribution (MWD). The MWD of the CRESC is the ratio of the weight average molecular weight to the number average molecular weight, which is also referred to as the polydispersity index (PDI) or more simply as polydispersity. A CRESC of the type disclosed herein may have a PDI of from about 4 to about 32, alternatively from about 5 to about 25, or alternatively from about 6 to about</p><p id="p0039" num="0039">20. </p><p id="p0040" num="0040"> [0033] The CRESC may be further characterized by the degree of branching present in the individual components and/or in the composition as a whole. Short chain branching (SCB) is known for its effects on polymer properties such as stiffness, tensile properties, heat resistance, hardness, permeation resistance, shrinkage, creep resistance, transparency, stress crack resistance, flexibility, impact strength, and the solid state properties of semi-crystalline polymers such as polyethylene. Long chain branching (LCB), on the other hand, exerts its effects more on the rheology of the polymer. That is to say, LCB tends to effect parameters relating to the flow of polymeric materials, such as for example, viscosity, shear response, elongation at break, die swell, melt index, and so on. In an embodiment, the CRESC displays SCB ranging from about 0.1 to about 10 short chain branches per 1000 total carbon atoms; alternatively from about 0.5 to about 7; alternatively from about 1 to about 5. SCB may be determined using any suitable methodology, such as for example gel permeation chromatography (GPC). In an embodiment, the CRESC may display LCB of less than about 10 ppm, alternatively less than about 5 ppm, alternatively less than about lppm wherein the LCB content is defined by JC alpha. JC alpha refers to a methodology for determining the LCB content in a polymer based on the model proposed by Janzen and Colby in the Journal of Molecular Structure, 485-486 (1999) pp. 569-584, the relevant portions of which are incorporated by reference herein. </p><p id="p0041" num="0041"> [0034] A CRESC of the type disclosed herein may have a primary structure parameter (PSP2) of equal to or greater than about 8.9, alternatively equal to or greater than about 9, alternatively equal to or greater than about 9.5. The PSP2 calculation as outlined by DesLauriers and Rohlfmg in Macromolecular Symposia (2009), 282 (Polyolefm Characterization— ICPC 2008), pages 136- 
<!-- EPO <DP n="12"/>-->
 149 is incorporated by reference herein. The PSP2 calculation can be generally described as a multistep process. The first step involves estimating the homopolymer density of a sample from the sample's molecular weight distribution as described by Equation 1. The first step takes into account the effects of molecular weight on sample density. </p><p id="p0042" num="0042"><img id="imgf000012_0001" he="17" wi="126" file="imgf000012_0001.tif" img-format="tif" img-content="drawing" orientation="portrait" inline="no"/></p><p id="p0043" num="0043"> where : p = 1.0748 - (0.0241) Log M. </p><p id="p0044" num="0044"> [0035] Density values at molecular weights less than 720 g/mol are equal to 1.006 g/cm<sup>3</sup> according to this method. In the second step, to further account for the added contributions to density suppression by the presence of short chain branching for each MW slice, the difference between the measured bulk density of copolymer and the calculated homopolymer density is divided by the overall SCB level (as measured by size exclusion chromatography-Fourier transform infrared spectroscopy or by C13-NMR) and subsequently applied to the SCB level in each MW slice. Typical MWD and SCB data obtained by SEC-FTIR for a bimodal polymer sample are shown in Figure 1. The original observed bulk density of the copolymer (down to 0.852 g/cm<sup>3</sup>) is obtained through summation of the MW slices as described above. The calculations have been simplified by assuming that all SCB levels will have the same effect on density suppression. However, it is to be understood that the effectiveness of a particular SCB level to suppress density will vary (i.e., the ability of SCB to disrupt crystallinity decreases as the level of SCB increases). Alternately, if the density of the copolymer is not known, then the effects of SCB on sample density can be estimated in the second step by using Equation 2 as described by DesLauriers and Rohlfing in Patent Application Publication No. 2007/0298508, where the change in density Δρ refers to the value that is subtracted from the value given in equation 1 on a molecular slice by slice basis. </p><p id="p0045" num="0045">Ap = (sCB/PDI<sup>n</sup> f<sup>2</sup> - C<sub>3</sub> (sCB/PDI<sup>n</sup> J (Eq 2) </p><p id="p0046" num="0046">[0036] In Equation 2, Ci = 1.25E-02, C<sub>2</sub> = 0.5, C<sub>3</sub>= 7.51E-05, C<sub>4</sub> = 0.62 and n =0.32. The third step in calculating PSP2 is to calculate the quantity of 2C<sub>C</sub> + t<sub>a</sub> where C<sub>c</sub> is the estimated crystalline lamella thickness (in nm) and is the estimated thickness (in nm) of the amorphous material at a particular molecular weight given by the following equations: 
<!-- EPO <DP n="13"/>-->
 T<sub>m</sub> (°C) = (20587.5149640828)p<sup>3</sup> - (63826.2771547794)p<sup>2</sup> + (65965.7028912473)p - 22585.2457979131 
<img id="imgf000013_0001" he="19" wi="92" file="imgf000013_0001.tif" img-format="tif" img-content="drawing" orientation="portrait" inline="no"/>
 </p><p id="p0047" num="0047">[0037] In equation 3, assigned values of 20 °C and 142.5 °C are given for density values of 0.852 g/cm<sup>3</sup> and 1.01 g/cm<sup>3</sup>, respectively. Equation 4 is a form of the well accepted Gibbs Thompson equation. The thickness of the amorphous layer (&lt;ζ) is calculated using the equations 5 a and 5b: </p><p id="p0048" num="0048"><img id="imgf000013_0002" he="23" wi="92" file="imgf000013_0002.tif" img-format="tif" img-content="drawing" orientation="portrait" inline="no"/>
 where: w<sub>c</sub> = weight fraction crystallinity </p><p id="p0049" num="0049"> p = calculated density of MW slice </p><p id="p0050" num="0050"> p<sub>c</sub> = density of 100% crystalline sample (assigned 1.006 g/cm<sup>3</sup>) </p><p id="p0051" num="0051"> p<sub>a</sub> = density of amorphous phase (0.852 g/cm<sup>3</sup>) </p><p id="p0052" num="0052">[0038] The fourth step calculates the tie molecule probability (P) for each molecular weight and respective 2t<sub>c</sub> + Rvalue according to equations 6a and 6b: r <sup>2</sup> exp( —b <sup>2</sup> r <sup>2</sup> ) dr </p><p id="p0053" num="0053"> 1 </p><p id="p0054" num="0054"> P = </p><p id="p0055" num="0055"> J r <sup>2</sup> exp( - b <sup>2</sup> r <sup>2</sup> ) dr </p><p id="p0056" num="0056"><sup>0</sup> (Eq. 6a) </p><p id="p0057" num="0057"> 3 </p><p id="p0058" num="0058"> where b<sup>2</sup> =——r and r <sup>2</sup> = (Dnl<sup>2</sup>) . </p><p id="p0059" num="0059"> 2r </p><p id="p0060" num="0060">The symbols above have the following meanings: </p><p id="p0061" num="0061"> P = Probability of tie-chain formation </p><p id="p0062" num="0062"> L = Critical distance (nm) = 2£<sub>c</sub> + £<sub>a</sub> </p><p id="p0063" num="0063"> D = Chain extension factor in melt = 6.8 for polyethylene </p><p id="p0064" num="0064">n = Number of links = <sub>w</sub>/14 for polyethylene </p><p id="p0065" num="0065"> / = The link length = 0.153 nm for polyethylene 
<!-- EPO <DP n="14"/>-->
 
<img id="imgf000014_0001" he="25" wi="133" file="imgf000014_0001.tif" img-format="tif" img-content="drawing" orientation="portrait" inline="no"/>
 </p><p id="p0066" num="0066"> [0039] Finally PSP2 values are calculated from Equations 6a and 6b by treating this value essentially as a weighing factor (Pi) for each slice of the MWD, where Pj was arbitrarily multiplied xlOO and subsequently defined as PSP2<sub>h</sub> As in all of the aforementioned calculations, this value at each slice is multiplied by the respective weight fraction (¼¾) of the MWD profile in order to obtain a value for the bulk polymer. A plot of the calculated wiPSP2j) values against log M for a bimodal polymer sample is shown in Figure 1 along with a plot of the cumulative PSP2 across the MWD which can also be insightful when attempting understand and predict structure property relationships. The area underneath the resulting WiPSP2j vs. log M curve defines PSP2 for the whole polymer sample. For the polymer sample depicted in Figure 1 PSP2 = 10.3. </p><p id="p0067" num="0067">[0040] In an embodiment, a CRESC of the type described herein is characterized by a density of from about 0.941 g/cm<sup>3</sup> to about 0.965 g/cm<sup>3</sup>, alternatively from about 0.941 g/ cm<sup>3</sup> to about 0.955 g/ cm<sup>3</sup>, or alternatively from about 0.941 g/ cm<sup>3</sup> to about 0.950 g/ cm<sup>3</sup>. For example, the CRESC may be a polyethylene homopolymer or copolymer having a density of greater than about / cm<sup>3</sup>, alternatively greater than about 0.941 g/ cm<sup>3</sup>, or alternatively greater than about 0.94 </p><p id="p0068" num="0068">[0041] In an embodiment, a CRESC of the type described herein has a melt index, MI, in the range of from about 0.5 dg/min to about 12 dg/min, alternatively from about 0.5 dg/min to about 6 dg/min, alternatively from about 1.5 dg/min. to about 5 dg/min, alternatively from about 1 dg/min to about 6 dg/min, alternatively from about 1.5 dg/min to about 5 dg/min, or alternatively from about 2 dg/min to about 4 dg/min. The melt index (MI) refers to the amount of a polymer which can be forced through an extrusion rheometer orifice of 0.0825 inch diameter when subjected to a force of 2160 grams in ten minutes at 190 °C, as determined in accordance with ASTM D 1238. </p><p id="p0069" num="0069">[0042] In an embodiment, a CRESC of the type described herein has a high load melt index, HLMI, in the range of from greater than about 0 dg/min to about 200 dg/min; alternatively from about 0.1 dg/min to about 200 dg/min, alternatively from about 5 dg/min to about 150 dg/min, alternatively from about 10 dg/min to about 95 dg/min. The HLMI represents the rate of flow of a molten resin through an orifice of 0.0825 inch diameter when subjected to a force of 21 ,600 grams at 190 °C as determined in accordance with ASTM D 1238. 
<!-- EPO <DP n="15"/>-->
 [0043] In an embodiment, a CRESC of the type described herein has a shear response in the range of from about 20 to about 75, alternatively from about 25 to about 50, alternatively from about 30 to about 45, alternatively from about 30 to about 40. The shear response refers to ratio of high load melt index to melt index (HLMI/MI). </p><p id="p0070" num="0070"> [0044] In an embodiment, the CRESC exhibits a tensile strength at yield of from about 2000 psi to about 6,000 psi, alternatively from about 3,000 psi to about 5,800 psi, alternatively from about 4,800 psi to about 5,600 psi as determined in accordance with ASTM E2092. The tensile strength at yield refers to the tensile stress where an increase in expansion is admitted without an increase in gaining the weight on stress-strain curve. In an embodiment, the CRESC exhibits a tensile strength at break of from about 2,900 psi to about 3,600 psi, alternatively of from about 3,100 psi to about 3,600 psi, alternatively from about 3,300 psi to about 3,600 psi as determined in accordance with ASTM E2092. The tensile strength at break refers to the tensile stress at the moment the material is destroyed. </p><p id="p0071" num="0071"> [0045] In an embodiment, the CRESC exhibits an elongation at break of from about 200% to about 800%, alternatively of from about 450% to about 780%, alternatively from about 690% to about 760% as determined in accordance with ASTM E2092. The elongation at break refers to the elongation which corresponds to the tensile breaking strength. </p><p id="p0072" num="0072"> [0046] The CRESC may be formed into various articles, including, but not limited to, bottles, drums, toys, household containers, utensils, film products, fuel tanks, pipes, geomembranes, and liners. Various processes may be used to form these articles, including, but not limited to, blow molding, extrusion molding, rotomolding, thermoforming, cast molding and the like. </p><p id="p0073" num="0073">[0047] In an embodiment, the CRESC of this disclosure is fabricated into a container by a shaping process such as rotomolding. Rotomolding is particularly well suited for producing hollow items such as pipe, drums, and tanks. The physical properties of the CRESC described herein lend itself well to the desired characteristics of these and similar final products. </p><p id="p0074" num="0074">[0048] There are numerous variations and subtleties to the rotomolding process, as practiced, and no attempt is made here to provide an inclusive description of all embodiments of rotomolding. Instead, an illustrative description is provided to teach the fundamental aspects of this processing methodology. Components of common rotomolding processes may include an oven, a cooling chamber, mold spindles, and a mold or molds. The spindles are mounted on a rotating axis, which provides a uniform coating of the plastic inside each mold. Molds are typically either fabricated from welded sheet steel or are cast. Molds may be manufactured from stainless steel, aluminum, or other suitable material. A more detailed description of the 
<!-- EPO <DP n="16"/>-->
 rotomolding process and associated equipment may be found in U.S. Patent Nos. 6,632,902 and 4,252,762, each of which is incorporated by reference herein in its entirety. </p><p id="p0075" num="0075"> [0049] A method of making a rotomolded article such as a pipe, drum, or tank comprises introducing an appropriate quantity of a polymeric material (e.g., a CRESC of the type described herein) in a form or mold. Typically, the mold is then heated, either directly with a flame, indirectly with radiant heating, or other heating method. As it is heated, it is rotated about two axes. The heat and rotational motion combine to melt and evenly distribute the CRESC onto the internal surfaces of the mold. After a suitable time has passed, the mold is cooled with a cooling medium (e.g, air, water, or combination thereof). The mold is then opened or otherwise disassembled, and the finished product is removed. The article may undergo additional processing steps to form the end-use article. A more detailed description of the rotomolding process and associated equipment may be found in U.S. Patent Nos. 6,632,902 and 4,252,762. </p><p id="p0076" num="0076">[0050] In an embodiment, the polymeric articles fabricated from CRESC's of this disclosure display enhanced mechanical properties such as an increased ESCR, and improved color when compared to an article fabricated from a dissimilar polymeric material. </p><p id="p0077" num="0077"> [0051] In an embodiment, the article formed from a CRESC of the type described herein has an ESCR of greater than about 1000 hours, alternatively greater than about 2000 hours, alternatively greater than about 5000 hours as determined in accordance with ASTM D1693 condition A. Environmental stress cracking refers to the premature initiation of cracking and embrittlement of a plastic due to the simultaneous action of stress, strain and contact with specific chemical environments. Environmental Stress Crack Resistance (ESCR) measures a polymer's resistance to this form of damage. </p><p id="p0078" num="0078"> [0052] In an embodiment, the article formed from a CRESC of the type described herein has a APHA color value in the range of from about -250 to about 400, alternatively from about -175 to about 375, alternatively from about -100 to about 325. APHA color is an important characteristic of polymers which reflects the optical clarity of the polymer with respect to its yellowness. APHA color refers to a platinum-cobalt color standard as determined by ASTM 1045-58 which involves visual comparison of a liquid sample of the polymer with solutions having standard concentrations of potassium chloroplatinate and cobaltous chloride. Reduction of APHA color, i.e. reduction in yellowness, is desired because it affects the quality of the final product. In an embodiment, a CRESC of the type described herein may be a polyethylene copolymer, such as a polyethylene copolymer with 1-hexene, having a density of equal to or greater than about 0.940 g/cm<sup>3</sup>. Such CRESCs may afford the production of articles (e.g., rotomolded articles) having thinner walls that 
<!-- EPO <DP n="17"/>-->
 advantageously display an ESCR of greater than about 1000 hours when tested in accordance with ASTM D1693 condition A. The resultant articles having thinner walls and improved ESCR may be used to produce lighter products with concomitant advantages in terms of manufacturing costs, transportation and storage. </p><p id="p0079" num="0079"> EXAMPLES </p><p id="p0080" num="0080"> [0053] The subject matter having been generally described, the following examples are given as particular embodiments of the disclosure and to demonstrate the practice and advantages thereof. It is understood that the examples are given by way of illustration and are not intended to limit the specification of the claims to follow in any manner. The following testing procedures were used to evaluate the various polymers and compositions. </p><p id="p0081" num="0081"> [0054] High load melt index (HLMI, g/10 min) was determined in accordance with ASTM D 1238 condition E at 190 °C with a 21,600 gram weight. </p><p id="p0082" num="0082"> [0055] Polymer density was determined in grams per cubic centimeter (g/cc) on a compression molded sample, cooled at about 15 °C per hour, and conditioned for about 40 hours at room temperature in accordance with ASTM D 1505 and ASTM D 1928, procedure C. </p><p id="p0083" num="0083">[0056] Molecular weights and molecular weight distributions were obtained using a PL-GPC 220 (Polymer Labs, UK) system equipped with a differential refractive index detector and three 7.5 mm x 300 mm 20 um Mixed A-LS columns (Polymer Labs) running at 145 °C. The flow rate of the mobile phase, 1 ,2,4-trichlorobenzene (TCB) containing 0.5 g/L 2,6-di-t-butyl-4- methylphenol (BHT), was set at 1 mL/min and the concentration of polymer solutions was generally kept in the range of 1.0-1.5 mg/mL, depending on the molecular weights. Sample preparation was conducted at 150 °C for 4 hours with occasional and gentle agitation before the solutions being transferred to sample vials for injection. In order to minimize the unbalanced solvent peak, solvent with the same composition as the mobile phase was used for sample preparation. The integral calibration method was employed to deduce molecular weights and molecular weight distributions using a Chevron Phillips Chemical Company polyethylene, Marlex BHB5003, as the broad standard. The integral table of the broad standard was pre-determined in a separate experiment with size exclusion chromatography using detection by multi-angle light scattering photometry (SEC-MALS). </p><p id="p0084" num="0084"> EXAMPLE 1 </p><p id="p0085" num="0085"> [0057] CRESCs of the type described herein were prepared using a catalyst system comprising at least two metallocene complexes. Particularly samples designated 1-3 were prepared using a catalyst system comprising a first blend of two metallocene complexes, designated Catalyst 
<!-- EPO <DP n="18"/>-->
 System I, while samples 4-15 were prepared using a catalyst system comprising a second blend of two metallocene complexes, designated Catalyst System 2. In general, the polymerization runs were conducted in a one-gallon (3.8-liter) stainless steel reactor as follows. First, the reactor was purged with nitrogen and then with isobutane vapor. The desired amount of triisobutylaluminum (TIBA), activator-support and with catalysts, both of the type previously described herein, were added in that order through a charge port while venting isobutane vapor. The charge port was closed and 1.8 L of isobutane was added. The contents of the reactor were stirred and heated to a desired temperature followed by the introduction of ethylene and hydrogen, with the hydrogen added at a fixed mass ratio with respect to the ethylene flow. Hydrogen was added with the ethylene via an automated feeding system, while the total reactor pressure was maintained at a desired pressure by the combined ethylene/hydrogen/isobutane/hexene addition. The reactor was maintained and controlled at the desired temperature throughout the desired run time of the polymerization. Upon completion, the isobutane and ethylene were vented from the reactor, the reactor was opened, and the polymer product was collected and dried. </p><p id="p0086" num="0086"> [0058] The resultant polymer was recovered and the MW in kg/mol, polydispersity index, SCB per 1000 carbon atoms and LCB per 10,000 carbon atoms for the samples determined as indicated in Table 1. Figure 2 is a plot of the SCB distribution for sample 15. Additionally, the MI, density, ESCR under the noted conditions, and SP-nCTL of the samples was determined and those values are presented in Table 2. SP-nCTL refers to single point notched constant tensile load and was determined in accordance with ASTM D 5397 at 30% yield. Sample 16 is a commercialized product and is provided for comparison to CRESCs of this disclosure. </p><p id="p0087" num="0087"> Table 1 </p><p id="p0088" num="0088"><img id="imgf000018_0001" he="82" wi="76" file="imgf000018_0001.tif" img-format="tif" img-content="drawing" orientation="portrait" inline="no"/><!-- EPO <DP n="19"/>-->
 Table 2 </p><p id="p0089" num="0089"><img id="imgf000019_0001" he="88" wi="170" file="imgf000019_0001.tif" img-format="tif" img-content="table" orientation="portrait" inline="no"/></p><p id="p0090" num="0090">EXAMPLE 2 </p><p id="p0091" num="0091"> [0059] PSP2 values were calculated for CRESCs prepared by physical blending (samples Bl- B4) and CRESCs prepared by reactor blending (Samples 1, 7, 5, and 15). Samples B1-B4 were prepared using the resins described in Table 3, in the amounts indicated in Table 4. Table 4 also presents the weight average molecular weight, polydispersity index, short chain branching, density, ESCR and PSP2 values of the samples prepared by physical blending (Samples B1-B4). Table 5 presents similar information for samples prepared by reactor blending. </p><p id="p0092" num="0092"> Table 3 </p><p id="p0093" num="0093"> Component M<sub>w</sub> (kg/mol) PDI SCB/ 1000 TC </p><p id="p0094" num="0094"> CI 41 4.2 0.2 </p><p id="p0095" num="0095"> C4 56 3.0 1.8 </p><p id="p0096" num="0096"> C2 66 3.0 1.8 </p><p id="p0097" num="0097"> C3 68 3.8 2.2 </p><p id="p0098" num="0098"> C5 141 2.7 2.0 </p><p id="p0099" num="0099"> C6 150 2.5 3.0 </p><p id="p0100" num="0100"> C7 187 2.1 10.5 
<!-- EPO <DP n="20"/>-->
 Table 4 </p><p id="p0101" num="0101"><img id="imgf000020_0001" he="47" wi="171" file="imgf000020_0001.tif" img-format="tif" img-content="table" orientation="portrait" inline="no"/></p><p id="p0102" num="0102">Table 5 </p><p id="p0103" num="0103"><img id="imgf000020_0002" he="35" wi="149" file="imgf000020_0002.tif" img-format="tif" img-content="table" orientation="portrait" inline="no"/></p><p id="p0104" num="0104">[0060] While embodiments of the invention have been shown and described, modifications thereof can be made without departing from the spirit and teachings of the invention. The embodiments and examples described herein are exemplary only, and are not intended to be limiting. Many variations and modifications of the invention disclosed herein are possible and are within the scope of the invention. Where numerical ranges or limitations are expressly stated, such express ranges or limitations should be understood to include iterative ranges or limitations of like magnitude falling within the expressly stated ranges or limitations (e.g., from about 1 to about 10 includes, 2, 3, 4, etc.; greater than 0.10 includes 0.11, 0.12, 0.13, etc.). Use of the term "optionally" with respect to any element of a claim is intended to mean that the subject element is required, or alternatively, is not required. Both alternatives are intended to be within the scope of the claim. Use of broader terms such as comprises, includes, having, etc. should be understood to provide support for narrower terms such as consisting of, consisting essentially of, comprised substantially of, etc. </p><p id="p0105" num="0105"> [0061] Accordingly, the scope of protection is not limited by the description set out above but is only limited by the claims which follow, that scope including all equivalents of the subject matter of the claims. Each and every claim is incorporated into the specification as an embodiment of the present invention. Thus, the claims are a further description and are an 
<!-- EPO <DP n="21"/>-->
 addition to the detailed description of the present invention. The disclosures of all patents, patent applications, and publications cited herein are hereby incorporated by reference, to the extent that they provide exemplary, procedural or other details supplementary to those set forth herein. 
</p></description><claims mxw-id="PCLM44726025" ref-ucid="WO-2012115951-A1" lang="EN" load-source="patent-office"><claim-statement><!-- EPO <DP n="22"/>-->CLAIMS What is claimed is: </claim-statement><claim id="clm-0001" num="1"><claim-text> 1. A polymer having a density of from about 0.94 g/cm<sup>3</sup> to about 0.96 g/ cm<sup>3</sup> and a primary structure parameter 2 (PSP2) value of greater than about 8.9 wherein an article formed from the polymer has an environmental stress crack resistance of equal to or greater than about 1000 hours when measured in accordance with ASTM D 1693 condition A. </claim-text></claim><claim id="clm-0002" num="2"><claim-text> 2. The polymer of claim 1 having an environmental stress crack resistance of equal to or greater than about 2000 hours. </claim-text></claim><claim id="clm-0003" num="3"><claim-text> 3. The polymer of claim 1 having a HLMI of from about 0 to about 200 dg/min. </claim-text></claim><claim id="clm-0004" num="4"><claim-text> 4. The polymer of claim 1, wherein the polymer comprises polyethylene. </claim-text></claim><claim id="clm-0005" num="5"><claim-text> 5 The polymer of claim 1, wherein the polymer comprises a copolymer of ethylene and a comonomer comprising 1-hexene, 1-heptene, 1-octene, 1-nonene, 1-decene, or combinations thereof. </claim-text></claim><claim id="clm-0006" num="6"><claim-text> 6. The polymer of claim 1 having a number average molecular weight of from about 4 kg/mol to about 20 kg/mol. </claim-text></claim><claim id="clm-0007" num="7"><claim-text> 7. The polymer of claim 1 having a weight average molecular weight of from about 70 kg/mol to about 160 kg/mol. </claim-text></claim><claim id="clm-0008" num="8"><claim-text> 8. The polymer of claim 1 having a z-average molecular weight of from about 260 kg/mol to about 400 kg/mol. </claim-text></claim><claim id="clm-0009" num="9"><claim-text> 9. The polymer of claim 1 having an APHA color of from about -250 to about 400. </claim-text></claim><claim id="clm-0010" num="10"><claim-text> 10. The polymer of claim 1 having short chain branching of from about 0.1 to about 10 short chain branches per 1000 total carbon atoms. </claim-text></claim><claim id="clm-0011" num="11"><claim-text> 11. The polymer of claim 1 having a tensile strength at break of from about 2000 psi to about 6000 psi. </claim-text></claim><claim id="clm-0012" num="12"><claim-text> 12. The polymer of claim 1 having a shear response of from about 20 to about 75. </claim-text></claim><claim id="clm-0013" num="13"><claim-text> 13. The polymer of claim 1 having a melt index of from about 0.5 dg/min. to about 12 dg/min.</claim-text></claim><claim id="clm-0014" num="14"><claim-text>14. The polymer of claim 1 , wherein the article is formed via rotational molding. </claim-text></claim><claim id="clm-0015" num="15"><claim-text> 15. A polymer having at least one lower molecular weight component and at least one higher molecular weight component and having a PSP2 value of equal to or greater than about 8.9, wherein an article formed from the polymer has an environmental stress crack resistance of greater than about 1000 hours when measured in accordance with ASTM D 1693 condition A. <!-- EPO <DP n="23"/>--> </claim-text></claim><claim id="clm-0016" num="16"><claim-text>16. The polymer of claim 15, wherein the higher molecular weight component is present in an amount of from about 10 wt.% to about 90 wt.%. </claim-text></claim><claim id="clm-0017" num="17"><claim-text> 17. The polymer of claim 15 having a polydispersity index of from about 4 to about 18. </claim-text></claim><claim id="clm-0018" num="18"><claim-text> 18. The polymer of claim 15 having a tensile strength at break of from about 2000 psi to about 6000 psi. </claim-text></claim><claim id="clm-0019" num="19"><claim-text> 19. The polymer of claim 15 having a degree of long chain branching of less than about 10 ppm. </claim-text></claim><claim id="clm-0020" num="20"><claim-text> 20. A method comprising: </claim-text><claim-text> (a) contacting a catalyst system comprising at least two different transition metal complexes with an olefin under conditions suitable to form a polyolefin; and </claim-text><claim-text> (b) recovering the polyolefin, wherein the polyolefin has a PSP2 value of equal to or greater than about 8.9 and wherein an article formed from the polyolefin has an environmental stress crack resistance of greater than about 1000 hours when measured in accordance with ASTM D 1693 condition A. </claim-text></claim><claim id="clm-0021" num="21"><claim-text> 21. The method of claim 20, wherein the polyolefin is copolymer of ethylene and 1 -hexene.</claim-text></claim><claim id="clm-0022" num="22"><claim-text>22. The method of claim 21, wherein 1-hexene is polymerized into the polyolefin an amount of from about 0.02 mol% to about 2.0 mol% of the polyolefin. </claim-text></claim><claim id="clm-0023" num="23"><claim-text> 23. The method of claim 20, wherein at least one of the transition metal complexes comprises a metallocene. </claim-text></claim><claim id="clm-0024" num="24"><claim-text> 24. An article formed from the polymer of claim 1. </claim-text></claim><claim id="clm-0025" num="25"><claim-text> 25. A method comprising rotomolding the polymer of claim 1 to form a hollow article. </claim-text></claim></claims><copyright>User acknowledges that Fairview Research LLC and its third party providers retain all right, title and interest in and to this xml under applicable copyright laws.  User acquires no ownership rights to this xml including but not limited to its format.  User hereby accepts the terms and conditions of the Licence Agreement</copyright></patent-document>
