<?xml version="1.0" encoding="UTF-8"?>
<patent-document ucid="EP-2680860-A1" country="EP" doc-number="2680860" kind="A1" date="20140108" family-id="46757325" file-reference-id="314654" date-produced="20180823" status="corrected" lang="EN"><bibliographic-data><publication-reference fvid="146586801" ucid="EP-2680860-A1"><document-id><country>EP</country><doc-number>2680860</doc-number><kind>A1</kind><date>20140108</date><lang>EN</lang></document-id></publication-reference><application-reference ucid="EP-12751890-A" is-representative="NO"><document-id mxw-id="PAPP154848993" load-source="docdb" format="epo"><country>EP</country><doc-number>12751890</doc-number><kind>A</kind><date>20120229</date><lang>EN</lang></document-id><document-id mxw-id="PAPP202945751" load-source="docdb" format="original"><country>EP</country><doc-number>12751890.0</doc-number><date>20120229</date></document-id></application-reference><priority-claims><priority-claim mxw-id="PPC140555789" ucid="CA-2012050120-W" linkage-type="W" load-source="docdb"><document-id format="epo"><country>CA</country><doc-number>2012050120</doc-number><kind>W</kind><date>20120229</date></document-id></priority-claim><priority-claim mxw-id="PPC140547018" ucid="US-201161448815-P" load-source="docdb"><document-id format="epo"><country>US</country><doc-number>201161448815</doc-number><kind>P</kind><date>20110303</date></document-id></priority-claim></priority-claims><technical-data><classifications-ipcr><classification-ipcr mxw-id="PCL-1620477119" load-source="docdb">A61K  38/16        20060101A I20180629RMEP        </classification-ipcr><classification-ipcr mxw-id="PCL2100271234" load-source="docdb">A61K  31/739       20060101AFI20140704BHEP        </classification-ipcr><classification-ipcr mxw-id="PCL2100271235" load-source="docdb">A61K  35/74        20060101ALI20140704BHEP        </classification-ipcr><classification-ipcr mxw-id="PCL2100273036" load-source="docdb">C07H  15/06        20060101ALI20140704BHEP        </classification-ipcr><classification-ipcr mxw-id="PCL2100275728" load-source="docdb">C08B  37/00        20060101ALI20140704BHEP        </classification-ipcr><classification-ipcr mxw-id="PCL2100276494" load-source="docdb">A61K  31/7032      20060101ALI20140704BHEP        </classification-ipcr><classification-ipcr mxw-id="PCL2100276616" load-source="docdb">A61P  31/04        20060101ALI20140704BHEP        </classification-ipcr><classification-ipcr mxw-id="PCL2100278313" load-source="docdb">A61P   3/00        20060101ALI20140704BHEP        </classification-ipcr><classification-ipcr mxw-id="PCL2100280058" load-source="docdb">C08L   5/00        20060101ALI20140704BHEP        </classification-ipcr></classifications-ipcr><classifications-cpc><classification-cpc mxw-id="PCL-1880667848" load-source="docdb" scheme="CPC">A61K2039/552       20130101 LA20161103BHEP        </classification-cpc><classification-cpc mxw-id="PCL-1880667849" load-source="docdb" scheme="CPC">A61K  39/07        20130101 LI20161103BHEP        </classification-cpc><classification-cpc mxw-id="PCL-1880667850" load-source="docdb" scheme="CPC">A61K  39/0258      20130101 FI20161103BHEP        </classification-cpc><classification-cpc mxw-id="PCL-1880667851" load-source="docdb" scheme="CPC">A61K  31/739       20130101 LI20161105BHEP        </classification-cpc><classification-cpc mxw-id="PCL-1880667852" load-source="docdb" scheme="CPC">A61K2039/70        20130101 LA20161103BHEP        </classification-cpc><classification-cpc mxw-id="PCL-1951081369" load-source="docdb" scheme="CPC">A61K  38/164       20130101 LI20160412BHEP        </classification-cpc><classification-cpc mxw-id="PCL-2142248598" load-source="docdb" scheme="CPC">A61K  31/715       20130101 LI20141030BHEP        </classification-cpc></classifications-cpc><invention-title mxw-id="PT132365036" lang="DE" load-source="patent-office">VERWENDUNG VON BAKTERIELLEN ENDOTOXINEN UND LIPOTEICHONSÄUREN FÜR VERBESSERTE POSTPARTALE GESUNDHEIT UND PRODUKTIVITÄT VON MILCHKÜHEN UND IHREN NEUGEBORENEN</invention-title><invention-title mxw-id="PT132365037" lang="EN" load-source="patent-office">USE OF BACTERIAL ENDOTOXINS AND LIPOTEICHOIC ACIDS TO IMPROVE POSTPARTAL HEALTH AND PRODUCTIVITY OF DAIRY COWS AND THEIR NEWBORNS</invention-title><invention-title mxw-id="PT132365038" lang="FR" load-source="patent-office">UTILISATION D'ENDOTOXINES BACTÉRIENNES ET D'ACIDES LIPOTÉICHOÏQUES POUR L'AMÉLIORATION DE LA SANTÉ POST-PARTUM ET DE LA PRODUCTIVITÉ DES VACHES LAITIÈRES ET DE LEURS NOUVEAUX NÉS</invention-title></technical-data><parties><applicants><applicant mxw-id="PPAR919510704" load-source="docdb" sequence="1" format="epo"><addressbook><last-name>UNIV ALBERTA</last-name><address><country>CA</country></address></addressbook></applicant><applicant mxw-id="PPAR919534158" load-source="docdb" sequence="1" format="intermediate"><addressbook><last-name>THE GOVERNORS OF THE UNIVERSITY OF ALBERTA</last-name></addressbook></applicant><applicant mxw-id="PPAR919017942" load-source="patent-office" sequence="1" format="original"><addressbook><last-name>The Governors Of The University Of Alberta</last-name><iid>101057743</iid><address><street>4th Floor Enterprise Square 10230 - Jasper Avenue</street><city>Edmonton, Alberta T5J 4P6</city><country>CA</country></address></addressbook></applicant></applicants><inventors><inventor mxw-id="PPAR919521583" load-source="docdb" sequence="1" format="epo"><addressbook><last-name>AMETAJ BURIM N</last-name><address><country>CA</country></address></addressbook></inventor><inventor mxw-id="PPAR919520658" load-source="docdb" sequence="1" format="intermediate"><addressbook><last-name>AMETAJ, BURIM N.</last-name></addressbook></inventor><inventor mxw-id="PPAR919019112" load-source="patent-office" sequence="1" format="original"><addressbook><last-name>AMETAJ, BURIM N.</last-name><address><street>6-1130 Falconer Road NW</street><city>Edmonton, Alberta T6R 2J6</city><country>CA</country></address></addressbook></inventor></inventors><agents><agent mxw-id="PPAR919013288" load-source="patent-office" sequence="1" format="original"><addressbook><last-name>Comoglio, Elena</last-name><suffix>et al</suffix><iid>100055274</iid><address><street>Jacobacci &amp; Partners S.p.A. Corso Emilia 8</street><city>10152 Torino</city><country>IT</country></address></addressbook></agent></agents></parties><international-convention-data><pct-or-regional-filing-data ucid="CA-2012050120-W"><document-id><country>CA</country><doc-number>2012050120</doc-number><kind>W</kind><date>20120229</date><lang>EN</lang></document-id></pct-or-regional-filing-data><pct-or-regional-publishing-data ucid="WO-2012116447-A1"><document-id><country>WO</country><doc-number>2012116447</doc-number><kind>A1</kind><date>20120907</date><lang>EN</lang></document-id></pct-or-regional-publishing-data><designated-states><ep-contracting-states><country mxw-id="DS549916604" load-source="docdb">AL</country><country mxw-id="DS549765309" load-source="docdb">AT</country><country mxw-id="DS549916605" load-source="docdb">BE</country><country mxw-id="DS549859589" load-source="docdb">BG</country><country mxw-id="DS549845628" load-source="docdb">CH</country><country mxw-id="DS549776401" load-source="docdb">CY</country><country mxw-id="DS549765310" load-source="docdb">CZ</country><country mxw-id="DS549916606" load-source="docdb">DE</country><country mxw-id="DS549776402" load-source="docdb">DK</country><country mxw-id="DS549776403" load-source="docdb">EE</country><country mxw-id="DS549844459" load-source="docdb">ES</country><country mxw-id="DS549859634" load-source="docdb">FI</country><country mxw-id="DS549859635" load-source="docdb">FR</country><country mxw-id="DS549916607" load-source="docdb">GB</country><country mxw-id="DS549776404" load-source="docdb">GR</country><country mxw-id="DS549916608" load-source="docdb">HR</country><country mxw-id="DS549765311" load-source="docdb">HU</country><country mxw-id="DS549845629" load-source="docdb">IE</country><country mxw-id="DS549776417" load-source="docdb">IS</country><country mxw-id="DS549859636" load-source="docdb">IT</country><country mxw-id="DS549776418" load-source="docdb">LI</country><country mxw-id="DS549846688" load-source="docdb">LT</country><country mxw-id="DS549764950" load-source="docdb">LU</country><country mxw-id="DS549846689" load-source="docdb">LV</country><country mxw-id="DS549846694" load-source="docdb">MC</country><country mxw-id="DS549764951" load-source="docdb">MK</country><country mxw-id="DS549764952" load-source="docdb">MT</country><country mxw-id="DS549765312" load-source="docdb">NL</country><country mxw-id="DS549844460" load-source="docdb">NO</country><country mxw-id="DS549845642" load-source="docdb">PL</country><country mxw-id="DS549846695" load-source="docdb">PT</country><country mxw-id="DS549765325" load-source="docdb">RO</country><country mxw-id="DS549846696" load-source="docdb">RS</country><country mxw-id="DS549845643" load-source="docdb">SE</country><country mxw-id="DS549859637" load-source="docdb">SI</country><country mxw-id="DS549844461" load-source="docdb">SK</country><country mxw-id="DS549845644" load-source="docdb">SM</country><country mxw-id="DS549764965" load-source="docdb">TR</country></ep-contracting-states></designated-states></international-convention-data><office-specific-data><eptags><ep-no-a-document-published>*</ep-no-a-document-published></eptags></office-specific-data></bibliographic-data><abstract mxw-id="PA99837822" ref-ucid="WO-2012116447-A1" lang="EN" load-source="patent-office"><p num="0000">A combination of a bacterial endotoxin, in particular a lipopolysaccharide, and a lipoteichoic acid for treating or preventing a metabolic disorder or bacterial infection, or for improving milk energy efficiency in a subject. The combination may be administered separately, simultaneously or sequentially to a subject.</p></abstract><abstract mxw-id="PA100333424" ref-ucid="WO-2012116447-A1" lang="EN" source="national office" load-source="docdb"><p>A combination of a bacterial endotoxin, in particular a lipopolysaccharide, and a lipoteichoic acid for treating or preventing a metabolic disorder or bacterial infection, or for improving milk energy efficiency in a subject. The combination may be administered separately, simultaneously or sequentially to a subject.</p></abstract><abstract mxw-id="PA99837823" ref-ucid="WO-2012116447-A1" lang="FR" load-source="patent-office"><p num="0000">L'invention concerne une combinaison d'une endotoxine bactérienne, en particulier un lipopolysaccharide, et d'un acide lipotéichoïque pour le traitement ou la prévention d'un trouble métabolique ou d'une infection bactérienne, ou pour l'amélioration de l'efficacité énergétique du lait chez un sujet. La combinaison peut être administrée séparément, simultanément ou séquentiellement à un sujet.</p></abstract><abstract mxw-id="PA100333425" ref-ucid="WO-2012116447-A1" lang="FR" source="national office" load-source="docdb"><p>L'invention concerne une combinaison d'une endotoxine bactérienne, en particulier un lipopolysaccharide, et d'un acide lipotéichoïque pour le traitement ou la prévention d'un trouble métabolique ou d'une infection bactérienne, ou pour l'amélioration de l'efficacité énergétique du lait chez un sujet. La combinaison peut être administrée séparément, simultanément ou séquentiellement à un sujet.</p></abstract><description mxw-id="PDES51233711" ref-ucid="WO-2012116447-A1" lang="EN" load-source="patent-office"><!-- EPO <DP n="2"/>--><p id="p0001" num="0001"> USE OF BACTERIAL ENDOTOXINS AND LIPOTEICHOIC ACIDS TO IMPROVE POSTPARTAL HEALTH AND PRODUCTIVITY OF DAIRY COWS AND THEIR</p><p id="p0002" num="0002">NEWBORNS </p><p id="p0003" num="0003">CROSS REFERENCE TO RELATED APPLICATIONS </p><p id="p0004" num="0004">This application claims the benefit of and priority from United States Provisional Patent Application No. 61/448,815 filed March 3, 201 1 , which is incorporated herein by reference in its entirety. </p><p id="p0005" num="0005">FIELD OF THE INVENTION </p><p id="p0006" num="0006">The invention concerns the use of bacterial endotoxins and lipoteichoic acids to improve postpartal health and productivity of dairy cows and their newborns. </p><p id="p0007" num="0007">BACKGROUND </p><p id="p0008" num="0008">The transition period is critical for the health and productivity of dairy cows due to high incidence of metabolic disorders caused by various bacterial infections. Metabolic disorders are diseases that involve changes in plasma metabolites of sick animals or humans. Almost 50% of dairy cows are affected by one or more metabolic diseases such as ketosis, fatty liver, laminitis, displaced abomasum, milk fever, downer cow syndrome, udder edema, metritis, retained placenta, infertility, or mastitis. The conventional view on metabolic disorders is that these diseases are related to the disturbance of one or more blood metabolites. These changes are generally interpreted as deficiencies or excesses of these nutrients in the diet, especially, around parturition. </p><p id="p0009" num="0009">High-grain diets (i.e. a diet rich in starch) may be implicated in the development of metabolic disorders. Feeding ruminant animals high-grain diets is a human designed intervention to increase milk and meat production. However, ruminants do not naturally consume high-grain diets; rather, they eat mostly grass or forage diets. Since grain is rich in starch and poor in fiber content, feeding high-grain diets is associated with major changes in the gastrointestinal (Gl) microflora switching from fiber-digesting bacteria into starch-digesting bacteria. Most of the starch- 
<!-- EPO <DP n="3"/>-->
 digesting bacteria are Gram-negative bacteria. The latter degrade starch to use it for their nutritional needs. During this process large quantities of acids are released into the Gl tract, changing the pH from normally alkaline into acidic pH. Furthermore, abundant starch increases the number of Gram-negative bacteria in the Gl tract. This is associated with the release of great amounts (20-fold increase) of toxic compounds such as endotoxin or lipopolysaccharide (LPS). Endotoxin translocates into the host's blood circulation and causes a variety of alterations in blood </p><p id="p0010" num="0010">metabolites, immunity, and health status. </p><p id="p0011" num="0011">Research work indicates that lipoteichoic acid (LTA) is able to induce an inflammatory response and dysfunction of multiple organs, know as septic shock, when administered intravenously (iv) in experimental animals. An early investigation demonstrated that iv infusion of LTA was associated with the release of tumor necrosis factor alpha and interferon gamma in the plasma, a decrease in the arterial oxygen pressure in the lungs, and increases in the plasma concentrations of bilirubin, alanine aminotransferase, creatinine and urea, lipase from pancreas, and creatine kinase. In addition, LTA causes the release of nitric oxide in multiple organs, circulatory failure, and 50% mortality in the experimental animals (De Kimpe S. J. et al., 1995). Moreover, research from different groups has shown that even a single dose of LTA, as little as 0.1 mg, is sufficient to produce enhanced concentrations of free fatty acids (FFA) and triglyceride in the blood of experimental animals. </p><p id="p0012" num="0012"> Lipoteichoic acid also has been shown to increase the concentration of cholesterol in the plasma. Additionally, mounting evidence indicates involvement of LTA in the pathogenesis of mastitis in dairy cows. Thus, recent work demonstrated that that infusion of LTA alone in the mammary gland was sufficient to elicit a marked inflammatory response in the mammary gland of dairy cows, characterized by a massive influx of neutrophils into milk. This suggests that during infection, LTA contributes to the recruitment of neutrophils </p><p id="p0013" num="0013">There remains a need for effective combinations and methods to improve postpartal health and productivity of dairy cows and their newborns. 
<!-- EPO <DP n="4"/>-->
 SUMMARY </p><p id="p0014" num="0014">In one aspect, the invention provides a combination comprising a bacterial endotoxin and a lipoteichoic acid. In an embodiment, the combination is for separate, simultaneous or sequential administration to a subject for treating or preventing a metabolic disorder, for treating or preventing bacterial infection or for improving milk energy efficiency in said subject. </p><p id="p0015" num="0015">In another aspect, the invention provides a method for treating or preventing a metabolic disorder, for treating or preventing bacterial infection or for improving milk energy efficiency in a subject, said method comprising administering to said subject a bacterial endotoxin and a lipoteichoic acid, separately, </p><p id="p0016" num="0016">simultaneously or sequentially. </p><p id="p0017" num="0017">BRIEF DESCRIPTION OF THE DRAWINGS </p><p id="p0018" num="0018">In drawings illustrating embodiments of the invention: </p><p id="p0019" num="0019">Figure 1 is a graph depicting weekly variations of overall beta- hydroxybutyrate in plasma of multiparous and primiparous Holstein cows challenged with oral and nasal treatment of LPS-LTA (TRT;■) or saline (CTR; O) (LSM ± SEM; n = 16; Trt = effect of treatment; Week = effect of sampling week, Trt x Week = effect of treatment by sampling week). </p><p id="p0020" num="0020">Figure 2 is a graph depicting weekly variations of overall non-esterified fatty acids in plasma of multiparous and primiparous Holstein cows challenged with oral and nasal treatment of LPS-LTA (TRT;■) or saline (CTR; O) (LSM ± SEM; n = 16; Trt = effect of treatment; Week = effect of sampling week, Trt x Week = effect of treatment by sampling week). </p><p id="p0021" num="0021">Figure 3 is a graph depicting weekly variations of overall lactate in plasma of multiparous and primiparous Holstein cows challenged with oral and nasal treatment of LPS-LTA (TRT;■) or saline (CTR; O) (LSM ± SEM; n = 16; Trt = effect 
<!-- EPO <DP n="5"/>-->
 of treatment; Week = effect of sampling week, Trt x Week = effect of treatment by sampling week). </p><p id="p0022" num="0022">Figure 4 is a graph depicting weekly variations of overall cholesterol in plasma of multiparous and primiparous Holstein cows challenged with oral and nasal treatment of LPS-LTA (TRT;■) or saline (CTR; O) (LSM ± SEM; n = 16; Trt = effect of treatment; Week = effect of sampling week, Trt x Week = effect of treatment by sampling week). </p><p id="p0023" num="0023">Figure 5 is a graph depicting weekly variations of overall glucose in plasma of multiparous and primiparous Holstein cows challenged with oral and nasal treatment of LPS-LTA (TRT;■) or saline (CTR; O) (LSM ± SEM; n = 16; Trt = effect of treatment; Week = effect of sampling week, Trt x Week = effect of treatment by sampling week). </p><p id="p0024" num="0024">Figure 6 is a graph depicting weekly variations of overall haptoglobin in plasma of multiparous and primiparous Holstein cows challenged with oral and nasal treatment of LPS-LTA (TRT;■) or saline (CTR; O) (LSM ± SEM; n = 16; Trt = effect of treatment; Week = effect of sampling week, Trt x Week = effect of treatment by sampling week). </p><p id="p0025" num="0025">Figure 7 is a graph depicting weekly variations of overall energy corrected milk in multiparous and primiparous lactating Holstein cows challenged with oral and nasal treatment of LPS-LTA (TRT;■) or saline (CTR; O) (LSM ± SEM; </p><p id="p0026" num="0026">n = 29; Trt = effect of treatment; Week = effect of sampling week, Trt x Week = effect of treatment by sampling week). </p><p id="p0027" num="0027">Figure 8 is a graph depicting weekly variations of overall milk efficiency in multiparous and primiparous lactating Holstein cows challenged with oral and nasal treatment of LPS-LTA (TRT;■) or saline (CTR; O) (LSM ± SEM; n = 30; Trt = effect of treatment; Week = effect of sampling week, Trt x Week = effect of treatment by sampling week). 
<!-- EPO <DP n="6"/>-->
 Figure 9 is a graph depicting weekly variations of overall fat percent in multiparous and primiparous lactating Holstein cows challenged with oral and nasal treatment of LPS-LTA (TRT;■) or saline (CTR; O) (LSM ± SEM; n = 30; Trt = effect of treatment; Week = effect of sampling week, Trt x Week = effect of treatment by sampling week). </p><p id="p0028" num="0028">Figure 10 is a graph depicting weekly variations of overall fat to protein ratio in multiparous and primiparous lactating Holstein cows challenged with oral and nasal treatment of LPS-LTA (TRT;■) or saline (CTR; O) (LSM ± SEM; n = 30; </p><p id="p0029" num="0029">Trt = effect of treatment; Week = effect of sampling week, Trt x Week = effect of treatment by sampling week). </p><p id="p0030" num="0030">Figure 11 is a graph depicting weekly variations of overall fat yield in multiparous and primiparous lactating Holstein cows challenged with oral and nasal treatment of LPS-LTA (TRT;■) or saline (CTR; O) (LSM ± SEM; n = 29; Trt = effect of treatment; Week = effect of sampling week, Trt x Week = effect of treatment by sampling week). </p><p id="p0031" num="0031">Figure 12 is a graph depicting weekly variations of overall fat corrected milk in multiparous and primiparous lactating Holstein cows challenged with oral and nasal treatment of LPS-LTA (TRT;■) or saline (CTR; O) (LSM ± SEM; n = 29; </p><p id="p0032" num="0032">Trt = effect of treatment; Week = effect of sampling week, Trt x Week = effect of treatment by sampling week). </p><p id="p0033" num="0033">Figure 13 is a graph depicting weekly variations of overall feed intake in multiparous and primiparous lactating Holstein cows challenged with oral and nasal treatment of LPS-LTA (TRT;■) or saline (CTR; O) (LSM ± SEM; n = 30; Trt = effect of treatment; Week = effect of sampling week, Trt x Week = effect of treatment by sampling week). </p><p id="p0034" num="0034">Figure 14 is a graph depicting weekly variations of overall lactose content in multiparous and primiparous lactating Holstein cows challenged with oral and nasal treatment of LPS-LTA (TRT;■) or saline (CTR; O) (LSM ± SEM; n = 29; 
<!-- EPO <DP n="7"/>-->
 Trt = effect of treatment; Week = effect of sampling week, Trt x Week = effect of treatment by sampling week). </p><p id="p0035" num="0035">Figure 15 is a graph depicting weekly variations of overall lactose yield in multiparous and primiparous lactating Holstein cows challenged with oral and nasal treatment of LPS-LTA (TRT;■) or saline (CTR; O) (LSM ± SEM; n = 30; Trt = effect of treatment; Week = effect of sampling week, Trt x Week = effect of treatment by sampling week). </p><p id="p0036" num="0036">Figure 16 is a graph depicting weekly variations of overall milk fat efficiency in multiparous and primiparous lactating Holstein cows challenged with oral and nasal treatment of LPS-LTA (TRT;■) or saline (CTR; O) (LSM ± SEM; n = 30; Trt = effect of treatment; Week = effect of sampling week, Trt x Week = effect of treatment by sampling week). </p><p id="p0037" num="0037">Figure 17 is a graph depicting day-to-day variations of overall milk production in multiparous and primiparous lactating Holstein cows challenged with oral and nasal treatment of LPS-LTA (TRT;■) or saline (CTR; O) (LSM ± SEM; </p><p id="p0038" num="0038">n = 30; Trt = effect of treatment; Day = effect of sampling day, Trt x day = effect of treatment by sampling day). </p><p id="p0039" num="0039">Figure 18 is a graph depicting weekly variations of overall milk yield in multiparous and primiparous lactating Holstein cows challenged with oral and nasal treatment of LPS-LTA (TRT;■) or saline (CTR; O) (LSM ± SEM; n = 30; Trt = effect of treatment; Week = effect of sampling week, Trt x Week = effect of treatment by sampling week). </p><p id="p0040" num="0040">Figure 19 is a graph depicting weekly variations of overall milk urea nitrogen in multiparous and primiparous lactating Holstein cows challenged with oral and nasal treatment of LPS-LTA (TRT;■) or saline (CTR; O) (LSM ± SEM; n = 30; Trt = effect of treatment; Week = effect of sampling week, Trt x Week = effect of treatment by sampling week). 
<!-- EPO <DP n="8"/>-->
 Figure 20 is a graph depicting weekly variations of overall milk solid not fat in multiparous and primiparous lactating Holstein cows challenged with oral and nasal treatment of LPS-LTA (TRT;■) or saline (CTR; O) (LSM ± SEM; n = 30; </p><p id="p0041" num="0041">Trt = effect of treatment; Week = effect of sampling week, Trt x Week = effect of treatment by sampling week). </p><p id="p0042" num="0042">Figure 21 is a graph depicting weekly variations of overall milk protein content in multiparous and primiparous lactating Holstein cows challenged with oral and nasal treatment of LPS-LTA (TRT;■) or saline (CTR; O) (LSM ± SEM; n = 30; Trt = effect of treatment; Week = effect of sampling week, Trt x Week = effect of treatment by sampling week). </p><p id="p0043" num="0043">Figure 22 is a graph depicting weekly variations of overall milk protein yield in multiparous and primiparous lactating Holstein cows challenged with oral and nasal treatment of LPS-LTA (TRT;■) or saline (CTR; O) (LSM ± SEM; n = 30; </p><p id="p0044" num="0044">Trt = effect of treatment; Week = effect of sampling week, Trt x Week = effect of treatment by sampling week). </p><p id="p0045" num="0045">Figure 23 is a graph depicting weekly variations of overall total solid contents in multiparous and primiparous lactating Holstein cows challenged with oral and nasal treatment of LPS-LTA (TRT;■) or saline (CTR; O) (LSM ± SEM; n = 30; Trt = effect of treatment; Week = effect of sampling week, Trt x Week = effect of treatment by sampling week). </p><p id="p0046" num="0046">Figure 24 is a graph depicting the effect of measurement time on diurnal variations of rumen contractions per minute in multiparous and primiparous lactating Holstein cows challenged with oral and nasal treatment of LPS-LTA </p><p id="p0047" num="0047">(TRT;■) or saline (CTR; O) (LSM ± SEM; n = 10; Trt = effect of treatment; </p><p id="p0048" num="0048">Time = effect of time measured before and after treatment, Trt x time = effect of treatment by measurement time). </p><p id="p0049" num="0049">Figure 25 is a graph depicting diurnal variations of rumen contractions per minute in multiparous and primiparous lactating Holstein cows challenged with 
<!-- EPO <DP n="9"/>-->
 three different doses of oral and nasal treatment of LPS-LTA (TRT;■) or saline (CTR; O) (LSM ± SEM; n = 10; Trt = effect of treatment; Time = effect of time measured before and after treatment, Trt x time = effect of treatment by </p><p id="p0050" num="0050">measurement time). </p><p id="p0051" num="0051">Figure 26 is a graph depicting diurnal variations of rumen contractions per minute in multiparous and primiparous lactating Holstein cows challenged with first dose of oral and nasal treatment of LPS-LTA (TRT;■) or saline (CTR; O) (LSM ± SEM; n = 10; Trt = effect of treatment; Time = effect of time measured before and after treatment, Trt x time = effect of treatment by measurement time). </p><p id="p0052" num="0052">Figure 27 is a graph depicting diurnal variations of rumen contractions per minute in multiparous and primiparous lactating Holstein cows challenged with second dose of oral and nasal treatment of LPS-LTA (TRT;■) or saline (CTR; O) (LSM ± SEM; n = 10; Trt = effect of treatment; Time = effect of time measured before and after treatment, Trt x time = effect of treatment by measurement time). </p><p id="p0053" num="0053">Figure 28 is a graph depicting diurnal variations of rumen contractions per minute in multiparous and primiparous lactating Holstein cows challenged with third dose of oral and nasal treatment of LPS-LTA (TRT;■) or saline (CTR; O) (LSM ± SEM; n = 10; Trt = effect of treatment; Time = effect of time measured before and after treatment, Trt x time = effect of treatment by measurement time). </p><p id="p0054" num="0054">Figure 29 is a graph depicting the effect of measurement time on diurnal variations of rectal temperature in multiparous and primiparous lactating Holstein cows challenged with oral and nasal treatment of LPS-LTA (TRT;■) or saline (CTR; O) (LSM ± SEM; n = 10; Trt = effect of treatment; Time = effect of time measured before and after treatment, Trt x time = effect of treatment by </p><p id="p0055" num="0055">measurement time). </p><p id="p0056" num="0056">Figure 30 is a graph depicting diurnal variations of rectal temperature in multiparous and primiparous lactating Holstein cows challenged with three different doses of oral and nasal treatment of LPS-LTA (TRT;■) or saline (CTR; O) 
<!-- EPO <DP n="10"/>-->
 (LSM ± SEM; n = 10; Trt = effect of treatment; Time = effect of time measured before and after treatment, Trt x time = effect of treatment by measurement time). </p><p id="p0057" num="0057">Figure 31 is a graph depicting diurnal variations of rectal temperature in multiparous and primiparous lactating Holstein cows challenged with first dose of oral and nasal treatment of LPS-LTA (TRT;■) or saline (CTR; O) (LSM ± SEM; n = 10; Trt = effect of treatment; Time = effect of time measured before and after treatment, Trt x time = effect of treatment by measurement time). </p><p id="p0058" num="0058">Figure 32 is a graph depicting diurnal variations of rectal temperature in multiparous and primiparous lactating Holstein cows challenged with second dose of oral and nasal treatment of LPS-LTA (TRT;■) or saline (CTR; O) (LSM ± SEM; n = 10; Trt = effect of treatment; Time = effect of time measured before and after treatment, Trt x time = effect of treatment by measurement time). </p><p id="p0059" num="0059">Figure 33 is a graph depicting diurnal variations of rectal temperature in multiparous and primiparous lactating Holstein cows challenged with third dose of oral and nasal treatment of LPS-LTA (TRT;■) or saline (CTR; O) (LSM ± SEM; n = 10; Trt = effect of treatment; Time = effect of time measured before and after treatment, Trt x time = effect of treatment by measurement time). </p><p id="p0060" num="0060">Figure 34 is a graph depicting the effect of measurement time on diurnal variations of respiration rate per minute in multiparous and primiparous lactating Holstein cows challenged with oral and nasal treatment of LPS-LTA </p><p id="p0061" num="0061">(TRT;■) or saline (CTR; O) (LSM ± SEM; n = 10; Trt = effect of treatment; </p><p id="p0062" num="0062">Time = effect of time measured before and after treatment, Trt x time = effect of treatment by measurement time). </p><p id="p0063" num="0063">Figure 35 is a graph depicting diurnal variations of respiration rate per minute in multiparous and primiparous lactating Holstein cows challenged with three different doses of oral and nasal treatment of LPS-LTA (TRT;■) or saline (CTR; O) (LSM ± SEM; n = 10; Trt = effect of treatment; Time = effect of time measured before and after treatment, Trt x time = effect of treatment by measurement time). 
<!-- EPO <DP n="11"/>-->
 Figure 36 is a graph depicting diurnal variations of respiration rate per minute in multiparous and primiparous lactating Holstein cows challenged with first dose of oral and nasal treatment of LPS-LTA (TRT;■) or saline (CTR; O) </p><p id="p0064" num="0064">(LSM ± SEM; n = 10; Trt = effect of treatment; Time = effect of time measured before and after treatment, Trt x time = effect of treatment by measurement time). </p><p id="p0065" num="0065">Figure 37 is a graph depicting diurnal variations of respiration rate per minute in multiparous and primiparous lactating Holstein cows challenged with second dose of oral and nasal treatment of LPS-LTA (TRT;■) or saline (CTR; O) (LSM ± SEM; n = 10; Trt = effect of treatment; Time = effect of time measured before and after treatment, Trt x time = effect of treatment by measurement time). </p><p id="p0066" num="0066">Figure 38 is a graph depicting diurnal variations of respiration rate per minute in multiparous and primiparous lactating Holstein cows challenged with third dose of oral and nasal treatment of LPS-LTA (TRT;■) or saline (CTR; O) </p><p id="p0067" num="0067">(LSM ± SEM; n = 10; Trt = effect of treatment; Time = effect of time measured before and after treatment, Trt x time = effect of treatment by measurement time). </p><p id="p0068" num="0068">DETAILED DESCRIPTION </p><p id="p0069" num="0069">Metabolic disorders are a group of diseases that affect dairy cows immediately after parturition. There are several metabolic disorders identified in dairy cows during the first month after parturition, the most significant of which are the following:(1 ) sub-acute and acute ruminal acidosis; (2) laminitis; (3) ketosis, (4) fatty liver, (5) left displaced abomasum (LDA), (6) milk fever; (7) downer cow; (8) retained placenta; (9) metritis, (10) mastitis, (1 1 ) udder edema; and (12) bloat. Dairy farmers lose approximately $142/cow per year for treatment of metabolic disorder in addition to milk loss in the first 30 days of lactation. More than half of dairy cows are affected by at least one metabolic disorder. This makes metabolic disorders of great economic importance. </p><p id="p0070" num="0070">The reason that these diseases are called metabolic disorders is related to the fact that they are associated with the disturbance of one or more blood 
<!-- EPO <DP n="12"/>-->
 metabolites in sick cows. For example, ketosis is associated with enhanced ketone bodies in the blood; fatty liver is associated with enhanced nonesterified fatty acids (NEFA) in the blood and their accumulation in the liver; acidosis is associated with increased production of volatile fatty acid (i.e., acetate, propionate, and butyrate) and organic acids (e.g., lactic acid) in the rumen and low rumen and blood pH; and milk fever is associated with decreased blood calcium. There is not yet a blood metabolite identified for some of the metabolic disorders such as downer cow, LDA, metritis, mastitis, or bloat. However, these diseases are associated with alteration of multiple blood metabolites. The most interesting observation with regards to the occurrence of metabolic disorders is that they are highly associated with each other. For example, cows affected by milk fever are more prone to mastitis, retained placenta, metritis, LDA, dystocia, udder edema, and ketosis; cows affected by acidosis are more prone to laminitis, LDA, milk fever, mastitis, and fatty liver. Those affected by retained placenta are more prone to metritis, LDA, and ketosis. Ketosis and fatty liver are common findings in cows affected by milk fever, mastitis, laminitis, displaced abomasum, metritis, retained placenta and udder edema. Although these </p><p id="p0071" num="0071">associations have been known for years by animal scientists, the reason behind this association is not very well understood. One speculation is that there might be a common etiological factor that initiates the cascade of metabolic disorders. </p><p id="p0072" num="0072">Therefore, scientists are searching to identify such a common causal agent of metabolic disorders; however, no such an agent has been identified so far. </p><p id="p0073" num="0073">Modern dairy cows have been selected by continuous genetic improvement and rigorous selection to achieve high milk production. Since high milk production cannot be maintained by forage alone grain-based diets which are very rich in energy are fed to the cows. The ruminal digestive system is not developed to digest high amounts of grain and feeding grains which are rich in starch is associated with a decline in ruminal and colonic pH, change in osmotic pressure and shift in bacterial populations from cellulolytic to amylolytic bacteria. Most of the known starch digesters are Gram-negative bacteria and this shift in population is associated with a 
<!-- EPO <DP n="13"/>-->
 20-fold increase in the amount of endotoxin in the ruminal fluid. Several epidemiological studies have shown that endotoxin from rumen Gram-negative bacteria has been implicated in diseases that are related to feeding high concentrate diets such as sudden death syndrome, ruminal acidosis, fatty liver, left displaced abomasum and laminitis. Ruminal epithelium lacks in mucus secretion and exposure to acidotic environment leads to inflammation and tissue degeneration. The acidotic environment, change in osmotic pressure and endotoxin may affect the permeability of the rumen and colon resulting in translocation of endotoxin in the circulation. </p><p id="p0074" num="0074">Although the presence of endotoxin in the ruminal fluid has been documented, prior to the present invention there has been no convincing evidence of translocation into the circulation. </p><p id="p0075" num="0075">The main objective of this investigation was to apply repeated oral administration of lipopolysaccharide (LPS) a cell wall component of Gram-negative (GN) bacteria and lipoteichoic acid (LTA) a cell wall component of Gram-positive (GP) bacteria around parturition to prevent metabolic disturbances induced by those compounds and development of inflammatory states related to both GN and GP bacteria as well as improve general health, and productivity of dairy cows. </p><p id="p0076" num="0076">Pregnant Holstein dairy cows were blocked by parity and the anticipated day of calving, and were randomly allocated to 2 groups, 28 d before the expected day of parturition. Cows were orally administered saline solution (Control group), or saline solution containing 3 increasing doses of LPS (Treatment group) form Escherichia coli 01 11 :B4 along with a LTA from Bacillus subtilis with the same dose pre-partum. The dose of LTA was determined from a preliminary dosage study. Blood, urine, saliva, and vaginal mucus samples were collected 4 weeks before and 4 weeks after calving, whereas milk samples were collected starting from calving until 4 weeks after calving for all cows in the experiment to be analyzed for different variables. Cows were observed daily for presence of clinical disease during the 4 weeks before and 4 weeks after calving and rectal temperatures were taken during 3 weeks before and 2 weeks after calving. Blood samples were also obtained from the newborns during the 4 weeks after birth in order to measure the immunity 
<!-- EPO <DP n="14"/>-->
 transmitted to the newborn calves from the dam. Calves were also observed for incidence of diarrhea until 4 weeks after birth. </p><p id="p0077" num="0077">To investigate the diurnal blood and health responses in treated cows, blood and health records were taken at -15 min before as well as 1 , 3 and 5 h after application of the oral vaccine. Results of this study demonstrated that oral </p><p id="p0078" num="0078">administration of LPS and LTA was associated with lower incidence of metritis, laminitis, retained placenta, and improved uterine horn fluctuation in the treated cows. Furthermore, the severity of laminitis was lowered in treated multiparous cows, where it tended to be lower in the treatment group. Moreover, treated cows tended to require lower overall number of medications as well as have lower number of days with more than one disease versus control cows. Blood data showed lower plasma lactate in treated cows and a tendency for higher plasma cholesterol, which is an indication of better energy status in those cows. </p><p id="p0079" num="0079">Treatment did not influence plasma BHBA, NEFA, and glucose. </p><p id="p0080" num="0080">Interestingly, data indicated that the oral vaccination of cows with LPS and LTA increased their milk energy efficiency, which was associated with a trend for greater feed intake in that group. Furthermore, the analysis of milk data demonstrated a higher fat to protein ratio, as well as greater milk fat efficiency for the treated cows. No effect of treatment was observed on other milk components as well as on the overall milk production. Calf data indicated a tendency for lower calf diarrhoea score in the treatment group for both multiparous and primiparous cows compared to controls. </p><p id="p0081" num="0081">Overall, administration of oral LPS and LTA improved metabolic and productive performance as well as general health status of the treated cows suggesting application of this novel vaccine during the transition period is a very promising intervention to improve general health, productivity, and wellbeing of dairy cows and the newborns. 
<!-- EPO <DP n="15"/>-->
 Endotoxin </p><p id="p0082" num="0082">Any bacterial endotoxin may be used in the practice of the invention. Endotoxins are cell-associated bacterial toxins. They generally compose part of the outer membrane of the cell wall of Gram-negative bacteria, whether pathogenic or not, such as Escherichia coli, Salmonella, Shigella, Pseudomonas, Neisseria, or Haemophilus. Many endotoxins are lipopolysaccharides (LPS), comprising a lipid component and a polysaccharide component. Toxicity of the endotoxin is associated with the lipid component (lipid A) and immunogenicity is associated with the polysaccharide component. Both lipid A and the polysaccharide components of LPS act as determinants of virulence in Gram-negative bacteria. </p><p id="p0083" num="0083">The structure of the lipid A component is highly conserved amongst Gram-negative bacteria. The polysaccharide component contains two regions. The first is known as the core (R) antigen or (R) polysaccharide. The core polysaccharide remains relatively constant within a bacterial genus but is structurally distinct amongst genera of bacteria. The second polysaccharide region is the somatic (O) antigen or (O) polysaccharide. The (O) polysaccharide varies substantially between species and even amongst strains of Gram-negative bacteria. </p><p id="p0084" num="0084">Endotoxins of the invention may be used in purified or unpurified form. For example, in certain applications, it may be sufficient to provide the endotoxin in the form of killed bacteria, such as lysed bacteria or even as live bacteria. In other applications, purified endotoxins (for instance in crystalline form) may be used and are available from commercial sources such as Sigma-Aldrich. Synthetic endotoxins, such as synthetic LPS or LPS analogs may be used in practice of the invention. </p><p id="p0085" num="0085">Truncated endotoxins, or portions or fractions of endotoxins comprising only the lipid A or core polysaccharide or (O) polysaccharide of LPS may be used as may be chimeric endotoxins comprising an altered or heterologous lipid A or polysaccharide components. 
<!-- EPO <DP n="16"/>-->
 Lipoteichoic Acid </p><p id="p0086" num="0086">Any lipoteichoic acid may be used in the practice of the invention. </p><p id="p0087" num="0087">Lipoteichoic acids are a major constituent of the cell wall of Gram-positive bacteria such as Bacillus subtilis. Lipoteichoic acids consist of teichoic acids, long-chain ribitol phosphate and glyceride lipid membrane anchor. One function of lipoteichoic acids is as regulators of autolytic cell wall enzymes called muramidases. Lipoteichoic acids also have potent antigenic properties and can stimulate an immune response when released from bacterial cells, for instance, after bacteriolysis induced by lysozyme, cationic peptides from leucocytes, or beta-lactam antibiotics. </p><p id="p0088" num="0088">Lipoteichoic acids of the invention may be used in purified or unpurified form. For example, in certain applications, it may be sufficient to provide the lipoteichoic acid in the form of killed bacteria, such as lysed bacteria or even as live bacteria. In other applications, purified lipoteichoic acids (for instance in crystalline form) may be used and are available from commercial sources such as Sigma- Aldrich. Synthetic lipoteichoic acid, such as synthetic LTA or LTA analogs may be used in practice of the invention. Truncated lipoteichoic acids, or portions or fractions of lipoteichoic acids may be used as may be chimeric lipoteichoic acids comprising an altered or heterologous teichoic acids, ribitol phosphate chains glyceride </p><p id="p0089" num="0089">components. Combinations and Compositions </p><p id="p0090" num="0090">The endotoxin and lipoteichoic acid may be administered to a subject in the form of, without limitation, a combination comprising a bacterial endotoxin and a lipoteichoic acid, said combination being for separate, simultaneous or sequential administration. The combinations may comprise one or more pharmaceutical compositions. Pharmaceutical compositions may be for mucosal, oral, nasal, rectal, intravaginal or other modes of administration. The composition comprises the endotoxin and/or the lipoteichoic acid in combination with one or more physiologically acceptable ingredients, such as carriers, excipients and/or diluents. Compositions and formulations for oral administration are particularly preferred. 
<!-- EPO <DP n="17"/>-->
 Pharmaceutical compositions may be prepared, for example, in unit dose forms, such as tablets, sachets, capsules, dragees, suppositories or ampoules. They may be prepared in a conventional manner, for example by means of conventional mixing, granulating, confectioning, dissolving or lyophilising processes. Preferred are pharmaceutical compositions formulated for administration to the gastrointestinal tract, such as by oral or rectal administration. Oral administration is particularly preferred as a convenient and economical mode of administration. Pharmaceutical compositions of the present invention in the form of dosage units for oral administration may take the form of, for example, granules, tablets, capsules, liquids or dragees prepared together with physiologically acceptable carriers, excipients and/or diluents. Pharmaceutical compositions of the present invention may be applied to or incorporated into, for example, animal feed, fodder, silage, foodstuffs and drinking water. </p><p id="p0091" num="0091">Typical physiologically acceptable ingredients include: (a) binding agents such as starch (e.g. pregelatinised maize starch, wheat starch paste, rice starch paste, potato starch paste), polyvinylpyrrolidone, </p><p id="p0092" num="0092">hydroxypropyl methylcellulose, gum tragacanth and/or gelatin; </p><p id="p0093" num="0093">(b) fillers such as sugars (e.g. lactose, saccharose, mannitol, sorbitol), amylopectin, cellulose preparations (e.g. microcrystalline cellulose), calcium phosphates (e.g. tricalcium phosphate, calcium hydrogen phosphatelactose) and/or titanium dioxide; </p><p id="p0094" num="0094">(c) lubricants such as stearic acid, calcium stearate, magnesium stearate, talc, silica, silicic acid, polyethylene glycol and/or waxes; </p><p id="p0095" num="0095">(d) disintegrants such as the above-mentioned starches, carboxymethyl starch, cross-linked polyvinylpyrrolidone, agar, alginic acid or a salt thereof (e.g. sodium alginate) and/or sodium starch glycollate; 
<!-- EPO <DP n="18"/>-->
 (e) wetting agents such as sodium lauryl sulphate; and/or, </p><p id="p0096" num="0096">(f) stabilizers. </p><p id="p0097" num="0097">Soft gelatin capsules may be prepared with capsules containing a mixture of the bacterial endotoxin and/or lipoteichoic acid together with paraffin oil, liquid polyethylene glycols, vegetable oil, fat and/or another suitable vehicle for soft gelatin capsules. Plasticizers such as glycerol or sorbitol may also be used. Hard gelatin capsules may contain granules of the composition. Hard gelatin capsules may also contain the endotoxin and/or lipoteichoic acid in combination with solid powdered ingredients such as those listed above. Liquid formulations for oral administration may be prepared in the form of solutions, syrups or suspensions. Liquid formulations typically comprise the bacterial endotoxin and/or the lipoteichoic acid together with an excipient such as sugar or sugar alcohols, and a carrier such as ethanol, water, glycerol, propylene glycol, polyethylene glycol, almond oil, oily esters or mixtures thereof. If desired, such liquid formulations may also contain coloring agents, flavoring agents, saccharine, thickening agents (e.g. carboxymethyl cellulose), suspending agents (e.g. sorbitol syrup, methyl cellulose, hydrogenated edible fats), emulsifying agents (e.g. lecithin, acacia), and/or preservatives (e.g. methyl p-hydroxybenzoates, propyl p-hydroxybenzoates, sorbic acid). Liquid formulations for oral administration may also be prepared in the form of a dry powder to be reconstituted with water or another suitable vehicle prior to use. </p><p id="p0098" num="0098">The invention also provides kits or commercial packages comprising a composition as described above together with printed matter comprising instructions for using the composition for treating or preventing a metabolic disorder, for treating or preventing bacterial infection or for improving milk energy efficiency in a subject. </p><p id="p0099" num="0099">The pharmaceutical composition will generally contain a therapeutically effective amount of the bacterial endotoxin and/or the lipoteichoic acid, i.e. an amount that is effective, at dosages and for periods of time necessary, to achieve a desired 
<!-- EPO <DP n="19"/>-->
 prophylactic or therapeutic result, such as a reduction, inhibition, or prevention of disease onset or progression. A therapeutically effective amount may vary according to factors such as the disease state, age, sex, and weight of the individual, and the ability of the compound to elicit a desired response in the individual. Dosage regimens may be adjusted to provide the optimum therapeutic response. A </p><p id="p0100" num="0100">therapeutically effective amount is also one in which any toxic or detrimental effects of the compound are outweighed by the therapeutically beneficial effects. </p><p id="p0101" num="0101">For any particular subject, specific dosage regimens may be adjusted over time according to the individual need and the professional judgement of the person administering or supervising the administration of the compositions. </p><p id="p0102" num="0102">In some embodiments wherein the subject is a pregnant animal such as a dairy cow, the composition is administered to the subject from a time no more than four weeks prior to parturition to a time no more than four weeks after parturition. During this period the composition may preferably be administered about two times per week. The composition may be administered in a dose of from 0.01 to 1 μg endotoxin/kg body weight of the subject, more preferably from 0.01 to 0.05 μg endotoxin/kg body weight of the subject, even more preferably at a dose of about 0.01 , about 0.05 or about 0.1 μg endotoxin/kg body weight of the subject. </p><p id="p0103" num="0103">In other embodiments, the composition may be administered in a dose comprising from 0.1 to 1000 μg lipoteichoic acid, more preferably from 1 to 500 μg lipoteichoic acid, more preferably from 100 to 250 μg lipoteichoic acid, and even more preferably about 100, about 120 or about 250 μg lipoteichoic acid. </p><p id="p0104" num="0104">Subjects </p><p id="p0105" num="0105">Compositions of the invention may be used in prevention of metabolic disorders in a wide range of subjects including mammals and birds, including, without limitation: humans; livestock such as cattle, horses, goats, sheep, and pigs; </p><p id="p0106" num="0106">companion animals such as dogs and cats; and domesticated fowl such as chickens, ducks and geese. 
<!-- EPO <DP n="20"/>-->
 ln one embodiment, the subject is a ruminant mammal, such as, without limitation, a cow, goat, sheep, llama, bison or deer. In an embodiment, the subject is a pregnant or has recently given birth, such as a ruminant mammal within about 4 weeks before or after parturition. Disorders </p><p id="p0107" num="0107">The compositions of the invention are useful for treating or preventing metabolic disorders and bacterial infections. As used herein, "treating or preventing" is intended to encompass curing as well as ameliorating at least one symptom of the metabolic disorder or bacterial infection, as well as obtaining beneficial or desired results including and preferably clinical results, delaying the development or progression of or decreasing symptoms of a metabolic disorder or bacterial infection, increasing the quality of life of those suffering from the metabolic disorder or bacterial infection, decreasing the dose of other medications required to treat the metabolic disorder or bacterial infection, prolonging survival of a subject suffering from the metabolic disorder or bacterial infection, causing the clinical symptoms of the metabolic disorder or bacterial infection not to develop by administration of a protective composition prior to the induction of clinical symptoms, and/or preventing recurrence of the metabolic disorder or bacterial infection. </p><p id="p0108" num="0108">A metabolic disorder may be caused by or associated with parturition in the subject and/or the feeding of a diet containing an elevated proportion of grain- based feed or easily digestible carbohydrates. The metabolic disorder may be associated with or caused by increased permeability of the colon or rumen, particularly increased permeability that permits bacterial endotoxins or lipoteichoic acids to escape the rumen or colon and infiltrate the bloodstream. Metabolic disorders that may be treated or prevented in animals, particularly ruminant mammals include without limitation ruminal acidosis, laminitis, ketosis, fatty liver, left displaced abomasum, milk fever, downer cow, retained placenta, metritis, mastitis, udder edema or bloat. Metabolic disorders that may be treated or prevented in humans include, without limitation abdominal obesity, impaired glucose regulation, raised 
<!-- EPO <DP n="21"/>-->
 triglycerides, decreased high-density lipoprotein cholesterol, elevated blood pressure, hyperinsulinemia with underlying insulin resistance, atherosclerosis, cardiovascular disease or rheumatic inflammatory disease. </p><p id="p0109" num="0109">Bacterial infections that may be treated or prevented include, without limitation, bacterial infections caused by endotoxin-producing Gram-negative bacteria, including, without limitation Escherichia coli, Salmonella, Shigella, </p><p id="p0110" num="0110">Pseudomonas, Neisseria, or Haemophilus or by lipoteichoic acid-producing Gram- positive bacteria, inlcuding, without limitation Bacillus subtilis, Staphylococcus, Streptococcus, or Enterococcus. Improving Milk Energy Efficiency </p><p id="p0111" num="0111">The compositions of the invention are also useful for improving milk energy efficiency in a subject. In one embodiment, improvement of milk energy efficiency comprises increased fat to protein ratio. In other embodiments, </p><p id="p0112" num="0112">improvement of milk energy efficiency comprises increased milk fat efficiency. As used herein, "milk energy efficiency" (MEE) is intended to encompass the amount of milk fat in grams per kilogram of dry matter intake, and may be calculated with the following formula: </p><p id="p0113" num="0113">MEE (Mcal/kg milk) = 0.0929 <sup>*</sup> % fat + 0.0547 <sup>*</sup> % Crude Protein + 0.0359 <sup>*</sup> % lactose. The invention is further illustrated by the following non-limiting </p><p id="p0114" num="0114">examples. </p><p id="p0115" num="0115">EXAMPLE 1 </p><p id="p0116" num="0116">In an experiment conducted at Dairy Research and Technology Centre (DRTC; University of Alberta), thirty primiparous and multiparous Holstein dairy cows were selected for this experiment from the Dairy Research and Technology Centre (DRTC), University of Alberta. 
<!-- EPO <DP n="22"/>-->
 Materials And Methods </p><p id="p0117" num="0117">Half of the cows were treated orally with lipopolysaccharide (LPS) from Escherichia coli 01 1 1 :B4 and lipoteichoic acid (LTA) from Bacillus subtilis to prevent development of periparturient diseases related to LPS and LTA. At approximately 28 d before the expected day of calving thirty pregnant primiparous and multiiparous cows were equally assigned into two groups (n = 15 per each group) including subgroups of n = 10 cows and n = 5 heifers for post vaccination sampling. Based on their parity, body condition score, and milk production from previous year cows were assigned to one of the two groups. </p><p id="p0118" num="0118">Cows n = 15 per each group) were orally administered either 2 mL of saline solution (Control group), or 2 mL of saline solution containing LPS from E. coli strain 01 1 1 :B4 at three increasing concentrations as follows: 1 ) 0.01 \ig/kg BW on d -28 and -24, 2) 0.05 g/kg BW on d -21 and -18, and 0.1 g/kg BW on d -14 along with a flat dose of LTA from Bacillus subtilis (i.e. 120 μg/animal) twice per week for 3 consecutive weeks starting from 4 wk pre-partum (Treatment group). The initial crystalline Escherichia coli LPS (Lipopolysaccharide-FITC from E.coli strain 01 1 1 :B4 purchased from Sigma-Aldrich Canada Ltd.) containing 10 mg of purified LPS was dissolved in 10 mL of distilled water as suggested by the manufacturer and stored a refrigerator at +4°C. For administration to the animal the daily dose was dissolved in 2 mL of saline and then introduced into the oral cavity of the cows using 5 mL disposable syringes. Similarly, the same amount of carrier (i.e., 2 mL saline) was orally sprayed to all cows in the control group. </p><p id="p0119" num="0119">All experimental procedures were approved by the University of Alberta Animal Care and Use Committee for Livestock, and animals were cared for in accordance with the guidelines of the Canadian Council on Animal Care (1993). Veterinary supervision was provided to the animals throughout the experiment. 
<!-- EPO <DP n="23"/>-->
 Sampling And Analyses </p><p id="p0120" num="0120">Blood, saliva, vaginal mucus, and milk samples were collected twice per week on day 1 and 3 of wk -4, -3, and -2 before the expected day of calving. All samples were collected before the administration of vaccine. Blood samples from both the daily and post vaccination sampling were analyzed for the following metabolites: beta-hydroxybutiric acid (BHBA; Wako Chemicals, Inc., Richmond, VA, USA), cholesterol (Diagnostics Chemicals Ltd., Charlottetown, PE, Canada), Cortisol (Diagnostic Chemicals Ltd., Charlottetown, PE, Canada), glucose (Diagnostic </p><p id="p0121" num="0121">Chemicals Ltd., Charlottetown, PE, Canada), non-esterified fatty acids (NEFA; Wako Chemicals, USA, Inc., Richmond, VA), and insulin (Mercodia Inc., Winston Salemm, NC, USA). Additionally, acute phase proteins (APP) including haptoglobin (Hp; </p><p id="p0122" num="0122">Tridelta Diagnostics Ltd, Morris Plains, NJ, USA; finished) were analyzed, whereas two more APP including C-reactive protein (ALPCO Diagnostics Ltd., Morris Plains, NJ, USA), and lipopolysaccharide-binding protein (HBT, Canton, MA, USA) will be analyzed in the near future. Plasma is analyzed for anti-LPS antibodies including immunoglobulin A (IgA), IgG, and IgM (HBT Endocab test kit HK504, Canton, MA, USA). Plasma and milk samples are tested for content of endotoxin by the </p><p id="p0123" num="0123">chromogenic LAL test (CapeCode Inc., MA, USA) and for LTA. Milk samples were also analyzed for fat, protein, lactose, somatic cell counts (SCC), and milk urea nitrogen (MUN) at CanWest, Dairy Herd Improvement laboratory (DHI), Edmonton, Alberta, Canada. </p><p id="p0124" num="0124">All treated cows were observed clinically for up to 6 h after vaccination by measuring their rectal temperature, rumen contraction rate, and respiration rate. A dose study was conducted to determine the dose of LPS to be used for oral treatment without causing clinical symptoms to the animals. Blood samples from dose study were collected several hours after oral treatment with LTA. Those samples were also analyzed for various plasma metabolites. Disease incidence, dry matter intake (DMI), body condition score (BCS), manure score, and milk production records were collected for all dairy cows during 4 wk before and 4 wk after parturition. 
<!-- EPO <DP n="24"/>-->
 Reproduction records were followed until conception or until a cull decision was taken. </p><p id="p0125" num="0125">Statistics </p><p id="p0126" num="0126">Data were analyzed using the MIXED procedure of SAS (SAS Institute Inc., Cary, NC, USA Version 9.1 .3) as describe by the following model: </p><p id="p0127" num="0127">YijkF m + tj + Wj + tWy + e kl where Y ki is the observations for the dependent variables, m represent the population mean, f, is the fixed effect of treatment, Wj is the fixed effect of week, twy is the interaction between treatment and week, and ey<sub>k</sub>i is the residual error assumed to be normally distributed. The PDIFF option of SAS was used to compare the LSM. Measurements on the same animal were considered as repeated measures. The covariance structure of the repeated measurements for each variable was modeled separately according to the lowest values of fit statistics based on the BIC (Bayesian information criteria). The significance limit was declared at P &lt; 0.05. EXAMPLE 2 </p><p id="p0128" num="0128">The main objective of this investigation was to apply repeated oral administration of lipopolysaccharide (LPS) a cell wall component of Gram-negative (GN) bacteria and lipoteichoic acid (LTA) a cell wall component of Gram-positive (GP) bacteria around parturition to prevent metabolic disturbances induced by those compounds and development of inflammatory states related to both GN and GP bacteria as well as improve general health, and productivity of dairy cows. </p><p id="p0129" num="0129">Thirty pregnant Holstein dairy cows were blocked by parity and the anticipated day of calving, and were randomly allocated to 2 groups (n = 15 cows per group), 28 d before the expected day of parturition. Cows were orally administered 2 mL of saline solution (Control group), or 2 mL of saline solution containing </p><p id="p0130" num="0130"> 3 increasing doses of LPS (Treatment group) form Escherichia coli 01 1 1 :B4 as follows: 1 ) 0.01 g/kg BW on d -28 and -24, 2) 0.05 g/kg BW on d -21 and -18, and 
<!-- EPO <DP n="25"/>-->
 0.1 [ig/kg BW on d -14 along with a LTA from Bacillus subtilis with the same dose (i.e. 120 μg/cow) pre-partum. The dose of LTA was determined from a preliminary dosage study (see Example 3). Blood, urine, saliva, and vaginal mucus samples were collected 4 weeks before and 4 weeks after calving, whereas milk samples were collected starting from calving until 4 weeks after calving for all cows in the </p><p id="p0131" num="0131">experiment to be analyzed for different variables. </p><p id="p0132" num="0132">Cows were observed daily for presence of clinical disease during the 4 weeks before and 4 weeks after calving and rectal temperatures were taken during 3 weeks before and 2 weeks after calving. Blood samples were also obtained from the newborns during the 4 weeks after birth in order to measure the immunity transmitted to the newborn calves from the dam. Calves were also observed for incidence of diarrhea until 4 weeks after birth. To investigate the diurnal blood and health responses in treated cows, blood and health records were taken at -15 min before as well as 1 , 3 and 5 h after application of the oral vaccine. Blood Metabolites Results </p><p id="p0133" num="0133">A indicated in Figure 3, blood data showed lower plasma lactate in multiparous and primiparous Holstein cows challenged with oral and nasal treatment of LPS-LTA, as well as a tendency for higher plasma cholesterol (Figure 4), which is an indication of better energy status in those cows. Treatment did not influence plasma BHBA, NEFA, or glucose (see Figures 1 , 2 and 5). </p><p id="p0134" num="0134">Milk Composition Results </p><p id="p0135" num="0135">Interestingly, data indicated that the oral vaccination of cows with LPS and LTA increased their milk energy efficiency (see Figures 7 and 8), which was associated with a trend for greater feed intake in that group (see Figure 13). Furthermore, the analysis of milk data demonstrated a higher fat to protein ratio (see Figures 9 and 10), as well as greater milk fat efficiency for the treated cows (see Figures 1 1 and 12). 
<!-- EPO <DP n="26"/>-->
 No effect of treatment was observed on other milk components as well as on the overall milk production (see Figures 14-23). Calf data indicated a tendency for lower calf diarrhoea score in the treatment group for both multiparous and primiparous cows compared to controls. Clinical Results </p><p id="p0136" num="0136">Results of this study demonstrated that oral administration of LPS and LTA was associated with lower incidence of metritis, laminitis, retained placenta, and improved uterine horn fluctuation in the treated cows (see Figures 24-38). </p><p id="p0137" num="0137">Furthermore, the severity of laminitis was lowered in treated multiparous cows, where it tended to be lower in the treatment group. Moreover, treated cows tended to require lower overall number of medications as well as have lower number of days with more than one disease versus control cows. </p><p id="p0138" num="0138">EXAMPLE 3 </p><p id="p0139" num="0139">Preliminary LTA dosage study </p><p id="p0140" num="0140">This study aimed at establishing metabolic and clinical responses to increasing oral doses of LTA and the oral dose that will initiate clinical symptoms in dairy cows. Seven late lactating Holstein dairy cows of an average BW of 800 ± 30 kg were randomly allocated to an oral administration of 2 mL saline solution </p><p id="p0141" num="0141">containing one of the following LTA doses 20, 40, 70, 100, 120, 150, and 200 \ig to each cow, respectively. Blood samples were collected from the tail vein at -15 min, 1 , 3, and 5 h, whereas clinical responses were observed at -15 min, 1 , 2, 3, 4, 5, and 6 h after the oral administration of each dose of LTA. </p><p id="p0142" num="0142">Blood data demonstrated that oral administration of LTA increased concentration of glucose in the plasma with the highest doses (150 and 200 μg) having the highest plasma glucose (PO.01 ). Furthermore, plasma glucose linearly increased with time after oral administration of LTA (P&lt;0.01 ). Interestingly, cows also showed greater concentrations of plasma cholesterol at the highest doses of 150 and 
<!-- EPO <DP n="27"/>-->
 200 μ9 (P&lt;0.01 ). Also, concentrations of non-esterified fatty acid in the plasma were found higher at 150 and 200 μ9 doses (P &lt; 0.01 ). No effect of any of the doses of LTA used was observed on the concentration of beta-hydroxybutyric acid in the plasma (P&gt;0.05). On the other hand, clinical data indicated that oral LTA influenced rectal temperatures and respiration rates, although the variations were within the normal ranges (PO.01 and PO.01 , respectively). </p><p id="p0143" num="0143">Interestingly, the highest doses of LTA (150 and 200 μg) lowered rumen contractions (P&lt;0.01 ), whereas all other doses did not have an effect on this variable. Overall, oral administration of increasing doses of LTA modulated plasma patterns of selected metabolites and clinical responses of late lactating dairy cows. It was also determined that the clinical safe dose of oral LTA to be used in future experiments was 120 μg dose. </p><p id="p0144" num="0144">All publications and patent applications cited in this specification are herein incorporated by reference as if each individual publication or patent application were specifically and individually indicated to be incorporated by reference. The citation of any publication is for its disclosure prior to the filing date and should not be construed as an admission that the present invention is not entitled to antedate such publication by virtue of prior invention. </p><p id="p0145" num="0145">Unless defined otherwise, all technical and scientific terms used herein have the same meaning as commonly understood to one of ordinary skill in the art to which this invention belongs. As used in this specification and the appended claims, the singular forms "a", "an", and "the" include plural reference unless the context clearly dictates otherwise. </p><p id="p0146" num="0146">Although the foregoing invention has been described in some detail by way of illustration and example for purposes of clarity of understanding, it is readily apparent to those of ordinary skill in the art in light of the teachings of this invention that certain changes and modifications may be made thereto without departing from the spirit or scope of the appended claims. 
</p></description><claims mxw-id="PCLM44852893" ref-ucid="WO-2012116447-A1" lang="EN" load-source="patent-office"><claim-statement><!-- EPO <DP n="28"/>--> CLAIMS: </claim-statement><claim id="clm-0001" num="1"><claim-text>1 . A combination comprising a bacterial endotoxin and a lipoteichoic acid, said combination being for separate, simultaneous or sequential administration to a subject for treating or preventing a metabolic disorder, for treating or preventing bacterial infection or for improving milk energy efficiency in said subject. </claim-text></claim><claim id="clm-0002" num="2"><claim-text>2. The combination according to claim 1 , wherein said endotoxin is a lipopolysaccharide. </claim-text></claim><claim id="clm-0003" num="3"><claim-text>3. The combination according to claim 1 or 2, wherein said bacterial endotoxin is derived from a gram-negative bacterium. </claim-text></claim><claim id="clm-0004" num="4"><claim-text>4. The combination according to claim 3, wherein said gram-negative bacterium is Escherichia coli. </claim-text></claim><claim id="clm-0005" num="5"><claim-text>5. The combination according to any one of claims 1 to 4, wherein said endotoxin is a naturally-occurring, semi-synthetic or synthetic endotoxin and wherein said lipoteichoic acid is a naturally-occurring, semi-synthetic or synthetic lipoteichoic acid. </claim-text></claim><claim id="clm-0006" num="6"><claim-text>6. The combination according to any one of claims 1 to 5, wherein said lipoteichoic acid is derived from a gram-positive bacterium. </claim-text></claim><claim id="clm-0007" num="7"><claim-text>7. The combination according to claim 6, wherein said gram-positive bacterium is Bacillus subtilis. </claim-text></claim><claim id="clm-0008" num="8"><claim-text>8. The combination according to any one of claims 1 to 7, said </claim-text><claim-text>combination being formulated for administration to the mucosal tissues (including gastrointestinal tract). </claim-text></claim><claim id="clm-0009" num="9"><claim-text>9. The combination according to any one of claims 1 to 8, said </claim-text><claim-text>combination being formulated for oral or nasal administration. <!-- EPO <DP n="29"/>--> </claim-text></claim><claim id="clm-0010" num="10"><claim-text>10. The combination according to claim 9, said combination being formulated as a tablet, capsule or liquid formulation. </claim-text></claim><claim id="clm-0011" num="11"><claim-text>1 1 . A method for treating or preventing a metabolic disorder, for treating or preventing bacterial infection or for improving milk energy efficiency in a subject, said method comprising administering to said subject a bacterial endotoxin and a lipoteichoic acid, separately, simultaneously or sequentially. </claim-text></claim><claim id="clm-0012" num="12"><claim-text>12. The method according to claim 11 , wherein said metabolic disorder is associated with parturition. </claim-text></claim><claim id="clm-0013" num="13"><claim-text>13. The method according to claim 1 1 or 12, wherein said metabolic disorder is metritis, laminitis, retained placenta or impaired uterine horn fluctuation. </claim-text></claim><claim id="clm-0014" num="14"><claim-text>14. The method according to claim 11 , wherein said milk energy efficiency comprises increased fat to protein ratio or increased milk fat efficiency. </claim-text></claim><claim id="clm-0015" num="15"><claim-text>15. The method according to any one of claims 1 1 to 14, comprising administering said combination to said subject from a time no more than four weeks prior to parturition to a time no more than four weeks after parturition. </claim-text></claim><claim id="clm-0016" num="16"><claim-text>16. The method according to any one of claims 1 1 to 15, comprising administering said combination in an endotoxin dose of from 0.001 to 1 μg endotoxin/kg body weight of said subject. </claim-text></claim><claim id="clm-0017" num="17"><claim-text>17. The method according to claim 16, wherein said endotoxin dose comprises about 0.01 , about 0.05 or about 0.1 μg endotoxin/kg body weight of said subject. </claim-text></claim><claim id="clm-0018" num="18"><claim-text>18. The method according to any one of claims 1 1 to 17, comprising administering said combination in a lipoteichoic acid dose of from 0.1 to 1000 μg lipoteichoic acid. <!-- EPO <DP n="30"/>--> </claim-text></claim><claim id="clm-0019" num="19"><claim-text>19. The method according to claim 18, wherein said lipoteichoic acid dose comprises about 100, about 120 or about 250 μg lipoteichoic acid. </claim-text></claim><claim id="clm-0020" num="20"><claim-text>20. The method according to any one of claims 1 1 to 19, wherein said subject is a dairy cow. </claim-text></claim></claims><copyright>User acknowledges that Fairview Research LLC and its third party providers retain all right, title and interest in and to this xml under applicable copyright laws.  User acquires no ownership rights to this xml including but not limited to its format.  User hereby accepts the terms and conditions of the Licence Agreement</copyright></patent-document>
